id,u,v,x,y,z
0,-0.07739833678861,0.077984107383738,-10.282906831933,0.062520202861361,0
1,-0.060668951962785,0.17468807875717,-10.281360408514,0.18755252698988,0
2,-0.040656659331244,0.25420057056408,-10.278428601485,0.31256060937292,0
3,-0.021752912484098,0.31594110467507,-10.274111787829,0.43752829324441,0
808,-0.004922586358128,0.35858340501267,-10.26824147234,0.56256899915995,0
809,0.010219557467118,0.38362921492545,-10.260815383854,0.6876663884244,0
810,0.023646069830247,0.39349450875717,-10.252000503782,0.81267450665203,0
811,0.034891060290049,0.3910585527462,-10.241797970564,0.93757712538758,0
1168,0.04804469418277,0.36218413085346,-10.222383015916,1.1310223346639,0
1169,0.050581325851356,0.30691417374691,-10.191217733667,1.3926820757393,0
4,-0.29034514867143,0.05668825726426,-10.182782441094,0.062518076454915,0
5,-0.25861395553463,0.14812007934449,-10.181060164761,0.18754699846467,0
6,-0.21662612610955,0.22728703163713,-10.178098334674,0.31255423049161,0
7,-0.1728549932222,0.29337965203122,-10.17389728813,0.43752531648186,0
812,-0.13144674206015,0.34423944544518,-10.167966279889,0.56256173798523,0
813,-0.093324936888399,0.38110147433268,-10.160303277857,0.68764887616922,0
1170,0.04862454996489,0.25152469323336,-10.153600092274,1.653492402997,0
814,-0.059041701321567,0.40575180991159,-10.151397672827,0.81265614026762,0
815,-0.02855079044459,0.42060041567476,-10.141250483404,0.93756901008363,0
1196,0.015227374399394,0.42596774677377,-10.121936343542,1.1296147877868,0
1171,0.044481298734818,0.20332266880099,-10.109553035741,1.9132942290938,0
1197,0.042515514206814,0.40336404710941,-10.090883155076,1.3884613386396,0
8,-0.41301926570951,0.042755652885393,-10.082658050254,0.062515950048468,0
9,-0.37654645948761,0.11683172020483,-10.080759921009,0.18754146993946,0
10,-0.32496849210758,0.18251559583398,-10.077768067862,0.31254785161029,0
11,-0.26955141099264,0.2384021423249,-10.073682788431,0.4375223397193,0
816,-0.21631986322531,0.28189355557957,-10.067691087438,0.5625544768105,0
817,-0.16697148143313,0.31412016590159,-10.05979117186,0.68763136391404,0
1172,0.03956384555789,0.16295515066559,-10.059103430117,2.1719290807621,0
1198,0.058974637099283,0.36704114265759,-10.053455153364,1.646463339496,0
818,-0.12258059914524,0.33650329832124,-10.050794841872,0.81263777388321,0
819,-0.083093394124601,0.35113522800234,-10.040702996243,0.93756089477968,0
1224,-0.026026309028656,0.36180135695033,-10.021489671169,1.1282072409097,0
1199,0.066490321737346,0.32446982447093,-10.00967510604,1.9034638139782,0
1173,0.034711263283855,0.13027692217191,-10.002282046873,2.4292391968799,0
1225,0.013594933416829,0.35342625273856,-9.9905485764853,1.3842406015399,0
12,-0.52247684512029,0.034606417619174,-9.9825336594139,0.062513823642021,0
13,-0.48087879333713,0.094103454573076,-9.9804596772565,0.18753594141425,0
14,-0.42007224490954,0.14709063142538,-9.9774378010507,0.31254147272898,0
15,-0.35359205385638,0.19230075470798,-9.9734682887316,0.43751936295675,0
820,-0.28917900073596,0.22681794940341,-9.9674158949871,0.56254721563578,0
1200,0.067871858754672,0.28138355725327,-9.9595696459196,2.1593063938257,0
821,-0.22937973136115,0.25195335855393,-9.9592790658634,0.68761385165886,0
1226,0.041114141840389,0.33777314114728,-9.9533102144547,1.639434275995,0
822,-0.17580730139096,0.2689459993667,-9.9501920109175,0.8126194074988,0
823,-0.12857977691298,0.27979814644641,-9.9401555090828,0.93755277947572,0
1174,0.030321365831023,0.10459070625032,-9.9391235439187,2.6850676255643,0
1252,-0.06156188172235,0.28824087968231,-9.9210429987956,1.1267996940326,0
1227,0.058874640367407,0.31799282056853,-9.9097971763393,1.8936333988626,0
1201,0.065655037801652,0.24130698153849,-9.9031692545521,2.4138354155342,0
1253,-0.015036922194639,0.28347880789619,-9.8902139978947,1.3800198644402,0
16,-0.61519206905996,0.028743344680558,-9.8824092685739,0.062511697235574,0
17,-0.56886296327239,0.076481990100369,-9.8801594335038,0.18753041288904,0
18,-0.49992596779565,0.11865260121705,-9.8771075342389,0.31253509384766,0
19,-0.42380615853352,0.15419935683791,-9.8732537890319,0.43751638619419,0
1175,0.026535000043098,0.084700166055247,-9.8696664448435,2.939258317959,0
824,-0.34955505856473,0.1800660523488,-9.8671407025358,0.56253995446105,0
1228,0.06879121754108,0.29394622953422,-9.8600358617228,2.1466837068893,0
825,-0.28062807023874,0.19790939905519,-9.8587669598663,0.68759633940368,0
1254,0.016951408569448,0.2745883360801,-9.8531652755451,1.632405212494,0
826,-0.21920819660389,0.20880773175093,-9.8495891799627,0.8126010411144,0
1202,0.061780472536885,0.20614417717231,-9.8405082434604,2.6668960159407,0
827,-0.16569195458989,0.21477694705399,-9.8396080219224,0.93754466417177,0
1280,-0.092121025829984,0.21840358593103,-9.8205963264224,1.1253921471555,0
1255,0.03873610737394,0.26396991418216,-9.8099192466386,1.8838029837469,0
1229,0.073024854728559,0.26688211773097,-9.8040564622312,2.3984316341885,0
1176,0.023368536805649,0.069343301646634,-9.7939531151825,3.1916562244188,0
1281,-0.041046876674986,0.21390778970756,-9.7898794193041,1.3757991273405,0
20,-0.6890337190144,0.023913735615986,-9.7822848777333,0.062509570829127,0
21,-0.63823013636154,0.06204344372743,-9.7798591897507,0.18752488436383,0
22,-0.56206283254151,0.095451910798049,-9.7767772674269,0.31252871496635,0
23,-0.47752887944942,0.12309909463526,-9.7730392893323,0.43751340943164,0
1203,0.05739020149576,0.17617372158001,-9.771624733662,2.9183342244718,0
828,-0.39470793805809,0.14184968800356,-9.7668655100845,0.56253269328633,0
1256,0.053682389352974,0.25271848808869,-9.760502077526,2.1340610199529,0
829,-0.31790440786379,0.15368444500802,-9.7582548538692,0.6875788271485,0
1282,-0.0064082435152281,0.20849705029379,-9.7530203366356,1.6253761489929,0
830,-0.24983119195953,0.15942983455305,-9.7489863490077,0.81258267472999,0
1230,0.073425583246209,0.23882557143135,-9.7418929430024,2.6487244063171,0
831,-0.19129764486649,0.16103524597604,-9.7390605347617,0.93753654886781,0
1308,-0.11422886909899,0.1597435691195,-9.720149654049,1.1239846002785,0
1177,0.020762752247613,0.057425193178497,-9.7120297369262,3.4421073881037,0
1283,0.017326822201729,0.20362914582843,-9.7100413169379,1.8739725686313,0
1257,0.063533325532319,0.24005835470911,-9.7049436699103,2.3830278528427,0
1204,0.053019969817821,0.15088367134313,-9.6965606321895,3.1679970579891,0
1309,-0.061355275445282,0.1536411455203,-9.6895448407133,1.3715783902408,0
24,-0.74870548643434,0.019773802424635,-9.6821604868928,0.06250744442268,0
25,-0.69372224118932,0.050039323276993,-9.6795589459974,0.18751935583863,0
26,-0.61106549388455,0.076452799854411,-9.6764470006145,0.31252233608503,0
1231,0.07147846230017,0.21169147028169,-9.6735830224807,2.8974101309847,0
27,-0.51902042802256,0.097854931300009,-9.6728247896321,0.43751043266908,0
832,-0.42854409385153,0.11117087136839,-9.6665903176326,0.5625254321116,0
1284,0.034033777982307,0.19909187269295,-9.6609682933293,2.1214383330165,0
833,-0.34472865510909,0.11857234865502,-9.6577427478715,0.68756131489333,0
1310,-0.0263380338396,0.14888751411988,-9.6528753977258,1.6183470854919,0
834,-0.27074762166481,0.12067337199762,-9.6483835180523,0.81256430834558,0
1258,0.069294204545821,0.22561669542701,-9.6432776425444,2.6305527966934,0
835,-0.20784456345262,0.11929255602676,-9.6385130476007,0.93752843356386,0
1178,0.018607360039342,0.048065805095863,-9.6239462801152,3.6904590395988,0
1336,-0.12872083786169,0.11443888311915,-9.6197029816752,1.1225770534014,0
1205,0.048906806097572,0.12961660033676,-9.6153616069617,3.4157326128126,0
1311,-0.0025107926185391,0.14677253988193,-9.6101633872369,1.8641421535156,0
1285,0.046314221939973,0.19475828457686,-9.6058308775893,2.3676240714969,0
1232,0.068274628277771,0.18663834684682,-9.5991681491968,3.1443378915595,0
1337,-0.075372510995986,0.10614400373609,-9.5892102621221,1.3673576531411,0
28,-0.79660894955634,0.016098051193515,-9.5820360960528,0.062505318016233,0
29,-0.73799519344577,0.039976683897136,-9.5792587022447,0.18751382731342,0
30,-0.64969653684382,0.060804116688577,-9.5761167338027,0.31251595720371,0
1259,0.071968966986506,0.20980857474461,-9.5755413112993,2.8764860374975,0
31,-0.55106684392534,0.077298593284581,-9.5726102899324,0.43750745590653,0
836,-0.45386543775971,0.086596742534454,-9.5663151251811,0.56251817093688,0
1312,0.014535301063954,0.14645422558707,-9.5614345091322,2.1088156460801,0
837,-0.36390951498055,0.090898622907479,-9.5572306418741,0.68754380263815,0
1338,-0.041412106732104,0.10021216703491,-9.5527304588158,1.6113180219909,0
838,-0.28478828112913,0.090717454009477,-9.5477806870971,0.81254594196117,0
1286,0.055215630731981,0.18942555815775,-9.5446623420863,2.6123811870698,0
839,-0.21813070525556,0.087764482693708,-9.5379655604398,0.9375203182599,0
1179,0.016796139368626,0.040614513153803,-9.5297564721242,3.9365596908991,0
1206,0.045130804748933,0.11176111799073,-9.5280770588013,3.661390157734,0
1364,-0.13754592648685,0.081406496950768,-9.5192563093014,1.1211695065243,0
1233,0.064568992435953,0.16424124470715,-9.5186934769975,3.3893578375215,0
1339,-0.018905844853913,0.098529680921711,-9.5102854575357,1.8543117384,0
1313,0.027502234468961,0.14691334801585,-9.5067180852682,2.3522202901511,0
1260,0.072457027900095,0.19317159256297,-9.501775666204,3.1206787251297,0
1365,-0.083797577521456,0.071766035227896,-9.488875683531,1.3631369160414,0
32,-0.83477253990614,0.012869170471207,-9.4819117052131,0.062503191609787,0
33,-0.77318653021578,0.031623643483925,-9.4789584584922,0.18750829878821,0
1287,0.061297399281853,0.18246720177474,-9.4774996001179,2.8555619440102,0
34,-0.68007978367875,0.047982553951175,-9.475786466991,0.3125095783224,0
35,-0.57575147138871,0.060621215927078,-9.4723957902328,0.43750447914398,0
840,-0.47273202295584,0.066985381141542,-9.4660399327297,0.56251090976215,0
1340,-0.0027424795963382,0.10002128950789,-9.461900724935,2.0961929591437,0
841,-0.37751052785342,0.069167952482251,-9.4567185358768,0.68752629038297,0
1366,-0.051337056022207,0.064284282723687,-9.4525855199058,1.6042889584899,0
842,-0.29406770906299,0.067646756142522,-9.4471778561419,0.81252757557677,0
1314,0.037853242233506,0.14746230457106,-9.446047041628,2.5942095774461,0
843,-0.22434684527122,0.06403574843947,-9.4374180732788,0.93751220295595,0
1207,0.041699275873362,0.096774005255556,-9.4347600911129,3.9048202266275,0
1234,0.060801509686879,0.14464511733021,-9.4322078374877,3.6323212758693,0
1180,0.015257618542942,0.034613219764369,-9.4295177653275,4.1802592264232,0
1261,0.071424481809078,0.17628298450019,-9.4220253470332,3.3629830622304,0
1392,-0.14273980101331,0.057619987380388,-9.4188096369277,1.1197619596472,0
1367,-0.030898671346198,0.061718078066425,-9.4104075278345,1.8444813232845,0
1341,0.0098809957651295,0.1031684197931,-9.4076052929468,2.3368165088054,0
1288,0.065254982615539,0.17426863941644,-9.4043831832112,3.0970195587,0
1393,-0.088243297653714,0.048131310929238,-9.3885411049399,1.3589161789417,0
36,-0.86543842648957,0.010162975656533,-9.3817873143741,0.06250106520334,0
1315,0.046134557391902,0.14728565083798,-9.3794578889364,2.8346378505231,0
37,-0.8014650708705,0.024878573151606,-9.3786582147403,0.187502770263,0
38,-0.70423263033728,0.037682261244151,-9.3754562001797,0.31250319944108,0
39,-0.59493205028859,0.047296201430129,-9.3721812905334,0.43750150238142,0
844,-0.48683435684314,0.051539934559845,-9.3657647402783,0.56250364858743,0
1368,-0.016453778240748,0.063210547973151,-9.3623669407378,2.0835702722074,0
845,-0.38708629753607,0.052295461497415,-9.3562064298795,0.68750877812779,0
1394,-0.056974808316183,0.040049913564434,-9.3524405809958,1.597259894989,0
1342,0.020343180109499,0.10681275374926,-9.3474317411695,2.5760379678225,0
846,-0.30005036158569,0.050035195063025,-9.3465750251867,0.81250920919236,0
1235,0.057160331445018,0.12765422549863,-9.3397637101019,3.8730807623559,0
847,-0.22791312418464,0.046250516305465,-9.3368705861179,0.937504087652,0
1262,0.069381538008876,0.15980041451794,-9.336338616174,3.6032523940046,0
1208,0.03860304576889,0.084179623008535,-9.3354674779619,4.1458747081202,0
1289,0.06757935929075,0.16514319506238,-9.3253572170688,3.3366082869392,0
1181,0.013941555018459,0.029729665495353,-9.3232913015124,4.4214089959881,0
1420,-0.14573973984473,0.040280970793941,-9.3183629645539,1.1183544127701,0
1395,-0.038597030952583,0.036579031358112,-9.3105295981334,1.8346509081689,0
1369,-0.0049728768398913,0.067085087444988,-9.3084925006255,2.3214127274598,0
1316,0.052369545776281,0.14533047958128,-9.3069907002182,3.0733603922702,0
1421,-0.090376454047105,0.032001745909247,-9.2882065263488,1.3546954418421,0
1343,0.029262472925302,0.11014635376469,-9.2814161777546,2.8137137570359,0
40,-0.890337323261,0.0080393171971737,-9.2726622182279,0.062500002000116,0
41,-0.82451973764023,0.019638227433184,-9.2694854049637,0.1875000060004,0
42,-0.72376371184826,0.029649512438709,-9.2663085916995,0.31250001000043,0
43,-0.61011642974745,0.036892923230452,-9.2631317784353,0.43750001400014,0
1396,-0.026133906458193,0.037194053283047,-9.2628331565407,2.0709475852711,0
848,-0.49753081731508,0.039601476770924,-9.2567654680122,0.56250001800007,0
1422,-0.059825442515186,0.024565104438432,-9.2522956420857,1.590230831488,0
1370,0.004869654934723,0.072008968899083,-9.2488164407112,2.5578663581991,0
849,-0.39383957631536,0.039363512101517,-9.2472096604301,0.6875000220002,0
1263,0.066745546257517,0.1442755910312,-9.2447673290907,3.8413412980842,0
1236,0.053720922467306,0.11295374782186,-9.2414171905966,4.1114901898173,0
1290,0.068563775618291,0.15529996848567,-9.2404693948603,3.5741835121397,0
850,-0.3037812190283,0.036691589700492,-9.237653852848,0.81250002600016,0
1209,0.035824907454908,0.073567258543531,-9.2302596291229,4.3844069367996,0
1317,0.056991747545362,0.14199738631949,-9.2286890871043,3.3102335116481,0
851,-0.22973475200555,0.032925962440819,-9.228098045266,0.93750003000002,0
1182,0.012806115867111,0.025716315384368,-9.2111418746816,4.6598619050815,0
1423,-0.043009691705492,0.02093686707785,-9.2106516684322,1.8248204930533,0
1448,-0.14736399917747,0.027467957041486,-9.2097851530733,1.1169850721481,0
1344,0.03699081717245,0.11296966438563,-9.2095982172251,3.0497012258406,0
1397,-0.016221894050808,0.040461305077107,-9.2093797083042,2.3060089461142,0
1371,0.013585469087301,0.077084660585611,-9.183374466573,2.7927896635489,0
1449,-0.091325437281838,0.02060092254842,-9.1798882302523,1.3505929565007,0
1424,-0.032263536833527,0.020682703745218,-9.1632993723434,2.0583248983347,0
44,-0.91241986649053,0.0062080327744925,-9.1545364167744,0.062500002000117,0
45,-0.84492300876271,0.015172990611707,-9.1514400291623,0.1875000060004,0
1398,-0.0075154784984273,0.045170056121109,-9.1502011402529,2.5396947485756,0
1291,0.068475087928047,0.14499924443591,-9.1497709480795,3.8096018338125,0
46,-0.74076592640778,0.022806986660193,-9.1483436415502,0.31250001000043,0
1264,0.063832343900776,0.13001765697272,-9.1473669032311,4.0771056715142,0
47,-0.62291371772538,0.028050801859912,-9.1452472539381,0.43750001400014,0
1318,0.060309972438521,0.13752395543962,-9.1446001735464,3.545114630275,0
1450,-0.061229379200614,0.014585918345295,-9.1443470802363,1.5834076734318,0
852,-0.50599266386272,0.029585457399472,-9.1390421159308,0.56250001800007,0
1237,0.0505168779972,0.10023386114885,-9.1372279567336,4.3474048776112,0
1345,0.043349067101218,0.11435795614517,-9.1320209571397,3.283858736357,0
853,-0.39858257768626,0.02866633686035,-9.1297282275281,0.68750002200021,0
854,-0.30581390648348,0.025838479798009,-9.1204143391255,0.81250002600017,0
1210,0.03333659706962,0.06459205919802,-9.119200553375,4.6202717821833,0
1372,0.021427215177483,0.081816471552133,-9.1122057342321,3.0260420594111,0
855,-0.23020239754507,0.022257670619065,-9.1111004507229,0.93750003000002,0
1425,-0.023919757307085,0.022813380677109,-9.1102669159829,2.2906051647685,0
1451,-0.045420012792052,0.011474096682985,-9.1031827056516,1.8152919276843,0
1183,0.011819183958715,0.022389479165814,-9.0931378919351,4.8954725036645,0
1476,-0.14802434469512,0.017364080937,-9.0930762024859,1.1156539377813,0
1399,0.00044672804404084,0.050468560948722,-9.0853327553914,2.7718655700619,0
1477,-0.091624389934607,0.011940130001119,-9.0635862166502,1.3466087229177,0
1452,-0.035921104061567,0.010740584713605,-9.0564194487077,2.0461089745046,0
1319,0.062549962464812,0.13217611831616,-9.0547745670682,3.7778623695408,0
1292,0.06756444891496,0.13452996903332,-9.0533166158657,4.0427211532112,0
1426,-0.016540103042862,0.026481966877429,-9.0515858397944,2.521523138952,0
1346,0.048424953204133,0.11425720225544,-9.0487309522323,3.5160457484103,0
1265,0.060865757040615,0.11715685045309,-9.0441962843441,4.3104028184226,0
48,-0.92927359573511,0.0048305865907187,-9.0364106153209,0.062500002000117,0
1373,0.028507824594292,0.085914916649019,-9.0353528271752,3.2574839610661,0
49,-0.86046871418247,0.011859854615605,-9.0333946533609,0.1875000060004,0
50,-0.75352878410586,0.017728235745095,-9.0303786914009,0.31250001000043,0
1478,-0.061976377334886,0.0077703949836516,-9.0285948954473,1.5767904208205,0
51,-0.63217790344854,0.021514344534319,-9.0273627294409,0.43750001400014,0
1238,0.04755661874762,0.089219395868886,-9.0272592320685,4.5806816592852,0
856,-0.51168406702859,0.022251361166602,-9.0213187638493,0.56250001800007,0
1400,0.0078499870819121,0.055812190714608,-9.0148132512391,3.0023828929816,0
857,-0.40127682940875,0.020948120565562,-9.0122467946261,0.68750002200022,0
1453,-0.028894319962726,0.011796360052288,-9.0040849763916,2.2757227030597,0
858,-0.30640567022476,0.01814553023307,-9.0031748254029,0.81250002600017,0
1211,0.031108431719028,0.056970815040601,-9.0023578198772,4.8533257363066,0
859,-0.22966972700938,0.014818322681864,-8.9941028561797,0.93750003000003,0
1479,-0.046724606949899,0.00572778421513,-8.9881227097914,1.8060652120619,0
1427,-0.0096371559918807,0.031028150059043,-8.9872910442096,2.7509414765748,0
1504,-0.14794849572691,0.010405232537905,-8.9763672518982,1.1143228034144,0
1184,0.010956810336285,0.019609655247626,-8.9693513322497,5.1280970741325,0
1347,0.052409440947111,0.11295521926895,-8.9597781860567,3.7461229052692,0
1320,0.063887615920639,0.12619038502437,-8.9592663285001,4.0083366349081,0
1374,0.034789375781259,0.08913934995075,-8.9528617309185,3.4869768665457,0
1293,0.066059826388203,0.12418966611711,-8.9511646119547,4.273400759234,0
1505,-0.091719420421097,0.0061478663746075,-8.9472842030479,1.3426244893346,0
1454,-0.022788653784856,0.014212662636353,-8.9462102638641,2.5039977181702,0
1480,-0.037941795839455,0.0050505169786491,-8.9421933856335,2.0342998137808,0
1401,0.014758568949646,0.060838921287501,-8.9386846972108,3.2311091857752,0
1266,0.057971819616347,0.10567730334302,-8.935317910762,4.541091536387,0
52,-0.94252971482067,0.0038209928197079,-8.9182848138671,0.062500002000117,0
1428,-0.0030421676989801,0.035963844381189,-8.917420768246,2.9787237265519,0
53,-0.87263697754366,0.0094377590990038,-8.9153492775593,0.1875000060004,0
1506,-0.062563999479345,0.0035048256290921,-8.9128427106581,1.5701731682092,0
54,-0.76333184239363,0.014006039538477,-8.9124137412514,0.31250001000043,0
1239,0.044836768337536,0.079667281374716,-8.9115777478196,4.8111789689488,0
55,-0.63899546963247,0.016743119240145,-8.9094782049436,0.43750001400014,0
860,-0.51549873998079,0.016953813902525,-8.9035954117678,0.56250001800007,0
861,-0.40262861536719,0.015457466839168,-8.8947653617239,0.68750002200022,0
1481,-0.03181820680406,0.0054860181892453,-8.8908338895305,2.261361560988,0
862,-0.30609221794134,0.012775024870041,-8.8859353116801,0.81250002600018,0
1455,-0.017030748890999,0.017594431802124,-8.8828295765308,2.7307994184815,0
1212,0.029113890607019,0.050468697723985,-8.8798025175468,5.0834270002628,0
863,-0.22852815340414,0.0097120067437966,-8.8771052616362,0.93750003000003,0
1507,-0.047561130866927,0.0023968432691844,-8.873062713931,1.7968384964394,0
1348,0.055464076419509,0.11066881790023,-8.8652160411344,3.9739521166052,0
1375,0.040100760418867,0.091081007946534,-8.8647818050455,3.7143834409979,0
1532,-0.14738752990034,0.0057209686833287,-8.8596583013103,1.1129916690476,0
1321,0.06445632282617,0.11975039371025,-8.8581329395651,4.2363987000455,0
1402,0.021161783303358,0.065304719721749,-8.8569925096047,3.4579079846812,0
1294,0.064172178003959,0.11425322772901,-8.8433765894554,4.5015014134887,0
1429,0.0032980386263706,0.040938705909946,-8.8420165672462,3.2047344104842,0
1185,0.010198182444416,0.017266725319008,-8.8398577020526,5.3575937201724,0
1482,-0.026723512321907,0.0069341367354774,-8.834074412462,2.4871184862302,0
1533,-0.091716626938283,0.0024065749887004,-8.8309821894454,1.3386402557516,0
1508,-0.039084546659102,0.0019642303247103,-8.8279673225591,2.0224906530569,0
1267,0.055210175665953,0.095473410050368,-8.8207976757618,4.7690322015908,0
1456,-0.011416905277438,0.021587362555345,-8.8139804490361,2.955994078885,0
56,-0.95320392759286,0.003085870125076,-8.8001590124134,0.062500002000117,0
57,-0.88236153158376,0.0076740224234175,-8.7973039017577,0.1875000060004,0
1534,-0.063182431773983,0.00088581153962726,-8.7970905258688,1.5635559155979,0
58,-0.77100304353037,0.011289801884729,-8.7944487911021,0.31250001000043,0
59,-0.64408531843518,0.013277576202776,-8.7915936804464,0.43750001400015,0
1240,0.042349220373062,0.071360496796158,-8.7902537028441,5.0387569263932,0
864,-0.51803395236614,0.013148422040669,-8.7858720596863,0.56250001800007,0
1509,-0.033467843393719,0.0021535756271532,-8.7775828026692,2.2470004189163,0
865,-0.40311048321281,0.011575267708016,-8.7772839288218,0.68750002200023,0
1483,-0.021979675350933,0.0092435289122488,-8.7719483523549,2.7114393957821,0
1376,0.04450182859622,0.091852983493399,-8.7711657537689,3.9395675983025,0
1403,0.027072326050837,0.069164669069262,-8.7697854240343,3.6826439767265,0
866,-0.30522931690195,0.0090496155970687,-8.7686957979572,0.81250002600019,0
1349,0.057723896478718,0.10760129472935,-8.7651012671754,4.1993966408571,0
1430,0.009357008191386,0.045699764190171,-8.7611232882907,3.4288391028166,0
867,-0.22703437700387,0.0062221688664216,-8.7601076670927,0.93750003000003,0
1535,-0.048248130206145,0.00037125132809581,-8.7580027180704,1.787611780817,0
1213,0.02732550038726,0.044888354939132,-8.7516092113365,5.3104355715681,0
1322,0.064381641270305,0.1130167731634,-8.7514352681487,4.4619112905905,0
1560,-0.14646641091692,0.0026325683560003,-8.7429493507224,1.1116605346807,0
1457,-0.0058773309867205,0.025902353676228,-8.7397036634579,3.1794489282092,0
1295,0.062075814104724,0.10490238543485,-8.730017603704,4.7268854342327,0
1510,-0.029049273224027,0.0030290533156364,-8.7219385610596,2.4702392542902,0
1561,-0.091876223019249,9.6101388187539e-05,-8.7146801758429,1.3346560221686,0
1536,-0.039841171433763,0.00017871619632404,-8.7137412594845,2.0106814923331,0
1186,0.009524270506887,0.015273151713846,-8.7047359881586,5.5838224550474,0
1484,-0.017320275826997,0.012213592410534,-8.7044922936094,2.9341939499807,0
1268,0.052609771470966,0.086408459471146,-8.7007048881412,4.9940868525234,0
60,-0.96200382575763,0.0025522589764808,-8.6820332109595,0.062500002000117,0
1562,-0.063774621987143,-0.00073457564216232,-8.6813383410794,1.5569386629866,0
61,-0.89029684392251,0.0063918117481595,-8.6792585259561,0.1875000060004,0
1404,0.032389792965022,0.072223191884437,-8.6771154664034,3.9051830799998,0
62,-0.77712084879485,0.009311087175586,-8.6764838409526,0.31250001000043,0
1431,0.015107497289714,0.05009036827228,-8.6747890430229,3.650904512455,0
63,-0.64794278546761,0.010765431319846,-8.6737091559492,0.43750001400015,0
1377,0.048110095156712,0.091651316595154,-8.672069594786,4.1623945816689,0
868,-0.51969179294806,0.010420283556026,-8.6681487076049,0.56250001800007,0
1537,-0.034475901869896,0.00033861344835486,-8.6643317158077,2.2326392768445,0
1241,0.040078607687991,0.064106416606722,-8.6633607206206,5.2632774229638,0
1511,-0.025059659216298,0.0045861334084304,-8.6610671281787,2.6920793730826,0
1458,-0.0004330234386692,0.030307066720631,-8.6600432252369,3.4010322275831,0
869,-0.40303149379788,0.0088366475079165,-8.6598024959197,0.68750002200023,0
1350,0.059304827543557,0.10393102300757,-8.6594939468419,4.4223211676924,0
870,-0.30404134277885,0.0064712409303403,-8.6514562842346,0.8125000260002,0
871,-0.22534400881868,0.0038378334980991,-8.6431100725495,0.93750003000004,0
1563,-0.048834981629243,-0.00093652591670878,-8.6429427222098,1.7783850651946,0
1323,0.063796640888343,0.1061486283643,-8.6392375316462,4.6847386668748,0
1485,-0.012635635576154,0.015646825306007,-8.6317459858459,3.1552527389502,0
1588,-0.1454583679763,0.00065636961851561,-8.6262404001347,1.1103294003138,0
1214,0.02571387092234,0.040065114155121,-8.6178558959434,5.5342133309289,0
1296,0.059904081519325,0.096228101020148,-8.6111560734383,4.9494167786536,0
1538,-0.030469021261348,0.00095587407530227,-8.6098027096572,2.4533600223502,0
1564,-0.040430382049676,-0.00094359848031745,-8.5995151964098,1.9988723316093,0
1589,-0.092085249632436,-0.0012799242184326,-8.5983781622406,1.3306717885856,0
1512,-0.021176912260237,0.0067372705397128,-8.5950041381826,2.9123938210765,0
1432,0.02050518126746,0.053958468635269,-8.5830651790378,3.870798561697,0
1405,0.037007418727533,0.0742801508917,-8.5790379223966,4.1253925224807,0
1269,0.050180781658517,0.078342848043448,-8.5751122299045,5.2161192743594,0
1459,0.0048883512688022,0.034623219797883,-8.5750463365356,3.620613350354,0
1378,0.051024037137227,0.090631145813262,-8.5675526255354,4.3827310447945,0
1590,-0.064293347461428,-0.001776652769407,-8.5655861562902,1.5503214103753,0
1187,0.008918463154046,0.01355947706331,-8.5640686101653,5.8066452857168,0
64,-0.96944594270123,0.002165027506485,-8.563907409506,0.062500002000117,0
65,-0.8969252646053,0.005459663949512,-8.5612131501546,0.1875000060004,0
66,-0.78210922337277,0.0078699421444818,-8.5585188908033,0.31250001000043,0
67,-0.65092365424644,0.008945085699889,-8.5558246314519,0.43750001400015,0
1486,-0.0079241858200379,0.019360265467407,-8.5537523204431,3.3744873589808,0
1565,-0.035193349977933,-0.00072034672449481,-8.5510806289462,2.2182781347728,0
872,-0.5207514600216,0.0084651483203859,-8.5504253555234,0.56250001800008,0
1539,-0.027010758472174,0.0020678463653789,-8.5501859040025,2.6727193503832,0
1351,0.06031068500081,0.099814281668357,-8.5484574595882,4.6425918995169,0
873,-0.4025974627883,0.0069066167125237,-8.5423210630177,0.68750002200024,0
874,-0.30267193986772,0.0046906229423115,-8.5342167705119,0.8125000260002,0
1242,0.038002361063196,0.057737305253784,-8.5309758037284,5.4846042068104,0
1591,-0.049364240645231,-0.0018258270586128,-8.5278827263494,1.7691583495722,0
875,-0.22354718053116,0.0022187517071536,-8.5261124780062,0.93750003000004,0
1513,-0.017245472297778,0.0093678140749173,-8.5237883082337,3.1310565496913,0
1324,0.062829246325819,0.099292862627359,-8.5216072587354,4.9047467047839,0
1616,-0.14450675510017,-0.00058262208703346,-8.5095314495471,1.108998265947,0
1566,-0.031437644593132,-0.00018234522398004,-8.4976668582546,2.4364807904102,0
1297,0.05774642611956,0.088252004845096,-8.4868637391884,5.1689611257549,0
1433,0.02554810444127,0.057292919022093,-8.4860062500071,4.0883904632923,0
1540,-0.023722496571439,0.0036524329887539,-8.4855159827556,2.8905936921722,0
1592,-0.040951721615401,-0.001698809135363,-8.4852891333354,1.9870631708854,0
1460,0.010041923191786,0.038699162547574,-8.4847633681891,3.8380628593689,0
1617,-0.092250700568535,-0.0020851005590127,-8.4820761486384,1.3266875550025,0
1215,0.024250131434278,0.035862103471786,-8.4786239488862,5.7546241251224,0
1406,0.040953889743254,0.075418746464515,-8.475611304229,4.3431409218967,0
1487,-0.0031988864230884,0.023197369831217,-8.4705573045723,3.5917704904237,0
1379,0.053335687674628,0.088943583958628,-8.4576773875306,4.6004451321593,0
1618,-0.064746556304072,-0.0024705658850673,-8.449833971501,1.5437041577639,0
1514,-0.013237126107789,0.012345601688071,-8.4474614156493,3.3479424903786,0
68,-0.97590458431808,0.001883853074897,-8.4457816080525,0.062500002000117,0
1270,0.047918766800882,0.071143590274015,-8.4440957115133,5.4349950826918,0
69,-0.90259971969616,0.0047816254834504,-8.4431677743533,0.1875000060004,0
70,-0.78627683465238,0.0068196023035382,-8.440553940654,0.31250001000043,0
1567,-0.028325324588234,0.00071297815862062,-8.4393046798261,2.6533593276838,0
71,-0.65328165000662,0.0076251949357475,-8.4379401069547,0.43750001400015,0
1593,-0.035786080064451,-0.0013889810217908,-8.4378295420849,2.2039169927011,0
876,-0.52140492677004,0.0070628935409921,-8.4327020034419,0.56250001800008,0
1352,0.060831849884544,0.095375413739934,-8.4320584440324,4.8600766309143,0
877,-0.40194352938797,0.0055457079136257,-8.4248396301156,0.68750002200025,0
1188,0.0083659631253748,0.012069966850452,-8.4179413712818,6.0259262952919,0
878,-0.30121314396797,0.003461416497039,-8.4169772567893,0.81250002600021,0
1541,-0.020383964259209,0.0056824018131553,-8.4158306306214,3.1068603604324,0
1619,-0.049855544732651,-0.0024525157937979,-8.412822730489,1.7599316339498,0
879,-0.221693803705,0.001133282293081,-8.4091148834629,0.93750003000004,0
1325,0.061597357411741,0.092579044003135,-8.3986152484723,5.1218029771505,0
1243,0.036094595407014,0.052107707300638,-8.3931792876072,5.7026029645281,0
1644,-0.14364418923254,-0.0013468548140098,-8.3928224989593,1.1076671315801,0
1461,0.014991079290324,0.042443749278786,-8.389247830517,4.0532525821986,0
1594,-0.032190885551449,-0.00084693677164243,-8.3855310068523,2.4196015584702,0
1434,0.030166430196137,0.059999790233642,-8.3836699829223,4.3035507989987,0
1488,0.0015026550847269,0.027019756713972,-8.3822100338574,3.8069759730158,0
1568,-0.025450551131448,0.0019673917470814,-8.3760278273285,2.868793563268,0
1620,-0.041445143822611,-0.0022345112180363,-8.371063070261,1.9752540101615,0
1407,0.044313901676323,0.075787714681095,-8.366897315473,4.5582983648018,0
1515,-0.0091427408156399,0.015554244514735,-8.3660682726089,3.5629276304934,0
1645,-0.092368085766816,-0.0025625411009239,-8.365774135036,1.3227033214195,0
1298,0.055649616818205,0.080943000996033,-8.3572156192981,5.3853859585731,0
1380,0.055130521054001,0.086713508364294,-8.3425096293297,4.8154065570449,0
1542,-0.016966256741489,0.0080507226069898,-8.3411705108553,3.3213976217764,0
1646,-0.065140675100673,-0.0029444070615691,-8.3340817867118,1.5370869051526,0
1216,0.022906086809019,0.032164996057086,-8.3339980819521,5.9715338483324,0
1595,-0.029312562471875,-4.0565121255904e-05,-8.32842345565,2.6339993049844,0
72,-0.98165043033078,0.0016796301559296,-8.3276558065987,0.062500002000117,0
73,-0.9075776599416,0.0042881847158972,-8.3251223985517,0.1875000060004,0
1621,-0.036328396275239,-0.0018454006262737,-8.3245784552236,2.1895558506294,0
74,-0.78984751276156,0.0060534419483746,-8.3225889905046,0.31250001000043,0
75,-0.65519638959093,0.006667095345941,-8.3200555824575,0.43750001400015,0
880,-0.52178264800077,0.0060553935051012,-8.3149786513605,0.56250001800008,0
1353,0.06094763138363,0.090710224705385,-8.3103667577561,5.0746448285463,0
1569,-0.022589993026525,0.0035668151252109,-8.3078729530091,3.0826641711734,0
1271,0.045810302543858,0.064686022419745,-8.307734626328,5.6505818039337,0
881,-0.40115518865839,0.0045830734283282,-8.3073581972136,0.68750002200025,0
882,-0.29971804068979,0.002606289679577,-8.2997377430667,0.81250002600022,0
1647,-0.050314845227314,-0.0029058825174439,-8.2977627346285,1.7507049183273,0
883,-0.21979233863762,0.00041899691328461,-8.2921172889198,0.93750003000005,0
1489,0.0061432612903878,0.030719800888412,-8.2887626639264,4.0199788791995,0
1462,0.019697022747675,0.045767809152639,-8.2885563412192,4.2660556880684,0
1516,-0.0049854481851329,0.018882092841638,-8.2796566995256,3.7758890866627,0
1435,0.034298847383367,0.061971616782844,-8.2761172434152,4.516151597444,0
1672,-0.14289760480285,-0.0018004423399788,-8.2761135483718,1.1063359972132,0
1622,-0.032844932385956,-0.0012689426302334,-8.2733951554499,2.4027223265302,0
1326,0.060198931906381,0.086101202866778,-8.2703355270829,5.3357768344546,0
1596,-0.02672580719093,0.0010372684791904,-8.2665396719017,2.8469934343638,0
1189,0.0078532865290169,0.010759806064783,-8.2664434050574,6.2415317275086,0
1543,-0.013436439222203,0.010679263712879,-8.2615792406454,3.5340847705632,0
1648,-0.04192447319233,-0.0026311655465431,-8.2568370071865,1.9634448494377,0
1408,0.047156947249829,0.075482241729935,-8.252960814627,4.7707364831756,0
1244,0.034326911964257,0.047091318106967,-8.2500547926226,5.9171414013729,0
1673,-0.092434094139186,-0.0028639002033372,-8.2494721214339,1.3187190878365,0
1570,-0.019637358103825,0.0054871549693711,-8.2348796060613,3.2948527531741,0
1299,0.053632583766233,0.07424011241414,-8.2222899650488,5.5985606433392,0
1381,0.05648653660334,0.084047288826492,-8.2221182670403,5.0274866799423,0
1674,-0.065480877338002,-0.0032778837035916,-8.2183296019228,1.5304696525413,0
1623,-0.030133909558982,-0.00048817832689378,-8.2175422314738,2.6146392822849,0
1649,-0.036851781280388,-0.0021805170330497,-8.2113273683622,2.1751947085576,0
76,-0.9868796271282,0.0015314023002703,-8.2095300051453,0.062500002000118,0
77,-0.91204673822131,0.0039291083693545,-8.2070770227503,0.1875000060004,0
78,-0.79298344597185,0.0054943558773852,-8.2046240403553,0.31250001000043,0
79,-0.65679520941613,0.0059708417800765,-8.2021710579603,0.43750001400015,0
1597,-0.024202657876238,0.0023793680168609,-8.1999152753969,3.0584679819145,0
884,-0.52197310329513,0.0053302569898462,-8.197255299279,0.56250001800008,0
1490,0.010687812300573,0.034204117513557,-8.1902703791197,4.2306555891058,0
885,-0.40028561127722,0.0039004647272555,-8.1898767643115,0.68750002200026,0
1517,-0.00079307638723387,0.022233444817024,-8.1882774973357,3.9867051762004,0
1217,0.021653899175935,0.028878835996399,-8.1840662888341,6.1848105251337,0
1354,0.06073107464435,0.085898768260801,-8.1834554348677,5.2861677103361,0
1463,0.024145669112803,0.048631484116321,-8.1827485913738,4.4763467641476,0
1675,-0.050744549813781,-0.0032422696313469,-8.1827027387683,1.7414782027049,0
886,-0.2982162282514,0.0020085923316463,-8.1824982293441,0.81250002600023,0
1544,-0.0098030121694105,0.013483602020583,-8.1771033651937,3.7448022003096,0
887,-0.21797521400959,-4.2162014363299e-05,-8.1751196943766,0.93750003000005,0
1272,0.04383466121153,0.058855188581906,-8.1661115032929,5.8627489544133,0
1436,0.037938456921355,0.063206260791051,-8.1634119999242,4.7260664093061,0
1650,-0.033455273869505,-0.0015649017103065,-8.1612593040475,2.3858430945902,0
1700,-0.14217999362482,-0.0020620885235956,-8.1594045977842,1.1050048628464,0
1571,-0.016569219059057,0.0076584081037305,-8.1570902086818,3.5052419106329,0
1624,-0.027755973517602,0.00050153529691072,-8.1570515164748,2.8251933054595,0
1676,-0.042393266070003,-0.0029363971561356,-8.1426109441122,1.9516356887138,0
1327,0.058707169542621,0.079908684200128,-8.1368453037696,5.5465394827448,0
1409,0.049553701539981,0.074604531944639,-8.1338697763245,4.9803285313384,0
1701,-0.092450604709114,-0.0030703807497742,-8.1331701078316,1.3147348542534,0
1598,-0.021629297405,0.0039741018944991,-8.1285887012674,3.2683078845719,0
1190,0.0073685175876013,0.0095934187386019,-8.1096671206471,6.4533300688471,0
1651,-0.030872273584194,-0.00078267747814553,-8.1066610072976,2.5952792595854,0
1702,-0.065774009489652,-0.0035205662054664,-8.1025774171337,1.52385239993,0
1245,0.032668434363474,0.04257992057554,-8.101689172611,6.1280893227589,0
1677,-0.037367932732188,-0.0024433395099845,-8.098076281501,2.1608335664859,0
1382,0.057468782120007,0.081031000074934,-8.0965753426529,5.2365585862179,0
1518,0.0034066065118766,0.025523777708192,-8.0919844170202,4.1952554901433,0
1625,-0.025478230462888,0.0016950558620187,-8.0919575977847,3.0342717926555,0
80,-0.99173470094002,0.001424017822781,-8.0914042036917,0.062500002000118,0
81,-0.91614398877136,0.0036680617090111,-8.0890316469488,0.1875000060004,0
1545,-0.0060830819937001,0.016389395471948,-8.0877923307449,3.9534314732013,0
1491,0.015105343644889,0.037405093630383,-8.0867913593489,4.4388838649125,0
82,-0.79580231493575,0.0050863416739438,-8.0866590902059,0.31250001000043,0
83,-0.65816848356018,0.0054644084257474,-8.0842865334631,0.43750001400015,0
1300,0.051696063190942,0.0680708398153,-8.0821682139632,5.8083565074536,0
888,-0.52203663788767,0.0048076678915324,-8.0795319471976,0.56250001800008,0
1572,-0.013385455223576,0.010013594642999,-8.0745500308618,3.7137153139565,0
889,-0.39936831535931,0.0034165629790151,-8.0723953314096,0.68750002200026,0
1464,0.028335381891942,0.051033555964459,-8.0718873103467,4.6840018890876,0
1703,-0.051146675172215,-0.0034989171522962,-8.0676427429079,1.7322514870825,0
890,-0.2967197653937,0.0015932817532213,-8.0652587156215,0.81250002600023,0
891,-0.21624450234664,-0.00034325288999377,-8.0581220998335,0.93750003000005,0
1599,-0.018933368613317,0.0058038899911579,-8.0526011767184,3.4763990507026,0
1355,0.060248724483464,0.081007250343877,-8.0514006424905,5.4945183221506,0
1678,-0.034046876354697,-0.0017949225188011,-8.0491234526453,2.3689638626502,0
1652,-0.02865413433599,0.00016522938434316,-8.0475633610479,2.8033931765552,0
1437,0.041157887661877,0.063822009140498,-8.0456212856085,4.9331703827342,0
1728,-0.14147212345033,-0.0022182181167699,-8.0426956471967,1.1036737284795,0
1218,0.020467058686154,0.025925961598783,-8.0289197913107,6.3943243911982,0
1704,-0.042851225427848,-0.0031802626687068,-8.0283848810378,1.93982652799,0
1626,-0.023183049246698,0.0030842433457767,-8.0222977964735,3.2417630159696,0
1273,0.041964642385117,0.053548362209372,-8.0193120563877,6.0713681203839,0
1729,-0.092425162705692,-0.0032188922674846,-8.0168680942295,1.3107506206704,0
1410,0.051563663270254,0.073236014371417,-8.009695250438,5.1869494620999,0
1328,0.057169530543701,0.074016343129163,-7.9982249246334,5.753964060494,0
1679,-0.031569134045967,-0.0010031691397508,-7.9957797831216,2.575919236886,0
1546,-0.0022942533215008,0.019328790957966,-7.9936984549205,4.1598553911808,0
1519,0.0075848422534262,0.028681335046521,-7.990834127324,4.4014209656775,0
1573,-0.010094859192848,0.012497481506043,-7.9873071641541,3.9201577702023,0
1730,-0.066026844679711,-0.003702794360416,-7.9868252323447,1.5172351473187,0
1705,-0.037879500970662,-0.0026618767517733,-7.9848251946397,2.1464724244141,0
1653,-0.026563427250909,0.001273012431662,-7.9839999201725,3.0100756033965,0
1492,0.01938307382474,0.040274849738415,-7.9783867458947,4.6445429225203,0
84,-0.99631946856921,0.0013464930798447,-7.973278402238,0.062500002000118,0
1600,-0.016113943800288,0.0078118861326873,-7.97199669653,3.6826284276034,0
85,-0.91996960026031,0.0034786998135567,-7.9709862711473,0.1875000060004,0
86,-0.79838958578417,0.0047886999114959,-7.9686941400565,0.31250001000043,0
87,-0.65938031972367,0.0050956841934679,-7.9664020089658,0.43750001400015,0
1383,0.058131595835826,0.07773025957977,-7.9659559812116,5.4424971615567,0
892,-0.5220141640804,0.0044303063062658,-7.9618085951162,0.56250001800009,0
1465,0.032205675876523,0.052874217361078,-7.9560382285297,4.888898706764,0
893,-0.3984243289293,0.0030727865943918,-7.9549138985076,0.68750002200027,0
1731,-0.051522829902934,-0.0037010824568971,-7.9525827470477,1.7230247714601,0
1246,0.03108749229449,0.038482592960046,-7.9481724619744,6.3353187135494,0
1627,-0.020798559652974,0.0046564199240605,-7.948112144755,3.4475561907723,0
894,-0.29523398116746,0.0013029726989975,-7.948019201899,0.81250002600024,0
1191,0.0069014822561319,0.0085429220054638,-7.9477081471954,6.6611921275971,0
895,-0.21458501142003,-0.00054622625963665,-7.9411245052905,0.93750003000006,0
1680,-0.029480426617043,-7.5458014214488e-05,-7.9380752056211,2.7815930476509,0
1706,-0.034629393986642,-0.0019909365624417,-7.936987601243,2.3520846307102,0
1301,0.049827224613455,0.062361567838092,-7.9369349401644,6.0146469180089,0
1756,-0.14076425890174,-0.0023187550973785,-7.9259866966093,1.1023425941127,0
1438,0.044006325336301,0.063874927507634,-7.922815158223,5.1373403379815,0
1654,-0.024478524163288,0.0025328369475748,-7.9160068916796,3.2152181473673,0
1356,0.059555068591585,0.076090067601767,-7.9142816353037,5.6995716135346,0
1732,-0.043296644580627,-0.0033827348078176,-7.9141588179635,1.9280173672661,0
1757,-0.092364253393125,-0.0033302294530675,-7.9005660806276,1.3067663870874,0
1574,-0.006705794872187,0.015059762972953,-7.8954124928209,4.1244552922184,0
1547,0.0015434614888082,0.022238480960229,-7.894876895299,4.3639580664424,0
1601,-0.013184350269281,0.0099463223732808,-7.8868219975634,3.8868840672032,0
1707,-0.032243850192925,-0.0011908960949735,-7.8848985589455,2.5565592141865,0
1520,0.011726206972267,0.031644864952138,-7.8848861814426,4.6050839559529,0
1411,0.053240550916775,0.071443161313949,-7.8805113199329,5.3904760009628,0
1681,-0.02753944132913,0.00098035169269536,-7.8760422425604,2.9858794141376,0
1733,-0.038385180536821,-0.0028531412790638,-7.8715741077786,2.1321112823424,0
1758,-0.066244701297724,-0.0038446288245079,-7.8710730475558,1.5106178947073,0
1628,-0.01827569651832,0.0064028936692733,-7.8694433621982,3.6515415412503,0
1219,0.019321338222829,0.023243814630542,-7.8686529843224,6.5999479713518,0
1274,0.040169152054651,0.048676309332436,-7.867425132638,6.2763130359004,0
1493,0.023515178696862,0.04276865526728,-7.8651206050883,4.847513503428,0
88,-1.000709728914,0.0012908456726873,-7.8551526007846,0.062500002000118,0
1329,0.055607397678842,0.068413234952049,-7.8545578239411,5.9579257156339,0
89,-0.92359692033857,0.0033418711959414,-7.8529408953461,0.1875000060004,0
90,-0.80080734711884,0.0045718112664788,-7.8507291899076,0.31250001000043,0
91,-0.6604760404865,0.0048269239967659,-7.8485174844692,0.43750001400015,0
896,-0.52193299247817,0.0041569461415095,-7.8440852430353,0.56250001800009,0
1655,-0.022329482267147,0.0039338640566735,-7.8436231127915,3.418713330842,0
1759,-0.051874067050415,-0.0038663982386631,-7.8375227511876,1.7137980558377,0
897,-0.39746604433923,0.0028268764617775,-7.8374324656059,0.68750002200028,0
1466,0.035734199473451,0.054115578787215,-7.8352700380976,5.0909164992271,0
898,-0.29375822551807,0.0010963685596345,-7.8307796881766,0.81250002600025,0
1384,0.058512606695142,0.074191415481348,-7.8303383459744,5.6451791665755,0
1708,-0.030265588237682,-0.00027542505049668,-7.8285870501943,2.7597929187467,0
1734,-0.035204959485988,-0.002170533232446,-7.8248517498408,2.3352053987702,0
899,-0.21297992008403,-0.00068966233846926,-7.8241269107473,0.93750003000006,0
1682,-0.025620921703311,0.0021557356761536,-7.8097159868858,3.188673278765,0
1784,-0.14004934601906,-0.0023900054309234,-7.8092777460217,1.1010114597458,0
1760,-0.043727392990288,-0.0035576458951123,-7.7999327548894,1.9162082065423,0
1575,-0.0032290070100949,0.017650145553576,-7.7989196632739,4.3264951672075,0
1602,-0.010146701290842,0.012171259198159,-7.7971265307213,4.0890551932559,0
1439,0.046534391701158,0.063424579362574,-7.7950666586538,5.3384548403686,0
1548,0.0054178578146965,0.025059640677296,-7.7913856169905,4.5656249893856,0
1247,0.029553306344695,0.034724288405331,-7.7895978214496,6.5387038151066,0
1302,0.048003924837339,0.057042561708481,-7.7866778033015,6.2173073582513,0
1629,-0.01563946400792,0.0082666415813635,-7.7863368309727,3.8536103642041,0
1785,-0.092272519828825,-0.003417966745658,-7.7842640670253,1.3027821535043,0
1192,0.006443768722281,0.0075868143766223,-7.7806652749258,6.8649911134557,0
1521,0.015819952083554,0.034362175017354,-7.7742029816468,4.806128300092,0
1735,-0.032904085359274,-0.0013675644972058,-7.7740173347695,2.5371991914871,0
1357,0.058691108440588,0.071188896454844,-7.7721807077179,5.9012045132591,0
1709,-0.028450220429897,0.0007450017760439,-7.7680845649483,2.9616832248786,0
1656,-0.020066621192822,0.0054702075071083,-7.7668900278663,3.6204546548971,0
1761,-0.038882111462411,-0.003028096060649,-7.7583230209175,2.1177501402707,0
1786,-0.066431456273674,-0.0039600579170975,-7.7553208627666,1.504000642096,0
1494,0.027518393138605,0.044890613773412,-7.7470598900621,5.0476779458367,0
1412,0.054623131924198,0.069276202312282,-7.7463950566451,5.5907867196165,0
1683,-0.023655516621361,0.0034403423762356,-7.7391340808282,3.3898704709117,0
92,-1.0049609515377,0.0012512605161367,-7.7370267993311,0.062500002000118,0
93,-0.92707972203925,0.0032436240691787,-7.7348955195452,0.1875000060004,0
94,-0.80310071205294,0.0044140950560881,-7.7327642397592,0.31250001000043,0
95,-0.66148757483093,0.0046307985014037,-7.7306329599733,0.43750001400015,0
900,-0.52181100043947,0.0039579909969959,-7.7263618909551,0.56250001800009,0
1787,-0.052200983817166,-0.0040074062914941,-7.7224627553272,1.7045713402153,0
901,-0.39649963656934,0.0026489517492836,-7.7199510327048,0.68750002200028,0
1736,-0.031024146833019,-0.00046355379968668,-7.7190988947676,2.7379927898424,0
902,-0.29228791509764,0.00094590579232462,-7.7135401744544,0.81250002600026,0
1762,-0.035772174596892,-0.0023438346964642,-7.7127158984387,2.3183261668302,0
1275,0.03841558648018,0.044163306843085,-7.7105426585765,6.4774596588611,0
1467,0.038974405843703,0.054826746522468,-7.709654352399,5.2899362581409,0
903,-0.21141446966267,-0.00079669946164647,-7.7071293162041,0.93750003000006,0
1330,0.054020971181526,0.063072127765401,-7.7059304739651,6.1583016806024,0
1710,-0.026669381904843,0.0018608767434998,-7.703425082092,3.1621284101628,0
1220,0.018195411508786,0.02078300998958,-7.7033633780985,6.8015561577407,0
1603,-0.0070045167729201,0.0144488339753,-7.702962431249,4.2890322679724,0
1630,-0.012895361035249,0.010215469398221,-7.6988405686217,4.0536550942933,0
1576,0.00032908366252248,0.020219105940409,-7.6978850525384,4.5261660228184,0
1812,-0.13932321736153,-0.0024462538472187,-7.6925687954338,1.0996803253789,0
1385,0.058636775653718,0.070447580997714,-7.689803591495,5.8444833108847,0
1657,-0.017669764568002,0.0071285322348105,-7.6858516643819,3.8203366612049,0
1788,-0.044141313071664,-0.0037148518621883,-7.685706691815,1.9043990458184,0
1549,0.0093198294607795,0.02773996313237,-7.6832853582053,4.7647430967561,0
1813,-0.092153328297281,-0.003491380807295,-7.6679620534229,1.2987979199213,0
1684,-0.021598240997127,0.0048269129271936,-7.6643366935345,3.589367768544,0
1763,-0.033551485378998,-0.0015447251442112,-7.6631361105936,2.5178391687877,0
1440,0.048778773205407,0.062514675996847,-7.6624517673156,5.5363942726571,0
1737,-0.029318538892923,0.00052832541890922,-7.6601268873362,2.9374870356196,0
1522,0.019871106904345,0.03679832257753,-7.6588497420266,5.0044393924463,0
1789,-0.039366965485462,-0.003194172571968,-7.6450719340562,2.103388998199,0
1814,-0.066589831808539,-0.0040589634918203,-7.6395686779773,1.4973833894847,0
1711,-0.02485333097959,0.0030620485037551,-7.6346450488648,3.3610276109814,0
1303,0.046198206229126,0.052051013870551,-7.6314874957035,6.4162155026156,0
1248,0.028037274192344,0.031244573494918,-7.6260614812714,6.7381212020258,0
1358,0.057681682289274,0.066328752050135,-7.6251831446287,6.0992960029535,0
1495,0.031323723113407,0.046532005225549,-7.6242744011686,5.2449202542796,0
96,-1.009113827298,0.001223495679178,-7.6189009978775,0.062500002000118,0
97,-0.93045748903858,0.0031737782511139,-7.6168501437442,0.1875000060004,0
98,-0.80530246482348,0.0042998165318596,-7.6147992896109,0.31250001000043,0
99,-0.6624373192366,0.004487496353186,-7.6127484354777,0.43750001400015,0
1764,-0.031761828533945,-0.00065491221759253,-7.609610739341,2.7161926609382,0
1193,0.005988828313651,0.0067091333596086,-7.6086403950969,7.0646027145621,0
904,-0.52165952311565,0.003812125646991,-7.6086385388753,0.56250001800009,0
1413,0.055736071374081,0.066771632212585,-7.6074264752722,5.7877621085104,0
1815,-0.052503811604351,-0.0041331034423775,-7.6074027594667,1.6953446245928,0
1631,-0.010042478975525,0.012221247409584,-7.607005199224,4.2515693687373,0
1604,-0.003758715848257,0.016739991661233,-7.6043844880863,4.486707056251,0
905,-0.39552765195033,0.0025178758402018,-7.6024695998039,0.68750002200029,0
1790,-0.03632810858146,-0.0025169590142522,-7.6005800470364,2.3014469348902,0
1658,-0.015166367094722,0.0088605799081444,-7.6005546065221,4.0182549953307,0
1738,-0.027656350775443,0.0015975309371101,-7.5971341772982,3.1355835415605,0
906,-0.29081611412503,0.00083369106649501,-7.5963006607326,0.81250002600026,0
1577,0.0039645462613771,0.022719948063629,-7.5923677347638,4.7233578934202,0
907,-0.20987821727091,-0.00088058575188969,-7.5901317216612,0.93750003000007,0
1685,-0.019417225237943,0.0063130740067175,-7.5853664977913,3.7870629582058,0
1468,0.04195583655661,0.055030557217464,-7.5792656632038,5.4858407556994,0
1840,-0.13858329004711,-0.0024961497246375,-7.5758598448463,1.0983491910121,0
1816,-0.044536338043234,-0.0038614968877554,-7.5714806287404,1.8925898850946,0
1550,0.013251134758778,0.030234152503712,-7.570639593991,4.9612008390559,0
1712,-0.022960215142361,0.0043403650346712,-7.5617833592028,3.5582808821909,0
1331,0.052396408229071,0.057960042129841,-7.5524323328304,6.3549713463702,0
1791,-0.03418471208788,-0.0017286046464812,-7.5522548864175,2.4984791460882,0
1765,-0.030155198475202,0.00030990633242834,-7.5521692097243,2.9132908463607,0
1841,-0.092009053350456,-0.0035569811544527,-7.5516600398207,1.2948136863383,0
1276,0.036671789579624,0.039947234558158,-7.548759584444,6.6746862463107,0
1386,0.058518529397606,0.06652510152142,-7.5444358152928,6.0402903253051,0
1523,0.023889142349202,0.038918846092966,-7.5388944499381,5.1999042504183,0
1221,0.017071762327412,0.018505653565573,-7.5331515389248,6.9990262857933,0
1817,-0.039836397683865,-0.0033566011350227,-7.5318208471948,2.0890278561272,0
1739,-0.025966983854932,0.0027340505590284,-7.5301560169015,3.3321847510511,0
1441,0.050764200065196,0.061177941513211,-7.5250493590491,5.7310409061357,0
1842,-0.066721644342311,-0.0041482993451902,-7.5238164931883,1.4907661368734,0
1659,-0.012555583536433,0.010643658476031,-7.5110479671989,4.2141064695022,0
1632,-0.0070778771524049,0.014253825593109,-7.5108839236342,4.4472480896836,0
1686,-0.017112675627515,0.0078766627522375,-7.5022686444225,3.9828548963682,0
1605,-0.00040768576692393,0.019005934762341,-7.5014501113223,4.6819726900842,0
100,-1.0131983067216,0.0012044571742116,-7.500775196424,0.062500002000118,0
1792,-0.032479682307501,-0.00085723517740964,-7.5001225839142,2.694392532034,0
101,-0.93375928939113,0.0031249076496363,-7.4988047679433,0.1875000060004,0
1496,0.034911038445899,0.047653019095387,-7.49683674431,5.4391261687433,0
102,-0.80743645702665,0.0042175247222577,-7.4968343394627,0.31250001000043,0
103,-0.66334094368089,0.0043826928534759,-7.494863910982,0.43750001400015,0
1843,-0.052782458969215,-0.0042499473423141,-7.4923427636064,1.6861179089704,0
908,-0.52148550651247,0.0037040648427412,-7.4909151867955,0.56250001800009,0
1766,-0.028598720030932,0.0013382017621821,-7.4908432725045,3.1090386729583,0
1818,-0.036869266027225,-0.0026937860951114,-7.4884441956339,2.2845677029502,0
909,-0.39455024855371,0.0024188379797965,-7.4849881669031,0.68750002200029,0
1713,-0.020961833566775,0.0056912797643044,-7.4848813312006,3.7537892552067,0
1578,0.007680897822478,0.025108067288431,-7.4824294459554,4.9179622856656,0
910,-0.28933932844022,0.00074814460694265,-7.4790611470107,0.81250002600027,0
1359,0.056536151590092,0.061522022159395,-7.4733771699575,6.293727190125,0
911,-0.20835983678458,-0.00094919121215226,-7.4731341271183,0.93750003000007,0
1304,0.044379313414457,0.047333750045141,-7.4714576876166,6.6112512905955,0
1414,0.056587692951495,0.063955162222422,-7.4636884859569,5.9812846476568,0
1740,-0.024210102299731,0.00392939532573,-7.459230024871,3.5271939958377,0
1868,-0.1378279620215,-0.0025449851104242,-7.4591508942588,1.0970180566452,0
1249,0.026514997903245,0.027996352916491,-7.457662682753,6.9334498570246,0
1844,-0.044910490082594,-0.0040027995672808,-7.4572545656661,1.8807807243707,0
1551,0.017219579203214,0.032499793022395,-7.4535144987076,5.1548882465571,0
1793,-0.030964334557672,7.9224105642424e-05,-7.4442115321122,2.8890946571018,0
1469,0.044699539703262,0.054749097406128,-7.4441812966132,5.6785146140895,0
1819,-0.034801027212106,-0.0019226009893665,-7.4413736622413,2.4791191233888,0
1869,-0.091841248551089,-0.0036192317755271,-7.4353580262186,1.2908294527552,0
1194,0.0055293619299595,0.0058942752858842,-7.4317384383,7.2599051728124,0
1767,-0.027020796148418,0.002420067721903,-7.4256669849383,3.3033418911208,0
1845,-0.040287204915233,-0.0035191475900143,-7.4185697603335,2.0746667140555,0
1660,-0.0098325243881417,0.012454190387309,-7.417383359182,4.4077891231162,0
1687,-0.014702938000409,0.0094814283438606,-7.415090735174,4.1766435702672,0
1524,0.027876993529795,0.040690363864808,-7.4144078254162,5.3924115817873,0
1633,-0.0039956787011691,0.016281960293829,-7.4105324878808,4.6405874867481,0
1870,-0.066827964134523,-0.0042328817731809,-7.4080643083993,1.4841488842621,0
1714,-0.018836878740387,0.0071117662835216,-7.403982682323,3.9474547974056,0
1387,0.058162583827908,0.062449390146924,-7.3943220070849,6.2324830338801,0
1606,0.0030555682791089,0.021207409718494,-7.3942192979199,4.8747237322753,0
1332,0.050711450125609,0.053045901369093,-7.3941557907893,6.5478163348804,0
1820,-0.033176340696529,-0.0010743628578994,-7.3906344284872,2.6725924031297,0
1794,-0.02950439381876,0.0010683520660349,-7.3845523677107,3.0824938043561,0
1741,-0.022360559936077,0.0051774218891974,-7.38439616461,3.7205155522076,0
1442,0.052499304810976,0.059437423875028,-7.3829411566206,5.9222789700081,0
104,-1.0172365474629,0.0011918898945482,-7.3826493949706,0.062500002000118,0
1277,0.034909344861841,0.035979514935387,-7.3821738265809,6.8678734282558,0
105,-0.93700662199002,0.0030916196293519,-7.3807593921425,0.1875000060004,0
106,-0.80952011831087,0.0041589204007635,-7.3788693893145,0.31250001000044,0
1871,-0.053036527966693,-0.0043625445164821,-7.3772827677462,1.676891193348,0
107,-0.66420950829035,0.0043061109661829,-7.3769793864864,0.43750001400015,0
1846,-0.03739203484477,-0.0028768713155435,-7.3763083442316,2.2676884710101,0
912,-0.52129312500071,0.0036232307250312,-7.3731918347157,0.5625000180001,0
1579,0.011487231593581,0.027341151033098,-7.3681345474771,5.1098722426959,0
913,-0.39356630922677,0.0023422810764966,-7.3675067340023,0.6875000220003,0
1497,0.03829640202436,0.048268264936871,-7.3648222879648,5.6301832323721,0
914,-0.28786330845794,0.00068022602899922,-7.3618216332889,0.81250002600028,0
1222,0.015933664084594,0.016376860362054,-7.3581210284704,7.1922382082708,0
1768,-0.025381608544746,0.0035470484232481,-7.3566766905394,3.4961071094846,0
915,-0.20684004590828,-0.0010090959109098,-7.3561365325755,0.93750003000007,0
1872,-0.045261840424812,-0.0041425698185113,-7.3430285025918,1.8689715636468,0
1896,-0.1370561488607,-0.0025946641384802,-7.3424419436713,1.0956869222783,0
1821,-0.031746445202612,-0.0001688822952871,-7.3362538544999,2.8648984678428,0
1552,0.021240403019508,0.03449494043662,-7.3319789065223,5.3456969948313,0
1847,-0.035397103544989,-0.0021285718202588,-7.3304924380652,2.4597591006893,0
1688,-0.012183484230553,0.011108228613972,-7.32388279473,4.3683301565489,0
1795,-0.028027318252586,0.0021003177217658,-7.3211779529749,3.2744990311905,0
1661,-0.0069886254381123,0.014267025297986,-7.3196148644392,4.5992022834121,0
1715,-0.01659630085981,0.0085734179705607,-7.3191335031491,4.1391806710321,0
1897,-0.091650688374913,-0.0036808351872486,-7.3190560126165,1.2868452191722,0
1360,0.055249803164587,0.056773962031575,-7.3168538939621,6.4843813791656,0
1415,0.057169365530459,0.060845893377056,-7.3152668442125,6.1712388776354,0
1305,0.042518457778814,0.042849287713251,-7.3066849704087,6.8022969994868,0
1634,-0.00078569229157784,0.018272713219631,-7.3060091498842,4.8314851788848,0
1742,-0.020399464734298,0.0064735257401422,-7.3056967202235,3.9120546984431,0
1873,-0.040716357557807,-0.0036845451714437,-7.3053186734724,2.0603055719837,0
1470,0.04721194127784,0.053997954454393,-7.3044813675918,5.8678443733134,0
1898,-0.066909201858689,-0.0043159669150336,-7.2923121236103,1.4775316316508,0
1525,0.031732724010113,0.041981083798525,-7.2854632793163,5.5818518506546,0
1250,0.024964271346567,0.024937712146655,-7.2845036186408,7.1245712437293,0
1769,-0.023657638548521,0.0047121815845497,-7.2839109980195,3.6872418492086,0
1607,0.0066427788035074,0.023305951985039,-7.2827545962466,5.0648562388347,0
1848,-0.0338492421154,-0.0013080568336107,-7.2811462730604,2.6507922742254,0
1822,-0.030376178825263,0.00078064325535987,-7.2782614629167,3.0559489357538,0
108,-1.0212450357921,0.001184151724054,-7.2645235935173,0.062500002000118,0
1874,-0.037892878516269,-0.0030679287183205,-7.2641724928294,2.2508092390701,0
109,-0.94021547198858,0.003069991294573,-7.2627140163418,0.1875000060004,0
1899,-0.053265323533884,-0.0044741513243872,-7.2622227718859,1.6676644777256,0
110,-0.81156628899026,0.004117977880091,-7.2609044391663,0.31250001000044,0
111,-0.66505081927772,0.0042503732543084,-7.2590948619909,0.43750001400015,0
916,-0.52108490796888,0.0035622934770363,-7.2554684826359,0.5625000180001,0
1796,-0.026493255366846,0.0031668850126871,-7.2541233562077,3.4650202231316,0
1195,0.0050586366141721,0.005120605129348,-7.2500673101993,7.4507793584959,0
917,-0.39257415586463,0.0022818948249423,-7.2500253011015,0.68750002200031,0
1580,0.015398893991238,0.029377697226218,-7.2495499876284,5.2989824078753,0
918,-0.28638351271006,0.000622897239397,-7.2445821195671,0.81250002600028,0
1388,0.057566444968211,0.058248545012941,-7.2395519971353,6.4209464234511,0
919,-0.20531312808361,-0.0010650458939251,-7.2391389380327,0.93750003000008,0
1443,0.053974885611612,0.057310553037025,-7.2362116813396,6.1099947213903,0
1333,0.048942029032885,0.048305619252123,-7.2311961142367,6.736720570718,0
1716,-0.014248663421652,0.010049497310066,-7.2303822302779,4.3288711899815,0
1900,-0.045588468366181,-0.0042835690019542,-7.2288024395175,1.857162402923,0
1689,-0.0095443688046612,0.012736455633288,-7.2286972409978,4.557817080076,0
1498,0.041481490466804,0.04838001289443,-7.2283091188705,5.8179808575729,0
1849,-0.032500093914162,-0.00043667703294112,-7.2282961768878,2.8407022785838,0
1924,-0.13626695214821,-0.0026454124108063,-7.2257329930839,1.0943557879115,0
1743,-0.018310188969301,0.0078133047797811,-7.2231762711242,4.101717771797,0
1875,-0.035969430979993,-0.0023474988466673,-7.2196112138892,2.4403990779899,0
1662,-0.0040115670329674,0.016054753127831,-7.2177990018486,4.7882466254943,0
1823,-0.028992215615584,0.0017644347827698,-7.2166889210114,3.2456561712602,0
1278,0.033102371479474,0.032218428112753,-7.2108862088111,7.0569042791876,0
1770,-0.021832646124775,0.0059094776844814,-7.2074107581241,3.8766545994806,0
1553,0.025345442961993,0.036205881785085,-7.2061042706678,5.5335204689372,0
1925,-0.091437428006604,-0.0037433470642735,-7.2027539990145,1.2828609855892,0
1635,0.00256648236004,0.020192741173609,-7.197374645016,5.0198402349734,0
1901,-0.041120983551133,-0.0038547649174552,-7.1920675866112,2.045944429912,0
1797,-0.024879390366493,0.004260871654089,-7.1834258314289,3.6539681462095,0
1223,0.014764858976937,0.014356143987748,-7.1783783404832,7.3810743687632,0
1926,-0.06696520346524,-0.0043997377580271,-7.1765599388214,1.4709143790395,0
1850,-0.031214051898289,0.00047171952023587,-7.1719705581229,3.0294040671515,0
1876,-0.034495284184863,-0.0015589520924262,-7.1716581176337,2.6289921453212,0
1608,0.010370638025063,0.025262744002326,-7.1671210687346,5.2522678209193,0
1416,0.057460561381575,0.057463263815835,-7.1622501003086,6.3575114677367,0
1471,0.049481177921565,0.052789050584849,-7.1602487315444,6.0537185598128,0
1361,0.053809654966022,0.052088726891432,-7.1557072580647,6.6711441419494,0
1526,0.035443068612464,0.042777348935848,-7.1521368701492,5.7681173418324,0
1902,-0.03836840672437,-0.0032680956619909,-7.1520366414272,2.2339300071301,0
1824,-0.027554407191028,0.0027745601768787,-7.1515700218758,3.4339333367785,0
1927,-0.053467878156685,-0.0045870516794489,-7.1471627760258,1.6584377621032,0
112,-1.0252361343775,0.0011800449538838,-7.1463977920639,0.062500002000119,0
113,-0.94339780879675,0.0030571471314571,-7.144668640541,0.1875000060004,0
114,-0.81358448703598,0.0040902943095796,-7.1429394890181,0.31250001000044,0
115,-0.66587045616911,0.0042101394790205,-7.1412103374953,0.43750001400015,0
1717,-0.011784056005323,0.01152281728655,-7.1377796175563,4.51643187674,0
920,-0.52086236265763,0.0035159164106227,-7.1377451305561,0.5625000180001,0
1306,0.040588144648052,0.0385633545152,-7.1372687989812,6.9892373146458,0
1744,-0.016109998772397,0.0091642653652575,-7.1368816658259,4.2894122234142,0
921,-0.39157216491341,0.0022329562601332,-7.1325438682007,0.68750002200031,0
1690,-0.0067722242265842,0.014342935567754,-7.129588853813,4.7450080721039,0
922,-0.28489594424822,0.00057203953496947,-7.1273426058452,0.81250002600029,0
1771,-0.019891070717116,0.007134011976138,-7.1272190390994,4.064254872562,0
1581,0.019445888576515,0.031181030960837,-7.1267452620193,5.4851890872198,0
923,-0.20377506805472,-0.0011194464573464,-7.1221413434898,0.93750003000008,0
1877,-0.033222856014848,-0.00072485387100848,-7.1203384992757,2.8165060893248,0
1928,-0.045888434584516,-0.0044277712140332,-7.1145763764434,1.8453532421992,0
1851,-0.029917213226682,0.0014073927716792,-7.112199889048,3.2168133113299,0
1663,-0.00088515179585014,0.017788932461416,-7.1119946937854,4.974824231112,0
1798,-0.023170937061412,0.0053755126454929,-7.1091247960246,3.8412545005181,0
1952,-0.13545912533399,-0.0026977498714074,-7.1090240424964,1.0930246535446,0
1903,-0.036514512693497,-0.0025798314200142,-7.1087299897132,2.4210390552905,0
1251,0.023362572078962,0.022024180191095,-7.1066893707672,7.3113693790307,0
1499,0.044449182928424,0.047989396678221,-7.0873779948269,6.002410392903,0
5687,0.0046273247038316,0.004501953557426,-7.086743644948,7.6150810089411,0
1953,-0.091200989334983,-0.0038078492072794,-7.0864519854123,1.2788767520062,0
1444,0.055165452283867,0.054814726181672,-7.0849482034816,6.2940765120219,0
1636,0.0060798496810752,0.022007231190673,-7.0846921498406,5.2055532339632,0
1825,-0.026040088507223,0.0038039783571734,-7.0829406648381,3.6206944432104,0
1389,0.05672387375622,0.053953562369636,-7.0802184018933,6.6055677131811,0
1929,-0.041498340938383,-0.0040311961562598,-7.0788164997502,2.0315832878403,0
1554,0.029415704077655,0.037490923937284,-7.0759646214279,5.718253826092,0
1878,-0.032016458914893,0.00014042487656001,-7.0656796533292,3.0028591985492,0
1334,0.047062197682052,0.043720454521328,-7.0636513891515,6.9215703501041,0
1904,-0.035111168816461,-0.0018270520039992,-7.062169962207,2.6071920164169,0
1954,-0.066995385925349,-0.0044856776408923,-7.0608077540323,1.4642971264282,0
1852,-0.028569052712724,0.0023627412943648,-7.049016687544,3.4028464504253,0
1609,0.014266838559228,0.027038477783195,-7.0473862533709,5.4368577055024,0
1745,-0.013795262954913,0.010507487959985,-7.0468619941149,4.475046673404,0
1772,-0.017822048326873,0.0083775873286402,-7.0433811013739,4.2499532568468,0
1718,-0.0091888246877511,0.012973244054597,-7.0413787057775,4.7017695187135,0
1930,-0.038815391822403,-0.0034780852917632,-7.0399007900252,2.2170507751902,0
1279,0.031220897026318,0.028621166731568,-7.035000401051,7.2416643892978,0
1955,-0.053642996703972,-0.0047028305034671,-7.0321027801655,1.6492110464807,0
1799,-0.021355030479756,0.0065045643925476,-7.0312618070745,4.026791973327,0
116,-1.0292191878714,0.0011786924171123,-7.0282719906104,0.062500002000119,0
117,-0.94656265665571,0.0030509767056442,-7.0266232647402,0.18750000600041,0
1691,-0.0038501029002516,0.015903241209573,-7.026614742555,4.9298082272507,0
118,-0.81558180532017,0.0040726415799071,-7.0249745388699,0.31250001000044,0
119,-0.66667240486839,0.0041815063633339,-7.0233258129997,0.43750001400015,0
924,-0.52062630130133,0.0034802515879275,-7.0200217784763,0.5625000180001,0
5686,0.013699343700387,0.012755961025481,-7.0167339362663,7.5436829558403,0
925,-0.39055871393641,0.0021920969312649,-7.0150624352998,0.68750002200032,0
1527,0.038983679209928,0.043063598465955,-7.0145072581093,5.9511022259933,0
1905,-0.033911841372105,-0.0010332436586721,-7.0123808216637,2.7923099000659,0
1472,0.051477616758578,0.051135616739598,-7.0115689358709,6.2360277516398,0
1826,-0.024435102944702,0.0048457666496766,-7.0108388339249,3.8058544015556,0
926,-0.28339705933355,0.00052515968585561,-7.0101030921233,0.8125000260003,0
1879,-0.030801827698137,0.001027180636509,-7.0077108570847,3.1879704513996,0
927,-0.20222296517634,-0.001173634795461,-7.0051437489468,0.93750003000008,0
1417,0.057437670351592,0.05383532743458,-7.0047295457219,6.539991284413,0
1664,0.0024116570179728,0.019438924493804,-7.0022632309467,5.158838647007,0
1956,-0.046159770935405,-0.0045765542113296,-7.0003503133691,1.8335440814753,0
1582,0.02365238583073,0.032719825378946,-6.9997923727066,5.6683903103516,0
1931,-0.037028954821234,-0.0028256661800163,-6.9978487655374,2.4016790325911,0
1980,-0.13463126789617,-0.0027521628545524,-6.9923150919087,1.0916935191778,0
1362,0.052195510192984,0.047471468632993,-6.990033979322,6.8539033855627,0
1853,-0.027146765342449,0.0033310554570244,-6.9824554982474,3.5874207402113,0
1981,-0.09094052689491,-0.0038750690139216,-6.9701499718101,1.2748925184231,0
1637,0.0097819024197256,0.0236789038658,-6.9680272447223,5.3885263237849,0
1957,-0.04184579346672,-0.0042147732436083,-6.965565412889,2.0172221457686,0
1307,0.038550681817527,0.034439814618535,-6.9633114313347,7.171959399565,0
1906,-0.032781052386913,-0.00021317588903388,-6.9593887485354,2.976314329947,0
1773,-0.015638375426766,0.0096096905940102,-6.9559443706735,4.433661470068,0
1746,-0.011352681389058,0.011825033301035,-6.953168557742,4.6585309653231,0
1932,-0.035693581982607,-0.002111984006401,-6.9526818067804,2.5853918875127,0
1800,-0.019419336701524,0.0076418497693358,-6.949880536922,4.2104942902796,0
5685,0.021898460380373,0.019718509084493,-6.9467242275848,7.4722849027397,0
1880,-0.029538083084994,0.0019281384578891,-6.9464633532123,3.3717595640721,0
1982,-0.06699884292553,-0.0045747605641641,-6.9450555692432,1.4576798738168,0
5677,0.0042925871249007,0.0040316866300681,-6.9428265635234,7.7537060339463,0
1500,0.047163961936204,0.047101644336197,-6.9421122974768,6.1833651865905,0
1555,0.033383815185596,0.038288470885986,-6.9416365213918,5.8997940590837,0
1719,-0.0064461497521875,0.014379339482923,-6.9412347913245,4.8847922233895,0
1827,-0.022728138293388,0.0058930090275954,-6.9353045750495,3.989329074092,0
1445,0.05603367425799,0.051972734679182,-6.9292406895501,6.4744148556445,0
1958,-0.039230764152179,-0.0036982803468954,-6.927764938623,2.2001715432502,0
1610,0.018364993527466,0.028592222072714,-6.9236201239853,5.6185267946112,0
1692,-0.00075581126524149,0.017390377700523,-6.9198343120528,5.112124060051,0
1983,-0.053789298303235,-0.0048225498999326,-6.9170427843052,1.6399843308583,0
1390,0.055621390297077,0.049596947364674,-6.9164165694929,6.7862364210216,0
1854,-0.025636359454393,0.0043056397515953,-6.9125528718254,3.770454302593,0
120,-1.0332013287624,0.0011794508209246,-6.9101461891569,0.062500002000119,0
121,-0.94971687427747,0.0030499279659965,-6.908577888939,0.18750000600041,0
122,-0.81756358591489,0.0040626417661068,-6.9070095887212,0.31250001000044,0
123,-0.6674595330806,0.0041616274155694,-6.9054412885034,0.43750001400015,0
1933,-0.034563982300444,-0.0013611881008821,-6.9044231440518,2.768113710807,0
1907,-0.031644373251097,0.00062349119823642,-6.9032218251215,3.1591275914693,0
928,-0.52037706499389,0.0034525302921921,-6.9022984263958,0.5625000180001,0
929,-0.38953223231945,0.0021569686485883,-6.8975810023983,0.68750002200032,0
930,-0.28188382283351,0.00048068347367413,-6.8928635784009,0.81250002600031,0
1335,0.045028326536275,0.03926728216792,-6.8916224616185,7.1022544098322,0
1665,0.0059069437129711,0.020970949001833,-6.8886682360737,5.3401949420673,0
931,-0.20065451952764,-0.0012283910970935,-6.8881461544035,0.93750003000009,0
1959,-0.037509503934604,-0.0030848434990297,-6.8869675413613,2.3823190098916,0
1984,-0.046400479248601,-0.0047308344641021,-6.8861242502947,1.8217349207515,0
1881,-0.028202159192833,0.0028370014835208,-6.8819703316568,3.5541470372122,0
5684,0.029499277644932,0.025768572010069,-6.876714518903,7.4008868496388,0
2008,-0.13378194357749,-0.0028089522261433,-6.875606141321,1.0903623848109,0
5676,0.012799627215144,0.011459661444783,-6.8742321289574,7.6809470974768,0
1528,0.042312091646907,0.042832124500089,-6.8726556590826,6.1307026215412,0
1583,0.027891939928306,0.03385925225548,-6.8687657846743,5.848485892174,0
1801,-0.01735350099635,0.0087763995963425,-6.8650267472321,4.3922762667321,0
1774,-0.013329081930668,0.010813367397596,-6.8649584097065,4.6152924119327,0
1473,0.05315664199067,0.049056365731941,-6.8585301682884,6.4146646444633,0
1828,-0.020908712391243,0.006938806779719,-6.8563799724698,4.1710353237122,0
1747,-0.0087661815699612,0.013097544830144,-6.855854840094,4.8397762195282,0
2009,-0.090654983644377,-0.0039454461555356,-6.8538479582077,1.2709082848401,0
1934,-0.033505109920453,-0.00058832975572832,-6.8530978437418,2.9497694613448,0
1985,-0.042160792774235,-0.0044060667298874,-6.8523143260277,2.0028610036969,0
1638,0.013706758923966,0.025168258097187,-6.8474478752639,5.5686632788706,0
1908,-0.030460644731754,0.0014697903461096,-6.8439100188806,3.3406726777191,0
1960,-0.036239286021272,-0.0024131315439793,-6.8431936513536,2.5635917586085,0
1418,0.057073697178461,0.050002424309358,-6.8427991596638,6.7185694564807,0
1855,-0.024027272921398,0.0052795063333876,-6.8393473430245,3.9518661748568,0
1720,-0.0035334805152949,0.015716983313707,-6.837405393159,5.0654094730949,0
2010,-0.066974439791188,-0.0046675915165115,-6.8293033844539,1.4510626212055,0
1363,0.050361360318158,0.042920282036783,-6.8199334919025,7.0325494200997,0
1986,-0.039611601463178,-0.0039287950483853,-6.8156290872206,2.1832923113102,0
1882,-0.026779987373441,0.0037474908448211,-6.8142669097259,3.7350542036304,0
1693,0.0025390236577145,0.01877394537454,-6.8093092274252,5.2918635603498,0
5683,0.036680987752222,0.031151914844078,-6.8067048102211,7.3294887965379,0
5675,0.020605808321579,0.017786337006573,-6.8056376943915,7.6081881610074,0
1556,0.037198825161218,0.038577340843995,-6.8031990206885,6.078040056492,0
2011,-0.053905261261589,-0.0049468825431407,-6.8019827884447,1.6307576152359,0
1935,-0.032442544418832,0.00019698834016005,-6.7987327931583,3.1302847315391,0
1961,-0.035176192212788,-0.0017077358904471,-6.7964654664397,2.7439175215481,0
5667,0.0039672351734434,0.0035854660295358,-6.7963387075559,7.8896116331608,0
1611,0.022689076383251,0.029894236149691,-6.7958950479568,5.7971777252643,0
1501,0.049573071217093,0.045728606216224,-6.7925979819369,6.3607406508694,0
124,-1.0371880621419,0.0011818475301465,-6.7920203877029,0.062500002000119,0
125,-0.95286572416039,0.0030528546073369,-6.7905325131373,0.18750000600041,0
126,-0.81953386776436,0.0040585333283198,-6.7890446385718,0.31250001000044,0
127,-0.66823391246361,0.004148433737252,-6.7875567640062,0.43750001400015,0
932,-0.52011471945481,0.0034307531729762,-6.7845750743144,0.56250001800011,0
1909,-0.029206516556205,0.0023198561642028,-6.7814851650662,3.5208733342131,0
933,-0.38849126097758,0.0021259169750558,-6.7800995694963,0.68750002200033,0
1802,-0.015162670985867,0.0098806607322498,-6.7767482616711,4.5720538585424,0
1987,-0.037953060381965,-0.0033570019448047,-6.7760863171852,2.3629589871922,0
934,-0.28035369232155,0.00043758019844762,-6.7756240646782,0.81250002600031,0
1829,-0.018965705761488,0.0079744019744529,-6.7741091237906,4.3508910633961,0
2012,-0.046608539787159,-0.0048911706482818,-6.7718981872202,1.8099257600277,0
1666,0.0096350359151832,0.022348834216616,-6.7712756265425,5.51879976313,0
935,-0.19906776151411,-0.0012842007376491,-6.7711485598601,0.93750003000009,0
1775,-0.010879265366769,0.011970560216756,-6.7704748888636,4.7947602156669,0
1446,0.056529613658887,0.048818017591613,-6.7691817498344,6.6509024919393,0
1856,-0.022310032681593,0.0062453083716604,-6.7628794080177,4.1315763571448,0
2036,-0.13290969080359,-0.0028683462209955,-6.758897190733,1.089031250444,0
1748,-0.0060133750024495,0.014303073709006,-6.7549764742651,5.0186948861388,0
1391,0.054214358067891,0.04520610553414,-6.748244522187,6.9628444303676,0
1962,-0.034185772523055,-0.00098388321895732,-6.7468069389481,2.9232245927425,0
1883,-0.025261311111178,0.0046528999991801,-6.7433901109996,3.9144032756218,0
1936,-0.03133493961759,0.00098808301603032,-6.7413566845491,3.309585791366,0
2013,-0.042440869075352,-0.0046053533534885,-6.7390632391663,1.9884998616252,0
2037,-0.090343140209171,-0.0040192498876173,-6.7375459446052,1.2669240512571,0
5674,0.02793250706115,0.02331803395421,-6.7370432598253,7.5354292245377,0
5682,0.043144460218151,0.035682331655583,-6.7366951015394,7.2580907434371,0
1584,0.032054563422352,0.03452132542197,-6.7337423822945,6.0253774914429,0
1988,-0.036745166468652,-0.0027297029973876,-6.7337054959268,2.5417916297043,0
1721,-0.00042273861714623,0.016958527613144,-6.7299502187767,5.2435321786324,0
5666,0.011925790491458,0.010233621302503,-6.7291859348556,7.8155197955813,0
1529,0.045366470113536,0.042083522349806,-6.7266657955854,6.3068166572756,0
1639,0.017891974066197,0.026434037209578,-6.7230243112391,5.7458695583545,0
1910,-0.027867731868932,0.0031678993295447,-6.7159809476265,3.699654104668,0
2038,-0.066920869711762,-0.0047645316871963,-6.7135511996645,1.4444453685943,0
2014,-0.039955119603884,-0.0041695199170313,-6.7034932358182,2.1664130793702,0
1474,0.054455689081146,0.046583424764163,-6.701223205552,6.589524114083,0
1694,0.006068363247619,0.020021091846665,-6.6951033778211,5.4689362473895,0
1963,-0.033193754493658,-0.00025110008717963,-6.694243761195,3.1014418716088,0
1830,-0.016882776318592,0.0089894686905852,-6.6885381136354,4.528815305152,0
1989,-0.035745453548251,-0.0020717456692687,-6.6885077888276,2.7197213322891,0
2039,-0.053989259716492,-0.0050762189423363,-6.6869227925841,1.6215308996136,0
1803,-0.012834295852512,0.01093717187888,-6.6850949376333,4.7497442118058,0
1857,-0.020474768740386,0.0071944123237426,-6.6831915003491,4.30950586006,0
1937,-0.030158688724888,0.0017795058886577,-6.6809999984758,3.4875996312141,0
1419,0.056317480453407,0.04601909890522,-6.6765555524716,6.8931394406356,0
128,-1.0411836887821,0.0011855325842951,-6.6738945862487,0.062500002000119,0
1776,-0.0082669364321502,0.013061055088902,-6.6725475553714,4.9719802991828,0
129,-0.95601328502493,0.0030589018230205,-6.6724871373355,0.18750000600041,0
130,-0.82149573360031,0.0040590045885851,-6.6710796884222,0.31250001000044,0
131,-0.66899704791584,0.0041403900205129,-6.6696722395089,0.43750001400015,0
1884,-0.023637140862412,0.0055458824037257,-6.6693788435657,4.0921173905774,0
5673,0.034938392358879,0.028267307364097,-6.6684488252591,7.462670288068,0
936,-0.51983917516226,0.0034134666802196,-6.6668517222329,0.56250001800011,0
5681,0.048621727278626,0.039200302224861,-6.6666853928579,7.1866926903365,0
2015,-0.038356681910261,-0.0036416120798372,-6.665205093009,2.3435989644928,0
1612,0.027057439809453,0.030787499460768,-6.6642857439004,5.9727149263936,0
937,-0.38743446725105,0.0020977561523413,-6.6626181365941,0.68750002200034,0
5665,0.019337505110118,0.015952037642217,-6.6620331621555,7.7414279580019,0
1557,0.040789830718009,0.038344071715733,-6.6607336092339,6.2528926636819,0
938,-0.27880450600187,0.00039516220290399,-6.6583845509553,0.81250002600032,0
2040,-0.046781923935881,-0.0050578451291313,-6.6576721241456,1.7981165993039,0
939,-0.19746091954538,-0.0013413634286533,-6.6541509653165,0.93750003000009,0
1749,-0.0030669019090906,0.015416055947079,-6.6505912101282,5.1952007969148,0
1667,0.013636425965902,0.023533980383352,-6.6501535745215,5.6945613914447,0
1911,-0.02643409101204,0.0040076673525594,-6.6474328789748,3.8769403763868,0
5657,0.003634590374691,0.0031620159818491,-6.6473314542358,8.0227501408471,0
2064,-0.13201302733608,-0.0029304686461292,-6.6421882401451,1.0877001160772,0
1990,-0.034820181529721,-0.0013984376740396,-6.6405160341542,2.8966797241403,0
1502,0.051601567402373,0.043899397151111,-6.6389235268166,6.5344343229118,0
1964,-0.032158697935175,0.00048419130543736,-6.6388033502173,3.2784989050129,0
2041,-0.042683628595474,-0.0048126713360004,-6.6258121523049,1.9741387195535,0
2016,-0.037208256185333,-0.0030607693210869,-6.6242173404999,2.5199915008001,0
2065,-0.090003666231609,-0.004096604052713,-6.6212439310027,1.2629398176741,0
1722,0.0029192120100074,0.018073815606718,-6.6189311290998,5.419072731649,0
1938,-0.028899313064456,0.0025659680472255,-6.6176949855271,3.6642540057055,0
1447,0.056582374255424,0.045422914535517,-6.6048665827557,6.8234344509032,0
1858,-0.018507056860401,0.0081169768848537,-6.6003279655998,4.4855767517615,0
5672,0.041347322121638,0.032472209619101,-6.599854390693,7.3899113515984,0
1831,-0.014664438135185,0.0099560568247241,-6.5997149864027,4.7047282079445,0
2066,-0.066836705860618,-0.0048657559457665,-6.5977990148751,1.437828115983,0
5680,0.052800028994003,0.041532215122095,-6.5966756841768,7.1152946372364,0
5664,0.02637597745512,0.020985387751104,-6.5948803894551,7.6673361204222,0
1640,0.022331271087803,0.027441741434574,-6.5948291055061,5.9200523613442,0
1585,0.036058996102392,0.034680272351188,-6.5948014228825,6.1989686700882,0
1885,-0.021898194284113,0.0064178316463578,-6.5922738769076,4.268120656724,0
2042,-0.040258666617211,-0.0044201564523334,-6.5913573844158,2.1495338474303,0
1804,-0.010346754992208,0.011927348789161,-6.5901186364776,4.9252657122268,0
1991,-0.033895333608513,-0.00071920832967005,-6.5897547292316,3.0725990116785,0
5656,0.011037106696962,0.0090701192759805,-6.5816461790626,7.9473538950262,0
2017,-0.036268867606314,-0.0024519410201382,-6.5805501112154,2.6955251430302,0
1965,-0.031056790665986,0.0012169294994763,-6.5805148318852,3.454325928215,0
1695,0.0098716988622708,0.021096611798079,-6.5772828378039,5.643253224535,0
1530,0.048058162380826,0.040840176728706,-6.5766238480812,6.4793445317406,0
1912,-0.024896796086435,0.0048321378029045,-6.5758782791137,4.0526584240102,0
2067,-0.054039599350403,-0.0052107332990993,-6.5718627967235,1.6123041839912,0
1777,-0.0054656019222155,0.014060851946882,-6.5712322014798,5.1468694151974,0
132,-1.04519161201,0.001190244903608,-6.5557687847945,0.062500002000119,0
133,-0.95916274954983,0.0030674280177999,-6.5544417615334,0.18750000600041,0
2043,-0.038717584109379,-0.0039379998655577,-6.5543238688328,2.3242389417935,0
134,-0.82345155962646,0.0040630745139302,-6.5531147382723,0.31250001000044,0
135,-0.66975004342384,0.0041363550453915,-6.5517877150112,0.43750001400015,0
1939,-0.027546542328261,0.0033417392224474,-6.55147564695,3.8394774771518,0
940,-0.51955025895986,0.0033996080405173,-6.5491283701509,0.56250001800011,0
941,-0.38636064704518,0.0020716750504984,-6.5451367036915,0.68750002200034,0
2068,-0.046918610743739,-0.0052309216242955,-6.543446061071,1.7863074385801,0
1750,0.00010512095306452,0.016408362915207,-6.5427588803785,5.3692092159085,0
942,-0.27723439239405,0.00035296936845076,-6.5411450372321,0.81250002600033,0
1475,0.055297500700791,0.043821687010133,-6.5397413589691,6.7605032794382,0
943,-0.19583236090438,-0.0014000516215737,-6.5371533707727,0.9375000300001,0
1992,-0.032929458115224,-4.0238973151861e-05,-6.5362500158855,3.2474120186598,0
2018,-0.035405558798364,-0.0018304342730847,-6.5342251293603,2.8701348555381,0
5671,0.046912832382772,0.035795228747936,-6.5312599561271,7.317152415129,0
1613,0.03134793333301,0.03121462082883,-6.528869236531,6.1450446764944,0
5663,0.033179894531739,0.025513962415329,-6.5277276167547,7.5932442828425,0
5679,0.055412029804103,0.042566944126631,-6.5266659754959,7.0438965841364,0
2092,-0.13109046071715,-0.0029953593789485,-6.5254792895569,1.0863689817103,0
1668,0.01795458462228,0.024499938108447,-6.5253724671119,5.8673897962948,0
1966,-0.029873342524755,0.001942304850185,-6.5194090234276,3.628853906743,0
5655,0.018042094182856,0.014204047286925,-6.5159609038896,7.8719576492054,0
2044,-0.037625748212454,-0.0034052864825194,-6.514729185073,2.4981913718959,0
1859,-0.016391502827103,0.0090006943038586,-6.5143350351721,4.6597122040831,0
1558,0.044054307629081,0.03760129624307,-6.514324169346,6.4242547405695,0
2069,-0.042886756637983,-0.0050278627844311,-6.5125610654434,1.9597775774819,0
1886,-0.020031941619094,0.0072589437321555,-6.5121178175643,4.4423381983711,0
1832,-0.012289768991106,0.01085747380005,-6.5076897175837,4.8785511252707,0
2093,-0.089635154174518,-0.0041775238774104,-6.5049419173999,1.2589555840911,0
1723,0.0065306417521438,0.019030595402068,-6.5044121010864,5.5919450576252,0
1913,-0.023246796008714,0.0056330317049051,-6.5013562534663,4.2267354533881,0
5647,0.003300457209574,0.0027654630938027,-6.4958570643736,8.1530748618278,0
1805,-0.0076742780627845,0.012828447125543,-6.4918731928315,5.09853803348,0
2019,-0.034544646322877,-0.0012055595314115,-6.4852656972682,3.0437561517483,0
1940,-0.026091614047441,0.004100292430323,-6.4823777146619,4.0131994574429,0
2094,-0.066720440266684,-0.0049712983881722,-6.4820468300855,1.4312108633717,0
1503,0.053176705184367,0.0417565945429,-6.4811798811118,6.7043459262406,0
1993,-0.031898594988973,0.00063376031379689,-6.4800296652945,3.4210522252159,0
2070,-0.040519720822356,-0.0046802449315985,-6.4792215330133,2.1326546154904,0
2045,-0.036743683684792,-0.002846941538351,-6.4725924336032,2.6713289537714,0
1778,-0.0024448532173522,0.014943364896374,-6.4665866316572,5.319345700168,0
1641,0.026787406415918,0.028025089905049,-6.4629370501795,6.0911206829005,0
5670,0.051342445739766,0.038083523422235,-6.4626655215617,7.2443934786601,0
5662,0.039496140235036,0.029395992581837,-6.4605748440544,7.519152445263,0
2095,-0.054054547704088,-0.0053504323134214,-6.4568028008627,1.6030774683688,0
5678,0.056336730507247,0.042326038233805,-6.4566562668145,6.9724985310359,0
1696,0.013997265285564,0.021966029049123,-6.4559158287178,5.8147272312455,0
1967,-0.028597963025561,0.0026551205054958,-6.4555184149251,3.8020145779168,0
1586,0.039789678722296,0.034337273720838,-6.4520244906107,6.3691649493985,0
5654,0.024773248806522,0.018752707839857,-6.4502756287164,7.7965614033844,0
2071,-0.039033140854908,-0.004245364990437,-6.4434426446566,2.3048789190942,0
136,-1.0492145622455,0.0011957883987296,-6.4376429833402,0.062500002000119,0
137,-0.9623166426335,0.0030779490428062,-6.4363963857312,0.18750000600041,0
138,-0.82540319337753,0.0040700037323257,-6.4351497881221,0.31250001000044,0
139,-0.67049371554293,0.0041354760283713,-6.4339031905131,0.43750001400015,0
2020,-0.033644734369078,-0.00058327342252585,-6.4336966815537,3.2163251323068,0
5646,0.010137627251965,0.0079776257843109,-6.4316645605728,8.0764032002484,0
1751,0.0035395464718194,0.017250111244005,-6.4315413643688,5.5406368907154,0
944,-0.51924772638779,0.0033883864916878,-6.4314050180686,0.56250001800011,0
2096,-0.047016604168186,-0.0054102890549976,-6.4292199979961,1.7744982778563,0
1887,-0.018023923158354,0.0080583649725474,-6.4289550839417,4.6146962002218,0
2046,-0.035939255063381,-0.0022782022311479,-6.4279342245664,2.843589986936,0
945,-0.38526871350679,0.0020471065560183,-6.4276552707886,0.68750002200035,0
1860,-0.014120960071118,0.0098216250878121,-6.4252607986897,4.8318365383146,0
1914,-0.021472590811448,0.0064008059102695,-6.4239076695288,4.3990996449808,0
946,-0.27564173095122,0.00031068193725571,-6.4239055235086,0.81250002600034,0
1531,0.050326370788896,0.039283686254514,-6.4226184032545,6.6481885730431,0
1994,-0.030787874615136,0.0012984223823156,-6.4211230613281,3.5934538077805,0
947,-0.19418056247051,-0.0014603568466506,-6.4201557762287,0.9375000300001,0
1833,-0.0097334414365893,0.011672150385461,-6.4125141841829,5.0502066517626,0
1941,-0.02452557878164,0.0048339082151077,-6.410438630025,4.1853502500522,0
2120,-0.13014050090492,-0.0030630006019322,-6.4087703389684,1.0850378473435,0
2072,-0.037995003372134,-0.0037621109955154,-6.4052410296461,2.4763912429919,0
2097,-0.043048024179259,-0.0052506074375926,-6.3993099785817,1.9454164354102,0
1669,0.022467627438752,0.025150399372202,-6.3970048638279,6.0371966893065,0
5669,0.054371669060605,0.039229274322465,-6.3940710869963,7.1716345421913,0
3727,0.055709251925353,0.041108112169567,-6.3934670933623,6.9076731739395,0
5661,0.045098733070727,0.032511309534081,-6.3934220713543,7.4450606076836,0
1806,-0.0047879156856171,0.013615093083548,-6.390414382936,5.2694821844276,0
1614,0.03543112550427,0.031165868307207,-6.3897248118754,6.3140751582273,0
1968,-0.027221855643586,0.0033494151374084,-6.3888771502098,3.9737404908756,0
2121,-0.089236145546114,-0.0042619469928381,-6.3886399037968,1.2549713505081,0
1724,0.010458350125659,0.019794716267653,-6.3864591903236,5.7620646661962,0
5653,0.031347654353133,0.022866729273795,-6.3845903535431,7.7211651575634,0
2047,-0.035139163294496,-0.0017082391609734,-6.3807766653048,3.0149132918182,0
2021,-0.032681769029423,3.2030116700276e-05,-6.3795444987038,3.3877785222169,0
5645,0.016719857604915,0.012555505843917,-6.3674720567721,7.9997315386692,0
2098,-0.040735892216907,-0.0049491876395322,-6.3670856816106,2.1157753835505,0
2122,-0.066570514827865,-0.0050810875771895,-6.3662946452956,1.4245936107604,0
2073,-0.037167316839043,-0.0032552821563749,-6.364634755991,2.6471327645127,0
1559,0.046950758570564,0.03656791780666,-6.3640569253973,6.5920312198456,0
1995,-0.029586782872931,0.0019490635133115,-6.3595611829002,3.7645516786817,0
1779,0.0008306116998224,0.015680590356825,-6.3586706276513,5.4893287238057,0
1915,-0.019560756279303,0.007125005376645,-6.3435751327113,4.5696801963606,0
1888,-0.015856620734926,0.0088013714243744,-6.3428318797959,4.7851219513585,0
5637,0.0029727204612571,0.0023991492338522,-6.3419686642804,8.2805400875672,0
2123,-0.054032360623152,-0.0054951926217801,-6.3417428050016,1.5938507527464,0
3726,0.054159285270934,0.039405696768422,-6.3370984551395,6.8494205128471,0
1942,-0.022837547485681,0.0055336054910952,-6.3356975214935,4.3558610915905,0
1861,-0.011671340911273,0.010559374129739,-6.3331551755343,5.001875270045,0
2099,-0.039300885867493,-0.0045627965432373,-6.3325614204801,2.2855188963948,0
2048,-0.0343021189176,-0.0011427963857616,-6.331143347222,3.1852382459539,0
1697,0.018445070009682,0.022595881323019,-6.3310726774763,5.9832726957127,0
1642,0.031111244962033,0.0281698495915,-6.32742513314,6.2589853670561,0
5660,0.049715507973935,0.034724209234155,-6.3262692986546,7.3709687701047,0
5668,0.055852947010729,0.039230415722685,-6.3254766524306,7.0988756057221,0
2022,-0.031640740460673,0.00063638362747884,-6.3228370992285,3.5580537088181,0
2074,-0.036418779854067,-0.0027399880538983,-6.3216433197726,2.817045118334,0
1969,-0.025736124831538,0.004018135273734,-6.3195210065836,4.1439650467162,0
140,-1.0532547623756,0.0012020148077836,-6.3195171818859,0.062500002000119,0
5652,0.037534259700873,0.026422710516283,-6.3189050783699,7.6457689117425,0
141,-0.96547698263087,0.0030900980409239,-6.3183510099289,0.18750000600041,0
142,-0.8273520845193,0.0040792317795773,-6.3171848379719,0.31250001000044,0
1752,0.0072805251691956,0.017908785076694,-6.3170025519295,5.7094021011469,0
143,-0.67122867797909,0.0041371081972753,-6.3160186660149,0.43750001400015,0
2124,-0.047073950470702,-0.0055956960270365,-6.314993934921,1.7626891171325,0
1834,-0.0069677619944538,0.012375662328998,-6.3142421342146,5.2196186686871,0
948,-0.51893130905495,0.0033792125949313,-6.3136816659862,0.56250001800011,0
949,-0.3841576815521,0.0020236250687889,-6.3101738378857,0.68750002200035,0
950,-0.27402507639438,0.00026807058266012,-6.3066660097852,0.81250002600034,0
1587,0.04323085515055,0.033744717247857,-6.3054954475402,6.5358738666483,0
5644,0.023123591368914,0.016638185011289,-6.3032795529712,7.9230598770897,0
951,-0.19250408577934,-0.0015223180244981,-6.3031581816847,0.9375000300001,0
2100,-0.038313555781712,-0.004130012512714,-6.2957528742189,2.4545911140877,0
1996,-0.028286474316745,0.0025802998993192,-6.2953765857578,3.9342815243082,0
2148,-0.12916167139062,-0.0031333331941467,-6.2920613883801,1.0837067129766,0
2125,-0.043165296843303,-0.0054804503828854,-6.2860588917197,1.9310552933385,0
1807,-0.0016539282893967,0.014260884819354,-6.2857998909339,5.4380205568961,0
3725,0.051810212391325,0.037274631690833,-6.2807298169167,6.7911678517548,0
5636,0.0092420667684408,0.0069627476524507,-6.279293634199,8.2026224913096,0
2049,-0.033404019462665,-0.0005859836655821,-6.2790593321132,3.3545048192181,0
2075,-0.035676505837947,-0.0022252399150275,-6.2762876333414,2.9860704318881,0
2149,-0.088805152100368,-0.004349754903952,-6.2723378901939,1.2509871169251,0
1725,0.014731912323596,0.020328276309583,-6.2651404911248,5.9293487021189,0
1670,0.026928976452575,0.025399917326011,-6.2651254544045,6.2038955758848,0
2023,-0.030511030721487,0.001225579097345,-6.2636039508753,3.7270887794468,0
3767,0.055801306427388,0.038310506634286,-6.2633073746504,7.0317985990287,0
1916,-0.017494914807328,0.0077926089700011,-6.2604029609021,4.7384073644025,0
5659,0.053089348229931,0.03593141023016,-6.2591165259551,7.296876932526,0
1943,-0.021014655450618,0.0061893428767107,-6.258195181481,4.5246641924994,0
2101,-0.037537359640125,-0.0036754273618829,-6.2566770783785,2.6229365752538,0
2126,-0.040904926431211,-0.005226269065319,-6.2549498302076,2.0988961516105,0
1889,-0.013506973745127,0.0094686574057156,-6.2537961668858,4.9535438883275,0
5651,0.043127083350442,0.029315662269415,-6.2532198031969,7.5703726659218,0
2150,-0.066385347155686,-0.0051949727263583,-6.2505424605058,1.4179763581491,0
1780,0.0044024366865271,0.01624174258486,-6.2475459135354,5.6567395360976,0
1970,-0.024130291363116,0.004653033529142,-6.247487373458,4.3126225382001,0
1615,0.039321728515482,0.030922613351835,-6.246933969683,6.4797165134508,0
5643,0.029442861095363,0.020348236619748,-6.2390870491702,7.8463882155102,0
1862,-0.0090161250881535,0.011190327839135,-6.2380698854932,5.1697551529465,0
1997,-0.026878100082955,0.0031857690494143,-6.2286033831421,4.1025798433802,0
2076,-0.034899345583338,-0.0017165775194176,-6.2285900128902,3.154151359601,0
2151,-0.05397130590894,-0.0056447895541249,-6.2266828091405,1.584624037124,0
2050,-0.032429752592084,-4.1411665555079e-05,-6.224551137129,3.5226536098558,0
3724,0.048850744781845,0.034868392652832,-6.224361178694,6.7329151906626,0
2127,-0.039518515471324,-0.0048892873976152,-6.2216801963034,2.2661588736954,0
5635,0.015387371810545,0.011015842262167,-6.2166186041178,8.1247048950521,0
2102,-0.036841820783786,-0.0032139757535169,-6.2153524149785,2.7905002497318,0
1835,-0.0039603717681599,0.012943179208424,-6.2129291542163,5.3867123899864,0
3766,0.054751902241256,0.036887373929347,-6.207563253656,6.9704035221113,0
1698,0.02295170403746,0.022878527068763,-6.2028257756691,6.1488057847136,0
2024,-0.02928376119171,0.0017947880185223,-6.2018760213058,3.894822557741,0
144,-1.0573140505479,0.0012088113545306,-6.2013913804316,0.06250000200012,0
2152,-0.047088755544484,-0.0057867782258149,-6.200767871846,1.7508799564086,0
145,-0.96864540096746,0.003103596376501,-6.2003056341267,0.18750000600041,0
146,-0.82929938203102,0.0040903290733045,-6.1992198878218,0.31250001000044,0
1753,0.011359241976856,0.018339801924104,-6.1992083047733,5.875424708525,0
147,-0.67195539671482,0.0041407637235621,-6.1981341415168,0.43750001400015,0
952,-0.51860073193204,0.0033716633963376,-6.1959583139039,0.56250001800012,0
953,-0.38302666679967,0.0020009305309761,-6.1926924049828,0.68750002200036,0
5658,0.055056675931615,0.036115028471067,-6.1919637532551,7.2227850949468,0
954,-0.27238313036466,0.00022501106770336,-6.1894264960618,0.81250002600035,0
1643,0.035351185409195,0.028183651174386,-6.1883724918256,6.4235591602531,0
5650,0.047875035042404,0.031425233458628,-6.1875345280243,7.4949764201016,0
2128,-0.038579117356694,-0.0045076854082942,-6.1862647187915,2.4327909851835,0
955,-0.1908015609711,-0.0015859323735772,-6.1861605871407,0.93750003000011,0
5627,0.002656148447995,0.0020645092300773,-6.1857202260808,8.4051011131603,0
2077,-0.034063182195257,-0.0012178533152787,-6.1785741655226,3.3212311162193,0
1808,0.0017672761304468,0.014736374757243,-6.1780892751414,5.6040769710485,0
1944,-0.01904131610114,0.0067890528070774,-6.1779740420085,4.6916927774466,0
2176,-0.12815251592998,-0.0032062638324845,-6.1753524377917,1.0823755786097,0
5642,0.035466670702117,0.023578339947553,-6.1748945453694,7.7697165539308,0
1917,-0.0152522404648,0.0083877035657293,-6.1744371582375,4.9052125066101,0
1971,-0.022391903151507,0.0052447193961138,-6.1728152302506,4.4796481886382,0
2153,-0.043236545493371,-0.0057168251154315,-6.1728078048578,1.9166941512668,0
2103,-0.036154474109596,-0.0027544918436972,-6.1717986013778,2.957227571958,0
3723,0.045458025390345,0.032316953023144,-6.1679925404714,6.6746625295704,0
2051,-0.031368624356652,0.00048714208130383,-6.1676467188504,3.689625880212,0
1890,-0.010954926466471,0.010034928683326,-6.1618976367719,5.119891637206,0
1998,-0.025351489126055,0.0037580172224083,-6.1592772254224,4.2693839848097,0
2177,-0.088340672491738,-0.0044407876807685,-6.156035876591,1.247002883342,0
5634,0.021444407245344,0.014654836738149,-6.1539435740363,8.0467872987943,0
3765,0.05284132874748,0.035013666435994,-6.1518191326616,6.9090084451939,0
2129,-0.03785159027053,-0.0041057833531683,-6.1487194007658,2.5987403859949,0
2154,-0.041024710588894,-0.0055106737545774,-6.1428139788047,2.0820169196705,0
1726,0.019215807036722,0.020603915948884,-6.1405260969338,6.0937159935424,0
1863,-0.0061240766046227,0.011691217927103,-6.1400584174986,5.3354042230765,0
2025,-0.0279501502949,0.0023383193092543,-6.1376857597007,4.0611946400443,0
2178,-0.066163352336637,-0.0053127434858865,-6.134790275716,1.4113591055378,0
1781,0.0082971835358864,0.016581275662862,-6.1332761184218,5.8215007149312,0
3807,0.055545171547397,0.035444864791917,-6.1308565661584,7.153501099715,0
1671,0.031419588252209,0.025584656965462,-6.1298110139683,6.3674018070555,0
2078,-0.033152831956638,-0.0007323606544293,-6.1262651750296,3.4872535108936,0
2104,-0.035434329588115,-0.0023023159191148,-6.1260366785582,3.123064473248,0
5626,0.0083624938857742,0.006029092947674,-6.1245867913386,8.3259675405051,0
5649,0.051532010813877,0.032653484575855,-6.1218492528518,7.4195801742814,0
3722,0.041790629240712,0.029725979179592,-6.1116239022486,6.6164098684781,0
2179,-0.053869684675151,-0.0057989195664567,-6.1116228132796,1.5753973215016,0
2155,-0.03968389242445,-0.005223747789592,-6.1107989721267,2.246798850996,0
5641,0.041007463902596,0.026236781755651,-6.1107020415687,7.6930448923517,0
2130,-0.03720625621507,-0.0036983028108846,-6.1090615101841,2.7639553811296,0
1836,-0.00067274670263923,0.013346424373546,-6.1086326367472,5.5514144059992,0
2052,-0.030211751627619,0.00099536254592756,-6.1083754568538,3.8553635911739,0
3764,0.050241441238388,0.032831090357781,-6.0960750116672,6.8476133682766,0
1972,-0.020505860213398,0.0057820228614792,-6.0955451231146,4.6449781904905,0
1945,-0.016896844058227,0.007318167197645,-6.0950781495892,4.8568811248927,0
5633,0.027484280895181,0.017976060635324,-6.0912685439549,7.9688697025365,0
1999,-0.023694558183177,0.0042884701358633,-6.0874352790201,4.4346321847769,0
2180,-0.04705920196468,-0.0059830804564763,-6.086541808771,1.7390707956848,0
1918,-0.012798727572974,0.0088940851334511,-6.0857253880507,5.0700281214656,0
148,-1.061393973717,0.0012160924982425,-6.0832655789775,0.06250000200012,0
149,-0.97182323831812,0.0031182316588096,-6.0822602583247,0.18750000600041,0
150,-0.83124601059413,0.0041029699787363,-6.0812549376719,0.31250001000044,0
151,-0.6726742223452,0.0041460731232431,-6.0802496170191,0.43750001400015,0
956,-0.51825572900185,0.0033654298910097,-6.0782349618219,0.56250001800012,0
1754,0.015739955893676,0.01856206508261,-6.0782264181984,6.0386262023712,0
2105,-0.034657278393598,-0.0018610642141473,-6.0780889989317,3.2879574132203,0
2156,-0.038789581857268,-0.0048937600801571,-6.0767765633641,2.4109908562793,0
3806,0.054999881281856,0.034268748738943,-6.0757949646653,7.0890249468309,0
957,-0.38187485573772,0.0019788128461547,-6.0752109720802,0.68750002200037,0
958,-0.27071470978949,0.00018144175283878,-6.0721869823385,0.81250002600036,0
2079,-0.032157551406519,-0.00026349337305528,-6.0716894868257,3.6521629809773,0
1699,0.027600867926917,0.023159422676886,-6.071249536111,6.3112444538579,0
2026,-0.026500298242896,0.0028495093977033,-6.0710670773869,4.2261454314194,0
959,-0.18907170083559,-0.0016511800125982,-6.0691629925969,0.93750003000011,0
1809,0.005496209451628,0.014995777033279,-6.0673439320705,5.7675767213375,0
2131,-0.036571065143352,-0.0032938850961439,-6.0673095694139,2.9283847120277,0
1891,-0.0081705825768095,0.01047837620998,-6.067187680781,5.2840960561667,0
5625,0.014060764621182,0.0095906249146329,-6.0634533565966,8.24683396785,0
2181,-0.043259857834114,-0.005959072905775,-6.059556717996,1.9023330091951,0
2204,-0.12711160537432,-0.003281677210206,-6.0586434872035,1.0810444442429,0
5648,0.053925651490895,0.032970853642212,-6.056163977679,7.3441839284609,0
3721,0.037984511801251,0.027176497814072,-6.0552552640257,6.5581572073857,0
2053,-0.028950455640334,0.0014781847627523,-6.0467681362594,4.0198094367086,0
5640,0.045834746678291,0.028217242717555,-6.0465095377684,7.616373230773,0
2157,-0.038107978230096,-0.0045447094908472,-6.0407617231532,2.574544196736,0
3763,0.047124395613204,0.030465608153492,-6.040330890673,6.7862182913594,0
2205,-0.087841206315268,-0.0045348561927036,-6.0397338629881,1.243018649759,0
1864,-0.0029566638369419,0.0120350000994,-6.0391759983529,5.4987518409497,0
2182,-0.041093280466965,-0.0058015021933622,-6.0306781274019,2.0651376877306,0
5632,0.033314086987315,0.020885732529295,-6.0285935138735,7.8909521062788,0
2106,-0.033808087233743,-0.0014337464177043,-6.0279792129299,3.4518534119312,0
5617,0.0023542898949353,0.0017620328932252,-6.0271665509918,8.5267142511753,0
2132,-0.035905192310433,-0.0028976726652053,-6.023483344226,3.091977586895,0
3805,0.053556242758707,0.032631151894476,-6.0207333631721,7.0245487939467,0
2206,-0.065902961577608,-0.0054341453486781,-6.0190380909263,1.4047418529265,0
1782,0.01251624592135,0.016718552274852,-6.0159267394631,5.9835364112,0
1973,-0.018452805779646,0.00625158902514,-6.0157191409407,4.8085497431753,0
2080,-0.03106848236511,0.00018489576227178,-6.014874892402,3.8159046246069,0
2000,-0.021892630682934,0.0047669908118847,-6.0131162042208,4.5982636035345,0
1727,0.023944836518729,0.020921616635571,-6.0126880582537,6.2550871006604,0
1946,-0.014552078959237,0.0077616854281449,-6.0095531393295,5.0201646057252,0
2158,-0.037510163316098,-0.0041910742061285,-6.0027706053898,2.7374105125274,0
5624,0.019753874039646,0.012810333661375,-6.0023199218544,8.1677003951947,0
2027,-0.024922486416747,0.0033206633397827,-6.0020553277897,4.3896161809158,0
1837,0.0029107506918695,0.013540128551315,-6.0014117457189,5.7136527277436,0
2183,-0.039795050510544,-0.0055650182092945,-5.9999177479501,2.2274388282966,0
3720,0.034150531164774,0.024725805889631,-5.9988866258029,6.4999045462933,0
2207,-0.053725850798434,-0.0059572180252228,-5.9965628174187,1.5661706058792,0
3847,0.054922115391359,0.032506943922408,-5.9961602235786,7.272738396241,0
1919,-0.010117558940885,0.009286133408724,-5.9943169440636,5.2327878892571,0
3762,0.04365110422222,0.028022603355446,-5.9845867696786,6.7248232144421,0
2054,-0.027575114175523,0.0019296955653192,-5.9828569293516,4.1829068780293,0
5639,0.049715311787607,0.029428089229092,-5.9823170339683,7.5397015691944,0
2133,-0.035184548635548,-0.0025130606549464,-5.9776038323406,3.2546837102213,0
2107,-0.032875982788647,-0.0010234163990351,-5.9757322548006,3.6147000817424,0
2208,-0.046983565630987,-0.0061840745376208,-5.9723157456961,1.727261634961,0
1892,-0.0051141447995304,0.010773724661944,-5.9697193599588,5.4460892759004,0
5616,0.0075093426303253,0.0051787128346699,-5.9675982429916,8.4463951264093,0
2184,-0.038943028610436,-0.0052868141558833,-5.9672884079369,2.3891907273751,0
5631,0.038762736492225,0.023303374022161,-5.9659184837923,7.8130345100214,0
3804,0.051362500501351,0.030659183138695,-5.9656717616791,6.9600726410627,0
152,-1.065495859973,0.0012237927983316,-5.9651397775233,0.06250000200012,0
153,-0.97501160856603,0.0031338429159863,-5.9642148825227,0.18750000600041,0
154,-0.83319272229219,0.0041169107367159,-5.9632899875222,0.31250001000044,0
2159,-0.03692448365918,-0.0038412888317624,-5.9628205374501,2.8995418520975,0
155,-0.67338543455852,0.0041527587554806,-5.9623650925216,0.43750001400015,0
960,-0.51789605160997,0.0033602810976839,-5.9605116097402,0.56250001800012,0
961,-0.38070150554109,0.0019571310109143,-5.9577295391778,0.68750002200037,0
2081,-0.029877086644903,0.00060830782925786,-5.9558505128182,3.978424233373,0
962,-0.26901872599409,0.00013731901504625,-5.9549474686155,0.81250002600037,0
1755,0.02048366902618,0.018870048602591,-5.9541265803964,6.1989297474628,0
1810,0.0095363586863415,0.015047924645782,-5.9536270607278,5.928446620029,0
963,-0.18731327415667,-0.0017180267572628,-5.9521653980531,0.93750003000011,0
2209,-0.043233450563274,-0.0062064590951239,-5.9463056311342,1.8879718671235,0
3719,0.030373362224622,0.022409158851576,-5.94251798758,6.4416518852009,0
2232,-0.12603753524866,-0.003359450330728,-5.9419345366153,1.079713309876,0
3846,0.054880973702502,0.031546262787517,-5.941837990551,7.2052435776221,0
5623,0.025491535571724,0.015760739093796,-5.9411864871122,8.0885668225394,0
2001,-0.019927253114577,0.0051815432708436,-5.9363601322922,4.7602183614578,0
1865,0.00049781684977342,0.012176904075218,-5.9354795593673,5.6597287341497,0
1974,-0.016206761480013,0.0066392512523637,-5.9333808906082,4.9703010899847,0
2185,-0.03830468828854,-0.004990529536629,-5.9328040455406,2.5503480074771,0
2028,-0.023202485691361,0.003742746675726,-5.930687285327,4.5515490165786,0
2134,-0.034393863203039,-0.0021428016560502,-5.92969325083,3.4164533129688,0
3761,0.039964736201148,0.025584924540008,-5.9288426486841,6.6634281375246,0
2233,-0.087305265133652,-0.0046317521136213,-5.9234318493853,1.239034416176,0
1947,-0.011977151817393,0.0081033450819017,-5.9214462073462,5.1814797223475,0
2108,-0.031852154411002,-0.00063351805264776,-5.9213743279498,3.7764456580398,0
2160,-0.036310275563362,-0.0035002969640773,-5.9209300098938,3.0608907005419,0
2210,-0.041108828426113,-0.0060977848628996,-5.9185422759991,2.0482584557907,0
5638,0.052472928207826,0.029831944653553,-5.9181245301678,7.4630299076154,0
2055,-0.026074400841528,0.0023430728655055,-5.9166753765594,4.3446001770549,0
3803,0.048579483520806,0.028472451263898,-5.9106101601861,6.8955964881788,0
5615,0.012755588873717,0.0082837859577334,-5.9080299349914,8.3660760016435,0
2234,-0.065602637695857,-0.0055588924229526,-5.9032859061366,1.3981246003152,0
5630,0.043619135261719,0.025135166232909,-5.9032434537115,7.7351169137645,0
1920,-0.007166637251581,0.0095413008179522,-5.9002627215647,5.3934267108512,0
2186,-0.037751822695345,-0.0046903755072276,-5.8964797005956,2.7108656439252,0
1783,0.0172313758708,0.016996284891208,-5.8955651025391,6.1427723942653,0
2082,-0.028574047787112,0.0010015170661305,-5.8946467813163,4.1396683246393,0
1838,0.0067902140482391,0.013531023133286,-5.8913273819925,5.8733568288578,0
2211,-0.039850199521878,-0.00591188149768,-5.8890365237736,2.2080788055972,0
3845,0.053924866041453,0.030122812835814,-5.8875157575234,7.1377487590031,0
3718,0.02671092233488,0.020241821851447,-5.8861493493572,6.3833992241086,0
2235,-0.05353822836837,-0.0061192738413591,-5.8815028215578,1.5569438902568,0
5622,0.031097533973423,0.018359384174024,-5.88005305237,8.0094332498841,0
2135,-0.033522342750157,-0.0017896470696911,-5.8797750227753,3.5772371825075,0
2161,-0.035643472183837,-0.0031712819501888,-5.8771186657496,3.2214100072223,0
3760,0.036186285628395,0.023212984895912,-5.8730985276895,6.6020330606071,0
1893,-0.0017760620110169,0.01087649931997,-5.8695473730157,5.6058047405558,0
5607,0.0020700829537818,0.0014915274047427,-5.8663632480914,8.6453368486147,0
2109,-0.03072823509725,-0.00026805078018948,-5.8649328893767,3.9370390300372,0
3887,0.053934901906841,0.029529727202717,-5.859264683924,7.3894690641254,0
2187,-0.037213147459765,-0.0043945679425366,-5.8583315054863,2.8706989921673,0
2236,-0.046860231676435,-0.0063891739865495,-5.8580896826213,1.7154524742372,0
2212,-0.039037725843807,-0.0056853834836448,-5.8578002525096,2.3673905984709,0
2002,-0.017774572759937,0.0055190268398299,-5.8572086418869,4.9204375742442,0
2029,-0.021322628732287,0.00410510416471,-5.8570011236439,4.7118869797405,0
3802,0.045364525070024,0.026174361459636,-5.855548558693,6.8311203352947,0
1975,-0.013739485944391,0.0069311625615456,-5.8485754706287,5.1301715554378,0
5614,0.018070943904382,0.011110511964411,-5.8484616269911,8.2857568768774,0
2056,-0.024434586672035,0.002710371363913,-5.8482583664334,4.5048344296229,0
156,-1.0696208733519,0.0012318611257239,-5.847013976069,0.06250000200012,0
157,-0.97821145609791,0.0031503112570825,-5.8461695067206,0.18750000600041,0
158,-0.83514013985193,0.0041319692174616,-5.8453250373722,0.31250001000044,0
159,-0.67408926154544,0.0041606186735849,-5.8444805680237,0.43750001400015,0
964,-0.51752147342839,0.003356056594141,-5.8427882576581,0.56250001800012,0
5629,0.047663881236,0.026296309036448,-5.8405684236308,7.6571993175076,0
965,-0.37950593548838,0.0019358008749899,-5.8402481062751,0.68750002200038,0
966,-0.26729416241061,9.2630081052308e-05,-5.8377079548922,0.81250002600037,0
1811,0.014182391302368,0.015282950648068,-5.837003624682,6.0866150410679,0
967,-0.18552510949587,-0.0017864135160946,-5.8351678035092,0.93750003000012,0
3844,0.052173952164386,0.028347624089424,-5.8331935244959,7.0702539403842,0
2237,-0.043155681569442,-0.0064581867204577,-5.8330545442725,1.8736107250518,0
2162,-0.03490876780126,-0.0028567581562842,-5.8314072887301,3.3810532140063,0
2083,-0.027148479927903,0.0013585236479249,-5.8312954253292,4.299584173194,0
1948,-0.0091290410397262,0.0083228781661996,-5.8308060831708,5.340764145802,0
3717,0.023191335597914,0.018220153346418,-5.8297807111344,6.3251465630162,0
1866,0.0042333560882468,0.012122286214111,-5.829027703257,5.8182670376864,0
2136,-0.032561235352095,-0.0014566818422246,-5.8278737634974,3.7369866914725,0
2260,-0.12492893583214,-0.0034394515610528,-5.825225586027,1.0783821755092,0
2213,-0.038440082986819,-0.0054415427152131,-5.8248463679281,2.5261518182183,0
5621,0.0364155667141,0.020535185317401,-5.818919617628,7.9302996772292,0
2188,-0.036648147894551,-0.0041078483818664,-5.8183766755617,3.0298038141889,0
3759,0.032411985230883,0.020946273993232,-5.8173544066951,6.5406379836897,0
5606,0.006692050459888,0.0044121507431913,-5.8083829990701,8.5638630504071,0
2261,-0.086731375084021,-0.0047312513993499,-5.8071298357825,1.235050182593,0
2110,-0.029495246272246,6.8370298487659e-05,-5.8064366332807,4.0964297712492,0
2238,-0.041069711572905,-0.0063984944583529,-5.8064064245964,2.0313792238507,0
3886,0.054381340817329,0.028748881589678,-5.8057374952372,7.3190190387245,0
1921,-0.0039369838638035,0.0096155235843151,-5.8036151866644,5.5518807469621,0
3801,0.041862602958747,0.023848628804939,-5.8004869571998,6.7666441824105,0
2214,-0.037929720307442,-0.0051942853108335,-5.7901887958014,2.6843207753231,0
5613,0.023486129435456,0.013710466226134,-5.7888933189907,8.2054377521113,0
2262,-0.065260884191004,-0.0056866761983244,-5.7875337213469,1.3915073477039,0
2163,-0.034095348858227,-0.0025592037964836,-5.7838177907501,3.5397742832725,0
2030,-0.019260686690152,0.0043959576764943,-5.7810363931657,4.8705740585039,0
3843,0.049772114598734,0.026331741481166,-5.7788712914684,7.0027591217654,0
1839,0.011326131930487,0.01370664926474,-5.7784421468247,6.0304576878704,0
2239,-0.039847730205709,-0.0062630739072503,-5.7781552995971,2.1887187828979,0
5628,0.050720679257667,0.026744909038262,-5.7778933935497,7.5792817212504,0
2057,-0.022638771173285,0.0030222842799699,-5.7776421149956,4.6635555980234,0
2189,-0.036032774835695,-0.0038331924121927,-5.7766334991586,3.1881363042233,0
2003,-0.015407708924904,0.0057668417294658,-5.7757047339111,5.0788633885281,0
2137,-0.031502362571689,-0.0011474720639865,-5.7740152659349,3.8956538267013,0
3716,0.019879528360528,0.016365322491516,-5.7734120729116,6.2668939019239,0
1894,0.0018332283925814,0.010790491894702,-5.7667280245216,5.7631772465152,0
2263,-0.053305325489381,-0.0062846409032667,-5.7664428256969,1.5477171746345,0
2084,-0.025587222385533,0.0016724058059577,-5.7658294475399,4.4581198426672,0
3758,0.028712507036241,0.01880644896226,-5.7616102857006,6.4792429067723,0
1976,-0.01101033255505,0.0071108899224736,-5.7613494447766,5.2881015807527,0
5620,0.041252632414971,0.022205294359456,-5.7577861828865,7.8511661045747,0
2215,-0.037435688541651,-0.0049515982024802,-5.7538424735227,2.8418561322371,0
3885,0.053914005734069,0.027511907333913,-5.7522103065505,7.2485690133236,0
5605,0.011486985426717,0.0070974256029217,-5.7504027500489,8.4823892521996,0
2240,-0.039072133445059,-0.0060879726298796,-5.7483120970825,2.3455904695668,0
2111,-0.028142796129939,0.00037048907153613,-5.7459154740988,4.254568169333,0
3800,0.038200483337641,0.02155849182025,-5.7454253557065,6.7021680295262,0
2264,-0.046687708727904,-0.0065977458265016,-5.7438636195463,1.7036433135134,0
1949,-0.0060043358847352,0.008375571376746,-5.737683000313,5.4979567533684,0
2164,-0.033194520037882,-0.0022813873147794,-5.7343731990451,3.6975277249053,0
2190,-0.035351683174034,-0.0035728873792825,-5.7331213266303,3.3456531150439,0
5612,0.028840701734203,0.016010728856932,-5.7293250109904,8.1251186273453,0
160,-1.0737700554415,0.0012402575407061,-5.7288881746147,0.06250000200012,0
161,-0.98142359614645,0.0031675538534682,-5.7281241309184,0.18750000600041,0
162,-0.83708878761794,0.0041480200909876,-5.727360087222,0.31250001000044,0
163,-0.67478589706988,0.0041695126535129,-5.7265960435256,0.43750001400015,0
968,-0.51713179317415,0.0033526562637069,-5.7250649055757,0.56250001800012,0
3842,0.046868482859187,0.024174800824154,-5.7245490584408,6.9352643031465,0
969,-0.37828752094558,0.0019147837382697,-5.7227666733722,0.68750002200038,0
970,-0.26554005511788,4.7385019244053e-05,-5.7204684411687,0.81250002600038,0
3927,0.052598139137256,0.026562326133973,-5.7202170480603,7.5036525498425,0
1867,0.0086373026507041,0.012232853787027,-5.7198806689673,5.9743003346727,0
2265,-0.043025061514884,-0.0067134076748629,-5.7198034574107,1.8592495829801,0
2138,-0.030337107389802,-0.00086610427589239,-5.718226485245,4.0531912178589,0
971,-0.18370609160701,-0.0018562773908989,-5.7181702089652,0.93750003000012,0
3715,0.01676660261877,0.014650752972472,-5.7170434346889,6.2086412408317,0
2241,-0.038512723828369,-0.0058960344137319,-5.7168886903157,2.5019556289594,0
2216,-0.036917604560174,-0.0047180161644231,-5.7158233412297,2.9987169278359,0
2288,-0.1237844803206,-0.0035215389714479,-5.7085166354386,1.0770510411423,0
3757,0.025135315913107,0.016803037138281,-5.7058661647062,6.4178478298549,0
2058,-0.020666051984716,0.0032684385473878,-5.7048641444447,4.8207105427638,0
1922,-0.00044048711520122,0.0095112162689464,-5.7044283457863,5.7080874553441,0
5597,0.0018057299288816,0.00125214416171,-5.7033667152688,8.7609273015186,0
2031,-0.016990768728898,0.0046038121160862,-5.7028339971937,5.0275552216185,0
3884,0.052624378014736,0.02591391499313,-5.6986831178638,7.1781189879229,0
2085,-0.023874159287345,0.0019351123487425,-5.6982831063475,4.6152242163064,0
5619,0.045403523052152,0.023291892933752,-5.696652748145,7.7720325319202,0
2266,-0.040974459597594,-0.0067025562345742,-5.6942705731936,2.0144999919108,0
5604,0.016415217885456,0.0095592146042243,-5.6924225010275,8.4009154539918,0
2004,-0.012790182809159,0.0059099422788004,-5.6918928063825,5.2354390157035,0
2289,-0.086118080903325,-0.0048331209898988,-5.6908278221795,1.23106594901,0
3799,0.034483032734683,0.019347694018819,-5.6903637542134,6.6376918766421,0
2191,-0.034594029480257,-0.0033291582843797,-5.6878605587249,3.5023113840376,0
2242,-0.038042547131001,-0.0057008869851089,-5.6838978910073,2.657775906721,0
2112,-0.026658366113875,0.00063231128896011,-5.6834005286461,4.4114052557114,0
2165,-0.032198292060799,-0.0020265017168319,-5.6830976424932,3.8542686233654,0
2217,-0.036351427639753,-0.0044963066689892,-5.6761483325678,3.1548626012244,0
2290,-0.064876254288606,-0.0058171757889113,-5.6717815365571,1.3848900950926,0
1977,-0.0079915123738926,0.0071439680615498,-5.6717508139615,5.4440327597746,0
3841,0.043605734669078,0.021959971289196,-5.6702268254131,6.8677694845274,0
5611,0.033991884876004,0.017948096998971,-5.6697567029903,8.0447995025796,0
3926,0.053503589763497,0.02592519198757,-5.6675393871627,7.4303118032843,0
2267,-0.039786218727032,-0.0066172948996061,-5.6672740754205,2.1693587601985,0
1895,0.0061097678507783,0.01084890725551,-5.66131919111,5.9181429814751,0
3714,0.01384557854074,0.013055968818259,-5.6606747964661,6.1503885797394,0
2139,-0.029055617601299,-0.00061718464139261,-5.6605355228681,4.2095521654718,0
2291,-0.053025748456604,-0.0064528491241187,-5.6513828298358,1.5384904590121,0
3756,0.021720482212596,0.014938939362617,-5.6501220437117,6.3564527529375,0
2243,-0.037590950808786,-0.0055102799284065,-5.649353441559,2.8130132723069,0
5596,0.0059186121834753,0.0037283103372415,-5.6469968497212,8.6783301510067,0
3883,0.050635107661942,0.024055629498518,-5.6451559291772,7.1076689625222,0
1950,-0.0026137817113141,0.0082627780227306,-5.6421286670511,5.6529976641731,0
2192,-0.033751159898886,-0.0031044893695376,-5.6408726345929,3.6580687583381,0
2268,-0.039044904879979,-0.0064930645914982,-5.6388239416552,2.3237903406626,0
5618,0.048694853960462,0.023751107867922,-5.6355193134031,7.6928989592654,0
3798,0.030791857191177,0.017243034256316,-5.6353021527202,6.5732157237579,0
2218,-0.035721763694569,-0.004288534225076,-5.6348353645306,3.3102530160816,0
5603,0.021491378626368,0.011831218334033,-5.634442252006,8.3194416557841,0
2166,-0.031098416997906,-0.0017981849888118,-5.6300163372092,4.0099526644686,0
2059,-0.018491477610778,0.0034385757525967,-5.6299632604765,4.9762470547092,0
2292,-0.046464643885691,-0.0068091207285175,-5.6296375564713,1.6918341527896,0
2086,-0.021989535834794,0.0021376326532861,-5.6286918957238,4.7708470270238,0
2032,-0.014479391700585,0.0047147823914092,-5.6224361679885,5.1827764506543,0
2113,-0.0250266674209,0.00084692221762275,-5.6189240976992,4.5668928345892,0
3840,0.040112919625161,0.019752282016032,-5.6159045923854,6.8002746659084,0
3925,0.053511836307413,0.024844637878056,-5.6148617262651,7.356971056726,0
2244,-0.037117662494192,-0.0053285358384437,-5.6132700068977,2.967630041483,0
164,-1.0779443651331,0.0012489516358235,-5.6107623731605,0.06250000200012,0
5610,0.038763587594344,0.019449316160621,-5.6101883949906,7.9644803778144,0
165,-0.98464875256048,0.0031855216771825,-5.6100787551162,0.18750000600041,0
166,-0.83903912180112,0.0041649910888154,-5.6093951370718,0.31250001000044,0
2269,-0.038521371191158,-0.0063522862650743,-5.6089310127031,2.4777594397006,0
167,-0.67547551155042,0.0041793631821993,-5.6087115190275,0.43750001400015,0
972,-0.51672682656364,0.003350032940857,-5.6073415534933,0.56250001800013,0
2293,-0.042840265983802,-0.0069712317668812,-5.6065523705488,1.8448884409084,0
2005,-0.009898873532645,0.0059172002409287,-5.60581862761,5.3901087661808,0
973,-0.37704568212916,0.0018940780707919,-5.6052852404693,0.68750002200039,0
3713,0.011097948445033,0.011559741534427,-5.6043061582432,6.0921359186469,0
974,-0.26375548115801,1.6100543802148e-06,-5.6032289274452,0.81250002600039,0
1923,0.0037274105288418,0.0095375075417808,-5.6027577132528,5.8619856282777,0
975,-0.18185516248312,-0.0019275620362942,-5.6011726144212,0.93750003000012,0
2140,-0.027646085734033,-0.00040589246652428,-5.6009716097521,4.3646906687555,0
3755,0.01847510756777,0.013193593688276,-5.5943779227175,6.2950576760203,0
2193,-0.032815256993723,-0.0029017504997399,-5.5921800190516,3.8128834200295,0
2219,-0.035017722926459,-0.0040966811191742,-5.5919033266999,3.4648484848027,0
2316,-0.12260289985251,-0.0036055709535823,-5.5918076848502,1.0757199067755,0
3882,0.048082913432479,0.022031403759565,-5.5916287404904,7.0372189371214,0
5595,0.010268796209645,0.006031417720019,-5.5906269841737,8.5957330004948,0
2294,-0.04082178272879,-0.0070088564758109,-5.5821347217907,1.9976207599708,0
3797,0.027186971643636,0.015258106057225,-5.580240551227,6.5087395708737,0
1978,-0.0047053280952045,0.0070278529742699,-5.5798289883158,5.5979078730019,0
3967,0.050933565809854,0.023651154576078,-5.5790651655119,7.6152491840361,0
2270,-0.038089197030508,-0.0062082795208655,-5.577606986213,2.6312310381188,0
5602,0.026570157399044,0.013848634049475,-5.5764620029846,8.2379678575764,0
2245,-0.036598638291353,-0.0051582105979031,-5.5756631659769,3.1215888982254,0
2167,-0.029885610685573,-0.0016004918916592,-5.5751555716375,4.1645361616107,0
2317,-0.0854639626934,-0.0049371305842037,-5.5745258085765,1.227081715427,0
3924,0.052687394710234,0.023401122067925,-5.5621840653676,7.2836303101678,0
3839,0.036500836620883,0.017598837845663,-5.5615823593578,6.7327798472893,0
2087,-0.019909348512161,0.0022709807574616,-5.5570925237594,4.9249388877999,0
2295,-0.039664430712884,-0.0069732155503007,-5.5563928512439,2.1499987374992,0
2318,-0.064447373258603,-0.0059500705238982,-5.5560293517672,1.3782728424814,0
2060,-0.016083901577227,0.0035199369067533,-5.5529795295948,5.1301138856055,0
2114,-0.02322900093178,0.0010065820223166,-5.5525196470026,4.7209835112836,0
5609,0.042964904802853,0.020443488752957,-5.550620086991,7.8841612530492,0
3712,0.0085081177608995,0.010143687814917,-5.5479375200203,6.0338832575545,0
2220,-0.034230666753186,-0.0039229680260623,-5.5473720701407,3.618609791771,0
2271,-0.037677985236257,-0.0060685499969383,-5.5448644095953,2.7841704123768,0
1951,0.0014602250451071,0.0082706135237094,-5.5441962353957,5.8058282750803,0
2194,-0.031778428779687,-0.0027242029736724,-5.5418061891736,3.9667141110784,0
2033,-0.011707425064676,0.0046989152199212,-5.5398864412587,5.3361847725871,0
2141,-0.026094107085121,-0.00023813418251212,-5.5395650890506,4.5185614528719,0
3754,0.015428476567403,0.011566155837667,-5.538633801723,6.2336625991029,0
5587,0.0015626712192433,0.0010424757254191,-5.538234119707,8.8734450692957,0
3881,0.045104619500169,0.019922550577061,-5.5381015518036,6.9667689117205,0
2246,-0.036018423307729,-0.0050011443349474,-5.5365494024309,3.2748529171192,0
2319,-0.052698228506147,-0.006623414404189,-5.5363228339748,1.5292637433897,0
5594,0.01480563250427,0.008157669157159,-5.5342571186261,8.5131358499827,0
2296,-0.038954888204106,-0.0068991295423337,-5.5293357862279,2.3019902117584,0
3966,0.05226111206012,0.023123876363871,-5.5272903044714,7.5390832062324,0
3796,0.023711911524634,0.013396092421824,-5.5251789497339,6.4442634179896,0
2168,-0.02854883208991,-0.0014379059131805,-5.5185426908582,4.3179760817996,0
5601,0.031521401486143,0.015554934437319,-5.5184817539635,8.1564940593691,0
2006,-0.0067284915364627,0.0057950290401819,-5.5175293095804,5.5428180818308,0
2320,-0.046189847358155,-0.007022599891887,-5.5154114933962,1.6800249920658,0
2272,-0.037247551609084,-0.0059372029216981,-5.5107166725656,2.93654315513,0
3923,0.051129689441491,0.021684193535166,-5.5095064044701,7.2102895636098,0
3838,0.032859721180661,0.015530470929059,-5.5072601263302,6.6652850286703,0
2221,-0.033352915361837,-0.0037699783319673,-5.5012623956101,3.7714982166938,0
2297,-0.038464982982897,-0.0068085854128773,-5.5009733350905,2.4535632504417,0
2247,-0.035366061172883,-0.0048590784251768,-5.4959460946748,3.4273855855678,0
2321,-0.042600153759955,-0.007230732048562,-5.4933012836869,1.8305272988367,0
168,-1.0821447369964,0.0012579246046058,-5.4926365717062,0.06250000200012,0
169,-0.98788761462724,0.0032042031884704,-5.4920333793141,0.18750000600041,0
3711,0.0060607684400577,0.008787684198095,-5.4915688817977,5.9756305964623,0
170,-0.8409915682269,0.0041828684729039,-5.4914301869219,0.31250001000044,0
5608,0.046427662930334,0.020886658801869,-5.491051778991,7.8038421282837,0
171,-0.67615827125769,0.0041901578411018,-5.4908269945298,0.43750001400015,0
2195,-0.030631964562954,-0.002575445425537,-5.489775620407,4.1195201577496,0
976,-0.51630641067867,0.0033481844933956,-5.4896182014114,0.56250001800013,0
977,-0.37577986608102,0.0018737097872685,-5.4878038075667,0.6875000220004,0
978,-0.2619395311072,-4.46637728972e-05,-5.485989413722,0.8125000260004,0
1979,-0.00071435059763741,0.0070272392653414,-5.4856347575384,5.7496709218827,0
3880,0.041828354184002,0.017794732704369,-5.4845743631167,6.8963188863195,0
2115,-0.021242306751729,0.0011035332996661,-5.484221787042,4.8736307208905,0
979,-0.17997132203799,-0.0020002243654742,-5.4841750198774,0.93750003000013,0
2088,-0.017604451349202,0.0023234288369897,-5.4835228912011,5.0774513205567,0
5586,0.0051952831116201,0.0031245714706338,-5.4834963458096,8.7897563181977,0
3753,0.012559672415432,0.010030533396862,-5.4828896807284,6.1722675221853,0
5593,0.019530790125122,0.010125984725159,-5.4778872530783,8.4305386994706,0
2142,-0.024382012347165,-0.00012048221138323,-5.4763473982812,4.6711199955432,0
3965,0.052720887290384,0.02217017899668,-5.475515443431,7.4629172284287,0
2273,-0.036773837078897,-0.0058165775996661,-5.4751779993859,3.0883151952265,0
2344,-0.12138300966581,-0.0036914159407415,-5.4750987342619,1.0743887724086,0
2061,-0.013427131886375,0.0034833212796676,-5.4739542549076,5.2822607789937,0
2298,-0.038068763089066,-0.0067145872880609,-5.4713160814188,2.6046861695167,0
3795,0.020389729018671,0.011649074975738,-5.4701173482409,6.3797872651056,0
2322,-0.040610582849749,-0.0073162478740187,-5.4699988703878,1.9807415280309,0
5600,0.036184926444397,0.016885259821289,-5.4605015049427,8.0750202611622,0
2169,-0.027074622304297,-0.0013154551546701,-5.460206080402,4.4702300711545,0
2345,-0.08476766804408,-0.0050430571593395,-5.4582237949737,1.2230974818439,0
3922,0.048959270289478,0.019781582511283,-5.4568287435726,7.1369488170516,0
2034,-0.0086680800847808,0.0045650722642612,-5.4552296308453,5.4877282906598,0
2248,-0.034632894809184,-0.0047339786307396,-5.4538715056886,3.5791508252038,0
2222,-0.032376897116791,-0.0036406555239936,-5.453596041138,3.9234755576882,0
3837,0.02925932092563,0.013564299868297,-5.4529378933025,6.5977902100513,0
2323,-0.039481326344054,-0.0073294848489669,-5.4455116270673,2.1306387147998,0
2299,-0.037696043171944,-0.0066243920116904,-5.4403753776316,2.7553275524466,0
2346,-0.063972985579365,-0.0060850423175682,-5.4402771669775,1.3716555898701,0
2274,-0.036241314632949,-0.0057082844322866,-5.4382634403311,3.2394528181568,0
2196,-0.029365624759694,-0.0024593841771419,-5.4361137719643,4.2712614948437,0
4007,0.048970793382512,0.020837977984695,-5.4358576155064,7.7242201970869,0
3710,0.0037373053362529,0.0074710742381521,-5.435200243575,5.9173779353701,0
3879,0.038367963668862,0.015697400355497,-5.4310471744299,6.8258688609186,0
5585,0.0091128880208093,0.0050834206424467,-5.4287585719124,8.7060675670999,0
3752,0.0098503853628931,0.0085640124481014,-5.427145559734,6.1108724452679,0
2007,-0.0028160446448384,0.0057908655466898,-5.4270732796812,5.6935135686852,0
3964,0.0523528842477,0.02085749136263,-5.4237405823906,7.3867512506252,0
5592,0.024313585154115,0.011878555982404,-5.4215173875307,8.3479415489586,0
2347,-0.052321672667537,-0.0067958362512872,-5.4212628381139,1.5200370277673,0
2324,-0.038801126743895,-0.0073046322537443,-5.4198476308006,2.2801900828543,0
3794,0.017236397957549,0.010006576007161,-5.4150557467477,6.3153111122214,0
2116,-0.019039162794021,0.0011269823690728,-5.4140662528072,5.0247887555078,0
2143,-0.022487694536874,-5.9522700349746e-05,-5.4113510503245,4.8223225539809,0
2249,-0.033811333820371,-0.0046281633978237,-5.4103447721686,3.7301130133579,0
2300,-0.037306703648225,-0.0065418834932278,-5.4081633382335,2.905456268777,0
2089,-0.015060862694377,0.0022666216464239,-5.4080220685566,5.2283367854005,0
2223,-0.031294453031924,-0.0035382278834095,-5.4043956691765,4.0745041538886,0
3921,0.046303600219794,0.017771568596443,-5.4041510826749,7.0636080704932,0
5599,0.040384104252173,0.017775439293214,-5.4025212559219,7.9935464629554,0
2348,-0.045862334859671,-0.0072374495996209,-5.4011854303214,1.668215831342,0
2170,-0.025446364890655,-0.001238649028939,-5.4001751495599,4.6212564798029,0
2275,-0.035638941149202,-0.0056138187573973,-5.3999888626497,3.3899226863329,0
3836,0.025750706155003,0.011706167990355,-5.3986156602749,6.5302953914323,0
2325,-0.038342712156289,-0.0072632327786257,-5.3930156574779,2.4293670611829,0
2062,-0.010512118605152,0.0033375297792252,-5.3929299521104,5.432638499489,0
4006,0.050676924646734,0.020390220399201,-5.3850375965371,7.6452954594592,0
2197,-0.027966954564217,-0.0023802984485822,-5.3808470717536,4.4218986894373,0
2349,-0.042303795955359,-0.0074909398487551,-5.3800501968252,1.816166156765,0
3709,0.0015192178409984,0.0061769884299141,-5.3788316053522,5.8591252742777,0
3878,0.034819716294529,0.013664629054301,-5.3775199857431,6.7554188355177,0
2301,-0.036876659260094,-0.0064691798175191,-5.374692832795,3.0550414922276,0
172,-1.086372167101,0.0012671758667007,-5.3745107702521,0.06250000200012,0
5584,0.013259411755957,0.0069043740993354,-5.3740207980149,8.6223788160017,0
173,-0.99114093022369,0.0032236386286112,-5.3739880035122,0.18750000600041,0
174,-0.84294661403747,0.0042017236942683,-5.3734652367723,0.31250001000045,0
175,-0.67683440838488,0.0042019725571869,-5.3729424700325,0.43750001400016,0
3963,0.051233382647415,0.019264273149072,-5.3719657213503,7.3105852728217,0
980,-0.51587042841132,0.0033471831093877,-5.3718948493299,0.56250001800013,0
3751,0.0072850250181593,0.007147169230395,-5.3714014387396,6.0494773683506,0
5577,0.0013416463443026,0.00086068203772446,-5.3710233773375,8.9828506893156,0
981,-0.37448952974068,0.0018537321767937,-5.3703223746645,0.6875000220004,0
982,-0.26009125709191,-9.1415575256485e-05,-5.3687498999992,0.8125000260004,0
2035,-0.0048640545457408,0.0045482600081601,-5.3685118018241,5.6373562154879,0
983,-0.17805357431476,-0.0020742694855148,-5.3671774253338,0.93750003000013,0
2250,-0.032894069550994,-0.0045443006468608,-5.3653858931024,3.880237004298,0
5591,0.029035843356329,0.013364590046523,-5.3651475219833,8.2653443984469,0
2326,-0.037980532386294,-0.0072179686270583,-5.3650251766245,2.5781413009145,0
2276,-0.034958004338054,-0.0055348890737827,-5.3603709412364,3.5396918586366,0
3793,0.014248838036304,0.0084474633698909,-5.3599941452544,6.2508349593371,0
2372,-0.12012367443518,-0.0037789903240756,-5.3583897836739,1.0730576380417,0
2350,-0.040339970129176,-0.0076235474966813,-5.3578630189851,1.9638622960909,0
2224,-0.03009615367507,-0.0034661381247345,-5.3536848530705,4.2245469078879,0
3920,0.043286730391407,0.015719355432142,-5.3514734217772,6.9902673239348,0
2144,-0.020385228104624,-6.514131242743e-05,-5.3446096144132,4.9721261904586,0
5598,0.043957767149332,0.018182803920747,-5.3445410069009,7.9120726647482,0
3835,0.022366783954373,0.0099523390553249,-5.3442934272474,6.4628005728134,0
2117,-0.016607013743683,0.0010496472043167,-5.3420898822054,5.174412791807,0
2373,-0.084027883271701,-0.0051507079795383,-5.3419217813711,1.2191132482609,0
2302,-0.036390302446741,-0.00640765499036,-5.3399774782313,3.2040527191945,0
2171,-0.023642951745807,-0.0012129500047825,-5.3384803136069,4.7710143870714,0
2327,-0.037644567876395,-0.0071758446151469,-5.3358863456678,2.7264846925164,0
2351,-0.039236067434683,-0.0076847312965221,-5.3346304028907,2.1112786921004,0
4005,0.051555223909073,0.019535873222545,-5.3342175775679,7.5663707218314,0
2090,-0.01226566864045,0.0021086452040082,-5.3306302733756,5.3775487083185,0
2374,-0.063451953938608,-0.0062217772797693,-5.3245249821881,1.3650383372588,0
2198,-0.02642044893418,-0.0023427408676841,-5.3240029008386,4.5713929640626,0
3877,0.031261050518532,0.011716880438926,-5.3239927970563,6.6849688101167,0
3708,-0.0006111102431065,0.0048922415957888,-5.3224629671294,5.8008726131855,0
3962,0.049464372457741,0.017470703797046,-5.3201908603099,7.2344192950181,0
2277,-0.034190945825021,-0.0054735547913348,-5.319427148727,3.6887278100221,0
5583,0.01762669126109,0.0085945408116661,-5.3192830241174,8.5386900649036,0
2251,-0.031873443143201,-0.0044853193122872,-5.319015717946,4.0294881500275,0
5576,0.0045265081636724,0.0025970197703372,-5.317938778672,8.8981025078185,0
3750,0.0048462532083494,0.0057632946562567,-5.3156573177453,5.9880822914334,0
2352,-0.03858285962109,-0.0077080367552268,-5.3103594753733,2.2583899539501,0
2063,-0.0068406437488004,0.0032960602375103,-5.3099503239673,5.5811988622908,0
5590,0.033552450285836,0.014526593609827,-5.3087776564362,8.1827472479356,0
2375,-0.051895178990534,-0.0069695815775133,-5.3062028422533,1.5108103121449,0
2328,-0.037294739070045,-0.0071405216252739,-5.3056100039013,2.874369382424,0
3792,0.011414190161674,0.0069506488453867,-5.3049325437612,6.1863588064529,0
2303,-0.035836486954789,-0.0063585489805837,-5.3040316306245,3.3524597870981,0
2225,-0.028770595262521,-0.0034280460361527,-5.3014880631052,4.3735673077201,0
3919,0.040022617241601,0.013675772677292,-5.2987957608796,6.9169265773765,0
4047,0.046747196684399,0.018159720028131,-5.2906436910858,7.8305277318338,0
3834,0.019127333105519,0.0082930041205897,-5.2899711942198,6.3953057541944,0
2376,-0.045481343961746,-0.0074528784179135,-5.2869593672467,1.6564066706182,0
2353,-0.038153902829747,-0.0077145496468636,-5.2850579798654,2.405170871924,0
4004,0.051623754057888,0.018330974210847,-5.2833975585988,7.4874459842038,0
2278,-0.033330643939757,-0.0054322311711816,-5.2771757450668,3.8369984509078,0
2145,-0.01806279683171,-0.00016325987695665,-5.276157695854,5.1204887982133,0
2172,-0.021639809076965,-0.0012472853320806,-5.2751529760191,4.9194636254095,0
2329,-0.036906924986759,-0.0071138942228082,-5.274207666204,3.0217677892286,0
2252,-0.030740811307317,-0.0044543030646606,-5.2712559341767,4.1778323209321,0
3876,0.027750891161153,0.0098631030227703,-5.2704656083695,6.6145187847159,0
3961,0.047160774045577,0.015550996072823,-5.2684159992694,7.1582533172143,0
2118,-0.013928165841891,0.00087960840899832,-5.2683305946405,5.3224589171476,0
2304,-0.035206411007674,-0.0063233020341111,-5.2668703767842,3.5002328920695,0
2377,-0.0419504862613,-0.0077508247567185,-5.2667991099636,1.8018050146934,0
3707,-0.0026710727103778,0.0036073658670388,-5.2660943289068,5.7426199520933,0
2199,-0.024706087550399,-0.0023510926654824,-5.2656095768895,4.7197062201619,0
5575,0.0080287914427691,0.0042490857354801,-5.2648541800066,8.8133543263214,0
5582,0.022098187193513,0.010102215421095,-5.26454525022,8.4550013138055,0
3749,0.0025160634548317,0.0043986573303895,-5.2599131967509,5.926687214516,0
2354,-0.037823978749387,-0.0077166230965979,-5.2587342718303,2.5515964323123,0
176,-1.0906277726007,0.0012767232826073,-5.2563849687979,0.06250000200012,0
177,-0.99440957353844,0.0032439370140065,-5.2559426277103,0.18750000600041,0
178,-0.8449048781841,0.0042217607836128,-5.2555002866228,0.31250001000045,0
179,-0.67750428213156,0.0042150499486525,-5.2550579455352,0.43750001400016,0
984,-0.51541886458973,0.0033472603502221,-5.2541714972484,0.56250001800013,0
985,-0.37317417199385,0.0018342866775292,-5.2528409417623,0.68750002200041,0
5589,0.037700963854655,0.015306831719828,-5.2524077908892,8.1001500974244,0
986,-0.25820963174384,-0.00013861239966767,-5.2515103862763,0.81250002600041,0
2091,-0.0087324996575505,0.0020409243612665,-5.2513888461106,5.5250415090939,0
987,-0.17610080508617,-0.0021497930727337,-5.2501798307903,0.93750003000013,0
3791,0.0087252516176158,0.0055024681509028,-5.2498709422682,6.1218826535689,0
2226,-0.027303466481247,-0.0034276616875992,-5.2478306521175,4.5215294483224,0
3918,0.036610912046068,0.011677421442294,-5.246118099982,6.8435858308182,0
2378,-0.040009266299502,-0.0079295238091401,-5.2457271675825,1.946983064151,0
2330,-0.0364654335426,-0.0070970948921533,-5.2416915161315,3.1686526202321,0
2400,-0.11882360636816,-0.0038683697379856,-5.241680833086,1.0717265036749,0
4046,0.048783424732396,0.017765338914669,-5.2408293084768,7.7489116642125,0
3833,0.016037773603391,0.0067121682451049,-5.235648961192,6.3278109355753,0
2279,-0.032369858016089,-0.0054135990814753,-5.2336357667155,3.9844721461665,0
4003,0.050936873315584,0.016843524348692,-5.2325775396298,7.4085212465762,0
2355,-0.037523183814242,-0.0077210081219862,-5.2313973137041,2.6976418325862,0
2305,-0.034492488230011,-0.0063037058770921,-5.2285095252855,3.6473426066864,0
2401,-0.083243039685831,-0.0052600275354153,-5.2256197677686,1.2151290146779,0
2379,-0.038928015528348,-0.0080375573014208,-5.2237491787144,2.091918669401,0
2253,-0.029485846451898,-0.0044544232035437,-5.2221290544568,4.3252359260029,0
3875,0.024330627544521,0.0081029033764489,-5.2169384196829,6.5440687593151,0
3960,0.044439530253793,0.013568938577276,-5.2166411382288,7.0820873394105,0
5574,0.011791390799088,0.0057952524257089,-5.211769581341,8.7286061448242,0
2173,-0.019425385176473,-0.0013659057063555,-5.2102255095026,5.0665648046197,0
5581,0.026567221286265,0.011381609935713,-5.2098074763228,8.3713125627078,0
3706,-0.004675662837399,0.0023155922324447,-5.2097256906845,5.6843672910015,0
2402,-0.062882979576647,-0.0063600306020566,-5.2087727973987,1.3584210846475,0
2331,-0.035959006020123,-0.0070910982627877,-5.2080743985994,3.3149968878632,0
2146,-0.015497778819568,-0.00034487358223009,-5.2060309159053,5.2673691259767,0
2200,-0.022800590206998,-0.0024132294590568,-5.2056963376251,4.8668010603605,0
3748,0.00027874040670195,0.003043582692908,-5.2041690757565,5.8652921375987,0
2356,-0.037211451717551,-0.0077311440930949,-5.2030566695693,2.843282496071,0
5567,0.001142770415806,0.00070461305132849,-5.2017931339218,9.0891057898169,0
2380,-0.038299516722784,-0.0081078064620539,-5.2008713199463,2.2365898250459,0
5588,0.041328629389577,0.015664850303693,-5.1960379253419,8.0175529469129,0
3790,0.0061688858593134,0.0040895676935606,-5.1948093407752,6.0574065006849,0
3917,0.033134683569416,0.0097478264562202,-5.1934404390843,6.7702450842598,0
2119,-0.010535227357333,0.00078966409392957,-5.1928273682537,5.4688841558968,0
2227,-0.025675965869679,-0.003468335821394,-5.1927388401721,4.6683980532525,0
2403,-0.051417817726049,-0.007144106688009,-5.1911428463926,1.5015835965225,0
4045,0.050040127636083,0.016985875999709,-5.1910149258678,7.6672955965911,0
2306,-0.0336876953632,-0.0063019252211813,-5.1889655970312,3.7937598975177,0
2280,-0.031300667422869,-0.0054204735961037,-5.1888270152829,4.1311177339763,0
4002,0.049577211092487,0.015145799471363,-5.1817575206606,7.3295965089485,0
3832,0.013093932656844,0.0051936468786169,-5.1813267281644,6.2603161169563,0
2381,-0.037898083458628,-0.0081608813113362,-5.1771003022531,2.3809746826651,0
2357,-0.036864617085163,-0.0077487040874277,-5.1737224996131,2.9884940862296,0
2332,-0.035378724842087,-0.007097060511392,-5.1733698123319,3.4607739255023,0
2404,-0.045046178060934,-0.0076680355922152,-5.1727333041721,1.6445975098944,0
2254,-0.028095523689426,-0.0044886783621098,-5.1716584033963,4.4716659325822,0
3959,0.041411888087767,0.011575887063362,-5.1648662771884,7.0059213616067,0
3874,0.021026711832017,0.0064292045939103,-5.1634112309961,6.4736187339142,0
5573,0.015799251175644,0.0072335468433524,-5.1586849826754,8.6438579633269,0
5580,0.030903033450078,0.012381719278446,-5.1550697024259,8.2876238116106,0
2405,-0.04153963353265,-0.0080092864116619,-5.1535480231021,1.7874438726217,0
3705,-0.006615865222918,0.0010336900613618,-5.1533570524624,5.6261146299098,0
2382,-0.037598754530401,-0.0082087964834234,-5.1524433670363,2.5250515637102,0
5566,0.0039149539822639,0.0021407147934764,-5.1503821613684,9.0033307543564,0
3747,-0.0018776910621185,0.0016923033884884,-5.1484249547623,5.8038970606815,0
2307,-0.032785100254728,-0.0063204194168381,-5.148255815485,3.9394561423055,0
2201,-0.020692399776313,-0.0025514400294706,-5.1442933231513,5.0126408110261,0
2174,-0.016972597054526,-0.0015582373340801,-5.1437312371701,5.2122793348057,0
4087,0.044306327594202,0.015647216618618,-5.143473383784,7.9341348552712,0
2358,-0.036466904169559,-0.0077745785252716,-5.1434055540317,3.1332525212697,0
2281,-0.030113809960548,-0.0054556693175139,-5.1427700458084,4.2769045442856,0
4044,0.050516040073959,0.015867531863558,-5.1412005432589,7.5856795289699,0
3916,0.029659716801292,0.0078991940515205,-5.1407627781867,6.6969043377016,0
3789,0.0037259111464935,0.0026987442425447,-5.139747739282,5.9929303478008,0
180,-1.0949127299748,0.0012865450113017,-5.1382591673438,0.062500002000121,0
181,-0.99769441075369,0.003265141683512,-5.1378972519085,0.18750000600041,0
2333,-0.034716920907682,-0.0071164855469893,-5.1375919018438,3.6059574033506,0
182,-0.84686692797104,0.0042430839198972,-5.1375353364732,0.31250001000045,0
183,-0.67816821098829,0.0042295406654961,-5.1371734210379,0.43750001400016,0
988,-0.51495170957603,0.0033486133050283,-5.1364481451669,0.56250001800013,0
2228,-0.023866126540892,-0.0035567935170874,-5.1362396992312,4.8141384953115,0
989,-0.3718333460833,0.001815561784357,-5.1353595088602,0.68750002200041,0
990,-0.256293635584,-0.00018611284158701,-5.1342708725535,0.81250002600042,0
2147,-0.01224556523755,-0.00045179683785045,-5.1342658903967,5.4127268026994,0
2406,-0.039617932530755,-0.0082328905370518,-5.13359131618,1.9301038322111,0
991,-0.17411183113515,-0.0022269101710007,-5.1331822362468,0.93750003000014,0
4001,0.047644870310166,0.013307151306797,-5.1309375016913,7.2506717713207,0
3831,0.01028870516276,0.0037236620482673,-5.1270044951369,6.1928212983375,0
2383,-0.03733168655302,-0.0082580488661774,-5.1269082817406,2.668798972656,0
2428,-0.11748123674925,-0.0039598728653636,-5.1249718824981,1.070395369308,0
2255,-0.026552430603373,-0.0045594640410156,-5.1198681034548,4.617089886343,0
3958,0.038178311710738,0.0096103147905359,-5.1130914161479,6.929755383803,0
2407,-0.038556685963556,-0.0083865375124869,-5.1128679545381,2.0725586467017,0
2359,-0.036006941605351,-0.0078094702438925,-5.1121171665742,3.2775339886283,0
3873,0.017852132518188,0.0048302238781712,-5.1098840423092,6.4031687085132,0
2429,-0.082410907175185,-0.0053712704386131,-5.109317754166,1.2111447810949,0
2308,-0.031777396788634,-0.0063618033895553,-5.1063980963891,4.0844031470205,0
5572,0.019949446407707,0.0085176491155548,-5.1056003840098,8.5591097818297,0
2334,-0.033966577456453,-0.007151269409404,-5.1007554489956,3.7505213441275,0
2384,-0.037056795471439,-0.0083118620479802,-5.1005033352374,2.812195609718,0
5579,0.034957226146769,0.013050882221122,-5.1003319285291,8.2039350605134,0
5565,0.0070235177875023,0.0035223595037502,-5.0989711888151,8.9175557188959,0
3704,-0.008478985652112,-0.00023129276867713,-5.09698841424,5.5678619688179,0
2282,-0.028797630421774,-0.005521630478726,-5.0954861546751,4.421802416842,0
4086,0.046620917228782,0.015284629173046,-5.0947141662158,7.8498958224995,0
2430,-0.06226413176733,-0.0064998224458392,-5.0930206126093,1.3518038320362,0
3746,-0.0039597426000828,0.00035313915424212,-5.0926808337684,5.7425019837647,0
4043,0.050245331350346,0.014468710934855,-5.0913861606501,7.5040634613488,0
2408,-0.037950692587058,-0.0085024061709933,-5.0913831645193,2.2147896961417,0
3915,0.026234982126416,0.0061345333665557,-5.0880851172893,6.6235635911434,0
3788,0.0013826629361407,0.0013230968964357,-5.0846861377889,5.9284541949167,0
2202,-0.018350811787755,-0.0027532288853933,-5.081431558435,5.1571895436348,0
4000,0.045247003907281,0.011389139263629,-5.080117482722,7.1717470336928,0
2360,-0.035475682456606,-0.0078542358463936,-5.0798692478797,3.4213149589351,0
2229,-0.021862274579032,-0.0037131491463988,-5.0783611368001,4.9587168174327,0
2431,-0.050888231108313,-0.0073190239269821,-5.076082850532,1.4923568809001,0
2175,-0.01386118102588,-0.0016777527086716,-5.0757044125396,5.3565694495021,0
2385,-0.036749862078521,-0.0083716958405482,-5.0732373330223,2.9552203832307,0
3830,0.0076121167468247,0.002289356211303,-5.0726822621094,6.1253264797186,0
2409,-0.037574955511459,-0.0086006008515064,-5.0691426246408,2.3567784934062,0
2256,-0.024836008686778,-0.0046722678985776,-5.0667830608373,4.7614759302625,0
2309,-0.030656323845719,-0.006428660696155,-5.06341103716,4.2285731625685,0
2335,-0.033120940938433,-0.0072036475220271,-5.0628758642545,3.8944401384445,0
3957,0.034825365186685,0.0076984507689098,-5.0613165551074,6.8535894059992,0
2432,-0.044555907139811,-0.007882131016787,-5.0585072410974,1.6327883491706,0
3872,0.014810103880192,0.0032930181012334,-5.0563568536224,6.3327186831123,0
5571,0.024146386642452,0.0096062052044806,-5.0525157853444,8.4743616003328,0
5564,0.010413559899092,0.0048239416871826,-5.0475602162617,8.8317806834353,0
2283,-0.027336306748388,-0.0056199214750574,-5.0469973667373,4.5657817194336,0
2361,-0.03486533387704,-0.0079100651959804,-5.0466742784023,3.5645722000147,0
2410,-0.037304689836006,-0.0086927843356253,-5.0461524622424,2.498506695108,0
4085,0.048210699679429,0.01455925419719,-5.0459549486476,7.7656567897278,0
5578,0.038586545444647,0.013351427054121,-5.045594154632,8.1202463094158,0
2386,-0.036395031718599,-0.0084382055381227,-5.0451195919321,3.0978524223073,0
4042,0.049291586892121,0.01285388273503,-5.0415717780412,7.4224473937275,0
3703,-0.010257869329431,-0.001474188864061,-5.0406197760174,5.5096093077258,0
2433,-0.041070548980024,-0.0082652357437623,-5.0402969362407,1.77308273055,0
3745,-0.0059649048268691,-0.00096681094053868,-5.0369367127745,5.6811069068479,0
3914,0.022894264525947,0.0044500811537627,-5.0354074563917,6.5502228445851,0
5557,0.00096562354243038,0.00057192517238479,-5.0306027428768,9.1921731044177,0
3787,-0.00086921091554722,-4.0220158232709e-05,-5.029624536296,5.8639780420328,0
3999,0.042489535309987,0.0094429058998098,-5.0292974637528,7.092822296065,0
2336,-0.032173166833847,-0.0072760704955685,-5.0239691774952,4.0376885600647,0
2411,-0.037070048834986,-0.0087852005130945,-5.0224192497771,2.6399561127259,0
2434,-0.039165424838029,-0.0085323633963968,-5.0214554647775,1.9132246002711,0
184,-1.099228474577,0.001296432237131,-5.0201333658895,0.062500002000121,0
185,-1.0009963902509,0.0032868765160298,-5.0198518761065,0.18750000600041,0
186,-0.84883313075415,0.0042649911748438,-5.0195703863235,0.31250001000045,0
2310,-0.029411639002842,-0.0065230655003193,-5.0193139059539,4.3719389011018,0
187,-0.67882601920497,0.0042444111199018,-5.0192888965406,0.43750001400016,0
2230,-0.019631125386799,-0.0039229859412142,-5.0191318797,5.102099752464,0
992,-0.51446831960077,0.0033499325538163,-5.0187247930854,0.56250001800013,0
3829,0.0050523224119955,0.00088080928200403,-5.0183600290818,6.0578316610996,0
993,-0.37046614989638,0.0017961037330444,-5.017878075958,0.68750002200042,0
2203,-0.015379929392919,-0.0028815576047827,-5.0171429346826,5.3004120963049,0
994,-0.25434222569494,-0.00023516288543767,-5.0170313588306,0.81250002600043,0
995,-0.17208608312361,-0.0023065888161924,-5.0161846417033,0.93750003000014,0
2387,-0.035980829779964,-0.0085118235605164,-5.0161599345493,3.2400710893934,0
2362,-0.034168802450686,-0.0079785510346643,-5.0125453009599,3.7072827907373,0
2257,-0.022934459313226,-0.0048448621136432,-5.0124289504488,4.9047928238392,0
3956,0.031424193919298,0.0058556744473678,-5.009541694067,6.7774234281956,0
2456,-0.11609581052972,-0.0040543655814329,-5.0082629319101,1.0690642349412,0
3871,0.011898373782833,0.001805604587472,-5.0028296649357,6.2622686577115,0
2435,-0.038121658091749,-0.008730260893015,-5.0019867303619,2.0531986240023,0
5570,0.028273014734387,0.010453943244166,-4.9994311866794,8.3896134188364,0
2412,-0.036830893672493,-0.0088808680274397,-4.9979500009055,2.781108723365,0
2284,-0.025710878830853,-0.005754752364971,-4.9973264224433,4.7088133652135,0
4084,0.049057633199946,0.013508882546121,-4.9971957310795,7.6814177569563,0
5563,0.014065739141961,0.0060368177672357,-4.9961492437082,8.7460056479746,0
4127,0.041695886072202,0.013324275626018,-4.9943973643579,8.0350055729535,0
2457,-0.081529891291385,-0.0054851143795331,-4.9930157405635,1.2071605475119,0
4041,0.047738945857592,0.011087075205628,-4.9917573954321,7.340831326106,0
2388,-0.035498082234652,-0.0085930978135776,-4.9863686834276,3.3818559923679,0
3702,-0.011949073730664,-0.002692254966616,-4.9842511377948,5.4513566466337,0
2337,-0.031115861120899,-0.0073709942727755,-4.9840520285115,4.1802417808513,0
3913,0.019658165019239,0.0028376847338686,-4.9827297954939,6.4768820980266,0
2436,-0.03753610083578,-0.0088903341405637,-4.9818950090924,2.1929895672376,0
3744,-0.0078864150477893,-0.0022603949266596,-4.9811925917805,5.6197118299309,0
5556,0.0033616236579362,0.0017499787825387,-4.9808852068579,9.1054041852252,0
3998,0.039471308926893,0.0075081946139641,-4.9784774447836,7.0138975584371,0
2363,-0.033379376819352,-0.0080616721745577,-4.977495913024,3.8494241345834,0
2458,-0.061594166218241,-0.0066415722582198,-4.9772684278199,1.3451865794249,0
3786,-0.0030366985217561,-0.0013854926687092,-4.9745629348033,5.7995018891493,0
2311,-0.028029314476105,-0.0066459483535648,-4.97412663002,4.5144735525242,0
2413,-0.036562939204531,-0.0089810493337032,-4.9727521664316,2.9219466802317,0
3828,0.0025997793398354,-0.00050650474723454,-4.9640377960542,5.9903368424807,0
2437,-0.037184382963734,-0.009032132992962,-4.9611849470286,2.3325823041474,0
2459,-0.05030571481878,-0.0074942653529765,-4.9610228546714,1.4831301652777,0
2231,-0.016800722964736,-0.0040572832867953,-4.9585814568257,5.2442547431078,0
3955,0.028030334901912,0.0040884134765647,-4.9577668330266,6.7012574503919,0
2258,-0.020812848371265,-0.0050611380341458,-4.9568322009649,5.0470099612931,0
2389,-0.034938852619808,-0.0086828794866196,-4.9557566549608,3.5231869966789,0
3870,0.0091113080902179,0.00035753905221259,-4.949302476249,6.1918186323108,0
4083,0.049177661491518,0.012183271022069,-4.9484365135115,7.5971787241848,0
2414,-0.036250258632864,-0.009086181330978,-4.9468336298326,3.062452323345,0
4126,0.044235524501475,0.012976531961995,-4.946741557707,7.9482128511266,0
2285,-0.023909561023911,-0.0059413830460817,-4.9464967640976,4.8508688302456,0
5569,0.032194771818804,0.011014859200417,-4.9463465880145,8.3048652373401,0
5562,0.017890112410836,0.0071194625290433,-4.9447382711547,8.660230612514,0
2460,-0.044010121396863,-0.0080945791700504,-4.9442811780228,1.6209791884467,0
2338,-0.029940157995176,-0.0074903187917622,-4.9431416572326,4.3220753853616,0
4040,0.045682750677694,0.0092269633691663,-4.9419430128231,7.2592152584845,0
2364,-0.03249048560068,-0.0081617074852815,-4.9415402586013,3.9909739731088,0
2438,-0.036941809288987,-0.0091669481262346,-4.9398615574485,2.4719618265059,0
5555,0.0061015302268783,0.0028958523892756,-4.931167670839,9.0186352660328,0
3912,0.016537151911517,0.0012874792621446,-4.9300521345963,6.4035413514683,0
3701,-0.01354666988206,-0.0038801287636407,-4.9278824995723,5.3931039855417,0
2312,-0.026492279399955,-0.0068003213575085,-4.9278697840495,4.6561508001646,0
3997,0.036280248048082,0.005613528551753,-4.9276574258143,6.9349728208093,0
2461,-0.040542911486651,-0.0085177087651453,-4.9270458493792,1.7587215884783,0
3743,-0.0097203101256871,-0.0035222762138737,-4.9254484707863,5.5583167530138,0
2390,-0.034295909981692,-0.0087824148257793,-4.9243351529244,3.664044237347,0
2415,-0.035881291717906,-0.0091964389729402,-4.9202027025243,3.2026081901585,0
3785,-0.0051184489184286,-0.0027063291009753,-4.9195013333108,5.7350257362658,0
2439,-0.036738458205281,-0.009300772395444,-4.9179302178136,2.6111132527957,0
3827,0.00024938719683577,-0.0018733933351975,-4.9097155630268,5.922842023862,0
2462,-0.038651453389598,-0.0088267549802324,-4.909319613375,1.8963453683312,0
3954,0.024684680068949,0.0023963635048122,-4.9059919719862,6.6250914725882,0
2365,-0.031495391562532,-0.0082810434670881,-4.9046930198631,4.131910399134,0
188,-1.1035776488158,0.001306993261968,-4.9020075644354,0.062500002000121,0
189,-1.0043174668748,0.00330998151986,-4.9018065003047,0.18750000600041,0
190,-0.85080461237334,0.0042884282739297,-4.901605436174,0.31250001000045,0
191,-0.67947791743716,0.0042604464588139,-4.9014043720433,0.43750001400016,0
2339,-0.02863397370507,-0.0076346086070774,-4.9012558933026,4.4631653856147,0
996,-0.51396798194316,0.0033516023141548,-4.9010014410039,0.56250001800014,0
997,-0.36907107746571,0.0017758013675211,-4.9003966430558,0.68750002200043,0
2259,-0.018121875586934,-0.0051992576276515,-4.9000199789688,5.1880973899106,0
998,-0.25235341258484,-0.00028599800675905,-4.8997918451077,0.81250002600043,0
4082,0.048616290584482,0.010639446319317,-4.8996772959433,7.5129396914132,0
999,-0.17002268777988,-0.0023891399317414,-4.8991870471597,0.93750003000014,0
4125,0.046109690260109,0.012288409890726,-4.8990857510562,7.8614201292996,0
3869,0.0064418489153432,-0.0010585464429119,-4.8957752875623,6.1213686069099,0
2440,-0.036534092305052,-0.0094364356751491,-4.8953966665737,2.750021837012,0
2286,-0.021896546422352,-0.0061621197440334,-4.8945325222299,4.9919201701223,0
5561,0.0218017734299,0.0080344975003173,-4.8933272986015,8.5744555770537,0
5568,0.035778708272022,0.011254347049524,-4.8932619893492,8.2201170558433,0
2416,-0.035446755838534,-0.0093120648242918,-4.8928681189756,3.3423970258008,0
4039,0.043221327574191,0.0073238327017661,-4.8921286302141,7.1775991908631,0
2391,-0.033562462025505,-0.0088933674884383,-4.8921159617936,3.8044081307223,0
2484,-0.11466932771666,-0.0041521109820379,-4.8915539813221,1.0677331005743,0
2463,-0.0376227034345,-0.009067415027606,-4.8911055061856,2.0338386013029,0
5554,0.0091348105458431,0.0039821920309874,-4.88145013482,8.9318663468402,0
2313,-0.024789153308523,-0.006998898015774,-4.8805645777464,4.7969448366522,0
3911,0.013534899307354,-0.00021012889819719,-4.8773744736988,6.3302006049102,0
3996,0.032991144332894,0.0037772295340384,-4.8768374068451,6.8560480831815,0
2485,-0.080604219667007,-0.0056013902773158,-4.8767137269608,1.2031763139289,0
2464,-0.037055624677176,-0.0092701981146354,-4.8724068536654,2.1711894383334,0
2441,-0.036304344288176,-0.0095750272240173,-4.8722669998409,2.8886729772328,0
3700,-0.015050460946324,-0.0050334732758693,-4.8715138613499,5.3348513244498,0
3742,-0.011467523790287,-0.0047506588213119,-4.8697043497921,5.4969216760967,0
2366,-0.030386453910485,-0.0084215803222998,-4.8669694085114,4.2722118696213,0
2417,-0.034938576737064,-0.0094335576430568,-4.8648390315194,3.4818017933431,0
3784,-0.0071048310718895,-0.0039927117720709,-4.864439731818,5.6705495833821,0
2486,-0.060878936348871,-0.0067846896397916,-4.8615162430303,1.3385693268136,0
2392,-0.032732008293684,-0.0090177881177885,-4.8591113397076,3.944259386153,0
2340,-0.027182460336075,-0.0078059062951939,-4.8584131456555,4.6034882351156,0
5547,0.00080935297675147,0.00046018816851819,-4.8575122450836,9.2920164848003,0
3826,-0.0020028613881824,-0.003213356658216,-4.8553933299996,5.8553472052436,0
3953,0.021415229769663,0.00077480054954794,-4.8542171109456,6.5489254947844,0
2465,-0.036726399833793,-0.0094540218479929,-4.8532272694163,2.3083861148885,0
4124,0.047286027414246,0.011290564824873,-4.8514299444054,7.7746274074728,0
4081,0.047441475367597,0.0089359537231598,-4.850918078375,7.4287006586414,0
2442,-0.036033221582882,-0.0097167930995929,-4.848547667733,3.0270522243826,0
2487,-0.049675797490442,-0.007668816880289,-4.8459628588107,1.4739034496554,0
4167,0.038965660448898,0.011207387423937,-4.8434669653095,8.1331048412911,0
4038,0.040449665771904,0.0054181339423691,-4.8423142476051,7.0959831232416,0
3868,0.0038843948855052,-0.0024456326565553,-4.8422480988755,6.0509185815091,0
5560,0.02569672647288,0.0087417254532265,-4.8419163260486,8.4886805415939,0
2287,-0.019342584497652,-0.0063011703055165,-4.8414585011119,5.1319400367134,0
2418,-0.034349359378705,-0.0095617777511758,-4.836125004889,3.6208056839569,0
2466,-0.03651031855496,-0.009629774496464,-4.8335706526545,2.4454169579037,0
2314,-0.022884302653147,-0.0072225515862864,-4.8322328434949,4.9368303789515,0
5553,0.0124400144258,0.0049957361264065,-4.831732598801,8.8450974276475,0
2488,-0.043413002037847,-0.0083040348957356,-4.8300551149481,1.6091700277229,0
2367,-0.029153559402836,-0.0085838262029703,-4.8283851565851,4.4118572187052,0
3995,0.029664824818494,0.0020090205802713,-4.8260173878761,6.7771233455538,0
2393,-0.031798193035342,-0.0091579823044511,-4.8253340112147,4.0835790174167,0
3910,0.010650865482367,-0.0016632515532755,-4.8246968128013,6.256859858352,0
2443,-0.035709100948583,-0.0098616775211465,-4.8242454704994,3.1651452909236,0
3699,-0.016459898103274,-0.0061482896126963,-4.8151452231275,5.2765986633578,0
2341,-0.025575239856829,-0.0080145350093093,-4.8146323913951,4.7430208430587,0
3741,-0.013111410924882,-0.0059337948967847,-4.813960228798,5.4355265991796,0
2489,-0.039959455228951,-0.0087652209446599,-4.8137947625175,1.7443604464066,0
2467,-0.036337296682817,-0.0098032000409542,-4.8134411858502,2.5822703928655,0
5546,0.002866046927812,0.0014186858317382,-4.8095073079233,9.2042870333821,0
3783,-0.008994899011409,-0.0052401312145281,-4.8093781303251,5.6060734304982,0
2419,-0.033672143785092,-0.0096980019697822,-4.8067360105632,3.7593921268612,0
4123,0.047764313979887,0.010025065853144,-4.8037741377547,7.6878346856461,0
3952,0.018239597934311,-0.00078311813003722,-4.8024422499051,6.4727595169807,0
4080,0.045735533340712,0.0071281205752844,-4.8021588608067,7.3444616258696,0
3825,-0.0041568173832224,-0.0045198596185468,-4.8010710969726,5.7878523866253,0
2444,-0.035322622795987,-0.010009638223546,-4.7993675545236,3.3029380592337,0
2490,-0.038077618239184,-0.0091145907528852,-4.7971837619724,1.8794661363912,0
4166,0.041676991478846,0.010861990223474,-4.7969615158955,8.0438285936835,0
2468,-0.036166942257524,-0.0099769608519406,-4.7928433322418,2.718934950659,0
4037,0.037454985956244,0.0035402416100623,-4.7924998649961,7.0143670556202,0
2394,-0.030754313005157,-0.009315956110797,-4.7907971597902,4.222348353881,0
5559,0.029453956112721,0.0092003421915255,-4.7905053534957,8.4029055061342,0
2368,-0.027784374359024,-0.0087692344782542,-4.7889565072615,4.5508256700665,0
3867,0.0014369960455008,-0.003803094913434,-4.788720910189,5.9804685561085,0
192,-1.1079581610634,0.0013197059401832,-4.7838817629813,0.062500002000121,0
193,-1.0076556350353,0.0033361976564591,-4.7837611245029,0.18750000600041,0
194,-0.8527799279464,0.0043154624518574,-4.7836404860244,0.31250001000045,0
195,-0.68012313109682,0.0042797903702843,-4.783519847546,0.43750001400016,0
1000,-0.5134502524975,0.0033555386831276,-4.7832780889223,0.56250001800014,0
1001,-0.36764732161035,0.001755970646897,-4.7829152101535,0.68750002200043,0
2315,-0.020466180983981,-0.0073606722955364,-4.782897023255,5.0757826835163,0
1002,-0.25032540099333,-0.0003381719297968,-4.7825523313847,0.81250002600044,0
1003,-0.16792009934532,-0.0024760615806328,-4.7821894526159,0.93750003000015,0
5552,0.015939427545196,0.0058992546613021,-4.782015062782,8.758328508455,0
2491,-0.037060673956341,-0.0093965891966216,-4.7802242820092,2.0144785786035,0
2420,-0.032900318983866,-0.0098439526934408,-4.7766824208138,3.8975447991971,0
3994,0.026348498645351,0.00031199155738667,-4.7751973689068,6.698198607926,0
2512,-0.11320695962411,-0.0042559561378946,-4.7748450307338,1.0664019662074,0
2445,-0.034865605896024,-0.010160827670609,-4.773921408078,3.4404165900073,0
3909,0.0078826787965282,-0.0030773496907534,-4.7720191519037,6.1835191117937,0
2469,-0.035974780980314,-0.010152004874909,-4.7717818332502,2.8553992742338,0
2342,-0.023778104069798,-0.008240106622184,-4.7699331647598,4.8817405877807,0
2492,-0.036509687694144,-0.0096406423478251,-4.7629186982383,2.1493893094292,0
5545,0.0052648644267699,0.0023612409958732,-4.7615023707632,9.116557581964,0
2513,-0.079647390475459,-0.0057201219211875,-4.760411713358,1.1991920803458,0
3698,-0.017762752261519,-0.0072150450021737,-4.758776584905,5.2183460022658,0
3740,-0.014651736005529,-0.0070688963367561,-4.7582161078039,5.3741315222627,0
4122,0.047573314908155,0.0085420059009196,-4.7561183311039,7.6010419638193,0
2395,-0.029592056572092,-0.0094924509017258,-4.7555144198677,4.3605490517957,0
3782,-0.01078594914696,-0.0064426304358627,-4.7543165288321,5.5415972776143,0
4079,0.043587432088678,0.0052648254090519,-4.7533996432385,7.2602225930979,0
3951,0.015167804955349,-0.0022844911549449,-4.7506673888647,6.3965935391771,0
4165,0.043785163442772,0.010198251516185,-4.7504560664816,7.9545523460758,0
2470,-0.03574475555714,-0.010328424968443,-4.7502617056334,2.9916521254202,0
2369,-0.026270267900047,-0.0089861474792585,-4.7487002050438,4.6890968494651,0
2446,-0.034330505096014,-0.010315699863995,-4.7479148568535,3.5775671305667,0
3824,-0.0062088944416259,-0.0057866131295364,-4.7467488639454,5.7203575680067,0
2421,-0.032027607208317,-0.010001758220054,-4.7459750025664,4.0352476356995,0
2514,-0.060136360558415,-0.0069250239686101,-4.7457640582406,1.3319520742023,0
2493,-0.03620122634816,-0.009864937234057,-4.7452695918039,2.2841899256297,0
4036,0.034313930932686,0.0017110964482426,-4.7426854823871,6.9327509879988,0
5558,0.032951354176515,0.0093788740274767,-4.7390943809425,8.3171304706741,0
3866,-0.00090140742937497,-0.0051259529173926,-4.7351937215027,5.9100185307082,0
5551,0.019558371022562,0.0066589629461934,-4.7322975267632,8.6715595892628,0
2515,-0.049014579262532,-0.0078367256548466,-4.7309028629498,1.464676734033,0
2471,-0.035465201172487,-0.010505974811972,-4.7282882384744,3.1276823916887,0
2494,-0.03601037886504,-0.010079931817028,-4.7272797478604,2.4188720893016,0
3993,0.023077027142861,-0.0013152944970816,-4.7243773499375,6.6192738702981,0
2343,-0.021495068210671,-0.008376224511349,-4.7243355453981,5.0196253303191,0
2447,-0.033710162321104,-0.010475081654361,-4.7213560593328,3.7143761230002,0
2396,-0.028301728669069,-0.0096888222310664,-4.7194998688676,4.4981631050175,0
3908,0.0052286248885469,-0.0044543942997126,-4.7193414910061,6.1101783652355,0
2516,-0.042776481392147,-0.008504775922201,-4.7158290518731,1.5973608669991,0
2422,-0.031047832979253,-0.010173515419597,-4.7146249110691,4.1724848381408,0
5544,0.0079608897154124,0.0032603334555488,-4.7134974336029,9.0288281305457,0
2495,-0.035866752455369,-0.010291133502234,-4.7089521538866,2.5534275329353,0
4121,0.046765217727287,0.0068945062458135,-4.7084625244529,7.5142492419922,0
2370,-0.024579985562026,-0.009213189789886,-4.7076334860247,4.8266507966097,0
2472,-0.035126718276651,-0.010684366442033,-4.7058669900715,3.2634790926665,0
4078,0.041086369697378,0.0033867003085512,-4.7046404256703,7.1759835603261,0
4164,0.045245854423342,0.0092408004422761,-4.7039506170677,7.8652760984683,0
3739,-0.016088609807016,-0.0081533208771612,-4.7024719868098,5.3127364453457,0
3697,-0.018965899108479,-0.0082358179369657,-4.7024079466827,5.160093341174,0
2517,-0.039328097359564,-0.0090030895295427,-4.7005436756557,1.729999304335,0
3781,-0.012471646063124,-0.0075944390662058,-4.6992549273393,5.4771211247305,0
3950,0.012204868092479,-0.0037353649982324,-4.6988925278244,6.3204275613735,0
2448,-0.032997736691543,-0.010640246438045,-4.6942535019201,3.8508302122414,0
4035,0.031091141004053,-5.65193562801e-05,-4.6928710997783,6.8511349203775,0
3823,-0.0081563974320063,-0.0070089096118865,-4.692426630918,5.652862749388,0
4207,0.036165532456508,0.0093059097334156,-4.6907341637984,8.228398579292,0
2496,-0.035729704944089,-0.010501069498996,-4.6902899979099,2.687848064306,0
2518,-0.037448743733695,-0.0093922881690817,-4.6850479105696,1.8625869044513,0
2473,-0.034721065978116,-0.010863437993997,-4.6830037846366,3.3990313866714,0
2397,-0.026877216724128,-0.0099121482557772,-4.6827680186925,4.6351728558715,0
2423,-0.029954071484934,-0.01036037407418,-4.6826436831504,4.3092408848863,0
5537,0.0006727796324704,0.00036697740988491,-4.6825823484451,9.3886009130064,0
5550,0.023205234801993,0.0072391548048784,-4.6825799907447,8.584790670071,0
3865,-0.0031308878443163,-0.0064088176889722,-4.6816665328164,5.8395685053081,0
3992,0.019874896104534,-0.002876754217181,-4.6735573309683,6.5403491326703,0
2497,-0.035574603624662,-0.010710588547926,-4.6712966666594,2.8221255712348,0
2519,-0.036438232912247,-0.0097150811382124,-4.6693430578326,1.9951185559042,0
3907,0.0026896723791284,-0.0057928292281591,-4.6666638301087,6.0368376186776,0
2449,-0.032186760137368,-0.010812972121229,-4.6666159939181,3.9869162539823,0
2371,-0.022431462526723,-0.0093469178811847,-4.6657740675411,4.9634679771218,0
196,-1.1123611017437,0.0013342435311598,-4.6657559615271,0.062500002000121,0
197,-1.0110041157284,0.0033644630213148,-4.665715748701,0.18750000600041,0
198,-0.85475492106764,0.0043447428033382,-4.6656755358748,0.31250001000045,0
199,-0.68076016781171,0.0043013818157874,-4.6656353230487,0.43750001400016,0
1004,-0.51291559639371,0.0033614086039915,-4.6655547368408,0.56250001800014,0
5543,0.010932268575946,0.0040997681308554,-4.6654924964426,8.9410986791274,0
1005,-0.36619574808963,0.0017370161518401,-4.6654337772512,0.68750002200044,0
1006,-0.2482570833777,-0.00039186899163371,-4.6653128176616,0.81250002600045,0
1007,-0.16577139558053,-0.0025734912418225,-4.665191858072,0.93750003000015,0
4120,0.045408822919814,0.005134271690487,-4.660806717802,7.4274565201652,0
2474,-0.034240598151556,-0.011043249983506,-4.659704708818,3.5343285771765,0
2540,-0.11169952715707,-0.0043811221269499,-4.6581360801454,1.0650708318406,0
4163,0.046044751888304,0.0080249409899758,-4.6574451676539,7.7759998508609,0
4077,0.038316955207302,0.0015255093893777,-4.6558812081021,7.0917445275543,0
2520,-0.035899518018635,-0.0099995819025443,-4.653430542811,2.1275891805251,0
2498,-0.035385309481687,-0.010919677875493,-4.6519757435338,2.9562520264578,0
2424,-0.028739067925504,-0.010564084779975,-4.6500432304737,4.4455005399685,0
3949,0.0093532255049629,-0.0051398052357848,-4.6471176667839,6.2442615835698,0
3738,-0.017419267258682,-0.0091856322555344,-4.6467278658158,5.2513413684287,0
3696,-0.02007235071784,-0.0092106237214211,-4.6460393084603,5.101840680082,0
4206,0.038996534506838,0.0089544572827067,-4.6454247020634,8.1367098319882,0
2398,-0.025292103566036,-0.010140618711351,-4.6453338072896,4.7715610054388,0
3780,-0.01404948471993,-0.0086938985288308,-4.6441933258466,5.4126449718469,0
2541,-0.078647601929752,-0.0058506921843558,-4.644109699755,1.1952078467628,0
4034,0.02783902219863,-0.0017563050650162,-4.6430567171693,6.7695188527561,0
2450,-0.031271118447153,-0.010995276466948,-4.638452662348,4.1226213224006,0
3822,-0.0099961889723841,-0.0081817907232082,-4.6381043978905,5.5853679307693,0
2521,-0.035609163840905,-0.010263193135946,-4.6373119141913,2.2599937363708,0
5536,0.0024265228583799,0.001140529976476,-4.6363085170732,9.2999446494149,0
2475,-0.033677990790012,-0.011224151862537,-4.6359761081024,3.6693601191391,0
5549,0.02677213823913,0.007603741308832,-4.6328624547262,8.4980217508794,0
2499,-0.035150125239132,-0.011127952333889,-4.6323310064494,3.0902194924538,0
2542,-0.059357512119609,-0.0070573428017601,-4.6300118734508,1.325334821591,0
3864,-0.0052493959879237,-0.0076466748000329,-4.62813934413,5.7691184799076,0
3991,0.016758541559647,-0.0043770592652573,-4.6227373119992,6.4614243950427,0
2522,-0.03544170164621,-0.010515976913647,-4.6209888430662,2.3923272206994,0
5542,0.014112633071198,0.0048461767736116,-4.6174875592823,8.8533692277091,0
2425,-0.027399789639688,-0.010791484389547,-4.6168358323413,4.581248862278,0
2543,-0.048315119040455,-0.007985996389403,-4.6158428670887,1.4554500184106,0
3906,0.00026817410144358,-0.00708981754826,-4.6139861692116,5.9634968721199,0
4119,0.043582571972184,0.0033083323623073,-4.6131509111511,7.3406637983381,0
2500,-0.034859641411727,-0.011334933684446,-4.6123664256194,3.2240201260993,0
2476,-0.033026148184085,-0.011406868077814,-4.6118245830264,3.8041156252855,0
4162,0.046195432482387,0.0065944120214293,-4.6109397182399,7.6867236032534,0
2451,-0.030244626020763,-0.011188667933026,-4.6097729464331,4.2579327179768,0
2399,-0.023277526060221,-0.010272155236918,-4.6072125896841,4.9073106239246,0
4076,0.035355908163633,-0.00029557192976074,-4.6071219905339,7.0075054947827,0
2523,-0.035326164314291,-0.010763270668087,-4.6044631219229,2.5245846730051,0
2544,-0.042095209137972,-0.0086849510345282,-4.6016029887981,1.5855517062753,0
4205,0.041288181952894,0.008305988608401,-4.6001152403285,8.0450210846843,0
3948,0.0066149365720024,-0.0064992094251108,-4.5953428057435,6.1680956057662,0
4033,0.024598472117914,-0.0033865887711283,-4.5932423345602,6.6879027851346,0
2501,-0.034505605866885,-0.011540202928263,-4.5920861611951,3.3576461833356,0
3737,-0.018645743561731,-0.010167489438879,-4.5909837448218,5.1899462915118,0
5535,0.0045133725460899,0.0019096673308127,-4.5900346857014,9.2112883858234,0
3695,-0.021084575308533,-0.010139161245273,-4.5896706702378,5.04358801899,0
3779,-0.01551784615033,-0.009739462387726,-4.5891317243537,5.3481688189631,0
2524,-0.035221485963837,-0.011007539067885,-4.5877366635778,2.656761177953,0
2545,-0.038645022974348,-0.0092219594651512,-4.5872925887938,1.7156381622633,0
2477,-0.032278254580215,-0.01159262184072,-4.5872569852697,3.9385848722651,0
3821,-0.011724343444623,-0.0093011431370199,-4.5837821648633,5.5178731121507,0
5548,0.030148095512196,0.007724290517876,-4.5831449187075,8.4112528316873,0
2426,-0.025916864973704,-0.011021443193823,-4.5830341285545,4.716471214268,0
2452,-0.029101807209067,-0.011395587617095,-4.5805865920798,4.3928379749195,0
3863,-0.0072545365167694,-0.0088351636509879,-4.5746121554435,5.698668454507,0
2546,-0.03676239745697,-0.0096529989554071,-4.5729120591667,1.8457076725113,0
3990,0.013738705598088,-0.0058203950152066,-4.5719172930301,6.382499657415,0
2502,-0.034080336990471,-0.011743479721826,-4.5714945607825,3.4910900237862,0
2525,-0.035102775730107,-0.01124960129235,-4.5708115000684,2.7888518682359,0
5541,0.017436989657448,0.0054690375271581,-4.5694826221222,8.7656397762913,0
4118,0.041368339260156,0.0014570197728038,-4.5654951045003,7.2538710765111,0
4161,0.045735155201327,0.0049971107180149,-4.5644342688259,7.5974473556456,0
2478,-0.031427855542279,-0.011783043930692,-4.5622804136268,4.0727578066603,0
3905,-0.0020354522407035,-0.0083406317777042,-4.5613085083146,5.8901561255623,0
2547,-0.035754054991549,-0.010017929824348,-4.558461833656,1.9757585332048,0
4075,0.032270118791056,-0.002061016859818,-4.5583627729658,6.923266462011,0
4204,0.042986409774058,0.0073800519672442,-4.5548057785936,7.9533323373805,0
2526,-0.034953766532307,-0.011489404647435,-4.553689781434,2.9208519274954,0
2453,-0.027842663367615,-0.011623816492879,-4.5509036459901,4.5273248686845,0
2503,-0.033576422739892,-0.011944667244392,-4.550596156872,3.624344115278,0
202,-0.85673077954734,0.0043695953688398,-4.5491093975401,0.31250001000045,0
203,-0.68138966391013,0.0043199070336777,-4.5491093975401,0.43750001400016,0
1008,-0.51236480530984,0.0033665573836004,-4.5491093975401,0.56250001800014,0
1009,-0.36471823560906,0.0017205175665977,-4.5491093975401,0.68750002200043,0
1010,-0.24615346927124,-0.00044073927638838,-4.5491093975401,0.81250002600044,0
1011,-0.16357550617241,-0.0026702430019159,-4.5491093975401,0.93750003000015,0
200,-1.1167889821562,0.0013452956945389,-4.5491093975401,0.062500002000121,0
201,-1.0143650691567,0.0033883144009129,-4.5491093975401,0.18750000600041,0
2427,-0.024035400246466,-0.011151533197874,-4.5486511118271,4.8511532707274,0
2548,-0.035224587974687,-0.010343322487782,-4.5439423873837,2.1057890516209,0
5534,0.0068945426941769,0.0026477660970509,-4.5437608543294,9.1226321222318,0
3947,0.0039934715729107,-0.0078114219943383,-4.5435679447033,6.0919296279629,0
4032,0.021400316406602,-0.0049485092550828,-4.5434279519512,6.6062867175132,0
2568,-0.11003337079373,-0.0045298508650329,-4.5422843347907,1.0644052646572,0
2479,-0.030468748742723,-0.011979646408271,-4.5369022097157,4.2066245510673,0
2527,-0.034762719534522,-0.011726489447731,-4.5363737744243,3.0527565932189,0
4247,0.033343649195038,0.0076226016553737,-4.5362515630278,8.3208536806999,0
3736,-0.019769896592039,-0.011098750954763,-4.5352396238277,5.1285512145948,0
3778,-0.016875514726235,-0.010730303206405,-4.5340701228609,5.2836926660794,0
3694,-0.022004976451616,-0.011021026561062,-4.5333020320153,4.985335357898,0
3820,-0.013338534073825,-0.010364993621356,-4.529459931836,5.4503782935322,0
2504,-0.032986583404723,-0.012143912893237,-4.5293956641326,3.7574010383296,0
2549,-0.034950198077979,-0.010645889586791,-4.5293542365787,2.2357975471119,0
2569,-0.077324123118055,-0.0060097385360386,-4.5286342092917,1.1932157299713,0
5540,0.020825373700565,0.0059366115935131,-4.5214776849624,8.6779103248738,0
3989,0.010822668968559,-0.0072097083392464,-4.5210972740609,6.3035749197872,0
3862,-0.00914366312627,-0.0099702506936967,-4.5210849667569,5.6282184291065,0
2454,-0.026457096039314,-0.011854906368789,-4.5207344498195,4.6613814230972,0
2528,-0.034520232987926,-0.011960253883173,-4.5188658611672,3.1845611595321,0
4160,0.044719267784331,0.0032809980224332,-4.5179288194119,7.5081711080379,0
4117,0.038846452085787,-0.00038697613673663,-4.5178392978494,7.1670783546841,0
2570,-0.058222537077426,-0.0071925100095435,-4.5149840837928,1.3220261952854,0
2550,-0.034804549648018,-0.010935484487626,-4.5146979382719,2.3657823520972,0
2480,-0.029396106797965,-0.012185377028451,-4.5111299536859,4.3401754098705,0
4074,0.029115880089196,-0.0037615751319845,-4.5096035553976,6.8390274292393,0
4203,0.044064853481507,0.0062060419770419,-4.5094963168587,7.861643590077,0
3904,-0.0042195124247951,-0.0095412822883403,-4.5086308474173,5.8168153790045,0
2505,-0.032303661512963,-0.012341735173442,-4.5078979766213,3.8902534905478,0
5527,0.00055450069355224,0.00028994827921777,-4.5058744054476,9.4818925144105,0
2571,-0.047295534350705,-0.0081220421669834,-4.5013339582938,1.4508366605994,0
2529,-0.034218083529881,-0.012190094825664,-4.5011685377535,3.3162609799998,0
2551,-0.034715886179531,-0.011217464385771,-4.4999740899591,2.4957418130749,0
5533,0.0095490112152778,0.003337030162758,-4.4974870229574,9.0339758586401,0
4031,0.018267163171257,-0.0064444429639153,-4.4936135693423,6.524670649892,0
4246,0.036244838325404,0.0072603187657397,-4.4921823876873,8.2268242979174,0
3946,0.0014949597250868,-0.0090758474849519,-4.4917930836633,6.0157636501598,0
2455,-0.024707094669763,-0.011984708757955,-4.4900896339702,4.7949959175302,0
2572,-0.041153140967567,-0.0088479095385414,-4.4876838327949,1.5796471259134,0
2506,-0.031520673129492,-0.012539037494666,-4.4861081649056,4.02289429092,0
2552,-0.034642590521422,-0.011494395167085,-4.4851833292456,2.6256742916,0
2481,-0.028211808305803,-0.012409908580013,-4.4849714596388,4.473400875091,0
2530,-0.033848617187878,-0.012415473045914,-4.4832844127469,3.4478514703961,0
3735,-0.020793950219537,-0.011978965696251,-4.4794955028336,5.0671561376777,0
3777,-0.018123630004346,-0.011666876171107,-4.4790085213682,5.2192165131958,0
3693,-0.022836037846488,-0.01185572074755,-4.4769333937928,4.927082696806,0
3819,-0.014837407388419,-0.011372084289484,-4.4751376988087,5.3828834749136,0
2573,-0.037759321860458,-0.0094251599841975,-4.474033707296,1.7084575912274,0
5539,0.024182500695335,0.006217028509106,-4.4734727478027,8.5901808734565,0
4159,0.043215074536079,0.0014909289734766,-4.4714233699979,7.4188948604301,0
2553,-0.034559453862115,-0.011767201774277,-4.4703263334774,2.7555781652369,0
3988,0.0080161067275976,-0.008546071941566,-4.4702772550917,6.2246501821595,0
4116,0.036092048663488,-0.0021986635617056,-4.4701834911985,7.0802856328571,0
3861,-0.010914142030166,-0.011048811176215,-4.4675577780704,5.557768403706,0
2531,-0.033404426247093,-0.012635932681163,-4.4652162056415,3.579328111417,0
4202,0.04452356570279,0.0048219433930508,-4.4641868551238,7.7699548427732,0
2507,-0.03063079037667,-0.012736722028602,-4.4640314729983,4.1553163841578,0
5526,0.0020403885391292,0.00090925723338587,-4.46134952433,9.3923435143885,0
4073,0.025939076319841,-0.0053926933308945,-4.4608443378292,6.7547883964674,0
2574,-0.035920638046764,-0.0099010466973379,-4.460383581797,1.8372680565413,0
2482,-0.026916124900758,-0.012640599643402,-4.4584347710844,4.6062916319262,0
3903,-0.0062819213310296,-0.01068812758078,-4.4559531865199,5.7434746324465,0
2554,-0.034450070495177,-0.012035905747526,-4.4554038193341,2.885451828533,0
5532,0.012420760646326,0.0039475684915612,-4.4512131915854,8.9453195950485,0
4245,0.038670618592179,0.0066214082510053,-4.4481132123467,8.1327949151348,0
2532,-0.032878175036305,-0.012851113338356,-4.4469667452387,3.7106864513738,0
2575,-0.034948902622017,-0.010311017677769,-4.4467334562981,1.9660785218551,0
4030,0.015215401879176,-0.0078768568445244,-4.4437991867334,6.4430545822707,0
2508,-0.029628512722704,-0.012937298819631,-4.4416733152919,4.2875128448214,0
2555,-0.034302685459469,-0.012300076101041,-4.4404165423991,3.015293693984,0
3945,-0.00087893233366043,-0.010288085721098,-4.4400182226234,5.9395976723568,0
204,-1.1211554429468,0.0013538132038009,-4.4339420710203,0.062500002000121,0
205,-1.0176764433645,0.0034092911930985,-4.4339420710203,0.18750000600041,0
206,-0.85867407146606,0.0043917045546448,-4.4339420710203,0.31250001000045,0
207,-0.68200336688746,0.0043367688070836,-4.4339420710203,0.43750001400016,0
1012,-0.51180962226623,0.0033719738103028,-4.4339420710203,0.56250001800013,0
1013,-0.36323809194154,0.0017072363366929,-4.4339420710203,0.68750002200041,0
1014,-0.24404312467,-0.00047997837049379,-4.4339420710203,0.81250002600042,0
1015,-0.16135684876809,-0.002732338317816,-4.4339420710203,0.93750003000014,0
2576,-0.034451916123471,-0.010679702604121,-4.4330833307992,2.0948889871688,0
2483,-0.025294400370319,-0.012771368368942,-4.4315281561132,4.738838564333,0
2533,-0.032262517689579,-0.013060816067383,-4.4285389679729,3.8419221088306,0
2596,-0.10796248028401,-0.0046610678576027,-4.4272897946696,1.0644052646571,0
5538,0.027408541932928,0.0062847019777369,-4.4254678106427,8.5024514220387,0
2556,-0.034107958790888,-0.012559090866759,-4.4253652967149,3.1451021929649,0
4158,0.041296040143081,-0.00033349198111946,-4.4249179205839,7.3296186128224,0
3776,-0.0192638433507,-0.012549135106047,-4.4239469198755,5.154740360312,0
3734,-0.021720303926424,-0.01280765635099,-4.4237513818394,5.0057610607607,0
4115,0.033172714419127,-0.0039601317421649,-4.4225276845477,6.9934929110302,0
3818,-0.016220561973103,-0.012321924829948,-4.4208154657815,5.3153886562951,0
3692,-0.023580586362452,-0.012642716291787,-4.4205647555704,4.8688300357141,0
3987,0.0053245409365695,-0.0098270462016391,-4.4194572361227,6.1457254445321,0
2577,-0.03420798939703,-0.01102316696112,-4.4194332053003,2.2236994524825,0
2509,-0.028515266668939,-0.013152214276226,-4.4190392732875,4.4194768814974,0
4201,0.044385990429376,0.0032707143614117,-4.4188773933887,7.6782660954692,0
5525,0.0038450543985319,0.0015321071557296,-4.4168246432125,9.3027945143667,0
3860,-0.012564309397178,-0.012069033239448,-4.4140305893841,5.4873183783056,0
2597,-0.075445138082044,-0.0062296892704619,-4.4139852419681,1.1932157299713,0
4072,0.02277609704909,-0.0069529279001865,-4.412085120261,6.6705493636957,0
2557,-0.033857776877709,-0.012812278468115,-4.4102509143119,3.2748757766639,0
2534,-0.031550051065676,-0.013265012633793,-4.4099359161844,3.9730307751798,0
2578,-0.034092203029781,-0.011351241361275,-4.4057830798014,2.3525099177961,0
5531,0.015453839905635,0.0044518250009407,-4.4049393602136,8.8566633314573,0
4244,0.040559276642664,0.0057211294604765,-4.4040440370062,8.0387655323524,0
3902,-0.0082205922645906,-0.011777950269332,-4.4032755256225,5.6701338858886,0
2598,-0.056573487547475,-0.0074530218770796,-4.4006806892666,1.3220261952854,0
2510,-0.027299141823866,-0.013378698624648,-4.3961350923493,4.5512018407553,0
2558,-0.033544626444678,-0.01305898284203,-4.3950742647112,3.4046129170058,0
4029,0.012257111877683,-0.0092476748468879,-4.3939848041244,6.3614385146493,0
2579,-0.034033761109378,-0.011669513980706,-4.3921329543025,2.4813203831098,0
2535,-0.030733184239087,-0.013463392676702,-4.3911607362809,4.1040082172484,0
3944,-0.0031260962784851,-0.011444998229513,-4.3882433615833,5.8634316945536,0
2599,-0.045864289585755,-0.0084003336495275,-4.3873761365651,1.4508366605994,0
4287,0.030544862438673,0.0061544268571924,-4.3800723733979,8.4104380258855,0
2559,-0.033161264074554,-0.013298575005027,-4.3798362544109,3.5343121075559,0
2580,-0.033991701283683,-0.011980845148959,-4.3784828288036,2.6101308484235,0
4157,0.039036853950695,-0.0021590983258968,-4.3784124711699,7.2403423652147,0
4114,0.030147234583746,-0.0056594870658402,-4.3748718778969,6.9067001892032,0
2600,-0.039902614469721,-0.0091410291800542,-4.3740715838636,1.5796471259134,0
4200,0.043694492586269,0.0015965652802684,-4.3735679316537,7.5865773481652,0
2511,-0.025796109650275,-0.013512315605246,-4.3729666782562,4.6826812111357,0
5524,0.0059358089883353,0.0021334358206643,-4.3722997620948,9.2132455143446,0
2536,-0.029804795726755,-0.013656319154215,-4.372216676898,4.2348502797724,0
3775,-0.020298252379245,-0.01337711041352,-4.3688853183826,5.0902642074282,0
3986,0.0027580519040019,-0.011054106155224,-4.3686372171539,6.066800706905,0
3733,-0.02255142253094,-0.013584450165555,-4.3680072608453,4.9443659838437,0
3817,-0.017489012315374,-0.013214764711111,-4.3664932327543,5.2478938376766,0
2581,-0.033941262954081,-0.012286430396972,-4.3648327033047,2.7389413137374,0
2560,-0.032700535104916,-0.013530432894828,-4.3645378263448,3.6639718644179,0
3691,-0.024239171954473,-0.013380062168327,-4.3641961173479,4.810577374622,0
4071,0.019655214922163,-0.0084425344157352,-4.3633259026929,6.5863103309242,0
2601,-0.036648211892869,-0.0097369682570132,-4.3607670311621,1.7084575912274,0
3859,-0.014093411561144,-0.013029957818945,-4.3605034006976,5.4168683529052,0
4243,0.041874367315625,0.0045837407143546,-4.3599748616658,7.9447361495701,0
5530,0.018579110080555,0.0048215551274505,-4.3586655288421,8.7680070678666,0
2537,-0.028763256111079,-0.013854295520138,-4.3531070869362,4.3655528879039,0
2582,-0.033866349614216,-0.012586504821425,-4.3511825778057,2.8677517790518,0
3901,-0.010033770736176,-0.012808350589232,-4.3505978647252,5.5967931393307,0
2561,-0.032155266591788,-0.013753940366638,-4.3491799593244,3.7935907271133,0
2602,-0.03491285681606,-0.010236814448028,-4.3474624784606,1.8372680565413,0
4028,0.0094014651758212,-0.010557727047882,-4.3441704215155,6.279822447028,0
2583,-0.033755422946899,-0.012880786994115,-4.3375324523067,2.9965622443666,0
4286,0.033470304523508,0.0057796344487224,-4.3372864360684,8.314140684997,0
3943,-0.0052444392054157,-0.012543800991999,-4.336468500543,5.7872657167502,0
2603,-0.034016448846114,-0.010675484202429,-4.3341579257591,1.9660785218551,0
2538,-0.027619164955084,-0.014067711356638,-4.3338354136142,4.4961120495845,0
2562,-0.031518181977732,-0.013968443824561,-4.3337636674631,3.9231672594395,0
4156,0.036509613212733,-0.0039595084296318,-4.3319070217559,7.151066117607,0
4199,0.042505088965186,-0.00015804922459972,-4.3282584699187,7.4948886008612,0
5523,0.0082932697703818,0.0026948601345355,-4.3277748809771,9.1236965143226,0
5517,0.00045298293810587,0.00022689212901949,-4.327450392318,9.5718585691984,0
4113,0.027065284983028,-0.0072895483546934,-4.3272160712459,6.8199074673761,0
2584,-0.033599299123914,-0.013168744850017,-4.3238823268077,3.1253727096813,0
2604,-0.033574644074244,-0.011076419813351,-4.3208533730577,2.0948889871688,0
1018,-0.24189503066808,-0.00052295013873303,-4.3187747445005,0.81250002600039,0
208,-1.1255613588985,0.0013642234655891,-4.3187747445005,0.062500002000121,0
209,-1.0210124460777,0.0034335314235951,-4.3187747445005,0.18750000600041,0
210,-0.86062731711416,0.004417594065578,-4.3187747445005,0.31250001000045,0
211,-0.68261500124758,0.0043571501433728,-4.3187747445005,0.43750001400016,0
1016,-0.51124038277399,0.0033801415681421,-4.3187747445005,0.56250001800012,0
1017,-0.36173164795211,0.0016951294460868,-4.3187747445005,0.68750002200038,0
1019,-0.15909990215282,-0.0028100304443498,-4.3187747445005,0.93750003000013,0
2563,-0.030781720868499,-0.014172638593348,-4.3182899995634,4.0527000503389,0
3985,0.00032046157303375,-0.012222989058012,-4.3178171981852,5.987875969278,0
4242,0.042604126318539,0.0032420592117919,-4.3159056863252,7.8507067667876,0
4070,0.016598175105321,-0.0098624023875752,-4.3145666851248,6.5020712981526,0
2539,-0.02620705837144,-0.014193708462304,-4.3144052003993,4.6265238579385,0
3774,-0.021229172697824,-0.014151110608763,-4.3138237168897,5.0257880545445,0
5529,0.021713208712097,0.0050286135143941,-4.3123916974707,8.6793508042759,0
2624,-0.10586682867777,-0.0047904248731645,-4.3122952545484,1.0644052646571,0
3732,-0.023289708005216,-0.01430905927245,-4.3122631398513,4.8829709069267,0
3816,-0.018644419069072,-0.014051001711613,-4.312170999727,5.1803990190581,0
2585,-0.033389982865396,-0.013449745410069,-4.3102322013087,3.254183174996,0
3690,-0.024828620474943,-0.014069226487103,-4.3078274791254,4.75232471353,0
2605,-0.033372158097007,-0.011454465188118,-4.3075488203562,2.2236994524825,0
3858,-0.015501642090389,-0.013931403836736,-4.3069762120112,5.3464183275047,0
2564,-0.02993804692694,-0.014363970220383,-4.302760038504,4.1821877147234,0
2625,-0.073586607567989,-0.0064195946718402,-4.2993362746444,1.1932157299713,0
3900,-0.011720458256563,-0.013777921369352,-4.297920203828,5.5234523927729,0
2586,-0.033120059413022,-0.013723128968498,-4.2965820758097,3.3829936403107,0
4285,0.03598320515494,0.0051475282674265,-4.294500498739,8.2178433441085,0
4027,0.0066555497191939,-0.011804740903081,-4.2943560389067,6.198206379407,0
2606,-0.033288794488177,-0.011818464946612,-4.2942442676548,2.3525099177961,0
2565,-0.028980707798284,-0.014546188681906,-4.2871749005849,4.3116288943103,0
2626,-0.054956489479183,-0.0076830617399219,-4.2863772947403,1.3220261952853,0
4155,0.033781137716627,-0.0057148129747029,-4.285401572342,7.0617898699994,0
3942,-0.0072322065567096,-0.013582096296773,-4.2846936395028,5.7110997389468,0
5516,0.0017042916661195,0.00071885445543528,-4.2846916366398,9.4814512511898,0
5522,0.010870689213268,0.0031896195641416,-4.2832499998595,9.0341475143006,0
4198,0.04088217466684,-0.0019546111392419,-4.2829490081837,7.4031998535572,0
2587,-0.032782383257037,-0.013988227081809,-4.2829319503107,3.5118041056254,0
2607,-0.03325701121051,-0.012173318647738,-4.2809397149533,2.4813203831098,0
4112,0.023967849835312,-0.0088464900188852,-4.279560264595,6.7331147455492,0
2627,-0.044455915127482,-0.0086582286199285,-4.2734183148363,1.4508366605994,0
4241,0.042759467773176,0.0017344332019773,-4.2718365109846,7.756677384005,0
2566,-0.027922897832335,-0.014743589360047,-4.2715357348791,4.4410222584136,0
2588,-0.032369924235095,-0.014244338801365,-4.2692818248117,3.64061457094,0
2608,-0.033237973350917,-0.012521461927706,-4.2676351622518,2.6101308484235,0
3984,-0.0019851070354572,-0.013331273960642,-4.2669971792164,5.9089512316506,0
5528,0.024767267538642,0.0050500014173014,-4.266117866099,8.5906945406848,0
4069,0.013621741721574,-0.011213467606526,-4.2658074675566,6.4178322653808,0
2628,-0.03865835480273,-0.0094236703450022,-4.2604593349322,1.5796471259134,0
3773,-0.022059018091936,-0.01487196778829,-4.2587621153969,4.9613119016607,0
3815,-0.019688942250989,-0.014831403189673,-4.2578487666997,5.1129042004394,0
3731,-0.023937684664915,-0.014980891921315,-4.2565190188571,4.8215758300096,0
2567,-0.026618069155344,-0.014910357734044,-4.2558437225423,4.5703665047413,0
2589,-0.031875692004977,-0.014490712781472,-4.2556316993127,3.7694250362547,0
2609,-0.033208249764221,-0.012863866383534,-4.2543306095504,2.7389413137374,0
3857,-0.016790198579314,-0.014773842022853,-4.2534490233248,5.2759683021044,0
4284,0.038016169687792,0.0042697327336228,-4.2517145614096,8.1215460032201,0
3689,-0.025285555914296,-0.014657430982559,-4.2514588409029,4.694072052438,0
2629,-0.035526527545755,-0.010045578450522,-4.2475003550282,1.7084575912274,0
3899,-0.013280484650885,-0.014686098220287,-4.2452425429308,5.4501116462151,0
4026,0.004033161196065,-0.012991522927552,-4.2445416562982,6.1165903117863,0
2590,-0.031292678586481,-0.014726489395985,-4.2419815738137,3.8982355015694,0
5515,0.0032564399346987,0.0012196905594071,-4.2419328809616,9.3910439331814,0
2610,-0.033152539265051,-0.01320068064446,-4.2410260568488,2.8677517790519,0
4154,0.030911322731896,-0.007410805701759,-4.2388961229281,6.9725136223916,0
5521,0.013620418038217,0.0035928504950479,-4.238725118742,8.944598514279,0
4197,0.038893795155605,-0.0037598945945036,-4.2376395464486,7.3115111062533,0
2630,-0.033880505904834,-0.010574026014672,-4.2345413751241,1.8372680565413,0
3941,-0.009088187036837,-0.014558185851538,-4.2329187784626,5.6349337611436,0
4111,0.020888131773104,-0.010328595237609,-4.2319044579442,6.6463220237224,0
2591,-0.030613840555145,-0.014949958347354,-4.2283314483147,4.0270459668841,0
4240,0.04237053075895,0.00010139689962959,-4.227767335644,7.6626480012223,0
2611,-0.03305975716583,-0.013531622231609,-4.2277215041473,2.9965622443666,0
4327,0.027809496795896,0.0048935420883588,-4.2222503955416,8.4971204920379,0
2631,-0.033049063892905,-0.011043932105894,-4.2215823952201,1.966078521855,0
4068,0.010738812229438,-0.012496365596271,-4.2170482499884,6.3335932326092,0
3983,-0.0041562067128831,-0.014377098439596,-4.2161771602474,5.8300264940232,0
2592,-0.029832478442071,-0.015156663772576,-4.2146813228157,4.1558564321988,0
2612,-0.03292096337116,-0.013856205481083,-4.2144169514457,3.1253727096813,0
4283,0.039524559561844,0.0031660539246204,-4.2089286240803,8.0252486623318,0
2632,-0.032655423923963,-0.0114781428006,-4.2086234153161,2.0948889871687,0
3772,-0.02279050024914,-0.01554129479485,-4.2037005139041,4.896835748777,0
212,-1.1300021682631,0.0013755863661628,-4.2036074179807,0.062500002000121,0
213,-1.024369475971,0.0034600228791269,-4.2036074179807,0.18750000600041,0
214,-0.86258832585699,0.0044463951355837,-4.2036074179807,0.31250001000045,0
215,-0.68322369472117,0.0043803175700096,-4.2036074179807,0.43750001400016,0
1020,-0.51065675214702,0.0033902663981575,-4.2036074179807,0.56250001800011,0
1021,-0.36019789692762,0.0016832301549632,-4.2036074179807,0.68750002200036,0
1022,-0.23970560223457,-0.00056969239987631,-4.2036074179807,0.81250002600037,0
1023,-0.15679560830042,-0.0028986046534883,-4.2036074179807,0.93750003000013,0
3814,-0.020625114284206,-0.015557268903543,-4.2035265336724,5.0454093818208,0
2613,-0.032728283267758,-0.014173866649207,-4.2011123987441,3.254183174996,0
2593,-0.028942075865569,-0.015340542126302,-4.2010311973167,4.2846668975135,0
3730,-0.024501931595137,-0.015596364061533,-4.200774897863,4.7601807530926,0
3856,-0.017960969077734,-0.015558189200108,-4.1999218346384,5.205518276704,0
5514,0.0050824304739958,0.0017062697069693,-4.1991741252833,9.3006366151727,0
2652,-0.1037169840929,-0.0049274459726209,-4.1973007144273,1.0644052646571,0
2633,-0.032490046024489,-0.01189077322854,-4.1956644354121,2.2236994524825,0
3688,-0.025778811255218,-0.015386279861605,-4.1950902026804,4.635819391346,0
4025,0.0015414274762374,-0.014113984945454,-4.1947272736897,6.0349742441657,0
5520,0.016483244042246,0.003879374690646,-4.1942002376248,8.8550495142578,0
3898,-0.014714551614947,-0.015533081781844,-4.1925648820335,5.3767708996573,0
4153,0.027952388420472,-0.0090379445143574,-4.192390673514,6.8832373747838,0
4196,0.036607797383654,-0.0055465492400382,-4.1923300847137,7.2198223589494,0
2614,-0.032474356722136,-0.014484025350447,-4.1878078460426,3.3829936403107,0
2594,-0.027925779314922,-0.015502190196864,-4.1873810718177,4.4134773628281,0
2653,-0.071686982385372,-0.0066051695052596,-4.1846873073207,1.1932157299713,0
4110,0.017852721187745,-0.011735264803532,-4.1842486512935,6.5595293018955,0
4239,0.041482254301255,-0.0016171365405915,-4.1836981603034,7.5686186184396,0
2634,-0.032436773060485,-0.01229004140527,-4.1827054555081,2.3525099177961,0
3940,-0.01081190704712,-0.015471208874873,-4.1811439174225,5.5587677833404,0
4326,0.030717618865735,0.0045071057195335,-4.1807892857986,8.3986286583355,0
2615,-0.03215206688935,-0.014786101556895,-4.174503293341,3.5118041056254,0
2595,-0.026669191345256,-0.0156091948813,-4.1737309463187,4.5422878281427,0
2654,-0.053307070058361,-0.0079060500735183,-4.1720739002141,1.3220261952853,0
2635,-0.032430750028547,-0.012680400677598,-4.169746475604,2.4813203831098,0
4067,0.0079589390314347,-0.013710085721669,-4.1682890324204,6.249354199838,0
4282,0.040486498474904,0.0018646933326642,-4.1661426867508,7.9289513214434,0
3982,-0.0061910996246407,-0.015358958636895,-4.1653571412784,5.7511017563958,0
2616,-0.031754419649061,-0.015079508776685,-4.1611987406394,3.64061457094,0
2655,-0.043016520901141,-0.0089117160984549,-4.1594604931075,1.4508366605994,0
2636,-0.032434853754099,-0.013064017803866,-4.1567874957,2.6101308484235,0
5513,0.0071649629843252,0.0021603608697614,-4.156415369605,9.2102292971641,0
5519,0.019386924209511,0.0040242967924713,-4.1496753565076,8.7655005142367,0
3813,-0.021455882666857,-0.016230702901369,-4.1492043006451,4.9779145632023,0
3771,-0.023426586597608,-0.016160732110797,-4.1486389124113,4.8323595958932,0
2617,-0.031274508474092,-0.01536369839413,-4.1478941879379,3.7694250362547,0
5507,0.00036664457092994,0.00017577525724842,-4.1473728874149,9.6584675237952,0
4195,0.034088939363677,-0.0072930629177335,-4.1470206229788,7.1281336116455,0
2656,-0.037380166912998,-0.0097055970074158,-4.1468470860009,1.5796471259134,0
3855,-0.019016443267332,-0.016285896297633,-4.1463946459519,5.1350682513035,0
4152,0.024948843778288,-0.010590216451459,-4.1458852241,6.7939611271762,0
3729,-0.02493991593633,-0.016154479033062,-4.1450307768689,4.6987856761756,0
4024,-0.00081526211327876,-0.015170456344125,-4.1449128910811,5.9533581765448,0
2637,-0.032426705247732,-0.013441738286292,-4.143828515796,2.7389413137375,0
3897,-0.016024219367557,-0.016319735776129,-4.1398872211363,5.3034301530996,0
4238,0.040149677510712,-0.0033840274261337,-4.1396289849628,7.4745892356569,0
4325,0.033273895175064,0.0038815220553045,-4.1393281760556,8.3001368246329,0
4109,0.014882804063428,-0.013066436482223,-4.1365928446426,6.4727365800685,0
2618,-0.03070555155244,-0.015638278858122,-4.1345896352363,3.8982355015694,0
2657,-0.034366421871862,-0.010356511023844,-4.1342336788943,1.7084575912274,0
2638,-0.032391630957758,-0.013813686499382,-4.1308695358919,2.8677517790519,0
3939,-0.012403702562084,-0.016321097223932,-4.1293690563824,5.4826018055372,0
4281,0.040901754824147,0.00039973403492751,-4.1233567494213,7.8326539805547,0
2658,-0.032805313949954,-0.010915520122726,-4.1216202717877,1.8372680565413,0
2619,-0.03004108659101,-0.015902610687541,-4.1212850825347,4.0270459668841,0
4066,0.0052952509722087,-0.014853818950682,-4.1195298148526,6.165115167067,0
2639,-0.032318911670994,-0.01417962145617,-4.1179105559878,2.9965622443666,0
3981,-0.0080888058695199,-0.016275934721153,-4.1145371223095,5.6721770187684,0
5512,0.0094654322302871,0.0025580179951546,-4.1136566139268,9.1198219791555,0
2659,-0.032035266258172,-0.011417591352913,-4.1090068646811,1.966078521855,0
2620,-0.02927530895553,-0.016154234339915,-4.1079805298332,4.1558564321988,0
5506,0.0014144520936437,0.00056369485879076,-4.1063967565107,9.5672366358269,0
5518,0.022253144300324,0.0040069201735578,-4.1051504753902,8.6759515142152,0
2640,-0.032199816755342,-0.014539137558042,-4.1049515760837,3.1253727096813,0
4194,0.031396933116587,-0.0089832649031894,-4.1017111612438,7.0364448643415,0
4151,0.021937958244246,-0.012064050911776,-4.0993797746861,6.7046848795687,0
4324,0.035407088174135,0.0030253140938842,-4.0978670663127,8.2016449909305,0
2660,-0.031687270300659,-0.011885178017085,-4.0963934575745,2.0948889871687,0
4237,0.038433534145619,-0.0051663621861143,-4.0955598096222,7.3805598528743,0
4023,-0.003033781875391,-0.016160069676279,-4.0950985084723,5.8717421089238,0
3812,-0.022185009806301,-0.016854771617863,-4.0948820676178,4.9104197445837,0
2621,-0.028401889763787,-0.016392267292859,-4.0946759771316,4.2846668975135,0
3770,-0.0239739879448,-0.016734405973302,-4.0935773109184,4.7678834430094,0
3854,-0.019959691037608,-0.01695906142777,-4.0928674572654,5.064618225903,0
2641,-0.032026591507161,-0.014891772142646,-4.0919925961795,3.2541831749961,0
3728,-0.025405917064485,-0.016879469118851,-4.0892866558748,4.6373905992585,0
4108,0.011995166156343,-0.014322404293198,-4.0889370379918,6.3859438582417,0
216,-1.1344799646928,0.0013875761879429,-4.0884400914609,0.062500002000121,0
217,-1.0277491352977,0.0034884095480248,-4.0884400914609,0.18750000600041,0
218,-0.86455795738344,0.0044778004386399,-4.0884400914609,0.31250001000045,0
219,-0.68382959110899,0.0044060323427625,-4.0884400914609,0.43750001400016,0
1024,-0.51005805523213,0.0034022069956546,-4.0884400914609,0.56250001800011,0
1025,-0.35863520694618,0.001671633675902,-4.0884400914609,0.68750002200033,0
1026,-0.2374722738569,-0.00061845704712419,-4.0884400914609,0.81250002600035,0
1027,-0.15443923463357,-0.0029918110296066,-4.0884400914609,0.93750003000012,0
3896,-0.017211779431716,-0.017047494047066,-4.087209560239,5.2300894065418,0
2661,-0.031557439128951,-0.012331893502443,-4.083780050468,2.2236994524825,0
2680,-0.1015068515203,-0.0050678108800195,-4.0823061743063,1.0644052646571,0
2622,-0.027408445187259,-0.01664274234829,-4.0813714244301,4.4134773628281,0
4280,0.040789196399148,-0.001191839304248,-4.0805708120918,7.7363566396661,0
2642,-0.031791946116884,-0.01523705858275,-4.0790336162754,3.3829936403107,0
3938,-0.013864748837327,-0.017108514160087,-4.0775941953423,5.406435827734,0
2662,-0.031533455703583,-0.012765522603901,-4.0711666433614,2.3525099177962,0
5511,0.01194366991933,0.0028768146879323,-4.0708978582486,9.0294146611473,0
4065,0.0027614174015258,-0.015928207944873,-4.0707705972849,6.080876134296,0
2681,-0.069729529403041,-0.0067898607031652,-4.0700383399972,1.1932157299713,0
2623,-0.026275782186473,-0.016963405581527,-4.0680668717285,4.5422878281427,0
2643,-0.031488806864955,-0.015574544347281,-4.0660746363713,3.5118041056254,0
5505,0.0027429932358374,0.00096396847727281,-4.0654206256065,9.4760057478586,0
3980,-0.0098491767114205,-0.017127823128086,-4.0637171033406,5.5932522811412,0
4367,0.025172472554354,0.0038283906342661,-4.0628400003023,8.5808709647868,0
2663,-0.031552944523791,-0.013190217474749,-4.0585532362548,2.4813203831098,0
2682,-0.05160433148689,-0.0081278085017049,-4.057770505688,1.3220261952853,0
4323,0.037066160240839,0.0019544304491098,-4.0564059565698,8.1031531572283,0
4193,0.02858532274795,-0.010605538568271,-4.0564016995087,6.9447561170375,0
2644,-0.031110205802705,-0.015903798715975,-4.0531156564672,3.64061457094,0
4150,0.018950533969893,-0.013457410190245,-4.0528743252722,6.6154086319611,0
4236,0.036396486708995,-0.0069362235110228,-4.0514906342817,7.2865304700917,0
2664,-0.03158032093498,-0.013607977328173,-4.0459398291482,2.6101308484236,0
2683,-0.041526809880919,-0.0091658073281673,-4.0455026713788,1.4508366605994,0
4022,-0.005112022376891,-0.017082315762696,-4.0452841258636,5.7901260413027,0
4107,0.0092027816373665,-0.015503129764681,-4.0412812313411,6.2991511364152,0
3811,-0.022817569647628,-0.017432934815105,-4.0405598345905,4.8429249259651,0
2645,-0.030649248134496,-0.016224497510729,-4.0401566765631,3.7694250362547,0
3853,-0.020794523525951,-0.017580612964406,-4.039340268579,4.9941682005026,0
3769,-0.024405874463825,-0.01727045475068,-4.0385157094256,4.7034072901257,0
4279,0.040183164130323,-0.0028727289489625,-4.0377848747623,7.6400592987774,0
3895,-0.018280219912399,-0.017718378012147,-4.0345318993417,5.1567486599839,0
2665,-0.031594130917293,-0.01401958982355,-4.0333264220416,2.7389413137375,0
2684,-0.036052743599558,-0.0099902649696212,-4.0332348370696,1.5796471259134,0
5510,0.014549425575204,0.0030942531843063,-4.0281391025708,8.9390073431395,0
2646,-0.030099133826467,-0.016536608596174,-4.027197696659,3.8982355015694,0
3937,-0.015197042183488,-0.017834778848504,-4.0258193343022,5.3302698499308,0
5504,0.0043303323294336,0.0013555584548964,-4.0244444947022,9.3847748598902,0
4366,0.028026667181537,0.0034331788487422,-4.0227439312441,8.4802588659514,0
4064,0.00036311917859584,-0.016931496349989,-4.0220113797171,5.9966371015248,0
2685,-0.033156841778928,-0.010671792202651,-4.0209670027605,1.7084575912274,0
2666,-0.031580244406197,-0.014425200909326,-4.020713014935,2.8677517790519,0
4322,0.038220796773807,0.00069296148959764,-4.0149448468268,8.0046613235259,0
2647,-0.029453215244801,-0.016839964124717,-4.0142387167548,4.0270459668841,0
3979,-0.01147292468925,-0.017915135569817,-4.0128970843717,5.5143275435139,0
4192,0.025701051037141,-0.012151900111679,-4.0110922377737,6.8530673697336,0
2686,-0.031679795606322,-0.011262203408409,-4.0086991684513,1.8372680565413,0
2667,-0.031528257983174,-0.014824643106981,-4.0080996078283,2.9965622443666,0
4235,0.034100140837546,-0.0086708886669159,-4.0074214589412,7.1925010873091,0
4149,0.016011797986324,-0.014769223490032,-4.0063688758583,6.5261323843534,0
2648,-0.028704927077704,-0.017132346120068,-4.0012797368507,4.1558564321988,0
2687,-0.030970189164764,-0.011796544820781,-3.9964313341421,1.966078521855,0
2668,-0.031429625623068,-0.01521761510101,-3.9954862007216,3.1253727096814,0
4021,-0.007048889707749,-0.017937133126707,-3.9954697432549,5.7085099736818,0
4278,0.039129366135545,-0.0046073997612998,-3.9949989374329,7.5437619578888,0
4106,0.0065166049817585,-0.016604376048693,-3.9936254246907,6.212358414589,0
2649,-0.027847120671749,-0.017412628664204,-3.9883207569466,4.2846668975135,0
3810,-0.023362707409805,-0.017969806831745,-3.9862376015632,4.7754301073465,0
3852,-0.021526020439485,-0.018154295021469,-3.9858130798925,4.9237181751022,0
5509,0.017220663189861,0.0031882434144953,-3.985380346893,8.8486000251318,0
2688,-0.030667047173777,-0.012297008978397,-3.984163499833,2.0948889871687,0
5503,0.0061614040676683,0.0017208960544945,-3.9834683637979,9.2935439719217,0
3768,-0.024863949873956,-0.017941007587075,-3.9834541079328,4.6389311372419,0
2669,-0.031276703427306,-0.015603775041628,-3.982872793615,3.2541831749961,0
4365,0.030586575068576,0.0028158144864154,-3.9826478621859,8.3796467671159,0
3894,-0.019233265811764,-0.01833504416529,-3.9818542384444,5.083407913426,0
2650,-0.02687180101328,-0.017705000192906,-3.9753617770425,4.4134773628281,0
3936,-0.016403344404582,-0.018501800659077,-3.9740444732621,5.2541038721277,0
4321,0.038861052402084,-0.00072893403966247,-3.9734837370838,7.9061694898232,0
220,-1.1389971419758,0.0014000598632735,-3.9732727649413,0.06250000200012,0
221,-1.031153412544,0.0035186521003073,-3.9732727649413,0.18750000600041,0
222,-0.86653742852348,0.0045118848259385,-3.9732727649413,0.31250001000045,0
223,-0.68443304822017,0.0044344515715133,-3.9732727649413,0.43750001400016,0
1028,-0.50944371676824,0.0034162192192727,-3.9732727649413,0.5625000180001,0
1029,-0.35704211730256,0.0016607966141075,-3.9732727649413,0.68750002200031,0
1030,-0.23519318256291,-0.00066826245768216,-3.9732727649413,0.81250002600032,0
1031,-0.15202926956623,-0.0030877192195113,-3.9732727649413,0.93750003000011,0
4063,-0.0018954616759335,-0.017863670116607,-3.9732521621491,5.9123980687535,0
2689,-0.030572212610172,-0.01277685633695,-3.9718956655239,2.2236994524824,0
2670,-0.031062270060259,-0.015982785635509,-3.9702593865083,3.3829936403107,0
2708,-0.099239514389412,-0.0052109211358636,-3.9673116341854,1.0644052646571,0
4191,0.02278453898243,-0.01361707361956,-3.9657827760388,6.7613786224299,0
5497,0.00029392661950144,0.0001347638961242,-3.9657050483421,9.7416890023721,0
4234,0.031602870116199,-0.010352578022302,-3.9633522836006,7.0984717045265,0
2651,-0.025771819660392,-0.018050549656846,-3.9624027971384,4.5422878281427,0
3978,-0.012961622999609,-0.018639055392748,-3.9620770654028,5.4354028058866,0
4148,0.013142213266799,-0.015999245694445,-3.9598634264443,6.4368561367459,0
2690,-0.030577181493445,-0.013243567551795,-3.9596278312147,2.3525099177962,0
2671,-0.030779291919064,-0.016354329847005,-3.9576459794016,3.5118041056254,0
2709,-0.067716904494738,-0.0069760975904586,-3.9553893726736,1.1932157299713,0
4277,0.037680861089308,-0.006363571026969,-3.9522130001034,7.4474646170002,0
2691,-0.030621988640867,-0.013701092334277,-3.9473599969056,2.4813203831099,0
4105,0.0039555961011021,-0.017631701869432,-3.9459696180403,6.1255656927627,0
4020,-0.0088443081725166,-0.018725042276855,-3.9456553606463,5.626893906061,0
2672,-0.030420814904869,-0.016718122935832,-3.9450325722949,3.64061457094,0
2710,-0.049849328033414,-0.0083514073811978,-3.9434671111619,1.3220261952853,0
5508,0.019889035477679,0.0031401034815109,-3.942621591215,8.7581927071238,0
4364,0.03277882047734,0.0019821497730645,-3.9425517931277,8.2790346682807,0
5502,0.0082046109378426,0.0020385589172284,-3.9424922328936,9.2023130839533,0
2692,-0.030672512268145,-0.014151332435762,-3.9350921625964,2.6101308484236,0
2673,-0.029979925034605,-0.017074006934718,-3.9324191651883,3.7694250362547,0
3851,-0.02216119218157,-0.018683672965871,-3.932285891206,4.8532681497016,0
4320,0.03899560897398,-0.002277664782201,-3.9320226273407,7.8076776561206,0
3809,-0.023804919382044,-0.018473730222662,-3.9319153685359,4.7079352887279,0
2711,-0.03998674399582,-0.009422887067954,-3.9315448496502,1.4508366605993,0
3893,-0.020075585971151,-0.018900857743663,-3.9291765775471,5.0100671668682,0
5496,0.0011669062363402,0.00043864555984297,-3.926527359461,9.6496696087771,0
4062,-0.0040114362278158,-0.018725224944036,-3.924492944581,5.8281590359821,0
2693,-0.030708158012617,-0.014595064969192,-3.9228243282873,2.7389413137375,0
3935,-0.017487175662411,-0.019112051056517,-3.9222696122219,5.1779378943244,0
4190,0.019870098990706,-0.014997678401494,-3.9204733143039,6.6696898751261,0
2674,-0.02944973872795,-0.017422128013659,-3.9198057580816,3.8982355015694,0
2712,-0.034675634016278,-0.010279097641783,-3.9196225881384,1.5796471259134,0
4233,0.028958398486901,-0.011967901375867,-3.9192831082599,7.0044423217437,0
4147,0.010357765617247,-0.017147456498737,-3.9133579770306,6.3475798891387,0
3977,-0.014317677548749,-0.019301377668147,-3.911257046434,5.3564780682595,0
2694,-0.030715289709341,-0.015032488328597,-3.9105564939781,2.8677517790519,0
4276,0.035894464859812,-0.0081131275701037,-3.9094270627739,7.3511672761116,0
2713,-0.031897376944487,-0.010992015505746,-3.9077003266267,1.7084575912274,0
2675,-0.02882336307384,-0.017762442802902,-3.9071923509749,4.0270459668841,0
4363,0.034547661927538,0.00094478492082837,-3.9024557240696,8.1784225694456,0
4407,0.022662783238339,0.0029448346186532,-3.9018961105126,8.661660348278,0
5501,0.010426392161364,0.0022883170672075,-3.9015161019894,9.1110821959854,0
4104,0.0015276193523867,-0.018583106815429,-3.8983138113898,6.0387729709363,0
2695,-0.030683785351145,-0.015463528278092,-3.8982886596688,2.9965622443667,0
4019,-0.010499184633881,-0.019447182280614,-3.8958409780376,5.5452778384401,0
2714,-0.030503805023419,-0.011614047874652,-3.895778065115,1.8372680565413,0
2676,-0.028093845115865,-0.018092776602856,-3.8945789438682,4.1558564321988,0
4319,0.038648888519014,-0.0039185694631815,-3.8905615175977,7.7091858224179,0
5495,0.0022995185213901,0.00075712791444971,-3.88734967058,9.5576502151823,0
2696,-0.030605261318021,-0.01588799998491,-3.8860208253596,3.1253727096814,0
2715,-0.029854020792344,-0.012180314226552,-3.8838558036033,1.966078521855,0
2677,-0.027254571828466,-0.018412185329722,-3.8819655367616,4.2846668975135,0
3850,-0.022710568208494,-0.019172110023856,-3.8787587025195,4.7828181243011,0
3808,-0.02427864400175,-0.019102234022418,-3.8775931355086,4.6404404701093,0
3892,-0.020813316856466,-0.019419691117984,-3.8764989166499,4.9367264203104,0
4061,-0.0059832705226459,-0.019516958978736,-3.8757337270131,5.7439200032109,0
4232,0.02621503158551,-0.013507141525502,-3.8752139329194,6.9104129389612,0
4189,0.016986520977276,-0.016291686356313,-3.8751638525689,6.5780011278221,0
2697,-0.030472170763876,-0.016305688712372,-3.8737529910503,3.2541831749961,0
2716,-0.029595263960623,-0.012712817073054,-3.8719335420916,2.0948889871687,0
3934,-0.018452872894448,-0.01966855080864,-3.8704947511817,5.1017719165211,0
2678,-0.026300256591162,-0.018744982878566,-3.8693521296549,4.4134773628281,0
4146,0.0076697610135172,-0.018210296350266,-3.866852527617,6.2583036415318,0
4275,0.033827763431071,-0.0098325102586436,-3.8666411254446,7.2548699352231,0
4406,0.02543180218275,0.0025452098214551,-3.863203904786,8.5590029485948,0
4362,0.035855969819143,-0.00027584995042056,-3.8623596550114,8.0778104706103,0
2698,-0.030277351979047,-0.016716386368006,-3.8614851567411,3.3829936403108,0
5500,0.012784451326944,0.0024500064046211,-3.8605399710855,9.0198513080178,0
3976,-0.015544290505969,-0.019904447572802,-3.8604370274652,5.2775533306322,0
2717,-0.029535150798129,-0.013224559267354,-3.8600112805799,2.2236994524824,0
224,-1.1435560779997,0.0014129937034275,-3.8581054384216,0.06250000200012,0
225,-1.0345843809749,0.0035509014616914,-3.8581054384216,0.18750000600041,0
226,-0.86852808826633,0.0045489781199131,-3.8581054384216,0.31250001000045,0
227,-0.68503455385141,0.0044659829841484,-3.8581054384216,0.43750001400016,0
1032,-0.50881331087498,0.0034327397580339,-3.8581054384216,0.56250001800009,0
1033,-0.35541739166424,0.0016511607285944,-3.8581054384216,0.68750002200028,0
1034,-0.23286664345917,-0.00071873554010455,-3.8581054384216,0.8125000260003,0
1035,-0.14956423009399,-0.0031861182018551,-3.8581054384216,0.93750003000011,0
2679,-0.025219585362893,-0.019134982745165,-3.8567387225482,4.5422878281427,0
2736,-0.096915661273006,-0.0053575938239675,-3.8523170940644,1.0644052646571,0
4103,-0.00076142033692396,-0.019459251660333,-3.8506580047391,5.9519802491097,0
2699,-0.03001380498443,-0.017119902036798,-3.8492173224319,3.5118041056254,0
4318,0.037857541355089,-0.0056178834243059,-3.8491004078547,7.6106939887153,0
5494,0.003674144967521,0.0010712839057993,-3.8481719816989,9.4656308215872,0
2718,-0.029568956405456,-0.013722808155061,-3.8480890190682,2.3525099177962,0
4018,-0.012015359294176,-0.020105286102462,-3.8460265954289,5.4636617708193,0
2737,-0.065650308961883,-0.0071660946403412,-3.8407404053501,1.1932157299713,0
2700,-0.029674584778619,-0.017516071890824,-3.8369494881226,3.64061457094,0
2719,-0.029639061748806,-0.014211385224987,-3.8361667575564,2.4813203831099,0
4231,0.023415394561697,-0.014963493479357,-3.8311447575789,6.8163835561788,0
4188,0.014157601697023,-0.017498274142017,-3.829854390834,6.4863123805184,0
2738,-0.0480430380689,-0.0085792271220624,-3.8291637166358,1.3220261952853,0
4060,-0.0078107078810071,-0.020240120903703,-3.8269745094453,5.6596809704398,0
3849,-0.023166691399855,-0.01962967215557,-3.8252315138331,4.7123680989007,0
2701,-0.029252756643691,-0.017904846761221,-3.8246816538134,3.7694250362547,0
4405,0.027960127674265,0.0019392648339679,-3.8245116990594,8.4563455489115,0
2720,-0.029712741238324,-0.014692150031731,-3.8242444960447,2.6101308484236,0
4274,0.031536805790404,-0.011502678515718,-3.8238551881151,7.1585725943344,0
3891,-0.021454663432547,-0.019894698850455,-3.8238212557525,4.8633856737525,0
4361,0.036685528834703,-0.0016531966732479,-3.8222635859531,7.9771983717747,0
4145,0.0050986021624512,-0.019194063301279,-3.8203470782035,6.1690273939249,0
5499,0.015225965375308,0.0025039358296981,-3.8195638401817,8.9286204200503,0
3933,-0.019305788045224,-0.020174856170485,-3.8187198901416,5.0256059387179,0
2739,-0.038396926662721,-0.0096848000888654,-3.8175870279215,1.4508366605993,0
2702,-0.028741365158221,-0.018286435158603,-3.8124138195042,3.8982355015694,0
2721,-0.029770203890718,-0.015165907422816,-3.812322234533,2.7389413137375,0
3975,-0.016645452737833,-0.020451100417845,-3.8096170084962,5.1986285930049,0
5493,0.0052778925425306,0.0013645318173073,-3.8089942928177,9.3736114279922,0
4317,0.036666850665799,-0.0073442276737532,-3.8076392981117,7.5122021550127,0
2740,-0.033249205823695,-0.010573247933245,-3.8060103392072,1.5796471259133,0
4102,-0.0029074589389991,-0.020261551612556,-3.8030021980884,5.8651875272831,0
2722,-0.029798265420831,-0.01563293288975,-3.8003999730212,2.867751779052,0
2703,-0.028133354924454,-0.018660780749173,-3.8001459851949,4.0270459668841,0
4017,-0.013395552194966,-0.020701630832744,-3.7962122128203,5.3820457031985,0
2741,-0.030588371361175,-0.011317720696856,-3.7944336504929,1.7084575912274,0
2723,-0.029787056752656,-0.016093259707499,-3.7884777115094,2.9965622443667,0
2704,-0.027421607035972,-0.019025801901635,-3.7878781508857,4.1558564321988,0
4230,0.020596523057799,-0.016332361587436,-3.7870755822384,6.7223541733963,0
4404,0.030173806789141,0.001130525452687,-3.7858194933328,8.3536881492283,0
4187,0.01140197095831,-0.018617383095298,-3.7845449290992,6.3946236332149,0
2742,-0.029277834639504,-0.011971115122041,-3.7828569617787,1.8372680565412,0
5487,0.0002333579418737,0.00010223900142937,-3.7825105899071,9.8214938173977,0
4360,0.037036001747003,-0.0031568853336279,-3.7821675168948,7.8765862729392,0
4273,0.02907446552417,-0.01310876811699,-3.7810692507855,7.0622752534457,0
5498,0.017691821937745,0.002433165159172,-3.7785877092776,8.8373895320825,0
4059,-0.0094946458189427,-0.020896489497523,-3.7782152918774,5.5754419376686,0
2724,-0.029728339255513,-0.016546825793757,-3.7765554499976,3.1253727096814,0
2705,-0.026599771236471,-0.019380887129178,-3.7756103165764,4.2846668975135,0
4144,0.0026551676624647,-0.020097256697457,-3.7738416287899,6.0797511463177,0
3848,-0.023644804888281,-0.020190013594293,-3.7717043251466,4.6419180735002,0
2743,-0.028687502554905,-0.012568598789662,-3.7712802730644,1.966078521855,0
3890,-0.022010599390332,-0.020328230459272,-3.7711435948552,4.7900449271946,0
5492,0.0070850673435066,0.0016177017783954,-3.7698166039366,9.2815920343972,0
3932,-0.020052750274091,-0.020634749792836,-3.7669450291015,4.9494399609147,0
4316,0.035127376455943,-0.0090696164082004,-3.7661781883687,7.4137103213101,0
2725,-0.029614654091908,-0.016993542955453,-3.7646331884858,3.2541831749961,0
2706,-0.025662708817947,-0.019748871260943,-3.7633424822672,4.4134773628281,0
2744,-0.028472950899978,-0.013132014847054,-3.7597035843501,2.0948889871687,0
3974,-0.017625991925734,-0.020944607414489,-3.7587969895273,5.1197038553775,0
4101,-0.004908227347372,-0.020991646911114,-3.7553463914379,5.7783948054567,0
2726,-0.029438896446016,-0.017433324789023,-3.752710926974,3.3829936403108,0
2707,-0.024594899828292,-0.02016820071826,-3.751074647958,4.5422878281427,0
2745,-0.028447575171279,-0.013674167339824,-3.7481268956359,2.2236994524824,0
4403,0.032013983389795,0.00012867279998859,-3.7471272876063,8.2510307495454,0
4016,-0.014643311006561,-0.021238968349981,-3.7463978302117,5.3004296355777,0
5486,0.000957737215867,0.00033914571466785,-3.7451464721608,9.7287212854557,0
4229,0.017790155748298,-0.017610841659527,-3.7430064068978,6.6283247906136,0
229,-1.0380444048088,0.003585443643518,-3.7429381119019,0.18750000600041,0
1038,-0.23049073848525,-0.00076985255915669,-3.7429381119019,0.81250002600028,0
1039,-0.14704215052385,-0.003287371173793,-3.7429381119019,0.9375000300001,0
228,-1.1481593909872,0.0014263813799493,-3.7429381119019,0.06250000200012,0
230,-0.87053153817972,0.0045896057663051,-3.7429381119019,0.31250001000044,0
231,-0.68563474570571,0.0045012175033396,-3.7429381119019,0.43750001400015,0
1036,-0.50816646039932,0.0034523018482816,-3.7429381119019,0.56250001800008,0
1037,-0.35375976820996,0.0016430725125001,-3.7429381119019,0.68750002200026,0
4359,0.036922715865929,-0.0047548728855823,-3.7420714478365,7.7759741741037,0
2727,-0.029194102728572,-0.017866090922069,-3.7407886654622,3.5118041056254,0
4447,0.020303308311708,0.0022272768985038,-3.7394741819792,8.7394605752571,0
4186,0.0087318085094944,-0.019646453425452,-3.7392354673646,6.3029348859118,0
4272,0.026489399489566,-0.014639565814686,-3.738283313456,6.9659779125572,0
2764,-0.094534109943693,-0.0055088651757045,-3.7373225539435,1.0644052646571,0
2746,-0.028510378097807,-0.014202174969469,-3.7365502069216,2.3525099177962,0
5491,0.0090678222216916,0.0018125302840658,-3.7306389150556,9.1895726408026,0
4058,-0.011037028590934,-0.021488363637855,-3.7294560743095,5.4912029048975,0
2728,-0.028873345825811,-0.018291772117422,-3.7288664039505,3.6406145709401,0
4143,0.00034751757168506,-0.020921108591884,-3.7273361793761,5.9904748987104,0
2765,-0.063528906104802,-0.0073616429412784,-3.7260914380266,1.1932157299713,0
2747,-0.028606018127412,-0.01471978884185,-3.7249735182073,2.4813203831099,0
4315,0.033292042639887,-0.010769998400584,-3.7247170786258,7.3152184876076,0
3889,-0.022477912886953,-0.020731021583123,-3.718465933958,4.7167041806368,0
2729,-0.028469686424674,-0.018710384178572,-3.7169441424387,3.7694250362547,0
3931,-0.020702568947189,-0.021050957650078,-3.7151701680613,4.8732739831114,0
2766,-0.046184813475875,-0.0088132101595179,-3.7148603221097,1.3220261952853,0
2748,-0.028703101770065,-0.015228872208512,-3.7133968294931,2.6101308484236,0
4402,0.033438271885538,-0.0010491279581226,-3.7084350818797,8.1483733498621,0
3973,-0.018491736399449,-0.021388613519992,-3.7079769705584,5.0407791177502,0
5485,0.0019205612269394,0.00059216464911857,-3.7077823544145,9.6359487535138,0
4100,-0.0067630317737118,-0.021651529853875,-3.7076905847873,5.6916020836303,0
2730,-0.027976127828212,-0.01912213288721,-3.7050218809269,3.8982355015694,0
2767,-0.036756860840359,-0.0099532153595964,-3.7036292061929,1.4508366605993,0
4446,0.02296144404482,0.0018286348643248,-3.7022232582866,8.6348335495744,0
4358,0.036373729141771,-0.0064152801462903,-3.7019753787783,7.6753620752681,0
2749,-0.028782590866999,-0.015730290781823,-3.7018201407788,2.7389413137376,0
4228,0.01502299028733,-0.018797516778603,-3.6989372315573,6.5342954078312,0
4015,-0.015762986093752,-0.021720448523135,-3.696583447603,5.2188135679567,0
4271,0.02382549373389,-0.01608690736451,-3.6954973761267,6.8696805716689,0
4185,0.006167998505266,-0.020591279973523,-3.6939260056301,6.2112461386087,0
2731,-0.027385521639328,-0.019526906698614,-3.6930996194151,4.0270459668842,0
2768,-0.031773161256616,-0.010873945086281,-3.692398090276,1.5796471259133,0
5490,0.011190793761404,0.0019308747146651,-3.6914612261749,9.0975532472085,0
2750,-0.028831717663218,-0.016224418736398,-3.6902434520645,2.867751779052,0
4314,0.031213774349285,-0.012425399867415,-3.6832559688828,7.216726653905,0
2732,-0.026690661714978,-0.019922796796859,-3.6811773579033,4.1558564321988,0
2769,-0.029229810480843,-0.011649680979152,-3.6811669743592,1.7084575912273,0
4142,-0.0018188535467886,-0.021667819093852,-3.6808307299623,5.9011986511032,0
4057,-0.012440749285934,-0.022018501656508,-3.6806968567417,5.4069638721264,0
2751,-0.028840844219211,-0.016711408737478,-3.6786667633501,2.9965622443667,0
5484,0.0031077474759734,0.00084439790832391,-3.6704182366682,9.5431762215717,0
2770,-0.028002220486065,-0.012333769471498,-3.6699358584423,1.8372680565412,0
4401,0.03442161694741,-0.0023796192303096,-3.669742876153,8.0457159501787,0
2733,-0.025885222976448,-0.020309509446728,-3.6692550963915,4.2846668975135,0
2752,-0.028801866060142,-0.017191325258032,-3.6670900746358,3.1253727096814,0
3888,-0.022956483402802,-0.021220861770346,-3.6657882730606,4.6433634340789,0
4445,0.025427831522592,0.0012383725825516,-3.664972334594,8.5302065238916,0
3930,-0.021266064769071,-0.021425132474487,-3.6633953070211,4.7971080053081,0
4357,0.035426669086976,-0.0081078474091487,-3.66187930972,7.5747499764326,0
4099,-0.0084725372154087,-0.022243648474816,-3.6600347781368,5.6048093618039,0
2771,-0.027471349011854,-0.012961413629262,-3.6587047425255,1.966078521855,0
2734,-0.024963652786531,-0.020707232389365,-3.6573328348797,4.4134773628281,0
3972,-0.019249909461008,-0.021786787778825,-3.6571569515895,4.961854380123,0
2753,-0.028707410160098,-0.017664203406337,-3.6555133859214,3.2541831749961,0
4227,0.012316304808393,-0.019892199955573,-3.6548680562169,6.4402660250491,0
4270,0.021121667941217,-0.017445087378013,-3.6527114387973,6.7733832307804,0
5489,0.013409330735909,0.0019550779372753,-3.6522835372942,9.0055338536144,0
4184,0.0037246490923409,-0.021451201081174,-3.6486165438954,6.1195573913053,0
2772,-0.027301193226524,-0.013554316873757,-3.6474736266087,2.0948889871687,0
4014,-0.016759752250523,-0.022149546274189,-3.6467690649943,5.1371975003358,0
2735,-0.023908478343669,-0.021147296552553,-3.6454105733679,4.5422878281427,0
2754,-0.028550433567852,-0.018130068580646,-3.6439366972071,3.3829936403108,0
4313,0.02894370941624,-0.014019767818296,-3.6417948591396,7.1182348202023,0
2773,-0.027310912351573,-0.014125126159925,-3.6362425106919,2.2236994524824,0
4141,-0.003840678268386,-0.0223398581671,-3.6343252805486,5.811922403496,0
5483,0.0045083634111366,0.0010804264394909,-3.6330541189218,9.4504036896296,0
2755,-0.028324020838374,-0.018588934393243,-3.6323600084927,3.5118041056254,0
4056,-0.013709569150905,-0.022490047646873,-3.6319376391738,5.3227248393552,0
4400,0.034955874275776,-0.0038354760071107,-3.6310506704264,7.9430585504953,0
233,-1.04153628141,0.0036226797412287,-3.6277707853825,0.18750000600041,0
1042,-0.22806313674312,-0.00082180359476492,-3.6277707853825,0.81250002600025,0
1043,-0.14446061197073,-0.0033921150924443,-3.6277707853825,0.93750003000009,0
232,-1.1528100967861,0.001440255097795,-3.6277707853825,0.06250000200012,0
234,-0.87254971695032,0.0046344721812217,-3.6277707853825,0.31250001000044,0
235,-0.68623441143369,0.0045409145417197,-3.6277707853825,0.43750001400015,0
1040,-0.50750273843844,0.0034755271322236,-3.6277707853825,0.56250001800007,0
1041,-0.35206776365899,0.0016368071292821,-3.6277707853825,0.68750002200023,0
4444,0.027629343769547,0.00045796254030248,-3.6277214109014,8.425579498209,0
2774,-0.02740317734233,-0.01468086112827,-3.625011394775,2.3525099177962,0
2792,-0.092092919429613,-0.0056658555120118,-3.6223280138227,1.0644052646571,0
4356,0.034125656279941,-0.009804999948919,-3.6217832406618,7.4741378775972,0
2756,-0.028021281576494,-0.019040802052025,-3.6207833197784,3.6406145709401,0
2775,-0.027524856504379,-0.015225249582311,-3.6137802788582,2.4813203831099,0
5488,0.015672719131505,0.0018696909291352,-3.6131058484133,8.9135144600199,0
4098,-0.010038595116924,-0.022770883451005,-3.6123789714862,5.5180166399775,0
3929,-0.021743242385947,-0.021769174834636,-3.611620445981,4.7209420275049,0
2793,-0.061351240413581,-0.007564316061691,-3.6114424707033,1.1932157299713,0
4226,0.0096844721449358,-0.020893881021545,-3.6107988808767,6.3462366422673,0
4269,0.018411899277784,-0.018710371381609,-3.6099255014679,6.6770858898917,0
2757,-0.027635298169943,-0.019485717928364,-3.609206631064,3.7694250362547,0
3971,-0.019909545312146,-0.022141568559955,-3.6063369326206,4.8829296424956,0
4183,0.0014117707015499,-0.022227909960406,-3.6033070821606,6.0278686440018,0
2776,-0.027645830150499,-0.015760197596721,-3.6025491629414,2.6101308484236,0
2794,-0.044273646723223,-0.0090550602926168,-3.6005569275839,1.3220261952853,0
4312,0.026529946208464,-0.015540616557066,-3.6003337493966,7.0197429864998,0
5477,0.00018362014333041,7.6804602201249e-05,-3.5978537636322,9.8978539790643,0
2758,-0.027159070293948,-0.019923843144776,-3.5976299423497,3.8982355015694,0
4013,-0.017639733133743,-0.022529979815637,-3.5969546823856,5.055581432715,0
5482,0.0061015759481778,0.001283073827475,-3.5956900011754,9.3576311576876,0
4399,0.035048201587572,-0.0053872273211732,-3.5923584646997,7.8404011508119,0
2777,-0.02774776999348,-0.016286660944153,-3.5913180470245,2.7389413137376,0
4443,0.029505483929635,-0.00050547595680536,-3.5904704872089,8.3209524725265,0
2795,-0.035065932360438,-0.010229700570054,-3.5896713844644,1.4508366605993,0
4140,-0.0057165566913071,-0.022939998326061,-3.587819831135,5.7226461558889,0
2759,-0.026585416386019,-0.020354988919623,-3.5860532536353,4.0270459668842,0
4055,-0.014848063447264,-0.02290645125867,-3.5831784216058,5.238485806584,0
4355,0.032518524141578,-0.011482502664633,-3.5816871716036,7.3735257787618,0
2778,-0.027818297214073,-0.016805131800266,-3.5800869311077,2.867751779052,0
2796,-0.030247257975297,-0.011182471365546,-3.578785841345,1.5796471259133,0
4487,0.018110926788991,0.0016597389882478,-3.5756301840223,8.8142446169422,0
2760,-0.025907098578126,-0.020777426557811,-3.5744765649209,4.1558564321988,0
2779,-0.027847990439141,-0.017315892628675,-3.5688558151907,2.9965622443667,0
2797,-0.027821835195457,-0.011988833901022,-3.5679002982256,1.7084575912273,0
4268,0.015725270629752,-0.019880719442849,-3.5671395641384,6.5807885490033,0
4225,0.0071453742096405,-0.021804417412479,-3.5667297055366,6.2522072594855,0
4097,-0.011464099310708,-0.023236481961349,-3.5647231648357,5.4312239181512,0
2761,-0.02511772808291,-0.021191006826928,-3.5628998762066,4.2846668975135,0
5476,0.00078330123476753,0.00026126447291937,-3.5623176520908,9.804363965574,0
3928,-0.022221197289687,-0.02218676424625,-3.5598455849408,4.6447760497016,0
4311,0.02401674874203,-0.016978570347351,-3.5588726396537,6.9212511527975,0
5481,0.0078643697199144,0.0014358187254995,-3.5583258834292,9.264858625746,0
4182,-0.00076366594221438,-0.022924256648658,-3.5579976204258,5.9361798966983,0
2780,-0.027828875129268,-0.017819137104633,-3.5576246992738,3.1253727096815,0
2798,-0.02667750253873,-0.012702598620598,-3.5570147551062,1.8372680565412,0
3970,-0.020481170143475,-0.022454347766341,-3.5555169136516,4.8040049048683,0
4398,0.034718677258396,-0.0070049507476257,-3.5536662589731,7.7377437511284,0
4442,0.031010093203302,-0.0016377009901462,-3.5532195635163,8.2163254468439,0
2762,-0.024211257548414,-0.02161266129528,-3.5513231874923,4.4134773628281,0
4012,-0.018410333520627,-0.022865358129627,-3.547140299777,4.9739653650941,0
2781,-0.027753668108543,-0.018315019483216,-3.5463935833569,3.2541831749962,0
2799,-0.026206498512961,-0.013359015634787,-3.5461292119868,1.966078521855,0
4354,0.030654465538379,-0.013119750432784,-3.5415911025454,7.2729136799262,0
4139,-0.0074466741782444,-0.023471377513887,-3.5413143817213,5.6333699082819,0
4486,0.020637983434236,0.001268107595923,-3.5398565441212,8.7077243243814,0
2763,-0.023169750836858,-0.022066660307382,-3.5397464987779,4.5422878281427,0
2800,-0.02608130682787,-0.01397967348977,-3.5352436688673,2.0948889871687,0
2782,-0.027615399430594,-0.018803666729433,-3.53516246744,3.3829936403108,0
4054,-0.015861612188213,-0.023271387577145,-3.5344192040379,5.1542467738128,0
5475,0.0016008093241598,0.00046302421375748,-3.5267815405494,9.7108739520838,0
2801,-0.026126821681056,-0.01457710025316,-3.5243581257479,2.2236994524824,0
4267,0.013085692955208,-0.020955664361509,-3.5243536268091,6.4844912081153,0
2783,-0.027407219807131,-0.0192851706304,-3.5239313515231,3.5118041056254,0
4224,0.0047180148265742,-0.022626710886713,-3.5226605301964,6.1581778767034,0
5480,0.0097673112057053,0.0015222555325517,-3.5209617656832,9.1720860938048,0
4310,0.021444105484204,-0.01832687793655,-3.5174115299108,6.8227593190949,0
4096,-0.01275286694716,-0.023643987349272,-3.5170673581852,5.3444311963248,0
4441,0.032112673556086,-0.0029184824121082,-3.5159686398236,8.111698421161,0
4397,0.033997572445823,-0.0086596752879074,-3.5149740532464,7.6350863514451,0
2802,-0.026249318160266,-0.015158260252585,-3.5134725826286,2.3525099177962,0
2784,-0.027122300704136,-0.019759581237134,-3.5127002356062,3.6406145709401,0
4181,-0.0027971856828969,-0.023543499527452,-3.5126881586911,5.8444911493949,0
237,-1.0450633747494,0.0036631275409002,-3.5126034588628,0.18750000600041,0
238,-0.87458498418126,0.0046844740619493,-3.5126034588628,0.31250001000044,0
1046,-0.22558100511432,-0.00087492536908201,-3.5126034588628,0.81250002600023,0
1047,-0.14181672079728,-0.0035011750751617,-3.5126034588628,0.93750003000009,0
236,-1.15751174582,0.0014546680632323,-3.5126034588628,0.06250000200012,0
239,-0.686834492444,0.0045860221529315,-3.5126034588628,0.43750001400015,0
1044,-0.50682158794454,0.0035031529967288,-3.5126034588628,0.56250001800007,0
1045,-0.35033953080785,0.0016326101147866,-3.5126034588628,0.68750002200021,0
2820,-0.089589656951038,-0.005829814198162,-3.5073334737018,1.0644052646571,0
3969,-0.020967380573349,-0.022738057654154,-3.5046968946828,4.725080167241,0
4485,0.023017064850729,0.00069846000443739,-3.5040829042201,8.6012040318205,0
2803,-0.026397808619423,-0.015726899914441,-3.5025870395092,2.4813203831099,0
4353,0.028582158496577,-0.014699770623985,-3.5014950334871,7.1723015810906,0
2785,-0.026753779116361,-0.020226947201054,-3.5014691196893,3.7694250362547,0
4011,-0.019080605214576,-0.023158003551799,-3.4973259171683,4.8923492974732,0
2821,-0.059115556070436,-0.0077756958552705,-3.4967935033798,1.1932157299713,0
4138,-0.0090325687413346,-0.023937468503338,-3.4948089323076,5.5440936606748,0
2804,-0.026543394482707,-0.016285003635471,-3.4917014963898,2.6101308484237,0
5474,0.0026248269991596,0.00066706204496044,-3.4912454290079,9.6173839385934,0
2786,-0.026294695471504,-0.020687354292908,-3.4902380037724,3.8982355015695,0
2822,-0.042308449570922,-0.0093064666094524,-3.4862535330578,1.3220261952853,0
4053,-0.016756483188628,-0.023588671442537,-3.48565998647,5.0700077410416,0
5479,0.011772870358518,0.0015264350367902,-3.4835976479373,9.0793135618637,0
4266,0.010511054631667,-0.021935506759435,-3.4815676894801,6.3881938672276,0
2805,-0.026668421588915,-0.016833644206097,-3.4808159532703,2.7389413137376,0
2787,-0.025737898106472,-0.02114051653178,-3.4790068878554,4.0270459668842,0
4440,0.032798500646682,-0.0043233662643961,-3.4787177161309,8.0070713954781,0
4223,0.0024139074220444,-0.02336242671902,-3.478591354856,6.0641484939213,0
4396,0.032922579230444,-0.010324472546041,-3.4762818475198,7.5324289517617,0
4309,0.018847524464514,-0.0195809668881,-3.4759504201678,6.7242674853923,0
2823,-0.033323618233392,-0.010515858332508,-3.4757135627358,1.4508366605993,0
2806,-0.02676087989864,-0.017373449825439,-3.4699304101509,2.867751779052,0
4095,-0.01390955188488,-0.02399715661416,-3.4694115515346,5.2576384744983,0
4484,0.025177099439498,-4.9568910846425e-05,-3.468309264319,8.4946837392597,0
2788,-0.025076183318338,-0.021584847732757,-3.4677757719385,4.1558564321988,0
4180,-0.0046864423460782,-0.024089162396855,-3.4673786969564,5.7528024020917,0
2824,-0.028671454546457,-0.011500214165631,-3.4651735924138,1.5796471259133,0
4352,0.026348362862663,-0.016209022066869,-3.4613989644288,7.0716894822553,0
2807,-0.02681155703244,-0.017904842392214,-3.4590448670314,2.9965622443667,0
2789,-0.024303112932254,-0.022020160815426,-3.4565446560216,4.2846668975135,0
5473,0.0038460756298046,0.00085917509370341,-3.4557093174664,9.523893925103,0
2825,-0.026364844687438,-0.012336280993537,-3.4546336220918,1.7084575912273,0
3968,-0.021444609109688,-0.02308381139755,-3.4538768757138,4.6461554296137,0
4137,-0.010476939134211,-0.024342020777094,-3.448303482894,5.4548174130677,0
2808,-0.026812610514367,-0.018428146947373,-3.4481593239119,3.1253727096815,0
4010,-0.01966078229375,-0.023409330090142,-3.4475115345595,4.8107332298522,0
5478,0.013837833503374,0.0014341724904823,-3.4462335301911,8.9865410299222,0
2790,-0.023412272195923,-0.022459969554063,-3.4453135401047,4.4134773628281,0
2826,-0.025304502363273,-0.013078389511149,-3.4440936517698,1.8372680565412,0
4439,0.033067556525254,-0.0058253862564685,-3.4414667924382,7.9024443697951,0
4265,0.0080147593730065,-0.022817831119989,-3.438781752151,6.2918965263398,0
4395,0.031536206302217,-0.011975191846111,-3.4375896417933,7.4297715520784,0
2809,-0.026756856796214,-0.018943632545449,-3.4372737807924,3.2541831749962,0
4052,-0.017540116456111,-0.02386192273538,-3.4369007689021,4.9857687082705,0
4222,0.00024151511857143,-0.024014871367688,-3.4345221795156,5.9701191111391,0
4308,0.016257922526094,-0.020738130439527,-3.4344893104248,6.6257756516899,0
2791,-0.022386185375144,-0.022922246757075,-3.4340824241878,4.5422878281427,0
2827,-0.024894176901981,-0.01376187308195,-3.4335536814479,1.9660785218549,0
4483,0.027057296465731,-0.00097112717478737,-3.432535624418,8.3881634466992,0
2810,-0.026637415316243,-0.019451517792159,-3.4263882376729,3.3829936403108,0
2828,-0.024814894610498,-0.014408241914431,-3.4230137111259,2.0948889871687,0
4179,-0.0064309057585208,-0.024565042610536,-3.4220692352217,5.6611136547884,0
4094,-0.014939599384195,-0.024299881344233,-3.421755744884,5.1708457526719,0
4351,0.02399693760093,-0.01763707020307,-3.4213028953707,6.9710773834201,0
5472,0.0052476240897606,0.0010239232196037,-3.420173205925,9.4304039116126,0
2811,-0.026447525755206,-0.019951957939187,-3.4155026945534,3.5118041056254,0
2829,-0.024897248256524,-0.015029947534687,-3.4124737408039,2.2236994524824,0
5467,0.00014361974475841,5.7292600131383e-05,-3.4117993342273,9.9707427055951,0
4527,0.016096887600062,0.00122687392698,-3.4104205794232,8.8859864926618,0
2812,-0.026180451067626,-0.020445032600263,-3.404617151434,3.6406145709401,0
4438,0.032932662734302,-0.0073966112607571,-3.4042158687455,7.7978173441122,0
2830,-0.025051050340939,-0.015633943390473,-3.401933770482,2.3525099177962,0
4136,-0.011783486181356,-0.024688986676268,-3.4017980334803,5.3655411654607,0
4394,0.029883487616522,-0.013590867603494,-3.3988974360666,7.327114152395,0
4009,-0.02015562820726,-0.023633029609835,-3.3976971519509,4.7291171622314,0
240,-1.162268570716,0.0014696934074629,-3.3974361323428,0.06250000200012,0
241,-1.0486297656702,0.0037074379597557,-3.3974361323428,0.18750000600041,0
242,-0.87664022183346,0.0047407359816461,-3.3974361323428,0.31250001000044,0
243,-0.6874361008604,0.0046377214193219,-3.3974361323428,0.43750001400015,0
1048,-0.50612225294647,0.0035360771431313,-3.3974361323428,0.56250001800006,0
1049,-0.34857273140316,0.00163073171344,-3.3974361323428,0.68750002200019,0
1050,-0.22304092815739,-0.00092968052644668,-3.3974361323428,0.81250002600021,0
1051,-0.13910705294115,-0.0036155570040838,-3.3974361323428,0.93750003000008,0
4482,0.028609117849253,-0.0020546027354877,-3.396761984517,8.2816431541384,0
4264,0.0056194365754155,-0.023609249836104,-3.3959958148219,6.1955991854517,0
2813,-0.025829420450176,-0.020930769151768,-3.3937316083145,3.7694250362548,0
4307,0.013701383122964,-0.02179738862041,-3.393028200682,6.5272838179879,0
2848,-0.087021410068493,-0.0060021768280095,-3.3923389335805,1.0644052646571,0
2831,-0.02522739360001,-0.016224036044667,-3.39139380016,2.4813203831099,0
4221,-0.0017933445591034,-0.024587969101772,-3.3904530041753,5.876089728357,0
4051,-0.018221465436714,-0.024093482478584,-3.3881415513342,4.9015296754992,0
5471,0.0068104485083134,0.0011463005836378,-3.3846370943836,9.3369138981227,0
2814,-0.025387564375794,-0.021409155088893,-3.382846065195,3.8982355015695,0
2849,-0.056819779287535,-0.0079975186138331,-3.382144536056,1.1932157299713,0
4350,0.021568201608304,-0.018976204901683,-3.3812068263125,6.8704652845847,0
2832,-0.025398553199247,-0.016802323220101,-3.380853829838,2.6101308484237,0
5466,0.00064046536244525,0.0002017458351338,-3.3781049644538,9.8765711432573,0
4178,-0.0080315846687227,-0.02497519020115,-3.376759773487,5.569424907485,0
4526,0.018477945868064,0.00084857678722839,-3.3761587956337,8.7776499500828,0
4093,-0.015849292059792,-0.024556107727586,-3.3740999382334,5.0840530308455,0
2815,-0.024847826849926,-0.021879790583709,-3.3719605220755,4.0270459668842,0
2850,-0.040287997974536,-0.0095692659692953,-3.3719501385314,1.3220261952853,0
2833,-0.025547520229212,-0.01737002138338,-3.3703138595161,2.7389413137376,0
4437,0.032417176597944,-0.0090094842039153,-3.3669649450529,7.6931903184294,0
2851,-0.031529412207044,-0.010813456425657,-3.3617557410069,1.4508366605993,0
2816,-0.024203111359011,-0.022341185632194,-3.361074978956,4.1558564321988,0
4481,0.029797972310304,-0.0032825480610893,-3.3609883446158,8.1751228615774,0
4393,0.028010078058645,-0.015153855418357,-3.3602052303399,7.2244567527115,0
2834,-0.025662640520737,-0.017927912646182,-3.359773889194,2.867751779052,0
4135,-0.012956786948859,-0.024982442585581,-3.3552925840666,5.2762649178535,0
4263,0.0033383397126455,-0.024311310688592,-3.3532098774926,6.0993018445636,0
4306,0.011198405379796,-0.022758928268072,-3.3515670909394,6.4287919842862,0
2852,-0.027045836372023,-0.011828752032728,-3.3515613434824,1.5796471259133,0
2817,-0.023446998680958,-0.022792982378445,-3.3501894358365,4.2846668975135,0
2835,-0.025734910055822,-0.018476567917857,-3.349233918872,2.9965622443668,0
5470,0.0085100906292063,0.0012113719258016,-3.3491009828425,9.2434238846332,0
4008,-0.020632556546875,-0.02390873288482,-3.3478827693422,4.6475010946105,0
4220,-0.0036872151097787,-0.025085884045871,-3.346383828835,5.7820603455751,0
5465,0.0013355091256833,0.00036471951960284,-3.3444105946804,9.7823995809196,0
4525,0.020749273582532,0.00030479931677843,-3.3418970118442,8.6693134075036,0
2853,-0.024859436532923,-0.012693336410756,-3.3413669459578,1.7084575912273,0
4349,0.019098545373018,-0.020221056654582,-3.3411107572543,6.7698531857491,0
4050,-0.018810512311283,-0.024284951629422,-3.3393823337662,4.817290642728,0
2818,-0.022572897841655,-0.023245371873741,-3.3393038927171,4.4134773628281,0
2836,-0.025756626869489,-0.019016445753008,-3.3386939485499,3.1253727096815,0
4177,-0.0094907896173402,-0.025323844959958,-3.3314503117524,5.4777361601818,0
2854,-0.023884282786442,-0.013462151372942,-3.3311725484333,1.8372680565412,0
4436,0.031552536176652,-0.010637912640578,-3.3297140213602,7.5885632927466,0
2819,-0.021564303583007,-0.023710946370616,-3.3284183495976,4.5422878281427,0
2837,-0.025720722414607,-0.019547925783823,-3.3281539782279,3.2541831749962,0
4092,-0.016645995913635,-0.024769527510487,-3.3264441315829,4.9972603090191,0
4480,0.03060377591621,-0.0046332099942851,-3.3252147047147,8.0686025690164,0
4392,0.025960752946546,-0.016649764259655,-3.3215130246133,7.1217993530283,0
2855,-0.023535875429869,-0.014170673183847,-3.3209781509088,1.9660785218549,0
2838,-0.025620426744677,-0.020071308796072,-3.3176140079058,3.3829936403108,0
5469,0.010315118998396,0.0012046016092023,-3.3135648713014,9.1499338711437,0
2856,-0.023503837858847,-0.014840384921146,-3.3107837533843,2.0948889871687,0
5464,0.0022194606926759,0.00053285542240214,-3.3107162249068,9.6882280185817,0
4262,0.0011816037802669,-0.024927578610811,-3.3104239401633,6.0030045036755,0
4305,0.008762725392269,-0.023621383622287,-3.3101059811968,6.3303001505844,0
4134,-0.014002213876038,-0.025226516058326,-3.3087871346529,5.1869886702464,0
4524,0.022842896223039,-0.00040648980985149,-3.3076352280548,8.5609768649247,0
2839,-0.025449095419475,-0.020586799846109,-3.3070740375838,3.5118041056255,0
4219,-0.0054386761476417,-0.025512994959343,-3.3023146534947,5.6880309627931,0
4348,0.016620183204467,-0.021368279671267,-3.3010146881961,6.6692410869138,0
2857,-0.023624422083973,-0.015483712734902,-3.3005893558598,2.2236994524824,0
2840,-0.025200115939922,-0.02109449089713,-3.2965340672618,3.6406145709401,0
4435,0.030375862151385,-0.012258056775948,-3.2924630976677,7.4839362670637,0
4049,-0.019313817011108,-0.024450435243878,-3.2906231161983,4.7330516099568,0
2858,-0.02381091131964,-0.016107648941164,-3.2903949583353,2.3525099177962,0
4479,0.031020369094788,-0.0060820419984646,-3.2894410648135,7.9620822764554,0
4176,-0.010811930723138,-0.025615363931131,-3.2861408500177,5.3860474128785,0
2841,-0.024866850287553,-0.0215943685742,-3.2859940969397,3.7694250362548,0
4391,0.023778286735368,-0.018067252076309,-3.2828208188867,7.0191419533452,0
244,-1.1670856606119,0.0014854273300897,-3.282268805823,0.06250000200012,0
245,-1.0522404333642,0.0037564228174949,-3.282268805823,0.18750000600041,0
246,-0.87871896288279,0.0048046642291044,-3.282268805823,0.31250001000044,0
247,-0.68804055150231,0.0046974901189308,-3.282268805823,0.43750001400015,0
1052,-0.50540371285449,0.0035754133096981,-3.282268805823,0.56250001800005,0
1053,-0.3467644032172,0.0016314510402965,-3.282268805823,0.68750002200016,0
1054,-0.22043881728741,-0.00098666816075076,-3.282268805823,0.81250002600018,0
1055,-0.13632758217577,-0.0037364864682628,-3.282268805823,0.93750003000007,0
2859,-0.024016418571755,-0.016716105093096,-3.2802005608107,2.4813203831099,0
4091,-0.017338489064301,-0.024942591197045,-3.2787883249322,4.9104675871926,0
5468,0.012188904553538,0.0011128618815187,-3.2780287597601,9.0564438576539,0
2876,-0.084384753916784,-0.0061846379171705,-3.2773443934594,1.0644052646571,0
5463,0.0032843354256356,0.0006931145263739,-3.2770218551332,9.5940564562437,0
2842,-0.024442570268052,-0.02208630568381,-3.2754541266177,3.8982355015695,0
4523,0.024698935883145,-0.0012824632816984,-3.2733734442653,8.452640322346,0
2860,-0.024214351486326,-0.01731132943329,-3.2700061632862,2.6101308484237,0
4304,0.0064152657393377,-0.024389792587201,-3.2686448714541,6.2318083168824,0
4261,-0.00084353741303516,-0.025462446915195,-3.2676380028341,5.9067071627875,0
2877,-0.054461485506703,-0.0082317876672734,-3.2674955687323,1.1932157299713,0
2843,-0.023920380231077,-0.02256977734721,-3.2649141562956,4.0270459668842,0
4133,-0.014925946624892,-0.025425315007373,-3.2622816852392,5.0977124226393,0
4347,0.014160853142432,-0.022416356497654,-3.260918619138,6.568628988079,0
2861,-0.024388324922208,-0.017894710211675,-3.2598117657617,2.7389413137376,0
4218,-0.0070480322957597,-0.025873870213635,-3.2582454781545,5.5940015800111,0
2878,-0.038210890108817,-0.0098455648247834,-3.2576467440052,1.3220261952853,0
4434,0.028927770006784,-0.013848826607328,-3.255212173975,7.3793092413808,0
2844,-0.023293363548046,-0.023043349891443,-3.2543741859736,4.1558564321988,0
4478,0.031054119055596,-0.0076031091334432,-3.2536674249124,7.8555619838943,0
2862,-0.024527035325719,-0.018467202254477,-3.2496173682371,2.8677517790521,0
2879,-0.02968277810895,-0.011124534758537,-3.2477979192782,1.4508366605993,0
4390,0.021502658007652,-0.019397742743788,-3.2441286131602,6.9164845536619,0
4567,0.014267387711626,0.00091490000815655,-3.2439023055839,8.9546612785325,0
2845,-0.022555204882015,-0.023506412176599,-3.2438342156515,4.2846668975135,0
5462,0.004516243862047,0.00083152358458622,-3.2433274853597,9.4998848939059,0
4048,-0.019791033618263,-0.024659000132712,-3.2418638986304,4.6488125771856,0
4175,-0.01199935373379,-0.025854146500363,-3.240831388283,5.2943586655752,0
2863,-0.024621693678512,-0.019029535568696,-3.2394229707125,2.9965622443668,0
4522,0.026267767102276,-0.0023138862497005,-3.2391116604758,8.3443037797669,0
2880,-0.025370572330926,-0.012169936512886,-3.2379490945511,1.5796471259133,0
2846,-0.021699314256526,-0.023966054709526,-3.2332942453295,4.4134773628281,0
4090,-0.017936526062651,-0.02507716786383,-3.2311325182816,4.8236748653661,0
2864,-0.024664753508219,-0.019582304625238,-3.2292285731879,3.1253727096815,0
2881,-0.02330637323432,-0.013061583013057,-3.228100269824,1.7084575912273,0
4303,0.0041715402806544,-0.025066465771063,-3.2271837617112,6.1333164831803,0
4260,-0.0027324368367125,-0.025920590671223,-3.224852065505,5.8104098218996,0
5457,0.00011257447092528,4.2765301223392e-05,-3.2244125561131,10.040134432974,0
2847,-0.02071041195848,-0.024430371521217,-3.2227542750074,4.5422878281427,0
4346,0.011743065946729,-0.023365250732545,-3.2208225500801,6.4680168892444,0
2865,-0.024649282270098,-0.02012599560254,-3.2190341756634,3.2541831749962,0
2882,-0.022418127104866,-0.013855150004085,-3.2182514450969,1.8372680565412,0
4433,0.027250482690843,-0.015392127508498,-3.2179612502823,7.2746822156979,0
4477,0.030722023540601,-0.009170352934096,-3.2178937850113,7.7490416913334,0
4132,-0.015735183797021,-0.025582645944366,-3.2157762358256,5.0084361750322,0
4217,-0.008517035543221,-0.026173202955444,-3.2141763028142,5.4999721972292,0
4566,0.016492370997211,0.00055628612254959,-3.2111855087728,8.8445861337795,0
5461,0.0058993802240169,0.00093435180801588,-3.2096331155863,9.4057133315685,0
2866,-0.024568646496062,-0.02066098236566,-3.2088397781388,3.3829936403108,0
2883,-0.022133341608898,-0.014586339596773,-3.2084026203698,1.9660785218549,0
4389,0.019170506444663,-0.020635109395921,-3.2054364074335,6.8138271539785,0
4521,0.02751199118843,-0.0034858719565813,-3.2048498766863,8.2359672371877,0
2867,-0.024416348109954,-0.021187506911336,-3.1986453806142,3.5118041056255,0
2884,-0.022150295298853,-0.015276675917001,-3.1985537956428,2.0948889871686,0
4174,-0.013058224270282,-0.026044567919671,-3.1955219265482,5.2026699182718,0
5456,0.00052687273648151,0.00015804290612729,-3.1925729589038,9.9453175166955,0
2885,-0.022310861072263,-0.015938623279522,-3.1887049709157,2.2236994524824,0
2868,-0.024185934718287,-0.021705658013898,-3.1884509830896,3.6406145709401,0
4302,0.0020434081885221,-0.025655158225471,-3.1857226519684,6.0348246494782,0
4089,-0.018448108401304,-0.025187433590428,-3.1834767116311,4.7368821435397,0
4476,0.030049575659501,-0.01075866301115,-3.1821201451102,7.6425213987725,0
4259,-0.0044826731663106,-0.026306878080811,-3.1820661281758,5.7141124810116,0
4345,0.0093823549374997,-0.024214706373859,-3.1807264810223,6.3674047904097,0
4432,0.025386280971046,-0.016872906517597,-3.1807103265896,7.1700551900152,0
2886,-0.022531729036109,-0.016579271585181,-3.1788561461886,2.3525099177962,0
4565,0.018640157268981,4.3660708707789e-05,-3.1784687119617,8.7345109890264,0
2869,-0.023870943023373,-0.022215365416026,-3.178256585565,3.7694250362548,0
5460,0.007413383440439,0.0009878722157473,-3.1759387458131,9.3115417692315,0
4520,0.028407362795609,-0.0047792007208939,-3.1705880928967,8.1276306946085,0
4216,-0.0098486461717939,-0.02641573448324,-3.170107127474,5.4059428144472,0
4131,-0.016438461248558,-0.025701123607759,-3.1692707864118,4.919159927425,0
2887,-0.022767978017451,-0.017202688627614,-3.1690073214616,2.4813203831099,0
2870,-0.023464836867137,-0.022716375991534,-3.1680621880404,3.8982355015695,0
248,-1.1719691755114,0.0015019956786007,-3.1671014793033,0.06250000200012,0
249,-1.055901480955,0.0038110927088969,-3.1671014793033,0.18750000600041,0
251,-0.68864940816486,0.0047671842754832,-3.1671014793033,0.43750001400015,0
1059,-0.13347358454729,-0.0038654674096218,-3.1671014793033,0.93750003000007,0
250,-0.8808255554422,0.0048780179511499,-3.1671014793033,0.31250001000044,0
1056,-0.50466460831254,0.0036225550405007,-3.1671014793033,0.56250001800004,0
1057,-0.34491080363831,0.0016350926078657,-3.1671014793033,0.68750002200014,0
1058,-0.21776980249672,-0.0010466514978438,-3.1671014793033,0.81250002600016,0
4388,0.016814740866053,-0.021775365292297,-3.1667442017069,6.7111697542953,0
2904,-0.081675687281712,-0.0063792371906193,-3.1623498533385,1.0644052646571,0
5455,0.0011209139342939,0.00029342681753231,-3.1607333616945,9.8505006004167,0
2888,-0.022994114578033,-0.017811314773502,-3.1591584967345,2.6101308484237,0
2871,-0.022960941593469,-0.023208033623592,-3.1578677905158,4.0270459668842,0
2905,-0.052037860197177,-0.0084808824392089,-3.1528466014088,1.1932157299713,0
4173,-0.013994507396898,-0.026190917115016,-3.1502124648135,5.1109811709685,0
2889,-0.023194364468029,-0.018406741038353,-3.1493096720074,2.7389413137377,0
2872,-0.022352587592807,-0.023688929516128,-3.1476733929912,4.1558564321988,0
4475,0.029068591763268,-0.012344695463661,-3.1463465052092,7.5360011062115,0
4564,0.02064671489749,-0.00062653317679434,-3.1457519151507,8.6244358442735,0
4301,3.9512697252743e-05,-0.026160543467616,-3.1442615422257,5.9363328157762,0
4431,0.02337628756654,-0.018279054433022,-3.1434594028971,7.0654281643326,0
2906,-0.036075522559398,-0.010137850509994,-3.1433433494792,1.3220261952853,0
5459,0.0090319620930792,0.00097868866367021,-3.1422443760399,9.2173702068945,0
4344,0.007096650241634,-0.024967166656818,-3.1406304119643,6.2667926915748,0
2890,-0.023357778082689,-0.018990115470502,-3.1394608472803,2.8677517790521,0
4258,-0.006093712978916,-0.026626331742373,-3.1392801908466,5.6178151401237,0
2873,-0.021633644849136,-0.024158152260702,-3.1374789954666,4.2846668975135,0
4519,0.028942630017117,-0.0061716473615788,-3.1363263091072,8.0192941520292,0
4088,-0.018926118353535,-0.025332732945854,-3.1358209049805,4.6500894217132,0
2907,-0.027783134534951,-0.011451504125137,-3.1338400975495,1.4508366605993,0
2891,-0.023475796001026,-0.019562338112666,-3.1296120225531,2.9965622443668,0
5454,0.0018867345263189,0.00043694977296667,-3.1288937644852,9.7556836841378,0
4387,0.014464225532883,-0.022816449586338,-3.1280519959805,6.6085123546125,0
2874,-0.020797665826439,-0.024619967709509,-3.1272845979421,4.4134773628281,0
4215,-0.011046834086745,-0.026606178919324,-3.1260379521336,5.3119134316652,0
2908,-0.023645905718937,-0.012525971121507,-3.1243368456199,1.5796471259133,0
4130,-0.017045299304017,-0.025782916308951,-3.1227653369981,4.8298836798178,0
2892,-0.023541049206888,-0.02012414204349,-3.119763197826,3.1253727096816,0
2875,-0.019830709805816,-0.025078764653622,-3.1170902004175,4.5422878281427,0
2909,-0.02170657990697,-0.01344292974903,-3.1148335936902,1.7084575912273,0
4563,0.022454133562704,-0.001453288585478,-3.1130351183397,8.5143606995208,0
4474,0.027815159074998,-0.013907436480677,-3.1105728653081,7.4294808136505,0
2893,-0.02354676797614,-0.020676115969651,-3.1099143730989,3.2541831749962,0
5458,0.010724181478411,0.00089453500002272,-3.1085500062666,9.1231986445572,0
4430,0.021259550916042,-0.019601209330314,-3.1062084792045,6.9608011386498,0
2910,-0.02090754396852,-0.014258944957396,-3.1053303417606,1.8372680565412,0
4172,-0.014815145853748,-0.02629714054574,-3.1049030030789,5.0192924236652,0
4300,-0.0018342663766238,-0.026587694604641,-3.102800432483,5.8378409820743,0
4518,0.029118561477209,-0.0076392505754317,-3.1020645253177,7.9109576094499,0
4343,0.0049037492096314,-0.025626301152717,-3.1005343429062,6.1661805927398,0
2894,-0.023486485719817,-0.021218697753025,-3.1000655483717,3.3829936403108,0
5453,0.0028172602557303,0.00057658389899149,-3.0970541672757,9.6608667678589,0
4257,-0.0075666084859493,-0.026884053552543,-3.0964942535175,5.5215177992358,0
2911,-0.020688590278642,-0.015010052178852,-3.095827089831,1.9660785218549,0
2895,-0.0233538843764,-0.021752153776868,-3.0902167236446,3.5118041056255,0
4386,0.012143143316333,-0.023757988749933,-3.0893597902542,6.5058549549301,0
2912,-0.02075671795254,-0.015717904319954,-3.0863238379013,2.0948889871686,0
4214,-0.012116431375923,-0.026749160385953,-3.0819687767933,5.2178840488832,0
2896,-0.023142708921298,-0.022276555101517,-3.0803678989174,3.6406145709401,0
4562,0.024012877025018,-0.0024295245136022,-3.0803183215286,8.4042855547679,0
2913,-0.020959386659102,-0.016395083110562,-3.0768205859717,2.2236994524824,0
4129,-0.017564800228124,-0.0258419684904,-3.0762598875844,4.7406074322107,0
4607,0.012624308492433,0.00071243966963638,-3.0761327554045,9.020245115856,0
4473,0.026327804645112,-0.015428536019976,-3.0747992254069,7.3229605210895,0
2897,-0.022846712741459,-0.022791760734429,-3.0705190741903,3.7694250362548,0
4429,0.019072357046199,-0.020832488784111,-3.0689575555119,6.8561741129669,0
4517,0.028946433818173,-0.0091574983565704,-3.0678027415281,7.8026210668708,0
2914,-0.021216635399301,-0.017048846975671,-3.0673173340421,2.3525099177962,0
5452,0.0039008900295554,0.00069952286646734,-3.0652145700664,9.56604985158,0
4299,-0.003574421924903,-0.026941897622944,-3.0613393227402,5.7393491483724,0
2898,-0.022459600051002,-0.023297383790448,-3.0606702494631,3.8982355015695,0
4342,0.0028167261343907,-0.026195834958546,-3.0604382738482,6.0655684939049,0
4171,-0.015528364664317,-0.02636604641825,-3.0595935413441,4.9276036763618,0
2915,-0.021485462638175,-0.017683480221982,-3.0578140821125,2.48132038311,0
4256,-0.0089037309829031,-0.02708513946914,-3.0537083161883,5.4252204583479,0
252,-1.1769266139321,0.0015195641874579,-3.0519341527837,0.062500002000119,0
253,-1.0596204189355,0.0038727054676676,-3.0519341527837,0.18750000600041,0
254,-0.88296537215492,0.0049629997735407,-3.0519341527837,0.31250001000044,0
255,-0.6892645440732,0.004849140688073,-3.0519341527837,0.43750001400015,0
1060,-0.50390314198246,0.0036792446784701,-3.0519341527837,0.56250001800003,0
1063,-0.13053949035609,-0.004004336140767,-3.0519341527837,0.93750003000006,0
1061,-0.34300708656732,0.0016420361415336,-3.0519341527837,0.68750002200011,0
1062,-0.21502787260774,-0.0011106112345901,-3.0519341527837,0.81250002600014,0
2899,-0.021974972118996,-0.023792633857279,-3.050821424736,4.0270459668842,0
4385,0.0098699368129034,-0.024600565988613,-3.050667584528,6.4031975552476,0
2916,-0.021741450190584,-0.018301663168319,-3.0483108301828,2.6101308484237,0
4561,0.025283946602636,-0.0035427079408847,-3.0476015247175,8.2942104100147,0
2932,-0.078889530645122,-0.0065884611170343,-3.0473553132176,1.0644052646571,0
4606,0.014687359008874,0.00037967532625547,-3.0449926234539,8.908509620791,0
2900,-0.021386465335359,-0.024276101560258,-3.0409726000089,4.1558564321988,0
4472,0.024645937686369,-0.016892449861801,-3.0390255855057,7.2164402285286,0
2917,-0.021969432220269,-0.018905224508236,-3.0388075782532,2.7389413137377,0
2933,-0.04954564068849,-0.0087476792938286,-3.0381976340854,1.1932157299713,0
4213,-0.013063081298854,-0.026849156224012,-3.037899601453,5.1238546661012,0
5447,9.0118148114717e-05,3.2514979503036e-05,-3.0357591509216,10.106004823712,0
4516,0.028446212031243,-0.010702367839618,-3.0335409577386,7.6942845242916,0
5451,0.0051243513547083,0.00079304125425324,-3.0333749728571,9.4712329353017,0
4428,0.016847806554372,-0.021968236958644,-3.0317066318192,6.7515470872843,0
2901,-0.020688205792287,-0.024746550366643,-3.0311237752817,4.2846668975135,0
4128,-0.018043869527791,-0.025928704504235,-3.0297544381707,4.6513311846036,0
2918,-0.02215882638784,-0.019495528183168,-3.0293043263235,2.8677517790521,0
2934,-0.033880063936679,-0.010449109216332,-3.0290399549531,1.3220261952853,0
2902,-0.019873997347457,-0.025205713663694,-3.0212749505546,4.4134773628281,0
4341,0.00084546963348608,-0.026680511994629,-3.0203422047901,5.96495639507,0
2935,-0.025829847635922,-0.011797249574894,-3.0198822758209,1.4508366605993,0
4298,-0.0051794763191455,-0.027228567988757,-3.0198782129975,5.6408573146705,0
2919,-0.022301326453759,-0.020073656096663,-3.0198010743938,2.9965622443668,0
4560,0.026240093322875,-0.0047759849416362,-3.0148847279064,8.1841352652615,0
4170,-0.016143414942101,-0.026400105327219,-3.0142840796094,4.8359149290584,0
4605,0.016700025916178,-9.6744434367548e-05,-3.0138524915032,8.7967741257259,0
4384,0.0076584084537538,-0.02534405752228,-3.0119753788016,6.3005401555647,0
2903,-0.018931278209413,-0.025654969494126,-3.0114261258274,4.5422878281427,0
4255,-0.010108543573882,-0.027234600468415,-3.010922378859,5.3289231174599,0
2936,-0.021872158869266,-0.012899494642764,-3.0107245966887,1.5796471259133,0
2920,-0.022389770491499,-0.020640482671008,-3.0102978224641,3.1253727096816,0
5446,0.00044124707420069,0.00012833774245157,-3.0057866472767,10.010578996823,0
4471,0.022808574121956,-0.018286431936519,-3.0032519456047,7.109919935968,0
2937,-0.020061157689552,-0.013839673153006,-3.0015669175565,1.7084575912273,0
5450,0.0064706044766964,0.00084434643701775,-3.0015353756481,9.3764160190237,0
2921,-0.022417584602129,-0.021196694702165,-3.0007945705344,3.2541831749962,0
4515,0.027644615006829,-0.012251156667614,-2.9992791739491,7.5859479817125,0
4427,0.014615339282578,-0.023005809289428,-2.9944557081268,6.6469200616021,0
4212,-0.013893383211477,-0.026910263543213,-2.9938304261127,5.0298252833192,0
2938,-0.019354287912631,-0.014675429738019,-2.9924092384243,1.8372680565412,0
2922,-0.022378504077781,-0.021742784402741,-2.9912913186047,3.3829936403109,0
2939,-0.019203929124155,-0.015443267701568,-2.9832515592921,1.9660785218549,0
4604,0.018602872109234,-0.0007217773162033,-2.9827123595526,8.685038630661,0
4559,0.026866017658419,-0.0061093391940003,-2.9821679310952,8.0740601205083,0
2923,-0.022266427449661,-0.022279029574777,-2.981788066675,3.5118041056255,0
4340,-0.0010029387400302,-0.027085642518147,-2.9802461357322,5.8643442962352,0
4297,-0.0066496656741841,-0.027453163549005,-2.9784171032548,5.5423654809686,0
5445,0.00095478164653516,0.00024655225738863,-2.9758141436318,9.9151531699342,0
2940,-0.019325876762226,-0.01616507933504,-2.9740938801599,2.0948889871686,0
4383,0.0055285112665001,-0.025993201675759,-2.9732831730751,6.1978827558819,0
2924,-0.022075335472845,-0.02280546912579,-2.9722848147453,3.6406145709401,0
5449,0.0079176376082049,0.00084091304354525,-2.9696957784391,9.2815991027457,0
4169,-0.016670179326689,-0.026412779592792,-2.9689746178747,4.744226181755,0
4254,-0.011185426574834,-0.027337300339041,-2.9681364415298,5.2326257765719,0
4470,0.020853311475343,-0.01960039467494,-2.9674783057037,7.0033996434071,0
4514,0.026573222513791,-0.013783093950944,-2.9650173901596,7.4776114391332,0
2941,-0.01957315043271,-0.016853662381971,-2.9649362010277,2.2236994524824,0
2925,-0.021799239326031,-0.023321878421223,-2.9627815628156,3.7694250362548,0
4426,0.012400192252461,-0.023944364079071,-2.9572047844344,6.5422930359202,0
2942,-0.019869089116189,-0.017516530160978,-2.9557785218956,2.3525099177962,0
2926,-0.021432128535193,-0.023827730472838,-2.9532783108859,3.8982355015695,0
4603,0.020340849869536,-0.0014960539787416,-2.9515722276021,8.5733031355964,0
4211,-0.014615178636097,-0.026935495883296,-2.9497612507724,4.9357959005371,0
4558,0.027157774792709,-0.0075207345837584,-2.9494511342841,7.9639849757551,0
2943,-0.020172576215849,-0.018158255123436,-2.9466208427634,2.48132038311,0
5444,0.0016234146572388,0.00037623970294854,-2.9458416399868,9.8197273430454,0
2927,-0.020967928748857,-0.024322098411316,-2.9437750589562,4.0270459668842,0
4339,-0.0027238859489001,-0.02741680216573,-2.9401500666742,5.7637321974004,0
5448,0.009439388233253,0.00077114300629644,-2.9378561812299,9.1867821864674,0
2944,-0.020460257920813,-0.018781812986337,-2.9374631636312,2.6101308484238,0
4296,-0.0079866530240888,-0.027621092845308,-2.9369559935121,5.4438736472667,0
256,-1.1819671481346,0.0015383530541909,-2.9367668262641,0.062500002000119,0
257,-1.0634065222246,0.0039428262563523,-2.9367668262641,0.18750000600041,0
258,-0.88514507776829,0.005062370024054,-2.9367668262641,0.31250001000044,0
1064,-0.50311695689824,0.0037476735087095,-2.9367668262641,0.56250001800003,0
1065,-0.34104718522487,0.0016527206298776,-2.9367668262641,0.68750002200009,0
1067,-0.12751870257835,-0.0041553749354365,-2.9367668262641,0.93750003000005,0
259,-0.68988822184421,0.0049463107436695,-2.9367668262641,0.43750001400015,0
1066,-0.21220593119397,-0.001179817684267,-2.9367668262641,0.81250002600011,0
4382,0.0034941684285238,-0.0265517211527,-2.9345909673487,6.095225356199,0
2928,-0.020400632389173,-0.024803549945753,-2.9342718070265,4.1558564321988,0
2960,-0.076020791060396,-0.0068153845585243,-2.9323607730967,1.0644052646571,0
4469,0.018815675817588,-0.020826717963698,-2.9317046658026,6.8968793508461,0
4513,0.025266730838202,-0.015279742646903,-2.93075560637,7.3692748965539,0
2945,-0.020717587112615,-0.019389309561868,-2.928305484499,2.7389413137377,0
4253,-0.012139598829662,-0.027397900890029,-2.9253505042006,5.1363284356839,0
2929,-0.019724680675223,-0.025270511893224,-2.9247685550968,4.2846668975135,0
4168,-0.017150239480692,-0.026446346339775,-2.9236651561399,4.6525374344517,0
2961,-0.046981043121661,-0.0090356991690151,-2.9235486667619,1.1932157299713,0
4602,0.021865561040551,-0.0024144379449703,-2.9204320956515,8.4615676405314,0
4425,0.010222690061813,-0.02478436523047,-2.9199538607422,6.4376660102382,0
2946,-0.020934373863932,-0.019982349539761,-2.9191478053668,2.8677517790521,0
4557,0.027121617733323,-0.0089872196535141,-2.916734337473,7.853909831002,0
5443,0.0024405943635634,0.00050612504854007,-2.9158691363418,9.7243015161566,0
2930,-0.01893421336246,-0.025722475654394,-2.9152653031671,4.4134773628281,0
2962,-0.031622426660427,-0.010782962509303,-2.9147365604272,1.3220261952853,0
2947,-0.021102599035855,-0.020562209043808,-2.9099901262345,2.9965622443669,0
4647,0.011166062126637,0.00061123662196647,-2.907169756032,9.082715219984,0
2963,-0.02382223026116,-0.012165246846872,-2.9059244540924,1.4508366605993,0
2931,-0.018018049196816,-0.026158409241583,-2.9057620512374,4.5422878281427,0
4210,-0.015237393806216,-0.026927613647351,-2.9056920754321,4.841766517755,0
2948,-0.021215346008394,-0.02112990604312,-2.9008324471022,3.1253727096816,0
4338,-0.0043148968791622,-0.027679693947335,-2.9000539976162,5.6631200985656,0
2964,-0.020049749067596,-0.013293673841115,-2.8971123477576,1.5796471259133,0
4512,0.023761414064732,-0.016725214219801,-2.8964938225805,7.2609383539749,0
4468,0.016728434645494,-0.021960086678619,-2.8959310259015,6.7903590582853,0
4381,0.001566374124403,-0.027024313977286,-2.8958987616223,5.9925679565163,0
4295,-0.0091932791725448,-0.02773763245305,-2.8954948837693,5.3453818135647,0
2949,-0.021266276440756,-0.02168621984803,-2.89167476797,3.2541831749963,0
4601,0.023137520641493,-0.003466546129998,-2.8892919637008,8.3498321454663,0
2965,-0.018371411262603,-0.01425456521928,-2.8883002414228,1.7084575912273,0
5442,0.0033963660718888,0.00062421468849295,-2.8858966326968,9.6288756892678,0
4556,0.026772483070784,-0.010485927742587,-2.8840175406619,7.7438346862489,0
4424,0.0080972289068438,-0.025526371871712,-2.8827029370498,6.3330389845559,0
4252,-0.01297722943283,-0.027420648478831,-2.8825645668715,5.040031094796,0
2950,-0.021249367333085,-0.022231685992718,-2.8825170888377,3.3829936403109,0
2966,-0.017760395193141,-0.015106875154714,-2.8794881350881,1.8372680565411,0
4646,0.013064736379154,0.00031015016092106,-2.8776365028454,8.9693982032956,0
2951,-0.021158773262556,-0.022766579383981,-2.8733594097055,3.5118041056255,0
2967,-0.017681999332911,-0.015887740218593,-2.8706760287533,1.9660785218549,0
2952,-0.020988750027503,-0.023290891312917,-2.8642017305732,3.6406145709401,0
4511,0.022093806976625,-0.018106221294603,-2.862232038791,7.152601811396,0
2968,-0.01786090415856,-0.016619429981098,-2.8618639224186,2.0948889871686,0
4209,-0.015770396852079,-0.026899399468592,-2.8616229000918,4.747737134973,0
4467,0.014621065954489,-0.022997310937526,-2.8601573860006,6.683838765725,0
4337,-0.0057753157049247,-0.027880045847146,-2.8599579285583,5.5625079997309,0
4600,0.024127575360175,-0.0046377151596415,-2.8581518317501,8.2380966504011,0
4380,-0.00024668392126781,-0.027416343305136,-2.8572065558959,5.8899105568337,0
5441,0.0044794146524217,0.0007184703626212,-2.8559241290519,9.5334498623795,0
2953,-0.020733606372591,-0.023804300098107,-2.855044051441,3.7694250362548,0
4294,-0.010273365423835,-0.027807862975869,-2.8540337740265,5.2468899798628,0
2969,-0.018155672903273,-0.017315080478178,-2.8530518160838,2.2236994524824,0
4555,0.026132299196124,-0.011994908598148,-2.8513007438509,7.6337595414957,0
4645,0.014934280850594,-0.00012546270644032,-2.8481032496588,8.8560811866069,0
5437,7.641939563971e-05,2.6055197008321e-05,-2.8459052842671,10.16833077544,0
2954,-0.020387658213693,-0.024306131903608,-2.8458863723087,3.8982355015695,0
4423,0.006041511084298,-0.026172972595933,-2.8454520133573,6.2284119588736,0
2970,-0.018492908684502,-0.017982565081626,-2.8442397097491,2.3525099177962,0
4251,-0.013705701368549,-0.027408761141695,-2.8397786295422,4.943733753908,0
2955,-0.019945197399002,-0.024795320089545,-2.8367286931764,4.0270459668842,0
2971,-0.018833360759476,-0.018626829427712,-2.8354276034143,2.48132038311,0
4510,0.020299793033151,-0.019411980454363,-2.8279702550016,7.0442652688169,0
2956,-0.019400613609895,-0.025270387934702,-2.8275710140442,4.1558564321988,0
4599,0.024817397877353,-0.0059100077837319,-2.8270116997994,8.1263611553359,0
2972,-0.019154745320184,-0.019251208553681,-2.8266154970796,2.6101308484238,0
5440,0.0056753722924449,0.00077672837598759,-2.8259516254073,9.4380240354916,0
4466,0.01251940793951,-0.023937045308844,-2.8243837460998,6.577318473165,0
261,-1.0672712791243,0.0040233998871714,-2.8215994997445,0.18750000600041,0
260,-1.1871020431219,0.00155865679794,-2.8215994997445,0.062500002000119,0
262,-0.88737296968205,0.0051795871478076,-2.8215994997445,0.31250001000044,0
1068,-0.50230297792949,0.0038306054047402,-2.8215994997445,0.56250001800002,0
1069,-0.33902328238107,0.0016676440365511,-2.8215994997445,0.68750002200006,0
1071,-0.1244033457068,-0.0043214844426378,-2.8215994997445,0.93750003000004,0
263,-0.69052319684491,0.0050624285445066,-2.8215994997445,0.43750001400015,0
1070,-0.20929542315272,-0.001255933900626,-2.8215994997445,0.81250002600009,0
4336,-0.0071060095011938,-0.028023511461753,-2.8198618595003,5.4618959008961,0
4554,0.025228267359568,-0.013493769932351,-2.8185839470398,7.5236843967425,0
4644,0.016720325394216,-0.00070183280051426,-2.8185699964723,8.7427641699186,0
4379,-0.0019393375800742,-0.027733513106318,-2.8185143501695,5.787253157151,0
2957,-0.018748711292905,-0.025729422120329,-2.8184133349119,4.2846668975135,0
5436,0.00038373148455513,0.00011153220578229,-2.817811480698,10.072332715794,0
2973,-0.019443160085305,-0.01985812934299,-2.8178033907448,2.7389413137377,0
4208,-0.016250989595304,-0.026885727554732,-2.8175537247515,4.653707752191,0
2988,-0.073062998849056,-0.0070638604413725,-2.8173662329759,1.0644052646571,0
4293,-0.01123161072431,-0.027836613770531,-2.8125726642838,5.1483981461608,0
2958,-0.017984032349225,-0.026169951911427,-2.8092556557797,4.4134773628281,0
2974,-0.01968884681047,-0.020449463712744,-2.80899128441,2.8677517790522,0
2989,-0.044339681049609,-0.0093492930384023,-2.8088996994385,1.1932157299713,0
4422,0.0040705325642667,-0.026728412602303,-2.8082010896648,6.1237849331913,0
2990,-0.029300243513717,-0.011143831775937,-2.8004331659012,1.3220261952853,0
2975,-0.019884119344661,-0.021026694052086,-2.8001791780752,2.9965622443669,0
2959,-0.01709675534743,-0.026589049640412,-2.8000979766474,4.5422878281427,0
4250,-0.01433354790803,-0.02736526720535,-2.796992692213,4.8474364130199,0
5439,0.0069657787356735,0.00078705282162288,-2.7959791217626,9.3425982086037,0
4598,0.025199221809893,-0.0072632390190199,-2.7958715678488,8.0146256602707,0
4509,0.018413638650226,-0.020634197845497,-2.7937084712121,6.9359287262377,0
2991,-0.02175955310623,-0.012559698636653,-2.7919666323638,1.4508366605993,0
2976,-0.020022354267989,-0.021590982572727,-2.7913670717404,3.1253727096816,0
5435,0.00083692089084571,0.00022274798102591,-2.7897176771288,9.9763346561482,0
4643,0.01837141894335,-0.0014210458539663,-2.7890367432858,8.6294471532304,0
4465,0.010445015181415,-0.02477942331867,-2.788610106199,6.4707981806049,0
4553,0.024091215974538,-0.014964120836396,-2.7858671502286,7.4136092519893,0
2992,-0.018179220476199,-0.013712309700508,-2.7835000988265,1.5796471259133,0
2977,-0.020097495929775,-0.022143193367552,-2.7825549654056,3.2541831749963,0
4378,-0.0035081197479983,-0.027981686577741,-2.7798221444432,5.6845957574683,0
4335,-0.0083091050418943,-0.028115580629241,-2.7797657904423,5.3612838020613,0
2993,-0.016638894764527,-0.014690889374991,-2.7750335652892,1.7084575912273,0
2978,-0.020103808036009,-0.022683891832338,-2.7737428590707,3.3829936403109,0
4292,-0.012073670356284,-0.027828267001074,-2.7711115545411,5.0499063124589,0
4421,0.0021963524163754,-0.027197302409354,-2.7709501659724,6.019157907509,0
2994,-0.016128239069826,-0.015555975522642,-2.7665670317518,1.8372680565411,0
5438,0.0083287338403206,0.00073831083619967,-2.7660066181178,9.2471723817155,0
2979,-0.020035743637802,-0.023213333222238,-2.7649307527359,3.5118041056255,0
4597,0.025275009163992,-0.0086760014735424,-2.7647314358981,7.9028901652056,0
5434,0.0014286754468441,0.00034940232921972,-2.7616238735596,9.8803365965023,0
4642,0.019841212257343,-0.0022796950429022,-2.7595034900993,8.516130136542,0
4508,0.016467236310052,-0.021766967457587,-2.7594466874226,6.8275921836587,0
2995,-0.01612583529681,-0.01634553925789,-2.7581004982145,1.9660785218549,0
2980,-0.019887873613892,-0.023731443514751,-2.7561186464011,3.6406145709402,0
4249,-0.014871356413207,-0.027302120227293,-2.7542067548838,4.751139072132,0
4552,0.022754122606736,-0.016389823598862,-2.7531503534175,7.3035341072364,0
4464,0.0084140660852857,-0.025525374453007,-2.7528364662982,6.3642778880445,0
2996,-0.016365353000983,-0.017082398587825,-2.7496339646772,2.0948889871686,0
2981,-0.019654842544317,-0.024237788643068,-2.7473065400663,3.7694250362548,0
2997,-0.016710897214852,-0.017780179181289,-2.7411674311399,2.2236994524824,0
4377,-0.0049514542166495,-0.028166759298246,-2.7411299387168,5.5819383577857,0
4334,-0.0093877749481655,-0.028161510434032,-2.7396697213843,5.2606717032265,0
2982,-0.019331329845865,-0.024731539075044,-2.7384944337315,3.8982355015695,0
4687,0.0098884994223154,0.00060670370451243,-2.7370715488038,9.1420498881778,0
4420,0.00042817447401491,-0.027584890444117,-2.73369924228,5.9145308818269,0
4596,0.025055226583768,-0.010126621763449,-2.7335913039475,7.7911546701405,0
5433,0.0021525821219368,0.00048059215846174,-2.7335300699904,9.7843385368565,0
2998,-0.017092317691313,-0.018447241978111,-2.7327008976026,2.3525099177962,0
4641,0.021090738040357,-0.0032693313343259,-2.7299702369127,8.4028131198533,0
2983,-0.018912028916886,-0.025211482242262,-2.7296823273966,4.0270459668842,0
4291,-0.012806395096669,-0.027786233418435,-2.7296504447983,4.9514144787569,0
4507,0.014489743106033,-0.02280650757298,-2.7251849036332,6.7192556410802,0
2999,-0.017472231532998,-0.019089005832965,-2.7242343640653,2.48132038311,0
2984,-0.018391759619349,-0.025676074691991,-2.7208702210618,4.1558564321988,0
4551,0.021250960209895,-0.017757059109392,-2.7204335566065,7.1934589624835,0
4463,0.0064415468217512,-0.026175978550886,-2.7170628263972,6.2577575954841,0
3000,-0.017829451852786,-0.0197092375556,-2.7157678305279,2.6101308484238,0
2985,-0.017765727943795,-0.026123064243428,-2.712058114727,4.2846668975135,0
4248,-0.015351607385075,-0.02724750361229,-2.7114208175546,4.654841731244,0
4686,0.01162279105428,0.00034266740383566,-2.7091739138207,9.0272307279908,0
3001,-0.018150766881329,-0.02031073268049,-2.7073012969906,2.7389413137378,0
264,-1.1923451784581,0.0015808711258779,-2.7064321732249,0.062500002000119,0
265,-1.0712289545214,0.004116836398985,-2.7064321732249,0.18750000600041,0
266,-0.88965940957752,0.0053189781188957,-2.7064321732249,0.31250001000044,0
267,-0.69117284549012,0.0052022169248464,-2.7064321732249,0.43750001400015,0
1072,-0.50145720864743,0.0039315096733737,-2.7064321732249,0.56250001800001,0
1073,-0.33692533042811,0.0016873677771724,-2.7064321732249,0.68750002200004,0
1074,-0.20628596091774,-0.0013411601564288,-2.7064321732249,0.81250002600007,0
1075,-0.12118396976927,-0.0045063765019669,-2.7064321732249,0.93750003000004,0
5432,0.0029998023105368,0.00060469643732655,-2.7054362664212,9.6883404772106,0
2986,-0.017028929525664,-0.026548282061908,-2.7032460083922,4.4134773628281,0
4595,0.02455739292653,-0.011593981196881,-2.7024511719969,7.6794191750753,0
4376,-0.0062693616565185,-0.028294546331193,-2.7024377329905,5.4792809581031,0
3016,-0.070008512689329,-0.0073387566803398,-2.7023716928549,1.0644052646571,0
4640,0.022089959786006,-0.0043772890293044,-2.700436983726,8.2894961031646,0
4333,-0.010346114721347,-0.028166265964356,-2.6995736523263,5.1600596043916,0
3002,-0.018426906155251,-0.020895657118044,-2.6988347634532,2.8677517790522,0
4419,-0.0012273474390828,-0.027896867492571,-2.6964483185876,5.8099038561448,0
2987,-0.016172866078736,-0.02694733965419,-2.6944339020574,4.5422878281427,0
3017,-0.041616478170312,-0.0096938756655801,-2.694250732115,1.1932157299712,0
4506,0.012507129080455,-0.023750913794545,-2.690923119844,6.610919098502,0
3003,-0.018650576206785,-0.021465709781288,-2.6903682299159,2.9965622443669,0
4290,-0.013437852521304,-0.027713780467156,-2.6881893350555,4.8529226450549,0
4550,0.019615478104023,-0.019054496665218,-2.6877167597954,7.0833838177305,0
3018,-0.026910855612709,-0.011537140983435,-2.6861297713751,1.3220261952853,0
3004,-0.018815505574651,-0.022022194872071,-2.6819016963785,3.1253727096816,0
4462,0.0045432122525845,-0.026735448249632,-2.6812891864963,6.1512373029237,0
4685,0.013343971027811,-4.8199266147715e-05,-2.6812762788376,8.9124115678036,0
3019,-0.019641075408975,-0.012985698151006,-2.6780088106352,1.4508366605993,0
5431,0.0039605324363904,0.00070997523795713,-2.677342462852,9.5923424175653,0
3005,-0.018915976551931,-0.022566050027912,-2.6734351628411,3.2541831749963,0
4594,0.0238045286493,-0.013058156885371,-2.6713110400462,7.5676836800101,0
4639,0.022818495367877,-0.0055875577817972,-2.6709037305395,8.1761790864759,0
3020,-0.016261299182189,-0.014159961608672,-2.6698878498953,1.5796471259133,0
3006,-0.018946590120771,-0.023097853352862,-2.6649686293037,3.3829936403109,0
4375,-0.0074631920116926,-0.028370682939768,-2.663745527264,5.3766235584203,0
3021,-0.014865482735834,-0.015152546182418,-2.6617668891554,1.7084575912272,0
4332,-0.011189190760972,-0.028134339586264,-2.6594775832683,5.0594475055569,0
4418,-0.0027657904767764,-0.028139142897708,-2.6591973948952,5.7052768304627,0
4505,0.010541670446769,-0.024599828117496,-2.6566613360548,6.5025825559236,0
3007,-0.018902143397929,-0.023617820034807,-2.6565020957663,3.5118041056255,0
4549,0.017880195179693,-0.020273302331934,-2.6549999629843,6.9733086729773,0
5427,7.2291303028646e-05,2.3087370600294e-05,-2.6549175430249,10.227090428839,0
3022,-0.014460610671217,-0.016025896882295,-2.6536459284155,1.8372680565411,0
4684,0.015003060267149,-0.00057324534660566,-2.6533786438545,8.7975924076166,0
5430,0.0050225775263009,0.00078453505679526,-2.6492486592831,9.4963443579203,0
3008,-0.018777563215526,-0.024125789565942,-2.648035562229,3.6406145709402,0
4289,-0.013978613528855,-0.027621924638081,-2.6467282253128,4.7544308113529,0
3023,-0.014538948696908,-0.016819063118889,-2.6455249676757,1.9660785218548,0
4461,0.0027317939596376,-0.027208243067634,-2.6455155465954,6.0447170103634,0
4638,0.02326563196533,-0.0068817040013372,-2.6413704773529,8.0628620697872,0
4593,0.022823688647325,-0.014500855437316,-2.6401709080955,7.4559481849449,0
3009,-0.018567866774867,-0.024621196862436,-2.6395690286916,3.7694250362548,0
3024,-0.014843277138624,-0.017555623962966,-2.6374040069358,2.0948889871686,0
3010,-0.018268130234103,-0.025103044256313,-2.6311024951542,3.8982355015695,0
3025,-0.015243260911999,-0.018249881875799,-2.6292830461959,2.2236994524824,0
5426,0.000356226623317,0.00010717922125774,-2.6287133271425,10.13055703482,0
4683,0.016552783585173,-0.0012358022716868,-2.6254810088715,8.6827732474299,0
4374,-0.0085354017453676,-0.028400548019192,-2.6250533215376,5.2739661587377,0
3011,-0.017873477724006,-0.025569962902817,-2.6226359616168,4.0270459668842,0
4504,0.008611306815241,-0.025353944493657,-2.6223995522655,6.394246013345,0
4548,0.016075872438643,-0.021406954062863,-2.6222831661733,6.8632335282243,0
4417,-0.0041846630439385,-0.028317679768133,-2.6219464712028,5.6006498047806,0
3026,-0.015672004575083,-0.018910838830698,-2.621162085456,2.3525099177962,0
5429,0.006170472318368,0.00081671370057907,-2.6211548557142,9.4003462982754,0
4331,-0.011923253937713,-0.028069312794106,-2.6193815142103,4.958835406722,0
3012,-0.017379184451787,-0.026020318412092,-2.6141694280794,4.1558564321988,0
3027,-0.016094023444537,-0.019544502599703,-2.6130411247162,2.48132038311,0
4637,0.023429783749009,-0.0082398211553087,-2.6118372241663,7.9495450530986,0
4460,0.0010173123559668,-0.027599361926574,-2.6097419066945,5.9381967178032,0
4592,0.021644663970477,-0.015905672379254,-2.6090307761448,7.34421268988,0
3013,-0.016780887338698,-0.026451523425706,-2.605702894542,4.2846668975134,0
4288,-0.014457228188964,-0.027532833693698,-2.60526711557,4.655938977651,0
3028,-0.016489281815704,-0.020155151519707,-2.6049201639763,2.6101308484238,0
5425,0.00076975095635628,0.00022183543962411,-2.6025091112602,10.0340236408,0
4682,0.017949606012234,-0.0020339482572718,-2.5975833738884,8.5679540872429,0
3014,-0.01607407437407,-0.026857955357686,-2.5972363610047,4.4134773628281,0
3029,-0.016845328109515,-0.020745998850638,-2.5967992032364,2.7389413137378,0
5428,0.0073859328445659,0.00079561977543209,-2.5930610521452,9.3043482386301,0
270,-0.89201737167492,0.0054859451860413,-2.5912648467052,0.31250001000044,0
268,-1.1977136931464,0.0016055289536662,-2.5912648467052,0.062500002000119,0
269,-1.0752972939837,0.0042261106877002,-2.5912648467052,0.18750000600041,0
271,-0.69184132749265,0.0053716450019365,-2.5912648467052,0.43750001400015,0
1076,-0.50057446368634,0.0040547182953176,-2.5912648467052,0.562500018,0
1077,-0.3347403566092,0.0017124897916025,-2.5912648467052,0.68750002200002,0
1078,-0.2031649340702,-0.0014384227643142,-2.5912648467052,0.81250002600004,0
1079,-0.11784915595969,-0.0047148228967065,-2.5912648467052,0.93750003000003,0
4547,0.014230960662009,-0.022451056260432,-2.5895663693623,6.7531583834719,0
3015,-0.01525151988042,-0.027234126120416,-2.5887698274673,4.5422878281427,0
3030,-0.017153455574173,-0.021319529185942,-2.5886782424965,2.8677517790522,0
4503,0.006729459476165,-0.026014901264632,-2.5881377684761,6.2859094707664,0
3044,-0.066848273204092,-0.0076462603251332,-2.587377152734,1.0644052646571,0
4373,-0.0094894153317783,-0.028389197487089,-2.5863611158112,5.1713087590549,0
4416,-0.0054831201340483,-0.028438365228733,-2.5846955475104,5.4960227790985,0
4636,0.023317536734357,-0.0096414379204195,-2.5823039709797,7.83622803641,0
3031,-0.017406838836894,-0.021877664198381,-2.5805572817565,2.9965622443669,0
3045,-0.038805573503931,-0.010076226235407,-2.5796017647915,1.1932157299712,0
4330,-0.012555835620732,-0.027974657734399,-2.5792854451523,4.8582233078871,0
4591,0.02029856654922,-0.01725847344557,-2.5778906441943,7.2324771948152,0
5424,0.001304848548102,0.0003568288137464,-2.5763048953778,9.9374902467809,0
4459,-0.00059271576382251,-0.027914329400583,-2.5739682667936,5.8316764252429,0
3032,-0.017599629170382,-0.022421842909731,-2.5724363210166,3.1253727096817,0
3046,-0.024451318351521,-0.011969573565007,-2.571826376849,1.3220261952853,0
4681,0.019155955160292,-0.0029609216205031,-2.5696857389052,8.4531349270556,0
4727,0.0087858357566123,0.00069822942448572,-2.5658967694658,9.1982285069573,0
3033,-0.017726510850299,-0.022953060069065,-2.5643153602766,3.2541831749963,0
3047,-0.017466102956182,-0.013449430787129,-2.5640509889066,1.4508366605993,0
4546,0.012371148489016,-0.023403120618212,-2.5568495725515,6.6430832387198,0
3048,-0.014296978230923,-0.014642095423614,-2.5562756009641,1.5796471259133,0
3034,-0.01778247864349,-0.023471884185598,-2.5561943995367,3.3829936403109,0
4502,0.0049117116263123,-0.02658479442384,-2.5538759846868,6.1775729281878,0
4635,0.02294241149645,-0.011066294266071,-2.5527707177932,7.7229110197214,0
5423,0.0019548593160214,0.00050110214050527,-2.5501006794953,9.8409568527613,0
3049,-0.013053472835731,-0.015644150292965,-2.5485002130217,1.7084575912272,0
3035,-0.017762722686865,-0.023978465008638,-2.5480734387968,3.5118041056255,0
4372,-0.010329647848036,-0.028341197799258,-2.5476689100849,5.0686513593723,0
4415,-0.0066616991530473,-0.028506902467035,-2.547444623818,5.3913957534163,0
4590,0.018816630878762,-0.018547548889475,-2.5467505122437,7.1207416997501,0
4680,0.020141832168653,-0.0040058314909599,-2.5417881039221,8.3383157668684,0
3050,-0.012760832412536,-0.016520325032431,-2.5407248250792,1.8372680565411,0
3036,-0.017662567598937,-0.024472529674861,-2.5399524780568,3.6406145709402,0
4726,0.01035702680755,0.00047605452570209,-2.5396620076763,9.0819871032568,0
4329,-0.013097286493981,-0.027860380371633,-2.5391893760943,4.7576112090522,0
4458,-0.0020929881934307,-0.028158967900662,-2.5381946268928,5.7251561326827,0
3051,-0.012925443298193,-0.017311042531386,-2.5329494371368,1.9660785218548,0
3037,-0.017477438627208,-0.024953358912167,-2.5318315173169,3.7694250362548,0
3052,-0.013299338399564,-0.01804090836689,-2.5251740491944,2.0948889871686,0
4545,0.010518930261889,-0.024262271331506,-2.5241327757407,6.5330080939675,0
5422,0.0027116425909537,0.00064284184943089,-2.5238964636129,9.7444234587418,0
3038,-0.017202838238813,-0.025419769612906,-2.5237105565769,3.8982355015695,0
4634,0.022323610292632,-0.01249490453497,-2.5232374646066,7.6095940030327,0
4501,0.00317110513719,-0.027068261381128,-2.5196142008974,6.0692363856092,0
3053,-0.013757788876977,-0.018725132984368,-2.5173986612519,2.2236994524824,0
4589,0.017229492338963,-0.019763527018077,-2.515610380293,7.0090062046849,0
3039,-0.016834344657455,-0.025870221056069,-2.515589595837,4.0270459668842,0
4679,0.020885701221554,-0.0051544141969732,-2.5138904689389,8.2234966066811,0
4725,0.011926373261992,0.00013299415193255,-2.5134272458868,8.9657456995562,0
4414,-0.0077220949476166,-0.028528725569859,-2.5101937001256,5.2867687277342,0
3054,-0.014237198624585,-0.019373541758838,-2.5096232733095,2.3525099177962,0
4371,-0.011061693069206,-0.028260270304123,-2.5089767043585,4.9659939596895,0
3040,-0.016367706325741,-0.026302960967343,-2.5074686350971,4.1558564321988,0
4457,-0.003480138106255,-0.028339192675275,-2.5024209869919,5.6186358401225,0
3055,-0.01470404973077,-0.019992861614825,-2.5018478853671,2.48132038311,0
3041,-0.015799012048041,-0.026715070881073,-2.4993476743571,4.2846668975134,0
4328,-0.013572563809263,-0.027743266329348,-2.4990933070363,4.6569991102174,0
5421,0.0035666290799477,0.00077012279769318,-2.4976922477306,9.6478900647227,0
3056,-0.01513954674461,-0.020587966210916,-2.4940724974246,2.6101308484238,0
4633,0.02148470655426,-0.013909020240964,-2.49370421142,7.496276986344,0
4544,0.0086931010202862,-0.025028928723791,-2.4914159789299,6.4229329492149,0
3042,-0.01512426841065,-0.027099695665489,-2.4912267136172,4.4134773628281,0
4724,0.013450513197777,-0.00033920221604746,-2.4871924840973,8.8495042958558,0
3057,-0.015532096977048,-0.021162533218812,-2.4862971094822,2.7389413137378,0
4678,0.021374734512092,-0.0063898623144825,-2.4859928339558,8.1086774464938,0
4500,0.0015182710975623,-0.027470049844201,-2.4853524171082,5.9608998430308,0
4588,0.015566460339959,-0.020899281793807,-2.4844702483424,6.89727070962,0
3043,-0.014337458501252,-0.02745054042655,-2.4831057528773,4.5422878281427,0
3058,-0.015873656229809,-0.021719384859612,-2.4785217215397,2.8677517790522,0
272,-1.2032287691036,0.0016333462877963,-2.4760975201855,0.062500002000119,0
273,-1.0794983938968,0.0043548725949927,-2.4760975201855,0.18750000600041,0
274,-0.89446313622778,0.005687209922376,-2.4760975201855,0.31250001000044,0
275,-0.69253380365262,0.0055782452379669,-2.4760975201855,0.43750001400015,0
1080,-0.49964805853781,0.0042056079483905,-2.4760975201855,0.56250001799999,0
1081,-0.33245155962112,0.0017436137207667,-2.4760975201855,0.68750002199999,0
1082,-0.19991697388533,-0.0015516306021746,-2.4760975201855,0.81250002600002,0
1083,-0.11438491553828,-0.0049530263157827,-2.4760975201855,0.93750003000002,0
4413,-0.0086670125244965,-0.028508925536913,-2.4729427764331,5.182141702052,0
3072,-0.063571467300409,-0.0079942962009007,-2.472382612613,1.0644052646571,0
5420,0.0045094595168864,0.00087087634897166,-2.4714880318485,9.5513566707041,0
3059,-0.016157960104447,-0.022260664652332,-2.4707463335972,2.996562244367,0
4370,-0.0116924835264,-0.028150053263846,-2.470284498632,4.8633365600067,0
4456,-0.0047524665668713,-0.028460860555088,-2.4666473470911,5.5121155475623,0
3073,-0.035900218457927,-0.010504891596336,-2.464952797468,1.1932157299712,0
4632,0.02045214773712,-0.015292234244477,-2.4641709582334,7.3829599696555,0
3060,-0.016379666328511,-0.0227879318161,-2.4629709456547,3.1253727096817,0
5417,7.9319104104727e-05,2.3474744441699e-05,-2.4628629118135,10.282263175375,0
4723,0.014886780405705,-0.00094484202920812,-2.4609577223078,8.7332628921557,0
4543,0.0069079994743066,-0.025704875961145,-2.4586991821189,6.3128578044624,0
4677,0.021604522301309,-0.0076937008471609,-2.4580951989727,7.9938582863066,0
3074,-0.021918431739787,-0.012449410346854,-2.457522982323,1.3220261952853,0
3061,-0.016533934443855,-0.023302214566404,-2.4551955577122,3.2541831749963,0
4587,0.013854945869796,-0.021949796495187,-2.4533301163919,6.7855352145556,0
4499,-3.8543969796829e-05,-0.027795389376566,-2.4510906333189,5.8525633004524,0
3075,-0.0152340739362,-0.013958432018208,-2.450093167178,1.4508366605993,0
3062,-0.016616215667628,-0.023804042750769,-2.4474201697697,3.3829936403109,0
5419,0.0055273220290909,0.00093333301190645,-2.4452838159663,9.4548232766854,0
3076,-0.012287628830016,-0.015165266053484,-2.442663352033,1.5796471259133,0
3063,-0.016622145594474,-0.024293469023597,-2.4396447818272,3.5118041056255,0
5416,0.00036280270096996,0.00011543399066191,-2.438558448125,10.185231551841,0
4412,-0.0095001687149889,-0.028452097499411,-2.4356918527408,5.0775146763699,0
3077,-0.011205718749869,-0.01617114232532,-2.4352335368879,1.7084575912272,0
4722,0.01619506900534,-0.0016831861062063,-2.4347229605183,8.6170214884553,0
4631,0.019253955388062,-0.016630282412667,-2.4346377050469,7.2696429529672,0
3064,-0.016547489531619,-0.02477007643627,-2.4318693938847,3.6406145709402,0
4369,-0.012231978787091,-0.028019497109016,-2.4315922929057,4.7606791603241,0
4455,-0.0059096902192796,-0.028529651928753,-2.4308737071902,5.4055952550021,0
4676,0.02157834572964,-0.0090466101483364,-2.4301975639896,7.8790391261194,0
3078,-0.011032906901763,-0.017043510569937,-2.4278037217429,1.8372680565411,0
4542,0.0051774312636746,-0.026290442942805,-2.4259823853079,6.2027826597098,0
3065,-0.01638811499079,-0.025232962715049,-2.4240940059423,3.7694250362548,0
4586,0.012120002629323,-0.022911977801331,-2.4221899844415,6.6737997194915,0
3079,-0.011290165551978,-0.017824527367177,-2.4203739065979,1.9660785218548,0
5418,0.00660522799804,0.00094659196749835,-2.4190796000841,9.3582898826665,0
4498,-0.0014932552477049,-0.028049880133127,-2.4168288495296,5.7442267578739,0
3066,-0.016139976886755,-0.02568073608485,-2.4163186179998,3.8982355015695,0
5415,0.00075893338660252,0.00024469151936976,-2.4142539844365,10.088199928306,0
3080,-0.011738944418216,-0.018540159345495,-2.412944091453,2.0948889871686,0
3067,-0.015799125438762,-0.026111662265548,-2.4085432300573,4.0270459668842,0
4721,0.017339931944817,-0.0025488618764949,-2.4084881987287,8.5007800847546,0
3081,-0.0122602100168,-0.019206809272274,-2.405514276308,2.2236994524824,0
4630,0.017918850507806,-0.017911085492904,-2.4051044518604,7.1563259362786,0
4675,0.021306341530577,-0.010429035740668,-2.4022999290065,7.7642199659322,0
3068,-0.015361793355646,-0.026523840714147,-2.4007678421148,4.1558564321988,0
4411,-0.010226457251088,-0.028362064412519,-2.3984409290483,4.9728876506877,0
3082,-0.012793763203556,-0.019835337610595,-2.398084461163,2.3525099177962,0
4454,-0.0069527210613042,-0.02855097716855,-2.3951000672893,5.2990749624418,0
4767,0.0078515834416943,0.0008891553178624,-2.3937044283735,9.2512315590961,0
4541,0.0035144846480113,-0.026790324649082,-2.393265588497,6.0927075149574,0
3069,-0.014824534094573,-0.026914024356954,-2.3929924541723,4.2846668975134,0
4368,-0.012701839552512,-0.027880593205592,-2.3929000871793,4.6580217606414,0
4585,0.010383929972715,-0.023784394350442,-2.3910498524912,6.5620642244272,0
3083,-0.013308173027174,-0.020433330505994,-2.390654646018,2.48132038311,0
5414,0.0012582036524743,0.00040039489862763,-2.3899495207479,9.9911683047719,0
3070,-0.014183886832671,-0.027274320340877,-2.3852170662298,4.4134773628281,0
3084,-0.013786017087246,-0.021006338328115,-2.383224830873,2.6101308484239,0
4497,-0.0028416875463993,-0.028239268706679,-2.3825670657403,5.6358902152956,0
4720,0.018292202728095,-0.0035324877381253,-2.3822534369391,8.384538681054,0
3071,-0.0134349665429,-0.027597856147049,-2.3774416782873,4.5422878281427,0
3085,-0.014216694519421,-0.021558541235671,-2.375795015728,2.7389413137378,0
4629,0.016475361848741,-0.019124772846449,-2.3755711986738,7.0430089195899,0
4674,0.02080433181948,-0.011821844118489,-2.3744022940234,7.6494008057449,0
4766,0.0092609115327369,0.00071297239821399,-2.3691583008346,9.1336483059744,0
3086,-0.014592948169055,-0.022093107061609,-2.368365200583,2.8677517790523,0
5413,0.0018532868843915,0.00057068378686149,-2.3656450570593,9.8941366812374,0
4410,-0.010852161851805,-0.028242589560975,-2.3611900053559,4.8682606250054,0
3087,-0.01490918621815,-0.022612389032039,-2.3609353854379,2.996562244367,0
276,-1.2089165606417,0.0016652772316191,-2.3609301936658,0.062500002000119,0
277,-1.0838597548957,0.0045075566296842,-2.3609301936658,0.18750000600041,0
278,-0.89701714574967,0.0059310805344534,-2.3609301936658,0.31250001000044,0
279,-0.69325671105174,0.0058314750126703,-2.3609301936658,0.43750001400015,0
1084,-0.49866946379309,0.0043907961778975,-2.3609301936658,0.56250001799999,0
1085,-0.33003716390096,0.0017813947275909,-2.3609301936658,0.68750002199997,0
1086,-0.1965232206705,-0.001685943477007,-2.3609301936658,0.812500026,0
1087,-0.11077374280604,-0.0052292441632822,-2.3609301936658,0.93750003000002,0
4540,0.001930265921857,-0.027208929941224,-2.3605487916862,5.982632370205,0
4584,0.0086659010873908,-0.024566981521811,-2.3599097205407,6.4503287293627,0
4453,-0.0078835174420684,-0.028529896558537,-2.3593264273884,5.1925546698815,0
3100,-0.060165092547048,-0.0083931785953722,-2.357388072492,1.0644052646571,0
4719,0.019029990574526,-0.0046213326107977,-2.3560186751496,8.2682972773533,0
3088,-0.015160669977962,-0.023118041411689,-2.3535055702929,3.1253727096817,0
3101,-0.032892695672039,-0.010990758636115,-2.3503038301445,1.1932157299712,0
4496,-0.0040813280934694,-0.028369272421732,-2.348305281951,5.5275536727171,0
4673,0.02009239038148,-0.013207134914034,-2.3465046590402,7.5345816455576,0
3089,-0.01534311686954,-0.023611092734332,-2.3460757551478,3.2541831749964,0
4628,0.014951095450224,-0.020263641610446,-2.3460379454872,6.9296919029015,0
4765,0.010675564875368,0.00041964445365005,-2.3446121732957,9.0160650528526,0
3102,-0.019308815638952,-0.012986985090405,-2.3432195877969,1.3220261952853,0
5412,0.0025364269128212,0.00074290188101845,-2.3413405933707,9.7971050577028,0
3090,-0.01545250333221,-0.024091996645581,-2.3386459400028,3.3829936403109,0
3103,-0.012944673139978,-0.01452192693654,-2.3361353454493,1.4508366605993,0
3091,-0.015484966288869,-0.024560669461916,-2.3312161248577,3.5118041056255,0
4718,0.019539107210015,-0.0058000605587429,-2.32978391336,8.1520558736525,0
3104,-0.01023513195726,-0.015737356279101,-2.3290511031017,1.5796471259133,0
4583,0.0069815272133772,-0.025261053904607,-2.3287695885902,6.3385932342981,0
4539,0.00043362570057991,-0.027551057465367,-2.3278319948753,5.8725572254526,0
4409,-0.011386713236978,-0.028101546126171,-2.3239390816635,4.7636335993232,0
3092,-0.015436755730347,-0.025016511515843,-2.3237863097127,3.6406145709402,0
4452,-0.0087050701260463,-0.02847098056561,-2.3235527874875,5.0860343773213,0
3105,-0.0093257922103291,-0.016739930692917,-2.3219668607542,1.7084575912272,0
4764,0.012058000806179,3.5463631826949e-07,-2.3200660457568,8.898481799731,0
4672,0.019193570900123,-0.014568664654561,-2.3186070240571,7.4197624853706,0
5411,0.0033004664607732,0.00090432230685696,-2.3170361296822,9.7000734341689,0
4627,0.013372149410821,-0.021322058196082,-2.3165046923008,6.8163748862136,0
3093,-0.01530421457637,-0.025458402159258,-2.3163564945676,3.7694250362549,0
3106,-0.009281704889043,-0.017600314306144,-2.3148826184066,1.8372680565411,0
4495,-0.0052110911945521,-0.028445449635777,-2.3140434981617,5.4192171301387,0
3094,-0.01508377316087,-0.025884710971723,-2.3089266794226,3.8982355015696,0
3107,-0.0096388961207042,-0.018362849346548,-2.3077983760591,1.9660785218548,0
4717,0.019812980936629,-0.007051490640062,-2.3035491515705,8.035814469952,0
3095,-0.014771966531182,-0.026293481737029,-2.3014968642775,4.0270459668842,0
3108,-0.010168420993461,-0.01905529473866,-2.3007141337115,2.0948889871685,0
4582,0.0053431499727871,-0.025867133668712,-2.2976294566397,6.2268577392336,0
4763,0.013370446787869,-0.00054980688494871,-2.295519918218,8.7808985466096,0
4538,-0.00096868529518249,-0.02782193914939,-2.2951151980644,5.7624820807003,0
3096,-0.014365516233469,-0.026682631224281,-2.2940670491325,4.1558564321988,0
3109,-0.010757099074233,-0.019695591701344,-2.2936298913639,2.2236994524824,0
5410,0.0041365434690408,0.0010420125191065,-2.2927316659938,9.6030418106352,0
4671,0.01813295363428,-0.015892034122438,-2.290709389074,7.3049433251837,0
4451,-0.0094215474294976,-0.028378110273661,-2.2877791475866,4.979514084761,0
4626,0.011762648788281,-0.022296302617524,-2.2869714391145,6.703057869526,0
4408,-0.011848740810649,-0.02794667083262,-2.286688157971,4.6590065736411,0
3097,-0.013861445134659,-0.0270485827578,-2.2866372339874,4.2846668975134,0
3110,-0.011348305804879,-0.020295869951443,-2.2865456490164,2.3525099177962,0
4494,-0.0062311103822556,-0.02847310081373,-2.2797817143724,5.3108805875602,0
3111,-0.011912887627316,-0.020864712703226,-2.2794614066688,2.48132038311,0
3098,-0.013256826838873,-0.027382571268903,-2.2792074188424,4.4134773628281,0
4716,0.019852407714947,-0.0083571478238262,-2.2773143897809,7.9195730662514,0
3112,-0.012434981899007,-0.021408414490905,-2.2723771643213,2.6101308484239,0
3099,-0.01254781883616,-0.027677316884449,-2.2717776036973,4.5422878281427,0
4762,0.014576692546372,-0.00123089400434,-2.2709737906792,8.6633152934879,0
5407,0.00010007143074128,2.7280005519002e-05,-2.2698087491617,10.333829664615,0
5409,0.0050343781713982,0.0011436839756858,-2.2684272023055,9.5060101871017,0
4581,0.0037634823484835,-0.026388386431727,-2.2664893246892,6.1151222441691,0
3113,-0.012905151416846,-0.021931678219598,-2.2652929219737,2.7389413137379,0
4670,0.01693664468894,-0.017164850786055,-2.2628117540909,7.1901241649965,0
4537,-0.0022717766311135,-0.028027024247594,-2.2623984012535,5.6524069359479,0
3114,-0.013317077928344,-0.022438007513891,-2.2582086796261,2.8677517790523,0
4625,0.010144369503396,-0.023184338655024,-2.2574381859282,6.5897408528383,0
4450,-0.010038550995206,-0.028255132697698,-2.2520055076857,4.8729937922006,0
3115,-0.013665972836165,-0.022929937013635,-2.2511244372785,2.996562244367,0
4715,0.019664660782979,-0.0096980819230408,-2.2510796279914,7.8033316625507,0
5406,0.00040999834588986,0.00013723334783948,-2.2474134751603,10.236337108761,0
4761,0.015643969277759,-0.0020385543415815,-2.2464276631402,8.545732040366,0
280,-1.214809275234,0.0017025812301859,-2.2457628671459,0.062500002000119,0
281,-1.0884155372238,0.0046894797908411,-2.2457628671459,0.18750000600041,0
282,-0.89970503708065,0.0062277218134826,-2.2457628671459,0.31250001000044,0
283,-0.69401803981527,0.0061430844440886,-2.2457628671459,0.43750001400015,0
1088,-0.49762774313458,0.0046182893610901,-2.2457628671459,0.56250001799998,0
1090,-0.19296072818946,-0.0018479081366026,-2.2457628671459,0.81250002599998,0
1091,-0.10699346977597,-0.0055549764198525,-2.2457628671459,0.93750003000001,0
1089,-0.32746867502923,0.0018267996093584,-2.2457628671459,0.68750002199994,0
4493,-0.0071425934006047,-0.028457183163274,-2.2455199305831,5.2025440449817,0
5408,0.0059822854182489,0.0011981817176563,-2.2441227386171,9.4089785635677,0
3116,-0.013947811282602,-0.023409176858542,-2.2440401949309,3.1253727096817,0
3128,-0.056613569310291,-0.0088566924532692,-2.2423935323708,1.0644052646571,0
3117,-0.014158960039873,-0.023876710800603,-2.2369559525833,3.2541831749964,0
3129,-0.029774364600344,-0.011547857244558,-2.2356548628207,1.1932157299712,0
4580,0.0022538805255195,-0.026829001578071,-2.2353491927388,6.0033867491048,0
4669,0.015630912477411,-0.018376803915948,-2.2349141191078,7.0753050048093,0
3118,-0.0142959952063,-0.024332868559919,-2.2298717102357,3.3829936403109,0
4536,-0.0034723881988541,-0.02817177643994,-2.2296816044427,5.5423317911956,0
3130,-0.016619123230113,-0.013595277063816,-2.2289161932705,1.3220261952853,0
4624,0.0085364335140628,-0.023985499599062,-2.2279049327418,6.4764238361502,0
5405,0.00081368819538484,0.00029362310910406,-2.2250182011589,10.138844552907,0
4714,0.019262276038419,-0.011055845524754,-2.2248448662019,7.68709025885,0
3119,-0.014355614028487,-0.024777382089682,-2.2227874678881,3.5118041056256,0
3131,-0.010598081116233,-0.015151278379836,-2.2221775237204,1.4508366605993,0
4760,0.016544579316754,-0.0029645950388783,-2.2218815356013,8.4281487872442,0
4807,0.0070794074070325,0.0011862993656954,-2.2205538892181,9.3010406306631,0
4449,-0.010564878376292,-0.028108841617076,-2.2162318677848,4.7664734996404,0
3120,-0.014334596140715,-0.025209422605081,-2.2157032255405,3.6406145709402,0
3132,-0.00814216297479,-0.016367911641209,-2.2154388541703,1.5796471259133,0
4492,-0.0079477987608977,-0.028402185082158,-2.2112581467938,5.0942075024033,0
3133,-0.0074182942662412,-0.017358095391257,-2.2087001846201,1.7084575912272,0
3121,-0.014229792007865,-0.025627608476806,-2.2086189831929,3.7694250362549,0
4668,0.014241467323278,-0.019519659997805,-2.2070164841247,6.9604858446223,0
4579,0.00082361450495542,-0.027193300070958,-2.2042090607884,5.8916512540404,0
5404,0.0012994386208914,0.00048395807213031,-2.2026229271575,10.041351997053,0
3134,-0.0075132670400893,-0.018196262396889,-2.20196151507,1.8372680565411,0
3122,-0.014038127450685,-0.026030033364311,-2.2015347408453,3.8982355015696,0
4713,0.01866196367891,-0.012412989064532,-2.1986101044123,7.5708488551494,0
4623,0.006955045505434,-0.024700257077276,-2.1983716795554,6.3631068194622,0
4806,0.008326587028861,0.0010594438383825,-2.1977206541087,9.1821963883879,0
4759,0.017256936784185,-0.0039975594098138,-2.1973354080624,8.3105655341222,0
4535,-0.0045686768657865,-0.02826153026533,-2.1969648076317,5.4322566464432,0
3135,-0.0079786169426949,-0.018929551675312,-2.1952228455199,1.9660785218548,0
3123,-0.013756630536632,-0.02641448368397,-2.1944504984977,4.0270459668842,0
3136,-0.0085952299248754,-0.019588094724711,-2.1884841759698,2.0948889871685,0
3124,-0.013382510208317,-0.026778654595187,-2.1873662561501,4.1558564321988,0
3137,-0.0092560443830056,-0.020191782706502,-2.1817455064197,2.2236994524824,0
4448,-0.011016370292643,-0.027943209532837,-2.1804582278839,4.6599532070801,0
3125,-0.012913255722108,-0.027118633545787,-2.1802820138025,4.2846668975134,0
5403,0.0018590009588059,0.00069465389018116,-2.180227653156,9.9438594411988,0
4667,0.012792875880536,-0.020587195940973,-2.1791188491417,6.8456666844358,0
4491,-0.0086501642896599,-0.028312000933173,-2.1769963630044,4.9858709598247,0
3138,-0.0099083023332088,-0.02075424734761,-2.1750068368695,2.3525099177962,0
4805,0.0095829878745218,0.00081632608626645,-2.1748874189993,9.0633521461124,0
3126,-0.012346465109884,-0.027424916988148,-2.1731977714549,4.4134773628281,0
4578,-0.00052004234041926,-0.027486032443727,-2.1730689288379,5.7799157589761,0
4758,0.017766130769628,-0.0051233473120907,-2.1727892805235,8.1929822810002,0
4712,0.01788367542363,-0.01375340080793,-2.1723753426227,7.4546074514489,0
4622,0.0054126088216175,-0.025330822389218,-2.1688384263689,6.2497898027742,0
3139,-0.010525409740492,-0.021285178284321,-2.1682681673194,2.48132038311,0
3127,-0.011679237581645,-0.027689933669821,-2.1661135291073,4.5422878281427,0
4534,-0.0055600271162835,-0.028301387429029,-2.1642480108208,5.3221815016908,0
3140,-0.011093313874734,-0.021791648210775,-2.1615294977693,2.6101308484239,0
5402,0.0024846644228884,0.00091134199347014,-2.1578323791546,9.8463668853446,0
3141,-0.011603954526096,-0.022278872442643,-2.1547908282192,2.7389413137379,0
4804,0.010817162666634,0.00044813901931412,-2.1520541838899,8.9445079038372,0
4666,0.011308094419048,-0.02157507553018,-2.1512212141589,6.7308475242496,0
4757,0.018064370385012,-0.0063255803328817,-2.1482431529846,8.0753990278784,0
3142,-0.012052131275451,-0.022750654551749,-2.148052158669,2.8677517790523,0
4711,0.016949580636829,-0.015062606716584,-2.1461405808333,7.3383660477486,0
4490,-0.0092545960777882,-0.02819052370031,-2.1427345792151,4.8775344172462,0
4577,-0.0017715933162508,-0.027712237751021,-2.1419287968875,5.6681802639118,0
3143,-0.012434007217973,-0.023209660746849,-2.1413134891189,2.996562244367,0
4621,0.0039208105500487,-0.025877347934148,-2.1393051731825,6.1364727860862,0
5401,0.0031699807002029,0.0011196892071382,-2.1354371051532,9.7488743294909,0
3144,-0.012746393364327,-0.023657600248306,-2.1345748195687,3.1253727096818,0
4533,-0.0064469165262699,-0.028296128496002,-2.1315312140099,5.2121063569384,0
285,-1.093208054117,0.0049069197947871,-2.1305955406256,0.18750000600041,0
1094,-0.18920336119546,-0.0020456273317471,-2.1305955406256,0.81250002599995,0
284,-1.2209464067854,0.0017469102485325,-2.1305955406256,0.062500002000118,0
286,-0.9025589094803,0.0065894380725558,-2.1305955406256,0.31250001000044,0
1093,-0.32470737478798,0.0018813129569967,-2.1305955406256,0.68750002199992,0
1095,-0.10301653308791,-0.0059468473872604,-2.1305955406256,0.93750003,0
287,-0.69482758419098,0.0065275420174928,-2.1305955406256,0.43750001400015,0
1092,-0.49650842823295,0.0048975400500762,-2.1305955406256,0.56250001799997,0
4803,0.011996351029562,-5.0085235787257e-05,-2.1292209487805,8.8256636615622,0
3145,-0.012986404988752,-0.024095352564762,-2.1278361500185,3.2541831749964,0
3156,-0.052898619018374,-0.0094034605390274,-2.1273989922492,1.0644052646571,0
4756,0.01815047336592,-0.0075865339262933,-2.1236970254457,7.9578157747566,0
4665,0.0098081003228046,-0.02248065471228,-2.123323579176,6.6160283640633,0
3146,-0.013151297019713,-0.024523064003756,-2.1210974804684,3.382993640311,0
3157,-0.026535919171706,-0.012194321191992,-2.1210058954965,1.1932157299712,0
4710,0.015883130105871,-0.016327972079972,-2.1199058190438,7.222124644048,0
3158,-0.013846578479265,-0.014290666625748,-2.1146127987439,1.3220261952853,0
3147,-0.01323838850781,-0.024940224351189,-2.1143588109182,3.5118041056256,0
5400,0.0039083876247092,0.0013056111972201,-2.113041831152,9.6513817736376,0
4576,-0.0029271150919612,-0.027877021924658,-2.1107886649371,5.5564447688474,0
4620,0.0024909559620992,-0.026343993852724,-2.1097719199962,6.0231557693984,0
4489,-0.0097691874461693,-0.028043482950467,-2.1084727954258,4.7691978746677,0
3159,-0.0081957404505935,-0.015860635332949,-2.1082197019912,1.4508366605993,0
3148,-0.013245034318373,-0.025345720940045,-2.107620141368,3.6406145709402,0
4802,0.013088594214348,-0.0006786913773404,-2.1063877136711,8.706819419287,0
3160,-0.0060131303468859,-0.017068646723424,-2.1018266052385,1.5796471259133,0
3149,-0.013168623553321,-0.025737860957068,-2.1008814718179,3.7694250362549,0
4755,0.018029003848698,-0.0088882213998319,-2.0991508979069,7.8402325216347,0
4532,-0.0072308883877242,-0.028250103452145,-2.0988144171991,5.102031212186,0
3161,-0.0054897596470733,-0.018034638153204,-2.0954335084858,1.7084575912272,0
4664,0.0083116029647435,-0.023302694944515,-2.0954259441931,6.5012092038767,0
3150,-0.013006594931076,-0.026114417371426,-2.0941428022677,3.8982355015696,0
4709,0.014708235779259,-0.017538809980497,-2.0936710572542,7.1058832403474,0
5399,0.004692499209616,0.0014560070250091,-2.0906465571509,9.5538892177843,0
3162,-0.0057355049496553,-0.018837535186793,-2.0890404117331,1.837268056541,0
3151,-0.012756473575749,-0.026472876704626,-2.0874041327175,4.0270459668842,0
4801,0.014064115078926,-0.0014338861001216,-2.0835544785616,8.5879751770115,0
3163,-0.0063179829598562,-0.019528212161617,-2.0826473149804,1.9660785218548,0
3152,-0.012415948924195,-0.026810668835793,-2.0806654631674,4.1558564321988,0
4619,0.0011325221143969,-0.026734610595882,-2.0802386668098,5.9098387527106,0
4575,-0.0039840726785421,-0.02798540011361,-2.0796485329866,5.444709273783,0
3164,-0.0070282691089769,-0.020139951935341,-2.0762542182278,2.0948889871685,0
5397,0.00013869167813137,3.4805972917619e-05,-2.0758227642918,10.381771810903,0
4754,0.017709521136894,-0.010212876771208,-2.074604770368,7.7226492685127,0
4488,-0.010207217070068,-0.027871529108984,-2.0742110116365,4.6608613320892,0
3153,-0.01198296623598,-0.027123532301781,-2.0739267936172,4.2846668975134,0
3165,-0.0077658424651198,-0.020695040953444,-2.0698611214751,2.2236994524824,0
5398,0.0055142040372363,0.0015591868880874,-2.0682512831495,9.4563966619307,0
4663,0.0068348032363307,-0.024041192828502,-2.0675283092101,6.3863900436901,0
4708,0.013448572789109,-0.01868640795479,-2.0674362954647,6.989641836647,0
3154,-0.011455626845318,-0.027401325307555,-2.067188124067,4.4134773628281,0
4531,-0.0079146670212786,-0.028167178911045,-2.0660976203881,4.9919560674335,0
3166,-0.0084822280301295,-0.021208788633709,-2.0634680247224,2.3525099177962,0
4800,0.014897127500401,-0.0023082686779013,-2.0607212434522,8.469130934736,0
3155,-0.010831861129774,-0.02763625142727,-2.0604494545169,4.5422878281427,0
3167,-0.0091537686959702,-0.021692027311461,-2.0570749279697,2.4813203831101,0
5396,0.00050805537537065,0.00017444632692321,-2.0553453868315,10.283855798043,0
4618,-0.0001468266910462,-0.027053383766051,-2.0507054136234,5.7965217360227,0
3168,-0.0097685347865354,-0.02215258046633,-2.0506818312171,2.6101308484239,0
4753,0.017205780691423,-0.011543437296494,-2.050058642829,7.6050660153908,0
4574,-0.0049411539727225,-0.028042191199723,-2.0485084010361,5.3329737787187,0
4847,0.0064633872547759,0.0015987116302316,-2.0465048482496,9.3476384174637,0
3169,-0.010320095005889,-0.022596119302286,-2.0442887344644,2.7389413137379,0
4707,0.012127002250993,-0.019763987614139,-2.0412015336753,6.8734004329471,0
4662,0.0053908754041111,-0.024698037080733,-2.0396306742271,6.2715708835035,0
3170,-0.010804569278375,-0.023026676939511,-2.0378956377117,2.8677517790523,0
4799,0.015566851066742,-0.0032913003362717,-2.0378880083427,8.3502866924604,0
5395,0.00094788623796884,0.00037259366253814,-2.0348680093712,10.185939785183,0
4530,-0.0085024711411379,-0.028051264215943,-2.0333808235772,4.881880922681,0
3171,-0.011219235557794,-0.023446974751654,-2.031502540959,2.996562244367,0
4752,0.01653478963882,-0.012863969145628,-2.0255125152901,7.4874827622692,0
4846,0.0075451678277504,0.0015236577977479,-2.0254072524509,9.2276144843834,0
3172,-0.011561872033881,-0.023858643431741,-2.0251094442062,3.1253727096818,0
4617,-0.0013410928792262,-0.027304836827724,-2.021172160437,5.6832047193349,0
3173,-0.011830447362377,-0.024262382338816,-2.0187163474535,3.2541831749964,0
4573,-0.0057981505108489,-0.0280519312107,-2.0173682690857,5.2212382836543,0
1098,-0.18520665597467,-0.0022911579267002,-2.0154282141053,0.81250002599993,0
288,-1.2273760805905,0.001800410828922,-2.0154282141053,0.062500002000118,0
289,-1.0982895279562,0.0051671374995697,-2.0154282141053,0.1875000060004,0
290,-0.90561894053501,0.0070309797708872,-2.0154282141053,0.31250001000044,0
291,-0.6956973450329,0.0070027408316344,-2.0154282141053,0.43750001400015,0
1096,-0.49529215087275,0.0052401348576818,-2.0154282141053,0.56250001799996,0
1097,-0.32171219461748,0.0019455054037663,-2.0154282141053,0.68750002199989,0
1099,-0.098808909485596,-0.0064268578875289,-2.0154282141053,0.93750003,0
4798,0.016058568788752,-0.0043694228428817,-2.0150547732333,8.2314424501848,0
4706,0.010765106629157,-0.020766606889187,-2.014966771886,6.7571590292475,0
5394,0.00144373548143,0.00061362627682286,-2.0143906319108,10.088023772323,0
3184,-0.048998963838482,-0.010057575458598,-2.0124044521277,1.0644052646571,0
3174,-0.01202297774128,-0.024658081821844,-2.0123232507008,3.382993640311,0
4661,0.0039905092078799,-0.025272264685102,-2.0117330392441,6.1567517233169,0
3185,-0.023167487000329,-0.012953437566287,-2.0063569281724,1.1932157299712,0
3175,-0.012137466966934,-0.025044921215461,-2.0059301539481,3.5118041056256,0
4845,0.0086377019724298,0.0013295307352729,-2.0043096566523,9.1075905513029,0
4751,0.01571588377679,-0.014159991869568,-2.0009663877513,7.3698995091476,0
4529,-0.0090016509760232,-0.027907056268561,-2.0006640267663,4.7718057779286,0
3186,-0.010989587381417,-0.015094252304581,-2.0003094042172,1.3220261952853,0
3176,-0.01217189075113,-0.025421440572512,-1.9995370571954,3.6406145709402,0
3187,-0.0057415712048434,-0.016668334598018,-1.9942618802619,1.4508366605993,0
5393,0.0019865720055884,0.00088093973731694,-1.9939132544505,9.9901077594635,0
3177,-0.012124206688623,-0.025785578123423,-1.9931439604426,3.7694250362549,0
4797,0.016363647687253,-0.0055269948474553,-1.9922215381239,8.1125982079094,0
4616,-0.0024457848914522,-0.027493616504241,-1.9916389072507,5.5698877026471,0
4705,0.0093828236150955,-0.021690998058003,-1.9887320100967,6.6409176255478,0
3188,-0.0038556694408702,-0.017854398785049,-1.9882143563067,1.5796471259132,0
3178,-0.01199238135212,-0.026134734112858,-1.9867508636899,3.8982355015696,0
4572,-0.0065559310764942,-0.028018782790471,-1.9862281371352,5.1095027885899,0
4660,0.0026445935385704,-0.025767586125503,-1.9838354042612,6.0419325631305,0
4844,0.0097162647193678,0.0010084600524195,-1.9832120608537,8.9875666182226,0
3189,-0.0035501835456878,-0.018780049499376,-1.9821668323514,1.7084575912272,0
3179,-0.011774437342491,-0.026466045913301,-1.9803577669372,4.0270459668842,0
4750,0.014769869178831,-0.015418702623404,-1.9764202602124,7.2523162560258,0
3190,-0.0039594796207148,-0.019530451688986,-1.9761193083962,1.837268056541,0
3180,-0.011468532915339,-0.026776629807339,-1.9739646701845,4.1558564321988,0
5392,0.0025690489106845,0.0011573665447648,-1.9734358769901,9.8921917466035,0
3191,-0.0046681142570151,-0.020161828072483,-1.970071784441,1.9660785218548,0
4796,0.016479062148594,-0.0067474144911047,-1.9693883030144,7.993753965634,0
4528,-0.0094231389537904,-0.027732280333504,-1.9679472299554,4.6617306331762,0
3181,-0.011073052240739,-0.027061854666673,-1.9675715734317,4.2846668975134,0
3192,-0.0054782842801612,-0.020711347115276,-1.9640242604857,2.0948889871685,0
4704,0.0079981681310316,-0.022535318596973,-1.9624972483073,6.5246762218478,0
4843,0.010752878725523,0.00055612671338397,-1.9621144650552,8.8675426851425,0
4615,-0.0034577602515292,-0.027624327821998,-1.9621056540642,5.4565706859592,0
3182,-0.010586568888517,-0.027311006395816,-1.961178476679,4.4134773628281,0
3193,-0.0062967038213881,-0.02120396379276,-1.9579767365305,2.2236994524824,0
4659,0.0013626616978909,-0.026187281577794,-1.9559377692783,5.9271134029441,0
4571,-0.0072165465161629,-0.027946553746024,-1.9550880051847,4.9977672935255,0
3183,-0.010007726459175,-0.027516084228825,-1.9547853799263,4.5422878281427,0
5391,0.0031861855767857,0.0014263118005528,-1.9529584995299,9.7942757337441,0
3194,-0.0070796731574285,-0.021656680173143,-1.9519292125753,2.3525099177962,0
4749,0.013718254511127,-0.016629107913052,-1.9518741326735,7.1347330029039,0
4795,0.016407109512774,-0.0080134937820049,-1.946555067905,7.8749097233585,0
3195,-0.0078068840276244,-0.022081396748011,-1.94588168862,2.4813203831101,0
4842,0.011720208125142,-2.7417965649431e-05,-1.9410168692566,8.7475187520622,0
3196,-0.0084688727859893,-0.02248658038539,-1.9398341646648,2.6101308484239,0
4703,0.0066270886146547,-0.023298958638197,-1.9362624865179,6.4084348181477,0
3197,-0.0090611133689918,-0.02287824509087,-1.9337866407096,2.7389413137379,0
4614,-0.0043750849296842,-0.027701431344446,-1.9325724008778,5.3432536692714,0
5390,0.003833952078434,0.0016719670241729,-1.9324811220697,9.6963597208851,0
4658,0.00015265477367065,-0.026534874281933,-1.9280401342953,5.8122942427577,0
3198,-0.0095812651152554,-0.02326054320577,-1.9277391167543,2.8677517790523,0
4748,0.012582587741274,-0.017782072992343,-1.9273280051347,7.0171497497822,0
4570,-0.0077835579753237,-0.027839153143506,-1.9239478732343,4.886031798461,0
4794,0.016154849693179,-0.0093080545327867,-1.9237218327956,7.756065481083,0
3199,-0.010027894117944,-0.023636145250349,-1.921691592799,2.9965622443671,0
4841,0.012591438339205,-0.00073828331150154,-1.9199192734579,8.6274948189816,0
3200,-0.010399882974024,-0.024006502918688,-1.9156440688438,3.1253727096818,0
5389,0.0045082829722612,0.0018800227106008,-1.9120037446096,9.5984437080261,0
4702,0.0052834299786365,-0.02398301327936,-1.9100277247284,6.2921934144478,0
3201,-0.010696161768297,-0.024372041633256,-1.9095965448885,3.2541831749964,0
3202,-0.010915591715958,-0.024732309306211,-1.9035490209332,3.382993640311,0
4613,-0.0051969324268693,-0.02772916206481,-1.9030391476914,5.2299366525834,0
4747,0.011383899427663,-0.018870303311015,-1.9027818775959,6.8995664966611,0
4793,0.015733342316813,-0.010614444556403,-1.9008885976861,7.6372212388074,0
292,-1.2341563772913,0.0018658121959673,-1.900260887585,0.062500002000118,0
293,-1.103724056253,0.0054782445554248,-1.900260887585,0.1875000060004,0
294,-0.90893539369547,0.0075697394246374,-1.900260887585,0.31250001000044,0
295,-0.69664215274382,0.007590780598936,-1.900260887585,0.43750001400015,0
1100,-0.49395291508411,0.0056605756130017,-1.900260887585,0.56250001799995,0
1101,-0.31843361018096,0.0020165385807561,-1.900260887585,0.68750002199987,0
1102,-0.1809076515851,-0.0026032421979232,-1.900260887585,0.81250002599991,0
1103,-0.094328781399197,-0.0070216988664695,-1.900260887585,0.93750002999999,0
4657,-0.00097905078555596,-0.026814254169044,-1.9001424993124,5.6974750825713,0
4840,0.013343046916431,-0.0015693110887241,-1.8988216776593,8.5074708859011,0
3203,-0.011056924332869,-0.025086095720898,-1.8975014969779,3.5118041056256,0
3212,-0.044889024551879,-0.010849128396249,-1.8974099120061,1.0644052646571,0
4569,-0.0082635644450706,-0.027700293670764,-1.8928077412838,4.7742963033966,0
3213,-0.019657486588931,-0.013855414085836,-1.8917079608483,1.1932157299712,0
5388,0.0052049326725145,0.0020380292412973,-1.8915263671494,9.5005276951667,0
3204,-0.011118800905576,-0.025431521743901,-1.8914539730227,3.6406145709402,0
3214,-0.0080463129034082,-0.016034986488033,-1.8860060096905,1.3220261952852,0
3205,-0.011099775739732,-0.025766091787192,-1.8854064490674,3.7694250362549,0
4701,0.0039772465468814,-0.024586647474203,-1.883792962939,6.1759520107478,0
5387,0.00020141205622974,4.6527811240987e-05,-1.8809729931972,10.426072799736,0
3215,-0.0032396141546277,-0.017600895286449,-1.8803040585327,1.4508366605993,0
3206,-0.010998355873734,-0.026086774817365,-1.8793589251121,3.8982355015696,0
4746,0.010142248142792,-0.019888264047428,-1.8782357500572,6.7819832435403,0
4792,0.015156829782216,-0.011916964885928,-1.8780553625767,7.5183769965322,0
4839,0.013955662518851,-0.0025100011044512,-1.8777240818606,8.3874469528204,0
3216,-0.0016774736625162,-0.018745963595043,-1.8746021073749,1.5796471259132,0
4612,-0.0059235615426862,-0.027711460211066,-1.8735058945051,5.1166196358956,0
3207,-0.010813058756354,-0.026390303962975,-1.8733114011568,4.0270459668842,0
4656,-0.0020275134183559,-0.027029505016273,-1.8722448643295,5.582655922385,0
4887,0.006000588871753,0.0021330313134618,-1.8716173140142,9.3910087308877,0
3217,-0.0016112987048,-0.019606249747952,-1.8689001562171,1.7084575912272,0
3208,-0.010542495845974,-0.02667342954965,-1.8672638772015,4.1558564321988,0
3218,-0.0021993305202437,-0.020279748224682,-1.8631982050593,1.837268056541,0
5386,0.00067214204221651,0.00022961214681687,-1.8624214851299,10.327770969023,0
4568,-0.0086653603380808,-0.027525131823942,-1.8616676093333,4.6625608083322,0
3209,-0.010185467368332,-0.026931122103437,-1.8612163532463,4.2846668975134,0
4700,0.0027186702740385,-0.025112242674537,-1.8575582011497,6.059710607048,0
3219,-0.0030429641375198,-0.020831179881174,-1.8574962539015,1.9660785218547,0
4838,0.014414942460987,-0.0035473198016584,-1.856626486062,8.2674230197397,0
4791,0.014441925386453,-0.013201201476199,-1.8552221274673,7.3995327542571,0
3210,-0.0097409798338653,-0.027152127333192,-1.855168829291,4.4134773628281,0
4745,0.0088763627666036,-0.02083204254619,-1.8536896225186,6.6643999904194,0
4886,0.0069068250463524,0.0021117217335025,-1.852276585204,9.269886815189,0
3220,-0.0039581469325274,-0.021300731453975,-1.8517943027437,2.0948889871685,0
3211,-0.009208267882741,-0.027328219834879,-1.8491213053357,4.5422878281427,0
3221,-0.0048603685968266,-0.021715395428904,-1.8460923515859,2.2236994524824,0
4655,-0.0029890913504912,-0.027184741414853,-1.8443472293465,5.4678367621985,0
4611,-0.006556413328083,-0.027652060200218,-1.8439726413186,5.0033026192077,0
5385,0.0011819196057099,0.00048677915013536,-1.8438699770627,10.22946913831,0
3222,-0.0057113938111522,-0.022093511783481,-1.8403904004281,2.3525099177962,0
4837,0.014711404738446,-0.0046666833265641,-1.8355288902634,8.1473990866592,0
3223,-0.0064946034582318,-0.022447906153812,-1.8346884492703,2.4813203831101,0
4885,0.0078253207546996,0.0019652344089609,-1.8329358563938,9.1487648994902,0
4790,0.013606839726642,-0.014454261727518,-1.8323888923579,7.2806885119816,0
4699,0.001517266421332,-0.025562513471908,-1.8313234393603,5.9434692033482,0
4744,0.0076033769020708,-0.021699138223474,-1.8291434949798,6.5468167372981,0
3224,-0.0072032997004634,-0.022787546444895,-1.8289864981126,2.6101308484239,0
5384,0.0017134104105908,0.00079727836501398,-1.8253184689955,10.131167307597,0
3225,-0.0078351357819502,-0.023118640705924,-1.8232845469548,2.7389413137379,0
3226,-0.0083895385670274,-0.023445316690096,-1.8175825957969,2.8677517790524,0
4654,-0.0038613278649565,-0.027284007299516,-1.8164495943635,5.3530176020121,0
4610,-0.0070984417093185,-0.027554871546371,-1.8144393881322,4.8899856025197,0
4836,0.014840674384547,-0.0058522553739786,-1.8144312944648,8.0273751535787,0
4884,0.0087398169466568,0.0016855389679482,-1.8135951275837,9.0276429837915,0
3227,-0.0088665423055058,-0.023770059512448,-1.8118806446391,2.9965622443671,0
4789,0.012670675369761,-0.015664920617535,-1.8095556572485,7.1618442697061,0
5383,0.0022575166612178,0.0011398411113087,-1.8067669609282,10.032865476883,0
3228,-0.0092662742834887,-0.024094018114801,-1.8061786934813,3.1253727096818,0
4698,0.00038112326978634,-0.025940273597144,-1.8050886775709,5.8272277996484,0
4743,0.0063387006655639,-0.022488212485601,-1.804597367441,6.4292334841768,0
3229,-0.0095887345580205,-0.024417231628899,-1.8004767423234,3.2541831749965,0
3230,-0.0098337120937881,-0.02473880467899,-1.7947747911656,3.382993640311,0
4883,0.0096240094972479,0.0012702929698351,-1.7942543987736,8.9065210680932,0
4835,0.014803244795222,-0.0070875447942977,-1.7933336986662,7.9073512204981,0
3231,-0.010000767283493,-0.025057047608463,-1.7890728400078,3.5118041056256,0
4653,-0.0046428711086674,-0.027331200497426,-1.7885519593806,5.2381984418256,0
5382,0.0028080968313023,0.0014931182029752,-1.7882154528609,9.93456364617,0
4788,0.011652809436704,-0.016823685042879,-1.7867224221391,7.0430000274309,0
296,-1.2413564073451,0.0019464632994606,-1.7850935610647,0.062500002000118,0
297,-1.1095896577693,0.0058487893617069,-1.7850935610647,0.1875000060004,0
298,-0.91257098565151,0.0082256488095079,-1.7850935610647,0.31250001000044,0
299,-0.69768035365362,0.0083184452643831,-1.7850935610647,0.43750001400015,0
1104,-0.49245581527325,0.0061758150786642,-1.7850935610647,0.56250001799995,0
1105,-0.31479833826242,0.0020879246666214,-1.7850935610647,0.68750002199984,0
1106,-0.17623656351194,-0.0030076701812352,-1.7850935610647,0.81250002599988,0
1107,-0.0895245603705,-0.0077655586535028,-1.7850935610647,0.93750002999998,0
4609,-0.0075555137612961,-0.02742268926893,-1.7849061349459,4.7766685858318,0
3232,-0.01008924953291,-0.025369582213086,-1.78337088885,3.6406145709403,0
3240,-0.04053714633767,-0.011816211372141,-1.7824153718845,1.0644052646571,0
4742,0.0050960187351064,-0.023199034149043,-1.7800512399023,6.3116502310556,0
4697,-0.00068315065237051,-0.026248703397152,-1.7788539157816,5.7109863959486,0
3233,-0.010098335742712,-0.025673408107525,-1.7776689376921,3.7694250362549,0
3241,-0.01599016359299,-0.014939259649534,-1.7770589935241,1.1932157299712,0
4882,0.0104563218561,0.00072140379142555,-1.7749136699634,8.7853991523945,0
4834,0.014603982596951,-0.0083559588037829,-1.7722361028676,7.7873272874175,0
3234,-0.010027083618417,-0.025964999235836,-1.7719669865343,3.8982355015696,0
3242,-0.0050092254415502,-0.017153916705011,-1.7717026151638,1.3220261952852,0
5381,0.0033627552887435,0.0018372391764139,-1.7696639447938,9.8362618154573,0
3243,-0.00068026891657314,-0.018699894300049,-1.7663462368034,1.4508366605993,0
3235,-0.0098745003140988,-0.026240625054813,-1.7662650353765,4.0270459668842,0
4787,0.010572364594618,-0.017922793351801,-1.7638891870298,6.9241557851562,0
3244,0.00051943776892514,-0.019769823886351,-1.7609898584431,1.5796471259132,0
4652,-0.0053334578797995,-0.027330026261533,-1.7606543243977,5.1233792816392,0
3236,-0.0096396318836651,-0.02649661478693,-1.7605630842186,4.1558564321988,0
3245,0.00031818131168816,-0.020525556819885,-1.7556334800827,1.7084575912272,0
4881,0.011212415071896,4.4031707741759e-05,-1.7555729411532,8.6642772366956,0
4741,0.0038860300037735,-0.023833022105071,-1.7555051123635,6.1940669779345,0
4608,-0.0079344884685799,-0.027248423283277,-1.7553728817594,4.6633515691439,0
3237,-0.0093216672202961,-0.026727504803594,-1.7548611330608,4.2846668975134,0
4696,-0.0016702993257728,-0.026491262540105,-1.7526191539922,5.5947449922488,0
4833,0.014251501445356,-0.0096412946856217,-1.7511385070689,7.6673033543369,0
5380,0.0039211368082902,0.0021539156574344,-1.7511124367267,9.7379599847449,0
3246,-0.00046494316941588,-0.02108893107436,-1.7502771017224,1.837268056541,0
3238,-0.008920000521158,-0.02692150086121,-1.749159181903,4.4134773628281,0
3247,-0.0014567642248253,-0.02153293570076,-1.744920723362,1.9660785218547,0
3239,-0.0084343351429862,-0.027070095626886,-1.7434572307452,4.5422878281427,0
4786,0.0094477739827626,-0.018956155907135,-1.7410559519205,6.8053115428818,0
3248,-0.0024819915911381,-0.021903069227751,-1.7395643450017,2.0948889871685,0
4880,0.011871469419439,-0.00075390560867053,-1.736232212343,8.5431553209967,0
3249,-0.0034698646330416,-0.022223503377204,-1.7342079666413,2.2236994524823,0
4651,-0.0059340039775212,-0.02728415328592,-1.7327566894147,5.0085601214527,0
5379,0.0044836539089602,0.002427180891522,-1.7325609286596,9.6396581540326,0
4740,0.0027176973417824,-0.024389230580837,-1.7309589848248,6.0764837248134,0
4832,0.013757473569505,-0.010928151604624,-1.7300409112703,7.5472794212566,0
3250,-0.0043892377488237,-0.022512704539168,-1.728851588281,2.3525099177962,0
4695,-0.0025763076442875,-0.026671533990097,-1.7263843922028,5.478503588549,0
3251,-0.0052276846025472,-0.022784255123703,-1.7234952099206,2.4813203831101,0
4785,0.0082964382862355,-0.019919239269999,-1.7182227168113,6.6864673006072,0
3252,-0.005981541544704,-0.023047575805916,-1.7181388315603,2.610130848424,0
4879,0.012415250758682,-0.0016618338472463,-1.7168914835329,8.4220334052977,0
5378,0.0050511165957964,0.0026437384582366,-1.7140094205925,9.5413563233199,0
3253,-0.0066508979897553,-0.02330896790489,-1.7127824531999,2.738941313738,0
4831,0.01313592595457,-0.012202257449341,-1.7089433154717,7.4272554881764,0
3254,-0.0072371855532057,-0.023572386722022,-1.7074260748396,2.8677517790524,0
4739,0.001600445637838,-0.024870060357112,-1.7064128572861,5.9589004716924,0
4650,-0.0064469266084769,-0.027197514837186,-1.7048590544317,4.8937409612661,0
3255,-0.007742095435439,-0.023839975608997,-1.7020696964792,2.9965622443671,0
4694,-0.003398315337888,-0.026793122255102,-1.7001496304134,5.3622621848492,0
4878,0.012829532193107,-0.0026673775696039,-1.6975507547227,8.3009114895987,0
3256,-0.0081671425282326,-0.024112434251002,-1.6967133181188,3.1253727096818,0
4927,0.0056875829953555,0.0027952239827975,-1.6959515861997,9.4311365036239,0
4784,0.0071344700088302,-0.020808889239308,-1.695389481702,6.5676230583324,0
3257,-0.0085135037540299,-0.024389284031434,-1.6913569397584,3.2541831749965,0
4830,0.012402555512517,-0.013450709713768,-1.6878457196731,7.3072315550958,0
3258,-0.0087819749558701,-0.024669070763569,-1.686000561398,3.382993640311,0
5377,0.00029696484709324,6.3013833021131e-05,-1.6853277750276,10.466717093631,0
4738,0.00054232252814502,-0.025277648317486,-1.6818667297473,5.8413172185713,0
3259,-0.0089729824092076,-0.024949524940821,-1.6806441830376,3.5118041056256,0
4926,0.0064081415131573,0.0028252847580093,-1.6783874254812,9.3089986949446,0
4877,0.013104405061985,-0.0037565201796245,-1.6782100259125,8.1797895738999,0
4649,-0.006877402416537,-0.027072073540794,-1.6769614194488,4.7789218010797,0
3260,-0.0090866222095672,-0.025227682312751,-1.6752878046772,3.6406145709403,0
4693,-0.0041345581873549,-0.026859584921547,-1.6739148686241,5.2460207811493,0
4783,0.0059765370615933,-0.021623092777118,-1.6725562465927,6.4487788160575,0
3261,-0.0091227162883251,-0.025499962067085,-1.6699314263169,3.7694250362549,0
301,-1.1159802453127,0.0062869154943739,-1.6699262345444,0.1875000060004,0
300,-1.2490568189061,0.0020462782344217,-1.6699262345444,0.062500002000118,0
302,-0.91660369044344,0.0090206692637685,-1.6699262345444,0.31250001000043,0
303,-0.69883457498785,0.0092176208682616,-1.6699262345444,0.43750001400015,0
1108,-0.49075392777995,0.006804785278279,-1.6699262345444,0.56250001799994,0
1109,-0.31071083148995,0.0021491435644625,-1.6699262345444,0.68750002199982,0
1110,-0.17110567283155,-0.0035392668858768,-1.6699262345444,0.81250002599986,0
1111,-0.084332894459074,-0.0087040041717936,-1.6699262345444,0.93750002999998,0
5376,0.00092308673406787,0.00030558313010461,-1.668709372123,10.368067233708,0
3268,-0.03590668054843,-0.013005837544389,-1.6674208317629,1.0644052646571,0
4829,0.011574094991654,-0.014662128025328,-1.6667481238745,7.1872076220152,0
3262,-0.0090808804473009,-0.025762276144799,-1.6645750479565,3.8982355015696,0
3269,-0.012148825867493,-0.016246652387733,-1.6624100262,1.1932157299712,0
4925,0.007139144405786,0.0027212765421736,-1.6608232647628,9.186860886265,0
3263,-0.008960604284328,-0.026010368789767,-1.6592186695961,4.0270459668842,0
4876,0.013234476581377,-0.0049140978216572,-1.6588692971023,8.0586676582011,0
3270,-0.0018740323103539,-0.018481381789445,-1.6573992206371,1.3220261952852,0
4737,-0.00044997785072487,-0.025614455895726,-1.6573206022086,5.7237339654503,0
3264,-0.0087613478384016,-0.026240092258622,-1.6538622912357,4.1558564321988,0
3271,0.001896416765507,-0.019961432809386,-1.6523884150742,1.4508366605993,0
5375,0.0015433571666311,0.00064176987434108,-1.6520909692184,10.269417373785,0
4782,0.0048357550938978,-0.022360910350735,-1.6497230114834,6.3299345737827,0
4648,-0.007230551920059,-0.026898788513382,-1.6490637844658,4.6641026408932,0
3265,-0.0084826582128216,-0.026445507898225,-1.6485059128753,4.2846668975134,0
4692,-0.0047843597484923,-0.02687441150621,-1.6476801068347,5.1297793774495,0
3272,0.0026751960974777,-0.020898693299902,-1.6473776095112,1.5796471259132,0
4828,0.010667745707974,-0.015826729912263,-1.6456505280759,7.0671836889349,0
4924,0.0078710166969521,0.0024768759203731,-1.6432591040443,9.0647230775857,0
3266,-0.0081242688987449,-0.026614253806601,-1.6431495345149,4.4134773628281,0
3273,0.0021900560126235,-0.02151566704262,-1.6423668039483,1.7084575912272,0
4875,0.013218711410193,-0.0061242966260898,-1.6395285682922,7.9375457425021,0
3267,-0.0076862347543731,-0.026737450658593,-1.6377931561545,4.5422878281427,0
3274,0.0012110156359761,-0.021945554191245,-1.6373559983854,1.837268056541,0
5374,0.0021383197872864,0.0010431449547266,-1.6354725663137,10.170767513862,0
4736,-0.0013710176942151,-0.025883310730695,-1.6327744746699,5.6061507123293,0
3275,7.8410233634273e-05,-0.022263544832449,-1.6323451928225,1.9660785218547,0
3276,-0.0010621451801958,-0.022511434744621,-1.6273343872596,2.0948889871685,0
4781,0.0037231892442978,-0.023023134300341,-1.6268897763741,6.211090331508,0
4923,0.0085887096413468,0.0020902861374567,-1.6256949433259,8.9425852689067,0
4827,0.0097006841266488,-0.016936340919322,-1.6245529322773,6.9471597558552,0
3277,-0.0021387744758494,-0.022719445222039,-1.6223235816967,2.2236994524823,0
4691,-0.0053482107141814,-0.026841239211308,-1.6214453450453,5.0135379737496,0
4874,0.013060048470613,-0.00737113629105,-1.620187839482,7.8164238268032,0
5373,0.0027004992380547,0.0014818084336445,-1.618854163409,10.072117653939,0
3278,-0.003125957843014,-0.022905051262953,-1.6173127761338,2.3525099177962,0
3279,-0.0040177551545135,-0.023080812252626,-1.6123019705709,2.4813203831101,0
4735,-0.0022165413401208,-0.026087265442025,-1.6082283471311,5.4885674592082,0
4922,0.0092769275842839,0.0015633947917883,-1.6081307826075,8.8204474602274,0
3280,-0.0048140771734321,-0.023256607501709,-1.607291165008,2.610130848424,0
4780,0.0026474614958914,-0.023608093884593,-1.6040565412648,6.0922460892333,0
4826,0.0086896531776722,-0.017984350655653,-1.6034553364789,6.8271358227757,0
3281,-0.0055177597330166,-0.023438836927023,-1.6022803594451,2.738941313738,0
5372,0.003226590915222,0.0019305941857859,-1.6022357605044,9.9734677940162,0
4873,0.012764894521686,-0.00863891687192,-1.6008471106718,7.6953019111042,0
3282,-0.0061325010108795,-0.023631173600994,-1.5972695538821,2.8677517790524,0
4690,-0.0058280776813255,-0.026764074294244,-1.5952105832559,4.8972965700496,0
3283,-0.0066618540941532,-0.023835251311318,-1.5922587483192,2.9965622443671,0
4921,0.0099091406992162,0.00090645550737426,-1.590566621889,8.6983096515478,0
3284,-0.0071088690943908,-0.024051150722704,-1.5872479427563,3.1253727096819,0
5371,0.0037186095748992,0.0023652123460675,-1.5856173575998,9.8748179340938,0
4734,-0.0029834170316606,-0.02622950072072,-1.5836822195924,5.3709842060872,0
4825,0.0076506329686714,-0.018965619085953,-1.5823577406805,6.7071118896961,0
3285,-0.0074760033807345,-0.024277723188771,-1.5822371371933,3.2541831749965,0
4872,0.012342551267365,-0.0099126087697104,-1.5815063818616,7.5741799954056,0
4779,0.0016175358736668,-0.024117379030236,-1.5812233061555,5.9734018469587,0
3286,-0.0077651321557997,-0.024512824760334,-1.5772263316304,3.382993640311,0
4920,0.010467375433816,0.00012879818649018,-1.5730024611705,8.5761718428683,0
3287,-0.0079775974038607,-0.024753495428772,-1.5722155260674,3.5118041056256,0
5370,0.0041817269609103,0.002764054270544,-1.5689989546953,9.7761680741718,0
4689,-0.0062285055490071,-0.026644151032431,-1.5689758214665,4.7810551663498,0
3288,-0.0081142740408733,-0.024996091981026,-1.5672047205045,3.6406145709403,0
3289,-0.00817564631058,-0.025236374812873,-1.5621939149415,3.7694250362549,0
4871,0.011804613956622,-0.011178166163224,-1.5621656530515,7.453058079707,0
4824,0.0065985883721662,-0.0198763261928,-1.561260144882,6.5870879566161,0
4733,-0.0036695963067072,-0.026313268739668,-1.5591360920536,5.2534009529661,0
4778,0.00064119757393703,-0.024552369765907,-1.5583900710462,5.8545576046841,0
3290,-0.0081618919328777,-0.025469626227963,-1.5571831093786,3.8982355015696,0
4919,0.010933349738002,-0.00075829650134028,-1.5554383004521,8.4540340341886,0
304,-1.2573491784032,0.0021695258701475,-1.5547589080241,0.062500002000118,0
305,-1.1230072463817,0.0067988584778869,-1.5547589080241,0.1875000060004,0
306,-0.92113017116959,0.0099776414050942,-1.5547589080241,0.31250001000043,0
307,-0.70013280575721,0.010325701869041,-1.5547589080241,0.43750001400015,0
1114,-0.16540418182668,-0.0042466267281815,-1.5547589080241,0.81250002599984,0
1115,-0.078677670962492,-0.0098980390519776,-1.5547589080241,0.93750002999997,0
1112,-0.48878356880362,0.0075681667406815,-1.5547589080241,0.56250001799993,0
1113,-0.30604615018686,0.0021822433645216,-1.5547589080241,0.6875000219998,0
3296,-0.03095869907853,-0.014478451098151,-1.5524262916413,1.0644052646571,0
5369,0.0046226329626743,0.0031089691777058,-1.5523805517908,9.6775182142498,0
3291,-0.008072973653549,-0.02569100459082,-1.5521723038157,4.0270459668842,0
3297,-0.0081198422986106,-0.017832035893525,-1.5477610588759,1.1932157299712,0
3292,-0.0079087437654642,-0.025895831624398,-1.5471614982527,4.1558564321988,0
3298,0.0013593798970789,-0.020056286167639,-1.5430958261104,1.3220261952852,0
4870,0.011164378053247,-0.012422759086851,-1.5428249242413,7.3319361640082,0
4688,-0.0065530659735735,-0.026470755509964,-1.5427410596771,4.6648137626499,0
3293,-0.0076690756364657,-0.026077651325188,-1.5421506926898,4.2846668975134,0
4823,0.0055472951722416,-0.020713758589072,-1.5401625490835,6.4670640235362,0
3299,0.0044504333434103,-0.021384341529857,-1.5384305933449,1.4508366605993,0
4918,0.011293184796603,-0.0017426028181946,-1.5378741397336,8.3318962255089,0
3294,-0.0073539938196653,-0.026223484813588,-1.5371398871268,4.4134773628281,0
5368,0.0050488498798073,0.0033856738685457,-1.5357621488863,9.5788683543275,0
4777,-0.00027493377105186,-0.02491480831082,-1.535556835937,5.7357133624095,0
4732,-0.0042741109937162,-0.026341893635737,-1.5345899645149,5.135817699845,0
3300,0.0047820678835105,-0.022148324019708,-1.5337653605794,1.5796471259132,0
3295,-0.0069637991900407,-0.026323962617101,-1.5321290815639,4.5422878281427,0
3301,0.0039982225697464,-0.022592735291652,-1.529100127814,1.7084575912271,0
3302,0.002812026007358,-0.022855944766208,-1.5244348950485,1.837268056541,0
4869,0.01043627849697,-0.01363492670715,-1.5234841954312,7.2108142483092,0
4917,0.011536530456297,-0.0028105512235448,-1.5203099790152,8.2097584168294,0
3303,0.0015303628549901,-0.023016003277616,-1.519769662283,1.9660785218547,0
4967,0.0055119934807624,0.0035909843034489,-1.5195682349614,9.4680077948216,0
4822,0.0045092532175828,-0.021476218455706,-1.5190649532849,6.3470400904563,0
3304,0.00028269557533145,-0.023119501168342,-1.5151044295176,2.0948889871685,0
4776,-0.0011253884397757,-0.025206896613248,-1.5127236008277,5.6168691201348,0
3305,-0.0008800743274968,-0.023194070775723,-1.5104391967521,2.2236994524823,0
4731,-0.0047971404523297,-0.02631904544317,-1.5100438369762,5.0182344467239,0
3306,-0.0019351031361008,-0.023258720837305,-1.5057739639866,2.3525099177962,0
4868,0.0096353771748887,-0.014804659444927,-1.504143466621,7.0896923326106,0
4966,0.0060310184833959,0.0036644586132502,-1.5037988100163,9.3449365357322,0
4916,0.011657124322519,-0.0039476404143444,-1.5027458182967,8.0876206081499,0
3307,-0.0028773187367124,-0.023325227179884,-1.5011087312212,2.4813203831101,0
4821,0.0034955848074248,-0.022163583052243,-1.4979673574864,6.2270161573765,0
3308,-0.0037121533450655,-0.023402010409463,-1.4964434984557,2.610130848424,0
3309,-0.0044457146532979,-0.023495434251309,-1.4917782656902,2.738941313738,0
4775,-0.001905820569075,-0.025431180888621,-1.4898903657184,5.4980248778602,0
5367,0.00043692601303024,8.4752222529984e-05,-1.4889557280167,10.503690437586,0
4965,0.0065608135106496,0.0035910469933061,-1.4880293850712,9.2218652766426,0
3310,-0.0050842917080369,-0.023608796058241,-1.4871130329248,2.8677517790524,0
4730,-0.0052402950237617,-0.026248875959945,-1.4854977094374,4.9006511936027,0
4915,0.011652635839559,-0.0051387850533608,-1.4851816575783,7.9654827994703,0
4867,0.0087769105559392,-0.01592341932828,-1.4848027378109,6.9685704169125,0
3311,-0.0056335244334027,-0.023743046958377,-1.4824478001593,2.9965622443672,0
3312,-0.0060981510465606,-0.023897454067162,-1.4777825673938,3.1253727096819,0
4820,0.0025146486646075,-0.022773795139762,-1.476869761688,6.1069922242968,0
5366,0.0012877462692595,0.00040478158459527,-1.4742769261766,10.404730472182,0
3313,-0.0064820070246066,-0.024070022403789,-1.4731173346283,3.2541831749965,0
4964,0.007098790924766,0.0033680697851511,-1.4722599601261,9.0987940175533,0
3314,-0.0067881086397532,-0.024257770316717,-1.4684521018628,3.382993640311,0
4914,0.011524324143326,-0.0063686886420945,-1.4676174968598,7.8433449907907,0
4774,-0.0026129740953734,-0.025590467221524,-1.4670571306091,5.3791806355855,0
4866,0.0078759060197276,-0.016984108687582,-1.4654620090009,6.8474485012147,0
3315,-0.0070187521647734,-0.024456926519236,-1.4637868690973,3.5118041056256,0
4729,-0.0056075574467638,-0.026132012730949,-1.4609515818987,4.7830679404816,0
5365,0.0020669971510265,0.00084210028013089,-1.4595981243365,10.305770506779,0
3316,-0.0071756136524792,-0.024663071292218,-1.4591216363318,3.6406145709403,0
4963,0.0076366224395,0.0029971173484159,-1.456490535181,8.9757227584642,0
4819,0.0015749168534321,-0.023307528786832,-1.4557721658895,5.9869682912171,0
3317,-0.0072598492804388,-0.024871227425136,-1.4544564035663,3.7694250362549,0
4913,0.011276621156243,-0.007622236037441,-1.4500533361413,7.7212071821111,0
3318,-0.0072721973651832,-0.025075982456738,-1.4497911708008,3.8982355015696,0
4865,0.0069468684016401,-0.017980995066249,-1.4461212801909,6.7263265855168,0
3319,-0.0072130820007403,-0.025271852842936,-1.4451259380353,4.0270459668843,0
5364,0.0027555803531754,0.0013576103738944,-1.4449193224963,10.206810541375,0
4773,-0.0032446575260615,-0.025687770126238,-1.4442238954998,5.2603363933108,0
4962,0.0081626763627565,0.0024835856880124,-1.4407211102359,8.8526514993748,0
3320,-0.0070827254246556,-0.025453582538556,-1.4404607052698,4.1558564321988,0
308,-1.2663329450553,0.0023203134346817,-1.4395915815038,0.062500002000118,0
309,-1.1308000419577,0.0073863748293624,-1.4395915815038,0.1875000060004,0
310,-0.92626979912328,0.011118021078332,-1.4395915815038,0.31250001000043,0
1118,-0.15899157982709,-0.0051985514628497,-1.4395915815038,0.81250002599981,0
1119,-0.07246844374879,-0.011429139633486,-1.4395915815038,0.93750002999996,0
1116,-0.486457651148,0.0084872958108511,-1.4395915815038,0.56250001799992,0
311,-0.70161001192153,0.011685664969814,-1.4395915815038,0.43750001400015,0
1117,-0.30064043904118,0.0021569229491494,-1.4395915815038,0.68750002199977,0
3324,-0.025657546174632,-0.016305986052774,-1.4374317515198,1.0644052646571,0
4728,-0.0059011303977828,-0.02595633712715,-1.4364054543599,4.6654846873605,0
3321,-0.0068812953124823,-0.025614159797412,-1.4357954725043,4.2846668975134,0
4818,0.00068380485276541,-0.023765449267547,-1.434674570091,5.8669443581373,0
3325,-0.0039127800601792,-0.019743032130079,-1.4331120915517,1.1932157299712,0
4912,0.010916662576879,-0.0088848547016609,-1.4324891754229,7.5990693734318,0
3322,-0.0066090627923782,-0.025739927189354,-1.4311302397388,4.4134773628281,0
5363,0.0033507814170307,0.001914656704851,-1.4302405206561,10.107850575972,0
3326,0.0045900487077052,-0.021873718788858,-1.4287924315837,1.3220261952852,0
4864,0.0060035339481614,-0.018909586002034,-1.4267805513809,6.6052046698185,0
3323,-0.0062664891746482,-0.025820884660169,-1.4264650069733,4.5422878281427,0
4961,0.0086601423695185,0.0018356348840155,-1.4249516852907,8.7295802402851,0
3327,0.0069570880372744,-0.022994131746832,-1.4244727716157,1.4508366605992,0
4772,-0.00379974254232,-0.025726330520869,-1.4213906603905,5.1414921510362,0
3328,0.0068139230186433,-0.023537057246502,-1.4201531116476,1.5796471259132,0
3329,0.0057167936563019,-0.02376532971677,-1.4158334516796,1.7084575912271,0
5362,0.003854753206171,0.0024784617284937,-1.415561718816,10.008890610568,0
4911,0.010453788130299,-0.010142810866425,-1.4149250147044,7.4769315647526,0
4817,-0.00015229010938489,-0.024148662843026,-1.4135769742925,5.7469204250577,0
3330,0.0043162030116899,-0.023823026272333,-1.4115137917116,1.837268056541,0
4960,0.0091115602850786,0.001062999027154,-1.4091822603456,8.6065089811955,0
4863,0.0050586983238491,-0.019766446775853,-1.4074398225708,6.4840827541202,0
3331,0.002882771180446,-0.023791430552362,-1.4071941317436,1.9660785218547,0
3332,0.001525748290761,-0.02371918296,-1.4028744717755,2.0948889871684,0
5361,0.0042765704437075,0.0030190599147988,-1.4008829169758,9.9099306451653,0
4771,-0.0042782163951985,-0.02570994260422,-1.3985574252812,5.0226479087614,0
3333,0.00028501887650369,-0.023636269451005,-1.3985548118075,2.2236994524823,0
4910,0.0098990356811046,-0.01138343002941,-1.397360853986,7.354793756073,0
3334,-0.00083070495133937,-0.02356017539036,-1.3942351518395,2.3525099177962,0
4959,0.0094944318285833,0.0001835081086021,-1.3934128354005,8.4834377221058,0
4816,-0.00092802850525194,-0.024458824911631,-1.3924793784941,5.626896491978,0
3335,-0.0018197832832741,-0.023502012323805,-1.3899154918715,2.4813203831101,0
4862,0.0041241660714435,-0.0205491062279,-1.3880990937607,6.362960838422,0
5360,0.0046295449068159,0.0035104960042174,-1.3862041151358,9.8109706797627,0
3336,-0.002687791106358,-0.023468059451693,-1.3855958319035,2.610130848424,0
3337,-0.0034453839550431,-0.023463059155559,-1.3812761719354,2.738941313738,0
4909,0.0092646514906449,-0.01259524539044,-1.3797966932676,7.2326559473934,0
4958,0.0097942927998954,-0.00079085696245509,-1.3776434104553,8.360366463016,0
3338,-0.0041018680550696,-0.023489679702843,-1.3769565119674,2.8677517790525,0
4770,-0.0046814310519291,-0.025642994808627,-1.3757241901719,4.9038036664867,0
3339,-0.0046652185489171,-0.023547992569819,-1.3726368519993,2.9965622443672,0
5359,0.0049292528419064,0.0039316723701283,-1.3715253132958,9.7120107143601,0
4815,-0.0016391357067084,-0.024698062679033,-1.3713817826956,5.5068725588982,0
4861,0.0032108165141038,-0.021256497003954,-1.3687583649506,6.2418389227238,0
3340,-0.0051420163792219,-0.023636233249017,-1.3683171920313,3.1253727096819,0
3341,-0.0055375615930244,-0.02375135778687,-1.3639975320632,3.2541831749965,0
4908,0.0085636338382885,-0.013768082250103,-1.3622325325491,7.1105181387141,0
4957,0.0099998205289044,-0.0018468216692313,-1.3618739855102,8.2372952039264,0
3342,-0.0058560564732094,-0.023889380095625,-1.3596778720952,3.382993640311,0
5358,0.0051924901160623,0.0042670033932616,-1.3568465114558,9.6130507489572,0
3343,-0.0061007734422804,-0.024045586719635,-1.3553582121271,3.5118041056256,0
4769,-0.0050128804386471,-0.02552564413802,-1.3528909550626,4.784959424212,0
3344,-0.0062741976882406,-0.024214680677818,-1.3510385521591,3.6406145709403,0
4814,-0.002282387884129,-0.02486890671036,-1.3502841868971,5.3868486258185,0
4860,0.0023267948794166,-0.021886274913825,-1.3494176361406,6.1207170070258,0
3345,-0.0063781557580438,-0.024390870446075,-1.346718892191,3.769425036255,0
4956,0.010103879976279,-0.0029706793924669,-1.3461045605651,8.1142239448369,0
4907,0.0078093222909414,-0.014893086764934,-1.3446683718307,6.9883803300354,0
5007,0.0054589396873082,0.0045187396171163,-1.342528079922,9.5016097949374,0
3346,-0.0064139375898674,-0.02456798982353,-1.342399232223,3.8982355015696,0
3347,-0.006382412971807,-0.024739866454324,-1.3380795722549,4.0270459668843,0
3348,-0.006284151059111,-0.024900630705925,-1.3337599122869,4.1558564321988,0
4955,0.010103086253335,-0.0041482229871085,-1.33033513562,7.9911526857472,0
4859,0.0014799637222675,-0.022438200545886,-1.3300769073306,5.9995950913278,0
4768,-0.0052735657222772,-0.025344634949305,-1.3300577199533,4.6661151819373,0
3349,-0.0061195828821225,-0.025042687983729,-1.3294402523188,4.2846668975134,0
4813,-0.0028555974158405,-0.024974243595935,-1.3291865910986,5.2668246927387,0
5006,0.0057529917203714,0.0046214516064134,-1.3285700186945,9.3776878523008,0
4906,0.0070150411707783,-0.015962708829638,-1.3271042111124,6.8662425213569,0
3350,-0.0058891888639336,-0.025151641549728,-1.3251205923508,4.413477362828,0
312,-1.2761076300548,0.0025013910919677,-1.3244242549835,0.062500002000118,0
313,-1.1395033271657,0.0080423703692162,-1.3244242549835,0.1875000060004,0
314,-0.93216848612117,0.012457618007315,-1.3244242549835,0.31250001000043,0
1120,-0.48365557575324,0.0095817776285772,-1.3244242549835,0.56250001799991,0
1122,-0.15168916311898,-0.00649346623561,-1.3244242549835,0.81250002599979,0
1123,-0.065594047107941,-0.013412426680671,-1.3244242549835,0.93750002999996,0
315,-0.7033099269009,0.01334533433671,-1.3244242549835,0.43750001400015,0
1121,-0.29427789731643,0.0020231805000855,-1.3244242549835,0.68750002199975,0
3352,-0.019954509851199,-0.018604706916447,-1.3224372113982,1.0644052646571,0
3351,-0.0055935347774749,-0.025216706077452,-1.3208009323827,4.5422878281427,0
3353,0.00050628987879058,-0.02209398799694,-1.3184631242276,1.1932157299712,0
5005,0.0060630341739257,0.0045602675133268,-1.314611957467,9.2537659096639,0
4954,0.0099973042707597,-0.0053649665776343,-1.3145657106748,7.8680814266575,0
3354,0.0078050470840925,-0.023998536422843,-1.314489037057,1.3220261952852,0
4858,0.00067727485398923,-0.022912318731901,-1.3107361785205,5.8784731756298,0
3355,0.0093787516383724,-0.024830623307014,-1.3105149498864,1.4508366605992,0
4905,0.0061938028885307,-0.016970646561265,-1.3095400503942,6.7441047126783,0
4812,-0.0033576090275609,-0.02501734791559,-1.3080889953001,5.146800759659,0
3356,0.0087326121091756,-0.025083993347604,-1.3065408627158,1.5796471259132,0
3357,0.0073101515498914,-0.02503852952129,-1.3025667755452,1.7084575912271,0
5004,0.0063941405925134,0.0043386402817241,-1.3006538962396,9.1298439670273,0
4953,0.0097892518865791,-0.0066064955733936,-1.2987962857297,7.7450101675678,0
3358,0.0056914997688812,-0.024842889243043,-1.2985926883747,1.8372680565409,0
3359,0.0041078361302222,-0.024580296201864,-1.2946186012041,1.9660785218547,0
4904,0.0053580706852464,-0.017911749002148,-1.2919758896758,6.6219669039993,0
5357,0.00063567127000071,0.00011185167568574,-1.291925724969,10.536979864182,0
4857,-7.5238044433768e-05,-0.023309231735686,-1.2913954497105,5.7573512599317,0
3360,0.0026458632097848,-0.024299870558021,-1.2906445140335,2.0948889871684,0
4811,-0.0037883347200843,-0.025002250464096,-1.2869913995016,5.0267768265792,0
5003,0.0067432573370682,0.0039637106159776,-1.2866958350122,9.005922024391,0
3361,0.0013318497986108,-0.024031305107489,-1.2866704268629,2.2236994524823,0
4952,0.0094841274915302,-0.0078588018230945,-1.2830268607846,7.6219389084784,0
3362,0.00016668005659506,-0.023792369398057,-1.2826963396924,2.3525099177962,0
5356,0.0017982894657893,0.00052785860982793,-1.2791922777383,10.437747837651,0
3363,-0.00085938723635342,-0.023592387344745,-1.2787222525218,2.4813203831101,0
3364,-0.0017537453675011,-0.023435348170985,-1.2747481653512,2.610130848424,0
4903,0.0045195905171665,-0.018781874394432,-1.2744117289574,6.4998290953204,0
5002,0.0071012877082233,0.0034449671532674,-1.2727377737847,8.8820000817544,0
4856,-0.00077252566650611,-0.023630186975081,-1.2720547209004,5.6362293442337,0
3365,-0.0025279638718996,-0.023322565189846,-1.2707740781806,2.7389413137381,0
4951,0.0090892158106025,-0.0091085608904784,-1.2672574358395,7.4988676493891,0
3366,-0.0031949940183085,-0.023255089031926,-1.26679999101,2.8677517790525,0
5355,0.0027934690935025,0.0010886543275317,-1.2664588305076,10.33851581112,0
4810,-0.0041489611054201,-0.024933678455156,-1.2658938037031,4.9067528934994,0
3367,-0.0037654169059466,-0.023231807912556,-1.2628259038394,2.9965622443672,0
3368,-0.0042478072638226,-0.023249674940388,-1.2588518166688,3.1253727096819,0
5001,0.0074544387486594,0.0027932682161527,-1.2587797125573,8.7580781391175,0
4902,0.0036893504203742,-0.019577806649632,-1.256847568239,6.3776912866416,0
3369,-0.0046489965282563,-0.023304365314301,-1.2548777294982,3.2541831749966,0
5354,0.0036078975317392,0.0017414747558834,-1.2537253832768,10.239283784588,0
4855,-0.0014105469319788,-0.02387703677457,-1.2527139920904,5.5151074285357,0
4950,0.0086134706756554,-0.010343339714178,-1.2514880108944,7.3757963902995,0
3370,-0.0049743925965837,-0.023390701369654,-1.2509036423276,3.3829936403111,0
3371,-0.0052282419756768,-0.023502886600953,-1.246929555157,3.5118041056257,0
5000,0.0077873439453445,0.0020202925931225,-1.2448216513298,8.6341561964806,0
4809,-0.0044425634225938,-0.02481146452632,-1.2447962079046,4.7867289604196,0
3372,-0.0054138268462245,-0.023634644345534,-1.2429554679864,3.6406145709403,0
5353,0.004248658043383,0.0024390181396153,-1.2409919360461,10.140051758057,0
4901,0.0028777067543849,-0.020297558374286,-1.2392834075207,6.2555534779628,0
3373,-0.0055336266132513,-0.023779296957631,-1.2389813808158,3.769425036255,0
4949,0.0080670939543843,-0.011551739400471,-1.2357185859492,7.2527251312098,0
3374,-0.0055894624202417,-0.023929875755276,-1.2350072936452,3.8982355015696,0
4854,-0.0019862641628064,-0.024052183960133,-1.2333732632803,5.3939855128376,0
3375,-0.0055826276166425,-0.0240794869566,-1.2310332064746,4.0270459668843,0
4999,0.0080825809978522,0.0011371098477361,-1.2308635901023,8.5102342538437,0
5352,0.0047269612024363,0.0031371217521789,-1.2282584888154,10.040819731526,0
3376,-0.0055140132625621,-0.024221629000265,-1.2270591193039,4.1558564321988,0
4808,-0.0046690941407718,-0.024621492002352,-1.2236986121061,4.6667050273399,0
3377,-0.0053842838325349,-0.024348117964331,-1.2230850321333,4.2846668975134,0
4900,0.0020926468084619,-0.020938658177702,-1.2217192468024,6.1334156692841,0
4948,0.0074611324016213,-0.012723482093245,-1.2199491610041,7.1296538721205,0
3378,-0.0051941015761621,-0.024443775303956,-1.2191109449627,4.413477362828,0
4998,0.0083204790826282,0.00016175262681264,-1.2169055288748,8.3863123112067,0
5351,0.0050622695031189,0.0037987474014046,-1.2155250415847,9.9415877049949,0
3379,-0.0049441211120142,-0.024496873305844,-1.2151368577921,4.5422878281427,0
4853,-0.0024976325746844,-0.024158534969527,-1.2140325344703,5.2728635971395,0
316,-1.2867576076075,0.0027117426640932,-1.2092569284632,0.062500002000118,0
317,-1.1492690246902,0.0087437193005615,-1.2092569284632,0.1875000060004,0
318,-0.93900117978004,0.013998790218863,-1.2092569284632,0.31250001000043,0
319,-0.70528631068966,0.015354486946961,-1.2092569284632,0.43750001400015,0
1124,-0.48020682281096,0.010863991899937,-1.2092569284632,0.56250001799991,0
1125,-0.28667322625515,0.0016997245830969,-1.2092569284632,0.68750002199972,0
1126,-0.14327506840605,-0.0082684980268963,-1.2092569284632,0.81250002599977,0
1127,-0.057936981958176,-0.015989121514259,-1.2092569284632,0.93750002999995,0
3380,-0.013835232902219,-0.021484867690538,-1.2074426712766,1.0644052646571,0
4947,0.0068071070017908,-0.013849450492266,-1.2041797360591,7.0065826130317,0
4899,0.0013412490770202,-0.021500006609984,-1.204155086084,6.0112778606054,0
3381,0.004990417922105,-0.02490973373105,-1.2038141569035,1.1932157299712,0
4997,0.0084860707238693,-0.0008900806078296,-1.2029474676474,8.2623903685699,0
5350,0.005279256604945,0.0043921187394451,-1.2027915943541,9.8423556784645,0
3382,0.010941230841608,-0.026468525979554,-1.2001856425303,1.3220261952852,0
3383,0.011660047150634,-0.026915476427213,-1.1965571281572,1.4508366605992,0
4852,-0.0029435938117363,-0.024199538209508,-1.1946918056602,5.1517416814415,0
3384,0.010489082555701,-0.026796982571639,-1.192928613784,1.5796471259132,0
5349,0.0054058234116716,0.0048917574594298,-1.1900581471235,9.743123651934,0
3385,0.0087349053257571,-0.026408982046845,-1.1893000994109,1.7084575912271,0
4996,0.0085702675591533,-0.00200607457502,-1.1889894064199,8.1384684259331,0
4946,0.006116682520261,-0.014921688981941,-1.1884103111141,6.8835113539432,0
4898,0.00062989489694634,-0.021981191009349,-1.1865909253657,5.8891400519267,0
3386,0.0068998072033476,-0.0259038403455,-1.1856715850377,1.8372680565409,0
3387,0.005172451861845,-0.025365207556704,-1.1820430706646,1.9660785218547,0
3388,0.0036150420130839,-0.024840932783789,-1.1784145562915,2.0948889871684,0
5348,0.0054718321743354,0.0052798727436986,-1.1773246998929,9.6438916254033,0
4851,-0.0033240887071908,-0.024179583300529,-1.1753510768501,5.0306197657433,0
4995,0.0085687382480202,-0.0031732860980671,-1.1750313451925,8.0145464832961,0
3389,0.0022386023744555,-0.024358548805741,-1.1747860419183,2.2236994524823,0
4945,0.0054013889654448,-0.015933372605573,-1.1726408861691,6.7604400948545,0
3390,0.0010341920530808,-0.023933443310484,-1.1711575275452,2.3525099177962,0
4897,-3.5897549844629e-05,-0.02238249054869,-1.1690267646474,5.767002243248,0
3391,-1.4012673193271e-05,-0.023573305142862,-1.1675290131721,2.4813203831102,0
5047,0.0055063632416386,0.0055637741632638,-1.1648921687396,9.531930830246,0
3392,-0.00092352088858899,-0.023280136666221,-1.1639004987989,2.6101308484241,0
4994,0.008480317748664,-0.0043782595369876,-1.161073283965,7.8906245406592,0
3393,-0.0017050880383768,-0.023050707295086,-1.1602719844258,2.7389413137381,0
4944,0.0046723950629937,-0.016878741273753,-1.1568714612241,6.6373688357654,0
3394,-0.0023737555669846,-0.02288256639168,-1.1566434700526,2.8677517790525,0
4850,-0.0036402178142203,-0.024103835496282,-1.1560103480401,4.9094978500452,0
3395,-0.0029428612570536,-0.022772866040585,-1.1530149556795,2.9965622443672,0
5046,0.0055432556946104,0.0056721573583169,-1.1527605536639,9.4072412664623,0
4896,-0.00065153095516602,-0.022704939913325,-1.151462603929,5.6448644345693,0
3396,-0.0034231052668977,-0.022716941624095,-1.1493864413063,3.125372709682,0
4993,0.0083063647018289,-0.0056074162065333,-1.1471152227375,7.7667025980223,0
3397,-0.0038228859571987,-0.022708915042648,-1.1457579269331,3.2541831749966,0
3398,-0.0041488007103301,-0.02274220753858,-1.14212941256,3.3829936403111,0
4943,0.0039403415890935,-0.017753006309199,-1.141102036279,6.5142975766765,0
5045,0.0056112133489305,0.0055956539339027,-1.1406289385881,9.2825517026784,0
3399,-0.0044060353780709,-0.02280978946178,-1.1385008981868,3.5118041056257,0
4849,-0.0038946982214668,-0.023971951864808,-1.13666961923,4.7883759343471,0
3400,-0.0045986296000976,-0.022904302560415,-1.1348723838137,3.6406145709403,0
4895,-0.0012133473198703,-0.02295030836726,-1.1338984432107,5.5227266258906,0
4992,0.0080504266933291,-0.0068474291159737,-1.13315716151,7.6427806553856,0
3401,-0.0047296759893297,-0.023018119563497,-1.1312438694405,3.769425036255,0
5044,0.0057224717254018,0.0053479055689286,-1.1284973235123,9.1578621388948,0
3402,-0.0048014897062806,-0.023143435568203,-1.1276153550673,3.8982355015696,0
4942,0.0032152641243836,-0.018552272963664,-1.125332611334,6.3912263175875,0
3403,-0.0048157547883794,-0.023272622966362,-1.1239868406942,4.0270459668843,0
3404,-0.0047736543393148,-0.023398554311607,-1.120358326321,4.1558564321988,0
4991,0.0077179733705906,-0.0080854903444108,-1.1191991002826,7.5188587127491,0
4848,-0.0040865710316177,-0.023769247095995,-1.11732889042,4.667254018649,0
3405,-0.0046760558420451,-0.023512481529117,-1.1167298119478,4.2846668975134,0
5043,0.0058769030006716,0.0049441385971113,-1.1163657084365,9.0331725751114,0
4894,-0.0017186308139336,-0.023121056189096,-1.1163342824923,5.4005888172119,0
3406,-0.0045237863107339,-0.023598442189886,-1.1131012975747,4.413477362828,0
4941,0.00250659971884,-0.019273604043894,-1.1095631863889,6.2681550584986,0
3407,-0.0043176243530294,-0.02364362439197,-1.1094727832015,4.5422878281427,0
4990,0.0073160842937228,-0.0093095013469347,-1.1052410390552,7.3949367701123,0
5042,0.0060658900936913,0.0043993370119181,-1.1042340933607,8.9084830113277,0
4893,-0.0021656012816105,-0.023220278746966,-1.098770121774,5.2784510085332,0
5347,0.00090942541502589,0.00014356237689573,-1.0943068697489,10.566573698002,0
322,-0.94697456882068,0.015717436443305,-1.0940896019429,0.31250001000043,0
1128,-0.47586494530101,0.012326133134093,-1.0940896019429,0.5625000179999,0
1129,-0.27744573839537,0.00105112379691,-1.0940896019429,0.6875000219997,0
1130,-0.13347132228101,-0.01072411732553,-1.0940896019429,0.81250002599974,0
320,-1.2983295722013,0.002942970413517,-1.0940896019429,0.062500002000117,0
321,-1.1602426340789,0.0094408829882412,-1.0940896019429,0.1875000060004,0
323,-0.70760557056932,0.01775745422327,-1.0940896019429,0.43750001400015,0
1131,-0.049368697044544,-0.019355061908496,-1.0940896019429,0.93750002999994,0
4940,0.0018223816414517,-0.019915086691353,-1.0937937614439,6.1450837994099,0
3408,-0.007295837714173,-0.025099341919863,-1.092448131155,1.0644052646571,0
5041,0.0062755341228234,0.003727476837196,-1.0921024782849,8.7837934475438,0
4989,0.0068530962697065,-0.010508209590595,-1.0912829778277,7.2710148274753,0
3409,0.0094746744629065,-0.028295939286957,-1.0891651895793,1.1932157299712,0
3410,0.013920321135044,-0.029347658266793,-1.0858822480036,1.3220261952852,0
5346,0.0024892695786977,0.00067139713373432,-1.0835237860731,10.467107760819,0
3411,0.013730276219003,-0.029271900416191,-1.0825993064279,1.4508366605992,0
4892,-0.0025533993769342,-0.023251744553732,-1.0812059610556,5.1563131998545,0
5040,0.006489705054507,0.0029416831059396,-1.0799708632091,8.6591038837599,0
3412,0.012022124302693,-0.028675941744835,-1.0793163648522,1.5796471259132,0
4939,0.0011686854305705,-0.020474470898312,-1.0780243364989,6.0220125403211,0
4988,0.0063382471017761,-0.011671301361113,-1.0773249166003,7.1470928848387,0
3413,0.0099386308335103,-0.0278625829449,-1.0760334232765,1.7084575912271,0
3414,0.0078967077925725,-0.026983102191269,-1.0727504817008,1.8372680565409,0
5345,0.0037651815502711,0.0013742554812703,-1.0727407023974,10.367641823637,0
3415,0.0060392400946657,-0.026118246364533,-1.0694675401251,1.9660785218546,0
5039,0.0066916577838736,0.002054431023706,-1.0678392481333,8.5344143199758,0
3416,0.0044019601580637,-0.025311776176713,-1.0661845985494,2.0948889871684,0
4891,-0.0028820750432485,-0.023220314681931,-1.0636418003372,5.0341753911757,0
4987,0.005781344336005,-0.012789463390215,-1.0633668553729,7.0231709422027,0
3417,0.0029793568773302,-0.024586641323804,-1.0629016569737,2.2236994524823,0
4938,0.00055114348626273,-0.020951210233493,-1.0622549115539,5.8989412812324,0
5344,0.0047395818326663,0.0021837017101768,-1.0619576187216,10.268175886454,0
3418,0.0017515643519308,-0.023953625361721,-1.059618715398,2.3525099177963,0
3419,0.00069538512680398,-0.023416135129006,-1.0563357738223,2.4813203831102,0
5038,0.0068643342330655,0.0010772723174103,-1.0557076330575,8.4097247561918,0
3420,-0.00021143277639444,-0.022972892515003,-1.0530528322466,2.6101308484241,0
5343,0.0054363984868449,0.0030408673450197,-1.0511745350459,10.168709949272,0
3421,-0.00098851246439169,-0.022619101433453,-1.0497698906709,2.7389413137381,0
4986,0.0051924549238563,-0.01385441026845,-1.0494087941455,6.899248999567,0
3422,-0.0016482678858311,-0.022345237670933,-1.0464869490952,2.8677517790525,0
4937,-2.5404183902756e-05,-0.021345519826794,-1.0464854866089,5.7758700221436,0
4890,-0.0031527006092957,-0.023131669437463,-1.0460776396189,4.9120375824968,0
5037,0.0069902193767732,2.4713563055394e-05,-1.0435760179817,8.2850351924079,0
3423,-0.0022063256785476,-0.022145714091039,-1.0432040075195,2.9965622443673,0
5342,0.0058799533115255,0.0038908140491585,-1.0403914513701,10.06924401209,0
3424,-0.0026755614119908,-0.022013861106049,-1.0399210659438,3.125372709682,0
3425,-0.0030659334141842,-0.021941941070105,-1.0366381243681,3.2541831749966,0
4985,0.0045816471208242,-0.014858887657209,-1.0354507329182,6.775327056931,0
3426,-0.0033851715053104,-0.021921741687842,-1.0333551827923,3.3829936403111,0
5036,0.0070548867160026,-0.0010843567771957,-1.0314444029059,8.1603456286241,0
4936,-0.00055694600668825,-0.021658463803875,-1.0307160616638,5.6527987630549,0
3427,-0.0036393249691193,-0.021944842903486,-1.0300722412166,3.5118041056257,0
5341,0.0061034084563215,0.0046878542853247,-1.0296083676944,9.9697780749077,0
4889,-0.0033676818580133,-0.022985432253424,-1.0285134789005,4.7898997738181,0
3428,-0.0038331153591814,-0.022002707522026,-1.0267892996409,3.6406145709403,0
3429,-0.0039701789539814,-0.022086708818926,-1.0235063580652,3.769425036255,0
4984,0.0039587810773199,-0.015796643773357,-1.0214926716908,6.6514051142948,0
3430,-0.0040532640397618,-0.022188193369987,-1.0202234164895,3.8982355015697,0
5035,0.0070514489463386,-0.0022397130824983,-1.0193127878301,8.03565606484,0
5340,0.006145950217665,0.0053919640861155,-1.0188252840187,9.8703121377261,0
3431,-0.004084395727085,-0.022298814657782,-1.0169404749137,4.0270459668843,0
4935,-0.0010403290366256,-0.021891955039176,-1.0149466367188,5.5297275039661,0
3432,-0.0040650097292707,-0.02241085728723,-1.013657533338,4.1558564321988,0
4888,-0.0035252722462694,-0.022766665111723,-1.0109493181822,4.6677619651394,0
3433,-0.0039961418273143,-0.022515077643413,-1.0103745917623,4.2846668975134,0
5339,0.0060517241881946,0.005970175689216,-1.0080422003431,9.7708462005446,0
4983,0.0033333369391782,-0.016662383872005,-1.0075346104634,6.5274831716586,0
5034,0.0069779220954873,-0.003429488836612,-1.0071811727543,7.910966501056,0
3434,-0.0038787741677242,-0.022594794096566,-1.0070916501866,4.413477362828,0
3435,-0.0037139025142391,-0.02263601002722,-1.0038087086109,4.5422878281427,0
4934,-0.0014732678456874,-0.022048708376889,-0.99917721177377,5.4066562448773,0
5338,0.0058690141430437,0.0063997867453022,-0.99725911666742,9.6713802633628,0
5033,0.0068347628564053,-0.0046411213750857,-0.99504955767847,7.7862769372721,0
4982,0.0027142959218001,-0.017451729818223,-0.99357654923602,6.4035612290224,0
5087,0.0056195603079978,0.0066908544453126,-0.98672175620737,9.5589603668471,0
4933,-0.0018543367580441,-0.022132172587262,-0.98340778682874,5.2835849857885,0
5032,0.0066242514002526,-0.0058620465192438,-0.98291794260267,7.6615873734884,0
4981,0.002110049037493,-0.01816125764235,-0.97961848800864,6.2796392863863,0
324,-1.3108032316721,0.0031753416927174,-0.97892227542254,0.062500002000117,0
325,-1.172546274726,0.010045523338091,-0.97892227542254,0.1875000060004,0
326,-0.95633716563348,0.017544459072435,-0.97892227542254,0.31250001000043,0
327,-0.71036071456512,0.020579582304625,-0.97892227542254,0.43750001400015,0
1132,-0.47027248656559,0.013915404340774,-0.97892227542254,0.56250001799989,0
1133,-0.26608986972727,-0.00014887566976085,-0.97892227542254,0.68750002199967,0
1134,-0.12192828355624,-0.014156193503724,-0.97892227542254,0.81250002599972,0
1135,-0.03972829858225,-0.023802827150579,-0.97892227542254,0.93750002999994,0
3436,-0.00029252948414684,-0.029716514264727,-0.97745359103341,1.0644052646571,0
5086,0.0053569230172841,0.0067660876887568,-0.97643011896298,9.4335865109976,0
3437,0.013851375052276,-0.032354784422455,-0.97451622225514,1.1932157299712,0
3438,0.016623084007171,-0.032672812090258,-0.97157885347688,1.3220261952852,0
5031,0.0063503387471187,-0.0070800633323121,-0.97078632752689,7.5368978097049,0
3439,0.015494719445569,-0.031902795948922,-0.96864148469862,1.4508366605992,0
4932,-0.0021829441738575,-0.022146562937646,-0.96763836188372,5.1605137266998,0
5085,0.0051588667903045,0.0066331106881213,-0.96613848171859,9.3082126551478,0
3440,0.013254588252069,-0.030701690520624,-0.96570411592036,1.5796471259132,0
4980,0.0015280569365243,-0.018788693914235,-0.96566042678127,6.1557173437503,0
3441,0.010858092781881,-0.029366403787481,-0.9627667471421,1.7084575912271,0
3442,0.0086306901451076,-0.028040124120627,-0.95982937836384,1.8372680565409,0
5030,0.0060184790708148,-0.0082835028984982,-0.95865471245112,7.4122082459209,0
3443,0.0066664897843424,-0.026795381927757,-0.95689200958558,1.9660785218546,0
5084,0.0050412273443901,0.0063223647699176,-0.95584684447422,9.1828387992983,0
3444,0.0049728919345645,-0.025667585875662,-0.95395464080733,2.0948889871684,0
4931,-0.0024592964276325,-0.022097289117912,-0.95186893693867,5.0374424676109,0
4979,0.00097370559849186,-0.019332000660861,-0.9517023655539,6.0317954011143,0
3445,0.0035267567290227,-0.02467169014987,-0.95101727202908,2.2236994524823,0
3446,0.002296673794303,-0.023811143351903,-0.94807990325082,2.3525099177963,0
5029,0.0056353560800238,-0.0094613480726534,-0.94652309737531,7.2875186821369,0
5083,0.0050021216591793,0.0058602686440168,-0.94555520722986,9.0574649434491,0
3447,0.0012516020087432,-0.02308281739866,-0.94514253447257,2.4813203831102,0
3448,0.00036387134239588,-0.022479809476729,-0.94220516569431,2.6101308484241,0
3449,-0.00039015233248293,-0.021993178948315,-0.93926779691606,2.7389413137381,0
4978,0.00045164067458717,-0.019790616706573,-0.93774430432653,5.9078734584783,0
3450,-0.0010282712648583,-0.021611172478809,-0.93633042813779,2.8677517790525,0
4930,-0.0026844687357616,-0.021990578013585,-0.93609951199363,4.914371208522,0
5082,0.0050291972801168,0.0052680748028431,-0.93526356998548,8.9320910875995,0
5028,0.0052085712691101,-0.010603332728108,-0.93439148229953,7.1628291183533,0
3451,-0.0015642507550478,-0.021320670339559,-0.93339305935951,2.9965622443673,0
3452,-0.0020125965782245,-0.021112725655533,-0.93045569058123,3.125372709682,0
3453,-0.0023847446864638,-0.020977416936289,-0.92751832180295,3.2541831749966,0
5081,0.0051048121410537,0.0045624390259967,-0.92497193274108,8.8067172317497,0
3454,-0.0026894509473335,-0.02090463796812,-0.92458095302468,3.3829936403111,0
4977,-3.4117659464805e-05,-0.020164941196049,-0.92378624309917,5.7839515158423,0
5027,0.0047463323249705,-0.011700038270639,-0.92225986722378,7.0381395545702,0
3455,-0.0029335002796274,-0.020884413196497,-0.9216435842464,3.5118041056257,0
4929,-0.0028605883432281,-0.021826144086408,-0.92033008704861,4.7912999494332,0
3456,-0.0031221737915267,-0.020906940745726,-0.91870621546812,3.6406145709403,0
3457,-0.0032595425972721,-0.02096256824006,-0.91576884668985,3.769425036255,0
5080,0.0052095903830523,0.0037567636449944,-0.91468029549668,8.6813433759,0
3458,-0.0033486954460099,-0.021041812899024,-0.91283147791157,3.8982355015697,0
5026,0.0042571697894029,-0.012742967876874,-0.91012825214809,6.9134499907874,0
3459,-0.0033919249980712,-0.021135660553876,-0.90989410913329,4.0270459668843,0
4976,-0.00048025132890366,-0.020456313170253,-0.9098281818718,5.6600295732064,0
3460,-0.003390864307931,-0.021235885270916,-0.90695674035502,4.1558564321988,0
4928,-0.0029852367385054,-0.02158914180577,-0.90456066210357,4.6682286903444,0
5079,0.0053245888831202,0.0028626084121458,-0.90438865825228,8.5559695200501,0
3461,-0.0033466723806497,-0.021332870499366,-0.90401937157674,4.2846668975134,0
3462,-0.0032604760307382,-0.021409375074417,-0.90108200279846,4.413477362828,0
3463,-0.0031336386468235,-0.021450194540179,-0.89814463402019,4.5422878281427,0
5025,0.0037497051458246,-0.013724585585634,-0.89799663707241,6.7887604270044,0
5337,0.0012732350848689,0.00017745386648747,-0.89616847242685,10.592461559816,0
4975,-0.00088420102217621,-0.020666997093657,-0.89587012064442,5.5361076305703,0
5078,0.0054324895986937,0.0018906894969987,-0.89409702100789,8.4305956642002,0
5336,0.0033902364868085,0.0008239370905367,-0.88734001475247,10.492799954033,0
5024,0.0032324584222372,-0.014638336720001,-0.88586502199669,6.6640708632211,0
5077,0.0055175356161808,0.00085043174195078,-0.88380538376349,8.3052218083504,0
4974,-0.0012441814596377,-0.020800129997112,-0.88191205941703,5.4121856879344,0
5335,0.0050172819764213,0.0016760768764841,-0.87851155707811,10.393138348251,0
5023,0.002713670035192,-0.015478645651555,-0.87373340692094,6.5393812994378,0
5076,0.0055640283872433,-0.00024590427105194,-0.8735137465191,8.1798479525008,0
5334,0.0061883691193532,0.0026505162334483,-0.86968309940372,10.293476742468,0
4973,-0.0015591707070365,-0.020859637809407,-0.86795399818966,5.2882637452983,0
329,-1.1862471220184,0.010416432936798,-0.86375494890224,0.1875000060004,0
330,-0.96739503076528,0.01934170198605,-0.86375494890224,0.31250001000043,0
328,-1.3240403040748,0.0033717695940381,-0.86375494890224,0.062500002000117,0
331,-0.71370633592562,0.023807240190441,-0.86375494890224,0.43750001400015,0
1136,-0.46291502568628,0.015493244064764,-0.86375494890224,0.56250001799988,0
1137,-0.25195222504437,-0.0022686271855697,-0.86375494890224,0.68750002199965,0
1138,-0.10824628591459,-0.018969924216107,-0.86375494890224,0.8125000259997,0
1139,-0.02890579577947,-0.02965959254304,-0.86375494890224,0.93750002999993,0
5075,0.005560066813552,-0.0013797359831681,-0.86322210927473,8.0544740966509,0
3464,0.0069280816035307,-0.035462100572088,-0.86245905091183,1.0644052646571,0
5022,0.0022011613812744,-0.016240910628113,-0.86160179184519,6.4146917356546,0
5333,0.0069525828007458,0.0036780422471133,-0.86085464172932,10.193815136686,0
3465,0.017919399777611,-0.037125854275502,-0.859867254931,1.1932157299712,0
3466,0.018895149196204,-0.036431071625272,-0.85727545895018,1.3220261952852,0
3467,0.016836372317132,-0.034772297872215,-0.85468366296936,1.4508366605992,0
4972,-0.0018288730791181,-0.020850257146504,-0.85399593696229,5.1643418026623,0
5074,0.0055012860382215,-0.002542662255449,-0.85293047203034,7.929100240801,0
3468,0.014093217190928,-0.032820816044299,-0.85209186698853,1.5796471259132,0
5332,0.0073504114091901,0.004692677683439,-0.85202618405494,10.094153530903,0
3469,0.011419190938215,-0.030856330978623,-0.84950007100771,1.7084575912271,0
5021,0.001702208796273,-0.016921543391812,-0.84947017676946,6.2900021718715,0
3470,0.0090435529236328,-0.029006314685568,-0.84690827502689,1.8372680565409,0
3471,0.007008890635417,-0.027327951954667,-0.84431647904607,1.9660785218546,0
5331,0.0074302815818969,0.0056385530108683,-0.84319772638058,9.9944919251211,0
5073,0.0053875559327493,-0.0037236832562402,-0.84263883478593,7.8037263849512,0
3472,0.0052926906859929,-0.025842390041883,-0.84172468306526,2.0948889871684,0
4971,-0.0020536600921142,-0.02077795867723,-0.8400378757349,5.0404198600262,0
3473,0.0038534534438919,-0.024551940484278,-0.83913288708444,2.2236994524823,0
5020,0.0012233191422777,-0.017518199096519,-0.83733856169375,6.1653126080884,0
3474,0.0026480600753599,-0.023449156117869,-0.83654109110363,2.3525099177963,0
5330,0.0072469421629969,0.0064634696838951,-0.83436926870628,9.8948303193393,0
3475,0.0016377685077901,-0.02252168936242,-0.83394929512281,2.4813203831102,0
5072,0.0052203242120655,-0.0049110758374833,-0.83234719754154,7.6783525291017,0
3476,0.00078971186738081,-0.021754941214067,-0.83135749914199,2.6101308484241,0
3477,7.6720308849269e-05,-0.021133640756757,-0.82876570316117,2.7389413137381,0
3478,-0.00052297471804656,-0.02064283550838,-0.82617390718034,2.8677517790526,0
4970,-0.0022346125165007,-0.020649477698687,-0.82607981450751,4.9164979173901,0
5329,0.0068629728608346,0.0071203167584695,-0.825540811032,9.7951687135576,0
5019,0.00076894945613727,-0.018029423284291,-0.82520694661802,6.0406230443054,0
3479,-0.0010242554806841,-0.020263593543959,-0.82358211119951,2.9965622443673,0
5071,0.0050023760854429,-0.0060932736057752,-0.82205556029717,7.5529786732523,0
3480,-0.0014409242259004,-0.019982336416253,-0.82099031521867,3.125372709682,0
3481,-0.001785443582643,-0.019786613751643,-0.81839851923783,3.2541831749966,0
5328,0.0063529941920878,0.0075731796358205,-0.81671235335766,9.6955071077757,0
3482,-0.0020673594144688,-0.019664143761951,-0.815806723257,3.3829936403111,0
3483,-0.0022939887606329,-0.019603227643464,-0.81321492727616,3.5118041056257,0
5018,0.00034275155526192,-0.018454978129252,-0.8130753315423,5.9159334805223,0
4969,-0.0023736011784483,-0.020464716707601,-0.81212175328014,4.792575974754,0
5070,0.0047378248723054,-0.0072591080888504,-0.8117639230528,7.4276048174025,0
3484,-0.0024709892484405,-0.019592741961125,-0.81062313129533,3.6406145709404,0
5127,0.0057411872505287,0.0078295130498914,-0.80807828292475,9.5826890143335,0
3485,-0.0026027088423394,-0.019622025330889,-0.80803133531449,3.769425036255,0
3486,-0.0026924448991854,-0.01968083243747,-0.80543953933366,3.8982355015697,0
3487,-0.002742653685105,-0.019759580794029,-0.80284774335282,4.0270459668843,0
5069,0.0044319346683777,-0.0083978896648699,-0.80147228580841,7.3022309615527,0
5017,-5.211507073336e-05,-0.018795725282561,-0.8009437164666,5.7912439167393,0
3488,-0.002755088142501,-0.019849657515989,-0.80025594737198,4.1558564321988,0
5126,0.0051251698803256,0.0078081571471331,-0.7996385997333,9.4567144332311,0
4968,-0.0024676522666456,-0.020209300119321,-0.79816369205275,4.668654032118,0
3489,-0.0027309675077184,-0.019941255657987,-0.79766415139115,4.2846668975134,0
3490,-0.002671537336482,-0.020016854151764,-0.79507235541031,4.413477362828,0
3491,-0.0025787204399973,-0.020060141747818,-0.79248055942948,4.5422878281427,0
5125,0.0046414603321063,0.0075579237292587,-0.79119891654185,9.3307398521285,0
5068,0.0040908419975735,-0.0094995197240584,-0.79118064856403,7.1768571057032,0
5016,-0.00041307701274642,-0.019053502982422,-0.78881210139088,5.6665543529563,0
5124,0.0042985050050406,0.007137160435418,-0.78275923335041,9.2047652710262,0
5067,0.0037212640958197,-0.010554623778065,-0.78088901131968,7.0514832498543,0
5015,-0.00073820821094865,-0.01923109287468,-0.77668048631514,5.5418647891732,0
5123,0.0040819909372187,0.0065858951338924,-0.77431955015899,9.0787906899242,0
5066,0.0033302486879419,-0.011554676480431,-0.77059737407538,6.9261093940056,0
5122,0.0039683804718147,0.0059299177228514,-0.76587986696754,8.9528161088218,0
5014,-0.0010262446762457,-0.019332161481459,-0.76454887123941,5.4171752253902,0
5065,0.0029249625573816,-0.012492094121594,-0.7603057368311,6.8007355381568,0
5121,0.0039314939579509,0.0051857309173045,-0.75744018377608,8.8268415277192,0
5013,-0.0012765706792805,-0.019361162121105,-0.75241725616369,5.2924856616071,0
5064,0.0025125328660644,-0.01336029962027,-0.75001409958677,6.6753616823076,0
5120,0.0039460697779356,0.0043642748672461,-0.74900050058461,8.7008669466166,0
334,-0.98047354730863,0.020865394151616,-0.74858762238198,0.31250001000043,0
1143,-0.016889825798917,-0.037322386992289,-0.74858762238198,0.93750002999992,0
333,-1.2012565392483,0.010339078997993,-0.74858762238198,0.1875000060004,0
1142,-0.091980655517846,-0.02574198406427,-0.74858762238198,0.81250002599967,0
332,-1.3376680066353,0.0034606198424021,-0.74858762238198,0.062500002000117,0
335,-0.71787208014193,0.027351608761798,-0.74858762238198,0.43750001400015,0
1140,-0.45301560081628,0.016763427775253,-0.74858762238198,0.56250001799987,0
1141,-0.23418668442172,-0.0059073417772385,-0.74858762238198,0.68750002199963,0
3492,0.014022255469463,-0.042437096470112,-0.74746451079029,1.0644052646571,0
3493,0.021411208201296,-0.042639570539865,-0.7452182876069,1.1932157299712,0
3494,0.020551912188234,-0.040572092019582,-0.74297206442352,1.3220261952852,0
3495,0.017613221644319,-0.037793016519335,-0.74072584124014,1.4508366605992,0
5119,0.0039895592788775,0.0034736843669449,-0.74056081739315,8.5748923655139,0
5012,-0.0014891719755852,-0.019323345182244,-0.74028564108797,5.167796097824,0
5063,0.0020998695490615,-0.014153762583712,-0.73972246234243,6.5499878264585,0
3496,0.014427335679641,-0.034926088445016,-0.73847961805676,1.5796471259132,0
3497,0.011537432121885,-0.032218303942781,-0.73623339487338,1.7084575912271,0
3498,0.0090719736971487,-0.029769143812469,-0.73398717169,1.8372680565409,0
5118,0.0040428600256391,0.002521257157199,-0.7321211342017,8.4489177844111,0
3499,0.0070195920782852,-0.027609851733233,-0.73174094850662,1.9660785218546,0
3500,0.0053269498318165,-0.025739058704925,-0.72949472532325,2.0948889871684,0
5062,0.0016935182177117,-0.014868026737011,-0.72943082509808,6.4246139706094,0
5011,-0.001664556670416,-0.019225164782394,-0.72815402601223,5.0431065340409,0
3501,0.0039342214722551,-0.024140264499907,-0.72724850213987,2.2236994524823,0
3502,0.0027871044763679,-0.022790603517731,-0.7250022789565,2.3525099177963,0
5117,0.0040904503683895,0.001514270334296,-0.72368145101024,8.3229432033086,0
3503,0.0018398897726233,-0.021665242577023,-0.72275605577312,2.4813203831102,0
3504,0.0010552936176531,-0.020739543759045,-0.72050983258975,2.6101308484241,0
5061,0.001299525246567,-0.015499758441725,-0.71913918785375,6.2992401147604,0
3505,0.00040331349601373,-0.019990114033288,-0.71826360940637,2.7389413137382,0
5010,-0.0018037882797023,-0.01907373930491,-0.7160224109365,4.9184169702577,0
3506,-0.00013986606379169,-0.019395363243042,-0.71601738622298,2.8677517790526,0
5116,0.004119115455699,0.00045886040447019,-0.71524176781879,8.1969686222061,0
3507,-0.00059209230527959,-0.018935601193304,-0.71377116303959,2.9965622443673,0
3508,-0.00096576884444128,-0.01858837490663,-0.71152493985619,3.1253727096821,0
3509,-0.0012730788487128,-0.018338787507849,-0.7092787166728,3.2541831749966,0
5060,0.00092315185808674,-0.016047069527444,-0.70884755060943,6.1738662589115,0
3510,-0.0015239574949564,-0.018172265404895,-0.70703249348941,3.3829936403111,0
5115,0.004115932904939,-0.00063238320591185,-0.70680208462735,8.0709940411034,0
3511,-0.0017259558297826,-0.018075316094848,-0.70478627030601,3.5118041056257,0
5009,-0.0019084967493589,-0.018869216837024,-0.70389079586077,4.7937274064746,0
3512,-0.001884856498432,-0.018035516495936,-0.70254004712262,3.6406145709404,0
3513,-0.0020050726806709,-0.018041289638281,-0.70029382393923,3.769425036255,0
5059,0.00056769780451356,-0.016509323841098,-0.69855591336511,6.0484924030626,0
5114,0.0040729058986768,-0.0017446074852266,-0.69836240143589,7.9450194600007,0
3514,-0.0020899365234715,-0.018081766430724,-0.69804760075584,3.8982355015697,0
5327,0.0017337578387036,0.00020809413157932,-0.69758002526425,10.614634370184,0
3515,-0.0021419310257493,-0.018146958517712,-0.69580137757244,4.0270459668843,0
3516,-0.0021628258608673,-0.018228040882468,-0.69355515438905,4.1558564321988,0
5008,-0.0019752784967087,-0.018598093871875,-0.69175918078504,4.6690378426915,0
3517,-0.0021538130002824,-0.018315255857537,-0.69130893120566,4.2846668975134,0
5326,0.0045100891879265,0.00096009445455428,-0.69070970782909,10.514815414854,0
5113,0.0039883649163934,-0.0028700660200091,-0.68992271824442,7.8190448788981,0
3518,-0.002116195021441,-0.018391214778408,-0.68906270802227,4.413477362828,0
5058,0.00023587597004828,-0.016886896709326,-0.68826427612079,5.9231185472137,0
3519,-0.0020526477633703,-0.018438778797833,-0.68681648483887,4.5422878281427,0
5325,0.0065592540305743,0.0019444953143589,-0.68383939039394,10.414996459525,0
5112,0.0038631897114782,-0.0039982459469634,-0.68148303505296,7.6930702977958,0
5057,-6.9987040593496e-05,-0.017181309918831,-0.67797263887648,5.7977446913649,0
5324,0.0079682731644293,0.0030687288798354,-0.67696907295876,10.315177504195,0
5111,0.0036993470419708,-0.0051182165170206,-0.67304335186153,7.5670957166935,0
5323,0.0088188252053101,0.0042579987710717,-0.67009875552359,10.215358548865,0
5056,-0.00034804919128653,-0.017395028830048,-0.66768100163216,5.672370835516,0
5110,0.0034999058197628,-0.0062193406283625,-0.66460366867009,7.4411211355909,0
5322,0.0091670591689488,0.0054376501076445,-0.66322843808842,10.115539593536,0
5055,-0.00059699654959167,-0.01753141617559,-0.65738936438782,5.5469969796671,0
5321,0.0090731068982735,0.0065417327343193,-0.65635812065327,10.015720638207,0
5109,0.0032689341593744,-0.007291360994003,-0.65616398547864,7.3151465544883,0
5320,0.0086009648632613,0.0075004300477867,-0.64948780321817,9.9159016828778,0
5108,0.0030112484214144,-0.0083245045266732,-0.64772430228719,7.1891719733859,0
5054,-0.00081605176265128,-0.017594666477527,-0.64709772714349,5.4216231238182,0
5319,0.0078295778598512,0.0082389740056719,-0.64261748578308,9.816082727549,0
5107,0.0027321648639949,-0.0093096782843925,-0.63928461909577,7.0631973922842,0
5053,-0.001004959249947,-0.01758969691249,-0.63680608989916,5.2962492679692,0
5318,0.0068696442095682,0.0086921812363056,-0.63574716834795,9.71626377222,0
336,-1.3508845556111,0.0033068490458419,-0.63342029586168,0.062500002000117,0
337,-1.217091677582,0.0095085449963497,-0.63342029586168,0.1875000060004,0
338,-0.99569201396892,0.021705622938675,-0.63342029586168,0.31250001000043,0
339,-0.7230053643382,0.030944454527052,-0.63342029586168,0.43750001400015,0
1144,-0.43920693295608,0.017107290352942,-0.63342029586168,0.56250001799987,0
1145,-0.2116906661798,-0.012041260242056,-0.63342029586168,0.6875000219996,0
1146,-0.072632807588145,-0.035371278192126,-0.63342029586168,0.81250002599965,0
1147,-0.0037642074605562,-0.047447073302077,-0.63342029586168,0.93750002999991,0
3520,0.020556182490399,-0.050831826437063,-0.63246997066871,1.0644052646571,0
5106,0.002437279901613,-0.010238649855493,-0.63084493590439,6.9372228111828,0
3521,0.02394749369371,-0.048828226854161,-0.63056932028277,1.1932157299712,0
5167,0.0057675512488259,0.008847433046828,-0.62902335336838,9.6031085291334,0
3522,0.021351000583591,-0.044952182429195,-0.62866866989683,1.3220261952852,0
3523,0.017646672007916,-0.040775725620845,-0.6267680195109,1.4508366605992,0
5052,-0.0011639332451655,-0.017522151213351,-0.62651445265484,5.1708754121203,0
3524,0.014126813771337,-0.036814170397994,-0.62486736912496,1.5796471259132,0
3525,0.011120200798278,-0.033254577538318,-0.62296671873902,1.7084575912271,0
5166,0.0047355500571654,0.0086246801838176,-0.62244604084439,9.4766169982893,0
5105,0.002132258453177,-0.011104130644819,-0.62240525271302,6.8112482300811,0
3526,0.008651485608045,-0.030146187389309,-0.62106606835309,1.8372680565409,0
3527,0.0066546746115789,-0.027478158089627,-0.61916541796716,1.9660785218546,0
3528,0.0050464310142947,-0.025215296507426,-0.61726476758123,2.0948889871684,0
5051,-0.0012935623345482,-0.01739878528778,-0.61622281541051,5.0455015562713,0
5165,0.0039687224445856,0.008170224743861,-0.6158687283204,9.3501254674449,0
3529,0.0037500948299683,-0.023314428408413,-0.6153641171953,2.2236994524823,0
5104,0.001822759293025,-0.01189991198747,-0.61396556952163,6.6852736489791,0
3530,0.0027018183441079,-0.021731831172187,-0.61346346680936,2.3525099177963,0
3531,0.0018504781035305,-0.020426450350824,-0.61156281642343,2.4813203831102,0
3532,0.0011557786689982,-0.019361092662581,-0.6096621660375,2.6101308484242,0
5164,0.0034347095353654,0.0075873475754971,-0.60929141579642,9.2236339366008,0
3533,0.00058613310349236,-0.018502660257616,-0.60776151565157,2.7389413137382,0
5050,-0.0013948585553421,-0.017226904288913,-0.60593117816617,4.9201277004223,0
3534,0.00011690302159027,-0.017822091857191,-0.60586086526562,2.8677517790526,0
5103,0.0015142487947342,-0.012620939206948,-0.60552588633021,6.5592990678772,0
3535,-0.00027083239835557,-0.017294477978293,-0.60396021487968,2.9965622443673,0
5163,0.0030851576848999,0.0069256388397564,-0.60271410327245,9.097142405757,0
3536,-0.00059001504757428,-0.01689472933832,-0.60205956449373,3.1253727096821,0
3537,-0.00085095899782261,-0.016602510725021,-0.60015891410778,3.2541831749967,0
3538,-0.0010631766703201,-0.01640112491045,-0.59825826372184,3.3829936403111,0
5102,0.0012118545716424,-0.013263347688703,-0.59708620313879,6.4333244867753,0
3539,-0.0012340008479047,-0.016275388692408,-0.59635761333589,3.5118041056257,0
5162,0.0028744961466746,0.0062066496453784,-0.59613679074847,8.9706508749129,0
5049,-0.001469227216112,-0.017006900119228,-0.59563954092185,4.7947538445734,0
3540,-0.0013690128520015,-0.016211731313358,-0.59445696294995,3.6406145709404,0
3541,-0.0014724285892037,-0.016197871864773,-0.592556312564,3.769425036255,0
3542,-0.001547404389015,-0.016222558625391,-0.59065566217806,3.8982355015697,0
5161,0.0027630452032914,0.0054393680848222,-0.58955947822447,8.8441593440685,0
3543,-0.0015962853529753,-0.016275641754109,-0.58875501179211,4.0270459668843,0
5101,0.00092022181323031,-0.013824473009585,-0.58864651994738,6.3073499056734,0
3544,-0.001620732256031,-0.016348314915829,-0.58685436140616,4.1558564321988,0
5048,-0.001512972124278,-0.016726511965353,-0.58534790367752,4.6693799887245,0
3545,-0.0016217960239503,-0.016431152894726,-0.58495371102022,4.2846668975133,0
3546,-0.0016007147022387,-0.016507431848543,-0.58305306063427,4.413477362828,0
5160,0.0027179921268654,0.0046270900812956,-0.58298216570047,8.7176678132241,0
3547,-0.0015610422804523,-0.016559690425923,-0.58115241024833,4.5422878281427,0
5100,0.00064325146523449,-0.014303665270658,-0.58020683675599,6.1813753245717,0
5159,0.0027132697260966,0.0037710743201445,-0.57640485317648,8.5911762823796,0
5099,0.00038302479018391,-0.014700952438424,-0.57176715356459,6.05540074347,0
5158,0.0027286552822071,0.0028728188299133,-0.56982754065249,8.4646847515351,0
5098,0.00014142632169239,-0.015017514677929,-0.56332747037319,5.9294261623683,0
5157,0.0027488486830222,0.0019352232293399,-0.56325022812849,8.3381932206908,0
5156,0.0027625949972536,0.00096237890195192,-0.5566729156045,8.2117016898465,0
5097,-7.9974083834902e-05,-0.015255581602428,-0.5548877871818,5.8034515812666,0
5155,0.0027602175897414,-4.2429291811481e-05,-0.55009560308052,8.0852101590021,0
5096,-0.00027999058638191,-0.015418217144248,-0.54644810399041,5.6774770001649,0
5154,0.0027330862513415,-0.0010636237566457,-0.54351829055653,7.9587186281576,0
5095,-0.00045783860351681,-0.015509274792536,-0.538008420799,5.5515024190632,0
5153,0.002677155626435,-0.0020924689901302,-0.53694097803253,7.8322270973132,0
5152,0.0025925253007752,-0.0031204763122824,-0.53036366550854,7.7057355664691,0
5094,-0.00061313788596235,-0.015533323998887,-0.52956873760759,5.4255278379615,0
5151,0.0024805279670281,-0.0041375269768879,-0.52378635298456,7.5792440356251,0
5093,-0.00074589972666072,-0.015495532919944,-0.52112905441619,5.2995532568597,0
340,-1.3623707242267,0.0027282915853369,-0.51825296934135,0.062500002000117,0
341,-1.2326194822514,0.0076073872159614,-0.51825296934135,0.1875000060004,0
342,-1.0125759789684,0.021240090452953,-0.51825296934135,0.31250001000043,0
343,-0.72878669566769,0.033752219986734,-0.51825296934135,0.43750001400015,0
1148,-0.41874457419448,0.014933568540016,-0.51825296934135,0.56250001799986,0
1149,-0.18337553242214,-0.02246272125927,-0.51825296934135,0.68750002199958,0
1150,-0.050036880864056,-0.049424233899433,-0.51825296934135,0.81250002599963,0
1151,0.0096808042851691,-0.060895192131932,-0.51825296934135,0.93750002999991,0
3548,0.025520803517472,-0.06055653653051,-0.5174754305471,1.0644052646571,0
5150,0.0023434328681302,-0.0051335708525005,-0.51720904046058,7.4527525047807,0
3549,0.025001952879482,-0.055332032867609,-0.51592035295861,1.1932157299712,0
3550,0.020971504234811,-0.049177876878545,-0.51436527537011,1.3220261952852,0
3551,0.016721904885974,-0.043315334566553,-0.51281019778162,1.4508366605992,0
5092,-0.00085647269348161,-0.015401666664087,-0.5126893712248,5.173578675758,0
3552,0.013050568077942,-0.038105005413369,-0.51125512019313,1.5796471259132,0
5149,0.0021842992149225,-0.0060989359356837,-0.51063172793659,7.3262609739363,0
3553,0.010077719264693,-0.033626683828648,-0.50970004260464,1.7084575912271,0
3554,0.0077275829824333,-0.029845374680186,-0.50814496501614,1.8372680565408,0
3555,0.0058835174806558,-0.026686291336107,-0.50658988742766,1.9660785218546,0
3556,0.0044363389956751,-0.024066385279502,-0.50503480983917,2.0948889871684,0
5091,-0.00094541455986851,-0.01525844845303,-0.50424968803339,5.0476040946562,0
5148,0.0020067241098974,-0.0070244340864763,-0.50405441541261,7.1997694430922,0
3557,0.0032963608532148,-0.02190674417372,-0.50347973225068,2.2236994524823,0
3558,0.002393458514871,-0.020136955636022,-0.50192465466219,2.3525099177963,0
3559,0.0016738312853373,-0.018696065449571,-0.5003695770737,2.4813203831102,0
3560,0.0010964710906072,-0.017532091140901,-0.49881449948521,2.6101308484242,0
5317,0.0022763182356394,0.00022600026850145,-0.49861117870364,10.633084352589,0
5147,0.0018146041876862,-0.0079016018381919,-0.49747710288865,7.0732779122487,0
3561,0.0006301456681223,-0.016601057639227,-0.49725942189672,2.7389413137382,0
5090,-0.001013608817596,-0.015072954121959,-0.49581000484198,4.9216295135543,0
3562,0.00025101338934732,-0.015865934452331,-0.49570434430823,2.8677517790526,0
3563,-5.9136090300346e-05,-0.015295731618535,-0.49414926671972,2.9965622443674,0
5316,0.0058107981697516,0.0010362474403873,-0.49370176614332,10.53314642916,0
3564,-0.00031323917244765,-0.014864674147832,-0.49259418913122,3.1253727096821,0
3565,-0.00052007211619315,-0.014546980205775,-0.49103911154272,3.2541831749967,0
5146,0.0016120112995861,-0.0087229626855784,-0.49089979036471,6.9467863814055,0
3566,-0.00068747378189233,-0.014324209897488,-0.48948403395422,3.3829936403111,0
5315,0.0083438519057099,0.0020948327266116,-0.48879235358302,10.433208505731,0
3567,-0.00082197832073517,-0.014179933068539,-0.48792895636572,3.5118041056257,0
5089,-0.0010623450532939,-0.01484576187459,-0.48737032165058,4.7956549324526,0
3568,-0.000928573348575,-0.014099844473817,-0.48637387877722,3.6406145709404,0
3569,-0.00101098082676,-0.014071358050243,-0.48481880118872,3.769425036255,0
5145,0.0014031045301619,-0.0094820431403344,-0.48432247784079,6.820294850562,0
5314,0.010038106031926,0.0033115093322723,-0.48388294102269,10.333270582302,0
3570,-0.0010719532494239,-0.014083224189633,-0.48326372360022,3.8982355015697,0
3571,-0.0011135237337758,-0.014125484093452,-0.48170864601172,4.0270459668843,0
3572,-0.0011371118719193,-0.01418964838431,-0.48015356842322,4.1558564321988,0
5313,0.01101102166481,0.0046146578526901,-0.47897352846236,10.233332658873,0
5088,-0.0010879326932273,-0.014566350980874,-0.47893063845917,4.6696803513509,0
3573,-0.0011434978402203,-0.014266935150488,-0.47859849083472,4.2846668975133,0
5144,0.0011920283371256,-0.01017347769095,-0.47774516531684,6.6938033197182,0
3574,-0.0011336497704871,-0.014341900297198,-0.47704341324622,4.413477362828,0
3575,-0.0011119148328717,-0.014397539894679,-0.47548833565772,4.5422878281427,0
5312,0.011327654860855,0.0059281568140712,-0.47406411590204,10.133394735445,0
5143,0.00098270932922562,-0.010793172610398,-0.47116785279288,6.5673117888746,0
5311,0.011048008220399,0.0071800678856357,-0.46915470334173,10.033456812016,0
5142,0.00077874708902469,-0.011338293573516,-0.46459054026891,6.4408202580309,0
5310,0.010228388923374,0.0082805385833841,-0.46424529078145,9.9335188885883,0
5309,0.0089486912905444,0.0091150229482621,-0.45933587822119,9.8335809651603,0
5141,0.00058325074562881,-0.011807220166206,-0.45801322774496,6.3143287271873,0
5308,0.007345953674985,0.0095489440291173,-0.45442646566089,9.7336430417321,0
5140,0.00039878582908388,-0.012200874164796,-0.45143591522102,6.1878371963438,0
5207,0.0055180931233097,0.0094905424811309,-0.44961871514447,9.6202118172776,0
5206,0.0040145509397134,0.0088872907326376,-0.44491262667193,9.4932872917969,0
5139,0.00022650089327283,-0.012519711650596,-0.44485860269707,6.0613456655004,0
5205,0.0030309285630808,0.0081194402936389,-0.44020653819939,9.366362766316,0
5138,6.7554827840633e-05,-0.012765664986408,-0.43828129017312,5.9348541346569,0
5204,0.0024018865289975,0.0073444850643779,-0.43550044972686,9.2394382408353,0
5137,-7.7129338848834e-05,-0.012941506271683,-0.43170397764918,5.8083626038134,0
5203,0.002008232575916,0.0065905588055999,-0.43079436125433,9.1125137153549,0
5202,0.0017728065676572,0.0058508941265421,-0.4260882727818,8.9855891898743,0
5136,-0.00020689803461502,-0.01305067636433,-0.42512666512524,5.68187107297,0
5201,0.0016417753079152,0.0051144183426498,-0.42138218430925,8.8586646643933,0
5135,-0.00032136943806532,-0.01309725250217,-0.41854935260128,5.5553795421265,0
5200,0.0015771115077356,0.004370536884337,-0.4166760958367,8.7317401389124,0
5134,-0.00042043623110789,-0.013085870899628,-0.41197204007733,5.428888011283,0
5199,0.0015523581490631,0.0036104833377137,-0.41197000736416,8.6048156134313,0
5198,0.0015490483159896,0.0028285072351995,-0.40726391889162,8.4778910879503,0
5133,-0.00050425631807379,-0.01302160894251,-0.40539472755338,5.3023964804395,0
344,-1.3707222794873,0.0016570573844122,-0.40308564282104,0.062500002000117,0
345,-1.2463136625139,0.0046598555552075,-0.40308564282104,0.1875000060004,0
346,-1.0304158864368,0.019299714367431,-0.40308564282104,0.31250001000043,0
347,-0.73507066221425,0.036124467407955,-0.40308564282104,0.43750001400014,0
1152,-0.38712906336991,0.0095805401653539,-0.40308564282104,0.56250001799985,0
1153,-0.14619689343173,-0.038394055205924,-0.40308564282104,0.68750002199955,0
1154,-0.023837529824322,-0.068679364615736,-0.40308564282104,0.8125000259996,0
1155,0.021283616793459,-0.076532573864158,-0.40308564282104,0.9375000299999,0
5197,0.0015542130647742,0.0020223187955257,-0.40255783041908,8.3509665624694,0
3576,0.027682556523805,-0.070578630455336,-0.40248089042552,1.0644052646571,0
3577,0.024005728494103,-0.061289759397232,-0.40127138563447,1.1932157299712,0
3578,0.019024561757715,-0.052412787147153,-0.40006188084342,1.3220261952852,0
3579,0.014593891987712,-0.044656430885294,-0.39885237605238,1.4508366605992,0
5132,-0.00057320280799344,-0.012909978629213,-0.39881741502944,5.175904949596,0
5196,0.0015589726813478,0.0011926224512614,-0.39785174194654,8.2240420369885,0
3580,0.011055437700121,-0.0381467439516,-0.39764287126133,1.5796471259132,0
3581,0.0083350893082712,-0.032788251495097,-0.39643336647028,1.708457591227,0
3582,0.0062694320654972,-0.0284187851516,-0.39522386167923,1.8372680565408,0
3583,0.0047025210145346,-0.024873441225913,-0.39401435688819,1.9660785218545,0
5195,0.0015574595919451,0.00034152339752719,-0.393145653474,8.0971175115075,0
3584,0.0035087633170538,-0.022005662657825,-0.39280485209715,2.0948889871683,0
5131,-0.0006277751841161,-0.012757242814305,-0.39224010250548,5.0494134187524,0
3585,0.0025929935768528,-0.019691768167009,-0.3915953473061,2.2236994524823,0
3586,0.0018847593319464,-0.017829830090434,-0.39038584251506,2.3525099177963,0
3587,0.0013322560019177,-0.016336834228832,-0.38917633772401,2.4813203831102,0
5194,0.0015439169149212,-0.00052559859337309,-0.38843956500146,7.9701929860265,0
3588,0.00089738374961896,-0.015145545058088,-0.38796683293297,2.6101308484242,0
3589,0.000552045680665,-0.014201637669019,-0.38675732814192,2.7389413137382,0
5130,-0.00066870674637761,-0.012569800320858,-0.38566278998152,4.9229218879088,0
3590,0.00027539496162679,-0.013461177393848,-0.38554782335087,2.8677517790527,0
3591,5.1851679301631e-05,-0.012888647476366,-0.38433831855982,2.9965622443674,0
5193,0.0015139123762926,-0.0013956529724158,-0.38373347652891,7.8432684605455,0
3592,-0.00013004075431164,-0.012455681009905,-0.38312881376876,3.1253727096821,0
3593,-0.00027769273268993,-0.012136494720511,-0.38191930897771,3.2541831749967,0
3594,-0.00039660257071675,-0.011910644898272,-0.38070980418665,3.3829936403112,0
3595,-0.00049187368214636,-0.011761355387187,-0.3795002993956,3.5118041056257,0
5129,-0.00069716780014443,-0.012348330013099,-0.37908547745758,4.7964303570652,0
5192,0.0014662831299038,-0.0022624452138232,-0.37902738805637,7.7163439350649,0
3596,-0.00056746788639524,-0.011674360935473,-0.37829079460455,3.6406145709404,0
3597,-0.00062631822576816,-0.011637425515982,-0.37708128981349,3.769425036255,0
3598,-0.00067056251176088,-0.011639874649112,-0.37587178502244,3.8982355015697,0
3599,-0.00070176949893342,-0.011672431177305,-0.37466228023139,4.0270459668843,0
5191,0.0014017703411586,-0.0031170407594355,-0.37432129958384,7.5894194095843,0
3600,-0.00072101047608523,-0.011727305915942,-0.37345277544033,4.1558564321988,0
5128,-0.00070978387976778,-0.012084471349631,-0.37250816493362,4.6699388262217,0
3601,-0.00072869082006953,-0.011796674446458,-0.37224327064928,4.2846668975133,0
3602,-0.0007252506632093,-0.011866962784402,-0.37103376585823,4.413477362828,0
3603,-0.00071547493392904,-0.011922627646144,-0.36982426106717,4.5422878281427,0
5190,0.0013219598950899,-0.0039503053987151,-0.36961521111131,7.4624948841034,0
5189,0.0012289854215918,-0.0047535918631226,-0.36490912263877,7.3355703586223,0
5188,0.0011252670079995,-0.0055189609633647,-0.36020303416623,7.2086458331417,0
5187,0.0010131820291532,-0.0062391655088235,-0.35549694569372,7.0817213076617,0
5186,0.00089529644007165,-0.0069079405207814,-0.35079085722122,6.9547967821819,0
5185,0.00077424498045795,-0.0075201262657215,-0.34608476874872,6.8278722567018,0
5184,0.00065257164117808,-0.0080717242938858,-0.34137868027621,6.7009477312215,0
5183,0.00053264147420221,-0.0085599642889811,-0.33667259180369,6.5740232057412,0
5182,0.00041654768246705,-0.0089832590414848,-0.33196650333117,6.447098680261,0
5181,0.00030595811935395,-0.0093412145625618,-0.32726041485866,6.3201741547809,0
5180,0.00020226665970302,-0.0096355448197359,-0.32255432638615,6.1932496293008,0
5179,0.00010611468116651,-0.0098672154288086,-0.31784823791364,6.0663251038208,0
5178,1.8076051983188e-05,-0.010038507515504,-0.31314214944113,5.9394005783408,0
5177,-6.1427091543829e-05,-0.010152339599729,-0.30843606096863,5.8124760528607,0
5176,-0.00013212060468967,-0.01021211437315,-0.30372997249612,5.6855515273807,0
5307,0.0028460817194816,0.0002186265271717,-0.29933171637684,10.647805036238,0
5175,-0.0001938795493552,-0.010221695369476,-0.29902388402361,5.5586270019007,0
5306,0.0071744114097642,0.0009965639590323,-0.29638522267923,10.547786573914,0
5174,-0.00024673575958028,-0.010185335570045,-0.29431779555109,5.4317024764207,0
5305,0.010228606936078,0.002019726891269,-0.29343872898163,10.44776811159,0
5304,0.012258956967763,0.003213072958583,-0.29049223528401,10.347749649265,0
5173,-0.00029087279609648,-0.010107572615931,-0.28961170707858,5.3047779509405,0
348,-1.3755011145714,0.00032280947666697,-0.28791831630079,0.062500002000117,0
349,-1.25701062378,0.001555077419658,-0.28791831630079,0.1875000060004,0
350,-1.0474536324905,0.017100074518668,-0.28791831630079,0.31250001000043,0
351,-0.74049528537753,0.037601698562511,-0.28791831630079,0.43750001400014,0
1156,-0.33936506415626,-0.0043446939074641,-0.28791831630079,0.56250001799984,0
1157,-0.099855901559592,-0.064550994930977,-0.28791831630079,0.68750002199953,0
1159,0.027407270634957,-0.092923774066926,-0.28791831630079,0.93750002999989,0
1158,0.0028054311177575,-0.095108300265432,-0.28791831630079,0.81250002599958,0
5303,0.013415718494751,0.0045171165534311,-0.2875457415864,10.247731186941,0
3604,0.025935821936837,-0.078767714355426,-0.28748635030398,1.0644052646571,0
3605,0.020397200770562,-0.064748278678925,-0.28662241831037,1.1932157299712,0
3606,0.01520790000239,-0.052925318998922,-0.28575848631677,1.3220261952852,0
5172,-0.00032658042964377,-0.0099932250060003,-0.28490561860607,5.1778534254605,0
3607,0.01113529601352,-0.043376484845138,-0.28489455432316,1.4508366605992,0
5302,0.013762874262443,0.005864276283662,-0.28459924788879,10.147712724617,0
3608,0.0081199715936774,-0.035810666774241,-0.28403062232956,1.5796471259132,0
3609,0.0059304213546291,-0.029862860632193,-0.28316669033595,1.708457591227,0
3610,0.0043447812264224,-0.025196506749672,-0.28230275834234,1.8372680565408,0
5301,0.013344309463541,0.0071860026626471,-0.28165275419119,10.047694262293,0
3611,0.0031903962778929,-0.021533351530598,-0.28143882634874,1.9660785218545,0
3612,0.0023422400581134,-0.018653388151741,-0.28057489435514,2.0948889871683,0
5171,-0.00035418711949042,-0.0098476428991894,-0.28019953013356,5.0509288999804,0
3613,0.0017122089990728,-0.016385705173219,-0.27971096236153,2.2236994524823,0
3614,0.001238692468867,-0.014598410256755,-0.27884703036793,2.3525099177963,0
5300,0.012190327046507,0.0083945365256883,-0.27870626049361,9.9476757999696,0
3615,0.00087852454078418,-0.013189897266673,-0.27798309837432,2.4813203831102,0
3616,0.00060128189006871,-0.01208180439297,-0.27711916638072,2.6101308484242,0
3617,0.00038536505300043,-0.011213504751877,-0.27625523438712,2.7389413137383,0
5299,0.010329684964347,0.0093331888622069,-0.27575976679603,9.8476573376462,0
5170,-0.00037425731624823,-0.0096761621819142,-0.27549344166104,4.9240043745002,0
3618,0.00021529390674501,-0.010537853440655,-0.27539130239351,2.8677517790527,0
3619,7.9817005758949e-05,-0.010017985917937,-0.2745273703999,2.9965622443674,0
3620,-2.9373164959158e-05,-0.0096250394030372,-0.27366343840629,3.1253727096821,0
5298,0.0078412309747789,0.0097099688342241,-0.27281327309843,9.7476388753225,0
3621,-0.00011772065001854,-0.0093363939074043,-0.27279950641267,3.2541831749967,0
3622,-0.00018866407613726,-0.0091312783993336,-0.27193557441906,3.3829936403112,0
3623,-0.00024531691987015,-0.0089941925541013,-0.27107164242545,3.5118041056258,0
5169,-0.00038798744445227,-0.0094793013198405,-0.27078735318853,4.7970798490201,0
3624,-0.0002902803601403,-0.0089121730080896,-0.27020771043184,3.6406145709404,0
5247,0.0047536887845262,0.0091903676528998,-0.2699262375751,9.6339929368685,0
3625,-0.000325486851865,-0.0088743307291462,-0.26934377843823,3.7694250362551,0
3626,-0.00035232141721866,-0.0088713730454601,-0.26847984644462,3.8982355015697,0
3627,-0.00037180065175054,-0.0088953647232362,-0.26761591445101,4.0270459668843,0
5246,0.0027817988803943,0.0079246256753564,-0.26709866022605,9.5067195222843,0
3628,-0.00038461121909409,-0.008939720742317,-0.2667519824574,4.1558564321988,0
5168,-0.00039276740937288,-0.0092508887566066,-0.26608126471602,4.67015532354,0
3629,-0.00039078936396848,-0.0089979051106921,-0.26588805046379,4.2846668975133,0
3630,-0.00039005679612328,-0.009058668711874,-0.26502411847018,4.413477362828,0
5245,0.0017849586086379,0.0067945970029387,-0.26427108287699,9.3794461076998,0
3631,-0.00038676909079784,-0.0091089366048596,-0.26416018647657,4.5422878281427,0
5244,0.0012460966513588,0.00591454136947,-0.26144350552794,9.2521726931155,0
5243,0.00094040638255429,0.0051912839888251,-0.2586159281789,9.1248992785316,0
5242,0.00076886230226285,0.004552697807604,-0.25578835082985,8.9976258639474,0
5241,0.00067658835658073,0.0039604463917593,-0.25296077348079,8.8703524493628,0
5240,0.0006304102316594,0.0033902590765159,-0.25013319613173,8.7430790347784,0
5239,0.00061035738195288,0.0028249925305672,-0.24730561878267,8.6158056201937,0
5238,0.00060417820602709,0.0022536397175758,-0.24447804143361,8.4885322056091,0
5237,0.0006040645774527,0.0016704797600977,-0.24165046408456,8.3612587910246,0
5236,0.00060508097187364,0.0010738192868633,-0.2388228867355,8.2339853764402,0
5235,0.00060448981873312,0.00046445948799082,-0.23599530938645,8.1067119618556,0
5234,0.00060037888912475,-0.0001559047213996,-0.23316773203739,7.979438547271,0
5233,0.00059026634483666,-0.00077885462068354,-0.23034015468833,7.8521651326865,0
5232,0.0005724288546341,-0.0013984537708723,-0.22751257733928,7.7248917181023,0
5231,0.00054703344999576,-0.0020078415623401,-0.22468499999023,7.5976183035181,0
5230,0.00051493222596991,-0.002599731332095,-0.22185742264118,7.4703448889336,0
5229,0.00047728354881757,-0.0031673404572346,-0.21902984529212,7.343071474349,0
5228,0.00043512368980683,-0.003704761765761,-0.21620226794307,7.2157980597648,0
5227,0.00038947342604639,-0.0042068011341926,-0.21337469059403,7.0885246451812,0
5226,0.00034156489304243,-0.0046689646868047,-0.210547113245,6.9612512305979,0
5225,0.00029255701300158,-0.0050877398863484,-0.20771953589597,6.8339778160143,0
5224,0.00024355607445691,-0.0054606161692766,-0.20489195854693,6.7067044014303,0
5223,0.00019557209895785,-0.0057860723630945,-0.20206438119789,6.5794309868465,0
5222,0.00014944707846248,-0.0060635115354281,-0.19923680384884,6.4521575722628,0
5221,0.00010576122723845,-0.0062933644692474,-0.19640922649981,6.324884157679,0
5220,6.5106777403887e-05,-0.006477289938412,-0.19358164915077,6.1976107430954,0
5219,2.7839348275799e-05,-0.0066164020164503,-0.19075407180173,6.0703373285118,0
5218,-5.8649353396205e-06,-0.0067128466489793,-0.1879264944527,5.9430639139282,0
5217,-3.5914639364039e-05,-0.0067691750920986,-0.18509891710366,5.8157904993446,0
5216,-6.226304880064e-05,-0.0067882206557476,-0.18227133975463,5.688517084761,0
5215,-8.4914451827836e-05,-0.0067730900710837,-0.17944376240559,5.5612436701774,0
5214,-0.0001039364394707,-0.0067271102105348,-0.17661618505655,5.4339702555938,0
5213,-0.00011945944966516,-0.0066537468688844,-0.17378860770751,5.3066968410101,0
354,-1.0642581604304,0.016084972188371,-0.17275098978048,0.31250001000043,0
1162,0.020979380617355,-0.1249485292735,-0.17275098978048,0.81250002599956,0
1163,0.025064536318176,-0.10342864369053,-0.17275098978048,0.93750002999989,0
353,-1.2645766940659,0.00034644729009156,-0.17275098978048,0.1875000060004,0
355,-0.75376276256109,0.033642116026262,-0.17275098978048,0.43750001400014,0
1160,-0.27023260758435,-0.031248759096567,-0.17275098978048,0.56250001799983,0
1161,-0.043498929464292,-0.10642495514828,-0.17275098978048,0.6875000219995,0
352,-1.3779475633736,-0.00055995031372956,-0.17275098978048,0.062500002000116,0
3632,0.019509517405613,-0.07989436028117,-0.1724918101824,1.0644052646571,0
3633,0.013832245345669,-0.061184712056914,-0.17197345098623,1.1932157299712,0
3634,0.0095343426838317,-0.047191457693094,-0.17145509179007,1.3220261952852,0
5212,-0.0001316396715747,-0.0065566078275282,-0.17096103035847,5.1794234264266,0
3635,0.0065342041585199,-0.036816373275391,-0.1709367325939,1.4508366605992,0
3636,0.0044997714957972,-0.029128965557583,-0.17041837339773,1.5796471259132,0
3637,0.0031287140308248,-0.02341237218085,-0.16990001420157,1.708457591227,0
3638,0.0021992625991251,-0.019133840267145,-0.1693816550054,1.8372680565408,0
3639,0.0015612216919413,-0.015907293099089,-0.16886329580924,1.9660785218545,0
3640,0.001116180990405,-0.013455719453785,-0.16834493661307,2.0948889871683,0
5211,-0.00014060069142821,-0.0064396327328607,-0.16813345300943,5.0521500118428,0
3641,0.00080032799425929,-0.011580235180659,-0.16782657741691,2.2236994524823,0
3642,0.00057218547850937,-0.010137308054682,-0.16730821822074,2.3525099177963,0
3643,0.00040452913472975,-0.0090226227542679,-0.16678985902458,2.4813203831103,0
3644,0.00027925451537543,-0.0081597418423094,-0.16627149982841,2.6101308484242,0
3645,0.00018415466347745,-0.0074921369995103,-0.16575314063224,2.7389413137383,0
5210,-0.00014664981529378,-0.0063066187242465,-0.16530587566039,4.9248765972591,0
3646,0.00011087659376993,-0.0069775751584463,-0.16523478143608,2.8677517790527,0
3647,5.3588463642824e-05,-0.0065841706464156,-0.16471642223991,2.9965622443674,0
3648,8.0989031706523e-06,-0.006287705107014,-0.16419806304374,3.1253727096822,0
3649,-2.8517542044768e-05,-0.006069936331974,-0.16367970384757,3.2541831749967,0
3650,-5.7929977472093e-05,-0.0059152466178099,-0.1631613446514,3.3829936403112,0
3651,-8.1321758072747e-05,-0.0058112674083379,-0.16264298545523,3.5118041056258,0
5209,-0.00015092121447269,-0.0061576259383177,-0.16247829831135,4.7976031826754,0
3652,-9.987352222226e-05,-0.0057480900961234,-0.16212462625906,3.6406145709404,0
3653,-0.00011448208191542,-0.0057175696452336,-0.16160626706289,3.7694250362551,0
3654,-0.00012577516575052,-0.0057128961367918,-0.16108790786672,3.8982355015697,0
3655,-0.00013422757153087,-0.0057283688635711,-0.16056954867055,4.0270459668843,0
3656,-0.00014018963310547,-0.0057593510425128,-0.16005118947439,4.1558564321988,0
5208,-0.00015227559295913,-0.0059883849797587,-0.15965072096231,4.6703297680918,0
3657,-0.00014349946857923,-0.0058012051271882,-0.15953283027822,4.2846668975133,0
3658,-0.00014325977486592,-0.0058455693382426,-0.15901447108205,4.413477362828,0
3659,-0.00014206765549421,-0.0058826951804318,-0.15849611188588,4.5422878281427,0
5297,0.003327485162298,0.00016271332095163,-0.099811530890384,10.658791258305,0
5296,0.0083832354356301,0.0007848759343613,-0.098829218560557,10.558730719395,0
5295,0.011945649891062,0.0016236831758768,-0.097846906230731,10.458670180485,0
5294,0.014338328991249,0.0026201453412233,-0.096864593900902,10.358609641576,0
5293,0.015737443962184,0.0037242451579705,-0.095882281571072,10.258549102666,0
5292,0.016201950252751,0.0048719048957837,-0.094899969241244,10.158488563757,0
5291,0.015762915129134,0.0060047607890513,-0.093917656911419,10.058428024848,0
5290,0.014412361670156,0.0070625529760707,-0.092935344581601,9.9583674859388,0
5289,0.012064355831459,0.0079174960280611,-0.091953032251783,9.8583069470301,0
5288,0.0085371084634333,0.0081095757348638,-0.09097071992196,9.758246408121,0
5287,0.0029052176301096,0.0063744257907245,-0.090007889761282,9.6444471001931,0
5286,0.00088952254607712,0.0044363778304042,-0.089064541769751,9.5169090232462,0
5285,0.00037203442996385,0.0033153333630434,-0.088121193778219,9.389370946299,0
5284,0.00019679286117633,0.0027118983978343,-0.087177845786689,9.2618328693522,0
5283,0.00011140944858003,0.0023122731444543,-0.086234497795161,9.1342947924056,0
5282,6.7713243205522e-05,0.0019967886562421,-0.08529114980363,9.0067567154587,0
5281,4.698393312119e-05,0.0017263503373765,-0.084347801812097,8.8792186385115,0
5280,3.7678285195159e-05,0.0014798556923512,-0.083404453820565,8.7516805615644,0
5279,3.3736373484285e-05,0.0012428644049691,-0.082461105829032,8.6241424846171,0
5278,3.2280659145181e-05,0.0010067487359745,-0.081517757837501,8.4966044076698,0
5277,3.1849410363903e-05,0.00076726260211747,-0.080574409845968,8.3690663307227,0
5276,3.1680496087196e-05,0.00052294307269124,-0.079631061854437,8.2415282537757,0
5275,3.1587740176554e-05,0.00027385534822063,-0.078687713862907,8.1139901768284,0
5274,3.1894773566833e-05,2.066070134388e-05,-0.077744365871375,7.9864520998811,0
5273,3.2215752845436e-05,-0.00023463026353045,-0.076801017879842,7.858914022934,0
5272,3.1704381689356e-05,-0.00048906965455066,-0.07585766988831,7.7313759459871,0
5271,3.0284106974892e-05,-0.00073935966661622,-0.074914321896781,7.6038378690403,0
5270,2.8120773057478e-05,-0.00098195759636072,-0.073970973905251,7.4762997920932,0
5269,2.5352072421644e-05,-0.0012136560746456,-0.073027625913719,7.3487617151459,0
5268,2.2083501585448e-05,-0.0014316109201145,-0.072084277922188,7.221223638199,0
5267,1.8504982028075e-05,-0.0016334836044506,-0.071140929930661,7.0936855612528,0
5266,1.4772082743578e-05,-0.0018173242884632,-0.070197581939138,6.9661474843068,0
5265,1.1009276801072e-05,-0.0019816963884941,-0.069254233947615,6.8386094073606,0
5264,7.3416523530971e-06,-0.0021256727962997,-0.06831088595609,6.711071330414,0
5263,3.8826742134978e-06,-0.0022488006069961,-0.067367537964562,6.5835332534675,0
5262,6.883955214932e-07,-0.0023510382053764,-0.066424189973035,6.4559951765211,0
5261,-2.2614902837484e-06,-0.0024328978377586,-0.065480841981509,6.3284570995747,0
5260,-4.8428865624371e-06,-0.0024951277922692,-0.064537493989984,6.2009190226285,0
5259,-6.9443108493612e-06,-0.0025385528807375,-0.063594145998458,6.0733809456823,0
5258,-8.6019201105212e-06,-0.0025644581716231,-0.062650798006933,5.945842868736,0
5257,-9.8589728576756e-06,-0.0025742208154654,-0.061707450015409,5.8183047917898,0
5256,-1.0747014234609e-05,-0.0025692723881421,-0.060764102023883,5.6907667148435,0
5255,-1.1296270574771e-05,-0.0025511163213308,-0.059820754032357,5.5632286378973,0
5254,-1.154300755355e-05,-0.0025213078986361,-0.058877406040831,5.435690560951,0
5253,-1.1531898113021e-05,-0.0024814137517649,-0.057934058049305,5.3081524840047,0
356,-1.3799390091156,-0.00020933041112595,-0.057583663260151,0.062500002000116,0
357,-1.2708729879607,0.0020534514308505,-0.057583663260151,0.1875000060004,0
358,-1.0884165327606,0.015464637994728,-0.057583663260151,0.31250001000043,0
359,-0.79042733636148,0.044271662549199,-0.057583663260151,0.43750001400014,0
1164,-0.15216024942497,-0.03393213039469,-0.057583663260151,0.56250001799983,0
1166,0.018538296808099,-0.12042753357859,-0.057583663260151,0.81250002599953,0
1167,0.011561796624989,-0.083359082117198,-0.057583663260151,0.93750002999988,0
1165,0.016414078884708,-0.13636369484881,-0.057583663260151,0.68750002199948,0
3660,0.0070488033330406,-0.056046974761415,-0.05749727006079,1.0644052646571,0
3661,0.0042373403357612,-0.038238379004228,-0.057324483662067,1.1932157299711,0
3662,0.002518613659214,-0.026770753446464,-0.057151697263345,1.3220261952852,0
5252,-1.1300749155935e-05,-0.0024330210047929,-0.05699071005778,5.1806144070585,0
3663,0.0014992467350377,-0.019246914957291,-0.056978910864622,1.4508366605992,0
3664,0.0009038115057785,-0.014228068361582,-0.0568061244659,1.5796471259131,0
3665,0.00055531073706359,-0.010816018806508,-0.056633338067177,1.708457591227,0
3666,0.00034888591065303,-0.0084464820044659,-0.056460551668455,1.8372680565408,0
3667,0.00022444364740544,-0.0067659757807045,-0.056287765269733,1.9660785218545,0
3668,0.00014780602295304,-0.0055511617583217,-0.056114978871011,2.0948889871683,0
5251,-1.083134423401e-05,-0.0023778662088106,-0.056047362066253,5.0530763301121,0
3669,9.948520001637e-05,-0.0046583722062918,-0.055942192472289,2.2236994524823,0
3670,6.8268209579149e-05,-0.0039932160574828,-0.055769406073567,2.3525099177963,0
3671,4.7605792673458e-05,-0.0034923408670486,-0.055596619674845,2.4813203831103,0
3672,3.3600868033137e-05,-0.0031123382409341,-0.055423833276123,2.6101308484243,0
3673,2.3890192197374e-05,-0.0028228696687761,-0.0552510468774,2.7389413137383,0
5250,-1.0129063072525e-05,-0.0023176167534005,-0.055104014074727,4.9255382531657,0
3674,1.7015385944444e-05,-0.0026023221546778,-0.055078260478677,2.8677517790527,0
3675,1.2056712231155e-05,-0.0024350151195801,-0.054905474079954,2.9965622443675,0
3676,8.3896745506016e-06,-0.002309420924386,-0.05473268768123,3.1253727096822,0
3677,5.4933920793692e-06,-0.0022170773851222,-0.054559901282507,3.2541831749968,0
3678,3.144237618922e-06,-0.0021515669562364,-0.054387114883784,3.3829936403112,0
3679,1.3181568152769e-06,-0.0021073649764025,-0.05421432848506,3.5118041056258,0
5249,-9.8231148917742e-06,-0.00225194897968,-0.054160666083201,4.7980001762194,0
3680,-1.1404230866209e-07,-0.0020802321143619,-0.054041542086337,3.6406145709404,0
3681,-1.2689333180679e-06,-0.0020667337764194,-0.053868755687614,3.7694250362551,0
3682,-2.2150963893116e-06,-0.0020640494608598,-0.05369596928889,3.8982355015697,0
3683,-3.0155024423601e-06,-0.0020698776713771,-0.053523182890167,4.0270459668843,0
3684,-3.7703057006938e-06,-0.0020824547726922,-0.053350396491443,4.1558564321988,0
5248,-1.0299379744313e-05,-0.0021783468377674,-0.053217318091675,4.6704620992731,0
3685,-4.4216475582803e-06,-0.002100016841566,-0.05317761009272,4.2846668975133,0
3686,-4.205733690157e-06,-0.0021186380614762,-0.053004823693997,4.413477362828,0
3687,-3.2938029346974e-06,-0.0021331767831709,-0.052832037295273,4.5422878281427,0
5688,0.0059528646759062,0.001632862706271,0.062500001999896,9.7627239264797,0
5689,0.011634350090626,0.0031815087017514,0.062500001999919,9.8627936362815,0
5690,0.014941273918567,0.0036979429072207,0.062500001999942,9.9628633460831,0
5691,0.016794632610343,0.0035937270549598,0.062500001999965,10.062933055885,0
5692,0.017471461383072,0.0031179101955121,0.062500001999987,10.163002765687,0
5693,0.01707024428142,0.0024473655480188,0.06250000200001,10.263072475489,0
5694,0.015599919896187,0.0017150265476601,0.062500002000033,10.363142185291,0
5695,0.013024200382436,0.0010236449026226,0.062500002000056,10.463211895094,0
5696,0.0091652426170465,0.00044328120440894,0.062500002000078,10.563281604896,0
5697,0.0036541089700152,4.7848929180804e-05,0.062500002000101,10.663351314699,0
363,-0.80088564668541,0.015430425928875,0.066964287856892,0.43750001400014,0
362,-1.1061893007422,0.0062201663159489,0.066964287856915,0.31250001000042,0
361,-1.2759745220522,0.0020316854265547,0.066964287856939,0.1875000060004,0
360,-1.3818840344942,0.0003977475885266,0.066964287856963,0.062500002000115,0
5698,0.0043031981005693,0.00025931569441799,0.18750000599972,9.762766649881,0
5699,0.010388446838923,0.0011929801425104,0.18750000599978,9.8628318624827,0
5700,0.014429245914095,0.0017736705628437,0.18750000599984,9.9628970750842,0
5701,0.01688095126995,0.0019548897409993,0.1875000059999,10.062962287686,0
5702,0.017951359056161,0.0018132078050062,0.18750000599996,10.163027500287,0
5703,0.01774524657548,0.0014597996329664,0.18750000600003,10.26309271289,0
5704,0.016323431484886,0.0010165129124174,0.18750000600009,10.363157925492,0
5705,0.013687671256172,0.0005829957453453,0.18750000600015,10.463223138094,0
5706,0.009679711570359,0.00022576338715185,0.18750000600021,10.563288350697,0
5707,0.0039071394128867,3.7722145434782e-06,0.18750000600027,10.663353563299,0
367,-0.794298264238,0.0035538674698915,0.20089286357068,0.43750001400014,0
366,-1.1104191720835,0.0031958397102752,0.20089286357075,0.31250001000041,0
365,-1.2784145777656,0.0014559019929387,0.20089286357082,0.18750000600039,0
364,-1.3838210735265,0.00059220149202952,0.20089286357089,0.062500002000113,0
5708,0.0036990647003627,3.1970866576776e-05,0.31250000999949,9.7628093732823,0
5709,0.009642828109106,0.00040511802139134,0.3125000099996,9.8628700886838,0
5710,0.013932430024182,0.00074383672722707,0.3125000099997,9.9629308040852,0
5711,0.016725043626321,0.00091671661926276,0.31250000999981,10.062991519487,0
5712,0.018102148631874,0.00089854639797802,0.31250000999991,10.163052234888,0
5713,0.018076995945503,0.00073022007393714,0.31250001000002,10.263112950291,0
5714,0.01671254035084,0.00049121579258562,0.31250001000012,10.363173665693,0
5715,0.014041104760512,0.00025820318982781,0.31250001000022,10.463234381095,0
5716,0.0099284424079881,7.9771702402298e-05,0.31250001000033,10.563295096497,0
5717,0.0039981004529588,-1.1041321272356e-05,0.31250001000043,10.663355811899,0
371,-0.79185138076891,0.0010421921295525,0.33482143928446,0.43750001400014,0
370,-1.1115703603201,0.0011899315155424,0.33482143928457,0.31250001000041,0
369,-1.2799507672923,0.00070428573567749,0.33482143928469,0.18750000600038,0
368,-1.3852988548817,0.00035056774269158,0.3348214392848,0.062500002000111,0
5718,0.003580078369947,-1.4080275139731e-05,0.43750001399916,9.7628520966836,0
5719,0.0093867704944381,8.5551153983182e-05,0.43750001399933,9.862908314885,0
5720,0.013694239844981,0.00022030558147313,0.4375000139995,9.9629645330863,0
5721,0.016610210774002,0.00031282299922201,0.43750001399967,10.063020751288,0
5722,0.018144334044478,0.00032236081225747,0.43750001399984,10.163076969489,0
5723,0.018229890199225,0.00025229370936299,0.43750001400001,10.263133187691,0
5724,0.016894749603908,0.00014523475700646,0.43750001400018,10.363189405893,0
5725,0.014191561825844,5.0149252128971e-05,0.43750001400034,10.463245624095,0
5726,0.010010476346642,-6.1900345155413e-06,0.43750001400051,10.563301842297,0
5727,0.0040087551125056,-1.5719737263279e-05,0.43750001400068,10.663358060499,0
375,-0.79129394849886,0.00032884592994294,0.46875001499824,0.43750001400014,0
374,-1.1119428857533,0.00041889474583793,0.4687500149984,0.3125000100004,0
373,-1.2805564213999,0.00028772192887794,0.46875001499855,0.18750000600037,0
372,-1.3860203664786,0.0001593530553189,0.46875001499871,0.062500002000108,0
5728,0.0036015075991969,-2.2594312654361e-05,0.56250001799883,9.7628948200849,0
5729,0.0093586603141531,-3.8396058063034e-05,0.56250001799906,9.8629465410861,0
5730,0.013633379885779,-2.5381313392428e-05,0.5625000179993,9.9629982620873,0
5731,0.016569391581621,-5.3539321124353e-06,0.56250001799954,10.063049983089,0
5732,0.018158396267579,-2.9177284445112e-06,0.56250001799978,10.16310170409,0
5733,0.018288240747113,-2.5375023036904e-05,0.56250001800002,10.263153425092,0
5734,0.016953555497253,-5.4222755179335e-05,0.56250001800026,10.363205146094,0
5735,0.014219896083548,-6.513001416461e-05,0.5625000180005,10.463256867096,0
5736,0.0099996624302962,-4.9427939684236e-05,0.56250001800074,10.563308588098,0
5737,0.0039818272061508,-1.5633407655567e-05,0.56250001800098,10.663360309099,0
379,-0.7911282421744,0.00010387043496479,0.60267859071202,0.43750001400013,0
378,-1.1120447816566,0.00014183926406308,0.60267859071221,0.31250001000039,0
377,-1.280763370808,0.0001072634230369,0.60267859071241,0.18750000600037,0
376,-1.3863168833265,6.3338974067649e-05,0.6026785907126,0.062500002000106,0
5738,0.0036570589088092,-1.9419261730126e-05,0.68750002199852,9.7629375434861,0
5739,0.0094186240471225,-7.5641902811341e-05,0.68750002199882,9.8629847672872,0
5740,0.013663105751386,-0.00012095341478387,0.68750002199912,9.9630319910884,0
5741,0.016579039298785,-0.0001462504982565,0.68750002199942,10.06307921489,0
5742,0.018166433876585,-0.0001576899451477,0.68750002199973,10.163126438691,0
5743,0.018296212839706,-0.00016042450950972,0.68750002200003,10.263173662493,0
5744,0.016943344095295,-0.00014888910520833,0.68750002200033,10.363220886295,0
5745,0.014181752148418,-0.00011596328025027,0.68750002200064,10.463268110096,0
5746,0.0099414815266652,-6.5047974546546e-05,0.68750002200094,10.563315333898,0
5747,0.0039385651564939,-1.3321537727166e-05,0.68750002200124,10.663362557699,0
383,-0.7910700335201,3.2548425597897e-05,0.7366071664258,0.43750001400013,0
382,-1.1120712125476,4.7106521449142e-05,0.73660716642603,0.31250001000039,0
381,-1.2808321159545,3.7889176739429e-05,0.73660716642626,0.18750000600036,0
380,-1.3864288956559,2.3336760106173e-05,0.73660716642648,0.062500002000104,0
5748,0.0037161319088138,-1.3658974322215e-05,0.81250002599823,9.7629802668874,0
5749,0.0095054065281565,-7.5805909093275e-05,0.81250002599859,9.8630229934884,0
5750,0.01373143213198,-0.00014009781254762,0.81250002599896,9.9630657200894,0
5751,0.016617327628862,-0.00018596237149195,0.81250002599933,10.06310844669,0
5752,0.018177817831626,-0.00020770170081933,0.81250002599969,10.163151173292,0
5753,0.018282637935561,-0.00020495909617957,0.81250002600006,10.263193899894,0
5754,0.016900917513663,-0.00017720221498457,0.81250002600043,10.363236626495,0
5755,0.014114161250218,-0.00012702229912716,0.81250002600079,10.463279353097,0
5756,0.0098658153317919,-6.4589435391291e-05,0.81250002600116,10.563322079698,0
5757,0.0038924645298513,-1.02788072528e-05,0.81250002600153,10.663364806299,0
387,-0.79105070914773,1.025575779907e-05,0.87053574213957,0.43750001400013,0
386,-1.1120786846865,1.5385642000233e-05,0.87053574213984,0.31250001000038,0
385,-1.2808548956173,1.2891405079915e-05,0.87053574214011,0.18750000600035,0
384,-1.3864689403784,8.1765010688482e-06,0.87053574214038,0.062500002000101,0
5758,0.0037670721432659,-8.3743252631999e-06,0.93750002999799,9.7630229902887,0
5759,0.0095906768435699,-6.1653802507781e-05,0.93750002999842,9.8630612196895,0
5760,0.013808759708067,-0.00012398694529218,0.93750002999885,9.9630994490905,0
5761,0.01666721919208,-0.00017402769314882,0.93750002999928,10.063137678491,0
5762,0.018193844375139,-0.00020076473859354,0.93750002999971,10.163175907893,0
5763,0.018263736617357,-0.00019910387543468,0.93750003000014,10.263214137294,0
5764,0.016849510173475,-0.00016911874319239,0.93750003000057,10.363252366696,0
5765,0.014040659528585,-0.0001173693375888,0.937500030001,10.463290596097,0
5766,0.0097907587710358,-5.6707670544867e-05,0.93750003000143,10.563328825499,0
5767,0.0038508282674897,-7.4597122560415e-06,0.93750003000186,10.6633670549,0
391,-0.79104460615489,3.2364172929635e-06,1.0044643178534,0.43750001400013,0
390,-1.1120809511383,4.9328984770873e-06,1.0044643178537,0.31250001000037,0
389,-1.2808623071753,4.2438388836435e-06,1.004464317854,0.18750000600034,0
388,-1.3864826377906,2.7537508670801e-06,1.0044643178543,0.062500002000099,0
5768,0.0038052431361496,-4.0314949456341e-06,1.0625000339981,9.76306571369,0
5769,0.0096609182367344,-4.2694733657968e-05,1.0625000339985,9.8630994458907,0
5770,0.013878960140069,-9.3327638691114e-05,1.0625000339989,9.9631331780915,0
5771,0.016717813519488,-0.00013898162276168,1.0625000339994,10.063166910292,0
5772,0.018213742336539,-0.00016755601707953,1.0625000339998,10.163200642493,0
5773,0.018248211731098,-0.00017058713602868,1.0625000340002,10.263234374695,0
5774,0.016802100258888,-0.00014623588828605,1.0625000340007,10.363268106897,0
5775,0.013973601036386,-0.00010102992411505,1.0625000340011,10.463301839098,0
5776,0.0097245375242131,-4.7763995616413e-05,1.0625000340015,10.563335571299,0
5777,0.0038159694434037,-5.4895287312251e-06,1.0625000340019,10.6633693035,0
395,-0.79104270706928,1.0019290435711e-06,1.1383928935672,0.43750001400012,0
394,-1.1120816384916,1.520415878786e-06,1.1383928935675,0.31250001000036,0
393,-1.280864646674,1.3298594322487e-06,1.1383928935679,0.18750000600034,0
392,-1.3864871292698,8.8433365675603e-07,1.1383928935683,0.062500002000097,0
5778,0.0038291645737585,4.7770317303637e-08,1.1875000379984,9.7631084370913,0
5779,0.0097105250737641,-2.1258938684887e-05,1.1875000379988,9.8631376720918,0
5780,0.01393493198206,-5.6160052215237e-05,1.1875000379992,9.9631669070926,0
5781,0.016764479262157,-9.4636129175332e-05,1.1875000379995,10.063196142093,0
5782,0.018238134416917,-0.00012542980658686,1.1875000379999,10.163225377094,0
5783,0.018241564189519,-0.0001370571411024,1.1875000380003,10.263254612096,0
5784,0.016765431504176,-0.00012365280913326,1.1875000380006,10.363283847097,0
5785,0.013917607062052,-8.8658804465741e-05,1.187500038001,10.463313082098,0
5786,0.0096681331165094,-4.3044896387122e-05,1.1875000380014,10.563342317099,0
5787,0.0037865031740892,-5.0946416603923e-06,1.1875000380017,10.6633715521,0
399,-0.79104214785639,2.8384240046975e-07,1.272321469281,0.43750001400012,0
398,-1.1120818372585,4.0777558925031e-07,1.2723214692814,0.31250001000036,0
397,-1.2808653373604,3.6088503556863e-07,1.2723214692819,0.18750000600033,0
396,-1.3864884969498,2.5329845182955e-07,1.2723214692824,0.062500002000095,0
5788,0.0038372889955889,5.3369107138857e-06,1.3125000419987,9.7631511604926,0
5789,0.0097365563607473,4.9928665710666e-06,1.312500041999,9.8631758982929,0
5790,0.013974808072932,-1.2476876126198e-05,1.3125000419993,9.9632006360936,0
5791,0.016807972253216,-4.5166876416711e-05,1.3125000419996,10.063225373894,0
5792,0.018270829868151,-8.252319039054e-05,1.3125000419999,10.163250111695,0
5793,0.018249380073427,-0.00010891028523772,1.3125000420002,10.263274849497,0
5794,0.016743681431554,-0.00011199123931474,1.3125000420005,10.363299587298,0
5795,0.01387267978307,-8.9215624048881e-05,1.3125000420009,10.463324325099,0
5796,0.009617113926947,-4.8033681482669e-05,1.3125000420012,10.5633490629,0
5797,0.0037578581008772,-7.4530267075435e-06,1.3125000420015,10.6633738007,0
403,-0.79104202623068,4.9862850543269e-08,1.4062500449948,0.43750001400012,0
402,-1.1120818827194,4.0749887059005e-08,1.4062500449953,0.31250001000035,0
401,-1.2808654922027,3.7279518320925e-08,1.4062500449958,0.18750000600032,0
400,-1.3864888164319,4.0918609831442e-08,1.4062500449964,0.062500002000092,0
5798,0.0038231529365935,1.3488534775191e-05,1.437500045999,9.7631938838938,0
5799,0.0097339572575,4.0989446745722e-05,1.4375000459992,9.8632141244941,0
5800,0.013999541383188,4.1191828827023e-05,1.4375000459995,9.9632343650947,0
5801,0.016854744428438,9.3854320024424e-06,1.4375000459997,10.063254605695,0
5802,0.018321324422449,-4.1839741079125e-05,1.437500046,10.163274846296,0
5803,0.018281259995551,-9.0860447658979e-05,1.4375000460002,10.263295086897,0
5804,0.016742816448742,-0.00011699656693379,1.4375000460005,10.363315327499,0
5805,0.013837162587402,-0.00010903022899751,1.4375000460007,10.463335568099,0
5806,0.009561181531304,-6.8032704461323e-05,1.4375000460009,10.5633558087,0
5807,0.0037194458124708,-1.3732199111518e-05,1.4375000460012,10.6633760493,0
407,-0.79104205635776,-2.5713610474021e-08,1.5401786207087,0.43750001400012,0
406,-1.112081876413,-8.3552384497319e-08,1.5401786207093,0.31250001000034,0
405,-1.2808654671595,-7.4967883715871e-08,1.5401786207099,0.18750000600031,0
404,-1.3864887771856,-3.2716679049356e-08,1.5401786207104,0.06250000200009,0
5808,0.003761422096685,2.8105043787074e-05,1.5625000499993,9.7632366072951,0
5809,0.0096905145804961,9.0164804727991e-05,1.5625000499995,9.8632523506952,0
5810,0.014016751336787,0.00010277843019611,1.5625000499996,9.9632680940957,0
5811,0.016922009619339,6.4278799406958e-05,1.5625000499998,10.063283837496,0
5812,0.01840950939477,-5.9550573417689e-06,1.56250005,10.163299580897,0
5813,0.018356556835894,-8.0764273901369e-05,1.5625000500002,10.263315324298,0
5814,0.016777397325522,-0.00013367925945419,1.5625000500003,10.363331067699,0
5815,0.013813420082575,-0.00014504796175091,1.5625000500005,10.4633468111,0
5816,0.0094827294196839,-0.00010539416798537,1.5625000500007,10.5633625545,0
5817,0.0036431078355919,-2.7080985984393e-05,1.5625000500008,10.6633782979,0
411,-0.79104213155093,-4.9479277091612e-08,1.6741071964232,0.43750001400011,0
410,-1.1120818588712,-1.3019677602078e-07,1.6741071964237,0.31250001000033,0
409,-1.2808653828952,-1.1955644319665e-07,1.6741071964241,0.18750000600031,0
408,-1.3864886105692,-6.1369060231044e-08,1.6741071964245,0.062500002000088,0
5818,0.0036221486673029,7.4895461835269e-05,1.6875000539995,9.7632793306964,0
5819,0.0096121146325536,0.00014999338780269,1.6875000539997,9.8632905768964,0
5820,0.014044676486061,0.00014771307913559,1.6875000539998,9.9633018230968,0
5821,0.017022373033222,9.4918810738344e-05,1.6875000539999,10.063313069297,0
5822,0.018539797182981,1.682338113439e-05,1.687500054,10.163324315498,0
5823,0.01847881410333,-6.4985112105877e-05,1.6875000540001,10.263335561699,0
5824,0.016857232205147,-0.00013266409406252,1.6875000540002,10.3633468079,0
5825,0.013816146283501,-0.00016923037787172,1.6875000540003,10.4633580541,0
5826,0.009383967489907,-0.00015584152236413,1.6875000540004,10.563369300301,0
5827,0.0034972504511753,-7.2652352222912e-05,1.6875000540006,10.6633805465,0
415,-0.79104222653529,-5.9733875315442e-08,1.8080357721381,0.43750001400011,0
414,-1.1120818380631,-1.5576828255258e-07,1.8080357721383,0.31250001000033,0
413,-1.2808652723113,-1.4449482332292e-07,1.8080357721385,0.1875000060003,0
412,-1.3864883857087,-7.6352030137421e-08,1.8080357721387,0.062500002000085,0
5828,0.0035953508202098,0.00016175234194623,1.8125000579997,9.7633220540977,0
5829,0.0096414480531489,0.00012148847430428,1.8125000579998,9.8633288030975,0
5830,0.014083808766455,4.641553869009e-05,1.8125000579999,9.9633355520978,0
5831,0.017041693723823,2.9943028214506e-06,1.8125000579999,10.063342301098,0
5832,0.018535952214501,-5.8179772764339e-06,1.812500058,10.163349050099,0
5833,0.018472000479091,4.0662776297222e-07,1.8125000580001,10.2633557991,0
5834,0.016868338303868,-6.0458310321974e-06,1.8125000580001,10.363362548101,0
5835,0.013845633786173,-4.5978240513477e-05,1.8125000580002,10.463369297101,0
5836,0.0094065728121609,-0.00011827441014182,1.8125000580003,10.563376046101,0
5837,0.0034698617366609,-0.00015821799480888,1.8125000580004,10.6633827951,0
5838,0.0043499949467067,-0.00066490100416148,1.9375000619999,9.763364777499,0
5839,0.010014891491734,-0.0010018825238671,1.9375000619999,9.8633670292986,0
5840,0.013966516813212,-0.00096519285380067,1.937500062,9.9633692810989,0
5841,0.016600601409299,-0.00067348518854095,1.937500062,10.063371532899,0
5842,0.017935606955646,-0.00021979541662111,1.937500062,10.163373784699,0
5843,0.017873332057964,0.00028758639154522,1.937500062,10.2633760365,0
5844,0.016431775228866,0.00072880221072564,1.9375000620001,10.363378288301,0
5845,0.013734435939102,0.00099885079901275,1.9375000620001,10.463380540101,0
5846,0.0097833951172745,0.0010086851248999,1.9375000620001,10.563382791901,0
5847,0.0042172278656452,0.00065035465434227,1.9375000620001,10.663385043701,0
416,-1.3864881213614,-8.801673367741e-08,1.9419643478527,0.062500002000083,0
417,-1.2808651434647,-1.653441692406e-07,1.9419643478528,0.18750000600029,0
418,-1.1120818146474,-1.7763439030405e-07,1.9419643478529,0.31250001000032,0
419,-0.79104233642278,-6.7929115483938e-08,1.941964347853,0.43750001400011,0
420,-1.386487820538,-9.9695824141917e-08,2.0758929235667,0.062500002000081,0
421,-1.2808649973233,-1.8693236033869e-07,2.0758929235671,0.18750000600028,0
422,-1.1120817883944,-2.0063260708792e-07,2.0758929235675,0.31250001000031,0
423,-0.79104246087404,-7.6623240571747e-08,2.075892923568,0.43750001400011,0
424,-1.3864874807916,-1.1248083075157e-07,2.2098214992806,0.062500002000079,0
425,-1.2808648324528,-2.1080911184131e-07,2.2098214992813,0.18750000600028,0
426,-1.1120817588671,-2.2620441116349e-07,2.2098214992821,0.3125000100003,0
427,-0.79104260123555,-8.6355991197777e-08,2.2098214992829,0.4375000140001,0
428,-1.3864870977102,-1.2680258227729e-07,2.3437500749945,0.062500002000076,0
429,-1.2808646466109,-2.376253282443e-07,2.3437500749956,0.18750000600027,0
430,-1.1120817256045,-2.5496379299573e-07,2.3437500749967,0.3125000100003,0
431,-0.79104275944655,-9.7325307137829e-08,2.3437500749978,0.4375000140001,0
432,-1.3864866659031,-1.4292691274435e-07,2.4776786507084,0.062500002000074,0
433,-1.2808644371491,-2.6783420522251e-07,2.4776786507098,0.18750000600026,0
434,-1.1120816881189,-2.87371031997e-07,2.4776786507113,0.31250001000029,0
435,-0.79104293776633,-1.0969272945977e-07,2.4776786507127,0.4375000140001,0
436,-1.3864861791981,-1.6109834712718e-07,2.6116072264223,0.062500002000072,0
437,-1.280864201065,-3.0188195423714e-07,2.6116072264241,0.18750000600025,0
438,-1.1120816458708,-3.2389784863268e-07,2.6116072264259,0.31250001000028,0
439,-0.79104313875097,-1.2363388678989e-07,2.6116072264277,0.4375000140001,0
440,-1.386485630619,-1.8158003016345e-07,2.7455358021362,0.062500002000069,0
441,-1.2808639349731,-3.4025858107156e-07,2.7455358021383,0.18750000600025,0
442,-1.1120815982551,-3.650681266684e-07,2.7455358021404,0.31250001000027,0
443,-0.79104336528191,-1.3934748747285e-07,2.7455358021426,0.4375000140001,0
444,-1.3864850122991,-2.0466611924533e-07,2.8794643778501,0.062500002000067,0
445,-1.2808636350589,-3.8351439024275e-07,2.8794643778525,0.18750000600024,0
446,-1.1120815445898,-4.1147161922418e-07,2.879464377855,0.31250001000027,0
447,-0.79104362060641,-1.5705825297126e-07,2.8794643778575,0.43750001400009,0
448,-1.3864843153715,-2.3068783327967e-07,3.013392953564,0.062500002000065,0
449,-1.280863297023,-4.3226956003605e-07,3.0133929535668,0.18750000600023,0
450,-1.112081484107,-4.6377319436935e-07,3.0133929535696,0.31250001000026,0
451,-0.7910439083842,-1.7701978180043e-07,3.0133929535724,0.43750001400009,0
452,-1.3864835298416,-2.6001851055927e-07,3.1473215292778,0.062500002000063,0
453,-1.2808629160203,-4.8722321549675e-07,3.147321529281,0.18750000600022,0
454,-1.1120814159408,-5.2272234833713e-07,3.1473215292842,0.31250001000025,0
455,-0.79104423273999,-1.9951798266652e-07,3.1473215292873,0.43750001400009,0
456,-1.3864826444444,-2.9307901151988e-07,3.2812501049917,0.06250000200006,0
457,-1.2808624865895,-5.4916344002367e-07,3.2812501049953,0.18750000600022,0
458,-1.1120813391158,-5.8916385679834e-07,3.2812501049988,0.31250001000024,0
459,-0.7910445983226,-2.2487511321471e-07,3.2812501050023,0.43750001400009,0
460,-1.386481646482,-3.3034375878752e-07,3.4151786807056,0.062500002000058,0
461,-1.2808620025757,-6.1897855354931e-07,3.4151786807095,0.18750000600021,0
462,-1.1120812525328,-6.6404984170487e-07,3.4151786807133,0.31250001000024,0
463,-0.79104501037159,-2.5345437963434e-07,3.4151786807172,0.43750001400008,0
464,-1.3864805216422,-3.7234755406858e-07,3.5491072564195,0.062500002000056,0
465,-1.2808614570417,-6.9766984905106e-07,3.5491072564237,0.1875000060002,0
466,-1.1120811549532,-7.4845341846881e-07,3.5491072564279,0.31250001000023,0
467,-0.79104547479231,-2.8566507654278e-07,3.5491072564321,0.43750001400008,0
468,-1.3864792537925,-4.1969326484475e-07,3.6830358321334,0.062500002000053,0
469,-1.2808608421686,-7.8636596026976e-07,3.683035832138,0.1875000060002,0
470,-1.1120810449814,-8.4358403349854e-07,3.6830358321425,0.31250001000022,0
471,-0.79104599824045,-3.2196846143263e-07,3.683035832147,0.43750001400008,0
472,-1.3864778247487,-4.7306049221119e-07,3.8169644078473,0.062500002000051,0
473,-1.2808601491443,-8.8633906160729e-07,3.8169644078522,0.18750000600019,0
474,-1.1120809210449,-9.5080477824199e-07,3.8169644078571,0.31250001000021,0
475,-0.79104658821737,-3.6288436590658e-07,3.816964407862,0.43750001400008,0
476,-1.3864762140143,-5.3321534535978e-07,3.9508929835612,0.062500002000049,0
477,-1.2808593680365,-9.9902312689854e-07,3.9508929835664,0.18750000600018,0
478,-1.1120807813719,-1.0716519033046e-06,3.9508929835717,0.31250001000021,0
479,-0.79104725317748,-4.0899859251704e-07,3.9508929835769,0.43750001400007,0
480,-1.3864743984856,-6.0102147299504e-07,4.0848215592751,0.062500002000047,0
481,-1.2808584876513,-1.1260345170911e-06,4.0848215592807,0.18750000600017,0
482,-1.1120806239661,-1.207856802061e-06,4.0848215592862,0.3125000100002,0
483,-0.79104800264934,-4.6097128790083e-07,4.0848215592918,0.43750001400007,0
484,-1.3864723521207,-6.7745246192422e-07,4.218750134989,0.062500002000044,0
485,-1.2808574953722,-1.2691951794478e-06,4.2187501349949,0.18750000600017,0
486,-1.1120804465786,-1.3613707854716e-06,4.2187501350008,0.31250001000019,0
487,-0.79104884737198,-5.19546368466e-07,4.2187501350067,0.43750001400007,0
488,-1.3864700455653,-7.6360590728649e-07,4.3526787107029,0.062500002000042,0
489,-1.28085637698,-1.430558825947e-06,4.3526787107092,0.18750000600016,0
490,-1.1120802466755,-1.5343930026924e-06,4.3526787107154,0.31250001000018,0
491,-0.79104979944869,-5.8556213200283e-07,4.3526787107216,0.43750001400007,0
492,-1.3864674457309,-8.6071916283656e-07,4.4866072864168,0.06250000200004,0
493,-1.2808551164486,-1.6124404058655e-06,4.4866072864234,0.18750000600015,0
494,-1.1120800214025,-1.7294018890825e-06,4.48660728643,0.31250001000018,0
495,-0.79105087252018,-6.5996321530893e-07,4.4866072864366,0.43750001400006,0
496,-1.3864645153206,-9.7018719944005e-07,4.6205358621307,0.062500002000037,0
497,-1.2808536957163,-1.8174493701014e-06,4.6205358621376,0.18750000600014,0
498,-1.1120797675441,-1.9491906226148e-06,4.6205358621446,0.31250001000017,0
499,-0.7910520819598,-7.438140758339e-07,4.6205358621515,0.43750001400006,0
500,-1.3864612122922,-1.0935826720891e-06,4.7544644378446,0.062500002000035,0
501,-1.2808520944266,-2.0485271390635e-06,4.7544644378519,0.18750000600014,0
502,-1.1120794814781,-2.1969070572477e-06,4.7544644378591,0.31250001000016,0
503,-0.79105344509343,-8.3831412885887e-07,4.7544644378664,0.43750001400006,0
504,-1.3864574892554,-1.2326786366254e-06,4.8883930135585,0.062500002000033,0
505,-1.2808502896372,-2.3089893804741e-06,4.8883930135661,0.18750000600013,0
506,-1.1120791591247,-2.4760987389945e-06,4.8883930135737,0.31250001000015,0
507,-0.79105498144738,-9.4481484296127e-07,4.8883930135813,0.43750001400006,0
508,-1.3864532927904,-1.3894740613949e-06,5.0223215892724,0.062500002000031,0
509,-1.2808482554917,-2.6025736299901e-06,5.0223215892804,0.18750000600012,0
510,-1.1120787958886,-2.7907635790232e-06,5.0223215892883,0.31250001000015,0
511,-0.79105671302759,-1.0648390087249e-06,5.0223215892963,0.43750001400005,0
512,-1.3864485626804,-1.5662226903888e-06,5.1562501649863,0.062500002000028,0
513,-1.2808459628493,-2.9334930215267e-06,5.1562501649946,0.18750000600011,0
514,-1.1120783865942,-3.1454070002661e-06,5.1562501650029,0.31250001000014,0
515,-0.79105866463432,-1.2001023714853e-06,5.1562501650112,0.43750001400005,0
516,-1.3864432310465,-1.7654655584078e-06,5.2901787407002,0.062500002000026,0
517,-1.2808433788682,-3.3064968305082e-06,5.2901787407088,0.18750000600011,0
518,-1.1120779254129,-3.5451063065715e-06,5.2901787407175,0.31250001000013,0
519,-0.79106086421662,-1.3525380311568e-06,5.2901787407261,0.43750001400005,0
520,-1.386437221372,-1.990067657662e-06,5.4241073164141,0.062500002000024,0
521,-1.2808404665357,-3.7269387610074e-06,5.4241073164231,0.1875000060001,0
522,-1.1120774057812,-3.9955831899253e-06,5.424107316432,0.31250001000012,0
523,-0.79106334327184,-1.524323904432e-06,5.424107316441,0.43750001400005,0
524,-1.3864304474024,-2.2432593794111e-06,5.558035892128,0.062500002000021,0
525,-1.2808371841389,-4.2008539051932e-06,5.5580358921373,0.18750000600009,0
526,-1.1120768203081,-4.5032854217679e-06,5.5580358921466,0.31250001000012,0
527,-0.79106613729561,-1.7179136817873e-06,5.5580358921559,0.43750001400005,0
528,-1.3864228119055,-2.5286829762285e-06,5.6919644678419,0.062500002000019,0
529,-1.2808334846678,-4.7350455396118e-06,5.6919644678516,0.18750000600008,0
530,-1.1120761606723,-5.0754788710749e-06,5.6919644678612,0.31250001000011,0
531,-0.79106928628889,-1.9360715570018e-06,5.6919644678709,0.43750001400004,0
532,-1.3864142052728,-2.8504455135026e-06,5.8258930435558,0.062500002000017,0
533,-1.2808293151439,-5.3371830211927e-06,5.8258930435658,0.18750000600008,0
534,-1.112075417505,-5.7203512246676e-06,5.8258930435758,0.3125000100001,0
535,-0.79107283532917,-2.1819115267678e-06,5.8258930435858,0.43750001400004,0
536,-1.3864045039436,-3.2131779032776e-06,5.9598216192697,0.062500002000015,0
537,-1.2808246158619,-6.0159120474184e-06,5.95982161928,0.18750000600007,0
538,-1.1120745802597,-6.4471287213384e-06,5.9598216192904,0.31250001000009,0
539,-0.791076835214,-2.4589413893207e-06,5.9598216193007,0.43750001400004,0
540,-1.386393568627,-3.6221021636532e-06,6.0937501949836,0.062500002000012,0
541,-1.2808193195374,-6.780979163129e-06,6.0937501949943,0.18750000600006,0
542,-1.1120736370652,-7.2662077661505e-06,6.093750195005,0.31250001000009,0
543,-0.79108134318587,-2.7711124290818e-06,6.0937501950156,0.43750001400004,0
544,-1.386381242298,-4.0831067123362e-06,6.2276787706975,0.06250000200001,0
545,-1.2808133503445,-7.6433719332629e-06,6.2276787707085,0.18750000600005,0
546,-1.1120725745603,-8.1893030921384e-06,6.2276787707195,0.31250001000008,0
547,-0.79108642374882,-3.1228753078331e-06,6.2276787707305,0.43750001400003,0
548,-1.3863673479379,-4.6028317608435e-06,6.3616073464114,0.062500002000008,0
549,-1.2808066228329,-8.6154771865838e-06,6.3616073464228,0.18750000600005,0
550,-1.1120713777092,-9.2296146971197e-06,6.3616073464341,0.31250001000007,0
551,-0.79109214958826,-3.5192428308251e-06,6.3616073464455,0.43750001400003,0
552,-1.3863516859858,-5.1887653421782e-06,6.4955359221253,0.062500002000005,0
553,-1.2807990407074,-9.7112593845344e-06,6.495535922137,0.18750000600004,0
554,-1.1120700295932,-1.0402015840752e-05,6.4955359221487,0.31250001000006,0
555,-0.79109860260706,-3.9658606478791e-06,6.4955359221604,0.43750001400003,0
556,-1.3863340314664,-5.8493516728969e-06,6.6294644978392,0.062500002000003,0
557,-1.2807904954521,-1.0946461661656e-05,6.6294644978512,0.18750000600003,0
558,-1.1120685111776,-1.1723264858269e-05,6.6294644978633,0.31250001000006,0
559,-0.79110587509252,-4.4690869060278e-06,6.6294644978753,0.43750001400003,0
560,-1.3863141307497,-6.5941134061357e-06,6.7633930735531,0.062500002000001,0
561,-1.2807808647816,-1.2338832609756e-05,6.7633930735655,0.18750000600002,0
562,-1.1120668010501,-1.3212243612726e-05,6.7633930735779,0.31250001000005,0
563,-0.79111407103068,-5.0360816080139e-06,6.7633930735902,0.43750001400002,0
564,-1.386291697899,-7.4337894930027e-06,6.897321649267,0.062500001999999,0
565,-1.2807700108946,-1.3908382023725e-05,6.8973216492797,0.18750000600002,0
566,-1.1120648751275,-1.4890226180728e-05,6.8973216492924,0.31250001000004,0
567,-0.79112330758658,-5.6749072807681e-06,6.8973216493052,0.43750001400002,0
568,-1.3862664105521,-8.3804906640826e-06,7.0312502249809,0.062500001999996,0
569,-1.2807577785072,-1.5677669183951e-05,7.031250224994,0.18750000600001,0
570,-1.112062706327,-1.6781181329737e-05,7.031250225007,0.31250001000003,0
571,-0.79113371677121,-6.3946420655834e-06,7.0312502250201,0.43750001400002,0
572,-1.3862379052775,-9.4478745842748e-06,7.1651788006948,0.062500001999994,0
573,-1.2807439926367,-1.7672127948204e-05,7.1651788007082,0.187500006,0
574,-1.1120602641976,-1.8912113351086e-05,7.1651788007216,0.31250001000003,0
575,-0.79114544731881,-7.2055070025542e-06,7.165178800735,0.43750001400002,0
576,-1.3862057723381,-1.0651343390918e-05,7.2991073764087,0.062500001999992,0
577,-1.2807284561044,-1.9920433325472e-05,7.2991073764224,0.18750000599999,0
578,-1.1120575145074,-2.1313445725915e-05,7.2991073764362,0.31250001000002,0
579,-0.79115866680071,-8.1190090028775e-06,7.2991073764499,0.43750001400001,0
580,-1.3861695497884,-1.2008266262399e-05,7.4330359521227,0.062500001999989,0
581,-1.2807109467227,-2.2454914752806e-05,7.4330359521367,0.18750000599999,0
582,-1.1120544187817,-2.4019453355185e-05,7.4330359521507,0.31250001000001,0
583,-0.79117356400554,-9.1481016153962e-06,7.4330359521647,0.43750001400001,0
584,-1.3861287168182,-1.3538230059612e-05,7.5669645278371,0.062500001999987,0
585,-1.2806912141242,-2.5312022048911e-05,7.5669645278511,0.18750000599998,0
586,-1.1120509337859,-2.706874932549e-05,7.5669645278651,0.31250001,0
587,-0.79119035161937,-1.0307365779444e-05,7.5669645278792,0.43750001400001,0
588,-1.3860826862493,-1.5263321867736e-05,7.7008931035519,0.062500001999985,0
589,-1.2806689761907,-2.8532850825392e-05,7.7008931035656,0.18750000599997,0
590,-1.1120470109467,-3.0504833113232e-05,7.7008931035794,0.31250001,0
591,-0.79120926924321,-1.1613212727222e-05,7.7008931035932,0.43750001400001,0
592,-1.3860307960766,-1.7208446637908e-05,7.8348216792668,0.062500001999983,0
593,-1.2806439150269,-3.2163734563355e-05,7.8348216792802,0.18750000599997,0
594,-1.1120425957048,-3.4376708107588e-05,7.8348216792937,0.31250000999999,0
595,-0.79123058679009,-1.3084112446936e-05,7.8348216793071,0.43750001400001,0
596,-1.3859722999339,-1.9401684786231e-05,7.9687502549817,0.06250000199998,0
597,-1.2806156724253,-3.6256912200837e-05,7.9687502549948,0.18750000599996,0
598,-1.112037626792,-3.8739577173164e-05,7.9687502550079,0.31250000999998,0
599,-0.79125460830985,-1.4740849884358e-05,7.968750255021,0.437500014,0
600,-1.3859063563474,-2.1874694257734e-05,8.1026788306966,0.062500001999978,0
601,-1.2805838447531,-4.0871280427442e-05,8.1026788307094,0.18750000599995,0
602,-1.1120320354219,-4.3655626176743e-05,8.1026788307222,0.31250000999997,0
603,-0.7912816762948,-1.6606813106281e-05,8.102678830735,0.437500014,0
604,-1.3858320166259,-2.4663161829743e-05,8.2366074064115,0.062500001999976,0
605,-1.2805479771896,-4.6073241505913e-05,8.2366074064239,0.18750000599994,0
606,-1.112025744387,-4.9194906845221e-05,8.2366074064364,0.31250000999997,0
607,-0.79131217652676,-1.8708316862919e-05,8.2366074064489,0.437500014,0
608,-1.3857482112166,-2.780731023337e-05,8.3705359821264,0.062500001999973,0
609,-1.2805075572304,-5.1937658475272e-05,8.3705359821385,0.18750000599994,0
610,-1.1120186670495,-5.5436331447166e-05,8.3705359821507,0.31250000999996,0
611,-0.79134654353359,-2.1074966397471e-05,8.3705359821628,0.437500014,0
612,-1.3856537343342,-3.1352465977526e-05,8.5044645578413,0.062500001999971,0
613,-1.2804620073625,-5.8548931140284e-05,8.5044645578531,0.18750000599993,0
614,-1.1120107062143,-6.2468793992637e-05,8.5044645578649,0.31250000999995,0
615,-0.79138526673156,-2.374006590301e-05,8.5044645578767,0.43750001399999,0
616,-1.3855472266516,-3.5349695451567e-05,8.6383931335562,0.062500001999969,0
617,-1.2804106768038,-6.6002207718656e-05,8.6383931335677,0.18750000599992,0
618,-1.1120017528708,-7.0392434024475e-05,8.6383931335792,0.31250000999994,0
619,-0.79142889734005,-2.6741077440703e-05,8.6383931335906,0.43750001399999,0
620,-1.3854271558103,-3.9856515951721e-05,8.7723217092711,0.062500001999967,0
621,-1.2803528321856,-7.4404749163444e-05,8.7723217092822,0.18750000599991,0
622,-1.1119916847881,-7.932006187693e-05,8.7723217092934,0.31250000999994,0
623,-0.79147805616571,-3.0120136987363e-05,8.7723217093046,0.43750001399999,0
624,-1.3852917944873,-4.4937688316714e-05,8.906250284986,0.062500001999964,0
625,-1.2802876470386,-8.3877464265861e-05,8.9062502849968,0.18750000599991,0
626,-1.1119803649463,-8.9378766338028e-05,8.9062502850076,0.31250000999993,0
627,-0.791533442366,-3.3924634267035e-05,8.9062502850185,0.43750001399999,0
628,-1.3851391957202,-5.066609972699e-05,9.0401788607008,0.062500001999962,0
629,-1.2802141899249,-9.4556636649853e-05,9.0401788607114,0.1875000059999,0
630,-1.1119676397842,-0.00010071172892012,9.0401788607219,0.31250000999992,0
631,-0.79159584331592,-3.8207864490985e-05,9.0401788607324,0.43750001399998,0
632,-1.3849671651631,-5.7123742996546e-05,9.1741074364157,0.06250000199996,0
633,-1.2801314110367,-0.00010659586631471,9.1741074364259,0.18750000599989,0
634,-1.111953337241,-0.00011348027249622,9.1741074364361,0.31250000999991,0
635,-0.79166614571793,-4.3029761809546e-05,9.1741074364463,0.43750001399998,0
636,-1.3847732299108,-6.4402799860886e-05,9.3080360121306,0.062500001999957,0
637,-1.2800381270549,-0.00012016825120478,9.3080360121405,0.18750000599988,0
638,-1.1119372645667,-0.00012786617563145,9.3080360121504,0.31250000999991,0
639,-0.79174534811379,-4.8457724526159e-05,9.3080360121603,0.43750001399998,0
640,-1.3845546034917,-7.260683422749e-05,9.4419645878455,0.062500001999955,0
641,-1.2799330040325,-0.00013546883654154,9.4419645878551,0.18750000599988,0
642,-1.1119192058706,-0.00014407428936937,9.4419645878646,0.3125000099999,0
643,-0.79183457497744,-5.4567544706666e-05,9.4419645878742,0.43750001399998,0
644,-1.3843081465934,-8.1852100427002e-05,9.5758931635604,0.062500001999953,0
645,-1.2798145380317,-0.00015271736231938,9.5758931635697,0.18750000599987,0
646,-1.1118989193733,-0.00016233549803431,9.5758931635789,0.31250000999989,0
647,-0.79193509259277,-6.1444455842975e-05,9.5758931635881,0.43750001399997,0
648,-1.3840303230438,-9.2268967873948e-05,9.7098217392753,0.062500001999951,0
649,-1.2796810332023,-0.00017216134219687,9.7098217392842,0.18750000599986,0
650,-1.1118761343207,-0.00018291007269865,9.7098217392931,0.31250000999988,0
651,-0.79204832694778,-6.9184315460407e-05,9.709821739302,0.43750001399997,0
652,-1.383717150536,-0.00010400346212811,9.8437503149902,0.062500001999948,0
653,-1.2795305769406,-0.00019407950924547,9.8437503149988,0.18750000599985,0
654,-1.1118505475089,-0.00020609147352643,9.8437503150074,0.31250000999988,0
655,-0.79217588390855,-7.7894941780115e-05,9.8437503150159,0.43750001399997,0
656,-1.3833641455459,-0.00011721891515129,9.9776788907051,0.062500001999946,0
657,-1.2793610117114,-0.00021878566697655,9.9776788907134,0.18750000599985,0
658,-1.1118218193618,-0.00023221066640565,9.9776788907216,0.31250000999987,0
659,-0.79231957197405,-8.7697627141122e-05,9.9776788907299,0.43750001399997,0
660,-1.3829662618628,-0.00013209771155165,10.11160746642,0.062500001999944,0
661,-1.2791699030454,-0.00024663298515662,10.111607466428,0.18750000599984,0
662,-1.1117895694853,-0.00026164103026535,10.111607466436,0.31250000999986,0
663,-0.79248142795616,-9.8728855497837e-05,10.111607466444,0.43750001399996,0
664,-1.382517822128,-0.00014884310823726,10.245536042135,0.062500001999941,0
665,-1.2789545031442,-0.00027801878237679,10.245536042143,0.18750000599983,0
666,-1.1117533716078,-0.00029480394468043,10.24553604215,0.31250000999985,0
667,-0.7926637459803,-0.00011114225674599,10.245536042158,0.43750001399996,0
668,-1.3820124417667,-0.00016768108969636,10.37946461785,0.062500001999939,0
669,-1.2787117094282,-0.00031338983638721,10.379464617857,0.18750000599982,0
670,-1.1117127477896,-0.00033217516303989,10.379464617864,0.31250000999985,0
671,-0.79286911026222,-0.00012511083819747,10.379464617872,0.43750001399996,0
672,-1.3814429447028,-0.00018886220590036,10.513393193565,0.062500001999937,0
673,-1.2784380172446,-0.00035324826335853,10.513393193572,0.18750000599982,0
674,-1.1116671617583,-0.000374292095179,10.513393193579,0.31250000999984,0
675,-0.79310043218733,-0.00014082954214893,10.513393193586,0.43750001399996,0
676,-1.3808012702827,-0.0002126633149117,10.64732176928,0.062500001999935,0
677,-1.2781294658112,-0.00039815800208546,10.647321769286,0.18750000599981,0
678,-1.1116160111796,-0.00042176214617156,10.647321769293,0.31250000999983,0
679,-0.79336099230408,-0.00015851819199668,10.647321769299,0.43750001399996,0
680,-1.3800783708984,-0.00023938912189941,10.781250344995,0.062500001999932,0
681,-1.2777815763079,-0.00044875193337662,10.781250345001,0.1875000059998,0
682,-1.1115586186243,-0.00047527228425784,10.781250345007,0.31250000999982,0
683,-0.79365448794415,-0.00017842490499421,10.781250345013,0.43750001399995,0
684,-1.3792640999223,-0.0002693733697163,10.915178920709,0.06250000199993,0
685,-1.2773892808165,-0.00050573965322103,10.915178920715,0.18750000599979,0
686,-1.1114942209162,-0.0005356000433793,10.915178920721,0.31250000999982,0
687,-0.7939850873043,-0.00020083007273279,10.915178920727,0.43750001399995,0
688,-1.3783470897452,-0.00030297948372393,11.049107496424,0.062500001999928,0
689,-1.2769468405753,-0.00056991589962267,11.04910749643,0.18750000599979,0
690,-1.1114219564478,-0.00060362620221437,11.049107496436,0.31250000999981,0
691,-0.79435749097342,-0.00022605104001587,11.049107496441,0.43750001399995,0
692,-1.3773146199798,-0.0003406004176958,11.183036072139,0.062500001999925,0
693,-1.2764477517142,-0.0006421696067836,11.183036072145,0.18750000599978,0
694,-1.1113408499199,-0.0006803494259214,11.18303607215,0.3125000099998,0
695,-0.79477700206826,-0.00025444765602865,11.183036072155,0.43750001399995,0
696,-1.3761524762762,-0.00038265736941475,11.316964647854,0.062500001999923,0
697,-1.2758846362978,-0.00072349352044765,11.316964647859,0.18750000599977,0
698,-1.1112497937819,-0.00076690320627507,11.316964647864,0.31250000999979,0
699,-0.79524960636315,-0.0002864289287625,11.316964647869,0.43750001399994,0
700,-1.3748448007139,-0.00042959695019998,11.450893223569,0.062500001999921,0
701,-1.2752491160897,-0.00081499425188821,11.450893223574,0.18750000599977,0
702,-1.1111475254069,-0.00086457549067478,11.450893223578,0.31250000999979,0
703,-0.79578206407101,-0.00032246109547468,11.450893223583,0.43750001399994,0
704,-1.373373935448,-0.00048188629167884,11.584821799284,0.062500001999919,0
705,-1.2745316659795,-0.00091790256816004,11.584821799288,0.18750000599976,0
706,-1.1110325987094,-0.00097483144992209,11.584821799293,0.31250000999978,0
707,-0.79638201527081,-0.00036307753698093,11.584821799297,0.43750001399994,0
708,-1.3717202622084,-0.0005400054624745,11.718750374999,0.062500001999916,0
709,-1.2737214434689,-0.0010335836060659,11.718750375003,0.18750000599975,0
710,-1.1109033484623,-0.0010993398930396,11.718750375007,0.31250000999977,0
711,-0.79705810139574,-0.00040889112782024,11.718750375011,0.43750001399994,0
712,-1.3698620414572,-0.00060443645886968,11.852678950714,0.062500001999914,0
713,-1.27280609001,-0.0011635465426552,11.852678950717,0.18750000599974,0
714,-1.1107578449575,-0.001240003887053,11.852678950721,0.31250000999976,0
715,-0.79782010572112,-0.0004606098475583,11.852678950725,0.43750001399993,0
716,-1.367775256535,-0.00067564793609266,11.986607526429,0.062500001999912,0
717,-1.2717714993461,-0.0013094530465206,11.986607526432,0.18750000599974,0
718,-1.1105938358205,-0.0013989961674352,11.986607526435,0.31250000999976,0
719,-0.79867911644678,-0.000519056818853,11.986607526439,0.43750001399993,0
720,-1.3654334700313,-0.00075407478632815,12.120536102143,0.062500001999909,0
721,-1.2706015473603,-0.0014731235419208,12.120536102147,0.18750000599973,0
722,-1.1104086706357,-0.0015787999008433,12.12053610215,0.31250000999975,0
723,-0.79964771679365,-0.00058519642233832,12.120536102153,0.43750001399993,0
724,-1.3628077019044,-0.00084009169103891,12.254464677858,0.062500001999907,0
725,-1.269277777353,-0.0016565399263963,12.254464677861,0.18750000599972,0
726,-1.1101992024596,-0.0017822552466694,12.254464677864,0.31250000999974,0
727,-0.80074020757558,-0.00066016884460057,12.254464677867,0.43750001399993,0
728,-1.359866341559,-0.00093397995980341,12.388393253573,0.062500001999905,0
729,-1.2677790342515,-0.0018618428741791,12.388393253576,0.18750000599971,0
730,-1.1099616581091,-0.0020126119065875,12.388393253578,0.31250000999973,0
731,-0.80197286903321,-0.00074533647310079,12.38839325358,0.43750001399992,0
732,-1.356575109293,-0.0010358874432183,12.522321829288,0.062500001999903,0
733,-1.2660810412963,-0.0020913212145449,12.52232182929,0.18750000599971,0
734,-1.1096914661212,-0.0022735873622139,12.522321829292,0.31250000999973,0
735,-0.8033642703715,-0.00084234715883009,12.522321829294,0.43750001399992,0
736,-1.3528970865451,-0.0011457821136711,12.656250405003,0.0625000019999,0
737,-1.2641559137792,-0.0023473899265747,12.656250405005,0.1875000059997,0
738,-1.1093830272881,-0.0025694295136096,12.656250405007,0.31250000999972,0
739,-0.80493563743994,-0.00095322166077426,12.656250405008,0.43750001399992,0
740,-1.3487928386627,-0.0012634009238749,12.790178980718,0.062500001999898,0
741,-1.2619716067041,-0.0026325516757384,12.790178980719,0.18750000599969,0
742,-1.1090294072735,-0.0029049803675642,12.790178980721,0.31250000999971,0
743,-0.8067112915115,-0.0010804755109276,12.790178980722,0.43750001399992,0
744,-1.3442206554818,-0.001388197208562,12.924107556433,0.062500001999896,0
745,-1.2594912958696,-0.0029493347045592,12.924107556434,0.18750000599968,0
746,-1.1086219229007,-0.0032857339256079,12.924107556435,0.3125000099997,0
747,-0.80871917590347,-0.0012272896851386,12.924107556436,0.43750001399992,0
748,-1.3391369322234,-0.0015192947237578,13.058036132148,0.062500001999893,0
749,-1.2566726948141,-0.0033001993565676,13.058036132149,0.18750000599968,0
750,-1.1081495816099,-0.0037178776783227,13.058036132149,0.3125000099997,0
751,-0.81099149253149,-0.0013977531778667,13.05803613215,0.43750001399991,0
752,-1.3334967221147,-0.0016554666292179,13.191964707863,0.062500001999891,0
753,-1.2534673239028,-0.003687407434411,13.191964707863,0.18750000599967,0
754,-1.1075983184335,-0.0042083037871054,13.191964707864,0.31250000999969,0
755,-0.81356547267879,-0.0015972178683436,13.191964707864,0.43750001399991,0
756,-1.327254545612,-0.0017951612349666,13.325893283577,0.062500001999889,0
757,-1.2498197953905,-0.0041128388914839,13.325893283578,0.18750000599966,0
758,-1.1069499648108,-0.0047645606184627,13.325893283578,0.31250000999968,0
759,-0.81648429584893,-0.0018328193770923,13.325893283578,0.43750001399991,0
763,-0.81979816526191,-0.0021141860125788,13.459821859292,0.43750001399991,0
762,-1.1061808804877,-0.0053946555033826,13.459821859292,0.31250000999967,0
761,-1.2456672369174,-0.0045776896566908,13.459821859292,0.18750000599965,0
760,-1.3203655850347,-0.0019365629515171,13.459821859292,0.062500001999887,0
767,-0.82356563737756,-0.0024543042300047,13.593750435006,0.4375000139999,0
766,-1.1052601324017,-0.0061065334225998,13.593750435006,0.31250000999967,0
765,-1.2409388864053,-0.0050819353319229,13.593750435006,0.18750000599965,0
764,-1.312787150352,-0.0020776426635208,13.593750435006,0.062500001999884,0
771,-0.82785548455346,-0.0028707246897552,13.727679010719,0.4375000139999,0
770,-1.1041469191081,-0.0069071525872079,13.727679010719,0.31250000999966,0
769,-1.2355555997836,-0.0056236328402687,13.727679010719,0.18750000599964,0
768,-1.3044797560144,-0.0022163535808193,13.72767901072,0.062500001999882,0
775,-0.83274897993186,-0.0033880110142439,13.861607586433,0.4375000139999,0
774,-1.1027867937033,-0.0078014908918923,13.861607586433,0.31250000999965,0
773,-1.2294295135198,-0.0061985715411047,13.861607586433,0.18750000599963,0
772,-1.2954080973374,-0.0023516278229336,13.861607586433,0.06250000199988,0
779,-0.83834039176589,-0.0040418272173611,13.995536162147,0.4375000139999,0
778,-1.101107032143,-0.0087912580724235,13.995536162147,0.31250000999964,0
777,-1.2224672747235,-0.0067999087726315,13.995536162147,0.18750000599962,0
776,-1.2855473091577,-0.0024851571742248,13.995536162147,0.062500001999877,0
783,-0.84473221698375,-0.0048788188672448,14.129464737861,0.43750001399989,0
782,-1.0990135724837,-0.0098685220451705,14.129464737861,0.31250000999964,0
781,-1.2145826030575,-0.007412859115171,14.129464737861,0.18750000599962,0
780,-1.2749016401842,-0.0026198138618986,14.129464737861,0.062500001999875,0
787,-0.8520326902791,-0.0059383683350942,14.263393313574,0.43750001399989,0
786,-1.0963901099724,-0.010994457592075,14.263393313574,0.31250000999963,0
785,-1.2057088181935,-0.0079978332239246,14.263393313574,0.18750000599961,0
784,-1.2635155228305,-0.0027491370902807,14.263393313574,0.062500001999873,0
791,-0.86038595939192,-0.007226891292732,14.397321889288,0.43750001399989,0
790,-1.0930843554174,-0.012072757939971,14.397321889288,0.31250000999962,0
789,-1.1957694323387,-0.0084796238749184,14.397321889288,0.1875000059996,0
788,-1.2514164254101,-0.0028535603617535,14.397321889288,0.062500001999871,0
795,-0.87001847127824,-0.0087737856965881,14.531250465002,0.43750001399989,0
794,-1.0888612037286,-0.012981988306353,14.531250465002,0.31250000999961,0
793,-1.1846269233616,-0.0087964463393169,14.531250465002,0.18750000599959,0
792,-1.2385529088201,-0.0029453013197116,14.531250465002,0.062500001999868,0
799,-0.88103493430362,-0.010769876337231,14.665179040716,0.43750001399988,0
798,-1.0834242907452,-0.013662474731361,14.665179040716,0.31250000999961,0
797,-1.1723494813178,-0.0089494252244322,14.665179040716,0.18750000599959,0
796,-1.2252032467117,-0.0031021863364046,14.665179040716,0.062500001999866,0
803,-0.89257892789243,-0.013005398632634,14.799107616429,0.43750001399988,0
802,-1.0768574965435,-0.013721702012323,14.799107616429,0.3125000099996,0
801,-1.1602109192424,-0.0086329710447457,14.799107616429,0.18750000599958,0
800,-1.2131309604676,-0.0032024635740517,14.799107616429,0.062500001999864,0
807,-0.90243014730821,-0.012187115680461,14.933036192143,0.43750001399988,0
806,-1.0702549586795,-0.010712870664999,14.933036192143,0.31250000999959,0
805,-1.1509486392212,-0.0063329486232235,14.933036192143,0.18750000599957,0
804,-1.2053137788416,-0.0024589844057301,14.933036192143,0.062500001999861,0
