id,x,y,z,yw,elvol,h_cell,eta_h
0,-5.9800000000000004e+00,2.0000000000000000e-02,0.0000000000000000e+00,2.0000000000000000e-02,1.6000000000000001e-03,4.0000000000000001e-02,4.0816326530612249e-02
24,-5.9800000000000004e+00,9.7999999999999998e-01,0.0000000000000000e+00,2.0000000000000000e-02,1.6000000000000001e-03,4.0000000000000001e-02,4.0816326530612249e-02
49,-5.9400000000000004e+00,9.7999999999999998e-01,0.0000000000000000e+00,2.0000000000000000e-02,1.6000000000000001e-03,4.0000000000000001e-02,4.0816326530612249e-02
25,-5.9400000000000004e+00,2.0000000000000000e-02,0.0000000000000000e+00,2.0000000000000000e-02,1.6000000000000001e-03,4.0000000000000001e-02,4.0816326530612249e-02
50,-5.9000000000000004e+00,2.0000000000000000e-02,0.0000000000000000e+00,2.0000000000000000e-02,1.6000000000000001e-03,4.0000000000000001e-02,4.0816326530612249e-02
74,-5.9000000000000004e+00,9.7999999999999998e-01,0.0000000000000000e+00,2.0000000000000000e-02,1.6000000000000001e-03,4.0000000000000001e-02,4.0816326530612249e-02
99,-5.8600000000000003e+00,9.7999999999999998e-01,0.0000000000000000e+00,2.0000000000000000e-02,1.6000000000000001e-03,4.0000000000000001e-02,4.0816326530612249e-02
75,-5.8600000000000003e+00,2.0000000000000000e-02,0.0000000000000000e+00,2.0000000000000000e-02,1.6000000000000001e-03,4.0000000000000001e-02,4.0816326530612249e-02
100,-5.8200000000000003e+00,2.0000000000000000e-02,0.0000000000000000e+00,2.0000000000000000e-02,1.6000000000000001e-03,4.0000000000000001e-02,4.0816326530612249e-02
124,-5.8200000000000003e+00,9.7999999999999998e-01,0.0000000000000000e+00,2.0000000000000000e-02,1.6000000000000001e-03,4.0000000000000001e-02,4.0816326530612249e-02
149,-5.7800000000000002e+00,9.7999999999999998e-01,0.0000000000000000e+00,2.0000000000000000e-02,1.5999999999998999e-03,3.9999999999998752e-02,4.0816326530610972e-02
125,-5.7800000000000002e+00,2.0000000000000000e-02,0.0000000000000000e+00,2.0000000000000000e-02,1.6000000000000001e-03,4.0000000000000001e-02,4.0816326530612249e-02
174,-5.7400000000000002e+00,9.7999999999999998e-01,0.0000000000000000e+00,2.0000000000000000e-02,1.6000000000000001e-03,4.0000000000000001e-02,4.0816326530612249e-02
150,-5.7400000000000002e+00,2.0000000000000000e-02,0.0000000000000000e+00,2.0000000000000000e-02,1.6000000000000001e-03,4.0000000000000001e-02,4.0816326530612249e-02
199,-5.7000000000000002e+00,9.7999999999999998e-01,0.0000000000000000e+00,2.0000000000000000e-02,1.6000000000000001e-03,4.0000000000000001e-02,4.0816326530612249e-02
175,-5.7000000000000002e+00,2.0000000000000000e-02,0.0000000000000000e+00,2.0000000000000000e-02,1.6000000000000001e-03,4.0000000000000001e-02,4.0816326530612249e-02
200,-5.6600000000000001e+00,2.0000000000000000e-02,0.0000000000000000e+00,2.0000000000000000e-02,1.6000000000000001e-03,4.0000000000000001e-02,4.0816326530612249e-02
224,-5.6600000000000001e+00,9.7999999999999998e-01,0.0000000000000000e+00,2.0000000000000000e-02,1.6000000000000001e-03,4.0000000000000001e-02,4.0816326530612249e-02
225,-5.6200000000000001e+00,2.0000000000000000e-02,0.0000000000000000e+00,2.0000000000000000e-02,1.6000000000000001e-03,4.0000000000000001e-02,4.0816326530612249e-02
249,-5.6200000000000001e+00,9.7999999999999998e-01,0.0000000000000000e+00,2.0000000000000000e-02,1.6000000000000001e-03,4.0000000000000001e-02,4.0816326530612249e-02
250,-5.5800000000000001e+00,2.0000000000000000e-02,0.0000000000000000e+00,2.0000000000000000e-02,1.6000000000000001e-03,4.0000000000000001e-02,4.0816326530612249e-02
274,-5.5800000000000001e+00,9.7999999999999998e-01,0.0000000000000000e+00,2.0000000000000000e-02,1.6000000000000001e-03,4.0000000000000001e-02,4.0816326530612249e-02
275,-5.5400000000000000e+00,2.0000000000000000e-02,0.0000000000000000e+00,2.0000000000000000e-02,1.6000000000000001e-03,4.0000000000000001e-02,4.0816326530612249e-02
299,-5.5400000000000000e+00,9.7999999999999998e-01,0.0000000000000000e+00,2.0000000000000000e-02,1.6000000000000001e-03,4.0000000000000001e-02,4.0816326530612249e-02
300,-5.5000000000000000e+00,2.0000000000000000e-02,0.0000000000000000e+00,2.0000000000000000e-02,1.6000000000000001e-03,4.0000000000000001e-02,4.0816326530612249e-02
324,-5.5000000000000000e+00,9.7999999999999998e-01,0.0000000000000000e+00,2.0000000000000000e-02,1.6000000000000001e-03,4.0000000000000001e-02,4.0816326530612249e-02
325,-5.4600000000000000e+00,2.0000000000000000e-02,0.0000000000000000e+00,2.0000000000000000e-02,1.6000000000000001e-03,4.0000000000000001e-02,4.0816326530612249e-02
349,-5.4600000000000000e+00,9.7999999999999998e-01,0.0000000000000000e+00,2.0000000000000000e-02,1.6000000000000001e-03,4.0000000000000001e-02,4.0816326530612249e-02
350,-5.4199999999999999e+00,2.0000000000000000e-02,0.0000000000000000e+00,2.0000000000000000e-02,1.6000000000000001e-03,4.0000000000000001e-02,4.0816326530612249e-02
374,-5.4199999999999999e+00,9.7999999999999998e-01,0.0000000000000000e+00,2.0000000000000000e-02,1.6000000000000001e-03,4.0000000000000001e-02,4.0816326530612249e-02
375,-5.3799999999999999e+00,2.0000000000000000e-02,0.0000000000000000e+00,2.0000000000000000e-02,1.6000000000000001e-03,4.0000000000000001e-02,4.0816326530612249e-02
399,-5.3799999999999999e+00,9.7999999999999998e-01,0.0000000000000000e+00,2.0000000000000000e-02,1.6000000000000001e-03,4.0000000000000001e-02,4.0816326530612249e-02
400,-5.3399999999999999e+00,2.0000000000000000e-02,0.0000000000000000e+00,2.0000000000000000e-02,1.6000000000000001e-03,4.0000000000000001e-02,4.0816326530612249e-02
424,-5.3399999999999999e+00,9.7999999999999998e-01,0.0000000000000000e+00,2.0000000000000000e-02,1.6000000000000001e-03,4.0000000000000001e-02,4.0816326530612249e-02
425,-5.2999999999999998e+00,2.0000000000000000e-02,0.0000000000000000e+00,2.0000000000000000e-02,1.6000000000000001e-03,4.0000000000000001e-02,4.0816326530612249e-02
449,-5.2999999999999998e+00,9.7999999999999998e-01,0.0000000000000000e+00,2.0000000000000000e-02,1.6000000000000001e-03,4.0000000000000001e-02,4.0816326530612249e-02
474,-5.2599999999999998e+00,9.7999999999999998e-01,0.0000000000000000e+00,2.0000000000000000e-02,1.6000000000000001e-03,4.0000000000000001e-02,4.0816326530612249e-02
450,-5.2599999999999998e+00,2.0000000000000000e-02,0.0000000000000000e+00,2.0000000000000000e-02,1.6000000000000001e-03,4.0000000000000001e-02,4.0816326530612249e-02
475,-5.2199999999999998e+00,2.0000000000000000e-02,0.0000000000000000e+00,2.0000000000000000e-02,1.6000000000000001e-03,4.0000000000000001e-02,4.0816326530612249e-02
499,-5.2199999999999998e+00,9.7999999999999998e-01,0.0000000000000000e+00,2.0000000000000000e-02,1.6000000000000001e-03,4.0000000000000001e-02,4.0816326530612249e-02
500,-5.1799999999999997e+00,2.0000000000000000e-02,0.0000000000000000e+00,2.0000000000000000e-02,1.6000000000000001e-03,4.0000000000000001e-02,4.0816326530612249e-02
524,-5.1799999999999997e+00,9.7999999999999998e-01,0.0000000000000000e+00,2.0000000000000000e-02,1.6000000000000001e-03,4.0000000000000001e-02,4.0816326530612249e-02
525,-5.1399999999999997e+00,2.0000000000000000e-02,0.0000000000000000e+00,2.0000000000000000e-02,1.6000000000000001e-03,4.0000000000000001e-02,4.0816326530612249e-02
549,-5.1399999999999997e+00,9.7999999999999998e-01,0.0000000000000000e+00,2.0000000000000000e-02,1.6000000000000001e-03,4.0000000000000001e-02,4.0816326530612249e-02
550,-5.0999999999999996e+00,2.0000000000000000e-02,0.0000000000000000e+00,2.0000000000000000e-02,1.6000000000000001e-03,4.0000000000000001e-02,4.0816326530612249e-02
574,-5.0999999999999996e+00,9.7999999999999998e-01,0.0000000000000000e+00,2.0000000000000000e-02,1.6000000000000001e-03,4.0000000000000001e-02,4.0816326530612249e-02
575,-5.0599999999999996e+00,2.0000000000000000e-02,0.0000000000000000e+00,2.0000000000000000e-02,1.6000000000000001e-03,4.0000000000000001e-02,4.0816326530612249e-02
599,-5.0599999999999996e+00,9.7999999999999998e-01,0.0000000000000000e+00,2.0000000000000000e-02,1.6000000000000001e-03,4.0000000000000001e-02,4.0816326530612249e-02
624,-5.0199999999999996e+00,9.7999999999999998e-01,0.0000000000000000e+00,2.0000000000000000e-02,1.6000000000000001e-03,4.0000000000000001e-02,4.0816326530612249e-02
600,-5.0199999999999996e+00,2.0000000000000000e-02,0.0000000000000000e+00,2.0000000000000000e-02,1.6000000000000001e-03,4.0000000000000001e-02,4.0816326530612249e-02
625,-4.9800000000000004e+00,2.0000000000000000e-02,0.0000000000000000e+00,2.0000000000000000e-02,1.6000000000000001e-03,4.0000000000000001e-02,4.0816326530612249e-02
649,-4.9800000000000004e+00,9.7999999999999998e-01,0.0000000000000000e+00,2.0000000000000000e-02,1.6000000000000001e-03,4.0000000000000001e-02,4.0816326530612249e-02
674,-4.9400000000000004e+00,9.7999999999999998e-01,0.0000000000000000e+00,2.0000000000000000e-02,1.6000000000000001e-03,4.0000000000000001e-02,4.0816326530612249e-02
650,-4.9400000000000004e+00,2.0000000000000000e-02,0.0000000000000000e+00,2.0000000000000000e-02,1.6000000000000001e-03,4.0000000000000001e-02,4.0816326530612249e-02
675,-4.9000000000000004e+00,2.0000000000000000e-02,0.0000000000000000e+00,2.0000000000000000e-02,1.6000000000000001e-03,4.0000000000000001e-02,4.0816326530612249e-02
699,-4.9000000000000004e+00,9.7999999999999998e-01,0.0000000000000000e+00,2.0000000000000000e-02,1.6000000000000001e-03,4.0000000000000001e-02,4.0816326530612249e-02
724,-4.8600000000000003e+00,9.7999999999999998e-01,0.0000000000000000e+00,2.0000000000000000e-02,1.6000000000000001e-03,4.0000000000000001e-02,4.0816326530612249e-02
700,-4.8600000000000003e+00,2.0000000000000000e-02,0.0000000000000000e+00,2.0000000000000000e-02,1.6000000000000001e-03,4.0000000000000001e-02,4.0816326530612249e-02
725,-4.8200000000000003e+00,2.0000000000000000e-02,0.0000000000000000e+00,2.0000000000000000e-02,1.6000000000000001e-03,4.0000000000000001e-02,4.0816326530612249e-02
749,-4.8200000000000003e+00,9.7999999999999998e-01,0.0000000000000000e+00,2.0000000000000000e-02,1.6000000000000001e-03,4.0000000000000001e-02,4.0816326530612249e-02
774,-4.7800000000000002e+00,9.7999999999999998e-01,0.0000000000000000e+00,2.0000000000000000e-02,1.6000000000000001e-03,4.0000000000000001e-02,4.0816326530612249e-02
750,-4.7800000000000002e+00,2.0000000000000000e-02,0.0000000000000000e+00,2.0000000000000000e-02,1.6000000000000001e-03,4.0000000000000001e-02,4.0816326530612249e-02
775,-4.7400000000000002e+00,2.0000000000000000e-02,0.0000000000000000e+00,2.0000000000000000e-02,1.6000000000000001e-03,4.0000000000000001e-02,4.0816326530612249e-02
799,-4.7400000000000002e+00,9.7999999999999998e-01,0.0000000000000000e+00,2.0000000000000000e-02,1.6000000000000001e-03,4.0000000000000001e-02,4.0816326530612249e-02
824,-4.7000000000000002e+00,9.7999999999999998e-01,0.0000000000000000e+00,2.0000000000000000e-02,1.6000000000000001e-03,4.0000000000000001e-02,4.0816326530612249e-02
800,-4.7000000000000002e+00,2.0000000000000000e-02,0.0000000000000000e+00,2.0000000000000000e-02,1.6000000000000001e-03,4.0000000000000001e-02,4.0816326530612249e-02
825,-4.6600000000000001e+00,2.0000000000000000e-02,0.0000000000000000e+00,2.0000000000000000e-02,1.6000000000000001e-03,4.0000000000000001e-02,4.0816326530612249e-02
849,-4.6600000000000001e+00,9.7999999999999998e-01,0.0000000000000000e+00,2.0000000000000000e-02,1.6000000000000001e-03,4.0000000000000001e-02,4.0816326530612249e-02
874,-4.6200000000000001e+00,9.7999999999999998e-01,0.0000000000000000e+00,2.0000000000000000e-02,1.6000000000000001e-03,4.0000000000000001e-02,4.0816326530612249e-02
850,-4.6200000000000001e+00,2.0000000000000000e-02,0.0000000000000000e+00,2.0000000000000000e-02,1.6000000000000001e-03,4.0000000000000001e-02,4.0816326530612249e-02
875,-4.5800000000000001e+00,2.0000000000000000e-02,0.0000000000000000e+00,2.0000000000000000e-02,1.6000000000000001e-03,4.0000000000000001e-02,4.0816326530612249e-02
899,-4.5800000000000001e+00,9.7999999999999998e-01,0.0000000000000000e+00,2.0000000000000000e-02,1.6000000000001000e-03,4.0000000000001250e-02,4.0816326530613518e-02
900,-4.5400000000000000e+00,2.0000000000000000e-02,0.0000000000000000e+00,2.0000000000000000e-02,1.6000000000000001e-03,4.0000000000000001e-02,4.0816326530612249e-02
924,-4.5400000000000000e+00,9.7999999999999998e-01,0.0000000000000000e+00,2.0000000000000000e-02,1.6000000000000001e-03,4.0000000000000001e-02,4.0816326530612249e-02
925,-4.5000000000000000e+00,2.0000000000000000e-02,0.0000000000000000e+00,2.0000000000000000e-02,1.6000000000000001e-03,4.0000000000000001e-02,4.0816326530612249e-02
949,-4.5000000000000000e+00,9.7999999999999998e-01,0.0000000000000000e+00,2.0000000000000000e-02,1.6000000000000001e-03,4.0000000000000001e-02,4.0816326530612249e-02
950,-4.4600000000000000e+00,2.0000000000000000e-02,0.0000000000000000e+00,2.0000000000000000e-02,1.6000000000000001e-03,4.0000000000000001e-02,4.0816326530612249e-02
974,-4.4600000000000000e+00,9.7999999999999998e-01,0.0000000000000000e+00,2.0000000000000000e-02,1.6000000000000001e-03,4.0000000000000001e-02,4.0816326530612249e-02
975,-4.4199999999999999e+00,2.0000000000000000e-02,0.0000000000000000e+00,2.0000000000000000e-02,1.6000000000000001e-03,4.0000000000000001e-02,4.0816326530612249e-02
999,-4.4199999999999999e+00,9.7999999999999998e-01,0.0000000000000000e+00,2.0000000000000000e-02,1.6000000000000001e-03,4.0000000000000001e-02,4.0816326530612249e-02
1024,-4.3799999999999999e+00,9.7999999999999998e-01,0.0000000000000000e+00,2.0000000000000000e-02,1.6000000000000001e-03,4.0000000000000001e-02,4.0816326530612249e-02
1000,-4.3799999999999999e+00,2.0000000000000000e-02,0.0000000000000000e+00,2.0000000000000000e-02,1.6000000000000001e-03,4.0000000000000001e-02,4.0816326530612249e-02
1025,-4.3399999999999999e+00,2.0000000000000000e-02,0.0000000000000000e+00,2.0000000000000000e-02,1.6000000000000001e-03,4.0000000000000001e-02,4.0816326530612249e-02
1049,-4.3399999999999999e+00,9.7999999999999998e-01,0.0000000000000000e+00,2.0000000000000000e-02,1.6000000000000001e-03,4.0000000000000001e-02,4.0816326530612249e-02
1074,-4.2999999999999998e+00,9.7999999999999998e-01,0.0000000000000000e+00,2.0000000000000000e-02,1.6000000000000001e-03,4.0000000000000001e-02,4.0816326530612249e-02
1050,-4.2999999999999998e+00,2.0000000000000000e-02,0.0000000000000000e+00,2.0000000000000000e-02,1.6000000000000001e-03,4.0000000000000001e-02,4.0816326530612249e-02
1075,-4.2599999999999998e+00,2.0000000000000000e-02,0.0000000000000000e+00,2.0000000000000000e-02,1.6000000000000001e-03,4.0000000000000001e-02,4.0816326530612249e-02
1099,-4.2599999999999998e+00,9.7999999999999998e-01,0.0000000000000000e+00,2.0000000000000000e-02,1.6000000000000001e-03,4.0000000000000001e-02,4.0816326530612249e-02
1124,-4.2199999999999998e+00,9.7999999999999998e-01,0.0000000000000000e+00,2.0000000000000000e-02,1.6000000000000001e-03,4.0000000000000001e-02,4.0816326530612249e-02
1100,-4.2199999999999998e+00,2.0000000000000000e-02,0.0000000000000000e+00,2.0000000000000000e-02,1.6000000000000001e-03,4.0000000000000001e-02,4.0816326530612249e-02
1125,-4.1799999999999997e+00,2.0000000000000000e-02,0.0000000000000000e+00,2.0000000000000000e-02,1.6000000000000001e-03,4.0000000000000001e-02,4.0816326530612249e-02
1149,-4.1799999999999997e+00,9.7999999999999998e-01,0.0000000000000000e+00,2.0000000000000000e-02,1.6000000000000001e-03,4.0000000000000001e-02,4.0816326530612249e-02
1150,-4.1399999999999997e+00,2.0000000000000000e-02,0.0000000000000000e+00,2.0000000000000000e-02,1.6000000000000001e-03,4.0000000000000001e-02,4.0816326530612249e-02
1174,-4.1399999999999997e+00,9.7999999999999998e-01,0.0000000000000000e+00,2.0000000000000000e-02,1.6000000000000001e-03,4.0000000000000001e-02,4.0816326530612249e-02
1199,-4.0999999999999996e+00,9.7999999999999998e-01,0.0000000000000000e+00,2.0000000000000000e-02,1.6000000000000001e-03,4.0000000000000001e-02,4.0816326530612249e-02
1175,-4.0999999999999996e+00,2.0000000000000000e-02,0.0000000000000000e+00,2.0000000000000000e-02,1.6000000000000001e-03,4.0000000000000001e-02,4.0816326530612249e-02
1200,-4.0599999999999996e+00,2.0000000000000000e-02,0.0000000000000000e+00,2.0000000000000000e-02,1.6000000000000001e-03,4.0000000000000001e-02,4.0816326530612249e-02
1224,-4.0599999999999996e+00,9.7999999999999998e-01,0.0000000000000000e+00,2.0000000000000000e-02,1.6000000000000001e-03,4.0000000000000001e-02,4.0816326530612249e-02
1225,-4.0199999999999996e+00,2.0000000000000000e-02,0.0000000000000000e+00,2.0000000000000000e-02,1.6000000000000001e-03,4.0000000000000001e-02,4.0816326530612249e-02
1249,-4.0199999999999996e+00,9.7999999999999998e-01,0.0000000000000000e+00,2.0000000000000000e-02,1.6000000000000001e-03,4.0000000000000001e-02,4.0816326530612249e-02
1250,-3.9800000000000000e+00,2.0000000000000000e-02,0.0000000000000000e+00,2.0000000000000000e-02,1.6000000000000001e-03,4.0000000000000001e-02,4.0816326530612249e-02
1274,-3.9800000000000000e+00,9.7999999999999998e-01,0.0000000000000000e+00,2.0000000000000000e-02,1.6000000000000001e-03,4.0000000000000001e-02,4.0816326530612249e-02
1275,-3.9399999999999999e+00,2.0000000000000000e-02,0.0000000000000000e+00,2.0000000000000000e-02,1.6000000000000001e-03,4.0000000000000001e-02,4.0816326530612249e-02
1299,-3.9399999999999999e+00,9.7999999999999998e-01,0.0000000000000000e+00,2.0000000000000000e-02,1.6000000000000001e-03,4.0000000000000001e-02,4.0816326530612249e-02
1300,-3.8999999999999999e+00,2.0000000000000000e-02,0.0000000000000000e+00,2.0000000000000000e-02,1.6000000000000001e-03,4.0000000000000001e-02,4.0816326530612249e-02
1324,-3.8999999999999999e+00,9.7999999999999998e-01,0.0000000000000000e+00,2.0000000000000000e-02,1.6000000000000001e-03,4.0000000000000001e-02,4.0816326530612249e-02
1349,-3.8599999999999999e+00,9.7999999999999998e-01,0.0000000000000000e+00,2.0000000000000000e-02,1.6000000000000001e-03,4.0000000000000001e-02,4.0816326530612249e-02
1325,-3.8599999999999999e+00,2.0000000000000000e-02,0.0000000000000000e+00,2.0000000000000000e-02,1.6000000000000001e-03,4.0000000000000001e-02,4.0816326530612249e-02
1374,-3.8199999999999998e+00,9.7999999999999998e-01,0.0000000000000000e+00,2.0000000000000000e-02,1.5999999999998999e-03,3.9999999999998752e-02,4.0816326530610972e-02
1350,-3.8199999999999998e+00,2.0000000000000000e-02,0.0000000000000000e+00,2.0000000000000000e-02,1.6000000000000001e-03,4.0000000000000001e-02,4.0816326530612249e-02
1399,-3.7799999999999998e+00,9.7999999999999998e-01,0.0000000000000000e+00,2.0000000000000000e-02,1.6000000000000001e-03,4.0000000000000001e-02,4.0816326530612249e-02
1375,-3.7799999999999998e+00,2.0000000000000000e-02,0.0000000000000000e+00,2.0000000000000000e-02,1.6000000000000001e-03,4.0000000000000001e-02,4.0816326530612249e-02
1400,-3.7400000000000002e+00,2.0000000000000000e-02,0.0000000000000000e+00,2.0000000000000000e-02,1.6000000000000001e-03,4.0000000000000001e-02,4.0816326530612249e-02
1424,-3.7400000000000002e+00,9.7999999999999998e-01,0.0000000000000000e+00,2.0000000000000000e-02,1.6000000000000001e-03,4.0000000000000001e-02,4.0816326530612249e-02
1449,-3.7000000000000002e+00,9.7999999999999998e-01,0.0000000000000000e+00,2.0000000000000000e-02,1.6000000000000001e-03,4.0000000000000001e-02,4.0816326530612249e-02
1425,-3.7000000000000002e+00,2.0000000000000000e-02,0.0000000000000000e+00,2.0000000000000000e-02,1.6000000000000001e-03,4.0000000000000001e-02,4.0816326530612249e-02
1474,-3.6600000000000001e+00,9.7999999999999998e-01,0.0000000000000000e+00,2.0000000000000000e-02,1.6000000000000001e-03,4.0000000000000001e-02,4.0816326530612249e-02
1450,-3.6600000000000001e+00,2.0000000000000000e-02,0.0000000000000000e+00,2.0000000000000000e-02,1.6000000000000001e-03,4.0000000000000001e-02,4.0816326530612249e-02
1499,-3.6200000000000001e+00,9.7999999999999998e-01,0.0000000000000000e+00,2.0000000000000000e-02,1.6000000000000001e-03,4.0000000000000001e-02,4.0816326530612249e-02
1475,-3.6200000000000001e+00,2.0000000000000000e-02,0.0000000000000000e+00,2.0000000000000000e-02,1.6000000000000001e-03,4.0000000000000001e-02,4.0816326530612249e-02
1524,-3.5800000000000001e+00,9.7999999999999998e-01,0.0000000000000000e+00,2.0000000000000000e-02,1.6000000000000001e-03,4.0000000000000001e-02,4.0816326530612249e-02
1500,-3.5800000000000001e+00,2.0000000000000000e-02,0.0000000000000000e+00,2.0000000000000000e-02,1.6000000000000001e-03,4.0000000000000001e-02,4.0816326530612249e-02
1525,-3.5400000000000000e+00,2.0000000000000000e-02,0.0000000000000000e+00,2.0000000000000000e-02,1.6000000000000001e-03,4.0000000000000001e-02,4.0816326530612249e-02
1549,-3.5400000000000000e+00,9.7999999999999998e-01,0.0000000000000000e+00,2.0000000000000000e-02,1.6000000000000001e-03,4.0000000000000001e-02,4.0816326530612249e-02
1550,-3.5000000000000000e+00,2.0000000000000000e-02,0.0000000000000000e+00,2.0000000000000000e-02,1.6000000000000001e-03,4.0000000000000001e-02,4.0816326530612249e-02
1574,-3.5000000000000000e+00,9.7999999999999998e-01,0.0000000000000000e+00,2.0000000000000000e-02,1.6000000000000001e-03,4.0000000000000001e-02,4.0816326530612249e-02
1575,-3.4600000000000000e+00,2.0000000000000000e-02,0.0000000000000000e+00,2.0000000000000000e-02,1.6000000000000001e-03,4.0000000000000001e-02,4.0816326530612249e-02
1599,-3.4600000000000000e+00,9.7999999999999998e-01,0.0000000000000000e+00,2.0000000000000000e-02,1.6000000000000001e-03,4.0000000000000001e-02,4.0816326530612249e-02
1600,-3.4199999999999999e+00,2.0000000000000000e-02,0.0000000000000000e+00,2.0000000000000000e-02,1.6000000000000001e-03,4.0000000000000001e-02,4.0816326530612249e-02
1624,-3.4199999999999999e+00,9.7999999999999998e-01,0.0000000000000000e+00,2.0000000000000000e-02,1.6000000000000001e-03,4.0000000000000001e-02,4.0816326530612249e-02
1625,-3.3799999999999999e+00,2.0000000000000000e-02,0.0000000000000000e+00,2.0000000000000000e-02,1.6000000000000001e-03,4.0000000000000001e-02,4.0816326530612249e-02
1649,-3.3799999999999999e+00,9.7999999999999998e-01,0.0000000000000000e+00,2.0000000000000000e-02,1.6000000000000001e-03,4.0000000000000001e-02,4.0816326530612249e-02
1650,-3.3399999999999999e+00,2.0000000000000000e-02,0.0000000000000000e+00,2.0000000000000000e-02,1.6000000000000001e-03,4.0000000000000001e-02,4.0816326530612249e-02
1674,-3.3399999999999999e+00,9.7999999999999998e-01,0.0000000000000000e+00,2.0000000000000000e-02,1.6000000000000001e-03,4.0000000000000001e-02,4.0816326530612249e-02
1675,-3.2999999999999998e+00,2.0000000000000000e-02,0.0000000000000000e+00,2.0000000000000000e-02,1.6000000000000001e-03,4.0000000000000001e-02,4.0816326530612249e-02
1699,-3.2999999999999998e+00,9.7999999999999998e-01,0.0000000000000000e+00,2.0000000000000000e-02,1.6000000000000001e-03,4.0000000000000001e-02,4.0816326530612249e-02
1700,-3.2599999999999998e+00,2.0000000000000000e-02,0.0000000000000000e+00,2.0000000000000000e-02,1.6000000000000001e-03,4.0000000000000001e-02,4.0816326530612249e-02
1724,-3.2599999999999998e+00,9.7999999999999998e-01,0.0000000000000000e+00,2.0000000000000000e-02,1.6000000000000001e-03,4.0000000000000001e-02,4.0816326530612249e-02
1725,-3.2200000000000002e+00,2.0000000000000000e-02,0.0000000000000000e+00,2.0000000000000000e-02,1.6000000000000001e-03,4.0000000000000001e-02,4.0816326530612249e-02
1749,-3.2200000000000002e+00,9.7999999999999998e-01,0.0000000000000000e+00,2.0000000000000000e-02,1.6000000000000001e-03,4.0000000000000001e-02,4.0816326530612249e-02
1750,-3.1800000000000002e+00,2.0000000000000000e-02,0.0000000000000000e+00,2.0000000000000000e-02,1.6000000000000001e-03,4.0000000000000001e-02,4.0816326530612249e-02
1774,-3.1800000000000002e+00,9.7999999999999998e-01,0.0000000000000000e+00,2.0000000000000000e-02,1.6000000000000001e-03,4.0000000000000001e-02,4.0816326530612249e-02
1775,-3.1400000000000001e+00,2.0000000000000000e-02,0.0000000000000000e+00,2.0000000000000000e-02,1.6000000000000001e-03,4.0000000000000001e-02,4.0816326530612249e-02
1799,-3.1400000000000001e+00,9.7999999999999998e-01,0.0000000000000000e+00,2.0000000000000000e-02,1.6000000000000001e-03,4.0000000000000001e-02,4.0816326530612249e-02
1800,-3.1000000000000001e+00,2.0000000000000000e-02,0.0000000000000000e+00,2.0000000000000000e-02,1.6000000000000001e-03,4.0000000000000001e-02,4.0816326530612249e-02
1824,-3.1000000000000001e+00,9.7999999999999998e-01,0.0000000000000000e+00,2.0000000000000000e-02,1.6000000000000001e-03,4.0000000000000001e-02,4.0816326530612249e-02
1849,-3.0600000000000001e+00,9.7999999999999998e-01,0.0000000000000000e+00,2.0000000000000000e-02,1.6000000000000001e-03,4.0000000000000001e-02,4.0816326530612249e-02
1825,-3.0600000000000001e+00,2.0000000000000000e-02,0.0000000000000000e+00,2.0000000000000000e-02,1.6000000000000001e-03,4.0000000000000001e-02,4.0816326530612249e-02
1850,-3.0200000000000000e+00,2.0000000000000000e-02,0.0000000000000000e+00,2.0000000000000000e-02,1.6000000000000001e-03,4.0000000000000001e-02,4.0816326530612249e-02
1874,-3.0200000000000000e+00,9.7999999999999998e-01,0.0000000000000000e+00,2.0000000000000000e-02,1.6000000000000001e-03,4.0000000000000001e-02,4.0816326530612249e-02
1875,-2.9800000000000000e+00,2.0000000000000000e-02,0.0000000000000000e+00,2.0000000000000000e-02,1.6000000000000001e-03,4.0000000000000001e-02,4.0816326530612249e-02
1899,-2.9800000000000000e+00,9.7999999999999998e-01,0.0000000000000000e+00,2.0000000000000000e-02,1.6000000000000001e-03,4.0000000000000001e-02,4.0816326530612249e-02
1924,-2.9399999999999999e+00,9.7999999999999998e-01,0.0000000000000000e+00,2.0000000000000000e-02,1.6000000000000001e-03,4.0000000000000001e-02,4.0816326530612249e-02
1900,-2.9399999999999999e+00,2.0000000000000000e-02,0.0000000000000000e+00,2.0000000000000000e-02,1.6000000000000001e-03,4.0000000000000001e-02,4.0816326530612249e-02
1949,-2.8999999999999999e+00,9.7999999999999998e-01,0.0000000000000000e+00,2.0000000000000000e-02,1.6000000000000001e-03,4.0000000000000001e-02,4.0816326530612249e-02
1925,-2.8999999999999999e+00,2.0000000000000000e-02,0.0000000000000000e+00,2.0000000000000000e-02,1.6000000000000001e-03,4.0000000000000001e-02,4.0816326530612249e-02
1950,-2.8599999999999999e+00,2.0000000000000000e-02,0.0000000000000000e+00,2.0000000000000000e-02,1.6000000000000001e-03,4.0000000000000001e-02,4.0816326530612249e-02
1974,-2.8599999999999999e+00,9.7999999999999998e-01,0.0000000000000000e+00,2.0000000000000000e-02,1.6000000000000001e-03,4.0000000000000001e-02,4.0816326530612249e-02
1975,-2.8199999999999998e+00,2.0000000000000000e-02,0.0000000000000000e+00,2.0000000000000000e-02,1.6000000000000001e-03,4.0000000000000001e-02,4.0816326530612249e-02
1999,-2.8199999999999998e+00,9.7999999999999998e-01,0.0000000000000000e+00,2.0000000000000000e-02,1.6000000000000001e-03,4.0000000000000001e-02,4.0816326530612249e-02
2000,-2.7799999999999998e+00,2.0000000000000000e-02,0.0000000000000000e+00,2.0000000000000000e-02,1.6000000000000001e-03,4.0000000000000001e-02,4.0816326530612249e-02
2024,-2.7799999999999998e+00,9.7999999999999998e-01,0.0000000000000000e+00,2.0000000000000000e-02,1.6000000000000001e-03,4.0000000000000001e-02,4.0816326530612249e-02
2049,-2.7400000000000002e+00,9.7999999999999998e-01,0.0000000000000000e+00,2.0000000000000000e-02,1.6000000000000001e-03,4.0000000000000001e-02,4.0816326530612249e-02
2025,-2.7400000000000002e+00,2.0000000000000000e-02,0.0000000000000000e+00,2.0000000000000000e-02,1.6000000000000001e-03,4.0000000000000001e-02,4.0816326530612249e-02
2074,-2.7000000000000002e+00,9.7999999999999998e-01,0.0000000000000000e+00,2.0000000000000000e-02,1.6000000000000001e-03,4.0000000000000001e-02,4.0816326530612249e-02
2050,-2.7000000000000002e+00,2.0000000000000000e-02,0.0000000000000000e+00,2.0000000000000000e-02,1.6000000000000001e-03,4.0000000000000001e-02,4.0816326530612249e-02
2099,-2.6600000000000001e+00,9.7999999999999998e-01,0.0000000000000000e+00,2.0000000000000000e-02,1.6000000000000001e-03,4.0000000000000001e-02,4.0816326530612249e-02
2075,-2.6600000000000001e+00,2.0000000000000000e-02,0.0000000000000000e+00,2.0000000000000000e-02,1.6000000000000001e-03,4.0000000000000001e-02,4.0816326530612249e-02
2124,-2.6200000000000001e+00,9.7999999999999998e-01,0.0000000000000000e+00,2.0000000000000000e-02,1.6000000000000001e-03,4.0000000000000001e-02,4.0816326530612249e-02
2100,-2.6200000000000001e+00,2.0000000000000000e-02,0.0000000000000000e+00,2.0000000000000000e-02,1.6000000000000001e-03,4.0000000000000001e-02,4.0816326530612249e-02
2125,-2.5800000000000001e+00,2.0000000000000000e-02,0.0000000000000000e+00,2.0000000000000000e-02,1.6000000000000001e-03,4.0000000000000001e-02,4.0816326530612249e-02
2149,-2.5800000000000001e+00,9.7999999999999998e-01,0.0000000000000000e+00,2.0000000000000000e-02,1.6000000000000001e-03,4.0000000000000001e-02,4.0816326530612249e-02
2150,-2.5400000000000000e+00,2.0000000000000000e-02,0.0000000000000000e+00,2.0000000000000000e-02,1.6000000000000001e-03,4.0000000000000001e-02,4.0816326530612249e-02
2174,-2.5400000000000000e+00,9.7999999999999998e-01,0.0000000000000000e+00,2.0000000000000000e-02,1.6000000000000001e-03,4.0000000000000001e-02,4.0816326530612249e-02
2175,-2.5000000000000000e+00,2.0000000000000000e-02,0.0000000000000000e+00,2.0000000000000000e-02,1.6000000000000001e-03,4.0000000000000001e-02,4.0816326530612249e-02
2199,-2.5000000000000000e+00,9.7999999999999998e-01,0.0000000000000000e+00,2.0000000000000000e-02,1.6000000000000001e-03,4.0000000000000001e-02,4.0816326530612249e-02
2200,-2.4600000000000000e+00,2.0000000000000000e-02,0.0000000000000000e+00,2.0000000000000000e-02,1.6000000000000001e-03,4.0000000000000001e-02,4.0816326530612249e-02
2224,-2.4600000000000000e+00,9.7999999999999998e-01,0.0000000000000000e+00,2.0000000000000000e-02,1.6000000000000001e-03,4.0000000000000001e-02,4.0816326530612249e-02
2249,-2.4199999999999999e+00,9.7999999999999998e-01,0.0000000000000000e+00,2.0000000000000000e-02,1.6000000000000001e-03,4.0000000000000001e-02,4.0816326530612249e-02
2225,-2.4199999999999999e+00,2.0000000000000000e-02,0.0000000000000000e+00,2.0000000000000000e-02,1.6000000000000001e-03,4.0000000000000001e-02,4.0816326530612249e-02
2274,-2.3799999999999999e+00,9.7999999999999998e-01,0.0000000000000000e+00,2.0000000000000000e-02,1.6000000000000001e-03,4.0000000000000001e-02,4.0816326530612249e-02
2250,-2.3799999999999999e+00,2.0000000000000000e-02,0.0000000000000000e+00,2.0000000000000000e-02,1.6000000000000001e-03,4.0000000000000001e-02,4.0816326530612249e-02
2299,-2.3399999999999999e+00,9.7999999999999998e-01,0.0000000000000000e+00,2.0000000000000000e-02,1.6000000000000001e-03,4.0000000000000001e-02,4.0816326530612249e-02
2275,-2.3399999999999999e+00,2.0000000000000000e-02,0.0000000000000000e+00,2.0000000000000000e-02,1.6000000000000001e-03,4.0000000000000001e-02,4.0816326530612249e-02
2324,-2.2999999999999998e+00,9.7999999999999998e-01,0.0000000000000000e+00,2.0000000000000000e-02,1.6000000000000001e-03,4.0000000000000001e-02,4.0816326530612249e-02
2300,-2.2999999999999998e+00,2.0000000000000000e-02,0.0000000000000000e+00,2.0000000000000000e-02,1.6000000000000001e-03,4.0000000000000001e-02,4.0816326530612249e-02
2325,-2.2599999999999998e+00,2.0000000000000000e-02,0.0000000000000000e+00,2.0000000000000000e-02,1.6000000000000001e-03,4.0000000000000001e-02,4.0816326530612249e-02
2349,-2.2599999999999998e+00,9.7999999999999998e-01,0.0000000000000000e+00,2.0000000000000000e-02,1.6000000000000001e-03,4.0000000000000001e-02,4.0816326530612249e-02
2374,-2.2200000000000002e+00,9.7999999999999998e-01,0.0000000000000000e+00,2.0000000000000000e-02,1.6000000000000001e-03,4.0000000000000001e-02,4.0816326530612249e-02
2350,-2.2200000000000002e+00,2.0000000000000000e-02,0.0000000000000000e+00,2.0000000000000000e-02,1.6000000000001000e-03,4.0000000000001250e-02,4.0816326530613518e-02
2399,-2.1800000000000002e+00,9.7999999999999998e-01,0.0000000000000000e+00,2.0000000000000000e-02,1.6000000000000001e-03,4.0000000000000001e-02,4.0816326530612249e-02
2375,-2.1800000000000002e+00,2.0000000000000000e-02,0.0000000000000000e+00,2.0000000000000000e-02,1.6000000000000001e-03,4.0000000000000001e-02,4.0816326530612249e-02
2424,-2.1400000000000001e+00,9.7999999999999998e-01,0.0000000000000000e+00,2.0000000000000000e-02,1.6000000000000001e-03,4.0000000000000001e-02,4.0816326530612249e-02
2400,-2.1400000000000001e+00,2.0000000000000000e-02,0.0000000000000000e+00,2.0000000000000000e-02,1.6000000000000001e-03,4.0000000000000001e-02,4.0816326530612249e-02
2449,-2.1000000000000001e+00,9.7999999999999998e-01,0.0000000000000000e+00,2.0000000000000000e-02,1.6000000000000001e-03,4.0000000000000001e-02,4.0816326530612249e-02
2425,-2.1000000000000001e+00,2.0000000000000000e-02,0.0000000000000000e+00,2.0000000000000000e-02,1.6000000000000001e-03,4.0000000000000001e-02,4.0816326530612249e-02
2450,-2.0600000000000001e+00,2.0000000000000000e-02,0.0000000000000000e+00,2.0000000000000000e-02,1.6000000000000001e-03,4.0000000000000001e-02,4.0816326530612249e-02
2474,-2.0600000000000001e+00,9.7999999999999998e-01,0.0000000000000000e+00,2.0000000000000000e-02,1.6000000000000001e-03,4.0000000000000001e-02,4.0816326530612249e-02
2475,-2.0200000000000000e+00,2.0000000000000000e-02,0.0000000000000000e+00,2.0000000000000000e-02,1.6000000000000001e-03,4.0000000000000001e-02,4.0816326530612249e-02
2499,-2.0200000000000000e+00,9.7999999999999998e-01,0.0000000000000000e+00,2.0000000000000000e-02,1.6000000000000001e-03,4.0000000000000001e-02,4.0816326530612249e-02
2500,-1.9800000000000000e+00,2.0000000000000000e-02,0.0000000000000000e+00,2.0000000000000000e-02,1.6000000000000001e-03,4.0000000000000001e-02,4.0816326530612249e-02
2524,-1.9800000000000000e+00,9.7999999999999998e-01,0.0000000000000000e+00,2.0000000000000000e-02,1.6000000000000001e-03,4.0000000000000001e-02,4.0816326530612249e-02
2525,-1.9399999999999999e+00,2.0000000000000000e-02,0.0000000000000000e+00,2.0000000000000000e-02,1.6000000000000001e-03,4.0000000000000001e-02,4.0816326530612249e-02
2549,-1.9399999999999999e+00,9.7999999999999998e-01,0.0000000000000000e+00,2.0000000000000000e-02,1.6000000000000001e-03,4.0000000000000001e-02,4.0816326530612249e-02
2574,-1.8999999999999999e+00,9.7999999999999998e-01,0.0000000000000000e+00,2.0000000000000000e-02,1.6000000000000001e-03,4.0000000000000001e-02,4.0816326530612249e-02
2550,-1.8999999999999999e+00,2.0000000000000000e-02,0.0000000000000000e+00,2.0000000000000000e-02,1.6000000000000001e-03,4.0000000000000001e-02,4.0816326530612249e-02
2599,-1.8600000000000001e+00,9.7999999999999998e-01,0.0000000000000000e+00,2.0000000000000000e-02,1.6000000000000001e-03,4.0000000000000001e-02,4.0816326530612249e-02
2575,-1.8600000000000001e+00,2.0000000000000000e-02,0.0000000000000000e+00,2.0000000000000000e-02,1.6000000000000001e-03,4.0000000000000001e-02,4.0816326530612249e-02
2624,-1.8200000000000001e+00,9.7999999999999998e-01,0.0000000000000000e+00,2.0000000000000000e-02,1.6000000000000001e-03,4.0000000000000001e-02,4.0816326530612249e-02
2600,-1.8200000000000001e+00,2.0000000000000000e-02,0.0000000000000000e+00,2.0000000000000000e-02,1.6000000000000001e-03,4.0000000000000001e-02,4.0816326530612249e-02
2625,-1.7800000000000000e+00,2.0000000000000000e-02,0.0000000000000000e+00,2.0000000000000000e-02,1.6000000000000001e-03,4.0000000000000001e-02,4.0816326530612249e-02
2649,-1.7800000000000000e+00,9.7999999999999998e-01,0.0000000000000000e+00,2.0000000000000000e-02,1.6000000000000001e-03,4.0000000000000001e-02,4.0816326530612249e-02
2650,-1.7400000000000000e+00,2.0000000000000000e-02,0.0000000000000000e+00,2.0000000000000000e-02,1.6000000000000001e-03,4.0000000000000001e-02,4.0816326530612249e-02
2674,-1.7400000000000000e+00,9.7999999999999998e-01,0.0000000000000000e+00,2.0000000000000000e-02,1.6000000000000001e-03,4.0000000000000001e-02,4.0816326530612249e-02
2699,-1.7000000000000000e+00,9.7999999999999998e-01,0.0000000000000000e+00,2.0000000000000000e-02,1.6000000000000001e-03,4.0000000000000001e-02,4.0816326530612249e-02
2675,-1.7000000000000000e+00,2.0000000000000000e-02,0.0000000000000000e+00,2.0000000000000000e-02,1.6000000000000001e-03,4.0000000000000001e-02,4.0816326530612249e-02
2724,-1.6599999999999999e+00,9.7999999999999998e-01,0.0000000000000000e+00,2.0000000000000000e-02,1.6000000000000001e-03,4.0000000000000001e-02,4.0816326530612249e-02
2700,-1.6599999999999999e+00,2.0000000000000000e-02,0.0000000000000000e+00,2.0000000000000000e-02,1.6000000000000001e-03,4.0000000000000001e-02,4.0816326530612249e-02
2749,-1.6200000000000001e+00,9.7999999999999998e-01,0.0000000000000000e+00,2.0000000000000000e-02,1.6000000000000001e-03,4.0000000000000001e-02,4.0816326530612249e-02
2725,-1.6200000000000001e+00,2.0000000000000000e-02,0.0000000000000000e+00,2.0000000000000000e-02,1.6000000000000001e-03,4.0000000000000001e-02,4.0816326530612249e-02
2774,-1.5800000000000001e+00,9.7999999999999998e-01,0.0000000000000000e+00,2.0000000000000000e-02,1.6000000000000001e-03,4.0000000000000001e-02,4.0816326530612249e-02
2750,-1.5800000000000001e+00,2.0000000000000000e-02,0.0000000000000000e+00,2.0000000000000000e-02,1.6000000000000001e-03,4.0000000000000001e-02,4.0816326530612249e-02
2799,-1.5400000000000000e+00,9.7999999999999998e-01,0.0000000000000000e+00,2.0000000000000000e-02,1.6000000000000001e-03,4.0000000000000001e-02,4.0816326530612249e-02
2775,-1.5400000000000000e+00,2.0000000000000000e-02,0.0000000000000000e+00,2.0000000000000000e-02,1.6000000000000001e-03,4.0000000000000001e-02,4.0816326530612249e-02
2800,-1.5000000000000000e+00,2.0000000000000000e-02,0.0000000000000000e+00,2.0000000000000000e-02,1.6000000000000001e-03,4.0000000000000001e-02,4.0816326530612249e-02
2824,-1.5000000000000000e+00,9.7999999999999998e-01,0.0000000000000000e+00,2.0000000000000000e-02,1.6000000000000001e-03,4.0000000000000001e-02,4.0816326530612249e-02
2825,-1.4600000000000000e+00,2.0000000000000000e-02,0.0000000000000000e+00,2.0000000000000000e-02,1.6000000000000001e-03,4.0000000000000001e-02,4.0816326530612249e-02
2849,-1.4600000000000000e+00,9.7999999999999998e-01,0.0000000000000000e+00,2.0000000000000000e-02,1.6000000000000001e-03,4.0000000000000001e-02,4.0816326530612249e-02
2874,-1.4199999999999999e+00,9.7999999999999998e-01,0.0000000000000000e+00,2.0000000000000000e-02,1.6000000000000001e-03,4.0000000000000001e-02,4.0816326530612249e-02
2850,-1.4199999999999999e+00,2.0000000000000000e-02,0.0000000000000000e+00,2.0000000000000000e-02,1.6000000000000001e-03,4.0000000000000001e-02,4.0816326530612249e-02
2899,-1.3799999999999999e+00,9.7999999999999998e-01,0.0000000000000000e+00,2.0000000000000000e-02,1.6000000000000001e-03,4.0000000000000001e-02,4.0816326530612249e-02
2875,-1.3799999999999999e+00,2.0000000000000000e-02,0.0000000000000000e+00,2.0000000000000000e-02,1.6000000000000001e-03,4.0000000000000001e-02,4.0816326530612249e-02
2924,-1.3400000000000001e+00,9.7999999999999998e-01,0.0000000000000000e+00,2.0000000000000000e-02,1.6000000000000001e-03,4.0000000000000001e-02,4.0816326530612249e-02
2900,-1.3400000000000001e+00,2.0000000000000000e-02,0.0000000000000000e+00,2.0000000000000000e-02,1.6000000000000001e-03,4.0000000000000001e-02,4.0816326530612249e-02
2949,-1.3000000000000000e+00,9.7999999999999998e-01,0.0000000000000000e+00,2.0000000000000000e-02,1.6000000000000001e-03,4.0000000000000001e-02,4.0816326530612249e-02
2925,-1.3000000000000000e+00,2.0000000000000000e-02,0.0000000000000000e+00,2.0000000000000000e-02,1.6000000000000001e-03,4.0000000000000001e-02,4.0816326530612249e-02
2974,-1.2600000000000000e+00,9.7999999999999998e-01,0.0000000000000000e+00,2.0000000000000000e-02,1.6000000000000001e-03,4.0000000000000001e-02,4.0816326530612249e-02
2950,-1.2600000000000000e+00,2.0000000000000000e-02,0.0000000000000000e+00,2.0000000000000000e-02,1.6000000000000001e-03,4.0000000000000001e-02,4.0816326530612249e-02
2999,-1.2200000000000000e+00,9.7999999999999998e-01,0.0000000000000000e+00,2.0000000000000000e-02,1.6000000000000001e-03,4.0000000000000001e-02,4.0816326530612249e-02
2975,-1.2200000000000000e+00,2.0000000000000000e-02,0.0000000000000000e+00,2.0000000000000000e-02,1.6000000000000001e-03,4.0000000000000001e-02,4.0816326530612249e-02
3024,-1.1799999999999999e+00,9.7999999999999998e-01,0.0000000000000000e+00,2.0000000000000000e-02,1.6000000000000001e-03,4.0000000000000001e-02,4.0816326530612249e-02
3000,-1.1799999999999999e+00,2.0000000000000000e-02,0.0000000000000000e+00,2.0000000000000000e-02,1.6000000000000001e-03,4.0000000000000001e-02,4.0816326530612249e-02
3049,-1.1399999999999999e+00,9.7999999999999998e-01,0.0000000000000000e+00,2.0000000000000000e-02,1.6000000000000001e-03,4.0000000000000001e-02,4.0816326530612249e-02
3025,-1.1399999999999999e+00,2.0000000000000000e-02,0.0000000000000000e+00,2.0000000000000000e-02,1.6000000000000001e-03,4.0000000000000001e-02,4.0816326530612249e-02
3050,-1.1000000000000001e+00,2.0000000000000000e-02,0.0000000000000000e+00,2.0000000000000000e-02,1.6000000000000001e-03,4.0000000000000001e-02,4.0816326530612249e-02
3074,-1.1000000000000001e+00,9.7999999999999998e-01,0.0000000000000000e+00,2.0000000000000000e-02,1.6000000000000001e-03,4.0000000000000001e-02,4.0816326530612249e-02
3099,-1.0600000000000001e+00,9.7999999999999998e-01,0.0000000000000000e+00,2.0000000000000000e-02,1.6000000000000001e-03,4.0000000000000001e-02,4.0816326530612249e-02
3075,-1.0600000000000001e+00,2.0000000000000000e-02,0.0000000000000000e+00,2.0000000000000000e-02,1.6000000000000001e-03,4.0000000000000001e-02,4.0816326530612249e-02
3124,-1.0200000000000000e+00,9.7999999999999998e-01,0.0000000000000000e+00,2.0000000000000000e-02,1.6000000000000001e-03,4.0000000000000001e-02,4.0816326530612249e-02
3100,-1.0200000000000000e+00,2.0000000000000000e-02,0.0000000000000000e+00,2.0000000000000000e-02,1.5999999999998999e-03,3.9999999999998752e-02,4.0816326530610972e-02
3149,-9.7999999999999998e-01,9.7999999999999998e-01,0.0000000000000000e+00,2.0000000000000000e-02,1.6000000000000001e-03,4.0000000000000001e-02,4.0816326530612249e-02
3125,-9.7999999999999998e-01,2.0000000000000000e-02,0.0000000000000000e+00,2.0000000000000000e-02,1.6000000000001000e-03,4.0000000000001250e-02,4.0816326530613518e-02
3174,-9.3999999999999995e-01,9.7999999999999998e-01,0.0000000000000000e+00,2.0000000000000000e-02,1.6000000000000001e-03,4.0000000000000001e-02,4.0816326530612249e-02
3150,-9.3999999999999995e-01,2.0000000000000000e-02,0.0000000000000000e+00,2.0000000000000000e-02,1.5999999999998999e-03,3.9999999999998752e-02,4.0816326530610972e-02
3175,-9.0000000000000002e-01,2.0000000000000000e-02,0.0000000000000000e+00,2.0000000000000000e-02,1.6000000000000001e-03,4.0000000000000001e-02,4.0816326530612249e-02
3199,-9.0000000000000002e-01,9.7999999999999998e-01,0.0000000000000000e+00,2.0000000000000000e-02,1.6000000000000001e-03,4.0000000000000001e-02,4.0816326530612249e-02
3200,-8.5999999999999999e-01,2.0000000000000000e-02,0.0000000000000000e+00,2.0000000000000000e-02,1.6000000000000001e-03,4.0000000000000001e-02,4.0816326530612249e-02
3224,-8.5999999999999999e-01,9.7999999999999998e-01,0.0000000000000000e+00,2.0000000000000000e-02,1.6000000000000001e-03,4.0000000000000001e-02,4.0816326530612249e-02
3249,-8.1999999999999995e-01,9.7999999999999998e-01,0.0000000000000000e+00,2.0000000000000000e-02,1.6000000000000001e-03,4.0000000000000001e-02,4.0816326530612249e-02
3225,-8.1999999999999995e-01,2.0000000000000000e-02,0.0000000000000000e+00,2.0000000000000000e-02,1.6000000000000001e-03,4.0000000000000001e-02,4.0816326530612249e-02
3274,-7.8000000000000003e-01,9.7999999999999998e-01,0.0000000000000000e+00,2.0000000000000000e-02,1.6000000000000001e-03,4.0000000000000001e-02,4.0816326530612249e-02
3250,-7.8000000000000003e-01,2.0000000000000000e-02,0.0000000000000000e+00,2.0000000000000000e-02,1.6000000000000001e-03,4.0000000000000001e-02,4.0816326530612249e-02
3299,-7.3999999999999999e-01,9.7999999999999998e-01,0.0000000000000000e+00,2.0000000000000000e-02,1.6000000000000001e-03,4.0000000000000001e-02,4.0816326530612249e-02
3275,-7.3999999999999999e-01,2.0000000000000000e-02,0.0000000000000000e+00,2.0000000000000000e-02,1.6000000000000001e-03,4.0000000000000001e-02,4.0816326530612249e-02
3324,-6.9999999999999996e-01,9.7999999999999998e-01,0.0000000000000000e+00,2.0000000000000000e-02,1.6000000000000001e-03,4.0000000000000001e-02,4.0816326530612249e-02
3300,-6.9999999999999996e-01,2.0000000000000000e-02,0.0000000000000000e+00,2.0000000000000000e-02,1.6000000000000001e-03,4.0000000000000001e-02,4.0816326530612249e-02
3349,-6.6000000000000003e-01,9.7999999999999998e-01,0.0000000000000000e+00,2.0000000000000000e-02,1.6000000000000001e-03,4.0000000000000001e-02,4.0816326530612249e-02
3325,-6.6000000000000003e-01,2.0000000000000000e-02,0.0000000000000000e+00,2.0000000000000000e-02,1.6000000000000001e-03,4.0000000000000001e-02,4.0816326530612249e-02
3374,-6.2000000000000000e-01,9.7999999999999998e-01,0.0000000000000000e+00,2.0000000000000000e-02,1.6000000000000001e-03,4.0000000000000001e-02,4.0816326530612249e-02
3350,-6.2000000000000000e-01,2.0000000000000000e-02,0.0000000000000000e+00,2.0000000000000000e-02,1.6000000000000001e-03,4.0000000000000001e-02,4.0816326530612249e-02
3399,-5.7999999999999996e-01,9.7999999999999998e-01,0.0000000000000000e+00,2.0000000000000000e-02,1.6000000000000001e-03,4.0000000000000001e-02,4.0816326530612249e-02
3375,-5.7999999999999996e-01,2.0000000000000000e-02,0.0000000000000000e+00,2.0000000000000000e-02,1.6000000000000001e-03,4.0000000000000001e-02,4.0816326530612249e-02
3424,-5.4000000000000004e-01,9.7999999999999998e-01,0.0000000000000000e+00,2.0000000000000000e-02,1.6000000000000001e-03,4.0000000000000001e-02,4.0816326530612249e-02
3400,-5.4000000000000004e-01,2.0000000000000000e-02,0.0000000000000000e+00,2.0000000000000000e-02,1.6000000000000001e-03,4.0000000000000001e-02,4.0816326530612249e-02
3449,-5.0000000000000000e-01,9.7999999999999998e-01,0.0000000000000000e+00,2.0000000000000000e-02,1.6000000000000001e-03,4.0000000000000001e-02,4.0816326530612249e-02
3425,-5.0000000000000000e-01,2.0000000000000000e-02,0.0000000000000000e+00,2.0000000000000000e-02,1.6000000000000001e-03,4.0000000000000001e-02,4.0816326530612249e-02
3474,-4.6000000000000002e-01,9.7999999999999998e-01,0.0000000000000000e+00,2.0000000000000000e-02,1.6000000000000001e-03,4.0000000000000001e-02,4.0816326530612249e-02
3450,-4.6000000000000002e-01,2.0000000000000000e-02,0.0000000000000000e+00,2.0000000000000000e-02,1.6000000000000001e-03,4.0000000000000001e-02,4.0816326530612249e-02
3475,-4.1999999999999998e-01,2.0000000000000000e-02,0.0000000000000000e+00,2.0000000000000000e-02,1.6000000000000001e-03,4.0000000000000001e-02,4.0816326530612249e-02
3499,-4.1999999999999998e-01,9.7999999999999998e-01,0.0000000000000000e+00,2.0000000000000000e-02,1.6000000000000001e-03,4.0000000000000001e-02,4.0816326530612249e-02
3500,-3.8000000000000000e-01,2.0000000000000000e-02,0.0000000000000000e+00,2.0000000000000000e-02,1.6000000000000001e-03,4.0000000000000001e-02,4.0816326530612249e-02
3524,-3.8000000000000000e-01,9.7999999999999998e-01,0.0000000000000000e+00,2.0000000000000000e-02,1.6000000000000001e-03,4.0000000000000001e-02,4.0816326530612249e-02
3549,-3.4000000000000002e-01,9.7999999999999998e-01,0.0000000000000000e+00,2.0000000000000000e-02,1.6000000000000001e-03,4.0000000000000001e-02,4.0816326530612249e-02
3525,-3.4000000000000002e-01,2.0000000000000000e-02,0.0000000000000000e+00,2.0000000000000000e-02,1.6000000000000001e-03,4.0000000000000001e-02,4.0816326530612249e-02
3574,-2.9999999999999999e-01,9.7999999999999998e-01,0.0000000000000000e+00,2.0000000000000000e-02,1.6000000000000001e-03,4.0000000000000001e-02,4.0816326530612249e-02
3550,-2.9999999999999999e-01,2.0000000000000000e-02,0.0000000000000000e+00,2.0000000000000000e-02,1.6000000000000001e-03,4.0000000000000001e-02,4.0816326530612249e-02
3599,-2.6000000000000001e-01,9.7999999999999998e-01,0.0000000000000000e+00,2.0000000000000000e-02,1.6000000000000001e-03,4.0000000000000001e-02,4.0816326530612249e-02
3575,-2.6000000000000001e-01,2.0000000000000000e-02,0.0000000000000000e+00,2.0000000000000000e-02,1.6000000000000001e-03,4.0000000000000001e-02,4.0816326530612249e-02
3624,-2.2000000000000000e-01,9.7999999999999998e-01,0.0000000000000000e+00,2.0000000000000000e-02,1.6000000000000001e-03,4.0000000000000001e-02,4.0816326530612249e-02
3600,-2.2000000000000000e-01,2.0000000000000000e-02,0.0000000000000000e+00,2.0000000000000000e-02,1.6000000000000001e-03,4.0000000000000001e-02,4.0816326530612249e-02
3649,-1.7999999999999999e-01,9.7999999999999998e-01,0.0000000000000000e+00,2.0000000000000000e-02,1.6000000000000001e-03,4.0000000000000001e-02,4.0816326530612249e-02
3625,-1.7999999999999999e-01,2.0000000000000000e-02,0.0000000000000000e+00,2.0000000000000000e-02,1.6000000000000001e-03,4.0000000000000001e-02,4.0816326530612249e-02
3674,-1.4000000000000001e-01,9.7999999999999998e-01,0.0000000000000000e+00,2.0000000000000000e-02,1.6000000000000001e-03,4.0000000000000001e-02,4.0816326530612249e-02
3650,-1.4000000000000001e-01,2.0000000000000000e-02,0.0000000000000000e+00,2.0000000000000000e-02,1.6000000000000001e-03,4.0000000000000001e-02,4.0816326530612249e-02
3699,-1.0000000000000001e-01,9.7999999999999998e-01,0.0000000000000000e+00,2.0000000000000000e-02,1.6000000000000001e-03,4.0000000000000001e-02,4.0816326530612249e-02
3675,-1.0000000000000001e-01,2.0000000000000000e-02,0.0000000000000000e+00,2.0000000000000000e-02,1.6000000000000001e-03,4.0000000000000001e-02,4.0816326530612249e-02
3724,-5.9999999999999998e-02,9.7999999999999998e-01,0.0000000000000000e+00,2.0000000000000000e-02,1.6000000000000001e-03,4.0000000000000001e-02,4.0816326530612249e-02
3700,-5.9999999999999998e-02,2.0000000000000000e-02,0.0000000000000000e+00,2.0000000000000000e-02,1.6000000000000001e-03,4.0000000000000001e-02,4.0816326530612249e-02
3749,-2.0000000000000000e-02,9.7999999999999998e-01,0.0000000000000000e+00,2.0000000000000000e-02,1.6000000000000001e-03,4.0000000000000001e-02,4.0816326530612249e-02
3725,-2.0000000000000000e-02,2.0000000000000000e-02,0.0000000000000000e+00,2.0000000000000000e-02,1.6000000000000001e-03,4.0000000000000001e-02,4.0816326530612249e-02
12550,1.9999999999999001e-02,-4.6000000000000002e-01,0.0000000000000000e+00,1.9999999999999001e-02,1.5999999999998999e-03,3.9999999999998752e-02,4.0816326530610972e-02
13350,1.9999999999999001e-02,-5.0000000000000000e-01,0.0000000000000000e+00,1.9999999999999001e-02,1.5999999999998999e-03,3.9999999999998752e-02,4.0816326530610972e-02
14150,1.9999999999999001e-02,-5.4000000000000004e-01,0.0000000000000000e+00,1.9999999999999001e-02,1.5999999999998999e-03,3.9999999999998752e-02,4.0816326530610972e-02
11750,1.9999999999999001e-02,-4.1999999999999998e-01,0.0000000000000000e+00,1.9999999999999001e-02,1.5999999999998999e-03,3.9999999999998752e-02,4.0816326530610972e-02
14950,1.9999999999999001e-02,-5.7999999999999996e-01,0.0000000000000000e+00,1.9999999999999001e-02,1.5999999999998999e-03,3.9999999999998752e-02,4.0816326530610972e-02
42950,2.0000000000000000e-02,9.7999999999999998e-01,0.0000000000000000e+00,2.0000000000000000e-02,1.6000000000000001e-03,4.0000000000000001e-02,4.0816326530612249e-02
3750,2.0000000000000000e-02,-2.0000000000000000e-02,0.0000000000000000e+00,2.0000000000000000e-02,1.6000000000000001e-03,4.0000000000000001e-02,4.0816326530612249e-02
4550,2.0000000000000000e-02,-5.9999999999999998e-02,0.0000000000000000e+00,2.0000000000000000e-02,1.6000000000000001e-03,4.0000000000000001e-02,4.0816326530612249e-02
5350,2.0000000000000000e-02,-1.0000000000000001e-01,0.0000000000000000e+00,2.0000000000000000e-02,1.6000000000000001e-03,4.0000000000000001e-02,4.0816326530612249e-02
6150,2.0000000000000000e-02,-1.4000000000000001e-01,0.0000000000000000e+00,2.0000000000000000e-02,1.6000000000000001e-03,4.0000000000000001e-02,4.0816326530612249e-02
6950,2.0000000000000000e-02,-1.7999999999999999e-01,0.0000000000000000e+00,2.0000000000000000e-02,1.6000000000000001e-03,4.0000000000000001e-02,4.0816326530612249e-02
7750,2.0000000000000000e-02,-2.2000000000000000e-01,0.0000000000000000e+00,2.0000000000000000e-02,1.6000000000000001e-03,4.0000000000000001e-02,4.0816326530612249e-02
8550,2.0000000000000000e-02,-2.6000000000000001e-01,0.0000000000000000e+00,2.0000000000000000e-02,1.6000000000000001e-03,4.0000000000000001e-02,4.0816326530612249e-02
9350,2.0000000000000000e-02,-2.9999999999999999e-01,0.0000000000000000e+00,2.0000000000000000e-02,1.6000000000000001e-03,4.0000000000000001e-02,4.0816326530612249e-02
10150,2.0000000000000000e-02,-3.4000000000000002e-01,0.0000000000000000e+00,2.0000000000000000e-02,1.6000000000000001e-03,4.0000000000000001e-02,4.0816326530612249e-02
10950,2.0000000000000000e-02,-3.8000000000000000e-01,0.0000000000000000e+00,2.0000000000000000e-02,1.6000000000000001e-03,4.0000000000000001e-02,4.0816326530612249e-02
15750,2.0000000000000000e-02,-6.2000000000000000e-01,0.0000000000000000e+00,2.0000000000000000e-02,1.6000000000000001e-03,4.0000000000000001e-02,4.0816326530612249e-02
16550,2.0000000000000000e-02,-6.6000000000000003e-01,0.0000000000000000e+00,2.0000000000000000e-02,1.6000000000000001e-03,4.0000000000000001e-02,4.0816326530612249e-02
17350,2.0000000000000000e-02,-6.9999999999999996e-01,0.0000000000000000e+00,2.0000000000000000e-02,1.6000000000000001e-03,4.0000000000000001e-02,4.0816326530612249e-02
18150,2.0000000000000000e-02,-7.3999999999999999e-01,0.0000000000000000e+00,2.0000000000000000e-02,1.6000000000000001e-03,4.0000000000000001e-02,4.0816326530612249e-02
18950,2.0000000000000000e-02,-7.8000000000000003e-01,0.0000000000000000e+00,2.0000000000000000e-02,1.6000000000000001e-03,4.0000000000000001e-02,4.0816326530612249e-02
19750,2.0000000000000000e-02,-8.1999999999999995e-01,0.0000000000000000e+00,2.0000000000000000e-02,1.6000000000000001e-03,4.0000000000000001e-02,4.0816326530612249e-02
20550,2.0000000000000000e-02,-8.5999999999999999e-01,0.0000000000000000e+00,2.0000000000000000e-02,1.6000000000000001e-03,4.0000000000000001e-02,4.0816326530612249e-02
21350,2.0000000000000000e-02,-9.0000000000000002e-01,0.0000000000000000e+00,2.0000000000000000e-02,1.6000000000000001e-03,4.0000000000000001e-02,4.0816326530612249e-02
22150,2.0000000000000000e-02,-9.3999999999999995e-01,0.0000000000000000e+00,2.0000000000000000e-02,1.6000000000000001e-03,4.0000000000000001e-02,4.0816326530612249e-02
22950,2.0000000000000000e-02,-9.7999999999999998e-01,0.0000000000000000e+00,2.0000000000000000e-02,1.6000000000000001e-03,4.0000000000000001e-02,4.0816326530612249e-02
42951,5.9999999999998999e-02,9.7999999999999998e-01,0.0000000000000000e+00,2.0000000000000000e-02,1.6000000000000001e-03,4.0000000000000001e-02,4.0816326530612249e-02
22951,5.9999999999998999e-02,-9.7999999999999998e-01,0.0000000000000000e+00,2.0000000000000000e-02,1.6000000000000001e-03,4.0000000000000001e-02,4.0816326530612249e-02
42952,1.0000000000000001e-01,9.7999999999999998e-01,0.0000000000000000e+00,2.0000000000000000e-02,1.6000000000001000e-03,4.0000000000001250e-02,4.0816326530613518e-02
22952,1.0000000000000001e-01,-9.7999999999999998e-01,0.0000000000000000e+00,2.0000000000000000e-02,1.6000000000001000e-03,4.0000000000001250e-02,4.0816326530613518e-02
42953,1.4000000000000001e-01,9.7999999999999998e-01,0.0000000000000000e+00,2.0000000000000000e-02,1.6000000000000001e-03,4.0000000000000001e-02,4.0816326530612249e-02
22953,1.4000000000000001e-01,-9.7999999999999998e-01,0.0000000000000000e+00,2.0000000000000000e-02,1.6000000000001000e-03,4.0000000000001250e-02,4.0816326530613518e-02
42954,1.7999999999999999e-01,9.7999999999999998e-01,0.0000000000000000e+00,2.0000000000000000e-02,1.6000000000000001e-03,4.0000000000000001e-02,4.0816326530612249e-02
22954,1.7999999999999999e-01,-9.7999999999999998e-01,0.0000000000000000e+00,2.0000000000000000e-02,1.5999999999998999e-03,3.9999999999998752e-02,4.0816326530610972e-02
42955,2.2000000000000000e-01,9.7999999999999998e-01,0.0000000000000000e+00,2.0000000000000000e-02,1.6000000000000001e-03,4.0000000000000001e-02,4.0816326530612249e-02
22955,2.2000000000000000e-01,-9.7999999999999998e-01,0.0000000000000000e+00,2.0000000000000000e-02,1.6000000000000001e-03,4.0000000000000001e-02,4.0816326530612249e-02
42956,2.6000000000000001e-01,9.7999999999999998e-01,0.0000000000000000e+00,2.0000000000000000e-02,1.6000000000000001e-03,4.0000000000000001e-02,4.0816326530612249e-02
22956,2.6000000000000001e-01,-9.7999999999999998e-01,0.0000000000000000e+00,2.0000000000000000e-02,1.6000000000000001e-03,4.0000000000000001e-02,4.0816326530612249e-02
42957,2.9999999999999999e-01,9.7999999999999998e-01,0.0000000000000000e+00,2.0000000000000000e-02,1.6000000000001000e-03,4.0000000000001250e-02,4.0816326530613518e-02
22957,2.9999999999999999e-01,-9.7999999999999998e-01,0.0000000000000000e+00,2.0000000000000000e-02,1.5999999999998999e-03,3.9999999999998752e-02,4.0816326530610972e-02
22958,3.4000000000000002e-01,-9.7999999999999998e-01,0.0000000000000000e+00,2.0000000000000000e-02,1.5999999999998999e-03,3.9999999999998752e-02,4.0816326530610972e-02
42958,3.4000000000000002e-01,9.7999999999999998e-01,0.0000000000000000e+00,2.0000000000000000e-02,1.6000000000000001e-03,4.0000000000000001e-02,4.0816326530612249e-02
42959,3.8000000000000000e-01,9.7999999999999998e-01,0.0000000000000000e+00,2.0000000000000000e-02,1.6000000000000001e-03,4.0000000000000001e-02,4.0816326530612249e-02
22959,3.8000000000000000e-01,-9.7999999999999998e-01,0.0000000000000000e+00,2.0000000000000000e-02,1.6000000000001000e-03,4.0000000000001250e-02,4.0816326530613518e-02
42960,4.1999999999999998e-01,9.7999999999999998e-01,0.0000000000000000e+00,2.0000000000000000e-02,1.6000000000000001e-03,4.0000000000000001e-02,4.0816326530612249e-02
22960,4.1999999999999998e-01,-9.7999999999999998e-01,0.0000000000000000e+00,2.0000000000000000e-02,1.6000000000000001e-03,4.0000000000000001e-02,4.0816326530612249e-02
42961,4.6000000000000002e-01,9.7999999999999998e-01,0.0000000000000000e+00,2.0000000000000000e-02,1.6000000000001000e-03,4.0000000000001250e-02,4.0816326530613518e-02
22961,4.6000000000000002e-01,-9.7999999999999998e-01,0.0000000000000000e+00,2.0000000000000000e-02,1.6000000000000001e-03,4.0000000000000001e-02,4.0816326530612249e-02
42962,5.0000000000000000e-01,9.7999999999999998e-01,0.0000000000000000e+00,2.0000000000000000e-02,1.6000000000000001e-03,4.0000000000000001e-02,4.0816326530612249e-02
22962,5.0000000000000000e-01,-9.7999999999999998e-01,0.0000000000000000e+00,2.0000000000000000e-02,1.6000000000000001e-03,4.0000000000000001e-02,4.0816326530612249e-02
42963,5.4000000000000004e-01,9.7999999999999998e-01,0.0000000000000000e+00,2.0000000000000000e-02,1.6000000000000001e-03,4.0000000000000001e-02,4.0816326530612249e-02
22963,5.4000000000000004e-01,-9.7999999999999998e-01,0.0000000000000000e+00,2.0000000000000000e-02,1.6000000000001000e-03,4.0000000000001250e-02,4.0816326530613518e-02
42964,5.7999999999999996e-01,9.7999999999999998e-01,0.0000000000000000e+00,2.0000000000000000e-02,1.6000000000000001e-03,4.0000000000000001e-02,4.0816326530612249e-02
22964,5.7999999999999996e-01,-9.7999999999999998e-01,0.0000000000000000e+00,2.0000000000000000e-02,1.5999999999998999e-03,3.9999999999998752e-02,4.0816326530610972e-02
22965,6.2000000000000000e-01,-9.7999999999999998e-01,0.0000000000000000e+00,2.0000000000000000e-02,1.6000000000000001e-03,4.0000000000000001e-02,4.0816326530612249e-02
42965,6.2000000000000000e-01,9.7999999999999998e-01,0.0000000000000000e+00,2.0000000000000000e-02,1.6000000000001000e-03,4.0000000000001250e-02,4.0816326530613518e-02
42966,6.6000000000000003e-01,9.7999999999999998e-01,0.0000000000000000e+00,2.0000000000000000e-02,1.6000000000000001e-03,4.0000000000000001e-02,4.0816326530612249e-02
22966,6.6000000000000003e-01,-9.7999999999999998e-01,0.0000000000000000e+00,2.0000000000000000e-02,1.6000000000001000e-03,4.0000000000001250e-02,4.0816326530613518e-02
42967,6.9999999999999996e-01,9.7999999999999998e-01,0.0000000000000000e+00,2.0000000000000000e-02,1.6000000000000001e-03,4.0000000000000001e-02,4.0816326530612249e-02
22967,6.9999999999999996e-01,-9.7999999999999998e-01,0.0000000000000000e+00,2.0000000000000000e-02,1.6000000000000001e-03,4.0000000000000001e-02,4.0816326530612249e-02
42968,7.3999999999999999e-01,9.7999999999999998e-01,0.0000000000000000e+00,2.0000000000000000e-02,1.6000000000000001e-03,4.0000000000000001e-02,4.0816326530612249e-02
22968,7.3999999999999999e-01,-9.7999999999999998e-01,0.0000000000000000e+00,2.0000000000000000e-02,1.5999999999998999e-03,3.9999999999998752e-02,4.0816326530610972e-02
42969,7.8000000000000003e-01,9.7999999999999998e-01,0.0000000000000000e+00,2.0000000000000000e-02,1.6000000000001000e-03,4.0000000000001250e-02,4.0816326530613518e-02
22969,7.8000000000000003e-01,-9.7999999999999998e-01,0.0000000000000000e+00,2.0000000000000000e-02,1.6000000000001000e-03,4.0000000000001250e-02,4.0816326530613518e-02
22970,8.1999999999999995e-01,-9.7999999999999998e-01,0.0000000000000000e+00,2.0000000000000000e-02,1.6000000000000001e-03,4.0000000000000001e-02,4.0816326530612249e-02
42970,8.1999999999999995e-01,9.7999999999999998e-01,0.0000000000000000e+00,2.0000000000000000e-02,1.6000000000000001e-03,4.0000000000000001e-02,4.0816326530612249e-02
42971,8.5999999999999999e-01,9.7999999999999998e-01,0.0000000000000000e+00,2.0000000000000000e-02,1.6000000000000001e-03,4.0000000000000001e-02,4.0816326530612249e-02
22971,8.5999999999999999e-01,-9.7999999999999998e-01,0.0000000000000000e+00,2.0000000000000000e-02,1.6000000000000001e-03,4.0000000000000001e-02,4.0816326530612249e-02
42972,9.0000000000000002e-01,9.7999999999999998e-01,0.0000000000000000e+00,2.0000000000000000e-02,1.6000000000000001e-03,4.0000000000000001e-02,4.0816326530612249e-02
22972,9.0000000000000002e-01,-9.7999999999999998e-01,0.0000000000000000e+00,2.0000000000000000e-02,1.6000000000000001e-03,4.0000000000000001e-02,4.0816326530612249e-02
42973,9.3999999999999995e-01,9.7999999999999998e-01,0.0000000000000000e+00,2.0000000000000000e-02,1.6000000000001000e-03,4.0000000000001250e-02,4.0816326530613518e-02
22973,9.3999999999999995e-01,-9.7999999999999998e-01,0.0000000000000000e+00,2.0000000000000000e-02,1.6000000000001000e-03,4.0000000000001250e-02,4.0816326530613518e-02
42974,9.7999999999999998e-01,9.7999999999999998e-01,0.0000000000000000e+00,2.0000000000000000e-02,1.6000000000000001e-03,4.0000000000000001e-02,4.0816326530612249e-02
22974,9.7999999999999998e-01,-9.7999999999999998e-01,0.0000000000000000e+00,2.0000000000000000e-02,1.6000000000000001e-03,4.0000000000000001e-02,4.0816326530612249e-02
42975,1.0200000000000000e+00,9.7999999999999998e-01,0.0000000000000000e+00,2.0000000000000000e-02,1.6000000000000001e-03,4.0000000000000001e-02,4.0816326530612249e-02
22975,1.0200000000000000e+00,-9.7999999999999998e-01,0.0000000000000000e+00,2.0000000000000000e-02,1.5999999999998999e-03,3.9999999999998752e-02,4.0816326530610972e-02
42976,1.0600000000000001e+00,9.7999999999999998e-01,0.0000000000000000e+00,2.0000000000000000e-02,1.6000000000000001e-03,4.0000000000000001e-02,4.0816326530612249e-02
22976,1.0600000000000001e+00,-9.7999999999999998e-01,0.0000000000000000e+00,2.0000000000000000e-02,1.6000000000001000e-03,4.0000000000001250e-02,4.0816326530613518e-02
42977,1.1000000000000001e+00,9.7999999999999998e-01,0.0000000000000000e+00,2.0000000000000000e-02,1.6000000000001000e-03,4.0000000000001250e-02,4.0816326530613518e-02
22977,1.1000000000000001e+00,-9.7999999999999998e-01,0.0000000000000000e+00,2.0000000000000000e-02,1.6000000000000001e-03,4.0000000000000001e-02,4.0816326530612249e-02
22978,1.1399999999999999e+00,-9.7999999999999998e-01,0.0000000000000000e+00,2.0000000000000000e-02,1.5999999999998999e-03,3.9999999999998752e-02,4.0816326530610972e-02
42978,1.1399999999999999e+00,9.7999999999999998e-01,0.0000000000000000e+00,2.0000000000000000e-02,1.6000000000000001e-03,4.0000000000000001e-02,4.0816326530612249e-02
42979,1.1799999999999999e+00,9.7999999999999998e-01,0.0000000000000000e+00,2.0000000000000000e-02,1.5999999999998999e-03,3.9999999999998752e-02,4.0816326530610972e-02
22979,1.1799999999999999e+00,-9.7999999999999998e-01,0.0000000000000000e+00,2.0000000000000000e-02,1.6000000000001000e-03,4.0000000000001250e-02,4.0816326530613518e-02
42980,1.2200000000000000e+00,9.7999999999999998e-01,0.0000000000000000e+00,2.0000000000000000e-02,1.6000000000000001e-03,4.0000000000000001e-02,4.0816326530612249e-02
22980,1.2200000000000000e+00,-9.7999999999999998e-01,0.0000000000000000e+00,2.0000000000000000e-02,1.6000000000000001e-03,4.0000000000000001e-02,4.0816326530612249e-02
22981,1.2600000000000000e+00,-9.7999999999999998e-01,0.0000000000000000e+00,2.0000000000000000e-02,1.6000000000000001e-03,4.0000000000000001e-02,4.0816326530612249e-02
42981,1.2600000000000000e+00,9.7999999999999998e-01,0.0000000000000000e+00,2.0000000000000000e-02,1.6000000000001000e-03,4.0000000000001250e-02,4.0816326530613518e-02
22982,1.3000000000000000e+00,-9.7999999999999998e-01,0.0000000000000000e+00,2.0000000000000000e-02,1.6000000000000001e-03,4.0000000000000001e-02,4.0816326530612249e-02
42982,1.3000000000000000e+00,9.7999999999999998e-01,0.0000000000000000e+00,2.0000000000000000e-02,1.6000000000000001e-03,4.0000000000000001e-02,4.0816326530612249e-02
42983,1.3400000000000001e+00,9.7999999999999998e-01,0.0000000000000000e+00,2.0000000000000000e-02,1.6000000000000001e-03,4.0000000000000001e-02,4.0816326530612249e-02
22983,1.3400000000000001e+00,-9.7999999999999998e-01,0.0000000000000000e+00,2.0000000000000000e-02,1.6000000000000001e-03,4.0000000000000001e-02,4.0816326530612249e-02
22984,1.3799999999999999e+00,-9.7999999999999998e-01,0.0000000000000000e+00,2.0000000000000000e-02,1.5999999999998999e-03,3.9999999999998752e-02,4.0816326530610972e-02
42984,1.3799999999999999e+00,9.7999999999999998e-01,0.0000000000000000e+00,2.0000000000000000e-02,1.6000000000000001e-03,4.0000000000000001e-02,4.0816326530612249e-02
22985,1.4199999999999999e+00,-9.7999999999999998e-01,0.0000000000000000e+00,2.0000000000000000e-02,1.6000000000001000e-03,4.0000000000001250e-02,4.0816326530613518e-02
42985,1.4199999999999999e+00,9.7999999999999998e-01,0.0000000000000000e+00,2.0000000000000000e-02,1.6000000000000001e-03,4.0000000000000001e-02,4.0816326530612249e-02
42986,1.4600000000000000e+00,9.7999999999999998e-01,0.0000000000000000e+00,2.0000000000000000e-02,1.6000000000001000e-03,4.0000000000001250e-02,4.0816326530613518e-02
22986,1.4600000000000000e+00,-9.7999999999999998e-01,0.0000000000000000e+00,2.0000000000000000e-02,1.6000000000001000e-03,4.0000000000001250e-02,4.0816326530613518e-02
42987,1.5000000000000000e+00,9.7999999999999998e-01,0.0000000000000000e+00,2.0000000000000000e-02,1.6000000000000001e-03,4.0000000000000001e-02,4.0816326530612249e-02
22987,1.5000000000000000e+00,-9.7999999999999998e-01,0.0000000000000000e+00,2.0000000000000000e-02,1.6000000000000001e-03,4.0000000000000001e-02,4.0816326530612249e-02
22988,1.5400000000000000e+00,-9.7999999999999998e-01,0.0000000000000000e+00,2.0000000000000000e-02,1.6000000000000001e-03,4.0000000000000001e-02,4.0816326530612249e-02
42988,1.5400000000000000e+00,9.7999999999999998e-01,0.0000000000000000e+00,2.0000000000000000e-02,1.6000000000000001e-03,4.0000000000000001e-02,4.0816326530612249e-02
42989,1.5800000000000001e+00,9.7999999999999998e-01,0.0000000000000000e+00,2.0000000000000000e-02,1.6000000000000001e-03,4.0000000000000001e-02,4.0816326530612249e-02
22989,1.5800000000000001e+00,-9.7999999999999998e-01,0.0000000000000000e+00,2.0000000000000000e-02,1.6000000000000001e-03,4.0000000000000001e-02,4.0816326530612249e-02
42990,1.6200000000000001e+00,9.7999999999999998e-01,0.0000000000000000e+00,2.0000000000000000e-02,1.6000000000001000e-03,4.0000000000001250e-02,4.0816326530613518e-02
22990,1.6200000000000001e+00,-9.7999999999999998e-01,0.0000000000000000e+00,2.0000000000000000e-02,1.6000000000000001e-03,4.0000000000000001e-02,4.0816326530612249e-02
22991,1.6599999999999999e+00,-9.7999999999999998e-01,0.0000000000000000e+00,2.0000000000000000e-02,1.5999999999998999e-03,3.9999999999998752e-02,4.0816326530610972e-02
42991,1.6599999999999999e+00,9.7999999999999998e-01,0.0000000000000000e+00,2.0000000000000000e-02,1.6000000000000001e-03,4.0000000000000001e-02,4.0816326530612249e-02
22992,1.7000000000000000e+00,-9.7999999999999998e-01,0.0000000000000000e+00,2.0000000000000000e-02,1.6000000000001000e-03,4.0000000000001250e-02,4.0816326530613518e-02
42992,1.7000000000000000e+00,9.7999999999999998e-01,0.0000000000000000e+00,2.0000000000000000e-02,1.6000000000000001e-03,4.0000000000000001e-02,4.0816326530612249e-02
42993,1.7400000000000000e+00,9.7999999999999998e-01,0.0000000000000000e+00,2.0000000000000000e-02,1.6000000000000001e-03,4.0000000000000001e-02,4.0816326530612249e-02
22993,1.7400000000000000e+00,-9.7999999999999998e-01,0.0000000000000000e+00,2.0000000000000000e-02,1.6000000000000001e-03,4.0000000000000001e-02,4.0816326530612249e-02
42994,1.7800000000000000e+00,9.7999999999999998e-01,0.0000000000000000e+00,2.0000000000000000e-02,1.6000000000001000e-03,4.0000000000001250e-02,4.0816326530613518e-02
22994,1.7800000000000000e+00,-9.7999999999999998e-01,0.0000000000000000e+00,2.0000000000000000e-02,1.6000000000000001e-03,4.0000000000000001e-02,4.0816326530612249e-02
22995,1.8200000000000001e+00,-9.7999999999999998e-01,0.0000000000000000e+00,2.0000000000000000e-02,1.6000000000000001e-03,4.0000000000000001e-02,4.0816326530612249e-02
42995,1.8200000000000001e+00,9.7999999999999998e-01,0.0000000000000000e+00,2.0000000000000000e-02,1.6000000000000001e-03,4.0000000000000001e-02,4.0816326530612249e-02
42996,1.8600000000000001e+00,9.7999999999999998e-01,0.0000000000000000e+00,2.0000000000000000e-02,1.6000000000000001e-03,4.0000000000000001e-02,4.0816326530612249e-02
22996,1.8600000000000001e+00,-9.7999999999999998e-01,0.0000000000000000e+00,2.0000000000000000e-02,1.6000000000001000e-03,4.0000000000001250e-02,4.0816326530613518e-02
42997,1.8999999999999999e+00,9.7999999999999998e-01,0.0000000000000000e+00,2.0000000000000000e-02,1.6000000000000001e-03,4.0000000000000001e-02,4.0816326530612249e-02
22997,1.8999999999999999e+00,-9.7999999999999998e-01,0.0000000000000000e+00,2.0000000000000000e-02,1.5999999999998999e-03,3.9999999999998752e-02,4.0816326530610972e-02
22998,1.9399999999999999e+00,-9.7999999999999998e-01,0.0000000000000000e+00,2.0000000000000000e-02,1.6000000000000001e-03,4.0000000000000001e-02,4.0816326530612249e-02
42998,1.9399999999999999e+00,9.7999999999999998e-01,0.0000000000000000e+00,2.0000000000000000e-02,1.6000000000001000e-03,4.0000000000001250e-02,4.0816326530613518e-02
22999,1.9800000000000000e+00,-9.7999999999999998e-01,0.0000000000000000e+00,2.0000000000000000e-02,1.6000000000000001e-03,4.0000000000000001e-02,4.0816326530612249e-02
42999,1.9800000000000000e+00,9.7999999999999998e-01,0.0000000000000000e+00,2.0000000000000000e-02,1.6000000000000001e-03,4.0000000000000001e-02,4.0816326530612249e-02
23000,2.0200000000000000e+00,-9.7999999999999998e-01,0.0000000000000000e+00,2.0000000000000000e-02,1.6000000000000001e-03,4.0000000000000001e-02,4.0816326530612249e-02
43000,2.0200000000000000e+00,9.7999999999999998e-01,0.0000000000000000e+00,2.0000000000000000e-02,1.6000000000000001e-03,4.0000000000000001e-02,4.0816326530612249e-02
43001,2.0600000000000001e+00,9.7999999999999998e-01,0.0000000000000000e+00,2.0000000000000000e-02,1.6000000000000001e-03,4.0000000000000001e-02,4.0816326530612249e-02
23001,2.0600000000000001e+00,-9.7999999999999998e-01,0.0000000000000000e+00,2.0000000000000000e-02,1.6000000000000001e-03,4.0000000000000001e-02,4.0816326530612249e-02
23002,2.1000000000000001e+00,-9.7999999999999998e-01,0.0000000000000000e+00,2.0000000000000000e-02,1.6000000000000001e-03,4.0000000000000001e-02,4.0816326530612249e-02
43002,2.1000000000000001e+00,9.7999999999999998e-01,0.0000000000000000e+00,2.0000000000000000e-02,1.6000000000001000e-03,4.0000000000001250e-02,4.0816326530613518e-02
23003,2.1400000000000001e+00,-9.7999999999999998e-01,0.0000000000000000e+00,2.0000000000000000e-02,1.6000000000000001e-03,4.0000000000000001e-02,4.0816326530612249e-02
43003,2.1400000000000001e+00,9.7999999999999998e-01,0.0000000000000000e+00,2.0000000000000000e-02,1.6000000000000001e-03,4.0000000000000001e-02,4.0816326530612249e-02
23004,2.1800000000000002e+00,-9.7999999999999998e-01,0.0000000000000000e+00,2.0000000000000000e-02,1.5999999999998999e-03,3.9999999999998752e-02,4.0816326530610972e-02
43004,2.1800000000000002e+00,9.7999999999999998e-01,0.0000000000000000e+00,2.0000000000000000e-02,1.5999999999998999e-03,3.9999999999998752e-02,4.0816326530610972e-02
43005,2.2200000000000002e+00,9.7999999999999998e-01,0.0000000000000000e+00,2.0000000000000000e-02,1.6000000000000001e-03,4.0000000000000001e-02,4.0816326530612249e-02
23005,2.2200000000000002e+00,-9.7999999999999998e-01,0.0000000000000000e+00,2.0000000000000000e-02,1.6000000000001000e-03,4.0000000000001250e-02,4.0816326530613518e-02
43006,2.2599999999999998e+00,9.7999999999999998e-01,0.0000000000000000e+00,2.0000000000000000e-02,1.6000000000001000e-03,4.0000000000001250e-02,4.0816326530613518e-02
23006,2.2599999999999998e+00,-9.7999999999999998e-01,0.0000000000000000e+00,2.0000000000000000e-02,1.6000000000000001e-03,4.0000000000000001e-02,4.0816326530612249e-02
23007,2.2999999999999998e+00,-9.7999999999999998e-01,0.0000000000000000e+00,2.0000000000000000e-02,1.6000000000000001e-03,4.0000000000000001e-02,4.0816326530612249e-02
43007,2.2999999999999998e+00,9.7999999999999998e-01,0.0000000000000000e+00,2.0000000000000000e-02,1.5999999999998999e-03,3.9999999999998752e-02,4.0816326530610972e-02
43008,2.3399999999999999e+00,9.7999999999999998e-01,0.0000000000000000e+00,2.0000000000000000e-02,1.6000000000000001e-03,4.0000000000000001e-02,4.0816326530612249e-02
23008,2.3399999999999999e+00,-9.7999999999999998e-01,0.0000000000000000e+00,2.0000000000000000e-02,1.6000000000000001e-03,4.0000000000000001e-02,4.0816326530612249e-02
43009,2.3799999999999999e+00,9.7999999999999998e-01,0.0000000000000000e+00,2.0000000000000000e-02,1.6000000000000001e-03,4.0000000000000001e-02,4.0816326530612249e-02
23009,2.3799999999999999e+00,-9.7999999999999998e-01,0.0000000000000000e+00,2.0000000000000000e-02,1.6000000000001000e-03,4.0000000000001250e-02,4.0816326530613518e-02
43010,2.4199999999999999e+00,9.7999999999999998e-01,0.0000000000000000e+00,2.0000000000000000e-02,1.6000000000000001e-03,4.0000000000000001e-02,4.0816326530612249e-02
23010,2.4199999999999999e+00,-9.7999999999999998e-01,0.0000000000000000e+00,2.0000000000000000e-02,1.5999999999998999e-03,3.9999999999998752e-02,4.0816326530610972e-02
43011,2.4600000000000000e+00,9.7999999999999998e-01,0.0000000000000000e+00,2.0000000000000000e-02,1.6000000000001000e-03,4.0000000000001250e-02,4.0816326530613518e-02
23011,2.4600000000000000e+00,-9.7999999999999998e-01,0.0000000000000000e+00,2.0000000000000000e-02,1.6000000000000001e-03,4.0000000000000001e-02,4.0816326530612249e-02
43012,2.5000000000000000e+00,9.7999999999999998e-01,0.0000000000000000e+00,2.0000000000000000e-02,1.6000000000000001e-03,4.0000000000000001e-02,4.0816326530612249e-02
23012,2.5000000000000000e+00,-9.7999999999999998e-01,0.0000000000000000e+00,2.0000000000000000e-02,1.6000000000001000e-03,4.0000000000001250e-02,4.0816326530613518e-02
43013,2.5400000000000000e+00,9.7999999999999998e-01,0.0000000000000000e+00,2.0000000000000000e-02,1.6000000000000001e-03,4.0000000000000001e-02,4.0816326530612249e-02
23013,2.5400000000000000e+00,-9.7999999999999998e-01,0.0000000000000000e+00,2.0000000000000000e-02,1.6000000000000001e-03,4.0000000000000001e-02,4.0816326530612249e-02
43014,2.5800000000000001e+00,9.7999999999999998e-01,0.0000000000000000e+00,2.0000000000000000e-02,1.5999999999998999e-03,3.9999999999998752e-02,4.0816326530610972e-02
23014,2.5800000000000001e+00,-9.7999999999999998e-01,0.0000000000000000e+00,2.0000000000000000e-02,1.5999999999998999e-03,3.9999999999998752e-02,4.0816326530610972e-02
43015,2.6200000000000001e+00,9.7999999999999998e-01,0.0000000000000000e+00,2.0000000000000000e-02,1.6000000000001000e-03,4.0000000000001250e-02,4.0816326530613518e-02
23015,2.6200000000000001e+00,-9.7999999999999998e-01,0.0000000000000000e+00,2.0000000000000000e-02,1.6000000000000001e-03,4.0000000000000001e-02,4.0816326530612249e-02
23016,2.6600000000000001e+00,-9.7999999999999998e-01,0.0000000000000000e+00,2.0000000000000000e-02,1.6000000000000001e-03,4.0000000000000001e-02,4.0816326530612249e-02
43016,2.6600000000000001e+00,9.7999999999999998e-01,0.0000000000000000e+00,2.0000000000000000e-02,1.6000000000000001e-03,4.0000000000000001e-02,4.0816326530612249e-02
43017,2.7000000000000002e+00,9.7999999999999998e-01,0.0000000000000000e+00,2.0000000000000000e-02,1.5999999999998999e-03,3.9999999999998752e-02,4.0816326530610972e-02
23017,2.7000000000000002e+00,-9.7999999999999998e-01,0.0000000000000000e+00,2.0000000000000000e-02,1.6000000000000001e-03,4.0000000000000001e-02,4.0816326530612249e-02
43018,2.7400000000000002e+00,9.7999999999999998e-01,0.0000000000000000e+00,2.0000000000000000e-02,1.6000000000000001e-03,4.0000000000000001e-02,4.0816326530612249e-02
23018,2.7400000000000002e+00,-9.7999999999999998e-01,0.0000000000000000e+00,2.0000000000000000e-02,1.6000000000000001e-03,4.0000000000000001e-02,4.0816326530612249e-02
43019,2.7799999999999998e+00,9.7999999999999998e-01,0.0000000000000000e+00,2.0000000000000000e-02,1.6000000000001000e-03,4.0000000000001250e-02,4.0816326530613518e-02
23019,2.7799999999999998e+00,-9.7999999999999998e-01,0.0000000000000000e+00,2.0000000000000000e-02,1.6000000000000001e-03,4.0000000000000001e-02,4.0816326530612249e-02
43020,2.8199999999999998e+00,9.7999999999999998e-01,0.0000000000000000e+00,2.0000000000000000e-02,1.5999999999998999e-03,3.9999999999998752e-02,4.0816326530610972e-02
23020,2.8199999999999998e+00,-9.7999999999999998e-01,0.0000000000000000e+00,2.0000000000000000e-02,1.6000000000000001e-03,4.0000000000000001e-02,4.0816326530612249e-02
43021,2.8599999999999999e+00,9.7999999999999998e-01,0.0000000000000000e+00,2.0000000000000000e-02,1.6000000000000001e-03,4.0000000000000001e-02,4.0816326530612249e-02
23021,2.8599999999999999e+00,-9.7999999999999998e-01,0.0000000000000000e+00,2.0000000000000000e-02,1.6000000000000001e-03,4.0000000000000001e-02,4.0816326530612249e-02
43022,2.8999999999999999e+00,9.7999999999999998e-01,0.0000000000000000e+00,2.0000000000000000e-02,1.6000000000000001e-03,4.0000000000000001e-02,4.0816326530612249e-02
23022,2.8999999999999999e+00,-9.7999999999999998e-01,0.0000000000000000e+00,2.0000000000000000e-02,1.6000000000001000e-03,4.0000000000001250e-02,4.0816326530613518e-02
43023,2.9399999999999999e+00,9.7999999999999998e-01,0.0000000000000000e+00,2.0000000000000000e-02,1.6000000000001000e-03,4.0000000000001250e-02,4.0816326530613518e-02
23023,2.9399999999999999e+00,-9.7999999999999998e-01,0.0000000000000000e+00,2.0000000000000000e-02,1.6000000000000001e-03,4.0000000000000001e-02,4.0816326530612249e-02
23024,2.9800000000000000e+00,-9.7999999999999998e-01,0.0000000000000000e+00,2.0000000000000000e-02,1.5999999999998999e-03,3.9999999999998752e-02,4.0816326530610972e-02
43024,2.9800000000000000e+00,9.7999999999999998e-01,0.0000000000000000e+00,2.0000000000000000e-02,1.6000000000000001e-03,4.0000000000000001e-02,4.0816326530612249e-02
23025,3.0200000000000000e+00,-9.7999999999999998e-01,0.0000000000000000e+00,2.0000000000000000e-02,1.6000000000001000e-03,4.0000000000001250e-02,4.0816326530613518e-02
43025,3.0200000000000000e+00,9.7999999999999998e-01,0.0000000000000000e+00,2.0000000000000000e-02,1.6000000000000001e-03,4.0000000000000001e-02,4.0816326530612249e-02
43026,3.0600000000000001e+00,9.7999999999999998e-01,0.0000000000000000e+00,2.0000000000000000e-02,1.5999999999998999e-03,3.9999999999998752e-02,4.0816326530610972e-02
23026,3.0600000000000001e+00,-9.7999999999999998e-01,0.0000000000000000e+00,2.0000000000000000e-02,1.6000000000000001e-03,4.0000000000000001e-02,4.0816326530612249e-02
43027,3.1000000000000001e+00,9.7999999999999998e-01,0.0000000000000000e+00,2.0000000000000000e-02,1.6000000000001000e-03,4.0000000000001250e-02,4.0816326530613518e-02
23027,3.1000000000000001e+00,-9.7999999999999998e-01,0.0000000000000000e+00,2.0000000000000000e-02,1.6000000000000001e-03,4.0000000000000001e-02,4.0816326530612249e-02
23028,3.1400000000000001e+00,-9.7999999999999998e-01,0.0000000000000000e+00,2.0000000000000000e-02,1.6000000000000001e-03,4.0000000000000001e-02,4.0816326530612249e-02
43028,3.1400000000000001e+00,9.7999999999999998e-01,0.0000000000000000e+00,2.0000000000000000e-02,1.6000000000000001e-03,4.0000000000000001e-02,4.0816326530612249e-02
23029,3.1800000000000002e+00,-9.7999999999999998e-01,0.0000000000000000e+00,2.0000000000000000e-02,1.6000000000000001e-03,4.0000000000000001e-02,4.0816326530612249e-02
43029,3.1800000000000002e+00,9.7999999999999998e-01,0.0000000000000000e+00,2.0000000000000000e-02,1.5999999999998999e-03,3.9999999999998752e-02,4.0816326530610972e-02
43030,3.2200000000000002e+00,9.7999999999999998e-01,0.0000000000000000e+00,2.0000000000000000e-02,1.6000000000000001e-03,4.0000000000000001e-02,4.0816326530612249e-02
23030,3.2200000000000002e+00,-9.7999999999999998e-01,0.0000000000000000e+00,2.0000000000000000e-02,1.6000000000000001e-03,4.0000000000000001e-02,4.0816326530612249e-02
43031,3.2599999999999998e+00,9.7999999999999998e-01,0.0000000000000000e+00,2.0000000000000000e-02,1.6000000000001000e-03,4.0000000000001250e-02,4.0816326530613518e-02
23031,3.2599999999999998e+00,-9.7999999999999998e-01,0.0000000000000000e+00,2.0000000000000000e-02,1.6000000000000001e-03,4.0000000000000001e-02,4.0816326530612249e-02
23032,3.2999999999999998e+00,-9.7999999999999998e-01,0.0000000000000000e+00,2.0000000000000000e-02,1.6000000000000001e-03,4.0000000000000001e-02,4.0816326530612249e-02
43032,3.2999999999999998e+00,9.7999999999999998e-01,0.0000000000000000e+00,2.0000000000000000e-02,1.5999999999998999e-03,3.9999999999998752e-02,4.0816326530610972e-02
43033,3.3399999999999999e+00,9.7999999999999998e-01,0.0000000000000000e+00,2.0000000000000000e-02,1.6000000000000001e-03,4.0000000000000001e-02,4.0816326530612249e-02
23033,3.3399999999999999e+00,-9.7999999999999998e-01,0.0000000000000000e+00,2.0000000000000000e-02,1.6000000000000001e-03,4.0000000000000001e-02,4.0816326530612249e-02
43034,3.3799999999999999e+00,9.7999999999999998e-01,0.0000000000000000e+00,2.0000000000000000e-02,1.6000000000000001e-03,4.0000000000000001e-02,4.0816326530612249e-02
23034,3.3799999999999999e+00,-9.7999999999999998e-01,0.0000000000000000e+00,2.0000000000000000e-02,1.6000000000000001e-03,4.0000000000000001e-02,4.0816326530612249e-02
43035,3.4199999999999999e+00,9.7999999999999998e-01,0.0000000000000000e+00,2.0000000000000000e-02,1.6000000000000001e-03,4.0000000000000001e-02,4.0816326530612249e-02
23035,3.4199999999999999e+00,-9.7999999999999998e-01,0.0000000000000000e+00,2.0000000000000000e-02,1.6000000000000001e-03,4.0000000000000001e-02,4.0816326530612249e-02
43036,3.4600000000000000e+00,9.7999999999999998e-01,0.0000000000000000e+00,2.0000000000000000e-02,1.6000000000001000e-03,4.0000000000001250e-02,4.0816326530613518e-02
23036,3.4600000000000000e+00,-9.7999999999999998e-01,0.0000000000000000e+00,2.0000000000000000e-02,1.6000000000000001e-03,4.0000000000000001e-02,4.0816326530612249e-02
23037,3.5000000000000000e+00,-9.7999999999999998e-01,0.0000000000000000e+00,2.0000000000000000e-02,1.5999999999998999e-03,3.9999999999998752e-02,4.0816326530610972e-02
43037,3.5000000000000000e+00,9.7999999999999998e-01,0.0000000000000000e+00,2.0000000000000000e-02,1.6000000000000001e-03,4.0000000000000001e-02,4.0816326530612249e-02
23038,3.5400000000000000e+00,-9.7999999999999998e-01,0.0000000000000000e+00,2.0000000000000000e-02,1.6000000000001000e-03,4.0000000000001250e-02,4.0816326530613518e-02
43038,3.5400000000000000e+00,9.7999999999999998e-01,0.0000000000000000e+00,2.0000000000000000e-02,1.6000000000000001e-03,4.0000000000000001e-02,4.0816326530612249e-02
43039,3.5800000000000001e+00,9.7999999999999998e-01,0.0000000000000000e+00,2.0000000000000000e-02,1.5999999999998999e-03,3.9999999999998752e-02,4.0816326530610972e-02
23039,3.5800000000000001e+00,-9.7999999999999998e-01,0.0000000000000000e+00,2.0000000000000000e-02,1.6000000000000001e-03,4.0000000000000001e-02,4.0816326530612249e-02
43040,3.6200000000000001e+00,9.7999999999999998e-01,0.0000000000000000e+00,2.0000000000000000e-02,1.6000000000001000e-03,4.0000000000001250e-02,4.0816326530613518e-02
23040,3.6200000000000001e+00,-9.7999999999999998e-01,0.0000000000000000e+00,2.0000000000000000e-02,1.6000000000000001e-03,4.0000000000000001e-02,4.0816326530612249e-02
23041,3.6600000000000001e+00,-9.7999999999999998e-01,0.0000000000000000e+00,2.0000000000000000e-02,1.6000000000000001e-03,4.0000000000000001e-02,4.0816326530612249e-02
43041,3.6600000000000001e+00,9.7999999999999998e-01,0.0000000000000000e+00,2.0000000000000000e-02,1.6000000000000001e-03,4.0000000000000001e-02,4.0816326530612249e-02
43042,3.7000000000000002e+00,9.7999999999999998e-01,0.0000000000000000e+00,2.0000000000000000e-02,1.5999999999998999e-03,3.9999999999998752e-02,4.0816326530610972e-02
23042,3.7000000000000002e+00,-9.7999999999999998e-01,0.0000000000000000e+00,2.0000000000000000e-02,1.6000000000000001e-03,4.0000000000000001e-02,4.0816326530612249e-02
43043,3.7400000000000002e+00,9.7999999999999998e-01,0.0000000000000000e+00,2.0000000000000000e-02,1.6000000000000001e-03,4.0000000000000001e-02,4.0816326530612249e-02
23043,3.7400000000000002e+00,-9.7999999999999998e-01,0.0000000000000000e+00,2.0000000000000000e-02,1.5999999999998999e-03,3.9999999999998752e-02,4.0816326530610972e-02
43044,3.7799999999999998e+00,9.7999999999999998e-01,0.0000000000000000e+00,2.0000000000000000e-02,1.6000000000001000e-03,4.0000000000001250e-02,4.0816326530613518e-02
23044,3.7799999999999998e+00,-9.7999999999999998e-01,0.0000000000000000e+00,2.0000000000000000e-02,1.6000000000001000e-03,4.0000000000001250e-02,4.0816326530613518e-02
43045,3.8199999999999998e+00,9.7999999999999998e-01,0.0000000000000000e+00,2.0000000000000000e-02,1.5999999999998999e-03,3.9999999999998752e-02,4.0816326530610972e-02
23045,3.8199999999999998e+00,-9.7999999999999998e-01,0.0000000000000000e+00,2.0000000000000000e-02,1.6000000000000001e-03,4.0000000000000001e-02,4.0816326530612249e-02
43046,3.8599999999999999e+00,9.7999999999999998e-01,0.0000000000000000e+00,2.0000000000000000e-02,1.6000000000000001e-03,4.0000000000000001e-02,4.0816326530612249e-02
23046,3.8599999999999999e+00,-9.7999999999999998e-01,0.0000000000000000e+00,2.0000000000000000e-02,1.5999999999998999e-03,3.9999999999998752e-02,4.0816326530610972e-02
43047,3.8999999999999999e+00,9.7999999999999998e-01,0.0000000000000000e+00,2.0000000000000000e-02,1.6000000000000001e-03,4.0000000000000001e-02,4.0816326530612249e-02
23047,3.8999999999999999e+00,-9.7999999999999998e-01,0.0000000000000000e+00,2.0000000000000000e-02,1.5999999999998999e-03,3.9999999999998752e-02,4.0816326530610972e-02
43048,3.9399999999999999e+00,9.7999999999999998e-01,0.0000000000000000e+00,2.0000000000000000e-02,1.6000000000001000e-03,4.0000000000001250e-02,4.0816326530613518e-02
23048,3.9399999999999999e+00,-9.7999999999999998e-01,0.0000000000000000e+00,2.0000000000000000e-02,1.6000000000001000e-03,4.0000000000001250e-02,4.0816326530613518e-02
43049,3.9800000000000000e+00,9.7999999999999998e-01,0.0000000000000000e+00,2.0000000000000000e-02,1.6000000000000001e-03,4.0000000000000001e-02,4.0816326530612249e-02
23049,3.9800000000000000e+00,-9.7999999999999998e-01,0.0000000000000000e+00,2.0000000000000000e-02,1.6000000000000001e-03,4.0000000000000001e-02,4.0816326530612249e-02
43050,4.0199999999999996e+00,9.7999999999999998e-01,0.0000000000000000e+00,2.0000000000000000e-02,1.6000000000000001e-03,4.0000000000000001e-02,4.0816326530612249e-02
23050,4.0199999999999996e+00,-9.7999999999999998e-01,0.0000000000000000e+00,2.0000000000000000e-02,1.5999999999998999e-03,3.9999999999998752e-02,4.0816326530610972e-02
43051,4.0599999999999996e+00,9.7999999999999998e-01,0.0000000000000000e+00,2.0000000000000000e-02,1.6000000000000001e-03,4.0000000000000001e-02,4.0816326530612249e-02
23051,4.0599999999999996e+00,-9.7999999999999998e-01,0.0000000000000000e+00,2.0000000000000000e-02,1.6000000000001000e-03,4.0000000000001250e-02,4.0816326530613518e-02
43052,4.0999999999999996e+00,9.7999999999999998e-01,0.0000000000000000e+00,2.0000000000000000e-02,1.6000000000001000e-03,4.0000000000001250e-02,4.0816326530613518e-02
23052,4.0999999999999996e+00,-9.7999999999999998e-01,0.0000000000000000e+00,2.0000000000000000e-02,1.6000000000001000e-03,4.0000000000001250e-02,4.0816326530613518e-02
43053,4.1399999999999997e+00,9.7999999999999998e-01,0.0000000000000000e+00,2.0000000000000000e-02,1.6000000000000001e-03,4.0000000000000001e-02,4.0816326530612249e-02
23053,4.1399999999999997e+00,-9.7999999999999998e-01,0.0000000000000000e+00,2.0000000000000000e-02,1.5999999999998999e-03,3.9999999999998752e-02,4.0816326530610972e-02
43054,4.1799999999999997e+00,9.7999999999999998e-01,0.0000000000000000e+00,2.0000000000000000e-02,1.6000000000000001e-03,4.0000000000000001e-02,4.0816326530612249e-02
23054,4.1799999999999997e+00,-9.7999999999999998e-01,0.0000000000000000e+00,2.0000000000000000e-02,1.5999999999998999e-03,3.9999999999998752e-02,4.0816326530610972e-02
43055,4.2199999999999998e+00,9.7999999999999998e-01,0.0000000000000000e+00,2.0000000000000000e-02,1.6000000000000001e-03,4.0000000000000001e-02,4.0816326530612249e-02
23055,4.2199999999999998e+00,-9.7999999999999998e-01,0.0000000000000000e+00,2.0000000000000000e-02,1.6000000000001000e-03,4.0000000000001250e-02,4.0816326530613518e-02
43056,4.2599999999999998e+00,9.7999999999999998e-01,0.0000000000000000e+00,2.0000000000000000e-02,1.6000000000001000e-03,4.0000000000001250e-02,4.0816326530613518e-02
23056,4.2599999999999998e+00,-9.7999999999999998e-01,0.0000000000000000e+00,2.0000000000000000e-02,1.5999999999998999e-03,3.9999999999998752e-02,4.0816326530610972e-02
23057,4.2999999999999998e+00,-9.7999999999999998e-01,0.0000000000000000e+00,2.0000000000000000e-02,1.6000000000000001e-03,4.0000000000000001e-02,4.0816326530612249e-02
43057,4.2999999999999998e+00,9.7999999999999998e-01,0.0000000000000000e+00,2.0000000000000000e-02,1.6000000000000001e-03,4.0000000000000001e-02,4.0816326530612249e-02
43058,4.3399999999999999e+00,9.7999999999999998e-01,0.0000000000000000e+00,2.0000000000000000e-02,1.5999999999998999e-03,3.9999999999998752e-02,4.0816326530610972e-02
23058,4.3399999999999999e+00,-9.7999999999999998e-01,0.0000000000000000e+00,2.0000000000000000e-02,1.5999999999998999e-03,3.9999999999998752e-02,4.0816326530610972e-02
43059,4.3799999999999999e+00,9.7999999999999998e-01,0.0000000000000000e+00,2.0000000000000000e-02,1.6000000000000001e-03,4.0000000000000001e-02,4.0816326530612249e-02
23059,4.3799999999999999e+00,-9.7999999999999998e-01,0.0000000000000000e+00,2.0000000000000000e-02,1.6000000000000001e-03,4.0000000000000001e-02,4.0816326530612249e-02
43060,4.4199999999999999e+00,9.7999999999999998e-01,0.0000000000000000e+00,2.0000000000000000e-02,1.5999999999998999e-03,3.9999999999998752e-02,4.0816326530610972e-02
23060,4.4199999999999999e+00,-9.7999999999999998e-01,0.0000000000000000e+00,2.0000000000000000e-02,1.6000000000000001e-03,4.0000000000000001e-02,4.0816326530612249e-02
43061,4.4600000000000000e+00,9.7999999999999998e-01,0.0000000000000000e+00,2.0000000000000000e-02,1.6000000000001000e-03,4.0000000000001250e-02,4.0816326530613518e-02
23061,4.4600000000000000e+00,-9.7999999999999998e-01,0.0000000000000000e+00,2.0000000000000000e-02,1.6000000000000001e-03,4.0000000000000001e-02,4.0816326530612249e-02
43062,4.5000000000000000e+00,9.7999999999999998e-01,0.0000000000000000e+00,2.0000000000000000e-02,1.6000000000000001e-03,4.0000000000000001e-02,4.0816326530612249e-02
23062,4.5000000000000000e+00,-9.7999999999999998e-01,0.0000000000000000e+00,2.0000000000000000e-02,1.6000000000000001e-03,4.0000000000000001e-02,4.0816326530612249e-02
43063,4.5400000000000000e+00,9.7999999999999998e-01,0.0000000000000000e+00,2.0000000000000000e-02,1.6000000000000001e-03,4.0000000000000001e-02,4.0816326530612249e-02
23063,4.5400000000000000e+00,-9.7999999999999998e-01,0.0000000000000000e+00,2.0000000000000000e-02,1.6000000000000001e-03,4.0000000000000001e-02,4.0816326530612249e-02
43064,4.5800000000000001e+00,9.7999999999999998e-01,0.0000000000000000e+00,2.0000000000000000e-02,1.6000000000000001e-03,4.0000000000000001e-02,4.0816326530612249e-02
23064,4.5800000000000001e+00,-9.7999999999999998e-01,0.0000000000000000e+00,2.0000000000000000e-02,1.6000000000000001e-03,4.0000000000000001e-02,4.0816326530612249e-02
43065,4.6200000000000001e+00,9.7999999999999998e-01,0.0000000000000000e+00,2.0000000000000000e-02,1.6000000000001000e-03,4.0000000000001250e-02,4.0816326530613518e-02
23065,4.6200000000000001e+00,-9.7999999999999998e-01,0.0000000000000000e+00,2.0000000000000000e-02,1.6000000000000001e-03,4.0000000000000001e-02,4.0816326530612249e-02
43066,4.6600000000000001e+00,9.7999999999999998e-01,0.0000000000000000e+00,2.0000000000000000e-02,1.6000000000000001e-03,4.0000000000000001e-02,4.0816326530612249e-02
23066,4.6600000000000001e+00,-9.7999999999999998e-01,0.0000000000000000e+00,2.0000000000000000e-02,1.6000000000000001e-03,4.0000000000000001e-02,4.0816326530612249e-02
43067,4.7000000000000002e+00,9.7999999999999998e-01,0.0000000000000000e+00,2.0000000000000000e-02,1.6000000000000001e-03,4.0000000000000001e-02,4.0816326530612249e-02
23067,4.7000000000000002e+00,-9.7999999999999998e-01,0.0000000000000000e+00,2.0000000000000000e-02,1.6000000000000001e-03,4.0000000000000001e-02,4.0816326530612249e-02
43068,4.7400000000000002e+00,9.7999999999999998e-01,0.0000000000000000e+00,2.0000000000000000e-02,1.6000000000000001e-03,4.0000000000000001e-02,4.0816326530612249e-02
23068,4.7400000000000002e+00,-9.7999999999999998e-01,0.0000000000000000e+00,2.0000000000000000e-02,1.6000000000000001e-03,4.0000000000000001e-02,4.0816326530612249e-02
43069,4.7800000000000002e+00,9.7999999999999998e-01,0.0000000000000000e+00,2.0000000000000000e-02,1.6000000000001000e-03,4.0000000000001250e-02,4.0816326530613518e-02
23069,4.7800000000000002e+00,-9.7999999999999998e-01,0.0000000000000000e+00,2.0000000000000000e-02,1.6000000000001000e-03,4.0000000000001250e-02,4.0816326530613518e-02
43070,4.8200000000000003e+00,9.7999999999999998e-01,0.0000000000000000e+00,2.0000000000000000e-02,1.6000000000000001e-03,4.0000000000000001e-02,4.0816326530612249e-02
23070,4.8200000000000003e+00,-9.7999999999999998e-01,0.0000000000000000e+00,2.0000000000000000e-02,1.6000000000000001e-03,4.0000000000000001e-02,4.0816326530612249e-02
43071,4.8600000000000003e+00,9.7999999999999998e-01,0.0000000000000000e+00,2.0000000000000000e-02,1.6000000000000001e-03,4.0000000000000001e-02,4.0816326530612249e-02
23071,4.8600000000000003e+00,-9.7999999999999998e-01,0.0000000000000000e+00,2.0000000000000000e-02,1.6000000000000001e-03,4.0000000000000001e-02,4.0816326530612249e-02
43072,4.9000000000000004e+00,9.7999999999999998e-01,0.0000000000000000e+00,2.0000000000000000e-02,1.6000000000000001e-03,4.0000000000000001e-02,4.0816326530612249e-02
23072,4.9000000000000004e+00,-9.7999999999999998e-01,0.0000000000000000e+00,2.0000000000000000e-02,1.6000000000000001e-03,4.0000000000000001e-02,4.0816326530612249e-02
43073,4.9400000000000004e+00,9.7999999999999998e-01,0.0000000000000000e+00,2.0000000000000000e-02,1.6000000000001000e-03,4.0000000000001250e-02,4.0816326530613518e-02
23073,4.9400000000000004e+00,-9.7999999999999998e-01,0.0000000000000000e+00,2.0000000000000000e-02,1.6000000000001000e-03,4.0000000000001250e-02,4.0816326530613518e-02
43074,4.9800000000000004e+00,9.7999999999999998e-01,0.0000000000000000e+00,2.0000000000000000e-02,1.6000000000000001e-03,4.0000000000000001e-02,4.0816326530612249e-02
23074,4.9800000000000004e+00,-9.7999999999999998e-01,0.0000000000000000e+00,2.0000000000000000e-02,1.5999999999998999e-03,3.9999999999998752e-02,4.0816326530610972e-02
43075,5.0199999999999996e+00,9.7999999999999998e-01,0.0000000000000000e+00,2.0000000000000000e-02,1.6000000000000001e-03,4.0000000000000001e-02,4.0816326530612249e-02
23075,5.0199999999999996e+00,-9.7999999999999998e-01,0.0000000000000000e+00,2.0000000000000000e-02,1.6000000000000001e-03,4.0000000000000001e-02,4.0816326530612249e-02
43076,5.0599999999999996e+00,9.7999999999999998e-01,0.0000000000000000e+00,2.0000000000000000e-02,1.6000000000000001e-03,4.0000000000000001e-02,4.0816326530612249e-02
23076,5.0599999999999996e+00,-9.7999999999999998e-01,0.0000000000000000e+00,2.0000000000000000e-02,1.6000000000001000e-03,4.0000000000001250e-02,4.0816326530613518e-02
43077,5.0999999999999996e+00,9.7999999999999998e-01,0.0000000000000000e+00,2.0000000000000000e-02,1.6000000000001000e-03,4.0000000000001250e-02,4.0816326530613518e-02
23077,5.0999999999999996e+00,-9.7999999999999998e-01,0.0000000000000000e+00,2.0000000000000000e-02,1.5999999999998999e-03,3.9999999999998752e-02,4.0816326530610972e-02
23078,5.1399999999999997e+00,-9.7999999999999998e-01,0.0000000000000000e+00,2.0000000000000000e-02,1.6000000000000001e-03,4.0000000000000001e-02,4.0816326530612249e-02
43078,5.1399999999999997e+00,9.7999999999999998e-01,0.0000000000000000e+00,2.0000000000000000e-02,1.6000000000000001e-03,4.0000000000000001e-02,4.0816326530612249e-02
43079,5.1799999999999997e+00,9.7999999999999998e-01,0.0000000000000000e+00,2.0000000000000000e-02,1.5999999999998999e-03,3.9999999999998752e-02,4.0816326530610972e-02
23079,5.1799999999999997e+00,-9.7999999999999998e-01,0.0000000000000000e+00,2.0000000000000000e-02,1.6000000000000001e-03,4.0000000000000001e-02,4.0816326530612249e-02
43080,5.2199999999999998e+00,9.7999999999999998e-01,0.0000000000000000e+00,2.0000000000000000e-02,1.6000000000000001e-03,4.0000000000000001e-02,4.0816326530612249e-02
23080,5.2199999999999998e+00,-9.7999999999999998e-01,0.0000000000000000e+00,2.0000000000000000e-02,1.6000000000000001e-03,4.0000000000000001e-02,4.0816326530612249e-02
23081,5.2599999999999998e+00,-9.7999999999999998e-01,0.0000000000000000e+00,2.0000000000000000e-02,1.6000000000000001e-03,4.0000000000000001e-02,4.0816326530612249e-02
43081,5.2599999999999998e+00,9.7999999999999998e-01,0.0000000000000000e+00,2.0000000000000000e-02,1.6000000000001000e-03,4.0000000000001250e-02,4.0816326530613518e-02
23082,5.2999999999999998e+00,-9.7999999999999998e-01,0.0000000000000000e+00,2.0000000000000000e-02,1.6000000000000001e-03,4.0000000000000001e-02,4.0816326530612249e-02
43082,5.2999999999999998e+00,9.7999999999999998e-01,0.0000000000000000e+00,2.0000000000000000e-02,1.6000000000000001e-03,4.0000000000000001e-02,4.0816326530612249e-02
23083,5.3399999999999999e+00,-9.7999999999999998e-01,0.0000000000000000e+00,2.0000000000000000e-02,1.5999999999998999e-03,3.9999999999998752e-02,4.0816326530610972e-02
43083,5.3399999999999999e+00,9.7999999999999998e-01,0.0000000000000000e+00,2.0000000000000000e-02,1.6000000000000001e-03,4.0000000000000001e-02,4.0816326530612249e-02
43084,5.3799999999999999e+00,9.7999999999999998e-01,0.0000000000000000e+00,2.0000000000000000e-02,1.6000000000000001e-03,4.0000000000000001e-02,4.0816326530612249e-02
23084,5.3799999999999999e+00,-9.7999999999999998e-01,0.0000000000000000e+00,2.0000000000000000e-02,1.6000000000001000e-03,4.0000000000001250e-02,4.0816326530613518e-02
43085,5.4199999999999999e+00,9.7999999999999998e-01,0.0000000000000000e+00,2.0000000000000000e-02,1.6000000000000001e-03,4.0000000000000001e-02,4.0816326530612249e-02
23085,5.4199999999999999e+00,-9.7999999999999998e-01,0.0000000000000000e+00,2.0000000000000000e-02,1.6000000000000001e-03,4.0000000000000001e-02,4.0816326530612249e-02
43086,5.4600000000000000e+00,9.7999999999999998e-01,0.0000000000000000e+00,2.0000000000000000e-02,1.6000000000001000e-03,4.0000000000001250e-02,4.0816326530613518e-02
23086,5.4600000000000000e+00,-9.7999999999999998e-01,0.0000000000000000e+00,2.0000000000000000e-02,1.6000000000000001e-03,4.0000000000000001e-02,4.0816326530612249e-02
43087,5.5000000000000000e+00,9.7999999999999998e-01,0.0000000000000000e+00,2.0000000000000000e-02,1.6000000000000001e-03,4.0000000000000001e-02,4.0816326530612249e-02
23087,5.5000000000000000e+00,-9.7999999999999998e-01,0.0000000000000000e+00,2.0000000000000000e-02,1.6000000000000001e-03,4.0000000000000001e-02,4.0816326530612249e-02
43088,5.5400000000000000e+00,9.7999999999999998e-01,0.0000000000000000e+00,2.0000000000000000e-02,1.6000000000000001e-03,4.0000000000000001e-02,4.0816326530612249e-02
23088,5.5400000000000000e+00,-9.7999999999999998e-01,0.0000000000000000e+00,2.0000000000000000e-02,1.6000000000001000e-03,4.0000000000001250e-02,4.0816326530613518e-02
43089,5.5800000000000001e+00,9.7999999999999998e-01,0.0000000000000000e+00,2.0000000000000000e-02,1.6000000000000001e-03,4.0000000000000001e-02,4.0816326530612249e-02
23089,5.5800000000000001e+00,-9.7999999999999998e-01,0.0000000000000000e+00,2.0000000000000000e-02,1.6000000000001000e-03,4.0000000000001250e-02,4.0816326530613518e-02
43090,5.6200000000000001e+00,9.7999999999999998e-01,0.0000000000000000e+00,2.0000000000000000e-02,1.6000000000001000e-03,4.0000000000001250e-02,4.0816326530613518e-02
23090,5.6200000000000001e+00,-9.7999999999999998e-01,0.0000000000000000e+00,2.0000000000000000e-02,1.5999999999998999e-03,3.9999999999998752e-02,4.0816326530610972e-02
43091,5.6600000000000001e+00,9.7999999999999998e-01,0.0000000000000000e+00,2.0000000000000000e-02,1.6000000000000001e-03,4.0000000000000001e-02,4.0816326530612249e-02
23091,5.6600000000000001e+00,-9.7999999999999998e-01,0.0000000000000000e+00,2.0000000000000000e-02,1.6000000000000001e-03,4.0000000000000001e-02,4.0816326530612249e-02
43092,5.7000000000000002e+00,9.7999999999999998e-01,0.0000000000000000e+00,2.0000000000000000e-02,1.6000000000000001e-03,4.0000000000000001e-02,4.0816326530612249e-02
23092,5.7000000000000002e+00,-9.7999999999999998e-01,0.0000000000000000e+00,2.0000000000000000e-02,1.6000000000000001e-03,4.0000000000000001e-02,4.0816326530612249e-02
43093,5.7400000000000002e+00,9.7999999999999998e-01,0.0000000000000000e+00,2.0000000000000000e-02,1.6000000000000001e-03,4.0000000000000001e-02,4.0816326530612249e-02
23093,5.7400000000000002e+00,-9.7999999999999998e-01,0.0000000000000000e+00,2.0000000000000000e-02,1.6000000000001000e-03,4.0000000000001250e-02,4.0816326530613518e-02
43094,5.7800000000000002e+00,9.7999999999999998e-01,0.0000000000000000e+00,2.0000000000000000e-02,1.6000000000001000e-03,4.0000000000001250e-02,4.0816326530613518e-02
23094,5.7800000000000002e+00,-9.7999999999999998e-01,0.0000000000000000e+00,2.0000000000000000e-02,1.6000000000000001e-03,4.0000000000000001e-02,4.0816326530612249e-02
43095,5.8200000000000003e+00,9.7999999999999998e-01,0.0000000000000000e+00,2.0000000000000000e-02,1.6000000000000001e-03,4.0000000000000001e-02,4.0816326530612249e-02
23095,5.8200000000000003e+00,-9.7999999999999998e-01,0.0000000000000000e+00,2.0000000000000000e-02,1.6000000000000001e-03,4.0000000000000001e-02,4.0816326530612249e-02
23096,5.8600000000000003e+00,-9.7999999999999998e-01,0.0000000000000000e+00,2.0000000000000000e-02,1.6000000000000001e-03,4.0000000000000001e-02,4.0816326530612249e-02
43096,5.8600000000000003e+00,9.7999999999999998e-01,0.0000000000000000e+00,2.0000000000000000e-02,1.6000000000000001e-03,4.0000000000000001e-02,4.0816326530612249e-02
43097,5.9000000000000004e+00,9.7999999999999998e-01,0.0000000000000000e+00,2.0000000000000000e-02,1.6000000000000001e-03,4.0000000000000001e-02,4.0816326530612249e-02
23097,5.9000000000000004e+00,-9.7999999999999998e-01,0.0000000000000000e+00,2.0000000000000000e-02,1.6000000000000001e-03,4.0000000000000001e-02,4.0816326530612249e-02
23098,5.9400000000000004e+00,-9.7999999999999998e-01,0.0000000000000000e+00,2.0000000000000000e-02,1.6000000000000001e-03,4.0000000000000001e-02,4.0816326530612249e-02
43098,5.9400000000000004e+00,9.7999999999999998e-01,0.0000000000000000e+00,2.0000000000000000e-02,1.6000000000001000e-03,4.0000000000001250e-02,4.0816326530613518e-02
23099,5.9800000000000004e+00,-9.7999999999999998e-01,0.0000000000000000e+00,2.0000000000000000e-02,1.6000000000000001e-03,4.0000000000000001e-02,4.0816326530612249e-02
43099,5.9800000000000004e+00,9.7999999999999998e-01,0.0000000000000000e+00,2.0000000000000000e-02,1.6000000000000001e-03,4.0000000000000001e-02,4.0816326530612249e-02
23100,6.0199999999999996e+00,-9.7999999999999998e-01,0.0000000000000000e+00,2.0000000000000000e-02,1.6000000000000001e-03,4.0000000000000001e-02,4.0816326530612249e-02
43100,6.0199999999999996e+00,9.7999999999999998e-01,0.0000000000000000e+00,2.0000000000000000e-02,1.5999999999998999e-03,3.9999999999998752e-02,4.0816326530610972e-02
23101,6.0599999999999996e+00,-9.7999999999999998e-01,0.0000000000000000e+00,2.0000000000000000e-02,1.6000000000000001e-03,4.0000000000000001e-02,4.0816326530612249e-02
43101,6.0599999999999996e+00,9.7999999999999998e-01,0.0000000000000000e+00,2.0000000000000000e-02,1.6000000000000001e-03,4.0000000000000001e-02,4.0816326530612249e-02
23102,6.0999999999999996e+00,-9.7999999999999998e-01,0.0000000000000000e+00,2.0000000000000000e-02,1.6000000000000001e-03,4.0000000000000001e-02,4.0816326530612249e-02
43102,6.0999999999999996e+00,9.7999999999999998e-01,0.0000000000000000e+00,2.0000000000000000e-02,1.6000000000001000e-03,4.0000000000001250e-02,4.0816326530613518e-02
23103,6.1399999999999997e+00,-9.7999999999999998e-01,0.0000000000000000e+00,2.0000000000000000e-02,1.6000000000000001e-03,4.0000000000000001e-02,4.0816326530612249e-02
43103,6.1399999999999997e+00,9.7999999999999998e-01,0.0000000000000000e+00,2.0000000000000000e-02,1.6000000000000001e-03,4.0000000000000001e-02,4.0816326530612249e-02
23104,6.1799999999999997e+00,-9.7999999999999998e-01,0.0000000000000000e+00,2.0000000000000000e-02,1.5999999999998999e-03,3.9999999999998752e-02,4.0816326530610972e-02
43104,6.1799999999999997e+00,9.7999999999999998e-01,0.0000000000000000e+00,2.0000000000000000e-02,1.6000000000000001e-03,4.0000000000000001e-02,4.0816326530612249e-02
23105,6.2199999999999998e+00,-9.7999999999999998e-01,0.0000000000000000e+00,2.0000000000000000e-02,1.6000000000001000e-03,4.0000000000001250e-02,4.0816326530613518e-02
43105,6.2199999999999998e+00,9.7999999999999998e-01,0.0000000000000000e+00,2.0000000000000000e-02,1.6000000000000001e-03,4.0000000000000001e-02,4.0816326530612249e-02
23106,6.2599999999999998e+00,-9.7999999999999998e-01,0.0000000000000000e+00,2.0000000000000000e-02,1.6000000000001000e-03,4.0000000000001250e-02,4.0816326530613518e-02
43106,6.2599999999999998e+00,9.7999999999999998e-01,0.0000000000000000e+00,2.0000000000000000e-02,1.6000000000001000e-03,4.0000000000001250e-02,4.0816326530613518e-02
23107,6.2999999999999998e+00,-9.7999999999999998e-01,0.0000000000000000e+00,2.0000000000000000e-02,1.6000000000000001e-03,4.0000000000000001e-02,4.0816326530612249e-02
43107,6.2999999999999998e+00,9.7999999999999998e-01,0.0000000000000000e+00,2.0000000000000000e-02,1.6000000000000001e-03,4.0000000000000001e-02,4.0816326530612249e-02
23108,6.3399999999999999e+00,-9.7999999999999998e-01,0.0000000000000000e+00,2.0000000000000000e-02,1.6000000000000001e-03,4.0000000000000001e-02,4.0816326530612249e-02
43108,6.3399999999999999e+00,9.7999999999999998e-01,0.0000000000000000e+00,2.0000000000000000e-02,1.6000000000000001e-03,4.0000000000000001e-02,4.0816326530612249e-02
43109,6.3799999999999999e+00,9.7999999999999998e-01,0.0000000000000000e+00,2.0000000000000000e-02,1.6000000000000001e-03,4.0000000000000001e-02,4.0816326530612249e-02
23109,6.3799999999999999e+00,-9.7999999999999998e-01,0.0000000000000000e+00,2.0000000000000000e-02,1.6000000000000001e-03,4.0000000000000001e-02,4.0816326530612249e-02
43110,6.4199999999999999e+00,9.7999999999999998e-01,0.0000000000000000e+00,2.0000000000000000e-02,1.6000000000000001e-03,4.0000000000000001e-02,4.0816326530612249e-02
23110,6.4199999999999999e+00,-9.7999999999999998e-01,0.0000000000000000e+00,2.0000000000000000e-02,1.6000000000000001e-03,4.0000000000000001e-02,4.0816326530612249e-02
43111,6.4600000000000000e+00,9.7999999999999998e-01,0.0000000000000000e+00,2.0000000000000000e-02,1.6000000000001000e-03,4.0000000000001250e-02,4.0816326530613518e-02
23111,6.4600000000000000e+00,-9.7999999999999998e-01,0.0000000000000000e+00,2.0000000000000000e-02,1.6000000000000001e-03,4.0000000000000001e-02,4.0816326530612249e-02
23112,6.5000000000000000e+00,-9.7999999999999998e-01,0.0000000000000000e+00,2.0000000000000000e-02,1.6000000000000001e-03,4.0000000000000001e-02,4.0816326530612249e-02
43112,6.5000000000000000e+00,9.7999999999999998e-01,0.0000000000000000e+00,2.0000000000000000e-02,1.6000000000000001e-03,4.0000000000000001e-02,4.0816326530612249e-02
23113,6.5400000000000000e+00,-9.7999999999999998e-01,0.0000000000000000e+00,2.0000000000000000e-02,1.6000000000000001e-03,4.0000000000000001e-02,4.0816326530612249e-02
43113,6.5400000000000000e+00,9.7999999999999998e-01,0.0000000000000000e+00,2.0000000000000000e-02,1.6000000000000001e-03,4.0000000000000001e-02,4.0816326530612249e-02
43114,6.5800000000000001e+00,9.7999999999999998e-01,0.0000000000000000e+00,2.0000000000000000e-02,1.6000000000000001e-03,4.0000000000000001e-02,4.0816326530612249e-02
23114,6.5800000000000001e+00,-9.7999999999999998e-01,0.0000000000000000e+00,2.0000000000000000e-02,1.6000000000001000e-03,4.0000000000001250e-02,4.0816326530613518e-02
43115,6.6200000000000001e+00,9.7999999999999998e-01,0.0000000000000000e+00,2.0000000000000000e-02,1.6000000000001000e-03,4.0000000000001250e-02,4.0816326530613518e-02
23115,6.6200000000000001e+00,-9.7999999999999998e-01,0.0000000000000000e+00,2.0000000000000000e-02,1.6000000000000001e-03,4.0000000000000001e-02,4.0816326530612249e-02
23116,6.6600000000000001e+00,-9.7999999999999998e-01,0.0000000000000000e+00,2.0000000000000000e-02,1.5999999999998999e-03,3.9999999999998752e-02,4.0816326530610972e-02
43116,6.6600000000000001e+00,9.7999999999999998e-01,0.0000000000000000e+00,2.0000000000000000e-02,1.6000000000000001e-03,4.0000000000000001e-02,4.0816326530612249e-02
43117,6.7000000000000002e+00,9.7999999999999998e-01,0.0000000000000000e+00,2.0000000000000000e-02,1.6000000000000001e-03,4.0000000000000001e-02,4.0816326530612249e-02
23117,6.7000000000000002e+00,-9.7999999999999998e-01,0.0000000000000000e+00,2.0000000000000000e-02,1.6000000000001000e-03,4.0000000000001250e-02,4.0816326530613518e-02
43118,6.7400000000000002e+00,9.7999999999999998e-01,0.0000000000000000e+00,2.0000000000000000e-02,1.6000000000000001e-03,4.0000000000000001e-02,4.0816326530612249e-02
23118,6.7400000000000002e+00,-9.7999999999999998e-01,0.0000000000000000e+00,2.0000000000000000e-02,1.6000000000000001e-03,4.0000000000000001e-02,4.0816326530612249e-02
43119,6.7800000000000002e+00,9.7999999999999998e-01,0.0000000000000000e+00,2.0000000000000000e-02,1.6000000000001000e-03,4.0000000000001250e-02,4.0816326530613518e-02
23119,6.7800000000000002e+00,-9.7999999999999998e-01,0.0000000000000000e+00,2.0000000000000000e-02,1.6000000000000001e-03,4.0000000000000001e-02,4.0816326530612249e-02
43120,6.8200000000000003e+00,9.7999999999999998e-01,0.0000000000000000e+00,2.0000000000000000e-02,1.5999999999998999e-03,3.9999999999998752e-02,4.0816326530610972e-02
23120,6.8200000000000003e+00,-9.7999999999999998e-01,0.0000000000000000e+00,2.0000000000000000e-02,1.6000000000000001e-03,4.0000000000000001e-02,4.0816326530612249e-02
43121,6.8600000000000003e+00,9.7999999999999998e-01,0.0000000000000000e+00,2.0000000000000000e-02,1.5999999999998999e-03,3.9999999999998752e-02,4.0816326530610972e-02
23121,6.8600000000000003e+00,-9.7999999999999998e-01,0.0000000000000000e+00,2.0000000000000000e-02,1.6000000000000001e-03,4.0000000000000001e-02,4.0816326530612249e-02
43122,6.9000000000000004e+00,9.7999999999999998e-01,0.0000000000000000e+00,2.0000000000000000e-02,1.6000000000000001e-03,4.0000000000000001e-02,4.0816326530612249e-02
23122,6.9000000000000004e+00,-9.7999999999999998e-01,0.0000000000000000e+00,2.0000000000000000e-02,1.6000000000000001e-03,4.0000000000000001e-02,4.0816326530612249e-02
43123,6.9400000000000004e+00,9.7999999999999998e-01,0.0000000000000000e+00,2.0000000000000000e-02,1.6000000000001000e-03,4.0000000000001250e-02,4.0816326530613518e-02
23123,6.9400000000000004e+00,-9.7999999999999998e-01,0.0000000000000000e+00,2.0000000000000000e-02,1.6000000000000001e-03,4.0000000000000001e-02,4.0816326530612249e-02
23124,6.9800000000000004e+00,-9.7999999999999998e-01,0.0000000000000000e+00,2.0000000000000000e-02,1.6000000000000001e-03,4.0000000000000001e-02,4.0816326530612249e-02
43124,6.9800000000000004e+00,9.7999999999999998e-01,0.0000000000000000e+00,2.0000000000000000e-02,1.6000000000000001e-03,4.0000000000000001e-02,4.0816326530612249e-02
23125,7.0199999999999996e+00,-9.7999999999999998e-01,0.0000000000000000e+00,2.0000000000000000e-02,1.5999999999998999e-03,3.9999999999998752e-02,4.0816326530610972e-02
43125,7.0199999999999996e+00,9.7999999999999998e-01,0.0000000000000000e+00,2.0000000000000000e-02,1.6000000000000001e-03,4.0000000000000001e-02,4.0816326530612249e-02
23126,7.0599999999999996e+00,-9.7999999999999998e-01,0.0000000000000000e+00,2.0000000000000000e-02,1.6000000000001000e-03,4.0000000000001250e-02,4.0816326530613518e-02
43126,7.0599999999999996e+00,9.7999999999999998e-01,0.0000000000000000e+00,2.0000000000000000e-02,1.6000000000000001e-03,4.0000000000000001e-02,4.0816326530612249e-02
43127,7.0999999999999996e+00,9.7999999999999998e-01,0.0000000000000000e+00,2.0000000000000000e-02,1.6000000000001000e-03,4.0000000000001250e-02,4.0816326530613518e-02
23127,7.0999999999999996e+00,-9.7999999999999998e-01,0.0000000000000000e+00,2.0000000000000000e-02,1.6000000000001000e-03,4.0000000000001250e-02,4.0816326530613518e-02
43128,7.1399999999999997e+00,9.7999999999999998e-01,0.0000000000000000e+00,2.0000000000000000e-02,1.6000000000000001e-03,4.0000000000000001e-02,4.0816326530612249e-02
23128,7.1399999999999997e+00,-9.7999999999999998e-01,0.0000000000000000e+00,2.0000000000000000e-02,1.5999999999998999e-03,3.9999999999998752e-02,4.0816326530610972e-02
23129,7.1799999999999997e+00,-9.7999999999999998e-01,0.0000000000000000e+00,2.0000000000000000e-02,1.6000000000000001e-03,4.0000000000000001e-02,4.0816326530612249e-02
43129,7.1799999999999997e+00,9.7999999999999998e-01,0.0000000000000000e+00,2.0000000000000000e-02,1.6000000000000001e-03,4.0000000000000001e-02,4.0816326530612249e-02
43130,7.2199999999999998e+00,9.7999999999999998e-01,0.0000000000000000e+00,2.0000000000000000e-02,1.6000000000000001e-03,4.0000000000000001e-02,4.0816326530612249e-02
23130,7.2199999999999998e+00,-9.7999999999999998e-01,0.0000000000000000e+00,2.0000000000000000e-02,1.6000000000000001e-03,4.0000000000000001e-02,4.0816326530612249e-02
43131,7.2599999999999998e+00,9.7999999999999998e-01,0.0000000000000000e+00,2.0000000000000000e-02,1.6000000000001000e-03,4.0000000000001250e-02,4.0816326530613518e-02
23131,7.2599999999999998e+00,-9.7999999999999998e-01,0.0000000000000000e+00,2.0000000000000000e-02,1.5999999999998999e-03,3.9999999999998752e-02,4.0816326530610972e-02
23132,7.2999999999999998e+00,-9.7999999999999998e-01,0.0000000000000000e+00,2.0000000000000000e-02,1.6000000000000001e-03,4.0000000000000001e-02,4.0816326530612249e-02
43132,7.2999999999999998e+00,9.7999999999999998e-01,0.0000000000000000e+00,2.0000000000000000e-02,1.6000000000000001e-03,4.0000000000000001e-02,4.0816326530612249e-02
23133,7.3399999999999999e+00,-9.7999999999999998e-01,0.0000000000000000e+00,2.0000000000000000e-02,1.6000000000000001e-03,4.0000000000000001e-02,4.0816326530612249e-02
43133,7.3399999999999999e+00,9.7999999999999998e-01,0.0000000000000000e+00,2.0000000000000000e-02,1.6000000000000001e-03,4.0000000000000001e-02,4.0816326530612249e-02
23134,7.3799999999999999e+00,-9.7999999999999998e-01,0.0000000000000000e+00,2.0000000000000000e-02,1.6000000000000001e-03,4.0000000000000001e-02,4.0816326530612249e-02
43134,7.3799999999999999e+00,9.7999999999999998e-01,0.0000000000000000e+00,2.0000000000000000e-02,1.6000000000000001e-03,4.0000000000000001e-02,4.0816326530612249e-02
43135,7.4199999999999999e+00,9.7999999999999998e-01,0.0000000000000000e+00,2.0000000000000000e-02,1.6000000000000001e-03,4.0000000000000001e-02,4.0816326530612249e-02
23135,7.4199999999999999e+00,-9.7999999999999998e-01,0.0000000000000000e+00,2.0000000000000000e-02,1.6000000000001000e-03,4.0000000000001250e-02,4.0816326530613518e-02
43136,7.4600000000000000e+00,9.7999999999999998e-01,0.0000000000000000e+00,2.0000000000000000e-02,1.6000000000001000e-03,4.0000000000001250e-02,4.0816326530613518e-02
23136,7.4600000000000000e+00,-9.7999999999999998e-01,0.0000000000000000e+00,2.0000000000000000e-02,1.6000000000000001e-03,4.0000000000000001e-02,4.0816326530612249e-02
23137,7.5000000000000000e+00,-9.7999999999999998e-01,0.0000000000000000e+00,2.0000000000000000e-02,1.6000000000000001e-03,4.0000000000000001e-02,4.0816326530612249e-02
43137,7.5000000000000000e+00,9.7999999999999998e-01,0.0000000000000000e+00,2.0000000000000000e-02,1.6000000000000001e-03,4.0000000000000001e-02,4.0816326530612249e-02
23138,7.5400000000000000e+00,-9.7999999999999998e-01,0.0000000000000000e+00,2.0000000000000000e-02,1.6000000000000001e-03,4.0000000000000001e-02,4.0816326530612249e-02
43138,7.5400000000000000e+00,9.7999999999999998e-01,0.0000000000000000e+00,2.0000000000000000e-02,1.5999999999998999e-03,3.9999999999998752e-02,4.0816326530610972e-02
43139,7.5800000000000001e+00,9.7999999999999998e-01,0.0000000000000000e+00,2.0000000000000000e-02,1.6000000000000001e-03,4.0000000000000001e-02,4.0816326530612249e-02
23139,7.5800000000000001e+00,-9.7999999999999998e-01,0.0000000000000000e+00,2.0000000000000000e-02,1.6000000000001000e-03,4.0000000000001250e-02,4.0816326530613518e-02
43140,7.6200000000000001e+00,9.7999999999999998e-01,0.0000000000000000e+00,2.0000000000000000e-02,1.6000000000000001e-03,4.0000000000000001e-02,4.0816326530612249e-02
23140,7.6200000000000001e+00,-9.7999999999999998e-01,0.0000000000000000e+00,2.0000000000000000e-02,1.5999999999998999e-03,3.9999999999998752e-02,4.0816326530610972e-02
23141,7.6600000000000001e+00,-9.7999999999999998e-01,0.0000000000000000e+00,2.0000000000000000e-02,1.6000000000000001e-03,4.0000000000000001e-02,4.0816326530612249e-02
43141,7.6600000000000001e+00,9.7999999999999998e-01,0.0000000000000000e+00,2.0000000000000000e-02,1.6000000000000001e-03,4.0000000000000001e-02,4.0816326530612249e-02
23142,7.7000000000000002e+00,-9.7999999999999998e-01,0.0000000000000000e+00,2.0000000000000000e-02,1.6000000000000001e-03,4.0000000000000001e-02,4.0816326530612249e-02
43142,7.7000000000000002e+00,9.7999999999999998e-01,0.0000000000000000e+00,2.0000000000000000e-02,1.6000000000000001e-03,4.0000000000000001e-02,4.0816326530612249e-02
23143,7.7400000000000002e+00,-9.7999999999999998e-01,0.0000000000000000e+00,2.0000000000000000e-02,1.6000000000000001e-03,4.0000000000000001e-02,4.0816326530612249e-02
43143,7.7400000000000002e+00,9.7999999999999998e-01,0.0000000000000000e+00,2.0000000000000000e-02,1.6000000000000001e-03,4.0000000000000001e-02,4.0816326530612249e-02
23144,7.7800000000000002e+00,-9.7999999999999998e-01,0.0000000000000000e+00,2.0000000000000000e-02,1.6000000000000001e-03,4.0000000000000001e-02,4.0816326530612249e-02
43144,7.7800000000000002e+00,9.7999999999999998e-01,0.0000000000000000e+00,2.0000000000000000e-02,1.6000000000001000e-03,4.0000000000001250e-02,4.0816326530613518e-02
23145,7.8200000000000003e+00,-9.7999999999999998e-01,0.0000000000000000e+00,2.0000000000000000e-02,1.6000000000000001e-03,4.0000000000000001e-02,4.0816326530612249e-02
43145,7.8200000000000003e+00,9.7999999999999998e-01,0.0000000000000000e+00,2.0000000000000000e-02,1.6000000000000001e-03,4.0000000000000001e-02,4.0816326530612249e-02
23146,7.8600000000000003e+00,-9.7999999999999998e-01,0.0000000000000000e+00,2.0000000000000000e-02,1.6000000000000001e-03,4.0000000000000001e-02,4.0816326530612249e-02
43146,7.8600000000000003e+00,9.7999999999999998e-01,0.0000000000000000e+00,2.0000000000000000e-02,1.6000000000000001e-03,4.0000000000000001e-02,4.0816326530612249e-02
43147,7.9000000000000004e+00,9.7999999999999998e-01,0.0000000000000000e+00,2.0000000000000000e-02,1.6000000000000001e-03,4.0000000000000001e-02,4.0816326530612249e-02
23147,7.9000000000000004e+00,-9.7999999999999998e-01,0.0000000000000000e+00,2.0000000000000000e-02,1.6000000000001000e-03,4.0000000000001250e-02,4.0816326530613518e-02
43148,7.9400000000000004e+00,9.7999999999999998e-01,0.0000000000000000e+00,2.0000000000000000e-02,1.6000000000001000e-03,4.0000000000001250e-02,4.0816326530613518e-02
23148,7.9400000000000004e+00,-9.7999999999999998e-01,0.0000000000000000e+00,2.0000000000000000e-02,1.6000000000001000e-03,4.0000000000001250e-02,4.0816326530613518e-02
43149,7.9800000000000004e+00,9.7999999999999998e-01,0.0000000000000000e+00,2.0000000000000000e-02,1.6000000000000001e-03,4.0000000000000001e-02,4.0816326530612249e-02
23149,7.9800000000000004e+00,-9.7999999999999998e-01,0.0000000000000000e+00,2.0000000000000000e-02,1.5999999999998999e-03,3.9999999999998752e-02,4.0816326530610972e-02
23150,8.0199999999999996e+00,-9.7999999999999998e-01,0.0000000000000000e+00,2.0000000000000000e-02,1.6000000000000001e-03,4.0000000000000001e-02,4.0816326530612249e-02
43150,8.0199999999999996e+00,9.7999999999999998e-01,0.0000000000000000e+00,2.0000000000000000e-02,1.6000000000000001e-03,4.0000000000000001e-02,4.0816326530612249e-02
43151,8.0600000000000005e+00,9.7999999999999998e-01,0.0000000000000000e+00,2.0000000000000000e-02,1.6000000000000001e-03,4.0000000000000001e-02,4.0816326530612249e-02
23151,8.0600000000000005e+00,-9.7999999999999998e-01,0.0000000000000000e+00,2.0000000000000000e-02,1.6000000000000001e-03,4.0000000000000001e-02,4.0816326530612249e-02
43152,8.0999999999999996e+00,9.7999999999999998e-01,0.0000000000000000e+00,2.0000000000000000e-02,1.6000000000001000e-03,4.0000000000001250e-02,4.0816326530613518e-02
23152,8.0999999999999996e+00,-9.7999999999999998e-01,0.0000000000000000e+00,2.0000000000000000e-02,1.6000000000000001e-03,4.0000000000000001e-02,4.0816326530612249e-02
23153,8.1400000000000006e+00,-9.7999999999999998e-01,0.0000000000000000e+00,2.0000000000000000e-02,1.6000000000000001e-03,4.0000000000000001e-02,4.0816326530612249e-02
43153,8.1400000000000006e+00,9.7999999999999998e-01,0.0000000000000000e+00,2.0000000000000000e-02,1.6000000000000001e-03,4.0000000000000001e-02,4.0816326530612249e-02
23154,8.1799999999999997e+00,-9.7999999999999998e-01,0.0000000000000000e+00,2.0000000000000000e-02,1.6000000000000001e-03,4.0000000000000001e-02,4.0816326530612249e-02
43154,8.1799999999999997e+00,9.7999999999999998e-01,0.0000000000000000e+00,2.0000000000000000e-02,1.5999999999998999e-03,3.9999999999998752e-02,4.0816326530610972e-02
23155,8.2200000000000006e+00,-9.7999999999999998e-01,0.0000000000000000e+00,2.0000000000000000e-02,1.6000000000000001e-03,4.0000000000000001e-02,4.0816326530612249e-02
43155,8.2200000000000006e+00,9.7999999999999998e-01,0.0000000000000000e+00,2.0000000000000000e-02,1.6000000000000001e-03,4.0000000000000001e-02,4.0816326530612249e-02
23156,8.2599999999999998e+00,-9.7999999999999998e-01,0.0000000000000000e+00,2.0000000000000000e-02,1.6000000000000001e-03,4.0000000000000001e-02,4.0816326530612249e-02
43156,8.2599999999999998e+00,9.7999999999999998e-01,0.0000000000000000e+00,2.0000000000000000e-02,1.6000000000001000e-03,4.0000000000001250e-02,4.0816326530613518e-02
23157,8.3000000000000007e+00,-9.7999999999999998e-01,0.0000000000000000e+00,2.0000000000000000e-02,1.6000000000000001e-03,4.0000000000000001e-02,4.0816326530612249e-02
43157,8.3000000000000007e+00,9.7999999999999998e-01,0.0000000000000000e+00,2.0000000000000000e-02,1.6000000000000001e-03,4.0000000000000001e-02,4.0816326530612249e-02
23158,8.3399999999999999e+00,-9.7999999999999998e-01,0.0000000000000000e+00,2.0000000000000000e-02,1.6000000000000001e-03,4.0000000000000001e-02,4.0816326530612249e-02
43158,8.3399999999999999e+00,9.7999999999999998e-01,0.0000000000000000e+00,2.0000000000000000e-02,1.6000000000000001e-03,4.0000000000000001e-02,4.0816326530612249e-02
23159,8.3800000000000008e+00,-9.7999999999999998e-01,0.0000000000000000e+00,2.0000000000000000e-02,1.6000000000000001e-03,4.0000000000000001e-02,4.0816326530612249e-02
43159,8.3800000000000008e+00,9.7999999999999998e-01,0.0000000000000000e+00,2.0000000000000000e-02,1.6000000000000001e-03,4.0000000000000001e-02,4.0816326530612249e-02
23160,8.4199999999999999e+00,-9.7999999999999998e-01,0.0000000000000000e+00,2.0000000000000000e-02,1.6000000000001000e-03,4.0000000000001250e-02,4.0816326530613518e-02
43160,8.4199999999999999e+00,9.7999999999999998e-01,0.0000000000000000e+00,2.0000000000000000e-02,1.6000000000001000e-03,4.0000000000001250e-02,4.0816326530613518e-02
23161,8.4600000000000009e+00,-9.7999999999999998e-01,0.0000000000000000e+00,2.0000000000000000e-02,1.6000000000000001e-03,4.0000000000000001e-02,4.0816326530612249e-02
43161,8.4600000000000009e+00,9.7999999999999998e-01,0.0000000000000000e+00,2.0000000000000000e-02,1.5999999999998999e-03,3.9999999999998752e-02,4.0816326530610972e-02
23162,8.5000000000000000e+00,-9.7999999999999998e-01,0.0000000000000000e+00,2.0000000000000000e-02,1.5999999999998999e-03,3.9999999999998752e-02,4.0816326530610972e-02
43162,8.5000000000000000e+00,9.7999999999999998e-01,0.0000000000000000e+00,2.0000000000000000e-02,1.6000000000000001e-03,4.0000000000000001e-02,4.0816326530612249e-02
43163,8.5399999999999991e+00,9.7999999999999998e-01,0.0000000000000000e+00,2.0000000000000000e-02,1.5999999999998999e-03,3.9999999999998752e-02,4.0816326530610972e-02
23163,8.5399999999999991e+00,-9.7999999999999998e-01,0.0000000000000000e+00,2.0000000000000000e-02,1.6000000000000001e-03,4.0000000000000001e-02,4.0816326530612249e-02
43164,8.5800000000000001e+00,9.7999999999999998e-01,0.0000000000000000e+00,2.0000000000000000e-02,1.6000000000000001e-03,4.0000000000000001e-02,4.0816326530612249e-02
23164,8.5800000000000001e+00,-9.7999999999999998e-01,0.0000000000000000e+00,2.0000000000000000e-02,1.6000000000000001e-03,4.0000000000000001e-02,4.0816326530612249e-02
23165,8.6199999999999992e+00,-9.7999999999999998e-01,0.0000000000000000e+00,2.0000000000000000e-02,1.6000000000000001e-03,4.0000000000000001e-02,4.0816326530612249e-02
43165,8.6199999999999992e+00,9.7999999999999998e-01,0.0000000000000000e+00,2.0000000000000000e-02,1.6000000000001000e-03,4.0000000000001250e-02,4.0816326530613518e-02
23166,8.6600000000000001e+00,-9.7999999999999998e-01,0.0000000000000000e+00,2.0000000000000000e-02,1.6000000000000001e-03,4.0000000000000001e-02,4.0816326530612249e-02
43166,8.6600000000000001e+00,9.7999999999999998e-01,0.0000000000000000e+00,2.0000000000000000e-02,1.6000000000000001e-03,4.0000000000000001e-02,4.0816326530612249e-02
23167,8.6999999999999993e+00,-9.7999999999999998e-01,0.0000000000000000e+00,2.0000000000000000e-02,1.6000000000001000e-03,4.0000000000001250e-02,4.0816326530613518e-02
43167,8.6999999999999993e+00,9.7999999999999998e-01,0.0000000000000000e+00,2.0000000000000000e-02,1.6000000000000001e-03,4.0000000000000001e-02,4.0816326530612249e-02
43168,8.7400000000000002e+00,9.7999999999999998e-01,0.0000000000000000e+00,2.0000000000000000e-02,1.6000000000000001e-03,4.0000000000000001e-02,4.0816326530612249e-02
23168,8.7400000000000002e+00,-9.7999999999999998e-01,0.0000000000000000e+00,2.0000000000000000e-02,1.5999999999998999e-03,3.9999999999998752e-02,4.0816326530610972e-02
23169,8.7799999999999994e+00,-9.7999999999999998e-01,0.0000000000000000e+00,2.0000000000000000e-02,1.6000000000001000e-03,4.0000000000001250e-02,4.0816326530613518e-02
43169,8.7799999999999994e+00,9.7999999999999998e-01,0.0000000000000000e+00,2.0000000000000000e-02,1.6000000000001000e-03,4.0000000000001250e-02,4.0816326530613518e-02
23170,8.8200000000000003e+00,-9.7999999999999998e-01,0.0000000000000000e+00,2.0000000000000000e-02,1.6000000000000001e-03,4.0000000000000001e-02,4.0816326530612249e-02
43170,8.8200000000000003e+00,9.7999999999999998e-01,0.0000000000000000e+00,2.0000000000000000e-02,1.5999999999998999e-03,3.9999999999998752e-02,4.0816326530610972e-02
43171,8.8599999999999994e+00,9.7999999999999998e-01,0.0000000000000000e+00,2.0000000000000000e-02,1.6000000000000001e-03,4.0000000000000001e-02,4.0816326530612249e-02
23171,8.8599999999999994e+00,-9.7999999999999998e-01,0.0000000000000000e+00,2.0000000000000000e-02,1.6000000000001000e-03,4.0000000000001250e-02,4.0816326530613518e-02
43172,8.9000000000000004e+00,9.7999999999999998e-01,0.0000000000000000e+00,2.0000000000000000e-02,1.5999999999998999e-03,3.9999999999998752e-02,4.0816326530610972e-02
23172,8.9000000000000004e+00,-9.7999999999999998e-01,0.0000000000000000e+00,2.0000000000000000e-02,1.5999999999998999e-03,3.9999999999998752e-02,4.0816326530610972e-02
43173,8.9399999999999995e+00,9.7999999999999998e-01,0.0000000000000000e+00,2.0000000000000000e-02,1.6000000000001000e-03,4.0000000000001250e-02,4.0816326530613518e-02
23173,8.9399999999999995e+00,-9.7999999999999998e-01,0.0000000000000000e+00,2.0000000000000000e-02,1.6000000000001000e-03,4.0000000000001250e-02,4.0816326530613518e-02
23174,8.9800000000000004e+00,-9.7999999999999998e-01,0.0000000000000000e+00,2.0000000000000000e-02,1.6000000000000001e-03,4.0000000000000001e-02,4.0816326530612249e-02
43174,8.9800000000000004e+00,9.7999999999999998e-01,0.0000000000000000e+00,2.0000000000000000e-02,1.6000000000000001e-03,4.0000000000000001e-02,4.0816326530612249e-02
23175,9.0199999999999996e+00,-9.7999999999999998e-01,0.0000000000000000e+00,2.0000000000000000e-02,1.6000000000000001e-03,4.0000000000000001e-02,4.0816326530612249e-02
43175,9.0199999999999996e+00,9.7999999999999998e-01,0.0000000000000000e+00,2.0000000000000000e-02,1.6000000000000001e-03,4.0000000000000001e-02,4.0816326530612249e-02
43176,9.0600000000000005e+00,9.7999999999999998e-01,0.0000000000000000e+00,2.0000000000000000e-02,1.6000000000000001e-03,4.0000000000000001e-02,4.0816326530612249e-02
23176,9.0600000000000005e+00,-9.7999999999999998e-01,0.0000000000000000e+00,2.0000000000000000e-02,1.6000000000000001e-03,4.0000000000000001e-02,4.0816326530612249e-02
43177,9.0999999999999996e+00,9.7999999999999998e-01,0.0000000000000000e+00,2.0000000000000000e-02,1.6000000000001000e-03,4.0000000000001250e-02,4.0816326530613518e-02
23177,9.0999999999999996e+00,-9.7999999999999998e-01,0.0000000000000000e+00,2.0000000000000000e-02,1.6000000000000001e-03,4.0000000000000001e-02,4.0816326530612249e-02
23178,9.1400000000000006e+00,-9.7999999999999998e-01,0.0000000000000000e+00,2.0000000000000000e-02,1.6000000000000001e-03,4.0000000000000001e-02,4.0816326530612249e-02
43178,9.1400000000000006e+00,9.7999999999999998e-01,0.0000000000000000e+00,2.0000000000000000e-02,1.6000000000000001e-03,4.0000000000000001e-02,4.0816326530612249e-02
23179,9.1799999999999997e+00,-9.7999999999999998e-01,0.0000000000000000e+00,2.0000000000000000e-02,1.6000000000000001e-03,4.0000000000000001e-02,4.0816326530612249e-02
43179,9.1799999999999997e+00,9.7999999999999998e-01,0.0000000000000000e+00,2.0000000000000000e-02,1.5999999999998999e-03,3.9999999999998752e-02,4.0816326530610972e-02
43180,9.2200000000000006e+00,9.7999999999999998e-01,0.0000000000000000e+00,2.0000000000000000e-02,1.6000000000001000e-03,4.0000000000001250e-02,4.0816326530613518e-02
23180,9.2200000000000006e+00,-9.7999999999999998e-01,0.0000000000000000e+00,2.0000000000000000e-02,1.6000000000001000e-03,4.0000000000001250e-02,4.0816326530613518e-02
23181,9.2599999999999998e+00,-9.7999999999999998e-01,0.0000000000000000e+00,2.0000000000000000e-02,1.5999999999998999e-03,3.9999999999998752e-02,4.0816326530610972e-02
43181,9.2599999999999998e+00,9.7999999999999998e-01,0.0000000000000000e+00,2.0000000000000000e-02,1.6000000000001000e-03,4.0000000000001250e-02,4.0816326530613518e-02
23182,9.3000000000000007e+00,-9.7999999999999998e-01,0.0000000000000000e+00,2.0000000000000000e-02,1.6000000000000001e-03,4.0000000000000001e-02,4.0816326530612249e-02
43182,9.3000000000000007e+00,9.7999999999999998e-01,0.0000000000000000e+00,2.0000000000000000e-02,1.6000000000000001e-03,4.0000000000000001e-02,4.0816326530612249e-02
23183,9.3399999999999999e+00,-9.7999999999999998e-01,0.0000000000000000e+00,2.0000000000000000e-02,1.6000000000000001e-03,4.0000000000000001e-02,4.0816326530612249e-02
43183,9.3399999999999999e+00,9.7999999999999998e-01,0.0000000000000000e+00,2.0000000000000000e-02,1.6000000000000001e-03,4.0000000000000001e-02,4.0816326530612249e-02
23184,9.3800000000000008e+00,-9.7999999999999998e-01,0.0000000000000000e+00,2.0000000000000000e-02,1.6000000000001000e-03,4.0000000000001250e-02,4.0816326530613518e-02
43184,9.3800000000000008e+00,9.7999999999999998e-01,0.0000000000000000e+00,2.0000000000000000e-02,1.6000000000000001e-03,4.0000000000000001e-02,4.0816326530612249e-02
23185,9.4199999999999999e+00,-9.7999999999999998e-01,0.0000000000000000e+00,2.0000000000000000e-02,1.5999999999998999e-03,3.9999999999998752e-02,4.0816326530610972e-02
43185,9.4199999999999999e+00,9.7999999999999998e-01,0.0000000000000000e+00,2.0000000000000000e-02,1.6000000000001000e-03,4.0000000000001250e-02,4.0816326530613518e-02
23186,9.4600000000000009e+00,-9.7999999999999998e-01,0.0000000000000000e+00,2.0000000000000000e-02,1.6000000000001000e-03,4.0000000000001250e-02,4.0816326530613518e-02
43186,9.4600000000000009e+00,9.7999999999999998e-01,0.0000000000000000e+00,2.0000000000000000e-02,1.5999999999998999e-03,3.9999999999998752e-02,4.0816326530610972e-02
23187,9.5000000000000000e+00,-9.7999999999999998e-01,0.0000000000000000e+00,2.0000000000000000e-02,1.6000000000000001e-03,4.0000000000000001e-02,4.0816326530612249e-02
43187,9.5000000000000000e+00,9.7999999999999998e-01,0.0000000000000000e+00,2.0000000000000000e-02,1.6000000000000001e-03,4.0000000000000001e-02,4.0816326530612249e-02
43188,9.5399999999999991e+00,9.7999999999999998e-01,0.0000000000000000e+00,2.0000000000000000e-02,1.5999999999998999e-03,3.9999999999998752e-02,4.0816326530610972e-02
23188,9.5399999999999991e+00,-9.7999999999999998e-01,0.0000000000000000e+00,2.0000000000000000e-02,1.6000000000000001e-03,4.0000000000000001e-02,4.0816326530612249e-02
43189,9.5800000000000001e+00,9.7999999999999998e-01,0.0000000000000000e+00,2.0000000000000000e-02,1.6000000000000001e-03,4.0000000000000001e-02,4.0816326530612249e-02
23189,9.5800000000000001e+00,-9.7999999999999998e-01,0.0000000000000000e+00,2.0000000000000000e-02,1.6000000000000001e-03,4.0000000000000001e-02,4.0816326530612249e-02
23190,9.6199999999999992e+00,-9.7999999999999998e-01,0.0000000000000000e+00,2.0000000000000000e-02,1.6000000000000001e-03,4.0000000000000001e-02,4.0816326530612249e-02
43190,9.6199999999999992e+00,9.7999999999999998e-01,0.0000000000000000e+00,2.0000000000000000e-02,1.6000000000001000e-03,4.0000000000001250e-02,4.0816326530613518e-02
23191,9.6600000000000001e+00,-9.7999999999999998e-01,0.0000000000000000e+00,2.0000000000000000e-02,1.6000000000000001e-03,4.0000000000000001e-02,4.0816326530612249e-02
43191,9.6600000000000001e+00,9.7999999999999998e-01,0.0000000000000000e+00,2.0000000000000000e-02,1.6000000000000001e-03,4.0000000000000001e-02,4.0816326530612249e-02
23192,9.6999999999999993e+00,-9.7999999999999998e-01,0.0000000000000000e+00,2.0000000000000000e-02,1.6000000000000001e-03,4.0000000000000001e-02,4.0816326530612249e-02
43192,9.6999999999999993e+00,9.7999999999999998e-01,0.0000000000000000e+00,2.0000000000000000e-02,1.6000000000000001e-03,4.0000000000000001e-02,4.0816326530612249e-02
23193,9.7400000000000002e+00,-9.7999999999999998e-01,0.0000000000000000e+00,2.0000000000000000e-02,1.6000000000001000e-03,4.0000000000001250e-02,4.0816326530613518e-02
43193,9.7400000000000002e+00,9.7999999999999998e-01,0.0000000000000000e+00,2.0000000000000000e-02,1.6000000000000001e-03,4.0000000000000001e-02,4.0816326530612249e-02
23194,9.7799999999999994e+00,-9.7999999999999998e-01,0.0000000000000000e+00,2.0000000000000000e-02,1.6000000000000001e-03,4.0000000000000001e-02,4.0816326530612249e-02
43194,9.7799999999999994e+00,9.7999999999999998e-01,0.0000000000000000e+00,2.0000000000000000e-02,1.6000000000001000e-03,4.0000000000001250e-02,4.0816326530613518e-02
23195,9.8200000000000003e+00,-9.7999999999999998e-01,0.0000000000000000e+00,2.0000000000000000e-02,1.6000000000000001e-03,4.0000000000000001e-02,4.0816326530612249e-02
43195,9.8200000000000003e+00,9.7999999999999998e-01,0.0000000000000000e+00,2.0000000000000000e-02,1.5999999999998999e-03,3.9999999999998752e-02,4.0816326530610972e-02
23196,9.8599999999999994e+00,-9.7999999999999998e-01,0.0000000000000000e+00,2.0000000000000000e-02,1.6000000000000001e-03,4.0000000000000001e-02,4.0816326530612249e-02
43196,9.8599999999999994e+00,9.7999999999999998e-01,0.0000000000000000e+00,2.0000000000000000e-02,1.6000000000000001e-03,4.0000000000000001e-02,4.0816326530612249e-02
43197,9.9000000000000004e+00,9.7999999999999998e-01,0.0000000000000000e+00,2.0000000000000000e-02,1.5999999999998999e-03,3.9999999999998752e-02,4.0816326530610972e-02
23197,9.9000000000000004e+00,-9.7999999999999998e-01,0.0000000000000000e+00,2.0000000000000000e-02,1.6000000000001000e-03,4.0000000000001250e-02,4.0816326530613518e-02
43198,9.9399999999999995e+00,9.7999999999999998e-01,0.0000000000000000e+00,2.0000000000000000e-02,1.6000000000001000e-03,4.0000000000001250e-02,4.0816326530613518e-02
23198,9.9399999999999995e+00,-9.7999999999999998e-01,0.0000000000000000e+00,2.0000000000000000e-02,1.6000000000000001e-03,4.0000000000000001e-02,4.0816326530612249e-02
43199,9.9800000000000004e+00,9.7999999999999998e-01,0.0000000000000000e+00,2.0000000000000000e-02,1.6000000000000001e-03,4.0000000000000001e-02,4.0816326530612249e-02
23199,9.9800000000000004e+00,-9.7999999999999998e-01,0.0000000000000000e+00,2.0000000000000000e-02,1.6000000000000001e-03,4.0000000000000001e-02,4.0816326530612249e-02
43200,1.0020000000000000e+01,9.7999999999999998e-01,0.0000000000000000e+00,2.0000000000000000e-02,1.6000000000000001e-03,4.0000000000000001e-02,4.0816326530612249e-02
23200,1.0020000000000000e+01,-9.7999999999999998e-01,0.0000000000000000e+00,2.0000000000000000e-02,1.6000000000000001e-03,4.0000000000000001e-02,4.0816326530612249e-02
43201,1.0060000000000000e+01,9.7999999999999998e-01,0.0000000000000000e+00,2.0000000000000000e-02,1.6000000000000001e-03,4.0000000000000001e-02,4.0816326530612249e-02
23201,1.0060000000000000e+01,-9.7999999999999998e-01,0.0000000000000000e+00,2.0000000000000000e-02,1.6000000000000001e-03,4.0000000000000001e-02,4.0816326530612249e-02
43202,1.0100000000000000e+01,9.7999999999999998e-01,0.0000000000000000e+00,2.0000000000000000e-02,1.6000000000000001e-03,4.0000000000000001e-02,4.0816326530612249e-02
23202,1.0100000000000000e+01,-9.7999999999999998e-01,0.0000000000000000e+00,2.0000000000000000e-02,1.6000000000000001e-03,4.0000000000000001e-02,4.0816326530612249e-02
43203,1.0140000000000001e+01,9.7999999999999998e-01,0.0000000000000000e+00,2.0000000000000000e-02,1.6000000000000001e-03,4.0000000000000001e-02,4.0816326530612249e-02
23203,1.0140000000000001e+01,-9.7999999999999998e-01,0.0000000000000000e+00,2.0000000000000000e-02,1.6000000000000001e-03,4.0000000000000001e-02,4.0816326530612249e-02
23204,1.0180000000000000e+01,-9.7999999999999998e-01,0.0000000000000000e+00,2.0000000000000000e-02,1.6000000000000001e-03,4.0000000000000001e-02,4.0816326530612249e-02
43204,1.0180000000000000e+01,9.7999999999999998e-01,0.0000000000000000e+00,2.0000000000000000e-02,1.6000000000000001e-03,4.0000000000000001e-02,4.0816326530612249e-02
43205,1.0220000000000001e+01,9.7999999999999998e-01,0.0000000000000000e+00,2.0000000000000000e-02,1.6000000000000001e-03,4.0000000000000001e-02,4.0816326530612249e-02
23205,1.0220000000000001e+01,-9.7999999999999998e-01,0.0000000000000000e+00,2.0000000000000000e-02,1.6000000000000001e-03,4.0000000000000001e-02,4.0816326530612249e-02
23206,1.0260000000000000e+01,-9.7999999999999998e-01,0.0000000000000000e+00,2.0000000000000000e-02,1.6000000000000001e-03,4.0000000000000001e-02,4.0816326530612249e-02
43206,1.0260000000000000e+01,9.7999999999999998e-01,0.0000000000000000e+00,2.0000000000000000e-02,1.6000000000000001e-03,4.0000000000000001e-02,4.0816326530612249e-02
23207,1.0300000000000001e+01,-9.7999999999999998e-01,0.0000000000000000e+00,2.0000000000000000e-02,1.6000000000000001e-03,4.0000000000000001e-02,4.0816326530612249e-02
43207,1.0300000000000001e+01,9.7999999999999998e-01,0.0000000000000000e+00,2.0000000000000000e-02,1.6000000000000001e-03,4.0000000000000001e-02,4.0816326530612249e-02
23208,1.0340000000000000e+01,-9.7999999999999998e-01,0.0000000000000000e+00,2.0000000000000000e-02,1.6000000000000001e-03,4.0000000000000001e-02,4.0816326530612249e-02
43208,1.0340000000000000e+01,9.7999999999999998e-01,0.0000000000000000e+00,2.0000000000000000e-02,1.6000000000000001e-03,4.0000000000000001e-02,4.0816326530612249e-02
23209,1.0380000000000001e+01,-9.7999999999999998e-01,0.0000000000000000e+00,2.0000000000000000e-02,1.6000000000000001e-03,4.0000000000000001e-02,4.0816326530612249e-02
43209,1.0380000000000001e+01,9.7999999999999998e-01,0.0000000000000000e+00,2.0000000000000000e-02,1.6000000000000001e-03,4.0000000000000001e-02,4.0816326530612249e-02
23210,1.0420000000000000e+01,-9.7999999999999998e-01,0.0000000000000000e+00,2.0000000000000000e-02,1.6000000000000001e-03,4.0000000000000001e-02,4.0816326530612249e-02
43210,1.0420000000000000e+01,9.7999999999999998e-01,0.0000000000000000e+00,2.0000000000000000e-02,1.6000000000000001e-03,4.0000000000000001e-02,4.0816326530612249e-02
23211,1.0460000000000001e+01,-9.7999999999999998e-01,0.0000000000000000e+00,2.0000000000000000e-02,1.6000000000000001e-03,4.0000000000000001e-02,4.0816326530612249e-02
43211,1.0460000000000001e+01,9.7999999999999998e-01,0.0000000000000000e+00,2.0000000000000000e-02,1.6000000000000001e-03,4.0000000000000001e-02,4.0816326530612249e-02
23212,1.0500000000000000e+01,-9.7999999999999998e-01,0.0000000000000000e+00,2.0000000000000000e-02,1.6000000000000001e-03,4.0000000000000001e-02,4.0816326530612249e-02
43212,1.0500000000000000e+01,9.7999999999999998e-01,0.0000000000000000e+00,2.0000000000000000e-02,1.6000000000000001e-03,4.0000000000000001e-02,4.0816326530612249e-02
43213,1.0539999999999999e+01,9.7999999999999998e-01,0.0000000000000000e+00,2.0000000000000000e-02,1.6000000000000001e-03,4.0000000000000001e-02,4.0816326530612249e-02
23213,1.0539999999999999e+01,-9.7999999999999998e-01,0.0000000000000000e+00,2.0000000000000000e-02,1.6000000000000001e-03,4.0000000000000001e-02,4.0816326530612249e-02
23214,1.0580000000000000e+01,-9.7999999999999998e-01,0.0000000000000000e+00,2.0000000000000000e-02,1.6000000000000001e-03,4.0000000000000001e-02,4.0816326530612249e-02
43214,1.0580000000000000e+01,9.7999999999999998e-01,0.0000000000000000e+00,2.0000000000000000e-02,1.6000000000000001e-03,4.0000000000000001e-02,4.0816326530612249e-02
23215,1.0619999999999999e+01,-9.7999999999999998e-01,0.0000000000000000e+00,2.0000000000000000e-02,1.6000000000000001e-03,4.0000000000000001e-02,4.0816326530612249e-02
43215,1.0619999999999999e+01,9.7999999999999998e-01,0.0000000000000000e+00,2.0000000000000000e-02,1.6000000000000001e-03,4.0000000000000001e-02,4.0816326530612249e-02
23216,1.0660000000000000e+01,-9.7999999999999998e-01,0.0000000000000000e+00,2.0000000000000000e-02,1.6000000000000001e-03,4.0000000000000001e-02,4.0816326530612249e-02
43216,1.0660000000000000e+01,9.7999999999999998e-01,0.0000000000000000e+00,2.0000000000000000e-02,1.6000000000000001e-03,4.0000000000000001e-02,4.0816326530612249e-02
23217,1.0699999999999999e+01,-9.7999999999999998e-01,0.0000000000000000e+00,2.0000000000000000e-02,1.6000000000000001e-03,4.0000000000000001e-02,4.0816326530612249e-02
43217,1.0699999999999999e+01,9.7999999999999998e-01,0.0000000000000000e+00,2.0000000000000000e-02,1.6000000000000001e-03,4.0000000000000001e-02,4.0816326530612249e-02
23218,1.0740000000000000e+01,-9.7999999999999998e-01,0.0000000000000000e+00,2.0000000000000000e-02,1.6000000000000001e-03,4.0000000000000001e-02,4.0816326530612249e-02
43218,1.0740000000000000e+01,9.7999999999999998e-01,0.0000000000000000e+00,2.0000000000000000e-02,1.6000000000000001e-03,4.0000000000000001e-02,4.0816326530612249e-02
43219,1.0779999999999999e+01,9.7999999999999998e-01,0.0000000000000000e+00,2.0000000000000000e-02,1.6000000000000001e-03,4.0000000000000001e-02,4.0816326530612249e-02
23219,1.0779999999999999e+01,-9.7999999999999998e-01,0.0000000000000000e+00,2.0000000000000000e-02,1.6000000000000001e-03,4.0000000000000001e-02,4.0816326530612249e-02
23220,1.0820000000000000e+01,-9.7999999999999998e-01,0.0000000000000000e+00,2.0000000000000000e-02,1.6000000000000001e-03,4.0000000000000001e-02,4.0816326530612249e-02
43220,1.0820000000000000e+01,9.7999999999999998e-01,0.0000000000000000e+00,2.0000000000000000e-02,1.6000000000000001e-03,4.0000000000000001e-02,4.0816326530612249e-02
43221,1.0859999999999999e+01,9.7999999999999998e-01,0.0000000000000000e+00,2.0000000000000000e-02,1.6000000000000001e-03,4.0000000000000001e-02,4.0816326530612249e-02
23221,1.0859999999999999e+01,-9.7999999999999998e-01,0.0000000000000000e+00,2.0000000000000000e-02,1.6000000000000001e-03,4.0000000000000001e-02,4.0816326530612249e-02
23222,1.0900000000000000e+01,-9.7999999999999998e-01,0.0000000000000000e+00,2.0000000000000000e-02,1.6000000000000001e-03,4.0000000000000001e-02,4.0816326530612249e-02
43222,1.0900000000000000e+01,9.7999999999999998e-01,0.0000000000000000e+00,2.0000000000000000e-02,1.6000000000000001e-03,4.0000000000000001e-02,4.0816326530612249e-02
23223,1.0940000000000000e+01,-9.7999999999999998e-01,0.0000000000000000e+00,2.0000000000000000e-02,1.6000000000000001e-03,4.0000000000000001e-02,4.0816326530612249e-02
43223,1.0940000000000000e+01,9.7999999999999998e-01,0.0000000000000000e+00,2.0000000000000000e-02,1.6000000000000001e-03,4.0000000000000001e-02,4.0816326530612249e-02
23224,1.0980000000000000e+01,-9.7999999999999998e-01,0.0000000000000000e+00,2.0000000000000000e-02,1.6000000000000001e-03,4.0000000000000001e-02,4.0816326530612249e-02
43224,1.0980000000000000e+01,9.7999999999999998e-01,0.0000000000000000e+00,2.0000000000000000e-02,1.6000000000000001e-03,4.0000000000000001e-02,4.0816326530612249e-02
23225,1.1020000000000000e+01,-9.7999999999999998e-01,0.0000000000000000e+00,2.0000000000000000e-02,1.6000000000000001e-03,4.0000000000000001e-02,4.0816326530612249e-02
43225,1.1020000000000000e+01,9.7999999999999998e-01,0.0000000000000000e+00,2.0000000000000000e-02,1.6000000000000001e-03,4.0000000000000001e-02,4.0816326530612249e-02
23226,1.1060000000000000e+01,-9.7999999999999998e-01,0.0000000000000000e+00,2.0000000000000000e-02,1.6000000000000001e-03,4.0000000000000001e-02,4.0816326530612249e-02
43226,1.1060000000000000e+01,9.7999999999999998e-01,0.0000000000000000e+00,2.0000000000000000e-02,1.6000000000000001e-03,4.0000000000000001e-02,4.0816326530612249e-02
23227,1.1100000000000000e+01,-9.7999999999999998e-01,0.0000000000000000e+00,2.0000000000000000e-02,1.6000000000000001e-03,4.0000000000000001e-02,4.0816326530612249e-02
43227,1.1100000000000000e+01,9.7999999999999998e-01,0.0000000000000000e+00,2.0000000000000000e-02,1.6000000000000001e-03,4.0000000000000001e-02,4.0816326530612249e-02
43228,1.1140000000000001e+01,9.7999999999999998e-01,0.0000000000000000e+00,2.0000000000000000e-02,1.6000000000000001e-03,4.0000000000000001e-02,4.0816326530612249e-02
23228,1.1140000000000001e+01,-9.7999999999999998e-01,0.0000000000000000e+00,2.0000000000000000e-02,1.6000000000000001e-03,4.0000000000000001e-02,4.0816326530612249e-02
23229,1.1180000000000000e+01,-9.7999999999999998e-01,0.0000000000000000e+00,2.0000000000000000e-02,1.6000000000000001e-03,4.0000000000000001e-02,4.0816326530612249e-02
43229,1.1180000000000000e+01,9.7999999999999998e-01,0.0000000000000000e+00,2.0000000000000000e-02,1.6000000000000001e-03,4.0000000000000001e-02,4.0816326530612249e-02
43230,1.1220000000000001e+01,9.7999999999999998e-01,0.0000000000000000e+00,2.0000000000000000e-02,1.6000000000000001e-03,4.0000000000000001e-02,4.0816326530612249e-02
23230,1.1220000000000001e+01,-9.7999999999999998e-01,0.0000000000000000e+00,2.0000000000000000e-02,1.6000000000000001e-03,4.0000000000000001e-02,4.0816326530612249e-02
23231,1.1260000000000000e+01,-9.7999999999999998e-01,0.0000000000000000e+00,2.0000000000000000e-02,1.6000000000000001e-03,4.0000000000000001e-02,4.0816326530612249e-02
43231,1.1260000000000000e+01,9.7999999999999998e-01,0.0000000000000000e+00,2.0000000000000000e-02,1.6000000000000001e-03,4.0000000000000001e-02,4.0816326530612249e-02
23232,1.1300000000000001e+01,-9.7999999999999998e-01,0.0000000000000000e+00,2.0000000000000000e-02,1.6000000000000001e-03,4.0000000000000001e-02,4.0816326530612249e-02
43232,1.1300000000000001e+01,9.7999999999999998e-01,0.0000000000000000e+00,2.0000000000000000e-02,1.6000000000000001e-03,4.0000000000000001e-02,4.0816326530612249e-02
23233,1.1340000000000000e+01,-9.7999999999999998e-01,0.0000000000000000e+00,2.0000000000000000e-02,1.6000000000000001e-03,4.0000000000000001e-02,4.0816326530612249e-02
43233,1.1340000000000000e+01,9.7999999999999998e-01,0.0000000000000000e+00,2.0000000000000000e-02,1.6000000000000001e-03,4.0000000000000001e-02,4.0816326530612249e-02
23234,1.1380000000000001e+01,-9.7999999999999998e-01,0.0000000000000000e+00,2.0000000000000000e-02,1.6000000000000001e-03,4.0000000000000001e-02,4.0816326530612249e-02
43234,1.1380000000000001e+01,9.7999999999999998e-01,0.0000000000000000e+00,2.0000000000000000e-02,1.6000000000000001e-03,4.0000000000000001e-02,4.0816326530612249e-02
23235,1.1420000000000000e+01,-9.7999999999999998e-01,0.0000000000000000e+00,2.0000000000000000e-02,1.6000000000000001e-03,4.0000000000000001e-02,4.0816326530612249e-02
43235,1.1420000000000000e+01,9.7999999999999998e-01,0.0000000000000000e+00,2.0000000000000000e-02,1.6000000000000001e-03,4.0000000000000001e-02,4.0816326530612249e-02
23236,1.1460000000000001e+01,-9.7999999999999998e-01,0.0000000000000000e+00,2.0000000000000000e-02,1.6000000000000001e-03,4.0000000000000001e-02,4.0816326530612249e-02
43236,1.1460000000000001e+01,9.7999999999999998e-01,0.0000000000000000e+00,2.0000000000000000e-02,1.6000000000000001e-03,4.0000000000000001e-02,4.0816326530612249e-02
23237,1.1500000000000000e+01,-9.7999999999999998e-01,0.0000000000000000e+00,2.0000000000000000e-02,1.6000000000000001e-03,4.0000000000000001e-02,4.0816326530612249e-02
43237,1.1500000000000000e+01,9.7999999999999998e-01,0.0000000000000000e+00,2.0000000000000000e-02,1.6000000000000001e-03,4.0000000000000001e-02,4.0816326530612249e-02
43238,1.1539999999999999e+01,9.7999999999999998e-01,0.0000000000000000e+00,2.0000000000000000e-02,1.6000000000000001e-03,4.0000000000000001e-02,4.0816326530612249e-02
23238,1.1539999999999999e+01,-9.7999999999999998e-01,0.0000000000000000e+00,2.0000000000000000e-02,1.6000000000000001e-03,4.0000000000000001e-02,4.0816326530612249e-02
23239,1.1580000000000000e+01,-9.7999999999999998e-01,0.0000000000000000e+00,2.0000000000000000e-02,1.6000000000000001e-03,4.0000000000000001e-02,4.0816326530612249e-02
43239,1.1580000000000000e+01,9.7999999999999998e-01,0.0000000000000000e+00,2.0000000000000000e-02,1.6000000000000001e-03,4.0000000000000001e-02,4.0816326530612249e-02
23240,1.1619999999999999e+01,-9.7999999999999998e-01,0.0000000000000000e+00,2.0000000000000000e-02,1.6000000000000001e-03,4.0000000000000001e-02,4.0816326530612249e-02
43240,1.1619999999999999e+01,9.7999999999999998e-01,0.0000000000000000e+00,2.0000000000000000e-02,1.6000000000000001e-03,4.0000000000000001e-02,4.0816326530612249e-02
23241,1.1660000000000000e+01,-9.7999999999999998e-01,0.0000000000000000e+00,2.0000000000000000e-02,1.6000000000000001e-03,4.0000000000000001e-02,4.0816326530612249e-02
43241,1.1660000000000000e+01,9.7999999999999998e-01,0.0000000000000000e+00,2.0000000000000000e-02,1.6000000000000001e-03,4.0000000000000001e-02,4.0816326530612249e-02
23242,1.1699999999999999e+01,-9.7999999999999998e-01,0.0000000000000000e+00,2.0000000000000000e-02,1.6000000000000001e-03,4.0000000000000001e-02,4.0816326530612249e-02
43242,1.1699999999999999e+01,9.7999999999999998e-01,0.0000000000000000e+00,2.0000000000000000e-02,1.6000000000000001e-03,4.0000000000000001e-02,4.0816326530612249e-02
23243,1.1740000000000000e+01,-9.7999999999999998e-01,0.0000000000000000e+00,2.0000000000000000e-02,1.6000000000000001e-03,4.0000000000000001e-02,4.0816326530612249e-02
43243,1.1740000000000000e+01,9.7999999999999998e-01,0.0000000000000000e+00,2.0000000000000000e-02,1.6000000000000001e-03,4.0000000000000001e-02,4.0816326530612249e-02
43244,1.1779999999999999e+01,9.7999999999999998e-01,0.0000000000000000e+00,2.0000000000000000e-02,1.6000000000000001e-03,4.0000000000000001e-02,4.0816326530612249e-02
23244,1.1779999999999999e+01,-9.7999999999999998e-01,0.0000000000000000e+00,2.0000000000000000e-02,1.6000000000000001e-03,4.0000000000000001e-02,4.0816326530612249e-02
23245,1.1820000000000000e+01,-9.7999999999999998e-01,0.0000000000000000e+00,2.0000000000000000e-02,1.6000000000000001e-03,4.0000000000000001e-02,4.0816326530612249e-02
43245,1.1820000000000000e+01,9.7999999999999998e-01,0.0000000000000000e+00,2.0000000000000000e-02,1.6000000000000001e-03,4.0000000000000001e-02,4.0816326530612249e-02
43246,1.1859999999999999e+01,9.7999999999999998e-01,0.0000000000000000e+00,2.0000000000000000e-02,1.6000000000000001e-03,4.0000000000000001e-02,4.0816326530612249e-02
23246,1.1859999999999999e+01,-9.7999999999999998e-01,0.0000000000000000e+00,2.0000000000000000e-02,1.6000000000000001e-03,4.0000000000000001e-02,4.0816326530612249e-02
23247,1.1900000000000000e+01,-9.7999999999999998e-01,0.0000000000000000e+00,2.0000000000000000e-02,1.6000000000000001e-03,4.0000000000000001e-02,4.0816326530612249e-02
43247,1.1900000000000000e+01,9.7999999999999998e-01,0.0000000000000000e+00,2.0000000000000000e-02,1.6000000000000001e-03,4.0000000000000001e-02,4.0816326530612249e-02
23248,1.1940000000000000e+01,-9.7999999999999998e-01,0.0000000000000000e+00,2.0000000000000000e-02,1.6000000000000001e-03,4.0000000000000001e-02,4.0816326530612249e-02
43248,1.1940000000000000e+01,9.7999999999999998e-01,0.0000000000000000e+00,2.0000000000000000e-02,1.6000000000000001e-03,4.0000000000000001e-02,4.0816326530612249e-02
23249,1.1980000000000000e+01,-9.7999999999999998e-01,0.0000000000000000e+00,2.0000000000000000e-02,1.6000000000000001e-03,4.0000000000000001e-02,4.0816326530612249e-02
43249,1.1980000000000000e+01,9.7999999999999998e-01,0.0000000000000000e+00,2.0000000000000000e-02,1.6000000000000001e-03,4.0000000000000001e-02,4.0816326530612249e-02
23250,1.2020000000000000e+01,-9.7999999999999998e-01,0.0000000000000000e+00,2.0000000000000000e-02,1.6000000000000001e-03,4.0000000000000001e-02,4.0816326530612249e-02
43250,1.2020000000000000e+01,9.7999999999999998e-01,0.0000000000000000e+00,2.0000000000000000e-02,1.6000000000000001e-03,4.0000000000000001e-02,4.0816326530612249e-02
23251,1.2060000000000000e+01,-9.7999999999999998e-01,0.0000000000000000e+00,2.0000000000000000e-02,1.6000000000000001e-03,4.0000000000000001e-02,4.0816326530612249e-02
43251,1.2060000000000000e+01,9.7999999999999998e-01,0.0000000000000000e+00,2.0000000000000000e-02,1.6000000000000001e-03,4.0000000000000001e-02,4.0816326530612249e-02
23252,1.2100000000000000e+01,-9.7999999999999998e-01,0.0000000000000000e+00,2.0000000000000000e-02,1.6000000000000001e-03,4.0000000000000001e-02,4.0816326530612249e-02
43252,1.2100000000000000e+01,9.7999999999999998e-01,0.0000000000000000e+00,2.0000000000000000e-02,1.6000000000000001e-03,4.0000000000000001e-02,4.0816326530612249e-02
43253,1.2140000000000001e+01,9.7999999999999998e-01,0.0000000000000000e+00,2.0000000000000000e-02,1.6000000000000001e-03,4.0000000000000001e-02,4.0816326530612249e-02
23253,1.2140000000000001e+01,-9.7999999999999998e-01,0.0000000000000000e+00,2.0000000000000000e-02,1.6000000000000001e-03,4.0000000000000001e-02,4.0816326530612249e-02
23254,1.2180000000000000e+01,-9.7999999999999998e-01,0.0000000000000000e+00,2.0000000000000000e-02,1.6000000000000001e-03,4.0000000000000001e-02,4.0816326530612249e-02
43254,1.2180000000000000e+01,9.7999999999999998e-01,0.0000000000000000e+00,2.0000000000000000e-02,1.6000000000000001e-03,4.0000000000000001e-02,4.0816326530612249e-02
43255,1.2220000000000001e+01,9.7999999999999998e-01,0.0000000000000000e+00,2.0000000000000000e-02,1.6000000000000001e-03,4.0000000000000001e-02,4.0816326530612249e-02
23255,1.2220000000000001e+01,-9.7999999999999998e-01,0.0000000000000000e+00,2.0000000000000000e-02,1.6000000000000001e-03,4.0000000000000001e-02,4.0816326530612249e-02
23256,1.2260000000000000e+01,-9.7999999999999998e-01,0.0000000000000000e+00,2.0000000000000000e-02,1.6000000000000001e-03,4.0000000000000001e-02,4.0816326530612249e-02
43256,1.2260000000000000e+01,9.7999999999999998e-01,0.0000000000000000e+00,2.0000000000000000e-02,1.6000000000000001e-03,4.0000000000000001e-02,4.0816326530612249e-02
23257,1.2300000000000001e+01,-9.7999999999999998e-01,0.0000000000000000e+00,2.0000000000000000e-02,1.6000000000000001e-03,4.0000000000000001e-02,4.0816326530612249e-02
43257,1.2300000000000001e+01,9.7999999999999998e-01,0.0000000000000000e+00,2.0000000000000000e-02,1.6000000000000001e-03,4.0000000000000001e-02,4.0816326530612249e-02
23258,1.2340000000000000e+01,-9.7999999999999998e-01,0.0000000000000000e+00,2.0000000000000000e-02,1.6000000000000001e-03,4.0000000000000001e-02,4.0816326530612249e-02
43258,1.2340000000000000e+01,9.7999999999999998e-01,0.0000000000000000e+00,2.0000000000000000e-02,1.6000000000000001e-03,4.0000000000000001e-02,4.0816326530612249e-02
23259,1.2380000000000001e+01,-9.7999999999999998e-01,0.0000000000000000e+00,2.0000000000000000e-02,1.6000000000000001e-03,4.0000000000000001e-02,4.0816326530612249e-02
43259,1.2380000000000001e+01,9.7999999999999998e-01,0.0000000000000000e+00,2.0000000000000000e-02,1.6000000000000001e-03,4.0000000000000001e-02,4.0816326530612249e-02
23260,1.2420000000000000e+01,-9.7999999999999998e-01,0.0000000000000000e+00,2.0000000000000000e-02,1.6000000000000001e-03,4.0000000000000001e-02,4.0816326530612249e-02
43260,1.2420000000000000e+01,9.7999999999999998e-01,0.0000000000000000e+00,2.0000000000000000e-02,1.6000000000000001e-03,4.0000000000000001e-02,4.0816326530612249e-02
23261,1.2460000000000001e+01,-9.7999999999999998e-01,0.0000000000000000e+00,2.0000000000000000e-02,1.6000000000000001e-03,4.0000000000000001e-02,4.0816326530612249e-02
43261,1.2460000000000001e+01,9.7999999999999998e-01,0.0000000000000000e+00,2.0000000000000000e-02,1.6000000000000001e-03,4.0000000000000001e-02,4.0816326530612249e-02
23262,1.2500000000000000e+01,-9.7999999999999998e-01,0.0000000000000000e+00,2.0000000000000000e-02,1.6000000000000001e-03,4.0000000000000001e-02,4.0816326530612249e-02
43262,1.2500000000000000e+01,9.7999999999999998e-01,0.0000000000000000e+00,2.0000000000000000e-02,1.6000000000000001e-03,4.0000000000000001e-02,4.0816326530612249e-02
43263,1.2539999999999999e+01,9.7999999999999998e-01,0.0000000000000000e+00,2.0000000000000000e-02,1.6000000000000001e-03,4.0000000000000001e-02,4.0816326530612249e-02
23263,1.2539999999999999e+01,-9.7999999999999998e-01,0.0000000000000000e+00,2.0000000000000000e-02,1.6000000000000001e-03,4.0000000000000001e-02,4.0816326530612249e-02
23264,1.2580000000000000e+01,-9.7999999999999998e-01,0.0000000000000000e+00,2.0000000000000000e-02,1.6000000000000001e-03,4.0000000000000001e-02,4.0816326530612249e-02
43264,1.2580000000000000e+01,9.7999999999999998e-01,0.0000000000000000e+00,2.0000000000000000e-02,1.6000000000000001e-03,4.0000000000000001e-02,4.0816326530612249e-02
23265,1.2619999999999999e+01,-9.7999999999999998e-01,0.0000000000000000e+00,2.0000000000000000e-02,1.6000000000000001e-03,4.0000000000000001e-02,4.0816326530612249e-02
43265,1.2619999999999999e+01,9.7999999999999998e-01,0.0000000000000000e+00,2.0000000000000000e-02,1.6000000000000001e-03,4.0000000000000001e-02,4.0816326530612249e-02
23266,1.2660000000000000e+01,-9.7999999999999998e-01,0.0000000000000000e+00,2.0000000000000000e-02,1.6000000000000001e-03,4.0000000000000001e-02,4.0816326530612249e-02
43266,1.2660000000000000e+01,9.7999999999999998e-01,0.0000000000000000e+00,2.0000000000000000e-02,1.6000000000000001e-03,4.0000000000000001e-02,4.0816326530612249e-02
23267,1.2699999999999999e+01,-9.7999999999999998e-01,0.0000000000000000e+00,2.0000000000000000e-02,1.6000000000000001e-03,4.0000000000000001e-02,4.0816326530612249e-02
43267,1.2699999999999999e+01,9.7999999999999998e-01,0.0000000000000000e+00,2.0000000000000000e-02,1.6000000000000001e-03,4.0000000000000001e-02,4.0816326530612249e-02
23268,1.2740000000000000e+01,-9.7999999999999998e-01,0.0000000000000000e+00,2.0000000000000000e-02,1.6000000000000001e-03,4.0000000000000001e-02,4.0816326530612249e-02
43268,1.2740000000000000e+01,9.7999999999999998e-01,0.0000000000000000e+00,2.0000000000000000e-02,1.6000000000000001e-03,4.0000000000000001e-02,4.0816326530612249e-02
43269,1.2779999999999999e+01,9.7999999999999998e-01,0.0000000000000000e+00,2.0000000000000000e-02,1.6000000000000001e-03,4.0000000000000001e-02,4.0816326530612249e-02
23269,1.2779999999999999e+01,-9.7999999999999998e-01,0.0000000000000000e+00,2.0000000000000000e-02,1.6000000000000001e-03,4.0000000000000001e-02,4.0816326530612249e-02
23270,1.2820000000000000e+01,-9.7999999999999998e-01,0.0000000000000000e+00,2.0000000000000000e-02,1.6000000000000001e-03,4.0000000000000001e-02,4.0816326530612249e-02
43270,1.2820000000000000e+01,9.7999999999999998e-01,0.0000000000000000e+00,2.0000000000000000e-02,1.6000000000000001e-03,4.0000000000000001e-02,4.0816326530612249e-02
43271,1.2859999999999999e+01,9.7999999999999998e-01,0.0000000000000000e+00,2.0000000000000000e-02,1.6000000000000001e-03,4.0000000000000001e-02,4.0816326530612249e-02
23271,1.2859999999999999e+01,-9.7999999999999998e-01,0.0000000000000000e+00,2.0000000000000000e-02,1.6000000000000001e-03,4.0000000000000001e-02,4.0816326530612249e-02
23272,1.2900000000000000e+01,-9.7999999999999998e-01,0.0000000000000000e+00,2.0000000000000000e-02,1.6000000000000001e-03,4.0000000000000001e-02,4.0816326530612249e-02
43272,1.2900000000000000e+01,9.7999999999999998e-01,0.0000000000000000e+00,2.0000000000000000e-02,1.6000000000000001e-03,4.0000000000000001e-02,4.0816326530612249e-02
23273,1.2940000000000000e+01,-9.7999999999999998e-01,0.0000000000000000e+00,2.0000000000000000e-02,1.6000000000000001e-03,4.0000000000000001e-02,4.0816326530612249e-02
43273,1.2940000000000000e+01,9.7999999999999998e-01,0.0000000000000000e+00,2.0000000000000000e-02,1.6000000000000001e-03,4.0000000000000001e-02,4.0816326530612249e-02
23274,1.2980000000000000e+01,-9.7999999999999998e-01,0.0000000000000000e+00,2.0000000000000000e-02,1.6000000000000001e-03,4.0000000000000001e-02,4.0816326530612249e-02
43274,1.2980000000000000e+01,9.7999999999999998e-01,0.0000000000000000e+00,2.0000000000000000e-02,1.6000000000000001e-03,4.0000000000000001e-02,4.0816326530612249e-02
23275,1.3020000000000000e+01,-9.7999999999999998e-01,0.0000000000000000e+00,2.0000000000000000e-02,1.6000000000000001e-03,4.0000000000000001e-02,4.0816326530612249e-02
43275,1.3020000000000000e+01,9.7999999999999998e-01,0.0000000000000000e+00,2.0000000000000000e-02,1.6000000000000001e-03,4.0000000000000001e-02,4.0816326530612249e-02
23276,1.3060000000000000e+01,-9.7999999999999998e-01,0.0000000000000000e+00,2.0000000000000000e-02,1.6000000000000001e-03,4.0000000000000001e-02,4.0816326530612249e-02
43276,1.3060000000000000e+01,9.7999999999999998e-01,0.0000000000000000e+00,2.0000000000000000e-02,1.6000000000000001e-03,4.0000000000000001e-02,4.0816326530612249e-02
23277,1.3100000000000000e+01,-9.7999999999999998e-01,0.0000000000000000e+00,2.0000000000000000e-02,1.6000000000000001e-03,4.0000000000000001e-02,4.0816326530612249e-02
43277,1.3100000000000000e+01,9.7999999999999998e-01,0.0000000000000000e+00,2.0000000000000000e-02,1.6000000000000001e-03,4.0000000000000001e-02,4.0816326530612249e-02
43278,1.3140000000000001e+01,9.7999999999999998e-01,0.0000000000000000e+00,2.0000000000000000e-02,1.6000000000000001e-03,4.0000000000000001e-02,4.0816326530612249e-02
23278,1.3140000000000001e+01,-9.7999999999999998e-01,0.0000000000000000e+00,2.0000000000000000e-02,1.6000000000000001e-03,4.0000000000000001e-02,4.0816326530612249e-02
23279,1.3180000000000000e+01,-9.7999999999999998e-01,0.0000000000000000e+00,2.0000000000000000e-02,1.6000000000000001e-03,4.0000000000000001e-02,4.0816326530612249e-02
43279,1.3180000000000000e+01,9.7999999999999998e-01,0.0000000000000000e+00,2.0000000000000000e-02,1.6000000000000001e-03,4.0000000000000001e-02,4.0816326530612249e-02
43280,1.3220000000000001e+01,9.7999999999999998e-01,0.0000000000000000e+00,2.0000000000000000e-02,1.6000000000000001e-03,4.0000000000000001e-02,4.0816326530612249e-02
23280,1.3220000000000001e+01,-9.7999999999999998e-01,0.0000000000000000e+00,2.0000000000000000e-02,1.6000000000000001e-03,4.0000000000000001e-02,4.0816326530612249e-02
23281,1.3260000000000000e+01,-9.7999999999999998e-01,0.0000000000000000e+00,2.0000000000000000e-02,1.6000000000000001e-03,4.0000000000000001e-02,4.0816326530612249e-02
43281,1.3260000000000000e+01,9.7999999999999998e-01,0.0000000000000000e+00,2.0000000000000000e-02,1.6000000000000001e-03,4.0000000000000001e-02,4.0816326530612249e-02
23282,1.3300000000000001e+01,-9.7999999999999998e-01,0.0000000000000000e+00,2.0000000000000000e-02,1.6000000000000001e-03,4.0000000000000001e-02,4.0816326530612249e-02
43282,1.3300000000000001e+01,9.7999999999999998e-01,0.0000000000000000e+00,2.0000000000000000e-02,1.6000000000000001e-03,4.0000000000000001e-02,4.0816326530612249e-02
23283,1.3340000000000000e+01,-9.7999999999999998e-01,0.0000000000000000e+00,2.0000000000000000e-02,1.6000000000000001e-03,4.0000000000000001e-02,4.0816326530612249e-02
43283,1.3340000000000000e+01,9.7999999999999998e-01,0.0000000000000000e+00,2.0000000000000000e-02,1.6000000000000001e-03,4.0000000000000001e-02,4.0816326530612249e-02
23284,1.3380000000000001e+01,-9.7999999999999998e-01,0.0000000000000000e+00,2.0000000000000000e-02,1.6000000000000001e-03,4.0000000000000001e-02,4.0816326530612249e-02
43284,1.3380000000000001e+01,9.7999999999999998e-01,0.0000000000000000e+00,2.0000000000000000e-02,1.6000000000000001e-03,4.0000000000000001e-02,4.0816326530612249e-02
23285,1.3420000000000000e+01,-9.7999999999999998e-01,0.0000000000000000e+00,2.0000000000000000e-02,1.6000000000000001e-03,4.0000000000000001e-02,4.0816326530612249e-02
43285,1.3420000000000000e+01,9.7999999999999998e-01,0.0000000000000000e+00,2.0000000000000000e-02,1.6000000000000001e-03,4.0000000000000001e-02,4.0816326530612249e-02
23286,1.3460000000000001e+01,-9.7999999999999998e-01,0.0000000000000000e+00,2.0000000000000000e-02,1.6000000000000001e-03,4.0000000000000001e-02,4.0816326530612249e-02
43286,1.3460000000000001e+01,9.7999999999999998e-01,0.0000000000000000e+00,2.0000000000000000e-02,1.6000000000000001e-03,4.0000000000000001e-02,4.0816326530612249e-02
23287,1.3500000000000000e+01,-9.7999999999999998e-01,0.0000000000000000e+00,2.0000000000000000e-02,1.6000000000000001e-03,4.0000000000000001e-02,4.0816326530612249e-02
43287,1.3500000000000000e+01,9.7999999999999998e-01,0.0000000000000000e+00,2.0000000000000000e-02,1.6000000000000001e-03,4.0000000000000001e-02,4.0816326530612249e-02
43288,1.3539999999999999e+01,9.7999999999999998e-01,0.0000000000000000e+00,2.0000000000000000e-02,1.6000000000000001e-03,4.0000000000000001e-02,4.0816326530612249e-02
23288,1.3539999999999999e+01,-9.7999999999999998e-01,0.0000000000000000e+00,2.0000000000000000e-02,1.6000000000000001e-03,4.0000000000000001e-02,4.0816326530612249e-02
23289,1.3580000000000000e+01,-9.7999999999999998e-01,0.0000000000000000e+00,2.0000000000000000e-02,1.6000000000000001e-03,4.0000000000000001e-02,4.0816326530612249e-02
43289,1.3580000000000000e+01,9.7999999999999998e-01,0.0000000000000000e+00,2.0000000000000000e-02,1.6000000000000001e-03,4.0000000000000001e-02,4.0816326530612249e-02
23290,1.3619999999999999e+01,-9.7999999999999998e-01,0.0000000000000000e+00,2.0000000000000000e-02,1.6000000000000001e-03,4.0000000000000001e-02,4.0816326530612249e-02
43290,1.3619999999999999e+01,9.7999999999999998e-01,0.0000000000000000e+00,2.0000000000000000e-02,1.6000000000000001e-03,4.0000000000000001e-02,4.0816326530612249e-02
23291,1.3660000000000000e+01,-9.7999999999999998e-01,0.0000000000000000e+00,2.0000000000000000e-02,1.6000000000000001e-03,4.0000000000000001e-02,4.0816326530612249e-02
43291,1.3660000000000000e+01,9.7999999999999998e-01,0.0000000000000000e+00,2.0000000000000000e-02,1.6000000000000001e-03,4.0000000000000001e-02,4.0816326530612249e-02
23292,1.3699999999999999e+01,-9.7999999999999998e-01,0.0000000000000000e+00,2.0000000000000000e-02,1.6000000000000001e-03,4.0000000000000001e-02,4.0816326530612249e-02
43292,1.3699999999999999e+01,9.7999999999999998e-01,0.0000000000000000e+00,2.0000000000000000e-02,1.6000000000000001e-03,4.0000000000000001e-02,4.0816326530612249e-02
23293,1.3740000000000000e+01,-9.7999999999999998e-01,0.0000000000000000e+00,2.0000000000000000e-02,1.6000000000000001e-03,4.0000000000000001e-02,4.0816326530612249e-02
43293,1.3740000000000000e+01,9.7999999999999998e-01,0.0000000000000000e+00,2.0000000000000000e-02,1.6000000000000001e-03,4.0000000000000001e-02,4.0816326530612249e-02
43294,1.3779999999999999e+01,9.7999999999999998e-01,0.0000000000000000e+00,2.0000000000000000e-02,1.6000000000000001e-03,4.0000000000000001e-02,4.0816326530612249e-02
23294,1.3779999999999999e+01,-9.7999999999999998e-01,0.0000000000000000e+00,2.0000000000000000e-02,1.6000000000000001e-03,4.0000000000000001e-02,4.0816326530612249e-02
23295,1.3820000000000000e+01,-9.7999999999999998e-01,0.0000000000000000e+00,2.0000000000000000e-02,1.6000000000000001e-03,4.0000000000000001e-02,4.0816326530612249e-02
43295,1.3820000000000000e+01,9.7999999999999998e-01,0.0000000000000000e+00,2.0000000000000000e-02,1.6000000000000001e-03,4.0000000000000001e-02,4.0816326530612249e-02
43296,1.3859999999999999e+01,9.7999999999999998e-01,0.0000000000000000e+00,2.0000000000000000e-02,1.6000000000000001e-03,4.0000000000000001e-02,4.0816326530612249e-02
23296,1.3859999999999999e+01,-9.7999999999999998e-01,0.0000000000000000e+00,2.0000000000000000e-02,1.6000000000000001e-03,4.0000000000000001e-02,4.0816326530612249e-02
23297,1.3900000000000000e+01,-9.7999999999999998e-01,0.0000000000000000e+00,2.0000000000000000e-02,1.6000000000000001e-03,4.0000000000000001e-02,4.0816326530612249e-02
43297,1.3900000000000000e+01,9.7999999999999998e-01,0.0000000000000000e+00,2.0000000000000000e-02,1.6000000000000001e-03,4.0000000000000001e-02,4.0816326530612249e-02
23298,1.3940000000000000e+01,-9.7999999999999998e-01,0.0000000000000000e+00,2.0000000000000000e-02,1.6000000000000001e-03,4.0000000000000001e-02,4.0816326530612249e-02
43298,1.3940000000000000e+01,9.7999999999999998e-01,0.0000000000000000e+00,2.0000000000000000e-02,1.6000000000000001e-03,4.0000000000000001e-02,4.0816326530612249e-02
23299,1.3980000000000000e+01,-9.7999999999999998e-01,0.0000000000000000e+00,2.0000000000000000e-02,1.6000000000000001e-03,4.0000000000000001e-02,4.0816326530612249e-02
43299,1.3980000000000000e+01,9.7999999999999998e-01,0.0000000000000000e+00,2.0000000000000000e-02,1.6000000000000001e-03,4.0000000000000001e-02,4.0816326530612249e-02
23300,1.4020000000000000e+01,-9.7999999999999998e-01,0.0000000000000000e+00,2.0000000000000000e-02,1.6000000000000001e-03,4.0000000000000001e-02,4.0816326530612249e-02
43300,1.4020000000000000e+01,9.7999999999999998e-01,0.0000000000000000e+00,2.0000000000000000e-02,1.6000000000000001e-03,4.0000000000000001e-02,4.0816326530612249e-02
23301,1.4060000000000000e+01,-9.7999999999999998e-01,0.0000000000000000e+00,2.0000000000000000e-02,1.6000000000000001e-03,4.0000000000000001e-02,4.0816326530612249e-02
43301,1.4060000000000000e+01,9.7999999999999998e-01,0.0000000000000000e+00,2.0000000000000000e-02,1.6000000000000001e-03,4.0000000000000001e-02,4.0816326530612249e-02
23302,1.4100000000000000e+01,-9.7999999999999998e-01,0.0000000000000000e+00,2.0000000000000000e-02,1.6000000000000001e-03,4.0000000000000001e-02,4.0816326530612249e-02
43302,1.4100000000000000e+01,9.7999999999999998e-01,0.0000000000000000e+00,2.0000000000000000e-02,1.6000000000000001e-03,4.0000000000000001e-02,4.0816326530612249e-02
43303,1.4140000000000001e+01,9.7999999999999998e-01,0.0000000000000000e+00,2.0000000000000000e-02,1.6000000000000001e-03,4.0000000000000001e-02,4.0816326530612249e-02
23303,1.4140000000000001e+01,-9.7999999999999998e-01,0.0000000000000000e+00,2.0000000000000000e-02,1.6000000000000001e-03,4.0000000000000001e-02,4.0816326530612249e-02
23304,1.4180000000000000e+01,-9.7999999999999998e-01,0.0000000000000000e+00,2.0000000000000000e-02,1.6000000000000001e-03,4.0000000000000001e-02,4.0816326530612249e-02
43304,1.4180000000000000e+01,9.7999999999999998e-01,0.0000000000000000e+00,2.0000000000000000e-02,1.6000000000000001e-03,4.0000000000000001e-02,4.0816326530612249e-02
43305,1.4220000000000001e+01,9.7999999999999998e-01,0.0000000000000000e+00,2.0000000000000000e-02,1.6000000000000001e-03,4.0000000000000001e-02,4.0816326530612249e-02
23305,1.4220000000000001e+01,-9.7999999999999998e-01,0.0000000000000000e+00,2.0000000000000000e-02,1.6000000000000001e-03,4.0000000000000001e-02,4.0816326530612249e-02
23306,1.4260000000000000e+01,-9.7999999999999998e-01,0.0000000000000000e+00,2.0000000000000000e-02,1.6000000000000001e-03,4.0000000000000001e-02,4.0816326530612249e-02
43306,1.4260000000000000e+01,9.7999999999999998e-01,0.0000000000000000e+00,2.0000000000000000e-02,1.6000000000000001e-03,4.0000000000000001e-02,4.0816326530612249e-02
23307,1.4300000000000001e+01,-9.7999999999999998e-01,0.0000000000000000e+00,2.0000000000000000e-02,1.6000000000000001e-03,4.0000000000000001e-02,4.0816326530612249e-02
43307,1.4300000000000001e+01,9.7999999999999998e-01,0.0000000000000000e+00,2.0000000000000000e-02,1.6000000000000001e-03,4.0000000000000001e-02,4.0816326530612249e-02
43308,1.4340000000000000e+01,9.7999999999999998e-01,0.0000000000000000e+00,2.0000000000000000e-02,1.6000000000000001e-03,4.0000000000000001e-02,4.0816326530612249e-02
23308,1.4340000000000000e+01,-9.7999999999999998e-01,0.0000000000000000e+00,2.0000000000000000e-02,1.6000000000000001e-03,4.0000000000000001e-02,4.0816326530612249e-02
43309,1.4380000000000001e+01,9.7999999999999998e-01,0.0000000000000000e+00,2.0000000000000000e-02,1.6000000000000001e-03,4.0000000000000001e-02,4.0816326530612249e-02
23309,1.4380000000000001e+01,-9.7999999999999998e-01,0.0000000000000000e+00,2.0000000000000000e-02,1.6000000000000001e-03,4.0000000000000001e-02,4.0816326530612249e-02
43310,1.4420000000000000e+01,9.7999999999999998e-01,0.0000000000000000e+00,2.0000000000000000e-02,1.6000000000000001e-03,4.0000000000000001e-02,4.0816326530612249e-02
23310,1.4420000000000000e+01,-9.7999999999999998e-01,0.0000000000000000e+00,2.0000000000000000e-02,1.6000000000000001e-03,4.0000000000000001e-02,4.0816326530612249e-02
43311,1.4460000000000001e+01,9.7999999999999998e-01,0.0000000000000000e+00,2.0000000000000000e-02,1.6000000000000001e-03,4.0000000000000001e-02,4.0816326530612249e-02
23311,1.4460000000000001e+01,-9.7999999999999998e-01,0.0000000000000000e+00,2.0000000000000000e-02,1.6000000000000001e-03,4.0000000000000001e-02,4.0816326530612249e-02
43312,1.4500000000000000e+01,9.7999999999999998e-01,0.0000000000000000e+00,2.0000000000000000e-02,1.6000000000000001e-03,4.0000000000000001e-02,4.0816326530612249e-02
23312,1.4500000000000000e+01,-9.7999999999999998e-01,0.0000000000000000e+00,2.0000000000000000e-02,1.6000000000000001e-03,4.0000000000000001e-02,4.0816326530612249e-02
43313,1.4539999999999999e+01,9.7999999999999998e-01,0.0000000000000000e+00,2.0000000000000000e-02,1.6000000000000001e-03,4.0000000000000001e-02,4.0816326530612249e-02
23313,1.4539999999999999e+01,-9.7999999999999998e-01,0.0000000000000000e+00,2.0000000000000000e-02,1.6000000000000001e-03,4.0000000000000001e-02,4.0816326530612249e-02
43314,1.4580000000000000e+01,9.7999999999999998e-01,0.0000000000000000e+00,2.0000000000000000e-02,1.6000000000000001e-03,4.0000000000000001e-02,4.0816326530612249e-02
23314,1.4580000000000000e+01,-9.7999999999999998e-01,0.0000000000000000e+00,2.0000000000000000e-02,1.6000000000000001e-03,4.0000000000000001e-02,4.0816326530612249e-02
23315,1.4619999999999999e+01,-9.7999999999999998e-01,0.0000000000000000e+00,2.0000000000000000e-02,1.6000000000000001e-03,4.0000000000000001e-02,4.0816326530612249e-02
43315,1.4619999999999999e+01,9.7999999999999998e-01,0.0000000000000000e+00,2.0000000000000000e-02,1.6000000000000001e-03,4.0000000000000001e-02,4.0816326530612249e-02
23316,1.4660000000000000e+01,-9.7999999999999998e-01,0.0000000000000000e+00,2.0000000000000000e-02,1.6000000000000001e-03,4.0000000000000001e-02,4.0816326530612249e-02
43316,1.4660000000000000e+01,9.7999999999999998e-01,0.0000000000000000e+00,2.0000000000000000e-02,1.6000000000000001e-03,4.0000000000000001e-02,4.0816326530612249e-02
23317,1.4699999999999999e+01,-9.7999999999999998e-01,0.0000000000000000e+00,2.0000000000000000e-02,1.6000000000000001e-03,4.0000000000000001e-02,4.0816326530612249e-02
43317,1.4699999999999999e+01,9.7999999999999998e-01,0.0000000000000000e+00,2.0000000000000000e-02,1.6000000000000001e-03,4.0000000000000001e-02,4.0816326530612249e-02
23318,1.4740000000000000e+01,-9.7999999999999998e-01,0.0000000000000000e+00,2.0000000000000000e-02,1.6000000000000001e-03,4.0000000000000001e-02,4.0816326530612249e-02
43318,1.4740000000000000e+01,9.7999999999999998e-01,0.0000000000000000e+00,2.0000000000000000e-02,1.6000000000000001e-03,4.0000000000000001e-02,4.0816326530612249e-02
43319,1.4779999999999999e+01,9.7999999999999998e-01,0.0000000000000000e+00,2.0000000000000000e-02,1.6000000000000001e-03,4.0000000000000001e-02,4.0816326530612249e-02
23319,1.4779999999999999e+01,-9.7999999999999998e-01,0.0000000000000000e+00,2.0000000000000000e-02,1.6000000000000001e-03,4.0000000000000001e-02,4.0816326530612249e-02
23320,1.4820000000000000e+01,-9.7999999999999998e-01,0.0000000000000000e+00,2.0000000000000000e-02,1.6000000000000001e-03,4.0000000000000001e-02,4.0816326530612249e-02
43320,1.4820000000000000e+01,9.7999999999999998e-01,0.0000000000000000e+00,2.0000000000000000e-02,1.6000000000000001e-03,4.0000000000000001e-02,4.0816326530612249e-02
43321,1.4859999999999999e+01,9.7999999999999998e-01,0.0000000000000000e+00,2.0000000000000000e-02,1.6000000000000001e-03,4.0000000000000001e-02,4.0816326530612249e-02
23321,1.4859999999999999e+01,-9.7999999999999998e-01,0.0000000000000000e+00,2.0000000000000000e-02,1.6000000000000001e-03,4.0000000000000001e-02,4.0816326530612249e-02
23322,1.4900000000000000e+01,-9.7999999999999998e-01,0.0000000000000000e+00,2.0000000000000000e-02,1.6000000000000001e-03,4.0000000000000001e-02,4.0816326530612249e-02
43322,1.4900000000000000e+01,9.7999999999999998e-01,0.0000000000000000e+00,2.0000000000000000e-02,1.6000000000000001e-03,4.0000000000000001e-02,4.0816326530612249e-02
23323,1.4940000000000000e+01,-9.7999999999999998e-01,0.0000000000000000e+00,2.0000000000000000e-02,1.6000000000000001e-03,4.0000000000000001e-02,4.0816326530612249e-02
43323,1.4940000000000000e+01,9.7999999999999998e-01,0.0000000000000000e+00,2.0000000000000000e-02,1.6000000000000001e-03,4.0000000000000001e-02,4.0816326530612249e-02
23324,1.4980000000000000e+01,-9.7999999999999998e-01,0.0000000000000000e+00,2.0000000000000000e-02,1.6000000000000001e-03,4.0000000000000001e-02,4.0816326530612249e-02
43324,1.4980000000000000e+01,9.7999999999999998e-01,0.0000000000000000e+00,2.0000000000000000e-02,1.6000000000000001e-03,4.0000000000000001e-02,4.0816326530612249e-02
23325,1.5020000000000000e+01,-9.7999999999999998e-01,0.0000000000000000e+00,2.0000000000000000e-02,1.6000000000000001e-03,4.0000000000000001e-02,4.0816326530612249e-02
43325,1.5020000000000000e+01,9.7999999999999998e-01,0.0000000000000000e+00,2.0000000000000000e-02,1.6000000000000001e-03,4.0000000000000001e-02,4.0816326530612249e-02
23326,1.5060000000000000e+01,-9.7999999999999998e-01,0.0000000000000000e+00,2.0000000000000000e-02,1.6000000000000001e-03,4.0000000000000001e-02,4.0816326530612249e-02
43326,1.5060000000000000e+01,9.7999999999999998e-01,0.0000000000000000e+00,2.0000000000000000e-02,1.6000000000000001e-03,4.0000000000000001e-02,4.0816326530612249e-02
23327,1.5100000000000000e+01,-9.7999999999999998e-01,0.0000000000000000e+00,2.0000000000000000e-02,1.6000000000000001e-03,4.0000000000000001e-02,4.0816326530612249e-02
43327,1.5100000000000000e+01,9.7999999999999998e-01,0.0000000000000000e+00,2.0000000000000000e-02,1.6000000000000001e-03,4.0000000000000001e-02,4.0816326530612249e-02
43328,1.5140000000000001e+01,9.7999999999999998e-01,0.0000000000000000e+00,2.0000000000000000e-02,1.6000000000000001e-03,4.0000000000000001e-02,4.0816326530612249e-02
23328,1.5140000000000001e+01,-9.7999999999999998e-01,0.0000000000000000e+00,2.0000000000000000e-02,1.6000000000000001e-03,4.0000000000000001e-02,4.0816326530612249e-02
23329,1.5180000000000000e+01,-9.7999999999999998e-01,0.0000000000000000e+00,2.0000000000000000e-02,1.6000000000000001e-03,4.0000000000000001e-02,4.0816326530612249e-02
43329,1.5180000000000000e+01,9.7999999999999998e-01,0.0000000000000000e+00,2.0000000000000000e-02,1.6000000000000001e-03,4.0000000000000001e-02,4.0816326530612249e-02
43330,1.5220000000000001e+01,9.7999999999999998e-01,0.0000000000000000e+00,2.0000000000000000e-02,1.6000000000000001e-03,4.0000000000000001e-02,4.0816326530612249e-02
23330,1.5220000000000001e+01,-9.7999999999999998e-01,0.0000000000000000e+00,2.0000000000000000e-02,1.6000000000000001e-03,4.0000000000000001e-02,4.0816326530612249e-02
23331,1.5260000000000000e+01,-9.7999999999999998e-01,0.0000000000000000e+00,2.0000000000000000e-02,1.6000000000000001e-03,4.0000000000000001e-02,4.0816326530612249e-02
43331,1.5260000000000000e+01,9.7999999999999998e-01,0.0000000000000000e+00,2.0000000000000000e-02,1.6000000000000001e-03,4.0000000000000001e-02,4.0816326530612249e-02
23332,1.5300000000000001e+01,-9.7999999999999998e-01,0.0000000000000000e+00,2.0000000000000000e-02,1.6000000000000001e-03,4.0000000000000001e-02,4.0816326530612249e-02
43332,1.5300000000000001e+01,9.7999999999999998e-01,0.0000000000000000e+00,2.0000000000000000e-02,1.6000000000000001e-03,4.0000000000000001e-02,4.0816326530612249e-02
23333,1.5340000000000000e+01,-9.7999999999999998e-01,0.0000000000000000e+00,2.0000000000000000e-02,1.6000000000000001e-03,4.0000000000000001e-02,4.0816326530612249e-02
43333,1.5340000000000000e+01,9.7999999999999998e-01,0.0000000000000000e+00,2.0000000000000000e-02,1.6000000000000001e-03,4.0000000000000001e-02,4.0816326530612249e-02
23334,1.5380000000000001e+01,-9.7999999999999998e-01,0.0000000000000000e+00,2.0000000000000000e-02,1.6000000000000001e-03,4.0000000000000001e-02,4.0816326530612249e-02
43334,1.5380000000000001e+01,9.7999999999999998e-01,0.0000000000000000e+00,2.0000000000000000e-02,1.6000000000000001e-03,4.0000000000000001e-02,4.0816326530612249e-02
23335,1.5420000000000000e+01,-9.7999999999999998e-01,0.0000000000000000e+00,2.0000000000000000e-02,1.6000000000000001e-03,4.0000000000000001e-02,4.0816326530612249e-02
43335,1.5420000000000000e+01,9.7999999999999998e-01,0.0000000000000000e+00,2.0000000000000000e-02,1.6000000000000001e-03,4.0000000000000001e-02,4.0816326530612249e-02
23336,1.5460000000000001e+01,-9.7999999999999998e-01,0.0000000000000000e+00,2.0000000000000000e-02,1.6000000000000001e-03,4.0000000000000001e-02,4.0816326530612249e-02
43336,1.5460000000000001e+01,9.7999999999999998e-01,0.0000000000000000e+00,2.0000000000000000e-02,1.6000000000000001e-03,4.0000000000000001e-02,4.0816326530612249e-02
23337,1.5500000000000000e+01,-9.7999999999999998e-01,0.0000000000000000e+00,2.0000000000000000e-02,1.6000000000000001e-03,4.0000000000000001e-02,4.0816326530612249e-02
43337,1.5500000000000000e+01,9.7999999999999998e-01,0.0000000000000000e+00,2.0000000000000000e-02,1.6000000000000001e-03,4.0000000000000001e-02,4.0816326530612249e-02
43338,1.5539999999999999e+01,9.7999999999999998e-01,0.0000000000000000e+00,2.0000000000000000e-02,1.6000000000000001e-03,4.0000000000000001e-02,4.0816326530612249e-02
23338,1.5539999999999999e+01,-9.7999999999999998e-01,0.0000000000000000e+00,2.0000000000000000e-02,1.6000000000000001e-03,4.0000000000000001e-02,4.0816326530612249e-02
23339,1.5580000000000000e+01,-9.7999999999999998e-01,0.0000000000000000e+00,2.0000000000000000e-02,1.6000000000000001e-03,4.0000000000000001e-02,4.0816326530612249e-02
43339,1.5580000000000000e+01,9.7999999999999998e-01,0.0000000000000000e+00,2.0000000000000000e-02,1.6000000000000001e-03,4.0000000000000001e-02,4.0816326530612249e-02
23340,1.5619999999999999e+01,-9.7999999999999998e-01,0.0000000000000000e+00,2.0000000000000000e-02,1.6000000000000001e-03,4.0000000000000001e-02,4.0816326530612249e-02
43340,1.5619999999999999e+01,9.7999999999999998e-01,0.0000000000000000e+00,2.0000000000000000e-02,1.6000000000000001e-03,4.0000000000000001e-02,4.0816326530612249e-02
23341,1.5660000000000000e+01,-9.7999999999999998e-01,0.0000000000000000e+00,2.0000000000000000e-02,1.6000000000000001e-03,4.0000000000000001e-02,4.0816326530612249e-02
43341,1.5660000000000000e+01,9.7999999999999998e-01,0.0000000000000000e+00,2.0000000000000000e-02,1.6000000000000001e-03,4.0000000000000001e-02,4.0816326530612249e-02
23342,1.5699999999999999e+01,-9.7999999999999998e-01,0.0000000000000000e+00,2.0000000000000000e-02,1.6000000000000001e-03,4.0000000000000001e-02,4.0816326530612249e-02
43342,1.5699999999999999e+01,9.7999999999999998e-01,0.0000000000000000e+00,2.0000000000000000e-02,1.6000000000000001e-03,4.0000000000000001e-02,4.0816326530612249e-02
23343,1.5740000000000000e+01,-9.7999999999999998e-01,0.0000000000000000e+00,2.0000000000000000e-02,1.6000000000000001e-03,4.0000000000000001e-02,4.0816326530612249e-02
43343,1.5740000000000000e+01,9.7999999999999998e-01,0.0000000000000000e+00,2.0000000000000000e-02,1.6000000000000001e-03,4.0000000000000001e-02,4.0816326530612249e-02
43344,1.5779999999999999e+01,9.7999999999999998e-01,0.0000000000000000e+00,2.0000000000000000e-02,1.6000000000000001e-03,4.0000000000000001e-02,4.0816326530612249e-02
23344,1.5779999999999999e+01,-9.7999999999999998e-01,0.0000000000000000e+00,2.0000000000000000e-02,1.6000000000000001e-03,4.0000000000000001e-02,4.0816326530612249e-02
23345,1.5820000000000000e+01,-9.7999999999999998e-01,0.0000000000000000e+00,2.0000000000000000e-02,1.6000000000000001e-03,4.0000000000000001e-02,4.0816326530612249e-02
43345,1.5820000000000000e+01,9.7999999999999998e-01,0.0000000000000000e+00,2.0000000000000000e-02,1.6000000000000001e-03,4.0000000000000001e-02,4.0816326530612249e-02
43346,1.5859999999999999e+01,9.7999999999999998e-01,0.0000000000000000e+00,2.0000000000000000e-02,1.6000000000000001e-03,4.0000000000000001e-02,4.0816326530612249e-02
23346,1.5859999999999999e+01,-9.7999999999999998e-01,0.0000000000000000e+00,2.0000000000000000e-02,1.6000000000000001e-03,4.0000000000000001e-02,4.0816326530612249e-02
23347,1.5900000000000000e+01,-9.7999999999999998e-01,0.0000000000000000e+00,2.0000000000000000e-02,1.6000000000000001e-03,4.0000000000000001e-02,4.0816326530612249e-02
43347,1.5900000000000000e+01,9.7999999999999998e-01,0.0000000000000000e+00,2.0000000000000000e-02,1.6000000000000001e-03,4.0000000000000001e-02,4.0816326530612249e-02
23348,1.5940000000000000e+01,-9.7999999999999998e-01,0.0000000000000000e+00,2.0000000000000000e-02,1.6000000000000001e-03,4.0000000000000001e-02,4.0816326530612249e-02
43348,1.5940000000000000e+01,9.7999999999999998e-01,0.0000000000000000e+00,2.0000000000000000e-02,1.6000000000000001e-03,4.0000000000000001e-02,4.0816326530612249e-02
23349,1.5980000000000000e+01,-9.7999999999999998e-01,0.0000000000000000e+00,2.0000000000000000e-02,1.6000000000000001e-03,4.0000000000000001e-02,4.0816326530612249e-02
43349,1.5980000000000000e+01,9.7999999999999998e-01,0.0000000000000000e+00,2.0000000000000000e-02,1.6000000000000001e-03,4.0000000000000001e-02,4.0816326530612249e-02
23350,1.6020000000000000e+01,-9.7999999999999998e-01,0.0000000000000000e+00,2.0000000000000000e-02,1.6000000000000001e-03,4.0000000000000001e-02,4.0816326530612249e-02
43350,1.6020000000000000e+01,9.7999999999999998e-01,0.0000000000000000e+00,2.0000000000000000e-02,1.6000000000000001e-03,4.0000000000000001e-02,4.0816326530612249e-02
23351,1.6059999999999999e+01,-9.7999999999999998e-01,0.0000000000000000e+00,2.0000000000000000e-02,1.6000000000000001e-03,4.0000000000000001e-02,4.0816326530612249e-02
43351,1.6059999999999999e+01,9.7999999999999998e-01,0.0000000000000000e+00,2.0000000000000000e-02,1.6000000000000001e-03,4.0000000000000001e-02,4.0816326530612249e-02
23352,1.6100000000000001e+01,-9.7999999999999998e-01,0.0000000000000000e+00,2.0000000000000000e-02,1.6000000000001000e-03,4.0000000000001250e-02,4.0816326530613518e-02
43352,1.6100000000000001e+01,9.7999999999999998e-01,0.0000000000000000e+00,2.0000000000000000e-02,1.6000000000001000e-03,4.0000000000001250e-02,4.0816326530613518e-02
23353,1.6140000000000001e+01,-9.7999999999999998e-01,0.0000000000000000e+00,2.0000000000000000e-02,1.6000000000000001e-03,4.0000000000000001e-02,4.0816326530612249e-02
43353,1.6140000000000001e+01,9.7999999999999998e-01,0.0000000000000000e+00,2.0000000000000000e-02,1.6000000000000001e-03,4.0000000000000001e-02,4.0816326530612249e-02
23354,1.6180000000000000e+01,-9.7999999999999998e-01,0.0000000000000000e+00,2.0000000000000000e-02,1.6000000000000001e-03,4.0000000000000001e-02,4.0816326530612249e-02
43354,1.6180000000000000e+01,9.7999999999999998e-01,0.0000000000000000e+00,2.0000000000000000e-02,1.6000000000000001e-03,4.0000000000000001e-02,4.0816326530612249e-02
23355,1.6219999999999999e+01,-9.7999999999999998e-01,0.0000000000000000e+00,2.0000000000000000e-02,1.6000000000000001e-03,4.0000000000000001e-02,4.0816326530612249e-02
43355,1.6219999999999999e+01,9.7999999999999998e-01,0.0000000000000000e+00,2.0000000000000000e-02,1.6000000000000001e-03,4.0000000000000001e-02,4.0816326530612249e-02
23356,1.6260000000000002e+01,-9.7999999999999998e-01,0.0000000000000000e+00,2.0000000000000000e-02,1.6000000000001000e-03,4.0000000000001250e-02,4.0816326530613518e-02
43356,1.6260000000000002e+01,9.7999999999999998e-01,0.0000000000000000e+00,2.0000000000000000e-02,1.6000000000001000e-03,4.0000000000001250e-02,4.0816326530613518e-02
23357,1.6300000000000001e+01,-9.7999999999999998e-01,0.0000000000000000e+00,2.0000000000000000e-02,1.6000000000000001e-03,4.0000000000000001e-02,4.0816326530612249e-02
43357,1.6300000000000001e+01,9.7999999999999998e-01,0.0000000000000000e+00,2.0000000000000000e-02,1.6000000000000001e-03,4.0000000000000001e-02,4.0816326530612249e-02
23358,1.6340000000000000e+01,-9.7999999999999998e-01,0.0000000000000000e+00,2.0000000000000000e-02,1.6000000000000001e-03,4.0000000000000001e-02,4.0816326530612249e-02
43358,1.6340000000000000e+01,9.7999999999999998e-01,0.0000000000000000e+00,2.0000000000000000e-02,1.6000000000000001e-03,4.0000000000000001e-02,4.0816326530612249e-02
23359,1.6379999999999999e+01,-9.7999999999999998e-01,0.0000000000000000e+00,2.0000000000000000e-02,1.6000000000000001e-03,4.0000000000000001e-02,4.0816326530612249e-02
43359,1.6379999999999999e+01,9.7999999999999998e-01,0.0000000000000000e+00,2.0000000000000000e-02,1.6000000000000001e-03,4.0000000000000001e-02,4.0816326530612249e-02
23360,1.6420000000000002e+01,-9.7999999999999998e-01,0.0000000000000000e+00,2.0000000000000000e-02,1.6000000000001000e-03,4.0000000000001250e-02,4.0816326530613518e-02
43360,1.6420000000000002e+01,9.7999999999999998e-01,0.0000000000000000e+00,2.0000000000000000e-02,1.6000000000001000e-03,4.0000000000001250e-02,4.0816326530613518e-02
43361,1.6460000000000001e+01,9.7999999999999998e-01,0.0000000000000000e+00,2.0000000000000000e-02,1.6000000000000001e-03,4.0000000000000001e-02,4.0816326530612249e-02
23361,1.6460000000000001e+01,-9.7999999999999998e-01,0.0000000000000000e+00,2.0000000000000000e-02,1.6000000000000001e-03,4.0000000000000001e-02,4.0816326530612249e-02
43362,1.6500000000000000e+01,9.7999999999999998e-01,0.0000000000000000e+00,2.0000000000000000e-02,1.6000000000000001e-03,4.0000000000000001e-02,4.0816326530612249e-02
23362,1.6500000000000000e+01,-9.7999999999999998e-01,0.0000000000000000e+00,2.0000000000000000e-02,1.6000000000000001e-03,4.0000000000000001e-02,4.0816326530612249e-02
43363,1.6539999999999999e+01,9.7999999999999998e-01,0.0000000000000000e+00,2.0000000000000000e-02,1.6000000000000001e-03,4.0000000000000001e-02,4.0816326530612249e-02
23363,1.6539999999999999e+01,-9.7999999999999998e-01,0.0000000000000000e+00,2.0000000000000000e-02,1.6000000000000001e-03,4.0000000000000001e-02,4.0816326530612249e-02
43364,1.6579999999999998e+01,9.7999999999999998e-01,0.0000000000000000e+00,2.0000000000000000e-02,1.6000000000001000e-03,4.0000000000001250e-02,4.0816326530613518e-02
23364,1.6579999999999998e+01,-9.7999999999999998e-01,0.0000000000000000e+00,2.0000000000000000e-02,1.6000000000001000e-03,4.0000000000001250e-02,4.0816326530613518e-02
43365,1.6620000000000001e+01,9.7999999999999998e-01,0.0000000000000000e+00,2.0000000000000000e-02,1.6000000000000001e-03,4.0000000000000001e-02,4.0816326530612249e-02
23365,1.6620000000000001e+01,-9.7999999999999998e-01,0.0000000000000000e+00,2.0000000000000000e-02,1.6000000000000001e-03,4.0000000000000001e-02,4.0816326530612249e-02
43366,1.6660000000000000e+01,9.7999999999999998e-01,0.0000000000000000e+00,2.0000000000000000e-02,1.6000000000000001e-03,4.0000000000000001e-02,4.0816326530612249e-02
23366,1.6660000000000000e+01,-9.7999999999999998e-01,0.0000000000000000e+00,2.0000000000000000e-02,1.6000000000000001e-03,4.0000000000000001e-02,4.0816326530612249e-02
43367,1.6699999999999999e+01,9.7999999999999998e-01,0.0000000000000000e+00,2.0000000000000000e-02,1.6000000000000001e-03,4.0000000000000001e-02,4.0816326530612249e-02
23367,1.6699999999999999e+01,-9.7999999999999998e-01,0.0000000000000000e+00,2.0000000000000000e-02,1.6000000000000001e-03,4.0000000000000001e-02,4.0816326530612249e-02
43368,1.6739999999999998e+01,9.7999999999999998e-01,0.0000000000000000e+00,2.0000000000000000e-02,1.6000000000001000e-03,4.0000000000001250e-02,4.0816326530613518e-02
23368,1.6739999999999998e+01,-9.7999999999999998e-01,0.0000000000000000e+00,2.0000000000000000e-02,1.6000000000001000e-03,4.0000000000001250e-02,4.0816326530613518e-02
23369,1.6780000000000001e+01,-9.7999999999999998e-01,0.0000000000000000e+00,2.0000000000000000e-02,1.6000000000000001e-03,4.0000000000000001e-02,4.0816326530612249e-02
43369,1.6780000000000001e+01,9.7999999999999998e-01,0.0000000000000000e+00,2.0000000000000000e-02,1.6000000000000001e-03,4.0000000000000001e-02,4.0816326530612249e-02
23370,1.6820000000000000e+01,-9.7999999999999998e-01,0.0000000000000000e+00,2.0000000000000000e-02,1.6000000000000001e-03,4.0000000000000001e-02,4.0816326530612249e-02
43370,1.6820000000000000e+01,9.7999999999999998e-01,0.0000000000000000e+00,2.0000000000000000e-02,1.6000000000000001e-03,4.0000000000000001e-02,4.0816326530612249e-02
23371,1.6859999999999999e+01,-9.7999999999999998e-01,0.0000000000000000e+00,2.0000000000000000e-02,1.6000000000000001e-03,4.0000000000000001e-02,4.0816326530612249e-02
43371,1.6859999999999999e+01,9.7999999999999998e-01,0.0000000000000000e+00,2.0000000000000000e-02,1.6000000000000001e-03,4.0000000000000001e-02,4.0816326530612249e-02
23372,1.6899999999999999e+01,-9.7999999999999998e-01,0.0000000000000000e+00,2.0000000000000000e-02,1.6000000000001000e-03,4.0000000000001250e-02,4.0816326530613518e-02
43372,1.6899999999999999e+01,9.7999999999999998e-01,0.0000000000000000e+00,2.0000000000000000e-02,1.6000000000001000e-03,4.0000000000001250e-02,4.0816326530613518e-02
23373,1.6940000000000001e+01,-9.7999999999999998e-01,0.0000000000000000e+00,2.0000000000000000e-02,1.6000000000000001e-03,4.0000000000000001e-02,4.0816326530612249e-02
43373,1.6940000000000001e+01,9.7999999999999998e-01,0.0000000000000000e+00,2.0000000000000000e-02,1.6000000000000001e-03,4.0000000000000001e-02,4.0816326530612249e-02
23374,1.6980000000000000e+01,-9.7999999999999998e-01,0.0000000000000000e+00,2.0000000000000000e-02,1.6000000000000001e-03,4.0000000000000001e-02,4.0816326530612249e-02
43374,1.6980000000000000e+01,9.7999999999999998e-01,0.0000000000000000e+00,2.0000000000000000e-02,1.6000000000000001e-03,4.0000000000000001e-02,4.0816326530612249e-02
23375,1.7020000000000000e+01,-9.7999999999999998e-01,0.0000000000000000e+00,2.0000000000000000e-02,1.6000000000000001e-03,4.0000000000000001e-02,4.0816326530612249e-02
43375,1.7020000000000000e+01,9.7999999999999998e-01,0.0000000000000000e+00,2.0000000000000000e-02,1.6000000000000001e-03,4.0000000000000001e-02,4.0816326530612249e-02
23376,1.7059999999999999e+01,-9.7999999999999998e-01,0.0000000000000000e+00,2.0000000000000000e-02,1.6000000000000001e-03,4.0000000000000001e-02,4.0816326530612249e-02
43376,1.7059999999999999e+01,9.7999999999999998e-01,0.0000000000000000e+00,2.0000000000000000e-02,1.6000000000000001e-03,4.0000000000000001e-02,4.0816326530612249e-02
23377,1.7100000000000001e+01,-9.7999999999999998e-01,0.0000000000000000e+00,2.0000000000000000e-02,1.6000000000001000e-03,4.0000000000001250e-02,4.0816326530613518e-02
43377,1.7100000000000001e+01,9.7999999999999998e-01,0.0000000000000000e+00,2.0000000000000000e-02,1.6000000000001000e-03,4.0000000000001250e-02,4.0816326530613518e-02
23378,1.7140000000000001e+01,-9.7999999999999998e-01,0.0000000000000000e+00,2.0000000000000000e-02,1.6000000000000001e-03,4.0000000000000001e-02,4.0816326530612249e-02
43378,1.7140000000000001e+01,9.7999999999999998e-01,0.0000000000000000e+00,2.0000000000000000e-02,1.6000000000000001e-03,4.0000000000000001e-02,4.0816326530612249e-02
23379,1.7180000000000000e+01,-9.7999999999999998e-01,0.0000000000000000e+00,2.0000000000000000e-02,1.6000000000000001e-03,4.0000000000000001e-02,4.0816326530612249e-02
43379,1.7180000000000000e+01,9.7999999999999998e-01,0.0000000000000000e+00,2.0000000000000000e-02,1.6000000000000001e-03,4.0000000000000001e-02,4.0816326530612249e-02
23380,1.7219999999999999e+01,-9.7999999999999998e-01,0.0000000000000000e+00,2.0000000000000000e-02,1.6000000000000001e-03,4.0000000000000001e-02,4.0816326530612249e-02
43380,1.7219999999999999e+01,9.7999999999999998e-01,0.0000000000000000e+00,2.0000000000000000e-02,1.6000000000000001e-03,4.0000000000000001e-02,4.0816326530612249e-02
23381,1.7260000000000002e+01,-9.7999999999999998e-01,0.0000000000000000e+00,2.0000000000000000e-02,1.6000000000001000e-03,4.0000000000001250e-02,4.0816326530613518e-02
43381,1.7260000000000002e+01,9.7999999999999998e-01,0.0000000000000000e+00,2.0000000000000000e-02,1.6000000000001000e-03,4.0000000000001250e-02,4.0816326530613518e-02
23382,1.7300000000000001e+01,-9.7999999999999998e-01,0.0000000000000000e+00,2.0000000000000000e-02,1.6000000000000001e-03,4.0000000000000001e-02,4.0816326530612249e-02
43382,1.7300000000000001e+01,9.7999999999999998e-01,0.0000000000000000e+00,2.0000000000000000e-02,1.6000000000000001e-03,4.0000000000000001e-02,4.0816326530612249e-02
23383,1.7340000000000000e+01,-9.7999999999999998e-01,0.0000000000000000e+00,2.0000000000000000e-02,1.6000000000000001e-03,4.0000000000000001e-02,4.0816326530612249e-02
43383,1.7340000000000000e+01,9.7999999999999998e-01,0.0000000000000000e+00,2.0000000000000000e-02,1.6000000000000001e-03,4.0000000000000001e-02,4.0816326530612249e-02
23384,1.7379999999999999e+01,-9.7999999999999998e-01,0.0000000000000000e+00,2.0000000000000000e-02,1.6000000000000001e-03,4.0000000000000001e-02,4.0816326530612249e-02
43384,1.7379999999999999e+01,9.7999999999999998e-01,0.0000000000000000e+00,2.0000000000000000e-02,1.6000000000000001e-03,4.0000000000000001e-02,4.0816326530612249e-02
23385,1.7420000000000002e+01,-9.7999999999999998e-01,0.0000000000000000e+00,2.0000000000000000e-02,1.6000000000001000e-03,4.0000000000001250e-02,4.0816326530613518e-02
43385,1.7420000000000002e+01,9.7999999999999998e-01,0.0000000000000000e+00,2.0000000000000000e-02,1.6000000000001000e-03,4.0000000000001250e-02,4.0816326530613518e-02
23386,1.7460000000000001e+01,-9.7999999999999998e-01,0.0000000000000000e+00,2.0000000000000000e-02,1.6000000000000001e-03,4.0000000000000001e-02,4.0816326530612249e-02
43386,1.7460000000000001e+01,9.7999999999999998e-01,0.0000000000000000e+00,2.0000000000000000e-02,1.6000000000000001e-03,4.0000000000000001e-02,4.0816326530612249e-02
23387,1.7500000000000000e+01,-9.7999999999999998e-01,0.0000000000000000e+00,2.0000000000000000e-02,1.6000000000000001e-03,4.0000000000000001e-02,4.0816326530612249e-02
43387,1.7500000000000000e+01,9.7999999999999998e-01,0.0000000000000000e+00,2.0000000000000000e-02,1.6000000000000001e-03,4.0000000000000001e-02,4.0816326530612249e-02
23388,1.7539999999999999e+01,-9.7999999999999998e-01,0.0000000000000000e+00,2.0000000000000000e-02,1.6000000000000001e-03,4.0000000000000001e-02,4.0816326530612249e-02
43388,1.7539999999999999e+01,9.7999999999999998e-01,0.0000000000000000e+00,2.0000000000000000e-02,1.6000000000000001e-03,4.0000000000000001e-02,4.0816326530612249e-02
23389,1.7579999999999998e+01,-9.7999999999999998e-01,0.0000000000000000e+00,2.0000000000000000e-02,1.6000000000001000e-03,4.0000000000001250e-02,4.0816326530613518e-02
43389,1.7579999999999998e+01,9.7999999999999998e-01,0.0000000000000000e+00,2.0000000000000000e-02,1.6000000000001000e-03,4.0000000000001250e-02,4.0816326530613518e-02
23390,1.7620000000000001e+01,-9.7999999999999998e-01,0.0000000000000000e+00,2.0000000000000000e-02,1.6000000000000001e-03,4.0000000000000001e-02,4.0816326530612249e-02
43390,1.7620000000000001e+01,9.7999999999999998e-01,0.0000000000000000e+00,2.0000000000000000e-02,1.6000000000000001e-03,4.0000000000000001e-02,4.0816326530612249e-02
43391,1.7660000000000000e+01,9.7999999999999998e-01,0.0000000000000000e+00,2.0000000000000000e-02,1.6000000000000001e-03,4.0000000000000001e-02,4.0816326530612249e-02
23391,1.7660000000000000e+01,-9.7999999999999998e-01,0.0000000000000000e+00,2.0000000000000000e-02,1.6000000000000001e-03,4.0000000000000001e-02,4.0816326530612249e-02
43392,1.7699999999999999e+01,9.7999999999999998e-01,0.0000000000000000e+00,2.0000000000000000e-02,1.6000000000000001e-03,4.0000000000000001e-02,4.0816326530612249e-02
23392,1.7699999999999999e+01,-9.7999999999999998e-01,0.0000000000000000e+00,2.0000000000000000e-02,1.6000000000000001e-03,4.0000000000000001e-02,4.0816326530612249e-02
43393,1.7739999999999998e+01,9.7999999999999998e-01,0.0000000000000000e+00,2.0000000000000000e-02,1.6000000000001000e-03,4.0000000000001250e-02,4.0816326530613518e-02
23393,1.7739999999999998e+01,-9.7999999999999998e-01,0.0000000000000000e+00,2.0000000000000000e-02,1.6000000000001000e-03,4.0000000000001250e-02,4.0816326530613518e-02
43394,1.7780000000000001e+01,9.7999999999999998e-01,0.0000000000000000e+00,2.0000000000000000e-02,1.6000000000000001e-03,4.0000000000000001e-02,4.0816326530612249e-02
23394,1.7780000000000001e+01,-9.7999999999999998e-01,0.0000000000000000e+00,2.0000000000000000e-02,1.6000000000000001e-03,4.0000000000000001e-02,4.0816326530612249e-02
43395,1.7820000000000000e+01,9.7999999999999998e-01,0.0000000000000000e+00,2.0000000000000000e-02,1.6000000000000001e-03,4.0000000000000001e-02,4.0816326530612249e-02
23395,1.7820000000000000e+01,-9.7999999999999998e-01,0.0000000000000000e+00,2.0000000000000000e-02,1.6000000000000001e-03,4.0000000000000001e-02,4.0816326530612249e-02
23396,1.7859999999999999e+01,-9.7999999999999998e-01,0.0000000000000000e+00,2.0000000000000000e-02,1.6000000000000001e-03,4.0000000000000001e-02,4.0816326530612249e-02
43396,1.7859999999999999e+01,9.7999999999999998e-01,0.0000000000000000e+00,2.0000000000000000e-02,1.6000000000000001e-03,4.0000000000000001e-02,4.0816326530612249e-02
23397,1.7899999999999999e+01,-9.7999999999999998e-01,0.0000000000000000e+00,2.0000000000000000e-02,1.6000000000001000e-03,4.0000000000001250e-02,4.0816326530613518e-02
43397,1.7899999999999999e+01,9.7999999999999998e-01,0.0000000000000000e+00,2.0000000000000000e-02,1.6000000000001000e-03,4.0000000000001250e-02,4.0816326530613518e-02
23398,1.7940000000000001e+01,-9.7999999999999998e-01,0.0000000000000000e+00,2.0000000000000000e-02,1.6000000000000001e-03,4.0000000000000001e-02,4.0816326530612249e-02
43398,1.7940000000000001e+01,9.7999999999999998e-01,0.0000000000000000e+00,2.0000000000000000e-02,1.6000000000000001e-03,4.0000000000000001e-02,4.0816326530612249e-02
23399,1.7980000000000000e+01,-9.7999999999999998e-01,0.0000000000000000e+00,2.0000000000000000e-02,1.6000000000000001e-03,4.0000000000000001e-02,4.0816326530612249e-02
43399,1.7980000000000000e+01,9.7999999999999998e-01,0.0000000000000000e+00,2.0000000000000000e-02,1.6000000000000001e-03,4.0000000000000001e-02,4.0816326530612249e-02
23400,1.8020000000000000e+01,-9.7999999999999998e-01,0.0000000000000000e+00,2.0000000000000000e-02,1.6000000000000001e-03,4.0000000000000001e-02,4.0816326530612249e-02
43400,1.8020000000000000e+01,9.7999999999999998e-01,0.0000000000000000e+00,2.0000000000000000e-02,1.6000000000000001e-03,4.0000000000000001e-02,4.0816326530612249e-02
23401,1.8059999999999999e+01,-9.7999999999999998e-01,0.0000000000000000e+00,2.0000000000000000e-02,1.6000000000000001e-03,4.0000000000000001e-02,4.0816326530612249e-02
43401,1.8059999999999999e+01,9.7999999999999998e-01,0.0000000000000000e+00,2.0000000000000000e-02,1.6000000000000001e-03,4.0000000000000001e-02,4.0816326530612249e-02
23402,1.8100000000000001e+01,-9.7999999999999998e-01,0.0000000000000000e+00,2.0000000000000000e-02,1.6000000000001000e-03,4.0000000000001250e-02,4.0816326530613518e-02
43402,1.8100000000000001e+01,9.7999999999999998e-01,0.0000000000000000e+00,2.0000000000000000e-02,1.6000000000001000e-03,4.0000000000001250e-02,4.0816326530613518e-02
23403,1.8140000000000001e+01,-9.7999999999999998e-01,0.0000000000000000e+00,2.0000000000000000e-02,1.6000000000000001e-03,4.0000000000000001e-02,4.0816326530612249e-02
43403,1.8140000000000001e+01,9.7999999999999998e-01,0.0000000000000000e+00,2.0000000000000000e-02,1.6000000000000001e-03,4.0000000000000001e-02,4.0816326530612249e-02
23404,1.8180000000000000e+01,-9.7999999999999998e-01,0.0000000000000000e+00,2.0000000000000000e-02,1.6000000000000001e-03,4.0000000000000001e-02,4.0816326530612249e-02
43404,1.8180000000000000e+01,9.7999999999999998e-01,0.0000000000000000e+00,2.0000000000000000e-02,1.6000000000000001e-03,4.0000000000000001e-02,4.0816326530612249e-02
23405,1.8219999999999999e+01,-9.7999999999999998e-01,0.0000000000000000e+00,2.0000000000000000e-02,1.6000000000000001e-03,4.0000000000000001e-02,4.0816326530612249e-02
43405,1.8219999999999999e+01,9.7999999999999998e-01,0.0000000000000000e+00,2.0000000000000000e-02,1.6000000000000001e-03,4.0000000000000001e-02,4.0816326530612249e-02
23406,1.8260000000000002e+01,-9.7999999999999998e-01,0.0000000000000000e+00,2.0000000000000000e-02,1.6000000000001000e-03,4.0000000000001250e-02,4.0816326530613518e-02
43406,1.8260000000000002e+01,9.7999999999999998e-01,0.0000000000000000e+00,2.0000000000000000e-02,1.6000000000001000e-03,4.0000000000001250e-02,4.0816326530613518e-02
23407,1.8300000000000001e+01,-9.7999999999999998e-01,0.0000000000000000e+00,2.0000000000000000e-02,1.6000000000000001e-03,4.0000000000000001e-02,4.0816326530612249e-02
43407,1.8300000000000001e+01,9.7999999999999998e-01,0.0000000000000000e+00,2.0000000000000000e-02,1.6000000000000001e-03,4.0000000000000001e-02,4.0816326530612249e-02
23408,1.8340000000000000e+01,-9.7999999999999998e-01,0.0000000000000000e+00,2.0000000000000000e-02,1.6000000000000001e-03,4.0000000000000001e-02,4.0816326530612249e-02
43408,1.8340000000000000e+01,9.7999999999999998e-01,0.0000000000000000e+00,2.0000000000000000e-02,1.6000000000000001e-03,4.0000000000000001e-02,4.0816326530612249e-02
23409,1.8379999999999999e+01,-9.7999999999999998e-01,0.0000000000000000e+00,2.0000000000000000e-02,1.6000000000000001e-03,4.0000000000000001e-02,4.0816326530612249e-02
43409,1.8379999999999999e+01,9.7999999999999998e-01,0.0000000000000000e+00,2.0000000000000000e-02,1.6000000000000001e-03,4.0000000000000001e-02,4.0816326530612249e-02
23410,1.8420000000000002e+01,-9.7999999999999998e-01,0.0000000000000000e+00,2.0000000000000000e-02,1.6000000000001000e-03,4.0000000000001250e-02,4.0816326530613518e-02
43410,1.8420000000000002e+01,9.7999999999999998e-01,0.0000000000000000e+00,2.0000000000000000e-02,1.6000000000001000e-03,4.0000000000001250e-02,4.0816326530613518e-02
23411,1.8460000000000001e+01,-9.7999999999999998e-01,0.0000000000000000e+00,2.0000000000000000e-02,1.6000000000000001e-03,4.0000000000000001e-02,4.0816326530612249e-02
43411,1.8460000000000001e+01,9.7999999999999998e-01,0.0000000000000000e+00,2.0000000000000000e-02,1.6000000000000001e-03,4.0000000000000001e-02,4.0816326530612249e-02
23412,1.8500000000000000e+01,-9.7999999999999998e-01,0.0000000000000000e+00,2.0000000000000000e-02,1.6000000000000001e-03,4.0000000000000001e-02,4.0816326530612249e-02
43412,1.8500000000000000e+01,9.7999999999999998e-01,0.0000000000000000e+00,2.0000000000000000e-02,1.6000000000000001e-03,4.0000000000000001e-02,4.0816326530612249e-02
23413,1.8539999999999999e+01,-9.7999999999999998e-01,0.0000000000000000e+00,2.0000000000000000e-02,1.6000000000000001e-03,4.0000000000000001e-02,4.0816326530612249e-02
43413,1.8539999999999999e+01,9.7999999999999998e-01,0.0000000000000000e+00,2.0000000000000000e-02,1.6000000000000001e-03,4.0000000000000001e-02,4.0816326530612249e-02
23414,1.8579999999999998e+01,-9.7999999999999998e-01,0.0000000000000000e+00,2.0000000000000000e-02,1.6000000000001000e-03,4.0000000000001250e-02,4.0816326530613518e-02
43414,1.8579999999999998e+01,9.7999999999999998e-01,0.0000000000000000e+00,2.0000000000000000e-02,1.6000000000001000e-03,4.0000000000001250e-02,4.0816326530613518e-02
23415,1.8620000000000001e+01,-9.7999999999999998e-01,0.0000000000000000e+00,2.0000000000000000e-02,1.6000000000000001e-03,4.0000000000000001e-02,4.0816326530612249e-02
43415,1.8620000000000001e+01,9.7999999999999998e-01,0.0000000000000000e+00,2.0000000000000000e-02,1.6000000000000001e-03,4.0000000000000001e-02,4.0816326530612249e-02
23416,1.8660000000000000e+01,-9.7999999999999998e-01,0.0000000000000000e+00,2.0000000000000000e-02,1.6000000000000001e-03,4.0000000000000001e-02,4.0816326530612249e-02
43416,1.8660000000000000e+01,9.7999999999999998e-01,0.0000000000000000e+00,2.0000000000000000e-02,1.6000000000000001e-03,4.0000000000000001e-02,4.0816326530612249e-02
23417,1.8699999999999999e+01,-9.7999999999999998e-01,0.0000000000000000e+00,2.0000000000000000e-02,1.6000000000000001e-03,4.0000000000000001e-02,4.0816326530612249e-02
43417,1.8699999999999999e+01,9.7999999999999998e-01,0.0000000000000000e+00,2.0000000000000000e-02,1.6000000000000001e-03,4.0000000000000001e-02,4.0816326530612249e-02
23418,1.8739999999999998e+01,-9.7999999999999998e-01,0.0000000000000000e+00,2.0000000000000000e-02,1.6000000000001000e-03,4.0000000000001250e-02,4.0816326530613518e-02
43418,1.8739999999999998e+01,9.7999999999999998e-01,0.0000000000000000e+00,2.0000000000000000e-02,1.6000000000001000e-03,4.0000000000001250e-02,4.0816326530613518e-02
43419,1.8780000000000001e+01,9.7999999999999998e-01,0.0000000000000000e+00,2.0000000000000000e-02,1.6000000000000001e-03,4.0000000000000001e-02,4.0816326530612249e-02
23419,1.8780000000000001e+01,-9.7999999999999998e-01,0.0000000000000000e+00,2.0000000000000000e-02,1.6000000000000001e-03,4.0000000000000001e-02,4.0816326530612249e-02
43420,1.8820000000000000e+01,9.7999999999999998e-01,0.0000000000000000e+00,2.0000000000000000e-02,1.6000000000000001e-03,4.0000000000000001e-02,4.0816326530612249e-02
23420,1.8820000000000000e+01,-9.7999999999999998e-01,0.0000000000000000e+00,2.0000000000000000e-02,1.6000000000000001e-03,4.0000000000000001e-02,4.0816326530612249e-02
43421,1.8859999999999999e+01,9.7999999999999998e-01,0.0000000000000000e+00,2.0000000000000000e-02,1.6000000000000001e-03,4.0000000000000001e-02,4.0816326530612249e-02
23421,1.8859999999999999e+01,-9.7999999999999998e-01,0.0000000000000000e+00,2.0000000000000000e-02,1.6000000000000001e-03,4.0000000000000001e-02,4.0816326530612249e-02
43422,1.8899999999999999e+01,9.7999999999999998e-01,0.0000000000000000e+00,2.0000000000000000e-02,1.6000000000001000e-03,4.0000000000001250e-02,4.0816326530613518e-02
23422,1.8899999999999999e+01,-9.7999999999999998e-01,0.0000000000000000e+00,2.0000000000000000e-02,1.6000000000001000e-03,4.0000000000001250e-02,4.0816326530613518e-02
43423,1.8940000000000001e+01,9.7999999999999998e-01,0.0000000000000000e+00,2.0000000000000000e-02,1.6000000000000001e-03,4.0000000000000001e-02,4.0816326530612249e-02
23423,1.8940000000000001e+01,-9.7999999999999998e-01,0.0000000000000000e+00,2.0000000000000000e-02,1.6000000000000001e-03,4.0000000000000001e-02,4.0816326530612249e-02
23424,1.8980000000000000e+01,-9.7999999999999998e-01,0.0000000000000000e+00,2.0000000000000000e-02,1.6000000000000001e-03,4.0000000000000001e-02,4.0816326530612249e-02
43424,1.8980000000000000e+01,9.7999999999999998e-01,0.0000000000000000e+00,2.0000000000000000e-02,1.6000000000000001e-03,4.0000000000000001e-02,4.0816326530612249e-02
23425,1.9020000000000000e+01,-9.7999999999999998e-01,0.0000000000000000e+00,2.0000000000000000e-02,1.6000000000000001e-03,4.0000000000000001e-02,4.0816326530612249e-02
43425,1.9020000000000000e+01,9.7999999999999998e-01,0.0000000000000000e+00,2.0000000000000000e-02,1.6000000000000001e-03,4.0000000000000001e-02,4.0816326530612249e-02
23426,1.9059999999999999e+01,-9.7999999999999998e-01,0.0000000000000000e+00,2.0000000000000000e-02,1.6000000000000001e-03,4.0000000000000001e-02,4.0816326530612249e-02
43426,1.9059999999999999e+01,9.7999999999999998e-01,0.0000000000000000e+00,2.0000000000000000e-02,1.6000000000000001e-03,4.0000000000000001e-02,4.0816326530612249e-02
23427,1.9100000000000001e+01,-9.7999999999999998e-01,0.0000000000000000e+00,2.0000000000000000e-02,1.6000000000001000e-03,4.0000000000001250e-02,4.0816326530613518e-02
43427,1.9100000000000001e+01,9.7999999999999998e-01,0.0000000000000000e+00,2.0000000000000000e-02,1.6000000000001000e-03,4.0000000000001250e-02,4.0816326530613518e-02
23428,1.9140000000000001e+01,-9.7999999999999998e-01,0.0000000000000000e+00,2.0000000000000000e-02,1.6000000000000001e-03,4.0000000000000001e-02,4.0816326530612249e-02
43428,1.9140000000000001e+01,9.7999999999999998e-01,0.0000000000000000e+00,2.0000000000000000e-02,1.6000000000000001e-03,4.0000000000000001e-02,4.0816326530612249e-02
23429,1.9180000000000000e+01,-9.7999999999999998e-01,0.0000000000000000e+00,2.0000000000000000e-02,1.6000000000000001e-03,4.0000000000000001e-02,4.0816326530612249e-02
43429,1.9180000000000000e+01,9.7999999999999998e-01,0.0000000000000000e+00,2.0000000000000000e-02,1.6000000000000001e-03,4.0000000000000001e-02,4.0816326530612249e-02
23430,1.9219999999999999e+01,-9.7999999999999998e-01,0.0000000000000000e+00,2.0000000000000000e-02,1.6000000000000001e-03,4.0000000000000001e-02,4.0816326530612249e-02
43430,1.9219999999999999e+01,9.7999999999999998e-01,0.0000000000000000e+00,2.0000000000000000e-02,1.6000000000000001e-03,4.0000000000000001e-02,4.0816326530612249e-02
23431,1.9260000000000002e+01,-9.7999999999999998e-01,0.0000000000000000e+00,2.0000000000000000e-02,1.6000000000001000e-03,4.0000000000001250e-02,4.0816326530613518e-02
43431,1.9260000000000002e+01,9.7999999999999998e-01,0.0000000000000000e+00,2.0000000000000000e-02,1.6000000000001000e-03,4.0000000000001250e-02,4.0816326530613518e-02
23432,1.9300000000000001e+01,-9.7999999999999998e-01,0.0000000000000000e+00,2.0000000000000000e-02,1.6000000000000001e-03,4.0000000000000001e-02,4.0816326530612249e-02
43432,1.9300000000000001e+01,9.7999999999999998e-01,0.0000000000000000e+00,2.0000000000000000e-02,1.6000000000000001e-03,4.0000000000000001e-02,4.0816326530612249e-02
23433,1.9340000000000000e+01,-9.7999999999999998e-01,0.0000000000000000e+00,2.0000000000000000e-02,1.6000000000000001e-03,4.0000000000000001e-02,4.0816326530612249e-02
43433,1.9340000000000000e+01,9.7999999999999998e-01,0.0000000000000000e+00,2.0000000000000000e-02,1.6000000000000001e-03,4.0000000000000001e-02,4.0816326530612249e-02
23434,1.9379999999999999e+01,-9.7999999999999998e-01,0.0000000000000000e+00,2.0000000000000000e-02,1.6000000000000001e-03,4.0000000000000001e-02,4.0816326530612249e-02
43434,1.9379999999999999e+01,9.7999999999999998e-01,0.0000000000000000e+00,2.0000000000000000e-02,1.6000000000000001e-03,4.0000000000000001e-02,4.0816326530612249e-02
23435,1.9420000000000002e+01,-9.7999999999999998e-01,0.0000000000000000e+00,2.0000000000000000e-02,1.6000000000001000e-03,4.0000000000001250e-02,4.0816326530613518e-02
43435,1.9420000000000002e+01,9.7999999999999998e-01,0.0000000000000000e+00,2.0000000000000000e-02,1.6000000000001000e-03,4.0000000000001250e-02,4.0816326530613518e-02
23436,1.9460000000000001e+01,-9.7999999999999998e-01,0.0000000000000000e+00,2.0000000000000000e-02,1.6000000000000001e-03,4.0000000000000001e-02,4.0816326530612249e-02
43436,1.9460000000000001e+01,9.7999999999999998e-01,0.0000000000000000e+00,2.0000000000000000e-02,1.6000000000000001e-03,4.0000000000000001e-02,4.0816326530612249e-02
23437,1.9500000000000000e+01,-9.7999999999999998e-01,0.0000000000000000e+00,2.0000000000000000e-02,1.6000000000000001e-03,4.0000000000000001e-02,4.0816326530612249e-02
43437,1.9500000000000000e+01,9.7999999999999998e-01,0.0000000000000000e+00,2.0000000000000000e-02,1.6000000000000001e-03,4.0000000000000001e-02,4.0816326530612249e-02
23438,1.9539999999999999e+01,-9.7999999999999998e-01,0.0000000000000000e+00,2.0000000000000000e-02,1.6000000000000001e-03,4.0000000000000001e-02,4.0816326530612249e-02
43438,1.9539999999999999e+01,9.7999999999999998e-01,0.0000000000000000e+00,2.0000000000000000e-02,1.6000000000000001e-03,4.0000000000000001e-02,4.0816326530612249e-02
23439,1.9579999999999998e+01,-9.7999999999999998e-01,0.0000000000000000e+00,2.0000000000000000e-02,1.6000000000001000e-03,4.0000000000001250e-02,4.0816326530613518e-02
43439,1.9579999999999998e+01,9.7999999999999998e-01,0.0000000000000000e+00,2.0000000000000000e-02,1.6000000000001000e-03,4.0000000000001250e-02,4.0816326530613518e-02
23440,1.9620000000000001e+01,-9.7999999999999998e-01,0.0000000000000000e+00,2.0000000000000000e-02,1.6000000000000001e-03,4.0000000000000001e-02,4.0816326530612249e-02
43440,1.9620000000000001e+01,9.7999999999999998e-01,0.0000000000000000e+00,2.0000000000000000e-02,1.6000000000000001e-03,4.0000000000000001e-02,4.0816326530612249e-02
23441,1.9660000000000000e+01,-9.7999999999999998e-01,0.0000000000000000e+00,2.0000000000000000e-02,1.6000000000000001e-03,4.0000000000000001e-02,4.0816326530612249e-02
43441,1.9660000000000000e+01,9.7999999999999998e-01,0.0000000000000000e+00,2.0000000000000000e-02,1.6000000000000001e-03,4.0000000000000001e-02,4.0816326530612249e-02
23442,1.9699999999999999e+01,-9.7999999999999998e-01,0.0000000000000000e+00,2.0000000000000000e-02,1.6000000000000001e-03,4.0000000000000001e-02,4.0816326530612249e-02
43442,1.9699999999999999e+01,9.7999999999999998e-01,0.0000000000000000e+00,2.0000000000000000e-02,1.6000000000000001e-03,4.0000000000000001e-02,4.0816326530612249e-02
23443,1.9739999999999998e+01,-9.7999999999999998e-01,0.0000000000000000e+00,2.0000000000000000e-02,1.6000000000001000e-03,4.0000000000001250e-02,4.0816326530613518e-02
43443,1.9739999999999998e+01,9.7999999999999998e-01,0.0000000000000000e+00,2.0000000000000000e-02,1.6000000000001000e-03,4.0000000000001250e-02,4.0816326530613518e-02
23444,1.9780000000000001e+01,-9.7999999999999998e-01,0.0000000000000000e+00,2.0000000000000000e-02,1.6000000000000001e-03,4.0000000000000001e-02,4.0816326530612249e-02
43444,1.9780000000000001e+01,9.7999999999999998e-01,0.0000000000000000e+00,2.0000000000000000e-02,1.6000000000000001e-03,4.0000000000000001e-02,4.0816326530612249e-02
23445,1.9820000000000000e+01,-9.7999999999999998e-01,0.0000000000000000e+00,2.0000000000000000e-02,1.6000000000000001e-03,4.0000000000000001e-02,4.0816326530612249e-02
43445,1.9820000000000000e+01,9.7999999999999998e-01,0.0000000000000000e+00,2.0000000000000000e-02,1.6000000000000001e-03,4.0000000000000001e-02,4.0816326530612249e-02
23446,1.9859999999999999e+01,-9.7999999999999998e-01,0.0000000000000000e+00,2.0000000000000000e-02,1.6000000000000001e-03,4.0000000000000001e-02,4.0816326530612249e-02
43446,1.9859999999999999e+01,9.7999999999999998e-01,0.0000000000000000e+00,2.0000000000000000e-02,1.6000000000000001e-03,4.0000000000000001e-02,4.0816326530612249e-02
23447,1.9899999999999999e+01,-9.7999999999999998e-01,0.0000000000000000e+00,2.0000000000000000e-02,1.6000000000001000e-03,4.0000000000001250e-02,4.0816326530613518e-02
43447,1.9899999999999999e+01,9.7999999999999998e-01,0.0000000000000000e+00,2.0000000000000000e-02,1.6000000000001000e-03,4.0000000000001250e-02,4.0816326530613518e-02
23448,1.9940000000000001e+01,-9.7999999999999998e-01,0.0000000000000000e+00,2.0000000000000000e-02,1.6000000000000001e-03,4.0000000000000001e-02,4.0816326530612249e-02
43448,1.9940000000000001e+01,9.7999999999999998e-01,0.0000000000000000e+00,2.0000000000000000e-02,1.6000000000000001e-03,4.0000000000000001e-02,4.0816326530612249e-02
23449,1.9980000000000000e+01,-9.7999999999999998e-01,0.0000000000000000e+00,2.0000000000000000e-02,1.6000000000000001e-03,4.0000000000000001e-02,4.0816326530612249e-02
43449,1.9980000000000000e+01,9.7999999999999998e-01,0.0000000000000000e+00,2.0000000000000000e-02,1.6000000000000001e-03,4.0000000000000001e-02,4.0816326530612249e-02
23450,2.0020000000000000e+01,-9.7999999999999998e-01,0.0000000000000000e+00,2.0000000000000000e-02,1.6000000000000001e-03,4.0000000000000001e-02,4.0816326530612249e-02
43450,2.0020000000000000e+01,9.7999999999999998e-01,0.0000000000000000e+00,2.0000000000000000e-02,1.6000000000000001e-03,4.0000000000000001e-02,4.0816326530612249e-02
23451,2.0059999999999999e+01,-9.7999999999999998e-01,0.0000000000000000e+00,2.0000000000000000e-02,1.6000000000000001e-03,4.0000000000000001e-02,4.0816326530612249e-02
43451,2.0059999999999999e+01,9.7999999999999998e-01,0.0000000000000000e+00,2.0000000000000000e-02,1.6000000000000001e-03,4.0000000000000001e-02,4.0816326530612249e-02
23452,2.0100000000000001e+01,-9.7999999999999998e-01,0.0000000000000000e+00,2.0000000000000000e-02,1.6000000000001000e-03,4.0000000000001250e-02,4.0816326530613518e-02
43452,2.0100000000000001e+01,9.7999999999999998e-01,0.0000000000000000e+00,2.0000000000000000e-02,1.6000000000001000e-03,4.0000000000001250e-02,4.0816326530613518e-02
23453,2.0140000000000001e+01,-9.7999999999999998e-01,0.0000000000000000e+00,2.0000000000000000e-02,1.6000000000000001e-03,4.0000000000000001e-02,4.0816326530612249e-02
43453,2.0140000000000001e+01,9.7999999999999998e-01,0.0000000000000000e+00,2.0000000000000000e-02,1.6000000000000001e-03,4.0000000000000001e-02,4.0816326530612249e-02
23454,2.0180000000000000e+01,-9.7999999999999998e-01,0.0000000000000000e+00,2.0000000000000000e-02,1.6000000000000001e-03,4.0000000000000001e-02,4.0816326530612249e-02
43454,2.0180000000000000e+01,9.7999999999999998e-01,0.0000000000000000e+00,2.0000000000000000e-02,1.6000000000000001e-03,4.0000000000000001e-02,4.0816326530612249e-02
23455,2.0219999999999999e+01,-9.7999999999999998e-01,0.0000000000000000e+00,2.0000000000000000e-02,1.6000000000000001e-03,4.0000000000000001e-02,4.0816326530612249e-02
43455,2.0219999999999999e+01,9.7999999999999998e-01,0.0000000000000000e+00,2.0000000000000000e-02,1.6000000000000001e-03,4.0000000000000001e-02,4.0816326530612249e-02
23456,2.0260000000000002e+01,-9.7999999999999998e-01,0.0000000000000000e+00,2.0000000000000000e-02,1.6000000000001000e-03,4.0000000000001250e-02,4.0816326530613518e-02
43456,2.0260000000000002e+01,9.7999999999999998e-01,0.0000000000000000e+00,2.0000000000000000e-02,1.6000000000001000e-03,4.0000000000001250e-02,4.0816326530613518e-02
23457,2.0300000000000001e+01,-9.7999999999999998e-01,0.0000000000000000e+00,2.0000000000000000e-02,1.6000000000000001e-03,4.0000000000000001e-02,4.0816326530612249e-02
43457,2.0300000000000001e+01,9.7999999999999998e-01,0.0000000000000000e+00,2.0000000000000000e-02,1.6000000000000001e-03,4.0000000000000001e-02,4.0816326530612249e-02
23458,2.0340000000000000e+01,-9.7999999999999998e-01,0.0000000000000000e+00,2.0000000000000000e-02,1.6000000000000001e-03,4.0000000000000001e-02,4.0816326530612249e-02
43458,2.0340000000000000e+01,9.7999999999999998e-01,0.0000000000000000e+00,2.0000000000000000e-02,1.6000000000000001e-03,4.0000000000000001e-02,4.0816326530612249e-02
23459,2.0379999999999999e+01,-9.7999999999999998e-01,0.0000000000000000e+00,2.0000000000000000e-02,1.6000000000000001e-03,4.0000000000000001e-02,4.0816326530612249e-02
43459,2.0379999999999999e+01,9.7999999999999998e-01,0.0000000000000000e+00,2.0000000000000000e-02,1.6000000000000001e-03,4.0000000000000001e-02,4.0816326530612249e-02
23460,2.0420000000000002e+01,-9.7999999999999998e-01,0.0000000000000000e+00,2.0000000000000000e-02,1.6000000000001000e-03,4.0000000000001250e-02,4.0816326530613518e-02
43460,2.0420000000000002e+01,9.7999999999999998e-01,0.0000000000000000e+00,2.0000000000000000e-02,1.6000000000001000e-03,4.0000000000001250e-02,4.0816326530613518e-02
23461,2.0460000000000001e+01,-9.7999999999999998e-01,0.0000000000000000e+00,2.0000000000000000e-02,1.6000000000000001e-03,4.0000000000000001e-02,4.0816326530612249e-02
43461,2.0460000000000001e+01,9.7999999999999998e-01,0.0000000000000000e+00,2.0000000000000000e-02,1.6000000000000001e-03,4.0000000000000001e-02,4.0816326530612249e-02
23462,2.0500000000000000e+01,-9.7999999999999998e-01,0.0000000000000000e+00,2.0000000000000000e-02,1.6000000000000001e-03,4.0000000000000001e-02,4.0816326530612249e-02
43462,2.0500000000000000e+01,9.7999999999999998e-01,0.0000000000000000e+00,2.0000000000000000e-02,1.6000000000000001e-03,4.0000000000000001e-02,4.0816326530612249e-02
23463,2.0539999999999999e+01,-9.7999999999999998e-01,0.0000000000000000e+00,2.0000000000000000e-02,1.6000000000000001e-03,4.0000000000000001e-02,4.0816326530612249e-02
43463,2.0539999999999999e+01,9.7999999999999998e-01,0.0000000000000000e+00,2.0000000000000000e-02,1.6000000000000001e-03,4.0000000000000001e-02,4.0816326530612249e-02
23464,2.0579999999999998e+01,-9.7999999999999998e-01,0.0000000000000000e+00,2.0000000000000000e-02,1.6000000000001000e-03,4.0000000000001250e-02,4.0816326530613518e-02
43464,2.0579999999999998e+01,9.7999999999999998e-01,0.0000000000000000e+00,2.0000000000000000e-02,1.6000000000001000e-03,4.0000000000001250e-02,4.0816326530613518e-02
23465,2.0620000000000001e+01,-9.7999999999999998e-01,0.0000000000000000e+00,2.0000000000000000e-02,1.6000000000000001e-03,4.0000000000000001e-02,4.0816326530612249e-02
43465,2.0620000000000001e+01,9.7999999999999998e-01,0.0000000000000000e+00,2.0000000000000000e-02,1.6000000000000001e-03,4.0000000000000001e-02,4.0816326530612249e-02
23466,2.0660000000000000e+01,-9.7999999999999998e-01,0.0000000000000000e+00,2.0000000000000000e-02,1.6000000000000001e-03,4.0000000000000001e-02,4.0816326530612249e-02
43466,2.0660000000000000e+01,9.7999999999999998e-01,0.0000000000000000e+00,2.0000000000000000e-02,1.6000000000000001e-03,4.0000000000000001e-02,4.0816326530612249e-02
23467,2.0699999999999999e+01,-9.7999999999999998e-01,0.0000000000000000e+00,2.0000000000000000e-02,1.6000000000000001e-03,4.0000000000000001e-02,4.0816326530612249e-02
43467,2.0699999999999999e+01,9.7999999999999998e-01,0.0000000000000000e+00,2.0000000000000000e-02,1.6000000000000001e-03,4.0000000000000001e-02,4.0816326530612249e-02
23468,2.0739999999999998e+01,-9.7999999999999998e-01,0.0000000000000000e+00,2.0000000000000000e-02,1.6000000000001000e-03,4.0000000000001250e-02,4.0816326530613518e-02
43468,2.0739999999999998e+01,9.7999999999999998e-01,0.0000000000000000e+00,2.0000000000000000e-02,1.6000000000001000e-03,4.0000000000001250e-02,4.0816326530613518e-02
23469,2.0780000000000001e+01,-9.7999999999999998e-01,0.0000000000000000e+00,2.0000000000000000e-02,1.6000000000000001e-03,4.0000000000000001e-02,4.0816326530612249e-02
43469,2.0780000000000001e+01,9.7999999999999998e-01,0.0000000000000000e+00,2.0000000000000000e-02,1.6000000000000001e-03,4.0000000000000001e-02,4.0816326530612249e-02
23470,2.0820000000000000e+01,-9.7999999999999998e-01,0.0000000000000000e+00,2.0000000000000000e-02,1.6000000000000001e-03,4.0000000000000001e-02,4.0816326530612249e-02
43470,2.0820000000000000e+01,9.7999999999999998e-01,0.0000000000000000e+00,2.0000000000000000e-02,1.6000000000000001e-03,4.0000000000000001e-02,4.0816326530612249e-02
23471,2.0859999999999999e+01,-9.7999999999999998e-01,0.0000000000000000e+00,2.0000000000000000e-02,1.6000000000000001e-03,4.0000000000000001e-02,4.0816326530612249e-02
43471,2.0859999999999999e+01,9.7999999999999998e-01,0.0000000000000000e+00,2.0000000000000000e-02,1.6000000000000001e-03,4.0000000000000001e-02,4.0816326530612249e-02
23472,2.0899999999999999e+01,-9.7999999999999998e-01,0.0000000000000000e+00,2.0000000000000000e-02,1.6000000000001000e-03,4.0000000000001250e-02,4.0816326530613518e-02
43472,2.0899999999999999e+01,9.7999999999999998e-01,0.0000000000000000e+00,2.0000000000000000e-02,1.6000000000001000e-03,4.0000000000001250e-02,4.0816326530613518e-02
23473,2.0940000000000001e+01,-9.7999999999999998e-01,0.0000000000000000e+00,2.0000000000000000e-02,1.6000000000000001e-03,4.0000000000000001e-02,4.0816326530612249e-02
43473,2.0940000000000001e+01,9.7999999999999998e-01,0.0000000000000000e+00,2.0000000000000000e-02,1.6000000000000001e-03,4.0000000000000001e-02,4.0816326530612249e-02
23474,2.0980000000000000e+01,-9.7999999999999998e-01,0.0000000000000000e+00,2.0000000000000000e-02,1.6000000000000001e-03,4.0000000000000001e-02,4.0816326530612249e-02
43474,2.0980000000000000e+01,9.7999999999999998e-01,0.0000000000000000e+00,2.0000000000000000e-02,1.6000000000000001e-03,4.0000000000000001e-02,4.0816326530612249e-02
43475,2.1020000000000000e+01,9.7999999999999998e-01,0.0000000000000000e+00,2.0000000000000000e-02,1.6000000000000001e-03,4.0000000000000001e-02,4.0816326530612249e-02
23475,2.1020000000000000e+01,-9.7999999999999998e-01,0.0000000000000000e+00,2.0000000000000000e-02,1.6000000000000001e-03,4.0000000000000001e-02,4.0816326530612249e-02
43476,2.1059999999999999e+01,9.7999999999999998e-01,0.0000000000000000e+00,2.0000000000000000e-02,1.6000000000000001e-03,4.0000000000000001e-02,4.0816326530612249e-02
23476,2.1059999999999999e+01,-9.7999999999999998e-01,0.0000000000000000e+00,2.0000000000000000e-02,1.6000000000000001e-03,4.0000000000000001e-02,4.0816326530612249e-02
43477,2.1100000000000001e+01,9.7999999999999998e-01,0.0000000000000000e+00,2.0000000000000000e-02,1.6000000000001000e-03,4.0000000000001250e-02,4.0816326530613518e-02
23477,2.1100000000000001e+01,-9.7999999999999998e-01,0.0000000000000000e+00,2.0000000000000000e-02,1.6000000000001000e-03,4.0000000000001250e-02,4.0816326530613518e-02
43478,2.1140000000000001e+01,9.7999999999999998e-01,0.0000000000000000e+00,2.0000000000000000e-02,1.6000000000000001e-03,4.0000000000000001e-02,4.0816326530612249e-02
23478,2.1140000000000001e+01,-9.7999999999999998e-01,0.0000000000000000e+00,2.0000000000000000e-02,1.6000000000000001e-03,4.0000000000000001e-02,4.0816326530612249e-02
43479,2.1180000000000000e+01,9.7999999999999998e-01,0.0000000000000000e+00,2.0000000000000000e-02,1.6000000000000001e-03,4.0000000000000001e-02,4.0816326530612249e-02
23479,2.1180000000000000e+01,-9.7999999999999998e-01,0.0000000000000000e+00,2.0000000000000000e-02,1.6000000000000001e-03,4.0000000000000001e-02,4.0816326530612249e-02
23480,2.1219999999999999e+01,-9.7999999999999998e-01,0.0000000000000000e+00,2.0000000000000000e-02,1.6000000000000001e-03,4.0000000000000001e-02,4.0816326530612249e-02
43480,2.1219999999999999e+01,9.7999999999999998e-01,0.0000000000000000e+00,2.0000000000000000e-02,1.6000000000000001e-03,4.0000000000000001e-02,4.0816326530612249e-02
23481,2.1260000000000002e+01,-9.7999999999999998e-01,0.0000000000000000e+00,2.0000000000000000e-02,1.6000000000001000e-03,4.0000000000001250e-02,4.0816326530613518e-02
43481,2.1260000000000002e+01,9.7999999999999998e-01,0.0000000000000000e+00,2.0000000000000000e-02,1.6000000000001000e-03,4.0000000000001250e-02,4.0816326530613518e-02
23482,2.1300000000000001e+01,-9.7999999999999998e-01,0.0000000000000000e+00,2.0000000000000000e-02,1.6000000000000001e-03,4.0000000000000001e-02,4.0816326530612249e-02
43482,2.1300000000000001e+01,9.7999999999999998e-01,0.0000000000000000e+00,2.0000000000000000e-02,1.6000000000000001e-03,4.0000000000000001e-02,4.0816326530612249e-02
43483,2.1340000000000000e+01,9.7999999999999998e-01,0.0000000000000000e+00,2.0000000000000000e-02,1.6000000000000001e-03,4.0000000000000001e-02,4.0816326530612249e-02
23483,2.1340000000000000e+01,-9.7999999999999998e-01,0.0000000000000000e+00,2.0000000000000000e-02,1.6000000000000001e-03,4.0000000000000001e-02,4.0816326530612249e-02
43484,2.1379999999999999e+01,9.7999999999999998e-01,0.0000000000000000e+00,2.0000000000000000e-02,1.6000000000000001e-03,4.0000000000000001e-02,4.0816326530612249e-02
23484,2.1379999999999999e+01,-9.7999999999999998e-01,0.0000000000000000e+00,2.0000000000000000e-02,1.6000000000000001e-03,4.0000000000000001e-02,4.0816326530612249e-02
23485,2.1420000000000002e+01,-9.7999999999999998e-01,0.0000000000000000e+00,2.0000000000000000e-02,1.6000000000001000e-03,4.0000000000001250e-02,4.0816326530613518e-02
43485,2.1420000000000002e+01,9.7999999999999998e-01,0.0000000000000000e+00,2.0000000000000000e-02,1.6000000000001000e-03,4.0000000000001250e-02,4.0816326530613518e-02
23486,2.1460000000000001e+01,-9.7999999999999998e-01,0.0000000000000000e+00,2.0000000000000000e-02,1.6000000000000001e-03,4.0000000000000001e-02,4.0816326530612249e-02
43486,2.1460000000000001e+01,9.7999999999999998e-01,0.0000000000000000e+00,2.0000000000000000e-02,1.6000000000000001e-03,4.0000000000000001e-02,4.0816326530612249e-02
23487,2.1500000000000000e+01,-9.7999999999999998e-01,0.0000000000000000e+00,2.0000000000000000e-02,1.6000000000000001e-03,4.0000000000000001e-02,4.0816326530612249e-02
43487,2.1500000000000000e+01,9.7999999999999998e-01,0.0000000000000000e+00,2.0000000000000000e-02,1.6000000000000001e-03,4.0000000000000001e-02,4.0816326530612249e-02
23488,2.1539999999999999e+01,-9.7999999999999998e-01,0.0000000000000000e+00,2.0000000000000000e-02,1.6000000000000001e-03,4.0000000000000001e-02,4.0816326530612249e-02
43488,2.1539999999999999e+01,9.7999999999999998e-01,0.0000000000000000e+00,2.0000000000000000e-02,1.6000000000000001e-03,4.0000000000000001e-02,4.0816326530612249e-02
23489,2.1579999999999998e+01,-9.7999999999999998e-01,0.0000000000000000e+00,2.0000000000000000e-02,1.6000000000001000e-03,4.0000000000001250e-02,4.0816326530613518e-02
43489,2.1579999999999998e+01,9.7999999999999998e-01,0.0000000000000000e+00,2.0000000000000000e-02,1.6000000000001000e-03,4.0000000000001250e-02,4.0816326530613518e-02
43490,2.1620000000000001e+01,9.7999999999999998e-01,0.0000000000000000e+00,2.0000000000000000e-02,1.6000000000000001e-03,4.0000000000000001e-02,4.0816326530612249e-02
23490,2.1620000000000001e+01,-9.7999999999999998e-01,0.0000000000000000e+00,2.0000000000000000e-02,1.6000000000000001e-03,4.0000000000000001e-02,4.0816326530612249e-02
43491,2.1660000000000000e+01,9.7999999999999998e-01,0.0000000000000000e+00,2.0000000000000000e-02,1.6000000000000001e-03,4.0000000000000001e-02,4.0816326530612249e-02
23491,2.1660000000000000e+01,-9.7999999999999998e-01,0.0000000000000000e+00,2.0000000000000000e-02,1.6000000000000001e-03,4.0000000000000001e-02,4.0816326530612249e-02
23492,2.1699999999999999e+01,-9.7999999999999998e-01,0.0000000000000000e+00,2.0000000000000000e-02,1.6000000000000001e-03,4.0000000000000001e-02,4.0816326530612249e-02
43492,2.1699999999999999e+01,9.7999999999999998e-01,0.0000000000000000e+00,2.0000000000000000e-02,1.6000000000000001e-03,4.0000000000000001e-02,4.0816326530612249e-02
23493,2.1739999999999998e+01,-9.7999999999999998e-01,0.0000000000000000e+00,2.0000000000000000e-02,1.6000000000001000e-03,4.0000000000001250e-02,4.0816326530613518e-02
43493,2.1739999999999998e+01,9.7999999999999998e-01,0.0000000000000000e+00,2.0000000000000000e-02,1.6000000000001000e-03,4.0000000000001250e-02,4.0816326530613518e-02
23494,2.1780000000000001e+01,-9.7999999999999998e-01,0.0000000000000000e+00,2.0000000000000000e-02,1.6000000000000001e-03,4.0000000000000001e-02,4.0816326530612249e-02
43494,2.1780000000000001e+01,9.7999999999999998e-01,0.0000000000000000e+00,2.0000000000000000e-02,1.6000000000000001e-03,4.0000000000000001e-02,4.0816326530612249e-02
23495,2.1820000000000000e+01,-9.7999999999999998e-01,0.0000000000000000e+00,2.0000000000000000e-02,1.6000000000000001e-03,4.0000000000000001e-02,4.0816326530612249e-02
43495,2.1820000000000000e+01,9.7999999999999998e-01,0.0000000000000000e+00,2.0000000000000000e-02,1.6000000000000001e-03,4.0000000000000001e-02,4.0816326530612249e-02
23496,2.1859999999999999e+01,-9.7999999999999998e-01,0.0000000000000000e+00,2.0000000000000000e-02,1.6000000000000001e-03,4.0000000000000001e-02,4.0816326530612249e-02
43496,2.1859999999999999e+01,9.7999999999999998e-01,0.0000000000000000e+00,2.0000000000000000e-02,1.6000000000000001e-03,4.0000000000000001e-02,4.0816326530612249e-02
43497,2.1899999999999999e+01,9.7999999999999998e-01,0.0000000000000000e+00,2.0000000000000000e-02,1.6000000000001000e-03,4.0000000000001250e-02,4.0816326530613518e-02
23497,2.1899999999999999e+01,-9.7999999999999998e-01,0.0000000000000000e+00,2.0000000000000000e-02,1.6000000000001000e-03,4.0000000000001250e-02,4.0816326530613518e-02
43498,2.1940000000000001e+01,9.7999999999999998e-01,0.0000000000000000e+00,2.0000000000000000e-02,1.6000000000000001e-03,4.0000000000000001e-02,4.0816326530612249e-02
23498,2.1940000000000001e+01,-9.7999999999999998e-01,0.0000000000000000e+00,2.0000000000000000e-02,1.6000000000000001e-03,4.0000000000000001e-02,4.0816326530612249e-02
23499,2.1980000000000000e+01,-9.7999999999999998e-01,0.0000000000000000e+00,2.0000000000000000e-02,1.6000000000000001e-03,4.0000000000000001e-02,4.0816326530612249e-02
43499,2.1980000000000000e+01,9.7999999999999998e-01,0.0000000000000000e+00,2.0000000000000000e-02,1.6000000000000001e-03,4.0000000000000001e-02,4.0816326530612249e-02
23500,2.2020000000000000e+01,-9.7999999999999998e-01,0.0000000000000000e+00,2.0000000000000000e-02,1.6000000000000001e-03,4.0000000000000001e-02,4.0816326530612249e-02
43500,2.2020000000000000e+01,9.7999999999999998e-01,0.0000000000000000e+00,2.0000000000000000e-02,1.6000000000000001e-03,4.0000000000000001e-02,4.0816326530612249e-02
43501,2.2059999999999999e+01,9.7999999999999998e-01,0.0000000000000000e+00,2.0000000000000000e-02,1.6000000000000001e-03,4.0000000000000001e-02,4.0816326530612249e-02
23501,2.2059999999999999e+01,-9.7999999999999998e-01,0.0000000000000000e+00,2.0000000000000000e-02,1.6000000000000001e-03,4.0000000000000001e-02,4.0816326530612249e-02
23502,2.2100000000000001e+01,-9.7999999999999998e-01,0.0000000000000000e+00,2.0000000000000000e-02,1.6000000000001000e-03,4.0000000000001250e-02,4.0816326530613518e-02
43502,2.2100000000000001e+01,9.7999999999999998e-01,0.0000000000000000e+00,2.0000000000000000e-02,1.6000000000001000e-03,4.0000000000001250e-02,4.0816326530613518e-02
23503,2.2140000000000001e+01,-9.7999999999999998e-01,0.0000000000000000e+00,2.0000000000000000e-02,1.6000000000000001e-03,4.0000000000000001e-02,4.0816326530612249e-02
43503,2.2140000000000001e+01,9.7999999999999998e-01,0.0000000000000000e+00,2.0000000000000000e-02,1.6000000000000001e-03,4.0000000000000001e-02,4.0816326530612249e-02
23504,2.2180000000000000e+01,-9.7999999999999998e-01,0.0000000000000000e+00,2.0000000000000000e-02,1.6000000000000001e-03,4.0000000000000001e-02,4.0816326530612249e-02
43504,2.2180000000000000e+01,9.7999999999999998e-01,0.0000000000000000e+00,2.0000000000000000e-02,1.6000000000000001e-03,4.0000000000000001e-02,4.0816326530612249e-02
23505,2.2219999999999999e+01,-9.7999999999999998e-01,0.0000000000000000e+00,2.0000000000000000e-02,1.6000000000000001e-03,4.0000000000000001e-02,4.0816326530612249e-02
43505,2.2219999999999999e+01,9.7999999999999998e-01,0.0000000000000000e+00,2.0000000000000000e-02,1.6000000000000001e-03,4.0000000000000001e-02,4.0816326530612249e-02
23506,2.2260000000000002e+01,-9.7999999999999998e-01,0.0000000000000000e+00,2.0000000000000000e-02,1.6000000000001000e-03,4.0000000000001250e-02,4.0816326530613518e-02
43506,2.2260000000000002e+01,9.7999999999999998e-01,0.0000000000000000e+00,2.0000000000000000e-02,1.6000000000001000e-03,4.0000000000001250e-02,4.0816326530613518e-02
23507,2.2300000000000001e+01,-9.7999999999999998e-01,0.0000000000000000e+00,2.0000000000000000e-02,1.6000000000000001e-03,4.0000000000000001e-02,4.0816326530612249e-02
43507,2.2300000000000001e+01,9.7999999999999998e-01,0.0000000000000000e+00,2.0000000000000000e-02,1.6000000000000001e-03,4.0000000000000001e-02,4.0816326530612249e-02
43508,2.2340000000000000e+01,9.7999999999999998e-01,0.0000000000000000e+00,2.0000000000000000e-02,1.6000000000000001e-03,4.0000000000000001e-02,4.0816326530612249e-02
23508,2.2340000000000000e+01,-9.7999999999999998e-01,0.0000000000000000e+00,2.0000000000000000e-02,1.6000000000000001e-03,4.0000000000000001e-02,4.0816326530612249e-02
43509,2.2379999999999999e+01,9.7999999999999998e-01,0.0000000000000000e+00,2.0000000000000000e-02,1.6000000000000001e-03,4.0000000000000001e-02,4.0816326530612249e-02
23509,2.2379999999999999e+01,-9.7999999999999998e-01,0.0000000000000000e+00,2.0000000000000000e-02,1.6000000000000001e-03,4.0000000000000001e-02,4.0816326530612249e-02
23510,2.2420000000000002e+01,-9.7999999999999998e-01,0.0000000000000000e+00,2.0000000000000000e-02,1.6000000000001000e-03,4.0000000000001250e-02,4.0816326530613518e-02
43510,2.2420000000000002e+01,9.7999999999999998e-01,0.0000000000000000e+00,2.0000000000000000e-02,1.6000000000001000e-03,4.0000000000001250e-02,4.0816326530613518e-02
23511,2.2460000000000001e+01,-9.7999999999999998e-01,0.0000000000000000e+00,2.0000000000000000e-02,1.6000000000000001e-03,4.0000000000000001e-02,4.0816326530612249e-02
43511,2.2460000000000001e+01,9.7999999999999998e-01,0.0000000000000000e+00,2.0000000000000000e-02,1.6000000000000001e-03,4.0000000000000001e-02,4.0816326530612249e-02
23512,2.2500000000000000e+01,-9.7999999999999998e-01,0.0000000000000000e+00,2.0000000000000000e-02,1.6000000000000001e-03,4.0000000000000001e-02,4.0816326530612249e-02
43512,2.2500000000000000e+01,9.7999999999999998e-01,0.0000000000000000e+00,2.0000000000000000e-02,1.6000000000000001e-03,4.0000000000000001e-02,4.0816326530612249e-02
23513,2.2539999999999999e+01,-9.7999999999999998e-01,0.0000000000000000e+00,2.0000000000000000e-02,1.6000000000000001e-03,4.0000000000000001e-02,4.0816326530612249e-02
43513,2.2539999999999999e+01,9.7999999999999998e-01,0.0000000000000000e+00,2.0000000000000000e-02,1.6000000000000001e-03,4.0000000000000001e-02,4.0816326530612249e-02
23514,2.2579999999999998e+01,-9.7999999999999998e-01,0.0000000000000000e+00,2.0000000000000000e-02,1.6000000000001000e-03,4.0000000000001250e-02,4.0816326530613518e-02
43514,2.2579999999999998e+01,9.7999999999999998e-01,0.0000000000000000e+00,2.0000000000000000e-02,1.6000000000001000e-03,4.0000000000001250e-02,4.0816326530613518e-02
43515,2.2620000000000001e+01,9.7999999999999998e-01,0.0000000000000000e+00,2.0000000000000000e-02,1.6000000000000001e-03,4.0000000000000001e-02,4.0816326530612249e-02
23515,2.2620000000000001e+01,-9.7999999999999998e-01,0.0000000000000000e+00,2.0000000000000000e-02,1.6000000000000001e-03,4.0000000000000001e-02,4.0816326530612249e-02
43516,2.2660000000000000e+01,9.7999999999999998e-01,0.0000000000000000e+00,2.0000000000000000e-02,1.6000000000000001e-03,4.0000000000000001e-02,4.0816326530612249e-02
23516,2.2660000000000000e+01,-9.7999999999999998e-01,0.0000000000000000e+00,2.0000000000000000e-02,1.6000000000000001e-03,4.0000000000000001e-02,4.0816326530612249e-02
23517,2.2699999999999999e+01,-9.7999999999999998e-01,0.0000000000000000e+00,2.0000000000000000e-02,1.6000000000000001e-03,4.0000000000000001e-02,4.0816326530612249e-02
43517,2.2699999999999999e+01,9.7999999999999998e-01,0.0000000000000000e+00,2.0000000000000000e-02,1.6000000000000001e-03,4.0000000000000001e-02,4.0816326530612249e-02
23518,2.2739999999999998e+01,-9.7999999999999998e-01,0.0000000000000000e+00,2.0000000000000000e-02,1.6000000000001000e-03,4.0000000000001250e-02,4.0816326530613518e-02
43518,2.2739999999999998e+01,9.7999999999999998e-01,0.0000000000000000e+00,2.0000000000000000e-02,1.6000000000001000e-03,4.0000000000001250e-02,4.0816326530613518e-02
23519,2.2780000000000001e+01,-9.7999999999999998e-01,0.0000000000000000e+00,2.0000000000000000e-02,1.6000000000000001e-03,4.0000000000000001e-02,4.0816326530612249e-02
43519,2.2780000000000001e+01,9.7999999999999998e-01,0.0000000000000000e+00,2.0000000000000000e-02,1.6000000000000001e-03,4.0000000000000001e-02,4.0816326530612249e-02
23520,2.2820000000000000e+01,-9.7999999999999998e-01,0.0000000000000000e+00,2.0000000000000000e-02,1.6000000000000001e-03,4.0000000000000001e-02,4.0816326530612249e-02
43520,2.2820000000000000e+01,9.7999999999999998e-01,0.0000000000000000e+00,2.0000000000000000e-02,1.6000000000000001e-03,4.0000000000000001e-02,4.0816326530612249e-02
23521,2.2859999999999999e+01,-9.7999999999999998e-01,0.0000000000000000e+00,2.0000000000000000e-02,1.6000000000000001e-03,4.0000000000000001e-02,4.0816326530612249e-02
43521,2.2859999999999999e+01,9.7999999999999998e-01,0.0000000000000000e+00,2.0000000000000000e-02,1.6000000000000001e-03,4.0000000000000001e-02,4.0816326530612249e-02
43522,2.2899999999999999e+01,9.7999999999999998e-01,0.0000000000000000e+00,2.0000000000000000e-02,1.6000000000001000e-03,4.0000000000001250e-02,4.0816326530613518e-02
23522,2.2899999999999999e+01,-9.7999999999999998e-01,0.0000000000000000e+00,2.0000000000000000e-02,1.6000000000001000e-03,4.0000000000001250e-02,4.0816326530613518e-02
43523,2.2940000000000001e+01,9.7999999999999998e-01,0.0000000000000000e+00,2.0000000000000000e-02,1.6000000000000001e-03,4.0000000000000001e-02,4.0816326530612249e-02
23523,2.2940000000000001e+01,-9.7999999999999998e-01,0.0000000000000000e+00,2.0000000000000000e-02,1.6000000000000001e-03,4.0000000000000001e-02,4.0816326530612249e-02
23524,2.2980000000000000e+01,-9.7999999999999998e-01,0.0000000000000000e+00,2.0000000000000000e-02,1.6000000000000001e-03,4.0000000000000001e-02,4.0816326530612249e-02
43524,2.2980000000000000e+01,9.7999999999999998e-01,0.0000000000000000e+00,2.0000000000000000e-02,1.6000000000000001e-03,4.0000000000000001e-02,4.0816326530612249e-02
23525,2.3020000000000000e+01,-9.7999999999999998e-01,0.0000000000000000e+00,2.0000000000000000e-02,1.6000000000000001e-03,4.0000000000000001e-02,4.0816326530612249e-02
43525,2.3020000000000000e+01,9.7999999999999998e-01,0.0000000000000000e+00,2.0000000000000000e-02,1.6000000000000001e-03,4.0000000000000001e-02,4.0816326530612249e-02
43526,2.3059999999999999e+01,9.7999999999999998e-01,0.0000000000000000e+00,2.0000000000000000e-02,1.6000000000000001e-03,4.0000000000000001e-02,4.0816326530612249e-02
23526,2.3059999999999999e+01,-9.7999999999999998e-01,0.0000000000000000e+00,2.0000000000000000e-02,1.6000000000000001e-03,4.0000000000000001e-02,4.0816326530612249e-02
43527,2.3100000000000001e+01,9.7999999999999998e-01,0.0000000000000000e+00,2.0000000000000000e-02,1.6000000000001000e-03,4.0000000000001250e-02,4.0816326530613518e-02
23527,2.3100000000000001e+01,-9.7999999999999998e-01,0.0000000000000000e+00,2.0000000000000000e-02,1.6000000000001000e-03,4.0000000000001250e-02,4.0816326530613518e-02
43528,2.3140000000000001e+01,9.7999999999999998e-01,0.0000000000000000e+00,2.0000000000000000e-02,1.6000000000000001e-03,4.0000000000000001e-02,4.0816326530612249e-02
23528,2.3140000000000001e+01,-9.7999999999999998e-01,0.0000000000000000e+00,2.0000000000000000e-02,1.6000000000000001e-03,4.0000000000000001e-02,4.0816326530612249e-02
43529,2.3180000000000000e+01,9.7999999999999998e-01,0.0000000000000000e+00,2.0000000000000000e-02,1.6000000000000001e-03,4.0000000000000001e-02,4.0816326530612249e-02
23529,2.3180000000000000e+01,-9.7999999999999998e-01,0.0000000000000000e+00,2.0000000000000000e-02,1.6000000000000001e-03,4.0000000000000001e-02,4.0816326530612249e-02
43530,2.3219999999999999e+01,9.7999999999999998e-01,0.0000000000000000e+00,2.0000000000000000e-02,1.6000000000000001e-03,4.0000000000000001e-02,4.0816326530612249e-02
23530,2.3219999999999999e+01,-9.7999999999999998e-01,0.0000000000000000e+00,2.0000000000000000e-02,1.6000000000000001e-03,4.0000000000000001e-02,4.0816326530612249e-02
43531,2.3260000000000002e+01,9.7999999999999998e-01,0.0000000000000000e+00,2.0000000000000000e-02,1.6000000000001000e-03,4.0000000000001250e-02,4.0816326530613518e-02
23531,2.3260000000000002e+01,-9.7999999999999998e-01,0.0000000000000000e+00,2.0000000000000000e-02,1.6000000000001000e-03,4.0000000000001250e-02,4.0816326530613518e-02
23532,2.3300000000000001e+01,-9.7999999999999998e-01,0.0000000000000000e+00,2.0000000000000000e-02,1.6000000000000001e-03,4.0000000000000001e-02,4.0816326530612249e-02
43532,2.3300000000000001e+01,9.7999999999999998e-01,0.0000000000000000e+00,2.0000000000000000e-02,1.6000000000000001e-03,4.0000000000000001e-02,4.0816326530612249e-02
43533,2.3340000000000000e+01,9.7999999999999998e-01,0.0000000000000000e+00,2.0000000000000000e-02,1.6000000000000001e-03,4.0000000000000001e-02,4.0816326530612249e-02
23533,2.3340000000000000e+01,-9.7999999999999998e-01,0.0000000000000000e+00,2.0000000000000000e-02,1.6000000000000001e-03,4.0000000000000001e-02,4.0816326530612249e-02
43534,2.3379999999999999e+01,9.7999999999999998e-01,0.0000000000000000e+00,2.0000000000000000e-02,1.6000000000000001e-03,4.0000000000000001e-02,4.0816326530612249e-02
23534,2.3379999999999999e+01,-9.7999999999999998e-01,0.0000000000000000e+00,2.0000000000000000e-02,1.6000000000000001e-03,4.0000000000000001e-02,4.0816326530612249e-02
23535,2.3420000000000002e+01,-9.7999999999999998e-01,0.0000000000000000e+00,2.0000000000000000e-02,1.6000000000001000e-03,4.0000000000001250e-02,4.0816326530613518e-02
43535,2.3420000000000002e+01,9.7999999999999998e-01,0.0000000000000000e+00,2.0000000000000000e-02,1.6000000000001000e-03,4.0000000000001250e-02,4.0816326530613518e-02
23536,2.3460000000000001e+01,-9.7999999999999998e-01,0.0000000000000000e+00,2.0000000000000000e-02,1.6000000000000001e-03,4.0000000000000001e-02,4.0816326530612249e-02
43536,2.3460000000000001e+01,9.7999999999999998e-01,0.0000000000000000e+00,2.0000000000000000e-02,1.6000000000000001e-03,4.0000000000000001e-02,4.0816326530612249e-02
23537,2.3500000000000000e+01,-9.7999999999999998e-01,0.0000000000000000e+00,2.0000000000000000e-02,1.6000000000000001e-03,4.0000000000000001e-02,4.0816326530612249e-02
43537,2.3500000000000000e+01,9.7999999999999998e-01,0.0000000000000000e+00,2.0000000000000000e-02,1.6000000000000001e-03,4.0000000000000001e-02,4.0816326530612249e-02
23538,2.3539999999999999e+01,-9.7999999999999998e-01,0.0000000000000000e+00,2.0000000000000000e-02,1.6000000000000001e-03,4.0000000000000001e-02,4.0816326530612249e-02
43538,2.3539999999999999e+01,9.7999999999999998e-01,0.0000000000000000e+00,2.0000000000000000e-02,1.6000000000000001e-03,4.0000000000000001e-02,4.0816326530612249e-02
23539,2.3579999999999998e+01,-9.7999999999999998e-01,0.0000000000000000e+00,2.0000000000000000e-02,1.6000000000001000e-03,4.0000000000001250e-02,4.0816326530613518e-02
43539,2.3579999999999998e+01,9.7999999999999998e-01,0.0000000000000000e+00,2.0000000000000000e-02,1.6000000000001000e-03,4.0000000000001250e-02,4.0816326530613518e-02
43540,2.3620000000000001e+01,9.7999999999999998e-01,0.0000000000000000e+00,2.0000000000000000e-02,1.6000000000000001e-03,4.0000000000000001e-02,4.0816326530612249e-02
23540,2.3620000000000001e+01,-9.7999999999999998e-01,0.0000000000000000e+00,2.0000000000000000e-02,1.6000000000000001e-03,4.0000000000000001e-02,4.0816326530612249e-02
43541,2.3660000000000000e+01,9.7999999999999998e-01,0.0000000000000000e+00,2.0000000000000000e-02,1.6000000000000001e-03,4.0000000000000001e-02,4.0816326530612249e-02
23541,2.3660000000000000e+01,-9.7999999999999998e-01,0.0000000000000000e+00,2.0000000000000000e-02,1.6000000000000001e-03,4.0000000000000001e-02,4.0816326530612249e-02
23542,2.3699999999999999e+01,-9.7999999999999998e-01,0.0000000000000000e+00,2.0000000000000000e-02,1.6000000000000001e-03,4.0000000000000001e-02,4.0816326530612249e-02
43542,2.3699999999999999e+01,9.7999999999999998e-01,0.0000000000000000e+00,2.0000000000000000e-02,1.6000000000000001e-03,4.0000000000000001e-02,4.0816326530612249e-02
23543,2.3739999999999998e+01,-9.7999999999999998e-01,0.0000000000000000e+00,2.0000000000000000e-02,1.6000000000001000e-03,4.0000000000001250e-02,4.0816326530613518e-02
43543,2.3739999999999998e+01,9.7999999999999998e-01,0.0000000000000000e+00,2.0000000000000000e-02,1.6000000000001000e-03,4.0000000000001250e-02,4.0816326530613518e-02
23544,2.3780000000000001e+01,-9.7999999999999998e-01,0.0000000000000000e+00,2.0000000000000000e-02,1.6000000000000001e-03,4.0000000000000001e-02,4.0816326530612249e-02
43544,2.3780000000000001e+01,9.7999999999999998e-01,0.0000000000000000e+00,2.0000000000000000e-02,1.6000000000000001e-03,4.0000000000000001e-02,4.0816326530612249e-02
23545,2.3820000000000000e+01,-9.7999999999999998e-01,0.0000000000000000e+00,2.0000000000000000e-02,1.6000000000000001e-03,4.0000000000000001e-02,4.0816326530612249e-02
43545,2.3820000000000000e+01,9.7999999999999998e-01,0.0000000000000000e+00,2.0000000000000000e-02,1.6000000000000001e-03,4.0000000000000001e-02,4.0816326530612249e-02
23546,2.3859999999999999e+01,-9.7999999999999998e-01,0.0000000000000000e+00,2.0000000000000000e-02,1.6000000000000001e-03,4.0000000000000001e-02,4.0816326530612249e-02
43546,2.3859999999999999e+01,9.7999999999999998e-01,0.0000000000000000e+00,2.0000000000000000e-02,1.6000000000000001e-03,4.0000000000000001e-02,4.0816326530612249e-02
43547,2.3899999999999999e+01,9.7999999999999998e-01,0.0000000000000000e+00,2.0000000000000000e-02,1.6000000000001000e-03,4.0000000000001250e-02,4.0816326530613518e-02
23547,2.3899999999999999e+01,-9.7999999999999998e-01,0.0000000000000000e+00,2.0000000000000000e-02,1.6000000000001000e-03,4.0000000000001250e-02,4.0816326530613518e-02
43548,2.3940000000000001e+01,9.7999999999999998e-01,0.0000000000000000e+00,2.0000000000000000e-02,1.6000000000000001e-03,4.0000000000000001e-02,4.0816326530612249e-02
23548,2.3940000000000001e+01,-9.7999999999999998e-01,0.0000000000000000e+00,2.0000000000000000e-02,1.6000000000000001e-03,4.0000000000000001e-02,4.0816326530612249e-02
23549,2.3980000000000000e+01,-9.7999999999999998e-01,0.0000000000000000e+00,2.0000000000000000e-02,1.6000000000000001e-03,4.0000000000000001e-02,4.0816326530612249e-02
43549,2.3980000000000000e+01,9.7999999999999998e-01,0.0000000000000000e+00,2.0000000000000000e-02,1.6000000000000001e-03,4.0000000000000001e-02,4.0816326530612249e-02
23550,2.4020000000000000e+01,-9.7999999999999998e-01,0.0000000000000000e+00,2.0000000000000000e-02,1.6000000000000001e-03,4.0000000000000001e-02,4.0816326530612249e-02
43550,2.4020000000000000e+01,9.7999999999999998e-01,0.0000000000000000e+00,2.0000000000000000e-02,1.6000000000000001e-03,4.0000000000000001e-02,4.0816326530612249e-02
43551,2.4059999999999999e+01,9.7999999999999998e-01,0.0000000000000000e+00,2.0000000000000000e-02,1.6000000000000001e-03,4.0000000000000001e-02,4.0816326530612249e-02
23551,2.4059999999999999e+01,-9.7999999999999998e-01,0.0000000000000000e+00,2.0000000000000000e-02,1.6000000000000001e-03,4.0000000000000001e-02,4.0816326530612249e-02
23552,2.4100000000000001e+01,-9.7999999999999998e-01,0.0000000000000000e+00,2.0000000000000000e-02,1.6000000000001000e-03,4.0000000000001250e-02,4.0816326530613518e-02
43552,2.4100000000000001e+01,9.7999999999999998e-01,0.0000000000000000e+00,2.0000000000000000e-02,1.6000000000001000e-03,4.0000000000001250e-02,4.0816326530613518e-02
23553,2.4140000000000001e+01,-9.7999999999999998e-01,0.0000000000000000e+00,2.0000000000000000e-02,1.6000000000000001e-03,4.0000000000000001e-02,4.0816326530612249e-02
43553,2.4140000000000001e+01,9.7999999999999998e-01,0.0000000000000000e+00,2.0000000000000000e-02,1.6000000000000001e-03,4.0000000000000001e-02,4.0816326530612249e-02
23554,2.4180000000000000e+01,-9.7999999999999998e-01,0.0000000000000000e+00,2.0000000000000000e-02,1.6000000000000001e-03,4.0000000000000001e-02,4.0816326530612249e-02
43554,2.4180000000000000e+01,9.7999999999999998e-01,0.0000000000000000e+00,2.0000000000000000e-02,1.6000000000000001e-03,4.0000000000000001e-02,4.0816326530612249e-02
23555,2.4219999999999999e+01,-9.7999999999999998e-01,0.0000000000000000e+00,2.0000000000000000e-02,1.6000000000000001e-03,4.0000000000000001e-02,4.0816326530612249e-02
43555,2.4219999999999999e+01,9.7999999999999998e-01,0.0000000000000000e+00,2.0000000000000000e-02,1.6000000000000001e-03,4.0000000000000001e-02,4.0816326530612249e-02
23556,2.4260000000000002e+01,-9.7999999999999998e-01,0.0000000000000000e+00,2.0000000000000000e-02,1.6000000000001000e-03,4.0000000000001250e-02,4.0816326530613518e-02
43556,2.4260000000000002e+01,9.7999999999999998e-01,0.0000000000000000e+00,2.0000000000000000e-02,1.6000000000001000e-03,4.0000000000001250e-02,4.0816326530613518e-02
23557,2.4300000000000001e+01,-9.7999999999999998e-01,0.0000000000000000e+00,2.0000000000000000e-02,1.6000000000000001e-03,4.0000000000000001e-02,4.0816326530612249e-02
43557,2.4300000000000001e+01,9.7999999999999998e-01,0.0000000000000000e+00,2.0000000000000000e-02,1.6000000000000001e-03,4.0000000000000001e-02,4.0816326530612249e-02
43558,2.4340000000000000e+01,9.7999999999999998e-01,0.0000000000000000e+00,2.0000000000000000e-02,1.6000000000000001e-03,4.0000000000000001e-02,4.0816326530612249e-02
23558,2.4340000000000000e+01,-9.7999999999999998e-01,0.0000000000000000e+00,2.0000000000000000e-02,1.6000000000000001e-03,4.0000000000000001e-02,4.0816326530612249e-02
43559,2.4379999999999999e+01,9.7999999999999998e-01,0.0000000000000000e+00,2.0000000000000000e-02,1.6000000000000001e-03,4.0000000000000001e-02,4.0816326530612249e-02
23559,2.4379999999999999e+01,-9.7999999999999998e-01,0.0000000000000000e+00,2.0000000000000000e-02,1.6000000000000001e-03,4.0000000000000001e-02,4.0816326530612249e-02
23560,2.4420000000000002e+01,-9.7999999999999998e-01,0.0000000000000000e+00,2.0000000000000000e-02,1.6000000000001000e-03,4.0000000000001250e-02,4.0816326530613518e-02
43560,2.4420000000000002e+01,9.7999999999999998e-01,0.0000000000000000e+00,2.0000000000000000e-02,1.6000000000001000e-03,4.0000000000001250e-02,4.0816326530613518e-02
23561,2.4460000000000001e+01,-9.7999999999999998e-01,0.0000000000000000e+00,2.0000000000000000e-02,1.6000000000000001e-03,4.0000000000000001e-02,4.0816326530612249e-02
43561,2.4460000000000001e+01,9.7999999999999998e-01,0.0000000000000000e+00,2.0000000000000000e-02,1.6000000000000001e-03,4.0000000000000001e-02,4.0816326530612249e-02
23562,2.4500000000000000e+01,-9.7999999999999998e-01,0.0000000000000000e+00,2.0000000000000000e-02,1.6000000000000001e-03,4.0000000000000001e-02,4.0816326530612249e-02
43562,2.4500000000000000e+01,9.7999999999999998e-01,0.0000000000000000e+00,2.0000000000000000e-02,1.6000000000000001e-03,4.0000000000000001e-02,4.0816326530612249e-02
23563,2.4539999999999999e+01,-9.7999999999999998e-01,0.0000000000000000e+00,2.0000000000000000e-02,1.6000000000000001e-03,4.0000000000000001e-02,4.0816326530612249e-02
43563,2.4539999999999999e+01,9.7999999999999998e-01,0.0000000000000000e+00,2.0000000000000000e-02,1.6000000000000001e-03,4.0000000000000001e-02,4.0816326530612249e-02
23564,2.4579999999999998e+01,-9.7999999999999998e-01,0.0000000000000000e+00,2.0000000000000000e-02,1.6000000000001000e-03,4.0000000000001250e-02,4.0816326530613518e-02
43564,2.4579999999999998e+01,9.7999999999999998e-01,0.0000000000000000e+00,2.0000000000000000e-02,1.6000000000001000e-03,4.0000000000001250e-02,4.0816326530613518e-02
43565,2.4620000000000001e+01,9.7999999999999998e-01,0.0000000000000000e+00,2.0000000000000000e-02,1.6000000000000001e-03,4.0000000000000001e-02,4.0816326530612249e-02
23565,2.4620000000000001e+01,-9.7999999999999998e-01,0.0000000000000000e+00,2.0000000000000000e-02,1.6000000000000001e-03,4.0000000000000001e-02,4.0816326530612249e-02
43566,2.4660000000000000e+01,9.7999999999999998e-01,0.0000000000000000e+00,2.0000000000000000e-02,1.6000000000000001e-03,4.0000000000000001e-02,4.0816326530612249e-02
23566,2.4660000000000000e+01,-9.7999999999999998e-01,0.0000000000000000e+00,2.0000000000000000e-02,1.6000000000000001e-03,4.0000000000000001e-02,4.0816326530612249e-02
23567,2.4699999999999999e+01,-9.7999999999999998e-01,0.0000000000000000e+00,2.0000000000000000e-02,1.6000000000000001e-03,4.0000000000000001e-02,4.0816326530612249e-02
43567,2.4699999999999999e+01,9.7999999999999998e-01,0.0000000000000000e+00,2.0000000000000000e-02,1.6000000000000001e-03,4.0000000000000001e-02,4.0816326530612249e-02
23568,2.4739999999999998e+01,-9.7999999999999998e-01,0.0000000000000000e+00,2.0000000000000000e-02,1.6000000000001000e-03,4.0000000000001250e-02,4.0816326530613518e-02
43568,2.4739999999999998e+01,9.7999999999999998e-01,0.0000000000000000e+00,2.0000000000000000e-02,1.6000000000001000e-03,4.0000000000001250e-02,4.0816326530613518e-02
23569,2.4780000000000001e+01,-9.7999999999999998e-01,0.0000000000000000e+00,2.0000000000000000e-02,1.6000000000000001e-03,4.0000000000000001e-02,4.0816326530612249e-02
43569,2.4780000000000001e+01,9.7999999999999998e-01,0.0000000000000000e+00,2.0000000000000000e-02,1.6000000000000001e-03,4.0000000000000001e-02,4.0816326530612249e-02
23570,2.4820000000000000e+01,-9.7999999999999998e-01,0.0000000000000000e+00,2.0000000000000000e-02,1.6000000000000001e-03,4.0000000000000001e-02,4.0816326530612249e-02
43570,2.4820000000000000e+01,9.7999999999999998e-01,0.0000000000000000e+00,2.0000000000000000e-02,1.6000000000000001e-03,4.0000000000000001e-02,4.0816326530612249e-02
23571,2.4859999999999999e+01,-9.7999999999999998e-01,0.0000000000000000e+00,2.0000000000000000e-02,1.6000000000000001e-03,4.0000000000000001e-02,4.0816326530612249e-02
43571,2.4859999999999999e+01,9.7999999999999998e-01,0.0000000000000000e+00,2.0000000000000000e-02,1.6000000000000001e-03,4.0000000000000001e-02,4.0816326530612249e-02
43572,2.4899999999999999e+01,9.7999999999999998e-01,0.0000000000000000e+00,2.0000000000000000e-02,1.6000000000001000e-03,4.0000000000001250e-02,4.0816326530613518e-02
23572,2.4899999999999999e+01,-9.7999999999999998e-01,0.0000000000000000e+00,2.0000000000000000e-02,1.6000000000001000e-03,4.0000000000001250e-02,4.0816326530613518e-02
43573,2.4940000000000001e+01,9.7999999999999998e-01,0.0000000000000000e+00,2.0000000000000000e-02,1.6000000000000001e-03,4.0000000000000001e-02,4.0816326530612249e-02
23573,2.4940000000000001e+01,-9.7999999999999998e-01,0.0000000000000000e+00,2.0000000000000000e-02,1.6000000000000001e-03,4.0000000000000001e-02,4.0816326530612249e-02
23574,2.4980000000000000e+01,-9.7999999999999998e-01,0.0000000000000000e+00,2.0000000000000000e-02,1.6000000000000001e-03,4.0000000000000001e-02,4.0816326530612249e-02
43574,2.4980000000000000e+01,9.7999999999999998e-01,0.0000000000000000e+00,2.0000000000000000e-02,1.6000000000000001e-03,4.0000000000000001e-02,4.0816326530612249e-02
23575,2.5020000000000000e+01,-9.7999999999999998e-01,0.0000000000000000e+00,2.0000000000000000e-02,1.6000000000000001e-03,4.0000000000000001e-02,4.0816326530612249e-02
43575,2.5020000000000000e+01,9.7999999999999998e-01,0.0000000000000000e+00,2.0000000000000000e-02,1.6000000000000001e-03,4.0000000000000001e-02,4.0816326530612249e-02
43576,2.5059999999999999e+01,9.7999999999999998e-01,0.0000000000000000e+00,2.0000000000000000e-02,1.6000000000000001e-03,4.0000000000000001e-02,4.0816326530612249e-02
23576,2.5059999999999999e+01,-9.7999999999999998e-01,0.0000000000000000e+00,2.0000000000000000e-02,1.6000000000000001e-03,4.0000000000000001e-02,4.0816326530612249e-02
23577,2.5100000000000001e+01,-9.7999999999999998e-01,0.0000000000000000e+00,2.0000000000000000e-02,1.6000000000001000e-03,4.0000000000001250e-02,4.0816326530613518e-02
43577,2.5100000000000001e+01,9.7999999999999998e-01,0.0000000000000000e+00,2.0000000000000000e-02,1.6000000000001000e-03,4.0000000000001250e-02,4.0816326530613518e-02
23578,2.5140000000000001e+01,-9.7999999999999998e-01,0.0000000000000000e+00,2.0000000000000000e-02,1.6000000000000001e-03,4.0000000000000001e-02,4.0816326530612249e-02
43578,2.5140000000000001e+01,9.7999999999999998e-01,0.0000000000000000e+00,2.0000000000000000e-02,1.6000000000000001e-03,4.0000000000000001e-02,4.0816326530612249e-02
23579,2.5180000000000000e+01,-9.7999999999999998e-01,0.0000000000000000e+00,2.0000000000000000e-02,1.6000000000000001e-03,4.0000000000000001e-02,4.0816326530612249e-02
43579,2.5180000000000000e+01,9.7999999999999998e-01,0.0000000000000000e+00,2.0000000000000000e-02,1.6000000000000001e-03,4.0000000000000001e-02,4.0816326530612249e-02
23580,2.5219999999999999e+01,-9.7999999999999998e-01,0.0000000000000000e+00,2.0000000000000000e-02,1.6000000000000001e-03,4.0000000000000001e-02,4.0816326530612249e-02
43580,2.5219999999999999e+01,9.7999999999999998e-01,0.0000000000000000e+00,2.0000000000000000e-02,1.6000000000000001e-03,4.0000000000000001e-02,4.0816326530612249e-02
23581,2.5260000000000002e+01,-9.7999999999999998e-01,0.0000000000000000e+00,2.0000000000000000e-02,1.6000000000001000e-03,4.0000000000001250e-02,4.0816326530613518e-02
43581,2.5260000000000002e+01,9.7999999999999998e-01,0.0000000000000000e+00,2.0000000000000000e-02,1.6000000000001000e-03,4.0000000000001250e-02,4.0816326530613518e-02
23582,2.5300000000000001e+01,-9.7999999999999998e-01,0.0000000000000000e+00,2.0000000000000000e-02,1.6000000000000001e-03,4.0000000000000001e-02,4.0816326530612249e-02
43582,2.5300000000000001e+01,9.7999999999999998e-01,0.0000000000000000e+00,2.0000000000000000e-02,1.6000000000000001e-03,4.0000000000000001e-02,4.0816326530612249e-02
43583,2.5340000000000000e+01,9.7999999999999998e-01,0.0000000000000000e+00,2.0000000000000000e-02,1.6000000000000001e-03,4.0000000000000001e-02,4.0816326530612249e-02
23583,2.5340000000000000e+01,-9.7999999999999998e-01,0.0000000000000000e+00,2.0000000000000000e-02,1.6000000000000001e-03,4.0000000000000001e-02,4.0816326530612249e-02
43584,2.5379999999999999e+01,9.7999999999999998e-01,0.0000000000000000e+00,2.0000000000000000e-02,1.6000000000000001e-03,4.0000000000000001e-02,4.0816326530612249e-02
23584,2.5379999999999999e+01,-9.7999999999999998e-01,0.0000000000000000e+00,2.0000000000000000e-02,1.6000000000000001e-03,4.0000000000000001e-02,4.0816326530612249e-02
23585,2.5420000000000002e+01,-9.7999999999999998e-01,0.0000000000000000e+00,2.0000000000000000e-02,1.6000000000001000e-03,4.0000000000001250e-02,4.0816326530613518e-02
43585,2.5420000000000002e+01,9.7999999999999998e-01,0.0000000000000000e+00,2.0000000000000000e-02,1.6000000000001000e-03,4.0000000000001250e-02,4.0816326530613518e-02
43586,2.5460000000000001e+01,9.7999999999999998e-01,0.0000000000000000e+00,2.0000000000000000e-02,1.6000000000000001e-03,4.0000000000000001e-02,4.0816326530612249e-02
23586,2.5460000000000001e+01,-9.7999999999999998e-01,0.0000000000000000e+00,2.0000000000000000e-02,1.6000000000000001e-03,4.0000000000000001e-02,4.0816326530612249e-02
43587,2.5500000000000000e+01,9.7999999999999998e-01,0.0000000000000000e+00,2.0000000000000000e-02,1.6000000000000001e-03,4.0000000000000001e-02,4.0816326530612249e-02
23587,2.5500000000000000e+01,-9.7999999999999998e-01,0.0000000000000000e+00,2.0000000000000000e-02,1.6000000000000001e-03,4.0000000000000001e-02,4.0816326530612249e-02
43588,2.5539999999999999e+01,9.7999999999999998e-01,0.0000000000000000e+00,2.0000000000000000e-02,1.6000000000000001e-03,4.0000000000000001e-02,4.0816326530612249e-02
23588,2.5539999999999999e+01,-9.7999999999999998e-01,0.0000000000000000e+00,2.0000000000000000e-02,1.6000000000000001e-03,4.0000000000000001e-02,4.0816326530612249e-02
43589,2.5579999999999998e+01,9.7999999999999998e-01,0.0000000000000000e+00,2.0000000000000000e-02,1.6000000000001000e-03,4.0000000000001250e-02,4.0816326530613518e-02
23589,2.5579999999999998e+01,-9.7999999999999998e-01,0.0000000000000000e+00,2.0000000000000000e-02,1.6000000000001000e-03,4.0000000000001250e-02,4.0816326530613518e-02
43590,2.5620000000000001e+01,9.7999999999999998e-01,0.0000000000000000e+00,2.0000000000000000e-02,1.6000000000000001e-03,4.0000000000000001e-02,4.0816326530612249e-02
23590,2.5620000000000001e+01,-9.7999999999999998e-01,0.0000000000000000e+00,2.0000000000000000e-02,1.6000000000000001e-03,4.0000000000000001e-02,4.0816326530612249e-02
43591,2.5660000000000000e+01,9.7999999999999998e-01,0.0000000000000000e+00,2.0000000000000000e-02,1.6000000000000001e-03,4.0000000000000001e-02,4.0816326530612249e-02
23591,2.5660000000000000e+01,-9.7999999999999998e-01,0.0000000000000000e+00,2.0000000000000000e-02,1.6000000000000001e-03,4.0000000000000001e-02,4.0816326530612249e-02
23592,2.5699999999999999e+01,-9.7999999999999998e-01,0.0000000000000000e+00,2.0000000000000000e-02,1.6000000000000001e-03,4.0000000000000001e-02,4.0816326530612249e-02
43592,2.5699999999999999e+01,9.7999999999999998e-01,0.0000000000000000e+00,2.0000000000000000e-02,1.6000000000000001e-03,4.0000000000000001e-02,4.0816326530612249e-02
43593,2.5739999999999998e+01,9.7999999999999998e-01,0.0000000000000000e+00,2.0000000000000000e-02,1.6000000000001000e-03,4.0000000000001250e-02,4.0816326530613518e-02
23593,2.5739999999999998e+01,-9.7999999999999998e-01,0.0000000000000000e+00,2.0000000000000000e-02,1.6000000000001000e-03,4.0000000000001250e-02,4.0816326530613518e-02
43594,2.5780000000000001e+01,9.7999999999999998e-01,0.0000000000000000e+00,2.0000000000000000e-02,1.6000000000000001e-03,4.0000000000000001e-02,4.0816326530612249e-02
23594,2.5780000000000001e+01,-9.7999999999999998e-01,0.0000000000000000e+00,2.0000000000000000e-02,1.6000000000000001e-03,4.0000000000000001e-02,4.0816326530612249e-02
43595,2.5820000000000000e+01,9.7999999999999998e-01,0.0000000000000000e+00,2.0000000000000000e-02,1.6000000000000001e-03,4.0000000000000001e-02,4.0816326530612249e-02
23595,2.5820000000000000e+01,-9.7999999999999998e-01,0.0000000000000000e+00,2.0000000000000000e-02,1.6000000000000001e-03,4.0000000000000001e-02,4.0816326530612249e-02
43596,2.5859999999999999e+01,9.7999999999999998e-01,0.0000000000000000e+00,2.0000000000000000e-02,1.6000000000000001e-03,4.0000000000000001e-02,4.0816326530612249e-02
23596,2.5859999999999999e+01,-9.7999999999999998e-01,0.0000000000000000e+00,2.0000000000000000e-02,1.6000000000000001e-03,4.0000000000000001e-02,4.0816326530612249e-02
43597,2.5899999999999999e+01,9.7999999999999998e-01,0.0000000000000000e+00,2.0000000000000000e-02,1.6000000000001000e-03,4.0000000000001250e-02,4.0816326530613518e-02
23597,2.5899999999999999e+01,-9.7999999999999998e-01,0.0000000000000000e+00,2.0000000000000000e-02,1.6000000000001000e-03,4.0000000000001250e-02,4.0816326530613518e-02
43598,2.5940000000000001e+01,9.7999999999999998e-01,0.0000000000000000e+00,2.0000000000000000e-02,1.6000000000000001e-03,4.0000000000000001e-02,4.0816326530612249e-02
23598,2.5940000000000001e+01,-9.7999999999999998e-01,0.0000000000000000e+00,2.0000000000000000e-02,1.6000000000000001e-03,4.0000000000000001e-02,4.0816326530612249e-02
23599,2.5980000000000000e+01,-9.7999999999999998e-01,0.0000000000000000e+00,2.0000000000000000e-02,1.6000000000000001e-03,4.0000000000000001e-02,4.0816326530612249e-02
43599,2.5980000000000000e+01,9.7999999999999998e-01,0.0000000000000000e+00,2.0000000000000000e-02,1.6000000000000001e-03,4.0000000000000001e-02,4.0816326530612249e-02
23600,2.6020000000000000e+01,-9.7999999999999998e-01,0.0000000000000000e+00,2.0000000000000000e-02,1.6000000000000001e-03,4.0000000000000001e-02,4.0816326530612249e-02
43600,2.6020000000000000e+01,9.7999999999999998e-01,0.0000000000000000e+00,2.0000000000000000e-02,1.6000000000000001e-03,4.0000000000000001e-02,4.0816326530612249e-02
43601,2.6059999999999999e+01,9.7999999999999998e-01,0.0000000000000000e+00,2.0000000000000000e-02,1.6000000000000001e-03,4.0000000000000001e-02,4.0816326530612249e-02
23601,2.6059999999999999e+01,-9.7999999999999998e-01,0.0000000000000000e+00,2.0000000000000000e-02,1.6000000000000001e-03,4.0000000000000001e-02,4.0816326530612249e-02
43602,2.6100000000000001e+01,9.7999999999999998e-01,0.0000000000000000e+00,2.0000000000000000e-02,1.6000000000001000e-03,4.0000000000001250e-02,4.0816326530613518e-02
23602,2.6100000000000001e+01,-9.7999999999999998e-01,0.0000000000000000e+00,2.0000000000000000e-02,1.6000000000001000e-03,4.0000000000001250e-02,4.0816326530613518e-02
43603,2.6140000000000001e+01,9.7999999999999998e-01,0.0000000000000000e+00,2.0000000000000000e-02,1.6000000000000001e-03,4.0000000000000001e-02,4.0816326530612249e-02
23603,2.6140000000000001e+01,-9.7999999999999998e-01,0.0000000000000000e+00,2.0000000000000000e-02,1.6000000000000001e-03,4.0000000000000001e-02,4.0816326530612249e-02
43604,2.6180000000000000e+01,9.7999999999999998e-01,0.0000000000000000e+00,2.0000000000000000e-02,1.6000000000000001e-03,4.0000000000000001e-02,4.0816326530612249e-02
23604,2.6180000000000000e+01,-9.7999999999999998e-01,0.0000000000000000e+00,2.0000000000000000e-02,1.6000000000000001e-03,4.0000000000000001e-02,4.0816326530612249e-02
43605,2.6219999999999999e+01,9.7999999999999998e-01,0.0000000000000000e+00,2.0000000000000000e-02,1.6000000000000001e-03,4.0000000000000001e-02,4.0816326530612249e-02
23605,2.6219999999999999e+01,-9.7999999999999998e-01,0.0000000000000000e+00,2.0000000000000000e-02,1.6000000000000001e-03,4.0000000000000001e-02,4.0816326530612249e-02
43606,2.6260000000000002e+01,9.7999999999999998e-01,0.0000000000000000e+00,2.0000000000000000e-02,1.6000000000001000e-03,4.0000000000001250e-02,4.0816326530613518e-02
23606,2.6260000000000002e+01,-9.7999999999999998e-01,0.0000000000000000e+00,2.0000000000000000e-02,1.6000000000001000e-03,4.0000000000001250e-02,4.0816326530613518e-02
23607,2.6300000000000001e+01,-9.7999999999999998e-01,0.0000000000000000e+00,2.0000000000000000e-02,1.6000000000000001e-03,4.0000000000000001e-02,4.0816326530612249e-02
43607,2.6300000000000001e+01,9.7999999999999998e-01,0.0000000000000000e+00,2.0000000000000000e-02,1.6000000000000001e-03,4.0000000000000001e-02,4.0816326530612249e-02
43608,2.6340000000000000e+01,9.7999999999999998e-01,0.0000000000000000e+00,2.0000000000000000e-02,1.6000000000000001e-03,4.0000000000000001e-02,4.0816326530612249e-02
23608,2.6340000000000000e+01,-9.7999999999999998e-01,0.0000000000000000e+00,2.0000000000000000e-02,1.6000000000000001e-03,4.0000000000000001e-02,4.0816326530612249e-02
43609,2.6379999999999999e+01,9.7999999999999998e-01,0.0000000000000000e+00,2.0000000000000000e-02,1.6000000000000001e-03,4.0000000000000001e-02,4.0816326530612249e-02
23609,2.6379999999999999e+01,-9.7999999999999998e-01,0.0000000000000000e+00,2.0000000000000000e-02,1.6000000000000001e-03,4.0000000000000001e-02,4.0816326530612249e-02
23610,2.6420000000000002e+01,-9.7999999999999998e-01,0.0000000000000000e+00,2.0000000000000000e-02,1.6000000000001000e-03,4.0000000000001250e-02,4.0816326530613518e-02
43610,2.6420000000000002e+01,9.7999999999999998e-01,0.0000000000000000e+00,2.0000000000000000e-02,1.6000000000001000e-03,4.0000000000001250e-02,4.0816326530613518e-02
43611,2.6460000000000001e+01,9.7999999999999998e-01,0.0000000000000000e+00,2.0000000000000000e-02,1.6000000000000001e-03,4.0000000000000001e-02,4.0816326530612249e-02
23611,2.6460000000000001e+01,-9.7999999999999998e-01,0.0000000000000000e+00,2.0000000000000000e-02,1.6000000000000001e-03,4.0000000000000001e-02,4.0816326530612249e-02
43612,2.6500000000000000e+01,9.7999999999999998e-01,0.0000000000000000e+00,2.0000000000000000e-02,1.6000000000000001e-03,4.0000000000000001e-02,4.0816326530612249e-02
23612,2.6500000000000000e+01,-9.7999999999999998e-01,0.0000000000000000e+00,2.0000000000000000e-02,1.6000000000000001e-03,4.0000000000000001e-02,4.0816326530612249e-02
43613,2.6539999999999999e+01,9.7999999999999998e-01,0.0000000000000000e+00,2.0000000000000000e-02,1.6000000000000001e-03,4.0000000000000001e-02,4.0816326530612249e-02
23613,2.6539999999999999e+01,-9.7999999999999998e-01,0.0000000000000000e+00,2.0000000000000000e-02,1.6000000000000001e-03,4.0000000000000001e-02,4.0816326530612249e-02
43614,2.6579999999999998e+01,9.7999999999999998e-01,0.0000000000000000e+00,2.0000000000000000e-02,1.6000000000001000e-03,4.0000000000001250e-02,4.0816326530613518e-02
23614,2.6579999999999998e+01,-9.7999999999999998e-01,0.0000000000000000e+00,2.0000000000000000e-02,1.6000000000001000e-03,4.0000000000001250e-02,4.0816326530613518e-02
43615,2.6620000000000001e+01,9.7999999999999998e-01,0.0000000000000000e+00,2.0000000000000000e-02,1.6000000000000001e-03,4.0000000000000001e-02,4.0816326530612249e-02
23615,2.6620000000000001e+01,-9.7999999999999998e-01,0.0000000000000000e+00,2.0000000000000000e-02,1.6000000000000001e-03,4.0000000000000001e-02,4.0816326530612249e-02
43616,2.6660000000000000e+01,9.7999999999999998e-01,0.0000000000000000e+00,2.0000000000000000e-02,1.6000000000000001e-03,4.0000000000000001e-02,4.0816326530612249e-02
23616,2.6660000000000000e+01,-9.7999999999999998e-01,0.0000000000000000e+00,2.0000000000000000e-02,1.6000000000000001e-03,4.0000000000000001e-02,4.0816326530612249e-02
23617,2.6699999999999999e+01,-9.7999999999999998e-01,0.0000000000000000e+00,2.0000000000000000e-02,1.6000000000000001e-03,4.0000000000000001e-02,4.0816326530612249e-02
43617,2.6699999999999999e+01,9.7999999999999998e-01,0.0000000000000000e+00,2.0000000000000000e-02,1.6000000000000001e-03,4.0000000000000001e-02,4.0816326530612249e-02
43618,2.6739999999999998e+01,9.7999999999999998e-01,0.0000000000000000e+00,2.0000000000000000e-02,1.6000000000001000e-03,4.0000000000001250e-02,4.0816326530613518e-02
23618,2.6739999999999998e+01,-9.7999999999999998e-01,0.0000000000000000e+00,2.0000000000000000e-02,1.6000000000001000e-03,4.0000000000001250e-02,4.0816326530613518e-02
43619,2.6780000000000001e+01,9.7999999999999998e-01,0.0000000000000000e+00,2.0000000000000000e-02,1.6000000000000001e-03,4.0000000000000001e-02,4.0816326530612249e-02
23619,2.6780000000000001e+01,-9.7999999999999998e-01,0.0000000000000000e+00,2.0000000000000000e-02,1.6000000000000001e-03,4.0000000000000001e-02,4.0816326530612249e-02
43620,2.6820000000000000e+01,9.7999999999999998e-01,0.0000000000000000e+00,2.0000000000000000e-02,1.6000000000000001e-03,4.0000000000000001e-02,4.0816326530612249e-02
23620,2.6820000000000000e+01,-9.7999999999999998e-01,0.0000000000000000e+00,2.0000000000000000e-02,1.6000000000000001e-03,4.0000000000000001e-02,4.0816326530612249e-02
43621,2.6859999999999999e+01,9.7999999999999998e-01,0.0000000000000000e+00,2.0000000000000000e-02,1.6000000000000001e-03,4.0000000000000001e-02,4.0816326530612249e-02
23621,2.6859999999999999e+01,-9.7999999999999998e-01,0.0000000000000000e+00,2.0000000000000000e-02,1.6000000000000001e-03,4.0000000000000001e-02,4.0816326530612249e-02
43622,2.6899999999999999e+01,9.7999999999999998e-01,0.0000000000000000e+00,2.0000000000000000e-02,1.6000000000001000e-03,4.0000000000001250e-02,4.0816326530613518e-02
23622,2.6899999999999999e+01,-9.7999999999999998e-01,0.0000000000000000e+00,2.0000000000000000e-02,1.6000000000001000e-03,4.0000000000001250e-02,4.0816326530613518e-02
43623,2.6940000000000001e+01,9.7999999999999998e-01,0.0000000000000000e+00,2.0000000000000000e-02,1.6000000000000001e-03,4.0000000000000001e-02,4.0816326530612249e-02
23623,2.6940000000000001e+01,-9.7999999999999998e-01,0.0000000000000000e+00,2.0000000000000000e-02,1.6000000000000001e-03,4.0000000000000001e-02,4.0816326530612249e-02
23624,2.6980000000000000e+01,-9.7999999999999998e-01,0.0000000000000000e+00,2.0000000000000000e-02,1.6000000000000001e-03,4.0000000000000001e-02,4.0816326530612249e-02
43624,2.6980000000000000e+01,9.7999999999999998e-01,0.0000000000000000e+00,2.0000000000000000e-02,1.6000000000000001e-03,4.0000000000000001e-02,4.0816326530612249e-02
23625,2.7020000000000000e+01,-9.7999999999999998e-01,0.0000000000000000e+00,2.0000000000000000e-02,1.6000000000000001e-03,4.0000000000000001e-02,4.0816326530612249e-02
43625,2.7020000000000000e+01,9.7999999999999998e-01,0.0000000000000000e+00,2.0000000000000000e-02,1.6000000000000001e-03,4.0000000000000001e-02,4.0816326530612249e-02
43626,2.7059999999999999e+01,9.7999999999999998e-01,0.0000000000000000e+00,2.0000000000000000e-02,1.6000000000000001e-03,4.0000000000000001e-02,4.0816326530612249e-02
23626,2.7059999999999999e+01,-9.7999999999999998e-01,0.0000000000000000e+00,2.0000000000000000e-02,1.6000000000000001e-03,4.0000000000000001e-02,4.0816326530612249e-02
43627,2.7100000000000001e+01,9.7999999999999998e-01,0.0000000000000000e+00,2.0000000000000000e-02,1.6000000000001000e-03,4.0000000000001250e-02,4.0816326530613518e-02
23627,2.7100000000000001e+01,-9.7999999999999998e-01,0.0000000000000000e+00,2.0000000000000000e-02,1.6000000000001000e-03,4.0000000000001250e-02,4.0816326530613518e-02
43628,2.7140000000000001e+01,9.7999999999999998e-01,0.0000000000000000e+00,2.0000000000000000e-02,1.6000000000000001e-03,4.0000000000000001e-02,4.0816326530612249e-02
23628,2.7140000000000001e+01,-9.7999999999999998e-01,0.0000000000000000e+00,2.0000000000000000e-02,1.6000000000000001e-03,4.0000000000000001e-02,4.0816326530612249e-02
43629,2.7180000000000000e+01,9.7999999999999998e-01,0.0000000000000000e+00,2.0000000000000000e-02,1.6000000000000001e-03,4.0000000000000001e-02,4.0816326530612249e-02
23629,2.7180000000000000e+01,-9.7999999999999998e-01,0.0000000000000000e+00,2.0000000000000000e-02,1.6000000000000001e-03,4.0000000000000001e-02,4.0816326530612249e-02
43630,2.7219999999999999e+01,9.7999999999999998e-01,0.0000000000000000e+00,2.0000000000000000e-02,1.6000000000000001e-03,4.0000000000000001e-02,4.0816326530612249e-02
23630,2.7219999999999999e+01,-9.7999999999999998e-01,0.0000000000000000e+00,2.0000000000000000e-02,1.6000000000000001e-03,4.0000000000000001e-02,4.0816326530612249e-02
43631,2.7260000000000002e+01,9.7999999999999998e-01,0.0000000000000000e+00,2.0000000000000000e-02,1.6000000000001000e-03,4.0000000000001250e-02,4.0816326530613518e-02
23631,2.7260000000000002e+01,-9.7999999999999998e-01,0.0000000000000000e+00,2.0000000000000000e-02,1.6000000000001000e-03,4.0000000000001250e-02,4.0816326530613518e-02
23632,2.7300000000000001e+01,-9.7999999999999998e-01,0.0000000000000000e+00,2.0000000000000000e-02,1.6000000000000001e-03,4.0000000000000001e-02,4.0816326530612249e-02
43632,2.7300000000000001e+01,9.7999999999999998e-01,0.0000000000000000e+00,2.0000000000000000e-02,1.6000000000000001e-03,4.0000000000000001e-02,4.0816326530612249e-02
43633,2.7340000000000000e+01,9.7999999999999998e-01,0.0000000000000000e+00,2.0000000000000000e-02,1.6000000000000001e-03,4.0000000000000001e-02,4.0816326530612249e-02
23633,2.7340000000000000e+01,-9.7999999999999998e-01,0.0000000000000000e+00,2.0000000000000000e-02,1.6000000000000001e-03,4.0000000000000001e-02,4.0816326530612249e-02
43634,2.7379999999999999e+01,9.7999999999999998e-01,0.0000000000000000e+00,2.0000000000000000e-02,1.6000000000000001e-03,4.0000000000000001e-02,4.0816326530612249e-02
23634,2.7379999999999999e+01,-9.7999999999999998e-01,0.0000000000000000e+00,2.0000000000000000e-02,1.6000000000000001e-03,4.0000000000000001e-02,4.0816326530612249e-02
23635,2.7420000000000002e+01,-9.7999999999999998e-01,0.0000000000000000e+00,2.0000000000000000e-02,1.6000000000001000e-03,4.0000000000001250e-02,4.0816326530613518e-02
43635,2.7420000000000002e+01,9.7999999999999998e-01,0.0000000000000000e+00,2.0000000000000000e-02,1.6000000000001000e-03,4.0000000000001250e-02,4.0816326530613518e-02
43636,2.7460000000000001e+01,9.7999999999999998e-01,0.0000000000000000e+00,2.0000000000000000e-02,1.6000000000000001e-03,4.0000000000000001e-02,4.0816326530612249e-02
23636,2.7460000000000001e+01,-9.7999999999999998e-01,0.0000000000000000e+00,2.0000000000000000e-02,1.6000000000000001e-03,4.0000000000000001e-02,4.0816326530612249e-02
43637,2.7500000000000000e+01,9.7999999999999998e-01,0.0000000000000000e+00,2.0000000000000000e-02,1.6000000000000001e-03,4.0000000000000001e-02,4.0816326530612249e-02
23637,2.7500000000000000e+01,-9.7999999999999998e-01,0.0000000000000000e+00,2.0000000000000000e-02,1.6000000000000001e-03,4.0000000000000001e-02,4.0816326530612249e-02
43638,2.7539999999999999e+01,9.7999999999999998e-01,0.0000000000000000e+00,2.0000000000000000e-02,1.6000000000000001e-03,4.0000000000000001e-02,4.0816326530612249e-02
23638,2.7539999999999999e+01,-9.7999999999999998e-01,0.0000000000000000e+00,2.0000000000000000e-02,1.6000000000000001e-03,4.0000000000000001e-02,4.0816326530612249e-02
23639,2.7579999999999998e+01,-9.7999999999999998e-01,0.0000000000000000e+00,2.0000000000000000e-02,1.6000000000001000e-03,4.0000000000001250e-02,4.0816326530613518e-02
43639,2.7579999999999998e+01,9.7999999999999998e-01,0.0000000000000000e+00,2.0000000000000000e-02,1.6000000000001000e-03,4.0000000000001250e-02,4.0816326530613518e-02
43640,2.7620000000000001e+01,9.7999999999999998e-01,0.0000000000000000e+00,2.0000000000000000e-02,1.6000000000000001e-03,4.0000000000000001e-02,4.0816326530612249e-02
23640,2.7620000000000001e+01,-9.7999999999999998e-01,0.0000000000000000e+00,2.0000000000000000e-02,1.6000000000000001e-03,4.0000000000000001e-02,4.0816326530612249e-02
43641,2.7660000000000000e+01,9.7999999999999998e-01,0.0000000000000000e+00,2.0000000000000000e-02,1.6000000000000001e-03,4.0000000000000001e-02,4.0816326530612249e-02
23641,2.7660000000000000e+01,-9.7999999999999998e-01,0.0000000000000000e+00,2.0000000000000000e-02,1.6000000000000001e-03,4.0000000000000001e-02,4.0816326530612249e-02
23642,2.7699999999999999e+01,-9.7999999999999998e-01,0.0000000000000000e+00,2.0000000000000000e-02,1.6000000000000001e-03,4.0000000000000001e-02,4.0816326530612249e-02
43642,2.7699999999999999e+01,9.7999999999999998e-01,0.0000000000000000e+00,2.0000000000000000e-02,1.6000000000000001e-03,4.0000000000000001e-02,4.0816326530612249e-02
23643,2.7739999999999998e+01,-9.7999999999999998e-01,0.0000000000000000e+00,2.0000000000000000e-02,1.6000000000001000e-03,4.0000000000001250e-02,4.0816326530613518e-02
43643,2.7739999999999998e+01,9.7999999999999998e-01,0.0000000000000000e+00,2.0000000000000000e-02,1.6000000000001000e-03,4.0000000000001250e-02,4.0816326530613518e-02
23644,2.7780000000000001e+01,-9.7999999999999998e-01,0.0000000000000000e+00,2.0000000000000000e-02,1.6000000000000001e-03,4.0000000000000001e-02,4.0816326530612249e-02
43644,2.7780000000000001e+01,9.7999999999999998e-01,0.0000000000000000e+00,2.0000000000000000e-02,1.6000000000000001e-03,4.0000000000000001e-02,4.0816326530612249e-02
23645,2.7820000000000000e+01,-9.7999999999999998e-01,0.0000000000000000e+00,2.0000000000000000e-02,1.6000000000000001e-03,4.0000000000000001e-02,4.0816326530612249e-02
43645,2.7820000000000000e+01,9.7999999999999998e-01,0.0000000000000000e+00,2.0000000000000000e-02,1.6000000000000001e-03,4.0000000000000001e-02,4.0816326530612249e-02
23646,2.7859999999999999e+01,-9.7999999999999998e-01,0.0000000000000000e+00,2.0000000000000000e-02,1.6000000000000001e-03,4.0000000000000001e-02,4.0816326530612249e-02
43646,2.7859999999999999e+01,9.7999999999999998e-01,0.0000000000000000e+00,2.0000000000000000e-02,1.6000000000000001e-03,4.0000000000000001e-02,4.0816326530612249e-02
43647,2.7899999999999999e+01,9.7999999999999998e-01,0.0000000000000000e+00,2.0000000000000000e-02,1.6000000000001000e-03,4.0000000000001250e-02,4.0816326530613518e-02
23647,2.7899999999999999e+01,-9.7999999999999998e-01,0.0000000000000000e+00,2.0000000000000000e-02,1.6000000000001000e-03,4.0000000000001250e-02,4.0816326530613518e-02
43648,2.7940000000000001e+01,9.7999999999999998e-01,0.0000000000000000e+00,2.0000000000000000e-02,1.6000000000000001e-03,4.0000000000000001e-02,4.0816326530612249e-02
23648,2.7940000000000001e+01,-9.7999999999999998e-01,0.0000000000000000e+00,2.0000000000000000e-02,1.6000000000000001e-03,4.0000000000000001e-02,4.0816326530612249e-02
23649,2.7980000000000000e+01,-9.7999999999999998e-01,0.0000000000000000e+00,2.0000000000000000e-02,1.6000000000000001e-03,4.0000000000000001e-02,4.0816326530612249e-02
43649,2.7980000000000000e+01,9.7999999999999998e-01,0.0000000000000000e+00,2.0000000000000000e-02,1.6000000000000001e-03,4.0000000000000001e-02,4.0816326530612249e-02
23650,2.8020000000000000e+01,-9.7999999999999998e-01,0.0000000000000000e+00,2.0000000000000000e-02,1.6000000000000001e-03,4.0000000000000001e-02,4.0816326530612249e-02
43650,2.8020000000000000e+01,9.7999999999999998e-01,0.0000000000000000e+00,2.0000000000000000e-02,1.6000000000000001e-03,4.0000000000000001e-02,4.0816326530612249e-02
43651,2.8059999999999999e+01,9.7999999999999998e-01,0.0000000000000000e+00,2.0000000000000000e-02,1.6000000000000001e-03,4.0000000000000001e-02,4.0816326530612249e-02
23651,2.8059999999999999e+01,-9.7999999999999998e-01,0.0000000000000000e+00,2.0000000000000000e-02,1.6000000000000001e-03,4.0000000000000001e-02,4.0816326530612249e-02
23652,2.8100000000000001e+01,-9.7999999999999998e-01,0.0000000000000000e+00,2.0000000000000000e-02,1.6000000000001000e-03,4.0000000000001250e-02,4.0816326530613518e-02
43652,2.8100000000000001e+01,9.7999999999999998e-01,0.0000000000000000e+00,2.0000000000000000e-02,1.6000000000001000e-03,4.0000000000001250e-02,4.0816326530613518e-02
23653,2.8140000000000001e+01,-9.7999999999999998e-01,0.0000000000000000e+00,2.0000000000000000e-02,1.6000000000000001e-03,4.0000000000000001e-02,4.0816326530612249e-02
43653,2.8140000000000001e+01,9.7999999999999998e-01,0.0000000000000000e+00,2.0000000000000000e-02,1.6000000000000001e-03,4.0000000000000001e-02,4.0816326530612249e-02
23654,2.8180000000000000e+01,-9.7999999999999998e-01,0.0000000000000000e+00,2.0000000000000000e-02,1.6000000000000001e-03,4.0000000000000001e-02,4.0816326530612249e-02
43654,2.8180000000000000e+01,9.7999999999999998e-01,0.0000000000000000e+00,2.0000000000000000e-02,1.6000000000000001e-03,4.0000000000000001e-02,4.0816326530612249e-02
23655,2.8219999999999999e+01,-9.7999999999999998e-01,0.0000000000000000e+00,2.0000000000000000e-02,1.6000000000000001e-03,4.0000000000000001e-02,4.0816326530612249e-02
43655,2.8219999999999999e+01,9.7999999999999998e-01,0.0000000000000000e+00,2.0000000000000000e-02,1.6000000000000001e-03,4.0000000000000001e-02,4.0816326530612249e-02
23656,2.8260000000000002e+01,-9.7999999999999998e-01,0.0000000000000000e+00,2.0000000000000000e-02,1.6000000000001000e-03,4.0000000000001250e-02,4.0816326530613518e-02
43656,2.8260000000000002e+01,9.7999999999999998e-01,0.0000000000000000e+00,2.0000000000000000e-02,1.6000000000001000e-03,4.0000000000001250e-02,4.0816326530613518e-02
23657,2.8300000000000001e+01,-9.7999999999999998e-01,0.0000000000000000e+00,2.0000000000000000e-02,1.6000000000000001e-03,4.0000000000000001e-02,4.0816326530612249e-02
43657,2.8300000000000001e+01,9.7999999999999998e-01,0.0000000000000000e+00,2.0000000000000000e-02,1.6000000000000001e-03,4.0000000000000001e-02,4.0816326530612249e-02
43658,2.8340000000000000e+01,9.7999999999999998e-01,0.0000000000000000e+00,2.0000000000000000e-02,1.6000000000000001e-03,4.0000000000000001e-02,4.0816326530612249e-02
23658,2.8340000000000000e+01,-9.7999999999999998e-01,0.0000000000000000e+00,2.0000000000000000e-02,1.6000000000000001e-03,4.0000000000000001e-02,4.0816326530612249e-02
43659,2.8379999999999999e+01,9.7999999999999998e-01,0.0000000000000000e+00,2.0000000000000000e-02,1.6000000000000001e-03,4.0000000000000001e-02,4.0816326530612249e-02
23659,2.8379999999999999e+01,-9.7999999999999998e-01,0.0000000000000000e+00,2.0000000000000000e-02,1.6000000000000001e-03,4.0000000000000001e-02,4.0816326530612249e-02
23660,2.8420000000000002e+01,-9.7999999999999998e-01,0.0000000000000000e+00,2.0000000000000000e-02,1.6000000000001000e-03,4.0000000000001250e-02,4.0816326530613518e-02
43660,2.8420000000000002e+01,9.7999999999999998e-01,0.0000000000000000e+00,2.0000000000000000e-02,1.6000000000001000e-03,4.0000000000001250e-02,4.0816326530613518e-02
23661,2.8460000000000001e+01,-9.7999999999999998e-01,0.0000000000000000e+00,2.0000000000000000e-02,1.6000000000000001e-03,4.0000000000000001e-02,4.0816326530612249e-02
43661,2.8460000000000001e+01,9.7999999999999998e-01,0.0000000000000000e+00,2.0000000000000000e-02,1.6000000000000001e-03,4.0000000000000001e-02,4.0816326530612249e-02
23662,2.8500000000000000e+01,-9.7999999999999998e-01,0.0000000000000000e+00,2.0000000000000000e-02,1.6000000000000001e-03,4.0000000000000001e-02,4.0816326530612249e-02
43662,2.8500000000000000e+01,9.7999999999999998e-01,0.0000000000000000e+00,2.0000000000000000e-02,1.6000000000000001e-03,4.0000000000000001e-02,4.0816326530612249e-02
23663,2.8539999999999999e+01,-9.7999999999999998e-01,0.0000000000000000e+00,2.0000000000000000e-02,1.6000000000000001e-03,4.0000000000000001e-02,4.0816326530612249e-02
43663,2.8539999999999999e+01,9.7999999999999998e-01,0.0000000000000000e+00,2.0000000000000000e-02,1.6000000000000001e-03,4.0000000000000001e-02,4.0816326530612249e-02
23664,2.8579999999999998e+01,-9.7999999999999998e-01,0.0000000000000000e+00,2.0000000000000000e-02,1.6000000000001000e-03,4.0000000000001250e-02,4.0816326530613518e-02
43664,2.8579999999999998e+01,9.7999999999999998e-01,0.0000000000000000e+00,2.0000000000000000e-02,1.6000000000001000e-03,4.0000000000001250e-02,4.0816326530613518e-02
43665,2.8620000000000001e+01,9.7999999999999998e-01,0.0000000000000000e+00,2.0000000000000000e-02,1.6000000000000001e-03,4.0000000000000001e-02,4.0816326530612249e-02
23665,2.8620000000000001e+01,-9.7999999999999998e-01,0.0000000000000000e+00,2.0000000000000000e-02,1.6000000000000001e-03,4.0000000000000001e-02,4.0816326530612249e-02
43666,2.8660000000000000e+01,9.7999999999999998e-01,0.0000000000000000e+00,2.0000000000000000e-02,1.6000000000000001e-03,4.0000000000000001e-02,4.0816326530612249e-02
23666,2.8660000000000000e+01,-9.7999999999999998e-01,0.0000000000000000e+00,2.0000000000000000e-02,1.6000000000000001e-03,4.0000000000000001e-02,4.0816326530612249e-02
23667,2.8699999999999999e+01,-9.7999999999999998e-01,0.0000000000000000e+00,2.0000000000000000e-02,1.6000000000000001e-03,4.0000000000000001e-02,4.0816326530612249e-02
43667,2.8699999999999999e+01,9.7999999999999998e-01,0.0000000000000000e+00,2.0000000000000000e-02,1.6000000000000001e-03,4.0000000000000001e-02,4.0816326530612249e-02
43668,2.8739999999999998e+01,9.7999999999999998e-01,0.0000000000000000e+00,2.0000000000000000e-02,1.6000000000001000e-03,4.0000000000001250e-02,4.0816326530613518e-02
23668,2.8739999999999998e+01,-9.7999999999999998e-01,0.0000000000000000e+00,2.0000000000000000e-02,1.6000000000001000e-03,4.0000000000001250e-02,4.0816326530613518e-02
43669,2.8780000000000001e+01,9.7999999999999998e-01,0.0000000000000000e+00,2.0000000000000000e-02,1.6000000000000001e-03,4.0000000000000001e-02,4.0816326530612249e-02
23669,2.8780000000000001e+01,-9.7999999999999998e-01,0.0000000000000000e+00,2.0000000000000000e-02,1.6000000000000001e-03,4.0000000000000001e-02,4.0816326530612249e-02
23670,2.8820000000000000e+01,-9.7999999999999998e-01,0.0000000000000000e+00,2.0000000000000000e-02,1.6000000000000001e-03,4.0000000000000001e-02,4.0816326530612249e-02
43670,2.8820000000000000e+01,9.7999999999999998e-01,0.0000000000000000e+00,2.0000000000000000e-02,1.6000000000000001e-03,4.0000000000000001e-02,4.0816326530612249e-02
23671,2.8859999999999999e+01,-9.7999999999999998e-01,0.0000000000000000e+00,2.0000000000000000e-02,1.6000000000000001e-03,4.0000000000000001e-02,4.0816326530612249e-02
43671,2.8859999999999999e+01,9.7999999999999998e-01,0.0000000000000000e+00,2.0000000000000000e-02,1.6000000000000001e-03,4.0000000000000001e-02,4.0816326530612249e-02
43672,2.8899999999999999e+01,9.7999999999999998e-01,0.0000000000000000e+00,2.0000000000000000e-02,1.6000000000001000e-03,4.0000000000001250e-02,4.0816326530613518e-02
23672,2.8899999999999999e+01,-9.7999999999999998e-01,0.0000000000000000e+00,2.0000000000000000e-02,1.6000000000001000e-03,4.0000000000001250e-02,4.0816326530613518e-02
43673,2.8940000000000001e+01,9.7999999999999998e-01,0.0000000000000000e+00,2.0000000000000000e-02,1.6000000000000001e-03,4.0000000000000001e-02,4.0816326530612249e-02
23673,2.8940000000000001e+01,-9.7999999999999998e-01,0.0000000000000000e+00,2.0000000000000000e-02,1.6000000000000001e-03,4.0000000000000001e-02,4.0816326530612249e-02
23674,2.8980000000000000e+01,-9.7999999999999998e-01,0.0000000000000000e+00,2.0000000000000000e-02,1.6000000000000001e-03,4.0000000000000001e-02,4.0816326530612249e-02
43674,2.8980000000000000e+01,9.7999999999999998e-01,0.0000000000000000e+00,2.0000000000000000e-02,1.6000000000000001e-03,4.0000000000000001e-02,4.0816326530612249e-02
23675,2.9020000000000000e+01,-9.7999999999999998e-01,0.0000000000000000e+00,2.0000000000000000e-02,1.6000000000000001e-03,4.0000000000000001e-02,4.0816326530612249e-02
43675,2.9020000000000000e+01,9.7999999999999998e-01,0.0000000000000000e+00,2.0000000000000000e-02,1.6000000000000001e-03,4.0000000000000001e-02,4.0816326530612249e-02
43676,2.9059999999999999e+01,9.7999999999999998e-01,0.0000000000000000e+00,2.0000000000000000e-02,1.6000000000000001e-03,4.0000000000000001e-02,4.0816326530612249e-02
23676,2.9059999999999999e+01,-9.7999999999999998e-01,0.0000000000000000e+00,2.0000000000000000e-02,1.6000000000000001e-03,4.0000000000000001e-02,4.0816326530612249e-02
23677,2.9100000000000001e+01,-9.7999999999999998e-01,0.0000000000000000e+00,2.0000000000000000e-02,1.6000000000001000e-03,4.0000000000001250e-02,4.0816326530613518e-02
43677,2.9100000000000001e+01,9.7999999999999998e-01,0.0000000000000000e+00,2.0000000000000000e-02,1.6000000000001000e-03,4.0000000000001250e-02,4.0816326530613518e-02
23678,2.9140000000000001e+01,-9.7999999999999998e-01,0.0000000000000000e+00,2.0000000000000000e-02,1.6000000000000001e-03,4.0000000000000001e-02,4.0816326530612249e-02
43678,2.9140000000000001e+01,9.7999999999999998e-01,0.0000000000000000e+00,2.0000000000000000e-02,1.6000000000000001e-03,4.0000000000000001e-02,4.0816326530612249e-02
23679,2.9180000000000000e+01,-9.7999999999999998e-01,0.0000000000000000e+00,2.0000000000000000e-02,1.6000000000000001e-03,4.0000000000000001e-02,4.0816326530612249e-02
43679,2.9180000000000000e+01,9.7999999999999998e-01,0.0000000000000000e+00,2.0000000000000000e-02,1.6000000000000001e-03,4.0000000000000001e-02,4.0816326530612249e-02
23680,2.9219999999999999e+01,-9.7999999999999998e-01,0.0000000000000000e+00,2.0000000000000000e-02,1.6000000000000001e-03,4.0000000000000001e-02,4.0816326530612249e-02
43680,2.9219999999999999e+01,9.7999999999999998e-01,0.0000000000000000e+00,2.0000000000000000e-02,1.6000000000000001e-03,4.0000000000000001e-02,4.0816326530612249e-02
23681,2.9260000000000002e+01,-9.7999999999999998e-01,0.0000000000000000e+00,2.0000000000000000e-02,1.6000000000001000e-03,4.0000000000001250e-02,4.0816326530613518e-02
43681,2.9260000000000002e+01,9.7999999999999998e-01,0.0000000000000000e+00,2.0000000000000000e-02,1.6000000000001000e-03,4.0000000000001250e-02,4.0816326530613518e-02
23682,2.9300000000000001e+01,-9.7999999999999998e-01,0.0000000000000000e+00,2.0000000000000000e-02,1.6000000000000001e-03,4.0000000000000001e-02,4.0816326530612249e-02
43682,2.9300000000000001e+01,9.7999999999999998e-01,0.0000000000000000e+00,2.0000000000000000e-02,1.6000000000000001e-03,4.0000000000000001e-02,4.0816326530612249e-02
43683,2.9340000000000000e+01,9.7999999999999998e-01,0.0000000000000000e+00,2.0000000000000000e-02,1.6000000000000001e-03,4.0000000000000001e-02,4.0816326530612249e-02
23683,2.9340000000000000e+01,-9.7999999999999998e-01,0.0000000000000000e+00,2.0000000000000000e-02,1.6000000000000001e-03,4.0000000000000001e-02,4.0816326530612249e-02
43684,2.9379999999999999e+01,9.7999999999999998e-01,0.0000000000000000e+00,2.0000000000000000e-02,1.6000000000000001e-03,4.0000000000000001e-02,4.0816326530612249e-02
23684,2.9379999999999999e+01,-9.7999999999999998e-01,0.0000000000000000e+00,2.0000000000000000e-02,1.6000000000000001e-03,4.0000000000000001e-02,4.0816326530612249e-02
23685,2.9420000000000002e+01,-9.7999999999999998e-01,0.0000000000000000e+00,2.0000000000000000e-02,1.6000000000001000e-03,4.0000000000001250e-02,4.0816326530613518e-02
43685,2.9420000000000002e+01,9.7999999999999998e-01,0.0000000000000000e+00,2.0000000000000000e-02,1.6000000000001000e-03,4.0000000000001250e-02,4.0816326530613518e-02
23686,2.9460000000000001e+01,-9.7999999999999998e-01,0.0000000000000000e+00,2.0000000000000000e-02,1.6000000000000001e-03,4.0000000000000001e-02,4.0816326530612249e-02
43686,2.9460000000000001e+01,9.7999999999999998e-01,0.0000000000000000e+00,2.0000000000000000e-02,1.6000000000000001e-03,4.0000000000000001e-02,4.0816326530612249e-02
23687,2.9500000000000000e+01,-9.7999999999999998e-01,0.0000000000000000e+00,2.0000000000000000e-02,1.6000000000000001e-03,4.0000000000000001e-02,4.0816326530612249e-02
43687,2.9500000000000000e+01,9.7999999999999998e-01,0.0000000000000000e+00,2.0000000000000000e-02,1.6000000000000001e-03,4.0000000000000001e-02,4.0816326530612249e-02
23688,2.9539999999999999e+01,-9.7999999999999998e-01,0.0000000000000000e+00,2.0000000000000000e-02,1.6000000000000001e-03,4.0000000000000001e-02,4.0816326530612249e-02
43688,2.9539999999999999e+01,9.7999999999999998e-01,0.0000000000000000e+00,2.0000000000000000e-02,1.6000000000000001e-03,4.0000000000000001e-02,4.0816326530612249e-02
23689,2.9579999999999998e+01,-9.7999999999999998e-01,0.0000000000000000e+00,2.0000000000000000e-02,1.6000000000001000e-03,4.0000000000001250e-02,4.0816326530613518e-02
43689,2.9579999999999998e+01,9.7999999999999998e-01,0.0000000000000000e+00,2.0000000000000000e-02,1.6000000000001000e-03,4.0000000000001250e-02,4.0816326530613518e-02
43690,2.9620000000000001e+01,9.7999999999999998e-01,0.0000000000000000e+00,2.0000000000000000e-02,1.6000000000000001e-03,4.0000000000000001e-02,4.0816326530612249e-02
23690,2.9620000000000001e+01,-9.7999999999999998e-01,0.0000000000000000e+00,2.0000000000000000e-02,1.6000000000000001e-03,4.0000000000000001e-02,4.0816326530612249e-02
43691,2.9660000000000000e+01,9.7999999999999998e-01,0.0000000000000000e+00,2.0000000000000000e-02,1.6000000000000001e-03,4.0000000000000001e-02,4.0816326530612249e-02
23691,2.9660000000000000e+01,-9.7999999999999998e-01,0.0000000000000000e+00,2.0000000000000000e-02,1.6000000000000001e-03,4.0000000000000001e-02,4.0816326530612249e-02
23692,2.9699999999999999e+01,-9.7999999999999998e-01,0.0000000000000000e+00,2.0000000000000000e-02,1.6000000000000001e-03,4.0000000000000001e-02,4.0816326530612249e-02
43692,2.9699999999999999e+01,9.7999999999999998e-01,0.0000000000000000e+00,2.0000000000000000e-02,1.6000000000000001e-03,4.0000000000000001e-02,4.0816326530612249e-02
23693,2.9739999999999998e+01,-9.7999999999999998e-01,0.0000000000000000e+00,2.0000000000000000e-02,1.6000000000001000e-03,4.0000000000001250e-02,4.0816326530613518e-02
43693,2.9739999999999998e+01,9.7999999999999998e-01,0.0000000000000000e+00,2.0000000000000000e-02,1.6000000000001000e-03,4.0000000000001250e-02,4.0816326530613518e-02
23694,2.9780000000000001e+01,-9.7999999999999998e-01,0.0000000000000000e+00,2.0000000000000000e-02,1.6000000000000001e-03,4.0000000000000001e-02,4.0816326530612249e-02
43694,2.9780000000000001e+01,9.7999999999999998e-01,0.0000000000000000e+00,2.0000000000000000e-02,1.6000000000000001e-03,4.0000000000000001e-02,4.0816326530612249e-02
23695,2.9820000000000000e+01,-9.7999999999999998e-01,0.0000000000000000e+00,2.0000000000000000e-02,1.6000000000000001e-03,4.0000000000000001e-02,4.0816326530612249e-02
43695,2.9820000000000000e+01,9.7999999999999998e-01,0.0000000000000000e+00,2.0000000000000000e-02,1.6000000000000001e-03,4.0000000000000001e-02,4.0816326530612249e-02
23696,2.9859999999999999e+01,-9.7999999999999998e-01,0.0000000000000000e+00,2.0000000000000000e-02,1.6000000000000001e-03,4.0000000000000001e-02,4.0816326530612249e-02
43696,2.9859999999999999e+01,9.7999999999999998e-01,0.0000000000000000e+00,2.0000000000000000e-02,1.6000000000000001e-03,4.0000000000000001e-02,4.0816326530612249e-02
43697,2.9899999999999999e+01,9.7999999999999998e-01,0.0000000000000000e+00,2.0000000000000000e-02,1.6000000000001000e-03,4.0000000000001250e-02,4.0816326530613518e-02
23697,2.9899999999999999e+01,-9.7999999999999998e-01,0.0000000000000000e+00,2.0000000000000000e-02,1.6000000000001000e-03,4.0000000000001250e-02,4.0816326530613518e-02
43698,2.9940000000000001e+01,9.7999999999999998e-01,0.0000000000000000e+00,2.0000000000000000e-02,1.6000000000000001e-03,4.0000000000000001e-02,4.0816326530612249e-02
23698,2.9940000000000001e+01,-9.7999999999999998e-01,0.0000000000000000e+00,2.0000000000000000e-02,1.6000000000000001e-03,4.0000000000000001e-02,4.0816326530612249e-02
23699,2.9980000000000000e+01,-9.7999999999999998e-01,0.0000000000000000e+00,2.0000000000000000e-02,1.6000000000000001e-03,4.0000000000000001e-02,4.0816326530612249e-02
43699,2.9980000000000000e+01,9.7999999999999998e-01,0.0000000000000000e+00,2.0000000000000000e-02,1.6000000000000001e-03,4.0000000000000001e-02,4.0816326530612249e-02
23700,3.0020000000000000e+01,-9.7999999999999998e-01,0.0000000000000000e+00,2.0000000000000000e-02,1.6000000000000001e-03,4.0000000000000001e-02,4.0816326530612249e-02
43700,3.0020000000000000e+01,9.7999999999999998e-01,0.0000000000000000e+00,2.0000000000000000e-02,1.6000000000000001e-03,4.0000000000000001e-02,4.0816326530612249e-02
43701,3.0059999999999999e+01,9.7999999999999998e-01,0.0000000000000000e+00,2.0000000000000000e-02,1.6000000000000001e-03,4.0000000000000001e-02,4.0816326530612249e-02
23701,3.0059999999999999e+01,-9.7999999999999998e-01,0.0000000000000000e+00,2.0000000000000000e-02,1.6000000000000001e-03,4.0000000000000001e-02,4.0816326530612249e-02
23702,3.0100000000000001e+01,-9.7999999999999998e-01,0.0000000000000000e+00,2.0000000000000000e-02,1.6000000000001000e-03,4.0000000000001250e-02,4.0816326530613518e-02
43702,3.0100000000000001e+01,9.7999999999999998e-01,0.0000000000000000e+00,2.0000000000000000e-02,1.6000000000001000e-03,4.0000000000001250e-02,4.0816326530613518e-02
23703,3.0140000000000001e+01,-9.7999999999999998e-01,0.0000000000000000e+00,2.0000000000000000e-02,1.6000000000000001e-03,4.0000000000000001e-02,4.0816326530612249e-02
43703,3.0140000000000001e+01,9.7999999999999998e-01,0.0000000000000000e+00,2.0000000000000000e-02,1.6000000000000001e-03,4.0000000000000001e-02,4.0816326530612249e-02
23704,3.0180000000000000e+01,-9.7999999999999998e-01,0.0000000000000000e+00,2.0000000000000000e-02,1.6000000000000001e-03,4.0000000000000001e-02,4.0816326530612249e-02
43704,3.0180000000000000e+01,9.7999999999999998e-01,0.0000000000000000e+00,2.0000000000000000e-02,1.6000000000000001e-03,4.0000000000000001e-02,4.0816326530612249e-02
23705,3.0219999999999999e+01,-9.7999999999999998e-01,0.0000000000000000e+00,2.0000000000000000e-02,1.6000000000000001e-03,4.0000000000000001e-02,4.0816326530612249e-02
43705,3.0219999999999999e+01,9.7999999999999998e-01,0.0000000000000000e+00,2.0000000000000000e-02,1.6000000000000001e-03,4.0000000000000001e-02,4.0816326530612249e-02
23706,3.0260000000000002e+01,-9.7999999999999998e-01,0.0000000000000000e+00,2.0000000000000000e-02,1.6000000000001000e-03,4.0000000000001250e-02,4.0816326530613518e-02
43706,3.0260000000000002e+01,9.7999999999999998e-01,0.0000000000000000e+00,2.0000000000000000e-02,1.6000000000001000e-03,4.0000000000001250e-02,4.0816326530613518e-02
23707,3.0300000000000001e+01,-9.7999999999999998e-01,0.0000000000000000e+00,2.0000000000000000e-02,1.6000000000000001e-03,4.0000000000000001e-02,4.0816326530612249e-02
43707,3.0300000000000001e+01,9.7999999999999998e-01,0.0000000000000000e+00,2.0000000000000000e-02,1.6000000000000001e-03,4.0000000000000001e-02,4.0816326530612249e-02
43708,3.0340000000000000e+01,9.7999999999999998e-01,0.0000000000000000e+00,2.0000000000000000e-02,1.6000000000000001e-03,4.0000000000000001e-02,4.0816326530612249e-02
23708,3.0340000000000000e+01,-9.7999999999999998e-01,0.0000000000000000e+00,2.0000000000000000e-02,1.6000000000000001e-03,4.0000000000000001e-02,4.0816326530612249e-02
43709,3.0379999999999999e+01,9.7999999999999998e-01,0.0000000000000000e+00,2.0000000000000000e-02,1.6000000000000001e-03,4.0000000000000001e-02,4.0816326530612249e-02
23709,3.0379999999999999e+01,-9.7999999999999998e-01,0.0000000000000000e+00,2.0000000000000000e-02,1.6000000000000001e-03,4.0000000000000001e-02,4.0816326530612249e-02
23710,3.0420000000000002e+01,-9.7999999999999998e-01,0.0000000000000000e+00,2.0000000000000000e-02,1.6000000000001000e-03,4.0000000000001250e-02,4.0816326530613518e-02
43710,3.0420000000000002e+01,9.7999999999999998e-01,0.0000000000000000e+00,2.0000000000000000e-02,1.6000000000001000e-03,4.0000000000001250e-02,4.0816326530613518e-02
23711,3.0460000000000001e+01,-9.7999999999999998e-01,0.0000000000000000e+00,2.0000000000000000e-02,1.6000000000000001e-03,4.0000000000000001e-02,4.0816326530612249e-02
43711,3.0460000000000001e+01,9.7999999999999998e-01,0.0000000000000000e+00,2.0000000000000000e-02,1.6000000000000001e-03,4.0000000000000001e-02,4.0816326530612249e-02
23712,3.0500000000000000e+01,-9.7999999999999998e-01,0.0000000000000000e+00,2.0000000000000000e-02,1.6000000000000001e-03,4.0000000000000001e-02,4.0816326530612249e-02
43712,3.0500000000000000e+01,9.7999999999999998e-01,0.0000000000000000e+00,2.0000000000000000e-02,1.6000000000000001e-03,4.0000000000000001e-02,4.0816326530612249e-02
23713,3.0539999999999999e+01,-9.7999999999999998e-01,0.0000000000000000e+00,2.0000000000000000e-02,1.6000000000000001e-03,4.0000000000000001e-02,4.0816326530612249e-02
43713,3.0539999999999999e+01,9.7999999999999998e-01,0.0000000000000000e+00,2.0000000000000000e-02,1.6000000000000001e-03,4.0000000000000001e-02,4.0816326530612249e-02
23714,3.0579999999999998e+01,-9.7999999999999998e-01,0.0000000000000000e+00,2.0000000000000000e-02,1.6000000000001000e-03,4.0000000000001250e-02,4.0816326530613518e-02
43714,3.0579999999999998e+01,9.7999999999999998e-01,0.0000000000000000e+00,2.0000000000000000e-02,1.6000000000001000e-03,4.0000000000001250e-02,4.0816326530613518e-02
43715,3.0620000000000001e+01,9.7999999999999998e-01,0.0000000000000000e+00,2.0000000000000000e-02,1.6000000000000001e-03,4.0000000000000001e-02,4.0816326530612249e-02
23715,3.0620000000000001e+01,-9.7999999999999998e-01,0.0000000000000000e+00,2.0000000000000000e-02,1.6000000000000001e-03,4.0000000000000001e-02,4.0816326530612249e-02
43716,3.0660000000000000e+01,9.7999999999999998e-01,0.0000000000000000e+00,2.0000000000000000e-02,1.6000000000000001e-03,4.0000000000000001e-02,4.0816326530612249e-02
23716,3.0660000000000000e+01,-9.7999999999999998e-01,0.0000000000000000e+00,2.0000000000000000e-02,1.6000000000000001e-03,4.0000000000000001e-02,4.0816326530612249e-02
23717,3.0699999999999999e+01,-9.7999999999999998e-01,0.0000000000000000e+00,2.0000000000000000e-02,1.6000000000000001e-03,4.0000000000000001e-02,4.0816326530612249e-02
43717,3.0699999999999999e+01,9.7999999999999998e-01,0.0000000000000000e+00,2.0000000000000000e-02,1.6000000000000001e-03,4.0000000000000001e-02,4.0816326530612249e-02
23718,3.0739999999999998e+01,-9.7999999999999998e-01,0.0000000000000000e+00,2.0000000000000000e-02,1.6000000000001000e-03,4.0000000000001250e-02,4.0816326530613518e-02
43718,3.0739999999999998e+01,9.7999999999999998e-01,0.0000000000000000e+00,2.0000000000000000e-02,1.6000000000001000e-03,4.0000000000001250e-02,4.0816326530613518e-02
23719,3.0780000000000001e+01,-9.7999999999999998e-01,0.0000000000000000e+00,2.0000000000000000e-02,1.6000000000000001e-03,4.0000000000000001e-02,4.0816326530612249e-02
43719,3.0780000000000001e+01,9.7999999999999998e-01,0.0000000000000000e+00,2.0000000000000000e-02,1.6000000000000001e-03,4.0000000000000001e-02,4.0816326530612249e-02
23720,3.0820000000000000e+01,-9.7999999999999998e-01,0.0000000000000000e+00,2.0000000000000000e-02,1.6000000000000001e-03,4.0000000000000001e-02,4.0816326530612249e-02
43720,3.0820000000000000e+01,9.7999999999999998e-01,0.0000000000000000e+00,2.0000000000000000e-02,1.6000000000000001e-03,4.0000000000000001e-02,4.0816326530612249e-02
23721,3.0859999999999999e+01,-9.7999999999999998e-01,0.0000000000000000e+00,2.0000000000000000e-02,1.6000000000000001e-03,4.0000000000000001e-02,4.0816326530612249e-02
43721,3.0859999999999999e+01,9.7999999999999998e-01,0.0000000000000000e+00,2.0000000000000000e-02,1.6000000000000001e-03,4.0000000000000001e-02,4.0816326530612249e-02
43722,3.0899999999999999e+01,9.7999999999999998e-01,0.0000000000000000e+00,2.0000000000000000e-02,1.6000000000001000e-03,4.0000000000001250e-02,4.0816326530613518e-02
23722,3.0899999999999999e+01,-9.7999999999999998e-01,0.0000000000000000e+00,2.0000000000000000e-02,1.6000000000001000e-03,4.0000000000001250e-02,4.0816326530613518e-02
43723,3.0940000000000001e+01,9.7999999999999998e-01,0.0000000000000000e+00,2.0000000000000000e-02,1.6000000000000001e-03,4.0000000000000001e-02,4.0816326530612249e-02
23723,3.0940000000000001e+01,-9.7999999999999998e-01,0.0000000000000000e+00,2.0000000000000000e-02,1.6000000000000001e-03,4.0000000000000001e-02,4.0816326530612249e-02
23724,3.0980000000000000e+01,-9.7999999999999998e-01,0.0000000000000000e+00,2.0000000000000000e-02,1.6000000000000001e-03,4.0000000000000001e-02,4.0816326530612249e-02
43724,3.0980000000000000e+01,9.7999999999999998e-01,0.0000000000000000e+00,2.0000000000000000e-02,1.6000000000000001e-03,4.0000000000000001e-02,4.0816326530612249e-02
23725,3.1020000000000000e+01,-9.7999999999999998e-01,0.0000000000000000e+00,2.0000000000000000e-02,1.6000000000000001e-03,4.0000000000000001e-02,4.0816326530612249e-02
43725,3.1020000000000000e+01,9.7999999999999998e-01,0.0000000000000000e+00,2.0000000000000000e-02,1.6000000000000001e-03,4.0000000000000001e-02,4.0816326530612249e-02
43726,3.1059999999999999e+01,9.7999999999999998e-01,0.0000000000000000e+00,2.0000000000000000e-02,1.6000000000000001e-03,4.0000000000000001e-02,4.0816326530612249e-02
23726,3.1059999999999999e+01,-9.7999999999999998e-01,0.0000000000000000e+00,2.0000000000000000e-02,1.6000000000000001e-03,4.0000000000000001e-02,4.0816326530612249e-02
23727,3.1100000000000001e+01,-9.7999999999999998e-01,0.0000000000000000e+00,2.0000000000000000e-02,1.6000000000001000e-03,4.0000000000001250e-02,4.0816326530613518e-02
43727,3.1100000000000001e+01,9.7999999999999998e-01,0.0000000000000000e+00,2.0000000000000000e-02,1.6000000000001000e-03,4.0000000000001250e-02,4.0816326530613518e-02
23728,3.1140000000000001e+01,-9.7999999999999998e-01,0.0000000000000000e+00,2.0000000000000000e-02,1.6000000000000001e-03,4.0000000000000001e-02,4.0816326530612249e-02
43728,3.1140000000000001e+01,9.7999999999999998e-01,0.0000000000000000e+00,2.0000000000000000e-02,1.6000000000000001e-03,4.0000000000000001e-02,4.0816326530612249e-02
23729,3.1180000000000000e+01,-9.7999999999999998e-01,0.0000000000000000e+00,2.0000000000000000e-02,1.6000000000000001e-03,4.0000000000000001e-02,4.0816326530612249e-02
43729,3.1180000000000000e+01,9.7999999999999998e-01,0.0000000000000000e+00,2.0000000000000000e-02,1.6000000000000001e-03,4.0000000000000001e-02,4.0816326530612249e-02
23730,3.1219999999999999e+01,-9.7999999999999998e-01,0.0000000000000000e+00,2.0000000000000000e-02,1.6000000000000001e-03,4.0000000000000001e-02,4.0816326530612249e-02
43730,3.1219999999999999e+01,9.7999999999999998e-01,0.0000000000000000e+00,2.0000000000000000e-02,1.6000000000000001e-03,4.0000000000000001e-02,4.0816326530612249e-02
23731,3.1260000000000002e+01,-9.7999999999999998e-01,0.0000000000000000e+00,2.0000000000000000e-02,1.6000000000001000e-03,4.0000000000001250e-02,4.0816326530613518e-02
43731,3.1260000000000002e+01,9.7999999999999998e-01,0.0000000000000000e+00,2.0000000000000000e-02,1.6000000000001000e-03,4.0000000000001250e-02,4.0816326530613518e-02
23732,3.1300000000000001e+01,-9.7999999999999998e-01,0.0000000000000000e+00,2.0000000000000000e-02,1.6000000000000001e-03,4.0000000000000001e-02,4.0816326530612249e-02
43732,3.1300000000000001e+01,9.7999999999999998e-01,0.0000000000000000e+00,2.0000000000000000e-02,1.6000000000000001e-03,4.0000000000000001e-02,4.0816326530612249e-02
43733,3.1340000000000000e+01,9.7999999999999998e-01,0.0000000000000000e+00,2.0000000000000000e-02,1.6000000000000001e-03,4.0000000000000001e-02,4.0816326530612249e-02
23733,3.1340000000000000e+01,-9.7999999999999998e-01,0.0000000000000000e+00,2.0000000000000000e-02,1.6000000000000001e-03,4.0000000000000001e-02,4.0816326530612249e-02
43734,3.1379999999999999e+01,9.7999999999999998e-01,0.0000000000000000e+00,2.0000000000000000e-02,1.6000000000000001e-03,4.0000000000000001e-02,4.0816326530612249e-02
23734,3.1379999999999999e+01,-9.7999999999999998e-01,0.0000000000000000e+00,2.0000000000000000e-02,1.6000000000000001e-03,4.0000000000000001e-02,4.0816326530612249e-02
23735,3.1420000000000002e+01,-9.7999999999999998e-01,0.0000000000000000e+00,2.0000000000000000e-02,1.6000000000001000e-03,4.0000000000001250e-02,4.0816326530613518e-02
43735,3.1420000000000002e+01,9.7999999999999998e-01,0.0000000000000000e+00,2.0000000000000000e-02,1.6000000000001000e-03,4.0000000000001250e-02,4.0816326530613518e-02
23736,3.1460000000000001e+01,-9.7999999999999998e-01,0.0000000000000000e+00,2.0000000000000000e-02,1.6000000000000001e-03,4.0000000000000001e-02,4.0816326530612249e-02
43736,3.1460000000000001e+01,9.7999999999999998e-01,0.0000000000000000e+00,2.0000000000000000e-02,1.6000000000000001e-03,4.0000000000000001e-02,4.0816326530612249e-02
23737,3.1500000000000000e+01,-9.7999999999999998e-01,0.0000000000000000e+00,2.0000000000000000e-02,1.6000000000000001e-03,4.0000000000000001e-02,4.0816326530612249e-02
43737,3.1500000000000000e+01,9.7999999999999998e-01,0.0000000000000000e+00,2.0000000000000000e-02,1.6000000000000001e-03,4.0000000000000001e-02,4.0816326530612249e-02
23738,3.1539999999999999e+01,-9.7999999999999998e-01,0.0000000000000000e+00,2.0000000000000000e-02,1.6000000000000001e-03,4.0000000000000001e-02,4.0816326530612249e-02
43738,3.1539999999999999e+01,9.7999999999999998e-01,0.0000000000000000e+00,2.0000000000000000e-02,1.6000000000000001e-03,4.0000000000000001e-02,4.0816326530612249e-02
23739,3.1579999999999998e+01,-9.7999999999999998e-01,0.0000000000000000e+00,2.0000000000000000e-02,1.6000000000001000e-03,4.0000000000001250e-02,4.0816326530613518e-02
43739,3.1579999999999998e+01,9.7999999999999998e-01,0.0000000000000000e+00,2.0000000000000000e-02,1.6000000000001000e-03,4.0000000000001250e-02,4.0816326530613518e-02
43740,3.1620000000000001e+01,9.7999999999999998e-01,0.0000000000000000e+00,2.0000000000000000e-02,1.6000000000000001e-03,4.0000000000000001e-02,4.0816326530612249e-02
23740,3.1620000000000001e+01,-9.7999999999999998e-01,0.0000000000000000e+00,2.0000000000000000e-02,1.6000000000000001e-03,4.0000000000000001e-02,4.0816326530612249e-02
43741,3.1660000000000000e+01,9.7999999999999998e-01,0.0000000000000000e+00,2.0000000000000000e-02,1.6000000000000001e-03,4.0000000000000001e-02,4.0816326530612249e-02
23741,3.1660000000000000e+01,-9.7999999999999998e-01,0.0000000000000000e+00,2.0000000000000000e-02,1.6000000000000001e-03,4.0000000000000001e-02,4.0816326530612249e-02
23742,3.1699999999999999e+01,-9.7999999999999998e-01,0.0000000000000000e+00,2.0000000000000000e-02,1.6000000000000001e-03,4.0000000000000001e-02,4.0816326530612249e-02
43742,3.1699999999999999e+01,9.7999999999999998e-01,0.0000000000000000e+00,2.0000000000000000e-02,1.6000000000000001e-03,4.0000000000000001e-02,4.0816326530612249e-02
23743,3.1739999999999998e+01,-9.7999999999999998e-01,0.0000000000000000e+00,2.0000000000000000e-02,1.6000000000001000e-03,4.0000000000001250e-02,4.0816326530613518e-02
43743,3.1739999999999998e+01,9.7999999999999998e-01,0.0000000000000000e+00,2.0000000000000000e-02,1.6000000000001000e-03,4.0000000000001250e-02,4.0816326530613518e-02
23744,3.1780000000000001e+01,-9.7999999999999998e-01,0.0000000000000000e+00,2.0000000000000000e-02,1.6000000000000001e-03,4.0000000000000001e-02,4.0816326530612249e-02
43744,3.1780000000000001e+01,9.7999999999999998e-01,0.0000000000000000e+00,2.0000000000000000e-02,1.6000000000000001e-03,4.0000000000000001e-02,4.0816326530612249e-02
23745,3.1820000000000000e+01,-9.7999999999999998e-01,0.0000000000000000e+00,2.0000000000000000e-02,1.6000000000000001e-03,4.0000000000000001e-02,4.0816326530612249e-02
43745,3.1820000000000000e+01,9.7999999999999998e-01,0.0000000000000000e+00,2.0000000000000000e-02,1.6000000000000001e-03,4.0000000000000001e-02,4.0816326530612249e-02
23746,3.1859999999999999e+01,-9.7999999999999998e-01,0.0000000000000000e+00,2.0000000000000000e-02,1.6000000000000001e-03,4.0000000000000001e-02,4.0816326530612249e-02
43746,3.1859999999999999e+01,9.7999999999999998e-01,0.0000000000000000e+00,2.0000000000000000e-02,1.6000000000000001e-03,4.0000000000000001e-02,4.0816326530612249e-02
43747,3.1899999999999999e+01,9.7999999999999998e-01,0.0000000000000000e+00,2.0000000000000000e-02,1.6000000000001000e-03,4.0000000000001250e-02,4.0816326530613518e-02
23747,3.1899999999999999e+01,-9.7999999999999998e-01,0.0000000000000000e+00,2.0000000000000000e-02,1.6000000000001000e-03,4.0000000000001250e-02,4.0816326530613518e-02
43748,3.1940000000000001e+01,9.7999999999999998e-01,0.0000000000000000e+00,2.0000000000000000e-02,1.6000000000000001e-03,4.0000000000000001e-02,4.0816326530612249e-02
23748,3.1940000000000001e+01,-9.7999999999999998e-01,0.0000000000000000e+00,2.0000000000000000e-02,1.6000000000000001e-03,4.0000000000000001e-02,4.0816326530612249e-02
23749,3.1980000000000000e+01,-9.7999999999999998e-01,0.0000000000000000e+00,2.0000000000000000e-02,1.6000000000000001e-03,4.0000000000000001e-02,4.0816326530612249e-02
43749,3.1980000000000000e+01,9.7999999999999998e-01,0.0000000000000000e+00,2.0000000000000000e-02,1.6000000000000001e-03,4.0000000000000001e-02,4.0816326530612249e-02
