id,u,v,x,y,z
0,-0.093121984624984,0.082609588767844,-10.282906831933,0.062520202861361,0
1,-0.07184365733639,0.17352050547744,-10.281360408514,0.18755252698988,0
2,-0.0522805601831,0.25386480204762,-10.278428601485,0.31256060937292,0
3,-0.035913716023173,0.32242203959729,-10.274111787829,0.43752829324441,0
808,-0.02208181248957,0.3775046048404,-10.26824147234,0.56256899915995,0
809,-0.0093678188798423,0.4206032679241,-10.260815383854,0.6876663884244,0
810,0.0024534072595727,0.45349571670369,-10.252000503782,0.81267450665203,0
811,0.013130406909495,0.47765235694608,-10.241797970564,0.93757712538758,0
1168,0.033001442269024,0.50292660345926,-10.222383015916,1.1310223346639,0
1169,0.050266325270866,0.50247964606019,-10.191217733667,1.3926820757393,0
4,-0.27442166237353,0.046743845380104,-10.182782441094,0.062518076454915,0
5,-0.24614030834443,0.12175502800832,-10.181060164761,0.18754699846467,0
6,-0.21234700509308,0.18886747740661,-10.178098334674,0.31255423049161,0
7,-0.17892401765038,0.2473357637811,-10.17389728813,0.43752531648186,0
812,-0.14812421531174,0.29508261163717,-10.167966279889,0.56256173798523,0
813,-0.11974188477349,0.33313190967343,-10.160303277857,0.68764887616922,0
1170,0.064965934863281,0.49199342797022,-10.153600092274,1.653492402997,0
814,-0.094009157780232,0.36241749158995,-10.151397672827,0.81265614026762,0
815,-0.070750645253662,0.38418269073833,-10.141250483404,0.93756901008363,0
1196,-0.031997067372322,0.40555105403078,-10.121936343542,1.1296147877868,0
1171,0.076767313642046,0.47541099221544,-10.109553035741,1.9132942290938,0
1197,-0.00074179802860732,0.40509045804217,-10.090883155076,1.3884613386396,0
8,-0.3690296118608,0.034703376746275,-10.082658050254,0.062515950048468,0
9,-0.33804339263436,0.094934377792601,-10.080759921009,0.18754146993946,0
10,-0.29799007266798,0.14985453099053,-10.077768067862,0.31254785161029,0
11,-0.25706667042258,0.19833977012091,-10.073682788431,0.4375223397193,0
816,-0.21874818431096,0.23789771913695,-10.067691087438,0.5625544768105,0
817,-0.18310831240774,0.26935844482863,-10.05979117186,0.68763136391404,0
1172,0.086344723246926,0.45536260589113,-10.059103430117,2.1719290807621,0
1198,0.023435662144217,0.39604102848172,-10.053455153364,1.646463339496,0
818,-0.15060261055369,0.29318159568174,-10.050794841872,0.81263777388321,0
819,-0.12092978332982,0.31029995449064,-10.040702996243,0.93756089477968,0
1224,-0.072509678673892,0.32590305927034,-10.021489671169,1.1282072409097,0
1199,0.041396237527746,0.38171350363637,-10.00967510604,1.9034638139782,0
1173,0.094328756393205,0.43401227058706,-10.002282046873,2.4292391968799,0
1225,-0.034227180419511,0.32375419064074,-9.9905485764853,1.3842406015399,0
12,-0.45855748189066,0.028225997981796,-9.9825336594139,0.062513823642021,0
13,-0.42443259550725,0.076713757069794,-9.9804596772565,0.18753594141425,0
14,-0.37832318295097,0.12126497463738,-9.9774378010507,0.31254147272898,0
15,-0.32996059474886,0.16099441954712,-9.9734682887316,0.43751936295675,0
820,-0.28388800265648,0.19300649769537,-9.9674158949871,0.56254721563578,0
1200,0.0548600314604,0.36461369952432,-9.9595696459196,2.1593063938257,0
821,-0.24064197495814,0.21823599154394,-9.9592790658634,0.68761385165886,0
1226,-0.0057195989433667,0.31428398646241,-9.9533102144547,1.639434275995,0
822,-0.20092032425395,0.23682164338407,-9.9501920109175,0.8126194074988,0
823,-0.16453628692272,0.24957317424053,-9.9401555090828,0.93755277947572,0
1174,0.1010945240308,0.41263496308389,-9.9391235439187,2.6850676255643,0
1252,-0.10640203185772,0.26000304499297,-9.9210429987956,1.1267996940326,0
1227,0.014665267281849,0.30059559855274,-9.9097971763393,1.8936333988626,0
1201,0.065248296367277,0.34683102179102,-9.9031692545521,2.4138354155342,0
1253,-0.061517118534049,0.25597010304087,-9.8902139978947,1.3800198644402,0
16,-0.53455217006947,0.023672984663254,-9.8824092685739,0.062511697235574,0
17,-0.49741488077331,0.062826590213682,-9.8801594335038,0.18753041288904,0
18,-0.44613538157862,0.098747708093508,-9.8771075342389,0.31253509384766,0
19,-0.39146181666692,0.13085983318757,-9.8732537890319,0.43751638619419,0
1175,0.10687671207125,0.39184235168834,-9.8696664448435,2.939258317959,0
824,-0.33857521568437,0.15602211379665,-9.8671407025358,0.56253995446105,0
1228,0.029303831005135,0.28514491291977,-9.8600358617228,2.1466837068893,0
825,-0.28850794785037,0.17551714221653,-9.8587669598663,0.68759633940368,0
1254,-0.029098859404724,0.24599419264891,-9.8531652755451,1.632405212494,0
826,-0.2422346614657,0.18917251448916,-9.8495891799627,0.8126010411144,0
1202,0.073506001392146,0.32957378236318,-9.8405082434604,2.6668960159407,0
827,-0.19986576766884,0.19775797893527,-9.8396080219224,0.93754466417177,0
1280,-0.13420909931052,0.20312082233924,-9.8205963264224,1.1253921471555,0
1255,-0.0066667812205271,0.23281937302837,-9.8099192466386,1.8838029837469,0
1229,0.040120312805029,0.26985244592292,-9.8040564622312,2.3984316341885,0
1176,0.11184822097404,0.37192030252501,-9.7939531151825,3.1916562244188,0
1281,-0.083943960767517,0.19653934259521,-9.7898794193041,1.3757991273405,0
20,-0.59532304341348,0.019872041411777,-9.7822848777333,0.062509570829127,0
21,-0.55524790283389,0.05149661444772,-9.7798591897507,0.18752488436383,0
22,-0.49954814492709,0.080467970387858,-9.7767772674269,0.31252871496635,0
23,-0.43959677753465,0.10636183031031,-9.7730392893323,0.43751340943164,0
1203,0.080263199319408,0.31336874818783,-9.771624733662,2.9183342244718,0
828,-0.38092516492675,0.12591215377842,-9.7668655100845,0.56253269328633,0
1256,0.0088044608977688,0.21880702357263,-9.760502077526,2.1340610199529,0
829,-0.32499840943826,0.1407692731823,-9.7582548538692,0.6875788271485,0
1282,-0.048388580362801,0.18484862676088,-9.7530203366356,1.6253761489929,0
830,-0.2730104396778,0.15046899881437,-9.7489863490077,0.81258267472999,0
1230,0.048420169379939,0.25572129189989,-9.7418929430024,2.6487244063171,0
831,-0.22542202871887,0.15576209203259,-9.7390605347617,0.93753654886781,0
1308,-0.15405958861687,0.15737487679038,-9.720149654049,1.1239846002785,0
1177,0.11614415110999,0.35300207659841,-9.7120297369262,3.4421073881037,0
1283,-0.024568655228055,0.17083407517074,-9.7100413169379,1.8739725686313,0
1257,0.019757494359473,0.2057509414728,-9.7049436699103,2.3830278528427,0
1204,0.08595767375495,0.2983935936667,-9.6965606321895,3.1679970579891,0
1309,-0.099432269653643,0.1488942163795,-9.6895448407133,1.3715783902408,0
24,-0.64487018816255,0.016576044581422,-9.6821604868928,0.06250744442268,0
25,-0.60200482363644,0.042093970587503,-9.6795589459974,0.18751935583863,0
26,-0.54245894876401,0.065482221165671,-9.6764470006145,0.31252233608503,0
1231,0.055060940566748,0.2430641677669,-9.6735830224807,2.8974101309847,0
27,-0.47799306744667,0.086356193560185,-9.6728247896321,0.43751043266908,0
832,-0.41433349837678,0.10148683464844,-9.6665903176326,0.5625254321116,0
1284,-0.0088954555543076,0.15709428643408,-9.6609682933293,2.1214383330165,0
833,-0.3533229359347,0.11275053294949,-9.6577427478715,0.68756131489333,0
1310,-0.061377366081657,0.13530536450812,-9.6528753977258,1.6183470854919,0
834,-0.29630967303125,0.11948930429664,-9.6483835180523,0.81256430834558,0
1258,0.027885132626635,0.19446445029613,-9.6432776425444,2.6305527966934,0
835,-0.24409401243957,0.12245910107326,-9.6385130476007,0.93752843356386,0
1178,0.11987171479116,0.33513629300081,-9.6239462801152,3.6904590395988,0
1336,-0.16828059936301,0.1217984660539,-9.6197029816752,1.1225770534014,0
1205,0.090893815498262,0.28466094976202,-9.6153616069617,3.4157326128126,0
1311,-0.03682007688451,0.11984438321267,-9.6101633872369,1.8641421535156,0
1285,0.0016193526394096,0.1454669353392,-9.6058308775893,2.3676240714969,0
1232,0.060609947717061,0.23185927519873,-9.5991681491968,3.1443378915595,0
1337,-0.10954375322973,0.11238075223181,-9.5892102621221,1.3673576531411,0
28,-0.68541564036165,0.013712286738106,-9.5820360960528,0.062505318016233,0
29,-0.64003532398168,0.034277565098149,-9.5792587022447,0.18751382731342,0
30,-0.57715970751356,0.05315562467664,-9.5761167338027,0.31251595720371,0
1259,0.034276846803025,0.18502654880673,-9.5755413112993,2.8764860374975,0
31,-0.50881680982418,0.069953910329015,-9.5726102899324,0.43750745590653,0
836,-0.44084820017307,0.081628985619958,-9.5663151251811,0.56251817093688,0
1312,-0.021658727259901,0.1057213181007,-9.5614345091322,2.1088156460801,0
837,-0.37542602089148,0.090115985895889,-9.5572306418741,0.68754380263815,0
1338,-0.068997671940781,0.0973641981575,-9.5527304588158,1.6113180219909,0
838,-0.3140338611624,0.094680966038941,-9.5477806870971,0.81254594196117,0
1286,0.0091131756142988,0.13654220049505,-9.5446623420863,2.6123811870698,0
839,-0.25780132442259,0.096093047505994,-9.5379655604398,0.9375203182599,0
1179,0.12311905420113,0.31832176985615,-9.5297564721242,3.9365596908991,0
1206,0.095280129012904,0.27210030047331,-9.5280770588013,3.661390157734,0
1364,-0.17864720222348,0.094252874982403,-9.5192563093014,1.1211695065243,0
1233,0.065436363637839,0.22195708013999,-9.5186934769975,3.3893578375215,0
1339,-0.043885917695971,0.080573848538816,-9.5102854575357,1.8543117384,0
1313,-0.01223644532775,0.095047998644773,-9.5067180852682,2.3522202901511,0
1260,0.039613930882735,0.17720165873258,-9.501775666204,3.1206787251297,0
1365,-0.11584434876012,0.084820472578847,-9.488875683531,1.3631369160414,0
32,-0.71856026175429,0.011234315266956,-9.4819117052131,0.062503191609787,0
33,-0.67100137425668,0.027796221167693,-9.4789584584922,0.18750829878821,0
1287,0.014918443809856,0.13002151533675,-9.4774996001179,2.8555619440102,0
34,-0.60525727430519,0.043015289215741,-9.475786466991,0.3125095783224,0
35,-0.53358261815045,0.056483068102668,-9.4723957902328,0.43750447914398,0
840,-0.46189592755914,0.065453931647071,-9.4660399327297,0.56251090976215,0
1340,-0.029671197558388,0.066003049661846,-9.461900724935,2.0961929591437,0
841,-0.39265558129305,0.071783091898941,-9.4567185358768,0.68752629038297,0
1366,-0.072603961836275,0.069351017239496,-9.4525855199058,1.6042889584899,0
842,-0.3274962363652,0.074757520278714,-9.4471778561419,0.81252757557677,0
1314,-0.0058562966806705,0.088154133525329,-9.446047041628,2.5942095774461,0
843,-0.2678473724791,0.07514549917159,-9.4374180732788,0.93751220295595,0
1207,0.099260020773979,0.26060348439002,-9.4347600911129,3.9048202266275,0
1234,0.069774642192411,0.21317204168462,-9.4322078374877,3.6323212758693,0
1180,0.12596136018247,0.30252962936399,-9.4295177653275,4.1802592264232,0
1261,0.044308279121554,0.17068367871131,-9.4220253470332,3.3629830622304,0
1392,-0.18627089616665,0.072707140417529,-9.4188096369277,1.1197619596472,0
1367,-0.046810869859209,0.052286321280697,-9.4104075278345,1.8444813232845,0
1341,-0.021821445132012,0.056257561402646,-9.4076052929468,2.3368165088054,0
1288,0.019803828365601,0.12533619665813,-9.4043831832112,3.0970195587,0
1393,-0.11953364947422,0.063789969707194,-9.3885411049399,1.3589161789417,0
36,-0.74600921494443,0.0091441962644443,-9.3817873143741,0.06250106520334,0
1315,-0.00094157348615105,0.084210484131365,-9.3794578889364,2.8346378505231,0
37,-0.69656597107193,0.022490391075883,-9.3786582147403,0.187502770263,0
38,-0.62830416544238,0.034740590137382,-9.3754562001797,0.31250319944108,0
39,-0.55371781966776,0.045478450423157,-9.3721812905334,0.43750150238142,0
844,-0.47876681062247,0.052339530262283,-9.3657647402783,0.56250364858743,0
1368,-0.033664716378965,0.038121515896833,-9.3623669407378,2.0835702722074,0
845,-0.4061781489514,0.056982630837407,-9.3562064298795,0.68750877812779,0
1394,-0.073629199961323,0.048921709507654,-9.3524405809958,1.597259894989,0
1342,-0.016872905336332,0.05131731532795,-9.3474317411695,2.5760379678225,0
846,-0.3377668958688,0.05878950564102,-9.3465750251867,0.81250920919236,0
1235,0.073773917933781,0.20532426225981,-9.3397637101019,3.8730807623559,0
847,-0.27522312035202,0.058501129242693,-9.3368705861179,0.937504087652,0
1262,0.048601044691962,0.16519029610556,-9.336338616174,3.6032523940046,0
1208,0.10293418551047,0.25005245169402,-9.3354674779619,4.1458747081202,0
1289,0.024188179966885,0.12196596561626,-9.3253572170688,3.3366082869392,0
1181,0.12846395444922,0.28771612929218,-9.3232913015124,4.4214089959881,0
1420,-0.1918475107339,0.055717954681305,-9.3183629645539,1.1183544127701,0
1395,-0.04706951331019,0.033149460438824,-9.3105295981334,1.8346509081689,0
1369,-0.027597813225397,0.02995020217792,-9.3084925006255,2.3214127274598,0
1316,0.0033067425003008,0.082243870366391,-9.3069907002182,3.0733603922702,0
1421,-0.1215284628955,0.047431656873635,-9.2882065263488,1.3546954418421,0
1343,-0.013000450931,0.049660961020441,-9.2814161777546,2.8137137570359,0
40,-0.76892418045673,0.0074583895533191,-9.2726622182279,0.062500002000116,0
41,-0.7179129790672,0.01824871325423,-9.2694854049637,0.1875000060004,0
42,-0.64745438397468,0.028100132744831,-9.2663085916995,0.31250001000043,0
43,-0.57032104858714,0.036603728218139,-9.2631317784353,0.43750001400014,0
1396,-0.034952222879501,0.021038638323479,-9.2628331565407,2.0709475852711,0
848,-0.49246921970431,0.041829556477105,-9.2567654680122,0.56250001800007,0
1422,-0.073350517673918,0.033946218380327,-9.2522956420857,1.590230831488,0
1370,-0.024144309997505,0.027190701480557,-9.2488164407112,2.5578663581991,0
849,-0.41691045897544,0.045136096950202,-9.2472096604301,0.6875000220002,0
1263,0.052633746184877,0.16049044765977,-9.2447673290907,3.8413412980842,0
1236,0.077531554488525,0.19825662148893,-9.2414171905966,4.1114901898173,0
1290,0.028291050935833,0.11951635702911,-9.2404693948603,3.5741835121397,0
850,-0.3456717582019,0.046063885319898,-9.237653852848,0.81250002600016,0
1209,0.10637505352527,0.24033368201292,-9.2302596291229,4.3844069367996,0
1317,0.0072583520271217,0.081530454855029,-9.2286890871043,3.3102335116481,0
851,-0.28066239867558,0.04529185199738,-9.228098045266,0.93750003000002,0
1182,0.13068377254009,0.27382949651498,-9.2111418746816,4.6598619050815,0
1423,-0.046241490858859,0.020826032661107,-9.2106516684322,1.8248204930533,0
1448,-0.19585166661721,0.042314392248654,-9.2097851530733,1.1169850721481,0
1344,-0.0094536977890965,0.049924418450608,-9.2095982172251,3.0497012258406,0
1397,-0.030591505785374,0.015658200485874,-9.2093797083042,2.3060089461142,0
1371,-0.021253925449885,0.027557743528173,-9.183374466573,2.7927896635489,0
1449,-0.122390093822,0.034587728168859,-9.1798882302523,1.3505929565007,0
1424,-0.03522702313365,0.012395327697963,-9.1632993723434,2.0583248983347,0
44,-0.78984622168267,0.0059241544541156,-9.1545364167744,0.062500002000117,0
45,-0.73730113615901,0.014459449808904,-9.1514400291623,0.1875000060004,0
1398,-0.028381812161271,0.015382206540016,-9.1502011402529,2.5396947485756,0
1291,0.03222899240538,0.11770811912698,-9.1497709480795,3.8096018338125,0
46,-0.66465561493424,0.022172080740155,-9.1483436415502,0.31250001000043,0
1264,0.056492377069234,0.15640476559008,-9.1473669032311,4.0771056715142,0
47,-0.58504111317993,0.028672649925076,-9.1452472539381,0.43750001400014,0
1318,0.011076096352586,0.081599087875527,-9.1446001735464,3.545114630275,0
1450,-0.072653163485631,0.022873956136631,-9.1443470802363,1.5834076734318,0
852,-0.50434586612094,0.032508704942333,-9.1390421159308,0.56250001800007,0
1237,0.08111339235085,0.19183829931181,-9.1372279567336,4.3474048776112,0
1345,-0.0059724795277146,0.05127096789786,-9.1320209571397,3.283858736357,0
853,-0.42589559302382,0.034686665142019,-9.1297282275281,0.68750002200021,0
854,-0.35198628173511,0.034909247285303,-9.1204143391255,0.81250002600017,0
1210,0.10963594879988,0.23134403645094,-9.119200553375,4.6202717821833,0
1372,-0.018329143001451,0.029494792073411,-9.1122057342321,3.0260420594111,0
855,-0.28470523693352,0.033775838091368,-9.1111004507229,0.93750003000002,0
1425,-0.032272741393429,0.010624322512156,-9.1102669159829,2.2906051647685,0
1451,-0.045569673066782,0.013078140535042,-9.1031827056516,1.8152919276843,0
1183,0.1326702554939,0.26081370456758,-9.0931378919351,4.8954725036645,0
1476,-0.19868734585602,0.030622186240693,-9.0930762024859,1.1156539377813,0
1399,-0.026190933359388,0.017355851254215,-9.0853327553914,2.7718655700619,0
1477,-0.12223399148843,0.023437742164658,-9.0635862166502,1.3466087229177,0
1452,-0.035797144233645,0.0087451455484969,-9.0564194487077,2.0461089745046,0
1319,0.014834498689297,0.082152680864842,-9.0547745670682,3.7778623695408,0
1292,0.036067513854627,0.11634723731157,-9.0533166158657,4.0427211532112,0
1426,-0.030773112132384,0.012238486191846,-9.0515858397944,2.521523138952,0
1346,-0.0024768741922388,0.053226279808677,-9.0487309522323,3.5160457484103,0
1265,0.060231835365065,0.15279648768527,-9.0441962843441,4.3104028184226,0
48,-0.80621302993042,0.004713228396226,-9.0364106153209,0.062500002000117,0
1373,-0.015265687447619,0.03223601343178,-9.0353528271752,3.2574839610661,0
49,-0.75239670270846,0.011528638819207,-9.0333946533609,0.1875000060004,0
50,-0.67791791242362,0.017593083748775,-9.0303786914009,0.31250001000043,0
1478,-0.071688510044099,0.013819160227557,-9.0285948954473,1.5767904208205,0
51,-0.59621477375422,0.022554084019903,-9.0273627294409,0.43750001400014,0
1238,0.084565584825843,0.18596213767612,-9.0272592320685,4.5806816592852,0
856,-0.51315201344869,0.025334230607434,-9.0213187638493,0.56250001800007,0
1400,-0.023697909216171,0.020295573415037,-9.0148132512391,3.0023828929816,0
857,-0.43231868268654,0.026683586109862,-9.0122467946261,0.68750002200022,0
1453,-0.033748844418375,0.0094710366494547,-9.0040849763916,2.2757227030597,0
858,-0.35623585314105,0.026422335524112,-9.0031748254029,0.81250002600017,0
1211,0.11275701231159,0.22299224434506,-9.0023578198772,4.8533257363066,0
859,-0.28712067191009,0.025078592530554,-8.9941028561797,0.93750003000003,0
1479,-0.045439574871632,0.0077659778206869,-8.9881227097914,1.8060652120619,0
1427,-0.028971724015201,0.014935374487216,-8.9872910442096,2.7509414765748,0
1504,-0.20019970406166,0.021825802790287,-8.9763672518982,1.1143228034144,0
1184,0.13446599992824,0.2486107522721,-8.9693513322497,5.1280970741325,0
1347,0.0010586133345404,0.055516701899653,-8.9597781860567,3.7461229052692,0
1320,0.018571552508593,0.083001496233561,-8.9592663285001,4.0083366349081,0
1374,-0.012069999370131,0.035395038994639,-8.9528617309185,3.4869768665457,0
1293,0.039846331741114,0.11529781218322,-8.9511646119547,4.273400759234,0
1505,-0.12165316858444,0.015226643995052,-8.9472842030479,1.3426244893346,0
1454,-0.032647754109309,0.011810835076958,-8.9462102638641,2.5039977181702,0
1480,-0.037004901417866,0.0069134801758653,-8.9421933856335,2.0342998137808,0
1401,-0.02094810997365,0.023719775057046,-8.9386846972108,3.2311091857752,0
1266,0.063888970164345,0.14956096434305,-8.935317910762,4.541091536387,0
52,-0.81932141497856,0.0037854984095203,-8.9182848138671,0.062500002000117,0
1428,-0.026784557057865,0.018145631390553,-8.917420768246,2.9787237265519,0
53,-0.76441844127767,0.0093008239136089,-8.9153492775593,0.1875000060004,0
1506,-0.071275160742471,0.0077973886848383,-8.9128427106581,1.5701731682092,0
54,-0.68834457883279,0.014107254087095,-8.9124137412514,0.31250001000043,0
1239,0.087921573126572,0.18054030701887,-8.9115777478196,4.8111789689488,0
55,-0.60482793205753,0.017899950587282,-8.9094782049436,0.43750001400014,0
860,-0.5197430281255,0.019889594181128,-8.9035954117678,0.56250001800007,0
861,-0.43690339643236,0.020635752695004,-8.8947653617239,0.68750002200022,0
1481,-0.035524157256798,0.0090120923172479,-8.8908338895305,2.261361560988,0
862,-0.35901230129695,0.020046575172478,-8.8859353116801,0.81250002600018,0
1455,-0.031146633481932,0.014719626165681,-8.8828295765308,2.7307994184815,0
1212,0.11576904964483,0.21519845525772,-8.8798025175468,5.0834270002628,0
863,-0.28838523702433,0.018589794118393,-8.8771052616362,0.93750003000003,0
1507,-0.046258010506242,0.0047924349189992,-8.873062713931,1.7968384964394,0
1348,0.0046442150734677,0.057975998694434,-8.8652160411344,3.9739521166052,0
1375,-0.008758032464542,0.038758443216467,-8.8647818050455,3.7143834409979,0
1532,-0.20077178016756,0.015290567950756,-8.8596583013103,1.1129916690476,0
1321,0.022309272192485,0.084020265975487,-8.8581329395651,4.2363987000455,0
1402,-0.018003043533092,0.027391725980908,-8.8569925096047,3.4579079846812,0
1294,0.043591260964176,0.11446238790834,-8.8433765894554,4.5015014134887,0
1429,-0.024303619495371,0.021660712734392,-8.8420165672462,3.2047344104842,0
1185,0.13610728229584,0.23716211884039,-8.8398577020526,5.3575937201724,0
1482,-0.034690502550082,0.011759507553291,-8.834074412462,2.4871184862302,0
1533,-0.12092097332662,0.0093383384299198,-8.8309821894454,1.3386402557516,0
1508,-0.0386811574901,0.0059189880895968,-8.8279673225591,2.0224906530569,0
1267,0.067489598494359,0.14661689232415,-8.8207976757618,4.7690322015908,0
1456,-0.029231768376891,0.017960997818233,-8.8139804490361,2.955994078885,0
56,-0.82999488934233,0.0030834148017526,-8.8001590124134,0.062500002000117,0
57,-0.77413702140571,0.0076216106811536,-8.7973039017577,0.1875000060004,0
1534,-0.071377940914679,0.004007448286787,-8.7970905258688,1.5635559155979,0
58,-0.69664796259945,0.011476510448523,-8.7944487911021,0.31250001000043,0
59,-0.61153146601219,0.014392244281048,-8.7915936804464,0.43750001400015,0
1240,0.09120621191208,0.17550017699137,-8.7902537028441,5.0387569263932,0
864,-0.52469459855921,0.015795900649054,-8.7858720596863,0.56250001800007,0
1509,-0.037498172466721,0.0087004721151773,-8.7775828026692,2.2470004189163,0
865,-0.44014353917783,0.016108977691939,-8.7772839288218,0.68750002200023,0
1483,-0.033428819877798,0.014817518026746,-8.7719483523549,2.7114393957821,0
1376,-0.0053404673174177,0.042196308843502,-8.7711657537689,3.9395675983025,0
1403,-0.014898823351507,0.031173522568679,-8.7697854240343,3.6826439767265,0
866,-0.36072829667092,0.015303950492268,-8.7686957979572,0.81250002600019,0
1349,0.0082855142098713,0.060496897344965,-8.7651012671754,4.1993966408571,0
1430,-0.021597937769184,0.025346012616121,-8.7611232882907,3.4288391028166,0
867,-0.28884262842424,0.01379886293033,-8.7601076670927,0.93750003000003,0
1535,-0.047665512250741,0.0031081069851988,-8.7580027180704,1.787611780817,0
1213,0.11869602823576,0.20789303846136,-8.7516092113365,5.3104355715681,0
1322,0.026061658682183,0.085122745764315,-8.7514352681487,4.4619112905905,0
1560,-0.20068292663033,0.010490631088417,-8.7429493507224,1.1116605346807,0
1457,-0.026997777565058,0.02142794158153,-8.7397036634579,3.1794489282092,0
1295,0.047319912005014,0.11376891660463,-8.730017603704,4.7268854342327,0
1510,-0.036841539519978,0.011698814022323,-8.7219385610596,2.4702392542902,0
1561,-0.12017872752184,0.0052575442866591,-8.7146801758429,1.3346560221686,0
1536,-0.040623900677507,0.0052678257561108,-8.7137412594845,2.0106814923331,0
1186,0.13762452460283,0.22640972785216,-8.7047359881586,5.5838224550474,0
1484,-0.031738466280305,0.018079193721257,-8.7044922936094,2.9341939499807,0
1268,0.071052321477372,0.14389983199784,-8.7007048881412,4.9940868525234,0
60,-0.83884117109281,0.0025586906452691,-8.6820332109595,0.062500002000117,0
1562,-0.0720816313394,0.0017771579810357,-8.6813383410794,1.5569386629866,0
61,-0.78212082209426,0.0063674181449705,-8.6792585259561,0.1875000060004,0
1404,-0.011655517607588,0.034973299591867,-8.6771154664034,3.9051830799998,0
62,-0.70335349116123,0.0095081268250697,-8.6764838409526,0.31250001000043,0
1431,-0.01870659734734,0.029106928960694,-8.6747890430229,3.650904512455,0
63,-0.61680375066808,0.011770509267819,-8.6737091559492,0.43750001400015,0
1377,-0.0018237137791298,0.045622438625425,-8.672069594786,4.1623945816689,0
868,-0.52842775133313,0.012742337711749,-8.6681487076049,0.56250001800007,0
1537,-0.039618158715642,0.0084447321030289,-8.6643317158077,2.2326392768445,0
1241,0.094438223072087,0.17078093765959,-8.6633607206206,5.2632774229638,0
1511,-0.035769412105936,0.014867044342603,-8.6610671281787,2.6920793730826,0
1458,-0.024513396724139,0.025026773750493,-8.6600432252369,3.4010322275831,0
869,-0.44239756895235,0.012746757924132,-8.6598024959197,0.68750002200023,0
1350,0.011985876126994,0.063005958341914,-8.6594939468419,4.4223211676924,0
870,-0.3616821757072,0.011802678939898,-8.6514562842346,0.8125000260002,0
871,-0.28874364913516,0.010286501665001,-8.6431100725495,0.93750003000004,0
1563,-0.049340440213725,0.0021127119652693,-8.6429427222098,1.7783850651946,0
1323,0.029837898535211,0.086246942856194,-8.6392375316462,4.6847386668748,0
1485,-0.029706555017467,0.021498360995144,-8.6317459858459,3.1552527389502,0
1588,-0.20013097019718,0.0070181388277724,-8.6262404001347,1.1103294003138,0
1214,0.12155673258455,0.20101519631034,-8.6178558959434,5.5342133309289,0
1296,0.051044497706284,0.11316243437127,-8.6111560734383,4.9494167786536,0
1538,-0.039084456636016,0.011610317676318,-8.6098027096572,2.4533600223502,0
1564,-0.042746083002882,0.0047710645494353,-8.5995151964098,1.9988723316093,0
1589,-0.11971475441861,0.0025521244004137,-8.5983781622406,1.3306717885856,0
1512,-0.034269985061629,0.018143452990931,-8.5950041381826,2.9123938210765,0
1432,-0.015652729538102,0.032871077734874,-8.5830651790378,3.870798561697,0
1405,-0.0082853646548471,0.038724155133582,-8.5790379223966,4.1253925224807,0
1269,0.074590640778153,0.14135765316602,-8.5751122299045,5.2161192743594,0
1459,-0.02181979669622,0.028682367473573,-8.5750463365356,3.620613350354,0
1378,0.0017875667239816,0.048975522443622,-8.5675526255354,4.3827310447945,0
1590,-0.073123005120113,0.00049789315864693,-8.5655861562902,1.5503214103753,0
1187,0.13904272929812,0.21629659426333,-8.5640686101653,5.8066452857168,0
64,-0.84632904320828,0.0021697273835789,-8.563907409506,0.062500002000117,0
65,-0.78880943365355,0.0054374155232412,-8.5612131501546,0.1875000060004,0
66,-0.70886685902761,0.0080460825189855,-8.5585188908033,0.31250001000043,0
67,-0.62101225705716,0.0098250786413918,-8.5558246314519,0.43750001400015,0
1486,-0.027399184572085,0.025011302092499,-8.5537523204431,3.3744873589808,0
1565,-0.041840902917541,0.0082138342882164,-8.5510806289462,2.2182781347728,0
872,-0.53126243482559,0.010480397028989,-8.5504253555234,0.56250001800008,0
1539,-0.038163876438154,0.014856506850851,-8.5501859040025,2.6727193503832,0
1351,0.015746841114572,0.065450219726489,-8.5484574595882,4.6425918995169,0
873,-0.44393345338859,0.010265917553108,-8.5423210630177,0.68750002200024,0
874,-0.36209291803456,0.0092328183832499,-8.5342167705119,0.8125000260002,0
1242,0.097631713143675,0.16633100038086,-8.5309758037284,5.4846042068104,0
1591,-0.05110025541165,0.0014589831511828,-8.5278827263494,1.7691583495722,0
875,-0.28826812284905,0.0077193169617603,-8.5261124780062,0.93750003000004,0
1513,-0.032418084699505,0.021519714946363,-8.5237883082337,3.1310565496913,0
1324,0.033643720876158,0.087346515379024,-8.5216072587354,4.9047467047839,0
1616,-0.19921993717371,0.0045731505654649,-8.5095314495471,1.108998265947,0
1566,-0.041395309935204,0.011494348028116,-8.4976668582546,2.4364807904102,0
1297,0.054773281550472,0.11259981488723,-8.4868637391884,5.1689611257549,0
1433,-0.012451617356586,0.036580618685003,-8.4860062500071,4.0883904632923,0
1540,-0.036827453444665,0.018137572610596,-8.4855159827556,2.8905936921722,0
1592,-0.044953026315713,0.0043880926401233,-8.4852891333354,1.9870631708854,0
1460,-0.018942920208884,0.032332386010515,-8.4847633681891,3.8380628593689,0
1617,-0.11973297019809,0.000833863859336,-8.4820761486384,1.3266875550025,0
1215,0.12436590631928,0.19451163700736,-8.4786239488862,5.7546241251224,0
1406,-0.0047975438909982,0.042374578738775,-8.475611304229,4.3431409218967,0
1487,-0.024858477236512,0.028559455477579,-8.4705573045723,3.5917704904237,0
1379,0.0054887684283674,0.052209658184683,-8.4576773875306,4.6004451321593,0
1618,-0.074236187102554,-0.0002762753387749,-8.449833971501,1.5437041577639,0
1514,-0.030273659456071,0.024954702468573,-8.4474614156493,3.3479424903786,0
68,-0.85281433262491,0.0018832121322381,-8.4457816080525,0.062500002000117,0
1270,0.078114221677251,0.13894739479314,-8.4440957115133,5.4349950826918,0
69,-0.79453843462232,0.0047521375756612,-8.4431677743533,0.1875000060004,0
70,-0.71349755365203,0.00696724786099,-8.440553940654,0.31250001000043,0
1567,-0.040597631581787,0.014790408694418,-8.4393046798261,2.6533593276838,0
71,-0.62443606355244,0.0083910286489786,-8.4379401069547,0.43750001400015,0
1593,-0.044137485285788,0.0079982449031079,-8.4378295420849,2.2039169927011,0
876,-0.53343925455612,0.0088156911251045,-8.4327020034419,0.56250001800008,0
1352,0.019568081905573,0.067789874823818,-8.4320584440324,4.8600766309143,0
877,-0.44494951860696,0.0084467726850644,-8.4248396301156,0.68750002200025,0
1188,0.14038186945845,0.20676722253557,-8.4179413712818,6.0259262952919,0
878,-0.36211954129395,0.0073570188195446,-8.4169772567893,0.81250002600021,0
1541,-0.035136126523637,0.021469565145431,-8.4158306306214,3.1068603604324,0
1619,-0.052932991704766,0.0010015093937598,-8.412822730489,1.7599316339498,0
879,-0.28754055551382,0.0058491017626272,-8.4091148834629,0.93750003000004,0
1325,0.037482038238258,0.088385735064887,-8.3986152484723,5.1218029771505,0
1243,0.1007971799448,0.16210603103227,-8.3931792876072,5.7026029645281,0
1644,-0.19819780655781,0.0029070551418496,-8.3928224989593,1.1076671315801,0
1461,-0.015900679153963,0.035924436643031,-8.389247830517,4.0532525821986,0
1594,-0.043756386145015,0.011354974899897,-8.3855310068523,2.4196015584702,0
1434,-0.0091153867670529,0.040188226753222,-8.3836699829223,4.3035507989987,0
1488,-0.022112794643309,0.032090236767204,-8.3822100338574,3.8069759730158,0
1568,-0.039401154454519,0.018064997670021,-8.3760278273285,2.868793563268,0
1620,-0.047215993784147,0.0040985640932749,-8.371063070261,1.9752540101615,0
1407,-0.0012005831420393,0.04588364716935,-8.366897315473,4.5582983648018,0
1515,-0.027877132834701,0.028403805370319,-8.3660682726089,3.5629276304934,0
1645,-0.11999824197527,-0.00022336245723267,-8.365774135036,1.3227033214195,0
1298,0.058511449361795,0.11204645638178,-8.3572156192981,5.3853859585731,0
1380,0.0092743896602403,0.055289325112034,-8.3425096293297,4.8154065570449,0
1542,-0.033141553045351,0.024828656664711,-8.3411705108553,3.3213976217764,0
1646,-0.075404530564006,-0.00079669294626858,-8.3340817867118,1.5370869051526,0
1216,0.12713506849371,0.18833536815672,-8.3339980819521,5.9715338483324,0
1595,-0.043059540798171,0.014674816648828,-8.32842345565,2.6339993049844,0
72,-0.85856403518144,0.0016733287000691,-8.3276558065987,0.062500002000117,0
73,-0.79956117668133,0.0042501240623822,-8.3251223985517,0.1875000060004,0
1621,-0.04648332320682,0.0077940461368315,-8.3245784552236,2.1895558506294,0
74,-0.71747912304877,0.0061760769173644,-8.3225889905046,0.31250001000043,0
75,-0.62728487829228,0.0073405900956473,-8.3200555824575,0.43750001400015,0
880,-0.53513769572414,0.007598298865479,-8.3149786513605,0.56250001800008,0
1353,0.023447345068893,0.069994211571508,-8.3103667577561,5.0746448285463,0
1569,-0.037853060968174,0.021349198382722,-8.3078729530091,3.0826641711734,0
1271,0.081629743997984,0.13663307448339,-8.307734626328,5.6505818039337,0
881,-0.44559222499859,0.0071215330315012,-8.3073581972136,0.68750002200025,0
882,-0.36187722078446,0.0059978650504827,-8.2997377430667,0.81250002600022,0
1647,-0.054816804892801,0.00067746104877856,-8.2977627346285,1.7507049183273,0
883,-0.28664586758352,0.0045011646943762,-8.2921172889198,0.93750003000005,0
1489,-0.019182657389405,0.035557314244707,-8.2887626639264,4.0199788791995,0
1462,-0.012707601629421,0.0394142446638,-8.2885563412192,4.2660556880684,0
1516,-0.02525751997374,0.031823327149913,-8.2796566995256,3.7758890866627,0
1435,-0.0056553515124604,0.04365483354735,-8.2761172434152,4.516151597444,0
1672,-0.19721757091824,0.0017873966556378,-8.2761135483718,1.1063359972132,0
1622,-0.046151934980487,0.011195378711448,-8.2733951554499,2.4027223265302,0
1326,0.041353409254085,0.089336501673558,-8.2703355270829,5.3357768344546,0
1596,-0.04198408792778,0.017931464255772,-8.2665396719017,2.8469934343638,0
1189,0.14165718673557,0.19776776023923,-8.2664434050574,6.2415317275086,0
1543,-0.030880583258894,0.028181893589382,-8.2615792406454,3.5340847705632,0
1648,-0.049507959335453,0.0038826852797189,-8.2568370071865,1.9634448494377,0
1408,0.0024964353144025,0.049218429888321,-8.252960814627,4.7707364831756,0
1244,0.10394222919864,0.15806741563114,-8.2500547926226,5.9171414013729,0
1673,-0.12034715171641,-0.00086296045391943,-8.2494721214339,1.3187190878365,0
1570,-0.035995904448322,0.024632429535143,-8.2348796060613,3.2948527531741,0
1299,0.062261759755992,0.11147412148806,-8.2222899650488,5.5985606433392,0
1381,0.013137563242746,0.058186732759012,-8.2221182670403,5.0274866799423,0
1674,-0.076610807422974,-0.0011626848209849,-8.2183296019228,1.5304696525413,0
1623,-0.04553902119374,0.01451477324136,-8.2175422314738,2.6146392822849,0
1649,-0.048856811083802,0.0075957189968077,-8.2113273683622,2.1751947085576,0
76,-0.86377700197862,0.001520394289686,-8.2095300051453,0.062500002000118,0
77,-0.80406731440701,0.0038843893837694,-8.2070770227503,0.1875000060004,0
78,-0.72098633594804,0.0055992733556089,-8.2046240403553,0.31250001000043,0
79,-0.62971511388485,0.006575715409079,-8.2021710579603,0.43750001400015,0
1597,-0.04056400606316,0.021163318730633,-8.1999152753969,3.0584679819145,0
884,-0.53649078835631,0.0067133963210911,-8.197255299279,0.56250001800008,0
1490,-0.016085189764075,0.038920383094189,-8.1902703791197,4.2306555891058,0
885,-0.44596942929152,0.0061622159715348,-8.1898767643115,0.68750002200026,0
1517,-0.022436738415479,0.035172826261259,-8.1882774973357,3.9867051762004,0
1217,0.12987308963655,0.18244457938325,-8.1840662888341,6.1848105251337,0
1354,0.027380612694428,0.072039324221564,-8.1834554348677,5.2861677103361,0
1463,-0.0093771769827836,0.04276452778155,-8.1827485913738,4.4763467641476,0
1675,-0.056732090519669,0.00044961107252449,-8.1827027387683,1.7414782027049,0
886,-0.36144977672069,0.0050206080489035,-8.1824982293441,0.81250002600023,0
1544,-0.02838155270058,0.031493524552346,-8.1771033651937,3.7448022003096,0
887,-0.28564362373811,0.0035408025023068,-8.1751196943766,0.93750003000005,0
1272,0.085141549719364,0.13438407083716,-8.1661115032929,5.8627489544133,0
1436,-0.0020832259358727,0.046948278079511,-8.1634119999242,4.7260664093061,0
1650,-0.048567978534812,0.011017016053802,-8.1612593040475,2.3858430945902,0
1700,-0.19630197819927,0.0010331597852284,-8.1594045977842,1.1050048628464,0
1571,-0.0338618509504,0.027891353759828,-8.1570902086818,3.5052419106329,0
1624,-0.044569222991977,0.017742068385815,-8.1570515164748,2.8251933054595,0
1676,-0.051808468258447,0.0037233374767449,-8.1426109441122,1.9516356887138,0
1327,0.045256509973189,0.090176475019974,-8.1368453037696,5.5465394827448,0
1409,0.0062832933679408,0.052352716825278,-8.1338697763245,4.9803285313384,0
1701,-0.12075215396819,-0.0012526425800192,-8.1331701078316,1.3147348542534,0
1598,-0.038832787412957,0.024369737164156,-8.1285887012674,3.2683078845719,0
1190,0.14287932560358,0.18924588611246,-8.1096671206471,6.4533300688471,0
1651,-0.048026019861282,0.014314317579935,-8.1066610072976,2.5952792595854,0
1702,-0.077840704853731,-0.0014163756439694,-8.1025774171337,1.52385239993,0
1245,0.10707208720738,0.15418096166063,-8.101689172611,6.1280893227589,0
1677,-0.05124001817727,0.0073967275852381,-8.098076281501,2.1608335664859,0
1382,0.017070105401693,0.060880385487396,-8.0965753426529,5.2365585862179,0
1518,-0.019433668793622,0.038416024029952,-8.0919844170202,4.1952554901433,0
1625,-0.043263945537407,0.020916469254718,-8.0919575977847,3.0342717926555,0
80,-0.86860033764182,0.0014095221159963,-8.0914042036917,0.062500002000118,0
81,-0.80819773339692,0.0036192855137984,-8.0890316469488,0.1875000060004,0
1545,-0.025666813277894,0.034728718661704,-8.0877923307449,3.9534314732013,0
1491,-0.012836328553671,0.042144969904884,-8.0867913593489,4.4388838649125,0
82,-0.72414889884488,0.0051809737702376,-8.0866590902059,0.31250001000043,0
83,-0.63184239282644,0.0060216749579673,-8.0842865334631,0.43750001400015,0
1300,0.066025118917505,0.11085939610752,-8.0821682139632,5.8083565074536,0
888,-0.53759610238076,0.0060734484341711,-8.0795319471976,0.56250001800008,0
1572,-0.031477642281806,0.031097160330657,-8.0745500308618,3.7137153139565,0
889,-0.44615929230033,0.0054712293543534,-8.0723953314096,0.68750002200026,0
1464,-0.0059231373231759,0.045944239824079,-8.0718873103467,4.6840018890876,0
1703,-0.058663725528859,0.00029177462570273,-8.0676427429079,1.7322514870825,0
890,-0.36089674288635,0.0043215472451132,-8.0652587156215,0.81250002600023,0
891,-0.28457489247972,0.0028597820412021,-8.0581220998335,0.93750003000005,0
1599,-0.036817339447319,0.027535225998656,-8.0526011767184,3.4763990507026,0
1355,0.031362478517841,0.073906694243749,-8.0514006424905,5.4945183221506,0
1678,-0.050992179714898,0.010819875156125,-8.0491234526453,2.3689638626502,0
1652,-0.04714945449084,0.017501169177774,-8.0475633610479,2.8033931765552,0
1437,0.001588231243514,0.05004277062146,-8.0456212856085,4.9331703827342,0
1728,-0.19545692631206,0.00052075178045352,-8.0426956471967,1.1036737284795,0
1218,0.13258654573686,0.17680155368285,-8.0289197913107,6.3943243911982,0
1704,-0.054105494741629,0.0035933546955093,-8.0283848810378,1.93982652799,0
1626,-0.041648226871034,0.024044470749851,-8.0222977964735,3.2417630159696,0
1273,0.088652151818212,0.13217378651135,-8.0193120563877,6.0713681203839,0
1729,-0.12118548162319,-0.0014956278215848,-8.0168680942295,1.3107506206704,0
1410,0.010148739558448,0.055266344894773,-8.009695250438,5.1869494620999,0
1328,0.049188664841313,0.090887729310019,-7.9982249246334,5.753964060494,0
1679,-0.0505111335059,0.014076772738179,-7.9957797831216,2.575919236886,0
1546,-0.022756341323498,0.037855189793662,-7.9936984549205,4.1598553911808,0
1519,-0.016266065366698,0.041521383128687,-7.990834127324,4.4014209656775,0
1573,-0.028865315772582,0.034220257548161,-7.9873071641541,3.9201577702023,0
1730,-0.079083296151166,-0.0015895050451018,-7.9868252323447,1.5172351473187,0
1705,-0.053617261885825,0.0072030475881353,-7.9848251946397,2.1464724244141,0
1653,-0.045947634084444,0.020612791969645,-7.9839999201725,3.0100756033965,0
1492,-0.0094521151631411,0.045202175090753,-7.9783867458947,4.6445429225203,0
84,-0.87314209772208,0.0013295135186517,-7.973278402238,0.062500002000118,0
1600,-0.034542207230969,0.030636887239624,-7.97199669653,3.6826284276034,0
85,-0.81205623771844,0.0034279287821797,-7.9709862711473,0.1875000060004,0
86,-0.72706221609959,0.004878893969822,-7.9686941400565,0.31250001000043,0
87,-0.63375129061596,0.0056218759914111,-7.9664020089658,0.43750001400015,0
1383,0.021062912113732,0.063354129252185,-7.9659559812116,5.4424971615567,0
892,-0.53852416144509,0.0056121299620745,-7.9618085951162,0.56250001800009,0
1465,-0.0023602307832023,0.048928470493233,-7.9560382285297,4.888898706764,0
893,-0.44621702247754,0.004974584389309,-7.9549138985076,0.68750002200027,0
1731,-0.060599909176775,0.00018296509403586,-7.9525827470477,1.7230247714601,0
1246,0.11018991038798,0.1504156738763,-7.9481724619744,6.3353187135494,0
1627,-0.039743541092432,0.027116942494452,-7.948112144755,3.4475561907723,0
894,-0.36025829179409,0.0038215437569024,-7.948019201899,0.81250002600024,0
1191,0.14405422200436,0.18115041688997,-7.9477081471954,6.6611921275971,0
895,-0.28346483743601,0.0023754325047917,-7.9411245052905,0.93750003000006,0
1680,-0.049717738806204,0.017212492005215,-7.9380752056211,2.7815930476509,0
1706,-0.053412851941985,0.010602596886024,-7.936987601243,2.3520846307102,0
1301,0.069801094361993,0.11018239856304,-7.9369349401644,6.0146469180089,0
1756,-0.19467408298021,0.00016660275373778,-7.9259866966093,1.1023425941127,0
1438,0.005345404523172,0.052918629709339,-7.922815158223,5.1373403379815,0
1654,-0.044438028229066,0.023660319792272,-7.9160068916796,3.2152181473673,0
1356,0.0353866957371,0.075582076993774,-7.9142816353037,5.6995716135346,0
1732,-0.056389279851844,0.0034784656126586,-7.9141588179635,1.9280173672661,0
1757,-0.12163126600609,-0.0016520439482639,-7.9005660806276,1.3067663870874,0
1574,-0.026045395821384,0.037232228474385,-7.8954124928209,4.1244552922184,0
1547,-0.019669232488204,0.040844409731472,-7.894876895299,4.3639580664424,0
1601,-0.032028533718037,0.033649936396789,-7.8868219975634,3.8868840672032,0
1707,-0.052985558660494,0.013804872300703,-7.8848985589455,2.5565592141865,0
1520,-0.012951783061751,0.044462274984231,-7.8848861814426,4.6050839559529,0
1411,0.014080992693115,0.057944617424538,-7.8805113199329,5.3904760009628,0
1681,-0.048609705126276,0.020256039651855,-7.8760422425604,2.9858794141376,0
1733,-0.055978029390826,0.0070125293444025,-7.8715741077786,2.1321112823424,0
1758,-0.080331942937035,-0.0017067994283211,-7.8710730475558,1.5106178947073,0
1628,-0.037571882792347,0.030115884982572,-7.8694433621982,3.6515415412503,0
1219,0.1352798303138,0.17137156376118,-7.8686529843224,6.5999479713518,0
1274,0.092162580304641,0.12997838154485,-7.867425132638,6.2763130359004,0
1493,-0.0059495888927074,0.048068984528022,-7.8651206050883,4.847513503428,0
88,-0.877481039763,0.0012719834904169,-7.8551526007846,0.062500002000118,0
1329,0.053146387542993,0.09145554023297,-7.8545578239411,5.9579257156339,0
89,-0.81571864611057,0.0032901653009177,-7.8529408953461,0.1875000060004,0
90,-0.72979578659785,0.0046612571768165,-7.8507291899076,0.31250001000043,0
91,-0.63550296642988,0.0053338129744158,-7.8485174844692,0.43750001400015,0
896,-0.53932523793163,0.0052796844995621,-7.8440852430353,0.56250001800009,0
1655,-0.042636795782507,0.026639829141494,-7.8436231127915,3.418713330842,0
1759,-0.062531880878737,0.00010632406087009,-7.8375227511876,1.7137980558377,0
897,-0.44618110321826,0.0046168440537286,-7.8374324656059,0.68750002200028,0
1466,0.0012960413083351,0.051698447147601,-7.8352700380976,5.0909164992271,0
898,-0.35956032811205,0.0034619008741168,-7.8307796881766,0.81250002600025,0
1384,0.025106596075655,0.065596217313535,-7.8303383459744,5.6451791665755,0
1708,-0.052267210917849,0.016879220835051,-7.8285870501943,2.7597929187467,0
1734,-0.055818998482662,0.010362937549314,-7.8248517498408,2.3352053987702,0
899,-0.28232689264365,0.0020269990233856,-7.8241269107473,0.93750003000006,0
1682,-0.047197853474308,0.02322077683922,-7.8097159868858,3.188673278765,0
1784,-0.19393981029236,-8.4639290336011e-05,-7.8092777460217,1.1010114597458,0
1760,-0.058651840786774,0.0033696324272205,-7.7999327548894,1.9162082065423,0
1575,-0.023037903371894,0.040107558119474,-7.7989196632739,4.3264951672075,0
1602,-0.029296935852829,0.036549628838115,-7.7971265307213,4.0890551932559,0
1439,0.009174449141039,0.055561896512382,-7.7950666586538,5.3384548403686,0
1548,-0.016424808240615,0.043672126295102,-7.7913856169905,4.5656249893856,0
1247,0.1132968436333,0.1467425101521,-7.7895978214496,6.5387038151066,0
1302,0.073588300798272,0.10942549193253,-7.7866778033015,6.2173073582513,0
1629,-0.035153085751513,0.033020868061336,-7.7863368309727,3.8536103642041,0
1785,-0.12208262124964,-0.0017568368978167,-7.7842640670253,1.3027821535043,0
1192,0.14518270937354,0.17343071180693,-7.7806652749258,6.8649911134557,0
1521,-0.0095097856741576,0.04721769916326,-7.7742029816468,4.806128300092,0
1735,-0.055441197667592,0.013500561302606,-7.7740173347695,2.5371991914871,0
1357,0.039446782224919,0.077054335168765,-7.7721807077179,5.9012045132591,0
1709,-0.051244802418874,0.019849588096983,-7.7680845649483,2.9616832248786,0
1656,-0.040563228926962,0.029537261204532,-7.7668900278663,3.6204546548971,0
1761,-0.058313652038392,0.0068211313731658,-7.7583230209175,2.1177501402707,0
1786,-0.081582534219322,-0.0017868833965395,-7.7553208627666,1.504000642096,0
1494,-0.0023463825277747,0.050728494502681,-7.7470598900621,5.0476779458367,0
1412,0.018068527153436,0.060377474430316,-7.7463950566451,5.5907867196165,0
1683,-0.045493358589421,0.026107118446795,-7.7391340808282,3.3898704709117,0
92,-0.88167406558601,0.0012306854716536,-7.7370267993311,0.062500002000118,0
93,-0.81923981756979,0.0031909844249667,-7.7348955195452,0.1875000060004,0
94,-0.73239972535438,0.0045043696087798,-7.7327642397592,0.31250001000043,0
95,-0.63714113812353,0.0051258708109489,-7.7306329599733,0.43750001400015,0
900,-0.54003468798681,0.0050392104330784,-7.7263618909551,0.56250001800009,0
1787,-0.064452947636122,4.8622534920066e-05,-7.7224627553272,1.7045713402153,0
901,-0.44607748830614,0.0043572226474692,-7.7199510327048,0.68750002200028,0
1736,-0.054791279456787,0.016504063890785,-7.7190988947676,2.7379927898424,0
902,-0.3588190634312,0.003200216190235,-7.7135401744544,0.81250002600026,0
1762,-0.05820082229772,0.010098575798702,-7.7127158984387,2.3183261668302,0
1275,0.095672489478092,0.12777548035384,-7.7105426585765,6.4774596588611,0
1467,0.0050301655387983,0.054241281865997,-7.709654352399,5.2899362581409,0
903,-0.28116771093876,0.0017711178851888,-7.7071293162041,0.93750003000006,0
1330,0.057125813904428,0.091867049922186,-7.7059304739651,6.1583016806024,0
1710,-0.049923325814618,0.022729126482015,-7.703425082092,3.1621284101628,0
1220,0.1379550002513,0.16612174236321,-7.7033633780985,6.8015561577407,0
1603,-0.026368009834333,0.039313405899869,-7.702962431249,4.2890322679724,0
1630,-0.032507499405545,0.035810573914562,-7.6988405686217,4.0536550942933,0
1576,-0.019863315366996,0.042824429251194,-7.6978850525384,4.5261660228184,0
1812,-0.19324098100068,-0.00026929472751405,-7.6925687954338,1.0996803253789,0
1385,0.029192199185297,0.067598105390427,-7.689803591495,5.8444833108847,0
1657,-0.038235572944536,0.03233609306036,-7.6858516643819,3.8203366612049,0
1788,-0.060886678719446,0.0032598890771059,-7.685706691815,1.9043990458184,0
1549,-0.013043748198379,0.046319482127049,-7.6832853582053,4.7647430967561,0
1813,-0.12253645321624,-0.0018306409388228,-7.6679620534229,1.2987979199213,0
1684,-0.04351281005864,0.028904060787283,-7.6643366935345,3.589367768544,0
1763,-0.057870795262211,0.013165164135855,-7.6631361105936,2.5178391687877,0
1440,0.013062261753088,0.057963539368715,-7.6624517673156,5.5363942726571,0
1737,-0.053847639242219,0.019396451819669,-7.6601268873362,2.9374870356196,0
1522,-0.0059595368851733,0.049772715239771,-7.6588497420266,5.0044393924463,0
1789,-0.060616439918002,0.0066258686236706,-7.6450719340562,2.103388998199,0
1814,-0.08283195043014,-0.0018434782455786,-7.6395686779773,1.4973833894847,0
1711,-0.048309454166302,0.025521927226025,-7.6346450488648,3.3610276109814,0
1303,0.077384535099492,0.1085719311846,-7.6314874957035,6.4162155026156,0
1248,0.11639178535461,0.14313303054755,-7.6260614812714,6.7381212020258,0
1358,0.043536512882921,0.078313975305417,-7.6251831446287,6.0992960029535,0
1495,0.0013401487123086,0.053169739260268,-7.6242744011686,5.2449202542796,0
96,-0.8857618674154,0.0012009931694967,-7.6189009978775,0.062500002000118,0
97,-0.82265902963078,0.0031192767234825,-7.6168501437442,0.1875000060004,0
98,-0.73490977419635,0.0043907014392603,-7.6147992896109,0.31250001000043,0
99,-0.6386966819407,0.004974741271664,-7.6127484354777,0.43750001400015,0
1764,-0.057283713888217,0.016089403153681,-7.609610739341,2.7161926609382,0
1193,0.1462597135774,0.16603650985836,-7.6086403950969,7.0646027145621,0
904,-0.54067697390976,0.0048635827740885,-7.6086385388753,0.56250001800009,0
1413,0.022100946398482,0.062558197793857,-7.6074264752722,5.7877621085104,0
1815,-0.066357532286003,-4.039666193017e-07,-7.6074027594667,1.6953446245928,0
1631,-0.029655986635601,0.038465289385219,-7.607005199224,4.2515693687373,0
1604,-0.023263108737309,0.041921897403674,-7.6043844880863,4.486707056251,0
905,-0.44592353468524,0.0041660793197452,-7.6024695998039,0.68750002200029,0
1790,-0.060549410234706,0.0098071019626172,-7.6005800470364,2.3014469348902,0
1658,-0.035673635176646,0.035018138069611,-7.6005546065221,4.0182549953307,0
1738,-0.052610077375572,0.022188435325514,-7.5971341772982,3.1355835415605,0
906,-0.35804439566297,0.0030059456633206,-7.5963006607326,0.81250002600026,0
1577,-0.016543852047078,0.045366222111004,-7.5923677347638,4.7233578934202,0
907,-0.27998988217172,0.0015774314401101,-7.5901317216612,0.93750003000007,0
1685,-0.04127268980498,0.031598563683911,-7.5853664977913,3.7870629582058,0
1468,0.0088277857413785,0.056549200305632,-7.5792656632038,5.4858407556994,0
1840,-0.19256686867417,-0.00041119597805933,-7.5758598448463,1.0983491910121,0
1816,-0.063087973628156,0.0031439205144622,-7.5714806287404,1.8925898850946,0
1550,-0.0095471917640066,0.048773626607459,-7.570639593991,4.9612008390559,0
1712,-0.046417194538778,0.028219251092495,-7.5617833592028,3.5582808821909,0
1331,0.061122837491927,0.092109813782985,-7.5524323328304,6.3549713463702,0
1791,-0.060267804807524,0.012799404442541,-7.5522548864175,2.4984791460882,0
1765,-0.056413034145193,0.01889932270079,-7.5521692097243,2.9132908463607,0
1841,-0.12299096985197,-0.0018859827515926,-7.5516600398207,1.2948136863383,0
1276,0.099179992645924,0.12554276470682,-7.548759584444,6.6746862463107,0
1386,0.033311761824127,0.069352739735291,-7.5444358152928,6.0402903253051,0
1523,-0.0023200028736102,0.052118333333131,-7.5388944499381,5.1999042504183,0
1221,0.14061104176595,0.16101999348611,-7.5331515389248,6.9990262857933,0
1817,-0.062880448834407,0.0064200373002664,-7.5318208471948,2.0890278561272,0
1739,-0.051081316222358,0.024887236491963,-7.5301560169015,3.3321847510511,0
1441,0.016997582515501,0.060118060380323,-7.5250493590491,5.7310409061357,0
1842,-0.084077238170354,-0.0018866024154388,-7.5238164931883,1.4907661368734,0
1659,-0.032898293193617,0.037566366331045,-7.5110479671989,4.2141064695022,0
1632,-0.026620498113088,0.040968057317701,-7.5108839236342,4.4472480896836,0
1686,-0.038792052474419,0.034175258075565,-7.5022686444225,3.9828548963682,0
1605,-0.020005840247922,0.044360768842401,-7.5014501113223,4.6819726900842,0
100,-0.8897732031267,0.0011795013739931,-7.500775196424,0.062500002000118,0
1792,-0.059738702599168,0.015637462153099,-7.5001225839142,2.694392532034,0
101,-0.82600407854221,0.0030668716590037,-7.4988047679433,0.1875000060004,0
1496,0.0050943072817172,0.055386896078825,-7.49683674431,5.4391261687433,0
102,-0.73735110541115,0.004307393651038,-7.4968343394627,0.31250001000043,0
103,-0.64019112113521,0.0048633958334909,-7.494863910982,0.43750001400015,0
1843,-0.068240402207838,-4.8605162763633e-05,-7.4923427636064,1.6861179089704,0
908,-0.54126879497286,0.0047329890856021,-7.4909151867955,0.56250001800009,0
1766,-0.055253776075213,0.021601549755184,-7.4908432725045,3.1090386729583,0
1818,-0.062856636938481,0.0094910309608053,-7.4884441956339,2.2845677029502,0
909,-0.44573061595264,0.0040220555260231,-7.4849881669031,0.68750002200029,0
1713,-0.044261190978402,0.030811157611069,-7.4848813312006,3.7537892552067,0
1578,-0.01310219327889,0.047722271757096,-7.4824294459554,4.9179622856656,0
910,-0.35724213310386,0.0028575445461501,-7.4790611470107,0.81250002600027,0
1359,0.047650018937321,0.079351515005541,-7.4733771699575,6.293727190125,0
911,-0.27879375525862,0.0014248216622693,-7.4731341271183,0.93750003000007,0
1304,0.081186632655175,0.10760439886655,-7.4714576876166,6.6112512905955,0
1414,0.026169677843229,0.064481369011863,-7.4636884859569,5.9812846476568,0
1740,-0.049272989817604,0.027485701258494,-7.459230024871,3.5271939958377,0
1868,-0.1919094168066,-0.00052600249783261,-7.4591508942588,1.0970180566452,0
1249,0.11947083919165,0.13955794582943,-7.457662682753,6.9334498570246,0
1844,-0.06524983081713,0.00301743601284,-7.4572545656661,1.8807807243707,0
1551,-0.0059556196836968,0.051027643046875,-7.4535144987076,5.1548882465571,0
1793,-0.058935938479061,0.018360636083623,-7.4442115321122,2.8890946571018,0
1469,0.012677073966093,0.058618069766401,-7.4441812966132,5.6785146140895,0
1819,-0.062625659039533,0.012403097879585,-7.4413736622413,2.4791191233888,0
1869,-0.12344467321492,-0.0019307275730329,-7.4353580262186,1.2908294527552,0
1194,0.14726389619557,0.15891672588018,-7.4317384383,7.2599051728124,0
1767,-0.053805201782853,0.024205878435796,-7.4256669849383,3.3033418911208,0
1845,-0.06510156981635,0.0061927659159008,-7.4185697603335,2.0746667140555,0
1660,-0.029931869809993,0.039966182683625,-7.417383359182,4.4077891231162,0
1687,-0.036091599894882,0.036619620833556,-7.415090735174,4.1766435702672,0
1524,0.001391948916616,0.054250688869416,-7.4144078254162,5.3924115817873,0
1633,-0.0234259201828,0.043306835140081,-7.4105324878808,4.6405874867481,0
1870,-0.085315235577504,-0.0019235304303574,-7.4080643083993,1.4841488842621,0
1714,-0.041859596707361,0.0332847723372,-7.403982682323,3.9474547974056,0
1387,0.037458350355317,0.070852652066334,-7.3943220070849,6.2324830338801,0
1606,-0.016620297660316,0.046621587994315,-7.3942192979199,4.8747237322753,0
1332,0.065132917928512,0.092170231292495,-7.3941557907893,6.5478163348804,0
1820,-0.062150834318373,0.015150359264175,-7.3906344284872,2.6725924031297,0
1794,-0.057850139486434,0.020971095840115,-7.3845523677107,3.0824938043561,0
1741,-0.047197906576666,0.029976659214305,-7.38439616461,3.7205155522076,0
1442,0.020971905603543,0.062021086932999,-7.3829411566206,5.9222789700081,0
104,-0.89372813175627,0.0011637193847003,-7.3826493949706,0.062500002000118,0
1277,0.10268127584297,0.12325661415925,-7.3821738265809,6.8678734282558,0
105,-0.82929439751823,0.0030278381711993,-7.3807593921425,0.1875000060004,0
106,-0.73974120775242,0.0042451210153624,-7.3788693893145,0.31250001000044,0
1871,-0.070096331526741,-0.00010177342466332,-7.3772827677462,1.676891193348,0
107,-0.64163933946626,0.0047795283361207,-7.3769793864864,0.43750001400015,0
1846,-0.065116153843821,0.0091590979677942,-7.3763083442316,2.2676884710101,0
912,-0.54182139024237,0.0046332594515037,-7.3731918347157,0.5625000180001,0
1579,-0.0095602622705553,0.049887800649988,-7.3681345474771,5.1098722426959,0
913,-0.44550596604299,0.0039099971027757,-7.3675067340023,0.6875000220003,0
1497,0.0089036976394966,0.057377694655951,-7.3648222879648,5.6301832323721,0
914,-0.35641563423541,0.0027400103742305,-7.3618216332889,0.81250002600028,0
1222,0.14323759644714,0.15603356035956,-7.3581210284704,7.1922382082708,0
1768,-0.052076841554903,0.026706165141369,-7.3566766905394,3.4961071094846,0
915,-0.27757836446553,0.0012985251601046,-7.3561365325755,0.93750003000007,0
1872,-0.067366712214372,0.0028768788179005,-7.3430285025918,1.8689715636468,0
1896,-0.1912628387899,-0.00062401452431494,-7.3424419436713,1.0956869222783,0
1821,-0.061411502513031,0.017782672036745,-7.3362538544999,2.8648984678428,0
1552,-0.0022870114826191,0.053079684410207,-7.3319789065223,5.3456969948313,0
1847,-0.06493690561703,0.011974911952204,-7.3304924380652,2.4597591006893,0
1688,-0.033193832924307,0.038919328482717,-7.32388279473,4.3683301565489,0
1795,-0.056477398512388,0.023480526044298,-7.3211779529749,3.2744990311905,0
1661,-0.026800414190889,0.042207800964888,-7.3196148644392,4.5992022834121,0
1715,-0.039232793253544,0.035627876576588,-7.3191335031491,4.1391806710321,0
1897,-0.12389593774664,-0.001969964904264,-7.3190560126165,1.2868452191722,0
1360,0.051781460475836,0.080155676392016,-7.3168538939621,6.4843813791656,0
1415,0.030267938614116,0.066140642297766,-7.3152668442125,6.1712388776354,0
1305,0.084989910686392,0.10650379631439,-7.3066849704087,6.8022969994868,0
1634,-0.020097641124828,0.045475423321366,-7.3060091498842,4.8314851788848,0
1742,-0.044873215681457,0.032349405546486,-7.3056967202235,3.9120546984431,0
1873,-0.067276009672994,0.0059437479087097,-7.3053186734724,2.0603055719837,0
1470,0.016569917935092,0.060444607846987,-7.3044813675918,5.8678443733134,0
1898,-0.08654241951055,-0.0019595507778663,-7.2923121236103,1.4775316316508,0
1525,0.0051635006885447,0.056169327453171,-7.2854632793163,5.5818518506546,0
1250,0.12252517231447,0.13598824084916,-7.2845036186408,7.1245712437293,0
1769,-0.050079734701209,0.029097743130676,-7.2839109980195,3.6872418492086,0
1607,-0.013129787884307,0.048701725436203,-7.2827545962466,5.0648562388347,0
1848,-0.064514957070506,0.014629760991663,-7.2811462730604,2.6507922742254,0
1822,-0.060394955198795,0.020299495613554,-7.2782614629167,3.0559489357538,0
108,-0.89764040064385,0.0011518409883316,-7.2645235935173,0.062500002000118,0
1874,-0.067323819337587,0.0088125723535473,-7.2641724928294,2.2508092390701,0
109,-0.83254335483922,0.0029979107732879,-7.2627140163418,0.1875000060004,0
1899,-0.071920048192763,-0.00016427563531333,-7.2622227718859,1.6676644777256,0
110,-0.74209208533236,0.0041971850295676,-7.2609044391663,0.31250001000044,0
111,-0.64305138716893,0.0047143374179857,-7.2590948619909,0.43750001400015,0
916,-0.5423422050211,0.0045544096401526,-7.2554684826359,0.5625000180001,0
1796,-0.054825431961187,0.025883270265809,-7.2541233562077,3.4650202231316,0
1195,0.14817463698681,0.15194091817978,-7.2500673101993,7.4507793584959,0
917,-0.44525419006674,0.0038193019615358,-7.2500253011015,0.68750002200031,0
1580,-0.0059371218416657,0.051863012837381,-7.2495499876284,5.2989824078753,0
918,-0.35556690048533,0.0026429872148323,-7.2445821195671,0.81250002600028,0
1388,0.041625490450121,0.072087683691633,-7.2395519971353,6.4209464234511,0
919,-0.27634191916044,0.0011887165453187,-7.2391389380327,0.93750003000008,0
1443,0.024979456649567,0.063666816740461,-7.2362116813396,6.1099947213903,0
1333,0.06915005076424,0.092032631099065,-7.2311961142367,6.736720570718,0
1716,-0.036403254729097,0.037830318301585,-7.2303822302779,4.3288711899815,0
1900,-0.069433583596749,0.0027192184237002,-7.2288024395175,1.857162402923,0
1689,-0.030125876418947,0.041066749295316,-7.2286972409978,4.557817080076,0
1498,0.012760666737586,0.059140167134845,-7.2283091188705,5.8179808575729,0
1849,-0.063835171018789,0.01716764188401,-7.2282961768878,2.8407022785838,0
1924,-0.1906230783526,-0.00071198071023285,-7.2257329930839,1.0943557879115,0
1743,-0.04231888506746,0.034593809167187,-7.2231762711242,4.101717771797,0
1875,-0.067193852939939,0.011513229720801,-7.2196112138892,2.4403990779899,0
1662,-0.023530473658227,0.04428720030365,-7.2177990018486,4.7882466254943,0
1823,-0.059094229458704,0.02271368580154,-7.2166889210114,3.2456561712602,0
1278,0.10617020474186,0.12089476033377,-7.2108862088111,7.0569042791876,0
1770,-0.047829957385532,0.031371759822213,-7.2074107581241,3.8766545994806,0
1553,0.001445460526061,0.054931124547167,-7.2061042706678,5.5335204689372,0
1925,-0.12434284138395,-0.0020070380496193,-7.2027539990145,1.2828609855892,0
1635,-0.016660301783496,0.047473293349341,-7.197374645016,5.0198402349734,0
1901,-0.069398908285886,0.0056724925640498,-7.1920675866112,2.045944429912,0
1797,-0.052903629780266,0.028176964231945,-7.1834258314289,3.6539681462095,0
1223,0.14581298818726,0.15110425458536,-7.1783783404832,7.3810743687632,0
1926,-0.087754882697783,-0.0019985029628135,-7.1765599388214,1.4709143790395,0
1850,-0.06288413777349,0.019589029390232,-7.1719705581229,3.0294040671515,0
1876,-0.066825675226217,0.014076207920366,-7.1716581176337,2.6289921453212,0
1608,-0.0095544487517924,0.050603413422337,-7.1671210687346,5.2522678209193,0
1416,0.034389818864878,0.067525670417513,-7.1622501003086,6.3575114677367,0
1471,0.020501973050878,0.062023528770123,-7.1602487315444,6.0537185598128,0
1361,0.055923317162373,0.0807130284591,-7.1557072580647,6.6711441419494,0
1526,0.0089876221899184,0.057873399755201,-7.1521368701492,5.7681173418324,0
1902,-0.069478125171531,0.0084366532877031,-7.1520366414272,2.2339300071301,0
1824,-0.05751547510539,0.025019508662771,-7.1515700218758,3.4339333367785,0
1927,-0.073706179293706,-0.00023936355289127,-7.1471627760258,1.6584377621032,0
112,-0.90151923274692,0.0011425647739446,-7.1463977920639,0.062500002000119,0
113,-0.83575998105029,0.0029740270822834,-7.144668640541,0.1875000060004,0
114,-0.74441183408121,0.0041588070490667,-7.1429394890181,0.31250001000044,0
115,-0.64443397987089,0.0046615913132088,-7.1412103374953,0.43750001400015,0
1717,-0.033399130336898,0.039886485195921,-7.1377796175563,4.51643187674,0
920,-0.54283608979514,0.0044893504538965,-7.1377451305561,0.5625000180001,0
1306,0.088788110093254,0.10525197648366,-7.1372687989812,6.9892373146458,0
1744,-0.039557181719275,0.036701781764424,-7.1368816658259,4.2894122234142,0
921,-0.4449781367392,0.0037426022953001,-7.1325438682007,0.68750002200031,0
1690,-0.026915319069684,0.043059961405428,-7.129588853813,4.7450080721039,0
922,-0.35469681027865,0.0025592906468368,-7.1273426058452,0.81250002600029,0
1771,-0.045347013137281,0.033519945990943,-7.1272190390994,4.064254872562,0
1581,-0.0022462557926801,0.053651105689191,-7.1267452620193,5.4851890872198,0
923,-0.27508200871339,0.0010888762022585,-7.1221413434898,0.93750003000008,0
1877,-0.066202581735024,0.016517606000093,-7.1203384992757,2.8165060893248,0
1928,-0.071445458051309,0.0025423078980884,-7.1145763764434,1.8453532421992,0
1851,-0.061652084955271,0.021907712581278,-7.112199889048,3.2168133113299,0
1663,-0.020148002525168,0.046205859323572,-7.1119946937854,4.974824231112,0
1798,-0.050726948888198,0.030354309258394,-7.1091247960246,3.8412545005181,0
1952,-0.18998747888847,-0.00079481321295788,-7.1090240424964,1.0930246535446,0
1903,-0.069390352018292,0.011033906584491,-7.1087299897132,2.4210390552905,0
1251,0.12553880257533,0.13240020722119,-7.1066893707672,7.3113693790307,0
1499,0.016662387815971,0.060669536349251,-7.0873779948269,6.002410392903,0
5687,0.14904449318697,0.14644759127747,-7.086743644948,7.6150810089411,0
1953,-0.12478311027317,-0.0020445154660545,-7.0864519854123,1.2788767520062,0
1444,0.029015869623555,0.065043804416497,-7.0849482034816,6.2940765120219,0
1636,-0.013135123590826,0.049304629622761,-7.0846921498406,5.2055532339632,0
1825,-0.055666586418935,0.027216748881064,-7.0829406648381,3.6206944432104,0
1389,0.045804757601264,0.073045654830925,-7.0802184018933,6.6055677131811,0
1929,-0.071464737581742,0.005377953048787,-7.0788164997502,2.0315832878403,0
1554,0.0052355122485866,0.056582080021752,-7.0759646214279,5.718253826092,0
1878,-0.065313805649038,0.01884191756506,-7.0656796533292,3.0028591985492,0
1334,0.073166793702172,0.091680482364202,-7.0636513891515,6.9215703501041,0
1904,-0.069076451947588,0.01348891092211,-7.062169962207,2.6071920164169,0
1954,-0.088948390815872,-0.0020432520107237,-7.0608077540323,1.4642971264282,0
1852,-0.060143723571945,0.024117239221185,-7.049016687544,3.4028464504253,0
1609,-0.0059080514341759,0.052331613096802,-7.0473862533709,5.4368577055024,0
1745,-0.036617220571297,0.038669543919656,-7.0468619941149,4.475046673404,0
1772,-0.042652788311049,0.035536164645316,-7.0433811013739,4.2499532568468,0
1718,-0.030248936024629,0.041796411674553,-7.0413787057775,4.7017695187135,0
1930,-0.071575701040889,0.0080325155922432,-7.0399007900252,2.2170507751902,0
1279,0.1096394294578,0.11846465031674,-7.035000401051,7.2416643892978,0
1955,-0.075449249880888,-0.00032943503955759,-7.0321027801655,1.6492110464807,0
1799,-0.048314412697163,0.032408667274335,-7.0312618070745,4.026791973327,0
116,-0.90537061439042,0.0011349546838247,-7.0282719906104,0.062500002000119,0
117,-0.83895020965419,0.0029540102299792,-7.0266232647402,0.18750000600041,0
1691,-0.023589361898957,0.044902310170682,-7.026614742555,4.9298082272507,0
118,-0.74670576521065,0.0041266081274502,-7.0249745388699,0.31250001000044,0
119,-0.64579148856236,0.0046168510558797,-7.0233258129997,0.43750001400015,0
924,-0.54330615944363,0.0044331341953948,-7.0200217784763,0.5625000180001,0
5686,0.14793426124251,0.14716990286608,-7.0167339362663,7.5436829558403,0
925,-0.44467956980321,0.0036748181425071,-7.0150624352998,0.68750002200032,0
1527,0.012863245448282,0.059358322543107,-7.0145072581093,5.9511022259933,0
1905,-0.068509019196477,0.015833973125655,-7.0123808216637,2.7923099000659,0
1472,0.024470915295883,0.063341965968252,-7.0115689358709,6.2360277516398,0
1826,-0.053561370394601,0.029299395412226,-7.0108388339249,3.8058544015556,0
926,-0.35380579641903,0.0024839706890105,-7.0101030921233,0.8125000260003,0
1879,-0.064147505301823,0.021064864251104,-7.0077108570847,3.1879704513996,0
927,-0.27379616069274,0.00099450618346758,-7.0051437489468,0.93750003000008,0
1417,0.038527341083022,0.06862444826444,-7.0047295457219,6.539991284413,0
1664,-0.016675327242124,0.047969790788868,-7.0022632309467,5.158838647007,0
1956,-0.073397410567399,0.0023446674704462,-7.0003503133691,1.8335440814753,0
1582,0.0015068976271227,0.055252987263725,-6.9997923727066,5.6683903103516,0
1931,-0.071526165535417,0.010526570156816,-6.9978487655374,2.4016790325911,0
1980,-0.18935432139558,-0.00087558557777208,-6.9923150919087,1.0916935191778,0
1362,0.060065889767422,0.081005926755737,-6.990033979322,6.8539033855627,0
1853,-0.058365622646663,0.02621939249718,-6.9824554982474,3.5874207402113,0
1981,-0.12521370255812,-0.0020842572417163,-6.9701499718101,1.2748925184231,0
1637,-0.0095361569011293,0.050976045628576,-6.9680272447223,5.3885263237849,0
1957,-0.073468277331548,0.0050593556279069,-6.965565412889,2.0172221457686,0
1307,0.092580880082002,0.10387744651103,-6.9633114313347,7.171959399565,0
1906,-0.067680220372113,0.018060230287709,-6.9593887485354,2.976314329947,0
1773,-0.039777316300531,0.037418236753711,-6.9559443706735,4.433661470068,0
1746,-0.033528299843438,0.040498930107143,-6.953168557742,4.6585309653231,0
1932,-0.071259956627606,0.012880183323368,-6.9526818067804,2.5853918875127,0
1800,-0.045687356651119,0.034335740689376,-6.949880536922,4.2104942902796,0
5685,0.12792704370534,0.1295012968858,-6.9467242275848,7.4722849027397,0
1880,-0.062707009780872,0.023178723573645,-6.9464633532123,3.3717595640721,0
1982,-0.090118232421059,-0.0020957702491191,-6.9450555692432,1.4576798738168,0
5677,0.14989238666371,0.14144977236923,-6.9428265635234,7.7537060339463,0
1500,0.020608568830806,0.061951172682247,-6.9421122974768,6.1833651865905,0
1555,0.009084096332868,0.058027915986524,-6.9416365213918,5.8997940590837,0
1719,-0.026981088372817,0.043565121679206,-6.9412347913245,4.8847922233895,0
1827,-0.051218382120947,0.031262209280459,-6.9353045750495,3.989329074092,0
1445,0.033074952114591,0.066139596565111,-6.9292406895501,6.4744148556445,0
1958,-0.073611410229369,0.0076005591059856,-6.927764938623,2.2001715432502,0
1610,-0.0021951165386026,0.05388778684776,-6.9236201239853,5.6185267946112,0
1692,-0.020171483709641,0.046601471499474,-6.9198343120528,5.112124060051,0
1983,-0.077143669705095,-0.0004361649728997,-6.9170427843052,1.6399843308583,0
1390,0.049983592089508,0.073704882383659,-6.9164165694929,6.7862364210216,0
1854,-0.056330422770241,0.028209224191366,-6.9125528718254,3.770454302593,0
120,-0.90919824098837,0.0011283422963329,-6.9101461891569,0.062500002000119,0
121,-0.84211778192039,0.0029363349557667,-6.908577888939,0.18750000600041,0
122,-0.74897728491001,0.0040982120583539,-6.9070095887212,0.31250001000044,0
123,-0.64712667322971,0.0045769990595631,-6.9054412885034,0.43750001400015,0
1933,-0.070748997948,0.015116775095742,-6.9044231440518,2.768113710807,0
1907,-0.066577188437338,0.020187332742319,-6.9032218251215,3.1591275914693,0
928,-0.54375428110868,0.0043823269696236,-6.9022984263958,0.5625000180001,0
929,-0.4443595688577,0.0036124903192763,-6.8975810023983,0.68750002200032,0
930,-0.3528942143719,0.0024135833491916,-6.8928635784009,0.81250002600031,0
1335,0.077194499460663,0.091158343556257,-6.8916224616185,7.1022544098322,0
1665,-0.013126780598013,0.049587101294032,-6.8886682360737,5.3401949420673,0
931,-0.27248148939631,0.00090287225197115,-6.8881461544035,0.93750003000009,0
1959,-0.073598907594269,0.0099878404913349,-6.8869675413613,2.3823190098916,0
1984,-0.07528456727304,0.0021253674102832,-6.8861242502947,1.8217349207515,0
1881,-0.060997794683462,0.025187084351947,-6.8819703316568,3.5541470372122,0
5684,0.11233501333352,0.11645162275058,-6.876714518903,7.4008868496388,0
2008,-0.18872260615578,-0.00095569574588019,-6.875606141321,1.0903623848109,0
5676,0.150066524677,0.14348654856883,-6.8742321289574,7.6809470974768,0
1528,0.016792391081881,0.06060689749446,-6.8726556590826,6.1307026215412,0
1583,0.0053255943766114,0.056663756789952,-6.8687657846743,5.848485892174,0
1801,-0.042876684681237,0.036134674025923,-6.8650267472321,4.3922762667321,0
1774,-0.036750535006737,0.039169614962612,-6.8649584097065,4.6152924119327,0
1473,0.028473144292721,0.064386814798689,-6.8585301682884,6.4146646444633,0
1828,-0.048658237774372,0.033102623754222,-6.8563799724698,4.1710353237122,0
1747,-0.030320043888623,0.042196407360872,-6.855854840094,4.8397762195282,0
2009,-0.12563109849738,-0.0021277995497068,-6.8538479582077,1.2709082848401,0
1934,-0.069979329314924,0.017245422333537,-6.8530978437418,2.9497694613448,0
1985,-0.075404478013151,0.0047163624981781,-6.8523143260277,2.0028610036969,0
1638,-0.0058669664128194,0.052489269362728,-6.8474478752639,5.5686632788706,0
1908,-0.065202291001337,0.022206181926471,-6.8439100188806,3.3406726777191,0
1960,-0.073376964973569,0.012239169014419,-6.8431936513536,2.5635917586085,0
1418,0.042665010155099,0.069407468389697,-6.8427991596638,6.7185694564807,0
1855,-0.054056242816099,0.030082665749925,-6.8393473430245,3.9518661748568,0
1720,-0.023620217827827,0.045201769789318,-6.837405393159,5.0654094730949,0
2010,-0.091259477509638,-0.0021574686459779,-6.8293033844539,1.4510626212055,0
1363,0.064233479379245,0.081092532538302,-6.8199334919025,7.0325494200997,0
1986,-0.075579798850446,0.0071412178657183,-6.8156290872206,2.1832923113102,0
1882,-0.059031330153919,0.027085884272849,-6.8142669097259,3.7350542036304,0
1693,-0.016676315912162,0.048166843908424,-6.8093092274252,5.2918635603498,0
5683,0.095516818446889,0.10267381086816,-6.8067048102211,7.3294887965379,0
5675,0.13030695742239,0.12667026623764,-6.8056376943915,7.6081881610074,0
1556,0.012995821839468,0.059248066984196,-6.8031990206885,6.078040056492,0
2011,-0.078783830452098,-0.00056069776732828,-6.8019827884447,1.6307576152359,0
1935,-0.068937558435519,0.019277050619856,-6.7987327931583,3.1302847315391,0
1961,-0.072917099061116,0.014375340031705,-6.7964654664397,2.7439175215481,0
5667,0.15053595648387,0.13662295712326,-6.7963387075559,7.8896116331608,0
1611,0.0015902210068036,0.055266551446261,-6.7958950479568,5.7971777252643,0
1501,0.024598234573547,0.062971010623199,-6.7925979819369,6.3607406508694,0
124,-0.91300420778939,0.0011222553042175,-6.7920203877029,0.062500002000119,0
125,-0.84526491137152,0.002919952324833,-6.7905325131373,0.18750000600041,0
126,-0.75122841896307,0.0040719591502741,-6.7890446385718,0.31250001000044,0
127,-0.64844113351124,0.0045399122957027,-6.7875567640062,0.43750001400015,0
932,-0.54418141710599,0.004334524688977,-6.7845750743144,0.56250001800011,0
1909,-0.063560281742933,0.024121965690552,-6.7814851650662,3.5208733342131,0
933,-0.44401865740826,0.0035530842961382,-6.7800995694963,0.68750002200033,0
1802,-0.039912830619071,0.037810341900836,-6.7767482616711,4.5720538585424,0
1987,-0.075603669147865,0.0094188280084401,-6.7760863171852,2.3629589871922,0
934,-0.35196244917872,0.0023454389883608,-6.7756240646782,0.81250002600031,0
1829,-0.045912656101921,0.034820791020069,-6.7741091237906,4.3508910633961,0
2012,-0.077102112004738,0.0018838983117512,-6.7718981872202,1.8099257600277,0
1666,-0.009504970792878,0.05105946096627,-6.7712756265425,5.51879976313,0
935,-0.27113464122176,0.00081283837421145,-6.7711485598601,0.93750003000009,0
1775,-0.033603213982938,0.04079796361346,-6.7704748888636,4.7947602156669,0
1446,0.037137772477796,0.066912865592748,-6.7691817498344,6.6509024919393,0
1856,-0.051562815469443,0.031838779597598,-6.7628794080177,4.1315763571448,0
2036,-0.18809223194816,-0.0010355512458673,-6.758897190733,1.089031250444,0
1748,-0.027018266187075,0.043772381885074,-6.7549764742651,5.0186948861388,0
1391,0.054196268724379,0.074137972320977,-6.748244522187,6.9628444303676,0
1962,-0.072203197635897,0.016405588942502,-6.7468069389481,2.9232245927425,0
1883,-0.05682534011603,0.028872005164032,-6.7433901109996,3.9144032756218,0
1936,-0.067626532901449,0.021201721719209,-6.7413566845491,3.309585791366,0
2013,-0.077268453724588,0.0043489679381461,-6.7390632391663,1.9884998616252,0
2037,-0.12603128195069,-0.0021772233756643,-6.7375459446052,1.2669240512571,0
5674,0.11502256768888,0.11438831062427,-6.7370432598253,7.5354292245377,0
5682,0.08031134723855,0.090608655455765,-6.7366951015394,7.2580907434371,0
1584,0.0092172685813456,0.057858668440916,-6.7337423822945,6.0253774914429,0
1988,-0.075424559359151,0.011565609703897,-6.7337054959268,2.5417916297043,0
1721,-0.020181286366272,0.046716808448025,-6.7299502187767,5.2435321786324,0
5666,0.15209531582399,0.13994352549781,-6.7291859348556,7.8155197955813,0
1529,0.020777193589304,0.061603732264728,-6.7266657955854,6.3068166572756,0
1639,-0.0021187430232777,0.053838236983211,-6.7230243112391,5.7458695583545,0
1910,-0.061661459104784,0.02593141114749,-6.7159809476265,3.699654104668,0
2038,-0.092367029763086,-0.002229703080794,-6.7135511996645,1.4444453685943,0
2014,-0.077475694802951,0.006655127769716,-6.7034932358182,2.1664130793702,0
1474,0.0324848113626,0.065102246986692,-6.701223205552,6.589524114083,0
1694,-0.01310554987836,0.049599702180591,-6.6951033778211,5.4689362473895,0
1963,-0.071223957147549,0.018335197088671,-6.694243761195,3.1014418716088,0
1830,-0.043012423946197,0.036422805690824,-6.6885381136354,4.528815305152,0
1989,-0.075013878855705,0.013600463759307,-6.6885077888276,2.7197213322891,0
2039,-0.080364161131993,-0.0007038183754806,-6.6869227925841,1.6215308996136,0
1803,-0.03682764668949,0.039371342719961,-6.6850949376333,4.7497442118058,0
1857,-0.048882589922712,0.033478373853001,-6.6831915003491,4.30950586006,0
1937,-0.066050443252487,0.02302612114189,-6.6809999984758,3.4875996312141,0
1419,0.04684002482893,0.069966416924906,-6.6765555524716,6.8931394406356,0
128,-0.91678951455849,0.0011163601625006,-6.6738945862487,0.062500002000119,0
1776,-0.030362393919995,0.042314687417517,-6.6725475553714,4.9719802991828,0
129,-0.84839277326517,0.0029041548599006,-6.6724871373355,0.18750000600041,0
130,-0.75346024595286,0.0040467236616548,-6.6710796884222,0.31250001000044,0
131,-0.6497356432129,0.0045041449953288,-6.6696722395089,0.43750001400015,0
1884,-0.054398510017164,0.030546050819498,-6.6693788435657,4.0921173905774,0
5673,0.098417617539931,0.10133440278363,-6.6684488252591,7.462670288068,0
936,-0.54458789307691,0.0042880683501846,-6.6668517222329,0.56250001800011,0
5681,0.06746029020049,0.081013166941249,-6.6666853928579,7.1866926903365,0
2015,-0.077535337643647,0.0088208165075374,-6.665205093009,2.3435989644928,0
1612,0.0054583765127798,0.056438117175864,-6.6642857439004,5.9727149263936,0
937,-0.44365675431163,0.0034945677865824,-6.6626181365941,0.68750002200034,0
5665,0.13259561435334,0.12389118791331,-6.6620331621555,7.7414279580019,0
1557,0.016976631166357,0.060225795310094,-6.6607336092339,6.2528926636819,0
938,-0.35101036086983,0.0022770131656832,-6.6583845509553,0.81250002600032,0
2040,-0.078845288397769,0.0016200807873554,-6.6576721241456,1.7981165993039,0
939,-0.26974985676443,0.00072456672490264,-6.6541509653165,0.93750003000009,0
1749,-0.023638248362149,0.045238107622569,-6.6505912101282,5.1952007969148,0
1667,-0.005797774283032,0.052379965426023,-6.6501535745215,5.6945613914447,0
1911,-0.059523178585632,0.027632142113768,-6.6474328789748,3.8769403763868,0
5657,0.1510093948249,0.1318194262306,-6.6473314542358,8.0227501408471,0
2064,-0.18746580693528,-0.0011140576683185,-6.6421882401451,1.0877001160772,0
1990,-0.074353752955264,0.015532331244525,-6.6405160341542,2.8966797241403,0
1502,0.028601591979052,0.063658213728567,-6.6389235268166,6.5344343229118,0
1964,-0.069976267103882,0.020166917509631,-6.6388033502173,3.2784989050129,0
2041,-0.079055451645729,0.0039574234097651,-6.6258121523049,1.9741387195535,0
2016,-0.077397971163201,0.010861252635018,-6.6242173404999,2.5199915008001,0
2065,-0.12641054037011,-0.0022349145807117,-6.6212439310027,1.2629398176741,0
1722,-0.016665155255162,0.048110792991009,-6.6189311290998,5.419072731649,0
1938,-0.064218489158691,0.024747833122511,-6.6176949855271,3.6642540057055,0
1447,0.041240661021789,0.067484619782351,-6.6048665827557,6.8234344509032,0
1858,-0.046046568081547,0.035008560155572,-6.6003279655998,4.4855767517615,0
5672,0.083365636718117,0.089863819194424,-6.599854390693,7.3899113515984,0
1831,-0.039990393133286,0.037917933111385,-6.5997149864027,4.7047282079445,0
2066,-0.093435831174839,-0.0023137245993731,-6.5977990148751,1.437828115983,0
5680,0.057462850822097,0.074326476632489,-6.5966756841768,7.1152946372364,0
5664,0.11764035313798,0.11231533789465,-6.5948803894551,7.6673361204222,0
1640,0.0017219398759755,0.054987228756128,-6.5948291055061,5.9200523613442,0
1585,0.013192565549763,0.05881997419763,-6.5948014228825,6.1989686700882,0
1885,-0.051783862328489,0.03210909431855,-6.5922738769076,4.268120656724,0
2042,-0.079294166962141,0.0061430640002027,-6.5913573844158,2.1495338474303,0
1804,-0.033649380313025,0.040829834045018,-6.5901186364776,4.9252657122268,0
1991,-0.073432588190975,0.017366602347754,-6.5897547292316,3.0725990116785,0
5656,0.1540391992475,0.13642129167993,-6.5816461790626,7.9473538950262,0
2017,-0.077034995388429,0.012793807596313,-6.5805501112154,2.6955251430302,0
1965,-0.068465456140627,0.021901283596607,-6.5805148318852,3.454325928215,0
1695,-0.0094433400012911,0.050892190633053,-6.5772828378039,5.643253224535,0
1530,0.024781681245602,0.062260078528752,-6.5766238480812,6.4793445317406,0
1912,-0.057162869721929,0.02922622796774,-6.5758782791137,4.0526584240102,0
2067,-0.08187916996743,-0.00086597727702799,-6.5718627967235,1.6123041839912,0
1777,-0.027043719193632,0.043731554266249,-6.5712322014798,5.1468694151974,0
132,-0.92055443605446,0.0011104215094966,-6.5557687847945,0.062500002000119,0
133,-0.85150186423491,0.0028884915618304,-6.5544417615334,0.18750000600041,0
2043,-0.079389020516885,0.0081951131575904,-6.5543238688328,2.3242389417935,0
134,-0.75567324347333,0.0040218005409764,-6.5531147382723,0.31250001000044,0
135,-0.65101046976209,0.0044688181868584,-6.5517877150112,0.43750001400015,0
1939,-0.0621476227211,0.026365042696996,-6.55147564695,3.8394774771518,0
940,-0.54497373561842,0.004241975174522,-6.5491283701509,0.56250001800011,0
941,-0.44327350188174,0.0034359168618689,-6.5451367036915,0.68750002200034,0
2068,-0.080509398792047,0.0013340165301852,-6.543446061071,1.7863074385801,0
1750,-0.020180160246723,0.046593144844016,-6.5427588803785,5.3692092159085,0
942,-0.35003735553517,0.0022072726764166,-6.5411450372321,0.81250002600033,0
1475,0.036555591546996,0.065651560446868,-6.5397413589691,6.7605032794382,0
943,-0.2683384868037,0.00063783630164387,-6.5371533707727,0.9375000300001,0
1992,-0.072246676428335,0.019106267473384,-6.5362500158855,3.2474120186598,0
2018,-0.07642752230177,0.014627092899237,-6.5342251293603,2.8701348555381,0
5671,0.070603697804877,0.080699505720087,-6.5312599561271,7.317152415129,0
1613,0.0094258164985279,0.057384411083607,-6.528869236531,6.1450446764944,0
5663,0.10125273385104,0.099915171332897,-6.5277276167547,7.5932442828425,0
5679,0.050086763963613,0.070247645763008,-6.5266659754959,7.0438965841364,0
2092,-0.18683114572222,-0.001191529802524,-6.5254792895569,1.0863689817103,0
1668,-0.0019889014097228,0.05350610092248,-6.5253724671119,5.8673897962948,0
1966,-0.066700106343263,0.023536953624926,-6.5194090234276,3.628853906743,0
5655,0.13478927742883,0.12108338496456,-6.5159609038896,7.8719576492054,0
2044,-0.079292529308683,0.010127841589706,-6.514729185073,2.4981913718959,0
1859,-0.043088494951982,0.036439014267171,-6.5143350351721,4.6597122040831,0
1558,0.020983869253869,0.060851543285421,-6.514324169346,6.4242547405695,0
2069,-0.080760824556381,0.0035421813144719,-6.5125610654434,1.9597775774819,0
1886,-0.049012504275217,0.033569059565349,-6.5121178175643,4.4423381983711,0
1832,-0.036875987527456,0.039318833180179,-6.5076897175837,4.8785511252707,0
2093,-0.12676557235704,-0.0023015947669085,-6.5049419173999,1.2589555840911,0
1723,-0.013051820975241,0.049374853399347,-6.5044121010864,5.5919450576252,0
1913,-0.054613901026797,0.030714582421483,-6.5013562534663,4.2267354533881,0
5647,0.15135971828304,0.12702807841357,-6.4958570643736,8.1530748618278,0
1805,-0.03039412409718,0.042197790418761,-6.4918731928315,5.09853803348,0
2019,-0.075563646239015,0.016366588461459,-6.4852656972682,3.0437561517483,0
1940,-0.059853638253556,0.02788115182682,-6.4823777146619,4.0131994574429,0
2094,-0.094460737384953,-0.0024102423025494,-6.4820468300855,1.4312108633717,0
1503,0.032697145438497,0.064221547218975,-6.4811798811118,6.7043459262406,0
1993,-0.070799553068433,0.020752020546894,-6.4800296652945,3.4210522252159,0
2070,-0.081030463700666,0.0056058992484331,-6.4792215330133,2.1326546154904,0
2045,-0.078976190914899,0.011957355787054,-6.4725924336032,2.6713289537714,0
1778,-0.02364678196257,0.045046944800876,-6.4665866316572,5.319345700168,0
1641,0.0056787839091438,0.055918936126692,-6.4629370501795,6.0911206829005,0
5670,0.060633942551862,0.074258302041681,-6.4626655215617,7.2443934786601,0
5662,0.086349017773106,0.088975794687112,-6.4605748440544,7.519152445263,0
2095,-0.083323384217304,-0.0010472972249193,-6.4568028008627,1.6030774683688,0
5678,0.044437564912639,0.06775091062867,-6.4566562668145,6.9724985310359,0
1696,-0.0056709134070386,0.051994222064343,-6.4559158287178,5.8147272312455,0
1967,-0.064696551518554,0.025072622137056,-6.4555184149251,3.8020145779168,0
1586,0.017201195697698,0.059414433376098,-6.4520244906107,6.3691649493985,0
5654,0.12017986225565,0.11019138863933,-6.4502756287164,7.7965614033844,0
2071,-0.081160015465664,0.0075430170717485,-6.4434426446566,2.3048789190942,0
136,-0.92429879551278,0.0011042720043277,-6.4376429833402,0.062500002000119,0
137,-0.85459226818131,0.0028727076012993,-6.4363963857312,0.18750000600041,0
138,-0.75786752947527,0.0039968011614133,-6.4351497881221,0.31250001000044,0
139,-0.65226560252339,0.0044334779182567,-6.4339031905131,0.43750001400015,0
2020,-0.074438789754085,0.018015199641418,-6.4336966815537,3.2163251323068,0
5646,0.15593464723844,0.13290187843287,-6.4316645605728,8.0764032002484,0
1751,-0.016619404181933,0.047827576115446,-6.4315413643688,5.5406368907154,0
944,-0.54533872038082,0.0041957099761892,-6.4314050180686,0.56250001800011,0
2096,-0.082089777722038,0.0010260386531047,-6.4292199979961,1.7744982778563,0
1887,-0.046118952096274,0.034935803982002,-6.4289550839417,4.6146962002218,0
2046,-0.078420509474294,0.013691928242405,-6.4279342245664,2.843589986936,0
945,-0.44286841696555,0.0033768945248855,-6.4276552707886,0.68750002200035,0
1860,-0.040038916789446,0.037782647436739,-6.4252607986897,4.8318365383146,0
1914,-0.051907464918319,0.032105726622484,-6.4239076695288,4.3990996449808,0
946,-0.34904256622446,0.0021364471086154,-6.4239055235086,0.81250002600034,0
1531,0.028923566842253,0.062835104005472,-6.4226184032545,6.6481885730431,0
1994,-0.069099411796831,0.02230330070136,-6.4211230613281,3.5934538077805,0
947,-0.26690380260617,0.00055098126639731,-6.4201557762287,0.9375000300001,0
1833,-0.033685801384448,0.040637398120799,-6.4125141841829,5.0502066517626,0
1941,-0.057370238552863,0.029296536534439,-6.410438630025,4.1853502500522,0
2120,-0.18618247757635,-0.001269903652256,-6.4087703389684,1.0850378473435,0
2072,-0.081103724854492,0.0093670357425362,-6.4052410296461,2.4763912429919,0
2097,-0.082380001664072,0.0031038481677338,-6.3993099785817,1.9454164354102,0
1669,0.0019543908966288,0.054422847921205,-6.3970048638279,6.0371966893065,0
5669,0.053232811872966,0.070257804233668,-6.3940710869963,7.1716345421913,0
3727,0.039664860744051,0.065828634305608,-6.3934670933623,6.9076731739395,0
5661,0.073663449355736,0.080187595452452,-6.3934220713543,7.4450606076836,0
1806,-0.02706104209005,0.043472316156195,-6.390414382936,5.2694821844276,0
1614,0.013433133412718,0.057945505641614,-6.3897248118754,6.3140751582273,0
1968,-0.06246836223586,0.026512654774513,-6.3888771502098,3.9737404908756,0
2121,-0.12709322796325,-0.0023761997453037,-6.3886399037968,1.2549713505081,0
1724,-0.009320679262389,0.050450721558246,-6.3864591903236,5.7620646661962,0
5653,0.10402055600264,0.098409650172624,-6.3845903535431,7.7211651575634,0
2047,-0.077613147407072,0.015336993569923,-6.3807766653048,3.0149132918182,0
2021,-0.073055112397936,0.019573941816803,-6.3795444987038,3.3877785222169,0
5645,0.13690508028255,0.1182183758563,-6.3674720567721,7.9997315386692,0
2098,-0.082679968371282,0.0050445742066374,-6.3670856816106,2.1157753835505,0
2122,-0.095436353048174,-0.0025193616864459,-6.3662946452956,1.4245936107604,0
2073,-0.080833269097709,0.011092992538086,-6.364634755991,2.6471327645127,0
1559,0.02518312613038,0.061438969822361,-6.3640569253973,6.5920312198456,0
1995,-0.067161352305069,0.023759524039047,-6.3595611829002,3.7645516786817,0
1779,-0.020142021490527,0.046249863773225,-6.3586706276513,5.4893287238057,0
1915,-0.049078712719308,0.033409521276051,-6.3435751327113,4.5696801963606,0
1888,-0.043134795155326,0.03622224686467,-6.3428318797959,4.7851219513585,0
5637,0.15159189900466,0.12225476582637,-6.3419686642804,8.2805400875672,0
2123,-0.084691299115936,-0.0012476367639502,-6.3417428050016,1.5938507527464,0
3726,0.035684223223883,0.064320831212342,-6.3370984551395,6.8494205128471,0
1942,-0.054728762549684,0.030620072812345,-6.3356975214935,4.3558610915905,0
1861,-0.036915009787353,0.039051008702378,-6.3331551755343,5.001875270045,0
2099,-0.082843768171742,0.006865809962688,-6.3325614204801,2.2855188963948,0
2048,-0.07654871366259,0.016895440760725,-6.331143347222,3.1852382459539,0
1697,-0.0017441852268743,0.052894998767934,-6.3310726774763,5.9832726957127,0
1642,0.0096810889186974,0.056443545702981,-6.32742513314,6.2589853670561,0
5660,0.063703340750699,0.073947731250023,-6.3262692986546,7.3709687701047,0
5668,0.047525274289561,0.067734578480572,-6.3254766524306,7.0988756057221,0
2022,-0.071420092911905,0.021042807447342,-6.3228370992285,3.5580537088181,0
2074,-0.080328770882383,0.01272883283524,-6.3216433197726,2.817045118334,0
1969,-0.060050422439113,0.027856716805314,-6.3195210065836,4.1439650467162,0
140,-0.92802216758697,0.0010977897276523,-6.3195171818859,0.062500002000119,0
5652,0.089271295022185,0.087965377767435,-6.3189050783699,7.6457689117425,0
141,-0.85766385310684,0.0028567079330456,-6.3183510099289,0.18750000600041,0
142,-0.76004303261845,0.0039715903570696,-6.3171848379719,0.31250001000044,0
1752,-0.01293447328851,0.048874632959839,-6.3170025519295,5.7094021011469,0
143,-0.65350092771596,0.0043979570190534,-6.3160186660149,0.43750001400015,0
2124,-0.083581764180273,0.00069664811170187,-6.314993934921,1.7626891171325,0
1834,-0.030418770586786,0.041869468402631,-6.3142421342146,5.2196186686871,0
948,-0.54568255791444,0.0041489909329377,-6.3136816659862,0.56250001800011,0
949,-0.44244105709168,0.0033173622556472,-6.3101738378857,0.68750002200035,0
950,-0.34802519371896,0.0020642506793429,-6.3066660097852,0.81250002600034,0
1587,0.021464435167217,0.06001420176896,-6.3054954475402,6.5358738666483,0
5644,0.12265037180342,0.10798698195825,-6.3032795529712,7.9230598770897,0
951,-0.2654457151001,0.00046271323361489,-6.3031581816847,0.9375000300001,0
2100,-0.082827178324063,0.0085804109647834,-6.2957528742189,2.4545911140877,0
1996,-0.065002984623587,0.025122272589745,-6.2953765857578,3.9342815243082,0
2148,-0.18551680218346,-0.0013504593346039,-6.2920613883801,1.0837067129766,0
2125,-0.083908460522956,0.0026431410857376,-6.2860588917197,1.9310552933385,0
1807,-0.023615340497149,0.044641293414326,-6.2857998909339,5.4380205568961,0
3725,0.03179107926876,0.062854442212618,-6.2807298169167,6.7911678517548,0
5636,0.15779723069571,0.12939535998966,-6.279293634199,8.2026224913096,0
2049,-0.075228238582632,0.018368531400136,-6.2790593321132,3.3545048192181,0
2075,-0.079577428595314,0.01427987822528,-6.2762876333414,2.9860704318881,0
2149,-0.12738984557827,-0.0024578638807759,-6.2723378901939,1.2509871169251,0
1725,-0.0054134345555354,0.051334043015518,-6.2651404911248,5.9293487021189,0
1670,0.0059470032529355,0.054907102826714,-6.2651254544045,6.2038955758848,0
2023,-0.069547409160313,0.022421806060119,-6.2636039508753,3.7270887794468,0
3767,0.042665117834456,0.065727117182087,-6.2633073746504,7.0317985990287,0
1916,-0.046160164825193,0.034638665421994,-6.2604029609021,4.7384073644025,0
5659,0.056257847391799,0.069993920716662,-6.2591165259551,7.296876932526,0
1943,-0.051964795733935,0.031861517166436,-6.258195181481,4.5246641924994,0
2101,-0.082602106295825,0.010202490829908,-6.2566770783785,2.6229365752538,0
2126,-0.084238161054561,0.0044600732875375,-6.2549498302076,2.0988961516105,0
1889,-0.040077891239944,0.037439366560153,-6.2537961668858,4.9535438883275,0
5651,0.07666104035486,0.079519139291597,-6.2532198031969,7.5703726659218,0
2150,-0.096357004530309,-0.0026410028574517,-6.2505424605058,1.4179763581491,0
1780,-0.016508173120893,0.047265151032894,-6.2475459135354,5.6567395360976,0
1970,-0.057473933773044,0.02911377811293,-6.247487373458,4.3126225382001,0
1615,0.017765233741586,0.058556033276409,-6.246933969683,6.4797165134508,0
5643,0.10672357781654,0.096795892847909,-6.2390870491702,7.8463882155102,0
1862,-0.033715610400529,0.040238802426834,-6.2380698854932,5.1697551529465,0
1997,-0.062651586709506,0.026396512416198,-6.2286033831421,4.1025798433802,0
2076,-0.078573089736226,0.015749028147588,-6.2285900128902,3.154151359601,0
2151,-0.085977378982939,-0.0014666863029221,-6.2266828091405,1.584624037124,0
2050,-0.073658338754152,0.019756641415586,-6.224551137129,3.5226536098558,0
3724,0.027932715507272,0.061376345726872,-6.224361178694,6.7329151906626,0
2127,-0.084435834787277,0.0061647516645943,-6.2216801963034,2.2661588736954,0
5635,0.13894918953315,0.11529542340161,-6.2166186041178,8.1247048950521,0
2102,-0.082148421511363,0.011739689449405,-6.2153524149785,2.7905002497318,0
1835,-0.027034799715436,0.043001680713941,-6.2129291542163,5.3867123899864,0
3766,0.03853817975614,0.064139755371012,-6.207563253656,6.9704035221113,0
1698,0.002233015448343,0.053334583793144,-6.2028257756691,6.1488057847136,0
2024,-0.067454893265358,0.023712418017303,-6.2018760213058,3.894822557741,0
144,-0.93172404857115,0.0010908815963205,-6.2013913804316,0.06250000200012,0
2152,-0.084980685503515,0.00034645360455645,-6.200767871846,1.7508799564086,0
145,-0.8607164312635,0.0028405406530596,-6.2003056341267,0.18750000600041,0
146,-0.76219963386094,0.0039462212973607,-6.1992198878218,0.31250001000044,0
1753,-0.0090494275064105,0.049738668670465,-6.1992083047733,5.875424708525,0
147,-0.65471633003624,0.0043623523256599,-6.1981341415168,0.43750001400015,0
952,-0.54600489916813,0.0041019090836706,-6.1959583139039,0.56250001800012,0
953,-0.44199105839394,0.0032573416522471,-6.1926924049828,0.68750002200036,0
5658,0.050473511238027,0.067427452396867,-6.1919637532551,7.2227850949468,0
954,-0.34698435335433,0.0019905525339861,-6.1894264960618,0.81250002600035,0
1643,0.014086311261323,0.057062292850732,-6.1883724918256,6.4235591602531,0
5650,0.066703069802091,0.073451458792524,-6.1875345280243,7.4949764201016,0
2128,-0.084458606335273,0.0077694692584692,-6.1862647187915,2.4327909851835,0
955,-0.26396366199685,0.00037246088073831,-6.1861605871407,0.93750003000011,0
5627,0.1516911932719,0.11749503732887,-6.1857202260808,8.4051011131603,0
2077,-0.077315792708747,0.017137719301839,-6.1785741655226,3.3212311162193,0
1808,-0.02003721199063,0.045621854248361,-6.1780892751414,5.6040769710485,0
1944,-0.049111638517584,0.033033139565061,-6.1779740420085,4.6916927774466,0
2176,-0.18483147850854,-0.0014335841928846,-6.1753524377917,1.0823755786097,0
5642,0.092131200109938,0.086821175392481,-6.1748945453694,7.7697165539308,0
1917,-0.043170471014894,0.03580339198874,-6.1744371582375,4.9052125066101,0
1971,-0.054774602634736,0.030293438388371,-6.1728152302506,4.4796481886382,0
2153,-0.085341705129426,0.0021608480470969,-6.1728078048578,1.9166941512668,0
2103,-0.081452867887913,0.013197186325818,-6.1717986013778,2.957227571958,0
3723,0.024097050399419,0.059866045353948,-6.1679925404714,6.6746625295704,0
2051,-0.07185151934709,0.02106014915851,-6.1676467188504,3.689625880212,0
1890,-0.036947050964269,0.038580973090224,-6.1618976367719,5.119891637206,0
1998,-0.060140577047178,0.027588411430115,-6.1592772254224,4.2693839848097,0
2177,-0.12765139513455,-0.0025461382813001,-6.156035876591,1.247002883342,0
5634,0.12505324980218,0.1056959575264,-6.1539435740363,8.0467872987943,0
3765,0.03450505659112,0.062579598188623,-6.1518191326616,6.9090084451939,0
2129,-0.084278638635184,0.0092875233382349,-6.1487194007658,2.5987403859949,0
2154,-0.08570058899906,0.0038534030429079,-6.1428139788047,2.0820169196705,0
1726,-0.0014584754683046,0.05172457224041,-6.1405260969338,6.0937159935424,0
1863,-0.030395662877645,0.041331211656311,-6.1400584174986,5.3354042230765,0
2025,-0.06516908488903,0.024919072906497,-6.1376857597007,4.0611946400443,0
2178,-0.097216826453258,-0.0027750600487857,-6.134790275716,1.4113591055378,0
1781,-0.012647807101842,0.048107784104421,-6.1332761184218,5.8215007149312,0
3807,0.045516649429167,0.065333970955359,-6.1308565661584,7.153501099715,0
1671,0.010429550343081,0.055531124589599,-6.1298110139683,6.3674018070555,0
2078,-0.075811223433345,0.018446577743091,-6.1262651750296,3.4872535108936,0
2104,-0.080508576935751,0.014577890444353,-6.1260366785582,3.123064473248,0
5626,0.15962461289549,0.12590099295388,-6.1245867913386,8.3259675405051,0
5649,0.059203091638465,0.069522546587933,-6.1218492528518,7.4195801742814,0
3722,0.02028263317067,0.058316276704249,-6.1116239022486,6.6164098684781,0
2179,-0.087176070156044,-0.0017040406171411,-6.1116228132796,1.5753973215016,0
2155,-0.085931852732335,0.0054410753773182,-6.1107989721267,2.246798850996,0
5641,0.079594137760368,0.078694137009624,-6.1107020415687,7.6930448923517,0
2130,-0.083875620841747,0.010726271762322,-6.1090615101841,2.7639553811296,0
1836,-0.02351656440825,0.043944872479119,-6.1086326367472,5.5514144059992,0
2052,-0.069825458055181,0.022280532698295,-6.1083754568538,3.8553635911739,0
3764,0.030505359191481,0.060997577785382,-6.0960750116672,6.8476133682766,0
1972,-0.051986353916679,0.031407337959248,-6.0955451231146,4.6449781904905,0
1945,-0.046188859720145,0.034144313946205,-6.0950781495892,4.8568811248927,0
5633,0.10935720711684,0.095064877197463,-6.0912685439549,7.9688697025365,0
1999,-0.057505984845275,0.028707075131284,-6.0874352790201,4.4346321847769,0
2180,-0.086281848451124,-2.3878063085372e-05,-6.086541808771,1.7390707956848,0
1918,-0.040108481792432,0.036896926569035,-6.0857253880507,5.0700281214656,0
148,-0.93540406311795,0.0010834832341281,-6.0832655789775,0.06250000200012,0
149,-0.86375000779285,0.0028243929969245,-6.0822602583247,0.18750000600041,0
150,-0.76433737485794,0.0039210005921481,-6.0812549376719,0.31250001000044,0
151,-0.65591168882143,0.0043270328488587,-6.0802496170191,0.43750001400015,0
956,-0.54630539004408,0.0040548688337085,-6.0782349618219,0.56250001800012,0
1754,-0.0051246823155293,0.050076150147369,-6.0782264181984,6.0386262023712,0
2105,-0.079314666014741,0.01588335516943,-6.0780889989317,3.2879574132203,0
2156,-0.085993797286352,0.0069356465180052,-6.0767765633641,2.4109908562793,0
3806,0.041234470341652,0.063661989168889,-6.0757949646653,7.0890249468309,0
957,-0.44151781995884,0.0031970586655659,-6.0752109720802,0.68750002200037,0
958,-0.34591891400842,0.0019155491962597,-6.0721869823385,0.81250002600036,0
2079,-0.074070791672331,0.019676174235934,-6.0716894868257,3.6521629809773,0
1699,0.0067973180704074,0.053961028435944,-6.071249536111,6.3112444538579,0
2026,-0.062722430607623,0.02604757708546,-6.0710670773869,4.2261454314194,0
959,-0.26245696006483,0.00027988036320944,-6.0691629925969,0.93750003000011,0
1809,-0.016203868046732,0.046440644609299,-6.0673439320705,5.7675767213375,0
2131,-0.083235864237222,0.012090741099798,-6.0673095694139,2.9283847120277,0
1891,-0.033693073766763,0.039630534609755,-6.067187680781,5.2840960561667,0
5625,0.14091853496518,0.1123140128187,-6.0634533565966,8.24683396785,0
2181,-0.086675249449965,0.0016577929462611,-6.059556717996,1.9023330091951,0
2204,-0.18412424197201,-0.0015191941735481,-6.0586434872035,1.0810444442429,0
5648,0.053333820619803,0.066900634700584,-6.056163977679,7.3441839284609,0
3721,0.016491519356956,0.056723016854447,-6.0552552640257,6.5581572073857,0
2053,-0.067605440692326,0.023421426124879,-6.0467681362594,4.0198094367086,0
5640,0.069631863265373,0.072780201063841,-6.0465095377684,7.616373230773,0
2157,-0.085858848716824,0.0083496742999109,-6.0407617231532,2.574544196736,0
3763,0.026525891922492,0.059373790382012,-6.040330890673,6.7862182913594,0
2205,-0.12787367731354,-0.0026407453781704,-6.0397338629881,1.243018649759,0
1864,-0.026940756581721,0.042234980867084,-6.0391759983529,5.4987518409497,0
2182,-0.087062843958415,0.0032255727584711,-6.0306781274019,2.0651376877306,0
5632,0.094918796864526,0.085533776662485,-6.0285935138735,7.8909521062788,0
2106,-0.077875846681936,0.017114361475101,-6.0279792129299,3.4518534119312,0
5617,0.15164292941157,0.1127458225571,-6.0271665509918,8.5267142511753,0
2132,-0.082351818664815,0.013383838871261,-6.023483344226,3.091977586895,0
3805,0.037054727971076,0.062001233838445,-6.0207333631721,7.0245487939467,0
2206,-0.098009816273262,-0.0029214186692188,-6.0190380909263,1.4047418529265,0
1782,-0.0087622919744045,0.048389183263323,-6.0159267394631,5.9835364112,0
1973,-0.049129840050714,0.032463936306582,-6.0157191409407,4.8085497431753,0
2080,-0.072111518121872,0.0208278802518,-6.014874892402,3.8159046246069,0
2000,-0.054782253164198,0.029763305645645,-6.0131162042208,4.5982636035345,0
1727,0.0031922505297167,0.052351126411996,-6.0126880582537,6.2550871006604,0
1946,-0.043195459937057,0.035188016605759,-6.0095531393295,5.0201646057252,0
2158,-0.085506557176727,0.0096902555049275,-6.0027706053898,2.7374105125274,0
5624,0.12738209000436,0.10331812068251,-6.0023199218544,8.1677003951947,0
2027,-0.060151054344692,0.027106436735945,-6.0020553277897,4.3896161809158,0
1837,-0.019712711907658,0.044736929621298,-6.0014117457189,5.7136527277436,0
2183,-0.087327517614505,0.0046959824062524,-5.9999177479501,2.2274388282966,0
3720,0.012727171047526,0.055083353332201,-5.9988866258029,6.4999045462933,0
2207,-0.088281804942273,-0.0019592546295765,-5.9965628174187,1.5661706058792,0
3847,0.048277628796732,0.064718801696126,-5.9961602235786,7.272738396241,0
1919,-0.03692213016183,0.037900814206765,-5.9943169440636,5.2327878892571,0
3762,0.022565862566236,0.057699874342707,-5.9845867696786,6.7248232144421,0
2054,-0.065223053796396,0.024488143521918,-5.9828569293516,4.1829068780293,0
5639,0.06206924098076,0.068863314308686,-5.9823170339683,7.5397015691944,0
2133,-0.081221718631975,0.014607190485667,-5.9776038323406,3.2546837102213,0
2107,-0.07620242760959,0.018271553183839,-5.9757322548006,3.6147000817424,0
2208,-0.087480532905384,-0.00041366538708584,-5.9723157456961,1.727261634961,0
1892,-0.03030390127514,0.040493605131187,-5.9697193599588,5.4460892759004,0
5616,0.16140400437184,0.12240682830101,-5.9675982429916,8.4463951264093,0
2184,-0.087428591785319,0.0060803180238475,-5.9672884079369,2.3891907273751,0
5631,0.082448594225886,0.077704855943829,-5.9659184837923,7.8130345100214,0
3804,0.032907441508843,0.060306797032621,-5.9656717616791,6.9600726410627,0
152,-0.93906222193371,0.0010755626261729,-5.9651397775233,0.06250000200012,0
153,-0.86676496445817,0.0028086288943423,-5.9642148825227,0.18750000600041,0
154,-0.76645661670632,0.003896567534094,-5.9632899875222,0.31250001000044,0
2159,-0.084922823510106,0.010962260949033,-5.9628205374501,2.8995418520975,0
155,-0.65708712405734,0.0042927183516167,-5.9623650925216,0.43750001400015,0
960,-0.546583750399,0.0040085785726882,-5.9605116097402,0.56250001800012,0
961,-0.44102064153925,0.0031370836486168,-5.9577295391778,0.68750002200037,0
2081,-0.069957435454383,0.021904654658701,-5.9558505128182,3.978424233373,0
962,-0.34482762708333,0.0018395102731474,-5.9549474686155,0.81250002600037,0
1755,-0.00038296531935063,0.050701335492307,-5.9541265803964,6.1989297474628,0
1810,-0.012367296805736,0.046664542807753,-5.9536270607278,5.928446620029,0
963,-0.26092466085161,0.00018481200123908,-5.9521653980531,0.93750003000011,0
2209,-0.087904606160783,0.0011348044738641,-5.9463056311342,1.8879718671235,0
3719,0.0089939563253962,0.053395372068941,-5.94251798758,6.4416518852009,0
2232,-0.18339280693755,-0.0016071908538939,-5.9419345366153,1.079713309876,0
3846,0.043837911970582,0.0629566555714,-5.941837990551,7.2052435776221,0
5623,0.1119130482797,0.09321600162328,-5.9411864871122,8.0885668225394,0
2001,-0.051991283392006,0.030764636092395,-5.9363601322922,4.7602183614578,0
1865,-0.023169449394478,0.042996794454049,-5.9354795593673,5.6597287341497,0
1974,-0.046204389267101,0.033456293967703,-5.9333808906082,4.9703010899847,0
2185,-0.087338752867493,0.0073904498537117,-5.9328040455406,2.5503480074771,0
2028,-0.057489891086111,0.02810552710814,-5.930687285327,4.5515490165786,0
2134,-0.079849273390031,0.01576166420237,-5.92969325083,3.4164533129688,0
3761,0.018628319109698,0.055971096799039,-5.9288426486841,6.6634281375246,0
2233,-0.12805237515841,-0.002741538213358,-5.9234318493853,1.239034416176,0
1947,-0.040078117858313,0.036143857260036,-5.9214462073462,5.1814797223475,0
2108,-0.074310448350384,0.019356115549448,-5.9213743279498,3.7764456580398,0
2160,-0.084099441496837,0.012168584285416,-5.9209300098938,3.0608907005419,0
2210,-0.08832054644797,0.0025775769435497,-5.9185422759991,2.0482584557907,0
5638,0.056108640749356,0.066178940715687,-5.9181245301678,7.4630299076154,0
2055,-0.062714261115843,0.025488369438619,-5.9166753765594,4.3446001770549,0
3803,0.028778277122985,0.058559513420268,-5.9106101601861,6.8955964881788,0
5615,0.14281138148197,0.10927218676892,-5.9080299349914,8.3660760016435,0
2234,-0.098729868671042,-0.003079988738155,-5.9032859061366,1.3981246003152,0
5630,0.072472740358802,0.071929462661009,-5.9032434537115,7.7351169137645,0
1920,-0.033599796133253,0.038722759913351,-5.9002627215647,5.3934267108512,0
2186,-0.087037435457248,0.0086332301150853,-5.8964797005956,2.7108656439252,0
1783,-0.0039259050945051,0.04901236878894,-5.8955651025391,6.1427723942653,0
2082,-0.067639129859172,0.022911123435796,-5.8946467813163,4.1396683246393,0
1838,-0.015934780966736,0.044904243703718,-5.8913273819925,5.8733568288578,0
2211,-0.088618566588066,0.0039306369132388,-5.8890365237736,2.2080788055972,0
3845,0.039508955057416,0.061189905350375,-5.8875157575234,7.1377487590031,0
3718,0.0052970432679125,0.05165829836433,-5.8861493493572,6.3833992241086,0
2235,-0.089288999843863,-0.0022318892829923,-5.8815028215578,1.5569438902568,0
5622,0.097623706863001,0.084102502675184,-5.88005305237,8.0094332498841,0
2135,-0.078243645306934,0.016847903368091,-5.8797750227753,3.5772371825075,0
2161,-0.083033783349407,0.013310890921262,-5.8771186657496,3.2214100072223,0
3760,0.014717730890266,0.054184554235154,-5.8730985276895,6.6020330606071,0
1893,-0.026569394252016,0.041220918425607,-5.8695473730157,5.6058047405558,0
5607,0.15143457546307,0.10801571873265,-5.8663632480914,8.6453368486147,0
2109,-0.07222261514495,0.020370405117046,-5.8649328893767,3.9370390300372,0
3887,0.05094874348231,0.063906494774205,-5.859264683924,7.3894690641254,0
2187,-0.086510149052697,0.0098133741913923,-5.8583315054863,2.8706989921673,0
2236,-0.088571986883643,-0.00082225179954367,-5.8580896826213,1.7154524742372,0
2212,-0.088758868082554,0.0052048027331428,-5.8578002525096,2.3673905984709,0
2002,-0.049132858187319,0.031704564070674,-5.8572086418869,4.9204375742442,0
2029,-0.054762058886995,0.02905149691995,-5.8570011236439,4.7118869797405,0
3802,0.024667000640327,0.056751175252051,-5.855548558693,6.8311203352947,0
1975,-0.043156919138417,0.034362345063776,-5.8485754706287,5.1301715554378,0
5614,0.12962840666999,0.10085276905911,-5.8484616269911,8.2857568768774,0
2056,-0.060114445090007,0.026430995387018,-5.8482583664334,4.5048344296229,0
156,-0.94269908373907,0.0010671430481019,-5.847013976069,0.06250000200012,0
157,-0.86976224329379,0.0027938741331075,-5.8461695067206,0.18750000600041,0
158,-0.76855818326855,0.0038739660721136,-5.8453250373722,0.31250001000044,0
159,-0.65824306953096,0.0042606462473462,-5.8444805680237,0.43750001400015,0
964,-0.54683984463379,0.0039642883554639,-5.8427882576581,0.56250001800012,0
5629,0.064837534931159,0.068015751935415,-5.8405684236308,7.6571993175076,0
965,-0.44049875963941,0.0030785281257909,-5.8402481062751,0.68750002200038,0
966,-0.34370903182723,0.0017631069173075,-5.8377079548922,0.81250002600037,0
1811,-0.0074347969866239,0.047285540670081,-5.837003624682,6.0866150410679,0
967,-0.25936587542071,8.7666273917706e-05,-5.8351678035092,0.93750003000012,0
3844,0.035211065937371,0.059378627718902,-5.8331935244959,7.0702539403842,0
2237,-0.089025280920407,0.00059268745573549,-5.8330545442725,1.8736107250518,0
2162,-0.081728535155365,0.014390091701505,-5.8314072887301,3.3810532140063,0
2083,-0.065192142379104,0.023853998414728,-5.8312954253292,4.299584173194,0
1948,-0.036822187327535,0.036925011769088,-5.8308060831708,5.340764145802,0
3717,0.0016423080541429,0.049872622839187,-5.8297807111344,6.3251465630162,0
1866,-0.019458678942922,0.043111473060495,-5.829027703257,5.8182670376864,0
2136,-0.076419679729966,0.017866866882899,-5.8278737634974,3.7369866914725,0
2260,-0.18263480607895,-0.0016974545307652,-5.825225586027,1.0783821755092,0
2213,-0.088714390568219,0.0064112874549549,-5.8248463679281,2.5261518182183,0
5621,0.085212357336228,0.076551277958395,-5.818919617628,7.9302996772292,0
2188,-0.085748050887728,0.010933751598455,-5.8183766755617,3.0298038141889,0
3759,0.010839337267517,0.052339157105288,-5.8173544066951,6.5406379836897,0
5606,0.16311109150344,0.11889312904737,-5.8083829990701,8.5638630504071,0
2261,-0.12818289652274,-0.0028483494642766,-5.8071298357825,1.235050182593,0
2110,-0.06996831992398,0.021318255583483,-5.8064366332807,4.0964297712492,0
2238,-0.089469337220924,0.0019103796512523,-5.8064064245964,2.0313792238507,0
3886,0.046348673807517,0.062049057281559,-5.8057374952372,7.3190190387245,0
1921,-0.029908185956683,0.039410582507123,-5.8036151866644,5.5518807469621,0
3801,0.020577708257146,0.054878515151419,-5.8004869571998,6.7666441824105,0
2214,-0.088464467703687,0.0075567103322936,-5.7901887958014,2.6843207753231,0
5613,0.11438229356867,0.091249896261513,-5.7888933189907,8.2054377521113,0
2262,-0.099370701306515,-0.0032506677411929,-5.7875337213469,1.3915073477039,0
2163,-0.080191663917095,0.015406787823199,-5.7838177907501,3.5397742832725,0
2030,-0.051967283102715,0.029938480846835,-5.7810363931657,4.8705740585039,0
3843,0.030929121463432,0.057505185167172,-5.7788712914684,7.0027591217654,0
1839,-0.010908916995214,0.045522416854076,-5.7784421468247,6.0304576878704,0
2239,-0.089800768633871,0.0031461613599079,-5.7781552995971,2.1887187828979,0
5628,0.058777963101866,0.065265123639118,-5.7778933935497,7.5792817212504,0
2057,-0.05744802187591,0.027322056195906,-5.7776421149956,4.6635555980234,0
2189,-0.084747663064209,0.011996046742365,-5.7766334991586,3.1881363042233,0
2003,-0.046154897787659,0.032559826445244,-5.7757047339111,5.0788633885281,0
2137,-0.074398637905869,0.018820345943755,-5.7740152659349,3.8956538267013,0
3716,-0.0019638104391759,0.048040179075083,-5.7734120729116,6.2668939019239,0
1894,-0.022931556296471,0.041290460370171,-5.7667280245216,5.7631772465152,0
2263,-0.09019203833797,-0.0025215391767588,-5.7664428256969,1.5477171746345,0
2084,-0.06265221187248,0.024741146740174,-5.7658294475399,4.4581198426672,0
3758,0.0069988184250264,0.050435887404304,-5.7616102857006,6.4792429067723,0
1976,-0.039965228787573,0.035103522845245,-5.7613494447766,5.2881015807527,0
5620,0.075212542721469,0.070900673367208,-5.7577861828865,7.8511661045747,0
2215,-0.087994233956568,0.008645632593439,-5.7538424735227,2.8418561322371,0
3885,0.041866285215949,0.060172315432584,-5.7522103065505,7.2485690133236,0
5605,0.14463584316463,0.10617191986253,-5.7504027500489,8.4823892521996,0
2240,-0.089980533603475,0.004310367382559,-5.7483120970825,2.3455904695668,0
2111,-0.067582419671381,0.022205316334514,-5.7459154740988,4.254568169333,0
3800,0.016516185641112,0.052941546088485,-5.7454253557065,6.7021680295262,0
2264,-0.089551428981884,-0.0012490443845277,-5.7438636195463,1.7036433135134,0
1949,-0.033181847214033,0.037567875434681,-5.737683000313,5.4979567533684,0
2164,-0.078436669233538,0.016361702126122,-5.7343731990451,3.6975277249053,0
2190,-0.083510633665789,0.013001187013451,-5.7331213266303,3.3456531150439,0
5612,0.10023684033692,0.08252936919798,-5.7293250109904,8.1251186273453,0
160,-0.94631561799277,0.0010583377399229,-5.7288881746147,0.06250000200012,0
161,-0.87274324942827,0.002781099320358,-5.7281241309184,0.18750000600041,0
162,-0.77064328394696,0.003854806290313,-5.727360087222,0.31250001000044,0
163,-0.65938022400355,0.0042326519459472,-5.7265960435256,0.43750001400015,0
968,-0.54707365864804,0.0039239670321825,-5.7250649055757,0.56250001800012,0
3842,0.026663749149753,0.055563158372545,-5.7245490584408,6.9352643031465,0
969,-0.43995134445173,0.0030231788311679,-5.7227666733722,0.68750002200038,0
970,-0.34256127717657,0.0016875417208359,-5.7204684411687,0.81250002600038,0
3927,0.053507917647001,0.062901816360286,-5.7202170480603,7.5036525498425,0
1867,-0.014348873634086,0.043724425449738,-5.7198806689673,5.9743003346727,0
2265,-0.090032776645065,3.2193579349398e-05,-5.7198034574107,1.8592495829801,0
2138,-0.072208500007797,0.019711345719978,-5.718226485245,4.0531912178589,0
971,-0.25777973325927,-1.082862470782e-05,-5.7181702089652,0.93750003000012,0
3715,-0.0055145091478769,0.046164183454761,-5.7170434346889,6.2086412408317,0
2241,-0.0899818181402,0.0054135652560337,-5.7168886903157,2.5019556289594,0
2216,-0.087294226222041,0.0096808926070246,-5.7158233412297,2.9987169278359,0
2288,-0.18184789926008,-0.0017895597499367,-5.7085166354386,1.0770510411423,0
3757,0.0032019307430852,0.048478027681692,-5.7058661647062,6.4178478298549,0
2058,-0.054715309183501,0.028156613463823,-5.7048641444447,4.8207105427638,0
1922,-0.026344483394352,0.039446131411837,-5.7044283457863,5.7080874553441,0
5597,0.15106880696275,0.10334020434556,-5.7033667152688,8.7609273015186,0
2031,-0.049062341089195,0.030740922270523,-5.7028339971937,5.0275552216185,0
3884,0.03741296389936,0.058242551537577,-5.6986831178638,7.1781189879229,0
2085,-0.06004519645985,0.025578135130366,-5.6982831063475,4.6152242163064,0
5619,0.067494264549982,0.066983172636358,-5.696652748145,7.7720325319202,0
2266,-0.090504877071388,0.0012248996473311,-5.6942705731936,2.0144999919108,0
5604,0.13178417669679,0.098299698134855,-5.6924225010275,8.4009154539918,0
2004,-0.043023803419999,0.033261929923208,-5.6918928063825,5.2354390157035,0
2289,-0.12826049086382,-0.0029609211061364,-5.6908278221795,1.23106594901,0
3799,0.012489128025998,0.050943609894477,-5.6903637542134,6.6376918766421,0
2191,-0.082043691676261,0.013949714237466,-5.6878605587249,3.5023113840376,0
2242,-0.089783867619283,0.0064621482140598,-5.6838978910073,2.657775906721,0
2112,-0.065100880647278,0.023038399614303,-5.6834005286461,4.4114052557114,0
2165,-0.076483228730495,0.017256097552185,-5.6830976424932,3.8542686233654,0
2217,-0.086360125962241,0.010664182169386,-5.6761483325678,3.1548626012244,0
2290,-0.099925954487735,-0.0034333742353935,-5.6717815365571,1.3848900950926,0
1977,-0.036386898385547,0.035696170541991,-5.6717508139615,5.4440327597746,0
3841,0.022420572478121,0.053553046722385,-5.6702268254131,6.8677694845274,0
5611,0.087876441320436,0.075237121811463,-5.6697567029903,8.0447995025796,0
3926,0.048744648372495,0.060946404728204,-5.6675393871627,7.4303118032843,0
2267,-0.090869920145419,0.0023436329356882,-5.6672740754205,2.1693587601985,0
1895,-0.017756624938287,0.041892582214685,-5.66131919111,5.9181429814751,0
3714,-0.0090028915538143,0.044249247377239,-5.6606747964661,6.1503885797394,0
2139,-0.06988316158325,0.020544416009581,-5.6605355228681,4.2095521654718,0
2291,-0.090985292808706,-0.0028278906243755,-5.6513828298358,1.5384904590121,0
3756,-0.00054593113269316,0.046471278104209,-5.6501220437117,6.3564527529375,0
2243,-0.089371456910768,0.0074605248763929,-5.649353441559,2.8130132723069,0
5596,0.16468745770289,0.11531582196043,-5.6469968497212,8.6783301510067,0
3883,0.032973629490493,0.056245023459892,-5.6451559291772,7.1076689625222,0
1950,-0.029687106542292,0.037583590448251,-5.6421286670511,5.6529976641731,0
2192,-0.080358884059344,0.014842127040914,-5.6408726345929,3.6580687583381,0
2268,-0.091089518683399,0.0033982313294591,-5.6388239416552,2.3237903406626,0
5618,0.061327958130047,0.06416407151121,-5.6355193134031,7.6928989592654,0
3798,0.0085036757196269,0.04889163555267,-5.6353021527202,6.5732157237579,0
2218,-0.08519253511022,0.011596433925712,-5.6348353645306,3.3102530160816,0
5603,0.11675658658988,0.089167193580499,-5.634442252006,8.3194416557841,0
2166,-0.074357697832864,0.018092158801783,-5.6300163372092,4.0099526644686,0
2059,-0.051876759057837,0.028910449402946,-5.6299632604765,4.9762470547092,0
2292,-0.090414055783239,-0.0016935608599579,-5.6296375564713,1.6918341527896,0
2086,-0.057373196278119,0.026361111161859,-5.6286918957238,4.7708470270238,0
2032,-0.045993110476213,0.031403478395775,-5.6224361679885,5.1827764506543,0
2113,-0.062551171865856,0.023822666595347,-5.6189240976992,4.5668928345892,0
3840,0.018207343960293,0.051480321919275,-5.6159045923854,6.8002746659084,0
3925,0.0441052094374,0.058959207922133,-5.6148617262651,7.356971056726,0
2244,-0.088734518020352,0.008411498842509,-5.6132700068977,2.967630041483,0
164,-0.94991329248891,0.0010492992182295,-5.6107623731605,0.06250000200012,0
5610,0.077842744718507,0.069699411242548,-5.6101883949906,7.9644803778144,0
165,-0.87571000201583,0.0027716270946817,-5.6100787551162,0.18750000600041,0
166,-0.77271369415312,0.0038413205889093,-5.6093951370718,0.31250001000044,0
2269,-0.091137104005176,0.0043986117641354,-5.6089310127031,2.4777594397006,0
167,-0.66049956268725,0.0042113889504347,-5.6087115190275,0.43750001400015,0
972,-0.54728509878269,0.0038904184174184,-5.6073415534933,0.56250001800013,0
2293,-0.090922594950284,-0.00054600975746928,-5.6065523705488,1.8448884409084,0
2005,-0.039520464849947,0.033800695548865,-5.60581862761,5.3901087661808,0
973,-0.4393773152979,0.0029736009089753,-5.6052852404693,0.68750002200039,0
3713,-0.012422407563657,0.042301358092731,-5.6043061582432,6.0921359186469,0
974,-0.34138200598477,0.0016146211020755,-5.6032289274452,0.81250002600039,0
1923,-0.02113500607249,0.04002739137262,-5.6027577132528,5.8619856282777,0
975,-0.25616503403158,-0.00010973870761875,-5.6011726144212,0.93750003000012,0
2140,-0.067458640164353,0.021325283894407,-5.6009716097521,4.3646906687555,0
3755,-0.0042401880938926,0.044423694651904,-5.5943779227175,6.2950576760203,0
2193,-0.078474171283641,0.015679211704909,-5.5921800190516,3.8128834200295,0
2219,-0.083796914375626,0.012478131630606,-5.5919033266999,3.4648484848027,0
2316,-0.18102979628228,-0.0018829893437722,-5.5918076848502,1.0757199067755,0
3882,0.028550626539296,0.054176887220303,-5.5916287404904,7.0372189371214,0
5595,0.14641567981619,0.10302434613914,-5.5906269841737,8.5957330004948,0
2294,-0.091422842911843,0.00052199423758511,-5.5821347217907,1.9976207599708,0
3797,0.0045669631714058,0.04679612985686,-5.580240551227,6.5087395708737,0
1978,-0.032948088946688,0.03570775477087,-5.5798289883158,5.5979078730019,0
3967,0.055941210070102,0.061711353912873,-5.5790651655119,7.6152491840361,0
2270,-0.090991847670186,0.0053509454017489,-5.577606986213,2.6312310381188,0
5602,0.10274958688407,0.080816302594339,-5.5764620029846,8.2379678575764,0
2245,-0.087867902050951,0.0093167654238322,-5.5756631659769,3.1215888982254,0
2167,-0.072092707918236,0.018873339113519,-5.5751555716375,4.1645361616107,0
2317,-0.12828043637144,-0.0030791468445115,-5.5745258085765,1.227081715427,0
3924,0.03949331199356,0.056913848676551,-5.5621840653676,7.2836303101678,0
3839,0.014032924048398,0.049354969992585,-5.5615823593578,6.7327798472893,0
2087,-0.054599890722303,0.027068734719854,-5.5570925237594,4.9249388877999,0
2295,-0.091821837624931,0.001524076516554,-5.5563928512439,2.1499987374992,0
2318,-0.10038928418311,-0.0036282023932706,-5.5560293517672,1.3782728424814,0
2060,-0.048866337371225,0.029535580552297,-5.5529795295948,5.1301138856055,0
2114,-0.059938104226904,0.02455549620574,-5.5525196470026,4.7209835112836,0
5609,0.070031532584471,0.065772822161898,-5.550620086991,7.8841612530492,0
3712,-0.015767703200963,0.040327812499343,-5.5479375200203,6.0338832575545,0
2220,-0.082183785466648,0.013309579210171,-5.5473720701407,3.618609791771,0
2271,-0.090638181069563,0.0062594902852478,-5.5448644095953,2.7841704123768,0
1951,-0.024486444398769,0.038128799001648,-5.5441962353957,5.8058282750803,0
2194,-0.076414071210857,0.016462377568146,-5.5418061891736,3.9667141110784,0
2033,-0.042579563456849,0.031888104800139,-5.5398864412587,5.3361847725871,0
2141,-0.064964154078909,0.022058698402835,-5.5395650890506,4.5185614528719,0
3754,-0.0078774512249119,0.042345376956678,-5.538633801723,6.2336625991029,0
5587,0.15057251719733,0.098769017333795,-5.538234119707,8.8734450692957,0
3881,0.024152019967148,0.052044084851646,-5.5381015518036,6.9667689117205,0
2246,-0.086771164309533,0.010177262509688,-5.5365494024309,3.2748529171192,0
2319,-0.091663125151881,-0.0031507868349494,-5.5363228339748,1.5292637433897,0
5594,0.13384334323449,0.095659546974168,-5.5342571186261,8.5131358499827,0
2296,-0.092081769181396,0.0024695668697792,-5.5293357862279,2.3019902117584,0
3966,0.051013076372458,0.059657856367811,-5.5272903044714,7.5390832062324,0
3796,0.00068566292699948,0.044670706959231,-5.5251789497339,6.4442634179896,0
2168,-0.069724090531677,0.01960425128274,-5.5185426908582,4.3179760817996,0
5601,0.090432734283577,0.073766145657382,-5.5184817539635,8.1564940593691,0
2006,-0.036115998755755,0.033823560835288,-5.5175293095804,5.5428180818308,0
2320,-0.091155014981269,-0.0021554694612049,-5.5154114933962,1.6800249920658,0
2272,-0.090065447674568,0.0071270149009722,-5.5107166725656,2.93654315513,0
3923,0.034894927344392,0.05479969434318,-5.5095064044701,7.2102895636098,0
3838,0.0099065201597569,0.047190935366375,-5.5072601263302,6.6652850286703,0
2221,-0.080369280873788,0.014091151703018,-5.5012623956101,3.7714982166938,0
2297,-0.092176320318786,0.0033677122787539,-5.5009733350905,2.4535632504417,0
2247,-0.08544848208467,0.010993430587141,-5.4959460946748,3.4273855855678,0
2321,-0.091690208756478,-0.0011413667637546,-5.4933012836869,1.8305272988367,0
168,-0.95349660205563,0.0010401400314333,-5.4926365717062,0.06250000200012,0
169,-0.87866745005525,0.0027672000230149,-5.4920333793141,0.18750000600041,0
3711,-0.019036223341807,0.038336963082473,-5.4915688817977,5.9756305964623,0
170,-0.77477348751122,0.0038365973600272,-5.4914301869219,0.31250001000044,0
5608,0.063751348732465,0.062884123417333,-5.491051778991,7.8038421282837,0
171,-0.6616034673933,0.0042006220242293,-5.4908269945298,0.43750001400015,0
2195,-0.074209644976411,0.017194015282661,-5.489775620407,4.1195201577496,0
976,-0.54747462581203,0.0038673617038105,-5.4896182014114,0.56250001800013,0
977,-0.43877533633707,0.0029332833822628,-5.4878038075667,0.6875000220004,0
978,-0.34016793266133,0.0015467759855128,-5.485989413722,0.8125000260004,0
1979,-0.027810637660186,0.036196212231568,-5.4856347575384,5.7496709218827,0
3880,0.019788330080048,0.049858457605906,-5.4845743631167,6.8963188863195,0
2115,-0.057228408956062,0.025219213824988,-5.484221787042,4.8736307208905,0
979,-0.25451973775262,-0.00020778592065286,-5.4841750198774,0.93750003000013,0
2088,-0.051651510910248,0.02765852217726,-5.4835228912011,5.0774513205567,0
5586,0.16604220104462,0.11160951111178,-5.4834963458096,8.7897563181977,0
3753,-0.011455743570232,0.040247903530764,-5.4828896807284,6.1722675221853,0
5593,0.11902876504593,0.086968484309143,-5.4778872530783,8.4305386994706,0
2142,-0.062407967489067,0.02274336295135,-5.4763473982812,4.6711199955432,0
3965,0.046215214096376,0.057563286827386,-5.475515443431,7.4629172284287,0
2273,-0.089267682074078,0.0079552201847621,-5.4751779993859,3.0883151952265,0
2344,-0.18017772361955,-0.0019773436548538,-5.4750987342619,1.0743887724086,0
2061,-0.045542458499693,0.029974051177789,-5.4739542549076,5.2822607789937,0
2298,-0.092084608791937,0.0042244629537304,-5.4713160814188,2.6046861695167,0
3795,-0.0031344131435248,0.042531041600823,-5.4701173482409,6.3797872651056,0
2322,-0.092218904649316,-0.00019755308199888,-5.4699988703878,1.9807415280309,0
5600,0.08035608760532,0.068331341130721,-5.4605015049427,8.0750202611622,0
2169,-0.067282858351917,0.020289160010118,-5.460206080402,4.4702300711545,0
2345,-0.12823749594208,-0.0032032252669383,-5.4582237949737,1.2230974818439,0
3922,0.030315066184523,0.052618602059817,-5.4568287435726,7.1369488170516,0
2034,-0.039179996460745,0.03193620430258,-5.4552296308453,5.4877282906598,0
2248,-0.083908809688465,0.011765421787905,-5.4538715056886,3.5791508252038,0
2222,-0.078375880883468,0.01482356429574,-5.453596041138,3.9234755576882,0
3837,0.0058369286985911,0.045004902712986,-5.4529378933025,6.5977902100513,0
2323,-0.09265233349597,0.00068846123437855,-5.4455116270673,2.1306387147998,0
2299,-0.09179074265951,0.005043929885997,-5.4403753776316,2.7553275524466,0
2346,-0.10075399604473,-0.0038355126865037,-5.4402771669775,1.3716555898701,0
2274,-0.088243400775685,0.0087450574758738,-5.4382634403311,3.2394528181568,0
2196,-0.071896216282909,0.017877600422313,-5.4361137719643,4.2712614948437,0
4007,0.058241981102467,0.060344520882806,-5.4358576155064,7.7242201970869,0
3710,-0.022230646192504,0.03633722390115,-5.435200243575,5.9173779353701,0
3879,0.015471032222796,0.047636127691884,-5.4310471744299,6.8258688609186,0
5585,0.14817757740075,0.099847468373908,-5.4287585719124,8.7060675670999,0
3752,-0.014974595558743,0.038143672451077,-5.427145559734,6.1108724452679,0
2007,-0.031101932759777,0.034229396902244,-5.4270732796812,5.6935135686852,0
3964,0.041444969923246,0.055409251698316,-5.4237405823906,7.3867512506252,0
5592,0.10515372402899,0.078964766010268,-5.4215173875307,8.3479415489586,0
2347,-0.092219676237871,-0.0034902647609006,-5.4212628381139,1.5200370277673,0
2324,-0.092953218311244,0.0015254992720035,-5.4198476308006,2.2801900828543,0
3794,-0.0068886047541337,0.040393248143067,-5.4150557467477,6.3153111122214,0
2116,-0.054345113524878,0.025776191966467,-5.4140662528072,5.0247887555078,0
2143,-0.059760411009151,0.023365674644944,-5.4113510503245,4.8223225539809,0
2249,-0.082166371527955,0.012493279426864,-5.4103447721686,3.7301130133579,0
2300,-0.0912834970929,0.005828849263347,-5.4081633382335,2.905456268777,0
2089,-0.048414896240775,0.028061953170721,-5.4080220685566,5.2283367854005,0
2223,-0.076232763615184,0.015508209024258,-5.4043956691765,4.0745041538886,0
3921,0.025764981467052,0.050382275054916,-5.4041510826749,7.0636080704932,0
5599,0.072442976087038,0.06439196364635,-5.4025212559219,7.9935464629554,0
2348,-0.091769312094782,-0.002634627424614,-5.4011854303214,1.668215831342,0
2170,-0.064781319604322,0.020928072573562,-5.4001751495599,4.6212564798029,0
2275,-0.086995498344602,0.0094969479224858,-5.3999888626497,3.3899226863329,0
3836,0.0018317885274838,0.042814359413787,-5.3986156602749,6.5302953914323,0
2325,-0.093095510783442,0.0023221101121158,-5.3930156574779,2.4293670611829,0
2062,-0.042132603736095,0.030046308533332,-5.3929299521104,5.432638499489,0
4006,0.053148758373687,0.058194613364586,-5.3850375965371,7.6452954594592,0
2197,-0.069506494309938,0.01851678443481,-5.3808470717536,4.4218986894373,0
2349,-0.092331036109118,-0.0017534718997953,-5.3800501968252,1.816166156765,0
3709,-0.025361439628534,0.03433469279435,-5.3788316053522,5.8591252742777,0
3878,0.011211292863215,0.045395602457989,-5.3775199857431,6.7554188355177,0
2301,-0.090556106734899,0.006580935250304,-5.374692832795,3.0550414922276,0
172,-0.95707965273271,0.001031534754072,-5.3745107702521,0.06250000200012,0
5584,0.1358029422592,0.092932724813656,-5.3740207980149,8.6223788160017,0
173,-0.88162913179881,0.0027709708062283,-5.3739880035122,0.18750000600041,0
174,-0.77683383813819,0.0038460270596047,-5.3734652367723,0.31250001000045,0
175,-0.66269952274047,0.0042066467038839,-5.3729424700325,0.43750001400016,0
3963,0.036690144082995,0.053189804979746,-5.3719657213503,7.3105852728217,0
980,-0.54764561308793,0.0038609465502053,-5.3718948493299,0.56250001800013,0
3751,-0.018434974579218,0.036045263092459,-5.3714014387396,6.0494773683506,0
5577,0.1499776573389,0.094329770463971,-5.3710233773375,8.9828506893156,0
981,-0.43814485385597,0.0029074439429232,-5.3703223746645,0.6875000220004,0
982,-0.33891482163066,0.0014875418034019,-5.3687498999992,0.8125000260004,0
2035,-0.034350238281962,0.032231065872043,-5.3685118018241,5.6373562154879,0
983,-0.25283973852503,-0.00030319576910577,-5.3671774253338,0.93750003000013,0
2250,-0.080241441774697,0.013177131366324,-5.3653858931024,3.880237004298,0
5591,0.09287336281867,0.072141447562345,-5.3651475219833,8.2653443984469,0
2326,-0.09305830557738,0.0030840236479574,-5.3650251766245,2.5781413009145,0
2276,-0.085531348211517,0.010210943633116,-5.3603709412364,3.5396918586366,0
3793,-0.010573673787716,0.038271941201454,-5.3599941452544,6.2508349593371,0
2372,-0.1792864502033,-0.0020726046572339,-5.3583897836739,1.0730576380417,0
2350,-0.092888728542929,-0.00093304904216006,-5.3578630189851,1.9638622960909,0
2224,-0.073974345265094,0.016147411684705,-5.3536848530705,4.2245469078879,0
3920,0.021258249800176,0.048107888810467,-5.3514734217772,6.9902673239348,0
2144,-0.056945125254791,0.023892753190474,-5.3446096144132,4.9721261904586,0
5598,0.066042526645317,0.06143354704618,-5.3445410069009,7.9120726647482,0
3835,-0.0021030419314239,0.040635161570545,-5.3442934272474,6.4628005728134,0
2117,-0.051192655957055,0.026154335655424,-5.3420898822054,5.174412791807,0
2373,-0.12812381213148,-0.0033343018409271,-5.3419217813711,1.2191132482609,0
2302,-0.089606065275908,0.0073011660963733,-5.3399774782313,3.2040527191945,0
2171,-0.062194497025073,0.021511561293852,-5.3384803136069,4.7710143870714,0
2327,-0.092825413258573,0.0038152103419998,-5.3358863456678,2.7264846925164,0
2351,-0.093357220287615,-0.00016229753375807,-5.3346304028907,2.1112786921004,0
4005,0.048193424096367,0.055998086364124,-5.3342175775679,7.5663707218314,0
2090,-0.045003310591058,0.028155069638998,-5.3306302733756,5.3775487083185,0
2374,-0.10101164153205,-0.0040565458750814,-5.3245249821881,1.3650383372588,0
2198,-0.067057262010216,0.019112708106504,-5.3240029008386,4.5713929640626,0
3877,0.0070188017841655,0.043155264491124,-5.3239927970563,6.6849688101167,0
3708,-0.02844850274939,0.032331014711304,-5.3224629671294,5.8008726131855,0
3962,0.031958940464811,0.050911618380692,-5.3201908603099,7.2344192950181,0
2277,-0.083863223122798,0.010886846415952,-5.319427148727,3.6887278100221,0
5583,0.12119382816647,0.084653921583787,-5.3192830241174,8.5386900649036,0
2251,-0.078160999324734,0.013817471644044,-5.319015717946,4.0294881500275,0
5576,0.16710556548156,0.10773088713599,-5.317938778672,8.8981025078185,0
3750,-0.021838205602369,0.033964160796904,-5.3156573177453,5.9880822914334,0
2352,-0.093699780434095,0.00056711923738315,-5.3103594753733,2.2583899539501,0
2063,-0.037496267561151,0.030227977430014,-5.3099503239673,5.5811988622908,0
5590,0.08274551956819,0.066801226529769,-5.3087776564362,8.1827472479356,0
2375,-0.09264837189929,-0.003846917467967,-5.3062028422533,1.5108103121449,0
2328,-0.092385064670388,0.0045183787494365,-5.3056100039013,2.874369382424,0
3792,-0.014188303349143,0.036178454973835,-5.3049325437612,6.1863588064529,0
2303,-0.08843500081874,0.0079899726819223,-5.3040316306245,3.3524597870981,0
2225,-0.071634746167331,0.016744046832996,-5.3014880631052,4.3735673077201,0
3919,0.016808599748605,0.045815087594367,-5.2987957608796,6.9169265773765,0
4047,0.060405389787472,0.058810357977588,-5.2906436910858,7.8305277318338,0
3834,-0.0059638945730191,0.038479136827676,-5.2899711942198,6.3953057541944,0
2376,-0.092251826872057,-0.0031312466298293,-5.2869593672467,1.6564066706182,0
2353,-0.093890672535666,0.0012630233270963,-5.2850579798654,2.405170871924,0
4004,0.043268080721122,0.053744528382498,-5.2833975585988,7.4874459842038,0
2278,-0.082009065110856,0.01152432396295,-5.2771757450668,3.8369984509078,0
2145,-0.053875290727642,0.024253966750474,-5.276157695854,5.1204887982133,0
2172,-0.059449727475851,0.022011637872525,-5.2751529760191,4.9194636254095,0
2329,-0.09172971735189,0.0051952671007755,-5.274207666204,3.0217677892286,0
2252,-0.075958089483197,0.014415490128551,-5.2712559341767,4.1778323209321,0
3876,0.0029008295562187,0.040930639947468,-5.2704656083695,6.6145187847159,0
3961,0.027265860388124,0.048591203808574,-5.2684159992694,7.1582533172143,0
2118,-0.047792248732516,0.026270007062779,-5.2683305946405,5.3224589171476,0
2304,-0.087048719234091,0.0086473630668311,-5.2668703767842,3.5002328920695,0
2377,-0.092840602919902,-0.0023821471203222,-5.2667991099636,1.8018050146934,0
3707,-0.031523108784003,0.030326959448439,-5.2660943289068,5.7426199520933,0
2199,-0.064529611017996,0.019659935700173,-5.2656095768895,4.7197062201619,0
5575,0.14992161001617,0.096648109387762,-5.2648541800066,8.8133543263214,0
5582,0.10744214610847,0.076975764135582,-5.26454525022,8.4550013138055,0
3749,-0.025181978884887,0.031907354234088,-5.2599131967509,5.926687214516,0
2354,-0.093909015526925,0.001930927612053,-5.2587342718303,2.5515964323123,0
176,-0.9606884757682,0.0010271740689413,-5.2563849687979,0.06250000200012,0
177,-0.88461842345327,0.0027902779391766,-5.2559426277103,0.18750000600041,0
178,-0.77891440795643,0.003880653831985,-5.2555002866228,0.31250001000045,0
179,-0.66380238742963,0.0042420527402935,-5.2550579455352,0.43750001400016,0
984,-0.54780698271139,0.0038834887296364,-5.2541714972484,0.56250001800013,0
985,-0.43748874017575,0.0029059994721855,-5.2528409417623,0.68750002200041,0
5589,0.07472242365195,0.062846723635817,-5.2524077908892,8.1001500974244,0
986,-0.33761889352869,0.001443795622607,-5.2515103862763,0.81250002600041,0
2091,-0.040527088950459,0.028272147078904,-5.2513888461106,5.5250415090939,0
987,-0.25111854578475,-0.00039226568789898,-5.2501798307903,0.93750003000013,0
3791,-0.017733670091456,0.034119270662307,-5.2498709422682,6.1218826535689,0
2226,-0.069235443634066,0.017300061626668,-5.2478306521175,4.5215294483224,0
3918,0.01242813803579,0.043522999126052,-5.246118099982,6.8435858308182,0
2378,-0.093428159359661,-0.0016839031833063,-5.2457271675825,1.946983064151,0
2330,-0.09085586560982,0.0058468986823374,-5.2416915161315,3.1686526202321,0
2400,-0.17834649957505,-0.0021694292609048,-5.241680833086,1.0717265036749,0
4046,0.055148323485228,0.056566824482392,-5.2408293084768,7.7489116642125,0
3833,-0.0097495792687188,0.036352580142577,-5.235648961192,6.3278109355753,0
2279,-0.079993363190108,0.012123109852917,-5.2336357667155,3.9844721461665,0
4003,0.03836271358328,0.05143250749902,-5.2325775396298,7.4085212465762,0
2355,-0.093738356571405,0.0025746748044991,-5.2313973137041,2.6976418325862,0
2305,-0.085457537910588,0.0092729933088191,-5.2285095252855,3.6473426066864,0
2401,-0.12792674566628,-0.0034763631874345,-5.2256197677686,1.2151290146779,0
2379,-0.093932479857478,-0.0010273103386634,-5.2237491787144,2.091918669401,0
2253,-0.073667743369118,0.014973108507231,-5.2221290544568,4.3252359260029,0
3875,-0.0011382727786181,0.038732138809415,-5.2169384196829,6.5440687593151,0
3960,0.022626945593068,0.046248916729915,-5.2166411382288,7.0820873394105,0
5574,0.13766049258496,0.090118477842868,-5.211769581341,8.7286061448242,0
2173,-0.056462941009173,0.022362795885876,-5.2102255095026,5.0665648046197,0
5581,0.095191167761852,0.070365580922541,-5.2098074763228,8.3713125627078,0
3706,-0.034597009321533,0.028412716435944,-5.2097256906845,5.6843672910015,0
2402,-0.10115096520599,-0.0042956041555683,-5.2087727973987,1.3584210846475,0
2331,-0.089763899293839,0.0064737452961212,-5.2080743985994,3.3149968878632,0
2146,-0.050501392526328,0.024396023017845,-5.2060309159053,5.2673691259767,0
2200,-0.061857174697214,0.020135589270055,-5.2056963376251,4.8668010603605,0
3748,-0.028454867958768,0.029874003237835,-5.2041690757565,5.8652921375987,0
2356,-0.093366411364048,0.0031969555830905,-5.2030566695693,2.843282496071,0
5567,0.14930228968193,0.090018962901943,-5.2017931339218,9.0891057898169,0
2380,-0.094317506454013,-0.00040447089769822,-5.2008713199463,2.2365898250459,0
5588,0.068196082216146,0.059819307202693,-5.1960379253419,8.0175529469129,0
3790,-0.021212483844411,0.032093559079459,-5.1948093407752,6.0574065006849,0
3917,0.0081260020180722,0.041247290121896,-5.1934404390843,6.7702450842598,0
2119,-0.043457943141257,0.026357083834588,-5.1928273682537,5.4688841558968,0
2227,-0.066765013473177,0.01781355483404,-5.1927388401721,4.6683980532525,0
2403,-0.092942125205823,-0.0042232448449864,-5.1911428463926,1.5015835965225,0
4045,0.050038578411462,0.054274933830746,-5.1910149258678,7.6672955965911,0
2306,-0.083676994922272,0.0098662127368334,-5.1889655970312,3.7937598975177,0
2280,-0.077847270763364,0.012683317233624,-5.1888270152829,4.1311177339763,0
4002,0.03348870139216,0.049072757804756,-5.1817575206606,7.3295965089485,0
3832,-0.013461663192341,0.034256386687349,-5.1813267281644,6.2603161169563,0
2381,-0.094557901901994,0.00019169961393008,-5.1771003022531,2.3809746826651,0
2357,-0.092784888068871,0.003799545612313,-5.1737224996131,2.9884940862296,0
2332,-0.088458094527093,0.0070758261485181,-5.1733698123319,3.4607739255023,0
2404,-0.092597970414317,-0.003646366225459,-5.1727333041721,1.6445975098944,0
2254,-0.071316065083384,0.01549262181663,-5.1716584033963,4.4716659325822,0
3959,0.018056947527439,0.043904919726787,-5.1648662771884,7.0059213616067,0
3874,-0.0050970675765334,0.036564080231747,-5.1634112309961,6.4736187339142,0
5573,0.12324785048713,0.08222334991295,-5.1586849826754,8.6438579633269,0
5580,0.08500451671904,0.065113088910789,-5.1550697024259,8.2876238116106,0
2405,-0.093215117751129,-0.0030275432988993,-5.1535480231021,1.7874438726217,0
3705,-0.03760055287737,0.026552049296237,-5.1533570524624,5.6261146299098,0
2382,-0.094632878475058,0.00076651238965638,-5.1524433670363,2.5250515637102,0
5566,0.16783255391008,0.10366470795969,-5.1503821613684,9.0033307543564,0
3747,-0.031652811931384,0.027919426942274,-5.1484249547623,5.8038970606815,0
2307,-0.081728849141485,0.010426165163127,-5.148255815485,3.9394561423055,0
2201,-0.05895542570679,0.020481990876856,-5.1442933231513,5.0126408110261,0
2174,-0.053131490907217,0.022535125843649,-5.1437312371701,5.2122793348057,0
4087,0.062426771103532,0.057116300369253,-5.143473383784,7.9341348552712,0
2358,-0.091989311510248,0.0043835316210549,-5.1434055540317,3.1332525212697,0
2281,-0.075606022094397,0.01320576223304,-5.1427700458084,4.2769045442856,0
4044,0.044963791932395,0.051931627582974,-5.1412005432589,7.5856795289699,0
3916,0.0039076632136014,0.03899797255546,-5.1407627781867,6.6969043377016,0
3789,-0.024624657043795,0.030089733150819,-5.139747739282,5.9929303478008,0
180,-0.96433606021479,0.0010329069053257,-5.1382591673438,0.062500002000121,0
181,-0.887645058663,0.002829880448796,-5.1378972519085,0.18750000600041,0
2333,-0.086946849843781,0.0076527465728087,-5.1375919018438,3.6059574033506,0
182,-0.78102348937377,0.0039445302091151,-5.1375353364732,0.31250001000045,0
183,-0.66491968230937,0.0043112933563364,-5.1371734210379,0.43750001400016,0
988,-0.54796558854532,0.0039418035735537,-5.1364481451669,0.56250001800013,0
2228,-0.064165768966001,0.018266898755012,-5.1362396992312,4.8141384953115,0
989,-0.43681146160357,0.0029391088160788,-5.1353595088602,0.68750002200041,0
990,-0.33627867562493,0.0014291163729092,-5.1342708725535,0.81250002600042,0
2147,-0.046299741749416,0.024474759871044,-5.1342658903967,5.4127268026994,0
2406,-0.093833650668231,-0.0024496076094942,-5.13359131618,1.9301038322111,0
991,-0.24935095377854,-0.00046341129803972,-5.1331822362468,0.93750003000014,0
4001,0.028663242142751,0.046684938238975,-5.1309375016913,7.2506717713207,0
3831,-0.017103841684173,0.032187105899215,-5.1270044951369,6.1928212983375,0
2383,-0.094525762499163,0.0013237068360846,-5.1269082817406,2.668798972656,0
2428,-0.17735092267923,-0.0022658102531618,-5.1249718824981,1.070395369308,0
2255,-0.068900343051631,0.015974945052617,-5.1198681034548,4.617089886343,0
3958,0.013567313723522,0.041575914173076,-5.1130914161479,6.929755383803,0
2407,-0.094374625448045,-0.0019056525676691,-5.1128679545381,2.0725586467017,0
2359,-0.090978873333234,0.0049494572798576,-5.1121171665742,3.2775339886283,0
3873,-0.0089767715845269,0.034425587870936,-5.1098840423092,6.4031687085132,0
2429,-0.12763593942381,-0.0036370328823058,-5.109317754166,1.2111447810949,0
2308,-0.079641821082387,0.010952009735379,-5.1063980963891,4.0844031470205,0
5572,0.10960892921458,0.074850268462428,-5.1056003840098,8.5591097818297,0
2334,-0.085243290609931,0.0082036856042783,-5.1007554489956,3.7505213441275,0
2384,-0.094223786999845,0.0018659710734853,-5.1005033352374,2.812195609718,0
5579,0.076864116991945,0.061142259833796,-5.1003319285291,8.2039350605134,0
5565,0.15163581088645,0.093427771355198,-5.0989711888151,8.9175557188959,0
3704,-0.040533013064874,0.024736479999096,-5.09698841424,5.5678619688179,0
2282,-0.073299908043069,0.013692548302311,-5.0954861546751,4.421802416842,0
4086,0.057008515068632,0.054782462066725,-5.0947141662158,7.8498958224995,0
2430,-0.10116367504436,-0.0045626237519831,-5.0930206126093,1.3518038320362,0
3746,-0.034788530275912,0.026004823444992,-5.0926808337684,5.7425019837647,0
4043,0.039916017099092,0.049539207883428,-5.0913861606501,7.5040634613488,0
2408,-0.094802945401535,-0.0013880819543977,-5.0913831645193,2.2147896961417,0
3915,-0.00022496393526904,0.036778653561386,-5.0880851172893,6.6235635911434,0
3788,-0.027965042633297,0.028095653991673,-5.0846861377889,5.9284541949167,0
2202,-0.05568203347079,0.020687610653828,-5.081431558435,5.1571895436348,0
4000,0.023903761251547,0.044290272046445,-5.080117482722,7.1717470336928,0
2360,-0.089756375848907,0.0054974046602933,-5.0798692478797,3.4213149589351,0
2229,-0.061351923204648,0.018612252105339,-5.0783611368001,4.9587168174327,0
2431,-0.093096619715514,-0.0046253631203778,-5.076082850532,1.4923568809001,0
2175,-0.049058933473248,0.02261920090039,-5.0757044125396,5.3565694495021,0
2385,-0.093717940647733,0.0023951355212793,-5.0732373330223,2.9552203832307,0
3830,-0.02067780437591,0.030135834566688,-5.0726822621094,6.1253264797186,0
2409,-0.095093792647105,-0.00089049802316761,-5.0691426246408,2.3567784934062,0
2256,-0.066373897304053,0.016407622259039,-5.0667830608373,4.7614759302625,0
2309,-0.077450460865927,0.011443372115856,-5.06341103716,4.2285731625685,0
2335,-0.083366282653344,0.0087273955939947,-5.0628758642545,3.8944401384445,0
3957,0.0091651227216786,0.039272828127379,-5.0613165551074,6.8535894059992,0
2432,-0.092805214643013,-0.0041822568173369,-5.0585072410974,1.6327883491706,0
3872,-0.012780808833549,0.03231282069537,-5.0563568536224,6.3327186831123,0
5571,0.097379957615145,0.068440861733285,-5.0525157853444,8.4743616003328,0
5564,0.1394123592326,0.087214768620756,-5.0475602162617,8.8317806834353,0
2283,-0.070935752267957,0.014146452660736,-5.0469973667373,4.5657817194336,0
2361,-0.088328372936799,0.0060270152939877,-5.0466742784023,3.5645722000147,0
2410,-0.095226545882069,-0.00040774816852567,-5.0461524622424,2.498506695108,0
4085,0.051749271973695,0.052402082760377,-5.0459549486476,7.7656567897278,0
5578,0.070206924878977,0.058047177419433,-5.045594154632,8.1202463094158,0
2386,-0.093002813351998,0.0029123695624887,-5.0451195919321,3.0978524223073,0
4042,0.034909310062079,0.047111228265153,-5.0415717780412,7.4224473937275,0
3703,-0.043394043934199,0.022954534602787,-5.0406197760174,5.5096093077258,0
2433,-0.093452028906583,-0.0036900627579654,-5.0402969362407,1.77308273055,0
3745,-0.037864765762377,0.024119743405059,-5.0369367127745,5.6811069068479,0
3914,-0.0042728539164509,0.034587658430936,-5.0354074563917,6.5502228445851,0
5557,0.14854852642984,0.085815514466936,-5.0306027428768,9.1921731044177,0
3787,-0.031238851593304,0.026148588424818,-5.029624536296,5.8639780420328,0
3999,0.019224669727514,0.041907124171293,-5.0292974637528,7.092822296065,0
2336,-0.081341610846243,0.0092222768281722,-5.0239691774952,4.0376885600647,0
2411,-0.095184349292394,6.3846059647943e-05,-5.0224192497771,2.6399561127259,0
2434,-0.094102344630289,-0.0032296471584934,-5.0214554647775,1.9132246002711,0
184,-0.96799439043949,0.0010353669749326,-5.0201333658895,0.062500002000121,0
185,-0.89068461245918,0.0028598473036175,-5.0198518761065,0.18750000600041,0
186,-0.78313584361489,0.0039882384271868,-5.0195703863235,0.31250001000045,0
2310,-0.075188368827968,0.011901616545145,-5.0193139059539,4.3719389011018,0
187,-0.66602408203971,0.0043493907480481,-5.0192888965406,0.43750001400016,0
2230,-0.058151504966861,0.018852993539572,-5.0191318797,5.102099752464,0
992,-0.54809336374306,0.0039577172149541,-5.0187247930854,0.56250001800013,0
3829,-0.024176783611325,0.028084891021328,-5.0183600290818,6.0578316610996,0
993,-0.43608862925177,0.002919818416561,-5.017878075958,0.68750002200042,0
2203,-0.051738824369258,0.020786046011057,-5.0171429346826,5.3004120963049,0
994,-0.3348809794679,0.0013512743513042,-5.0170313588306,0.81250002600043,0
995,-0.24754049050812,-0.00059773444181547,-5.0161846417033,0.93750003000014,0
2387,-0.092076446204729,0.003418314926725,-5.0161599345493,3.2400710893934,0
2362,-0.086705635969412,0.0065374417668237,-5.0125453009599,3.7072827907373,0
2257,-0.06365090098175,0.016754094795189,-5.0124289504488,4.9047928238392,0
3956,0.0048531113339827,0.037000057894983,-5.009541694067,6.7774234281956,0
2456,-0.17631635617508,-0.0024233572830233,-5.0082629319101,1.0690642349412,0
3871,-0.016512754895422,0.030220145379519,-5.0028296649357,6.2622686577115,0
2435,-0.094680615562146,-0.0027963524437465,-5.0019867303619,2.0531986240023,0
5570,0.087127314802133,0.063270470870126,-4.9994311866794,8.3896134188364,0
2412,-0.094953981874414,0.00052699204535373,-4.9979500009055,2.781108723365,0
2284,-0.06848015693567,0.014559763874661,-4.9973264224433,4.7088133652135,0
4084,0.046532570940845,0.049978312902684,-4.9971957310795,7.6814177569563,0
5563,0.12518694651562,0.079676406866238,-4.9961492437082,8.7460056479746,0
4127,0.064301577884024,0.055268199496954,-4.9943973643579,8.0350055729535,0
2457,-0.12726952900259,-0.0038584259600681,-4.9930157405635,1.2071605475119,0
4041,0.029962635167179,0.044668707615887,-4.9917573954321,7.340831326106,0
2388,-0.090940239327946,0.0039131599803282,-4.9863686834276,3.3818559923679,0
3702,-0.046183392947713,0.021198204717366,-4.9842511377948,5.4513566466337,0
2337,-0.079202129578413,0.0096867924639747,-4.9840520285115,4.1802417808513,0
3913,-0.0082392218461953,0.032420829102868,-4.9827297954939,6.4768820980266,0
2436,-0.095153052023106,-0.0023824825682822,-4.9818950090924,2.1929895672376,0
3744,-0.040876306755058,0.022262985320896,-4.9811925917805,5.6197118299309,0
5556,0.16820868740494,0.099425342889109,-4.9808852068579,9.1054041852252,0
3998,0.014635540102428,0.039548240221437,-4.9784774447836,7.0138975584371,0
2363,-0.084904077601272,0.0070272595277115,-4.977495913024,3.8494241345834,0
2458,-0.10106276947425,-0.0048779854847266,-4.9772684278199,1.3451865794249,0
3786,-0.034445496235358,0.024215482541699,-4.9745629348033,5.7995018891493,0
2311,-0.072872100824962,0.012330247893982,-4.97412663002,4.5144735525242,0
2413,-0.094525741675428,0.00098359355684633,-4.9727521664316,2.9219466802317,0
3828,-0.027601193696147,0.026086929356863,-4.9640377960542,5.9903368424807,0
2437,-0.095495407124588,-0.0019821574742814,-4.9611849470286,2.3325823041474,0
2459,-0.093116904597636,-0.0050606291960665,-4.9610228546714,1.4831301652777,0
2231,-0.054340687739953,0.018972043614038,-4.9585814568257,5.2442547431078,0
3955,0.00063065595609468,0.034756464032134,-4.9577668330266,6.7012574503919,0
2258,-0.060537520420742,0.017030516282367,-4.9568322009649,5.0470099612931,0
2389,-0.089599005774481,0.0043966569018263,-4.9557566549608,3.5231869966789,0
3870,-0.020170528629399,0.028138232353115,-4.949302476249,6.1918186323108,0
4083,0.04135197266412,0.047516057017498,-4.9484365135115,7.5971787241848,0
2414,-0.09389331822332,0.0014349210474483,-4.9468336298326,3.062452323345,0
4126,0.058725945398934,0.052847352824391,-4.946741557707,7.9482128511266,0
2285,-0.065850182770007,0.014908098319893,-4.9464967640976,4.8508688302456,0
5569,0.078862851985588,0.059283029969071,-4.9463465880145,8.3048652373401,0
5562,0.11164895676445,0.072589358628587,-4.9447382711547,8.660230612514,0
2460,-0.092873946127994,-0.0047408671607229,-4.9442811780228,1.6209791884467,0
2338,-0.076983422574904,0.010121108067722,-4.9431416572326,4.3220753853616,0
4040,0.025093597393337,0.042231864672455,-4.9419430128231,7.2592152584845,0
2364,-0.082946148066405,0.0074943734898881,-4.9415402586013,3.9909739731088,0
2438,-0.095687245618397,-0.0015903072361866,-4.9398615574485,2.4719618265059,0
5555,0.15328814277424,0.090176061936921,-4.931167670839,9.0186352660328,0
3912,-0.012128587298251,0.030273931580517,-4.9300521345963,6.4035413514683,0
3701,-0.0489009075975,0.019462633991707,-4.9278824995723,5.3931039855417,0
2312,-0.070483593760133,0.01272541435074,-4.9278697840495,4.6561508001646,0
3997,0.010140744897147,0.037219642238177,-4.9276574258143,6.9349728208093,0
2461,-0.093548969159501,-0.0043695215753389,-4.9270458493792,1.7587215884783,0
3743,-0.043818820608861,0.020431193077807,-4.9254484707863,5.5583167530138,0
2390,-0.088061286830877,0.0048680586338381,-4.9243351529244,3.664044237347,0
2415,-0.093053651952371,0.001881736182689,-4.9202027025243,3.2026081901585,0
3785,-0.037585747680199,0.022303111094449,-4.9195013333108,5.7350257362658,0
2439,-0.095711539508063,-0.0012032573764943,-4.9179302178136,2.6111132527957,0
3827,-0.030944605544806,0.024109272634452,-4.9097155630268,5.922842023862,0
2462,-0.09423038196976,-0.0040231790020786,-4.909319613375,1.8963453683312,0
3954,-0.0035049776327262,0.032537862870086,-4.9059919719862,6.6250914725882,0
2365,-0.080861972593791,0.0079362609912848,-4.9046930198631,4.131910399134,0
188,-0.97170138412717,0.0010343224062735,-4.9020075644354,0.062500002000121,0
189,-0.89376340761381,0.0028822926222575,-4.9018065003047,0.18750000600041,0
190,-0.78526499565615,0.0040151885152714,-4.901605436174,0.31250001000045,0
191,-0.66711886206919,0.0043594792289581,-4.9014043720433,0.43750001400016,0
2339,-0.074711139453122,0.010528243063751,-4.9012558933026,4.4631653856147,0
996,-0.54818423651174,0.0039312645251574,-4.9010014410039,0.56250001800014,0
997,-0.43530583741091,0.0028429065477655,-4.9003966430558,0.68750002200043,0
2259,-0.056864404515557,0.017174712280937,-4.9000199789688,5.1880973899106,0
998,-0.33339473936227,0.0011987333489389,-4.8997918451077,0.81250002600043,0
4082,0.036223375800394,0.045030358668076,-4.8996772959433,7.5129396914132,0
999,-0.24565513400311,-0.00081028773133639,-4.8991870471597,0.93750003000014,0
4125,0.053323593181118,0.050384900628654,-4.8990857510562,7.8614201292996,0
3869,-0.02374110943511,0.02605442476897,-4.8957752875623,6.1213686069099,0
2440,-0.095554627411233,-0.0008182571003296,-4.8953966665737,2.750021837012,0
2286,-0.062836870119865,0.015219433721995,-4.8945325222299,4.9919201701223,0
5561,0.099434395385457,0.066369524729157,-4.8933272986015,8.5744555770537,0
5568,0.072070292242132,0.056122011327379,-4.8932619893492,8.2201170558433,0
2416,-0.0920068210451,0.0023243640475211,-4.8928681189756,3.3423970258008,0
4039,0.020315132994861,0.039815924196873,-4.8921286302141,7.1775991908631,0
2391,-0.086340101877346,0.0053259757082718,-4.8921159617936,3.8044081307223,0
2484,-0.17520807857636,-0.0026525392879867,-4.8915539813221,1.0677331005743,0
2463,-0.094845892931121,-0.0036984218574106,-4.8911055061856,2.0338386013029,0
5554,0.14105271120132,0.084217121135722,-4.88145013482,8.9318663468402,0
2313,-0.06794713792443,0.013075136073052,-4.8805645777464,4.7969448366522,0
3911,-0.015942887373965,0.028140146831158,-4.8773744736988,6.3302006049102,0
3996,0.0057404095238338,0.034921306398711,-4.8768374068451,6.8560480831815,0
2485,-0.12681384395972,-0.0041423553943896,-4.8767137269608,1.2031763139289,0
2464,-0.095363034716721,-0.0033866466976496,-4.8724068536654,2.1711894383334,0
2441,-0.095206138229841,-0.00043331299144928,-4.8722669998409,2.8886729772328,0
3700,-0.051546237182766,0.01774485741621,-4.8715138613499,5.3348513244498,0
3742,-0.046689643744874,0.018621579673501,-4.8697043497921,5.4969216760967,0
2366,-0.078687406677224,0.0083516279689457,-4.8669694085114,4.2722118696213,0
2417,-0.090756021660382,0.0027627223938421,-4.8648390315194,3.4818017933431,0
3784,-0.040656966287768,0.020413643920065,-4.864439731818,5.6705495833821,0
2486,-0.10085466965592,-0.0052369858256663,-4.8615162430303,1.3385693268136,0
2392,-0.084454337897969,0.0057681308627309,-4.8591113397076,3.944259386153,0
2340,-0.072384029450562,0.010906806482152,-4.8584131456555,4.6034882351156,0
5547,0.14770458602873,0.081692570514573,-4.8575122450836,9.2920164848003,0
3826,-0.034214584662879,0.022150111695878,-4.8553933299996,5.8553472052436,0
3953,-0.0075577932050495,0.030340036776578,-4.8542171109456,6.5489254947844,0
2465,-0.095757946076215,-0.0030821978151474,-4.8532272694163,2.3083861148885,0
4124,0.047973869626465,0.047888695024792,-4.8514299444054,7.7746274074728,0
4081,0.031166431698454,0.042542135290583,-4.850918078375,7.4287006586414,0
2442,-0.094658891248566,-4.7039237453469e-05,-4.848547667733,3.0270522243826,0
2487,-0.09301375588025,-0.0055232102222577,-4.8459628588107,1.4739034496554,0
4167,0.066025193047643,0.053270599010642,-4.8434669653095,8.1331048412911,0
4038,0.015634247085829,0.037429326357802,-4.8423142476051,7.0959831232416,0
3868,-0.027229880662673,0.024025953781207,-4.8422480988755,6.0509185815091,0
5560,0.089108839569788,0.061276610145466,-4.8419163260486,8.4886805415939,0
2287,-0.059308806994476,0.015392120667426,-4.8414585011119,5.1319400367134,0
2418,-0.089307741127676,0.0031962635808189,-4.836125004889,3.6208056839569,0
2466,-0.096010285126466,-0.0027800190186017,-4.8335706526545,2.4454169579037,0
2314,-0.065045527813421,0.01341922179123,-4.8322328434949,4.9368303789515,0
5553,0.12700662333185,0.077012061734677,-4.831732598801,8.8450974276475,0
2488,-0.092804697510299,-0.0053183882444603,-4.8300551149481,1.6091700277229,0
2367,-0.076455561306888,0.0087418797472235,-4.8283851565851,4.4118572187052,0
3995,0.0014320444492187,0.03264929434969,-4.8260173878761,6.7771233455538,0
2393,-0.08243047913295,0.0061913522714949,-4.8253340112147,4.0835790174167,0
3910,-0.01967470685456,0.026003132790928,-4.8246968128013,6.256859858352,0
2443,-0.093908771879374,0.00034146063561549,-4.8242454704994,3.1651452909236,0
3699,-0.054118708081624,0.016043072178898,-4.8151452231275,5.2765986633578,0
2341,-0.069938978069518,0.011256574170154,-4.8146323913951,4.7430208430587,0
3741,-0.049487064354633,0.016832076663026,-4.813960228798,5.4355265991796,0
2489,-0.093500678009676,-0.0050634923573983,-4.8137947625175,1.7443604464066,0
2467,-0.096102822837304,-0.0024763934866719,-4.8134411858502,2.5822703928655,0
5546,0.16825056527008,0.095049102271303,-4.8095073079233,9.2042870333821,0
3783,-0.04365652364462,0.018546589925101,-4.8093781303251,5.6060734304982,0
2419,-0.087672286939529,0.0036238171344766,-4.8067360105632,3.7593921268612,0
4123,0.042670953706941,0.045364992169307,-4.8037741377547,7.6878346856461,0
3952,-0.011531539602095,0.028159739578478,-4.8024422499051,6.4727595169807,0
4080,0.026197819236118,0.04006949050739,-4.8021588608067,7.3444616258696,0
3825,-0.03741213639468,0.020212152214565,-4.8010710969726,5.7878523866253,0
2444,-0.09295461200298,0.00073266590579498,-4.7993675545236,3.3029380592337,0
2490,-0.094210084349564,-0.0048285889715484,-4.7971837619724,1.8794661363912,0
4166,0.060296733791223,0.05076550823567,-4.7969615158955,8.0438285936835,0
2468,-0.096021457673232,-0.0021685105637849,-4.7928433322418,2.718934950659,0
4037,0.011052571957025,0.035073877001508,-4.7924998649961,7.0143670556202,0
2394,-0.0803027156449,0.0065929254491643,-4.7907971597902,4.222348353881,0
5559,0.080713869756467,0.057272986893312,-4.7905053534957,8.4029055061342,0
2368,-0.074182390987288,0.0091062214291072,-4.7889565072615,4.5508256700665,0
3867,-0.030636910493727,0.022013907514703,-4.788720910189,5.9804685561085,0
192,-0.97544957001382,0.0010449110268946,-4.7838817629813,0.062500002000121,0
193,-0.89687519420474,0.002927644023652,-4.7837611245029,0.18750000600041,0
194,-0.78740456471801,0.0040741340509925,-4.7836404860244,0.31250001000045,0
195,-0.66819658991069,0.0044056395224058,-4.783519847546,0.43750001400016,0
1000,-0.54823035749396,0.003939797719499,-4.7832780889223,0.56250001800014,0
1001,-0.43445555807362,0.0027943508123724,-4.7829152101535,0.68750002200043,0
2315,-0.061671824506499,0.013622761391477,-4.782897023255,5.0757826835163,0
1002,-0.33181173647421,0.0010643195180077,-4.7825523313847,0.81250002600044,0
1003,-0.24370798644425,-0.0010208243906509,-4.7821894526159,0.93750003000015,0
5552,0.1135577387742,0.070194031907749,-4.782015062782,8.758328508455,0
2491,-0.094861485260807,-0.0046108522419503,-4.7802242820092,2.0144785786035,0
2420,-0.08586497721304,0.0040432490793802,-4.7766824208138,3.8975447991971,0
3994,-0.002788161237768,0.030398698674704,-4.7751973689068,6.698198607926,0
2512,-0.17402478478277,-0.0028984026351569,-4.7748450307338,1.0664019662074,0
2445,-0.091798117708383,0.0011266896110216,-4.773921408078,3.4404165900073,0
3909,-0.023321338349008,0.023917980932279,-4.7720191519037,6.1835191117937,0
2469,-0.095755164753424,-0.0018542769534641,-4.7717818332502,2.8553992742338,0
2342,-0.067158635482307,0.011629768363725,-4.7699331647598,4.8817405877807,0
2492,-0.095422972982869,-0.0043999603054514,-4.7629186982383,2.1493893094292,0
5545,0.15482751397132,0.086866598390819,-4.7615023707632,9.116557581964,0
2513,-0.12627688072607,-0.0044495522140156,-4.760411713358,1.1991920803458,0
3698,-0.056617302975525,0.014356212454249,-4.758776584905,5.2183460022658,0
3740,-0.052209649520324,0.015061166764371,-4.7582161078039,5.3741315222627,0
4122,0.037431622546675,0.042829165659017,-4.7561183311039,7.6010419638193,0
2395,-0.078108964315981,0.0069718239516651,-4.7555144198677,4.3605490517957,0
3782,-0.046582447541608,0.016700901367516,-4.7543165288321,5.5415972776143,0
4079,0.021328165864814,0.03762417797544,-4.7533996432385,7.2602225930979,0
3951,-0.015424552491715,0.025990224692577,-4.7506673888647,6.3965935391771,0
4165,0.054758650570059,0.048226358385957,-4.7504560664816,7.9545523460758,0
2470,-0.095295917725999,-0.0015321819562041,-4.7502617056334,2.9916521254202,0
2369,-0.071823122222196,0.0094543933470598,-4.7487002050438,4.6890968494651,0
2446,-0.09044392598977,0.001523243458479,-4.7479148568535,3.5775671305667,0
3824,-0.040536308821746,0.018295832122082,-4.7467488639454,5.7203575680067,0
2421,-0.083908025555512,0.0044512068143631,-4.7459750025664,4.0352476356995,0
2514,-0.10055168765729,-0.0056089345595967,-4.7457640582406,1.3319520742023,0
2493,-0.095870640798718,-0.0041902259355644,-4.7452695918039,2.2841899256297,0
4036,0.0065681356219771,0.032746419782474,-4.7426854823871,6.9327509879988,0
5558,0.073781568568881,0.054047978669489,-4.7390943809425,8.3171304706741,0
3866,-0.033966260295674,0.020022885379541,-4.7351937215027,5.9100185307082,0
5551,0.10134990948767,0.064153696007675,-4.7322975267632,8.6715595892628,0
2515,-0.092792524540267,-0.005989218532063,-4.7309028629498,1.464676734033,0
2471,-0.094638582115335,-0.0012011839836234,-4.7282882384744,3.1276823916887,0
2494,-0.096184092068695,-0.0039766441336717,-4.7272797478604,2.4188720893016,0
3993,-0.0069246440785403,0.028165774186831,-4.7243773499375,6.6192738702981,0
2343,-0.063950464115657,0.011865474792884,-4.7243355453981,5.0196253303191,0
2447,-0.088899912341074,0.0019215047054792,-4.7213560593328,3.7143761230002,0
2396,-0.075881100112258,0.0073257336705932,-4.7194998688676,4.4981631050175,0
3908,-0.026873623809486,0.02185598319856,-4.7193414910061,6.1101783652355,0
2516,-0.092593268635144,-0.0059009861322425,-4.7158290518731,1.5973608669991,0
2422,-0.081832070496685,0.0048439562018284,-4.7146249110691,4.1724848381408,0
5544,0.14257239271763,0.081118035238591,-4.7134974336029,9.0288281305457,0
2495,-0.096345878931352,-0.0037554640792236,-4.7089521538866,2.5534275329353,0
4121,0.032275245851738,0.040301049705375,-4.7084625244529,7.5142492419922,0
2370,-0.069170433944377,0.0098515683960039,-4.7076334860247,4.8266507966097,0
2472,-0.093780790725976,-0.00086063646722828,-4.7058669900715,3.2634790926665,0
4078,0.016561558735535,0.03521091275331,-4.7046404256703,7.1759835603261,0
4164,0.049285635760728,0.045663977182162,-4.7039506170677,7.8652760984683,0
3739,-0.054855871156173,0.01330781779257,-4.7024719868098,5.3127364453457,0
3697,-0.059040671321674,0.01268377117081,-4.7024079466827,5.160093341174,0
2517,-0.093299661335131,-0.0057654479103809,-4.7005436756557,1.729999304335,0
3781,-0.049433043921551,0.014875421037096,-4.6992549273393,5.4771211247305,0
3950,-0.01922432230445,0.023814646924952,-4.6988925278244,6.3204275613735,0
2448,-0.087178059404767,0.0023197643449546,-4.6942535019201,3.8508302122414,0
4035,0.0021773011964837,0.030441460639801,-4.6928710997783,6.8511349203775,0
3823,-0.043585852785475,0.016400872522681,-4.692426630918,5.652862749388,0
4207,0.06759261976011,0.051127054366879,-4.6907341637984,8.228398579292,0
2496,-0.096341479643157,-0.0035238166315697,-4.6902899979099,2.687848064306,0
2518,-0.094033566654686,-0.005642307517563,-4.6850479105696,1.8625869044513,0
2473,-0.092722873460604,-0.00051023641443061,-4.6830037846366,3.3990313866714,0
2397,-0.073597764593952,0.0076712155418244,-4.6827680186925,4.6351728558715,0
2423,-0.079676346113721,0.0052177936925257,-4.6826436831504,4.3092408848863,0
5537,0.14674869459411,0.077623826225904,-4.6825823484451,9.3886009130064,0
5550,0.090944635147562,0.059134511404977,-4.6825799907447,8.584790670071,0
3865,-0.037218674565815,0.018054074706368,-4.6816665328164,5.8395685053081,0
3992,-0.010979999474045,0.025945823629356,-4.6735573309683,6.5403491326703,0
2497,-0.09615924555314,-0.0032795039363165,-4.6712966666594,2.8221255712348,0
2519,-0.09471891819484,-0.0055311241043269,-4.6693430578326,1.9951185559042,0
3907,-0.030340339567814,0.019812799750436,-4.6666638301087,6.0368376186776,0
2449,-0.085296105221773,0.0027150114995683,-4.6666159939181,3.9869162539823,0
2371,-0.06614054264144,0.010119416334202,-4.6657740675411,4.9634679771218,0
196,-0.97925297537401,0.0010634973378718,-4.6657559615271,0.062500002000121,0
197,-0.90003238276703,0.0029900124793333,-4.665715748701,0.18750000600041,0
198,-0.78956419966509,0.0041582428049667,-4.6656755358748,0.31250001000045,0
199,-0.66926321653712,0.0044813554818064,-4.6656353230487,0.43750001400016,0
1004,-0.54823361042944,0.0039780739146718,-4.6655547368408,0.56250001800014,0
5543,0.12870008757688,0.074229387427451,-4.6654924964426,8.9410986791274,0
1005,-0.43353454024999,0.002770148055869,-4.6654337772512,0.68750002200044,0
1006,-0.33011227295374,0.00094968716650787,-4.6653128176616,0.81250002600045,0
1007,-0.24168091351202,-0.0012304617399296,-4.665191858072,0.93750003000015,0
4120,0.027216804825724,0.037796196345507,-4.660806717802,7.4274565201652,0
2474,-0.091467817821019,-0.00014999973863407,-4.659704708818,3.5343285771765,0
2540,-0.17272501780012,-0.0031824299728433,-4.6581360801454,1.0650708318406,0
4163,0.043871380527691,0.043084752297622,-4.6574451676539,7.7759998508609,0
4077,0.011897004643405,0.032828513509581,-4.6558812081021,7.0917445275543,0
2520,-0.095323136733893,-0.0054203763781043,-4.653430542811,2.1275891805251,0
2498,-0.095790335191038,-0.0030208833915643,-4.6519757435338,2.9562520264578,0
2424,-0.077485168921645,0.0055669529632809,-4.6500432304737,4.4455005399685,0
3949,-0.022931280413228,0.021694692180783,-4.6471176667839,6.2442615835698,0
3738,-0.05742393287438,0.011571353233747,-4.6467278658158,5.2513413684287,0
3696,-0.061387259515348,0.011025653849787,-4.6460393084603,5.101840680082,0
4206,0.061716097017009,0.048539573654908,-4.6454247020634,8.1367098319882,0
2398,-0.071074274006011,0.0080859645257589,-4.6453338072896,4.7715610054388,0
3780,-0.052206578878552,0.013069099495041,-4.6441933258466,5.4126449718469,0
2541,-0.12559829368568,-0.0047962892846331,-4.644109699755,1.1952078467628,0
4034,-0.0021241894146475,0.028154205385473,-4.6430567171693,6.7695188527561,0
2450,-0.083279673961896,0.0031032312319172,-4.638452662348,4.1226213224006,0
3822,-0.046559430598277,0.014526670274273,-4.6381043978905,5.5853679307693,0
2521,-0.09582203359551,-0.0053044850002182,-4.6373119141913,2.2599937363708,0
5536,0.16797666730229,0.090569661262821,-4.6363085170732,9.2999446494149,0
2475,-0.090021393760465,0.00021965010097121,-4.6359761081024,3.6693601191391,0
5549,0.082412779231314,0.055115713210399,-4.6328624547262,8.4980217508794,0
2499,-0.095228626402822,-0.0027467653410057,-4.6323310064494,3.0902194924538,0
2542,-0.10009414903348,-0.0059831555523639,-4.6300118734508,1.325334821591,0
3864,-0.040393796378434,0.016107322816041,-4.62813934413,5.7691184799076,0
3991,-0.014948188458233,0.02372658862566,-4.6227373119992,6.4614243950427,0
2522,-0.096195168986769,-0.0051787108583931,-4.6209888430662,2.3923272206994,0
5542,0.11533050091849,0.067665515253173,-4.6174875592823,8.8533692277091,0
2425,-0.075263439746878,0.0059103616603117,-4.6168358323413,4.581248862278,0
2543,-0.092419837866804,-0.0064344921989945,-4.6158428670887,1.4554500184106,0
3906,-0.033724243063246,0.017791495038737,-4.6139861692116,5.9634968721199,0
4119,0.022264233328605,0.035323164498499,-4.6131509111511,7.3406637983381,0
2500,-0.094470615684451,-0.0024563319323932,-4.6123664256194,3.2240201260993,0
2476,-0.088392680122498,0.00059760194250573,-4.6118245830264,3.8041156252855,0
4162,0.038532588806108,0.040503478812904,-4.6109397182399,7.6867236032534,0
2451,-0.081165498046067,0.0034785954296836,-4.6097729464331,4.2579327179768,0
2399,-0.068236190377223,0.008384117605732,-4.6072125896841,4.9073106239246,0
4076,0.007330771830355,0.030472108302284,-4.6071219905339,7.0075054947827,0
2523,-0.09642495430256,-0.0050393431554494,-4.6044631219229,2.5245846730051,0
2544,-0.09223112832398,-0.006471712681771,-4.6016029887981,1.5855517062753,0
4205,0.056050116909211,0.045927693046339,-4.6001152403285,8.0450210846843,0
3948,-0.026541653484884,0.019593524085297,-4.5953428057435,6.1680956057662,0
4033,-0.0063405882939007,0.025881902986139,-4.5932423345602,6.6879027851346,0
2501,-0.093515338061494,-0.002149090662808,-4.5920861611951,3.3576461833356,0
3737,-0.059911631874739,0.0098515772017821,-4.5909837448218,5.1899462915118,0
5535,0.15618795024275,0.08346525214411,-4.5900346857014,9.2112883858234,0
3695,-0.063655212456619,0.0093819457321274,-4.5896706702378,5.04358801899,0
3779,-0.054901032747993,0.011281180442088,-4.5891317243537,5.3481688189631,0
2524,-0.096496526821738,-0.0048834662159717,-4.5877366635778,2.656761177953,0
2545,-0.092950755998217,-0.0064673380578271,-4.5872925887938,1.7156381622633,0
2477,-0.086595226744645,0.00098163291275515,-4.5872569852697,3.9385848722651,0
3821,-0.049455502456716,0.012672472744994,-4.5837821648633,5.5178731121507,0
5548,0.075336200958754,0.051828781150961,-4.5831449187075,8.4112528316873,0
2426,-0.072863539767145,0.0063356555807542,-4.5830341285545,4.716471214268,0
2452,-0.079004507045607,0.0038307871291934,-4.5805865920798,4.3928379749195,0
3863,-0.043491059658554,0.014182299749784,-4.5746121554435,5.698668454507,0
2546,-0.093713495590914,-0.0064587313754676,-4.5729120591667,1.8457076725113,0
3990,-0.018814751108983,0.021519431771161,-4.5719172930301,6.382499657415,0
2502,-0.092364290042394,-0.0018248165099633,-4.5714945607825,3.4910900237862,0
2525,-0.096397686590168,-0.0047087680834547,-4.5708115000684,2.7888518682359,0
5541,0.10312226978281,0.061795527347716,-4.5694826221222,8.7656397762913,0
4118,0.017418757529384,0.032883748744311,-4.5654951045003,7.2538710765111,0
4161,0.033287590452247,0.03793832270944,-4.5644342688259,7.5974473556456,0
2478,-0.08464898791978,0.00136836848857,-4.5622804136268,4.0727578066603,0
3905,-0.037026345112944,0.015792824838368,-4.5613085083146,5.8901561255623,0
2547,-0.094435605902926,-0.0064530206080196,-4.558461833656,1.9757585332048,0
4075,0.0028584186688719,0.028135741940738,-4.5583627729658,6.923266462011,0
4204,0.050463863909496,0.043303393040156,-4.5548057785936,7.9533323373805,0
2526,-0.096118844223363,-0.0045134561149584,-4.553689781434,2.9208519274954,0
2453,-0.07682647403278,0.0041759078808863,-4.5509036459901,4.5273248686845,0
2503,-0.091021449543923,-0.0014835648198003,-4.550596156872,3.624344115278,0
202,-0.79175722430874,0.0042565017914524,-4.5491093975401,0.31250001000045,0
203,-0.67032730919503,0.0045755135819314,-4.5491093975401,0.43750001400016,0
1008,-0.54819866297877,0.0040365026777196,-4.5491093975401,0.56250001800014,0
1009,-0.43254466451002,0.0027655223193202,-4.5491093975401,0.68750002200043,0
1010,-0.32831835120024,0.00085812516607727,-4.5491093975401,0.81250002600044,0
1011,-0.23954467170704,-0.0014199812673116,-4.5491093975401,0.93750003000015,0
200,-0.98313026894708,0.001083858430609,-4.5491093975401,0.062500002000121,0
201,-0.90325240087248,0.0030602731004275,-4.5491093975401,0.18750000600041,0
2427,-0.07022963143407,0.0066597656052459,-4.5486511118271,4.8511532707274,0
2548,-0.095084053861614,-0.0064406879415198,-4.5439423873837,2.1057890516209,0
5534,0.14397868726143,0.077918311233118,-4.5437608543294,9.1226321222318,0
3947,-0.030061334450586,0.017515292535997,-4.5435679447033,6.0919296279629,0
4032,-0.010472183000923,0.023618150778034,-4.5434279519512,6.6062867175132,0
2568,-0.17121134056641,-0.0034927142849923,-4.5422843347907,1.0644052646572,0
2479,-0.082584918391572,0.0017512764257861,-4.5369022097157,4.2066245510673,0
2527,-0.095652956832065,-0.0042961739649577,-4.5363737744243,3.0527565932189,0
4247,0.068998340500132,0.048840468100865,-4.5362515630278,8.3208536806999,0
3736,-0.062316745458305,0.0081487375595316,-4.5352396238277,5.1285512145948,0
3778,-0.057514000167772,0.0095109873521429,-4.5340701228609,5.2836926660794,0
3694,-0.065842028229848,0.0077529097540754,-4.5333020320153,4.985335357898,0
3820,-0.052272233596501,0.010837499481687,-4.529459931836,5.4503782935322,0
2504,-0.08949352338741,-0.0011258320424032,-4.5293956641326,3.7574010383296,0
2549,-0.095634867259351,-0.0064169270820262,-4.5293542365787,2.2357975471119,0
2569,-0.12454245208222,-0.0052018610136199,-4.5286342092917,1.1932157299713,0
5540,0.092630702797712,0.05684702343009,-4.5214776849624,8.6779103248738,0
3989,-0.022576278028653,0.019363017949062,-4.5210972740609,6.3035749197872,0
3862,-0.046509610517957,0.012278435616134,-4.5210849667569,5.6282184291065,0
2454,-0.07453467050549,0.0046057205169674,-4.5207344498195,4.6613814230972,0
2528,-0.094995450819152,-0.0040559328002225,-4.5188658611672,3.1845611595321,0
4160,0.028149211425556,0.03540220740752,-4.5179288194119,7.5081711080379,0
4117,0.012677043045182,0.030474657996566,-4.5178392978494,7.1670783546841,0
2570,-0.09927729425877,-0.0063928446704301,-4.5149840837928,1.3220261952854,0
2550,-0.096067812314114,-0.0063775116328763,-4.5146979382719,2.3657823520972,0
2480,-0.080453052447303,0.0021160037812834,-4.5111299536859,4.3401754098705,0
4074,-0.0015244135340726,0.025814930119526,-4.5096035553976,6.8390274292393,0
4203,0.044949290783444,0.040672098621956,-4.5094963168587,7.861643590077,0
3904,-0.040247223868657,0.013816853497639,-4.5086308474173,5.8168153790045,0
2505,-0.087790552669922,-0.00075283156595526,-4.5078979766213,3.8902534905478,0
5527,0.14565313646214,0.073587115422153,-4.5058744054476,9.4818925144105,0
2571,-0.091811562713088,-0.0068886090824567,-4.5013339582938,1.4508366605994,0
2529,-0.094144148675596,-0.0037920507204275,-4.5011685377535,3.3162609799998,0
2551,-0.096365296631902,-0.0063188397957609,-4.4999740899591,2.4957418130749,0
5533,0.13026123487206,0.07132571868823,-4.4974870229574,9.0339758586401,0
4031,-0.014508019194748,0.021341486287903,-4.4936135693423,6.524670649892,0
4246,0.062978172946934,0.046171323060707,-4.4921823876873,8.2268242979174,0
3946,-0.033493083608466,0.015461624711132,-4.4917930836633,6.0157636501598,0
2455,-0.072111967178194,0.004948438085008,-4.4900896339702,4.7949959175302,0
2572,-0.091717250445987,-0.007045592378516,-4.4876838327949,1.5796471259134,0
2506,-0.085927213183746,-0.00036653460965883,-4.4861081649056,4.02289429092,0
2552,-0.09651221312376,-0.0062379530994011,-4.4851833292456,2.6256742916,0
2481,-0.07830050360327,0.0024712798799633,-4.4849714596388,4.473400875091,0
2530,-0.093099200769322,-0.0035040963416965,-4.4832844127469,3.4478514703961,0
3735,-0.064636922498312,0.006463144533038,-4.4794955028336,5.0671561376777,0
3777,-0.060042265833087,0.0077583777309301,-4.4790085213682,5.2192165131958,0
3693,-0.06794481740982,0.0061387352295911,-4.4769333937928,4.927082696806,0
3819,-0.055007292769878,0.0090213042851239,-4.4751376988087,5.3828834749136,0
2573,-0.092485489619034,-0.0071752753921648,-4.474033707296,1.7084575912274,0
5539,0.083955539069291,0.052814504220275,-4.4734727478027,8.5901808734565,0
4159,0.023122593889028,0.032900861967296,-4.4714233699979,7.4188948604301,0
2553,-0.096495900542202,-0.0061324096311334,-4.4703263334774,2.7555781652369,0
3988,-0.02623759661313,0.017226138389639,-4.4702772550917,6.2246501821595,0
4116,0.0080338313838892,0.02808981281947,-4.4701834911985,7.0802856328571,0
3861,-0.049448095713372,0.010395055071149,-4.4675577780704,5.557768403706,0
2531,-0.091863055620757,-0.0031918435552887,-4.4652162056415,3.579328111417,0
4202,0.039522142593416,0.038047403657054,-4.4641868551238,7.7699548427732,0
2507,-0.083927040007167,2.7815566714577e-05,-4.4640314729983,4.1553163841578,0
5526,0.16740036007549,0.086013818695948,-4.46134952433,9.3923435143885,0
4073,-0.0058209524416595,0.02350690785623,-4.4608443378292,6.7547883964674,0
2574,-0.093298298321971,-0.0072787439085522,-4.460383581797,1.8372680565413,0
2482,-0.076089376161912,0.0029038282548137,-4.4584347710844,4.6062916319262,0
3903,-0.043387062885466,0.01186332078984,-4.4559531865199,5.7434746324465,0
2554,-0.096306115892935,-0.0060002428807132,-4.4554038193341,2.885451828533,0
5532,0.11696259060534,0.065004311554007,-4.4512131915854,8.9453195950485,0
4245,0.05719207414466,0.043489106523804,-4.4481132123467,8.1327949151348,0
2532,-0.090440549337263,-0.0028553164252842,-4.4469667452387,3.7106864513738,0
2575,-0.094074639338815,-0.0073732233026358,-4.4467334562981,1.9660785218551,0
4030,-0.018439412141636,0.019122025168569,-4.4437991867334,6.4430545822707,0
2508,-0.08183206818092,0.00041456589330384,-4.4416733152919,4.2875128448214,0
2555,-0.095934998257662,-0.0058399026119391,-4.4404165423991,3.015293693984,0
3945,-0.03683853531168,0.013432520787645,-4.4400182226234,5.9395976723568,0
204,-0.98701692027602,0.0011048019299282,-4.4339420710203,0.062500002000121,0
205,-0.90648731888545,0.0031355487959151,-4.4339420710203,0.18750000600041,0
206,-0.79395578014077,0.004364571115365,-4.4339420710203,0.31250001000045,0
207,-0.67137947099465,0.0046827734816172,-4.4339420710203,0.43750001400016,0
1012,-0.54813191836986,0.0041096543798903,-4.4339420710203,0.56250001800013,0
1013,-0.43150333441856,0.0027764738654379,-4.4339420710203,0.68750002200041,0
1014,-0.32645672494977,0.0007876475842683,-4.4339420710203,0.81250002600042,0
1015,-0.237322552214,-0.0015646233670464,-4.4339420710203,0.93750003000014,0
2576,-0.094783626282672,-0.0074542008950583,-4.4330833307992,2.0948889871688,0
2483,-0.073871604150614,0.0032574406754635,-4.4315281561132,4.738838564333,0
2533,-0.088839135738137,-0.0024948395933184,-4.4285389679729,3.8419221088306,0
2596,-0.16897069199808,-0.0037868290332636,-4.4272897946696,1.0644052646571,0
5538,0.076729782795508,0.049467815417479,-4.4254678106427,8.5024514220387,0
2556,-0.095377018407699,-0.0056502022445254,-4.4253652967149,3.1451021929649,0
4158,0.018206235428771,0.030433601086553,-4.4249179205839,7.3296186128224,0
3776,-0.06248295763149,0.0060237705219483,-4.4239469198755,5.154740360312,0
3734,-0.066868681865831,0.0047954035921976,-4.4237513818394,5.0057610607607,0
4115,0.0034837061451279,0.025722825152686,-4.4225276845477,6.9934929110302,0
3818,-0.057657998280025,0.0072230502224071,-4.4208154657815,5.3153886562951,0
3692,-0.069962718754689,0.0045373198329344,-4.4205647555704,4.8688300357141,0
3987,-0.029803234600995,0.015114269515304,-4.4194572361227,6.1457254445321,0
2577,-0.095402210141896,-0.007517914645007,-4.4194332053003,2.2236994524825,0
2509,-0.07969302503097,0.00079360860997313,-4.4190392732875,4.4194768814974,0
4201,0.034199133178422,0.035445584241623,-4.4188773933887,7.6782660954692,0
5525,0.15731926233859,0.079952366373848,-4.4168246432125,9.3027945143667,0
3860,-0.052304718028656,0.0085313194768223,-4.4140305893841,5.4873183783056,0
2597,-0.12255243067292,-0.0057097323588663,-4.4139852419681,1.1932157299713,0
4072,-0.010027602267699,0.021203666658972,-4.412085120261,6.6705493636957,0
2557,-0.094628924084232,-0.0054302666482702,-4.4102509143119,3.2748757766639,0
2534,-0.08706944892897,-0.0021107745774739,-4.4099359161844,3.9730307751798,0
2578,-0.095910486939975,-0.0075606208440092,-4.4057830798014,2.3525099177961,0
5531,0.10474753772901,0.059296685665116,-4.4049393602136,8.8566633314573,0
4244,0.05150251333477,0.040805110782305,-4.4040440370062,8.0387655323524,0
3902,-0.046445590724217,0.00993156341214,-4.4032755256225,5.6701338858886,0
2598,-0.097875877084281,-0.0069866360491462,-4.4006806892666,1.3220261952854,0
2510,-0.07752486578353,0.0012357170599427,-4.3961350923493,4.5512018407553,0
2558,-0.093689684986645,-0.0051794753913016,-4.3950742647112,3.4046129170058,0
4029,-0.022254382807339,0.016925396318678,-4.3939848041244,6.3614385146493,0
2579,-0.096290842038138,-0.007578824130528,-4.3921329543025,2.4813203831098,0
2535,-0.085148247576402,-0.0017054709890763,-4.3911607362809,4.1040082172484,0
3944,-0.040099121181956,0.011427633951063,-4.3882433615833,5.8634316945536,0
2599,-0.091014071830265,-0.0074836095490845,-4.3873761365651,1.4508366605994,0
4287,0.070236410379759,0.046413384090218,-4.3800723733979,8.4104380258855,0
2559,-0.092560463591837,-0.0048973995121615,-4.3798362544109,3.5343121075559,0
2580,-0.096527890203693,-0.007569534747768,-4.3784828288036,2.6101308484235,0
4157,0.013394640050354,0.027995108962162,-4.3784124711699,7.2403423652147,0
4114,-0.0009785283345871,0.023368717292897,-4.3748718778969,6.9067001892032,0
2600,-0.091099396764932,-0.0076969557046667,-4.3740715838636,1.5796471259134,0
4200,0.028990629149196,0.032877192597346,-4.3735679316537,7.5865773481652,0
2511,-0.075484181713611,0.0015816403413097,-4.3729666782562,4.6826812111357,0
5524,0.14525063046031,0.074606081471693,-4.3722997620948,9.2132455143446,0
2536,-0.083106268378292,-0.0012914525160582,-4.372216676898,4.2348502797724,0
3775,-0.064833642835118,0.0043072689506707,-4.3688853183826,5.0902642074282,0
3986,-0.033275795331142,0.013028897546183,-4.3686372171539,6.066800706905,0
3733,-0.069007311060274,0.0031463929121589,-4.3680072608453,4.9443659838437,0
3817,-0.060219820213709,0.0054426206443421,-4.3664932327543,5.2478938376766,0
2581,-0.096608500031685,-0.007530193263424,-4.3648327033047,2.7389413137374,0
2560,-0.091244659364202,-0.0045837783872484,-4.3645378263448,3.6639718644179,0
3691,-0.071883917945977,0.0029837000773992,-4.3641961173479,4.810577374622,0
4071,-0.014127476415168,0.018880577556782,-4.3633259026929,6.5863103309242,0
2601,-0.091926212834238,-0.0079234853606253,-4.3607670311621,1.7084575912274,0
3859,-0.055076914096265,0.0066871645559484,-4.3605034006976,5.4168683529052,0
4243,0.04589837147202,0.038122848817649,-4.3599748616658,7.9447361495701,0
5530,0.094163496640171,0.054416562364117,-4.3586655288421,8.7680070678666,0
2537,-0.080983095265091,-0.00087275240457402,-4.3531070869362,4.3655528879039,0
2582,-0.096521800438837,-0.00745866551999,-4.3511825778057,2.8677517790518,0
3901,-0.049421611611231,0.0080209262654446,-4.3505978647252,5.5967931393307,0
2561,-0.089747983329031,-0.0042384410657538,-4.3491799593244,3.7935907271133,0
2602,-0.092783584626514,-0.008129279074202,-4.3474624784606,1.8372680565413,0
4028,-0.02596229031479,0.014752140660735,-4.3441704215155,6.279822447028,0
2583,-0.096259173116435,-0.0073532055968534,-4.3375324523067,2.9965622443666,0
4286,0.064076111729877,0.043662131246637,-4.3372864360684,8.314140684997,0
3943,-0.043275687063906,0.0094465249444758,-4.336468500543,5.7872657167502,0
2603,-0.093600488606909,-0.008322221770622,-4.3341579257591,1.9660785218551,0
2538,-0.078818870890111,-0.00039416582841025,-4.3338354136142,4.4961120495845,0
2562,-0.088078552763531,-0.0038606984824371,-4.3337636674631,3.9231672594395,0
4156,0.0086810843995074,0.025577604992513,-4.3319070217559,7.151066117607,0
4199,0.02389884305474,0.030345738713995,-4.3282584699187,7.4948886008612,0
5523,0.13169597512984,0.068295946191966,-4.3277748809771,9.1236965143226,0
5517,0.14438619445329,0.069565233618418,-4.327450392318,9.5718585691984,0
4113,-0.0053556836118374,0.021021346892844,-4.3272160712459,6.8199074673761,0
2584,-0.095814225550175,-0.0072124199753519,-4.3238823268077,3.1253727096813,0
2604,-0.094348410498337,-0.0084979583438854,-4.3208533730577,2.0948889871688,0
1018,-0.32449893711067,0.00071785111617762,-4.3187747445005,0.81250002600039,0
208,-0.99100826534485,0.0011291748536163,-4.3187747445005,0.062500002000121,0
209,-0.90981560009986,0.0032201304401914,-4.3187747445005,0.18750000600041,0
210,-0.79621288731259,0.0044872047392574,-4.3187747445005,0.31250001000045,0
211,-0.67244592208662,0.0048066352737145,-4.3187747445005,0.43750001400016,0
1016,-0.54803475296282,0.0041982680507588,-4.3187747445005,0.56250001800012,0
1017,-0.43039350433524,0.0027981616733191,-4.3187747445005,0.68750002200038,0
1019,-0.23499355217311,-0.0017390851191461,-4.3187747445005,0.93750003000013,0
2563,-0.086248735953136,-0.0034501841546295,-4.3182899995634,4.0527000503389,0
3985,-0.036657661255099,0.010970161988897,-4.3178171981852,5.987875969278,0
4242,0.040393686891678,0.035454322756939,-4.3159056863252,7.8507067667876,0
4070,-0.018111128606885,0.01661888355342,-4.3145666851248,6.5020712981526,0
2539,-0.076886391530994,-8.8155302574022e-06,-4.3144052003993,4.6265238579385,0
3774,-0.067090144717637,0.0026090066785608,-4.3138237168897,5.0257880545445,0
5529,0.085338590088725,0.050372184674287,-4.3123916974707,8.6793508042759,0
2624,-0.16664669473655,-0.00408945277715,-4.3122952545484,1.0644052646571,0
3732,-0.071048658729138,0.0015134680457038,-4.3122631398513,4.8829709069267,0
3816,-0.062689113974068,0.0036807439458338,-4.312170999727,5.1803990190581,0
2585,-0.095182754386652,-0.0070352291098298,-4.3102322013087,3.254183174996,0
3690,-0.07374535515035,0.0013279397007441,-4.3078274791254,4.75232471353,0
2605,-0.095004998282132,-0.008652697266576,-4.3075488203562,2.2236994524825,0
3858,-0.057762496010201,0.0048612446570716,-4.3069762120112,5.3464183275047,0
2564,-0.084280762709419,-0.0030139055418256,-4.302760038504,4.1821877147234,0
2625,-0.12055675071886,-0.00615917258946,-4.2993362746444,1.1932157299713,0
3900,-0.05231346167741,0.0061302118087076,-4.297920203828,5.5234523927729,0
2586,-0.094362707222972,-0.0068208225064128,-4.2965820758097,3.3829936403107,0
4285,0.058177130450259,0.040910442359683,-4.294500498739,8.2178433441085,0
4027,-0.029567625155221,0.012606549801621,-4.2943560389067,6.198206379407,0
2606,-0.095550456922543,-0.0087830351864321,-4.2942442676548,2.3525099177961,0
2565,-0.082198747122849,-0.0025514615471481,-4.2871749005849,4.3116288943103,0
2626,-0.096480541997893,-0.0075261884932411,-4.2863772947403,1.3220261952853,0
4155,0.004058962183128,0.023173668032778,-4.285401572342,7.0617898699994,0
3942,-0.046368754977369,0.0074881394960133,-4.2846936395028,5.7110997389468,0
5516,0.16652617195954,0.081399687360877,-4.2846916366398,9.4814512511898,0
5522,0.11845060116122,0.062207245241916,-4.2832499998595,9.0341475143006,0
4198,0.018919335798428,0.027848812173197,-4.2829490081837,7.4031998535572,0
2587,-0.093354167617472,-0.0065686037496192,-4.2829319503107,3.5118041056254,0
2607,-0.095967104705636,-0.0088857648025306,-4.2809397149533,2.4813203831098,0
4112,-0.0096392330332993,0.018664971385427,-4.279560264595,6.7331147455492,0
2627,-0.090141990148397,-0.0080858950832081,-4.2734183148363,1.4508366605994,0
4241,0.035003250966054,0.032813938234215,-4.2718365109846,7.756677384005,0
2566,-0.08002726474977,-0.0020198962637069,-4.2715357348791,4.4410222584136,0
2588,-0.092159410723886,-0.0062781690837586,-4.2692818248117,3.64061457094,0
2608,-0.09623941626948,-0.0089581440488534,-4.2676351622518,2.6101308484235,0
3984,-0.039951328942358,0.0089373492962309,-4.2669971792164,5.9089512316506,0
5528,0.077958354168685,0.046968120929943,-4.266117866099,8.5906945406848,0
4069,-0.021972673966305,0.014378050412638,-4.2658074675566,6.4178322653808,0
2628,-0.090349375911679,-0.0083893864320626,-4.2604593349322,1.5796471259134,0
3773,-0.069246336978117,0.00092937402358189,-4.2587621153969,4.9613119016607,0
3815,-0.065063859990642,0.0019371882393183,-4.2578487666997,5.1129042004394,0
3731,-0.072978497802141,-6.6610133164438e-05,-4.2565190188571,4.8215758300096,0
2567,-0.0780918815315,-0.0016661221702123,-4.2558437225423,4.5703665047413,0
2589,-0.090782977652759,-0.0059492307670007,-4.2556316993127,3.7694250362547,0
2609,-0.09635410215096,-0.0089978272730193,-4.2543306095504,2.7389413137374,0
3857,-0.060355141609718,0.0030533940855314,-4.2534490233248,5.2759683021044,0
4284,0.052393643647101,0.038167110990911,-4.2517145614096,8.1215460032201,0
3689,-0.075359778692091,3.3687748485416e-05,-4.2514588409029,4.694072052438,0
2629,-0.091225476928672,-0.008714728378417,-4.2475003550282,1.7084575912274,0
3899,-0.055117958865113,0.0042602138098498,-4.2452425429308,5.4501116462151,0
4026,-0.033073818084634,0.010489848801514,-4.2445416562982,6.1165903117863,0
2590,-0.089231674034099,-0.0055808101613932,-4.2419815738137,3.8982355015694,0
5515,0.15818799158205,0.0763182348481,-4.2419328809616,9.3910439331814,0
2610,-0.096300142432522,-0.0090028633434221,-4.2410260568488,2.8677517790519,0
4154,-0.00047795608882449,0.020777862398643,-4.2388961229281,6.9725136223916,0
5521,0.10622195709292,0.05665727248849,-4.238725118742,8.944598514279,0
4197,0.014044009155953,0.025379830360166,-4.2376395464486,7.3115111062533,0
2630,-0.092129949121682,-0.0090218253390027,-4.2345413751241,1.8372680565413,0
3941,-0.049377159034379,0.0055519075458966,-4.2329187784626,5.6349337611436,0
4111,-0.0138018554586,0.016291723919193,-4.2319044579442,6.6463220237224,0
2591,-0.087516144510308,-0.0051714499332959,-4.2283314483147,4.0270459668841,0
4240,0.029734983971552,0.03021032177337,-4.227767335644,7.6626480012223,0
2611,-0.096068796096349,-0.0089716661431008,-4.2277215041473,2.9965622443666,0
4327,0.071300823572874,0.043848113644595,-4.2222503955416,8.4971204920379,0
2631,-0.092994512129541,-0.0093126748651088,-4.2215823952201,1.966078521855,0
4068,-0.025718945332547,0.012166047322962,-4.2170482499884,6.3335932326092,0
3983,-0.043158135939846,0.0069300655010456,-4.2161771602474,5.8300264940232,0
2592,-0.085655395589744,-0.0047268679488637,-4.2146813228157,4.1558564321988,0
2612,-0.095653586675086,-0.0089029847938235,-4.2144169514457,3.1253727096813,0
4283,0.046710045016328,0.035432905612622,-4.2089286240803,8.0252486623318,0
2632,-0.093791332541976,-0.0095829522832879,-4.2086234153161,2.0948889871687,0
3772,-0.071296678215881,-0.00073803172532861,-4.2037005139041,4.896835748777,0
212,-0.99510696374896,0.0011555403786714,-4.2036074179807,0.062500002000121,0
213,-0.91324206014193,0.0033119415849565,-4.2036074179807,0.18750000600041,0
214,-0.79853294374265,0.0046219869716378,-4.2036074179807,0.31250001000045,0
215,-0.67352901344256,0.0049443657568961,-4.2036074179807,0.43750001400016,0
1020,-0.54790644302946,0.004298966972158,-4.2036074179807,0.56250001800011,0
1021,-0.42921041892086,0.0028267293972807,-4.2036074179807,0.68750002200036,0
1022,-0.32243383934174,0.0006456007838008,-4.2036074179807,0.81250002600037,0
1023,-0.23253723191476,-0.0019299737339088,-4.2036074179807,0.93750003000013,0
3814,-0.067339394823589,0.00021143887982593,-4.2035265336724,5.0454093818208,0
2613,-0.095050275515709,-0.0087958714527035,-4.2011123987441,3.254183174996,0
2593,-0.083661433445817,-0.0042343479152935,-4.2010311973167,4.2846668975135,0
3730,-0.074831064217075,-0.0017488664493991,-4.200774897863,4.7601807530926,0
3856,-0.062850008649801,0.0012648170125066,-4.1999218346384,5.205518276704,0
5514,0.1463155213043,0.071154951617081,-4.1991741252833,9.3006366151727,0
2652,-0.16417818106927,-0.0044077523637704,-4.1973007144273,1.0644052646571,0
2633,-0.094498335163503,-0.0098285966779023,-4.1956644354121,2.2236994524825,0
3688,-0.077179958131314,-0.0017949528413922,-4.1950902026804,4.635819391346,0
4025,-0.036484669611287,0.0084025799456035,-4.1947272736897,6.0349742441657,0
5520,0.095539654497883,0.051844496915444,-4.1942002376248,8.8550495142578,0
3898,-0.057834786102848,0.0024086504302896,-4.1925648820335,5.3767708996573,0
4153,-0.0049309631632909,0.018379248266119,-4.192390673514,6.8832373747838,0
4196,0.0092639832566216,0.022930108709176,-4.1923300847137,7.2198223589494,0
2614,-0.094256835623495,-0.0086496449571836,-4.1878078460426,3.3829936403107,0
2594,-0.081515523077744,-0.003571426769523,-4.1873810718177,4.4134773628281,0
2653,-0.11842801223233,-0.006606111643968,-4.1846873073207,1.1932157299713,0
4110,-0.017830824938827,0.013986963264976,-4.1842486512935,6.5595293018955,0
4239,0.024588318107091,0.027645480368286,-4.1836981603034,7.5686186184396,0
2634,-0.095095723754468,-0.010046355736072,-4.1827054555081,2.3525099177961,0
3940,-0.052299688151333,0.0036356697454612,-4.1811439174225,5.5587677833404,0
4326,0.065002458425195,0.041013314514004,-4.1807892857986,8.3986286583355,0
2615,-0.093273450422434,-0.0084638546872864,-4.174503293341,3.5118041056254,0
2595,-0.079387267946128,-0.0030757312900501,-4.1737309463187,4.5422878281427,0
2654,-0.094972011256895,-0.008065224806914,-4.1720739002141,1.3220261952853,0
2635,-0.095565711861858,-0.010233215328474,-4.169746475604,2.4813203831098,0
4067,-0.029355633176577,0.0099863201142101,-4.1682890324204,6.249354199838,0
4282,0.041138044306029,0.032717979342793,-4.1661426867508,7.9289513214434,0
3982,-0.046279956062135,0.0049465492154318,-4.1653571412784,5.7511017563958,0
2616,-0.092102579753669,-0.0082382733538419,-4.1611987406394,3.64061457094,0
2655,-0.089146118364788,-0.0087081537976607,-4.1594604931075,1.4508366605994,0
2636,-0.095892602713939,-0.010386627881759,-4.1567874957,2.6101308484235,0
5513,0.13302418702623,0.065143772258616,-4.156415369605,9.2102292971641,0
5519,0.08655902113128,0.047790633092816,-4.1496753565076,8.7655005142367,0
3813,-0.06950869848923,-0.0014966120917151,-4.1492043006451,4.9779145632023,0
3771,-0.073225968661434,-0.0023525715980253,-4.1486389124113,4.8323595958932,0
2617,-0.090749110029074,-0.0079728193870738,-4.1478941879379,3.7694250362547,0
5507,0.14291269159702,0.06554453225347,-4.1473728874149,9.6584675237952,0
4195,0.0045709535625671,0.020491966616701,-4.1470206229788,7.1281336116455,0
2656,-0.089460279924723,-0.009117077618986,-4.1468470860009,1.5796471259134,0
3855,-0.065245965046508,-0.00050523036158097,-4.1463946459519,5.1350682513035,0
4152,-0.0092848902519372,0.015944244661918,-4.1458852241,6.7939611271762,0
3729,-0.076443407925711,-0.0030448411237723,-4.1450307768689,4.6987856761756,0
4024,-0.039804592689366,0.0063431193042743,-4.1449128910811,5.9533581765448,0
2637,-0.096062898497577,-0.01050443596175,-4.143828515796,2.7389413137375,0
3897,-0.060455026972489,0.00057536689583648,-4.1398872211363,5.3034301530996,0
4238,0.019555947901749,0.025116100073489,-4.1396289849628,7.4745892356569,0
4325,0.058996842657729,0.038191740876991,-4.1393281760556,8.3001368246329,0
4109,-0.021730094945381,0.011704799977012,-4.1365928446426,6.4727365800685,0
2618,-0.089220651624062,-0.0076671408652198,-4.1345896352363,3.8982355015694,0
2657,-0.090382801236227,-0.0095446444573997,-4.1342336788943,1.7084575912274,0
2638,-0.096065352655942,-0.010584863236838,-4.1308695358919,2.8677517790519,0
3939,-0.055131130268367,0.0017419653235096,-4.1293690563824,5.4826018055372,0
4281,0.035690453660248,0.030034956469973,-4.1233567494213,7.8326539805547,0
2658,-0.091334206111565,-0.0099542865856,-4.1216202717877,1.8372680565413,0
2619,-0.087528885241418,-0.0073216443382307,-4.1212850825347,4.0270459668841,0
4066,-0.032887350952879,0.0078390948655113,-4.1195298148526,6.165115167067,0
2639,-0.095890991123622,-0.010626487929977,-4.1179105559878,2.9965622443666,0
3981,-0.049315227770284,0.0029867892486401,-4.1145371223095,5.6721770187684,0
5512,0.1198138433627,0.059267811154029,-4.1136566139268,9.1198219791555,0
2659,-0.092247646366497,-0.010343989965921,-4.1090068646811,1.966078521855,0
2620,-0.085692198588072,-0.0069412776362995,-4.1079805298332,4.1558564321988,0
5506,0.16534833013751,0.076736418051864,-4.1063967565107,9.5672366358269,0
5518,0.079018953838357,0.044331984831251,-4.1051504753902,8.6759515142152,0
2640,-0.09553310634957,-0.010628217242794,-4.1049515760837,3.1253727096813,0
4194,-4.1514983483352e-05,0.018060364070576,-4.1017111612438,7.0364448643415,0
4151,-0.013512659022941,0.013568853203797,-4.0993797746861,6.7046848795687,0
4324,0.053127869957125,0.035387966215344,-4.0978670663127,8.2016449909305,0
2660,-0.093095268915166,-0.010709770337309,-4.0963934575745,2.0948889871687,0
4237,0.01462696920038,0.022615147659239,-4.0955598096222,7.3805598528743,0
4023,-0.043034722828477,0.0043115401207518,-4.0950985084723,5.8717421089238,0
3812,-0.071565873235906,-0.0031951026602521,-4.0948820676178,4.9104197445837,0
2621,-0.083731380893972,-0.0065136179790496,-4.0946759771316,4.2846668975135,0
3770,-0.075070915452127,-0.0040924722322492,-4.0935773109184,4.7678834430094,0
3854,-0.067537992898135,-0.0022578669824013,-4.0928674572654,5.064618225903,0
2641,-0.094987235887513,-0.010589261586624,-4.0919925961795,3.2541831749961,0
3728,-0.078099234152889,-0.005149299923359,-4.0892866558748,4.6373905992585,0
4108,-0.025505696230532,0.0094565604396333,-4.0889370379918,6.3859438582417,0
216,-0.99931995058348,0.0011832987424565,-4.0884400914609,0.062500002000121,0
217,-0.9167749724014,0.0034100121411701,-4.0884400914609,0.18750000600041,0
218,-0.8009223600206,0.0047677941202992,-4.0884400914609,0.31250001000045,0
219,-0.67463163976482,0.0050946659160947,-4.0884400914609,0.43750001400016,0
1024,-0.54774582889844,0.0044102286437003,-4.0884400914609,0.56250001800011,0
1025,-0.42794904800249,0.0028605892647002,-4.0884400914609,0.68750002200033,0
1026,-0.32025326566588,0.00057069094371605,-4.0884400914609,0.81250002600035,0
1027,-0.22994174904584,-0.0021327136539855,-4.0884400914609,0.93750003000012,0
3896,-0.062971720945308,-0.0012377209985409,-4.087209560239,5.2300894065418,0
2661,-0.093854940753878,-0.011047380231234,-4.083780050468,2.2236994524825,0
2680,-0.16155638545128,-0.0047413629203787,-4.0823061743063,1.0644052646571,0
2622,-0.081684278306997,-0.0060084939673052,-4.0813714244301,4.4134773628281,0
4280,0.030373063884697,0.027390928096363,-4.0805708120918,7.7363566396661,0
2642,-0.094251139545208,-0.010509109040721,-4.0790336162754,3.3829936403107,0
3938,-0.057875145417026,-0.00013323556675086,-4.0775941953423,5.406435827734,0
2662,-0.094506702769274,-0.011353668734909,-4.0711666433614,2.3525099177962,0
5511,0.10754611554073,0.053870435614056,-4.0708978582486,9.0294146611473,0
4065,-0.036319020031599,0.005725348197842,-4.0707705972849,6.080876134296,0
2681,-0.11615320333518,-0.0070643694035526,-4.0700383399972,1.1932157299713,0
2623,-0.079752867912346,-0.0058332659861844,-4.0680668717285,4.5422878281427,0
2643,-0.093324798982248,-0.010387510543435,-4.0660746363713,3.5118041056254,0
5505,0.15876510994626,0.072552956141636,-4.0654206256065,9.4760057478586,0
3980,-0.052264228300371,0.0010465770295666,-4.0637171033406,5.5932522811412,0
4367,0.072186321747789,0.041146602456812,-4.0628400003023,8.5808709647868,0
2663,-0.095032575014315,-0.011625780103854,-4.0585532362548,2.4813203831098,0
2682,-0.093337415754593,-0.0086187167592877,-4.057770505688,1.3220261952853,0
4323,0.047373887819946,0.032599281524747,-4.0564059565698,8.1031531572283,0
4193,-0.0045702380478586,0.015622458470206,-4.0564016995087,6.9447561170375,0
2644,-0.092210477296396,-0.010224495083891,-4.0531156564672,3.64061457094,0
4150,-0.017588826692757,0.011218598148448,-4.0528743252722,6.6154086319611,0
4236,0.0097895794596269,0.020133703648759,-4.0514906342817,7.2865304700917,0
2664,-0.095416639377294,-0.011861332234877,-4.0459398291482,2.6101308484236,0
2683,-0.088011849324629,-0.0093550647180264,-4.0455026713788,1.4508366605994,0
4022,-0.04617942048371,0.0023045985174477,-4.0452841258636,5.7901260413027,0
4107,-0.029165331947008,0.0072454023356702,-4.0412812313411,6.2991511364152,0
3811,-0.073498601637921,-0.0048454224599716,-4.0405598345905,4.8429249259651,0
2645,-0.090912856443855,-0.010020324087812,-4.0401566765631,3.7694250362547,0
3853,-0.069718915025063,-0.003993157900665,-4.039340268579,4.9941682005026,0
3769,-0.076635854589263,-0.0054133911981628,-4.0385157094256,4.7034072901257,0
4279,0.025182981210432,0.024786891777726,-4.0377848747623,7.6400592987774,0
3895,-0.065385125376359,-0.0030320259257174,-4.0345318993417,5.1567486599839,0
2665,-0.095645158659141,-0.012058334979978,-4.0333264220416,2.7389413137375,0
2684,-0.088424454959963,-0.009877794883666,-4.0332348370696,1.5796471259134,0
5510,0.096755457478935,0.049129104750089,-4.0281391025708,8.9390073431395,0
2646,-0.089439332833837,-0.0097753793034126,-4.027197696659,3.8982355015694,0
3937,-0.060519087355216,-0.0019898425946192,-4.0258193343022,5.3302698499308,0
5504,0.14715349867089,0.067566768662745,-4.0244444947022,9.3847748598902,0
4366,0.065749918980909,0.038226267754179,-4.0227439312441,8.4802588659514,0
4064,-0.03965858902753,0.0036410922634364,-4.0220113797171,5.9966371015248,0
2685,-0.089393242305655,-0.010411167498775,-4.0209670027605,1.7084575912274,0
2666,-0.095706639222674,-0.0122151721538,-4.020713014935,2.8677517790519,0
4322,0.04174367218735,0.02983380859733,-4.0149448468268,8.0046613235259,0
2647,-0.087801091861025,-0.0094914927718664,-4.0142387167548,4.0270459668841,0
3979,-0.055116533515097,-0.00086836576852271,-4.0128970843717,5.5143275435139,0
4192,-0.0089910921698459,0.013133868993539,-4.0110922377737,6.8530673697336,0
2686,-0.090392322054022,-0.010925258015671,-4.0086991684513,1.8372680565413,0
2667,-0.095591859426064,-0.012330576252872,-4.0080996078283,2.9965622443666,0
4235,0.005032171368133,0.017663396607578,-4.0074214589412,7.1925010873091,0
4149,-0.02152214181173,0.0088960266940247,-4.0063688758583,6.5261323843534,0
2648,-0.086014651670884,-0.0091732901337871,-4.0012797368507,4.1558564321988,0
2687,-0.091356104902205,-0.011415186499089,-3.9964313341421,1.966078521855,0
2668,-0.09529386867339,-0.012403606279243,-3.9954862007216,3.1253727096814,0
4021,-0.049235324197235,0.00032386108820678,-3.9954697432549,5.7085099736818,0
4278,0.020110405697661,0.022219000030153,-3.9949989374329,7.5437619578888,0
4106,-0.032714807268682,0.005070010390806,-3.9936254246907,6.212358414589,0
2649,-0.084099658728059,-0.0088118191210926,-3.9883207569466,4.2846668975135,0
3810,-0.075329418104479,-0.0066034218816457,-3.9862376015632,4.7754301073465,0
3852,-0.071784095980782,-0.0057183661705661,-3.9858130798925,4.9237181751022,0
5509,0.087614024305628,0.045069164540135,-3.985380346893,8.8486000251318,0
2688,-0.092256446019601,-0.011877593385921,-3.984163499833,2.0948889871687,0
5503,0.13415335915839,0.061837015375224,-3.9834683637979,9.2935439719217,0
3768,-0.078190345623905,-0.007520589191661,-3.9834541079328,4.6389311372419,0
2669,-0.094807967922388,-0.012433628035031,-3.982872793615,3.2541831749961,0
4365,0.059642464354303,0.035333536925922,-3.9826478621859,8.3796467671159,0
3894,-0.067690369063367,-0.0048087020272092,-3.9818542384444,5.083407913426,0
2650,-0.082093850146177,-0.0084128011530962,-3.9753617770425,4.4134773628281,0
3936,-0.063052807280747,-0.0038249652822707,-3.9740444732621,5.2541038721277,0
4321,0.036248085893096,0.027102459337909,-3.9734837370838,7.9061694898232,0
220,-1.0036536606787,0.0012119853842157,-3.9732727649413,0.06250000200012,0
221,-0.92042257125983,0.0035137474643288,-3.9732727649413,0.18750000600041,0
222,-0.80338762994347,0.0049241578235114,-3.9732727649413,0.31250001000045,0
223,-0.67575664027091,0.0052571181925792,-3.9732727649413,0.43750001400016,0
1028,-0.54755155444932,0.0045316273966993,-3.9732727649413,0.5625000180001,0
1029,-0.42660429943929,0.002899476458828,-3.9732727649413,0.68750002200031,0
1030,-0.31794973219353,0.0004934100085932,-3.9732727649413,0.81250002600032,0
1031,-0.22719942992001,-0.0023456389177605,-3.9732727649413,0.93750003000011,0
4063,-0.042904714784338,0.0015878989031513,-3.9732521621491,5.9123980687535,0
2689,-0.09307096130412,-0.012308233965837,-3.9718956655239,2.2236994524824,0
2670,-0.094131685126774,-0.012420299216939,-3.9702593865083,3.3829936403107,0
2708,-0.15878069336995,-0.0050908397959054,-3.9673116341854,1.0644052646571,0
4191,-0.013271302107368,0.010709143566205,-3.9657827760388,6.7613786224299,0
5497,0.14119280248063,0.061513385034968,-3.9657050483421,9.7416890023721,0
4234,0.00034587616257334,0.015195600262329,-3.9633522836006,7.0984717045265,0
2651,-0.080109837916822,-0.0082559469362419,-3.9624027971384,4.5422878281427,0
3978,-0.057882609145391,-0.0027653052476911,-3.9620770654028,5.4354028058866,0
4148,-0.025318623362912,0.0066147179102474,-3.9598634264443,6.4368561367459,0
2690,-0.093779417666027,-0.012704085719963,-3.9596278312147,2.3525099177962,0
2671,-0.093264767835514,-0.012363572900128,-3.9576459794016,3.5118041056254,0
2709,-0.11373300350606,-0.0075401572074889,-3.9553893726736,1.1932157299713,0
4277,0.015141573189748,0.019679980242674,-3.9522130001034,7.4474646170002,0
2691,-0.094363569639834,-0.013062459260506,-3.9473599969056,2.4813203831099,0
4105,-0.036158379430114,0.0029334519880327,-3.9459696180403,6.1255656927627,0
4020,-0.052206683314385,-0.0016387878422376,-3.9456553606463,5.626893906061,0
2672,-0.092209221773143,-0.01226372707232,-3.9450325722949,3.64061457094,0
2710,-0.091573015892758,-0.0091934197683982,-3.9434671111619,1.3220261952853,0
5508,0.079909663375537,0.041559486625405,-3.942621591215,8.7581927071238,0
4364,0.053695179466533,0.032467260787147,-3.9425517931277,8.2790346682807,0
5502,0.1210652306872,0.056186136435966,-3.9424922328936,9.2023130839533,0
2692,-0.094807232231138,-0.013381134990591,-3.9350921625964,2.6101308484236,0
2673,-0.090969403438133,-0.012121345797555,-3.9324191651883,3.7694250362547,0
3851,-0.073726409512839,-0.007396916354441,-3.932285891206,4.8532681497016,0
4320,0.0308911782207,0.024411020049349,-3.9320226273407,7.8076776561206,0
3809,-0.076828033020922,-0.0078890803929588,-3.9319153685359,4.7079352887279,0
2711,-0.086729717614107,-0.010029191545661,-3.9315448496502,1.4508366605993,0
3893,-0.069881738342611,-0.0065665291465282,-3.9291765775471,5.0100671668682,0
5496,0.16384830503496,0.072024847318269,-3.926527359461,9.6496696087771,0
4062,-0.046066413424157,-0.00044056679857485,-3.924492944581,5.8281590359821,0
2693,-0.09509639777129,-0.013658284699017,-3.9228243282873,2.7389413137375,0
3935,-0.065479155615148,-0.0056406313290083,-3.9222696122219,5.1779378943244,0
4190,-0.017389887239757,0.0083076842676321,-3.9204733143039,6.6696898751261,0
2674,-0.089552259545584,-0.011937418512847,-3.9198057580816,3.8982355015694,0
2712,-0.087235430112774,-0.010670969494261,-3.9196225881384,1.5796471259134,0
4233,-0.0042624212847757,0.012707555977078,-3.9192831082599,7.0044423217437,0
4147,-0.02899268439088,0.004376495653775,-3.9133579770306,6.3475798891387,0
3977,-0.06054502062524,-0.0046430890243853,-3.911257046434,5.3564780682595,0
2694,-0.095219302279729,-0.013892447428609,-3.9105564939781,2.8677517790519,0
4276,0.010260534451501,0.017161176802291,-3.9094270627739,7.3511672761116,0
2713,-0.088251870706562,-0.011313290135758,-3.9077003266267,1.7084575912274,0
2675,-0.087968155678024,-0.011714653815372,-3.9071923509749,4.0270459668841,0
4363,0.047878590679278,0.029620667971006,-3.9024557240696,8.1784225694456,0
4407,0.072889252874011,0.038309516669633,-3.9018961105126,8.661660348278,0
5501,0.10877896317402,0.050942348643309,-3.9015161019894,9.1110821959854,0
4104,-0.039511480578371,0.0008268305614664,-3.8983138113898,6.0387729709363,0
2695,-0.095166456772819,-0.014082505444923,-3.8982886596688,2.9965622443667,0
4019,-0.055072669760589,-0.0035723272082497,-3.8958409780376,5.5452778384401,0
2714,-0.089300210766827,-0.011933747442367,-3.895778065115,1.8372680565413,0
2676,-0.086231641054713,-0.011457207144001,-3.8945789438682,4.1558564321988,0
4319,0.025668217234123,0.021759647846289,-3.8905615175977,7.7091858224179,0
5495,0.15902281197726,0.068645288800109,-3.88734967058,9.5576502151823,0
2696,-0.094930647904342,-0.014227664825728,-3.8860208253596,3.1253727096814,0
2715,-0.090316254647698,-0.012525380500417,-3.8838558036033,1.966078521855,0
2677,-0.084360057923619,-0.011159334736138,-3.8819655367616,4.2846668975135,0
3850,-0.075469818709251,-0.009085254348215,-3.8787587025195,4.7828181243011,0
3808,-0.078394800740126,-0.010054342234301,-3.8775931355086,4.6404404701093,0
3892,-0.071957555622144,-0.0083091515907434,-3.8764989166499,4.9367264203104,0
4061,-0.049135194654037,-0.0024393632531836,-3.8757337270131,5.7439200032109,0
4232,-0.0087530768058316,0.010145722435647,-3.8752139329194,6.9104129389612,0
4189,-0.021349501551114,0.0059425057174302,-3.8751638525689,6.5780011278221,0
2697,-0.094506917123945,-0.014327440469844,-3.8737529910503,3.2541831749961,0
2716,-0.091271507773282,-0.013085588038142,-3.8719335420916,2.0948889871687,0
3934,-0.067795238630267,-0.0074365640641144,-3.8704947511817,5.1017719165211,0
2678,-0.082386620678866,-0.010842665082764,-3.8693521296549,4.4134773628281,0
4146,-0.032552983644226,0.0021760627740659,-3.866852527617,6.2583036415318,0
4275,0.0054490135774316,0.014654221880649,-3.8666411254446,7.2548699352231,0
4406,0.066312145880813,0.035302257335141,-3.863203904786,8.5590029485948,0
4362,0.042197827509184,0.026799787509527,-3.8623596550114,8.0778104706103,0
2698,-0.093892530687177,-0.014381649459373,-3.8614851567411,3.3829936403108,0
5500,0.097823761270707,0.046256239611217,-3.8605399710855,9.0198513080178,0
3976,-0.06309038292885,-0.0064972563974371,-3.8604370274652,5.2775533306322,0
2717,-0.092143243703307,-0.013610311658336,-3.8600112805799,2.2236994524824,0
224,-1.0081137839175,0.0012412401600409,-3.8581054384216,0.06250000200012,0
225,-0.924192907055,0.0036228344727786,-3.8581054384216,0.18750000600041,0
226,-0.80593527909459,0.0050911139539961,-3.8581054384216,0.31250001000045,0
227,-0.67690687716779,0.0054319493273791,-3.8581054384216,0.43750001400016,0
1032,-0.54732227202064,0.004663411107959,-3.8581054384216,0.56250001800009,0
1033,-0.4251711946592,0.0029436284385782,-3.8581054384216,0.68750002200028,0
1034,-0.31551589273099,0.00041385268908338,-3.8581054384216,0.8125000260003,0
1035,-0.22430262141286,-0.0025687483950447,-3.8581054384216,0.93750003000011,0
2679,-0.080385619610653,-0.01070184414156,-3.8567387225482,4.5422878281427,0
2736,-0.1558459527513,-0.0054573394021152,-3.8523170940644,1.0644052646571,0
4103,-0.042765307671087,-0.0012444419323456,-3.8506580047391,5.9519802491097,0
2699,-0.093086959968616,-0.014390426074696,-3.8492173224319,3.5118041056254,0
4318,0.02056732500764,0.019143753792878,-3.8491004078547,7.6106939887153,0
5494,0.14774544916308,0.063832891515495,-3.8481719816989,9.4656308215872,0
2718,-0.092910891962495,-0.014096710321561,-3.8480890190682,2.3525099177962,0
4018,-0.057854367547722,-0.005489539205046,-3.8460265954289,5.4636617708193,0
2737,-0.11116343669046,-0.0080367175889094,-3.8407404053501,1.1932157299713,0
2700,-0.092091890976809,-0.014354253583926,-3.8369494881226,3.64061457094,0
2719,-0.09355589159456,-0.014542288188374,-3.8361667575564,2.4813203831099,0
4231,-0.013077927658105,0.0076710406616363,-3.8311447575789,6.8163835561788,0
4188,-0.025153365863616,0.0036314854011967,-3.829854390834,6.4863123805184,0
2738,-0.089673891886768,-0.0097928709371668,-3.8291637166358,1.3220261952853,0
4060,-0.052124127329072,-0.0044231603151441,-3.8269745094453,5.6596809704398,0
3849,-0.076977226815292,-0.010395106467655,-3.8252315138331,4.7123680989007,0
2701,-0.090911265806991,-0.014273964108205,-3.8246816538134,3.7694250362547,0
4405,0.060105798772231,0.03233691815168,-3.8245116990594,8.4563455489115,0
2720,-0.094061754895948,-0.014944999259538,-3.8242444960447,2.6101308484236,0
4274,0.00069167218301973,0.0121427019427,-3.8238551881151,7.1585725943344,0
3891,-0.073842540631735,-0.0099452700610095,-3.8238212557525,4.8633856737525,0
4361,0.036661770346633,0.024013973581454,-3.8222635859531,7.9771983717747,0
4145,-0.035997745722818,2.1884637955877e-05,-3.8203470782035,6.1690273939249,0
5499,0.088504518320648,0.04219869765685,-3.8195638401817,8.9286204200503,0
3933,-0.069998815358353,-0.0092089028962966,-3.8187198901416,5.0256059387179,0
2739,-0.085292432779077,-0.010732392946571,-3.8175870279215,1.4508366605993,0
2702,-0.089551463209724,-0.014150973550401,-3.8124138195042,3.8982355015694,0
2721,-0.094414177351098,-0.015303180159423,-3.812322234533,2.7389413137375,0
3975,-0.065527132071402,-0.0083297359978878,-3.8096170084962,5.1986285930049,0
5493,0.13506916721229,0.058375775457501,-3.8089942928177,9.3736114279922,0
4317,0.015572177029394,0.016555250888753,-3.8076392981117,7.5122021550127,0
2740,-0.085887815101226,-0.011496658344965,-3.8060103392072,1.5796471259133,0
4102,-0.045937872662814,-0.0032926380158392,-3.8030021980884,5.8651875272831,0
2722,-0.094601103999592,-0.015615524230155,-3.8003999730212,2.867751779052,0
2703,-0.088021903208858,-0.013988367448388,-3.8001459851949,4.0270459668841,0
4017,-0.060529575828884,-0.0073859060293905,-3.7962122128203,5.3820457031985,0
2741,-0.086954119709269,-0.01225055024811,-3.7944336504929,1.7084575912274,0
2723,-0.094612760848665,-0.015881059681325,-3.7884777115094,2.9965622443667,0
2704,-0.086335238438604,-0.013789514281689,-3.7878781508857,4.1558564321988,0
4230,-0.017226504633943,0.0052287729624164,-3.7870755822384,6.7223541733963,0
4404,0.054086079959818,0.029405697109003,-3.7858194933328,8.3536881492283,0
4187,-0.02883009594194,0.0013723753785796,-3.7845449290992,6.3946236332149,0
2742,-0.088053893142795,-0.012979054189795,-3.7828569617787,1.8372680565412,0
5487,0.13917984174685,0.057460749284895,-3.7825105899071,9.8214938173977,0
4360,0.031273015264338,0.021268087824692,-3.7821675168948,7.8765862729392,0
4273,-0.0040004907255859,0.0095742716595476,-3.7810692507855,7.0622752534457,0
5498,0.080628870319135,0.038643342567219,-3.7785877092776,8.8373895320825,0
4059,-0.054996067994261,-0.006372603823746,-3.7782152918774,5.5754419376686,0
2724,-0.094441654699735,-0.016099132747853,-3.7765554499976,3.1253727096814,0
2705,-0.084506526582724,-0.013551012636591,-3.7756103165764,4.2846668975135,0
4144,-0.039358357485804,-0.0021046495432728,-3.7738416287899,6.0797511463177,0
3848,-0.078534031375086,-0.012585551395587,-3.7717043251466,4.6419180735002,0
2743,-0.089124488830548,-0.013673771087266,-3.7712802730644,1.966078521855,0
3890,-0.075550552818234,-0.011603847741668,-3.7711435948552,4.7900449271946,0
5492,0.12213093203573,0.052936488355853,-3.7698166039366,9.2815920343972,0
3932,-0.072037015951783,-0.010916400127785,-3.7669450291015,4.9494399609147,0
4316,0.010662725832093,0.013986499058703,-3.7661781883687,7.4137103213101,0
2725,-0.094082548810389,-0.016269396173312,-3.7646331884858,3.2541831749961,0
2706,-0.082564654758013,-0.013300485826041,-3.7633424822672,4.4134773628281,0
2744,-0.090137085934897,-0.014332875775107,-3.7597035843501,2.0948889871687,0
3974,-0.06785624114951,-0.010137103453581,-3.7587969895273,5.1197038553775,0
4101,-0.049010157963414,-0.0053066484233928,-3.7553463914379,5.7783948054567,0
2726,-0.093532425409495,-0.016391808043734,-3.752710926974,3.3829936403108,0
2707,-0.080562755713628,-0.013167404744,-3.751074647958,4.5422878281427,0
2745,-0.091068580043588,-0.014952644501236,-3.7481268956359,2.2236994524824,0
4403,0.048213635748452,0.026497555513434,-3.7471272876063,8.2510307495454,0
4016,-0.063084450477572,-0.0092542132602993,-3.7463978302117,5.3004296355777,0
5486,0.16199223967959,0.067258517413584,-3.7451464721608,9.7287212854557,0
4229,-0.021204104132672,0.002827535695402,-3.7430064068978,6.6283247906136,0
229,-0.928094192316,0.0037371230928256,-3.7429381119019,0.18750000600041,0
1038,-0.31294400146624,0.00033187713629897,-3.7429381119019,0.81250002600028,0
1039,-0.22124306200592,-0.0028028097108313,-3.7429381119019,0.9375000300001,0
228,-1.0127055446966,0.0012707481711051,-3.7429381119019,0.06250000200012,0
230,-0.80857216834044,0.0052690378265239,-3.7429381119019,0.31250001000044,0
231,-0.67808541722766,0.0056198139533632,-3.7429381119019,0.43750001400015,0
1036,-0.54705665125587,0.0048062081838353,-3.7429381119019,0.56250001800008,0
1037,-0.42364464193673,0.0029934427867978,-3.7429381119019,0.68750002200026,0
4359,0.026025304790138,0.018562038455176,-3.7420714478365,7.7759741741037,0
2727,-0.092790451237516,-0.016466651126994,-3.7407886654622,3.5118041056254,0
4447,0.073404407969295,0.03533205266676,-3.7394741819792,8.7394605752571,0
4186,-0.032394948712372,-0.0008495932681656,-3.7392354673646,6.3029348859118,0
4272,-0.0085579715151964,0.0069560069381406,-3.738283313456,6.9659779125572,0
2764,-0.15274506222385,-0.0058423751967304,-3.7373225539435,1.0644052646571,0
2746,-0.091898033046528,-0.015530475211362,-3.7365502069216,2.3525099177962,0
5491,0.10985432752445,0.047836825028366,-3.7306389150556,9.1895726408026,0
4058,-0.057787807147753,-0.0083085351254036,-3.7294560743095,5.4912029048975,0
2728,-0.09185795679309,-0.01649455754693,-3.7288664039505,3.6406145709401,0
4143,-0.042610216857589,-0.0041899894304425,-3.7273361793761,5.9904748987104,0
2765,-0.10843891871827,-0.0085563666047892,-3.7260914380266,1.1932157299713,0
2747,-0.092606538340304,-0.016064099882936,-3.7249735182073,2.4813203831099,0
4315,0.0058118341221756,0.011432551930303,-3.7247170786258,7.3152184876076,0
3889,-0.077071465225554,-0.012945428155946,-3.718465933958,4.7167041806368,0
2729,-0.090738434346122,-0.016476523320198,-3.7169441424387,3.7694250362547,0
3931,-0.073872591575482,-0.01251695320625,-3.7151701680613,4.8732739831114,0
2766,-0.087634836292965,-0.010419396799124,-3.7148603221097,1.3220261952853,0
2748,-0.093177280867263,-0.016551665185401,-3.7133968294931,2.6101308484236,0
4402,0.042489088842671,0.023616592846884,-3.7084350818797,8.1483733498621,0
3973,-0.070036603625843,-0.011883437373509,-3.7079769705584,5.0407791177502,0
5485,0.15892883065912,0.064581258841881,-3.7077823544145,9.6359487535138,0
4100,-0.052011783817258,-0.0073102930292127,-3.7076905847873,5.6916020836303,0
2730,-0.089437671428547,-0.016414217017555,-3.7050218809269,3.8982355015694,0
2767,-0.083693995025479,-0.011466153306005,-3.7036292061929,1.4508366605993,0
4446,0.066679480287561,0.032240992741024,-3.7022232582866,8.6348335495744,0
4358,0.020905045478948,0.015890826401261,-3.7019753787783,7.6753620752681,0
2749,-0.093595639787543,-0.016991681378266,-3.7018201407788,2.7389413137376,0
4228,-0.024998507288131,0.00049623183189797,-3.6989372315573,6.5342954078312,0
4015,-0.065535173478458,-0.011095680724556,-3.696583447603,5.2188135679567,0
4271,-0.012911299445729,0.0044365507240755,-3.6954973761267,6.8696805716689,0
4185,-0.035827813813564,-0.0030149405895755,-3.6939260056301,6.2112461386087,0
2731,-0.08796416237171,-0.016310724106353,-3.6930996194151,4.0270459668842,0
2768,-0.084376965622677,-0.01235513955028,-3.692398090276,1.5796471259133,0
5490,0.098793776099475,0.043229657311368,-3.6914612261749,9.0975532472085,0
2750,-0.093849253387911,-0.017382998751369,-3.6902434520645,2.867751779052,0
4314,0.00099628580176366,0.0088694097543832,-3.6832559688828,7.216726653905,0
2732,-0.08632893684249,-0.016168502949122,-3.6811773579033,4.1558564321988,0
2769,-0.085495821572362,-0.013222736120654,-3.6811669743592,1.7084575912273,0
4142,-0.045788108678468,-0.0062563709947142,-3.6808307299623,5.9011986511032,0
4057,-0.060474782269464,-0.010218580824086,-3.6806968567417,5.4069638721264,0
2751,-0.09392804925603,-0.017724789136218,-3.6786667633501,2.9965622443667,0
5484,0.14807058602954,0.059937046587627,-3.6704182366682,9.5431762215717,0
2770,-0.086649628359428,-0.014060633225343,-3.6699358584423,1.8372680565412,0
4401,0.03691934549666,0.020770941511505,-3.669742876153,8.0457159501787,0
2733,-0.084545329026329,-0.015986106729872,-3.6692550963915,4.2846668975135,0
2752,-0.093824242035929,-0.018016531706457,-3.6670900746358,3.1253727096814,0
3888,-0.078609472400281,-0.015148054563111,-3.6657882730606,4.6433634340789,0
4445,0.06037703574848,0.029203181537817,-3.664972334594,8.5302065238916,0
3930,-0.075575375710001,-0.014176734544561,-3.6633953070211,4.7971080053081,0
4357,0.015894087144745,0.013244176546773,-3.66187930972,7.5747499764326,0
4099,-0.054885179340246,-0.0092718655133761,-3.6600347781368,5.6048093618039,0
2771,-0.087777377241609,-0.014859591736376,-3.6587047425255,1.966078521855,0
2734,-0.082639096599202,-0.015792863767136,-3.6573328348797,4.4134773628281,0
3972,-0.072013417118501,-0.013537430815378,-3.6571569515895,4.961854380123,0
2753,-0.093532304684655,-0.018258003998698,-3.6555133859214,3.2541831749961,0
4227,-0.02866291639583,-0.0017747538762519,-3.6548680562169,6.4402660250491,0
4270,-0.017072316867665,0.001967858966475,-3.6527114387973,6.7733832307804,0
5489,0.089269659117577,0.039178510937288,-3.6522835372942,9.0055338536144,0
4184,-0.039190830810769,-0.0051593144677932,-3.6486165438954,6.1195573913053,0
2772,-0.088849968106718,-0.015618519959148,-3.6474736266087,2.0948889871687,0
4014,-0.067846606074468,-0.012878280011356,-3.6467690649943,5.1371975003358,0
2735,-0.080650842920891,-0.015669718037852,-3.6454105733679,4.5422878281427,0
2754,-0.093048923006548,-0.018449283624827,-3.6439366972071,3.3829936403108,0
4313,-0.0037694428489724,0.0061838654860842,-3.6417948591396,7.1182348202023,0
2773,-0.089843910550979,-0.016334141248121,-3.6362425106919,2.2236994524824,0
4141,-0.048856714092236,-0.0082829690286083,-3.6343252805486,5.811922403496,0
5483,0.13575658829118,0.054743785803194,-3.6330541189218,9.4504036896296,0
2755,-0.092372946413843,-0.018590766018039,-3.6323600084927,3.5118041056254,0
4056,-0.06304466495102,-0.01209218764677,-3.6319376391738,5.3227248393552,0
4400,0.031506092510366,0.017965261950892,-3.6310506704264,7.9430585504953,0
233,-0.93213502081569,0.0038565435053245,-3.6277707853825,0.18750000600041,0
1042,-0.31022561202952,0.0002471851199616,-3.6277707853825,0.81250002600025,0
1043,-0.21801179366883,-0.003048935564053,-3.6277707853825,0.93750003000009,0
232,-1.0174338192391,0.0013001986665527,-3.6277707853825,0.06250000200012,0
234,-0.81130570326288,0.0054585369082662,-3.6277707853825,0.31250001000044,0
235,-0.67929563352337,0.0058216670200873,-3.6277707853825,0.43750001400015,0
1040,-0.54675332544115,0.0049608892982479,-3.6277707853825,0.56250001800007,0
1041,-0.42201920618838,0.0030493846495862,-3.6277707853825,0.68750002200023,0
4444,0.054292586729327,0.026205249958058,-3.6277214109014,8.425579498209,0
2774,-0.090737889349099,-0.017004147019673,-3.625011394775,2.3525099177962,0
2792,-0.14947018484153,-0.0062476255631815,-3.6223280138227,1.0644052646571,0
4356,0.010971992526842,0.010616273587202,-3.6217832406618,7.4741378775972,0
2756,-0.091505340369283,-0.018683177519608,-3.6207833197784,3.6406145709401,0
2775,-0.091512637858857,-0.017626532259762,-3.6137802788582,2.4813203831099,0
5488,0.081190004577348,0.035578237447914,-3.6131058484133,8.9135144600199,0
4098,-0.057688504803832,-0.011222247743415,-3.6123789714862,5.5180166399775,0
3929,-0.077100631793333,-0.01554280096346,-3.611620445981,4.7209420275049,0
2793,-0.10555355454681,-0.0091010962290228,-3.6114424707033,1.1932157299713,0
4226,-0.032228989033538,-0.0040142267738553,-3.6107988808767,6.3462366422673,0
4269,-0.021065338162115,-0.00046057213181673,-3.6099255014679,6.6770858898917,0
2757,-0.090449153278373,-0.018727604552813,-3.609206631064,3.7694250362547,0
3971,-0.073845858928801,-0.015149307877073,-3.6063369326206,4.8829296424956,0
4183,-0.04243305419784,-0.0072544215767899,-3.6033070821606,6.0278686440018,0
2776,-0.092150999821932,-0.018199658973356,-3.6025491629414,2.6101308484236,0
2794,-0.085450564711068,-0.011074782703002,-3.6005569275839,1.3220261952853,0
4312,-0.0083834340786039,0.0035557731435561,-3.6003337493966,7.0197429864998,0
5477,0.13681798668189,0.053375880611757,-3.5978537636322,9.8978539790643,0
2758,-0.089209614745193,-0.018725827370181,-3.5976299423497,3.8982355015694,0
4013,-0.069962466549529,-0.014567413621365,-3.5969546823856,5.055581432715,0
5482,0.12300482942523,0.04950827648979,-3.5956900011754,9.3576311576876,0
4399,0.026242133336874,0.015200978848525,-3.5923584646997,7.8404011508119,0
2777,-0.092638026389778,-0.018722223263432,-3.5913180470245,2.7389413137376,0
4443,0.048373588485865,0.023232670146737,-3.5904704872089,8.3209524725265,0
2795,-0.081929249745707,-0.012231743044874,-3.5896713844644,1.4508366605993,0
4140,-0.051870885790764,-0.01030330482597,-3.587819831135,5.7226461558889,0
2759,-0.08779438692032,-0.018680688707359,-3.5860532536353,4.0270459668842,0
4055,-0.065472567409386,-0.013902907226972,-3.5831784216058,5.238485806584,0
4355,0.0061017920014157,0.0080119151502386,-3.5816871716036,7.3735257787618,0
2778,-0.092961039451746,-0.019193237345371,-3.5800869311077,2.867751779052,0
2796,-0.082698786780294,-0.013246776665795,-3.578785841345,1.5796471259133,0
4487,0.07377930970014,0.032226959334568,-3.5756301840223,8.8142446169422,0
2760,-0.086213200875227,-0.018593803770198,-3.5744765649209,4.1558564321988,0
2779,-0.093109660253718,-0.019612015548328,-3.5688558151907,2.9965622443667,0
2797,-0.083873206232946,-0.014229739761962,-3.5679002982256,1.7084575912273,0
4268,-0.024836787592352,-0.0027983946382634,-3.5671395641384,6.5807885490033,0
4225,-0.035639410700324,-0.0061835704232174,-3.5667297055366,6.2522072594855,0
4097,-0.060395095793298,-0.013136816538306,-3.5647231648357,5.4312239181512,0
2761,-0.084478194936307,-0.018465541088295,-3.5628998762066,4.2846668975135,0
5476,0.15972896651292,0.062425936964883,-3.5623176520908,9.804363965574,0
3928,-0.07861152506065,-0.01774839541004,-3.5598455849408,4.6447760497016,0
4311,-0.012748584708256,0.00099446006098814,-3.5588726396537,6.9212511527975,0
5481,0.11076936552333,0.044551567915264,-3.5583258834292,9.264858625746,0
4182,-0.045616361666658,-0.0093361105370549,-3.5579976204258,5.9361798966983,0
2780,-0.093075804751149,-0.019978163062257,-3.5576246992738,3.1253727096815,0
2798,-0.085083976693706,-0.015177998496784,-3.5570147551062,1.8372680565412,0
3970,-0.075539392885634,-0.016809019497816,-3.5555169136516,4.8040049048683,0
4398,0.021112064860128,0.012475757670274,-3.5536662589731,7.7377437511284,0
4442,0.042614846604516,0.0202879378198,-3.5532195635163,8.2163254468439,0
2762,-0.082612737984928,-0.01832475790125,-3.5513231874923,4.4134773628281,0
4012,-0.071935312688,-0.016226241485824,-3.547140299777,4.9739653650941,0
2781,-0.092853650507325,-0.020291569017861,-3.5463935833569,3.2541831749962,0
2799,-0.086271739782185,-0.016082054135766,-3.5461292119868,1.966078521855,0
4354,0.0012469765882234,0.005411192855259,-3.5415911025454,7.2729136799262,0
4139,-0.054751186496184,-0.01226986379761,-3.5413143817213,5.6333699082819,0
4486,0.066877959858369,0.029042985654006,-3.5398565441212,8.7077243243814,0
2763,-0.080648863090644,-0.018215518311599,-3.5397464987779,4.5422878281427,0
2800,-0.087407164788448,-0.016941488635177,-3.5352436688673,2.0948889871687,0
2782,-0.092439583827729,-0.020552409172705,-3.53516246744,3.3829936403108,0
4054,-0.06772524589498,-0.015632212178337,-3.5344192040379,5.1542467738128,0
5475,0.15843932521356,0.060343249637897,-3.5267815405494,9.7108739520838,0
2801,-0.088466381147053,-0.017753556848332,-3.5243581257479,2.2236994524824,0
4267,-0.02847802353698,-0.0050725429936507,-3.5243536268091,6.4844912081153,0
2783,-0.091832137264102,-0.020761158343424,-3.5239313515231,3.5118041056254,0
4224,-0.039006651797715,-0.008342989551113,-3.5226605301964,6.1581778767034,0
5480,0.09962174462684,0.040024951666557,-3.5209617656832,9.1720860938048,0
4310,-0.016899013399015,-0.0014858218035923,-3.5174115299108,6.8227593190949,0
4096,-0.062923218191021,-0.014963776156046,-3.5170673581852,5.3444311963248,0
4441,0.037021204938031,0.017377875873938,-3.5159686398236,8.111698421161,0
4397,0.016099040065452,0.0097692999854022,-3.5149740532464,7.6350863514451,0
2802,-0.08942769986496,-0.018516294328137,-3.5134725826286,2.3525099177962,0
2784,-0.091031920707667,-0.020918592060333,-3.5127002356062,3.6406145709401,0
4181,-0.04868385307239,-0.011370091043947,-3.5126881586911,5.8444911493949,0
237,-0.93632451577127,0.0039810478038225,-3.5126034588628,0.18750000600041,0
238,-0.81414399508821,0.005660388110045,-3.5126034588628,0.31250001000044,0
1046,-0.30735141709674,0.00015936740513139,-3.5126034588628,0.81250002600023,0
1047,-0.21459909892042,-0.0033084587131089,-3.5126034588628,0.93750003000009,0
236,-1.0223031574909,0.0013292547427909,-3.5126034588628,0.06250000200012,0
239,-0.68054127433379,0.0060387024710782,-3.5126034588628,0.43750001400015,0
1044,-0.54641083767067,0.0051285145989771,-3.5126034588628,0.56250001800007,0
1045,-0.42028895086357,0.0031119733924561,-3.5126034588628,0.68750002200021,0
2820,-0.14601297979882,-0.0066749322379853,-3.5073334737018,1.0644052646571,0
3969,-0.077057800843112,-0.018192470098545,-3.5046968946828,4.725080167241,0
4485,0.060462407294861,0.025924041374613,-3.5040829042201,8.6012040318205,0
2803,-0.090271492062781,-0.019227993162297,-3.5025870395092,2.4813203831099,0
4353,-0.0035840650483727,0.0026256089822826,-3.5014950334871,7.1723015810906,0
2785,-0.090041568514249,-0.021025832213666,-3.5014691196893,3.7694250362547,0
4011,-0.073758826903553,-0.017849096047744,-3.4973259171683,4.8923492974732,0
2821,-0.10250138798836,-0.0096728780244491,-3.4967935033798,1.1932157299713,0
4138,-0.057575634378815,-0.014223854615244,-3.4948089323076,5.5440936606748,0
2804,-0.09098025626359,-0.01988725464462,-3.4917014963898,2.6101308484237,0
5474,0.14810368155288,0.055858232677625,-3.4912454290079,9.6173839385934,0
2786,-0.088865809894364,-0.021084669054371,-3.4902380037724,3.8982355015695,0
2822,-0.083115767409514,-0.011760605814722,-3.4862535330578,1.3220261952853,0
4053,-0.069836875193519,-0.017325372216789,-3.48565998647,5.0700077410416,0
5479,0.089903534200361,0.035988310403999,-3.4835976479373,9.0793135618637,0
4266,-0.032051703107279,-0.007323255831082,-3.4815676894801,6.3881938672276,0
2805,-0.091538711897537,-0.020492974715718,-3.4808159532703,2.7389413137376,0
2787,-0.087511589935675,-0.021097573481794,-3.4790068878554,4.0270459668842,0
4440,0.031594237986559,0.014506057486463,-3.4787177161309,8.0070713954781,0
4223,-0.042241635403253,-0.010441321676964,-3.478591354856,6.0641484939213,0
4396,0.011192190086606,0.0070697185827496,-3.4762818475198,7.5324289517617,0
4309,-0.020918089205344,-0.00393093223205,-3.4759504201678,6.7242674853923,0
2823,-0.079993683595191,-0.013030333605691,-3.4757135627358,1.4508366605993,0
2806,-0.091933861558349,-0.021044333872584,-3.4699304101509,2.867751779052,0
4095,-0.065308160697814,-0.016734485757393,-3.4694115515346,5.2576384744983,0
4484,0.054306100205345,0.022850242998572,-3.468309264319,8.4946837392597,0
2788,-0.085987631185487,-0.021065494847351,-3.4677757719385,4.1558564321988,0
4180,-0.05172146456414,-0.013400356554588,-3.4673786969564,5.7528024020917,0
2824,-0.080849643829093,-0.014171978642023,-3.4651735924138,1.5796471259133,0
4352,-0.0082449128121535,-7.2841828237829e-05,-3.4613989644288,7.0716894822553,0
2807,-0.092155018364124,-0.021540788689833,-3.4590448670314,2.9965622443667,0
2789,-0.084305238098604,-0.020990545182837,-3.4565446560216,4.2846668975135,0
5473,0.13619423687422,0.050917239642842,-3.4557093174664,9.523893925103,0
2825,-0.082082907952625,-0.015271482045916,-3.4546336220918,1.7084575912273,0
3968,-0.078534661590712,-0.020392973248994,-3.4538768757138,4.6461554296137,0
4137,-0.060208776391146,-0.016071597469484,-3.448303482894,5.4548174130677,0
2808,-0.092193799210093,-0.021982064049004,-3.4481593239119,3.1253727096815,0
4010,-0.075435672743755,-0.019503963072591,-3.4475115345595,4.8107332298522,0
5478,0.081607437633338,0.032353822820509,-3.4462335301911,8.9865410299222,0
2790,-0.082485787876984,-0.020899922852049,-3.4453135401047,4.4134773628281,0
2826,-0.083353847110492,-0.016330653928303,-3.4440936517698,1.8372680565412,0
4439,0.026326609410804,0.011672509123954,-3.4414667924382,7.9024443697951,0
4265,-0.035441929391722,-0.0094869636875318,-3.438781752151,6.2918965263398,0
4395,0.0063466128179487,0.0043881596466656,-3.4375896417933,7.4297715520784,0
2809,-0.092044087970623,-0.022368148294766,-3.4372737807924,3.2541831749962,0
4052,-0.071798595775657,-0.018991255374991,-3.4369007689021,4.9857687082705,0
4222,-0.045442454535165,-0.0125326175371,-3.4345221795156,5.9701191111391,0
4308,-0.024666628210773,-0.0062524501977862,-3.4344893104248,6.6257756516899,0
2791,-0.0805549996682,-0.020809265835305,-3.4340824241878,4.5422878281427,0
2827,-0.08460470563682,-0.017340294134596,-3.4335536814479,1.9660785218549,0
4483,0.048337016802456,0.019803345860962,-3.432535624418,8.3881634466992,0
2810,-0.091701976386999,-0.022699295843168,-3.4263882376729,3.3829936403108,0
2828,-0.0858059663947,-0.018300608622176,-3.4230137111259,2.0948889871687,0
4179,-0.054588047876127,-0.015341081214919,-3.4220692352217,5.6611136547884,0
4094,-0.067555836617756,-0.018467178012596,-3.421755744884,5.1708457526719,0
4351,-0.012602160633296,-0.002654235393023,-3.4213028953707,6.9710773834201,0
5472,0.12367349274889,0.045877252822969,-3.420173205925,9.4304039116126,0
2811,-0.09116569050046,-0.022976032809155,-3.4155026945534,3.5118041056254,0
2829,-0.086933393013259,-0.019209448752997,-3.4124737408039,2.2236994524824,0
5467,0.13404084306466,0.049249327900136,-3.4117993342273,9.9707427055951,0
4527,0.073967536818579,0.028954047289569,-3.4104205794232,8.8859864926618,0
2812,-0.090435505932005,-0.023199150523182,-3.404617151434,3.6406145709401,0
4438,0.02119785643418,0.0088731826081005,-3.4042158687455,7.7978173441122,0
2830,-0.087964935026973,-0.020065242499218,-3.401933770482,2.3525099177962,0
4136,-0.062720185197098,-0.017880904290678,-3.4017980334803,5.3655411654607,0
4394,0.0015040336834251,0.001698216040889,-3.3988974360666,7.327114152395,0
4009,-0.076937201398221,-0.020898342373551,-3.3976971519509,4.7291171622314,0
240,-1.0273177403109,0.0013575298639906,-3.3974361323428,0.06250000200012,0
241,-0.94067244220675,0.0041105667757415,-3.3974361323428,0.18750000600041,0
242,-0.81709600881127,0.0058755051375744,-3.3974361323428,0.31250001000044,0
243,-0.68182652723454,0.0062723337724212,-3.3974361323428,0.43750001400015,0
1048,-0.5460275956406,0.0053103213546182,-3.3974361323428,0.56250001800006,0
1049,-0.41844731336267,0.0031817823099253,-3.3974361323428,0.68750002200019,0
1050,-0.30431111086993,6.7901579789528e-05,-3.3974361323428,0.81250002600021,0
1051,-0.21099442790749,-0.0035829441822834,-3.3974361323428,0.93750003000008,0
4482,0.042540801171603,0.016784096443267,-3.396761984517,8.2816431541384,0
4264,-0.038829502440178,-0.011656875675594,-3.3959958148219,6.1955991854517,0
2813,-0.089513683351565,-0.023369769255757,-3.3937316083145,3.7694250362548,0
4307,-0.02829168769687,-0.0085229611966769,-3.393028200682,6.5272838179879,0
2848,-0.14236464967156,-0.0071263718329381,-3.3923389335805,1.0644052646571,0
2831,-0.088880609168682,-0.020866612067551,-3.39139380016,2.4813203831099,0
4221,-0.048519382613233,-0.014559245809088,-3.3904530041753,5.876089728357,0
4051,-0.073605339625799,-0.020619074861486,-3.3881415513342,4.9015296754992,0
5471,0.11151819347793,0.041063693634529,-3.3846370943836,9.3369138981227,0
2814,-0.08840451384028,-0.023489621387425,-3.382846065195,3.8982355015695,0
2849,-0.099276510303558,-0.010273829731467,-3.382144536056,1.1932157299713,0
4350,-0.016720954051615,-0.0051311690995839,-3.3812068263125,6.8704652845847,0
2832,-0.089662573886215,-0.021612422297093,-3.380853829838,2.6101308484237,0
5466,0.15699076610345,0.057514365148914,-3.3781049644538,9.8765711432573,0
4178,-0.057338706963867,-0.01723296352729,-3.376759773487,5.569424907485,0
4526,0.066886644180846,0.025674476975023,-3.3761587956337,8.7776499500828,0
4093,-0.069654405777185,-0.020167186126284,-3.3740999382334,5.0840530308455,0
2815,-0.087114334364652,-0.023560756037461,-3.3719605220755,4.0270459668842,0
2850,-0.080625209684811,-0.012478412695551,-3.3719501385314,1.3220261952853,0
2833,-0.090295221220416,-0.022301783769154,-3.3703138595161,2.7389413137376,0
4437,0.016107775295682,0.0060446158782008,-3.3669649450529,7.6931903184294,0
2851,-0.077883336679943,-0.013863072141336,-3.3617557410069,1.4508366605993,0
2816,-0.085651084745033,-0.023583666569787,-3.361074978956,4.1558564321988,0
4481,0.036918455198447,0.013797613693998,-3.3609883446158,8.1751228615774,0
4393,-0.003479012733197,-0.0012833107601229,-3.3602052303399,7.2244567527115,0
2834,-0.09076523867217,-0.022934052269676,-3.359773889194,2.867751779052,0
4135,-0.065098939046796,-0.019655327750657,-3.3552925840666,5.2762649178535,0
4263,-0.042068351092762,-0.013742146113745,-3.3532098774926,6.0993018445636,0
4306,-0.031893830541406,-0.010776273506031,-3.3515670909394,6.4287919842862,0
2852,-0.078826342710433,-0.015131189506016,-3.3515613434824,1.5796471259133,0
2817,-0.084025444470572,-0.023562111216293,-3.3501894358365,4.2846668975135,0
2835,-0.091061635887865,-0.02350882683664,-3.349233918872,2.9965622443668,0
5470,0.10031259498056,0.036622938964808,-3.3491009828425,9.2434238846332,0
4008,-0.078373875558555,-0.023085670214034,-3.3478827693422,4.6475010946105,0
4220,-0.051474979900534,-0.01652515946531,-3.346383828835,5.7820603455751,0
5465,0.15748858698336,0.055908374564031,-3.3444105946804,9.7823995809196,0
4525,0.06035284842504,0.022472949013787,-3.3418970118442,8.6693134075036,0
2853,-0.080121990978538,-0.016347870966959,-3.3413669459578,1.7084575912273,0
4349,-0.020798744003961,-0.0075844995067581,-3.3411107572543,6.7698531857491,0
4050,-0.075258182834879,-0.022264212176389,-3.3393823337662,4.817290642728,0
2818,-0.082257017833587,-0.023520944901979,-3.3393038927171,4.4134773628281,0
2836,-0.091175736467789,-0.024025946256664,-3.3386939485499,3.1253727096815,0
4177,-0.059972059172924,-0.0190813460248,-3.3314503117524,5.4777361601818,0
2854,-0.081456547268826,-0.017518041127136,-3.3311725484333,1.8372680565412,0
4436,0.011140991196985,0.0032286639928986,-3.3297140213602,7.5885632927466,0
2819,-0.080366691945487,-0.023453588223673,-3.3284183495976,4.5422878281427,0
2837,-0.09110113844236,-0.02448548677288,-3.3281539782279,3.2541831749962,0
4092,-0.071597313847442,-0.021835082013847,-3.3264441315829,4.9972603090191,0
4480,0.031470011818039,0.010845368980304,-3.3252147047147,8.0686025690164,0
4392,-0.0082231206732474,-0.0039892923509325,-3.3215130246133,7.1217993530283,0
2855,-0.082773772230991,-0.018633320418049,-3.3209781509088,1.9660785218549,0
2838,-0.090833650263841,-0.024887764372608,-3.3176140079058,3.3829936403108,0
5469,0.09041885317832,0.032610686852612,-3.3135648713014,9.1499338711437,0
2856,-0.084044002030887,-0.019694514550822,-3.3107837533843,2.0948889871687,0
5464,0.14781499479052,0.051571766516198,-3.3107162249068,9.6882280185817,0
4262,-0.0451996144886,-0.015778295160238,-3.3104239401633,6.0030045036755,0
4305,-0.035275477957142,-0.012911945443648,-3.3101059811968,6.3303001505844,0
4134,-0.067331347344724,-0.021393855904522,-3.3087871346529,5.1869886702464,0
4524,0.054128788726534,0.019322440023173,-3.3076352280548,8.5609768649247,0
2839,-0.090371208434034,-0.025233333922687,-3.3070740375838,3.5118041056255,0
4219,-0.054328819282562,-0.018449782470236,-3.3023146534947,5.6880309627931,0
4348,-0.024531980884824,-0.0098525669804466,-3.3010146881961,6.6692410869138,0
2857,-0.0852426563881,-0.020700124540521,-3.3005893558598,2.2236994524824,0
2840,-0.089713781630319,-0.025522979349682,-3.2965340672618,3.6406145709401,0
4435,0.006269356011844,0.00044527567960616,-3.2924630976677,7.4839362670637,0
4049,-0.076733966453691,-0.023663250768584,-3.2906231161983,4.7330516099568,0
2858,-0.086347343557569,-0.021649018448332,-3.2903949583353,2.3525099177962,0
4479,0.026187136467604,0.0079241274254072,-3.2894410648135,7.9620822764554,0
4176,-0.062475139071877,-0.020897057027759,-3.2861408500177,5.3860474128785,0
2841,-0.088863299220114,-0.025757795565527,-3.2859940969397,3.7694250362548,0
4391,-0.012544854587595,-0.006490925977484,-3.2828208188867,7.0191419533452,0
244,-1.0324812846477,0.0013845684186509,-3.282268805823,0.06250000200012,0
245,-0.94518930017893,0.0042449740524586,-3.282268805823,0.18750000600041,0
246,-0.82017171685125,0.0061049239022768,-3.282268805823,0.31250001000044,0
247,-0.6831560886097,0.0065241995885222,-3.282268805823,0.43750001400015,0
1052,-0.545601827729,0.0055077304180266,-3.282268805823,0.56250001800005,0
1053,-0.41648697810101,0.0032594344436563,-3.282268805823,0.68750002200016,0
1054,-0.30109322476286,-2.7881491948184e-05,-3.282268805823,0.81250002600018,0
1055,-0.20718630112262,-0.0038742541550401,-3.282268805823,0.93750003000007,0
2859,-0.087337743044071,-0.022540181310811,-3.2802005608107,2.4813203831099,0
4091,-0.07337988966092,-0.023461603726273,-3.2787883249322,4.9104675871926,0
5468,0.081901663957937,0.028952217559598,-3.2780287597601,9.0564438576539,0
2876,-0.13851594546845,-0.0076043483777956,-3.2773443934594,1.0644052646571,0
5463,0.13635499914714,0.046866543122038,-3.2770218551332,9.5940564562437,0
2842,-0.087823671526507,-0.025939413513955,-3.2754541266177,3.8982355015695,0
4523,0.048119844104398,0.016201307033436,-3.2733734442653,8.452640322346,0
2860,-0.088195687434522,-0.023372765756691,-3.2700061632862,2.6101308484237,0
4304,-0.038574239176495,-0.015015611154948,-3.2686448714541,6.2318083168824,0
4261,-0.048244424417477,-0.017775333718162,-3.2676380028341,5.9067071627875,0
2877,-0.095873148919174,-0.010906324692375,-3.2674955687323,1.1932157299713,0
2843,-0.08660071978358,-0.026069458019259,-3.2649141562956,4.0270459668842,0
4133,-0.069409119915284,-0.023095688885046,-3.2622816852392,5.0977124226393,0
4347,-0.028124093882994,-0.012079352387753,-3.260918619138,6.568628988079,0
2861,-0.088905254003152,-0.024146111987814,-3.2598117657617,2.7389413137376,0
4218,-0.057075045750561,-0.020343692155448,-3.2582454781545,5.5940015800111,0
2878,-0.077973847159928,-0.013229830812195,-3.2576467440052,1.3220261952853,0
4434,0.001394155475044,-0.0023744612276171,-3.255212173975,7.3793092413808,0
2844,-0.085201765505542,-0.026148161391834,-3.2543741859736,4.1558564321988,0
4478,0.021048848674548,0.0050258812458805,-3.2536674249124,7.8555619838943,0
2862,-0.089452826788497,-0.024859758088896,-3.2496173682371,2.8677517790521,0
2879,-0.075594775875833,-0.014731133958448,-3.2477979192782,1.4508366605993,0
4390,-0.016619363111682,-0.0089075156535233,-3.2441286131602,6.9164845536619,0
4567,0.073994724677827,0.025499519720471,-3.2439023055839,8.9546612785325,0
2845,-0.083636973376065,-0.026180785103712,-3.2438342156515,4.2846668975135,0
5462,0.12411829496856,0.042011070463268,-3.2433274853597,9.4998848939059,0
4048,-0.078124627445928,-0.025829116631569,-3.2418638986304,4.6488125771856,0
4175,-0.064836260419914,-0.022675886496797,-3.240831388283,5.2943586655752,0
2863,-0.089827123247602,-0.025513445693149,-3.2394229707125,2.9965622443668,0
4522,0.042298638643035,0.013108843016121,-3.2391116604758,8.3443037797669,0
2880,-0.076626155737183,-0.016124887285622,-3.2379490945511,1.5796471259133,0
2846,-0.081924329574586,-0.026189456344973,-3.2332942453295,4.4134773628281,0
4090,-0.075001644596614,-0.025091974140576,-3.2311325182816,4.8236748653661,0
2864,-0.090019185419054,-0.026107121797154,-3.2292285731879,3.1253727096815,0
2881,-0.077987996087457,-0.017458774160395,-3.228100269824,1.7084575912273,0
4303,-0.041787732313143,-0.017076160368863,-3.2271837617112,6.1333164831803,0
4260,-0.051197493161466,-0.019741424019633,-3.224852065505,5.8104098218996,0
5457,0.1307703860799,0.045074614134886,-3.2244125561131,10.040134432974,0
2847,-0.080080972047197,-0.026150031191195,-3.2227542750074,4.5422878281427,0
4346,-0.031614416758542,-0.01425121924081,-3.2208225500801,6.4680168892444,0
2865,-0.090022338739183,-0.026640939886158,-3.2190341756634,3.2541831749962,0
2882,-0.07938984369804,-0.018739495178449,-3.2182514450969,1.8372680565412,0
4433,-0.003413484151606,-0.0052657730172813,-3.2179612502823,7.2746822156979,0
4477,0.015992837012129,0.002123540744719,-3.2178937850113,7.7490416913334,0
4132,-0.071326163300746,-0.024759894563955,-3.2157762358256,5.0084361750322,0
4217,-0.059695012977251,-0.022200864795467,-3.2141763028142,5.4999721972292,0
4566,0.066720712769705,0.022127678061238,-3.2111855087728,8.8445861337795,0
5461,0.1120902215908,0.037338756733893,-3.2096331155863,9.4057133315685,0
2866,-0.089832124471277,-0.027115262330258,-3.2088397781388,3.3829936403108,0
2883,-0.080776870555241,-0.01995996335916,-3.2084026203698,1.9660785218549,0
4389,-0.020525204086887,-0.01123305039409,-3.2054364074335,6.8138271539785,0
4521,0.036659856760936,0.01004897217789,-3.2048498766863,8.2359672371877,0
2867,-0.089446210594063,-0.027530654590753,-3.1986453806142,3.5118041056255,0
2884,-0.082119303997155,-0.021121592591581,-3.1985537956428,2.0948889871686,0
4174,-0.067045774997691,-0.02441526039718,-3.1955219265482,5.2026699182718,0
5456,0.15370096191625,0.052513778261001,-3.1925729589038,9.9453175166955,0
2885,-0.083392250415801,-0.022223580951955,-3.1887049709157,2.2236994524824,0
2868,-0.088864288308546,-0.027887877107838,-3.1884509830896,3.6406145709401,0
4302,-0.044917350730311,-0.019109624454513,-3.1857226519684,6.0348246494782,0
4089,-0.076443566785057,-0.026489230655449,-3.1834767116311,4.7368821435397,0
4476,0.011050197208984,-0.00074779059098157,-3.1821201451102,7.6425213987725,0
4259,-0.054043027461657,-0.021675297404855,-3.1820661281758,5.7141124810116,0
4345,-0.034999548409073,-0.016374100343092,-3.1807264810223,6.3674047904097,0
4432,-0.007988359682101,-0.0078466024769055,-3.1807103265896,7.1700551900152,0
2886,-0.084573005655248,-0.023265285100155,-3.1788561461886,2.3525099177962,0
4565,0.060056420432318,0.018843644693191,-3.1784687119617,8.7345109890264,0
2869,-0.08808799567444,-0.02818798368187,-3.178256585565,3.7694250362548,0
5460,0.10086491564491,0.032989493202879,-3.1759387458131,9.3115417692315,0
4520,0.031200492210633,0.0070224258236761,-3.1705880928967,8.1276306946085,0
4216,-0.0621781348513,-0.024020416633499,-3.170107127474,5.4059428144472,0
4131,-0.073077349809262,-0.026378820689931,-3.1692707864118,4.919159927425,0
2887,-0.085640938890077,-0.024246086136413,-3.1690073214616,2.4813203831099,0
2870,-0.087120911534391,-0.028432475348358,-3.1680621880404,3.8982355015695,0
248,-1.0377969018762,0.0014098284894901,-3.1671014793033,0.06250000200012,0
249,-0.94988640814649,0.0043840516747891,-3.1671014793033,0.18750000600041,0
251,-0.68453524306051,0.0067961861060923,-3.1671014793033,0.43750001400015,0
1059,-0.2031621820528,-0.0041846376001919,-3.1671014793033,0.93750003000007,0
250,-0.82338227042101,0.0063497979435821,-3.1671014793033,0.31250001000044,0
1056,-0.54513153178929,0.0057223635653411,-3.1671014793033,0.56250001800004,0
1057,-0.4143997261843,0.0033455926084983,-3.1671014793033,0.68750002200014,0
1058,-0.29768492039871,-0.00012885173969153,-3.1671014793033,0.81250002600016,0
4388,-0.024263941520731,-0.013476653337189,-3.1667442017069,6.7111697542953,0
2904,-0.13445715030041,-0.0081116963191048,-3.1623498533385,1.0644052646571,0
5455,0.15597293481142,0.051247036750131,-3.1607333616945,9.8505006004167,0
2888,-0.086577580669296,-0.025165448607195,-3.1591584967345,2.6101308484237,0
2871,-0.085968416373959,-0.028622574073839,-3.1578677905158,4.0270459668842,0
2905,-0.092285752105793,-0.011573082330501,-3.1528466014088,1.1932157299713,0
4173,-0.069095877955815,-0.026113170102364,-3.1502124648135,5.1109811709685,0
2889,-0.087366714970121,-0.026022956948542,-3.1493096720074,2.7389413137377,0
2872,-0.084637330831312,-0.028758409736576,-3.1476733929912,4.1558564321988,0
4475,0.006204704695755,-0.0035696442770094,-3.1463465052092,7.5360011062115,0
4564,0.053760018957192,0.01561621318002,-3.1457519151507,8.6244358442735,0
4301,-0.04795493295587,-0.021114603056582,-3.1442615422257,5.9363328157762,0
4431,-0.012300686731886,-0.010296241153803,-3.1434594028971,7.0654281643326,0
2906,-0.075156942344155,-0.014016654982133,-3.1433433494792,1.3220261952853,0
5459,0.090822731826856,0.029013143456509,-3.1422443760399,9.2173702068945,0
4344,-0.038295657789279,-0.018472360114705,-3.1406304119643,6.2667926915748,0
2890,-0.087994441880266,-0.026818337850633,-3.1394608472803,2.8677517790521,0
4258,-0.056770621153772,-0.023574690310748,-3.1392801908466,5.6178151401237,0
2873,-0.083137362662962,-0.028846568399165,-3.1374789954666,4.2846668975135,0
4519,0.025910696035923,0.0040259257104656,-3.1363263091072,8.0192941520292,0
4088,-0.077782501458183,-0.028625041926467,-3.1358209049805,4.6500894217132,0
2907,-0.073125111628315,-0.015635764297115,-3.1338400975495,1.4508366605993,0
2891,-0.088449204801323,-0.027551474824589,-3.1296120225531,2.9965622443668,0
5454,0.14716711211283,0.047052364067082,-3.1288937644852,9.7556836841378,0
4387,-0.027862623371848,-0.015681204207802,-3.1280519959805,6.6085123546125,0
2874,-0.081485020141426,-0.028906262483785,-3.1272845979421,4.4134773628281,0
4215,-0.064514303550655,-0.025799096363709,-3.1260379521336,5.3119134316652,0
2908,-0.07424687948012,-0.01715358559363,-3.1243368456199,1.5796471259133,0
4130,-0.074661055598707,-0.027989006923734,-3.1227653369981,4.8298836798178,0
2892,-0.088721781781953,-0.028222416667074,-3.119763197826,3.1253727096816,0
2875,-0.07969452462145,-0.028899337190416,-3.1170902004175,4.5422878281427,0
2909,-0.075679008072328,-0.018603996499651,-3.1148335936902,1.7084575912273,0
4563,0.047713729823695,0.012421165715398,-3.1130351183397,8.5143606995208,0
4474,0.0013894463378635,-0.0064858326587806,-3.1105728653081,7.4294808136505,0
2893,-0.08880524372547,-0.028831383194351,-3.1099143730989,3.2541831749962,0
5458,0.082088366829748,0.025343003848257,-3.1085500062666,9.1231986445572,0
4430,-0.016384418025162,-0.012674193446571,-3.1062084792045,6.9608011386498,0
2910,-0.077152036301309,-0.019994202594591,-3.1053303417606,1.8372680565412,0
4172,-0.070980016678453,-0.027767777004456,-3.1049030030789,5.0192924236652,0
4300,-0.050891344108115,-0.023088298462184,-3.102800432483,5.8378409820743,0
4518,0.02076986992672,0.0010537993919173,-3.1020645253177,7.9109576094499,0
4343,-0.041501481627362,-0.020541215986602,-3.1005343429062,6.1661805927398,0
2894,-0.08869488450076,-0.029378768700546,-3.1000655483717,3.3829936403108,0
5453,0.13620561527225,0.042555381548604,-3.0970541672757,9.6608667678589,0
4257,-0.059367919982156,-0.025435489969757,-3.0964942535175,5.5215177992358,0
2911,-0.078612441349648,-0.021318821093644,-3.095827089831,1.9660785218549,0
2895,-0.088388126903718,-0.029865133557338,-3.0902167236446,3.5118041056255,0
4386,-0.031346828517503,-0.017848064514788,-3.0893597902542,6.5058549549301,0
2912,-0.080030381529371,-0.022579917448805,-3.0863238379013,2.0948889871686,0
4214,-0.066694177984957,-0.027533872334411,-3.0819687767933,5.2178840488832,0
2896,-0.087884414103932,-0.03029120231848,-3.0803678989174,3.6406145709401,0
4562,0.041873753782516,0.0092570288574923,-3.0803183215286,8.4042855547679,0
2913,-0.081380691463696,-0.023777433431212,-3.0768205859717,2.2236994524824,0
4129,-0.076061487155716,-0.029377649709371,-3.0762598875844,4.7406074322107,0
4607,0.073881796794039,0.021839458735558,-3.0761327554045,9.020245115856,0
4473,-0.0033261520579721,-0.0091965861869222,-3.0747992254069,7.3229605210895,0
2897,-0.087185128861789,-0.030657975156145,-3.0705190741903,3.7694250362548,0
4429,-0.020283872488204,-0.014984797856575,-3.0689575555119,6.8561741129669,0
4517,0.015737537367032,-0.0018999638048057,-3.0678027415281,7.8026210668708,0
2914,-0.082640394121813,-0.024911264644598,-3.0673173340421,2.3525099177962,0
5452,0.12431528757707,0.037870134183623,-3.0652145700664,9.56604985158,0
4299,-0.053716115543477,-0.025027894392505,-3.0613393227402,5.7393491483724,0
2898,-0.086293559948237,-0.030966802628199,-3.0606702494631,3.8982355015695,0
4342,-0.044615676185016,-0.022581718842633,-3.0604382738482,6.0655684939049,0
4171,-0.07269264743687,-0.029372564744035,-3.0595935413441,4.9276036763618,0
2915,-0.083788586351423,-0.025981222566749,-3.0578140821125,2.48132038311,0
4256,-0.06182400538514,-0.027254492590282,-3.0537083161883,5.4252204583479,0
252,-1.0432669091197,0.0014326659838418,-3.0519341527837,0.062500002000119,0
253,-0.95477598083972,0.0045274525118701,-3.0519341527837,0.18750000600041,0
254,-0.82674019856567,0.0066113987646896,-3.0519341527837,0.31250001000044,0
255,-0.68596995616667,0.007090462950477,-3.0519341527837,0.43750001400015,0
1060,-0.54461440954075,0.005956070076321,-3.0519341527837,0.56250001800003,0
1063,-0.19890831871643,-0.0045168399497534,-3.0519341527837,0.93750003000006,0
1061,-0.41217624750873,0.0034409441023081,-3.0519341527837,0.68750002200011,0
1062,-0.2940717313558,-0.00023615172624789,-3.0519341527837,0.81250002600014,0
2899,-0.085214707830726,-0.031218534125208,-3.050821424736,4.0270459668842,0
4385,-0.034723097430137,-0.019978278147674,-3.050667584528,6.4031975552476,0
2916,-0.084806531235674,-0.026987107488004,-3.0483108301828,2.6101308484237,0
4561,0.036225900911498,0.0061274618774366,-3.0476015247175,8.2942104100147,0
2932,-0.13017805282571,-0.0086517965348358,-3.0473553132176,1.0644052646571,0
4606,0.066394064452797,0.018385229500784,-3.0449926234539,8.908509620791,0
2900,-0.083954977882067,-0.031413314300427,-3.0409726000089,4.1558564321988,0
4472,-0.0078381345564764,-0.011751324821573,-3.0390255855057,7.2164402285286,0
2917,-0.085677750695682,-0.027928761680928,-3.0388075782532,2.7389413137377,0
2933,-0.088509081300238,-0.012277257415277,-3.0381976340854,1.1932157299713,0
4213,-0.068709594099382,-0.029221945071254,-3.037899601453,5.1238546661012,0
5447,0.12691551274165,0.040849834035093,-3.0357591509216,10.106004823712,0
4516,0.010819497364401,-0.0048055349190403,-3.0335409577386,7.6942845242916,0
5451,0.1124709114285,0.03333389939645,-3.0333749728571,9.4712329353017,0
4428,-0.024014718235733,-0.017232702151564,-3.0317066318192,6.7515470872843,0
2901,-0.082523656241949,-0.031558856446143,-3.0311237752817,4.2846668975135,0
4128,-0.077343036517995,-0.03147443095937,-3.0297544381707,4.6513311846036,0
2918,-0.086388088930589,-0.028806105173898,-3.0293043263235,2.8677517790521,0
2934,-0.072170184504024,-0.014840926465343,-3.0290399549531,1.3220261952853,0
2902,-0.080935913442686,-0.031671405731791,-3.0212749505546,4.4134773628281,0
4341,-0.047633340237932,-0.024592763914028,-3.0203422047901,5.96495639507,0
2935,-0.070472052064518,-0.016578315286269,-3.0198822758209,1.4508366605993,0
4298,-0.056418348936544,-0.026929835520254,-3.0198782129975,5.6408573146705,0
2919,-0.086925740639687,-0.02961916078535,-3.0198010743938,2.9965622443668,0
4560,0.030763072819947,0.0030339356984848,-3.0148847279064,8.1841352652615,0
4170,-0.074231408286975,-0.030956600649966,-3.0142840796094,4.8359149290584,0
4605,0.059582865641281,0.015023266084818,-3.0138524915032,8.7967741257259,0
4384,-0.03800298610922,-0.022079847923645,-3.0119753788016,6.3005401555647,0
2903,-0.079203707359179,-0.031701559336664,-3.0114261258274,4.5422878281427,0
4255,-0.064128407762436,-0.029028044948164,-3.010922378859,5.3289231174599,0
2936,-0.071686919423515,-0.018217835433339,-3.0107245966887,1.5796471259133,0
2920,-0.087281243308362,-0.030368070867088,-3.0102978224641,3.1253727096816,0
5446,0.14978809141649,0.047418134814495,-3.0057866472767,10.010578996823,0
4471,-0.012116510181746,-0.014204089178576,-3.0032519456047,7.109919935968,0
2937,-0.073193744733649,-0.019783257939269,-3.0015669175565,1.7084575912273,0
5450,0.10127440771814,0.029079950215663,-3.0015353756481,9.3764160190237,0
2921,-0.087447435821472,-0.031053109121686,-3.0007945705344,3.2541831749962,0
4515,0.00600622605261,-0.0076345166508172,-2.9992791739491,7.5859479817125,0
4427,-0.027601808885107,-0.019434668666753,-2.9944557081268,6.6469200616021,0
4212,-0.070553650838936,-0.030860665444379,-2.9938304261127,5.0298252833192,0
2938,-0.074742050117664,-0.021281157213736,-2.9924092384243,1.8372680565412,0
2922,-0.087419387437239,-0.031674686485612,-2.9912913186047,3.3829936403109,0
2939,-0.076279525555484,-0.02270819991251,-2.9832515592921,1.9660785218549,0
4604,0.053204691276553,0.011722028333317,-2.9827123595526,8.685038630661,0
4559,0.025474749325753,-2.4540900655557e-05,-2.9821679310952,8.0740601205083,0
2923,-0.087194300455891,-0.032233342843839,-2.981788066675,3.5118041056255,0
4340,-0.050546140061645,-0.026571339619764,-2.9802461357322,5.8643442962352,0
4297,-0.058986229895422,-0.028789808989912,-2.9784171032548,5.5423654809686,0
5445,0.15374519018864,0.046328446933115,-2.9758141436318,9.9151531699342,0
2940,-0.077776306765528,-0.024067180586271,-2.9740938801599,2.0948889871686,0
4383,-0.041189912534957,-0.024154039292316,-2.9732831730751,6.1978827558819,0
2924,-0.086771398496565,-0.032729754967004,-2.9722848147453,3.6406145709401,0
5449,0.091120923962446,0.025150815074035,-2.9696957784391,9.2815991027457,0
4169,-0.075583059196579,-0.032329260369167,-2.9689746178747,4.744226181755,0
4254,-0.066271510923639,-0.03075248606029,-2.9681364415298,5.2326257765719,0
4470,-0.016179185374782,-0.016577981199272,-2.9674783057037,7.0033996434071,0
4514,0.0012615880229699,-0.010500521321806,-2.9650173901596,7.4776114391332,0
2941,-0.079207012241406,-0.025358834566526,-2.9649362010277,2.2236994524824,0
2925,-0.086151841009088,-0.033164856459993,-2.9627815628156,3.7694250362548,0
4426,-0.031067814290092,-0.021600269719874,-2.9572047844344,6.5422930359202,0
2942,-0.080548445181615,-0.026583649132469,-2.9557785218956,2.3525099177962,0
2926,-0.085338661817144,-0.033539829757596,-2.9532783108859,3.8982355015695,0
4603,0.047120128070423,0.0084557588354982,-2.9515722276021,8.5733031355964,0
4211,-0.072220553181495,-0.032444310600524,-2.9497612507724,4.9357959005371,0
4558,0.020343825980158,-0.0030489437496992,-2.9494511342841,7.9639849757551,0
2943,-0.081779481377043,-0.027741901657005,-2.9466208427634,2.48132038311,0
5444,0.14609544474963,0.04227805185869,-2.9458416399868,9.8197273430454,0
2927,-0.084336531827131,-0.033855182085125,-2.9437750589562,4.0270459668842,0
4339,-0.053343607850357,-0.028513486853066,-2.9401500666742,5.7637321974004,0
5448,0.082183930233056,0.021483132146901,-2.9378561812299,9.1867821864674,0
2944,-0.082881163471175,-0.028833751240953,-2.9374631636312,2.6101308484238,0
4296,-0.061408220611573,-0.030603442514597,-2.9369559935121,5.4438736472667,0
256,-1.0488925895355,0.0014523202404894,-2.9367668262641,0.062500002000119,0
257,-0.95987120238829,0.0046746557212378,-2.9367668262641,0.18750000600041,0
258,-0.83025964483819,0.0068911175457055,-2.9367668262641,0.31250001000044,0
1064,-0.54404778012969,0.0062109636845713,-2.9367668262641,0.56250001800003,0
1065,-0.40980590196702,0.0035461793524677,-2.9367668262641,0.68750002200009,0
1067,-0.19440955249567,-0.004874236566984,-2.9367668262641,0.93750003000005,0
259,-0.68746698493203,0.0074095328620364,-2.9367668262641,0.43750001400015,0
1066,-0.29023724396263,-0.00035128920470914,-2.9367668262641,0.81250002600011,0
4382,-0.04428238034158,-0.026200248444927,-2.9345909673487,6.095225356199,0
2928,-0.083151506836156,-0.034111151645799,-2.9342718070265,4.1558564321988,0
2960,-0.12566791748572,-0.0092287111619644,-2.9323607730967,1.0644052646571,0
4469,-0.020053458162645,-0.018884126374471,-2.9317046658026,6.8968793508461,0
4513,-0.0033491193447989,-0.013186423462636,-2.93075560637,7.3692748965539,0
2945,-0.083836793649466,-0.029859309696194,-2.928305484499,2.7389413137377,0
4253,-0.068244910402151,-0.032424332321499,-2.9253505042006,5.1363284356839,0
2929,-0.081792479936595,-0.034316377328923,-2.9247685550968,4.2846668975135,0
4168,-0.076801619570804,-0.034377569885701,-2.9236651561399,4.6525374344517,0
2961,-0.084538318787352,-0.013022537035051,-2.9235486667619,1.1932157299713,0
4602,0.041266747031071,0.0052230028849875,-2.9204320956515,8.4615676405314,0
4425,-0.034426111066899,-0.023734472135122,-2.9199538607422,6.4376660102382,0
2946,-0.084631997761554,-0.030818692427949,-2.9191478053668,2.8677517790521,0
4557,0.015345717546151,-0.0060350262450875,-2.916734337473,7.853909831002,0
5443,0.13570252391814,0.037941035334614,-2.9158691363418,9.7243015161566,0
2930,-0.080273424043684,-0.034484176156079,-2.9152653031671,4.4134773628281,0
2962,-0.069009819462708,-0.01570501299578,-2.9147365604272,1.3220261952853,0
2947,-0.085254754933687,-0.031712055869441,-2.9099901262345,2.9965622443669,0
4647,0.073654299050925,0.017937174281153,-2.907169756032,9.082715219984,0
2963,-0.067633992222081,-0.017560281456151,-2.9059244540924,1.4508366605993,0
2931,-0.078604549716158,-0.034556083780463,-2.9057620512374,4.5422878281427,0
4210,-0.073707507865038,-0.033995542202409,-2.9056920754321,4.841766517755,0
2948,-0.085695391570358,-0.032539624454337,-2.9008324471022,3.1253727096816,0
4338,-0.056014060220431,-0.030414465146951,-2.9000539976162,5.6631200985656,0
2964,-0.068945400475704,-0.019318225945191,-2.8971123477576,1.5796471259133,0
4512,-0.0077714541945202,-0.015753944715229,-2.8964938225805,7.2609383539749,0
4468,-0.023762253481087,-0.021133263398896,-2.8959310259015,6.7903590582853,0
4381,-0.047274832775338,-0.02821609606891,-2.8958987616223,5.9925679565163,0
4295,-0.063673478595295,-0.032366284698761,-2.8954948837693,5.3453818135647,0
2949,-0.085946541391229,-0.033301710260196,-2.89167476797,3.2541831749963,0
4601,0.035619193868212,0.0020281061219672,-2.8892919637008,8.3498321454663,0
2965,-0.07053166898159,-0.020996168565076,-2.8883002414228,1.7084575912273,0
5442,0.1242322773835,0.033407685384314,-2.8858966326968,9.6288756892678,0
4556,0.010476592585944,-0.0089581242138564,-2.8840175406619,7.7438346862489,0
4424,-0.037685700354168,-0.025841270026847,-2.8827029370498,6.3330389845559,0
4252,-0.070041541619646,-0.034040249384822,-2.8825645668715,5.040031094796,0
2950,-0.086003074469398,-0.03399872301635,-2.8825170888377,3.3829936403109,0
2966,-0.072159547111651,-0.022599110713364,-2.8794881350881,1.8372680565411,0
4646,0.065929250858087,0.014416073394334,-2.8776365028454,8.9693982032956,0
2951,-0.085861998195226,-0.03463116482654,-2.8733594097055,3.5118041056255,0
2967,-0.073777872036109,-0.024126046071912,-2.8706760287533,1.9660785218549,0
2952,-0.08552234392678,-0.03519965058971,-2.8642017305732,3.6406145709401,0
4511,-0.011986545031423,-0.018225029595125,-2.862232038791,7.152601811396,0
2968,-0.075356815641589,-0.025580607212084,-2.8618639224186,2.0948889871686,0
4209,-0.075003351986348,-0.035344187901536,-2.8616229000918,4.747737134973,0
4467,-0.027329002626663,-0.023338260016669,-2.8601573860006,6.683838765725,0
4337,-0.05854531344686,-0.03226901548727,-2.8599579285583,5.5625079997309,0
4600,0.030165302681593,-0.0011257541344807,-2.8581518317501,8.2380966504011,0
4380,-0.050158352061797,-0.030197477839349,-2.8572065558959,5.8899105568337,0
5441,0.11263956856572,0.028998027913692,-2.8559241290519,9.5334498623795,0
2953,-0.084985076395117,-0.035705031365786,-2.855044051441,3.7694250362548,0
4294,-0.065772225386438,-0.034073986656046,-2.8540337740265,5.2468899798628,0
2969,-0.076870853933163,-0.026964379262386,-2.8530518160838,2.2236994524824,0
4555,0.0057258470235951,-0.011788191432837,-2.8513007438509,7.6337595414957,0
4645,0.05895145202426,0.010986089912748,-2.8481032496588,8.8560811866069,0
5437,0.12237286163212,0.036578154730345,-2.8459052842671,10.16833077544,0
2954,-0.084253005075531,-0.036148303542556,-2.8458863723087,3.8982355015695,0
4423,-0.040849636065482,-0.027921586836607,-2.8454520133573,6.2284119588736,0
2970,-0.078296640722962,-0.02827849641075,-2.8442397097491,2.3525099177962,0
4251,-0.071655512251159,-0.035595084753118,-2.8397786295422,4.943733753908,0
2955,-0.083330514856272,-0.036529658181749,-2.8367286931764,4.0270459668842,0
2971,-0.079612898169142,-0.029523738235564,-2.8354276034143,2.48132038311,0
4510,-0.016002136313223,-0.020610667821171,-2.8279702550016,7.0442652688169,0
2956,-0.082223365716045,-0.036849473316741,-2.8275710140442,4.1558564321988,0
4599,0.024894338387446,-0.0042365380586253,-2.8270116997994,8.1263611553359,0
2972,-0.080800510195602,-0.030700644083816,-2.8266154970796,2.6101308484238,0
5440,0.1015328124681,0.024839588075856,-2.8259516254073,9.4380240354916,0
4466,-0.030773640974211,-0.025508778514278,-2.8243837460998,6.577318473165,0
261,-0.96518629234857,0.0048249115279854,-2.8215994997445,0.18750000600041,0
260,-1.0546738947187,0.001467902248958,-2.8215994997445,0.062500002000119,0
262,-0.83395665304468,0.0071904649963243,-2.8215994997445,0.31250001000044,0
1068,-0.54342846572032,0.006489472544912,-2.8215994997445,0.56250001800002,0
1069,-0.40727641360721,0.0036619617328822,-2.8215994997445,0.68750002200006,0
1071,-0.18964909146017,-0.0052609972554524,-2.8215994997445,0.93750003000004,0
263,-0.68903401202224,0.0077562973166295,-2.8215994997445,0.43750001400015,0
1070,-0.28616270433883,-0.00047625752994423,-2.8215994997445,0.81250002600009,0
4336,-0.060925520792596,-0.034071768217168,-2.8198618595003,5.4618959008961,0
4554,0.0010672784080956,-0.014635421497685,-2.8185839470398,7.5236843967425,0
4644,0.05247787382809,0.0076187270701307,-2.8185699964723,8.7427641699186,0
4379,-0.052921836079634,-0.032139100733759,-2.8185143501695,5.787253157151,0
2957,-0.080940086432481,-0.037117116971123,-2.8184133349119,4.2846668975135,0
5436,0.14518207769904,0.042225848487619,-2.817811480698,10.072332715794,0
2973,-0.081842614335524,-0.031809603866564,-2.8178033907448,2.7389413137377,0
4208,-0.07615340847509,-0.037334025599507,-2.8175537247515,4.653707752191,0
2988,-0.12091545682553,-0.0098473438961687,-2.8173662329759,1.0644052646571,0
4293,-0.067695985893226,-0.035722460205068,-2.8125726642838,5.1483981461608,0
2958,-0.079493588053307,-0.037343077817261,-2.8092556557797,4.4134773628281,0
2974,-0.082724666289857,-0.032850926271155,-2.80899128441,2.8677517790522,0
2989,-0.080369196747681,-0.013813250724722,-2.8088996994385,1.1932157299713,0
4422,-0.043915616129714,-0.02997361178712,-2.8082010896648,6.1237849331913,0
2990,-0.065672797700289,-0.016611694300788,-2.8004331659012,1.3220261952853,0
2975,-0.083434471265743,-0.033824890976241,-2.8001791780752,2.9965622443669,0
2959,-0.077892743137614,-0.037461593468386,-2.8000979766474,4.5422878281427,0
4250,-0.073083838248589,-0.037106039530422,-2.796992692213,4.8474364130199,0
5439,0.09131787412213,0.020966872474521,-2.7959791217626,9.3425982086037,0
4598,0.019793710833182,-0.0073006976494188,-2.7958715678488,8.0146256602707,0
4509,-0.019837350983007,-0.022925163994954,-2.7937084712121,6.9359287262377,0
2991,-0.064610138529913,-0.018583336146768,-2.7919666323638,1.4508366605993,0
2976,-0.083962180499813,-0.034731788156231,-2.7913670717404,3.1253727096816,0
5435,0.15065161024018,0.041138835479899,-2.7897176771288,9.9763346561482,0
4643,0.046350580007604,0.0042875645364372,-2.7890367432858,8.6294471532304,0
4465,-0.034109770380099,-0.027650499097162,-2.788610106199,6.4707981806049,0
4553,-0.0034435682785776,-0.017323131673394,-2.7858671502286,7.4136092519893,0
2992,-0.066022305210963,-0.020455383001095,-2.7835000988265,1.5796471259133,0
2977,-0.084300253821863,-0.035571947968235,-2.7825549654056,3.2541831749963,0
4378,-0.055553090862658,-0.034034954571875,-2.7798221444432,5.6845957574683,0
4335,-0.063143706964357,-0.03581745946108,-2.7797657904423,5.3612838020613,0
2993,-0.067693126763038,-0.022242198359503,-2.7750335652892,1.7084575912273,0
2978,-0.084443390087831,-0.036345756684714,-2.7737428590707,3.3829936403109,0
4292,-0.069437695170212,-0.037307819009458,-2.7711115545411,5.0499063124589,0
4421,-0.046877111765606,-0.03199339192931,-2.7709501659724,6.019157907509,0
2994,-0.069405061073821,-0.023946514644991,-2.7665670317518,1.8372680565411,0
5438,0.082206568168678,0.017316064164902,-2.7660066181178,9.2471723817155,0
2979,-0.084388428121301,-0.037053657362596,-2.7649307527359,3.5118041056255,0
4597,0.014849652489255,-0.010308518414767,-2.7647314358981,7.9028901652056,0
5434,0.14447426561142,0.037224979093538,-2.7616238735596,9.8803365965023,0
4642,0.040487751309181,0.00099169946925793,-2.7595034900993,8.516130136542,0
4508,-0.023514007697713,-0.025184221120691,-2.7594466874226,6.8275921836587,0
2995,-0.071108065567763,-0.025569865927006,-2.7581004982145,1.9660785218549,0
2980,-0.084134233205688,-0.037696184527062,-2.7561186464011,3.6406145709402,0
4249,-0.074317092387651,-0.038421863832553,-2.7542067548838,4.751139072132,0
4552,-0.007772478479844,-0.019904053234077,-2.7531503534175,7.3035341072364,0
4464,-0.037344916064241,-0.029765951358929,-2.7528364662982,6.3642778880445,0
2996,-0.072772426353404,-0.027116859099647,-2.7496339646772,2.0948889871686,0
2981,-0.08368160126493,-0.03827408584479,-2.7473065400663,3.7694250362548,0
2997,-0.074372573509595,-0.028589993926425,-2.7411674311399,2.2236994524824,0
4377,-0.058039705969875,-0.03587870962088,-2.7411299387168,5.5819383577857,0
4334,-0.065190106108882,-0.037501092050672,-2.7396697213843,5.2606717032265,0
2982,-0.083033144869454,-0.03878815144269,-2.7384944337315,3.8982355015695,0
4687,0.073344313912857,0.01374091505882,-2.7370715488038,9.1420498881778,0
4420,-0.049724495388419,-0.033975320790203,-2.73369924228,5.9145308818269,0
4596,0.010054996882224,-0.013236589522716,-2.7335913039475,7.7911546701405,0
5433,0.13478064583229,0.032979507411588,-2.7335300699904,9.7843385368565,0
2998,-0.075885103678637,-0.029991108859191,-2.7327008976026,2.3525099177962,0
4641,0.034850792391782,-0.0022631160457284,-2.7299702369127,8.4028131198533,0
2983,-0.082193001802825,-0.039238275693226,-2.7296823273966,4.0270459668842,0
4291,-0.07099151376419,-0.038825337324762,-2.7296504447983,4.9514144787569,0
4507,-0.027052623485446,-0.027400869447146,-2.7251849036332,6.7192556410802,0
2999,-0.077288672563038,-0.031321521733946,-2.7242343640653,2.48132038311,0
2984,-0.081166682788352,-0.039624996443223,-2.7208702210618,4.1558564321988,0
4551,-0.011909059108337,-0.022391460249122,-2.7204335566065,7.1934589624835,0
4463,-0.040480796087567,-0.031854556186467,-2.7170628263972,6.2577575954841,0
3000,-0.078564084531664,-0.032582170531218,-2.7157678305279,2.6101308484238,0
2985,-0.079962383109416,-0.039958224401557,-2.712058114727,4.2846668975135,0
4248,-0.075393275341817,-0.040342577516816,-2.7114208175546,4.654841731244,0
4686,0.065360124516616,0.010173075783433,-2.7091739138207,9.0272307279908,0
3001,-0.079694382342258,-0.033773726975744,-2.7073012969906,2.7389413137378,0
264,-1.060609080177,0.0014783878331133,-2.7064321732249,0.062500002000119,0
265,-0.97073655879231,0.0049771711093999,-2.7064321732249,0.18750000600041,0
266,-0.83784951597803,0.0075110652715006,-2.7064321732249,0.31250001000044,0
267,-0.69067981241488,0.0081341418224618,-2.7064321732249,0.43750001400015,0
1072,-0.54275263981445,0.0067944062419269,-2.7064321732249,0.56250001800001,0
1073,-0.40457347576943,0.0037888833665759,-2.7064321732249,0.68750002200004,0
1074,-0.28182653539229,-0.00061369512503814,-2.7064321732249,0.81250002600007,0
1075,-0.18460824501098,-0.0056822912880004,-2.7064321732249,0.93750003000004,0
5432,0.12382218946516,0.028572989670975,-2.7054362664212,9.6883404772106,0
2986,-0.078592078847442,-0.040245757991007,-2.7032460083922,4.4134773628281,0
4595,0.0053820130886754,-0.016071517935701,-2.7024511719969,7.6794191750753,0
4376,-0.060369782815639,-0.037664077866843,-2.7024377329905,5.4792809581031,0
3016,-0.11590881194057,-0.01051363290764,-2.7023716928549,1.0644052646571,0
4640,0.029420773426309,-0.0054715520051726,-2.700436983726,8.2894961031646,0
4333,-0.067056344484425,-0.039118066288022,-2.6995736523263,5.1600596043916,0
3002,-0.080664911824849,-0.034896684985692,-2.6988347634532,2.8677517790522,0
4419,-0.052446204576787,-0.035912697884088,-2.6964483185876,5.8099038561448,0
2987,-0.077063630056952,-0.040415989584265,-2.6944339020574,4.5422878281427,0
3017,-0.075998154416767,-0.014654497875684,-2.694250732115,1.1932157299712,0
4506,-0.030470194009943,-0.029584323625209,-2.690923119844,6.610919098502,0
3003,-0.081463355354561,-0.035951430573635,-2.6903682299159,2.9965622443669,0
4290,-0.072354463527702,-0.040287602311327,-2.6881893350555,4.8529226450549,0
4550,-0.015861183948447,-0.024793652406566,-2.6877167597954,7.0833838177305,0
3018,-0.062156950042668,-0.017564255948213,-2.6861297713751,1.3220261952853,0
3004,-0.082079731849515,-0.036938296571605,-2.6819016963785,3.1253727096816,0
4462,-0.043514019517692,-0.033912904535565,-2.6812891864963,6.1512373029237,0
4685,0.058193488067044,0.0066904504183703,-2.6812762788376,8.9124115678036,0
3019,-0.061400670676007,-0.019649370456837,-2.6780088106352,1.4508366605993,0
5431,0.11256397829718,0.024273944992484,-2.677342462852,9.5923424175653,0
3005,-0.082506363159217,-0.037857604269825,-2.6734351628411,3.2541831749963,0
4594,0.00080890516244754,-0.018928536461458,-2.6713110400462,7.5676836800101,0
4639,0.024185513856115,-0.0086289937121804,-2.6709037305395,8.1761790864759,0
3020,-0.062918643672606,-0.021629964364694,-2.6698878498953,1.5796471259133,0
3006,-0.082737807467374,-0.03870968795569,-2.6649686293037,3.3829936403109,0
4375,-0.062532440877291,-0.03938506481,-2.663745527264,5.3766235584203,0
3021,-0.064679514637108,-0.023520639065178,-2.6617668891554,1.7084575912272,0
4332,-0.068735518909902,-0.040664086527596,-2.6594775832683,5.0594475055569,0
4418,-0.055029816998343,-0.037798269532027,-2.6591973948952,5.7052768304627,0
4505,-0.033778290080572,-0.031739648517206,-2.6566613360548,6.5025825559236,0
3007,-0.082770762115218,-0.039494904450214,-2.6565020957663,3.5118041056255,0
4549,-0.019645211776233,-0.027125889502072,-2.6549999629843,6.9733086729773,0
5427,0.11703307506467,0.032269515243466,-2.6549175430249,10.227090428839,0
3022,-0.066480159260026,-0.025321450662536,-2.6536459284155,1.8372680565411,0
4684,0.051606020167637,0.0032697567981275,-2.6533786438545,8.7975924076166,0
5430,0.101622696296,0.020204932394404,-2.6492486592831,9.4963443579203,0
3008,-0.082603951533593,-0.040213683127892,-2.648035562229,3.6406145709402,0
4289,-0.07351860708604,-0.041560914901135,-2.6467282253128,4.7544308113529,0
3023,-0.068271678322537,-0.027036630855879,-2.6455249676757,1.9660785218548,0
4461,-0.046437188117473,-0.035935365470915,-2.6455155465954,6.0447170103634,0
4638,0.019135127952889,-0.011729680043335,-2.6413704773529,8.0628620697872,0
4593,-0.0036029250314879,-0.021633275518053,-2.6401709080955,7.4559481849449,0
3009,-0.082238026587033,-0.040866641200533,-2.6395690286916,3.7694250362548,0
3024,-0.070024578088792,-0.028671919755477,-2.6374040069358,2.0948889871686,0
3010,-0.081675428021356,-0.041454338699028,-2.6311024951542,3.8982355015695,0
3025,-0.071713368395533,-0.030230806353728,-2.6292830461959,2.2236994524824,0
5426,0.13979501069969,0.036942918048976,-2.6287133271425,10.13055703482,0
4683,0.045425932391751,-0.00011551832641397,-2.6254810088715,8.6827732474299,0
4374,-0.064518124081418,-0.041036125847169,-2.6250533215376,5.2739661587377,0
3011,-0.080920082029101,-0.041976385361566,-2.6226359616168,4.0270459668842,0
4504,-0.036982556661664,-0.033868014927777,-2.6223995522655,6.394246013345,0
4548,-0.023279368266326,-0.029404336148488,-2.6222831661733,6.8632335282243,0
4417,-0.057462932307814,-0.039624683388014,-2.6219464712028,5.6006498047806,0
3026,-0.073314708260647,-0.031715891808576,-2.621162085456,2.3525099177962,0
5429,0.091411535314423,0.016393042721227,-2.6211548557142,9.4003462982754,0
4331,-0.070221992177489,-0.042134778222915,-2.6193815142103,4.958835406722,0
3012,-0.079977291847544,-0.042433477806273,-2.6141694280794,4.1558564321988,0
3027,-0.074807298184204,-0.033129066167488,-2.6130411247162,2.48132038311,0
4637,0.014260791255103,-0.014762911797092,-2.6118372241663,7.9495450530986,0
4460,-0.049240108897929,-0.037914757328764,-2.6097419066945,5.9381967178032,0
4592,-0.0078321911115138,-0.024229551131342,-2.6090307761448,7.34421268988,0
3013,-0.078854951611034,-0.042835894434478,-2.605702894542,4.2846668975134,0
4288,-0.074515766483793,-0.043401111534723,-2.60526711557,4.655938977651,0
3028,-0.076171962820338,-0.034471679271056,-2.6049201639763,2.6101308484238,0
5425,0.14656297340811,0.035693249309862,-2.6025091112602,10.0340236408,0
4682,0.039552911651369,-0.0034655615049405,-2.5975833738884,8.5679540872429,0
3014,-0.077564217141364,-0.043188903805967,-2.5972363610047,4.4134773628281,0
3029,-0.077391737147154,-0.035744681256036,-2.5967992032364,2.7389413137378,0
5428,0.082171214668475,0.012771185789772,-2.5930610521452,9.3043482386301,0
270,-0.84195920448388,0.0078546378334148,-2.5912648467052,0.31250001000044,0
268,-1.0666942630665,0.0014826197852702,-2.5912648467052,0.062500002000119,0
269,-0.97653842798431,0.0051299963890228,-2.5912648467052,0.18750000600041,0
271,-0.6924144646975,0.0085470461334008,-2.5912648467052,0.43750001400015,0
1076,-0.54201562529045,0.007129045577848,-2.5912648467052,0.562500018,0
1077,-0.40168023600985,0.0039273984689589,-2.5912648467052,0.68750002200002,0
1078,-0.27720374407023,-0.00076710031019506,-2.5912648467052,0.81250002600004,0
1079,-0.17926611741758,-0.0061445445700177,-2.5912648467052,0.93750003000003,0
4547,-0.026780768568086,-0.031641713041891,-2.5895663693623,6.7531583834719,0
3015,-0.076112195719951,-0.043416279077959,-2.5887698274673,4.5422878281427,0
3030,-0.078451931064928,-0.036948734990812,-2.5886782424965,2.8677517790522,0
4503,-0.040083086169046,-0.035967111181984,-2.5881377684761,6.2859094707664,0
3044,-0.11063554938444,-0.011234784014152,-2.587377152734,1.0644052646571,0
4373,-0.066318741912446,-0.04261227622108,-2.5863611158112,5.1713087590549,0
4416,-0.059733846506309,-0.041384848552464,-2.5846955475104,5.4960227790985,0
4636,0.0095521268863455,-0.017703346186763,-2.5823039709797,7.83622803641,0
3031,-0.079340165644712,-0.038084307166133,-2.5805572817565,2.9965622443669,0
3045,-0.071422532181349,-0.015552296090245,-2.5796017647915,1.1932157299712,0
4330,-0.071512955702968,-0.043538885005505,-2.5792854451523,4.8582233078871,0
4591,-0.011880241697314,-0.026733456723639,-2.5778906441943,7.2324771948152,0
5424,0.14211558232789,0.031867738618339,-2.5763048953778,9.9374902467809,0
4459,-0.051910971415631,-0.039843000167419,-2.5739682667936,5.8316764252429,0
3032,-0.080046377843108,-0.039151741339966,-2.5724363210166,3.1253727096817,0
3046,-0.058461200806507,-0.01856659347706,-2.571826376849,1.3220261952853,0
4681,0.033933605085852,-0.0067727683162761,-2.5696857389052,8.4531349270556,0
4727,0.07298558704248,0.0091819190646332,-2.5658967694658,9.1982285069573,0
3033,-0.080562792336812,-0.040151314336494,-2.5643153602766,3.2541831749963,0
3047,-0.05800694493168,-0.020760535660132,-2.5640509889066,1.4508366605993,0
4546,-0.030163040070257,-0.033846167925081,-2.5568495725515,6.6430832387198,0
3048,-0.059636660221085,-0.022842649710587,-2.5562756009641,1.5796471259133,0
3034,-0.080883859828759,-0.041083271734794,-2.5561943995367,3.3829936403109,0
4502,-0.043075258642027,-0.038031729881248,-2.5538759846868,6.1775729281878,0
4635,0.0049612656075444,-0.020631287037759,-2.5527707177932,7.7229110197214,0
5423,0.13333859697809,0.027636961317528,-2.5501006794953,9.8409568527613,0
3049,-0.061493481984446,-0.024830554957368,-2.5485002130217,1.7084575912272,0
3035,-0.081006163984467,-0.041947849141288,-2.5480734387968,3.5118041056255,0
4372,-0.06792771539255,-0.04410897127394,-2.5476689100849,5.0686513593723,0
4415,-0.061832009760142,-0.043072179486917,-2.547444623818,5.3913957534163,0
4590,-0.015758614861179,-0.029156744001245,-2.5467505122437,7.1207416997501,0
4680,0.028540100596662,-0.010029333279808,-2.5417881039221,8.3383157668684,0
3050,-0.063387635085355,-0.02672154497599,-2.5407248250792,1.8372680565411,0
3036,-0.080928312675208,-0.04274533808977,-2.5399524780568,3.6406145709402,0
4726,0.064728525276153,0.0055901119971846,-2.5396620076763,9.0819871032568,0
4329,-0.072601781600741,-0.044759014416591,-2.5391893760943,4.7576112090522,0
4458,-0.054437390938775,-0.041711702824311,-2.5381946268928,5.7251561326827,0
3051,-0.065271448410572,-0.028522662719932,-2.5329494371368,1.9660785218548,0
3037,-0.080650833486495,-0.043476190957722,-2.5318315173169,3.7694250362548,0
3052,-0.06711579286955,-0.030240957702961,-2.5251740491944,2.0948889871686,0
4545,-0.033434815220695,-0.036021258556262,-2.5241327757407,6.5330080939675,0
5422,0.12301348158073,0.023319056182876,-2.5238964636129,9.7444234587418,0
3038,-0.080176018273379,-0.044140709197592,-2.5237105565769,3.8982355015695,0
4634,0.00049545222411704,-0.02345166972366,-2.5232374646066,7.6095940030327,0
4501,-0.045950867506694,-0.040054524064168,-2.5196142008974,6.0692363856092,0
3053,-0.068895420702273,-0.031880992278699,-2.5173986612519,2.2236994524824,0
4589,-0.019481466684035,-0.031514468220522,-2.515610380293,7.0090062046849,0
3039,-0.079507614114948,-0.044738222146073,-2.515589595837,4.0270459668842,0
4679,0.023356227881405,-0.013228156686799,-2.5138904689389,8.2234966066811,0
4725,0.057351332624922,0.0020747791596848,-2.5134272458868,8.9657456995562,0
4414,-0.063748285506205,-0.044680741183159,-2.5101937001256,5.2867687277342,0
3054,-0.07058720676166,-0.033446187863733,-2.5096232733095,2.3525099177962,0
4371,-0.069339750554181,-0.045522172960559,-2.5089767043585,4.9659939596895,0
3040,-0.078650754574832,-0.045269567085334,-2.5074686350971,4.1558564321988,0
4457,-0.056807246160976,-0.043512640732729,-2.5024209869919,5.6186358401225,0
3055,-0.072170036731833,-0.034939035722902,-2.5018478853671,2.48132038311,0
3041,-0.077613064834922,-0.045745225780602,-2.4993476743571,4.2846668975134,0
4328,-0.073515076389311,-0.046506480757064,-2.4990933070363,4.6569991102174,0
5421,0.11219246691172,0.019104585645866,-2.4976922477306,9.6478900647227,0
3056,-0.073624879723265,-0.036361302631582,-2.4940724974246,2.6101308484238,0
4633,-0.0038070786316873,-0.026153776941046,-2.49370421142,7.496276986344,0
4544,-0.03659931945916,-0.038166299110968,-2.4914159789299,6.4229329492149,0
3042,-0.076404980831788,-0.046168108428066,-2.4912267136172,4.4134773628281,0
4724,0.050627644345938,-0.0013815004577379,-2.4871924840973,8.8495042958558,0
3057,-0.074934869581657,-0.037714203658768,-2.4862971094822,2.7389413137378,0
4678,0.018371202084004,-0.016361884411136,-2.4859928339558,8.1086774464938,0
4500,-0.048699334930095,-0.04202679654381,-2.4853524171082,5.9608998430308,0
4588,-0.023063582588355,-0.033821362883906,-2.4844702483424,6.89727070962,0
3043,-0.075033065166303,-0.046458431881989,-2.4831057528773,4.5422878281427,0
3058,-0.076085369545576,-0.038998543324432,-2.4785217215397,2.8677517790522,0
272,-1.0729228898768,0.0014793252366289,-2.4760975201855,0.062500002000119,0
273,-0.98260943345245,0.0052814431093594,-2.4760975201855,0.18750000600041,0
274,-0.8463098987682,0.0082229575606351,-2.4760975201855,0.31250001000044,0
275,-0.69424962496852,0.0089997263445715,-2.4760975201855,0.43750001400015,0
1080,-0.54121162383614,0.0074972632177865,-2.4760975201855,0.56250001799999,0
1081,-0.39857661575282,0.0040777209551838,-2.4760975201855,0.68750002199999,0
1082,-0.27226519621442,-0.00094112501974378,-2.4760975201855,0.81250002600002,0
1083,-0.17359925967986,-0.00665576293055,-2.4760975201855,0.93750003000002,0
4413,-0.065475048345517,-0.046205330019835,-2.4729427764331,5.182141702052,0
3072,-0.10508268606385,-0.012019552168608,-2.472382612613,1.0644052646571,0
5420,0.1015096668649,0.015109151500599,-2.4714880318485,9.5513566707041,0
3059,-0.077064012369035,-0.040214832035144,-2.4707463335972,2.996562244367,0
4370,-0.070552342401527,-0.046857490959852,-2.470284498632,4.8633365600067,0
4456,-0.059009290497723,-0.045238104082651,-2.4666473470911,5.5121155475623,0
3073,-0.066640814157467,-0.016513753946213,-2.464952797468,1.1932157299712,0
4632,-0.0079342443249323,-0.028759754012419,-2.4641709582334,7.3829599696555,0
3060,-0.077860711467477,-0.041363380958588,-2.4629709456547,3.1253727096817,0
5417,0.1107915153035,0.027944939950053,-2.4628629118135,10.282263175375,0
4723,0.044378407705693,-0.0048052840716191,-2.4609577223078,8.7332628921557,0
4543,-0.039654781359229,-0.04027698254396,-2.4586991821189,6.3128578044624,0
4677,0.013575662099022,-0.019419940524995,-2.4580951989727,7.9938582863066,0
3074,-0.054585828743208,-0.0196233284238,-2.457522982323,1.3220261952853,0
3061,-0.078467640287998,-0.042444376074968,-2.4551955577122,3.2541831749963,0
4587,-0.026518263275263,-0.03608823137406,-2.4533301163919,6.7855352145556,0
4499,-0.051308855621261,-0.043939231392555,-2.4510906333189,5.8525633004524,0
3075,-0.054431745067341,-0.021919289239955,-2.450093167178,1.4508366605993,0
3062,-0.078879177918017,-0.043457927379944,-2.4474201697697,3.3829936403109,0
5419,0.091385228039967,0.011353911674689,-2.4452838159663,9.4548232766854,0
3076,-0.056180084647573,-0.024094123128682,-2.442663352033,1.5796471259133,0
3063,-0.079091822774752,-0.044404104675239,-2.4396447818272,3.5118041056255,0
5416,0.13352334092759,0.031588788686139,-2.438558448125,10.185231551841,0
4412,-0.06700619639722,-0.047641335536065,-2.4356918527408,5.0775146763699,0
3077,-0.058139174151991,-0.026170718362583,-2.4352335368879,1.7084575912272,0
4722,0.038487699950863,-0.0081963964353975,-2.4347229605183,8.6170214884553,0
4631,-0.011892363163673,-0.031282607855569,-2.4346377050469,7.2696429529672,0
3064,-0.079104089396078,-0.045283019517841,-2.4318693938847,3.6406145709402,0
4369,-0.071560034076368,-0.048012697103885,-2.4315922929057,4.7606791603241,0
4455,-0.061033544149226,-0.046881120573193,-2.4308737071902,5.4055952550021,0
4676,0.00895407747553,-0.022377391553902,-2.4301975639896,7.8790391261194,0
3078,-0.060131736998749,-0.028143862004527,-2.4278037217429,1.8372680565411,0
4542,-0.042595320848509,-0.042346197769771,-2.4259823853079,6.2027826597098,0
3065,-0.078916401763751,-0.046094916705192,-2.4240940059423,3.7694250362548,0
4586,-0.029855381840193,-0.038320955639816,-2.4221899844415,6.6737997194915,0
3079,-0.062111489452777,-0.030023494560605,-2.4203739065979,1.9660785218548,0
5418,0.082081028272278,0.007766742408,-2.4190796000841,9.3582898826665,0
4498,-0.053767371950048,-0.045782509617758,-2.4168288495296,5.7442267578739,0
3066,-0.078530923357115,-0.046839805013868,-2.4163186179998,3.8982355015695,0
5415,0.14136647920098,0.030030915996325,-2.4142539844365,10.088199928306,0
3080,-0.064049863485924,-0.031818162681328,-2.412944091453,2.0948889871686,0
3067,-0.07795125129493,-0.047516729448114,-2.4085432300573,4.0270459668842,0
4721,0.032887137760668,-0.011545369053966,-2.4084881987287,8.5007800847546,0
3081,-0.065922063243939,-0.033533593702105,-2.405514276308,2.2236994524824,0
4630,-0.015692869900392,-0.033733957989489,-2.4051044518604,7.1563259362786,0
4675,0.0044608965952378,-0.02532976919927,-2.4022999290065,7.7642199659322,0
3068,-0.077182383145367,-0.048126635416536,-2.4007678421148,4.1558564321988,0
4411,-0.068336903929309,-0.04898509257689,-2.3984409290483,4.9728876506877,0
3082,-0.067705374609343,-0.0351740825966,-2.398084461163,2.3525099177962,0
4454,-0.062871494281415,-0.048435574334172,-2.3951000672893,5.2990749624418,0
4767,0.072605182954575,0.0041754073112038,-2.3937044283735,9.2512315590961,0
4541,-0.04541206435075,-0.044364935380626,-2.393265588497,6.0927075149574,0
3069,-0.076231705088349,-0.048680052245863,-2.3929924541723,4.2846668975134,0
4368,-0.07238503462208,-0.049654333604698,-2.3929000871793,4.6580217606414,0
4585,-0.033080278731942,-0.040520656787876,-2.3910498524912,6.5620642244272,0
3083,-0.069379043732246,-0.036742741729016,-2.390654646018,2.48132038311,0
5414,0.1387967354272,0.026199213002102,-2.3899495207479,9.9911683047719,0
3070,-0.07510901798511,-0.049177706810727,-2.3852170662298,4.4134773628281,0
3084,-0.07092433664761,-0.03824174763467,-2.383224830873,2.6101308484239,0
4497,-0.056063329480209,-0.047547778890778,-2.3825670657403,5.6358902152956,0
4720,0.027538009182231,-0.014841816447798,-2.3822534369391,8.384538681054,0
3071,-0.073820507067926,-0.04953720819326,-2.3774416782873,4.5422878281427,0
3085,-0.072324614963819,-0.039672552967001,-2.375795015728,2.7389413137378,0
4629,-0.019348030353645,-0.036126542017331,-2.3755711986738,7.0430089195899,0
4674,0.00011379270332791,-0.028149754433334,-2.3744022940234,7.6494008057449,0
4766,0.064077237808737,0.00058081259149622,-2.3691583008346,9.1336483059744,0
3086,-0.073565401453593,-0.041036062214161,-2.368365200583,2.8677517790523,0
5413,0.13122458784323,0.021905802987408,-2.3656450570593,9.8941366812374,0
4410,-0.069465073559292,-0.050239734835462,-2.3611900053559,4.8682606250054,0
3087,-0.074634425908913,-0.042332778295841,-2.3609353854379,2.996562244367,0
276,-1.079285100028,0.0014671575699539,-2.3609301936658,0.062500002000119,0
277,-0.9889681368479,0.0054289084400295,-2.3609301936658,0.18750000600041,0
278,-0.85092964960341,0.0086177773820904,-2.3609301936658,0.31250001000044,0
279,-0.69619889075892,0.009497817875191,-2.3609301936658,0.43750001400015,0
1084,-0.54033335172365,0.0079036866808274,-2.3609301936658,0.56250001799999,0
1085,-0.39523839914697,0.004239666083271,-2.3609301936658,0.68750002199997,0
1086,-0.26697673480363,-0.0011419811804614,-2.3609301936658,0.812500026,0
1087,-0.16758128185842,-0.0072259382875721,-2.3609301936658,0.93750003000002,0
4540,-0.04809429985222,-0.046323166806643,-2.3605487916862,5.982632370205,0
4584,-0.036193571348361,-0.042684230855734,-2.3599097205407,6.4503287293627,0
4453,-0.064516150404276,-0.049896246168083,-2.3593264273884,5.1925546698815,0
3100,-0.099236757143603,-0.01287857978726,-2.357388072492,1.0644052646571,0
4719,0.022417758222915,-0.01807609578083,-2.3560186751496,8.2682972773533,0
3088,-0.075521645131755,-0.043562923140064,-2.3535055702929,3.1253727096817,0
3101,-0.061652933791758,-0.017547271821105,-2.3503038301445,1.1932157299712,0
4496,-0.058186202738817,-0.049226973115962,-2.348305281951,5.5275536727171,0
4673,-0.0040715872502048,-0.03087083742598,-2.3465046590402,7.5345816455576,0
3089,-0.076219232555938,-0.044726532498661,-2.3460757551478,3.2541831749964,0
4628,-0.022869595793792,-0.038471480648847,-2.3460379454872,6.9296919029015,0
4765,0.056474284214419,-0.0029459634549455,-2.3446121732957,9.0160650528526,0
3102,-0.05053278704929,-0.020739938317385,-2.3432195877969,1.3220261952853,0
5412,0.12169854878938,0.017615767480592,-2.3413405933707,9.7971050577028,0
3090,-0.07672153412126,-0.045823521769771,-2.3386459400028,3.3829936403109,0
3103,-0.050679589697935,-0.023128443999779,-2.3361353454493,1.4508366605993,0
3091,-0.07702499182276,-0.046853738946129,-2.3312161248577,3.5118041056255,0
4718,0.017512073697959,-0.021239202069657,-2.32978391336,8.1520558736525,0
3104,-0.052554436978125,-0.025385044729351,-2.3290511031017,1.5796471259133,0
4583,-0.039191642457928,-0.044805145729809,-2.3287695885902,6.3385932342981,0
4539,-0.05063052834147,-0.048210609709695,-2.3278319948753,5.8725572254526,0
4409,-0.07038630383496,-0.051317136331392,-2.3239390816635,4.7636335993232,0
3092,-0.077128048701797,-0.047817062519062,-2.3237863097127,3.6406145709402,0
4452,-0.065962019202976,-0.051258664374338,-2.3235527874875,5.0860343773213,0
3105,-0.054622524424878,-0.027539524286073,-2.3219668607542,1.7084575912272,0
4764,0.049591989418955,-0.0064172191675993,-2.3200660457568,8.898481799731,0
4672,-0.00809226847856,-0.033508249338129,-2.3186070240571,7.4197624853706,0
5411,0.11144365211627,0.013444808506963,-2.3170361296822,9.7000734341689,0
4627,-0.026267291452202,-0.040775915450555,-2.3165046923008,6.8163748862136,0
3093,-0.077031042277247,-0.048713477488563,-2.3163564945676,3.7694250362549,0
3106,-0.056718439579676,-0.029584770629767,-2.3148826184066,1.8372680565411,0
4495,-0.060126807209962,-0.050812999154983,-2.3140434981617,5.4192171301387,0
3094,-0.07673602510081,-0.04954265918518,-2.3089266794226,3.8982355015696,0
3107,-0.058797535548338,-0.031533699774908,-2.3077983760591,1.9660785218548,0
4717,0.012807712466438,-0.024321155208976,-2.3035491515705,8.035814469952,0
3095,-0.076246469404743,-0.050303355668523,-2.3014968642775,4.0270459668842,0
3108,-0.060832070581206,-0.033396548303236,-2.3007141337115,2.0948889871685,0
4582,-0.042067527183551,-0.046874406322245,-2.2976294566397,6.2268577392336,0
4763,0.043252747235402,-0.0098602267183905,-2.295519918218,8.7808985466096,0
4538,-0.053009327878776,-0.050017333939143,-2.2951151980644,5.7624820807003,0
3096,-0.075567265474622,-0.050996574941477,-2.2940670491325,4.1558564321988,0
3109,-0.062797969491593,-0.035180303053776,-2.2936298913639,2.2236994524824,0
5410,0.10113243681775,0.0094933202694164,-2.2927316659938,9.6030418106352,0
4671,-0.01195542026676,-0.036070451927994,-2.290709389074,7.3049433251837,0
4451,-0.067204844306192,-0.052519613218125,-2.2877791475866,4.979514084761,0
4626,-0.029547437442144,-0.043042300950528,-2.2869714391145,6.703057869526,0
4408,-0.071119105589905,-0.052838907997079,-2.286688157971,4.6590065736411,0
3097,-0.074705585977328,-0.051632743730564,-2.2866372339874,4.2846668975134,0
3110,-0.064673175276513,-0.036890176198863,-2.2865456490164,2.3525099177962,0
4494,-0.061877437716407,-0.052299811973839,-2.2797817143724,5.3108805875602,0
3111,-0.066437511077301,-0.038529906023162,-2.2794614066688,2.48132038311,0
3098,-0.073670665266976,-0.052210579201682,-2.2792074188424,4.4134773628281,0
4716,0.0082838536009833,-0.027298643202657,-2.2773143897809,7.9195730662514,0
3112,-0.068072724688011,-0.040102053917003,-2.2723771643213,2.6101308484239,0
3099,-0.072468445854011,-0.052645954152876,-2.2717776036973,4.5422878281427,0
4762,0.037330164312823,-0.013275546726933,-2.2709737906792,8.6633152934879,0
5407,0.10355933955374,0.023639538756511,-2.2698087491617,10.333829664615,0
5409,0.09119720817606,0.0057772997931449,-2.2684272023055,9.5060101871017,0
4581,-0.04481196508381,-0.048881547525223,-2.2664893246892,6.1151222441691,0
3113,-0.069562559059074,-0.041608264142013,-2.2652929219737,2.7389413137379,0
4670,-0.015671208505009,-0.038567072790776,-2.2628117540909,7.1901241649965,0
4537,-0.055219996425415,-0.051734194226447,-2.2623984012535,5.6524069359479,0
3114,-0.070892820960481,-0.043049481096654,-2.2582086796261,2.8677517790523,0
4625,-0.032712284932717,-0.045268622837299,-2.2574381859282,6.5897408528383,0
4450,-0.068243007167952,-0.053680360839296,-2.2520055076857,4.8729937922006,0
3115,-0.072051435588006,-0.044426131481352,-2.2511244372785,2.996562244367,0
4715,0.0038985625261874,-0.030268898607543,-2.2510796279914,7.8033316625507,0
5406,0.12626455359997,0.026202225283939,-2.2474134751603,10.236337108761,0
4761,0.031742349537671,-0.016652543252899,-2.2464276631402,8.545732040366,0
280,-1.0857669691186,0.0014447756811372,-2.2457628671459,0.062500002000119,0
281,-0.99563393633439,0.0055689310165235,-2.2457628671459,0.18750000600041,0
282,-0.85585120273883,0.009040687331921,-2.2457628671459,0.31250001000044,0
283,-0.69827829637264,0.010048110171279,-2.2457628671459,0.43750001400015,0
1088,-0.53937154764097,0.0083539201237395,-2.2457628671459,0.56250001799998,0
1090,-0.26129812032925,-0.0013780070760902,-2.2457628671459,0.81250002599998,0
1091,-0.16118243288738,-0.0078675578929752,-2.2457628671459,0.93750003000001,0
1089,-0.39163599509565,0.0044124070405583,-2.2457628671459,0.68750002199994,0
4493,-0.063431879738609,-0.053682411335581,-2.2455199305831,5.2025440449817,0
5408,0.081916150429761,0.002219014930215,-2.2441227386171,9.4089785635677,0
3116,-0.073028478785095,-0.045738274686058,-2.2440401949309,3.1253727096817,0
3128,-0.093083947169327,-0.013824802054282,-2.2423935323708,1.0644052646571,0
3117,-0.073816180426664,-0.046985721564976,-2.2369559525833,3.2541831749964,0
3129,-0.056460661585111,-0.018662776051209,-2.2356548628207,1.1932157299712,0
4580,-0.047414441476664,-0.050815538462417,-2.2353491927388,6.0033867491048,0
4669,-0.019249665795574,-0.041008088452518,-2.2349141191078,7.0753050048093,0
3118,-0.074408894168748,-0.048168119785892,-2.2298717102357,3.3829936403109,0
4536,-0.05725297179809,-0.053353101677652,-2.2296816044427,5.5423317911956,0
3130,-0.046306096540128,-0.021922904441172,-2.2289161932705,1.3220261952853,0
4624,-0.035760092548197,-0.04744904467574,-2.2279049327418,6.4764238361502,0
5405,0.13497179207162,0.024212497595005,-2.2250182011589,10.138844552907,0
4714,-0.00033069170291838,-0.033113740948586,-2.2248448662019,7.68709025885,0
3119,-0.074803034460421,-0.049285026338187,-2.2227874678881,3.5118041056256,0
3131,-0.046757108943892,-0.024391219059758,-2.2221775237204,1.4508366605993,0
4760,0.026439046498494,-0.019978681417864,-2.2218815356013,8.4281487872442,0
4807,0.072211882228118,-0.0013722998981801,-2.2205538892181,9.3010406306631,0
4449,-0.069073055193014,-0.054665880859463,-2.2162318677848,4.7664734996404,0
3120,-0.074996992815543,-0.050336021093949,-2.2157032255405,3.6406145709402,0
3132,-0.048767398350616,-0.02671600625656,-2.2154388541703,1.5796471259133,0
4492,-0.064785349385551,-0.054956681270872,-2.2112581467938,5.0942075024033,0
3133,-0.050951604604126,-0.028934876241978,-2.2087001846201,1.7084575912272,0
3121,-0.074991034251396,-0.051320766351844,-2.2086189831929,3.7694250362549,0
4668,-0.022699498391173,-0.043400878146282,-2.2070164841247,6.9604858446223,0
4579,-0.049864100073943,-0.052665524436976,-2.2042090607884,5.8916512540404,0
5404,0.13429062982696,0.020256945449874,-2.2026229271575,10.041351997053,0
3134,-0.053155763832233,-0.031039774163419,-2.20196151507,1.8372680565411,0
3122,-0.074787113867555,-0.052238555327547,-2.2015347408453,3.8982355015696,0
4713,-0.0043992599180457,-0.03587200995185,-2.1986101044123,7.5708488551494,0
4623,-0.038685721127983,-0.049574816759078,-2.1983716795554,6.3631068194622,0
4806,0.063438503296286,-0.0049571850479413,-2.1977206541087,9.1821963883879,0
4759,0.02138962615125,-0.023242073867875,-2.1973354080624,8.3105655341222,0
4535,-0.059100058786483,-0.054867153986017,-2.1969648076317,5.4322566464432,0
3135,-0.055337226266831,-0.033046681023363,-2.1952228455199,1.9660785218548,0
3123,-0.074388598933776,-0.053087817022879,-2.1944504984977,4.0270459668842,0
3136,-0.057469431846908,-0.034967713109368,-2.1884841759698,2.0948889871685,0
3124,-0.073800294946585,-0.053869563903122,-2.1873662561501,4.1558564321988,0
3137,-0.059529369400674,-0.036811205992319,-2.1817455064197,2.2236994524824,0
4448,-0.069710401460126,-0.056052788456729,-2.1804582278839,4.6599532070801,0
3125,-0.073029179872527,-0.054593972306541,-2.1802820138025,4.2846668975134,0
5403,0.12822599887709,0.015820700893923,-2.180227653156,9.9438594411988,0
4667,-0.026026995353771,-0.045748635757808,-2.1791188491417,6.8456666844358,0
4491,-0.065934229151279,-0.056119959587805,-2.1769963630044,4.9858709598247,0
3138,-0.061495946467434,-0.038583314679388,-2.1750068368695,2.3525099177962,0
4805,0.055609305603302,-0.0084793442997583,-2.1748874189993,9.0633521461124,0
3126,-0.07208397347297,-0.055257918676544,-2.1731977714549,4.4134773628281,0
4578,-0.052150463113899,-0.054421381720151,-2.1730689288379,5.7799157589761,0
4758,0.016573993431696,-0.026432046881725,-2.1727892805235,8.1929822810002,0
4712,-0.0083103309998308,-0.038556851442239,-2.1723753426227,7.4546074514489,0
4622,-0.041481504766324,-0.051635304291705,-2.1688384263689,6.2497898027742,0
3139,-0.063349827597249,-0.040288384871853,-2.1682681673194,2.48132038311,0
3127,-0.070970483306702,-0.055776362305033,-2.1661135291073,4.5422878281427,0
4534,-0.06075450630702,-0.056270659237018,-2.1642480108208,5.3221815016908,0
3140,-0.065073463359311,-0.041929313003729,-2.1615294977693,2.6101308484239,0
5402,0.11971958193853,0.011470567083695,-2.1578323791546,9.8463668853446,0
3141,-0.066651158248687,-0.043507864480894,-2.1547908282192,2.7389413137379,0
4804,0.04855263186893,-0.01194742579176,-2.1520541838899,8.9445079038372,0
4666,-0.029235190353827,-0.048050120672707,-2.1512212141589,6.7308475242496,0
4757,0.011976862525708,-0.029533907593434,-2.1482431529846,8.0753990278784,0
3142,-0.068069146566371,-0.045024940561051,-2.148052158669,2.8677517790523,0
4711,-0.012072414075257,-0.041173036140853,-2.1461405808333,7.3383660477486,0
4490,-0.066877415917778,-0.057172210796095,-2.1427345792151,4.8775344172462,0
4577,-0.054263938210599,-0.056074083621996,-2.1419287968875,5.6681802639118,0
3143,-0.069315660465647,-0.046480801880362,-2.1413134891189,2.996562244367,0
4621,-0.044138200496714,-0.053618985840507,-2.1393051731825,6.1364727860862,0
5401,0.11019361545405,0.0072812011966865,-2.1354371051532,9.7488743294909,0
3144,-0.070380979080137,-0.04787525275132,-2.1345748195687,3.1253727096818,0
4533,-0.062210976295147,-0.057559086178206,-2.1315312140099,5.2121063569384,0
285,-1.0026266928505,0.0056969269420707,-2.1305955406256,0.18750000600041,0
1094,-0.25518178861614,-0.0016604576553875,-2.1305955406256,0.81250002599995,0
284,-1.0923496144606,0.0014109776710505,-2.1305955406256,0.062500002000118,0
286,-0.86111302255233,0.0094928668049268,-2.1305955406256,0.31250001000044,0
1093,-0.38773272688498,0.0045941063088501,-2.1305955406256,0.68750002199992,0
1095,-0.15436917017764,-0.0085962415830972,-2.1305955406256,0.93750003,0
287,-0.70050699726834,0.010658843929383,-2.1305955406256,0.43750001400015,0
1092,-0.53831429941731,0.0088548464851265,-2.1305955406256,0.56250001799997,0
4803,0.042102592793849,-0.01539072362986,-2.1292209487805,8.8256636615622,0
3145,-0.071257450141285,-0.049207786940944,-2.1278361500185,3.2541831749964,0
3156,-0.086610318798829,-0.014873933056759,-2.1273989922492,1.0644052646571,0
4756,0.0075604922847331,-0.032534177800857,-2.1236970254457,7.9578157747566,0
4665,-0.032323622345689,-0.050300098503191,-2.123323579176,6.6160283640633,0
3146,-0.071939477918916,-0.05047769524191,-2.1210974804684,3.382993640311,0
3157,-0.051068103480777,-0.019871994875739,-2.1210058954965,1.1932157299712,0
4710,-0.01569462843378,-0.043726717643176,-2.1199058190438,7.222124644048,0
3158,-0.041912331469317,-0.02317988325994,-2.1146127987439,1.3220261952853,0
3147,-0.072423477788457,-0.051684159558052,-2.1143588109182,3.5118041056256,0
5400,0.10039079516545,0.0033256617363599,-2.113041831152,9.6513817736376,0
4576,-0.056196127079317,-0.057615898251008,-2.1107886649371,5.5564447688474,0
4620,-0.046645880100886,-0.055514309197817,-2.1097719199962,6.0231557693984,0
4489,-0.067612298826896,-0.058050546090891,-2.1084727954258,4.7691978746677,0
3159,-0.042673508445249,-0.02571129017029,-2.1082197019912,1.4508366605993,0
3148,-0.072707807261992,-0.052826381625684,-2.107620141368,3.6406145709402,0
4802,0.036129617166457,-0.018812490203982,-2.1063877136711,8.706819419287,0
3160,-0.044829263878821,-0.028087462534094,-2.1018266052385,1.5796471259133,0
3149,-0.072792668873369,-0.053903626128879,-2.1008814718179,3.7694250362549,0
4755,0.0032805904038192,-0.035546590656672,-2.0991508979069,7.8402325216347,0
4532,-0.063465455606244,-0.058728892074931,-2.0988144171991,5.102031212186,0
3161,-0.047137045989546,-0.030354031881959,-2.0954335084858,1.7084575912272,0
4664,-0.035288653484005,-0.052490145726317,-2.0954259441931,6.5012092038767,0
3150,-0.072679928731322,-0.054914746179704,-2.0941428022677,3.8982355015696,0
4709,-0.019184815442072,-0.046224071515585,-2.0936710572542,7.1058832403474,0
5399,0.090768162611675,-0.00038699141786774,-2.0906465571509,9.5538892177843,0
3162,-0.049454154429286,-0.032503291896386,-2.0890404117331,1.837268056541,0
3151,-0.072372862660271,-0.055857818925328,-2.0874041327175,4.0270459668842,0
4801,0.030541837585477,-0.022202641544217,-2.0835544785616,8.5879751770115,0
3163,-0.05174043626429,-0.034554407471744,-2.0826473149804,1.9660785218548,0
3152,-0.071876206124999,-0.05673379006208,-2.0806654631674,4.1558564321988,0
4619,-0.048994673076653,-0.057310358061089,-2.0802386668098,5.9098387527106,0
4575,-0.057939969846868,-0.059040451486796,-2.0796485329866,5.444709273783,0
3164,-0.053970985881948,-0.036521549946496,-2.0762542182278,2.0948889871685,0
5397,0.095273250954794,0.0194035163356,-2.0758227642918,10.381771810903,0
4754,-0.0008349483545096,-0.038442594096653,-2.074604770368,7.7226492685127,0
4488,-0.068151708957879,-0.059286620723235,-2.0742110116365,4.6608613320892,0
3153,-0.0711967523595,-0.057552436671276,-2.0739267936172,4.2846668975134,0
3165,-0.056124292584585,-0.038414474154605,-2.0698611214751,2.2236994524824,0
5398,0.081619843706774,-0.003939564597094,-2.0682512831495,9.4563966619307,0
4663,-0.038124132645778,-0.054609650576151,-2.0675283092101,6.3863900436901,0
4708,-0.022548770108957,-0.048668223067401,-2.0674362954647,6.989641836647,0
3154,-0.070342741444732,-0.058308956711986,-2.067188124067,4.4134773628281,0
4531,-0.064514998557071,-0.059778084927758,-2.0660976203881,4.9919560674335,0
3166,-0.058180608670756,-0.040240273055982,-2.0634680247224,2.3525099177962,0
4800,0.025277774537463,-0.025548155201755,-2.0607212434522,8.469130934736,0
3155,-0.069319930692456,-0.058918190939746,-2.0604494545169,4.5422878281427,0
3167,-0.060121758802344,-0.042003846655805,-2.0570749279697,2.4813203831101,0
5396,0.1179359660688,0.020844334500042,-2.0553453868315,10.283855798043,0
4618,-0.051175321186458,-0.058997313102544,-2.0507054136234,5.7965217360227,0
3168,-0.061931156505356,-0.04370834252359,-2.0506818312171,2.6101308484239,0
4753,-0.0047862448961446,-0.041256525316702,-2.050058642829,7.6050660153908,0
4574,-0.059489763187932,-0.060342697104442,-2.0485084010361,5.3329737787187,0
4847,0.071781105169998,-0.0075471735514358,-2.0465048482496,9.3476384174637,0
3169,-0.063593875598679,-0.045355545223885,-2.0442887344644,2.7389413137379,0
4707,-0.02578964030999,-0.051058099696856,-2.0412015336753,6.8734004329471,0
4662,-0.040822203735327,-0.056646847551338,-2.0396306742271,6.2715708835035,0
3170,-0.065096740420645,-0.046946201646917,-2.0378956377117,2.8677517790523,0
4799,0.02029657268469,-0.028838089137602,-2.0378880083427,8.3502866924604,0
5395,0.12732770446671,0.018328010832196,-2.0348680093712,10.185939785183,0
4530,-0.065359017967963,-0.060705834968764,-2.0333808235772,4.881880922681,0
3171,-0.066428414289159,-0.048480291663797,-2.031502540959,2.996562244367,0
4752,-0.0085831555612651,-0.044000639132611,-2.0255125152901,7.4874827622692,0
4846,0.062817403255682,-0.011128058652671,-2.0254072524509,9.2276144843834,0
3172,-0.067579471838592,-0.049957250016067,-2.0251094442062,3.1253727096818,0
4617,-0.053179547904985,-0.060566719529275,-2.021172160437,5.6832047193349,0
3173,-0.068542444449254,-0.051376141631268,-2.0187163474535,3.2541831749964,0
4573,-0.060841096330168,-0.061518818601151,-2.0173682690857,5.2212382836543,0
1098,-0.24857146678447,-0.0020046056737563,-2.0154282141053,0.81250002599993,0
288,-1.0990081472716,0.0013649127432101,-2.0154282141053,0.062500002000118,0
289,-1.0099660693895,0.0058068430059799,-2.0154282141053,0.1875000060004,0
290,-0.86676055105722,0.0099746629906019,-2.0154282141053,0.31250001000044,0
291,-0.70290822089701,0.011340079104833,-2.0154282141053,0.43750001400015,0
1096,-0.53714609689402,0.0094150303151681,-2.0154282141053,0.56250001799996,0
1097,-0.38348241487745,0.0047813610930512,-2.0154282141053,0.68750002199989,0
1099,-0.14710377840338,-0.0094315376655252,-2.0154282141053,0.93750003,0
4798,0.015572777653127,-0.032060316336266,-2.0150547732333,8.2314424501848,0
4706,-0.028907638196044,-0.053388646058753,-2.014966771886,6.7571590292475,0
5394,0.12840909610908,0.014136894979896,-2.0143906319108,10.088023772323,0
3184,-0.079802201136196,-0.01604504711157,-2.0124044521277,1.0644052646571,0
3174,-0.069311831415074,-0.052735793594484,-2.0123232507008,3.382993640311,0
4661,-0.043374112583178,-0.058589751473288,-2.0117330392441,6.1567517233169,0
3185,-0.0454823471834,-0.02118878256943,-2.0063569281724,1.1932157299712,0
3175,-0.069884076592512,-0.054034912237016,-2.0059301539481,3.5118041056256,0
4845,0.054784920907309,-0.014644602465994,-2.0043096566523,9.1075905513029,0
4751,-0.012236446153562,-0.046678524555705,-2.0009663877513,7.3698995091476,0
4529,-0.065995630763312,-0.061460452668738,-2.0006640267663,4.7718057779286,0
3186,-0.037361219086935,-0.024519906517745,-2.0003094042172,1.3220261952853,0
3176,-0.070257517987916,-0.055272226268329,-1.9995370571954,3.6406145709402,0
3187,-0.038441142729888,-0.027092834118157,-1.9942618802619,1.4508366605993,0
5393,0.12408474040091,0.0094704848997021,-1.9939132544505,9.9901077594635,0
3177,-0.070432300963128,-0.056446514455695,-1.9931439604426,3.7694250362549,0
4797,0.011083405363452,-0.035189831962815,-1.9922215381239,8.1125982079094,0
4616,-0.055000259080237,-0.062011598431193,-1.9916389072507,5.5698877026471,0
4705,-0.03190019369501,-0.055651566409161,-1.9887320100967,6.6409176255478,0
3188,-0.040753497237787,-0.029499625839105,-1.9882143563067,1.5796471259132,0
3178,-0.070410205035316,-0.057556120898948,-1.9867508636899,3.8982355015696,0
4572,-0.061990742980464,-0.062566049272558,-1.9862281371352,5.1095027885899,0
4660,-0.045770912927334,-0.060426907508958,-1.9838354042612,6.0419325631305,0
4844,0.047553597313991,-0.01810295691887,-1.9832120608537,8.9875666182226,0
3189,-0.043192544736757,-0.031793391995299,-1.9821668323514,1.7084575912272,0
3179,-0.070194420376605,-0.058598725849927,-1.9803577669372,4.0270459668842,0
4750,-0.015754336596604,-0.049293232742113,-1.9764202602124,7.2523162560258,0
3190,-0.045626922175689,-0.033968375660736,-1.9761193083962,1.837268056541,0
3180,-0.069789617794582,-0.059575122639175,-1.9739646701845,4.1558564321988,0
5392,0.11685834124206,0.0049548202137679,-1.9734358769901,9.8921917466035,0
3191,-0.048019653616874,-0.036047085518976,-1.970071784441,1.9660785218548,0
4796,0.0067658222597648,-0.038311223956906,-1.9693883030144,7.993753965634,0
4528,-0.066435530390494,-0.062528776089263,-1.9679472299554,4.6617306331762,0
3181,-0.069202404823504,-0.060494535582901,-1.9675715734317,4.2846668975134,0
3192,-0.05034811238578,-0.038045891123157,-1.9640242604857,2.0948889871685,0
4704,-0.034762444374895,-0.057836277128285,-1.9624972483073,6.5246762218478,0
4843,0.040979588904482,-0.021535797088754,-1.9621144650552,8.8675426851425,0
4615,-0.056631610052376,-0.063326440555488,-1.9621056540642,5.4565706859592,0
3182,-0.068440559367041,-0.061350638006608,-1.961178476679,4.4134773628281,0
3193,-0.052592839489156,-0.039975997440806,-1.9579767365305,2.2236994524824,0
4659,-0.048004023008406,-0.062147930009456,-1.9559377692783,5.9271134029441,0
4571,-0.06293642392551,-0.063483179474343,-1.9550880051847,4.9977672935255,0
3183,-0.067509852224719,-0.062058933805254,-1.9547853799263,4.5422878281427,0
5391,0.10826246617997,0.00066064285362134,-1.9529584995299,9.7942757337441,0
3194,-0.054735896642674,-0.04184538172518,-1.9519292125753,2.3525099177962,0
4749,-0.019142355801574,-0.051846429300319,-1.9518741326735,7.1347330029039,0
4795,0.0026089663951763,-0.04133415053755,-1.946555067905,7.8749097233585,0
3195,-0.056760646760168,-0.043659395476636,-1.94588168862,2.4813203831101,0
4842,0.034938870780664,-0.024951525110754,-1.9410168692566,8.7475187520622,0
3196,-0.058651766940666,-0.045421307933151,-1.9398341646648,2.6101308484239,0
4703,-0.03748789229746,-0.059930921907858,-1.9362624865179,6.4084348181477,0
3197,-0.060395334973784,-0.047132781140981,-1.9337866407096,2.7389413137379,0
4614,-0.058068977785592,-0.064507120251924,-1.9325724008778,5.3432536692714,0
5390,0.099132369167896,-0.0033697900258959,-1.9324811220697,9.6963597208851,0
4658,-0.050065618918874,-0.063743832765805,-1.9280401342953,5.8122942427577,0
3198,-0.0619789452503,-0.048794262657883,-1.9277391167543,2.8677517790523,0
4748,-0.022403509042816,-0.054336342835988,-1.9273280051347,7.0171497497822,0
4570,-0.063678031737435,-0.064269037367175,-1.9239478732343,4.886031798461,0
4794,-0.0013824239181639,-0.044271628832283,-1.9237218327956,7.756065481083,0
3199,-0.063391827579848,-0.050405308364504,-1.921691592799,2.9965622443671,0
4841,0.02933463442992,-0.028343000012517,-1.9199192734579,8.6274948189816,0
3200,-0.064624950986419,-0.051964844585937,-1.9156440688438,3.1253727096818,0
5389,0.089967596077013,-0.007138166219364,-1.9120037446096,9.5984437080261,0
4702,-0.040069084671599,-0.061923323303712,-1.9100277247284,6.2921934144478,0
3201,-0.06567109972143,-0.053471374462517,-1.9095965448885,3.2541831749964,0
3202,-0.066524913362019,-0.054923135582728,-1.9035490209332,3.382993640311,0
4613,-0.059308874339345,-0.065550755452277,-1.9030391476914,5.2299366525834,0
4747,-0.02553829781912,-0.056757401538579,-1.9027818775959,6.8995664966611,0
4793,-0.0052124659477887,-0.047139311566392,-1.9008885976861,7.6372212388074,0
292,-1.105710451238,0.0013064023795834,-1.900260887585,0.062500002000118,0
293,-1.0176704277969,0.0058907102115212,-1.900260887585,0.1875000060004,0
294,-0.87284774353989,0.010484899634975,-1.900260887585,0.31250001000044,0
295,-0.70551061514103,0.012104142425944,-1.900260887585,0.43750001400015,0
1100,-0.53584648322219,0.010045226201252,-1.900260887585,0.56250001799995,0
1101,-0.37882587458236,0.004968354677525,-1.900260887585,0.68750002199987,0
1102,-0.24140075865747,-0.0024312819247635,-1.900260887585,0.81250002599991,0
1103,-0.13934411167026,-0.010397915183119,-1.900260887585,0.93750002999999,0
4657,-0.051948870829899,-0.065207187118394,-1.9001424993124,5.6974750825713,0
4840,0.024095920032699,-0.031699288287454,-1.8988216776593,8.5074708859011,0
3203,-0.067182890378681,-0.056318240637118,-1.8975014969779,3.5118041056256,0
3212,-0.072646793259436,-0.01736125432901,-1.8974099120061,1.0644052646571,0
4569,-0.064214290360508,-0.064882202056539,-1.8928077412838,4.7742963033966,0
3213,-0.039714262428343,-0.02262948185083,-1.8917079608483,1.1932157299712,0
5388,0.081083298267154,-0.010731056272313,-1.8915263671494,9.5005276951667,0
3204,-0.067643360252455,-0.057654833848351,-1.8914539730227,3.6406145709402,0
3214,-0.032666357413942,-0.025953615178507,-1.8860060096905,1.3220261952852,0
3205,-0.067906411155402,-0.058931105044056,-1.8854064490674,3.7694250362549,0
4701,-0.042498232798072,-0.063801770200544,-1.883792962939,6.1759520107478,0
5387,0.085906317316181,0.015302264063902,-1.8809729931972,10.426072799736,0
3215,-0.034076222604998,-0.0285405630191,-1.8803040585327,1.4508366605993,0
3206,-0.067973731445301,-0.060144807766846,-1.8793589251121,3.8982355015696,0
4746,-0.028544889846587,-0.059100932404832,-1.8782357500572,6.7819832435403,0
4792,-0.0088915930149595,-0.049942066935868,-1.8780553625767,7.5183769965322,0
4839,0.019173378018671,-0.035007864617082,-1.8777240818606,8.3874469528204,0
3216,-0.036557413100834,-0.030952305469338,-1.8746021073749,1.5796471259132,0
4612,-0.060348829843314,-0.066455526394719,-1.8735058945051,5.1166196358956,0
3207,-0.06784842247475,-0.061293166180832,-1.8733114011568,4.0270459668842,0
4656,-0.053648048671198,-0.066532143294821,-1.8722448643295,5.582655922385,0
4887,0.071237758464331,-0.014398413268881,-1.8716173140142,9.3910087308877,0
3217,-0.03913546912792,-0.03324820972125,-1.8689001562171,1.7084575912272,0
3208,-0.067535084749202,-0.062376719376025,-1.8672638772015,4.1558564321988,0
3218,-0.041690760424362,-0.035426338774476,-1.8631982050593,1.837268056541,0
5386,0.10849410548583,0.015598709138642,-1.8624214851299,10.327770969023,0
4568,-0.064554139305875,-0.065764954057693,-1.8616676093333,4.6625608083322,0
3209,-0.067040126246284,-0.063403977108126,-1.8612163532463,4.2846668975134,0
4700,-0.044767723074276,-0.065555595340176,-1.8575582011497,6.059710607048,0
3219,-0.044190409775521,-0.037512743654852,-1.8574962539015,1.9660785218547,0
4838,0.014531906760218,-0.03825527468195,-1.856626486062,8.2674230197397,0
4791,-0.01242916207483,-0.052679548042439,-1.8552221274673,7.3995327542571,0
3210,-0.066370862271053,-0.064367231867882,-1.855168829291,4.4134773628281,0
4745,-0.031419512269883,-0.061356135057339,-1.8536896225186,6.6643999904194,0
4886,0.062171682190334,-0.018009600712558,-1.852276585204,9.269886815189,0
3220,-0.046614888749188,-0.039526073770021,-1.8517943027437,2.0948889871685,0
3211,-0.065533120467855,-0.065183427902546,-1.8491213053357,4.5422878281427,0
3221,-0.048947479894514,-0.041478943441073,-1.8460923515859,2.2236994524824,0
4655,-0.055158529150135,-0.067714355296999,-1.8443472293465,5.4678367621985,0
4611,-0.061187189293387,-0.067221096646136,-1.8439726413186,5.0033026192077,0
5385,0.11842481731295,0.012502769961705,-1.8438699770627,10.22946913831,0
3222,-0.051172613604108,-0.043380085794879,-1.8403904004281,2.3525099177962,0
4837,0.010135979244169,-0.041415490613159,-1.8355288902634,8.1473990866592,0
3223,-0.053275630868562,-0.045235131660859,-1.8346884492703,2.4813203831101,0
4885,0.053989151503154,-0.021546296154937,-1.8329358563938,9.1487648994902,0
4790,-0.015831224958493,-0.055349441308333,-1.8323888923579,7.2806885119816,0
4699,-0.04687049280979,-0.067175546699501,-1.8313234393603,5.9434692033482,0
4744,-0.034156968482893,-0.063511062805182,-1.8291434949798,6.5468167372981,0
3224,-0.055242811662081,-0.047047283115675,-1.8289864981126,2.6101308484239,0
5384,0.12105026448677,0.0079875992655947,-1.8253184689955,10.131167307597,0
3225,-0.057061495994918,-0.048817889267894,-1.8232845469548,2.7389413137379,0
3226,-0.058720242450797,-0.050546914061925,-1.8175825957969,2.8677517790524,0
4654,-0.056476736441347,-0.06875084654476,-1.8164495943635,5.3530176020121,0
4610,-0.061824256281519,-0.067846340629954,-1.8144393881322,4.8899856025197,0
4836,0.0059250943776673,-0.044584786005671,-1.8144312944648,8.0273751535787,0
4884,0.046607574068342,-0.025011961515763,-1.8135951275837,9.0276429837915,0
3227,-0.060208990937692,-0.052233314412424,-1.8118806446391,2.9965622443671,0
4789,-0.01910100831882,-0.057947178603892,-1.8095556572485,7.1618442697061,0
5383,0.1185584413859,0.0030084123409293,-1.8067669609282,10.032865476883,0
3228,-0.061519208357283,-0.053875343279276,-1.8061786934813,3.1253727096818,0
4698,-0.048800273664174,-0.068653977370692,-1.8050886775709,5.8272277996484,0
4743,-0.036751182268217,-0.065553518570239,-1.804597367441,6.4292334841768,0
3229,-0.062644003138412,-0.05547078693653,-1.8004767423234,3.2541831749965,0
3230,-0.063578200479825,-0.057017148118196,-1.7947747911656,3.382993640311,0
4883,0.039913691881833,-0.028443274532872,-1.7942543987736,8.9065210680932,0
4835,0.0018910523116156,-0.047657205419011,-1.7933336986662,7.9073512204981,0
3231,-0.064318377774936,-0.058511809607719,-1.7890728400078,3.5118041056256,0
4653,-0.057600045305033,-0.069639840584227,-1.7885519593806,5.2381984418256,0
5382,0.11285170197027,-0.0017761063746598,-1.7882154528609,9.93456364617,0
4788,-0.022239487577269,-0.060465378147416,-1.7867224221391,7.0430000274309,0
296,-1.1124157359367,0.0012363943250897,-1.7850935610647,0.062500002000118,0
297,-1.0257550376,0.0059380735114314,-1.7850935610647,0.1875000060004,0
298,-0.87943892347499,0.01101976845888,-1.7850935610647,0.31250001000044,0
299,-0.70835027211455,0.012966165021387,-1.7850935610647,0.43750001400015,0
1104,-0.53438827420439,0.010758976958893,-1.7850935610647,0.56250001799995,0
1105,-0.37368583564768,0.005145552682127,-1.7850935610647,0.68750002199984,0
1106,-0.23359181904069,-0.0029690351978289,-1.7850935610647,0.81250002599988,0
1107,-0.13104330822987,-0.011526032331367,-1.7850935610647,0.93750002999998,0
4609,-0.06225923733057,-0.068299173099601,-1.7849061349459,4.7766685858318,0
3232,-0.06486286319417,-0.05995220232807,-1.78337088885,3.6406145709403,0
3240,-0.065132873875575,-0.018850481235055,-1.7824153718845,1.0644052646571,0
4742,-0.039195702743368,-0.067471805792781,-1.7800512399023,6.3116502310556,0
4697,-0.050551718365775,-0.069984889186443,-1.7788539157816,5.7109863959486,0
3233,-0.065211682057947,-0.061335808305659,-1.7776689376921,3.7694250362549,0
3241,-0.03377935419794,-0.024213331757626,-1.7770589935241,1.1932157299712,0
4882,0.033797302869122,-0.031856312018957,-1.7749136699634,8.7853991523945,0
4834,-0.0019739859833453,-0.050659258560945,-1.7722361028676,7.7873272874175,0
3234,-0.065366419443706,-0.062659694631598,-1.7719669865343,3.8982355015696,0
3242,-0.027846036750575,-0.02749357344879,-1.7717026151638,1.3220261952852,0
5381,0.10541098151403,-0.00627920701367,-1.7696639447938,9.8362618154573,0
3243,-0.029599699777362,-0.030059763926579,-1.7663462368034,1.4508366605993,0
3235,-0.065330074775309,-0.063920553867738,-1.7662650353765,4.0270459668842,0
4787,-0.025245705082658,-0.062894209160835,-1.7638891870298,6.9241557851562,0
3244,-0.032263031175591,-0.032444671770868,-1.7609898584431,1.5796471259132,0
4652,-0.058526672171848,-0.070380584553289,-1.7606543243977,5.1233792816392,0
3236,-0.065107160136403,-0.065118550283649,-1.7605630842186,4.1558564321988,0
3245,-0.03498759401258,-0.034712186509397,-1.7556334800827,1.7084575912272,0
4881,0.028163981738128,-0.03524988498247,-1.7555729411532,8.6642772366956,0
4741,-0.041484127889794,-0.069255291206808,-1.7555051123635,6.1940669779345,0
4608,-0.062499650743721,-0.06897770613598,-1.7553728817594,4.6633515691439,0
3237,-0.064703855488574,-0.066261305232105,-1.7548611330608,4.2846668975134,0
4696,-0.05212043392389,-0.0711638695862,-1.7526191539922,5.5947449922488,0
4833,-0.0056777346292569,-0.053597405373983,-1.7511385070689,7.6673033543369,0
5380,0.09714330331806,-0.010478228004567,-1.7511124367267,9.7379599847449,0
3246,-0.037666344642477,-0.036866265462049,-1.7502771017224,1.837268056541,0
3238,-0.064126994586262,-0.067339861956622,-1.749159181903,4.4134773628281,0
3247,-0.040271761523914,-0.038936705815462,-1.744920723362,1.9660785218547,0
3239,-0.063382484127062,-0.068273381386966,-1.7434572307452,4.5422878281427,0
4786,-0.028117095711144,-0.065222244236819,-1.7410559519205,6.8053115428818,0
3248,-0.04278848024117,-0.040944406060176,-1.7395643450017,2.0948889871685,0
4880,0.022939188422038,-0.038614086144276,-1.736232212343,8.5431553209967,0
3249,-0.045203375963759,-0.042903229363689,-1.7342079666413,2.2236994524823,0
4651,-0.059255508546952,-0.070973675445975,-1.7327566894147,5.0085601214527,0
5379,0.088602339035399,-0.014386616324371,-1.7325609286596,9.6396581540326,0
4740,-0.043610430319922,-0.070894774873353,-1.7309589848248,6.0764837248134,0
4832,-0.0092294476377761,-0.056467139945458,-1.7300409112703,7.5472794212566,0
3250,-0.047503906834762,-0.044822425624824,-1.728851588281,2.3525099177962,0
4695,-0.053502948625954,-0.07218795958753,-1.7263843922028,5.478503588549,0
3251,-0.049677890072957,-0.046707638767473,-1.7234952099206,2.4813203831101,0
4785,-0.03084989664956,-0.067437337941126,-1.7182227168113,6.6864673006072,0
3252,-0.051713579927577,-0.048561739726996,-1.7181388315603,2.610130848424,0
4879,0.018066318613264,-0.041936671214344,-1.7168914835329,8.4220334052977,0
5378,0.080132182189683,-0.018091979150473,-1.7140094205925,9.5413563233199,0
3253,-0.053599853566875,-0.05038551620728,-1.7127824531999,2.738941313738,0
4831,-0.012636473970449,-0.05926139762309,-1.7089433154717,7.4272554881764,0
3254,-0.055326436139808,-0.052178219978228,-1.7074260748396,2.8677517790524,0
4739,-0.045569180416281,-0.072382684575643,-1.7064128572861,5.9589004716924,0
4650,-0.059787178639582,-0.071418348591952,-1.7048590544317,4.8937409612661,0
3255,-0.056884125111919,-0.053938000013631,-1.7020696964792,2.9965622443671,0
4694,-0.054696638117708,-0.073055486118351,-1.7001496304134,5.3622621848492,0
4878,0.013500196415681,-0.045205468730667,-1.6975507547227,8.3009114895987,0
3256,-0.058264990374315,-0.05566224417922,-1.6967133181188,3.1253727096818,0
4927,0.070440234324321,-0.021896454401639,-1.6959515861997,9.4311365036239,0
4784,-0.033439573641277,-0.069527394465362,-1.695389481702,6.5676230583324,0
3257,-0.059462536178334,-0.057347844780791,-1.6913569397584,3.2541831749965,0
4830,-0.015903197448583,-0.061972178098283,-1.6878457196731,7.3072315550958,0
3258,-0.060471817948404,-0.058991405114264,-1.686000561398,3.382993640311,0
5377,0.075480850222937,0.011415368420139,-1.6853277750276,10.466717093631,0
4738,-0.047355674155844,-0.073713126566219,-1.6818667297473,5.8413172185713,0
3259,-0.061289514293755,-0.060589423808091,-1.6806441830376,3.5118041056256,0
4926,0.061392199623549,-0.025609361608357,-1.6783874254812,9.3089986949446,0
4877,0.0091897722087489,-0.048397691416161,-1.6782100259125,8.1797895738999,0
4649,-0.060121247762591,-0.071690915387932,-1.6769614194488,4.7789218010797,0
3260,-0.061913955661116,-0.062138472205418,-1.6752878046772,3.6406145709403,0
4693,-0.055699632987887,-0.073765880363874,-1.6739148686241,5.2460207811493,0
4783,-0.035881212954672,-0.07148099501669,-1.6725562465927,6.4487788160575,0
3261,-0.062345093394852,-0.063635189166714,-1.6699314263169,3.7694250362549,0
301,-1.0342291993095,0.0059352390318543,-1.6699262345444,0.1875000060004,0
300,-1.119072780272,0.0011575363173871,-1.6699262345444,0.062500002000118,0
302,-0.88661091742839,0.011571019280405,-1.6699262345444,0.31250001000043,0
303,-0.7114738819426,0.013944646979849,-1.6699262345444,0.43750001400015,0
1108,-0.53273560753134,0.011573253428681,-1.6699262345444,0.56250001799994,0
1109,-0.36795991083219,0.0052979406934716,-1.6699262345444,0.68750002199982,0
1110,-0.22505409079045,-0.0036569791426495,-1.6699262345444,0.81250002599986,0
1111,-0.12214866009638,-0.012854647082158,-1.6699262345444,0.93750002999998,0
5376,0.097952450882,0.01056963323137,-1.668709372123,10.368067233708,0
3268,-0.057251331018134,-0.020546693301581,-1.6674208317629,1.0644052646571,0
4829,-0.019031635842097,-0.064589977427944,-1.6667481238745,7.1872076220152,0
3262,-0.062584389559959,-0.065075843578767,-1.6645750479565,3.8982355015696,0
3269,-0.027698648147578,-0.025963159771295,-1.6624100262,1.1932157299712,0
4925,0.05314606905871,-0.029229026908188,-1.6608232647628,9.186860886265,0
3263,-0.062634718091014,-0.066456502300272,-1.6592186695961,4.0270459668842,0
4876,0.0050756043603004,-0.051619540762761,-1.6588692971023,8.0586676582011,0
3270,-0.022924291006659,-0.029154845443326,-1.6573992206371,1.3220261952852,0
4737,-0.048965981271645,-0.074881828805163,-1.6573206022086,5.7237339654503,0
3264,-0.062500471009431,-0.067776812734175,-1.6538622912357,4.1558564321988,0
3271,-0.025038460775511,-0.031656397446375,-1.6523884150742,1.4508366605993,0
5375,0.10829913430839,0.006891805227397,-1.6520909692184,10.269417373785,0
4782,-0.038169854339966,-0.073287873112272,-1.6497230114834,6.3299345737827,0
4648,-0.060264106144738,-0.072145855505335,-1.6490637844658,4.6641026408932,0
3265,-0.062187555915443,-0.069043318047777,-1.6485059128753,4.2846668975134,0
4692,-0.056510733987965,-0.07431951088492,-1.6476801068347,5.1297793774495,0
3272,-0.027898186280036,-0.033974913680314,-1.6473776095112,1.5796471259132,0
4828,-0.022022080934464,-0.067103764654593,-1.6456505280759,7.0671836889349,0
4924,0.045669921285526,-0.032754032426687,-1.6432591040443,9.0647230775857,0
3266,-0.061702286938183,-0.070245928509105,-1.6431495345149,4.4134773628281,0
3273,-0.030775998938704,-0.036176899960821,-1.6423668039483,1.7084575912272,0
4875,0.0011542237455207,-0.054750827730964,-1.6395285682922,7.9375457425021,0
3267,-0.06105064886017,-0.071306795717975,-1.6377931561545,4.5422878281427,0
3274,-0.033579021935382,-0.038274352526671,-1.6373559983854,1.837268056541,0
5374,0.11221929910438,0.0020000401043277,-1.6354725663137,10.170767513862,0
4736,-0.050396933027586,-0.075886011966114,-1.6327744746699,5.6061507123293,0
3275,-0.036286819217775,-0.040300918335205,-1.6323451928225,1.9660785218547,0
3276,-0.038889555666225,-0.042279510299461,-1.6273343872596,2.0948889871685,0
4781,-0.04030075320964,-0.074939229363279,-1.6268897763741,6.211090331508,0
4923,0.038886049286293,-0.036224583092186,-1.6256949433259,8.9425852689067,0
4827,-0.024873490303953,-0.069501590258752,-1.6245529322773,6.9471597558552,0
3277,-0.041378723738757,-0.044224889411567,-1.6223235816967,2.2236994524823,0
4691,-0.057129274609554,-0.074717929213338,-1.6214453450453,5.0135379737496,0
4874,-0.0025851207632439,-0.057813247899736,-1.620187839482,7.8164238268032,0
5373,0.1114978383047,-0.0033477388216312,-1.618854163409,10.072117653939,0
3278,-0.043745561882428,-0.046146425149825,-1.6173127761338,2.3525099177962,0
3279,-0.0459809069544,-0.048049385021063,-1.6123019705709,2.4813203831101,0
4735,-0.051646071121012,-0.076724221030377,-1.6082283471311,5.4885674592082,0
4922,0.032706371907625,-0.039665361104497,-1.6081307826075,8.8204474602274,0
3280,-0.048075377242921,-0.049935953151857,-1.607291165008,2.610130848424,0
4780,-0.042269568478953,-0.076427896014918,-1.6040565412648,6.0922460892333,0
4826,-0.027583804105141,-0.071771315626943,-1.6034553364789,6.8271358227757,0
3281,-0.050019666979618,-0.051806040994599,-1.6022803594451,2.738941313738,0
5372,0.10745242277031,-0.0084807372502703,-1.6022357605044,9.9734677940162,0
4873,-0.0061538294940719,-0.060805611576487,-1.6008471106718,7.6953019111042,0
3282,-0.051804869587212,-0.053657911928098,-1.5972695538821,2.8677517790524,0
4690,-0.057556103652704,-0.074960972918769,-1.5952105832559,4.8972965700496,0
3283,-0.0534227852314,-0.055488663441966,-1.5922587483192,2.9965622443671,0
4921,0.027046519736545,-0.043080972613973,-1.590566621889,8.6983096515478,0
3284,-0.054866189649373,-0.057294600693023,-1.5872479427563,3.1253727096819,0
5371,0.10136857843826,-0.013292924310853,-1.5856173575998,9.8748179340938,0
4734,-0.052711575396852,-0.077396145426666,-1.5836822195924,5.3709842060872,0
4825,-0.030150264133998,-0.073901233001911,-1.5823577406805,6.7071118896961,0
3285,-0.056129052806915,-0.059071524419716,-1.5822371371933,3.2541831749965,0
4872,-0.0095620886193239,-0.063715566600001,-1.5815063818616,7.5741799954056,0
4779,-0.044072478298984,-0.077748374169946,-1.5812233061555,5.9734018469587,0
3286,-0.057206703447973,-0.060814956288653,-1.5772263316304,3.382993640311,0
4920,0.021832851868966,-0.046466368743993,-1.5730024611705,8.5761718428683,0
3287,-0.05809594180402,-0.062520339906266,-1.5722155260674,3.5118041056256,0
5370,0.094157566683305,-0.017765254218734,-1.5689989546953,9.7761680741718,0
4689,-0.057791027565595,-0.075032403448163,-1.5689758214665,4.7810551663498,0
3288,-0.058795101234385,-0.064183224169066,-1.5672047205045,3.6406145709403,0
3289,-0.059304043396274,-0.065799253024018,-1.5621939149415,3.7694250362549,0
4871,-0.012817125664905,-0.066529961422975,-1.5621656530515,7.453058079707,0
4824,-0.032569712826022,-0.075880545609039,-1.561260144882,6.5870879566161,0
4733,-0.053592198829708,-0.077902438678556,-1.5591360920536,5.2534009529661,0
4778,-0.045706232888164,-0.078896773233543,-1.5583900710462,5.8545576046841,0
3290,-0.059624080705838,-0.067363768548906,-1.5571831093786,3.8982355015696,0
4919,0.017003835663032,-0.049813342444346,-1.5554383004521,8.4540340341886,0
304,-1.1256178439214,0.0010748356011817,-1.5547589080241,0.062500002000118,0
305,-1.0430917303627,0.0058642810375277,-1.5547589080241,0.1875000060004,0
306,-0.89445517910969,0.012122942553511,-1.5547589080241,0.31250001000043,0
307,-0.71494331302148,0.015061681245106,-1.5547589080241,0.43750001400015,0
1114,-0.21568379202423,-0.004547544026027,-1.5547589080241,0.81250002599984,0
1115,-0.11259882912634,-0.014434715447727,-1.5547589080241,0.93750002999997,0
1112,-0.53084182226098,0.012508775486042,-1.5547589080241,0.56250001799993,0
1113,-0.36151099611866,0.0054035905138448,-1.5547589080241,0.6875000219998,0
3296,-0.048996288950515,-0.022493019732491,-1.5524262916413,1.0644052646571,0
5369,0.086416785424441,-0.02191703143723,-1.5523805517908,9.6775182142498,0
3291,-0.059757927827793,-0.068872097150669,-1.5521723038157,4.0270459668842,0
3297,-0.021500904680049,-0.027907005956236,-1.5477610588759,1.1932157299712,0
3292,-0.059709811226109,-0.07032320304817,-1.5471614982527,4.1558564321988,0
3298,-0.017933038366582,-0.030956041822285,-1.5430958261104,1.3220261952852,0
4870,-0.015923411527416,-0.0692364714271,-1.5428249242413,7.3319361640082,0
4688,-0.05783957292419,-0.075243775699336,-1.5427410596771,4.6648137626499,0
3293,-0.059485305356449,-0.071722341513489,-1.5421506926898,4.2846668975134,0
4823,-0.034838847905203,-0.077699720752875,-1.5401625490835,6.4670640235362,0
3299,-0.020427214603998,-0.033337246301605,-1.5384305933449,1.4508366605993,0
4918,0.012506784201921,-0.053106854919231,-1.5378741397336,8.3318962255089,0
3294,-0.059090147175629,-0.073058386318848,-1.5371398871268,4.4134773628281,0
5368,0.07852209272086,-0.025830572886502,-1.5357621488863,9.5788683543275,0
4777,-0.047168158369683,-0.079870682871078,-1.535556835937,5.7357133624095,0
4732,-0.054287198192907,-0.078244582258202,-1.5345899645149,5.135817699845,0
3300,-0.023498036757621,-0.035539694152582,-1.5337653605794,1.5796471259132,0
3295,-0.058530372189665,-0.074257244914946,-1.5321290815639,4.5422878281427,0
3301,-0.026534163042621,-0.037630960320766,-1.529100127814,1.7084575912271,0
3302,-0.029459580486507,-0.039633007369155,-1.5244348950485,1.837268056541,0
4869,-0.018883461344546,-0.07182278833792,-1.5234841954312,7.2108142483092,0
4917,0.008271449795064,-0.056363967500112,-1.5203099790152,8.2097584168294,0
3303,-0.032263300536925,-0.041583083101023,-1.519769662283,1.9660785218547,0
4967,0.0691712935584,-0.029884196981353,-1.5195682349614,9.4680077948216,0
4822,-0.036954424601757,-0.07935072005912,-1.5190649532849,6.3470400904563,0
3304,-0.034942710725863,-0.043505514134201,-1.5151044295176,2.0948889871685,0
4776,-0.048456125766509,-0.080669006325581,-1.5127236008277,5.6168691201348,0
3305,-0.037495102162014,-0.045415318496049,-1.5104391967521,2.2236994524823,0
4731,-0.054796240324538,-0.078425053304079,-1.5100438369762,5.0182344467239,0
3306,-0.039916311011397,-0.047321372809367,-1.5057739639866,2.3525099177962,0
4868,-0.02169841768283,-0.074276521223128,-1.504143466621,7.0896923326106,0
4966,0.060290431972519,-0.033810157834394,-1.5037988100163,9.3449365357322,0
4916,0.0042508795919323,-0.059617358690162,-1.5027458182967,8.0876206081499,0
3307,-0.042200754391126,-0.049228024800314,-1.5011087312212,2.4813203831101,0
4821,-0.03891340467018,-0.080827112038711,-1.4979673574864,6.2270161573765,0
3308,-0.044341799579675,-0.051136309957299,-1.4964434984557,2.610130848424,0
3309,-0.046332225410997,-0.053044876966186,-1.4917782656902,2.738941313738,0
4775,-0.04956850082949,-0.081291782572242,-1.4898903657184,5.4980248778602,0
5367,0.064080953388363,0.0078339865245892,-1.4889557280167,10.503690437586,0
4965,0.052099050001115,-0.037617172283783,-1.4880293850712,9.2218652766426,0
3310,-0.048164682591488,-0.054950676508402,-1.4871130329248,2.8677517790524,0
4730,-0.05512030586649,-0.078444470511349,-1.4854977094374,4.9006511936027,0
4915,0.00044405251166339,-0.062783368810974,-1.4851816575783,7.9654827994703,0
4867,-0.024368408260798,-0.076585664002726,-1.4848027378109,6.9685704169125,0
3311,-0.049832109007542,-0.056849478404563,-1.4824478001593,2.9965622443672,0
3312,-0.051328082210522,-0.058736264552916,-1.4777825673938,3.1253727096819,0
4820,-0.040713054521054,-0.08212408160007,-1.476869761688,6.1069922242968,0
5366,0.086395191716541,0.0058789328693684,-1.4742769261766,10.404730472182,0
3313,-0.052647103700165,-0.060605529295099,-1.4731173346283,3.2541831749965,0
4964,0.04461681439656,-0.041294779138552,-1.4722599601261,9.0987940175533,0
3314,-0.053784816471548,-0.06245151604494,-1.4684521018628,3.382993640311,0
4914,-0.0031607311276586,-0.065868624409731,-1.4676174968598,7.8433449907907,0
4774,-0.050504099646667,-0.081740011912373,-1.4670571306091,5.3791806355855,0
4866,-0.026892821208632,-0.078739072195265,-1.4654620090009,6.8474485012147,0
3315,-0.054738161430759,-0.064268428724181,-1.4637868690973,3.5118041056256,0
4729,-0.05525934303263,-0.078293096643841,-1.4609515818987,4.7830679404816,0
5365,0.097046497945624,0.001670777774912,-1.4595981243365,10.305770506779,0
3316,-0.05550547386618,-0.066050616584496,-1.4591216363318,3.6406145709403,0
4963,0.037806144416081,-0.0448827000235,-1.456490535181,8.9757227584642,0
4819,-0.042350996787249,-0.08323835756256,-1.4557721658895,5.9869682912171,0
3317,-0.056086507196403,-0.067792561871001,-1.4544564035663,3.7694250362549,0
4913,-0.0065786690155669,-0.068863909541613,-1.4500533361413,7.7212071821111,0
3318,-0.056482392366237,-0.069488534383402,-1.4497911708008,3.8982355015696,0
4865,-0.029270547787663,-0.080726792687185,-1.4461212801909,6.7263265855168,0
3319,-0.05669564205704,-0.071132983310529,-1.4451259380353,4.0270459668843,0
5364,0.10202268483308,-0.0036017668701315,-1.4449193224963,10.206810541375,0
4773,-0.051262144021698,-0.082015502523045,-1.4442238954998,5.2603363933108,0
4962,0.031605690331141,-0.048411830573787,-1.4407211102359,8.8526514993748,0
3320,-0.056730258597189,-0.072723996737117,-1.4404607052698,4.1558564321988,0
308,-1.1319722549156,0.00099641800682826,-1.4395915815038,0.062500002000118,0
309,-1.0523241768502,0.0057019425147031,-1.4395915815038,0.1875000060004,0
310,-0.90307937224803,0.012647645191279,-1.4395915815038,0.31250001000043,0
1118,-0.20537136834404,-0.0057064289018514,-1.4395915815038,0.81250002599981,0
1119,-0.10232232465223,-0.016339781917923,-1.4395915815038,0.93750002999996,0
1116,-0.52864494407453,0.013588403532789,-1.4395915815038,0.56250001799992,0
311,-0.71884138870984,0.016342246138621,-1.4395915815038,0.43750001400015,0
1117,-0.35414937511292,0.0054341621968864,-1.4395915815038,0.68750002199977,0
3324,-0.040370854028899,-0.024749153931431,-1.4374317515198,1.0644052646571,0
4728,-0.055218260104451,-0.078240473774892,-1.4364054543599,4.6654846873605,0
3321,-0.056591406722195,-0.074265308509867,-1.4357954725043,4.2846668975134,0
4818,-0.043825224365063,-0.084168083463621,-1.434674570091,5.8669443581373,0
3325,-0.015230665705648,-0.030080378699777,-1.4331120915517,1.1932157299712,0
4912,-0.009822507719122,-0.071752912857852,-1.4324891754229,7.5990693734318,0
3322,-0.056284169530171,-0.075744826343179,-1.4311302397388,4.4134773628281,0
5363,0.10289554526097,-0.0093297653273652,-1.4302405206561,10.107850575972,0
3326,-0.012917793701407,-0.032919985529131,-1.4287924315837,1.3220261952852,0
4864,-0.031500188118891,-0.082540275475871,-1.4267805513809,6.6052046698185,0
3323,-0.055814575203516,-0.077092958257094,-1.4264650069733,4.5422878281427,0
4961,0.025945632758866,-0.051895122333814,-1.4249516852907,8.7295802402851,0
3327,-0.01581187832666,-0.035109500461492,-1.4244727716157,1.4508366605992,0
4772,-0.051842214758739,-0.082120775231927,-1.4213906603905,5.1414921510362,0
3328,-0.019107118362864,-0.037133052342213,-1.4201531116476,1.5796471259132,0
3329,-0.022303216840157,-0.039058696713992,-1.4158334516796,1.7084575912271,0
5362,0.10051446264543,-0.014847052142099,-1.415561718816,10.008890610568,0
4911,-0.012901259162976,-0.074519837222181,-1.4149250147044,7.4769315647526,0
4817,-0.045134089007805,-0.084912654618705,-1.4135769742925,5.7469204250577,0
3330,-0.025345033052067,-0.040919592073011,-1.4115137917116,1.837268056541,0
4960,0.020757104093025,-0.055334673241671,-1.4091822603456,8.6065089811955,0
4863,-0.033580213818974,-0.084172496675781,-1.4074398225708,6.4840827541202,0
3331,-0.028234057838929,-0.042755539679396,-1.4071941317436,1.9660785218547,0
3332,-0.030976866799775,-0.044591059694671,-1.4028744717755,2.0948889871684,0
5361,0.095903750278321,-0.020036392622825,-1.4008829169758,9.9099306451653,0
4771,-0.052244222140925,-0.082059168056204,-1.3985574252812,5.0226479087614,0
3333,-0.033577813488279,-0.046440372734807,-1.3985548118075,2.2236994524823,0
4910,-0.015821194774661,-0.077150669066599,-1.397360853986,7.354793756073,0
3334,-0.036038150952522,-0.048310977989235,-1.3942351518395,2.3525099177962,0
4959,0.015977160846251,-0.058727117932244,-1.3934128354005,8.4834377221058,0
4816,-0.046276272272929,-0.085472546252675,-1.3924793784941,5.626896491978,0
3335,-0.038356407077617,-0.050205582222058,-1.3899154918715,2.4813203831101,0
4862,-0.035509088538355,-0.085618000376979,-1.3880990937607,6.362960838422,0
5360,0.089903578739681,-0.024872857130114,-1.3862041151358,9.8109706797627,0
3336,-0.040529044681497,-0.052123496945285,-1.3855958319035,2.610130848424,0
3337,-0.042551159658955,-0.054061650584786,-1.3812761719354,2.738941313738,0
4909,-0.018586787441816,-0.079632569749616,-1.3797966932676,7.2326559473934,0
4958,0.011545836787677,-0.062055026369206,-1.3776434104553,8.360366463016,0
3338,-0.044417121697628,-0.056015312791333,-1.3769565119674,2.8677517790525,0
4770,-0.052469200228089,-0.081832207213554,-1.3757241901719,4.9038036664867,0
3339,-0.046121122383292,-0.057978622049608,-1.3726368519993,2.9965622443672,0
5359,0.083121825376892,-0.029372049466241,-1.3715253132958,9.7120107143601,0
4815,-0.047250764484137,-0.08584914759605,-1.3713817826956,5.5068725588982,0
4861,-0.037285351043961,-0.086872866185617,-1.3687583649506,6.2418389227238,0
3340,-0.047657625130101,-0.05994497883377,-1.3683171920313,3.1253727096819,0
3341,-0.049021722355875,-0.061907344185622,-1.3639975320632,3.2541831749965,0
4908,-0.021201215247137,-0.081953726434157,-1.3622325325491,7.1105181387141,0
4957,0.0073900273019679,-0.06538750991938,-1.3618739855102,8.2372952039264,0
3342,-0.050209409604556,-0.063858477096364,-1.3596778720952,3.382993640311,0
5358,0.075956715292651,-0.03360050351586,-1.3568465114558,9.6130507489572,0
3343,-0.051217787089088,-0.065791147885604,-1.3553582121271,3.5118041056256,0
4769,-0.05251716968786,-0.081435721057711,-1.3528909550626,4.784959424212,0
3344,-0.05204519142347,-0.067698318665521,-1.3510385521591,3.6406145709403,0
4814,-0.048056840530596,-0.086044621830836,-1.3502841868971,5.3868486258185,0
4860,-0.038907666263162,-0.087934615958527,-1.3494176361406,6.1207170070258,0
3345,-0.052691249108846,-0.06957313126344,-1.346718892191,3.769425036255,0
4956,0.0034835188990119,-0.068626035780285,-1.3461045605651,8.1142239448369,0
4907,-0.023666663630389,-0.084103589740313,-1.3446683718307,6.9883803300354,0
5007,0.067146333315493,-0.038039763696347,-1.342528079922,9.5016097949374,0
3346,-0.053156875551316,-0.071408622497293,-1.342399232223,3.8982355015696,0
3347,-0.053444332481811,-0.073198205639756,-1.3380795722549,4.0270459668843,0
3348,-0.053557328792956,-0.074938871962202,-1.3337599122869,4.1558564321988,0
4955,-0.00018572153437335,-0.071770432775008,-1.33033513562,7.9911526857472,0
4859,-0.040374848740129,-0.088802077283164,-1.3300769073306,5.9995950913278,0
4768,-0.052392654683196,-0.081098397916839,-1.3300577199533,4.6661151819373,0
3349,-0.053500529654219,-0.076632573232543,-1.3294402523188,4.2846668975134,0
4813,-0.048694041226372,-0.086061793966145,-1.3291865910986,5.2668246927387,0
5006,0.058601545395834,-0.042323125512681,-1.3285700186945,9.3776878523008,0
4906,-0.025984565725459,-0.086073089926166,-1.3271042111124,6.8662425213569,0
3350,-0.053278270284034,-0.07826628715657,-1.3251205923508,4.413477362828,0
312,-1.1380389380391,0.00093424730051234,-1.3244242549835,0.062500002000118,0
313,-1.0618806852239,0.0054187547552071,-1.3244242549835,0.1875000060004,0
314,-0.91260782899186,0.013098622829914,-1.3244242549835,0.31250001000043,0
1120,-0.52605768797881,0.014830630706679,-1.3244242549835,0.56250001799991,0
1122,-0.1940317283305,-0.0072099275675442,-1.3244242549835,0.81250002599979,0
1123,-0.091242892634905,-0.018688929001378,-1.3244242549835,0.93750002999996,0
315,-0.72327941460251,0.017813313636874,-1.3244242549835,0.43750001400015,0
1121,-0.34559234580145,0.0053567529683274,-1.3244242549835,0.68750002199975,0
3352,-0.031398628727331,-0.027401271458603,-1.3224372113982,1.0644052646571,0
3351,-0.052896477720939,-0.079775629201339,-1.3208009323827,4.5422878281427,0
3353,-0.0089641612472804,-0.032527303995514,-1.3184631242276,1.1932157299712,0
5005,0.050608600892333,-0.046459405785946,-1.314611957467,9.2537659096639,0
4954,-0.0036333163471269,-0.074811949348604,-1.3145657106748,7.8680814266575,0
3354,-0.0079484482053023,-0.035070372079985,-1.314489037057,1.3220261952852,0
4858,-0.041685866112009,-0.089475226242629,-1.3107361785205,5.8784731756298,0
3355,-0.011255078328462,-0.036977178157393,-1.3105149498864,1.4508366605992,0
4905,-0.028155802741834,-0.087854728601805,-1.3095400503942,6.7441047126783,0
4812,-0.04916217434917,-0.085904101661004,-1.3080889953001,5.146800759659,0
3356,-0.014781798022825,-0.038743693449698,-1.3065408627158,1.5796471259132,0
3357,-0.01813308584647,-0.04043802034592,-1.3025667755452,1.7084575912271,0
5004,0.043241948654685,-0.050418568742592,-1.3006538962396,9.1298439670273,0
4953,-0.0068769287402334,-0.077734837332195,-1.2987962857297,7.7450101675678,0
3358,-0.021279233568839,-0.042104694385354,-1.2985926883747,1.8372680565409,0
3359,-0.024237482795827,-0.043783852071383,-1.2946186012041,1.9660785218547,0
4904,-0.030180861387008,-0.089442586171478,-1.2919758896758,6.6219669039993,0
5357,0.051862576474232,0.0046559844642022,-1.291925724969,10.536979864182,0
4857,-0.04283983953469,-0.089955019827753,-1.2913954497105,5.7573512599317,0
3360,-0.027025599992189,-0.045498109849153,-1.2906445140335,2.0948889871684,0
4811,-0.049461324691207,-0.085575666935358,-1.2869913995016,5.0267768265792,0
5003,0.036503848414591,-0.054233481157683,-1.2866958350122,9.005922024391,0
3361,-0.029656198105751,-0.047259309523263,-1.2866704268629,2.2236994524823,0
4952,-0.0099316666561114,-0.080522014850063,-1.2830268607846,7.6219389084784,0
3362,-0.032136668316294,-0.049072382663179,-1.2826963396924,2.3525099177962,0
5356,0.073986900460269,0.0016613928673507,-1.2791922777383,10.437747837651,0
3363,-0.034470084709462,-0.050937492342069,-1.2787222525218,2.4813203831101,0
3364,-0.036656272066268,-0.052851543847304,-1.2747481653512,2.610130848424,0
4903,-0.032059951614206,-0.090832276478249,-1.2744117289574,6.4998290953204,0
5002,0.030360485200355,-0.057941099929101,-1.2727377737847,8.8820000817544,0
4856,-0.043836038361654,-0.090243248835189,-1.2720547209004,5.6362293442337,0
3365,-0.038692814650686,-0.054809226643129,-1.2707740781806,2.7389413137381,0
4951,-0.012809170580936,-0.083158133097707,-1.2672574358395,7.4988676493891,0
3366,-0.040575919895129,-0.056803726764925,-1.26679999101,2.8677517790525,0
5355,0.084839925190258,-0.0029713642162297,-1.2664588305076,10.33851581112,0
4810,-0.049592534238634,-0.085079017592484,-1.2658938037031,4.9067528934994,0
3367,-0.042301121059271,-0.058827228887487,-1.2628259038394,2.9965622443672,0
3368,-0.043863834727431,-0.060871283853033,-1.2588518166688,3.1253727096819,0
5001,0.024759637364067,-0.061561190250764,-1.2587797125573,8.7580781391175,0
4902,-0.033793090748985,-0.09202085818786,-1.256847568239,6.3776912866416,0
3369,-0.045259795007259,-0.06292708727466,-1.2548777294982,3.2541831749966,0
5354,0.090660291737206,-0.0085725204298411,-1.2537253832768,10.239283784588,0
4855,-0.044673882697245,-0.090342408796104,-1.2527139920904,5.5151074285357,0
4950,-0.01551850913726,-0.085629932342314,-1.2514880108944,7.3757963902995,0
3370,-0.046485385332521,-0.064985704499212,-1.2509036423276,3.3829936403111,0
3371,-0.047537884601541,-0.067038275434472,-1.246929555157,3.5118041056257,0
5000,0.019641417310287,-0.06510103576587,-1.2448216513298,8.6341561964806,0
4809,-0.049555866939472,-0.084414647900232,-1.2447962079046,4.7867289604196,0
3372,-0.048415633014512,-0.069076183445164,-1.2429554679864,3.6406145709403,0
5353,0.09289191488649,-0.014637506452456,-1.2409919360461,10.140051758057,0
4901,-0.035380161627175,-0.093006710581929,-1.2392834075207,6.2555534779628,0
3373,-0.049118114936237,-0.071091044822228,-1.2389813808158,3.769425036255,0
4949,-0.018066950782572,-0.087925925159556,-1.2357185859492,7.2527251312098,0
3374,-0.049645998161849,-0.073074491621976,-1.2350072936452,3.8982355015696,0
4854,-0.04535294761785,-0.090255608850285,-1.2333732632803,5.3939855128376,0
3375,-0.050001242592135,-0.075018723244852,-1.2310332064746,4.0270459668843,0
4999,0.014944598098011,-0.068561123848372,-1.2308635901023,8.5102342538437,0
5352,0.092050794196781,-0.020517581115671,-1.2282584888154,10.040819731526,0
3376,-0.050187188112968,-0.076919387248257,-1.2270591193039,4.1558564321988,0
4808,-0.049355690276881,-0.083771852764142,-1.2236986121061,4.6667050273399,0
3377,-0.050207902502061,-0.078776363924031,-1.2230850321333,4.2846668975134,0
4900,-0.036820953297125,-0.093789383744472,-1.2217192468024,6.1334156692841,0
4948,-0.02046035127512,-0.090036296554154,-1.2199491610041,7.1296538721205,0
3378,-0.050066866361473,-0.08057569215573,-1.2191109449627,4.413477362828,0
4998,0.010606772965594,-0.071928339792279,-1.2169055288748,8.3863123112067,0
5351,0.088906551183192,-0.026098013996794,-1.2155250415847,9.9415877049949,0
3379,-0.049769770979511,-0.082258839802912,-1.2151368577921,4.5422878281427,0
4853,-0.045872993915416,-0.089986512342131,-1.2140325344703,5.2728635971395,0
316,-1.1436956684628,0.00090380060810966,-1.2092569284632,0.062500002000118,0
317,-1.0716720368831,0.0049781196470832,-1.2092569284632,0.1875000060004,0
318,-0.92317912707642,0.013402310779214,-1.2092569284632,0.31250001000043,0
319,-0.72841081162333,0.019505586754926,-1.2092569284632,0.43750001400015,0
1124,-0.5229553198976,0.01625739002604,-1.2092569284632,0.56250001799991,0
1125,-0.33562458871694,0.0051111022066174,-1.2092569284632,0.68750002199972,0
1126,-0.18135297289715,-0.0091980321312091,-1.2092569284632,0.81250002599977,0
1127,-0.079262975791858,-0.021636567809057,-1.2092569284632,0.93750002999995,0
3380,-0.022110556938762,-0.030565203450729,-1.2074426712766,1.0644052646571,0
4947,-0.022703392956072,-0.091952942038814,-1.2041797360591,7.0065826130317,0
4899,-0.038115187020048,-0.094369439031175,-1.204155086084,6.0112778606054,0
3381,-0.0027610583416229,-0.035332662061778,-1.2038141569035,1.1932157299712,0
4997,0.0065688059027763,-0.075254028929167,-1.2029474676474,8.2623903685699,0
5350,0.084182255902161,-0.031348308221849,-1.2027915943541,9.8423556784645,0
3382,-0.0031177922383177,-0.037420146789513,-1.2001856425303,1.3220261952852,0
3383,-0.0068389292661608,-0.038929422284593,-1.1965571281572,1.4508366605992,0
4852,-0.046233995083933,-0.089539345556645,-1.1946918056602,5.1517416814415,0
3384,-0.010591912316017,-0.040348347163203,-1.192928613784,1.5796471259132,0
5349,0.078459063258964,-0.036273751731967,-1.1900581471235,9.743123651934,0
3385,-0.014082850949556,-0.041736972347866,-1.1893000994109,1.7084575912271,0
4996,0.0028103870456239,-0.078450150268363,-1.1889894064199,8.1384684259331,0
4946,-0.024799791103516,-0.093669459363322,-1.1884103111141,6.8835113539432,0
4898,-0.039262540513806,-0.094748297502714,-1.1865909253657,5.8891400519267,0
3386,-0.01731302878913,-0.043149892957811,-1.1856715850377,1.8372680565409,0
3387,-0.020317674439743,-0.04462512283584,-1.1820430706646,1.9660785218547,0
3388,-0.023127364468651,-0.046180556147971,-1.1784145562915,2.0948889871684,0
5348,0.072139428360502,-0.040914137052999,-1.1773246998929,9.6438916254033,0
4851,-0.046436183469779,-0.088918952422935,-1.1753510768501,5.0306197657433,0
4995,-0.00068754889449082,-0.081519495082478,-1.1750313451925,8.0145464832961,0
3389,-0.025763919297461,-0.047823551481585,-1.1747860419183,2.2236994524823,0
4945,-0.026752473586786,-0.095181061015796,-1.1726408861691,6.7604400948545,0
3390,-0.028241381549084,-0.049554998625425,-1.1711575275452,2.3525099177962,0
4897,-0.0402626692013,-0.094928105229981,-1.1690267646474,5.767002243248,0
3391,-0.03056764139941,-0.051371462127191,-1.1675290131721,2.4813203831102,0
5047,0.06404918300618,-0.045879186927641,-1.1648921687396,9.531930830246,0
3392,-0.03274602845082,-0.053266677521032,-1.1639004987989,2.6101308484241,0
4994,-0.0039454134917569,-0.084450634991209,-1.161073283965,7.8906245406592,0
3393,-0.034776700164271,-0.055232535760405,-1.1602719844258,2.7389413137381,0
4944,-0.02856372493915,-0.096484444694835,-1.1568714612241,6.6373688357654,0
3394,-0.036657763696947,-0.057259717856249,-1.1566434700526,2.8677517790525,0
4850,-0.046480607156577,-0.088128954375778,-1.1560103480401,4.9094978500452,0
3395,-0.038386146664332,-0.059338124869679,-1.1530149556795,2.9965622443672,0
5046,0.056010848340011,-0.050681572886557,-1.1527605536639,9.4072412664623,0
4896,-0.041115229866114,-0.0949116249097,-1.151462603929,5.6448644345693,0
3396,-0.03995826561342,-0.061457188719353,-1.1493864413063,3.125372709682,0
4993,-0.0069836893929771,-0.087227069612858,-1.1471152227375,7.7667025980223,0
3397,-0.041370536699203,-0.063606110021295,-1.1457579269331,3.2541831749966,0
3398,-0.042619763219712,-0.065774055811142,-1.14212941256,3.3829936403111,0
4943,-0.030235299543261,-0.097577641978938,-1.141102036279,6.5142975766765,0
5045,0.048378441404714,-0.055307703338969,-1.1406289385881,9.2825517026784,0
3399,-0.043703423813286,-0.067950343903484,-1.1385008981868,3.5118041056257,0
4849,-0.046367390772267,-0.087173677525123,-1.13666961923,4.7883759343471,0
3400,-0.04461986981947,-0.070124591750526,-1.1348723838137,3.6406145709403,0
4895,-0.041819919113164,-0.094702167689179,-1.1338984432107,5.5227266258906,0
4992,-0.0098203577319145,-0.089833917716931,-1.13315716151,7.6427806553856,0
3401,-0.04536843571073,-0.072286707167194,-1.1312438694405,3.769425036255,0
5044,0.041277270611183,-0.059696883261452,-1.1284973235123,9.1578621388948,0
3402,-0.045949516877498,-0.074426742346802,-1.1276153550673,3.8982355015696,0
4942,-0.031768507152231,-0.098459859372341,-1.125332611334,6.3912263175875,0
3403,-0.046364724599364,-0.076535492396989,-1.1239868406942,4.0270459668843,0
3404,-0.04661695476819,-0.07860699420508,-1.120358326321,4.1558564321988,0
4991,-0.012470323172326,-0.092259024922399,-1.1191991002826,7.5188587127491,0
4848,-0.046100964793414,-0.086204850934315,-1.11732889042,4.667254018649,0
3405,-0.046709581008771,-0.080638740634828,-1.1167298119478,4.2846668975134,0
5043,0.034744769590131,-0.06387061723152,-1.1163657084365,9.0331725751114,0
4894,-0.042376524009223,-0.094303557711212,-1.1163342824923,5.4005888172119,0
3406,-0.046645119377604,-0.082615766254088,-1.1131012975747,4.413477362828,0
4941,-0.033164282813961,-0.099131315504908,-1.1095631863889,6.2681550584986,0
3407,-0.046428847200609,-0.084485941969466,-1.1094727832015,4.5422878281427,0
4990,-0.014945940304384,-0.09449239781454,-1.1052410390552,7.3949367701123,0
5042,0.028774033028587,-0.067866216906908,-1.1042340933607,8.9084830113277,0
4893,-0.04278497669245,-0.093720139242854,-1.098770121774,5.2784510085332,0
5347,0.039058897425028,0.0019783455670056,-1.0943068697489,10.566573698002,0
322,-0.93493517419893,0.013444186745887,-1.0940896019429,0.31250001000043,0
1128,-0.51914485009846,0.017887777363808,-1.0940896019429,0.5625000179999,0
1129,-0.32385387115398,0.0045658655845044,-1.0940896019429,0.6875000219997,0
1130,-0.16704608166277,-0.011877197397929,-1.0940896019429,0.81250002599974,0
320,-1.1487847394938,0.00092103072659995,-1.0940896019429,0.062500002000117,0
321,-1.0815412256761,0.0043344271560044,-1.0940896019429,0.1875000060004,0
323,-0.7344438032207,0.021448876052064,-1.0940896019429,0.43750001400015,0
1131,-0.066279943657225,-0.025365895777213,-1.0940896019429,0.93750002999994,0
4940,-0.034423248310138,-0.099593084457728,-1.0937937614439,6.1450837994099,0
3408,-0.012547047396831,-0.034413289587215,-1.092448131155,1.0644052646571,0
5041,0.023331708142216,-0.071707594949785,-1.0921024782849,8.7837934475438,0
4989,-0.017257531452088,-0.096525838757286,-1.0912829778277,7.2710148274753,0
3409,0.0034115115829414,-0.038671608599092,-1.0891651895793,1.1932157299712,0
3410,0.0015995280057313,-0.04001845918568,-1.0858822480036,1.3220261952852,0
5346,0.06097842362105,-0.0019401204402737,-1.0835237860731,10.467107760819,0
3411,-0.0026545661975431,-0.040917116471066,-1.0825993064279,1.4508366605992,0
4892,-0.043045408851699,-0.092956838587125,-1.0812059610556,5.1563131998545,0
5040,0.018369516357042,-0.075405879338625,-1.0799708632091,8.6591038837599,0
3412,-0.0066163400193471,-0.041900500510243,-1.0793163648522,1.5796471259132,0
4939,-0.035545762402306,-0.099846956990559,-1.0780243364989,6.0220125403211,0
4988,-0.019413693752399,-0.098352849711637,-1.0773249166003,7.1470928848387,0
3413,-0.010219494008387,-0.04290872414077,-1.0760334232765,1.7084575912271,0
3414,-0.013503754177549,-0.044005240126427,-1.0727504817008,1.8372680565409,0
5345,0.071943077976463,-0.0068376277585464,-1.0727407023974,10.367641823637,0
3415,-0.01652435563807,-0.045226167425341,-1.0694675401251,1.9660785218546,0
5039,0.013832100574997,-0.07896498655455,-1.0678392481333,8.5344143199758,0
3416,-0.019325631011147,-0.046582650946574,-1.0661845985494,2.0948889871684,0
4891,-0.043158224252626,-0.092019216004536,-1.0636418003372,5.0341753911757,0
4987,-0.021421523190557,-0.099968552158189,-1.0633668553729,7.0231709422027,0
3417,-0.021939244919925,-0.048075240130274,-1.0629016569737,2.2236994524823,0
4938,-0.036531976020363,-0.099895324743577,-1.0622549115539,5.8989412812324,0
5344,0.078425052386743,-0.012655648033065,-1.0619576187216,10.268175886454,0
3418,-0.024386124042837,-0.049699112139012,-1.059618715398,2.3525099177963,0
3419,-0.026679020297507,-0.051446084189883,-1.0563357738223,2.4813203831102,0
5038,0.0096606467098938,-0.082379291437444,-1.0557076330575,8.4097247561918,0
3420,-0.028824751055329,-0.053305919278193,-1.0530528322466,2.6101308484241,0
5343,0.081759158739183,-0.01895440979831,-1.0511745350459,10.168709949272,0
3421,-0.030826026604017,-0.055267138078935,-1.0497698906709,2.7389413137381,0
4986,-0.023286820655015,-0.10136955340134,-1.0494087941455,6.899248999567,0
3422,-0.032682850793594,-0.057317494907635,-1.0464869490952,2.8677517790525,0
4937,-0.037381888011654,-0.099741104878105,-1.0464854866089,5.7758700221436,0
4890,-0.043124523386347,-0.090912110784607,-1.0460776396189,4.9120375824968,0
5037,0.0058060931712276,-0.085675232232793,-1.0435760179817,8.2850351924079,0
3423,-0.034393559372963,-0.059444281927032,-1.0432040075195,2.9965622443673,0
5342,0.082242330592074,-0.025113830191574,-1.0403914513701,10.06924401209,0
3424,-0.035955593013059,-0.061634550109644,-1.0399210659438,3.125372709682,0
3425,-0.037366078182815,-0.063875285370163,-1.0366381243681,3.2541831749966,0
4985,-0.025014279579695,-0.10255377098995,-1.0354507329182,6.775327056931,0
3426,-0.038622265444354,-0.066153564135943,-1.0333551827923,3.3829936403111,0
5036,0.0022513499111765,-0.088789829857374,-1.0314444029059,8.1603456286241,0
4936,-0.038095414437579,-0.099387694015377,-1.0307160616638,5.6527987630549,0
3427,-0.039721855658423,-0.068456704782776,-1.0300722412166,3.5118041056257,0
5341,0.080435052249476,-0.031035895618227,-1.0296083676944,9.9697780749077,0
4889,-0.042944556960207,-0.089642944006439,-1.0285134789005,4.7898997738181,0
3428,-0.040663225487714,-0.070772387009729,-1.0267892996409,3.6406145709403,0
3429,-0.041445562642819,-0.073088641474451,-1.0235063580652,3.769425036255,0
4984,-0.026607651263491,-0.10352025131804,-1.0214926716908,6.6514051142948,0
3430,-0.042068978128309,-0.075393774454763,-1.0202234164895,3.8982355015697,0
5035,-0.0010256163089134,-0.09172877502918,-1.0193127878301,8.03565606484,0
5340,0.07693453734084,-0.036692388318551,-1.0188252840187,9.8703121377261,0
3431,-0.04253469907924,-0.077676986572117,-1.0169404749137,4.0270459668843,0
4935,-0.038672461182568,-0.098838965535459,-1.0149466367188,5.5297275039661,0
3432,-0.042845112164006,-0.079930430729494,-1.013657533338,4.1558564321988,0
4888,-0.042623022931575,-0.088328151257427,-1.0109493181822,4.6677619651394,0
3433,-0.043002814899279,-0.082148879588549,-1.0103745917623,4.2846668975134,0
5339,0.072272455624224,-0.042078356500051,-1.0080422003431,9.7708462005446,0
4983,-0.02806988214155,-0.10426899894232,-1.0075346104634,6.5274831716586,0
5034,-0.0040494971668672,-0.094484024472429,-1.0071811727543,7.910966501056,0
3434,-0.04300926315152,-0.084316230549067,-1.0070916501866,4.413477362828,0
3435,-0.042869101738457,-0.086387171517002,-1.0038087086109,4.5422878281427,0
4934,-0.039113001669384,-0.098099302291341,-0.99917721177377,5.4066562448773,0
5338,0.066838248932247,-0.047200899121051,-0.99725911666742,9.6713802633628,0
5033,-0.0068440964777365,-0.097043890698134,-0.99504955767847,7.7862769372721,0
4982,-0.029403224918532,-0.10480082025584,-0.99357654923602,6.4035612290224,0
5087,0.059589654040621,-0.052813751315342,-0.98672175620737,9.5589603668471,0
4933,-0.039417156819492,-0.097173661528285,-0.98340778682874,5.2835849857885,0
5032,-0.0094303943910498,-0.09939905375446,-0.98291794260267,7.6615873734884,0
4981,-0.030609342527016,-0.10511718446863,-0.97961848800864,6.2796392863863,0
324,-1.1531080244894,0.00099752186943094,-0.97892227542254,0.062500002000117,0
325,-1.0912361478597,0.0034324851614781,-0.97892227542254,0.1875000060004,0
326,-0.94800132542928,0.013050876029399,-0.97892227542254,0.31250001000043,0
327,-0.74166516671822,0.023658199783674,-0.97892227542254,0.43750001400015,0
1132,-0.5143299755903,0.019705517380079,-0.97892227542254,0.56250001799989,0
1133,-0.30974799323666,0.0035151174582178,-0.97892227542254,0.68750002199967,0
1134,-0.15078561836803,-0.015521817965887,-0.97892227542254,0.81250002599972,0
1135,-0.052231605438338,-0.030083974170491,-0.97892227542254,0.93750002999994,0
3436,-0.0028280654377749,-0.038994118281238,-0.97745359103341,1.0644052646571,0
5086,0.052208909296784,-0.058286804134102,-0.97643011896298,9.4335865109976,0
3437,0.0088584937679647,-0.042134382179727,-0.97451622225514,1.1932157299712,0
3438,0.0057799716395695,-0.042599096045489,-0.97157885347688,1.3220261952852,0
5031,-0.011826320424882,-0.10154284120024,-0.97078632752689,7.5368978097049,0
3439,0.0012909296861345,-0.042907522177149,-0.96864148469862,1.4508366605992,0
4932,-0.039585267566307,-0.096067678815938,-0.96763836188372,5.1605137266998,0
5085,0.04510300269148,-0.063561807091253,-0.96613848171859,9.3082126551478,0
3440,-0.0029363993319176,-0.043320650347998,-0.96570411592036,1.5796471259132,0
4980,-0.031689404703581,-0.10522011351225,-0.96566042678127,6.1557173437503,0
3441,-0.0066138999481746,-0.043888062866242,-0.9627667471421,1.7084575912271,0
3442,-0.0099145509224351,-0.044606955944399,-0.95982937836384,1.8372680565409,0
5030,-0.01404710961676,-0.10347026616149,-0.95865471245112,7.4122082459209,0
3443,-0.012912759196174,-0.045521647233687,-0.95689200958558,1.9660785218546,0
5084,0.038434546669124,-0.068533586260818,-0.95584684447422,9.1828387992983,0
3444,-0.015669050181945,-0.046637203427063,-0.95395464080733,2.0948889871684,0
4931,-0.03961797955998,-0.094787724969007,-0.95186893693867,5.0374424676109,0
4979,-0.032644178822971,-0.10511210533585,-0.9517023655539,6.0317954011143,0
3445,-0.018225386738065,-0.047945463364946,-0.95101727202908,2.2236994524823,0
3446,-0.020609499554257,-0.049434126315543,-0.94807990325082,2.3525099177963,0
5029,-0.016105639916844,-0.10517760206144,-0.94652309737531,7.2875186821369,0
5083,0.032269484229081,-0.073201349023545,-0.94555520722986,9.0574649434491,0
3447,-0.022838783014373,-0.051089078180875,-0.94514253447257,2.4813203831102,0
3448,-0.024923344596165,-0.052895313489023,-0.94220516569431,2.6101308484241,0
3449,-0.026868315678216,-0.054837427332975,-0.93926779691606,2.7389413137381,0
4978,-0.033474125742417,-0.1047960907584,-0.93774430432653,5.9078734584783,0
3450,-0.028675528724078,-0.056899840442027,-0.93633042813779,2.8677517790525,0
4930,-0.039516534021905,-0.093340041790378,-0.93609951199363,4.914371208522,0
5082,0.026622670907555,-0.077597778605519,-0.93526356998548,8.9320910875995,0
5028,-0.018012700260199,-0.10666228967031,-0.93439148229953,7.1628291183533,0
3451,-0.030344702492928,-0.059066922660056,-0.93339305935951,2.9965622443673,0
3452,-0.031874301494623,-0.061323094076611,-0.93045569058123,3.125372709682,0
3453,-0.033262175470267,-0.063652921460377,-0.92751832180295,3.2541831749966,0
5081,0.021477269285278,-0.081748515686151,-0.92497193274108,8.8067172317497,0
3454,-0.034506041506385,-0.06604121811369,-0.92458095302468,3.3829936403111,0
4977,-0.034179495718512,-0.104275430038,-0.92378624309917,5.7839515158423,0
5027,-0.019777228819394,-0.10792284761162,-0.92225986722378,7.0381395545702,0
3455,-0.035603843754813,-0.068473150012284,-0.9216435842464,3.5118041056257,0
4929,-0.03928141543873,-0.09173453005847,-0.92033008704861,4.7912999494332,0
3456,-0.036554003881518,-0.070934315507491,-0.91870621546812,3.6406145709403,0
3457,-0.037355578305226,-0.073410729155522,-0.91576884668985,3.769425036255,0
5080,0.016796753734497,-0.085667738003973,-0.91468029549668,8.6813433759,0
3458,-0.038008399033898,-0.075888811708622,-0.91283147791157,3.8982355015697,0
5026,-0.021406542838691,-0.10895872313596,-0.91012825214809,6.9134499907874,0
3459,-0.038513292363276,-0.078355999368541,-0.90989410913329,4.0270459668843,0
4976,-0.034760426526364,-0.10355394446172,-0.9098281818718,5.6600295732064,0
3460,-0.038872091484041,-0.080802306068392,-0.90695674035502,4.1558564321988,0
4928,-0.038917765783034,-0.090055135512252,-0.90456066210357,4.6682286903444,0
5079,0.012533671065747,-0.089363107309364,-0.90438865825228,8.5559695200501,0
3461,-0.039086570019203,-0.083219457767083,-0.90401937157674,4.2846668975134,0
3462,-0.039157072071165,-0.085590009766924,-0.90108200279846,4.413477362828,0
3463,-0.039087366637088,-0.087875690272795,-0.89814463402019,4.5422878281427,0
5025,-0.022906562418433,-0.10977012797595,-0.89799663707241,6.7887604270044,0
5337,0.02600200708768,-0.00011432546195966,-0.89616847242685,10.592461559816,0
4975,-0.035217043373341,-0.10263597855848,-0.89587012064442,5.5361076305703,0
5078,0.0086359303071023,-0.092838517972729,-0.89409702100789,8.4305956642002,0
5336,0.047727047441121,-0.0047717890512361,-0.88734001475247,10.492799954033,0
5024,-0.024282010704858,-0.11035789542848,-0.88586502199669,6.6640708632211,0
5077,0.005061552470903,-0.096098239163938,-0.88380538376349,8.3052218083504,0
4974,-0.03554955719543,-0.10152648659062,-0.88191205941703,5.4121856879344,0
5335,0.058726403483262,-0.0097217964741337,-0.87851155707811,10.393138348251,0
5023,-0.025536586140319,-0.1107233696344,-0.87373340692094,6.5393812994378,0
5076,0.0017930511736958,-0.099112288427705,-0.8735137465191,8.1798479525008,0
5334,0.065707887839683,-0.0155857693904,-0.86968309940372,10.293476742468,0
4973,-0.035758356483127,-0.1002311377436,-0.86795399818966,5.2882637452983,0
329,-1.1003959270832,0.0022133675192484,-0.86375494890224,0.1875000060004,0
330,-0.96247190187234,0.011975706580404,-0.86375494890224,0.31250001000043,0
328,-1.1564358421262,0.0011384924275333,-0.86375494890224,0.062500002000117,0
331,-0.75049736916353,0.026111366220842,-0.86375494890224,0.43750001400015,0
1136,-0.50806703126437,0.021610626918164,-0.86375494890224,0.56250001799988,0
1137,-0.29261342775387,0.0016130431329043,-0.86375494890224,0.68750002199965,0
1138,-0.13222110323962,-0.020529374263229,-0.86375494890224,0.8125000259997,0
1139,-0.037099436231964,-0.036127133093216,-0.86375494890224,0.93750002999993,0
5075,-0.0011941420772741,-0.10189088651884,-0.86322210927473,8.0544740966509,0
3464,0.0067926769997592,-0.044471811487158,-0.86245905091183,1.0644052646571,0
5022,-0.026673116538586,-0.11086832050524,-0.86160179184519,6.4146917356546,0
5333,0.069883168672868,-0.021955529973834,-0.86085464172932,10.193815136686,0
3465,0.013664182681694,-0.045890318615949,-0.859867254931,1.1932157299712,0
3466,0.0094867338217952,-0.045304359743279,-0.85727545895018,1.3220261952852,0
3467,0.0047275797265806,-0.044809509412359,-0.85468366296936,1.4508366605992,0
4972,-0.035844085199017,-0.098756438824843,-0.85399593696229,5.1643418026623,0
5074,-0.0039274769673256,-0.10443282948422,-0.85293047203034,7.929100240801,0
3468,0.00044749681857172,-0.04457982648409,-0.85209186698853,1.5796471259132,0
5332,0.071415969560884,-0.028252236917273,-0.85202618405494,10.094153530903,0
3469,-0.0033418408768338,-0.044591526886861,-0.84950007100771,1.7084575912271,0
5021,-0.027693703203743,-0.11079488894094,-0.84947017676946,6.2900021718715,0
3470,-0.0066138487114373,-0.044875550996631,-0.84690827502689,1.8372680565409,0
3471,-0.0095437515453424,-0.045431690900417,-0.84431647904607,1.9660785218546,0
5331,0.070712553360941,-0.034406479435032,-0.84319772638058,9.9944919251211,0
5073,-0.0064328389256675,-0.10673496651335,-0.84263883478593,7.8037263849512,0
3472,-0.01221174968,-0.046263174472282,-0.84172468306526,2.0948889871684,0
4971,-0.035807726223982,-0.09710979344902,-0.8400378757349,5.0404198600262,0
3473,-0.014670939262454,-0.047351856170249,-0.83913288708444,2.2236994524823,0
5020,-0.028599857419336,-0.11050556685456,-0.83733856169375,6.1653126080884,0
3474,-0.016955420425575,-0.048676190875372,-0.83654109110363,2.3525099177963,0
5330,0.068259591893213,-0.040404906951053,-0.83436926870628,9.8948303193393,0
3475,-0.01908672273654,-0.050214966593113,-0.83394929512281,2.4813203831102,0
5072,-0.0087329449923171,-0.10879620179161,-0.83234719754154,7.6783525291017,0
3476,-0.021077863641308,-0.051947651801809,-0.83135749914199,2.6101308484241,0
3477,-0.022936155905905,-0.053854387673084,-0.82876570316117,2.7389413137381,0
3478,-0.024665129527458,-0.055915868856991,-0.82617390718034,2.8677517790526,0
4970,-0.035650768819221,-0.095299095315086,-0.82607981450751,4.9164979173901,0
5329,0.064537448102604,-0.04624139089804,-0.825540811032,9.7951687135576,0
5019,-0.029392630974033,-0.11000321143103,-0.82520694661802,6.0406230443054,0
3479,-0.026265819369052,-0.058113238950194,-0.82358211119951,2.9965622443673,0
5071,-0.010847395720351,-0.11061703941486,-0.82205556029717,7.5529786732523,0
3480,-0.027737682436149,-0.060428050217435,-0.82099031521867,3.125372709682,0
3481,-0.029079281360884,-0.062842266577348,-0.81839851923783,3.2541831749966,0
5328,0.059930232614213,-0.051881789172358,-0.81671235335766,9.6955071077757,0
3482,-0.030288803151096,-0.06533829480111,-0.815806723257,3.3829936403111,0
3483,-0.03136444849653,-0.0678990321934,-0.81321492727616,3.5118041056257,0
5018,-0.030072742497497,-0.10929109137303,-0.8130753315423,5.9159334805223,0
4969,-0.035374062593262,-0.093336229814952,-0.81212175328014,4.792575974754,0
5070,-0.01279299385084,-0.11219857692864,-0.8117639230528,7.4276048174025,0
3484,-0.032304704813289,-0.070507895439904,-0.81062313129533,3.6406145709404,0
5127,0.05356012805463,-0.058227400173006,-0.80807828292475,9.5826890143335,0
3485,-0.03310852338693,-0.073148791669915,-0.80803133531449,3.769425036255,0
3486,-0.033775482191277,-0.075806164088435,-0.80543953933366,3.8982355015697,0
3487,-0.034306015657613,-0.078465561809325,-0.80284774335282,4.0270459668843,0
5069,-0.014583980074182,-0.11354214422099,-0.80147228580841,7.3022309615527,0
5017,-0.030640699801303,-0.10837295953677,-0.8009437164666,5.7912439167393,0
3488,-0.034701392616676,-0.081114661519397,-0.80025594737198,4.1558564321988,0
5126,0.046944126692633,-0.064506060162905,-0.7996385997333,9.4567144332311,0
4968,-0.03498331773193,-0.09127607267712,-0.79816369205275,4.668654032118,0
3489,-0.034962573280672,-0.083741866689659,-0.79766415139115,4.2846668975134,0
3490,-0.035088828483027,-0.086328122819395,-0.79507235541031,4.413477362828,0
3491,-0.035082823654758,-0.088842163552384,-0.79248055942948,4.5422878281427,0
5125,0.040516052430707,-0.070576536724614,-0.79119891654185,9.3307398521285,0
5068,-0.016232271954864,-0.11464927171841,-0.79118064856403,7.1768571057032,0
5016,-0.031096917434425,-0.10725314516954,-0.78881210139088,5.6665543529563,0
5124,0.034455615789779,-0.076269601193218,-0.78275923335041,9.2047652710262,0
5067,-0.017747707664921,-0.11552167760698,-0.78088901131968,7.0514832498543,0
5015,-0.031441827758556,-0.10593665843456,-0.77668048631514,5.5418647891732,0
5123,0.028840043687926,-0.081553181305437,-0.77431955015899,9.0787906899242,0
5066,-0.019138309010815,-0.11616121603495,-0.77059737407538,6.9261093940056,0
5122,0.023695187789846,-0.086451770300534,-0.76587986696754,8.9528161088218,0
5014,-0.031675983104795,-0.10442930035041,-0.76454887123941,5.4171752253902,0
5065,-0.020410537044626,-0.11656984066638,-0.7603057368311,6.8007355381568,0
5121,0.019014657050945,-0.090991960877925,-0.75744018377608,8.8268415277192,0
5013,-0.03180014544263,-0.10273777379206,-0.75241725616369,5.2924856616071,0
5064,-0.021569531452758,-0.11674959893935,-0.75001409958677,6.6753616823076,0
5120,0.014770763037687,-0.095191648410553,-0.74900050058461,8.7008669466166,0
334,-0.9783986499347,0.0098966680710248,-0.74858762238198,0.31250001000043,0
1143,-0.021100352590578,-0.043757188616577,-0.74858762238198,0.93750002999992,0
333,-1.1085443606312,0.00061936795328034,-0.74858762238198,0.1875000060004,0
1142,-0.11104101307487,-0.027407487587844,-0.74858762238198,0.81250002599967,0
332,-1.1584862601068,0.0013352853917838,-0.74858762238198,0.062500002000117,0
335,-0.76160972548926,0.028718230903449,-0.74858762238198,0.43750001400015,0
1140,-0.49969966486496,0.023336051425854,-0.74858762238198,0.56250001799987,0
1141,-0.2715830056091,-0.0017043190883917,-0.74858762238198,0.68750002199963,0
3492,0.015244427190563,-0.050518753526624,-0.74746451079029,1.0644052646571,0
3493,0.01760280139827,-0.049972066028609,-0.7452182876069,1.1932157299712,0
3494,0.012562227528187,-0.048105509434787,-0.74297206442352,1.3220261952852,0
3495,0.0075903310217822,-0.046616330008566,-0.74072584124014,1.4508366605992,0
5119,0.010923405453528,-0.09906383149113,-0.74056081739315,8.5748923655139,0
5012,-0.031815359137497,-0.10086979085016,-0.74028564108797,5.167796097824,0
5063,-0.022619317293517,-0.11670266018347,-0.73972246234243,6.5499878264585,0
3496,0.0032699282176476,-0.045553525306499,-0.73847961805676,1.5796471259132,0
3497,-0.00044765505695721,-0.044928247680712,-0.73623339487338,1.7084575912271,0
3498,-0.0036736015339454,-0.044709865265111,-0.73398717169,1.8372680565409,0
5118,0.0074279481699247,-0.1026233610052,-0.7321211342017,8.4489177844111,0
3499,-0.0064836579391133,-0.04485778882132,-0.73174094850662,1.9660785218546,0
3500,-0.0090136169826367,-0.045361946538888,-0.72949472532325,2.0948889871684,0
5062,-0.023562992110644,-0.11643136527578,-0.72943082509808,6.4246139706094,0
5011,-0.031723023631914,-0.098834125084004,-0.72815402601223,5.0431065340409,0
3501,-0.011330308270838,-0.046195088361814,-0.72724850213987,2.2236994524823,0
3502,-0.013473674495067,-0.047324954248773,-0.7250022789565,2.3525099177963,0
5117,0.0042498194883811,-0.10586236910348,-0.72368145101024,8.3229432033086,0
3503,-0.015468609597515,-0.048722115266371,-0.72275605577312,2.4813203831102,0
3504,-0.017330468428929,-0.050359766772132,-0.72050983258975,2.6101308484241,0
5061,-0.024402901461894,-0.11593829682353,-0.71913918785375,6.2992401147604,0
3505,-0.019068384140813,-0.052213061416185,-0.71826360940637,2.7389413137382,0
5010,-0.031524965669006,-0.096640592786691,-0.7160224109365,4.9184169702577,0
3506,-0.020687378785067,-0.05425857037044,-0.71601738622298,2.8677517790526,0
5116,0.001368511788908,-0.10878224790275,-0.71524176781879,8.1969686222061,0
3507,-0.022189681349156,-0.056473913474485,-0.71377116303959,2.9965622443673,0
3508,-0.023575664984116,-0.058837561576512,-0.71152493985619,3.1253727096821,0
3509,-0.024844558961977,-0.061328731071067,-0.7092787166728,3.2541831749966,0
5060,-0.025140803294392,-0.11522636973007,-0.70884755060943,6.1738662589115,0
3510,-0.025994997688204,-0.063927328893333,-0.70703249348941,3.3829936403111,0
5115,-0.0012439207036122,-0.11140045987581,-0.70680208462735,8.0709940411034,0
3511,-0.027025436055992,-0.066613924408575,-0.70478627030601,3.5118041056257,0
5009,-0.031222520162979,-0.094302639773055,-0.70389079586077,4.7937274064746,0
3512,-0.027934442763152,-0.069369714192158,-0.70254004712262,3.6406145709404,0
3513,-0.028720895618305,-0.07217647209444,-0.70029382393923,3.769425036255,0
5059,-0.025778019519917,-0.11429893781487,-0.69855591336511,6.0484924030626,0
5114,-0.0036167522668437,-0.11372520245951,-0.69836240143589,7.9450194600007,0
3514,-0.029384160004101,-0.075016639071624,-0.69804760075584,3.8982355015697,0
5327,0.013288806819885,-0.001562056029137,-0.69758002526425,10.614634370184,0
3515,-0.029924313976957,-0.077873829497616,-0.69580137757244,4.0270459668843,0
3516,-0.030342089951754,-0.08073328969562,-0.69355515438905,4.1558564321988,0
5008,-0.030821969636573,-0.091850171871693,-0.69175918078504,4.6690378426915,0
3517,-0.03063771854749,-0.083579948985743,-0.69130893120566,4.2846668975134,0
5326,0.034727518802269,-0.0066863935087525,-0.69070970782909,10.514815414854,0
5113,-0.0057765864710062,-0.11576371666591,-0.68992271824442,7.8190448788981,0
3518,-0.030809576907717,-0.086392854885983,-0.68906270802227,4.413477362828,0
5058,-0.026315574981957,-0.11315990930103,-0.68826427612079,5.9231185472137,0
3519,-0.03085910554964,-0.089147371529744,-0.68681648483887,4.5422878281427,0
5325,0.04569132006417,-0.01139400963638,-0.68383939039394,10.414996459525,0
5112,-0.0077463583079553,-0.11752416754562,-0.68148303505296,7.6930702977958,0
5057,-0.026754324031525,-0.11181386334431,-0.67797263887648,5.7977446913649,0
5324,0.053008027073559,-0.017073327173448,-0.67696907295876,10.315177504195,0
5111,-0.0095456654453477,-0.1190146013601,-0.67304335186153,7.5670957166935,0
5323,0.05775273057208,-0.023301495579735,-0.67009875552359,10.215358548865,0
5056,-0.027095064818498,-0.11026616062836,-0.66768100163216,5.672370835516,0
5110,-0.011191144467078,-0.12024211755899,-0.66460366867009,7.4411211355909,0
5322,0.060018332901488,-0.029546551769768,-0.66322843808842,10.115539593536,0
5055,-0.027338641506991,-0.1085230426455,-0.65738936438782,5.5469969796671,0
5321,0.060097304357264,-0.035776716873817,-0.65635812065327,10.015720638207,0
5109,-0.012696726021807,-0.12121272305683,-0.65616398547864,7.3151465544883,0
5320,0.058390401753194,-0.042010419440687,-0.64948780321817,9.9159016828778,0
5108,-0.014073978510062,-0.1219314960156,-0.64772430228719,7.1891719733859,0
5054,-0.027486034859566,-0.10659171703867,-0.64709772714349,5.4216231238182,0
5319,0.05535751101229,-0.048242860244416,-0.64261748578308,9.816082727549,0
5107,-0.015332395669422,-0.12240276663508,-0.63928461909577,7.0631973922842,0
5053,-0.027538441083406,-0.10448043045525,-0.63680608989916,5.2962492679692,0
5318,0.051405274726465,-0.054411601222729,-0.63574716834795,9.71626377222,0
336,-1.1587645510326,0.0014991336835267,-0.63342029586168,0.062500002000117,0
337,-1.1149988100155,-0.0014428486521714,-0.63342029586168,0.1875000060004,0
338,-0.99564084079255,0.0064340637964625,-0.63342029586168,0.31250001000043,0
339,-0.77594061190685,0.031283535087996,-0.63342029586168,0.43750001400015,0
1144,-0.48809754103202,0.024311569522558,-0.63342029586168,0.56250001799987,0
1145,-0.24548561713925,-0.0073553236305411,-0.63342029586168,0.6875000219996,0
1146,-0.086831983799693,-0.036929528287045,-0.63342029586168,0.81250002599965,0
1147,-0.0043776512274732,-0.053526581176057,-0.63342029586168,0.93750002999991,0
3520,0.022251051971537,-0.057362556821583,-0.63246997066871,1.0644052646571,0
5106,-0.016479691160352,-0.12263026723802,-0.63084493590439,6.9372228111828,0
3521,0.020445761975643,-0.054420941416564,-0.63056932028277,1.1932157299712,0
5167,0.045835376858913,-0.061567318977674,-0.62902335336838,9.6031085291334,0
3522,0.014802160340063,-0.050987332335531,-0.62866866989683,1.3220261952852,0
3523,0.009717695159933,-0.048248802208963,-0.6267680195109,1.4508366605992,0
5052,-0.027497338568287,-0.10219852726202,-0.62651445265484,5.1708754121203,0
3524,0.005462300733493,-0.046184107184654,-0.62486736912496,1.5796471259132,0
3525,0.0018996591275568,-0.044784259333175,-0.62296671873902,1.7084575912271,0
5166,0.040038601659611,-0.068783865549138,-0.62244604084439,9.4766169982893,0
5105,-0.017522059837634,-0.12261733037673,-0.62240525271302,6.8112482300811,0
3526,-0.0011618594772657,-0.043986157572231,-0.62106606835309,1.8372680565409,0
3527,-0.0038029927799626,-0.043678363139524,-0.61916541796716,1.9660785218546,0
3528,-0.0061399090474759,-0.043811952710955,-0.61726476758123,2.0948889871684,0
5051,-0.027364554761412,-0.099756498576805,-0.61622281541051,5.0455015562713,0
5165,0.034434114849623,-0.075783127183751,-0.6158687283204,9.3501254674449,0
3529,-0.0082635297521816,-0.044354242016139,-0.6153641171953,2.2236994524823,0
5104,-0.018464468435918,-0.12236707146708,-0.61396556952163,6.6852736489791,0
3530,-0.010219987928894,-0.045259994316319,-0.61346346680936,2.3525099177963,0
3531,-0.01203655126713,-0.046490054833422,-0.61156281642343,2.4813203831102,0
3532,-0.013730079685323,-0.048010461213155,-0.6096621660375,2.6101308484242,0
5164,0.029172289130756,-0.082312484976859,-0.60929141579642,9.2236339366008,0
3533,-0.015310994525113,-0.049790805638548,-0.60776151565157,2.7389413137382,0
5050,-0.027142334749766,-0.097166254608963,-0.60593117816617,4.9201277004223,0
3534,-0.016785518985305,-0.051803155181442,-0.60586086526562,2.8677517790526,0
5103,-0.019310872794925,-0.1218825977061,-0.60552588633021,6.5592990678772,0
3535,-0.018156896925263,-0.054021361216573,-0.60396021487968,2.9965622443673,0
5163,0.024312988971024,-0.088305438553795,-0.60271410327245,9.097142405757,0
3536,-0.019426291601174,-0.056420679093402,-0.60205956449373,3.1253727096821,0
3537,-0.020593512066287,-0.058977528014394,-0.60015891410778,3.2541831749967,0
3538,-0.021657589125257,-0.061669320899016,-0.59825826372184,3.3829936403111,0
5102,-0.020064409966928,-0.12116719422906,-0.59708620313879,6.4333244867753,0
3539,-0.022617212760955,-0.06447433457766,-0.59635761333589,3.5118041056257,0
5162,0.019878135079341,-0.093780255513366,-0.59613679074847,8.9706508749129,0
5049,-0.02683260032562,-0.094442354932944,-0.59563954092185,4.7947538445734,0
3540,-0.023471040491515,-0.067371593503818,-0.59445696294995,3.6406145709404,0
3541,-0.024217906239961,-0.070340790381976,-0.592556312564,3.769425036255,0
3542,-0.024857006862087,-0.073362410995108,-0.59065566217806,3.8982355015697,0
5161,0.015863415439774,-0.098766777832828,-0.58955947822447,8.8441593440685,0
3543,-0.025388106479401,-0.076418167891428,-0.58875501179211,4.0270459668843,0
5101,-0.020727572882028,-0.12022449403049,-0.58864651994738,6.3073499056734,0
3544,-0.025811441405811,-0.079490918463338,-0.58685436140616,4.1558564321988,0
5048,-0.026441960626399,-0.091594577616706,-0.58534790367752,4.6693799887245,0
3545,-0.026126635428642,-0.082562179644267,-0.58495371102022,4.2846668975133,0
3546,-0.02633149345464,-0.085608912167452,-0.58305306063427,4.413477362828,0
5160,0.012245318425298,-0.10328905464818,-0.58298216570047,8.7176678132241,0
3547,-0.026426365228759,-0.088612340214831,-0.58115241024833,4.5422878281427,0
5100,-0.021302366198536,-0.11905863549997,-0.58020683675599,6.1813753245717,0
5159,0.0089892132446966,-0.1073684619199,-0.57640485317648,8.5911762823796,0
5099,-0.021790442131739,-0.11767440333259,-0.57176715356459,6.05540074347,0
5158,0.0060563467959278,-0.11103401938469,-0.56982754065249,8.4646847515351,0
5098,-0.02219321787942,-0.11607734674824,-0.56332747037319,5.9294261623683,0
5157,0.0034101979271136,-0.11428121225281,-0.56325022812849,8.3381932206908,0
5156,0.0010265696444754,-0.11713573965796,-0.5566729156045,8.2117016898465,0
5097,-0.022511977104191,-0.11427387124164,-0.5548877871818,5.8034515812666,0
5155,-0.0011240876829095,-0.1196223935169,-0.55009560308052,8.0852101590021,0
5096,-0.022747958047615,-0.11227130270557,-0.54644810399041,5.6774770001649,0
5154,-0.0030697988577724,-0.12175829215355,-0.54351829055653,7.9587186281576,0
5095,-0.022902431492369,-0.11007792520598,-0.538008420799,5.5515024190632,0
5153,-0.0048345207811363,-0.12355969523274,-0.53694097803253,7.8322270973132,0
5152,-0.006438146664671,-0.12504232214715,-0.53036366550854,7.7057355664691,0
5094,-0.022976772854331,-0.10770299713772,-0.52956873760759,5.4255278379615,0
5151,-0.0078972129042359,-0.12622014189196,-0.52378635298456,7.5792440356251,0
5093,-0.022972533630332,-0.10515675474209,-0.52112905441619,5.2995532568597,0
340,-1.1563655789424,0.0013012815942225,-0.51825296934135,0.062500002000117,0
341,-1.1185834890654,-0.0041871775248493,-0.51825296934135,0.1875000060004,0
342,-1.0132379635972,0.0012392388109158,-0.51825296934135,0.31250001000043,0
343,-0.79419693324161,0.033409657037232,-0.51825296934135,0.43750001400015,0
1148,-0.47079454997182,0.02331832540943,-0.51825296934135,0.56250001799986,0
1149,-0.21270189502452,-0.016831112240889,-0.51825296934135,0.68750002199958,0
1150,-0.059193058188663,-0.050288763507409,-0.51825296934135,0.81250002599963,0
1151,0.012241949802941,-0.066205307240467,-0.51825296934135,0.93750002999991,0
3548,0.026699252059537,-0.065125877163497,-0.5174754305471,1.0644052646571,0
5150,-0.0092254124618938,-0.12710492424217,-0.51720904046058,7.4527525047807,0
3549,0.021878062566382,-0.05920600645521,-0.51592035295861,1.1932157299712,0
3550,0.015918425717599,-0.053856478837636,-0.51436527537011,1.3220261952852,0
3551,0.010893228788006,-0.049565019220779,-0.51281019778162,1.4508366605992,0
5092,-0.022891518832294,-0.10245040874436,-0.5126893712248,5.173578675758,0
3552,0.006865266781345,-0.046312313969723,-0.51125512019313,1.5796471259132,0
5149,-0.010433943664157,-0.1277063690133,-0.51063172793659,7.3262609739363,0
3553,0.0035884588753652,-0.044005299154725,-0.50970004260464,1.7084575912271,0
3554,0.00083173733813551,-0.042520167407218,-0.50814496501614,1.8372680565408,0
3555,-0.0015737994664115,-0.041734203160025,-0.50658988742766,1.9660785218546,0
3556,-0.0036605172546906,-0.041463192012903,-0.50503480983917,2.0948889871684,0
5091,-0.022735865628739,-0.099596230107066,-0.50424968803339,5.0476040946562,0
5148,-0.011532157827603,-0.12803258909465,-0.50405441541261,7.1997694430922,0
3557,-0.0055352261377666,-0.041684733488905,-0.50347973225068,2.2236994524823,0
3558,-0.0072544145610137,-0.04234105052326,-0.50192465466219,2.3525099177963,0
3559,-0.0088466730602933,-0.043380997452935,-0.5003695770737,2.4813203831102,0
3560,-0.010329197289215,-0.044762502681401,-0.49881449948521,2.6101308484242,0
5317,-0.00039141307826653,-0.00176374865779,-0.49861117870364,10.633084352589,0
5147,-0.012527946925092,-0.12809058965565,-0.49747710288865,7.0732779122487,0
3561,-0.011713027030091,-0.046449255774695,-0.49725942189672,2.7389413137382,0
5090,-0.022508061740573,-0.09660801482859,-0.49581000484198,4.9216295135543,0
3562,-0.013005286941141,-0.048408676521017,-0.49570434430823,2.8677517790526,0
3563,-0.014210033072242,-0.050610816154312,-0.49414926671972,2.9965622443674,0
5316,0.022330653901188,-0.0070748065746633,-0.49370176614332,10.53314642916,0
3564,-0.015329051448713,-0.053027786532723,-0.49259418913122,3.1253727096821,0
3565,-0.016362607782684,-0.055633359470359,-0.49103911154272,3.2541831749967,0
5146,-0.013427903947695,-0.12788656784009,-0.49089979036471,6.9467863814055,0
3566,-0.017310059042601,-0.05840264239969,-0.48948403395422,3.3829936403111,0
5315,0.033271061543662,-0.011325676854114,-0.48879235358302,10.433208505731,0
3567,-0.018170307846121,-0.061311809890287,-0.48792895636572,3.5118041056257,0
5089,-0.022210641897425,-0.093500808990425,-0.48737032165058,4.7956549324526,0
3568,-0.018942112785741,-0.064337882373395,-0.48637387877722,3.6406145709404,0
3569,-0.019624296789171,-0.067458605045775,-0.48481880118872,3.769425036255,0
5145,-0.014237568177663,-0.12742620152023,-0.48432247784079,6.820294850562,0
5314,0.040787297777425,-0.016648689923524,-0.48388294102269,10.333270582302,0
3570,-0.020215926395883,-0.070652597008634,-0.48326372360022,3.8982355015697,0
3571,-0.020716474606585,-0.073899717850807,-0.48170864601172,4.0270459668843,0
3572,-0.021125687401838,-0.077180533503325,-0.48015356842322,4.1558564321988,0
5313,0.045856835391386,-0.022555078213995,-0.47897352846236,10.233332658873,0
5088,-0.021850404017982,-0.090269915082739,-0.47893063845917,4.6696803513509,0
3573,-0.021442676231106,-0.080473415209687,-0.47859849083472,4.2846668975133,0
5144,-0.014961628764959,-0.12671501290003,-0.47774516531684,6.6938033197182,0
3574,-0.021665098201434,-0.083753330058646,-0.47704341324622,4.413477362828,0
3575,-0.021792867087611,-0.087006347929866,-0.47548833565772,4.5422878281427,0
5312,0.04853968626168,-0.028563579589317,-0.47406411590204,10.133394735445,0
5143,-0.015604037219303,-0.12575865080773,-0.47116785279288,6.5673117888746,0
5311,0.049021720424484,-0.03468970035032,-0.46915470334173,10.033456812016,0
5142,-0.016168130521966,-0.12456309987178,-0.46459054026891,6.4408202580309,0
5310,0.047649246720583,-0.041008964486558,-0.46424529078145,9.9335188885883,0
5309,0.044893870400586,-0.047563854996694,-0.45933587822119,9.8335809651603,0
5141,-0.016656745754313,-0.12313483615174,-0.45801322774496,6.3143287271873,0
5308,0.041212298960907,-0.054298755879969,-0.45442646566089,9.7336430417321,0
5140,-0.01707232142999,-0.12148094495622,-0.45143591522102,6.1878371963438,0
5207,0.036173974517203,-0.062399989997673,-0.44961871514447,9.6202118172776,0
5206,0.031189307229266,-0.070746962932242,-0.44491262667193,9.4932872917969,0
5139,-0.017416984579852,-0.1196092028138,-0.44485860269707,6.0613456655004,0
5205,0.026549227573222,-0.078823955751066,-0.44020653819939,9.366362766316,0
5138,-0.017692625933184,-0.11752812382668,-0.43828129017312,5.9348541346569,0
5204,0.022281384321314,-0.08628425917423,-0.43550044972686,9.2394382408353,0
5137,-0.01790096589674,-0.11524697429087,-0.43170397764918,5.8083626038134,0
5203,0.018387593357688,-0.093046797181911,-0.43079436125433,9.1125137153549,0
5202,0.014866954641021,-0.099139167619097,-0.4260882727818,8.9855891898743,0
5136,-0.018043614421503,-0.11277576145445,-0.42512666512524,5.68187107297,0
5201,0.0117049626873,-0.10460223591846,-0.42138218430925,8.8586646643933,0
5135,-0.018122129294407,-0.11012520278392,-0.41854935260128,5.5553795421265,0
5200,0.0088744674810814,-0.10947131227788,-0.4166760958367,8.7317401389124,0
5134,-0.018138079668017,-0.10730668319329,-0.41197204007733,5.428888011283,0
5199,0.0063421521314341,-0.11377990683837,-0.41197000736416,8.6048156134313,0
5198,0.0040745218725532,-0.11757583997128,-0.40726391889162,8.4778910879503,0
5133,-0.018093125077958,-0.10433220932522,-0.40539472755338,5.3023964804395,0
344,-1.1502386200137,0.00019898439530145,-0.40308564282104,0.062500002000117,0
345,-1.1175274390312,-0.0077831895608399,-0.40308564282104,0.1875000060004,0
346,-1.0283733068686,-0.0055381391700728,-0.40308564282104,0.31250001000043,0
347,-0.81590051319673,0.034384179617566,-0.40308564282104,0.43750001400014,0
1152,-0.4422605893707,0.017794750819183,-0.40308564282104,0.56250001799985,0
1153,-0.17179351357447,-0.032352987948473,-0.40308564282104,0.68750002199955,0
1154,-0.028366660614432,-0.068951528326277,-0.40308564282104,0.8125000259996,0
1155,0.025693941079575,-0.080622196872986,-0.40308564282104,0.9375000299999,0
5197,0.0020623935615389,-0.1208489613637,-0.40255783041908,8.3509665624694,0
3576,0.028001924387621,-0.073693706603301,-0.40248089042552,1.0644052646571,0
3577,0.021491707590533,-0.064237654802246,-0.40127138563447,1.1932157299712,0
3578,0.015508364015101,-0.056448902220188,-0.40006188084342,1.3220261952852,0
3579,0.010833616782047,-0.050328623425608,-0.39885237605238,1.4508366605992,0
5132,-0.017989125161826,-0.10121437265969,-0.39881741502944,5.175904949596,0
5196,0.0002733431458905,-0.12364965600113,-0.39785174194654,8.2240420369885,0
3580,0.0072725969400243,-0.0457257800098,-0.39764287126133,1.5796471259132,0
3581,0.0044713330925302,-0.042404409403926,-0.39643336647028,1.708457591227,0
3582,0.002158302400299,-0.040147737822535,-0.39522386167923,1.8372680565408,0
3583,0.0001587560073092,-0.038778442231518,-0.39401435688819,1.9660785218545,0
5195,-0.0013232070203321,-0.12601004562275,-0.393145653474,8.0971175115075,0
3584,-0.0016218959331463,-0.038136696076946,-0.39280485209715,2.0948889871683,0
5131,-0.017828286541956,-0.097966429585085,-0.39224010250548,5.0494134187524,0
3585,-0.0031921131801207,-0.038023731476622,-0.3915953473061,2.2236994524823,0
3586,-0.0046187719854178,-0.038412889242428,-0.39038584251506,2.3525099177963,0
3587,-0.0059356045632485,-0.039242517206199,-0.38917633772401,2.4813203831102,0
5194,-0.0027530072856098,-0.12795584641025,-0.38843956500146,7.9701929860265,0
3588,-0.0071597610834024,-0.04046304206868,-0.38796683293297,2.6101308484242,0
3589,-0.0083021126038534,-0.042032671219284,-0.38675732814192,2.7389413137382,0
5130,-0.017613249065203,-0.094602971983353,-0.38566278998152,4.9229218879088,0
3590,-0.0093703318542271,-0.043914528901113,-0.38554782335087,2.8677517790527,0
3591,-0.010368984462802,-0.046075184827879,-0.38433831855982,2.9965622443674,0
5193,-0.004036949169093,-0.12951113360234,-0.38373347652891,7.8432684605455,0
3592,-0.011300203627845,-0.048483982388827,-0.38312881376876,3.1253727096821,0
3593,-0.012164521538557,-0.051112484021695,-0.38191930897771,3.2541831749967,0
3594,-0.012961534438826,-0.053933940951691,-0.38070980418665,3.3829936403112,0
3595,-0.013690358335102,-0.056922836528648,-0.3795002993956,3.5118041056257,0
5129,-0.017347409956853,-0.091138681532611,-0.37908547745758,4.7964303570652,0
5192,-0.0051922689976054,-0.13069802205691,-0.37902738805637,7.7163439350649,0
3596,-0.01434991434906,-0.060054526820189,-0.37829079460455,3.6406145709404,0
3597,-0.014939109091201,-0.063305050736137,-0.37708128981349,3.769425036255,0
3598,-0.015456979230796,-0.066651266347884,-0.37587178502244,3.8982355015697,0
3599,-0.015902782123787,-0.070071129046242,-0.37466228023139,4.0270459668843,0
5191,-0.00623340365222,-0.13153594852356,-0.37432129958384,7.5894194095843,0
3600,-0.01627581699822,-0.073542815509734,-0.37345277544033,4.1558564321988,0
5128,-0.017037745864874,-0.087560396106739,-0.37250816493362,4.6699388262217,0
3601,-0.016574825707889,-0.077041664631872,-0.37224327064928,4.2846668975133,0
3602,-0.016797935524818,-0.080540813938034,-0.37103376585823,4.413477362828,0
3603,-0.016946059407575,-0.084030120957913,-0.36982426106717,4.5422878281427,0
5190,-0.0071722515122233,-0.13204180778361,-0.36961521111131,7.4624948841034,0
5189,-0.008018301432505,-0.13223025071931,-0.36490912263877,7.3355703586223,0
5188,-0.0087801260714919,-0.13211433016126,-0.36020303416623,7.2086458331417,0
5187,-0.0094643608381803,-0.13170589990439,-0.35549694569372,7.0817213076617,0
5186,-0.010076716676605,-0.13101617172457,-0.35079085722122,6.9547967821819,0
5185,-0.010622158846035,-0.13005589664989,-0.34608476874872,6.8278722567018,0
5184,-0.011104943299031,-0.12883563193564,-0.34137868027621,6.7009477312215,0
5183,-0.011528690605878,-0.1273659306445,-0.33667259180369,6.5740232057412,0
5182,-0.011896481035498,-0.12565744343846,-0.33196650333117,6.447098680261,0
5181,-0.012210940579727,-0.12372097621855,-0.32726041485866,6.3201741547809,0
5180,-0.012474308603824,-0.12156752785506,-0.32255432638615,6.1932496293008,0
5179,-0.012688494592283,-0.11920831128422,-0.31784823791364,6.0663251038208,0
5178,-0.012855131049806,-0.11665476084164,-0.31314214944113,5.9394005783408,0
5177,-0.012975625491716,-0.11391853137519,-0.30843606096863,5.8124760528607,0
5176,-0.013051213396712,-0.1110114933363,-0.30372997249612,5.6855515273807,0
5307,-0.0091966423454288,0.00011441254951838,-0.29933171637684,10.647805036238,0
5175,-0.013083015412552,-0.10794572542733,-0.29902388402361,5.5586270019007,0
5306,0.011986371849929,-0.0052909866387521,-0.29638522267923,10.547786573914,0
5174,-0.013072105225635,-0.10473350469169,-0.29431779555109,5.4317024764207,0
5305,0.022120539147299,-0.0092434268194266,-0.29343872898163,10.44776811159,0
5304,0.029493812837847,-0.014092470932671,-0.29049223528401,10.347749649265,0
5173,-0.013019600524204,-0.10138729259593,-0.28961170707858,5.3047779509405,0
348,-1.1404404498213,-0.0018236713129118,-0.28791831630079,0.062500002000117,0
349,-1.1110454351636,-0.011395475779627,-0.28791831630079,0.1875000060004,0
350,-1.0363489633494,-0.011971497856654,-0.28791831630079,0.31250001000043,0
351,-0.83990331890166,0.032361554380778,-0.28791831630079,0.43750001400014,0
1156,-0.39604129821988,-0.00087224396127159,-0.28791831630079,0.56250001799984,0
1157,-0.12214779841778,-0.061622511097627,-0.28791831630079,0.68750002199953,0
1159,0.030456199658872,-0.097465526074577,-0.28791831630079,0.93750002999989,0
1158,0.0025008444064799,-0.098059357133956,-0.28791831630079,0.81250002599958,0
5303,0.034670945630064,-0.01948919173321,-0.2875457415864,10.247731186941,0
3604,0.025668923550178,-0.082273529307426,-0.28748635030398,1.0644052646571,0
3605,0.018844334288564,-0.068681789600697,-0.28662241831037,1.1932157299712,0
3606,0.013347517939064,-0.058047696719366,-0.28575848631677,1.3220261952852,0
5172,-0.012926799729728,-0.097919719834237,-0.28490561860607,5.1778534254605,0
3607,0.0093893888043054,-0.050041940336008,-0.28489455432316,1.4508366605992,0
5302,0.037510275853226,-0.025022384010958,-0.28459924788879,10.147712724617,0
3608,0.0065434539215259,-0.04410846569726,-0.28403062232956,1.5796471259132,0
3609,0.0043999286940036,-0.039791859690001,-0.28316669033595,1.708457591227,0
3610,0.0026796986802977,-0.036761291458625,-0.28230275834234,1.8372680565408,0
5301,0.038004629831012,-0.030754523098013,-0.28165275419119,10.047694262293,0
3611,0.0012069389994821,-0.034779616401053,-0.28143882634874,1.9660785218545,0
3612,-0.00012126297146159,-0.033675483087188,-0.28057489435514,2.0948889871683,0
5171,-0.012795407098408,-0.094343684842184,-0.28019953013356,5.0509288999804,0
3613,-0.0013330712586762,-0.033252526363406,-0.27971096236153,2.2236994524823,0
3614,-0.0024236809519359,-0.033354697592535,-0.27884703036793,2.3525099177963,0
5300,0.036389858582384,-0.036866833056147,-0.27870626049361,9.9476757999696,0
3615,-0.0034251953524832,-0.03394663698045,-0.27798309837432,2.4813203831102,0
3616,-0.0043555283278342,-0.034975633930135,-0.27711916638072,2.6101308484242,0
3617,-0.0052242037402919,-0.036394616862657,-0.27625523438712,2.7389413137383,0
5299,0.033175420864866,-0.043515121598108,-0.27575976679603,9.8476573376462,0
5170,-0.012628018050969,-0.090673035791775,-0.27549344166104,4.9240043745002,0
3618,-0.0060386167837147,-0.038162607340568,-0.27539130239351,2.8677517790527,0
3619,-0.0068029960370879,-0.040243165828989,-0.2745273703999,2.9965622443674,0
3620,-0.0075191995218895,-0.042603515647969,-0.27366343840629,3.1253727096821,0
5298,0.029256918889267,-0.05096898689502,-0.27281327309843,9.7476388753225,0
3621,-0.0081876741832979,-0.045213744668963,-0.27279950641267,3.2541831749967,0
3622,-0.0088081226143917,-0.048045975846221,-0.27193557441906,3.3829936403112,0
3623,-0.0093799001279543,-0.051073681342184,-0.27107164242545,3.5118041056258,0
5169,-0.012429128882988,-0.086920583783224,-0.27078735318853,4.7970798490201,0
3624,-0.0099022299764011,-0.054271171613734,-0.27020771043184,3.6406145709404,0
5247,0.024877164766173,-0.060466025508159,-0.2699262375751,9.6339929368685,0
3625,-0.010374323620673,-0.057613313221217,-0.26934377843823,3.7694250362551,0
3626,-0.010795461141673,-0.061075581108707,-0.26847984644462,3.8982355015697,0
3627,-0.011164964563648,-0.064634135684295,-0.26761591445101,4.0270459668843,0
5246,0.021054674930091,-0.070354385729195,-0.26709866022605,9.5067195222843,0
3628,-0.011481897634451,-0.068264577332925,-0.2667519824574,4.1558564321988,0
5168,-0.012204874286349,-0.083069188704899,-0.26608126471602,4.67015532354,0
3629,-0.011744701341987,-0.071938816652347,-0.26588805046379,4.2846668975133,0
3630,-0.011951762351103,-0.075627022248657,-0.26502411847018,4.413477362828,0
5245,0.017727509234826,-0.079687064659793,-0.26427108287699,9.3794461076998,0
3631,-0.01210345346208,-0.079318754079137,-0.26416018647657,4.5422878281427,0
5244,0.014757539539211,-0.088094907807217,-0.26144350552794,9.2521726931155,0
5243,0.012105152174173,-0.095565718254836,-0.2586159281789,9.1248992785316,0
5242,0.0097568186158151,-0.10217574764664,-0.25578835082985,8.9976258639474,0
5241,0.0076894755374707,-0.10799370950719,-0.25296077348079,8.8703524493628,0
5240,0.0058731244936303,-0.11307658714353,-0.25013319613173,8.7430790347784,0
5239,0.0042797318871896,-0.11747966533197,-0.24730561878267,8.6158056201937,0
5238,0.002878476598266,-0.12124419392022,-0.24447804143361,8.4885322056091,0
5237,0.0016473906509254,-0.12439782196821,-0.24165046408456,8.3612587910246,0
5236,0.00055489368772305,-0.12700096508847,-0.2388228867355,8.2339853764402,0
5235,-0.0004241653630943,-0.1290952097357,-0.23599530938645,8.1067119618556,0
5234,-0.0013073633061627,-0.13071352757896,-0.23316773203739,7.979438547271,0
5233,-0.0021069584783431,-0.13188598978205,-0.23034015468833,7.8521651326865,0
5232,-0.0028320172337447,-0.1326414814453,-0.22751257733928,7.7248917181023,0
5231,-0.0034897237077756,-0.13300787391292,-0.22468499999023,7.5976183035181,0
5230,-0.004085862597197,-0.13301179144174,-0.22185742264118,7.4703448889336,0
5229,-0.0046240326141929,-0.13267850561729,-0.21902984529212,7.343071474349,0
5228,-0.0051078285366544,-0.13203286586796,-0.21620226794307,7.2157980597648,0
5227,-0.0055413512113476,-0.13109362226058,-0.21337469059403,7.0885246451812,0
5226,-0.005927991063812,-0.12987815676913,-0.210547113245,6.9612512305979,0
5225,-0.0062713160568447,-0.12840253264187,-0.20771953589597,6.8339778160143,0
5224,-0.0065746202651494,-0.12668169791553,-0.20489195854693,6.7067044014303,0
5223,-0.0068407573197121,-0.12472960177656,-0.20206438119789,6.5794309868465,0
5222,-0.0070721441527553,-0.12255931789784,-0.19923680384884,6.4521575722628,0
5221,-0.007270799712462,-0.12018320413217,-0.19640922649981,6.324884157679,0
5220,-0.0074383851206188,-0.11761306955668,-0.19358164915077,6.1976107430954,0
5219,-0.0075762490753943,-0.11486032820627,-0.19075407180173,6.0703373285118,0
5218,-0.0076854788806383,-0.11193613750582,-0.1879264944527,5.9430639139282,0
5217,-0.0077669529788699,-0.10885152336066,-0.18509891710366,5.8157904993446,0
5216,-0.0078213924917311,-0.10561749072119,-0.18227133975463,5.688517084761,0
5215,-0.0078494128693588,-0.10224511589108,-0.17944376240559,5.5612436701774,0
5214,-0.007851581037422,-0.098745614988713,-0.17661618505655,5.4339702555938,0
5213,-0.0078284910380685,-0.095130378533249,-0.17378860770751,5.3066968410101,0
354,-1.0363019902491,-0.013257724391549,-0.17275098978048,0.31250001000043,0
1162,0.024443788305656,-0.13464472424679,-0.17275098978048,0.81250002599956,0
1163,0.026520219237429,-0.11274527434841,-0.17275098978048,0.93750002999989,0
353,-1.1007065907563,-0.012115250522304,-0.17275098978048,0.1875000060004,0
355,-0.87489582192906,0.024598543264476,-0.17275098978048,0.43750001400014,0
1160,-0.32642093079455,-0.037884970085872,-0.17275098978048,0.56250001799983,0
1161,-0.059180833686241,-0.11068747942357,-0.17275098978048,0.6875000219995,0
352,-1.1290498816878,-0.0034853743194904,-0.17275098978048,0.062500002000116,0
3632,0.019993459813617,-0.089067234725868,-0.1724918101824,1.0644052646571,0
3633,0.013865348267485,-0.070617079577085,-0.17197345098623,1.1932157299712,0
3634,0.0095641708969667,-0.057310957716468,-0.17145509179007,1.3220261952852,0
5212,-0.0077808881553432,-0.091410954027031,-0.17096103035847,5.1794234264266,0
3635,0.0067582471277618,-0.047732557135208,-0.1709367325939,1.4508366605992,0
3636,0.0048818401092061,-0.040752962162428,-0.17041837339773,1.5796471259132,0
3637,0.0035391348770419,-0.035649343018744,-0.16990001420157,1.708457591227,0
3638,0.0024945237813617,-0.031969375744861,-0.1693816550054,1.8372680565408,0
3639,0.0016021301388451,-0.02942388432895,-0.16886329580924,1.9660785218545,0
3640,0.00076862433710385,-0.027818256498444,-0.16834493661307,2.0948889871683,0
5211,-0.007709926722509,-0.087599019887493,-0.16813345300943,5.0521500118428,0
3641,-4.8571838731275e-05,-0.027016525231707,-0.16782657741691,2.2236994524823,0
3642,-0.00082625354039023,-0.026821337911057,-0.16730821822074,2.3525099177963,0
3643,-0.0015234942900526,-0.027093455146679,-0.16678985902458,2.4813203831103,0
3644,-0.0021537977084831,-0.027843045127992,-0.16627149982841,2.6101308484242,0
3645,-0.0027377321671353,-0.029018910112574,-0.16575314063224,2.7389413137383,0
5210,-0.00761794168445,-0.083706765555672,-0.16530587566039,4.9248765972591,0
3646,-0.0032835113169106,-0.030576598506744,-0.16523478143608,2.8677517790527,0
3647,-0.0037943116862,-0.032477800087558,-0.16471642223991,2.9965622443674,0
3648,-0.0042712119375096,-0.034688992143419,-0.16419806304374,3.1253727096822,0
3649,-0.0047144835463891,-0.037180128877308,-0.16367970384757,3.2541831749967,0
3650,-0.0051241540712722,-0.039923451730761,-0.1631613446514,3.3829936403112,0
3651,-0.0055002400450488,-0.042892629702197,-0.16264298545523,3.5118041056258,0
5209,-0.0075104629253281,-0.079745494667102,-0.16247829831135,4.7976031826754,0
3652,-0.0058428259888999,-0.046062175075483,-0.16212462625906,3.6406145709404,0
3653,-0.0061520898156324,-0.049407140289824,-0.16160626706289,3.7694250362551,0
3654,-0.0064283160942708,-0.05290313020923,-0.16108790786672,3.8982355015697,0
3655,-0.0066718018045653,-0.056526161163324,-0.16056954867055,4.0270459668843,0
3656,-0.0068825237882367,-0.060250992425178,-0.16005118947439,4.1558564321988,0
5208,-0.0073963366371212,-0.075693807681749,-0.15965072096231,4.6703297680918,0
3657,-0.0070600714767982,-0.064047866049036,-0.15953283027822,4.2846668975133,0
3658,-0.0072049496504978,-0.067885163673026,-0.15901447108205,4.413477362828,0
3659,-0.0073187726393985,-0.071751546084475,-0.15849611188588,4.5422878281427,0
5297,-0.01053959685163,0.0016131075100385,-0.099811530890384,10.658791258305,0
5296,0.0035758072720943,-0.0023540802592572,-0.098829218560557,10.558730719395,0
5295,0.012497813860132,-0.0060626957371148,-0.097846906230731,10.458670180485,0
5294,0.019514163179903,-0.010078626315947,-0.096864593900902,10.358609641576,0
5293,0.024738584938306,-0.014532739672478,-0.095882281571072,10.258549102666,0
5292,0.027639952504322,-0.019046284004861,-0.094899969241244,10.158488563757,0
5291,0.027851683866177,-0.023659589159491,-0.093917656911419,10.058428024848,0
5290,0.025376939611475,-0.028537902205848,-0.092935344581601,9.9583674859388,0
5289,0.021017822221703,-0.034005380697527,-0.091953032251783,9.8583069470301,0
5288,0.014613366421106,-0.04214288000372,-0.09097071992196,9.758246408121,0
5287,0.0091961483907677,-0.054750733942698,-0.090007889761282,9.6444471001931,0
5286,0.0061827865451631,-0.067082202310921,-0.089064541769751,9.5169090232462,0
5285,0.0042704700647271,-0.077564912430398,-0.088121193778219,9.389370946299,0
5284,0.0028801135956798,-0.086343201883182,-0.087177845786689,9.2618328693522,0
5283,0.001799060636295,-0.093759690960178,-0.086234497795161,9.1342947924056,0
5282,0.00093861870692785,-0.10004996569225,-0.08529114980363,9.0067567154587,0
5281,0.00024200408711221,-0.10535802343638,-0.084347801812097,8.8792186385115,0
5280,-0.00032989959573708,-0.10979323801814,-0.083404453820565,8.7516805615644,0
5279,-0.00079741267489322,-0.11345291381949,-0.082461105829032,8.6241424846171,0
5278,-0.0011586448996476,-0.11643639049256,-0.081517757837501,8.4966044076698,0
5277,-0.0014290596564343,-0.11883196360981,-0.080574409845968,8.3690663307227,0
5276,-0.0016361371188328,-0.12070959555792,-0.079631061854437,8.2415282537757,0
5275,-0.0017971110897829,-0.12212644421047,-0.078687713862907,8.1139901768284,0
5274,-0.0019227698004589,-0.12312724867556,-0.077744365871375,7.9864520998811,0
5273,-0.0020225349523197,-0.12374772841182,-0.076801017879842,7.858914022934,0
5272,-0.0021057938732207,-0.12401681426512,-0.07585766988831,7.7313759459871,0
5271,-0.0021809026966035,-0.1239576674506,-0.074914321896781,7.6038378690403,0
5270,-0.002254057495654,-0.12358849866866,-0.073970973905251,7.4762997920932,0
5269,-0.0023283358374485,-0.12292303388458,-0.073027625913719,7.3487617151459,0
5268,-0.0024021491404208,-0.12197448296839,-0.072084277922188,7.221223638199,0
5267,-0.002473503232402,-0.12075841297121,-0.071140929930661,7.0936855612528,0
5266,-0.0025410074391519,-0.11928752296214,-0.070197581939138,6.9661474843068,0
5265,-0.0026038321118836,-0.11757380192106,-0.069254233947615,6.8386094073606,0
5264,-0.0026612210243521,-0.11562883459868,-0.06831088595609,6.711071330414,0
5263,-0.0027123728700715,-0.11346364770712,-0.067367537964562,6.5835332534675,0
5262,-0.002756507089879,-0.11108875071911,-0.066424189973035,6.4559951765211,0
5261,-0.0027929210597213,-0.10851431266293,-0.065480841981509,6.3284570995747,0
5260,-0.0028210089110184,-0.10575033521433,-0.064537493989984,6.2009190226285,0
5259,-0.0028402632420622,-0.10280678648593,-0.063594145998458,6.0733809456823,0
5258,-0.0028502717672106,-0.09969370878516,-0.062650798006933,5.945842868736,0
5257,-0.0028507113266333,-0.096421311344596,-0.061707450015409,5.8183047917898,0
5256,-0.0028413407400248,-0.093000049351084,-0.060764102023883,5.6907667148435,0
5255,-0.0028219955010301,-0.089440686652671,-0.059820754032357,5.5632286378973,0
5254,-0.0027925890617575,-0.08575433720411,-0.058877406040831,5.435690560951,0
5253,-0.002753129844933,-0.081952473446415,-0.057934058049305,5.3081524840047,0
356,-1.1187041619044,-0.0034357594846997,-0.057583663260151,0.062500002000116,0
357,-1.0904326678162,-0.008301143059068,-0.057583663260151,0.1875000060004,0
358,-1.0367172658246,-0.0077278024939244,-0.057583663260151,0.31250001000043,0
359,-0.94213893431179,0.029395098082402,-0.057583663260151,0.43750001400014,0
1164,-0.19534357168367,-0.054253900074368,-0.057583663260151,0.56250001799983,0
1166,0.020083290228737,-0.16017666794882,-0.057583663260151,0.81250002599953,0
1167,0.01360566504567,-0.11931577059749,-0.057583663260151,0.93750002999988,0
1165,0.020967479613079,-0.17917380048403,-0.057583663260151,0.68750002199948,0
3660,0.0088821198502093,-0.087783193600249,-0.05749727006079,1.0644052646571,0
3661,0.0058144738272052,-0.065688544731591,-0.057324483662067,1.1932157299711,0
3662,0.0040216155665951,-0.050747328603853,-0.057151697263345,1.3220261952852,0
5252,-0.0027037783731639,-0.078046862800127,-0.05699071005778,5.1806144070585,0
3663,0.0029883586150309,-0.040287695924735,-0.056978910864622,1.4508366605992,0
3664,0.0023529333053101,-0.032680263292172,-0.0568061244659,1.5796471259131,0
3665,0.0019297226565352,-0.02699453536238,-0.056633338067177,1.708457591227,0
3666,0.00162595308755,-0.022685843850265,-0.056460551668455,1.8372680565408,0
3667,0.0013824994075694,-0.019427014083294,-0.056287765269733,1.9660785218545,0
3668,0.0011472247718072,-0.017023985935872,-0.056114978871011,2.0948889871683,0
5251,-0.0026450454274157,-0.074049324182418,-0.056047362066253,5.0530763301121,0
3669,0.00087911422050737,-0.015375206051282,-0.055942192472289,2.2236994524823,0
3670,0.00058535070435097,-0.014477085071135,-0.055769406073567,2.3525099177963,0
3671,0.00031827463084892,-0.014289889735993,-0.055596619674845,2.4813203831103,0
3672,9.9763352144792e-05,-0.014622239475336,-0.055423833276123,2.6101308484243,0
3673,-0.00010244806882132,-0.015422334939561,-0.0552510468774,2.7389413137383,0
5250,-0.0025786482711484,-0.069971442367939,-0.055104014074727,4.9255382531657,0
3674,-0.00030000163415734,-0.016645254028825,-0.055078260478677,2.8677517790527,0
3675,-0.00049463031047548,-0.018253200789947,-0.054905474079954,2.9965622443675,0
3676,-0.00068575510788537,-0.020213227833229,-0.05473268768123,3.1253727096822,0
3677,-0.0008723419676226,-0.022495120878266,-0.054559901282507,3.2541831749968,0
3678,-0.0010533752538522,-0.025070489970141,-0.054387114883784,3.3829936403112,0
3679,-0.0012280148802525,-0.027912328825745,-0.05421432848506,3.5118041056258,0
5249,-0.0025097119456324,-0.065825061636421,-0.054160666083201,4.7980001762194,0
3680,-0.0013956289293398,-0.030994776916904,-0.054041542086337,3.6406145709404,0
3681,-0.0015558116471757,-0.034293157987838,-0.053868755687614,3.7694250362551,0
3682,-0.0017084452635271,-0.037784299843335,-0.05369596928889,3.8982355015697,0
3683,-0.0018536344034803,-0.041446361865502,-0.053523182890167,4.0270459668843,0
3684,-0.0019912153822153,-0.045256723496605,-0.053350396491443,4.1558564321988,0
5248,-0.0024445734834552,-0.061591666322009,-0.053217318091675,4.6704620992731,0
3685,-0.002120505770744,-0.049188912142146,-0.05317761009272,4.2846668975133,0
3686,-0.0022419835794131,-0.053216235189688,-0.053004823693997,4.413477362828,0
3687,-0.0023564678929549,-0.057330663516027,-0.052832037295273,4.5422878281427,0
5688,0.0082461746147714,-0.008508781880922,0.062500001999896,9.7627239264797,0
5689,0.018100185112557,-0.016536635068974,0.062500001999919,9.8627936362815,0
5690,0.021363256075643,-0.016630382733967,0.062500001999942,9.9628633460831,0
5691,0.022995925066974,-0.015391201775665,0.062500001999965,10.062933055885,0
5692,0.022306962246677,-0.012964334705457,0.062500001999987,10.163002765687,0
5693,0.018945050762648,-0.0098001106291893,0.06250000200001,10.263072475489,0
5694,0.013439662057471,-0.0063285412573069,0.062500002000033,10.363142185291,0
5695,0.0065184251393326,-0.0031242165460512,0.062500002000056,10.463211895094,0
5696,-0.002659029057656,0.00016284083180695,0.062500002000078,10.563281604896,0
5697,-0.0095637923312115,0.0016061530491827,0.062500002000101,10.663351314699,0
363,-0.97995365066519,-0.0040298798907824,0.066964287856892,0.43750001400014,0
362,-1.0337459055749,-0.0089030757553973,0.066964287856915,0.31250001000042,0
361,-1.0827757563949,-0.0051887807858683,0.066964287856939,0.1875000060004,0
360,-1.1109768832944,-0.0024334672262513,0.066964287856963,0.062500002000115,0
5698,0.01818908504292,-0.00069560186727139,0.18750000599972,9.762766649881,0
5699,0.022330007464632,-0.0070694807995779,0.18750000599978,9.8628318624827,0
5700,0.02220695919787,-0.0082974332277683,0.18750000599984,9.9628970750842,0
5701,0.021605849969064,-0.0085625713245983,0.1875000059999,10.062962287686,0
5702,0.019520206787824,-0.007502761067778,0.18750000599996,10.163027500287,0
5703,0.015384911206917,-0.0054548613183453,0.18750000600003,10.26309271289,0
5704,0.0096918404071161,-0.0030114176447428,0.18750000600009,10.363157925492,0
5705,0.0032309664853521,-0.00074559978340925,0.18750000600015,10.463223138094,0
5706,-0.0045911660420534,0.0010981646269275,0.18750000600021,10.563288350697,0
5707,-0.0084922489200939,0.0010622704676919,0.18750000600027,10.663353563299,0
367,-0.97780659115085,-0.0034708513070184,0.20089286357068,0.43750001400014,0
366,-1.0299127169728,-0.0035716975335179,0.20089286357075,0.31250001000041,0
365,-1.0777998110297,-0.0025553328697405,0.20089286357082,0.18750000600039,0
364,-1.1057974702697,-0.0012995958051164,0.20089286357089,0.062500002000113,0
5708,0.024773476482026,0.0012497971253964,0.31250000999949,9.7628093732823,0
5709,0.026731937039014,-0.0028031460278039,0.3125000099996,9.8628700886838,0
5710,0.024488135223971,-0.0036319118702847,0.3125000099997,9.9629308040852,0
5711,0.021934856402688,-0.0040822806142117,0.31250000999981,10.062991519487,0
5712,0.018284634628767,-0.0035403936375157,0.31250000999991,10.163052234888,0
5713,0.01329525604556,-0.0022368588692475,0.31250001000002,10.263112950291,0
5714,0.0074006020148163,-0.00066772564087863,0.31250001000012,10.363173665693,0
5715,0.0013134977486822,0.00068634757926569,0.31250001000022,10.463234381095,0
5716,-0.004738413055355,0.0012523487768656,0.31250001000033,10.563295096497,0
5717,-0.0072878977292792,0.00062457520238719,0.31250001000043,10.663355811899,0
371,-0.978725468682,-0.0011521941003593,0.33482143928446,0.43750001400014,0
370,-1.0288876550124,-0.0012447477408776,0.33482143928457,0.31250001000041,0
369,-1.0758061128058,-0.001102972653883,0.33482143928469,0.18750000600038,0
368,-1.1034114604821,-0.00061398736637492,0.3348214392848,0.062500002000111,0
5718,0.026274809774702,0.0014645630808946,0.43750001399916,9.7628520966836,0
5719,0.028875538982832,-0.00084927763750883,0.43750001399933,9.862908314885,0
5720,0.025886301502199,-0.0011953186494845,0.4375000139995,9.9629645330863,0
5721,0.022240917825951,-0.0014587872979739,0.43750001399967,10.063020751288,0
5722,0.017613863096634,-0.0010664928518762,0.43750001399984,10.163076969489,0
5723,0.012092157841251,-0.00023753812079721,0.43750001400001,10.263133187691,0
5724,0.0061027029005994,0.00064868247459064,0.43750001400018,10.363189405893,0
5725,0.00070698412612922,0.0011868714575412,0.43750001400034,10.463245624095,0
5726,-0.0043362969484802,0.0010967273565879,0.43750001400051,10.563301842297,0
5727,-0.0063019047591783,0.00034779085542513,0.43750001400068,10.663358060499,0
375,-0.97942494872559,-0.00036837469281458,0.46875001499824,0.43750001400014,0
374,-1.0286758206227,-0.00042088852144401,0.4687500149984,0.3125000100004,0
373,-1.0750116717939,-0.00042351222418338,0.46875001499855,0.18750000600037,0
372,-1.1023859514391,-0.00025513410639355,0.46875001499871,0.062500002000108,0
5728,0.025400265245448,0.0014079622334337,0.56250001799883,9.7628948200849,0
5729,0.029291946300612,0.00035973304776801,0.56250001799906,9.8629465410861,0
5730,0.026320120999599,0.00037140266907743,0.5625000179993,9.9629982620873,0
5731,0.022189182475479,0.00030208396856904,0.56250001799954,10.063049983089,0
5732,0.017103726239997,0.00058449433017196,0.56250001799978,10.16310170409,0
5733,0.0114279441165,0.001024268928899,0.56250001800002,10.263153425092,0
5734,0.0056994945781063,0.0013362180427681,0.56250001800026,10.363205146094,0
5735,0.00076776286120207,0.0013430915671732,0.5625000180005,10.463256867096,0
5736,-0.0037457932410904,0.00094756341131662,0.56250001800074,10.563308588098,0
5737,-0.0055216558713107,0.00018811181423214,0.56250001800098,10.663360309099,0
379,-0.97963898555903,-0.00012114718239203,0.60267859071202,0.43750001400013,0
378,-1.0286352258601,-0.00012824316023714,0.60267859071221,0.31250001000039,0
377,-1.0747273551911,-0.00013451936357081,0.60267859071241,0.18750000600037,0
376,-1.1020031443754,-9.057733762444e-05,0.6026785907126,0.062500002000106,0
5738,0.023947626017578,0.0012986860897429,0.68750002199852,9.7629375434861,0
5739,0.028873455004364,0.001176628603841,0.68750002199882,9.8629847672872,0
5740,0.026258536225043,0.0014828799763043,0.68750002199912,9.9630319910884,0
5741,0.021999748340328,0.0015555789631682,0.68750002199942,10.06307921489,0
5742,0.016826557875889,0.0017247179010055,0.68750002199973,10.163126438691,0
5743,0.011245277794335,0.0018512386913256,0.68750002200003,10.263173662493,0
5744,0.005800689669336,0.0017754734017992,0.68750002200033,10.363220886295,0
5745,0.0011811402051352,0.0014792189228305,0.68750002200064,10.463268110096,0
5746,-0.0030317371863988,0.00091095071696318,0.68750002200094,10.563315333898,0
5747,-0.0048441273827438,0.00011646119229335,0.68750002200124,10.663362557699,0
383,-0.97969203428078,-3.755686566826e-05,0.7366071664258,0.43750001400013,0
382,-1.0286246171593,-2.0450494249415e-05,0.73660716642603,0.31250001000039,0
381,-1.0746453294521,-1.6974139754824e-05,0.73660716642626,0.18750000600036,0
380,-1.1019012776179,-2.0781799886156e-05,0.73660716642648,0.062500002000104,0
5748,0.022373775596372,0.0011514970246666,0.81250002599823,9.7629802668874,0
5749,0.028045230699233,0.0016702508063942,0.81250002599859,9.8630229934884,0
5750,0.025958930727863,0.0022076852768626,0.81250002599896,9.9630657200894,0
5751,0.021793335614783,0.0023887488802253,0.81250002599933,10.06310844669,0
5752,0.016740852392752,0.0024818799196478,0.81250002599969,10.163151173292,0
5753,0.011372057294844,0.0024108192892058,0.81250002600006,10.263193899894,0
5754,0.0062042808489019,0.0021095329384903,0.81250002600043,10.363236626495,0
5755,0.0018168863594963,0.0016413753568201,0.81250002600079,10.463279353097,0
5756,-0.0021981365615541,0.00096122318280466,0.81250002600116,10.563322079698,0
5757,-0.0041769925512011,9.8991460593094e-05,0.81250002600153,10.663364806299,0
387,-0.97969560748916,-8.0115986407916e-06,0.87053574213957,0.43750001400013,0
386,-1.028617262428,2.0541162194722e-05,0.87053574213984,0.31250001000038,0
385,-1.0746406714316,3.0468391885825e-05,0.87053574214011,0.18750000600035,0
384,-1.1019161502711,7.8708482168289e-06,0.87053574214038,0.062500002000101,0
5758,0.020702340876574,0.00099697973806206,0.93750002999799,9.7630229902887,0
5759,0.026925558176645,0.0019233362066517,0.93750002999842,9.8630612196895,0
5760,0.025473411559798,0.0026204310280375,0.93750002999885,9.9630994490905,0
5761,0.0215666434084,0.00288895436901,0.93750002999928,10.063137678491,0
5762,0.016766391438099,0.002947002666848,0.93750002999971,10.163175907893,0
5763,0.011673319799757,0.0027740306210764,0.93750003000014,10.263214137294,0
5764,0.0067767323075558,0.002357860628596,0.93750003000057,10.363252366696,0
5765,0.0025895821748231,0.001797376695162,0.937500030001,10.463290596097,0
5766,-0.0012619491009488,0.0010462832165208,0.93750003000143,10.563328825499,0
5767,-0.0034678884216474,0.00010699853905491,0.93750003000186,10.6633670549,0
391,-0.97968093221631,2.930349802055e-06,1.0044643178534,0.43750001400013,0
390,-1.0286088749997,3.710583161985e-05,1.0044643178537,0.31250001000037,0
389,-1.0746666334596,5.031224239754e-05,1.004464317854,0.18750000600034,0
388,-1.1019799004145,1.9717821232125e-05,1.0044643178543,0.062500002000099,0
5768,0.01897102456437,0.00085864332961571,1.0625000339981,9.76306571369,0
5769,0.02560347869565,0.0020157977444061,1.0625000339985,9.8630994458907,0
5770,0.024833819135719,0.0028093448341278,1.0625000339989,9.9631331780915,0
5771,0.021300941968316,0.0031473268169689,1.0625000339994,10.063166910292,0
5772,0.016832901741955,0.0031956948765972,1.0625000339998,10.163200642493,0
5773,0.012051941542485,0.002980649689116,1.0625000340002,10.263234374695,0
5774,0.0074278883066724,0.0025161011005675,1.0625000340007,10.363268106897,0
5775,0.0034363162865162,0.0019126662216156,1.0625000340011,10.463301839098,0
5776,-0.00023967176039876,0.0011259750553499,1.0625000340015,10.563335571299,0
5777,-0.0026988515473466,0.00012396494323761,1.0625000340019,10.6633693035,0
395,-0.97965860766852,7.2992226662614e-06,1.1383928935672,0.43750001400012,0
394,-1.0285995794678,4.4568367483736e-05,1.1383928935675,0.31250001000036,0
393,-1.0747055718116,5.9398314984799e-05,1.1383928935679,0.18750000600034,0
392,-1.1020647780279,2.4891074343663e-05,1.1383928935683,0.062500002000097,0
5778,0.01725836794963,0.00074022327329081,1.1875000379984,9.7631084370913,0
5779,0.02418043014624,0.0020019510928081,1.1875000379988,9.8631376720918,0
5780,0.024088832032498,0.0028445346294708,1.1875000379992,9.9631669070926,0
5781,0.020998153930371,0.0032348800173209,1.1875000379995,10.063196142093,0
5782,0.016903254476681,0.0032844053448889,1.1875000379999,10.163225377094,0
5783,0.012453165170342,0.0030584585009114,1.1875000380003,10.263254612096,0
5784,0.0081057337288695,0.0025808673528477,1.1875000380006,10.363283847097,0
5785,0.0043155996058859,0.0019615057711387,1.187500038001,10.463313082098,0
5786,0.00083970521107012,0.0011711736914995,1.1875000380014,10.563342317099,0
5787,-0.0018746584816064,0.00014644649198446,1.1875000380017,10.6633715521,0
399,-0.97963279072086,9.2233840930117e-06,1.272321469281,0.43750001400012,0
398,-1.0285896560581,4.8561974022625e-05,1.2723214692814,0.31250001000036,0
397,-1.0747505052006,6.4321612813489e-05,1.2723214692819,0.18750000600033,0
396,-1.1021598885462,2.7478829446473e-05,1.2723214692824,0.062500002000095,0
5788,0.015630310980155,0.0006368611067208,1.3125000419987,9.7631511604926,0
5789,0.022738100380848,0.0019172941823136,1.312500041999,9.8631758982929,0
5790,0.023284679872877,0.0027754529743669,1.3125000419993,9.9632006360936,0
5791,0.020671768932954,0.0032018113106095,1.3125000419996,10.063225373894,0
5792,0.016964525857442,0.0032544789402122,1.3125000419999,10.163250111695,0
5793,0.012851799523605,0.0030316695657631,1.3125000420002,10.263274849497,0
5794,0.0087819712375724,0.0025591722900846,1.3125000420005,10.363299587298,0
5795,0.0051940648313514,0.0019420914555346,1.3125000420009,10.463324325099,0
5796,0.0018774471825981,0.0011702739108259,1.3125000420012,10.5633490629,0
5797,-0.0010259355384697,0.00016548002192821,1.3125000420015,10.6633738007,0
403,-0.97960499346707,1.0222979512246e-05,1.4062500449948,0.43750001400012,0
402,-1.0285792874581,5.1253290740478e-05,1.4062500449953,0.31250001000035,0
401,-1.0747988515406,6.7670061871042e-05,1.4062500449958,0.18750000600032,0
400,-1.1022611120457,2.9079130916183e-05,1.4062500449964,0.062500002000092,0
5798,0.01412405039735,0.00054546753199062,1.437500045999,9.7631938838938,0
5799,0.021329363375139,0.0017891732623541,1.4375000459992,9.8632141244941,0
5800,0.022454497627185,0.0026391548130673,1.4375000459995,9.9632343650947,0
5801,0.020336704471607,0.0030856934237839,1.4375000459997,10.063254605695,0
5802,0.017015242737394,0.0031392241437878,1.437500046,10.163274846296,0
5803,0.013237485030734,0.0029248070163679,1.4375000460002,10.263295086897,0
5804,0.0094418042451754,0.0024677629141993,1.4375000460005,10.363315327499,0
5805,0.0060522806057851,0.00186788640773,1.4375000460007,10.463335568099,0
5806,0.0028803394964447,0.001127019544621,1.4375000460009,10.5633558087,0
5807,-0.00016873841170691,0.00016707562051702,1.4375000460012,10.6633760493,0
407,-0.97957576795313,1.0877623007339e-05,1.5401786207087,0.43750001400012,0
406,-1.0285685508091,5.3482670184785e-05,1.5401786207093,0.31250001000034,0
405,-1.0748496491569,7.0455591553544e-05,1.5401786207099,0.18750000600031,0
404,-1.102366918817,3.0315095260308e-05,1.5401786207104,0.06250000200009,0
5808,0.012753845329624,0.00046997258085234,1.5625000499993,9.7632366072951,0
5809,0.019989681356606,0.0016442389207792,1.5625000499995,9.8632523506952,0
5810,0.021624065043901,0.0024661180308931,1.5625000499996,9.9632680940957,0
5811,0.020007736941558,0.0029159914083047,1.5625000499998,10.063283837496,0
5812,0.017059227824951,0.0029671741613325,1.56250005,10.163299580897,0
5813,0.013605901123595,0.0027629274326809,1.5625000500002,10.263315324298,0
5814,0.010074634811713,0.0023275266773276,1.5625000500003,10.363331067699,0
5815,0.0068730170739388,0.0017538212212169,1.5625000500005,10.4633468111,0
5816,0.0038271002718652,0.0010485558933228,1.5625000500007,10.5633625545,0
5817,0.00064966605067643,0.00014953967311802,1.5625000500008,10.6633782979,0
411,-0.97954530250206,1.1410831642895e-05,1.6741071964232,0.43750001400011,0
410,-1.0285574734393,5.5577818780207e-05,1.6741071964237,0.31250001000033,0
409,-1.0749025656541,7.30741998936e-05,1.6741071964241,0.18750000600031,0
408,-1.1024767896406,3.1429925569626e-05,1.6741071964245,0.062500002000088,0
5818,0.011507208244045,0.00042890687520693,1.6875000539995,9.7632793306964,0
5819,0.018750315757598,0.001512871690888,1.6875000539997,9.8632905768964,0
5820,0.020825178985955,0.0022808609714381,1.6875000539998,9.9633018230968,0
5821,0.019701368672322,0.0027131278826895,1.6875000539999,10.063313069297,0
5822,0.017101192947093,0.0027656117695144,1.687500054,10.163324315498,0
5823,0.013951433053054,0.002580477487846,1.6875000540001,10.263335561699,0
5824,0.010668985244195,0.0021787053304392,1.6875000540002,10.3633468079,0
5825,0.0076419950890153,0.0016418745514551,1.6875000540003,10.4633580541,0
5826,0.0047043965526023,0.00097352373786635,1.6875000540004,10.563369300301,0
5827,0.0013533125777843,0.00012149273565837,1.6875000540006,10.6633805465,0
415,-0.97951364326085,1.1909561908885e-05,1.8080357721381,0.43750001400011,0
414,-1.0285460619174,5.7667773299901e-05,1.8080357721383,0.31250001000033,0
413,-1.0749575157177,7.5681816015897e-05,1.8080357721385,0.1875000060003,0
412,-1.1025906015967,3.2518930142234e-05,1.8080357721387,0.062500002000085,0
5828,0.010275781262764,0.000479439242513,1.8125000579997,9.7633220540977,0
5829,0.017577229601149,0.0014170006381138,1.8125000579998,9.8633288030975,0
5830,0.020035241330443,0.0020806026796857,1.8125000579999,9.9633355520978,0
5831,0.019384484726011,0.0024798272927786,1.8125000579999,10.063342301098,0
5832,0.017113052299199,0.0025602879207341,1.812500058,10.163349050099,0
5833,0.014252517456658,0.0024248846440353,1.8125000580001,10.2633557991,0
5834,0.01122015162151,0.0020898222716726,1.8125000580001,10.363362548101,0
5835,0.0083860386554415,0.0016180893216541,1.8125000580002,10.463369297101,0
5836,0.0056102723952676,0.00099277416579182,1.8125000580003,10.563376046101,0
5837,0.0021736745967023,0.00010377673809324,1.8125000580004,10.6633827951,0
5838,0.0090337692396014,-7.5484089663523e-05,1.9375000619999,9.763364777499,0
5839,0.016251270671296,0.00092235737560855,1.9375000619999,9.8633670292986,0
5840,0.018873724375509,0.0017223209985776,1.937500062,9.9633692810989,0
5841,0.018686338144448,0.0022547669243029,1.937500062,10.063371532899,0
5842,0.01685950993285,0.002530009574442,1.937500062,10.163373784699,0
5843,0.014400991183893,0.0025704743542178,1.937500062,10.2633760365,0
5844,0.011733082290088,0.0023978933210798,1.9375000620001,10.363378288301,0
5845,0.0092266217406929,0.0020586751134456,1.9375000620001,10.463380540101,0
5846,0.0068572950921274,0.0015171836516204,1.9375000620001,10.563382791901,0
5847,0.0038630297484032,0.00073585688229017,1.9375000620001,10.663385043701,0
416,-1.1027083887206,3.361990366562e-05,1.9419643478527,0.062500002000083,0
417,-1.0750145118553,7.8340994688743e-05,1.9419643478528,0.18750000600029,0
418,-1.0285343144656,5.9804558719864e-05,1.9419643478529,0.31250001000032,0
419,-0.97948078000327,1.2408150882685e-05,1.941964347853,0.43750001400011,0
420,-1.1028302489806,3.4748306592363e-05,2.0758929235667,0.062500002000081,0
421,-1.0750736063954,8.1078050359663e-05,2.0758929235671,0.18750000600028,0
422,-1.0285222260333,6.2010381982891e-05,2.0758929235675,0.31250001000031,0
423,-0.97944667941914,1.2920608402465e-05,2.075892923568,0.43750001400011,0
424,-1.1029563082206,3.5910949314017e-05,2.2098214992806,0.062500002000079,0
425,-1.0751348690243,8.3905285938366e-05,2.2098214992813,0.18750000600028,0
426,-1.0285097903286,6.4295958154173e-05,2.2098214992821,0.3125000100003,0
427,-0.97941129796653,1.3453101561214e-05,2.2098214992829,0.4375000140001,0
428,-1.1030867062634,3.7111313350778e-05,2.3437500749945,0.062500002000076,0
429,-1.0751983781398,8.6829637824399e-05,2.3437500749956,0.18750000600027,0
430,-1.0284970006313,6.6667632730404e-05,2.3437500749967,0.3125000100003,0
431,-0.97937458679702,1.4008796460003e-05,2.3437500749978,0.4375000140001,0
432,-1.1032215916312,3.8351620820749e-05,2.4776786507084,0.062500002000074,0
433,-1.0752642175763,8.9856038935612e-05,2.4776786507098,0.18750000600026,0
434,-1.0284838501258,6.9130153126741e-05,2.4776786507113,0.31250001000029,0
435,-0.97933649360291,1.4589740101243e-05,2.4776786507127,0.4375000140001,0
436,-1.1033611196224,3.9633640131956e-05,2.6116072264223,0.062500002000072,0
437,-1.0753324754207,9.2988728817918e-05,2.6116072264241,0.18750000600025,0
438,-1.02847033205,7.1687750425307e-05,2.6116072264259,0.31250001000028,0
439,-0.97929696326562,1.5197594086149e-05,2.6116072264277,0.4375000140001,0
440,-1.1035054516968,4.0959000712778e-05,2.7455358021362,0.062500002000069,0
441,-1.075403243646,9.6231766170025e-05,2.7455358021383,0.18750000600025,0
442,-1.0284564397718,7.4344565021327e-05,2.7455358021404,0.31250001000027,0
443,-0.9792559380347,1.5833922804717e-05,2.7455358021426,0.4375000140001,0
444,-1.1036547553761,4.2329317112189e-05,2.8794643778501,0.062500002000067,0
445,-1.0754766180661,9.9589231651478e-05,2.8794643778525,0.18750000600024,0
446,-1.0284421668416,7.7104817713791e-05,2.879464377855,0.31250001000027,0
447,-0.97921335752014,1.650030895849e-05,2.8794643778575,0.43750001400009,0
448,-1.1038092043496,4.3746239153145e-05,3.013392953564,0.062500002000065,0
449,-1.0755526984197,0.00010306531053862,3.0133929535668,0.18750000600023,0
450,-1.0284275070361,7.9972882266769e-05,3.0133929535696,0.31250001000026,0
451,-0.97916915860797,1.7198402182584e-05,3.0133929535724,0.43750001400009,0
452,-1.1039689786674,4.5211473491827e-05,3.1473215292778,0.062500002000063,0
453,-1.075631588511,0.00010666432890077,3.147321529281,0.18750000600022,0
454,-1.0284124544014,8.2953320070741e-05,3.1473215292842,0.31250001000025,0
455,-0.97912327534121,1.7929942000739e-05,3.1473215292873,0.43750001400009,0
456,-1.1041342649731,4.6726794180756e-05,3.2812501049917,0.06250000200006,0
457,-1.075713396376,0.00011039077191061,3.2812501049953,0.18750000600022,0
458,-1.0283970032987,8.6050900483429e-05,3.2812501049988,0.31250001000024,0
459,-0.97907563878234,1.8696771111414e-05,3.2812501050023,0.43750001400009,0
460,-1.1043052567611,4.8294049097822e-05,3.4151786807056,0.062500002000058,0
461,-1.0757982344655,0.00011424929542777,3.4151786807095,0.18750000600021,0
462,-1.0283811484529,8.9270616039857e-05,3.4151786807133,0.31250001000024,0
463,-0.9790261768633,1.9500845222319e-05,3.4151786807172,0.43750001400008,0
464,-1.1044821546487,4.9915164901709e-05,3.5491072564195,0.062500002000056,0
465,-1.0758862198399,0.00011824473518297,3.5491072564237,0.1875000060002,0
466,-1.0283648850062,9.2617696125236e-05,3.5491072564279,0.31250001000023,0
467,-0.97897481422487,2.0344241981423e-05,3.5491072564321,0.43750001400008,0
468,-1.1046651666642,5.1592151559128e-05,3.6830358321334,0.062500002000053,0
469,-1.0759774743754,0.00012238211525578,3.683035832138,0.1875000060002,0
470,-1.0283482085759,9.6097620559242e-05,3.6830358321425,0.31250001000022,0
471,-0.97892147204578,2.1229169836759e-05,3.683035832147,0.43750001400008,0
472,-1.1048545085481,5.3327106857145e-05,3.8169644078473,0.062500002000051,0
473,-1.0760721249808,0.0001266666565183,3.8169644078522,0.18750000600019,0
474,-1.0283311153179,9.9716133673413e-05,3.8169644078571,0.31250001000021,0
475,-0.97886606786134,2.2157977302142e-05,3.816964407862,0.43750001400008,0
476,-1.1050504040695,5.5122221072524e-05,3.9508929835612,0.062500002000049,0
477,-1.0761703038258,0.000131103785319,3.9508929835664,0.18750000600018,0
478,-1.0283136019963,0.00010347925914983,3.9508929835717,0.31250001000021,0
479,-0.97880851537099,2.3133162925797e-05,3.9508929835769,0.43750001400007,0
480,-1.1052530853573,5.6979781868653e-05,4.0848215592751,0.062500002000047,0
481,-1.0762721485813,0.00013569914252002,4.0848215592807,0.18750000600017,0
482,-1.0282956660583,0.0001073933157772,4.0848215592862,0.3125000100002,0
483,-0.978748724234,2.41573859209e-05,4.0848215592918,0.43750001400007,0
484,-1.1054627932466,5.8902179471586e-05,4.218750134989,0.062500002000044,0
485,-1.0763778026719,0.00014045859294986,4.2187501349949,0.18750000600017,0
486,-1.0282773057176,0.00011146493422907,4.2187501350008,0.31250001000019,0
487,-0.97868659985264,2.5233477634733e-05,4.2187501350067,0.43750001400007,0
488,-1.105679777643,6.0891912121697e-05,4.3526787107029,0.062500002000042,0
489,-1.0764874155421,0.00014538823530127,4.3526787107092,0.18750000600016,0
490,-1.0282585200439,0.00011570107495591,4.3526787107154,0.31250001000018,0
491,-0.97862204314178,2.6364453918296e-05,4.3526787107216,0.43750001400007,0
492,-1.1059042979029,6.2951591869741e-05,4.4866072864168,0.06250000200004,0
493,-1.076601142937,0.00015049441251547,4.4866072864234,0.18750000600015,0
494,-1.0282393090616,0.00012010904728818,4.48660728643,0.31250001000018,0
495,-0.9785549502841,2.7553528474471e-05,4.4866072864366,0.43750001400006,0
496,-1.1061366232336,6.5083950686709e-05,4.6205358621307,0.062500002000037,0
497,-1.0767191471971,0.00015578372266034,4.6205358621376,0.18750000600014,0
498,-1.0282196738568,0.00012469652983915,4.6205358621446,0.31250001000017,0
499,-0.97848521246969,2.8804127258772e-05,4.6205358621515,0.43750001400006,0
500,-1.1063770331118,6.7291846949762e-05,4.7544644378446,0.062500002000035,0
501,-1.0768415975701,0.00016126303034327,4.7544644378519,0.18750000600014,0
502,-1.028199616695,0.00012947159232289,4.7544644378591,0.31250001000016,0
503,-0.97841271561909,3.0119904123346e-05,4.7544644378664,0.43750001400006,0
504,-1.106625817723,6.9578272285324e-05,4.8883930135585,0.062500002000033,0
505,-1.0769686705393,0.00016693947866329,4.8883930135661,0.18750000600013,0
506,-1.0281791411486,0.00013444271890353,4.8883930135737,0.31250001000015,0
507,-0.97833734008831,3.1504757659035e-05,4.8883930135813,0.43750001400006,0
508,-1.1068832784227,7.1946358835211e-05,5.0223215892724,0.062500002000031,0
509,-1.0771005501703,0.00017282050174487,5.0223215892804,0.18750000600012,0
510,-1.0281582522365,0.00013961883320106,5.0223215892883,0.31250001000015,0
511,-0.97825896035472,3.2962849426155e-05,5.0223215892963,0.43750001400005,0
512,-1.1071497282199,7.4399386928838e-05,5.1562501649863,0.062500002000028,0
513,-1.0772374284775,0.00017891383786205,5.1562501649946,0.18750000600011,0
514,-1.0281369565765,0.0001450093250818,5.1562501650029,0.31250001000014,0
515,-0.9781774446821,3.4498623793981e-05,5.1562501650112,0.43750001400005,0
516,-1.1074254922849,7.6940793207777e-05,5.2901787407002,0.062500002000026,0
517,-1.0773795058103,0.00018522754318484,5.2901787407088,0.18750000600011,0
518,-1.028115262552,0.00015062407939908,5.2901787407175,0.31250001000013,0
519,-0.97809265476347,3.6116829391348e-05,5.2901787407261,0.43750001400005,0
520,-1.1077109084822,7.9574179225097e-05,5.4241073164141,0.062500002000024,0
521,-1.0775269912629,0.0001917700061614,5.4241073164231,0.1875000060001,0
522,-1.0280931804936,0.00015647350684234,5.424107316432,0.31250001000012,0
523,-0.97800444533977,3.7822542408936e-05,5.424107316441,0.43750001400005,0
524,-1.1080063279299,8.2303320526028e-05,5.558035892128,0.062500002000021,0
525,-1.0776801031061,0.0001985499625655,5.5580358921373,0.18750000600009,0
526,-1.0280707228775,0.00016256857708577,5.5580358921466,0.31250001000012,0
527,-0.97791266379267,3.9621191909413e-05,5.5580358921559,0.43750001400005,0
528,-1.1083121155874,8.5132176307632e-05,5.6919644678419,0.062500002000019,0
529,-1.0778390692458,0.00020557651121807,5.6919644678516,0.18750000600008,0
530,-1.0280479045431,0.00016892085442912,5.6919644678612,0.31250001000011,0
531,-0.97781714970924,4.1518587363607e-05,5.6919644678709,0.43750001400004,0
532,-1.1086286508722,8.8064899524747e-05,5.8258930435558,0.062500002000017,0
533,-1.0780041277079,0.00021285913040102,5.8258930435658,0.18750000600008,0
534,-1.02802474293,0.00017554253615117,5.8258930435758,0.3125000100001,0
535,-0.97771773441642,4.3520948605482e-05,5.8258930435858,0.43750001400004,0
536,-1.1089563283082,9.1105847716173e-05,5.9598216192697,0.062500002000015,0
537,-1.078175527152,0.00022040769499597,5.95982161928,0.18750000600007,0
538,-1.0280012583379,0.00018244649384028,5.9598216192904,0.31250001000009,0
539,-0.97761424048262,4.5634938481702e-05,5.9598216193007,0.43750001400004,0
540,-1.1092955582063,9.4259594311628e-05,6.0937501949836,0.062500002000012,0
541,-1.0783535274166,0.00022823249431221,6.0937501949943,0.18750000600006,0
542,-1.0279774742108,0.00018964631793723,6.093750195005,0.31250001000009,0
543,-0.97750648118383,4.7867698459926e-05,6.0937501950156,0.43750001400004,0
544,-1.1096467673791,9.7530940693944e-05,6.2276787706975,0.06250000200001,0
545,-1.0785384000974,0.00023634425066995,6.2276787707085,0.18750000600005,0
546,-1.0279534174483,0.00019715636582071,6.2276787707195,0.31250001000008,0
547,-0.97739425993125,5.0226887480716e-05,6.2276787707305,0.43750001400003,0
548,-1.1100103998925,0.00010092492884741,6.3616073464114,0.062500002000008,0
549,-1.0787304291613,0.0002447541386699,6.3616073464228,0.18750000600005,0
550,-1.0279291187469,0.0002049918137442,6.3616073464341,0.31250001000007,0
551,-0.97727736965712,5.2720724503791e-05,6.3616073464455,0.43750001400003,0
552,-1.1103869178538,0.00010444685477199,6.4955359221253,0.062500002000005,0
553,-1.0789299115993,0.00025347380518097,6.495535922137,0.18750000600004,0
554,-1.0279046129738,0.00021316871300276,6.4955359221487,0.31250001000006,0
555,-0.97715559215513,5.5358034991071e-05,6.4955359221604,0.43750001400003,0
556,-1.1107768022408,0.00010810228262373,6.6294644978392,0.062500002000003,0
557,-1.0791371581198,0.00026251539002717,6.6294644978512,0.18750000600003,0
558,-1.0278799395773,0.00022170405071756,6.6294644978633,0.31250001000006,0
559,-0.97702869737156,5.8148301811519e-05,6.6294644978753,0.43750001400003,0
560,-1.1111805537714,0.00011189705962528,6.7633930735531,0.062500002000001,0
561,-1.0793524938876,0.00027189154731124,6.7633930735655,0.18750000600002,0
562,-1.0278551430378,0.00023061581571009,6.7633930735779,0.31250001000005,0
563,-0.97689644264255,6.1101721176207e-05,6.7633930735902,0.43750001400002,0
564,-1.1115986938174,0.00011583733178193,6.897321649267,0.062500001999999,0
565,-1.0795762593098,0.00028161546734021,6.8973216492797,0.18750000600002,0
566,-1.0278302733626,0.00023992306992666,6.8973216492924,0.31250001000004,0
567,-0.97675857187286,6.4229264012126e-05,6.8973216493052,0.43750001400002,0
568,-1.1120317653632,0.00011992956043552,7.0312502249809,0.062500001999996,0
569,-1.0798088108737,0.00029170089910069,7.031250224994,0.18750000600001,0
570,-1.0278053866311,0.00024964602601162,7.031250225007,0.31250001000003,0
571,-0.97661481465066,6.7542743489171e-05,7.0312502250201,0.43750001400002,0
572,-1.112480334012,0.00012418053971059,7.1651788006948,0.062500001999994,0
573,-1.0800505220408,0.0003021621731742,7.1651788007082,0.187500006,0
574,-1.0277805455936,0.00025980613159671,7.1651788007216,0.31250001000003,0
575,-0.97646488529244,7.1054889362302e-05,7.165178800735,0.43750001400002,0
576,-1.1129449890419,0.00012859741484306,7.2991073764087,0.062500001999992,0
577,-1.0803017842004,0.00031301422497959,7.2991073764224,0.18750000599999,0
578,-1.0277558203329,0.00027042616103591,7.2991073764362,0.31250001000002,0
579,-0.97630848181153,7.4779429985187e-05,7.2991073764499,0.43750001400001,0
580,-1.1134263445117,0.00013318770145097,7.4330359521227,0.062500001999989,0
581,-1.0805630076883,0.00032427261820807,7.4330359521367,0.18750000599999,0
582,-1.027731288992,0.00028153031531472,7.4330359521507,0.31250001000001,0
583,-0.97614528480276,7.8731182900214e-05,7.4330359521647,0.43750001400001,0
584,-1.1139250404216,0.00013795930577278,7.5669645278371,0.062500001999987,0
585,-1.0808346228767,0.00033595356825427,7.5669645278511,0.18750000599998,0
586,-1.0277070385789,0.00029314433103159,7.5669645278651,0.31250001,0
587,-0.97597495623545,8.2926155104927e-05,7.5669645278792,0.43750001400001,0
588,-1.1144417439273,0.00014292054583433,7.7008931035519,0.062500001999985,0
589,-1.0811170813389,0.00034807396539215,7.7008931035656,0.18750000599997,0
590,-1.0276831658556,0.00030529559938827,7.7008931035794,0.31250001,0
591,-0.97579713814539,8.7381653985004e-05,7.7008931035932,0.43750001400001,0
592,-1.1149771506108,0.00014808017368186,7.8348216792668,0.062500001999983,0
593,-1.0814108570977,0.00036065139744954,7.8348216792802,0.18750000599997,0
594,-1.0276597783212,0.00031801329617906,7.8348216792937,0.31250000999999,0
595,-0.97561145121565,9.2116410507635e-05,7.8348216793071,0.43750001400001,0
596,-1.1155319858092,0.00015344739858215,7.9687502549817,0.06250000199998,0
597,-1.0817164479627,0.00037370417156725,7.9687502549948,0.18750000599996,0
598,-1.0276369953017,0.000331328524052,7.9687502550079,0.31250000999998,0
599,-0.9754174932355,9.7150716319227e-05,7.968750255021,0.437500014,0
600,-1.1161070060022,0.00015903191123934,8.1026788306966,0.062500001999978,0
601,-1.082034376965,0.00038725133465176,8.1026788307094,0.18750000599995,0
602,-1.0276149491582,0.00034527446843001,8.1026788307222,0.31250000999997,0
603,-0.97521483742426,0.00010250657619005,8.102678830735,0.437500014,0
604,-1.1167030002586,0.00016484390908038,8.2366074064115,0.062500001999976,0
605,-1.0823651938971,0.00040131269196335,8.2366074064239,0.18750000599994,0
606,-1.0275937866279,0.00035988656850926,8.2366074064364,0.31250000999997,0
607,-0.97500303060611,0.00010820787820519,8.2366074064489,0.437500014,0
608,-1.1173207917434,0.00017089412245049,8.3705359821264,0.062500001999973,0
609,-1.0827094769684,0.00041590882320181,8.3705359821385,0.18750000599994,0
610,-1.0275736703161,0.00037520270506324,8.3705359821507,0.31250000999996,0
611,-0.97478159122004,0.00011428058395487,8.3705359821628,0.437500014,0
612,-1.1179612392845,0.0001771938419054,8.5044645578413,0.062500001999971,0
613,-1.0830678345843,0.00043106109529672,8.5044645578531,0.18750000599993,0
614,-1.0275547803566,0.00039126340692083,8.5044645578649,0.31250000999995,0
615,-0.974550007147,0.00012075294154056,8.5044645578767,0.43750001399999,0
616,-1.1186252389968,0.00018375494638714,8.6383931335562,0.062500001999969,0
617,-1.0834409072625,0.0004467916709647,8.6383931335677,0.18750000599992,0
618,-1.027537316263,0.00040811207829651,8.6383931335792,0.31250000999994,0
619,-0.97430773333413,0.00012765572461234,8.6383931335906,0.43750001399999,0
620,-1.1193137259646,0.00019058993231956,8.7723217092711,0.062500001999967,0
621,-1.0838293696968,0.00046312351184106,8.7723217092822,0.18750000599991,0
622,-1.0275214989957,0.00042579524934991,8.7723217092934,0.31250000999994,0
623,-0.97405418919331,0.00013502250112888,8.7723217093046,0.43750001399999,0
624,-1.120027675977,0.00019771194364047,8.906250284986,0.062500001999964,0
625,-1.0842339329825,0.00048008037487991,8.9062502849968,0.18750000599991,0
626,-1.0275075732729,0.00044436285270975,8.9062502850076,0.31250000999993,0
627,-0.97378875574823,0.00014288993623279,8.9062502850185,0.43750001399999,0
628,-1.1207681073124,0.00020513480253662,9.0401788607008,0.062500001999962,0
629,-1.0846553470191,0.00049768680029243,9.0401788607114,0.1875000059999,0
630,-1.027495810159,0.00046386852900774,9.0401788607219,0.31250000999992,0
631,-0.9735107725009,0.00015129813434597,9.0401788607324,0.43750001399998,0
632,-1.1215360825677,0.00021287304098663,9.1741074364157,0.06250000199996,0
633,-1.0850944031048,0.00051596808906942,9.1741074364259,0.18750000599989,0
634,-1.0274865099672,0.00048436996486387,9.1741074364361,0.31250000999991,0
635,-0.97321953398433,0.00016029102647921,9.1741074364463,0.43750001399998,0
636,-1.1223327105225,0.00022094193293653,9.3080360121306,0.062500001999957,0
637,-1.0855519367415,0.00053495026765738,9.3080360121405,0.18750000599988,0
638,-1.0274800055218,0.00050592926725753,9.3080360121504,0.31250000999991,0
639,-0.97291428596366,0.00016991680968942,9.3080360121603,0.43750001399998,0
640,-1.12315914803,0.00022935752706254,9.4419645878455,0.062500001999955,0
641,-1.0860288306714,0.00055466003693704,9.4419645878551,0.18750000599988,0
642,-1.027476665828,0.00052861337861953,9.4419645878646,0.3125000099999,0
643,-0.97259422124274,0.00018022844698948,9.4419645878742,0.43750001399998,0
644,-1.1240166019199,0.00023813668002186,9.5758931635604,0.062500001999953,0
645,-1.0865260181637,0.00057512470205348,9.5758931635697,0.18750000599987,0
646,-1.0274769002102,0.0005524945376463,9.5758931635789,0.31250000999989,0
647,-0.97225847502677,0.00019128423766966,9.5758931635881,0.43750001399997,0
648,-1.1249063308986,0.00024729709027754,9.7098217392753,0.062500001999951,0
649,-1.0870444865785,0.00059637207894316,9.7098217392842,0.18750000599986,0
650,-1.0274811629859,0.00057765079141013,9.7098217392931,0.31250000999988,0
651,-0.97190611978474,0.00020314846946346,9.709821739302,0.43750001399997,0
652,-1.125829647426,0.00025685733233752,9.8437503149902,0.062500001999948,0
653,-1.0875852812313,0.000618430372635,9.8437503149988,0.18750000599985,0
654,-1.0274899587538,0.00060416656506768,9.8437503150074,0.31250000999988,0
655,-0.97153615954663,0.00021589216650166,9.8437503150159,0.43750001399997,0
656,-1.126787919544,0.00026683689166543,9.9776788907051,0.062500001999946,0
657,-1.088149509588,0.00064132802134225,9.9776788907134,0.18750000599985,0
658,-1.0275038483889,0.00063213329625826,9.9776788907216,0.31250000999987,0
659,-0.97114752356096,0.00022959394964238,9.9776788907299,0.43750001399997,0
660,-1.1277825726254,0.00027725620043623,10.11160746642,0.062500001999944,0
661,-1.0887383458216,0.00066509349931084,10.111607466428,0.18750000599984,0
662,-1.0275234558533,0.00066165014216739,10.111607466436,0.31250000999986,0
663,-0.97073905922629,0.00024434102900981,10.111607466444,0.43750001399996,0
664,-1.1288150910084,0.00028813667449917,10.245536042135,0.062500001999941,0
665,-1.0893530357628,0.00068975506984213,10.245536042143,0.18750000599983,0
666,-1.0275494759478,0.00069282476818422,10.24553604215,0.31250000999985,0
667,-0.97030952419711,0.00026023035266266,10.245536042158,0.43750001399996,0
668,-1.1298870194689,0.00029950075243679,10.37946461785,0.062500001999939,0
669,-1.089994902284,0.00071534047838887,10.379464617857,0.18750000599982,0
670,-1.0275826831551,0.00072577422813285,10.379464617864,0.31250000999985,0
671,-0.9698575775483,0.00027736994034932,10.379464617872,0.43750001399996,0
672,-1.1309999644792,0.00031137193765251,10.513393193565,0.062500001999937,0
673,-1.0906653511528,0.00074187657344689,10.513393193572,0.18750000599982,0
674,-1.027623941748,0.00076062594720359,10.513393193579,0.31250000999984,0
675,-0.96938176986356,0.00029588043734259,10.513393193586,0.43750001399996,0
676,-1.1321555951878,0.00032377484526741,10.64732176928,0.062500001999935,0
677,-1.0913658774007,0.00076938884079878,10.647321769286,0.18750000599981,0
678,-1.0276742173719,0.00079751881984297,10.647321769293,0.31250000999983,0
679,-0.96888053209062,0.00031589693108064,10.647321769299,0.43750001399996,0
680,-1.1333556440422,0.00033673525638314,10.781250344995,0.062500001999932,0
681,-1.0920980722497,0.00079790083366885,10.781250345001,0.1875000059998,0
682,-1.0277345903462,0.00083660443611786,10.781250345007,0.31250000999982,0
683,-0.96835216297944,0.00033757108296871,10.781250345013,0.43750001399995,0
684,-1.1346019069665,0.00035028018308145,10.915178920709,0.06250000199993,0
685,-1.0928636306439,0.00082743347804726,10.915178920715,0.18750000599979,0
686,-1.0278062709761,0.00087804845114582,10.915178920721,0.31250000999982,0
687,-0.96779481488752,0.00036107363937506,10.915178920727,0.43750001399995,0
688,-1.1358962429843,0.00036443794949255,11.049107496424,0.062500001999928,0
689,-1.0936643594361,0.00085800422856922,11.04910749643,0.18750000599979,0
690,-1.0278906172244,0.00092203211332226,11.049107496436,0.31250000999981,0
691,-0.96720647769804,0.00038659740112651,11.049107496441,0.43750001399995,0
692,-1.1372405731628,0.00037923829559069,11.183036072139,0.062500001999925,0
693,-1.0945021862754,0.00088962604562161,11.183036072145,0.18750000599978,0
694,-1.0279891551577,0.00096875396773782,11.18303607215,0.3125000099998,0
695,-0.96658496055075,0.00041436074954871,11.183036072155,0.43750001399995,0
696,-1.138636878731,0.00039471251363034,11.316964647854,0.062500001999923,0
697,-1.0953791692457,0.00092230615903042,11.316964647859,0.18750000599977,0
698,-1.0281036026669,0.0010184317514892,11.316964647864,0.31250000999979,0
699,-0.9659278710296,0.00044461185122762,11.316964647869,0.43750001399994,0
700,-1.140087198205,0.0004108936300169,11.450893223569,0.062500001999921,0
701,-1.0962975072943,0.00095604457749772,11.450893223574,0.18750000599977,0
702,-1.0282358970617,0.001071304497076,11.450893223578,0.31250000999979,0
703,-0.96523259138376,0.00047763369423471,11.450893223583,0.43750001399994,0
704,-1.1415936233248,0.00042781664988717,11.584821799284,0.062500001999919,0
705,-1.0972595514884,0.00099083229598334,11.584821799288,0.18750000599976,0
706,-1.0283882272641,0.0011276348581886,11.584821799293,0.31250000999978,0
707,-0.96449625127676,0.00051375014768567,11.584821799297,0.43750001399994,0
708,-1.1431582935859,0.00044551888740748,11.718750374999,0.062500001999916,0
709,-1.0982678171205,0.001026649145665,11.718750375003,0.18750000599975,0
710,-1.0285630714778,0.0011877116686275,11.718750375007,0.31250000999977,0
711,-0.9637156964579,0.00055333328689041,11.718750375011,0.43750001399994,0
712,-1.1447833891197,0.00046404041175966,11.852678950714,0.062500001999914,0
713,-1.099324996662,0.0010634612236374,11.852678950717,0.18750000599974,0
714,-1.0287632414017,0.0012518527389126,11.852678950721,0.31250000999976,0
715,-0.96288745262716,0.00059681229197458,11.852678950725,0.43750001399993,0
716,-1.1464711216503,0.00048342464686648,11.986607526429,0.062500001999912,0
717,-1.1004339735378,0.0011012178310822,11.986607526432,0.18750000599974,0
718,-1.0289919342865,0.001320407883922,11.986607526435,0.31250000999976,0
719,-0.96200768361489,0.00064468431211509,11.986607526439,0.43750001399993,0
720,-1.148223723232,0.00050371916943336,12.120536102143,0.062500001999909,0
721,-1.1015978366403,0.0011398478392234,12.120536102147,0.18750000599973,0
722,-1.0292527944292,0.0013937621546495,12.12053610215,0.31250000999975,0
723,-0.961072142812,0.00069752779419867,12.120536102153,0.43750001399993,0
724,-1.1500434324738,0.00052497675586539,12.254464677858,0.062500001999907,0
725,-1.1028198954564,0.0011792553951766,12.254464677861,0.18750000599972,0
726,-1.0295499860634,0.0014723392164102,12.254464677864,0.31250000999974,0
727,-0.960076116551,0.00075601891396585,12.254464677867,0.43750001399993,0
728,-1.1519324779934,0.00054725674662175,12.388393253573,0.062500001999905,0
729,-1.1041036956008,0.0012193148925992,12.388393253576,0.18750000599971,0
730,-1.0298882800669,0.0015566047844472,12.388393253578,0.31250000999973,0
731,-0.95901435783571,0.0008209519448541,12.38839325358,0.43750001399992,0
732,-1.1538930588153,0.00057062682877757,12.522321829288,0.062500001999903,0
733,-1.105453034405,0.0012598651722067,12.52232182929,0.18750000599971,0
734,-1.0302731574784,0.0016470699961568,12.522321829292,0.31250000999973,0
735,-0.95788100846143,0.00089326467983879,12.522321829294,0.43750001399992,0
736,-1.1559273212022,0.00059516530184752,12.656250405003,0.0625000019999,0
737,-1.1068719758667,0.0013007029098045,12.656250405005,0.1875000059997,0
738,-1.0307109334947,0.0017442944760882,12.656250405007,0.31250000999972,0
739,-0.95666950720527,0.00097407032253328,12.656250405008,0.43750001399992,0
740,-1.1580373313495,0.00062096362686481,12.790178980718,0.062500001999898,0
741,-1.1083648639368,0.0013415749615039,12.790178980719,0.18750000599969,0
742,-1.0312089064915,0.0018488884518848,12.790178980721,0.31250000999971,0
743,-0.95537248130496,0.0010646974148255,12.790178980722,0.43750001399992,0
744,-1.1602250448601,0.00064812876481282,12.924107556433,0.062500001999896,0
745,-1.109936333554,0.0013821693534265,12.924107556434,0.18750000599968,0
746,-1.0317755379195,0.001961512791593,12.924107556435,0.3125000099997,0
747,-0.95398161739966,0.0011667395655962,12.924107556436,0.43750001399992,0
748,-1.1624922766898,0.00067678558082471,13.058036132148,0.062500001999893,0
749,-1.1115913199034,0.0014221058233902,13.058036132149,0.18750000599968,0
750,-1.0324206709011,0.0020828764318272,13.058036132149,0.3125000099997,0
751,-0.95248750632491,0.0012821183195391,13.05803613215,0.43750001399991,0
752,-1.164840670686,0.00070708145806093,13.191964707863,0.062500001999891,0
753,-1.1133350630174,0.0014609293005268,13.191964707863,0.18750000599967,0
754,-1.0331557969546,0.002213732585514,13.191964707864,0.31250000999969,0
755,-0.95087945630969,0.0014131660922067,13.191964707864,0.43750001399991,0
756,-1.1672716450319,0.00073919139529905,13.325893283577,0.062500001999889,0
757,-1.1151730899718,0.0014981062491779,13.325893283578,0.18750000599966,0
758,-1.0339943786129,0.0023548710338178,13.325893283578,0.31250000999968,0
759,-0.94914527589733,0.0015627341920049,13.325893283578,0.43750001399991,0
763,-0.94727103218972,0.0017343075530644,13.459821859292,0.43750001399991,0
762,-1.0349522324389,0.0025070805523547,13.459821859292,0.31250000999967,0
761,-1.1171111489579,0.001533004615778,13.459821859292,0.18750000599965,0
760,-1.1697862832687,0.00077330218569882,13.459821859292,0.062500001999887,0
767,-0.94524075272641,0.001932081690744,13.593750435006,0.4375000139999,0
766,-1.0360479921533,0.0026710350658969,13.593750435006,0.31250000999967,0
765,-1.1191551343881,0.001564831540649,13.593750435006,0.18750000599965,0
764,-1.1723852578978,0.0008095437619211,13.593750435006,0.062500001999884,0
771,-0.94303596652801,0.0021610455554025,13.727679010719,0.4375000139999,0
770,-1.0373037263396,0.0028471434138899,13.727679010719,0.31250000999966,0
769,-1.1213111608596,0.0015926024251061,13.727679010719,0.18750000599964,0
768,-1.1750690532806,0.00084792040266462,13.72767901072,0.062500001999882,0
775,-0.94063513286498,0.0024273557648619,13.861607586433,0.4375000139999,0
774,-1.0387457807712,0.0030356004664164,13.861607586433,0.31250000999965,0
773,-1.1235856864216,0.001615373265155,13.861607586433,0.18750000599963,0
772,-1.1778382750709,0.0008884282391712,13.861607586433,0.06250000199988,0
779,-0.93801375519991,0.002738970687695,13.995536162147,0.4375000139999,0
778,-1.040405538692,0.0032365397266223,13.995536162147,0.31250000999964,0
777,-1.1259844187024,0.0016325693249256,13.995536162147,0.18750000599962,0
776,-1.1806920774605,0.00093117133516438,13.995536162147,0.062500001999877,0
783,-0.93514631014175,0.0031041870643232,14.129464737861,0.43750001399989,0
782,-1.0423191399488,0.0034482751443131,14.129464737861,0.31250000999964,0
781,-1.1285083916825,0.001642755393735,14.129464737861,0.18750000599962,0
780,-1.1836229919051,0.00097502649402935,14.129464737861,0.062500001999875,0
787,-0.93200735500923,0.0035233930182166,14.263393313574,0.43750001399989,0
786,-1.0445264543352,0.0036603825636647,14.263393313574,0.31250000999963,0
785,-1.1311516191134,0.0016394712262659,14.263393313574,0.18750000599961,0
784,-1.1866161576388,0.0010139383162886,14.263393313574,0.062500001999873,0
791,-0.92856239547536,0.003978999691785,14.397321889288,0.43750001399989,0
790,-1.047075501106,0.003847177724306,14.397321889288,0.31250000999962,0
789,-1.1339143280889,0.0016111594355557,14.397321889288,0.1875000059996,0
788,-1.1896702923003,0.0010367695231197,14.397321889288,0.062500001999871,0
795,-0.92475509762211,0.0044551795029275,14.531250465002,0.43750001399989,0
794,-1.0500373874303,0.0039855042565832,14.531250465002,0.31250000999961,0
793,-1.1368206628718,0.0015594496534793,14.531250465002,0.18750000599959,0
792,-1.1928133065953,0.0010386831178297,14.531250465002,0.062500001999868,0
799,-0.92057192152631,0.0049873789908495,14.665179040716,0.43750001399988,0
798,-1.0534869767499,0.0040881799792012,14.665179040716,0.31250000999961,0
797,-1.1398318683566,0.0015099912654996,14.665179040716,0.18750000599959,0
796,-1.1959815022761,0.0010178198479481,14.665179040716,0.062500001999866,0
803,-0.91629214657264,0.0054785903544803,14.799107616429,0.43750001399988,0
802,-1.057320998105,0.0040685470844235,14.799107616429,0.3125000099996,0
801,-1.1425576290455,0.0014117304434773,14.799107616429,0.18750000599958,0
800,-1.1987431628879,0.00090727061573151,14.799107616429,0.062500001999864,0
807,-0.9126050475782,0.0047954578437105,14.933036192143,0.43750001399988,0
806,-1.0610362803718,0.0031965483222536,14.933036192143,0.31250000999959,0
805,-1.1442537578574,0.00098419891782444,14.933036192143,0.18750000599957,0
804,-1.2004540988995,0.00056224390700275,14.933036192143,0.062500001999861,0
