r_cg,z_cg,ur_les,uz_les,yw,nut
6.252020286136e-02,-1.028290683193e+01,4.642000000000e-02,-6.562000000000e-02,9.115993716798e-05,2.405915773948e-03
1.875525269899e-01,-1.028136040851e+01,1.361200000000e-01,-6.212000000000e-02,9.115993499118e-05,2.123852281163e-03
3.125606093729e-01,-1.027842860149e+01,2.184800000000e-01,-5.105000000000e-02,9.115993692814e-05,2.095374552561e-03
4.375282932444e-01,-1.027411178783e+01,2.914000000000e-01,-4.091000000000e-02,9.115993729993e-05,2.170158137757e-03
5.625689991599e-01,-1.026824147234e+01,3.535600000000e-01,-2.888000000000e-02,9.155877862888e-05,2.267008647935e-03
6.876663884244e-01,-1.026081538385e+01,4.066300000000e-01,-1.430000000000e-02,9.155877850689e-05,2.344230165445e-03
8.126745066520e-01,-1.025200050378e+01,4.493300000000e-01,-1.100000000000e-04,9.155878009067e-05,2.383470971619e-03
9.375771253876e-01,-1.024179797056e+01,4.816300000000e-01,1.311000000000e-02,9.155877940083e-05,2.392299987093e-03
1.131022334664e+00,-1.022238301592e+01,5.174700000000e-01,3.239000000000e-02,4.092211296042e-04,2.310457719513e-03
1.392682075739e+00,-1.019121773367e+01,5.404700000000e-01,5.576000000000e-02,4.092211296684e-04,2.161504684385e-03
6.251807645492e-02,-1.018278244109e+01,3.733000000000e-02,-2.000000000000e-01,1.001243908621e-01,6.578134471272e-03
1.875469984647e-01,-1.018106016476e+01,1.099600000000e-01,-1.896000000000e-01,1.003002439046e-01,6.021279450235e-03
3.125542304916e-01,-1.017809833467e+01,1.779100000000e-01,-1.727300000000e-01,1.003302670143e-01,5.355666797982e-03
4.375253164819e-01,-1.017389728813e+01,2.377100000000e-01,-1.558400000000e-01,1.002144997437e-01,4.627143235614e-03
5.625617379852e-01,-1.016796627989e+01,2.860000000000e-01,-1.317800000000e-01,1.002751927142e-01,3.991313331805e-03
6.876488761692e-01,-1.016030327786e+01,3.237900000000e-01,-1.080400000000e-01,1.005121075227e-01,3.475032592230e-03
1.653492402997e+00,-1.015360009227e+01,5.420600000000e-01,7.560000000000e-02,4.092211307988e-04,2.005285892628e-03
8.126561402676e-01,-1.015139767283e+01,3.556100000000e-01,-8.595000000000e-02,1.006028326315e-01,3.096524972977e-03
9.375690100836e-01,-1.014125048340e+01,3.811900000000e-01,-6.504000000000e-02,1.005474874882e-01,2.814853135932e-03
1.129614787787e+00,-1.012193634354e+01,4.062000000000e-01,-3.454000000000e-02,1.004565337802e-01,2.507958823508e-03
1.913294229094e+00,-1.010955303574e+01,5.297600000000e-01,9.068000000000e-02,4.092211325217e-04,1.858743025223e-03
1.388461338640e+00,-1.009088315508e+01,4.234600000000e-01,-9.200000000000e-04,1.004233154336e-01,2.320229716910e-03
6.251595004847e-02,-1.008265805025e+01,3.142000000000e-02,-3.079600000000e-01,2.002487817245e-01,4.626062069852e-03
1.875414699395e-01,-1.008075992101e+01,9.146000000000e-02,-2.954900000000e-01,2.006004878095e-01,4.371510149749e-03
3.125478516103e-01,-1.007776806786e+01,1.450200000000e-01,-2.719900000000e-01,2.006605340285e-01,3.834729053189e-03
4.375223397193e-01,-1.007368278843e+01,1.916100000000e-01,-2.454400000000e-01,2.004289994870e-01,3.202185403211e-03
5.625544768105e-01,-1.006769108744e+01,2.275100000000e-01,-2.121800000000e-01,2.005503854279e-01,2.681140718423e-03
6.876313639140e-01,-1.005979117186e+01,2.574100000000e-01,-1.798200000000e-01,2.010242150450e-01,2.317382244435e-03
2.171929080762e+00,-1.005910343012e+01,5.062400000000e-01,1.009100000000e-01,4.092211289271e-04,1.724670112375e-03
1.646463339496e+00,-1.005345515336e+01,4.238500000000e-01,2.640000000000e-02,1.003913169699e-01,2.119272464669e-03
8.126377738832e-01,-1.005079484187e+01,2.794400000000e-01,-1.519800000000e-01,2.012056652626e-01,2.138437435091e-03
9.375608947797e-01,-1.004070299624e+01,2.960400000000e-01,-1.231500000000e-01,2.010949749761e-01,2.095084836951e-03
1.128207240910e+00,-1.002148967117e+01,3.112900000000e-01,-8.555000000000e-02,2.009130675600e-01,2.214792445253e-03
1.903463813978e+00,-1.000967510604e+01,4.161800000000e-01,4.790000000000e-02,1.003605395696e-01,1.925460154184e-03
2.429239196880e+00,-1.000228204687e+01,4.786600000000e-01,1.083400000000e-01,4.092211281324e-04,1.603122503175e-03
1.384240601540e+00,-9.990548576485e+00,3.147700000000e-01,-4.321000000000e-02,2.008466308669e-01,2.350672796566e-03
6.251382364202e-02,-9.982533659414e+00,2.532000000000e-02,-3.989900000000e-01,3.003731725872e-01,3.576151249675e-03
1.875359414143e-01,-9.980459677256e+00,7.369000000000e-02,-3.804200000000e-01,3.009007317143e-01,3.463336237039e-03
3.125414727290e-01,-9.977437801051e+00,1.179000000000e-01,-3.517100000000e-01,3.009908010427e-01,3.024974195625e-03
4.375193629567e-01,-9.973468288732e+00,1.534100000000e-01,-3.168400000000e-01,3.006434992303e-01,2.444086158166e-03
5.625472156358e-01,-9.967415894987e+00,1.809100000000e-01,-2.754400000000e-01,3.008255781416e-01,1.926913341900e-03
2.159306393826e+00,-9.959569645920e+00,4.054300000000e-01,6.494000000000e-02,1.003309843571e-01,1.728481959703e-03
6.876138516589e-01,-9.959279065863e+00,2.019600000000e-01,-2.370200000000e-01,3.015363225673e-01,1.531051976106e-03
1.639434275995e+00,-9.953310214455e+00,3.056200000000e-01,-1.351000000000e-02,2.007826339395e-01,2.365396389686e-03
8.126194074988e-01,-9.950192010917e+00,2.186800000000e-01,-2.011400000000e-01,3.018084978936e-01,1.321799966485e-03
9.375527794757e-01,-9.940155509083e+00,2.303100000000e-01,-1.678600000000e-01,3.016424624639e-01,1.293436437927e-03
2.685067625564e+00,-9.939123543919e+00,4.493100000000e-01,1.147900000000e-01,4.092211296896e-04,1.493670530134e-03
1.126799694033e+00,-9.921042998796e+00,2.370300000000e-01,-1.211300000000e-01,3.013696013399e-01,1.517325275654e-03
1.893633398863e+00,-9.909797176339e+00,2.925800000000e-01,1.003000000000e-02,2.007210791389e-01,2.324657946487e-03
2.413835415534e+00,-9.903169254552e+00,3.934600000000e-01,7.860000000000e-02,1.003026524148e-01,1.529698035826e-03
1.380019864440e+00,-9.890213997895e+00,2.324900000000e-01,-7.332000000000e-02,3.012699463001e-01,1.765544349933e-03
6.251169723557e-02,-9.882409268574e+00,2.097000000000e-02,-4.705300000000e-01,4.004975634498e-01,2.904144279916e-03
1.875304128890e-01,-9.880159433504e+00,5.894000000000e-02,-4.481400000000e-01,4.012009756193e-01,2.837589766816e-03
3.125350938477e-01,-9.877107534239e+00,9.466000000000e-02,-4.139400000000e-01,4.013210680572e-01,2.494805145898e-03
4.375163861942e-01,-9.873253789032e+00,1.219200000000e-01,-3.701400000000e-01,4.008579989738e-01,1.981415242903e-03
2.939258317959e+00,-9.869666444843e+00,4.209200000000e-01,1.183000000000e-01,4.092211295248e-04,1.395221284596e-03
5.625399544610e-01,-9.867140702536e+00,1.423500000000e-01,-3.227900000000e-01,4.011007708555e-01,1.477606550101e-03
2.146683706889e+00,-9.860035861723e+00,2.801600000000e-01,2.665000000000e-02,2.006619687140e-01,2.234751137904e-03
6.875963394037e-01,-9.858766959866e+00,1.608400000000e-01,-2.803400000000e-01,4.020484300899e-01,1.020038711332e-03
1.632405212494e+00,-9.853165275545e+00,2.191200000000e-01,-3.872000000000e-02,3.011739509091e-01,1.875709204613e-03
8.126010411144e-01,-9.849589179963e+00,1.723100000000e-01,-2.386500000000e-01,4.024113305250e-01,6.909761913009e-04
2.666896015941e+00,-9.840508243460e+00,3.771900000000e-01,8.972000000000e-02,1.002755447793e-01,1.333774421482e-03
9.375446641718e-01,-9.839608021922e+00,1.783900000000e-01,-1.986700000000e-01,4.021899499517e-01,5.960078785499e-04
1.125392147155e+00,-9.820596326422e+00,1.803600000000e-01,-1.459000000000e-01,4.018261351196e-01,8.576893906359e-04
1.883802983747e+00,-9.809919246639e+00,2.047900000000e-01,-1.439000000000e-02,3.010816187082e-01,1.914867429363e-03
2.398431634188e+00,-9.804056462231e+00,2.686100000000e-01,4.124000000000e-02,2.006053048293e-01,2.114399154155e-03
3.191656224419e+00,-9.793953115183e+00,3.898500000000e-01,1.207000000000e-01,4.092211330139e-04,1.306385187762e-03
1.375799127340e+00,-9.789879419304e+00,1.740600000000e-01,-9.327000000000e-02,4.016932617334e-01,1.135491511105e-03
6.250957082913e-02,-9.782284877733e+00,1.642000000000e-02,-5.281000000000e-01,5.006219543127e-01,2.504701636934e-03
1.875248843638e-01,-9.779859189751e+00,4.756000000000e-02,-5.034400000000e-01,5.015012195248e-01,2.482212924154e-03
3.125287149663e-01,-9.776777267427e+00,7.522000000000e-02,-4.640900000000e-01,5.016513350720e-01,2.244184138683e-03
4.375134094316e-01,-9.773039289332e+00,9.734000000000e-02,-4.123100000000e-01,5.010724987179e-01,1.827154104704e-03
2.918334224472e+00,-9.771624733662e+00,3.619800000000e-01,9.865000000000e-02,1.002496624417e-01,1.143843459903e-03
5.625326932863e-01,-9.766865510085e+00,1.143200000000e-01,-3.606800000000e-01,5.013759635699e-01,1.388011341155e-03
2.134061019953e+00,-9.760502077526e+00,1.909900000000e-01,1.790000000000e-03,3.009929530709e-01,1.883576894649e-03
6.875788271485e-01,-9.758254853869e+00,1.273300000000e-01,-3.151700000000e-01,5.025605376127e-01,9.446975303605e-04
1.625376148993e+00,-9.753020336636e+00,1.595400000000e-01,-5.544000000000e-02,4.015652678787e-01,1.264680291742e-03
8.125826747300e-01,-9.748986349008e+00,1.350300000000e-01,-2.674300000000e-01,5.030141631565e-01,5.491534544860e-04
2.648724406317e+00,-9.741892943002e+00,2.555500000000e-01,4.918000000000e-02,2.005510895583e-01,1.982136197500e-03
9.375365488678e-01,-9.739060534762e+00,1.402200000000e-01,-2.234800000000e-01,5.027374374400e-01,2.500559547447e-04
1.123984600278e+00,-9.720149654049e+00,1.394500000000e-01,-1.641100000000e-01,5.022826688998e-01,3.874017778231e-04
3.442107388104e+00,-9.712029736926e+00,3.620800000000e-01,1.212400000000e-01,4.092211298817e-04,1.225837615843e-03
1.873972568631e+00,-9.710041316938e+00,1.432600000000e-01,-2.977000000000e-02,4.014421582775e-01,1.309929871129e-03
2.383027852843e+00,-9.704943669910e+00,1.747900000000e-01,1.367000000000e-02,3.009079572439e-01,1.810573600631e-03
3.167997057989e+00,-9.696560632190e+00,3.450400000000e-01,1.051500000000e-01,1.002250063591e-01,9.610774471383e-04
1.371578390241e+00,-9.689544840713e+00,1.293900000000e-01,-1.057400000000e-01,5.021165771670e-01,6.634946671924e-04
6.250744442268e-02,-9.682160486893e+00,1.271000000000e-02,-5.748700000000e-01,6.007463451756e-01,2.261281365817e-03
1.875193558386e-01,-9.679558945997e+00,3.836000000000e-02,-5.480600000000e-01,6.018014634304e-01,2.295254474813e-03
3.125223360850e-01,-9.676447000615e+00,6.091000000000e-02,-5.039500000000e-01,6.019816020872e-01,2.162720244508e-03
2.897410130985e+00,-9.673583022481e+00,2.469200000000e-01,5.831000000000e-02,2.004993248831e-01,1.849719183245e-03
4.375104326691e-01,-9.672824789632e+00,7.879000000000e-02,-4.472600000000e-01,6.012869984622e-01,1.848216220777e-03
5.625254321116e-01,-9.666590317633e+00,9.188000000000e-02,-3.913900000000e-01,6.016511562846e-01,1.491897836357e-03
2.121438333017e+00,-9.660968293329e+00,1.272800000000e-01,-1.419000000000e-02,4.013239374278e-01,1.283451668157e-03
6.875613148933e-01,-9.657742747872e+00,1.017100000000e-01,-3.403000000000e-01,6.030726451359e-01,1.113123419514e-03
1.618347085492e+00,-9.652875397726e+00,1.130900000000e-01,-6.629000000000e-02,5.019565848486e-01,7.531388793755e-04
8.125643083456e-01,-9.648383518052e+00,1.066200000000e-01,-2.881700000000e-01,6.036169957884e-01,7.636015994556e-04
2.630552796693e+00,-9.643277642544e+00,1.637100000000e-01,2.068000000000e-02,3.008266343374e-01,1.721418192730e-03
9.375284335639e-01,-9.638513047601e+00,1.085600000000e-01,-2.375000000000e-01,6.032849249284e-01,4.435525111147e-04
3.690459039599e+00,-9.623946280115e+00,3.345700000000e-01,1.211200000000e-01,4.092211305120e-04,1.152518763110e-03
1.122577053401e+00,-9.619702981675e+00,1.059800000000e-01,-1.753500000000e-01,6.027392026801e-01,1.805019383256e-04
3.415732612813e+00,-9.615361606962e+00,3.290400000000e-01,1.093500000000e-01,1.002015774451e-01,7.864180602595e-04
1.864142153516e+00,-9.610163387237e+00,9.839000000000e-02,-4.019000000000e-02,5.018026978471e-01,7.284818069864e-04
2.367624071497e+00,-9.605830877589e+00,1.137000000000e-01,-4.240000000000e-03,4.012106096586e-01,1.232474193850e-03
3.144337891560e+00,-9.599168149197e+00,2.411900000000e-01,6.546000000000e-02,2.004500127180e-01,1.723478894778e-03
1.367357653141e+00,-9.589210262122e+00,9.528000000000e-02,-1.151100000000e-01,6.025398926008e-01,3.762946849096e-04
6.250531801623e-02,-9.582036096053e+00,1.022000000000e-02,-6.121500000000e-01,7.008707360384e-01,2.121488721136e-03
1.875138273134e-01,-9.579258702245e+00,3.153000000000e-02,-5.848900000000e-01,7.021017073355e-01,2.213995300446e-03
3.125159572037e-01,-9.576116733803e+00,4.966000000000e-02,-5.365700000000e-01,7.023118691018e-01,2.173590988040e-03
2.876486037498e+00,-9.575541311299e+00,1.569500000000e-01,2.602000000000e-02,3.007489873246e-01,1.629361493709e-03
4.375074559065e-01,-9.572610289932e+00,6.340000000000e-02,-4.757300000000e-01,7.015014982062e-01,1.945347784020e-03
5.625181709369e-01,-9.566315125181e+00,7.412000000000e-02,-4.172400000000e-01,7.019263489991e-01,1.655203261729e-03
2.108815646080e+00,-9.561434509132e+00,8.489000000000e-02,-2.381000000000e-02,5.016549217850e-01,6.707522166283e-04
6.875438026381e-01,-9.557230641874e+00,8.134000000000e-02,-3.600600000000e-01,7.035847526589e-01,1.326877559895e-03
1.611318021991e+00,-9.552730458816e+00,8.171000000000e-02,-7.333000000000e-02,6.023479018187e-01,3.802759112940e-04
8.125459419612e-01,-9.547780687097e+00,8.460000000000e-02,-3.034900000000e-01,7.042198284201e-01,1.006633662742e-03
2.612381187070e+00,-9.544662342086e+00,1.036700000000e-01,1.640000000000e-03,4.011021791166e-01,1.179404416023e-03
9.375203182599e-01,-9.537965560440e+00,8.462000000000e-02,-2.497600000000e-01,7.038324124169e-01,6.803055318220e-04
3.936559690899e+00,-9.529756472124e+00,3.118000000000e-01,1.210200000000e-01,4.092211294402e-04,1.085673636598e-03
3.661390157734e+00,-9.528077058801e+00,3.150700000000e-01,1.140300000000e-01,1.001793765612e-01,6.222375960799e-04
1.121169506524e+00,-9.519256309301e+00,8.129000000000e-02,-1.858000000000e-01,7.031957364606e-01,2.918469576381e-04
3.389357837522e+00,-9.518693476998e+00,2.363400000000e-01,7.186000000000e-02,2.004031548899e-01,1.606059534184e-03
1.854311738400e+00,-9.510285457536e+00,6.891000000000e-02,-4.771000000000e-02,6.021632374169e-01,2.693805429751e-04
2.352220290151e+00,-9.506718085268e+00,7.446000000000e-02,-1.468000000000e-02,5.015132620734e-01,6.314301866808e-04
3.120678725130e+00,-9.501775666204e+00,1.525400000000e-01,3.100000000000e-02,3.006750190769e-01,1.540049996794e-03
1.363136916041e+00,-9.488875683531e+00,7.199000000000e-02,-1.215200000000e-01,7.029632080347e-01,2.332023242222e-04
6.250319160979e-02,-9.481911705213e+00,8.540000000000e-03,-6.428500000000e-01,8.009951269008e-01,2.050868654145e-03
1.875082987882e-01,-9.478958458492e+00,2.599000000000e-02,-6.149600000000e-01,8.024019512403e-01,2.195736960255e-03
2.855561944010e+00,-9.477499600118e+00,9.612000000000e-02,5.550000000000e-03,4.009986497661e-01,1.129667260493e-03
3.125095783224e-01,-9.475786466991e+00,4.062000000000e-02,-5.629700000000e-01,8.026421361163e-01,2.227967316500e-03
4.375044791440e-01,-9.472395790233e+00,5.161000000000e-02,-4.987000000000e-01,8.017159979501e-01,2.063759272381e-03
5.625109097622e-01,-9.466039932730e+00,5.961000000000e-02,-4.356500000000e-01,8.022015417135e-01,1.817766397772e-03
2.096192959144e+00,-9.461900724935e+00,5.670000000000e-02,-2.945000000000e-02,6.019859061423e-01,2.168567505743e-04
6.875262903830e-01,-9.456718535877e+00,6.444000000000e-02,-3.749900000000e-01,8.040968601818e-01,1.518200021555e-03
1.604288958490e+00,-9.452585519906e+00,5.975000000000e-02,-7.732000000000e-02,7.027392187888e-01,1.311666427496e-04
8.125275755768e-01,-9.447177856142e+00,6.621000000000e-02,-3.135900000000e-01,8.043994754799e-01,1.204648916639e-03
2.594209577446e+00,-9.446047041628e+00,6.529000000000e-02,-9.880000000000e-03,5.013777238959e-01,6.081960615724e-04
9.375122029559e-01,-9.437418073279e+00,6.592000000000e-02,-2.587300000000e-01,8.043798999051e-01,8.608349692929e-04
3.904820226627e+00,-9.434760091113e+00,3.011600000000e-01,1.178100000000e-01,1.001584045275e-01,4.714417381801e-04
3.632321275869e+00,-9.432207837488e+00,2.325800000000e-01,7.926000000000e-02,2.003587531222e-01,1.496919502812e-03
4.180259226423e+00,-9.429517765327e+00,2.917200000000e-01,1.216000000000e-01,4.092211276342e-04,1.024764100964e-03
3.362983062230e+00,-9.422025347033e+00,1.525400000000e-01,3.785000000000e-02,3.006047323349e-01,1.455849507296e-03
1.119761959647e+00,-9.418809636928e+00,6.238000000000e-02,-1.920900000000e-01,8.036522702408e-01,4.249920825730e-04
1.844481323285e+00,-9.410407527835e+00,4.946000000000e-02,-5.098000000000e-02,7.025237769867e-01,3.096385518541e-05
2.336816508805e+00,-9.407605292947e+00,5.067000000000e-02,-1.986000000000e-02,6.018159144884e-01,1.973169609813e-04
3.097019558700e+00,-9.404383183211e+00,9.323000000000e-02,8.290000000000e-03,4.009000254359e-01,1.083435914463e-03
1.358916178942e+00,-9.388541104940e+00,5.250000000000e-02,-1.239200000000e-01,8.033865234685e-01,1.809185227543e-04
6.250106520334e-02,-9.381787314374e+00,7.080000000000e-03,-6.682900000000e-01,9.011195177624e-01,2.018766719003e-03
2.834637850523e+00,-9.379457888936e+00,5.975000000000e-02,-7.950000000000e-03,5.012483122078e-01,5.937987529210e-04
1.875027702630e-01,-9.378658214740e+00,2.211000000000e-02,-6.393700000000e-01,9.027021951446e-01,2.209981211193e-03
3.125031994411e-01,-9.375456200180e+00,3.422000000000e-02,-5.850700000000e-01,9.029724031304e-01,2.300242307667e-03
4.375015023814e-01,-9.372181290533e+00,4.342000000000e-02,-5.165500000000e-01,9.019304976937e-01,2.184221148843e-03
5.625036485874e-01,-9.365764740278e+00,4.890000000000e-02,-4.505700000000e-01,9.024767344278e-01,1.967009852288e-03
2.083570272207e+00,-9.362366940738e+00,4.110000000000e-02,-3.398000000000e-02,7.023168904996e-01,2.224242547869e-05
6.875087781278e-01,-9.356206429879e+00,5.256000000000e-02,-3.861100000000e-01,9.044962589393e-01,1.681558034202e-03
1.597259894989e+00,-9.352440580996e+00,4.391000000000e-02,-7.997000000000e-02,8.031305357589e-01,6.488115108279e-05
2.576037967822e+00,-9.347431741169e+00,4.467000000000e-02,-1.642000000000e-02,6.016532686754e-01,1.956890685919e-04
8.125092091924e-01,-9.346575025187e+00,5.319000000000e-02,-3.220300000000e-01,9.039170899987e-01,1.361959354233e-03
3.873080762356e+00,-9.339763710102e+00,2.270200000000e-01,8.487000000000e-02,2.003168090548e-01,1.394376602703e-03
9.375040876520e-01,-9.336870586118e+00,5.223000000000e-02,-2.651000000000e-01,9.049273873938e-01,9.951683597396e-04
3.603252394005e+00,-9.336338616174e+00,1.538300000000e-01,4.447000000000e-02,3.005381296833e-01,1.377342072852e-03
4.145874708120e+00,-9.335467477962e+00,2.860900000000e-01,1.191100000000e-01,1.001386621265e-01,3.372018685162e-04
3.336608286939e+00,-9.325357217069e+00,9.395000000000e-02,1.355000000000e-02,4.008063097798e-01,1.040330009820e-03
4.421408995988e+00,-9.323291301512e+00,2.725900000000e-01,1.206900000000e-01,4.092211300307e-04,9.693715986166e-04
1.118354412770e+00,-9.318362964554e+00,4.936000000000e-02,-1.949800000000e-01,9.037498720032e-01,5.249700732743e-04
1.834650908169e+00,-9.310529598133e+00,3.696000000000e-02,-5.357000000000e-02,8.028843165564e-01,2.075937211661e-05
2.321412727460e+00,-9.308492500625e+00,3.587000000000e-02,-2.360000000000e-02,7.021185669033e-01,2.838894026906e-05
3.073360392270e+00,-9.306990700218e+00,5.701000000000e-02,-5.680000000000e-03,5.011250317950e-01,5.828880369625e-04
1.354695441842e+00,-9.288206526349e+00,3.952000000000e-02,-1.266700000000e-01,9.034507758088e-01,1.954716016947e-04
2.813713757036e+00,-9.281416177755e+00,4.174000000000e-02,-1.464000000000e-02,6.014979746496e-01,2.015822266161e-04
6.250000200012e-02,-9.272662218228e+00,5.690000000000e-03,-6.915500000000e-01,1.010244613907e+00,2.007721172873e-03
1.875000060004e-01,-9.269485404964e+00,1.894000000000e-02,-6.611500000000e-01,1.011875004913e+00,2.238025532736e-03
3.125000100004e-01,-9.266308591700e+00,2.870000000000e-02,-6.040300000000e-01,1.012120011600e+00,2.371387850351e-03
4.375000140001e-01,-9.263131778435e+00,3.639000000000e-02,-5.326000000000e-01,1.010980009789e+00,2.288926145292e-03
2.070947585271e+00,-9.262833156541e+00,2.963000000000e-02,-3.599000000000e-02,8.026478748569e-01,2.337519388260e-05
5.625000180001e-01,-9.256765468012e+00,3.999000000000e-02,-4.641400000000e-01,1.011476006680e+00,2.087809007301e-03
1.590230831488e+00,-9.252295642086e+00,3.279000000000e-02,-8.214000000000e-02,9.031626632445e-01,6.496006301721e-05
2.557866358199e+00,-9.248816440711e+00,3.280000000000e-02,-2.028000000000e-02,7.019288134548e-01,3.841809731750e-05
6.875000220002e-01,-9.247209660430e+00,4.247000000000e-02,-3.949100000000e-01,1.012557796124e+00,1.807403953216e-03
3.841341298084e+00,-9.244767329091e+00,1.534200000000e-01,4.925000000000e-02,3.004752135822e-01,1.303825354511e-03
4.111490189817e+00,-9.241417190597e+00,2.212000000000e-01,8.874000000000e-02,2.002773242527e-01,1.296966211913e-03
3.574183512140e+00,-9.240469394860e+00,9.532000000000e-02,1.816000000000e-02,4.007175062444e-01,1.000231779442e-03
8.125000260002e-01,-9.237653852848e+00,4.163000000000e-02,-3.281100000000e-01,1.011903992449e+00,1.476533509097e-03
4.384406936800e+00,-9.230259629123e+00,2.716800000000e-01,1.217300000000e-01,1.001201500787e-01,2.232968817134e-04
3.310233511648e+00,-9.228689087104e+00,5.700000000000e-02,-2.350000000000e-03,5.010078872250e-01,5.731124724332e-04
9.375000300000e-01,-9.228098045266e+00,3.910000000000e-02,-2.690400000000e-01,1.012942982236e+00,1.087286724021e-03
4.659861905081e+00,-9.211141874682e+00,2.537800000000e-01,1.196900000000e-01,4.092211346302e-04,9.190926567196e-04
1.824820493053e+00,-9.210651668432e+00,2.677000000000e-02,-5.598000000000e-02,9.028855450130e-01,2.039495003342e-05
1.116985072148e+00,-9.209785153073e+00,3.728000000000e-02,-1.970500000000e-01,1.012336228194e+00,5.835537771705e-04
3.049701225841e+00,-9.209598217225e+00,4.030000000000e-02,-1.205000000000e-02,6.013500381543e-01,2.097441753152e-04
2.306008946114e+00,-9.209379708304e+00,2.712000000000e-02,-2.793000000000e-02,8.024212193182e-01,3.114501625097e-05
2.792789663549e+00,-9.183374466573e+00,3.159000000000e-02,-1.761000000000e-02,7.017476370913e-01,4.881705327140e-05
1.350592956501e+00,-9.179888230252e+00,2.931000000000e-02,-1.290000000000e-01,1.011845901458e+00,2.180569993374e-04
2.058324898335e+00,-9.163299372343e+00,2.214000000000e-02,-3.814000000000e-02,9.026194312356e-01,2.277847945611e-05
6.250000200012e-02,-9.154536416774e+00,5.020000000000e-03,-7.127800000000e-01,1.128370415340e+00,2.014516673050e-03
1.875000060004e-01,-9.151440029162e+00,1.607000000000e-02,-6.802900000000e-01,1.129920380572e+00,2.272860417754e-03
2.539694748576e+00,-9.150201140253e+00,2.512000000000e-02,-2.249000000000e-02,8.022043582341e-01,3.799089516343e-05
3.809601833813e+00,-9.149770948079e+00,9.832000000000e-02,2.455000000000e-02,4.006336181096e-01,9.620271230096e-04
3.125000100004e-01,-9.148343641550e+00,2.353000000000e-02,-6.203600000000e-01,1.130084961560e+00,2.436351526725e-03
4.077105671514e+00,-9.147366903231e+00,1.551200000000e-01,5.632000000000e-02,3.004159863790e-01,1.234517906300e-03
4.375000140001e-01,-9.145247253938e+00,2.981000000000e-02,-5.464800000000e-01,1.128864534245e+00,2.376101954229e-03
3.545114630275e+00,-9.144600173546e+00,6.086000000000e-02,2.360000000000e-03,5.008968828057e-01,5.644332652149e-04
1.583407673432e+00,-9.144347080236e+00,2.480000000000e-02,-8.383000000000e-02,1.011324339379e+00,6.073579401929e-05
5.625000180001e-01,-9.139042115931e+00,3.236000000000e-02,-4.748800000000e-01,1.128734638838e+00,2.183096062050e-03
4.347404877611e+00,-9.137227956734e+00,2.181200000000e-01,9.598000000000e-02,2.002403001572e-01,1.203879254936e-03
3.283858736357e+00,-9.132020957140e+00,4.048000000000e-02,-9.320000000000e-03,6.012094646702e-01,2.160335149871e-04
6.875000220002e-01,-9.129728227528e+00,3.403000000000e-02,-4.031300000000e-01,1.129231470362e+00,1.901346761588e-03
8.125000260002e-01,-9.120414339125e+00,3.249000000000e-02,-3.324000000000e-01,1.128337506976e+00,1.556257513828e-03
4.620271782183e+00,-9.119200553375e+00,2.590900000000e-01,1.247600000000e-01,1.001028690633e-01,1.378161516986e-04
3.026042059411e+00,-9.112205734232e+00,3.192000000000e-02,-1.504000000000e-02,7.015750445134e-01,5.924102522875e-05
9.375000300000e-01,-9.111100450723e+00,3.015000000000e-02,-2.714400000000e-01,1.128007013322e+00,1.143671360744e-03
2.290605164768e+00,-9.110266915983e+00,2.113000000000e-02,-3.140000000000e-02,9.023643316731e-01,3.050746090124e-05
1.815291927684e+00,-9.103182705652e+00,1.968000000000e-02,-5.815000000000e-02,1.010771620337e+00,1.877912382494e-05
4.895472503665e+00,-9.093137891935e+00,2.348300000000e-01,1.184700000000e-01,4.092211394932e-04,8.735167872667e-04
1.115653937781e+00,-9.093076202486e+00,2.795000000000e-02,-1.992400000000e-01,1.129411380535e+00,6.180730502051e-04
2.771865570062e+00,-9.085332755391e+00,2.584000000000e-02,-1.960000000000e-02,8.019972995330e-01,4.447277956725e-05
1.346608722918e+00,-9.063586216650e+00,2.248000000000e-02,-1.296600000000e-01,1.128572368973e+00,2.289212825943e-04
2.046108974505e+00,-9.056419448708e+00,1.719000000000e-02,-4.000000000000e-02,1.010187923259e+00,2.205032754313e-05
3.777862369541e+00,-9.054774567068e+00,6.355000000000e-02,7.370000000000e-03,5.007920226371e-01,5.551454136695e-04
4.042721153211e+00,-9.053316615866e+00,1.025900000000e-01,3.022000000000e-02,4.005546485054e-01,9.252682486565e-04
2.521523138952e+00,-9.051585839794e+00,2.040000000000e-02,-2.333000000000e-02,9.021202556512e-01,3.738405999200e-05
3.516045748410e+00,-9.048730952232e+00,4.300000000000e-02,-7.060000000000e-03,6.010762593670e-01,2.227142695484e-04
4.310402818423e+00,-9.044196284344e+00,1.561500000000e-01,6.401000000000e-02,3.003604502358e-01,1.168691767615e-03
6.250000200012e-02,-9.036410615321e+00,4.500000000000e-03,-7.301200000000e-01,1.246496216776e+00,2.027432087862e-03
3.257483961066e+00,-9.035352827175e+00,3.071000000000e-02,-1.292000000000e-02,7.014110421152e-01,6.730503235217e-05
1.875000060004e-01,-9.033394653361e+00,1.362000000000e-02,-6.971200000000e-01,1.247965756258e+00,2.306610073704e-03
3.125000100004e-01,-9.030378691401e+00,1.984000000000e-02,-6.337100000000e-01,1.248049911555e+00,2.491904308740e-03
1.576790420820e+00,-9.028594895447e+00,1.786000000000e-02,-8.509000000000e-02,1.127616906115e+00,5.823842975049e-05
4.375000140001e-01,-9.027362729441e+00,2.429000000000e-02,-5.582500000000e-01,1.246749058709e+00,2.446772784248e-03
4.580681659285e+00,-9.027259232069e+00,2.127800000000e-01,1.013900000000e-01,2.002057381264e-01,1.114692456559e-03
5.625000180001e-01,-9.021318763849e+00,2.683000000000e-02,-4.833100000000e-01,1.245800341663e+00,2.257314329811e-03
3.002382892982e+00,-9.014813251239e+00,2.664000000000e-02,-1.635000000000e-02,8.018000508725e-01,5.057879630089e-05
6.875000220002e-01,-9.012246794626e+00,2.786000000000e-02,-4.093200000000e-01,1.246056945317e+00,1.971965882370e-03
2.275722703060e+00,-9.004084976392e+00,1.737000000000e-02,-3.272000000000e-02,1.009573527962e+00,2.939121576392e-05
8.125000260002e-01,-9.003174825403e+00,2.663000000000e-02,-3.365200000000e-01,1.244922317464e+00,1.613647100342e-03
4.853325736307e+00,-9.002357819877e+00,2.462300000000e-01,1.268900000000e-01,1.000868197194e-01,1.036471068049e-04
9.375000300000e-01,-8.994102856180e+00,2.473000000000e-02,-2.720800000000e-01,1.243431957609e+00,1.178715076911e-03
1.806065212062e+00,-8.988122709791e+00,1.372000000000e-02,-5.751000000000e-02,1.126545177990e+00,1.884051476117e-05
2.750941476575e+00,-8.987291044210e+00,2.226000000000e-02,-2.095000000000e-02,9.018872121089e-01,4.410018027828e-05
1.114322803414e+00,-8.976367251898e+00,2.206000000000e-02,-2.012100000000e-01,1.246127665419e+00,6.375683733284e-04
5.128097074132e+00,-8.969351332250e+00,2.173300000000e-01,1.170000000000e-01,4.092211370544e-04,8.323295599398e-04
3.746122905269e+00,-8.959778186057e+00,4.403000000000e-02,-3.480000000000e-03,6.009504271647e-01,2.281402669814e-04
4.008336634908e+00,-8.959266328500e+00,6.836000000000e-02,1.178000000000e-02,5.006933106319e-01,5.451755203517e-04
3.486976866546e+00,-8.952861730918e+00,3.232000000000e-02,-1.264000000000e-02,7.012556359281e-01,7.394150833340e-05
4.273400759234e+00,-8.951164611955e+00,1.048900000000e-01,3.430000000000e-02,4.004806003145e-01,8.895044806344e-04
1.342624489335e+00,-8.947284203048e+00,1.691000000000e-02,-1.302800000000e-01,1.244940316061e+00,2.327797613893e-04
2.503997718170e+00,-8.946210263864e+00,1.737000000000e-02,-2.475000000000e-02,1.008928815125e+00,3.603054748634e-05
2.034299813781e+00,-8.942193385633e+00,1.402000000000e-02,-4.271000000000e-02,1.125357659856e+00,2.250733512310e-05
3.231109185775e+00,-8.938684697211e+00,2.587000000000e-02,-1.509000000000e-02,8.016126195602e-01,5.536602560448e-05
4.541091536387e+00,-8.935317910762e+00,1.572100000000e-01,7.021000000000e-02,3.003086071897e-01,1.106000258501e-03
6.250000200012e-02,-8.918284813867e+00,3.990000000000e-03,-7.457600000000e-01,1.364622018215e+00,2.044434490895e-03
2.978723726552e+00,-8.917420768246e+00,2.271000000000e-02,-1.785000000000e-02,9.016652096692e-01,4.968116634007e-05
1.875000060004e-01,-8.915349277559e+00,1.210000000000e-02,-7.103100000000e-01,1.366011131964e+00,2.338292077288e-03
1.570173168209e+00,-8.912842710658e+00,1.313000000000e-02,-8.619000000000e-02,1.243551758038e+00,5.682447791845e-05
3.125000100004e-01,-8.912413741251e+00,1.722000000000e-02,-6.450400000000e-01,1.366014861578e+00,2.538127402685e-03
4.811178968949e+00,-8.911577747820e+00,2.058100000000e-01,1.050800000000e-01,2.001736394386e-01,1.029240040418e-03
4.375000140001e-01,-8.909478204944e+00,2.146000000000e-02,-5.679800000000e-01,1.364507188649e+00,2.501884605864e-03
5.625000180001e-01,-8.903595411768e+00,2.141000000000e-02,-4.895000000000e-01,1.362979336936e+00,2.312646300235e-03
6.875000220002e-01,-8.894765361724e+00,2.298000000000e-02,-4.138700000000e-01,1.362995187975e+00,2.022132959739e-03
2.261361560988e+00,-8.890833889530e+00,1.404000000000e-02,-3.295000000000e-02,1.124055117462e+00,2.936278440665e-05
8.125000260002e-01,-8.885935311680e+00,2.237000000000e-02,-3.395900000000e-01,1.361619561606e+00,1.652281966804e-03
2.730799418481e+00,-8.882829576531e+00,1.908000000000e-02,-2.298000000000e-02,1.008254266304e+00,4.263236206480e-05
5.083427000263e+00,-8.879802517547e+00,2.349700000000e-01,1.273400000000e-01,1.000720026492e-01,1.296841119725e-04
9.375000300000e-01,-8.877105261636e+00,2.047000000000e-02,-2.728500000000e-01,1.359125865607e+00,1.195254098305e-03
1.796838496439e+00,-8.873062713931e+00,9.820000000000e-03,-5.853000000000e-02,1.241962259329e+00,1.983153187968e-05
3.973952116605e+00,-8.865216041134e+00,4.660000000000e-02,-4.900000000000e-04,6.008319727585e-01,2.323025821168e-04
3.714383440998e+00,-8.864781805045e+00,3.361000000000e-02,-9.310000000000e-03,7.011088316921e-01,8.046073536874e-05
1.112991669048e+00,-8.859658301310e+00,1.830000000000e-02,-2.006500000000e-01,1.360616494642e+00,6.439184624471e-04
4.236398700046e+00,-8.858132939565e+00,7.093000000000e-02,1.561000000000e-02,5.006007503933e-01,5.343142602028e-04
3.457907984681e+00,-8.856992509605e+00,2.754000000000e-02,-1.490000000000e-02,8.014350124892e-01,5.917353888528e-05
4.501501413489e+00,-8.843376589455e+00,1.083800000000e-01,4.188000000000e-02,4.004114762530e-01,8.544664058912e-04
3.204734410484e+00,-8.842016567246e+00,2.316000000000e-02,-1.713000000000e-02,9.014542565699e-01,5.425286183344e-05
5.357593720172e+00,-8.839857702053e+00,2.034000000000e-01,1.164500000000e-01,4.092211337530e-04,7.951646317338e-04
2.487118486230e+00,-8.834074412462e+00,1.505000000000e-02,-2.709000000000e-02,1.122638608233e+00,3.580803985202e-05
1.338640255752e+00,-8.830982189445e+00,1.349000000000e-02,-1.309200000000e-01,1.359577137020e+00,2.329872086832e-04
2.022490653057e+00,-8.827967322559e+00,1.086000000000e-02,-4.520000000000e-02,1.240172552110e+00,2.328689716707e-05
4.769032201591e+00,-8.820797675762e+00,1.560500000000e-01,7.441000000000e-02,3.002604591580e-01,1.046256199843e-03
2.955994078885e+00,-8.813980449036e+00,2.015000000000e-02,-1.981000000000e-02,1.007550463894e+00,4.772402082145e-05
6.250000200012e-02,-8.800159012413e+00,3.130000000000e-03,-7.598600000000e-01,1.482747819657e+00,2.062606685906e-03
1.875000060004e-01,-8.797303901758e+00,1.009000000000e-02,-7.220700000000e-01,1.484056507685e+00,2.366935529463e-03
1.563555915598e+00,-8.797090525869e+00,9.620000000000e-03,-8.746000000000e-02,1.358261656584e+00,5.606029856986e-05
3.125000100004e-01,-8.794448791102e+00,1.450000000000e-02,-6.545800000000e-01,1.483979811620e+00,2.576474759542e-03
4.375000140001e-01,-8.791593680446e+00,1.851000000000e-02,-5.754800000000e-01,1.481934867784e+00,2.545033065696e-03
5.038756926393e+00,-8.790253702844e+00,2.002200000000e-01,1.079800000000e-01,2.001440052982e-01,9.480585658705e-04
5.625000180001e-01,-8.785872059686e+00,1.854000000000e-02,-4.945400000000e-01,1.480244719562e+00,2.354017268664e-03
2.247000418916e+00,-8.777582802669e+00,1.146000000000e-02,-3.375000000000e-02,1.238183835683e+00,2.931488788541e-05
6.875000220002e-01,-8.777283928822e+00,1.854000000000e-02,-4.160000000000e-01,1.480019468814e+00,2.058095639270e-03
2.711439395782e+00,-8.771948352355e+00,1.713000000000e-02,-2.509000000000e-02,1.121109482557e+00,4.190290286115e-05
3.939567598302e+00,-8.771165753769e+00,3.547000000000e-02,-6.440000000000e-03,7.009706348847e-01,8.609977989777e-05
3.682643976726e+00,-8.769785424034e+00,2.833000000000e-02,-1.322000000000e-02,8.012672362194e-01,6.283408197987e-05
8.125000260002e-01,-8.768695797957e+00,1.927000000000e-02,-3.409800000000e-01,1.478402614896e+00,1.674277306103e-03
4.199396640857e+00,-8.765101267175e+00,5.230000000000e-02,5.160000000000e-03,6.007209004720e-01,2.351508023486e-04
3.428839102817e+00,-8.761123288291e+00,2.471000000000e-02,-1.728000000000e-02,9.012543605630e-01,5.837104774772e-05
9.375000300000e-01,-8.760107667093e+00,1.728000000000e-02,-2.736700000000e-01,1.475025450010e+00,1.201426670826e-03
1.787611780817e+00,-8.758002718070e+00,8.100000000000e-03,-6.036000000000e-02,1.356673449996e+00,2.151698945774e-05
5.310435571568e+00,-8.751609211337e+00,2.234300000000e-01,1.286700000000e-01,1.000584184038e-01,1.762494649507e-04
4.461911290590e+00,-8.751435268149e+00,7.364000000000e-02,2.149000000000e-02,5.005143453163e-01,5.224857749295e-04
1.111660534681e+00,-8.742949350722e+00,1.432000000000e-02,-1.993100000000e-01,1.475281131031e+00,6.445038165656e-04
3.179448928209e+00,-8.739703663458e+00,2.183000000000e-02,-1.817000000000e-02,1.006818090863e+00,5.224847256873e-05
4.726885434233e+00,-8.730017603704e+00,1.099000000000e-01,4.653000000000e-02,4.003472788774e-01,8.200597770436e-04
2.470239254290e+00,-8.721938561060e+00,1.306000000000e-02,-2.950000000000e-02,1.235997779772e+00,3.532760484862e-05
1.334656022169e+00,-8.714680175843e+00,1.069000000000e-02,-1.300100000000e-01,1.473820600902e+00,2.315240884909e-04
2.010681492333e+00,-8.713741259485e+00,7.980000000000e-03,-4.653000000000e-02,1.354816560572e+00,2.457992624754e-05
5.583822455047e+00,-8.704735988159e+00,1.916400000000e-01,1.156100000000e-01,4.092211348763e-04,7.616286928862e-04
2.934193949981e+00,-8.704492293609e+00,1.791000000000e-02,-2.155000000000e-02,1.119469385245e+00,4.681076232931e-05
4.994086852523e+00,-8.700704888141e+00,1.539800000000e-01,7.768000000000e-02,3.002160079474e-01,9.889726858492e-04
6.250000200012e-02,-8.682033210959e+00,2.670000000000e-03,-7.725200000000e-01,1.600873621101e+00,2.081061356933e-03
1.556938662987e+00,-8.681338341079e+00,6.520000000000e-03,-8.879000000000e-02,1.472000850388e+00,5.554217272558e-05
1.875000060004e-01,-8.679258525956e+00,8.830000000000e-03,-7.328400000000e-01,1.602101883418e+00,2.392945154994e-03
3.905183080000e+00,-8.677115466403e+00,2.965000000000e-02,-1.103000000000e-02,8.011092970110e-01,6.599931272983e-05
3.125000100004e-01,-8.676483840953e+00,1.276000000000e-02,-6.629600000000e-01,1.601944761679e+00,2.608917394716e-03
3.650904512455e+00,-8.674789043023e+00,2.568000000000e-02,-1.565000000000e-02,9.010655290703e-01,6.189642818815e-05
4.375000140001e-01,-8.673709155949e+00,1.567000000000e-02,-5.814000000000e-01,1.599429760591e+00,2.579603112286e-03
4.162394581669e+00,-8.672069594786e+00,3.863000000000e-02,-3.410000000000e-03,7.008410505505e-01,9.099345243583e-05
5.625000180001e-01,-8.668148707605e+00,1.663000000000e-02,-4.980300000000e-01,1.597577466641e+00,2.385627743575e-03
2.232639276845e+00,-8.664331715808e+00,9.750000000000e-03,-3.610000000000e-02,1.352317498577e+00,2.974662330365e-05
5.263277422964e+00,-8.663360720621e+00,1.943800000000e-01,1.117600000000e-01,2.001168368073e-01,8.714625820242e-04
2.692079373083e+00,-8.661067128179e+00,1.508000000000e-02,-2.702000000000e-02,1.233616528356e+00,4.080183280644e-05
3.401032227583e+00,-8.660043225237e+00,2.281000000000e-02,-1.874000000000e-02,1.006057930365e+00,5.660332606592e-05
6.875000220002e-01,-8.659802495920e+00,1.570000000000e-02,-4.181600000000e-01,1.597110875252e+00,2.084566737320e-03
4.422321167692e+00,-8.659493946842e+00,5.284000000000e-02,8.120000000000e-03,6.006172143797e-01,2.366883816647e-04
8.125000260002e-01,-8.651456284235e+00,1.654000000000e-02,-3.407500000000e-01,1.595252632052e+00,1.685945684288e-03
9.375000300000e-01,-8.643110072550e+00,1.506000000000e-02,-2.745600000000e-01,1.591085765146e+00,1.201000390470e-03
1.778385065195e+00,-8.642942722210e+00,7.540000000000e-03,-6.208000000000e-02,1.469825854586e+00,2.346806272851e-05
4.684738666875e+00,-8.639237531646e+00,7.665000000000e-02,2.308000000000e-02,5.004340985969e-01,5.097418838262e-04
3.155252738950e+00,-8.631745985846e+00,2.026000000000e-02,-2.020000000000e-02,1.117720256857e+00,5.141639348150e-05
1.110329400314e+00,-8.626240400135e+00,1.114000000000e-02,-1.988900000000e-01,1.590244348454e+00,6.427590316269e-04
5.534213330929e+00,-8.617855895943e+00,2.117200000000e-01,1.288300000000e-01,1.000460674846e-01,2.220340790949e-04
4.949416778654e+00,-8.611156073438e+00,1.122700000000e-01,5.066000000000e-02,4.002880105966e-01,7.862344051560e-04
2.453360022350e+00,-8.609802709657e+00,1.146000000000e-02,-3.176000000000e-02,1.349363662542e+00,3.520463507694e-05
1.998872331609e+00,-8.599515196410e+00,5.460000000000e-03,-4.812000000000e-02,1.467300403967e+00,2.608343327298e-05
1.330671788586e+00,-8.598378162241e+00,8.660000000000e-03,-1.303900000000e-01,1.588372878371e+00,2.300617775351e-04
2.912393821076e+00,-8.595004138183e+00,1.691000000000e-02,-2.316000000000e-02,1.231042704121e+00,4.551059582668e-05
3.870798561697e+00,-8.583065179038e+00,2.730000000000e-02,-1.393000000000e-02,9.008877690835e-01,6.491809978270e-05
4.125392522481e+00,-8.579037922397e+00,3.149000000000e-02,-9.120000000000e-03,8.009612006290e-01,6.875933702691e-05
5.216119274359e+00,-8.575112229904e+00,1.537600000000e-01,8.556000000000e-02,3.001752552110e-01,9.340723156552e-04
3.620613350354e+00,-8.575046336536e+00,2.442000000000e-02,-1.759000000000e-02,1.005270865540e+00,6.018297066214e-05
4.382731044795e+00,-8.567552625535e+00,3.939000000000e-02,-2.190000000000e-03,7.007200834427e-01,9.512513137059e-05
1.550321410375e+00,-8.565586156290e+00,5.430000000000e-03,-9.043000000000e-02,1.586058949714e+00,5.515090236664e-05
5.806645285717e+00,-8.564068610165e+00,1.823700000000e-01,1.155900000000e-01,4.092211379213e-04,7.313346979722e-04
6.250000200012e-02,-8.563907409506e+00,2.840000000000e-03,-7.829800000000e-01,1.718999422546e+00,2.099519885657e-03
1.875000060004e-01,-8.561213150155e+00,7.720000000000e-03,-7.422900000000e-01,1.720147259161e+00,2.416963357875e-03
3.125000100004e-01,-8.558518890803e+00,1.210000000000e-02,-6.711300000000e-01,1.719909711749e+00,2.637170887174e-03
4.375000140001e-01,-8.555824631452e+00,1.363000000000e-02,-5.863700000000e-01,1.716978068586e+00,2.608259996072e-03
3.374487358981e+00,-8.553752320443e+00,2.192000000000e-02,-1.999000000000e-02,1.115864335065e+00,5.564548097324e-05
2.218278134773e+00,-8.551080628946e+00,8.240000000000e-03,-3.822000000000e-02,1.464430115273e+00,3.042817317883e-05
5.625000180001e-01,-8.550425355523e+00,1.486000000000e-02,-5.022900000000e-01,1.714963751599e+00,2.410625899029e-03
2.672719350383e+00,-8.550185904003e+00,1.377000000000e-02,-2.893000000000e-02,1.346132207064e+00,4.012663055196e-05
4.642591899517e+00,-8.548457459588e+00,5.612000000000e-02,9.290000000000e-03,6.005209183164e-01,2.369940520641e-04
6.875000220002e-01,-8.542321063018e+00,1.408000000000e-02,-4.201700000000e-01,1.714255652398e+00,2.103686680500e-03
8.125000260002e-01,-8.534216770512e+00,1.467000000000e-02,-3.404600000000e-01,1.712155902821e+00,1.692651194014e-03
5.484604206810e+00,-8.530975803728e+00,1.887400000000e-01,1.142500000000e-01,2.000921349689e-01,7.995366867604e-04
1.769158349572e+00,-8.527882726349e+00,5.690000000000e-03,-6.345000000000e-02,1.583307015569e+00,2.543698746321e-05
9.375000300000e-01,-8.526112478006e+00,1.414000000000e-02,-2.742100000000e-01,1.707274031953e+00,1.198201987143e-03
3.131056549691e+00,-8.523788308234e+00,1.918000000000e-02,-2.212000000000e-02,1.228279413219e+00,5.017932380080e-05
4.904746704784e+00,-8.521607258735e+00,8.070000000000e-02,2.849000000000e-02,5.003600132459e-01,4.962110946712e-04
1.108998265947e+00,-8.509531449547e+00,9.730000000000e-03,-1.989500000000e-01,1.705445766401e+00,6.399190875062e-04
2.436480790410e+00,-8.497666858255e+00,1.003000000000e-02,-3.368000000000e-02,1.461221443796e+00,3.525263431555e-05
5.168961125755e+00,-8.486863739188e+00,1.134200000000e-01,5.782000000000e-02,4.002336736148e-01,7.530213332685e-04
4.088390463292e+00,-8.486006250007e+00,2.772000000000e-02,-1.253000000000e-02,9.007210871681e-01,6.750355763067e-05
2.890593692172e+00,-8.485515982756e+00,1.602000000000e-02,-2.522000000000e-02,1.342626671058e+00,4.459220414752e-05
1.987063170885e+00,-8.485289133335e+00,4.030000000000e-03,-4.882000000000e-02,1.580122507177e+00,2.764160795121e-05
3.838062859369e+00,-8.484763368189e+00,2.583000000000e-02,-1.557000000000e-02,1.004457878960e+00,6.326003172666e-05
1.326687555002e+00,-8.482076148638e+00,6.860000000000e-03,-1.303600000000e-01,1.703171659822e+00,2.284168319921e-04
5.754624125122e+00,-8.478623948886e+00,2.011600000000e-01,1.282300000000e-01,1.000349503458e-01,2.625100234654e-04
4.343140921897e+00,-8.475611304229e+00,3.307000000000e-02,-7.660000000000e-03,8.008229525057e-01,7.109580376320e-05
3.591770490424e+00,-8.470557304572e+00,2.391000000000e-02,-1.906000000000e-02,1.113904156248e+00,5.915900965951e-05
4.600445132159e+00,-8.457677387531e+00,4.290000000000e-02,-1.510000000000e-03,7.006077380355e-01,9.852365289721e-05
1.543704157764e+00,-8.449833971501e+00,4.430000000000e-03,-9.120000000000e-02,1.700371780825e+00,5.472091334656e-05
3.347942490379e+00,-8.447461415649e+00,2.121000000000e-02,-2.179000000000e-02,1.225330250507e+00,5.430551743543e-05
6.250000200012e-02,-8.445781608052e+00,2.800000000000e-03,-7.940600000000e-01,1.837125223992e+00,2.117941113349e-03
5.434995082692e+00,-8.444095711513e+00,1.522600000000e-01,9.096000000000e-02,3.001382024535e-01,8.816240958244e-04
1.875000060004e-01,-8.443167774353e+00,6.790000000000e-03,-7.513300000000e-01,1.838192634911e+00,2.439600523572e-03
3.125000100004e-01,-8.440553940654e+00,1.114000000000e-02,-6.782200000000e-01,1.837815673714e+00,2.662580593594e-03
2.653359327684e+00,-8.439304679826e+00,1.264000000000e-02,-3.042000000000e-02,1.457681697919e+00,3.966467680503e-05
4.375000140001e-01,-8.437940106955e+00,1.336000000000e-02,-5.897900000000e-01,1.834569524215e+00,2.632972744194e-03
2.203916992701e+00,-8.437829542085e+00,6.900000000000e-03,-4.016000000000e-02,1.576511849447e+00,3.125322469028e-05
5.625000180001e-01,-8.432702003442e+00,1.429000000000e-02,-5.055300000000e-01,1.832393285277e+00,2.431316200424e-03
4.860076630914e+00,-8.432058444032e+00,5.960000000000e-02,1.443000000000e-02,6.004320158951e-01,2.362045798310e-04
6.875000220002e-01,-8.424839630116e+00,1.263000000000e-02,-4.214000000000e-01,1.831443559017e+00,2.118204776121e-03
6.025926295292e+00,-8.417941371282e+00,1.720500000000e-01,1.155100000000e-01,4.092211347949e-04,7.039151113113e-04
8.125000260002e-01,-8.416977256789e+00,1.339000000000e-02,-3.403900000000e-01,1.829102216447e+00,1.696418918097e-03
3.106860360432e+00,-8.415830630621e+00,1.817000000000e-02,-2.427000000000e-02,1.338851258635e+00,4.915365977763e-05
1.759931633950e+00,-8.412822730489e+00,3.460000000000e-03,-6.487000000000e-02,1.697050982777e+00,2.729352337552e-05
9.375000300000e-01,-8.409114883463e+00,1.281000000000e-02,-2.730100000000e-01,1.823565793321e+00,1.194382422729e-03
5.121802977150e+00,-8.398615248472e+00,8.469000000000e-02,3.633000000000e-02,5.002920920186e-01,4.820394816153e-04
5.702602964528e+00,-8.393179287607e+00,1.822800000000e-01,1.159500000000e-01,2.000699006915e-01,7.321932623330e-04
1.107667131580e+00,-8.392822498959e+00,8.730000000000e-03,-1.981000000000e-01,1.820840173824e+00,6.367506479091e-04
4.053252582199e+00,-8.389247830517e+00,2.570000000000e-02,-1.464000000000e-02,1.003620052082e+00,6.589246432587e-05
2.419601558470e+00,-8.385531006852e+00,9.320000000000e-03,-3.536000000000e-02,1.572482478753e+00,3.542648922107e-05
4.303550798999e+00,-8.383669982922e+00,2.970000000000e-02,-1.140000000000e-02,9.005654893926e-01,6.965837043800e-05
3.806975973016e+00,-8.382210033857e+00,2.500000000000e-02,-1.786000000000e-02,1.111842557052e+00,6.214996651057e-05
2.868793563268e+00,-8.376027827328e+00,1.482000000000e-02,-2.710000000000e-02,1.453819054833e+00,4.385181008767e-05
1.975254010161e+00,-8.371063070261e+00,3.100000000000e-03,-5.038000000000e-02,1.693215254898e+00,2.915396819232e-05
4.558298364802e+00,-8.366897315473e+00,3.606000000000e-02,-7.930000000000e-03,8.006945577546e-01,7.302492938347e-05
3.562927630493e+00,-8.366068272609e+00,2.273000000000e-02,-2.041000000000e-02,1.222199305455e+00,5.784051813787e-05
1.322703321420e+00,-8.365774135036e+00,4.630000000000e-03,-1.298500000000e-01,1.818170253267e+00,2.264787981419e-04
5.385385958573e+00,-8.357215619298e+00,1.156700000000e-01,6.449000000000e-02,4.001842699381e-01,7.205072603069e-04
4.815406557045e+00,-8.342509629330e+00,4.528000000000e-02,3.640000000000e-03,7.005040185439e-01,1.012513480177e-04
3.321397621776e+00,-8.341170510855e+00,2.058000000000e-02,-2.348000000000e-02,1.334810849643e+00,5.313566834417e-05
1.537086905153e+00,-8.334081786712e+00,2.970000000000e-03,-9.161000000000e-02,1.814891210711e+00,5.416903097101e-05
5.971533848332e+00,-8.333998081952e+00,1.920900000000e-01,1.296300000000e-01,1.000250674068e-01,2.973632523986e-04
2.633999304984e+00,-8.328423455650e+00,1.175000000000e-02,-3.202000000000e-02,1.568042863815e+00,3.935633146725e-05
6.250000200012e-02,-8.327655806599e+00,2.610000000000e-03,-8.051800000000e-01,1.955251025439e+00,2.136371128820e-03
1.875000060004e-01,-8.325122398552e+00,6.110000000000e-03,-7.607100000000e-01,1.956238010667e+00,2.461358366524e-03
2.189555850629e+00,-8.324578455224e+00,5.420000000000e-03,-4.219000000000e-02,1.688871742474e+00,3.213527004139e-05
3.125000100004e-01,-8.322588990505e+00,1.126000000000e-02,-6.858600000000e-01,1.955523791747e+00,2.686149850641e-03
4.375000140001e-01,-8.320055582458e+00,1.267000000000e-02,-5.941600000000e-01,1.952196330441e+00,2.655148196923e-03
5.625000180001e-01,-8.314978651360e+00,1.375000000000e-02,-5.085600000000e-01,1.949858253773e+00,2.449288254683e-03
5.074644828546e+00,-8.310366757756e+00,6.347000000000e-02,2.089000000000e-02,6.003505104224e-01,2.344592317054e-04
3.082664171173e+00,-8.307872953009e+00,1.720000000000e-02,-2.623000000000e-02,1.449432889104e+00,4.820422424184e-05
5.650581803934e+00,-8.307734626328e+00,1.509500000000e-01,9.509000000000e-02,3.001048510373e-01,8.317304728497e-04
6.875000220002e-01,-8.307358197214e+00,1.195000000000e-02,-4.217700000000e-01,1.948666814030e+00,2.129860627459e-03
8.125000260002e-01,-8.299737743067e+00,1.142000000000e-02,-3.396500000000e-01,1.946083813205e+00,1.698746838423e-03
1.750704918327e+00,-8.297762734629e+00,1.690000000000e-03,-6.586000000000e-02,1.811008238689e+00,2.897842833366e-05
9.375000300000e-01,-8.292117288920e+00,1.098000000000e-02,-2.742500000000e-01,1.939942437088e+00,1.190285863892e-03
4.019978879199e+00,-8.288762663926e+00,2.569000000000e-02,-1.618000000000e-02,1.109682675656e+00,6.467678111009e-05
4.266055688068e+00,-8.288556341219e+00,2.879000000000e-02,-1.355000000000e-02,1.002758564537e+00,6.809688065075e-05
3.775889086663e+00,-8.279656699526e+00,2.429000000000e-02,-1.970000000000e-02,1.218891168471e+00,6.087953570254e-05
4.516151597444e+00,-8.276117243415e+00,3.300000000000e-02,-1.110000000000e-02,9.004209815332e-01,7.141093918856e-05
1.106335997213e+00,-8.276113548372e+00,7.840000000000e-03,-1.968800000000e-01,1.936393068884e+00,6.332092633261e-04
2.402722326530e+00,-8.273395155450e+00,7.930000000000e-03,-3.777000000000e-02,1.684028770372e+00,3.568315053129e-05
5.335776834455e+00,-8.270335527083e+00,8.660000000000e-02,4.348000000000e-02,5.002303374227e-01,4.673817125105e-04
2.846993434364e+00,-8.266539671902e+00,1.436000000000e-02,-2.862000000000e-02,1.563202528792e+00,4.325044822343e-05
6.241531727509e+00,-8.266443405057e+00,1.605500000000e-01,1.139100000000e-01,4.092211348957e-04,6.790271549451e-04
3.534084770563e+00,-8.261579240645e+00,2.204000000000e-02,-2.219000000000e-02,1.330511011582e+00,5.661674655290e-05
1.963444849438e+00,-8.256837007186e+00,1.800000000000e-03,-5.282000000000e-02,1.806527818960e+00,3.056056430728e-05
4.770736483176e+00,-8.252960814627e+00,3.740000000000e-02,-4.030000000000e-03,8.005760211927e-01,7.458307447484e-05
5.917141401373e+00,-8.250054792623e+00,1.755800000000e-01,1.192700000000e-01,2.000501348134e-01,6.692084802970e-04
1.318719087837e+00,-8.249472121434e+00,2.490000000000e-03,-1.279000000000e-01,1.933333003359e+00,2.241919685546e-04
3.294852753174e+00,-8.234879606061e+00,1.972000000000e-02,-2.496000000000e-02,1.444302793332e+00,5.201772241484e-05
5.598560643339e+00,-8.222289965049e+00,1.166100000000e-01,7.006000000000e-02,4.001398013833e-01,6.888223776447e-04
5.027486679942e+00,-8.222118267040e+00,4.827000000000e-02,8.140000000000e-03,7.004089288257e-01,1.033703069960e-04
1.530469652541e+00,-8.218329601923e+00,1.120000000000e-03,-9.210000000000e-02,1.929580455186e+00,5.347158894985e-05
2.614639282285e+00,-8.217542231474e+00,1.082000000000e-02,-3.346000000000e-02,1.678695870545e+00,3.915707518206e-05
2.175194708558e+00,-8.211327368362e+00,3.860000000000e-03,-4.444000000000e-02,1.801457747427e+00,3.300882802227e-05
6.250000200012e-02,-8.209530005145e+00,2.220000000000e-03,-8.155300000000e-01,2.073376826886e+00,2.154878514965e-03
1.875000060004e-01,-8.207077022750e+00,5.740000000000e-03,-7.693700000000e-01,2.074283386428e+00,2.482620091524e-03
3.125000100004e-01,-8.204624040355e+00,1.059000000000e-02,-6.932400000000e-01,2.073261104771e+00,2.708601795413e-03
4.375000140001e-01,-8.202171057960e+00,1.347000000000e-02,-5.991500000000e-01,2.069852460497e+00,2.675769786261e-03
3.058467981915e+00,-8.199915275397e+00,1.658000000000e-02,-2.772000000000e-02,1.557972079144e+00,4.733448409661e-05
5.625000180001e-01,-8.197255299279e+00,1.273000000000e-02,-5.102400000000e-01,2.067352616980e+00,2.465636536658e-03
4.230655589106e+00,-8.190270379120e+00,2.815000000000e-02,-1.613000000000e-02,1.107427953469e+00,6.676717635425e-05
6.875000220003e-01,-8.189876764311e+00,1.067000000000e-02,-4.232000000000e-01,2.065919400290e+00,2.139819890299e-03
3.986705176200e+00,-8.188277497336e+00,2.552000000000e-02,-1.833000000000e-02,1.215410937342e+00,6.347155572601e-05
6.184810525134e+00,-8.184066288834e+00,1.854000000000e-01,1.325900000000e-01,1.000164190327e-01,3.273043337133e-04
5.286167710336e+00,-8.183455434868e+00,6.592000000000e-02,2.734000000000e-02,6.002764049072e-01,2.318935908712e-04
4.476346764148e+00,-8.182748591374e+00,3.145000000000e-02,-1.335000000000e-02,1.001874693625e+00,6.990389545535e-05
1.741478202705e+00,-8.182702738768e+00,6.100000000000e-04,-6.671000000000e-02,1.925140907288e+00,3.046863505039e-05
8.125000260002e-01,-8.182498229344e+00,1.059000000000e-02,-3.390400000000e-01,2.063094691230e+00,1.700322864228e-03
3.744802200310e+00,-8.177103365194e+00,2.332000000000e-02,-2.153000000000e-02,1.325958012629e+00,5.963060317957e-05
9.375000300000e-01,-8.175119694377e+00,9.490000000000e-03,-2.733100000000e-01,2.056389552133e+00,1.186094308558e-03
5.862748954413e+00,-8.166111503293e+00,1.482400000000e-01,9.950000000000e-02,3.000752022203e-01,7.844657368329e-04
4.726066409306e+00,-8.163411999924e+00,3.350000000000e-02,-8.980000000000e-03,9.002875690149e-01,7.280408794238e-05
2.385843094590e+00,-8.161259304047e+00,6.660000000000e-03,-4.008000000000e-02,1.795807163417e+00,3.598280387322e-05
1.105004862846e+00,-8.159404597784e+00,7.480000000000e-03,-1.962300000000e-01,2.052077678345e+00,6.293009089347e-04
3.505241910633e+00,-8.157090208682e+00,2.122000000000e-02,-2.425000000000e-02,1.438835535552e+00,5.540380766523e-05
2.825193305459e+00,-8.157051516475e+00,1.363000000000e-02,-3.029000000000e-02,1.672883812894e+00,4.275491064631e-05
1.951635688714e+00,-8.142610944112e+00,1.290000000000e-03,-5.477000000000e-02,1.920021281512e+00,3.182798057072e-05
5.546539482745e+00,-8.136845303770e+00,8.895000000000e-02,4.942000000000e-02,5.001747517292e-01,4.524128143685e-04
4.980328531338e+00,-8.133869776325e+00,4.045000000000e-02,5.500000000000e-04,8.004673472290e-01,7.580802204586e-05
1.314734854253e+00,-8.133170107832e+00,1.720000000000e-03,-1.276900000000e-01,2.048632226356e+00,2.215652763493e-04
3.268307884572e+00,-8.128588701267e+00,1.867000000000e-02,-2.637000000000e-02,1.552363230287e+00,5.095759619359e-05
6.453330068847e+00,-8.109667120647e+00,1.506400000000e-01,1.125300000000e-01,4.092211345848e-04,6.563540756871e-04
2.595279259585e+00,-8.106661007298e+00,9.620000000000e-03,-3.517000000000e-02,1.789586583967e+00,3.903422202673e-05
1.523852399930e+00,-8.102577417134e+00,1.650000000000e-03,-9.232000000000e-02,2.044410935205e+00,5.263057265779e-05
6.128089322759e+00,-8.101689172611e+00,1.704900000000e-01,1.228600000000e-01,2.000328380651e-01,6.102610669215e-04
2.160833566486e+00,-8.098076281501e+00,2.500000000000e-03,-4.657000000000e-02,1.914229968200e+00,3.382465792711e-05
5.236558586218e+00,-8.096575342653e+00,5.087000000000e-02,1.344000000000e-02,7.003224723913e-01,1.049434711307e-04
4.195255490143e+00,-8.091984417020e+00,2.726000000000e-02,-1.814000000000e-02,1.211764224526e+00,6.564366067228e-05
3.034271792655e+00,-8.091957597785e+00,1.572000000000e-02,-2.927000000000e-02,1.666604639931e+00,4.653555974075e-05
6.250000200012e-02,-8.091404203692e+00,1.910000000000e-03,-8.261500000000e-01,2.191502628334e+00,2.173528952562e-03
1.875000060004e-01,-8.089031646949e+00,6.160000000000e-03,-7.787100000000e-01,2.192328762194e+00,2.503665330812e-03
3.953431473201e+00,-8.087792330745e+00,2.492000000000e-02,-2.049000000000e-02,1.321158835493e+00,6.221638426601e-05
4.438883864913e+00,-8.086791359349e+00,3.003000000000e-02,-1.551000000000e-02,1.105082136624e+00,6.845924983490e-05
3.125000100004e-01,-8.086659090206e+00,1.020000000000e-02,-7.002900000000e-01,2.191022906304e+00,2.730442256771e-03
4.375000140001e-01,-8.084286533463e+00,1.406000000000e-02,-6.036600000000e-01,2.187533182855e+00,2.695503418237e-03
5.808356507454e+00,-8.082168213963e+00,1.170900000000e-01,7.494000000000e-02,4.001002696271e-01,6.581068945649e-04
5.625000180001e-01,-8.079531947198e+00,1.306000000000e-02,-5.121600000000e-01,2.184871632686e+00,2.481090067136e-03
3.713715313957e+00,-8.074550030862e+00,2.230000000000e-02,-2.355000000000e-02,1.433039002855e+00,5.835921265692e-05
6.875000220003e-01,-8.072395331410e+00,1.102000000000e-02,-4.222700000000e-01,2.183196591935e+00,2.148791304330e-03
4.684001889088e+00,-8.071887310347e+00,3.217000000000e-02,-1.191000000000e-02,1.000969813411e+00,7.135590460684e-05
1.732251487083e+00,-8.067642742908e+00,-6.800000000000e-04,-6.771000000000e-02,2.039419538761e+00,3.175890152922e-05
8.125000260002e-01,-8.065258715621e+00,9.870000000000e-03,-3.389000000000e-01,2.180130135817e+00,1.701462882348e-03
9.375000300000e-01,-8.058122099834e+00,8.380000000000e-03,-2.715400000000e-01,2.172895808658e+00,1.181807548810e-03
3.476399050703e+00,-8.052601176718e+00,2.057000000000e-02,-2.566000000000e-02,1.546388838214e+00,5.421831295844e-05
5.494518322151e+00,-8.051400642490e+00,6.918000000000e-02,3.336000000000e-02,6.002097020749e-01,2.286491385546e-04
2.368963862650e+00,-8.049123452645e+00,5.520000000000e-03,-4.266000000000e-02,1.907776861218e+00,3.629691817396e-05
2.803393176555e+00,-8.047563361048e+00,1.230000000000e-02,-3.218000000000e-02,1.782807942675e+00,4.233408055124e-05
4.933170382734e+00,-8.045621285608e+00,3.584000000000e-02,-5.220000000000e-03,9.001652568101e-01,7.388327090842e-05
1.103673728479e+00,-8.042695647197e+00,5.970000000000e-03,-1.947700000000e-01,2.167872916210e+00,6.250435572452e-04
6.394324391198e+00,-8.028919791311e+00,1.781400000000e-01,1.343000000000e-01,1.000090055434e-01,3.532598944022e-04
1.939826527990e+00,-8.028384881038e+00,5.500000000000e-04,-5.684000000000e-02,2.033665356386e+00,3.293940269025e-05
3.241763015970e+00,-8.022297796474e+00,1.751000000000e-02,-2.789000000000e-02,1.659871705370e+00,4.994969487717e-05
6.071368120384e+00,-8.019312056388e+00,1.448800000000e-01,1.043000000000e-01,3.000492570978e-01,7.398569596547e-04
1.310750620670e+00,-8.016868094229e+00,-1.000000000000e-05,-1.272800000000e-01,2.164046108755e+00,2.186294893963e-04
5.186949462100e+00,-8.009695250438e+00,4.336000000000e-02,5.220000000000e-03,8.003685398754e-01,7.674070872296e-05
5.753964060494e+00,-7.998224924633e+00,9.075000000000e-02,5.301000000000e-02,5.001253370340e-01,4.373133212339e-04
2.575919236886e+00,-7.995779783122e+00,8.270000000000e-03,-3.726000000000e-02,1.900673399075e+00,3.896245241659e-05
4.159855391181e+00,-7.993698454920e+00,2.656000000000e-02,-2.053000000000e-02,1.316121192848e+00,6.439923321896e-05
4.401420965677e+00,-7.990834127324e+00,2.885000000000e-02,-1.771000000000e-02,1.207957164664e+00,6.743225622783e-05
3.920157770202e+00,-7.987307164154e+00,2.398000000000e-02,-2.249000000000e-02,1.426922004394e+00,6.091233332102e-05
1.517235147319e+00,-7.986825232345e+00,1.450000000000e-03,-9.167000000000e-02,2.159360119009e+00,5.165717813975e-05
2.146472424414e+00,-7.984825194640e+00,1.570000000000e-03,-4.838000000000e-02,2.027157327071e+00,3.455800841745e-05
3.010075603396e+00,-7.983999920172e+00,1.421000000000e-02,-3.101000000000e-02,1.775484633487e+00,4.579344375064e-05
4.644542922520e+00,-7.978386745895e+00,3.115000000000e-02,-1.419000000000e-02,1.102649277400e+00,6.980170083277e-05
6.250000200012e-02,-7.973278402238e+00,2.150000000000e-03,-8.363600000000e-01,2.309628429783e+00,2.192377176816e-03
3.682628427603e+00,-7.971996696530e+00,2.185000000000e-02,-2.531000000000e-02,1.540062933025e+00,5.709120543248e-05
1.875000060004e-01,-7.970986271147e+00,6.830000000000e-03,-7.882700000000e-01,2.310374137963e+00,2.524692123840e-03
3.125000100004e-01,-7.968694140056e+00,1.052000000000e-02,-7.075900000000e-01,2.308805449204e+00,2.752017429141e-03
4.375000140001e-01,-7.966402008966e+00,1.359000000000e-02,-6.073000000000e-01,2.305234731257e+00,2.714790262339e-03
5.442497161557e+00,-7.965955981212e+00,5.487000000000e-02,1.997000000000e-02,7.002446524203e-01,1.060367002670e-04
5.625000180001e-01,-7.961808595116e+00,1.343000000000e-02,-5.141700000000e-01,2.302411525976e+00,2.496134889891e-03
4.888898706764e+00,-7.956038228530e+00,3.388000000000e-02,-8.640000000000e-03,1.000045393680e+00,7.249973142239e-05
6.875000220003e-01,-7.954913898508e+00,1.156000000000e-02,-4.214500000000e-01,2.300494625887e+00,2.157151429606e-03
1.723024771460e+00,-7.952582747048e+00,-9.400000000000e-04,-6.996000000000e-02,2.153820899496e+00,3.285216812746e-05
6.335318713549e+00,-7.948172461974e+00,1.655700000000e-01,1.266800000000e-01,2.000180110865e-01,5.549662117242e-04
3.447556190772e+00,-7.948112144755e+00,1.945000000000e-02,-2.715000000000e-02,1.652699715954e+00,5.306009669280e-05
8.125000260002e-01,-7.948019201899e+00,9.810000000000e-03,-3.384000000000e-01,2.296559866327e+00,1.702289013098e-03
6.661192127597e+00,-7.947708147195e+00,1.424700000000e-01,1.123700000000e-01,4.092211337775e-04,6.356025042564e-04
9.375000300001e-01,-7.941124505291e+00,8.250000000000e-03,-2.702000000000e-01,2.289452177859e+00,1.177422383874e-03
2.781593047651e+00,-7.938075205621e+00,1.112000000000e-02,-3.397000000000e-02,1.892932611870e+00,4.195886893692e-05
2.352084630710e+00,-7.936987601243e+00,4.240000000000e-03,-4.424000000000e-02,2.019906050166e+00,3.659458573556e-05
6.014646918009e+00,-7.936934940164e+00,1.175100000000e-01,8.103000000000e-02,4.000656761306e-01,6.284864945229e-04
1.102342594113e+00,-7.925986696609e+00,5.370000000000e-03,-1.944300000000e-01,2.283761954723e+00,6.204542470450e-04
5.137340337981e+00,-7.922815158223e+00,3.840000000000e-02,-7.900000000000e-04,9.000540494271e-01,7.469699470489e-05
3.215218147367e+00,-7.916006891680e+00,1.682000000000e-02,-2.959000000000e-02,1.767631559689e+00,4.898536813628e-05
5.699571613535e+00,-7.914281635304e+00,7.111000000000e-02,3.607000000000e-02,6.001504044407e-01,2.248652839942e-04
1.928017367266e+00,-7.914158817964e+00,-4.400000000000e-04,-5.886000000000e-02,2.147436132134e+00,3.388817840864e-05
1.306766387087e+00,-7.900566080628e+00,-2.700000000000e-04,-1.278700000000e-01,2.279557235023e+00,2.154182248584e-04
4.124455292218e+00,-7.895412492821e+00,2.612000000000e-02,-2.314000000000e-02,1.420494296852e+00,6.308447934657e-05
4.363958066442e+00,-7.894876895299e+00,2.863000000000e-02,-1.935000000000e-02,1.310853543702e+00,6.621475789961e-05
3.886884067203e+00,-7.886821997563e+00,2.314000000000e-02,-2.468000000000e-02,1.532697282793e+00,5.959316336153e-05
2.556559214187e+00,-7.884898558946e+00,7.000000000000e-03,-3.909000000000e-02,2.011923833323e+00,3.891263657127e-05
4.605083955953e+00,-7.884886181443e+00,3.058000000000e-02,-1.615000000000e-02,1.203996422380e+00,6.888356203881e-05
5.390476000963e+00,-7.880511319933e+00,4.667000000000e-02,9.390000000000e-03,8.002796027655e-01,7.742422666382e-05
2.985879414138e+00,-7.876042242560e+00,1.353000000000e-02,-3.300000000000e-02,1.884569174404e+00,4.509408627749e-05
2.132111282342e+00,-7.871574107779e+00,1.060000000000e-03,-5.001000000000e-02,2.140215266835e+00,3.519094571136e-05
1.510617894707e+00,-7.871073047556e+00,-3.400000000000e-04,-9.142000000000e-02,2.274410008723e+00,5.056496130178e-05
3.651541541250e+00,-7.869443362198e+00,2.109000000000e-02,-2.691000000000e-02,1.645104777366e+00,5.582946067042e-05
6.599947971352e+00,-7.868652984322e+00,1.695000000000e-01,1.355500000000e-01,1.000028272154e-01,3.761349495452e-04
6.276313035900e+00,-7.867425132638e+00,1.420500000000e-01,1.076900000000e-01,3.000270166299e-01,6.978874598998e-04
4.847513503428e+00,-7.865120605088e+00,3.233000000000e-02,-1.127000000000e-02,1.100133735376e+00,7.084884928486e-05
6.250000200012e-02,-7.855152600785e+00,2.450000000000e-03,-8.466400000000e-01,2.427754231233e+00,2.211465851024e-03
5.957925715634e+00,-7.854557823941e+00,9.219000000000e-02,5.809000000000e-02,5.000820951633e-01,4.222528991804e-04
1.875000060004e-01,-7.852940895346e+00,7.320000000000e-03,-7.980800000000e-01,2.428419513735e+00,2.545837630056e-03
3.125000100004e-01,-7.850729189908e+00,1.041000000000e-02,-7.139100000000e-01,2.426605713238e+00,2.773560379084e-03
4.375000140001e-01,-7.848517484469e+00,1.320000000000e-02,-6.113800000000e-01,2.422954070660e+00,2.733918112713e-03
5.625000180001e-01,-7.844085243035e+00,1.403000000000e-02,-5.150400000000e-01,2.419969254728e+00,2.511000619946e-03
3.418713330842e+00,-7.843623112791e+00,1.826000000000e-02,-2.894000000000e-02,1.759265187520e+00,5.192618534968e-05
1.713798055838e+00,-7.837522751188e+00,-1.600000000000e-03,-7.188000000000e-02,2.268326420291e+00,3.375464582297e-05
6.875000220003e-01,-7.837432465606e+00,1.173000000000e-02,-4.207200000000e-01,2.417335731559e+00,2.165202098643e-03
5.090916499227e+00,-7.835270038098e+00,3.582000000000e-02,-5.230000000000e-03,9.991029988698e-01,7.338650728591e-05
8.125000260002e-01,-7.830779688177e+00,9.840000000000e-03,-3.375900000000e-01,2.412721065181e+00,1.702883710866e-03
5.645179166575e+00,-7.830338345974e+00,5.694000000000e-02,2.365000000000e-02,7.001754718470e-01,1.067095532382e-04
2.759792918747e+00,-7.828587050194e+00,1.015000000000e-02,-3.594000000000e-02,2.003224747575e+00,4.161137432346e-05
2.335205398770e+00,-7.824851749841e+00,3.750000000000e-03,-4.573000000000e-02,2.132169567853e+00,3.685514315396e-05
9.375000300001e-01,-7.824126910747e+00,9.100000000000e-03,-2.682700000000e-01,2.406051376920e+00,1.172864770548e-03
3.188673278765e+00,-7.809715986886e+00,1.591000000000e-02,-3.164000000000e-02,1.875599465855e+00,4.805577355306e-05
1.101011459746e+00,-7.809277746022e+00,4.470000000000e-03,-1.932500000000e-01,2.399731204318e+00,6.155557796488e-04
1.916208206542e+00,-7.799932754889e+00,-1.320000000000e-03,-6.070000000000e-02,2.261314485194e+00,3.467337091838e-05
4.326495167207e+00,-7.798919663274e+00,2.813000000000e-02,-2.152000000000e-02,1.413766611857e+00,6.490970425727e-05
4.089055193256e+00,-7.797126530721e+00,2.502000000000e-02,-2.566000000000e-02,1.524880223237e+00,6.174031804167e-05
5.338454840369e+00,-7.795066658654e+00,4.176000000000e-02,2.480000000000e-03,8.999539509659e-01,7.529497798628e-05
4.565624989386e+00,-7.791385616990e+00,3.015000000000e-02,-1.851000000000e-02,1.305365110782e+00,6.770844483751e-05
6.538703815107e+00,-7.789597821450e+00,1.589200000000e-01,1.281100000000e-01,2.000056544307e-01,5.028986707619e-04
6.217307358251e+00,-7.786677803302e+00,1.168400000000e-01,8.521000000000e-02,4.000360221734e-01,6.000639888871e-04
3.853610364204e+00,-7.786336830973e+00,2.206000000000e-02,-2.694000000000e-02,1.637104443750e+00,5.826308622442e-05
1.302782153504e+00,-7.784264067025e+00,-2.000000000000e-04,-1.281500000000e-01,2.395151535841e+00,2.119627416023e-04
6.864991113456e+00,-7.780665274926e+00,1.340300000000e-01,1.120000000000e-01,4.092211356334e-04,6.164966830756e-04
4.806128300092e+00,-7.774202981647e+00,3.185000000000e-02,-1.396000000000e-02,1.199889200163e+00,7.005015690628e-05
2.537199191487e+00,-7.774017334769e+00,6.660000000000e-03,-4.091000000000e-02,2.123312168511e+00,3.886245421918e-05
5.901204513259e+00,-7.772180707718e+00,7.170000000000e-02,4.148000000000e-02,6.000985141959e-01,2.206688956444e-04
2.961683224879e+00,-7.768084564948e+00,1.307000000000e-02,-3.526000000000e-02,1.993824689872e+00,4.442488929390e-05
3.620454654897e+00,-7.766890027866e+00,1.979000000000e-02,-2.904000000000e-02,1.750403605206e+00,5.457449826385e-05
2.117750140271e+00,-7.758323020917e+00,-8.000000000000e-05,-5.231000000000e-02,2.253384132864e+00,3.571021096757e-05
1.504000642096e+00,-7.755320862767e+00,-2.260000000000e-03,-9.016000000000e-02,2.389546058276e+00,4.936594161520e-05
5.047677945837e+00,-7.747059890062e+00,3.426000000000e-02,-8.750000000000e-03,1.097540178591e+00,7.166032148995e-05
5.590786719617e+00,-7.746395056645e+00,4.924000000000e-02,1.474000000000e-02,8.002005392532e-01,7.789244389618e-05
3.389870470912e+00,-7.739134080828e+00,1.751000000000e-02,-3.104000000000e-02,1.866041635565e+00,5.081323257759e-05
6.250000200012e-02,-7.737026799331e+00,2.680000000000e-03,-8.570700000000e-01,2.545880032682e+00,2.230826959431e-03
1.875000060004e-01,-7.734895519545e+00,7.490000000000e-03,-8.067300000000e-01,2.546464889510e+00,2.567195007076e-03
3.125000100004e-01,-7.732764239759e+00,1.087000000000e-02,-7.196800000000e-01,2.544421237078e+00,2.795224757081e-03
4.375000140001e-01,-7.730632959973e+00,1.299000000000e-02,-6.144600000000e-01,2.540688728098e+00,2.753072519856e-03
5.625000180001e-01,-7.726361890955e+00,1.497000000000e-02,-5.163200000000e-01,2.537542340130e+00,2.525819899879e-03
1.704571340215e+00,-7.722462755327e+00,-1.900000000000e-03,-7.371000000000e-02,2.382921085712e+00,3.447371932118e-05
6.875000220003e-01,-7.719951032705e+00,1.134000000000e-02,-4.207100000000e-01,2.534215960732e+00,2.173125437150e-03
2.737992789842e+00,-7.719098894768e+00,9.550000000000e-03,-3.824000000000e-02,2.113658134399e+00,4.127345640563e-05
8.125000260003e-01,-7.713540174454e+00,9.900000000000e-03,-3.371800000000e-01,2.528981784092e+00,1.703289795101e-03
2.318326166830e+00,-7.712715898439e+00,2.610000000000e-03,-4.742000000000e-02,2.244547258567e+00,3.706817476701e-05
6.477459658861e+00,-7.710542658577e+00,1.388500000000e-01,1.110000000000e-01,3.000084816462e-01,6.585079883923e-04
5.289936258141e+00,-7.709654352399e+00,3.893000000000e-02,-1.730000000000e-03,9.981442869741e-01,7.406873631187e-05
9.375000300001e-01,-7.707129316204e+00,7.180000000000e-03,-2.650800000000e-01,2.522687467031e+00,1.168073379458e-03
6.158301680602e+00,-7.705930473965e+00,9.240000000000e-02,6.428000000000e-02,5.000450277168e-01,4.073849454391e-04
3.162128410163e+00,-7.703425082092e+00,1.549000000000e-02,-3.378000000000e-02,1.983741453617e+00,4.715232046031e-05
6.801556157741e+00,-7.703363378098e+00,1.622700000000e-01,1.368600000000e-01,9.999788427593e-02,3.967427386667e-04
4.289032267972e+00,-7.702962431249e+00,2.711000000000e-02,-2.430000000000e-02,1.516692971883e+00,6.356447898336e-05
4.053655094293e+00,-7.698840568622e+00,2.422000000000e-02,-2.784000000000e-02,1.628717770677e+00,6.037125666080e-05
4.526166022818e+00,-7.697885052538e+00,2.920000000000e-02,-2.093000000000e-02,1.406750685438e+00,6.643214988397e-05
1.099680325379e+00,-7.692568795434e+00,2.830000000000e-03,-1.925800000000e-01,2.515769572566e+00,6.103673864970e-04
5.844483310885e+00,-7.689803591495e+00,5.901000000000e-02,2.773000000000e-02,7.001149332279e-01,1.070051437571e-04
3.820336661205e+00,-7.685851664382e+00,2.161000000000e-02,-2.933000000000e-02,1.741066587107e+00,5.692476847103e-05
1.904399045818e+00,-7.685706691815e+00,-2.260000000000e-03,-6.285000000000e-02,2.375284942871e+00,3.529766819818e-05
4.764743096756e+00,-7.683285358205e+00,3.130000000000e-02,-1.650000000000e-02,1.299665898698e+00,6.893326415134e-05
1.298797919921e+00,-7.667962053423e+00,-1.290000000000e-03,-1.273000000000e-01,2.510817523538e+00,2.082889638559e-04
3.589367768544e+00,-7.664336693534e+00,1.896000000000e-02,-3.093000000000e-02,1.855915675751e+00,5.332643991466e-05
2.517839168788e+00,-7.663136110594e+00,6.230000000000e-03,-4.299000000000e-02,2.234817784855e+00,3.879400375009e-05
5.536394272657e+00,-7.662451767316e+00,4.471000000000e-02,7.690000000000e-03,8.998649651954e-01,7.571585702008e-05
2.937487035620e+00,-7.660126887336e+00,1.248000000000e-02,-3.792000000000e-02,2.103224535382e+00,4.377561785838e-05
5.004439392446e+00,-7.658849742027e+00,3.274000000000e-02,-1.234000000000e-02,1.195643246574e+00,7.099106040777e-05
2.103388998199e+00,-7.645071934056e+00,-8.400000000000e-04,-5.488000000000e-02,2.366648012326e+00,3.611227640391e-05
1.497383389485e+00,-7.639568677977e+00,-2.610000000000e-03,-9.078000000000e-02,2.504756386178e+00,4.806947047197e-05
3.361027610981e+00,-7.634645048865e+00,1.729000000000e-02,-3.327000000000e-02,1.972994806897e+00,4.971757851727e-05
6.416215502616e+00,-7.631487495704e+00,1.161200000000e-01,9.014000000000e-02,4.000113088618e-01,5.729204267210e-04
6.738121202026e+00,-7.626061481271e+00,1.533300000000e-01,1.298300000000e-01,1.999957685516e-01,4.536067825516e-04
6.099296002954e+00,-7.625183144629e+00,7.345000000000e-02,4.545000000000e-02,6.000540332601e-01,2.161719848783e-04
5.244920254280e+00,-7.624274401169e+00,3.677000000000e-02,-5.900000000000e-03,1.094873584578e+00,7.229658955250e-05
6.250000200012e-02,-7.618900997877e+00,2.610000000000e-03,-8.672800000000e-01,2.664005834132e+00,2.250484183977e-03
1.875000060004e-01,-7.616850143744e+00,7.880000000000e-03,-8.153100000000e-01,2.664510265287e+00,2.588827035338e-03
3.125000100004e-01,-7.614799289611e+00,1.138000000000e-02,-7.258600000000e-01,2.662249994796e+00,2.817110306806e-03
4.375000140001e-01,-7.612748435478e+00,1.302000000000e-02,-6.185200000000e-01,2.658436668396e+00,2.772370171736e-03
2.716192660938e+00,-7.609610739341e+00,9.290000000000e-03,-4.080000000000e-02,2.224211732845e+00,4.092432775546e-05
7.064602714562e+00,-7.608640395097e+00,1.269700000000e-01,1.111800000000e-01,4.092211371919e-04,5.987713061879e-04
5.625000180001e-01,-7.608638538875e+00,1.434000000000e-02,-5.168900000000e-01,2.655128742138e+00,2.540702774534e-03
5.787762108510e+00,-7.607426475272e+00,5.049000000000e-02,1.699000000000e-02,8.001313522599e-01,7.815714676070e-05
1.695344624593e+00,-7.607402759467e+00,-1.810000000000e-03,-7.500000000000e-02,2.497592625375e+00,3.501707792941e-05
4.251569368737e+00,-7.607005199224e+00,2.641000000000e-02,-2.666000000000e-02,1.619630089716e+00,6.218321533154e-05
4.486707056251e+00,-7.604384488086e+00,2.869000000000e-02,-2.332000000000e-02,1.508149740809e+00,6.510759314788e-05
6.875000220003e-01,-7.602469599804e+00,1.036000000000e-02,-4.197900000000e-01,2.651149336861e+00,2.180994804735e-03
2.301446934890e+00,-7.600580047036e+00,1.890000000000e-03,-4.937000000000e-02,2.357022791804e+00,3.722630564882e-05
4.018254995331e+00,-7.600554606522e+00,2.364000000000e-02,-2.977000000000e-02,1.731275662863e+00,5.898126570631e-05
3.135583541561e+00,-7.597134177298e+00,1.491000000000e-02,-3.619000000000e-02,2.092030527088e+00,4.626719563580e-05
8.125000260003e-01,-7.596300660733e+00,8.300000000000e-03,-3.353800000000e-01,2.645328901539e+00,1.703518829000e-03
4.723357893420e+00,-7.592367734764e+00,3.088000000000e-02,-1.905000000000e-02,1.399459289305e+00,6.770474537656e-05
9.375000300001e-01,-7.590131721661e+00,6.440000000000e-03,-2.623800000000e-01,2.639355557424e+00,1.163028376007e-03
3.787062958206e+00,-7.585366497791e+00,2.086000000000e-02,-3.155000000000e-02,1.845243500942e+00,5.558059540442e-05
5.485840755699e+00,-7.579265663204e+00,4.063000000000e-02,1.630000000000e-03,9.971710083527e-01,7.458674495922e-05
1.098349191012e+00,-7.575859844846e+00,2.410000000000e-03,-1.903900000000e-01,2.631867917211e+00,6.048954060544e-04
1.892589885095e+00,-7.571480628740e+00,-2.590000000000e-03,-6.490000000000e-02,2.489334854582e+00,3.576610454886e-05
4.961200839056e+00,-7.570639593991e+00,3.220000000000e-02,-1.467000000000e-02,1.293766713115e+00,6.995016000663e-05
3.558280882191e+00,-7.561783359203e+00,1.856000000000e-02,-3.273000000000e-02,1.961606579222e+00,5.208487634968e-05
6.354971346370e+00,-7.552432332830e+00,9.307000000000e-02,6.823000000000e-02,5.000141360774e-01,3.928479008465e-04
2.498479146088e+00,-7.552254886417e+00,5.410000000000e-03,-4.595000000000e-02,2.346423962282e+00,3.869244243795e-05
2.913290846361e+00,-7.552169209724e+00,1.173000000000e-02,-4.061000000000e-02,2.212747303688e+00,4.313888319720e-05
1.294813686338e+00,-7.551660039821e+00,-1.720000000000e-03,-1.266000000000e-01,2.626545727442e+00,2.044176891661e-04
6.674686246311e+00,-7.548759584444e+00,1.351600000000e-01,1.141000000000e-01,2.999936528277e-01,6.216491277996e-04
6.040290325305e+00,-7.544435815293e+00,6.122000000000e-02,3.152000000000e-02,7.000630388028e-01,1.069462577008e-04
5.199904250418e+00,-7.538894449938e+00,3.462000000000e-02,-9.950000000000e-03,1.191266864608e+00,7.176611788198e-05
6.999026285793e+00,-7.533151538925e+00,1.564800000000e-01,1.367400000000e-01,9.999417691159e-02,4.157817673855e-04
2.089027856127e+00,-7.531820847195e+00,-9.800000000000e-04,-5.706000000000e-02,2.479993887171e+00,3.639887643836e-05
3.332184751051e+00,-7.530156016901e+00,1.690000000000e-02,-3.538000000000e-02,2.080097441747e+00,4.863551168405e-05
5.731040906136e+00,-7.525049359049e+00,4.562000000000e-02,1.044000000000e-02,8.997870954184e-01,7.597205268459e-05
1.490766136873e+00,-7.523816493188e+00,-3.720000000000e-03,-9.126000000000e-02,2.620031193747e+00,4.668293010608e-05
4.214106469502e+00,-7.511047967199e+00,2.576000000000e-02,-2.862000000000e-02,1.721054191439e+00,6.077064949500e-05
4.447248089684e+00,-7.510883923634e+00,2.816000000000e-02,-2.523000000000e-02,1.609559729124e+00,6.373796410542e-05
3.982854896368e+00,-7.502268644423e+00,2.299000000000e-02,-3.195000000000e-02,1.834049034194e+00,5.757416989750e-05
4.681972690084e+00,-7.501450111322e+00,3.017000000000e-02,-2.135000000000e-02,1.499266038841e+00,6.642198727847e-05
6.250000200012e-02,-7.500775196424e+00,2.750000000000e-03,-8.780500000000e-01,2.782131635583e+00,2.270455371942e-03
2.694392532034e+00,-7.500122583914e+00,8.850000000000e-03,-4.353000000000e-02,2.334868467287e+00,4.054271832038e-05
1.875000060004e-01,-7.498804767943e+00,8.240000000000e-03,-8.234400000000e-01,2.782435769341e+00,2.610776675678e-03
5.439126168743e+00,-7.496836744310e+00,3.821000000000e-02,-2.540000000000e-03,1.092139241281e+00,7.280328255963e-05
3.125000100004e-01,-7.496834339463e+00,1.133000000000e-02,-7.326500000000e-01,2.780090303716e+00,2.839282667496e-03
4.375000140001e-01,-7.494863910982e+00,1.281000000000e-02,-6.223600000000e-01,2.776196201440e+00,2.791884798738e-03
1.686117908970e+00,-7.492342763606e+00,-2.220000000000e-03,-7.585000000000e-02,2.612330915826e+00,3.539229713072e-05
5.625000180001e-01,-7.490915186796e+00,1.381000000000e-02,-5.179800000000e-01,2.772395967832e+00,2.555716628455e-03
3.109038672958e+00,-7.490843272504e+00,1.427000000000e-02,-3.896000000000e-02,2.200444971072e+00,4.539414616006e-05
2.284567702950e+00,-7.488444195634e+00,1.470000000000e-03,-5.182000000000e-02,2.469582799080e+00,3.732655604431e-05
6.875000220003e-01,-7.484988166903e+00,1.003000000000e-02,-4.186700000000e-01,2.768129124734e+00,2.188856828214e-03
3.753789255207e+00,-7.484881331201e+00,2.009000000000e-02,-3.391000000000e-02,1.949600756778e+00,5.423232594321e-05
4.917962285666e+00,-7.482429445955e+00,3.209000000000e-02,-1.714000000000e-02,1.391906264187e+00,6.878996396216e-05
8.125000260003e-01,-7.479061147011e+00,7.210000000000e-03,-3.323100000000e-01,2.761751498149e+00,1.703579415056e-03
6.293727190125e+00,-7.473377169957e+00,7.516000000000e-02,5.022000000000e-02,6.000169632927e-01,2.114738915435e-04
9.375000300001e-01,-7.473134127118e+00,5.520000000000e-03,-2.606200000000e-01,2.755933451111e+00,1.157714261271e-03
6.611251290595e+00,-7.471457687617e+00,1.143700000000e-01,9.501000000000e-02,3.999915371038e-01,5.471205666243e-04
5.981284647657e+00,-7.463688485957e+00,5.267000000000e-02,2.036000000000e-02,8.000720443454e-01,7.819968194229e-05
3.527193995838e+00,-7.459230024871e+00,1.757000000000e-02,-3.473000000000e-02,2.067448889227e+00,5.084903225149e-05
1.097018056645e+00,-7.459150894259e+00,1.820000000000e-03,-1.880900000000e-01,2.748018636614e+00,5.991419091197e-04
6.933449857025e+00,-7.457662682753e+00,1.495400000000e-01,1.314200000000e-01,1.999883538230e-01,4.066303147255e-04
1.880780724371e+00,-7.457254565666e+00,-2.960000000000e-03,-6.641000000000e-02,2.603453778381e+00,3.608442004883e-05
5.154888246557e+00,-7.453514498708e+00,3.420000000000e-02,-1.261000000000e-02,1.287679180763e+00,7.082102652507e-05
2.889094657102e+00,-7.444211532112e+00,1.092000000000e-02,-4.322000000000e-02,2.322375603813e+00,4.250774857229e-05
5.678514614089e+00,-7.444181296613e+00,4.218000000000e-02,5.070000000000e-03,9.961850041816e-01,7.495150840599e-05
2.479119123389e+00,-7.441373662241e+00,4.440000000000e-03,-4.925000000000e-02,2.458117003469e+00,3.854486773476e-05
1.290829452755e+00,-7.435358026219e+00,-1.560000000000e-03,-1.273900000000e-01,2.742328270859e+00,2.003671985057e-04
7.259905172812e+00,-7.431738438300e+00,1.219600000000e-01,1.113200000000e-01,4.092211377058e-04,5.822083925423e-04
3.303341891121e+00,-7.425666984938e+00,1.586000000000e-02,-3.753000000000e-02,2.187327584753e+00,4.756373974913e-05
2.074666714056e+00,-7.418569760333e+00,-1.430000000000e-03,-5.887000000000e-02,2.593411006516e+00,3.657256496378e-05
4.407789123116e+00,-7.417383359182e+00,2.762000000000e-02,-2.720000000000e-02,1.710427440354e+00,6.232830820567e-05
4.176643570267e+00,-7.415090735174e+00,2.491000000000e-02,-3.091000000000e-02,1.822358300017e+00,5.933146872704e-05
5.392411581787e+00,-7.414407825416e+00,3.734000000000e-02,-6.010000000000e-03,1.186768920180e+00,7.241828337539e-05
4.640587486748e+00,-7.410532487881e+00,2.970000000000e-02,-2.375000000000e-02,1.599083645916e+00,6.508683836819e-05
1.484148884262e+00,-7.408064308399e+00,-3.330000000000e-03,-9.243000000000e-02,2.735362329006e+00,4.521243767584e-05
3.947454797406e+00,-7.403982682323e+00,2.238000000000e-02,-3.468000000000e-02,1.937003586352e+00,5.615311350220e-05
6.232483033880e+00,-7.394322007085e+00,6.389000000000e-02,3.595000000000e-02,7.000197905074e-01,1.065365709611e-04
4.874723732275e+00,-7.394219297920e+00,3.223000000000e-02,-1.982000000000e-02,1.490058721672e+00,6.757102726311e-05
6.547816334880e+00,-7.394155790789e+00,9.378000000000e-02,7.261000000000e-02,4.999894213798e-01,3.787726526445e-04
2.672592403130e+00,-7.390634428487e+00,7.900000000000e-03,-4.661000000000e-02,2.445614337982e+00,4.011823456530e-05
3.082493804356e+00,-7.384552367711e+00,1.343000000000e-02,-4.186000000000e-02,2.308967125827e+00,4.452823255046e-05
3.720515552208e+00,-7.384396164610e+00,1.927000000000e-02,-3.650000000000e-02,2.054110868459e+00,5.288119232205e-05
5.922278970008e+00,-7.382941156621e+00,4.781000000000e-02,1.179000000000e-02,8.997203445183e-01,7.603904237375e-05
6.250000200012e-02,-7.382649394971e+00,3.180000000000e-03,-8.891500000000e-01,2.900257437033e+00,2.290754495647e-03
6.867873428256e+00,-7.382173826581e+00,1.311700000000e-01,1.156900000000e-01,2.999825307347e-01,5.872352746181e-04
1.875000060004e-01,-7.380759392143e+00,8.500000000000e-03,-8.311200000000e-01,2.900366701175e+00,2.633074370991e-03
3.125000100004e-01,-7.378869389314e+00,1.154000000000e-02,-7.382700000000e-01,2.897940754703e+00,2.861786599377e-03
1.676891193348e+00,-7.377282767746e+00,-3.180000000000e-03,-7.670000000000e-02,2.727127531872e+00,3.560685893393e-05
4.375000140001e-01,-7.376979386486e+00,1.363000000000e-02,-6.267600000000e-01,2.893965912056e+00,2.811665392368e-03
2.267688471010e+00,-7.376308344232e+00,7.200000000000e-04,-5.393000000000e-02,2.582216233629e+00,3.734612546865e-05
5.625000180001e-01,-7.373191834716e+00,1.473000000000e-02,-5.186900000000e-01,2.889658565966e+00,2.570906931189e-03
5.109872242696e+00,-7.368134547477e+00,3.348000000000e-02,-1.532000000000e-02,1.384106555067e+00,6.975125347402e-05
6.875000220003e-01,-7.367506734002e+00,1.079000000000e-02,-4.177400000000e-01,2.885149678997e+00,2.196733207316e-03
5.630183232372e+00,-7.364822287965e+00,4.029000000000e-02,3.800000000000e-04,1.089342747391e+00,7.319149100141e-05
8.125000260003e-01,-7.361821633289e+00,6.880000000000e-03,-3.299200000000e-01,2.878240414714e+00,1.703470970753e-03
7.192238208271e+00,-7.358121028470e+00,1.508400000000e-01,1.367400000000e-01,9.999170525752e-02,4.339492419843e-04
3.496107109485e+00,-7.356676690539e+00,1.625000000000e-02,-3.700000000000e-02,2.173420486068e+00,4.961808037264e-05
9.375000300001e-01,-7.356136532576e+00,4.590000000000e-03,-2.572400000000e-01,2.871389230241e+00,1.152126360368e-03
1.868971563647e+00,-7.343028502592e+00,-3.160000000000e-03,-6.844000000000e-02,2.717633020410e+00,3.625860286827e-05
1.095686922278e+00,-7.342441943671e+00,1.780000000000e-03,-1.860400000000e-01,2.864215359020e+00,5.931119894204e-04
2.864898467843e+00,-7.336253854500e+00,1.040000000000e-02,-4.560000000000e-02,2.432095165049e+00,4.187152375379e-05
5.345696994831e+00,-7.331978906522e+00,3.639000000000e-02,-9.280000000000e-03,1.281415770182e+00,7.158865669501e-05
2.459759100689e+00,-7.330492438065e+00,3.500000000000e-03,-5.202000000000e-02,2.569885582556e+00,3.836589515206e-05
4.368330156549e+00,-7.323882794730e+00,2.700000000000e-02,-2.948000000000e-02,1.810199524347e+00,6.088369409391e-05
3.274499031191e+00,-7.321177952975e+00,1.453000000000e-02,-3.982000000000e-02,2.294667360560e+00,4.649973169700e-05
4.599202283412e+00,-7.319614864439e+00,2.940000000000e-02,-2.618000000000e-02,1.698910196763e+00,6.370431681760e-05
4.139180671032e+00,-7.319133503149e+00,2.425000000000e-02,-3.395000000000e-02,1.923843687986e+00,5.786961250200e-05
1.286845219172e+00,-7.319056012616e+00,-1.740000000000e-03,-1.259500000000e-01,2.858158549998e+00,1.961548457782e-04
6.484381379166e+00,-7.316853893962e+00,7.713000000000e-02,5.384000000000e-02,5.999873056556e-01,2.066750136170e-04
6.171238877635e+00,-7.315266844213e+00,5.589000000000e-02,2.498000000000e-02,8.000226177221e-01,7.796899951716e-05
6.802296999487e+00,-7.306684970409e+00,1.131400000000e-01,9.874000000000e-02,3.999767076465e-01,5.227133520738e-04
4.831485178885e+00,-7.306009149884e+00,3.205000000000e-02,-2.233000000000e-02,1.588221692716e+00,6.629344530470e-05
3.912054698443e+00,-7.305696720223e+00,2.164000000000e-02,-3.741000000000e-02,2.040111889568e+00,5.472065243280e-05
2.060305571984e+00,-7.305318673472e+00,-1.920000000000e-03,-6.089000000000e-02,2.706890415067e+00,3.663428604055e-05
5.867844373313e+00,-7.304481367592e+00,4.488000000000e-02,6.720000000000e-03,9.951882049734e-01,7.513325182847e-05
1.477531631651e+00,-7.292312123610e+00,-3.030000000000e-03,-9.315000000000e-02,2.850742955497e+00,4.366320360218e-05
5.581851850655e+00,-7.285463279316e+00,3.943000000000e-02,-2.950000000000e-03,1.182158850166e+00,7.295094605462e-05
7.124571243729e+00,-7.284503618641e+00,1.459800000000e-01,1.331900000000e-01,1.999834105148e-01,3.615728135689e-04
3.687241849209e+00,-7.283910998019e+00,1.851000000000e-02,-3.921000000000e-02,2.158751635795e+00,5.152809754562e-05
5.064856238835e+00,-7.282754596247e+00,3.347000000000e-02,-1.799000000000e-02,1.480546045329e+00,6.861895468715e-05
2.650792274225e+00,-7.281146273060e+00,6.850000000000e-03,-4.983000000000e-02,2.556437760703e+00,3.967258038541e-05
3.055948935754e+00,-7.278261462917e+00,1.245000000000e-02,-4.432000000000e-02,2.417582486403e+00,4.366356774822e-05
6.250000200012e-02,-7.264523593517e+00,3.140000000000e-03,-9.004200000000e-01,3.018383238484e+00,2.311393015811e-03
2.250809239070e+00,-7.264172492829e+00,-2.500000000000e-04,-5.609000000000e-02,2.694913888829e+00,3.727582636036e-05
1.875000060004e-01,-7.262714016342e+00,8.900000000000e-03,-8.394500000000e-01,3.018306580446e+00,2.655742765074e-03
1.667664477726e+00,-7.262222771886e+00,-3.240000000000e-03,-7.787000000000e-02,2.841975405640e+00,3.566836821983e-05
3.125000100004e-01,-7.260904439166e+00,1.235000000000e-02,-7.435900000000e-01,3.015800158771e+00,2.884654005405e-03
4.375000140001e-01,-7.259094861991e+00,1.376000000000e-02,-6.295500000000e-01,3.011744606308e+00,2.831745701864e-03
5.625000180001e-01,-7.255468482636e+00,1.413000000000e-02,-5.195700000000e-01,3.006957171049e+00,2.586303865523e-03
3.465020223132e+00,-7.254123356208e+00,1.514000000000e-02,-3.955000000000e-02,2.279503338607e+00,4.839166816824e-05
7.450779358496e+00,-7.250067310199e+00,1.165100000000e-01,1.117600000000e-01,4.092211363490e-04,5.660124516032e-04
6.875000220003e-01,-7.250025301102e+00,9.710000000000e-03,-4.166800000000e-01,3.002206232653e+00,2.204634985356e-03
5.298982407875e+00,-7.249549987628e+00,3.590000000000e-02,-1.280000000000e-02,1.376076248196e+00,7.063067887713e-05
8.125000260003e-01,-7.244582119567e+00,6.040000000000e-03,-3.275600000000e-01,2.994787912259e+00,1.703190164851e-03
6.420946423451e+00,-7.239551997135e+00,6.605000000000e-02,4.044000000000e-02,6.999851899308e-01,1.057810823415e-04
9.375000300001e-01,-7.239138938033e+00,5.570000000000e-03,-2.557900000000e-01,2.986964999861e+00,1.146263406856e-03
6.109994721390e+00,-7.236211681340e+00,4.997000000000e-02,1.604000000000e-02,8.996647149750e-01,7.584953934128e-05
6.736720570718e+00,-7.231196114237e+00,9.348000000000e-02,7.719000000000e-02,4.999708845581e-01,3.652698847955e-04
4.328871189982e+00,-7.230382230278e+00,2.604000000000e-02,-3.223000000000e-02,1.910152176756e+00,5.940838049094e-05
1.857162402923e+00,-7.228802439517e+00,-3.180000000000e-03,-6.963000000000e-02,2.831865284685e+00,3.629504844591e-05
4.557817080076e+00,-7.228697240998e+00,2.869000000000e-02,-2.853000000000e-02,1.797603241149e+00,6.227949553843e-05
5.817980857573e+00,-7.228309118871e+00,4.264000000000e-02,2.460000000000e-03,1.086490012638e+00,7.342749099349e-05
2.840702278584e+00,-7.228296176888e+00,9.500000000000e-03,-4.784000000000e-02,2.541894169706e+00,4.120044588381e-05
1.094355787912e+00,-7.225732993084e+00,2.110000000000e-03,-1.846400000000e-01,2.980452703976e+00,5.868127507627e-04
4.101717771797e+00,-7.223176271124e+00,2.326000000000e-02,-3.694000000000e-02,2.025483106905e+00,5.638839469595e-05
2.440399077990e+00,-7.219611213889e+00,2.830000000000e-03,-5.445000000000e-02,2.681720254765e+00,3.815352914867e-05
4.788246625494e+00,-7.217799001849e+00,3.121000000000e-02,-2.494000000000e-02,1.686393341373e+00,6.496175861447e-05
3.245656171260e+00,-7.216688921011e+00,1.340000000000e-02,-4.211000000000e-02,2.402102072135e+00,4.544092384633e-05
7.056904279188e+00,-7.210886208811e+00,1.286000000000e-01,1.167200000000e-01,2.999751157725e-01,5.553081524553e-04
3.876654599481e+00,-7.207410758124e+00,2.063000000000e-02,-3.996000000000e-02,2.143351754864e+00,5.327888206703e-05
5.533520468937e+00,-7.206104270668e+00,3.800000000000e-02,-6.300000000000e-03,1.274989812580e+00,7.225011316099e-05
1.282860985589e+00,-7.202753999014e+00,-1.900000000000e-03,-1.248200000000e-01,2.974030987343e+00,1.917974759025e-04
5.019840234973e+00,-7.197374645016e+00,3.361000000000e-02,-2.072000000000e-02,1.576995428735e+00,6.742203335490e-05
2.045944429912e+00,-7.192067586611e+00,-2.410000000000e-03,-6.253000000000e-02,2.820424594241e+00,3.658524436084e-05
3.653968146209e+00,-7.183425831429e+00,1.785000000000e-02,-4.173000000000e-02,2.263504938409e+00,5.017412320429e-05
7.381074368763e+00,-7.178378340483e+00,1.449500000000e-01,1.377400000000e-01,9.999046940884e-02,4.510379024730e-04
1.470914379040e+00,-7.176559938821e+00,-2.910000000000e-03,-9.462000000000e-02,2.966167297762e+00,4.203980393618e-05
3.029404067151e+00,-7.171970558123e+00,1.144000000000e-02,-4.655000000000e-02,2.526279030899e+00,4.279255196920e-05
2.628992145321e+00,-7.171658117634e+00,5.770000000000e-03,-5.229000000000e-02,2.667329068966e+00,3.922490651976e-05
5.252267820919e+00,-7.167121068735e+00,3.568000000000e-02,-1.638000000000e-02,1.470747722838e+00,6.960635566295e-05
6.357511467737e+00,-7.162250100309e+00,5.744000000000e-02,2.878000000000e-02,7.999830742058e-01,7.740582425307e-05
6.053718559813e+00,-7.160248731544e+00,4.635000000000e-02,9.230000000000e-03,9.941826289395e-01,7.505110261203e-05
6.671144141949e+00,-7.155707258065e+00,7.785000000000e-02,5.837000000000e-02,5.999650614696e-01,2.018538997293e-04
5.768117341832e+00,-7.152136870149e+00,4.057000000000e-02,-8.400000000000e-04,1.177446670504e+00,7.331983005988e-05
2.233930007130e+00,-7.152036641427e+00,-6.000000000000e-04,-5.847000000000e-02,2.807668031387e+00,3.711895064843e-05
3.433933336778e+00,-7.151570021876e+00,1.435000000000e-02,-4.189000000000e-02,2.385682605452e+00,4.717013052215e-05
1.658437762103e+00,-7.147162776026e+00,-3.110000000000e-03,-7.883000000000e-02,2.956868564425e+00,3.558476323599e-05
6.250000200012e-02,-7.146397792064e+00,2.950000000000e-03,-9.109000000000e-01,3.136509039934e+00,2.332380786205e-03
1.875000060004e-01,-7.144668640541e+00,8.680000000000e-03,-8.487400000000e-01,3.136254397738e+00,2.678799726217e-03
3.125000100004e-01,-7.142939489018e+00,1.266000000000e-02,-7.487700000000e-01,3.133667505727e+00,2.907908973458e-03
4.375000140001e-01,-7.141210337495e+00,1.441000000000e-02,-6.334900000000e-01,3.129531269909e+00,2.852150157195e-03
4.516431876740e+00,-7.137779617556e+00,2.792000000000e-02,-3.125000000000e-02,1.895962793419e+00,6.081655181732e-05
5.625000180001e-01,-7.137745130556e+00,1.507000000000e-02,-5.202200000000e-01,3.124287727537e+00,2.601928136500e-03
6.989237314646e+00,-7.137268798981e+00,1.108300000000e-01,9.924000000000e-02,3.999668210303e-01,4.998864526241e-04
4.289412223414e+00,-7.136881665826e+00,2.473000000000e-02,-3.560000000000e-02,2.010258463477e+00,5.790598932289e-05
6.875000220003e-01,-7.132543868201e+00,9.580000000000e-03,-4.158600000000e-01,3.119294732901e+00,2.212568618303e-03
4.745008072104e+00,-7.129588853813e+00,3.083000000000e-02,-2.782000000000e-02,1.784572235543e+00,6.358053195737e-05
8.125000260003e-01,-7.127342605845e+00,5.800000000000e-03,-3.253300000000e-01,3.111387407747e+00,1.702733504004e-03
4.064254872562e+00,-7.127219039099e+00,2.202000000000e-02,-3.938000000000e-02,2.127254478268e+00,5.489059458378e-05
5.485189087220e+00,-7.126745262019e+00,3.743000000000e-02,-9.740000000000e-03,1.367832609190e+00,7.141746759624e-05
9.375000300001e-01,-7.122141343490e+00,4.870000000000e-03,-2.532600000000e-01,3.102647350813e+00,1.140125106117e-03
2.816506089325e+00,-7.120338499276e+00,8.250000000000e-03,-5.005000000000e-02,2.651762749488e+00,4.050146472830e-05
1.845353242199e+00,-7.114576376443e+00,-2.760000000000e-03,-7.017000000000e-02,2.946144403641e+00,3.620085607670e-05
3.216813311330e+00,-7.112199889048e+00,1.237000000000e-02,-4.428000000000e-02,2.509619527146e+00,4.438254432478e-05
4.974824231112e+00,-7.111994693785e+00,3.333000000000e-02,-2.387000000000e-02,1.673452994713e+00,6.616403755224e-05
3.841254500518e+00,-7.109124796025e+00,1.933000000000e-02,-4.210000000000e-02,2.246705045818e+00,5.182976349904e-05
1.093024653545e+00,-7.109024042496e+00,1.350000000000e-03,-1.819900000000e-01,3.095733745182e+00,5.802524213801e-04
2.421039055291e+00,-7.108729989713e+00,2.080000000000e-03,-5.641000000000e-02,2.793613082535e+00,3.786841439723e-05
7.311369379031e+00,-7.106689370767e+00,1.407600000000e-01,1.338900000000e-01,1.999809388171e-01,3.179953903250e-04
6.002410392903e+00,-7.087377994827e+00,4.457000000000e-02,4.840000000000e-03,1.083587257696e+00,7.341701764696e-05
7.615081008941e+00,-7.086743644948e+00,1.110500000000e-01,1.114600000000e-01,2.351057154200e-04,5.591952615734e-04
1.278876752006e+00,-7.086451985412e+00,-2.960000000000e-03,-1.246600000000e-01,3.088952167926e+00,1.873115468572e-04
6.294076512022e+00,-7.084948203482e+00,5.071000000000e-02,1.973000000000e-02,8.996202088481e-01,7.532685049271e-05
5.205553233963e+00,-7.084692149841e+00,3.559000000000e-02,-1.973000000000e-02,1.565428199001e+00,6.851093395936e-05
3.620694443210e+00,-7.082940664838e+00,1.690000000000e-02,-4.397000000000e-02,2.368355843912e+00,4.882121619796e-05
6.605567713181e+00,-7.080218401893e+00,6.664000000000e-02,4.315000000000e-02,6.999592383804e-01,1.046595343666e-04
2.031583287840e+00,-7.078816499750e+00,-2.570000000000e-03,-6.418000000000e-02,2.934007185842e+00,3.642879544224e-05
5.718253826092e+00,-7.075964621428e+00,3.997000000000e-02,-3.570000000000e-03,1.268415523224e+00,7.275299661760e-05
3.002859198549e+00,-7.065679653329e+00,1.053000000000e-02,-4.863000000000e-02,2.635046712743e+00,4.190235696643e-05
6.921570350104e+00,-7.063651389151e+00,9.367000000000e-02,8.112000000000e-02,4.999585262879e-01,3.526059188361e-04
2.607192016417e+00,-7.062169962207e+00,4.830000000000e-03,-5.454000000000e-02,2.778280134103e+00,3.878084877817e-05
1.464297126428e+00,-7.060807754032e+00,-2.960000000000e-03,-9.593000000000e-02,3.080668749479e+00,4.034638898508e-05
3.402846450425e+00,-7.049016687544e+00,1.358000000000e-02,-4.434000000000e-02,2.491945962288e+00,4.595302184239e-05
5.436857705502e+00,-7.047386253371e+00,3.780000000000e-02,-1.300000000000e-02,1.460684983414e+00,7.051300586652e-05
4.475046673404e+00,-7.046861994115e+00,2.750000000000e-02,-3.482000000000e-02,1.994474846692e+00,5.931898863338e-05
4.249953256847e+00,-7.043381101374e+00,2.375000000000e-02,-3.894000000000e-02,2.110496522807e+00,5.637958330571e-05
4.701769518714e+00,-7.041378705778e+00,3.038000000000e-02,-3.065000000000e-02,1.881312043611e+00,6.215333159661e-05
2.217050775190e+00,-7.039900790025e+00,-8.400000000000e-04,-6.062000000000e-02,2.920472118686e+00,3.687628556301e-05
7.241664389298e+00,-7.035000401051e+00,1.253300000000e-01,1.194000000000e-01,2.999714082264e-01,5.264179390901e-04
1.649211046481e+00,-7.032102780166e+00,-3.430000000000e-03,-7.996000000000e-02,3.070897066298e+00,3.536451174457e-05
4.026791973327e+00,-7.031261807075e+00,2.100000000000e-02,-4.173000000000e-02,2.229139729280e+00,5.337860042375e-05
6.250000200012e-02,-7.028271990610e+00,2.950000000000e-03,-9.219300000000e-01,3.254634841385e+00,2.353726637347e-03
1.875000060004e-01,-7.026623264740e+00,8.190000000000e-03,-8.582400000000e-01,3.254209289919e+00,2.702260272254e-03
4.929808227251e+00,-7.026614742555e+00,3.307000000000e-02,-2.701000000000e-02,1.769917405454e+00,6.484849916041e-05
3.125000100004e-01,-7.024974538870e+00,1.291000000000e-02,-7.541000000000e-01,3.251541931789e+00,2.931570979407e-03
4.375000140001e-01,-7.023325813000e+00,1.458000000000e-02,-6.367000000000e-01,3.247140578460e+00,2.872897715655e-03
5.625000180001e-01,-7.020021778476e+00,1.572000000000e-02,-5.199900000000e-01,3.241646766012e+00,2.617795013872e-03
7.543682955840e+00,-7.016733936266e+00,1.388400000000e-01,1.387200000000e-01,9.999520636648e-02,4.652042358594e-04
6.875000220003e-01,-7.015062435300e+00,1.089000000000e-02,-4.145000000000e-01,3.236411712403e+00,2.220538455267e-03
5.951102225993e+00,-7.014507258109e+00,4.392000000000e-02,1.310000000000e-03,1.172642983926e+00,7.340833618966e-05
2.792309900066e+00,-7.012380821664e+00,7.210000000000e-03,-5.221000000000e-02,2.761692600675e+00,3.983740156558e-05
6.236027751640e+00,-7.011568935871e+00,4.857000000000e-02,1.447000000000e-02,9.931703801745e-01,7.462040579818e-05
3.805854401556e+00,-7.010838833925e+00,1.838000000000e-02,-4.424000000000e-02,2.350156798053e+00,5.037570435571e-05
8.125000260003e-01,-7.010103092123e+00,5.530000000000e-03,-3.207500000000e-01,3.228033266544e+00,1.702097834142e-03
3.187970451400e+00,-7.007710857085e+00,1.138000000000e-02,-4.636000000000e-02,2.617209528076e+00,4.331863786652e-05
9.375000300001e-01,-7.005143748947e+00,4.330000000000e-03,-2.507400000000e-01,3.218424790309e+00,1.133711696384e-03
6.539991284413e+00,-7.004729545722e+00,5.991000000000e-02,3.274000000000e-02,7.999534152911e-01,7.640838833199e-05
5.158838647007e+00,-7.002263230947e+00,3.567000000000e-02,-2.284000000000e-02,1.660116136549e+00,6.734634522634e-05
1.833544081475e+00,-7.000350313369e+00,-2.360000000000e-03,-7.110000000000e-02,3.059653648165e+00,3.598397025510e-05
5.668390310352e+00,-6.999792372707e+00,4.051000000000e-02,-6.530000000000e-03,1.359394122609e+00,7.205158816853e-05
2.401679032591e+00,-6.997848765537e+00,1.450000000000e-03,-5.816000000000e-02,2.905557347173e+00,3.751329070041e-05
1.091693519178e+00,-6.992315091909e+00,1.120000000000e-03,-1.794600000000e-01,3.210816226350e+00,5.734401145168e-04
6.853903385563e+00,-6.990033979322e+00,7.806000000000e-02,6.246000000000e-02,5.999502315452e-01,1.972930179169e-04
3.587420740211e+00,-6.982455498247e+00,1.607000000000e-02,-4.630000000000e-02,2.473291939220e+00,4.747152798760e-05
1.274892518423e+00,-6.970149971810e+00,-3.390000000000e-03,-1.249300000000e-01,3.203655465559e+00,1.827131579681e-04
5.388526323785e+00,-6.968027244722e+00,3.796000000000e-02,-1.623000000000e-02,1.553545217945e+00,6.952899241778e-05
2.017222145769e+00,-6.965565412889e+00,-2.440000000000e-03,-6.559000000000e-02,3.046958074314e+00,3.617027503687e-05
7.171959399565e+00,-6.963311431335e+00,1.085700000000e-01,1.002000000000e-01,3.999618776354e-01,4.793063331100e-04
2.976314329947e+00,-6.959388748535e+00,9.760000000000e-03,-5.064000000000e-02,2.743877072264e+00,4.100244789110e-05
4.433661470068e+00,-6.955944370673e+00,2.672000000000e-02,-3.851000000000e-02,2.093117868815e+00,5.778972106690e-05
4.658530965323e+00,-6.953168557742e+00,2.938000000000e-02,-3.376000000000e-02,1.978172255288e+00,6.068302669175e-05
2.585391887513e+00,-6.952681806780e+00,4.190000000000e-03,-5.662000000000e-02,2.889284071972e+00,3.829005982742e-05
4.210494290280e+00,-6.949880536922e+00,2.307000000000e-02,-4.162000000000e-02,2.210848431434e+00,5.483169974077e-05
7.472284902740e+00,-6.946724227585e+00,1.352100000000e-01,1.349500000000e-01,1.999904127324e-01,2.848948501906e-04
3.371759564072e+00,-6.946463353212e+00,1.277000000000e-02,-4.696000000000e-02,2.598283091917e+00,4.473638072739e-05
1.457679873817e+00,-6.945055569243e+00,-3.660000000000e-03,-9.724000000000e-02,3.194909389863e+00,3.858686326535e-05
7.753706033946e+00,-6.942826563523e+00,1.069700000000e-01,1.116400000000e-01,2.351057194128e-04,5.484763102072e-04
6.183365186590e+00,-6.942112297477e+00,4.755000000000e-02,9.170000000000e-03,1.080641013549e+00,7.307316679504e-05
5.899794059084e+00,-6.941636521392e+00,4.426000000000e-02,-1.470000000000e-03,1.261708022874e+00,7.295677830273e-05
4.884792223389e+00,-6.941234791324e+00,3.259000000000e-02,-3.022000000000e-02,1.866239345139e+00,6.347789792716e-05
3.989329074092e+00,-6.935304575049e+00,2.016000000000e-02,-4.406000000000e-02,2.331123928150e+00,5.185483756299e-05
6.474414855644e+00,-6.929240689550e+00,5.363000000000e-02,2.387000000000e-02,8.995868278070e-01,7.432068880138e-05
2.200171543250e+00,-6.927764938623e+00,-8.400000000000e-04,-6.270000000000e-02,3.032833087468e+00,3.655124139108e-05
5.618526794611e+00,-6.923620123985e+00,4.093000000000e-02,-9.690000000000e-03,1.450380634511e+00,7.127229941852e-05
5.112124060051e+00,-6.919834312053e+00,3.562000000000e-02,-2.626000000000e-02,1.754810327654e+00,6.611445602230e-05
1.639984330858e+00,-6.917042784305e+00,-3.150000000000e-03,-8.144000000000e-02,3.184591740056e+00,3.501680093392e-05
6.786236421022e+00,-6.916416569493e+00,6.727000000000e-02,4.795000000000e-02,6.999419368019e-01,1.034690293485e-04
3.770454302593e+00,-6.912552871825e+00,1.756000000000e-02,-4.661000000000e-02,2.453694557737e+00,4.891955087930e-05
6.250000200012e-02,-6.910146189157e+00,3.260000000000e-03,-9.341600000000e-01,3.372760642837e+00,2.375438744054e-03
1.875000060004e-01,-6.908577888939e+00,7.520000000000e-03,-8.680700000000e-01,3.372170514574e+00,2.726137788557e-03
3.125000100004e-01,-6.907009588721e+00,1.282000000000e-02,-7.600800000000e-01,3.369422694001e+00,2.955656913613e-03
4.375000140001e-01,-6.905441288503e+00,1.482000000000e-02,-6.389600000000e-01,3.364686989103e+00,2.894004281055e-03
2.768113710807e+00,-6.904423144052e+00,6.610000000000e-03,-5.463000000000e-02,2.871676686733e+00,3.918034301133e-05
3.159127591469e+00,-6.903221825122e+00,1.044000000000e-02,-4.839000000000e-02,2.724863481609e+00,4.223879588161e-05
5.625000180001e-01,-6.902298426396e+00,1.515000000000e-02,-5.200100000000e-01,3.359031301137e+00,2.633916786792e-03
6.875000220003e-01,-6.897581002398e+00,1.019000000000e-02,-4.127200000000e-01,3.353554187397e+00,2.228547857849e-03
8.125000260003e-01,-6.892863578401e+00,4.570000000000e-03,-3.174600000000e-01,3.344720637946e+00,1.701280365398e-03
7.102254409832e+00,-6.891622461618e+00,9.307000000000e-02,8.288000000000e-02,4.999523470449e-01,3.415170864256e-04
5.340194942067e+00,-6.888668236074e+00,3.778000000000e-02,-1.945000000000e-02,1.646411982785e+00,6.846538995678e-05
9.375000300001e-01,-6.888146154403e+00,4.100000000000e-03,-2.470600000000e-01,3.334287413001e+00,1.127023930113e-03
2.382319009892e+00,-6.886967541361e+00,9.200000000000e-04,-6.043000000000e-02,3.017304726971e+00,3.709221388720e-05
1.821734920751e+00,-6.886124250295e+00,-2.540000000000e-03,-7.205000000000e-02,3.172719345619e+00,3.565330904578e-05
3.554147037212e+00,-6.881970331657e+00,1.520000000000e-02,-4.844000000000e-02,2.578302822762e+00,4.612340470544e-05
7.400886849639e+00,-6.876714518903e+00,1.217400000000e-01,1.211500000000e-01,2.999856190994e-01,5.035030991067e-04
1.090362384811e+00,-6.875606141321e+00,2.100000000000e-04,-1.772900000000e-01,3.326012591658e+00,5.663857907227e-04
7.680947097477e+00,-6.874232128957e+00,1.337100000000e-01,1.394600000000e-01,9.999529633744e-02,4.790521991725e-04
6.130702621541e+00,-6.872655659083e+00,4.728000000000e-02,4.960000000000e-03,1.167758987044e+00,7.312198170233e-05
5.848485892174e+00,-6.868765784674e+00,4.371000000000e-02,-4.230000000000e-03,1.350780532410e+00,7.236410643422e-05
4.392276266732e+00,-6.865026747232e+00,2.549000000000e-02,-4.143000000000e-02,2.191874177511e+00,5.623110953855e-05
4.615292411933e+00,-6.864958409707e+00,2.830000000000e-02,-3.675000000000e-02,2.075161955891e+00,5.917195392381e-05
6.414664644463e+00,-6.858530168288e+00,5.188000000000e-02,1.779000000000e-02,9.921536467510e-01,7.364224199333e-05
4.171035323712e+00,-6.856379972470e+00,2.223000000000e-02,-4.396000000000e-02,2.311299360092e+00,5.326474988727e-05
4.839776219528e+00,-6.855854840094e+00,3.212000000000e-02,-3.348000000000e-02,1.961393977036e+00,6.205407606762e-05
1.270908284840e+00,-6.853847958208e+00,-3.070000000000e-03,-1.254200000000e-01,3.318474838424e+00,1.780180670823e-04
2.949769461345e+00,-6.853097843742e+00,8.600000000000e-03,-5.284000000000e-02,2.852762936179e+00,4.016133842112e-05
2.002861003697e+00,-6.852314326028e+00,-2.200000000000e-03,-6.724000000000e-02,3.159312225640e+00,3.581679458890e-05
5.568663278871e+00,-6.847447875264e+00,4.063000000000e-02,-1.308000000000e-02,1.541373657717e+00,7.040464889930e-05
3.340672677719e+00,-6.843910018881e+00,1.221000000000e-02,-4.947000000000e-02,2.704685293022e+00,4.350411467943e-05
2.563591758609e+00,-6.843193651354e+00,3.460000000000e-03,-5.842000000000e-02,3.000335014153e+00,3.774875419476e-05
6.718569456481e+00,-6.842799159664e+00,6.043000000000e-02,3.717000000000e-02,7.999336420585e-01,7.530309485319e-05
3.951866174857e+00,-6.839347343025e+00,1.923000000000e-02,-4.613000000000e-02,2.433194633096e+00,5.032242473573e-05
5.065409473095e+00,-6.837405393159e+00,3.520000000000e-02,-2.962000000000e-02,1.849509811778e+00,6.481610133032e-05
1.451062621206e+00,-6.829303384454e+00,-4.260000000000e-03,-9.842000000000e-02,3.309268316029e+00,3.676507932301e-05
7.032549420100e+00,-6.819933491902e+00,7.836000000000e-02,6.604000000000e-02,5.999428164531e-01,1.937520707172e-04
2.183292311310e+00,-6.815629087221e+00,-5.800000000000e-04,-6.441000000000e-02,3.144393708936e+00,3.614949807340e-05
3.735054203630e+00,-6.814266909726e+00,1.650000000000e-02,-4.878000000000e-02,2.557307878338e+00,4.746241671323e-05
5.291863560350e+00,-6.809309227425e+00,3.790000000000e-02,-2.254000000000e-02,1.739284231901e+00,6.732230144187e-05
7.329488796538e+00,-6.806704810221e+00,1.062500000000e-01,1.026000000000e-01,3.999808254660e-01,4.621899980669e-04
7.608188161007e+00,-6.805637694391e+00,1.308400000000e-01,1.364700000000e-01,1.999905926747e-01,2.521565416178e-04
6.078040056492e+00,-6.803199020689e+00,4.650000000000e-02,1.300000000000e-03,1.254883358814e+00,7.276718066673e-05
1.630757615236e+00,-6.801982788445e+00,-3.840000000000e-03,-8.242000000000e-02,3.298406915425e+00,3.455173531546e-05
3.130284731539e+00,-6.798732793158e+00,9.750000000000e-03,-5.074000000000e-02,2.832574096065e+00,4.120784113825e-05
2.743917521548e+00,-6.796465466440e+00,5.900000000000e-03,-5.649000000000e-02,2.981709006107e+00,3.849670833370e-05
7.889611633161e+00,-6.796338707556e+00,1.028400000000e-01,1.117500000000e-01,2.351057162397e-04,5.378711125664e-04
5.797177725264e+00,-6.795895047957e+00,4.279000000000e-02,-7.300000000000e-03,1.439859126101e+00,7.168178243408e-05
6.360740650869e+00,-6.792597981937e+00,5.009000000000e-02,1.314000000000e-02,1.077658120547e+00,7.214477787042e-05
6.250000200012e-02,-6.792020387703e+00,3.450000000000e-03,-9.466500000000e-01,3.490886444289e+00,2.397524847774e-03
1.875000060004e-01,-6.790532513137e+00,8.020000000000e-03,-8.779000000000e-01,3.490137429619e+00,2.750444790224e-03
3.125000100004e-01,-6.789044638572e+00,1.269000000000e-02,-7.647100000000e-01,3.487309149824e+00,2.980182349056e-03
4.375000140001e-01,-6.787556764006e+00,1.497000000000e-02,-6.414000000000e-01,3.482256259272e+00,2.915484186705e-03
5.625000180001e-01,-6.784575074314e+00,1.510000000000e-02,-5.201000000000e-01,3.476438750171e+00,2.650304187134e-03
3.520873334213e+00,-6.781485165066e+00,1.421000000000e-02,-5.027000000000e-02,2.683379714306e+00,4.476585188559e-05
6.875000220003e-01,-6.780099569496e+00,9.780000000000e-03,-4.101400000000e-01,3.470719576341e+00,2.236599739004e-03
4.572053858542e+00,-6.776748261671e+00,2.769000000000e-02,-3.963000000000e-02,2.172263800783e+00,5.762205755358e-05
2.362958987192e+00,-6.776086317185e+00,1.210000000000e-03,-6.257000000000e-02,3.127990574652e+00,3.661102670418e-05
8.125000260003e-01,-6.775624064678e+00,4.720000000000e-03,-3.150600000000e-01,3.461445323712e+00,1.700278621401e-03
4.350891063396e+00,-6.774109123791e+00,2.439000000000e-02,-4.380000000000e-02,2.290729121031e+00,5.464543032767e-05
1.809925760028e+00,-6.771898187220e+00,-2.750000000000e-03,-7.366000000000e-02,3.285907750520e+00,3.521890417746e-05
5.518799763130e+00,-6.771275626542e+00,4.017000000000e-02,-1.651000000000e-02,1.632372103350e+00,6.944647550289e-05
9.375000300001e-01,-6.771148559860e+00,2.760000000000e-03,-2.427700000000e-01,3.450226637250e+00,1.120063118816e-03
4.794760215667e+00,-6.770474888864e+00,3.165000000000e-02,-3.662000000000e-02,2.056675892383e+00,6.057850929992e-05
6.650902491939e+00,-6.769181749834e+00,5.574000000000e-02,2.912000000000e-02,8.995645730845e-01,7.325109539087e-05
4.131576357145e+00,-6.762879408018e+00,2.111000000000e-02,-4.632000000000e-02,2.411836936515e+00,5.168228821364e-05
1.089031250444e+00,-6.758897190733e+00,3.200000000000e-04,-1.758500000000e-01,3.441311404461e+00,5.591002504914e-04
5.018694886139e+00,-6.754976474265e+00,3.487000000000e-02,-3.267000000000e-02,1.944186776904e+00,6.345167654818e-05
6.962844430368e+00,-6.748244522187e+00,6.827000000000e-02,5.165000000000e-02,6.999332858607e-01,1.027495193232e-04
2.923224592742e+00,-6.746806938948e+00,7.600000000000e-03,-5.513000000000e-02,2.961698182692e+00,3.932167720437e-05
3.914403275622e+00,-6.743390111000e+00,1.806000000000e-02,-4.822000000000e-02,2.535341396154e+00,4.878492156445e-05
3.309585791366e+00,-6.741356684549e+00,1.176000000000e-02,-5.189000000000e-02,2.811145176722e+00,4.228401177413e-05
1.988499861625e+00,-6.739063239166e+00,-1.990000000000e-03,-6.911000000000e-02,3.271791263771e+00,3.537714244495e-05
1.266924051257e+00,-6.737545944605e+00,-2.910000000000e-03,-1.253600000000e-01,3.433398641211e+00,1.732417124457e-04
7.535429224538e+00,-6.737043259825e+00,1.184000000000e-01,1.222600000000e-01,2.999858890123e-01,4.823850750311e-04
7.258090743437e+00,-6.736695101539e+00,9.234000000000e-02,8.498000000000e-02,4.999760318331e-01,3.315632149650e-04
6.025377491443e+00,-6.733742382295e+00,4.573000000000e-02,-2.110000000000e-03,1.342012882719e+00,7.226884904242e-05
2.541791629704e+00,-6.733705495927e+00,2.840000000000e-03,-6.039000000000e-02,3.110133214050e+00,3.716280877280e-05
5.243532178632e+00,-6.729950218777e+00,3.795000000000e-02,-2.563000000000e-02,1.832161131299e+00,6.609915456318e-05
7.815519795581e+00,-6.729185934856e+00,1.287100000000e-01,1.401400000000e-01,9.999547628390e-02,4.913499609202e-04
6.306816657276e+00,-6.726665795585e+00,4.862000000000e-02,9.640000000000e-03,1.162806476935e+00,7.214128834560e-05
5.745869558355e+00,-6.723024311239e+00,4.232000000000e-02,-1.047000000000e-02,1.528942740529e+00,7.089652071395e-05
3.699654104668e+00,-6.715980947626e+00,1.547000000000e-02,-5.061000000000e-02,2.660987933316e+00,4.600084269934e-05
1.444445368594e+00,-6.713551199664e+00,-4.380000000000e-03,-9.928000000000e-02,3.423733675120e+00,3.488507236693e-05
2.166413079370e+00,-6.703493235818e+00,-3.700000000000e-04,-6.603000000000e-02,3.256081352244e+00,3.567873305513e-05
6.589524114083e+00,-6.701223205552e+00,5.246000000000e-02,2.286000000000e-02,9.911346985837e-01,7.267746127443e-05
5.468936247390e+00,-6.695103377821e+00,3.959000000000e-02,-1.943000000000e-02,1.723375112459e+00,6.839570232596e-05
3.101441871609e+00,-6.694243761195e+00,9.460000000000e-03,-5.315000000000e-02,2.940335144628e+00,4.020948541417e-05
4.528815305152e+00,-6.688538113635e+00,2.710000000000e-02,-4.250000000000e-02,2.269463395308e+00,5.603534942260e-05
2.719721332289e+00,-6.688507788828e+00,5.030000000000e-03,-5.847000000000e-02,3.090855815356e+00,3.778418661288e-05
1.621530899614e+00,-6.686922792584e+00,-4.450000000000e-03,-8.381000000000e-02,3.412330534763e+00,3.398055689714e-05
4.749744211806e+00,-6.685094937633e+00,3.085000000000e-02,-3.942000000000e-02,2.152068184984e+00,5.905251182385e-05
4.309505860060e+00,-6.683191500349e+00,2.346000000000e-02,-4.628000000000e-02,2.389670458547e+00,5.303635839691e-05
3.487599631214e+00,-6.680999998476e+00,1.330000000000e-02,-5.215000000000e-02,2.788515151916e+00,4.339996605574e-05
6.893139440636e+00,-6.676555552472e+00,6.093000000000e-02,4.058000000000e-02,7.999237552688e-01,7.433303229380e-05
6.250000200012e-02,-6.673894586249e+00,3.660000000000e-03,-9.590700000000e-01,3.609012245741e+00,2.419992381100e-03
4.971980299183e+00,-6.672547555371e+00,3.391000000000e-02,-3.554000000000e-02,2.037710678386e+00,6.202157323295e-05
1.875000060004e-01,-6.672487137335e+00,9.110000000000e-03,-8.870400000000e-01,3.608109476913e+00,2.775193392051e-03
3.125000100004e-01,-6.671079688422e+00,1.312000000000e-02,-7.695700000000e-01,3.605200740731e+00,3.005162327665e-03
4.375000140001e-01,-6.669672239509e+00,1.471000000000e-02,-6.428000000000e-01,3.599846149222e+00,2.937351092711e-03
4.092117390577e+00,-6.669378843566e+00,1.997000000000e-02,-4.850000000000e-02,2.512450758901e+00,5.009006124991e-05
7.462670288068e+00,-6.668448825259e+00,1.042500000000e-01,1.060000000000e-01,3.999811853500e-01,4.461294247002e-04
5.625000180001e-01,-6.666851722233e+00,1.416000000000e-02,-5.190700000000e-01,3.593866867402e+00,2.666967204329e-03
7.186692690336e+00,-6.666685392858e+00,7.870000000000e-02,6.984000000000e-02,5.999712381990e-01,1.897398556384e-04
2.343598964493e+00,-6.665205093009e+00,1.170000000000e-03,-6.424000000000e-02,3.238805515545e+00,3.607723193291e-05
5.972714926394e+00,-6.664285743900e+00,4.505000000000e-02,-5.320000000000e-03,1.429146616443e+00,7.167444996931e-05
6.875000220003e-01,-6.662618136594e+00,9.910000000000e-03,-4.073900000000e-01,3.587288396252e+00,2.244696829848e-03
7.741427958002e+00,-6.662033162155e+00,1.265200000000e-01,1.378600000000e-01,1.999909525676e-01,2.218722991536e-04
6.252892663682e+00,-6.660733609234e+00,4.792000000000e-02,5.980000000000e-03,1.247958525507e+00,7.178416549425e-05
8.125000260003e-01,-6.658384550955e+00,5.720000000000e-03,-3.131600000000e-01,3.578203672145e+00,1.699090387523e-03
1.798116599304e+00,-6.657672124146e+00,-3.550000000000e-03,-7.520000000000e-02,3.399206604976e+00,3.469206814821e-05
9.375000300001e-01,-6.654150965317e+00,3.290000000000e-03,-2.389200000000e-01,3.566234992051e+00,1.112831171233e-03
5.195200796915e+00,-6.650591210128e+00,3.686000000000e-02,-2.898000000000e-02,1.925042007899e+00,6.479544889832e-05
5.694561391445e+00,-6.650153574522e+00,4.191000000000e-02,-1.402000000000e-02,1.618030546418e+00,7.000420857159e-05
3.876940376387e+00,-6.647432878975e+00,1.716000000000e-02,-5.017000000000e-02,2.637555380646e+00,4.724333070245e-05
8.022750140847e+00,-6.647331454236e+00,9.855000000000e-02,1.115000000000e-01,2.351057193379e-04,5.272538801931e-04
1.087700116077e+00,-6.642188240145e+00,4.100000000000e-04,-1.734600000000e-01,3.556702701549e+00,5.515951154289e-04
2.896679724140e+00,-6.640516034154e+00,6.960000000000e-03,-5.736000000000e-02,3.070196572724e+00,3.846887372244e-05
6.534434322912e+00,-6.638923526817e+00,5.025000000000e-02,1.806000000000e-02,1.074645726705e+00,7.136833666560e-05
3.278498905013e+00,-6.638803350217e+00,1.138000000000e-02,-5.380000000000e-02,2.917656428831e+00,4.113852479834e-05
1.974138719554e+00,-6.625812152305e+00,-2.270000000000e-03,-7.043000000000e-02,3.384382736992e+00,3.486177950893e-05
2.519991500800e+00,-6.624217340500e+00,2.170000000000e-03,-6.215000000000e-02,3.219995026479e+00,3.653976761771e-05
1.262939817674e+00,-6.621243931003e+00,-2.390000000000e-03,-1.254400000000e-01,3.548416727310e+00,1.683992417556e-04
5.419072731649e+00,-6.618931129100e+00,3.873000000000e-02,-2.215000000000e-02,1.814381998379e+00,6.724957852050e-05
3.664254005706e+00,-6.617694985527e+00,1.487000000000e-02,-5.240000000000e-02,2.764727214863e+00,4.453354531028e-05
6.823434450903e+00,-6.604866582756e+00,5.568000000000e-02,3.306000000000e-02,8.995534455239e-01,7.212711979666e-05
4.485576751762e+00,-6.600327965600e+00,2.641000000000e-02,-4.533000000000e-02,2.366748696107e+00,5.441489465404e-05
7.389911351598e+00,-6.599854390693e+00,9.116000000000e-02,8.842000000000e-02,4.999764816875e-01,3.220426650022e-04
4.704728207945e+00,-6.599714986403e+00,2.980000000000e-02,-4.206000000000e-02,2.247556800769e+00,5.747749130569e-05
1.437828115983e+00,-6.597799014875e+00,-4.360000000000e-03,-9.983000000000e-02,3.538295137698e+00,3.295136268113e-05
7.115294637236e+00,-6.596675684177e+00,6.947000000000e-02,5.611000000000e-02,6.999664445642e-01,1.012186652979e-04
7.667336120422e+00,-6.594880389455e+00,1.153800000000e-01,1.241200000000e-01,2.999864288517e-01,4.649928061616e-04
5.920052361344e+00,-6.594829105506e+00,4.478000000000e-02,-7.940000000000e-03,1.516283834229e+00,7.097118194795e-05
6.198968670088e+00,-6.594801422883e+00,4.738000000000e-02,2.150000000000e-03,1.333113558754e+00,7.126891646963e-05
4.268120656724e+00,-6.592273876908e+00,2.240000000000e-02,-4.880000000000e-02,2.488687885931e+00,5.141001502594e-05
2.149533847430e+00,-6.591357384416e+00,-5.600000000000e-04,-6.760000000000e-02,3.367883380307e+00,3.514852025295e-05
4.925265712227e+00,-6.590118636478e+00,3.263000000000e-02,-3.829000000000e-02,2.131342523561e+00,6.052647507100e-05
3.072599011678e+00,-6.589754729232e+00,8.840000000000e-03,-5.555000000000e-02,3.048141278305e+00,3.921113293273e-05
7.947353895026e+00,-6.581646179063e+00,1.244000000000e-01,1.410700000000e-01,9.999574620179e-02,5.048887337271e-04
2.695525143030e+00,-6.580550111215e+00,4.200000000000e-03,-6.070000000000e-02,3.199685126419e+00,3.704955379433e-05
3.454325928215e+00,-6.580514831885e+00,1.278000000000e-02,-5.422000000000e-02,2.893702754225e+00,4.210248192238e-05
5.643253224535e+00,-6.577282837804e+00,4.131000000000e-02,-1.740000000000e-02,1.707121887561e+00,6.900173849594e-05
6.479344531741e+00,-6.576623848081e+00,4.967000000000e-02,1.484000000000e-02,1.157797856621e+00,7.137020809244e-05
4.052658424010e+00,-6.575878279114e+00,1.917000000000e-02,-5.071000000000e-02,2.613132020136e+00,4.849217804402e-05
1.612304183991e+00,-6.571862796723e+00,-4.640000000000e-03,-8.531000000000e-02,3.526352087793e+00,3.331590163186e-05
5.146869415197e+00,-6.571232201480e+00,3.552000000000e-02,-3.218000000000e-02,2.017926312512e+00,6.341123721936e-05
6.250000200012e-02,-6.555768784795e+00,3.620000000000e-03,-9.710500000000e-01,3.727138047193e+00,2.442848526252e-03
1.875000060004e-01,-6.554441761533e+00,9.310000000000e-03,-8.962200000000e-01,3.726086168978e+00,2.800395593542e-03
2.324238941793e+00,-6.554323868833e+00,7.900000000000e-04,-6.563000000000e-02,3.349736737812e+00,3.550003076432e-05
3.125000100004e-01,-6.553114738272e+00,1.299000000000e-02,-7.756000000000e-01,3.723096978917e+00,3.030611847305e-03
4.375000140001e-01,-6.551787715011e+00,1.401000000000e-02,-6.445900000000e-01,3.717454702230e+00,2.959618528631e-03
3.839477477152e+00,-6.551475646950e+00,1.640000000000e-02,-5.225000000000e-02,2.739829063151e+00,4.568012572908e-05
5.625000180001e-01,-6.549128370151e+00,1.312000000000e-02,-5.182200000000e-01,3.711313690971e+00,2.683915552107e-03
6.875000220003e-01,-6.545136703692e+00,8.620000000000e-03,-4.054100000000e-01,3.703896931962e+00,2.252841810248e-03
1.786307438580e+00,-6.543446061071e+00,-3.790000000000e-03,-7.703000000000e-02,3.512605221374e+00,3.408559886816e-05
5.369209215908e+00,-6.542758880378e+00,3.718000000000e-02,-2.527000000000e-02,1.905392205610e+00,6.600553417081e-05
8.125000260003e-01,-6.541145037232e+00,5.440000000000e-03,-3.110300000000e-01,3.694992492119e+00,1.697713665777e-03
6.760503279438e+00,-6.539741358969e+00,5.276000000000e-02,2.777000000000e-02,9.901158852426e-01,7.126470753608e-05
9.375000300001e-01,-6.537153370773e+00,3.290000000000e-03,-2.364100000000e-01,3.682305943690e+00,1.105330613671e-03
3.247412018660e+00,-6.536250015885e+00,1.084000000000e-02,-5.554000000000e-02,3.024213621847e+00,4.000243155926e-05
2.870134855538e+00,-6.534225129360e+00,6.180000000000e-03,-5.946000000000e-02,3.177915246679e+00,3.760735899456e-05
7.317152415129e+00,-6.531259956127e+00,7.922000000000e-02,7.321000000000e-02,5.999717780247e-01,1.856632838419e-04
6.145044676494e+00,-6.528869236531e+00,4.650000000000e-02,-1.260000000000e-03,1.418271039063e+00,7.063706962253e-05
7.593244282842e+00,-6.527727616755e+00,1.024300000000e-01,1.080200000000e-01,3.999819051358e-01,4.333359200940e-04
7.043896584136e+00,-6.526665975496e+00,6.186000000000e-02,4.424000000000e-02,7.999616509299e-01,7.287208027821e-05
1.086368981710e+00,-6.525479289557e+00,-6.300000000000e-04,-1.716400000000e-01,3.672177764499e+00,5.438827911091e-04
5.867389796295e+00,-6.525372467112e+00,4.394000000000e-02,-1.053000000000e-02,1.603423968060e+00,7.015540883564e-05
3.628853906743e+00,-6.519409023428e+00,1.419000000000e-02,-5.441000000000e-02,2.868519297243e+00,4.310989944272e-05
7.871957649205e+00,-6.515960903890e+00,1.222900000000e-01,1.389900000000e-01,1.999914924034e-01,1.910070453656e-04
2.498191371896e+00,-6.514729185073e+00,1.820000000000e-03,-6.378000000000e-02,3.329974945184e+00,3.588859765985e-05
4.659712204083e+00,-6.514335035172e+00,2.867000000000e-02,-4.473000000000e-02,2.343129963509e+00,5.585542081072e-05
6.424254740570e+00,-6.514324169346e+00,4.934000000000e-02,1.109000000000e-02,1.240951484059e+00,7.111411434849e-05
1.959777577482e+00,-6.512561065443e+00,-2.820000000000e-03,-7.147000000000e-02,3.497075785476e+00,3.428291422493e-05
4.442338198371e+00,-6.512117817564e+00,2.520000000000e-02,-4.795000000000e-02,2.464109551915e+00,5.276500747200e-05
4.878551125271e+00,-6.507689717584e+00,3.125000000000e-02,-4.107000000000e-02,2.225068685519e+00,5.896747085133e-05
1.258955584091e+00,-6.504941917400e+00,-2.050000000000e-03,-1.263500000000e-01,3.663520216515e+00,1.635055507130e-04
5.591945057625e+00,-6.504412101086e+00,4.031000000000e-02,-2.052000000000e-02,1.796216237917e+00,6.788675870045e-05
4.226735453388e+00,-6.501356253466e+00,2.164000000000e-02,-5.098000000000e-02,2.587772668788e+00,4.976990214401e-05
8.153074861828e+00,-6.495857064374e+00,9.413000000000e-02,1.107800000000e-01,2.351057163674e-04,5.166609680025e-04
5.098538033480e+00,-6.491873192832e+00,3.400000000000e-02,-3.512000000000e-02,2.110146594901e+00,6.194730648631e-05
3.043756151748e+00,-6.485265697268e+00,8.040000000000e-03,-5.786000000000e-02,3.154729257732e+00,3.821539340547e-05
4.013199457443e+00,-6.482377714662e+00,1.859000000000e-02,-5.295000000000e-02,2.713873214542e+00,4.684947720549e-05
1.431210863372e+00,-6.482046830086e+00,-4.160000000000e-03,-1.005600000000e-01,3.652943661953e+00,3.096936314282e-05
6.704345926241e+00,-6.481179881112e+00,5.147000000000e-02,2.339000000000e-02,1.071611285587e+00,6.968811277345e-05
3.421052225216e+00,-6.480029665295e+00,1.222000000000e-02,-5.624000000000e-02,2.998937032215e+00,4.084161270465e-05
2.132654615490e+00,-6.479221533013e+00,-1.390000000000e-03,-6.891000000000e-02,3.479788767949e+00,3.457033482904e-05
2.671328953771e+00,-6.472592433603e+00,3.520000000000e-03,-6.267000000000e-02,3.308634276646e+00,3.630131659775e-05
5.319345700168e+00,-6.466586631657e+00,3.592000000000e-02,-2.819000000000e-02,1.996405279924e+00,6.466182838378e-05
6.091120682900e+00,-6.462937050179e+00,4.568000000000e-02,-4.410000000000e-03,1.503430550615e+00,6.987594333892e-05
7.244393478660e+00,-6.462665521562e+00,7.016000000000e-02,6.050000000000e-02,6.999670743613e-01,9.949601498282e-05
7.519152445263e+00,-6.460574844054e+00,9.047000000000e-02,9.204000000000e-02,4.999773814198e-01,3.150989701116e-04
1.603077468369e+00,-6.456802800863e+00,-4.660000000000e-03,-8.671000000000e-02,3.640462372495e+00,3.257210452528e-05
6.972498531036e+00,-6.456656266815e+00,5.754000000000e-02,3.645000000000e-02,8.997457920083e-01,7.055668377157e-05
5.814727231245e+00,-6.455915828718e+00,4.242000000000e-02,-1.361000000000e-02,1.690566567013e+00,6.922401660164e-05
3.802014577917e+00,-6.455518414925e+00,1.577000000000e-02,-5.442000000000e-02,2.842155999060e+00,4.415022972302e-05
6.369164949398e+00,-6.452024490611e+00,4.804000000000e-02,7.110000000000e-03,1.324106326888e+00,7.070562184626e-05
7.796561403384e+00,-6.450275628716e+00,1.130200000000e-01,1.264000000000e-01,2.999872386054e-01,4.481274026422e-04
2.304878919094e+00,-6.443442644657e+00,2.700000000000e-04,-6.675000000000e-02,3.460773059661e+00,3.489041791624e-05
6.250000200012e-02,-6.437642983340e+00,3.810000000000e-03,-9.831000000000e-01,3.845263848646e+00,2.466100228828e-03
1.875000060004e-01,-6.436396385731e+00,9.480000000000e-03,-9.053800000000e-01,3.844067078162e+00,2.826063448787e-03
3.125000100004e-01,-6.435149788122e+00,1.321000000000e-02,-7.805100000000e-01,3.840997436449e+00,3.056546167325e-03
4.375000140001e-01,-6.433903190513e+00,1.314000000000e-02,-6.468200000000e-01,3.835080201304e+00,2.982300226613e-03
3.216325132307e+00,-6.433696681554e+00,1.010000000000e-02,-5.745000000000e-02,3.130175748290e+00,3.887531049866e-05
8.076403200248e+00,-6.431664560573e+00,1.204600000000e-01,1.419500000000e-01,9.999610609196e-02,5.187095032155e-04
5.540636890715e+00,-6.431541364369e+00,3.970000000000e-02,-2.376000000000e-02,1.885313170868e+00,6.665888017336e-05
5.625000180001e-01,-6.431405018069e+00,1.320000000000e-02,-5.183300000000e-01,3.828777499441e+00,2.701158938088e-03
1.774498277856e+00,-6.429219997996e+00,-4.160000000000e-03,-7.831000000000e-02,3.626094240180e+00,3.341402647958e-05
4.614696200222e+00,-6.428955083942e+00,2.734000000000e-02,-4.723000000000e-02,2.438777733304e+00,5.418946986646e-05
2.843589986936e+00,-6.427934224566e+00,5.360000000000e-03,-6.148000000000e-02,3.285755378594e+00,3.674504733644e-05
6.875000220003e-01,-6.427655270789e+00,7.910000000000e-03,-4.030000000000e-01,3.820558951445e+00,2.261037366580e-03
4.831836538315e+00,-6.425260798690e+00,2.983000000000e-02,-4.367000000000e-02,2.318877727787e+00,5.734630483829e-05
4.399099644981e+00,-6.423907669529e+00,2.421000000000e-02,-5.027000000000e-02,2.561537347489e+00,5.108761329385e-05
8.125000260003e-01,-6.423905523509e+00,5.210000000000e-03,-3.075000000000e-01,3.811725659022e+00,1.696146632032e-03
6.648188573043e+00,-6.422618403254e+00,5.090000000000e-02,1.947000000000e-02,1.152746139659e+00,6.927804794428e-05
3.593453807781e+00,-6.421123061328e+00,1.334000000000e-02,-5.649000000000e-02,2.972358649190e+00,4.173547815143e-05
9.375000300001e-01,-6.420155776229e+00,3.480000000000e-03,-2.344100000000e-01,3.798433753746e+00,1.097564594180e-03
5.050206651763e+00,-6.412514184183e+00,3.247000000000e-02,-3.796000000000e-02,2.202063444436e+00,6.040495531972e-05
4.185350250052e+00,-6.410438630025e+00,2.091000000000e-02,-5.294000000000e-02,2.686917355574e+00,4.807272900455e-05
1.085037847344e+00,-6.408770338968e+00,2.100000000000e-04,-1.698600000000e-01,3.787728932102e+00,5.359764141388e-04
2.476391242992e+00,-6.405241029646e+00,1.300000000000e-03,-6.511000000000e-02,3.440061642494e+00,3.521990892544e-05
1.945416435410e+00,-6.399309978582e+00,-3.360000000000e-03,-7.300000000000e-02,3.609860896272e+00,3.365464192719e-05
6.037196689306e+00,-6.397004863828e+00,4.481000000000e-02,-7.850000000000e-03,1.588591766743e+00,6.898222389904e-05
7.171634542191e+00,-6.394071086996e+00,6.336000000000e-02,4.935000000000e-02,7.999623706977e-01,7.127354978974e-05
6.907673173940e+00,-6.393467093362e+00,5.499000000000e-02,3.077000000000e-02,9.902727670242e-01,7.042954306125e-05
7.445060607684e+00,-6.393422071354e+00,7.959000000000e-02,7.688000000000e-02,5.999728577034e-01,1.832874845008e-04
5.269482184428e+00,-6.390414382936e+00,3.511000000000e-02,-3.131000000000e-02,2.087420846301e+00,6.321797397689e-05
6.314075158227e+00,-6.389724811875e+00,4.658000000000e-02,3.670000000000e-03,1.407262169656e+00,7.018102533758e-05
3.973740490876e+00,-6.388877150210e+00,1.782000000000e-02,-5.507000000000e-02,2.814667906831e+00,4.522514370090e-05
1.254971350508e+00,-6.388639903797e+00,-1.900000000000e-03,-1.270500000000e-01,3.778701304409e+00,1.585753333525e-04
5.762064666196e+00,-6.386459190324e+00,4.129000000000e-02,-1.661000000000e-02,1.777711268571e+00,6.817347087404e-05
7.721165157563e+00,-6.384590353543e+00,1.013500000000e-01,1.102600000000e-01,3.999829848074e-01,4.212671059225e-04
3.014913291818e+00,-6.380776665305e+00,7.460000000000e-03,-6.009000000000e-02,3.261383533126e+00,3.722926437925e-05
3.387778522217e+00,-6.379544498704e+00,1.150000000000e-02,-5.792000000000e-02,3.104213238907e+00,3.959140229157e-05
7.999731538669e+00,-6.367472056772e+00,1.182300000000e-01,1.397400000000e-01,1.999922121837e-01,1.601010474807e-04
2.115775383550e+00,-6.367085681611e+00,-1.860000000000e-03,-7.034000000000e-02,3.591787854401e+00,3.395763051020e-05
1.424593610760e+00,-6.366294645296e+00,-4.410000000000e-03,-1.014900000000e-01,3.767671300150e+00,2.894594868437e-05
2.647132764513e+00,-6.364634755991e+00,3.110000000000e-03,-6.433000000000e-02,3.417691805361e+00,3.554958052175e-05
6.592031219846e+00,-6.364056925397e+00,5.000000000000e-02,1.543000000000e-02,1.233881180508e+00,6.877298737449e-05
3.764551678682e+00,-6.359561182900e+00,1.482000000000e-02,-5.646000000000e-02,2.944530636468e+00,4.267913959268e-05
5.489328723806e+00,-6.358670627651e+00,3.876000000000e-02,-2.690000000000e-02,1.974412336789e+00,6.532034139910e-05
4.569680196361e+00,-6.343575132711e+00,2.585000000000e-02,-4.944000000000e-02,2.534491663504e+00,5.248405363442e-05
4.785121951358e+00,-6.342831879796e+00,2.878000000000e-02,-4.603000000000e-02,2.412759983128e+00,5.566665951066e-05
8.280540087567e+00,-6.341968664280e+00,9.027000000000e-02,1.101300000000e-01,2.351057180853e-04,5.061937853453e-04
1.593850752746e+00,-6.341742805002e+00,-5.100000000000e-03,-8.768000000000e-02,3.754653298758e+00,3.176556179252e-05
6.849420512847e+00,-6.337098455140e+00,5.315000000000e-02,2.625000000000e-02,1.071542769040e+00,6.920595668277e-05
4.355861091590e+00,-6.335697521493e+00,2.306000000000e-02,-5.218000000000e-02,2.659024724736e+00,4.937668437155e-05
5.001875270045e+00,-6.333155175534e+00,3.116000000000e-02,-4.071000000000e-02,2.294060967824e+00,5.878596531305e-05
2.285518896395e+00,-6.332561420480e+00,-5.100000000000e-04,-6.791000000000e-02,3.571904679721e+00,3.426130034715e-05
3.185238245954e+00,-6.331143347222e+00,9.130000000000e-03,-5.941000000000e-02,3.235568953713e+00,3.776403037810e-05
5.983272695713e+00,-6.331072677476e+00,4.361000000000e-02,-1.121000000000e-02,1.673754427260e+00,6.795489844164e-05
6.258985367056e+00,-6.327425133140e+00,4.541000000000e-02,4.300000000000e-04,1.490418844992e+00,6.953163253953e-05
7.370968770105e+00,-6.326269298655e+00,7.102000000000e-02,6.406000000000e-02,6.999683339864e-01,9.854499489795e-05
7.098875605722e+00,-6.325476652431e+00,5.775000000000e-02,3.987000000000e-02,8.997466019619e-01,6.858541741226e-05
3.558053708818e+00,-6.322837099228e+00,1.247000000000e-02,-5.836000000000e-02,3.076240483915e+00,4.037066551088e-05
2.817045118334e+00,-6.321643319773e+00,4.830000000000e-03,-6.341000000000e-02,3.393705389957e+00,3.589152529256e-05
4.143965046716e+00,-6.319521006584e+00,1.990000000000e-02,-5.486000000000e-02,2.786115551203e+00,4.636385787308e-05
6.250000200012e-02,-6.319517181886e+00,3.870000000000e-03,-9.957500000000e-01,3.963389650099e+00,2.489754181182e-03
7.645768911742e+00,-6.318905078370e+00,9.016000000000e-02,9.441000000000e-02,4.999787310093e-01,3.088880339546e-04
1.875000060004e-01,-6.318351009929e+00,9.150000000000e-03,-9.146100000000e-01,3.962051827735e+00,2.852209166135e-03
3.125000100004e-01,-6.317184837972e+00,1.326000000000e-02,-7.852500000000e-01,3.958901736355e+00,3.082981007269e-03
5.709402101147e+00,-6.317002551929e+00,4.045000000000e-02,-1.973000000000e-02,1.864857777971e+00,6.700013596981e-05
4.375000140001e-01,-6.316018666015e+00,1.279000000000e-02,-6.479300000000e-01,3.952721133595e+00,3.005410333620e-03
1.762689117133e+00,-6.314993934921e+00,-4.570000000000e-03,-7.904000000000e-02,3.739665430975e+00,3.269389995174e-05
5.219618668687e+00,-6.314242134215e+00,3.403000000000e-02,-3.464000000000e-02,2.178438592385e+00,6.167481297508e-05
5.625000180001e-01,-6.313681665986e+00,1.211000000000e-02,-5.174200000000e-01,3.945982835591e+00,2.718707221931e-03
6.875000220003e-01,-6.310173837886e+00,7.440000000000e-03,-4.009200000000e-01,3.937269700502e+00,2.269286207507e-03
8.125000260003e-01,-6.306666009785e+00,5.030000000000e-03,-3.048500000000e-01,3.927639660961e+00,1.694387590515e-03
6.535873866648e+00,-6.305495447540e+00,4.796000000000e-02,1.133000000000e-02,1.315016373564e+00,6.814323168976e-05
7.923059877090e+00,-6.303279552971e+00,1.112000000000e-01,1.293200000000e-01,2.999883182759e-01,4.315131325797e-04
9.375000300001e-01,-6.303158181685e+00,2.040000000000e-03,-2.294400000000e-01,3.914613362073e+00,1.089536873744e-03
2.454591114088e+00,-6.295752874219e+00,8.600000000000e-04,-6.654000000000e-02,3.550245185386e+00,3.454613269723e-05
3.934281524308e+00,-6.295376585758e+00,1.671000000000e-02,-5.706000000000e-02,2.915510548442e+00,4.367373138165e-05
1.083706712977e+00,-6.292061388380e+00,2.600000000000e-04,-1.681700000000e-01,3.903349445569e+00,5.278897879023e-04
1.931055293338e+00,-6.286058891720e+00,-3.760000000000e-03,-7.416000000000e-02,3.722729701934e+00,3.299312979111e-05
5.438020556896e+00,-6.285799890934e+00,3.754000000000e-02,-3.013000000000e-02,2.063513446431e+00,6.387594702532e-05
6.791167851755e+00,-6.280729816917e+00,5.131000000000e-02,2.152000000000e-02,1.152601918080e+00,6.869142566930e-05
8.202622491310e+00,-6.279293634199e+00,1.166900000000e-01,1.425000000000e-01,9.999655595201e-02,5.321960057039e-04
3.354504819218e+00,-6.279059332113e+00,1.071000000000e-02,-5.960000000000e-02,3.208367115116e+00,3.835938704564e-05
2.986070431888e+00,-6.276287633341e+00,6.680000000000e-03,-6.207000000000e-02,3.368149068471e+00,3.626170286403e-05
1.250987116925e+00,-6.272337890194e+00,-2.340000000000e-03,-1.261700000000e-01,3.893953105014e+00,1.536231458844e-04
5.929348702119e+00,-6.265140491125e+00,4.282000000000e-02,-1.438000000000e-02,1.758918322362e+00,6.679583275139e-05
6.203895575885e+00,-6.265125454405e+00,4.395000000000e-02,-3.160000000000e-03,1.573576220905e+00,6.875658108579e-05
3.727088779447e+00,-6.263603950875e+00,1.351000000000e-02,-5.845000000000e-02,3.046948167198e+00,4.121352668138e-05
7.031798599029e+00,-6.263307374650e+00,5.401000000000e-02,3.411000000000e-02,9.912003900027e-01,6.821938525905e-05
4.738407364402e+00,-6.260402960902e+00,2.760000000000e-02,-4.844000000000e-02,2.506707225535e+00,5.393633162977e-05
7.296876932526e+00,-6.259116525955e+00,6.324000000000e-02,5.354000000000e-02,7.999638102693e-01,6.989832830737e-05
4.524664192499e+00,-6.258195181481e+00,2.446000000000e-02,-5.157000000000e-02,2.630264531495e+00,5.074267748942e-05
2.622936575254e+00,-6.256677078378e+00,2.510000000000e-03,-6.603000000000e-02,3.526847658706e+00,3.480626745642e-05
2.098896151611e+00,-6.254949830208e+00,-2.500000000000e-03,-7.190000000000e-02,3.703872139773e+00,3.332595916095e-05
4.953543888328e+00,-6.253796166886e+00,3.028000000000e-02,-4.336000000000e-02,2.386129833914e+00,5.709452166714e-05
7.570372665922e+00,-6.253219803197e+00,8.004000000000e-02,8.036000000000e-02,5.999744772108e-01,1.815566560825e-04
1.417976358149e+00,-6.250542460506e+00,-4.630000000000e-03,-1.021100000000e-01,3.882471038807e+00,2.689027796270e-05
5.656739536098e+00,-6.247545913535e+00,3.944000000000e-02,-2.299000000000e-02,1.952005853080e+00,6.570028040916e-05
4.312622538200e+00,-6.247487373458e+00,2.170000000000e-02,-5.401000000000e-02,2.756565362251e+00,4.761706571868e-05
6.479716513451e+00,-6.246933969683e+00,4.575000000000e-02,7.410000000000e-03,1.396151692290e+00,6.739706046212e-05
7.846388215510e+00,-6.239087049170e+00,1.000000000000e-01,1.131600000000e-01,3.999844243681e-01,4.097246258174e-04
5.169755152947e+00,-6.238069885493e+00,3.295000000000e-02,-3.780000000000e-02,2.268754555969e+00,6.003505395874e-05
4.102579843380e+00,-6.228603383142e+00,1.870000000000e-02,-5.680000000000e-02,2.885361736810e+00,4.473144477551e-05
3.154151359601e+00,-6.228590012890e+00,8.080000000000e-03,-6.122000000000e-02,3.341074655713e+00,3.667742415128e-05
1.584624037124e+00,-6.226682809140e+00,-5.360000000000e-03,-8.831000000000e-02,3.868917726194e+00,3.091515061967e-05
3.522653609856e+00,-6.224551137129e+00,1.153000000000e-02,-6.016000000000e-02,3.179839119849e+00,3.902483268860e-05
6.732915190663e+00,-6.224361178694e+00,4.890000000000e-02,1.707000000000e-02,1.233661237553e+00,6.810579393691e-05
2.266158873695e+00,-6.221680196303e+00,-1.130000000000e-03,-6.937000000000e-02,3.683122971646e+00,3.362762217845e-05
8.124704895052e+00,-6.216618604118e+00,1.149300000000e-01,1.405400000000e-01,1.999931119038e-01,1.297407563045e-04
2.790500249732e+00,-6.215352414978e+00,4.110000000000e-03,-6.541000000000e-02,3.501755118891e+00,3.505823188014e-05
5.386712389986e+00,-6.212929154216e+00,3.592000000000e-02,-3.341000000000e-02,2.152616258431e+00,6.233212119173e-05
6.970403522111e+00,-6.207563253656e+00,5.171000000000e-02,2.940000000000e-02,1.074325351039e+00,6.722494246222e-05
6.148805784714e+00,-6.202825775669e+00,4.311000000000e-02,-6.790000000000e-03,1.656734191899e+00,6.785579127179e-05
3.894822557741e+00,-6.201876021306e+00,1.538000000000e-02,-5.893000000000e-02,3.016396330325e+00,4.212312445622e-05
6.250000200012e-02,-6.201391380432e+00,3.390000000000e-03,-1.008380000000e+00,4.081515451551e+00,2.513816783701e-03
1.750879956409e+00,-6.200767871846e+00,-5.460000000000e-03,-7.936000000000e-02,3.853311528039e+00,3.194410138434e-05
1.875000060004e-01,-6.200305634127e+00,8.650000000000e-03,-9.243000000000e-01,4.080040084535e+00,2.878845165124e-03
3.125000100004e-01,-6.199219887822e+00,1.289000000000e-02,-7.899800000000e-01,4.076698560676e+00,3.109932684296e-03
5.875424708525e+00,-6.199208304773e+00,4.218000000000e-02,-1.756000000000e-02,1.844083281003e+00,6.551160771719e-05
4.375000140001e-01,-6.198134141517e+00,1.289000000000e-02,-6.493300000000e-01,4.070376160962e+00,3.028963555246e-03
5.625000180001e-01,-6.195958313904e+00,1.112000000000e-02,-5.174300000000e-01,4.063188571048e+00,2.736570509964e-03
6.875000220004e-01,-6.192692404983e+00,8.010000000000e-03,-3.979600000000e-01,4.054024970529e+00,2.277591052928e-03
7.222785094947e+00,-6.191963753255e+00,5.690000000000e-02,4.418000000000e-02,8.997482218991e-01,6.684431883699e-05
8.125000260003e-01,-6.189426496062e+00,5.430000000000e-03,-3.020500000000e-01,4.043630091911e+00,1.692434921292e-03
6.423559160253e+00,-6.188372491826e+00,4.417000000000e-02,3.840000000000e-03,1.477287115980e+00,6.651564772850e-05
7.494976420102e+00,-6.187534528024e+00,7.083000000000e-02,6.783000000000e-02,6.999702234118e-01,9.812688104237e-05
2.432790985183e+00,-6.186264718791e+00,1.100000000000e-04,-6.810000000000e-02,3.660516828559e+00,3.388167063891e-05
9.375000300001e-01,-6.186160587141e+00,1.110000000000e-03,-2.261100000000e-01,4.030840289779e+00,1.081251806755e-03
8.405101113160e+00,-6.185720226081e+00,8.693000000000e-02,1.099700000000e-01,2.351057195441e-04,4.958942180873e-04
3.321231116219e+00,-6.178574165523e+00,9.810000000000e-03,-6.157000000000e-02,3.312539458069e+00,3.715459142900e-05
5.604076971049e+00,-6.178089275141e+00,3.778000000000e-02,-2.657000000000e-02,2.039155293156e+00,6.427015625752e-05
4.691692777447e+00,-6.177974042008e+00,2.610000000000e-02,-5.080000000000e-02,2.600712412306e+00,5.216510363298e-05
1.082375578610e+00,-6.175352437792e+00,-8.600000000000e-04,-1.647000000000e-01,4.019033320027e+00,5.196373111044e-04
7.769716553931e+00,-6.174894545369e+00,8.901000000000e-02,9.644000000000e-02,4.999805304601e-01,3.031306959555e-04
4.905212506610e+00,-6.174437158237e+00,2.929000000000e-02,-4.629000000000e-02,2.478262091449e+00,5.534130238371e-05
4.479648188638e+00,-6.172815230251e+00,2.307000000000e-02,-5.369000000000e-02,2.726090125483e+00,4.893913633956e-05
1.916694151267e+00,-6.172807804858e+00,-4.200000000000e-03,-7.493000000000e-02,3.835674814037e+00,3.231682165835e-05
2.957227571958e+00,-6.171798601378e+00,5.600000000000e-03,-6.405000000000e-02,3.475015608811e+00,3.532367646763e-05
6.674662529570e+00,-6.167992540471e+00,4.698000000000e-02,1.282000000000e-02,1.314720695935e+00,6.734949071428e-05
3.689625880212e+00,-6.167646718850e+00,1.243000000000e-02,-6.036000000000e-02,3.149404406627e+00,3.976490126690e-05
5.119891637206e+00,-6.161897636772e+00,3.163000000000e-02,-4.081000000000e-02,2.358967227585e+00,5.830654118724e-05
4.269383984810e+00,-6.159277225422e+00,2.030000000000e-02,-5.592000000000e-02,2.854153799535e+00,4.588714041891e-05
1.247002883342e+00,-6.156035876591e+00,-2.950000000000e-03,-1.248700000000e-01,4.009269520139e+00,1.486634847756e-04
8.046787298794e+00,-6.153943574036e+00,1.087600000000e-01,1.316000000000e-01,2.999896678560e-01,4.151246643466e-04
6.909008445194e+00,-6.151819132662e+00,4.947000000000e-02,2.398000000000e-02,1.157241017301e+00,6.656413224662e-05
2.598740385995e+00,-6.148719400766e+00,1.800000000000e-03,-6.771000000000e-02,3.636092981550e+00,3.408526691454e-05
2.082016919671e+00,-6.142813978805e+00,-3.140000000000e-03,-7.321000000000e-02,3.816034116702e+00,3.269309900270e-05
6.093715993542e+00,-6.140526096934e+00,4.247000000000e-02,-1.026000000000e-02,1.739892672650e+00,6.682856932580e-05
5.335404223076e+00,-6.140058417499e+00,3.403000000000e-02,-3.651000000000e-02,2.241720569796e+00,6.069614779051e-05
4.061194640044e+00,-6.137685759701e+00,1.750000000000e-02,-5.868000000000e-02,2.984651125081e+00,4.311043177647e-05
1.411359105538e+00,-6.134790275716e+00,-4.600000000000e-03,-1.024200000000e-01,3.997336665958e+00,2.481501228482e-05
5.821500714931e+00,-6.133276118422e+00,4.084000000000e-02,-2.095000000000e-02,1.929249162336e+00,6.411466516351e-05
7.153501099715e+00,-6.130856566158e+00,5.378000000000e-02,3.701000000000e-02,9.921221453201e-01,6.637913693951e-05
6.367401807055e+00,-6.129811013968e+00,4.281000000000e-02,4.400000000000e-04,1.558422628240e+00,6.549174046736e-05
3.487253510894e+00,-6.126265175030e+00,1.065000000000e-02,-6.188000000000e-02,3.282606661847e+00,3.770650175419e-05
3.123064473248e+00,-6.126036678558e+00,6.960000000000e-03,-6.311000000000e-02,3.446682523476e+00,3.562628934052e-05
8.325967540505e+00,-6.124586791339e+00,1.130300000000e-01,1.431000000000e-01,9.999709578054e-02,5.449824475166e-04
7.419580174281e+00,-6.121849252852e+00,6.218000000000e-02,5.629000000000e-02,7.999659696125e-01,6.902824563949e-05
6.616409868478e+00,-6.111623902249e+00,4.524000000000e-02,8.690000000000e-03,1.395780269024e+00,6.641304095975e-05
1.575397321502e+00,-6.111622813280e+00,-5.620000000000e-03,-8.891000000000e-02,3.983249329392e+00,3.004269288650e-05
2.246798850996e+00,-6.110798972127e+00,-1.840000000000e-03,-7.080000000000e-02,3.794420314122e+00,3.300646953724e-05
7.693044892352e+00,-6.110702041569e+00,7.920000000000e-02,8.357000000000e-02,5.999766365518e-01,1.801863685888e-04
2.763955381130e+00,-6.109061510184e+00,3.100000000000e-03,-6.712000000000e-02,3.609895611304e+00,3.425862107584e-05
5.551414405999e+00,-6.108632636747e+00,3.619000000000e-02,-3.011000000000e-02,2.126305930365e+00,6.270653336683e-05
3.855363591174e+00,-6.108375456854e+00,1.449000000000e-02,-6.053000000000e-02,3.117321064040e+00,4.058417357339e-05
6.847613368277e+00,-6.096075011667e+00,4.803000000000e-02,1.916000000000e-02,1.240158098531e+00,6.592108148440e-05
4.644978190490e+00,-6.095545123115e+00,2.453000000000e-02,-5.291000000000e-02,2.694769479400e+00,5.030858329889e-05
4.856881124893e+00,-6.095078149589e+00,2.806000000000e-02,-4.926000000000e-02,2.570450924052e+00,5.354143054942e-05
7.968869702536e+00,-6.091268543955e+00,9.811000000000e-02,1.160600000000e-01,3.999862238082e-01,3.988454205845e-04
4.434632184777e+00,-6.087435279020e+00,2.162000000000e-02,-5.567000000000e-02,2.821963074214e+00,4.713984194122e-05
1.739070795685e+00,-6.086541808771e+00,-6.740000000000e-03,-7.955000000000e-02,3.967026093705e+00,3.118616199777e-05
5.070028121466e+00,-6.085725388051e+00,3.009000000000e-02,-4.386000000000e-02,2.449241247767e+00,5.650789991820e-05
6.250000200012e-02,-6.083265578977e+00,3.190000000000e-03,-1.020780000000e+00,4.199641253004e+00,2.538294085204e-03
1.875000060004e-01,-6.082260258325e+00,7.960000000000e-03,-9.337800000000e-01,4.198031552842e+00,2.905984103901e-03
3.125000100004e-01,-6.081254937672e+00,1.264000000000e-02,-7.952700000000e-01,4.194447608545e+00,3.137418214119e-03
4.375000140001e-01,-6.080249617019e+00,1.241000000000e-02,-6.515100000000e-01,4.188044095485e+00,3.052975260225e-03
5.625000180001e-01,-6.078234961822e+00,1.057000000000e-02,-5.162900000000e-01,4.180423395334e+00,2.754759212148e-03
6.038626202371e+00,-6.078226418198e+00,4.155000000000e-02,-1.344000000000e-02,1.823051593401e+00,6.567254927796e-05
3.287957413220e+00,-6.078088998932e+00,8.740000000000e-03,-6.370000000000e-02,3.416814977901e+00,3.598778291784e-05
2.410990856279e+00,-6.076776563364e+00,-5.600000000000e-04,-6.983000000000e-02,3.770868843060e+00,3.324299763889e-05
7.089024946831e+00,-6.075794964665e+00,5.149000000000e-02,3.175000000000e-02,1.077089749161e+00,6.564766192973e-05
6.875000220004e-01,-6.075210972080e+00,7.210000000000e-03,-3.960300000000e-01,4.170821022652e+00,2.285954603546e-03
8.125000260004e-01,-6.072186982338e+00,4.240000000000e-03,-2.979000000000e-01,4.159690558350e+00,1.690287017875e-03
3.652162980977e+00,-6.071689486826e+00,1.155000000000e-02,-6.188000000000e-02,3.251345763524e+00,3.834142332208e-05
6.311244453858e+00,-6.071249536111e+00,4.181000000000e-02,-2.730000000000e-03,1.639558215921e+00,6.432371247230e-05
4.226145431419e+00,-6.071067077387e+00,1.899000000000e-02,-5.800000000000e-02,2.951785295693e+00,4.419781398560e-05
9.375000300001e-01,-6.069162992597e+00,7.000000000000e-04,-2.213800000000e-01,4.146718160113e+00,1.072714313040e-03
5.767576721337e+00,-6.067343932071e+00,3.935000000000e-02,-2.410000000000e-02,2.014415849331e+00,6.262337498451e-05
2.928384712028e+00,-6.067309569414e+00,4.370000000000e-03,-6.591000000000e-02,3.581974113845e+00,3.442828381687e-05
5.284096056167e+00,-6.067187680781e+00,3.229000000000e-02,-3.922000000000e-02,2.330826208569e+00,5.897806224942e-05
8.246833967850e+00,-6.063453356597e+00,1.122700000000e-01,1.420400000000e-01,1.999941915609e-01,1.002152563973e-04
1.902333009195e+00,-6.059556717996e+00,-4.980000000000e-03,-7.559000000000e-02,3.948689684766e+00,3.164662638445e-05
1.081044444243e+00,-6.058643487203e+00,-1.230000000000e-03,-1.613200000000e-01,4.134775237288e+00,5.112339027862e-04
7.344183928461e+00,-6.056163977679e+00,5.725000000000e-02,4.720000000000e-02,8.997506517869e-01,6.563844497611e-05
6.558157207386e+00,-6.055255264026e+00,4.392000000000e-02,5.200000000000e-03,1.476839937932e+00,6.527916342171e-05
4.019809436709e+00,-6.046768136259e+00,1.636000000000e-02,-6.047000000000e-02,3.083979543263e+00,4.149119310651e-05
7.616373230773e+00,-6.046509537768e+00,6.976000000000e-02,7.103000000000e-02,6.999727426429e-01,9.800187146506e-05
2.574544196736e+00,-6.040761723153e+00,9.700000000000e-04,-6.908000000000e-02,3.745419945038e+00,3.340253041613e-05
6.786218291359e+00,-6.040330890673e+00,4.628000000000e-02,1.472000000000e-02,1.323076328701e+00,6.508415369267e-05
1.243018649759e+00,-6.039733862988e+00,-3.390000000000e-03,-1.229100000000e-01,4.124645130331e+00,1.437108770643e-04
5.498751840950e+00,-6.039175998353e+00,3.494000000000e-02,-3.336000000000e-02,2.213457623302e+00,6.100863447640e-05
2.065137687731e+00,-6.030678127402e+00,-3.800000000000e-03,-7.426000000000e-02,3.928267130321e+00,3.207915078199e-05
7.890952106279e+00,-6.028593513874e+00,8.748000000000e-02,9.960000000000e-02,4.999827797603e-01,2.979284015418e-04
3.451853411931e+00,-6.027979212930e+00,9.760000000000e-03,-6.364000000000e-02,3.385478217236e+00,3.642599257293e-05
8.526714251175e+00,-6.027166550992e+00,8.368000000000e-02,1.101100000000e-01,2.351057166116e-04,4.857628549939e-04
3.091977586895e+00,-6.023483344226e+00,5.910000000000e-03,-6.484000000000e-02,3.552383445238e+00,3.462357194262e-05
7.024548793947e+00,-6.020733363172e+00,4.940000000000e-02,2.628000000000e-02,1.161850836392e+00,6.496795971781e-05
1.404741852926e+00,-6.019038090926e+00,-5.320000000000e-03,-1.019200000000e-01,4.112262660322e+00,2.273816278338e-05
5.983536411200e+00,-6.015926739463e+00,4.019000000000e-02,-1.659000000000e-02,1.906210896565e+00,6.438208099279e-05
4.808549743175e+00,-6.015719140941e+00,2.658000000000e-02,-5.215000000000e-02,2.662690455429e+00,5.163132324836e-05
3.815904624607e+00,-6.014874892402e+00,1.346000000000e-02,-6.200000000000e-02,3.218281085021e+00,3.906530563250e-05
4.598263603534e+00,-6.013116204221e+00,2.316000000000e-02,-5.522000000000e-02,2.788873177701e+00,4.844202609388e-05
6.255087100660e+00,-6.012688058254e+00,4.060000000000e-02,-6.090000000000e-03,1.720693868355e+00,6.301588171049e-05
5.020164605725e+00,-6.009553139330e+00,2.862000000000e-02,-4.665000000000e-02,2.539570074256e+00,5.466372874646e-05
2.737410512527e+00,-6.002770605390e+00,2.160000000000e-03,-6.876000000000e-02,3.718118947712e+00,3.350825283304e-05
8.167700395195e+00,-6.002319921854e+00,1.057900000000e-01,1.333400000000e-01,2.999912873416e-01,3.987178260778e-04
4.389616180916e+00,-6.002055327790e+00,2.035000000000e-02,-5.756000000000e-02,2.917878709876e+00,4.538152074162e-05
5.713652727744e+00,-6.001411745719e+00,3.757000000000e-02,-2.726000000000e-02,2.099583243948e+00,6.106032561351e-05
2.227438828297e+00,-5.999917747950e+00,-2.550000000000e-03,-7.226000000000e-02,3.905789949406e+00,3.241711969326e-05
6.499904546293e+00,-5.998886625803e+00,4.255000000000e-02,1.860000000000e-03,1.557899687704e+00,6.393664083183e-05
1.566170605879e+00,-5.996562817419e+00,-5.900000000000e-03,-8.923000000000e-02,4.097642485380e+00,2.917342467039e-05
7.272738396241e+00,-5.996160223579e+00,5.439000000000e-02,4.018000000000e-02,9.930369371161e-01,6.510605907577e-05
5.232787889257e+00,-5.994316944064e+00,3.070000000000e-02,-4.179000000000e-02,2.419737118833e+00,5.719392996679e-05
6.724823214442e+00,-5.984586769679e+00,4.469000000000e-02,1.042000000000e-02,1.405995504537e+00,6.404750442857e-05
4.182906878029e+00,-5.982856929352e+00,1.776000000000e-02,-6.000000000000e-02,3.049455715004e+00,4.249939487733e-05
7.539701569194e+00,-5.982317033968e+00,6.273000000000e-02,5.960000000000e-02,7.999688487339e-01,6.842871316252e-05
3.254683710221e+00,-5.977603832341e+00,7.700000000000e-03,-6.551000000000e-02,3.521184508256e+00,3.487183081279e-05
3.614700081742e+00,-5.975732254801e+00,1.059000000000e-02,-6.312000000000e-02,3.352744072022e+00,3.695302134690e-05
1.727261634961e+00,-5.972315745696e+00,-7.240000000000e-03,-7.969000000000e-02,4.080803404193e+00,3.044453201971e-05
5.446089275900e+00,-5.969719359959e+00,3.357000000000e-02,-3.639000000000e-02,2.300610251988e+00,5.918245202649e-05
8.446395126409e+00,-5.967598242992e+00,1.092500000000e-01,1.436400000000e-01,9.999772558002e-02,5.567052398749e-04
2.389190727375e+00,-5.967288407937e+00,-1.250000000000e-03,-7.127000000000e-02,3.881294373603e+00,3.264868750183e-05
7.813034510021e+00,-5.965918483792e+00,7.785000000000e-02,8.637000000000e-02,5.999793357121e-01,1.792192903913e-04
6.960072641063e+00,-5.965671761679e+00,4.745000000000e-02,2.134000000000e-02,1.246615543302e+00,6.444281745994e-05
6.250000200012e-02,-5.965139777523e+00,3.230000000000e-03,-1.033620000000e+00,4.317767054457e+00,2.563191699463e-03
1.875000060004e-01,-5.964214882523e+00,7.540000000000e-03,-9.430800000000e-01,4.316025969268e+00,2.933638883078e-03
3.125000100004e-01,-5.963289987522e+00,1.241000000000e-02,-7.998700000000e-01,4.312208458084e+00,3.165455390424e-03
2.899541852097e+00,-5.962820537450e+00,3.250000000000e-03,-6.773000000000e-02,3.689016584372e+00,3.359082932935e-05
4.375000140001e-01,-5.962365092522e+00,1.220000000000e-02,-6.525800000000e-01,4.305723878972e+00,3.077461563578e-03
5.625000180001e-01,-5.960511609740e+00,1.129000000000e-02,-5.142000000000e-01,4.297684927942e+00,2.773284076324e-03
6.875000220004e-01,-5.957729539178e+00,6.080000000000e-03,-3.932800000000e-01,4.287654524152e+00,2.294379495750e-03
3.978424233373e+00,-5.955850512818e+00,1.531000000000e-02,-6.222000000000e-02,3.183343337859e+00,3.988471492188e-05
8.125000260004e-01,-5.954947468615e+00,3.840000000000e-03,-2.928900000000e-01,4.275815357262e+00,1.687942214711e-03
6.198929747463e+00,-5.954126580396e+00,3.972000000000e-02,-9.170000000000e-03,1.801829576793e+00,6.158005859419e-05
5.928446620029e+00,-5.953627060728e+00,3.849000000000e-02,-1.975000000000e-02,1.989370534186e+00,6.294716318615e-05
9.375000300001e-01,-5.952165398053e+00,4.900000000000e-04,-2.172400000000e-01,4.262006401684e+00,1.063929846311e-03
1.887971867123e+00,-5.946305631134e+00,-5.940000000000e-03,-7.643000000000e-02,4.061768491219e+00,3.100603573838e-05
6.441651885201e+00,-5.942517987580e+00,4.121000000000e-02,-1.370000000000e-03,1.638959506339e+00,6.237720145155e-05
1.079713309876e+00,-5.941934536615e+00,-1.470000000000e-03,-1.597100000000e-01,4.250164832467e+00,5.026949280391e-04
7.205243577622e+00,-5.941837990551e+00,5.111000000000e-02,3.438000000000e-02,1.079832398207e+00,6.465133248528e-05
8.088566822539e+00,-5.941186487112e+00,9.576000000000e-02,1.182200000000e-01,3.999883831224e-01,3.887149616663e-04
4.760218361458e+00,-5.936360132292e+00,2.494000000000e-02,-5.483000000000e-02,2.754975593237e+00,4.969700117587e-05
5.659728734150e+00,-5.935479559367e+00,3.536000000000e-02,-3.010000000000e-02,2.184751263430e+00,5.944856351951e-05
4.970301089985e+00,-5.933380890608e+00,2.697000000000e-02,-4.946000000000e-02,2.629948059888e+00,5.268690139424e-05
2.550348007477e+00,-5.932804045541e+00,2.200000000000e-04,-7.050000000000e-02,3.854821602923e+00,3.277607894004e-05
4.551549016579e+00,-5.930687285327e+00,2.184000000000e-02,-5.762000000000e-02,2.883018940989e+00,4.662082113289e-05
3.416453312969e+00,-5.929693250830e+00,8.840000000000e-03,-6.531000000000e-02,3.488444584205e+00,3.519585877258e-05
6.663428137525e+00,-5.928842648684e+00,4.325000000000e-02,6.390000000000e-03,1.488915468043e+00,6.281829909973e-05
1.239034416176e+00,-5.923431849385e+00,-4.440000000000e-03,-1.211300000000e-01,4.239583927567e+00,1.387799764679e-04
5.181479722348e+00,-5.921446207346e+00,2.912000000000e-02,-4.464000000000e-02,2.508167886176e+00,5.535641328856e-05
3.776445658040e+00,-5.921374327950e+00,1.220000000000e-02,-6.354000000000e-02,3.318691461688e+00,3.757652850561e-05
3.060890700542e+00,-5.920930009894e+00,4.880000000000e-03,-6.652000000000e-02,3.658169354764e+00,3.368448737287e-05
2.048258455791e+00,-5.918542275999e+00,-4.450000000000e-03,-7.543000000000e-02,4.040565261169e+00,3.150654745611e-05
7.463029907615e+00,-5.918124530168e+00,5.756000000000e-02,4.990000000000e-02,8.997538916371e-01,6.474516822799e-05
4.344600177055e+00,-5.916675376559e+00,1.912000000000e-02,-5.962000000000e-02,3.013832956921e+00,4.360492798925e-05
6.895596488179e+00,-5.910610160186e+00,4.569000000000e-02,1.696000000000e-02,1.331383178533e+00,6.373623749546e-05
8.366076001643e+00,-5.908029934991e+00,1.094000000000e-01,1.438600000000e-01,1.999954511599e-01,7.164798358510e-05
1.398124600315e+00,-5.903285906137e+00,-5.840000000000e-03,-1.014600000000e-01,4.226696898646e+00,2.068592729813e-05
7.735116913765e+00,-5.903243453712e+00,6.925000000000e-02,7.407000000000e-02,6.999758916632e-01,9.817649323704e-05
5.393426710851e+00,-5.900262721565e+00,3.216000000000e-02,-3.956000000000e-02,2.387763713959e+00,5.724500257561e-05
2.710865643925e+00,-5.896479700596e+00,1.170000000000e-03,-7.027000000000e-02,3.826418098840e+00,3.282479102021e-05
6.142772394265e+00,-5.895565102539e+00,3.848000000000e-02,-1.239000000000e-02,1.882965333997e+00,6.003626914867e-05
4.139668324639e+00,-5.894646781316e+00,1.647000000000e-02,-6.209000000000e-02,3.147161433594e+00,4.080725581469e-05
5.873356828858e+00,-5.891327381993e+00,3.638000000000e-02,-2.318000000000e-02,2.072530466005e+00,6.135397267492e-05
2.208078805597e+00,-5.889036523774e+00,-3.490000000000e-03,-7.368000000000e-02,4.017225864979e+00,3.188098548939e-05
7.137748759003e+00,-5.887515757523e+00,4.808000000000e-02,2.877000000000e-02,1.166425024953e+00,6.402782453347e-05
6.383399224109e+00,-5.886149349357e+00,4.021000000000e-02,-4.280000000000e-03,1.720019384104e+00,6.059811338745e-05
1.556943890257e+00,-5.881502821558e+00,-6.360000000000e-03,-8.923000000000e-02,4.211525743563e+00,2.833639319944e-05
8.009433249884e+00,-5.880053052370e+00,8.609000000000e-02,1.025600000000e-01,4.999854789030e-01,2.933239191437e-04
3.577237182508e+00,-5.879775022775e+00,9.530000000000e-03,-6.465000000000e-02,3.454237813087e+00,3.561192401833e-05
3.221410007222e+00,-5.877118665750e+00,6.590000000000e-03,-6.696000000000e-02,3.625639930438e+00,3.382190717301e-05
6.602033060607e+00,-5.873098527689e+00,4.250000000000e-02,3.100000000000e-03,1.571836094562e+00,6.141523065077e-05
5.605804740556e+00,-5.869547373016e+00,3.354000000000e-02,-3.262000000000e-02,2.269919837443e+00,5.780683053718e-05
8.645336848615e+00,-5.866363248091e+00,8.043000000000e-02,1.102900000000e-01,2.351057174365e-04,4.757822940164e-04
3.937039030037e+00,-5.864932889377e+00,1.421000000000e-02,-6.383000000000e-02,3.282739296493e+00,3.830189801231e-05
7.389469064125e+00,-5.859264683924e+00,5.355000000000e-02,4.279000000000e-02,9.939436923803e-01,6.420967478452e-05
2.870698992167e+00,-5.858331505486e+00,2.170000000000e-03,-6.948000000000e-02,3.796135917486e+00,3.282881628546e-05
1.715452474237e+00,-5.858089682621e+00,-7.690000000000e-03,-7.990000000000e-02,4.194096906645e+00,2.974672159574e-05
2.367390598471e+00,-5.857800252510e+00,-1.730000000000e-03,-7.250000000000e-02,3.991787319129e+00,3.211931773108e-05
4.920437574244e+00,-5.857208641887e+00,2.519000000000e-02,-5.222000000000e-02,2.720370305071e+00,5.068599969347e-05
4.711886979741e+00,-5.857001123644e+00,2.343000000000e-02,-5.741000000000e-02,2.847301902969e+00,4.781844886421e-05
6.831120335295e+00,-5.855548558693e+00,4.426000000000e-02,1.279000000000e-02,1.416153216236e+00,6.284869526811e-05
5.130171555438e+00,-5.848575470629e+00,2.753000000000e-02,-4.741000000000e-02,2.596645896296e+00,5.336401579970e-05
8.285756876877e+00,-5.848461626991e+00,1.024900000000e-01,1.348300000000e-01,2.999931767401e-01,3.818944559421e-04
4.504834429623e+00,-5.848258366433e+00,2.054000000000e-02,-5.972000000000e-02,2.977202778702e+00,4.477154708121e-05
6.250000200012e-02,-5.847013976069e+00,3.440000000000e-03,-1.046450000000e+00,4.435892855910e+00,2.588514712683e-03
1.875000060004e-01,-5.846169506721e+00,7.520000000000e-03,-9.521900000000e-01,4.434023098456e+00,2.961822648963e-03
3.125000100004e-01,-5.845325037372e+00,1.214000000000e-02,-8.047700000000e-01,4.429980168133e+00,3.194062872338e-03
4.375000140001e-01,-5.844480568024e+00,1.196000000000e-02,-6.534900000000e-01,4.423414565741e+00,3.102439414731e-03
5.625000180001e-01,-5.842788257658e+00,1.087000000000e-02,-5.122300000000e-01,4.414971040758e+00,2.792156214650e-03
7.657199317508e+00,-5.840568423631e+00,6.212000000000e-02,6.206000000000e-02,7.999724476142e-01,6.808062202526e-05
6.875000220004e-01,-5.840248106275e+00,6.030000000000e-03,-3.915400000000e-01,4.404522494904e+00,2.302868244835e-03
8.125000260004e-01,-5.837707954892e+00,2.620000000000e-03,-2.877200000000e-01,4.391999385784e+00,1.685398702827e-03
6.086615041068e+00,-5.837003624682e+00,3.730000000000e-02,-1.609000000000e-02,1.964101133921e+00,5.841162651175e-05
9.375000300001e-01,-5.835167803509e+00,-2.400000000000e-04,-2.116200000000e-01,4.377385350964e+00,1.054904362053e-03
7.070253940384e+00,-5.833193524496e+00,4.643000000000e-02,2.389000000000e-02,1.253024173964e+00,6.368714397549e-05
1.873610725052e+00,-5.833054544272e+00,-6.240000000000e-03,-7.746000000000e-02,4.174441450954e+00,3.042108801059e-05
3.381053214006e+00,-5.831407288730e+00,7.860000000000e-03,-6.707000000000e-02,3.591497608166e+00,3.403106023683e-05
4.299584173194e+00,-5.831295425329e+00,1.782000000000e-02,-6.178000000000e-02,3.109822241261e+00,4.182848908451e-05
5.340764145802e+00,-5.830806083171e+00,3.047000000000e-02,-4.287000000000e-02,2.474917921183e+00,5.522023407009e-05
6.325146563016e+00,-5.829780711134e+00,3.938000000000e-02,-7.060000000000e-03,1.801079313013e+00,5.860523787559e-05
5.818267037686e+00,-5.829027703257e+00,3.463000000000e-02,-2.638000000000e-02,2.155690657973e+00,5.958763880542e-05
3.736986691473e+00,-5.827873763497e+00,1.076000000000e-02,-6.538000000000e-02,3.418645725620e+00,3.612999382878e-05
1.078382175509e+00,-5.825225586027e+00,-2.780000000000e-03,-1.568000000000e-01,4.364921515170e+00,4.940361270783e-04
2.526151818218e+00,-5.824846367928e+00,-5.900000000000e-04,-7.202000000000e-02,3.964291771237e+00,3.222587994705e-05
7.930299677229e+00,-5.818919617628e+00,7.679000000000e-02,8.909000000000e-02,5.999825746833e-01,1.787073984455e-04
3.029803814189e+00,-5.818376675562e+00,3.580000000000e-03,-6.806000000000e-02,3.764033086470e+00,3.282655400114e-05
6.540637983690e+00,-5.817354406695e+00,4.179000000000e-02,-4.000000000000e-05,1.654757284422e+00,5.986947455228e-05
8.563863050407e+00,-5.808382999070e+00,1.054900000000e-01,1.440900000000e-01,9.999844534265e-02,5.672921331114e-04
1.235050182593e+00,-5.807129835782e+00,-4.270000000000e-03,-1.199800000000e-01,4.353966182316e+00,1.338856609017e-04
4.096429771249e+00,-5.806436633281e+00,1.522000000000e-02,-6.404000000000e-02,3.244899262822e+00,3.913292815565e-05
2.031379223851e+00,-5.806406424596e+00,-5.170000000000e-03,-7.659000000000e-02,4.152595262150e+00,3.099989777467e-05
7.319019038724e+00,-5.805737495237e+00,5.007000000000e-02,3.653000000000e-02,1.082549830612e+00,6.405307234972e-05
5.551880746962e+00,-5.803615186664e+00,3.189000000000e-02,-3.515000000000e-02,2.355088905824e+00,5.614607174061e-05
6.766644182411e+00,-5.800486957200e+00,4.326000000000e-02,8.570000000000e-03,1.500925249348e+00,6.179941426843e-05
2.684320775323e+00,-5.790188795801e+00,1.800000000000e-04,-7.154000000000e-02,3.934786804633e+00,3.222786482800e-05
8.205437752111e+00,-5.788893318991e+00,9.371000000000e-02,1.210300000000e-01,3.999909023203e-01,3.794032385338e-04
1.391507347704e+00,-5.787533721347e+00,-6.220000000000e-03,-1.012200000000e-01,4.340621019891e+00,1.869705084895e-05
3.539774283273e+00,-5.783817790750e+00,8.370000000000e-03,-6.620000000000e-02,3.555818814935e+00,3.433279329788e-05
4.870574058504e+00,-5.781036393166e+00,2.344000000000e-02,-5.482000000000e-02,2.810832538426e+00,4.877353541348e-05
7.002759121765e+00,-5.778871291468e+00,4.509000000000e-02,1.921000000000e-02,1.339628580361e+00,6.317767544522e-05
6.030457687870e+00,-5.778442146825e+00,3.616000000000e-02,-2.002000000000e-02,2.045236971484e+00,5.673627720931e-05
2.188718782898e+00,-5.778155299597e+00,-4.050000000000e-03,-7.482000000000e-02,4.128599286009e+00,3.142138250257e-05
7.579281721250e+00,-5.777893393550e+00,5.680000000000e-02,5.344000000000e-02,8.997579414219e-01,6.412197830553e-05
4.663555598023e+00,-5.777642114996e+00,2.181000000000e-02,-5.986000000000e-02,2.939665505359e+00,4.590637621388e-05
3.188136304223e+00,-5.776633499159e+00,5.430000000000e-03,-6.837000000000e-02,3.730174028813e+00,3.285559236811e-05
5.078863388528e+00,-5.775704733911e+00,2.591000000000e-02,-4.986000000000e-02,2.685166479156e+00,5.129583926183e-05
3.895653826701e+00,-5.774015265935e+00,1.284000000000e-02,-6.514000000000e-02,3.381757829899e+00,3.675521765541e-05
6.266893901924e+00,-5.773412072912e+00,3.847000000000e-02,-1.047000000000e-02,1.882139286460e+00,5.641629942075e-05
5.763177246515e+00,-5.766728024522e+00,3.323000000000e-02,-2.918000000000e-02,2.238851081101e+00,5.763727147844e-05
1.547717174634e+00,-5.766442825697e+00,-7.110000000000e-03,-8.885000000000e-02,4.324908140579e+00,2.756464073580e-05
4.458119842667e+00,-5.765829447540e+00,1.909000000000e-02,-6.160000000000e-02,3.071421188233e+00,4.291646005100e-05
6.479242906772e+00,-5.761610285701e+00,4.107000000000e-02,-3.380000000000e-03,1.737678956977e+00,5.822710864507e-05
5.288101580753e+00,-5.761349444777e+00,2.862000000000e-02,-4.596000000000e-02,2.562072797607e+00,5.312533883775e-05
7.851166104575e+00,-5.757786182887e+00,6.863000000000e-02,7.646000000000e-02,6.999796704629e-01,9.870508249231e-05
2.841856132237e+00,-5.753842473523e+00,1.020000000000e-03,-7.099000000000e-02,3.903325785151e+00,3.216180653429e-05
7.248569013324e+00,-5.752210306551e+00,4.776000000000e-02,3.073000000000e-02,1.170957441754e+00,6.357558576617e-05
8.482389252200e+00,-5.750402750049e+00,1.057100000000e-01,1.452800000000e-01,1.999968906851e-01,4.470776868797e-05
2.345590469567e+00,-5.748312097082e+00,-2.510000000000e-03,-7.356000000000e-02,4.102342232354e+00,3.167718628763e-05
4.254568169333e+00,-5.745915474099e+00,1.630000000000e-02,-6.378000000000e-02,3.205843415642e+00,4.006445384258e-05
6.702168029526e+00,-5.745425355706e+00,4.242000000000e-02,4.660000000000e-03,1.585698957844e+00,6.061408291767e-05
1.703643313513e+00,-5.743863619546e+00,-7.850000000000e-03,-8.072000000000e-02,4.306854233944e+00,2.912318283509e-05
5.497956753368e+00,-5.737683000313e+00,2.986000000000e-02,-3.813000000000e-02,2.440258416812e+00,5.446728565682e-05
3.697527724905e+00,-5.734373199045e+00,9.570000000000e-03,-6.706000000000e-02,3.518687668423e+00,3.474013323399e-05
3.345653115044e+00,-5.733121326630e+00,6.870000000000e-03,-6.885000000000e-02,3.694630037847e+00,3.294909943128e-05
8.125118627345e+00,-5.729325010990e+00,8.412000000000e-02,1.050600000000e-01,4.999886279004e-01,2.892885919661e-04
6.250000200012e-02,-5.728888174615e+00,3.380000000000e-03,-1.058740000000e+00,4.554018657363e+00,2.614267641083e-03
1.875000060004e-01,-5.728124130918e+00,7.320000000000e-03,-9.602700000000e-01,4.552022729444e+00,2.990548858448e-03
3.125000100004e-01,-5.727360087222e+00,1.133000000000e-02,-8.104700000000e-01,4.547761894938e+00,3.223260340093e-03
4.375000140001e-01,-5.726596043526e+00,1.104000000000e-02,-6.536500000000e-01,4.540929577613e+00,3.127926735074e-03
5.625000180001e-01,-5.725064905576e+00,8.990000000000e-03,-5.093300000000e-01,4.532279825523e+00,2.811387139949e-03
6.935264303146e+00,-5.724549058441e+00,4.430000000000e-02,1.492000000000e-02,1.426237286425e+00,6.249752393252e-05
6.875000220004e-01,-5.722766673372e+00,7.470000000000e-03,-3.904700000000e-01,4.521422262067e+00,2.311423170740e-03
8.125000260004e-01,-5.720468441169e+00,2.900000000000e-04,-2.821500000000e-01,4.508238064611e+00,1.682654413998e-03
7.503652549843e+00,-5.720217048060e+00,5.260000000000e-02,4.564000000000e-02,9.948413613600e-01,6.363881313153e-05
5.974300334673e+00,-5.719880668967e+00,3.498000000000e-02,-2.368000000000e-02,2.126372842376e+00,5.503599041119e-05
1.859249582980e+00,-5.719803457411e+00,-6.730000000000e-03,-7.820000000000e-02,4.286490743262e+00,2.992006038565e-05
4.053191217859e+00,-5.718226485245e+00,1.381000000000e-02,-6.576000000000e-02,3.342666385995e+00,3.748904857199e-05
9.375000300001e-01,-5.718170208965e+00,-1.390000000000e-03,-2.068700000000e-01,4.492848019680e+00,1.045644262067e-03
6.208641240832e+00,-5.717043434689e+00,3.731000000000e-02,-1.474000000000e-02,1.963199298926e+00,5.406517344879e-05
2.501955628959e+00,-5.716888690316e+00,-1.420000000000e-03,-7.317000000000e-02,4.073824927030e+00,3.177352751315e-05
2.998716927836e+00,-5.715823341230e+00,2.220000000000e-03,-6.955000000000e-02,3.869968253839e+00,3.206948971306e-05
1.077051041142e+00,-5.708516635439e+00,-3.340000000000e-03,-1.530300000000e-01,4.479779466244e+00,4.852735351302e-04
6.417847829855e+00,-5.705866164706e+00,3.984000000000e-02,-6.690000000000e-03,1.820601046270e+00,5.654846170714e-05
4.820710542764e+00,-5.704864144445e+00,2.186000000000e-02,-5.718000000000e-02,2.901331019513e+00,4.682896811376e-05
5.708087455344e+00,-5.704428345786e+00,3.183000000000e-02,-3.176000000000e-02,2.322011710554e+00,5.550246001364e-05
8.760927301519e+00,-5.703366715269e+00,7.699000000000e-02,1.100600000000e-01,2.351057156017e-04,4.659230856427e-04
5.027555221618e+00,-5.702833997194e+00,2.415000000000e-02,-5.242000000000e-02,2.773725558763e+00,4.930422503184e-05
7.178118987923e+00,-5.698683117864e+00,4.639000000000e-02,2.562000000000e-02,1.259374946970e+00,6.346613771533e-05
4.615224216306e+00,-5.698283106347e+00,2.000000000000e-02,-6.224000000000e-02,3.032062992348e+00,4.398669240105e-05
7.772032531920e+00,-5.696652748145e+00,6.148000000000e-02,6.543000000000e-02,7.999767662425e-01,6.802455390552e-05
2.014499991911e+00,-5.694270573194e+00,-5.770000000000e-03,-7.747000000000e-02,4.263854075296e+00,3.058556168008e-05
8.400915453992e+00,-5.692422501028e+00,9.934000000000e-02,1.365800000000e-01,2.999953360279e-01,3.645439943063e-04
5.235439015704e+00,-5.691892806382e+00,2.673000000000e-02,-4.868000000000e-02,2.649228277184e+00,5.098192333877e-05
1.231065949010e+00,-5.690827822180e+00,-4.710000000000e-03,-1.193300000000e-01,4.468451098489e+00,1.290431496856e-04
6.637691876642e+00,-5.690363754213e+00,4.146000000000e-02,1.300000000000e-03,1.670474086654e+00,5.932374247986e-05
3.502311384038e+00,-5.687860558725e+00,7.480000000000e-03,-6.768000000000e-02,3.657479806960e+00,3.313288956497e-05
2.657775906721e+00,-5.683897891007e+00,-6.000000000000e-04,-7.253000000000e-02,4.043219472360e+00,3.173872479045e-05
4.411405255711e+00,-5.683400528646e+00,1.740000000000e-02,-6.355000000000e-02,3.165671082749e+00,4.106898307858e-05
3.854268623365e+00,-5.683097642493e+00,1.112000000000e-02,-6.652000000000e-02,3.480196596209e+00,3.525906151167e-05
3.154862601224e+00,-5.676148332568e+00,4.180000000000e-03,-6.966000000000e-02,3.834780369369e+00,3.199284270448e-05
1.384890095093e+00,-5.671781536557e+00,-6.020000000000e-03,-1.007100000000e-01,4.454649224827e+00,1.682930722606e-05
5.444032759775e+00,-5.671750813962e+00,2.786000000000e-02,-4.136000000000e-02,2.525428325625e+00,5.275147569419e-05
6.867769484527e+00,-5.670226825413e+00,4.307000000000e-02,1.038000000000e-02,1.512849553703e+00,6.165542820758e-05
8.044799502580e+00,-5.669756702990e+00,7.580000000000e-02,9.182000000000e-02,5.999863534802e-01,1.786405627977e-04
7.430311803284e+00,-5.667539387163e+00,4.922000000000e-02,3.917000000000e-02,1.085238676618e+00,6.377960927427e-05
2.169358760199e+00,-5.667274075420e+00,-4.910000000000e-03,-7.605000000000e-02,4.238985845152e+00,3.106302876487e-05
5.918142981475e+00,-5.661319191110e+00,3.361000000000e-02,-2.680000000000e-02,2.207508742922e+00,5.332174000147e-05
6.150388579739e+00,-5.660674796466e+00,3.625000000000e-02,-1.892000000000e-02,2.044259345771e+00,5.160880096771e-05
4.209552165472e+00,-5.660535522868e+00,1.467000000000e-02,-6.553000000000e-02,3.301893697917e+00,3.832575153353e-05
1.538490459012e+00,-5.651382829836e+00,-7.540000000000e-03,-8.859000000000e-02,4.438396065029e+00,2.689494473393e-05
6.356452752937e+00,-5.650122043712e+00,3.851000000000e-02,-1.014000000000e-02,1.903523497841e+00,5.490343708454e-05
2.813013272307e+00,-5.649353441559e+00,5.000000000000e-05,-7.205000000000e-02,4.010580531888e+00,3.161106962666e-05
8.678330151007e+00,-5.646996849721e+00,1.016900000000e-01,1.447300000000e-01,9.999925506997e-02,5.766719363126e-04
7.107668962522e+00,-5.645155929177e+00,4.522000000000e-02,2.061000000000e-02,1.347800399068e+00,6.316777299864e-05
5.652997664173e+00,-5.642128667051e+00,3.022000000000e-02,-3.469000000000e-02,2.405172524929e+00,5.319743655576e-05
3.658068758338e+00,-5.640872634593e+00,8.560000000000e-03,-6.840000000000e-02,3.618810018461e+00,3.342386254897e-05
2.323790340663e+00,-5.638823941655e+00,-3.630000000000e-03,-7.444000000000e-02,4.211933158744e+00,3.134575589106e-05
7.692898959265e+00,-5.635519313403e+00,5.633000000000e-02,5.591000000000e-02,8.997628011407e-01,6.377384746482e-05
6.573215723758e+00,-5.635302152720e+00,4.027000000000e-02,-2.140000000000e-03,1.755250429983e+00,5.796209468686e-05
3.310253016082e+00,-5.634835364531e+00,5.720000000000e-03,-7.040000000000e-02,3.797835404328e+00,3.197005700156e-05
8.319441655784e+00,-5.634442252006e+00,9.154000000000e-02,1.233200000000e-01,3.999937813708e-01,3.706829023818e-04
4.009952664469e+00,-5.630016337209e+00,1.216000000000e-02,-6.728000000000e-02,3.440447016854e+00,3.588990943551e-05
4.976247054709e+00,-5.629963260476e+00,2.249000000000e-02,-5.490000000000e-02,2.862319561895e+00,4.732742260963e-05
1.691834152790e+00,-5.629637556471e+00,-8.200000000000e-03,-8.154000000000e-02,4.419718545573e+00,2.860676742261e-05
4.770847027024e+00,-5.628691895724e+00,2.025000000000e-02,-5.961000000000e-02,2.991862459046e+00,4.487574679907e-05
5.182776450654e+00,-5.622436167988e+00,2.500000000000e-02,-5.136000000000e-02,2.736106233193e+00,4.893712415867e-05
4.566892834589e+00,-5.618924097699e+00,1.821000000000e-02,-6.453000000000e-02,3.124491357831e+00,4.207297444207e-05
6.800274665908e+00,-5.615904592385e+00,4.170000000000e-02,6.520000000000e-03,1.599464803668e+00,6.066015536592e-05
7.356971056726e+00,-5.614861726265e+00,4.687000000000e-02,3.317000000000e-02,1.175442152570e+00,6.350703776131e-05
2.967630041483e+00,-5.613270006898e+00,1.110000000000e-03,-7.135000000000e-02,3.975969146909e+00,3.143488990896e-05
6.250000200012e-02,-5.610762373161e+00,3.630000000000e-03,-1.070990000000e+00,4.672144458816e+00,2.640454458172e-03
7.964480377814e+00,-5.610188394991e+00,6.737000000000e-02,7.900000000000e-02,6.999840790593e-01,9.959693498716e-05
1.875000060004e-01,-5.610078755116e+00,7.530000000000e-03,-9.680900000000e-01,4.670024672591e+00,3.019831414134e-03
3.125000100004e-01,-5.609395137072e+00,1.066000000000e-02,-8.165400000000e-01,4.665552879883e+00,3.253068716028e-03
2.477759439701e+00,-5.608931012703e+00,-2.350000000000e-03,-7.419000000000e-02,4.182748935583e+00,3.144163917500e-05
4.375000140001e-01,-5.608711519027e+00,1.116000000000e-02,-6.534200000000e-01,4.658421245001e+00,3.153942599004e-03
5.625000180001e-01,-5.607341553493e+00,7.570000000000e-03,-5.083500000000e-01,4.649609566213e+00,2.830988802002e-03
1.844888440908e+00,-5.606552370549e+00,-7.210000000000e-03,-7.887000000000e-02,4.398648480938e+00,2.953277803349e-05
5.390108766181e+00,-5.605818627610e+00,2.607000000000e-02,-4.444000000000e-02,2.610598593328e+00,5.077749835756e-05
6.875000220004e-01,-5.605285240469e+00,7.280000000000e-03,-3.876100000000e-01,4.638351421557e+00,2.320046286345e-03
6.092135918647e+00,-5.604306158243e+00,3.513000000000e-02,-2.290000000000e-02,2.125319423061e+00,4.913946312325e-05
8.125000260004e-01,-5.603228927445e+00,-2.600000000000e-04,-2.775300000000e-01,4.624527272798e+00,1.679706833418e-03
5.861985628278e+00,-5.602757713253e+00,3.254000000000e-02,-2.924000000000e-02,2.288644669968e+00,5.157810507285e-05
9.375000300001e-01,-5.601172614421e+00,-2.380000000000e-03,-2.020100000000e-01,4.608388115090e+00,1.036156251709e-03
4.364690668756e+00,-5.600971609752e+00,1.573000000000e-02,-6.558000000000e-02,3.259949731421e+00,3.924238590136e-05
6.295057676020e+00,-5.594377922718e+00,3.740000000000e-02,-1.407000000000e-02,1.986446266319e+00,5.336265841559e-05
3.812883420029e+00,-5.592180019052e+00,9.380000000000e-03,-6.801000000000e-02,3.578715995306e+00,3.382998444291e-05
3.464848484803e+00,-5.591903326700e+00,6.360000000000e-03,-6.922000000000e-02,3.759214299609e+00,3.203218740838e-05
1.075719906775e+00,-5.591807684850e+00,-3.690000000000e-03,-1.502100000000e-01,4.594731091250e+00,4.764233471814e-04
7.037218937121e+00,-5.591628740490e+00,4.351000000000e-02,1.607000000000e-02,1.436232330236e+00,6.266442397418e-05
8.595733000495e+00,-5.590626984174e+00,1.017700000000e-01,1.462800000000e-01,1.999985101398e-01,2.244341845381e-05
1.997620759971e+00,-5.582134721791e+00,-6.340000000000e-03,-7.814000000000e-02,4.375222789173e+00,3.029088636687e-05
6.508739570874e+00,-5.580240551227e+00,3.889000000000e-02,-5.700000000000e-03,1.840027819961e+00,5.656226595270e-05
5.597907873002e+00,-5.579828988316e+00,2.838000000000e-02,-3.783000000000e-02,2.488333505686e+00,5.074223623236e-05
7.615249184036e+00,-5.579065165512e+00,5.202000000000e-02,4.766000000000e-02,9.957289181102e-01,6.336104761903e-05
2.631231038119e+00,-5.577606986213e+00,-1.520000000000e-03,-7.348000000000e-02,4.151492275161e+00,3.137959821717e-05
8.237967857576e+00,-5.576462002985e+00,8.231000000000e-02,1.075800000000e-01,4.999922267135e-01,2.857800735186e-04
3.121588898225e+00,-5.575663165977e+00,2.630000000000e-03,-7.097000000000e-02,3.939453197260e+00,3.125573784613e-05
4.164536161611e+00,-5.575155571637e+00,1.298000000000e-02,-6.742000000000e-02,3.397970619712e+00,3.662663631493e-05
1.227081715427e+00,-5.574525808577e+00,-5.980000000000e-03,-1.185100000000e-01,4.583030982592e+00,1.242681791872e-04
7.283630310168e+00,-5.562184065368e+00,4.537000000000e-02,2.829000000000e-02,1.265659166196e+00,6.362312370660e-05
6.732779847289e+00,-5.561582359358e+00,4.054000000000e-02,3.230000000000e-03,1.686082576652e+00,5.952457876868e-05
4.924938887800e+00,-5.557092523759e+00,2.088000000000e-02,-5.742000000000e-02,2.950945343106e+00,4.535326527691e-05
2.149998737499e+00,-5.556392851244e+00,-5.750000000000e-03,-7.700000000000e-02,4.349483743971e+00,3.083123313471e-05
1.378272842481e+00,-5.556029351767e+00,-6.680000000000e-03,-1.006200000000e-01,4.568773720247e+00,1.516795839282e-05
5.130113885605e+00,-5.552979529595e+00,2.331000000000e-02,-5.408000000000e-02,2.822762587132e+00,4.702726549035e-05
4.720983511284e+00,-5.552519647003e+00,1.858000000000e-02,-6.224000000000e-02,3.082423953040e+00,4.292862240912e-05
7.884161253049e+00,-5.550620086991e+00,6.096000000000e-02,6.896000000000e-02,7.999818046384e-01,6.826642159591e-05
6.033883257554e+00,-5.547937520020e+00,3.391000000000e-02,-2.647000000000e-02,2.206379527440e+00,4.680305527228e-05
3.618609791771e+00,-5.547372070141e+00,7.330000000000e-03,-6.964000000000e-02,3.719006281617e+00,3.220078798744e-05
2.784170412377e+00,-5.544864409595e+00,-8.600000000000e-04,-7.274000000000e-02,4.117895088176e+00,3.119890911949e-05
5.805828275080e+00,-5.544196235396e+00,3.118000000000e-02,-3.204000000000e-02,2.369780620792e+00,4.975914478099e-05
3.966714111078e+00,-5.541806189174e+00,1.042000000000e-02,-6.867000000000e-02,3.537302419270e+00,3.435163672987e-05
5.336184772587e+00,-5.539886441259e+00,2.451000000000e-02,-4.747000000000e-02,2.695769185903e+00,4.863559430685e-05
4.518561452872e+00,-5.539565089051e+00,1.640000000000e-02,-6.640000000000e-02,3.216947940234e+00,4.017766019521e-05
6.233662599103e+00,-5.538633801723e+00,3.624000000000e-02,-1.837000000000e-02,2.069369313608e+00,5.198602938844e-05
8.873445069296e+00,-5.538234119707e+00,7.335000000000e-02,1.094500000000e-01,2.351057168516e-04,4.561440032072e-04
6.966768911721e+00,-5.538101551804e+00,4.169000000000e-02,1.203000000000e-02,1.524669613102e+00,6.194235987466e-05
3.274852917119e+00,-5.536549402431e+00,4.540000000000e-03,-7.156000000000e-02,3.901107918896e+00,3.111643581375e-05
1.529263743390e+00,-5.536322833975e+00,-8.420000000000e-03,-8.857000000000e-02,4.551981624033e+00,2.636679137927e-05
8.513135849983e+00,-5.534257118626e+00,9.611000000000e-02,1.382600000000e-01,2.999977652099e-01,3.465251417693e-04
2.301990211758e+00,-5.529335786228e+00,-4.670000000000e-03,-7.512000000000e-02,4.321479265979e+00,3.114879763692e-05
7.539083206232e+00,-5.527290304471e+00,4.872000000000e-02,4.127000000000e-02,1.087895664478e+00,6.376357989368e-05
6.444263417990e+00,-5.525178949734e+00,3.791000000000e-02,-9.090000000000e-03,1.924806118289e+00,5.515430916830e-05
4.317976081800e+00,-5.518542690858e+00,1.419000000000e-02,-6.716000000000e-02,3.354254709654e+00,3.745070081029e-05
8.156494059369e+00,-5.518481753964e+00,7.407000000000e-02,9.406000000000e-02,5.999906720559e-01,1.790024618711e-04
5.542818081831e+00,-5.517529309580e+00,2.682000000000e-02,-4.065000000000e-02,2.571494636683e+00,4.813523541273e-05
1.680024992066e+00,-5.515411493396e+00,-8.340000000000e-03,-8.231000000000e-02,4.532681849771e+00,2.823160737977e-05
2.936543155130e+00,-5.510716672566e+00,1.900000000000e-04,-7.291000000000e-02,4.082030645450e+00,3.094555430080e-05
7.210289563610e+00,-5.509506404470e+00,4.336000000000e-02,2.309000000000e-02,1.355887015219e+00,6.348270879537e-05
6.665285028670e+00,-5.507260126330e+00,3.948000000000e-02,-4.300000000000e-04,1.772702502816e+00,5.826841205201e-05
3.771498216694e+00,-5.501262395610e+00,7.830000000000e-03,-6.971000000000e-02,3.677309546458e+00,3.248700480991e-05
2.453563250442e+00,-5.500973335091e+00,-3.270000000000e-03,-7.502000000000e-02,4.291263256177e+00,3.125294677399e-05
3.427385585568e+00,-5.495946094675e+00,5.090000000000e-03,-7.083000000000e-02,3.861016482851e+00,3.105335050773e-05
1.830527298837e+00,-5.493301283687e+00,-7.620000000000e-03,-7.969000000000e-02,4.510906574936e+00,2.928949301399e-05
6.250000200012e-02,-5.492636571706e+00,3.380000000000e-03,-1.082900000000e+00,4.790270260269e+00,2.667078395859e-03
1.875000060004e-01,-5.492033379314e+00,8.190000000000e-03,-9.764100000000e-01,4.788028756945e+00,3.049684557740e-03
5.975630596462e+00,-5.491568881798e+00,3.252000000000e-02,-2.938000000000e-02,2.287439656028e+00,4.481133986134e-05
3.125000100004e-01,-5.491430186922e+00,1.060000000000e-02,-8.227100000000e-01,4.783352439016e+00,3.283510155180e-03
7.803842128284e+00,-5.491051778991e+00,5.602000000000e-02,5.923000000000e-02,8.997684707987e-01,6.367936667988e-05
4.375000140001e-01,-5.490826994530e+00,1.030000000000e-02,-6.557800000000e-01,4.775932273927e+00,3.180507246874e-03
4.119520157750e+00,-5.489775620407e+00,1.138000000000e-02,-6.919000000000e-02,3.494071983497e+00,3.498281606527e-05
5.625000180001e-01,-5.489618201411e+00,7.890000000000e-03,-5.070900000000e-01,4.766789319233e+00,2.850973528160e-03
6.875000220004e-01,-5.487803807567e+00,6.020000000000e-03,-3.840700000000e-01,4.755307805175e+00,2.328739151509e-03
8.125000260004e-01,-5.485989413722e+00,-6.900000000000e-04,-2.741700000000e-01,4.740863292023e+00,1.676552778953e-03
5.749670921883e+00,-5.485634757538e+00,2.962000000000e-02,-3.517000000000e-02,2.450916593033e+00,4.781535556473e-05
6.896318886320e+00,-5.484574363117e+00,4.068000000000e-02,8.440000000000e-03,1.613111367463e+00,6.099379371890e-05
4.873630720890e+00,-5.484221787042e+00,1.918000000000e-02,-5.985000000000e-02,3.039600122733e+00,4.340286179225e-05
9.375000300001e-01,-5.484175019877e+00,-3.760000000000e-03,-1.980400000000e-01,4.723999956066e+00,1.026447125135e-03
5.077451320557e+00,-5.483522891201e+00,2.172000000000e-02,-5.648000000000e-02,2.909449272296e+00,4.512713591312e-05
8.789756318198e+00,-5.483496345810e+00,9.792000000000e-02,1.454500000000e-01,1.000001547578e-01,5.847949968657e-04
6.172267522185e+00,-5.482889680728e+00,3.516000000000e-02,-2.263000000000e-02,2.152292607483e+00,5.081129746077e-05
8.430538699471e+00,-5.477887253078e+00,8.887000000000e-02,1.255300000000e-01,3.999970202801e-01,3.623670326018e-04
4.671119995543e+00,-5.476347398281e+00,1.685000000000e-02,-6.464000000000e-02,3.173012928125e+00,4.099998819720e-05
7.462917228429e+00,-5.475515443431e+00,4.625000000000e-02,3.586000000000e-02,1.179873427935e+00,6.370316202555e-05
3.088315195226e+00,-5.475177999386e+00,1.340000000000e-03,-7.226000000000e-02,4.044187349955e+00,3.066785215036e-05
1.074388772409e+00,-5.475098734262e+00,-4.920000000000e-03,-1.478800000000e-01,4.709769531278e+00,4.675016904960e-04
5.282260778994e+00,-5.473954254908e+00,2.321000000000e-02,-5.054000000000e-02,2.780940073501e+00,4.659591087024e-05
2.604686169517e+00,-5.471316081419e+00,-2.370000000000e-03,-7.464000000000e-02,4.258895974832e+00,3.117271675183e-05
6.379787265106e+00,-5.470117348241e+00,3.709000000000e-02,-1.297000000000e-02,2.009585210007e+00,5.376459919180e-05
1.980741528031e+00,-5.469998870388e+00,-6.830000000000e-03,-7.861000000000e-02,4.486693219917e+00,3.014312046344e-05
8.075020261162e+00,-5.460501504943e+00,6.649000000000e-02,8.215000000000e-02,6.999891173977e-01,1.008436786581e-04
4.470230071154e+00,-5.460206080402e+00,1.457000000000e-02,-6.787000000000e-02,3.309430374645e+00,3.831342959871e-05
1.223097481844e+00,-5.458223794974e+00,-6.540000000000e-03,-1.183500000000e-01,4.697698885644e+00,1.195771709522e-04
7.136948817052e+00,-5.456828743573e+00,4.146000000000e-02,1.838000000000e-02,1.446123671485e+00,6.305493803102e-05
5.487728290660e+00,-5.455229630845e+00,2.527000000000e-02,-4.335000000000e-02,2.654655903800e+00,4.574795525228e-05
3.579150825204e+00,-5.453871505689e+00,6.090000000000e-03,-7.089000000000e-02,3.819270640696e+00,3.109333619288e-05
3.923475557688e+00,-5.453596041138e+00,8.840000000000e-03,-7.000000000000e-02,3.634232015213e+00,3.289249625760e-05
6.597790210051e+00,-5.452937893302e+00,3.862000000000e-02,-4.250000000000e-03,1.859324281230e+00,5.692074440126e-05
2.130638714800e+00,-5.445511627067e+00,-6.530000000000e-03,-7.766000000000e-02,4.460084707205e+00,3.075083549934e-05
2.755327552447e+00,-5.440375377632e+00,-1.720000000000e-03,-7.360000000000e-02,4.224444469471e+00,3.094762161349e-05
1.371655589870e+00,-5.440277166978e+00,-7.820000000000e-03,-1.003300000000e-01,4.682987466352e+00,1.383279893732e-05
3.239452818157e+00,-5.438263440331e+00,3.100000000000e-03,-7.270000000000e-02,4.004442386411e+00,3.041262782098e-05
4.271261494844e+00,-5.436113771964e+00,1.239000000000e-02,-6.840000000000e-02,3.448583857425e+00,3.570893639533e-05
7.724220197087e+00,-5.435857615506e+00,5.115000000000e-02,4.965000000000e-02,9.966053609099e-01,6.332310317113e-05
5.917377935370e+00,-5.435200243575e+00,3.091000000000e-02,-3.200000000000e-02,2.368499806340e+00,4.341469253339e-05
6.825868860919e+00,-5.431047174430e+00,3.986000000000e-02,5.130000000000e-03,1.701556896072e+00,5.982896219299e-05
8.706067567100e+00,-5.428758571912e+00,9.795000000000e-02,1.470700000000e-01,2.000003095154e-01,2.261240579719e-05
6.110872445268e+00,-5.427145559734e+00,3.382000000000e-02,-2.643000000000e-02,2.235216120499e+00,4.983952924741e-05
5.693513568685e+00,-5.427073279681e+00,2.796000000000e-02,-3.811000000000e-02,2.532052584632e+00,4.522259664690e-05
7.386751250625e+00,-5.423740582391e+00,4.404000000000e-02,3.017000000000e-02,1.271868475875e+00,6.398722795728e-05
8.347941548959e+00,-5.421517387531e+00,8.038000000000e-02,1.103600000000e-01,4.999962753501e-01,2.827781375236e-04
1.520037027767e+00,-5.421262838114e+00,-8.970000000000e-03,-8.859000000000e-02,4.665657686850e+00,2.602035079689e-05
2.280190082854e+00,-5.419847630801e+00,-5.650000000000e-03,-7.586000000000e-02,4.431129761409e+00,3.110933836592e-05
6.315311112221e+00,-5.415055746748e+00,3.599000000000e-02,-1.728000000000e-02,2.094364998764e+00,5.241951895581e-05
5.024788755508e+00,-5.414066252807e+00,2.012000000000e-02,-5.902000000000e-02,2.996163656004e+00,4.326065230382e-05
4.822322553981e+00,-5.411351050324e+00,1.724000000000e-02,-6.225000000000e-02,3.128281435352e+00,4.148613089756e-05
3.730113013358e+00,-5.410344772169e+00,6.430000000000e-03,-7.116000000000e-02,3.775971441165e+00,3.125188770964e-05
2.905456268777e+00,-5.408163338233e+00,-7.300000000000e-04,-7.408000000000e-02,4.187983055905e+00,3.062438780373e-05
5.228336785400e+00,-5.408022068557e+00,2.172000000000e-02,-5.339000000000e-02,2.866111229821e+00,4.458629812054e-05
4.074504153889e+00,-5.404395669177e+00,9.890000000000e-03,-7.047000000000e-02,3.589892163741e+00,3.341176489406e-05
7.063608070493e+00,-5.404151082675e+00,4.019000000000e-02,1.435000000000e-02,1.536367583148e+00,6.231412686670e-05
7.993546462955e+00,-5.402521255922e+00,6.067000000000e-02,7.140000000000e-02,7.999875627393e-01,6.878911261986e-05
1.668215831342e+00,-5.401185430321e+00,-8.940000000000e-03,-8.322000000000e-02,4.645736925390e+00,2.803136328509e-05
4.621256479803e+00,-5.400175149560e+00,1.520000000000e-02,-6.658000000000e-02,3.263627095914e+00,3.910113695420e-05
3.389922686333e+00,-5.399988862650e+00,3.810000000000e-03,-7.242000000000e-02,3.962881139992e+00,3.022135707747e-05
6.530295391432e+00,-5.398615660275e+00,3.757000000000e-02,-7.990000000000e-03,1.945947664542e+00,5.551900512183e-05
2.429367061183e+00,-5.393015657478e+00,-4.150000000000e-03,-7.578000000000e-02,4.399883253107e+00,3.122922740723e-05
5.432638499489e+00,-5.392929952110e+00,2.374000000000e-02,-4.618000000000e-02,2.737817294634e+00,4.382954677699e-05
7.645295459459e+00,-5.385037596537e+00,4.818000000000e-02,4.366000000000e-02,1.090517620463e+00,6.392518108725e-05
4.421898689437e+00,-5.380847071754e+00,1.297000000000e-02,-6.892000000000e-02,3.401936552685e+00,3.649351879171e-05
1.816166156765e+00,-5.380050196825e+00,-7.950000000000e-03,-8.056000000000e-02,4.623257714956e+00,2.921931912753e-05
5.859125274278e+00,-5.378831605352e+00,2.900000000000e-02,-3.469000000000e-02,2.449559976219e+00,4.282793962507e-05
6.755418835518e+00,-5.377519985743e+00,3.893000000000e-02,1.490000000000e-03,1.790005639466e+00,5.848096732580e-05
3.055041492228e+00,-5.374692832795e+00,4.100000000000e-04,-7.363000000000e-02,4.148978183324e+00,3.025312898879e-05
6.250000200012e-02,-5.374510770252e+00,3.380000000000e-03,-1.095260000000e+00,4.908396061723e+00,2.694140981364e-03
8.622378816002e+00,-5.374020798015e+00,9.293000000000e-02,1.399000000000e-01,3.000004642734e-01,3.277267635348e-04
1.875000060004e-01,-5.373988003512e+00,8.190000000000e-03,-9.859000000000e-01,4.906034828001e+00,3.080122028742e-03
3.125000100005e-01,-5.373465236772e+00,1.076000000000e-02,-8.281800000000e-01,4.901159954094e+00,3.314607410766e-03
4.375000140002e-01,-5.372942470033e+00,9.110000000000e-03,-6.569900000000e-01,4.893461269554e+00,3.207641668789e-03
7.310585272822e+00,-5.371965721350e+00,4.200000000000e-02,2.471000000000e-02,1.363877310729e+00,6.391073455055e-05
5.625000180001e-01,-5.371894849330e+00,7.330000000000e-03,-5.054300000000e-01,4.883692565952e+00,2.871353759968e-03
6.049477368351e+00,-5.371401438740e+00,3.254000000000e-02,-2.945000000000e-02,2.318139829139e+00,4.900312675629e-05
8.982850689316e+00,-5.371023377338e+00,6.946000000000e-02,1.082800000000e-01,2.351057178861e-04,4.463883768257e-04
6.875000220004e-01,-5.370322374665e+00,3.520000000000e-03,-3.798800000000e-01,4.872198045171e+00,2.337502789734e-03
8.125000260004e-01,-5.368749899999e+00,-1.490000000000e-03,-2.700900000000e-01,4.857242758767e+00,1.673188426435e-03
5.637356215488e+00,-5.368511801824e+00,2.607000000000e-02,-4.082000000000e-02,2.613188593786e+00,4.254833410373e-05
9.375000300001e-01,-5.367177425334e+00,-4.880000000000e-03,-1.945200000000e-01,4.839678400967e+00,1.016523866297e-03
3.880237004298e+00,-5.365385893102e+00,7.370000000000e-03,-7.112000000000e-02,3.731230022506e+00,3.153326377794e-05
8.265344398447e+00,-5.365147521983e+00,7.218000000000e-02,9.711000000000e-02,5.999955304198e-01,1.797933056669e-04
2.578141300915e+00,-5.365025176625e+00,-3.310000000000e-03,-7.557000000000e-02,4.366406590222e+00,3.113920355337e-05
3.539691858637e+00,-5.360370941236e+00,4.900000000000e-03,-7.214000000000e-02,3.919597869968e+00,3.012659315275e-05
6.250834959337e+00,-5.359994145254e+00,3.485000000000e-02,-2.145000000000e-02,2.179145403208e+00,5.115385092942e-05
1.073057638042e+00,-5.358389783674e+00,-5.520000000000e-03,-1.466200000000e-01,4.824888576613e+00,4.585244571936e-04
1.963862296091e+00,-5.357863018985e+00,-7.410000000000e-03,-7.897000000000e-02,4.598257970111e+00,3.016799288354e-05
4.224546907888e+00,-5.353684853070e+00,1.064000000000e-02,-6.980000000000e-02,3.542935244222e+00,3.403350348866e-05
6.990267323935e+00,-5.351473421777e+00,3.999000000000e-02,1.054000000000e-02,1.626617542630e+00,6.126067365701e-05
4.972126190459e+00,-5.344609614413e+00,1.842000000000e-02,-6.137000000000e-02,3.082903400985e+00,4.143511754737e-05
7.912072664748e+00,-5.344541006901e+00,5.531000000000e-02,6.133000000000e-02,8.997749503380e-01,6.379798278403e-05
6.462800572813e+00,-5.344293427247e+00,3.587000000000e-02,-1.200000000000e-02,2.032572447561e+00,5.410321895683e-05
5.174412791807e+00,-5.342089882205e+00,2.022000000000e-02,-5.619000000000e-02,2.951282631598e+00,4.267024734329e-05
1.219113248261e+00,-5.341921781371e+00,-7.320000000000e-03,-1.176300000000e-01,4.812448515873e+00,1.149870069074e-04
3.204052719194e+00,-5.339977478231e+00,1.800000000000e-03,-7.381000000000e-02,4.107834131510e+00,2.988381776164e-05
4.771014387071e+00,-5.338480313607e+00,1.524000000000e-02,-6.453000000000e-02,3.216987086690e+00,3.960921700354e-05
2.726484692516e+00,-5.335886345668e+00,-2.660000000000e-03,-7.458000000000e-02,4.330768160641e+00,3.087831291695e-05
2.111278692100e+00,-5.334630402891e+00,-7.350000000000e-03,-7.809000000000e-02,4.570781253192e+00,3.084489067450e-05
7.566370721831e+00,-5.334217577568e+00,4.631000000000e-02,3.818000000000e-02,1.184245740597e+00,6.404582794159e-05
5.377548708318e+00,-5.330630273376e+00,2.197000000000e-02,-4.954000000000e-02,2.820978798243e+00,4.204544626726e-05
1.365038337259e+00,-5.324524982188e+00,-8.240000000000e-03,-1.002800000000e-01,4.797284088506e+00,1.297329097852e-05
4.571392964063e+00,-5.324002900839e+00,1.353000000000e-02,-6.840000000000e-02,3.354264414692e+00,3.724268023868e-05
6.684968810117e+00,-5.323992797056e+00,3.773000000000e-02,-2.800000000000e-03,1.878457143532e+00,5.700305246271e-05
5.800872613185e+00,-5.322462967129e+00,2.733000000000e-02,-3.745000000000e-02,2.530620163785e+00,4.295144588407e-05
7.234419295018e+00,-5.320190860310e+00,4.026000000000e-02,2.027000000000e-02,1.455897318612e+00,6.344162898401e-05
3.688727810022e+00,-5.319427148727e+00,5.120000000000e-03,-7.225000000000e-02,3.874696458710e+00,3.014921621682e-05
8.538690064904e+00,-5.319283024117e+00,8.583000000000e-02,1.274600000000e-01,4.000006190313e-01,3.543285964598e-04
4.029488150028e+00,-5.319015717946e+00,8.280000000000e-03,-7.169000000000e-02,3.685168484537e+00,3.193314918176e-05
8.898102507818e+00,-5.317938778672e+00,9.415000000000e-02,1.463000000000e-01,1.000011444062e-01,5.916442582072e-04
5.988082291433e+00,-5.315657317745e+00,3.081000000000e-02,-3.266000000000e-02,2.401063713135e+00,4.811729360693e-05
2.258389953950e+00,-5.310359475373e+00,-6.290000000000e-03,-7.658000000000e-02,4.540877082921e+00,3.124842986013e-05
5.581198862291e+00,-5.309950323967e+00,2.412000000000e-02,-4.348000000000e-02,2.694324618908e+00,4.024420841971e-05
8.182747247936e+00,-5.308777656436e+00,6.497000000000e-02,8.529000000000e-02,6.999947854889e-01,1.024417586945e-04
1.510810312145e+00,-5.306202842253e+00,-9.700000000000e-03,-8.879000000000e-02,4.779417795719e+00,2.589393053871e-05
2.874369382424e+00,-5.305610003901e+00,-1.930000000000e-03,-7.513000000000e-02,4.293043830352e+00,3.049312659892e-05
6.186358806453e+00,-5.304932543761e+00,3.347000000000e-02,-2.537000000000e-02,2.263926354167e+00,5.000748118845e-05
3.352459787098e+00,-5.304031630625e+00,2.410000000000e-03,-7.386000000000e-02,4.064803574216e+00,2.956251653171e-05
4.373567307720e+00,-5.301488063105e+00,1.133000000000e-02,-6.985000000000e-02,3.494464588716e+00,3.473227618303e-05
6.916926577376e+00,-5.298795760880e+00,3.908000000000e-02,6.430000000000e-03,1.716872596195e+00,5.993280928221e-05
7.830527731834e+00,-5.290643691086e+00,5.028000000000e-02,5.150000000000e-02,9.974697126172e-01,6.346155617473e-05
6.395305754194e+00,-5.289971194220e+00,3.437000000000e-02,-1.597000000000e-02,2.119198458644e+00,5.270997112173e-05
1.656406670618e+00,-5.286959367247e+00,-9.410000000000e-03,-8.416000000000e-02,4.758877231884e+00,2.803712807012e-05
2.405170871924e+00,-5.285057979865e+00,-4.910000000000e-03,-7.638000000000e-02,4.508601288603e+00,3.139014391653e-05
7.487445984204e+00,-5.283397558599e+00,4.358000000000e-02,3.155000000000e-02,1.277994853190e+00,6.441695492909e-05
3.836998450908e+00,-5.277175745067e+00,6.090000000000e-03,-7.228000000000e-02,3.828291241107e+00,3.029747921257e-05
5.120488798213e+00,-5.276157695854e+00,1.869000000000e-02,-5.868000000000e-02,3.036454258178e+00,4.085501398258e-05
4.919463625409e+00,-5.275152976019e+00,1.659000000000e-02,-6.360000000000e-02,3.169666425163e+00,3.965479459993e-05
3.021767789229e+00,-5.274207666204e+00,-6.200000000000e-04,-7.504000000000e-02,4.253317501570e+00,3.003451602647e-05
4.177832320932e+00,-5.271255934177e+00,8.990000000000e-03,-7.110000000000e-02,3.637307139413e+00,3.244276099162e-05
6.614518784716e+00,-5.270465608370e+00,3.552000000000e-02,-7.240000000000e-03,1.966911035829e+00,5.545694517709e-05
7.158253317214e+00,-5.268415999269e+00,3.929000000000e-02,1.675000000000e-02,1.547926506906e+00,6.256610986731e-05
5.322458917148e+00,-5.268330594641e+00,2.041000000000e-02,-5.270000000000e-02,2.904140404939e+00,4.040598497886e-05
3.500232892070e+00,-5.266870376784e+00,3.600000000000e-03,-7.330000000000e-02,4.019983262256e+00,2.932752504362e-05
1.801805014693e+00,-5.266799109964e+00,-8.700000000000e-03,-8.130000000000e-02,4.735695278641e+00,2.934829284257e-05
5.742619952093e+00,-5.266094328907e+00,2.558000000000e-02,-4.014000000000e-02,2.611680367390e+00,4.260500165413e-05
4.719706220162e+00,-5.265609576890e+00,1.356000000000e-02,-6.661000000000e-02,3.305715117432e+00,3.777669956146e-05
8.813354326321e+00,-5.264854180007e+00,9.422000000000e-02,1.478200000000e-01,2.000022888123e-01,4.326648791523e-05
8.455001313806e+00,-5.264545250220e+00,7.824000000000e-02,1.131700000000e-01,5.000007737892e-01,2.802579808237e-04
5.926687214516e+00,-5.259913196751e+00,2.879000000000e-02,-3.582000000000e-02,2.483987754924e+00,4.687491529253e-05
2.551596432312e+00,-5.258734271830e+00,-4.210000000000e-03,-7.622000000000e-02,4.474016413785e+00,3.129796855799e-05
6.250000200012e-02,-5.256384968798e+00,3.160000000000e-03,-1.107760000000e+00,5.026521863176e+00,2.721641312453e-03
1.875000060004e-01,-5.255942627710e+00,8.230000000000e-03,-9.946700000000e-01,5.024042745765e+00,3.111156649284e-03
3.125000100005e-01,-5.255500286623e+00,1.097000000000e-02,-8.330900000000e-01,5.018974864883e+00,3.346383794124e-03
4.375000140002e-01,-5.255057945535e+00,8.280000000000e-03,-6.577200000000e-01,5.011006967701e+00,3.235367667216e-03
5.625000180001e-01,-5.254171497248e+00,7.010000000000e-03,-5.046500000000e-01,5.000634291644e+00,2.892141955206e-03
6.875000220004e-01,-5.252840941762e+00,3.220000000000e-03,-3.747400000000e-01,4.988471415949e+00,2.346337726668e-03
8.100150097424e+00,-5.252407790889e+00,5.903000000000e-02,7.387000000000e-02,7.999940405579e-01,6.957209524725e-05
8.125000260004e-01,-5.251510386276e+00,-1.480000000000e-03,-2.659000000000e-01,4.973662623128e+00,1.669609705029e-03
5.525041509094e+00,-5.251388846111e+00,2.204000000000e-02,-4.635000000000e-02,2.775460658599e+00,3.844555144545e-05
9.375000300001e-01,-5.250179830790e+00,-3.700000000000e-03,-1.922900000000e-01,4.955418785423e+00,1.006394513659e-03
6.121882653569e+00,-5.249870942268e+00,3.170000000000e-02,-2.893000000000e-02,2.348707792460e+00,4.897729230647e-05
4.521529448322e+00,-5.247830652117e+00,1.187000000000e-02,-7.011000000000e-02,3.444923057125e+00,3.543541436891e-05
6.843585830818e+00,-5.246118099982e+00,3.716000000000e-02,2.510000000000e-03,1.807131980587e+00,5.840191567398e-05
1.946983064151e+00,-5.245727167583e+00,-8.120000000000e-03,-7.920000000000e-02,4.709910337257e+00,3.038786595153e-05
3.168652620232e+00,-5.241691516131e+00,8.400000000000e-04,-7.493000000000e-02,4.211278935504e+00,2.955455808727e-05
1.071726503675e+00,-5.241680833086e+00,-5.480000000000e-03,-1.449000000000e-01,4.940082592209e+00,4.495075447072e-04
7.748911664212e+00,-5.240829308477e+00,4.805000000000e-02,4.575000000000e-02,1.093101468684e+00,6.418532653121e-05
6.327810935575e+00,-5.235648961192e+00,3.302000000000e-02,-1.995000000000e-02,2.205825553106e+00,5.136784886443e-05
3.984472146167e+00,-5.233635766715e+00,6.730000000000e-03,-7.290000000000e-02,3.780507918906e+00,3.056920929578e-05
7.408521246576e+00,-5.232577539630e+00,4.109000000000e-02,2.600000000000e-02,1.371760654236e+00,6.430922816576e-05
2.697641832586e+00,-5.231397313704e+00,-3.720000000000e-03,-7.559000000000e-02,4.437192173383e+00,3.100982907600e-05
3.647342606686e+00,-5.228509525286e+00,4.050000000000e-03,-7.310000000000e-02,3.973479894047e+00,2.920587711503e-05
1.215129014678e+00,-5.225619767769e+00,-7.690000000000e-03,-1.167200000000e-01,4.927274163333e+00,1.105140135744e-04
2.091918669401e+00,-5.223749178714e+00,-8.320000000000e-03,-7.876000000000e-02,4.681566601719e+00,3.113287438183e-05
4.325235926003e+00,-5.222129054457e+00,9.570000000000e-03,-7.089000000000e-02,3.587012791238e+00,3.304587855566e-05
6.544068759315e+00,-5.216938419683e+00,3.333000000000e-02,-1.131000000000e-02,2.055367008021e+00,5.389952306872e-05
7.082087339411e+00,-5.216641138229e+00,3.853000000000e-02,1.258000000000e-02,1.639963330091e+00,6.131980945501e-05
8.728606144824e+00,-5.211769581341e+00,8.952000000000e-02,1.414900000000e-01,3.000034332186e-01,3.075667014655e-04
5.066564804620e+00,-5.210225509503e+00,1.695000000000e-02,-6.138000000000e-02,3.121626091159e+00,3.913256715999e-05
8.371312562708e+00,-5.209807476323e+00,7.034000000000e-02,9.957000000000e-02,6.000009285467e-01,1.809918189842e-04
5.684367291002e+00,-5.209725690685e+00,2.345000000000e-02,-4.261000000000e-02,2.692740585587e+00,4.155000460680e-05
1.358421084647e+00,-5.208772797399e+00,-9.040000000000e-03,-9.958000000000e-02,4.911657801016e+00,1.273642562348e-05
3.314996887863e+00,-5.208074398599e+00,1.310000000000e-03,-7.485000000000e-02,4.166779545717e+00,2.910305648581e-05
5.267369125977e+00,-5.206030915905e+00,1.886000000000e-02,-5.546000000000e-02,2.987302106112e+00,3.887531881068e-05
4.866801060361e+00,-5.205696337625e+00,1.478000000000e-02,-6.600000000000e-02,3.256450867824e+00,3.792206611121e-05
5.865292137599e+00,-5.204169075757e+00,2.650000000000e-02,-3.849000000000e-02,2.566911939215e+00,4.578438533388e-05
2.843282496071e+00,-5.203056669569e+00,-3.040000000000e-03,-7.582000000000e-02,4.398205968787e+00,3.057128714706e-05
9.089105789817e+00,-5.201793133922e+00,6.552000000000e-02,1.067300000000e-01,2.351057163777e-04,4.365806227052e-04
2.236589825046e+00,-5.200871319946e+00,-7.110000000000e-03,-7.754000000000e-02,4.650714375830e+00,3.158338981565e-05
8.017552946913e+00,-5.196037925342e+00,5.382000000000e-02,6.345000000000e-02,8.997822397671e-01,6.408593034624e-05
6.057406500685e+00,-5.194809340775e+00,2.916000000000e-02,-3.240000000000e-02,2.433489667151e+00,4.796686877851e-05
6.770245084260e+00,-5.193440439084e+00,3.499000000000e-02,-1.850000000000e-03,1.897395077754e+00,5.675553496808e-05
5.468884155897e+00,-5.192827368254e+00,2.024000000000e-02,-4.915000000000e-02,2.856596711617e+00,3.697265578574e-05
4.668398053253e+00,-5.192738840172e+00,1.213000000000e-02,-6.859000000000e-02,3.394463772649e+00,3.599293525127e-05
1.501583596522e+00,-5.191142846393e+00,-9.990000000000e-03,-8.957000000000e-02,4.893256088851e+00,2.602248290990e-05
7.667295596591e+00,-5.191014925868e+00,4.512000000000e-02,3.964000000000e-02,1.188553762768e+00,6.443621732722e-05
3.793759897518e+00,-5.188965597031e+00,4.710000000000e-03,-7.366000000000e-02,3.925410982056e+00,2.921118414330e-05
4.131117733976e+00,-5.188827015283e+00,7.260000000000e-03,-7.233000000000e-02,3.731484563727e+00,3.095753932766e-05
7.329596508948e+00,-5.181757520661e+00,3.931000000000e-02,2.178000000000e-02,1.465539940541e+00,6.370947175071e-05
6.260316116956e+00,-5.181326728164e+00,3.062000000000e-02,-2.391000000000e-02,2.292453608131e+00,5.007648615285e-05
2.380974682665e+00,-5.177100302253e+00,-6.020000000000e-03,-7.692000000000e-02,4.617410437644e+00,3.175151736029e-05
2.988494086230e+00,-5.173722499613e+00,-1.950000000000e-03,-7.613000000000e-02,4.357143465734e+00,3.003292401079e-05
3.460773925502e+00,-5.173369812332e+00,2.230000000000e-03,-7.442000000000e-02,4.120422566506e+00,2.872368074506e-05
1.644597509894e+00,-5.172733304172e+00,-1.034000000000e-02,-8.495000000000e-02,4.872096831537e+00,2.827619679349e-05
4.471665932582e+00,-5.171658403396e+00,1.033000000000e-02,-7.149000000000e-02,3.535601382892e+00,3.369141307512e-05
7.005921361607e+00,-5.164866277188e+00,3.688000000000e-02,8.060000000000e-03,1.732006571040e+00,5.978727181345e-05
6.473618733914e+00,-5.163411230996e+00,3.184000000000e-02,-1.465000000000e-02,2.143824802653e+00,5.237767279885e-05
8.643857963327e+00,-5.158684982675e+00,8.283000000000e-02,1.291200000000e-01,4.000045776250e-01,3.460012513197e-04
8.287623811611e+00,-5.155069702426e+00,6.313000000000e-02,8.836000000000e-02,7.000010833036e-01,1.043766661680e-04
1.787443872622e+00,-5.153548023102e+00,-9.510000000000e-03,-8.183000000000e-02,4.848213253101e+00,2.969822066309e-05
5.626114629910e+00,-5.153357052462e+00,2.096000000000e-02,-4.522000000000e-02,2.773800817096e+00,4.057620445846e-05
2.525051563710e+00,-5.152443367036e+00,-5.080000000000e-03,-7.678000000000e-02,4.581718455283e+00,3.166401994401e-05
9.003330754356e+00,-5.150382161368e+00,9.005000000000e-02,1.468400000000e-01,1.000022240110e-01,5.972005214907e-04
5.803897060681e+00,-5.148424954762e+00,2.422000000000e-02,-4.091000000000e-02,2.649836252629e+00,4.446832770763e-05
3.939456142306e+00,-5.148255815485e+00,5.220000000000e-03,-7.377000000000e-02,3.875905809453e+00,2.934468446163e-05
5.012640811026e+00,-5.144293323151e+00,1.507000000000e-02,-6.399000000000e-02,3.206649695020e+00,3.749109612054e-05
5.212279334806e+00,-5.143731237170e+00,1.717000000000e-02,-5.798000000000e-02,3.070463894088e+00,3.742486900794e-05
7.934134855271e+00,-5.143473383784e+00,4.970000000000e-02,5.348000000000e-02,9.983210212251e-01,6.371491451394e-05
3.133252521270e+00,-5.143405554032e+00,-4.500000000000e-04,-7.607000000000e-02,4.314099239904e+00,2.944775425813e-05
4.276904544286e+00,-5.142770045808e+00,8.020000000000e-03,-7.193000000000e-02,3.679579638579e+00,3.145308243411e-05
7.585679528970e+00,-5.141200543259e+00,4.195000000000e-02,3.284000000000e-02,1.284030600709e+00,6.481247852178e-05
6.696904337702e+00,-5.140762778187e+00,3.324000000000e-02,-6.620000000000e-03,1.987661381885e+00,5.507486085687e-05
5.992930347801e+00,-5.139747739282e+00,2.657000000000e-02,-3.567000000000e-02,2.518271934165e+00,4.700241236312e-05
6.250000200012e-02,-5.138259167344e+00,2.740000000000e-03,-1.119540000000e+00,5.105219250316e+00,2.749580514106e-03
1.875000060004e-01,-5.137897251908e+00,8.570000000000e-03,-1.003880000000e+00,5.094134977403e+00,3.142805300836e-03
3.605957403351e+00,-5.137591901844e+00,2.960000000000e-03,-7.415000000000e-02,4.072317496004e+00,2.844997370290e-05
3.125000100005e-01,-5.137535336473e+00,1.181000000000e-02,-8.377900000000e-01,5.086099586734e+00,3.378868276517e-03
4.375000140002e-01,-5.137173421038e+00,8.370000000000e-03,-6.594100000000e-01,5.081127543009e+00,3.263711684875e-03
5.625000180001e-01,-5.136448145167e+00,7.030000000000e-03,-5.033400000000e-01,5.078864481907e+00,2.913352048476e-03
4.814138495312e+00,-5.136239699231e+00,1.307000000000e-02,-6.803000000000e-02,3.343255061021e+00,3.623802860416e-05
6.875000220004e-01,-5.135359508860e+00,3.170000000000e-03,-3.713200000000e-01,5.077775845600e+00,2.355243667982e-03
8.125000260004e-01,-5.134270872553e+00,-1.180000000000e-03,-2.620100000000e-01,5.076687209293e+00,1.665811367930e-03
5.412726802699e+00,-5.134265890397e+00,1.863000000000e-02,-5.213000000000e-02,2.937732776858e+00,3.569291516210e-05
1.930103832211e+00,-5.133591316180e+00,-8.810000000000e-03,-7.959000000000e-02,4.821644234656e+00,3.082069528034e-05
9.375000300001e-01,-5.133182236247e+00,-4.030000000000e-03,-1.884700000000e-01,5.071138003747e+00,9.960677599420e-04
7.250671771321e+00,-5.130937501691e+00,3.837000000000e-02,1.825000000000e-02,1.559330279063e+00,6.263858940953e-05
6.192821298337e+00,-5.127004495137e+00,2.803000000000e-02,-2.779000000000e-02,2.379082518790e+00,4.875252131207e-05
2.668798972656e+00,-5.126908281741e+00,-4.610000000000e-03,-7.623000000000e-02,4.543709458426e+00,3.135712824391e-05
1.070395369308e+00,-5.124971882498e+00,-5.810000000000e-03,-1.423600000000e-01,5.055346453122e+00,4.404665606003e-04
4.617089886343e+00,-5.119868103455e+00,1.063000000000e-02,-7.042000000000e-02,3.483231475880e+00,3.426321824429e-05
6.929755383803e+00,-5.113091416148e+00,3.567000000000e-02,3.820000000000e-03,1.824055258218e+00,5.808064003038e-05
2.072558646702e+00,-5.112867954538e+00,-8.820000000000e-03,-7.910000000000e-02,4.792434594319e+00,3.162963635351e-05
3.277533988628e+00,-5.112117166574e+00,4.400000000000e-04,-7.567000000000e-02,4.268805217697e+00,2.886819425654e-05
6.403168708513e+00,-5.109884042309e+00,2.955000000000e-02,-1.869000000000e-02,2.232284203075e+00,5.092394020636e-05
1.211144781095e+00,-5.109317754166e+00,-7.680000000000e-03,-1.160300000000e-01,5.042170634591e+00,1.061733653966e-04
4.084403147020e+00,-5.106398096389e+00,5.390000000000e-03,-7.374000000000e-02,3.825106481266e+00,2.960122003179e-05
8.559109781830e+00,-5.105600384010e+00,7.583000000000e-02,1.155500000000e-01,5.000057220313e-01,2.786550553252e-04
3.750521344127e+00,-5.100755448996e+00,3.310000000000e-03,-7.480000000000e-02,4.022585006535e+00,2.830207149983e-05
2.812195609718e+00,-5.100503335237e+00,-3.930000000000e-03,-7.638000000000e-02,4.503462370242e+00,3.087463610421e-05
8.203935060513e+00,-5.100331928529e+00,5.736000000000e-02,7.714000000000e-02,8.000012380604e-01,7.059051795509e-05
8.917555718896e+00,-5.098971188815e+00,9.032000000000e-02,1.487300000000e-01,2.000044480218e-01,6.652607318915e-05
5.567861968818e+00,-5.096988414240e+00,1.865000000000e-02,-4.813000000000e-02,2.854861060783e+00,3.967610903607e-05
4.421802416842e+00,-5.095486154675e+00,8.770000000000e-03,-7.245000000000e-02,3.626297915403e+00,3.202520153672e-05
7.849895822499e+00,-5.094714166216e+00,4.661000000000e-02,4.619000000000e-02,1.095644231141e+00,6.447481276258e-05
1.351803832036e+00,-5.093020612609e+00,-9.920000000000e-03,-9.883000000000e-02,5.026103341095e+00,1.320680420346e-05
5.742501983765e+00,-5.092680833768e+00,2.165000000000e-02,-4.352000000000e-02,2.732760683411e+00,4.309849093928e-05
7.504063461349e+00,-5.091386160650e+00,3.907000000000e-02,2.735000000000e-02,1.379526886487e+00,6.459576942149e-05
2.214789696142e+00,-5.091383164519e+00,-8.110000000000e-03,-7.868000000000e-02,4.760635412685e+00,3.212658372624e-05
6.623563591143e+00,-5.088085117289e+00,3.189000000000e-02,-1.079000000000e-02,2.077930475044e+00,5.342088513757e-05
5.928454194917e+00,-5.084686137789e+00,2.426000000000e-02,-3.833000000000e-02,2.603054555166e+00,4.583782260226e-05
5.157189543635e+00,-5.081431558435e+00,1.525000000000e-02,-6.018000000000e-02,3.153625761997e+00,3.603586890617e-05
7.171747033693e+00,-5.080117482722e+00,3.720000000000e-02,1.412000000000e-02,1.653129788662e+00,6.118294174841e-05
3.421314958935e+00,-5.079869247880e+00,8.000000000000e-04,-7.572000000000e-02,4.220911934111e+00,2.834245447423e-05
4.958716817433e+00,-5.078361136800e+00,1.346000000000e-02,-6.615000000000e-02,3.291481819812e+00,3.591928402273e-05
1.492356880900e+00,-5.076082850532e+00,-1.106000000000e-02,-9.020000000000e-02,5.007167233673e+00,2.643659797034e-05
5.356569449502e+00,-5.075704412540e+00,1.699000000000e-02,-5.488000000000e-02,3.018868853337e+00,3.453398547496e-05
2.955220383231e+00,-5.073237333022e+00,-2.990000000000e-03,-7.664000000000e-02,4.461064604872e+00,3.026585412117e-05
6.125326479719e+00,-5.072682262109e+00,2.559000000000e-02,-3.149000000000e-02,2.465712194899e+00,4.717377161238e-05
2.356778493406e+00,-5.069142624641e+00,-7.180000000000e-03,-7.763000000000e-02,4.726304407378e+00,3.232379717642e-05
4.761475930262e+00,-5.066783060837e+00,1.136000000000e-02,-6.983000000000e-02,3.430077505289e+00,3.460344668988e-05
4.228573162568e+00,-5.063411037160e+00,6.240000000000e-03,-7.313000000000e-02,3.772163758139e+00,2.997557186404e-05
3.894440138445e+00,-5.062875864254e+00,3.680000000000e-03,-7.453000000000e-02,3.971357943568e+00,2.828613317971e-05
6.853589405999e+00,-5.061316555107e+00,3.410000000000e-02,-9.700000000000e-04,1.916108606723e+00,5.631003381404e-05
1.632788349171e+00,-5.058507241097e+00,-1.127000000000e-02,-8.542000000000e-02,4.985390322045e+00,2.877292185871e-05
6.332718683112e+00,-5.056356853622e+00,2.717000000000e-02,-2.298000000000e-02,2.320745025663e+00,4.952756328216e-05
8.474361600333e+00,-5.052515785344e+00,6.863000000000e-02,1.018100000000e-01,6.000068664372e-01,1.826146817333e-04
8.831780683435e+00,-5.047560216262e+00,8.592000000000e-02,1.426500000000e-01,3.000066720329e-01,2.858738181294e-04
4.565781719434e+00,-5.046997366737e+00,9.070000000000e-03,-7.193000000000e-02,3.572016807046e+00,3.259488649915e-05
3.564572200015e+00,-5.046674278402e+00,1.550000000000e-03,-7.530000000000e-02,4.171205414116e+00,2.791039803350e-05
2.498506695108e+00,-5.046152462242e+00,-6.160000000000e-03,-7.726000000000e-02,4.689506360921e+00,3.224651141852e-05
7.765656789728e+00,-5.045954948648e+00,4.346000000000e-02,3.991000000000e-02,1.192792363545e+00,6.479912894974e-05
8.120246309416e+00,-5.045594154632e+00,5.205000000000e-02,6.514000000000e-02,8.997903390551e-01,6.450124618743e-05
3.097852422307e+00,-5.045119591932e+00,-1.820000000000e-03,-7.680000000000e-02,4.416612735760e+00,2.958354502483e-05
7.422447393728e+00,-5.041571778041e+00,3.766000000000e-02,2.371000000000e-02,1.475038842859e+00,6.380882541504e-05
5.509609307726e+00,-5.040619776017e+00,1.653000000000e-02,-5.079000000000e-02,2.935921315639e+00,3.883628179314e-05
1.773082730550e+00,-5.040296936241e+00,-1.066000000000e-02,-8.237000000000e-02,4.960806166854e+00,3.028915974402e-05
5.681106906848e+00,-5.036936712774e+00,1.918000000000e-02,-4.626000000000e-02,2.815685221192e+00,4.156699893450e-05
6.550222844585e+00,-5.035407456392e+00,2.976000000000e-02,-1.463000000000e-02,2.168202008882e+00,5.183639166881e-05
9.192173104418e+00,-5.030602742877e+00,6.157000000000e-02,1.049200000000e-01,2.351057183524e-04,4.266284987127e-04
5.863978042033e+00,-5.029624536296e+00,2.179000000000e-02,-4.098000000000e-02,2.687837496657e+00,4.455156765895e-05
7.092822296065e+00,-5.029297463753e+00,3.553000000000e-02,9.470000000000e-03,1.746936992051e+00,5.947440991551e-05
4.037688560065e+00,-5.023969177495e+00,3.580000000000e-03,-7.507000000000e-02,3.918782425107e+00,2.839913492815e-05
2.639956112726e+00,-5.022419249777e+00,-5.640000000000e-03,-7.648000000000e-02,4.650313606455e+00,3.192882342252e-05
1.913224600271e+00,-5.021455464777e+00,-9.760000000000e-03,-8.012000000000e-02,4.933454122770e+00,3.148394577777e-05
6.250000200012e-02,-5.020133365890e+00,2.450000000000e-03,-1.130070000000e+00,4.987674765566e+00,2.777973558176e-03
1.875000060004e-01,-5.019851876107e+00,8.340000000000e-03,-1.013140000000e+00,4.976417468945e+00,3.175100707884e-03
3.125000100005e-01,-5.019570386324e+00,1.245000000000e-02,-8.432100000000e-01,4.968280612431e+00,3.412106313070e-03
4.371938901102e+00,-5.019313905954e+00,7.210000000000e-03,-7.313000000000e-02,3.717011321903e+00,3.045461198147e-05
4.375000140002e-01,-5.019288896541e+00,8.170000000000e-03,-6.607300000000e-01,4.963279543101e+00,3.292712869996e-03
5.102099752464e+00,-5.019131879700e+00,1.353000000000e-02,-6.293000000000e-02,3.236787703679e+00,3.469759779576e-05
5.625000180001e-01,-5.018724793085e+00,6.230000000000e-03,-5.017900000000e-01,4.961141129825e+00,2.935002989536e-03
6.057831661100e+00,-5.018360029082e+00,2.355000000000e-02,-3.466000000000e-02,2.552342558518e+00,4.572756207394e-05
6.875000220004e-01,-5.017878075958e+00,3.270000000000e-03,-3.672500000000e-01,4.960294412698e+00,2.364218171860e-03
5.300412096305e+00,-5.017142934683e+00,1.533000000000e-02,-5.728000000000e-02,3.100004940170e+00,3.345938762738e-05
8.125000260004e-01,-5.017031358831e+00,-1.430000000000e-03,-2.583900000000e-01,4.959447695570e+00,1.661781465968e-03
9.375000300001e-01,-5.016184641703e+00,-4.590000000000e-03,-1.854000000000e-01,4.958600978443e+00,9.855443858358e-04
3.240071089393e+00,-5.016159934549e+00,-8.600000000000e-04,-7.649000000000e-02,4.370213240480e+00,2.888142378870e-05
3.707282790737e+00,-5.012545300960e+00,2.020000000000e-03,-7.561000000000e-02,4.119809473383e+00,2.759942723990e-05
4.904792823839e+00,-5.012428950449e+00,1.182000000000e-02,-6.845000000000e-02,3.376331229944e+00,3.440825016837e-05
6.777423428196e+00,-5.009541694067e+00,3.235000000000e-02,-5.430000000000e-03,2.008165975537e+00,5.455896865116e-05
1.069064234941e+00,-5.008262931910e+00,-6.000000000000e-03,-1.403800000000e-01,4.950767854035e+00,4.314100442853e-04
6.262268657712e+00,-5.002829664936e+00,2.502000000000e-02,-2.701000000000e-02,2.409083059480e+00,4.811042822080e-05
2.053198624002e+00,-5.001986730362e+00,-9.320000000000e-03,-7.954000000000e-02,4.903379625119e+00,3.235029712861e-05
8.389613418836e+00,-4.999431186679e+00,6.208000000000e-02,9.004000000000e-02,7.000080108425e-01,1.066376684653e-04
2.781108723365e+00,-4.997950000906e+00,-4.870000000000e-03,-7.683000000000e-02,4.608806576358e+00,3.141218032920e-05
4.708813365213e+00,-4.997326422443e+00,9.650000000000e-03,-7.148000000000e-02,3.516916848929e+00,3.301963389480e-05
7.681417756956e+00,-4.997195731079e+00,3.948000000000e-02,3.377000000000e-02,1.289968339035e+00,6.510978572814e-05
8.746005647975e+00,-4.996149243708e+00,7.950000000000e-02,1.309700000000e-01,4.000088960441e-01,3.370932883047e-04
8.035005572953e+00,-4.994397364358e+00,4.819000000000e-02,5.557000000000e-02,9.991583601202e-01,6.403037451642e-05
1.207160547512e+00,-4.993015740564e+00,-8.610000000000e-03,-1.141300000000e-01,4.935710956021e+00,1.019825712591e-04
7.340831326106e+00,-4.991757395432e+00,3.654000000000e-02,2.027000000000e-02,1.570563610861e+00,6.251969825531e-05
3.381855992368e+00,-4.986368683428e+00,-3.200000000000e-04,-7.675000000000e-02,4.321447872607e+00,2.821100603528e-05
5.451356646634e+00,-4.984251137795e+00,1.479000000000e-02,-5.331000000000e-02,3.016981580765e+00,3.804821232300e-05
4.180241780851e+00,-4.984052028511e+00,4.390000000000e-03,-7.410000000000e-02,3.864763908599e+00,2.863753707732e-05
6.476882098027e+00,-4.982729795494e+00,2.696000000000e-02,-1.855000000000e-02,2.258135583451e+00,5.033987444853e-05
2.192989567238e+00,-4.981895009092e+00,-9.000000000000e-03,-7.952000000000e-02,4.870634523659e+00,3.289081051650e-05
5.619711829931e+00,-4.981192591781e+00,1.662000000000e-02,-4.888000000000e-02,2.898609856788e+00,3.996545356195e-05
9.105404185225e+00,-4.980885206858e+00,8.554000000000e-02,1.467400000000e-01,1.000033935706e-01,6.014455471561e-04
7.013897558437e+00,-4.978477444784e+00,3.390000000000e-02,4.850000000000e-03,1.840750712972e+00,5.765346335419e-05
3.849424134583e+00,-4.977495913024e+00,2.120000000000e-03,-7.547000000000e-02,4.066860501847e+00,2.742216654670e-05
1.345186579425e+00,-4.977268427820e+00,-1.070000000000e-02,-9.804000000000e-02,4.920171241501e+00,1.434790272358e-05
5.799501889149e+00,-4.974562934803e+00,1.932000000000e-02,-4.386000000000e-02,2.772620729238e+00,4.318747000901e-05
4.514473552524e+00,-4.974126630020e+00,7.500000000000e-03,-7.337000000000e-02,3.660818483563e+00,3.099820103629e-05
2.921946680232e+00,-4.972752166432e+00,-4.160000000000e-03,-7.674000000000e-02,4.565074419188e+00,3.074383304057e-05
5.990336842481e+00,-4.964037796054e+00,2.154000000000e-02,-3.787000000000e-02,2.638973541938e+00,4.418141241782e-05
2.332582304147e+00,-4.961184947029e+00,-8.210000000000e-03,-7.850000000000e-02,4.835277467136e+00,3.311749103566e-05
1.483130165278e+00,-4.961022854671e+00,-1.188000000000e-02,-9.046000000000e-02,4.904150270254e+00,2.715036651184e-05
5.244254743108e+00,-4.958581456826e+00,1.365000000000e-02,-5.970000000000e-02,3.181141036566e+00,3.245393020754e-05
6.701257450392e+00,-4.957766833027e+00,2.995000000000e-02,-9.870000000000e-03,2.100035322972e+00,5.287766916676e-05
5.047009961293e+00,-4.956832200965e+00,1.210000000000e-02,-6.560000000000e-02,3.319949713590e+00,3.340635979432e-05
3.523186996679e+00,-4.955756654961e+00,-4.000000000000e-05,-7.636000000000e-02,4.270140152717e+00,2.761766507270e-05
6.191818632311e+00,-4.949302476249e+00,2.294000000000e-02,-3.093000000000e-02,2.497120861920e+00,4.651297148552e-05
7.597178724185e+00,-4.948436513512e+00,3.706000000000e-02,2.924000000000e-02,1.387166306097e+00,6.472916446132e-05
3.062452323345e+00,-4.946833629833e+00,-3.150000000000e-03,-7.705000000000e-02,4.519215690617e+00,2.997525408491e-05
7.948212851127e+00,-4.946741557707e+00,4.481000000000e-02,4.720000000000e-02,1.098143027315e+00,6.473995042416e-05
4.850868830246e+00,-4.946496764098e+00,1.002000000000e-02,-7.075000000000e-02,3.461196654193e+00,3.295212428999e-05
8.304865237340e+00,-4.946346588015e+00,5.660000000000e-02,7.911000000000e-02,8.000091552477e-01,7.182235455013e-05
8.660230612514e+00,-4.944738271155e+00,7.298000000000e-02,1.177300000000e-01,5.000111200552e-01,2.778777214503e-04
1.620979188447e+00,-4.944281178023e+00,-1.242000000000e-02,-8.511000000000e-02,4.887649817503e+00,2.954472509223e-05
4.322075385362e+00,-4.943141657233e+00,5.680000000000e-03,-7.376000000000e-02,3.807740396405e+00,2.900090573249e-05
7.259215258484e+00,-4.941943012823e+00,3.531000000000e-02,1.605000000000e-02,1.666098986855e+00,6.086557228274e-05
3.990973973109e+00,-4.941540258601e+00,2.350000000000e-03,-7.604000000000e-02,4.012508611360e+00,2.737888594928e-05
2.471961826506e+00,-4.939861557449e+00,-7.240000000000e-03,-7.753000000000e-02,4.797374343091e+00,3.305376044533e-05
9.018635266033e+00,-4.931167670839e+00,8.605000000000e-02,1.494300000000e-01,2.000067871410e-01,8.983591009552e-05
6.403541351468e+00,-4.930052134596e+00,2.491000000000e-02,-2.205000000000e-02,2.347895351583e+00,4.886788719074e-05
5.393103985542e+00,-4.927882499572e+00,1.331000000000e-02,-5.575000000000e-02,3.098041855354e+00,3.730399535799e-05
4.656150800165e+00,-4.927869784050e+00,8.210000000000e-03,-7.293000000000e-02,3.603771870280e+00,3.148889610016e-05
6.934972820809e+00,-4.927657425814e+00,3.200000000000e-02,-7.000000000000e-05,1.934570003254e+00,5.583422792660e-05
1.758721588478e+00,-4.927045849379e+00,-1.172000000000e-02,-8.292000000000e-02,4.870671873547e+00,3.114059804914e-05
5.558316753014e+00,-4.925448470786e+00,1.429000000000e-02,-5.128000000000e-02,2.981534582038e+00,3.834640650526e-05
3.664044237347e+00,-4.924335152924e+00,7.900000000000e-04,-7.663000000000e-02,4.217080893769e+00,2.713613090172e-05
3.202608190159e+00,-4.920202702524e+00,-2.220000000000e-03,-7.718000000000e-02,4.471339124399e+00,2.916017521882e-05
5.735025736266e+00,-4.919501333311e+00,1.691000000000e-02,-4.683000000000e-02,2.857404226997e+00,4.173435220648e-05
2.611113252796e+00,-4.917930217814e+00,-6.970000000000e-03,-7.677000000000e-02,4.756998777686e+00,3.273127533924e-05
5.922842023862e+00,-4.909715563027e+00,1.941000000000e-02,-4.101000000000e-02,2.725349442830e+00,4.277447400044e-05
1.896345368331e+00,-4.909319613375e+00,-1.062000000000e-02,-8.074000000000e-02,4.853218643494e+00,3.239955293160e-05
6.625091472588e+00,-4.905991971986e+00,2.731000000000e-02,-1.407000000000e-02,2.191469638769e+00,5.129215143489e-05
4.131910399134e+00,-4.904693019863e+00,2.760000000000e-03,-7.496000000000e-02,3.956918893168e+00,2.746603596776e-05
6.250000200012e-02,-4.902007564435e+00,2.300000000000e-03,-1.139930000000e+00,4.870158411210e+00,2.806843853478e-03
1.875000060004e-01,-4.901806500305e+00,7.710000000000e-03,-1.021850000000e+00,4.858715869851e+00,3.208083790711e-03
3.125000100005e-01,-4.901605436174e+00,1.215000000000e-02,-8.484200000000e-01,4.850468734098e+00,3.446150948017e-03
4.375000140002e-01,-4.901404372043e+00,8.640000000000e-03,-6.636800000000e-01,4.845433320131e+00,3.322416835358e-03
4.463165385615e+00,-4.901255893303e+00,6.170000000000e-03,-7.439000000000e-02,3.749635344123e+00,2.948672668415e-05
5.625000180001e-01,-4.901001441004e+00,5.310000000000e-03,-4.997200000000e-01,4.843417777744e+00,2.957116829658e-03
6.875000220004e-01,-4.900396643056e+00,2.720000000000e-03,-3.626700000000e-01,4.842812979796e+00,2.373257025505e-03
5.188097389911e+00,-4.900019978969e+00,1.221000000000e-02,-6.199000000000e-02,3.262277141811e+00,3.151587814430e-05
8.125000260004e-01,-4.899791845108e+00,-3.250000000000e-03,-2.544800000000e-01,4.842208181848e+00,1.657498177993e-03
7.512939691413e+00,-4.899677295943e+00,3.569000000000e-02,2.554000000000e-02,1.484381944687e+00,6.372604294447e-05
9.375000300001e-01,-4.899187047160e+00,-5.150000000000e-03,-1.817200000000e-01,4.841603383899e+00,9.748015557334e-04
7.861420129300e+00,-4.899085751056e+00,4.198000000000e-02,4.028000000000e-02,1.196956605865e+00,6.508425081591e-05
6.121368606910e+00,-4.895775287562e+00,2.087000000000e-02,-3.402000000000e-02,2.585188724757e+00,4.493398851794e-05
2.750021837012e+00,-4.895396666574e+00,-6.250000000000e-03,-7.673000000000e-02,4.714232700890e+00,3.218874729003e-05
4.991920170122e+00,-4.894532522230e+00,1.053000000000e-02,-6.797000000000e-02,3.403111786728e+00,3.216467036744e-05
8.574455577054e+00,-4.893327298602e+00,6.637000000000e-02,1.044400000000e-01,6.000133440658e-01,1.847388295286e-04
8.220117055843e+00,-4.893261989349e+00,5.081000000000e-02,6.802000000000e-02,8.997992481936e-01,6.500856135205e-05
3.342397025801e+00,-4.892868118976e+00,-1.530000000000e-03,-7.732000000000e-02,4.421564489297e+00,2.835199546977e-05
7.177599190863e+00,-4.892128630214e+00,3.385000000000e-02,1.099000000000e-02,1.761643245000e+00,5.901287007083e-05
3.804408130722e+00,-4.892115961794e+00,8.800000000000e-04,-7.634000000000e-02,4.162410013487e+00,2.678669102190e-05
1.067733100574e+00,-4.891553981322e+00,-6.300000000000e-03,-1.377100000000e-01,4.834057856727e+00,4.223181781357e-04
2.033838601303e+00,-4.891105506186e+00,-9.990000000000e-03,-7.998000000000e-02,4.835292547121e+00,3.331854128383e-05
8.931866346840e+00,-4.881450134820e+00,8.212000000000e-02,1.435600000000e-01,3.000101807117e-01,2.626376972553e-04
4.796944836652e+00,-4.880564577746e+00,8.480000000000e-03,-7.245000000000e-02,3.546076942802e+00,3.154746101772e-05
6.330200604910e+00,-4.877374473699e+00,2.324000000000e-02,-2.560000000000e-02,2.437694905613e+00,4.723240236402e-05
6.856048083182e+00,-4.876837406845e+00,3.006000000000e-02,-4.470000000000e-03,2.027989034531e+00,5.408631837172e-05
1.203176313929e+00,-4.876713726961e+00,-9.630000000000e-03,-1.113400000000e-01,4.819399536421e+00,9.796821364886e-05
2.171189438333e+00,-4.872406853665e+00,-9.840000000000e-03,-8.001000000000e-02,4.816750889771e+00,3.390077895550e-05
2.888672977233e+00,-4.872266999841e+00,-5.600000000000e-03,-7.699000000000e-02,4.669166982733e+00,3.147082617122e-05
5.334851324450e+00,-4.871513861350e+00,1.200000000000e-02,-5.812000000000e-02,3.179102138682e+00,3.659593358728e-05
5.496921676097e+00,-4.869704349792e+00,1.255000000000e-02,-5.351000000000e-02,3.064459389664e+00,3.673217243714e-05
4.272211869621e+00,-4.866969408511e+00,3.950000000000e-03,-7.459000000000e-02,3.898484044988e+00,2.768964497205e-05
3.481801793343e+00,-4.864839031519e+00,-1.590000000000e-03,-7.721000000000e-02,4.369118531187e+00,2.760030288890e-05
5.670549583382e+00,-4.864439731818e+00,1.471000000000e-02,-4.946000000000e-02,2.942187967011e+00,4.023069998740e-05
1.338569326814e+00,-4.861516243030e+00,-1.120000000000e-02,-9.751000000000e-02,4.804393027618e+00,1.598229847052e-05
3.944259386153e+00,-4.859111339708e+00,9.900000000000e-04,-7.703000000000e-02,4.106281599666e+00,2.657460659107e-05
4.603488235116e+00,-4.858413145655e+00,6.800000000000e-03,-7.403000000000e-02,3.690641462471e+00,3.001419495522e-05
9.292016484800e+00,-4.857512245084e+00,5.774000000000e-02,1.029600000000e-01,2.351057176845e-04,4.164267987648e-04
5.855347205244e+00,-4.855393330000e+00,1.704000000000e-02,-4.412000000000e-02,2.811672228647e+00,4.135828489674e-05
6.548925494784e+00,-4.854217110946e+00,2.527000000000e-02,-1.790000000000e-02,2.282957244976e+00,4.980121716929e-05
2.308386114889e+00,-4.853227269416e+00,-9.130000000000e-03,-7.910000000000e-02,4.797660769639e+00,3.415771259686e-05
7.774627407473e+00,-4.851429944405e+00,3.826000000000e-02,3.382000000000e-02,1.295800999053e+00,6.527532276121e-05
7.428700658641e+00,-4.850918078375e+00,3.437000000000e-02,2.205000000000e-02,1.581611996203e+00,6.221845626394e-05
3.027052224383e+00,-4.848547667733e+00,-4.530000000000e-03,-7.732000000000e-02,4.621902146699e+00,3.062694478532e-05
1.473903449655e+00,-4.845962858811e+00,-1.249000000000e-02,-9.014000000000e-02,4.789039499779e+00,2.812105295516e-05
8.133104841291e+00,-4.843466965310e+00,4.609000000000e-02,5.762000000000e-02,9.999808285128e-01,6.436783800434e-05
7.095983123242e+00,-4.842314247605e+00,3.199000000000e-02,5.790000000000e-03,1.857195014457e+00,5.711116108494e-05
6.050918581509e+00,-4.842248098876e+00,1.895000000000e-02,-3.706000000000e-02,2.673283677091e+00,4.336894816283e-05
8.488680541594e+00,-4.841916326049e+00,6.030000000000e-02,9.230000000000e-02,7.000155680759e-01,1.092593100257e-04
5.131940036713e+00,-4.841458501112e+00,1.058000000000e-02,-6.460000000000e-02,3.343413255262e+00,3.065250294349e-05
3.620805683957e+00,-4.836125004889e+00,-6.500000000000e-04,-7.763000000000e-02,4.314396091880e+00,2.694645881346e-05
2.445416957904e+00,-4.833570652655e+00,-8.510000000000e-03,-7.767000000000e-02,4.778108926738e+00,3.411061173131e-05
4.936830378952e+00,-4.832232843495e+00,8.660000000000e-03,-7.081000000000e-02,3.486273918569e+00,3.098017141361e-05
8.845097427648e+00,-4.831732598801e+00,7.586000000000e-02,1.326600000000e-01,4.000135742824e-01,3.274052053712e-04
1.609170027723e+00,-4.830055114948e+00,-1.304000000000e-02,-8.532000000000e-02,4.773340290286e+00,3.056849432413e-05
4.411857218705e+00,-4.828385156585e+00,4.690000000000e-03,-7.515000000000e-02,3.838466334713e+00,2.807889485724e-05
6.777123345554e+00,-4.826017387876e+00,2.764000000000e-02,-8.520000000000e-03,2.121109007110e+00,5.243922571802e-05
4.083579017417e+00,-4.825334011215e+00,1.060000000000e-03,-7.587000000000e-02,4.048865222604e+00,2.649597723906e-05
6.256859858352e+00,-4.824696812801e+00,2.147000000000e-02,-2.934000000000e-02,2.527530004934e+00,4.568779116487e-05
3.165145290924e+00,-4.824245470499e+00,-3.450000000000e-03,-7.749000000000e-02,4.572549166701e+00,2.970985270395e-05
5.276598663358e+00,-4.815145223127e+00,1.063000000000e-02,-6.055000000000e-02,3.260162430098e+00,3.591686689649e-05
4.743020843059e+00,-4.814632391395e+00,6.870000000000e-03,-7.370000000000e-02,3.630971053328e+00,3.019098448291e-05
5.435526599180e+00,-4.813960228798e+00,1.111000000000e-02,-5.589000000000e-02,3.147384273155e+00,3.513027268356e-05
1.744360446407e+00,-4.813794762518e+00,-1.250000000000e-02,-8.331000000000e-02,4.757296904051e+00,3.223712092887e-05
2.582270392865e+00,-4.813441185850e+00,-8.380000000000e-03,-7.684000000000e-02,4.758098919987e+00,3.378826628992e-05
9.204287033382e+00,-4.809507307923e+00,8.083000000000e-02,1.461600000000e-01,1.000046530812e-01,6.043709423950e-04
5.606073430498e+00,-4.809378130325e+00,1.257000000000e-02,-5.183000000000e-02,3.026971928923e+00,3.869599601385e-05
3.759392126861e+00,-4.806736010563e+00,-3.400000000000e-04,-7.733000000000e-02,4.258003317591e+00,2.641888123226e-05
7.687834685646e+00,-4.803774137755e+00,3.587000000000e-02,2.961000000000e-02,1.394669655118e+00,6.469823821031e-05
6.472759516981e+00,-4.802442249905e+00,2.356000000000e-02,-2.107000000000e-02,2.374491981867e+00,4.833341194292e-05
7.344461625870e+00,-4.802158860807e+00,3.266000000000e-02,1.809000000000e-02,1.678853956494e+00,6.038670462365e-05
5.787852386625e+00,-4.801071096973e+00,1.479000000000e-02,-4.688000000000e-02,2.898013935136e+00,3.991539671967e-05
3.302938059234e+00,-4.799367554524e+00,-2.870000000000e-03,-7.787000000000e-02,4.521230354040e+00,2.877360051304e-05
1.879466136391e+00,-4.797183761972e+00,-1.142000000000e-02,-8.158000000000e-02,4.740911013155e+00,3.355719764292e-05
8.043828593684e+00,-4.796961515896e+00,4.237000000000e-02,4.911000000000e-02,1.100595073970e+00,6.494426677031e-05
2.718934950659e+00,-4.792843332242e+00,-7.530000000000e-03,-7.642000000000e-02,4.737634527579e+00,3.322614449491e-05
7.014367055620e+00,-4.792499864996e+00,3.024000000000e-02,9.200000000000e-04,1.952330880105e+00,5.526150837085e-05
4.222348353881e+00,-4.790797159790e+00,2.000000000000e-03,-7.550000000000e-02,3.989241273099e+00,2.655678074476e-05
8.402905506134e+00,-4.790505353496e+00,5.484000000000e-02,8.150000000000e-02,8.000177920859e-01,7.326497565400e-05
4.550825670066e+00,-4.788956507262e+00,5.160000000000e-03,-7.487000000000e-02,3.777524620271e+00,2.859995414973e-05
5.980468556108e+00,-4.788720910189e+00,1.708000000000e-02,-4.020000000000e-02,2.761403126275e+00,4.187917704516e-05
6.250000200012e-02,-4.783881762981e+00,2.220000000000e-03,-1.149360000000e+00,4.752672273935e+00,2.836153820055e-03
1.875000060004e-01,-4.783761124503e+00,7.280000000000e-03,-1.030360000000e+00,4.741031365026e+00,3.241728713125e-03
3.125000100005e-01,-4.783640486024e+00,1.191000000000e-02,-8.536400000000e-01,4.732664481663e+00,3.480989871562e-03
4.375000140002e-01,-4.783519847546e+00,7.410000000000e-03,-6.658000000000e-01,4.727589006982e+00,3.352821270561e-03
5.625000180001e-01,-4.783278088922e+00,6.020000000000e-03,-5.001300000000e-01,4.725694425662e+00,2.979694066496e-03
6.875000220004e-01,-4.782915210153e+00,2.850000000000e-03,-3.592100000000e-01,4.725331546893e+00,2.382363415790e-03
5.075782683516e+00,-4.782897023255e+00,8.700000000000e-03,-6.718000000000e-02,3.424549376333e+00,2.987768554953e-05
8.125000260004e-01,-4.782552331385e+00,-4.370000000000e-03,-2.498000000000e-01,4.724968668125e+00,1.652961545828e-03
9.375000300002e-01,-4.782189452616e+00,-6.270000000000e-03,-1.780600000000e-01,4.724605789356e+00,9.638162103415e-04
8.758328508455e+00,-4.782015062782e+00,6.956000000000e-02,1.197400000000e-01,5.000169678531e-01,2.776326695134e-04
2.014478578604e+00,-4.780224282009e+00,-1.060000000000e-02,-8.023000000000e-02,4.724184456568e+00,3.452914765988e-05
3.897544799197e+00,-4.776682420814e+00,-5.200000000000e-04,-7.764000000000e-02,4.200098255265e+00,2.602954516740e-05
6.698198607926e+00,-4.775197368907e+00,2.495000000000e-02,-1.260000000000e-02,2.214292413613e+00,5.089295746388e-05
1.066401966207e+00,-4.774845030734e+00,-7.260000000000e-03,-1.348900000000e-01,4.717348183243e+00,4.131350787903e-04
3.440416590007e+00,-4.773921408078e+00,-2.970000000000e-03,-7.780000000000e-02,4.468080340409e+00,2.787067370067e-05
6.183519111794e+00,-4.772019151904e+00,1.950000000000e-02,-3.308000000000e-02,2.617396989561e+00,4.393991035126e-05
2.855399274234e+00,-4.771781833250e+00,-6.830000000000e-03,-7.689000000000e-02,4.716719747639e+00,3.246566927262e-05
4.881740587781e+00,-4.769933164760e+00,6.820000000000e-03,-7.300000000000e-02,3.569436105010e+00,2.986270141780e-05
2.149389309429e+00,-4.762918698238e+00,-1.051000000000e-02,-7.986000000000e-02,4.707119239809e+00,3.515707147733e-05
9.116557581964e+00,-4.761502370763e+00,8.166000000000e-02,1.496000000000e-01,2.000093061623e-01,1.129216578763e-04
1.199192080346e+00,-4.760411713358e+00,-9.540000000000e-03,-1.093700000000e-01,4.703091026856e+00,9.415641094661e-05
5.218346002266e+00,-4.758776584905e+00,9.050000000000e-03,-6.288000000000e-02,3.341222729012e+00,3.525792460824e-05
5.374131522263e+00,-4.758216107804e+00,9.840000000000e-03,-5.848000000000e-02,3.230309226667e+00,3.354237515037e-05
7.601041963819e+00,-4.756118331104e+00,3.436000000000e-02,2.563000000000e-02,1.493557755699e+00,6.347110133300e-05
4.360549051796e+00,-4.755514419868e+00,3.100000000000e-03,-7.575000000000e-02,3.927310496519e+00,2.680612549380e-05
5.541597277614e+00,-4.754316528832e+00,1.074000000000e-02,-5.389000000000e-02,3.111752130518e+00,3.713611348590e-05
7.260222593098e+00,-4.753399643238e+00,3.076000000000e-02,1.278000000000e-02,1.776105869541e+00,5.841810140735e-05
6.396593539177e+00,-4.750667388865e+00,2.162000000000e-02,-2.475000000000e-02,2.466068601303e+00,4.656741589259e-05
7.954552346076e+00,-4.750456066482e+00,3.888000000000e-02,4.173000000000e-02,1.201041743660e+00,6.526347430112e-05
2.991652125420e+00,-4.750261705633e+00,-6.040000000000e-03,-7.757000000000e-02,4.695358798905e+00,3.155345082965e-05
4.689096849465e+00,-4.748700205044e+00,5.310000000000e-03,-7.480000000000e-02,3.715878038433e+00,2.887709827281e-05
3.577567130567e+00,-4.747914856853e+00,-2.370000000000e-03,-7.828000000000e-02,4.411752170748e+00,2.704803876310e-05
5.720357568007e+00,-4.746748863945e+00,1.267000000000e-02,-4.984000000000e-02,2.984372920099e+00,3.844905206675e-05
4.035247635700e+00,-4.745975002566e+00,-5.700000000000e-04,-7.699000000000e-02,4.140854936356e+00,2.577533120994e-05
1.331952074202e+00,-4.745764058241e+00,-1.129000000000e-02,-9.694000000000e-02,4.688622867600e+00,1.789356722003e-05
2.284189925630e+00,-4.745269591804e+00,-9.930000000000e-03,-7.919000000000e-02,4.689717534720e+00,3.545171006237e-05
6.932750987999e+00,-4.742685482387e+00,2.780000000000e-02,-3.300000000000e-03,2.047098067988e+00,5.351132112110e-05
8.317130470674e+00,-4.739094380943e+00,4.929000000000e-02,7.080000000000e-02,8.998089671503e-01,6.558650461837e-05
5.910018530708e+00,-4.735193721503e+00,1.487000000000e-02,-4.369000000000e-02,2.849544799687e+00,4.039775242559e-05
8.671559589263e+00,-4.732297526763e+00,6.353000000000e-02,1.071200000000e-01,6.000203614233e-01,1.874870759037e-04
1.464676734033e+00,-4.730902862950e+00,-1.301000000000e-02,-8.920000000000e-02,4.673944443135e+00,2.922958435756e-05
3.127682391689e+00,-4.728288238474e+00,-4.940000000000e-03,-7.794000000000e-02,4.673556121518e+00,3.054027794059e-05
2.418872089302e+00,-4.727279747860e+00,-9.620000000000e-03,-7.756000000000e-02,4.671981679248e+00,3.543164529116e-05
6.619273870298e+00,-4.724377349937e+00,2.274000000000e-02,-1.642000000000e-02,2.307531569232e+00,4.940833326402e-05
5.019625330319e+00,-4.724335545398e+00,6.620000000000e-03,-6.951000000000e-02,3.505685504498e+00,2.921126461566e-05
3.714376123000e+00,-4.721356059333e+00,-1.770000000000e-03,-7.827000000000e-02,4.353637529493e+00,2.634217071892e-05
4.498163105018e+00,-4.719499868868e+00,3.430000000000e-03,-7.584000000000e-02,3.864420428698e+00,2.726089269949e-05
6.110178365235e+00,-4.719341491006e+00,1.691000000000e-02,-3.639000000000e-02,2.707292684252e+00,4.238343343405e-05
1.597360866999e+00,-4.715829051873e+00,-1.340000000000e-02,-8.544000000000e-02,4.659056601366e+00,3.172324325155e-05
4.172484838141e+00,-4.714624911069e+00,2.600000000000e-04,-7.626000000000e-02,4.080011174533e+00,2.565695344142e-05
9.028828130546e+00,-4.713497433603e+00,7.800000000000e-02,1.441000000000e-01,3.000139592436e-01,2.385632303856e-04
2.553427532935e+00,-4.708952153887e+00,-9.530000000000e-03,-7.651000000000e-02,4.653873773182e+00,3.512201155682e-05
7.514249241992e+00,-4.708462524453e+00,3.244000000000e-02,2.213000000000e-02,1.592461678424e+00,6.175904343170e-05
4.826650796610e+00,-4.707633486025e+00,5.160000000000e-03,-7.436000000000e-02,3.652598342320e+00,2.881869876366e-05
3.263479092667e+00,-4.705866990071e+00,-4.420000000000e-03,-7.824000000000e-02,4.620975441048e+00,2.947967566306e-05
7.175983560326e+00,-4.704640425670e+00,2.839000000000e-02,7.340000000000e-03,1.873125463480e+00,5.646010580700e-05
7.865276098468e+00,-4.703950617068e+00,3.573000000000e-02,3.494000000000e-02,1.301521814493e+00,6.529797510140e-05
5.312736445346e+00,-4.702471986810e+00,8.300000000000e-03,-6.118000000000e-02,3.313234244945e+00,3.197172617797e-05
5.160093341174e+00,-4.702407946683e+00,7.480000000000e-03,-6.531000000000e-02,3.422283034892e+00,3.461141611893e-05
1.729999304335e+00,-4.700543675656e+00,-1.320000000000e-02,-8.369000000000e-02,4.643960300107e+00,3.343644759121e-05
5.477121124731e+00,-4.699254927339e+00,9.110000000000e-03,-5.608000000000e-02,3.196318591060e+00,3.554831957990e-05
6.320427561374e+00,-4.698892527824e+00,1.957000000000e-02,-2.828000000000e-02,2.557682604533e+00,4.490741426935e-05
3.850830212241e+00,-4.694253501920e+00,-1.880000000000e-03,-7.813000000000e-02,4.293955715959e+00,2.577335785596e-05
6.851134920377e+00,-4.692871099778e+00,2.521000000000e-02,-7.420000000000e-03,2.141940812657e+00,5.187495175179e-05
5.652862749388e+00,-4.692426630918e+00,1.090000000000e-02,-5.231000000000e-02,3.070747725763e+00,3.695995445853e-05
8.228398579292e+00,-4.690734163798e+00,4.402000000000e-02,6.038000000000e-02,1.000787551726e+00,6.470285352136e-05
2.687848064306e+00,-4.690289997910e+00,-8.650000000000e-03,-7.632000000000e-02,4.635320549620e+00,3.455406091735e-05
1.862586904451e+00,-4.685047910570e+00,-1.237000000000e-02,-8.217000000000e-02,4.628656606732e+00,3.479084946045e-05
3.399031386671e+00,-4.683003784637e+00,-4.490000000000e-03,-7.821000000000e-02,4.566216775085e+00,2.842575175763e-05
4.635172855871e+00,-4.682768018693e+00,3.920000000000e-03,-7.571000000000e-02,3.800797035290e+00,2.760293133381e-05
4.309240884886e+00,-4.682643683150e+00,1.460000000000e-03,-7.638000000000e-02,4.016166955436e+00,2.572627243301e-05
9.388600913006e+00,-4.682582348445e+00,5.407000000000e-02,1.007800000000e-01,2.351057172697e-04,4.058527465178e-04
8.584790670071e+00,-4.682579990745e+00,5.842000000000e-02,9.524000000000e-02,7.000237549930e-01,1.122776405010e-04
5.839568505308e+00,-4.681666532816e+00,1.272000000000e-02,-4.664000000000e-02,2.937706696907e+00,3.891735959547e-05
6.540349132670e+00,-4.673557330968e+00,2.078000000000e-02,-1.973000000000e-02,2.400819978694e+00,4.790936831380e-05
2.822125571235e+00,-4.671296666659e+00,-8.030000000000e-03,-7.666000000000e-02,4.616443882947e+00,3.376479104617e-05
1.995118555904e+00,-4.669343057833e+00,-1.153000000000e-02,-8.056000000000e-02,4.613146697843e+00,3.579647012913e-05
6.036837618678e+00,-4.666663830109e+00,1.431000000000e-02,-3.967000000000e-02,2.797214320994e+00,4.085467779459e-05
3.986916253982e+00,-4.666615993918e+00,-2.140000000000e-03,-7.826000000000e-02,4.232885205920e+00,2.534195728403e-05
4.963467977122e+00,-4.665774067541e+00,4.750000000000e-03,-7.187000000000e-02,3.586821639274e+00,2.867359822575e-05
6.250000200012e-02,-4.665755961527e+00,2.050000000000e-03,-1.158160000000e+00,4.635218651425e+00,2.865787592596e-03
1.875000060004e-01,-4.665715748701e+00,6.650000000000e-03,-1.038590000000e+00,4.623365259837e+00,3.275897760495e-03
3.125000100005e-01,-4.665675535875e+00,1.117000000000e-02,-8.582100000000e-01,4.614868439128e+00,3.516488292874e-03
4.375000140002e-01,-4.665635323049e+00,7.140000000000e-03,-6.680300000000e-01,4.609746750124e+00,3.383825121543e-03
5.625000180001e-01,-4.665554736841e+00,6.080000000000e-03,-5.002500000000e-01,4.607971073581e+00,3.002679134722e-03
8.941098679127e+00,-4.665492496443e+00,7.228000000000e-02,1.339700000000e-01,4.000186123250e-01,3.157572067564e-04
6.875000220004e-01,-4.665433777251e+00,2.220000000000e-03,-3.554100000000e-01,4.607850113991e+00,2.391563644005e-03
8.125000260005e-01,-4.665312817662e+00,-4.450000000000e-03,-2.454900000000e-01,4.607729154401e+00,1.648269680496e-03
9.375000300002e-01,-4.665191858072e+00,-6.500000000000e-03,-1.747800000000e-01,4.607608194812e+00,9.527633831149e-04
7.427456520165e+00,-4.660806717802e+00,3.032000000000e-02,1.850000000000e-02,1.691378647681e+00,5.977658392125e-05
3.534328577176e+00,-4.659704708818e+00,-3.990000000000e-03,-7.842000000000e-02,4.509146482429e+00,2.743002174326e-05
1.065070831841e+00,-4.658136080145e+00,-7.670000000000e-03,-1.322100000000e-01,4.600638858228e+00,4.039521355561e-04
7.775999850861e+00,-4.657445167654e+00,3.361000000000e-02,2.962000000000e-02,1.402028105144e+00,6.450884316858e-05
7.091744527554e+00,-4.655881208102e+00,2.643000000000e-02,3.030000000000e-03,1.969496349119e+00,5.459843255288e-05
2.127589180525e+00,-4.653430542811e+00,-1.118000000000e-02,-7.974000000000e-02,4.597431858885e+00,3.645937124663e-05
2.956252026458e+00,-4.651975743534e+00,-7.380000000000e-03,-7.784000000000e-02,4.597246999669e+00,3.279650236696e-05
4.445500539969e+00,-4.650043230474e+00,1.740000000000e-03,-7.645000000000e-02,3.951328053133e+00,2.604073043362e-05
6.244261583570e+00,-4.647117666784e+00,1.725000000000e-02,-3.162000000000e-02,2.649330113360e+00,4.315291020322e-05
5.251341368429e+00,-4.646727865816e+00,6.750000000000e-03,-6.333000000000e-02,3.396159323242e+00,3.042115164671e-05
5.101840680082e+00,-4.646039308460e+00,5.670000000000e-03,-6.820000000000e-02,3.503343347255e+00,3.399307745076e-05
8.136709831988e+00,-4.645424702063e+00,4.005000000000e-02,5.048000000000e-02,1.102997684701e+00,6.506796808487e-05
4.771561005439e+00,-4.645333807290e+00,3.680000000000e-03,-7.544000000000e-02,3.735760627104e+00,2.785156422002e-05
5.412644971847e+00,-4.644193325847e+00,7.480000000000e-03,-5.875000000000e-02,3.280896471672e+00,3.392541786274e-05
1.195207846763e+00,-4.644109699755e+00,-9.690000000000e-03,-1.084600000000e-01,4.586785648698e+00,9.052795945342e-05
6.769518852756e+00,-4.643056717169e+00,2.252000000000e-02,-1.158000000000e-02,2.236849503277e+00,5.034715448783e-05
4.122621322401e+00,-4.638452662348e+00,-1.460000000000e-03,-7.689000000000e-02,4.170622516308e+00,2.504149903080e-05
5.585367930769e+00,-4.638104397891e+00,8.930000000000e-03,-5.456000000000e-02,3.157137053634e+00,3.544588014457e-05
2.259993736371e+00,-4.637311914191e+00,-1.097000000000e-02,-7.895000000000e-02,4.581513483788e+00,3.678972892645e-05
9.299944649415e+00,-4.636308517073e+00,7.633000000000e-02,1.450300000000e-01,1.000060025391e-01,6.059562142518e-04
3.669360119139e+00,-4.635976108102e+00,-3.570000000000e-03,-7.900000000000e-02,4.449310011357e+00,2.653688163999e-05
8.498021750879e+00,-4.632862454726e+00,5.314000000000e-02,8.423000000000e-02,8.000271485626e-01,7.491683233132e-05
3.090219492454e+00,-4.632331006449e+00,-6.430000000000e-03,-7.820000000000e-02,4.577733294620e+00,3.169617579909e-05
1.325334821591e+00,-4.630011873451e+00,-1.198000000000e-02,-9.595000000000e-02,4.572861373141e+00,2.026175384397e-05
5.769118479908e+00,-4.628139344130e+00,1.088000000000e-02,-4.967000000000e-02,3.025887050222e+00,3.743507310607e-05
6.461424395043e+00,-4.622737311999e+00,1.860000000000e-02,-2.327000000000e-02,2.494152115302e+00,4.613455584231e-05
2.392327220699e+00,-4.620988843066e+00,-1.049000000000e-02,-7.742000000000e-02,4.565393074589e+00,3.680343186033e-05
8.853369227709e+00,-4.617487559282e+00,6.645000000000e-02,1.216600000000e-01,5.000232654063e-01,2.768412451037e-04
4.581248862278e+00,-4.616835832341e+00,2.500000000000e-03,-7.663000000000e-02,3.885727256383e+00,2.638482425281e-05
1.455450018411e+00,-4.615842867089e+00,-1.347000000000e-02,-8.876000000000e-02,4.558866290475e+00,3.056087443568e-05
5.963496872120e+00,-4.613986169212e+00,1.228000000000e-02,-4.274000000000e-02,2.887159475864e+00,3.934196104582e-05
7.340663798338e+00,-4.613150911151e+00,2.774000000000e-02,1.344000000000e-02,1.790306500952e+00,5.772303018672e-05
3.224020126099e+00,-4.612366425619e+00,-5.800000000000e-03,-7.839000000000e-02,4.557906331070e+00,3.051455789285e-05
3.804115625286e+00,-4.611824583026e+00,-3.150000000000e-03,-7.881000000000e-02,4.387851363249e+00,2.577695032196e-05
7.686723603253e+00,-4.610939718240e+00,3.198000000000e-02,2.549000000000e-02,1.502555354072e+00,6.306034384268e-05
4.257932717977e+00,-4.609772946433e+00,-3.500000000000e-04,-7.706000000000e-02,4.105034912925e+00,2.490723857163e-05
4.907310623925e+00,-4.607212589684e+00,3.110000000000e-03,-7.374000000000e-02,3.667957780222e+00,2.828063378388e-05
7.007505494783e+00,-4.607121990534e+00,2.482000000000e-02,-1.240000000000e-03,2.065957426553e+00,5.286475733282e-05
2.524584673005e+00,-4.604463121923e+00,-1.040000000000e-02,-7.614000000000e-02,4.549072241024e+00,3.652185675939e-05
1.585551706275e+00,-4.601602988798e+00,-1.392000000000e-02,-8.507000000000e-02,4.544800699933e+00,3.298399204430e-05
8.045021084684e+00,-4.600115240328e+00,3.701000000000e-02,4.258000000000e-02,1.205043218781e+00,6.532719393249e-05
6.168095605766e+00,-4.595342805743e+00,1.436000000000e-02,-3.533000000000e-02,2.741007766936e+00,4.153072769601e-05
6.687902785135e+00,-4.593242334560e+00,1.998000000000e-02,-1.522000000000e-02,2.331816087540e+00,4.885299019608e-05
3.357646183336e+00,-4.592086161195e+00,-5.960000000000e-03,-7.858000000000e-02,4.537769840844e+00,2.930476563216e-05
5.189946291512e+00,-4.590983744822e+00,5.140000000000e-03,-6.559000000000e-02,3.479084457268e+00,2.888595356384e-05
9.211288385823e+00,-4.590034685701e+00,7.725000000000e-02,1.494300000000e-01,2.000120050780e-01,1.358939527003e-04
5.043588018990e+00,-4.589670670238e+00,3.780000000000e-03,-7.063000000000e-02,3.584403665660e+00,3.341923642096e-05
5.348168818963e+00,-4.589131724354e+00,5.860000000000e-03,-6.137000000000e-02,3.365484911362e+00,3.226747670060e-05
2.656761177953e+00,-4.587736663578e+00,-9.720000000000e-03,-7.624000000000e-02,4.532552700118e+00,3.597181291783e-05
1.715638162263e+00,-4.587292588794e+00,-1.403000000000e-02,-8.386000000000e-02,4.530664940911e+00,3.461549979439e-05
3.938584872265e+00,-4.587256985270e+00,-3.490000000000e-03,-7.907000000000e-02,4.324953442348e+00,2.515928119607e-05
5.517873112151e+00,-4.583782164863e+00,7.010000000000e-03,-5.620000000000e-02,3.243539743344e+00,3.389939608480e-05
8.411252831687e+00,-4.583144918708e+00,4.661000000000e-02,7.293000000000e-02,8.998194959097e-01,6.622050345275e-05
4.716471214268e+00,-4.583034128554e+00,2.350000000000e-03,-7.651000000000e-02,3.818922956259e+00,2.697038606544e-05
4.392837974919e+00,-4.580586592080e+00,1.300000000000e-04,-7.695000000000e-02,4.038246730694e+00,2.500620113931e-05
5.698668454507e+00,-4.574612155443e+00,9.290000000000e-03,-5.254000000000e-02,3.114084291789e+00,3.594389615990e-05
1.845707672511e+00,-4.572912059167e+00,-1.341000000000e-02,-8.275000000000e-02,4.516459392788e+00,3.587947708978e-05
6.382499657415e+00,-4.571917293030e+00,1.682000000000e-02,-2.669000000000e-02,2.587523247336e+00,4.423608570159e-05
3.491090023786e+00,-4.571494560782e+00,-5.630000000000e-03,-7.866000000000e-02,4.517327724473e+00,2.812016234853e-05
2.788851868236e+00,-4.570811500068e+00,-9.130000000000e-03,-7.659000000000e-02,4.515836275805e+00,3.518540763455e-05
8.765639776291e+00,-4.569482622122e+00,6.061000000000e-02,1.096200000000e-01,6.000279184872e-01,1.918117539349e-04
7.253871076511e+00,-4.565495104500e+00,2.512000000000e-02,8.340000000000e-03,1.888377681484e+00,5.574050629406e-05
7.597447355646e+00,-4.564434268826e+00,2.991000000000e-02,2.250000000000e-02,1.603099618524e+00,6.115742792165e-05
4.072757806660e+00,-4.562280413627e+00,-3.310000000000e-03,-7.787000000000e-02,4.260817756607e+00,2.467511755324e-05
5.890156125562e+00,-4.561308508315e+00,1.050000000000e-02,-4.625000000000e-02,2.977126017268e+00,3.784573398420e-05
1.975758533205e+00,-4.558461833656e+00,-1.248000000000e-02,-8.109000000000e-02,4.502184474749e+00,3.679893850789e-05
6.923266462011e+00,-4.558362772966e+00,2.263000000000e-02,-5.940000000000e-03,2.162496626436e+00,5.126619442432e-05
7.953332337381e+00,-4.554805778594e+00,3.419000000000e-02,3.657000000000e-02,1.307124314369e+00,6.518387760188e-05
2.920851927495e+00,-4.553689781434e+00,-8.590000000000e-03,-7.742000000000e-02,4.498924898488e+00,3.419979613352e-05
4.527324868684e+00,-4.550903645990e+00,8.800000000000e-04,-7.749000000000e-02,3.970667981472e+00,2.525346447602e-05
3.624344115278e+00,-4.550596156872e+00,-5.110000000000e-03,-7.938000000000e-02,4.496584051419e+00,2.701103402038e-05
3.125000100005e-01,-4.549109397540e+00,1.048000000000e-02,-8.633800000000e-01,4.498477900990e+00,3.552968735377e-03
4.375000140002e-01,-4.549109397540e+00,8.300000000000e-03,-6.697600000000e-01,4.493264784397e+00,3.415591695155e-03
5.625000180001e-01,-4.549109397540e+00,5.350000000000e-03,-4.978400000000e-01,4.491525734280e+00,3.026120729534e-03
6.875000220004e-01,-4.549109397540e+00,1.290000000000e-03,-3.508600000000e-01,4.491525734280e+00,2.400604166512e-03
8.125000260004e-01,-4.549109397540e+00,-4.740000000000e-03,-2.393500000000e-01,4.491525734280e+00,1.643086447642e-03
9.375000300002e-01,-4.549109397540e+00,-7.100000000000e-03,-1.719900000000e-01,4.491525734280e+00,9.399375010144e-04
6.250000200012e-02,-4.549109397540e+00,1.980000000000e-03,-1.166160000000e+00,4.519270232869e+00,2.896730104060e-03
1.875000060004e-01,-4.549109397540e+00,6.260000000000e-03,-1.047010000000e+00,4.507153029430e+00,3.311111211471e-03
4.851153270727e+00,-4.548651111827e+00,1.640000000000e-03,-7.536000000000e-02,3.749093926942e+00,2.806572910066e-05
2.105789051621e+00,-4.543942387384e+00,-1.208000000000e-02,-7.959000000000e-02,4.487840645567e+00,3.738114998741e-05
9.122632122232e+00,-4.543760854329e+00,7.359000000000e-02,1.439000000000e-01,3.000180076173e-01,2.133088190785e-04
6.091929627963e+00,-4.543567944703e+00,1.165000000000e-02,-3.921000000000e-02,2.832712638455e+00,3.993811131162e-05
6.606286717513e+00,-4.543427951951e+00,1.789000000000e-02,-1.901000000000e-02,2.426833768994e+00,4.720190132359e-05
1.064405264657e+00,-4.542284334791e+00,-8.650000000000e-03,-1.293000000000e-01,4.484787064730e+00,3.927750432004e-04
4.206624551067e+00,-4.536902209716e+00,-2.110000000000e-03,-7.754000000000e-02,4.193913638029e+00,2.433062481743e-05
3.052756593219e+00,-4.536373774424e+00,-7.910000000000e-03,-7.834000000000e-02,4.481820604602e+00,3.305678384355e-05
8.320853680700e+00,-4.536251563028e+00,4.132000000000e-02,6.217000000000e-02,1.001577681573e+00,6.502203601132e-05
5.128551214595e+00,-4.535239623828e+00,3.380000000000e-03,-6.847000000000e-02,3.562009643131e+00,2.738500125411e-05
5.283692666079e+00,-4.534070122861e+00,4.310000000000e-03,-6.385000000000e-02,3.450083133473e+00,3.056712617216e-05
4.985335357898e+00,-4.533302032015e+00,2.130000000000e-03,-7.262000000000e-02,3.665463989707e+00,3.288001106481e-05
5.450378293532e+00,-4.529459931836e+00,5.030000000000e-03,-5.888000000000e-02,3.329954754792e+00,3.230827566896e-05
3.757401038330e+00,-4.529395664133e+00,-4.710000000000e-03,-7.948000000000e-02,4.475543060316e+00,2.601870016050e-05
2.235797547112e+00,-4.529354236579e+00,-1.210000000000e-02,-7.849000000000e-02,4.473428403389e+00,3.763580462259e-05
1.193215729971e+00,-4.528634209292e+00,-1.096000000000e-02,-1.056500000000e-01,4.471309725630e+00,8.534457222890e-05
8.677910324874e+00,-4.521477684962e+00,5.532000000000e-02,9.755000000000e-02,7.000325715676e-01,1.158029610386e-04
6.303574919787e+00,-4.521097274061e+00,1.447000000000e-02,-3.051000000000e-02,2.680929300415e+00,4.244181248706e-05
5.628218429107e+00,-4.521084966757e+00,7.230000000000e-03,-5.509000000000e-02,3.202297026206e+00,3.443733386777e-05
4.661381423097e+00,-4.520734449819e+00,1.040000000000e-03,-7.735000000000e-02,3.902085326948e+00,2.615855879638e-05
3.184561159532e+00,-4.518865861167e+00,-7.170000000000e-03,-7.851000000000e-02,4.464525536181e+00,3.180223928896e-05
7.508171108038e+00,-4.517928819412e+00,2.731000000000e-02,1.900000000000e-02,1.703657885903e+00,5.903883880494e-05
7.167078354684e+00,-4.517839297849e+00,2.339000000000e-02,4.350000000000e-03,1.986411267281e+00,5.390276806949e-05
1.322026195285e+00,-4.514984083793e+00,-1.260000000000e-02,-9.466000000000e-02,4.457832386529e+00,2.347420013977e-05
2.365782352097e+00,-4.514697938272e+00,-1.136000000000e-02,-7.740000000000e-02,4.458948285500e+00,3.757722372283e-05
4.340175409870e+00,-4.511129953686e+00,-1.520000000000e-03,-7.766000000000e-02,4.125175762704e+00,2.415386892177e-05
6.839027429239e+00,-4.509603555398e+00,2.020000000000e-02,-1.080000000000e-02,2.259103933475e+00,4.980037905293e-05
7.861643590077e+00,-4.509496316859e+00,3.141000000000e-02,3.139000000000e-02,1.409233243543e+00,6.418003994379e-05
5.816815379004e+00,-4.508630847417e+00,8.400000000000e-03,-4.918000000000e-02,3.067112063235e+00,3.636278199355e-05
3.890253490548e+00,-4.507897976621e+00,-4.720000000000e-03,-7.935000000000e-02,4.417057271519e+00,2.516670365131e-05
9.481892514411e+00,-4.505874405448e+00,5.062000000000e-02,9.848000000000e-02,2.351057171965e-04,3.947611621361e-04
1.450836660599e+00,-4.501333958294e+00,-1.368000000000e-02,-8.804000000000e-02,4.444355047429e+00,3.307503596290e-05
3.316260980000e+00,-4.501168537754e+00,-7.230000000000e-03,-7.883000000000e-02,4.447041940415e+00,3.048523575997e-05
2.495741813075e+00,-4.499974089959e+00,-1.118000000000e-02,-7.616000000000e-02,4.444400868060e+00,3.722461460517e-05
9.033975858640e+00,-4.497487022957e+00,6.862000000000e-02,1.352300000000e-01,4.000240101565e-01,3.026224963043e-04
6.524670649892e+00,-4.493613569342e+00,1.557000000000e-02,-2.257000000000e-02,2.521896772068e+00,4.547285522249e-05
8.226824297917e+00,-4.492182387687e+00,3.763000000000e-02,5.267000000000e-02,1.105348269594e+00,6.510365884430e-05
6.015763650160e+00,-4.491793083663e+00,9.920000000000e-03,-4.215000000000e-02,2.924442167414e+00,3.837761035822e-05
4.794995917530e+00,-4.490089633970e+00,3.300000000000e-04,-7.654000000000e-02,3.830230079067e+00,2.797127033925e-05
1.579647125913e+00,-4.487683832795e+00,-1.432000000000e-02,-8.471000000000e-02,4.430877708329e+00,3.550737480781e-05
4.022894290920e+00,-4.486108164906e+00,-4.830000000000e-03,-7.884000000000e-02,4.351048252991e+00,2.445685027621e-05
2.625674291600e+00,-4.485183329246e+00,-1.089000000000e-02,-7.610000000000e-02,4.429786765834e+00,3.660212792147e-05
4.473400875091e+00,-4.484971459639e+00,-9.200000000000e-04,-7.799000000000e-02,4.055618550573e+00,2.416898706370e-05
3.447851470396e+00,-4.483284412747e+00,-7.020000000000e-03,-7.869000000000e-02,4.429372169184e+00,2.915682603456e-05
5.067156137678e+00,-4.479495502834e+00,1.590000000000e-03,-7.120000000000e-02,3.644934877292e+00,2.596617924073e-05
5.219216513196e+00,-4.479008521368e+00,2.760000000000e-03,-6.624000000000e-02,3.534690435617e+00,2.878419334214e-05
4.927082696806e+00,-4.476933393793e+00,5.900000000000e-04,-7.430000000000e-02,3.746524319029e+00,3.260068477906e-05
5.382883474914e+00,-4.475137698809e+00,3.360000000000e-03,-6.143000000000e-02,3.416381152968e+00,3.068473905696e-05
1.708457591227e+00,-4.474033707296e+00,-1.453000000000e-02,-8.331000000000e-02,4.417400369229e+00,3.718779531375e-05
8.590180873457e+00,-4.473472747803e+00,4.993000000000e-02,8.586000000000e-02,8.000372246478e-01,7.678739695901e-05
7.418894860430e+00,-4.471423369998e+00,2.411000000000e-02,1.427000000000e-02,1.803829672061e+00,5.690841460464e-05
2.755578165237e+00,-4.470326333477e+00,-1.026000000000e-02,-7.652000000000e-02,4.415106631914e+00,3.573877322944e-05
6.224650182160e+00,-4.470277255092e+00,1.187000000000e-02,-3.466000000000e-02,2.774366747425e+00,4.071313887054e-05
7.080285632857e+00,-4.470183491199e+00,2.175000000000e-02,2.600000000000e-04,2.084537666383e+00,5.222919714463e-05
5.557768403706e+00,-4.467557778070e+00,5.200000000000e-03,-5.676000000000e-02,3.290524007471e+00,3.290262186346e-05
3.579328111417e+00,-4.465216205642e+00,-6.460000000000e-03,-7.941000000000e-02,4.411518678600e+00,2.786810720069e-05
7.769954842773e+00,-4.464186855124e+00,2.918000000000e-02,2.665000000000e-02,1.511364364939e+00,6.251786870720e-05
4.155316384158e+00,-4.464031472998e+00,-3.900000000000e-03,-7.819000000000e-02,4.282802460385e+00,2.387450228147e-05
9.392343514389e+00,-4.461349524330e+00,7.188000000000e-02,1.432200000000e-01,1.000074419404e-01,6.061580289295e-04
6.754788396467e+00,-4.460844337829e+00,1.804000000000e-02,-1.508000000000e-02,2.355770968711e+00,4.839332360008e-05
1.837268056541e+00,-4.460383581797e+00,-1.424000000000e-02,-8.285000000000e-02,4.403923030129e+00,3.849693578402e-05
4.606291631926e+00,-4.458434771084e+00,-4.100000000000e-04,-7.802000000000e-02,3.985247736572e+00,2.529064402858e-05
5.743474632446e+00,-4.455953186520e+00,6.590000000000e-03,-5.251000000000e-02,3.157115945973e+00,3.488089366332e-05
2.885451828533e+00,-4.455403819334e+00,-9.970000000000e-03,-7.696000000000e-02,4.400361157413e+00,3.466819887710e-05
8.945319595049e+00,-4.451213191585e+00,6.298000000000e-02,1.235800000000e-01,5.000300126956e-01,2.748969045888e-04
8.132794915135e+00,-4.448113212347e+00,3.451000000000e-02,4.415000000000e-02,1.208956658076e+00,6.527938096188e-05
3.710686451374e+00,-4.446966745239e+00,-6.490000000000e-03,-7.984000000000e-02,4.393484028527e+00,2.666616673943e-05
1.966078521855e+00,-4.446733456298e+00,-1.352000000000e-02,-8.148000000000e-02,4.390445691028e+00,3.944894565661e-05
6.443054582271e+00,-4.443799186733e+00,1.352000000000e-02,-2.581000000000e-02,2.617000157818e+00,4.344900007656e-05
4.287512844821e+00,-4.441673315292e+00,-3.270000000000e-03,-7.830000000000e-02,4.212114508081e+00,2.337287077386e-05
3.015293693984e+00,-4.440416542399e+00,-9.400000000000e-03,-7.822000000000e-02,4.385551071137e+00,3.342833199486e-05
5.939597672357e+00,-4.440018222623e+00,7.890000000000e-03,-4.575000000000e-02,3.016194104140e+00,3.685250859753e-05
6.250000200012e-02,-4.433942071020e+00,2.100000000000e-03,-1.173300000000e+00,4.404828365461e+00,2.926436503832e-03
1.875000060004e-01,-4.433942071020e+00,5.960000000000e-03,-1.055960000000e+00,4.392395465139e+00,3.345853089268e-03
3.125000100005e-01,-4.433942071020e+00,9.880000000000e-03,-8.685500000000e-01,4.383493232249e+00,3.589417924491e-03
4.375000140002e-01,-4.433942071020e+00,7.670000000000e-03,-6.696500000000e-01,4.378143203936e+00,3.447485950359e-03
5.625000180001e-01,-4.433942071020e+00,5.400000000000e-03,-4.951800000000e-01,4.376358407760e+00,3.049560080318e-03
6.875000220004e-01,-4.433942071020e+00,5.100000000000e-04,-3.455700000000e-01,4.376358407760e+00,2.409684908587e-03
8.125000260004e-01,-4.433942071020e+00,-4.880000000000e-03,-2.347400000000e-01,4.376358407760e+00,1.637978450269e-03
9.375000300001e-01,-4.433942071020e+00,-7.680000000000e-03,-1.678900000000e-01,4.376358407760e+00,9.269926601034e-04
2.094888987169e+00,-4.433083330799e+00,-1.316000000000e-02,-7.923000000000e-02,4.376968351928e+00,4.004602650115e-05
4.738838564333e+00,-4.431528156113e+00,-8.300000000000e-04,-7.752000000000e-02,3.911366236261e+00,2.788895097539e-05
3.841922108831e+00,-4.428538967973e+00,-6.220000000000e-03,-7.983000000000e-02,4.375205419330e+00,2.558727222359e-05
1.064405264657e+00,-4.427289794670e+00,-1.027000000000e-02,-1.261300000000e-01,4.369792524609e+00,3.792638657869e-04
8.502451422039e+00,-4.425467810643e+00,4.397000000000e-02,7.371000000000e-02,8.998308344392e-01,6.689385809453e-05
3.145102192965e+00,-4.425365296715e+00,-8.740000000000e-03,-7.858000000000e-02,4.370677139261e+00,3.206086936020e-05
7.329618612822e+00,-4.424917920584e+00,2.218000000000e-02,9.470000000000e-03,1.903384639776e+00,5.490100907335e-05
5.154740360312e+00,-4.423946919876e+00,8.500000000000e-04,-6.912000000000e-02,3.619306181012e+00,2.693060575450e-05
5.005761060761e+00,-4.423751381839e+00,-2.000000000000e-05,-7.307000000000e-02,3.727860156528e+00,2.464992374928e-05
6.993492911030e+00,-4.422527684548e+00,2.020000000000e-02,-3.770000000000e-03,2.182744361417e+00,5.070877645073e-05
5.315388656295e+00,-4.420815465781e+00,1.680000000000e-03,-6.405000000000e-02,3.502818095025e+00,2.903834261087e-05
4.868830035714e+00,-4.420564755570e+00,-9.100000000000e-04,-7.590000000000e-02,3.827584653291e+00,3.155234640238e-05
6.145725444532e+00,-4.419457236123e+00,9.610000000000e-03,-3.847000000000e-02,2.867832519811e+00,3.904224904422e-05
2.223699452482e+00,-4.419433205300e+00,-1.327000000000e-02,-7.850000000000e-02,4.363491012828e+00,4.029377111917e-05
4.419476881497e+00,-4.419039273287e+00,-2.880000000000e-03,-7.837000000000e-02,4.140578357786e+00,2.298565569682e-05
7.678266095469e+00,-4.418877393389e+00,2.683000000000e-02,2.286000000000e-02,1.613513464438e+00,6.043218921513e-05
9.302794514367e+00,-4.416824643213e+00,7.273000000000e-02,1.488300000000e-01,2.000148838807e-01,1.589716534412e-04
5.487318378306e+00,-4.414030589384e+00,3.030000000000e-03,-5.940000000000e-02,3.378764119534e+00,3.131196858299e-05
1.193215729971e+00,-4.413985241968e+00,-1.244000000000e-02,-1.026800000000e-01,4.356660758306e+00,7.861181242996e-05
6.670549363696e+00,-4.412085120261e+00,1.584000000000e-02,-1.933000000000e-02,2.452490669438e+00,4.657721136167e-05
3.274875776664e+00,-4.410250914312e+00,-8.530000000000e-03,-7.908000000000e-02,4.355740164972e+00,3.061059727697e-05
3.973030775180e+00,-4.409935916184e+00,-6.260000000000e-03,-7.973000000000e-02,4.356747587793e+00,2.465243957816e-05
2.352509917796e+00,-4.405783079801e+00,-1.235000000000e-02,-7.772000000000e-02,4.350013673728e+00,4.020346852270e-05
8.856663331457e+00,-4.404939360214e+00,5.764000000000e-02,1.121500000000e-01,6.000360152344e-01,1.969559342883e-04
8.038765532352e+00,-4.404044037006e+00,3.158000000000e-02,3.781000000000e-02,1.312602315707e+00,6.495262957463e-05
5.670133885889e+00,-4.403275525623e+00,4.960000000000e-03,-5.516000000000e-02,3.247136182287e+00,3.339482738716e-05
1.322026195285e+00,-4.400680689267e+00,-1.381000000000e-02,-9.266000000000e-02,4.343528992003e+00,2.669237441677e-05
4.551201840755e+00,-4.396135092349e+00,-2.140000000000e-03,-7.879000000000e-02,4.068410182743e+00,2.390436438511e-05
3.404612917006e+00,-4.395074264711e+00,-8.330000000000e-03,-7.903000000000e-02,4.340740988103e+00,2.912457412950e-05
6.361438514649e+00,-4.393984804124e+00,1.167000000000e-02,-3.011000000000e-02,2.712139678094e+00,4.164415187789e-05
2.481320383110e+00,-4.392132954303e+00,-1.223000000000e-02,-7.604000000000e-02,4.336536334628e+00,3.979227677187e-05
4.104008217248e+00,-4.391160736281e+00,-5.660000000000e-03,-7.883000000000e-02,4.338120189826e+00,2.385409591379e-05
5.863431694554e+00,-4.388243361583e+00,5.780000000000e-03,-4.887000000000e-02,3.107966464101e+00,3.536142903506e-05
1.450836660599e+00,-4.387376136565e+00,-1.442000000000e-02,-8.690000000000e-02,4.330397225700e+00,3.502747253646e-05
8.410438025885e+00,-4.380072373398e+00,3.883000000000e-02,6.276000000000e-02,1.002350396610e+00,6.531345201650e-05
3.534312107556e+00,-4.379836254411e+00,-7.740000000000e-03,-7.939000000000e-02,4.325680484756e+00,2.765108551359e-05
2.610130848424e+00,-4.378482828804e+00,-1.200000000000e-02,-7.595000000000e-02,4.323058995528e+00,3.908368484826e-05
7.240342365215e+00,-4.378412471170e+00,2.125000000000e-02,5.120000000000e-03,2.003050348467e+00,5.308199377576e-05
6.906700189203e+00,-4.374871877897e+00,1.818000000000e-02,-9.270000000000e-03,2.281020981265e+00,4.931317077659e-05
1.579647125913e+00,-4.374071583864e+00,-1.479000000000e-02,-8.407000000000e-02,4.317265459398e+00,3.723440052473e-05
7.586577348165e+00,-4.373567931654e+00,2.517000000000e-02,1.934000000000e-02,1.715677330865e+00,5.817581211840e-05
4.682681211136e+00,-4.372966678256e+00,-2.030000000000e-03,-7.855000000000e-02,3.992502398214e+00,2.677953316049e-05
9.213245514345e+00,-4.372299762095e+00,6.895000000000e-02,1.432000000000e-01,3.000223258213e-01,1.866045915501e-04
4.234850279772e+00,-4.372216676898e+00,-5.130000000000e-03,-7.863000000000e-02,4.299062377533e+00,2.308872293782e-05
5.090264207428e+00,-4.368885318383e+00,-7.700000000000e-04,-7.157000000000e-02,3.703929791004e+00,2.505768431978e-05
6.066800706905e+00,-4.368637217154e+00,7.520000000000e-03,-4.205000000000e-02,2.961323935544e+00,3.743174382937e-05
4.944365983844e+00,-4.368007260845e+00,-1.520000000000e-03,-7.466000000000e-02,3.810785477897e+00,2.362534006339e-05
5.247893837677e+00,-4.366493232754e+00,-8.000000000000e-05,-6.659000000000e-02,3.589264819206e+00,2.730518808754e-05
2.738941313737e+00,-4.364832703305e+00,-1.147000000000e-02,-7.663000000000e-02,4.309581656427e+00,3.810792618341e-05
3.663971864418e+00,-4.364537826345e+00,-7.720000000000e-03,-7.984000000000e-02,4.310559566897e+00,2.623718098924e-05
4.810577374622e+00,-4.364196117348e+00,-2.250000000000e-03,-7.741000000000e-02,3.908644992187e+00,3.296539097300e-05
6.586310330924e+00,-4.363325902693e+00,1.409000000000e-02,-2.304000000000e-02,2.549257041221e+00,4.475650378921e-05
1.708457591227e+00,-4.360767031162e+00,-1.492000000000e-02,-8.275000000000e-02,4.304133693095e+00,3.881781579061e-05
5.416868352905e+00,-4.360503400698e+00,1.150000000000e-03,-6.204000000000e-02,3.467016359808e+00,2.969151953141e-05
7.944736149570e+00,-4.359974861666e+00,2.837000000000e-02,3.237000000000e-02,1.416277060245e+00,6.374463271859e-05
8.768007067867e+00,-4.358665528842e+00,5.169000000000e-02,9.865000000000e-02,7.000420177726e-01,1.204420321287e-04
4.365552887904e+00,-4.353107086936e+00,-4.850000000000e-03,-7.888000000000e-02,4.225546845883e+00,2.230480575925e-05
2.867751779052e+00,-4.351182577806e+00,-1.132000000000e-02,-7.704000000000e-02,4.296104317327e+00,3.690238202435e-05
5.596793139331e+00,-4.350597864725e+00,3.220000000000e-03,-5.739000000000e-02,3.337171448764e+00,3.189196364020e-05
3.793590727113e+00,-4.349179959324e+00,-7.710000000000e-03,-8.013000000000e-02,4.295379181947e+00,2.492416134747e-05
1.837268056541e+00,-4.347462478461e+00,-1.479000000000e-02,-8.259000000000e-02,4.291001926792e+00,4.006388867446e-05
6.279822447028e+00,-4.344170421515e+00,9.270000000000e-03,-3.435000000000e-02,2.807311659110e+00,3.985619797430e-05
2.996562244367e+00,-4.337532452307e+00,-1.075000000000e-02,-7.817000000000e-02,4.282626978227e+00,3.551196702187e-05
8.314140684997e+00,-4.337286436068e+00,3.520000000000e-02,5.376000000000e-02,1.107644334706e+00,6.505089584807e-05
5.787265716750e+00,-4.336468500543e+00,4.050000000000e-03,-5.216000000000e-02,3.199757490017e+00,3.388221374735e-05
1.966078521855e+00,-4.334157925759e+00,-1.468000000000e-02,-8.127000000000e-02,4.277870160489e+00,4.097447772693e-05
4.496112049585e+00,-4.333835413614e+00,-3.990000000000e-03,-7.933000000000e-02,4.151441602746e+00,2.286343690708e-05
3.923167259439e+00,-4.333763667463e+00,-7.570000000000e-03,-8.015000000000e-02,4.280140312362e+00,2.374785461678e-05
7.151066117607e+00,-4.331907021756e+00,1.937000000000e-02,7.100000000000e-04,2.102811052014e+00,5.146844005649e-05
7.494888600861e+00,-4.328258469919e+00,2.287000000000e-02,1.431000000000e-02,1.816972709983e+00,5.595124970219e-05
9.123696514323e+00,-4.327774880977e+00,6.446000000000e-02,1.359700000000e-01,4.000297677618e-01,2.884470403042e-04
9.571858569198e+00,-4.327450392318e+00,4.648000000000e-02,9.518000000000e-02,2.351057166741e-04,3.829822925702e-04
6.819907467376e+00,-4.327216071246e+00,1.576000000000e-02,-1.477000000000e-02,2.379358861454e+00,4.798345484231e-05
3.125372709681e+00,-4.323882326808e+00,-1.043000000000e-02,-7.847000000000e-02,4.269149639126e+00,3.398949618106e-05
2.094888987169e+00,-4.320853373058e+00,-1.438000000000e-02,-7.907000000000e-02,4.264738394187e+00,4.154743082561e-05
8.125000260004e-01,-4.318774744500e+00,-4.420000000000e-03,-2.311100000000e-01,4.261191081240e+00,1.632572788816e-03
6.250000200012e-02,-4.318774744500e+00,2.000000000000e-03,-1.179950000000e+00,4.290425322371e+00,2.956591241465e-03
1.875000060004e-01,-4.318774744500e+00,5.630000000000e-03,-1.064580000000e+00,4.277659925688e+00,3.381368619116e-03
3.125000100005e-01,-4.318774744500e+00,9.520000000000e-03,-8.729100000000e-01,4.268518412147e+00,3.626855719322e-03
4.375000140002e-01,-4.318774744500e+00,6.620000000000e-03,-6.701000000000e-01,4.263024094682e+00,3.480257074749e-03
5.625000180001e-01,-4.318774744500e+00,4.030000000000e-03,-4.918600000000e-01,4.261191081240e+00,3.073523262685e-03
6.875000220004e-01,-4.318774744500e+00,6.900000000000e-04,-3.423900000000e-01,4.261191081240e+00,2.418793132416e-03
9.375000300001e-01,-4.318774744500e+00,-7.510000000000e-03,-1.625900000000e-01,4.261191081240e+00,9.136170289438e-04
4.052700050339e+00,-4.318289999563e+00,-7.340000000000e-03,-7.954000000000e-02,4.264843975176e+00,2.273233689826e-05
5.987875969278e+00,-4.317817198185e+00,5.210000000000e-03,-4.560000000000e-02,3.054838640229e+00,3.587904498265e-05
7.850706766788e+00,-4.315905686325e+00,2.594000000000e-02,2.811000000000e-02,1.519974939806e+00,6.188464986688e-05
6.502071298153e+00,-4.314566685125e+00,1.240000000000e-02,-2.647000000000e-02,2.646064963797e+00,4.273415062629e-05
4.626523857939e+00,-4.314405200399e+00,-3.530000000000e-03,-7.941000000000e-02,4.073638564643e+00,2.602877592472e-05
5.025788054544e+00,-4.313823716890e+00,-2.230000000000e-03,-7.346000000000e-02,3.788560738585e+00,2.315018869554e-05
8.679350804276e+00,-4.312391697471e+00,4.647000000000e-02,8.755000000000e-02,8.000480203107e-01,7.890074147824e-05
1.064405264657e+00,-4.312295254548e+00,-1.145000000000e-02,-1.225900000000e-01,4.254797984488e+00,3.657993096207e-04
4.882970906927e+00,-4.312263139851e+00,-3.080000000000e-03,-7.633000000000e-02,3.893710838707e+00,2.252654878434e-05
5.180399019058e+00,-4.312170999727e+00,-1.880000000000e-03,-6.949000000000e-02,3.675720635336e+00,2.549622007703e-05
3.254183174996e+00,-4.310232201309e+00,-9.950000000000e-03,-7.899000000000e-02,4.255672300026e+00,3.239600262263e-05
4.752324713530e+00,-4.307827479125e+00,-3.340000000000e-03,-7.825000000000e-02,3.989705335433e+00,2.778468311111e-05
2.223699452482e+00,-4.307548820356e+00,-1.434000000000e-02,-7.863000000000e-02,4.251606627884e+00,4.178571185312e-05
5.346418327505e+00,-4.306976212011e+00,-8.400000000000e-04,-6.437000000000e-02,3.555279825122e+00,2.807782834830e-05
4.182187714723e+00,-4.302760038504e+00,-7.050000000000e-03,-7.929000000000e-02,4.249491221554e+00,2.179136378083e-05
1.193215729971e+00,-4.299336274644e+00,-1.406000000000e-02,-1.002800000000e-01,4.242011790982e+00,7.276852882713e-05
5.523452392773e+00,-4.297920203828e+00,1.050000000000e-03,-6.010000000000e-02,3.427220560848e+00,3.031378564753e-05
3.382993640311e+00,-4.296582075810e+00,-9.600000000000e-03,-7.928000000000e-02,4.242194960926e+00,3.080094283036e-05
8.217843344109e+00,-4.294500498739e+00,3.191000000000e-02,4.614000000000e-02,1.212777870307e+00,6.513051231170e-05
6.198206379407e+00,-4.294356038907e+00,7.100000000000e-03,-3.818000000000e-02,2.902512907754e+00,3.812743227229e-05
2.352509917796e+00,-4.294244267655e+00,-1.371000000000e-02,-7.804000000000e-02,4.238474861581e+00,4.169817151322e-05
4.311628894310e+00,-4.287174900585e+00,-6.750000000000e-03,-7.931000000000e-02,4.234083136308e+00,2.067161448087e-05
1.322026195285e+00,-4.286377294740e+00,-1.504000000000e-02,-9.131000000000e-02,4.229225597477e+00,3.013180542966e-05
7.061789869999e+00,-4.285401572342e+00,1.692000000000e-02,-3.680000000000e-03,2.202653843180e+00,5.004844702042e-05
5.711099738947e+00,-4.284693639503e+00,2.810000000000e-03,-5.512000000000e-02,3.291565620293e+00,3.241318668252e-05
9.481451251190e+00,-4.284691636640e+00,6.682000000000e-02,1.406100000000e-01,1.000089712808e-01,6.049044501944e-04
9.034147514301e+00,-4.283249999859e+00,5.914000000000e-02,1.253000000000e-01,5.000372097023e-01,2.711316350621e-04
7.403199853557e+00,-4.282949008184e+00,2.073000000000e-02,9.660000000000e-03,1.918124760208e+00,5.388613752748e-05
3.511804105625e+00,-4.282931950311e+00,-8.950000000000e-03,-7.946000000000e-02,4.228717621826e+00,2.928184215031e-05
2.481320383110e+00,-4.280939714953e+00,-1.359000000000e-02,-7.600000000000e-02,4.225343095279e+00,4.129917853419e-05
6.733114745549e+00,-4.279560264595e+00,1.381000000000e-02,-1.918000000000e-02,2.477750708027e+00,4.618709836449e-05
1.450836660599e+00,-4.273418314836e+00,-1.480000000000e-02,-8.622000000000e-02,4.216439403972e+00,3.756899060458e-05
7.756677384005e+00,-4.271836510985e+00,2.390000000000e-02,2.400000000000e-02,1.623691521805e+00,5.962744808396e-05
4.441022258414e+00,-4.271535734879e+00,-5.890000000000e-03,-7.985000000000e-02,4.218620837418e+00,1.981794477074e-05
3.640614570940e+00,-4.269281824812e+00,-8.920000000000e-03,-7.978000000000e-02,4.215240282725e+00,2.792230566653e-05
2.610130848424e+00,-4.267635162252e+00,-1.320000000000e-02,-7.607000000000e-02,4.212211328976e+00,4.060865178268e-05
5.908951231651e+00,-4.266997179216e+00,3.310000000000e-03,-4.841000000000e-02,3.148374558646e+00,3.438815444063e-05
8.590694540685e+00,-4.266117866099e+00,4.084000000000e-02,7.518000000000e-02,8.998429827000e-01,6.756005033768e-05
6.417832265381e+00,-4.265807467557e+00,1.009000000000e-02,-3.022000000000e-02,2.742910037703e+00,4.085488329697e-05
1.579647125913e+00,-4.260459334932e+00,-1.533000000000e-02,-8.354000000000e-02,4.203653210466e+00,3.970050512673e-05
4.961311901661e+00,-4.258762115397e+00,-3.790000000000e-03,-7.502000000000e-02,3.873198542771e+00,2.149730413583e-05
5.112904200439e+00,-4.257848766700e+00,-3.320000000000e-03,-7.162000000000e-02,3.762184916609e+00,2.369880181138e-05
4.821575830010e+00,-4.256519018857e+00,-4.410000000000e-03,-7.812000000000e-02,3.976636236490e+00,2.275039749085e-05
4.570366504741e+00,-4.255843722542e+00,-5.220000000000e-03,-8.003000000000e-02,4.154774735284e+00,2.350444360083e-05
3.769425036255e+00,-4.255631699313e+00,-9.290000000000e-03,-8.020000000000e-02,4.201762943625e+00,2.681011144825e-05
2.738941313737e+00,-4.254330609550e+00,-1.267000000000e-02,-7.670000000000e-02,4.199079562673e+00,3.965203696070e-05
5.275968302104e+00,-4.253449023325e+00,-2.870000000000e-03,-6.689000000000e-02,3.643553699710e+00,2.636408172209e-05
8.121546003220e+00,-4.251714561410e+00,2.855000000000e-02,3.928000000000e-02,1.317949916270e+00,6.462954310191e-05
4.694072052438e+00,-4.251458840903e+00,-4.650000000000e-03,-7.960000000000e-02,4.070765682770e+00,3.201699508847e-05
1.708457591227e+00,-4.247500355028e+00,-1.544000000000e-02,-8.225000000000e-02,4.190867016961e+00,4.124966711839e-05
5.450111646215e+00,-4.245242542931e+00,-1.220000000000e-03,-6.286000000000e-02,3.517282455119e+00,2.869908573222e-05
6.116590311786e+00,-4.244541656298e+00,4.920000000000e-03,-4.182000000000e-02,2.997740635612e+00,3.648050698925e-05
3.898235501569e+00,-4.241981573814e+00,-9.060000000000e-03,-8.039000000000e-02,4.188285604525e+00,2.603524230530e-05
9.391043933181e+00,-4.241932880962e+00,6.761000000000e-02,1.471200000000e-01,2.000179425615e-01,1.824286032317e-04
2.867751779052e+00,-4.241026056849e+00,-1.271000000000e-02,-7.739000000000e-02,4.185947796370e+00,3.846020409430e-05
6.972513622392e+00,-4.238896122928e+00,1.452000000000e-02,-8.540000000000e-03,2.302568043664e+00,4.877128773728e-05
8.944598514279e+00,-4.238725118742e+00,5.409000000000e-02,1.143200000000e-01,6.000446516424e-01,2.015981550727e-04
7.311511106253e+00,-4.237639546449e+00,1.845000000000e-02,5.490000000000e-03,2.019389737032e+00,5.204213157308e-05
1.837268056541e+00,-4.234541375124e+00,-1.560000000000e-02,-8.185000000000e-02,4.178080823456e+00,4.246273828870e-05
5.634933761144e+00,-4.232918778463e+00,1.010000000000e-03,-5.775000000000e-02,3.383389462548e+00,3.095152584615e-05
6.646322023722e+00,-4.231904457944e+00,1.231000000000e-02,-2.277000000000e-02,2.576190337614e+00,4.411715569380e-05
4.027045966884e+00,-4.228331448315e+00,-9.010000000000e-03,-8.004000000000e-02,4.174808265424e+00,2.565922635060e-05
7.662648001222e+00,-4.227767335644e+00,2.269000000000e-02,2.052000000000e-02,1.727283438916e+00,5.723193739786e-05
2.996562244367e+00,-4.227721504147e+00,-1.218000000000e-02,-7.812000000000e-02,4.172816030067e+00,3.706923937294e-05
8.497120492038e+00,-4.222250395542e+00,3.603000000000e-02,6.384000000000e-02,1.003104902443e+00,6.556105314375e-05
1.966078521855e+00,-4.221582395220e+00,-1.568000000000e-02,-8.084000000000e-02,4.165294629950e+00,4.334042110788e-05
6.333593232609e+00,-4.217048249988e+00,7.550000000000e-03,-3.436000000000e-02,2.839788462035e+00,3.897859905103e-05
5.830026494023e+00,-4.216177160247e+00,1.510000000000e-03,-5.165000000000e-02,3.241929854623e+00,3.291632548731e-05
4.155856432199e+00,-4.214681322816e+00,-8.870000000000e-03,-7.979000000000e-02,4.161330926324e+00,2.573879788920e-05
3.125372709681e+00,-4.214416951446e+00,-1.196000000000e-02,-7.840000000000e-02,4.159684263765e+00,3.552014307585e-05
8.025248662332e+00,-4.208928624080e+00,2.586000000000e-02,3.357000000000e-02,1.423151934782e+00,6.324253337205e-05
2.094888987169e+00,-4.208623415316e+00,-1.563000000000e-02,-7.879000000000e-02,4.152508436445e+00,4.387808271271e-05
4.896835748777e+00,-4.203700513904e+00,-5.450000000000e-03,-7.668000000000e-02,3.957842763677e+00,1.945978544278e-05
6.250000200012e-02,-4.203607417981e+00,1.730000000000e-03,-1.186130000000e+00,4.176064294369e+00,2.987036675203e-03
1.875000060004e-01,-4.203607417981e+00,5.400000000000e-03,-1.072260000000e+00,4.162948232168e+00,3.417519670374e-03
3.125000100005e-01,-4.203607417981e+00,8.900000000000e-03,-8.775400000000e-01,4.153554258548e+00,3.665181331316e-03
4.375000140002e-01,-4.203607417981e+00,5.980000000000e-03,-6.710700000000e-01,4.147907662389e+00,3.513850304406e-03
5.625000180001e-01,-4.203607417981e+00,3.660000000000e-03,-4.879500000000e-01,4.146023754721e+00,3.097972118648e-03
6.875000220004e-01,-4.203607417981e+00,2.000000000000e-04,-3.373400000000e-01,4.146023754720e+00,2.427933149788e-03
8.125000260004e-01,-4.203607417981e+00,-5.190000000000e-03,-2.259900000000e-01,4.146023754720e+00,1.626966060353e-03
9.375000300001e-01,-4.203607417981e+00,-9.660000000000e-03,-1.569900000000e-01,4.146023754721e+00,9.001818528598e-04
5.045409381821e+00,-4.203526533672e+00,-4.660000000000e-03,-7.359000000000e-02,3.848657092489e+00,2.192476207462e-05
3.254183174996e+00,-4.201112398744e+00,-1.142000000000e-02,-7.871000000000e-02,4.146552497462e+00,3.385847275392e-05
4.284666897513e+00,-4.201031197317e+00,-8.790000000000e-03,-7.991000000000e-02,4.147853587224e+00,2.651033451681e-05
4.760180753093e+00,-4.200774897863e+00,-5.630000000000e-03,-7.921000000000e-02,4.059466846766e+00,2.088239189286e-05
5.205518276704e+00,-4.199921834638e+00,-4.470000000000e-03,-6.966000000000e-02,3.731837244902e+00,2.455807543177e-05
9.300636615173e+00,-4.199174125283e+00,6.434000000000e-02,1.430500000000e-01,3.000269138425e-01,1.581957541790e-04
1.064405264657e+00,-4.197300714427e+00,-1.243000000000e-02,-1.193100000000e-01,4.139803444367e+00,3.524661259513e-04
2.223699452482e+00,-4.195664435412e+00,-1.551000000000e-02,-7.835000000000e-02,4.139722242940e+00,4.407613528379e-05
4.635819391346e+00,-4.195090202680e+00,-6.230000000000e-03,-8.065000000000e-02,4.142017758207e+00,1.791072471812e-05
6.034974244166e+00,-4.194727273690e+00,2.900000000000e-03,-4.534000000000e-02,3.092992396940e+00,3.490728856090e-05
8.855049514258e+00,-4.194200237625e+00,4.863000000000e-02,1.009500000000e-01,7.000520935819e-01,1.266968381714e-04
5.376770899657e+00,-4.192564882034e+00,-3.360000000000e-03,-6.518000000000e-02,3.607356174207e+00,2.712907685974e-05
6.883237374784e+00,-4.192390673514e+00,1.264000000000e-02,-1.349000000000e-02,2.402544744423e+00,4.753787811740e-05
7.219822358949e+00,-4.192330084714e+00,1.561000000000e-02,7.400000000000e-04,2.120751463927e+00,5.044724147859e-05
3.382993640311e+00,-4.187807846043e+00,-1.089000000000e-02,-7.930000000000e-02,4.133420731159e+00,3.213404376832e-05
4.413477362828e+00,-4.187381071818e+00,-7.990000000000e-03,-8.040000000000e-02,4.134376248124e+00,2.706933677811e-05
1.193215729971e+00,-4.184687307321e+00,-1.509000000000e-02,-9.889000000000e-02,4.127362823659e+00,6.748747221581e-05
6.559529301896e+00,-4.184248651294e+00,1.020000000000e-02,-2.659000000000e-02,2.674672474349e+00,4.205182997046e-05
7.568618618440e+00,-4.183698160303e+00,2.111000000000e-02,1.518000000000e-02,1.829863004061e+00,5.489734339619e-05
2.352509917796e+00,-4.182705455508e+00,-1.553000000000e-02,-7.803000000000e-02,4.126936049434e+00,4.394090823660e-05
5.558767783340e+00,-4.181143917423e+00,-1.210000000000e-03,-6.064000000000e-02,3.475227771340e+00,2.938526808609e-05
8.398628658336e+00,-4.180789285799e+00,3.219000000000e-02,5.471000000000e-02,1.109883481604e+00,6.492745133911e-05
3.511804105625e+00,-4.174503293341e+00,-1.039000000000e-02,-7.957000000000e-02,4.120288964856e+00,3.040069047608e-05
4.542287828143e+00,-4.173730946319e+00,-7.390000000000e-03,-8.071000000000e-02,4.120898909023e+00,3.182852866802e-05
1.322026195285e+00,-4.172073900214e+00,-1.578000000000e-02,-9.028000000000e-02,4.114922202951e+00,3.353585566356e-05
2.481320383110e+00,-4.169746475604e+00,-1.505000000000e-02,-7.639000000000e-02,4.114149855929e+00,4.348452988159e-05
6.249354199838e+00,-4.168289032420e+00,5.120000000000e-03,-3.811000000000e-02,2.936696936214e+00,3.718420231195e-05
7.928951321443e+00,-4.166142686751e+00,2.395000000000e-02,2.937000000000e-02,1.528377736604e+00,6.121427208332e-05
5.751101756396e+00,-4.165357141278e+00,-4.700000000000e-04,-5.500000000000e-02,3.335502897636e+00,3.146211802415e-05
3.640614570940e+00,-4.161198740639e+00,-1.049000000000e-02,-7.952000000000e-02,4.107157198553e+00,2.871581052611e-05
1.450836660599e+00,-4.159460493107e+00,-1.589000000000e-02,-8.543000000000e-02,4.102481582243e+00,4.012196397867e-05
2.610130848424e+00,-4.156787495700e+00,-1.432000000000e-02,-7.620000000000e-02,4.101363662424e+00,4.272506635558e-05
9.210229297164e+00,-4.156415369605e+00,6.008000000000e-02,1.363100000000e-01,4.000358851234e-01,2.728242264535e-04
8.765500514237e+00,-4.149675356508e+00,4.339000000000e-02,8.869000000000e-02,8.000595355214e-01,8.188366510217e-05
4.977914563202e+00,-4.149204300645e+00,-6.260000000000e-03,-7.540000000000e-02,3.935136642539e+00,2.049920555895e-05
4.832359595893e+00,-4.148638912411e+00,-6.750000000000e-03,-7.851000000000e-02,4.042492998232e+00,1.819089468463e-05
3.769425036255e+00,-4.147894187938e+00,-1.101000000000e-02,-7.995000000000e-02,4.094025432250e+00,2.714145085577e-05
9.658467523795e+00,-4.147372887415e+00,4.247000000000e-02,9.002000000000e-02,2.351057151401e-04,3.703176139075e-04
7.128133611645e+00,-4.147020622979e+00,1.330000000000e-02,-4.030000000000e-03,2.222196701662e+00,4.912291482572e-05
1.579647125913e+00,-4.146847086001e+00,-1.631000000000e-02,-8.272000000000e-02,4.090040961535e+00,4.216122802215e-05
5.135068251304e+00,-4.146394645952e+00,-5.910000000000e-03,-7.150000000000e-02,3.820129790233e+00,2.280122873599e-05
6.793961127176e+00,-4.145885224100e+00,1.117000000000e-02,-1.773000000000e-02,2.502576454902e+00,4.565580095219e-05
4.698785676176e+00,-4.145030776869e+00,-7.140000000000e-03,-8.057000000000e-02,4.091911485656e+00,2.276317775612e-05
5.953358176545e+00,-4.144912891081e+00,1.090000000000e-03,-4.769000000000e-02,3.188266037690e+00,3.343036734522e-05
2.738941313738e+00,-4.143828515796e+00,-1.408000000000e-02,-7.665000000000e-02,4.088577468919e+00,4.168660866109e-05
5.303430153100e+00,-4.139887221136e+00,-5.180000000000e-03,-6.763000000000e-02,3.697440853919e+00,2.544249665712e-05
7.474589235657e+00,-4.139628984963e+00,1.875000000000e-02,9.740000000000e-03,1.932577652512e+00,5.274997924785e-05
8.300136824633e+00,-4.139328176056e+00,2.813000000000e-02,4.693000000000e-02,1.216502843193e+00,6.489464062013e-05
6.472736580069e+00,-4.136592844643e+00,7.810000000000e-03,-3.036000000000e-02,2.773192589671e+00,4.004960593188e-05
3.898235501569e+00,-4.134589635236e+00,-1.086000000000e-02,-8.055000000000e-02,4.080893665947e+00,2.574827166342e-05
1.708457591227e+00,-4.134233678894e+00,-1.630000000000e-02,-8.149000000000e-02,4.077600340827e+00,4.366407444990e-05
2.867751779052e+00,-4.130869535892e+00,-1.416000000000e-02,-7.736000000000e-02,4.075791275413e+00,4.039928516720e-05
5.482601805537e+00,-4.129369056382e+00,-3.550000000000e-03,-6.367000000000e-02,3.567079429298e+00,2.776100211402e-05
7.832653980555e+00,-4.123356749421e+00,2.192000000000e-02,2.569000000000e-02,1.633622725910e+00,5.881143717032e-05
1.837268056541e+00,-4.121620271788e+00,-1.675000000000e-02,-8.103000000000e-02,4.065159720119e+00,4.483865143861e-05
4.027045966884e+00,-4.121285082535e+00,-1.072000000000e-02,-8.046000000000e-02,4.067761899645e+00,2.460678259968e-05
6.165115167067e+00,-4.119529814853e+00,3.190000000000e-03,-4.161000000000e-02,3.033632580439e+00,3.551162632667e-05
2.996562244367e+00,-4.117910555988e+00,-1.352000000000e-02,-7.791000000000e-02,4.063005081908e+00,3.889918203923e-05
5.672177018768e+00,-4.114537122309e+00,-2.170000000000e-03,-5.776000000000e-02,3.429092234842e+00,3.004965462466e-05
9.119821979155e+00,-4.113656613927e+00,5.513000000000e-02,1.265200000000e-01,5.000448564043e-01,2.660478113599e-04
1.966078521855e+00,-4.109006864681e+00,-1.684000000000e-02,-8.022000000000e-02,4.052719099411e+00,4.568510034015e-05
4.155856432199e+00,-4.107980529833e+00,-1.083000000000e-02,-8.037000000000e-02,4.054630133342e+00,2.382065450936e-05
9.567236635827e+00,-4.106396756511e+00,6.162000000000e-02,1.374000000000e-01,1.000105905561e-01,6.020863566188e-04
8.675951514215e+00,-4.105150475390e+00,3.787000000000e-02,7.672000000000e-02,8.998559406630e-01,6.826684387438e-05
3.125372709681e+00,-4.104951576084e+00,-1.323000000000e-02,-7.839000000000e-02,4.050218888402e+00,3.722818638861e-05
7.036444864342e+00,-4.101711161244e+00,1.169000000000e-02,-8.040000000000e-03,2.323714512891e+00,4.800603506708e-05
6.704684879569e+00,-4.099379774686e+00,9.490000000000e-03,-2.171000000000e-02,2.602656832302e+00,4.336512617181e-05
8.201644990931e+00,-4.097867066313e+00,2.532000000000e-02,4.147000000000e-02,1.323161487540e+00,6.423498566182e-05
2.094888987169e+00,-4.096393457575e+00,-1.687000000000e-02,-7.874000000000e-02,4.040278478703e+00,4.619729959060e-05
7.380559852874e+00,-4.095559809622e+00,1.612000000000e-02,5.360000000000e-03,2.035406933867e+00,5.085891618648e-05
5.871742108924e+00,-4.095098508472e+00,-1.020000000000e-03,-5.104000000000e-02,3.283559653342e+00,3.197218523365e-05
4.910419744584e+00,-4.094882067618e+00,-7.940000000000e-03,-7.711000000000e-02,4.021623091045e+00,1.834917517642e-05
4.284666897513e+00,-4.094675977132e+00,-1.098000000000e-02,-8.056000000000e-02,4.041498367039e+00,2.360884673010e-05
4.767883443009e+00,-4.093577310918e+00,-8.190000000000e-03,-7.997000000000e-02,4.039528914142e+00,1.380787166997e-05
5.064618225903e+00,-4.092867457265e+00,-7.440000000000e-03,-7.350000000000e-02,3.908430725755e+00,2.115220644534e-05
3.254183174996e+00,-4.091992596179e+00,-1.280000000000e-02,-7.851000000000e-02,4.037432694897e+00,3.543379306568e-05
4.637390599258e+00,-4.089286655875e+00,-8.760000000000e-03,-8.153000000000e-02,4.036204829231e+00,2.562485888600e-05
6.385943858242e+00,-4.088937037992e+00,5.070000000000e-03,-3.383000000000e-02,2.871746774824e+00,3.805480598713e-05
6.250000200012e-02,-4.088440091461e+00,1.370000000000e-03,-1.191880000000e+00,4.061748830340e+00,3.017779606667e-03
1.875000060004e-01,-4.088440091461e+00,5.180000000000e-03,-1.080510000000e+00,4.048262411673e+00,3.454340383800e-03
3.125000100005e-01,-4.088440091461e+00,8.340000000000e-03,-8.840000000000e-01,4.038601682361e+00,3.704455876965e-03
4.375000140002e-01,-4.088440091461e+00,6.120000000000e-03,-6.736800000000e-01,4.032794136299e+00,3.548327928467e-03
5.625000180001e-01,-4.088440091461e+00,3.280000000000e-03,-4.852200000000e-01,4.030856428201e+00,3.122920200211e-03
6.875000220003e-01,-4.088440091461e+00,-4.700000000000e-04,-3.313600000000e-01,4.030856428201e+00,2.437087795457e-03
8.125000260003e-01,-4.088440091461e+00,-5.720000000000e-03,-2.214000000000e-01,4.030856428201e+00,1.621145476418e-03
9.375000300001e-01,-4.088440091461e+00,-9.920000000000e-03,-1.522600000000e-01,4.030856428201e+00,8.866446684158e-04
5.230089406542e+00,-4.087209560239e+00,-6.950000000000e-03,-7.010000000000e-02,3.787535712173e+00,2.365418857585e-05
2.223699452482e+00,-4.083780050468e+00,-1.678000000000e-02,-7.790000000000e-02,4.027837857996e+00,4.637365078318e-05
1.064405264657e+00,-4.082306174306e+00,-1.256000000000e-02,-1.159100000000e-01,4.024808904246e+00,3.393642831699e-04
4.413477362828e+00,-4.081371424430e+00,-1.048000000000e-02,-8.090000000000e-02,4.028366600736e+00,2.361198451560e-05
7.736356639666e+00,-4.080570812092e+00,2.052000000000e-02,2.186000000000e-02,1.738379201599e+00,5.629452940240e-05
3.382993640311e+00,-4.079033616275e+00,-1.246000000000e-02,-7.924000000000e-02,4.024646501392e+00,3.356895555654e-05
5.406435827734e+00,-4.077594195342e+00,-5.630000000000e-03,-6.606000000000e-02,3.658943431097e+00,2.622964170728e-05
2.352509917796e+00,-4.071166643361e+00,-1.695000000000e-02,-7.782000000000e-02,4.015397237288e+00,4.621812266569e-05
9.029414661147e+00,-4.070897858249e+00,5.011000000000e-02,1.161800000000e-01,6.000538276848e-01,2.054624279438e-04
6.080876134296e+00,-4.070770597285e+00,1.310000000000e-03,-4.496000000000e-02,3.130592870834e+00,3.391973034246e-05
1.193215729971e+00,-4.070038339997e+00,-1.577000000000e-02,-9.698000000000e-02,4.012713856335e+00,6.294440849899e-05
4.542287828143e+00,-4.068066871729e+00,-9.990000000000e-03,-8.158000000000e-02,4.015234834433e+00,2.716393442973e-05
3.511804105625e+00,-4.066074636371e+00,-1.217000000000e-02,-7.945000000000e-02,4.011860307886e+00,3.169192824620e-05
9.476005747859e+00,-4.065420625607e+00,6.221000000000e-02,1.445200000000e-01,2.000211811120e-01,2.065117301414e-04
5.593252281141e+00,-4.063717103341e+00,-3.950000000000e-03,-6.086000000000e-02,3.522696567552e+00,2.849181665141e-05
8.580870964787e+00,-4.062840000302e+00,3.310000000000e-02,6.532000000000e-02,1.003840432017e+00,6.565043378524e-05
2.481320383110e+00,-4.058553236255e+00,-1.636000000000e-02,-7.678000000000e-02,4.002956616580e+00,4.574037459813e-05
1.322026195285e+00,-4.057770505688e+00,-1.660000000000e-02,-8.900000000000e-02,4.000618808425e+00,3.698796008017e-05
8.103153157228e+00,-4.056405956570e+00,2.303000000000e-02,3.628000000000e-02,1.429850623868e+00,6.270629090570e-05
6.944756117037e+00,-4.056401699509e+00,1.010000000000e-02,-1.283000000000e-02,2.425295784305e+00,4.676970635669e-05
3.640614570940e+00,-4.053115656467e+00,-1.217000000000e-02,-7.886000000000e-02,3.999074114381e+00,2.986585972903e-05
6.615408631961e+00,-4.052874325272e+00,7.240000000000e-03,-2.598000000000e-02,2.702780470414e+00,4.119736195397e-05
7.286530470092e+00,-4.051490634282e+00,1.345000000000e-02,1.090000000000e-03,2.138334310617e+00,4.927619204008e-05
2.610130848424e+00,-4.045939829148e+00,-1.559000000000e-02,-7.654000000000e-02,3.990515995872e+00,4.495596237955e-05
1.450836660599e+00,-4.045502671379e+00,-1.714000000000e-02,-8.461000000000e-02,3.988523760514e+00,4.282113801131e-05
5.790126041303e+00,-4.045284125864e+00,-3.280000000000e-03,-5.472000000000e-02,3.378871553854e+00,3.052011056418e-05
6.299151136415e+00,-4.041281231341e+00,2.620000000000e-03,-3.751000000000e-02,2.970331638547e+00,3.618144351181e-05
4.842924925965e+00,-4.040559834590e+00,-9.390000000000e-03,-7.891000000000e-02,3.986311962091e+00,1.688048975162e-05
3.769425036255e+00,-4.040156676563e+00,-1.268000000000e-02,-7.952000000000e-02,3.986287920876e+00,2.815901754873e-05
4.994168200503e+00,-4.039340268579e+00,-9.100000000000e-03,-7.577000000000e-02,3.983728473027e+00,1.967827528434e-05
4.703407290126e+00,-4.038515709426e+00,-9.800000000000e-03,-8.118000000000e-02,3.985434562701e+00,1.910418381686e-05
7.640059298777e+00,-4.037784874762e+00,1.898000000000e-02,1.680000000000e-02,1.842483265842e+00,5.386133230019e-05
5.156748659984e+00,-4.034531899342e+00,-8.740000000000e-03,-7.152000000000e-02,3.877640039492e+00,2.198266636838e-05
2.738941313738e+00,-4.033326422042e+00,-1.558000000000e-02,-7.669000000000e-02,3.978075375164e+00,4.388645358033e-05
1.579647125913e+00,-4.033234837070e+00,-1.788000000000e-02,-8.230000000000e-02,3.976428712604e+00,4.476353569361e-05
8.939007343139e+00,-4.028139102571e+00,4.502000000000e-02,1.032800000000e-01,7.000627989647e-01,1.333941977677e-04
3.898235501569e+00,-4.027197696659e+00,-1.266000000000e-02,-8.067000000000e-02,3.973501727370e+00,2.664449578894e-05
5.330269849931e+00,-4.025819334302e+00,-7.580000000000e-03,-6.798000000000e-02,3.750818869772e+00,2.457560169308e-05
9.384774859890e+00,-4.024444494702e+00,5.949000000000e-02,1.424500000000e-01,3.000317716682e-01,1.280636677137e-04
8.480258865951e+00,-4.022743931244e+00,2.921000000000e-02,5.586000000000e-02,1.112063406839e+00,6.463041472430e-05
5.996637101525e+00,-4.022011379717e+00,-1.070000000000e-03,-4.729000000000e-02,3.227575586196e+00,3.246524400519e-05
1.708457591227e+00,-4.020967002761e+00,-1.764000000000e-02,-8.084000000000e-02,3.964333664693e+00,4.621441289899e-05
2.867751779052e+00,-4.020713014935e+00,-1.572000000000e-02,-7.730000000000e-02,3.965634754456e+00,4.255944162912e-05
8.004661323526e+00,-4.014944846827e+00,2.093000000000e-02,3.130000000000e-02,1.536563900688e+00,6.055316805231e-05
4.027045966884e+00,-4.014238716755e+00,-1.255000000000e-02,-8.094000000000e-02,3.960715533865e+00,2.539087776095e-05
5.514327543514e+00,-4.012897084372e+00,-6.070000000000e-03,-6.402000000000e-02,3.616145221533e+00,2.684676832570e-05
6.853067369734e+00,-4.011092237774e+00,8.130000000000e-03,-1.694000000000e-02,2.526932862726e+00,4.503589734183e-05
1.837268056541e+00,-4.008699168451e+00,-1.788000000000e-02,-8.008000000000e-02,3.952238616783e+00,4.734635403683e-05
2.996562244367e+00,-4.008099607828e+00,-1.512000000000e-02,-7.774000000000e-02,3.953194133748e+00,4.100845004922e-05
7.192501087309e+00,-4.007421458941e+00,1.100000000000e-02,-2.900000000000e-03,2.241346268556e+00,4.809587260754e-05
6.526132384353e+00,-4.006368875858e+00,4.780000000000e-03,-2.978000000000e-02,2.802942733308e+00,3.912477093740e-05
4.155856432199e+00,-4.001279736851e+00,-1.272000000000e-02,-8.088000000000e-02,3.947929340359e+00,2.448611941132e-05
1.966078521855e+00,-3.996431334142e+00,-1.838000000000e-02,-7.933000000000e-02,3.940143568872e+00,4.815786002464e-05
3.125372709681e+00,-3.995486200722e+00,-1.466000000000e-02,-7.812000000000e-02,3.940753513040e+00,3.927274254397e-05
5.708509973682e+00,-3.995469743255e+00,-4.820000000000e-03,-5.756000000000e-02,3.474017983694e+00,2.915378072507e-05
7.543761957889e+00,-3.994998937433e+00,1.625000000000e-02,1.038000000000e-02,1.946724055908e+00,5.164699393232e-05
6.212358414589e+00,-3.993625424691e+00,9.500000000000e-04,-4.056000000000e-02,3.068944224344e+00,3.449858431979e-05
4.284666897513e+00,-3.988320756947e+00,-1.313000000000e-02,-8.117000000000e-02,3.935143146854e+00,2.399722027948e-05
4.775430107346e+00,-3.986237601563e+00,-1.104000000000e-02,-8.032000000000e-02,3.932141710893e+00,1.445660876725e-05
4.923718175102e+00,-3.985813079892e+00,-1.052000000000e-02,-7.761000000000e-02,3.930709487203e+00,1.685233524548e-05
8.848600025132e+00,-3.985380346893e+00,3.976000000000e-02,9.119000000000e-02,8.000717702446e-01,8.592148781382e-05
2.094888987169e+00,-3.984163499833e+00,-1.795000000000e-02,-7.854000000000e-02,3.928048520962e+00,4.864123124677e-05
9.293543971922e+00,-3.983468363798e+00,5.536000000000e-02,1.366300000000e-01,4.000423622244e-01,2.552839566770e-04
4.638931137242e+00,-3.983454107933e+00,-1.139000000000e-02,-8.189000000000e-02,3.930363268934e+00,1.390547208135e-05
3.254183174996e+00,-3.982872793615e+00,-1.440000000000e-02,-7.857000000000e-02,3.928312892332e+00,3.739708313879e-05
8.379646767116e+00,-3.982647862186e+00,2.554000000000e-02,4.824000000000e-02,1.220127740445e+00,6.452745679404e-05
5.083407913426e+00,-3.981854238444e+00,-1.043000000000e-02,-7.360000000000e-02,3.925924048624e+00,2.047234050797e-05
4.413477362828e+00,-3.975361777043e+00,-1.284000000000e-02,-8.140000000000e-02,3.922356953348e+00,2.326339550674e-05
5.254103872128e+00,-3.974044473262e+00,-9.730000000000e-03,-7.021000000000e-02,3.842339332205e+00,2.284094665192e-05
7.906169489823e+00,-3.973483737084e+00,1.915000000000e-02,2.714000000000e-02,1.643296615062e+00,5.804624881505e-05
6.250000200012e-02,-3.973272764941e+00,1.230000000000e-03,-1.197320000000e+00,3.947482888756e+00,3.048798763664e-03
1.875000060004e-01,-3.973272764941e+00,4.810000000000e-03,-1.088450000000e+00,3.933604727222e+00,3.491850182622e-03
3.125000100005e-01,-3.973272764941e+00,8.370000000000e-03,-8.901900000000e-01,3.923661701144e+00,3.744737402167e-03
4.375000140002e-01,-3.973272764941e+00,7.160000000000e-03,-6.763300000000e-01,3.917683772591e+00,3.583755443021e-03
5.625000180001e-01,-3.973272764941e+00,3.700000000000e-03,-4.833600000000e-01,3.915689101681e+00,3.148372778964e-03
6.875000220003e-01,-3.973272764941e+00,8.000000000000e-05,-3.260900000000e-01,3.915689101681e+00,2.446232284798e-03
8.125000260003e-01,-3.973272764941e+00,-6.200000000000e-03,-2.155000000000e-01,3.915689101681e+00,1.615096091585e-03
9.375000300001e-01,-3.973272764941e+00,-1.126000000000e-02,-1.467600000000e-01,3.915689101681e+00,8.729769986138e-04
5.912398068754e+00,-3.973252162149e+00,-3.370000000000e-03,-5.069000000000e-02,3.324578764022e+00,3.102402335160e-05
2.223699452482e+00,-3.971895665524e+00,-1.793000000000e-02,-7.728000000000e-02,3.915953473052e+00,4.879289999059e-05
3.382993640311e+00,-3.970259386508e+00,-1.429000000000e-02,-7.927000000000e-02,3.915872271625e+00,3.543151634273e-05
1.064405264657e+00,-3.967311634185e+00,-1.382000000000e-02,-1.124600000000e-01,3.909814364125e+00,3.265126886991e-04
6.761378622430e+00,-3.965782776039e+00,6.100000000000e-03,-2.059000000000e-02,2.628619274732e+00,4.242099435345e-05
9.741689002372e+00,-3.965705048342e+00,3.778000000000e-02,8.469000000000e-02,2.351057168608e-04,3.565346805803e-04
7.098471704527e+00,-3.963352283601e+00,8.870000000000e-03,-7.420000000000e-03,2.344431658476e+00,4.736005696568e-05
4.542287828143e+00,-3.962402797138e+00,-1.251000000000e-02,-8.224000000000e-02,3.909570759843e+00,2.390697634358e-05
5.435402805887e+00,-3.962077065403e+00,-8.130000000000e-03,-6.655000000000e-02,3.709270841286e+00,2.536913437662e-05
6.436856136746e+00,-3.959863426444e+00,2.190000000000e-03,-3.385000000000e-02,2.903139623162e+00,3.702428668423e-05
2.352509917796e+00,-3.959627831215e+00,-1.804000000000e-02,-7.730000000000e-02,3.903858425141e+00,4.861457435726e-05
3.511804105625e+00,-3.957645979402e+00,-1.418000000000e-02,-7.926000000000e-02,3.903431650917e+00,3.343109663518e-05
1.193215729971e+00,-3.955389372674e+00,-1.616000000000e-02,-9.520000000000e-02,3.898064889012e+00,5.925310536450e-05
7.447464617000e+00,-3.952213000103e+00,1.363000000000e-02,5.430000000000e-03,2.051080725712e+00,4.973908957484e-05
2.481320383110e+00,-3.947359996906e+00,-1.778000000000e-02,-7.717000000000e-02,3.891763377231e+00,4.811355983793e-05
6.125565692763e+00,-3.945969618040e+00,-8.300000000000e-04,-4.402000000000e-02,3.167581943100e+00,3.288327480169e-05
5.626893906061e+00,-3.945655360646e+00,-6.680000000000e-03,-6.090000000000e-02,3.568798941792e+00,2.760590865199e-05
3.640614570940e+00,-3.945032572295e+00,-1.393000000000e-02,-7.815000000000e-02,3.890991030209e+00,3.145538596766e-05
1.322026195285e+00,-3.943467111162e+00,-1.807000000000e-02,-8.717000000000e-02,3.886315413899e+00,4.046071274408e-05
8.758192707124e+00,-3.942621591215e+00,3.478000000000e-02,7.865000000000e-02,8.998697082856e-01,6.906541155330e-05
8.279034668281e+00,-3.942551793128e+00,2.267000000000e-02,4.213000000000e-02,1.328231667875e+00,6.376439116848e-05
9.202313083953e+00,-3.942492232894e+00,5.066000000000e-02,1.274700000000e-01,5.000529527806e-01,2.592091412732e-04
2.610130848424e+00,-3.935092162596e+00,-1.709000000000e-02,-7.686000000000e-02,3.879668329320e+00,4.730304174134e-05
3.769425036255e+00,-3.932419165188e+00,-1.432000000000e-02,-7.926000000000e-02,3.878550409501e+00,2.956830603428e-05
4.853268149702e+00,-3.932285891206e+00,-1.232000000000e-02,-7.908000000000e-02,3.877855370719e+00,1.610738182323e-05
7.807677656121e+00,-3.932022627341e+00,1.798000000000e-02,2.250000000000e-02,1.749226340665e+00,5.544310764604e-05
4.707935288728e+00,-3.931915368536e+00,-1.256000000000e-02,-8.135000000000e-02,3.878800486794e+00,2.047795448841e-05
1.450836660599e+00,-3.931544849650e+00,-1.865000000000e-02,-8.314000000000e-02,3.874565938786e+00,4.564008626923e-05
5.010067166868e+00,-3.929176577547e+00,-1.183000000000e-02,-7.601000000000e-02,3.873368005746e+00,1.799890965261e-05
9.649669608777e+00,-3.926527359461e+00,5.573000000000e-02,1.325300000000e-01,1.000122997618e-01,5.976682087156e-04
5.828159035982e+00,-3.924492944581e+00,-5.650000000000e-03,-5.444000000000e-02,3.421028579907e+00,2.955969725736e-05
2.738941313738e+00,-3.922824328287e+00,-1.719000000000e-02,-7.674000000000e-02,3.867573281410e+00,4.620223843825e-05
5.177937894324e+00,-3.922269612222e+00,-1.167000000000e-02,-7.172000000000e-02,3.865279828840e+00,2.130553508752e-05
6.669689875126e+00,-3.920473314304e+00,4.170000000000e-03,-2.463000000000e-02,2.730349508336e+00,4.010007730825e-05
3.898235501569e+00,-3.919805758082e+00,-1.456000000000e-02,-8.063000000000e-02,3.866109788793e+00,2.783682811563e-05
1.579647125913e+00,-3.919622588138e+00,-1.954000000000e-02,-8.186000000000e-02,3.862816463672e+00,4.748257286527e-05
7.004442321744e+00,-3.919283108260e+00,6.820000000000e-03,-1.208000000000e-02,2.447581202134e+00,4.597751341740e-05
6.347579889139e+00,-3.913357977031e+00,4.600000000000e-04,-3.714000000000e-02,3.003367674356e+00,3.505824819610e-05
5.356478068260e+00,-3.911257046434e+00,-1.026000000000e-02,-6.811000000000e-02,3.802433123921e+00,2.379066591459e-05
2.867751779052e+00,-3.910556493978e+00,-1.732000000000e-02,-7.713000000000e-02,3.855478233499e+00,4.483642405864e-05
7.351167276112e+00,-3.909427062774e+00,1.123000000000e-02,1.460000000000e-03,2.155536444951e+00,4.818791139799e-05
1.708457591227e+00,-3.907700326627e+00,-1.926000000000e-02,-8.020000000000e-02,3.851066988559e+00,4.887624062696e-05
4.027045966884e+00,-3.907192350975e+00,-1.456000000000e-02,-8.134000000000e-02,3.853669168085e+00,2.632398446096e-05
8.178422569446e+00,-3.902455724070e+00,2.026000000000e-02,3.730000000000e-02,1.436366249416e+00,6.215018128719e-05
8.661660348278e+00,-3.901896110513e+00,3.037000000000e-02,6.684000000000e-02,1.004556245836e+00,6.569273885970e-05
9.111082195985e+00,-3.901516101989e+00,4.561000000000e-02,1.172600000000e-01,6.000635433362e-01,2.082728848769e-04
6.038772970936e+00,-3.898313811390e+00,-3.150000000000e-03,-4.763000000000e-02,3.266097646078e+00,3.145427393826e-05
2.996562244367e+00,-3.898288659669e+00,-1.677000000000e-02,-7.737000000000e-02,3.843383185589e+00,4.323681784811e-05
5.545277838440e+00,-3.895840978038e+00,-8.950000000000e-03,-6.385000000000e-02,3.663623361271e+00,2.597026946352e-05
1.837268056541e+00,-3.895778065115e+00,-1.926000000000e-02,-7.902000000000e-02,3.839317513446e+00,4.996204617976e-05
4.155856432199e+00,-3.894578943868e+00,-1.471000000000e-02,-8.125000000000e-02,3.841228547377e+00,2.510449977415e-05
7.709185822418e+00,-3.890561517598e+00,1.576000000000e-02,1.753000000000e-02,1.854817137931e+00,5.293809736067e-05
9.557650215182e+00,-3.887349670580e+00,5.641000000000e-02,1.419900000000e-01,2.000245995235e-01,2.312320634523e-04
3.125372709681e+00,-3.886020825360e+00,-1.638000000000e-02,-7.765000000000e-02,3.831288137678e+00,4.144035495979e-05
1.966078521855e+00,-3.883855803603e+00,-1.967000000000e-02,-7.821000000000e-02,3.827568038333e+00,5.073597377551e-05
4.284666897513e+00,-3.881965536762e+00,-1.502000000000e-02,-8.155000000000e-02,3.828787926669e+00,2.418951753137e-05
4.782818124301e+00,-3.878758702519e+00,-1.403000000000e-02,-8.021000000000e-02,3.824628169510e+00,1.502264949004e-05
4.640440470109e+00,-3.877593135509e+00,-1.415000000000e-02,-8.198000000000e-02,3.824493651591e+00,1.541168684792e-05
4.936726420310e+00,-3.876498916650e+00,-1.338000000000e-02,-7.810000000000e-02,3.821411280733e+00,1.562419551335e-05
5.743920003211e+00,-3.875733727013e+00,-7.230000000000e-03,-5.734000000000e-02,3.517471680426e+00,2.824882531589e-05
6.910412938961e+00,-3.875213932919e+00,5.120000000000e-03,-1.689000000000e-02,2.550787116735e+00,4.411226922459e-05
6.578001127822e+00,-3.875163852569e+00,1.960000000000e-03,-2.882000000000e-02,2.832118841302e+00,3.800933512626e-05
3.254183174996e+00,-3.873752991050e+00,-1.633000000000e-02,-7.860000000000e-02,3.819193089768e+00,3.948938147253e-05
2.094888987169e+00,-3.871933542092e+00,-1.914000000000e-02,-7.760000000000e-02,3.815818563221e+00,5.118849121825e-05
5.101771916521e+00,-3.870494751182e+00,-1.343000000000e-02,-7.376000000000e-02,3.814318970666e+00,1.884658843911e-05
4.413477362828e+00,-3.869352129655e+00,-1.501000000000e-02,-8.189000000000e-02,3.816347305961e+00,2.305288293304e-05
6.258303641532e+00,-3.866852527617e+00,-9.100000000000e-04,-4.034000000000e-02,3.103623867930e+00,3.339487227929e-05
7.254869935223e+00,-3.866641125445e+00,8.290000000000e-03,-2.230000000000e-03,2.260077480138e+00,4.708613380279e-05
8.559002948595e+00,-3.863203904786e+00,2.671000000000e-02,5.740000000000e-02,1.114181901385e+00,6.456113851266e-05
8.077810470610e+00,-3.862359655011e+00,1.786000000000e-02,3.272000000000e-02,1.544525046657e+00,5.992444913686e-05
3.382993640311e+00,-3.861485156741e+00,-1.620000000000e-02,-7.929000000000e-02,3.807098041857e+00,3.743132338178e-05
9.019851308018e+00,-3.860539971086e+00,4.048000000000e-02,1.049200000000e-01,7.000741338914e-01,1.404877497787e-04
5.277553330632e+00,-3.860437027465e+00,-1.244000000000e-02,-7.017000000000e-02,3.802626084774e+00,2.216689772042e-05
2.223699452482e+00,-3.860011280580e+00,-1.910000000000e-02,-7.655000000000e-02,3.804069088108e+00,5.131398708922e-05
6.250000200012e-02,-3.858105438422e+00,1.220000000000e-03,-1.202060000000e+00,3.833270898264e+00,3.080062116168e-03
1.875000060004e-01,-3.858105438422e+00,4.390000000000e-03,-1.096410000000e+00,3.818977713011e+00,3.530060829781e-03
3.125000100005e-01,-3.858105438422e+00,7.980000000000e-03,-8.968100000000e-01,3.808735455171e+00,3.786080717310e-03
4.375000140002e-01,-3.858105438422e+00,8.020000000000e-03,-6.789300000000e-01,3.802576858457e+00,3.620200609152e-03
5.625000180001e-01,-3.858105438422e+00,3.270000000000e-03,-4.814100000000e-01,3.800521775161e+00,3.174326876388e-03
6.875000220003e-01,-3.858105438422e+00,-1.060000000000e-03,-3.211700000000e-01,3.800521775161e+00,2.455336702664e-03
8.125000260003e-01,-3.858105438422e+00,-6.860000000000e-03,-2.095100000000e-01,3.800521775161e+00,1.608810350447e-03
9.375000300001e-01,-3.858105438422e+00,-1.187000000000e-02,-1.418700000000e-01,3.800521775161e+00,8.591715407436e-04
4.542287828143e+00,-3.856738722548e+00,-1.494000000000e-02,-8.218000000000e-02,3.803906685253e+00,2.294388255374e-05
1.064405264657e+00,-3.852317094064e+00,-1.515000000000e-02,-1.084900000000e-01,3.794819824004e+00,3.139269100270e-04
5.951980249110e+00,-3.850658004739e+00,-5.800000000000e-03,-5.132000000000e-02,3.364110194416e+00,3.004877426753e-05
3.511804105625e+00,-3.849217322432e+00,-1.620000000000e-02,-7.898000000000e-02,3.795002993947e+00,3.531822985864e-05
7.610693988715e+00,-3.849100407855e+00,1.307000000000e-02,1.287000000000e-02,1.960545783527e+00,5.067901628175e-05
9.465630821587e+00,-3.848171981699e+00,5.398000000000e-02,1.413700000000e-01,3.000368992854e-01,9.700684232789e-05
2.352509917796e+00,-3.848089019068e+00,-1.906000000000e-02,-7.684000000000e-02,3.792319612995e+00,5.111194030191e-05
5.463661770819e+00,-3.846026595429e+00,-1.082000000000e-02,-6.656000000000e-02,3.758487952619e+00,2.461692273928e-05
1.193215729971e+00,-3.840740405350e+00,-1.710000000000e-02,-9.301000000000e-02,3.783415921688e+00,5.648357025478e-05
3.640614570940e+00,-3.836949488123e+00,-1.610000000000e-02,-7.778000000000e-02,3.782907946036e+00,3.320607915286e-05
2.481320383110e+00,-3.836166757556e+00,-1.909000000000e-02,-7.712000000000e-02,3.780570137882e+00,5.058737213273e-05
6.816383556179e+00,-3.831144757579e+00,3.310000000000e-03,-2.073000000000e-02,2.654042826113e+00,4.136761796830e-05
6.486312380518e+00,-3.829854390834e+00,-1.100000000000e-04,-3.312000000000e-02,2.933923204900e+00,3.583262217609e-05
1.322026195285e+00,-3.829163716636e+00,-1.909000000000e-02,-8.526000000000e-02,3.772012019373e+00,4.393751374200e-05
5.659680970440e+00,-3.826974509445e+00,-9.610000000000e-03,-6.103000000000e-02,3.613962486320e+00,2.675639871226e-05
4.712368098901e+00,-3.825231513833e+00,-1.550000000000e-02,-8.110000000000e-02,3.772042973167e+00,2.108757542488e-05
3.769425036255e+00,-3.824681653813e+00,-1.624000000000e-02,-7.884000000000e-02,3.770812898126e+00,3.115438679778e-05
8.456345548912e+00,-3.824511699059e+00,2.301000000000e-02,4.946000000000e-02,1.223648898829e+00,6.401131631745e-05
2.610130848424e+00,-3.824244496045e+00,-1.883000000000e-02,-7.678000000000e-02,3.768820662769e+00,4.975119262232e-05
7.158572594334e+00,-3.823855188115e+00,5.890000000000e-03,-6.680000000000e-03,2.364692516065e+00,4.661188097014e-05
4.863385673753e+00,-3.823821255753e+00,-1.533000000000e-02,-7.909000000000e-02,3.769229707891e+00,1.630916672159e-05
7.977198371775e+00,-3.822263585953e+00,1.633000000000e-02,2.786000000000e-02,1.652703305319e+00,5.735896383528e-05
6.169027393925e+00,-3.820347078204e+00,-3.360000000000e-03,-4.438000000000e-02,3.203702246551e+00,3.176719236859e-05
8.928620420050e+00,-3.819563840182e+00,3.556000000000e-02,9.283000000000e-02,8.000847244466e-01,9.104790358228e-05
5.025605938718e+00,-3.818719890142e+00,-1.486000000000e-02,-7.619000000000e-02,3.762772804188e+00,1.645593125643e-05
1.450836660599e+00,-3.817587027921e+00,-2.025000000000e-02,-8.162000000000e-02,3.760608117057e+00,4.855202475778e-05
3.898235501569e+00,-3.812413819504e+00,-1.650000000000e-02,-8.062000000000e-02,3.758717850215e+00,2.922453193099e-05
2.738941313738e+00,-3.812322234533e+00,-1.906000000000e-02,-7.671000000000e-02,3.757071187656e+00,4.862038959026e-05
5.198628593005e+00,-3.809617008496e+00,-1.446000000000e-02,-7.208000000000e-02,3.752669536027e+00,1.975815904397e-05
9.373611427992e+00,-3.808994292818e+00,5.055000000000e-02,1.368900000000e-01,4.000491990473e-01,2.351844003290e-04
7.512202155013e+00,-3.807639298112e+00,1.076000000000e-02,7.310000000000e-03,2.066391118182e+00,4.878490939071e-05
1.579647125913e+00,-3.806010339207e+00,-2.102000000000e-02,-8.084000000000e-02,3.749204214741e+00,5.029324501623e-05
5.865187527283e+00,-3.803002198088e+00,-7.720000000000e-03,-5.454000000000e-02,3.462179815025e+00,2.860788246160e-05
2.867751779052e+00,-3.800399973021e+00,-1.910000000000e-02,-7.677000000000e-02,3.745321712543e+00,4.721806145516e-05
4.027045966884e+00,-3.800145985195e+00,-1.677000000000e-02,-8.144000000000e-02,3.746622802305e+00,2.747365067869e-05
5.382045703199e+00,-3.796212212820e+00,-1.266000000000e-02,-6.844000000000e-02,3.737719790023e+00,2.317286079995e-05
1.708457591227e+00,-3.794433650493e+00,-2.082000000000e-02,-7.962000000000e-02,3.737800312426e+00,5.162555484250e-05
2.996562244367e+00,-3.788477711509e+00,-1.838000000000e-02,-7.701000000000e-02,3.733572237430e+00,4.557329264038e-05
4.155856432199e+00,-3.787878150886e+00,-1.710000000000e-02,-8.165000000000e-02,3.734527754394e+00,2.596306335531e-05
6.722354173396e+00,-3.787075582238e+00,1.210000000000e-03,-2.423000000000e-02,2.757342736199e+00,3.871794476469e-05
8.353688149228e+00,-3.785819493333e+00,1.981000000000e-02,4.298000000000e-02,1.333155355848e+00,6.309614849375e-05
6.394623633215e+00,-3.784544929099e+00,-2.060000000000e-03,-3.668000000000e-02,3.035759074870e+00,3.376680247947e-05
1.837268056541e+00,-3.782856961779e+00,-2.070000000000e-02,-7.811000000000e-02,3.726396410110e+00,5.266251207987e-05
9.821493817398e+00,-3.782510589907e+00,3.359000000000e-02,8.024000000000e-02,2.351057204078e-04,3.413676624989e-04
7.876586272939e+00,-3.782167516895e+00,1.486000000000e-02,2.312000000000e-02,1.759811109367e+00,5.470042702953e-05
7.062275253446e+00,-3.781069250785e+00,3.500000000000e-03,-1.157000000000e-02,2.469372147618e+00,4.521214409941e-05
8.837389532083e+00,-3.778587709278e+00,3.092000000000e-02,8.157000000000e-02,8.998842855331e-01,7.065605059380e-05
5.575441937669e+00,-3.778215291877e+00,-1.190000000000e-02,-6.387000000000e-02,3.710497275884e+00,2.522582099871e-05
3.125372709681e+00,-3.776555449998e+00,-1.813000000000e-02,-7.714000000000e-02,3.721822762316e+00,4.372088472588e-05
4.284666897513e+00,-3.775610316576e+00,-1.714000000000e-02,-8.161000000000e-02,3.722432706484e+00,2.468618131602e-05
6.079751146318e+00,-3.773841628790e+00,-6.040000000000e-03,-4.834000000000e-02,3.303297236788e+00,3.040123892082e-05
4.641918073500e+00,-3.771704325147e+00,-1.710000000000e-02,-8.199000000000e-02,3.718596560941e+00,1.522480017277e-05
1.966078521855e+00,-3.771280273064e+00,-2.106000000000e-02,-7.711000000000e-02,3.714992507795e+00,5.339709931252e-05
4.790044927195e+00,-3.771143594855e+00,-1.704000000000e-02,-7.973000000000e-02,3.716991441848e+00,1.557831628151e-05
9.281592034397e+00,-3.769816603937e+00,4.613000000000e-02,1.280200000000e-01,5.000614988092e-01,2.501425694416e-04
4.949439960915e+00,-3.766945029102e+00,-1.641000000000e-02,-7.817000000000e-02,3.711917969523e+00,1.560135008611e-05
7.413710321310e+00,-3.766178188369e+00,7.790000000000e-03,2.300000000000e-03,2.172336085221e+00,4.723894377643e-05
3.254183174996e+00,-3.764633188486e+00,-1.829000000000e-02,-7.847000000000e-02,3.710073287203e+00,4.170098244976e-05
4.413477362828e+00,-3.763342482267e+00,-1.722000000000e-02,-8.207000000000e-02,3.710337658573e+00,2.327462458416e-05
2.094888987169e+00,-3.759703584350e+00,-2.069000000000e-02,-7.642000000000e-02,3.703588605479e+00,5.381772328431e-05
5.119703855377e+00,-3.758796989527e+00,-1.621000000000e-02,-7.395000000000e-02,3.702307365148e+00,1.721114428568e-05
5.778394805457e+00,-3.755346391438e+00,-9.870000000000e-03,-5.765000000000e-02,3.560301791689e+00,2.743642455154e-05
3.382993640311e+00,-3.752710926974e+00,-1.826000000000e-02,-7.908000000000e-02,3.698323812090e+00,3.955862067237e-05
4.542287828143e+00,-3.751074647958e+00,-1.747000000000e-02,-8.178000000000e-02,3.698242610663e+00,2.252874925580e-05
2.223699452482e+00,-3.748126895636e+00,-2.024000000000e-02,-7.570000000000e-02,3.692184703164e+00,5.391662085631e-05
8.251030749545e+00,-3.747127287606e+00,1.764000000000e-02,3.744000000000e-02,1.442692287022e+00,6.145272282823e-05
5.300429635578e+00,-3.746397830212e+00,-1.483000000000e-02,-7.032000000000e-02,3.688471857144e+00,2.063554017737e-05
9.728721285456e+00,-3.745146472161e+00,4.929000000000e-02,1.270000000000e-01,1.000140988955e-01,5.918166641949e-04
6.628324790614e+00,-3.743006406898e+00,-1.260000000000e-03,-2.774000000000e-02,2.860682058702e+00,3.664927420817e-05
1.875000060004e-01,-3.742938111902e+00,4.160000000000e-03,-1.103930000000e+00,3.704384216185e+00,3.568979536938e-03
8.125000260003e-01,-3.742938111902e+00,-6.140000000000e-03,-2.040200000000e-01,3.685354448642e+00,1.602284500315e-03
9.375000300001e-01,-3.742938111902e+00,-1.242000000000e-02,-1.372000000000e-01,3.685354448642e+00,8.452241053378e-04
6.250000200012e-02,-3.742938111902e+00,1.230000000000e-03,-1.206420000000e+00,3.719117829287e+00,3.111529854752e-03
3.125000100004e-01,-3.742938111902e+00,7.620000000000e-03,-9.038200000000e-01,3.693824226479e+00,3.828539855542e-03
4.375000140001e-01,-3.742938111902e+00,8.910000000000e-03,-6.808200000000e-01,3.687473716940e+00,3.657738314584e-03
5.625000180001e-01,-3.742938111902e+00,4.060000000000e-03,-4.798000000000e-01,3.685354448642e+00,3.200775108985e-03
6.875000220003e-01,-3.742938111902e+00,-1.870000000000e-03,-3.158900000000e-01,3.685354448642e+00,2.464370092000e-03
7.775974174104e+00,-3.742071447837e+00,1.255000000000e-02,1.739000000000e-02,1.866849151160e+00,5.211808746178e-05
3.511804105625e+00,-3.740788665462e+00,-1.811000000000e-02,-7.836000000000e-02,3.686574336977e+00,3.734307752180e-05
8.739460575257e+00,-3.739474181979e+00,2.659000000000e-02,6.941000000000e-02,1.005251632230e+00,6.564089812194e-05
6.302934885912e+00,-3.739235467365e+00,-4.340000000000e-03,-4.026000000000e-02,3.137501992670e+00,3.220952794120e-05
6.965977912557e+00,-3.738283313456e+00,1.360000000000e-03,-1.615000000000e-02,2.574108494202e+00,4.301693576208e-05
1.064405264657e+00,-3.737322553944e+00,-1.543000000000e-02,-1.048600000000e-01,3.679825283883e+00,3.016183322692e-04
2.352509917796e+00,-3.736550206922e+00,-2.022000000000e-02,-7.604000000000e-02,3.680780800848e+00,5.369102455897e-05
9.189572640803e+00,-3.730638915056e+00,4.105000000000e-02,1.175300000000e-01,6.000737985706e-01,2.094957752298e-04
5.491202904898e+00,-3.729456074310e+00,-1.374000000000e-02,-6.610000000000e-02,3.670342094416e+00,2.408201886438e-05
3.640614570940e+00,-3.728866403951e+00,-1.816000000000e-02,-7.763000000000e-02,3.674824861864e+00,3.510703236804e-05
5.990474898710e+00,-3.727336179376e+00,-8.780000000000e-03,-5.239000000000e-02,3.402955068026e+00,2.911655194801e-05
1.193215729971e+00,-3.726091438027e+00,-1.834000000000e-02,-9.032000000000e-02,3.668766954365e+00,5.466836096224e-05
2.481320383110e+00,-3.724973518207e+00,-2.042000000000e-02,-7.683000000000e-02,3.669376898533e+00,5.314369442604e-05
7.315218487608e+00,-3.724717078626e+00,4.070000000000e-03,-2.300000000000e-03,2.278366785848e+00,4.599617397302e-05
4.716704180637e+00,-3.718465933958e+00,-1.854000000000e-02,-8.067000000000e-02,3.665206970291e+00,2.158956876759e-05
3.769425036255e+00,-3.716944142439e+00,-1.841000000000e-02,-7.837000000000e-02,3.663075386751e+00,3.290609523040e-05
4.873273983111e+00,-3.715170168061e+00,-1.825000000000e-02,-7.897000000000e-02,3.660439291326e+00,1.660010761602e-05
1.322026195285e+00,-3.714860322110e+00,-2.045000000000e-02,-8.326000000000e-02,3.657708624846e+00,4.740485841916e-05
2.610130848424e+00,-3.713396829493e+00,-2.042000000000e-02,-7.631000000000e-02,3.657972996217e+00,5.228331372453e-05
8.148373349862e+00,-3.708435081880e+00,1.582000000000e-02,3.294000000000e-02,1.552253241010e+00,5.921498726611e-05
5.040779117750e+00,-3.707976970558e+00,-1.794000000000e-02,-7.629000000000e-02,3.651950312753e+00,1.608122755314e-05
9.635948753514e+00,-3.707782354414e+00,5.038000000000e-02,1.380900000000e-01,2.000281977910e-01,2.562360166338e-04
5.691602083630e+00,-3.707690584787e+00,-1.266000000000e-02,-6.089000000000e-02,3.646926578439e+00,2.610173234376e-05
3.898235501569e+00,-3.705021880927e+00,-1.865000000000e-02,-8.031000000000e-02,3.651325911638e+00,3.079699204811e-05
1.450836660599e+00,-3.703629206193e+00,-2.155000000000e-02,-8.048000000000e-02,3.646650295328e+00,5.153070419547e-05
8.634833549574e+00,-3.702223258287e+00,2.278000000000e-02,5.866000000000e-02,1.116236850087e+00,6.396912486329e-05
7.675362075268e+00,-3.701975378778e+00,9.890000000000e-03,1.300000000000e-02,1.974025669563e+00,4.972106948358e-05
2.738941313738e+00,-3.701820140779e+00,-2.069000000000e-02,-7.630000000000e-02,3.646569093901e+00,5.112470957533e-05
6.534295407831e+00,-3.698937231557e+00,-3.360000000000e-03,-3.199000000000e-02,2.964056671384e+00,3.451065914281e-05
5.218813567957e+00,-3.696583447603e+00,-1.691000000000e-02,-7.231000000000e-02,3.639745983172e+00,1.808124899371e-05
6.869680571669e+00,-3.695497376127e+00,-4.400000000000e-04,-2.052000000000e-02,2.678894903687e+00,4.015313218102e-05
6.211246138609e+00,-3.693926005630e+00,-7.280000000000e-03,-4.443000000000e-02,3.238637918354e+00,3.066116518889e-05
4.027045966884e+00,-3.693099619415e+00,-1.900000000000e-02,-8.134000000000e-02,3.639576436525e+00,2.883182027662e-05
1.579647125913e+00,-3.692398090276e+00,-2.219000000000e-02,-7.965000000000e-02,3.635591965810e+00,5.317036305480e-05
9.097553247209e+00,-3.691461226175e+00,3.579000000000e-02,1.055900000000e-01,7.000860983315e-01,1.474570110694e-04
2.867751779052e+00,-3.690243452065e+00,-2.066000000000e-02,-7.627000000000e-02,3.635165191586e+00,4.968889706633e-05
7.216726653905e+00,-3.683255968883e+00,8.400000000000e-04,-6.450000000000e-03,2.384471783103e+00,4.554758903207e-05
4.155856432199e+00,-3.681177357903e+00,-1.961000000000e-02,-8.189000000000e-02,3.627826961412e+00,2.706299794562e-05
1.708457591227e+00,-3.681166974359e+00,-2.223000000000e-02,-7.882000000000e-02,3.624533636292e+00,5.443829457162e-05
5.901198651103e+00,-3.680830729962e+00,-1.066000000000e-02,-5.524000000000e-02,3.502670376422e+00,2.781740454081e-05
5.406963872126e+00,-3.680696856742e+00,-1.555000000000e-02,-6.821000000000e-02,3.621933372679e+00,2.162390814764e-05
2.996562244367e+00,-3.678666763350e+00,-2.031000000000e-02,-7.667000000000e-02,3.623761289270e+00,4.800294415172e-05
9.543176221572e+00,-3.670418236668e+00,4.841000000000e-02,1.391300000000e-01,3.000422966866e-01,6.859828678713e-05
1.837268056541e+00,-3.669935858442e+00,-2.225000000000e-02,-7.703000000000e-02,3.613475306774e+00,5.542452115355e-05
8.045715950179e+00,-3.669742876153e+00,1.357000000000e-02,2.827000000000e-02,1.661833466509e+00,5.665232939167e-05
4.284666897513e+00,-3.669255096391e+00,-1.938000000000e-02,-8.163000000000e-02,3.616077486299e+00,2.548887708231e-05
3.125372709681e+00,-3.667090074636e+00,-2.009000000000e-02,-7.671000000000e-02,3.612357386954e+00,4.609966876393e-05
4.643363434079e+00,-3.665788273061e+00,-1.986000000000e-02,-8.115000000000e-02,3.612672589973e+00,1.560001935325e-05
8.530206523892e+00,-3.664972334594e+00,1.996000000000e-02,5.032000000000e-02,1.227062825313e+00,6.340672215180e-05
4.797108005308e+00,-3.663395307021e+00,-1.990000000000e-02,-7.944000000000e-02,3.609234751206e+00,1.617251493118e-05
7.574749976433e+00,-3.661879309720e+00,6.670000000000e-03,8.250000000000e-03,2.081319272330e+00,4.762182146479e-05
5.604809361804e+00,-3.660034778137e+00,-1.489000000000e-02,-6.396000000000e-02,3.600296941430e+00,2.459927406912e-05
1.966078521855e+00,-3.658704742525e+00,-2.236000000000e-02,-7.584000000000e-02,3.602416977256e+00,5.611879735194e-05
4.413477362828e+00,-3.657332834880e+00,-1.940000000000e-02,-8.184000000000e-02,3.604328011186e+00,2.388319335201e-05
4.961854380123e+00,-3.657156951590e+00,-1.965000000000e-02,-7.805000000000e-02,3.602236003614e+00,1.581201106789e-05
3.254183174996e+00,-3.655513385921e+00,-2.036000000000e-02,-7.814000000000e-02,3.600953484639e+00,4.401720200883e-05
6.440266025049e+00,-3.654868056217e+00,-5.890000000000e-03,-3.620000000000e-02,3.067463006370e+00,3.242861971917e-05
6.773383230780e+00,-3.652711438797e+00,-2.640000000000e-03,-2.439000000000e-02,2.783725722601e+00,3.712196741932e-05
9.005533853614e+00,-3.652283537294e+00,3.141000000000e-02,9.381000000000e-02,8.000983980924e-01,9.707682925058e-05
6.119557391305e+00,-3.648616543895e+00,-9.980000000000e-03,-4.867000000000e-02,3.339843098980e+00,2.948529317231e-05
2.094888987169e+00,-3.647473626609e+00,-2.216000000000e-02,-7.540000000000e-02,3.591358647738e+00,5.650730835858e-05
5.137197500336e+00,-3.646769064994e+00,-1.895000000000e-02,-7.434000000000e-02,3.590040900235e+00,1.667928306579e-05
4.542287828143e+00,-3.645410573368e+00,-1.981000000000e-02,-8.142000000000e-02,3.592578536073e+00,2.264386966409e-05
3.382993640311e+00,-3.643936697207e+00,-2.054000000000e-02,-7.853000000000e-02,3.589549582323e+00,4.179842113962e-05
7.118234820202e+00,-3.641794859140e+00,-1.820000000000e-03,-1.136000000000e-02,2.490641581567e+00,4.399653746307e-05
2.223699452482e+00,-3.636242510692e+00,-2.153000000000e-02,-7.448000000000e-02,3.580300318220e+00,5.658004227122e-05
5.811922403496e+00,-3.634325280549e+00,-1.295000000000e-02,-5.805000000000e-02,3.572623531513e+00,2.692687215038e-05
9.450403689630e+00,-3.633054118922e+00,4.532000000000e-02,1.362400000000e-01,4.000563955823e-01,2.116867036401e-04
3.511804105625e+00,-3.632360008493e+00,-2.026000000000e-02,-7.800000000000e-02,3.578145680008e+00,3.949014528120e-05
5.322724839355e+00,-3.631937639174e+00,-1.735000000000e-02,-7.008000000000e-02,3.574033289077e+00,1.892991750828e-05
7.943058550495e+00,-3.631050670426e+00,1.167000000000e-02,2.319000000000e-02,1.770120486254e+00,5.399731071558e-05
1.875000060004e-01,-3.627770785382e+00,4.110000000000e-03,-1.111050000000e+00,3.589827446545e+00,3.608609016607e-03
8.125000260002e-01,-3.627770785382e+00,-6.310000000000e-03,-1.976200000000e-01,3.570187122122e+00,1.595510756633e-03
9.375000300001e-01,-3.627770785382e+00,-1.275000000000e-02,-1.329500000000e-01,3.570187122122e+00,8.311162733733e-04
6.250000200012e-02,-3.627770785382e+00,1.180000000000e-03,-1.210710000000e+00,3.605029279072e+00,3.143154330358e-03
3.125000100004e-01,-3.627770785382e+00,7.410000000000e-03,-9.107000000000e-01,3.578929461580e+00,3.872166453351e-03
4.375000140001e-01,-3.627770785382e+00,8.880000000000e-03,-6.826000000000e-01,3.572374712704e+00,3.696453006764e-03
5.625000180001e-01,-3.627770785382e+00,3.930000000000e-03,-4.772100000000e-01,3.570187122122e+00,3.227712486539e-03
6.875000220002e-01,-3.627770785382e+00,-1.530000000000e-03,-3.101700000000e-01,3.570187122122e+00,2.473309535756e-03
8.425579498209e+00,-3.627721410901e+00,1.723000000000e-02,4.335000000000e-02,1.337927703830e+00,6.240210805392e-05
2.352509917796e+00,-3.625011394775e+00,-2.132000000000e-02,-7.531000000000e-02,3.569241988702e+00,5.633194868461e-05
1.064405264657e+00,-3.622328013823e+00,-1.673000000000e-02,-1.014100000000e-01,3.564830743762e+00,2.895900066936e-04
7.474137877597e+00,-3.621783240662e+00,3.070000000000e-03,2.310000000000e-03,2.188712740636e+00,4.595735874628e-05
3.640614570940e+00,-3.620783319778e+00,-2.027000000000e-02,-7.735000000000e-02,3.566741777692e+00,3.714222534965e-05
2.481320383110e+00,-3.613780278858e+00,-2.164000000000e-02,-7.641000000000e-02,3.558183659183e+00,5.576352068122e-05
8.913514460020e+00,-3.613105848413e+00,2.676000000000e-02,8.237000000000e-02,8.998996723622e-01,7.307408175338e-05
5.518016639977e+00,-3.612378971486e+00,-1.642000000000e-02,-6.607000000000e-02,3.552845903379e+00,2.243968262164e-05
4.720942027505e+00,-3.611620445981e+00,-2.122000000000e-02,-8.007000000000e-02,3.558294260439e+00,2.211573247430e-05
1.193215729971e+00,-3.611442470703e+00,-1.954000000000e-02,-8.732000000000e-02,3.554117987041e+00,5.379365979648e-05
6.346236642267e+00,-3.610798880877e+00,-8.820000000000e-03,-4.021000000000e-02,3.170193040027e+00,3.116207886548e-05
6.677085889892e+00,-3.609925501468e+00,-4.700000000000e-03,-2.736000000000e-02,2.888596115924e+00,3.524463494873e-05
3.769425036255e+00,-3.609206631064e+00,-2.081000000000e-02,-7.802000000000e-02,3.555337875376e+00,3.480708290072e-05
4.882929642496e+00,-3.606336932621e+00,-2.125000000000e-02,-7.881000000000e-02,3.551488523910e+00,1.697038221257e-05
6.027868644002e+00,-3.603307082161e+00,-1.240000000000e-02,-5.278000000000e-02,3.441111424063e+00,2.847407516194e-05
2.610130848424e+00,-3.602549162941e+00,-2.190000000000e-02,-7.570000000000e-02,3.547125329665e+00,5.488123027616e-05
1.322026195285e+00,-3.600556927584e+00,-2.202000000000e-02,-8.105000000000e-02,3.543405230320e+00,5.084810764568e-05
7.019742986500e+00,-3.600333749397e+00,-3.640000000000e-03,-1.590000000000e-02,2.596868233295e+00,4.174205248876e-05
9.897853979064e+00,-3.597853763632e+00,2.862000000000e-02,7.446000000000e-02,2.351057202656e-04,3.245275171890e-04
3.898235501569e+00,-3.597629942350e+00,-2.112000000000e-02,-7.970000000000e-02,3.543933973061e+00,3.253774604108e-05
5.055581432715e+00,-3.596954682386e+00,-2.096000000000e-02,-7.626000000000e-02,3.540908206468e+00,1.608839496283e-05
9.357631157688e+00,-3.595690001175e+00,4.112000000000e-02,1.287900000000e-01,5.000704944779e-01,2.382485399976e-04
7.840401150812e+00,-3.592358464700e+00,9.110000000000e-03,1.758000000000e-02,1.878564683680e+00,5.139350463655e-05
2.738941313738e+00,-3.591318047025e+00,-2.225000000000e-02,-7.551000000000e-02,3.536067000147e+00,5.369777832614e-05
8.320952472526e+00,-3.590470487209e+00,1.464000000000e-02,3.825000000000e-02,1.448822554948e+00,6.075524476817e-05
1.450836660599e+00,-3.589671384464e+00,-2.272000000000e-02,-7.914000000000e-02,3.532692473600e+00,5.454915704397e-05
5.722646155889e+00,-3.587819831135e+00,-1.536000000000e-02,-6.080000000000e-02,3.527199798001e+00,2.517425686555e-05
4.027045966884e+00,-3.586053253635e+00,-2.139000000000e-02,-8.116000000000e-02,3.532530070745e+00,3.038236044741e-05
5.238485806584e+00,-3.583178421606e+00,-1.946000000000e-02,-7.226000000000e-02,3.525932680686e+00,1.753223545565e-05
7.373525778762e+00,-3.581687171604e+00,-5.800000000000e-04,-2.590000000000e-03,2.296192062316e+00,4.486285282605e-05
2.867751779052e+00,-3.580086931108e+00,-2.257000000000e-02,-7.560000000000e-02,3.525008670629e+00,5.223215222626e-05
1.579647125913e+00,-3.578785841345e+00,-2.354000000000e-02,-7.807000000000e-02,3.521979716879e+00,5.608759668230e-05
8.814244616942e+00,-3.575630184022e+00,2.225000000000e-02,7.245000000000e-02,1.005925907556e+00,6.587010856051e-05
4.155856432199e+00,-3.574476564921e+00,-2.209000000000e-02,-8.177000000000e-02,3.521126168429e+00,2.838844867694e-05
2.996562244367e+00,-3.568855815191e+00,-2.256000000000e-02,-7.633000000000e-02,3.513950341111e+00,5.050948580489e-05
1.708457591227e+00,-3.567900298226e+00,-2.395000000000e-02,-7.746000000000e-02,3.511266960158e+00,5.728912048524e-05
6.580788549003e+00,-3.567139564138e+00,-7.040000000000e-03,-3.126000000000e-02,2.993501924466e+00,3.335619813554e-05
6.252207259486e+00,-3.566729705537e+00,-1.151000000000e-02,-4.458000000000e-02,3.272902258696e+00,2.985633580382e-05
5.431223918151e+00,-3.564723164836e+00,-1.800000000000e-02,-6.777000000000e-02,3.505848604170e+00,2.001192726812e-05
4.284666897513e+00,-3.562899876207e+00,-2.167000000000e-02,-8.155000000000e-02,3.509722266114e+00,2.656741550566e-05
9.804363965574e+00,-3.562317652091e+00,4.247000000000e-02,1.211000000000e-01,1.000159879514e-01,5.847258654328e-04
4.644776049702e+00,-3.559845584941e+00,-2.209000000000e-02,-8.008000000000e-02,3.506722340735e+00,1.628119480401e-05
6.921251152797e+00,-3.558872639654e+00,-5.240000000000e-03,-1.952000000000e-02,2.703145035735e+00,3.886937557580e-05
9.264858625746e+00,-3.558325883429e+00,3.646000000000e-02,1.176600000000e-01,6.000845933731e-01,2.085263885703e-04
5.936179896698e+00,-3.557997620426e+00,-1.413000000000e-02,-5.571000000000e-02,3.495360179155e+00,2.724420702474e-05
3.125372709681e+00,-3.557624699274e+00,-2.199000000000e-02,-7.643000000000e-02,3.502892011593e+00,4.856073132718e-05
1.837268056541e+00,-3.557014755106e+00,-2.384000000000e-02,-7.585000000000e-02,3.500554203438e+00,5.822353417760e-05
4.804004904868e+00,-3.555516913652e+00,-2.251000000000e-02,-7.899000000000e-02,3.501361396536e+00,1.690884046793e-05
7.737743751128e+00,-3.553666258973e+00,6.400000000000e-03,1.238000000000e-02,1.987147519101e+00,4.894251926839e-05
8.216325446844e+00,-3.553219563516e+00,1.235000000000e-02,3.332000000000e-02,1.559740985681e+00,5.855298053255e-05
4.413477362828e+00,-3.551323187492e+00,-2.161000000000e-02,-8.142000000000e-02,3.498318363798e+00,2.479887567977e-05
4.973965365094e+00,-3.547140299777e+00,-2.264000000000e-02,-7.804000000000e-02,3.491989181616e+00,1.614966452641e-05
3.254183174996e+00,-3.546393583357e+00,-2.218000000000e-02,-7.743000000000e-02,3.491833682074e+00,4.642217110485e-05
1.966078521855e+00,-3.546129211987e+00,-2.388000000000e-02,-7.466000000000e-02,3.489841446717e+00,5.887729046328e-05
7.272913679926e+00,-3.541591102545e+00,-3.680000000000e-03,-7.180000000000e-03,2.403745721044e+00,4.570341093555e-05
5.633369908282e+00,-3.541314381721e+00,-1.747000000000e-02,-6.366000000000e-02,3.481023505078e+00,2.290510133956e-05
8.707724324381e+00,-3.539856544121e+00,1.875000000000e-02,6.122000000000e-02,1.118226231082e+00,6.343006291618e-05
4.542287828143e+00,-3.539746498778e+00,-2.201000000000e-02,-8.105000000000e-02,3.486914461483e+00,2.314671269112e-05
2.094888987169e+00,-3.535243668867e+00,-2.367000000000e-02,-7.433000000000e-02,3.479128689996e+00,5.923425928152e-05
3.382993640311e+00,-3.535162467440e+00,-2.249000000000e-02,-7.787000000000e-02,3.480775352556e+00,4.413475436087e-05
5.154246773813e+00,-3.534419204038e+00,-2.194000000000e-02,-7.467000000000e-02,3.477528458953e+00,1.654606625193e-05
9.710873952084e+00,-3.526781540549e+00,4.419000000000e-02,1.335100000000e-01,2.000319759028e-01,2.810021636789e-04
2.223699452482e+00,-3.524358125748e+00,-2.313000000000e-02,-7.349000000000e-02,3.468415933276e+00,5.928210683516e-05
6.484491208115e+00,-3.524353626809e+00,-9.950000000000e-03,-3.613000000000e-02,3.098034928666e+00,3.143634329089e-05
3.511804105625e+00,-3.523931351523e+00,-2.268000000000e-02,-7.764000000000e-02,3.469717023038e+00,4.174318194335e-05
6.158177876703e+00,-3.522660530196e+00,-1.393000000000e-02,-4.871000000000e-02,3.375680925829e+00,2.889362053077e-05
9.172086093805e+00,-3.520961765683e+00,3.085000000000e-02,1.053700000000e-01,7.000986922677e-01,1.536995361405e-04
6.822759319095e+00,-3.517411529911e+00,-7.330000000000e-03,-2.358000000000e-02,2.809466297572e+00,3.567819685527e-05
5.344431196325e+00,-3.517067358185e+00,-1.982000000000e-02,-6.986000000000e-02,3.459323536918e+00,1.847290789305e-05
8.111698421161e+00,-3.515968639824e+00,1.020000000000e-02,2.878000000000e-02,1.670500012735e+00,5.606221100587e-05
7.635086351445e+00,-3.514974053246e+00,3.110000000000e-03,7.840000000000e-03,2.095847444725e+00,4.729218996098e-05
2.352509917796e+00,-3.513472582629e+00,-2.263000000000e-02,-7.426000000000e-02,3.457703176555e+00,5.901345594211e-05
3.640614570940e+00,-3.512700235606e+00,-2.273000000000e-02,-7.716000000000e-02,3.458658693520e+00,3.929499862303e-05
5.844491149395e+00,-3.512688158691e+00,-1.585000000000e-02,-5.845000000000e-02,3.451080059485e+00,2.553659632938e-05
1.875000060004e-01,-3.512603458863e+00,3.940000000000e-03,-1.117790000000e+00,3.475311036009e+00,3.648947520631e-03
3.125000100004e-01,-3.512603458863e+00,6.980000000000e-03,-9.177800000000e-01,3.464052798675e+00,3.917007693694e-03
8.125000260002e-01,-3.512603458863e+00,-7.060000000000e-03,-1.904300000000e-01,3.455019795603e+00,1.588471522361e-03
9.375000300001e-01,-3.512603458863e+00,-1.355000000000e-02,-1.277900000000e-01,3.455019795603e+00,8.168016095996e-04
6.250000200012e-02,-3.512603458863e+00,1.000000000000e-03,-1.214690000000e+00,3.491011573170e+00,3.174879920840e-03
4.375000140001e-01,-3.512603458863e+00,9.440000000000e-03,-6.847900000000e-01,3.457280258962e+00,3.736441702758e-03
5.625000180001e-01,-3.512603458863e+00,4.850000000000e-03,-4.767700000000e-01,3.455019795603e+00,3.255135301669e-03
6.875000220002e-01,-3.512603458863e+00,-1.010000000000e-03,-3.042400000000e-01,3.455019795603e+00,2.482144963655e-03
1.064405264657e+00,-3.507333473702e+00,-1.736000000000e-02,-9.771000000000e-02,3.449836203641e+00,2.778344033408e-04
4.725080167241e+00,-3.504696894683e+00,-2.335000000000e-02,-7.905000000000e-02,3.451306650037e+00,2.275721908530e-05
8.601204031820e+00,-3.504082904220e+00,1.630000000000e-02,5.176000000000e-02,1.230366194268e+00,6.273210551425e-05
2.481320383110e+00,-3.502587039509e+00,-2.308000000000e-02,-7.579000000000e-02,3.446990419834e+00,5.842650581039e-05
7.172301581091e+00,-3.501495033487e+00,-5.910000000000e-03,-1.145000000000e-02,2.511364165987e+00,4.472573793245e-05
3.769425036255e+00,-3.501469119689e+00,-2.312000000000e-02,-7.762000000000e-02,3.447600364002e+00,3.684015292359e-05
4.892349297473e+00,-3.497325917168e+00,-2.373000000000e-02,-7.859000000000e-02,3.442381898761e+00,1.748303413472e-05
1.193215729971e+00,-3.496793503380e+00,-2.077000000000e-02,-8.412000000000e-02,3.439469019718e+00,5.379505194827e-05
5.544093660675e+00,-3.494808932308e+00,-1.896000000000e-02,-6.597000000000e-02,3.435041474603e+00,2.114785999438e-05
2.610130848424e+00,-3.491701496390e+00,-2.349000000000e-02,-7.500000000000e-02,3.436277663114e+00,5.752550463089e-05
9.617383938593e+00,-3.491245429008e+00,4.304000000000e-02,1.372200000000e-01,3.000479638543e-01,5.520597978707e-05
3.898235501569e+00,-3.490238003772e+00,-2.378000000000e-02,-7.909000000000e-02,3.436542034483e+00,3.442880536267e-05
1.322026195285e+00,-3.486253533058e+00,-2.328000000000e-02,-7.916000000000e-02,3.429101835794e+00,5.424951844420e-05
5.070007741042e+00,-3.485659986470e+00,-2.374000000000e-02,-7.643000000000e-02,3.429654417889e+00,1.625630741309e-05
9.079313561864e+00,-3.483597647937e+00,2.697000000000e-02,9.495000000000e-02,8.001127911623e-01,1.037546877614e-04
6.388193867228e+00,-3.481567689480e+00,-1.288000000000e-02,-4.071000000000e-02,3.202202490988e+00,3.043637921013e-05
2.738941313738e+00,-3.480815953270e+00,-2.389000000000e-02,-7.430000000000e-02,3.425564906393e+00,5.632103000559e-05
4.027045966884e+00,-3.479006887855e+00,-2.384000000000e-02,-8.078000000000e-02,3.425483704965e+00,3.210618801096e-05
8.007071395478e+00,-3.478717716131e+00,7.770000000000e-03,2.373000000000e-02,1.780142144512e+00,5.351609269585e-05
6.064148493921e+00,-3.478591354856e+00,-1.600000000000e-02,-5.262000000000e-02,3.415009688811e+00,2.737744055138e-05
7.532428951762e+00,-3.476281847520e+00,-5.400000000000e-04,2.440000000000e-03,2.204647141253e+00,4.657307649699e-05
6.724267485392e+00,-3.475950420168e+00,-9.560000000000e-03,-2.725000000000e-02,2.915827155376e+00,3.444578567214e-05
1.450836660599e+00,-3.475713562736e+00,-2.422000000000e-02,-7.748000000000e-02,3.418734651871e+00,5.757914442602e-05
2.867751779052e+00,-3.469930410151e+00,-2.457000000000e-02,-7.477000000000e-02,3.414852149672e+00,5.483006433847e-05
5.257638474498e+00,-3.469411551535e+00,-2.259000000000e-02,-7.257000000000e-02,3.411851455400e+00,1.727866152138e-05
8.494683739260e+00,-3.468309264319e+00,1.398000000000e-02,4.455000000000e-02,1.342544111824e+00,6.158809920142e-05
4.155856432199e+00,-3.467775771938e+00,-2.443000000000e-02,-8.140000000000e-02,3.414425375447e+00,2.991777883082e-05
5.752802402092e+00,-3.467378696956e+00,-1.781000000000e-02,-6.101000000000e-02,3.406301103146e+00,2.353606772598e-05
1.579647125913e+00,-3.465173592414e+00,-2.496000000000e-02,-7.655000000000e-02,3.408367467948e+00,5.901726668504e-05
7.071689482255e+00,-3.461398964429e+00,-7.730000000000e-03,-1.538000000000e-02,2.619039410804e+00,4.141348410287e-05
2.996562244367e+00,-3.459044867031e+00,-2.463000000000e-02,-7.585000000000e-02,3.404139392951e+00,5.307585667581e-05
4.284666897513e+00,-3.456544656022e+00,-2.409000000000e-02,-8.114000000000e-02,3.403367045929e+00,2.788918594363e-05
9.523893925103e+00,-3.455709317466e+00,4.011000000000e-02,1.345100000000e-01,4.000639518059e-01,1.840939296124e-04
1.708457591227e+00,-3.454633622092e+00,-2.537000000000e-02,-7.560000000000e-02,3.398000284025e+00,6.015119381434e-05
4.646155429614e+00,-3.453876875714e+00,-2.410000000000e-02,-7.938000000000e-02,3.400746424101e+00,1.726924219323e-05
5.454817413068e+00,-3.448303482894e+00,-2.047000000000e-02,-6.757000000000e-02,3.389480043742e+00,1.954309080190e-05
3.125372709681e+00,-3.448159323912e+00,-2.414000000000e-02,-7.635000000000e-02,3.393426636231e+00,5.108757974264e-05
4.810733229852e+00,-3.447511534560e+00,-2.446000000000e-02,-7.826000000000e-02,3.393374757855e+00,1.783004848600e-05
8.986541029922e+00,-3.446233530191e+00,2.282000000000e-02,8.336000000000e-02,8.999158687500e-01,7.636047304146e-05
4.413477362828e+00,-3.445313540105e+00,-2.395000000000e-02,-8.106000000000e-02,3.392308716411e+00,2.597245887556e-05
1.837268056541e+00,-3.444093651770e+00,-2.559000000000e-02,-7.437000000000e-02,3.387633100101e+00,6.103342165106e-05
7.902444369795e+00,-3.441466792438e+00,5.200000000000e-03,1.828000000000e-02,1.889949922200e+00,5.107678949236e-05
6.291896526340e+00,-3.438781752151e+00,-1.561000000000e-02,-4.459000000000e-02,3.306446551199e+00,2.869213218723e-05
7.429771552078e+00,-3.437589641793e+00,-4.120000000000e-03,-3.280000000000e-03,2.313532532795e+00,4.593730579476e-05
3.254183174996e+00,-3.437273780792e+00,-2.408000000000e-02,-7.697000000000e-02,3.382713879510e+00,4.889980255658e-05
4.985768708271e+00,-3.436900768902e+00,-2.511000000000e-02,-7.799000000000e-02,3.381523336378e+00,1.663615687654e-05
5.970119111139e+00,-3.434522179516e+00,-1.738000000000e-02,-5.587000000000e-02,3.371958770416e+00,2.555024264711e-05
6.625775651690e+00,-3.434489310425e+00,-1.184000000000e-02,-3.104000000000e-02,3.022223428655e+00,3.227514256894e-05
4.542287828143e+00,-3.434082424188e+00,-2.437000000000e-02,-8.074000000000e-02,3.381250386892e+00,2.397828059193e-05
1.966078521855e+00,-3.433553681448e+00,-2.531000000000e-02,-7.326000000000e-02,3.377265916178e+00,6.164715066144e-05
8.388163446699e+00,-3.432535624418e+00,1.093000000000e-02,3.931000000000e-02,1.454751203631e+00,5.990854194138e-05
3.382993640311e+00,-3.426388237673e+00,-2.414000000000e-02,-7.729000000000e-02,3.372001122789e+00,4.655175229183e-05
2.094888987169e+00,-3.423013711126e+00,-2.507000000000e-02,-7.311000000000e-02,3.366898732255e+00,6.197390462239e-05
5.661113654788e+00,-3.422069235222e+00,-2.019000000000e-02,-6.360000000000e-02,3.361435928652e+00,2.209640831376e-05
5.170845752672e+00,-3.421755744884e+00,-2.476000000000e-02,-7.490000000000e-02,3.364779215074e+00,1.657067594055e-05
6.971077383420e+00,-3.421302895371e+00,-9.940000000000e-03,-1.865000000000e-02,2.726764726714e+00,3.737453265916e-05
9.430403911613e+00,-3.420173205925e+00,3.601000000000e-02,1.286500000000e-01,5.000799397574e-01,2.228028906333e-04
3.511804105625e+00,-3.415502694553e+00,-2.434000000000e-02,-7.694000000000e-02,3.361288366068e+00,4.408633362697e-05
2.223699452482e+00,-3.412473740804e+00,-2.480000000000e-02,-7.284000000000e-02,3.356531548332e+00,6.199897861140e-05
9.970742705595e+00,-3.411799334227e+00,2.528000000000e-02,6.896000000000e-02,2.351057206429e-04,3.057200577707e-04
8.885986492662e+00,-3.410420579423e+00,1.899000000000e-02,7.331000000000e-02,1.006578416440e+00,6.642387066811e-05
3.640614570940e+00,-3.404617151434e+00,-2.468000000000e-02,-7.696000000000e-02,3.350575609348e+00,4.154926756619e-05
7.797817344112e+00,-3.404215868746e+00,1.600000000000e-03,1.253000000000e-02,1.999896060754e+00,4.888474868728e-05
2.352509917796e+00,-3.401933770482e+00,-2.427000000000e-02,-7.321000000000e-02,3.346164364408e+00,6.171261987543e-05
5.365541165461e+00,-3.401798033480e+00,-2.320000000000e-02,-7.013000000000e-02,3.343656570141e+00,1.815183060555e-05
7.327114152395e+00,-3.398897436067e+00,-6.510000000000e-03,-7.850000000000e-03,2.422492064002e+00,4.488494082246e-05
4.729117162231e+00,-3.397697151951e+00,-2.528000000000e-02,-7.821000000000e-02,3.344245969115e+00,2.355116235320e-05
6.250000200012e-02,-3.397436132343e+00,8.700000000000e-04,-1.218160000000e+00,3.377071887188e+00,3.206643572380e-03
1.875000060004e-01,-3.397436132343e+00,3.710000000000e-03,-1.123980000000e+00,3.360839110139e+00,3.689991549515e-03
3.125000100004e-01,-3.397436132343e+00,6.820000000000e-03,-9.247700000000e-01,3.349196100445e+00,3.963113183002e-03
4.375000140001e-01,-3.397436132343e+00,9.340000000000e-03,-6.871100000000e-01,3.342190825826e+00,3.777842509398e-03
5.625000180001e-01,-3.397436132343e+00,5.050000000000e-03,-4.749900000000e-01,3.339852469083e+00,3.282978222963e-03
6.875000220002e-01,-3.397436132343e+00,-1.770000000000e-03,-2.983900000000e-01,3.339852469083e+00,2.490842990975e-03
8.125000260002e-01,-3.397436132343e+00,-9.100000000000e-03,-1.813900000000e-01,3.339852469083e+00,1.581187117959e-03
9.375000300001e-01,-3.397436132343e+00,-1.461000000000e-02,-1.221400000000e-01,3.339852469083e+00,8.022280859519e-04
8.281643154138e+00,-3.396761984517e+00,7.830000000000e-03,3.465000000000e-02,1.566981202446e+00,5.773480608137e-05
6.195599185452e+00,-3.395995814822e+00,-1.802000000000e-02,-4.842000000000e-02,3.331462568319e+00,2.713170857345e-05
3.769425036255e+00,-3.393731608314e+00,-2.512000000000e-02,-7.731000000000e-02,3.339862852627e+00,3.898863177710e-05
6.527283817988e+00,-3.393028200682e+00,-1.482000000000e-02,-3.583000000000e-02,3.127824370097e+00,2.970069591884e-05
1.064405264657e+00,-3.392338933581e+00,-1.857000000000e-02,-9.351000000000e-02,3.334841663520e+00,2.663439042157e-04
2.481320383110e+00,-3.391393800160e+00,-2.459000000000e-02,-7.439000000000e-02,3.335797180485e+00,6.111068778024e-05
5.876089728357e+00,-3.390453004175e+00,-1.881000000000e-02,-5.843000000000e-02,3.328533164019e+00,2.432276070941e-05
4.901529675499e+00,-3.388141551334e+00,-2.571000000000e-02,-7.802000000000e-02,3.333124005581e+00,1.817736208318e-05
9.336913898123e+00,-3.384637094384e+00,3.138000000000e-02,1.182800000000e-01,6.000959277085e-01,2.046231429216e-04
3.898235501569e+00,-3.382846065195e+00,-2.595000000000e-02,-7.841000000000e-02,3.329150095906e+00,3.645236580206e-05
1.193215729971e+00,-3.382144536056e+00,-2.242000000000e-02,-8.070000000000e-02,3.324820052394e+00,5.456453419597e-05
6.870465284585e+00,-3.381206826312e+00,-1.243000000000e-02,-2.221000000000e-02,2.834534404930e+00,3.375997413798e-05
2.610130848424e+00,-3.380853829838e+00,-2.531000000000e-02,-7.420000000000e-02,3.325429996562e+00,6.019516818455e-05
9.876571143257e+00,-3.378104964454e+00,3.866000000000e-02,1.153000000000e-01,1.000179669238e-01,5.764685011620e-04
5.569424907485e+00,-3.376759773487e+00,-2.191000000000e-02,-6.588000000000e-02,3.316944806978e+00,2.061118881203e-05
8.777649950083e+00,-3.376158795634e+00,1.511000000000e-02,6.330000000000e-02,1.120148115224e+00,6.286824477056e-05
5.084053030846e+00,-3.374099938233e+00,-2.635000000000e-02,-7.648000000000e-02,3.318197169277e+00,1.659076151768e-05
4.027045966884e+00,-3.371960522075e+00,-2.620000000000e-02,-8.001000000000e-02,3.318437339185e+00,3.398364307380e-05
1.322026195285e+00,-3.371950138531e+00,-2.457000000000e-02,-7.702000000000e-02,3.314798441268e+00,5.758821500594e-05
2.738941313738e+00,-3.370313859516e+00,-2.568000000000e-02,-7.327000000000e-02,3.315062812639e+00,5.897448938538e-05
7.693190318429e+00,-3.366964945053e+00,-1.900000000000e-03,7.660000000000e-03,2.109958931083e+00,4.725753083642e-05
1.450836660599e+00,-3.361755741007e+00,-2.551000000000e-02,-7.558000000000e-02,3.304776830142e+00,6.059106815551e-05
4.155856432199e+00,-3.361074978956e+00,-2.667000000000e-02,-8.073000000000e-02,3.307724582465e+00,3.162771090954e-05
8.175122861577e+00,-3.360988344616e+00,4.950000000000e-03,3.038000000000e-02,1.678902032902e+00,5.532068933459e-05
7.224456752712e+00,-3.360205230340e+00,-8.490000000000e-03,-1.146000000000e-02,2.531516161708e+00,4.259245735190e-05
2.867751779052e+00,-3.359773889194e+00,-2.628000000000e-02,-7.353000000000e-02,3.304695628715e+00,5.746362096474e-05
5.276264917854e+00,-3.355292584067e+00,-2.578000000000e-02,-7.278000000000e-02,3.297512708994e+00,1.716759352523e-05
6.099301844564e+00,-3.353209877493e+00,-2.007000000000e-02,-5.241000000000e-02,3.289717853235e+00,2.598204010313e-05
6.428791984286e+00,-3.351567090939e+00,-1.757000000000e-02,-4.030000000000e-02,3.233486653069e+00,2.852183186726e-05
1.579647125913e+00,-3.351561343482e+00,-2.634000000000e-02,-7.524000000000e-02,3.294755219016e+00,6.193017862342e-05
4.284666897513e+00,-3.350189435837e+00,-2.633000000000e-02,-8.058000000000e-02,3.297011825744e+00,2.942257080885e-05
2.996562244367e+00,-3.349233918872e+00,-2.656000000000e-02,-7.511000000000e-02,3.294328444792e+00,5.568394506937e-05
9.243423884633e+00,-3.349100982842e+00,2.624000000000e-02,1.051100000000e-01,7.001119156590e-01,1.584491019693e-04
4.647501094610e+00,-3.347882769342e+00,-2.652000000000e-02,-7.909000000000e-02,3.294745459576e+00,1.852659410178e-05
5.782060345575e+00,-3.346383828835e+00,-2.112000000000e-02,-6.119000000000e-02,3.284876340664e+00,2.298078654129e-05
9.782399580920e+00,-3.344410594680e+00,4.041000000000e-02,1.288800000000e-01,2.000359338476e-01,3.049010520733e-04
8.669313407504e+00,-3.341897011844e+00,1.183000000000e-02,5.417000000000e-02,1.233555844750e+00,6.196015712163e-05
1.708457591227e+00,-3.341366945958e+00,-2.697000000000e-02,-7.393000000000e-02,3.284733607891e+00,6.299590954329e-05
6.769853185749e+00,-3.341110757254e+00,-1.465000000000e-02,-2.658000000000e-02,2.942343570861e+00,3.203959570390e-05
4.817290642728e+00,-3.339382333766e+00,-2.642000000000e-02,-7.777000000000e-02,3.285278302962e+00,1.894958752941e-05
4.413477362828e+00,-3.339303892717e+00,-2.617000000000e-02,-8.055000000000e-02,3.286299069023e+00,2.736593494935e-05
3.125372709681e+00,-3.338693948550e+00,-2.627000000000e-02,-7.617000000000e-02,3.283961260869e+00,5.366290817349e-05
5.477736160182e+00,-3.331450311752e+00,-2.382000000000e-02,-6.799000000000e-02,3.272746388997e+00,1.913822580976e-05
1.837268056541e+00,-3.331172548433e+00,-2.673000000000e-02,-7.265000000000e-02,3.274711996765e+00,6.382612342318e-05
7.588563292747e+00,-3.329714021360e+00,-4.920000000000e-03,2.720000000000e-03,2.220121172262e+00,4.588475203856e-05
4.542287828143e+00,-3.328418349598e+00,-2.692000000000e-02,-8.041000000000e-02,3.275586312302e+00,2.509240566483e-05
3.254183174996e+00,-3.328153978228e+00,-2.618000000000e-02,-7.658000000000e-02,3.273594076945e+00,5.143346642425e-05
4.997260309019e+00,-3.326444131583e+00,-2.726000000000e-02,-7.741000000000e-02,3.270873042213e+00,1.730584406540e-05
8.068602569016e+00,-3.325214704715e+00,2.410000000000e-03,2.533000000000e-02,1.789864422747e+00,5.289355173877e-05
7.121799353028e+00,-3.321513024613e+00,-1.104000000000e-02,-1.514000000000e-02,2.640596828525e+00,3.789012157877e-05
1.966078521855e+00,-3.320978150909e+00,-2.631000000000e-02,-7.188000000000e-02,3.264690385639e+00,6.440092577148e-05
3.382993640311e+00,-3.317614007906e+00,-2.594000000000e-02,-7.652000000000e-02,3.263226893022e+00,4.903329301685e-05
9.149933871144e+00,-3.313564871301e+00,2.267000000000e-02,9.522000000000e-02,8.001279036096e-01,1.106661408311e-04
2.094888987169e+00,-3.310783753384e+00,-2.602000000000e-02,-7.178000000000e-02,3.254668774513e+00,6.469950993627e-05
9.688228018582e+00,-3.310716224907e+00,3.961000000000e-02,1.335900000000e-01,3.000539007715e-01,7.221378686675e-05
6.003004503676e+00,-3.310423940163e+00,-2.082000000000e-02,-5.550000000000e-02,3.247592424530e+00,2.490474411571e-05
6.330300150584e+00,-3.310105981197e+00,-1.992000000000e-02,-4.422000000000e-02,3.244625662671e+00,2.731567178937e-05
5.186988670246e+00,-3.308787134653e+00,-2.757000000000e-02,-7.468000000000e-02,3.251802672095e+00,1.676928850573e-05
8.560976864925e+00,-3.307635228055e+00,9.000000000000e-03,4.625000000000e-02,1.347000221517e+00,6.071613126188e-05
3.511804105626e+00,-3.307074037584e+00,-2.600000000000e-02,-7.622000000000e-02,3.252859709099e+00,4.650377033764e-05
5.688030962793e+00,-3.302314653495e+00,-2.347000000000e-02,-6.383000000000e-02,3.241551705909e+00,2.156161827170e-05
6.669241086914e+00,-3.301014688196e+00,-1.665000000000e-02,-3.087000000000e-02,3.049858264306e+00,3.008016547280e-05
2.223699452482e+00,-3.300589355860e+00,-2.600000000000e-02,-7.210000000000e-02,3.244647163388e+00,6.470476227506e-05
3.640614570940e+00,-3.296534067262e+00,-2.655000000000e-02,-7.645000000000e-02,3.242492525175e+00,4.388919280054e-05
7.483936267064e+00,-3.292463097668e+00,-7.270000000000e-03,-2.640000000000e-03,2.330368691825e+00,4.511792776981e-05
4.733051609957e+00,-3.290623116198e+00,-2.753000000000e-02,-7.787000000000e-02,3.237114070783e+00,2.451449193666e-05
2.352509917796e+00,-3.290394958335e+00,-2.587000000000e-02,-7.235000000000e-02,3.234625552262e+00,6.440449398554e-05
7.962082276455e+00,-3.289441064813e+00,-5.400000000000e-04,1.904000000000e-02,1.900991825239e+00,5.062525936927e-05
5.386047412878e+00,-3.286140850018e+00,-2.640000000000e-02,-7.026000000000e-02,3.227645237473e+00,1.795269646118e-05
3.769425036255e+00,-3.285994096940e+00,-2.715000000000e-02,-7.690000000000e-02,3.232125341252e+00,4.123622228029e-05
7.019141953345e+00,-3.282820818887e+00,-1.389000000000e-02,-1.836000000000e-02,2.749727332233e+00,3.478646180562e-05
6.250000200012e-02,-3.282268805823e+00,7.900000000000e-04,-1.221100000000e+00,3.263218393652e+00,3.238374197513e-03
1.875000060004e-01,-3.282268805823e+00,3.470000000000e-03,-1.130130000000e+00,3.246416374661e+00,3.731737528893e-03
3.125000100004e-01,-3.282268805823e+00,7.290000000000e-03,-9.318100000000e-01,3.234361493814e+00,4.010541451649e-03
4.375000140001e-01,-3.282268805823e+00,8.880000000000e-03,-6.903700000000e-01,3.227106950453e+00,3.820698106741e-03
5.625000180001e-01,-3.282268805823e+00,5.830000000000e-03,-4.733700000000e-01,3.224685142563e+00,3.311308408205e-03
6.875000220002e-01,-3.282268805823e+00,-1.870000000000e-03,-2.917300000000e-01,3.224685142563e+00,2.499396437852e-03
8.125000260002e-01,-3.282268805823e+00,-9.700000000000e-03,-1.731100000000e-01,3.224685142563e+00,1.573590712283e-03
9.375000300001e-01,-3.282268805823e+00,-1.542000000000e-02,-1.159200000000e-01,3.224685142563e+00,7.873733565534e-04
2.481320383110e+00,-3.280200560811e+00,-2.609000000000e-02,-7.272000000000e-02,3.224603941136e+00,6.379215625825e-05
4.910467587193e+00,-3.278788324932e+00,-2.778000000000e-02,-7.729000000000e-02,3.223719538211e+00,1.907607464652e-05
9.056443857654e+00,-3.278028759760e+00,1.884000000000e-02,8.551000000000e-02,8.999328746534e-01,8.050713279695e-05
1.064405264657e+00,-3.277344393459e+00,-1.961000000000e-02,-8.951000000000e-02,3.219847123399e+00,2.551247245322e-04
9.594056456244e+00,-3.277021855133e+00,3.630000000000e-02,1.319800000000e-01,4.000718676955e-01,1.523946656066e-04
3.898235501569e+00,-3.275454126618e+00,-2.800000000000e-02,-7.773000000000e-02,3.221758157329e+00,3.859104748348e-05
8.452640322346e+00,-3.273373444265e+00,6.070000000000e-03,4.021000000000e-02,1.460472705663e+00,5.902603612755e-05
2.610130848424e+00,-3.270006163286e+00,-2.661000000000e-02,-7.283000000000e-02,3.214582330010e+00,6.286740721889e-05
6.231808316882e+00,-3.268644871454e+00,-2.220000000000e-02,-4.825000000000e-02,3.204256268593e+00,2.637169600223e-05
5.906707162787e+00,-3.267638002834e+00,-2.246000000000e-02,-5.836000000000e-02,3.205226136575e+00,2.374301622654e-05
1.193215729971e+00,-3.267495568732e+00,-2.338000000000e-02,-7.761000000000e-02,3.210171085070e+00,5.596622930473e-05
4.027045966884e+00,-3.264914156296e+00,-2.843000000000e-02,-7.909000000000e-02,3.211390973405e+00,3.599545233500e-05
5.097712422639e+00,-3.262281685239e+00,-2.875000000000e-02,-7.580000000000e-02,3.206362888789e+00,1.712355087477e-05
6.568628988079e+00,-3.260918619138e+00,-1.946000000000e-02,-3.582000000000e-02,3.156889396813e+00,2.870245807823e-05
2.738941313738e+00,-3.259811765762e+00,-2.722000000000e-02,-7.262000000000e-02,3.204560718884e+00,6.163647125856e-05
5.594001580011e+00,-3.258245478155e+00,-2.513000000000e-02,-6.598000000000e-02,3.198572758254e+00,2.013579425761e-05
1.322026195285e+00,-3.257646744005e+00,-2.532000000000e-02,-7.485000000000e-02,3.200495046742e+00,6.084162940607e-05
7.379309241381e+00,-3.255212173975e+00,-8.960000000000e-03,-7.660000000000e-03,2.440689933561e+00,4.298283358183e-05
4.155856432199e+00,-3.254374185974e+00,-2.882000000000e-02,-7.990000000000e-02,3.201023789482e+00,3.349557938150e-05
7.855561983894e+00,-3.253667424912e+00,-2.850000000000e-03,1.311000000000e-02,2.012256901967e+00,4.866394597993e-05
2.867751779052e+00,-3.249617368237e+00,-2.778000000000e-02,-7.265000000000e-02,3.194539107759e+00,6.011226781941e-05
1.450836660599e+00,-3.247797919278e+00,-2.665000000000e-02,-7.359000000000e-02,3.190819008413e+00,6.355421067180e-05
6.916484553662e+00,-3.244128613160e+00,-1.656000000000e-02,-2.164000000000e-02,2.858901965690e+00,3.261208491535e-05
8.954661278532e+00,-3.243902305584e+00,1.481000000000e-02,7.531000000000e-02,1.007208531916e+00,6.735755832252e-05
4.284666897513e+00,-3.243834215651e+00,-2.853000000000e-02,-7.964000000000e-02,3.190656605559e+00,3.113908984036e-05
9.499884893906e+00,-3.243327485360e+00,3.206000000000e-02,1.261600000000e-01,5.000898346194e-01,2.030766386468e-04
4.648812577186e+00,-3.241863898630e+00,-2.923000000000e-02,-7.910000000000e-02,3.188720075107e+00,2.001925634799e-05
5.294358665575e+00,-3.240831388283e+00,-2.857000000000e-02,-7.254000000000e-02,3.182927219437e+00,1.724079127558e-05
2.996562244367e+00,-3.239422970712e+00,-2.821000000000e-02,-7.417000000000e-02,3.184517496633e+00,5.831429896222e-05
8.344303779767e+00,-3.239111660476e+00,3.380000000000e-03,3.571000000000e-02,1.573967218141e+00,5.690224351328e-05
1.579647125913e+00,-3.237949094551e+00,-2.786000000000e-02,-7.361000000000e-02,3.181142970085e+00,6.479544431505e-05
4.413477362828e+00,-3.233294245330e+00,-2.837000000000e-02,-7.968000000000e-02,3.180289421635e+00,2.894912921785e-05
4.823674865366e+00,-3.231132518282e+00,-2.875000000000e-02,-7.744000000000e-02,3.177075595469e+00,2.026674771331e-05
3.125372709681e+00,-3.229228573188e+00,-2.819000000000e-02,-7.541000000000e-02,3.174495885507e+00,5.626830378574e-05
1.708457591227e+00,-3.228100269824e+00,-2.833000000000e-02,-7.267000000000e-02,3.171466931757e+00,6.579255251311e-05
6.133316483180e+00,-3.227183761711e+00,-2.397000000000e-02,-5.201000000000e-02,3.163368697776e+00,2.539347477630e-05
5.810409821900e+00,-3.224852065505e+00,-2.492000000000e-02,-6.120000000000e-02,3.163154468098e+00,2.241826195957e-05
1.004013443297e+01,-3.224412556113e+00,2.215000000000e-02,6.359000000000e-02,2.351057197781e-04,2.846763248669e-04
4.542287828143e+00,-3.222754275007e+00,-2.926000000000e-02,-7.969000000000e-02,3.169922237712e+00,2.645103813465e-05
6.468016889244e+00,-3.220822550080e+00,-2.200000000000e-02,-3.998000000000e-02,3.154421267970e+00,2.768333232993e-05
3.254183174996e+00,-3.219034175663e+00,-2.820000000000e-02,-7.593000000000e-02,3.164474274381e+00,5.400568616409e-05
1.837268056541e+00,-3.218251445097e+00,-2.789000000000e-02,-7.115000000000e-02,3.161790893428e+00,6.657123015027e-05
7.274682215698e+00,-3.217961250282e+00,-1.157000000000e-02,-1.187000000000e-02,2.551075333144e+00,4.030265832323e-05
7.749041691333e+00,-3.217893785011e+00,-5.150000000000e-03,7.050000000000e-03,2.123638013287e+00,4.713946931806e-05
5.008436175032e+00,-3.215776235826e+00,-2.920000000000e-02,-7.654000000000e-02,3.160044192589e+00,1.818185131740e-05
5.499972197229e+00,-3.214176302814e+00,-2.701000000000e-02,-6.816000000000e-02,3.154989747276e+00,1.886006856707e-05
8.844586133780e+00,-3.211185508773e+00,1.133000000000e-02,6.460000000000e-02,1.122000665431e+00,6.231452332443e-05
9.405713331568e+00,-3.209633115586e+00,2.706000000000e-02,1.183600000000e-01,6.001078015428e-01,1.969250393936e-04
3.382993640311e+00,-3.208839778139e+00,-2.795000000000e-02,-7.562000000000e-02,3.154452663255e+00,5.156268583082e-05
1.966078521855e+00,-3.208402620370e+00,-2.733000000000e-02,-7.045000000000e-02,3.152114855100e+00,6.710869532379e-05
6.813827153979e+00,-3.205436407434e+00,-1.880000000000e-02,-2.608000000000e-02,2.968115859298e+00,3.094770702659e-05
8.235967237188e+00,-3.204849876686e+00,6.400000000000e-04,3.104000000000e-02,1.687038418764e+00,5.457728364381e-05
3.511804105626e+00,-3.198645380614e+00,-2.807000000000e-02,-7.523000000000e-02,3.144431052129e+00,4.897937233525e-05
2.094888987169e+00,-3.198553795643e+00,-2.703000000000e-02,-7.045000000000e-02,3.142438816772e+00,6.738183482075e-05
5.202669918272e+00,-3.195521926548e+00,-3.010000000000e-02,-7.387000000000e-02,3.138608711270e+00,1.717679104429e-05
9.945317516695e+00,-3.192572958904e+00,3.478000000000e-02,1.093000000000e-01,1.000200358082e-01,5.669421936392e-04
2.223699452482e+00,-3.188704970916e+00,-2.727000000000e-02,-7.134000000000e-02,3.132762778443e+00,6.737107518525e-05
3.640614570940e+00,-3.188450983090e+00,-2.873000000000e-02,-7.572000000000e-02,3.134409441003e+00,4.629890907832e-05
6.034824649478e+00,-3.185722651968e+00,-2.479000000000e-02,-5.506000000000e-02,3.122366569730e+00,2.429825937615e-05
4.736882143540e+00,-3.183476711631e+00,-2.993000000000e-02,-7.783000000000e-02,3.129912830550e+00,2.565338927253e-05
7.642521398772e+00,-3.182120145110e+00,-7.610000000000e-03,2.280000000000e-03,2.235117812448e+00,4.567783148111e-05
5.714112481012e+00,-3.182066128176e+00,-2.671000000000e-02,-6.369000000000e-02,3.121389332214e+00,2.107921305808e-05
6.367404790410e+00,-3.180726481022e+00,-2.411000000000e-02,-4.390000000000e-02,3.115489097106e+00,2.666075298622e-05
7.170055190015e+00,-3.180710326590e+00,-1.425000000000e-02,-1.537000000000e-02,2.661516907818e+00,3.716717220624e-05
2.352509917796e+00,-3.178856146189e+00,-2.745000000000e-02,-7.124000000000e-02,3.123086740115e+00,6.706170455628e-05
8.734510989026e+00,-3.178468711962e+00,8.730000000000e-03,5.641000000000e-02,1.236628777781e+00,6.110630704672e-05
3.769425036255e+00,-3.178256585565e+00,-2.952000000000e-02,-7.629000000000e-02,3.124387829877e+00,4.356685402704e-05
9.311541769231e+00,-3.175938745813e+00,2.203000000000e-02,1.061500000000e-01,7.001257684658e-01,1.607307086713e-04
8.127630694609e+00,-3.170588092897e+00,-2.160000000000e-03,2.590000000000e-02,1.799276297209e+00,5.226347152114e-05
5.405942814447e+00,-3.170107127474e+00,-2.908000000000e-02,-6.994000000000e-02,3.111371933400e+00,1.792633546170e-05
4.919159927425e+00,-3.169270786412e+00,-3.018000000000e-02,-7.668000000000e-02,3.114173304260e+00,2.018738421664e-05
2.481320383110e+00,-3.169007321462e+00,-2.743000000000e-02,-7.126000000000e-02,3.113410701787e+00,6.644466717900e-05
3.898235501569e+00,-3.168062188040e+00,-3.003000000000e-02,-7.687000000000e-02,3.114366218751e+00,4.082797117829e-05
6.250000200012e-02,-3.167101479303e+00,6.400000000000e-04,-1.223670000000e+00,3.149460440185e+00,3.269989987574e-03
1.875000060004e-01,-3.167101479303e+00,3.140000000000e-03,-1.136080000000e+00,3.132048220780e+00,3.774178137691e-03
4.375000140001e-01,-3.167101479303e+00,9.600000000000e-03,-6.933400000000e-01,3.112029249427e+00,3.864986892412e-03
9.375000300001e-01,-3.167101479303e+00,-1.525000000000e-02,-1.101700000000e-01,3.109517816043e+00,7.722323622989e-04
3.125000100004e-01,-3.167101479303e+00,7.320000000000e-03,-9.396000000000e-01,3.119551418440e+00,4.059360860579e-03
5.625000180000e-01,-3.167101479303e+00,7.260000000000e-03,-4.710100000000e-01,3.109517816043e+00,3.340315874274e-03
6.875000220001e-01,-3.167101479303e+00,-1.860000000000e-03,-2.864800000000e-01,3.109517816043e+00,2.507804302498e-03
8.125000260002e-01,-3.167101479303e+00,-9.910000000000e-03,-1.663500000000e-01,3.109517816043e+00,1.565521128677e-03
6.711169754295e+00,-3.166744201707e+00,-2.132000000000e-02,-3.097000000000e-02,3.076752004427e+00,2.936783032139e-05
1.064405264657e+00,-3.162349853339e+00,-2.107000000000e-02,-8.479000000000e-02,3.104852583278e+00,2.441890153422e-04
9.850500600417e+00,-3.160733361695e+00,3.576000000000e-02,1.238100000000e-01,2.000400716163e-01,3.271588121396e-04
2.610130848424e+00,-3.159158496734e+00,-2.779000000000e-02,-7.146000000000e-02,3.103734663458e+00,6.551719763326e-05
4.027045966884e+00,-3.157867790516e+00,-3.057000000000e-02,-7.808000000000e-02,3.104344607626e+00,3.812318056876e-05
1.193215729971e+00,-3.152846601409e+00,-2.420000000000e-02,-7.527000000000e-02,3.095522117747e+00,5.785356640433e-05
5.110981170968e+00,-3.150212464813e+00,-3.085000000000e-02,-7.485000000000e-02,3.094005431744e+00,1.787810690133e-05
2.738941313738e+00,-3.149309672007e+00,-2.842000000000e-02,-7.158000000000e-02,3.094058625130e+00,6.428323245638e-05
4.155856432199e+00,-3.147673392991e+00,-3.109000000000e-02,-7.892000000000e-02,3.094322996500e+00,3.550023305185e-05
7.536001106211e+00,-3.146346505209e+00,-1.050000000000e-02,-1.990000000000e-03,2.346682234910e+00,4.456515105536e-05
8.624435844273e+00,-3.145751915151e+00,5.360000000000e-03,4.740000000000e-02,1.351291910512e+00,5.979395242661e-05
5.936332815776e+00,-3.144261542226e+00,-2.657000000000e-02,-5.824000000000e-02,3.081625418508e+00,2.315171060153e-05
7.065428164333e+00,-3.143459402897e+00,-1.708000000000e-02,-1.875000000000e-02,2.772007943254e+00,3.438699188030e-05
1.322026195285e+00,-3.143343349479e+00,-2.634000000000e-02,-7.209000000000e-02,3.086191652216e+00,6.398612016962e-05
9.217370206895e+00,-3.142244376040e+00,1.882000000000e-02,9.601000000000e-02,8.001437353887e-01,1.171228403402e-04
6.266792691575e+00,-3.140630411964e+00,-2.610000000000e-02,-4.818000000000e-02,3.075767770326e+00,2.568513531159e-05
2.867751779052e+00,-3.139460847280e+00,-2.921000000000e-02,-7.185000000000e-02,3.084382586802e+00,6.275357447658e-05
5.617815140124e+00,-3.139280190847e+00,-2.820000000000e-02,-6.592000000000e-02,3.079380333995e+00,1.981191545511e-05
4.284666897513e+00,-3.137478995467e+00,-3.101000000000e-02,-7.884000000000e-02,3.084301385374e+00,3.301364912854e-05
8.019294152029e+00,-3.136326309107e+00,-4.600000000000e-03,2.045000000000e-02,1.911678088377e+00,5.011678398108e-05
4.650089421713e+00,-3.135820904981e+00,-3.134000000000e-02,-7.855000000000e-02,3.082670906842e+00,2.171670124559e-05
1.450836660599e+00,-3.133840097550e+00,-2.779000000000e-02,-7.158000000000e-02,3.076861186685e+00,6.643657454207e-05
2.996562244367e+00,-3.129612022553e+00,-2.986000000000e-02,-7.313000000000e-02,3.074706548473e+00,6.094580139313e-05
9.755683684138e+00,-3.128893764485e+00,3.414000000000e-02,1.277300000000e-01,3.000601074246e-01,1.086972753337e-04
6.608512354613e+00,-3.128051995980e+00,-2.432000000000e-02,-3.579000000000e-02,3.060786387031e+00,2.796190217661e-05
4.413477362828e+00,-3.127284597942e+00,-3.076000000000e-02,-7.878000000000e-02,3.074279774248e+00,3.069708325653e-05
5.311913431665e+00,-3.126037952134e+00,-3.119000000000e-02,-7.202000000000e-02,3.068106199209e+00,1.752596833701e-05
1.579647125913e+00,-3.124336845620e+00,-2.913000000000e-02,-7.202000000000e-02,3.067530721154e+00,6.758007377902e-05
4.829883679818e+00,-3.122765336998e+00,-3.108000000000e-02,-7.695000000000e-02,3.068770304888e+00,2.177281414090e-05
3.125372709682e+00,-3.119763197826e+00,-3.002000000000e-02,-7.416000000000e-02,3.065030510145e+00,5.888392788141e-05
4.542287828143e+00,-3.117090200418e+00,-3.136000000000e-02,-7.882000000000e-02,3.064258163122e+00,2.802108485394e-05
1.708457591227e+00,-3.114833593690e+00,-2.965000000000e-02,-7.135000000000e-02,3.058200255623e+00,6.850780236894e-05
8.514360699521e+00,-3.113035118340e+00,2.700000000000e-03,4.075000000000e-02,1.465981846192e+00,5.811483266764e-05
7.429480813650e+00,-3.110572865308e+00,-1.343000000000e-02,-7.320000000000e-03,2.458319759479e+00,4.278169680275e-05
3.254183174996e+00,-3.109914373099e+00,-3.000000000000e-02,-7.497000000000e-02,3.055354471816e+00,5.659782272824e-05
9.123198644557e+00,-3.108550006267e+00,1.513000000000e-02,8.644000000000e-02,8.999506900117e-01,8.536945596798e-05
6.960801138650e+00,-3.106208479205e+00,-1.963000000000e-02,-2.168000000000e-02,2.882542751802e+00,3.197778728588e-05
1.837268056541e+00,-3.105330341761e+00,-2.878000000000e-02,-6.978000000000e-02,3.048869790092e+00,6.923545716583e-05
5.019292423665e+00,-3.104903003079e+00,-3.168000000000e-02,-7.582000000000e-02,3.049042812436e+00,1.927392312350e-05
5.837840982074e+00,-3.102800432483e+00,-2.855000000000e-02,-6.090000000000e-02,3.041155732735e+00,2.194807644840e-05
7.910957609450e+00,-3.102064525318e+00,-7.080000000000e-03,1.475000000000e-02,2.024216486950e+00,4.824016905742e-05
6.166180592740e+00,-3.100534342906e+00,-2.757000000000e-02,-5.188000000000e-02,3.036195584138e+00,2.473836905129e-05
3.382993640311e+00,-3.100065548372e+00,-2.987000000000e-02,-7.443000000000e-02,3.045678433488e+00,5.412235910929e-05
9.660866767859e+00,-3.097054167276e+00,3.080000000000e-02,1.278600000000e-01,4.000801432329e-01,1.185328636947e-04
5.521517799236e+00,-3.096494253518e+00,-2.981000000000e-02,-6.776000000000e-02,3.036959949775e+00,1.876001144188e-05
1.966078521855e+00,-3.095827089831e+00,-2.845000000000e-02,-6.906000000000e-02,3.039539324561e+00,6.973754475955e-05
3.511804105626e+00,-3.090216723645e+00,-3.033000000000e-02,-7.383000000000e-02,3.036002395160e+00,5.149643124531e-05
6.505854954930e+00,-3.089359790254e+00,-2.653000000000e-02,-3.988000000000e-02,3.022990421910e+00,2.686274442890e-05
2.094888987169e+00,-3.086323837901e+00,-2.847000000000e-02,-6.921000000000e-02,3.030208859030e+00,6.998862446100e-05
5.217884048883e+00,-3.081968776793e+00,-3.239000000000e-02,-7.294000000000e-02,3.025207650796e+00,1.781552387279e-05
3.640614570940e+00,-3.080367898917e+00,-3.091000000000e-02,-7.501000000000e-02,3.026326356831e+00,4.876226426524e-05
8.404285554768e+00,-3.080318321529e+00,7.000000000000e-05,3.572000000000e-02,1.580692750628e+00,5.604801720829e-05
2.223699452482e+00,-3.076820585972e+00,-2.862000000000e-02,-7.022000000000e-02,3.020878393499e+00,6.996656414053e-05
4.740607432211e+00,-3.076259887584e+00,-3.221000000000e-02,-7.734000000000e-02,3.022644145721e+00,2.696718184226e-05
9.020245115856e+00,-3.076132755405e+00,1.112000000000e-02,7.701000000000e-02,1.007815655616e+00,6.863516984700e-05
7.322960521089e+00,-3.074799225407e+00,-1.562000000000e-02,-1.241000000000e-02,2.570020859861e+00,3.940891510112e-05
3.769425036255e+00,-3.070519074190e+00,-3.165000000000e-02,-7.524000000000e-02,3.016650318503e+00,4.596449913984e-05
6.856174112967e+00,-3.068957555512e+00,-2.267000000000e-02,-2.608000000000e-02,2.993116483886e+00,3.004503832954e-05
7.802621066871e+00,-3.067802741528e+00,-1.013000000000e-02,8.270000000000e-03,2.136869909721e+00,4.662598082088e-05
2.352509917796e+00,-3.067317334042e+00,-2.882000000000e-02,-7.013000000000e-02,3.011547927969e+00,6.965399472110e-05
9.566049851580e+00,-3.065214570066e+00,2.611000000000e-02,1.237300000000e-01,5.001001790412e-01,1.786011582781e-04
5.739349148372e+00,-3.061339322740e+00,-2.968000000000e-02,-6.320000000000e-02,3.000670819249e+00,2.075264950169e-05
3.898235501569e+00,-3.060670249463e+00,-3.217000000000e-02,-7.597000000000e-02,3.006974280174e+00,4.314669359756e-05
6.065568493905e+00,-3.060438273848e+00,-2.855000000000e-02,-5.477000000000e-02,2.996854310945e+00,2.375663730811e-05
4.927603676362e+00,-3.059593541344e+00,-3.271000000000e-02,-7.602000000000e-02,3.004490237202e+00,2.150921104351e-05
2.481320383110e+00,-3.057814082112e+00,-2.872000000000e-02,-7.014000000000e-02,3.002217462438e+00,6.903921312215e-05
5.425220458348e+00,-3.053708316188e+00,-3.204000000000e-02,-6.951000000000e-02,2.994849212135e+00,1.811043496212e-05
6.250000200012e-02,-3.051934152784e+00,5.900000000000e-04,-1.225880000000e+00,3.035808767052e+00,3.301396314300e-03
1.875000060004e-01,-3.051934152784e+00,2.920000000000e-03,-1.142030000000e+00,3.017740854200e+00,3.817298798913e-03
3.125000100004e-01,-3.051934152784e+00,7.630000000000e-03,-9.473400000000e-01,3.004768686290e+00,4.109647688777e-03
4.375000140001e-01,-3.051934152784e+00,1.023000000000e-02,-6.958100000000e-01,2.996958433998e+00,3.910806127554e-03
5.625000180000e-01,-3.051934152784e+00,7.080000000000e-03,-4.674400000000e-01,2.994350489523e+00,3.370053419943e-03
9.375000300001e-01,-3.051934152784e+00,-1.752000000000e-02,-1.039300000000e-01,2.994350489523e+00,7.567774131956e-04
6.875000220001e-01,-3.051934152784e+00,-4.380000000000e-03,-2.790100000000e-01,2.994350489523e+00,2.516004753882e-03
8.125000260001e-01,-3.051934152784e+00,-1.180000000000e-02,-1.582300000000e-01,2.994350489523e+00,1.556888478782e-03
4.027045966884e+00,-3.050821424736e+00,-3.270000000000e-02,-7.671000000000e-02,2.997298241846e+00,4.034933092061e-05
6.403197555248e+00,-3.050667584528e+00,-2.822000000000e-02,-4.347000000000e-02,2.984710409195e+00,2.593093568143e-05
2.610130848424e+00,-3.048310830183e+00,-2.886000000000e-02,-6.998000000000e-02,2.992886996907e+00,6.811689937927e-05
8.294210410015e+00,-3.047601524717e+00,-2.680000000000e-03,3.078000000000e-02,1.694899979517e+00,5.379444666717e-05
1.064405264657e+00,-3.047355313218e+00,-2.180000000000e-02,-8.052000000000e-02,2.989858043157e+00,2.335355023313e-04
8.908509620791e+00,-3.044992623454e+00,7.320000000000e-03,6.642000000000e-02,1.123782136146e+00,6.169930318243e-05
4.155856432199e+00,-3.040972600009e+00,-3.321000000000e-02,-7.790000000000e-02,2.987622203517e+00,3.762223704731e-05
7.216440228529e+00,-3.039025585506e+00,-1.778000000000e-02,-1.660000000000e-02,2.681777591911e+00,3.631602560552e-05
2.738941313738e+00,-3.038807578253e+00,-2.953000000000e-02,-7.017000000000e-02,2.983556531376e+00,6.688858790369e-05
1.193215729971e+00,-3.038197634085e+00,-2.509000000000e-02,-7.261000000000e-02,2.980873150423e+00,6.008164767578e-05
5.123854666101e+00,-3.037899601453e+00,-3.316000000000e-02,-7.388000000000e-02,2.981449225962e+00,1.886520518752e-05
1.010600482371e+01,-3.035759150922e+00,1.922000000000e-02,5.817000000000e-02,2.351057197264e-04,2.611978258615e-04
7.694284524292e+00,-3.033540957739e+00,-1.302000000000e-02,2.550000000000e-03,2.249621076687e+00,4.489443232499e-05
9.471232935302e+00,-3.033374972857e+00,2.147000000000e-02,1.174800000000e-01,6.001202148490e-01,1.845782783192e-04
6.751547087284e+00,-3.031706631819e+00,-2.583000000000e-02,-3.073000000000e-02,2.963672153511e+00,2.846447063028e-05
4.284666897513e+00,-3.031123775282e+00,-3.344000000000e-02,-7.793000000000e-02,2.977946165189e+00,3.502422409337e-05
4.651331184604e+00,-3.029754438171e+00,-3.318000000000e-02,-7.717000000000e-02,2.976598598922e+00,2.359254245767e-05
2.867751779052e+00,-3.029304326323e+00,-3.057000000000e-02,-7.054000000000e-02,2.974226065845e+00,6.536286989222e-05
1.322026195285e+00,-3.029039954953e+00,-2.726000000000e-02,-6.927000000000e-02,2.971888257690e+00,6.699597811492e-05
4.413477362828e+00,-3.021274950555e+00,-3.314000000000e-02,-7.794000000000e-02,2.968270126861e+00,3.258856800844e-05
5.964956395070e+00,-3.020342204790e+00,-3.037000000000e-02,-5.769000000000e-02,2.957753164929e+00,2.272095128214e-05
1.450836660599e+00,-3.019882275821e+00,-2.869000000000e-02,-6.909000000000e-02,2.962903364956e+00,6.920411883314e-05
5.640857314670e+00,-3.019878212997e+00,-3.116000000000e-02,-6.569000000000e-02,2.959534975294e+00,1.967426894096e-05
2.996562244367e+00,-3.019801074394e+00,-3.175000000000e-02,-7.203000000000e-02,2.964895600314e+00,6.355532371764e-05
8.184135265261e+00,-3.014884727906e+00,-5.860000000000e-03,2.665000000000e-02,1.808367355452e+00,5.154273227900e-05
4.835914929058e+00,-3.014284079609e+00,-3.333000000000e-02,-7.602000000000e-02,2.960366219201e+00,2.345539903552e-05
8.796774125726e+00,-3.013852491503e+00,3.780000000000e-03,5.767000000000e-02,1.239582153854e+00,6.011351173527e-05
6.300540155565e+00,-3.011975378802e+00,-2.969000000000e-02,-4.769000000000e-02,2.946626785203e+00,2.508802018782e-05
4.542287828143e+00,-3.011426125827e+00,-3.352000000000e-02,-7.773000000000e-02,2.958594088532e+00,2.977352067058e-05
5.328923117460e+00,-3.010922378859e+00,-3.377000000000e-02,-7.118000000000e-02,2.953061367810e+00,1.804864423584e-05
1.579647125913e+00,-3.010724596689e+00,-3.008000000000e-02,-7.011000000000e-02,2.953918472223e+00,7.024827734283e-05
3.125372709682e+00,-3.010297822464e+00,-3.179000000000e-02,-7.270000000000e-02,2.955565134783e+00,6.148818571312e-05
1.001057899682e+01,-3.005786647277e+00,2.981000000000e-02,1.027000000000e-01,1.000221945977e-01,5.558728488132e-04
7.109919935968e+00,-3.003251945605e+00,-2.050000000000e-02,-2.000000000000e-02,2.793583279036e+00,3.357848539536e-05
1.708457591227e+00,-3.001566917557e+00,-3.093000000000e-02,-6.994000000000e-02,2.944933579489e+00,7.110505885413e-05
9.376416019024e+00,-3.001535375648e+00,1.709000000000e-02,1.073200000000e-01,7.001402506564e-01,1.594151362544e-04
3.254183174996e+00,-3.000794570534e+00,-3.179000000000e-02,-7.343000000000e-02,2.946234669252e+00,5.918976074534e-05
7.585947981712e+00,-2.999279173949e+00,-1.578000000000e-02,-2.360000000000e-03,2.362455992998e+00,4.337961066476e-05
6.646920061602e+00,-2.994455708127e+00,-2.851000000000e-02,-3.541000000000e-02,2.926847947128e+00,2.720303910356e-05
5.029825283319e+00,-2.993830426113e+00,-3.440000000000e-02,-7.514000000000e-02,2.937875072663e+00,2.058181681321e-05
1.837268056541e+00,-2.992409238424e+00,-3.003000000000e-02,-6.860000000000e-02,2.935948686756e+00,7.178199362834e-05
3.382993640311e+00,-2.991291318605e+00,-3.185000000000e-02,-7.326000000000e-02,2.936904203721e+00,5.669356473878e-05
1.966078521855e+00,-2.983251559292e+00,-2.996000000000e-02,-6.759000000000e-02,2.926963794022e+00,7.225094897228e-05
8.685038630661e+00,-2.982712359553e+00,6.300000000000e-04,5.017000000000e-02,1.355415286965e+00,5.876917939192e-05
8.074060120508e+00,-2.982167931095e+00,-8.580000000000e-03,2.110000000000e-02,1.921997111480e+00,4.942005232248e-05
3.511804105626e+00,-2.981788066675e+00,-3.209000000000e-02,-7.251000000000e-02,2.927573738190e+00,5.403737889257e-05
5.864344296235e+00,-2.980246135732e+00,-3.160000000000e-02,-6.020000000000e-02,2.918733384884e+00,2.164963754961e-05
5.542365480969e+00,-2.978417103255e+00,-3.306000000000e-02,-6.714000000000e-02,2.918670916875e+00,1.887236754861e-05
9.915153169934e+00,-2.975814143632e+00,3.074000000000e-02,1.171800000000e-01,2.000443891954e-01,3.469423777775e-04
2.094888987169e+00,-2.974093880160e+00,-2.979000000000e-02,-6.796000000000e-02,2.917978901289e+00,7.248403342068e-05
6.197882755882e+00,-2.973283173075e+00,-3.088000000000e-02,-5.139000000000e-02,2.908747263774e+00,2.426328296445e-05
3.640614570940e+00,-2.972284814745e+00,-3.256000000000e-02,-7.366000000000e-02,2.918243272659e+00,5.126258437809e-05
9.281599102746e+00,-2.969695778439e+00,1.355000000000e-02,9.703000000000e-02,8.001602864637e-01,1.221074737518e-04
4.744226181755e+00,-2.968974617875e+00,-3.441000000000e-02,-7.610000000000e-02,2.915309934816e+00,2.845077046783e-05
5.232625776572e+00,-2.968136441530e+00,-3.453000000000e-02,-7.172000000000e-02,2.911182267800e+00,1.869958936394e-05
7.003399643407e+00,-2.967478305704e+00,-2.345000000000e-02,-2.292000000000e-02,2.897520201078e+00,3.122675430056e-05
7.477611439133e+00,-2.965017390160e+00,-1.819000000000e-02,-6.920000000000e-03,2.475363205996e+00,4.134225384555e-05
2.223699452482e+00,-2.964936201028e+00,-3.025000000000e-02,-6.869000000000e-02,2.908994008556e+00,7.245636972775e-05
3.769425036255e+00,-2.962781562816e+00,-3.355000000000e-02,-7.409000000000e-02,2.908912807128e+00,4.841298670930e-05
6.542293035920e+00,-2.957204784434e+00,-3.023000000000e-02,-4.007000000000e-02,2.890131496425e+00,2.622297936758e-05
2.352509917796e+00,-2.955778521896e+00,-3.047000000000e-02,-6.908000000000e-02,2.900009115822e+00,7.214772629371e-05
3.898235501569e+00,-2.953278310886e+00,-3.405000000000e-02,-7.478000000000e-02,2.899582341597e+00,4.553107770368e-05
8.573303135596e+00,-2.951572227602e+00,-2.150000000000e-03,4.293000000000e-02,1.471273713988e+00,5.714050690040e-05
4.935795900537e+00,-2.949761250772e+00,-3.493000000000e-02,-7.506000000000e-02,2.894675411388e+00,2.303325897324e-05
7.963984975755e+00,-2.949451134284e+00,-1.164000000000e-02,1.540000000000e-02,2.035762057163e+00,4.747927781764e-05
2.481320383110e+00,-2.946620842763e+00,-3.055000000000e-02,-6.881000000000e-02,2.891024223088e+00,7.154355848407e-05
9.819727343045e+00,-2.945841639987e+00,2.828000000000e-02,1.216500000000e-01,3.000665837932e-01,1.515512552242e-04
4.027045966884e+00,-2.943775058956e+00,-3.459000000000e-02,-7.535000000000e-02,2.890251876066e+00,4.265726407288e-05
5.763732197400e+00,-2.940150066674e+00,-3.267000000000e-02,-6.272000000000e-02,2.878959892992e+00,2.061724761160e-05
9.186782186467e+00,-2.937856181230e+00,9.930000000000e-03,8.754000000000e-02,8.999693147836e-01,9.059381108647e-05
2.610130848424e+00,-2.937463163631e+00,-3.064000000000e-02,-6.834000000000e-02,2.882039330355e+00,7.063582136976e-05
5.443873647267e+00,-2.936955993512e+00,-3.517000000000e-02,-6.856000000000e-02,2.878090220713e+00,1.853488632557e-05
6.250000200012e-02,-2.936766826264e+00,5.800000000000e-04,-1.227840000000e+00,2.922275774482e+00,3.332485304440e-03
1.875000060004e-01,-2.936766826264e+00,2.690000000000e-03,-1.147700000000e+00,2.903501454301e+00,3.861078229263e-03
3.125000100004e-01,-2.936766826264e+00,7.620000000000e-03,-9.562000000000e-01,2.890016555338e+00,4.161483261437e-03
5.625000180000e-01,-2.936766826264e+00,6.560000000000e-03,-4.630900000000e-01,2.879183163004e+00,3.400585771018e-03
6.875000220001e-01,-2.936766826264e+00,-4.350000000000e-03,-2.726500000000e-01,2.879183163004e+00,2.523951441244e-03
9.375000300000e-01,-2.936766826264e+00,-1.921000000000e-02,-9.726000000000e-02,2.879183163004e+00,7.409532200306e-04
4.375000140001e-01,-2.936766826264e+00,1.048000000000e-02,-6.989200000000e-01,2.881895328968e+00,3.958262311636e-03
8.125000260001e-01,-2.936766826264e+00,-1.330000000000e-02,-1.503200000000e-01,2.879183163004e+00,1.547579378395e-03
6.095225356199e+00,-2.934590967349e+00,-3.229000000000e-02,-5.421000000000e-02,2.871079923387e+00,2.340092705135e-05
4.155856432199e+00,-2.934271807027e+00,-3.506000000000e-02,-7.662000000000e-02,2.880921410535e+00,3.984375328513e-05
1.064405264657e+00,-2.932360773097e+00,-2.225000000000e-02,-7.644000000000e-02,2.874863503036e+00,2.231477715917e-04
6.896879350846e+00,-2.931704665803e+00,-2.689000000000e-02,-2.669000000000e-02,2.862345343475e+00,2.931476340619e-05
7.369274896554e+00,-2.930755606370e+00,-2.108000000000e-02,-1.248000000000e-02,2.588333254611e+00,3.821100142094e-05
2.738941313738e+00,-2.928305484499e+00,-3.105000000000e-02,-6.886000000000e-02,2.873054437622e+00,6.942350300495e-05
5.136328435684e+00,-2.925350504201e+00,-3.582000000000e-02,-7.304000000000e-02,2.868701649861e+00,2.008684667405e-05
4.284666897513e+00,-2.924768555097e+00,-3.553000000000e-02,-7.686000000000e-02,2.871590945004e+00,3.715138012457e-05
4.652537434452e+00,-2.923665156140e+00,-3.540000000000e-02,-7.588000000000e-02,2.870503803266e+00,2.562452281068e-05
1.193215729971e+00,-2.923548666762e+00,-2.557000000000e-02,-6.950000000000e-02,2.866224183100e+00,6.251508648287e-05
8.461567640531e+00,-2.920432095651e+00,-3.940000000000e-03,3.639000000000e-02,1.587151895741e+00,5.515092349129e-05
6.437666010238e+00,-2.919953860742e+00,-3.194000000000e-02,-4.325000000000e-02,2.853588537315e+00,2.542836313518e-05
2.867751779052e+00,-2.919147805367e+00,-3.213000000000e-02,-6.894000000000e-02,2.864069544888e+00,6.791286151005e-05
7.853909831002e+00,-2.916734337473e+00,-1.548000000000e-02,8.950000000000e-03,2.149640728773e+00,4.565491868075e-05
9.724301516157e+00,-2.915869136342e+00,2.565000000000e-02,1.234800000000e-01,4.000887783910e-01,8.990765622838e-05
4.413477362828e+00,-2.915265303167e+00,-3.574000000000e-02,-7.708000000000e-02,2.862260479473e+00,3.460516873490e-05
1.322026195285e+00,-2.914736560427e+00,-2.794000000000e-02,-6.677000000000e-02,2.857584863164e+00,6.984221637538e-05
2.996562244367e+00,-2.909990126234e+00,-3.358000000000e-02,-7.060000000000e-02,2.855084652154e+00,6.611737194005e-05
9.082715219984e+00,-2.907169756032e+00,6.310000000000e-03,7.747000000000e-02,1.008399217978e+00,7.016446771062e-05
1.450836660599e+00,-2.905924454092e+00,-2.934000000000e-02,-6.629000000000e-02,2.848945543228e+00,7.181979138059e-05
4.542287828143e+00,-2.905762051237e+00,-3.579000000000e-02,-7.639000000000e-02,2.852930013942e+00,3.168307663866e-05
4.841766517755e+00,-2.905692075432e+00,-3.580000000000e-02,-7.525000000000e-02,2.851818717802e+00,2.530103190040e-05
3.125372709682e+00,-2.900832447102e+00,-3.381000000000e-02,-7.153000000000e-02,2.846099759421e+00,6.405740142375e-05
5.663120098566e+00,-2.900053997616e+00,-3.443000000000e-02,-6.488000000000e-02,2.839424492147e+00,1.975285580141e-05
1.579647125913e+00,-2.897112347758e+00,-3.092000000000e-02,-6.742000000000e-02,2.840306223292e+00,7.276058158606e-05
7.260938353975e+00,-2.896493822581e+00,-2.378000000000e-02,-1.694000000000e-02,2.701358255548e+00,3.539790264225e-05
6.790359058285e+00,-2.895931025902e+00,-2.996000000000e-02,-3.113000000000e-02,2.827088569953e+00,2.782311160440e-05
5.992567956516e+00,-2.895898761622e+00,-3.360000000000e-02,-5.679000000000e-02,2.833457283056e+00,2.248602859131e-05
5.345381813565e+00,-2.895494883769e+00,-3.623000000000e-02,-6.966000000000e-02,2.837805043099e+00,1.882740587551e-05
3.254183174996e+00,-2.891674767970e+00,-3.373000000000e-02,-7.169000000000e-02,2.837114866688e+00,6.175961398130e-05
8.349832145466e+00,-2.889291963701e+00,-6.380000000000e-03,2.990000000000e-02,1.702478023828e+00,5.296375273406e-05
1.708457591227e+00,-2.888300241423e+00,-3.195000000000e-02,-6.749000000000e-02,2.831666903356e+00,7.354360765764e-05
9.628875689268e+00,-2.885896632697e+00,2.148000000000e-02,1.210900000000e-01,5.001109729888e-01,1.496920129324e-04
7.743834686249e+00,-2.884017540662e+00,-1.861000000000e-02,3.030000000000e-03,2.263615962302e+00,4.366006300264e-05
6.333038984556e+00,-2.882702937050e+00,-3.344000000000e-02,-4.665000000000e-02,2.817225821018e+00,2.472015631544e-05
5.040031094796e+00,-2.882564566871e+00,-3.694000000000e-02,-7.426000000000e-02,2.826547308506e+00,2.209939594987e-05
3.382993640311e+00,-2.882517088838e+00,-3.412000000000e-02,-7.212000000000e-02,2.828129973954e+00,5.925611649385e-05
1.837268056541e+00,-2.879488135088e+00,-3.154000000000e-02,-6.688000000000e-02,2.823027583420e+00,7.416972735288e-05
8.969398203296e+00,-2.877636502845e+00,2.360000000000e-03,6.743000000000e-02,1.125490872760e+00,6.081314546241e-05
3.511804105626e+00,-2.873359409705e+00,-3.385000000000e-02,-7.165000000000e-02,2.819145081220e+00,5.658356172279e-05
1.966078521855e+00,-2.870676028753e+00,-3.122000000000e-02,-6.588000000000e-02,2.814388263484e+00,7.460806513460e-05
3.640614570940e+00,-2.864201730573e+00,-3.374000000000e-02,-7.200000000000e-02,2.810160188487e+00,5.378248686297e-05
7.152601811396e+00,-2.862232038791e+00,-2.635000000000e-02,-2.044000000000e-02,2.790991487374e+00,3.284366113378e-05
2.094888987169e+00,-2.861863922419e+00,-3.122000000000e-02,-6.648000000000e-02,2.805748943548e+00,7.482798561846e-05
4.747737134973e+00,-2.861622900092e+00,-3.666000000000e-02,-7.478000000000e-02,2.807912136927e+00,3.009630091007e-05
6.683838765725e+00,-2.860157386001e+00,-3.233000000000e-02,-3.621000000000e-02,2.791979314463e+00,2.669816080160e-05
5.562507999731e+00,-2.859957928558e+00,-3.643000000000e-02,-6.607000000000e-02,2.800137267257e+00,1.922800967625e-05
8.238096650401e+00,-2.858151831750e+00,-9.900000000000e-03,2.488000000000e-02,1.817127771534e+00,5.074364863353e-05
5.889910556834e+00,-2.857206555896e+00,-3.480000000000e-02,-5.933000000000e-02,2.795115437234e+00,2.155598197105e-05
9.533449862380e+00,-2.855924129052e+00,1.664000000000e-02,1.155500000000e-01,6.001331675861e-01,1.669973481744e-04
3.769425036255e+00,-2.855044051441e+00,-3.485000000000e-02,-7.265000000000e-02,2.801175295753e+00,5.089585285375e-05
5.246889979863e+00,-2.854033774027e+00,-3.699000000000e-02,-7.059000000000e-02,2.796770765741e+00,1.983476828346e-05
2.223699452482e+00,-2.853051816084e+00,-3.149000000000e-02,-6.718000000000e-02,2.797109623612e+00,7.480154596392e-05
7.633759541496e+00,-2.851300743851e+00,-2.106000000000e-02,-2.780000000000e-03,2.377673871528e+00,4.198317987499e-05
8.856081186607e+00,-2.848103249659e+00,-1.480000000000e-03,5.888000000000e-02,1.242413290478e+00,5.878832365056e-05
1.016833077544e+01,-2.845905284267e+00,1.619000000000e-02,5.040000000000e-02,2.351057197895e-04,2.352018475764e-04
3.898235501569e+00,-2.845886372309e+00,-3.581000000000e-02,-7.344000000000e-02,2.792190403020e+00,4.796516694281e-05
6.228411958874e+00,-2.845452013357e+00,-3.455000000000e-02,-5.055000000000e-02,2.781050417661e+00,2.401680833104e-05
2.352509917796e+00,-2.844239709749e+00,-3.213000000000e-02,-6.776000000000e-02,2.788470303676e+00,7.450534961273e-05
4.943733753908e+00,-2.839778629542e+00,-3.726000000000e-02,-7.415000000000e-02,2.784734060961e+00,2.474822480523e-05
4.027045966884e+00,-2.836728693176e+00,-3.635000000000e-02,-7.358000000000e-02,2.783205510286e+00,4.503106818065e-05
2.481320383110e+00,-2.835427603414e+00,-3.229000000000e-02,-6.744000000000e-02,2.779830983740e+00,7.392175129441e-05
7.044265268817e+00,-2.827970255002e+00,-2.910000000000e-02,-2.343000000000e-02,2.757272255849e+00,3.061368302036e-05
4.155856432199e+00,-2.827571014044e+00,-3.703000000000e-02,-7.494000000000e-02,2.774220617553e+00,4.214832924633e-05
8.126361155336e+00,-2.827011699799e+00,-1.366000000000e-02,2.030000000000e-02,1.931937967921e+00,4.859369627282e-05
2.610130848424e+00,-2.826615497080e+00,-3.236000000000e-02,-6.701000000000e-02,2.771191663804e+00,7.303976986972e-05
9.438024035492e+00,-2.825951625407e+00,1.163000000000e-02,1.072200000000e-01,7.001553621829e-01,1.533969968234e-04
6.577318473165e+00,-2.824383746100e+00,-3.436000000000e-02,-4.031000000000e-02,2.757023212709e+00,2.586024081075e-05
1.875000060004e-01,-2.821599499744e+00,2.260000000000e-03,-1.153140000000e+00,2.789338371968e+00,3.905488833658e-03
6.250000200012e-02,-2.821599499744e+00,6.200000000000e-04,-1.229570000000e+00,2.808875853493e+00,3.363135240312e-03
3.125000100004e-01,-2.821599499744e+00,7.160000000000e-03,-9.638900000000e-01,2.775298821449e+00,4.214959058812e-03
5.625000180000e-01,-2.821599499744e+00,5.800000000000e-03,-4.579600000000e-01,2.764015836484e+00,3.431961783832e-03
6.875000220001e-01,-2.821599499744e+00,-3.180000000000e-03,-2.641000000000e-01,2.764015836484e+00,2.531574925166e-03
9.375000300000e-01,-2.821599499744e+00,-1.921000000000e-02,-9.066000000000e-02,2.764015836484e+00,7.247015456090e-04
4.375000140001e-01,-2.821599499744e+00,8.900000000000e-03,-7.016000000000e-01,2.766840896282e+00,4.007485858258e-03
8.125000260001e-01,-2.821599499744e+00,-1.335000000000e-02,-1.419600000000e-01,2.764015836484e+00,1.537485665086e-03
5.461895900896e+00,-2.819861859500e+00,-3.790000000000e-02,-6.712000000000e-02,2.761108812069e+00,1.922310537903e-05
7.523684396742e+00,-2.818583947040e+00,-2.362000000000e-02,-7.710000000000e-03,2.491803103474e+00,3.999078699291e-05
8.742764169919e+00,-2.818569996472e+00,-5.220000000000e-03,5.142000000000e-02,1.359366684408e+00,5.749832467551e-05
5.787253157151e+00,-2.818514350170e+00,-3.610000000000e-02,-6.175000000000e-02,2.756981771567e+00,2.070512473925e-05
4.284666897513e+00,-2.818413334912e+00,-3.748000000000e-02,-7.545000000000e-02,2.765235724819e+00,3.937781807658e-05
1.007233271579e+01,-2.817811480698e+00,2.420000000000e-02,9.362000000000e-02,1.000244432863e-01,5.428310991565e-04
2.738941313738e+00,-2.817803390745e+00,-3.250000000000e-02,-6.753000000000e-02,2.762552343867e+00,7.185567648149e-05
4.653707752191e+00,-2.817553724751e+00,-3.763000000000e-02,-7.472000000000e-02,2.764387179346e+00,2.779409956134e-05
1.064405264657e+00,-2.817366232976e+00,-2.342000000000e-02,-7.238000000000e-02,2.759868962915e+00,2.130024740398e-04
5.148398146161e+00,-2.812572664284e+00,-3.846000000000e-02,-7.203000000000e-02,2.755770272342e+00,2.153877786215e-05
4.413477362828e+00,-2.809255655780e+00,-3.805000000000e-02,-7.615000000000e-02,2.756250832086e+00,3.673069336594e-05
2.867751779052e+00,-2.808991284410e+00,-3.356000000000e-02,-6.720000000000e-02,2.753913023931e+00,7.037325334016e-05
1.193215729971e+00,-2.808899699438e+00,-2.624000000000e-02,-6.647000000000e-02,2.751575215777e+00,6.503289638061e-05
6.123784933191e+00,-2.808201089665e+00,-3.551000000000e-02,-5.334000000000e-02,2.744747637577e+00,2.326973385851e-05
1.322026195285e+00,-2.800433165901e+00,-2.832000000000e-02,-6.408000000000e-02,2.743281468638e+00,7.249201417377e-05
2.996562244367e+00,-2.800179178075e+00,-3.508000000000e-02,-6.876000000000e-02,2.745273703995e+00,6.860374291970e-05
4.542287828143e+00,-2.800097976647e+00,-3.805000000000e-02,-7.524000000000e-02,2.747265939352e+00,3.372797990084e-05
4.847436413020e+00,-2.796992692213e+00,-3.826000000000e-02,-7.435000000000e-02,2.743000805821e+00,2.729659019645e-05
9.342598208604e+00,-2.795979121763e+00,7.520000000000e-03,9.756000000000e-02,8.001775567797e-01,1.243196678804e-04
8.014625660271e+00,-2.795871567849e+00,-1.711000000000e-02,1.506000000000e-02,2.046881614325e+00,4.653539911671e-05
6.935928726238e+00,-2.793708471212e+00,-3.190000000000e-02,-2.739000000000e-02,2.723678530467e+00,2.881028657113e-05
1.450836660599e+00,-2.791966632364e+00,-2.972000000000e-02,-6.408000000000e-02,2.734987721499e+00,7.424262505609e-05
3.125372709682e+00,-2.791367071740e+00,-3.551000000000e-02,-6.999000000000e-02,2.736634384059e+00,6.656551627870e-05
9.976334656148e+00,-2.789717677129e+00,2.428000000000e-02,1.116900000000e-01,2.000488865726e-01,3.636587800248e-04
8.629447153230e+00,-2.789036743286e+00,-8.830000000000e-03,4.483000000000e-02,1.476343692921e+00,5.602122875099e-05
6.470798180605e+00,-2.788610106199e+00,-3.583000000000e-02,-4.277000000000e-02,2.722226164636e+00,2.520446337317e-05
7.413609251989e+00,-2.785867150229e+00,-2.665000000000e-02,-1.294000000000e-02,2.605994287443e+00,3.712235633996e-05
1.579647125913e+00,-2.783500098826e+00,-3.138000000000e-02,-6.437000000000e-02,2.726693974361e+00,7.507282825766e-05
3.254183174996e+00,-2.782554965406e+00,-3.575000000000e-02,-7.021000000000e-02,2.727995064123e+00,6.428346937080e-05
5.684595757468e+00,-2.779822144443e+00,-3.787000000000e-02,-6.380000000000e-02,2.719065044967e+00,2.007925866581e-05
5.361283802061e+00,-2.779765790442e+00,-3.862000000000e-02,-6.790000000000e-02,2.721905576272e+00,1.987295143104e-05
1.708457591227e+00,-2.775033565289e+00,-3.262000000000e-02,-6.489000000000e-02,2.718400227222e+00,7.577763567342e-05
3.382993640311e+00,-2.773742859071e+00,-3.624000000000e-02,-7.055000000000e-02,2.719355744187e+00,6.178818253509e-05
5.049906312459e+00,-2.771111554541e+00,-3.930000000000e-02,-7.293000000000e-02,2.715066043077e+00,2.381739492786e-05
6.019157907509e+00,-2.770950165972e+00,-3.710000000000e-02,-5.594000000000e-02,2.707898956157e+00,2.247866425243e-05
1.837268056541e+00,-2.766567031752e+00,-3.311000000000e-02,-6.469000000000e-02,2.710106480083e+00,7.635234414252e-05
9.247172381715e+00,-2.766006618118e+00,3.590000000000e-03,8.808000000000e-02,8.999887489130e-01,9.550324802079e-05
3.511804105626e+00,-2.764930752736e+00,-3.604000000000e-02,-7.112000000000e-02,2.710716424251e+00,5.911508243696e-05
7.902890165206e+00,-2.764731435898e+00,-2.099000000000e-02,8.820000000000e-03,2.161937425453e+00,4.449044052656e-05
9.880336596502e+00,-2.761623873560e+00,2.236000000000e-02,1.166300000000e-01,3.000733298590e-01,1.947455688282e-04
8.516130136542e+00,-2.759503490099e+00,-1.176000000000e-02,3.915000000000e-02,1.593339114943e+00,5.418280173880e-05
6.827592183659e+00,-2.759446687423e+00,-3.453000000000e-02,-3.218000000000e-02,2.690215012959e+00,2.745430530738e-05
1.966078521855e+00,-2.758100498215e+00,-3.267000000000e-02,-6.421000000000e-02,2.701812732945e+00,7.676293886911e-05
3.640614570940e+00,-2.756118646401e+00,-3.540000000000e-02,-7.056000000000e-02,2.702077104315e+00,5.630376815913e-05
4.751139072132e+00,-2.754206754884e+00,-3.901000000000e-02,-7.363000000000e-02,2.700452711070e+00,3.189442082222e-05
7.303534107236e+00,-2.753150353417e+00,-2.917000000000e-02,-1.713000000000e-02,2.680504312811e+00,3.452323527989e-05
6.364277888044e+00,-2.752836466298e+00,-3.673000000000e-02,-4.548000000000e-02,2.687594348192e+00,2.462351241368e-05
2.094888987169e+00,-2.749633964677e+00,-3.268000000000e-02,-6.481000000000e-02,2.693518985806e+00,7.697548118159e-05
3.769425036255e+00,-2.747306540066e+00,-3.589000000000e-02,-7.091000000000e-02,2.693437784379e+00,5.339626347262e-05
2.223699452482e+00,-2.741167431140e+00,-3.270000000000e-02,-6.573000000000e-02,2.685225238668e+00,7.695845010984e-05
5.581938357786e+00,-2.741129938717e+00,-3.934000000000e-02,-6.450000000000e-02,2.681374460513e+00,1.985384486453e-05
5.260671703226e+00,-2.739669721384e+00,-3.949000000000e-02,-6.932000000000e-02,2.682155959773e+00,2.122009638988e-05
3.898235501569e+00,-2.738494433731e+00,-3.712000000000e-02,-7.170000000000e-02,2.684798464443e+00,5.043312164277e-05
9.142049888178e+00,-2.737071548804e+00,-1.900000000000e-04,7.731000000000e-02,1.008958678362e+00,7.190486943967e-05
5.914530881827e+00,-2.733699242280e+00,-3.842000000000e-02,-5.796000000000e-02,2.671231968994e+00,2.170062304324e-05
7.791154670141e+00,-2.733591303948e+00,-2.387000000000e-02,2.920000000000e-03,2.277088399127e+00,4.234970254242e-05
9.784338536857e+00,-2.733530069990e+00,2.008000000000e-02,1.183300000000e-01,4.000977731454e-01,8.419897500547e-05
2.352509917796e+00,-2.732700897603e+00,-3.305000000000e-02,-6.615000000000e-02,2.676931491529e+00,7.668485819860e-05
8.402813119853e+00,-2.729970236913e+00,-1.415000000000e-02,3.161000000000e-02,1.709764341595e+00,5.210636434207e-05
4.027045966884e+00,-2.729682327397e+00,-3.787000000000e-02,-7.178000000000e-02,2.676159144506e+00,4.745547420808e-05
4.951414478757e+00,-2.729650444798e+00,-4.009000000000e-02,-7.309000000000e-02,2.674671603982e+00,2.664183719194e-05
6.719255641080e+00,-2.725184903633e+00,-3.622000000000e-02,-3.660000000000e-02,2.656886623240e+00,2.648832609331e-05
2.481320383110e+00,-2.724234364065e+00,-3.373000000000e-02,-6.615000000000e-02,2.668637744390e+00,7.613362927083e-05
4.155856432199e+00,-2.720870221062e+00,-3.848000000000e-02,-7.295000000000e-02,2.667519824570e+00,4.452073124479e-05
7.193458962483e+00,-2.720433556606e+00,-3.115000000000e-02,-2.070000000000e-02,2.648494813875e+00,3.215906555875e-05
6.257757595484e+00,-2.717062826397e+00,-3.781000000000e-02,-4.967000000000e-02,2.652524352378e+00,2.403440975874e-05
2.610130848424e+00,-2.715767830528e+00,-3.391000000000e-02,-6.564000000000e-02,2.660343997252e+00,7.529059858437e-05
4.284666897513e+00,-2.712058114727e+00,-3.921000000000e-02,-7.386000000000e-02,2.658880504634e+00,4.168804236350e-05
4.654841731244e+00,-2.711420817555e+00,-3.987000000000e-02,-7.349000000000e-02,2.658249393954e+00,3.008593485383e-05
9.027230727991e+00,-2.709173913821e+00,-3.690000000000e-03,6.838000000000e-02,1.127125310997e+00,5.942855391971e-05
2.738941313738e+00,-2.707301296991e+00,-3.398000000000e-02,-6.590000000000e-02,2.652050250113e+00,7.414913286192e-05
6.250000200012e-02,-2.706432173225e+00,6.600000000000e-04,-1.231090000000e+00,2.695625798352e+00,3.393209284394e-03
1.875000060004e-01,-2.706432173225e+00,1.990000000000e-03,-1.158170000000e+00,2.675261377462e+00,3.950494978137e-03
3.125000100004e-01,-2.706432173225e+00,7.240000000000e-03,-9.717300000000e-01,2.660619933914e+00,4.270176520650e-03
4.375000140001e-01,-2.706432173225e+00,8.950000000000e-03,-7.035400000000e-01,2.651796264750e+00,4.058627006345e-03
5.625000180000e-01,-2.706432173225e+00,4.850000000000e-03,-4.517800000000e-01,2.648848509965e+00,3.464226444053e-03
6.875000220000e-01,-2.706432173225e+00,-3.880000000000e-03,-2.556400000000e-01,2.648848509965e+00,2.538787307827e-03
8.125000260001e-01,-2.706432173225e+00,-1.354000000000e-02,-1.340300000000e-01,2.648848509965e+00,1.526490876755e-03
9.375000300000e-01,-2.706432173225e+00,-1.988000000000e-02,-8.421000000000e-02,2.648848509965e+00,7.079605970284e-04
9.688340477211e+00,-2.705436266421e+00,1.592000000000e-02,1.166300000000e-01,5.001222164318e-01,1.187692574874e-04
4.413477362828e+00,-2.703246008392e+00,-3.990000000000e-02,-7.467000000000e-02,2.650241184698e+00,3.895082062757e-05
7.679419175075e+00,-2.702451171997e+00,-2.546000000000e-02,-2.610000000000e-03,2.392320793844e+00,4.061257984373e-05
5.479280958103e+00,-2.702437732991e+00,-4.026000000000e-02,-6.527000000000e-02,2.643919689580e+00,2.019121193433e-05
1.064405264657e+00,-2.702371692855e+00,-2.464000000000e-02,-6.838000000000e-02,2.644874422794e+00,2.030718336183e-04
8.289496103165e+00,-2.700436983726e+00,-1.677000000000e-02,2.413000000000e-02,1.825548282543e+00,4.994111172674e-05
5.160059604392e+00,-2.699573652326e+00,-4.093000000000e-02,-7.064000000000e-02,2.642662881769e+00,2.321300397845e-05
2.867751779052e+00,-2.698834763453e+00,-3.482000000000e-02,-6.545000000000e-02,2.643756502975e+00,7.271038374953e-05
5.809903856145e+00,-2.696448318588e+00,-4.004000000000e-02,-6.049000000000e-02,2.634754261832e+00,2.104954058016e-05
4.542287828143e+00,-2.694433902057e+00,-4.026000000000e-02,-7.429000000000e-02,2.641601864762e+00,3.588969877239e-05
1.193215729971e+00,-2.694250732115e+00,-2.722000000000e-02,-6.326000000000e-02,2.636926248453e+00,6.753181230373e-05
6.610919098502e+00,-2.690923119844e+00,-3.765000000000e-02,-3.990000000000e-02,2.623698510828e+00,2.580992504886e-05
2.996562244367e+00,-2.690368229916e+00,-3.592000000000e-02,-6.676000000000e-02,2.635462755836e+00,7.098321320359e-05
4.852922645055e+00,-2.688189335056e+00,-4.060000000000e-02,-7.311000000000e-02,2.634086432543e+00,2.942996721262e-05
7.083383817730e+00,-2.687716759795e+00,-3.282000000000e-02,-2.386000000000e-02,2.616596109328e+00,3.011932946727e-05
1.322026195285e+00,-2.686129771375e+00,-2.893000000000e-02,-6.168000000000e-02,2.628978074112e+00,7.490921254688e-05
3.125372709682e+00,-2.681901696379e+00,-3.697000000000e-02,-6.797000000000e-02,2.627169008697e+00,6.898383518863e-05
6.151237302924e+00,-2.681289186496e+00,-3.931000000000e-02,-5.270000000000e-02,2.617223279261e+00,2.339836523182e-05
8.912411567804e+00,-2.681276278838e+00,-7.220000000000e-03,6.000000000000e-02,1.245119659772e+00,5.676631124148e-05
1.450836660599e+00,-2.678008810635e+00,-3.028000000000e-02,-6.139000000000e-02,2.621029899771e+00,7.642693720688e-05
9.592342417565e+00,-2.677342462852e+00,1.072000000000e-02,1.126400000000e-01,6.001466597177e-01,1.443389225789e-04
3.254183174996e+00,-2.673435162841e+00,-3.747000000000e-02,-6.858000000000e-02,2.618875261559e+00,6.673519682301e-05
7.567683680010e+00,-2.671311040046e+00,-2.748000000000e-02,-8.450000000000e-03,2.507623385045e+00,3.879173809190e-05
8.176179086476e+00,-2.670903730540e+00,-2.019000000000e-02,1.916000000000e-02,1.941490375621e+00,4.778359285953e-05
1.579647125913e+00,-2.669887849895e+00,-3.213000000000e-02,-6.153000000000e-02,2.613081725429e+00,7.713497789437e-05
3.382993640311e+00,-2.664968629304e+00,-3.796000000000e-02,-6.864000000000e-02,2.610581514420e+00,6.426616132209e-05
5.376623558420e+00,-2.663745527264e+00,-4.102000000000e-02,-6.633000000000e-02,2.605537725644e+00,2.118875282536e-05
1.708457591227e+00,-2.661766889155e+00,-3.327000000000e-02,-6.220000000000e-02,2.605133551088e+00,7.775503193676e-05
5.059447505557e+00,-2.659477583268e+00,-4.186000000000e-02,-7.130000000000e-02,2.603438017035e+00,2.572538768375e-05
5.705276830463e+00,-2.659197394895e+00,-4.099000000000e-02,-6.213000000000e-02,2.598473806094e+00,2.068296196438e-05
6.502582555924e+00,-2.656661336055e+00,-3.896000000000e-02,-4.219000000000e-02,2.590558894961e+00,2.529738791339e-05
3.511804105626e+00,-2.656502095766e+00,-3.800000000000e-02,-7.003000000000e-02,2.602287767281e+00,6.161074060662e-05
6.973308672977e+00,-2.654999962984e+00,-3.519000000000e-02,-2.835000000000e-02,2.584812301054e+00,2.851783916155e-05
1.022709042884e+01,-2.654917543025e+00,1.351000000000e-02,4.498000000000e-02,2.351057196266e-04,2.067673532008e-04
1.837268056541e+00,-2.653645928416e+00,-3.378000000000e-02,-6.228000000000e-02,2.597185376747e+00,7.827727825986e-05
8.797592407617e+00,-2.653378643854e+00,-1.080000000000e-02,5.199000000000e-02,1.363142656796e+00,5.564621020708e-05
9.496344357920e+00,-2.649248659283e+00,5.880000000000e-03,1.050500000000e-01,7.001711030031e-01,1.419311928395e-04
3.640614570940e+00,-2.648035562229e+00,-3.766000000000e-02,-6.925000000000e-02,2.593994020143e+00,5.880740154898e-05
4.754430811353e+00,-2.646728225313e+00,-4.151000000000e-02,-7.238000000000e-02,2.592933635619e+00,3.383524064572e-05
1.966078521855e+00,-2.645524967676e+00,-3.365000000000e-02,-6.221000000000e-02,2.589237202406e+00,7.866363014268e-05
6.044717010363e+00,-2.645515546595e+00,-4.094000000000e-02,-5.482000000000e-02,2.582080506113e+00,2.273318935115e-05
8.062862069787e+00,-2.641370477353e+00,-2.351000000000e-02,1.318000000000e-02,2.057563885763e+00,4.565428910510e-05
7.455948184945e+00,-2.640170908096e+00,-3.002000000000e-02,-1.378000000000e-02,2.566280633553e+00,3.609071388117e-05
3.769425036255e+00,-2.639569028692e+00,-3.779000000000e-02,-6.927000000000e-02,2.585700273004e+00,5.589705345450e-05
2.094888987169e+00,-2.637404006936e+00,-3.385000000000e-02,-6.308000000000e-02,2.581289028065e+00,7.887587164082e-05
3.898235501569e+00,-2.631102495154e+00,-3.869000000000e-02,-7.011000000000e-02,2.577406525865e+00,5.291927401737e-05
2.223699452482e+00,-2.629283046196e+00,-3.406000000000e-02,-6.389000000000e-02,2.573340853724e+00,7.887812945127e-05
1.013055703482e+01,-2.628713327143e+00,2.015000000000e-02,8.174000000000e-02,1.000267818683e-01,5.272632582243e-04
8.682773247430e+00,-2.625481008872e+00,-1.435000000000e-02,4.529000000000e-02,1.481187453893e+00,5.451054391599e-05
5.273966158738e+00,-2.625053321538e+00,-4.207000000000e-02,-6.797000000000e-02,2.567346883031e+00,2.285002290506e-05
4.027045966884e+00,-2.622635961617e+00,-3.978000000000e-02,-7.040000000000e-02,2.569112778727e+00,4.991589139829e-05
6.394246013345e+00,-2.622399552266e+00,-4.044000000000e-02,-4.516000000000e-02,2.556721144708e+00,2.483757384315e-05
6.863233528224e+00,-2.622283166173e+00,-3.729000000000e-02,-3.265000000000e-02,2.553147680043e+00,2.737473836810e-05
5.600649804781e+00,-2.621946471203e+00,-4.185000000000e-02,-6.260000000000e-02,2.562398980315e+00,2.077069793107e-05
2.352509917796e+00,-2.621162085456e+00,-3.408000000000e-02,-6.427000000000e-02,2.565392679383e+00,7.863925574761e-05
9.400346298275e+00,-2.621154855714e+00,1.710000000000e-03,9.673000000000e-02,8.001955462885e-01,1.224046988952e-04
4.958835406722e+00,-2.619381514210e+00,-4.289000000000e-02,-7.153000000000e-02,2.564493672859e+00,2.870211660161e-05
4.155856432199e+00,-2.614169428079e+00,-4.019000000000e-02,-7.135000000000e-02,2.560819031588e+00,4.694691120406e-05
2.481320383110e+00,-2.613041124716e+00,-3.491000000000e-02,-6.430000000000e-02,2.557444505041e+00,7.813434717271e-05
7.949545053099e+00,-2.611837224166e+00,-2.548000000000e-02,7.720000000000e-03,2.173747760894e+00,4.346876920307e-05
5.938196717803e+00,-2.609741906695e+00,-4.244000000000e-02,-5.671000000000e-02,2.547102585209e+00,2.211709295996e-05
7.344212689880e+00,-2.609030776145e+00,-3.223000000000e-02,-1.774000000000e-02,2.536007230197e+00,3.367398818344e-05
4.284666897513e+00,-2.605702894542e+00,-4.095000000000e-02,-7.192000000000e-02,2.552525284449e+00,4.406821268660e-05
4.655938977651e+00,-2.605267115570e+00,-4.224000000000e-02,-7.200000000000e-02,2.552091120997e+00,3.248746549351e-05
2.610130848424e+00,-2.604920163976e+00,-3.568000000000e-02,-6.438000000000e-02,2.549496330700e+00,7.734578756999e-05
1.003402364080e+01,-2.602509111260e+00,1.932000000000e-02,1.019200000000e-01,2.000535637366e-01,3.768002024069e-04
8.567954087243e+00,-2.597583373888e+00,-1.774000000000e-02,3.946000000000e-02,1.599249223708e+00,5.298836617055e-05
4.413477362828e+00,-2.597236361005e+00,-4.187000000000e-02,-7.283000000000e-02,2.544231537311e+00,4.125297024881e-05
2.738941313738e+00,-2.596799203236e+00,-3.568000000000e-02,-6.393000000000e-02,2.541548156359e+00,7.626385297349e-05
9.304348238630e+00,-2.593061052145e+00,-2.190000000000e-03,8.673000000000e-02,9.000089923414e-01,9.898149414580e-05
3.125000100004e-01,-2.591264846705e+00,7.280000000000e-03,-9.798400000000e-01,2.545985142011e+00,4.327247373935e-03
6.250000200012e-02,-2.591264846705e+00,6.700000000000e-04,-1.232520000000e+00,2.582545324935e+00,3.422554101770e-03
1.875000060004e-01,-2.591264846705e+00,2.010000000000e-03,-1.162490000000e+00,2.561281973611e+00,3.996050865256e-03
4.375000140001e-01,-2.591264846705e+00,9.330000000000e-03,-7.057400000000e-01,2.536762767849e+00,4.111857709482e-03
5.625000180000e-01,-2.591264846705e+00,4.500000000000e-03,-4.463200000000e-01,2.533681183445e+00,3.497427357572e-03
6.875000220000e-01,-2.591264846705e+00,-3.900000000000e-03,-2.457900000000e-01,2.533681183445e+00,2.545483048984e-03
8.125000260000e-01,-2.591264846705e+00,-1.438000000000e-02,-1.251500000000e-01,2.533681183445e+00,1.514461904373e-03
9.375000300000e-01,-2.591264846705e+00,-2.182000000000e-02,-7.705000000000e-02,2.533681183445e+00,6.906629177132e-04
6.753158383472e+00,-2.589566369362e+00,-3.897000000000e-02,-3.609000000000e-02,2.521606736317e+00,2.661675815899e-05
4.542287828143e+00,-2.588769827467e+00,-4.261000000000e-02,-7.280000000000e-02,2.535937790172e+00,3.815276196996e-05
2.867751779052e+00,-2.588678242497e+00,-3.597000000000e-02,-6.358000000000e-02,2.533599982018e+00,7.488691373740e-05
6.285909470766e+00,-2.588137768476e+00,-4.191000000000e-02,-4.893000000000e-02,2.523015709327e+00,2.435315141621e-05
1.064405264657e+00,-2.587377152734e+00,-2.494000000000e-02,-6.370000000000e-02,2.529879882673e+00,1.933268569307e-04
5.171308759055e+00,-2.586361115811e+00,-4.319000000000e-02,-6.887000000000e-02,2.529387523608e+00,2.509986525386e-05
5.496022779099e+00,-2.584695547510e+00,-4.247000000000e-02,-6.351000000000e-02,2.525769061137e+00,2.144783508827e-05
7.836228036410e+00,-2.582303970980e+00,-2.770000000000e-02,2.360000000000e-03,2.290025203053e+00,4.154672841603e-05
2.996562244367e+00,-2.580557281757e+00,-3.704000000000e-02,-6.474000000000e-02,2.525651807677e+00,7.322129461849e-05
1.193215729971e+00,-2.579601764792e+00,-2.774000000000e-02,-5.955000000000e-02,2.522277281129e+00,6.993283980940e-05
4.858223307887e+00,-2.579285445152e+00,-4.332000000000e-02,-7.144000000000e-02,2.525078850027e+00,3.169038751794e-05
7.232477194815e+00,-2.577890644194e+00,-3.433000000000e-02,-2.098000000000e-02,2.505831635962e+00,3.155571695980e-05
9.937490246781e+00,-2.576304895378e+00,1.585000000000e-02,1.094200000000e-01,3.000803456050e-01,2.346845138461e-04
5.831676425243e+00,-2.573968266794e+00,-4.321000000000e-02,-5.866000000000e-02,2.512296402119e+00,2.168136252805e-05
3.125372709682e+00,-2.572436321017e+00,-3.804000000000e-02,-6.549000000000e-02,2.517703633335e+00,7.128085951042e-05
1.322026195285e+00,-2.571826376849e+00,-2.963000000000e-02,-5.926000000000e-02,2.514674679586e+00,7.705674794880e-05
8.453134927056e+00,-2.569685738905e+00,-2.131000000000e-02,3.301000000000e-02,1.716751186677e+00,5.114627489121e-05
9.198228506957e+00,-2.565896769466e+00,-5.490000000000e-03,7.716000000000e-02,1.009493525206e+00,7.383363888256e-05
3.254183174996e+00,-2.564315360277e+00,-3.894000000000e-02,-6.672000000000e-02,2.509755458994e+00,6.908636666485e-05
1.450836660599e+00,-2.564050988907e+00,-3.137000000000e-02,-5.866000000000e-02,2.507072078042e+00,7.832143664869e-05
6.643083238720e+00,-2.556849572552e+00,-4.119000000000e-02,-3.936000000000e-02,2.489467247283e+00,2.612062829534e-05
1.579647125913e+00,-2.556275600964e+00,-3.310000000000e-02,-5.896000000000e-02,2.499469476498e+00,7.888935903211e-05
3.382993640311e+00,-2.556194399537e+00,-3.961000000000e-02,-6.706000000000e-02,2.501807284653e+00,6.666468639155e-05
6.177572928188e+00,-2.553875984687e+00,-4.346000000000e-02,-5.184000000000e-02,2.489447963182e+00,2.382139479939e-05
7.722911019721e+00,-2.552770717793e+00,-3.062000000000e-02,-3.150000000000e-03,2.406382648680e+00,3.967975885079e-05
9.840956852761e+00,-2.550100679495e+00,1.272000000000e-02,1.121400000000e-01,4.001071274734e-01,1.097987938862e-04
1.708457591227e+00,-2.548500213022e+00,-3.419000000000e-02,-5.955000000000e-02,2.491866874954e+00,7.941577212579e-05
3.511804105626e+00,-2.548073438797e+00,-3.966000000000e-02,-6.817000000000e-02,2.493859110312e+00,6.404812113116e-05
5.068651359372e+00,-2.547668910085e+00,-4.453000000000e-02,-6.963000000000e-02,2.491670226994e+00,2.781309224108e-05
5.391395753416e+00,-2.547444623818e+00,-4.352000000000e-02,-6.473000000000e-02,2.488961395315e+00,2.277263221853e-05
7.120741699750e+00,-2.546750512244e+00,-3.636000000000e-02,-2.411000000000e-02,2.475757427267e+00,2.981046999443e-05
8.338315766868e+00,-2.541788103922e+00,-2.431000000000e-02,2.515000000000e-02,1.833620166511e+00,4.912654003748e-05
1.837268056541e+00,-2.540724825079e+00,-3.457000000000e-02,-6.021000000000e-02,2.484264273411e+00,7.988446349065e-05
3.640614570940e+00,-2.539952478057e+00,-3.973000000000e-02,-6.771000000000e-02,2.485910935970e+00,6.127369800817e-05
9.081987103257e+00,-2.539662007676e+00,-8.500000000000e-03,6.739000000000e-02,1.128683976385e+00,5.762242404772e-05
4.757611209052e+00,-2.539189376094e+00,-4.388000000000e-02,-7.090000000000e-02,2.485356907619e+00,3.590913187449e-05
5.725156132683e+00,-2.538194626893e+00,-4.395000000000e-02,-5.973000000000e-02,2.477669194548e+00,2.158817160722e-05
1.966078521855e+00,-2.532949437137e+00,-3.495000000000e-02,-5.994000000000e-02,2.476661671867e+00,8.025128304556e-05
3.769425036255e+00,-2.531831517317e+00,-3.985000000000e-02,-6.783000000000e-02,2.477962761629e+00,5.838094007169e-05
2.094888987169e+00,-2.525174049194e+00,-3.557000000000e-02,-6.105000000000e-02,2.469059070323e+00,8.047215067780e-05
6.533008093968e+00,-2.524132775741e+00,-4.292000000000e-02,-4.197000000000e-02,2.457284726133e+00,2.575276764147e-05
9.744423458742e+00,-2.523896463613e+00,9.150000000000e-03,1.111300000000e-01,5.001339093418e-01,9.394619216496e-05
3.898235501569e+00,-2.523710556577e+00,-4.076000000000e-02,-6.867000000000e-02,2.470014587288e+00,5.540836599050e-05
7.609594003033e+00,-2.523237464607e+00,-3.277000000000e-02,-8.960000000000e-03,2.448329909184e+00,3.755914107839e-05
6.069236385609e+00,-2.519614200897e+00,-4.488000000000e-02,-5.378000000000e-02,2.456023551891e+00,2.328231702736e-05
2.223699452482e+00,-2.517398661252e+00,-3.577000000000e-02,-6.205000000000e-02,2.461456468780e+00,8.050575375800e-05
7.009006204685e+00,-2.515610380293e+00,-3.830000000000e-02,-2.816000000000e-02,2.445788344127e+00,2.851861779862e-05
4.027045966884e+00,-2.515589595837e+00,-4.170000000000e-02,-6.903000000000e-02,2.462066412947e+00,5.239863431767e-05
8.223496606681e+00,-2.513890468939e+00,-2.697000000000e-02,1.724000000000e-02,1.950644669919e+00,4.703754726896e-05
8.965745699556e+00,-2.513427245887e+00,-1.219000000000e-02,5.980000000000e-02,1.247698886247e+00,5.368489854597e-05
5.286768727734e+00,-2.510193700126e+00,-4.442000000000e-02,-6.635000000000e-02,2.452352873709e+00,2.471645642626e-05
2.352509917796e+00,-2.509623273309e+00,-3.560000000000e-02,-6.245000000000e-02,2.453853867236e+00,8.031608016642e-05
4.965993959690e+00,-2.508976704359e+00,-4.541000000000e-02,-6.972000000000e-02,2.454206153588e+00,3.091815328406e-05
4.155856432199e+00,-2.507468635097e+00,-4.223000000000e-02,-6.967000000000e-02,2.454118238606e+00,4.941418033299e-05
5.618635840122e+00,-2.502420986992e+00,-4.422000000000e-02,-6.060000000000e-02,2.442722089596e+00,2.199202287511e-05
2.481320383110e+00,-2.501847885367e+00,-3.591000000000e-02,-6.237000000000e-02,2.446251265692e+00,7.987396699850e-05
4.284666897513e+00,-2.499347674357e+00,-4.315000000000e-02,-6.985000000000e-02,2.446170064264e+00,4.650623382629e-05
4.656999110217e+00,-2.499093307036e+00,-4.441000000000e-02,-7.044000000000e-02,2.445913041253e+00,3.498867274636e-05
9.647890064723e+00,-2.497692247731e+00,4.660000000000e-03,1.078000000000e-01,6.001606912097e-01,1.185335845237e-04
2.610130848424e+00,-2.494072497425e+00,-3.697000000000e-02,-6.234000000000e-02,2.438648664148e+00,7.915809201784e-05
7.496276986344e+00,-2.493704211420e+00,-3.437000000000e-02,-1.424000000000e-02,2.419815701458e+00,3.513546542789e-05
6.422932949215e+00,-2.491415978930e+00,-4.492000000000e-02,-4.560000000000e-02,2.425217162932e+00,2.540250669690e-05
4.413477362828e+00,-2.491226713617e+00,-4.413000000000e-02,-7.085000000000e-02,2.438221889923e+00,4.362641716588e-05
8.849504295856e+00,-2.487192484097e+00,-1.586000000000e-02,5.227000000000e-02,1.366739973900e+00,5.267384669477e-05
2.738941313738e+00,-2.486297109482e+00,-3.747000000000e-02,-6.199000000000e-02,2.431046062605e+00,7.815548569036e-05
8.108677446494e+00,-2.485992833956e+00,-2.879000000000e-02,1.208000000000e-02,2.067798292072e+00,4.492574116962e-05
5.960899843031e+00,-2.485352417108e+00,-4.588000000000e-02,-5.542000000000e-02,2.422748407836e+00,2.283582306694e-05
6.897270709620e+00,-2.484470248342e+00,-4.072000000000e-02,-3.180000000000e-02,2.415254959178e+00,2.766898716363e-05
4.542287828143e+00,-2.483105752877e+00,-4.477000000000e-02,-7.091000000000e-02,2.430273715582e+00,4.050474794359e-05
2.867751779052e+00,-2.478521721540e+00,-3.760000000000e-02,-6.140000000000e-02,2.423443461061e+00,7.686161331743e-05
6.250000200012e-02,-2.476097520185e+00,6.800000000000e-04,-1.233930000000e+00,2.469657727731e+00,3.450998510011e-03
1.875000060004e-01,-2.476097520185e+00,1.920000000000e-03,-1.166050000000e+00,2.447413795242e+00,4.042098094248e-03
3.125000100004e-01,-2.476097520185e+00,6.670000000000e-03,-9.887700000000e-01,2.431400682763e+00,4.386294699897e-03
4.375000140001e-01,-2.476097520185e+00,9.370000000000e-03,-7.096600000000e-01,2.421741992273e+00,4.167376125683e-03
5.625000180000e-01,-2.476097520185e+00,5.180000000000e-03,-4.424700000000e-01,2.418513856925e+00,3.531617614511e-03
6.875000220000e-01,-2.476097520185e+00,-3.390000000000e-03,-2.364400000000e-01,2.418513856925e+00,2.551537201835e-03
8.125000260000e-01,-2.476097520185e+00,-1.598000000000e-02,-1.175500000000e-01,2.418513856925e+00,1.501246476111e-03
9.375000300000e-01,-2.476097520185e+00,-2.316000000000e-02,-7.068000000000e-02,2.418513856925e+00,6.727387086265e-04
5.182141702052e+00,-2.472942776433e+00,-4.558000000000e-02,-6.728000000000e-02,2.415952549131e+00,2.718950817985e-05
1.064405264657e+00,-2.472382612613e+00,-2.630000000000e-02,-5.823000000000e-02,2.414885342552e+00,1.837372492544e-04
9.551356670704e+00,-2.471488031849e+00,-5.000000000000e-05,1.030200000000e-01,7.001874730772e-01,1.252138990781e-04
2.996562244367e+00,-2.470746333597e+00,-3.852000000000e-02,-6.247000000000e-02,2.415840859517e+00,7.528011004471e-05
4.863336560007e+00,-2.470284498632e+00,-4.570000000000e-02,-6.972000000000e-02,2.415981337597e+00,3.406864507873e-05
5.512115547562e+00,-2.466647347091e+00,-4.525000000000e-02,-6.191000000000e-02,2.407369268945e+00,2.299492414686e-05
1.193215729971e+00,-2.464952797468e+00,-2.829000000000e-02,-5.573000000000e-02,2.407628313806e+00,7.218191368013e-05
7.382959969656e+00,-2.464170958233e+00,-3.632000000000e-02,-1.849000000000e-02,2.391387872410e+00,3.300139987217e-05
3.125372709682e+00,-2.462970945655e+00,-3.945000000000e-02,-6.376000000000e-02,2.408238257974e+00,7.342226595599e-05
1.028226317538e+01,-2.462862911814e+00,1.097000000000e-02,3.867000000000e-02,2.351057192107e-04,1.761867852805e-04
8.733262892156e+00,-2.460957722308e+00,-1.900000000000e-02,4.507000000000e-02,1.485800947332e+00,5.209610247410e-05
6.312857804462e+00,-2.458699182119e+00,-4.643000000000e-02,-4.828000000000e-02,2.393269178671e+00,2.500783456737e-05
7.993858286307e+00,-2.458095198973e+00,-3.013000000000e-02,6.850000000000e-03,2.185060264678e+00,4.272107144745e-05
1.322026195285e+00,-2.457522982323e+00,-2.998000000000e-02,-5.584000000000e-02,2.400371285060e+00,7.889789793339e-05
3.254183174996e+00,-2.455195557712e+00,-4.028000000000e-02,-6.462000000000e-02,2.400635656430e+00,7.130634072806e-05
6.785535214556e+00,-2.453330116392e+00,-4.328000000000e-02,-3.511000000000e-02,2.384666576944e+00,2.716196340665e-05
5.852563300452e+00,-2.451090633319e+00,-4.636000000000e-02,-5.680000000000e-02,2.389628766581e+00,2.262618839166e-05
1.450836660599e+00,-2.450093167178e+00,-3.225000000000e-02,-5.595000000000e-02,2.393114256313e+00,7.986680516096e-05
3.382993640311e+00,-2.447420169770e+00,-4.121000000000e-02,-6.524000000000e-02,2.393033054886e+00,6.895683129333e-05
9.454823276685e+00,-2.445283815966e+00,-4.420000000000e-03,9.533000000000e-02,8.002142549446e-01,1.154514834036e-04
1.579647125913e+00,-2.442663352033e+00,-3.386000000000e-02,-5.629000000000e-02,2.385857227567e+00,8.026767068603e-05
3.511804105626e+00,-2.439644781827e+00,-4.131000000000e-02,-6.595000000000e-02,2.385430453342e+00,6.640390595651e-05
1.018523155184e+01,-2.438558448125e+00,1.476000000000e-02,7.332000000000e-02,1.000292103384e-01,5.085426451335e-04
5.077514676370e+00,-2.435691852741e+00,-4.697000000000e-02,-6.783000000000e-02,2.379769975179e+00,3.007120453311e-05
1.708457591227e+00,-2.435233536888e+00,-3.511000000000e-02,-5.735000000000e-02,2.378600198821e+00,8.068964532465e-05
8.617021488455e+00,-2.434722960518e+00,-2.288000000000e-02,3.866000000000e-02,1.604877380751e+00,5.115243154018e-05
7.269642952967e+00,-2.434637705047e+00,-3.813000000000e-02,-2.124000000000e-02,2.362935027544e+00,3.123062234170e-05
3.640614570940e+00,-2.431869393885e+00,-4.137000000000e-02,-6.593000000000e-02,2.377827851798e+00,6.368270859840e-05
4.760679160324e+00,-2.431592292906e+00,-4.604000000000e-02,-6.927000000000e-02,2.377724542171e+00,3.810748377390e-05
5.405595255002e+00,-2.430873707190e+00,-4.639000000000e-02,-6.337000000000e-02,2.372187214388e+00,2.461863280032e-05
7.879039126119e+00,-2.430197563990e+00,-3.205000000000e-02,9.900000000000e-04,2.302414032928e+00,4.091915800555e-05
1.837268056541e+00,-2.427803721743e+00,-3.581000000000e-02,-5.781000000000e-02,2.371343170074e+00,8.110489581345e-05
6.202782659710e+00,-2.425982385308e+00,-4.747000000000e-02,-5.090000000000e-02,2.361445626703e+00,2.456976241657e-05
3.769425036255e+00,-2.424094005942e+00,-4.204000000000e-02,-6.605000000000e-02,2.370225250255e+00,6.083099149126e-05
6.673799719491e+00,-2.422189984441e+00,-4.534000000000e-02,-3.832000000000e-02,2.354174161626e+00,2.685748343355e-05
1.966078521855e+00,-2.420373906598e+00,-3.637000000000e-02,-5.771000000000e-02,2.364086141328e+00,8.145924033608e-05
9.358289882667e+00,-2.419079600084e+00,-8.310000000000e-03,8.660000000000e-02,9.000300450252e-01,9.960943018947e-05
5.744226757874e+00,-2.416828849530e+00,-4.680000000000e-02,-5.768000000000e-02,2.356286137454e+00,2.281179045803e-05
3.898235501569e+00,-2.416318618000e+00,-4.304000000000e-02,-6.683000000000e-02,2.362622648711e+00,5.788605240449e-05
1.008819992831e+01,-2.414253984436e+00,1.306000000000e-02,9.278000000000e-02,2.000584206767e-01,3.856881551960e-04
2.094888987169e+00,-2.412944091453e+00,-3.739000000000e-02,-5.851000000000e-02,2.356829112582e+00,8.170036549526e-05
4.027045966884e+00,-2.408543230057e+00,-4.409000000000e-02,-6.725000000000e-02,2.355020047167e+00,5.489142420224e-05
8.500780084755e+00,-2.408488198729e+00,-2.682000000000e-02,3.214000000000e-02,1.723431260603e+00,4.977368332125e-05
2.223699452482e+00,-2.405514276308e+00,-3.793000000000e-02,-5.994000000000e-02,2.349572083836e+00,8.178017900772e-05
7.156325936279e+00,-2.405104451860e+00,-4.001000000000e-02,-2.370000000000e-02,2.333922630191e+00,2.988374887980e-05
7.764219965932e+00,-2.402299929006e+00,-3.408000000000e-02,-4.770000000000e-03,2.326674088620e+00,3.903951575384e-05
4.155856432199e+00,-2.400767842115e+00,-4.432000000000e-02,-6.725000000000e-02,2.347417445623e+00,5.191166814713e-05
4.972887650688e+00,-2.398440929048e+00,-4.741000000000e-02,-6.749000000000e-02,2.343765740629e+00,3.328066345627e-05
2.352509917796e+00,-2.398084461163e+00,-3.790000000000e-02,-6.040000000000e-02,2.342315055089e+00,8.165705389342e-05
5.299074962442e+00,-2.395100067289e+00,-4.699000000000e-02,-6.453000000000e-02,2.337183637660e+00,2.681038472458e-05
9.251231559096e+00,-2.393704428373e+00,-1.136000000000e-02,7.754000000000e-02,1.010003276177e+00,7.560777649826e-05
6.092707514957e+00,-2.393265588497e+00,-4.794000000000e-02,-5.244000000000e-02,2.329751606132e+00,2.415415851594e-05
4.284666897513e+00,-2.392992454172e+00,-4.523000000000e-02,-6.746000000000e-02,2.339814844080e+00,4.899214754595e-05
4.658021760641e+00,-2.392900087179e+00,-4.673000000000e-02,-6.905000000000e-02,2.339715842146e+00,3.758213494813e-05
6.562064224427e+00,-2.391049852491e+00,-4.735000000000e-02,-4.196000000000e-02,2.323781491030e+00,2.662071159107e-05
2.481320383110e+00,-2.390654646018e+00,-3.765000000000e-02,-6.053000000000e-02,2.335058026343e+00,8.129717277156e-05
9.991168304772e+00,-2.389949520748e+00,1.055000000000e-02,1.010300000000e-01,3.000876310152e-01,2.690300399955e-04
4.413477362828e+00,-2.385217066230e+00,-4.630000000000e-02,-6.831000000000e-02,2.332212242536e+00,4.606269917631e-05
2.610130848424e+00,-2.383224830873e+00,-3.827000000000e-02,-6.004000000000e-02,2.327800997597e+00,8.067532262247e-05
5.635890215296e+00,-2.382567065740e+00,-4.741000000000e-02,-5.900000000000e-02,2.322451384319e+00,2.352376046579e-05
8.384538681054e+00,-2.382253436939e+00,-3.018000000000e-02,2.514000000000e-02,1.841335221660e+00,4.808154561559e-05
4.542287828143e+00,-2.377441678287e+00,-4.704000000000e-02,-6.901000000000e-02,2.324609640992e+00,4.293653726155e-05
2.738941313738e+00,-2.375795015728e+00,-3.873000000000e-02,-6.021000000000e-02,2.320543968851e+00,7.977520770396e-05
7.043008919590e+00,-2.375571198674e+00,-4.246000000000e-02,-2.729000000000e-02,2.304987415478e+00,2.898614509044e-05
7.649400805745e+00,-2.374402294023e+00,-3.554000000000e-02,-9.610000000000e-03,2.299939328581e+00,3.671848970624e-05
9.133648305974e+00,-2.369158300835e+00,-1.373000000000e-02,6.750000000000e-02,1.130165483703e+00,5.601817004099e-05
2.867751779052e+00,-2.368365200583e+00,-3.902000000000e-02,-5.902000000000e-02,2.313286940104e+00,7.858932101779e-05
9.894136681237e+00,-2.365645057059e+00,7.260000000000e-03,1.047500000000e-01,4.001168413536e-01,1.498780293265e-04
4.868260625005e+00,-2.361190005356e+00,-4.794000000000e-02,-6.794000000000e-02,2.306797200855e+00,3.655744885162e-05
2.996562244367e+00,-2.360935385438e+00,-3.989000000000e-02,-5.996000000000e-02,2.306029911358e+00,7.711847432581e-05
6.250000200012e-02,-2.360930193666e+00,7.000000000000e-04,-1.235270000000e+00,2.356990720205e+00,3.478352253059e-03
1.875000060004e-01,-2.360930193666e+00,1.700000000000e-03,-1.169240000000e+00,2.333673123668e+00,4.088562731595e-03
3.125000100004e-01,-2.360930193666e+00,6.420000000000e-03,-9.972900000000e-01,2.316874024010e+00,4.447454136870e-03
4.375000140001e-01,-2.360930193666e+00,9.200000000000e-03,-7.132100000000e-01,2.306735840995e+00,4.225411767144e-03
5.625000180000e-01,-2.360930193666e+00,3.870000000000e-03,-4.380500000000e-01,2.303346530406e+00,3.566856547231e-03
6.875000220000e-01,-2.360930193666e+00,-3.700000000000e-03,-2.264300000000e-01,2.303346530406e+00,2.556799843085e-03
8.125000260000e-01,-2.360930193666e+00,-1.522000000000e-02,-1.084400000000e-01,2.303346530406e+00,1.486667350758e-03
9.375000300000e-01,-2.360930193666e+00,-2.423000000000e-02,-6.459000000000e-02,2.303346530406e+00,6.541195038307e-04
5.982632370205e+00,-2.360548791686e+00,-4.830000000000e-02,-5.350000000000e-02,2.298192476007e+00,2.388122439871e-05
6.450328729363e+00,-2.359909720541e+00,-4.894000000000e-02,-4.546000000000e-02,2.293492530519e+00,2.635590313299e-05
5.192554669881e+00,-2.359326427388e+00,-4.842000000000e-02,-6.552000000000e-02,2.302366679131e+00,2.947288512875e-05
1.064405264657e+00,-2.357388072492e+00,-2.770000000000e-02,-5.427000000000e-02,2.299890802431e+00,1.742383903853e-04
8.268297277353e+00,-2.356018675150e+00,-3.246000000000e-02,1.778000000000e-02,1.959391778166e+00,4.620363339560e-05
3.125372709682e+00,-2.353505570293e+00,-4.093000000000e-02,-6.185000000000e-02,2.298772882612e+00,7.537112680299e-05
1.193215729971e+00,-2.350303830145e+00,-2.919000000000e-02,-5.223000000000e-02,2.292979346482e+00,7.417403049320e-05
5.527553672717e+00,-2.348305281951e+00,-4.814000000000e-02,-6.048000000000e-02,2.288762577827e+00,2.482917630190e-05
7.534581645558e+00,-2.346504659040e+00,-3.756000000000e-02,-1.446000000000e-02,2.272645833449e+00,3.461718087561e-05
3.254183174996e+00,-2.346075755148e+00,-4.207000000000e-02,-6.257000000000e-02,2.291515853865e+00,7.336264145453e-05
6.929691902902e+00,-2.346037945487e+00,-4.522000000000e-02,-3.095000000000e-02,2.276132326946e+00,2.847740771749e-05
9.016065052853e+00,-2.344612173296e+00,-1.635000000000e-02,5.920000000000e-02,1.250148744657e+00,4.970238727319e-05
1.322026195285e+00,-2.343219587797e+00,-3.074000000000e-02,-5.235000000000e-02,2.286067890533e+00,8.037107382784e-05
9.797105057703e+00,-2.341340593371e+00,3.490000000000e-03,1.054000000000e-01,5.001460516921e-01,9.093148776215e-05
3.382993640311e+00,-2.338645940003e+00,-4.308000000000e-02,-6.298000000000e-02,2.284258825119e+00,7.111462607753e-05
1.450836660599e+00,-2.336135345449e+00,-3.243000000000e-02,-5.314000000000e-02,2.279156434585e+00,8.098494083009e-05
3.511804105626e+00,-2.331216124858e+00,-4.299000000000e-02,-6.359000000000e-02,2.277001796373e+00,6.865452472505e-05
8.152055873653e+00,-2.329783913360e+00,-3.391000000000e-02,1.200000000000e-02,2.077574916937e+00,4.422142949367e-05
1.579647125913e+00,-2.329051103102e+00,-3.437000000000e-02,-5.361000000000e-02,2.272244978636e+00,8.118612199427e-05
6.338593234298e+00,-2.328769588590e+00,-4.990000000000e-02,-4.746000000000e-02,2.263311443826e+00,2.602746567925e-05
5.872557225453e+00,-2.327831994875e+00,-4.892000000000e-02,-5.527000000000e-02,2.266366395832e+00,2.390192675817e-05
4.763633599323e+00,-2.323939081664e+00,-4.841000000000e-02,-6.785000000000e-02,2.270038571796e+00,4.042354752522e-05
3.640614570940e+00,-2.323786309713e+00,-4.295000000000e-02,-6.424000000000e-02,2.269744767626e+00,6.601498560486e-05
5.086034377321e+00,-2.323552787487e+00,-4.919000000000e-02,-6.514000000000e-02,2.267744934332e+00,3.249203696104e-05
1.708457591227e+00,-2.321966860754e+00,-3.622000000000e-02,-5.447000000000e-02,2.265333522687e+00,8.149374634842e-05
8.898481799731e+00,-2.320066045757e+00,-1.989000000000e-02,5.152000000000e-02,1.370155616915e+00,4.815173908372e-05
7.419762485371e+00,-2.318607024057e+00,-3.958000000000e-02,-1.834000000000e-02,2.245347960716e+00,3.285701950075e-05
9.700073434169e+00,-2.317036129682e+00,-8.100000000000e-04,1.024200000000e-01,6.001752620300e-01,9.544367645705e-05
6.816374886214e+00,-2.316504692301e+00,-4.787000000000e-02,-3.406000000000e-02,2.247360450951e+00,2.822859558172e-05
3.769425036255e+00,-2.316356494568e+00,-4.382000000000e-02,-6.385000000000e-02,2.262487738880e+00,6.323146670255e-05
1.837268056541e+00,-2.314882618407e+00,-3.730000000000e-02,-5.519000000000e-02,2.258422066738e+00,8.185941527249e-05
5.419217130139e+00,-2.314043498162e+00,-4.912000000000e-02,-6.179000000000e-02,2.255226258488e+00,2.671870875967e-05
3.898235501570e+00,-2.308926679423e+00,-4.516000000000e-02,-6.452000000000e-02,2.255230710134e+00,6.033978282432e-05
1.966078521855e+00,-2.307798376059e+00,-3.775000000000e-02,-5.548000000000e-02,2.251510610789e+00,8.221249999966e-05
8.035814469952e+00,-2.303549151570e+00,-3.498000000000e-02,7.020000000000e-03,2.195864199797e+00,4.209218923696e-05
4.027045966884e+00,-2.301496864277e+00,-4.661000000000e-02,-6.510000000000e-02,2.247973681387e+00,5.738427245268e-05
2.094888987168e+00,-2.300714133711e+00,-3.873000000000e-02,-5.570000000000e-02,2.244599154840e+00,8.248934714457e-05
6.226857739234e+00,-2.297629456640e+00,-4.991000000000e-02,-4.927000000000e-02,2.233242604526e+00,2.566728719839e-05
8.780898546610e+00,-2.295519918218e+00,-2.304000000000e-02,4.431000000000e-02,1.490180396108e+00,4.810912080849e-05
5.762482080700e+00,-2.295115198064e+00,-4.962000000000e-02,-5.631000000000e-02,2.234105267018e+00,2.436238826707e-05
4.155856432199e+00,-2.294067049132e+00,-4.703000000000e-02,-6.494000000000e-02,2.240716652641e+00,5.443116613887e-05
2.223699452482e+00,-2.293629891364e+00,-3.996000000000e-02,-5.747000000000e-02,2.237687698892e+00,8.263377234228e-05
9.603041810635e+00,-2.292731665994e+00,-4.980000000000e-03,9.880000000000e-02,7.002044723675e-01,1.053530906072e-04
7.304943325184e+00,-2.290709389074e+00,-4.128000000000e-02,-2.108000000000e-02,2.218114616956e+00,3.151359827204e-05
4.979514084761e+00,-2.287779147587e+00,-4.993000000000e-02,-6.544000000000e-02,2.232943834144e+00,3.578257668483e-05
6.703057869526e+00,-2.286971439115e+00,-5.021000000000e-02,-3.783000000000e-02,2.218675024806e+00,2.809212189609e-05
4.659006573641e+00,-2.286688157971e+00,-4.889000000000e-02,-6.715000000000e-02,2.233500217519e+00,4.026343214463e-05
4.284666897513e+00,-2.286637233987e+00,-4.769000000000e-02,-6.528000000000e-02,2.233459623895e+00,5.151891269868e-05
2.352509917796e+00,-2.286545649016e+00,-4.027000000000e-02,-5.828000000000e-02,2.230776242943e+00,8.259795650116e-05
5.310880587560e+00,-2.279781714372e+00,-5.015000000000e-02,-6.253000000000e-02,2.221849331178e+00,2.912306270105e-05
2.481320383110e+00,-2.279461406669e+00,-4.007000000000e-02,-5.846000000000e-02,2.223864786994e+00,8.234319692450e-05
4.413477362828e+00,-2.279207418842e+00,-4.847000000000e-02,-6.595000000000e-02,2.226202595148e+00,4.855639479973e-05
7.919573066251e+00,-2.277314389781e+00,-3.661000000000e-02,6.700000000000e-04,2.200586534363e+00,4.028914850004e-05
2.610130848424e+00,-2.272377164321e+00,-4.004000000000e-02,-5.794000000000e-02,2.216953331045e+00,8.184034961542e-05
4.542287828143e+00,-2.271777603697e+00,-4.930000000000e-02,-6.713000000000e-02,2.218945566402e+00,4.544292210743e-05
8.663315293488e+00,-2.270973790679e+00,-2.651000000000e-02,3.682000000000e-02,1.610219077923e+00,4.799508069163e-05
1.033382966461e+01,-2.269808749162e+00,8.620000000000e-03,3.436000000000e-02,2.351057199007e-04,1.440162182230e-04
9.506010187102e+00,-2.268427202305e+00,-9.470000000000e-03,9.276000000000e-02,8.002336827050e-01,1.037673115507e-04
6.115122244169e+00,-2.266489324689e+00,-5.025000000000e-02,-5.084000000000e-02,2.203290608226e+00,2.536881563230e-05
2.738941313738e+00,-2.265292921974e+00,-3.999000000000e-02,-5.841000000000e-02,2.210041875096e+00,8.106983550180e-05
7.190124164996e+00,-2.262811754091e+00,-4.384000000000e-02,-2.382000000000e-02,2.190948208442e+00,3.062146214422e-05
5.652406935948e+00,-2.262398401253e+00,-4.993000000000e-02,-5.740000000000e-02,2.201968451223e+00,2.536504128411e-05
2.867751779052e+00,-2.258208679626e+00,-4.051000000000e-02,-5.681000000000e-02,2.203130419148e+00,8.002119615301e-05
6.589740852838e+00,-2.257438185928e+00,-5.170000000000e-02,-4.143000000000e-02,2.190079445445e+00,2.794646440387e-05
4.872993792201e+00,-2.252005507686e+00,-5.034000000000e-02,-6.599000000000e-02,2.197529770676e+00,3.915203919414e-05
2.996562244367e+00,-2.251124437278e+00,-4.153000000000e-02,-5.772000000000e-02,2.196218963199e+00,7.869231654910e-05
7.803331662551e+00,-2.251079627991e+00,-3.826000000000e-02,-4.800000000000e-03,2.174988936334e+00,3.849320145532e-05
1.023633710876e+01,-2.247413475160e+00,1.076000000000e-02,6.344000000000e-02,1.000317286893e-01,4.860449203223e-04
8.545732040366e+00,-2.246427663140e+00,-3.035000000000e-02,3.021000000000e-02,1.729797697216e+00,4.739176103150e-05
6.250000200012e-02,-2.245762867146e+00,7.100000000000e-04,-1.236520000000e+00,2.244577520229e+00,3.504405138120e-03
1.875000060004e-01,-2.245762867146e+00,1.470000000000e-03,-1.172100000000e+00,2.220079556529e+00,4.135351957271e-03
3.125000100004e-01,-2.245762867146e+00,5.590000000000e-03,-1.005290000000e+00,2.202414182736e+00,4.510875542687e-03
4.375000140001e-01,-2.245762867146e+00,9.820000000000e-03,-7.171900000000e-01,2.191746616130e+00,4.286232093049e-03
5.625000180000e-01,-2.245762867146e+00,4.710000000000e-03,-4.308500000000e-01,2.188179203886e+00,3.603208831175e-03
8.125000260000e-01,-2.245762867146e+00,-1.728000000000e-02,-9.728000000000e-02,2.188179203886e+00,1.470482347979e-03
9.375000300000e-01,-2.245762867146e+00,-2.559000000000e-02,-5.794000000000e-02,2.188179203886e+00,6.346896126805e-04
6.875000219999e-01,-2.245762867146e+00,-5.080000000000e-03,-2.165700000000e-01,2.188179203886e+00,2.561080185847e-03
5.202544044982e+00,-2.245519930583e+00,-5.108000000000e-02,-6.296000000000e-02,2.188639088135e+00,3.194254125620e-05
9.408978563568e+00,-2.244122738617e+00,-1.326000000000e-02,8.551000000000e-02,9.000519069063e-01,9.631972258081e-05
3.125372709682e+00,-2.244040194931e+00,-4.257000000000e-02,-5.955000000000e-02,2.189307507250e+00,7.708852330965e-05
1.064405264657e+00,-2.242393532371e+00,-2.885000000000e-02,-5.031000000000e-02,2.184896262310e+00,1.646835869641e-04
3.254183174996e+00,-2.236955952583e+00,-4.389000000000e-02,-6.035000000000e-02,2.182396051301e+00,7.522176367090e-05
1.193215729971e+00,-2.235654862821e+00,-3.056000000000e-02,-4.891000000000e-02,2.178330379159e+00,7.554755031740e-05
6.003386749105e+00,-2.235349192739e+00,-5.089000000000e-02,-5.198000000000e-02,2.172882686800e+00,2.526871314349e-05
7.075305004809e+00,-2.234914119108e+00,-4.740000000000e-02,-2.714000000000e-02,2.163851256223e+00,3.014125130466e-05
3.382993640311e+00,-2.229871710236e+00,-4.500000000000e-02,-6.079000000000e-02,2.175484595352e+00,7.311005821745e-05
5.542331791196e+00,-2.229681604443e+00,-5.088000000000e-02,-5.896000000000e-02,2.169961471627e+00,2.694358986016e-05
1.322026195285e+00,-2.228916193270e+00,-3.176000000000e-02,-4.928000000000e-02,2.171764496007e+00,8.126295298325e-05
6.476423836150e+00,-2.227904932742e+00,-5.270000000000e-02,-4.412000000000e-02,2.161577278631e+00,2.772501137031e-05
1.013884455291e+01,-2.225018201159e+00,8.540000000000e-03,8.139000000000e-02,2.000634573786e-01,3.895002664937e-04
7.687090258850e+00,-2.224844866202e+00,-4.010000000000e-02,-9.440000000000e-03,2.149443460993e+00,3.639103843515e-05
3.511804105626e+00,-2.222787467888e+00,-4.478000000000e-02,-6.118000000000e-02,2.168573139403e+00,7.077732022432e-05
1.450836660599e+00,-2.222177523720e+00,-3.336000000000e-02,-5.070000000000e-02,2.165198612856e+00,8.153717473832e-05
8.428148787244e+00,-2.221881535601e+00,-3.353000000000e-02,2.410000000000e-02,1.848685746940e+00,4.631927772539e-05
9.301040630663e+00,-2.220553889218e+00,-1.681000000000e-02,7.730000000000e-02,1.010487478259e+00,7.632812084711e-05
4.766473499640e+00,-2.216231867785e+00,-5.048000000000e-02,-6.567000000000e-02,2.162301045776e+00,4.285351616804e-05
3.640614570940e+00,-2.215703225541e+00,-4.487000000000e-02,-6.211000000000e-02,2.161661683454e+00,6.825287626292e-05
1.579647125913e+00,-2.215438854170e+00,-3.528000000000e-02,-5.084000000000e-02,2.158632729704e+00,8.153715379080e-05
5.094207502403e+00,-2.211258146794e+00,-5.204000000000e-02,-6.287000000000e-02,2.155603233422e+00,3.507023391685e-05
1.708457591227e+00,-2.208700184620e+00,-3.725000000000e-02,-5.155000000000e-02,2.152066846553e+00,8.173185075022e-05
3.769425036255e+00,-2.208618983193e+00,-4.563000000000e-02,-6.188000000000e-02,2.154750227505e+00,6.556919457441e-05
6.960485844622e+00,-2.207016484125e+00,-5.003000000000e-02,-3.047000000000e-02,2.136826402612e+00,2.995709968683e-05
5.891651254040e+00,-2.204209060788e+00,-5.179000000000e-02,-5.377000000000e-02,2.142243805917e+00,2.551695597443e-05
1.004135199705e+01,-2.202622927157e+00,5.080000000000e-03,9.264000000000e-02,3.000951860679e-01,2.962506985540e-04
1.837268056541e+00,-2.201961515070e+00,-3.862000000000e-02,-5.279000000000e-02,2.145500963402e+00,8.205909876375e-05
3.898235501570e+00,-2.201534740845e+00,-4.722000000000e-02,-6.241000000000e-02,2.147838771556e+00,6.276022045858e-05
7.570848855149e+00,-2.198610104412e+00,-4.197000000000e-02,-1.422000000000e-02,2.123951989032e+00,3.470749698165e-05
6.363106819462e+00,-2.198371679555e+00,-5.265000000000e-02,-4.595000000000e-02,2.133172268734e+00,2.742890663097e-05
9.182196388388e+00,-2.197720654109e+00,-2.000000000000e-02,6.871000000000e-02,1.131568536437e+00,5.528763460479e-05
8.310565534122e+00,-2.197335408062e+00,-3.610000000000e-02,1.711000000000e-02,1.967723196023e+00,4.490475503786e-05
5.432256646443e+00,-2.196964807632e+00,-5.209000000000e-02,-6.007000000000e-02,2.138090159140e+00,2.906409667648e-05
1.966078521855e+00,-2.195222845520e+00,-3.902000000000e-02,-5.315000000000e-02,2.138935080250e+00,8.242813563098e-05
4.027045966884e+00,-2.194450498498e+00,-4.852000000000e-02,-6.293000000000e-02,2.140927315608e+00,5.987089343065e-05
2.094888987168e+00,-2.188484175970e+00,-3.989000000000e-02,-5.278000000000e-02,2.132369197099e+00,8.276103269930e-05
4.155856432199e+00,-2.187366256150e+00,-4.941000000000e-02,-6.284000000000e-02,2.134015859659e+00,5.696849024755e-05
2.223699452482e+00,-2.181745506420e+00,-4.131000000000e-02,-5.438000000000e-02,2.125803313947e+00,8.299264335906e-05
4.659953207080e+00,-2.180458227884e+00,-5.144000000000e-02,-6.535000000000e-02,2.127266867393e+00,4.303198936015e-05
4.284666897513e+00,-2.180282013803e+00,-4.992000000000e-02,-6.324000000000e-02,2.127104403710e+00,5.408369329298e-05
9.943859441199e+00,-2.180227653156e+00,1.970000000000e-03,9.639000000000e-02,4.001269147573e-01,1.905039023328e-04
6.845666684436e+00,-2.179118849142e+00,-5.216000000000e-02,-3.365000000000e-02,2.109876418089e+00,2.991615130267e-05
4.985870959825e+00,-2.176996363004e+00,-5.247000000000e-02,-6.311000000000e-02,2.122013484023e+00,3.841988436307e-05
2.352509917796e+00,-2.175006836870e+00,-4.232000000000e-02,-5.587000000000e-02,2.119237430796e+00,8.306883136694e-05
9.063352146112e+00,-2.174887418999e+00,-2.237000000000e-02,5.936000000000e-02,1.252467157941e+00,4.597536935564e-05
4.413477362828e+00,-2.173197771455e+00,-5.057000000000e-02,-6.364000000000e-02,2.120192947761e+00,5.110638157913e-05
5.779915758976e+00,-2.173068928838e+00,-5.191000000000e-02,-5.508000000000e-02,2.111710447030e+00,2.624003342867e-05
8.192982281000e+00,-2.172789280523e+00,-3.795000000000e-02,1.097000000000e-02,2.086884479069e+00,4.326610637439e-05
7.454607451449e+00,-2.172375342623e+00,-4.363000000000e-02,-1.842000000000e-02,2.098516488450e+00,3.345428020917e-05
6.249789802774e+00,-2.168838426369e+00,-5.308000000000e-02,-4.787000000000e-02,2.104828180965e+00,2.712550283592e-05
2.481320383110e+00,-2.168268167319e+00,-4.243000000000e-02,-5.620000000000e-02,2.112671547645e+00,8.294607655913e-05
4.542287828143e+00,-2.166113529107e+00,-5.142000000000e-02,-6.486000000000e-02,2.113281491812e+00,4.802368269347e-05
5.322181501691e+00,-2.164248010821e+00,-5.303000000000e-02,-6.031000000000e-02,2.106360672102e+00,3.164699919954e-05
2.610130848424e+00,-2.161529497769e+00,-4.217000000000e-02,-5.579000000000e-02,2.106105664493e+00,8.259147037142e-05
9.846366885345e+00,-2.157832379155e+00,-2.390000000000e-03,9.809000000000e-02,5.001586434467e-01,1.139058597033e-04
2.738941313738e+00,-2.154790828219e+00,-4.177000000000e-02,-5.610000000000e-02,2.099539781342e+00,8.198235590977e-05
8.944507903837e+00,-2.152054183890e+00,-2.529000000000e-02,5.084000000000e-02,1.373386774322e+00,4.250439332460e-05
6.730847524250e+00,-2.151221214159e+00,-5.409000000000e-02,-3.705000000000e-02,2.083004208631e+00,2.987820262535e-05
8.075399027878e+00,-2.148243152985e+00,-3.946000000000e-02,6.170000000000e-03,2.069915213813e+00,4.139420279806e-05
2.867751779052e+00,-2.148052158669e+00,-4.220000000000e-02,-5.503000000000e-02,2.092973898190e+00,8.110545767520e-05
7.338366047749e+00,-2.146140580833e+00,-4.596000000000e-02,-2.134000000000e-02,2.073139019399e+00,3.264146342284e-05
4.877534417246e+00,-2.142734579215e+00,-5.275000000000e-02,-6.362000000000e-02,2.088182402179e+00,4.185123737681e-05
5.668180263912e+00,-2.141928796888e+00,-5.261000000000e-02,-5.587000000000e-02,2.081287254300e+00,2.750932748277e-05
2.996562244367e+00,-2.141313489119e+00,-4.321000000000e-02,-5.553000000000e-02,2.086408015039e+00,7.995566379026e-05
6.136472786086e+00,-2.139305173183e+00,-5.338000000000e-02,-4.915000000000e-02,2.075768349317e+00,2.693429483686e-05
9.748874329491e+00,-2.135437105153e+00,-6.680000000000e-03,9.713000000000e-02,6.001903721355e-01,8.688302932098e-05
3.125372709682e+00,-2.134574819569e+00,-4.445000000000e-02,-5.694000000000e-02,2.079842131887e+00,7.853479499885e-05
5.212106356938e+00,-2.131531214010e+00,-5.407000000000e-02,-6.086000000000e-02,2.074779517309e+00,3.459350690761e-05
1.875000060004e-01,-2.130595540626e+00,1.270000000000e-03,-1.174540000000e+00,2.106656890122e+00,4.182350295715e-03
8.125000259999e-01,-2.130595540626e+00,-1.988000000000e-02,-8.619000000000e-02,2.073011877365e+00,1.452337681634e-03
6.250000200012e-02,-2.130595540626e+00,6.900000000000e-04,-1.237730000000e+00,2.132458266813e+00,3.528926718815e-03
3.125000100004e-01,-2.130595540626e+00,5.040000000000e-03,-1.013950000000e+00,2.088032147190e+00,4.576726058967e-03
6.875000219999e-01,-2.130595540626e+00,-7.620000000000e-03,-2.029300000000e-01,2.073011877365e+00,2.564143693098e-03
9.375000300000e-01,-2.130595540626e+00,-2.580000000000e-02,-5.268000000000e-02,2.073011877365e+00,6.140285197131e-04
4.375000140001e-01,-2.130595540626e+00,9.320000000000e-03,-7.207700000000e-01,2.076777129279e+00,4.350154496892e-03
5.625000180000e-01,-2.130595540626e+00,5.020000000000e-03,-4.245800000000e-01,2.073011877365e+00,3.640752476435e-03
8.825663661562e+00,-2.129220948781e+00,-2.830000000000e-02,4.381000000000e-02,1.494322288911e+00,4.228482865649e-05
3.254183174996e+00,-2.127836150019e+00,-4.571000000000e-02,-5.789000000000e-02,2.073276248736e+00,7.685068773630e-05
1.064405264657e+00,-2.127398992249e+00,-2.911000000000e-02,-4.658000000000e-02,2.069901722188e+00,1.556959761402e-04
7.957815774757e+00,-2.123697025446e+00,-4.167000000000e-02,5.400000000000e-04,2.046153054963e+00,3.982627073534e-05
6.616028364063e+00,-2.123323579176e+00,-5.542000000000e-02,-3.995000000000e-02,2.056212823520e+00,2.975208769942e-05
3.382993640311e+00,-2.121097480468e+00,-4.643000000000e-02,-5.851000000000e-02,2.066710365585e+00,7.491682408081e-05
1.193215729971e+00,-2.121005895496e+00,-3.145000000000e-02,-4.570000000000e-02,2.063681411835e+00,7.734014857608e-05
7.222124644048e+00,-2.119905819044e+00,-4.920000000000e-02,-2.456000000000e-02,2.047821739335e+00,3.224097384917e-05
1.322026195285e+00,-2.114612798744e+00,-3.310000000000e-02,-4.617000000000e-02,2.057461101480e+00,8.102048201953e-05
3.511804105626e+00,-2.114358810918e+00,-4.687000000000e-02,-5.876000000000e-02,2.060144482433e+00,7.275249300078e-05
9.651381773638e+00,-2.113041831152e+00,-1.044000000000e-02,9.387000000000e-02,7.002221008239e-01,8.804231442789e-05
5.556444768847e+00,-2.110788664937e+00,-5.389000000000e-02,-5.718000000000e-02,2.050979130182e+00,2.932892517477e-05
6.023155769398e+00,-2.109771919996e+00,-5.453000000000e-02,-5.078000000000e-02,2.046794091045e+00,2.700190716343e-05
4.769197874668e+00,-2.108472795426e+00,-5.286000000000e-02,-6.328000000000e-02,2.054514029482e+00,4.539801247821e-05
1.450836660599e+00,-2.108219701991e+00,-3.471000000000e-02,-4.751000000000e-02,2.051240791127e+00,8.125276574484e-05
3.640614570940e+00,-2.107620141368e+00,-4.671000000000e-02,-5.926000000000e-02,2.053578599282e+00,7.038260372207e-05
8.706819419287e+00,-2.106387713671e+00,-3.137000000000e-02,3.724000000000e-02,1.615270130810e+00,4.293038488734e-05
1.579647125913e+00,-2.101826605239e+00,-3.695000000000e-02,-4.833000000000e-02,2.045020480773e+00,8.116794298019e-05
3.769425036255e+00,-2.100881471818e+00,-4.775000000000e-02,-5.968000000000e-02,2.047012716130e+00,6.783573127855e-05
7.840232521635e+00,-2.099150897907e+00,-4.402000000000e-02,-4.660000000000e-03,2.022436163575e+00,3.834470001814e-05
5.102031212186e+00,-2.098814417199e+00,-5.474000000000e-02,-6.069000000000e-02,2.043335354160e+00,3.780383858097e-05
1.708457591227e+00,-2.095433508486e+00,-3.859000000000e-02,-4.904000000000e-02,2.038800170419e+00,8.129714021292e-05
6.501209203877e+00,-2.095425944193e+00,-5.591000000000e-02,-4.234000000000e-02,2.029505463628e+00,2.951366437839e-05
3.898235501570e+00,-2.094142802268e+00,-4.918000000000e-02,-5.997000000000e-02,2.040446832979e+00,6.514341882103e-05
7.105883240347e+00,-2.093671057254e+00,-5.188000000000e-02,-2.724000000000e-02,2.022566908487e+00,3.214807623600e-05
9.553889217784e+00,-2.090646557151e+00,-1.427000000000e-02,8.873000000000e-02,8.002538295124e-01,8.996906246712e-05
1.837268056541e+00,-2.089040411733e+00,-3.988000000000e-02,-5.048000000000e-02,2.032579860065e+00,8.160949113690e-05
4.027045966884e+00,-2.087404132717e+00,-5.029000000000e-02,-6.038000000000e-02,2.033880949827e+00,6.235084755250e-05
8.587975177012e+00,-2.083554478562e+00,-3.417000000000e-02,2.995000000000e-02,1.735844048354e+00,4.334332490803e-05
1.966078521855e+00,-2.082647314980e+00,-4.019000000000e-02,-5.065000000000e-02,2.026359549711e+00,8.201751216914e-05
4.155856432199e+00,-2.080665463167e+00,-5.138000000000e-02,-6.049000000000e-02,2.027315066676e+00,5.952554414942e-05
5.909838752711e+00,-2.080238666810e+00,-5.489000000000e-02,-5.225000000000e-02,2.017909092281e+00,2.746899069133e-05
5.444709273783e+00,-2.079648532987e+00,-5.533000000000e-02,-5.824000000000e-02,2.020791252128e+00,3.164655805171e-05
2.094888987168e+00,-2.076254218228e+00,-4.100000000000e-02,-5.002000000000e-02,2.020139239357e+00,8.243157626557e-05
1.038177181090e+01,-2.075822764292e+00,6.380000000000e-03,2.801000000000e-02,2.351057196886e-04,1.111527561900e-04
7.722649268513e+00,-2.074604770368e+00,-4.604000000000e-02,-9.300000000000e-03,1.998766151048e+00,3.673084683145e-05
4.660861332089e+00,-2.074211011636e+00,-5.368000000000e-02,-6.289000000000e-02,2.021016497725e+00,4.589247657340e-05
4.284666897513e+00,-2.073926793617e+00,-5.235000000000e-02,-6.094000000000e-02,2.020749183524e+00,5.668981892387e-05
2.223699452482e+00,-2.069861121475e+00,-4.230000000000e-02,-5.090000000000e-02,2.013918929003e+00,8.277736226409e-05
9.456396661931e+00,-2.068251283149e+00,-1.801000000000e-02,8.305000000000e-02,9.000745779259e-01,8.952498836410e-05
6.386390043690e+00,-2.067528309210e+00,-5.599000000000e-02,-4.414000000000e-02,2.002314303636e+00,2.920775987956e-05
6.989641836647e+00,-2.067436295465e+00,-5.436000000000e-02,-3.018000000000e-02,1.997376895680e+00,3.220734436759e-05
4.413477362828e+00,-2.067188124067e+00,-5.284000000000e-02,-6.127000000000e-02,2.014183300373e+00,5.371772625721e-05
4.991956067433e+00,-2.066097620388e+00,-5.524000000000e-02,-6.089000000000e-02,2.010979295639e+00,4.119298491653e-05
2.352509917796e+00,-2.063468024722e+00,-4.423000000000e-02,-5.313000000000e-02,2.007698618649e+00,8.299463949186e-05
8.469130934736e+00,-2.060721243452e+00,-3.757000000000e-02,2.344000000000e-02,1.855664523920e+00,4.323943667244e-05
4.542287828143e+00,-2.060449454517e+00,-5.358000000000e-02,-6.231000000000e-02,2.007617417222e+00,5.068526872207e-05
2.481320383110e+00,-2.057074927970e+00,-4.458000000000e-02,-5.369000000000e-02,2.001478308295e+00,8.303541002281e-05
1.028385579804e+01,-2.055345386832e+00,8.680000000000e-03,5.384000000000e-02,1.000343369150e-01,4.592507494404e-04
5.796521736023e+00,-2.050705413623e+00,-5.503000000000e-02,-5.349000000000e-02,1.989117241581e+00,2.843678622447e-05
2.610130848424e+00,-2.050681831217e+00,-4.440000000000e-02,-5.340000000000e-02,1.995257997941e+00,8.286336615753e-05
7.605066015391e+00,-2.050058642829e+00,-4.780000000000e-02,-1.385000000000e-02,1.975144702763e+00,3.566561645016e-05
5.332973778719e+00,-2.048508401036e+00,-5.613000000000e-02,-5.850000000000e-02,1.990729090466e+00,3.437711182702e-05
9.347638417464e+00,-2.046504848250e+00,-2.126000000000e-02,7.603000000000e-02,1.010945707876e+00,7.522818646517e-05
2.738941313738e+00,-2.044288734464e+00,-4.382000000000e-02,-5.356000000000e-02,1.989037687587e+00,8.245315015789e-05
6.873400432947e+00,-2.041201533675e+00,-5.630000000000e-02,-3.323000000000e-02,1.972254184522e+00,3.226558194267e-05
6.271570883504e+00,-2.039630674227e+00,-5.632000000000e-02,-4.596000000000e-02,1.974969266023e+00,2.893733205145e-05
2.867751779052e+00,-2.037895637712e+00,-4.425000000000e-02,-5.320000000000e-02,1.982817377233e+00,8.178892892061e-05
8.350286692460e+00,-2.037888008343e+00,-4.085000000000e-02,1.756000000000e-02,1.957403687969e+00,4.265886807659e-05
1.018593978518e+01,-2.034868009371e+00,5.620000000000e-03,7.024000000000e-02,2.000686738300e-01,3.873386893392e-04
4.881880922681e+00,-2.033380823577e+00,-5.501000000000e-02,-6.108000000000e-02,1.978758473771e+00,4.465912136064e-05
2.996562244367e+00,-2.031502540959e+00,-4.519000000000e-02,-5.330000000000e-02,1.976597066879e+00,8.086254419242e-05
7.487482762269e+00,-2.025512515290e+00,-4.998000000000e-02,-1.791000000000e-02,1.951573582157e+00,3.507101276005e-05
9.227614484383e+00,-2.025407252451e+00,-2.530000000000e-02,6.836000000000e-02,1.132891926253e+00,5.528706870035e-05
3.125372709682e+00,-2.025109444206e+00,-4.611000000000e-02,-5.415000000000e-02,1.970376756525e+00,7.967181217254e-05
5.683204719335e+00,-2.021172160437e+00,-5.570000000000e-02,-5.421000000000e-02,1.960422643021e+00,2.994579376760e-05
3.254183174996e+00,-2.018716347454e+00,-4.705000000000e-02,-5.507000000000e-02,1.964156446171e+00,7.821949781381e-05
5.221238283654e+00,-2.017368269086e+00,-5.668000000000e-02,-5.916000000000e-02,1.960798427501e+00,3.742465039200e-05
8.125000259999e-01,-2.015428214105e+00,-2.053000000000e-02,-7.791000000000e-02,1.957844550845e+00,1.432175925746e-03
6.250000200012e-02,-2.015428214105e+00,6.800000000000e-04,-1.238920000000e+00,2.020681890173e+00,3.551666273209e-03
1.875000060004e-01,-2.015428214105e+00,1.150000000000e-03,-1.176770000000e+00,1.993434296453e+00,4.229414413050e-03
3.125000100004e-01,-2.015428214105e+00,4.960000000000e-03,-1.022990000000e+00,1.973741444383e+00,4.645193263384e-03
4.375000140001e-01,-2.015428214105e+00,9.870000000000e-03,-7.244900000000e-01,1.961830850577e+00,4.417562657198e-03
5.625000180000e-01,-2.015428214105e+00,6.230000000000e-03,-4.168700000000e-01,1.957844550845e+00,3.679604117273e-03
6.875000219999e-01,-2.015428214105e+00,-9.360000000000e-03,-1.899600000000e-01,1.957844550845e+00,2.565795824937e-03
9.375000300000e-01,-2.015428214105e+00,-2.674000000000e-02,-4.706000000000e-02,1.957844550845e+00,5.931275116178e-04
8.231442450185e+00,-2.015054773233e+00,-4.283000000000e-02,1.198000000000e-02,1.935449990571e+00,4.173137425150e-05
6.757159029248e+00,-2.014966771886e+00,-5.751000000000e-02,-3.597000000000e-02,1.947201379983e+00,3.221438006088e-05
1.008802377232e+01,-2.014390631911e+00,1.310000000000e-03,8.061000000000e-02,3.001030107451e-01,3.151669085973e-04
1.064405264657e+00,-2.012404452128e+00,-2.954000000000e-02,-4.271000000000e-02,1.954907182067e+00,1.471626729845e-04
3.382993640311e+00,-2.012323250701e+00,-4.771000000000e-02,-5.571000000000e-02,1.957936135817e+00,7.651323554025e-05
6.156751723317e+00,-2.011733039244e+00,-5.719000000000e-02,-4.768000000000e-02,1.947696393637e+00,2.884230919605e-05
1.193215729971e+00,-2.006356928172e+00,-3.194000000000e-02,-4.224000000000e-02,1.949032444510e+00,7.894428166793e-05
3.511804105626e+00,-2.005930153948e+00,-4.870000000000e-02,-5.597000000000e-02,1.951715825463e+00,7.456621559280e-05
9.107590551303e+00,-2.004309656652e+00,-2.844000000000e-02,5.869000000000e-02,1.254652195288e+00,4.401596258345e-05
7.369899509148e+00,-2.000966387751e+00,-5.277000000000e-02,-2.127000000000e-02,1.928054635048e+00,3.485536542618e-05
4.771805777929e+00,-2.000664026766e+00,-5.510000000000e-02,-6.100000000000e-02,1.946679603749e+00,4.806419537032e-05
1.322026195285e+00,-2.000309404217e+00,-3.391000000000e-02,-4.295000000000e-02,1.943157706954e+00,8.229217673521e-05
3.640614570940e+00,-1.999537057195e+00,-4.868000000000e-02,-5.618000000000e-02,1.945495515109e+00,7.239750005872e-05
1.450836660599e+00,-1.994261880262e+00,-3.575000000000e-02,-4.389000000000e-02,1.937282969397e+00,8.021877086393e-05
9.990107759464e+00,-1.993913254451e+00,-3.290000000000e-03,8.655000000000e-02,4.001373476602e-01,2.252437681594e-04
3.769425036255e+00,-1.993143960443e+00,-4.962000000000e-02,-5.700000000000e-02,1.939275204755e+00,7.003062872776e-05
8.112598207909e+00,-1.992221538124e+00,-4.440000000000e-02,6.280000000000e-03,1.913534330543e+00,4.048211470414e-05
5.569887702647e+00,-1.991638907251e+00,-5.718000000000e-02,-5.548000000000e-02,1.931829630233e+00,3.197523524955e-05
6.640917625548e+00,-1.988732010097e+00,-5.822000000000e-02,-3.830000000000e-02,1.921702067531e+00,3.201182957761e-05
1.579647125913e+00,-1.988214356307e+00,-3.838000000000e-02,-4.516000000000e-02,1.931408231841e+00,7.987421284458e-05
3.898235501570e+00,-1.986750863690e+00,-5.091000000000e-02,-5.726000000000e-02,1.933054894401e+00,6.749405494423e-05
5.109502788590e+00,-1.986228137135e+00,-5.737000000000e-02,-5.845000000000e-02,1.930547568002e+00,4.069601298840e-05
6.041932563130e+00,-1.983835404261e+00,-5.783000000000e-02,-4.932000000000e-02,1.920498760921e+00,2.907041083855e-05
8.987566618223e+00,-1.983212060854e+00,-3.093000000000e-02,5.050000000000e-02,1.376430838013e+00,3.756264269860e-05
1.708457591227e+00,-1.982166832351e+00,-4.000000000000e-02,-4.625000000000e-02,1.925533494284e+00,8.007014823877e-05
4.027045966884e+00,-1.980357766937e+00,-5.243000000000e-02,-5.746000000000e-02,1.926834584047e+00,6.483268183879e-05
7.252316256026e+00,-1.976420260212e+00,-5.535000000000e-02,-2.420000000000e-02,1.904589794241e+00,3.490979458799e-05
1.837268056541e+00,-1.976119308396e+00,-4.058000000000e-02,-4.784000000000e-02,1.919658756728e+00,8.041719471352e-05
4.155856432199e+00,-1.973964670184e+00,-5.333000000000e-02,-5.753000000000e-02,1.920614273693e+00,6.211332363428e-05
9.892191746603e+00,-1.973435876990e+00,-7.100000000000e-03,8.970000000000e-02,5.001716845753e-01,1.476118130413e-04
1.966078521855e+00,-1.970071784441e+00,-4.121000000000e-02,-4.768000000000e-02,1.913784019171e+00,8.089024047773e-05
7.993753965634e+00,-1.969388303014e+00,-4.685000000000e-02,3.500000000000e-04,1.891658029923e+00,3.959834479059e-05
4.661730633176e+00,-1.967947229955e+00,-5.552000000000e-02,-6.025000000000e-02,1.914749820182e+00,4.885693050318e-05
4.284666897513e+00,-1.967571573432e+00,-5.457000000000e-02,-5.848000000000e-02,1.914393963339e+00,5.934963586572e-05
2.094888987168e+00,-1.964024260486e+00,-4.229000000000e-02,-4.750000000000e-02,1.907909281615e+00,8.141312220287e-05
6.524676221848e+00,-1.962497248307e+00,-5.846000000000e-02,-4.027000000000e-02,1.896043451294e+00,3.168648092625e-05
8.867542685142e+00,-1.962114465055e+00,-3.313000000000e-02,4.365000000000e-02,1.498223374081e+00,3.569126342347e-05
5.456570685959e+00,-1.962105654064e+00,-5.844000000000e-02,-5.659000000000e-02,1.903342781449e+00,3.445992446900e-05
4.413477362828e+00,-1.961178476679e+00,-5.505000000000e-02,-5.880000000000e-02,1.908173652985e+00,5.640440742518e-05
2.223699452482e+00,-1.957976736531e+00,-4.343000000000e-02,-4.794000000000e-02,1.902034544058e+00,8.190414651068e-05
5.927113402944e+00,-1.955937769278e+00,-5.751000000000e-02,-5.050000000000e-02,1.893379610241e+00,2.974479208301e-05
4.997767293526e+00,-1.955088005185e+00,-5.744000000000e-02,-5.840000000000e-02,1.899845902631e+00,4.410880125975e-05
4.542287828143e+00,-1.954785379926e+00,-5.532000000000e-02,-5.961000000000e-02,1.901953342631e+00,5.344326408906e-05
9.794275733744e+00,-1.952958499530e+00,-1.157000000000e-02,9.177000000000e-02,6.002060214898e-01,1.003344095275e-04
2.352509917796e+00,-1.951929212575e+00,-4.510000000000e-02,-4.982000000000e-02,1.896159806502e+00,8.229651752803e-05
7.134733002904e+00,-1.951874132674e+00,-5.720000000000e-02,-2.701000000000e-02,1.881181084416e+00,3.508564550175e-05
7.874909723358e+00,-1.946555067905e+00,-4.935000000000e-02,-4.620000000000e-03,1.869822470187e+00,3.891148542374e-05
2.481320383110e+00,-1.945881688620e+00,-4.665000000000e-02,-5.100000000000e-02,1.890285068945e+00,8.253790747015e-05
8.747518752062e+00,-1.941016869257e+00,-3.581000000000e-02,3.677000000000e-02,1.620026670020e+00,3.633662465210e-05
2.610130848424e+00,-1.939834164665e+00,-4.644000000000e-02,-5.087000000000e-02,1.884410331389e+00,8.258904055043e-05
6.408434818148e+00,-1.936262486518e+00,-5.873000000000e-02,-4.201000000000e-02,1.870443060591e+00,3.132844329627e-05
2.738941313738e+00,-1.933786640710e+00,-4.604000000000e-02,-5.090000000000e-02,1.878535593832e+00,8.242238095796e-05
5.343253669271e+00,-1.932572400878e+00,-5.898000000000e-02,-5.700000000000e-02,1.874966935605e+00,3.731251631508e-05
9.696359720885e+00,-1.932481122070e+00,-1.601000000000e-02,9.021000000000e-02,7.002403584040e-01,8.302883115138e-05
5.812294242758e+00,-1.928040134295e+00,-5.801000000000e-02,-5.140000000000e-02,1.866342362781e+00,3.093784986961e-05
2.867751779052e+00,-1.927739116754e+00,-4.654000000000e-02,-5.084000000000e-02,1.872660856276e+00,8.201992132270e-05
7.017149749782e+00,-1.927328005135e+00,-5.881000000000e-02,-2.998000000000e-02,1.857764298449e+00,3.522778765690e-05
4.886031798461e+00,-1.923947873234e+00,-5.710000000000e-02,-5.867000000000e-02,1.869261386185e+00,4.758758139195e-05
7.756065481083e+00,-1.923721832796e+00,-5.197000000000e-02,-9.280000000000e-03,1.848029095469e+00,3.814563750289e-05
2.996562244367e+00,-1.921691592799e+00,-4.752000000000e-02,-5.146000000000e-02,1.866786118719e+00,8.137039280781e-05
8.627494818982e+00,-1.919919273458e+00,-3.937000000000e-02,2.963000000000e-02,1.741564270348e+00,3.765589507940e-05
3.125372709682e+00,-1.915644068844e+00,-4.828000000000e-02,-5.175000000000e-02,1.860911381162e+00,8.046688672969e-05
9.598443708026e+00,-1.912003744610e+00,-2.040000000000e-02,8.625000000000e-02,8.002746953181e-01,8.014875678389e-05
6.292193414448e+00,-1.910027724728e+00,-5.950000000000e-02,-4.395000000000e-02,1.844903319285e+00,3.107100196271e-05
3.254183174996e+00,-1.909596544888e+00,-4.878000000000e-02,-5.258000000000e-02,1.855036643606e+00,7.930572723807e-05
3.382993640311e+00,-1.903549020933e+00,-4.942000000000e-02,-5.296000000000e-02,1.849161906049e+00,7.788688386659e-05
5.229936652583e+00,-1.903039147691e+00,-5.918000000000e-02,-5.728000000000e-02,1.846707209601e+00,4.044090710016e-05
6.899566496661e+00,-1.902781877596e+00,-6.007000000000e-02,-3.277000000000e-02,1.833793398560e+00,3.522084790770e-05
7.637221238807e+00,-1.900888597686e+00,-5.434000000000e-02,-1.352000000000e-02,1.826279415977e+00,3.791686851442e-05
6.250000200012e-02,-1.900260887585e+00,6.700000000000e-04,-1.240110000000e+00,1.909308610216e+00,3.572352896530e-03
1.875000060004e-01,-1.900260887585e+00,1.170000000000e-03,-1.178800000000e+00,1.880447915271e+00,4.276365108214e-03
3.125000100004e-01,-1.900260887585e+00,4.870000000000e-03,-1.032020000000e+00,1.859558914648e+00,4.716484548368e-03
4.375000140001e-01,-1.900260887585e+00,1.104000000000e-02,-7.289000000000e-01,1.846912113244e+00,4.488912482513e-03
5.625000179999e-01,-1.900260887585e+00,5.750000000000e-03,-4.092900000000e-01,1.842677224325e+00,3.719893714375e-03
6.875000219999e-01,-1.900260887585e+00,-8.800000000000e-03,-1.769000000000e-01,1.842677224325e+00,2.565745548744e-03
8.125000259999e-01,-1.900260887585e+00,-2.149000000000e-02,-6.725000000000e-02,1.842677224325e+00,1.409481644477e-03
9.375000300000e-01,-1.900260887585e+00,-2.739000000000e-02,-4.281000000000e-02,1.842677224325e+00,5.705309827437e-04
5.697475082571e+00,-1.900142499312e+00,-5.888000000000e-02,-5.231000000000e-02,1.839390630238e+00,3.266116638178e-05
8.507470885901e+00,-1.898821677659e+00,-4.234000000000e-02,2.348000000000e-02,1.817336407314e+00,3.876908707143e-05
3.511804105626e+00,-1.897501496978e+00,-5.011000000000e-02,-5.302000000000e-02,1.843287168493e+00,7.621547585023e-05
1.064405264657e+00,-1.897409912006e+00,-3.039000000000e-02,-3.911000000000e-02,1.839912641945e+00,1.365840880123e-04
4.774296303397e+00,-1.892807741284e+00,-5.724000000000e-02,-5.839000000000e-02,1.838799864240e+00,5.086875253327e-05
1.193215729971e+00,-1.891707960848e+00,-3.266000000000e-02,-3.893000000000e-02,1.834383477186e+00,7.707086933593e-05
9.500527695167e+00,-1.891526367149e+00,-2.416000000000e-02,7.996000000000e-02,9.000980580233e-01,8.232296691966e-05
3.640614570940e+00,-1.891453973023e+00,-5.108000000000e-02,-5.353000000000e-02,1.837412430936e+00,7.430289374830e-05
1.322026195285e+00,-1.886006009691e+00,-3.468000000000e-02,-3.979000000000e-02,1.828854312427e+00,8.194808658474e-05
3.769425036255e+00,-1.885406449067e+00,-5.174000000000e-02,-5.414000000000e-02,1.831537693380e+00,7.216625489832e-05
6.175952010748e+00,-1.883792962939e+00,-5.987000000000e-02,-4.558000000000e-02,1.819426781430e+00,3.106497153362e-05
1.042607279974e+01,-1.880972993197e+00,5.790000000000e-03,2.243000000000e-02,2.351057207511e-04,7.916361318510e-05
1.450836660599e+00,-1.880304058533e+00,-3.630000000000e-02,-4.017000000000e-02,1.823325147668e+00,8.047808983099e-05
3.898235501570e+00,-1.879358925112e+00,-5.282000000000e-02,-5.472000000000e-02,1.825662955823e+00,6.983010232910e-05
6.781983243540e+00,-1.878235750057e+00,-6.021000000000e-02,-3.480000000000e-02,1.809867577492e+00,3.501540395725e-05
7.518376996532e+00,-1.878055362577e+00,-5.669000000000e-02,-1.759000000000e-02,1.804575011625e+00,3.804252548717e-05
8.387446952820e+00,-1.877724081861e+00,-4.482000000000e-02,1.815000000000e-02,1.797243664863e+00,3.944069773449e-05
1.579647125913e+00,-1.874602107375e+00,-3.876000000000e-02,-4.181000000000e-02,1.817795982909e+00,7.845311418649e-05
5.116619635896e+00,-1.873505894505e+00,-5.955000000000e-02,-5.606000000000e-02,1.817642084147e+00,4.375778463938e-05
4.027045966884e+00,-1.873311401157e+00,-5.462000000000e-02,-5.452000000000e-02,1.819788218267e+00,6.733840296503e-05
5.582655922385e+00,-1.872244864329e+00,-6.075000000000e-02,-5.358000000000e-02,1.812528227358e+00,3.487399074108e-05
9.391008730888e+00,-1.871617314014e+00,-2.732000000000e-02,7.410000000000e-02,1.011377570996e+00,7.319648682109e-05
1.708457591227e+00,-1.868900156217e+00,-4.092000000000e-02,-4.341000000000e-02,1.812266818150e+00,7.793640557195e-05
4.155856432199e+00,-1.867263877201e+00,-5.574000000000e-02,-5.490000000000e-02,1.813913480710e+00,6.475616138703e-05
1.837268056541e+00,-1.863198205059e+00,-4.153000000000e-02,-4.464000000000e-02,1.806737653391e+00,7.838461197689e-05
1.032777096902e+01,-1.862421485130e+00,7.740000000000e-03,4.661000000000e-02,1.000370350077e-01,4.260954109559e-04
4.662560808332e+00,-1.861667609333e+00,-5.720000000000e-02,-5.768000000000e-02,1.808467551904e+00,5.194782379554e-05
4.284666897513e+00,-1.861216353246e+00,-5.635000000000e-02,-5.545000000000e-02,1.808038743154e+00,6.208852279310e-05
6.059710607048e+00,-1.857558201150e+00,-5.965000000000e-02,-4.720000000000e-02,1.794016139652e+00,3.144884991276e-05
1.966078521855e+00,-1.857496253902e+00,-4.259000000000e-02,-4.493000000000e-02,1.801208488632e+00,7.895597790569e-05
8.267423019740e+00,-1.856626486062e+00,-4.735000000000e-02,1.315000000000e-02,1.777184086289e+00,3.971648323402e-05
7.399532754257e+00,-1.855222127467e+00,-5.853000000000e-02,-2.107000000000e-02,1.782904610506e+00,3.833915566409e-05
4.413477362828e+00,-1.855168829291e+00,-5.714000000000e-02,-5.616000000000e-02,1.802164005597e+00,5.919312312225e-05
6.664399990419e+00,-1.853689622519e+00,-6.049000000000e-02,-3.684000000000e-02,1.785988646925e+00,3.463286698290e-05
9.269886815189e+00,-1.852276585204e+00,-3.019000000000e-02,6.655000000000e-02,1.134134532531e+00,5.581186491285e-05
2.094888987168e+00,-1.851794302744e+00,-4.369000000000e-02,-4.490000000000e-02,1.795679323873e+00,7.961567952068e-05
4.542287828143e+00,-1.849121305336e+00,-5.723000000000e-02,-5.700000000000e-02,1.796289268041e+00,5.632585963939e-05
2.223699452482e+00,-1.846092351586e+00,-4.476000000000e-02,-4.528000000000e-02,1.790150159114e+00,8.028663381572e-05
5.467836762199e+00,-1.844347229346e+00,-6.201000000000e-02,-5.467000000000e-02,1.785759185386e+00,3.750257356278e-05
5.003302619208e+00,-1.843972641319e+00,-5.933000000000e-02,-5.596000000000e-02,1.788617965494e+00,4.718402736698e-05
1.022946913831e+01,-1.843869977063e+00,4.350000000000e-03,6.135000000000e-02,2.000740700154e-01,3.775187344964e-04
2.352509917796e+00,-1.840390400428e+00,-4.597000000000e-02,-4.641000000000e-02,1.784620994355e+00,8.089404308498e-05
8.147399086659e+00,-1.835528890263e+00,-5.053000000000e-02,7.460000000000e-03,1.757158807380e+00,3.963330354378e-05
2.481320383110e+00,-1.834688449270e+00,-4.781000000000e-02,-4.772000000000e-02,1.779091829596e+00,8.138032153443e-05
9.148764899490e+00,-1.832935856394e+00,-3.430000000000e-02,5.794000000000e-02,1.256702070349e+00,4.444379037236e-05
7.280688511982e+00,-1.832388892358e+00,-6.049000000000e-02,-2.409000000000e-02,1.760677718054e+00,3.865739074577e-05
5.943469203348e+00,-1.831323439360e+00,-5.997000000000e-02,-4.867000000000e-02,1.768674234154e+00,3.232114630575e-05
6.546816737298e+00,-1.829143494980e+00,-6.140000000000e-02,-3.819000000000e-02,1.762158513096e+00,3.415701418979e-05
2.610130848424e+00,-1.828986498113e+00,-4.830000000000e-02,-4.799000000000e-02,1.773562664836e+00,8.170345469215e-05
1.013116730760e+01,-1.825318468995e+00,-6.100000000000e-04,7.055000000000e-02,3.001111050232e-01,3.244021398080e-04
2.738941313738e+00,-1.823284546955e+00,-4.804000000000e-02,-4.765000000000e-02,1.768033500077e+00,8.183435756604e-05
2.867751779052e+00,-1.817582595797e+00,-4.837000000000e-02,-4.805000000000e-02,1.762504335318e+00,8.175335075673e-05
5.353017602012e+00,-1.816449594363e+00,-6.203000000000e-02,-5.449000000000e-02,1.759087766506e+00,4.045954104096e-05
4.889985602520e+00,-1.814439388132e+00,-5.952000000000e-02,-5.626000000000e-02,1.759694561388e+00,5.066010137187e-05
8.027375153579e+00,-1.814431294465e+00,-5.329000000000e-02,1.030000000000e-03,1.737169014308e+00,4.006865719679e-05
9.027642983791e+00,-1.813595127584e+00,-3.732000000000e-02,5.013000000000e-02,1.379285399715e+00,3.565362138440e-05
2.996562244367e+00,-1.811880644639e+00,-4.923000000000e-02,-4.906000000000e-02,1.756975170559e+00,8.144590691318e-05
7.161844269706e+00,-1.809555657249e+00,-6.195000000000e-02,-2.660000000000e-02,1.738485750123e+00,3.886248814623e-05
1.003286547688e+01,-1.806766960928e+00,-5.870000000000e-03,7.614000000000e-02,4.001481400310e-01,2.508558735335e-04
3.125372709682e+00,-1.806178693481e+00,-5.016000000000e-02,-4.984000000000e-02,1.751446005800e+00,8.089928419939e-05
5.827227799648e+00,-1.805088677571e+00,-6.132000000000e-02,-4.952000000000e-02,1.743404062363e+00,3.372384807400e-05
6.429233484177e+00,-1.804597367441e+00,-6.170000000000e-02,-3.976000000000e-02,1.738379182758e+00,3.371737025343e-05
3.254183174996e+00,-1.800476742323e+00,-5.071000000000e-02,-5.029000000000e-02,1.745916841041e+00,8.010136494216e-05
3.382993640311e+00,-1.794774791166e+00,-5.112000000000e-02,-5.089000000000e-02,1.740387676282e+00,7.904192248962e-05
8.906521068093e+00,-1.794254398774e+00,-3.968000000000e-02,4.264000000000e-02,1.501880653921e+00,3.105025726837e-05
7.907351220498e+00,-1.793333698666e+00,-5.563000000000e-02,-4.430000000000e-03,1.717215946326e+00,4.072288234776e-05
3.511804105626e+00,-1.789072840008e+00,-5.173000000000e-02,-5.023000000000e-02,1.734858511523e+00,7.771540761416e-05
5.238198441826e+00,-1.788551959381e+00,-6.189000000000e-02,-5.468000000000e-02,1.732031145339e+00,4.365692305852e-05
9.934563646170e+00,-1.788215452861e+00,-1.082000000000e-02,8.113000000000e-02,5.001851750388e-01,1.798475033516e-04
7.043000027431e+00,-1.786722422139e+00,-6.299000000000e-02,-2.938000000000e-02,1.716330061424e+00,3.885277167849e-05
6.250000200012e-02,-1.785093561065e+00,6.700000000000e-04,-1.241310000000e+00,1.798413318181e+00,3.590696596557e-03
1.875000060004e-01,-1.785093561065e+00,1.170000000000e-03,-1.180510000000e+00,1.767743040154e+00,4.322977297006e-03
3.125000100004e-01,-1.785093561065e+00,4.630000000000e-03,-1.040710000000e+00,1.745505786588e+00,4.790825285548e-03
4.375000140001e-01,-1.785093561065e+00,1.017000000000e-02,-7.317800000000e-01,1.732026399341e+00,4.564742148160e-03
5.625000179999e-01,-1.785093561065e+00,5.340000000000e-03,-4.016600000000e-01,1.727509897805e+00,3.761740930362e-03
6.875000219998e-01,-1.785093561065e+00,-8.930000000000e-03,-1.652200000000e-01,1.727509897805e+00,2.563563580473e-03
8.125000259999e-01,-1.785093561065e+00,-2.291000000000e-02,-5.713000000000e-02,1.727509897805e+00,1.383620748764e-03
9.375000300000e-01,-1.785093561065e+00,-2.905000000000e-02,-3.780000000000e-02,1.727509897805e+00,5.451364769410e-04
4.776668585832e+00,-1.784906134946e+00,-5.909000000000e-02,-5.590000000000e-02,1.730876920736e+00,5.384212429205e-05
3.640614570940e+00,-1.783370888850e+00,-5.308000000000e-02,-5.083000000000e-02,1.729329346764e+00,7.612329422812e-05
1.064405264657e+00,-1.782415371884e+00,-3.173000000000e-02,-3.565000000000e-02,1.724918101824e+00,1.243884265719e-04
6.311650231056e+00,-1.780051239902e+00,-6.194000000000e-02,-4.128000000000e-02,1.714652769588e+00,3.346664271457e-05
5.710986395949e+00,-1.778853915782e+00,-6.307000000000e-02,-5.072000000000e-02,1.718208789304e+00,3.564273561624e-05
3.769425036255e+00,-1.777668937692e+00,-5.439000000000e-02,-5.125000000000e-02,1.723800182004e+00,7.427469871079e-05
1.193215729971e+00,-1.777058993524e+00,-3.376000000000e-02,-3.585000000000e-02,1.719734509862e+00,7.427171639215e-05
8.785399152395e+00,-1.774913669963e+00,-4.277000000000e-02,3.636000000000e-02,1.624485133168e+00,3.039643937413e-05
7.787327287417e+00,-1.772236102868e+00,-5.799000000000e-02,-9.140000000000e-03,1.696945723383e+00,4.107394784750e-05
3.898235501570e+00,-1.771966986534e+00,-5.530000000000e-02,-5.214000000000e-02,1.718271017245e+00,7.218938462794e-05
1.322026195285e+00,-1.771702615164e+00,-3.559000000000e-02,-3.678000000000e-02,1.714550917900e+00,7.791927263314e-05
9.836261815457e+00,-1.769663944794e+00,-1.537000000000e-02,8.407000000000e-02,6.002222100461e-01,1.264299503661e-04
1.450836660599e+00,-1.766346236803e+00,-3.739000000000e-02,-3.740000000000e-02,1.709367325939e+00,7.850463733573e-05
4.027045966884e+00,-1.766265035376e+00,-5.640000000000e-02,-5.169000000000e-02,1.712741852486e+00,6.990965697423e-05
6.924155785156e+00,-1.763889187030e+00,-6.356000000000e-02,-3.175000000000e-02,1.694212075259e+00,3.858588525294e-05
1.579647125913e+00,-1.760989858443e+00,-3.938000000000e-02,-3.899000000000e-02,1.704183733977e+00,7.756754412779e-05
5.123379281639e+00,-1.760654324398e+00,-6.172000000000e-02,-5.353000000000e-02,1.704624759414e+00,4.701232572972e-05
4.155856432199e+00,-1.760563084219e+00,-5.804000000000e-02,-5.222000000000e-02,1.707212687727e+00,6.749754549422e-05
1.708457591227e+00,-1.755633480083e+00,-4.130000000000e-02,-4.064000000000e-02,1.699000142016e+00,7.599083213960e-05
8.664277236696e+00,-1.755572941153e+00,-4.503000000000e-02,2.989000000000e-02,1.673593144054e+00,3.199737594107e-05
6.194066977934e+00,-1.755505112363e+00,-6.179000000000e-02,-4.306000000000e-02,1.690981501053e+00,3.355402185728e-05
4.663351569144e+00,-1.755372881759e+00,-5.931000000000e-02,-5.539000000000e-02,1.702170415253e+00,5.520237701977e-05
4.284666897513e+00,-1.754861133061e+00,-5.837000000000e-02,-5.301000000000e-02,1.701683522968e+00,6.495038215564e-05
5.594744992249e+00,-1.752619153992e+00,-6.489000000000e-02,-5.200000000000e-02,1.693091758736e+00,3.802167014547e-05
7.667303354337e+00,-1.751138507069e+00,-6.006000000000e-02,-1.289000000000e-02,1.676505645808e+00,4.170210871466e-05
9.737959984745e+00,-1.751112436727e+00,-2.048000000000e-02,8.431000000000e-02,7.002592450529e-01,9.518287464529e-05
1.837268056541e+00,-1.750277101722e+00,-4.236000000000e-02,-4.182000000000e-02,1.693816550054e+00,7.542069661089e-05
4.413477362828e+00,-1.749159181903e+00,-5.872000000000e-02,-5.316000000000e-02,1.696154358209e+00,6.212847494816e-05
1.966078521855e+00,-1.744920723362e+00,-4.347000000000e-02,-4.224000000000e-02,1.688632958092e+00,7.611868472731e-05
4.542287828143e+00,-1.743457230745e+00,-5.923000000000e-02,-5.406000000000e-02,1.690625193450e+00,5.937860005075e-05
6.805311542882e+00,-1.741055951921e+00,-6.355000000000e-02,-3.318000000000e-02,1.672133287748e+00,3.808723616503e-05
2.094888987168e+00,-1.739564345002e+00,-4.479000000000e-02,-4.258000000000e-02,1.683449366131e+00,7.694846863866e-05
8.543155320997e+00,-1.736232212343e+00,-4.735000000000e-02,2.423000000000e-02,1.655369116989e+00,3.429364966568e-05
2.223699452482e+00,-1.734207966641e+00,-4.596000000000e-02,-4.293000000000e-02,1.678265774169e+00,7.783900540243e-05
5.008560121453e+00,-1.732756689415e+00,-6.202000000000e-02,-5.383000000000e-02,1.677300170289e+00,5.044999411550e-05
9.639658154033e+00,-1.732560928660e+00,-2.536000000000e-02,8.199000000000e-02,8.002962800598e-01,8.194134986163e-05
6.076483724813e+00,-1.730958984825e+00,-6.231000000000e-02,-4.524000000000e-02,1.667367725786e+00,3.409834030440e-05
7.547279421257e+00,-1.730040911270e+00,-6.130000000000e-02,-1.707000000000e-02,1.656092655882e+00,4.236927242307e-05
2.352509917796e+00,-1.728851588281e+00,-4.694000000000e-02,-4.326000000000e-02,1.673082182207e+00,7.870952706846e-05
5.478503588549e+00,-1.726384392203e+00,-6.536000000000e-02,-5.265000000000e-02,1.668056505107e+00,4.078169988996e-05
2.481320383110e+00,-1.723495209921e+00,-4.833000000000e-02,-4.427000000000e-02,1.667898590246e+00,7.949493397979e-05
6.686467300607e+00,-1.718222716811e+00,-6.415000000000e-02,-3.519000000000e-02,1.650095272364e+00,3.744252061748e-05
2.610130848424e+00,-1.718138831560e+00,-4.937000000000e-02,-4.494000000000e-02,1.662714998284e+00,8.015016666215e-05
8.422033405298e+00,-1.716891483533e+00,-5.067000000000e-02,1.939000000000e-02,1.637073015198e+00,3.652555483754e-05
9.541356323320e+00,-1.714009420593e+00,-2.920000000000e-02,7.713000000000e-02,9.001223471352e-01,8.055743504627e-05
2.738941313738e+00,-1.712782453200e+00,-4.947000000000e-02,-4.486000000000e-02,1.657531406322e+00,8.064529369906e-05
7.427255488176e+00,-1.708943315472e+00,-6.249000000000e-02,-2.110000000000e-02,1.635707767737e+00,4.288344220246e-05
2.867751779052e+00,-1.707426074840e+00,-4.976000000000e-02,-4.530000000000e-02,1.652347814361e+00,8.095957585913e-05
5.958900471692e+00,-1.706412857286e+00,-6.359000000000e-02,-4.670000000000e-02,1.643813921501e+00,3.516812529158e-05
4.893740961266e+00,-1.704859054432e+00,-6.158000000000e-02,-5.349000000000e-02,1.650061441570e+00,5.391724062616e-05
2.996562244367e+00,-1.702069696479e+00,-5.037000000000e-02,-4.611000000000e-02,1.647164222399e+00,8.107486263113e-05
5.362262184849e+00,-1.700149630413e+00,-6.486000000000e-02,-5.199000000000e-02,1.642913948116e+00,4.383677227550e-05
8.300911489599e+00,-1.697550754723e+00,-5.362000000000e-02,1.419000000000e-02,1.618412055769e+00,3.845167989731e-05
3.125372709682e+00,-1.696713318119e+00,-5.138000000000e-02,-4.769000000000e-02,1.641980630437e+00,8.097079895849e-05
9.431136503624e+00,-1.695951586200e+00,-3.270000000000e-02,7.148000000000e-02,1.011782703214e+00,7.372650309718e-05
6.567623058332e+00,-1.695389481702e+00,-6.405000000000e-02,-3.576000000000e-02,1.628099684786e+00,3.678221018484e-05
3.254183174996e+00,-1.691356939758e+00,-5.221000000000e-02,-4.819000000000e-02,1.636797038476e+00,8.062385616682e-05
7.307231555096e+00,-1.687845719673e+00,-6.333000000000e-02,-2.402000000000e-02,1.615352045260e+00,4.313675765116e-05
3.382993640311e+00,-1.686000561398e+00,-5.303000000000e-02,-4.868000000000e-02,1.631613446514e+00,8.001010968698e-05
1.046671709363e+01,-1.685327775028e+00,2.760000000000e-03,1.897000000000e-02,2.351057199175e-04,4.680057057010e-05
5.841317218571e+00,-1.681866729747e+00,-6.578000000000e-02,-4.824000000000e-02,1.620322703503e+00,3.677533927937e-05
3.511804105626e+00,-1.680644183038e+00,-5.375000000000e-02,-4.769000000000e-02,1.626429854553e+00,7.911002692331e-05
9.308998694945e+00,-1.678387425481e+00,-3.630000000000e-02,6.549000000000e-02,1.135295321862e+00,5.870642084385e-05
8.179789573900e+00,-1.678210025912e+00,-5.648000000000e-02,8.360000000000e-03,1.599770723861e+00,4.021858723430e-05
4.778921801080e+00,-1.676961419449e+00,-6.146000000000e-02,-5.323000000000e-02,1.622912896468e+00,5.703439764565e-05
3.640614570940e+00,-1.675287804677e+00,-5.480000000000e-02,-4.775000000000e-02,1.621246262591e+00,7.791257525375e-05
5.246020781149e+00,-1.673914868624e+00,-6.421000000000e-02,-5.179000000000e-02,1.617174798420e+00,4.710287226674e-05
6.448778816057e+00,-1.672556246593e+00,-6.420000000000e-02,-3.748000000000e-02,1.606148268112e+00,3.626163904577e-05
3.769425036255e+00,-1.669931426317e+00,-5.598000000000e-02,-4.805000000000e-02,1.616062670629e+00,7.641728022010e-05
1.875000060004e-01,-1.669926234544e+00,1.180000000000e-03,-1.181920000000e+00,1.655377170368e+00,4.368969651006e-03
6.250000200012e-02,-1.669926234544e+00,6.800000000000e-04,-1.242480000000e+00,1.688090217724e+00,3.606391626329e-03
3.125000100004e-01,-1.669926234544e+00,4.240000000000e-03,-1.049000000000e+00,1.631609196828e+00,4.868462710606e-03
4.375000140001e-01,-1.669926234544e+00,9.660000000000e-03,-7.369600000000e-01,1.617180746910e+00,4.645709369100e-03
5.625000179999e-01,-1.669926234544e+00,5.310000000000e-03,-3.917800000000e-01,1.612342571284e+00,3.805292987217e-03
6.875000219998e-01,-1.669926234544e+00,-1.035000000000e-02,-1.493500000000e-01,1.612342571284e+00,2.558746484406e-03
8.125000259999e-01,-1.669926234544e+00,-2.498000000000e-02,-4.652000000000e-02,1.612342571284e+00,1.354158697406e-03
9.375000300000e-01,-1.669926234544e+00,-3.053000000000e-02,-3.339000000000e-02,1.612342571284e+00,5.176745127300e-04
1.036806723371e+01,-1.668709372123e+00,4.080000000000e-03,4.126000000000e-02,1.000398229602e-01,3.931283039374e-04
1.064405264657e+00,-1.667420831763e+00,-3.298000000000e-02,-3.292000000000e-02,1.609923561702e+00,1.120056239717e-04
7.187207622015e+00,-1.666748123875e+00,-6.483000000000e-02,-2.665000000000e-02,1.595026605090e+00,4.307073741304e-05
3.898235501570e+00,-1.664575047957e+00,-5.811000000000e-02,-4.946000000000e-02,1.610879078668e+00,7.463840028125e-05
1.193215729971e+00,-1.662410026200e+00,-3.515000000000e-02,-3.316000000000e-02,1.605085542538e+00,7.168629855982e-05
9.186860886265e+00,-1.660823264763e+00,-3.955000000000e-02,5.809000000000e-02,1.258615139516e+00,4.809490976895e-05
4.027045966884e+00,-1.659218669596e+00,-5.934000000000e-02,-4.925000000000e-02,1.605695486706e+00,7.261592879453e-05
8.058667658201e+00,-1.658869297102e+00,-5.857000000000e-02,3.110000000000e-03,1.581149713682e+00,4.226670163872e-05
1.322026195285e+00,-1.657399220637e+00,-3.677000000000e-02,-3.409000000000e-02,1.600247523374e+00,7.449833082979e-05
5.723733965450e+00,-1.657320602209e+00,-6.718000000000e-02,-4.940000000000e-02,1.596896833829e+00,3.888380031668e-05
4.155856432199e+00,-1.653862291236e+00,-6.026000000000e-02,-4.958000000000e-02,1.600511894744e+00,7.040779549792e-05
1.450836660599e+00,-1.652388415074e+00,-3.775000000000e-02,-3.484000000000e-02,1.595409504210e+00,7.377828556240e-05
1.026941737379e+01,-1.652090969218e+00,6.900000000000e-04,5.263000000000e-02,2.000796459203e-01,3.606267931418e-04
6.329934573783e+00,-1.649723011483e+00,-6.394000000000e-02,-3.888000000000e-02,1.584242858453e+00,3.603774061371e-05
4.664102640893e+00,-1.649063784466e+00,-6.126000000000e-02,-5.237000000000e-02,1.595859137565e+00,5.867847621328e-05
4.284666897513e+00,-1.648505912875e+00,-6.065000000000e-02,-5.037000000000e-02,1.595328302783e+00,6.800489078176e-05
5.129779377450e+00,-1.647680106835e+00,-6.442000000000e-02,-5.130000000000e-02,1.591501478873e+00,5.050149004524e-05
1.579647125913e+00,-1.647377609511e+00,-3.955000000000e-02,-3.628000000000e-02,1.590571485045e+00,7.407883963321e-05
7.067183688935e+00,-1.645650528076e+00,-6.596000000000e-02,-2.886000000000e-02,1.574732619808e+00,4.267389952177e-05
9.064723077586e+00,-1.643259104044e+00,-4.235000000000e-02,5.026000000000e-02,1.381948247618e+00,3.835709975281e-05
4.413477362828e+00,-1.643149534515e+00,-6.047000000000e-02,-5.042000000000e-02,1.590144710821e+00,6.527981144677e-05
1.708457591227e+00,-1.642366803948e+00,-4.165000000000e-02,-3.804000000000e-02,1.585733465881e+00,7.390288914308e-05
7.937545742502e+00,-1.639528568292e+00,-6.039000000000e-02,-2.630000000000e-03,1.562549751759e+00,4.402671855912e-05
4.542287828143e+00,-1.637793156155e+00,-6.097000000000e-02,-5.108000000000e-02,1.584961118859e+00,6.267068186796e-05
1.837268056541e+00,-1.637355998385e+00,-4.294000000000e-02,-3.942000000000e-02,1.580895446717e+00,7.276137405617e-05
1.017076751386e+01,-1.635472566314e+00,-4.410000000000e-03,6.076000000000e-02,3.001194688805e-01,3.240018885933e-04
5.606150712329e+00,-1.632774474670e+00,-6.806000000000e-02,-5.024000000000e-02,1.573539231078e+00,4.142610528458e-05
1.966078521855e+00,-1.632345192822e+00,-4.399000000000e-02,-3.976000000000e-02,1.576057427553e+00,7.232403842375e-05
2.094888987168e+00,-1.627334387260e+00,-4.528000000000e-02,-3.984000000000e-02,1.571219408389e+00,7.332744717283e-05
6.211090331508e+00,-1.626889776374e+00,-6.466000000000e-02,-4.120000000000e-02,1.562385390931e+00,3.624450497906e-05
8.942585268907e+00,-1.625694943326e+00,-4.501000000000e-02,4.321000000000e-02,1.505291379392e+00,3.145493840931e-05
6.947159755855e+00,-1.624552932277e+00,-6.667000000000e-02,-3.011000000000e-02,1.554471321368e+00,4.199012237055e-05
2.223699452482e+00,-1.622323581697e+00,-4.696000000000e-02,-4.026000000000e-02,1.566381389224e+00,7.448287972806e-05
5.013537973750e+00,-1.621445345045e+00,-6.435000000000e-02,-5.143000000000e-02,1.565897227387e+00,5.395984315639e-05
7.816423826803e+00,-1.620187839482e+00,-6.257000000000e-02,-7.490000000000e-03,1.543971598788e+00,4.536147681415e-05
1.007211765394e+01,-1.618854163409e+00,-8.450000000000e-03,6.731000000000e-02,4.001592918407e-01,2.664934873734e-04
2.352509917796e+00,-1.617312776134e+00,-4.836000000000e-02,-4.062000000000e-02,1.561543370060e+00,7.567640328452e-05
2.481320383110e+00,-1.612301970571e+00,-4.956000000000e-02,-4.112000000000e-02,1.556705350896e+00,7.682980926147e-05
5.488567459208e+00,-1.608228347131e+00,-6.780000000000e-02,-5.008000000000e-02,1.550206555904e+00,4.432062156376e-05
8.820447460227e+00,-1.608130782607e+00,-4.758000000000e-02,3.708000000000e-02,1.524915939965e+00,2.860998070560e-05
2.610130848424e+00,-1.607291165008e+00,-5.019000000000e-02,-4.170000000000e-02,1.551867331732e+00,7.789333761813e-05
6.092246089233e+00,-1.604056541265e+00,-6.588000000000e-02,-4.327000000000e-02,1.540577906135e+00,3.697213502586e-05
6.827135822776e+00,-1.603455336479e+00,-6.714000000000e-02,-3.105000000000e-02,1.534244004763e+00,4.111610208211e-05
2.738941313738e+00,-1.602280359445e+00,-5.052000000000e-02,-4.234000000000e-02,1.547029312568e+00,7.883690164828e-05
9.973467794016e+00,-1.602235760504e+00,-1.252000000000e-02,7.295000000000e-02,5.001991148010e-01,2.054654988632e-04
7.695301911104e+00,-1.600847110672e+00,-6.465000000000e-02,-1.150000000000e-02,1.525416051605e+00,4.651678115965e-05
2.867751779052e+00,-1.597269553882e+00,-5.086000000000e-02,-4.252000000000e-02,1.542191293404e+00,7.963940005381e-05
4.897296570050e+00,-1.595210583256e+00,-6.378000000000e-02,-5.066000000000e-02,1.540365488155e+00,5.742445487600e-05
2.996562244367e+00,-1.592258748319e+00,-5.157000000000e-02,-4.354000000000e-02,1.537353274239e+00,8.027822104745e-05
8.698309651548e+00,-1.590566621889e+00,-4.989000000000e-02,3.118000000000e-02,1.508106844654e+00,2.944031015231e-05
3.125372709682e+00,-1.587247942756e+00,-5.255000000000e-02,-4.500000000000e-02,1.532515255075e+00,8.072247130350e-05
9.874817934094e+00,-1.585617357600e+00,-1.684000000000e-02,7.663000000000e-02,6.002389377606e-01,1.536748998888e-04
5.370984206087e+00,-1.583682219592e+00,-6.690000000000e-02,-4.903000000000e-02,1.526177129887e+00,4.748331369638e-05
6.707111889696e+00,-1.582357740681e+00,-6.704000000000e-02,-3.225000000000e-02,1.514052031957e+00,4.018875841704e-05
3.254183174996e+00,-1.582237137193e+00,-5.347000000000e-02,-4.552000000000e-02,1.527677235911e+00,8.093280369916e-05
7.574179995406e+00,-1.581506381862e+00,-6.618000000000e-02,-1.581000000000e-02,1.506883945305e+00,4.731628436365e-05
5.973401846959e+00,-1.581223306156e+00,-6.767000000000e-02,-4.474000000000e-02,1.518822557044e+00,3.825637659330e-05
3.382993640311e+00,-1.577226331630e+00,-5.477000000000e-02,-4.585000000000e-02,1.522839216747e+00,8.086687641357e-05
8.576171842868e+00,-1.573002461171e+00,-5.207000000000e-02,2.494000000000e-02,1.491313083981e+00,3.231428183845e-05
3.511804105626e+00,-1.572215526067e+00,-5.597000000000e-02,-4.550000000000e-02,1.518001197582e+00,8.048720307898e-05
9.776168074172e+00,-1.568998954695e+00,-2.135000000000e-02,7.669000000000e-02,7.002787607200e-01,1.171154936935e-04
4.781055166350e+00,-1.568975821466e+00,-6.352000000000e-02,-4.982000000000e-02,1.514909927467e+00,6.052340229888e-05
3.640614570940e+00,-1.567204720505e+00,-5.715000000000e-02,-4.511000000000e-02,1.513163178418e+00,7.976762020004e-05
3.769425036255e+00,-1.562193914942e+00,-5.785000000000e-02,-4.507000000000e-02,1.508325159254e+00,7.869686936683e-05
7.453058079707e+00,-1.562165653052e+00,-6.755000000000e-02,-1.986000000000e-02,1.488376155491e+00,4.765715057710e-05
6.587087956616e+00,-1.561260144882e+00,-6.735000000000e-02,-3.351000000000e-02,1.493896836103e+00,3.936801115634e-05
5.253400952966e+00,-1.559136092054e+00,-6.679000000000e-02,-4.883000000000e-02,1.502200145470e+00,5.083357776933e-05
5.854557604684e+00,-1.558390071046e+00,-6.931000000000e-02,-4.641000000000e-02,1.497121616482e+00,4.008143580184e-05
3.898235501570e+00,-1.557183109379e+00,-5.951000000000e-02,-4.626000000000e-02,1.503487140090e+00,7.728347388859e-05
8.454034034189e+00,-1.555438300452e+00,-5.484000000000e-02,1.929000000000e-02,1.474535181893e+00,3.584347466706e-05
6.250000200012e-02,-1.554758908024e+00,7.000000000000e-04,-1.243610000000e+00,1.578459289793e+00,3.619121904352e-03
1.875000060004e-01,-1.554758908024e+00,1.190000000000e-03,-1.183180000000e+00,1.543424349469e+00,4.413991836732e-03
3.125000100004e-01,-1.554758908024e+00,3.570000000000e-03,-1.056060000000e+00,1.517904383528e+00,4.949672205708e-03
4.375000140001e-01,-1.554758908024e+00,1.005000000000e-02,-7.427000000000e-01,1.502384343147e+00,4.732643508331e-03
8.125000259998e-01,-1.554758908024e+00,-2.582000000000e-02,-3.809000000000e-02,1.497175244764e+00,1.320711711822e-03
9.375000300000e-01,-1.554758908024e+00,-3.179000000000e-02,-2.847000000000e-02,1.497175244764e+00,4.875936867916e-04
5.625000179999e-01,-1.554758908024e+00,5.370000000000e-03,-3.812300000000e-01,1.497175244764e+00,3.850785379430e-03
6.875000219998e-01,-1.554758908024e+00,-1.284000000000e-02,-1.324900000000e-01,1.497175244764e+00,2.550767333082e-03
1.064405264657e+00,-1.552426291641e+00,-3.423000000000e-02,-2.963000000000e-02,1.494929021581e+00,9.870701578383e-05
9.677518214250e+00,-1.552380551791e+00,-2.660000000000e-02,7.588000000000e-02,8.003185836792e-01,9.617398591621e-05
4.027045966884e+00,-1.552172303816e+00,-6.152000000000e-02,-4.671000000000e-02,1.498649120925e+00,7.556476938934e-05
1.193215729971e+00,-1.547761058876e+00,-3.609000000000e-02,-3.034000000000e-02,1.490436575214e+00,6.789273551625e-05
4.155856432199e+00,-1.547161498253e+00,-6.301000000000e-02,-4.711000000000e-02,1.493811101761e+00,7.359363218617e-05
1.322026195285e+00,-1.543095826110e+00,-3.757000000000e-02,-3.156000000000e-02,1.485944128847e+00,6.993223476347e-05
7.331936164008e+00,-1.542824924241e+00,-6.928000000000e-02,-2.316000000000e-02,1.469893600688e+00,4.752738531224e-05
4.664813762650e+00,-1.542741059677e+00,-6.324000000000e-02,-4.924000000000e-02,1.489534450912e+00,6.246259367925e-05
4.284666897513e+00,-1.542150692690e+00,-6.351000000000e-02,-4.738000000000e-02,1.488973082597e+00,7.135661198727e-05
6.467064023536e+00,-1.540162549084e+00,-6.732000000000e-02,-3.512000000000e-02,1.473779926070e+00,3.881698589527e-05
1.450836660599e+00,-1.538430593345e+00,-3.860000000000e-02,-3.251000000000e-02,1.481451682480e+00,6.877952556618e-05
8.331896225509e+00,-1.537874139734e+00,-5.770000000000e-02,1.442000000000e-02,1.457773685951e+00,3.928515649938e-05
4.413477362828e+00,-1.537139887127e+00,-6.364000000000e-02,-4.770000000000e-02,1.484135063433e+00,6.874988880496e-05
9.578868354328e+00,-1.535762148886e+00,-3.194000000000e-02,7.347000000000e-02,9.001474451941e-01,8.878533661691e-05
5.735713362410e+00,-1.535556835937e+00,-7.026000000000e-02,-4.736000000000e-02,1.475477485132e+00,4.239349454898e-05
5.135817699845e+00,-1.534589964515e+00,-6.721000000000e-02,-4.855000000000e-02,1.478278154391e+00,5.429566885692e-05
1.579647125913e+00,-1.533765360579e+00,-3.960000000000e-02,-3.332000000000e-02,1.476959236113e+00,6.832426002080e-05
4.542287828143e+00,-1.532129081564e+00,-6.337000000000e-02,-4.811000000000e-02,1.479297044269e+00,6.630301214436e-05
1.708457591227e+00,-1.529100127814e+00,-4.121000000000e-02,-3.501000000000e-02,1.472466789747e+00,6.899539910315e-05
1.837268056541e+00,-1.524434895049e+00,-4.271000000000e-02,-3.633000000000e-02,1.467974343380e+00,6.955504566607e-05
7.210814248309e+00,-1.523484195431e+00,-6.998000000000e-02,-2.515000000000e-02,1.451437244921e+00,4.696781704449e-05
8.209758416829e+00,-1.520309979015e+00,-6.037000000000e-02,9.260000000000e-03,1.441029168647e+00,4.265619897286e-05
1.966078521855e+00,-1.519769662283e+00,-4.435000000000e-02,-3.665000000000e-02,1.463481897013e+00,6.888637140119e-05
9.468007794822e+00,-1.519568234961e+00,-3.680000000000e-02,6.791000000000e-02,1.012160769837e+00,8.108623125159e-05
6.347040090456e+00,-1.519064953285e+00,-6.801000000000e-02,-3.713000000000e-02,1.453702891303e+00,3.868061792082e-05
2.094888987168e+00,-1.515104429518e+00,-4.615000000000e-02,-3.697000000000e-02,1.458989450647e+00,6.877156925710e-05
5.616869120135e+00,-1.512723600828e+00,-7.021000000000e-02,-4.779000000000e-02,1.453838794595e+00,4.511752593422e-05
2.223699452482e+00,-1.510439196752e+00,-4.752000000000e-02,-3.719000000000e-02,1.454497004280e+00,7.017299187302e-05
5.018234446724e+00,-1.510043836976e+00,-6.681000000000e-02,-4.834000000000e-02,1.454413870220e+00,5.779896932536e-05
2.352509917796e+00,-1.505773963987e+00,-4.885000000000e-02,-3.788000000000e-02,1.450004557913e+00,7.175691751916e-05
7.089692332611e+00,-1.504143466621e+00,-7.008000000000e-02,-2.670000000000e-02,1.433008100478e+00,4.605920880767e-05
9.344936535732e+00,-1.503798810016e+00,-4.056000000000e-02,6.214000000000e-02,1.136373347636e+00,6.761552367474e-05
8.087620608150e+00,-1.502745818297e+00,-6.310000000000e-02,4.060000000000e-03,1.424302228797e+00,4.576157152684e-05
2.481320383110e+00,-1.501108731221e+00,-5.004000000000e-02,-3.828000000000e-02,1.445512111546e+00,7.336801334075e-05
6.227016157377e+00,-1.497967357486e+00,-6.918000000000e-02,-3.926000000000e-02,1.433667407039e+00,3.906575460381e-05
2.610130848424e+00,-1.496443498456e+00,-5.110000000000e-02,-3.876000000000e-02,1.441019665180e+00,7.493939666739e-05
2.738941313738e+00,-1.491778265690e+00,-5.146000000000e-02,-3.946000000000e-02,1.436527218813e+00,7.644000612936e-05
5.498024877860e+00,-1.489890365718e+00,-6.979000000000e-02,-4.679000000000e-02,1.431555316637e+00,4.817101818506e-05
1.050369043759e+01,-1.488955728017e+00,1.640000000000e-03,1.595000000000e-02,2.351057198885e-04,1.960423595296e-05
9.221865276643e+00,-1.488029385071e+00,-4.417000000000e-02,5.616000000000e-02,1.260389900363e+00,5.758018760942e-05
2.867751779052e+00,-1.487113032925e+00,-5.200000000000e-02,-3.943000000000e-02,1.432034772446e+00,7.784908050125e-05
4.900651193603e+00,-1.485497709437e+00,-6.601000000000e-02,-4.741000000000e-02,1.430610180820e+00,6.128307398328e-05
7.965482799470e+00,-1.485181657578e+00,-6.568000000000e-02,-1.260000000000e-03,1.407593493039e+00,4.809081322054e-05
6.968570416912e+00,-1.484802737811e+00,-7.040000000000e-02,-2.749000000000e-02,1.414607230867e+00,4.492042444322e-05
2.996562244367e+00,-1.482447800159e+00,-5.202000000000e-02,-4.045000000000e-02,1.427542326079e+00,7.913780701243e-05
3.125372709682e+00,-1.477782567394e+00,-5.341000000000e-02,-4.207000000000e-02,1.423049879712e+00,8.025995830589e-05
6.106992224297e+00,-1.476869761688e+00,-7.073000000000e-02,-4.054000000000e-02,1.413675239916e+00,4.002820680345e-05
1.040473047218e+01,-1.474276926177e+00,1.330000000000e-03,3.653000000000e-02,1.000427007638e-01,3.472322353873e-04
3.254183174996e+00,-1.473117334628e+00,-5.465000000000e-02,-4.261000000000e-02,1.418557433346e+00,8.115397936761e-05
9.098794017553e+00,-1.472259960126e+00,-4.811000000000e-02,5.047000000000e-02,1.384417363302e+00,4.746571674483e-05
3.382993640311e+00,-1.468452101863e+00,-5.591000000000e-02,-4.270000000000e-02,1.414064986979e+00,8.175313644132e-05
7.843344990791e+00,-1.467617496860e+00,-6.799000000000e-02,-5.890000000000e-03,1.390903617424e+00,4.985291763873e-05
5.379180635585e+00,-1.467057130609e+00,-6.958000000000e-02,-4.605000000000e-02,1.409313133534e+00,5.147208597710e-05
6.847448501215e+00,-1.465462009001e+00,-7.090000000000e-02,-2.817000000000e-02,1.396235753983e+00,4.370135117512e-05
3.511804105626e+00,-1.463786869097e+00,-5.790000000000e-02,-4.276000000000e-02,1.409572540612e+00,8.199783598086e-05
4.783067940482e+00,-1.460951581899e+00,-6.562000000000e-02,-4.638000000000e-02,1.406870161914e+00,6.442558402334e-05
1.030577050678e+01,-1.459598124336e+00,-2.230000000000e-03,4.536000000000e-02,2.000854015275e-01,3.364993619079e-04
3.640614570940e+00,-1.459121636332e+00,-5.949000000000e-02,-4.281000000000e-02,1.405080094245e+00,8.184488431234e-05
8.975722758464e+00,-1.456490535181e+00,-5.106000000000e-02,4.428000000000e-02,1.371550531678e+00,3.905706169956e-05
5.986968291217e+00,-1.455772165889e+00,-7.181000000000e-02,-4.165000000000e-02,1.393728254010e+00,4.157129053833e-05
3.769425036255e+00,-1.454456403566e+00,-5.996000000000e-02,-4.274000000000e-02,1.400587647879e+00,8.127219626083e-05
7.721207182111e+00,-1.450053336141e+00,-7.067000000000e-02,-1.031000000000e-02,1.374233289113e+00,5.102548681523e-05
3.898235501570e+00,-1.449791170801e+00,-6.076000000000e-02,-4.311000000000e-02,1.396095201512e+00,8.028335398976e-05
6.726326585517e+00,-1.446121280191e+00,-7.146000000000e-02,-2.940000000000e-02,1.377894845505e+00,4.256980673229e-05
4.027045966884e+00,-1.445125938035e+00,-6.249000000000e-02,-4.377000000000e-02,1.391602755145e+00,7.891326089973e-05
1.020681054138e+01,-1.444919322496e+00,-6.690000000000e-03,5.274000000000e-02,3.001281022914e-01,3.161190434483e-04
5.260336393311e+00,-1.444223895500e+00,-6.952000000000e-02,-4.554000000000e-02,1.387114231759e+00,5.494265227550e-05
8.852651499375e+00,-1.440721110236e+00,-5.296000000000e-02,3.775000000000e-02,1.356633467332e+00,3.385341702213e-05
4.155856432199e+00,-1.440460705270e+00,-6.451000000000e-02,-4.421000000000e-02,1.387110308778e+00,7.720903944219e-05
6.250000200012e-02,-1.439591581504e+00,7.400000000000e-04,-1.244710000000e+00,1.469675441071e+00,3.628567525925e-03
1.875000060004e-01,-1.439591581504e+00,1.250000000000e-03,-1.184280000000e+00,1.431981457662e+00,4.457604526527e-03
3.125000100004e-01,-1.439591581504e+00,2.960000000000e-03,-1.062490000000e+00,1.404437926748e+00,5.034753311749e-03
8.125000259998e-01,-1.439591581504e+00,-2.866000000000e-02,-2.949000000000e-02,1.382007918244e+00,1.282824061956e-03
9.375000300000e-01,-1.439591581504e+00,-3.256000000000e-02,-2.384000000000e-02,1.382007918244e+00,4.541564158411e-04
5.625000179999e-01,-1.439591581504e+00,4.630000000000e-03,-3.691000000000e-01,1.382007918244e+00,3.898543393834e-03
4.375000140001e-01,-1.439591581504e+00,1.077000000000e-02,-7.497900000000e-01,1.387649410726e+00,4.826581847558e-03
6.875000219998e-01,-1.439591581504e+00,-1.547000000000e-02,-1.137800000000e-01,1.382007918244e+00,2.539017653626e-03
1.064405264657e+00,-1.437431751520e+00,-3.498000000000e-02,-2.571000000000e-02,1.379934481459e+00,8.438916425445e-05
4.665484687361e+00,-1.436405454360e+00,-6.619000000000e-02,-4.586000000000e-02,1.383197091865e+00,6.668004805352e-05
4.284666897513e+00,-1.435795472504e+00,-6.591000000000e-02,-4.427000000000e-02,1.382617862411e+00,7.515558675647e-05
5.866944358137e+00,-1.434674570091e+00,-7.264000000000e-02,-4.338000000000e-02,1.373828417315e+00,4.365552886544e-05
1.193215729971e+00,-1.433112091552e+00,-3.667000000000e-02,-2.692000000000e-02,1.375787607890e+00,6.348808920484e-05
7.599069373432e+00,-1.432489175423e+00,-7.273000000000e-02,-1.408000000000e-02,1.357583228195e+00,5.154515690339e-05
4.413477362828e+00,-1.431130239739e+00,-6.663000000000e-02,-4.462000000000e-02,1.378125416045e+00,7.268515192468e-05
1.010785057597e+01,-1.430240520656e+00,-1.045000000000e-02,6.008000000000e-02,4.001708030552e-01,2.735613643263e-04
1.322026195285e+00,-1.428792431584e+00,-3.815000000000e-02,-2.862000000000e-02,1.371640734320e+00,6.423629030446e-05
6.605204669818e+00,-1.426780551381e+00,-7.172000000000e-02,-3.108000000000e-02,1.359585742545e+00,4.169532691451e-05
4.542287828143e+00,-1.426465006973e+00,-6.675000000000e-02,-4.507000000000e-02,1.373632969678e+00,7.041800809052e-05
8.729580240285e+00,-1.424951685291e+00,-5.499000000000e-02,3.216000000000e-02,1.341729256768e+00,3.254556795076e-05
1.450836660599e+00,-1.424472771616e+00,-3.926000000000e-02,-2.981000000000e-02,1.367493860751e+00,6.251960824019e-05
5.141492151036e+00,-1.421390660390e+00,-6.963000000000e-02,-4.459000000000e-02,1.364960723019e+00,5.850850602313e-05
1.579647125913e+00,-1.420153111648e+00,-3.993000000000e-02,-3.046000000000e-02,1.363346987182e+00,6.181787256956e-05
1.708457591227e+00,-1.415833451680e+00,-4.119000000000e-02,-3.207000000000e-02,1.359200113612e+00,6.212911962732e-05
1.000889061057e+01,-1.415561718816e+00,-1.424000000000e-02,6.532000000000e-02,5.002135038191e-01,2.230978496559e-04
7.476931564753e+00,-1.414925014704e+00,-7.349000000000e-02,-1.769000000000e-02,1.340954189625e+00,5.142742828831e-05
5.746920425058e+00,-1.413576974292e+00,-7.317000000000e-02,-4.388000000000e-02,1.353752908947e+00,4.621408987130e-05
1.837268056541e+00,-1.411513791712e+00,-4.288000000000e-02,-3.353000000000e-02,1.355053240043e+00,6.345231549867e-05
8.606508981195e+00,-1.409182260346e+00,-5.772000000000e-02,2.657000000000e-02,1.326838333138e+00,3.438048061834e-05
6.484082754120e+00,-1.407439822571e+00,-7.220000000000e-02,-3.274000000000e-02,1.341309747555e+00,4.123122855491e-05
1.966078521855e+00,-1.407194131744e+00,-4.426000000000e-02,-3.357000000000e-02,1.350906366474e+00,6.475714111013e-05
2.094888987168e+00,-1.402874471775e+00,-4.629000000000e-02,-3.369000000000e-02,1.346759492904e+00,6.463025384383e-05
9.909930645165e+00,-1.400882916976e+00,-1.872000000000e-02,6.865000000000e-02,6.002562045824e-01,1.761528223638e-04
5.022647908761e+00,-1.398557425281e+00,-6.890000000000e-02,-4.425000000000e-02,1.342854853906e+00,6.210001562906e-05
2.223699452482e+00,-1.398554811807e+00,-4.791000000000e-02,-3.395000000000e-02,1.342612619335e+00,6.504435106333e-05
7.354793756073e+00,-1.397360853986e+00,-7.399000000000e-02,-2.004000000000e-02,1.324346965298e+00,5.075935551108e-05
2.352509917796e+00,-1.394235151839e+00,-4.895000000000e-02,-3.539000000000e-02,1.338465745766e+00,6.699307966929e-05
8.483437722106e+00,-1.393412835400e+00,-6.045000000000e-02,2.029000000000e-02,1.311961148869e+00,3.785477699001e-05
5.626896491978e+00,-1.392479378494e+00,-7.321000000000e-02,-4.407000000000e-02,1.333246032416e+00,4.916740523787e-05
2.481320383110e+00,-1.389915491871e+00,-4.995000000000e-02,-3.550000000000e-02,1.334318872197e+00,6.916588147411e-05
6.362960838422e+00,-1.388099093761e+00,-7.367000000000e-02,-3.463000000000e-02,1.323068232531e+00,4.129685149422e-05
9.810970679763e+00,-1.386204115136e+00,-2.334000000000e-02,7.001000000000e-02,7.002989053453e-01,1.395908363264e-04
2.610130848424e+00,-1.385595831903e+00,-5.097000000000e-02,-3.552000000000e-02,1.330171998627e+00,7.137627826034e-05
2.738941313738e+00,-1.381276171935e+00,-5.212000000000e-02,-3.625000000000e-02,1.326025125058e+00,7.357494596299e-05
7.232655947393e+00,-1.379796693268e+00,-7.433000000000e-02,-2.208000000000e-02,1.307762386270e+00,4.966710604383e-05
8.360366463016e+00,-1.377643410455e+00,-6.304000000000e-02,1.475000000000e-02,1.297098176716e+00,4.173263378662e-05
2.867751779053e+00,-1.376956511967e+00,-5.317000000000e-02,-3.642000000000e-02,1.321878251489e+00,7.574062938418e-05
4.903803666487e+00,-1.375724190172e+00,-6.801000000000e-02,-4.328000000000e-02,1.320799016419e+00,6.564537523019e-05
2.996562244367e+00,-1.372636851999e+00,-5.366000000000e-02,-3.764000000000e-02,1.317731377919e+00,7.783507912709e-05
9.712010714360e+00,-1.371525313296e+00,-2.749000000000e-02,7.008000000000e-02,8.003416061082e-01,1.158519702452e-04
5.506872558898e+00,-1.371381782696e+00,-7.313000000000e-02,-4.307000000000e-02,1.312771244181e+00,5.243313192234e-05
6.241838922724e+00,-1.368758364951e+00,-7.476000000000e-02,-3.615000000000e-02,1.304862643527e+00,4.196413918921e-05
3.125372709682e+00,-1.368317192031e+00,-5.439000000000e-02,-3.850000000000e-02,1.313584504350e+00,7.978915410495e-05
3.254183174996e+00,-1.363997532063e+00,-5.616000000000e-02,-3.920000000000e-02,1.309437630781e+00,8.151039833835e-05
7.110518138714e+00,-1.362232532549e+00,-7.449000000000e-02,-2.368000000000e-02,1.291201325129e+00,4.830145516091e-05
8.237295203926e+00,-1.361873985510e+00,-6.545000000000e-02,1.003000000000e-02,1.282249910890e+00,4.553784271512e-05
3.382993640311e+00,-1.359677872095e+00,-5.780000000000e-02,-3.922000000000e-02,1.305290757211e+00,8.290109903610e-05
9.613050748957e+00,-1.356846511456e+00,-3.222000000000e-02,6.806000000000e-02,9.001733521231e-01,1.051141230521e-04
3.511804105626e+00,-1.355358212127e+00,-5.989000000000e-02,-3.952000000000e-02,1.301143883642e+00,8.387652521598e-05
4.784959424212e+00,-1.352890955063e+00,-6.835000000000e-02,-4.280000000000e-02,1.298795759435e+00,6.891011802439e-05
3.640614570940e+00,-1.351038552159e+00,-6.152000000000e-02,-3.988000000000e-02,1.296997010073e+00,8.437671778940e-05
5.386848625818e+00,-1.350284186897e+00,-7.292000000000e-02,-4.234000000000e-02,1.292330069397e+00,5.593103255213e-05
6.120717007026e+00,-1.349417636141e+00,-7.551000000000e-02,-3.680000000000e-02,1.286694505508e+00,4.325326978323e-05
3.769425036255e+00,-1.346718892191e+00,-6.203000000000e-02,-4.017000000000e-02,1.292850136503e+00,8.437099329362e-05
8.114223944837e+00,-1.346104560565e+00,-6.787000000000e-02,4.920000000000e-03,1.267416868261e+00,4.876115217875e-05
6.988380330035e+00,-1.344668371831e+00,-7.511000000000e-02,-2.488000000000e-02,1.274664698545e+00,4.683179743923e-05
9.501609794937e+00,-1.342528079922e+00,-3.775000000000e-02,6.413000000000e-02,1.012511465947e+00,9.610659281406e-05
3.898235501570e+00,-1.342399232223e+00,-6.253000000000e-02,-4.008000000000e-02,1.288703262934e+00,8.386038989345e-05
4.027045966884e+00,-1.338079572255e+00,-6.382000000000e-02,-4.053000000000e-02,1.284556389365e+00,8.287831070070e-05
4.155856432199e+00,-1.333759912287e+00,-6.571000000000e-02,-4.092000000000e-02,1.280409515795e+00,8.146553527038e-05
7.991152685747e+00,-1.330335135620e+00,-7.060000000000e-02,-2.100000000000e-04,1.252599589640e+00,5.110147507456e-05
5.999595091328e+00,-1.330076907331e+00,-7.650000000000e-02,-3.788000000000e-02,1.268565427571e+00,4.513884770063e-05
4.666115181937e+00,-1.330057719953e+00,-6.892000000000e-02,-4.198000000000e-02,1.276847801234e+00,7.150765995501e-05
4.284666897513e+00,-1.329440252319e+00,-6.733000000000e-02,-4.116000000000e-02,1.276262642226e+00,7.960803074485e-05
5.266824692739e+00,-1.329186591099e+00,-7.222000000000e-02,-4.168000000000e-02,1.271924128679e+00,5.958423421864e-05
9.377687852301e+00,-1.328570018694e+00,-4.258000000000e-02,5.987000000000e-02,1.137367749597e+00,8.414781654111e-05
6.866242521357e+00,-1.327104211112e+00,-7.560000000000e-02,-2.526000000000e-02,1.258153469988e+00,4.543775786876e-05
4.413477362828e+00,-1.325120592351e+00,-6.845000000000e-02,-4.109000000000e-02,1.272115768657e+00,7.728669290465e-05
6.250000200012e-02,-1.324424254983e+00,7.600000000000e-04,-1.245790000000e+00,1.361941665725e+00,3.634412268871e-03
1.875000060004e-01,-1.324424254983e+00,1.320000000000e-03,-1.185280000000e+00,1.321177540620e+00,4.499250749007e-03
3.125000100004e-01,-1.324424254983e+00,2.310000000000e-03,-1.068550000000e+00,1.291272662468e+00,5.124013405848e-03
5.625000179999e-01,-1.324424254983e+00,4.100000000000e-03,-3.544800000000e-01,1.266840591723e+00,3.948866705291e-03
8.125000259998e-01,-1.324424254983e+00,-3.095000000000e-02,-2.225000000000e-02,1.266840591723e+00,1.237417987464e-03
9.375000300000e-01,-1.324424254983e+00,-3.382000000000e-02,-2.039000000000e-02,1.266840591723e+00,4.172956778274e-04
4.375000140001e-01,-1.324424254983e+00,1.140000000000e-02,-7.585500000000e-01,1.272992571006e+00,4.928793436096e-03
6.875000219998e-01,-1.324424254983e+00,-1.792000000000e-02,-9.305000000000e-02,1.266840591723e+00,2.522245073878e-03
1.064405264657e+00,-1.322437211398e+00,-3.546000000000e-02,-2.186000000000e-02,1.264939941337e+00,7.019618767381e-05
4.542287828143e+00,-1.320800932383e+00,-6.895000000000e-02,-4.175000000000e-02,1.267968895087e+00,7.521060192318e-05
1.193215729971e+00,-1.318463124228e+00,-3.671000000000e-02,-2.328000000000e-02,1.261138640566e+00,5.900890701142e-05
9.253765909664e+00,-1.314611957467e+00,-4.652000000000e-02,5.553000000000e-02,1.227460620287e+00,7.473095954848e-05
7.868081426657e+00,-1.314565710675e+00,-7.342000000000e-02,-4.950000000000e-03,1.237798641145e+00,5.268959705153e-05
1.322026195285e+00,-1.314489037057e+00,-3.806000000000e-02,-2.516000000000e-02,1.257337339794e+00,5.780838615083e-05
5.878473175630e+00,-1.310736178521e+00,-7.702000000000e-02,-3.861000000000e-02,1.249902313223e+00,4.756323192623e-05
1.450836660599e+00,-1.310514949886e+00,-3.931000000000e-02,-2.712000000000e-02,1.253536039022e+00,5.503878836392e-05
6.744104712678e+00,-1.309540050394e+00,-7.594000000000e-02,-2.621000000000e-02,1.241668652659e+00,4.429697816567e-05
5.146800759659e+00,-1.308088995300e+00,-7.139000000000e-02,-4.059000000000e-02,1.251555145444e+00,6.331861441195e-05
1.579647125913e+00,-1.306540862716e+00,-3.985000000000e-02,-2.784000000000e-02,1.249734738250e+00,5.388424832618e-05
1.708457591227e+00,-1.302566775545e+00,-4.073000000000e-02,-2.879000000000e-02,1.245933437478e+00,5.417217738868e-05
9.129843967027e+00,-1.300653896240e+00,-4.978000000000e-02,4.909000000000e-02,1.214427554515e+00,6.436121030052e-05
7.745010167568e+00,-1.298796285730e+00,-7.535000000000e-02,-8.680000000000e-03,1.223014615658e+00,5.349271456519e-05
1.837268056541e+00,-1.298592688375e+00,-4.258000000000e-02,-3.040000000000e-02,1.242132136706e+00,5.555776432804e-05
1.966078521855e+00,-1.294618601204e+00,-4.476000000000e-02,-3.084000000000e-02,1.238330835934e+00,5.782950530861e-05
6.621966903999e+00,-1.291975889676e+00,-7.619000000000e-02,-2.778000000000e-02,1.225211312621e+00,4.357057281803e-05
1.053697986418e+01,-1.291925724969e+00,8.400000000000e-04,9.800000000000e-03,2.351057196849e-04,1.385108541757e-05
5.757351259932e+00,-1.291395449711e+00,-7.697000000000e-02,-3.887000000000e-02,1.231197754075e+00,5.045105409863e-05
2.094888987168e+00,-1.290644514033e+00,-4.651000000000e-02,-3.062000000000e-02,1.234529535163e+00,5.994189506750e-05
5.026776826579e+00,-1.286991399502e+00,-7.060000000000e-02,-3.981000000000e-02,1.231224953932e+00,6.706398417895e-05
9.005922024391e+00,-1.286695835012e+00,-5.385000000000e-02,4.369000000000e-02,1.201404975165e+00,5.470978455942e-05
2.223699452482e+00,-1.286670426863e+00,-4.802000000000e-02,-3.126000000000e-02,1.230728234391e+00,6.047464406014e-05
7.621938908478e+00,-1.283026860785e+00,-7.712000000000e-02,-1.207000000000e-02,1.208248134386e+00,5.353153771231e-05
2.352509917796e+00,-1.282696339692e+00,-4.929000000000e-02,-3.217000000000e-02,1.226926933619e+00,6.170054464311e-05
1.043774783765e+01,-1.279192277738e+00,-1.010000000000e-03,2.756000000000e-02,1.000456684114e-01,2.820961881377e-04
2.481320383110e+00,-1.278722252522e+00,-5.077000000000e-02,-3.249000000000e-02,1.223125632847e+00,6.444021748982e-05
2.610130848424e+00,-1.274748165351e+00,-5.149000000000e-02,-3.237000000000e-02,1.219324332075e+00,6.744363967896e-05
6.499829095320e+00,-1.274411728957e+00,-7.745000000000e-02,-3.017000000000e-02,1.208782572169e+00,4.338797052805e-05
8.882000081754e+00,-1.272737773785e+00,-5.694000000000e-02,3.828000000000e-02,1.188393226972e+00,4.713760788126e-05
5.636229344234e+00,-1.272054720900e+00,-7.687000000000e-02,-3.933000000000e-02,1.212517747570e+00,5.372035850651e-05
2.738941313738e+00,-1.270774078181e+00,-5.234000000000e-02,-3.294000000000e-02,1.215523031303e+00,7.051695248272e-05
7.498867649389e+00,-1.267257435839e+00,-7.830000000000e-02,-1.483000000000e-02,1.193499848520e+00,5.291155667546e-05
2.867751779053e+00,-1.266799991010e+00,-5.409000000000e-02,-3.342000000000e-02,1.211721730531e+00,7.362128128489e-05
1.033851581112e+01,-1.266458830508e+00,-4.920000000000e-03,3.840000000000e-02,2.000913368228e-01,3.052981803448e-04
4.906752893499e+00,-1.265893803703e+00,-7.064000000000e-02,-3.951000000000e-02,1.210935507947e+00,7.073458901801e-05
2.996562244367e+00,-1.262825903839e+00,-5.551000000000e-02,-3.460000000000e-02,1.207920429760e+00,7.670269689863e-05
3.125372709682e+00,-1.258851816669e+00,-5.655000000000e-02,-3.516000000000e-02,1.204119128988e+00,7.965806426521e-05
8.758078139118e+00,-1.258779712557e+00,-5.912000000000e-02,3.286000000000e-02,1.175392669642e+00,4.260607450523e-05
6.377691286642e+00,-1.256847568239e+00,-7.857000000000e-02,-3.131000000000e-02,1.192383613444e+00,4.383426194568e-05
3.254183174997e+00,-1.254877729498e+00,-5.804000000000e-02,-3.541000000000e-02,1.200317828216e+00,8.235369130322e-05
1.023928378459e+01,-1.253725383277e+00,-8.110000000000e-03,4.683000000000e-02,3.001370052343e-01,3.018156301640e-04
5.515107428536e+00,-1.252713992090e+00,-7.640000000000e-02,-3.926000000000e-02,1.193863446209e+00,5.728893310394e-05
7.375796390299e+00,-1.251488010894e+00,-7.857000000000e-02,-1.694000000000e-02,1.178770441023e+00,5.179057801714e-05
3.382993640311e+00,-1.250903642328e+00,-5.974000000000e-02,-3.541000000000e-02,1.196516527444e+00,8.465575396693e-05
3.511804105626e+00,-1.246929555157e+00,-6.182000000000e-02,-3.608000000000e-02,1.192715226672e+00,8.645497785971e-05
8.634156196481e+00,-1.244821651330e+00,-6.197000000000e-02,2.691000000000e-02,1.162403678660e+00,4.128717336463e-05
4.786728960420e+00,-1.244796207905e+00,-7.085000000000e-02,-3.908000000000e-02,1.190688890413e+00,7.421626733771e-05
3.640614570940e+00,-1.242955467986e+00,-6.353000000000e-02,-3.676000000000e-02,1.188913925900e+00,8.767912648317e-05
1.014005175806e+01,-1.240991936046e+00,-1.062000000000e-02,5.346000000000e-02,4.001826736458e-01,2.724521112677e-04
6.255553477963e+00,-1.239283407521e+00,-7.971000000000e-02,-3.224000000000e-02,1.176015682322e+00,4.494432371090e-05
3.769425036255e+00,-1.238981380816e+00,-6.425000000000e-02,-3.714000000000e-02,1.185112625128e+00,8.829458318693e-05
7.252725131210e+00,-1.235718585949e+00,-7.853000000000e-02,-1.897000000000e-02,1.164060628524e+00,5.034916840340e-05
3.898235501570e+00,-1.235007293645e+00,-6.472000000000e-02,-3.707000000000e-02,1.181311324356e+00,8.830404823864e-05
5.393985512838e+00,-1.233373263280e+00,-7.525000000000e-02,-3.853000000000e-02,1.175236074034e+00,6.107673954297e-05
4.027045966884e+00,-1.231033206475e+00,-6.579000000000e-02,-3.741000000000e-02,1.177510023584e+00,8.774069619608e-05
8.510234253844e+00,-1.230863590102e+00,-6.484000000000e-02,2.067000000000e-02,1.149426646138e+00,4.242030255129e-05
1.004081973153e+01,-1.228258488815e+00,-1.414000000000e-02,5.770000000000e-02,5.002283420573e-01,2.316141950032e-04
4.155856432199e+00,-1.227059119304e+00,-6.719000000000e-02,-3.755000000000e-02,1.173708722813e+00,8.663785319304e-05
4.666705027340e+00,-1.223698612106e+00,-7.091000000000e-02,-3.866000000000e-02,1.170487323822e+00,7.718817259823e-05
4.284666897513e+00,-1.223085032133e+00,-6.899000000000e-02,-3.800000000000e-02,1.169907422041e+00,8.498408699569e-05
6.133415669284e+00,-1.221719246802e+00,-8.105000000000e-02,-3.301000000000e-02,1.159148960123e+00,4.670622509165e-05
7.129653872120e+00,-1.219949161004e+00,-7.903000000000e-02,-2.073000000000e-02,1.149371163362e+00,4.877785856517e-05
4.413477362828e+00,-1.219110944963e+00,-7.018000000000e-02,-3.804000000000e-02,1.166106121269e+00,8.281964354005e-05
8.386312311207e+00,-1.216905528875e+00,-6.723000000000e-02,1.550000000000e-02,1.136461981729e+00,4.481529429621e-05
9.941587704995e+00,-1.215525041585e+00,-1.802000000000e-02,6.103000000000e-02,6.002740104682e-01,1.904076068647e-04
4.542287828143e+00,-1.215136857792e+00,-7.071000000000e-02,-3.849000000000e-02,1.162304820497e+00,8.093896102836e-05
5.272863597139e+00,-1.214032534470e+00,-7.423000000000e-02,-3.782000000000e-02,1.156636932109e+00,6.500608765360e-05
6.250000200012e-02,-1.209256928463e+00,7.700000000000e-04,-1.246860000000e+00,1.255528305449e+00,3.636351960598e-03
1.875000060004e-01,-1.209256928463e+00,1.370000000000e-03,-1.186250000000e+00,1.211187978302e+00,4.538220111093e-03
3.125000100004e-01,-1.209256928463e+00,1.930000000000e-03,-1.073680000000e+00,1.178495360102e+00,5.217755106988e-03
4.375000140001e-01,-1.209256928463e+00,1.147000000000e-02,-7.687100000000e-01,1.158437012005e+00,5.040890852271e-03
5.625000179999e-01,-1.209256928463e+00,3.830000000000e-03,-3.383200000000e-01,1.151673265203e+00,4.002191553231e-03
6.875000219997e-01,-1.209256928463e+00,-2.137000000000e-02,-7.164000000000e-02,1.151673265203e+00,2.499431093044e-03
8.125000259998e-01,-1.209256928463e+00,-3.104000000000e-02,-1.616000000000e-02,1.151673265203e+00,1.184743565295e-03
9.375000299999e-01,-1.209256928463e+00,-3.313000000000e-02,-1.645000000000e-02,1.151673265203e+00,3.765068386873e-04
1.064405264657e+00,-1.207442671277e+00,-3.480000000000e-02,-1.829000000000e-02,1.149945401216e+00,5.564615145480e-05
7.006582613032e+00,-1.204179736059e+00,-7.890000000000e-02,-2.178000000000e-02,1.134702835767e+00,4.726997973809e-05
6.011277860605e+00,-1.204155086084e+00,-8.141000000000e-02,-3.388000000000e-02,1.142250432797e+00,4.907219807691e-05
1.193215729971e+00,-1.203814156903e+00,-3.585000000000e-02,-1.956000000000e-02,1.146489673241e+00,5.509020388285e-05
8.262390368570e+00,-1.202947467647e+00,-6.991000000000e-02,1.010000000000e-02,1.123510113598e+00,4.754897315257e-05
9.842355678465e+00,-1.202791594354e+00,-2.174000000000e-02,6.246000000000e-02,7.003196788787e-01,1.565329438041e-04
1.322026195285e+00,-1.200185642530e+00,-3.718000000000e-02,-2.170000000000e-02,1.143033945267e+00,5.119715977497e-05
1.450836660599e+00,-1.196557128157e+00,-3.824000000000e-02,-2.410000000000e-02,1.139578217292e+00,4.672834425498e-05
5.151741681442e+00,-1.194691805660e+00,-7.339000000000e-02,-3.677000000000e-02,1.138067404515e+00,6.900109081212e-05
1.579647125913e+00,-1.192928613784e+00,-3.922000000000e-02,-2.526000000000e-02,1.136122489318e+00,4.463720411032e-05
9.743123651934e+00,-1.190058147124e+00,-2.615000000000e-02,6.296000000000e-02,8.003653472893e-01,1.337738216437e-04
1.708457591227e+00,-1.189300099411e+00,-4.052000000000e-02,-2.574000000000e-02,1.132666761344e+00,4.473584764493e-05
8.138468425933e+00,-1.188989406420e+00,-7.247000000000e-02,4.810000000000e-03,1.110571489448e+00,4.983264700602e-05
6.883511353943e+00,-1.188410311114e+00,-7.939000000000e-02,-2.209000000000e-02,1.120056476195e+00,4.601271251685e-05
5.889140051927e+00,-1.186590925366e+00,-8.162000000000e-02,-3.390000000000e-02,1.125369547891e+00,5.197224711748e-05
1.837268056541e+00,-1.185671585038e+00,-4.180000000000e-02,-2.709000000000e-02,1.129211033369e+00,4.648402853795e-05
1.966078521855e+00,-1.182043070665e+00,-4.406000000000e-02,-2.768000000000e-02,1.125755305395e+00,4.931966011920e-05
2.094888987168e+00,-1.178414556292e+00,-4.669000000000e-02,-2.811000000000e-02,1.122299577421e+00,5.285833881050e-05
9.643891625403e+00,-1.177324699893e+00,-3.185000000000e-02,6.233000000000e-02,9.002000678532e-01,1.238241399853e-04
5.030619765743e+00,-1.175351076850e+00,-7.328000000000e-02,-3.617000000000e-02,1.119528964883e+00,7.298909258557e-05
8.014546483296e+00,-1.175031345193e+00,-7.499000000000e-02,1.000000000000e-04,1.097646577623e+00,5.140467579106e-05
2.223699452482e+00,-1.174786041918e+00,-4.802000000000e-02,-2.904000000000e-02,1.118843849446e+00,5.590027211291e-05
6.760440094855e+00,-1.172640886169e+00,-8.038000000000e-02,-2.298000000000e-02,1.105432957837e+00,4.517549984719e-05
2.352509917796e+00,-1.171157527545e+00,-4.955000000000e-02,-2.948000000000e-02,1.115388121472e+00,5.729620822640e-05
5.767002243248e+00,-1.169026764647e+00,-8.102000000000e-02,-3.461000000000e-02,1.108507111409e+00,5.532568810633e-05
2.481320383110e+00,-1.167529013172e+00,-5.133000000000e-02,-2.946000000000e-02,1.111932393497e+00,5.976880740402e-05
9.531930830246e+00,-1.164892168740e+00,-3.755000000000e-02,6.016000000000e-02,1.012834516485e+00,1.158077850534e-04
2.610130848424e+00,-1.163900498799e+00,-5.288000000000e-02,-2.904000000000e-02,1.108476665523e+00,6.364395511259e-05
7.890624540659e+00,-1.161073283965e+00,-7.778000000000e-02,-3.870000000000e-03,1.084735868281e+00,5.234827974724e-05
2.738941313738e+00,-1.160271984426e+00,-5.342000000000e-02,-2.939000000000e-02,1.105020937548e+00,6.778383145591e-05
6.637368835765e+00,-1.156871461224e+00,-8.182000000000e-02,-2.481000000000e-02,1.090833199311e+00,4.489723957240e-05
2.867751779053e+00,-1.156643470053e+00,-5.488000000000e-02,-3.030000000000e-02,1.101565209574e+00,7.202155738254e-05
4.909497850045e+00,-1.156010348040e+00,-7.337000000000e-02,-3.608000000000e-02,1.101023183542e+00,7.687011502239e-05
2.996562244367e+00,-1.153014955679e+00,-5.632000000000e-02,-3.106000000000e-02,1.098109481600e+00,7.627206330257e-05
9.407241266462e+00,-1.152760553664e+00,-4.362000000000e-02,5.667000000000e-02,1.064789328910e+00,1.065045942687e-04
5.644864434569e+00,-1.151462603929e+00,-7.988000000000e-02,-3.498000000000e-02,1.091663978243e+00,5.904847907448e-05
3.125372709682e+00,-1.149386441306e+00,-5.831000000000e-02,-3.170000000000e-02,1.094653753625e+00,8.038417195703e-05
7.766702598022e+00,-1.147115222738e+00,-8.034000000000e-02,-7.200000000000e-03,1.071839874646e+00,5.257802317376e-05
3.254183174997e+00,-1.145757926933e+00,-6.001000000000e-02,-3.184000000000e-02,1.091198025651e+00,8.417377636471e-05
3.382993640311e+00,-1.142129412560e+00,-6.170000000000e-02,-3.179000000000e-02,1.087742297676e+00,8.747101986109e-05
6.514297576677e+00,-1.141102036279e+00,-8.292000000000e-02,-2.657000000000e-02,1.075964382222e+00,4.527480699069e-05
9.282551702678e+00,-1.140628938588e+00,-4.900000000000e-02,5.316000000000e-02,1.053654817755e+00,9.845395158014e-05
3.511804105626e+00,-1.138500898187e+00,-6.312000000000e-02,-3.248000000000e-02,1.084286569702e+00,9.014946986967e-05
4.788375934347e+00,-1.136669619230e+00,-7.313000000000e-02,-3.580000000000e-02,1.082551735334e+00,8.067296975618e-05
3.640614570940e+00,-1.134872383814e+00,-6.480000000000e-02,-3.325000000000e-02,1.080830841727e+00,9.213511855133e-05
5.522726625891e+00,-1.133898443211e+00,-7.882000000000e-02,-3.514000000000e-02,1.074841055862e+00,6.305667950267e-05
7.642780655386e+00,-1.133157161510e+00,-8.145000000000e-02,-1.017000000000e-02,1.058959134339e+00,5.214612875030e-05
3.769425036255e+00,-1.131243869441e+00,-6.616000000000e-02,-3.369000000000e-02,1.077375113753e+00,9.340086365192e-05
9.157862138895e+00,-1.128497323512e+00,-5.344000000000e-02,4.779000000000e-02,1.042529240689e+00,8.816396629268e-05
3.898235501570e+00,-1.127615355067e+00,-6.675000000000e-02,-3.404000000000e-02,1.073919385778e+00,9.395619585010e-05
6.391226317587e+00,-1.125332611334e+00,-8.395000000000e-02,-2.785000000000e-02,1.060887387953e+00,4.635657072620e-05
4.027045966884e+00,-1.123986840694e+00,-6.751000000000e-02,-3.425000000000e-02,1.070463657804e+00,9.383434313601e-05
4.155856432199e+00,-1.120358326321e+00,-6.867000000000e-02,-3.441000000000e-02,1.067007929830e+00,9.305820415518e-05
7.518858712749e+00,-1.119199100283e+00,-8.243000000000e-02,-1.289000000000e-02,1.046094210814e+00,5.119663434763e-05
4.667254018649e+00,-1.117328890420e+00,-7.289000000000e-02,-3.550000000000e-02,1.064116408174e+00,8.404450518313e-05
4.284666897513e+00,-1.116729811948e+00,-7.037000000000e-02,-3.476000000000e-02,1.063552201855e+00,9.161722101716e-05
9.033172575111e+00,-1.116365708436e+00,-5.773000000000e-02,4.212000000000e-02,1.031412886821e+00,7.743199165844e-05
5.400588817212e+00,-1.116334282492e+00,-7.796000000000e-02,-3.435000000000e-02,1.058039308328e+00,6.726750100185e-05
4.413477362828e+00,-1.113101297575e+00,-7.180000000000e-02,-3.509000000000e-02,1.060096473881e+00,8.961683746616e-05
6.268155058499e+00,-1.109563186389e+00,-8.479000000000e-02,-2.883000000000e-02,1.045822297554e+00,4.814373692582e-05
4.542287828143e+00,-1.109472783201e+00,-7.250000000000e-02,-3.543000000000e-02,1.056640745906e+00,8.793192717061e-05
7.394936770112e+00,-1.105241039055e+00,-8.285000000000e-02,-1.462000000000e-02,1.033245694871e+00,4.991238606953e-05
8.908483011328e+00,-1.104234093361e+00,-6.137000000000e-02,3.694000000000e-02,1.020306057615e+00,6.760762627616e-05
5.278451008533e+00,-1.098770121774e+00,-7.702000000000e-02,-3.379000000000e-02,1.041259760672e+00,7.159935163061e-05
1.056657369800e+01,-1.094306869749e+00,-6.000000000000e-05,7.100000000000e-03,2.351057188340e-04,2.749807458836e-05
3.125000100004e-01,-1.094089601943e+00,1.650000000000e-03,-1.077530000000e+00,1.066229133406e+00,5.316257072420e-03
5.625000179999e-01,-1.094089601943e+00,2.440000000000e-03,-3.193900000000e-01,1.036505938683e+00,4.059117688131e-03
6.875000219997e-01,-1.094089601943e+00,-2.447000000000e-02,-5.092000000000e-02,1.036505938683e+00,2.469028365120e-03
8.125000259997e-01,-1.094089601943e+00,-3.220000000000e-02,-1.209000000000e-02,1.036505938683e+00,1.123176603276e-03
6.250000200012e-02,-1.094089601943e+00,7.800000000000e-04,-1.247890000000e+00,1.150801710515e+00,3.634106089791e-03
1.875000060004e-01,-1.094089601943e+00,1.360000000000e-03,-1.187180000000e+00,1.102256580803e+00,4.573604977698e-03
4.375000140001e-01,-1.094089601943e+00,1.139000000000e-02,-7.789800000000e-01,1.044016073595e+00,5.164961135367e-03
9.375000299999e-01,-1.094089601943e+00,-3.290000000000e-02,-1.264000000000e-02,1.036505938683e+00,3.312952861828e-04
6.145083799410e+00,-1.093793761444e+00,-8.472000000000e-02,-2.936000000000e-02,1.030769632966e+00,5.059900999943e-05
1.064405264657e+00,-1.092448131155e+00,-3.404000000000e-02,-1.535000000000e-02,1.034950861094e+00,4.330472517298e-05
8.783793447544e+00,-1.092102478285e+00,-6.496000000000e-02,3.205000000000e-02,1.009209067540e+00,5.965211707324e-05
7.271014827475e+00,-1.091282977828e+00,-8.310000000000e-02,-1.646000000000e-02,1.020414206300e+00,4.848911057152e-05
1.193215729971e+00,-1.089165189579e+00,-3.458000000000e-02,-1.633000000000e-02,1.031840705917e+00,5.293273873769e-05
1.322026195285e+00,-1.085882248004e+00,-3.570000000000e-02,-1.890000000000e-02,1.028730550740e+00,4.557700017145e-05
1.046710776082e+01,-1.083523786073e+00,-2.220000000000e-03,2.105000000000e-02,1.000487258946e-01,2.009187914031e-04
1.450836660599e+00,-1.082599306428e+00,-3.655000000000e-02,-2.119000000000e-02,1.025620395563e+00,3.852270022670e-05
5.156313199854e+00,-1.081205961056e+00,-7.636000000000e-02,-3.330000000000e-02,1.024503503678e+00,7.597212570806e-05
8.659103883760e+00,-1.079970863209e+00,-6.796000000000e-02,2.648000000000e-02,9.981222447669e-01,5.410230524975e-05
1.579647125913e+00,-1.079316364852e+00,-3.793000000000e-02,-2.207000000000e-02,1.022510240386e+00,3.469971465080e-05
6.022012540321e+00,-1.078024336499e+00,-8.488000000000e-02,-3.047000000000e-02,1.015729946624e+00,5.365874268273e-05
7.147092884839e+00,-1.077324916600e+00,-8.376000000000e-02,-1.750000000000e-02,1.007600395615e+00,4.712498437606e-05
1.708457591227e+00,-1.076033423277e+00,-3.918000000000e-02,-2.304000000000e-02,1.019400085209e+00,3.418163237755e-05
1.837268056541e+00,-1.072750481701e+00,-4.018000000000e-02,-2.424000000000e-02,1.016289930032e+00,3.629255541916e-05
1.036764182364e+01,-1.072740702397e+00,-5.060000000000e-03,3.203000000000e-02,2.000974517892e-01,2.813021006597e-04
1.966078521855e+00,-1.069467540125e+00,-4.235000000000e-02,-2.477000000000e-02,1.013179774855e+00,4.007206298231e-05
8.534414319976e+00,-1.067839248133e+00,-6.986000000000e-02,2.012000000000e-02,9.870459319038e-01,5.093810179454e-05
2.094888987168e+00,-1.066184598549e+00,-4.526000000000e-02,-2.517000000000e-02,1.010069619678e+00,4.474184914574e-05
5.034175391176e+00,-1.063641800337e+00,-7.614000000000e-02,-3.305000000000e-02,1.007771699110e+00,8.030854208612e-05
7.023170942203e+00,-1.063366855373e+00,-8.486000000000e-02,-1.862000000000e-02,9.947284044499e-01,4.601222201371e-05
2.223699452482e+00,-1.062901656974e+00,-4.722000000000e-02,-2.646000000000e-02,1.006959464501e+00,4.986628615970e-05
5.898941281232e+00,-1.062254911554e+00,-8.504000000000e-02,-3.093000000000e-02,1.000703823681e+00,5.724415611669e-05
1.026817588645e+01,-1.061957618722e+00,-8.390000000000e-03,4.079000000000e-02,3.001461776838e-01,2.848756962373e-04
2.352509917796e+00,-1.059618715398e+00,-4.906000000000e-02,-2.639000000000e-02,1.003849309325e+00,5.400492934609e-05
2.481320383110e+00,-1.056335773822e+00,-5.145000000000e-02,-2.620000000000e-02,1.000739154147e+00,5.653307245299e-05
8.409724756192e+00,-1.055707633057e+00,-7.212000000000e-02,1.432000000000e-02,9.759804867785e-01,4.962165389080e-05
2.610130848424e+00,-1.053052832247e+00,-5.317000000000e-02,-2.590000000000e-02,9.976289989705e-01,6.083448328359e-05
1.016870994927e+01,-1.051174535046e+00,-1.131000000000e-02,4.929000000000e-02,4.001949035784e-01,2.639043321181e-04
2.738941313738e+00,-1.049769890671e+00,-5.470000000000e-02,-2.639000000000e-02,9.945188437935e-01,6.618946563678e-05
6.899248999567e+00,-1.049408794145e+00,-8.605000000000e-02,-1.931000000000e-02,9.814937622681e-01,4.532663749360e-05
2.867751779053e+00,-1.046486949095e+00,-5.590000000000e-02,-2.704000000000e-02,9.914086886165e-01,7.171496415516e-05
5.775870022144e+00,-1.046485486609e+00,-8.489000000000e-02,-3.115000000000e-02,9.856918844303e-01,6.126914932823e-05
4.912037582497e+00,-1.046077639619e+00,-7.627000000000e-02,-3.304000000000e-02,9.910655854345e-01,8.449687698353e-05
8.285035192408e+00,-1.043576017982e+00,-7.472000000000e-02,9.270000000000e-03,9.649262832737e-01,4.934959441713e-05
2.996562244367e+00,-1.043204007519e+00,-5.775000000000e-02,-2.737000000000e-02,9.882985334395e-01,7.725945108453e-05
1.006924401209e+01,-1.040391451370e+00,-1.382000000000e-02,5.279000000000e-02,5.002436294731e-01,2.302929249284e-04
3.125372709682e+00,-1.039921065944e+00,-5.991000000000e-02,-2.806000000000e-02,9.851883782626e-01,8.261437327990e-05
3.254183174997e+00,-1.036638124368e+00,-6.179000000000e-02,-2.829000000000e-02,9.820782230856e-01,8.754178678108e-05
6.775327056931e+00,-1.035450732918e+00,-8.715000000000e-02,-2.018000000000e-02,9.682666629080e-01,4.521578078555e-05
3.382993640311e+00,-1.033355182792e+00,-6.296000000000e-02,-2.790000000000e-02,9.789680679086e-01,9.184423826905e-05
8.160345628624e+00,-1.031444402906e+00,-7.746000000000e-02,4.900000000000e-03,9.538837122141e-01,4.925056054635e-05
5.652798763055e+00,-1.030716061664e+00,-8.325000000000e-02,-3.158000000000e-02,9.706947869297e-01,6.564457598559e-05
3.511804105626e+00,-1.030072241217e+00,-6.435000000000e-02,-2.891000000000e-02,9.758579127316e-01,9.539389301366e-05
9.969778074908e+00,-1.029608367694e+00,-1.700000000000e-02,5.514000000000e-02,6.002923553671e-01,1.941748244611e-04
4.789899773818e+00,-1.028513478900e+00,-7.571000000000e-02,-3.214000000000e-02,9.743864840833e-01,8.871778060301e-05
3.640614570940e+00,-1.026789299641e+00,-6.573000000000e-02,-2.908000000000e-02,9.727477575546e-01,9.813142333558e-05
3.769425036255e+00,-1.023506358065e+00,-6.686000000000e-02,-2.979000000000e-02,9.696376023776e-01,1.000481624606e-04
6.651405114295e+00,-1.021492671691e+00,-8.807000000000e-02,-2.126000000000e-02,9.550474197664e-01,4.578772835419e-05
3.898235501570e+00,-1.020223416490e+00,-6.817000000000e-02,-3.082000000000e-02,9.665274472006e-01,1.011640132800e-04
8.035656064840e+00,-1.019312787830e+00,-8.017000000000e-02,9.100000000000e-04,9.428531823129e-01,4.904940522714e-05
9.870312137726e+00,-1.018825284019e+00,-2.106000000000e-02,5.727000000000e-02,7.003410812609e-01,1.640809562239e-04
4.027045966884e+00,-1.016940474914e+00,-6.936000000000e-02,-3.154000000000e-02,9.634172920236e-01,1.015091226928e-04
5.529727503966e+00,-1.014946636719e+00,-8.168000000000e-02,-3.085000000000e-02,9.557132298719e-01,7.028017230633e-05
4.155856432199e+00,-1.013657533338e+00,-7.026000000000e-02,-3.162000000000e-02,9.603071368466e-01,1.010892330490e-04
4.667761965139e+00,-1.010949318182e+00,-7.516000000000e-02,-3.182000000000e-02,9.577358063275e-01,9.248970955444e-05
4.284666897513e+00,-1.010374591762e+00,-7.152000000000e-02,-3.131000000000e-02,9.571969816696e-01,9.988695433101e-05
9.770846200545e+00,-1.008042200343e+00,-2.588000000000e-02,5.720000000000e-02,8.003898071546e-01,1.451658307939e-04
6.527483171659e+00,-1.007534610463e+00,-8.864000000000e-02,-2.256000000000e-02,9.418363636439e-01,4.710370977982e-05
7.910966501056e+00,-1.007181172754e+00,-8.239000000000e-02,-2.570000000000e-03,9.318351211791e-01,4.874924992790e-05
4.413477362828e+00,-1.007091650187e+00,-7.307000000000e-02,-3.166000000000e-02,9.540868264926e-01,9.806999438719e-05
4.542287828143e+00,-1.003808708611e+00,-7.439000000000e-02,-3.187000000000e-02,9.509766713156e-01,9.658792793084e-05
5.406656244877e+00,-9.991772117738e-01,-8.060000000000e-02,-2.984000000000e-02,9.407479557093e-01,7.508549396141e-05
9.671380263363e+00,-9.972591166674e-01,-3.054000000000e-02,5.552000000000e-02,9.002275923139e-01,1.402249894931e-04
7.786276937272e+00,-9.950495576785e-01,-8.396000000000e-02,-5.660000000000e-03,9.208299763927e-01,4.814694404522e-05
6.403561229022e+00,-9.935765492360e-01,-8.859000000000e-02,-2.394000000000e-02,9.286338439542e-01,4.917748882196e-05
9.558960366847e+00,-9.867217562074e-01,-3.624000000000e-02,5.500000000000e-02,8.986813464851e-01,1.369905123816e-04
5.283584985788e+00,-9.834077868287e-01,-8.005000000000e-02,-2.991000000000e-02,9.257997540665e-01,7.997079386444e-05
7.661587373488e+00,-9.829179426027e-01,-8.572000000000e-02,-8.310000000000e-03,9.097410528211e-01,4.725135315548e-05
6.279639286386e+00,-9.796184880086e-01,-8.934000000000e-02,-2.504000000000e-02,9.154402300361e-01,5.198175748847e-05
6.250000200012e-02,-9.789222754225e-01,7.800000000000e-04,-1.248910000000e+00,1.048267548988e+00,3.627446271916e-03
1.875000060004e-01,-9.789222754225e-01,1.330000000000e-03,-1.188090000000e+00,9.947310426748e-01,4.604257807106e-03
3.125000100004e-01,-9.789222754225e-01,1.500000000000e-03,-1.079980000000e+00,9.546543051079e-01,5.419733572261e-03
4.375000140001e-01,-9.789222754225e-01,1.012000000000e-02,-7.910000000000e-01,9.297794573237e-01,5.303689503770e-03
5.625000179999e-01,-9.789222754225e-01,8.000000000000e-04,-2.945400000000e-01,9.213386121624e-01,4.120392997687e-03
6.875000219997e-01,-9.789222754225e-01,-2.841000000000e-02,-3.015000000000e-02,9.213386121624e-01,2.429021507498e-03
8.125000259997e-01,-9.789222754225e-01,-3.251000000000e-02,-8.760000000000e-03,9.213386121624e-01,1.050885478790e-03
9.375000299999e-01,-9.789222754225e-01,-3.216000000000e-02,-1.029000000000e-02,9.213386121624e-01,2.811089016975e-04
1.064405264657e+00,-9.774535910334e-01,-3.252000000000e-02,-1.306000000000e-02,9.199563209726e-01,3.960097839573e-05
9.433586510998e+00,-9.764301189630e-01,-4.300000000000e-02,5.172000000000e-02,8.894086590114e-01,1.322900743080e-04
1.193215729971e+00,-9.745162222551e-01,-3.304000000000e-02,-1.416000000000e-02,9.171917385931e-01,5.443266507062e-05
1.322026195285e+00,-9.715788534769e-01,-3.372000000000e-02,-1.576000000000e-02,9.144271562135e-01,4.323399666787e-05
7.536897809705e+00,-9.707863275269e-01,-8.738000000000e-02,-1.049000000000e-02,8.983694240208e-01,4.617435342060e-05
1.450836660599e+00,-9.686414846986e-01,-3.509000000000e-02,-1.823000000000e-02,9.116625738340e-01,3.277787338043e-05
5.160513726700e+00,-9.676383618837e-01,-7.961000000000e-02,-2.980000000000e-02,9.108694654707e-01,8.484882193816e-05
9.308212655148e+00,-9.661384817186e-01,-4.962000000000e-02,4.834000000000e-02,8.801834377266e-01,1.266341473982e-04
1.579647125913e+00,-9.657041159204e-01,-3.600000000000e-02,-1.893000000000e-02,9.088979914545e-01,2.601493511918e-05
6.155717343750e+00,-9.656604267813e-01,-8.961000000000e-02,-2.568000000000e-02,9.022559125746e-01,5.545859254544e-05
1.708457591227e+00,-9.627667471421e-01,-3.671000000000e-02,-2.009000000000e-02,9.061334090749e-01,2.395937930889e-05
1.837268056541e+00,-9.598293783638e-01,-3.782000000000e-02,-2.153000000000e-02,9.033688266954e-01,2.625098785497e-05
7.412208245921e+00,-9.586547124511e-01,-8.853000000000e-02,-1.169000000000e-02,8.870022793309e-01,4.506488178070e-05
1.966078521855e+00,-9.568920095856e-01,-4.006000000000e-02,-2.168000000000e-02,9.006042443158e-01,3.117462562274e-05
9.182838799298e+00,-9.558468444742e-01,-5.537000000000e-02,4.390000000000e-02,8.709662186915e-01,1.168366634432e-04
2.094888987168e+00,-9.539546408073e-01,-4.307000000000e-02,-2.175000000000e-02,8.978396619363e-01,3.730899191564e-05
5.037442467611e+00,-9.518689369387e-01,-7.959000000000e-02,-2.966000000000e-02,8.959579854344e-01,8.963579639767e-05
6.031795401114e+00,-9.517023655539e-01,-8.942000000000e-02,-2.645000000000e-02,8.890813051453e-01,5.952996507841e-05
2.223699452482e+00,-9.510172720291e-01,-4.586000000000e-02,-2.287000000000e-02,8.950750795568e-01,4.395347825191e-05
2.352509917796e+00,-9.480799032508e-01,-4.815000000000e-02,-2.306000000000e-02,8.923104971773e-01,5.089738674085e-05
7.287518682137e+00,-9.465230973753e-01,-8.940000000000e-02,-1.288000000000e-02,8.756397933831e-01,4.408862786634e-05
9.057464943449e+00,-9.455552072299e-01,-5.995000000000e-02,3.923000000000e-02,8.617572586787e-01,1.051602335773e-04
2.481320383110e+00,-9.451425344726e-01,-5.066000000000e-02,-2.240000000000e-02,8.895459147977e-01,5.631537505826e-05
2.610130848424e+00,-9.422051656943e-01,-5.272000000000e-02,-2.227000000000e-02,8.867813324182e-01,6.025184613465e-05
2.738941313738e+00,-9.392677969161e-01,-5.481000000000e-02,-2.322000000000e-02,8.840167500387e-01,6.669399651148e-05
5.907873458478e+00,-9.377443043265e-01,-8.889000000000e-02,-2.692000000000e-02,8.759168458924e-01,6.410571768633e-05
2.867751779053e+00,-9.363304281378e-01,-5.654000000000e-02,-2.387000000000e-02,8.812521676591e-01,7.355620132525e-05
4.914371208522e+00,-9.360995119936e-01,-7.904000000000e-02,-2.902000000000e-02,8.810662689262e-01,9.421414388101e-05
8.932091087600e+00,-9.352635699855e-01,-6.402000000000e-02,3.427000000000e-02,8.525568253194e-01,9.321847735829e-05
7.162829118353e+00,-9.343914822995e-01,-9.069000000000e-02,-1.412000000000e-02,8.642821499193e-01,4.341869799425e-05
2.996562244367e+00,-9.333930593595e-01,-5.880000000000e-02,-2.429000000000e-02,8.784875852795e-01,8.038234232385e-05
3.125372709682e+00,-9.304556905812e-01,-6.088000000000e-02,-2.455000000000e-02,8.757230029000e-01,8.693658571359e-05
3.254183174997e+00,-9.275183218030e-01,-6.293000000000e-02,-2.454000000000e-02,8.729584205205e-01,9.292921368735e-05
8.806717231750e+00,-9.249719327411e-01,-6.814000000000e-02,2.886000000000e-02,8.433651976705e-01,8.207471181262e-05
3.382993640311e+00,-9.245809530247e-01,-6.421000000000e-02,-2.422000000000e-02,8.701938381409e-01,9.814948154805e-05
5.783951515842e+00,-9.237862430992e-01,-8.795000000000e-02,-2.725000000000e-02,8.627629993533e-01,6.908855668982e-05
7.038139554570e+00,-9.222598672238e-01,-9.164000000000e-02,-1.533000000000e-02,8.529295423875e-01,4.322324645292e-05
3.511804105626e+00,-9.216435842464e-01,-6.514000000000e-02,-2.475000000000e-02,8.674292557613e-01,1.024903394343e-04
4.791299949433e+00,-9.203300870486e-01,-7.805000000000e-02,-2.850000000000e-02,8.661953352764e-01,9.890827289672e-05
3.640614570940e+00,-9.187062154681e-01,-6.651000000000e-02,-2.555000000000e-02,8.646646733818e-01,1.059273530904e-04
3.769425036255e+00,-9.157688466899e-01,-6.751000000000e-02,-2.666000000000e-02,8.619000910022e-01,1.084826197914e-04
8.681343375900e+00,-9.146802954967e-01,-7.196000000000e-02,2.353000000000e-02,8.341826668150e-01,7.240154827219e-05
3.898235501570e+00,-9.128314779116e-01,-6.857000000000e-02,-2.747000000000e-02,8.591355086227e-01,1.101853587907e-04
6.913449990787e+00,-9.101282521481e-01,-9.203000000000e-02,-1.616000000000e-02,8.415821745860e-01,4.365040518840e-05
4.027045966884e+00,-9.098941091333e-01,-7.053000000000e-02,-2.879000000000e-02,8.563709262431e-01,1.110531232741e-04
5.660029573206e+00,-9.098281818718e-01,-8.641000000000e-02,-2.714000000000e-02,8.496202584473e-01,7.437693567799e-05
4.155856432199e+00,-9.069567403550e-01,-7.202000000000e-02,-2.871000000000e-02,8.536063438636e-01,1.110623788180e-04
4.668228690344e+00,-9.045606621036e-01,-7.731000000000e-02,-2.840000000000e-02,8.513462735625e-01,1.030240879366e-04
8.555969520050e+00,-9.043886582523e-01,-7.517000000000e-02,1.931000000000e-02,8.247499345440e-01,6.450025562427e-05
4.284666897513e+00,-9.040193715767e-01,-7.314000000000e-02,-2.845000000000e-02,8.508417614840e-01,1.101725962542e-04
4.413477362828e+00,-9.010820027985e-01,-7.482000000000e-02,-2.857000000000e-02,8.480771791045e-01,1.085974470401e-04
4.542287828143e+00,-8.981446340202e-01,-7.631000000000e-02,-2.835000000000e-02,8.453125967249e-01,1.073558056898e-04
6.788760427004e+00,-8.979966370724e-01,-9.272000000000e-02,-1.702000000000e-02,8.302402613579e-01,4.481358380451e-05
1.059246155982e+01,-8.961684724269e-01,-1.100000000000e-04,3.560000000000e-03,2.351057194179e-04,3.429969930454e-05
5.536107630570e+00,-8.958701206444e-01,-8.468000000000e-02,-2.617000000000e-02,8.364891466426e-01,7.986699888725e-05
8.430595664200e+00,-8.940970210079e-01,-7.741000000000e-02,1.456000000000e-02,8.152559188065e-01,5.834028759891e-05
1.049279995403e+01,-8.873400147525e-01,-9.300000000000e-04,1.805000000000e-02,1.000518732062e-01,1.100196264626e-04
6.664070863221e+00,-8.858650219967e-01,-9.334000000000e-02,-1.790000000000e-02,8.189040293425e-01,4.678072034367e-05
8.305221808350e+00,-8.838053837635e-01,-7.929000000000e-02,1.008000000000e-02,8.057643082797e-01,5.359815360951e-05
5.412185687934e+00,-8.819120594170e-01,-8.415000000000e-02,-2.578000000000e-02,8.233702203223e-01,8.545447051039e-05
1.039313834825e+01,-8.785115570781e-01,-3.690000000000e-03,2.628000000000e-02,2.001037464124e-01,2.291859655772e-04
6.539381299438e+00,-8.737334069209e-01,-9.328000000000e-02,-1.847000000000e-02,8.075737177883e-01,4.957083349500e-05
8.179847952501e+00,-8.735137465191e-01,-8.171000000000e-02,5.760000000000e-03,7.962751889741e-01,4.965084224970e-05
1.029347674247e+01,-8.696830994037e-01,-7.010000000000e-03,3.445000000000e-02,3.001556196186e-01,2.597270935381e-04
5.288263745298e+00,-8.679539981897e-01,-8.381000000000e-02,-2.586000000000e-02,8.102640713695e-01,9.103699370788e-05
1.875000060004e-01,-8.637549489022e-01,1.300000000000e-03,-1.189000000000e+00,8.891215613140e-01,4.628751755171e-03
3.125000100004e-01,-8.637549489022e-01,1.450000000000e-03,-1.081490000000e+00,8.440451088618e-01,5.528286188803e-03
6.250000200012e-02,-8.637549489022e-01,7.600000000000e-04,-1.249920000000e+00,9.486370000129e-01,3.616236226928e-03
4.375000140001e-01,-8.637549489022e-01,9.700000000000e-03,-8.074300000000e-01,8.158045984142e-01,5.460563536328e-03
5.625000179999e-01,-8.637549489022e-01,4.500000000000e-04,-2.659900000000e-01,8.061712856421e-01,4.186808589017e-03
6.875000219996e-01,-8.637549489022e-01,-3.219000000000e-02,-1.493000000000e-02,8.061712856421e-01,2.376434781843e-03
8.125000259997e-01,-8.637549489022e-01,-3.224000000000e-02,-5.950000000000e-03,8.061712856421e-01,9.653852012095e-04
9.375000299999e-01,-8.637549489022e-01,-3.109000000000e-02,-8.580000000000e-03,8.061712856421e-01,2.258093433817e-04
8.054474096651e+00,-8.632221092747e-01,-8.411000000000e-02,2.340000000000e-03,7.867886510264e-01,4.633566960561e-05
1.064405264657e+00,-8.624590509118e-01,-3.033000000000e-02,-1.040000000000e-02,8.049617808510e-01,5.075851313588e-05
6.414691735655e+00,-8.616017918452e-01,-9.336000000000e-02,-1.964000000000e-02,7.962495794326e-01,5.315850306854e-05
1.019381513669e+01,-8.608546417293e-01,-1.032000000000e-02,4.210000000000e-02,4.002074928248e-01,2.472028734280e-04
1.193215729971e+00,-8.598672549310e-01,-3.128000000000e-02,-1.175000000000e-02,8.025427712689e-01,6.131264980045e-05
1.322026195285e+00,-8.572754589502e-01,-3.185000000000e-02,-1.331000000000e-02,8.001237616868e-01,4.690996443894e-05
1.450836660599e+00,-8.546836629694e-01,-3.292000000000e-02,-1.506000000000e-02,7.977047521047e-01,3.364090125270e-05
5.164341802662e+00,-8.539959369623e-01,-8.317000000000e-02,-2.594000000000e-02,7.971713299956e-01,9.651776783490e-05
7.929100240801e+00,-8.529304720303e-01,-8.610000000000e-02,-8.200000000000e-04,7.773047889482e-01,4.371880778014e-05
1.579647125913e+00,-8.520918669885e-01,-3.429000000000e-02,-1.640000000000e-02,7.952857425226e-01,2.391412838596e-05
1.009415353090e+01,-8.520261840549e-01,-1.447000000000e-02,4.628000000000e-02,5.002593660311e-01,2.185747787750e-04
1.708457591227e+00,-8.495000710077e-01,-3.445000000000e-02,-1.653000000000e-02,7.928667329405e-01,1.921651387231e-05
6.290002171871e+00,-8.494701767695e-01,-9.362000000000e-02,-2.066000000000e-02,7.849318814559e-01,5.748334611191e-05
1.837268056541e+00,-8.469082750269e-01,-3.569000000000e-02,-1.759000000000e-02,7.904477233584e-01,2.051345886051e-05
1.966078521855e+00,-8.443164790461e-01,-3.767000000000e-02,-1.853000000000e-02,7.880287137763e-01,2.578888027515e-05
9.994491925121e+00,-8.431977263806e-01,-1.792000000000e-02,4.943000000000e-02,6.003112392367e-01,1.856316736102e-04
7.803726384951e+00,-8.426388347859e-01,-8.809000000000e-02,-3.460000000000e-03,7.678237018936e-01,4.154674764133e-05
2.094888987168e+00,-8.417246830653e-01,-3.992000000000e-02,-1.811000000000e-02,7.856097041943e-01,3.274742687642e-05
5.040419860026e+00,-8.400378757349e-01,-8.271000000000e-02,-2.552000000000e-02,7.840926678381e-01,1.018061056821e-04
2.223699452482e+00,-8.391328870844e-01,-4.261000000000e-02,-1.844000000000e-02,7.831906946121e-01,4.042105618629e-05
6.165312608088e+00,-8.373385616937e-01,-9.354000000000e-02,-2.140000000000e-02,7.736209065172e-01,6.246028978984e-05
2.352509917796e+00,-8.365410911036e-01,-4.604000000000e-02,-1.869000000000e-02,7.807716850301e-01,4.857097869571e-05
9.894830319339e+00,-8.343692687063e-01,-2.101000000000e-02,5.172000000000e-02,7.003631124421e-01,1.591837772722e-04
2.481320383110e+00,-8.339492951228e-01,-4.904000000000e-02,-1.909000000000e-02,7.783526754480e-01,5.737761311188e-05
7.678352529102e+00,-8.323471975415e-01,-8.995000000000e-02,-5.380000000000e-03,7.583454939453e-01,3.978527302432e-05
2.610130848424e+00,-8.313574991420e-01,-5.086000000000e-02,-1.868000000000e-02,7.759336658659e-01,6.412558532357e-05
2.738941313738e+00,-8.287657031612e-01,-5.349000000000e-02,-1.929000000000e-02,7.735146562838e-01,6.994058184816e-05
2.867751779053e+00,-8.261739071803e-01,-5.575000000000e-02,-2.027000000000e-02,7.710956467017e-01,7.797320769706e-05
4.916497917390e+00,-8.260798145075e-01,-8.207000000000e-02,-2.514000000000e-02,7.710288013582e-01,1.067886390036e-04
9.795168713558e+00,-8.255408110320e-01,-2.493000000000e-02,5.193000000000e-02,7.508166773642e-01,1.469886688434e-04
6.040623044305e+00,-8.252069466180e-01,-9.305000000000e-02,-2.185000000000e-02,7.623169538782e-01,6.798787135771e-05
2.996562244367e+00,-8.235821111995e-01,-5.815000000000e-02,-2.116000000000e-02,7.686766371196e-01,8.590570227443e-05
7.552978673252e+00,-8.220555602972e-01,-9.149000000000e-02,-6.920000000000e-03,7.488702744232e-01,3.848222014454e-05
3.125372709682e+00,-8.209903152187e-01,-6.085000000000e-02,-2.135000000000e-02,7.662576275374e-01,9.348909788885e-05
3.254183174997e+00,-8.183985192378e-01,-6.310000000000e-02,-2.092000000000e-02,7.638386179553e-01,1.003747712747e-04
9.695507107776e+00,-8.167123533577e-01,-2.973000000000e-02,5.074000000000e-02,7.285367438127e-01,1.521962944604e-04
3.382993640311e+00,-8.158067232570e-01,-6.501000000000e-02,-2.105000000000e-02,7.614196083732e-01,1.063532525461e-04
3.511804105626e+00,-8.132149272762e-01,-6.591000000000e-02,-2.158000000000e-02,7.590005987911e-01,1.113648814961e-04
5.915933480522e+00,-8.130753315423e-01,-9.206000000000e-02,-2.232000000000e-02,7.510203406267e-01,7.395395246778e-05
4.792575974754e+00,-8.121217532801e-01,-8.028000000000e-02,-2.537000000000e-02,7.579804955712e-01,1.119083984323e-04
7.427604817403e+00,-8.117639230528e-01,-9.320000000000e-02,-7.950000000000e-03,7.393981582151e-01,3.770948317524e-05
3.640614570940e+00,-8.106231312953e-01,-6.653000000000e-02,-2.255000000000e-02,7.565815892090e-01,1.154432528749e-04
9.582689014333e+00,-8.080782829248e-01,-3.617000000000e-02,4.898000000000e-02,7.207293016405e-01,1.587390248001e-04
3.769425036255e+00,-8.080313353145e-01,-6.749000000000e-02,-2.371000000000e-02,7.541625796269e-01,1.186550048083e-04
3.898235501570e+00,-8.054395393337e-01,-6.882000000000e-02,-2.458000000000e-02,7.517435700448e-01,1.210306122548e-04
4.027045966884e+00,-8.028477433528e-01,-7.077000000000e-02,-2.550000000000e-02,7.493245604626e-01,1.225562034879e-04
7.302230961553e+00,-8.014722858084e-01,-9.423000000000e-02,-8.860000000000e-03,7.299292661341e-01,3.756148039044e-05
5.791243916739e+00,-8.009437164666e-01,-9.067000000000e-02,-2.267000000000e-02,7.397314030073e-01,8.023954542486e-05
4.155856432199e+00,-8.002559473720e-01,-7.325000000000e-02,-2.555000000000e-02,7.469055508805e-01,1.231615123496e-04
9.456714433231e+00,-7.996385997333e-01,-4.309000000000e-02,4.566000000000e-02,7.131191208472e-01,1.608021146777e-04
4.668654032118e+00,-7.981636920527e-01,-7.929000000000e-02,-2.562000000000e-02,7.449485681472e-01,1.162001157310e-04
4.284666897513e+00,-7.976641513911e-01,-7.469000000000e-02,-2.519000000000e-02,7.444865412984e-01,1.227570162839e-04
4.413477362828e+00,-7.950723554103e-01,-7.611000000000e-02,-2.548000000000e-02,7.420675317163e-01,1.215676860565e-04
4.542287828143e+00,-7.924805594295e-01,-7.781000000000e-02,-2.539000000000e-02,7.396485221342e-01,1.206773348434e-04
9.330739852129e+00,-7.911989165419e-01,-4.993000000000e-02,4.271000000000e-02,7.055181708859e-01,1.581397041820e-04
7.176857105703e+00,-7.911806485640e-01,-9.490000000000e-02,-1.020000000000e-02,7.204637253020e-01,3.814950143077e-05
5.666554352956e+00,-7.888121013909e-01,-8.913000000000e-02,-2.224000000000e-02,7.284504978723e-01,8.672173313281e-05
9.204765271026e+00,-7.827592333504e-01,-5.634000000000e-02,3.914000000000e-02,6.979184604979e-01,1.487754401346e-04
7.051483249854e+00,-7.808890113197e-01,-9.577000000000e-02,-1.165000000000e-02,7.110016695640e-01,3.958016605582e-05
5.541864789173e+00,-7.766804863151e-01,-8.803000000000e-02,-2.200000000000e-02,7.171780042645e-01,9.327642251547e-05
9.078790689924e+00,-7.743195501590e-01,-6.277000000000e-02,3.508000000000e-02,6.903200306226e-01,1.359079585331e-04
6.926109394006e+00,-7.705973740754e-01,-9.625000000000e-02,-1.275000000000e-02,7.015432399357e-01,4.193066032063e-05
8.952816108822e+00,-7.658798669675e-01,-6.773000000000e-02,3.063000000000e-02,6.827229240147e-01,1.216889392210e-04
5.417175225390e+00,-7.645488712394e-01,-8.713000000000e-02,-2.223000000000e-02,7.059143251461e-01,9.978135186457e-05
6.800735538157e+00,-7.603057368311e-01,-9.635000000000e-02,-1.401000000000e-02,6.920885850857e-01,4.523237821363e-05
8.826841527719e+00,-7.574401837761e-01,-7.188000000000e-02,2.606000000000e-02,6.751271853458e-01,1.074290775062e-04
5.292485661607e+00,-7.524172561637e-01,-8.616000000000e-02,-2.246000000000e-02,6.946598892892e-01,1.061196822074e-04
6.675361682308e+00,-7.500140995868e-01,-9.594000000000e-02,-1.457000000000e-02,6.826378618582e-01,4.946744529316e-05
8.700866946617e+00,-7.490005005846e-01,-7.511000000000e-02,2.208000000000e-02,6.675328613125e-01,9.393774625838e-05
3.125000100004e-01,-7.485876223820e-01,1.450000000000e-03,-1.082640000000e+00,7.348377205355e-01,5.641782042592e-03
9.375000299999e-01,-7.485876223820e-01,-2.911000000000e-02,-6.600000000000e-03,6.910039591218e-01,1.676692093106e-04
1.875000060004e-01,-7.485876223820e-01,1.280000000000e-03,-1.189900000000e+00,7.862006617408e-01,4.645239826879e-03
8.125000259997e-01,-7.485876223820e-01,-3.174000000000e-02,-4.340000000000e-03,6.910039591218e-01,8.625673596386e-04
6.250000200012e-02,-7.485876223820e-01,7.300000000000e-04,-1.250940000000e+00,8.529281842698e-01,3.600373277680e-03
4.375000140001e-01,-7.485876223820e-01,9.240000000000e-03,-8.253400000000e-01,7.022189633739e-01,5.640320235988e-03
5.625000179999e-01,-7.485876223820e-01,-5.480000000000e-03,-2.278900000000e-01,6.910039591218e-01,4.259373781268e-03
6.875000219996e-01,-7.485876223820e-01,-3.432000000000e-02,-6.270000000000e-03,6.910039591218e-01,2.306699439664e-03
1.064405264657e+00,-7.474645107903e-01,-2.820000000000e-02,-8.290000000000e-03,6.899672407295e-01,7.314779675986e-05
1.193215729971e+00,-7.452182876069e-01,-2.864000000000e-02,-9.060000000000e-03,6.878938039448e-01,7.425050174929e-05
1.322026195285e+00,-7.429720644235e-01,-2.934000000000e-02,-1.048000000000e-02,6.858203671602e-01,5.757356806491e-05
1.450836660599e+00,-7.407258412401e-01,-3.020000000000e-02,-1.213000000000e-02,6.837469303755e-01,4.307005945066e-05
8.574892365514e+00,-7.405608173932e-01,-7.818000000000e-02,1.764000000000e-02,6.599400007519e-01,8.166163514303e-05
5.167796097824e+00,-7.402856410880e-01,-8.574000000000e-02,-2.279000000000e-02,6.834151533462e-01,1.121851201309e-04
6.549987826458e+00,-7.397224623424e-01,-9.576000000000e-02,-1.518000000000e-02,6.731912358375e-01,5.457553605777e-05
1.579647125913e+00,-7.384796180568e-01,-3.117000000000e-02,-1.305000000000e-02,6.816734935909e-01,3.251336274396e-05
1.708457591227e+00,-7.362333948734e-01,-3.257000000000e-02,-1.352000000000e-02,6.796000568062e-01,2.640973735014e-05
1.837268056541e+00,-7.339871716900e-01,-3.385000000000e-02,-1.411000000000e-02,6.775266200215e-01,2.520284613843e-05
8.448917784411e+00,-7.321211342017e-01,-8.126000000000e-02,1.394000000000e-02,6.523486547655e-01,7.078094105664e-05
1.966078521855e+00,-7.317409485066e-01,-3.569000000000e-02,-1.486000000000e-02,6.754531832369e-01,2.810343083359e-05
2.094888987168e+00,-7.294947253232e-01,-3.734000000000e-02,-1.457000000000e-02,6.733797464522e-01,3.353582378748e-05
6.424613970609e+00,-7.294308250981e-01,-9.577000000000e-02,-1.611000000000e-02,6.637488819609e-01,6.046478797513e-05
5.043106534041e+00,-7.281540260122e-01,-8.496000000000e-02,-2.248000000000e-02,6.721806041194e-01,1.178824207784e-04
2.223699452482e+00,-7.272485021399e-01,-3.938000000000e-02,-1.480000000000e-02,6.713063096676e-01,4.041165516391e-05
2.352509917796e+00,-7.250022789565e-01,-4.179000000000e-02,-1.445000000000e-02,6.692328728829e-01,4.832401180543e-05
8.322943203309e+00,-7.236814510102e-01,-8.369000000000e-02,1.059000000000e-02,6.447588768505e-01,6.126190259193e-05
2.481320383110e+00,-7.227560557731e-01,-4.520000000000e-02,-1.493000000000e-02,6.671594360983e-01,5.732140216548e-05
2.610130848424e+00,-7.205098325897e-01,-4.863000000000e-02,-1.523000000000e-02,6.650859993136e-01,6.772346193170e-05
6.299240114760e+00,-7.191391878537e-01,-9.637000000000e-02,-1.737000000000e-02,6.543109851822e-01,6.702177714770e-05
2.738941313738e+00,-7.182636094064e-01,-5.161000000000e-02,-1.552000000000e-02,6.630125625290e-01,7.538662137928e-05
4.918416970258e+00,-7.160224109365e-01,-8.374000000000e-02,-2.214000000000e-02,6.609567610522e-01,1.231165186566e-04
2.867751779053e+00,-7.160173862230e-01,-5.391000000000e-02,-1.616000000000e-02,6.609391257443e-01,8.383815359301e-05
8.196968622206e+00,-7.152417678188e-01,-8.609000000000e-02,7.370000000000e-03,6.371707230422e-01,5.278880767954e-05
2.996562244367e+00,-7.137711630396e-01,-5.637000000000e-02,-1.722000000000e-02,6.588656889596e-01,9.287623792086e-05
3.125372709682e+00,-7.115249398562e-01,-5.912000000000e-02,-1.726000000000e-02,6.567922521750e-01,1.013638545351e-04
3.254183174997e+00,-7.092787166728e-01,-6.204000000000e-02,-1.728000000000e-02,6.547188153903e-01,1.090057046295e-04
6.173866258911e+00,-7.088475506094e-01,-9.659000000000e-02,-1.816000000000e-02,6.448777411926e-01,7.411870994706e-05
3.382993640311e+00,-7.070324934894e-01,-6.387000000000e-02,-1.774000000000e-02,6.526453786056e-01,1.156179640991e-04
8.070994041103e+00,-7.068020846273e-01,-8.799000000000e-02,4.650000000000e-03,6.295842520649e-01,4.541774817776e-05
3.511804105626e+00,-7.047862703060e-01,-6.556000000000e-02,-1.882000000000e-02,6.505719418210e-01,1.212287043187e-04
4.793727406475e+00,-7.038907958608e-01,-8.221000000000e-02,-2.255000000000e-02,6.497441789674e-01,1.284117053694e-04
3.640614570940e+00,-7.025400471226e-01,-6.579000000000e-02,-1.941000000000e-02,6.484985050363e-01,1.259607366223e-04
3.769425036255e+00,-7.002938239392e-01,-6.634000000000e-02,-2.081000000000e-02,6.464250682516e-01,1.299506084972e-04
6.048492403063e+00,-6.985559133651e-01,-9.603000000000e-02,-1.835000000000e-02,6.354493572041e-01,8.161823470034e-05
7.945019460001e+00,-6.983624014359e-01,-8.971000000000e-02,2.520000000000e-03,6.219995254945e-01,3.942932057393e-05
3.898235501570e+00,-6.980476007558e-01,-6.795000000000e-02,-2.156000000000e-02,6.443516314669e-01,1.332166759557e-04
1.061463437018e+01,-6.975800252643e-01,3.800000000000e-04,3.050000000000e-03,2.351057193593e-04,3.866258074650e-05
4.027045966884e+00,-6.958013775724e-01,-7.025000000000e-02,-2.174000000000e-02,6.422781946823e-01,1.356829779686e-04
4.155856432199e+00,-6.935551543891e-01,-7.294000000000e-02,-2.177000000000e-02,6.402047578976e-01,1.372140002558e-04
4.669037842692e+00,-6.917591807850e-01,-8.049000000000e-02,-2.263000000000e-02,6.385434510813e-01,1.325144009390e-04
4.284666897513e+00,-6.913089312057e-01,-7.502000000000e-02,-2.166000000000e-02,6.381313211129e-01,1.376392056894e-04
1.051481541485e+01,-6.907097078291e-01,8.500000000000e-04,1.401000000000e-02,1.000551103380e-01,4.727587665018e-05
7.819044878898e+00,-6.899227182444e-01,-9.170000000000e-02,8.000000000000e-05,6.144166079332e-01,3.470634956403e-05
4.413477362828e+00,-6.890627080223e-01,-7.634000000000e-02,-2.155000000000e-02,6.360578843283e-01,1.371361076559e-04
5.923118547214e+00,-6.882642761208e-01,-9.491000000000e-02,-1.873000000000e-02,6.260260528016e-01,8.937694501996e-05
4.542287828143e+00,-6.868164848389e-01,-7.842000000000e-02,-2.174000000000e-02,6.339844475436e-01,1.368483573619e-04
1.041499645952e+01,-6.838393903939e-01,-1.460000000000e-03,2.090000000000e-02,2.001102206761e-01,1.669601465263e-04
7.693070297796e+00,-6.814830350530e-01,-9.428000000000e-02,-2.480000000000e-03,6.068355671961e-01,3.133426563543e-05
5.797744691365e+00,-6.779726388765e-01,-9.382000000000e-02,-1.889000000000e-02,6.166080608713e-01,9.724843322948e-05
1.031517750420e+01,-6.769690729588e-01,-4.730000000000e-03,2.755000000000e-02,3.001653310142e-01,2.219832152579e-04
7.567095716694e+00,-6.730433518615e-01,-9.622000000000e-02,-4.010000000000e-03,5.992564745129e-01,2.946482234876e-05
1.021535854886e+01,-6.700987555236e-01,-7.980000000000e-03,3.421000000000e-02,4.002204413522e-01,2.209545033501e-04
5.672370835516e+00,-6.676810016322e-01,-9.300000000000e-02,-1.831000000000e-02,6.071956286127e-01,1.050863413171e-04
7.441121135591e+00,-6.646036686701e-01,-9.715000000000e-02,-5.460000000000e-03,5.916794047442e-01,2.922869735206e-05
1.011553959354e+01,-6.632284380884e-01,-1.182000000000e-02,3.823000000000e-02,5.002755516904e-01,1.953892629059e-04
5.546996979667e+00,-6.573893643878e-01,-9.162000000000e-02,-1.820000000000e-02,5.977890186438e-01,1.127475436039e-04
1.001572063821e+01,-6.563581206533e-01,-1.633000000000e-02,4.162000000000e-02,6.003306620279e-01,1.621957456507e-04
7.315146554488e+00,-6.561639854786e-01,-9.778000000000e-02,-6.210000000000e-03,5.841044366144e-01,3.068309383199e-05
9.915901682878e+00,-6.494878032182e-01,-2.052000000000e-02,4.428000000000e-02,6.218563853675e-01,1.379753371422e-04
7.189171973386e+00,-6.477243022872e-01,-9.884000000000e-02,-7.020000000000e-03,5.765316529630e-01,3.377104825735e-05
5.421623123818e+00,-6.470977271435e-01,-9.021000000000e-02,-1.850000000000e-02,5.883885102087e-01,1.200954528906e-04
9.816082727549e+00,-6.426174857831e-01,-2.437000000000e-02,4.453000000000e-02,5.786502866095e-01,1.373359854784e-04
7.063197392284e+00,-6.392846190958e-01,-9.917000000000e-02,-8.280000000000e-03,5.689611410151e-01,3.833618814065e-05
5.296249267969e+00,-6.368060898992e-01,-8.915000000000e-02,-1.923000000000e-02,5.789944004997e-01,1.270036953332e-04
9.716263772220e+00,-6.357471683479e-01,-2.886000000000e-02,4.289000000000e-02,5.504937308656e-01,1.612577561543e-04
6.250000200012e-02,-6.334202958617e-01,7.100000000000e-04,-1.252000000000e+00,7.626190683727e-01,3.579516737428e-03
1.875000060004e-01,-6.334202958617e-01,1.310000000000e-03,-1.190870000000e+00,6.871774417466e-01,4.651098929631e-03
3.125000100004e-01,-6.334202958617e-01,1.560000000000e-03,-1.083680000000e+00,6.277641527242e-01,5.759453986726e-03
4.375000140001e-01,-6.334202958617e-01,8.660000000000e-03,-8.468300000000e-01,5.892476800512e-01,5.849542969870e-03
5.625000179999e-01,-6.334202958617e-01,-1.040000000000e-02,-1.786600000000e-01,5.758366326015e-01,4.340583526501e-03
6.875000219996e-01,-6.334202958617e-01,-3.533000000000e-02,-2.360000000000e-03,5.758366326015e-01,2.218764735496e-03
8.125000259996e-01,-6.334202958617e-01,-3.067000000000e-02,-4.180000000000e-03,5.758366326015e-01,7.386436801944e-04
9.375000299999e-01,-6.334202958617e-01,-2.754000000000e-02,-5.850000000000e-03,5.758366326015e-01,1.122089768279e-04
1.064405264657e+00,-6.324699706687e-01,-2.545000000000e-02,-7.080000000000e-03,5.749727006079e-01,1.010553732185e-04
6.937222811183e+00,-6.308449359044e-01,-9.936000000000e-02,-9.840000000000e-03,5.613929926741e-01,4.417911670400e-05
1.193215729971e+00,-6.305693202828e-01,-2.562000000000e-02,-7.320000000000e-03,5.732448366207e-01,9.288303383870e-05
9.603108529133e+00,-6.290233533684e-01,-3.499000000000e-02,4.057000000000e-02,5.406043840514e-01,1.841544392110e-04
1.322026195285e+00,-6.286686698968e-01,-2.630000000000e-02,-7.920000000000e-03,5.715169726335e-01,7.401561025992e-05
1.450836660599e+00,-6.267680195109e-01,-2.702000000000e-02,-9.040000000000e-03,5.697891086463e-01,5.855608674355e-05
5.170875412120e+00,-6.265144526548e-01,-8.786000000000e-02,-1.943000000000e-02,5.696070061052e-01,1.333612288664e-04
1.579647125913e+00,-6.248673691250e-01,-2.827000000000e-02,-1.005000000000e-02,5.680612446591e-01,4.749058806146e-05
1.708457591227e+00,-6.229667187390e-01,-3.006000000000e-02,-1.069000000000e-02,5.663333806719e-01,4.046836936952e-05
9.476616998289e+00,-6.224460408444e-01,-4.273000000000e-02,3.825000000000e-02,5.349011785650e-01,1.941488851419e-04
6.811248230081e+00,-6.224052527130e-01,-9.950000000000e-02,-1.119000000000e-02,5.538273048373e-01,5.110068655283e-05
1.837268056541e+00,-6.210660683531e-01,-3.149000000000e-02,-1.119000000000e-02,5.646055166846e-01,3.718565750859e-05
1.966078521855e+00,-6.191654179672e-01,-3.335000000000e-02,-1.164000000000e-02,5.628776526974e-01,3.714859748846e-05
2.094888987168e+00,-6.172647675812e-01,-3.489000000000e-02,-1.133000000000e-02,5.611497887102e-01,3.970117688598e-05
5.045501556271e+00,-6.162228154105e-01,-8.652000000000e-02,-1.919000000000e-02,5.602266645994e-01,1.390728276872e-04
9.350125467445e+00,-6.158687283204e-01,-4.930000000000e-02,3.543000000000e-02,5.292047503810e-01,1.935517763020e-04
2.223699452482e+00,-6.153641171953e-01,-3.692000000000e-02,-1.137000000000e-02,5.594219247230e-01,4.417939381888e-05
6.685273648979e+00,-6.139655695216e-01,-9.935000000000e-02,-1.180000000000e-02,5.462641797376e-01,5.891565760109e-05
2.352509917796e+00,-6.134634668094e-01,-3.951000000000e-02,-1.159000000000e-02,5.576940607358e-01,5.035494496459e-05
2.481320383110e+00,-6.115628164234e-01,-4.159000000000e-02,-1.110000000000e-02,5.559661967486e-01,5.793455164031e-05
2.610130848424e+00,-6.096621660375e-01,-4.426000000000e-02,-1.202000000000e-02,5.542383327614e-01,6.730601282134e-05
9.223633936601e+00,-6.092914157964e-01,-5.577000000000e-02,3.269000000000e-02,5.235090624351e-01,1.834027788927e-04
2.738941313738e+00,-6.077615156516e-01,-4.727000000000e-02,-1.228000000000e-02,5.525104687742e-01,7.883191805462e-05
4.920127700422e+00,-6.059311781662e-01,-8.513000000000e-02,-1.892000000000e-02,5.508537362876e-01,1.440759922171e-04
2.867751779053e+00,-6.058608652656e-01,-5.046000000000e-02,-1.228000000000e-02,5.507826047869e-01,8.786324547931e-05
6.559299067877e+00,-6.055258863302e-01,-9.887000000000e-02,-1.261000000000e-02,5.387037253137e-01,6.745006170894e-05
2.996562244367e+00,-6.039602148797e-01,-5.321000000000e-02,-1.339000000000e-02,5.490547407997e-01,9.808104723927e-05
9.097142405757e+00,-6.027141032725e-01,-6.195000000000e-02,3.002000000000e-02,5.178141391539e-01,1.683997993453e-04
3.125372709682e+00,-6.020595644937e-01,-5.544000000000e-02,-1.399000000000e-02,5.473268768125e-01,1.077159762420e-04
3.254183174997e+00,-6.001589141078e-01,-5.847000000000e-02,-1.380000000000e-02,5.455990128253e-01,1.163307794150e-04
3.382993640311e+00,-5.982582637218e-01,-6.120000000000e-02,-1.461000000000e-02,5.438711488381e-01,1.237164080340e-04
6.433324486775e+00,-5.970862031388e-01,-9.889000000000e-02,-1.367000000000e-02,5.311460556106e-01,7.653514676523e-05
3.511804105626e+00,-5.963576133359e-01,-6.298000000000e-02,-1.517000000000e-02,5.421432848508e-01,1.301004765334e-04
8.970650874913e+00,-5.961367907485e-01,-6.734000000000e-02,2.723000000000e-02,5.121200060473e-01,1.513836674743e-04
4.794753844573e+00,-5.956395409219e-01,-8.371000000000e-02,-1.901000000000e-02,5.414886061273e-01,1.489360245827e-04
3.640614570940e+00,-5.944569629499e-01,-6.401000000000e-02,-1.603000000000e-02,5.404154208636e-01,1.357130229218e-04
3.769425036255e+00,-5.925563125640e-01,-6.460000000000e-02,-1.714000000000e-02,5.386875568764e-01,1.408029035324e-04
3.898235501570e+00,-5.906556621781e-01,-6.629000000000e-02,-1.779000000000e-02,5.369596928892e-01,1.453847176436e-04
8.844159344068e+00,-5.895594782245e-01,-7.258000000000e-02,2.388000000000e-02,5.064266897689e-01,1.339384129199e-04
4.027045966884e+00,-5.887550117921e-01,-6.889000000000e-02,-1.785000000000e-02,5.352318289019e-01,1.492914974099e-04
6.307349905673e+00,-5.886465199474e-01,-9.902000000000e-02,-1.459000000000e-02,5.235912912147e-01,8.600309776080e-05
4.155856432199e+00,-5.868543614062e-01,-7.203000000000e-02,-1.756000000000e-02,5.335039649147e-01,1.523136016997e-04
4.669379988724e+00,-5.853479036775e-01,-8.201000000000e-02,-1.859000000000e-02,5.321316858440e-01,1.521536158316e-04
4.284666897513e+00,-5.849537110202e-01,-7.497000000000e-02,-1.797000000000e-02,5.317761009275e-01,1.541717115845e-04
4.413477362828e+00,-5.830530606343e-01,-7.788000000000e-02,-1.803000000000e-02,5.300482369403e-01,1.549090934306e-04
8.717667813224e+00,-5.829821657005e-01,-7.741000000000e-02,2.037000000000e-02,5.007342181805e-01,1.169853408128e-04
4.542287828143e+00,-5.811524102483e-01,-7.991000000000e-02,-1.775000000000e-02,5.283203729531e-01,1.557151060020e-04
6.181375324572e+00,-5.802068367560e-01,-9.853000000000e-02,-1.474000000000e-02,5.160395597263e-01,9.568538464680e-05
8.591176282380e+00,-5.764048531765e-01,-8.137000000000e-02,1.685000000000e-02,4.950426204213e-01,1.010532896592e-04
6.055400743470e+00,-5.717671535646e-01,-9.828000000000e-02,-1.482000000000e-02,5.084909962727e-01,1.054132077748e-04
8.464684751535e+00,-5.698275406525e-01,-8.476000000000e-02,1.410000000000e-02,4.893519269816e-01,8.641553532804e-05
5.929426162368e+00,-5.633274703732e-01,-9.793000000000e-02,-1.482000000000e-02,5.009457440679e-01,1.150193280973e-04
8.338193220691e+00,-5.632502281285e-01,-8.733000000000e-02,1.108000000000e-02,4.836621697815e-01,7.312341163154e-05
8.211701689846e+00,-5.566729156045e-01,-8.929000000000e-02,8.030000000000e-03,4.779733822559e-01,6.079657008364e-05
5.803451581267e+00,-5.548877871818e-01,-9.722000000000e-02,-1.484000000000e-02,4.934039550210e-01,1.243406962588e-04
8.085210159002e+00,-5.500956030805e-01,-9.114000000000e-02,5.590000000000e-03,4.722855994445e-01,4.937918723197e-05
5.677477000165e+00,-5.464481039904e-01,-9.549000000000e-02,-1.449000000000e-02,4.858657904015e-01,1.332214386086e-04
7.958718628158e+00,-5.435182905565e-01,-9.364000000000e-02,3.370000000000e-03,4.665988580895e-01,3.914011754309e-05
5.551502419063e+00,-5.380084207990e-01,-9.369000000000e-02,-1.453000000000e-02,4.783314215645e-01,1.415158256284e-04
7.832227097313e+00,-5.369409780325e-01,-9.658000000000e-02,1.050000000000e-03,4.609131967393e-01,3.025573750590e-05
7.705735566469e+00,-5.303636655085e-01,-9.847000000000e-02,-1.060000000000e-03,4.552286558605e-01,2.363724189172e-05
5.425527837961e+00,-5.295687376076e-01,-9.260000000000e-02,-1.509000000000e-02,4.708010307451e-01,1.490908230654e-04
7.579244035625e+00,-5.237863529846e-01,-9.968000000000e-02,-2.650000000000e-03,4.495452779587e-01,2.124667027728e-05
5.299553256860e+00,-5.211290544162e-01,-9.158000000000e-02,-1.598000000000e-02,4.632748119279e-01,1.558280209524e-04
6.250000200012e-02,-5.182529693414e-01,7.000000000000e-04,-1.253180000000e+00,6.798648583101e-01,3.553020069922e-03
1.875000060004e-01,-5.182529693414e-01,1.450000000000e-03,-1.191960000000e+00,5.940043927152e-01,4.643021591814e-03
3.125000100004e-01,-5.182529693414e-01,1.840000000000e-03,-1.084650000000e+00,5.241337744937e-01,5.879679993080e-03
4.375000140001e-01,-5.182529693414e-01,6.590000000000e-03,-8.700500000000e-01,4.773271525539e-01,6.096304225715e-03
5.625000179999e-01,-5.182529693414e-01,-2.068000000000e-02,-1.148300000000e-01,4.606693060812e-01,4.429975434251e-03
6.875000219996e-01,-5.182529693414e-01,-3.542000000000e-02,-2.320000000000e-03,4.606693060812e-01,2.097077530962e-03
8.125000259996e-01,-5.182529693414e-01,-2.984000000000e-02,-4.120000000000e-03,4.606693060812e-01,5.904008518396e-04
9.375000299999e-01,-5.182529693414e-01,-2.677000000000e-02,-4.940000000000e-03,4.606693060812e-01,9.642436740513e-05
1.064405264657e+00,-5.174754305471e-01,-2.494000000000e-02,-5.730000000000e-03,4.599781604863e-01,1.339059312795e-04
7.452752504781e+00,-5.172090404606e-01,-1.002400000000e-01,-3.410000000000e-03,4.438631077072e-01,2.444973319102e-05
1.193215729971e+00,-5.159203529586e-01,-2.381000000000e-02,-5.400000000000e-03,4.585958692965e-01,1.169702647435e-04
1.322026195285e+00,-5.143652753701e-01,-2.264000000000e-02,-5.720000000000e-03,4.572135781068e-01,9.487624239938e-05
1.450836660599e+00,-5.128101977816e-01,-2.292000000000e-02,-6.320000000000e-03,4.558312869170e-01,7.756914441789e-05
5.173578675758e+00,-5.126893712248e-01,-8.989000000000e-02,-1.612000000000e-02,4.557529717998e-01,1.616249852659e-04
1.579647125913e+00,-5.112551201931e-01,-2.469000000000e-02,-6.520000000000e-03,4.544489957272e-01,6.506257897210e-05
7.326260973936e+00,-5.106317279366e-01,-1.002400000000e-01,-4.010000000000e-03,4.381821920871e-01,3.182914598326e-05
1.708457591227e+00,-5.097000426046e-01,-2.617000000000e-02,-7.540000000000e-03,4.530667045375e-01,5.651085784046e-05
1.837268056541e+00,-5.081449650161e-01,-2.792000000000e-02,-7.900000000000e-03,4.516844133477e-01,5.135175923648e-05
1.966078521855e+00,-5.065898874277e-01,-3.035000000000e-02,-8.470000000000e-03,4.503021221579e-01,4.907404775533e-05
2.094888987168e+00,-5.050348098392e-01,-3.266000000000e-02,-8.530000000000e-03,4.489198309682e-01,4.922206659534e-05
5.047604094656e+00,-5.042496880334e-01,-8.795000000000e-02,-1.591000000000e-02,4.482357307971e-01,1.663907505740e-04
7.199769443092e+00,-5.040544154126e-01,-1.003400000000e-01,-4.740000000000e-03,4.325025805370e-01,4.145673208680e-05
2.223699452482e+00,-5.034797322507e-01,-3.448000000000e-02,-8.310000000000e-03,4.475375397784e-01,5.112582230724e-05
2.352509917796e+00,-5.019246546622e-01,-3.631000000000e-02,-8.230000000000e-03,4.461552485886e-01,5.513575159500e-05
2.481320383110e+00,-5.003695770737e-01,-3.792000000000e-02,-8.260000000000e-03,4.447729573989e-01,5.961318201616e-05
2.610130848424e+00,-4.988144994852e-01,-4.032000000000e-02,-9.000000000000e-03,4.433906662091e-01,6.551472450921e-05
1.063308435259e+01,-4.986111787036e-01,-3.300000000000e-04,7.100000000000e-04,2.351057191062e-04,4.312623877834e-05
7.073277912249e+00,-4.974771028886e-01,-1.011100000000e-01,-5.820000000000e-03,4.268243251155e-01,5.231454292280e-05
2.738941313738e+00,-4.972594218967e-01,-4.293000000000e-02,-8.920000000000e-03,4.420083750193e-01,7.438343655203e-05
4.921629513554e+00,-4.958100048420e-01,-8.599000000000e-02,-1.537000000000e-02,4.407233242563e-01,1.700975693635e-04
2.867751779053e+00,-4.957043443082e-01,-4.550000000000e-02,-8.310000000000e-03,4.406260838295e-01,8.493130189350e-05
2.996562244367e+00,-4.941492667197e-01,-4.841000000000e-02,-9.500000000000e-03,4.392437926398e-01,9.579525490430e-05
1.053314642916e+01,-4.937017661433e-01,-7.100000000000e-04,1.038000000000e-02,1.000584372802e-01,2.180270362429e-05
3.125372709682e+00,-4.925941891312e-01,-5.128000000000e-02,-1.018000000000e-02,4.378615014500e-01,1.069468062512e-04
3.254183174997e+00,-4.910391115427e-01,-5.367000000000e-02,-9.650000000000e-03,4.364792102602e-01,1.172381283967e-04
6.946786381406e+00,-4.908997903647e-01,-1.017400000000e-01,-6.970000000000e-03,4.211474806760e-01,6.392099243986e-05
3.382993640311e+00,-4.894840339542e-01,-5.654000000000e-02,-1.080000000000e-02,4.350969190704e-01,1.259472494951e-04
1.043320850573e+01,-4.887923535830e-01,-2.470000000000e-03,1.487000000000e-02,2.001168745604e-01,1.156168465232e-04
3.511804105626e+00,-4.879289563657e-01,-5.903000000000e-02,-1.180000000000e-02,4.337146278807e-01,1.339421907860e-04
4.795654932453e+00,-4.873703216506e-01,-8.452000000000e-02,-1.556000000000e-02,4.332160036808e-01,1.733164960063e-04
3.640614570940e+00,-4.863738787772e-01,-6.096000000000e-02,-1.214000000000e-02,4.323323366909e-01,1.412611579630e-04
3.769425036255e+00,-4.848188011887e-01,-6.260000000000e-02,-1.319000000000e-02,4.309500455011e-01,1.481091999783e-04
6.820294850562e+00,-4.843224778408e-01,-1.020900000000e-01,-7.550000000000e-03,4.154721050555e-01,7.599803751173e-05
1.033327058230e+01,-4.838829410227e-01,-5.720000000000e-03,2.086000000000e-02,3.001753118406e-01,1.708693086145e-04
3.898235501570e+00,-4.832637236002e-01,-6.404000000000e-02,-1.381000000000e-02,4.295677543113e-01,1.546687689685e-04
4.027045966884e+00,-4.817086460117e-01,-6.694000000000e-02,-1.380000000000e-02,4.281854631215e-01,1.607807818131e-04
4.155856432199e+00,-4.801535684232e-01,-7.010000000000e-02,-1.353000000000e-02,4.268031719318e-01,1.661450155976e-04
1.023333265887e+01,-4.789735284624e-01,-8.710000000000e-03,2.763000000000e-02,4.002337491208e-01,1.853885266115e-04
4.669680351351e+00,-4.789306384592e-01,-8.273000000000e-02,-1.493000000000e-02,4.257140381384e-01,1.744234529461e-04
4.284666897513e+00,-4.785984908347e-01,-7.284000000000e-02,-1.418000000000e-02,4.254208807420e-01,1.703550369512e-04
6.693803319718e+00,-4.777451653168e-01,-1.025400000000e-01,-8.100000000000e-03,4.097982592802e-01,8.833878041603e-05
4.413477362828e+00,-4.770434132462e-01,-7.659000000000e-02,-1.444000000000e-02,4.240385895522e-01,1.732554426856e-04
4.542287828143e+00,-4.754883356577e-01,-7.997000000000e-02,-1.417000000000e-02,4.226562983624e-01,1.760268486630e-04
1.013339473545e+01,-4.740641159020e-01,-1.125000000000e-02,3.116000000000e-02,5.002921864011e-01,1.607218745641e-04
6.567311788875e+00,-4.711678527929e-01,-1.027300000000e-01,-9.460000000000e-03,4.041260077859e-01,1.007599835389e-04
1.003345681202e+01,-4.691547033417e-01,-1.401000000000e-02,3.430000000000e-02,5.432134590941e-01,1.210853163979e-04
6.440820258031e+00,-4.645905402689e-01,-1.028000000000e-01,-1.057000000000e-02,3.984554186595e-01,1.130860029103e-04
9.933518888588e+00,-4.642452907814e-01,-1.665000000000e-02,3.562000000000e-02,4.728806732870e-01,9.363858143627e-05
9.833580965160e+00,-4.593358782212e-01,-2.023000000000e-02,3.482000000000e-02,4.149394918989e-01,1.162202306936e-04
6.314328727187e+00,-4.580132277450e-01,-1.028100000000e-01,-1.100000000000e-02,3.927865638989e-01,1.251446796928e-04
9.733643041732e+00,-4.544264656609e-01,-2.544000000000e-02,3.166000000000e-02,3.752434534911e-01,1.744594599534e-04
6.187837196344e+00,-4.514359152210e-01,-1.023300000000e-01,-1.110000000000e-02,3.871195196964e-01,1.367678930992e-04
9.620211817278e+00,-4.496187151445e-01,-3.329000000000e-02,2.958000000000e-02,3.604306456893e-01,2.235050527319e-04
9.493287291797e+00,-4.449126266719e-01,-4.039000000000e-02,2.976000000000e-02,3.566312461426e-01,2.374532490644e-04
6.061345665500e+00,-4.448586026971e-01,-1.015200000000e-01,-1.131000000000e-02,3.814543667475e-01,1.477938677776e-04
9.366362766316e+00,-4.402065381994e-01,-4.630000000000e-02,2.747000000000e-02,3.528363163031e-01,2.336167990641e-04
5.934854134657e+00,-4.382812901731e-01,-1.004400000000e-01,-1.142000000000e-02,3.757911905855e-01,1.580700192448e-04
9.239438240835e+00,-4.355004497269e-01,-5.225000000000e-02,2.430000000000e-02,3.490417679907e-01,2.186383234994e-04
5.808362603813e+00,-4.317039776492e-01,-9.907000000000e-02,-1.154000000000e-02,3.701300819480e-01,1.674558098030e-04
9.112513715355e+00,-4.307943612543e-01,-5.823000000000e-02,2.293000000000e-02,3.452476137854e-01,1.988079103514e-04
8.985589189874e+00,-4.260882727818e-01,-6.388000000000e-02,2.068000000000e-02,3.414538668247e-01,1.773578962101e-04
5.681871072970e+00,-4.251266651252e-01,-9.746000000000e-02,-1.152000000000e-02,3.644711371757e-01,1.758253693464e-04
8.858664664393e+00,-4.213821843093e-01,-6.952000000000e-02,1.841000000000e-02,3.376605408354e-01,1.559051826005e-04
5.555379542127e+00,-4.185493526013e-01,-9.627000000000e-02,-1.179000000000e-02,3.588144586491e-01,1.830696782366e-04
8.731740138912e+00,-4.166760958367e-01,-7.538000000000e-02,1.683000000000e-02,3.338676501665e-01,1.353354101343e-04
5.428888011283e+00,-4.119720400773e-01,-9.531000000000e-02,-1.217000000000e-02,3.531601552658e-01,1.890978643524e-04
8.604815613431e+00,-4.119700073642e-01,-7.998000000000e-02,1.486000000000e-02,3.300752098246e-01,1.161277332385e-04
8.477891087950e+00,-4.072639188916e-01,-8.457000000000e-02,1.290000000000e-02,3.262832355124e-01,9.871202130368e-05
5.302396480439e+00,-4.053947275534e-01,-9.335000000000e-02,-1.302000000000e-02,3.475083429635e-01,1.938364299333e-04
6.250000200012e-02,-4.030856428210e-01,7.200000000000e-04,-1.254570000000e+00,6.013085284031e-01,3.520988508382e-03
1.875000060004e-01,-4.030856428210e-01,1.680000000000e-03,-1.193310000000e+00,5.098986437323e-01,4.619228825142e-03
3.125000100004e-01,-4.030856428210e-01,2.240000000000e-03,-1.085750000000e+00,4.264640921346e-01,6.002512111573e-03
4.375000140001e-01,-4.030856428210e-01,4.460000000000e-03,-8.910400000000e-01,3.674188602677e-01,6.393221357681e-03
5.625000179999e-01,-4.030856428210e-01,-3.158000000000e-02,-5.055000000000e-02,3.455019795609e-01,4.521323845197e-03
6.875000219995e-01,-4.030856428210e-01,-3.324000000000e-02,-3.440000000000e-03,3.455019795609e-01,1.925418957257e-03
8.125000259996e-01,-4.030856428210e-01,-2.779000000000e-02,-3.350000000000e-03,3.455019795609e-01,4.053436565478e-04
9.375000299999e-01,-4.030856428210e-01,-2.514000000000e-02,-3.570000000000e-03,3.455019795609e-01,1.558865777916e-04
8.350966562469e+00,-4.025578304191e-01,-8.873000000000e-02,1.042000000000e-02,3.224917436692e-01,8.293461052601e-05
1.064405264657e+00,-4.024808904255e-01,-2.352000000000e-02,-4.110000000000e-03,3.449836203647e-01,1.759461856982e-04
1.193215729971e+00,-4.012713856345e-01,-2.245000000000e-02,-3.990000000000e-03,3.439469019724e-01,1.475590689401e-04
1.322026195285e+00,-4.000618808434e-01,-2.082000000000e-02,-4.290000000000e-03,3.429101835801e-01,1.198253242632e-04
1.450836660599e+00,-3.988523760524e-01,-2.024000000000e-02,-4.210000000000e-03,3.418734651878e-01,9.910352897764e-05
5.175904949596e+00,-3.988174150294e-01,-9.032000000000e-02,-1.298000000000e-02,3.418591452943e-01,1.972215030330e-04
8.224042036989e+00,-3.978517419465e-01,-9.211000000000e-02,8.050000000000e-03,3.187007515143e-01,6.867677845405e-05
1.579647125913e+00,-3.976428712613e-01,-2.121000000000e-02,-4.230000000000e-03,3.408367467954e-01,8.399484359882e-05
1.708457591227e+00,-3.964333664703e-01,-2.242000000000e-02,-4.280000000000e-03,3.398000284031e-01,7.321764507264e-05
1.837268056541e+00,-3.952238616792e-01,-2.495000000000e-02,-4.870000000000e-03,3.387633100108e-01,6.631048384368e-05
1.966078521855e+00,-3.940143568882e-01,-2.774000000000e-02,-5.670000000000e-03,3.377265916185e-01,6.290287160252e-05
8.097117511508e+00,-3.931456534740e-01,-9.504000000000e-02,4.970000000000e-03,3.149102770941e-01,5.707076447701e-05
2.094888987168e+00,-3.928048520971e-01,-2.978000000000e-02,-5.980000000000e-03,3.366898732261e-01,6.171934346714e-05
5.049413418752e+00,-3.922401025055e-01,-8.784000000000e-02,-1.266000000000e-02,3.362126940549e-01,1.991706907069e-04
2.223699452482e+00,-3.915953473061e-01,-3.091000000000e-02,-5.450000000000e-03,3.356531548338e-01,6.025023555953e-05
2.352509917796e+00,-3.903858425151e-01,-3.256000000000e-02,-5.260000000000e-03,3.346164364415e-01,5.978906401991e-05
2.481320383110e+00,-3.891763377240e-01,-3.430000000000e-02,-5.240000000000e-03,3.335797180492e-01,6.050951379996e-05
7.970192986027e+00,-3.884395650015e-01,-9.806000000000e-02,1.980000000000e-03,3.111203393316e-01,4.966416990889e-05
2.610130848424e+00,-3.879668329330e-01,-3.634000000000e-02,-5.090000000000e-03,3.325429996569e-01,6.238644507883e-05
2.738941313738e+00,-3.867573281419e-01,-3.885000000000e-02,-5.410000000000e-03,3.315062812645e-01,6.588788564912e-05
4.922921887909e+00,-3.856627899815e-01,-8.550000000000e-02,-1.211000000000e-02,3.305691299806e-01,1.996659334676e-04
2.867751779053e+00,-3.855478233509e-01,-4.106000000000e-02,-5.130000000000e-03,3.304695628722e-01,7.288552633316e-05
2.996562244367e+00,-3.843383185598e-01,-4.357000000000e-02,-6.210000000000e-03,3.294328444799e-01,8.112132387446e-05
7.843268460545e+00,-3.837334765289e-01,-1.002400000000e-01,1.000000000000e-05,3.073309580807e-01,4.811518544697e-05
3.125372709682e+00,-3.831288137688e-01,-4.624000000000e-02,-6.490000000000e-03,3.283961260875e-01,9.106489204314e-05
3.254183174997e+00,-3.819193089777e-01,-4.913000000000e-02,-6.120000000000e-03,3.273594076952e-01,1.021527947203e-04
3.382993640311e+00,-3.807098041867e-01,-5.100000000000e-02,-6.910000000000e-03,3.263226893029e-01,1.136355811350e-04
3.511804105626e+00,-3.795002993956e-01,-5.357000000000e-02,-8.100000000000e-03,3.252859709105e-01,1.250049793567e-04
4.796430357065e+00,-3.790854774576e-01,-8.305000000000e-02,-1.222000000000e-02,3.249286035098e-01,1.992532793719e-04
7.716343935065e+00,-3.790273880564e-01,-1.017500000000e-01,-1.120000000000e-03,3.035421541837e-01,5.287553134255e-05
3.640614570940e+00,-3.782907946046e-01,-5.586000000000e-02,-8.260000000000e-03,3.242492525182e-01,1.363326199113e-04
3.769425036255e+00,-3.770812898135e-01,-5.839000000000e-02,-9.260000000000e-03,3.232125341259e-01,1.461325990438e-04
3.898235501570e+00,-3.758717850224e-01,-6.056000000000e-02,-9.840000000000e-03,3.221758157335e-01,1.554775338640e-04
4.027045966884e+00,-3.746622802314e-01,-6.371000000000e-02,-9.700000000000e-03,3.211390973412e-01,1.649519392606e-04
7.589419409584e+00,-3.743212995838e-01,-1.026600000000e-01,-1.730000000000e-03,2.997539495333e-01,6.250867899889e-05
4.155856432199e+00,-3.734527754403e-01,-6.641000000000e-02,-9.300000000000e-03,3.201023789489e-01,1.738645148991e-04
4.669938826222e+00,-3.725081649336e-01,-7.925000000000e-02,-1.096000000000e-02,3.192912756273e-01,1.963551934613e-04
4.284666897513e+00,-3.722432706493e-01,-6.909000000000e-02,-1.019000000000e-02,3.190656605566e-01,1.814925987753e-04
4.413477362828e+00,-3.710337658582e-01,-7.236000000000e-02,-1.048000000000e-02,3.180289421642e-01,1.879130850130e-04
4.542287828143e+00,-3.698242610672e-01,-7.562000000000e-02,-1.025000000000e-02,3.169922237719e-01,1.940502694411e-04
7.462494884103e+00,-3.696152111113e-01,-1.030000000000e-01,-2.310000000000e-03,2.959663671395e-01,7.509938190516e-05
7.335570358622e+00,-3.649091226388e-01,-1.034200000000e-01,-2.680000000000e-03,2.921794312018e-01,8.926988632599e-05
7.208645833142e+00,-3.602030341662e-01,-1.040900000000e-01,-3.240000000000e-03,2.883931671862e-01,1.041790848803e-04
7.081721307662e+00,-3.554969456937e-01,-1.048700000000e-01,-3.880000000000e-03,2.846076019094e-01,1.192992705975e-04
6.954796782182e+00,-3.507908572212e-01,-1.055500000000e-01,-4.380000000000e-03,2.808227636290e-01,1.342678523472e-04
6.827872256702e+00,-3.460847687487e-01,-1.059900000000e-01,-4.900000000000e-03,2.770386821412e-01,1.488119848194e-04
6.700947731221e+00,-3.413786802762e-01,-1.061700000000e-01,-5.780000000000e-03,2.732553888864e-01,1.627120156590e-04
6.574023205741e+00,-3.366725918037e-01,-1.061200000000e-01,-6.690000000000e-03,2.694729170641e-01,1.757837259490e-04
6.447098680261e+00,-3.319665033312e-01,-1.057800000000e-01,-7.800000000000e-03,2.656913017569e-01,1.878696395076e-04
6.320174154781e+00,-3.272604148587e-01,-1.050000000000e-01,-8.000000000000e-03,2.619105800654e-01,1.988347442098e-04
6.193249629301e+00,-3.225543263862e-01,-1.039200000000e-01,-7.640000000000e-03,2.581307912547e-01,2.085643642891e-04
6.066325103821e+00,-3.178482379136e-01,-1.029200000000e-01,-7.880000000000e-03,2.543519769139e-01,2.169630687244e-04
5.939400578341e+00,-3.131421494411e-01,-1.014200000000e-01,-8.240000000000e-03,2.505741811298e-01,2.239540530660e-04
5.812476052861e+00,-3.084360609686e-01,-9.921000000000e-02,-8.500000000000e-03,2.467974506765e-01,2.294787105509e-04
5.685551527381e+00,-3.037299724961e-01,-9.709000000000e-02,-8.650000000000e-03,2.430218352219e-01,2.334962748500e-04
1.064780503624e+01,-2.993317163768e-01,-1.700000000000e-04,-1.270000000000e-03,2.351057193840e-04,4.842199306559e-05
5.558627001901e+00,-2.990238840236e-01,-9.500000000000e-02,-8.730000000000e-03,2.392473875541e-01,2.359835424735e-04
1.054778657391e+01,-2.963852226792e-01,-1.400000000000e-04,7.230000000000e-03,1.000618540245e-01,1.077045005523e-05
5.431702476421e+00,-2.943177955511e-01,-9.255000000000e-02,-9.110000000000e-03,2.354741638290e-01,2.369347421466e-04
1.044776811159e+01,-2.934387289816e-01,-1.180000000000e-03,1.054000000000e-02,2.001237080490e-01,9.209535565032e-05
1.034774964926e+01,-2.904922352840e-01,-2.890000000000e-03,1.468000000000e-02,3.001855620736e-01,1.329669291460e-04
5.304777950941e+00,-2.896117070786e-01,-8.936000000000e-02,-9.390000000000e-03,2.317022238416e-01,2.363603392130e-04
6.250000200012e-02,-2.879183163008e-01,7.400000000000e-04,-1.256180000000e+00,5.163009507388e-01,3.485891934274e-03
1.875000060004e-01,-2.879183163008e-01,1.920000000000e-03,-1.194970000000e+00,4.340986831742e-01,4.582281766870e-03
3.125000100004e-01,-2.879183163008e-01,2.680000000000e-03,-1.087330000000e+00,3.399324291548e-01,6.132543339614e-03
4.375000140001e-01,-2.879183163008e-01,3.780000000000e-03,-9.039600000000e-01,2.620668872469e-01,6.764531146465e-03
5.625000179998e-01,-2.879183163008e-01,-3.540000000000e-02,-1.206000000000e-02,2.303346530406e-01,4.577341713169e-03
6.875000219995e-01,-2.879183163008e-01,-2.812000000000e-02,-4.090000000000e-03,2.303346530406e-01,1.615910460883e-03
9.375000299999e-01,-2.879183163008e-01,-2.220000000000e-02,-1.320000000000e-03,2.303346530406e-01,2.560159984865e-04
8.125000259996e-01,-2.879183163008e-01,-2.468000000000e-02,-2.180000000000e-03,2.303346530406e-01,1.599051099073e-04
1.024773118694e+01,-2.875457415864e-01,-4.670000000000e-03,2.086000000000e-02,4.002474160981e-01,1.505783574660e-04
1.064405264657e+00,-2.874863503040e-01,-1.995000000000e-02,-2.180000000000e-03,2.299890802432e-01,2.272086934040e-04
1.193215729971e+00,-2.866224183104e-01,-1.941000000000e-02,-2.730000000000e-03,2.292979346483e-01,1.820330515086e-04
1.322026195285e+00,-2.857584863168e-01,-1.842000000000e-02,-3.020000000000e-03,2.286067890534e-01,1.463573221142e-04
5.177853425461e+00,-2.849056186061e-01,-8.634000000000e-02,-9.720000000000e-03,2.279316313239e-01,2.342707370498e-04
1.450836660599e+00,-2.848945543232e-01,-1.807000000000e-02,-2.630000000000e-03,2.279156434585e-01,1.210912449624e-04
1.014771272462e+01,-2.845992478888e-01,-6.590000000000e-03,2.581000000000e-02,5.003092701227e-01,1.302987142012e-04
1.579647125913e+00,-2.840306223296e-01,-1.813000000000e-02,-1.610000000000e-03,2.272244978637e-01,1.027584312687e-04
1.708457591227e+00,-2.831666903359e-01,-1.940000000000e-02,-9.300000000000e-04,2.265333522688e-01,8.967238569039e-05
1.837268056541e+00,-2.823027583423e-01,-2.156000000000e-02,-1.780000000000e-03,2.258422066739e-01,8.244618294458e-05
1.004769426229e+01,-2.816527541912e-01,-8.930000000000e-03,2.731000000000e-02,4.464706348732e-01,8.062580341877e-05
1.966078521855e+00,-2.814388263487e-01,-2.359000000000e-02,-3.110000000000e-03,2.251510610790e-01,7.729039121074e-05
2.094888987168e+00,-2.805748943551e-01,-2.454000000000e-02,-3.030000000000e-03,2.244599154841e-01,7.101377401522e-05
5.050928899980e+00,-2.801995301336e-01,-8.269000000000e-02,-8.820000000000e-03,2.241624542724e-01,2.305941025638e-04
2.223699452482e+00,-2.797109623615e-01,-2.566000000000e-02,-2.550000000000e-03,2.237687698892e-01,6.500335850526e-05
2.352509917796e+00,-2.788470303679e-01,-2.712000000000e-02,-2.230000000000e-03,2.230776242944e-01,5.937833221571e-05
9.947675799970e+00,-2.787062604936e-01,-1.185000000000e-02,2.688000000000e-02,3.571480358132e-01,2.101221338801e-05
2.481320383110e+00,-2.779830983743e-01,-2.838000000000e-02,-2.280000000000e-03,2.223864786995e-01,5.577316667433e-05
2.610130848424e+00,-2.771191663807e-01,-2.975000000000e-02,-2.160000000000e-03,2.216953331046e-01,5.325372398207e-05
2.738941313738e+00,-2.762552343871e-01,-3.214000000000e-02,-2.500000000000e-03,2.210041875097e-01,5.140398418783e-05
9.847657337646e+00,-2.757597667960e-01,-1.493000000000e-02,2.505000000000e-02,2.753146571247e-01,1.002650487261e-04
4.924004374500e+00,-2.754934416610e-01,-7.978000000000e-02,-8.350000000000e-03,2.203947653089e-01,2.253100766712e-04
2.867751779053e+00,-2.753913023935e-01,-3.429000000000e-02,-2.680000000000e-03,2.203130419148e-01,5.118149070631e-05
2.996562244367e+00,-2.745273703999e-01,-3.585000000000e-02,-3.720000000000e-03,2.196218963199e-01,5.387770076816e-05
3.125372709682e+00,-2.736634384063e-01,-3.879000000000e-02,-3.780000000000e-03,2.189307507250e-01,5.872576395793e-05
9.747638875322e+00,-2.728132730984e-01,-1.910000000000e-02,2.020000000000e-02,2.100359076695e-01,2.222068060388e-04
3.254183174997e+00,-2.727995064127e-01,-4.223000000000e-02,-2.990000000000e-03,2.182396051302e-01,6.610833285256e-05
3.382993640311e+00,-2.719355744191e-01,-4.452000000000e-02,-3.990000000000e-03,2.175484595353e-01,7.664814471169e-05
3.511804105626e+00,-2.710716424255e-01,-4.646000000000e-02,-5.290000000000e-03,2.168573139404e-01,8.945987700166e-05
4.797079849020e+00,-2.707873531885e-01,-7.611000000000e-02,-8.410000000000e-03,2.166286420776e-01,2.189226972519e-04
3.640614570940e+00,-2.702077104318e-01,-4.804000000000e-02,-4.290000000000e-03,2.161661683455e-01,1.048667916965e-04
9.633992936869e+00,-2.699262375751e-01,-2.436000000000e-02,1.850000000000e-02,1.802239925431e-01,3.168727251265e-04
3.769425036255e+00,-2.693437784382e-01,-5.055000000000e-02,-4.730000000000e-03,2.154750227506e-01,1.212071722528e-04
3.898235501570e+00,-2.684798464446e-01,-5.358000000000e-02,-5.120000000000e-03,2.147838771557e-01,1.367082734884e-04
4.027045966884e+00,-2.676159144510e-01,-5.678000000000e-02,-5.280000000000e-03,2.140927315608e-01,1.517137986943e-04
9.506719522284e+00,-2.670986602260e-01,-3.109000000000e-02,2.107000000000e-02,1.783254700383e-01,3.127127737303e-04
4.155856432199e+00,-2.667519824574e-01,-6.037000000000e-02,-5.550000000000e-03,2.134015859660e-01,1.663568841191e-04
4.670155323540e+00,-2.660812647160e-01,-7.212000000000e-02,-7.740000000000e-03,2.128641676841e-01,2.097667895157e-04
4.284666897513e+00,-2.658880504638e-01,-6.362000000000e-02,-5.890000000000e-03,2.127104403711e-01,1.776251384153e-04
4.413477362828e+00,-2.650241184702e-01,-6.676000000000e-02,-6.650000000000e-03,2.120192947762e-01,1.892930977233e-04
9.379446107700e+00,-2.642710828770e-01,-3.863000000000e-02,2.002000000000e-02,1.764292658567e-01,2.959878150460e-04
4.542287828143e+00,-2.641601864766e-01,-6.923000000000e-02,-7.190000000000e-03,2.113281491813e-01,2.008893666130e-04
9.252172693116e+00,-2.614435055279e-01,-4.607000000000e-02,1.619000000000e-02,1.745332036318e-01,2.739446530849e-04
9.124899278532e+00,-2.586159281789e-01,-5.252000000000e-02,1.365000000000e-02,1.726372880408e-01,2.510043534889e-04
8.997625863947e+00,-2.557883508299e-01,-5.930000000000e-02,1.111000000000e-02,1.707415239685e-01,2.293449133442e-04
8.870352449363e+00,-2.529607734808e-01,-6.591000000000e-02,9.890000000000e-03,1.688459165185e-01,2.103225023608e-04
8.743079034778e+00,-2.501331961317e-01,-7.218000000000e-02,8.650000000000e-03,1.669504710257e-01,1.950482346121e-04
8.615805620194e+00,-2.473056187827e-01,-7.794000000000e-02,7.170000000000e-03,1.650551930699e-01,1.842942660885e-04
8.488532205609e+00,-2.444780414336e-01,-8.353000000000e-02,6.180000000000e-03,1.631600884893e-01,1.785562119064e-04
8.361258791025e+00,-2.416504640846e-01,-8.890000000000e-02,5.870000000000e-03,1.612651633962e-01,1.786795570813e-04
8.233985376440e+00,-2.388228867355e-01,-9.367000000000e-02,4.600000000000e-03,1.593704241930e-01,1.847207391806e-04
8.106711961856e+00,-2.359953093864e-01,-9.749000000000e-02,2.550000000000e-03,1.574758775895e-01,1.953612554710e-04
7.979438547271e+00,-2.331677320374e-01,-9.995000000000e-02,8.100000000000e-04,1.555815306217e-01,2.089208166089e-04
7.852165132687e+00,-2.303401546883e-01,-1.017000000000e-01,2.300000000000e-04,1.536873906717e-01,2.239995446867e-04
7.724891718102e+00,-2.275125773393e-01,-1.034100000000e-01,-4.400000000000e-04,1.517934654892e-01,2.395599926348e-04
7.597618303518e+00,-2.246849999902e-01,-1.047000000000e-01,-7.600000000000e-04,1.498997632148e-01,2.548680361100e-04
7.470344888934e+00,-2.218574226412e-01,-1.059900000000e-01,-1.980000000000e-03,1.480062924046e-01,2.694177669932e-04
7.343071474349e+00,-2.190298452921e-01,-1.075500000000e-01,-1.850000000000e-03,1.461130620572e-01,2.828644324797e-04
7.215798059765e+00,-2.162022679431e-01,-1.094700000000e-01,-1.880000000000e-03,1.442200816426e-01,2.949745561893e-04
7.088524645181e+00,-2.133746905940e-01,-1.108100000000e-01,-1.770000000000e-03,1.423273611332e-01,3.055919948730e-04
6.961251230598e+00,-2.105471132450e-01,-1.108700000000e-01,-1.890000000000e-03,1.404349110377e-01,3.146157176270e-04
6.833977816014e+00,-2.077195358960e-01,-1.102500000000e-01,-2.330000000000e-03,1.385427424373e-01,3.219850952012e-04
6.706704401430e+00,-2.048919585469e-01,-1.091900000000e-01,-2.850000000000e-03,1.366508670255e-01,3.276698761213e-04
6.579430986846e+00,-2.020643811979e-01,-1.076200000000e-01,-3.440000000000e-03,1.347592971503e-01,3.316632357283e-04
6.452157572263e+00,-1.992368038488e-01,-1.056500000000e-01,-3.800000000000e-03,1.328680458612e-01,3.339768447821e-04
6.324884157679e+00,-1.964092264998e-01,-1.034900000000e-01,-4.070000000000e-03,1.309771269587e-01,3.346372142865e-04
6.197610743095e+00,-1.935816491508e-01,-1.012200000000e-01,-4.420000000000e-03,1.290865550498e-01,3.336828165754e-04
6.070337328512e+00,-1.907540718017e-01,-9.786000000000e-02,-4.530000000000e-03,1.271963456070e-01,3.311616497469e-04
5.943063913928e+00,-1.879264944527e-01,-9.449000000000e-02,-4.190000000000e-03,1.253065150333e-01,3.271290043339e-04
5.815790499345e+00,-1.850989171037e-01,-9.133000000000e-02,-4.210000000000e-03,1.234170807331e-01,3.216452442803e-04
5.688517084761e+00,-1.822713397546e-01,-8.823000000000e-02,-4.630000000000e-03,1.215280611894e-01,3.147734824287e-04
5.561243670177e+00,-1.794437624056e-01,-8.556000000000e-02,-4.690000000000e-03,1.196394760483e-01,3.065772844284e-04
5.433970255594e+00,-1.766161850565e-01,-8.275000000000e-02,-4.870000000000e-03,1.177513462116e-01,2.971194982700e-04
5.306696841010e+00,-1.737886077075e-01,-7.850000000000e-02,-4.990000000000e-03,1.158636939383e-01,2.864638226274e-04
3.125000100004e-01,-1.727509897805e-01,2.890000000000e-03,-1.089500000000e+00,2.703486921231e-01,6.260234971805e-03
8.125000259996e-01,-1.727509897805e-01,-2.176000000000e-02,-5.700000000000e-04,1.151673265203e-01,2.669106240862e-04
9.375000299999e-01,-1.727509897805e-01,-1.908000000000e-02,6.000000000000e-05,1.151673265203e-01,3.687984824668e-04
1.875000060004e-01,-1.727509897805e-01,2.010000000000e-03,-1.196920000000e+00,3.463573564003e-01,4.534305865161e-03
4.375000140001e-01,-1.727509897805e-01,3.830000000000e-03,-9.096500000000e-01,1.699662145773e-01,7.238504687210e-03
5.625000179998e-01,-1.727509897805e-01,-2.513000000000e-02,-5.540000000000e-03,1.151673265203e-01,4.687417925972e-03
6.875000219995e-01,-1.727509897805e-01,-2.330000000000e-02,-2.240000000000e-03,1.151673265203e-01,1.058210067727e-03
6.250000200012e-02,-1.727509897805e-01,7.200000000000e-04,-1.257950000000e+00,4.450712564666e-01,3.452719225330e-03
1.064405264657e+00,-1.724918101824e-01,-1.660000000000e-02,-5.000000000000e-04,1.149945401215e-01,2.866968856481e-04
1.193215729971e+00,-1.719734509862e-01,-1.527000000000e-02,-5.300000000000e-04,1.146489673242e-01,2.208006661148e-04
1.322026195285e+00,-1.714550917901e-01,-1.430000000000e-02,-5.000000000000e-04,1.143033945267e-01,1.763994499867e-04
5.179423426427e+00,-1.709610303585e-01,-7.437000000000e-02,-5.020000000000e-03,1.139765429565e-01,2.746601918400e-04
1.450836660599e+00,-1.709367325939e-01,-1.440000000000e-02,-5.500000000000e-04,1.139578217293e-01,1.461471674774e-04
1.579647125913e+00,-1.704183733977e-01,-1.455000000000e-02,5.000000000000e-05,1.136122489318e-01,1.239255037688e-04
1.708457591227e+00,-1.699000142016e-01,-1.437000000000e-02,1.500000000000e-04,1.132666761344e-01,1.096833507503e-04
1.837268056541e+00,-1.693816550054e-01,-1.505000000000e-02,-4.600000000000e-04,1.129211033370e-01,9.818684767901e-05
1.966078521855e+00,-1.688632958092e-01,-1.590000000000e-02,-1.660000000000e-03,1.125755305395e-01,8.403544737551e-05
2.094888987168e+00,-1.683449366131e-01,-1.700000000000e-02,-1.560000000000e-03,1.122299577421e-01,6.959128347562e-05
5.052150011843e+00,-1.681334530094e-01,-7.101000000000e-02,-4.560000000000e-03,1.120899185853e-01,2.615560855985e-04
2.223699452482e+00,-1.678265774169e-01,-1.771000000000e-02,-9.100000000000e-04,1.118843849446e-01,5.643793488653e-05
2.352509917796e+00,-1.673082182207e-01,-1.866000000000e-02,-7.700000000000e-04,1.115388121472e-01,4.311637943716e-05
2.481320383110e+00,-1.667898590246e-01,-2.000000000000e-02,-7.900000000000e-04,1.111932393497e-01,3.023985970182e-05
2.610130848424e+00,-1.662714998284e-01,-2.125000000000e-02,-8.200000000000e-04,1.108476665523e-01,1.793350031917e-05
2.738941313738e+00,-1.657531406322e-01,-2.180000000000e-02,-7.000000000000e-04,1.105020937548e-01,9.164831657453e-06
4.924876597259e+00,-1.653058756604e-01,-6.755000000000e-02,-4.040000000000e-03,1.102038478706e-01,2.474710383603e-04
2.867751779053e+00,-1.652347814361e-01,-2.330000000000e-02,-1.350000000000e-03,1.101565209574e-01,9.542814355509e-06
2.996562244367e+00,-1.647164222399e-01,-2.405000000000e-02,-1.760000000000e-03,1.098109481600e-01,1.198131377790e-05
3.125372709682e+00,-1.641980630437e-01,-2.633000000000e-02,-1.670000000000e-03,1.094653753625e-01,1.214494275843e-05
3.254183174997e+00,-1.636797038476e-01,-2.965000000000e-02,-6.600000000000e-04,1.091198025651e-01,1.066351614337e-05
3.382993640311e+00,-1.631613446514e-01,-3.196000000000e-02,-1.380000000000e-03,1.087742297676e-01,1.094253511977e-05
3.511804105626e+00,-1.626429854552e-01,-3.432000000000e-02,-2.200000000000e-03,1.084286569702e-01,1.719133585944e-05
4.797603182675e+00,-1.624782983113e-01,-6.360000000000e-02,-4.000000000000e-03,1.083183597336e-01,2.329250510442e-04
3.640614570940e+00,-1.621246262591e-01,-3.703000000000e-02,-9.900000000000e-04,1.080830841727e-01,2.945306557838e-05
3.769425036255e+00,-1.616062670629e-01,-3.967000000000e-02,-1.600000000000e-04,1.077375113753e-01,4.730206330940e-05
3.898235501570e+00,-1.610879078667e-01,-4.277000000000e-02,-1.030000000000e-03,1.073919385778e-01,6.854740373162e-05
4.027045966884e+00,-1.605695486706e-01,-4.542000000000e-02,-1.880000000000e-03,1.070463657804e-01,9.208422434168e-05
4.155856432199e+00,-1.600511894744e-01,-4.924000000000e-02,-1.870000000000e-03,1.067007929829e-01,1.182141521940e-04
4.670329768092e+00,-1.596507209623e-01,-6.044000000000e-02,-3.820000000000e-03,1.064334851359e-01,2.131765255207e-04
4.284666897513e+00,-1.595328302782e-01,-5.228000000000e-02,-2.060000000000e-03,1.063552201855e-01,1.439442828908e-04
4.413477362828e+00,-1.590144710820e-01,-5.496000000000e-02,-2.980000000000e-03,1.060096473880e-01,1.678447720086e-04
4.542287828143e+00,-1.584961118859e-01,-5.768000000000e-02,-3.480000000000e-03,1.056640745906e-01,1.915412283592e-04
1.065879125830e+01,-9.981153089038e-02,1.200000000000e-04,-9.400000000000e-04,2.351057192288e-04,5.193072995318e-05
1.055873071939e+01,-9.882921856056e-02,9.500000000000e-04,5.150000000000e-03,1.000653605620e-01,2.492916404593e-05
1.045867018049e+01,-9.784690623073e-02,5.600000000000e-04,8.180000000000e-03,2.001307211240e-01,1.056042727282e-04
1.035860964158e+01,-9.686459390090e-02,-5.000000000000e-05,1.177000000000e-02,3.001960816861e-01,1.414409826543e-04
1.025854910267e+01,-9.588228157107e-02,-1.410000000000e-03,1.750000000000e-02,4.002614422479e-01,1.523413270632e-04
1.015848856376e+01,-9.489996924124e-02,-2.330000000000e-03,2.189000000000e-02,4.259159530535e-01,1.407409441944e-04
1.005842802485e+01,-9.391765691142e-02,-2.690000000000e-03,2.311000000000e-02,3.345256310218e-01,1.096078735567e-04
9.958367485939e+00,-9.293534458160e-02,-1.430000000000e-03,2.338000000000e-02,2.498730664251e-01,6.761557384489e-05
9.858306947030e+00,-9.195303225178e-02,3.000000000000e-05,2.016000000000e-02,1.816365976535e-01,9.268780088131e-05
9.758246408121e+00,-9.097071992196e-02,7.000000000000e-05,9.250000000000e-03,1.140142719569e-01,2.327547164878e-04
9.644447100193e+00,-9.000788976128e-02,-2.390000000000e-03,1.122000000000e-02,2.110653134705e-04,2.926406049735e-04
9.516909023246e+00,-8.906454176975e-02,-1.480000000000e-02,8.230000000000e-03,5.329070518201e-15,2.754022100533e-04
9.389370946299e+00,-8.812119377822e-02,-2.915000000000e-02,7.740000000000e-03,7.993605897768e-14,2.601361552965e-04
9.261832869352e+00,-8.717784578669e-02,-4.124000000000e-02,6.240000000000e-03,1.776357381501e-14,2.767394004182e-04
9.134294792406e+00,-8.623449779516e-02,-5.045000000000e-02,4.350000000000e-03,1.953993016159e-14,3.030023181335e-04
9.006756715459e+00,-8.529114980363e-02,-5.787000000000e-02,3.080000000000e-03,1.509903313490e-13,3.304792448946e-04
8.879218638511e+00,-8.434780181210e-02,-6.499000000000e-02,2.370000000000e-03,3.375078280177e-14,3.553314240559e-04
8.751680561564e+00,-8.340445382056e-02,-7.100000000000e-02,1.400000000000e-03,6.217249557445e-14,3.758519048154e-04
8.624142484617e+00,-8.246110582903e-02,-7.641000000000e-02,1.190000000000e-03,1.953996958708e-14,3.914162817647e-04
8.496604407670e+00,-8.151775783750e-02,-8.128000000000e-02,1.090000000000e-03,1.065814112675e-13,4.023001827901e-04
8.369066330723e+00,-8.057440984597e-02,-8.507000000000e-02,1.220000000000e-03,3.907985046681e-14,4.091778458647e-04
8.241528253776e+00,-7.963106185444e-02,-8.812000000000e-02,1.320000000000e-03,8.348877260522e-14,4.124172962937e-04
8.113990176828e+00,-7.868771386291e-02,-9.066000000000e-02,1.320000000000e-03,3.552714763003e-14,4.121957079819e-04
7.986452099881e+00,-7.774436587137e-02,-9.264000000000e-02,1.210000000000e-03,2.753353450813e-14,4.088424570128e-04
7.858914022934e+00,-7.680101787984e-02,-9.412000000000e-02,7.300000000000e-04,4.440978833827e-15,4.027245469866e-04
7.731375945987e+00,-7.585766988831e-02,-9.505000000000e-02,5.100000000000e-04,6.039613253961e-14,3.941931445233e-04
7.603837869040e+00,-7.491432189678e-02,-9.548000000000e-02,3.300000000000e-04,2.753353450813e-14,3.835755656785e-04
7.476299792093e+00,-7.397097390525e-02,-9.533000000000e-02,-3.900000000000e-04,1.403321903126e-13,3.711735376530e-04
7.348761715146e+00,-7.302762591372e-02,-9.434000000000e-02,-6.700000000000e-04,8.882868333007e-16,3.572609207670e-04
7.221223638199e+00,-7.208427792219e-02,-9.296000000000e-02,-5.900000000000e-04,2.664535259100e-14,3.420840965586e-04
7.093685561253e+00,-7.114092993066e-02,-9.124000000000e-02,-2.500000000000e-04,1.669775452104e-13,3.258645673400e-04
6.966147484307e+00,-7.019758193914e-02,-8.911000000000e-02,1.000000000000e-05,2.309264308221e-14,3.088021497199e-04
6.838609407361e+00,-6.925423394761e-02,-8.647000000000e-02,1.500000000000e-04,6.483702612332e-14,2.910779961970e-04
6.711071330414e+00,-6.831088595609e-02,-8.309000000000e-02,1.200000000000e-04,2.398082134747e-14,2.728573063436e-04
6.583533253468e+00,-6.736753796456e-02,-7.935000000000e-02,6.000000000000e-05,9.770120317563e-15,2.542917606577e-04
6.455995176521e+00,-6.642418997303e-02,-7.537000000000e-02,7.000000000000e-05,4.263256640436e-14,2.355216814800e-04
6.328457099575e+00,-6.548084198151e-02,-7.138000000000e-02,-9.000000000000e-05,8.881827564982e-15,2.166778976087e-04
6.200919022628e+00,-6.453749398998e-02,-6.767000000000e-02,-3.700000000000e-04,1.776356839400e-14,1.978833030968e-04
6.073380945682e+00,-6.359414599846e-02,-6.413000000000e-02,-5.000000000000e-04,2.664535259100e-14,1.792541248795e-04
5.945842868736e+00,-6.265079800693e-02,-6.045000000000e-02,-3.800000000000e-04,1.776359007803e-14,1.609009297727e-04
5.818304791790e+00,-6.170745001541e-02,-5.658000000000e-02,-6.600000000000e-04,2.930988867147e-14,1.429294105313e-04
5.690766714843e+00,-6.076410202388e-02,-5.324000000000e-02,-6.900000000000e-04,3.019806945863e-14,1.254410001743e-04
5.563228637897e+00,-5.982075403236e-02,-4.958000000000e-02,-6.500000000000e-04,3.375077994860e-14,1.085334660521e-04
5.435690560951e+00,-5.887740604083e-02,-4.616000000000e-02,-5.900000000000e-04,2.220446157671e-14,9.230234870461e-05
5.308152484005e+00,-5.793405804931e-02,-4.238000000000e-02,-6.700000000000e-04,1.509904748463e-14,7.684556175795e-05
6.250000200012e-02,-5.758366326015e-02,6.300000000000e-04,-1.259670000000e+00,3.951420012191e-01,3.429808856223e-03
1.875000060004e-01,-5.758366326015e-02,1.850000000000e-03,-1.198910000000e+00,2.793066345924e-01,4.468934258082e-03
3.125000100004e-01,-5.758366326015e-02,2.510000000000e-03,-1.091890000000e+00,1.764573408147e-01,6.306654861675e-03
4.375000140001e-01,-5.758366326015e-02,3.480000000000e-03,-9.132200000000e-01,1.245479511170e-01,7.723935886280e-03
5.625000179998e-01,-5.758366326015e-02,-1.688000000000e-02,2.040000000000e-03,1.371555361713e-14,1.767536754716e-03
8.125000259995e-01,-5.758366326015e-02,-1.356000000000e-02,1.500000000000e-04,2.198241698273e-14,3.487967169608e-04
9.375000299999e-01,-5.758366326015e-02,-1.128000000000e-02,2.600000000000e-04,4.559922625158e-14,2.492884329215e-04
6.875000219995e-01,-5.758366326015e-02,-1.510000000000e-02,-6.000000000000e-05,4.019007349143e-14,6.126444687982e-04
1.064405264657e+00,-5.749727006079e-02,-9.170000000000e-03,5.600000000000e-04,1.287164819175e-14,1.738658446940e-04
1.193215729971e+00,-5.732448366207e-02,-7.130000000000e-03,3.000000000000e-04,9.769972473080e-15,1.219049115941e-04
1.322026195285e+00,-5.715169726334e-02,-5.550000000000e-03,6.700000000000e-04,1.998702588905e-15,8.551282645293e-05
5.180614407059e+00,-5.699071005778e-02,-3.820000000000e-02,-8.400000000000e-04,5.773159894851e-14,6.227060155252e-05
1.450836660599e+00,-5.697891086462e-02,-4.280000000000e-03,3.300000000000e-04,7.993632882310e-15,5.898920093277e-05
1.579647125913e+00,-5.680612446590e-02,-3.530000000000e-03,-9.000000000000e-05,3.996802888651e-15,4.028445375589e-05
1.708457591227e+00,-5.663333806718e-02,-3.050000000000e-03,-3.600000000000e-04,2.886579864025e-15,2.793773299658e-05
1.837268056541e+00,-5.646055166845e-02,-2.500000000000e-03,-5.300000000000e-04,3.308464613383e-14,2.275408765575e-05
1.966078521855e+00,-5.628776526973e-02,-3.180000000000e-03,-8.100000000000e-04,1.820770520291e-14,2.468171856864e-05
2.094888987168e+00,-5.611497887101e-02,-4.620000000000e-03,-4.300000000000e-04,4.440892098501e-16,2.917147914246e-05
5.053076330112e+00,-5.604736206625e-02,-3.452000000000e-02,-8.400000000000e-04,4.352074477796e-14,4.872131592462e-05
2.223699452482e+00,-5.594219247229e-02,-5.820000000000e-03,-2.600000000000e-04,7.993632882310e-15,3.324885995954e-05
2.352509917796e+00,-5.576940607357e-02,-6.550000000000e-03,-2.300000000000e-04,8.884223316973e-16,3.600559298576e-05
2.481320383110e+00,-5.559661967484e-02,-7.090000000000e-03,-1.100000000000e-04,3.907985108283e-14,3.711910414666e-05
2.610130848424e+00,-5.542383327612e-02,-7.480000000000e-03,-7.000000000000e-05,3.019808619999e-14,3.671938358951e-05
2.738941313738e+00,-5.525104687740e-02,-7.530000000000e-03,-2.000000000000e-05,3.996808911991e-15,3.505886543957e-05
4.925538253166e+00,-5.510401407473e-02,-3.159000000000e-02,-6.300000000000e-04,4.440913782491e-15,3.603553557460e-05
2.867751779053e+00,-5.507826047868e-02,-7.820000000000e-03,-2.000000000000e-04,1.387778780781e-17,3.250505569978e-05
2.996562244367e+00,-5.490547407995e-02,-8.440000000000e-03,2.000000000000e-05,2.264855076530e-14,2.965649120836e-05
3.125372709682e+00,-5.473268768123e-02,-9.550000000000e-03,2.000000000000e-04,3.552774664649e-15,2.700335688033e-05
3.254183174997e+00,-5.455990128251e-02,-1.095000000000e-02,2.700000000000e-04,5.595524044111e-14,2.490286451939e-05
3.382993640311e+00,-5.438711488378e-02,-1.235000000000e-02,-3.000000000000e-05,3.685942074590e-14,2.344034313911e-05
3.511804105626e+00,-5.421432848506e-02,-1.485000000000e-02,-4.000000000000e-05,4.263256922780e-14,2.236939554242e-05
4.798000176219e+00,-5.416066608320e-02,-2.915000000000e-02,-5.800000000000e-04,3.108624468950e-14,2.389681379341e-05
3.640614570940e+00,-5.404154208634e-02,-1.626000000000e-02,5.100000000000e-04,1.287858895497e-14,2.134782247884e-05
3.769425036255e+00,-5.386875568761e-02,-1.645000000000e-02,8.100000000000e-04,4.041212047922e-14,2.004853999086e-05
3.898235501570e+00,-5.369596928889e-02,-1.610000000000e-02,-7.000000000000e-05,4.307665838526e-14,1.818571960079e-05
4.027045966884e+00,-5.352318289017e-02,-1.809000000000e-02,-2.200000000000e-04,1.598721757795e-14,1.559422666650e-05
4.155856432199e+00,-5.335039649144e-02,-1.996000000000e-02,-1.700000000000e-04,2.081668171172e-17,1.238047588461e-05
4.670462099273e+00,-5.321731809168e-02,-2.622000000000e-02,-4.300000000000e-04,8.347489366400e-15,1.323037341604e-05
4.284666897513e+00,-5.317761009272e-02,-2.103000000000e-02,-2.300000000000e-04,2.664535620501e-14,8.098053129537e-06
4.413477362828e+00,-5.300482369400e-02,-2.212000000000e-02,-2.300000000000e-04,3.286260812203e-14,4.130175111602e-06
4.542287828143e+00,-5.283203729527e-02,-2.378000000000e-02,-3.700000000000e-04,4.343943608718e-14,5.505963490784e-06
9.762723926480e+00,6.250000199990e-02,4.120000000000e-03,8.690000000000e-03,1.954585831898e-13,1.325835216551e-04
9.862793636282e+00,6.250000199992e-02,8.980000000000e-03,2.429000000000e-02,1.000697098021e-01,2.290220684978e-05
9.962863346083e+00,6.250000199994e-02,6.330000000000e-03,2.646000000000e-02,2.001394196033e-01,9.460866678704e-05
1.006293305589e+01,6.250000199996e-02,3.700000000000e-03,2.468000000000e-02,3.002091294045e-01,1.364787072191e-04
1.016300276569e+01,6.250000199999e-02,1.930000000000e-03,2.254000000000e-02,4.002788392066e-01,1.561900160542e-04
1.026307247549e+01,6.250000200001e-02,1.070000000000e-03,1.778000000000e-02,4.002788392096e-01,1.572159146427e-04
1.036314218529e+01,6.250000200003e-02,8.100000000000e-04,1.240000000000e-02,3.002091294074e-01,1.458898747132e-04
1.046321189509e+01,6.250000200006e-02,8.000000000000e-04,8.390000000000e-03,2.001394196049e-01,1.193429107559e-04
1.056328160490e+01,6.250000200008e-02,6.200000000000e-04,5.490000000000e-03,1.000697098025e-01,5.671529799031e-05
1.066335131470e+01,6.250000200010e-02,5.000000000000e-04,-5.800000000000e-04,3.077849620158e-14,5.049984699947e-05
4.375000140001e-01,6.696428785689e-02,8.900000000000e-04,-9.159300000000e-01,1.826536734521e-14,4.606637495338e-03
3.125000100004e-01,6.696428785691e-02,1.400000000000e-03,-1.093730000000e+00,1.250000039997e-01,6.420354630751e-03
1.875000060004e-01,6.696428785694e-02,1.420000000000e-03,-1.200600000000e+00,2.500000079998e-01,4.392868024565e-03
6.250000200012e-02,6.696428785696e-02,4.600000000000e-04,-1.261160000000e+00,3.750000120000e-01,3.424593579405e-03
9.762766649881e+00,1.875000059997e-01,-3.000000000000e-05,-9.600000000000e-04,3.900423799628e-15,1.245640150402e-04
9.862831862483e+00,1.875000059998e-01,4.160000000000e-03,2.172000000000e-02,1.000652126017e-01,6.674632536753e-05
9.962897075084e+00,1.875000059998e-01,5.730000000000e-03,2.674000000000e-02,2.001304252032e-01,8.931293746723e-05
1.006296228769e+01,1.875000059999e-01,5.850000000000e-03,2.564000000000e-02,3.001956378046e-01,1.349990555283e-04
1.016302750029e+01,1.875000060000e-01,5.180000000000e-03,2.358000000000e-02,4.002608504064e-01,1.553015849113e-04
1.026309271289e+01,1.875000060000e-01,4.220000000000e-03,1.930000000000e-02,4.002608504090e-01,1.576980711962e-04
1.036315792549e+01,1.875000060001e-01,2.820000000000e-03,1.418000000000e-02,3.001956378067e-01,1.495397562014e-04
1.046322313809e+01,1.875000060001e-01,1.420000000000e-03,9.500000000000e-03,2.001304252044e-01,1.271648221414e-04
1.056328835070e+01,1.875000060002e-01,7.600000000000e-04,5.960000000000e-03,1.000652126021e-01,7.618521027335e-05
1.066335356330e+01,1.875000060003e-01,3.900000000000e-04,1.000000000000e-05,2.551377599696e-14,4.646414091770e-05
4.375000140001e-01,2.008928635707e-01,-2.900000000000e-04,-9.149900000000e-01,1.865207723429e-14,4.648357810940e-03
3.125000100004e-01,2.008928635708e-01,4.300000000000e-04,-1.094450000000e+00,1.250000039997e-01,6.469628663489e-03
1.875000060004e-01,2.008928635708e-01,9.700000000000e-04,-1.201580000000e+00,2.500000079997e-01,4.392690017936e-03
6.250000200011e-02,2.008928635709e-01,2.700000000000e-04,-1.262150000000e+00,3.750000120000e-01,3.429149697007e-03
9.762809373282e+00,3.125000099995e-01,1.100000000000e-04,-2.610000000000e-03,3.484402727788e-15,1.126794381809e-04
9.862870088684e+00,3.125000099996e-01,2.380000000000e-03,1.818000000000e-02,1.000607154015e-01,1.077681885888e-04
9.962930804085e+00,3.125000099997e-01,3.750000000000e-03,2.425000000000e-02,2.001214308029e-01,7.307640349896e-05
1.006299151949e+01,3.125000099998e-01,4.500000000000e-03,2.517000000000e-02,3.001821462043e-01,1.201644992917e-04
1.016305223489e+01,3.125000099999e-01,4.480000000000e-03,2.393000000000e-02,4.002428616059e-01,1.447844350603e-04
1.026311295029e+01,3.125000100000e-01,4.140000000000e-03,1.996000000000e-02,4.002428616084e-01,1.512058073574e-04
1.036317366569e+01,3.125000100001e-01,3.630000000000e-03,1.640000000000e-02,3.001821462062e-01,1.469067655604e-04
1.046323438110e+01,3.125000100002e-01,2.090000000000e-03,1.175000000000e-02,2.001214308040e-01,1.295599208584e-04
1.056329509650e+01,3.125000100003e-01,7.200000000000e-04,6.690000000000e-03,1.000607154019e-01,8.739302617526e-05
1.066335581190e+01,3.125000100004e-01,3.800000000000e-04,1.340000000000e-03,3.767845714078e-14,4.099842342323e-05
4.375000140001e-01,3.348214392845e-01,-6.400000000000e-04,-9.145300000000e-01,9.325873406851e-14,4.650707046712e-03
3.125000100004e-01,3.348214392846e-01,-4.000000000000e-05,-1.094600000000e+00,1.250000039997e-01,6.508641314391e-03
1.875000060004e-01,3.348214392847e-01,6.900000000000e-04,-1.202010000000e+00,2.500000079998e-01,4.392304764832e-03
6.250000200011e-02,3.348214392848e-01,1.500000000000e-04,-1.262630000000e+00,3.750000120000e-01,3.429877516557e-03
9.762852096684e+00,4.375000139992e-01,-1.400000000000e-04,-2.910000000000e-03,1.162730059473e-14,1.000393123861e-04
9.862908314885e+00,4.375000139993e-01,1.440000000000e-03,1.515000000000e-02,1.000562182014e-01,1.203592848527e-04
9.962964533086e+00,4.375000139995e-01,3.050000000000e-03,2.316000000000e-02,2.001124364027e-01,6.042048939892e-05
1.006302075129e+01,4.375000139997e-01,3.270000000000e-03,2.440000000000e-02,3.001686546040e-01,1.038427987358e-04
1.016307696949e+01,4.375000139998e-01,3.690000000000e-03,2.478000000000e-02,4.002248728055e-01,1.316972909953e-04
1.026313318769e+01,4.375000140000e-01,2.500000000000e-03,2.099000000000e-02,4.002248728077e-01,1.420272337941e-04
1.036318940589e+01,4.375000140002e-01,1.570000000000e-03,1.807000000000e-02,3.001686546056e-01,1.414303732908e-04
1.046324562410e+01,4.375000140003e-01,9.300000000000e-04,1.351000000000e-02,2.001124364036e-01,1.285095835823e-04
1.056330184230e+01,4.375000140005e-01,-2.300000000000e-04,8.200000000000e-03,1.000562182017e-01,9.347243160049e-05
1.066335806050e+01,4.375000140007e-01,-1.800000000000e-04,1.040000000000e-03,2.127953208011e-14,3.470760645129e-05
4.375000140001e-01,4.687500149982e-01,-9.100000000000e-04,-9.144100000000e-01,1.865182941940e-14,4.653650168019e-03
3.125000100004e-01,4.687500149984e-01,-2.300000000000e-04,-1.094690000000e+00,1.250000039997e-01,6.524995015521e-03
1.875000060004e-01,4.687500149986e-01,5.300000000000e-04,-1.202240000000e+00,2.500000079998e-01,4.396349162715e-03
6.250000200011e-02,4.687500149987e-01,7.000000000000e-05,-1.262820000000e+00,3.750000120000e-01,3.431223853624e-03
9.762894820085e+00,5.625000179988e-01,6.000000000000e-05,-2.840000000000e-03,8.545111909128e-15,8.927741793017e-05
9.862946541086e+00,5.625000179991e-01,1.540000000000e-03,1.269000000000e-02,1.000517210012e-01,1.246203411782e-04
9.962998262087e+00,5.625000179993e-01,2.850000000000e-03,2.262000000000e-02,2.001034420025e-01,5.288310840940e-05
1.006304998309e+01,5.625000179995e-01,2.610000000000e-03,2.416000000000e-02,3.001551630037e-01,9.007520913638e-05
1.016310170409e+01,5.625000179998e-01,2.280000000000e-03,2.500000000000e-02,4.002068840051e-01,1.197589521537e-04
1.026315342509e+01,5.625000180000e-01,1.240000000000e-03,2.168000000000e-02,4.002068840071e-01,1.326673976288e-04
1.036320514609e+01,5.625000180003e-01,7.100000000000e-04,1.858000000000e-02,3.001551630051e-01,1.340446976236e-04
1.046325686710e+01,5.625000180005e-01,4.400000000000e-04,1.490000000000e-02,2.001034420033e-01,1.247119040274e-04
1.056330858810e+01,5.625000180007e-01,-2.500000000000e-04,9.770000000000e-03,1.000517210015e-01,9.601693300353e-05
1.066336030910e+01,5.625000180010e-01,6.000000000000e-05,5.900000000000e-04,6.106226635438e-15,2.812396830706e-05
4.375000140001e-01,6.026785907120e-01,-1.000000000000e-03,-9.142900000000e-01,2.464701365916e-14,4.654669591796e-03
3.125000100004e-01,6.026785907122e-01,-1.900000000000e-04,-1.094810000000e+00,1.250000039997e-01,6.531039340615e-03
1.875000060004e-01,6.026785907124e-01,4.500000000000e-04,-1.202380000000e+00,2.500000079998e-01,4.398927503737e-03
6.250000200011e-02,6.026785907126e-01,4.000000000000e-05,-1.262860000000e+00,3.750000120000e-01,3.431967766395e-03
9.762937543486e+00,6.875000219985e-01,4.900000000000e-04,-2.870000000000e-03,7.944109290391e-15,7.971588807986e-05
9.862984767287e+00,6.875000219988e-01,1.260000000000e-03,1.246000000000e-02,1.000472238011e-01,1.280189638207e-04
9.963031991088e+00,6.875000219991e-01,1.820000000000e-03,2.164000000000e-02,2.000944476022e-01,4.932593607822e-05
1.006307921489e+01,6.875000219994e-01,2.110000000000e-03,2.440000000000e-02,3.001416714034e-01,7.747095498476e-05
1.016312643869e+01,6.875000219997e-01,2.220000000000e-03,2.466000000000e-02,4.001888952047e-01,1.083808928897e-04
1.026317366249e+01,6.875000220000e-01,1.690000000000e-03,2.168000000000e-02,4.001888952065e-01,1.231419031293e-04
1.036322088630e+01,6.875000220003e-01,9.200000000000e-04,1.851000000000e-02,3.001416714046e-01,1.259314644696e-04
1.046326811010e+01,6.875000220006e-01,9.500000000000e-04,1.568000000000e-02,2.000944476029e-01,1.187278640002e-04
1.056331533390e+01,6.875000220009e-01,5.400000000000e-04,1.110000000000e-02,1.000472238013e-01,9.560534891561e-05
1.066336255770e+01,6.875000220012e-01,6.300000000000e-04,5.600000000000e-04,2.231548279497e-14,2.166090161561e-05
4.375000140001e-01,7.366071664258e-01,-8.900000000000e-04,-9.142400000000e-01,4.984904471387e-14,4.655047866898e-03
3.125000100004e-01,7.366071664260e-01,-1.000000000000e-04,-1.094890000000e+00,1.250000039998e-01,6.533127777655e-03
1.875000060004e-01,7.366071664263e-01,4.100000000000e-04,-1.202450000000e+00,2.500000079998e-01,4.399861265737e-03
6.250000200010e-02,7.366071664265e-01,1.000000000000e-05,-1.262860000000e+00,3.750000120000e-01,3.431888880999e-03
9.762980266887e+00,8.125000259982e-01,-1.700000000000e-04,-2.500000000000e-03,9.602626945235e-15,7.092586951701e-05
9.863022993488e+00,8.125000259986e-01,4.000000000000e-04,1.298000000000e-02,1.000427266010e-01,1.300052789980e-04
9.963065720089e+00,8.125000259990e-01,6.800000000000e-04,2.084000000000e-02,2.000854532020e-01,4.859029246286e-05
1.006310844669e+01,8.125000259993e-01,6.400000000000e-04,2.388000000000e-02,3.001281798030e-01,6.512146796600e-05
1.016315117329e+01,8.125000259997e-01,1.130000000000e-03,2.331000000000e-02,4.001709064042e-01,9.693772449265e-05
1.026319389989e+01,8.125000260001e-01,1.400000000000e-03,2.132000000000e-02,4.001709064058e-01,1.132803492126e-04
1.036323662650e+01,8.125000260004e-01,8.700000000000e-04,1.877000000000e-02,3.001281798041e-01,1.175656135502e-04
1.046327935310e+01,8.125000260008e-01,4.800000000000e-04,1.698000000000e-02,2.000854532025e-01,1.118098312228e-04
1.056332207970e+01,8.125000260012e-01,2.900000000000e-04,1.237000000000e-02,1.000427266011e-01,9.373805261805e-05
1.066336480630e+01,8.125000260015e-01,4.400000000000e-04,8.600000000000e-04,7.771561172376e-15,1.575047928738e-05
4.375000140001e-01,8.705357421396e-01,-7.000000000000e-04,-9.144100000000e-01,1.887387305250e-14,4.655243378422e-03
3.125000100004e-01,8.705357421398e-01,-1.000000000000e-05,-1.095010000000e+00,1.250000039998e-01,6.533677888873e-03
1.875000060003e-01,8.705357421401e-01,4.200000000000e-04,-1.202490000000e+00,2.500000079998e-01,4.399852467055e-03
6.250000200010e-02,8.705357421404e-01,-1.000000000000e-05,-1.262830000000e+00,3.750000120000e-01,3.431322841391e-03
9.763022990289e+00,9.375000299980e-01,-5.700000000000e-04,-1.840000000000e-03,1.851511185829e-14,6.303987781416e-05
9.863061219690e+00,9.375000299984e-01,-4.000000000000e-05,1.295000000000e-02,1.000382294008e-01,1.299118152364e-04
9.963099449090e+00,9.375000299988e-01,1.200000000000e-04,2.056000000000e-02,2.000764588018e-01,4.973633100227e-05
1.006313767849e+01,9.375000299993e-01,-1.500000000000e-04,2.337000000000e-02,3.001146882027e-01,5.327995518723e-05
1.016317590789e+01,9.375000299997e-01,1.000000000000e-05,2.185000000000e-02,4.001529176038e-01,8.564529151157e-05
1.026321413729e+01,9.375000300001e-01,-2.800000000000e-04,2.102000000000e-02,4.001529176052e-01,1.033941410000e-04
1.036325236670e+01,9.375000300006e-01,-1.280000000000e-03,1.912000000000e-02,3.001146882035e-01,1.090095134104e-04
1.046329059610e+01,9.375000300010e-01,-1.310000000000e-03,1.724000000000e-02,2.000764588021e-01,1.040960386440e-04
1.056332882550e+01,9.375000300014e-01,-1.400000000000e-04,1.219000000000e-02,1.000382294008e-01,9.054204311092e-05
1.066336705490e+01,9.375000300019e-01,4.100000000000e-04,1.400000000000e-03,4.311326371231e-15,1.092382761184e-05
4.375000140001e-01,1.004464317853e+00,-5.300000000000e-04,-9.148200000000e-01,7.371880883511e-14,4.655372245735e-03
3.125000100004e-01,1.004464317854e+00,4.000000000000e-05,-1.095140000000e+00,1.250000039998e-01,6.533659283102e-03
1.875000060003e-01,1.004464317854e+00,4.300000000000e-04,-1.202480000000e+00,2.500000079998e-01,4.399420890011e-03
6.250000200010e-02,1.004464317854e+00,-2.000000000000e-05,-1.262800000000e+00,3.750000120000e-01,3.430469719819e-03
9.763065713690e+00,1.062500033998e+00,-6.500000000000e-04,-2.800000000000e-04,1.542371118540e-14,5.621169113406e-05
9.863099445891e+00,1.062500033999e+00,-8.500000000000e-04,1.277000000000e-02,1.000337322007e-01,1.281465480187e-04
9.963133178091e+00,1.062500033999e+00,-9.300000000000e-04,2.006000000000e-02,2.000674644015e-01,5.201192678691e-05
1.006316691029e+01,1.062500033999e+00,-8.500000000000e-04,2.272000000000e-02,3.001011966024e-01,4.237896104230e-05
1.016320064249e+01,1.062500034000e+00,-1.260000000000e-03,2.177000000000e-02,4.001349288034e-01,7.480686672792e-05
1.026323437469e+01,1.062500034000e+00,-2.110000000000e-03,2.087000000000e-02,4.001349288046e-01,9.380061305829e-05
1.036326810690e+01,1.062500034001e+00,-2.330000000000e-03,1.841000000000e-02,3.001011966030e-01,1.006852633544e-04
1.046330183910e+01,1.062500034001e+00,-1.940000000000e-03,1.573000000000e-02,2.000674644017e-01,9.683984708133e-05
1.056333557130e+01,1.062500034002e+00,-1.170000000000e-03,1.130000000000e-02,1.000337322006e-01,8.612841943418e-05
1.066336930350e+01,1.062500034002e+00,-1.900000000000e-04,2.160000000000e-03,6.404745667979e-15,8.721130428068e-06
4.375000140001e-01,1.138392893567e+00,-4.200000000000e-04,-9.152700000000e-01,1.023625779223e-13,4.655473549371e-03
3.125000100004e-01,1.138392893568e+00,4.000000000000e-05,-1.095140000000e+00,1.250000039998e-01,6.533438276185e-03
1.875000060003e-01,1.138392893568e+00,4.200000000000e-04,-1.202440000000e+00,2.500000079998e-01,4.398766893435e-03
6.250000200010e-02,1.138392893568e+00,-6.000000000000e-05,-1.262750000000e+00,3.750000120000e-01,3.429443739837e-03
9.763108437091e+00,1.187500037998e+00,-7.300000000000e-04,1.460000000000e-03,1.776356839400e-15,5.043590354810e-05
9.863137672092e+00,1.187500037999e+00,-9.800000000000e-04,1.308000000000e-02,1.000292350005e-01,1.253193257117e-04
9.963166907093e+00,1.187500037999e+00,-1.180000000000e-03,1.954000000000e-02,2.000584700013e-01,5.483845829409e-05
1.006319614209e+01,1.187500037999e+00,-1.120000000000e-03,2.197000000000e-02,3.000877050021e-01,3.276955051974e-05
1.016322537709e+01,1.187500038000e+00,-1.520000000000e-03,2.216000000000e-02,4.001169400030e-01,6.451968923688e-05
1.026325461210e+01,1.187500038000e+00,-2.100000000000e-03,2.055000000000e-02,4.001169400039e-01,8.459925834509e-05
1.036328384710e+01,1.187500038001e+00,-2.040000000000e-03,1.810000000000e-02,3.000877050025e-01,9.267734825325e-05
1.046331308210e+01,1.187500038001e+00,-2.170000000000e-03,1.520000000000e-02,2.000584700014e-01,9.025955131972e-05
1.056334231710e+01,1.187500038001e+00,-1.680000000000e-03,1.060000000000e-02,1.000292350004e-01,8.185649560072e-05
1.066337155210e+01,1.187500038002e+00,-4.100000000000e-04,1.770000000000e-03,2.825555768146e-14,9.845327475233e-06
4.375000140001e-01,1.272321469281e+00,-5.600000000000e-04,-9.156500000000e-01,2.908789621379e-14,4.655569063593e-03
3.125000100004e-01,1.272321469281e+00,4.000000000000e-05,-1.095070000000e+00,1.250000039998e-01,6.533133723353e-03
1.875000060003e-01,1.272321469282e+00,3.800000000000e-04,-1.202390000000e+00,2.500000079998e-01,4.398004121929e-03
6.250000200010e-02,1.272321469282e+00,-1.200000000000e-04,-1.262700000000e+00,3.750000120000e-01,3.428310427637e-03
9.763151160493e+00,1.312500041999e+00,-4.900000000000e-04,2.750000000000e-03,1.897149936107e-15,4.562150804143e-05
9.863175898293e+00,1.312500041999e+00,-5.800000000000e-04,1.373000000000e-02,1.000247378004e-01,1.218775487757e-04
9.963200636094e+00,1.312500041999e+00,-6.300000000000e-04,1.914000000000e-02,2.000494756011e-01,5.778354945574e-05
1.006322537389e+01,1.312500042000e+00,-1.200000000000e-04,2.151000000000e-02,3.000742134018e-01,2.495409862437e-05
1.016325011169e+01,1.312500042000e+00,-2.500000000000e-04,2.221000000000e-02,4.000989512025e-01,5.479349725626e-05
1.026327484950e+01,1.312500042000e+00,-6.900000000000e-04,2.041000000000e-02,4.000989512033e-01,7.583624417379e-05
1.036329958730e+01,1.312500042000e+00,-1.110000000000e-03,1.790000000000e-02,3.000742134020e-01,8.502030602975e-05
1.046332432510e+01,1.312500042001e+00,-1.360000000000e-03,1.472000000000e-02,2.000494756010e-01,8.408689652213e-05
1.056334906290e+01,1.312500042001e+00,-1.190000000000e-03,1.020000000000e-02,1.000247378002e-01,7.845489199548e-05
1.066337380070e+01,1.312500042002e+00,-3.200000000000e-04,1.430000000000e-03,1.586492775187e-14,1.261938353674e-05
4.375000140001e-01,1.406250044995e+00,-4.900000000000e-04,-9.157500000000e-01,4.577566798522e-16,4.655667841988e-03
3.125000100003e-01,1.406250044995e+00,4.000000000000e-05,-1.095070000000e+00,1.250000039998e-01,6.532791879501e-03
1.875000060003e-01,1.406250044996e+00,3.300000000000e-04,-1.202320000000e+00,2.500000079998e-01,4.397172790580e-03
6.250000200009e-02,1.406250044996e+00,-1.800000000000e-04,-1.262650000000e+00,3.750000120000e-01,3.427092847975e-03
9.763193883894e+00,1.437500045999e+00,-1.600000000000e-04,3.370000000000e-03,2.197232063291e-14,4.165484461979e-05
9.863214124494e+00,1.437500045999e+00,2.700000000000e-04,1.432000000000e-02,1.000202406002e-01,1.181625732089e-04
9.963234365095e+00,1.437500045999e+00,9.800000000000e-04,1.881000000000e-02,2.000404812008e-01,6.058432904905e-05
1.006325460570e+01,1.437500046000e+00,1.330000000000e-03,2.082000000000e-02,3.000607218014e-01,1.983429186885e-05
1.016327484630e+01,1.437500046000e+00,1.630000000000e-03,2.141000000000e-02,4.000809624021e-01,4.563367122899e-05
1.026329508690e+01,1.437500046000e+00,1.430000000000e-03,2.061000000000e-02,4.000809624027e-01,6.754858172673e-05
1.036331532750e+01,1.437500046001e+00,6.600000000000e-04,1.837000000000e-02,3.000607218014e-01,7.774024038510e-05
1.046333556810e+01,1.437500046001e+00,-7.000000000000e-05,1.478000000000e-02,2.000404812006e-01,7.833502609641e-05
1.056335580870e+01,1.437500046001e+00,-3.500000000000e-04,1.011000000000e-02,1.000202406000e-01,7.613835473183e-05
1.066337604930e+01,1.437500046001e+00,-3.000000000000e-05,1.420000000000e-03,1.110223024625e-14,1.564140916719e-05
4.375000140001e-01,1.540178620709e+00,-4.100000000000e-04,-9.159100000000e-01,1.332279194323e-14,4.655772010643e-03
3.125000100003e-01,1.540178620709e+00,1.000000000000e-05,-1.095110000000e+00,1.250000039998e-01,6.532425081942e-03
1.875000060003e-01,1.540178620710e+00,2.600000000000e-04,-1.202240000000e+00,2.500000079998e-01,4.396285531762e-03
6.250000200009e-02,1.540178620710e+00,-2.300000000000e-04,-1.262620000000e+00,3.750000120000e-01,3.425797886245e-03
9.763236607295e+00,1.562500049999e+00,-2.100000000000e-04,3.960000000000e-03,1.785216529470e-14,3.842281954140e-05
9.863252350695e+00,1.562500050000e+00,7.500000000000e-04,1.397000000000e-02,1.000157434001e-01,1.145074597758e-04
9.963268094096e+00,1.562500050000e+00,1.670000000000e-03,1.848000000000e-02,2.000314868006e-01,6.312038909366e-05
1.006328383750e+01,1.562500050000e+00,1.620000000000e-03,2.077000000000e-02,3.000472302011e-01,1.836489606316e-05
1.016329958090e+01,1.562500050000e+00,1.510000000000e-03,2.074000000000e-02,4.000629736017e-01,3.707635968313e-05
1.026331532430e+01,1.562500050000e+00,1.520000000000e-03,2.085000000000e-02,4.000629736021e-01,5.978860904527e-05
1.036333106770e+01,1.562500050000e+00,1.370000000000e-03,1.930000000000e-02,3.000472302009e-01,7.087717467955e-05
1.046334681110e+01,1.562500050000e+00,5.400000000000e-04,1.556000000000e-02,2.000314868002e-01,7.299712207041e-05
1.056336255450e+01,1.562500050001e+00,-2.000000000000e-05,1.033000000000e-02,1.000157433998e-01,7.428893928144e-05
1.066337829790e+01,1.562500050001e+00,1.000000000000e-04,1.550000000000e-03,1.820765760385e-14,1.859423962862e-05
4.375000140001e-01,1.674107196423e+00,-4.400000000000e-04,-9.166900000000e-01,2.220446049250e-16,4.655882146514e-03
3.125000100003e-01,1.674107196424e+00,4.000000000000e-05,-1.095090000000e+00,1.250000039998e-01,6.532035759885e-03
1.875000060003e-01,1.674107196424e+00,1.800000000000e-04,-1.202140000000e+00,2.500000079998e-01,4.395344468442e-03
6.250000200009e-02,1.674107196425e+00,-2.400000000000e-04,-1.262600000000e+00,3.750000120000e-01,3.424425201146e-03
9.763279330696e+00,1.687500053999e+00,-8.000000000000e-05,4.410000000000e-03,2.205407109527e-14,3.584444031584e-05
9.863290576896e+00,1.687500054000e+00,9.400000000000e-04,1.329000000000e-02,1.000112461999e-01,1.112737787756e-04
9.963301823097e+00,1.687500054000e+00,1.560000000000e-03,1.888000000000e-02,2.000224924004e-01,6.536324220676e-05
1.006331306930e+01,1.687500054000e+00,1.810000000000e-03,2.092000000000e-02,3.000337386008e-01,2.014144379556e-05
1.016332431550e+01,1.687500054000e+00,1.660000000000e-03,2.136000000000e-02,4.000449848012e-01,2.929954959553e-05
1.026333556170e+01,1.687500054000e+00,1.480000000000e-03,2.110000000000e-02,4.000449848014e-01,5.265591305891e-05
1.036334680790e+01,1.687500054000e+00,1.340000000000e-03,2.008000000000e-02,3.000337386004e-01,6.448142615406e-05
1.046335805410e+01,1.687500054000e+00,4.200000000000e-04,1.650000000000e-02,2.000224923998e-01,6.813666343403e-05
1.056336930030e+01,1.687500054000e+00,-1.100000000000e-04,1.036000000000e-02,1.000112461995e-01,7.307381210899e-05
1.066338054650e+01,1.687500054001e+00,2.000000000000e-05,1.640000000000e-03,2.264854970235e-14,2.123501705151e-05
4.375000140001e-01,1.808035772138e+00,-4.800000000000e-04,-9.171500000000e-01,1.709752469449e-14,4.655998634996e-03
3.125000100003e-01,1.808035772138e+00,1.200000000000e-04,-1.095100000000e+00,1.250000039998e-01,6.531623686824e-03
1.875000060003e-01,1.808035772139e+00,9.000000000000e-05,-1.202030000000e+00,2.500000079998e-01,4.394348080252e-03
6.250000200009e-02,1.808035772139e+00,-2.300000000000e-04,-1.262580000000e+00,3.750000120000e-01,3.422971562011e-03
9.763322054098e+00,1.812500058000e+00,-8.000000000000e-05,4.370000000000e-03,7.662598137294e-14,3.343215943970e-05
9.863328803098e+00,1.812500058000e+00,4.900000000000e-04,1.307000000000e-02,1.000067489998e-01,1.074911427275e-04
9.963335552098e+00,1.812500058000e+00,1.270000000000e-03,1.857000000000e-02,2.000134980002e-01,6.736703825513e-05
1.006334230110e+01,1.812500058000e+00,1.790000000000e-03,2.067000000000e-02,3.000202470005e-01,2.457899172802e-05
1.016334905010e+01,1.812500058000e+00,1.770000000000e-03,2.216000000000e-02,4.000269960008e-01,2.278181984078e-05
1.026335579910e+01,1.812500058000e+00,1.570000000000e-03,2.188000000000e-02,4.000269960008e-01,4.598983532304e-05
1.036336254810e+01,1.812500058000e+00,1.220000000000e-03,2.085000000000e-02,3.000202469999e-01,5.814833996140e-05
1.046336929710e+01,1.812500058000e+00,8.800000000000e-04,1.687000000000e-02,2.000134979995e-01,6.310831115013e-05
1.056337604610e+01,1.812500058000e+00,4.400000000000e-04,1.008000000000e-02,1.000067489993e-01,7.156720260640e-05
1.066338279510e+01,1.812500058000e+00,2.200000000000e-04,1.860000000000e-03,3.996802888651e-15,2.349987346205e-05
9.763364777499e+00,1.937500062000e+00,1.000000000000e-05,4.100000000000e-03,1.474979653366e-13,3.040481745926e-05
9.863367029299e+00,1.937500062000e+00,5.400000000000e-04,1.266000000000e-02,1.000022517998e-01,1.033663365328e-04
9.963369281099e+00,1.937500062000e+00,1.390000000000e-03,1.756000000000e-02,2.000045035999e-01,6.807590982920e-05
1.006337153290e+01,1.937500062000e+00,2.170000000000e-03,2.002000000000e-02,3.000067554004e-01,2.886859497172e-05
1.016337378470e+01,1.937500062000e+00,2.250000000000e-03,2.211000000000e-02,4.000090072007e-01,1.347623722190e-05
1.026337603650e+01,1.937500062000e+00,1.920000000000e-03,2.283000000000e-02,4.000090072002e-01,3.695689505608e-05
1.036337828830e+01,1.937500062000e+00,1.550000000000e-03,2.132000000000e-02,3.000067553996e-01,4.960608490311e-05
1.046338054010e+01,1.937500062000e+00,1.380000000000e-03,1.691000000000e-02,2.000045035991e-01,5.539108014673e-05
1.056338279190e+01,1.937500062000e+00,5.800000000000e-04,1.033000000000e-02,1.000022517990e-01,6.609979288394e-05
1.066338504370e+01,1.937500062000e+00,1.700000000000e-04,2.460000000000e-03,1.634261868289e-13,2.736794278442e-05
6.250000200008e-02,1.941964347853e+00,-2.100000000000e-04,-1.262570000000e+00,3.750000120000e-01,3.421432608791e-03
1.875000060003e-01,1.941964347853e+00,1.000000000000e-05,-1.201930000000e+00,2.500000079998e-01,4.393293619871e-03
3.125000100003e-01,1.941964347853e+00,1.200000000000e-04,-1.095010000000e+00,1.250000039998e-01,6.531187866856e-03
4.375000140001e-01,1.941964347853e+00,-4.400000000000e-04,-9.171000000000e-01,1.865182941940e-14,4.656121851844e-03
6.250000200008e-02,2.075892923567e+00,-2.000000000000e-04,-1.262590000000e+00,3.750000120000e-01,3.419803439574e-03
1.875000060003e-01,2.075892923567e+00,-2.000000000000e-05,-1.201870000000e+00,2.500000079998e-01,4.392177850997e-03
3.125000100003e-01,2.075892923567e+00,7.000000000000e-05,-1.094820000000e+00,1.250000039998e-01,6.530727036599e-03
4.375000140001e-01,2.075892923568e+00,-4.000000000000e-04,-9.167500000000e-01,3.019806626980e-14,4.656252186773e-03
6.250000200008e-02,2.209821499281e+00,-2.000000000000e-04,-1.262620000000e+00,3.750000120000e-01,3.418078779487e-03
1.875000060003e-01,2.209821499281e+00,-2.000000000000e-05,-1.201840000000e+00,2.500000079998e-01,4.390997255341e-03
3.125000100003e-01,2.209821499282e+00,1.700000000000e-04,-1.094590000000e+00,1.250000039998e-01,6.530239802194e-03
4.375000140001e-01,2.209821499283e+00,-4.500000000000e-04,-9.165600000000e-01,1.776356839400e-14,4.656390049699e-03
6.250000200008e-02,2.343750074994e+00,-2.000000000000e-04,-1.262610000000e+00,3.750000120000e-01,3.416253017795e-03
1.875000060003e-01,2.343750074996e+00,-1.000000000000e-05,-1.201830000000e+00,2.500000079998e-01,4.389748083976e-03
3.125000100003e-01,2.343750074997e+00,2.700000000000e-04,-1.094550000000e+00,1.250000039998e-01,6.529724674991e-03
4.375000140001e-01,2.343750074998e+00,-4.300000000000e-04,-9.165500000000e-01,8.899114524109e-16,4.656535873360e-03
6.250000200007e-02,2.477678650708e+00,-1.900000000000e-04,-1.262600000000e+00,3.750000120000e-01,3.414320205184e-03
1.875000060003e-01,2.477678650710e+00,1.000000000000e-05,-1.201850000000e+00,2.500000079998e-01,4.388426363460e-03
3.125000100003e-01,2.477678650711e+00,2.800000000000e-04,-1.094520000000e+00,1.250000039998e-01,6.529180078503e-03
4.375000140001e-01,2.477678650713e+00,-1.900000000000e-04,-9.161300000000e-01,2.975402884270e-14,4.656690115004e-03
6.250000200007e-02,2.611607226422e+00,-1.600000000000e-04,-1.262590000000e+00,3.750000120000e-01,3.412274038705e-03
1.875000060002e-01,2.611607226424e+00,1.000000000000e-05,-1.201870000000e+00,2.500000079998e-01,4.387027888472e-03
3.125000100003e-01,2.611607226426e+00,2.700000000000e-04,-1.094570000000e+00,1.250000039998e-01,6.528604347062e-03
4.375000140001e-01,2.611607226428e+00,-5.000000000000e-05,-9.160500000000e-01,9.326038617148e-15,4.656853257879e-03
6.250000200007e-02,2.745535802136e+00,-1.200000000000e-04,-1.262570000000e+00,3.750000120000e-01,3.410107842338e-03
1.875000060002e-01,2.745535802138e+00,1.000000000000e-05,-1.201840000000e+00,2.500000079999e-01,4.385548210095e-03
3.125000100003e-01,2.745535802140e+00,2.400000000000e-04,-1.094620000000e+00,1.250000039998e-01,6.527995721903e-03
4.375000140001e-01,2.745535802143e+00,-6.000000000000e-05,-9.161400000000e-01,3.553147333203e-15,4.657025812735e-03
6.250000200007e-02,2.879464377850e+00,-9.000000000000e-05,-1.262540000000e+00,3.750000120000e-01,3.407814545445e-03
1.875000060002e-01,2.879464377852e+00,3.000000000000e-05,-1.201740000000e+00,2.500000079999e-01,4.383982622288e-03
3.125000100003e-01,2.879464377855e+00,1.900000000000e-04,-1.094610000000e+00,1.250000039998e-01,6.527352346335e-03
4.375000140001e-01,2.879464377857e+00,-1.000000000000e-05,-9.161500000000e-01,2.620132218527e-14,4.657208319383e-03
6.250000200007e-02,3.013392953564e+00,-7.000000000000e-05,-1.262530000000e+00,3.750000120000e-01,3.405386659708e-03
1.875000060002e-01,3.013392953567e+00,8.000000000000e-05,-1.201670000000e+00,2.500000079999e-01,4.382326147277e-03
3.125000100003e-01,3.013392953570e+00,2.500000000000e-04,-1.094630000000e+00,1.250000039998e-01,6.526672260425e-03
4.375000140001e-01,3.013392953572e+00,3.200000000000e-04,-9.160700000000e-01,3.109120064724e-15,4.657401348342e-03
6.250000200006e-02,3.147321529278e+00,-6.000000000000e-05,-1.262530000000e+00,3.750000120000e-01,3.402816254688e-03
1.875000060002e-01,3.147321529281e+00,1.300000000000e-04,-1.201640000000e+00,2.500000079999e-01,4.380573520031e-03
3.125000100003e-01,3.147321529284e+00,3.200000000000e-04,-1.094630000000e+00,1.250000039998e-01,6.525953395321e-03
4.375000140001e-01,3.147321529287e+00,6.700000000000e-04,-9.159500000000e-01,8.437877587646e-15,4.657605502569e-03
6.250000200006e-02,3.281250104992e+00,-2.000000000000e-05,-1.262550000000e+00,3.750000120000e-01,3.400094931997e-03
1.875000060002e-01,3.281250104995e+00,1.500000000000e-04,-1.201670000000e+00,2.500000079999e-01,4.378719171826e-03
3.125000100002e-01,3.281250104999e+00,3.500000000000e-04,-1.094660000000e+00,1.250000039998e-01,6.525193567232e-03
4.375000140001e-01,3.281250105002e+00,7.400000000000e-04,-9.164600000000e-01,1.287870672120e-14,4.657821419295e-03
6.250000200006e-02,3.415178680706e+00,2.000000000000e-05,-1.262550000000e+00,3.750000120000e-01,3.397213798038e-03
1.875000060002e-01,3.415178680709e+00,1.500000000000e-04,-1.201730000000e+00,2.500000079999e-01,4.376757212889e-03
3.125000100002e-01,3.415178680713e+00,3.300000000000e-04,-1.094740000000e+00,1.250000039999e-01,6.524390471044e-03
4.375000140001e-01,3.415178680717e+00,5.200000000000e-04,-9.170300000000e-01,2.975397705995e-14,4.658049771962e-03
6.250000200006e-02,3.549107256420e+00,6.000000000000e-05,-1.262560000000e+00,3.750000120000e-01,3.394163435250e-03
1.875000060002e-01,3.549107256424e+00,1.700000000000e-04,-1.201800000000e+00,2.500000079999e-01,4.374681414055e-03
3.125000100002e-01,3.549107256428e+00,3.000000000000e-04,-1.094920000000e+00,1.250000039999e-01,6.523541673557e-03
4.375000140001e-01,3.549107256432e+00,4.800000000000e-04,-9.169800000000e-01,7.549516567451e-15,4.658291272268e-03
6.250000200005e-02,3.683035832133e+00,9.000000000000e-05,-1.262590000000e+00,3.750000120000e-01,3.390933871808e-03
1.875000060002e-01,3.683035832138e+00,2.000000000000e-04,-1.201850000000e+00,2.500000079999e-01,4.372485187395e-03
3.125000100002e-01,3.683035832143e+00,2.600000000000e-04,-1.095030000000e+00,1.250000039999e-01,6.522644606311e-03
4.375000140001e-01,3.683035832147e+00,4.300000000000e-04,-9.167500000000e-01,1.065814103640e-14,4.658546672340e-03
6.250000200005e-02,3.816964407847e+00,1.400000000000e-04,-1.262630000000e+00,3.750000120000e-01,3.387514549714e-03
1.875000060002e-01,3.816964407852e+00,2.800000000000e-04,-1.201890000000e+00,2.500000079999e-01,4.370161565765e-03
3.125000100002e-01,3.816964407857e+00,2.200000000000e-04,-1.095110000000e+00,1.250000039999e-01,6.521696557968e-03
4.375000140001e-01,3.816964407862e+00,4.300000000000e-04,-9.165500000000e-01,2.531308496145e-14,4.658816767020e-03
6.250000200005e-02,3.950892983561e+00,1.700000000000e-04,-1.262680000000e+00,3.750000120000e-01,3.383894291215e-03
1.875000060002e-01,3.950892983566e+00,3.800000000000e-04,-1.201870000000e+00,2.500000079999e-01,4.367703181205e-03
3.125000100002e-01,3.950892983572e+00,1.600000000000e-04,-1.095140000000e+00,1.250000039999e-01,6.520694666217e-03
4.375000140001e-01,3.950892983577e+00,3.900000000000e-04,-9.166000000000e-01,1.021420267096e-14,4.659102396295e-03
6.250000200005e-02,4.084821559275e+00,2.000000000000e-04,-1.262700000000e+00,3.750000120000e-01,3.380061263506e-03
1.875000060002e-01,4.084821559281e+00,4.700000000000e-04,-1.201820000000e+00,2.500000079999e-01,4.365102242135e-03
3.125000100002e-01,4.084821559286e+00,6.000000000000e-05,-1.095110000000e+00,1.250000039999e-01,6.519635909149e-03
4.375000140001e-01,4.084821559292e+00,4.900000000000e-04,-9.164200000000e-01,1.687548127529e-14,4.659404447870e-03
6.250000200004e-02,4.218750134989e+00,2.200000000000e-04,-1.262690000000e+00,3.750000120000e-01,3.376002941666e-03
1.875000060002e-01,4.218750134995e+00,5.300000000000e-04,-1.201770000000e+00,2.500000079999e-01,4.362350509279e-03
3.125000100002e-01,4.218750135001e+00,0.000000000000e+00,-1.095210000000e+00,1.250000039999e-01,6.518517096082e-03
4.375000140001e-01,4.218750135007e+00,5.700000000000e-04,-9.164500000000e-01,7.993605777301e-15,4.659723859882e-03
6.250000200004e-02,4.352678710703e+00,2.200000000000e-04,-1.262650000000e+00,3.750000120000e-01,3.371706069773e-03
1.875000060002e-01,4.352678710709e+00,5.600000000000e-04,-1.201680000000e+00,2.500000079999e-01,4.359439270254e-03
3.125000100002e-01,4.352678710715e+00,7.000000000000e-05,-1.095340000000e+00,1.250000039999e-01,6.517334857751e-03
4.375000140001e-01,4.352678710722e+00,6.200000000000e-04,-9.166100000000e-01,2.131635435282e-14,4.660061623794e-03
6.250000200004e-02,4.486607286417e+00,2.100000000000e-04,-1.262590000000e+00,3.750000120000e-01,3.367156620186e-03
1.875000060001e-01,4.486607286423e+00,5.700000000000e-04,-1.201570000000e+00,2.500000079999e-01,4.356359312744e-03
3.125000100002e-01,4.486607286430e+00,1.500000000000e-04,-1.095260000000e+00,1.250000039999e-01,6.516085635832e-03
4.375000140001e-01,4.486607286437e+00,4.500000000000e-04,-9.168900000000e-01,5.551115123126e-17,4.660418787451e-03
6.250000200004e-02,4.620535862131e+00,1.900000000000e-04,-1.262540000000e+00,3.750000120000e-01,3.362339750937e-03
1.875000060001e-01,4.620535862138e+00,5.700000000000e-04,-1.201480000000e+00,2.500000079999e-01,4.353100896196e-03
3.125000100002e-01,4.620535862145e+00,2.300000000000e-04,-1.095170000000e+00,1.250000039999e-01,6.514765671721e-03
4.375000140001e-01,4.620535862151e+00,4.000000000000e-04,-9.167700000000e-01,2.486924356801e-14,4.660796458330e-03
6.250000200003e-02,4.754464437845e+00,1.700000000000e-04,-1.262490000000e+00,3.750000120000e-01,3.357239761262e-03
1.875000060001e-01,4.754464437852e+00,5.600000000000e-04,-1.201420000000e+00,2.500000079999e-01,4.349653721941e-03
3.125000100002e-01,4.754464437859e+00,3.100000000000e-04,-1.095140000000e+00,1.250000039999e-01,6.513370994493e-03
4.375000140001e-01,4.754464437866e+00,3.700000000000e-04,-9.168400000000e-01,1.065828559571e-14,4.661195806987e-03
6.250000200003e-02,4.888393013558e+00,1.400000000000e-04,-1.262460000000e+00,3.750000120000e-01,3.351840045231e-03
1.875000060001e-01,4.888393013566e+00,5.300000000000e-04,-1.201380000000e+00,2.500000079999e-01,4.346006901676e-03
3.125000100001e-01,4.888393013574e+00,3.900000000000e-04,-1.095120000000e+00,1.250000039999e-01,6.511897407965e-03
4.375000140001e-01,4.888393013581e+00,4.800000000000e-04,-9.168700000000e-01,6.217248937901e-15,4.661618070729e-03
6.250000200003e-02,5.022321589272e+00,1.100000000000e-04,-1.262460000000e+00,3.750000120000e-01,3.346123043542e-03
1.875000060001e-01,5.022321589280e+00,4.800000000000e-04,-1.201360000000e+00,2.500000079999e-01,4.342148924209e-03
3.125000100001e-01,5.022321589288e+00,4.300000000000e-04,-1.095120000000e+00,1.250000039999e-01,6.510340476756e-03
4.375000140001e-01,5.022321589296e+00,5.000000000000e-04,-9.168200000000e-01,4.440892098501e-15,4.662064557508e-03
6.250000200003e-02,5.156250164986e+00,8.000000000000e-05,-1.262490000000e+00,3.750000120000e-01,3.340070193490e-03
1.875000060001e-01,5.156250164995e+00,4.000000000000e-04,-1.201380000000e+00,2.500000079999e-01,4.338067620369e-03
3.125000100001e-01,5.156250165003e+00,3.700000000000e-04,-1.095040000000e+00,1.250000039999e-01,6.508695511244e-03
4.375000140001e-01,5.156250165011e+00,5.800000000000e-04,-9.173100000000e-01,1.509913517712e-14,4.662536650080e-03
6.250000200003e-02,5.290178740700e+00,6.000000000000e-05,-1.262510000000e+00,3.750000120000e-01,3.333661877212e-03
1.875000060001e-01,5.290178740709e+00,3.000000000000e-04,-1.201410000000e+00,2.500000079999e-01,4.333750126004e-03
3.125000100001e-01,5.290178740717e+00,2.500000000000e-04,-1.095000000000e+00,1.250000039999e-01,6.506957551291e-03
4.375000140001e-01,5.290178740726e+00,8.000000000000e-04,-9.177200000000e-01,3.286260152890e-14,4.663035810429e-03
6.250000200002e-02,5.424107316414e+00,6.000000000000e-05,-1.262550000000e+00,3.750000120000e-01,3.326877368300e-03
1.875000060001e-01,5.424107316423e+00,2.200000000000e-04,-1.201470000000e+00,2.500000079999e-01,4.329182842945e-03
3.125000100001e-01,5.424107316432e+00,1.800000000000e-04,-1.095130000000e+00,1.250000039999e-01,6.505121348597e-03
4.375000140001e-01,5.424107316441e+00,1.010000000000e-03,-9.179900000000e-01,8.881784197001e-15,4.663563584487e-03
6.250000200002e-02,5.558035892128e+00,5.000000000000e-05,-1.262570000000e+00,3.750000120000e-01,3.319694776922e-03
1.875000060001e-01,5.558035892137e+00,1.700000000000e-04,-1.201610000000e+00,2.500000079999e-01,4.324351397834e-03
3.125000100001e-01,5.558035892147e+00,1.800000000000e-04,-1.095240000000e+00,1.250000039999e-01,6.503181347522e-03
4.375000140001e-01,5.558035892156e+00,1.000000000000e-03,-9.178000000000e-01,3.019852545782e-14,4.664121607188e-03
6.250000200002e-02,5.691964467842e+00,5.000000000000e-05,-1.262570000000e+00,3.750000120000e-01,3.312090993683e-03
1.875000060001e-01,5.691964467852e+00,1.400000000000e-04,-1.201760000000e+00,2.500000080000e-01,4.319240598715e-03
3.125000100001e-01,5.691964467861e+00,2.100000000000e-04,-1.095300000000e+00,1.250000039999e-01,6.501131664189e-03
4.375000140000e-01,5.691964467871e+00,9.300000000000e-04,-9.175700000000e-01,3.197442310921e-14,4.664711607857e-03
6.250000200002e-02,5.825893043556e+00,3.000000000000e-05,-1.262550000000e+00,3.750000120000e-01,3.304041632390e-03
1.875000060001e-01,5.825893043566e+00,1.100000000000e-04,-1.201930000000e+00,2.500000080000e-01,4.313834389247e-03
3.125000100001e-01,5.825893043576e+00,1.800000000000e-04,-1.095380000000e+00,1.250000039999e-01,6.498966063663e-03
4.375000140000e-01,5.825893043586e+00,7.900000000000e-04,-9.175000000000e-01,1.065871926188e-14,4.665335415994e-03
6.250000200002e-02,5.959821619270e+00,1.000000000000e-05,-1.262550000000e+00,3.750000120000e-01,3.295520972142e-03
1.875000060001e-01,5.959821619280e+00,7.000000000000e-05,-1.202140000000e+00,2.500000080000e-01,4.308115800439e-03
3.125000100001e-01,5.959821619290e+00,1.400000000000e-04,-1.095480000000e+00,1.250000040000e-01,6.496677934977e-03
4.375000140000e-01,5.959821619301e+00,8.300000000000e-04,-9.178800000000e-01,1.421128838945e-14,4.665994967474e-03
6.250000200001e-02,6.093750194984e+00,-1.000000000000e-05,-1.262560000000e+00,3.750000120000e-01,3.286501899011e-03
1.875000060001e-01,6.093750194994e+00,8.000000000000e-05,-1.202290000000e+00,2.500000080000e-01,4.302066899746e-03
3.125000100001e-01,6.093750195005e+00,1.100000000000e-04,-1.095570000000e+00,1.250000040000e-01,6.494260263705e-03
4.375000140000e-01,6.093750195016e+00,7.000000000000e-04,-9.184600000000e-01,2.486924356801e-14,4.666692311201e-03
6.250000200001e-02,6.227678770697e+00,-1.000000000000e-05,-1.262540000000e+00,3.750000120000e-01,3.276955847874e-03
1.875000060001e-01,6.227678770708e+00,1.000000000000e-04,-1.202340000000e+00,2.500000080000e-01,4.295668737418e-03
3.125000100001e-01,6.227678770719e+00,7.000000000000e-05,-1.095480000000e+00,1.250000040000e-01,6.491705601814e-03
4.375000140000e-01,6.227678770730e+00,7.900000000000e-04,-9.188300000000e-01,7.105427357601e-15,4.667429616279e-03
6.250000200001e-02,6.361607346411e+00,-0.000000000000e+00,-1.262490000000e+00,3.750000120000e-01,3.266852744893e-03
1.875000060001e-01,6.361607346423e+00,9.000000000000e-05,-1.202300000000e+00,2.500000080000e-01,4.288901289916e-03
3.125000100001e-01,6.361607346434e+00,7.000000000000e-05,-1.095350000000e+00,1.250000040000e-01,6.489006034399e-03
4.375000140000e-01,6.361607346446e+00,9.900000000000e-04,-9.194600000000e-01,8.899114524109e-16,4.668209179724e-03
6.250000200000e-02,6.495535922125e+00,1.000000000000e-05,-1.262430000000e+00,3.750000120000e-01,3.256160951351e-03
1.875000060000e-01,6.495535922137e+00,9.000000000000e-05,-1.202230000000e+00,2.500000080000e-01,4.281743400281e-03
3.125000100001e-01,6.495535922149e+00,8.000000000000e-05,-1.095320000000e+00,1.250000040000e-01,6.486153142940e-03
4.375000140000e-01,6.495535922160e+00,8.700000000000e-04,-9.196400000000e-01,2.664558388646e-14,4.669033434796e-03
6.250000200000e-02,6.629464497839e+00,4.000000000000e-05,-1.262390000000e+00,3.750000120000e-01,3.244847209645e-03
1.875000060000e-01,6.629464497851e+00,7.000000000000e-05,-1.202120000000e+00,2.500000080000e-01,4.274172715252e-03
3.125000100001e-01,6.629464497863e+00,7.000000000000e-05,-1.095340000000e+00,1.250000040000e-01,6.483137964592e-03
4.375000140000e-01,6.629464497875e+00,7.400000000000e-04,-9.191300000000e-01,9.770120317563e-15,4.669904960010e-03
6.250000200000e-02,6.763393073553e+00,6.000000000000e-05,-1.262370000000e+00,3.750000120000e-01,3.232876592361e-03
1.875000060000e-01,6.763393073566e+00,5.000000000000e-05,-1.202010000000e+00,2.500000080000e-01,4.266165618987e-03
3.125000100001e-01,6.763393073578e+00,5.000000000000e-05,-1.095260000000e+00,1.250000040000e-01,6.479950947008e-03
4.375000140000e-01,6.763393073590e+00,5.600000000000e-04,-9.183600000000e-01,5.329359630938e-15,4.670826488887e-03
6.250000200000e-02,6.897321649267e+00,8.000000000000e-05,-1.262330000000e+00,3.750000120000e-01,3.220212455565e-03
1.875000060000e-01,6.897321649280e+00,6.000000000000e-05,-1.201820000000e+00,2.500000080000e-01,4.257697163185e-03
3.125000100000e-01,6.897321649292e+00,5.000000000000e-05,-1.095100000000e+00,1.250000040000e-01,6.476581898093e-03
4.375000140000e-01,6.897321649305e+00,4.300000000000e-04,-9.181100000000e-01,2.309270563224e-14,4.671800920538e-03
6.250000200000e-02,7.031250224981e+00,1.000000000000e-04,-1.262310000000e+00,3.750000120000e-01,3.206816397586e-03
1.875000060000e-01,7.031250224994e+00,8.000000000000e-05,-1.201630000000e+00,2.500000080000e-01,4.248740993420e-03
3.125000100000e-01,7.031250225007e+00,7.000000000000e-05,-1.094950000000e+00,1.250000040000e-01,6.473019930021e-03
4.375000140000e-01,7.031250225020e+00,3.600000000000e-04,-9.177600000000e-01,7.105644194727e-15,4.672831331171e-03
6.250000199999e-02,7.165178800695e+00,1.100000000000e-04,-1.262310000000e+00,3.750000120000e-01,3.192648224814e-03
1.875000060000e-01,7.165178800708e+00,9.000000000000e-05,-1.201480000000e+00,2.500000080000e-01,4.239269271486e-03
3.125000100000e-01,7.165178800722e+00,3.000000000000e-05,-1.094860000000e+00,1.250000040000e-01,6.469253396751e-03
4.375000140000e-01,7.165178800735e+00,3.500000000000e-04,-9.172200000000e-01,2.309263891220e-14,4.673920986615e-03
6.250000199999e-02,7.299107376409e+00,1.100000000000e-04,-1.262310000000e+00,3.750000120000e-01,3.177665926236e-03
1.875000060000e-01,7.299107376422e+00,9.000000000000e-05,-1.201340000000e+00,2.500000080000e-01,4.229252593530e-03
3.125000100000e-01,7.299107376436e+00,-4.000000000000e-05,-1.094830000000e+00,1.250000040000e-01,6.465269824172e-03
4.375000140000e-01,7.299107376450e+00,4.000000000000e-04,-9.173900000000e-01,8.899114524109e-16,4.675073355988e-03
6.250000199999e-02,7.433035952123e+00,1.000000000000e-04,-1.262300000000e+00,3.750000120000e-01,3.161825658709e-03
1.875000060000e-01,7.433035952137e+00,5.000000000000e-05,-1.201210000000e+00,2.500000080000e-01,4.218659903744e-03
3.125000100000e-01,7.433035952151e+00,-1.200000000000e-04,-1.094780000000e+00,1.250000040000e-01,6.461055831893e-03
4.375000140000e-01,7.433035952165e+00,4.800000000000e-04,-9.180000000000e-01,2.664535259100e-15,4.676292126623e-03
6.250000199999e-02,7.566964527837e+00,1.100000000000e-04,-1.262280000000e+00,3.750000120000e-01,3.145081745262e-03
1.875000060000e-01,7.566964527851e+00,-3.000000000000e-05,-1.201080000000e+00,2.500000080000e-01,4.207458403401e-03
3.125000100000e-01,7.566964527865e+00,-1.800000000000e-04,-1.094720000000e+00,1.250000040000e-01,6.456597045571e-03
4.375000140000e-01,7.566964527879e+00,3.500000000000e-04,-9.187500000000e-01,8.881784197001e-16,4.677581220417e-03
6.250000199998e-02,7.700893103552e+00,1.100000000000e-04,-1.262250000000e+00,3.750000120000e-01,3.127386689007e-03
1.875000060000e-01,7.700893103566e+00,-1.100000000000e-04,-1.200950000000e+00,2.500000080000e-01,4.195613454951e-03
3.125000100000e-01,7.700893103579e+00,-2.200000000000e-04,-1.094620000000e+00,1.250000040000e-01,6.451877998499e-03
4.375000140000e-01,7.700893103593e+00,3.200000000000e-04,-9.195700000000e-01,1.777223989483e-15,4.678944811756e-03
6.250000199998e-02,7.834821679267e+00,1.100000000000e-04,-1.262200000000e+00,3.750000120000e-01,3.108691205606e-03
1.875000060000e-01,7.834821679280e+00,-1.900000000000e-04,-1.200890000000e+00,2.500000080000e-01,4.183088480967e-03
3.125000100000e-01,7.834821679294e+00,-2.200000000000e-04,-1.094520000000e+00,1.250000040000e-01,6.446882021032e-03
4.375000140000e-01,7.834821679307e+00,5.800000000000e-04,-9.203700000000e-01,2.666847220715e-15,4.680387347181e-03
6.250000199998e-02,7.968750254982e+00,7.000000000000e-05,-1.262170000000e+00,3.750000120000e-01,3.088944277624e-03
1.875000060000e-01,7.968750254995e+00,-2.400000000000e-04,-1.200910000000e+00,2.500000080000e-01,4.169844857652e-03
3.125000100000e-01,7.968750255008e+00,-1.500000000000e-04,-1.094520000000e+00,1.250000040000e-01,6.441591116236e-03
4.375000140000e-01,7.968750255021e+00,7.100000000000e-04,-9.212700000000e-01,1.509903313490e-14,4.681913567035e-03
6.250000199998e-02,8.102678830697e+00,4.000000000000e-05,-1.262140000000e+00,3.750000120000e-01,3.068093234447e-03
1.875000060000e-01,8.102678830709e+00,-2.600000000000e-04,-1.200920000000e+00,2.500000080001e-01,4.155841802673e-03
3.125000100000e-01,8.102678830722e+00,-6.000000000000e-05,-1.094530000000e+00,1.250000040000e-01,6.435985819925e-03
4.375000140000e-01,8.102678830735e+00,8.200000000000e-04,-9.213500000000e-01,1.777223989483e-15,4.683528529297e-03
6.250000199998e-02,8.236607406411e+00,4.000000000000e-05,-1.262140000000e+00,3.750000120000e-01,3.046083861960e-03
1.875000059999e-01,8.236607406424e+00,-3.300000000000e-04,-1.200900000000e+00,2.500000080001e-01,4.141036257069e-03
3.125000100000e-01,8.236607406436e+00,1.000000000000e-05,-1.094640000000e+00,1.250000040000e-01,6.430045043024e-03
4.375000140000e-01,8.236607406449e+00,9.200000000000e-04,-9.207000000000e-01,1.953992523340e-14,4.685237635864e-03
6.250000199997e-02,8.370535982126e+00,4.000000000000e-05,-1.262130000000e+00,3.750000120000e-01,3.022860546483e-03
1.875000059999e-01,8.370535982139e+00,-4.100000000000e-04,-1.200910000000e+00,2.500000080001e-01,4.125382760982e-03
3.125000100000e-01,8.370535982151e+00,7.000000000000e-05,-1.094780000000e+00,1.250000040000e-01,6.423745893921e-03
4.375000140000e-01,8.370535982163e+00,9.000000000000e-04,-9.206500000000e-01,1.598730792784e-14,4.687046661562e-03
6.250000199997e-02,8.504464557841e+00,6.000000000000e-05,-1.262110000000e+00,3.750000120000e-01,2.998366458114e-03
1.875000059999e-01,8.504464557853e+00,-4.500000000000e-04,-1.200920000000e+00,2.500000080001e-01,4.108833323022e-03
3.125000099999e-01,8.504464557865e+00,1.200000000000e-04,-1.094980000000e+00,1.250000040000e-01,6.417063478176e-03
4.375000140000e-01,8.504464557877e+00,9.800000000000e-04,-9.207200000000e-01,3.556614664922e-15,4.688961786211e-03
6.250000199997e-02,8.638393133556e+00,8.000000000000e-05,-1.262080000000e+00,3.750000120000e-01,2.972543778922e-03
1.875000059999e-01,8.638393133568e+00,-4.500000000000e-04,-1.200950000000e+00,2.500000080001e-01,4.091337283098e-03
3.125000099999e-01,8.638393133579e+00,2.000000000000e-04,-1.095100000000e+00,1.250000040001e-01,6.409970672606e-03
4.375000140000e-01,8.638393133591e+00,1.020000000000e-03,-9.204800000000e-01,1.777223989483e-15,4.690989630085e-03
6.250000199997e-02,8.772321709271e+00,1.000000000000e-04,-1.262060000000e+00,3.750000120000e-01,2.945333982001e-03
1.875000059999e-01,8.772321709282e+00,-4.100000000000e-04,-1.200980000000e+00,2.500000080001e-01,4.072841168583e-03
3.125000099999e-01,8.772321709293e+00,2.300000000000e-04,-1.095150000000e+00,1.250000040001e-01,6.402437870403e-03
4.375000140000e-01,8.772321709305e+00,1.130000000000e-03,-9.205300000000e-01,3.553147333203e-15,4.693137293170e-03
6.250000199996e-02,8.906250284986e+00,1.300000000000e-04,-1.262080000000e+00,3.750000120000e-01,2.916678167865e-03
1.875000059999e-01,8.906250284997e+00,-3.900000000000e-04,-1.201010000000e+00,2.500000080001e-01,4.053288543828e-03
3.125000099999e-01,8.906250285008e+00,2.300000000000e-04,-1.095140000000e+00,1.250000040001e-01,6.394432693482e-03
4.375000140000e-01,8.906250285018e+00,1.400000000000e-03,-9.204700000000e-01,1.065828559571e-14,4.695412398640e-03
6.250000199996e-02,9.040178860701e+00,1.500000000000e-04,-1.262130000000e+00,3.750000120000e-01,2.886517464986e-03
1.875000059999e-01,9.040178860711e+00,-3.900000000000e-04,-1.201040000000e+00,2.500000080001e-01,4.032619853088e-03
3.125000099999e-01,9.040178860722e+00,1.800000000000e-04,-1.094930000000e+00,1.250000040001e-01,6.385919667781e-03
4.375000140000e-01,9.040178860732e+00,1.240000000000e-03,-9.201800000000e-01,3.553147333203e-15,4.697823141028e-03
6.250000199996e-02,9.174107436416e+00,1.600000000000e-04,-1.262220000000e+00,3.750000120000e-01,2.854793501762e-03
1.875000059999e-01,9.174107436426e+00,-3.800000000000e-04,-1.201060000000e+00,2.500000080001e-01,4.010772257150e-03
3.125000099999e-01,9.174107436436e+00,5.000000000000e-05,-1.094760000000e+00,1.250000040001e-01,6.376859856687e-03
4.375000140000e-01,9.174107436446e+00,1.040000000000e-03,-9.203000000000e-01,7.105644194727e-15,4.700378339623e-03
6.250000199996e-02,9.308036012131e+00,1.700000000000e-04,-1.262290000000e+00,3.750000120000e-01,2.821448957430e-03
1.875000059999e-01,9.308036012140e+00,-3.400000000000e-04,-1.201090000000e+00,2.500000080001e-01,3.987679464119e-03
3.125000099999e-01,9.308036012150e+00,-7.000000000000e-05,-1.094550000000e+00,1.250000040001e-01,6.367210447087e-03
4.375000140000e-01,9.308036012160e+00,9.200000000000e-04,-9.200000000000e-01,2.309270563224e-14,4.703087497661e-03
6.250000199995e-02,9.441964587846e+00,1.700000000000e-04,-1.262330000000e+00,3.750000120000e-01,2.786428199637e-03
1.875000059999e-01,9.441964587855e+00,-3.100000000000e-04,-1.201090000000e+00,2.500000080001e-01,3.963271555117e-03
3.125000099999e-01,9.441964587865e+00,-1.600000000000e-04,-1.094310000000e+00,1.250000040001e-01,6.356924281859e-03
4.375000140000e-01,9.441964587874e+00,8.600000000000e-04,-9.198900000000e-01,1.598721155460e-14,4.705960867938e-03
6.250000199995e-02,9.575893163560e+00,1.900000000000e-04,-1.262340000000e+00,3.750000120000e-01,2.749678016408e-03
1.875000059999e-01,9.575893163570e+00,-2.900000000000e-04,-1.201070000000e+00,2.500000080001e-01,3.937474806057e-03
3.125000099999e-01,9.575893163579e+00,-1.400000000000e-04,-1.094270000000e+00,1.250000040001e-01,6.345949331753e-03
4.375000140000e-01,9.575893163588e+00,8.800000000000e-04,-9.194700000000e-01,1.598721155460e-14,4.709009525533e-03
6.250000199995e-02,9.709821739275e+00,2.100000000000e-04,-1.262340000000e+00,3.750000120000e-01,2.711148450176e-03
1.875000059999e-01,9.709821739284e+00,-2.600000000000e-04,-1.201030000000e+00,2.500000080001e-01,3.910211507046e-03
3.125000099999e-01,9.709821739293e+00,-8.000000000000e-05,-1.094250000000e+00,1.250000040001e-01,6.334228098631e-03
4.375000140000e-01,9.709821739302e+00,8.000000000000e-04,-9.190400000000e-01,1.776356839400e-15,4.712245448407e-03
6.250000199995e-02,9.843750314990e+00,2.300000000000e-04,-1.262310000000e+00,3.750000120000e-01,2.670793741070e-03
1.875000059999e-01,9.843750314999e+00,-2.200000000000e-04,-1.200960000000e+00,2.500000080001e-01,3.881399781682e-03
3.125000099999e-01,9.843750315007e+00,-1.300000000000e-04,-1.094220000000e+00,1.250000040001e-01,6.321696940934e-03
4.375000140000e-01,9.843750315016e+00,7.200000000000e-04,-9.189100000000e-01,1.598721155460e-14,4.715681606664e-03
6.250000199995e-02,9.977678890705e+00,2.300000000000e-04,-1.262230000000e+00,3.750000120000e-01,2.628573386083e-03
1.875000059999e-01,9.977678890713e+00,-1.900000000000e-04,-1.200890000000e+00,2.500000080001e-01,3.850953409193e-03
3.125000099999e-01,9.977678890722e+00,-2.600000000000e-04,-1.094280000000e+00,1.250000040001e-01,6.308285310898e-03
4.375000140000e-01,9.977678890730e+00,6.300000000000e-04,-9.188500000000e-01,1.776356839400e-15,4.719332061388e-03
6.250000199994e-02,1.011160746642e+01,2.300000000000e-04,-1.262120000000e+00,3.750000120000e-01,2.584453319761e-03
1.875000059998e-01,1.011160746643e+01,-1.400000000000e-04,-1.200810000000e+00,2.500000080001e-01,3.818781653410e-03
3.125000099999e-01,1.011160746644e+01,-2.900000000000e-04,-1.094300000000e+00,1.250000040001e-01,6.293914891505e-03
4.375000140000e-01,1.011160746644e+01,6.100000000000e-04,-9.187200000000e-01,3.556614664922e-15,4.723212074018e-03
6.250000199994e-02,1.024553604214e+01,2.300000000000e-04,-1.262040000000e+00,3.750000120000e-01,2.538407220610e-03
1.875000059998e-01,1.024553604214e+01,-1.100000000000e-04,-1.200760000000e+00,2.500000080001e-01,3.784789103754e-03
3.125000099999e-01,1.024553604215e+01,-2.600000000000e-04,-1.094380000000e+00,1.250000040001e-01,6.278498619321e-03
4.375000140000e-01,1.024553604216e+01,3.600000000000e-04,-9.185800000000e-01,1.953992523340e-14,4.727338227289e-03
6.250000199994e-02,1.037946461785e+01,2.100000000000e-04,-1.261990000000e+00,3.750000120000e-01,2.490417945731e-03
1.875000059998e-01,1.037946461786e+01,-1.100000000000e-04,-1.200740000000e+00,2.500000080001e-01,3.748875534979e-03
3.125000099999e-01,1.037946461786e+01,-3.000000000000e-04,-1.094460000000e+00,1.250000040001e-01,6.261939577212e-03
4.375000140000e-01,1.037946461787e+01,1.400000000000e-04,-9.184700000000e-01,3.553147333203e-15,4.731728558896e-03
6.250000199994e-02,1.051339319356e+01,2.000000000000e-04,-1.261970000000e+00,3.750000120000e-01,2.440479093753e-03
1.875000059998e-01,1.051339319357e+01,-1.100000000000e-04,-1.200730000000e+00,2.500000080001e-01,3.710935794293e-03
3.125000099998e-01,1.051339319358e+01,-3.900000000000e-04,-1.094430000000e+00,1.250000040001e-01,6.244129738348e-03
4.375000140000e-01,1.051339319359e+01,-2.100000000000e-04,-9.183400000000e-01,1.243462178400e-14,4.736402709106e-03
6.250000199993e-02,1.064732176928e+01,2.200000000000e-04,-1.261960000000e+00,3.750000120000e-01,2.388596693365e-03
1.875000059998e-01,1.064732176929e+01,-1.100000000000e-04,-1.200740000000e+00,2.500000080001e-01,3.670859726902e-03
3.125000099998e-01,1.064732176929e+01,-5.000000000000e-04,-1.094300000000e+00,1.250000040001e-01,6.224948539847e-03
4.375000140000e-01,1.064732176930e+01,-2.900000000000e-04,-9.180200000000e-01,5.329359630938e-15,4.741382083670e-03
6.250000199993e-02,1.078125034499e+01,2.200000000000e-04,-1.261920000000e+00,3.750000120000e-01,2.334791011322e-03
1.875000059998e-01,1.078125034500e+01,-1.500000000000e-04,-1.200800000000e+00,2.500000080001e-01,3.628532153933e-03
3.125000099998e-01,1.078125034501e+01,-6.800000000000e-04,-1.094080000000e+00,1.250000040001e-01,6.204261260750e-03
4.375000139999e-01,1.078125034501e+01,-3.600000000000e-04,-9.178500000000e-01,1.954000408431e-14,4.746690033490e-03
6.250000199993e-02,1.091517892071e+01,2.200000000000e-04,-1.261870000000e+00,3.750000120000e-01,2.279098469701e-03
1.875000059998e-01,1.091517892072e+01,-2.100000000000e-04,-1.200890000000e+00,2.500000080002e-01,3.583832920331e-03
3.125000099998e-01,1.091517892072e+01,-8.200000000000e-04,-1.093930000000e+00,1.250000040001e-01,6.181917174655e-03
4.375000139999e-01,1.091517892073e+01,-6.400000000000e-04,-9.178500000000e-01,7.105644194727e-15,4.752352052668e-03
6.250000199993e-02,1.104910749642e+01,2.200000000000e-04,-1.261830000000e+00,3.750000120000e-01,2.221573657735e-03
1.875000059998e-01,1.104910749643e+01,-2.300000000000e-04,-1.201010000000e+00,2.500000080002e-01,3.536637034862e-03
3.125000099998e-01,1.104910749644e+01,-9.400000000000e-04,-1.093770000000e+00,1.250000040001e-01,6.157747442158e-03
4.375000139999e-01,1.104910749644e+01,-7.000000000000e-04,-9.180300000000e-01,5.551115123126e-17,4.758395996682e-03
6.250000199993e-02,1.118303607214e+01,2.300000000000e-04,-1.261810000000e+00,3.750000120000e-01,2.162291418258e-03
1.875000059998e-01,1.118303607215e+01,-2.100000000000e-04,-1.201120000000e+00,2.500000080002e-01,3.486814929885e-03
3.125000099998e-01,1.118303607215e+01,-1.090000000000e-03,-1.093630000000e+00,1.250000040001e-01,6.131562702067e-03
4.375000139999e-01,1.118303607215e+01,-5.700000000000e-04,-9.179000000000e-01,3.553147333203e-15,4.764852322650e-03
6.250000199992e-02,1.131696464785e+01,2.300000000000e-04,-1.261770000000e+00,3.750000120000e-01,2.101348983421e-03
1.875000059998e-01,1.131696464786e+01,-2.000000000000e-04,-1.201190000000e+00,2.500000080002e-01,3.434232875456e-03
3.125000099998e-01,1.131696464786e+01,-1.190000000000e-03,-1.093510000000e+00,1.250000040001e-01,6.103150313088e-03
4.375000139999e-01,1.131696464787e+01,-5.600000000000e-04,-9.172300000000e-01,1.598721155460e-14,4.771754353813e-03
6.250000199992e-02,1.145089322357e+01,2.500000000000e-04,-1.261700000000e+00,3.750000120000e-01,2.038868128331e-03
1.875000059998e-01,1.145089322357e+01,-2.000000000000e-04,-1.201190000000e+00,2.500000080002e-01,3.378753590856e-03
3.125000099998e-01,1.145089322358e+01,-1.210000000000e-03,-1.093380000000e+00,1.250000040002e-01,6.072271189157e-03
4.375000139999e-01,1.145089322358e+01,-4.700000000000e-04,-9.170300000000e-01,1.243449787580e-14,4.779138570619e-03
6.250000199992e-02,1.158482179928e+01,2.600000000000e-04,-1.261640000000e+00,3.750000120000e-01,1.974997305301e-03
1.875000059998e-01,1.158482179929e+01,-2.200000000000e-04,-1.201150000000e+00,2.500000080002e-01,3.320237107270e-03
3.125000099998e-01,1.158482179929e+01,-1.240000000000e-03,-1.093370000000e+00,1.250000040002e-01,6.038656161662e-03
4.375000139999e-01,1.158482179930e+01,-3.400000000000e-04,-9.171100000000e-01,1.598730792784e-14,4.787044930977e-03
6.250000199992e-02,1.171875037500e+01,2.800000000000e-04,-1.261620000000e+00,3.750000120000e-01,1.909913715399e-03
1.875000059998e-01,1.171875037500e+01,-2.400000000000e-04,-1.201120000000e+00,2.500000080002e-01,3.258541948475e-03
3.125000099998e-01,1.171875037501e+01,-1.280000000000e-03,-1.093380000000e+00,1.250000040002e-01,6.002001790421e-03
4.375000139999e-01,1.171875037501e+01,-4.300000000000e-04,-9.176300000000e-01,3.552713678801e-15,4.795517222541e-03
6.250000199991e-02,1.185267895071e+01,2.900000000000e-04,-1.261640000000e+00,3.750000120000e-01,1.843825268063e-03
1.875000059997e-01,1.185267895072e+01,-2.500000000000e-04,-1.201170000000e+00,2.500000080002e-01,3.193526713070e-03
3.125000099998e-01,1.185267895072e+01,-1.210000000000e-03,-1.093360000000e+00,1.250000040002e-01,5.961965532455e-03
4.375000139999e-01,1.185267895073e+01,-2.100000000000e-04,-9.179600000000e-01,1.065944199961e-14,4.804603449999e-03
6.250000199991e-02,1.198660752643e+01,3.000000000000e-04,-1.261640000000e+00,3.750000120000e-01,1.776972374136e-03
1.875000059997e-01,1.198660752643e+01,-2.500000000000e-04,-1.201300000000e+00,2.500000080002e-01,3.125052162846e-03
3.125000099998e-01,1.198660752643e+01,-1.100000000000e-03,-1.093350000000e+00,1.250000040002e-01,5.918160163695e-03
4.375000139999e-01,1.198660752644e+01,-7.000000000000e-05,-9.182500000000e-01,3.552718015607e-14,4.814356260546e-03
6.250000199991e-02,1.212053610214e+01,2.900000000000e-04,-1.261660000000e+00,3.750000120000e-01,1.709629512391e-03
1.875000059997e-01,1.212053610215e+01,-2.300000000000e-04,-1.201410000000e+00,2.500000080002e-01,3.052983948839e-03
3.125000099997e-01,1.212053610215e+01,-1.020000000000e-03,-1.093560000000e+00,1.250000040002e-01,5.870147334216e-03
4.375000139999e-01,1.212053610215e+01,-1.300000000000e-04,-9.179400000000e-01,1.243462178400e-14,4.824833410713e-03
6.250000199991e-02,1.225446467786e+01,2.900000000000e-04,-1.261700000000e+00,3.750000120000e-01,1.642106502467e-03
1.875000059997e-01,1.225446467786e+01,-1.700000000000e-04,-1.201440000000e+00,2.500000080002e-01,2.977196139725e-03
3.125000099997e-01,1.225446467786e+01,-8.700000000000e-04,-1.093980000000e+00,1.250000040002e-01,5.817430121987e-03
4.375000139999e-01,1.225446467787e+01,-1.600000000000e-04,-9.175700000000e-01,1.421096313501e-14,4.836098277385e-03
6.250000199991e-02,1.238839325357e+01,2.800000000000e-04,-1.261730000000e+00,3.750000120000e-01,1.574749404728e-03
1.875000059997e-01,1.238839325358e+01,-1.000000000000e-04,-1.201440000000e+00,2.500000080002e-01,2.897575757703e-03
3.125000099997e-01,1.238839325358e+01,-7.500000000000e-04,-1.094260000000e+00,1.250000040002e-01,5.759444433125e-03
4.375000139999e-01,1.238839325358e+01,-1.100000000000e-04,-9.170700000000e-01,2.486905770594e-14,4.848220414721e-03
6.250000199990e-02,1.252232182929e+01,2.700000000000e-04,-1.261710000000e+00,3.750000120000e-01,1.507940951480e-03
1.875000059997e-01,1.252232182929e+01,-6.000000000000e-05,-1.201490000000e+00,2.500000080002e-01,2.814028583813e-03
3.125000099997e-01,1.252232182929e+01,-6.600000000000e-04,-1.094260000000e+00,1.250000040002e-01,5.695549085080e-03
4.375000139999e-01,1.252232182929e+01,-4.900000000000e-04,-9.166800000000e-01,5.329359630938e-15,4.861276157050e-03
6.250000199990e-02,1.265625040500e+01,2.600000000000e-04,-1.261670000000e+00,3.750000120000e-01,1.442100408233e-03
1.875000059997e-01,1.265625040501e+01,-4.000000000000e-05,-1.201560000000e+00,2.500000080002e-01,2.726486588063e-03
3.125000099997e-01,1.265625040501e+01,-6.500000000000e-04,-1.094180000000e+00,1.250000040002e-01,5.625014423378e-03
4.375000139999e-01,1.265625040501e+01,-6.100000000000e-04,-9.168400000000e-01,1.776356839400e-15,4.875349267664e-03
6.250000199990e-02,1.279017898072e+01,2.500000000000e-04,-1.261620000000e+00,3.750000120000e-01,1.377682760610e-03
1.875000059997e-01,1.279017898072e+01,-2.000000000000e-05,-1.201640000000e+00,2.500000080002e-01,2.634917459704e-03
3.125000099997e-01,1.279017898072e+01,-6.300000000000e-04,-1.094070000000e+00,1.250000040002e-01,5.547009361853e-03
4.375000139999e-01,1.279017898072e+01,-5.100000000000e-04,-9.169800000000e-01,1.421085471520e-14,4.890531634875e-03
6.250000199990e-02,1.292410755643e+01,2.200000000000e-04,-1.261580000000e+00,3.750000120000e-01,1.315177001522e-03
1.875000059997e-01,1.292410755643e+01,1.000000000000e-05,-1.201760000000e+00,2.500000080002e-01,2.539336747413e-03
3.125000099997e-01,1.292410755644e+01,-5.500000000000e-04,-1.094040000000e+00,1.250000040002e-01,5.460586698104e-03
4.375000139999e-01,1.292410755644e+01,-7.100000000000e-04,-9.171900000000e-01,5.551115123126e-17,4.906924006563e-03
6.250000199989e-02,1.305803613215e+01,2.200000000000e-04,-1.261540000000e+00,3.750000120000e-01,1.255102890668e-03
1.875000059997e-01,1.305803613215e+01,7.000000000000e-05,-1.201880000000e+00,2.500000080002e-01,2.439823007205e-03
3.125000099997e-01,1.305803613215e+01,-4.500000000000e-04,-1.093900000000e+00,1.250000040002e-01,5.364666341488e-03
4.375000139999e-01,1.305803613215e+01,-6.600000000000e-04,-9.173400000000e-01,1.598730792784e-14,4.924636712389e-03
6.250000199989e-02,1.319196470786e+01,2.300000000000e-04,-1.261480000000e+00,3.750000120000e-01,1.198005302470e-03
1.875000059997e-01,1.319196470786e+01,1.100000000000e-04,-1.201990000000e+00,2.500000080002e-01,2.336536737175e-03
3.125000099997e-01,1.319196470786e+01,-4.000000000000e-04,-1.093850000000e+00,1.250000040002e-01,5.258016265031e-03
4.375000139999e-01,1.319196470786e+01,-6.300000000000e-04,-9.172600000000e-01,4.263260028566e-14,4.943790299282e-03
6.250000199989e-02,1.332589328358e+01,2.300000000000e-04,-1.261430000000e+00,3.750000120000e-01,1.144446707715e-03
1.875000059997e-01,1.332589328358e+01,1.600000000000e-04,-1.202010000000e+00,2.500000080003e-01,2.229746032700e-03
3.125000099997e-01,1.332589328358e+01,-2.600000000000e-04,-1.093970000000e+00,1.250000040002e-01,5.139233056027e-03
4.375000139999e-01,1.332589328358e+01,-6.900000000000e-04,-9.170800000000e-01,1.776356839400e-14,4.964516198001e-03
4.375000139999e-01,1.345982185929e+01,-1.020000000000e-03,-9.169500000000e-01,3.552713678801e-15,4.986957949071e-03
3.125000099997e-01,1.345982185929e+01,-1.100000000000e-04,-1.094080000000e+00,1.250000040002e-01,5.006726692538e-03
1.875000059996e-01,1.345982185929e+01,2.300000000000e-04,-1.201920000000e+00,2.500000080003e-01,2.119863752577e-03
6.250000199989e-02,1.345982185929e+01,2.100000000000e-04,-1.261390000000e+00,3.750000120000e-01,1.095001179246e-03
4.375000139999e-01,1.359375043501e+01,-1.070000000000e-03,-9.167800000000e-01,1.421128838945e-14,5.011273002800e-03
3.125000099997e-01,1.359375043501e+01,3.000000000000e-05,-1.094210000000e+00,1.250000040002e-01,4.858707079200e-03
1.875000059996e-01,1.359375043501e+01,2.600000000000e-04,-1.201780000000e+00,2.500000080003e-01,2.007492187238e-03
6.250000199988e-02,1.359375043501e+01,1.800000000000e-04,-1.261330000000e+00,3.750000120000e-01,1.050248272353e-03
4.375000139999e-01,1.372767901072e+01,-8.700000000000e-04,-9.170200000000e-01,2.664535259100e-14,5.037632092651e-03
3.125000099997e-01,1.372767901072e+01,1.800000000000e-04,-1.094360000000e+00,1.250000040002e-01,4.693146581735e-03
1.875000059996e-01,1.372767901072e+01,3.000000000000e-04,-1.201690000000e+00,2.500000080003e-01,1.893450330055e-03
6.250000199988e-02,1.372767901072e+01,1.300000000000e-04,-1.261260000000e+00,3.750000120000e-01,1.010739762880e-03
4.375000139999e-01,1.386160758643e+01,-4.000000000000e-04,-9.176000000000e-01,1.779822904822e-15,5.066212701034e-03
3.125000099996e-01,1.386160758643e+01,2.900000000000e-04,-1.094550000000e+00,1.250000040002e-01,4.507712075107e-03
1.875000059996e-01,1.386160758643e+01,3.400000000000e-04,-1.201650000000e+00,2.500000080003e-01,1.778784405936e-03
6.250000199988e-02,1.386160758643e+01,9.000000000000e-05,-1.261200000000e+00,3.750000120000e-01,9.769002751849e-04
4.375000139999e-01,1.399553616215e+01,3.000000000000e-05,-9.180000000000e-01,3.552713678801e-15,5.097203535024e-03
3.125000099996e-01,1.399553616215e+01,3.900000000000e-04,-1.094780000000e+00,1.250000040002e-01,4.299849565419e-03
1.875000059996e-01,1.399553616215e+01,3.900000000000e-04,-1.201640000000e+00,2.500000080003e-01,1.664917097714e-03
6.250000199988e-02,1.399553616215e+01,7.000000000000e-05,-1.261160000000e+00,3.750000120000e-01,9.489452277785e-04
4.375000139999e-01,1.412946473786e+01,1.000000000000e-04,-9.182400000000e-01,3.552713678801e-15,5.130875255236e-03
3.125000099996e-01,1.412946473786e+01,4.800000000000e-04,-1.094870000000e+00,1.250000040003e-01,4.067386960868e-03
1.875000059996e-01,1.412946473786e+01,4.600000000000e-04,-1.201630000000e+00,2.500000080003e-01,1.554148615273e-03
6.250000199988e-02,1.412946473786e+01,5.000000000000e-05,-1.261180000000e+00,3.750000120000e-01,9.271547771639e-04
4.375000139999e-01,1.426339331357e+01,-1.200000000000e-04,-9.182000000000e-01,5.551115123126e-17,5.167705677223e-03
3.125000099996e-01,1.426339331357e+01,4.700000000000e-04,-1.094940000000e+00,1.250000040003e-01,3.809154634705e-03
1.875000059996e-01,1.426339331357e+01,5.200000000000e-04,-1.201680000000e+00,2.500000080003e-01,1.449954091606e-03
6.250000199987e-02,1.426339331357e+01,4.000000000000e-05,-1.261220000000e+00,3.750000120000e-01,9.125505329967e-04
4.375000139999e-01,1.439732188929e+01,-2.400000000000e-04,-9.179700000000e-01,5.551115123126e-17,5.208214403365e-03
3.125000099996e-01,1.439732188929e+01,2.900000000000e-04,-1.095040000000e+00,1.250000040003e-01,3.522888730539e-03
1.875000059996e-01,1.439732188929e+01,5.400000000000e-04,-1.201780000000e+00,2.500000080003e-01,1.355246523928e-03
6.250000199987e-02,1.439732188929e+01,3.000000000000e-05,-1.261250000000e+00,3.750000120000e-01,9.061396427243e-04
4.375000139999e-01,1.453125046500e+01,-1.100000000000e-04,-9.175500000000e-01,5.329359630938e-15,5.252215076254e-03
3.125000099996e-01,1.453125046500e+01,9.000000000000e-05,-1.095180000000e+00,1.250000040003e-01,3.200470065011e-03
1.875000059996e-01,1.453125046500e+01,5.300000000000e-04,-1.201900000000e+00,2.500000080003e-01,1.268964545641e-03
6.250000199987e-02,1.453125046500e+01,4.000000000000e-05,-1.261310000000e+00,3.750000120000e-01,9.037432666908e-04
4.375000139999e-01,1.466517904072e+01,-2.400000000000e-04,-9.172100000000e-01,0.000000000000e+00,5.299870166948e-03
3.125000099996e-01,1.466517904072e+01,-7.000000000000e-05,-1.095190000000e+00,1.250000040003e-01,2.839988377513e-03
1.875000059996e-01,1.466517904072e+01,5.100000000000e-04,-1.202030000000e+00,2.500000080003e-01,1.189483327913e-03
6.250000199987e-02,1.466517904072e+01,6.000000000000e-05,-1.261370000000e+00,3.750000120000e-01,8.912272902078e-04
4.375000139999e-01,1.479910761643e+01,-2.300000000000e-04,-9.173300000000e-01,0.000000000000e+00,5.360940142246e-03
3.125000099996e-01,1.479910761643e+01,-1.600000000000e-04,-1.095120000000e+00,1.250000040003e-01,2.505677515182e-03
1.875000059996e-01,1.479910761643e+01,5.100000000000e-04,-1.202130000000e+00,2.500000080003e-01,1.139191160503e-03
6.250000199986e-02,1.479910761643e+01,1.000000000000e-04,-1.261450000000e+00,3.750000120000e-01,8.684594102292e-04
4.375000139999e-01,1.493303619214e+01,-2.500000000000e-04,-9.172000000000e-01,4.323103535694e-15,5.516286068217e-03
3.125000099996e-01,1.493303619214e+01,-2.400000000000e-04,-1.095040000000e+00,1.250000040003e-01,2.522059705713e-03
1.875000059996e-01,1.493303619214e+01,5.100000000000e-04,-1.202240000000e+00,2.500000080003e-01,1.281218418619e-03
6.250000199986e-02,1.493303619214e+01,1.300000000000e-04,-1.261500000000e+00,3.750000120000e-01,9.414871117205e-04
