id,u,v,x,y,z
0,-0.11767243868324,0.1085568717212,-10.282906831933,0.062520202861361,0
1,-0.077177679809546,0.18438547613963,-10.281360408514,0.18755252698988,0
2,-0.049926324724948,0.2601566458917,-10.278428601485,0.31256060937292,0
3,-0.030376099893312,0.32339800758895,-10.274111787829,0.43752829324441,0
808,-0.014915413394054,0.37283868200912,-10.26824147234,0.56256899915995,0
809,-0.00094681360131782,0.41095398631121,-10.260815383854,0.6876663884244,0
810,0.011764855104086,0.4395350270745,-10.252000503782,0.81267450665203,0
811,0.023227522549229,0.46002398358362,-10.241797970564,0.93757712538758,0
1168,0.044353728679753,0.47828129252012,-10.222383015916,1.1310223346639,0
1169,0.060768116620564,0.47087977367352,-10.191217733667,1.3926820757393,0
4,-0.29593728766909,0.062758907177057,-10.182782441094,0.062518076454915,0
5,-0.24644386011701,0.12598734052904,-10.181060164761,0.18754699846467,0
6,-0.20604151754394,0.19399249274748,-10.178098334674,0.31255423049161,0
7,-0.17200908698912,0.25319519726514,-10.17389728813,0.43752531648186,0
812,-0.14252483168705,0.30068004900958,-10.167966279889,0.56256173798523,0
813,-0.1155514737013,0.33899217401004,-10.160303277857,0.68764887616922,0
1170,0.073825850992374,0.45306987228051,-10.153600092274,1.653492402997,0
814,-0.091200301082902,0.36913175297897,-10.151397672827,0.81265614026762,0
815,-0.069684717311517,0.39197447823109,-10.141250483404,0.93756901008363,0
1196,-0.030967954626743,0.4180569884575,-10.121936343542,1.1296147877868,0
1171,0.08349020142762,0.42917948339635,-10.109553035741,1.9132942290938,0
1197,-0.00022553803668457,0.42157482879206,-10.090883155076,1.3884613386396,0
8,-0.40268174123824,0.043193040620773,-10.082658050254,0.062515950048468,0
9,-0.34909988613109,0.09286245325417,-10.080759921009,0.18754146993946,0
10,-0.2999691669717,0.1483140518311,-10.077768067862,0.31254785161029,0
11,-0.25560923529992,0.19740401009275,-10.073682788431,0.4375223397193,0
816,-0.216193889774,0.23634237076785,-10.067691087438,0.5625544768105,0
817,-0.18017511209215,0.26776445492813,-10.05979117186,0.68763136391404,0
1172,0.090415904975044,0.40179910967664,-10.059103430117,2.1719290807621,0
1198,0.024487430862402,0.41681950242808,-10.053455153364,1.646463339496,0
818,-0.14787633647598,0.29178248893647,-10.050794841872,0.81263777388321,0
819,-0.1194505165994,0.30895317743217,-10.040702996243,0.93756089477968,0
1224,-0.069837536050338,0.3262553345621,-10.021489671169,1.1282072409097,0
1199,0.043719672838119,0.40707826402988,-10.00967510604,1.9034638139782,0
1173,0.095307432795599,0.37315011182506,-10.002282046873,2.4292391968799,0
1225,-0.031678252381889,0.32504881127872,-9.9905485764853,1.3842406015399,0
12,-0.4868045817712,0.032112115222428,-9.9825336594139,0.062513823642021,0
13,-0.4327568208149,0.071357047516515,-9.9804596772565,0.18753594141425,0
14,-0.37901306464004,0.11603214488318,-9.9774378010507,0.31254147272898,0
15,-0.32789121074748,0.15622431629816,-9.9734682887316,0.43751936295675,0
820,-0.28115639961059,0.18773883989373,-9.9674158949871,0.56254721563578,0
1200,0.058776388732998,0.39441413360632,-9.9595696459196,2.1593063938257,0
821,-0.23806135625752,0.21325949064815,-9.9592790658634,0.68761385165886,0
1226,-0.0027396068049003,0.317006399993,-9.9533102144547,1.639434275995,0
822,-0.19909973922189,0.23220877167145,-9.9501920109175,0.8126194074988,0
823,-0.16431736551918,0.24510631532337,-9.9401555090828,0.93755277947572,0
1174,0.098642216536108,0.34466084615338,-9.9391235439187,2.6850676255643,0
1252,-0.10528474646875,0.25645876985136,-9.9210429987956,1.1267996940326,0
1227,0.018290222298791,0.30487375710406,-9.9097971763393,1.8936333988626,0
1201,0.07090346755286,0.38067513119669,-9.9031692545521,2.4138354155342,0
1253,-0.061043988518296,0.25261459980982,-9.8902139978947,1.3800198644402,0
16,-0.55286662708073,0.024836804142921,-9.8824092685739,0.062511697235574,0
17,-0.49932885184756,0.056134450914679,-9.8801594335038,0.18753041288904,0
18,-0.44250035202309,0.092025421948332,-9.8771075342389,0.31253509384766,0
19,-0.38616548959614,0.12470399239716,-9.8732537890319,0.43751638619419,0
1175,0.10072533663407,0.31705456002306,-9.8696664448435,2.939258317959,0
824,-0.33330660744125,0.14989165402354,-9.8671407025358,0.56253995446105,0
1228,0.03353827581901,0.29065256846512,-9.8600358617228,2.1466837068893,0
825,-0.28401099122448,0.17035199674164,-9.8587669598663,0.68759633940368,0
1254,-0.028656660572079,0.24281148023199,-9.8531652755451,1.632405212494,0
826,-0.23893496987978,0.18501200401144,-9.8495891799627,0.8126010411144,0
1202,0.080971422914569,0.36701319419097,-9.8405082434604,2.6668960159407,0
827,-0.19820090376338,0.19441064757377,-9.8396080219224,0.93754466417177,0
1280,-0.13196079790396,0.20153523113457,-9.8205963264224,1.1253921471555,0
1255,-0.006044068316526,0.22930146866053,-9.8099192466386,1.8838029837469,0
1229,0.04490113531406,0.27613667694259,-9.8040564622312,2.3984316341885,0
1176,0.10171792355434,0.29068405353287,-9.7939531151825,3.1916562244188,0
1281,-0.082403054857625,0.19644979640877,-9.7898794193041,1.3757991273405,0
20,-0.60542441901294,0.019673867729664,-9.7822848777333,0.062509570829127,0
21,-0.55248879632425,0.044819243302523,-9.7798591897507,0.18752488436383,0
22,-0.49339572951488,0.073653316010501,-9.7767772674269,0.31252871496635,0
23,-0.43297806755701,0.10011763734075,-9.7730392893323,0.43751340943164,0
1203,0.089551959460588,0.35393246689548,-9.771624733662,2.9183342244718,0
828,-0.37508595191176,0.12007229844422,-9.7668655100845,0.56253269328633,0
1256,0.009492079066682,0.21413964016638,-9.760502077526,2.1340610199529,0
829,-0.32053658815628,0.13631655444337,-9.7582548538692,0.6875788271485,0
1282,-0.046604416675907,0.18571632899785,-9.7530203366356,1.6253761489929,0
830,-0.27013408589742,0.14746657396871,-9.7489863490077,0.81258267472999,0
1230,0.053700491693549,0.26241871691974,-9.7418929430024,2.6487244063171,0
831,-0.22414728127809,0.15413769559261,-9.7390605347617,0.93753654886781,0
1308,-0.15248292853981,0.1583466785378,-9.720149654049,1.1239846002785,0
1177,0.10177076435769,0.26603776774328,-9.7120297369262,3.4421073881037,0
1283,-0.022191908005829,0.17134560864224,-9.7100413169379,1.8739725686313,0
1257,0.02028282513183,0.19916150487365,-9.7049436699103,2.3830278528427,0
1204,0.097004320633528,0.34158688489743,-9.6965606321895,3.1679970579891,0
1309,-0.098225780332117,0.1528790042408,-9.6895448407133,1.3715783902408,0
24,-0.64770825068559,0.015805100728704,-9.6821604868928,0.06250744442268,0
25,-0.59518620298179,0.036112891358493,-9.6795589459974,0.18751935583863,0
26,-0.53427507770114,0.059295967780439,-9.6764470006145,0.31252233608503,0
1231,0.060811648035057,0.2499415167087,-9.6735830224807,2.8974101309847,0
27,-0.47056412955599,0.080670272789378,-9.6728247896321,0.43751043266908,0
832,-0.40850622332689,0.09638312188615,-9.6665903176326,0.5625254321116,0
1284,-0.0061171061708452,0.15561176956737,-9.6609682933293,2.1214383330165,0
833,-0.34950289272897,0.109176907964,-9.6577427478715,0.68756131489333,0
1310,-0.059153967394765,0.14165785845492,-9.6528753977258,1.6183470854919,0
834,-0.29450374771938,0.11752682351359,-9.6483835180523,0.81256430834558,0
1258,0.027993280700587,0.18548401466897,-9.6432776425444,2.6305527966934,0
835,-0.24394404443947,0.1221400746141,-9.6385130476007,0.93752843356386,0
1178,0.10112643073142,0.24322622132272,-9.6239462801152,3.6904590395988,0
1336,-0.16838344698575,0.12440323742782,-9.6197029816752,1.1225770534014,0
1205,0.10356081473638,0.32970252013789,-9.6153616069617,3.4157326128126,0
1311,-0.032924297877105,0.12679201470224,-9.6101633872369,1.8641421535156,0
1285,0.004312481014561,0.14047013760235,-9.6058308775893,2.3676240714969,0
1232,0.066812991485152,0.23878207022012,-9.5991681491968,3.1443378915595,0
1337,-0.10987305467484,0.11893385610936,-9.5892102621221,1.3673576531411,0
28,-0.68194360910888,0.012794219014074,-9.5820360960528,0.062505318016233,0
29,-0.62960163908475,0.029245222040575,-9.5792587022447,0.18751382731342,0
30,-0.56713507580457,0.04789654869254,-9.5761167338027,0.31251595720371,0
1259,0.033754057232611,0.17355581273863,-9.5755413112993,2.8764860374975,0
31,-0.50069800914203,0.065114426914866,-9.5726102899324,0.43750745590653,0
836,-0.4351650626317,0.077429216484383,-9.5663151251811,0.56251817093688,0
1312,-0.016242207720462,0.1108784571337,-9.5614345091322,2.1088156460801,0
837,-0.37237830496842,0.087426026666794,-9.5572306418741,0.68754380263815,0
1338,-0.067663517211656,0.10744041658604,-9.5527304588158,1.6113180219909,0
838,-0.31343962707027,0.093587041906687,-9.5477806870971,0.81254594196117,0
1286,0.011120008624289,0.12711155445033,-9.5446623420863,2.6123811870698,0
839,-0.25898368772469,0.096689779592083,-9.5379655604398,0.9375203182599,0
1179,0.099975560112805,0.22225050167889,-9.5297564721242,3.9365596908991,0
1206,0.10936100924738,0.31818611808058,-9.5280770588013,3.661390157734,0
1364,-0.18072542215783,0.097706110719857,-9.5192563093014,1.1211695065243,0
1233,0.072069558484203,0.22884945840273,-9.5186934769975,3.3893578375215,0
1339,-0.039671205062181,0.092442264147462,-9.5102854575357,1.8543117384,0
1313,-0.0060809343637609,0.096013579824253,-9.5067180852682,2.3522202901511,0
1260,0.03831508884962,0.16343023139461,-9.501775666204,3.1206787251297,0
1365,-0.11829714452398,0.092344795668979,-9.488875683531,1.3631369160414,0
32,-0.70990072337134,0.010390330450087,-9.4819117052131,0.062503191609787,0
33,-0.65753294369798,0.023733009165449,-9.4789584584922,0.18750829878821,0
1287,0.015727943438749,0.1160136926323,-9.4774996001179,2.8555619440102,0
34,-0.59367907335218,0.038739580109439,-9.475786466991,0.3125095783224,0
35,-0.5249321838734,0.052562239865552,-9.4723957902328,0.43750447914398,0
840,-0.45646580117171,0.062173872460375,-9.4660399327297,0.56251090976215,0
1340,-0.022392911090947,0.076843188380605,-9.461900724935,2.0961929591437,0
841,-0.39044730546016,0.069915049135991,-9.4567185358768,0.68752629038297,0
1366,-0.073088545502449,0.080740652480867,-9.4525855199058,1.6042889584899,0
842,-0.32814730668877,0.074389605126619,-9.4471778561419,0.81252757557677,0
1314,-4.2042622927534e-05,0.083494864061083,-9.446047041628,2.5942095774461,0
843,-0.27044619301102,0.076404564487269,-9.4374180732788,0.93751220295595,0
1207,0.11451412870377,0.30700034829198,-9.4347600911129,3.9048202266275,0
1234,0.076807537057144,0.21999396194294,-9.4322078374877,3.6323212758693,0
1180,0.098459845756634,0.20307390290429,-9.4295177653275,4.1802592264232,0
1261,0.042164435131065,0.1549848846823,-9.4220253470332,3.3629830622304,0
1392,-0.19030815401742,0.076607024698826,-9.4188096369277,1.1197619596472,0
1367,-0.043457793997104,0.066082956589043,-9.4104075278345,1.8444813232845,0
1341,-0.012488185636729,0.062861216456805,-9.4076052929468,2.3368165088054,0
1288,0.019080234184564,0.10719012627178,-9.4043831832112,3.0970195587,0
1393,-0.12423296371833,0.071399935967557,-9.3885411049399,1.3589161789417,0
36,-0.7331749927423,0.0084630567096574,-9.3817873143741,0.06250106520334,0
1315,0.0036175425897738,0.073821282264906,-9.3794578889364,2.8346378505231,0
37,-0.68061825420027,0.019290224682884,-9.3786582147403,0.187502770263,0
38,-0.61548152611849,0.031365993258361,-9.3754562001797,0.31250319944108,0
39,-0.54472303638002,0.0424185041066,-9.3721812905334,0.43750150238142,0
844,-0.47371296560921,0.049903647423059,-9.3657647402783,0.56250364858743,0
1368,-0.025660288742041,0.051431280084339,-9.3623669407378,2.0835702722074,0
845,-0.40488040904974,0.055833635367134,-9.3562064298795,0.68750877812779,0
1394,-0.076227139254117,0.059923018952498,-9.3524405809958,1.597259894989,0
1342,-0.0071558202908217,0.051937822254344,-9.3474317411695,2.5760379678225,0
846,-0.33969197855978,0.059021109252689,-9.3465750251867,0.81250920919236,0
1235,0.081169608452643,0.21205250977541,-9.3397637101019,3.8730807623559,0
847,-0.27929577675955,0.060251762606732,-9.3368705861179,0.937504087652,0
1262,0.045604649855506,0.14802430240396,-9.336338616174,3.6032523940046,0
1208,0.11910769567439,0.29612647485967,-9.3354674779619,4.1458747081202,0
1289,0.021782339985484,0.10042912026645,-9.3253572170688,3.3366082869392,0
1181,0.09669397809287,0.1856314823796,-9.3232913015124,4.4214089959881,0
1420,-0.19779878395787,0.059859870678184,-9.3183629645539,1.1183544127701,0
1395,-0.045158372817403,0.046172445640406,-9.3105295981334,1.8346509081689,0
1369,-0.016072021558516,0.039096747192258,-9.3084925006255,2.3214127274598,0
1316,0.0060434289833668,0.06688624177426,-9.3069907002182,3.0733603922702,0
1421,-0.12827107527691,0.054757916635087,-9.2882065263488,1.3546954418421,0
1343,-0.0042840639836616,0.044519857572209,-9.2814161777546,2.8137137570359,0
40,-0.75269866427211,0.0069897140171606,-9.2726622182279,0.062500002000116,0
41,-0.69988857038797,0.015785186073959,-9.2694854049637,0.1875000060004,0
42,-0.63356062221405,0.0255079803034,-9.2663085916995,0.31250001000043,0
43,-0.5610394546227,0.034302344258444,-9.2631317784353,0.43750001400014,0
1396,-0.027013424033414,0.033189964664625,-9.2628331565407,2.0709475852711,0
848,-0.48778705816814,0.04012516262913,-9.2567654680122,0.56250001800007,0
1422,-0.077799421865228,0.043823953722427,-9.2522956420857,1.590230831488,0
1370,-0.011444083648188,0.030692207080913,-9.2488164407112,2.5578663581991,0
849,-0.41647725410985,0.044584977696254,-9.2472096604301,0.6875000220002,0
1263,0.048822767091383,0.14232364139896,-9.2447673290907,3.8413412980842,0
1236,0.08524482508715,0.20487281068569,-9.2414171905966,4.1114901898173,0
1290,0.024200848352417,0.09542759909121,-9.2404693948603,3.5741835121397,0
850,-0.3488005658937,0.046767313220879,-9.237653852848,0.81250002600016,0
1209,0.12321681877878,0.28555957989552,-9.2302596291229,4.3844069367996,0
1317,0.0079405519361158,0.062284319474654,-9.2286890871043,3.3102335116481,0
851,-0.28616026504119,0.047383496967225,-9.228098045266,0.93750003000002,0
1182,0.094776655830461,0.16984026027462,-9.2111418746816,4.6598619050815,0
1423,-0.045548177487817,0.031534376211449,-9.2106516684322,1.8248204930533,0
1448,-0.20358470830738,0.046554102594599,-9.2097851530733,1.1169850721481,0
1344,-0.0025209954249008,0.040192144113296,-9.2095982172251,3.0497012258406,0
1397,-0.017909624529192,0.023345852767942,-9.2093797083042,2.3060089461142,0
1371,-0.0092266662046271,0.026379911698647,-9.183374466573,2.7927896635489,0
1449,-0.13091221949454,0.041491069764857,-9.1798882302523,1.3505929565007,0
1424,-0.027328631519159,0.020885035449983,-9.1632993723434,2.0583248983347,0
44,-0.77079257974278,0.0055835000422061,-9.1545364167744,0.062500002000117,0
45,-0.71755936885158,0.012592908307601,-9.1514400291623,0.1875000060004,0
1398,-0.014061899952799,0.018310965921713,-9.1502011402529,2.5396947485756,0
1291,0.026549310092734,0.091858653204044,-9.1497709480795,3.8096018338125,0
46,-0.64995791720221,0.020226846361901,-9.1483436415502,0.31250001000043,0
1264,0.051931627666778,0.13765950949498,-9.1473669032311,4.0771056715142,0
47,-0.57569741066888,0.026993690372463,-9.1452472539381,0.43750001400014,0
1318,0.0097080871597508,0.05952898817454,-9.1446001735464,3.545114630275,0
1450,-0.07846494726574,0.031391928686795,-9.1443470802363,1.5834076734318,0
852,-0.50023319300149,0.031390241622972,-9.1390421159308,0.56250001800007,0
1237,0.089090365912716,0.19832016463723,-9.1372279567336,4.3474048776112,0
1345,-0.0010982973250754,0.038211544400031,-9.1320209571397,3.283858736357,0
853,-0.42649658882472,0.034580001449104,-9.1297282275281,0.68750002200021,0
854,-0.35646314454374,0.03592064724212,-9.1204143391255,0.81250002600017,0
1210,0.12690734702048,0.27530391473152,-9.119200553375,4.6202717821833,0
1372,-0.0078838926768183,0.025135218315633,-9.1122057342321,3.0260420594111,0
855,-0.29176880392988,0.036021005842243,-9.1111004507229,0.93750003000002,0
1425,-0.019004032440402,0.01422986867942,-9.1102669159829,2.2906051647685,0
1451,-0.045454306670222,0.02109903980035,-9.1031827056516,1.8152919276843,0
1183,0.092793537683542,0.15560584766691,-9.0931378919351,4.8954725036645,0
1476,-0.20826662150844,0.034728704778278,-9.0930762024859,1.1156539377813,0
1399,-0.01240463179182,0.017454399464345,-9.0853327553914,2.7718655700619,0
1477,-0.13237294458967,0.029686867550092,-9.0635862166502,1.3466087229177,0
1452,-0.027440882952016,0.013177561207192,-9.0564194487077,2.0461089745046,0
1319,0.011552583689584,0.058164507696082,-9.0547745670682,3.7778623695408,0
1292,0.028945124240268,0.089415079510732,-9.0533166158657,4.0427211532112,0
1426,-0.01605619089864,0.012759763224359,-9.0515858397944,2.521523138952,0
1346,0.00036490390179709,0.037873157556836,-9.0487309522323,3.5160457484103,0
1265,0.054996514931373,0.13382583678371,-9.0441962843441,4.3104028184226,0
48,-0.78505362933073,0.0044811360619164,-9.0364106153209,0.062500002000117,0
1373,-0.0066584943400452,0.025809946654556,-9.0353528271752,3.2574839610661,0
49,-0.73133511144089,0.010119607358821,-9.0333946533609,0.1875000060004,0
50,-0.66261229604391,0.016141155745456,-9.0303786914009,0.31250001000043,0
1478,-0.078300571432737,0.02070191261765,-9.0285948954473,1.5767904208205,0
51,-0.58686500226119,0.021339244646985,-9.0273627294409,0.43750001400014,0
1238,0.092745254675901,0.19227906029511,-9.0272592320685,4.5806816592852,0
856,-0.5095623661234,0.024628136753695,-9.0213187638493,0.56250001800007,0
1400,-0.011299044599944,0.018931082283974,-9.0148132512391,3.0023828929816,0
857,-0.43383940604817,0.026850130818972,-9.0122467946261,0.68750002200022,0
1453,-0.020165494960138,0.0098343193188606,-9.0040849763916,2.2757227030597,0
858,-0.36190340451319,0.027568302723601,-9.0031748254029,0.81250002600017,0
1211,0.13023896258817,0.26536793149412,-9.0023578198772,4.8533257363066,0
859,-0.29556154546729,0.027294453335288,-8.9941028561797,0.93750003000003,0
1479,-0.045108788066658,0.012863862880033,-8.9881227097914,1.8060652120619,0
1427,-0.014818871645548,0.014490210464944,-8.9872910442096,2.7509414765748,0
1504,-0.2113332671718,0.025633175447225,-8.9763672518982,1.1143228034144,0
1184,0.090817597220467,0.14282558269557,-8.9693513322497,5.1280970741325,0
1347,0.0020280896575374,0.038633329823211,-8.9597781860567,3.7461229052692,0
1320,0.013568966078681,0.057812790122298,-8.9592663285001,4.0083366349081,0
1374,-0.0052516952349583,0.027590907747225,-8.9528617309185,3.4869768665457,0
1293,0.031446223040501,0.087829871932458,-8.9511646119547,4.273400759234,0
1505,-0.13296781135783,0.020677923974448,-8.9472842030479,1.3426244893346,0
1454,-0.017985320613418,0.01090118145698,-8.9462102638641,2.5039977181702,0
1480,-0.027832992116678,0.0081726312318343,-8.9421933856335,2.0342998137808,0
1401,-0.010111835525963,0.021452975495847,-8.9386846972108,3.2311091857752,0
1266,0.058053140949863,0.13064123095405,-8.935317910762,4.541091536387,0
52,-0.79659126865288,0.0036258325834393,-8.9182848138671,0.062500002000117,0
1428,-0.013812509935549,0.01731496763354,-8.917420768246,2.9787237265519,0
53,-0.74235691789251,0.0082142617925167,-8.9153492775593,0.1875000060004,0
1506,-0.0781219532782,0.01306354596562,-8.9128427106581,1.5701731682092,0
54,-0.67260694442912,0.013001413819511,-8.9124137412514,0.31250001000043,0
1239,0.096237931248256,0.18665312926461,-8.9115777478196,4.8111789689488,0
55,-0.59554407864485,0.017002310789723,-8.9094782049436,0.43750001400014,0
860,-0.51666299045461,0.019447013923268,-8.9035954117678,0.56250001800007,0
861,-0.43926999030477,0.020941638460051,-8.8947653617239,0.68750002200022,0
1481,-0.021701881820863,0.007782114133783,-8.8908338895305,2.261361560988,0
862,-0.36575472446631,0.021203301265357,-8.8859353116801,0.81250002600018,0
1455,-0.017001999904907,0.013682917177537,-8.8828295765308,2.7307994184815,0
1212,0.13326655238566,0.25576051004897,-8.8798025175468,5.0834270002628,0
863,-0.29804677158154,0.020658378883133,-8.8771052616362,0.93750003000003,0
1507,-0.045333613777866,0.0076263907401766,-8.873062713931,1.7968384964394,0
1348,0.0039422168490802,0.040108794677839,-8.8652160411344,3.9739521166052,0
1375,-0.003577865281826,0.029986699832582,-8.8647818050455,3.7143834409979,0
1532,-0.21323222958375,0.018711856186594,-8.8596583013103,1.1129916690476,0
1321,0.015791193531468,0.058178989904223,-8.8581329395651,4.2363987000455,0
1402,-0.0086778608933024,0.024413505903727,-8.8569925096047,3.4579079846812,0
1294,0.034075418200469,0.08688101732501,-8.8433765894554,4.5015014134887,0
1429,-0.012659735090986,0.020467884821094,-8.8420165672462,3.2047344104842,0
1185,0.088909094443531,0.13139037337871,-8.8398577020526,5.3575937201724,0
1482,-0.020089500620461,0.010137905455109,-8.834074412462,2.4871184862302,0
1533,-0.13306655263375,0.01393928619947,-8.8309821894454,1.3386402557516,0
1508,-0.028892373668611,0.0055031776481713,-8.8279673225591,2.0224906530569,0
1267,0.061119376071714,0.12795175775619,-8.8207976757618,4.7690322015908,0
1456,-0.016123234889402,0.016876747410888,-8.8139804490361,2.955994078885,0
56,-0.80606368085051,0.0029746116032208,-8.8001590124134,0.062500002000117,0
57,-0.75129677639852,0.006767077477474,-8.7973039017577,0.1875000060004,0
1534,-0.078086620324275,0.0078005103962592,-8.7970905258688,1.5635559155979,0
58,-0.68059066685572,0.010616722579641,-8.7944487911021,0.31250001000043,0
59,-0.60234284675537,0.013710817571345,-8.7915936804464,0.43750001400015,0
1240,0.099590606565738,0.18136371977535,-8.7902537028441,5.0387569263932,0
864,-0.5220829016857,0.015514074446918,-8.7858720596863,0.56250001800007,0
1509,-0.023530797633822,0.0068000301751412,-8.7775828026692,2.2470004189163,0
865,-0.44326325443685,0.016463902145412,-8.7772839288218,0.68750002200023,0
1483,-0.019328746626019,0.013320592083473,-8.7719483523549,2.7114393957821,0
1376,-0.0016306401027346,0.032712172239292,-8.7711657537689,3.9395675983025,0
1403,-0.0069791166770849,0.027550243981386,-8.7697854240343,3.6826439767265,0
866,-0.36841489693718,0.016389791243792,-8.7686957979572,0.81250002600019,0
1349,0.006110551298179,0.042036850619176,-8.7651012671754,4.1993966408571,0
1430,-0.011276972380961,0.023720946211236,-8.7611232882907,3.4288391028166,0
867,-0.29954857637622,0.015648479741506,-8.7601076670927,0.93750003000003,0
1535,-0.0460081598277,0.0044057561961527,-8.7580027180704,1.787611780817,0
1213,0.13604028961421,0.24648813343076,-8.7516092113365,5.3104355715681,0
1322,0.018221997831334,0.059038683038495,-8.7514352681487,4.4619112905905,0
1560,-0.21425362156694,0.013483691358343,-8.7429493507224,1.1116605346807,0
1457,-0.015080011071246,0.020164633528186,-8.7397036634579,3.1794489282092,0
1295,0.036835930953856,0.086388892713416,-8.730017603704,4.7268854342327,0
1510,-0.022295175594226,0.0097022685928679,-8.7219385610596,2.4702392542902,0
1561,-0.13291506444045,0.0089922676349451,-8.7146801758429,1.3346560221686,0
1536,-0.03031505913725,0.0039789251715337,-8.7137412594845,2.0106814923331,0
1186,0.08711558613384,0.12118653365397,-8.7047359881586,5.5838224550474,0
1484,-0.018571740088308,0.016643917976951,-8.7044922936094,2.9341939499807,0
1268,0.064202759832218,0.12563043795878,-8.7007048881412,4.9940868525234,0
60,-0.81397443076019,0.0024874636115937,-8.6820332109595,0.062500002000117,0
1562,-0.078264737805235,0.0043034459156955,-8.6813383410794,1.5569386629866,0
61,-0.75866160373573,0.0056843298085113,-8.6792585259561,0.1875000060004,0
1404,-0.0050298342279079,0.030741094912948,-8.6771154664034,3.9051830799998,0
62,-0.68705161343025,0.0088290910931671,-8.6764838409526,0.31250001000043,0
1431,-0.0096521022837468,0.026989338901421,-8.6747890430229,3.650904512455,0
63,-0.60771741470162,0.011241505253053,-8.6737091559492,0.43750001400015,0
1377,0.0005718025594706,0.035597722491595,-8.672069594786,4.1623945816689,0
868,-0.52623243923193,0.012559263647329,-8.6681487076049,0.56250001800007,0
1537,-0.025524855624278,0.0061966914740008,-8.6643317158077,2.2326392768445,0
1241,0.10282195866789,0.17634761121838,-8.6633607206206,5.2632774229638,0
1511,-0.021696048788527,0.013045516539639,-8.6610671281787,2.6920793730826,0
1458,-0.013806307160484,0.0234588173219,-8.6600432252369,3.4010322275831,0
869,-0.44617394663164,0.013101671023975,-8.6598024959197,0.68750002200023,0
1350,0.0085172633241247,0.04423559775982,-8.6594939468419,4.4223211676924,0
870,-0.37018225168828,0.012779842942317,-8.6514562842346,0.8125000260002,0
871,-0.30031752575862,0.011895014219786,-8.6431100725495,0.93750003000004,0
1563,-0.047078165166573,0.0024555156738249,-8.6429427222098,1.7783850651946,0
1323,0.020849280494659,0.06022187450571,-8.6392375316462,4.6847386668748,0
1485,-0.017622780798523,0.019965801509829,-8.6317459858459,3.1552527389502,0
1588,-0.21463183981191,0.0095654113180924,-8.6262404001347,1.1103294003138,0
1214,0.13860531172235,0.23755300902286,-8.6178558959434,5.5342133309289,0
1296,0.039720760276674,0.086210662539549,-8.6111560734383,4.9494167786536,0
1538,-0.024563378430585,0.009364988616407,-8.6098027096572,2.4533600223502,0
1564,-0.032032694335005,0.0029982701771482,-8.5995151964098,1.9988723316093,0
1589,-0.13262274101156,0.005452517412065,-8.5983781622406,1.3306717885856,0
1512,-0.021039390311476,0.016415642268524,-8.5950041381826,2.9123938210765,0
1432,-0.0077909553135928,0.030229188669764,-8.5830651790378,3.870798561697,0
1405,-0.0028488510204247,0.033918802672077,-8.5790379223966,4.1253925224807,0
1269,0.067305301382409,0.12357471711783,-8.5751122299045,5.2161192743594,0
1459,-0.012290532994231,0.02672194446039,-8.5750463365356,3.620613350354,0
1378,0.0030053253451991,0.038535698458806,-8.5675526255354,4.3827310447945,0
1590,-0.078892290539253,0.0020843112202328,-8.5655861562902,1.5503214103753,0
1187,0.085472093076724,0.11209780512931,-8.5640686101653,5.8066452857168,0
64,-0.82072624285603,0.0021288958867194,-8.563907409506,0.062500002000117,0
65,-0.76485265616835,0.0048865215384645,-8.5612131501546,0.1875000060004,0
66,-0.69237400592142,0.0075070099916024,-8.5585188908033,0.31250001000043,0
67,-0.61202455606636,0.0094105533756273,-8.5558246314519,0.43750001400015,0
1486,-0.01643442236268,0.023249730413746,-8.5537523204431,3.3744873589808,0
1565,-0.027628551427761,0.005724110742759,-8.5510806289462,2.2182781347728,0
872,-0.5294295694533,0.010362136224808,-8.5504253555234,0.56250001800008,0
1539,-0.024091917681037,0.012780419230011,-8.5501859040025,2.6727193503832,0
1351,0.011139829088457,0.046575579842964,-8.5484574595882,4.6425918995169,0
873,-0.44827416276741,0.010599589208186,-8.5423210630177,0.68750002200024,0
874,-0.37128480914666,0.010093086584669,-8.5342167705119,0.8125000260002,0
1242,0.10594871130942,0.1715544905529,-8.5309758037284,5.4846042068104,0
1591,-0.048350915174273,0.0012114317965695,-8.5278827263494,1.7691583495722,0
875,-0.30054880665376,0.0091002631683853,-8.5261124780062,0.93750003000004,0
1513,-0.020175758264686,0.019736346803931,-8.5237883082337,3.1310565496913,0
1324,0.023654604535106,0.061599341270234,-8.5216072587354,4.9047467047839,0
1616,-0.21453863082309,0.0066679352353881,-8.5095314495471,1.108998265947,0
1566,-0.026873511971468,0.0090556232172377,-8.4976668582546,2.4364807904102,0
1297,0.042718169924674,0.086233949888128,-8.4868637391884,5.1689611257549,0
1433,-0.0057049735230529,0.033409036136207,-8.4860062500071,4.0883904632923,0
1540,-0.02352241107795,0.016163244998205,-8.4855159827556,2.8905936921722,0
1592,-0.033841335885376,0.0022853444690856,-8.4852891333354,1.9870631708854,0
1460,-0.010537012038513,0.02992952993099,-8.4847633681891,3.8380628593689,0
1617,-0.13246114027631,0.0030070190247956,-8.4820761486384,1.3266875550025,0
1215,0.14100126802754,0.22895205399807,-8.4786239488862,5.7546241251224,0
1406,-0.00045517879509318,0.037037887683289,-8.475611304229,4.3431409218967,0
1487,-0.014998848438993,0.026476957938589,-8.4705573045723,3.5917704904237,0
1379,0.0056453307802287,0.041452206072166,-8.4576773875306,4.6004451321593,0
1618,-0.079753332214658,0.00068297006421494,-8.449833971501,1.5437041577639,0
1514,-0.019068650362459,0.02299266301276,-8.4474614156493,3.3479424903786,0
68,-0.82663391092886,0.0018701957112829,-8.4457816080525,0.062500002000117,0
1270,0.070426449807243,0.12170309520769,-8.4440957115133,5.4349950826918,0
69,-0.77018241537691,0.0043097403776779,-8.4431677743533,0.1875000060004,0
70,-0.69685583215509,0.0065453525116732,-8.440553940654,0.31250001000043,0
1567,-0.026505765903836,0.01250178798155,-8.4393046798261,2.6533593276838,0
71,-0.61553969838699,0.0080719972101603,-8.4379401069547,0.43750001400015,0
1593,-0.029815526263971,0.0052963328086184,-8.4378295420849,2.2039169927011,0
876,-0.53191782500923,0.008748108281008,-8.4327020034419,0.56250001800008,0
1352,0.013954069637997,0.048961846233527,-8.4320584440324,4.8600766309143,0
877,-0.44976991647666,0.0087562001362778,-8.4248396301156,0.68750002200025,0
1188,0.084001535234587,0.10400743809053,-8.4179413712818,6.0259262952919,0
878,-0.37189305389457,0.0081079677911461,-8.4169772567893,0.81250002600021,0
1541,-0.022737101069794,0.019465207274849,-8.4158306306214,3.1068603604324,0
1619,-0.049669253544664,0.00032764533986783,-8.412822730489,1.7599316339498,0
879,-0.30038793129412,0.0070269082846092,-8.4091148834629,0.93750003000004,0
1325,0.026617452764648,0.06307222566954,-8.3986152484723,5.1218029771505,0
1243,0.10898639839455,0.16694448242374,-8.3931792876072,5.7026029645281,0
1644,-0.21406088731451,0.004580559061394,-8.3928224989593,1.1076671315801,0
1461,-0.0085558076374279,0.033059383064718,-8.389247830517,4.0532525821986,0
1594,-0.029214196283177,0.008751598420055,-8.3855310068523,2.4196015584702,0
1434,-0.0034084889582258,0.03650121883319,-8.3836699829223,4.3035507989987,0
1488,-0.013320655693614,0.029631514153721,-8.3822100338574,3.8069759730158,0
1568,-0.026013281797683,0.015877955924021,-8.3760278273285,2.868793563268,0
1620,-0.035692646572353,0.0017448819403457,-8.371063070261,1.9752540101615,0
1407,0.0021321102008925,0.040062472563566,-8.366897315473,4.5582983648018,0
1515,-0.017711706860266,0.026174814454603,-8.3660682726089,3.5629276304934,0
1645,-0.13261403033463,0.0013653040908899,-8.365774135036,1.3227033214195,0
1298,0.045814827313328,0.086370975410984,-8.3572156192981,5.3853859585731,0
1380,0.00846808974506,0.04429294047305,-8.3425096293297,4.8154065570449,0
1542,-0.021706630420647,0.022683433870926,-8.3411705108553,3.3213976217764,0
1646,-0.080644133408998,-0.00026112309200896,-8.3340817867118,1.5370869051526,0
1216,0.1432618889746,0.22067655064115,-8.3339980819521,5.9715338483324,0
1595,-0.028929903183353,0.01220232282868,-8.32842345565,2.6339993049844,0
72,-0.83194105126388,0.0016885231575537,-8.3276558065987,0.062500002000117,0
73,-0.77489214408101,0.0039032761223233,-8.3251223985517,0.1875000060004,0
1621,-0.032068444410068,0.0048948909109854,-8.3245784552236,2.1895558506294,0
74,-0.70072633080206,0.0058610775314293,-8.3225889905046,0.31250001000043,0
75,-0.61847371135283,0.0071110751401784,-8.3200555824575,0.43750001400015,0
880,-0.53388228170958,0.0075804764755201,-8.3149786513605,0.56250001800008,0
1353,0.016936114594339,0.051322961460921,-8.3103667577561,5.0746448285463,0
1569,-0.025299891428632,0.019149385462563,-8.3078729530091,3.0826641711734,0
1271,0.073564796756681,0.11995160429736,-8.307734626328,5.6505818039337,0
881,-0.4508161429999,0.0074148900676202,-8.3073581972136,0.68750002200025,0
882,-0.37213279098722,0.0066545561330238,-8.2997377430667,0.81250002600022,0
1647,-0.051039704409543,-0.00034732284612885,-8.2977627346285,1.7507049183273,0
883,-0.29994491799184,0.0054977079513329,-8.2921172889198,0.93750003000005,0
1489,-0.011409404783069,0.032695978669208,-8.2887626639264,4.0199788791995,0
1462,-0.0063602365489465,0.036088957754099,-8.2885563412192,4.2660556880684,0
1516,-0.01610886294727,0.029271571302593,-8.2796566995256,3.7758890866627,0
1435,-0.00091794888893266,0.039479753660385,-8.2761172434152,4.516151597444,0
1672,-0.2134154792614,0.0031200581721529,-8.2761135483718,1.1063359972132,0
1622,-0.031574913004572,0.0084454718401222,-8.2733951554499,2.4027223265302,0
1326,0.029717353268646,0.064564477289519,-8.2703355270829,5.3357768344546,0
1596,-0.028505509501394,0.015557441400078,-8.2665396719017,2.8469934343638,0
1189,0.082715466517378,0.096800176010669,-8.2664434050574,6.2415317275086,0
1543,-0.020424966633128,0.025813748957651,-8.2615792406454,3.5340847705632,0
1648,-0.037593934682693,0.0013120744535347,-8.2568370071865,1.9634448494377,0
1408,0.0048936725001582,0.042962078723856,-8.252960814627,4.7707364831756,0
1244,0.11194959857107,0.16248583198476,-8.2500547926226,5.9171414013729,0
1673,-0.13289600686968,0.00027684831470558,-8.2494721214339,1.3187190878365,0
1570,-0.024341220113836,0.02232155265964,-8.2348796060613,3.2948527531741,0
1299,0.048997511292285,0.086553555660663,-8.2222899650488,5.5985606433392,0
1381,0.011450917725222,0.047016094197523,-8.2221182670403,5.0274866799423,0
1674,-0.081556031467577,-0.00095995000400179,-8.2183296019228,1.5304696525413,0
1623,-0.031356431041223,0.011880258908476,-8.2175422314738,2.6146392822849,0
1649,-0.034341286896892,0.00453811774039,-8.2113273683622,2.1751947085576,0
76,-0.83683494541147,0.0015659032957839,-8.2095300051453,0.062500002000118,0
77,-0.77916695778645,0.0036272862344337,-8.2070770227503,0.1875000060004,0
78,-0.70416083648145,0.0053890188000165,-8.2046240403553,0.31250001000043,0
79,-0.62098730587924,0.0064382115569122,-8.2021710579603,0.43750001400015,0
1597,-0.027858204542815,0.018788969565208,-8.1999152753969,3.0584679819145,0
884,-0.53546324711309,0.0067529207698596,-8.197255299279,0.56250001800008,0
1490,-0.0092779766252814,0.035651022664598,-8.1902703791197,4.2306555891058,0
885,-0.45152990692317,0.0064549963527197,-8.1898767643115,0.68750002200026,0
1517,-0.014268644238688,0.032268625681244,-8.1882774973357,3.9867051762004,0
1217,0.14541466126918,0.21271226460285,-8.1840662888341,6.1848105251337,0
1354,0.020063202950063,0.053604253067251,-8.1834554348677,5.2861677103361,0
1463,-0.0039661532663032,0.038995597858485,-8.1827485913738,4.4763467641476,0
1675,-0.052446692822705,-0.00087944467887317,-8.1827027387683,1.7414782027049,0
886,-0.37209839748894,0.0056052600964906,-8.1824982293441,0.81250002600023,0
1544,-0.018895009102047,0.028848148436972,-8.1771033651937,3.7448022003096,0
887,-0.2992977827801,0.0043866655004046,-8.1751196943766,0.93750003000005,0
1272,0.076718941918563,0.11827042854742,-8.1661115032929,5.8627489544133,0
1436,0.0017486106074511,0.042320334179457,-8.1634119999242,4.7260664093061,0
1650,-0.033943330385083,0.0081329689523397,-8.1612593040475,2.3858430945902,0
1700,-0.21272913686088,0.0021073254520749,-8.1594045977842,1.1050048628464,0
1571,-0.023130922027006,0.025394465454914,-8.1570902086818,3.5052419106329,0
1624,-0.030992276583518,0.015201656213848,-8.1570515164748,2.8251933054595,0
1676,-0.039524715583581,0.00095427851541513,-8.1426109441122,1.9516356887138,0
1327,0.032934924052776,0.066017405343395,-8.1368453037696,5.5465394827448,0
1409,0.0078098778569992,0.045710369930893,-8.1338697763245,4.9803285313384,0
1701,-0.13319262016793,-0.00045219494887216,-8.1331701078316,1.3147348542534,0
1598,-0.026966817713186,0.021908392273615,-8.1285887012674,3.2683078845719,0
1190,0.081615032781148,0.09036398021324,-8.1096671206471,6.4533300688471,0
1651,-0.033777199035432,0.011535892016055,-8.1066610072976,2.5952792595854,0
1702,-0.082473062078505,-0.0015021672133846,-8.1025774171337,1.52385239993,0
1245,0.1148518669205,0.15815278599971,-8.101689172611,6.1280893227589,0
1677,-0.036616045629759,0.0042189748599849,-8.098076281501,2.1608335664859,0
1382,0.014572215038868,0.049588736691094,-8.0965753426529,5.2365585862179,0
1518,-0.012203144395268,0.03514905915927,-8.0919844170202,4.1952554901433,0
1625,-0.030405903584844,0.018385117893251,-8.0919575977847,3.0342717926555,0
80,-0.84145870130501,0.0014883246145565,-8.0914042036917,0.062500002000118,0
81,-0.78314815476078,0.0034507018421818,-8.0890316469488,0.1875000060004,0
1545,-0.0171240770542,0.031774737928036,-8.0877923307449,3.9534314732013,0
1491,-0.0069421476599477,0.038476618639361,-8.0867913593489,4.4388838649125,0
82,-0.70729273625701,0.0050783488468744,-8.0866590902059,0.31250001000043,0
83,-0.62320219183266,0.0059838054801664,-8.0842865334631,0.43750001400015,0
1300,0.052253956876695,0.086728908295745,-8.0821682139632,5.8083565074536,0
888,-0.53676657978863,0.00618284452751,-8.0795319471976,0.56250001800008,0
1572,-0.021670667147354,0.028362551808972,-8.0745500308618,3.7137153139565,0
889,-0.45199952476351,0.0057829276950767,-8.0723953314096,0.68750002200026,0
1464,-0.0013913753842685,0.041757518416152,-8.0718873103467,4.6840018890876,0
1703,-0.053872512514897,-0.0013080019262127,-8.0676427429079,1.7322514870825,0
890,-0.37186146081949,0.0048608751575398,-8.0652587156215,0.81250002600023,0
891,-0.29850202467885,0.0035925470475302,-8.0581220998335,0.93750003000005,0
1599,-0.025824190014338,0.024919153614785,-8.0526011767184,3.4763990507026,0
1355,0.023314067038647,0.055763513749129,-8.0514006424905,5.4945183221506,0
1678,-0.036306683957803,0.0078095656108025,-8.0491234526453,2.3689638626502,0
1652,-0.033466793724854,0.014811369191531,-8.0475633610479,2.8033931765552,0
1437,0.0045720261601414,0.045000941647137,-8.0456212856085,4.9331703827342,0
1728,-0.21202514711138,0.001399533230236,-8.0426956471967,1.1036737284795,0
1218,0.14748061454315,0.2050398193593,-8.0289197913107,6.3943243911982,0
1704,-0.041470249574195,0.00064907961507266,-8.0283848810378,1.93982652799,0
1626,-0.029577694996491,0.02144585927735,-8.0222977964735,3.2417630159696,0
1273,0.079887827257977,0.11662077815113,-8.0193120563877,6.0713681203839,0
1729,-0.1334860979003,-0.00095943717884794,-8.0168680942295,1.3107506206704,0
1410,0.010861082406766,0.04828491019339,-8.009695250438,5.1869494620999,0
1328,0.036252353799159,0.067385601552787,-7.9982249246334,5.753964060494,0
1679,-0.036184344855342,0.011169640025799,-7.9957797831216,2.575919236886,0
1546,-0.015123387254949,0.034578667979245,-7.9936984549205,4.1598553911808,0
1519,-0.009927797617373,0.037895041988864,-7.990834127324,4.4014209656775,0
1573,-0.019966483517739,0.031215934310852,-7.9873071641541,3.9201577702023,0
1730,-0.083382395760891,-0.0019300144736646,-7.9868252323447,1.5172351473187,0
1705,-0.038878440195055,0.0039273150178182,-7.9848251946397,2.1464724244141,0
1653,-0.032936961546958,0.017939388264677,-7.9839999201725,3.0100756033965,0
1492,-0.0044199953536702,0.041153416661444,-7.9783867458947,4.6445429225203,0
84,-0.84592106778047,0.0014449556657557,-7.973278402238,0.062500002000118,0
1600,-0.024430604142619,0.027817591297004,-7.97199669653,3.6826284276034,0
85,-0.78694290320728,0.0033494507721508,-7.9709862711473,0.1875000060004,0
86,-0.71022282112506,0.0048897222425365,-7.9686941400565,0.31250001000043,0
87,-0.62520984891682,0.0056939540883512,-7.9664020089658,0.43750001400015,0
1383,0.017811623826008,0.051984808821635,-7.9659559812116,5.4424971615567,0
892,-0.53787129342876,0.0058061047874701,-7.9618085951162,0.56250001800009,0
1465,0.001344822868457,0.044354860858009,-7.9560382285297,4.888898706764,0
893,-0.45229039440481,0.0053256125527099,-7.9549138985076,0.68750002200027,0
1731,-0.055304114744681,-0.001660565688604,-7.9525827470477,1.7230247714601,0
1246,0.11770550828426,0.15392368972103,-7.9481724619744,6.3353187135494,0
1627,-0.028499310976091,0.024390264223037,-7.948112144755,3.4475561907723,0
894,-0.37147417886595,0.0043426569150376,-7.948019201899,0.81250002600024,0
1191,0.080692002373722,0.084591333286769,-7.9477081471954,6.6611921275971,0
895,-0.29759620975251,0.0030303857936638,-7.9411245052905,0.93750003000006,0
1680,-0.035922505203445,0.014387505375733,-7.9380752056211,2.7815930476509,0
1706,-0.03865291117645,0.007470291143416,-7.936987601243,2.3520846307102,0
1301,0.055573169800155,0.0868560811523,-7.9369349401644,6.0146469180089,0
1756,-0.21131198342915,0.00089696976734023,-7.9259866966093,1.1023425941127,0
1438,0.0075326107406909,0.04750250441712,-7.922815158223,5.1373403379815,0
1654,-0.032168261619586,0.020936105710938,-7.9160068916796,3.2152181473673,0
1356,0.026669158872402,0.057767988704401,-7.9142816353037,5.6995716135346,0
1732,-0.043419676070825,0.00037933783838932,-7.9141588179635,1.9280173672661,0
1757,-0.13375598285447,-0.0013317505580262,-7.9005660806276,1.3067663870874,0
1574,-0.018028683119903,0.03394162899628,-7.8954124928209,4.1244552922184,0
1547,-0.012907979009295,0.037244139761236,-7.894876895299,4.3639580664424,0
1601,-0.022790775051373,0.030595567194464,-7.8868219975634,3.8868840672032,0
1707,-0.038570804901311,0.010781613332512,-7.8848985589455,2.5565592141865,0
1520,-0.0074606921710013,0.040489393829974,-7.8848861814426,4.6050839559529,0
1411,0.014028134718485,0.050667115662955,-7.8805113199329,5.3904760009628,0
1681,-0.035445585824804,0.017453377780781,-7.8760422425604,2.9858794141376,0
1733,-0.041116529764342,0.0036559360651772,-7.8715741077786,2.1321112823424,0
1758,-0.084274145040157,-0.0022762242211469,-7.8710730475558,1.5106178947073,0
1628,-0.027169544052079,0.02721617070998,-7.8694433621982,3.6515415412503,0
1219,0.14947416383961,0.1976351242585,-7.8686529843224,6.5999479713518,0
1274,0.083070727119133,0.11497205223059,-7.867425132638,6.2763130359004,0
1493,-0.0017313490754562,0.043663963498693,-7.8651206050883,4.847513503428,0
88,-0.8503042598049,0.0014274638228228,-7.8551526007846,0.062500002000118,0
1329,0.039653542284823,0.068633663036981,-7.8545578239411,5.9579257156339,0
89,-0.79063199058492,0.0033049879426916,-7.8529408953461,0.1875000060004,0
90,-0.71302665054222,0.0047927937107957,-7.8507291899076,0.31250001000043,0
91,-0.62707830963174,0.005527075783875,-7.8485174844692,0.43750001400015,0
896,-0.53883546525707,0.0055730299071585,-7.8440852430353,0.56250001800009,0
1655,-0.031150975904755,0.023810394553626,-7.8436231127915,3.418713330842,0
1759,-0.056731830144632,-0.0019595337674288,-7.8375227511876,1.7137980558377,0
897,-0.45244928621439,0.005026471341308,-7.8374324656059,0.68750002200028,0
1466,0.0042224107587758,0.046770581556481,-7.8352700380976,5.0909164992271,0
898,-0.37097223360558,0.003988883126641,-7.8307796881766,0.81250002600025,0
1384,0.021150302549512,0.054183696697011,-7.8303383459744,5.6451791665755,0
1708,-0.03835313476114,0.013931079998971,-7.8285870501943,2.7597929187467,0
1734,-0.04097093323626,0.0071095851007443,-7.8248517498408,2.3352053987702,0
899,-0.29660379939939,0.0026330666788628,-7.8241269107473,0.93750003000006,0
1682,-0.034733139540347,0.020381265011522,-7.8097159868858,3.188673278765,0
1784,-0.21058490956527,0.00053047460975834,-7.8092777460217,1.1010114597458,0
1760,-0.045363128268373,0.00013168339791328,-7.7999327548894,1.9162082065423,0
1575,-0.015871904108484,0.036525762018291,-7.7989196632739,4.3264951672075,0
1602,-0.02091407014815,0.033241806569517,-7.7971265307213,4.0890551932559,0
1439,0.010610934807757,0.049809308456112,-7.7950666586538,5.3384548403686,0
1548,-0.010495882210583,0.039756058817229,-7.7913856169905,4.5656249893856,0
1247,0.12052128026845,0.14977929740629,-7.7895978214496,6.5387038151066,0
1302,0.05894537934662,0.086902840228854,-7.7866778033015,6.2173073582513,0
1629,-0.025591760655532,0.029916949624342,-7.7863368309727,3.8536103642041,0
1785,-0.13399077979417,-0.0016217897628484,-7.7842640670253,1.3027821535043,0
1192,0.079929686319991,0.079379957206762,-7.7806652749258,6.8649911134557,0
1521,-0.0048219804959785,0.042916867403439,-7.7742029816468,4.806128300092,0
1735,-0.040930242972941,0.010371348702775,-7.7740173347695,2.5371991914871,0
1357,0.030110743286537,0.059591928711825,-7.7721807077179,5.9012045132591,0
1709,-0.03792613602806,0.016928635382166,-7.7680845649483,2.9616832248786,0
1656,-0.029882382147679,0.026561232462729,-7.7668900278663,3.6204546548971,0
1761,-0.04332273751429,0.0033877559645556,-7.7583230209175,2.1177501402707,0
1786,-0.085142138156272,-0.0025665459967239,-7.7553208627666,1.504000642096,0
1494,0.0011030310694623,0.045993671982997,-7.7470598900621,5.0476779458367,0
1412,0.017293030667984,0.052841939473217,-7.7463950566451,5.5907867196165,0
1683,-0.033774063849246,0.023182075851159,-7.7391340808282,3.3898704709117,0
92,-0.85467013069929,0.0014294748705495,-7.7370267993311,0.062500002000118,0
93,-0.7942759148761,0.0033031198894564,-7.7348955195452,0.1875000060004,0
94,-0.71576034559957,0.0047642998678984,-7.7327642397592,0.31250001000043,0
95,-0.62885749449545,0.0054512607460413,-7.7306329599733,0.43750001400015,0
900,-0.53970072612242,0.0054454189803208,-7.7263618909551,0.56250001800009,0
1787,-0.058148039146016,-0.0022229214940586,-7.7224627553272,1.7045713402153,0
901,-0.45250867930891,0.0048420141216005,-7.7199510327048,0.68750002200028,0
1736,-0.04075273946378,0.013443291144941,-7.7190988947676,2.7379927898424,0
902,-0.37037882227724,0.0037519960321733,-7.7135401744544,0.81250002600026,0
1762,-0.043250855799611,0.0067341495744949,-7.7127158984387,2.3183261668302,0
1275,0.086267005407445,0.11329931020264,-7.7105426585765,6.4774596588611,0
1467,0.0072215326718015,0.048990982617776,-7.709654352399,5.2899362581409,0
903,-0.29553730440091,0.0023498576320063,-7.7071293162041,0.93750003000006,0
1330,0.043123960537019,0.069733356914849,-7.7059304739651,6.1583016806024,0
1710,-0.037267129603481,0.019783397149664,-7.703425082092,3.1621284101628,0
1220,0.15140292487536,0.19046964617009,-7.7033633780985,6.8015561577407,0
1603,-0.018814722959004,0.035744265750505,-7.702962431249,4.2890322679724,0
1630,-0.023774391169452,0.032482890375031,-7.6988405686217,4.0536550942933,0
1576,-0.013514082284323,0.038955266719591,-7.6978850525384,4.5261660228184,0
1812,-0.20983410670992,0.00025266469081922,-7.6925687954338,1.0996803253789,0
1385,0.024571179629275,0.056168825724631,-7.689803591495,5.8444833108847,0
1657,-0.028364481835031,0.029183328405796,-7.6858516643819,3.8203366612049,0
1788,-0.047290896408989,-0.000104405388386,-7.685706691815,1.9043990458184,0
1549,-0.0079075091431966,0.042101334416975,-7.6832853582053,4.7647430967561,0
1813,-0.13418498480251,-0.0018619144619185,-7.6679620534229,1.2987979199213,0
1684,-0.032564174900174,0.025855644962957,-7.6643366935345,3.589367768544,0
1763,-0.043255976900978,0.0099371818905526,-7.6631361105936,2.5178391687877,0
1440,0.013788767616983,0.051908881615351,-7.6624517673156,5.5363942726571,0
1737,-0.040373113659285,0.016366646807351,-7.6601268873362,2.9374870356196,0
1522,-0.002032937827187,0.045165159780621,-7.6588497420266,5.0044393924463,0
1789,-0.045492098255675,0.0031071717910337,-7.6450719340562,2.103388998199,0
1814,-0.085982312799391,-0.0028203802635342,-7.6395686779773,1.4973833894847,0
1711,-0.036363674952302,0.022507744026272,-7.6346450488648,3.3610276109814,0
1303,0.062361705761771,0.086842950875252,-7.6314874957035,6.4162155026156,0
1248,0.12330813025836,0.14570125650753,-7.6260614812714,6.7381212020258,0
1358,0.033622771626597,0.061214321527856,-7.6251831446287,6.0992960029535,0
1495,0.0040625603046363,0.048131376319628,-7.6242744011686,5.2449202542796,0
96,-0.85906504196559,0.0014461509826432,-7.6189009978775,0.062500002000118,0
97,-0.79791969878223,0.0033330809246371,-7.6168501437442,0.1875000060004,0
98,-0.71846517668151,0.0047865731380529,-7.6147992896109,0.31250001000043,0
99,-0.63058348272063,0.0054422645391654,-7.6127484354777,0.43750001400015,0
1764,-0.043115672330516,0.012925508414091,-7.609610739341,2.7161926609382,0
1193,0.079303538228094,0.074632681829967,-7.6086403950969,7.0646027145621,0
904,-0.54049642045216,0.0053942683934074,-7.6086385388753,0.56250001800009,0
1413,0.020639526818762,0.054797052186305,-7.6074264752722,5.7877621085104,0
1815,-0.059546466414371,-0.0024645748255682,-7.6074027594667,1.6953446245928,0
1631,-0.021731298386209,0.034903695533203,-7.607005199224,4.2515693687373,0
1604,-0.016510538521331,0.038091840662631,-7.6043844880863,4.486707056251,0
905,-0.45249034090724,0.0047392393225612,-7.6024695998039,0.68750002200029,0
1790,-0.0454858282035,0.0063531840374604,-7.6005800470364,2.3014469348902,0
1658,-0.026604795517176,0.031668435858744,-7.6005546065221,4.0182549953307,0
1738,-0.039765181897908,0.019144460750589,-7.5971341772982,3.1355835415605,0
906,-0.36970794280913,0.0035964807384733,-7.5963006607326,0.81250002600026,0
1577,-0.010975864357522,0.041219164202875,-7.5923677347638,4.7233578934202,0
907,-0.29440235313186,0.0021435441743716,-7.5901317216612,0.93750003000007,0
1685,-0.03110417004752,0.028397882671837,-7.5853664977913,3.7870629582058,0
1468,0.010323677168542,0.051005605418976,-7.5792656632038,5.4858407556994,0
1840,-0.20904944717706,3.1297262384758e-05,-7.5758598448463,1.0983491910121,0
1816,-0.049194571150059,-0.00033710684568658,-7.5714806287404,1.8925898850946,0
1550,-0.0051645959013172,0.044269921441952,-7.570639593991,4.9612008390559,0
1712,-0.035210252572163,0.025102146056657,-7.5617833592028,3.5582808821909,0
1331,0.046650213601721,0.070661134852506,-7.5524323328304,6.3549713463702,0
1791,-0.045540221877567,0.0094757610934893,-7.5522548864175,2.4984791460882,0
1765,-0.042781184025992,0.015768844958828,-7.5521692097243,2.9132908463607,0
1841,-0.13433545434298,-0.0020725056305245,-7.5516600398207,1.2948136863383,0
1276,0.08947577785429,0.11158105007321,-7.548759584444,6.6746862463107,0
1386,0.028058980300612,0.057926004623385,-7.5444358152928,6.0402903253051,0
1523,0.00088531443196874,0.047225475664326,-7.5388944499381,5.1999042504183,0
1221,0.15326726367919,0.18351010493593,-7.5331515389248,6.9990262857933,0
1817,-0.047620212250953,0.0028118344122004,-7.5318208471948,2.0890278561272,0
1739,-0.038915073024912,0.021789730341887,-7.5301560169015,3.3321847510511,0
1441,0.017049980939421,0.053791192476737,-7.5250493590491,5.7310409061357,0
1842,-0.086791439591891,-0.0030520129254836,-7.5238164931883,1.4907661368734,0
1659,-0.024616848120816,0.034007900555888,-7.5110479671989,4.2141064695022,0
1632,-0.01948014325419,0.037170149611207,-7.5108839236342,4.4472480896836,0
1686,-0.029400665652616,0.030801890531562,-7.5022686444225,3.9828548963682,0
1605,-0.014022383179825,0.040275599671726,-7.5014501113223,4.6819726900842,0
100,-0.86352370518443,0.0014738612133657,-7.500775196424,0.062500002000118,0
1792,-0.045436724768891,0.012378860380714,-7.5001225839142,2.694392532034,0
101,-0.80159669915357,0.0033868241794114,-7.4988047679433,0.1875000060004,0
1496,0.0071282465415672,0.050069145787574,-7.49683674431,5.4391261687433,0
102,-0.72117121490407,0.0048463694953131,-7.4968343394627,0.31250001000043,0
103,-0.63228197007299,0.0054819376476665,-7.494863910982,0.43750001400015,0
1843,-0.060921764701606,-0.002694985420065,-7.4923427636064,1.6861179089704,0
908,-0.54124266093605,0.0053980160632632,-7.4909151867955,0.56250001800009,0
1766,-0.042222394532816,0.018466282553725,-7.4908432725045,3.1090386729583,0
1818,-0.047671264374146,0.0059665676895453,-7.4884441956339,2.2845677029502,0
909,-0.45240820396481,0.0046937881383371,-7.4849881669031,0.68750002200029,0
1713,-0.033806328769334,0.027563623905531,-7.4848813312006,3.7537892552067,0
1578,-0.0082794317396609,0.043309635003474,-7.4824294459554,4.9179622856656,0
910,-0.36896737654277,0.0034964254650329,-7.4790611470107,0.81250002600027,0
1359,0.03719040683133,0.062616819985585,-7.4733771699575,6.293727190125,0
911,-0.29320046981696,0.0019873731653319,-7.4731341271183,0.93750003000007,0
1304,0.065813683411296,0.086653840804097,-7.4714576876166,6.6112512905955,0
1414,0.024053442873341,0.056521390746918,-7.4636884859569,5.9812846476568,0
1740,-0.037816125055531,0.024303341094353,-7.459230024871,3.5271939958377,0
1868,-0.20822202727648,-0.00015558619322903,-7.4591508942588,1.0970180566452,0
1249,0.12607305611036,0.14167056671005,-7.457662682753,6.9334498570246,0
1844,-0.051067352542048,-0.00057309565703983,-7.4572545656661,1.8807807243707,0
1551,-0.0022887558778252,0.04625538578374,-7.4535144987076,5.1548882465571,0
1793,-0.045145295875803,0.015136652799707,-7.4442115321122,2.8890946571018,0
1469,0.013512847439406,0.052806328265259,-7.4441812966132,5.6785146140895,0
1819,-0.047774543489477,0.0089828490908819,-7.4413736622413,2.4791191233888,0
1869,-0.13443983709465,-0.0022667356328276,-7.4353580262186,1.2908294527552,0
1194,0.078780917999364,0.070256819915889,-7.4317384383,7.2599051728124,0
1767,-0.041423685264237,0.021030250339714,-7.4256669849383,3.3033418911208,0
1845,-0.049702635208185,0.002500102900977,-7.4185697603335,2.0746667140555,0
1660,-0.022418123948181,0.03619429335336,-7.417383359182,4.4077891231162,0
1687,-0.027466886891195,0.033060532316317,-7.415090735174,4.1766435702672,0
1524,0.0039134851769975,0.049092234421939,-7.4144078254162,5.3924115817873,0
1633,-0.017041978977219,0.039275277050859,-7.4105324878808,4.6405874867481,0
1870,-0.087566497106506,-0.0032718528131265,-7.4080643083993,1.4841488842621,0
1714,-0.032157633150995,0.029886509734478,-7.403982682323,3.9474547974056,0
1387,0.031599794294785,0.05944175729816,-7.3943220070849,6.2324830338801,0
1606,-0.01137287792747,0.04228988949699,-7.3942192979199,4.8747237322753,0
1332,0.050219411643358,0.071395986774357,-7.3941557907893,6.5478163348804,0
1820,-0.047711089959315,0.011803727727251,-7.3906344284872,2.6725924031297,0
1794,-0.04463401975991,0.017750554469561,-7.3845523677107,3.0824938043561,0
1741,-0.036466686743572,0.026683400126828,-7.38439616461,3.7205155522076,0
1442,0.020381082199803,0.055447012450894,-7.3829411566206,5.9222789700081,0
104,-0.86807214295143,0.0015099245793185,-7.3826493949706,0.062500002000118,0
1277,0.092695536050289,0.1097970834532,-7.3821738265809,6.8678734282558,0
105,-0.80533155034584,0.0034583933795814,-7.3807593921425,0.1875000060004,0
106,-0.72390021189966,0.0049338785075801,-7.3788693893145,0.31250001000044,0
1871,-0.062269074411297,-0.0029220797641037,-7.3772827677462,1.676891193348,0
107,-0.63397086156916,0.0055568731614296,-7.3769793864864,0.43750001400015,0
1846,-0.049803943755041,0.0055664236038767,-7.3763083442316,2.2676884710101,0
912,-0.54195284104524,0.0054407602753434,-7.3731918347157,0.5625000180001,0
1579,-0.0054468848613106,0.045222583477257,-7.3681345474771,5.1098722426959,0
913,-0.45227079911503,0.0046878896428222,-7.3675067340023,0.6875000220003,0
1497,0.010284126893591,0.051801198400887,-7.3648222879648,5.6301832323721,0
914,-0.36816076353454,0.0034331437024212,-7.3618216332889,0.81250002600028,0
1222,0.15506133966793,0.17671947862534,-7.3581210284704,7.1922382082708,0
1768,-0.040377476433301,0.023461707403601,-7.3566766905394,3.4961071094846,0
915,-0.29193070450066,0.0018626555780531,-7.3561365325755,0.93750003000007,0
1872,-0.052903102419856,-0.00081784470667439,-7.3430285025918,1.8689715636468,0
1896,-0.20734436211341,-0.00032307097914022,-7.3424419436713,1.0956869222783,0
1821,-0.047460812500702,0.014471616072592,-7.3362538544999,2.8648984678428,0
1552,0.00070047466421989,0.048054475555206,-7.3319789065223,5.3456969948313,0
1847,-0.049951282141716,0.0084632967509361,-7.3304924380652,2.4597591006893,0
1688,-0.025320099387821,0.035168088373159,-7.32388279473,4.3683301565489,0
1795,-0.043885089487424,0.020231387386629,-7.3211779529749,3.2744990311905,0
1661,-0.020029888377534,0.038222477637325,-7.3196148644392,4.5992022834121,0
1715,-0.030277163298458,0.032065042697247,-7.3191335031491,4.1391806710321,0
1897,-0.13449592771929,-0.0024533481854345,-7.3190560126165,1.2868452191722,0
1360,0.040799235884289,0.063781827993284,-7.3168538939621,6.4843813791656,0
1415,0.027522340033023,0.058003568013782,-7.3152668442125,6.1712388776354,0
1305,0.069292614025833,0.086314525276146,-7.3066849704087,6.8022969994868,0
1634,-0.014439867838573,0.041215504674048,-7.3060091498842,4.8314851788848,0
1742,-0.034871605731167,0.028925350434618,-7.3056967202235,3.9120546984431,0
1873,-0.051734133115958,0.0021699561407096,-7.3053186734724,2.0603055719837,0
1470,0.016776309647955,0.054385433303998,-7.3044813675918,5.8678443733134,0
1898,-0.088304391411143,-0.0034874629197049,-7.2923121236103,1.4775316316508,0
1525,0.0070358377078113,0.050761769525538,-7.2854632793163,5.5818518506546,0
1250,0.12882626324832,0.13767042120826,-7.2845036186408,7.1245712437293,0
1769,-0.039081161378645,0.025759904660192,-7.2839109980195,3.6872418492086,0
1607,-0.0085846194654252,0.044132896366948,-7.2827545962466,5.0648562388347,0
1848,-0.04993314473353,0.011198947452175,-7.2811462730604,2.6507922742254,0
1822,-0.046995504671439,0.016998908978412,-7.2782614629167,3.0559489357538,0
108,-0.87273004719373,0.0015523942631069,-7.2645235935173,0.062500002000118,0
1874,-0.051881739875407,0.0051389169569512,-7.2641724928294,2.2508092390701,0
109,-0.80914249847036,0.0035434368113039,-7.2627140163418,0.1875000060004,0
1899,-0.063583714606149,-0.0031518141776874,-7.2622227718859,1.6676644777256,0
110,-0.72666776978908,0.005041939761376,-7.2609044391663,0.31250001000044,0
111,-0.63566249196935,0.0056573011479321,-7.2590948619909,0.43750001400015,0
916,-0.54263552664606,0.0055108338421907,-7.2554684826359,0.5625000180001,0
1796,-0.042890152067829,0.022579588753895,-7.2541233562077,3.4650202231316,0
1195,0.078228391193832,0.06604616430442,-7.2500673101993,7.4507793584959,0
917,-0.45208273740338,0.0047086908268786,-7.2500253011015,0.68750002200031,0
1580,-0.0024979903872843,0.046957039140641,-7.2495499876284,5.2989824078753,0
918,-0.36728862186928,0.0033932876710157,-7.2445821195671,0.81250002600028,0
1388,0.035180097444836,0.060701459340865,-7.2395519971353,6.4209464234511,0
919,-0.29059053257316,0.0017559977731717,-7.2391389380327,0.93750003000008,0
1443,0.02377097857799,0.056866154413112,-7.2362116813396,6.1099947213903,0
1333,0.053818231406832,0.071918041790151,-7.2311961142367,6.736720570718,0
1716,-0.028181946902216,0.034095110334051,-7.2303822302779,4.3288711899815,0
1900,-0.054695919062423,-0.001075551234267,-7.2288024395175,1.857162402923,0
1689,-0.022981791339383,0.037121136798702,-7.2286972409978,4.557817080076,0
1498,0.013518184059136,0.053321581524614,-7.2283091188705,5.8179808575729,0
1849,-0.049723398176282,0.013775323188587,-7.2282961768878,2.8407022785838,0
1924,-0.20641052822422,-0.00048165269923113,-7.2257329930839,1.0943557879115,0
1743,-0.033043723914003,0.03102463608538,-7.2231762711242,4.101717771797,0
1875,-0.052066286171605,0.0079318315531065,-7.2196112138892,2.4403990779899,0
1662,-0.017475668166356,0.040090856911623,-7.2177990018486,4.7882466254943,0
1823,-0.046295003901886,0.0193950885174,-7.2166889210114,3.2456561712602,0
1278,0.09592682676378,0.10792885600522,-7.2108862088111,7.0569042791876,0
1770,-0.0375386926947,0.027921281555259,-7.2074107581241,3.8766545994806,0
1553,0.0037876829644223,0.049665575891024,-7.2061042706678,5.5335204689372,0
1925,-0.1345014079312,-0.0026383626961748,-7.2027539990145,1.2828609855892,0
1635,-0.011696927257884,0.042991213325352,-7.197374645016,5.0198402349734,0
1901,-0.053709329102142,0.0018193067544169,-7.1920675866112,2.045944429912,0
1797,-0.041645842636608,0.024795677726475,-7.1834258314289,3.6539681462095,0
1223,0.15669912274045,0.16997047126049,-7.1783783404832,7.3810743687632,0
1926,-0.089001818558154,-0.0037043756262916,-7.1765599388214,1.4709143790395,0
1850,-0.049302590685908,0.01621305278618,-7.1719705581229,3.0294040671515,0
1876,-0.052095262827607,0.010561213899441,-7.1716581176337,2.6289921453212,0
1608,-0.0056776073006123,0.045805835988553,-7.1671210687346,5.2522678209193,0
1416,0.03103430647238,0.059229617473849,-7.1622501003086,6.3575114677367,0
1471,0.020104447187151,0.055733626401409,-7.1602487315444,6.0537185598128,0
1361,0.044434128124627,0.064692222506302,-7.1557072580647,6.6711441419494,0
1526,0.01024127707102,0.052229548416445,-7.1521368701492,5.7681173418324,0
1902,-0.053902111095767,0.0046851296277539,-7.1520366414272,2.2339300071301,0
1824,-0.045350138722185,0.021659185857832,-7.1515700218758,3.4339333367785,0
1927,-0.064861008715728,-0.0033886873934975,-7.1471627760258,1.6584377621032,0
112,-0.87751254899085,0.001599887571474,-7.1463977920639,0.062500002000119,0
113,-0.81304316537372,0.0036388694098338,-7.144668640541,0.1875000060004,0
114,-0.72948503928732,0.0051654339494624,-7.1429394890181,0.31250001000044,0
115,-0.63736512143749,0.0057762121160727,-7.1412103374953,0.43750001400015,0
1717,-0.025893673672648,0.035974850219739,-7.1377796175563,4.51643187674,0
920,-0.54329583021925,0.0055999102509867,-7.1377451305561,0.5625000180001,0
1306,0.072791278654959,0.08580364913655,-7.1372687989812,6.9892373146458,0
1744,-0.030999801128529,0.032978650968962,-7.1368816658259,4.2894122234142,0
921,-0.45184594024091,0.00474701096271,-7.1325438682007,0.68750002200031,0
1690,-0.020475967752034,0.038919903571596,-7.129588853813,4.7450080721039,0
922,-0.36634975975395,0.0033674770051935,-7.1273426058452,0.81250002600029,0
1771,-0.035762837593774,0.029942285987241,-7.1272190390994,4.064254872562,0
1581,0.00055223002626648,0.048513343669523,-7.1267452620193,5.4851890872198,0
923,-0.2891764352631,0.0016576178980544,-7.1221413434898,0.93750003000008,0
1877,-0.051928408865473,0.013048493008595,-7.1203384992757,2.8165060893248,0
1928,-0.056440115056568,-0.0013494527218138,-7.1145763764434,1.8453532421992,0
1851,-0.048649322486263,0.018523209438782,-7.112199889048,3.2168133113299,0
1663,-0.014779107424466,0.041801880238294,-7.1119946937854,4.974824231112,0
1798,-0.040155182445877,0.026876993840485,-7.1091247960246,3.8412545005181,0
1952,-0.20541559779221,-0.00063845578462442,-7.1090240424964,1.0930246535446,0
1903,-0.054118793215569,0.0073792458669497,-7.1087299897132,2.4210390552905,0
1251,0.13158349777576,0.13371288226779,-7.1066893707672,7.3113693790307,0
1499,0.016822249074296,0.054621972295336,-7.0873779948269,6.002410392903,0
5687,0.077945789676634,0.063270970369085,-7.086743644948,7.6150810089411,0
1953,-0.13445373184426,-0.0028258471517787,-7.0864519854123,1.2788767520062,0
1444,0.027209426778411,0.058034435611814,-7.0849482034816,6.2940765120219,0
1636,-0.0088334117471054,0.044605667069922,-7.0846921498406,5.2055532339632,0
1825,-0.044156967760057,0.0237931024436,-7.0829406648381,3.6206944432104,0
1389,0.038785430666327,0.061690437725654,-7.0802184018933,6.6055677131811,0
1929,-0.055623214070714,0.0014462964879291,-7.0788164997502,2.0315832878403,0
1554,0.006962838619082,0.051085381985432,-7.0759646214279,5.718253826092,0
1878,-0.051551309673532,0.015394741085149,-7.0656796533292,3.0028591985492,0
1334,0.057432830304952,0.072204643623725,-7.0636513891515,6.9215703501041,0
1904,-0.054190434411936,0.0098998604199454,-7.062169962207,2.6071920164169,0
1954,-0.089655161671734,-0.0039265897991292,-7.0608077540323,1.4642971264282,0
1852,-0.047753554341667,0.020702559421458,-7.049016687544,3.4028464504253,0
1609,-0.0026664161575116,0.047310861277561,-7.0473862533709,5.4368577055024,0
1745,-0.028761746031133,0.034786915672374,-7.0468619941149,4.475046673404,0
1772,-0.033770053955907,0.031821725861089,-7.0433811013739,4.2499532568468,0
1718,-0.02343683097181,0.037706179816355,-7.0413787057775,4.7017695187135,0
1930,-0.055860672032985,0.0042051137175318,-7.0399007900252,2.2170507751902,0
1279,0.099163481146668,0.10600334309978,-7.035000401051,7.2416643892978,0
1955,-0.066096167744034,-0.0036361029202528,-7.0321027801655,1.6492110464807,0
1799,-0.038430954344223,0.028820753672792,-7.0312618070745,4.026791973327,0
116,-0.8824315972738,0.0016514545052778,-7.0282719906104,0.062500002000119,0
117,-0.81704390997838,0.003742556276421,-7.0266232647402,0.18750000600041,0
1691,-0.017826885530122,0.040568744745366,-7.026614742555,4.9298082272507,0
118,-0.73236001887575,0.0053007797789721,-7.0249745388699,0.31250001000044,0
119,-0.63908411703325,0.0059087050497124,-7.0233258129997,0.43750001400015,0
924,-0.54393640336095,0.0057021089429293,-7.0200217784763,0.5625000180001,0
5686,0.15808630860549,0.16470735952411,-7.0167339362663,7.5436829558403,0
925,-0.45156043347177,0.0047963934577275,-7.0150624352998,0.68750002200032,0
1527,0.013523345332061,0.053487774475701,-7.0145072581093,5.9511022259933,0
1905,-0.05406978155937,0.012289754869374,-7.0123808216637,2.7923099000659,0
1472,0.023488785362867,0.056835974905855,-7.0115689358709,6.2360277516398,0
1826,-0.042717513141436,0.025795002647071,-7.0108388339249,3.8058544015556,0
926,-0.36534158326908,0.0033491898196428,-7.0101030921233,0.8125000260003,0
1879,-0.05094419414893,0.017617619797143,-7.0077108570847,3.1879704513996,0
927,-0.28768384632764,0.0015607310385424,-7.0051437489468,0.93750003000008,0
1417,0.034576479735241,0.060185637358264,-7.0047295457219,6.539991284413,0
1664,-0.011960756180385,0.043360680555637,-7.0022632309467,5.158838647007,0
1956,-0.05813013039182,-0.0016420016399341,-7.0003503133691,1.8335440814753,0
1582,0.003694917536153,0.04988918863166,-6.9997923727066,5.6683903103516,0
1931,-0.056108261587896,0.00679595375074,-6.9978487655374,2.4016790325911,0
1980,-0.20435559013525,-0.00079858517408516,-6.9923150919087,1.0916935191778,0
1362,0.048076699960266,0.065325102340987,-6.990033979322,6.8539033855627,0
1853,-0.046610894111069,0.022754402338233,-6.9824554982474,3.5874207402113,0
1981,-0.13435028186286,-0.0030187187088868,-6.9701499718101,1.2748925184231,0
1637,-0.0058634050306791,0.046062645089906,-6.9680272447223,5.3885263237849,0
1957,-0.057470902721129,0.0010495524297641,-6.965565412889,2.0172221457686,0
1307,0.076324334471406,0.085163940754233,-6.9633114313347,7.171959399565,0
1906,-0.05373743868534,0.014545210034203,-6.9593887485354,2.976314329947,0
1773,-0.031582466759658,0.033560305640315,-6.9559443706735,4.433661470068,0
1746,-0.026354546821023,0.036452854832296,-6.953168557742,4.6585309653231,0
1932,-0.056216829206138,0.0092202874726908,-6.9526818067804,2.5853918875127,0
1800,-0.036489279035523,0.030627100742484,-6.949880536922,4.2104942902796,0
5685,0.13374546938972,0.13041392614653,-6.9467242275848,7.4722849027397,0
1880,-0.050096675911512,0.019711679209676,-6.9464633532123,3.3717595640721,0
1982,-0.090260615034689,-0.0041571655077919,-6.9450555692432,1.4576798738168,0
5677,0.077719898855927,0.060602105947173,-6.9428265635234,7.7537060339463,0
1500,0.020189439910359,0.055686462861215,-6.9421122974768,6.1833651865905,0
1555,0.010221461424298,0.052306335938287,-6.9416365213918,5.8997940590837,0
1719,-0.020836315115694,0.039295167324651,-6.9412347913245,4.8847922233895,0
1827,-0.041044672962649,0.027662600301349,-6.9353045750495,3.989329074092,0
1445,0.030685520714562,0.058938272337352,-6.9292406895501,6.4744148556445,0
1958,-0.057752393456793,0.0036983003353691,-6.927764938623,2.2001715432502,0
1610,0.00044134673130788,0.048646376724374,-6.9236201239853,5.6185267946112,0
1692,-0.015055404836338,0.04207444129453,-6.9198343120528,5.112124060051,0
1983,-0.067284334123314,-0.0038967444222387,-6.9170427843052,1.6399843308583,0
1390,0.042395448706019,0.06238434980905,-6.9164165694929,6.7862364210216,0
1854,-0.045222243194423,0.02467765021281,-6.9125528718254,3.770454302593,0
120,-0.88749698429934,0.001706467800809,-6.9101461891569,0.062500002000119,0
121,-0.82115284089642,0.003853063894768,-6.908577888939,0.18750000600041,0
122,-0.73529845960851,0.0054455407572569,-6.9070095887212,0.31250001000044,0
123,-0.64082278474809,0.0060514005380018,-6.9054412885034,0.43750001400015,0
1933,-0.056140654739897,0.011504808990242,-6.9044231440518,2.768113710807,0
1907,-0.053175937005865,0.016680182434591,-6.9032218251215,3.1591275914693,0
928,-0.544558207148,0.0058133197735403,-6.9022984263958,0.5625000180001,0
929,-0.45122496286827,0.004852308555999,-6.8975810023983,0.68750002200032,0
930,-0.36426055903671,0.0033338962484596,-6.8928635784009,0.81250002600031,0
1335,0.061094433043547,0.072309258020797,-6.8916224616185,7.1022544098322,0
1665,-0.0090341722463482,0.044772446629977,-6.8886682360737,5.3401949420673,0
931,-0.28610736295032,0.0014604462527968,-6.8881461544035,0.93750003000009,0
1959,-0.058031647488485,0.0061829645091529,-6.8869675413613,2.3823190098916,0
1984,-0.059760516803489,-0.0019550621541827,-6.8861242502947,1.8217349207515,0
1881,-0.049004111228939,0.021681662185024,-6.8819703316568,3.5541470372122,0
5684,0.10155975328181,0.10440988551641,-6.876714518903,7.4008868496388,0
2008,-0.20322729859296,-0.00096605683252318,-6.875606141321,1.0903623848109,0
5676,0.15954407406761,0.15972054068623,-6.8742321289574,7.6809470974768,0
1528,0.016877062192999,0.054518696583687,-6.8726556590826,6.1307026215412,0
1583,0.0069278560718731,0.051077008828802,-6.8687657846743,5.848485892174,0
1801,-0.034352482760009,0.032297708536646,-6.8650267472321,4.3922762667321,0
1774,-0.02922557312773,0.035162764678315,-6.8649584097065,4.6152924119327,0
1473,0.026920724345312,0.057678844526607,-6.8585301682884,6.4146646444633,0
1828,-0.039154196239403,0.029397316340613,-6.8563799724698,4.1710353237122,0
1747,-0.023803712170191,0.037984059665414,-6.855854840094,4.8397762195282,0
2009,-0.13418807907497,-0.0032193236705238,-6.8538479582077,1.2709082848401,0
1934,-0.055855580930601,0.013664094729013,-6.8530978437418,2.9497694613448,0
1985,-0.059247642814713,0.00062815492519625,-6.8523143260277,2.0028610036969,0
1638,-0.0027932197812812,0.047360944777171,-6.8474478752639,5.5686632788706,0
1908,-0.052375986156139,0.018688495259969,-6.8439100188806,3.3406726777191,0
1960,-0.058174973860858,0.0085083635460101,-6.8431936513536,2.5635917586085,0
1418,0.038127172455393,0.060842455910682,-6.8427991596638,6.7185694564807,0
1855,-0.043600708488609,0.026470196572306,-6.8393473430245,3.9518661748568,0
1720,-0.018113411186375,0.04074995905588,-6.837405393159,5.0654094730949,0
2010,-0.090814027982107,-0.0043985933594492,-6.8293033844539,1.4510626212055,0
1363,0.051766359434614,0.065742082257893,-6.8199334919025,7.0325494200997,0
1986,-0.059572351414603,0.0031644287101677,-6.8156290872206,2.1832923113102,0
1882,-0.04766606080992,0.023527125353962,-6.8142669097259,3.7350542036304,0
1693,-0.012174526145554,0.043443351469361,-6.8093092274252,5.2918635603498,0
5683,0.07901270086234,0.084514595268773,-6.8067048102211,7.3294887965379,0
5675,0.13589934818253,0.12718660734863,-6.8056376943915,7.6081881610074,0
1556,0.013560714218142,0.053308134546665,-6.8031990206885,6.078040056492,0
2011,-0.068420518390793,-0.0041727844980623,-6.8019827884447,1.6307576152359,0
1935,-0.055340417462337,0.015712206107362,-6.7987327931583,3.1302847315391,0
1961,-0.058139305271032,0.010697526955992,-6.7964654664397,2.7439175215481,0
5667,0.077475510545602,0.05812469044739,-6.7963387075559,7.8896116331608,0
1611,0.0036460437734998,0.049804555503116,-6.7958950479568,5.7971777252643,0
1501,0.023613430900388,0.056501115145512,-6.7925979819369,6.3607406508694,0
124,-0.89271710182053,0.001764538247371,-6.7920203877029,0.062500002000119,0
125,-0.82537655672692,0.0039694733440148,-6.7905325131373,0.18750000600041,0
126,-0.7383046006474,0.0055981211139532,-6.7890446385718,0.31250001000044,0
127,-0.64258298767597,0.0062019823877181,-6.7875567640062,0.43750001400015,0
932,-0.54516098475222,0.0059307033579369,-6.7845750743144,0.56250001800011,0
1909,-0.051333340914627,0.020576887108226,-6.7814851650662,3.5208733342131,0
933,-0.45083745970644,0.004911565929236,-6.7800995694963,0.68750002200033,0
1802,-0.032046562611547,0.033838427850904,-6.7767482616711,4.5720538585424,0
1987,-0.059884059358286,0.0055407102002056,-6.7760863171852,2.3629589871922,0
934,-0.36310261418309,0.0033184756907048,-6.7756240646782,0.81250002600031,0
1829,-0.03706857628203,0.031001567185029,-6.7741091237906,4.3508910633961,0
2012,-0.061325927747017,-0.0022900414496641,-6.7718981872202,1.8099257600277,0
1666,-0.0060043760651479,0.046036027525617,-6.7712756265425,5.51879976313,0
935,-0.28444063546606,0.00135329221435,-6.7711485598601,0.93750003000009,0
1775,-0.026725529740293,0.036637972716247,-6.7704748888636,4.7947602156669,0
1446,0.034174696657915,0.059540069837515,-6.7691817498344,6.6509024919393,0
1856,-0.041761635981205,0.02813470687314,-6.7628794080177,4.1315763571448,0
2036,-0.20202815955753,-0.0011437286274151,-6.758897190733,1.089031250444,0
1748,-0.021131020064341,0.039389758136078,-6.7549764742651,5.0186948861388,0
1391,0.046049642516443,0.062853705712077,-6.748244522187,6.9628444303676,0
1962,-0.057898475403493,0.012763556509233,-6.7468069389481,2.9232245927425,0
1883,-0.046095881517624,0.025245744666624,-6.7433901109996,3.9144032756218,0
1936,-0.054588070428636,0.017634818424033,-6.7413566845491,3.309585791366,0
2013,-0.060948810638013,0.00018154014669898,-6.7390632391663,1.9884998616252,0
2037,-0.1339636307292,-0.0034294777044155,-6.7375459446052,1.2669240512571,0
5674,0.10401416417506,0.10272153829862,-6.7370432598253,7.5354292245377,0
5682,0.063893104973654,0.072240704450608,-6.7366951015394,7.2580907434371,0
1584,0.010250510275358,0.052053184826091,-6.7337423822945,6.0253774914429,0
1988,-0.060062264951164,0.0077650854343539,-6.7337054959268,2.5417916297043,0
1721,-0.015280505977375,0.042077835594095,-6.7299502187767,5.2435321786324,0
5666,0.16085415233745,0.15486083523527,-6.7291859348556,7.8155197955813,0
1529,0.020298850791327,0.055307542922566,-6.7266657955854,6.3068166572756,0
1639,0.00038042611140182,0.048492255681486,-6.7230243112391,5.7458695583545,0
1910,-0.05004586924518,0.022345524282914,-6.7159809476265,3.699654104668,0
2038,-0.091310934958249,-0.0046528030248129,-6.7135511996645,1.4444453685943,0
2014,-0.061315836079696,0.0026035224645795,-6.7034932358182,2.1664130793702,0
1474,0.03037021751031,0.058213034003327,-6.701223205552,6.589524114083,0
1694,-0.0091880337268821,0.044674033221212,-6.6951033778211,5.4689362473895,0
1963,-0.057432329769027,0.014713562514814,-6.694243761195,3.1014418716088,0
1830,-0.034814285122508,0.032482104347374,-6.6885381136354,4.528815305152,0
1989,-0.060065794468797,0.0098579457297378,-6.6885077888276,2.7197213322891,0
2039,-0.06949965129,-0.0044659313859807,-6.6869227925841,1.6215308996136,0
1803,-0.02959831774307,0.035259151369403,-6.6850949376333,4.7497442118058,0
1857,-0.039727627413095,0.029674111194039,-6.6831915003491,4.30950586006,0
1937,-0.053595588573566,0.019442011287903,-6.6809999984758,3.4875996312141,0
1419,0.041720885330869,0.061285779635827,-6.6765555524716,6.8931394406356,0
128,-0.89809949810953,0.001825455872824,-6.6738945862487,0.062500002000119,0
1776,-0.024104617386716,0.037995961082246,-6.6725475553714,4.9719802991828,0
129,-0.8297206806306,0.004091248973429,-6.6724871373355,0.18750000600041,0
130,-0.74138164960913,0.0057575313591223,-6.6710796884222,0.31250001000044,0
131,-0.64436556221612,0.0063589389483516,-6.6696722395089,0.43750001400015,0
1884,-0.044308511487404,0.026841423510158,-6.6693788435657,4.0921173905774,0
5673,0.08170694704456,0.083697102795606,-6.6684488252591,7.462670288068,0
936,-0.54574361555982,0.0060522955672494,-6.6668517222329,0.56250001800011,0
5681,0.054595442695904,0.065919273566395,-6.6666853928579,7.1866926903365,0
2015,-0.061660612675744,0.0048698354047895,-6.665205093009,2.3435989644928,0
1612,0.006949637421414,0.050757657976764,-6.6642857439004,5.9727149263936,0
937,-0.45039536152649,0.0049719899390966,-6.6626181365941,0.68750002200034,0
5665,0.13798275077458,0.12409129570045,-6.6620331621555,7.7414279580019,0
1557,0.016980502213913,0.054075053441842,-6.6607336092339,6.2528926636819,0
938,-0.36186361788681,0.0033006768079641,-6.6583845509553,0.81250002600032,0
2040,-0.062821137047766,-0.0026479777237615,-6.6576721241456,1.7981165993039,0
939,-0.28267631836786,0.0012371494834208,-6.6541509653165,0.93750003000009,0
1749,-0.01834827307283,0.040677871395826,-6.6505912101282,5.1952007969148,0
1667,-0.0028647847168826,0.047142461396449,-6.6501535745215,5.6945613914447,0
1911,-0.048527156806291,0.023991339278972,-6.6474328789748,3.8769403763868,0
5657,0.077135436902246,0.05565678644916,-6.6473314542358,8.0227501408471,0
2064,-0.20075614240349,-0.0013333724694405,-6.6421882401451,1.0877001160772,0
1990,-0.059867528382732,0.011831720840959,-6.6405160341542,2.8966797241403,0
1502,0.027057221824318,0.057004226602261,-6.6389235268166,6.5344343229118,0
1964,-0.056729165909282,0.01655174965693,-6.6388033502173,3.2784989050129,0
2041,-0.062569910525258,-0.00029058736801458,-6.6258121523049,1.9741387195535,0
2016,-0.061874064028597,0.0069916350219812,-6.6242173404999,2.5199915008001,0
2065,-0.13367257678724,-0.0036510509873933,-6.6212439310027,1.2629398176741,0
1722,-0.012340258742458,0.043276740626025,-6.6189311290998,5.419072731649,0
1938,-0.052358801221271,0.021134902052151,-6.6176949855271,3.6642540057055,0
1447,0.037707763785314,0.059951875623492,-6.6048665827557,6.8234344509032,0
1858,-0.037525587303768,0.031095845594994,-6.6003279655998,4.4855767517615,0
5672,0.066656449451471,0.071967401757903,-6.599854390693,7.3899113515984,0
1831,-0.032418735458879,0.03384957910465,-6.5997149864027,4.7047282079445,0
2066,-0.091746581808857,-0.0049214935918445,-6.5977990148751,1.437828115983,0
5680,0.048864265766497,0.063070519681225,-6.5966756841768,7.1152946372364,0
5664,0.10645971496397,0.10101517255434,-6.5948803894551,7.6673361204222,0
1640,0.0036620589417565,0.04942389486444,-6.5948291055061,5.9200523613442,0
1585,0.013667177930918,0.052801138318509,-6.5948014228825,6.1989686700882,0
1885,-0.042326577097732,0.028317386836217,-6.5922738769076,4.268120656724,0
2042,-0.062978331669016,0.0020157969642853,-6.5913573844158,2.1495338474303,0
1804,-0.027030626319537,0.036570399948533,-6.5901186364776,4.9252657122268,0
1991,-0.059447353942219,0.013693304169044,-6.5897547292316,3.0725990116785,0
5656,0.16200565001239,0.15005508547395,-6.5816461790626,7.9473538950262,0
2017,-0.061916603463946,0.0089872294330207,-6.5805501112154,2.6955251430302,0
1965,-0.055787595946049,0.018278619123204,-6.5805148318852,3.454325928215,0
1695,-0.0060856168005769,0.045756774623034,-6.5772828378039,5.643253224535,0
1530,0.023744043336898,0.055777300274638,-6.5766238480812,6.4793445317406,0
1912,-0.046791831105215,0.025519488558843,-6.5758782791137,4.0526584240102,0
2067,-0.070516660394861,-0.0047775719165357,-6.5718627967235,1.6123041839912,0
1777,-0.021374033068229,0.03924504989273,-6.5712322014798,5.1468694151974,0
132,-0.90365129226451,0.0018891460578053,-6.5557687847945,0.062500002000119,0
133,-0.83419025175926,0.0042181351428031,-6.5544417615334,0.18750000600041,0
2043,-0.063356672549388,0.0041711009400119,-6.5543238688328,2.3242389417935,0
134,-0.74453210784552,0.0059232068547758,-6.5531147382723,0.31250001000044,0
135,-0.64617054154647,0.0065212912777291,-6.5517877150112,0.43750001400015,0
1939,-0.050891679091976,0.022709049027084,-6.55147564695,3.8394774771518,0
940,-0.54630402016843,0.0061766636220247,-6.5491283701509,0.56250001800011,0
941,-0.44989550832877,0.005031694667262,-6.5451367036915,0.68750002200034,0
2068,-0.064241062954872,-0.0030296271219635,-6.543446061071,1.7863074385801,0
1750,-0.015457147197836,0.041845450486125,-6.5427588803785,5.3692092159085,0
942,-0.36053965576635,0.0032783148253552,-6.5411450372321,0.81250002600033,0
1475,0.033880847288087,0.058588881109289,-6.5397413589691,6.7605032794382,0
943,-0.28080506320351,0.0011116166924529,-6.5371533707727,0.9375000300001,0
1992,-0.058792944237795,0.015447041948218,-6.5362500158855,3.2474120186598,0
2018,-0.061760781636523,0.010868514181259,-6.5342251293603,2.8701348555381,0
5671,0.057366992463573,0.065876326419249,-6.5312599561271,7.317152415129,0
1613,0.010361848810295,0.051488649565652,-6.528869236531,6.1450446764944,0
5663,0.08436342188298,0.082776200301253,-6.5277276167547,7.5932442828425,0
5679,0.044501927446789,0.06147884964703,-6.5266659754959,7.0438965841364,0
2092,-0.19941083974468,-0.0015351427965593,-6.5254792895569,1.0863689817103,0
1668,0.00039161627195668,0.048053294989956,-6.5253724671119,5.8673897962948,0
1966,-0.054601704801436,0.019897090796883,-6.5194090234276,3.628853906743,0
5655,0.13998180215361,0.12104240974738,-6.5159609038896,7.8719576492054,0
2044,-0.063605767698351,0.0061892812031881,-6.514729185073,2.4981913718959,0
1859,-0.035183491253294,0.032411052148634,-6.5143350351721,4.6597122040831,0
1558,0.020427762901289,0.054512377633543,-6.514324169346,6.4242547405695,0
2069,-0.064106571091175,-0.00078831726702994,-6.5125610654434,1.9597775774819,0
1886,-0.040177350676162,0.029681533522364,-6.5121178175643,4.4423381983711,0
1832,-0.029905474704268,0.035114699977518,-6.5076897175837,4.8785511252707,0
2093,-0.13330981029404,-0.0038868184113604,-6.5049419173999,1.2589555840911,0
1723,-0.009278160738701,0.044336186610768,-6.5044121010864,5.5919450576252,0
1913,-0.044862424695349,0.02693331053562,-6.5013562534663,4.2267354533881,0
5647,0.076737519015033,0.053182159460721,-6.4958570643736,8.1530748618278,0
1805,-0.024353993336026,0.03778069769629,-6.4918731928315,5.09853803348,0
2019,-0.061386492155415,0.012642265793565,-6.4852656972682,3.0437561517483,0
1940,-0.049208768497051,0.024170885180519,-6.4823777146619,4.0131994574429,0
2094,-0.09211619894607,-0.0052065507818824,-6.4820468300855,1.4312108633717,0
1503,0.03059192343071,0.057388113617033,-6.4811798811118,6.7043459262406,0
1993,-0.057901212403359,0.017093609085455,-6.4800296652945,3.4210522252159,0
2070,-0.064555489457597,0.0014016076694938,-6.4792215330133,2.1326546154904,0
2045,-0.063687465615265,0.0080869729678993,-6.4725924336032,2.6713289537714,0
1778,-0.018534737905417,0.040381150396035,-6.4665866316572,5.319345700168,0
1641,0.007068125839388,0.050139115499612,-6.4629370501795,6.0911206829005,0
5670,0.051610655700398,0.063062113243063,-6.4626655215617,7.2443934786601,0
5662,0.06935681081111,0.071521857386354,-6.4605748440544,7.519152445263,0
2095,-0.071466592247613,-0.0051088989734292,-6.4568028008627,1.6030774683688,0
5678,0.040449569492619,0.060098544739169,-6.4566562668145,6.9724985310359,0
1696,-0.0028580415445188,0.046646560936603,-6.4559158287178,5.8147272312455,0
1967,-0.053186582466417,0.021400837746089,-6.4555184149251,3.8020145779168,0
1586,0.017115350181286,0.053206206083655,-6.4520244906107,6.3691649493985,0
5654,0.10886636331942,0.099270460006644,-6.4502756287164,7.7965614033844,0
2071,-0.064967815950222,0.0034453165996584,-6.4434426446566,2.3048789190942,0
136,-0.90937949057904,0.0019556415025059,-6.4376429833402,0.062500002000119,0
137,-0.83879002187234,0.0043500891138644,-6.4363963857312,0.18750000600041,0
138,-0.74775802520783,0.0060949092051606,-6.4351497881221,0.31250001000044,0
139,-0.64799734049983,0.0066884652814498,-6.4339031905131,0.43750001400015,0
2020,-0.060780996468621,0.014312576916114,-6.4336966815537,3.2163251323068,0
5646,0.16302088615298,0.14527534274946,-6.4316645605728,8.0764032002484,0
1751,-0.012438441496367,0.042881269806248,-6.4315413643688,5.5406368907154,0
944,-0.54683937795973,0.006302788364408,-6.4314050180686,0.56250001800011,0
2096,-0.065580792432231,-0.003435512489895,-6.4292199979961,1.7744982778563,0
1887,-0.037889301014784,0.030945232305722,-6.4289550839417,4.6146962002218,0
2046,-0.063574318884014,0.0098756205478871,-6.4279342245664,2.843589986936,0
945,-0.44933375192852,0.0050888170394148,-6.4276552707886,0.68750002200035,0
1860,-0.032725620454472,0.033630354128475,-6.4252607986897,4.8318365383146,0
1914,-0.042766476165138,0.028240934363905,-6.4239076695288,4.3990996449808,0
946,-0.35912623399356,0.0032483982419239,-6.4239055235086,0.81250002600034,0
1531,0.02732119684206,0.056166697306956,-6.4226184032545,6.6481885730431,0
1994,-0.056770118955888,0.018633109137318,-6.4211230613281,3.5934538077805,0
947,-0.2788129578245,0.00097787050586549,-6.4201557762287,0.9375000300001,0
1833,-0.027284319350564,0.036286017462368,-6.4125141841829,5.0502066517626,0
1941,-0.047332319906994,0.025523773087979,-6.410438630025,4.1853502500522,0
2120,-0.19799607139475,-0.0017468312082327,-6.4087703389684,1.0850378473435,0
2072,-0.065253001396868,0.0053592661599823,-6.4052410296461,2.4763912429919,0
2097,-0.065554535688215,-0.0013115718377992,-6.3993099785817,1.9454164354102,0
1669,0.0037896222893799,0.048753218184953,-6.3970048638279,6.0371966893065,0
5669,0.047209595615641,0.061436690960006,-6.3940710869963,7.1716345421913,0
3727,0.036550209581116,0.058639551031171,-6.3934670933623,6.9076731739395,0
5661,0.060052861587046,0.065614077802416,-6.3934220713543,7.4450606076836,0
1806,-0.021568957721373,0.038884675879743,-6.390414382936,5.2694821844276,0
1614,0.013809226809918,0.0518606386731,-6.3897248118754,6.3140751582273,0
1968,-0.051556652584994,0.022797558194097,-6.3888771502098,3.9737404908756,0
2121,-0.13287045644485,-0.0041406836108245,-6.3886399037968,1.2549713505081,0
1724,-0.0060832665847982,0.045203900788965,-6.3864591903236,5.7620646661962,0
5653,0.086971544969549,0.081773864937874,-6.3845903535431,7.7211651575634,0
2047,-0.063246168210452,0.011561836133902,-6.3807766653048,3.0149132918182,0
2021,-0.059939398877206,0.015880742686481,-6.3795444987038,3.3877785222169,0
5645,0.14191536668998,0.11798610592746,-6.3674720567721,7.9997315386692,0
2098,-0.066043096250756,0.0007614211252031,-6.3670856816106,2.1157753835505,0
2122,-0.09241538583779,-0.0055099701926587,-6.3662946452956,1.4245936107604,0
2073,-0.065374203438718,0.0071587341924204,-6.364634755991,2.6471327645127,0
1559,0.024056268328921,0.054908735314237,-6.3640569253973,6.5920312198456,0
1995,-0.055408394337671,0.02006806927981,-6.3595611829002,3.7645516786817,0
1779,-0.015562339907685,0.041392374377029,-6.3586706276513,5.4893287238057,0
1915,-0.040532871535967,0.029453699363382,-6.3435751327113,4.5696801963606,0
1888,-0.03548750466849,0.032118789130398,-6.3428318797959,4.7851219513585,0
5637,0.076306771157565,0.050731173378491,-6.3419686642804,8.2805400875672,0
2123,-0.072344648774914,-0.0054608923270069,-6.3417428050016,1.5938507527464,0
3726,0.03315437468418,0.05736237092511,-6.3370984551395,6.8494205128471,0
1942,-0.045289989032398,0.026775815717509,-6.3356975214935,4.3558610915905,0
1861,-0.030161113259024,0.034762184850073,-6.3331551755343,5.001875270045,0
2099,-0.066489781582455,0.0026933258695728,-6.3325614204801,2.2855188963948,0
2048,-0.062689866543434,0.013149605580824,-6.331143347222,3.1852382459539,0
1697,0.00052986596690979,0.047331093018052,-6.3310726774763,5.9832726957127,0
1642,0.010512225617779,0.05047642444879,-6.32742513314,6.2589853670561,0
5660,0.054253969554876,0.062810618653305,-6.3262692986546,7.3709687701047,0
5668,0.043109245055564,0.059997586783619,-6.3254766524306,7.0988756057221,0
2022,-0.058860694934088,0.01734741330812,-6.3228370992285,3.5580537088181,0
2074,-0.065304156700549,0.0088547883503567,-6.3216433197726,2.817045118334,0
1969,-0.049733675320938,0.024090711213578,-6.3195210065836,4.1439650467162,0
140,-0.91529123332044,0.0020250629878609,-6.3195171818859,0.062500002000119,0
5652,0.072003443273144,0.070950843718023,-6.3189050783699,7.6457689117425,0
141,-0.84352469030667,0.0044872327328949,-6.3183510099289,0.18750000600041,0
142,-0.75106122885119,0.0062726668424842,-6.3171848379719,0.31250001000044,0
1752,-0.0092802668377668,0.043725284007165,-6.3170025519295,5.7094021011469,0
143,-0.64984500873074,0.0068602769725656,-6.3160186660149,0.43750001400015,0
2124,-0.066835574352142,-0.0038659280595203,-6.314993934921,1.7626891171325,0
1834,-0.024555593526587,0.037356850865376,-6.3142421342146,5.2196186686871,0
948,-0.54734633864473,0.0064302628534855,-6.3136816659862,0.56250001800011,0
949,-0.44870526410262,0.0051425623433091,-6.3101738378857,0.68750002200035,0
950,-0.35761977879534,0.0032098861113399,-6.3066660097852,0.81250002600034,0
1587,0.020800797759235,0.053610007966386,-6.3054954475402,6.5358738666483,0
5644,0.11123103341735,0.09745188641835,-6.3032795529712,7.9230598770897,0
951,-0.27671335148634,0.00083592248286146,-6.3031581816847,0.9375000300001,0
2100,-0.066811552048469,0.0045027876609362,-6.2957528742189,2.4545911140877,0
1996,-0.0538324949883,0.021401067394492,-6.2953765857578,3.9342815243082,0
2148,-0.19649091549404,-0.0019692676990196,-6.2920613883801,1.0837067129766,0
2125,-0.06690964945345,-0.0018601266617084,-6.2860588917197,1.9310552933385,0
1807,-0.018645559224945,0.039869810943713,-6.2857998909339,5.4380205568961,0
3725,0.029779171363684,0.056061336397466,-6.2807298169167,6.7911678517548,0
5636,0.16391285516853,0.1405184077827,-6.279293634199,8.2026224913096,0
2049,-0.061899389551966,0.014640663203298,-6.2790593321132,3.3545048192181,0
2075,-0.065022644094562,0.010453881019595,-6.2762876333414,2.9860704318881,0
2149,-0.13234936978337,-0.0044142974421999,-6.2723378901939,1.2509871169251,0
1725,-0.0027075083125952,0.04587255359625,-6.2651404911248,5.9293487021189,0
1670,0.0072271843712646,0.04905362652738,-6.2651254544045,6.2038955758848,0
2023,-0.057552807524059,0.01871491633866,-6.2636039508753,3.7270887794468,0
3767,0.03913878576622,0.058446904628608,-6.2633073746504,7.0317985990287,0
1916,-0.03818755661975,0.030581425338989,-6.2604029609021,4.7384073644025,0
5659,0.049802160701936,0.061136864948855,-6.2591165259551,7.296876932526,0
1943,-0.043111027313224,0.027938068726368,-6.258195181481,4.5246641924994,0
2101,-0.066972762411021,0.0062039817503307,-6.2566770783785,2.6229365752538,0
2126,-0.06743705033924,9.5795151163519e-05,-6.2549498302076,2.0988961516105,0
1889,-0.032980445285835,0.033210437441584,-6.2537961668858,4.9535438883275,0
5651,0.062676032850741,0.065191258599002,-6.2532198031969,7.5703726659218,0
2150,-0.092639885790157,-0.0058328149751494,-6.2505424605058,1.4179763581491,0
1780,-0.012445005973299,0.042210693739648,-6.2475459135354,5.6567395360976,0
1970,-0.047745267961804,0.025288084349024,-6.247487373458,4.3126225382001,0
1615,0.01755633527842,0.052270975037933,-6.246933969683,6.4797165134508,0
5643,0.089527876797367,0.080668208737551,-6.2390870491702,7.8463882155102,0
1862,-0.027490312934399,0.035798613234593,-6.2380698854932,5.1697551529465,0
1997,-0.052063837575766,0.022635847274904,-6.2286033831421,4.1025798433802,0
2076,-0.064516146452934,0.011959962437416,-6.2285900128902,3.154151359601,0
2151,-0.073146044987303,-0.0058341979552049,-6.2266828091405,1.584624037124,0
2050,-0.060874043054251,0.016036068275091,-6.224551137129,3.5226536098558,0
3724,0.026410995053853,0.054723033780821,-6.224361178694,6.7329151906626,0
2127,-0.067918436958034,0.001915999882439,-6.2216801963034,2.2661588736954,0
5635,0.14379596859369,0.11490645806754,-6.2166186041178,8.1247048950521,0
2102,-0.066946422779816,0.0078076638149981,-6.2153524149785,2.7905002497318,0
1835,-0.021683634294594,0.038314011802304,-6.2129291542163,5.3867123899864,0
3766,0.035615965997632,0.057093965620497,-6.207563253656,6.9704035221113,0
1698,0.0039568032008834,0.047591992439112,-6.2028257756691,6.1488057847136,0
2024,-0.056031051053755,0.019985589406937,-6.2018760213058,3.894822557741,0
144,-0.92139397587576,0.002097599733608,-6.2013913804316,0.06250000200012,0
2152,-0.06800077927787,-0.0043209570874393,-6.200767871846,1.7508799564086,0
145,-0.84839907424668,0.0046297966971042,-6.2003056341267,0.18750000600041,0
146,-0.75444348744071,0.0064566869313777,-6.1992198878218,0.31250001000044,0
1753,-0.005918634135734,0.044377335506854,-6.1992083047733,5.875424708525,0
147,-0.65171236977391,0.0070367768850885,-6.1981341415168,0.43750001400015,0
952,-0.54782135658156,0.0065589900555937,-6.1959583139039,0.56250001800012,0
953,-0.44800487445859,0.0051928204187233,-6.1926924049828,0.68750002200036,0
5658,0.045641236714316,0.059630331334415,-6.1919637532551,7.2227850949468,0
954,-0.35601483825821,0.0031630853255053,-6.1894264960618,0.81250002600035,0
1643,0.014325267029138,0.050891401167517,-6.1883724918256,6.4235591602531,0
5650,0.056825610846317,0.062377458361414,-6.1875345280243,7.4949764201016,0
2128,-0.068277329641979,0.0036210075956172,-6.1862647187915,2.4327909851835,0
955,-0.2745019260852,0.0006826374036323,-6.1861605871407,0.93750003000011,0
5627,0.07583808274324,0.048311714068874,-6.1857202260808,8.4051011131603,0
2077,-0.063777854678955,0.013375036396374,-6.1785741655226,3.3212311162193,0
1808,-0.015573138050705,0.040660349948436,-6.1780892751414,5.6040769710485,0
1944,-0.040822345166536,0.029019783423715,-6.1779740420085,4.6916927774466,0
2176,-0.19488894690074,-0.0022057388886964,-6.1753524377917,1.0823755786097,0
5642,0.074592834082504,0.070248133183946,-6.1748945453694,7.7697165539308,0
1917,-0.035738397548801,0.031632135195403,-6.1744371582375,4.9052125066101,0
1971,-0.045621045095041,0.026400181545314,-6.1728152302506,4.4796481886382,0
2153,-0.068167839873586,-0.0024336300808677,-6.1728078048578,1.9166941512668,0
2103,-0.066712273611441,0.0093201547359768,-6.1717986013778,2.957227571958,0
3723,0.023052987441026,0.053341657793348,-6.1679925404714,6.6746625295704,0
2051,-0.059620915107889,0.017337702866229,-6.1676467188504,3.689625880212,0
1890,-0.030368678142105,0.034211103526601,-6.1618976367719,5.119891637206,0
1998,-0.050129898691815,0.023779612844543,-6.1592772254224,4.2693839848097,0
2177,-0.13174228815144,-0.0047068143279055,-6.156035876591,1.247002883342,0
5634,0.11355128910508,0.095548238647095,-6.1539435740363,8.0467872987943,0
3765,0.032117628187071,0.055702843146836,-6.1518191326616,6.9090084451939,0
2129,-0.068479178494518,0.0052241038580561,-6.1487194007658,2.5987403859949,0
2154,-0.068733339106954,-0.00059463594191769,-6.1428139788047,2.0820169196705,0
1726,0.00070381422393498,0.046091235776027,-6.1405260969338,6.0937159935424,0
1863,-0.024671976058409,0.036725663634019,-6.1400584174986,5.3354042230765,0
2025,-0.05431662669822,0.021163258178251,-6.1376857597007,4.0611946400443,0
2178,-0.092785151257651,-0.0061752335456303,-6.134790275716,1.4113591055378,0
1781,-0.0090993681710918,0.042845293727532,-6.1332761184218,5.8215007149312,0
3807,0.04159337300632,0.057990583430291,-6.1308565661584,7.153501099715,0
1671,0.011110429376285,0.049470711143986,-6.1298110139683,6.3674018070555,0
2078,-0.062806885562824,0.014700383220102,-6.1262651750296,3.4872535108936,0
2104,-0.066256457093841,0.010745400626636,-6.1260366785582,3.123064473248,0
5626,0.16468036174831,0.13577909229809,-6.1245867913386,8.3259675405051,0
5649,0.052317034208889,0.060641923651321,-6.1218492528518,7.4195801742814,0
3722,0.019707759106622,0.051915459275476,-6.1116239022486,6.6164098684781,0
2179,-0.073865891141282,-0.0062291778802276,-6.1116228132796,1.5753973215016,0
2155,-0.069249750377997,0.0011142341138895,-6.1107989721267,2.246798850996,0
5641,0.065233726825491,0.064615877768096,-6.1107020415687,7.6930448923517,0
2130,-0.068497313540475,0.0067357876359999,-6.1090615101841,2.7639553811296,0
1836,-0.018659973548074,0.039074889081047,-6.1086326367472,5.5514144059992,0
2052,-0.058154247938203,0.01854779963945,-6.1083754568538,3.8553635911739,0
3764,0.028624188513728,0.054266845840566,-6.0960750116672,6.8476133682766,0
1972,-0.043388920132712,0.027435694696001,-6.0955451231146,4.6449781904905,0
1945,-0.038431185092121,0.030028848843298,-6.0950781495892,4.8568811248927,0
5633,0.092026601957795,0.079445419024247,-6.0912685439549,7.9688697025365,0
1999,-0.04806064552776,0.024842043354041,-6.0874352790201,4.4346321847769,0
2180,-0.069071871231033,-0.0048005193285829,-6.086541808771,1.7390707956848,0
1918,-0.033186206894015,0.03259572252684,-6.0857253880507,5.0700281214656,0
148,-0.92769559073558,0.0021734874214275,-6.0832655789775,0.06250000200012,0
149,-0.85341817139877,0.0047780716409784,-6.0822602583247,0.18750000600041,0
150,-0.75790655975128,0.0066472435446597,-6.0812549376719,0.31250001000044,0
151,-0.65359814133257,0.0072180778421556,-6.0802496170191,0.43750001400015,0
956,-0.54826069849421,0.0066888032185924,-6.0782349618219,0.56250001800012,0
1754,-0.0025288852057796,0.044551333726266,-6.0782264181984,6.0386262023712,0
2105,-0.065571525318551,0.012085570167758,-6.0780889989317,3.2879574132203,0
2156,-0.069646338872907,0.0027150616045444,-6.0767765633641,2.4109908562793,0
3806,0.037935696448036,0.05655946972248,-6.0757949646653,7.0890249468309,0
957,-0.44722734879398,0.0052392160957101,-6.0752109720802,0.68750002200037,0
958,-0.35430575336744,0.0031070854567099,-6.0721869823385,0.81250002600036,0
2079,-0.061609474214447,0.015937593217144,-6.0716894868257,3.6521629809773,0
1699,0.0079147703746516,0.048008414205517,-6.071249536111,6.3112444538579,0
2026,-0.052436759946156,0.022254465972777,-6.0710670773869,4.2261454314194,0
959,-0.27217346809086,0.00051561107522729,-6.0691629925969,0.93750003000011,0
1809,-0.012245319554141,0.041276531993938,-6.0673439320705,5.7675767213375,0
2131,-0.06831144793856,0.0081622851484042,-6.0673095694139,2.9283847120277,0
1891,-0.027605925226073,0.035105799253911,-6.067187680781,5.2840960561667,0
5625,0.14562438227595,0.11179701374955,-6.0634533565966,8.24683396785,0
2181,-0.069325099943981,-0.003031626385645,-6.059556717996,1.9023330091951,0
2204,-0.19318398808647,-0.002458576543553,-6.0586434872035,1.0810444442429,0
5648,0.048091234290082,0.059061115686998,-6.056163977679,7.3441839284609,0
3721,0.016378803880258,0.050442807718483,-6.0552552640257,6.5581572073857,0
2053,-0.056494727617824,0.019669951933039,-6.0467681362594,4.0198094367086,0
5640,0.059324385944414,0.061779762386221,-6.0465095377684,7.616373230773,0
2157,-0.069889557121317,0.0042204246260143,-6.0407617231532,2.574544196736,0
3763,0.025138176683674,0.052780288904535,-6.040330890673,6.7862182913594,0
2205,-0.13104434600314,-0.0050180286626309,-6.0397338629881,1.243018649759,0
1864,-0.021700471365425,0.037455483743597,-6.0391759983529,5.4987518409497,0
2182,-0.069928020474282,-0.001309172701711,-6.0306781274019,2.0651376877306,0
5632,0.077113869476938,0.069401347079365,-6.0285935138735,7.8909521062788,0
2106,-0.064656122596677,0.013342048442112,-6.0279792129299,3.4518534119312,0
5617,0.075316157419537,0.045919556664427,-6.0271665509918,8.5267142511753,0
2132,-0.067907406534434,0.0095075552591161,-6.023483344226,3.091977586895,0
3805,0.034307957792241,0.055073590263036,-6.0207333631721,7.0245487939467,0
2206,-0.092846251749263,-0.0065374423428195,-6.0190380909263,1.4047418529265,0
1782,-0.0057381200248665,0.042972784089757,-6.0159267394631,5.9835364112,0
1973,-0.041055299079328,0.028402469942004,-6.0157191409407,4.8085497431753,0
2080,-0.060198846900844,0.017088680521401,-6.014874892402,3.8159046246069,0
2000,-0.045884732176956,0.02583135947459,-6.0131162042208,4.5982636035345,0
1727,0.0047413162871021,0.046504411697034,-6.0126880582537,6.2550871006604,0
1946,-0.035938526493844,0.030954195850239,-6.0095531393295,5.0201646057252,0
2158,-0.069953071566873,0.0056406125581273,-6.0027706053898,2.7374105125274,0
5624,0.11582078917429,0.093559104491918,-6.0023199218544,8.1677003951947,0
2027,-0.050421655677659,0.023267876482476,-6.0020553277897,4.3896161809158,0
1837,-0.015351951470764,0.039671471045178,-6.0014117457189,5.7136527277436,0
2183,-0.070479767646555,0.00028894777304182,-5.9999177479501,2.2274388282966,0
3720,0.013070198956023,0.048922533444791,-5.9988866258029,6.4999045462933,0
2207,-0.074499222189134,-0.0066460716773549,-5.9965628174187,1.5661706058792,0
3847,0.043965411135843,0.057333627350334,-5.9961602235786,7.272738396241,0
1919,-0.030480817099346,0.033455881575082,-5.9943169440636,5.2327878892571,0
3762,0.021663092402851,0.051240521518485,-5.9845867696786,6.7248232144421,0
2054,-0.054669151144642,0.020709962900002,-5.9828569293516,4.1829068780293,0
5639,0.05475484110866,0.059974742606859,-5.9823170339683,7.5397015691944,0
2133,-0.067277158081671,0.010773873618433,-5.9776038323406,3.2546837102213,0
2107,-0.063515599931602,0.014516219809598,-5.9757322548006,3.6147000817424,0
2208,-0.070044405494816,-0.0053044128981413,-5.9723157456961,1.727261634961,0
1892,-0.024689246123762,0.0358038827684,-5.9697193599588,5.4460892759004,0
5616,0.16531614655225,0.13104623337132,-5.9675982429916,8.4463951264093,0
2184,-0.070914655060237,0.0017860684847406,-5.9672884079369,2.3891907273751,0
5631,0.06771059634193,0.063879684398021,-5.9659184837923,7.8130345100214,0
3804,0.030683452041904,0.053533999434416,-5.9656717616791,6.9600726410627,0
152,-0.93420439040706,0.0022529890274078,-5.9651397775233,0.06250000200012,0
153,-0.85858718037514,0.0049323627015766,-5.9642148825227,0.18750000600041,0
154,-0.76145218132724,0.0068445880333752,-5.9632899875222,0.31250001000044,0
2159,-0.069816576738151,0.0069817961136941,-5.9628205374501,2.8995418520975,0
155,-0.65550083196891,0.0074042567510687,-5.9623650925216,0.43750001400015,0
960,-0.54866026914468,0.0068194711738994,-5.9605116097402,0.56250001800012,0
961,-0.44636695070432,0.005281130244774,-5.9577295391778,0.68750002200037,0
2081,-0.058594918642673,0.01815682444026,-5.9558505128182,3.978424233373,0
962,-0.35248626123487,0.0030406737647105,-5.9549474686155,0.81250002600037,0
1755,0.0015930461600311,0.044959251559511,-5.9541265803964,6.1989297474628,0
1810,-0.0089203074761345,0.041356804570623,-5.9536270607278,5.928446620029,0
963,-0.26972209532329,0.00033308790938346,-5.9521653980531,0.93750003000011,0
2209,-0.070377479368622,-0.0036535741389945,-5.9463056311342,1.8879718671235,0
3719,0.0097864506155905,0.047354220832844,-5.94251798758,6.4416518852009,0
2232,-0.19137032602619,-0.0027291786017159,-5.9419345366153,1.079713309876,0
3846,0.04017165886781,0.055821352000192,-5.941837990551,7.2052435776221,0
5623,0.094460964803296,0.078103504969854,-5.9411864871122,8.0885668225394,0
2001,-0.043607308162666,0.026755204081864,-5.9363601322922,4.7602183614578,0
1865,-0.018414739229889,0.038030876009542,-5.9354795593673,5.6597287341497,0
1974,-0.03862155552226,0.029288643027102,-5.9333808906082,4.9703010899847,0
2185,-0.071200054099108,0.0031942194795818,-5.9328040455406,2.5503480074771,0
2028,-0.048300003769657,0.024211273157288,-5.930687285327,4.5515490165786,0
2134,-0.066418713273836,0.011962669276934,-5.92969325083,3.4164533129688,0
3761,0.018203432469134,0.049645541951047,-5.9288426486841,6.6634281375246,0
2233,-0.13025047673134,-0.0053481887711477,-5.9234318493853,1.239034416176,0
1947,-0.033292083683936,0.031777895996528,-5.9214462073462,5.1814797223475,0
2108,-0.062162119006186,0.015609809520602,-5.9213743279498,3.7764456580398,0
2160,-0.06946558943411,0.0082479611196212,-5.9209300098938,3.0608907005419,0
2210,-0.071017209352422,-0.0020470574805226,-5.9185422759991,2.0482584557907,0
5638,0.05046194196429,0.058315897049536,-5.9181245301678,7.4630299076154,0
2055,-0.052707743623309,0.021675492789458,-5.9166753765594,4.3446001770549,0
3803,0.027064369739348,0.051935089950393,-5.9106101601861,6.8955964881788,0
5615,0.14739849151212,0.10865089294009,-5.9080299349914,8.3660760016435,0
2234,-0.092818079522922,-0.0069197943782802,-5.9032859061366,1.3981246003152,0
5630,0.061732637754543,0.061013704170366,-5.9032434537115,7.7351169137645,0
1920,-0.027620596411298,0.03412237216787,-5.9002627215647,5.3934267108512,0
2186,-0.071309968273299,0.0045235213004353,-5.8964797005956,2.7108656439252,0
1783,-0.001527343491848,0.043374249018439,-5.8955651025391,6.1427723942653,0
2082,-0.056823859691684,0.019147016983235,-5.8946467813163,4.1396683246393,0
1838,-0.012071285132676,0.039705473453404,-5.8913273819925,5.8733568288578,0
2211,-0.07160459358567,-0.00055891375671264,-5.8890365237736,2.2080788055972,0
3845,0.036412801497531,0.054237411500035,-5.8875157575234,7.1377487590031,0
3718,0.0065325589874887,0.045738430659173,-5.8861493493572,6.3833992241086,0
2235,-0.07504106096262,-0.0070850450862371,-5.8815028215578,1.5569438902568,0
5622,0.079557066624987,0.068408696389092,-5.88005305237,8.0094332498841,0
2135,-0.065336480399939,0.013075156756907,-5.8797750227753,3.5772371825075,0
2161,-0.06889150815226,0.0094414626576227,-5.8771186657496,3.2214100072223,0
3760,0.014764247165945,0.047994383737903,-5.8730985276895,6.6020330606071,0
1893,-0.021429338323882,0.036355862055419,-5.8695473730157,5.6058047405558,0
5607,0.074723914939717,0.043552913828146,-5.8663632480914,8.6453368486147,0
2109,-0.060614610505074,0.016625477305378,-5.8649328893767,3.9370390300372,0
3887,0.04625655510424,0.056500954443791,-5.859264683924,7.3894690641254,0
2187,-0.071224074976792,0.0057801281952184,-5.8583315054863,2.8706989921673,0
2236,-0.070914038202971,-0.0058323422177664,-5.8580896826213,1.7154524742372,0
2212,-0.072078404232412,0.00083514040341517,-5.8578002525096,2.3673905984709,0
2002,-0.04123158633735,0.027601509678934,-5.8572086418869,4.9204375742442,0
2029,-0.046083078042758,0.02508915561979,-5.8570011236439,4.7118869797405,0
3802,0.023455063473623,0.050274279328858,-5.855548558693,6.8311203352947,0
1975,-0.036035427595348,0.030074474608758,-5.8485754706287,5.1301715554378,0
5614,0.11803162189715,0.091484431078861,-5.8484616269911,8.2857568768774,0
2056,-0.05063902626607,0.022573837406084,-5.8482583664334,4.5048344296229,0
156,-0.94092912420601,0.0023363704771919,-5.847013976069,0.06250000200012,0
157,-0.86391147842938,0.0050929311321655,-5.8461695067206,0.18750000600041,0
158,-0.76508203017714,0.007048880015602,-5.8453250373722,0.31250001000044,0
159,-0.65741868882795,0.0075952498752752,-5.8444805680237,0.43750001400015,0
964,-0.54901553121539,0.006950595942737,-5.8427882576581,0.56250001800012,0
5629,0.057096885973732,0.059135898439491,-5.8405684236308,7.6571993175076,0
965,-0.44541735338107,0.0053177318868909,-5.8402481062751,0.68750002200038,0
966,-0.35054942482721,0.0029624339570914,-5.8377079548922,0.81250002600037,0
1811,-0.0046177606625082,0.041751438031872,-5.837003624682,6.0866150410679,0
967,-0.26714152114572,0.00013342049567292,-5.8351678035092,0.93750003000012,0
3844,0.032655126584273,0.05259178049157,-5.8331935244959,7.0702539403842,0
2237,-0.071321085038397,-0.0042988554877843,-5.8330545442725,1.8736107250518,0
2162,-0.068091610737286,0.010563746981912,-5.8314072887301,3.3810532140063,0
2083,-0.05491573865114,0.020065891124658,-5.8312954253292,4.299584173194,0
1948,-0.03048862991483,0.032413720024951,-5.8308060831708,5.340764145802,0
3717,0.0033139992364681,0.044076873357637,-5.8297807111344,6.3251465630162,0
1866,-0.015186091717274,0.038021805968857,-5.829027703257,5.8182670376864,0
2136,-0.064041469493437,0.014112743690413,-5.8278737634974,3.7369866914725,0
2260,-0.18944267460288,-0.0030185081449116,-5.825225586027,1.0783821755092,0
2213,-0.072406858348997,0.0021467302377351,-5.8248463679281,2.5261518182183,0
5621,0.070094738739948,0.062981869249389,-5.818919617628,7.9302996772292,0
2188,-0.070927582913428,0.0069680693932128,-5.8183766755617,3.0298038141889,0
3759,0.011350955137451,0.046287418385362,-5.8173544066951,6.5406379836897,0
5606,0.16578912551727,0.12628598180516,-5.8083829990701,8.5638630504071,0
2261,-0.12935557958989,-0.0056977526024793,-5.8071298357825,1.235050182593,0
2110,-0.058898408599812,0.01756735287495,-5.8064366332807,4.0964297712492,0
2238,-0.071997070314055,-0.0028074756767919,-5.8064064245964,2.0313792238507,0
3886,0.042325280532896,0.0549040539172,-5.8057374952372,7.3190190387245,0
1921,-0.024391690623263,0.034647901685793,-5.8036151866644,5.5518807469621,0
3801,0.019861149874321,0.048550810575012,-5.8004869571998,6.7666441824105,0
2214,-0.072564288352114,0.0033858439435964,-5.7901887958014,2.6843207753231,0
5613,0.096824015745307,0.076643167352779,-5.7888933189907,8.2054377521113,0
2262,-0.092695454553749,-0.0073227251725428,-5.7875337213469,1.3915073477039,0
2163,-0.067069293563409,0.0116158823891,-5.7838177907501,3.5397742832725,0
2030,-0.043764944339643,0.025895127205222,-5.7810363931657,4.8705740585039,0
3843,0.028900950929438,0.050879282316293,-5.7788712914684,7.0027591217654,0
1839,-0.0076770794623841,0.0400933570477,-5.7784421468247,6.0304576878704,0
2239,-0.072620379166369,-0.0014283729241906,-5.7781552995971,2.1887187828979,0
5628,0.052734406372022,0.057398541576902,-5.7778933935497,7.5792817212504,0
2057,-0.048476852308285,0.023408842654525,-5.7776421149956,4.6635555980234,0
2189,-0.070411314161846,0.0080897721631818,-5.7766334991586,3.1881363042233,0
2003,-0.038706961737951,0.028348863851357,-5.7757047339111,5.0788633885281,0
2137,-0.062551428443758,0.015077525917782,-5.7740152659349,3.8956538267013,0
3716,0.00013663234034507,0.042372472015966,-5.7734120729116,6.2668939019239,0
1894,-0.018258715728876,0.03630973374106,-5.7667280245216,5.7631772465152,0
2263,-0.075486482615786,-0.0075462185414578,-5.7664428256969,1.5477171746345,0
2084,-0.052899271173538,0.020920101688381,-5.7658294475399,4.4581198426672,0
3758,0.0079692282730207,0.044526591580603,-5.7616102857006,6.4792429067723,0
1976,-0.033287648959386,0.030681206650804,-5.7613494447766,5.2881015807527,0
5620,0.064037082210864,0.060079652926953,-5.7577861828865,7.8511661045747,0
2215,-0.072530350114833,0.0045586574366908,-5.7538424735227,2.8418561322371,0
3885,0.038432040253078,0.053219291976037,-5.7522103065505,7.2485690133236,0
5605,0.14913524163798,0.10548611860324,-5.7504027500489,8.4823892521996,0
2240,-0.073133748280741,-0.00013660523263857,-5.7483120970825,2.3455904695668,0
2111,-0.057043234208449,0.01844101189751,-5.7459154740988,4.254568169333,0
3800,0.016288957350586,0.046765972228008,-5.7454253557065,6.7021680295262,0
2264,-0.071676544270833,-0.0063839369608804,-5.7438636195463,1.7036433135134,0
1949,-0.027298068532537,0.032908934495539,-5.737683000313,5.4979567533684,0
2164,-0.06583431965018,0.012598958893858,-5.7343731990451,3.6975277249053,0
2190,-0.069671747764705,0.0091466956172718,-5.7331213266303,3.3456531150439,0
5612,0.08191499935677,0.067272876395329,-5.7293250109904,8.1251186273453,0
160,-0.9478790700766,0.0024238644241137,-5.7288881746147,0.06250000200012,0
161,-0.86939666749358,0.0052599317652774,-5.7281241309184,0.18750000600041,0
162,-0.76879774378516,0.0072600961746559,-5.727360087222,0.31250001000044,0
163,-0.65934969016201,0.0077907811135332,-5.7265960435256,0.43750001400015,0
968,-0.54932146952511,0.0070815280998437,-5.7250649055757,0.56250001800012,0
3842,0.025155622855212,0.04909859866214,-5.7245490584408,6.9352643031465,0
969,-0.44437160471743,0.0053479556737552,-5.7227666733722,0.68750002200038,0
970,-0.34848779667147,0.0028706836859182,-5.7204684411687,0.81250002600038,0
3927,0.048446584606142,0.055498104345517,-5.7202170480603,7.5036525498425,0
1867,-0.010705457882191,0.038402721111603,-5.7198806689673,5.9743003346727,0
2265,-0.072152088445376,-0.0049667748849099,-5.7198034574107,1.8592495829801,0
2138,-0.060890634653412,0.01597274790145,-5.718226485245,4.0531912178589,0
971,-0.2644253308638,-8.5152032057246e-05,-5.7181702089652,0.93750003000012,0
3715,-0.0029934379968102,0.040629315519157,-5.7170434346889,6.2086412408317,0
2241,-0.073506178421432,0.0010791807772675,-5.7168886903157,2.5019556289594,0
2216,-0.072289937933071,0.0056692634190925,-5.7158233412297,2.9987169278359,0
2288,-0.18739589198964,-0.0033274926922896,-5.7085166354386,1.0770510411423,0
3757,0.0046247390552103,0.042715569050307,-5.7058661647062,6.4178478298549,0
2058,-0.046215194924276,0.024174908864567,-5.7048641444447,4.8207105427638,0
1922,-0.021281846196072,0.034573913481436,-5.7044283457863,5.7080874553441,0
5597,0.074047206635543,0.04120749198625,-5.7033667152688,8.7609273015186,0
2031,-0.041302697114752,0.026604333029323,-5.7028339971937,5.0275552216185,0
3884,0.034537025770753,0.051466706107085,-5.6986831178638,7.1781189879229,0
2085,-0.050790638785929,0.021713307143095,-5.6982831063475,4.6152242163064,0
5619,0.059329464239068,0.058127577498013,-5.696652748145,7.7720325319202,0
2266,-0.072863815057459,-0.0035895503353179,-5.6942705731936,2.0144999919108,0
5604,0.12017959626715,0.089322280709502,-5.6924225010275,8.4009154539918,0
2004,-0.036012770212737,0.028928586319814,-5.6918928063825,5.2354390157035,0
2289,-0.12835450732027,-0.0060673380969352,-5.6908278221795,1.23106594901,0
3799,0.012745279948442,0.044923456074625,-5.6903637542134,6.6376918766421,0
2191,-0.068711203320556,0.010139787258812,-5.6878605587249,3.5023113840376,0
2242,-0.073712317757073,0.0022288756027096,-5.6838978910073,2.657775906721,0
2112,-0.055078168928497,0.019252341701401,-5.6834005286461,4.4114052557114,0
2165,-0.064403072247234,0.013514507740326,-5.6830976424932,3.8542686233654,0
2217,-0.071833283948999,0.0067201679046043,-5.6761483325678,3.1548626012244,0
2290,-0.092473139860375,-0.0077467449506048,-5.6717815365571,1.3848900950926,0
1977,-0.030145270181015,0.031141808748262,-5.6717508139615,5.4440327597746,0
3841,0.021426160617976,0.047251933544917,-5.6702268254131,6.8677694845274,0
5611,0.072378359294765,0.061926745299731,-5.6697567029903,8.0447995025796,0
3926,0.044376636749826,0.053814946474269,-5.6675393871627,7.4303118032843,0
2267,-0.073523313827703,-0.0023184108648263,-5.6672740754205,2.1693587601985,0
1895,-0.013704494866427,0.036682085276672,-5.66131919111,5.9181429814751,0
3714,-0.0060700659956203,0.038852511915735,-5.6606747964661,6.1503885797394,0
2139,-0.05908824369295,0.016802908323738,-5.6605355228681,4.2095521654718,0
2291,-0.075830653134228,-0.0080296644396359,-5.6513828298358,1.5384904590121,0
3756,0.0013228029926774,0.040859749863535,-5.6501220437117,6.3564527529375,0
2243,-0.073731792005653,0.0033187138487288,-5.649353441559,2.8130132723069,0
5596,0.16608648753096,0.12149345743978,-5.6469968497212,8.6783301510067,0
3883,0.030643601525983,0.049642439590869,-5.6451559291772,7.1076689625222,0
1950,-0.024246735552612,0.032819342346839,-5.6421286670511,5.6529976641731,0
2192,-0.067538102841606,0.011069844830214,-5.6408726345929,3.6580687583381,0
2268,-0.074076875592306,-0.0011280328309021,-5.6388239416552,2.3237903406626,0
5618,0.054895321258623,0.056312960440531,-5.6355193134031,7.6928989592654,0
3798,0.0092371315611619,0.043029650697967,-5.6353021527202,6.5732157237579,0
2218,-0.071156022727272,0.0077128539586782,-5.6348353645306,3.3102530160816,0
5603,0.099109674342217,0.075063819474103,-5.634442252006,8.3194416557841,0
2166,-0.062798534323617,0.014364901393628,-5.6300163372092,4.0099526644686,0
2059,-0.043813719593035,0.024847932390525,-5.6299632604765,4.9762470547092,0
2292,-0.072327838076298,-0.0069587466854592,-5.6296375564713,1.6918341527896,0
2086,-0.048584726958252,0.022440510892263,-5.6286918957238,4.7708470270238,0
2032,-0.03865996287338,0.027159311202854,-5.6224361679885,5.1827764506543,0
2113,-0.053021565167082,0.020004898452154,-5.6189240976992,4.5668928345892,0
3840,0.017720575250355,0.045344830564004,-5.6159045923854,6.8002746659084,0
3925,0.040346329449403,0.052029380441943,-5.6148617262651,7.356971056726,0
2244,-0.073549171144111,0.004352875175033,-5.6132700068977,2.967630041483,0
164,-0.95506413799017,0.0025156611602418,-5.6107623731605,0.06250000200012,0
5610,0.06622989103969,0.058982825788629,-5.6101883949906,7.9644803778144,0
165,-0.8750486170705,0.0054333804022884,-5.6100787551162,0.18750000600041,0
166,-0.77260090304097,0.0074779623252726,-5.6093951370718,0.31250001000044,0
2269,-0.074494233685193,-7.2070014904133e-06,-5.6089310127031,2.4777594397006,0
167,-0.66129155415805,0.0079902451427993,-5.6087115190275,0.43750001400015,0
972,-0.5495726486696,0.0072112840227213,-5.6073415534933,0.56250001800013,0
2293,-0.07286673674421,-0.0056565432113646,-5.6065523705488,1.8448884409084,0
2005,-0.032931103380596,0.029351052406102,-5.60581862761,5.3901087661808,0
973,-0.44322212513302,0.0053704474791529,-5.6052852404693,0.68750002200039,0
3713,-0.0090873720842743,0.037047951100462,-5.6043061582432,6.0921359186469,0
974,-0.34629336587869,0.0027633543785924,-5.6032289274452,0.81250002600039,0
1923,-0.016677063837924,0.034933573511376,-5.6027577132528,5.8619856282777,0
975,-0.26156729547658,-0.00032453943713871,-5.6011726144212,0.93750003000012,0
2140,-0.057173716239599,0.017573041474458,-5.6009716097521,4.3646906687555,0
3755,-0.0019320267957376,0.038966149430578,-5.5943779227175,6.2950576760203,0
2193,-0.066167302015906,0.011937866456133,-5.5921800190516,3.8128834200295,0
2219,-0.070259343249312,0.0086481806501704,-5.5919033266999,3.4648484848027,0
2316,-0.18522499015517,-0.0036570385953677,-5.5918076848502,1.0757199067755,0
3882,0.026758758123848,0.047747896538696,-5.5916287404904,7.0372189371214,0
5595,0.15082506768238,0.10229268691551,-5.5906269841737,8.5957330004948,0
2294,-0.073613697708886,-0.0043923274288536,-5.5821347217907,1.9976207599708,0
3797,0.0057714052591819,0.041093719424833,-5.580240551227,6.5087395708737,0
1978,-0.027143469652708,0.031051057569698,-5.5798289883158,5.5979078730019,0
3967,0.050522510637029,0.054330707828973,-5.5790651655119,7.6152491840361,0
2270,-0.074750335929111,0.0010538943772531,-5.577606986213,2.6312310381188,0
5602,0.084181168597407,0.065996093524287,-5.5764620029846,8.2379678575764,0
2245,-0.07315408254901,0.0053339601223092,-5.5756631659769,3.1215888982254,0
2167,-0.061049051520367,0.015153557666112,-5.5751555716375,4.1645361616107,0
2317,-0.12724193942217,-0.0064575657192108,-5.5745258085765,1.227081715427,0
3924,0.036311107761737,0.050172478958416,-5.5621840653676,7.2836303101678,0
3839,0.014047480155623,0.04338628708341,-5.5615823593578,6.7327798472893,0
2087,-0.046243413069566,0.023080033199482,-5.5570925237594,4.9249388877999,0
2295,-0.074309611520461,-0.0032279528120707,-5.5563928512439,2.1499987374992,0
2318,-0.092145795804429,-0.0081923268706351,-5.5560293517672,1.3782728424814,0
2060,-0.041221310018899,0.025379382018997,-5.5529795295948,5.1301138856055,0
2114,-0.050870306715986,0.020694702690583,-5.5525196470026,4.7209835112836,0
5609,0.061445123467582,0.056955885116286,-5.550620086991,7.8841612530492,0
3712,-0.012040327585162,0.035222022288431,-5.5479375200203,6.0338832575545,0
2220,-0.069150245013525,0.0095266982304629,-5.5473720701407,3.618609791771,0
2271,-0.074824766586079,0.0020616002194658,-5.5448644095953,2.7841704123768,0
1951,-0.019626538502953,0.033158565694415,-5.5441962353957,5.8058282750803,0
2194,-0.064620252537897,0.012745398604369,-5.5418061891736,3.9667141110784,0
2033,-0.035653965013094,0.027542838131515,-5.5398864412587,5.3361847725871,0
2141,-0.055167572732414,0.018286584603514,-5.5395650890506,4.5185614528719,0
3754,-0.0051363249030978,0.037043148052924,-5.538633801723,6.2336625991029,0
5587,0.073270662499637,0.038876201439987,-5.538234119707,8.8734450692957,0
3881,0.022891655390703,0.045789725820047,-5.5381015518036,6.9667689117205,0
2246,-0.072541285064733,0.0062634973147113,-5.5365494024309,3.2748529171192,0
2319,-0.076068867262925,-0.0085353359216452,-5.5363228339748,1.5292637433897,0
5594,0.1222625056492,0.087069883019885,-5.5342571186261,8.5131358499827,0
2296,-0.074903983250997,-0.0021379736861679,-5.5293357862279,2.3019902117584,0
3966,0.046314105644597,0.052562008332732,-5.5272903044714,7.5390832062324,0
3796,0.0023544901515029,0.039127365176695,-5.5251789497339,6.4442634179896,0
2168,-0.059184358147691,0.015884586978592,-5.5185426908582,4.3179760817996,0
5601,0.074555040113642,0.060718610753406,-5.5184817539635,8.1564940593691,0
2006,-0.029961868087986,0.029274423926886,-5.5175293095804,5.5428180818308,0
2320,-0.072864003381381,-0.0075562050212937,-5.5154114933962,1.6800249920658,0
2272,-0.074701759681549,0.0030202030461816,-5.5107166725656,2.93654315513,0
3923,0.032276515038941,0.048242675432311,-5.5095064044701,7.2102895636098,0
3838,0.010415624021166,0.041388585281594,-5.5072601263302,6.6652850286703,0
2221,-0.067841913231179,0.010348932737061,-5.5012623956101,3.7714982166938,0
2297,-0.07536723724196,-0.0011111981875498,-5.5009733350905,2.4535632504417,0
2247,-0.071710797723613,0.0071422970750457,-5.4959460946748,3.4273855855678,0
2321,-0.073461363183079,-0.0063672462972612,-5.4933012836869,1.8305272988367,0
168,-0.96249409126109,0.0026119298831493,-5.4926365717062,0.06250000200012,0
169,-0.88087277572606,0.0056131372597298,-5.4920333793141,0.18750000600041,0
3711,-0.014925951994637,0.033381349380587,-5.4915688817977,5.9756305964623,0
170,-0.77649255038968,0.0077018776492299,-5.4914301869219,0.31250001000044,0
5608,0.056938031112847,0.055065973655839,-5.491051778991,7.8038421282837,0
171,-0.66324145788762,0.0081925786675366,-5.4908269945298,0.43750001400015,0
2195,-0.062924201884787,0.013494799200433,-5.489775620407,4.1195201577496,0
976,-0.54976308146438,0.0073384667815349,-5.4896182014114,0.56250001800013,0
977,-0.44196067202837,0.0053834842930425,-5.4878038075667,0.6875000220004,0
978,-0.34395753410633,0.002637869673432,-5.485989413722,0.8125000260004,0
1979,-0.022555011736643,0.031357236694726,-5.4856347575384,5.7496709218827,0
3880,0.019052705455372,0.043778810267011,-5.4845743631167,6.8963188863195,0
2115,-0.048588392175269,0.021303385629174,-5.484221787042,4.8736307208905,0
979,-0.25856169284978,-0.00058699630375556,-5.4841750198774,0.93750003000013,0
2088,-0.04370494574232,0.023590081199827,-5.4835228912011,5.0774513205567,0
5586,0.16619129220721,0.11666142604348,-5.4834963458096,8.7897563181977,0
3753,-0.0082880270114798,0.035100129710375,-5.4828896807284,6.1722675221853,0
5593,0.10131411472009,0.073364167460184,-5.4778872530783,8.4305386994706,0
2142,-0.053069668747251,0.018940879624375,-5.4763473982812,4.6711199955432,0
3965,0.042146169270874,0.050678849927633,-5.475515443431,7.4629172284287,0
2273,-0.074370324343006,0.0039324195220477,-5.4751779993859,3.0883151952265,0
2344,-0.18292526510358,-0.0040079330230301,-5.4750987342619,1.0743887724086,0
2061,-0.038295686310078,0.025728931652016,-5.4739542549076,5.2822607789937,0
2298,-0.075674601574806,-0.00013782336458353,-5.4713160814188,2.6046861695167,0
3795,-0.0010080840306134,0.037144209406418,-5.4701173482409,6.3797872651056,0
2322,-0.074242995650231,-0.0052147546637352,-5.4699988703878,1.9807415280309,0
5600,0.068304893111126,0.057728693397359,-5.4605015049427,8.0750202611622,0
2169,-0.057227195452466,0.016561226537373,-5.460206080402,4.4702300711545,0
2345,-0.12601249370151,-0.0068689523381899,-5.4582237949737,1.2230974818439,0
3922,0.028252072553049,0.046245275924921,-5.4568287435726,7.1369488170516,0
2034,-0.03269200081287,0.027495380272978,-5.4552296308453,5.4877282906598,0
2248,-0.070668135565911,0.0079707213726195,-5.4538715056886,3.5791508252038,0
2222,-0.066354042647252,0.011115676590898,-5.453596041138,3.9234755576882,0
3837,0.0068333225806724,0.039366576357033,-5.4529378933025,6.5977902100513,0
2323,-0.074975476977112,-0.0041558535710255,-5.4455116270673,2.1306387147998,0
2299,-0.075805604057789,0.00078860806970643,-5.4403753776316,2.7553275524466,0
2346,-0.091708109535857,-0.0086598119967206,-5.4402771669775,1.3716555898701,0
2274,-0.073824324130489,0.0047998519530301,-5.4382634403311,3.2394528181568,0
2196,-0.061108949100859,0.01418918485002,-5.4361137719643,4.2712614948437,0
4007,0.052478521963838,0.053006516853382,-5.4358576155064,7.7242201970869,0
3710,-0.017745371349664,0.031532301741502,-5.435200243575,5.9173779353701,0
3879,0.015252864951257,0.04172964977214,-5.4310471744299,6.8258688609186,0
5585,0.15245979850433,0.099061366333801,-5.4287585719124,8.7060675670999,0
3752,-0.011386531546739,0.03314716249711,-5.427145559734,6.1108724452679,0
2007,-0.025460640186325,0.029528793538824,-5.4270732796812,5.6935135686852,0
3964,0.037970903815768,0.048723898764036,-5.4237405823906,7.3867512506252,0
5592,0.086350462506429,0.064579686015453,-5.4215173875307,8.3479415489586,0
2347,-0.076196691348053,-0.0090629809776799,-5.4212628381139,1.5200370277673,0
2324,-0.075611237841488,-0.0031652132386984,-5.4198476308006,2.2801900828543,0
3794,-0.0043119083034502,0.035158730241993,-5.4150557467477,6.3153111122214,0
2116,-0.046107939584593,0.021794640579358,-5.4140662528072,5.0247887555078,0
2143,-0.050846593449035,0.019521397043912,-5.4113510503245,4.8223225539809,0
2249,-0.069424697448905,0.0087489074490679,-5.4103447721686,3.7301130133579,0
2300,-0.075744129758206,0.0016725279494006,-5.4081633382335,2.905456268777,0
2089,-0.04085879404428,0.02391681116369,-5.4080220685566,5.2283367854005,0
2223,-0.064712460893509,0.01182827796648,-5.4043956691765,4.0745041538886,0
3921,0.024249810788146,0.044192011971123,-5.4041510826749,7.0636080704932,0
5599,0.063438204681637,0.05562711486749,-5.4025212559219,7.9935464629554,0
2348,-0.073281346486126,-0.0081755578051098,-5.4011854303214,1.668215831342,0
2170,-0.055181179864649,0.017182239152308,-5.4001751495599,4.6212564798029,0
2275,-0.073062584875469,0.0056233069442681,-5.3999888626497,3.3899226863329,0
3836,0.0033078500887079,0.037336354541981,-5.3986156602749,6.5302953914323,0
2325,-0.07612135462314,-0.002231532581894,-5.3930156574779,2.4293670611829,0
2062,-0.035315708225725,0.025716491024465,-5.3929299521104,5.432638499489,0
4006,0.048133356677895,0.051154653289877,-5.3850375965371,7.6452954594592,0
2197,-0.059199441093418,0.014831446453255,-5.3808470717536,4.4218986894373,0
2349,-0.073932389836121,-0.007097778515151,-5.3800501968252,1.816166156765,0
3709,-0.020506145078836,0.029679295660834,-5.3788316053522,5.8591252742777,0
3878,0.011502788912272,0.039659196759908,-5.3775199857431,6.7554188355177,0
2301,-0.075478559742362,0.0025167927660127,-5.374692832795,3.0550414922276,0
172,-0.97017563043715,0.0027125359242483,-5.3745107702521,0.06250000200012,0
5584,0.1242800750442,0.084725324050931,-5.3740207980149,8.6223788160017,0
173,-0.88687182601735,0.0057985333219012,-5.3739880035122,0.18750000600041,0
174,-0.78047137213826,0.0079304275312295,-5.3734652367723,0.31250001000045,0
175,-0.6651947855636,0.0083958154809426,-5.3729424700325,0.43750001400016,0
3963,0.03379707124027,0.046698510970584,-5.3719657213503,7.3105852728217,0
980,-0.54988555594162,0.0074608819144546,-5.3718948493299,0.56250001800013,0
3751,-0.014432724192204,0.031194910004358,-5.3714014387396,6.0494773683506,0
5577,0.072375963181364,0.036551713735724,-5.3710233773375,8.9828506893156,0
981,-0.44057802333982,0.0053847400230958,-5.3703223746645,0.6875000220004,0
982,-0.34147090881502,0.0024909609415542,-5.3687498999992,0.8125000260004,0
2035,-0.028336165117803,0.027674269342942,-5.3685118018241,5.6373562154879,0
983,-0.25540399433475,-0.00087525262739578,-5.3671774253338,0.93750003000013,0
2250,-0.06799821302342,0.00947699458015,-5.3653858931024,3.880237004298,0
5591,0.076619147772453,0.059360752505585,-5.3651475219833,8.2653443984469,0
2326,-0.076481309188371,-0.001344991316605,-5.3650251766245,2.5781413009145,0
2276,-0.072089099153706,0.0064030267633377,-5.3603709412364,3.5396918586366,0
3793,-0.0075538976240583,0.033184838473489,-5.3599941452544,6.2508349593371,0
2372,-0.18049282600991,-0.0043808807973716,-5.3583897836739,1.0730576380417,0
2350,-0.07474797548655,-0.0060556376227082,-5.3578630189851,1.9638622960909,0
2224,-0.062946711142817,0.012488801347485,-5.3536848530705,4.2245469078879,0
3920,0.020282981210095,0.042098782598,-5.3514734217772,6.9902673239348,0
2144,-0.048428320485749,0.01999677730134,-5.3446096144132,4.9721261904586,0
5598,0.058857727357549,0.053664376544674,-5.3445410069009,7.9120726647482,0
3835,-0.00015510844364245,0.035313395914906,-5.3442934272474,6.4628005728134,0
2117,-0.043339112585457,0.022108578028916,-5.3420898822054,5.174412791807,0
2373,-0.124661188978,-0.0073018602616084,-5.3419217813711,1.2191132482609,0
2302,-0.075001852691977,0.0033231099302649,-5.3399774782313,3.2040527191945,0
2171,-0.053016512669399,0.017737156854891,-5.3384803136069,4.7710143870714,0
2327,-0.076670553769076,-0.00049897236712124,-5.3358863456678,2.7264846925164,0
2351,-0.075517062418592,-0.0051008733843691,-5.3346304028907,2.1112786921004,0
4005,0.04382936449289,0.049179372210449,-5.3342175775679,7.5663707218314,0
2090,-0.037867185324076,0.023936586684512,-5.3306302733756,5.3775487083185,0
2374,-0.091155201955321,-0.0091492552030558,-5.3245249821881,1.3650383372588,0
2198,-0.057203681491192,0.015421664898699,-5.3240029008386,4.5713929640626,0
3877,0.0078119132479316,0.037585009700998,-5.3239927970563,6.6849688101167,0
3708,-0.023223317324846,0.027821407996438,-5.3224629671294,5.8008726131855,0
3962,0.029637364173351,0.044612391194444,-5.3201908603099,7.2344192950181,0
2277,-0.070913397404978,0.0071388590160498,-5.319427148727,3.6887278100221,0
5583,0.10343461191081,0.0715448005743,-5.3192830241174,8.5386900649036,0
2251,-0.066412755870876,0.01015540047943,-5.319015717946,4.0294881500275,0
5576,0.16608229312926,0.11178164382038,-5.317938778672,8.8981025078185,0
3750,-0.017428387501245,0.029254284945202,-5.3156573177453,5.9880822914334,0
2352,-0.076194730285722,-0.0042084762126845,-5.3103594753733,2.2583899539501,0
2063,-0.031144245690628,0.025801682450628,-5.3099503239673,5.5811988622908,0
5590,0.070256319183624,0.056321603053004,-5.3087776564362,8.1827472479356,0
2375,-0.076210189790031,-0.0096119387509602,-5.3062028422533,1.5108103121449,0
2328,-0.076672611176609,0.00031112148879727,-5.3056100039013,2.874369382424,0
3792,-0.010732678395642,0.031234390836914,-5.3049325437612,6.1863588064529,0
2303,-0.074311633970769,0.0040923296740979,-5.3040316306245,3.3524597870981,0
2225,-0.061083780394984,0.013099587083541,-5.3014880631052,4.3735673077201,0
3919,0.01636481547262,0.039984002668534,-5.2987957608796,6.9169265773765,0
4047,0.054310775488036,0.051532913821577,-5.2906436910858,7.8305277318338,0
3834,-0.0035518474709766,0.033310445079718,-5.2899711942198,6.3953057541944,0
2376,-0.073576408397335,-0.0088156913829793,-5.2869593672467,1.6564066706182,0
2353,-0.07675265536727,-0.0033669133527025,-5.2850579798654,2.405170871924,0
4004,0.039516976968955,0.04713491424371,-5.2833975585988,7.4874459842038,0
2278,-0.069551068256064,0.0078304163705485,-5.2771757450668,3.8369984509078,0
2145,-0.045735982518119,0.02030644979609,-5.276157695854,5.1204887982133,0
2172,-0.050664297406083,0.018199461622743,-5.2751529760191,4.9194636254095,0
2329,-0.076475226518668,0.0010883103070305,-5.274207666204,3.0217677892286,0
2252,-0.064697176503384,0.010785106398702,-5.2712559341767,4.1778323209321,0
3876,0.0041876091869632,0.035522978505357,-5.2704656083695,6.6145187847159,0
3961,0.025506967516589,0.042481949550397,-5.2684159992694,7.1582533172143,0
2118,-0.040348437417738,0.02216185662606,-5.2683305946405,5.3224589171476,0
2304,-0.073410361646065,0.0048246472331763,-5.2668703767842,3.5002328920695,0
2377,-0.074276322313773,-0.0078467256584118,-5.2667991099636,1.8018050146934,0
3707,-0.02592039971736,0.025952151097016,-5.2660943289068,5.7426199520933,0
2199,-0.055096861175676,0.015953358387164,-5.2656095768895,4.7197062201619,0
5575,0.15403595416288,0.095780150411095,-5.2648541800066,8.8133543263214,0
5582,0.088418652408021,0.063025897144007,-5.26454525022,8.4550013138055,0
3749,-0.020373127140977,0.02733403718475,-5.2599131967509,5.926687214516,0
2354,-0.077166535487959,-0.0025663020022855,-5.2587342718303,2.5515964323123,0
176,-0.97811011312877,0.002815730761144,-5.2563849687979,0.06250000200012,0
177,-0.89304422426749,0.0059870105514824,-5.2559426277103,0.18750000600041,0
178,-0.78453243789552,0.0081599356066583,-5.2555002866228,0.31250001000045,0
179,-0.6671439426486,0.0085956767943869,-5.2550579455352,0.43750001400016,0
984,-0.54993066520447,0.0075742550172413,-5.2541714972484,0.56250001800013,0
985,-0.43906326196139,0.0053704904568123,-5.2528409417623,0.68750002200041,0
5589,0.065303273792746,0.054146294507309,-5.2524077908892,8.1001500974244,0
986,-0.33882255265816,0.0023181278427515,-5.2515103862763,0.81250002600041,0
2091,-0.033847160972964,0.023970931356623,-5.2513888461106,5.5250415090939,0
987,-0.25209151052036,-0.0011928425801283,-5.2501798307903,0.93750003000013,0
3791,-0.013849260196709,0.02931577494463,-5.2498709422682,6.1218826535689,0
2226,-0.05913649154081,0.013661741512483,-5.2478306521175,4.5215294483224,0
3918,0.012507216790816,0.037866399511899,-5.246118099982,6.8435858308182,0
2378,-0.07512491522741,-0.0069135663289802,-5.2457271675825,1.946983064151,0
2330,-0.076070452854244,0.0018344367444938,-5.2416915161315,3.1686526202321,0
2400,-0.17792506702956,-0.0047765862784971,-5.241680833086,1.0717265036749,0
4046,0.049832077460176,0.049601310741919,-5.2408293084768,7.7489116642125,0
3833,-0.0068809202350171,0.031335778185607,-5.235648961192,6.3278109355753,0
2279,-0.068024097283634,0.0084773011511731,-5.2336357667155,3.9844721461665,0
4003,0.035208939391571,0.045025691548648,-5.2325775396298,7.4085212465762,0
2355,-0.077415723393057,-0.0017998398942386,-5.2313973137041,2.6976418325862,0
2305,-0.072305654940397,0.0055197286916741,-5.2285095252855,3.6473426066864,0
2401,-0.12318398268888,-0.0077561897426729,-5.2256197677686,1.2151290146779,0
2379,-0.0759305254754,-0.0060616306147308,-5.2237491787144,2.091918669401,0
2253,-0.06288013440206,0.011367669421359,-5.2221290544568,4.3252359260029,0
3875,0.00063461391638709,0.033485096641654,-5.2169384196829,6.5440687593151,0
3960,0.021421736759712,0.040326640720757,-5.2166411382288,7.0820873394105,0
5574,0.12623434261432,0.082282406515487,-5.211769581341,8.7286061448242,0
2173,-0.048049594697695,0.018511762904407,-5.2102255095026,5.0665648046197,0
5581,0.078565673221519,0.057856458054414,-5.2098074763228,8.3713125627078,0
3706,-0.028632510395029,0.024152947061962,-5.2097256906845,5.6843672910015,0
2402,-0.090482911935768,-0.0096598147806802,-5.2087727973987,1.3584210846475,0
2331,-0.075454723545661,0.0025504407415038,-5.2080743985994,3.3149968878632,0
2146,-0.042761828305665,0.020396749371455,-5.2060309159053,5.2673691259767,0
2200,-0.052813957376586,0.016404946480689,-5.2056963376251,4.8668010603605,0
3748,-0.023258744154836,0.025436683517386,-5.2041690757565,5.8652921375987,0
2356,-0.077483365571011,-0.001062743073223,-5.2030566695693,2.843282496071,0
5567,0.07134260437523,0.034226529137199,-5.2017931339218,9.0891057898169,0
2380,-0.076650558107546,-0.0052663837200493,-5.2008713199463,2.2365898250459,0
5588,0.060649820824672,0.05211358302078,-5.1960379253419,8.0175529469129,0
3790,-0.01690680727808,0.027431682272198,-5.1948093407752,6.0574065006849,0
3917,0.0087195697977485,0.035762465025007,-5.1934404390843,6.7702450842598,0
2119,-0.036460025764165,0.022180069814414,-5.1928273682537,5.4688841558968,0
2227,-0.057086539081875,0.014172405088458,-5.1927388401721,4.6683980532525,0
2403,-0.076105756649862,-0.010180552083217,-5.1911428463926,1.5015835965225,0
4045,0.045395604586258,0.047540654787241,-5.1910149258678,7.6672955965911,0
2306,-0.071010832271678,0.0061768063499066,-5.1889655970312,3.7937598975177,0
2280,-0.066360116954646,0.009079425529187,-5.1888270152829,4.1311177339763,0
4002,0.030921339948633,0.042865566859825,-5.1817575206606,7.3295965089485,0
3832,-0.010143482711894,0.029392649722835,-5.1813267281644,6.2603161169563,0
2381,-0.077257208000663,-0.004515961195543,-5.1771003022531,2.3809746826651,0
2357,-0.077356566698661,-0.00035180624240322,-5.1737224996131,2.9884940862296,0
2332,-0.074628975574087,0.0032365422400466,-5.1733698123319,3.4607739255023,0
2404,-0.073745734497788,-0.0094748353310889,-5.1727333041721,1.6445975098944,0
2254,-0.060979434399394,0.011904764303992,-5.1716584033963,4.4716659325822,0
3959,0.017396346847395,0.038166375970589,-5.1648662771884,7.0059213616067,0
3874,-0.0028451326083758,0.03147795648847,-5.1634112309961,6.4736187339142,0
5573,0.10546619636294,0.069607885901706,-5.1586849826754,8.6438579633269,0
5580,0.072078757648824,0.054765308847646,-5.1550697024259,8.2876238116106,0
2405,-0.0744897574993,-0.0086122788251311,-5.1535480231021,1.7874438726217,0
3705,-0.031290528401716,0.022407397315852,-5.1533570524624,5.6261146299098,0
2382,-0.077726339046149,-0.0038003776430411,-5.1524433670363,2.5250515637102,0
5566,0.1657336851431,0.10684345591557,-5.1503821613684,9.0033307543564,0
3747,-0.02607698366036,0.023597862499881,-5.1484249547623,5.8038970606815,0
2307,-0.069545484884265,0.0067948226507209,-5.148255815485,3.9394561423055,0
2201,-0.050279746858847,0.016725063127877,-5.1442933231513,5.0126408110261,0
2174,-0.045108489145896,0.01864283167316,-5.1437312371701,5.2122793348057,0
4087,0.056015707550112,0.049915696837017,-5.143473383784,7.9341348552712,0
2358,-0.077026480825742,0.00033497663187171,-5.1434055540317,3.1332525212697,0
2281,-0.064588854889294,0.009637344127447,-5.1427700458084,4.2769045442856,0
4044,0.040951335182473,0.045416152576218,-5.1412005432589,7.5856795289699,0
3916,0.0050079298944919,0.033684170855593,-5.1407627781867,6.6969043377016,0
3789,-0.019907070559266,0.025575037821766,-5.139747739282,5.9929303478008,0
180,-0.98630421553745,0.0029185933978351,-5.1382591673438,0.062500002000121,0
181,-0.89939399912142,0.0061770116574994,-5.1378972519085,0.18750000600041,0
2333,-0.073598916579756,0.0038923352610749,-5.1375919018438,3.6059574033506,0
182,-0.78867486720739,0.0083897761379257,-5.1375353364732,0.31250001000045,0
183,-0.66908324379141,0.0087916950421661,-5.1371734210379,0.43750001400016,0
988,-0.54988897038104,0.007677511770739,-5.1364481451669,0.56250001800013,0
2228,-0.054875264210404,0.014615044863499,-5.1362396992312,4.8141384953115,0
989,-0.43740413009004,0.0053388018436467,-5.1353595088602,0.68750002200041,0
990,-0.33599852193804,0.0021150131415538,-5.1342708725535,0.81250002600042,0
2147,-0.038994387936204,0.020420548718428,-5.1342658903967,5.4127268026994,0
2406,-0.075370289101699,-0.007786876040801,-5.13359131618,1.9301038322111,0
991,-0.24862275842126,-0.0015449673206956,-5.1331822362468,0.93750003000014,0
4001,0.026672283586916,0.040674479908707,-5.1309375016913,7.2506717713207,0
3831,-0.013343161474239,0.027479723041678,-5.1270044951369,6.1928212983375,0
2383,-0.078037176610716,-0.0031126302295183,-5.1269082817406,2.668798972656,0
2428,-0.17521860387444,-0.0051967571765874,-5.1249718824981,1.070395369308,0
2255,-0.058984707074265,0.012396509836074,-5.1198681034548,4.617089886343,0
3958,0.013442657520669,0.036018749426132,-5.1130914161479,6.929755383803,0
2407,-0.076212311589952,-0.0070365663212847,-5.1128679545381,2.0725586467017,0
2359,-0.076488370022689,0.00099867610496417,-5.1121171665742,3.2775339886283,0
3873,-0.0062523916493355,0.029502723145915,-5.1098840423092,6.4031687085132,0
2429,-0.12157578867367,-0.0082312877939746,-5.109317754166,1.2111447810949,0
2308,-0.067935448676301,0.0073726988366379,-5.1063980963891,4.0844031470205,0
5572,0.090380568093447,0.061337763842662,-5.1056003840098,8.5591097818297,0
2334,-0.072375525917857,0.0045168294997621,-5.1007554489956,3.7505213441275,0
2384,-0.078172477670785,-0.0024477342419665,-5.1005033352374,2.812195609718,0
5579,0.067035113017976,0.052517442946258,-5.1003319285291,8.2039350605134,0
5565,0.15549939900485,0.092410903213368,-5.0989711888151,8.9175557188959,0
3704,-0.033888812801637,0.020707001163628,-5.09698841424,5.5678619688179,0
2282,-0.062732899695462,0.010152727353474,-5.0954861546751,4.421802416842,0
4086,0.051408298753914,0.047908376934371,-5.0947141662158,7.8498958224995,0
2430,-0.089685870147926,-0.010188855036995,-5.0930206126093,1.3518038320362,0
3746,-0.02884072741653,0.021818620740883,-5.0926808337684,5.7425019837647,0
4043,0.036516415580857,0.043234927060587,-5.0913861606501,7.5040634613488,0
2408,-0.076975173773549,-0.0063374002115241,-5.0913831645193,2.2147896961417,0
3915,0.0013748413888009,0.031637602726242,-5.0880851172893,6.6235635911434,0
3788,-0.022845552799893,0.02372770092729,-5.0846861377889,5.9284541949167,0
2202,-0.047388035337759,0.016899855788902,-5.081431558435,5.1571895436348,0
4000,0.022479455175873,0.038473551122187,-5.080117482722,7.1717470336928,0
2360,-0.075741687799507,0.0016396015735665,-5.0798692478797,3.4213149589351,0
2229,-0.052425471172896,0.014946460981569,-5.0783611368001,4.9587168174327,0
2431,-0.075878705272418,-0.010765411296748,-5.076082850532,1.4923568809001,0
2175,-0.041457322764022,0.018685643958559,-5.0757044125396,5.3565694495021,0
2385,-0.078118705905884,-0.0018022838844581,-5.0732373330223,2.9552203832307,0
3830,-0.016483021661175,0.02558987727676,-5.0726822621094,6.1253264797186,0
2409,-0.077631485965535,-0.0056771390778001,-5.0691426246408,2.3567784934062,0
2256,-0.056846104077011,0.012831376875488,-5.0667830608373,4.7614759302625,0
2309,-0.066210682219613,0.0079098310977216,-5.06341103716,4.2285731625685,0
2335,-0.070975754755761,0.0051085004333298,-5.0628758642545,3.8944401384445,0
3957,0.0095685808026941,0.033896610195223,-5.0613165551074,6.8535894059992,0
2432,-0.073785410989376,-0.010150461377166,-5.0585072410974,1.6327883491706,0
3872,-0.0095904607239681,0.02755674303967,-5.0563568536224,6.3327186831123,0
5571,0.080389439856187,0.056209047829442,-5.0525157853444,8.4743616003328,0
5564,0.12818234252359,0.07976005446465,-5.0475602162617,8.8317806834353,0
2283,-0.06079094391024,0.010627765403667,-5.0469973667373,4.5657817194336,0
2361,-0.074790271958773,0.0022573782846518,-5.0466742784023,3.5645722000147,0
2410,-0.078157221226392,-0.0050456730720677,-5.0461524622424,2.498506695108,0
4085,0.046844808284618,0.045769617509464,-5.0459549486476,7.7656567897278,0
5578,0.062309928993044,0.050417711757273,-5.045594154632,8.1202463094158,0
2386,-0.077866128872388,-0.0011740867903168,-5.0451195919321,3.0978524223073,0
4042,0.032110162862988,0.041014218838456,-5.0415717780412,7.4224473937275,0
3703,-0.03642800882249,0.019040234769065,-5.0406197760174,5.5096093077258,0
2433,-0.074569322617494,-0.0093924192483316,-5.0402969362407,1.77308273055,0
3745,-0.031556445719359,0.02006882374533,-5.0369367127745,5.6811069068479,0
3914,-0.0021802464709572,0.029623114493429,-5.0354074563917,6.5502228445851,0
5557,0.070146914188094,0.031890329273901,-5.0306027428768,9.1921731044177,0
3787,-0.025728109643659,0.021932985387185,-5.029624536296,5.8639780420328,0
3999,0.018357785778354,0.036281982946945,-5.0292974637528,7.092822296065,0
2336,-0.069423062122665,0.0056654363622971,-5.0239691774952,4.0376885600647,0
2411,-0.078531446171358,-0.0044357978171541,-5.0224192497771,2.6399561127259,0
2434,-0.075480785258582,-0.0086737897336552,-5.0214554647775,1.9132246002711,0
184,-0.99478545991172,0.0030272874999442,-5.0201333658895,0.062500002000121,0
185,-0.90594186483153,0.0063810609952992,-5.0198518761065,0.18750000600041,0
186,-0.79291249910601,0.0086395186460287,-5.0195703863235,0.31250001000045,0
2310,-0.064397914581445,0.0084072748388871,-5.0193139059539,4.3719389011018,0
187,-0.67102045172621,0.0090085918765549,-5.0192888965406,0.43750001400016,0
2230,-0.049598915093355,0.015166760935415,-5.0191318797,5.102099752464,0
992,-0.54976304031001,0.007799018781418,-5.0187247930854,0.56250001800013,0
3829,-0.019558955119842,0.023706706935361,-5.0183600290818,6.0578316610996,0
993,-0.43559746467546,0.0053203344055704,-5.017878075958,0.68750002200042,0
2203,-0.043852753857232,0.016970384180874,-5.0171429346826,5.3004120963049,0
994,-0.33298554838705,0.0019138989200316,-5.0170313588306,0.81250002600043,0
995,-0.24499577054968,-0.0019026779874135,-5.0161846417033,0.93750003000014,0
2387,-0.077408868343622,-0.00056190683631222,-5.0161599345493,3.2400710893934,0
2362,-0.073642763945907,0.0028509514032343,-5.0125453009599,3.7072827907373,0
2257,-0.05448492563044,0.013175933571649,-5.0124289504488,4.9047928238392,0
3956,0.0057777480227706,0.031806681519363,-5.009541694067,6.7774234281956,0
2456,-0.17235992644412,-0.00562072917888,-5.0082629319101,1.0690642349412,0
3871,-0.012863893915368,0.025635025878596,-5.0028296649357,6.2622686577115,0
2435,-0.076359169094024,-0.0080240494041117,-5.0019867303619,2.0531986240023,0
5570,0.073766822592255,0.05306311747686,-4.9994311866794,8.3896134188364,0
2412,-0.078736514677113,-0.0038423244732342,-4.9979500009055,2.781108723365,0
2284,-0.058724416311763,0.011055578918767,-4.9973264224433,4.7088133652135,0
4084,0.042275836275678,0.043574454956767,-4.9971957310795,7.6814177569563,0
5563,0.10740952204867,0.067556230169846,-4.9961492437082,8.7460056479746,0
4127,0.057589914834096,0.048159039583062,-4.9943973643579,8.0350055729535,0
2457,-0.11982119221517,-0.0087116663572203,-4.9930157405635,1.2071605475119,0
4041,0.027752989507449,0.038776028694697,-4.9917573954321,7.340831326106,0
2388,-0.076744950105768,3.4708802448881e-05,-4.9863686834276,3.3818559923679,0
3702,-0.038908561938265,0.017398311674445,-4.9842511377948,5.4513566466337,0
2337,-0.067746620326228,0.0061858340781468,-4.9840520285115,4.1802417808513,0
3913,-0.0056604192716175,0.027637288768393,-4.9827297954939,6.4768820980266,0
2436,-0.077165435096679,-0.0074199211877601,-4.9818950090924,2.1929895672376,0
3744,-0.034221480654732,0.018346743633417,-4.9811925917805,5.6197118299309,0
5556,0.16511262985764,0.101830943826,-4.9808852068579,9.1054041852252,0
3998,0.014317810139438,0.034114373754719,-4.9784774447836,7.0138975584371,0
2363,-0.072313322958438,0.0034185487821927,-4.977495913024,3.8494241345834,0
2458,-0.08875137306191,-0.010726261116962,-4.9772684278199,1.3451865794249,0
3786,-0.028553296079693,0.020152519828308,-4.9745629348033,5.7995018891493,0
2311,-0.062505478839008,0.0088681639761671,-4.97412663002,4.5144735525242,0
2413,-0.078758251062593,-0.0032616393263766,-4.9727521664316,2.9219466802317,0
3828,-0.022567949576085,0.021861698934414,-4.9640377960542,5.9903368424807,0
2437,-0.077872491907443,-0.0068488236783803,-4.9611849470286,2.3325823041474,0
2459,-0.075522036206489,-0.011361111247947,-4.9610228546714,1.4831301652777,0
2231,-0.046182410812475,0.015270948750765,-4.9585814568257,5.2442547431078,0
3955,0.0020700719012279,0.029749653084057,-4.9577668330266,6.7012574503919,0
2258,-0.051738568288038,0.013442218625069,-4.9568322009649,5.0470099612931,0
2389,-0.07587642220619,0.00061550425858325,-4.9557566549608,3.5231869966789,0
3870,-0.016073526745718,0.023728463700656,-4.949302476249,6.1918186323108,0
4083,0.037722991811589,0.041332035890892,-4.9484365135115,7.5971787241848,0
2414,-0.078586053599686,-0.0026913489300739,-4.9468336298326,3.062452323345,0
4126,0.052860134861081,0.046080169143382,-4.946741557707,7.9482128511266,0
2285,-0.056455438813809,0.011413589395973,-4.9464967640976,4.8508688302456,0
5569,0.06862856555265,0.050743762044901,-4.9463465880145,8.3048652373401,0
5562,0.092232320191661,0.059516146024148,-4.9447382711547,8.660230612514,0
2460,-0.07369119446834,-0.010839863829719,-4.9442811780228,1.6209791884467,0
2338,-0.065976159793292,0.0066695900517322,-4.9431416572326,4.3220753853616,0
4040,0.023463412340571,0.036541367793484,-4.9419430128231,7.2592152584845,0
2364,-0.070822520389098,0.0039576679158939,-4.9415402586013,3.9909739731088,0
2438,-0.078456345380849,-0.0063005260127118,-4.9398615574485,2.4719618265059,0
5555,0.15681090142665,0.088931151565916,-4.931167670839,9.0186352660328,0
3912,-0.0090706220294363,0.02567551195483,-4.9300521345963,6.4035413514683,0
3701,-0.041330781623581,0.015775512254336,-4.9278824995723,5.3931039855417,0
2312,-0.060508447374412,0.0092894677300956,-4.9278697840495,4.6561508001646,0
3997,0.010364992858593,0.031979081842154,-4.9276574258143,6.9349728208093,0
2461,-0.074510902626924,-0.010185394492615,-4.9270458493792,1.7587215884783,0
3743,-0.036831839921013,0.016647802446595,-4.9254484707863,5.5583167530138,0
2390,-0.074809662320867,0.0011795055127268,-4.9243351529244,3.664044237347,0
2415,-0.078212941050348,-0.0021300264240001,-4.9202027025243,3.2026081901585,0
3785,-0.031325501416169,0.018388776977101,-4.9195013333108,5.7350257362658,0
2439,-0.07889586010093,-0.0057676387568841,-4.9179302178136,2.6111132527957,0
3827,-0.025508232168406,0.020046647684311,-4.9097155630268,5.922842023862,0
2462,-0.075451830510727,-0.0095727715968571,-4.909319613375,1.8963453683312,0
3954,-0.0015571658955358,0.027721854015066,-4.9059919719862,6.6250914725882,0
2365,-0.069197642024961,0.0044654241088469,-4.9046930198631,4.131910399134,0
188,-1.0035584499724,0.0031452653456532,-4.9020075644354,0.062500002000121,0
189,-0.91269162940809,0.0066014246252454,-4.9018065003047,0.18750000600041,0
190,-0.79724719350761,0.0089109054283301,-4.901605436174,0.31250001000045,0
191,-0.6729544655393,0.0092480035029812,-4.9014043720433,0.43750001400016,0
2339,-0.064129439663073,0.0071195250576689,-4.9012558933026,4.4631653856147,0
996,-0.54954955091321,0.0079406488575885,-4.9010014410039,0.56250001800014,0
997,-0.43363844423251,0.005317392166125,-4.9003966430558,0.68750002200043,0
2259,-0.04844642639722,0.013584292136392,-4.9000199789688,5.1880973899106,0
998,-0.32976476274035,0.0017254501026367,-4.8997918451077,0.81250002600043,0
4082,0.033208339259536,0.03906195775925,-4.8996772959433,7.5129396914132,0
999,-0.24123121590273,-0.0022536756807877,-4.8991870471597,0.93750003000014,0
4125,0.048176740293446,0.043870471316851,-4.8990857510562,7.8614201292996,0
3869,-0.019210240507946,0.021821331046786,-4.8957752875623,6.1213686069099,0
2440,-0.079172969274287,-0.0052447799260723,-4.8953966665737,2.750021837012,0
2286,-0.053803458170117,0.011724944169916,-4.8945325222299,4.9919201701223,0
5561,0.082085815683292,0.054420154357717,-4.8933272986015,8.5744555770537,0
5568,0.063833758330027,0.048579779131281,-4.8932619893492,8.2201170558433,0
2416,-0.077635577921025,-0.0015770340772173,-4.8928681189756,3.3423970258008,0
4039,0.019255507466825,0.03432715449894,-4.8921286302141,7.1775991908631,0
2391,-0.073556007037118,0.0017249192351082,-4.8921159617936,3.8044081307223,0
2484,-0.16935744095058,-0.0060475302027131,-4.8915539813221,1.0677331005743,0
2463,-0.076366283727275,-0.0090227817688995,-4.8911055061856,2.0338386013029,0
5554,0.13014920640523,0.077160624278555,-4.88145013482,8.9318663468402,0
2313,-0.058333685615723,0.009659918333575,-4.8805645777464,4.7969448366522,0
3911,-0.012414846548206,0.023731191881777,-4.8773744736988,6.3302006049102,0
3996,0.0065001602809347,0.029878107571579,-4.8768374068451,6.8560480831815,0
2485,-0.11792899717339,-0.0091963467306394,-4.8767137269608,1.2031763139289,0
2464,-0.077216510986626,-0.0085127730090366,-4.8724068536654,2.1711894383334,0
2441,-0.079272859360408,-0.0047281315934008,-4.8722669998409,2.8886729772328,0
3700,-0.043694643803234,0.014168039341416,-4.8715138613499,5.3348513244498,0
3742,-0.039385059573927,0.01496818418778,-4.8697043497921,5.4969216760967,0
2366,-0.067469810392597,0.0049401998080387,-4.8669694085114,4.2722118696213,0
2417,-0.076854330130936,-0.0010324435315511,-4.8648390315194,3.4818017933431,0
3784,-0.034043054437597,0.016644359244541,-4.864439731818,5.6705495833821,0
2486,-0.087688713695798,-0.011269971669932,-4.8615162430303,1.3385693268136,0
2392,-0.072132778156133,0.0022489627976949,-4.8591113397076,3.944259386153,0
2340,-0.062197118821034,0.0075351212540875,-4.8584131456555,4.6034882351156,0
5547,0.068757301503143,0.02953222297343,-4.8575122450836,9.2920164848003,0
3826,-0.028386866867204,0.018246935664906,-4.8553933299996,5.8553472052436,0
3953,-0.0051084218946849,0.025718207333015,-4.8542171109456,6.5489254947844,0
2465,-0.077975485877481,-0.0080298763672736,-4.8532272694163,2.3083861148885,0
4124,0.043491752633971,0.04161323630435,-4.8514299444054,7.7746274074728,0
4081,0.028753769567409,0.036786894229449,-4.850918078375,7.4287006586414,0
2442,-0.079184076985806,-0.0042150940580882,-4.848547667733,3.0270522243826,0
2487,-0.075040139700906,-0.011964993139968,-4.8459628588107,1.4739034496554,0
4167,0.059029947444,0.046265673960476,-4.8434669653095,8.1331048412911,0
4038,0.01513762092342,0.032144114945196,-4.8423142476051,7.0959831232416,0
3868,-0.022276671949411,0.019966086817685,-4.8422480988755,6.0509185815091,0
5560,0.075315316272148,0.051217083579881,-4.8419163260486,8.4886805415939,0
2287,-0.050643664511093,0.011907922643418,-4.8414585011119,5.1319400367134,0
2418,-0.07587345131273,-0.00049703153230342,-4.836125004889,3.6208056839569,0
2466,-0.078619108090919,-0.0075637780310305,-4.8335706526545,2.4454169579037,0
2314,-0.055789054371066,0.010013924456327,-4.8322328434949,4.9368303789515,0
5553,0.10927588502113,0.065385832411109,-4.831732598801,8.8450974276475,0
2488,-0.073459862000389,-0.011539695462037,-4.8300551149481,1.6091700277229,0
2367,-0.065664993225204,0.0053832802521574,-4.8283851565851,4.4118572187052,0
3995,0.0027208453695092,0.027808471518789,-4.8260173878761,6.7771233455538,0
2393,-0.070564333660576,0.0027479687417692,-4.8253340112147,4.0835790174167,0
3910,-0.015689421037447,0.021790185870377,-4.8246968128013,6.256859858352,0
2443,-0.078898574899988,-0.0037040358228058,-4.8242454704994,3.1651452909236,0
3699,-0.045999672994853,0.012573296478299,-4.8151452231275,5.2765986633578,0
2341,-0.060115986817678,0.0079160210249943,-4.8146323913951,4.7430208430587,0
3741,-0.041879743889781,0.013305043771752,-4.813960228798,5.4355265991796,0
2489,-0.074307356221834,-0.01098878010282,-4.8137947625175,1.7443604464066,0
2467,-0.07912598077227,-0.0071069500914919,-4.8134411858502,2.5822703928655,0
5546,0.16417684746093,0.096724860424873,-4.8095073079233,9.2042870333821,0
3783,-0.03670377174065,0.014918617873692,-4.8093781303251,5.6060734304982,0
2419,-0.074701558061986,2.7594136211299e-05,-4.8067360105632,3.7593921268612,0
4123,0.038831015299536,0.039318768189492,-4.8037741377547,7.6878346856461,0
3952,-0.0085888420965823,0.023734440321018,-4.8024422499051,6.4727595169807,0
4080,0.024377606245756,0.034526458027587,-4.8021588608067,7.3444616258696,0
3825,-0.031207070725757,0.016464978278515,-4.8010710969726,5.7878523866253,0
2444,-0.078411723749337,-0.0031941086524535,-4.7993675545236,3.3029380592337,0
2490,-0.075274364799425,-0.010481994337548,-4.7971837619724,1.8794661363912,0
4166,0.054185467756871,0.044119146283785,-4.7969615158955,8.0438285936835,0
2468,-0.079477601084723,-0.0066538497511419,-4.7928433322418,2.718934950659,0
4037,0.011112424774117,0.029996187340027,-4.7924998649961,7.0143670556202,0
2394,-0.068881249302623,0.0032187591464706,-4.7907971597902,4.222348353881,0
5559,0.070078489242109,0.048827282909695,-4.7905053534957,8.4029055061342,0
2368,-0.063790436501306,0.0057948064627438,-4.7889565072615,4.5508256700665,0
3867,-0.025271339639064,0.018126367664979,-4.788720910189,5.9804685561085,0
192,-1.0126349629402,0.0032677525006582,-4.7838817629813,0.062500002000121,0
193,-0.91965020274051,0.0068288883329424,-4.7837611245029,0.18750000600041,0
194,-0.8016813508003,0.0091887351477972,-4.7836404860244,0.31250001000045,0
195,-0.67488392968817,0.0094889339255464,-4.783519847546,0.43750001400016,0
1000,-0.5492442448598,0.0080760459273579,-4.7832780889223,0.56250001800014,0
1001,-0.43152251887252,0.0052990800638281,-4.7829152101535,0.68750002200043,0
2315,-0.052771854088624,0.010239777543481,-4.782897023255,5.0757826835163,0
1002,-0.32634544919164,0.0015198890734512,-4.7825523313847,0.81250002600044,0
1003,-0.23729635804917,-0.0026310937410683,-4.7821894526159,0.93750003000015,0
5552,0.093974573790516,0.057559543962533,-4.782015062782,8.758328508455,0
2491,-0.076223615787267,-0.01003163951055,-4.7802242820092,2.0144785786035,0
2420,-0.073352579038612,0.00053871167061958,-4.7766824208138,3.8975447991971,0
3994,-0.00097725180565624,0.025764748622638,-4.7751973689068,6.698198607926,0
2512,-0.16621190546961,-0.0065107793954896,-4.7748450307338,1.0664019662074,0
2445,-0.077722325043421,-0.0026851606945926,-4.773921408078,3.4404165900073,0
3909,-0.018887163730302,0.019874295042423,-4.7720191519037,6.1835191117937,0
2469,-0.079658523800037,-0.0062004719915232,-4.7717818332502,2.8553992742338,0
2342,-0.057689794486338,0.0083086380211105,-4.7699331647598,4.8817405877807,0
2492,-0.077117634454424,-0.009615303078036,-4.7629186982383,2.1493893094292,0
5545,0.15795582579153,0.085334625462494,-4.7615023707632,9.116557581964,0
2513,-0.11591472348911,-0.0097076245136219,-4.760411713358,1.1991920803458,0
3698,-0.04824489694428,0.010989488982247,-4.758776584905,5.2183460022658,0
3740,-0.044314778904027,0.01165618192282,-4.7582161078039,5.3741315222627,0
4122,0.034218696890957,0.037008004192935,-4.7561183311039,7.6010419638193,0
2395,-0.067115381079809,0.0036601364169038,-4.7555144198677,4.3605490517957,0
3782,-0.039306176140025,0.01321009456527,-4.7543165288321,5.5415972776143,0
4079,0.020092137969125,0.032294525383828,-4.7533996432385,7.2602225930979,0
3951,-0.012000068285559,0.021763609156927,-4.7506673888647,6.3965935391771,0
4165,0.049390597973079,0.041845078249658,-4.7504560664816,7.9545523460758,0
2470,-0.079656462185859,-0.0057440152533042,-4.7502617056334,2.9916521254202,0
2369,-0.061798711538688,0.0061837726748352,-4.7487002050438,4.6890968494651,0
2446,-0.076832690682741,-0.002177698221172,-4.7479148568535,3.5775671305667,0
3824,-0.033968824974598,0.014700848388993,-4.7467488639454,5.7203575680067,0
2421,-0.071847137094405,0.0010323315340088,-4.7459750025664,4.0352476356995,0
2514,-0.086517105272234,-0.01182411611882,-4.7457640582406,1.3319520742023,0
2493,-0.077928977767171,-0.0092199260144335,-4.7452695918039,2.2841899256297,0
4036,0.0071782073644363,0.027881482038692,-4.7426854823871,6.9327509879988,0
5558,0.065216970824604,0.046601588189727,-4.7390943809425,8.3171304706741,0
3866,-0.028201410219483,0.016303438700573,-4.7351937215027,5.9100185307082,0
5551,0.083652009619696,0.052489933722623,-4.7322975267632,8.6715595892628,0
2515,-0.074441045661713,-0.012566718085139,-4.7309028629498,1.464676734033,0
2471,-0.079462333697933,-0.0052826398740983,-4.7282882384744,3.1276823916887,0
2494,-0.078633274719919,-0.0088352543360032,-4.7272797478604,2.4188720893016,0
3993,-0.004599440852311,0.023741763692369,-4.7243773499375,6.6192738702981,0
2343,-0.054827546119599,0.0085781537991701,-4.7243355453981,5.0196253303191,0
2447,-0.075748937459508,-0.0016729887297065,-4.7213560593328,3.7143761230002,0
2396,-0.065289971779028,0.0040707207264758,-4.7194998688676,4.4981631050175,0
3908,-0.022005511083005,0.017994899337802,-4.7193414910061,6.1101783652355,0
2516,-0.073085961737498,-0.012237893657694,-4.7158290518731,1.5973608669991,0
2422,-0.070213262616836,0.0015040587333882,-4.7146249110691,4.1724848381408,0
5544,0.13211551084718,0.074453301142828,-4.7134974336029,9.0288281305457,0
2495,-0.079208846065022,-0.0084537307509582,-4.7089521538866,2.5534275329353,0
4121,0.029677345439104,0.034703211169704,-4.7084625244529,7.5142492419922,0
2370,-0.05949901282506,0.0066092985718323,-4.7076334860247,4.8266507966097,0
2472,-0.079070283575662,-0.0048152871714592,-4.7058669900715,3.2634790926665,0
4078,0.015902934972866,0.030097988211872,-4.7046404256703,7.1759835603261,0
4164,0.044599319098718,0.039533094158274,-4.7039506170677,7.8652760984683,0
3739,-0.046688863376419,0.010019875614149,-4.7024719868098,5.3127364453457,0
3697,-0.050428879952371,0.00941543211063,-4.7024079466827,5.160093341174,0
2517,-0.073948525104701,-0.011796038580523,-4.7005436756557,1.729999304335,0
3781,-0.041849119045708,0.011517071835983,-4.6992549273393,5.4771211247305,0
3950,-0.01533342816194,0.019786716774969,-4.6988925278244,6.3204275613735,0
2448,-0.074481710322519,-0.0011733820293493,-4.6942535019201,3.8508302122414,0
4035,0.0033307809817276,0.025794415742367,-4.6928710997783,6.8511349203775,0
3823,-0.036671576732573,0.012953673464001,-4.692426630918,5.652862749388,0
4207,0.060332074975325,0.044236955852152,-4.6907341637984,8.228398579292,0
2496,-0.07963677891668,-0.008069710581709,-4.6902899979099,2.687848064306,0
2518,-0.07493803321453,-0.011397541632657,-4.6850479105696,1.8625869044513,0
2473,-0.078477653601111,-0.004341556561281,-4.6830037846366,3.3990313866714,0
2397,-0.063378898592837,0.0044658867498807,-4.6827680186925,4.6351728558715,0
2423,-0.068485398019566,0.0019498298311108,-4.6826436831504,4.3092408848863,0
5537,0.067133599843457,0.027142009554979,-4.6825823484451,9.3886009130064,0
5550,0.076719829479017,0.049227910925393,-4.6825799907447,8.584790670071,0
3865,-0.03106900722888,0.014498206281673,-4.6816665328164,5.8395685053081,0
3992,-0.0081504518689329,0.021734776501026,-4.6735573309683,6.5403491326703,0
2497,-0.079901032737292,-0.0076790268804604,-4.6712966666594,2.8221255712348,0
2519,-0.075920663044105,-0.011047918691949,-4.6693430578326,1.9951185559042,0
3907,-0.025050576329738,0.01613027864785,-4.6666638301087,6.0368376186776,0
2449,-0.073047491263139,-0.00068264264408956,-4.6666159939181,3.9869162539823,0
2371,-0.056805845649613,0.00692172074216,-4.6657740675411,4.9634679771218,0
196,-1.0219990352367,0.0033960221558598,-4.6657559615271,0.062500002000121,0
197,-0.92680305263399,0.0070644737541407,-4.665715748701,0.18750000600041,0
198,-0.80620196839229,0.0094733561522415,-4.6656755358748,0.31250001000045,0
199,-0.67679782217759,0.0097308462141158,-4.6656353230487,0.43750001400016,0
1004,-0.54883831448226,0.0082040142512387,-4.6655547368408,0.56250001800014,0
5543,0.11110178687665,0.06309084326839,-4.6654924964426,8.9410986791274,0
1005,-0.42924266922598,0.0052635116365802,-4.6654337772512,0.68750002200044,0
1006,-0.32272088467549,0.0012893145194925,-4.6653128176616,0.81250002600045,0
1007,-0.23317532372798,-0.0030521027039816,-4.665191858072,0.93750003000015,0
4120,0.025224280037128,0.032421893465258,-4.660806717802,7.4274565201652,0
2474,-0.077684998241349,-0.0038616588888848,-4.659704708818,3.5343285771765,0
2540,-0.16291286984965,-0.0070357873438705,-4.6581360801454,1.0650708318406,0
4163,0.039841292465794,0.03719374015578,-4.6574451676539,7.7759998508609,0
4077,0.011809739049375,0.02793719473497,-4.6558812081021,7.0917445275543,0
2520,-0.076857357926938,-0.010725320189491,-4.653430542811,2.1275891805251,0
2498,-0.079988524641417,-0.0072786810281987,-4.6519757435338,2.9562520264578,0
2424,-0.066699983884999,0.002364676745315,-4.6500432304737,4.4455005399685,0
3949,-0.018587485838682,0.017861059907301,-4.6471176667839,6.2442615835698,0
3738,-0.049000228610238,0.0083948299020668,-4.6467278658158,5.2513413684287,0
3696,-0.052549759084405,0.007850326814808,-4.6460393084603,5.101840680082,0
4206,0.055381656925812,0.042026144167785,-4.6454247020634,8.1367098319882,0
2398,-0.06120895264212,0.0049171504582264,-4.6453338072896,4.7715610054388,0
3780,-0.044331355479278,0.0098378804145315,-4.6441933258466,5.4126449718469,0
2541,-0.11375863590897,-0.010262728473976,-4.644109699755,1.1952078467628,0
4034,-0.00043519034991971,0.023728722066857,-4.6430567171693,6.7695188527561,0
2450,-0.071470092388591,-0.00020565602259048,-4.638452662348,4.1226213224006,0
3822,-0.039314702420958,0.011222256186605,-4.6381043978905,5.5853679307693,0
2521,-0.077719949781051,-0.010417064799048,-4.6373119141913,2.2599937363708,0
5536,0.16287636005586,0.091500750985837,-4.6363085170732,9.2999446494149,0
2475,-0.076696223815672,-0.0033764480274955,-4.6359761081024,3.6693601191391,0
5549,0.071380017426796,0.046768711139073,-4.6328624547262,8.4980217508794,0
2499,-0.079889182408381,-0.0068666176913285,-4.6323310064494,3.0902194924538,0
2542,-0.085203927075754,-0.012378328332337,-4.6300118734508,1.325334821591,0
3864,-0.033874736025225,0.012710176269926,-4.62813934413,5.7691184799076,0
3991,-0.011628467148728,0.019734706327528,-4.6227373119992,6.4614243950427,0
2522,-0.078483866734366,-0.010113323818184,-4.6209888430662,2.3923272206994,0
5542,0.095611393402318,0.055468227408911,-4.6174875592823,8.8533692277091,0
2425,-0.064855817402739,0.0027659750422462,-4.6168358323413,4.581248862278,0
2543,-0.07368760901205,-0.013138061307597,-4.6158428670887,1.4554500184106,0
3906,-0.028027311822572,0.014283306849472,-4.6139861692116,5.9634968721199,0
4119,0.020869445703362,0.030174809693095,-4.6131509111511,7.3406637983381,0
2500,-0.079595966229856,-0.0064415635950151,-4.6123664256194,3.2240201260993,0
2476,-0.075519026198592,-0.00288769255597,-4.6118245830264,3.8041156252855,0
4162,0.035142135844333,0.034848408127338,-4.6109397182399,7.6867236032534,0
2451,-0.069782718742938,0.00025109045246042,-4.6097729464331,4.2579327179768,0
2399,-0.058699951596531,0.0052696090773408,-4.6072125896841,4.9073106239246,0
4076,0.007808553918911,0.025807653216437,-4.6071219905339,7.0075054947827,0
2523,-0.079127273990876,-0.0098066945500881,-4.6044631219229,2.5245846730051,0
2544,-0.072554454442372,-0.012912343986359,-4.6016029887981,1.5855517062753,0
4205,0.050484694265089,0.039693417298977,-4.6001152403285,8.0450210846843,0
3948,-0.021755857717737,0.015952787703984,-4.5953428057435,6.1680956057662,0
4033,-0.0041256258384948,0.021679713274842,-4.5932423345602,6.6879027851346,0
2501,-0.079104846612777,-0.0060028809233421,-4.5920861611951,3.3576461833356,0
3737,-0.051246677686066,0.0067802903639308,-4.5909837448218,5.1899462915118,0
5535,0.15890791157157,0.081605794176587,-4.5900346857014,9.2112883858234,0
3695,-0.054604954149049,0.006293617840047,-4.5896706702378,5.04358801899,0
3779,-0.046751221297252,0.0081709586328016,-4.5891317243537,5.3481688189631,0
2524,-0.079630962469705,-0.0094915041466331,-4.5877366635778,2.656761177953,0
2545,-0.073435923420969,-0.012598168501624,-4.5872925887938,1.7156381622633,0
2477,-0.074165839685044,-0.0023984346768558,-4.5872569852697,3.9385848722651,0
3821,-0.041897399849302,0.0095051641854833,-4.5837821648633,5.5178731121507,0
5548,0.066455304348892,0.044483650565026,-4.5831449187075,8.4112528316873,0
2426,-0.06281159563114,0.0032350314973825,-4.5830341285545,4.716471214268,0
2452,-0.06802971086102,0.00067777439282347,-4.5805865920798,4.3928379749195,0
3863,-0.036618936153423,0.0109385191691,-4.5746121554435,5.698668454507,0
2546,-0.074455266803552,-0.012313811967271,-4.5729120591667,1.8457076725113,0
3990,-0.015018117975647,0.017726024379476,-4.5719172930301,6.382499657415,0
2502,-0.078414791040471,-0.0055504936628207,-4.5714945607825,3.4910900237862,0
2525,-0.079978391035658,-0.0091634450622347,-4.5708115000684,2.7888518682359,0
5541,0.08508597806174,0.050419114681822,-4.5694826221222,8.7656397762913,0
4118,0.016615441925246,0.027965605148334,-4.5654951045003,7.2538710765111,0
4161,0.030524397533573,0.032518215138342,-4.5644342688259,7.5974473556456,0
2478,-0.072655336876362,-0.0019130883326555,-4.5622804136268,4.0727578066603,0
3905,-0.03093762232418,0.012454176561113,-4.5613085083146,5.8901561255623,0
2547,-0.075476253902277,-0.012065490561793,-4.558461833656,1.9757585332048,0
4075,0.0038938610339453,0.023702495271279,-4.5583627729658,6.923266462011,0
4204,0.045597428075723,0.037332565506943,-4.5548057785936,7.9533323373805,0
2526,-0.080155761368617,-0.0088193183165448,-4.553689781434,2.9208519274954,0
2453,-0.06623438010613,0.0010885671425833,-4.5509036459901,4.5273248686845,0
2503,-0.077527790193722,-0.0050848556433852,-4.550596156872,3.624344115278,0
202,-0.81080074200643,0.0097528695886442,-4.5491093975401,0.31250001000045,0
203,-0.67868640461776,0.0099644465910838,-4.5491093975401,0.43750001400016,0
1008,-0.548323875112,0.0083191893292708,-4.5491093975401,0.56250001800014,0
1009,-0.42679551724785,0.0052116858658783,-4.5491093975401,0.68750002200043,0
1010,-0.31889324818779,0.0010406904382269,-4.5491093975401,0.81250002600044,0
1011,-0.22886542505676,-0.0034975954753038,-4.5491093975401,0.93750003000015,0
200,-1.0316521331372,0.0035176009946315,-4.5491093975401,0.062500002000121,0
201,-0.93414570430486,0.0072956246806468,-4.5491093975401,0.18750000600041,0
2427,-0.060500820699021,0.0036217417818694,-4.5486511118271,4.8511532707274,0
2548,-0.076458572392456,-0.011835490152363,-4.5439423873837,2.1057890516209,0
5534,0.13398778822173,0.071572604292855,-4.5437608543294,9.1226321222318,0
3947,-0.02484752473153,0.014061726904076,-4.5435679447033,6.0919296279629,0
4032,-0.0077439668621708,0.019640412769271,-4.5434279519512,6.6062867175132,0
2568,-0.15930226914771,-0.0076154892869051,-4.5422843347907,1.0644052646572,0
2479,-0.07101600671889,-0.0014391960010795,-4.5369022097157,4.2066245510673,0
2527,-0.08015208240083,-0.0084568419200291,-4.5363737744243,3.0527565932189,0
4247,0.061492307087716,0.042072924473598,-4.5362515630278,8.3208536806999,0
3736,-0.053425811090252,0.0051757814404786,-4.5352396238277,5.1285512145948,0
3778,-0.04910621416381,0.0065149554787683,-4.5340701228609,5.2836926660794,0
3694,-0.05659103012977,0.0047449470198446,-4.5333020320153,4.985335357898,0
3820,-0.044418499581478,0.0078010123943051,-4.529459931836,5.4503782935322,0
2504,-0.076449057353694,-0.00460710568895,-4.5293956641326,3.7574010383296,0
2549,-0.077374153284372,-0.011612896822584,-4.5293542365787,2.2357975471119,0
2569,-0.11110014472496,-0.010871179108934,-4.5286342092917,1.1932157299713,0
5540,0.077976532918691,0.047095699384163,-4.5214776849624,8.6779103248738,0
3989,-0.018319327621556,0.015773171833495,-4.5210972740609,6.3035749197872,0
3862,-0.039301619760568,0.0091820899789594,-4.5210849667569,5.6282184291065,0
2454,-0.064301517824664,0.0015684465606165,-4.5207344498195,4.6613814230972,0
2528,-0.079959209621086,-0.0080745020892933,-4.5188658611672,3.1845611595321,0
4160,0.026003895931553,0.030218270409035,-4.5179288194119,7.5081711080379,0
4117,0.012459268728529,0.025792022168409,-4.5178392978494,7.1670783546841,0
2570,-0.083420697119637,-0.012939834012389,-4.5149840837928,1.3220261952854,0
2550,-0.078198699202403,-0.011388760737456,-4.5146979382719,2.3657823520972,0
2480,-0.069292827627186,-0.00099106799861429,-4.5111299536859,4.3401754098705,0
4074,5.9831358051251e-05,0.021615501543085,-4.5096035553976,6.8390274292393,0
4203,0.040752821214361,0.034953505280892,-4.5094963168587,7.861643590077,0
3904,-0.033782884185143,0.010642288728205,-4.5086308474173,5.8168153790045,0
2505,-0.075187548338575,-0.0041192980171896,-4.5078979766213,3.8902534905478,0
5527,0.065227252119403,0.024706019450179,-4.5058744054476,9.4818925144105,0
2571,-0.072622619808728,-0.013697072928208,-4.5013339582938,1.4508366605994,0
2529,-0.079571845504786,-0.007671429340214,-4.5011685377535,3.3162609799998,0
2551,-0.078910462959129,-0.011155994365957,-4.4999740899591,2.4957418130749,0
5533,0.11301137086417,0.060706681364711,-4.4974870229574,9.0339758586401,0
4031,-0.011282528171188,0.017590687896113,-4.4936135693423,6.524670649892,0
4246,0.056445540209268,0.039800621173205,-4.4921823876873,8.2268242979174,0
3946,-0.027866293771907,0.012189351029263,-4.4917930836633,6.0157636501598,0
2455,-0.062197713730324,0.0019800570352042,-4.4900896339702,4.7949959175302,0
2572,-0.071849142523848,-0.013579734021601,-4.4876838327949,1.5796471259134,0
2506,-0.073756904318824,-0.0036244981946062,-4.4861081649056,4.02289429092,0
2552,-0.079490084964465,-0.010908950270648,-4.4851833292456,2.6256742916,0
2481,-0.067527058231309,-0.00056229309861004,-4.4849714596388,4.473400875091,0
2530,-0.078987519196754,-0.0072472874884701,-4.4832844127469,3.4478514703961,0
3735,-0.05553433712427,0.0035809647047643,-4.4794955028336,5.0671561376777,0
3777,-0.051393262963935,0.004869229074651,-4.4790085213682,5.2192165131958,0
3693,-0.058503882895934,0.0032040214001986,-4.4769333937928,4.927082696806,0
3819,-0.046876326091558,0.0061082823264214,-4.4751376988087,5.3828834749136,0
2573,-0.072804381007753,-0.013404774268022,-4.474033707296,1.7084575912274,0
5539,0.072528577338444,0.044567669885308,-4.4734727478027,8.5901808734565,0
4159,0.021588018778019,0.027956440291926,-4.4714233699979,7.4188948604301,0
2553,-0.07992063421496,-0.010643191991154,-4.4703263334774,2.7555781652369,0
3988,-0.021532881234364,0.013835029050275,-4.4702772550917,6.2246501821595,0
4116,0.0083949413015738,0.023647949842567,-4.4701834911985,7.0802856328571,0
3861,-0.04192237888519,0.0074394182828377,-4.4675577780704,5.557768403706,0
2531,-0.078206577593275,-0.0068021963352395,-4.4652162056415,3.579328111417,0
4202,0.035977363234523,0.032577382420521,-4.4641868551238,7.7699548427732,0
2507,-0.07217890644244,-0.0031292758012399,-4.4640314729983,4.1553163841578,0
5526,0.16114819792935,0.08612766651857,-4.46134952433,9.3923435143885,0
4073,-0.0036988880661523,0.019542879355184,-4.4608443378292,6.7547883964674,0
2574,-0.073883852509956,-0.013233491408758,-4.460383581797,1.8372680565413,0
2482,-0.065678366848626,-7.4060117923801e-05,-4.4584347710844,4.6062916319262,0
3903,-0.036564284325395,0.0088466740232195,-4.4559531865199,5.7434746324465,0
2554,-0.080187699443457,-0.010355311851779,-4.4554038193341,2.885451828533,0
5532,0.097165633671566,0.053232306813811,-4.4512131915854,8.9453195950485,0
4245,0.051456486726284,0.037414077948914,-4.4481132123467,8.1327949151348,0
2532,-0.077232250525871,-0.0063367639730975,-4.4469667452387,3.7106864513738,0
2575,-0.074965651837093,-0.013081476461516,-4.4467334562981,1.9660785218551,0
4030,-0.014731359205553,0.01558214750715,-4.4437991867334,6.4430545822707,0
2508,-0.070491958048414,-0.0026497632285078,-4.4416733152919,4.2875128448214,0
2555,-0.080279476799104,-0.010042782684856,-4.4404165423991,3.015293693984,0
3945,-0.030814501647049,0.010335440710064,-4.4400182226234,5.9395976723568,0
204,-1.0414272646056,0.0036386273820965,-4.4339420710203,0.062500002000121,0
205,-0.94156108733031,0.0075242133166052,-4.4339420710203,0.18750000600041,0
206,-0.81540917117668,0.010027765763419,-4.4339420710203,0.31250001000045,0
207,-0.68052179412781,0.010190819504967,-4.4339420710203,0.43750001400016,0
1012,-0.54770529500591,0.0084237396924121,-4.4339420710203,0.56250001800013,0
1013,-0.42420706482744,0.0051471840160883,-4.4339420710203,0.68750002200041,0
1014,-0.31490232684222,0.00078375374828226,-4.4339420710203,0.81250002600042,0
1015,-0.22438624256204,-0.0039237361640041,-4.4339420710203,0.93750003000014,0
2576,-0.076013400593091,-0.012938910124345,-4.4330833307992,2.0948889871688,0
2483,-0.063776976392033,0.00035183503357639,-4.4315281561132,4.738838564333,0
2533,-0.076070822973025,-0.0058521223081671,-4.4285389679729,3.8419221088306,0
2596,-0.15502552147842,-0.0082245912023362,-4.4272897946696,1.0644052646571,0
5538,0.06754472791451,0.042225264093397,-4.4254678106427,8.5024514220387,0
2556,-0.080186833783827,-0.0097038342029301,-4.4253652967149,3.1451021929649,0
4158,0.017276500792551,0.025733703053157,-4.4249179205839,7.3296186128224,0
3776,-0.053609716416718,0.0032332873737633,-4.4239469198755,5.154740360312,0
3734,-0.057567666868769,0.0019957880396392,-4.4237513818394,5.0057610607607,0
4115,0.0044156836474624,0.021525845958676,-4.4225276845477,6.9934929110302,0
3818,-0.049267645740852,0.0044254023991516,-4.4208154657815,5.3153886562951,0
3692,-0.060340719527967,0.0016684406937132,-4.4205647555704,4.8688300357141,0
3987,-0.024665703331338,0.011916139234148,-4.4194572361227,6.1457254445321,0
2577,-0.077000574076072,-0.012797325254722,-4.4194332053003,2.2236994524825,0
2509,-0.068742126139736,-0.0021886247572747,-4.4190392732875,4.4194768814974,0
4201,0.03129315244149,0.030223718050744,-4.4188773933887,7.6782660954692,0
5525,0.15963267404003,0.077721286119628,-4.4168246432125,9.3027945143667,0
3860,-0.044480248958473,0.0057093123143989,-4.4140305893841,5.4873183783056,0
2597,-0.10753251661436,-0.01165609684541,-4.4139852419681,1.1932157299713,0
4072,-0.0073825817237712,0.017477141585474,-4.412085120261,6.6705493636957,0
2557,-0.079903338427037,-0.0093373433680867,-4.4102509143119,3.2748757766639,0
2534,-0.074731945605288,-0.005349679283211,-4.4099359161844,3.9730307751798,0
2578,-0.077903538351378,-0.012648635229349,-4.4057830798014,2.3525099177961,0
5531,0.086388263399385,0.048205463736608,-4.4049393602136,8.8566633314573,0
4244,0.046483723634767,0.035008901600336,-4.4040440370062,8.0387655323524,0
3902,-0.039282430947117,0.0070660525028098,-4.4032755256225,5.6701338858886,0
2598,-0.080954896089374,-0.013768425150226,-4.4006806892666,1.3220261952854,0
2510,-0.066938644370946,-0.0016851412039962,-4.3961350923493,4.5512018407553,0
2558,-0.079425260468664,-0.008942726629275,-4.3950742647112,3.4046129170058,0
4029,-0.018079248719778,0.013599454752514,-4.3939848041244,6.3614385146493,0
2579,-0.078700716087529,-0.012486046736685,-4.3921329543025,2.4813203831098,0
2535,-0.07323102714199,-0.0048332933894802,-4.3911607362809,4.1040082172484,0
3944,-0.03369450776265,0.0084994131552547,-4.3882433615833,5.8634316945536,0
2599,-0.071322521229285,-0.01444600314074,-4.3873761365651,1.4508366605994,0
4287,0.062506603628163,0.039772398627484,-4.3800723733979,8.4104380258855,0
2559,-0.078751565865892,-0.0085198427740258,-4.3798362544109,3.5343121075559,0
2580,-0.07937260409075,-0.012303940075588,-4.3784828288036,2.6101308484235,0
4157,0.013063862424481,0.023545681210377,-4.3784124711699,7.2403423652147,0
4114,0.00051484703724001,0.019419223288344,-4.3748718778969,6.9067001892032,0
2600,-0.071048870432238,-0.014326176511973,-4.3740715838636,1.5796471259134,0
4200,0.026714261898096,0.027905228330708,-4.3735679316537,7.5865773481652,0
2511,-0.065210486005022,-0.0012637233825398,-4.3729666782562,4.6826812111357,0
5524,0.13576696301169,0.068510735258988,-4.3722997620948,9.2132455143446,0
2536,-0.071596294410489,-0.0043163918806575,-4.372216676898,4.2348502797724,0
3775,-0.055751813658887,0.001606456548868,-4.3688853183826,5.0902642074282,0
3986,-0.027720999907614,0.010017473531572,-4.3686372171539,6.066800706905,0
3733,-0.059519859886235,0.00042055682454017,-4.3680072608453,4.9443659838437,0
3817,-0.05158810518613,0.0027520156564126,-4.3664932327543,5.2478938376766,0
2581,-0.079901883004794,-0.012097753556658,-4.3648327033047,2.7389413137374,0
2560,-0.077883949523329,-0.0080689561101446,-4.3645378263448,3.6639718644179,0
3691,-0.062093651750958,0.00016356854207771,-4.3641961173479,4.810577374622,0
4071,-0.010977940498331,0.01539243993101,-4.3633259026929,6.5863103309242,0
2601,-0.072103399377424,-0.014234455665136,-4.3607670311621,1.7084575912274,0
3859,-0.046974252880585,0.0039901473493775,-4.3605034006976,5.4168683529052,0
4243,0.041562965884931,0.032593598370409,-4.3599748616658,7.9447361495701,0
5530,0.079082389893117,0.044818903596636,-4.3586655288421,8.7680070678666,0
2537,-0.069863782245816,-0.0038050808504437,-4.3531070869362,4.3655528879039,0
2582,-0.080273545972412,-0.011863865857931,-4.3511825778057,2.8677517790518,0
3901,-0.041937293529434,0.0052985922380177,-4.3505978647252,5.5967931393307,0
2561,-0.076826860500172,-0.0075906045293778,-4.3491799593244,3.7935907271133,0
2602,-0.073249239508409,-0.014157144913849,-4.3474624784606,1.8372680565413,0
4028,-0.021335418083003,0.011633006789378,-4.3441704215155,6.279822447028,0
2583,-0.080475013380067,-0.011599489226257,-4.3375324523067,2.9965622443666,0
4286,0.057373719001181,0.037440892557733,-4.3372864360684,8.314140684997,0
3943,-0.03650859351542,0.0066800131077413,-4.336468500543,5.7872657167502,0
2603,-0.074389740936032,-0.014096550607941,-4.3341579257591,1.9660785218551,0
2538,-0.06806460303103,-0.0032591337572158,-4.3338354136142,4.4961120495845,0
2562,-0.075587421799432,-0.0070849900703229,-4.3337636674631,3.9231672594395,0
4156,0.0089422481041587,0.021384686615713,-4.3319070217559,7.151066117607,0
4199,0.022245477673952,0.025627287321501,-4.3282584699187,7.4948886008612,0
5523,0.11492436634631,0.058171051004624,-4.3277748809771,9.1236965143226,0
5517,0.062975259278807,0.022208684124704,-4.327450392318,9.5718585691984,0
4113,-0.0033128650697282,0.017322646839819,-4.3272160712459,6.8199074673761,0
2584,-0.080496220090244,-0.011302576214806,-4.3238823268077,3.1253727096813,0
2604,-0.075493455630759,-0.014041158460781,-4.3208533730577,2.0948889871688,0
1018,-0.31069305271554,0.00049988267911991,-4.3187747445005,0.81250002600039,0
208,-1.051534994437,0.0037696516441565,-4.3187747445005,0.062500002000121,0
209,-0.94920088574543,0.0077669152737813,-4.3187747445005,0.18750000600041,0
210,-0.82011424286329,0.010317141465736,-4.3187747445005,0.31250001000045,0
211,-0.68233398803693,0.010426281853719,-4.3187747445005,0.43750001400016,0
1016,-0.54696701371661,0.0085279374824864,-4.3187747445005,0.56250001800012,0
1017,-0.42143337887566,0.0050701666545486,-4.3187747445005,0.68750002200038,0
1019,-0.21971357743043,-0.0043956788523967,-4.3187747445005,0.93750003000013,0
2563,-0.074176958320065,-0.0065533384061073,-4.3182899995634,4.0527000503389,0
3985,-0.030701641008515,0.0081385267282332,-4.3178171981852,5.987875969278,0
4242,0.036721136902819,0.030188549166135,-4.3159056863252,7.8507067667876,0
4070,-0.014477497455688,0.013358526291244,-4.3145666851248,6.5020712981526,0
2539,-0.066435264129746,-0.0028040347419392,-4.3144052003993,4.6265238579385,0
3774,-0.05781390076442,-1.1854680086195e-05,-4.3138237168897,5.0257880545445,0
5529,0.073519893734763,0.042222276640267,-4.3123916974707,8.6793508042759,0
2624,-0.15062858137768,-0.0088517408235517,-4.3122952545484,1.0644052646571,0
3732,-0.061384789298485,-0.0011457461557258,-4.3122631398513,4.8829709069267,0
3816,-0.053835086899009,0.0010876607641438,-4.312170999727,5.1803990190581,0
2585,-0.080329669255055,-0.010971734436111,-4.3102322013087,3.254183174996,0
3690,-0.063778234683646,-0.0014281203533657,-4.3078274791254,4.75232471353,0
2605,-0.076535047674258,-0.013982584936002,-4.3075488203562,2.2236994524825,0
3858,-0.049400607060283,0.0022797316941989,-4.3069762120112,5.3464183275047,0
2564,-0.072616096407195,-0.0060037007623022,-4.302760038504,4.1821877147234,0
2625,-0.10397686014312,-0.012396715541823,-4.2993362746444,1.1932157299713,0
3900,-0.044527731972343,0.0035434845995927,-4.297920203828,5.5234523927729,0
2586,-0.07997045797298,-0.010606138715486,-4.2965820758097,3.3829936403107,0
4285,0.052302946265044,0.035004708215684,-4.294500498739,8.2178433441085,0
4027,-0.024505003365463,0.0096870207408124,-4.2943560389067,6.198206379407,0
2606,-0.077491147684553,-0.01391316469593,-4.2942442676548,2.3525099177961,0
2565,-0.070925660461428,-0.0054343338572459,-4.2871749005849,4.3116288943103,0
2626,-0.078570954293327,-0.014529615552655,-4.2863772947403,1.3220261952853,0
4155,0.0049033729708687,0.019242237448138,-4.285401572342,7.0617898699994,0
3942,-0.039258037374696,0.0048757984218524,-4.2846936395028,5.7110997389468,0
5516,0.15891263897131,0.080567784346299,-4.2846916366398,9.4814512511898,0
5522,0.098764590215699,0.05087121835131,-4.2832499998595,9.0341475143006,0
4198,0.017883740714663,0.023388777473029,-4.2829490081837,7.4031998535572,0
2587,-0.079416298223183,-0.010205446861556,-4.2829319503107,3.5118041056254,0
2607,-0.078340107149798,-0.013826464065743,-4.2809397149533,2.4813203831098,0
4112,-0.0070642978209843,0.015224241150538,-4.279560264595,6.7331147455492,0
2627,-0.070039080687158,-0.015177373037688,-4.2734183148363,1.4508366605994,0
4241,0.031979680416282,0.027811464394237,-4.2718365109846,7.756677384005,0
2566,-0.069118261524726,-0.0048209329868211,-4.2715357348791,4.4410222584136,0
2588,-0.078667575491537,-0.0097697725223166,-4.2692818248117,3.64061457094,0
2608,-0.079062212296241,-0.013717156905589,-4.2676351622518,2.6101308484235,0
3984,-0.033610935141166,0.0062786842890891,-4.2669971792164,5.9089512316506,0
5528,0.06848164828111,0.039824174837567,-4.266117866099,8.5906945406848,0
4069,-0.017870201995641,0.011340178978919,-4.2658074675566,6.4178322653808,0
2628,-0.070124570776383,-0.015111728449214,-4.2604593349322,1.5796471259134,0
3773,-0.05978843585814,-0.0016218997762568,-4.2587621153969,4.9613119016607,0
3815,-0.056004443481255,-0.00056882190482419,-4.2578487666997,5.1129042004394,0
3731,-0.063153122323661,-0.002681928604623,-4.2565190188571,4.8215758300096,0
2567,-0.067468662879045,-0.0043781023686135,-4.2558437225423,4.5703665047413,0
2589,-0.077727370485903,-0.0092995066731925,-4.2556316993127,3.7694250362547,0
2609,-0.079639881415693,-0.013580915178434,-4.2543306095504,2.7389413137374,0
3857,-0.051752766373605,0.00057816193907195,-4.2534490233248,5.2759683021044,0
4284,0.047255059410776,0.032558754704856,-4.2517145614096,8.1215460032201,0
3689,-0.065245155051729,-0.0027555323069882,-4.2514588409029,4.694072052438,0
2629,-0.071257473419365,-0.0151105258533,-4.2475003550282,1.7084575912274,0
3899,-0.047054496110119,0.0017990306373632,-4.2452425429308,5.4501116462151,0
4026,-0.027591644887929,0.007762581671621,-4.2445416562982,6.1165903117863,0
2590,-0.076601370432202,-0.0087943870492954,-4.2419815738137,3.8982355015694,0
5515,0.16008136255897,0.073648981387636,-4.2419328809616,9.3910439331814,0
2610,-0.080057840871042,-0.013414306499508,-4.2410260568488,2.8677517790519,0
4154,0.00093898295764253,0.017111413091444,-4.2388961229281,6.9725136223916,0
5521,0.087578807435265,0.045834319725281,-4.238725118742,8.944598514279,0
4197,0.013621035464318,0.021183689995102,-4.2376395464486,7.3115111062533,0
2630,-0.072468645409285,-0.015124977705202,-4.2345413751241,1.8372680565413,0
3941,-0.041943438721936,0.0030840513239624,-4.2329187784626,5.6349337611436,0
4111,-0.01071717867362,0.013098325779527,-4.2319044579442,6.6463220237224,0
2591,-0.075299438739869,-0.0082548376080019,-4.2283314483147,4.0270459668841,0
4240,0.027350944714971,0.025472867237768,-4.227767335644,7.6626480012223,0
2611,-0.080303270782212,-0.013214699056394,-4.2277215041473,2.9965622443666,0
4327,0.063371351547948,0.037332818425069,-4.2222503955416,8.4971204920379,0
2631,-0.073672887925324,-0.01515399525696,-4.2215823952201,1.966078521855,0
4068,-0.021164245969007,0.0093423041716232,-4.2170482499884,6.3335932326092,0
3983,-0.036452745767164,0.0044361201317433,-4.2161771602474,5.8300264940232,0
2592,-0.073839356668981,-0.0076883213675611,-4.2146813228157,4.1558564321988,0
2612,-0.080365914799764,-0.012980175784117,-4.2144169514457,3.1253727096813,0
4283,0.042267987412649,0.030109439791803,-4.2089286240803,8.0252486623318,0
2632,-0.074840561939513,-0.015184902640583,-4.2086234153161,2.0948889871687,0
3772,-0.061667438101673,-0.0032270501943312,-4.2037005139041,4.896835748777,0
212,-1.0619829824251,0.0039088617470985,-4.2036074179807,0.062500002000121,0
213,-0.9570677106034,0.0080233165701665,-4.2036074179807,0.18750000600041,0
214,-0.82491384961998,0.010621447091507,-4.2036074179807,0.31250001000045,0
215,-0.68411591858303,0.010671263521197,-4.2036074179807,0.43750001400016,0
1020,-0.54609792446852,0.0086310792405088,-4.2036074179807,0.56250001800011,0
1021,-0.41846060203394,0.0049784365739705,-4.2036074179807,0.68750002200036,0
1022,-0.30624921751745,0.00018665762184531,-4.2036074179807,0.81250002600037,0
1023,-0.21482914509466,-0.0049095407911706,-4.2036074179807,0.93750003000013,0
3814,-0.058089434880594,-0.0022186201329991,-4.2035265336724,5.0454093818208,0
2613,-0.080238152945305,-0.012709453228815,-4.2011123987441,3.254183174996,0
2593,-0.072230999231885,-0.007074057763175,-4.2010311973167,4.2846668975135,0
3730,-0.064840569629555,-0.0042928537308381,-4.200774897863,4.7601807530926,0
3856,-0.05402840575619,-0.0011150834827756,-4.1999218346384,5.205518276704,0
5514,0.1374506446978,0.0652417675876,-4.1991741252833,9.3006366151727,0
2652,-0.14606008239015,-0.0095125426049285,-4.1973007144273,1.0644052646571,0
2633,-0.075946862739747,-0.015208958403858,-4.1956644354121,2.2236994524825,0
3688,-0.066778582733725,-0.0044332512124071,-4.1950902026804,4.635819391346,0
4025,-0.030599323957462,0.0058591969917701,-4.1947272736897,6.0349742441657,0
5520,0.08003511262851,0.042390403280677,-4.1942002376248,8.8550495142578,0
3898,-0.04951360593229,6.1899698211341e-05,-4.1925648820335,5.3767708996573,0
4153,-0.0029563967122002,0.014982799967714,-4.192390673514,6.8832373747838,0
4196,0.0094473537632319,0.019002987352112,-4.1923300847137,7.2198223589494,0
2614,-0.079915043905344,-0.012401799676897,-4.1878078460426,3.3829936403107,0
2594,-0.070453972496596,-0.0063213389256028,-4.1873810718177,4.4134773628281,0
2653,-0.10031202844517,-0.013143606730275,-4.1846873073207,1.1932157299713,0
4110,-0.014261417702302,0.011030980001819,-4.1842486512935,6.5595293018955,0
4239,0.022837293407208,0.02317619322207,-4.1836981603034,7.5686186184396,0
2634,-0.076968586694194,-0.015218596865123,-4.1827054555081,2.3525099177961,0
3940,-0.044562073426965,0.0013047664587997,-4.1811439174225,5.5587677833404,0
4326,0.058163185161726,0.034944217076352,-4.1807892857986,8.3986286583355,0
2615,-0.079394358611798,-0.012056965948626,-4.174503293341,3.5118041056254,0
2595,-0.068641316332001,-0.0057365193919814,-4.1737309463187,4.5422878281427,0
2654,-0.076125997442391,-0.015285978642516,-4.1720739002141,1.3220261952853,0
2635,-0.077884050789911,-0.015207538188401,-4.169746475604,2.4813203831098,0
4067,-0.024364714797591,0.0073684735497836,-4.1682890324204,6.249354199838,0
4282,0.037368815981058,0.027675997910368,-4.1661426867508,7.9289513214434,0
3982,-0.039228939386825,0.0026094757903511,-4.1653571412784,5.7511017563958,0
2616,-0.07867664167793,-0.011675154016022,-4.1611987406394,3.64061457094,0
2655,-0.068683294281359,-0.015926935227928,-4.1594604931075,1.4508366605994,0
2636,-0.078673377131181,-0.015170613222689,-4.1567874957,2.6101308484235,0
5513,0.11680851371102,0.055448727390776,-4.156415369605,9.2102292971641,0
5519,0.074348413235919,0.039727845848769,-4.1496753565076,8.7655005142367,0
3813,-0.060081702494094,-0.0038622349682544,-4.1492043006451,4.9779145632023,0
3771,-0.06344329789091,-0.0048091376695157,-4.1486389124113,4.8323595958932,0
2617,-0.077765283783364,-0.011256827566126,-4.1478941879379,3.7694250362547,0
5507,0.060296611189658,0.019630625341866,-4.1473728874149,9.6584675237952,0
4195,0.0053525311065149,0.016837510792113,-4.1470206229788,7.1281336116455,0
2656,-0.069066307512293,-0.015935796464631,-4.1468470860009,1.5796471259134,0
3855,-0.056223057082503,-0.0028017940589204,-4.1463946459519,5.1350682513035,0
4152,-0.0067734698924422,0.012830013926139,-4.1458852241,6.7939611271762,0
3729,-0.066245213580569,-0.0055798826035273,-4.1450307768689,4.6987856761756,0
4024,-0.033532177328959,0.0039766461032556,-4.1449128910811,5.9533581765448,0
2637,-0.079318737943316,-0.01510363132435,-4.143828515796,2.7389413137375,0
3897,-0.051894498614863,-0.0016669683170516,-4.1398872211363,5.3034301530996,0
4238,0.018433045929036,0.020918957617556,-4.1396289849628,7.4745892356569,0
4325,0.053021271111038,0.032462333806532,-4.1393281760556,8.3001368246329,0
4109,-0.017692449521038,0.0089792546334496,-4.1365928446426,6.4727365800685,0
2618,-0.076666701730458,-0.010802277416569,-4.1345896352363,3.8982355015694,0
2657,-0.070273066714317,-0.016028128183644,-4.1342336788943,1.7084575912274,0
2638,-0.079804562492586,-0.015003278195196,-4.1308695358919,2.8677517790519,0
3939,-0.047117713409475,-0.00046383025426491,-4.1293690563824,5.4826018055372,0
4281,0.032578391534639,0.025274243255548,-4.1233567494213,7.8326539805547,0
2658,-0.071549343030695,-0.016134220996005,-4.1216202717877,1.8372680565413,0
2619,-0.075391734808597,-0.010313571661469,-4.1212850825347,4.0270459668841,0
4066,-0.027476983192319,0.0054191981260823,-4.1195298148526,6.165115167067,0
2639,-0.080117704846899,-0.014867027190991,-4.1179105559878,2.9965622443666,0
3981,-0.041941911076002,0.00079421043143723,-4.1145371223095,5.6721770187684,0
5512,0.10039537921009,0.048350684720487,-4.1136566139268,9.1198219791555,0
2659,-0.072818857963797,-0.016252290037555,-4.1090068646811,1.966078521855,0
2620,-0.073957581358789,-0.0097965640329839,-4.1079805298332,4.1558564321988,0
5506,0.15607083771697,0.074776088090823,-4.1063967565107,9.5672366358269,0
5518,0.069262458625903,0.037275267211759,-4.1051504753902,8.6759515142152,0
2640,-0.080247570150852,-0.014693061573369,-4.1049515760837,3.1253727096813,0
4194,0.0013268226245985,0.014680928757045,-4.1017111612438,7.0364448643415,0
4151,-0.010486534063735,0.010688764431928,-4.0993797746861,6.7046848795687,0
4324,0.04790828612686,0.02997870498233,-4.0978670663127,8.2016449909305,0
2660,-0.074052797999208,-0.016369260611653,-4.0963934575745,2.0948889871687,0
4237,0.014127560212931,0.018694338533835,-4.0955598096222,7.3805598528743,0
4023,-0.036396746819866,0.0021120061669591,-4.0950985084723,5.8717421089238,0
3812,-0.06197394160289,-0.0055028765606715,-4.0948820676178,4.9104197445837,0
2621,-0.072381072210906,-0.0092324951499882,-4.0946759771316,4.2846668975135,0
3770,-0.065096056592014,-0.0064436657353783,-4.0935773109184,4.7678834430094,0
3854,-0.058329406937752,-0.0044832929891208,-4.0928674572654,5.064618225903,0
2641,-0.080186200196665,-0.014480202748551,-4.0919925961795,3.2541831749961,0
3728,-0.067653776368655,-0.0074809929721149,-4.0892866558748,4.6373905992585,0
4108,-0.021017671728265,0.0069515107234496,-4.0889370379918,6.3859438582417,0
216,-1.0727879762118,0.004055590227043,-4.0884400914609,0.062500002000121,0
217,-0.96517157037913,0.0082931464737903,-4.0884400914609,0.18750000600041,0
218,-0.82980990837999,0.010940625004448,-4.0884400914609,0.31250001000045,0
219,-0.68586164645006,0.010925531397787,-4.0884400914609,0.43750001400016,0
1024,-0.54508615352341,0.0087322961909609,-4.0884400914609,0.56250001800011,0
1025,-0.41527405987743,0.0048702071763909,-4.0884400914609,0.68750002200033,0
1026,-0.30155676704779,-0.00015652791436526,-4.0884400914609,0.81250002600035,0
1027,-0.20972245823713,-0.005461827088365,-4.0884400914609,0.93750003000012,0
3896,-0.054195473945916,-0.0033882801525667,-4.087209560239,5.2300894065418,0
2661,-0.075226474253598,-0.016476081321285,-4.083780050468,2.2236994524825,0
2680,-0.14131506660382,-0.01020900006403,-4.0823061743063,1.0644052646571,0
2622,-0.07069570596251,-0.0086130572047129,-4.0813714244301,4.4134773628281,0
4280,0.027907660073952,0.022912771624775,-4.0805708120918,7.7363566396661,0
2642,-0.079928325297688,-0.014227842517967,-4.0790336162754,3.3829936403107,0
3938,-0.049606892295557,-0.0022270199978335,-4.0775941953423,5.406435827734,0
2662,-0.076316654776922,-0.016565195852546,-4.0711666433614,2.3525099177962,0
5511,0.088775849743197,0.043324893740628,-4.0708978582486,9.0294146611473,0
4065,-0.030506603920421,0.0034926193439328,-4.0707705972849,6.080876134296,0
2681,-0.096529558254449,-0.013913465122407,-4.0700383399972,1.1932157299713,0
2623,-0.069081334746834,-0.0083377016843623,-4.0680668717285,4.5422878281427,0
2643,-0.079471403147695,-0.013935895246145,-4.0660746363713,3.5118041056254,0
5505,0.16018317218688,0.069344353545094,-4.0654206256065,9.4760057478586,0
3980,-0.044584082928397,-0.0010081305822301,-4.0637171033406,5.5932522811412,0
4367,0.06408408361847,0.034749303534242,-4.0628400003023,8.5808709647868,0
2663,-0.077301531384153,-0.016630389947178,-4.0585532362548,2.4813203831098,0
2682,-0.073609394146678,-0.016057501435739,-4.057770505688,1.3220261952853,0
4323,0.042863872454359,0.027497044208951,-4.0564059565698,8.1031531572283,0
4193,-0.0026338023033186,0.012521543847448,-4.0564016995087,6.9447561170375,0
2644,-0.078815673790498,-0.013604774684307,-4.0531156564672,3.64061457094,0
4150,-0.014073792348956,0.0085877565325465,-4.0528743252722,6.6154086319611,0
4236,0.009908229075634,0.016492782670397,-4.0514906342817,7.2865304700917,0
2664,-0.078161015760099,-0.016666581331436,-4.0459398291482,2.6101308484236,0
2683,-0.067236476966059,-0.016704988950731,-4.0455026713788,1.4508366605994,0
4022,-0.039194343215566,0.00026475217089161,-4.0452841258636,5.7901260413027,0
4107,-0.024242104898214,0.0049518825597956,-4.0412812313411,6.2991511364152,0
3811,-0.063758103730435,-0.0071195848555753,-4.0405598345905,4.8429249259651,0
2645,-0.077964226555609,-0.013235241966861,-4.0401566765631,3.7694250362547,0
3853,-0.060340264621775,-0.0061588965138715,-4.039340268579,4.9941682005026,0
3769,-0.066433880031329,-0.007741583212162,-4.0385157094256,4.7034072901257,0
4279,0.023357093771324,0.020593623197144,-4.0377848747623,7.6400592987774,0
3895,-0.056412385223494,-0.0051041026036015,-4.0345318993417,5.1567486599839,0
2665,-0.078877006954328,-0.016669665030104,-4.0333264220416,2.7389413137375,0
2684,-0.067867089504774,-0.016797295480883,-4.0332348370696,1.5796471259134,0
5510,0.080880287664004,0.039808563893799,-4.0281391025708,8.9390073431395,0
2646,-0.076923214116128,-0.012828335882623,-4.027197696659,3.8982355015694,0
3937,-0.052012496834273,-0.0039822512620352,-4.0258193343022,5.3302698499308,0
5504,0.13903473817527,0.061721881149848,-4.0244444947022,9.3847748598902,0
4366,0.0588121657439,0.032306524495657,-4.0227439312441,8.4802588659514,0
4064,-0.033457001084948,0.001589430878413,-4.0220113797171,5.9966371015248,0
2685,-0.069146407369652,-0.016984698593937,-4.0209670027605,1.7084575912274,0
2666,-0.079433619008949,-0.016636407076335,-4.020713014935,2.8677517790519,0
4322,0.037915140410741,0.025035162447723,-4.0149448468268,8.0046613235259,0
2647,-0.075702906253375,-0.012387302020925,-4.0142387167548,4.0270459668841,0
3979,-0.047163594330866,-0.0027997156305966,-4.0128970843717,5.5143275435139,0
4192,-0.0065118089931518,0.010316970869441,-4.0110922377737,6.8530673697336,0
2686,-0.070488655124443,-0.017182827799277,-4.0086991684513,1.8372680565413,0
2667,-0.079817366961153,-0.016564358982729,-4.0080996078283,2.9965622443666,0
4235,0.0057621852648166,0.014305097492286,-4.0074214589412,7.1925010873091,0
4149,-0.017539781697936,0.006505805471022,-4.0063688758583,6.5261323843534,0
2648,-0.074318412035156,-0.011916992521797,-4.0012797368507,4.1558564321988,0
2687,-0.071825149124608,-0.017389890557587,-3.9964313341421,1.966078521855,0
2668,-0.080017308295546,-0.016451785861982,-3.9954862007216,3.1253727096814,0
4021,-0.041932363254603,-0.001573164619197,-3.9954697432549,5.7085099736818,0
4278,0.018918920366136,0.018313631935464,-3.9949989374329,7.5437619578888,0
4106,-0.027373699494997,0.0029808801739479,-3.9936254246907,6.212358414589,0
2649,-0.07278589692229,-0.011403390738014,-3.9883207569466,4.2846668975135,0
3810,-0.065323669088516,-0.0086996414021366,-3.9862376015632,4.7754301073465,0
3852,-0.062251216865081,-0.0078287442718087,-3.9858130798925,4.9237181751022,0
5509,0.075021461556186,0.037074673260851,-3.985380346893,8.8486000251318,0
2688,-0.073127540553463,-0.017592920371683,-3.984163499833,2.0948889871687,0
5503,0.11869035931019,0.052512237183464,-3.9834683637979,9.2935439719217,0
3768,-0.067812111119525,-0.0096840135117733,-3.9834541079328,4.6389311372419,0
2669,-0.080025139994764,-0.016297602341411,-3.982872793615,3.2541831749961,0
4365,0.053609710410739,0.029783455976798,-3.9826478621859,8.3796467671159,0
3894,-0.05853924300172,-0.0068144153300599,-3.9818542384444,5.083407913426,0
2650,-0.071139891958635,-0.010867577278655,-3.9753617770425,4.4134773628281,0
3936,-0.054334911474429,-0.0057304047295352,-3.9740444732621,5.2541038721277,0
4321,0.033082578715222,0.02260694032824,-3.9734837370838,7.9061694898232,0
220,-1.0839684245435,0.0042096881434738,-3.9732727649413,0.06250000200012,0
221,-0.97352424650446,0.0085765696094052,-3.9732727649413,0.18750000600041,0
222,-0.8348053821436,0.011274957217325,-3.9732727649413,0.31250001000045,0
223,-0.68756529164592,0.011189183682233,-3.9732727649413,0.43750001400016,0
1028,-0.54391898320062,0.008831117491622,-3.9732727649413,0.5625000180001,0
1029,-0.41185809668244,0.0047438574951717,-3.9732727649413,0.68750002200031,0
1030,-0.29660205955116,-0.00053102813839467,-3.9732727649413,0.81250002600032,0
1031,-0.20438655527574,-0.0060519460997531,-3.9732727649413,0.93750003000011,0
4063,-0.036339761817948,-0.0002958049102833,-3.9732521621491,5.9123980687535,0
2689,-0.07437106919937,-0.017782704715242,-3.9718956655239,2.2236994524824,0
2670,-0.079835257253522,-0.016101316536215,-3.9702593865083,3.3829936403107,0
2708,-0.13639802910998,-0.010942323056791,-3.9673116341854,1.0644052646571,0
4191,-0.0102816088651,0.0081609820774812,-3.9657827760388,6.7613786224299,0
5497,0.057088608576017,0.016947493108547,-3.9657050483421,9.7416890023721,0
4234,0.0016772749243195,0.012125464538619,-3.9633522836006,7.0984717045265,0
2651,-0.069480074678811,-0.010602328597352,-3.9624027971384,4.5422878281427,0
3978,-0.049678996596691,-0.0045886391238267,-3.9620770654028,5.4354028058866,0
4148,-0.020891262753741,0.0044515843121612,-3.9598634264443,6.4368561367459,0
2690,-0.075532361792571,-0.017951695712186,-3.9596278312147,2.3525099177962,0
2671,-0.079444791504471,-0.015862997547094,-3.9576459794016,3.5118041056254,0
2709,-0.092639337514072,-0.014712086098106,-3.9553893726736,1.1932157299713,0
4277,0.014580140062318,0.016065864252294,-3.9522130001034,7.4474646170002,0
2691,-0.076589421344801,-0.018093705701101,-3.9473599969056,2.4813203831099,0
4105,-0.030420952343143,0.0010334211841161,-3.9459696180403,6.1255656927627,0
4020,-0.044592784154304,-0.0033972673745295,-3.9456553606463,5.626893906061,0
2672,-0.078853647691692,-0.015583256113312,-3.9450325722949,3.64061457094,0
2710,-0.07102583410928,-0.016850803856807,-3.9434671111619,1.3220261952853,0
5508,0.069886785690373,0.034565861252392,-3.942621591215,8.7581927071238,0
4364,0.048441160478668,0.02726554702614,-3.9425517931277,8.2790346682807,0
5502,0.10205535727552,0.045640018989008,-3.9424922328936,9.2023130839533,0
2692,-0.07752191230388,-0.018203690822658,-3.9350921625964,2.6101308484236,0
2673,-0.078064540179292,-0.015263132948412,-3.9324191651883,3.7694250362547,0
3851,-0.063966947783903,-0.0093998965803082,-3.932285891206,4.8532681497016,0
4320,0.028376270003517,0.020219268402236,-3.9320226273407,7.8076776561206,0
3809,-0.06668047799814,-0.010041296743877,-3.9319153685359,4.7079352887279,0
2711,-0.065685606438208,-0.017514393580641,-3.9315448496502,1.4508366605993,0
3893,-0.06057210100902,-0.0085151656569559,-3.9291765775471,5.0100671668682,0
5496,0.15250017330139,0.068703675852449,-3.926527359461,9.6496696087771,0
4062,-0.039151608337605,-0.0021612617589743,-3.924492944581,5.8281590359821,0
2693,-0.078311435948175,-0.018277586339763,-3.9228243282873,2.7389413137375,0
3935,-0.056572664463669,-0.0074724637106839,-3.9222696122219,5.1779378943244,0
4190,-0.013911051091827,0.006022616283675,-3.9204733143039,6.6696898751261,0
2674,-0.077083170174781,-0.014904264246601,-3.9198057580816,3.8982355015694,0
2712,-0.066521929788731,-0.017695669775631,-3.9196225881384,1.5796471259134,0
4233,-0.0023491773317454,0.0099395213949299,-3.9192831082599,7.0044423217437,0
4147,-0.024132620257978,0.0024298011233059,-3.9133579770306,6.3475798891387,0
3977,-0.052104760124562,-0.0063688710067095,-3.911257046434,5.3564780682595,0
2694,-0.078941770677213,-0.018312198822633,-3.9105564939781,2.8677517790519,0
4276,0.010325221041089,0.013840955552151,-3.9094270627739,7.3511672761116,0
2713,-0.06787383927853,-0.01797872659986,-3.9077003266267,1.7084575912274,0
2675,-0.075918965305458,-0.014510545018679,-3.9071923509749,4.0270459668841,0
4363,0.043347420340631,0.024753450572501,-3.9024557240696,8.1784225694456,0
4407,0.064641385362587,0.032009529600456,-3.9018961105126,8.661660348278,0
5501,0.089973034044703,0.040641308825461,-3.9015161019894,9.1110821959854,0
4104,-0.033381847180761,-0.00088712462787986,-3.8983138113898,6.0387729709363,0
2695,-0.079399071641284,-0.01830512400367,-3.8982886596688,2.9965622443667,0
4019,-0.047189914783811,-0.0052110983643006,-3.8958409780376,5.5452778384401,0
2714,-0.069283673779292,-0.018269098034831,-3.895778065115,1.8372680565413,0
2676,-0.074585148932572,-0.014086034544504,-3.8945789438682,4.1558564321988,0
4319,0.023795553973353,0.017873175906004,-3.8905615175977,7.7091858224179,0
5495,0.15983378784207,0.064748173288476,-3.88734967058,9.5576502151823,0
2696,-0.079672024399857,-0.018254680159196,-3.8860208253596,3.1253727096814,0
2715,-0.07068915668008,-0.018565125519935,-3.8838558036033,1.966078521855,0
2677,-0.07309656692724,-0.013621012882891,-3.8819655367616,4.2846668975135,0
3850,-0.0655229656809,-0.010984524634117,-3.8787587025195,4.7828181243011,0
3808,-0.068090380804336,-0.01204202622501,-3.8775931355086,4.6404404701093,0
3892,-0.062438887274308,-0.010149247350795,-3.8764989166499,4.9367264203104,0
4061,-0.041911741838742,-0.0040213115761862,-3.8757337270131,5.7439200032109,0
4232,-0.006289267978688,0.007690469469506,-3.8752139329194,6.9104129389612,0
4189,-0.017407022265817,0.003911947900063,-3.8751638525689,6.5780011278221,0
2697,-0.079751950939617,-0.018159850637959,-3.8737529910503,3.2541831749961,0
2716,-0.07206228322649,-0.018854224533206,-3.8719335420916,2.0948889871687,0
3934,-0.0587232532388,-0.0092048459315293,-3.8704947511817,5.1017719165211,0
2678,-0.071484215495998,-0.013149646737986,-3.8693521296549,4.4134773628281,0
4146,-0.027275580463791,0.00044194339327966,-3.866852527617,6.2583036415318,0
4275,0.0061370453329142,0.011630271561915,-3.8666411254446,7.2548699352231,0
4406,0.059314866635715,0.029519320626763,-3.863203904786,8.5590029485948,0
4362,0.038355567342303,0.022263445666044,-3.8623596550114,8.0778104706103,0
2698,-0.079632872437902,-0.018020237174871,-3.8614851567411,3.3829936403108,0
5500,0.081653432786946,0.037057701556,-3.8605399710855,9.0198513080178,0
3976,-0.05444729762809,-0.0081409819738777,-3.8604370274652,5.2775533306322,0
2717,-0.073378172287875,-0.019127139590457,-3.8600112805799,2.2236994524824,0
224,-1.0955428503407,0.0043711151637459,-3.8581054384216,0.06250000200012,0
225,-0.98213777272565,0.0088739490758246,-3.8581054384216,0.18750000600041,0
226,-0.83990327419316,0.011624962671195,-3.8581054384216,0.31250001000045,0
227,-0.68922055849015,0.01146256931191,-3.8581054384216,0.43750001400016,0
1032,-0.54258272637232,0.0089272735368234,-3.8581054384216,0.56250001800009,0
1033,-0.40819604357799,0.0045973738053342,-3.8581054384216,0.68750002200028,0
1034,-0.29137171349865,-0.00093918103198236,-3.8581054384216,0.8125000260003,0
1035,-0.19881448189169,-0.0066806758877467,-3.8581054384216,0.93750003000011,0
2679,-0.069813022967847,-0.012889283264454,-3.8567387225482,4.5422878281427,0
2736,-0.13130911093814,-0.011713585914766,-3.8523170940644,1.0644052646571,0
4103,-0.036278844846279,-0.002791546336905,-3.8506580047391,5.9519802491097,0
2699,-0.079311542508582,-0.017836036315694,-3.8492173224319,3.5118041056254,0
4318,0.019331340564715,0.015565302847102,-3.8491004078547,7.6106939887153,0
5494,0.140502127773,0.057890707391157,-3.8481719816989,9.4656308215872,0
2718,-0.074613261665684,-0.019376349153314,-3.8480890190682,2.3525099177962,0
4018,-0.049727583104842,-0.0070254110106614,-3.8460265954289,5.4636617708193,0
2737,-0.08864526470521,-0.015541882288799,-3.8407404053501,1.1932157299713,0
2700,-0.07878746226877,-0.017608017137859,-3.8369494881226,3.64061457094,0
2719,-0.07574532851303,-0.01959567541711,-3.8361667575564,2.4813203831099,0
4231,-0.010109523735098,0.005495989391336,-3.8311447575789,6.8163835561788,0
4188,-0.020779016475748,0.0018350429256614,-3.829854390834,6.4863123805184,0
2738,-0.06837607918549,-0.017669042391824,-3.8291637166358,1.3220261952853,0
4060,-0.044584742531966,-0.0058656664826499,-3.8269745094453,5.6596809704398,0
3849,-0.066901147032621,-0.012365529645372,-3.8252315138331,4.7123680989007,0
2701,-0.078062880079809,-0.017337442810305,-3.8246816538134,3.7694250362547,0
4405,0.054062459164094,0.026962044447853,-3.8245116990594,8.4563455489115,0
2720,-0.076753762342457,-0.019780079479448,-3.8242444960447,2.6101308484236,0
4274,0.0019980020134732,0.0094271928517807,-3.8238551881151,7.1585725943344,0
3891,-0.064127260318123,-0.011708316357924,-3.8238212557525,4.8633856737525,0
4361,0.03348605535751,0.019807527296074,-3.8222635859531,7.9771983717747,0
4145,-0.030336967378097,-0.0015237907817198,-3.8203470782035,6.1690273939249,0
5499,0.07555985365331,0.034253415792418,-3.8195638401817,8.9286204200503,0
3933,-0.060730635943251,-0.010880706331819,-3.8187198901416,5.0256059387179,0
2739,-0.06401857301006,-0.018356117571162,-3.8175870279215,1.4508366605993,0
2702,-0.077142917442344,-0.017026371576785,-3.8124138195042,3.8982355015694,0
2721,-0.07761984348509,-0.019925499339171,-3.812322234533,2.7389413137375,0
3975,-0.056709928631068,-0.009902637247398,-3.8096170084962,5.1986285930049,0
5493,0.12059976964092,0.049310706306224,-3.8089942928177,9.3736114279922,0
4317,0.014968822740824,0.013289048561038,-3.8076392981117,7.5122021550127,0
2740,-0.065027201635555,-0.018630585793292,-3.8060103392072,1.5796471259133,0
4102,-0.039095649184232,-0.0046726381223847,-3.8030021980884,5.8651875272831,0
2722,-0.078326992528669,-0.02002874528378,-3.8003999730212,2.867751779052,0
2703,-0.076036048875137,-0.016678931790767,-3.8001459851949,4.0270459668841,0
4017,-0.052172679600772,-0.0088270688549677,-3.7962122128203,5.3820457031985,0
2741,-0.066452461604292,-0.019008944793514,-3.7944336504929,1.7084575912274,0
2723,-0.078860981276389,-0.020087422787656,-3.7884777115094,2.9965622443667,0
2704,-0.074753768118395,-0.016298355459712,-3.7878781508857,4.1558564321988,0
4230,-0.013771960945025,0.0033209164044017,-3.7870755822384,6.7223541733963,0
4404,0.048849062711291,0.024414978414145,-3.7858194933328,8.3536881492283,0
4187,-0.024029233974649,-0.00020450147259631,-3.7845449290992,6.3946236332149,0
2742,-0.067931846969814,-0.019391354647235,-3.7828569617787,1.8372680565412,0
5487,0.053224501146704,0.014130956614456,-3.7825105899071,9.8214938173977,0
4360,0.0287487615472,0.017391112007316,-3.7821675168948,7.8765862729392,0
4273,-0.0020960723606199,0.0072070409816884,-3.7810692507855,7.0622752534457,0
5498,0.070349633536019,0.031686931838351,-3.7785877092776,8.8373895320825,0
4059,-0.047194823433457,-0.0077011556634534,-3.7782152918774,5.5754419376686,0
2724,-0.079210097198192,-0.020099871255749,-3.7765554499976,3.1253727096814,0
2705,-0.073309336801498,-0.01587819176606,-3.7756103165764,4.2846668975135,0
4144,-0.033299212055132,-0.0034574977147202,-3.7738416287899,6.0797511463177,0
3848,-0.068311702880027,-0.014397569660849,-3.7717043251466,4.6419180735002,0
2743,-0.069408471680643,-0.019776129874141,-3.7712802730644,1.966078521855,0
3890,-0.06569041326875,-0.013313591533567,-3.7711435948552,4.7900449271946,0
5492,0.10379634225542,0.042703438246066,-3.7698166039366,9.2815920343972,0
3932,-0.062557183344284,-0.012483495942931,-3.7669450291015,4.9494399609147,0
4316,0.010689652860197,0.011035169901436,-3.7661781883687,7.4137103213101,0
2725,-0.079365257490566,-0.020065112197357,-3.7646331884858,3.2541831749961,0
2706,-0.071729752590951,-0.015457230466935,-3.7633424822672,4.4134773628281,0
2744,-0.070854634303284,-0.020151187178821,-3.7597035843501,2.0948889871687,0
3974,-0.058846482707097,-0.011615415434279,-3.7587969895273,5.1197038553775,0
4101,-0.041875080952255,-0.006554810405164,-3.7553463914379,5.7783948054567,0
2726,-0.079320075082721,-0.019982809056683,-3.752710926974,3.3829936403108,0
2707,-0.070060561305042,-0.015191984342937,-3.751074647958,4.5422878281427,0
2745,-0.072245346369388,-0.020507300216358,-3.7481268956359,2.2236994524824,0
4403,0.04371548165897,0.021876117314451,-3.7471272876063,8.2510307495454,0
4016,-0.054541053668005,-0.01061619197211,-3.7463978302117,5.3004296355777,0
5486,0.14804994410908,0.062303398158055,-3.7451464721608,9.7287212854557,0
4229,-0.017284121187981,0.0011872414712319,-3.7430064068978,6.6283247906136,0
229,-0.99102464728329,0.0091856884811463,-3.7429381119019,0.18750000600041,0
1038,-0.2858527035354,-0.0013843322177862,-3.7429381119019,0.81250002600028,0
1039,-0.19299973208296,-0.0073494257447109,-3.7429381119019,0.9375000300001,0
228,-1.1075300740685,0.0045397659264012,-3.7429381119019,0.06250000200012,0
230,-0.84510676008973,0.011991254189539,-3.7429381119019,0.31250001000044,0
231,-0.69082073478452,0.011746147627898,-3.7429381119019,0.43750001400015,0
1036,-0.5410624108511,0.0090205644036326,-3.7429381119019,0.56250001800008,0
1037,-0.40426954483841,0.0044280583570789,-3.7429381119019,0.68750002200026,0
4359,0.024142870042921,0.015014608641492,-3.7420714478365,7.7759741741037,0
2727,-0.079070886129143,-0.019853246070492,-3.7407886654622,3.5118041056254,0
4447,0.065080111714353,0.029127359146941,-3.7394741819792,8.7394605752571,0
4186,-0.027172032910441,-0.0022031942834429,-3.7392354673646,6.3029348859118,0
4272,-0.0060984777720696,0.0049013869932601,-3.738283313456,6.9659779125572,0
2764,-0.12604721402455,-0.012523899526216,-3.7373225539435,1.0644052646571,0
2746,-0.073556851987522,-0.020836983102197,-3.7365502069216,2.3525099177962,0
5491,0.091231933388511,0.037763605343442,-3.7306389150556,9.1895726408026,0
4058,-0.049756179113924,-0.0095383946939484,-3.7294560743095,5.4912029048975,0
2728,-0.078616743790944,-0.019677297342779,-3.7288664039505,3.6406145709401,0
4143,-0.036208228248184,-0.0053803245667793,-3.7273361793761,5.9904748987104,0
2765,-0.084549503453603,-0.016404146033914,-3.7260914380266,1.1932157299713,0
2747,-0.074766689388375,-0.021134055318456,-3.7249735182073,2.4813203831099,0
4315,0.0064723065807502,0.0087940911564059,-3.7247170786258,7.3152184876076,0
3889,-0.06708121060858,-0.014723331264748,-3.718465933958,4.7167041806368,0
2729,-0.077959387178131,-0.019456374850044,-3.7169441424387,3.7694250362547,0
3931,-0.064251259687266,-0.014064925077342,-3.7151701680613,4.8732739831114,0
2766,-0.065660216694282,-0.018514275227292,-3.7148603221097,1.3220261952853,0
2748,-0.075853957923557,-0.021393455201057,-3.7133968294931,2.6101308484236,0
4402,0.038688493482123,0.019360390806894,-3.7084350818797,8.1483733498621,0
3973,-0.060807122161528,-0.013251041529628,-3.7079769705584,5.0407791177502,0
5485,0.15888470578568,0.05978665827892,-3.7077823544145,9.6359487535138,0
4100,-0.044558406555832,-0.0084160486818472,-3.7076905847873,5.6916020836303,0
2730,-0.07710332057505,-0.019192793075773,-3.7050218809269,3.8982355015694,0
2767,-0.062224483968185,-0.019230162474812,-3.7036292061929,1.4508366605993,0
4446,0.059707286407869,0.026589408879484,-3.7022232582866,8.6348335495744,0
4358,0.019659133923102,0.012675223633091,-3.7019753787783,7.6753620752681,0
2749,-0.076799599802257,-0.021611089562125,-3.7018201407788,2.7389413137376,0
4228,-0.020668152238817,-0.00090597846046433,-3.6989372315573,6.5342954078312,0
4015,-0.056792272330714,-0.01235730377495,-3.696583447603,5.2188135679567,0
4271,-0.0099610993236106,0.002668490549431,-3.6954973761267,6.8696805716689,0
4185,-0.030245899866515,-0.0041851423911481,-3.6939260056301,6.2112461386087,0
2731,-0.076056088516431,-0.018890612436054,-3.6930996194151,4.0270459668842,0
2768,-0.063380155441229,-0.019601463680075,-3.692398090276,1.5796471259133,0
5490,0.082411804298175,0.034129127085656,-3.6914612261749,9.0975532472085,0
2750,-0.077586658183968,-0.02178373673628,-3.6902434520645,2.867751779052,0
4314,0.0022947843293097,0.0065530941391027,-3.6832559688828,7.216726653905,0
2732,-0.074827714568942,-0.018552243281768,-3.6811773579033,4.1558564321988,0
2769,-0.064879991555279,-0.020073951980371,-3.6811669743592,1.7084575912273,0
4142,-0.039022702204406,-0.0072744897079723,-3.6808307299623,5.9011986511032,0
4057,-0.052228200812226,-0.011352781780965,-3.6806968567417,5.4069638721264,0
2751,-0.078200499040594,-0.021908976513513,-3.6786667633501,2.9965622443667,0
5484,0.14180944285371,0.053674047439732,-3.6704182366682,9.5431762215717,0
2770,-0.066431017449844,-0.020547725641588,-3.6699358584423,1.8372680565412,0
4401,0.033788719877284,0.016878036697429,-3.669742876153,8.0457159501787,0
2733,-0.073430139811987,-0.018173867188825,-3.6692550963915,4.2846668975135,0
2752,-0.078628986347751,-0.021985134753751,-3.6670900746358,3.1253727096814,0
3888,-0.068481301719475,-0.016779670771446,-3.6657882730606,4.6433634340789,0
4445,0.054407045607756,0.023999450997974,-3.664972334594,8.5302065238916,0
3930,-0.065818181980108,-0.01568783109057,-3.6633953070211,4.7971080053081,0
4357,0.015281655051045,0.010368387954885,-3.66187930972,7.5747499764326,0
4099,-0.047185238706783,-0.010269882552024,-3.6600347781368,5.6048093618039,0
2771,-0.067980965444718,-0.02102074201655,-3.6587047425255,1.966078521855,0
2734,-0.071887301188241,-0.017795173421836,-3.6573328348797,4.4134773628281,0
3972,-0.062639351736537,-0.014870812599736,-3.6571569515895,4.961854380123,0
2753,-0.078862604578862,-0.022011236549688,-3.6555133859214,3.2541831749961,0
4227,-0.023921016506618,-0.0029576167306067,-3.6548680562169,6.4402660250491,0
4270,-0.013641868706087,0.00046513776477417,-3.6527114387973,6.7733832307804,0
5489,0.07600131946057,0.031260216485992,-3.6522835372942,9.0055338536144,0
4184,-0.033201057549404,-0.0061268580834134,-3.6486165438954,6.1195573913053,0
2772,-0.069502427495644,-0.021481441917936,-3.6474736266087,2.0948889871687,0
4014,-0.058882738103546,-0.014028003564649,-3.6467690649943,5.1371975003358,0
2735,-0.070233422624062,-0.01752571436279,-3.6454105733679,4.5422878281427,0
2754,-0.078894528725931,-0.021986970035536,-3.6439366972071,3.3829936403108,0
4313,-0.0018464178533836,0.0042480585993531,-3.6417948591396,7.1182348202023,0
2773,-0.070970347333211,-0.021920667766238,-3.6362425106919,2.2236994524824,0
4141,-0.04182479891212,-0.0091782407607273,-3.6343252805486,5.811922403496,0
5483,0.1225617411394,0.045774960069545,-3.6330541189218,9.4504036896296,0
2755,-0.078720647446354,-0.021912662553073,-3.6323600084927,3.5118041056254,0
4056,-0.05457701541734,-0.013112932616191,-3.6319376391738,5.3227248393552,0
4400,0.029026420167883,0.014433066236175,-3.6310506704264,7.9430585504953,0
233,-1.00019793794,0.0095121361380367,-3.6277707853825,0.18750000600041,0
1042,-0.28003280927061,-0.0018707151318893,-3.6277707853825,0.81250002600025,0
1043,-0.18693659406366,-0.008059673668251,-3.6277707853825,0.93750003000009,0
232,-1.1199491646697,0.004715371741709,-3.6277707853825,0.06250000200012,0
234,-0.85041928746536,0.012374441670207,-3.6277707853825,0.31250001000044,0
235,-0.69235873050487,0.012040390153821,-3.6277707853825,0.43750001400015,0
1040,-0.53934150934107,0.0091108319057529,-3.6277707853825,0.56250001800007,0
1041,-0.40005766208741,0.0042324696621868,-3.6277707853825,0.68750002200023,0
4444,0.049151143772253,0.021422665613876,-3.6277214109014,8.425579498209,0
2774,-0.072360796521276,-0.022330964733878,-3.625011394775,2.3525099177962,0
2792,-0.1206114211819,-0.013374335632335,-3.6223280138227,1.0644052646571,0
4356,0.010988213443705,0.0080867099319666,-3.6217832406618,7.4741378775972,0
2756,-0.078339540213057,-0.021789238503771,-3.6207833197784,3.6406145709401,0
2775,-0.073651079686235,-0.022706132732151,-3.6137802788582,2.4813203831099,0
5488,0.070671646869873,0.028641553986064,-3.6131058484133,8.9135144600199,0
4098,-0.049781688599816,-0.012122771799202,-3.6123789714862,5.5180166399775,0
3929,-0.06721127350259,-0.017120096308155,-3.611620445981,4.7209420275049,0
2793,-0.080354271559296,-0.017299774991867,-3.6114424707033,1.1932157299713,0
4226,-0.027052432589534,-0.0049608513435444,-3.6107988808767,6.3462366422673,0
4269,-0.017152470641262,-0.0016796699195884,-3.6099255014679,6.6770858898917,0
2757,-0.077752425200224,-0.021618189698034,-3.609206631064,3.7694250362547,0
3971,-0.064336071624024,-0.016475016899689,-3.6063369326206,4.8829296424956,0
4183,-0.03612681896608,-0.0080664533931486,-3.6033070821606,6.0278686440018,0
2776,-0.074820002369686,-0.023041059178996,-3.6025491629414,2.6101308484236,0
2794,-0.062878321236453,-0.019388238321441,-3.6005569275839,1.3220261952853,0
4312,-0.0059030393447729,0.0019241619769127,-3.6003337493966,7.0197429864998,0
5477,0.048554730605771,0.011151551257228,-3.5978537636322,9.8978539790643,0
2758,-0.076963201627046,-0.021401952581861,-3.5976299423497,3.8982355015694,0
4013,-0.060849694418326,-0.015678662978774,-3.5969546823856,5.055581432715,0
5482,0.10567837974412,0.039483465575609,-3.5956900011754,9.3576311576876,0
4399,0.024401639159883,0.012024964287455,-3.5923584646997,7.8404011508119,0
2777,-0.075848158277865,-0.02333158556178,-3.5913180470245,2.7389413137376,0
4443,0.043977827875778,0.018855537209725,-3.5904704872089,8.3209524725265,0
2795,-0.06029364892671,-0.02013629939798,-3.5896713844644,1.4508366605993,0
4140,-0.044526558858729,-0.011048761236715,-3.587819831135,5.7226461558889,0
2759,-0.075978566462548,-0.02114432816076,-3.5860532536353,4.0270459668842,0
4055,-0.056790881090779,-0.014818155436275,-3.5831784216058,5.238485806584,0
4355,0.0067530793871547,0.0058127898700056,-3.5816871716036,7.3735257787618,0
2778,-0.076718197269277,-0.02357442163566,-3.5800869311077,2.867751779052,0
2796,-0.061578758422159,-0.020607274714605,-3.578785841345,1.5796471259133,0
4487,0.065350281581488,0.026072722562609,-3.5756301840223,8.8142446169422,0
2760,-0.074807350078959,-0.020847002441561,-3.5744765649209,4.1558564321988,0
2779,-0.077415059095752,-0.023767084235014,-3.5688558151907,2.9965622443667,0
2797,-0.063154721459659,-0.021172045517439,-3.5679002982256,1.7084575912273,0
4268,-0.020544864107869,-0.0037797455121978,-3.5671395641384,6.5807885490033,0
4225,-0.030145492584408,-0.0069568054755402,-3.5667297055366,6.2522072594855,0
4097,-0.052212161261907,-0.013889369193416,-3.5647231648357,5.4312239181512,0
2761,-0.073460512520242,-0.020508436588294,-3.5628998762066,4.2846668975135,0
5476,0.14253976308435,0.05553659855372,-3.5623176520908,9.804363965574,0
3928,-0.068590944455983,-0.019194000051939,-3.5598455849408,4.6447760497016,0
4311,-0.009808195655446,-0.00033981226828177,-3.5588726396537,6.9212511527975,0
5481,0.092629675003775,0.034650183431233,-3.5583258834292,9.264858625746,0
4182,-0.038942473473968,-0.0099673353659494,-3.5579976204258,5.9361798966983,0
2780,-0.077926160464732,-0.023907848485559,-3.5576246992738,3.1253727096815,0
2798,-0.064779479738364,-0.021736001517684,-3.5570147551062,1.8372680565412,0
3970,-0.065899242639306,-0.018110870393785,-3.5555169136516,4.8040049048683,0
4398,0.019906467798817,0.009650175050706,-3.5536662589731,7.7377437511284,0
4442,0.038913333973383,0.016311311872238,-3.5532195635163,8.2163254468439,0
2762,-0.071959663146196,-0.020167375525564,-3.5513231874923,4.4134773628281,0
4012,-0.062683457810575,-0.017318930246457,-3.547140299777,4.9739653650941,0
2781,-0.078241527489978,-0.023995705681495,-3.5463935833569,3.2541831749962,0
2799,-0.066404868875779,-0.022296398736823,-3.5461292119868,1.966078521855,0
4354,0.0025563897980549,0.0035187910432631,-3.5415911025454,7.2729136799262,0
4139,-0.047182013279796,-0.012908643533085,-3.5413143817213,5.6333699082819,0
4486,0.059949177802591,0.023486743894742,-3.5398565441212,8.7077243243814,0
2763,-0.07033157342712,-0.019896646987148,-3.5397464987779,4.5422878281427,0
2800,-0.068003792115888,-0.022842161235401,-3.5352436688673,2.0948889871687,0
2782,-0.078353871706772,-0.024030329194205,-3.53516246744,3.3829936403108,0
4054,-0.058888211141221,-0.01650270255448,-3.5344192040379,5.1542467738128,0
5475,0.15713440420062,0.05437525311871,-3.5267815405494,9.7108739520838,0
2801,-0.069551178572994,-0.023364218672877,-3.5243581257479,2.2236994524824,0
4267,-0.023805393836988,-0.0058329023699168,-3.5243536268091,6.4844912081153,0
2783,-0.078258611829349,-0.024012044764177,-3.5239313515231,3.5118041056254,0
4224,-0.033094824770726,-0.0088978579710168,-3.5226605301964,6.1581778767034,0
5480,0.08323438560418,0.03099794503917,-3.5209617656832,9.1720860938048,0
4310,-0.013507740207401,-0.0025530409649131,-3.5174115299108,6.8227593190949,0
4096,-0.054541098191246,-0.015627641697855,-3.5170673581852,5.3444311963248,0
4441,0.033978311101118,0.013798353796794,-3.5159686398236,8.111698421161,0
4397,0.015525121317217,0.007302347698737,-3.5149740532464,7.6350863514451,0
2802,-0.071022965429291,-0.02385513048656,-3.5134725826286,2.3525099177962,0
2784,-0.077953840527912,-0.023941777671939,-3.5127002356062,3.6406145709401,0
4181,-0.041783873841886,-0.011888955300873,-3.5126881586911,5.8444911493949,0
237,-1.0096712704938,0.0098535058987522,-3.5126034588628,0.18750000600041,0
238,-0.8558446220368,0.012775067147348,-3.5126034588628,0.31250001000044,0
1046,-0.27390134226588,-0.002403197530381,-3.5126034588628,0.81250002600023,0
1047,-0.18061975208187,-0.0088127920791702,-3.5126034588628,0.93750003000009,0
236,-1.1328191750325,0.0048974014912381,-3.5126034588628,0.06250000200012,0
239,-0.69382724929034,0.01234569674176,-3.5126034588628,0.43750001400015,0
1044,-0.53740211482144,0.0091979421395155,-3.5126034588628,0.56250001800007,0
1045,-0.39553597601965,0.0040066197124762,-3.5126034588628,0.68750002200021,0
2820,-0.1150008310658,-0.014266084104238,-3.5073334737018,1.0644052646571,0
3969,-0.067284991523203,-0.019560918054372,-3.5046968946828,4.725080167241,0
4485,0.054615165813839,0.020867506846073,-3.5040829042201,8.6012040318205,0
2803,-0.072396243187105,-0.024308652676733,-3.5025870395092,2.4813203831099,0
4353,-0.001601788995115,0.0010899983802547,-3.5014950334871,7.1723015810906,0
2785,-0.077440260925174,-0.023821043189409,-3.5014691196893,3.7694250362547,0
4011,-0.064376022327926,-0.01894133334839,-3.4973259171683,4.8923492974732,0
2821,-0.076061953492132,-0.018229673043862,-3.4967935033798,1.1932157299713,0
4138,-0.049708300238059,-0.014698552231416,-3.4948089323076,5.5440936606748,0
2804,-0.07364952998178,-0.024719589622235,-3.4917014963898,2.6101308484237,0
5474,0.14287060223326,0.048988530910966,-3.4912454290079,9.6173839385934,0
2786,-0.076721200364921,-0.023652300408423,-3.4902380037724,3.8982355015695,0
2822,-0.060029994843417,-0.020292620208413,-3.4862535330578,1.3220261952853,0
4053,-0.060855907389289,-0.01817337048453,-3.48565998647,5.0700077410416,0
5479,0.076408485450113,0.028080728396445,-3.4835976479373,9.0793135618637,0
4266,-0.026925929937257,-0.0078324547450445,-3.4815676894801,6.3881938672276,0
2805,-0.074763067237123,-0.025083680495054,-3.4808159532703,2.7389413137376,0
2787,-0.075802605694811,-0.023438988741586,-3.4790068878554,4.0270459668842,0
4440,0.029183259206734,0.011318944459315,-3.4787177161309,8.0070713954781,0
4223,-0.036056130007496,-0.010851677406088,-3.478591354856,6.0641484939213,0
4396,0.011224191253355,0.004966073401109,-3.4762818475198,7.5324289517617,0
4309,-0.017011116024869,-0.0046903281000692,-3.4759504201678,6.7242674853923,0
2823,-0.058218221923627,-0.021074619616583,-3.4757135627358,1.4508366605993,0
2806,-0.07571909970481,-0.025397527203824,-3.4699304101509,2.867751779052,0
4095,-0.056762117498065,-0.01734694470397,-3.4694115515346,5.2576384744983,0
4484,0.049331015226255,0.018264201229607,-3.468309264319,8.4946837392597,0
2788,-0.074692358357803,-0.023182230842671,-3.4677757719385,4.1558564321988,0
4180,-0.044464366252588,-0.013724302171517,-3.4673786969564,5.7528024020917,0
2824,-0.059621736667725,-0.02164648387831,-3.4651735924138,1.5796471259133,0
4352,-0.0056956697101583,-0.0012481380447004,-3.4613989644288,7.0716894822553,0
2807,-0.076502123015726,-0.025658543678388,-3.4590448670314,2.9965622443667,0
2789,-0.073400704801823,-0.022882549044668,-3.4565446560216,4.2846668975135,0
5473,0.12458509925211,0.041819417002838,-3.4557093174664,9.523893925103,0
2825,-0.061275546438189,-0.022301123046389,-3.4546336220918,1.7084575912273,0
3968,-0.068636144501454,-0.021645813097828,-3.4538768757138,4.6461554296137,0
4137,-0.052144885204398,-0.016464349431686,-3.448303482894,5.4548174130677,0
2808,-0.077099084648963,-0.025864914538775,-3.4481593239119,3.1253727096815,0
4010,-0.065927685785727,-0.020585850475697,-3.4475115345595,4.8107332298522,0
5478,0.070892339069186,0.025420533431643,-3.4462335301911,8.9865410299222,0
2790,-0.071947387181556,-0.022576771142482,-3.4453135401047,4.4134773628281,0
2826,-0.062976043508666,-0.022953527360627,-3.4440936517698,1.8372680565412,0
4439,0.024528460517263,0.008870877824941,-3.4414667924382,7.9024443697951,0
4265,-0.030061987930176,-0.0098408209614692,-3.438781752151,6.2918965263398,0
4395,0.0068997990444969,0.0025906344622718,-3.4375896417933,7.4297715520784,0
2809,-0.077499528704679,-0.026015557785717,-3.4372737807924,3.2541831749962,0
4052,-0.062684615475868,-0.019830472338882,-3.4369007689021,4.9857687082705,0
4222,-0.038884211771939,-0.012739252705344,-3.4345221795156,5.9701191111391,0
4308,-0.020428308233632,-0.0067906203495544,-3.4344893104248,6.6257756516899,0
2791,-0.070353896905622,-0.022308684503924,-3.4340824241878,4.5422878281427,0
2827,-0.064678845580189,-0.023600031780652,-3.4335536814479,1.9660785218549,0
4483,0.04413085394854,0.01567307467886,-3.432535624418,8.3881634466992,0
2810,-0.0776956806929,-0.026110091699065,-3.4263882376729,3.3829936403108,0
2828,-0.066357218802392,-0.024229961891811,-3.4230137111259,2.0948889871687,0
4179,-0.047077610183184,-0.015541410699106,-3.4220692352217,5.6611136547884,0
4094,-0.05885928664116,-0.01905066191188,-3.421755744884,5.1708457526719,0
4351,-0.0096801177113331,-0.0035417329224826,-3.4213028953707,6.9710773834201,0
5472,0.10776739653651,0.035903340439113,-3.420173205925,9.4304039116126,0
2811,-0.077682471660929,-0.0261487979443,-3.4155026945534,3.5118041056254,0
2829,-0.067986143667104,-0.024834334938252,-3.4124737408039,2.2236994524824,0
5467,0.042913287914467,0.0079855714757841,-3.4117993342273,9.9707427055951,0
4527,0.065479269481224,0.022840208176795,-3.4104205794232,8.8859864926618,0
2812,-0.077457500994157,-0.026132560730689,-3.404617151434,3.6406145709401,0
4438,0.020005744495469,0.0064483657059862,-3.4042158687455,7.7978173441122,0
2830,-0.069541474498949,-0.025405697271842,-3.401933770482,2.3525099177962,0
4136,-0.054481018811408,-0.018217750319881,-3.4017980334803,5.3655411654607,0
4394,0.0025875151415119,0.00019827366767702,-3.3988974360666,7.327114152395,0
4009,-0.067297574245527,-0.022049430708672,-3.3976971519509,4.7291171622314,0
240,-1.1461586841553,0.0050849327010287,-3.3974361323428,0.06250000200012,0
241,-1.019458690586,0.010209772859345,-3.3974361323428,0.18750000600041,0
242,-0.8613867266652,0.013193486637651,-3.3974361323428,0.31250001000044,0
243,-0.6952189042484,0.012662141705875,-3.3974361323428,0.43750001400015,0
1048,-0.53522568634105,0.0092815163369678,-3.3974361323428,0.56250001800006,0
1049,-0.39067551680661,0.0037470592902126,-3.3974361323428,0.68750002200019,0
1050,-0.26745025810453,-0.0029862534126886,-3.3974361323428,0.81250002600021,0
1051,-0.17404282641074,-0.0096109303195609,-3.3974361323428,0.93750003000008,0
4482,0.039040226355097,0.013105040794419,-3.396761984517,8.2816431541384,0
4264,-0.033015166734843,-0.011757129976831,-3.3959958148219,6.1955991854517,0
2813,-0.077020969184087,-0.026062875558323,-3.3937316083145,3.7694250362548,0
4307,-0.023714986314181,-0.0088272457672976,-3.393028200682,6.5272838179879,0
2848,-0.10921409102504,-0.015201426326451,-3.3923389335805,1.0644052646571,0
2831,-0.071000118863981,-0.025937727887697,-3.39139380016,2.4813203831099,0
4221,-0.04164501960191,-0.014596033193433,-3.3904530041753,5.876089728357,0
4051,-0.064366018002467,-0.021466400240117,-3.3881415513342,4.9015296754992,0
5471,0.094264076596102,0.031238671018695,-3.3846370943836,9.3369138981227,0
2814,-0.076375668446969,-0.025942154483147,-3.382846065195,3.8982355015695,0
2849,-0.071675405785587,-0.019195181099886,-3.382144536056,1.1932157299713,0
4350,-0.013416857812453,-0.0057270072860232,-3.3812068263125,6.8704652845847,0
2832,-0.07234032269779,-0.026425109949967,-3.380853829838,2.6101308484237,0
5466,0.13576569488037,0.048384550466845,-3.3781049644538,9.8765711432573,0
4178,-0.049614408123544,-0.017339184460245,-3.376759773487,5.569424907485,0
4526,0.060055523442467,0.020212859504045,-3.3761587956337,8.7776499500828,0
4093,-0.060821178570425,-0.020738032343846,-3.3740999382334,5.0840530308455,0
2815,-0.075526885062927,-0.025773435495902,-3.3719605220755,4.0270459668842,0
2850,-0.057114008768005,-0.021228966999635,-3.3719501385314,1.3220261952853,0
2833,-0.073541977489491,-0.02686343864456,-3.3703138595161,2.7389413137376,0
4437,0.015598202743501,0.0040414508350906,-3.3669649450529,7.6931903184294,0
2851,-0.055993049226948,-0.022045481189566,-3.3617557410069,1.4508366605993,0
2816,-0.074481742387427,-0.025557457793548,-3.361074978956,4.1558564321988,0
4481,0.034079488952395,0.010566654707359,-3.3609883446158,8.1751228615774,0
4393,-0.0016003593690416,-0.0022688591109045,-3.3602052303399,7.2244567527115,0
2834,-0.074586915030798,-0.02724916479052,-3.359773889194,2.867751779052,0
4135,-0.056700849941348,-0.019955224632001,-3.3552925840666,5.2762649178535,0
4263,-0.035904729369585,-0.013650139243713,-3.3532098774926,6.0993018445636,0
4306,-0.026834922248727,-0.01079571967832,-3.3515670909394,6.4287919842862,0
2852,-0.057508694109638,-0.02271707391344,-3.3515613434824,1.5796471259133,0
2817,-0.07324994241579,-0.025296623547239,-3.3501894358365,4.2846668975135,0
2835,-0.075459171334096,-0.027579555975074,-3.349233918872,2.9965622443668,0
5470,0.084229319868851,0.027620458073074,-3.3491009828425,9.2434238846332,0
4008,-0.068612916863402,-0.024138389335377,-3.3478827693422,4.6475010946105,0
4220,-0.044338855489175,-0.016430206886311,-3.346383828835,5.7820603455751,0
5465,0.15432363844655,0.04843971262417,-3.3444105946804,9.7823995809196,0
4525,0.054698613737569,0.017568822338952,-3.3418970118442,8.6693134075036,0
2853,-0.059242048998471,-0.023458591152571,-3.3413669459578,1.7084575912273,0
4349,-0.016914482864757,-0.0078132996076977,-3.3411107572543,6.7698531857491,0
4050,-0.065898724659877,-0.023115432511395,-3.3393823337662,4.817290642728,0
2818,-0.071849640431798,-0.025025307414119,-3.3393038927171,4.4134773628281,0
2836,-0.076145204178495,-0.027852663627322,-3.3386939485499,3.1253727096815,0
4177,-0.052056179076022,-0.019123587819471,-3.3314503117524,5.4777361601818,0
2854,-0.06102011370779,-0.024197097322804,-3.3311725484333,1.8372680565412,0
4436,0.011275493675906,0.001634732615033,-3.3297140213602,7.5885632927466,0
2819,-0.070298425804436,-0.024764076592179,-3.3284183495976,4.5422878281427,0
2837,-0.076634053137668,-0.028067290933517,-3.3281539782279,3.2541831749962,0
4092,-0.06263831021389,-0.022407719528747,-3.3264441315829,4.9972603090191,0
4480,0.029259394845653,0.0080588747153357,-3.3252147047147,8.0686025690164,0
4392,-0.0056384887200874,-0.0045598518632896,-3.3215130246133,7.1217993530283,0
2855,-0.062802068540659,-0.024927958640143,-3.3209781509088,1.9660785218549,0
2838,-0.076917436386686,-0.028222960313577,-3.3176140079058,3.3829936403108,0
5469,0.076873570119074,0.024687288965647,-3.3135648713014,9.1499338711437,0
2856,-0.064561627759937,-0.025640797380159,-3.3107837533843,2.0948889871687,0
5464,0.14353515995281,0.04375343776878,-3.3107162249068,9.6882280185817,0
4262,-0.038732726653186,-0.015520437221626,-3.3104239401633,6.0030045036755,0
4305,-0.029876963666446,-0.012728026768121,-3.3101059811968,6.3303001505844,0
4134,-0.058791427822972,-0.021675039022655,-3.3087871346529,5.1869886702464,0
4524,0.049396470911513,0.014942469028042,-3.3076352280548,8.5609768649247,0
2839,-0.076989781250749,-0.028319869502393,-3.3070740375838,3.5118041056255,0
4219,-0.046962029348036,-0.018257880918367,-3.3023146534947,5.6880309627931,0
4348,-0.020271016295094,-0.0098442740437398,-3.3010146881961,6.6692410869138,0
2857,-0.066273903736131,-0.026326698477662,-3.3005893558598,2.2236994524824,0
2840,-0.076848188833951,-0.028358826352521,-3.2965340672618,3.6406145709401,0
4435,0.00698375013254,-0.00077601090733678,-3.2924630976677,7.4839362670637,0
4049,-0.067244916065083,-0.024588240572823,-3.2906231161983,4.7330516099568,0
2858,-0.067914731334498,-0.026978157043214,-3.2903949583353,2.3525099177962,0
4479,0.024580644287373,0.0055787254588926,-3.2894410648135,7.9620822764554,0
4176,-0.054390032367972,-0.020893739499759,-3.2861408500177,5.3860474128785,0
2841,-0.076492368425284,-0.028341273526133,-3.2859940969397,3.7694250362548,0
4391,-0.0095017883934594,-0.0067580762465773,-3.2828208188867,7.0191419533452,0
244,-1.159985188471,0.0052765194132947,-3.282268805823,0.06250000200012,0
245,-1.0295744270736,0.010580581678423,-3.282268805823,0.18750000600041,0
246,-0.86704932290604,0.013629710332571,-3.282268805823,0.31250001000044,0
247,-0.69652557617068,0.012988897350263,-3.282268805823,0.43750001400015,0
1052,-0.53279318823202,0.0093596167144642,-3.282268805823,0.56250001800005,0
1053,-0.38543817822567,0.0034537365949405,-3.282268805823,0.68750002200016,0
1054,-0.26067966461582,-0.0036208973972068,-3.282268805823,0.81250002600018,0
1055,-0.16719752751674,-0.010460323946054,-3.282268805823,0.93750003000007,0
2859,-0.069460876620509,-0.027588732376886,-3.2802005608107,2.4813203831099,0
4091,-0.064301570635034,-0.02405256967892,-3.2787883249322,4.9104675871926,0
5468,0.071071458216494,0.022006111112192,-3.2780287597601,9.0564438576539,0
2876,-0.10325012347807,-0.016185818324309,-3.2773443934594,1.0644052646571,0
5463,0.126639613418,0.037349295708845,-3.2770218551332,9.5940564562437,0
2842,-0.075924608141102,-0.028269527882948,-3.2754541266177,3.8982355015695,0
4523,0.044178257480056,0.01233071354272,-3.2733734442653,8.452640322346,0
2860,-0.070890336388756,-0.028152940815862,-3.2700061632862,2.6101308484237,0
4304,-0.03284143601156,-0.014629379838488,-3.2686448714541,6.2318083168824,0
4261,-0.041502871145768,-0.017382228238654,-3.2676380028341,5.9067071627875,0
2877,-0.067199087068055,-0.020198509376065,-3.2674955687323,1.1932157299713,0
2843,-0.075149606072338,-0.02814622413792,-3.2649141562956,4.0270459668842,0
4133,-0.060741361962545,-0.023375008675499,-3.2622816852392,5.0977124226393,0
4347,-0.023511696118307,-0.011824292794887,-3.260918619138,6.568628988079,0
2861,-0.072182660125988,-0.028666185895477,-3.2598117657617,2.7389413137376,0
4218,-0.04949955317964,-0.020073023218236,-3.2582454781545,5.5940015800111,0
2878,-0.054128461917747,-0.022198335575652,-3.2576467440052,1.3220261952853,0
4434,0.0027269937316152,-0.0031488157083026,-3.255212173975,7.3793092413808,0
2844,-0.074173865583583,-0.02797188531348,-3.2543741859736,4.1558564321988,0
4478,0.020035363901514,0.003120440582773,-3.2536674249124,7.8555619838943,0
2862,-0.073319262429086,-0.029124719050251,-3.2496173682371,2.8677517790521,0
2879,-0.053616019735485,-0.023048979202223,-3.2477979192782,1.4508366605993,0
4390,-0.013186175102747,-0.0088725558392598,-3.2441286131602,6.9164845536619,0
4567,0.065499433116861,0.019419463259037,-3.2439023055839,8.9546612785325,0
2845,-0.073006639060574,-0.02775061177086,-3.2438342156515,4.2846668975135,0
5462,0.11011847344489,0.031870700362673,-3.2433274853597,9.4998848939059,0
4048,-0.068517529806149,-0.026673896772622,-3.2418638986304,4.6488125771856,0
4175,-0.056602559934871,-0.022646324608081,-3.240831388283,5.2943586655752,0
2863,-0.074283706249139,-0.029525613798424,-3.2394229707125,2.9965622443668,0
4522,0.039068424268534,0.0097423788278376,-3.2391116604758,8.3443037797669,0
2880,-0.055240235059934,-0.02381653722245,-3.2379490945511,1.5796471259133,0
2846,-0.071664687000135,-0.02751403944383,-3.2332942453295,4.4134773628281,0
4090,-0.06580807325768,-0.025701763872987,-3.2311325182816,4.8236748653661,0
2864,-0.075061940106167,-0.029866742214823,-3.2292285731879,3.1253727096815,0
2881,-0.057054613130779,-0.024641249669046,-3.228100269824,1.7084575912273,0
4303,-0.035741617225405,-0.016521631322164,-3.2271837617112,6.1333164831803,0
4260,-0.04420231981168,-0.019233313058864,-3.224852065505,5.8104098218996,0
5457,0.036134398430452,0.004625537626156,-3.2244125561131,10.040134432974,0
2847,-0.070162658230853,-0.027263991633686,-3.2227542750074,4.5422878281427,0
4346,-0.026646623955315,-0.013771479129448,-3.2208225500801,6.4680168892444,0
2865,-0.075642476661045,-0.030146748705201,-3.2190341756634,3.2541831749962,0
2882,-0.058911785044347,-0.025462831954622,-3.2182514450969,1.8372680565412,0
4433,-0.0014397994667963,-0.0055497460335045,-3.2179612502823,7.2746822156979,0
4477,0.015607999504555,0.00067642634261264,-3.2178937850113,7.7490416913334,0
4132,-0.0625402966972,-0.025052920679366,-3.2157762358256,5.0084361750322,0
4217,-0.051937923800466,-0.021874121154862,-3.2141763028142,5.4999721972292,0
4566,0.060037501003838,0.016764931996934,-3.2111855087728,8.8445861337795,0
5461,0.096246020826971,0.02744715266163,-3.2096331155863,9.4057133315685,0
2866,-0.076016505032559,-0.030365018197288,-3.2088397781388,3.3829936403108,0
2883,-0.06077430350275,-0.026275759750004,-3.2084026203698,1.9660785218549,0
4389,-0.016700897961397,-0.010926366962792,-3.2054364074335,6.8138271539785,0
4521,0.034086830950244,0.0071826843505659,-3.2048498766863,8.2359672371877,0
2867,-0.076177931844862,-0.030521626349732,-3.1986453806142,3.5118041056255,0
2884,-0.062616442074709,-0.027069835400578,-3.1985537956428,2.0948889871686,0
4174,-0.058680766815898,-0.024378363100121,-3.1955219265482,5.2026699182718,0
5456,0.12751992816919,0.040866208975664,-3.1925729589038,9.9453175166955,0
2885,-0.064413540227621,-0.02783616894185,-3.1887049709157,2.2236994524824,0
2868,-0.076123352709107,-0.030617273753283,-3.1884509830896,3.6406145709401,0
4302,-0.038576372985114,-0.018403195463847,-3.1857226519684,6.0348246494782,0
4089,-0.067123075343881,-0.027179135034571,-3.1834767116311,4.7368821435397,0
4476,0.011275554911361,-0.0017579193958127,-3.1821201451102,7.6425213987725,0
4259,-0.046824127783244,-0.021075265514754,-3.1820661281758,5.7141124810116,0
4345,-0.02969688335012,-0.015699185900981,-3.1807264810223,6.3674047904097,0
4432,-0.0054680383814199,-0.0078041228490338,-3.1807103265896,7.1700551900152,0
2886,-0.066141487617125,-0.028567154028955,-3.1788561461886,2.3525099177962,0
4565,0.054661766770892,0.014104019198237,-3.1784687119617,8.7345109890264,0
2869,-0.075851991828791,-0.030653323281502,-3.178256585565,3.7694250362548,0
5460,0.085535635342606,0.023932866968966,-3.1759387458131,9.3115417692315,0
4520,0.029244580411573,0.0046519477206074,-3.1705880928967,8.1276306946085,0
4216,-0.054263964911504,-0.023658662990615,-3.170107127474,5.4059428144472,0
4131,-0.064178413502917,-0.026701900817948,-3.1692707864118,4.919159927425,0
2887,-0.067776959453389,-0.02925617728109,-3.1690073214616,2.4813203831099,0
2870,-0.075365654642599,-0.030631962091374,-3.1680621880404,3.8982355015695,0
248,-1.1743144730384,0.0054701087186021,-3.1671014793033,0.06250000200012,0
249,-1.0400328176032,0.010965297751415,-3.1671014793033,0.18750000600041,0
251,-0.69773711401726,0.013324286691191,-3.1671014793033,0.43750001400015,0
1059,-0.16007515776841,-0.011374916396574,-3.1671014793033,0.93750003000007,0
250,-0.87283553894387,0.014083581145018,-3.1671014793033,0.31250001000044,0
1056,-0.53008435371529,0.0094269099198331,-3.1671014793033,0.56250001800004,0
1057,-0.37977518746102,0.0031316969478262,-3.1671014793033,0.68750002200014,0
1058,-0.25359982025713,-0.0043028485372378,-3.1671014793033,0.81250002600016,0
4388,-0.020071799682789,-0.012938562462307,-3.1667442017069,6.7111697542953,0
2904,-0.097111049627432,-0.017228041739805,-3.1623498533385,1.0644052646571,0
5455,0.15013971797796,0.041946586545813,-3.1607333616945,9.8505006004167,0
2888,-0.06929773356546,-0.029897534201091,-3.1591584967345,2.6101308484237,0
2871,-0.074668504582387,-0.030555439373045,-3.1578677905158,4.0270459668842,0
2905,-0.06264060947251,-0.021242080244596,-3.1528466014088,1.1932157299713,0
4173,-0.060612406557056,-0.026086688796567,-3.1502124648135,5.1109811709685,0
2889,-0.070683030448861,-0.030486382052099,-3.1493096720074,2.7389413137377,0
2872,-0.073766520187954,-0.030424201252199,-3.1476733929912,4.1558564321988,0
4475,0.0070059492766926,-0.004166597045666,-3.1463465052092,7.5360011062115,0
4564,0.049348982999589,0.011460366476297,-3.1457519151507,8.6244358442735,0
4301,-0.041345490710929,-0.020276538846014,-3.1442615422257,5.9363328157762,0
4431,-0.0093203323375887,-0.0099826067407628,-3.1434594028971,7.0654281643326,0
2906,-0.051071216025145,-0.023200692174349,-3.1433433494792,1.3220261952853,0
5459,0.077529150326145,0.021036366651384,-3.1422443760399,9.2173702068945,0
4344,-0.032667055352597,-0.017608556744706,-3.1406304119643,6.2667926915748,0
2890,-0.071913846494165,-0.031018718659891,-3.1394608472803,2.8677517790521,0
4258,-0.049356737489398,-0.022905262291151,-3.1392801908466,5.6178151401237,0
2873,-0.072668554032371,-0.030243857826303,-3.1374789954666,4.2846668975135,0
4519,0.024543297039637,0.0021473932947102,-3.1363263091072,8.0192941520292,0
4088,-0.068346213494427,-0.029253627810212,-3.1358209049805,4.6500894217132,0
2907,-0.051087746477354,-0.024084324205431,-3.1338400975495,1.4508366605993,0
2891,-0.072973259769645,-0.031491370680106,-3.1296120225531,2.9965622443668,0
5454,0.14356334150377,0.037916419642726,-3.1288937644852,9.7556836841378,0
4387,-0.023319516321276,-0.014914470840073,-3.1280519959805,6.6085123546125,0
2874,-0.071390123550471,-0.030043177254955,-3.1272845979421,4.4134773628281,0
4215,-0.05646374144933,-0.025423046098723,-3.1260379521336,5.3119134316652,0
2908,-0.052818057709947,-0.024941754524091,-3.1243368456199,1.5796471259133,0
4130,-0.065651547699893,-0.028346468852107,-3.1227653369981,4.8298836798178,0
2892,-0.073846690264533,-0.031901980462296,-3.119763197826,3.1253727096816,0
2875,-0.069943641520935,-0.02980872738987,-3.1170902004175,4.5422878281427,0
2909,-0.054714540364401,-0.025845144036816,-3.1148335936902,1.7084575912273,0
4563,0.044120460472228,0.0088322505829834,-3.1130351183397,8.5143606995208,0
4474,0.0027812276830728,-0.0065280048869243,-3.1105728653081,7.4294808136505,0
2893,-0.074522100510338,-0.032248986446924,-3.1099143730989,3.2541831749962,0
5458,0.071305769324497,0.018370733796379,-3.1085500062666,9.1231986445572,0
4430,-0.012996845405316,-0.012093393296578,-3.1062084792045,6.9608011386498,0
2910,-0.056651943552325,-0.026746034615351,-3.1053303417606,1.8372680565412,0
4172,-0.062386344441766,-0.027768179013706,-3.1049030030789,5.0192924236652,0
4300,-0.044042677242579,-0.022141533795158,-3.102800432483,5.8378409820743,0
4518,0.019976733954073,-0.00033540004215799,-3.1020645253177,7.9109576094499,0
4343,-0.035566995284252,-0.019507229858737,-3.1005343429062,6.1661805927398,0
2894,-0.074990127033137,-0.032531592593975,-3.1000655483717,3.3829936403108,0
5453,0.12862174307637,0.032280731525485,-3.0970541672757,9.6608667678589,0
4257,-0.051786739948009,-0.024720188502235,-3.0964942535175,5.5215177992358,0
2911,-0.058595999228324,-0.027638139108693,-3.095827089831,1.9660785218549,0
2895,-0.075244135916929,-0.032749714450235,-3.0902167236446,3.5118041056255,0
4386,-0.026458634190536,-0.016861749731301,-3.0893597902542,6.5058549549301,0
2912,-0.06052166798409,-0.02851131894112,-3.0863238379013,2.0948889871686,0
4214,-0.058523453968757,-0.027163342050006,-3.0819687767933,5.2178840488832,0
2896,-0.075280205499464,-0.032903916055632,-3.0803678989174,3.6406145709401,0
4562,0.038998427164172,0.0062273330519018,-3.0803183215286,8.4042855547679,0
2913,-0.062404625040434,-0.029356644101479,-3.0768205859717,2.2236994524824,0
4129,-0.066928017283386,-0.029823177628057,-3.0762598875844,4.7406074322107,0
4607,0.065467504008401,0.015795544137532,-3.0761327554045,9.020245115856,0
4473,-0.0013607205170589,-0.008911682419712,-3.0747992254069,7.3229605210895,0
2897,-0.075097073627239,-0.032995455772761,-3.0705190741903,3.7694250362548,0
4429,-0.016508950978836,-0.014144520655225,-3.0689575555119,6.8561741129669,0
4517,0.015533266800428,-0.002800577960748,-3.0678027415281,7.8026210668708,0
2914,-0.064220899034875,-0.030166343558044,-3.0673173340421,2.3525099177962,0
5452,0.11274162754051,0.027291503253932,-3.0652145700664,9.56604985158,0
4299,-0.046659246458268,-0.023997094716377,-3.0613393227402,5.7393491483724,0
2898,-0.074696073956858,-0.033026363817685,-3.0606702494631,3.8982355015695,0
4342,-0.038400321158344,-0.021398262583511,-3.0604382738482,6.0655684939049,0
4171,-0.063992226645244,-0.029416075254508,-3.0595935413441,4.9276036763618,0
2915,-0.065947133392151,-0.030933567548002,-3.0578140821125,2.48132038311,0
4256,-0.054099695983244,-0.026516205042876,-3.0537083161883,5.4252204583479,0
252,-1.1891599562662,0.0056629401217069,-3.0519341527837,0.062500002000119,0
253,-1.0508485997507,0.011363111002787,-3.0519341527837,0.18750000600041,0
254,-0.87874843868679,0.014555404851679,-3.0519341527837,0.31250001000044,0
255,-0.69884161839711,0.013668017108144,-3.0519341527837,0.43750001400015,0
1060,-0.52708063025099,0.0094805427736001,-3.0519341527837,0.56250001800003,0
1063,-0.1526625684086,-0.012365232795627,-3.0519341527837,0.93750003000006,0
1061,-0.37369930104979,0.0027809667529994,-3.0519341527837,0.68750002200011,0
1062,-0.24614229589665,-0.0050395620216329,-3.0519341527837,0.81250002600014,0
2899,-0.074080871728436,-0.032998529044092,-3.050821424736,4.0270459668842,0
4385,-0.029506596614327,-0.018789450066315,-3.050667584528,6.4031975552476,0
2916,-0.067560923719693,-0.031652327735348,-3.0483108301828,2.6101308484237,0
4561,0.034002006878981,0.0036502905165723,-3.0476015247175,8.2942104100147,0
2932,-0.090803443038997,-0.018333197009253,-3.0473553132176,1.0644052646571,0
4606,0.059919919909864,0.013136560896699,-3.0449926234539,8.908509620791,0
2900,-0.073256984302735,-0.032912427915716,-3.0409726000089,4.1558564321988,0
4472,-0.0053540606975996,-0.011158008095855,-3.0390255855057,7.2164402285286,0
2917,-0.069041179207929,-0.032317472853739,-3.0388075782532,2.7389413137377,0
2933,-0.058010897650453,-0.02232621660243,-3.0381976340854,1.1932157299713,0
4213,-0.060430120713203,-0.028875445676566,-3.037899601453,5.1238546661012,0
5447,0.028072559496205,0.0010858740032266,-3.0357591509216,10.106004823712,0
4516,0.011198062681406,-0.005244928268341,-3.0335409577386,7.6942845242916,0
5451,0.098672746093178,0.023181077316614,-3.0333749728571,9.4712329353017,0
4428,-0.019876762238249,-0.016150513992798,-3.0317066318192,6.7515470872843,0
2901,-0.07223289060431,-0.032774989479214,-3.0311237752817,4.2846668975135,0
4128,-0.068095014375563,-0.031878086071891,-3.0297544381707,4.6513311846036,0
2918,-0.0703684799073,-0.032924686266937,-3.0293043263235,2.8677517790521,0
2934,-0.047940029350027,-0.024234423787142,-3.0290399549531,1.3220261952853,0
2902,-0.07102299550258,-0.032612086153951,-3.0212749505546,4.4134773628281,0
4341,-0.041165968557859,-0.023283004068827,-3.0203422047901,5.96495639507,0
2935,-0.048410959280231,-0.025149487272585,-3.0198822758209,1.4508366605993,0
4298,-0.049183050400898,-0.025840128977059,-3.0198782129975,5.6408573146705,0
2919,-0.07152540841488,-0.033470489178668,-3.0198010743938,2.9965622443668,0
4560,0.029142897792427,0.0011015873734662,-3.0148847279064,8.1841352652615,0
4170,-0.065424822640511,-0.031050619715215,-3.0142840796094,4.8359149290584,0
4605,0.054514461556189,0.010471549047774,-3.0138524915032,8.7967741257259,0
4384,-0.032475076497991,-0.020703606001049,-3.0119753788016,6.3005401555647,0
2903,-0.069638002939638,-0.032397784700895,-3.0114261258274,4.5422878281427,0
4255,-0.056280727171872,-0.028288732709587,-3.010922378859,5.3289231174599,0
2936,-0.050245027940863,-0.026088808381418,-3.0107245966887,1.5796471259133,0
2920,-0.072496836671218,-0.033952238824513,-3.0102978224641,3.1253727096816,0
5446,0.11762127968387,0.033055085094834,-3.0057866472767,10.010578996823,0
4471,-0.0091732325533986,-0.013324696300144,-3.0032519456047,7.109919935968,0
2937,-0.052224160671988,-0.02706540183009,-3.0015669175565,1.7084575912273,0
5450,0.087309328303998,0.019850896377684,-3.0015353756481,9.3764160190237,0
2921,-0.073270152268171,-0.034368116301579,-3.0007945705344,3.2541831749962,0
4515,0.006948607535423,-0.0076494229201467,-2.9992791739491,7.5859479817125,0
4427,-0.023119876347525,-0.018122437489069,-2.9944557081268,6.6469200616021,0
4212,-0.062172021102508,-0.030555350181492,-2.9938304261127,5.0298252833192,0
2938,-0.054242373387942,-0.028041032945127,-2.9924092384243,1.8372680565412,0
2922,-0.073835412747154,-0.034717098008866,-2.9912913186047,3.3829936403109,0
2939,-0.056268385898335,-0.029008769001828,-2.9832515592921,1.9660785218549,0
4604,0.049192150543765,0.0078191739946049,-2.9827123595526,8.685038630661,0
4559,0.024424382309614,-0.0014205634171776,-2.9821679310952,8.0740601205083,0
2923,-0.074185419648321,-0.034998899583402,-2.981788066675,3.5118041056255,0
4340,-0.043857758804294,-0.025160760292087,-2.9802461357322,5.8643442962352,0
4297,-0.0515996798226,-0.027666314318105,-2.9784171032548,5.5423654809686,0
5445,0.14426530300889,0.034924731823904,-2.9758141436318,9.9151531699342,0
2940,-0.058277984251051,-0.029958410311685,-2.9740938801599,2.0948889871686,0
4383,-0.035372704423503,-0.022609706394792,-2.9732831730751,6.1978827558819,0
2924,-0.074315716344929,-0.035213918129651,-2.9722848147453,3.6406145709401,0
5449,0.078550108469314,0.017062253229,-2.9696957784391,9.2815991027457,0
4169,-0.066655461594508,-0.032520718435957,-2.9689746178747,4.744226181755,0
4254,-0.058315319771355,-0.030032839257497,-2.9681364415298,5.2326257765719,0
4470,-0.012824037405476,-0.015426682079307,-2.9674783057037,7.0033996434071,0
4514,0.0027670565185569,-0.01006928516117,-2.9650173901596,7.4776114391332,0
2941,-0.060247300197768,-0.030880901691869,-2.9649362010277,2.2236994524824,0
2925,-0.07422454490204,-0.035363281733296,-2.9627815628156,3.7694250362548,0
4426,-0.026255448791312,-0.020069118103918,-2.9572047844344,6.5422930359202,0
2942,-0.06215259492415,-0.031768230983555,-2.9557785218956,2.3525099177962,0
2926,-0.073912767946817,-0.035448838969139,-2.9532783108859,3.8982355015695,0
4603,0.043958929494646,0.0051802806862321,-2.9515722276021,8.5733031355964,0
4211,-0.063738430003249,-0.032196315598161,-2.9497612507724,4.9357959005371,0
4558,0.019842935620422,-0.0039185430468851,-2.9494511342841,7.9639849757551,0
2943,-0.063970547076673,-0.032613237555594,-2.9466208427634,2.48132038311,0
5444,0.14260452952046,0.031499931788671,-2.9458416399868,9.8197273430454,0
2927,-0.073383574666998,-0.035472143671306,-2.9437750589562,4.0270459668842,0
4339,-0.046465495212614,-0.027028929974073,-2.9401500666742,5.7637321974004,0
5448,0.071744065633973,0.014468471679042,-2.9378561812299,9.1867821864674,0
2944,-0.065678613015291,-0.033409576956378,-2.9374631636312,2.6101308484238,0
4296,-0.053893655836593,-0.02947048038903,-2.9369559935121,5.4438736472667,0
256,-1.2045317406957,0.0058512968136682,-2.9367668262641,0.062500002000119,0
257,-1.0620372254025,0.01177281160795,-2.9367668262641,0.18750000600041,0
258,-0.88479178522214,0.015045717307919,-2.9367668262641,0.31250001000044,0
1064,-0.5237563389715,0.0095198358405275,-2.9367668262641,0.56250001800003,0
1065,-0.36718086680569,0.0023890600863359,-2.9367668262641,0.68750002200009,0
1067,-0.14495453170386,-0.013432854765824,-2.9367668262641,0.93750003000005,0
259,-0.69982593158067,0.014020780536497,-2.9367668262641,0.43750001400015,0
1066,-0.23828017370947,-0.0058434826842673,-2.9367668262641,0.81250002600011,0
4382,-0.038202798051203,-0.024510877223303,-2.9345909673487,6.095225356199,0
2928,-0.072642062818667,-0.035433779743303,-2.9342718070265,4.1558564321988,0
2960,-0.084337536560312,-0.019500597368052,-2.9323607730967,1.0644052646571,0
4469,-0.016319844261094,-0.017473091065768,-2.9317046658026,6.8968793508461,0
4513,-0.0013209954960855,-0.012388466907763,-2.93075560637,7.3692748965539,0
2945,-0.067255412734143,-0.034151719081498,-2.928305484499,2.7389413137377,0
4253,-0.060189949710192,-0.031743512347884,-2.9253505042006,5.1363284356839,0
2929,-0.071696352543392,-0.035341807741445,-2.9247685550968,4.2846668975135,0
4168,-0.067759697914515,-0.034546974379497,-2.9236651561399,4.6525374344517,0
2961,-0.053322964630838,-0.02344879293199,-2.9235486667619,1.1932157299713,0
4602,0.038831858739681,0.0025628454325167,-2.9204320956515,8.4615676405314,0
4425,-0.029299747417097,-0.021999202824548,-2.9199538607422,6.4376660102382,0
2946,-0.068681114466507,-0.034834964837165,-2.9191478053668,2.8677517790521,0
4557,0.015391231788691,-0.006393325016131,-2.916734337473,7.853909831002,0
5443,0.1303163339653,0.026579975884072,-2.9158691363418,9.7243015161566,0
2930,-0.070559850745938,-0.03521924100623,-2.9152653031671,4.4134773628281,0
2962,-0.044732598317768,-0.025296497078146,-2.9147365604272,1.3220261952853,0
2947,-0.069937795731558,-0.03545546495976,-2.9099901262345,2.9965622443669,0
4647,0.065482756690815,0.011941468841278,-2.907169756032,9.082715219984,0
2963,-0.045590058153257,-0.026241152040861,-2.9059244540924,1.4508366605993,0
2931,-0.069241950547845,-0.035029853243475,-2.9057620512374,4.5422878281427,0
4210,-0.065123260273448,-0.033814667614373,-2.9056920754321,4.841766517755,0
2948,-0.071009760308745,-0.036010230362127,-2.9008324471022,3.1253727096816,0
4338,-0.048975806338022,-0.028883114384845,-2.9000539976162,5.6631200985656,0
2964,-0.047525272102741,-0.027252805734663,-2.8971123477576,1.5796471259133,0
4512,-0.0052627013669077,-0.014615199262744,-2.8964938225805,7.2609383539749,0
4468,-0.01967645575694,-0.0194762470464,-2.8959310259015,6.7903590582853,0
4381,-0.04096309220261,-0.026407608677901,-2.8958987616223,5.9925679565163,0
4295,-0.056049331705837,-0.03124689775362,-2.8954948837693,5.3453818135647,0
2949,-0.071883793950459,-0.036497128183679,-2.89167476797,3.2541831749963,0
4601,0.033828402245432,-2.7945749439492e-05,-2.8892919637008,8.3498321454663,0
2965,-0.049586949417334,-0.028296067724778,-2.8883002414228,1.7084575912273,0
5442,0.11555086825207,0.022103662564508,-2.8858966326968,9.6288756892678,0
4556,0.011059990353099,-0.0088381892166012,-2.8840175406619,7.7438346862489,0
4424,-0.032265208741677,-0.023919724767541,-2.8827029370498,6.3330389845559,0
4252,-0.061892494173272,-0.033415915704735,-2.8825645668715,5.040031094796,0
2950,-0.072549345306468,-0.036914856168841,-2.8825170888377,3.3829936403109,0
2966,-0.051685873275052,-0.029341009948949,-2.8794881350881,1.8372680565411,0
4646,0.05975659887782,0.0093135896156145,-2.8776365028454,8.9693982032956,0
2951,-0.072998622427454,-0.037262886578214,-2.8733594097055,3.5118041056255,0
2967,-0.053793584912968,-0.030380119490418,-2.8706760287533,1.9660785218549,0
2952,-0.073226609446203,-0.037541415639608,-2.8642017305732,3.6406145709401,0
4511,-0.0090416250827221,-0.016771516212428,-2.862232038791,7.152601811396,0
2968,-0.055886843549162,-0.031403017291064,-2.8618639224186,2.0948889871686,0
4209,-0.066300773887989,-0.035271339144192,-2.8616229000918,4.747737134973,0
4467,-0.022910825974116,-0.021447589558939,-2.8601573860006,6.683838765725,0
4337,-0.051373286334726,-0.030717604006298,-2.8599579285583,5.5625079997309,0
4600,0.028960743628831,-0.0025906759742498,-2.8581518317501,8.2380966504011,0
4380,-0.043646194024771,-0.028297887623773,-2.8572065558959,5.8899105568337,0
5441,0.10157570905535,0.018357435113685,-2.8559241290519,9.5334498623795,0
2953,-0.073231034938297,-0.037751411708398,-2.855044051441,3.7694250362548,0
4294,-0.058051664617917,-0.032989624221868,-2.8540337740265,5.2468899798628,0
2969,-0.057942369742277,-0.032400421215171,-2.8530518160838,2.2236994524824,0
4555,0.0068325221862317,-0.011233509857652,-2.8513007438509,7.6337595414957,0
4645,0.054282702988321,0.0066658810564384,-2.8481032496588,8.8560811866069,0
5437,0.018830400187494,-0.0025666810515388,-2.8459052842671,10.16833077544,0
2954,-0.073012281831107,-0.03789451615728,-2.8458863723087,3.8982355015695,0
4423,-0.035159405853744,-0.025835556805279,-2.8454520133573,6.2284119588736,0
2970,-0.059936760086649,-0.033363988711777,-2.8442397097491,2.3525099177962,0
4251,-0.063412016559251,-0.035043266167573,-2.8397786295422,4.943733753908,0
2955,-0.072573073497114,-0.037971969137611,-2.8367286931764,4.0270459668842,0
2971,-0.061846803246356,-0.034286163222984,-2.8354276034143,2.48132038311,0
4510,-0.012662870541497,-0.018868015495838,-2.8279702550016,7.0442652688169,0
2956,-0.071918114119308,-0.037984513018498,-2.8275710140442,4.1558564321988,0
4599,0.024234160100733,-0.0051255937596378,-2.8270116997994,8.1263611553359,0
2972,-0.063649865427082,-0.035160162643642,-2.8266154970796,2.6101308484238,0
5440,0.089680596154505,0.015281663941266,-2.8259516254073,9.4380240354916,0
4466,-0.026040038949963,-0.023397283845563,-2.8243837460998,6.577318473165,0
261,-1.0736148691681,0.012192448595974,-2.8215994997445,0.18750000600041,0
260,-1.2204351678444,0.0060301920477639,-2.8215994997445,0.062500002000119,0
262,-0.89097013338869,0.015554761002848,-2.8215994997445,0.31250001000044,0
1068,-0.52008235016243,0.0095414782101925,-2.8215994997445,0.56250001800002,0
1069,-0.36018523381246,0.0019453656587776,-2.8215994997445,0.68750002200006,0
1071,-0.13694723344758,-0.014581408680215,-2.8215994997445,0.93750003000004,0
263,-0.70067569167314,0.014382449356183,-2.8215994997445,0.43750001400015,0
1070,-0.22998894506356,-0.0067254537615029,-2.8215994997445,0.81250002600009,0
4336,-0.053641650217993,-0.032525881045046,-2.8198618595003,5.4618959008961,0
4554,0.0026980875312668,-0.013636088518764,-2.8185839470398,7.5236843967425,0
4644,0.048937713442349,0.0040181393947081,-2.8185699964723,8.7427641699186,0
4379,-0.046240575226398,-0.030177499052208,-2.8185143501695,5.787253157151,0
2957,-0.071055174295587,-0.037941159269409,-2.8184133349119,4.2846668975135,0
5436,0.10601900728578,0.025083181798262,-2.817811480698,10.072332715794,0
2973,-0.065324303885672,-0.035979999516066,-2.8178033907448,2.7389413137377,0
4208,-0.067335677913914,-0.037259121593483,-2.8175537247515,4.653707752191,0
2988,-0.077725419033875,-0.020729694914409,-2.8173662329759,1.0644052646571,0
4293,-0.059886787331956,-0.034692790822674,-2.8125726642838,5.1483981461608,0
2958,-0.069996761872683,-0.037862138440838,-2.8092556557797,4.4134773628281,0
2974,-0.066849882170091,-0.036740516854789,-2.80899128441,2.8677517790522,0
2989,-0.04859144782176,-0.02460706990336,-2.8088996994385,1.1932157299713,0
4422,-0.037984306934141,-0.027748804256977,-2.8082010896648,6.1237849331913,0
2990,-0.041446993691828,-0.026382836725345,-2.8004331659012,1.3220261952853,0
2975,-0.068208164044074,-0.037437423015624,-2.8001791780752,2.9965622443669,0
2959,-0.068751260978347,-0.037702735135184,-2.8000979766474,4.5422878281427,0
4250,-0.064741781193263,-0.036638325345182,-2.796992692213,4.8474364130199,0
5439,0.080129581572107,0.012676422438308,-2.7959791217626,9.3425982086037,0
4598,0.019648244341935,-0.0076328987572086,-2.7958715678488,8.0146256602707,0
4509,-0.016136925324493,-0.020913783057095,-2.7937084712121,6.9359287262377,0
2991,-0.042630983291895,-0.027354718140465,-2.7919666323638,1.4508366605993,0
2976,-0.06938286431981,-0.03806731485175,-2.7913670717404,3.1253727096816,0
5435,0.13652873592563,0.027494279873235,-2.7897176771288,9.9763346561482,0
4643,0.043698433289778,0.0013763489387619,-2.7890367432858,8.6294471532304,0
4465,-0.029079363189667,-0.025334226008663,-2.788610106199,6.4707981806049,0
4553,-0.001325287419209,-0.015936534320583,-2.7858671502286,7.4136092519893,0
2992,-0.044664308925816,-0.02842770412071,-2.7835000988265,1.5796471259133,0
2977,-0.07036013773714,-0.038627682688882,-2.7825549654056,3.2541831749963,0
4378,-0.048731725255835,-0.032040448802129,-2.7798221444432,5.6845957574683,0
4335,-0.055764699966298,-0.034301046317313,-2.7797657904423,5.3612838020613,0
2993,-0.046807661360914,-0.029529932937282,-2.7750335652892,1.7084575912273,0
2978,-0.071128790347954,-0.039116888650398,-2.7737428590707,3.3829936403109,0
4292,-0.061542366794839,-0.036350809292785,-2.7711115545411,5.0499063124589,0
4421,-0.040736178454346,-0.029658567268293,-2.7709501659724,6.019157907509,0
2994,-0.048986388341904,-0.030637823603524,-2.7665670317518,1.8372680565411,0
5438,0.072586177690526,0.010225333752644,-2.7660066181178,9.2471723817155,0
2979,-0.071680402473919,-0.039534112647878,-2.7649307527359,3.5118041056255,0
4597,0.015199605044936,-0.010111152125212,-2.7647314358981,7.9028901652056,0
5434,0.14021244990675,0.024632132910126,-2.7616238735596,9.8803365965023,0
4642,0.038570427951011,-0.0012488828781157,-2.7595034900993,8.516130136542,0
4508,-0.019476872652326,-0.022919495650428,-2.7594466874226,6.8275921836587,0
2995,-0.051174734202963,-0.031743271622092,-2.7581004982145,1.9660785218549,0
2980,-0.072009367885415,-0.039879310326027,-2.7561186464011,3.6406145709402,0
4249,-0.06585888160653,-0.038073743584835,-2.7542067548838,4.751139072132,0
4552,-0.0052082361161298,-0.018160899304851,-2.7531503534175,7.3035341072364,0
4464,-0.032040215330415,-0.027265264013047,-2.7528364662982,6.3642778880445,0
2996,-0.053350589367914,-0.032835599778342,-2.7496339646772,2.0948889871686,0
2981,-0.072112875771649,-0.040153254968992,-2.7473065400663,3.7694250362548,0
2997,-0.055491407044605,-0.033905183592365,-2.7411674311399,2.2236994524824,0
4377,-0.051103376088352,-0.033879523598769,-2.7411299387168,5.5819383577857,0
4334,-0.057727083300766,-0.036036186363595,-2.7396697213843,5.2606717032265,0
2982,-0.07199081184458,-0.040357351780614,-2.7384944337315,3.8982355015695,0
4687,0.06569972875628,0.0078052526908371,-2.7370715488038,9.1420498881778,0
4420,-0.043406197720709,-0.031561146742572,-2.73369924228,5.9145308818269,0
4596,0.010883043052003,-0.01255253511395,-2.7335913039475,7.7911546701405,0
5433,0.13136538352886,0.020329270051258,-2.7335300699904,9.7843385368565,0
2998,-0.057574231757209,-0.034943248742985,-2.7327008976026,2.3525099177962,0
4641,0.033566890651592,-0.0038503405222109,-2.7299702369127,8.4028131198533,0
2983,-0.071645433631168,-0.040492542255934,-2.7296823273966,4.0270459668842,0
4291,-0.063007418598197,-0.037956828447614,-2.7296504447983,4.9514144787569,0
4507,-0.02269857143037,-0.024896547193274,-2.7251849036332,6.7192556410802,0
2999,-0.059576044935144,-0.03594174752714,-2.7242343640653,2.48132038311,0
2984,-0.071081066069546,-0.040559756228124,-2.7208702210618,4.1558564321988,0
4551,-0.0089406954495051,-0.020321036585219,-2.7204335566065,7.1934589624835,0
4463,-0.034928750219361,-0.029194377646972,-2.7170628263972,6.2577575954841,0
3000,-0.061474177939919,-0.036893369652079,-2.7157678305279,2.6101308484238,0
2985,-0.070305135400568,-0.040568783136804,-2.712058114727,4.2846668975135,0
4248,-0.066817961933879,-0.040012362664623,-2.7114208175546,4.654841731244,0
4686,0.059644932468601,0.0052623063483314,-2.7091739138207,9.0272307279908,0
3001,-0.063246756207139,-0.037791583706986,-2.7073012969906,2.7389413137378,0
264,-1.2368689129723,0.0061930945063112,-2.7064321732249,0.062500002000119,0
265,-1.0855983468639,0.012619112637354,-2.7064321732249,0.18750000600041,0
266,-0.89728869446645,0.016082555519108,-2.7064321732249,0.31250001000044,0
267,-0.70137437924996,0.014752456474059,-2.7064321732249,0.43750001400015,0
1072,-0.51602521480807,0.0095408911934049,-2.7064321732249,0.56250001800001,0
1073,-0.35267303488901,0.0014400548431263,-2.7064321732249,0.68750002200004,0
1074,-0.22124528086025,-0.0076958244265344,-2.7064321732249,0.81250002600007,0
1075,-0.12863968697123,-0.015816295587003,-2.7064321732249,0.93750003000004,0
5432,0.1183039086917,0.016338351790873,-2.7054362664212,9.6883404772106,0
2986,-0.069329332473017,-0.040537169490373,-2.7032460083922,4.4134773628281,0
4595,0.0066859788652324,-0.014938129170817,-2.7024511719969,7.6794191750753,0
4376,-0.053338664543025,-0.035686861152618,-2.7024377329905,5.4792809581031,0
3016,-0.070982746331174,-0.02202052771909,-2.7023716928549,1.0644052646571,0
4640,0.028699431713078,-0.0064246984224476,-2.700436983726,8.2894961031646,0
4333,-0.059514809155707,-0.037724651852929,-2.6995736523263,5.1600596043916,0
3002,-0.06487314848801,-0.038630691914207,-2.6988347634532,2.8677517790522,0
4419,-0.045981549621211,-0.033450522038823,-2.6964483185876,5.8099038561448,0
2987,-0.068161262013331,-0.040413219687086,-2.6944339020574,4.5422878281427,0
3017,-0.043833358787373,-0.025797781006956,-2.694250732115,1.1932157299712,0
4506,-0.025818214480209,-0.026855582349752,-2.690923119844,6.610919098502,0
3003,-0.066334397230934,-0.039405881200852,-2.6903682299159,2.9965622443669,0
4290,-0.064274763720207,-0.039520404246608,-2.6881893350555,4.8529226450549,0
4550,-0.012525040434871,-0.022423477165151,-2.6877167597954,7.0833838177305,0
3018,-0.038082292604415,-0.027488425858953,-2.6861297713751,1.3220261952853,0
3004,-0.067613606980852,-0.040113259570114,-2.6819016963785,3.1253727096816,0
4462,-0.037745237340413,-0.031122209373015,-2.6812891864963,6.1512373029237,0
4685,0.054020459957156,0.002668089834919,-2.6812762788376,8.9124115678036,0
3019,-0.039541301618019,-0.02848420723999,-2.6780088106352,1.4508366605993,0
5431,0.10484442580896,0.012955435216199,-2.677342462852,9.5923424175653,0
3005,-0.068696270187291,-0.040749870556764,-2.6734351628411,3.2541831749963,0
4594,0.0025987327273866,-0.017322928109951,-2.6713110400462,7.5676836800101,0
4639,0.023974909901204,-0.0089702047363525,-2.6709037305395,8.1761790864759,0
3020,-0.041669212041294,-0.029606124442661,-2.6698878498953,1.5796471259133,0
3006,-0.069570512896876,-0.041313676533281,-2.6649686293037,3.3829936403109,0
4375,-0.055421099228561,-0.037454445758407,-2.663745527264,5.3766235584203,0
3021,-0.04389248617586,-0.030758353042634,-2.6617668891554,1.7084575912272,0
4332,-0.061115535845242,-0.039360208572367,-2.6594775832683,5.0594475055569,0
4418,-0.04844672079357,-0.035318970941267,-2.6591973948952,5.7052768304627,0
4505,-0.028849822437607,-0.02880551037888,-2.6566613360548,6.5025825559236,0
3007,-0.07022724818761,-0.041803508838071,-2.6565020957663,3.5118041056255,0
4549,-0.015969289033227,-0.024476926244793,-2.6549999629843,6.9733086729773,0
5427,0.0091542862710727,-0.0066374426016166,-2.6549175430249,10.227090428839,0
3022,-0.046149162187514,-0.031921812239888,-2.6536459284155,1.8372680565411,0
4684,0.04861329701501,4.7897113437078e-05,-2.6533786438545,8.7975924076166,0
5430,0.092674452566259,0.010160302132648,-2.6492486592831,9.4963443579203,0
3008,-0.070660241514733,-0.042219035012857,-2.648035562229,3.6406145709402,0
4289,-0.06532420701616,-0.040925600216145,-2.6467282253128,4.7544308113529,0
3023,-0.048416133395886,-0.033087712257436,-2.6455249676757,1.9660785218548,0
4461,-0.040484215544823,-0.033046037312248,-2.6455155465954,6.0447170103634,0
4638,0.019395724608757,-0.011484947102252,-2.6413704773529,8.0628620697872,0
4593,-0.0013657990817063,-0.019614480217048,-2.6401709080955,7.4559481849449,0
3009,-0.070866108727532,-0.042560790042171,-2.6395690286916,3.7694250362548,0
3024,-0.050672592407964,-0.034244954580456,-2.6374040069358,2.0948889871686,0
3010,-0.070844212229514,-0.042829908429125,-2.6311024951542,3.8982355015695,0
3025,-0.052896881247287,-0.035383445875422,-2.6292830461959,2.2236994524824,0
5426,0.092706702244264,0.016952171816859,-2.6287133271425,10.13055703482,0
4683,0.043351687119105,-0.0025832934172279,-2.6254810088715,8.6827732474299,0
4374,-0.057335274254025,-0.039174486585176,-2.6250533215376,5.2739661587377,0
3011,-0.070596334182192,-0.043027040128913,-2.6226359616168,4.0270459668842,0
4504,-0.031803147821839,-0.030752482504771,-2.6223995522655,6.394246013345,0
4548,-0.019285852161348,-0.026492846084602,-2.6222831661733,6.8632335282243,0
4417,-0.050784795739941,-0.037157743739533,-2.6219464712028,5.6006498047806,0
3026,-0.055066615277331,-0.036493867433319,-2.621162085456,2.3525099177962,0
5429,0.082411497400232,0.0077871045786346,-2.6211548557142,9.4003462982754,0
4331,-0.062518395802362,-0.040935952821337,-2.6193815142103,4.958835406722,0
3012,-0.070126424642383,-0.043153312404136,-2.6141694280794,4.1558564321988,0
3027,-0.057159059783834,-0.037567575579174,-2.6130411247162,2.48132038311,0
4637,0.014961677428846,-0.013965658440567,-2.6118372241663,7.9495450530986,0
4460,-0.043135319265509,-0.034960172522661,-2.6097419066945,5.9381967178032,0
4592,-0.005191505933796,-0.021839371085118,-2.6090307761448,7.34421268988,0
3013,-0.069441565884037,-0.04321912596261,-2.605702894542,4.2846668975134,0
4288,-0.066201108051153,-0.042803377054045,-2.60526711557,4.655938977651,0
3028,-0.059151573055374,-0.038596632812957,-2.6049201639763,2.6101308484238,0
5425,0.12696056893608,0.019965123735751,-2.6025091112602,10.0340236408,0
4682,0.038218655040757,-0.0052088186580321,-2.5975833738884,8.5679540872429,0
3014,-0.06855269569636,-0.043239452909861,-2.5972363610047,4.4134773628281,0
3029,-0.061022084331793,-0.039573869529578,-2.5967992032364,2.7389413137378,0
5428,0.074044950886499,0.0055411863867052,-2.5930610521452,9.3043482386301,0
270,-0.90375357285196,0.016629058587932,-2.5912648467052,0.31250001000044,0
268,-1.2538226508694,0.0063316894640155,-2.5912648467052,0.062500002000119,0
269,-1.0980051600326,0.013048700672044,-2.5912648467052,0.18750000600041,0
271,-0.70190287185274,0.015130236046732,-2.5912648467052,0.43750001400015,0
1076,-0.51154642247771,0.0095125369590951,-2.5912648467052,0.562500018,0
1077,-0.34460010801574,0.00086253083755455,-2.5912648467052,0.68750002200002,0
1078,-0.21202674039202,-0.0087655290801922,-2.5912648467052,0.81250002600004,0
1079,-0.12003488068727,-0.017143632110987,-2.5912648467052,0.93750003000003,0
4547,-0.022489636798701,-0.028483330720165,-2.5895663693623,6.7531583834719,0
3015,-0.067466814314187,-0.043156915442633,-2.5887698274673,4.5422878281427,0
3030,-0.062749580555836,-0.040492957112113,-2.5886782424965,2.8677517790522,0
4503,-0.03468234216959,-0.032699072693756,-2.5881377684761,6.2859094707664,0
3044,-0.064129847206456,-0.023372921832874,-2.587377152734,1.0644052646571,0
4373,-0.059067310923853,-0.04083967409827,-2.5863611158112,5.1713087590549,0
4416,-0.052978614746913,-0.038957701400515,-2.5846955475104,5.4960227790985,0
4636,0.010670151310393,-0.016404201599637,-2.5823039709797,7.83622803641,0
3031,-0.064314576877082,-0.041348474970895,-2.5805572817565,2.9965622443669,0
3045,-0.039068284885952,-0.027016838526445,-2.5796017647915,1.1932157299712,0
4330,-0.06371596236312,-0.042458606005451,-2.5792854451523,4.8582233078871,0
4591,-0.008872966287981,-0.024005965228241,-2.5778906441943,7.2324771948152,0
5424,0.13599223858921,0.017649108421508,-2.5763048953778,9.9374902467809,0
4459,-0.045684524376628,-0.036856632644768,-2.5739682667936,5.8316764252429,0
3032,-0.065699546327701,-0.042135960173115,-2.5724363210166,3.1253727096817,0
3046,-0.034639221737723,-0.028607521973507,-2.571826376849,1.3220261952853,0
4681,0.033217607433456,-0.0078171107733204,-2.5696857389052,8.4531349270556,0
4727,0.066324623353633,0.0032984368661557,-2.5658967694658,9.1982285069573,0
3033,-0.066889286259571,-0.042851931695408,-2.5643153602766,3.2541831749963,0
3047,-0.036330409888436,-0.029622113898477,-2.5640509889066,1.4508366605993,0
4546,-0.025595461246097,-0.030459359684134,-2.5568495725515,6.6430832387198,0
3048,-0.038548799051447,-0.030779158379838,-2.5562756009641,1.5796471259133,0
3034,-0.06787120212704,-0.043493879708505,-2.5561943995367,3.3829936403109,0
4502,-0.037485556603089,-0.034643974529316,-2.5538759846868,6.1775729281878,0
4635,0.0065106461213823,-0.018783278467403,-2.5527707177932,7.7229110197214,0
5423,0.131262622859,0.01384114332288,-2.5501006794953,9.8409568527613,0
3049,-0.040849229831204,-0.031971053948671,-2.5485002130217,1.7084575912272,0
3035,-0.06863549537459,-0.044060221834657,-2.5480734387968,3.5118041056255,0
4372,-0.060605063497038,-0.042443270220471,-2.5476689100849,5.0686513593723,0
4415,-0.055011692154552,-0.040709836903013,-2.547444623818,5.3913957534163,0
4590,-0.012413136162679,-0.026118169428232,-2.5467505122437,7.1207416997501,0
4680,0.028356830053789,-0.010401503001923,-2.5417881039221,8.3383157668684,0
3050,-0.04318091421448,-0.033181583492915,-2.5407248250792,1.8372680565411,0
3036,-0.069175258625141,-0.044550280172861,-2.5399524780568,3.6406145709402,0
4726,0.059738786572923,0.00091246633944165,-2.5396620076763,9.0819871032568,0
4329,-0.064690612667847,-0.043823338146858,-2.5391893760943,4.7576112090522,0
4458,-0.048115532163454,-0.038725930616955,-2.5381946268928,5.7251561326827,0
3051,-0.04552341358015,-0.034401107828477,-2.5329494371368,1.9660785218548,0
3037,-0.069486492520538,-0.044964298258227,-2.5318315173169,3.7694250362548,0
3052,-0.047857410931064,-0.03561797525304,-2.5251740491944,2.0948889871686,0
4545,-0.028615399698597,-0.032429392172559,-2.5241327757407,6.5330080939675,0
5422,0.12055093361558,0.010208079814132,-2.5238964636129,9.7444234587418,0
3038,-0.069568001459768,-0.045303097629561,-2.5237105565769,3.8982355015695,0
4634,0.0024713292107516,-0.021157754154181,-2.5232374646066,7.6095940030327,0
4501,-0.040205386883091,-0.036582247742445,-2.5196142008974,6.0692363856092,0
3053,-0.050162307148785,-0.036821487489815,-2.5173986612519,2.2236994524824,0
4589,-0.01582069606115,-0.028184658145179,-2.515610380293,7.0090062046849,0
3039,-0.069421073272503,-0.045567034314884,-2.515589595837,4.0270459668842,0
4679,0.0236432837338,-0.012957521527799,-2.5138904689389,8.2234966066811,0
4725,0.053826085884845,-0.0015719402040213,-2.5134272458868,8.9657456995562,0
4414,-0.056868848576587,-0.042405640347039,-2.5101937001256,5.2867687277342,0
3054,-0.052416422698852,-0.038001658395051,-2.5096232733095,2.3525099177962,0
4371,-0.061937939151487,-0.043978376427685,-2.5089767043585,4.9659939596895,0
3040,-0.069049277742001,-0.045757425433586,-2.5074686350971,4.1558564321988,0
4457,-0.050411081598624,-0.040557856307548,-2.5024209869919,5.6186358401225,0
3055,-0.054597406624118,-0.039149134523774,-2.5018478853671,2.48132038311,0
3041,-0.068459346726548,-0.045885119437299,-2.4993476743571,4.2846668975134,0
4328,-0.065479190594938,-0.045627485390869,-2.4990933070363,4.6569991102174,0
5421,0.10814599403539,0.0070898275154075,-2.4976922477306,9.6478900647227,0
3056,-0.056682712644469,-0.040255244441239,-2.4940724974246,2.6101308484238,0
4633,-0.0014379874824649,-0.023447425950483,-2.49370421142,7.496276986344,0
4544,-0.031556773985843,-0.034398217213565,-2.4914159789299,6.4229329492149,0
3042,-0.067661509529331,-0.045962626957846,-2.4912267136172,4.4134773628281,0
4724,0.048276542228708,-0.00412532812362,-2.4871924840973,8.8495042958558,0
3057,-0.058650114464568,-0.041312079311752,-2.4862971094822,2.7389413137378,0
4678,0.019081250117608,-0.015480928073439,-2.4859928339558,8.1086774464938,0
4500,-0.042829928063584,-0.038505976624627,-2.4853524171082,5.9608998430308,0
4588,-0.019107979298409,-0.030217589128482,-2.4844702483424,6.89727070962,0
3043,-0.066662294716674,-0.04592804031911,-2.4831057528773,4.5422878281427,0
3058,-0.06047823382242,-0.042312583269473,-2.4785217215397,2.8677517790522,0
272,-1.2712742350467,0.0064357085603125,-2.4760975201855,0.062500002000119,0
273,-1.1108536400913,0.013475595571186,-2.4760975201855,0.18750000600041,0
274,-0.91037225588965,0.017194294484087,-2.4760975201855,0.31250001000044,0
275,-0.70223902101574,0.015515484404678,-2.4760975201855,0.43750001400015,0
1080,-0.50660156002053,0.0094496382277236,-2.4760975201855,0.56250001799999,0
1081,-0.33591750175495,0.00020042716860751,-2.4760975201855,0.68750002199999,0
1082,-0.20231180937853,-0.0099464416042391,-2.4760975201855,0.81250002600002,0
1083,-0.11114054395351,-0.018569555319493,-2.4760975201855,0.93750003000002,0
4413,-0.058536557255552,-0.044037315511408,-2.4729427764331,5.182141702052,0
3072,-0.057192401735891,-0.02478580047279,-2.472382612613,1.0644052646571,0
5420,0.096109151576859,0.0045134335347988,-2.4714880318485,9.5513566707041,0
3059,-0.062147054913127,-0.043250635637253,-2.4707463335972,2.996562244367,0
4370,-0.063058441240806,-0.045449263807167,-2.470284498632,4.8633365600067,0
4456,-0.052554054362828,-0.042342154776708,-2.4666473470911,5.5121155475623,0
3073,-0.034318085705669,-0.028259011873404,-2.464952797468,1.1932157299712,0
4632,-0.0052067298743225,-0.025676149148051,-2.4641709582334,7.3829599696555,0
3060,-0.063638399019701,-0.044121113329295,-2.4629709456547,3.1253727096817,0
5417,-0.0096993541129373,-0.0088722779312694,-2.4628629118135,10.282263175375,0
4723,0.042950090292551,-0.0067207062456308,-2.4609577223078,8.7332628921557,0
4543,-0.034421111027054,-0.036366315722091,-2.4586991821189,6.3128578044624,0
4677,0.014673045536699,-0.017966225194193,-2.4580951989727,7.9938582863066,0
3074,-0.031121028412671,-0.029733822751951,-2.457522982323,1.3220261952853,0
3061,-0.064936335121202,-0.044919924847735,-2.4551955577122,3.2541831749963,0
4587,-0.022288895624574,-0.032229416333796,-2.4533301163919,6.7855352145556,0
4499,-0.045344142078111,-0.04040515615344,-2.4510906333189,5.8525633004524,0
3075,-0.033009812217255,-0.030759232518274,-2.450093167178,1.4508366605993,0
3062,-0.066027505344576,-0.045644006418949,-2.4474201697697,3.3829936403109,0
5419,0.085379789642612,0.0023498212677664,-2.4452838159663,9.4548232766854,0
3076,-0.035313854402256,-0.03193617010023,-2.442663352033,1.5796471259133,0
3063,-0.066901351096198,-0.046291286283717,-2.4396447818272,3.5118041056255,0
5416,0.077474678901801,0.0098543772574949,-2.438558448125,10.185231551841,0
4412,-0.060003064106363,-0.045597801173101,-2.4356918527408,5.0775146763699,0
3077,-0.037687528904,-0.033155923742929,-2.4352335368879,1.7084575912272,0
4722,0.037791866936389,-0.0093314312173065,-2.4347229605183,8.6170214884553,0
4631,-0.0088338650652479,-0.027851173245473,-2.4346377050469,7.2696429529672,0
3064,-0.067550241675035,-0.046860671867627,-2.4318693938847,3.6406145709402,0
4369,-0.06395135846886,-0.046761893379332,-2.4315922929057,4.7606791603241,0
4455,-0.054528297874729,-0.044069037345156,-2.4308737071902,5.4055952550021,0
4676,0.010418458514883,-0.020403476505291,-2.4301975639896,7.8790391261194,0
3078,-0.040090048177526,-0.034403783726469,-2.4278037217429,1.8372680565411,0
4542,-0.037204095896663,-0.038329879394538,-2.4259823853079,6.2027826597098,0
3065,-0.06796951297584,-0.047352049921795,-2.4240940059423,3.7694250362548,0
4586,-0.025376293780771,-0.034230616194444,-2.4221899844415,6.6737997194915,0
3079,-0.04250373694444,-0.035669053477338,-2.4203739065979,1.9660785218548,0
5418,0.076249890879151,0.0003216143091253,-2.4190796000841,9.3582898826665,0
4498,-0.04773126716396,-0.042268626573172,-2.4168288495296,5.7442267578739,0
3066,-0.068157367900649,-0.047765876538459,-2.4163186179998,3.8982355015695,0
5415,0.11556688288272,0.013374911610998,-2.4142539844365,10.088199928306,0
3080,-0.044910980060053,-0.036939383071103,-2.412944091453,2.0948889871686,0
3067,-0.068114571039547,-0.0481021998372,-2.4085432300573,4.0270459668842,0
4721,0.032786193665754,-0.011938415891916,-2.4084881987287,8.5007800847546,0
3081,-0.047292423478026,-0.038203323637716,-2.405514276308,2.2236994524824,0
4630,-0.012325648443502,-0.029976832190851,-2.4051044518604,7.1563259362786,0
4675,0.0063024408782845,-0.02278121745017,-2.4022999290065,7.7642199659322,0
3068,-0.06784429587901,-0.048362501495675,-2.4007678421148,4.1558564321988,0
4411,-0.061258191309027,-0.047080300504049,-2.3984409290483,4.9728876506877,0
3082,-0.049627239326163,-0.03945008854388,-2.398084461163,2.3525099177962,0
4454,-0.056319143494672,-0.045729505008909,-2.3951000672893,5.2990749624418,0
4767,0.067566299437959,-0.0016964148410372,-2.3937044283735,9.2512315590961,0
4541,-0.039896318937473,-0.040281401273448,-2.393265588497,6.0927075149574,0
3069,-0.067352907737615,-0.048557913036432,-2.3929924541723,4.2846668975134,0
4368,-0.06464577422315,-0.048478400721052,-2.3929000871793,4.6580217606414,0
4585,-0.028379498769769,-0.03622811480528,-2.3910498524912,6.5620642244272,0
3083,-0.051893569392829,-0.040669492480612,-2.390654646018,2.48132038311,0
5414,0.12953007310969,0.011393412842783,-2.3899495207479,9.9911683047719,0
3070,-0.066649951224326,-0.048698594883445,-2.3852170662298,4.4134773628281,0
3084,-0.054069038173175,-0.041852016758868,-2.383224830873,2.6101308484239,0
4497,-0.04997407510652,-0.044084921445307,-2.3825670657403,5.6358902152956,0
4720,0.027932697457957,-0.014529470305491,-2.3822534369391,8.384538681054,0
3071,-0.065741582546929,-0.048719166676293,-2.3774416782873,4.5422878281427,0
3085,-0.05613130981609,-0.042988906865665,-2.375795015728,2.7389413137378,0
4629,-0.015692329348696,-0.032062486637193,-2.3755711986738,7.0430089195899,0
4674,0.0023107201723707,-0.0251573621822,-2.3744022940234,7.6494008057449,0
4766,0.060241228451342,-0.0038533691965845,-2.3691583008346,9.1336483059744,0
3086,-0.05805866171902,-0.044072278330704,-2.368365200583,2.8677517790523,0
5413,0.12926445382694,0.0077640079733259,-2.3656450570593,9.8941366812374,0
4410,-0.062294522098725,-0.048487026823059,-2.3611900053559,4.8682606250054,0
3087,-0.059830546859373,-0.045095212531432,-2.3609353854379,2.996562244367,0
276,-1.2891863266893,0.0064928950241265,-2.3609301936658,0.062500002000119,0
277,-1.1241631288158,0.013892215441133,-2.3609301936658,0.18750000600041,0
278,-0.91715431740154,0.017778438643417,-2.3609301936658,0.31250001000044,0
279,-0.70235702487757,0.015908407020726,-2.3609301936658,0.43750001400015,0
1084,-0.50113890171265,0.0093436872052562,-2.3609301936658,0.56250001799999,0
1085,-0.3265713776299,-0.00056118007838022,-2.3609301936658,0.68750002199997,0
1086,-0.19208071763656,-0.011251302177813,-2.3609301936658,0.812500026,0
1087,-0.10197025803383,-0.020099616868469,-2.3609301936658,0.93750003000002,0
4540,-0.042484512886794,-0.042210623503616,-2.3605487916862,5.982632370205,0
4584,-0.031302693333054,-0.038224281275668,-2.3599097205407,6.4503287293627,0
4453,-0.057913644213196,-0.047315499838835,-2.3593264273884,5.1925546698815,0
3100,-0.050202072470479,-0.026256599412849,-2.357388072492,1.0644052646571,0
4719,0.023235279471037,-0.017096164414473,-2.3560186751496,8.2682972773533,0
3088,-0.061428116978736,-0.046051830614865,-2.3535055702929,3.1253727096817,0
3101,-0.029606226064776,-0.029517605698481,-2.3503038301445,1.1932157299712,0
4496,-0.052055866309464,-0.045842941179025,-2.348305281951,5.5275536727171,0
4673,-0.0015426403718275,-0.027454288422122,-2.3465046590402,7.5345816455576,0
3089,-0.062834680602506,-0.04693733662172,-2.3460757551478,3.2541831749964,0
4628,-0.018946354218984,-0.034120602040084,-2.3460379454872,6.9296919029015,0
4765,0.053855222837952,-0.006155820644868,-2.3446121732957,9.0160650528526,0
3102,-0.027534557929768,-0.030860367044829,-2.3432195877969,1.3220261952853,0
5412,0.12155688241697,0.0041645378332049,-2.3413405933707,9.7971050577028,0
3090,-0.064036073325903,-0.047748021092748,-2.3386459400028,3.3829936403109,0
3103,-0.029593435788361,-0.031884519559275,-2.3361353454493,1.4508366605993,0
3091,-0.065020925566679,-0.048481235168971,-2.3312161248577,3.5118041056255,0
4718,0.018698136602691,-0.019631449667304,-2.32978391336,8.1520558736525,0
3104,-0.03197739599434,-0.033064595715313,-2.3290511031017,1.5796471259133,0
4583,-0.034144346925545,-0.040216650031489,-2.3287695885902,6.3385932342981,0
4539,-0.044952969909207,-0.04410561551605,-2.3278319948753,5.8725572254526,0
4409,-0.063099070003271,-0.049734400604988,-2.3239390816635,4.7636335993232,0
3092,-0.065780827903879,-0.049135388274484,-2.3237863097127,3.6406145709402,0
4452,-0.059300609009278,-0.048819853586519,-2.3235527874875,5.0860343773213,0
3105,-0.034419106593025,-0.034298785924756,-2.3219668607542,1.7084575912272,0
4764,0.048033341027758,-0.0085831830259037,-2.3200660457568,8.898481799731,0
4672,-0.0052519016202447,-0.029692610298395,-2.3186070240571,7.4197624853706,0
5411,0.11084488794388,0.0010614440113449,-2.3170361296822,9.7000734341689,0
4627,-0.022100242700248,-0.036162961327437,-2.3165046923008,6.8163748862136,0
3093,-0.06631039479206,-0.049709930220175,-2.3163564945676,3.7694250362549,0
3106,-0.036886898564572,-0.035572843022883,-2.3148826184066,1.8372680565411,0
4495,-0.053961155600732,-0.047532416022413,-2.3140434981617,5.4192171301387,0
3094,-0.066607175187116,-0.050204885900593,-2.3089266794226,3.8982355015696,0
3107,-0.039366031974636,-0.036874792759298,-2.3077983760591,1.9660785218548,0
4717,0.01432579179168,-0.022126948040997,-2.3035491515705,8.035814469952,0
3095,-0.066671370787608,-0.05061996699721,-2.3014968642775,4.0270459668842,0
3108,-0.041840835531978,-0.038191424197108,-2.3007141337115,2.0948889871685,0
4582,-0.036897578152863,-0.042198368715056,-2.2976294566397,6.2268577392336,0
4763,0.04256086600239,-0.011099277655882,-2.295519918218,8.7808985466096,0
4538,-0.047284891680671,-0.045953799276276,-2.2951151980644,5.7624820807003,0
3096,-0.066505730501851,-0.050956774739489,-2.2940670491325,4.1558564321988,0
3109,-0.044293405235341,-0.039510380532749,-2.2936298913639,2.2236994524824,0
5410,0.099499465134865,-0.0014824018600073,-2.2927316659938,9.6030418106352,0
4671,-0.0088221101104603,-0.031881414048597,-2.290709389074,7.3049433251837,0
4451,-0.060470384634432,-0.050235998238621,-2.2877791475866,4.979514084761,0
4626,-0.025164160396955,-0.03819812627699,-2.2869714391145,6.703057869526,0
4408,-0.06369389601735,-0.051347928410304,-2.286688157971,4.6590065736411,0
3097,-0.066116223893238,-0.051226552459438,-2.2866372339874,4.2846668975134,0
3110,-0.046703924155153,-0.040819931250782,-2.2865456490164,2.3525099177962,0
4494,-0.055676052192398,-0.049144153485262,-2.2797817143724,5.3108805875602,0
3111,-0.049051144571134,-0.042108929507967,-2.2794614066688,2.48132038311,0
3098,-0.065511712004315,-0.051437216558109,-2.2792074188424,4.4134773628281,0
4716,0.010116000902054,-0.024570406777612,-2.2773143897809,7.9195730662514,0
3112,-0.051312943596748,-0.043366891058031,-2.2723771643213,2.6101308484239,0
3099,-0.064698049628155,-0.051520914900696,-2.2717776036973,4.5422878281427,0
4762,0.037330417709766,-0.013665733918982,-2.2709737906792,8.6633152934879,0
5407,-0.021492781287509,-0.0065672373826585,-2.2698087491617,10.333829664615,0
5409,0.08873593206746,-0.0035666259842352,-2.2684272023055,9.5060101871017,0
4581,-0.039551165084369,-0.044159158367848,-2.2664893246892,6.1151222441691,0
3113,-0.053466927204679,-0.044584105993385,-2.2652929219737,2.7389413137379,0
4670,-0.012263181767373,-0.034027796407513,-2.2628117540909,7.1901241649965,0
4537,-0.049463518671156,-0.047742798924693,-2.2623984012535,5.6524069359479,0
3114,-0.055491054290479,-0.045751757224456,-2.2582086796261,2.8677517790523,0
4625,-0.028143985426679,-0.040230023061553,-2.2574381859282,6.5897408528383,0
4450,-0.061415747475369,-0.051564479731954,-2.2520055076857,4.8729937922006,0
3115,-0.057364251144464,-0.046862027106389,-2.2511244372785,2.996562244367,0
4715,0.0060483658983441,-0.026983431411339,-2.2510796279914,7.8033316625507,0
5406,0.062294443800657,0.0053119782610289,-2.2474134751603,10.236337108761,0
4761,0.032295142402279,-0.016252993577658,-2.2464276631402,8.545732040366,0
280,-1.3075024774736,0.0064892225660308,-2.2457628671459,0.062500002000119,0
281,-1.137954113387,0.014288408390975,-2.2457628671459,0.18750000600041,0
282,-0.92411236973863,0.018381855680109,-2.2457628671459,0.31250001000044,0
283,-0.70222651808403,0.016310047314157,-2.2457628671459,0.43750001400015,0
1088,-0.4950972388615,0.0091838316407012,-2.2457628671459,0.56250001799998,0
1090,-0.18131697849141,-0.012693271087043,-2.2457628671459,0.81250002599998,0
1091,-0.092544930182592,-0.021738044921881,-2.2457628671459,0.93750003000001,0
1089,-0.31650330901628,-0.001440551882247,-2.2457628671459,0.68750002199994,0
4493,-0.057188384322263,-0.05067010384052,-2.2455199305831,5.2025440449817,0
5408,0.079104802831135,-0.0054560712685349,-2.2441227386171,9.4089785635677,0
3116,-0.05906698662945,-0.047908180522921,-2.2440401949309,3.1253727096817,0
3128,-0.043197116584768,-0.027780695840354,-2.2423935323708,1.0644052646571,0
3117,-0.060581780345863,-0.048884615683774,-2.2369559525833,3.2541831749964,0
3129,-0.024956962721605,-0.030784182229994,-2.2356548628207,1.1932157299712,0
4580,-0.042090875135352,-0.04608651118735,-2.2353491927388,6.0033867491048,0
4669,-0.015586774131895,-0.036142353218115,-2.2349141191078,7.0753050048093,0
3118,-0.061893620200769,-0.049786875377112,-2.2298717102357,3.3829936403109,0
4536,-0.051472960712537,-0.049461058200048,-2.2296816044427,5.5423317911956,0
3130,-0.023891232288462,-0.031979091892359,-2.2289161932705,1.3220261952853,0
4624,-0.031040332904819,-0.042257387572353,-2.2279049327418,6.4764238361502,0
5405,0.10250136830383,0.0085705773106008,-2.2250182011589,10.138844552907,0
4714,0.0021131342427215,-0.029356283708222,-2.2248448662019,7.68709025885,0
3119,-0.062990274416756,-0.050611632465737,-2.2227874678881,3.5118041056256,0
3131,-0.026097966599749,-0.032985011250879,-2.2221775237204,1.4508366605993,0
4760,0.027437740728134,-0.018840524850925,-2.2218815356013,8.4281487872442,0
4807,0.069515385799852,-0.0072764548976664,-2.2205538892181,9.3010406306631,0
4449,-0.062125718389291,-0.052731822513865,-2.2162318677848,4.7664734996404,0
3120,-0.063862496333994,-0.051356698587116,-2.2157032255405,3.6406145709402,0
3132,-0.02855499701178,-0.03414973899181,-2.2154388541703,1.5796471259133,0
4492,-0.058487654187789,-0.052103231710709,-2.2112581467938,5.0942075024033,0
3133,-0.031058079974102,-0.035383146349555,-2.2087001846201,1.7084575912272,0
3121,-0.064504116170525,-0.052020988540176,-2.2086189831929,3.7694250362549,0
4668,-0.01880474517219,-0.038236851973079,-2.2070164841247,6.9604858446223,0
4579,-0.044500828909669,-0.047966881476055,-2.2042090607884,5.8916512540404,0
5404,0.12049403468989,0.0064504837715588,-2.2026229271575,10.041351997053,0
3134,-0.033584021774917,-0.036670688365067,-2.20196151507,1.8372680565411,0
3122,-0.064911967671992,-0.052604013209057,-2.2015347408453,3.8982355015696,0
4713,-0.0016780528669567,-0.031662234393167,-2.1986101044123,7.5708488551494,0
4623,-0.033848552546071,-0.044274027776488,-2.1983716795554,6.3631068194622,0
4806,0.061338368283834,-0.0091778266597566,-2.1977206541087,9.1821963883879,0
4759,0.022753811427499,-0.021413669789643,-2.1973354080624,8.3105655341222,0
4535,-0.053298712198083,-0.051098209931735,-2.1969648076317,5.4322566464432,0
3135,-0.036121270169336,-0.037998901528364,-2.1952228455199,1.9660785218548,0
3123,-0.065085638407281,-0.053105100649259,-2.1944504984977,4.0270459668842,0
3136,-0.038656377935492,-0.039353526963541,-2.1884841759698,2.0948889871685,0
3124,-0.065027410062354,-0.053525903019089,-2.1873662561501,4.1558564321988,0
3137,-0.04117311666747,-0.040721126049975,-2.1817455064197,2.2236994524824,0
4448,-0.062616055263989,-0.05422560550375,-2.1804582278839,4.6599532070801,0
3125,-0.064742810221665,-0.053877590975583,-2.1802820138025,4.2846668975134,0
5403,0.12460101966273,0.0025622297150128,-2.180227653156,9.9438594411988,0
4667,-0.021927291860237,-0.040320639550348,-2.1791188491417,6.8456666844358,0
4491,-0.059564800311569,-0.05343734116729,-2.1769963630044,4.9858709598247,0
3138,-0.043652851407918,-0.042088869327251,-2.1750068368695,2.3525099177962,0
4805,0.054301708758572,-0.01123810296064,-2.1748874189993,9.0633521461124,0
3126,-0.064239992187715,-0.054165935115045,-2.1731977714549,4.4134773628281,0
4578,-0.04676470441929,-0.049786713137079,-2.1730689288379,5.7799157589761,0
4758,0.018244756532993,-0.023960347261561,-2.1727892805235,8.1929822810002,0
4712,-0.0053255414469737,-0.033916381821745,-2.1723753426227,7.4546074514489,0
4622,-0.036559472773482,-0.046269736591732,-2.1688384263689,6.2497898027742,0
3139,-0.046075069863764,-0.043444512078926,-2.1682681673194,2.48132038311,0
3127,-0.063524553967027,-0.054321585412962,-2.1661135291073,4.5422878281427,0
4534,-0.054927884967401,-0.05264521541155,-2.1642480108208,5.3221815016908,0
3140,-0.048417988936198,-0.044776483612734,-2.1615294977693,2.6101308484239,0
5402,0.1204398172655,-0.0013880276223101,-2.1578323791546,9.8463668853446,0
3141,-0.050659212880378,-0.046074008862439,-2.1547908282192,2.7389413137379,0
4804,0.048043771607104,-0.013471894115115,-2.1520541838899,8.9445079038372,0
4666,-0.024961094385447,-0.042398481371467,-2.1512212141589,6.7308475242496,0
4757,0.013911183424514,-0.026470718887471,-2.1482431529846,8.0753990278784,0
3142,-0.052776413618132,-0.047327234925784,-2.148052158669,2.8677517790523,0
4711,-0.0088386464016652,-0.036128996819002,-2.1461405808333,7.3383660477486,0
4490,-0.060412861087906,-0.054671686061343,-2.1427345792151,4.8775344172462,0
4577,-0.048866670278796,-0.051533218203584,-2.1419287968875,5.6681802639118,0
3143,-0.054748001849894,-0.048527344085116,-2.1413134891189,2.996562244367,0
4621,-0.039160568515306,-0.048231563010413,-2.1393051731825,6.1364727860862,0
5401,0.11209701703875,-0.0047994769564864,-2.1354371051532,9.7488743294909,0
3144,-0.056553757386703,-0.04966664215153,-2.1345748195687,3.1253727096818,0
4533,-0.056349224360089,-0.054094330170661,-2.1315312140099,5.2121063569384,0
285,-1.1522482628394,0.014650709036208,-2.1305955406256,0.18750000600041,0
1094,-0.17000966792125,-0.014284997313697,-2.1305955406256,0.81250002599995,0
284,-1.3261428402088,0.0064095526868154,-2.1305955406256,0.062500002000118,0
286,-0.93126344329673,0.019005089411898,-2.1305955406256,0.31250001000044,0
1093,-0.30565157251048,-0.0024601521797924,-2.1305955406256,0.68750002199992,0
1095,-0.082894429691947,-0.023486712085163,-2.1305955406256,0.93750003,0
287,-0.70181145710615,0.016722707569805,-2.1305955406256,0.43750001400015,0
1092,-0.4884026284806,0.0089561257485141,-2.1305955406256,0.56250001799997,0
4803,0.042302465866401,-0.015848618286301,-2.1292209487805,8.8256636615622,0
3145,-0.058175389405883,-0.050738614272118,-2.1278361500185,3.2541831749964,0
3156,-0.036222778939916,-0.029350806765394,-2.1273989922492,1.0644052646571,0
4756,0.0097481228351822,-0.028930102728572,-2.1236970254457,7.9578157747566,0
4665,-0.027908157851037,-0.044469746140771,-2.123323579176,6.6160283640633,0
3146,-0.059597002617311,-0.05173794330719,-2.1210974804684,3.382993640311,0
3157,-0.020394556024762,-0.032048414286079,-2.1210058954965,1.1932157299712,0
4710,-0.012229263138501,-0.038309525700859,-2.1199058190438,7.222124644048,0
3158,-0.020207537181934,-0.033080228792761,-2.1146127987439,1.3220261952853,0
3147,-0.060805454969589,-0.052660508024703,-2.1143588109182,3.5118041056256,0
5400,0.10210266981428,-0.0075699332835522,-2.113041831152,9.6513817736376,0
4576,-0.050792010707801,-0.053194875626385,-2.1107886649371,5.5564447688474,0
4620,-0.041637259920955,-0.050145141514032,-2.1097719199962,6.0231557693984,0
4489,-0.06102261194905,-0.055742504952133,-2.1084727954258,4.7691978746677,0
3159,-0.022543213129919,-0.034045763254238,-2.1082197019912,1.4508366605993,0
3148,-0.061790603711967,-0.053503403572012,-2.107620141368,3.6406145709402,0
4802,0.036916873446172,-0.018323600736147,-2.1063877136711,8.706819419287,0
3160,-0.025065180276979,-0.035174551872288,-2.1018266052385,1.5796471259133,0
3149,-0.062545427836689,-0.054264890192786,-2.1008814718179,3.7694250362549,0
4755,0.0057357492664981,-0.031378261421798,-2.0991508979069,7.8402325216347,0
4532,-0.057552998891333,-0.055438896216549,-2.0988144171991,5.102031212186,0
3161,-0.027621330640228,-0.036389902973279,-2.0954335084858,1.7084575912272,0
4664,-0.030765565561414,-0.046528548375591,-2.0954259441931,6.5012092038767,0
3150,-0.063065976593165,-0.054943860244349,-2.0941428022677,3.8982355015696,0
4709,-0.015509012756904,-0.040468164425208,-2.0936710572542,7.1058832403474,0
5399,0.0918866394677,-0.0097840588052862,-2.0906465571509,9.5538892177843,0
3162,-0.030196539837388,-0.0376764149371,-2.0890404117331,1.837268056541,0
3151,-0.063351160053781,-0.055539186808617,-2.0874041327175,4.0270459668842,0
4801,0.03179975934056,-0.020857194125487,-2.0835544785616,8.5879751770115,0
3163,-0.032782790414637,-0.039018927752758,-2.0826473149804,1.9660785218548,0
3152,-0.063402733379774,-0.056052474708481,-2.0806654631674,4.1558564321988,0
4619,-0.04397412022093,-0.051995876164469,-2.0802386668098,5.9098387527106,0
4575,-0.052527457378241,-0.054761662944161,-2.0796485329866,5.444709273783,0
3164,-0.035369183933543,-0.040401911847644,-2.0762542182278,2.0948889871685,0
5397,-0.029773200258894,-0.003882942246768,-2.0758227642918,10.381771810903,0
4754,0.0018679784650737,-0.033760569055513,-2.074604770368,7.7226492685127,0
4488,-0.061404210213418,-0.057098266267998,-2.0742110116365,4.6608613320892,0
3153,-0.063225714575378,-0.056494616101509,-2.0739267936172,4.2846668975134,0
3165,-0.037941412500016,-0.041810648122924,-2.0698611214751,2.2236994524824,0
5398,0.082208166535882,-0.011698979499345,-2.0682512831495,9.4563966619307,0
4663,-0.033525985401711,-0.048564605537517,-2.0675283092101,6.3863900436901,0
4708,-0.018687839302855,-0.042613514099415,-2.0674362954647,6.989641836647,0
3154,-0.062827496064254,-0.056869322698603,-2.067188124067,4.4134773628281,0
4531,-0.058530752187654,-0.056673231171671,-2.0660976203881,4.9919560674335,0
3166,-0.040482201957286,-0.043231039112847,-2.0634680247224,2.3525099177962,0
4800,0.026908166288687,-0.023418600788419,-2.0607212434522,8.469130934736,0
3155,-0.062213436426682,-0.05710671441871,-2.0604494545169,4.5422878281427,0
3167,-0.042971903817884,-0.044649600736659,-2.0570749279697,2.4813203831101,0
5396,0.047210495371094,0.0027747998645227,-2.0553453868315,10.283855798043,0
4618,-0.046155852645315,-0.053769871071183,-2.0507054136234,5.7965217360227,0
3168,-0.045389164779908,-0.046053556093884,-2.0506818312171,2.6101308484239,0
4753,-0.0018550568647845,-0.036090968329964,-2.050058642829,7.6050660153908,0
4574,-0.054061279176312,-0.056225068904072,-2.0485084010361,5.3329737787187,0
4847,0.0720098295066,-0.013446026633977,-2.0465048482496,9.3476384174637,0
3169,-0.047711647989668,-0.047430959944832,-2.0442887344644,2.7389413137379,0
4707,-0.021772630683609,-0.044750012388535,-2.0412015336753,6.8734004329471,0
4662,-0.036178651205547,-0.050564527535247,-2.0396306742271,6.2715708835035,0
3170,-0.049916776281572,-0.048770826303769,-2.0378956377117,2.8677517790523,0
4799,0.022222661693605,-0.025983795974826,-2.0378880083427,8.3502866924604,0
5395,0.087716829919191,0.0051658578145498,-2.0348680093712,10.185939785183,0
4530,-0.059275804296131,-0.057795641247723,-2.0333808235772,4.881880922681,0
3171,-0.051982464635148,-0.050063241155401,-2.031502540959,2.996562244367,0
4752,-0.0054393249502231,-0.038381532849412,-2.0255125152901,7.4874827622692,0
4846,0.063065676368892,-0.015157415339553,-2.0254072524509,9.2276144843834,0
3172,-0.053887808366298,-0.051299450068241,-2.0251094442062,3.1253727096818,0
4617,-0.048167983163609,-0.055454551745618,-2.021172160437,5.6832047193349,0
3173,-0.055613696257669,-0.052471914660874,-2.0187163474535,3.2541831749964,0
4573,-0.055383207277466,-0.057577950371642,-2.0173682690857,5.2212382836543,0
1098,-0.15815575208732,-0.016037170336251,-2.0154282141053,0.81250002599993,0
288,-1.344999805052,0.0062389494523271,-2.0154282141053,0.062500002000118,0
289,-1.167068260344,0.014961505075159,-2.0154282141053,0.1875000060004,0
290,-0.93863120926495,0.019648808926318,-2.0154282141053,0.31250001000044,0
291,-0.70106945892744,0.017150433772366,-2.0154282141053,0.43750001400015,0
1096,-0.48096385322548,0.0086427916608118,-2.0154282141053,0.56250001799996,0
1097,-0.29395385717685,-0.0036474971187619,-2.0154282141053,0.68750002199989,0
1099,-0.073058707195347,-0.025343837851485,-2.0154282141053,0.93750003,0
4798,0.017733507675037,-0.028536307855973,-2.0150547732333,8.2314424501848,0
4706,-0.024766166389903,-0.046876727405571,-2.014966771886,6.7571590292475,0
5394,0.10876850768041,0.0025006970951757,-2.0143906319108,10.088023772323,0
3184,-0.029331005543402,-0.030956461653605,-2.0124044521277,1.0644052646571,0
3174,-0.057143324937527,-0.053574336558516,-2.0123232507008,3.382993640311,0
4661,-0.038710538384149,-0.052513232208345,-2.0117330392441,6.1567517233169,0
3185,-0.015942444654451,-0.03329831941426,-2.0063569281724,1.1932157299712,0
3175,-0.058462601929511,-0.054601669198979,-2.0059301539481,3.5118041056256,0
4845,0.055309483652249,-0.016977788474235,-2.0043096566523,9.1075905513029,0
4751,-0.0088955589709386,-0.040641770551499,-2.0009663877513,7.3698995091476,0
4529,-0.059780398525398,-0.058751641321489,-2.0006640267663,4.7718057779286,0
3186,-0.016504984087562,-0.034151962366784,-2.0003094042172,1.3220261952853,0
3176,-0.059560433355864,-0.055550151195218,-1.9995370571954,3.6406145709402,0
3187,-0.018952587876587,-0.035049809117571,-1.9942618802619,1.4508366605993,0
5393,0.11689664239615,-0.0019166126229612,-1.9939132544505,9.9901077594635,0
3177,-0.060428878969239,-0.05641724330692,-1.9931439604426,3.7694250362549,0
4797,0.013434992306666,-0.031063289987576,-1.9922215381239,8.1125982079094,0
4616,-0.049997265139079,-0.057038989043754,-1.9916389072507,5.5698877026471,0
4705,-0.027666772553774,-0.048987391455905,-1.9887320100967,6.6409176255478,0
3188,-0.021529930424338,-0.036119387361663,-1.9882143563067,1.5796471259132,0
3178,-0.061063128106978,-0.057201087653148,-1.9867508636899,3.8982355015696,0
4572,-0.05648427774979,-0.058814252353135,-1.9862281371352,5.1095027885899,0
4660,-0.041107500688528,-0.054395248197776,-1.9838354042612,6.0419325631305,0
4844,0.048480541065694,-0.018979848431156,-1.9832120608537,8.9875666182226,0
3189,-0.024128957915551,-0.037297000886642,-1.9821668323514,1.7084575912272,0
3179,-0.061461338063223,-0.057899999774016,-1.9803577669372,4.0270459668842,0
4750,-0.012235130918077,-0.042880198579347,-1.9764202602124,7.2523162560258,0
3190,-0.026742543969017,-0.038565899941758,-1.9761193083962,1.837268056541,0
3180,-0.061624659406435,-0.058515400861706,-1.9739646701845,4.1558564321988,0
5392,0.11654618896675,-0.0064129868881388,-1.9734358769901,9.8921917466035,0
3191,-0.029366675483781,-0.039908975859002,-1.970071784441,1.9660785218548,0
4796,0.0093202422297564,-0.03354430457396,-1.9693883030144,7.993753965634,0
4528,-0.060049780126468,-0.059949514892044,-1.9679472299554,4.6617306331762,0
3181,-0.061557506861313,-0.059057667324891,-1.9675715734317,4.2846668975134,0
3192,-0.031993370277409,-0.041309144966601,-1.9640242604857,2.0948889871685,0
4704,-0.030468675408025,-0.051071238449842,-1.9624972483073,6.5246762218478,0
4843,0.042332957566362,-0.021163709499408,-1.9621144650552,8.8675426851425,0
4615,-0.051631833948274,-0.058513968300559,-1.9621056540642,5.4565706859592,0
3182,-0.06126642492781,-0.059528522797307,-1.961178476679,4.4134773628281,0
3193,-0.034610495592248,-0.042750171758348,-1.9579767365305,2.2236994524824,0
4659,-0.043355229342821,-0.056195758135445,-1.9559377692783,5.9271134029441,0
4571,-0.057356594734647,-0.059928920637914,-1.9550880051847,4.9977672935255,0
3183,-0.060756518743826,-0.059858532385625,-1.9547853799263,4.5422878281427,0
5391,0.1111558675087,-0.010341445760135,-1.9529584995299,9.7942757337441,0
3194,-0.037202314831154,-0.044216505149187,-1.9519292125753,2.3525099177962,0
4749,-0.015467700802518,-0.045103470002898,-1.9518741326735,7.1347330029039,0
4795,0.0053678011236095,-0.036019900117756,-1.946555067905,7.8749097233585,0
3195,-0.039750167933067,-0.045693278265666,-1.94588168862,2.4813203831101,0
4842,0.036679851515855,-0.023494152035605,-1.9410168692566,8.7475187520622,0
3196,-0.04223322000399,-0.047166395337696,-1.9398341646648,2.6101308484239,0
4703,-0.033162822168038,-0.053114289101437,-1.9362624865179,6.4084348181477,0
3197,-0.044629256210479,-0.048622647760226,-1.9337866407096,2.7389413137379,0
4614,-0.05306117507413,-0.059871865696694,-1.9325724008778,5.3432536692714,0
5390,0.10316229349377,-0.013544092499337,-1.9324811220697,9.6963597208851,0
4658,-0.04543995970411,-0.057901319159988,-1.9280401342953,5.8122942427577,0
3198,-0.046915495203987,-0.050049832363658,-1.9277391167543,2.8677517790523,0
4748,-0.018600008341768,-0.047314397208792,-1.9273280051347,7.0171497497822,0
4570,-0.057993729409906,-0.060919612588689,-1.9239478732343,4.886031798461,0
4794,0.0015680914658776,-0.038440694861924,-1.9237218327956,7.756065481083,0
3199,-0.049069387632749,-0.051436854218031,-1.921691592799,2.9965622443671,0
4841,0.031399292198509,-0.025928998091384,-1.9199192734579,8.6274948189816,0
3200,-0.051069364222883,-0.052773804826393,-1.9156440688438,3.1253727096818,0
5389,0.094120262344215,-0.016084869158312,-1.9120037446096,9.5984437080261,0
4702,-0.035737902056383,-0.055100794777208,-1.9100277247284,6.2921934144478,0
3201,-0.052895500948669,-0.054052012622632,-1.9095965448885,3.2541831749964,0
3202,-0.054530078791455,-0.055264069542318,-1.9035490209332,3.382993640311,0
4613,-0.054275985091898,-0.061106399345459,-1.9030391476914,5.2299366525834,0
4747,-0.021635135024269,-0.049510703867055,-1.9027818775959,6.8995664966611,0
4793,-0.0020878343200981,-0.040823936209021,-1.9008885976861,7.6372212388074,0
292,-1.3639336798915,0.0059647742006161,-1.900260887585,0.062500002000118,0
293,-1.1824367706203,0.015198053561845,-1.900260887585,0.1875000060004,0
294,-0.94624912421595,0.020313491270304,-1.900260887585,0.31250001000044,0
295,-0.69995270089014,0.017599374927688,-1.900260887585,0.43750001400015,0
1100,-0.47266670103908,0.0082227495044254,-1.900260887585,0.56250001799995,0
1101,-0.28135150242916,-0.0050348915565779,-1.900260887585,0.68750002199987,0
1102,-0.14576027951509,-0.017957739893183,-1.900260887585,0.81250002599991,0
1103,-0.063087568299,-0.027303686568835,-1.900260887585,0.93750002999999,0
4657,-0.047348910094238,-0.059500263427177,-1.9001424993124,5.6974750825713,0
4840,0.026418314542626,-0.02842939377767,-1.8988216776593,8.5074708859011,0
3203,-0.055958029195173,-0.056403856884378,-1.8975014969779,3.5118041056256,0
3212,-0.022579942648398,-0.032584216134905,-1.8974099120061,1.0644052646571,0
4569,-0.058389076270222,-0.061740620930718,-1.8928077412838,4.7742963033966,0
3213,-0.011623575985101,-0.034521432506318,-1.8917079608483,1.1932157299712,0
5388,0.08494852842151,-0.018210457136111,-1.8915263671494,9.5005276951667,0
3204,-0.05716726181915,-0.057466593209573,-1.8914539730227,3.6406145709402,0
3214,-0.0128106459636,-0.035180805595354,-1.8860060096905,1.3220261952852,0
3205,-0.058148853017641,-0.058448765473708,-1.8854064490674,3.7694250362549,0
4701,-0.038181365827663,-0.057014588412033,-1.883792962939,6.1759520107478,0
5387,-0.031409313905525,-0.00064795819334452,-1.8809729931972,10.426072799736,0
3215,-0.015354034090043,-0.035978172959184,-1.8803040585327,1.4508366605993,0
3206,-0.058897054227549,-0.05934760048809,-1.8793589251121,3.8982355015696,0
4746,-0.024572251761187,-0.051684967787544,-1.8782357500572,6.7819832435403,0
4792,-0.0056095631542422,-0.043180965039102,-1.8780553625767,7.5183769965322,0
4839,0.021694047769163,-0.030964658907624,-1.8777240818606,8.3874469528204,0
3216,-0.017975401925795,-0.036961679314358,-1.8746021073749,1.5796471259132,0
4612,-0.055267991335142,-0.06221229487728,-1.8735058945051,5.1166196358956,0
3207,-0.059409184379801,-0.060160713802134,-1.8733114011568,4.0270459668842,0
4656,-0.049070478562363,-0.06098281721097,-1.8722448643295,5.582655922385,0
4887,0.074623050149826,-0.020070497917548,-1.8716173140142,9.3910087308877,0
3217,-0.020604821644599,-0.038078986814525,-1.8689001562171,1.7084575912272,0
3208,-0.059685691273571,-0.060889157620896,-1.8672638772015,4.1558564321988,0
3218,-0.023243550910395,-0.03931132940949,-1.8631982050593,1.837268056541,0
5386,0.033130624752367,0.0015652538673681,-1.8624214851299,10.327770969023,0
4568,-0.058543649586924,-0.062759077283871,-1.8616676093333,4.6625608083322,0
3209,-0.059730261744913,-0.061542511192969,-1.8612163532463,4.2846668975134,0
4700,-0.04048030572231,-0.058840181379584,-1.8575582011497,6.059710607048,0
3219,-0.025892176321854,-0.040639219138227,-1.8574962539015,1.9660785218547,0
4838,0.017201137567446,-0.033511931579166,-1.856626486062,8.2674230197397,0
4791,-0.0090075305941513,-0.045517798647947,-1.8552221274673,7.3995327542571,0
3210,-0.059548465001599,-0.062120557275886,-1.855168829291,4.4134773628281,0
4745,-0.027406905061272,-0.053825448751249,-1.8536896225186,6.6643999904194,0
4886,0.065204094737334,-0.021750521074082,-1.852276585204,9.269886815189,0
3220,-0.028546012503752,-0.04204362414697,-1.8517943027437,2.0948889871685,0
3211,-0.059145099666197,-0.062555295020341,-1.8491213053357,4.5422878281427,0
3221,-0.031195338149064,-0.043506504002953,-1.8460923515859,2.2236994524824,0
4655,-0.050594248588732,-0.062340999927824,-1.8443472293465,5.4678367621985,0
4611,-0.056029757179584,-0.06318519027044,-1.8439726413186,5.0033026192077,0
5385,0.071660188465074,0.0020641693546055,-1.8438699770627,10.22946913831,0
3222,-0.033826109276158,-0.045010652563643,-1.8403904004281,2.3525099177962,0
4837,0.012924811076493,-0.036052019751906,-1.8355288902634,8.1473990866592,0
3223,-0.036420763582979,-0.046539682422094,-1.8346884492703,2.4813203831101,0
4885,0.056839148667635,-0.023433575539739,-1.8329358563938,9.1487648994902,0
4790,-0.012291009134178,-0.047837630828633,-1.8323888923579,7.2806885119816,0
4699,-0.042622122620861,-0.060563537299345,-1.8313234393603,5.9434692033482,0
4744,-0.030131694735026,-0.055917384205278,-1.8291434949798,6.5468167372981,0
3224,-0.038959065908422,-0.048078083259059,-1.8289864981126,2.6101308484239,0
5384,0.094780399425652,-0.0012817158339765,-1.8253184689955,10.131167307597,0
3225,-0.041418987021191,-0.049611312005692,-1.8232845469548,2.7389413137379,0
3226,-0.043777594174044,-0.051125887320514,-1.8175825957969,2.8677517790524,0
4654,-0.051910871043071,-0.063568370883523,-1.8164495943635,5.3530176020121,0
4610,-0.056555024913952,-0.06402233313374,-1.8144393881322,4.8899856025197,0
4836,0.0088512297433394,-0.038559526339121,-1.8144312944648,8.0273751535787,0
4884,0.049418931245915,-0.025246550235496,-1.8135951275837,9.0276429837915,0
3227,-0.04601192006231,-0.052609469523383,-1.8118806446391,2.9965622443671,0
4789,-0.015466534806421,-0.050140300840936,-1.8095556572485,7.1618442697061,0
5383,0.10642013848638,-0.0061559727752255,-1.8067669609282,10.032865476883,0
3228,-0.048099771979613,-0.054050917398393,-1.8061786934813,3.1253727096818,0
4698,-0.044594956398728,-0.06217251678742,-1.8050886775709,5.8272277996484,0
4743,-0.032737141654091,-0.057944412309637,-1.804597367441,6.4292334841768,0
3229,-0.050020446073727,-0.055440323108739,-1.8004767423234,3.2541831749965,0
3230,-0.051755326212465,-0.05676903653432,-1.7947747911656,3.382993640311,0
4883,0.042777766293014,-0.02723792991004,-1.7942543987736,8.9065210680932,0
4835,0.00495239329992,-0.041081214664761,-1.7933336986662,7.9073512204981,0
3231,-0.053288365277963,-0.05802970518771,-1.7890728400078,3.5118041056256,0
4653,-0.053011888545691,-0.06465969655332,-1.7885519593806,5.2381984418256,0
5382,0.10980537031062,-0.011114433630785,-1.7882154528609,9.93456364617,0
4788,-0.018537275565338,-0.052421136918236,-1.7867224221391,7.0430000274309,0
296,-1.3827684104992,0.0055795459494706,-1.7850935610647,0.062500002000118,0
297,-1.1983729412475,0.015331191253098,-1.7850935610647,0.1875000060004,0
298,-0.95416281467236,0.020998076490105,-1.7850935610647,0.31250001000044,0
299,-0.69840907646644,0.018076571679497,-1.7850935610647,0.43750001400015,0
1104,-0.46336302415385,0.0076770221281773,-1.7850935610647,0.56250001799995,0
1105,-0.26780099552129,-0.0066541130053999,-1.7850935610647,0.68750002199984,0
1106,-0.13283464518553,-0.020057145520999,-1.7850935610647,0.81250002599988,0
1107,-0.053041519377864,-0.029361037400624,-1.7850935610647,0.93750002999998,0
4609,-0.056838007410097,-0.06468622366438,-1.7849061349459,4.7766685858318,0
3232,-0.054606448792813,-0.059216339124953,-1.78337088885,3.6406145709403,0
3240,-0.016038115878252,-0.034219090935687,-1.7824153718845,1.0644052646571,0
4742,-0.035212559336287,-0.059889898046768,-1.7800512399023,6.3116502310556,0
4697,-0.046387894167746,-0.063657027298245,-1.7788539157816,5.7109863959486,0
3233,-0.055699616462468,-0.060324244196658,-1.7776689376921,3.7694250362549,0
3241,-0.0074684920790297,-0.035706259762563,-1.7770589935241,1.1932157299712,0
4882,0.03675370335985,-0.029401660581453,-1.7749136699634,8.7853991523945,0
4834,0.0012127438110606,-0.043565559859462,-1.7722361028676,7.7873272874175,0
3234,-0.056561107184683,-0.061349527125319,-1.7719669865343,3.8982355015696,0
3242,-0.0091611401258871,-0.036151912501061,-1.7717026151638,1.3220261952852,0
5381,0.10767158440651,-0.015540860160724,-1.7696639447938,9.8362618154573,0
3243,-0.0117819586944,-0.036809332720438,-1.7663462368034,1.4508366605993,0
3235,-0.057187309575695,-0.062288911096136,-1.7662650353765,4.0270459668842,0
4787,-0.021503003911406,-0.054670819063402,-1.7638891870298,6.9241557851562,0
3244,-0.014432796522224,-0.037675269816721,-1.7609898584431,1.5796471259132,0
4652,-0.053889571927948,-0.065610577881794,-1.7606543243977,5.1233792816392,0
3236,-0.05757785074495,-0.063142831023693,-1.7605630842186,4.1558564321988,0
3245,-0.01707708303403,-0.038706352952833,-1.7556334800827,1.7084575912272,0
4881,0.031215769061249,-0.031707521239697,-1.7555729411532,8.6642772366956,0
4741,-0.037546809980131,-0.061738013125964,-1.7555051123635,6.1940669779345,0
4608,-0.056876169934684,-0.065501991099074,-1.7553728817594,4.6633515691439,0
3237,-0.057735529790046,-0.063919727158777,-1.7548611330608,4.2846668975134,0
4696,-0.047990997454943,-0.065008936402066,-1.7526191539922,5.5947449922488,0
4833,-0.0023815124542506,-0.046027500558657,-1.7511385070689,7.6673033543369,0
5380,0.10216780408727,-0.019235117599704,-1.7511124367267,9.7379599847449,0
3246,-0.019724957968721,-0.039880595739977,-1.7502771017224,1.837268056541,0
3238,-0.057664764917741,-0.064617453286382,-1.749159181903,4.4134773628281,0
3247,-0.022382163504181,-0.041175323993457,-1.744920723362,1.9660785218547,0
3239,-0.057369943989287,-0.065170443715994,-1.7434572307452,4.5422878281427,0
4786,-0.024360433956281,-0.056876203401587,-1.7410559519205,6.8053115428818,0
3248,-0.025047617177094,-0.042568987823587,-1.7395643450017,2.0948889871685,0
4880,0.026069158634657,-0.034119675501671,-1.736232212343,8.5431553209967,0
3249,-0.02771417560371,-0.044041395093556,-1.7342079666413,2.2236994524823,0
4651,-0.054536791649266,-0.066417344899529,-1.7327566894147,5.0085601214527,0
5379,0.094839502495832,-0.022213364398367,-1.7325609286596,9.6396581540326,0
4740,-0.039728884372574,-0.06347450109834,-1.7309589848248,6.0764837248134,0
4832,-0.0058411832312348,-0.048473967243474,-1.7300409112703,7.5472794212566,0
3250,-0.030369591670854,-0.045573480842501,-1.728851588281,2.3525099177962,0
4695,-0.049395203499941,-0.06622181680336,-1.7263843922028,5.478503588549,0
3251,-0.032997480697297,-0.047147222277374,-1.7234952099206,2.4813203831101,0
4785,-0.027103809118841,-0.059021609982022,-1.7182227168113,6.6864673006072,0
3252,-0.035578275175511,-0.048745631845619,-1.7181388315603,2.610130848424,0
4879,0.021249168669312,-0.036604044744928,-1.7168914835329,8.4220334052977,0
5378,0.086703165850894,-0.024690786377628,-1.7140094205925,9.5413563233199,0
3253,-0.038090193852802,-0.050352797314917,-1.7127824531999,2.738941313738,0
4831,-0.0091754078905012,-0.050903459391376,-1.7089433154717,7.4272554881764,0
3254,-0.040510214730476,-0.051953934263551,-1.7074260748396,2.8677517790524,0
4739,-0.041748284959088,-0.065087120504505,-1.7064128572861,5.9589004716924,0
4650,-0.054947344732264,-0.067077000264392,-1.7048590544317,4.8937409612661,0
3255,-0.042815018314674,-0.053535427009147,-1.7020696964792,2.9965622443671,0
4694,-0.050592160174609,-0.067290591005496,-1.7001496304134,5.3622621848492,0
4878,0.016712586712748,-0.039131733966892,-1.6975507547227,8.3009114895987,0
3256,-0.044981858289078,-0.055084848328108,-1.6967133181188,3.1253727096818,0
4927,0.076794326427135,-0.026854703380851,-1.6959515861997,9.4311365036239,0
4784,-0.029725609495276,-0.061090186321897,-1.695389481702,6.5676230583324,0
3257,-0.046989319349015,-0.056590965290103,-1.6913569397584,3.2541831749965,0
4830,-0.012390870157038,-0.053310335672718,-1.6878457196731,7.3072315550958,0
3258,-0.048817944117138,-0.058043754079386,-1.686000561398,3.382993640311,0
5377,-0.02659081406752,0.00094389751777835,-1.6853277750276,10.466717093631,0
4738,-0.043595215389327,-0.066565796228114,-1.6818667297473,5.8413172185713,0
3259,-0.050450738642177,-0.059434453795563,-1.6806441830376,3.5118041056256,0
4926,0.067311234416883,-0.028712014914592,-1.6783874254812,9.3089986949446,0
4877,0.012429152020567,-0.04167910401618,-1.6782100259125,8.1797895738999,0
4649,-0.05511592893296,-0.067559605566406,-1.6769614194488,4.7789218010797,0
3260,-0.051873564529371,-0.060755652337047,-1.6752878046772,3.6406145709403,0
4693,-0.051574047914031,-0.068211148615008,-1.6739148686241,5.2460207811493,0
4783,-0.032217253466632,-0.063065139338918,-1.6725562465927,6.4487788160575,0
3261,-0.053075392084446,-0.062001231862989,-1.6699314263169,3.7694250362549,0
301,-1.2148857161935,0.015324373226074,-1.6699262345444,0.1875000060004,0
300,-1.4012887439372,0.0050846533145695,-1.6699262345444,0.062500002000118,0
302,-0.96242973253934,0.021697901586606,-1.6699262345444,0.31250001000043,0
303,-0.69637908858783,0.018583456337529,-1.6699262345444,0.43750001400015,0
1108,-0.45283054486711,0.0070003244542981,-1.6699262345444,0.56250001799994,0
1109,-0.25332521190477,-0.0085205579234649,-1.6699262345444,0.68750002199982,0
1110,-0.11940146330348,-0.022368462198816,-1.6699262345444,0.81250002599986,0
1111,-0.04299916607936,-0.031521361097246,-1.6699262345444,0.93750002999998,0
5376,0.015515666591637,-2.5416851564656e-05,-1.668709372123,10.368067233708,0
3268,-0.0097939333043664,-0.035843799927954,-1.6674208317629,1.0644052646571,0
4829,-0.015491166053027,-0.055685832907606,-1.6667481238745,7.1872076220152,0
3262,-0.054048385474405,-0.06316592897467,-1.6645750479565,3.8982355015696,0
3269,-0.0035285531150091,-0.036837640925649,-1.6624100262,1.1932157299712,0
4925,0.058601213772984,-0.030450616782695,-1.6608232647628,9.186860886265,0
3263,-0.05478791228437,-0.06424532147915,-1.6592186695961,4.0270459668842,0
4876,0.0083728217944376,-0.044216089649708,-1.6588692971023,8.0586676582011,0
3270,-0.0056079161696845,-0.037042487869372,-1.6573992206371,1.3220261952852,0
4737,-0.045260607880716,-0.067902531971341,-1.6573206022086,5.7237339654503,0
3264,-0.055292644899756,-0.065238899013629,-1.6538622912357,4.1558564321988,0
3271,-0.0082797628494868,-0.037514807426221,-1.6523884150742,1.4508366605993,0
5375,0.054482369848333,-0.0015679842689745,-1.6520909692184,10.269417373785,0
4782,-0.034569701874801,-0.064930722618308,-1.6497230114834,6.3299345737827,0
4648,-0.055037154344122,-0.068147574995296,-1.6490637844658,4.6641026408932,0
3265,-0.055564296837724,-0.066153539693851,-1.6485059128753,4.2846668975134,0
4692,-0.052333478176722,-0.068979954890645,-1.6476801068347,5.1297793774495,0
3272,-0.010938981108972,-0.038228474305786,-1.6473776095112,1.5796471259132,0
4828,-0.018476890451522,-0.058017856632769,-1.6456505280759,7.0671836889349,0
4924,0.050717524283124,-0.032223095274602,-1.6432591040443,9.0647230775857,0
3266,-0.055605901565671,-0.066985126998134,-1.6431495345149,4.4134773628281,0
3273,-0.013578474745376,-0.039144515983157,-1.6423668039483,1.7084575912272,0
4875,0.0045082463512268,-0.046797419919885,-1.6395285682922,7.9375457425021,0
3267,-0.055421262566732,-0.067671533963007,-1.6377931561545,4.5422878281427,0
3274,-0.01621639573081,-0.040236566664658,-1.6373559983854,1.837268056541,0
5374,0.07936601472216,-0.005241578569171,-1.6354725663137,10.170767513862,0
4736,-0.04673603568914,-0.069091148515543,-1.6327744746699,5.6061507123293,0
3275,-0.018863591981803,-0.041477797812636,-1.6323451928225,1.9660785218547,0
3276,-0.021522668503741,-0.042843446986292,-1.6273343872596,2.0948889871685,0
4781,-0.036773916912154,-0.066672925095707,-1.6268897763741,6.211090331508,0
4923,0.043607513837535,-0.034120737274314,-1.6256949433259,8.9425852689067,0
4827,-0.021346097452296,-0.060291452797589,-1.6245529322773,6.9471597558552,0
3277,-0.024189107917309,-0.044310804016837,-1.6223235816967,2.2236994524823,0
4691,-0.052863435845798,-0.069593956644228,-1.6214453450453,5.0135379737496,0
4874,0.00081479510746176,-0.049359421219379,-1.620187839482,7.8164238268032,0
5373,0.093967816900045,-0.010241652630236,-1.618854163409,10.072117653939,0
3278,-0.026852488402412,-0.045858778049195,-1.6173127761338,2.3525099177962,0
3279,-0.029497642820539,-0.047467650705659,-1.6123019705709,2.4813203831101,0
4735,-0.048013560923162,-0.07012691406363,-1.6082283471311,5.4885674592082,0
4922,0.037175357930168,-0.036175744127888,-1.6081307826075,8.8204474602274,0
3280,-0.032105722594698,-0.049118950993077,-1.607291165008,2.610130848424,0
4780,-0.038821163691801,-0.068279859799687,-1.6040565412648,6.0922460892333,0
4826,-0.024094865817927,-0.062489935464516,-1.6034553364789,6.8271358227757,0
3281,-0.034655255840274,-0.050795417577935,-1.6022803594451,2.738941313738,0
5372,0.10072486553617,-0.015422483429324,-1.6022357605044,9.9734677940162,0
4873,-0.0027232597512621,-0.051909021092474,-1.6008471106718,7.6953019111042,0
3282,-0.037123205517236,-0.052480989848698,-1.5972695538821,2.8677517790524,0
4690,-0.053157640923334,-0.070050000587146,-1.5952105832559,4.8972965700496,0
3283,-0.039485990588052,-0.05416079172841,-1.5922587483192,2.9965622443671,0
4921,0.031316967203046,-0.038383712370341,-1.590566621889,8.6983096515478,0
3284,-0.041720418700377,-0.055821094663919,-1.5872479427563,3.1253727096819,0
5371,0.10178746757569,-0.020198642533001,-1.5856173575998,9.8748179340938,0
4734,-0.049085553064321,-0.071006136884802,-1.5836822195924,5.3709842060872,0
4825,-0.026717873429345,-0.064596131253848,-1.5823577406805,6.7071118896961,0
3285,-0.043804479394812,-0.05744927571235,-1.5822371371933,3.2541831749965,0
4872,-0.0061170334017984,-0.054443870382448,-1.5815063818616,7.5741799954056,0
4779,-0.040703159526108,-0.069741881100621,-1.5812233061555,5.9734018469587,0
3286,-0.045717981314731,-0.05903381238787,-1.5772263316304,3.382993640311,0
4920,0.025938885949777,-0.040721483710296,-1.5730024611705,8.5761718428683,0
3287,-0.047443063074718,-0.06056435082242,-1.5722155260674,3.5118041056256,0
5370,0.098968270669978,-0.024330049805255,-1.5689989546953,9.7761680741718,0
4689,-0.053210963771004,-0.070324991132654,-1.5689758214665,4.7810551663498,0
3288,-0.048964602806829,-0.062031819480552,-1.5672047205045,3.6406145709403,0
3289,-0.050270501314316,-0.063428399349518,-1.5621939149415,3.7694250362549,0
4871,-0.009374811078816,-0.056952197867231,-1.5621656530515,7.453058079707,0
4824,-0.029208928275526,-0.066593448058104,-1.561260144882,6.5870879566161,0
4733,-0.049944565575909,-0.071725756834562,-1.5591360920536,5.2534009529661,0
4778,-0.042412083777501,-0.071051477073958,-1.5583900710462,5.8545576046841,0
3290,-0.051351811318152,-0.064747158786678,-1.5571831093786,3.8982355015696,0
4919,0.02096537989031,-0.043159112956923,-1.5554383004521,8.4540340341886,0
304,-1.419243786026,0.0044947289863191,-1.5547589080241,0.062500002000118,0
305,-1.2319679190557,0.015134844672687,-1.5547589080241,0.1875000060004,0
306,-0.97112231440539,0.022407109995758,-1.5547589080241,0.31250001000043,0
307,-0.69380099411849,0.019120088624155,-1.5547589080241,0.43750001400015,0
1114,-0.10548340935307,-0.024947568481893,-1.5547589080241,0.81250002599984,0
1115,-0.033052224640741,-0.033801947368866,-1.5547589080241,0.93750002999997,0
1112,-0.44090011690617,0.0061940345193082,-1.5547589080241,0.56250001799993,0
1113,-0.23784351249425,-0.010658999414136,-1.5547589080241,0.6875000219998,0
3296,-0.0039022517814065,-0.037458033242881,-1.5524262916413,1.0644052646571,0
5369,0.093690746577554,-0.027773720190699,-1.5523805517908,9.6775182142498,0
3291,-0.052202802926276,-0.065982206818116,-1.5521723038157,4.0270459668842,0
3297,0.00029208196490845,-0.037906303045518,-1.5477610588759,1.1932157299712,0
3292,-0.052821052922654,-0.067131661053028,-1.5471614982527,4.1558564321988,0
3298,-0.0021801349852104,-0.03778585482701,-1.5430958261104,1.3220261952852,0
4870,-0.012501871932132,-0.059418854593891,-1.5428249242413,7.3319361640082,0
4688,-0.053015875280495,-0.070658090899578,-1.5427410596771,4.6648137626499,0
3293,-0.053206954178704,-0.068200306173382,-1.5421506926898,4.2846668975134,0
4823,-0.031561411037126,-0.068466687393418,-1.5401625490835,6.4670640235362,0
3299,-0.004895988124536,-0.038043952726397,-1.5384305933449,1.4508366605993,0
4918,0.016337501158701,-0.04566750178386,-1.5378741397336,8.3318962255089,0
3294,-0.053361852555802,-0.069181933618094,-1.5371398871268,4.4134773628281,0
5368,0.086985449087784,-0.030686213492218,-1.5357621488863,9.5788683543275,0
4777,-0.043940488417951,-0.072202995246956,-1.535556835937,5.7357133624095,0
4732,-0.050583310572608,-0.07228298819127,-1.5345899645149,5.135817699845,0
3300,-0.007535796122326,-0.038579175934836,-1.5337653605794,1.5796471259132,0
3295,-0.053288697684407,-0.070018841499405,-1.5321290815639,4.5422878281427,0
3301,-0.010146146626808,-0.039352299217666,-1.529100127814,1.7084575912271,0
3302,-0.012751984781475,-0.040336357742216,-1.5244348950485,1.837268056541,0
4869,-0.015500659998465,-0.061827530859838,-1.5234841954312,7.2108142483092,0
4917,0.012008575586769,-0.048221047947756,-1.5203099790152,8.2097584168294,0
3303,-0.015368043074873,-0.041501335075187,-1.519769662283,1.9660785218547,0
4967,0.077979628646161,-0.033319830571211,-1.5195682349614,9.4680077948216,0
4822,-0.033768602012712,-0.07020258700945,-1.5190649532849,6.3470400904563,0
3304,-0.0180003287319,-0.0428190562178,-1.5151044295176,2.0948889871685,0
4776,-0.045281155474291,-0.073192261285924,-1.5127236008277,5.6168691201348,0
3305,-0.020646892421159,-0.044264055667644,-1.5104391967521,2.2236994524823,0
4731,-0.050994683779726,-0.072675241134625,-1.5100438369762,5.0182344467239,0
3306,-0.023299088613451,-0.045813148562437,-1.5057739639866,2.3525099177962,0
4868,-0.018371364975965,-0.064160979589637,-1.504143466621,7.0896923326106,0
4966,0.06884729628197,-0.035570598224432,-1.5037988100163,9.3449365357322,0
4916,0.0079358318128847,-0.050787849146024,-1.5027458182967,8.0876206081499,0
3307,-0.025942969974721,-0.047444958329658,-1.5011087312212,2.4813203831101,0
4821,-0.035823884285349,-0.071790098961457,-1.4979673574864,6.2270161573765,0
3308,-0.02856044602782,-0.049139609795914,-1.4964434984557,2.610130848424,0
3309,-0.031130419011233,-0.050878588179863,-1.4917782656902,2.738941313738,0
4775,-0.046426924755721,-0.074016159925443,-1.4898903657184,5.4980248778602,0
5367,-0.024501028202027,-0.00034703629035984,-1.4889557280167,10.503690437586,0
4965,0.060118097492516,-0.037605895570417,-1.4880293850712,9.2218652766426,0
3310,-0.03362992775924,-0.052644652505586,-1.4871130329248,2.8677517790524,0
4730,-0.051172200816517,-0.072899234739524,-1.4854977094374,4.9006511936027,0
4915,0.0040787963112971,-0.053422630947341,-1.4851816575783,7.9654827994703,0
4867,-0.021112522834611,-0.066401483690584,-1.4848027378109,6.9685704169125,0
3311,-0.036035251774146,-0.054421744676381,-1.4824478001593,2.9965622443672,0
3312,-0.038322908704569,-0.056194872113401,-1.4777825673938,3.1253727096819,0
4820,-0.037720832694291,-0.073220437841982,-1.476869761688,6.1069922242968,0
5366,-0.010356197211054,-0.0035816701672597,-1.4742769261766,10.404730472182,0
3313,-0.040470472637097,-0.057949992085027,-1.4731173346283,3.2541831749965,0
4964,0.052000480983322,-0.039569073192435,-1.4722599601261,9.0987940175533,0
3314,-0.042457194200828,-0.059673971738202,-1.4684521018628,3.382993640311,0
4914,0.00041671985706856,-0.05604677367821,-1.4676174968598,7.8433449907907,0
4774,-0.047370561684029,-0.074672208600423,-1.4670571306091,5.3791806355855,0
4866,-0.023721515006598,-0.068531730466802,-1.4654620090009,6.8474485012147,0
3315,-0.044264487254811,-0.061354673606402,-1.4637868690973,3.5118041056256,0
4729,-0.051110638745568,-0.072937940050626,-1.4609515818987,4.7830679404816,0
5365,0.035222497303244,-0.0046321127629509,-1.4595981243365,10.305770506779,0
3316,-0.045876340682836,-0.062981109898737,-1.4591216363318,3.6406145709403,0
4963,0.044558409355397,-0.041572478907677,-1.456490535181,8.9757227584642,0
4819,-0.039453205018518,-0.074486930034333,-1.4557721658895,5.9869682912171,0
3317,-0.047279632271197,-0.064543453263438,-1.4544564035663,3.7694250362549,0
4913,-0.0030665352331841,-0.058655174256456,-1.4500533361413,7.7212071821111,0
3318,-0.048464309347158,-0.066032760698986,-1.4497911708008,3.8982355015696,0
4865,-0.026194970406218,-0.070535643954677,-1.4461212801909,6.7263265855168,0
3319,-0.049423502839056,-0.067441273078465,-1.4451259380353,4.0270459668843,0
5364,0.06288511329851,-0.008220202565656,-1.4449193224963,10.206810541375,0
4773,-0.048104703155187,-0.07515818855907,-1.4442238954998,5.2603363933108,0
4962,0.037780197053785,-0.043679400813035,-1.4407211102359,8.8526514993748,0
3320,-0.050153564169787,-0.06876519069903,-1.4404607052698,4.1558564321988,0
308,-1.4363635135217,0.0038408117912125,-1.4395915815038,0.062500002000118,0
309,-1.2495970887132,0.014716497792057,-1.4395915815038,0.1875000060004,0
310,-0.98034288588433,0.023122679629543,-1.4395915815038,0.31250001000043,0
1118,-0.091123394997384,-0.027821040455488,-1.4395915815038,0.81250002599981,0
1119,-0.023319690382125,-0.036194626236684,-1.4395915815038,0.93750002999996,0
1116,-0.42745011949348,0.0052295930163736,-1.4395915815038,0.56250001799992,0
311,-0.69060676006427,0.019699179767673,-1.4395915815038,0.43750001400015,0
1117,-0.22115180262379,-0.013131859117756,-1.4395915815038,0.68750002199977,0
3324,0.0016435035004695,-0.039005426019737,-1.4374317515198,1.0644052646571,0
4728,-0.050801072037772,-0.072986967565645,-1.4364054543599,4.6654846873605,0
3321,-0.05065330043283,-0.070006530996768,-1.4357954725043,4.2846668975134,0
4818,-0.04101484601021,-0.075584718585021,-1.434674570091,5.8669443581373,0
3325,0.003700079765199,-0.038682173983881,-1.4331120915517,1.1932157299712,0
4912,-0.0063839360753676,-0.061234546361976,-1.4324891754229,7.5990693734318,0
3322,-0.050921988009943,-0.071156750698229,-1.4311302397388,4.4134773628281,0
5363,0.080164165445717,-0.01323297604517,-1.4302405206561,10.107850575972,0
3326,0.001129914173068,-0.038272200713463,-1.4287924315837,1.3220261952852,0
4864,-0.028529072369727,-0.072398971979667,-1.4267805513809,6.6052046698185,0
3323,-0.050961322769766,-0.072163510579925,-1.4264650069733,4.5422878281427,0
4961,0.031614184930717,-0.045910314516802,-1.4249516852907,8.7295802402851,0
3327,-0.0016248450170551,-0.038309051824991,-1.4244727716157,1.4508366605992,0
4772,-0.048621912691957,-0.075471852799806,-1.4213906603905,5.1414921510362,0
3328,-0.0042645962847698,-0.038664882598895,-1.4201531116476,1.5796471259132,0
3329,-0.006821480145104,-0.039279315862346,-1.4158334516796,1.7084575912271,0
5362,0.089852981038988,-0.018585457603969,-1.415561718816,10.008890610568,0
4911,-0.0095453991585176,-0.063764122815363,-1.4149250147044,7.4769315647526,0
4817,-0.042399540496366,-0.076510381230169,-1.4135769742925,5.7469204250577,0
3330,-0.0093707824707158,-0.04013057754059,-1.4115137917116,1.837268056541,0
4960,0.025990520389649,-0.048259589090719,-1.4091822603456,8.6065089811955,0
4863,-0.030719768907647,-0.074109622888045,-1.4074398225708,6.4840827541202,0
3331,-0.011932411388106,-0.041194188585967,-1.4071941317436,1.9660785218547,0
3332,-0.014515279651733,-0.042440909755038,-1.4028744717755,2.0948889871684,0
5361,0.093834220295141,-0.023672502973017,-1.4008829169758,9.9099306451653,0
4771,-0.04891481734919,-0.075610870220405,-1.3985574252812,5.0226479087614,0
3333,-0.017119885290616,-0.04384285283099,-1.3985548118075,2.2236994524823,0
4910,-0.012557595227726,-0.066222089234259,-1.397360853986,7.354793756073,0
3334,-0.019739228407828,-0.045374845259672,-1.3942351518395,2.3525099177962,0
4959,0.020837743565784,-0.050708403587459,-1.3934128354005,8.4834377221058,0
4816,-0.043600862172858,-0.077261498424808,-1.3924793784941,5.626896491978,0
3335,-0.022360566832017,-0.047014034459063,-1.3899154918715,2.4813203831101,0
4862,-0.032762889940545,-0.075657788842079,-1.3880990937607,6.362960838422,0
5360,0.093638457638487,-0.02822197575067,-1.3862041151358,9.8109706797627,0
3336,-0.024966615006175,-0.048739335941803,-1.3855958319035,2.610130848424,0
3337,-0.027536728837792,-0.050531171922432,-1.3812761719354,2.738941313738,0
4909,-0.015424628331888,-0.068587984125099,-1.3797966932676,7.2326559473934,0
4958,0.01609063880375,-0.053233189179445,-1.3776434104553,8.360366463016,0
3338,-0.030048137421454,-0.052371301082277,-1.3769565119674,2.8677517790525,0
4770,-0.048976627979316,-0.075571832561833,-1.3757241901719,4.9038036664867,0
3339,-0.032477140898326,-0.054242639958361,-1.3726368519993,2.9965622443672,0
5359,0.090523561061997,-0.032151787645833,-1.3715253132958,9.7120107143601,0
4815,-0.044612046929097,-0.077836239517587,-1.3713817826956,5.5068725588982,0
4861,-0.034654176622322,-0.077035883677266,-1.3687583649506,6.2418389227238,0
3340,-0.034800182919108,-0.056129037732412,-1.3683171920313,3.1253727096819,0
3341,-0.036994684013841,-0.058015049243182,-1.3639975320632,3.2541831749965,0
4908,-0.018148819459426,-0.070842816244342,-1.3622325325491,7.1105181387141,0
4957,0.011690943046219,-0.05580889563601,-1.3618739855102,8.2372952039264,0
3342,-0.039039602545464,-0.059885838542056,-1.3596778720952,3.382993640311,0
5358,0.085466607731266,-0.035560197213708,-1.3568465114558,9.6130507489572,0
3343,-0.040915850442379,-0.061727291146964,-1.3553582121271,3.5118041056256,0
4769,-0.048801832011603,-0.075342974686327,-1.3528909550626,4.784959424212,0
3344,-0.042606687926889,-0.063526233658026,-1.3510385521591,3.6406145709403,0
4814,-0.04542592833204,-0.078232980873356,-1.3502841868971,5.3868486258185,0
4860,-0.036389236684627,-0.078238344702945,-1.3494176361406,6.1207170070258,0
3345,-0.044098076384762,-0.065270506599003,-1.346718892191,3.769425036255,0
4956,0.0075806313739515,-0.058414659456277,-1.3461045605651,8.1142239448369,0
4907,-0.020731252781292,-0.072969180830201,-1.3446683718307,6.9883803300354,0
5007,0.077721998775818,-0.038808410599209,-1.342528079922,9.5016097949374,0
3346,-0.045378927825209,-0.066948781640807,-1.342399232223,3.8982355015696,0
3347,-0.046441257931683,-0.068550960009854,-1.3380795722549,4.0270459668843,0
3348,-0.047280105775625,-0.070070644208664,-1.3337599122869,4.1558564321988,0
4955,0.0037180588628074,-0.06106853523409,-1.33033513562,7.9911526857472,0
4859,-0.037963469881845,-0.079261289046536,-1.3300769073306,5.9995950913278,0
4768,-0.048380870411174,-0.075076375625428,-1.3300577199533,4.6661151819373,0
3349,-0.047892413084079,-0.071506226895341,-1.3294402523188,4.2846668975134,0
4813,-0.046034929787266,-0.078450039782674,-1.3291865910986,5.2668246927387,0
5006,0.069283586021738,-0.041657947613494,-1.3285700186945,9.3776878523008,0
4906,-0.023172132725727,-0.07495164753604,-1.3271042111124,6.8662425213569,0
3350,-0.04827492351969,-0.072846408142894,-1.3251205923508,4.413477362828,0
312,-1.4523842655612,0.0031694672877829,-1.3244242549835,0.062500002000118,0
313,-1.2677368636095,0.014024989464642,-1.3244242549835,0.1875000060004,0
314,-0.99024321944908,0.023845093634844,-1.3244242549835,0.31250001000043,0
1120,-0.4122351616046,0.0040577345455706,-1.3244242549835,0.56250001799991,0
1122,-0.076452528729978,-0.030947388419054,-1.3244242549835,0.81250002599979,0
1123,-0.014089133978935,-0.038569825168056,-1.3244242549835,0.93750002999996,0
315,-0.68671095140422,0.020346262786899,-1.3244242549835,0.43750001400015,0
1121,-0.20315994175253,-0.015996609850074,-1.3244242549835,0.68750002199975,0
3352,0.0062748677793867,-0.040246146138794,-1.3224372113982,1.0644052646571,0
3351,-0.048427513350242,-0.074045050523161,-1.3208009323827,4.5422878281427,0
3353,0.0067697204527032,-0.039211893746312,-1.3184631242276,1.1932157299712,0
5005,0.060844692695365,-0.044240106424524,-1.314611957467,9.2537659096639,0
4954,8.5640639454748e-05,-0.063703545676315,-1.3145657106748,7.8680814266575,0
3354,0.0041594197103412,-0.038457235764714,-1.314489037057,1.3220261952852,0
4858,-0.039371919039947,-0.08010213899946,-1.3107361785205,5.8784731756298,0
3355,0.0015104613384521,-0.038221471121708,-1.3105149498864,1.4508366605992,0
4905,-0.025471021517685,-0.076777068442189,-1.3095400503942,6.7441047126783,0
4812,-0.046431274334785,-0.078485441274718,-1.3080889953001,5.146800759659,0
3356,-0.0011009905839185,-0.038389593682534,-1.3065408627158,1.5796471259132,0
3357,-0.0036457105898974,-0.038856817540429,-1.3025667755452,1.7084575912271,0
5004,0.0527502959802,-0.046662088990617,-1.3006538962396,9.1298439670273,0
4953,-0.0033335960510443,-0.06630204939757,-1.2987962857297,7.7450101675678,0
3358,-0.0061168264157057,-0.039560603749467,-1.2985926883747,1.8372680565409,0
3359,-0.0085992240957989,-0.040496930061408,-1.2946186012041,1.9660785218547,0
4904,-0.027626986594074,-0.078434693445777,-1.2919758896758,6.6219669039993,0
5357,-0.020868926999911,-0.0016745785605809,-1.291925724969,10.536979864182,0
4857,-0.040609131189661,-0.080759202016953,-1.2913954497105,5.7573512599317,0
3360,-0.01110810429773,-0.041646004612312,-1.2906445140335,2.0948889871684,0
4811,-0.046607196441999,-0.078336912757212,-1.2869913995016,5.0267768265792,0
5003,0.045176461859608,-0.049032179188139,-1.2866958350122,9.005922024391,0
3361,-0.01364647057645,-0.042979981213254,-1.2866704268629,2.2236994524823,0
4952,-0.0065565635117769,-0.068842493735922,-1.2830268607846,7.6219389084784,0
3362,-0.016208731673758,-0.044472266626622,-1.2826963396924,2.3525099177962,0
5356,-0.019449161320076,-0.0033549492427613,-1.2791922777383,10.437747837651,0
3363,-0.018783347699362,-0.046098972706865,-1.2787222525218,2.4813203831101,0
3364,-0.021353925652034,-0.047838150877718,-1.2747481653512,2.610130848424,0
4903,-0.029638670433396,-0.079916107648438,-1.2744117289574,6.4998290953204,0
5002,0.038197640341991,-0.0514249376503,-1.2727377737847,8.8820000817544,0
4856,-0.041669052365917,-0.081231269885574,-1.2720547209004,5.6362293442337,0
3365,-0.023900386345274,-0.049669455720462,-1.2707740781806,2.7389413137381,0
4951,-0.0095974940210943,-0.071300121482427,-1.2672574358395,7.4988676493891,0
3366,-0.026400293908273,-0.051573917089721,-1.26679999101,2.8677517790525,0
5355,0.019332554308319,-0.0052553495560647,-1.2664588305076,10.33851581112,0
4810,-0.046555548103973,-0.078000948212652,-1.2658938037031,4.9067528934994,0
3367,-0.028830171065261,-0.053533672952732,-1.2628259038394,2.9965622443672,0
3368,-0.03116667363233,-0.055531604813022,-1.2588518166688,3.1253727096819,0
5001,0.031820734814336,-0.053875641750803,-1.2587797125573,8.7580781391175,0
4902,-0.031504293655435,-0.081215041108949,-1.256847568239,6.3776912866416,0
3369,-0.033387435537385,-0.057550941387137,-1.2548777294982,3.2541831749966,0
5354,0.0467747553127,-0.0092117842861284,-1.2537253832768,10.239283784588,0
4855,-0.042544960934766,-0.081517270491392,-1.2527139920904,5.5151074285357,0
4950,-0.012467230855649,-0.073651464383031,-1.2514880108944,7.3757963902995,0
3370,-0.035471504643896,-0.059575071605857,-1.2509036423276,3.3829936403111,0
3371,-0.037399610271974,-0.061587707396435,-1.246929555157,3.5118041056257,0
5000,0.026011567011643,-0.056392316317525,-1.2448216513298,8.6341561964806,0
4809,-0.04627041470485,-0.077470267389125,-1.2447962079046,4.7867289604196,0
3372,-0.039154517968273,-0.063573217873725,-1.2429554679864,3.6406145709403,0
5353,0.065629465035165,-0.014392185046466,-1.2409919360461,10.140051758057,0
4901,-0.033221589834927,-0.082327083976741,-1.2392834075207,6.2555534779628,0
3373,-0.040721447818134,-0.065516796810774,-1.2389813808158,3.769425036255,0
4949,-0.015174016868646,-0.075875998892398,-1.2357185859492,7.2527251312098,0
3374,-0.042088434446614,-0.067404359565822,-1.2350072936452,3.8982355015696,0
4854,-0.043229458157639,-0.081615993208747,-1.2333732632803,5.3939855128376,0
3375,-0.043246515523923,-0.069222945475287,-1.2310332064746,4.0270459668843,0
4999,0.020715426280037,-0.058967685054056,-1.2308635901023,8.5102342538437,0
5352,0.07762067755956,-0.019966615614806,-1.2282584888154,10.040819731526,0
3376,-0.044189436982093,-0.070962734327544,-1.2270591193039,4.1558564321988,0
4808,-0.045742384247894,-0.076853860754075,-1.2236986121061,4.6667050273399,0
3377,-0.04491204536836,-0.072617401583591,-1.2230850321333,4.2846668975134,0
4900,-0.034787750631073,-0.083249317144669,-1.2217192468024,6.1334156692841,0
4948,-0.0177243015474,-0.077956122889023,-1.2199491610041,7.1296538721205,0
3378,-0.045407983426893,-0.074172217677968,-1.2191109449627,4.413477362828,0
4998,0.015870752083091,-0.061586493704909,-1.2169055288748,8.3863123112067,0
5351,0.084124939554987,-0.025364527767823,-1.2155250415847,9.9415877049949,0
3379,-0.045674489605336,-0.075587914442658,-1.2151368577921,4.5422878281427,0
4853,-0.043714628855514,-0.08152591263919,-1.2140325344703,5.2728635971395,0
316,-1.4670513103165,0.0025345516075675,-1.2092569284632,0.062500002000118,0
317,-1.2863000129336,0.013029269673644,-1.2092569284632,0.1875000060004,0
318,-1.0010058493527,0.024586044336168,-1.2092569284632,0.31250001000043,0
319,-0.68198718090867,0.021082555318655,-1.2092569284632,0.43750001400015,0
1124,-0.39494180440779,0.0026139227831633,-1.2092569284632,0.56250001799991,0
1125,-0.1838104532083,-0.019333667782532,-1.2092569284632,0.68750002199972,0
1126,-0.061637825111142,-0.034318936448244,-1.2092569284632,0.81250002599977,0
1127,-0.0055321577308578,-0.040874781914639,-1.2092569284632,0.93750002999995,0
3380,0.010159862536475,-0.04128822451232,-1.2074426712766,1.0644052646571,0
4947,-0.020123128244656,-0.079877021231052,-1.2041797360591,7.0065826130317,0
4899,-0.036199319413773,-0.083979929580118,-1.204155086084,6.0112778606054,0
3381,0.0094743805005439,-0.039537702980646,-1.2038141569035,1.1932157299712,0
4997,0.011415087609873,-0.064227037427504,-1.2029474676474,8.2623903685699,0
5350,0.086343369229103,-0.030314601847656,-1.2027915943541,9.8423556784645,0
3382,0.0068907573748856,-0.038349397390557,-1.2001856425303,1.3220261952852,0
3383,0.0043535175067354,-0.037757792009456,-1.1965571281572,1.4508366605992,0
4852,-0.043992254898641,-0.081245118761386,-1.1946918056602,5.1517416814415,0
3384,0.0018847969602353,-0.037656773524887,-1.192928613784,1.5796471259132,0
5349,0.085332349408031,-0.034726262954345,-1.1900581471235,9.743123651934,0
3385,-0.00057947630090647,-0.037953975684345,-1.1893000994109,1.7084575912271,0
4996,0.0072862320037174,-0.066886780608993,-1.1889894064199,8.1384684259331,0
4946,-0.022374372306235,-0.081626585214392,-1.1884103111141,6.8835113539432,0
4898,-0.037452039692794,-0.084517826801769,-1.1865909253657,5.8891400519267,0
3386,-0.0030337751633353,-0.038544031117117,-1.1856715850377,1.8372680565409,0
3387,-0.0054183219232785,-0.039337499572821,-1.1820430706646,1.9660785218547,0
3388,-0.0078278393497436,-0.040360355783963,-1.1784145562915,2.0948889871684,0
5348,0.081971838809941,-0.038656083093367,-1.1773246998929,9.6438916254033,0
4851,-0.044054118943104,-0.080771300099653,-1.1753510768501,5.0306197657433,0
4995,0.0034444261095791,-0.069522119404039,-1.1750313451925,8.0145464832961,0
3389,-0.010273587190502,-0.041596862099963,-1.1747860419183,2.2236994524823,0
4945,-0.024480915649959,-0.083195291033093,-1.1726408861691,6.7604400948545,0
3390,-0.012751989495911,-0.043021520911802,-1.1711575275452,2.3525099177962,0
4897,-0.038540788021945,-0.084862250698989,-1.1690267646474,5.767002243248,0
3391,-0.01525270864301,-0.044610555482839,-1.1675290131721,2.4813203831102,0
5047,0.075690572258131,-0.042617455979982,-1.1648921687396,9.531930830246,0
3392,-0.017760361047627,-0.046341758132613,-1.1639004987989,2.6101308484241,0
4994,-0.00012947844153798,-0.072107219153121,-1.161073283965,7.8906245406592,0
3393,-0.02025557799749,-0.04819443282566,-1.1602719844258,2.7389413137381,0
4944,-0.026444735323435,-0.084575968748405,-1.1568714612241,6.6373688357654,0
3394,-0.022716437980411,-0.05014924426965,-1.1566434700526,2.8677517790525,0
4850,-0.04389271173572,-0.08010100249855,-1.1560103480401,4.9094978500452,0
3395,-0.025119929781156,-0.052187896350998,-1.1530149556795,2.9965622443672,0
5046,0.068180320046131,-0.04623457163624,-1.1527605536639,9.4072412664623,0
4896,-0.039459529042509,-0.085012483653398,-1.151462603929,5.6448644345693,0
3396,-0.027443284340043,-0.054292597080607,-1.1493864413063,3.125372709682,0
4993,-0.0034552876973094,-0.074617759247575,-1.1471152227375,7.7667025980223,0
3397,-0.029664850271513,-0.056445396789986,-1.1457579269331,3.2541831749966,0
3398,-0.031764297681034,-0.058627850945215,-1.14212941256,3.3829936403111,0
4943,-0.028266926804209,-0.085763484497889,-1.141102036279,6.5142975766765,0
5045,0.060271091421291,-0.049593167977664,-1.1406289385881,9.2825517026784,0
3399,-0.033722601805152,-0.060821288214606,-1.1385008981868,3.5118041056257,0
4849,-0.04350169976634,-0.079230751812494,-1.13666961923,4.7883759343471,0
3400,-0.035522333726217,-0.063007358433779,-1.1348723838137,3.6406145709403,0
4895,-0.040201328354139,-0.084967625289869,-1.1338984432107,5.5227266258906,0
4992,-0.0065542035158685,-0.077029674823259,-1.13315716151,7.6427806553856,0
3401,-0.037148208810097,-0.065168350245523,-1.1312438694405,3.769425036255,0
5044,0.052432779385456,-0.052737073694269,-1.1284973235123,9.1578621388948,0
3402,-0.038587648676614,-0.067287125971412,-1.1276153550673,3.8982355015696,0
4942,-0.029947683064934,-0.086754363794281,-1.125332611334,6.3912263175875,0
3403,-0.039831023753137,-0.069347348800856,-1.1239868406942,4.0270459668843,0
3404,-0.040870987493909,-0.07133480975557,-1.120358326321,4.1558564321988,0
4991,-0.0094455041544726,-0.079320113794232,-1.1191991002826,7.5188587127491,0
4848,-0.042872567458208,-0.078227491861059,-1.11732889042,4.667254018649,0
3405,-0.041700160113033,-0.073237109557117,-1.1167298119478,4.2846668975134,0
5043,0.044945024983732,-0.055744253253038,-1.1163657084365,9.0331725751114,0
4894,-0.040758445336975,-0.084726463542272,-1.1163342824923,5.4005888172119,0
3406,-0.042308478970953,-0.075035068689561,-1.1131012975747,4.413477362828,0
4941,-0.031486249178417,-0.087546395801244,-1.1095631863889,6.2681550584986,0
3407,-0.042689417607279,-0.076696673190942,-1.1094727832015,4.5422878281427,0
4990,-0.01214534064585,-0.081468918074663,-1.1052410390552,7.3949367701123,0
5042,0.037957436430947,-0.058679777856696,-1.1042340933607,8.9084830113277,0
4893,-0.041122563874955,-0.084287401117779,-1.098770121774,5.2784510085332,0
5347,-0.019277220035437,-0.0018824866591323,-1.0943068697489,10.566573698002,0
322,-1.0127474831896,0.025213730178941,-1.0940896019429,0.31250001000043,0
1128,-0.37518365710799,0.00066162323157971,-1.0940896019429,0.5625000179999,0
1129,-0.16312412268855,-0.023368592181481,-1.0940896019429,0.6875000219997,0
1130,-0.046945626354469,-0.038069159137227,-1.0940896019429,0.81250002599974,0
320,-1.4800663023133,0.0019750060460022,-1.0940896019429,0.062500002000117,0
321,-1.3050130409281,0.011670717977182,-1.0940896019429,0.1875000060004,0
323,-0.67623699974419,0.021754573715372,-1.0940896019429,0.43750001400015,0
1131,0.0022437287317039,-0.043162538478976,-1.0940896019429,0.93750002999994,0
4940,-0.032880870722002,-0.088138227379398,-1.0937937614439,6.1450837994099,0
3408,0.013182566111357,-0.042018166430242,-1.092448131155,1.0644052646571,0
5041,0.031530641115329,-0.061578646931277,-1.0921024782849,8.7837934475438,0
4989,-0.01466711618962,-0.083459164003551,-1.0912829778277,7.2710148274753,0
3409,0.011715107474122,-0.039575623184241,-1.0891651895793,1.1932157299712,0
3410,0.0092414735807633,-0.037883221697486,-1.0858822480036,1.3220261952852,0
5346,-0.024593128337793,-0.002512213758167,-1.0835237860731,10.467107760819,0
3411,0.0068603432681288,-0.036877673296988,-1.0825993064279,1.4508366605992,0
4892,-0.041285004800334,-0.083648510565205,-1.0812059610556,5.1563131998545,0
5040,0.025666814211574,-0.064453529722697,-1.0799708632091,8.6591038837599,0
3412,0.0045518243248413,-0.036438307644496,-1.0793163648522,1.5796471259132,0
4939,-0.034128710771484,-0.08852901601071,-1.0780243364989,6.0220125403211,0
4988,-0.017022047901247,-0.085277086669892,-1.0773249166003,7.1470928848387,0
3413,0.0022589173185907,-0.036469194721483,-1.0760334232765,1.7084575912271,0
3414,-6.8272366436444e-05,-0.036891231061915,-1.0727504817008,1.8372680565409,0
5345,0.0044781697521108,-0.0045693226880091,-1.0727407023974,10.367641823637,0
3415,-0.0024371954606499,-0.037613226177448,-1.0694675401251,1.9660785218546,0
5039,0.020332996293171,-0.067304057194818,-1.0678392481333,8.5344143199758,0
3416,-0.0047325001794623,-0.038491740840703,-1.0661845985494,2.0948889871684,0
4891,-0.041237168513566,-0.082807553438593,-1.0636418003372,5.0341753911757,0
4987,-0.019219475803242,-0.086911805267663,-1.0633668553729,7.0231709422027,0
3417,-0.0070585489809847,-0.039599703055758,-1.0629016569737,2.2236994524823,0
4938,-0.035225807907252,-0.088718097797866,-1.0622549115539,5.8989412812324,0
5344,0.030922237820883,-0.0088764157007775,-1.0619576187216,10.268175886454,0
3418,-0.0094237220385036,-0.040923942821082,-1.059618715398,2.3525099177963,0
3419,-0.011820161053813,-0.042444222668485,-1.0563357738223,2.4813203831102,0
5038,0.015477910585565,-0.070121965451661,-1.0557076330575,8.4097247561918,0
3420,-0.014233709253134,-0.044139644533008,-1.0530528322466,2.6101308484241,0
5343,0.050686293115404,-0.014053950175974,-1.0511745350459,10.168709949272,0
3421,-0.016645876694242,-0.045989920480432,-1.0497698906709,2.7389413137381,0
4986,-0.021267011979992,-0.088355008998936,-1.0494087941455,6.899248999567,0
3422,-0.01903547276716,-0.047975857005669,-1.0464869490952,2.8677517790525,0
4937,-0.036167067169945,-0.088704747434298,-1.0464854866089,5.7758700221436,0
4890,-0.04097124748664,-0.08176149970495,-1.0460776396189,4.9120375824968,0
5037,0.011042348318093,-0.07289305938981,-1.0435760179817,8.2850351924079,0
3423,-0.021380235779972,-0.050079182135535,-1.0432040075195,2.9965622443673,0
5342,0.064455163576084,-0.019640379271892,-1.0403914513701,10.06924401209,0
3424,-0.023658411464798,-0.052281858870834,-1.0399210659438,3.125372709682,0
3425,-0.025849739828287,-0.054564996694272,-1.0366381243681,3.2541831749966,0
4985,-0.023170663416912,-0.089600606657608,-1.0354507329182,6.775327056931,0
3426,-0.027935250061893,-0.056908248306274,-1.0333551827923,3.3829936403111,0
5036,0.0069684718098045,-0.075608694391871,-1.0314444029059,8.1603456286241,0
4936,-0.036946295921379,-0.088488031652978,-1.0307160616638,5.6527987630549,0
3427,-0.029896705107574,-0.059290303925021,-1.0300722412166,3.5118041056257,0
5341,0.07307693222601,-0.025156673069486,-1.0296083676944,9.9697780749077,0
4889,-0.040480547529763,-0.080510131613665,-1.0285134789005,4.7898997738181,0
3428,-0.031716810665782,-0.06168985260691,-1.0267892996409,3.6406145709403,0
3429,-0.033380034872716,-0.064086151863927,-1.0235063580652,3.769425036255,0
4984,-0.024934932253411,-0.090644320781653,-1.0214926716908,6.6514051142948,0
3430,-0.034873559976929,-0.066458919418873,-1.0202234164895,3.8982355015697,0
5035,0.0032161732068378,-0.078226864756452,-1.0193127878301,8.03565606484,0
5340,0.077416661434147,-0.030343445126515,-1.0188252840187,9.8703121377261,0
3431,-0.036187666601182,-0.068788063385742,-1.0169404749137,4.0270459668843,0
4935,-0.037556298737967,-0.088066749374713,-1.0149466367188,5.5297275039661,0
3432,-0.037314460406828,-0.071053939061481,-1.013657533338,4.1558564321988,0
4888,-0.039757950280109,-0.079080236070669,-1.0109493181822,4.6677619651394,0
3433,-0.038244429314687,-0.073236352497193,-1.0103745917623,4.2846668975134,0
5339,0.078318821769763,-0.035111238940252,-1.0080422003431,9.7708462005446,0
4983,-0.026562864690649,-0.091483263097148,-1.0075346104634,6.5274831716586,0
5034,-0.00023707690271428,-0.080735116005503,-1.0071811727543,7.910966501056,0
3434,-0.038963203495303,-0.075310107931178,-1.0070916501866,4.413477362828,0
3435,-0.039458986973213,-0.077250359509469,-1.0038087086109,4.5422878281427,0
4934,-0.037989036220391,-0.087439455698327,-0.99917721177377,5.4066562448773,0
5338,0.076554452072872,-0.039486179160643,-0.99725911666742,9.6713802633628,0
5033,-0.0034151281868435,-0.083113513967097,-0.99504955767847,7.7862769372721,0
4982,-0.028056080154523,-0.092115512356053,-0.99357654923602,6.4035612290224,0
5087,0.071747979294386,-0.044164051291519,-0.98672175620737,9.5589603668471,0
4933,-0.038235865535127,-0.086604538143998,-0.98340778682874,5.2835849857885,0
5032,-0.0063434377358217,-0.085342589150153,-0.98291794260267,7.6615873734884,0
4981,-0.02941478371261,-0.092539735230036,-0.97961848800864,6.2796392863863,0
324,-1.4911664039871,0.001510345009595,-0.97892227542254,0.062500002000117,0
325,-1.3236183075633,0.0099361226723551,-0.97892227542254,0.1875000060004,0
326,-1.0257272298158,0.025637737553686,-0.97892227542254,0.31250001000043,0
327,-0.66916668934319,0.022272772593814,-0.97892227542254,0.43750001400015,0
1132,-0.35240593942012,-0.0019656299907507,-0.97892227542254,0.56250001799989,0
1133,-0.14106485068232,-0.028221887641565,-0.97892227542254,0.68750002199967,0
1134,-0.032763179413285,-0.042156936019756,-0.97892227542254,0.81250002599972,0
1135,0.0084223539590666,-0.045156366404788,-0.97892227542254,0.93750002999994,0
3436,0.015263711550582,-0.042374043057842,-0.97745359103341,1.0644052646571,0
5086,0.06524237054823,-0.048662508738583,-0.97643011896298,9.4335865109976,0
3437,0.013412680881161,-0.039237714549078,-0.97451622225514,1.1932157299712,0
3438,0.011122042359312,-0.036982674207814,-0.97157885347688,1.3220261952852,0
5031,-0.0090460406570007,-0.087406260195912,-0.97078632752689,7.5368978097049,0
3439,0.0089470309059546,-0.035508981672044,-0.96864148469862,1.4508366605992,0
4932,-0.038287851266469,-0.085560325923896,-0.96763836188372,5.1605137266998,0
5085,0.057998283083567,-0.052984781627336,-0.96613848171859,9.3082126551478,0
3440,0.0068409296965388,-0.034672840610448,-0.96570411592036,1.5796471259132,0
4980,-0.030637781195998,-0.092754864874603,-0.96566042678127,6.1557173437503,0
3441,0.0047455017703171,-0.034365998694588,-0.9627667471421,1.7084575912271,0
3442,0.0026170886075168,-0.034509184232716,-0.95982937836384,1.8372680565409,0
5030,-0.011544016317853,-0.089291546382697,-0.95865471245112,7.4122082459209,0
3443,0.00042324210659547,-0.035038512560184,-0.95689200958558,1.9660785218546,0
5084,0.050597485209982,-0.057083078480047,-0.95584684447422,9.1828387992983,0
3444,-0.00185287312122,-0.035893999748004,-0.95395464080733,2.0948889871684,0
4931,-0.038136172854443,-0.084305133674162,-0.95186893693867,5.0374424676109,0
4979,-0.03172250608318,-0.092759850848467,-0.9517023655539,6.0317954011143,0
3445,-0.0040614754107446,-0.036868403680402,-0.95101727202908,2.2236994524823,0
3446,-0.0062867974587297,-0.038061850625013,-0.94807990325082,2.3525099177963,0
5029,-0.013855430862293,-0.090987992114165,-0.94652309737531,7.2875186821369,0
5083,0.043400826700131,-0.060975655552124,-0.94555520722986,9.0574649434491,0
3447,-0.0085462952733461,-0.039477767764252,-0.94514253447257,2.4813203831102,0
3448,-0.010830896571821,-0.041103236187049,-0.94220516569431,2.6101308484241,0
3449,-0.013123818479865,-0.042920710924361,-0.93926779691606,2.7389413137381,0
4978,-0.032665060976601,-0.092553503658083,-0.93774430432653,5.9078734584783,0
3450,-0.015404950924222,-0.044912132510213,-0.93633042813779,2.8677517790525,0
4930,-0.037772787053467,-0.082837061550319,-0.93609951199363,4.914371208522,0
5082,0.03661517403554,-0.064695083702878,-0.93526356998548,8.9320910875995,0
5028,-0.01599562797443,-0.092487401596284,-0.93439148229953,7.1628291183533,0
3451,-0.017653105566526,-0.047059906643723,-0.93339305935951,2.9965622443673,0
3452,-0.019848036984378,-0.049346379460031,-0.93045569058123,3.125372709682,0
3453,-0.02197179475767,-0.051752084712464,-0.92751832180295,3.2541831749966,0
5081,0.03034088781337,-0.06826053290155,-0.92497193274108,8.8067172317497,0
3454,-0.024007811923734,-0.054254634905427,-0.92458095302468,3.3829936403111,0
4977,-0.03346029403536,-0.092134440089445,-0.92378624309917,5.7839515158423,0
5027,-0.017977440248725,-0.093783600231996,-0.92225986722378,7.0381395545702,0
3455,-0.025939289207425,-0.0568297047804,-0.9216435842464,3.5118041056257,0
4929,-0.037190700008643,-0.081158867538389,-0.92033008704861,4.7912999494332,0
3456,-0.027749333289171,-0.05945279796573,-0.91870621546812,3.6406145709403,0
3457,-0.029422339571115,-0.062100254898681,-0.91576884668985,3.769425036255,0
5080,0.024608103080376,-0.071680133656269,-0.91468029549668,8.6813433759,0
3458,-0.030945689960485,-0.064748976226869,-0.91283147791157,3.8982355015697,0
5026,-0.019811333660973,-0.09487209562212,-0.91012825214809,6.9134499907874,0
3459,-0.032310538778372,-0.067375094286206,-0.90989410913329,4.0270459668843,0
4976,-0.034101916103904,-0.091501120789663,-0.9098281818718,5.6600295732064,0
3460,-0.033509589074381,-0.069952506189692,-0.90695674035502,4.1558564321988,0
4928,-0.036384362426072,-0.079260087931679,-0.90456066210357,4.6682286903444,0
5079,0.019403289264725,-0.074956111213271,-0.90438865825228,8.5559695200501,0
3461,-0.034531796659306,-0.072451113894538,-0.90401937157674,4.2846668975134,0
3462,-0.035357968740321,-0.07483743083664,-0.90108200279846,4.413477362828,0
3463,-0.035969024615239,-0.077093006423795,-0.89814463402019,4.5422878281427,0
5025,-0.021505554139269,-0.095749664976248,-0.89799663707241,6.7887604270044,0
5337,-0.01848304771477,-0.0020052883566811,-0.89616847242685,10.592461559816,0
4975,-0.034582656934138,-0.090651966115161,-0.89587012064442,5.5361076305703,0
5078,0.014687971476899,-0.07808631649457,-0.89409702100789,8.4305956642002,0
5336,-0.026900817647466,-0.0025414263748939,-0.88734001475247,10.492799954033,0
5024,-0.023066270366187,-0.096413951671148,-0.88586502199669,6.6640708632211,0
5077,0.010411596907605,-0.081065476423315,-0.88380538376349,8.3052218083504,0
4974,-0.034894459777903,-0.089585527880857,-0.88191205941703,5.4121856879344,0
5335,-0.010366781198585,-0.0036573002956877,-0.87851155707811,10.393138348251,0
5023,-0.0244977031846,-0.096863095647312,-0.87373340692094,6.5393812994378,0
5076,0.0065209730423887,-0.083889250416546,-0.8735137465191,8.1798479525008,0
5334,0.015480881897009,-0.0075345161088488,-0.86968309940372,10.293476742468,0
4973,-0.035028717007563,-0.08830068095922,-0.86795399818966,5.2882637452983,0
329,-1.3417054684013,0.0079507275217264,-0.86375494890224,0.1875000060004,0
330,-1.0401579357285,0.025873538672832,-0.86375494890224,0.31250001000043,0
328,-1.5002250741045,0.0011559115839713,-0.86375494890224,0.062500002000117,0
331,-0.66040706846832,0.022658241744257,-0.86375494890224,0.43750001400015,0
1136,-0.32607666039661,-0.0052849553717832,-0.86375494890224,0.56250001799988,0
1137,-0.11781739749855,-0.033781819890078,-0.86375494890224,0.68750002199965,0
1138,-0.019590181538143,-0.046318603109416,-0.86375494890224,0.8125000259997,0
1139,0.012854725178461,-0.046714384191381,-0.86375494890224,0.93750002999993,0
5075,0.0029694900712914,-0.086521040301136,-0.86322210927473,8.0544740966509,0
3464,0.016397786472147,-0.042377789819031,-0.86245905091183,1.0644052646571,0
5022,-0.025802239521348,-0.097095431574135,-0.86160179184519,6.4146917356546,0
5333,0.035911323605455,-0.012399889139289,-0.86085464172932,10.193815136686,0
3465,0.014487831063933,-0.038475779128836,-0.859867254931,1.1932157299712,0
3466,0.012439287068384,-0.035598684470828,-0.85727545895018,1.3220261952852,0
3467,0.010514535031711,-0.033600335951614,-0.85468366296936,1.4508366605992,0
4972,-0.034976538513318,-0.086796792576999,-0.85399593696229,5.1643418026623,0
5074,-0.00026985022354365,-0.08896495949851,-0.85293047203034,7.929100240801,0
3468,0.0086520502837821,-0.032307165251462,-0.85209186698853,1.5796471259132,0
5332,0.051049782566442,-0.017690311715656,-0.85202618405494,10.094153530903,0
3469,0.0067923148145124,-0.031597823684516,-0.84950007100771,1.7084575912271,0
5021,-0.026980541353633,-0.097109269742127,-0.84947017676946,6.2900021718715,0
3470,0.0048925202392601,-0.031387476268914,-0.84690827502689,1.8372680565409,0
3471,0.0029226698796501,-0.031613840512511,-0.84431647904607,1.9660785218546,0
5331,0.0613786283919,-0.023016692787267,-0.84319772638058,9.9944919251211,0
5073,-0.003224747704153,-0.091211067471019,-0.84263883478593,7.8037263849512,0
3472,0.00086231235966109,-0.032229542155771,-0.84172468306526,2.0948889871684,0
4971,-0.034729092817952,-0.085073718473316,-0.8400378757349,5.0404198600262,0
3473,-0.0012948924094427,-0.03320097790039,-0.83913288708444,2.2236994524823,0
5020,-0.028031659116544,-0.096902768471339,-0.83733856169375,6.1653126080884,0
3474,-0.0034036054187691,-0.03428603014203,-0.83654109110363,2.3525099177963,0
5330,0.067475859247945,-0.028143918230481,-0.83436926870628,9.8948303193393,0
3475,-0.0055020595999094,-0.035566856208956,-0.83394929512281,2.4813203831102,0
5072,-0.0059232688518308,-0.093248873080301,-0.83234719754154,7.6783525291017,0
3476,-0.0076210015308406,-0.037083414043586,-0.83135749914199,2.6101308484241,0
3477,-0.0097542348908128,-0.038830492347096,-0.82876570316117,2.7389413137381,0
3478,-0.011884673895886,-0.040794060132846,-0.82617390718034,2.8677517790526,0
4970,-0.034278119880317,-0.083131849397369,-0.82607981450751,4.9164979173901,0
5329,0.069969699972373,-0.033013449044415,-0.825540811032,9.7951687135576,0
5019,-0.028953152203211,-0.096473902656918,-0.82520694661802,6.0406230443054,0
3479,-0.013992664655481,-0.042958405100651,-0.82358211119951,2.9965622443673,0
5071,-0.0083917221964406,-0.095071949337375,-0.82205556029717,7.5529786732523,0
3480,-0.016059869419898,-0.045307265487396,-0.82099031521867,3.125372709682,0
3481,-0.018071893771842,-0.047821195401845,-0.81839851923783,3.2541831749966,0
5328,0.069515472359906,-0.037675806881285,-0.81671235335766,9.6955071077757,0
3482,-0.020016162725957,-0.05047544870086,-0.815806723257,3.3829936403111,0
3483,-0.021878054829619,-0.053242035837616,-0.81321492727616,3.5118041056257,0
5018,-0.029741221631332,-0.095820527988578,-0.8130753315423,5.9159334805223,0
4969,-0.033616272892127,-0.080977057262274,-0.81212175328014,4.792575974754,0
5070,-0.010653539631034,-0.096676635240694,-0.8117639230528,7.4276048174025,0
3484,-0.023641084176611,-0.056093031551582,-0.81062313129533,3.6406145709404,0
5127,0.065933429908481,-0.043015094121785,-0.80807828292475,9.5826890143335,0
3485,-0.0252894532217,-0.059002343721078,-0.80803133531449,3.769425036255,0
3486,-0.026811098779195,-0.061945129232425,-0.80543953933366,3.8982355015697,0
3487,-0.028199530212934,-0.064894456619842,-0.80284774335282,4.0270459668843,0
5069,-0.012729110510228,-0.09806046370195,-0.80147228580841,7.3022309615527,0
5017,-0.030390860302739,-0.094940531561216,-0.8009437164666,5.7912439167393,0
3488,-0.029450181602056,-0.067816984939378,-0.80025594737198,4.1558564321988,0
5126,0.060318739052414,-0.048466924310316,-0.7996385997333,9.4567144332311,0
4968,-0.032739075829039,-0.078565798583773,-0.79816369205275,4.668654032118,0
3489,-0.030551913559795,-0.070670201698434,-0.79766415139115,4.2846668975134,0
3490,-0.031480509260372,-0.07340912434621,-0.79507235541031,4.413477362828,0
3491,-0.032207043495596,-0.076019938994405,-0.79248055942948,4.5422878281427,0
5125,0.05375445987636,-0.053920024842319,-0.79119891654185,9.3307398521285,0
5068,-0.014635885845286,-0.099221582620581,-0.79118064856403,7.1768571057032,0
5016,-0.030896020034764,-0.093832051381815,-0.78881210139088,5.6665543529563,0
5124,0.046907103935255,-0.059188266539881,-0.78275923335041,9.2047652710262,0
5067,-0.016388480310424,-0.10015855061904,-0.78088901131968,7.0514832498543,0
5015,-0.031249790778758,-0.092493741882717,-0.77668048631514,5.5418647891732,0
5123,0.04018517874889,-0.064192522051747,-0.77431955015899,9.0787906899242,0
5066,-0.0179987802498,-0.10087010370023,-0.77059737407538,6.9261093940056,0
5122,0.033819566268136,-0.068909487487276,-0.76587986696754,8.9528161088218,0
5014,-0.031444585438323,-0.090925056820249,-0.76454887123941,5.4171752253902,0
5065,-0.019476092982022,-0.10135489938775,-0.7603057368311,6.8007355381568,0
5121,0.027924404722094,-0.073331156484136,-0.75744018377608,8.8268415277192,0
5013,-0.031472321208382,-0.089126512020996,-0.75241725616369,5.2924856616071,0
5064,-0.020827330152316,-0.10161132224331,-0.75001409958677,6.6753616823076,0
5120,0.022540129296263,-0.077456858180968,-0.74900050058461,8.7008669466166,0
334,-1.0562889093395,0.025809516242745,-0.74858762238198,0.31250001000043,0
1143,0.01534561534073,-0.047625979945618,-0.74858762238198,0.93750002999992,0
333,-1.3587950338624,0.0059007131454001,-0.74858762238198,0.1875000060004,0
1142,-0.0080793615165972,-0.050240093054039,-0.74858762238198,0.81250002599967,0
332,-1.5072563557888,0.00087923251064844,-0.74858762238198,0.062500002000117,0
335,-0.64949179096525,0.022771418863815,-0.74858762238198,0.43750001400015,0
1140,-0.29560445623846,-0.0094365717958722,-0.74858762238198,0.56250001799987,0
1141,-0.093765458243655,-0.039919854688697,-0.74858762238198,0.68750002199963,0
3492,0.016596789750226,-0.041949965962291,-0.74746451079029,1.0644052646571,0
3493,0.014853276676432,-0.037232333950267,-0.7452182876069,1.1932157299712,0
3494,0.013098609222232,-0.033700609385993,-0.74297206442352,1.3220261952852,0
3495,0.011459424445728,-0.031132051826292,-0.74072584124014,1.4508366605992,0
5119,0.017661875010716,-0.081291127072893,-0.74056081739315,8.5748923655139,0
5012,-0.031324584576062,-0.087099872775401,-0.74028564108797,5.167796097824,0
5063,-0.022057203139688,-0.10163738189519,-0.73972246234243,6.5499878264585,0
3496,0.0098732099070664,-0.029323307998079,-0.73847961805676,1.5796471259132,0
3497,0.0082832873776167,-0.028142295871115,-0.73623339487338,1.7084575912271,0
3498,0.0066492186477134,-0.027498863262013,-0.73398717169,1.8372680565409,0
5118,0.013258418964225,-0.08484024684823,-0.7321211342017,8.4489177844111,0
3499,0.0049423595198063,-0.027330890443472,-0.73174094850662,1.9660785218546,0
3500,0.0031413750171185,-0.02759582962819,-0.72949472532325,2.0948889871684,0
5062,-0.023168420616332,-0.10143070168118,-0.72943082509808,6.4246139706094,0
5011,-0.030992794889646,-0.084848081741249,-0.72815402601223,5.0431065340409,0
3501,0.0012327647813216,-0.02826597708087,-0.72724850213987,2.2236994524823,0
3502,-0.00077650011357643,-0.029330092364697,-0.7250022789565,2.3525099177963,0
5117,0.0092855810805429,-0.088110271157418,-0.72368145101024,8.3229432033086,0
3503,-0.0027540934736431,-0.030538008216184,-0.72275605577312,2.4813203831102,0
3504,-0.0046863645666724,-0.03191226404084,-0.72050983258975,2.6101308484241,0
5061,-0.024161885981509,-0.1009885901423,-0.71913918785375,6.2992401147604,0
3505,-0.0066174056498271,-0.033545016478487,-0.71826360940637,2.7389413137382,0
5010,-0.030468399480967,-0.082375490633182,-0.7160224109365,4.9184169702577,0
3506,-0.0085497338940076,-0.035438078196426,-0.71601738622298,2.8677517790526,0
5116,0.0056966151659686,-0.091110300706133,-0.71524176781879,8.1969686222061,0
3507,-0.010468177106095,-0.037580892255245,-0.71377116303959,2.9965622443673,0
3508,-0.012356321316372,-0.039960510830278,-0.71152493985619,3.1253727096821,0
3509,-0.014204958432627,-0.042558642282493,-0.7092787166728,3.2541831749966,0
5060,-0.025036893382434,-0.10030818805005,-0.70884755060943,6.1738662589115,0
3510,-0.016008191778974,-0.045347478022472,-0.70703249348941,3.3829936403111,0
5115,0.0024583820494619,-0.093807778239062,-0.70680208462735,8.0709940411034,0
3511,-0.0177543299245,-0.048294224101305,-0.70478627030601,3.5118041056257,0
5009,-0.029743334554256,-0.079691810725776,-0.70389079586077,4.7937274064746,0
3512,-0.019426641473002,-0.05136719149441,-0.70254004712262,3.6406145709404,0
3513,-0.021008392853735,-0.054538805510482,-0.70029382393923,3.769425036255,0
5059,-0.025791320290715,-0.099386681907408,-0.69855591336511,6.0484924030626,0
5114,-0.00046089472652057,-0.096224973361746,-0.69836240143589,7.9450194600007,0
3514,-0.022488013009334,-0.057784708921288,-0.69804760075584,3.8982355015697,0
5327,-0.01880676198599,-0.0025361359150104,-0.69758002526425,10.614634370184,0
3515,-0.023863485261431,-0.061076855609887,-0.69580137757244,4.0270459668843,0
3516,-0.02513671826463,-0.064374445732339,-0.69355515438905,4.1558564321988,0
5008,-0.028812525139019,-0.076726136190554,-0.69175918078504,4.6690378426915,0
3517,-0.026299265077359,-0.067619685012554,-0.69130893120566,4.2846668975134,0
5326,-0.027401255593106,-0.0030375767695208,-0.69070970782909,10.514815414854,0
5113,-0.0030947565776804,-0.098367060116967,-0.68992271824442,7.8190448788981,0
3518,-0.02732226774195,-0.070751808483217,-0.68906270802227,4.413477362828,0
5058,-0.026421815554559,-0.098221572090429,-0.68826427612079,5.9231185472137,0
3519,-0.028163897636482,-0.073758601241914,-0.68681648483887,4.5422878281427,0
5325,-0.017152717794226,-0.0031464017922396,-0.68383939039394,10.414996459525,0
5112,-0.0054758673147104,-0.10023668797551,-0.68148303505296,7.6930702977958,0
5057,-0.026923982340305,-0.096810981264167,-0.67797263887648,5.7977446913649,0
5324,0.0028818951213058,-0.0055919006136862,-0.67696907295876,10.315177504195,0
5111,-0.0076339130503423,-0.10183895291261,-0.67304335186153,7.5670957166935,0
5323,0.022648726994001,-0.0096706125109531,-0.67009875552359,10.215358548865,0
5056,-0.027292554104985,-0.095153986904126,-0.66768100163216,5.672370835516,0
5110,-0.0095948475563221,-0.10317963627386,-0.66460366867009,7.4411211355909,0
5322,0.038492622422452,-0.014222319574743,-0.66322843808842,10.115539593536,0
5055,-0.027521559017026,-0.093250960912047,-0.65738936438782,5.5469969796671,0
5321,0.050025546385997,-0.01888776385274,-0.65635812065327,10.015720638207,0
5109,-0.011380799253809,-0.10426332513523,-0.65616398547864,7.3151465544883,0
5320,0.057417724086757,-0.023526414015348,-0.64948780321817,9.9159016828778,0
5108,-0.013010185871774,-0.1050929613245,-0.64772430228719,7.1891719733859,0
5054,-0.027604463068103,-0.091103897682364,-0.64709772714349,5.4216231238182,0
5319,0.060991181515098,-0.028158575484694,-0.64261748578308,9.816082727549,0
5107,-0.014497926391387,-0.10567000551649,-0.63928461909577,7.0631973922842,0
5053,-0.027534271114142,-0.088716705686083,-0.63680608989916,5.2962492679692,0
5318,0.061299297098151,-0.032872260820038,-0.63574716834795,9.71626377222,0
336,-1.5124639884581,0.00060322999109112,-0.63342029586168,0.062500002000117,0
337,-1.374336965992,0.0040556702153406,-0.63342029586168,0.1875000060004,0
338,-1.0743005414499,0.025282513975161,-0.63342029586168,0.31250001000043,0
339,-0.63581430770262,0.02243020594089,-0.63342029586168,0.43750001400015,0
1144,-0.26042874682958,-0.014536518358674,-0.63342029586168,0.56250001799987,0
1145,-0.069588496683144,-0.04629506320663,-0.63342029586168,0.6875000219996,0
1146,0.0011335324993983,-0.053454760391016,-0.63342029586168,0.81250002599965,0
1147,0.015847369851467,-0.047683833069678,-0.63342029586168,0.93750002999991,0
3520,0.015899895284758,-0.040958668499776,-0.63246997066871,1.0644052646571,0
5106,-0.015855734434731,-0.10599463741033,-0.63084493590439,6.9372228111828,0
3521,0.014453532942796,-0.035468620484092,-0.63056932028277,1.1932157299712,0
5167,0.058385870416176,-0.038782564276815,-0.62902335336838,9.6031085291334,0
3522,0.013028782901876,-0.031297554244454,-0.62866866989683,1.3220261952852,0
3523,0.011694008875485,-0.028143864269541,-0.6267680195109,1.4508366605992,0
5052,-0.027303544352618,-0.086095409347122,-0.62651445265484,5.1708754121203,0
3524,0.010398478765535,-0.025782137086573,-0.62486736912496,1.5796471259132,0
3525,0.0090942216706726,-0.024071228662426,-0.62296671873902,1.7084575912271,0
5166,0.053317209786408,-0.045311467553041,-0.62244604084439,9.4766169982893,0
5105,-0.01709246781076,-0.1060659299687,-0.62240525271302,6.8112482300811,0
3526,0.0077460882859979,-0.02291559664491,-0.62106606835309,1.8372680565409,0
3527,0.0063304552337037,-0.022251302246759,-0.61916541796716,1.9660785218546,0
3528,0.0048312459129598,-0.022041163547869,-0.61726476758123,2.0948889871684,0
5051,-0.026904269553399,-0.083248062825686,-0.61622281541051,5.0455015562713,0
5165,0.047320870857576,-0.052124261831964,-0.6158687283204,9.3501254674449,0
3529,0.0032316875979436,-0.022268251594127,-0.6153641171953,2.2236994524823,0
5104,-0.018214494248497,-0.10588206235336,-0.61396556952163,6.6852736489791,0
3530,0.0015171820955942,-0.022931136941955,-0.61346346680936,2.3525099177963,0
3531,-0.00029904123920034,-0.024052613601334,-0.61156281642343,2.4813203831102,0
3532,-0.0020968669873011,-0.025399571576843,-0.6096621660375,2.6101308484242,0
5164,0.041100588642851,-0.058812869111946,-0.60929141579642,9.2236339366008,0
3533,-0.0038097165738661,-0.026878660426857,-0.60776151565157,2.7389413137382,0
5050,-0.026327472030038,-0.080185147001906,-0.60593117816617,4.9201277004223,0
3534,-0.0054952876319955,-0.02864803024409,-0.60586086526562,2.8677517790526,0
5103,-0.019226039071913,-0.10544058689498,-0.60552588633021,6.5592990678772,0
3535,-0.0071691432082164,-0.03071710647032,-0.60396021487968,2.9965622443673,0
5163,0.035046416256737,-0.065153471334342,-0.60271410327245,9.097142405757,0
3536,-0.0088195270230605,-0.033080803546726,-0.60205956449373,3.1253727096821,0
3537,-0.010444845794942,-0.03572419603814,-0.60015891410778,3.2541831749967,0
3538,-0.012050819090691,-0.038614947681245,-0.59825826372184,3.3829936403111,0
5102,-0.020129497307239,-0.10473873161933,-0.59708620313879,6.4333244867753,0
3539,-0.013629006377765,-0.041713971314684,-0.59635761333589,3.5118041056257,0
5162,0.029358562154339,-0.071050998563339,-0.59613679074847,8.9706508749129,0
5049,-0.025563447282634,-0.076921798319221,-0.59563954092185,4.7947538445734,0
3540,-0.01516039453517,-0.044985495285651,-0.59445696294995,3.6406145709404,0
3541,-0.016625696767592,-0.048401824814557,-0.592556312564,3.769425036255,0
3542,-0.018012750329224,-0.051942815945303,-0.59065566217806,3.8982355015697,0
5161,0.024129031028011,-0.07647127543328,-0.58955947822447,8.8441593440685,0
3543,-0.019326798387714,-0.055582723317569,-0.58875501179211,4.0270459668843,0
5101,-0.020925705594193,-0.1037737220164,-0.58864651994738,6.3073499056734,0
3544,-0.02058246778221,-0.059273848025127,-0.58685436140616,4.1558564321988,0
5048,-0.024602625145867,-0.073367401778102,-0.58534790367752,4.6693799887245,0
3545,-0.021778682018659,-0.062940157522189,-0.58495371102022,4.2846668975133,0
3546,-0.022883287170069,-0.066500096809069,-0.58305306063427,4.413477362828,0
5160,0.019387473591495,-0.081410746165974,-0.58298216570047,8.7176678132241,0
3547,-0.023838263717576,-0.069938778661412,-0.58115241024833,4.5422878281427,0
5100,-0.021614176002106,-0.1025431142167,-0.58020683675599,6.1813753245717,0
5159,0.015126176690177,-0.085882193344663,-0.57640485317648,8.5911762823796,0
5099,-0.0221932968544,-0.10104513475198,-0.57176715356459,6.05540074347,0
5158,0.011315666739173,-0.089906186248754,-0.56982754065249,8.4646847515351,0
5098,-0.022660506703655,-0.099279022202151,-0.56332747037319,5.9294261623683,0
5157,0.0079159425716673,-0.093506988632839,-0.56325022812849,8.3381932206908,0
5156,0.0048781173518643,-0.096718143745875,-0.5566729156045,8.2117016898465,0
5097,-0.023012447189144,-0.097245366173687,-0.5548877871818,5.8034515812666,0
5155,0.0021451958897586,-0.099531209968435,-0.55009560308052,8.0852101590021,0
5096,-0.023245098475554,-0.09494643980809,-0.54644810399041,5.6774770001649,0
5154,-0.00031722402163429,-0.10198039787524,-0.54351829055653,7.9587186281576,0
5095,-0.023353896976513,-0.092386523750319,-0.538008420799,5.5515024190632,0
5153,-0.0025411563151849,-0.10408006146801,-0.53694097803253,7.8322270973132,0
5152,-0.0045538235552154,-0.10584021170155,-0.53036366550854,7.7057355664691,0
5094,-0.023333827394294,-0.089572222642809,-0.52956873760759,5.4255278379615,0
5151,-0.0063779465552015,-0.10727159367018,-0.52378635298456,7.5792440356251,0
5093,-0.023179462566894,-0.086512779270606,-0.52112905441619,5.2995532568597,0
340,-1.5162346325313,0.00028356435566121,-0.51825296934135,0.062500002000117,0
341,-1.3878020536361,0.0027578263529318,-0.51825296934135,0.1875000060004,0
342,-1.0942368909807,0.024098920322078,-0.51825296934135,0.31250001000043,0
343,-0.61860950744173,0.02155142343497,-0.51825296934135,0.43750001400015,0
1148,-0.22026950726381,-0.0204894100431,-0.51825296934135,0.56250001799986,0
1149,-0.046499278007968,-0.052125391858477,-0.51825296934135,0.68750002199958,0
1150,0.0068247284387514,-0.055124006433925,-0.51825296934135,0.81250002599963,0
1151,0.014682828329886,-0.046875767777182,-0.51825296934135,0.93750002999991,0
3548,0.014376259432842,-0.039339294707891,-0.5174754305471,1.0644052646571,0
5150,-0.0080325948012316,-0.10838419432341,-0.51720904046058,7.4527525047807,0
3549,0.013284947133792,-0.033199847114029,-0.51592035295861,1.1932157299712,0
3550,0.012199963588038,-0.028447555678669,-0.51436527537011,1.3220261952852,0
3551,0.011169504522073,-0.024730432129928,-0.51281019778162,1.4508366605992,0
5092,-0.022884874844884,-0.083220374629666,-0.5126893712248,5.173578675758,0
3552,0.010159529049112,-0.021814687554448,-0.51125512019313,1.5796471259132,0
5149,-0.0095336775713245,-0.10918570226984,-0.51063172793659,7.3262609739363,0
3553,0.0091333246467574,-0.01955267932519,-0.50970004260464,1.7084575912271,0
3554,0.0080628327171312,-0.017841023315749,-0.50814496501614,1.8372680565408,0
3555,0.006931923699567,-0.016606248229192,-0.50658988742766,1.9660785218546,0
3556,0.0057407031399728,-0.015808022412048,-0.50503480983917,2.0948889871684,0
5091,-0.022443209215366,-0.079710260479683,-0.50424968803339,5.0476040946562,0
5148,-0.010894358741474,-0.10968134220873,-0.50405441541261,7.1997694430922,0
3557,0.0044847534171735,-0.015437416999539,-0.50347973225068,2.2236994524823,0
3558,0.0031449906494482,-0.015503821585832,-0.50192465466219,2.3525099177963,0
3559,0.0017010496584441,-0.016042283606956,-0.5003695770737,2.4813203831102,0
3560,0.00015657571776462,-0.017138367249362,-0.49881449948521,2.6101308484242,0
5317,-0.020377283106011,-0.0029218967009669,-0.49861117870364,10.633084352589,0
5147,-0.012125563954887,-0.10987436903756,-0.49747710288865,7.0732779122487,0
3561,-0.0013969617946362,-0.018641871118848,-0.49725942189672,2.7389413137382,0
5090,-0.021845431943516,-0.076001584094824,-0.49581000484198,4.9216295135543,0
3562,-0.0028320229402065,-0.020228377083746,-0.49570434430823,2.8677517790526,0
3563,-0.0042098583902245,-0.022153085470493,-0.49414926671972,2.9965622443674,0
5316,-0.028014394784237,-0.0030743278941284,-0.49370176614332,10.53314642916,0
3564,-0.0055586777251248,-0.024432722970769,-0.49259418913122,3.1253727096821,0
3565,-0.0068932782876661,-0.027058225972384,-0.49103911154272,3.2541831749967,0
5146,-0.013236368120401,-0.10976661330668,-0.49089979036471,6.9467863814055,0
3566,-0.0082406647574431,-0.029989585896198,-0.48948403395422,3.3829936403111,0
5315,-0.020378449671713,-0.0028224178909867,-0.48879235358302,10.433208505731,0
3567,-0.0095940133553087,-0.033183195503256,-0.48792895636572,3.5118041056257,0
5089,-0.021078936462114,-0.07211796613595,-0.48737032165058,4.7956549324526,0
3568,-0.01092802766713,-0.036600146576529,-0.48637387877722,3.6406145709404,0
3569,-0.0122190377747,-0.040214113337015,-0.48481880118872,3.769425036255,0
5145,-0.014234208243062,-0.10935891438877,-0.48432247784079,6.820294850562,0
5314,-0.0062846117497332,-0.0033131706692024,-0.48388294102269,10.333270582302,0
3570,-0.013451199677042,-0.044014798405682,-0.48326372360022,3.8982355015697,0
3571,-0.014640140246739,-0.047981279518198,-0.48170864601172,4.0270459668843,0
3572,-0.015823193354165,-0.052059204411562,-0.48015356842322,4.1558564321988,0
5313,0.012036023630624,-0.0059602227734454,-0.47897352846236,10.233332658873,0
5088,-0.02012130353902,-0.067959278761915,-0.47893063845917,4.6696803513509,0
3573,-0.017014019325394,-0.056152144116465,-0.47859849083472,4.2846668975133,0
5144,-0.015125013102121,-0.10865150283575,-0.47774516531684,6.6938033197182,0
3574,-0.018180052966152,-0.060154230695775,-0.47704341324622,4.413477362828,0
3575,-0.019243619748063,-0.064043769859445,-0.47548833565772,4.5422878281427,0
5312,0.027973577183476,-0.0091980161430134,-0.47406411590204,10.133394735445,0
5143,-0.015913311882762,-0.10764437750534,-0.47116785279288,6.5673117888746,0
5311,0.040211593098352,-0.012647269718242,-0.46915470334173,10.033456812016,0
5142,-0.016602342708193,-0.1063376749303,-0.46459054026891,6.4408202580309,0
5310,0.048357019631611,-0.016271472287935,-0.46424529078145,9.9335188885883,0
5309,0.052286891848494,-0.020124064580505,-0.45933587822119,9.8335809651603,0
5141,-0.017194164726265,-0.10473202207785,-0.45801322774496,6.3143287271873,0
5308,0.052453689351137,-0.024507060835211,-0.45442646566089,9.7336430417321,0
5140,-0.01768977265415,-0.10282887171473,-0.45143591522102,6.1878371963438,0
5207,0.049141449498692,-0.030986358259729,-0.44961871514447,9.6202118172776,0
5206,0.04395920168387,-0.03898421005149,-0.44491262667193,9.4932872917969,0
5139,-0.018089211806823,-0.10063082345042,-0.44485860269707,6.0613456655004,0
5205,0.038297507073368,-0.047624578671932,-0.44020653819939,9.366362766316,0
5138,-0.018391691493265,-0.098141933361955,-0.43828129017312,5.9348541346569,0
5204,0.032740087748006,-0.056120023995654,-0.43550044972686,9.2394382408353,0
5137,-0.018595694738267,-0.095368014301949,-0.43170397764918,5.8083626038134,0
5203,0.02751367729821,-0.064070217976732,-0.43079436125433,9.1125137153549,0
5202,0.022700006636599,-0.071330887982453,-0.4260882727818,8.9855891898743,0
5136,-0.018699082416779,-0.092316929090706,-0.42512666512524,5.68187107297,0
5201,0.018325241747288,-0.077873445018386,-0.42138218430925,8.8586646643933,0
5135,-0.018699189838512,-0.088998881164389,-0.41854935260128,5.5553795421265,0
5200,0.014387058765865,-0.083715304087446,-0.4166760958367,8.7317401389124,0
5134,-0.018592912757971,-0.085426715761247,-0.41197204007733,5.428888011283,0
5199,0.010863535153596,-0.088892133893728,-0.41197000736416,8.6048156134313,0
5198,0.0077194258564249,-0.093447034749521,-0.40726391889162,8.4778910879503,0
5133,-0.018376772491995,-0.081616270734063,-0.40539472755338,5.3023964804395,0
344,-1.5191110712597,-2.5452567412503e-05,-0.40308564282104,0.062500002000117,0
345,-1.398848180651,0.0022971989603898,-0.40308564282104,0.1875000060004,0
346,-1.1159022788296,0.022031807791776,-0.40308564282104,0.31250001000043,0
347,-0.59680550982901,0.020394227865002,-0.40308564282104,0.43750001400014,0
1152,-0.17597444312413,-0.026712806158396,-0.40308564282104,0.56250001799985,0
1153,-0.026071043412837,-0.05652769060546,-0.40308564282104,0.68750002199955,0
1154,0.0088631781948232,-0.055034372649401,-0.40308564282104,0.8125000259996,0
1155,0.01237968518764,-0.045290531045208,-0.40308564282104,0.9375000299999,0
5197,0.0049121586569378,-0.097427423701812,-0.40255783041908,8.3509665624694,0
3576,0.012116766988079,-0.037139673682166,-0.40248089042552,1.0644052646571,0
3577,0.011380355833651,-0.030495468022437,-0.40127138563447,1.1932157299712,0
3578,0.010617920346939,-0.02524197765446,-0.40006188084342,1.3220261952852,0
3579,0.0098755405641845,-0.021011433269838,-0.39885237605238,1.4508366605992,0
5132,-0.018046910290018,-0.077586865038552,-0.39881741502944,5.175904949596,0
5196,0.0024172547853017,-0.10088369408485,-0.39785174194654,8.2240420369885,0
3580,0.0091346535135702,-0.017576867426137,-0.39764287126133,1.5796471259132,0
3581,0.0083662565993031,-0.014790118757956,-0.39643336647028,1.708457591227,0
3582,0.0075473092352402,-0.012540114647711,-0.39522386167923,1.8372680565408,0
3583,0.0066635020445985,-0.010733824960898,-0.39401435688819,1.9660785218545,0
5195,0.00024101200390749,-0.10382004810966,-0.393145653474,8.0971175115075,0
3584,0.0057396881923415,-0.0093176930408693,-0.39280485209715,2.0948889871683,0
5131,-0.01759876229058,-0.073362024253537,-0.39224010250548,5.0494134187524,0
3585,0.0047981206551985,-0.0082804335873729,-0.3915953473061,2.2236994524823,0
3586,0.0038311678510583,-0.0076206687686932,-0.39038584251506,2.3525099177963,0
3587,0.0028309758038913,-0.0073619308912779,-0.38917633772401,2.4813203831102,0
5194,-0.0016617338575716,-0.10627830628199,-0.38843956500146,7.9701929860265,0
3588,0.0017756244550703,-0.0075769556496701,-0.38796683293297,2.6101308484242,0
3589,0.00063265832981053,-0.0084282222179709,-0.38675732814192,2.7389413137382,0
5130,-0.017025394720122,-0.068971819797736,-0.38566278998152,4.9229218879088,0
3590,-0.0005817511837111,-0.010021240008401,-0.38554782335087,2.8677517790527,0
3591,-0.001684767737233,-0.011713874691584,-0.38433831855982,2.9965622443674,0
5193,-0.0033310968336984,-0.10828433793423,-0.38373347652891,7.8432684605455,0
3592,-0.0026929402773066,-0.013821204801641,-0.38312881376876,3.1253727096821,0
3593,-0.0036809098742735,-0.016321443843736,-0.38191930897771,3.2541831749967,0
3594,-0.0047170080678354,-0.01916346321968,-0.38070980418665,3.3829936403112,0
3595,-0.0057899337075149,-0.022328031305126,-0.3795002993956,3.5118041056257,0
5129,-0.016312299946236,-0.064454130462079,-0.37908547745758,4.7964303570652,0
5192,-0.0047999726892864,-0.10985823135903,-0.37902738805637,7.7163439350649,0
3596,-0.0068658702914801,-0.025778158140335,-0.37829079460455,3.6406145709404,0
3597,-0.0079194203918199,-0.029490256815768,-0.37708128981349,3.769425036255,0
3598,-0.0089252247867181,-0.033478494270168,-0.37587178502244,3.8982355015697,0
3599,-0.0099101768730469,-0.037712480099239,-0.37466228023139,4.0270459668843,0
5191,-0.0060955579921129,-0.11101784187972,-0.37432129958384,7.5894194095843,0
3600,-0.010947771176699,-0.042123910056832,-0.37345277544033,4.1558564321988,0
5128,-0.015408834734406,-0.05971334470434,-0.37250816493362,4.6699388262217,0
3601,-0.012078257971248,-0.046595706693514,-0.37224327064928,4.2846668975133,0
3602,-0.013273148597324,-0.051002857995488,-0.37103376585823,4.413477362828,0
3603,-0.014429471418179,-0.055319554696038,-0.36982426106717,4.5422878281427,0
5190,-0.0072408079861347,-0.11177852337901,-0.36961521111131,7.4624948841034,0
5189,-0.0082550747351951,-0.11215291784265,-0.36490912263877,7.3355703586223,0
5188,-0.009154395251206,-0.11215144371634,-0.36020303416623,7.2086458331417,0
5187,-0.0099517256097867,-0.11178293326742,-0.35549694569372,7.0817213076617,0
5186,-0.010657277896173,-0.11105510744611,-0.35079085722122,6.9547967821819,0
5185,-0.011278922125404,-0.10997493637104,-0.34608476874872,6.8278722567018,0
5184,-0.011822563499992,-0.10854897347931,-0.34137868027621,6.7009477312215,0
5183,-0.012292468809911,-0.10678369059319,-0.33667259180369,6.5740232057412,0
5182,-0.012691543957699,-0.10468580984936,-0.33196650333117,6.447098680261,0
5181,-0.013021567273673,-0.10226262522717,-0.32726041485866,6.3201741547809,0
5180,-0.013283383622328,-0.099522311658436,-0.32255432638615,6.1932496293008,0
5179,-0.013477065014718,-0.096474223069461,-0.31784823791364,6.0663251038208,0
5178,-0.013602043331807,-0.093129181397556,-0.31314214944113,5.9394005783408,0
5177,-0.013657220098462,-0.089499758478233,-0.30843606096863,5.8124760528607,0
5176,-0.013641057890263,-0.085600552772612,-0.30372997249612,5.6855515273807,0
5307,-0.022191021213397,-0.0029524441096585,-0.29933171637684,10.647805036238,0
5175,-0.013551659114624,-0.081448463964542,-0.29902388402361,5.5586270019007,0
5306,-0.028344264267991,-0.0023454924626079,-0.29638522267923,10.547786573914,0
5174,-0.013386843391002,-0.077062973597616,-0.29431779555109,5.4317024764207,0
5305,-0.020831377396636,-0.0017057002057278,-0.29343872898163,10.44776811159,0
5304,-0.0091931122193904,-0.00062906412066147,-0.29049223528401,10.347749649265,0
5173,-0.013144251854063,-0.072466464056827,-0.28961170707858,5.3047779509405,0
348,-1.5217486631103,-0.00015692872016273,-0.28791831630079,0.062500002000117,0
349,-1.4075716382772,0.0027341270577569,-0.28791831630079,0.1875000060004,0
350,-1.1387420308725,0.018904526028554,-0.28791831630079,0.31250001000043,0
351,-0.57088504270012,0.019722187587902,-0.28791831630079,0.43750001400014,0
1156,-0.12696254437572,-0.032336715415475,-0.28791831630079,0.56250001799984,0
1157,-0.010029317400537,-0.058527482437981,-0.28791831630079,0.68750002199953,0
1159,0.0092919538084529,-0.042958948233801,-0.28791831630079,0.93750002999989,0
1158,0.0078202325144502,-0.053265857007595,-0.28791831630079,0.81250002599958,0
5303,0.005923857205721,-0.0011484884875921,-0.2875457415864,10.247731186941,0
3604,0.0092127426598558,-0.034453630157342,-0.28748635030398,1.0644052646571,0
3605,0.0087935613787924,-0.027447535650101,-0.28662241831037,1.1932157299712,0
3606,0.0083216149991751,-0.021777185016357,-0.28575848631677,1.3220261952852,0
5172,-0.012821552705955,-0.067684693020371,-0.28490561860607,5.1778534254605,0
3607,0.007848158535277,-0.017094784946548,-0.28489455432316,1.4508366605992,0
5302,0.021086726178059,-0.0026152160584165,-0.28459924788879,10.147712724617,0
3608,0.0073663176100083,-0.013196441307741,-0.28403062232956,1.5796471259132,0
3609,0.0068441572516594,-0.0099414713529834,-0.28316669033595,1.708457591227,0
3610,0.0062609166078523,-0.0072140078238298,-0.28230275834234,1.8372680565408,0
5301,0.033513674123831,-0.0043570251024685,-0.28165275419119,10.047694262293,0
3611,0.0055809139870584,-0.0048778768431101,-0.28143882634874,1.9660785218545,0
3612,0.0048523946899634,-0.002911455436166,-0.28057489435514,2.0948889871683,0
5171,-0.012416870741492,-0.062747920396214,-0.28019953013356,5.0509288999804,0
3613,0.0041426461686419,-0.0012865246228409,-0.27971096236153,2.2236994524823,0
3614,0.003424856402659,2.9679895363726e-05,-0.27884703036793,2.3525099177963,0
5300,0.042055724085995,-0.0061332806814812,-0.27870626049361,9.9476757999696,0
3615,0.0027414814193304,0.00096594912028323,-0.27798309837432,2.4813203831102,0
3616,0.0021257948114132,0.0015215816276405,-0.27711916638072,2.6101308484242,0
3617,0.0015500810555468,0.0017172802368659,-0.27625523438712,2.7389413137383,0
5299,0.045865969017916,-0.0079284768730366,-0.27575976679603,9.8476573376462,0
5170,-0.011929046985859,-0.05769648270045,-0.27549344166104,4.9240043745002,0
3618,0.00096991255682114,0.0016455024050814,-0.27539130239351,2.8677517790527,0
3619,0.00035623947624893,0.00061502343208627,-0.2745273703999,2.9965622443674,0
3620,-0.00028109799146103,-0.0013539709475638,-0.27366343840629,3.1253727096821,0
5298,0.044822043493981,-0.011082839442284,-0.27281327309843,9.7476388753225,0
3621,-0.00094117344985333,-0.0035250485147508,-0.27279950641267,3.2541831749967,0
3622,-0.0016591864687905,-0.0059331987606719,-0.27193557441906,3.3829936403112,0
3623,-0.002403025247209,-0.0087582735151414,-0.27107164242545,3.5118041056258,0
5169,-0.01135231919702,-0.05258964492269,-0.27078735318853,4.7970798490201,0
3624,-0.0031511842814133,-0.011962662195658,-0.27020771043184,3.6406145709404,0
5247,0.038683802882416,-0.018625856386438,-0.2699262375751,9.6339929368685,0
3625,-0.0038972407989308,-0.015525010867892,-0.26934377843823,3.7694250362551,0
3626,-0.0046124339801913,-0.01958801711015,-0.26847984644462,3.8982355015697,0
3627,-0.0053365663479536,-0.023994646757821,-0.26761591445101,4.0270459668843,0
5246,0.032547039396883,-0.029282390665114,-0.26709866022605,9.5067195222843,0
3628,-0.0061783780630195,-0.028618339395815,-0.2667519824574,4.1558564321988,0
5168,-0.01059181533372,-0.047351778359155,-0.26608126471602,4.67015532354,0
3629,-0.0072027301100433,-0.033305628349837,-0.26588805046379,4.2846668975133,0
3630,-0.0083776226408899,-0.037948488477295,-0.26502411847018,4.413477362828,0
5245,0.027312649857931,-0.040640172316279,-0.26427108287699,9.3794461076998,0
3631,-0.0095686326293695,-0.04256590379879,-0.26416018647657,4.5422878281427,0
5244,0.02292143604697,-0.051417145483921,-0.26144350552794,9.2521726931155,0
5243,0.019145986072123,-0.061158137276727,-0.2586159281789,9.1248992785316,0
5242,0.015829514709154,-0.069806645351087,-0.25578835082985,8.9976258639474,0
5241,0.012895163657688,-0.077428048130281,-0.25296077348079,8.8703524493628,0
5240,0.010300915869707,-0.08410369729108,-0.25013319613173,8.7430790347784,0
5239,0.0080141730422362,-0.089909322696294,-0.24730561878267,8.6158056201937,0
5238,0.0060078270296528,-0.094915127384632,-0.24447804143361,8.4885322056091,0
5237,0.0042494098732434,-0.099176266693355,-0.24165046408456,8.3612587910246,0
5236,0.0026847560710932,-0.10267962281162,-0.2388228867355,8.2339853764402,0
5235,0.0012905020350216,-0.10548276937115,-0.23599530938645,8.1067119618556,0
5234,3.9855431969922e-05,-0.10764498167692,-0.23316773203739,7.979438547271,0
5233,-0.0010855611359774,-0.10921222921914,-0.23034015468833,7.8521651326865,0
5232,-0.0020981040800805,-0.11022375144746,-0.22751257733928,7.7248917181023,0
5231,-0.0030074183636978,-0.11071473386828,-0.22468499999023,7.5976183035181,0
5230,-0.0038218596682756,-0.11071671401745,-0.22185742264118,7.4703448889336,0
5229,-0.0045487861914136,-0.11025761341549,-0.21902984529212,7.343071474349,0
5228,-0.0051946349403818,-0.10936203107785,-0.21620226794307,7.2157980597648,0
5227,-0.0057650446381958,-0.10805176871931,-0.21337469059403,7.0885246451812,0
5226,-0.0062649840038444,-0.10634641673987,-0.210547113245,6.9612512305979,0
5225,-0.0066988385869158,-0.10426389491596,-0.20771953589597,6.8339778160143,0
5224,-0.0070704595067615,-0.10182092676309,-0.20489195854693,6.7067044014303,0
5223,-0.0073831928532992,-0.099033464956289,-0.20206438119789,6.5794309868465,0
5222,-0.0076399012955481,-0.09591708460572,-0.19923680384884,6.4521575722628,0
5221,-0.0078429820258346,-0.092487352427968,-0.19640922649981,6.324884157679,0
5220,-0.0079943828277151,-0.088760176373174,-0.19358164915077,6.1976107430954,0
5219,-0.0080956177345056,-0.084752140137433,-0.19075407180173,6.0703373285118,0
5218,-0.0081477832371501,-0.080480826831115,-0.1879264944527,5.9430639139282,0
5217,-0.0081515752766948,-0.075965135225064,-0.18509891710366,5.8157904993446,0
5216,-0.0081073070453367,-0.071225590728594,-0.18227133975463,5.688517084761,0
5215,-0.0080149291881164,-0.066284651196601,-0.17944376240559,5.5612436701774,0
5214,-0.007874061274768,-0.061167002979822,-0.17661618505655,5.4339702555938,0
5213,-0.0076840721453513,-0.055899824245125,-0.17378860770751,5.3066968410101,0
354,-1.1615113306265,0.014660567247544,-0.17275098978048,0.31250001000043,0
1162,0.0051506301159797,-0.050076655320033,-0.17275098978048,0.81250002599956,0
1163,0.0058862523567464,-0.039864945716354,-0.17275098978048,0.93750002999989,0
353,-1.4147273699655,0.0038269737671019,-0.17275098978048,0.1875000060004,0
355,-0.5420334211443,0.020067430647382,-0.17275098978048,0.43750001400014,0
1160,-0.073595121947291,-0.035099417562134,-0.17275098978048,0.56250001799983,0
1161,-0.00038877178233183,-0.057417078580514,-0.17275098978048,0.6875000219995,0
352,-1.5248886781401,5.7540335288856e-05,-0.17275098978048,0.062500002000116,0
3632,0.0059231194473634,-0.031283465416151,-0.1724918101824,1.0644052646571,0
3633,0.0057169748088079,-0.024044963594447,-0.17197345098623,1.1932157299712,0
3634,0.0054634667698637,-0.018047312166631,-0.17145509179007,1.3220261952852,0
5212,-0.0074443592584766,-0.050512897113423,-0.17096103035847,5.1794234264266,0
3635,0.0052133015814767,-0.012989808240294,-0.1709367325939,1.4508366605992,0
3636,0.0049685555182957,-0.0087040601399435,-0.17041837339773,1.5796471259132,0
3637,0.0046647591534991,-0.0050558662524296,-0.16990001420157,1.708457591227,0
3638,0.0042619257003064,-0.0019645735688624,-0.1693816550054,1.8372680565408,0
3639,0.0036856349998453,0.0011838780448001,-0.16886329580924,1.9660785218545,0
3640,0.0031705066386831,0.0034757672983717,-0.16834493661307,2.0948889871683,0
5211,-0.007155299986886,-0.04503878817952,-0.16813345300943,5.0521500118428,0
3641,0.0026794430840386,0.0053905073813708,-0.16782657741691,2.2236994524823,0
3642,0.0022036077918743,0.0069478229640495,-0.16730821822074,2.3525099177963,0
3643,0.0017603955449284,0.008144123961282,-0.16678985902458,2.4813203831103,0
3644,0.0013611426216837,0.009015591472469,-0.16627149982841,2.6101308484242,0
3645,0.0010185331384846,0.0096023661788212,-0.16575314063224,2.7389413137383,0
5210,-0.0068223575287373,-0.039521100197961,-0.16530587566039,4.9248765972591,0
3646,0.00078783095303445,0.0099491883449662,-0.16523478143608,2.8677517790527,0
3647,0.00069454969409898,0.010023195087985,-0.16471642223991,2.9965622443674,0
3648,0.00064057698019956,0.0098822442856111,-0.16419806304374,3.1253727096822,0
3649,0.00052293081582284,0.0094925126426521,-0.16367970384757,3.2541831749967,0
3650,0.0003269848428002,0.0086008978106869,-0.1631613446514,3.3829936403112,0
3651,0.00010115221840375,0.0071912465927994,-0.16264298545523,3.5118041056258,0
5209,-0.00647986996697,-0.034034917730251,-0.16247829831135,4.7976031826754,0
3652,-0.00011631295892751,0.005268432683561,-0.16212462625906,3.6406145709404,0
3653,-0.00025161774702181,0.0029711594143424,-0.16160626706289,3.7694250362551,0
3654,-0.00036696330345577,-0.0009232952104942,-0.16108790786672,3.8982355015697,0
3655,-0.00079458953894661,-0.0054735986822514,-0.16056954867055,4.0270459668843,0
3656,-0.0016708380498404,-0.010278201404149,-0.16005118947439,4.1558564321988,0
5208,-0.0059773970604732,-0.028442427566119,-0.15965072096231,4.6703297680918,0
3657,-0.0027905456072513,-0.014781279390788,-0.15953283027822,4.2846668975133,0
3658,-0.0039323257794689,-0.019052206721602,-0.15901447108205,4.413477362828,0
3659,-0.0050303170021192,-0.02355722062966,-0.15849611188588,4.5422878281427,0
5297,-0.02328099123028,-0.0022985994609442,-0.099811530890384,10.658791258305,0
5296,-0.027457285781366,-0.00066551097621661,-0.098829218560557,10.558730719395,0
5295,-0.018931107926443,0.00071775863028256,-0.097846906230731,10.458670180485,0
5294,-0.0077721362229909,0.0026994382630286,-0.096864593900902,10.358609641576,0
5293,0.0049744537607889,0.0041997712375006,-0.095882281571072,10.258549102666,0
5292,0.018723348420804,0.0044986771449403,-0.094899969241244,10.158488563757,0
5291,0.031411389001647,0.0045530865296756,-0.093917656911419,10.058428024848,0
5290,0.041065858495193,0.0051347288965463,-0.092935344581601,9.9583674859388,0
5289,0.045508430376301,0.0072583516658906,-0.091953032251783,9.8583069470301,0
5288,0.040713706760449,0.0084942059338375,-0.09097071992196,9.758246408121,0
5287,0.019659876838219,0.0028294917148366,-0.090007889761282,9.6444471001931,0
5286,0.011249728693155,-0.016719103321079,-0.089064541769751,9.5169090232462,0
5285,0.0070033614501974,-0.031993400804906,-0.088121193778219,9.389370946299,0
5284,0.0043528293613685,-0.044869746124643,-0.087177845786689,9.2618328693522,0
5283,0.0025085220844734,-0.05548959113361,-0.086234497795161,9.1342947924056,0
5282,0.0010891302006681,-0.064226461585172,-0.08529114980363,9.0067567154587,0
5281,-6.843837711008e-05,-0.071408904840662,-0.084347801812097,8.8792186385115,0
5280,-0.001037524003351,-0.077247933566578,-0.083404453820565,8.7516805615644,0
5279,-0.0018574633998407,-0.0818875808225,-0.082461105829032,8.6241424846171,0
5278,-0.0025433377658846,-0.085447234928256,-0.081517757837501,8.4966044076698,0
5277,-0.0030731180636821,-0.088045260395259,-0.080574409845968,8.3690663307227,0
5276,-0.0034197716224807,-0.089847905511564,-0.079631061854437,8.2415282537757,0
5275,-0.00364010247772,-0.090937417309358,-0.078687713862907,8.1139901768284,0
5274,-0.0037773624898152,-0.091398528084763,-0.077744365871375,7.9864520998811,0
5273,-0.0038565710805878,-0.091301125534301,-0.076801017879842,7.858914022934,0
5272,-0.0038922737044362,-0.09069931678584,-0.07585766988831,7.7313759459871,0
5271,-0.0038946686872765,-0.089637563432073,-0.074914321896781,7.6038378690403,0
5270,-0.003871802838007,-0.088154672452515,-0.073970973905251,7.4762997920932,0
5269,-0.0038300763528156,-0.086285028230157,-0.073027625913719,7.3487617151459,0
5268,-0.0037744823557916,-0.084059010121313,-0.072084277922188,7.221223638199,0
5267,-0.0037088500073079,-0.081503539157554,-0.071140929930661,7.0936855612528,0
5266,-0.003636043636182,-0.078642750629711,-0.070197581939138,6.9661474843068,0
5265,-0.0035581082665021,-0.075498619495851,-0.069254233947615,6.8386094073606,0
5264,-0.0034763864257794,-0.072091488376196,-0.06831088595609,6.711071330414,0
5263,-0.0033916245929322,-0.068440527003305,-0.067367537964562,6.5835332534675,0
5262,-0.0033040738989873,-0.064564153861815,-0.066424189973035,6.4559951765211,0
5261,-0.0032135831791025,-0.060480432518862,-0.065480841981509,6.3284570995747,0
5260,-0.0031196819116797,-0.056207446550363,-0.064537493989984,6.2009190226285,0
5259,-0.0030216515485735,-0.051763657010163,-0.063594145998458,6.0733809456823,0
5258,-0.0029185841248845,-0.04716824798254,-0.062650798006933,5.945842868736,0
5257,-0.002809426840216,-0.042441466344664,-0.061707450015409,5.8183047917898,0
5256,-0.0026930110389897,-0.037604961846685,-0.060764102023883,5.6907667148435,0
5255,-0.0025680643347025,-0.032682133028057,-0.059820754032357,5.5632286378973,0
5254,-0.0024332081408087,-0.027698481508738,-0.058877406040831,5.435690560951,0
5253,-0.0022869611082546,-0.022681973687683,-0.057934058049305,5.3081524840047,0
356,-1.5291109562153,0.00069004822921113,-0.057583663260151,0.062500002000116,0
357,-1.421487044686,0.0048780335649782,-0.057583663260151,0.1875000060004,0
358,-1.182942958015,0.011313253433284,-0.057583663260151,0.31250001000043,0
359,-0.51214926017421,0.01800331724374,-0.057583663260151,0.43750001400014,0
1164,-0.022927937716506,-0.026667427422305,-0.057583663260151,0.56250001799983,0
1166,0.0008487391164463,-0.041946159346194,-0.057583663260151,0.81250002599953,0
1167,0.0013708396267523,-0.032671483525587,-0.057583663260151,0.93750002999988,0
1165,-0.00037885591975826,-0.050720891113858,-0.057583663260151,0.68750002199948,0
3660,0.0014855557048914,-0.024899458438234,-0.05749727006079,1.0644052646571,0
3661,0.0014452101136738,-0.018217575295666,-0.057324483662067,1.1932157299711,0
3662,0.0013834454051149,-0.012620972014893,-0.057151697263345,1.3220261952852,0
5252,-0.0021278037626648,-0.01766325252242,-0.05699071005778,5.1806144070585,0
3663,0.001348874490189,-0.0078584694657775,-0.056978910864622,1.4508366605992,0
3664,0.001361522480082,-0.0038016395021398,-0.0568061244659,1.5796471259131,0
3665,0.001275352124395,4.3715856409106e-05,-0.056633338067177,1.708457591227,0
3666,0.000921796410534,0.0031404482458217,-0.056460551668455,1.8372680565408,0
3667,0.00061779557135048,0.0055300408256992,-0.056287765269733,1.9660785218545,0
3668,0.00042631276044955,0.0073516436302602,-0.056114978871011,2.0948889871683,0
5251,-0.0019548355045385,-0.012673458806636,-0.056047362066253,5.0530763301121,0
3669,0.0002428843449207,0.0087503218492951,-0.055942192472289,2.2236994524823,0
3670,6.0725288338474e-05,0.009741916507372,-0.055769406073567,2.3525099177963,0
3671,-0.00010356661490321,0.010346664081439,-0.055596619674845,2.4813203831103,0
3672,-0.00024206582685646,0.010614430531909,-0.055423833276123,2.6101308484243,0
3673,-0.00033893291620755,0.010608644785421,-0.0552510468774,2.7389413137383,0
5250,-0.0017853959600644,-0.0077614055253602,-0.055104014074727,4.9255382531657,0
3674,-0.00034758755888978,0.010417376206033,-0.055078260478677,2.8677517790527,0
3675,-0.00026716169651897,0.010150349275319,-0.054905474079954,2.9965622443675,0
3676,-0.00017982736791658,0.0098846840382476,-0.05473268768123,3.1253727096822,0
3677,-0.00010609937466562,0.0096306861409337,-0.054559901282507,3.2541831749968,0
3678,1.1653860495463e-05,0.0093703269948788,-0.054387114883784,3.3829936403112,0
3679,0.00021343682101895,0.0091194991233095,-0.05421432848506,3.5118041056258,0
5249,-0.0017562582674042,-0.0032351708561203,-0.054160666083201,4.7980001762194,0
3680,0.00053346111177664,0.0089543021857854,-0.054041542086337,3.6406145709404,0
3681,0.0010565258004592,0.0090517834737904,-0.053868755687614,3.7694250362551,0
3682,0.0016936096148883,0.0094092355161314,-0.05369596928889,3.8982355015697,0
3683,0.0022757391141198,0.0099288968711318,-0.053523182890167,4.0270459668843,0
3684,0.0025534783902182,0.010489647497594,-0.053350396491443,4.1558564321988,0
5248,-0.0011152171190403,0.0028953237147338,-0.053217318091675,4.6704620992731,0
3685,0.0022096180503901,0.010430580387318,-0.05317761009272,4.2846668975133,0
3686,0.0013644978998983,0.0089441825052064,-0.053004823693997,4.413477362828,0
3687,0.00036449419216175,0.0063037663484007,-0.052832037295273,4.5422878281427,0
5688,0.044296285852825,0.0066032401831464,0.062500001999896,9.7627239264797,0
5689,0.047427933794443,0.007444611089967,0.062500001999919,9.8627936362815,0
5690,0.0420742260981,0.007576053756521,0.062500001999942,9.9628633460831,0
5691,0.03199506850183,0.0077587205896313,0.062500001999965,10.062933055885,0
5692,0.019559950702568,0.0075845042750067,0.062500001999987,10.163002765687,0
5693,0.00684739237088,0.0068413348229576,0.06250000200001,10.263072475489,0
5694,-0.0051919858663984,0.0052433038404208,0.062500002000033,10.363142185291,0
5695,-0.016086015788732,0.0032719238908462,0.062500002000056,10.463211895094,0
5696,-0.02477722202732,0.0014634310596499,0.062500002000078,10.563281604896,0
5697,-0.023094741626752,-0.00096614932969096,0.062500002000101,10.663351314699,0
363,-0.48597521963376,0.019644989011867,0.066964287856892,0.43750001400014,0
362,-1.201375443467,0.008975189125992,0.066964287856915,0.31250001000042,0
361,-1.4280100046721,0.005155386504834,0.066964287856939,0.1875000060004,0
360,-1.5340354213075,0.0013266746269458,0.066964287856963,0.062500002000115,0
5698,0.040095306089014,0.0039313096596941,0.18750000599972,9.762766649881,0
5699,0.045990950761367,0.0062080783923571,0.18750000599978,9.8628318624827,0
5700,0.041514320917471,0.0078580000021144,0.18750000599984,9.9628970750842,0
5701,0.031967663411352,0.0088417335703851,0.1875000059999,10.062962287686,0
5702,0.020269566937757,0.008928436777095,0.18750000599996,10.163027500287,0
5703,0.0084079493255257,0.0081798003882424,0.18750000600003,10.26309271289,0
5704,-0.0030238298593288,0.0066406408517321,0.18750000600009,10.363157925492,0
5705,-0.013554284080982,0.0046010874262951,0.18750000600015,10.463223138094,0
5706,-0.022217370672545,0.0024761823321792,0.18750000600021,10.563288350697,0
5707,-0.022050723323075,-0.00033239808834886,0.18750000600027,10.663353563299,0
367,-0.47805317074376,0.010958286244916,0.20089286357068,0.43750001400014,0
366,-1.2089895745325,0.0050363541548407,0.20089286357075,0.31250001000041,0
365,-1.4341044706571,0.0038281142969215,0.20089286357082,0.18750000600039,0
364,-1.5389681884901,0.0012406871460215,0.20089286357089,0.062500002000113,0
5708,0.033140276177762,0.0029673506342821,0.31250000999949,9.7628093732823,0
5709,0.042172261420562,0.0057939682193507,0.3125000099996,9.8628700886838,0
5710,0.039399602074846,0.0079977774175503,0.3125000099997,9.9629308040852,0
5711,0.031076556471997,0.009288841473305,0.31250000999981,10.062991519487,0
5712,0.020513481760306,0.0095491843650463,0.31250000999991,10.163052234888,0
5713,0.0096477176827533,0.0089185228440651,0.31250001000002,10.263112950291,0
5714,-0.00097491416554455,0.0075080866994099,0.31250001000012,10.363173665693,0
5715,-0.010918478182026,0.005459416126924,0.31250001000022,10.463234381095,0
5716,-0.019321382478093,0.0031468197523963,0.31250001000033,10.563295096497,0
5717,-0.02019813743216,9.2187435674972e-05,0.31250001000043,10.663355811899,0
371,-0.47346375850183,0.0046460064031758,0.33482143928446,0.43750001400014,0
370,-1.2126107055055,0.0019752485058706,0.33482143928457,0.31250001000041,0
369,-1.4378371195702,0.0020735088887111,0.33482143928469,0.18750000600038,0
368,-1.5420694644298,0.00064139578247228,0.3348214392848,0.062500002000111,0
5718,0.027115538813331,0.0026979720703028,0.43750001399916,9.7628520966836,0
5719,0.037989503459091,0.005730013577223,0.43750001399933,9.862908314885,0
5720,0.036811183671842,0.0081561738881811,0.4375000139995,9.9629645330863,0
5721,0.029871007562227,0.0095443421820235,0.43750001399967,10.063020751288,0
5722,0.020563518132293,0.0098688041677462,0.43750001399984,10.163076969489,0
5723,0.010774947911295,0.0093068201384704,0.43750001400001,10.263133187691,0
5724,0.0011708060482278,0.0079870266598805,0.43750001400018,10.363189405893,0
5725,-0.0081646521039558,0.0059574659620504,0.43750001400034,10.463245624095,0
5726,-0.016198124261122,0.0035483071797777,0.43750001400051,10.563301842297,0
5727,-0.017828207579224,0.00036077520391223,0.43750001400068,10.663358060499,0
375,-0.47214612496205,0.0017195874800757,0.46875001499824,0.43750001400014,0
374,-1.2136905623966,0.00033002293972869,0.4687500149984,0.3125000100004,0
373,-1.4394478939021,0.0008810615898819,0.46875001499855,0.18750000600037,0
372,-1.5434248684404,0.0001246455158355,0.46875001499871,0.062500002000108,0
5728,0.02215837750513,0.0024090110665857,0.56250001799883,9.7628948200849,0
5729,0.034032812283467,0.0055480564228446,0.56250001799906,9.8629465410861,0
5730,0.034237001459216,0.008080123809683,0.5625000179993,9.9629982620873,0
5731,0.028642539365096,0.0095255097767643,0.56250001799954,10.063049983089,0
5732,0.020563721304693,0.0098902486605944,0.56250001799978,10.16310170409,0
5733,0.011829807492175,0.0093713594875761,0.56250001800002,10.263153425092,0
5734,0.0031260213503086,0.0081014791940827,0.56250001800026,10.363205146094,0
5735,-0.0054510946885668,0.0061596710228755,0.5625000180005,10.463256867096,0
5736,-0.012990408724693,0.0037338077614325,0.56250001800074,10.563308588098,0
5737,-0.015164154262755,0.00051273951157566,0.56250001800098,10.663360309099,0
379,-0.4721257676965,0.00040751279642656,0.60267859071202,0.43750001400013,0
378,-1.2137316451755,-0.00048360041348316,0.60267859071221,0.31250001000039,0
377,-1.4398438692072,0.0002020842681228,0.60267859071241,0.18750000600037,0
376,-1.5436252536022,-0.0002083557770141,0.6026785907126,0.062500002000106,0
5738,0.017693729909158,0.0020237124191042,0.68750002199852,9.7629375434861,0
5739,0.030206116822544,0.0051835449011514,0.68750002199882,9.8629847672872,0
5740,0.031682246456455,0.0077157938715726,0.68750002199912,9.9630319910884,0
5741,0.027399990911614,0.0091933041191252,0.68750002199942,10.06307921489,0
5742,0.020514579843209,0.0096044109463624,0.68750002199973,10.163126438691,0
5743,0.012812346237308,0.0091505916193747,0.68750002200003,10.263173662493,0
5744,0.0050014098386808,0.0079646739463502,0.68750002200033,10.363220886295,0
5745,-0.0027910505219656,0.0061314049179199,0.68750002200064,10.463268110096,0
5746,-0.0097964515508668,0.0037455503000976,0.68750002200094,10.563315333898,0
5747,-0.012381215554566,0.00057693759649246,0.68750002200124,10.663362557699,0
383,-0.47268826994526,-3.9142612150556e-05,0.7366071664258,0.43750001400013,0
382,-1.2134564877394,-0.00083114125353793,0.73660716642603,0.31250001000039,0
381,-1.4396052869675,-0.00013844118725986,0.73660716642626,0.18750000600036,0
380,-1.5431723534952,-0.00039934738583762,0.73660716642648,0.062500002000104,0
5748,0.013576775639915,0.0016037713232418,0.81250002599823,9.7629802668874,0
5749,0.026483311516491,0.004689909079001,0.81250002599859,9.8630229934884,0
5750,0.029129722589994,0.0071298087095461,0.81250002599896,9.9630657200894,0
5751,0.026120590800892,0.008604558294949,0.81250002599933,10.06310844669,0
5752,0.02039032631293,0.0090576441274556,0.81250002599969,10.163151173292,0
5753,0.013685448781057,0.0086820529486756,0.81250002600006,10.263193899894,0
5754,0.0067420764981098,0.0076057409530607,0.81250002600043,10.363236626495,0
5755,-0.00017385901647942,0.0058996100084546,0.81250002600079,10.463279353097,0
5756,-0.0066914399649063,0.0036321299736378,0.81250002600116,10.563322079698,0
5757,-0.0096097397856734,0.00058916148839018,0.81250002600153,10.663364806299,0
387,-0.47319356534455,-0.00013880608063581,0.87053574213957,0.43750001400013,0
386,-1.2132303791102,-0.00096440222378756,0.87053574213984,0.31250001000038,0
385,-1.439126510716,-0.00028734204824579,0.87053574214011,0.18750000600035,0
384,-1.5423967463343,-0.00050050071080966,0.87053574214038,0.062500002000101,0
5758,0.0099434437642868,0.0011729475823269,0.93750002999799,9.7630229902887,0
5759,0.022975617843884,0.0041061423696923,0.93750002999842,9.8630612196895,0
5760,0.026642187379216,0.0063893731492517,0.93750002999885,9.9630994490905,0
5761,0.024828992046139,0.0078282251517626,0.93750002999928,10.063137678491,0
5762,0.020193988062096,0.0083107266844998,0.93750002999971,10.163175907893,0
5763,0.01443777978399,0.0080123456798536,0.93750003000014,10.263214137294,0
5764,0.0083225150621053,0.0070523872475753,0.93750003000057,10.363252366696,0
5765,0.0022530854667631,0.0054908636696943,0.937500030001,10.463290596097,0
5766,-0.0037668335078056,0.0034349787393888,0.93750003000143,10.563328825499,0
5767,-0.006949350848346,0.0005746929301889,0.93750003000186,10.6633670549,0
391,-0.47374932103891,-0.00017252739524384,1.0044643178534,0.43750001400013,0
390,-1.2130020366036,-0.0010283513259836,1.0044643178537,0.31250001000037,0
389,-1.4385354809451,-0.00034771360819243,1.004464317854,0.18750000600034,0
388,-1.5414604840326,-0.00055103110961976,1.0044643178543,0.062500002000099,0
5768,0.0069219290944357,0.00074139619604716,1.0625000339981,9.76306571369,0
5769,0.019794852592979,0.0034610633628823,1.0625000339985,9.8630994458907,0
5770,0.024292144997969,0.0055486483653805,1.0625000339989,9.9631331780915,0
5771,0.023563005233969,0.006925576680988,1.0625000339994,10.063166910292,0
5772,0.019941937993125,0.0074268345884755,1.0625000339998,10.163200642493,0
5773,0.01507142729435,0.0072040486182904,1.0625000340002,10.263234374695,0
5774,0.0097222371007393,0.0063696206862129,1.0625000340007,10.363268106897,0
5775,0.0043012009629212,0.0050033480403192,1.0625000340011,10.463301839098,0
5776,-0.0010983113647436,0.0031740218587558,1.0625000340015,10.563335571299,0
5777,-0.0044777424046702,0.00053724761527697,1.0625000340019,10.6633693035,0
395,-0.47433165488157,-0.00018719421666396,1.1383928935672,0.43750001400012,0
394,-1.2127762703483,-0.0010685232095466,1.1383928935675,0.31250001000036,0
393,-1.4378947803749,-0.00037436930358805,1.1383928935679,0.18750000600034,0
392,-1.5404457979804,-0.00057920818480529,1.1383928935683,0.062500002000097,0
5778,0.0045522575471041,0.00033312857951712,1.1875000379984,9.7631084370913,0
5779,0.016997978718253,0.002790419843615,1.1875000379988,9.8631376720918,0
5780,0.022123312551072,0.004664175235004,1.1875000379992,9.9631669070926,0
5781,0.022348067203622,0.0059597409099308,1.1875000379995,10.063196142093,0
5782,0.019647705948837,0.0064712547501137,1.1875000379999,10.163225377094,0
5783,0.015589757190343,0.0063181533363575,1.1875000380003,10.263254612096,0
5784,0.010944003328885,0.0056050028109195,1.1875000380006,10.363283847097,0
5785,0.0061336749170697,0.0044135305378723,1.187500038001,10.463313082098,0
5786,0.0015617613864571,0.0027589294514786,1.1875000380014,10.563342317099,0
5787,-0.0021989183496272,0.00050277417436881,1.1875000380017,10.6633715521,0
399,-0.47493316146628,-0.00019542491014802,1.272321469281,0.43750001400012,0
398,-1.2125479142775,-0.0011008374502804,1.2723214692814,0.31250001000036,0
397,-1.437226174581,-0.00038875597590793,1.2723214692819,0.18750000600033,0
396,-1.53938668426,-0.00059870219145627,1.2723214692824,0.062500002000095,0
5788,0.0028113742392949,-1.4668076230073e-05,1.3125000419987,9.7631511604926,0
5789,0.014597382471175,0.0021378598491395,1.312500041999,9.8631758982929,0
5790,0.020155358552734,0.0037976984648883,1.3125000419993,9.9632006360936,0
5791,0.0211977898812,0.0049985121056969,1.3125000419996,10.063225373894,0
5792,0.019323495657478,0.0055133908921393,1.3125000419999,10.163250111695,0
5793,0.016003059831785,0.0054200813606967,1.3125000420002,10.263274849497,0
5794,0.011999722262623,0.0048156612431157,1.3125000420005,10.363299587298,0
5795,0.0077299710936341,0.0037736340750662,1.3125000420009,10.463324325099,0
5796,0.0035339430077139,0.0023422042984729,1.3125000420012,10.5633490629,0
5797,-0.00016442246863723,0.00044472645784981,1.3125000420015,10.6633738007,0
403,-0.47555151803936,-0.00020149881146256,1.4062500449948,0.43750001400012,0
402,-1.2123142705494,-0.0011308631482969,1.4062500449953,0.31250001000035,0
401,-1.4365367942237,-0.00039879069628758,1.4062500449958,0.18750000600032,0
400,-1.5382959468717,-0.00061513010363287,1.4062500449964,0.062500002000092,0
5798,0.001633809356462,-0.00026318574434608,1.437500045999,9.7631938838938,0
5799,0.012575906250322,0.001549084844867,1.4375000459992,9.8632141244941,0
5800,0.018393485675477,0.0030091575129555,1.4375000459995,9.9632343650947,0
5801,0.02011856134326,0.0041085336527746,1.4375000459997,10.063254605695,0
5802,0.018981822018064,0.0046214890103249,1.437500046,10.163274846296,0
5803,0.016326435573464,0.0045770813044007,1.4375000460002,10.263295086897,0
5804,0.012908707570699,0.0040701606056992,1.4375000460005,10.363315327499,0
5805,0.0091338870464869,0.0031657616354163,1.4375000460007,10.463335568099,0
5806,0.0052921317934631,0.0019197903045304,1.4375000460009,10.5633558087,0
5807,0.0015561249652764,0.00026574987565838,1.4375000460012,10.6633760493,0
407,-0.47618618181676,-0.00020689853812454,1.5401786207087,0.43750001400012,0
406,-1.212074218411,-0.0011605784144005,1.5401786207093,0.31250001000034,0
405,-1.4358288235977,-0.00040734875482262,1.5401786207099,0.18750000600031,0
404,-1.5371780131305,-0.00063064721505306,1.5401786207104,0.06250000200009,0
5808,0.00091640683263923,-0.00038945251585231,1.5625000499993,9.7632366072951,0
5809,0.010893737439903,0.0010655670236341,1.5625000499995,9.8632523506952,0
5810,0.016831296066917,0.0023488295941258,1.5625000499996,9.9632680940957,0
5811,0.019112140397218,0.003346885576888,1.5625000499998,10.063283837496,0
5812,0.018634368161744,0.0038515181419046,1.56250005,10.163299580897,0
5813,0.016574874223953,0.0038440445162957,1.5625000500002,10.263315324298,0
5814,0.013686367724486,0.0034213014942162,1.5625000500003,10.363331067699,0
5815,0.010360860582389,0.002639453188665,1.5625000500005,10.4633468111,0
5816,0.0068231453181011,0.0015542596271683,1.5625000500007,10.5633625545,0
5817,0.0028311470686858,0.00013175183953317,1.5625000500008,10.6633782979,0
411,-0.47683724208579,-0.00021215004881927,1.6741071964232,0.43750001400011,0
410,-1.2118272095414,-0.0011907002717969,1.6741071964237,0.31250001000033,0
409,-1.4351027296302,-0.0004154678344757,1.6741071964241,0.18750000600031,0
408,-1.5360341555813,-0.00064605651793711,1.6741071964245,0.062500002000088,0
5818,0.00053472365958275,-0.00039681930880496,1.6875000539995,9.7632793306964,0
5819,0.009501657410983,0.00072339675364489,1.6875000539997,9.8632905768964,0
5820,0.015459113796933,0.0018554674561687,1.6875000539998,9.9633018230968,0
5821,0.018184989001299,0.0027538297328936,1.6875000539999,10.063313069297,0
5822,0.018294327583281,0.0032380409853072,1.687500054,10.163324315498,0
5823,0.016763187232007,0.0032560243318651,1.6875000540001,10.263335561699,0
5824,0.014346039306883,0.0029048972139074,1.6875000540002,10.3633468079,0
5825,0.011423060204858,0.0022322788241399,1.6875000540003,10.4633580541,0
5826,0.0081452802591784,0.0012905535092635,1.6875000540004,10.563369300301,0
5827,0.0038644229549966,7.7543809849945e-05,1.6875000540006,10.6633805465,0
415,-0.47750502030561,-0.00021744428228678,1.8080357721381,0.43750001400011,0
414,-1.2115728983252,-0.0012214990949984,1.8080357721383,0.31250001000033,0
413,-1.4343583675882,-0.00042352279310425,1.8080357721385,0.1875000060003,0
412,-1.5348644818945,-0.00066165508594433,1.8080357721387,0.062500002000085,0
5828,0.00028767532497617,-0.00024753589362245,1.8125000579997,9.7633220540977,0
5829,0.0083085597825864,0.00057183641901983,1.8125000579998,9.8633288030975,0
5830,0.01424921835713,0.001557908056853,1.8125000579999,9.9633355520978,0
5831,0.017342734922256,0.002342163137564,1.8125000579999,10.063342301098,0
5832,0.017972192413344,0.0027803614506291,1.812500058,10.163349050099,0
5833,0.01690575771572,0.0028190390799171,1.8125000580001,10.2633557991,0
5834,0.01490577476111,0.0025338024119033,1.8125000580001,10.363362548101,0
5835,0.01234694474108,0.0019627297082972,1.8125000580002,10.463369297101,0
5836,0.0093080447840788,0.001147109755069,1.8125000580003,10.563376046101,0
5837,0.0047576925413161,0.00010397031475796,1.8125000580004,10.6633827951,0
5838,-0.0002744106129796,0.00021816662642065,1.9375000619999,9.763364777499,0
5839,0.0069073453272215,0.00061518739626897,1.9375000619999,9.8633670292986,0
5840,0.012882348498755,0.0013760417128082,1.937500062,9.9633692810989,0
5841,0.016321095237666,0.0020425832470969,1.937500062,10.063371532899,0
5842,0.01749438633785,0.0024380058992632,1.937500062,10.163373784699,0
5843,0.016992316282652,0.0025106399739572,1.937500062,10.2633760365,0
5844,0.015513503824551,0.0023120659497934,1.9375000620001,10.363378288301,0
5845,0.013433510737312,0.0018606955211926,1.9375000620001,10.463380540101,0
5846,0.01077023961348,0.0011815136125276,1.9375000620001,10.563382791901,0
5847,0.0061067593744353,0.00026160629990955,1.9375000620001,10.663385043701,0
416,-1.5336686696743,-0.00067755470409347,1.9419643478527,0.062500002000083,0
417,-1.4335953668887,-0.00043165045605521,1.9419643478528,0.18750000600029,0
418,-1.2113110072831,-0.001253086544523,1.9419643478529,0.31250001000032,0
419,-0.47818992949838,-0.00022285338580646,1.941964347853,0.43750001400011,0
420,-1.5324462336764,-0.00069380001784349,2.0758929235667,0.062500002000081,0
421,-1.4328132669534,-0.00043990238611592,2.0758929235671,0.18750000600028,0
422,-1.2110412780917,-0.0012855179979092,2.0758929235675,0.31250001000031,0
423,-0.47889242444804,-0.00022840737717776,2.075892923568,0.43750001400011,0
424,-1.5311966221491,-0.00071041147191186,2.2098214992806,0.062500002000079,0
425,-1.4320115651535,-0.0004482997218429,2.2098214992813,0.18750000600028,0
426,-1.2107634537884,-0.0013188291122746,2.2098214992821,0.3125000100003,0
427,-0.47961298420883,-0.00023412148146855,2.2098214992829,0.4375000140001,0
428,-1.5299192513209,-0.00072740080360197,2.3437500749945,0.062500002000076,0
429,-1.4311897335798,-0.00045685285440616,2.3437500749956,0.18750000600027,0
430,-1.2104772721799,-0.0013530489040074,2.3437500749967,0.3125000100003,0
431,-0.48035210616538,-0.00024000591341579,2.3437500749978,0.4375000140001,0
432,-1.5286135176033,-0.00074477660863054,2.4776786507084,0.062500002000074,0
433,-1.4303472246936,-0.00046556849473766,2.4776786507098,0.18750000600026,0
434,-1.2101824632565,-0.0013882044377749,2.4776786507113,0.31250001000029,0
435,-0.4811103042376,-0.00024606939651847,2.4776786507127,0.4375000140001,0
436,-1.5272788017788,-0.00076254633140225,2.6116072264223,0.062500002000072,0
437,-1.429483472994,-0.00047445222109144,2.6116072264241,0.18750000600025,0
438,-1.2098787480331,-0.0014243225133796,2.6116072264259,0.31250001000028,0
439,-0.48188810858327,-0.00025232044471888,2.6116072264277,0.4375000140001,0
440,-1.5259144703057,-0.00078071696977548,2.7455358021362,0.062500002000069,0
441,-1.4285978952469,-0.00048350940745588,2.7455358021383,0.18750000600025,0
442,-1.2095658378891,-0.0014614302773933,2.7455358021404,0.31250001000027,0
443,-0.48268606585146,-0.00025876784509521,2.7455358021426,0.4375000140001,0
444,-1.5245198755818,-0.00079929531758252,2.8794643778501,0.062500002000067,0
445,-1.4276898901853,-0.00049274557256292,2.8794643778525,0.18750000600024,0
446,-1.209243434078,-0.0014995554493149,2.879464377855,0.31250001000027,0
447,-0.48350473964781,-0.00026542085621987,2.8794643778575,0.43750001400009,0
448,-1.5230943558271,-0.00081828804043706,3.013392953564,0.062500002000065,0
449,-1.4267588380084,-0.00050216652229434,3.0133929535668,0.18750000600023,0
450,-1.2089112272839,-0.0015387264092711,3.0133929535696,0.31250001000026,0
451,-0.48434471109141,-0.00027228930653484,3.0133929535724,0.43750001400009,0
452,-1.5216372348227,-0.00083770169081829,3.1473215292778,0.062500002000063,0
453,-1.4258040997917,-0.00051177841921927,3.147321529281,0.18750000600022,0
454,-1.2085688971835,-0.0015789722357313,3.1473215292842,0.31250001000025,0
455,-0.48520657942063,-0.00027938365880855,3.1473215292873,0.43750001400009,0
456,-1.5201478215895,-0.00085754270041884,3.2812501049917,0.06250000200006,0
457,-1.4248250168541,-0.00052158782731069,3.2812501049953,0.18750000600022,0
458,-1.2082161119963,-0.001620322724941,3.2812501049988,0.31250001000024,0
459,-0.48609096263305,-0.00028671506458174,3.2812501050023,0.43750001400009,0
460,-1.5186254100376,-0.00087781736331162,3.4151786807056,0.062500002000058,0
461,-1.4238209100914,-0.00053160174915732,3.4151786807095,0.18750000600021,0
462,-1.2078525280156,-0.0016628084033906,3.4151786807133,0.31250001000024,0
463,-0.48699849815573,-0.0002942954172528,3.4151786807172,0.43750001400008,0
464,-1.5170692785959,-0.00089853181474732,3.5491072564195,0.062500002000056,0
465,-1.4227910792852,-0.0005418276619724,3.5491072564237,0.1875000060002,0
466,-1.2074777891198,-0.0017064605373029,3.5491072564279,0.31250001000023,0
467,-0.48792984354469,-0.00030213740705893,3.5491072564321,0.43750001400008,0
468,-1.5154786898252,-0.00091969200724414,3.6830358321334,0.062500002000053,0
469,-1.4217348023847,-0.00055227355475173,3.683035832138,0.1875000060002,0
470,-1.207091526258,-0.0017513111405836,3.6830358321425,0.31250001000022,0
471,-0.48888567721441,-0.00031025457929802,3.683035832147,0.43750001400008,0
472,-1.5138528900157,-0.00094130368449222,3.8169644078473,0.062500002000051,0
473,-1.4206513347637,-0.00056294796752452,3.8169644078522,0.18750000600019,0
474,-1.2066933569121,-0.0017973929816618,3.8169644078571,0.31250001000021,0
475,-0.48986669919857,-0.00031866139645178,3.816964407862,0.43750001400008,0
476,-1.5121911087676,-0.00096337235318834,3.9508929835612,0.062500002000049,0
477,-1.4195399084512,-0.00057386003313197,3.9508929835664,0.18750000600018,0
478,-1.2062828845311,-0.0018447395892976,3.9508929835717,0.31250001000021,0
479,-0.49087363194353,-0.00032737330463362,3.9508929835769,0.43750001400007,0
480,-1.5104925585559,-0.00098590325277005,4.0848215592751,0.062500002000047,0
481,-1.4183997313347,-0.00058501952179678,4.0848215592807,0.18750000600017,0
482,-1.2058596979373,-0.0018933852573731,4.0848215592862,0.3125000100002,0
483,-0.49190722113621,-0.00033640680466953,4.0848215592918,0.43750001400007,0
484,-1.508756434276,-0.0010089013229457,4.218750134989,0.062500002000044,0
485,-1.417229986336,-0.00059643688868495,4.2187501349949,0.18750000600017,0
486,-1.2054233707023,-0.0019433650485891,4.2187501350008,0.31250001000019,0
487,-0.49296823656797,-0.00034577952819451,4.2187501350067,0.43750001400007,0
488,-1.5069819127712,-0.0010323711689293,4.3526787107029,0.062500002000042,0
489,-1.4160298305574,-0.00060812332465673,4.3526787107092,0.18750000600016,0
490,-1.2049734604905,-0.0019947147969755,4.3526787107154,0.31250001000018,0
491,-0.49405747303657,-0.00035551031908066,4.3526787107216,0.43750001400007,0
492,-1.5051681523401,-0.0010563170242026,4.4866072864168,0.06250000200004,0
493,-1.4147983943985,-0.00062009081037785,4.4866072864234,0.18750000600015,0
494,-1.2045095083697,-0.0020474711091133,4.48660728643,0.31250001000018,0
495,-0.49517575128801,-0.00036561932056363,4.4866072864366,0.43750001400006,0
496,-1.5033142922225,-0.0010807427107163,4.6205358621307,0.062500002000037,0
497,-1.4135347806424,-0.00063235217399948,4.6205358621376,0.18750000600014,0
498,-1.204031038084,-0.0021016713639664,4.6205358621446,0.31250001000017,0
499,-0.49632391900053,-0.00037612806844163,4.6205358621515,0.43750001400006,0
500,-1.5014194520636,-0.0011056515963412,4.7544644378446,0.062500002000035,0
501,-1.412238063509,-0.00064492115259153,4.7544644378519,0.18750000600014,0
502,-1.2035375552897,-0.0021573537112066,4.7544644378591,0.31250001000016,0
503,-0.49750285181275,-0.00038705959078534,4.7544644378664,0.43750001400006,0
504,-1.4994827313535,-0.0011310465494496,4.8883930135585,0.062500002000033,0
505,-1.4109072876764,-0.00065781245754622,4.8883930135661,0.18750000600013,0
506,-1.2030285467496,-0.0022145570679121,4.8883930135737,0.31250001000015,0
507,-0.49871345439875,-0.00039843851455375,4.8883930135813,0.43750001400006,0
508,-1.4975032088434,-0.0011569298904277,5.0223215892724,0.062500002000031,0
509,-1.4095414672675,-0.00067104184415231,5.0223215892804,0.18750000600012,0
510,-1.2025034794839,-0.0022733211135099,5.0223215892883,0.31250001000015,0
511,-0.49995666159204,-0.00041029117959278,5.0223215892963,0.43750001400005,0
512,-1.4954799419333,-0.00118330333999,5.1562501649863,0.062500002000028,0
513,-1.4081395848011,-0.00068462618557771,5.1562501649946,0.18750000600011,0
514,-1.2019617998755,-0.0023336862828427,5.1562501650029,0.31250001000014,0
515,-0.50123343956166,-0.0004226457605399,5.1562501650112,0.43750001400005,0
516,-1.4934119660342,-0.0012101679640947,5.2901787407002,0.062500002000026,0
517,-1.4067005901074,-0.00069858355147478,5.2901787407088,0.18750000600011,0
518,-1.2014029327255,-0.0023956937572049,5.2901787407175,0.31250001000013,0
519,-0.50254478704288,-0.00043553239712014,5.2901787407261,0.43750001400005,0
520,-1.491298293899,-0.0012375241152857,5.4241073164141,0.062500002000024,0
521,-1.4052233992048,-0.00071293329145306,5.4241073164231,0.1875000060001,0
522,-1.2008262802563,-0.0024593854532147,5.424107316432,0.31250001000012,0
523,-0.50389173662577,-0.00044898333341824,5.424107316441,0.43750001400005,0
524,-1.489137914924,-0.0012653713702867,5.558035892128,0.062500002000021,0
525,-1.4037068931385,-0.00072769612365318,5.5580358921373,0.18750000600009,0
526,-1.2002312210596,-0.0025248040093558,5.5580358921466,0.31250001000012,0
527,-0.50527535610475,-0.0004630330667251,5.5580358921559,0.43750001400005,0
528,-1.4869297944168,-0.0012937084635789,5.6919644678419,0.062500002000019,0
529,-1.4021499167778,-0.00074289422868698,5.6919644678516,0.18750000600008,0
530,-1.1996171089836,-0.0025919927700447,5.6919644678612,0.31250001000011,0
531,-0.50669674989249,-0.00047771850658553,5.6919644678709,0.43750001400004,0
532,-1.4846728728306,-0.0013225332169447,5.8258930435558,0.062500002000017,0
533,-1.4005512775729,-0.00075855134919365,5.8258930435658,0.18750000600008,0
534,-1.1989832719582,-0.002660995767056,5.8258930435758,0.3125000100001,0
535,-0.50815706050214,-0.00049307914481037,5.8258930435858,0.43750001400004,0
536,-1.4823660649627,-0.0013518424644746,5.9598216192697,0.062500002000015,0
537,-1.3989097442677,-0.00077469289525201,5.95982161928,0.18750000600007,0
538,-1.1983290107509,-0.002731857698099,5.9598216192904,0.31250001000009,0
539,-0.50965747010144,-0.0005091572370294,5.9598216193007,0.43750001400004,0
540,-1.480008259114,-0.001381631973158,6.0937501949836,0.062500002000012,0
541,-1.3972240455685,-0.00079134605597179,6.0937501949943,0.18750000600006,0
542,-1.1976535976516,-0.002804623902406,6.093750195005,0.31250001000009,0
543,-0.51119920214307,-0.00052599799676645,6.0937501950156,0.43750001400004,0
544,-1.4775983162107,-0.0014118963585305,6.2276787706975,0.06250000200001,0
545,-1.395492868766,-0.00080853991745485,6.2276787707085,0.18750000600005,0
546,-1.1969562750787,-0.0028793403331072,6.2276787707195,0.31250001000008,0
547,-0.5127835230757,-0.00054364980275598,6.2276787707305,0.43750001400003,0
548,-1.4751350688829,-0.001442628995411,6.3616073464114,0.062500002000008,0
549,-1.393714858311,-0.00082630558748235,6.3616073464228,0.18750000600005,0
550,-1.1962362541038,-0.0029560535262008,6.3616073464341,0.31250001000007,0
551,-0.51441174414048,-0.00056216442039913,6.3616073464455,0.43750001400003,0
552,-1.4726173205007,-0.001473821923309,6.4955359221253,0.062500002000005,0
553,-1.3918886143394,-0.00084467632715345,6.495535922137,0.18750000600004,0
554,-1.1954927128868,-0.0030348105658893,6.4955359221487,0.31250001000006,0
555,-0.51608522325796,-0.00058159723840575,6.4955359221604,0.43750001400003,0
556,-1.4700438441644,-0.0015054657463639,6.6294644978392,0.062500002000003,0
557,-1.3900126911472,-0.00086368768974042,6.6294644978512,0.18750000600003,0
558,-1.1947247950168,-0.0031156590460943,6.6294644978633,0.31250001000006,0
559,-0.51780536701099,-0.00060200752166966,6.6294644978753,0.43750001400003,0
560,-1.4674133816473,-0.0015375495275743,6.7633930735531,0.062500002000001,0
561,-1.3880855956134,-0.00088337766707568,6.7633930735655,0.18750000600002,0
562,-1.1939316077515,-0.0031986470278453,6.7633930735779,0.31250001000005,0
563,-0.51957363272942,-0.00062345868137391,6.7633930735902,0.43750001400002,0
564,-1.4647246422896,-0.0015700606770792,6.897321649267,0.062500001999999,0
565,-1.3861057855671,-0.00090378684371967,6.8973216492797,0.18750000600002,0
566,-1.1931122201477,-0.0032838229923694,6.8973216492924,0.31250001000004,0
567,-0.52139153068267,-0.00064601856368751,6.8973216493052,0.43750001400002,0
568,-1.4619763018399,-0.0016029848342654,7.0312502249809,0.062500001999996,0
569,-1.384071668101,-0.0009249585591529,7.031250224994,0.18750000600001,0
570,-1.192265661075,-0.0033712357895423,7.031250225007,0.31250001000003,0
571,-0.52326062638692,-0.0006697597582698,7.0312502250201,0.43750001400002,0
572,-1.459167001245,-0.0016363057434297,7.1651788006948,0.062500001999994,0
573,-1.3819815978244,-0.00094693907826005,7.1651788007082,0.187500006,0
574,-1.191390917105,-0.0034609345814785,7.1651788007216,0.31250001000003,0
575,-0.52518254303417,-0.00069475992803587,7.165178800735,0.43750001400002,0
576,-1.4562953453822,-0.0016700051228466,7.2991073764087,0.062500001999992,0
577,-1.3798338750594,-0.0009697777703464,7.2991073764224,0.18750000599999,0
578,-1.190486930265,-0.0035529687808948,7.2991073764362,0.31250001000002,0
579,-0.5271589640505,-0.00072110216165296,7.2991073764499,0.43750001400001,0
580,-1.4533599017366,-0.0017040625269888,7.4330359521227,0.062500001999989,0
581,-1.3776267439733,-0.00099352729688772,7.4330359521367,0.18750000599999,0
582,-1.1895525956489,-0.0036473879839759,7.4330359521507,0.31250001000001,0
583,-0.52919163579216,-0.00074887535045895,7.4330359521647,0.43750001400001,0
584,-1.4503591990179,-0.0017384552016952,7.5669645278371,0.062500001999987,0
585,-1.3753583906495,-0.0010182438082177,7.5669645278511,0.18750000599998,0
586,-1.1885867588711,-0.0037442418973704,7.5669645278651,0.31250001,0
587,-0.53128237038771,-0.00077817459163239,7.5669645278792,0.43750001400001,0
588,-1.4472917257174,-0.0017731579322041,7.7008931035519,0.062500001999985,0
589,-1.3730269410924,-0.0010439871493364,7.7008931035656,0.18750000599997,0
590,-1.1875882133546,-0.0038435802589389,7.7008931035794,0.31250001,0
591,-0.53343304873631,-0.00080910161935753,7.7008931035932,0.43750001400001,0
592,-1.4441559286026,-0.0018081428837231,7.8348216792668,0.062500001999983,0
593,-1.3706304591663,-0.0010708210748875,7.8348216792802,0.18750000599997,0
594,-1.1865556974387,-0.0039454527518273,7.8348216792937,0.31250000999999,0
595,-0.53564562367189,-0.00084176526641833,7.8348216793071,0.43750001400001,0
596,-1.4409502111479,-0.0018433794345983,7.9687502549817,0.06250000199998,0
597,-1.3681669444644,-0.0010988134734866,7.9687502549948,0.18750000599996,0
598,-1.1854878912931,-0.0040499089114411,7.9687502550079,0.31250000999998,0
599,-0.53792212330407,-0.00087628195819322,7.968750255021,0.437500014,0
600,-1.4376729319016,-0.0018788340019314,8.1026788306966,0.062500001999978,0
601,-1.3656343301095,-0.0011280366013448,8.1026788307094,0.18750000599995,0
602,-1.1843834136221,-0.004156998024823,8.1026788307222,0.31250000999997,0
603,-0.54026465454788,-0.00091277624177499,8.102678830735,0.437500014,0
604,-1.4343224027864,-0.0019144698595217,8.2366074064115,0.062500001999976,0
605,-1.3630304804811,-0.0011585673251837,8.2366074064239,0.18750000599994,0
606,-1.1832408181445,-0.0042667690219037,8.2366074064364,0.31250000999997,0
607,-0.5426754068547,-0.0009513813528366,8.2366074064489,0.437500014,0
608,-1.4308968873345,-0.0019502469484438,8.3705359821264,0.062500001999973,0
609,-1.3603531888703,-0.0011904873742879,8.3705359821385,0.18750000599994,0
610,-1.1820585898284,-0.0043792703579678,8.3705359821507,0.31250000999996,0
611,-0.54515665615803,-0.00099223982343888,8.3705359821628,0.437500014,0
612,-1.4273945988566,-0.0019861216800071,8.5044645578413,0.062500001999971,0
613,-1.3576001750606,-0.0012238836014704,8.5044645578531,0.18750000599993,0
614,-1.1808351408628,-0.0044945498867388,8.5044645578649,0.31250000999995,0
615,-0.547710769049,-0.0010355041338251,8.5044645578767,0.43750001399999,0
616,-1.423813698545,-0.0020220467316376,8.6383931335562,0.062500001999969,0
617,-1.3547690828323,-0.001258848252576,8.6383931335677,0.18750000599992,0
618,-1.1795688063442,-0.0046126547232463,8.6383931335792,0.31250000999994,0
619,-0.55034020719711,-0.0010813374119851,8.6383931335906,0.43750001399999,0
620,-1.4201522935124,-0.0020579708359046,8.7723217092711,0.062500001999967,0
621,-1.3518574773923,-0.0012954792441122,8.7723217092822,0.18750000599991,0
622,-1.1782578396532,-0.0047336310956755,8.7723217092934,0.31250000999994,0
623,-0.55304753203366,-0.0011299141851524,8.7723217093046,0.43750001399999,0
624,-1.4164084347671,-0.0020938385630287,8.906250284986,0.062500001999964,0
625,-1.3488628427266,-0.0013338804481985,8.9062502849968,0.18750000599991,0
626,-1.1769004074966,-0.0048575241851907,8.9062502850076,0.31250000999993,0
627,-0.55583540971608,-0.0011814211874659,8.9062502850185,0.43750001399999,0
628,-1.4125801151281,-0.002129590097897,9.0401788607008,0.062500001999962,0
629,-1.3457825788782,-0.0013741619840659,9.0401788607114,0.1875000059999,0
630,-1.175494584585,-0.004984377952615,9.0401788607219,0.31250000999992,0
631,-0.55870661639335,-0.0012360582287558,9.0401788607324,0.43750001399998,0
632,-1.4086652670828,-0.0021651610121654,9.1741074364157,0.06250000199996,0
633,-1.3426139991494,-0.0014164405148977,9.1741074364259,0.18750000599989,0
634,-1.1740383479149,-0.0051142349506825,9.1741074364361,0.31250000999991,0
635,-0.56166404379406,-0.0012940391302044,9.1741074364463,0.43750001399998,0
636,-1.4046617605924,-0.0022004820328456,9.3080360121306,0.062500001999957,0
637,-1.3393543272314,-0.0014608395486189,9.3080360121405,0.18750000599988,0
638,-1.1725295706207,-0.0052471361203254,9.3080360121504,0.31250000999991,0
639,-0.56471070516052,-0.0013555927327926,9.3080360121603,0.43750001399998,0
640,-1.4005674008496,-0.0022354788089028,9.4419645878455,0.062500001999955,0
641,-1.3360006942643,-0.0015074897407766,9.4419645878551,0.18750000599988,0
642,-1.1709660153574,-0.0053831205693312,9.4419645878646,0.3125000099999,0
643,-0.56784974155434,-0.0014209639856247,9.4419645878742,0.43750001399998,0
644,-1.3963799259983,-0.0022700716780328,9.5758931635604,0.062500001999953,0
645,-1.3325501358305,-0.0015565291972417,9.5758931635697,0.18750000599987,0
646,-1.1693453271718,-0.005522225331208,9.5758931635789,0.31250000999989,0
647,-0.57108442856124,-0.0014904151217685,9.5758931635881,0.43750001399997,0
648,-1.392097004821,-0.0023041754359746,9.7098217392753,0.062500001999951,0
649,-1.3289995888876,-0.0016081037739487,9.7098217392842,0.18750000599986,0
650,-1.1676650258156,-0.0056644851018867,9.7098217392931,0.31250000999988,0
651,-0.57441818342467,-0.0015642269305974,9.709821739302,0.43750001399997,0
652,-1.387716234409,-0.0023376991121783,9.8437503149902,0.062500001999948,0
653,-1.3253458886489,-0.0016623673701061,9.8437503149988,0.18750000599985,0
654,-1.1659224974477,-0.005809931951375,9.8437503150074,0.31250000999988,0
655,-0.57785457264121,-0.0016427001366019,9.8437503150159,0.43750001399997,0
656,-1.3832351378251,-0.002370545755877,9.9776788907051,0.062500001999946,0
657,-1.3215857654199,-0.0017194822106607,9.9776788907134,0.18750000599985,0
658,-1.1641149856666,-0.0059585950068891,9.9776788907216,0.31250000999987,0
659,-0.58139732005274,-0.0017261568961206,9.9776788907299,0.43750001399997,0
660,-1.3786511617777,-0.0024026122383257,10.11160746642,0.062500001999944,0
661,-1.3177158414038,-0.0017796191124831,10.111607466428,0.18750000599984,0
662,-1.1622395818105,-0.0061105001032997,10.111607466436,0.31250000999986,0
663,-0.5850503154745,-0.0018149424252071,10.111607466444,0.43750001399996,0
664,-1.3739616743252,-0.0024337890786972,10.245536042135,0.062500001999941,0
665,-1.313732627492,-0.0018429577277947,10.245536042143,0.18750000599983,0
666,-1.1602932144501,-0.0062656693958636,10.24553604215,0.31250000999985,0
667,-0.58881762390052,-0.0019094267738822,10.245536042158,0.43750001399996,0
668,-1.369163962633,-0.0024639603026687,10.37946461785,0.062500001999939,0
669,-1.3096325200591,-0.0019096867563748,10.379464617857,0.18750000599982,0
670,-1.1582726379953,-0.0064241209291063,10.379464617864,0.31250000999985,0
671,-0.59270349533276,-0.0020100067647236,10.379464617872,0.43750001399996,0
672,-1.3642552308117,-0.0024930033464288,10.513393193565,0.062500001999937,0
673,-1.3054117977872,-0.0019800041164581,10.513393193572,0.18750000599982,0
674,-1.1561744203239,-0.0065858681542489,10.513393193579,0.31250000999984,0
675,-0.59671237528408,-0.0021171081164025,10.513393193586,0.43750001399996,0
676,-1.3592325978686,-0.0025207890220267,10.64732176928,0.062500001999935,0
677,-1.3010666185506,-0.0020541170611624,10.647321769286,0.18750000599981,0
678,-1.1539949293307,-0.0067509193859293,10.647321769293,0.31250000999983,0
679,-0.60084891600955,-0.0022311877772414,10.647321769299,0.43750001399996,0
680,-1.3540930958111,-0.0025471815649733,10.781250344995,0.062500001999932,0
681,-1.2965930163991,-0.002132242224307,10.781250345001,0.1875000059998,0
682,-1.1517303182821,-0.0069192771864649,10.781250345007,0.31250000999982,0
683,-0.60511798852676,-0.0023527364982463,10.781250345013,0.43750001399995,0
684,-1.348833667946,-0.0025720387924977,10.915178920709,0.06250000199993,0
685,-1.2919868986883,-0.0022146055750713,10.915178920715,0.18750000599979,0
686,-1.1493765098462,-0.0070909376631966,10.915178920721,0.31250000999982,0
687,-0.60952469549036,-0.0024822816813669,10.915178920727,0.43750001399995,0
688,-1.3434511674286,-0.0025952124087004,11.049107496424,0.062500001999928,0
689,-1.2872440434145,-0.0023014422551729,11.04910749643,0.18750000599979,0
690,-1.1469291786512,-0.0072658896603159,11.049107496436,0.31250000999981,0
691,-0.61407438499368,-0.0026203905462494,11.049107496441,0.43750001399995,0
692,-1.337942356122,-0.0026165485069082,11.183036072139,0.062500001999925,0
693,-1.2823600968292,-0.0023929962651089,11.183036072145,0.18750000599978,0
694,-1.1443837322043,-0.0074441138217614,11.18303607215,0.3125000099998,0
695,-0.61877266537648,-0.0027676736693233,11.183036072155,0.43750001399995,0
696,-1.3323039038389,-0.0026358883346562,11.316964647854,0.062500001999923,0
697,-1.2773305714221,-0.0024895199561898,11.316964647859,0.18750000599977,0
698,-1.1417352899806,-0.0076255814951463,11.316964647864,0.31250000999979,0
699,-0.62362542112633,-0.0029247889615882,11.316964647869,0.43750001399994,0
700,-1.3265323880486,-0.0026530694107267,11.450893223569,0.062500001999921,0
701,-1.272150844386,-0.0025912732720324,11.450893223574,0.18750000599977,0
702,-1.1389786604616,-0.0078102534375914,11.450893223578,0.31250000999979,0
703,-0.62863882996986,-0.0030924461684994,11.450893223583,0.43750001399994,0
704,-1.3206242941463,-0.0026679271145279,11.584821799284,0.062500001999919,0
705,-1.2668161567045,-0.0026985226655836,11.584821799288,0.18750000599976,0
706,-1.1361083158731,-0.0079980782725756,11.584821799293,0.31250000999978,0
707,-0.63381938125975,-0.0032714119972875,11.584821799297,0.43750001399994,0
708,-1.3145760163929,-0.0026802969112015,11.718750374999,0.062500001999916,0
709,-1.2613216130327,-0.0028115395951479,11.718750375003,0.18750000599975,0
710,-1.1331183643286,-0.0081889906315289,11.718750375007,0.31250000999977,0
711,-0.63917389577489,-0.0034625160071571,11.718750375011,0.43750001399994,0
712,-1.3083838596499,-0.0026900174379363,11.852678950714,0.062500001999914,0
713,-1.2556621825896,-0.0029305984727532,11.852678950717,0.18750000599974,0
714,-1.1300025190401,-0.0083829088944052,11.852678950721,0.31250000999976,0
715,-0.64470954706504,-0.0036666574395241,11.852678950725,0.43750001399993,0
716,-1.3020440420713,-0.0026969347584764,11.986607526429,0.062500001999912,0
717,-1.2498327013424,-0.0030559738958523,11.986607526432,0.18750000599974,0
718,-1.1267540642025,-0.0085797324161392,11.986607526435,0.31250000999976,0
719,-0.65043388448181,-0.0038848132222263,11.986607526439,0.43750001399993,0
720,-1.2955526989534,-0.0027009081928173,12.120536102143,0.062500001999909,0
721,-1.243827875849,-0.0031879369219165,12.120536102147,0.18750000599973,0
722,-1.1233658170989,-0.0087793380780037,12.12053610215,0.31250000999975,0
723,-0.65635485804814,-0.0041180474391927,12.120536102153,0.43750001399993,0
724,-1.2889058879164,-0.0027018182650888,12.254464677858,0.062500001999907,0
725,-1.2376422891835,-0.0033267500480309,12.254464677861,0.18750000599972,0
726,-1.1198300858765,-0.0089815759320998,12.254464677864,0.31250000999974,0
727,-0.66248084534465,-0.0043675226205654,12.254464677867,0.43750001399993,0
728,-1.2820995954264,-0.0026995775651159,12.388393253573,0.062500001999905,0
729,-1.2312704093739,-0.003472660486964,12.388393253576,0.18750000599971,0
730,-1.1161386222832,-0.0091862636635838,12.388393253578,0.31250000999973,0
731,-0.66882068064987,-0.0046345133669624,12.38839325358,0.43750001399992,0
732,-1.2751297447659,-0.0026941457635237,12.522321829288,0.062500001999903,0
733,-1.224706600954,-0.0036258913194937,12.52232182929,0.18750000599971,0
734,-1.1122825684785,-0.0093931796352713,12.522321829292,0.31250000999973,0
735,-0.6753836865655,-0.0049204232170173,12.522321829294,0.43750001399992,0
736,-1.2679922068247,-0.0026855503573859,12.656250405003,0.0625000019999,0
737,-1.2179451411536,-0.0037866298083506,12.656250405005,0.1875000059997,0
738,-1.1082523971418,-0.0096020541538778,12.656250405007,0.31250000999972,0
739,-0.6821797080712,-0.0052268060160538,12.656250405008,0.43750001399992,0
740,-1.2606828165645,-0.0026739142238773,12.790178980718,0.062500001999898,0
741,-1.2109802434474,-0.0039550108540527,12.790178980719,0.18750000599969,0
742,-1.1040378445174,-0.0098125575799363,12.790178980721,0.31250000999971,0
743,-0.68921914876256,-0.0055553922102174,12.790178980722,0.43750001399992,0
744,-1.2531973933502,-0.0026594905644927,12.924107556433,0.062500001999896,0
745,-1.2038060889196,-0.0041310920905769,12.924107556434,0.18750000599968,0
746,-1.09962783524,-0.010024282372198,12.924107556435,0.3125000099997,0
747,-0.696513010746,-0.0059081186458591,12.924107556436,0.43750001399992,0
748,-1.2455317498064,-0.0026427106565951,13.058036132148,0.062500001999893,0
749,-1.196416857895,-0.0043148205085894,13.058036132149,0.18750000599968,0
750,-1.0950103932287,-0.01023671868035,13.058036132149,0.3125000099997,0
751,-0.70407294317838,-0.0062871642657162,13.05803613215,0.43750001399991,0
752,-1.2376816842807,-0.0026242620044536,13.191964707863,0.062500001999891,0
753,-1.188806758794,-0.0045060001300562,13.191964707863,0.18750000599967,0
754,-1.0901725291852,-0.010449233276738,13.191964707864,0.31250000999969,0
755,-0.71191129768037,-0.0066950112309304,13.191964707864,0.43750001399991,0
756,-1.2296430465378,-0.0026052055520418,13.325893283577,0.062500001999889,0
757,-1.1809701063494,-0.0047042578451025,13.325893283578,0.18750000599966,0
758,-1.0851001126245,-0.010661056857653,13.325893283578,0.31250000999968,0
759,-0.72004115489823,-0.0071345527229222,13.325893283578,0.43750001399991,0
763,-0.72847627567355,-0.007609170692323,13.459821859292,0.43750001399991,0
762,-1.0797777795059,-0.010871211655832,13.459821859292,0.31250000999967,0
761,-1.1729015569706,-0.0049089229601195,13.459821859292,0.18750000599965,0
760,-1.2214120408481,-0.0025870611011022,13.459821859292,0.062500001999887,0
767,-0.73723111885571,-0.0081225562183836,13.593750435006,0.4375000139999,0
766,-1.0741888921559,-0.011078226062274,13.593750435006,0.31250000999967,0
765,-1.1645963873768,-0.0051186828735845,13.593750435006,0.18750000599965,0
764,-1.2129855187613,-0.0025717354038903,13.593750435006,0.062500001999884,0
771,-0.74632139765177,-0.0086783794949106,13.727679010719,0.4375000139999,0
770,-1.068315287758,-0.011279767685135,13.727679010719,0.31250000999966,0
769,-1.156050129176,-0.0053312424893901,13.727679010719,0.18750000599964,0
768,-1.204360123525,-0.0025615276055383,13.72767901072,0.062500001999882,0
775,-0.75576493281761,-0.0092811598145009,13.861607586433,0.4375000139999,0
774,-1.0621363642066,-0.0114731528323,13.861607586433,0.31250000999965,0
773,-1.1472574450187,-0.0055439240591261,13.861607586433,0.18750000599963,0
772,-1.1955304455045,-0.0025601399662324,13.861607586433,0.06250000199988,0
779,-0.76557934698684,-0.0099391922068131,13.995536162147,0.4375000139999,0
778,-1.0556283877884,-0.011656980936208,13.995536162147,0.31250000999964,0
777,-1.1382142887823,-0.0057548378755954,13.995536162147,0.18750000599962,0
776,-1.1864931628131,-0.0025743344700757,13.995536162147,0.062500001999877,0
783,-0.77577232726586,-0.010661786689475,14.129464737861,0.43750001399989,0
782,-1.0487678382288,-0.011827866687117,14.129464737861,0.31250000999964,0
781,-1.1289298445904,-0.0059583299279368,14.129464737861,0.18750000599962,0
780,-1.1772657890785,-0.0026103526495013,14.129464737861,0.062500001999875,0
787,-0.78633767953999,-0.011432753662689,14.263393313574,0.43750001399989,0
786,-1.0415388694551,-0.011960915893796,14.263393313574,0.31250000999963,0
785,-1.1194347241767,-0.0061278685362338,14.263393313574,0.18750000599961,0
784,-1.1678942907482,-0.0026594999220781,14.263393313574,0.062500001999873,0
791,-0.7973000377543,-0.012176519898203,14.397321889288,0.43750001399989,0
790,-1.0339228789335,-0.011991003842921,14.397321889288,0.31250000999962,0
789,-1.1097335504279,-0.0062104983763053,14.397321889288,0.1875000059996,0
788,-1.1583776045683,-0.0026952702529599,14.397321889288,0.062500001999871,0
795,-0.80878601458558,-0.012837662027339,14.531250465002,0.43750001399989,0
794,-1.0258450707068,-0.011879356089767,14.531250465002,0.31250000999961,0
793,-1.0997221558223,-0.0061929128405874,14.531250465002,0.18750000599959,0
792,-1.1485764819682,-0.0027260719532123,14.531250465002,0.062500001999868,0
799,-0.82081241750735,-0.013608354339375,14.665179040716,0.43750001399988,0
798,-1.0172030380198,-0.01175839371929,14.665179040716,0.31250000999961,0
797,-1.0894195133464,-0.0061661696219068,14.665179040716,0.18750000599959,0
796,-1.1385840438024,-0.0028213183513324,14.665179040716,0.062500001999866,0
803,-0.83242509499636,-0.014494572713197,14.799107616429,0.43750001399988,0
802,-1.0083425220024,-0.01156895345605,14.799107616429,0.3125000099996,0
801,-1.079880312492,-0.005983168306312,14.799107616429,0.18750000599958,0
800,-1.1297621324537,-0.0028384158802393,14.799107616429,0.062500001999864,0
807,-0.84146627436711,-0.012622426137666,14.933036192143,0.43750001399988,0
806,-1.0005818021763,-0.0092865482671007,14.933036192143,0.31250000999959,0
805,-1.0732807177867,-0.004469019793809,14.933036192143,0.18750000599957,0
804,-1.1243807505063,-0.0020766653192556,14.933036192143,0.062500001999861,0
