r_cg,z_cg,ur_les,uz_les,yw,nut
1.250306230691e-01,-1.023169931092e+01,5.798000000000e-02,-8.442000000000e-02,3.646366433358e-04,4.697916661772e-03
3.750306310691e-01,-1.022580603095e+01,1.763600000000e-01,-7.464000000000e-02,3.646366472920e-04,3.600280170267e-03
6.250922797242e-01,-1.021400255559e+01,2.752200000000e-01,-5.053000000000e-02,3.662319859735e-04,3.187630058311e-03
8.750922877242e-01,-1.019628314901e+01,3.495400000000e-01,-2.324000000000e-02,3.662319911016e-04,3.036250505042e-03
1.260253177964e+00,-1.015499905233e+01,4.251900000000e-01,1.718000000000e-02,1.636822034943e-03,2.747854906707e-03
1.778907474218e+00,-1.007997626505e+01,4.587000000000e-01,6.275000000000e-02,1.636822043030e-03,2.270100646110e-03
1.250238188316e-01,-1.003134759870e+01,4.501000000000e-02,-2.577500000000e-01,2.003517123406e-01,3.530587800230e-03
3.750238268316e-01,-1.002533414712e+01,1.300600000000e-01,-2.338300000000e-01,2.004718839420e-01,2.846443545373e-03
6.250717775633e-01,-1.001328837890e+01,1.969900000000e-01,-1.887900000000e-01,2.007141777410e-01,2.155010059401e-03
8.750717855633e-01,-9.995205832814e+00,2.447900000000e-01,-1.420800000000e-01,2.010773172431e-01,1.562836154955e-03
2.293228193420e+00,-9.979451825813e+00,4.412100000000e-01,9.327000000000e-02,1.636822030511e-03,1.830508981144e-03
1.254626797519e+00,-9.954256611290e+00,2.891700000000e-01,-7.911000000000e-02,2.008212732587e-01,8.441934134017e-04
1.762052010098e+00,-9.879992029987e+00,3.001600000000e-01,-1.240000000000e-02,2.006933006936e-01,4.731140252344e-04
2.801962212796e+00,-9.853670634071e+00,3.920900000000e-01,1.077900000000e-01,1.636822034823e-03,1.469347339100e-03
1.250170145941e-01,-9.830995886473e+00,3.220000000000e-02,-3.851300000000e-01,4.007034246822e-01,2.343531495757e-03
3.750170225941e-01,-9.824862263296e+00,9.239000000000e-02,-3.454900000000e-01,4.009437678832e-01,1.916735531288e-03
6.250512754024e-01,-9.812574202203e+00,1.383000000000e-01,-2.837200000000e-01,4.014283554808e-01,1.358555998391e-03
8.750512834024e-01,-9.794128516617e+00,1.704900000000e-01,-2.227000000000e-01,4.021546344844e-01,9.467503400572e-04
2.265207837253e+00,-9.780843592922e+00,2.880700000000e-01,3.164000000000e-02,2.005750994809e-01,4.221543455327e-04
1.249000417074e+00,-9.753514170247e+00,1.918100000000e-01,-1.402400000000e-01,4.016425465157e-01,8.596450168527e-04
3.303870022513e+00,-9.702939127892e+00,3.309100000000e-01,1.103800000000e-01,1.636822042193e-03,1.181198164433e-03
1.745196545978e+00,-9.680007794927e+00,1.836000000000e-01,-5.649000000000e-02,4.013866013872e-01,8.873865472651e-04
2.762874700083e+00,-9.657051563485e+00,2.703700000000e-01,5.877000000000e-02,2.004666869286e-01,5.014831398800e-04
1.250102103566e-01,-9.630644174247e+00,2.294000000000e-02,-4.751000000000e-01,6.010551370245e-01,1.984579660370e-03
3.750102183566e-01,-9.624390379469e+00,6.496000000000e-02,-4.237400000000e-01,6.014156518268e-01,1.669040426216e-03
6.250307732415e-01,-9.611860025509e+00,9.706000000000e-02,-3.497600000000e-01,6.021425332234e-01,1.160201535679e-03
8.750307812415e-01,-9.593051200420e+00,1.175900000000e-01,-2.752500000000e-01,6.032319517266e-01,6.487443904981e-04
2.237187481085e+00,-9.582235360032e+00,1.537200000000e-01,-1.148000000000e-02,4.011501989619e-01,7.846018208373e-04
1.243374036628e+00,-9.552771729204e+00,1.277200000000e-01,-1.760700000000e-01,6.024638197735e-01,4.531007239410e-04
3.797728741865e+00,-9.527624538311e+00,2.761300000000e-01,1.076600000000e-01,1.636822036308e-03,9.538800552296e-04
3.253846324350e+00,-9.508915941917e+00,2.558300000000e-01,7.750000000000e-02,2.003680789797e-01,5.588600173111e-04
1.728341081859e+00,-9.480023559866e+00,1.071900000000e-01,-7.811000000000e-02,6.020799020812e-01,6.073589140428e-04
2.723787187370e+00,-9.460432492900e+00,1.304800000000e-01,9.950000000000e-03,4.009333738573e-01,6.107125205418e-04
1.250034061190e-01,-9.430292462022e+00,1.699000000000e-02,-5.389400000000e-01,8.014068493652e-01,1.852242859046e-03
3.750034141190e-01,-9.423918495642e+00,4.743000000000e-02,-4.795200000000e-01,8.018875357684e-01,1.630105675427e-03
6.250102710806e-01,-9.411145848814e+00,6.697000000000e-02,-3.947100000000e-01,8.028567109643e-01,1.214785796839e-03
8.750102790806e-01,-9.391973884222e+00,8.160000000000e-02,-3.105700000000e-01,8.043092689694e-01,6.929552180411e-04
2.209167124917e+00,-9.383627127140e+00,7.824000000000e-02,-3.050000000000e-02,6.017252984432e-01,6.655842808234e-04
1.237747656183e+00,-9.352029288160e+00,8.258000000000e-02,-1.931800000000e-01,8.018491645548e-01,1.931186496920e-04
3.736932661165e+00,-9.336795738997e+00,2.410900000000e-01,9.150000000000e-02,2.002792901821e-01,5.676440919369e-04
4.282335101084e+00,-9.328153994144e+00,2.303900000000e-01,1.030400000000e-01,1.636822031716e-03,7.758260709750e-04
3.203822626187e+00,-9.314892755942e+00,1.201800000000e-01,2.020000000000e-02,4.007361579593e-01,4.165093266757e-04
1.711485617739e+00,-9.280039324805e+00,6.223000000000e-02,-8.852000000000e-02,8.013362618441e-01,2.797864292498e-04
2.684699674656e+00,-9.263813422314e+00,5.660000000000e-02,-1.185000000000e-02,6.014000607862e-01,6.574488127985e-04
1.250000040003e-01,-9.212031017282e+00,1.292000000000e-02,-5.884200000000e-01,1.019668294102e+00,1.823117771486e-03
3.750000120003e-01,-9.205757816406e+00,3.333000000000e-02,-5.225500000000e-01,1.020048215002e+00,1.685634958187e-03
6.250000200001e-01,-9.193186367975e+00,4.504000000000e-02,-4.308800000000e-01,1.020816191784e+00,1.347564233518e-03
2.181146768750e+00,-9.185018894249e+00,3.776000000000e-02,-3.783000000000e-02,8.008625207146e-01,3.751519870516e-04
8.750000280001e-01,-9.174316671991e+00,5.649000000000e-02,-3.334400000000e-01,1.021966481185e+00,8.484039707189e-04
3.676136580465e+00,-9.145966939684e+00,1.242700000000e-01,3.393000000000e-02,4.005585803642e-01,2.392664918538e-04
4.210962773799e+00,-9.141108105388e+00,2.290800000000e-01,1.029500000000e-01,2.002003336726e-01,5.448243257299e-04
1.232281366745e+00,-9.135188369670e+00,5.292000000000e-02,-2.054100000000e-01,1.018758377006e+00,2.767641836248e-04
3.153798928024e+00,-9.120869569966e+00,5.227000000000e-02,-8.830000000000e-03,6.011042369391e-01,5.937102415713e-04
4.756508376559e+00,-9.105013479695e+00,1.934200000000e-01,9.833000000000e-02,1.636822064629e-03,6.365913213092e-04
2.645612161943e+00,-9.067194351727e+00,2.552000000000e-02,-2.189000000000e-02,8.004280108453e-01,4.129490314939e-04
1.695142224236e+00,-9.064676635221e+00,3.222000000000e-02,-9.056000000000e-02,1.017312505261e+00,6.238303600666e-05
1.250000040003e-01,-8.975859840027e+00,1.030000000000e-02,-6.280800000000e-01,1.255839471271e+00,1.849289251768e-03
2.154059484864e+00,-8.972011370891e+00,1.844000000000e-02,-4.007000000000e-02,1.015569952653e+00,1.515582094925e-04
3.750000120003e-01,-8.969908341759e+00,2.413000000000e-02,-5.567000000000e-01,1.255897689563e+00,1.770657389247e-03
6.250000200001e-01,-8.957981582992e+00,3.160000000000e-02,-4.574000000000e-01,1.256020975987e+00,1.476060840140e-03
3.615340499765e+00,-8.955138140371e+00,5.741000000000e-02,-5.220000000000e-03,6.008378705463e-01,4.926482963122e-04
4.139590446514e+00,-8.954062216632e+00,1.349200000000e-01,5.085000000000e-02,4.004006673452e-01,1.190709088978e-04
8.750000280001e-01,-8.940079563725e+00,3.656000000000e-02,-3.454800000000e-01,1.256203588674e+00,9.781245296841e-04
3.103775229861e+00,-8.926846383990e+00,2.591000000000e-02,-2.229000000000e-02,8.000327963512e-01,4.213424631641e-04
4.674787678584e+00,-8.922327319388e+00,2.133000000000e-01,1.099300000000e-01,2.001312210653e-01,5.052965417398e-04
1.226975168312e+00,-8.902248973734e+00,3.235000000000e-02,-2.104100000000e-01,1.253191998601e+00,3.921466087798e-04
5.219093261585e+00,-8.858746653369e+00,1.637000000000e-01,9.379000000000e-02,1.636822057999e-03,5.271418686164e-04
2.607958527677e+00,-8.857411012961e+00,1.469000000000e-02,-2.734000000000e-02,1.013534942372e+00,1.976210213190e-04
1.679310901349e+00,-8.833935491113e+00,1.675000000000e-02,-9.032000000000e-02,1.250014834965e+00,7.440700829741e-05
4.068218119230e+00,-8.767016327875e+00,6.629000000000e-02,7.040000000000e-03,6.006010010178e-01,3.777293557427e-04
3.554544419065e+00,-8.764309341057e+00,3.008000000000e-02,-2.202000000000e-02,7.996769357808e-01,4.140622199541e-04
2.127905273259e+00,-8.744604557067e+00,9.020000000000e-03,-4.124000000000e-02,1.245864938531e+00,4.849490907546e-05
1.250000040003e-01,-8.739688662772e+00,8.840000000000e-03,-6.584600000000e-01,1.492010648467e+00,1.893535148132e-03
4.593066980608e+00,-8.739641159082e+00,1.417300000000e-01,6.564000000000e-02,4.002624421306e-01,9.310904262768e-05
3.750000120003e-01,-8.734058867113e+00,1.952000000000e-02,-5.826600000000e-01,1.491747164151e+00,1.850654911871e-03
6.250000200002e-01,-8.722776798008e+00,2.272000000000e-02,-4.714000000000e-01,1.491225760436e+00,1.576421371299e-03
3.055776651755e+00,-8.721146092570e+00,1.718000000000e-02,-2.863000000000e-02,1.011214864951e+00,2.242611086218e-04
8.750000280002e-01,-8.705842455459e+00,2.468000000000e-02,-3.528700000000e-01,1.490440696408e+00,1.070788929689e-03
5.127283125221e+00,-8.680983639533e+00,1.953700000000e-01,1.132300000000e-01,2.000719626209e-01,4.593537560373e-04
1.221668969880e+00,-8.669309577797e+00,1.951000000000e-02,-2.100300000000e-01,1.486190417094e+00,4.698100018143e-04
2.571738771857e+00,-8.634463406016e+00,1.001000000000e-02,-3.200000000000e-02,1.240753439528e+00,8.565000753209e-05
1.663479578462e+00,-8.603194347005e+00,7.600000000000e-03,-8.976000000000e-02,1.481286073848e+00,1.367293982095e-04
5.668962682689e+00,-8.589953522640e+00,1.409700000000e-01,8.978000000000e-02,1.636822061987e-03,4.401029876437e-04
3.996845791945e+00,-8.579970439119e+00,3.514000000000e-02,-1.606000000000e-02,7.993604819486e-01,3.820463197391e-04
3.496465598009e+00,-8.563538593613e+00,2.057000000000e-02,-2.892000000000e-02,1.008620292422e+00,2.421188530787e-04
4.511346282633e+00,-8.556954998775e+00,7.661000000000e-02,2.355000000000e-02,6.003936631958e-01,2.665541016405e-04
2.101751061654e+00,-8.517197743243e+00,2.970000000000e-03,-4.180000000000e-02,1.474737432218e+00,4.503492638143e-05
3.009803193707e+00,-8.503768695707e+00,1.384000000000e-02,-3.278000000000e-02,1.234700378729e+00,1.104548295827e-04
1.250000040003e-01,-8.503517485517e+00,7.680000000000e-03,-6.826000000000e-01,1.728181825679e+00,1.947061721039e-03
5.035472988856e+00,-8.503220625698e+00,1.425200000000e-01,8.000000000000e-02,4.001439252418e-01,1.282534202914e-04
3.750000120003e-01,-8.498209392466e+00,1.669000000000e-02,-6.020200000000e-01,1.727596638754e+00,1.921780913339e-03
6.250000200002e-01,-8.487572013025e+00,1.718000000000e-02,-4.793300000000e-01,1.726430545030e+00,1.652084819793e-03
8.750000280002e-01,-8.471605347193e+00,1.855000000000e-02,-3.573400000000e-01,1.724677804286e+00,1.130612797497e-03
1.216362771448e+00,-8.436370181861e+00,1.127000000000e-02,-2.060200000000e-01,1.719189216522e+00,5.116435352921e-04
5.567352323904e+00,-8.417662018650e+00,1.783100000000e-01,1.152900000000e-01,2.000225671254e-01,4.126502849613e-04
2.535519016038e+00,-8.411515799070e+00,7.200000000000e-03,-3.608000000000e-02,1.466561469975e+00,4.301801145363e-05
3.928994039622e+00,-8.384961187526e+00,2.415000000000e-02,-2.542000000000e-02,1.005764989147e+00,2.550677763661e-04
4.429625584659e+00,-8.374268838469e+00,4.214000000000e-02,-4.730000000000e-03,7.990834816313e-01,3.312275900982e-04
1.647648255575e+00,-8.372453202897e+00,2.500000000000e-03,-9.076000000000e-02,1.712560653014e+00,1.664501472401e-04
3.441104036596e+00,-8.352825898040e+00,1.691000000000e-02,-3.297000000000e-02,1.227734916661e+00,1.310807077790e-04
4.943662852493e+00,-8.325457611863e+00,8.619000000000e-02,3.655000000000e-02,6.002158878624e-01,1.723087663044e-04
6.105020549629e+00,-8.299288980443e+00,1.241900000000e-01,8.788000000000e-02,1.636822055778e-03,3.695436517622e-04
2.075596850049e+00,-8.289790929418e+00,3.400000000000e-04,-4.562000000000e-02,1.703618897061e+00,5.815886641601e-05
2.963829735660e+00,-8.286391298843e+00,1.133000000000e-02,-3.617000000000e-02,1.456789328856e+00,5.780943190094e-05
1.250000040003e-01,-8.267346308262e+00,7.020000000000e-03,-7.039200000000e-01,1.964353002901e+00,2.003480211236e-03
3.750000120003e-01,-8.262359917819e+00,1.552000000000e-02,-6.169700000000e-01,1.963446113368e+00,1.984136079201e-03
6.250000200002e-01,-8.252367228041e+00,1.391000000000e-02,-4.847800000000e-01,1.959937562826e+00,1.710294901392e-03
5.465741965119e+00,-8.245370514660e+00,1.401800000000e-01,8.823000000000e-02,4.000451342508e-01,1.612318443862e-04
8.750000280002e-01,-8.237368238927e+00,1.596000000000e-02,-3.591600000000e-01,1.955946810648e+00,1.167168465973e-03
1.211056573015e+00,-8.203430785924e+00,5.300000000000e-03,-2.025400000000e-01,1.952188260489e+00,5.326913194650e-04
2.499299260218e+00,-8.188568192125e+00,4.880000000000e-03,-3.997000000000e-02,1.692386186732e+00,3.410204246666e-05
4.352350030072e+00,-8.185836348916e+00,3.022000000000e-02,-1.915000000000e-02,1.002665918351e+00,2.586493120580e-04
3.864662862261e+00,-8.181988573096e+00,2.027000000000e-02,-3.012000000000e-02,1.219895598602e+00,1.499640060669e-04
4.851852716129e+00,-8.147694598028e+00,5.139000000000e-02,5.780000000000e-03,7.988459760738e-01,2.694030165460e-04
3.385742475183e+00,-8.142113202466e+00,1.483000000000e-02,-3.621000000000e-02,1.445466826215e+00,7.371949312488e-05
1.631816932688e+00,-8.141712058789e+00,-1.560000000000e-03,-9.096000000000e-02,1.943837380202e+00,1.777504936546e-04
5.993928607062e+00,-8.133000684538e+00,1.624800000000e-01,1.151800000000e-01,1.999830419268e-01,3.678951170395e-04
5.364131606334e+00,-8.073079010671e+00,9.309000000000e-02,4.990000000000e-02,6.000677013757e-01,9.881208843115e-05
2.917856277612e+00,-8.069013901979e+00,9.350000000000e-03,-3.988000000000e-02,1.678903885018e+00,3.783519977536e-05
2.049442638444e+00,-8.062384115594e+00,-1.340000000000e-03,-4.938000000000e-02,1.932506145496e+00,6.338776933357e-05
1.250000040003e-01,-8.031175131006e+00,7.050000000000e-03,-7.231400000000e-01,2.200524180131e+00,2.061436810855e-03
3.750000120003e-01,-8.026510443173e+00,1.597000000000e-02,-6.299100000000e-01,2.199295587989e+00,2.040635467675e-03
6.250000200002e-01,-8.017162443058e+00,1.276000000000e-02,-4.902100000000e-01,2.193424991535e+00,1.758445797503e-03
8.750000280002e-01,-8.003131130661e+00,1.302000000000e-02,-3.572600000000e-01,2.186082235845e+00,1.188871946623e-03
4.279519618874e+00,-7.991657530117e+00,2.513000000000e-02,-2.573000000000e-02,1.211230673909e+00,1.657541851495e-04
6.526204423590e+00,-7.987461210552e+00,1.125200000000e-01,8.753000000000e-02,1.636822053113e-03,3.107413748218e-04
3.800331684900e+00,-7.979015958665e+00,1.898000000000e-02,-3.426000000000e-02,1.432655133655e+00,8.917521929790e-05
1.205750374583e+00,-7.970491389988e+00,2.330000000000e-03,-2.005800000000e-01,2.185187470772e+00,5.408651757579e-04
5.882836664494e+00,-7.966712388634e+00,1.366300000000e-01,9.606000000000e-02,3.999660838537e-01,1.815179198856e-04
4.765543405307e+00,-7.966635352796e+00,3.638000000000e-02,-9.430000000000e-03,9.993432442419e-01,2.463251361124e-04
2.463079504399e+00,-7.965620585179e+00,3.020000000000e-03,-4.370000000000e-02,1.918221696565e+00,3.310413112948e-05
3.330380913769e+00,-7.931400506893e+00,1.332000000000e-02,-3.944000000000e-02,1.663233342289e+00,4.770158363345e-05
1.615985609801e+00,-7.910970914681e+00,-4.080000000000e-03,-9.220000000000e-02,2.175115570222e+00,1.817331710099e-04
5.262521247550e+00,-7.900787506682e+00,5.895000000000e-02,2.161000000000e-02,7.986480006393e-01,2.038839209270e-04
2.871882819564e+00,-7.851636505115e+00,7.680000000000e-03,-4.356000000000e-02,1.901035071905e+00,3.106306831963e-05
2.023288426840e+00,-7.834977301770e+00,-2.230000000000e-03,-5.420000000000e-02,2.161397340114e+00,6.490992303426e-05
6.405978012999e+00,-7.827689593787e+00,1.491300000000e-01,1.155800000000e-01,1.999533928878e-01,3.259605885588e-04
5.771744721927e+00,-7.800424092729e+00,9.646000000000e-02,6.031000000000e-02,5.999491257800e-01,5.346711532448e-05
4.206689207676e+00,-7.797478711318e+00,2.284000000000e-02,-2.921000000000e-02,1.418431630000e+00,1.044556180907e-04
1.250000040003e-01,-7.795003953752e+00,7.380000000000e-03,-7.425600000000e-01,2.436695357365e+00,2.120913393914e-03
3.750000120003e-01,-7.790660968527e+00,1.509000000000e-02,-6.396800000000e-01,2.435145062614e+00,2.093949306781e-03
4.684734920027e+00,-7.782279876168e+00,2.999000000000e-02,-1.744000000000e-02,1.201798468800e+00,1.775510206193e-04
6.250000200002e-01,-7.781957658075e+00,1.194000000000e-02,-4.946800000000e-01,2.427244058301e+00,1.797913132670e-03
3.736000507539e+00,-7.776043344235e+00,1.779000000000e-02,-3.758000000000e-02,1.645457066491e+00,5.896788288184e-05
8.750000280002e-01,-7.768894022396e+00,1.182000000000e-02,-3.544000000000e-01,2.417005834385e+00,1.203038424311e-03
2.426859748579e+00,-7.742672978234e+00,1.530000000000e-03,-4.741000000000e-02,2.144064588956e+00,3.229838065174e-05
1.200444176151e+00,-7.737551994052e+00,7.500000000000e-04,-1.979600000000e-01,2.412793246956e+00,5.434476158713e-04
5.167608138278e+00,-7.727877154189e+00,4.239000000000e-02,3.140000000000e-03,9.958203260640e-01,2.193103480537e-04
3.275019352356e+00,-7.720687811319e+00,1.195000000000e-02,-4.283000000000e-02,1.881022445701e+00,3.600873823378e-05
1.600154286915e+00,-7.680229770573e+00,-4.890000000000e-03,-9.170000000000e-02,2.401410731045e+00,1.825902411595e-04
6.285751602408e+00,-7.667917977022e+00,1.315400000000e-01,1.021200000000e-01,3.999067857757e-01,1.905658717329e-04
6.931488107621e+00,-7.655229960831e+00,1.029900000000e-01,8.750000000000e-02,1.636822062036e-03,2.602531640833e-04
2.825909361516e+00,-7.634259108252e+00,6.290000000000e-03,-4.707000000000e-02,2.123177669702e+00,2.789152507477e-05
5.660652779361e+00,-7.634135796825e+00,6.630000000000e-02,3.282000000000e-02,7.984895848647e-01,1.439985675666e-04
1.997134215235e+00,-7.607570487946e+00,-2.880000000000e-03,-5.804000000000e-02,2.385940898698e+00,6.495860146730e-05
4.133858796477e+00,-7.603299892519e+00,2.181000000000e-02,-3.273000000000e-02,1.625680226085e+00,7.045024424341e-05
4.603926434746e+00,-7.597924399539e+00,2.716000000000e-02,-2.358000000000e-02,1.402890936814e+00,1.186095622489e-04
3.671669330177e+00,-7.573070729804e+00,1.667000000000e-02,-4.087000000000e-02,1.858286831606e+00,4.364927468115e-05
1.250000040003e-01,-7.558832776497e+00,7.200000000000e-03,-7.610300000000e-01,2.672866534603e+00,2.182195777724e-03
3.750000120003e-01,-7.554811493883e+00,1.422000000000e-02,-6.495000000000e-01,2.670925540901e+00,2.146043837205e-03
5.079392278518e+00,-7.554347953191e+00,3.578000000000e-02,-8.100000000000e-03,1.191667804779e+00,1.824780565172e-04
6.250000200002e-01,-7.546752873095e+00,1.137000000000e-02,-4.977600000000e-01,2.661307352670e+00,1.832875847848e-03
8.750000280002e-01,-7.534656914131e+00,8.480000000000e-03,-3.507400000000e-01,2.648511451891e+00,1.212730254599e-03
2.390639992760e+00,-7.519725371288e+00,1.800000000000e-04,-5.104000000000e-02,2.366518834548e+00,3.103413792924e-05
3.219657790943e+00,-7.509975115746e+00,1.076000000000e-02,-4.635000000000e-02,2.098827104998e+00,3.055789199745e-05
6.165525191818e+00,-7.508146360257e+00,9.773000000000e-02,6.938000000000e-02,5.998601786628e-01,5.437280035620e-05
1.195137977718e+00,-7.504612598116e+00,-4.100000000000e-04,-1.940500000000e-01,2.640697794522e+00,5.434741513965e-04
6.802501793730e+00,-7.502468758303e+00,1.383700000000e-01,1.181400000000e-01,1.999336244083e-01,2.868273052391e-04
5.557604632965e+00,-7.470127155424e+00,4.977000000000e-02,1.341000000000e-02,9.921237034363e-01,1.786027866912e-04
1.584322964028e+00,-7.449488626465e+00,-6.680000000000e-03,-9.131000000000e-02,2.627405643275e+00,1.828033416284e-04
2.779935903469e+00,-7.416881711388e+00,4.930000000000e-03,-5.050000000000e-02,2.343317636023e+00,2.546179696485e-05
4.523117949465e+00,-7.413568922911e+00,2.657000000000e-02,-2.908000000000e-02,1.604032514537e+00,8.223790534782e-05
4.061028385279e+00,-7.409121073720e+00,2.101000000000e-02,-3.677000000000e-02,1.832960302601e+00,5.225902374153e-05
4.991176418758e+00,-7.380818752194e+00,3.379000000000e-02,-1.535000000000e-02,1.386146136839e+00,1.301965714309e-04
1.970980003630e+00,-7.380163674122e+00,-4.310000000000e-03,-6.145000000000e-02,2.609361629378e+00,6.445170842445e-05
3.607338152816e+00,-7.370098115374e+00,1.541000000000e-02,-4.449000000000e-02,2.071135848889e+00,3.516841784258e-05
6.673515479838e+00,-7.349707555775e+00,1.249300000000e-01,1.051500000000e-01,3.998672488167e-01,1.911084296267e-04
6.045298781227e+00,-7.348374743492e+00,7.171000000000e-02,4.248000000000e-02,7.983707523530e-01,9.204130377505e-05
1.250000040003e-01,-7.322661599243e+00,7.530000000000e-03,-7.785100000000e-01,2.909037711842e+00,2.245611615403e-03
3.750000120003e-01,-7.318962019239e+00,1.317000000000e-02,-6.578700000000e-01,2.905822749152e+00,2.198167906553e-03
6.250000200002e-01,-7.311548088114e+00,1.161000000000e-02,-5.001500000000e-01,2.895555648566e+00,1.865518827351e-03
5.462600282741e+00,-7.308398168528e+00,4.238000000000e-02,3.600000000000e-04,1.180918456307e+00,1.721492958046e-04
7.319884145289e+00,-7.303404693286e+00,9.502000000000e-02,8.905000000000e-02,1.636822065748e-03,2.146564836224e-04
8.750000280002e-01,-7.300419805866e+00,5.700000000000e-03,-3.460700000000e-01,2.880458759281e+00,1.220250306142e-03
3.164296229529e+00,-7.299262420173e+00,9.450000000000e-03,-4.999000000000e-02,2.316551734203e+00,2.702285429709e-05
2.354420236940e+00,-7.296777764343e+00,-1.010000000000e-03,-5.464000000000e-02,2.586709763921e+00,2.944400366634e-05
1.189831779286e+00,-7.271673202180e+00,-1.220000000000e-03,-1.891300000000e-01,2.869420894060e+00,5.426156918843e-04
4.442309464184e+00,-7.229213446282e+00,2.607000000000e-02,-3.411000000000e-02,1.805206786188e+00,6.114746576835e-05
1.568491641141e+00,-7.218747482358e+00,-7.370000000000e-03,-9.209000000000e-02,2.854247981900e+00,1.828594290819e-04
3.988197974081e+00,-7.214942254922e+00,2.011000000000e-02,-4.124000000000e-02,2.040262264825e+00,4.135507413092e-05
4.902960558999e+00,-7.207289551197e+00,3.268000000000e-02,-2.258000000000e-02,1.580670399363e+00,9.360465257559e-05
2.733962445421e+00,-7.199504314524e+00,3.550000000000e-03,-5.400000000000e-02,2.559637183246e+00,2.311186115591e-05
6.544529165948e+00,-7.196946353248e+00,9.859000000000e-02,7.698000000000e-02,5.998008732242e-01,7.772143000999e-05
5.934621954889e+00,-7.193995863911e+00,5.806000000000e-02,2.392000000000e-02,9.882830699482e-01,1.359112702544e-04
3.543006975455e+00,-7.167125500944e+00,1.403000000000e-02,-4.849000000000e-02,2.283998735938e+00,3.018577743771e-05
7.182538834908e+00,-7.158126452295e+00,1.297100000000e-01,1.209000000000e-01,1.999237394331e-01,2.491273578212e-04
1.944825792025e+00,-7.152756860298e+00,-5.750000000000e-03,-6.448000000000e-02,2.833658069911e+00,6.372675766640e-05
5.367595932517e+00,-7.146669181632e+00,4.050000000000e-02,-7.520000000000e-03,1.368330174532e+00,1.397499115975e-04
3.108934668116e+00,-7.088549724599e+00,8.110000000000e-03,-5.368000000000e-02,2.528378108640e+00,2.406380607901e-05
1.250000040003e-01,-7.086490421989e+00,7.780000000000e-03,-7.966000000000e-01,3.145208889085e+00,2.311494068267e-03
3.750000120003e-01,-7.083112544596e+00,1.282000000000e-02,-6.687500000000e-01,3.140862684569e+00,2.251193613544e-03
6.250000200002e-01,-7.076343303133e+00,1.214000000000e-02,-5.033800000000e-01,3.129947409186e+00,1.897223522231e-03
2.318200481121e+00,-7.073830157398e+00,-2.140000000000e-03,-5.816000000000e-02,2.807803131198e+00,2.766473643296e-05
8.750000280002e-01,-7.066182697601e+00,3.460000000000e-03,-3.395400000000e-01,3.112749020210e+00,1.226681377247e-03
5.833494712804e+00,-7.045009721513e+00,5.059000000000e-02,9.970000000000e-03,1.169641634266e+00,1.456116603577e-04
4.361500978904e+00,-7.044857969654e+00,2.529000000000e-02,-3.915000000000e-02,2.006403917516e+00,4.827707591326e-05
6.415542852057e+00,-7.044185150721e+00,7.670000000000e-02,4.949000000000e-02,7.982915208097e-01,5.376041264037e-05
1.184525580854e+00,-7.038733806244e+00,-2.940000000000e-03,-1.853000000000e-01,3.098781297282e+00,5.414540027381e-04
4.814744699239e+00,-7.033760350200e+00,3.157000000000e-02,-2.863000000000e-02,1.775225493620e+00,7.025463735806e-05
3.915367562882e+00,-7.020763436123e+00,1.889000000000e-02,-4.583000000000e-02,2.247580056986e+00,3.423991493617e-05
7.045193524527e+00,-7.012848211305e+00,1.188700000000e-01,1.088800000000e-01,3.998474788667e-01,1.843892956987e-04
1.552660318254e+00,-6.988006338250e+00,-7.580000000000e-03,-9.283000000000e-02,3.081750619825e+00,1.828865587978e-04
5.272591582293e+00,-6.984940194736e+00,3.918000000000e-02,-1.516000000000e-02,1.555779777524e+00,1.042513074658e-04
2.687988987373e+00,-6.982126917661e+00,2.300000000000e-03,-5.739000000000e-02,2.776883227547e+00,2.067365600367e-05
7.647683901698e+00,-6.979488340875e+00,8.745000000000e-02,9.014000000000e-02,9.404022467659e-04,1.835038225251e-04
3.478675798094e+00,-6.964152886513e+00,1.253000000000e-02,-5.257000000000e-02,2.493218838775e+00,2.642940563515e-05
1.918671580420e+00,-6.925350046474e+00,-6.640000000000e-03,-6.734000000000e-02,3.058637573330e+00,6.295138533061e-05
6.297779994355e+00,-6.900137442304e+00,6.398000000000e-02,3.154000000000e-02,9.843312324437e-01,9.635433470313e-05
5.732367470718e+00,-6.896023579115e+00,4.618000000000e-02,6.400000000000e-04,1.349597425553e+00,1.348587661274e-04
3.053573106703e+00,-6.877837029026e+00,6.660000000000e-03,-5.728000000000e-02,2.741151084559e+00,2.122903554546e-05
6.907848214146e+00,-6.867569970315e+00,9.917000000000e-02,8.396000000000e-02,5.997712182983e-01,9.678591270420e-05
4.280692493623e+00,-6.860502493025e+00,2.425000000000e-02,-4.399000000000e-02,2.207617658395e+00,3.928705735226e-05
4.726528839479e+00,-6.860231149203e+00,3.096000000000e-02,-3.450000000000e-02,1.969802283986e+00,5.543934102749e-05
2.281980725301e+00,-6.850882550452e+00,-3.220000000000e-03,-6.155000000000e-02,3.029601369269e+00,2.581528829495e-05
1.250000040003e-01,-6.850319244734e+00,7.810000000000e-03,-8.150300000000e-01,3.381380066329e+00,2.380152382426e-03
3.750000120003e-01,-6.847263069951e+00,1.312000000000e-02,-6.806800000000e-01,3.376015537070e+00,2.305713323824e-03
6.250000200002e-01,-6.841138518151e+00,1.225000000000e-02,-5.057400000000e-01,3.364452650337e+00,1.928734291307e-03
7.503540774197e+00,-6.840897528343e+00,1.225600000000e-01,1.237200000000e-01,1.999616326298e-01,2.197769717522e-04
8.750000280002e-01,-6.831945589336e+00,1.120000000000e-03,-3.345300000000e-01,3.345310793857e+00,1.232432297395e-03
3.842537151684e+00,-6.826584617324e+00,1.744000000000e-02,-5.032000000000e-02,2.454503873382e+00,2.937214389075e-05
5.177587232068e+00,-6.823211207839e+00,3.739000000000e-02,-2.114000000000e-02,1.743255044248e+00,7.947682128783e-05
1.179219382421e+00,-6.805794410307e+00,-3.540000000000e-03,-1.827000000000e-01,3.328647266586e+00,5.401122740041e-04
6.191240592842e+00,-6.764803227999e+00,5.763000000000e-02,1.943000000000e-02,1.157940477606e+00,1.159276246730e-04
2.642015529325e+00,-6.764749520797e+00,1.070000000000e-03,-6.057000000000e-02,2.994854152048e+00,1.812675384470e-05
3.414344620732e+00,-6.761180272083e+00,1.094000000000e-02,-5.649000000000e-02,2.700917927771e+00,2.309601746825e-05
1.536828995367e+00,-6.757265194142e+00,-8.400000000000e-03,-9.290000000000e-02,3.309777399786e+00,1.829557333567e-04
5.631240228633e+00,-6.747037436717e+00,4.397000000000e-02,-7.070000000000e-03,1.529579043054e+00,1.131019327685e-04
6.770502903766e+00,-6.722291729326e+00,8.022000000000e-02,5.831000000000e-02,7.982519020801e-01,3.916747514365e-05
7.359397646696e+00,-6.702306715811e+00,1.146700000000e-01,1.129900000000e-01,3.999232652602e-01,1.762212129120e-04
1.892517368816e+00,-6.697943232650e+00,-7.680000000000e-03,-6.950000000000e-02,3.284159764129e+00,6.223540985579e-05
7.918114788584e+00,-6.688005391952e+00,8.143000000000e-02,9.091000000000e-02,9.404022470009e-04,1.549640351016e-04
4.638312979719e+00,-6.686701948206e+00,2.999000000000e-02,-4.004000000000e-02,2.164394919098e+00,4.496014902788e-05
4.199884008343e+00,-6.676147016397e+00,2.282000000000e-02,-4.873000000000e-02,2.408843846579e+00,3.281483888113e-05
2.998211545290e+00,-6.667124333453e+00,5.230000000000e-03,-6.065000000000e-02,2.954666167543e+00,1.837139700255e-05
5.082582881844e+00,-6.661482220943e+00,3.622000000000e-02,-2.717000000000e-02,1.930748498891e+00,6.272882777869e-05
3.769706740486e+00,-6.632405798525e+00,1.582000000000e-02,-5.478000000000e-02,2.656560725729e+00,2.537075808733e-05
6.084701191329e+00,-6.629469013694e+00,5.322000000000e-02,9.020000000000e-03,1.330125408476e+00,1.164219979285e-04
2.245760969482e+00,-6.627934943507e+00,-4.280000000000e-03,-6.469000000000e-02,3.251960255307e+00,2.401520170834e-05
1.250000040003e-01,-6.614148067478e+00,7.240000000000e-03,-8.346200000000e-01,3.617551243576e+00,2.451867838830e-03
3.750000120003e-01,-6.611413595303e+00,1.303000000000e-02,-6.900400000000e-01,3.611259248400e+00,2.362127595344e-03
6.250000200002e-01,-6.605933733167e+00,1.259000000000e-02,-5.058500000000e-01,3.599049189748e+00,1.960386110957e-03
5.530112986547e+00,-6.598051294319e+00,4.329000000000e-02,-1.491000000000e-02,1.709578329962e+00,8.892594722152e-05
8.750000280002e-01,-6.597708481069e+00,1.660000000000e-03,-3.302100000000e-01,3.578091138856e+00,1.237612954337e-03
6.646231557249e+00,-6.589248154599e+00,6.857000000000e-02,3.944000000000e-02,9.803040526071e-01,6.123579118075e-05
1.173913183989e+00,-6.572855014370e+00,-4.160000000000e-03,-1.788500000000e-01,3.558920841794e+00,5.385983201515e-04
7.215254519196e+00,-6.563715903280e+00,9.764000000000e-02,9.010000000000e-02,5.998848978885e-01,1.092616924093e-04
3.350013443371e+00,-6.558207657653e+00,9.370000000000e-03,-6.025000000000e-02,2.909372422408e+00,1.988708615865e-05
7.768641077863e+00,-6.555180122705e+00,1.167000000000e-01,1.270000000000e-01,1.999623523245e-01,1.927946259080e-04
2.596042071278e+00,-6.547372123933e+00,-2.000000000000e-04,-6.359000000000e-02,3.213402450311e+00,1.552095037866e-05
1.520997672480e+00,-6.526524050033e+00,-8.580000000000e-03,-9.229000000000e-02,3.538226985684e+00,1.831153232244e-04
4.550097119960e+00,-6.513172747208e+00,2.840000000000e-02,-4.564000000000e-02,2.358999477885e+00,3.682769667482e-05
4.987578531620e+00,-6.499753234047e+00,3.522000000000e-02,-3.332000000000e-02,2.118255311848e+00,5.108416427835e-05
5.978161789816e+00,-6.494134799389e+00,5.073000000000e-02,1.150000000000e-03,1.502322549303e+00,1.078209558823e-04
4.119075523062e+00,-6.491791539769e+00,2.107000000000e-02,-5.348000000000e-02,2.608530987729e+00,2.793553323586e-05
1.866363157211e+00,-6.470536418825e+00,-8.700000000000e-03,-7.078000000000e-02,3.510120042275e+00,6.165914882901e-05
6.535034174594e+00,-6.468439246136e+00,6.251000000000e-02,2.695000000000e-02,1.145930527752e+00,8.393340034478e-05
2.942849983877e+00,-6.456411637879e+00,3.840000000000e-03,-6.379000000000e-02,3.168773349418e+00,1.547750784125e-05
5.428985744462e+00,-6.449065151921e+00,4.248000000000e-02,-2.160000000000e-02,1.889590236808e+00,7.011690348650e-05
3.696876329288e+00,-6.438226979727e+00,1.408000000000e-02,-5.913000000000e-02,2.859381030828e+00,2.170441147710e-05
7.071111391696e+00,-6.425125090749e+00,8.219000000000e-02,6.786000000000e-02,7.990022880232e-01,5.178909235982e-05
7.619167367142e+00,-6.422354853459e+00,1.105700000000e-01,1.170400000000e-01,3.999247046490e-01,1.655878736843e-04
2.209541213663e+00,-6.404987336560e+00,-5.290000000000e-03,-6.748000000000e-02,3.474772159413e+00,2.239456070421e-05
8.177443350550e+00,-6.386602224162e+00,7.626000000000e-02,9.165000000000e-02,9.404022447395e-04,1.295233947145e-04
1.250000040003e-01,-6.377976890222e+00,7.290000000000e-03,-8.543800000000e-01,3.853722420825e+00,2.526904242227e-03
3.750000120003e-01,-6.375564120655e+00,1.279000000000e-02,-6.997500000000e-01,3.846577148733e+00,2.420728147945e-03
6.250000200002e-01,-6.370728948182e+00,1.422000000000e-02,-5.043800000000e-01,3.833720267032e+00,1.992289208259e-03
8.750000280002e-01,-6.363471372802e+00,2.790000000000e-03,-3.254700000000e-01,3.811050004160e+00,1.242208913652e-03
5.871622388303e+00,-6.358800585084e+00,4.899000000000e-02,-6.360000000000e-03,1.674528133322e+00,9.578513752963e-05
3.285682266010e+00,-6.355235043223e+00,7.750000000000e-03,-6.375000000000e-02,3.118430838925e+00,1.671897403287e-05
6.423836791939e+00,-6.347630337672e+00,5.917000000000e-02,1.728000000000e-02,1.310116589580e+00,9.167340376072e-05
1.168606985556e+00,-6.339915618433e+00,-5.250000000000e-03,-1.743300000000e-01,3.789527718175e+00,5.369114191503e-04
4.461881260200e+00,-6.339643546211e+00,2.631000000000e-02,-5.111000000000e-02,2.553613234327e+00,3.074800361355e-05
4.892574181396e+00,-6.338024247151e+00,3.362000000000e-02,-3.980000000000e-02,2.305772224202e+00,4.169437450974e-05
2.550068613230e+00,-6.329994727069e+00,-1.510000000000e-03,-6.640000000000e-02,3.432417836792e+00,1.296421883090e-05
4.038267037782e+00,-6.307436063140e+00,1.905000000000e-02,-5.821000000000e-02,2.805183459105e+00,2.370647887728e-05
5.327858502376e+00,-6.300079009523e+00,4.045000000000e-02,-2.797000000000e-02,2.069611470600e+00,5.658882106886e-05
6.939231158767e+00,-6.299787948358e+00,7.221000000000e-02,4.888000000000e-02,9.809387861259e-01,4.392382891696e-05
1.505166349593e+00,-6.295782905924e+00,-1.020000000000e-02,-9.137000000000e-02,3.767022455608e+00,1.834037449478e-04
7.469693656421e+00,-6.289529584213e+00,9.581000000000e-02,9.592000000000e-02,5.998870569725e-01,1.164834976184e-04
8.022868953989e+00,-6.259746897408e+00,1.100500000000e-01,1.301900000000e-01,1.999637917166e-01,1.670274357127e-04
2.887488422464e+00,-6.245698942305e+00,2.390000000000e-03,-6.672000000000e-02,3.383360223721e+00,1.261614104568e-05
3.624045918090e+00,-6.244048160928e+00,1.225000000000e-02,-6.320000000000e-02,3.062813124296e+00,1.818511032310e-05
1.840208945606e+00,-6.243129605000e+00,-9.330000000000e-03,-7.223000000000e-02,3.736438928921e+00,6.128424369786e-05
6.312639409284e+00,-6.226821429208e+00,5.771000000000e-02,9.410000000000e-03,1.474304406390e+00,9.024260341250e-05
5.765082986790e+00,-6.223466370778e+00,4.760000000000e-02,-1.357000000000e-02,1.846739798591e+00,8.130719952332e-05
6.819613820410e+00,-6.187704476107e+00,6.733000000000e-02,3.574000000000e-02,1.145697057704e+00,6.161982044854e-05
2.173321457843e+00,-6.182039729614e+00,-6.370000000000e-03,-6.986000000000e-02,3.697955195764e+00,2.109523887745e-05
4.797569831171e+00,-6.176295260255e+00,3.139000000000e-02,-4.631000000000e-02,2.493296957275e+00,3.393374421325e-05
4.373665400441e+00,-6.166114345214e+00,2.385000000000e-02,-5.609000000000e-02,2.747366862471e+00,2.584261213134e-05
7.320219945701e+00,-6.156704314967e+00,8.300000000000e-02,7.575000000000e-02,7.990051701638e-01,6.754840972879e-05
3.221351088649e+00,-6.152262428792e+00,6.030000000000e-03,-6.693000000000e-02,3.327979367007e+00,1.362682191083e-05
5.226731260291e+00,-6.151092867125e+00,3.850000000000e-02,-3.432000000000e-02,2.249639792250e+00,4.653505789471e-05
1.250000040003e-01,-6.141805712965e+00,7.920000000000e-03,-8.778100000000e-01,4.089893598074e+00,2.605520194661e-03
3.750000120003e-01,-6.139714646008e+00,1.416000000000e-02,-7.115100000000e-01,4.081956407477e+00,2.481758055772e-03
6.250000200003e-01,-6.135524163197e+00,1.144000000000e-02,-5.011000000000e-01,4.068452984027e+00,2.024433008906e-03
7.868294557429e+00,-6.132891570655e+00,1.059600000000e-01,1.225300000000e-01,3.999275834333e-01,1.516565272878e-04
8.750000280003e-01,-6.129234264535e+00,1.890000000000e-03,-3.186000000000e-01,4.044156539532e+00,1.246153914607e-03
3.957458552501e+00,-6.123080586512e+00,1.686000000000e-02,-6.261000000000e-02,3.002450411022e+00,1.977252459210e-05
2.504095155183e+00,-6.112617330205e+00,-2.930000000000e-03,-6.897000000000e-02,3.651816272488e+00,1.064943590631e-05
1.163300787124e+00,-6.106976222495e+00,-5.480000000000e-03,-1.685400000000e-01,4.020410542633e+00,5.350655086084e-04
6.201442026629e+00,-6.106012520744e+00,5.743000000000e-02,1.080000000000e-03,1.638493450599e+00,8.397913584248e-05
5.658543585277e+00,-6.088132156473e+00,4.586000000000e-02,-2.178000000000e-02,2.018955988968e+00,6.703262269895e-05
8.425305970910e+00,-6.075701449210e+00,7.001000000000e-02,9.151000000000e-02,9.404022481525e-04,1.061297472459e-04
6.699996482052e+00,-6.075621003856e+00,6.538000000000e-02,2.565000000000e-02,1.309613533942e+00,7.344872631867e-05
1.489335026707e+00,-6.065041761815e+00,-1.009000000000e-02,-9.119000000000e-02,3.996104399615e+00,1.838540029938e-04
3.551215506892e+00,-6.049869342129e+00,1.027000000000e-02,-6.689000000000e-02,3.266742713193e+00,1.479716403545e-05
7.179513339602e+00,-6.035613829913e+00,7.472000000000e-02,5.736000000000e-02,9.846236055992e-01,4.307832142352e-05
2.832126861051e+00,-6.034986246731e+00,7.400000000000e-04,-6.945000000000e-02,3.598340972178e+00,9.948842926404e-06
1.814054734001e+00,-6.015722791175e+00,-9.630000000000e-03,-7.361000000000e-02,3.963054987185e+00,6.115753252950e-05
4.702565480947e+00,-6.014566273358e+00,2.885000000000e-02,-5.242000000000e-02,2.680827869883e+00,2.810556095222e-05
7.713720160869e+00,-6.006036243902e+00,9.322000000000e-02,1.022300000000e-01,5.998913751490e-01,1.166814305548e-04
5.125604018205e+00,-6.002106724727e+00,3.619000000000e-02,-4.093000000000e-02,2.429673626220e+00,3.787002552960e-05
4.285449540681e+00,-5.992585144218e+00,2.126000000000e-02,-6.058000000000e-02,2.937979108956e+00,2.144496288032e-05
6.090244643974e+00,-5.985203612281e+00,5.595000000000e-02,-7.770000000000e-03,1.802683386831e+00,7.588226237635e-05
6.580379143694e+00,-5.963537531605e+00,6.503000000000e-02,1.701000000000e-02,1.473531639739e+00,7.729960776040e-05
2.137101702024e+00,-5.959092122667e+00,-7.480000000000e-03,-7.194000000000e-02,3.921445997617e+00,2.025910499033e-05
8.265868600771e+00,-5.955011323379e+00,1.026000000000e-01,1.329200000000e-01,1.999659507758e-01,1.425784755638e-04
5.552004183764e+00,-5.952797942168e+00,4.412000000000e-02,-2.935000000000e-02,2.191175637495e+00,5.636129887489e-05
3.157019911288e+00,-5.949289814362e+00,4.220000000000e-03,-6.987000000000e-02,3.537930921100e+00,1.074988636057e-05
3.876650067221e+00,-5.938725109884e+00,1.450000000000e-02,-6.664000000000e-02,3.200218212586e+00,1.603881728966e-05
7.047573838125e+00,-5.926258129050e+00,7.106000000000e-02,4.446000000000e-02,1.156762913896e+00,4.724594211138e-05
1.250000040003e-01,-5.905634535709e+00,8.150000000000e-03,-9.032700000000e-01,4.326064775324e+00,2.687976484533e-03
3.750000120003e-01,-5.903865171360e+00,1.374000000000e-02,-7.224900000000e-01,4.317386989061e+00,2.545451378871e-03
6.250000200003e-01,-5.900319378213e+00,1.016000000000e-02,-4.999800000000e-01,4.301842129144e+00,2.056741021825e-03
2.458121697135e+00,-5.895239933340e+00,-4.470000000000e-03,-7.135000000000e-02,3.871532636143e+00,8.913951394976e-06
8.750000280003e-01,-5.894997156267e+00,5.700000000000e-04,-3.103100000000e-01,4.277386602125e+00,1.249365346518e-03
7.559145764310e+00,-5.879180917150e+00,8.317000000000e-02,8.412000000000e-02,7.990109344354e-01,7.743781048990e-05
1.157994588692e+00,-5.874036826558e+00,-7.320000000000e-03,-1.612300000000e-01,4.251524358586e+00,5.330868585612e-04
5.979047261319e+00,-5.864394703817e+00,5.398000000000e-02,-1.661000000000e-02,1.966873991694e+00,6.743498573336e-05
3.478385095694e+00,-5.855690523329e+00,8.100000000000e-03,-7.014000000000e-02,3.471082113544e+00,1.164957526293e-05
5.024476776120e+00,-5.853120582329e+00,3.362000000000e-02,-4.749000000000e-02,2.609711831689e+00,3.068232406173e-05
4.607561130723e+00,-5.852837286462e+00,2.611000000000e-02,-5.803000000000e-02,2.868363749989e+00,2.317307673134e-05
6.460761805337e+00,-5.851454059354e+00,6.386000000000e-02,6.910000000000e-03,1.637450885711e+00,7.532625453362e-05
8.106431230633e+00,-5.834321197549e+00,9.989000000000e-02,1.275300000000e-01,3.999319015516e-01,1.364948648186e-04
1.473503703820e+00,-5.834300617706e+00,-1.095000000000e-02,-9.038000000000e-02,4.225426224291e+00,1.844880942099e-04
2.776765299638e+00,-5.824273551157e+00,-1.070000000000e-03,-7.189000000000e-02,3.813648985653e+00,7.809737079131e-06
4.197233680922e+00,-5.819055943221e+00,1.856000000000e-02,-6.469000000000e-02,3.129090387851e+00,1.733365456956e-05
5.445464782251e+00,-5.817463727863e+00,4.183000000000e-02,-3.685000000000e-02,2.363397988190e+00,4.672564684320e-05
6.915634336648e+00,-5.816902428187e+00,6.928000000000e-02,3.282000000000e-02,1.328076590409e+00,5.749521657245e-05
1.787900522397e+00,-5.788315977349e+00,-1.077000000000e-02,-7.464000000000e-02,4.189919998862e+00,6.130946135810e-05
7.409979428399e+00,-5.762664299597e+00,7.615000000000e-02,6.684000000000e-02,9.882459867496e-01,5.024543346164e-05
8.661355109621e+00,-5.755738996406e+00,6.213000000000e-02,8.917000000000e-02,9.404022419214e-04,8.536271748081e-05
3.795841581941e+00,-5.754369633255e+00,1.197000000000e-02,-7.029000000000e-02,3.398399424995e+00,1.257013248624e-05
3.092688733927e+00,-5.746317199931e+00,2.270000000000e-03,-7.265000000000e-02,3.748217776878e+00,8.389260812079e-06
5.867849878664e+00,-5.743585795353e+00,5.158000000000e-02,-2.574000000000e-02,2.131065110643e+00,5.970209343081e-05
6.341144466979e+00,-5.739370587104e+00,6.161000000000e-02,-3.300000000000e-03,1.801370960600e+00,6.984575633541e-05
2.100881946205e+00,-5.736144515721e+00,-8.770000000000e-03,-7.366000000000e-02,4.145194785157e+00,2.000045402667e-05
7.946993860495e+00,-5.713631071719e+00,8.965000000000e-02,1.101000000000e-01,5.998978523265e-01,1.133076568381e-04
6.783694835170e+00,-5.707546727324e+00,6.804000000000e-02,2.300000000000e-02,1.499402488909e+00,6.348912483467e-05
4.923349534035e+00,-5.704134439932e+00,3.074000000000e-02,-5.378000000000e-02,2.789753562307e+00,2.514765387990e-05
4.512556780500e+00,-5.691108299567e+00,2.310000000000e-02,-6.300000000000e-02,3.054179680751e+00,1.866567260686e-05
5.338925380738e+00,-5.682129513558e+00,3.870000000000e-02,-4.415000000000e-02,2.535622490452e+00,3.764820985070e-05
2.412148239087e+00,-5.677862536475e+00,-6.140000000000e-03,-7.342000000000e-02,4.091515709422e+00,8.237095393892e-06
1.250000040003e-01,-5.669463358452e+00,8.150000000000e-03,-9.294000000000e-01,4.562235952575e+00,2.774538539753e-03
3.750000120003e-01,-5.668015696712e+00,1.342000000000e-02,-7.321000000000e-01,4.552860931708e+00,2.612061966352e-03
6.250000200003e-01,-5.665114593228e+00,9.110000000000e-03,-4.974900000000e-01,4.534601308916e+00,2.089111535675e-03
3.405554684496e+00,-5.661511704530e+00,5.750000000000e-03,-7.293000000000e-02,3.675762980480e+00,9.009612230558e-06
8.750000280003e-01,-5.660760048000e+00,9.700000000000e-04,-3.005100000000e-01,4.510711766932e+00,1.251780693693e-03
7.266221153138e+00,-5.656486391243e+00,7.231000000000e-02,5.351000000000e-02,1.167645075584e+00,4.371644574719e-05
4.109017821163e+00,-5.645526742223e+00,1.562000000000e-02,-6.852000000000e-02,3.320614537860e+00,1.350866551083e-05
8.497299930653e+00,-5.641399891007e+00,9.448000000000e-02,1.359600000000e-01,1.999688294959e-01,1.196983123200e-04
1.152688390260e+00,-5.641097430620e+00,-1.106000000000e-02,-1.526600000000e-01,4.482833439672e+00,5.310004492223e-04
6.221527128621e+00,-5.627287114853e+00,5.803000000000e-02,-1.280000000000e-02,1.965291656993e+00,6.269146474316e-05
5.756652496010e+00,-5.622776886889e+00,4.823000000000e-02,-3.423000000000e-02,2.295256633351e+00,5.238944074248e-05
2.721403738225e+00,-5.613560855583e+00,-3.010000000000e-03,-7.400000000000e-02,4.029231800803e+00,6.801453707546e-06
1.457672380933e+00,-5.603559473597e+00,-1.220000000000e-02,-8.944000000000e-02,4.454950885697e+00,1.852966178194e-04
6.651755333693e+00,-5.598191026461e+00,6.454000000000e-02,1.186000000000e-02,1.670736849484e+00,6.433767429118e-05
7.787556490358e+00,-5.592940945889e+00,8.080000000000e-02,9.295000000000e-02,7.990195807426e-01,8.347843500188e-05
3.715033096660e+00,-5.570014156626e+00,9.240000000000e-03,-7.350000000000e-02,3.596925715323e+00,9.597615101302e-06
1.761746310792e+00,-5.560909163524e+00,-1.202000000000e-02,-7.535000000000e-02,4.416995604005e+00,6.174635747017e-05
4.822222291950e+00,-5.555148297534e+00,2.750000000000e-02,-5.977000000000e-02,2.969798176944e+00,2.019621086190e-05
7.122462877876e+00,-5.550308482890e+00,6.893000000000e-02,4.117000000000e-02,1.346243298744e+00,4.846491157731e-05
5.232385979225e+00,-5.546795299253e+00,3.504000000000e-02,-5.088000000000e-02,2.707848733748e+00,3.002189196856e-05
3.028357556566e+00,-5.543344585500e+00,1.300000000000e-04,-7.513000000000e-02,3.958786502012e+00,7.101904978082e-06
4.417552430276e+00,-5.529379312670e+00,1.979000000000e-02,-6.736000000000e-02,3.238607701714e+00,1.446108686701e-05
8.333244751684e+00,-5.527060785607e+00,9.237000000000e-02,1.318800000000e-01,3.999376589919e-01,1.204708264054e-04
6.101909790263e+00,-5.515203642602e+00,5.386000000000e-02,-2.217000000000e-02,2.129212831348e+00,5.542399920085e-05
2.064662190385e+00,-5.513196908774e+00,-1.007000000000e-02,-7.500000000000e-02,4.369161923512e+00,2.036919229957e-05
5.645455113355e+00,-5.501967978426e+00,4.403000000000e-02,-4.217000000000e-02,2.459448478954e+00,4.464303285518e-05
6.519815832215e+00,-5.488835325598e+00,6.023000000000e-02,4.000000000000e-04,1.842077310924e+00,6.139946163773e-05
7.630309186677e+00,-5.481311298658e+00,7.423000000000e-02,7.651000000000e-02,9.917884575463e-01,5.816737625595e-05
4.020801961403e+00,-5.471997541226e+00,1.246000000000e-02,-7.205000000000e-02,3.512484022138e+00,1.015959831628e-05
3.332724273298e+00,-5.467332885731e+00,3.260000000000e-03,-7.531000000000e-02,3.880731284603e+00,7.392581623043e-06
2.366174781040e+00,-5.460485139611e+00,-7.900000000000e-03,-7.507000000000e-02,4.311724670153e+00,8.904524828040e-06
6.978704602614e+00,-5.444130574536e+00,6.560000000000e-02,2.944000000000e-02,1.524869632510e+00,5.396970791430e-05
1.250000040003e-01,-5.433292181196e+00,8.910000000000e-03,-9.602300000000e-01,4.798407129826e+00,2.865487455176e-03
3.750000120003e-01,-5.432166222064e+00,1.266000000000e-02,-7.425100000000e-01,4.788371838423e+00,2.681895983299e-03
6.250000200003e-01,-5.429909808243e+00,7.150000000000e-03,-4.913900000000e-01,4.767600543179e+00,2.121419943963e-03
8.885259791193e+00,-5.427163500567e+00,5.317000000000e-02,8.404000000000e-02,9.404022453123e-04,6.758716753201e-05
8.750000280003e-01,-5.426522939733e+00,-1.000000000000e-05,-2.887700000000e-01,4.740429993387e+00,1.253370040847e-03
8.169189572716e+00,-5.412721680209e+00,8.408000000000e-02,1.175800000000e-01,5.999064884869e-01,1.067427148872e-04
5.125846577713e+00,-5.411461084949e+00,3.121000000000e-02,-5.680000000000e-02,2.880076405741e+00,2.369474889796e-05
1.147382191827e+00,-5.408158034682e+00,-1.213000000000e-02,-1.451600000000e-01,4.712715775877e+00,5.288264206909e-04
4.721095049865e+00,-5.406162155137e+00,2.397000000000e-02,-6.531000000000e-02,3.149845181053e+00,1.554379167462e-05
5.982292451906e+00,-5.403120170351e+00,4.923000000000e-02,-3.149000000000e-02,2.293134381165e+00,4.856115579819e-05
2.666042176812e+00,-5.402848160009e+00,-5.120000000000e-03,-7.580000000000e-02,4.245047550799e+00,7.406532518971e-06
3.634224611380e+00,-5.385658679997e+00,6.280000000000e-03,-7.621000000000e-02,3.795742938796e+00,7.601851270163e-06
5.534257730701e+00,-5.381159069963e+00,3.955000000000e-02,-4.948000000000e-02,2.623640586830e+00,3.597304328111e-05
6.387876330738e+00,-5.379479624735e+00,5.561000000000e-02,-1.066000000000e-02,2.013422315696e+00,5.626469431830e-05
7.475251949452e+00,-5.378742130025e+00,6.943000000000e-02,6.251000000000e-02,1.178284743297e+00,4.672162261937e-05
1.441841058046e+00,-5.372818329488e+00,-1.280000000000e-02,-8.828000000000e-02,4.682730713066e+00,1.862207378683e-04
4.322548080052e+00,-5.367650325774e+00,1.619000000000e-02,-7.113000000000e-02,3.423377039185e+00,1.069339560655e-05
2.964026379205e+00,-5.340371971069e+00,-2.200000000000e-03,-7.719000000000e-02,4.169594392660e+00,7.413047597612e-06
6.834946327352e+00,-5.337952666182e+00,6.151000000000e-02,1.708000000000e-02,1.703515234081e+00,5.629998515152e-05
1.735592099187e+00,-5.333502349699e+00,-1.322000000000e-02,-7.603000000000e-02,4.642356449415e+00,6.244590688565e-05
8.716839046817e+00,-5.319351512579e+00,8.491000000000e-02,1.376400000000e-01,1.999724278245e-01,9.884135156934e-05
3.932586101644e+00,-5.298468340229e+00,9.090000000000e-03,-7.528000000000e-02,3.704645184836e+00,7.735220987499e-06
8.005134393748e+00,-5.298382574810e+00,7.607000000000e-02,1.022600000000e-01,7.990311090305e-01,8.540098777544e-05
5.862675113548e+00,-5.291036698100e+00,4.442000000000e-02,-4.043000000000e-02,2.457056231297e+00,4.304403131705e-05
2.028442434566e+00,-5.290249301828e+00,-1.136000000000e-02,-7.593000000000e-02,4.591919308083e+00,2.132334746588e-05
7.320194712227e+00,-5.276172961392e+00,6.598000000000e-02,4.961000000000e-02,1.364007586819e+00,4.538085100468e-05
5.019307176200e+00,-5.276126870644e+00,2.729000000000e-02,-6.216000000000e-02,3.052305264587e+00,1.810663984446e-05
3.259893862100e+00,-5.273154066931e+00,6.300000000000e-04,-7.738000000000e-02,4.085943768929e+00,7.366365261904e-06
6.255936829260e+00,-5.270123923872e+00,5.080000000000e-02,-2.173000000000e-02,2.184770794840e+00,5.025086490529e-05
5.423060348046e+00,-5.260350161500e+00,3.495000000000e-02,-5.615000000000e-02,2.787832910638e+00,2.774165535682e-05
4.619967807780e+00,-5.257176012739e+00,2.011000000000e-02,-7.034000000000e-02,3.329894187036e+00,1.128472578882e-05
2.320201322992e+00,-5.243107742746e+00,-9.640000000000e-03,-7.632000000000e-02,4.531839785251e+00,1.065023460627e-05
6.691188052090e+00,-5.231774757829e+00,5.722000000000e-02,4.010000000000e-03,1.882174617085e+00,5.541606589505e-05
8.548418302442e+00,-5.211539524591e+00,8.333000000000e-02,1.358900000000e-01,3.999448556491e-01,1.042379323122e-04
4.227543729828e+00,-5.205921338878e+00,1.233000000000e-02,-7.450000000000e-02,3.608435262376e+00,7.774829143355e-06
3.553416126100e+00,-5.201303203369e+00,3.170000000000e-03,-7.843000000000e-02,3.994807657371e+00,7.202540693488e-06
1.250000040003e-01,-5.197121003940e+00,8.230000000000e-03,-9.921200000000e-01,5.034578307078e+00,2.961144092136e-03
3.750000120003e-01,-5.196316747417e+00,1.289000000000e-02,-7.529200000000e-01,5.023914510809e+00,2.755380971500e-03
6.250000200003e-01,-5.194705023259e+00,6.160000000000e-03,-4.843800000000e-01,5.000806277948e+00,2.153341563193e-03
8.750000280003e-01,-5.192285831467e+00,-1.270000000000e-03,-2.755800000000e-01,4.970570032284e+00,1.254031390149e-03
2.610680615399e+00,-5.192135464435e+00,-7.280000000000e-03,-7.728000000000e-02,4.461062429244e+00,9.274348161067e-06
7.840196460678e+00,-5.191938444906e+00,6.936000000000e-02,8.544000000000e-02,9.952344705326e-01,6.372242911654e-05
5.743057775191e+00,-5.178953225850e+00,3.952000000000e-02,-4.894000000000e-02,2.620978325398e+00,3.900678220680e-05
1.142075993395e+00,-5.175218638746e+00,-1.340000000000e-02,-1.364000000000e-01,4.940223466944e+00,5.266609133665e-04
7.165137475002e+00,-5.173603792759e+00,6.224000000000e-02,3.586000000000e-02,1.549775732115e+00,4.839813525587e-05
6.123997327783e+00,-5.160768223009e+00,4.566000000000e-02,-3.227000000000e-02,2.356121990338e+00,4.404785569514e-05
1.426009735159e+00,-5.142077185379e+00,-1.451000000000e-02,-8.658000000000e-02,4.908396687970e+00,1.871849253478e-04
4.912767774688e+00,-5.140792656339e+00,2.319000000000e-02,-6.721000000000e-02,3.224535120110e+00,1.320346888565e-05
5.311862965392e+00,-5.139541253036e+00,3.017000000000e-02,-6.190000000000e-02,2.952025414349e+00,2.065165841862e-05
2.899695201844e+00,-5.137399356638e+00,-4.680000000000e-03,-7.885000000000e-02,4.380606920881e+00,9.076755295001e-06
6.547429776828e+00,-5.125596849475e+00,5.224000000000e-02,-8.560000000000e-03,2.060844197291e+00,5.229360124921e-05
3.844370241885e+00,-5.124939139232e+00,5.440000000000e-03,-7.808000000000e-02,3.897054878790e+00,6.920317514315e-06
4.518840565695e+00,-5.108189870341e+00,1.594000000000e-02,-7.463000000000e-02,3.508316032533e+00,7.776579930296e-06
1.709437887582e+00,-5.106095535874e+00,-1.432000000000e-02,-7.668000000000e-02,4.865509720716e+00,6.340203070446e-05
8.379997558067e+00,-5.103727536603e+00,7.661000000000e-02,1.244400000000e-01,5.999172834726e-01,9.776753537879e-05
7.674375773504e+00,-5.093389290498e+00,6.445000000000e-02,7.157000000000e-02,1.188627503821e+00,5.147137045544e-05
9.096706068748e+00,-5.090435673036e+00,4.309000000000e-02,7.554000000000e-02,9.404022453044e-04,5.277865078276e-05
3.187063450902e+00,-5.078975248132e+00,-2.140000000000e-03,-7.919000000000e-02,4.291365403615e+00,8.793359841624e-06
7.010080237777e+00,-5.071034624127e+00,5.771000000000e-02,2.251000000000e-02,1.735574632548e+00,5.075562090997e-05
1.992222678747e+00,-5.067301694882e+00,-1.277000000000e-02,-7.642000000000e-02,4.811894846271e+00,2.276418432625e-05
5.623440436834e+00,-5.066869753600e+00,3.437000000000e-02,-5.668000000000e-02,2.784900620387e+00,3.458371741919e-05
5.992057826305e+00,-5.051412522146e+00,4.002000000000e-02,-4.204000000000e-02,2.527475349720e+00,3.768797666683e-05
4.132539379605e+00,-5.044192351982e+00,8.240000000000e-03,-7.754000000000e-02,3.793740096083e+00,6.472968119555e-06
2.274227864945e+00,-5.025730345882e+00,-1.132000000000e-02,-7.723000000000e-02,4.747983142446e+00,1.300298834445e-05
6.403671501566e+00,-5.019418941121e+00,4.634000000000e-02,-2.058000000000e-02,2.239521534095e+00,4.795186377208e-05
5.200665582738e+00,-5.018732344573e+00,2.535000000000e-02,-6.668000000000e-02,3.116218069524e+00,1.451694627367e-05
3.472607640820e+00,-5.016947726740e+00,-0.000000000000e+00,-8.003000000000e-02,4.194084630462e+00,8.378558715911e-06
4.806228373175e+00,-5.005458442034e+00,1.892000000000e-02,-7.204000000000e-02,3.396765820701e+00,9.127727531254e-06
8.211576813692e+00,-4.995915548616e+00,6.943000000000e-02,1.106700000000e-01,7.990455191145e-01,8.369073037005e-05
7.508555086331e+00,-4.994840136089e+00,6.098000000000e-02,5.788000000000e-02,1.381272952508e+00,4.644422385540e-05
8.924178696110e+00,-4.989316908580e+00,7.377000000000e-02,1.369200000000e-01,1.999767457340e-01,8.034243746784e-05
2.555319053986e+00,-4.981422768861e+00,-9.350000000000e-03,-7.831000000000e-02,4.674316504504e+00,1.178522777985e-05
6.855023000552e+00,-4.968465455494e+00,5.206000000000e-02,8.360000000000e-03,1.921395366075e+00,5.097482248535e-05
1.250000040003e-01,-4.960949826684e+00,8.250000000000e-03,-1.025160000000e+00,4.871509833193e+00,3.061786063911e-03
3.750000120003e-01,-4.960467272770e+00,1.304000000000e-02,-7.603200000000e-01,4.851745209008e+00,2.832545093956e-03
6.250000200003e-01,-4.959500238276e+00,4.690000000000e-03,-4.787100000000e-01,4.844332911755e+00,2.184975538337e-03
4.417713323610e+00,-4.959203727943e+00,1.151000000000e-02,-7.796000000000e-02,3.686139052335e+00,5.839221729220e-06
8.750000280003e-01,-4.958048723200e+00,-4.010000000000e-03,-2.634700000000e-01,4.842881396680e+00,1.253680240732e-03
5.503823098477e+00,-4.954786281350e+00,2.909000000000e-02,-6.335000000000e-02,2.948823082762e+00,2.992873207936e-05
3.756154382126e+00,-4.951409938234e+00,1.670000000000e-03,-8.028000000000e-02,4.089678025726e+00,7.841924138439e-06
1.136769794963e+00,-4.942279242809e+00,-1.300000000000e-02,-1.289300000000e-01,4.827464050550e+00,5.242519990766e-04
5.860118324829e+00,-4.942056821283e+00,3.428000000000e-02,-5.100000000000e-02,2.698830460820e+00,3.156197369732e-05
2.835364024483e+00,-4.934426742208e+00,-7.190000000000e-03,-7.999000000000e-02,4.591563115209e+00,1.147936351384e-05
6.259913226304e+00,-4.913241032768e+00,4.015000000000e-02,-3.199000000000e-02,2.418204908129e+00,4.309298438237e-05
1.410178412273e+00,-4.911336041271e+00,-1.620000000000e-02,-8.425000000000e-02,4.797264208592e+00,1.881340665049e-04
5.089468200084e+00,-4.897923436110e+00,2.069000000000e-02,-7.072000000000e-02,3.280410853422e+00,9.258917284557e-06
7.342734399157e+00,-4.896290981680e+00,5.591000000000e-02,4.350000000000e-02,1.573979500528e+00,4.661915820821e-05
8.039349606987e+00,-4.894940499695e+00,6.269000000000e-02,9.466000000000e-02,9.985684145913e-01,6.618314549378e-05
8.751651323472e+00,-4.888198144124e+00,7.287000000000e-02,1.390200000000e-01,3.999534914680e-01,8.845750837027e-05
3.114233039704e+00,-4.884796429333e+00,-4.990000000000e-03,-8.066000000000e-02,4.496967526763e+00,1.105290066914e-05
4.037535029381e+00,-4.882463365085e+00,3.950000000000e-03,-8.009000000000e-02,3.979257088205e+00,7.151355843875e-06
1.683283675978e+00,-4.878688722050e+00,-1.522000000000e-02,-7.680000000000e-02,4.765410748465e+00,6.479186234947e-05
4.699688971663e+00,-4.870124227729e+00,1.443000000000e-02,-7.658000000000e-02,3.568997244020e+00,6.381817537858e-06
6.699965763327e+00,-4.865896286861e+00,4.571000000000e-02,-5.450000000000e-03,2.107232156823e+00,4.922511081400e-05
1.956002922927e+00,-4.844354087936e+00,-1.425000000000e-02,-7.660000000000e-02,4.731917674817e+00,2.475872073038e-05
5.384205760120e+00,-4.842702809100e+00,2.376000000000e-02,-6.880000000000e-02,3.112745686079e+00,2.586434874772e-05
5.728178823352e+00,-4.832701120421e+00,2.862000000000e-02,-5.909000000000e-02,2.870187009896e+00,2.560780838592e-05
3.391799155539e+00,-4.832592250112e+00,-3.080000000000e-03,-8.105000000000e-02,4.393544976630e+00,1.047886008374e-05
4.316586081525e+00,-4.810217585545e+00,6.940000000000e-03,-8.050000000000e-02,3.864169771324e+00,6.250368649151e-06
2.228254406897e+00,-4.808352949018e+00,-1.302000000000e-02,-7.772000000000e-02,4.696802054463e+00,1.573367041350e-05
6.116154951042e+00,-4.807063124414e+00,3.382000000000e-02,-4.270000000000e-02,2.596893073189e+00,3.808029047983e-05
7.863315937951e+00,-4.800802389842e+00,5.733000000000e-02,7.968000000000e-02,1.198623160217e+00,5.503634018023e-05
7.176913711983e+00,-4.797741827271e+00,5.029000000000e-02,2.843000000000e-02,1.766727154682e+00,4.800192202683e-05
8.579123950835e+00,-4.787079379669e+00,6.701000000000e-02,1.298800000000e-01,5.999302372011e-01,8.725577953380e-05
3.667938522366e+00,-4.777880737237e+00,-1.890000000000e-03,-8.177000000000e-02,4.282485822852e+00,9.787443184357e-06
4.978270817430e+00,-4.777114527647e+00,1.617000000000e-02,-7.436000000000e-02,3.444603747633e+00,4.833423117811e-06
2.499957492573e+00,-4.770710073287e+00,-1.135000000000e-02,-7.880000000000e-02,4.660084010393e+00,1.463033577531e-05
6.544908526102e+00,-4.763327118228e+00,3.886000000000e-02,-1.863000000000e-02,2.293081100846e+00,4.612038892615e-05
9.295397463602e+00,-4.746027656514e+00,3.230000000000e-02,6.355000000000e-02,9.404022457550e-04,4.073765600546e-05
4.593149570150e+00,-4.734790013425e+00,9.770000000000e-03,-8.034000000000e-02,3.741229290251e+00,5.876366970822e-06
2.771032847122e+00,-4.731454127777e+00,-9.630000000000e-03,-8.045000000000e-02,4.621786719563e+00,1.428092344840e-05
5.264588421763e+00,-4.730619336850e+00,1.856000000000e-02,-7.287000000000e-02,3.276668409185e+00,2.259706575941e-05
1.250000040003e-01,-4.724778649428e+00,8.750000000000e-03,-1.058570000000e+00,4.636649282001e+00,3.167583416723e-03
3.750000120003e-01,-4.724617798124e+00,1.410000000000e-02,-7.673200000000e-01,4.616225043708e+00,2.913075900127e-03
6.250000200003e-01,-4.724295453292e+00,1.750000000000e-03,-4.717500000000e-01,4.609128126772e+00,2.216695133784e-03
8.750000280003e-01,-4.723811614934e+00,-6.590000000000e-03,-2.493900000000e-01,4.608644288413e+00,1.252469155474e-03
5.596239321875e+00,-4.723345419559e+00,2.307000000000e-02,-6.638000000000e-02,3.041544753908e+00,1.997761974307e-05
3.942530679157e+00,-4.720734378189e+00,-3.400000000000e-04,-8.211000000000e-02,4.164957888737e+00,8.996534122590e-06
1.131463596530e+00,-4.709339846871e+00,-1.556000000000e-02,-1.217600000000e-01,4.594518859163e+00,5.213466397778e-04
7.687282268916e+00,-4.706664279988e+00,5.263000000000e-02,6.529000000000e-02,1.397951812737e+00,4.865989925014e-05
5.972396675781e+00,-4.700885216061e+00,2.754000000000e-02,-5.257000000000e-02,2.775585103957e+00,3.312012819973e-05
7.011093024809e+00,-4.699192672863e+00,4.414000000000e-02,1.296000000000e-02,1.959503784728e+00,4.842649710357e-05
3.041402628506e+00,-4.690617610534e+00,-7.780000000000e-03,-8.171000000000e-02,4.581936414937e+00,1.378206109822e-05
8.406596578199e+00,-4.685960615215e+00,6.037000000000e-02,1.177800000000e-01,7.990628108839e-01,7.911922555721e-05
1.394347089386e+00,-4.680594897162e+00,-1.762000000000e-02,-8.247000000000e-02,4.566471149664e+00,1.892099412493e-04
4.215458839439e+00,-4.661231443148e+00,2.360000000000e-03,-8.239000000000e-02,4.042380747716e+00,8.110176519281e-06
6.389851288877e+00,-4.660757949596e+00,3.209000000000e-02,-3.069000000000e-02,2.478939464713e+00,4.223235052275e-05
4.867073434775e+00,-4.656305619184e+00,1.165000000000e-02,-7.782000000000e-02,3.608796737102e+00,2.092716119175e-06
9.119028699154e+00,-4.651757976704e+00,6.108000000000e-02,1.324400000000e-01,1.999817831818e-01,6.438037355202e-05
1.657129464373e+00,-4.651281908224e+00,-1.664000000000e-02,-7.664000000000e-02,4.537861288384e+00,6.724511788400e-05
3.310990670259e+00,-4.648236773483e+00,-6.060000000000e-03,-8.182000000000e-02,4.540562391994e+00,1.310951620798e-05
1.919783167108e+00,-4.621406480990e+00,-1.567000000000e-02,-7.667000000000e-02,4.508694534779e+00,2.804012302388e-05
5.144971083407e+00,-4.618535864599e+00,1.367000000000e-02,-7.595000000000e-02,3.440591234958e+00,2.015924888164e-05
5.464299820398e+00,-4.613989718696e+00,1.756000000000e-02,-7.234000000000e-02,3.212903501663e+00,1.496565790694e-05
7.511248599880e+00,-4.612526170135e+00,4.705000000000e-02,5.083000000000e-02,1.597354291942e+00,4.688730321005e-05
3.579722662607e+00,-4.604351536240e+00,-5.170000000000e-03,-8.273000000000e-02,4.475454405395e+00,1.229504890316e-05
6.845272337635e+00,-4.600643518454e+00,3.700000000000e-02,-2.380000000000e-03,2.152301604769e+00,4.736702650009e-05
4.486610168638e+00,-4.599455799120e+00,5.040000000000e-03,-8.293000000000e-02,3.913461877150e+00,7.339549618066e-06
5.828638400520e+00,-4.594707307708e+00,2.137000000000e-02,-6.128000000000e-02,2.954280298973e+00,2.817470388830e-05
2.182280948849e+00,-4.590975552154e+00,-1.471000000000e-02,-7.775000000000e-02,4.478977366729e+00,1.910184259948e-05
8.227491896103e+00,-4.590722821692e+00,5.390000000000e-02,1.031800000000e-01,1.001775623764e+00,6.577364764491e-05
2.444595931159e+00,-4.559997377713e+00,-1.331000000000e-02,-7.896000000000e-02,4.448717470384e+00,1.764001884098e-05
3.847526328933e+00,-4.559005391293e+00,-4.330000000000e-03,-8.350000000000e-02,4.350818961920e+00,1.137780388865e-05
6.234794051652e+00,-4.558188780963e+00,2.541000000000e-02,-4.202000000000e-02,2.664805277445e+00,3.795125453901e-05
8.942659934705e+00,-4.557488296894e+00,6.102000000000e-02,1.404300000000e-01,3.999635663636e-01,7.369471813529e-05
4.755876052121e+00,-4.535496710721e+00,7.050000000000e-03,-8.117000000000e-02,3.772989809392e+00,4.025020764325e-06
2.706701669761e+00,-4.528481513346e+00,-1.188000000000e-02,-8.037000000000e-02,4.417923728787e+00,1.704187813798e-05
7.335214930844e+00,-4.518388060282e+00,4.134000000000e-02,3.478000000000e-02,1.796806019013e+00,4.713492682479e-05
4.114331597354e+00,-4.512245300750e+00,-2.180000000000e-03,-8.379000000000e-02,4.220749148770e+00,1.041301613571e-05
5.025353745050e+00,-4.506452392349e+00,9.110000000000e-03,-7.868000000000e-02,3.604514149392e+00,1.851130505885e-05
5.332360318922e+00,-4.504634017834e+00,1.227000000000e-02,-7.682000000000e-02,3.384263100690e+00,1.097878945822e-05
6.679451650462e+00,-4.502094364045e+00,2.963000000000e-02,-1.644000000000e-02,2.345115388563e+00,4.501802122049e-05
8.041809904549e+00,-4.501365999101e+00,4.759000000000e-02,8.691000000000e-02,1.208225557581e+00,5.651610307804e-05
2.968572217308e+00,-4.496438791735e+00,-1.050000000000e-02,-8.219000000000e-02,4.386606209341e+00,1.639988495853e-05
1.250000040003e-01,-4.491525734280e+00,9.320000000000e-03,-1.090120000000e+00,4.404828365461e+00,3.281265370774e-03
3.750000120003e-01,-4.491525734280e+00,1.441000000000e-02,-7.758000000000e-01,4.383493232249e+00,2.997776604711e-03
6.250000200003e-01,-4.491525734280e+00,1.220000000000e-03,-4.642000000000e-01,4.376358407760e+00,2.248255983605e-03
8.750000280003e-01,-4.491525734280e+00,-8.910000000000e-03,-2.350600000000e-01,4.376358407760e+00,1.246026356517e-03
5.684880125258e+00,-4.488529399355e+00,1.556000000000e-02,-6.866000000000e-02,3.132978116799e+00,2.367530210011e-05
1.128810497314e+00,-4.478048395180e+00,-1.804000000000e-02,-1.126100000000e-01,4.363226641457e+00,5.130016385417e-04
4.380070767125e+00,-4.464121584815e+00,3.500000000000e-04,-8.464000000000e-02,4.085694936343e+00,9.416796947361e-06
3.230182184979e+00,-4.463881296854e+00,-9.040000000000e-03,-8.233000000000e-02,4.354776150127e+00,1.565664594250e-05
8.766291170258e+00,-4.463218617084e+00,5.553000000000e-02,1.335400000000e-01,5.999453495445e-01,7.601480503457e-05
6.079736814428e+00,-4.455619612331e+00,1.881000000000e-02,-5.261000000000e-02,2.850677082032e+00,3.344651622722e-05
1.386431427942e+00,-4.451093716979e+00,-1.883000000000e-02,-7.963000000000e-02,4.336963108852e+00,1.850392430265e-04
3.491506802848e+00,-4.430822335243e+00,-8.250000000000e-03,-8.319000000000e-02,4.322445945022e+00,1.483958219450e-05
7.159181261808e+00,-4.424249950428e+00,3.354000000000e-02,1.765000000000e-02,1.996292232780e+00,4.730645435852e-05
1.644052358570e+00,-4.424139038779e+00,-1.782000000000e-02,-7.598000000000e-02,4.310699576246e+00,6.475216351006e-05
4.644678669467e+00,-4.414687802258e+00,2.420000000000e-03,-8.403000000000e-02,3.937182954141e+00,6.680377651600e-06
7.856127912994e+00,-4.412009176510e+00,4.187000000000e-02,7.211000000000e-02,1.413964876410e+00,5.020638297797e-05
6.513630963288e+00,-4.403545209637e+00,2.225000000000e-02,-2.906000000000e-02,2.537941497695e+00,4.178274489380e-05
3.752521978709e+00,-4.397276404397e+00,-7.860000000000e-03,-8.400000000000e-02,4.289629127709e+00,1.400817069704e-05
1.901673289198e+00,-4.397184360579e+00,-1.710000000000e-02,-7.650000000000e-02,4.284436043640e+00,2.780239650741e-05
5.200420817445e+00,-4.395278316971e+00,7.210000000000e-03,-7.934000000000e-02,3.555623427911e+00,8.690876897867e-06
9.481055381516e+00,-4.394422362359e+00,2.169000000000e-02,4.841000000000e-02,9.404022435827e-04,3.117496972381e-05
4.905736406693e+00,-4.394368920099e+00,4.670000000000e-03,-8.132000000000e-02,3.768437140916e+00,1.737010732884e-05
5.541121849997e+00,-4.382351491002e+00,1.014000000000e-02,-7.496000000000e-02,3.311515565576e+00,1.995113270229e-05
2.159294219826e+00,-4.370229682378e+00,-1.634000000000e-02,-7.753000000000e-02,4.258172511035e+00,2.079389216858e-05
8.589922405811e+00,-4.368948937275e+00,4.887000000000e-02,1.232400000000e-01,7.990829841469e-01,7.247113662488e-05
4.013204355269e+00,-4.363259158353e+00,-6.600000000000e-03,-8.462000000000e-02,4.256340354568e+00,1.330557501763e-05
5.924679577204e+00,-4.353050443699e+00,1.241000000000e-02,-6.202000000000e-02,3.034843894226e+00,2.882574613122e-05
2.416915150453e+00,-4.343275004178e+00,-1.514000000000e-02,-7.895000000000e-02,4.231908978429e+00,1.984368234465e-05
6.983147592772e+00,-4.330111840575e+00,2.495000000000e-02,1.210000000000e-03,2.195803534033e+00,4.649659045186e-05
4.273531365612e+00,-4.328787370510e+00,-4.210000000000e-03,-8.561000000000e-02,4.222595386404e+00,1.299025472668e-05
7.670445921440e+00,-4.322652353920e+00,3.591000000000e-02,5.776000000000e-02,1.619786786251e+00,4.754402251618e-05
2.674536081081e+00,-4.316320325978e+00,-1.391000000000e-02,-8.014000000000e-02,4.205645445824e+00,1.914435623246e-05
9.301116356748e+00,-4.307147145005e+00,4.746000000000e-02,1.226200000000e-01,1.999875401091e-01,5.097832917543e-05
6.347810276114e+00,-4.304996055228e+00,1.505000000000e-02,-4.077000000000e-02,2.729722688145e+00,3.808229366227e-05
4.533481286813e+00,-4.293878893794e+00,-2.180000000000e-03,-8.583000000000e-02,4.101376162647e+00,1.321046825828e-05
2.932157011709e+00,-4.289365647777e+00,-1.306000000000e-02,-8.202000000000e-02,4.179381913219e+00,1.816515087512e-05
5.068481315968e+00,-4.285922616109e+00,2.550000000000e-03,-8.121000000000e-02,3.726984382882e+00,8.710750965928e-06
4.786119068336e+00,-4.282285447849e+00,1.600000000000e-04,-8.395000000000e-02,3.932360199890e+00,1.763729593636e-05
8.404361899517e+00,-4.279700800055e+00,4.278000000000e-02,1.102200000000e-01,1.004842382695e+00,6.298033578846e-05
5.397363574736e+00,-4.276173582649e+00,4.890000000000e-03,-7.951000000000e-02,3.488713137889e+00,1.731180114594e-05
3.189777942339e+00,-4.262410969577e+00,-1.207000000000e-02,-8.255000000000e-02,4.153118380613e+00,1.692650021352e-05
1.250000040003e-01,-4.261191081241e+00,9.250000000000e-03,-1.121910000000e+00,4.176064294369e+00,3.396571468448e-03
3.750000120003e-01,-4.261191081241e+00,1.424000000000e-02,-7.862900000000e-01,4.153554258548e+00,3.084235389538e-03
6.250000200003e-01,-4.261191081241e+00,-7.000000000000e-05,-4.563400000000e-01,4.146023754720e+00,2.279406027185e-03
8.750000280003e-01,-4.261191081241e+00,-1.048000000000e-02,-2.206100000000e-01,4.146023754720e+00,1.238698001163e-03
5.769622339980e+00,-4.250481275066e+00,6.350000000000e-03,-6.989000000000e-02,3.218790879834e+00,2.463147045627e-05
1.128810497314e+00,-4.248404887735e+00,-2.018000000000e-02,-1.024400000000e-01,4.133583134012e+00,4.997973562871e-04
6.807113923736e+00,-4.235973730721e+00,1.685000000000e-02,-1.335000000000e-02,2.395333654048e+00,4.457051771098e-05
3.447398872968e+00,-4.235456291376e+00,-1.147000000000e-02,-8.343000000000e-02,4.126854848007e+00,1.544155272978e-05
7.484763929885e+00,-4.233295531329e+00,2.848000000000e-02,4.125000000000e-02,1.825663353844e+00,4.701414504203e-05
1.386431427942e+00,-4.222832500725e+00,-1.997000000000e-02,-7.760000000000e-02,4.108701892597e+00,1.765909998678e-04
9.121177331980e+00,-4.219871927650e+00,4.804000000000e-02,1.385600000000e-01,3.999750802182e-01,6.037545692657e-05
3.705019803597e+00,-4.208501613175e+00,-1.150000000000e-02,-8.423000000000e-02,4.100591315402e+00,1.369268745752e-05
6.181989588941e+00,-4.206446900820e+00,8.130000000000e-03,-5.171000000000e-02,2.920030985501e+00,3.411355629253e-05
1.644052358570e+00,-4.197260113714e+00,-1.911000000000e-02,-7.497000000000e-02,4.083820651181e+00,6.113271195766e-05
8.209609651377e+00,-4.195474205426e+00,3.581000000000e-02,9.360000000000e-02,1.217392408257e+00,5.587942623097e-05
3.962640734227e+00,-4.181546934975e+00,-1.095000000000e-02,-8.511000000000e-02,4.074327782796e+00,1.163213464176e-05
4.936541814492e+00,-4.176566915247e+00,-1.880000000000e-03,-8.317000000000e-02,3.898345882821e+00,1.062017693614e-05
1.901673289198e+00,-4.171687726703e+00,-1.867000000000e-02,-7.601000000000e-02,4.058939409765e+00,2.891881902432e-05
4.666501729979e+00,-4.170201975599e+00,-4.420000000000e-03,-8.608000000000e-02,4.063388406846e+00,1.867785782775e-05
5.253605299475e+00,-4.169995674296e+00,-6.000000000000e-05,-8.189000000000e-02,3.666058340474e+00,1.595077939734e-05
4.220261664856e+00,-4.154592256774e+00,-9.000000000000e-03,-8.626000000000e-02,4.048064250190e+00,9.308710248236e-06
5.614565102756e+00,-4.147912106434e+00,1.040000000000e-03,-7.643000000000e-02,3.402951418435e+00,2.120673854313e-05
2.159294219826e+00,-4.146115339693e+00,-1.813000000000e-02,-7.713000000000e-02,4.034058168349e+00,2.382751521125e-05
7.299081938330e+00,-4.143938708738e+00,1.956000000000e-02,2.251000000000e-02,2.031577962493e+00,4.689523900345e-05
6.631080254701e+00,-4.141835620868e+00,9.190000000000e-03,-2.693000000000e-02,2.593588265723e+00,4.175881559031e-05
8.941238307212e+00,-4.132596710296e+00,4.286000000000e-02,1.356900000000e-01,5.999626203264e-01,6.475015915866e-05
4.477882595485e+00,-4.127637578574e+00,-7.430000000000e-03,-8.696000000000e-02,4.021800717584e+00,7.658297395870e-06
2.416915150453e+00,-4.120542952682e+00,-1.709000000000e-02,-7.860000000000e-02,4.009176926934e+00,2.304959888126e-05
8.014857403237e+00,-4.111247610797e+00,2.889000000000e-02,7.800000000000e-02,1.429240551006e+00,5.039452694822e-05
6.016168901769e+00,-4.107897746412e+00,1.750000000000e-03,-6.158000000000e-02,3.110657941764e+00,3.002653070081e-05
2.674536081081e+00,-4.094970565671e+00,-1.608000000000e-02,-7.972000000000e-02,3.984295685518e+00,2.240746236235e-05
2.932157011709e+00,-4.069398178661e+00,-1.565000000000e-02,-8.138000000000e-02,3.959414444102e+00,2.162712781849e-05
4.804602313015e+00,-4.067211214384e+00,-6.430000000000e-03,-8.531000000000e-02,3.960355303462e+00,1.183389046355e-05
5.109847024214e+00,-4.063817765943e+00,-4.560000000000e-03,-8.301000000000e-02,3.843530737863e+00,1.580903888460e-05
7.113399946776e+00,-4.054581886147e+00,1.037000000000e-02,4.740000000000e-03,2.237520109690e+00,4.618081783625e-05
6.455046585665e+00,-4.047697511015e+00,2.320000000000e-03,-3.873000000000e-02,2.790197666600e+00,3.846037916841e-05
5.459507865532e+00,-4.045342937802e+00,-3.820000000000e-03,-8.095000000000e-02,3.587292620722e+00,1.879422374056e-05
8.761299282445e+00,-4.045321492942e+00,3.611000000000e-02,1.267900000000e-01,7.991060386835e-01,6.449439219012e-05
3.189777942339e+00,-4.043825791650e+00,-1.530000000000e-02,-8.237000000000e-02,3.934533202686e+00,2.075254327343e-05
9.653419503075e+00,-4.036112793888e+00,1.258000000000e-02,3.173000000000e-02,9.404022398435e-04,2.375751607268e-05
1.250000040003e-01,-4.030856428201e+00,8.870000000000e-03,-1.153720000000e+00,3.947482888756e+00,3.518432271445e-03
3.750000120003e-01,-4.030856428201e+00,1.343000000000e-02,-7.972200000000e-01,3.923661701144e+00,3.174989434014e-03
6.250000200002e-01,-4.030856428201e+00,1.100000000000e-03,-4.463400000000e-01,3.915689101681e+00,2.310659589790e-03
8.750000280002e-01,-4.030856428201e+00,-1.401000000000e-02,-2.041600000000e-01,3.915689101681e+00,1.229101077950e-03
7.820105155098e+00,-4.027021016168e+00,2.204000000000e-02,6.318000000000e-02,1.641175781077e+00,4.763707247861e-05
1.128810497314e+00,-4.018761380291e+00,-2.175000000000e-02,-9.426000000000e-02,3.903939626568e+00,4.849150913573e-04
3.447398872968e+00,-4.018253404639e+00,-1.513000000000e-02,-8.333000000000e-02,3.909651961270e+00,1.982222455572e-05
5.850348214596e+00,-4.009348592003e+00,-4.150000000000e-03,-6.988000000000e-02,3.301548360586e+00,2.624837345615e-05
1.386431427942e+00,-3.994571284470e+00,-2.159000000000e-02,-7.524000000000e-02,3.880440676342e+00,1.679182462333e-04
3.705019803597e+00,-3.992681017628e+00,-1.570000000000e-02,-8.412000000000e-02,3.884770719854e+00,1.887273872858e-05
1.644052358570e+00,-3.970381188649e+00,-2.050000000000e-02,-7.379000000000e-02,3.856941726116e+00,5.763874176729e-05
3.962640734227e+00,-3.967108630618e+00,-1.564000000000e-02,-8.509000000000e-02,3.859889478438e+00,1.795422638489e-05
6.927717955221e+00,-3.965225063556e+00,2.250000000000e-03,-1.032000000000e-02,2.443201594873e+00,4.453423611091e-05
8.569713852330e+00,-3.962299277868e+00,2.967000000000e-02,1.155600000000e-01,1.007755929972e+00,5.835272230698e-05
4.672662811538e+00,-3.957855513522e+00,-1.102000000000e-02,-8.693000000000e-02,3.850969747012e+00,1.781731966867e-05
4.966088748953e+00,-3.957639857590e+00,-8.890000000000e-03,-8.424000000000e-02,3.846563207209e+00,1.658498896839e-05
9.470186831080e+00,-3.955966711459e+00,3.367000000000e-02,1.051400000000e-01,1.999940164483e-01,4.002000481936e-05
6.279012916630e+00,-3.953559401162e+00,-4.230000000000e-03,-4.989000000000e-02,2.987206992832e+00,3.489139570362e-05
1.901673289198e+00,-3.946191092828e+00,-2.034000000000e-02,-7.512000000000e-02,3.833442775890e+00,2.930339125053e-05
7.625352906957e+00,-3.942794421539e+00,1.389000000000e-02,4.619000000000e-02,1.853168219819e+00,4.679970859061e-05
5.304450628308e+00,-3.942773769170e+00,-8.320000000000e-03,-8.324000000000e-02,3.771787997685e+00,1.748812668854e-05
4.220261664856e+00,-3.941536243607e+00,-1.438000000000e-02,-8.661000000000e-02,3.835008237023e+00,1.712082764416e-05
2.159294219826e+00,-3.922000997007e+00,-2.019000000000e-02,-7.641000000000e-02,3.809943825664e+00,2.569055991091e-05
4.477882595485e+00,-3.915963856596e+00,-1.362000000000e-02,-8.769000000000e-02,3.810126995607e+00,1.581766724404e-05
5.684527527423e+00,-3.910799437595e+00,-9.390000000000e-03,-7.647000000000e-02,3.492659043791e+00,2.312841461000e-05
2.416915150453e+00,-3.897810901186e+00,-1.938000000000e-02,-7.765000000000e-02,3.786444875438e+00,2.511598591024e-05
8.366482016866e+00,-3.883530065076e+00,2.241000000000e-02,9.992000000000e-02,1.226085121275e+00,5.340326687059e-05
6.742035963666e+00,-3.875868240966e+00,-5.000000000000e-03,-2.422000000000e-02,2.645737204890e+00,4.203151511496e-05
9.286954159085e+00,-3.875820629029e+00,3.448000000000e-02,1.321200000000e-01,3.999880328967e-01,4.875209434087e-05
2.674536081081e+00,-3.873620805365e+00,-1.862000000000e-02,-7.882000000000e-02,3.762945925212e+00,2.441360315854e-05
6.102979247596e+00,-3.859421291309e+00,-1.024000000000e-02,-5.980000000000e-02,3.184542022028e+00,3.129035887114e-05
7.430600658817e+00,-3.858567826910e+00,4.840000000000e-03,2.782000000000e-02,2.065200249926e+00,4.655875700866e-05
4.822330473692e+00,-3.851461949237e+00,-1.343000000000e-02,-8.561000000000e-02,3.744022745899e+00,1.721513260417e-05
2.932157011709e+00,-3.849430709544e+00,-1.850000000000e-02,-8.029000000000e-02,3.739446974986e+00,2.350283060127e-05
5.149393391084e+00,-3.840204600538e+00,-1.232000000000e-02,-8.367000000000e-02,3.726483557140e+00,1.718679624288e-05
3.189777942339e+00,-3.825240613723e+00,-1.874000000000e-02,-8.168000000000e-02,3.715948024760e+00,2.246591586621e-05
5.518706840250e+00,-3.812250283187e+00,-1.378000000000e-02,-8.098000000000e-02,3.683955711911e+00,2.087623558138e-05
8.163250181403e+00,-3.804760852283e+00,1.520000000000e-02,8.292000000000e-02,1.443714390699e+00,4.912064485627e-05
3.447398872968e+00,-3.801050517902e+00,-1.909000000000e-02,-8.263000000000e-02,3.692449074534e+00,2.135319274852e-05
8.750000280002e-01,-3.800521775162e+00,-1.531000000000e-02,-1.867800000000e-01,3.685354448642e+00,1.218108042216e-03
1.250000040003e-01,-3.800521775162e+00,7.930000000000e-03,-1.182870000000e+00,3.719117829287e+00,3.647150141119e-03
3.750000120003e-01,-3.800521775162e+00,1.349000000000e-02,-8.096400000000e-01,3.693824226479e+00,3.270192837467e-03
6.250000200002e-01,-3.800521775162e+00,4.750000000000e-03,-4.363100000000e-01,3.685354448642e+00,2.341969225887e-03
9.103721487091e+00,-3.795674546600e+00,2.963000000000e-02,1.351900000000e-01,5.999820493441e-01,5.401710898339e-05
1.128810497314e+00,-3.789117872846e+00,-2.307000000000e-02,-8.564000000000e-02,3.674296119123e+00,4.692719590441e-04
6.556353972112e+00,-3.786511418375e+00,-1.138000000000e-02,-3.623000000000e-02,2.848778961055e+00,3.899109314645e-05
3.705019803597e+00,-3.776860422081e+00,-2.011000000000e-02,-8.339000000000e-02,3.668950124307e+00,2.021212626286e-05
7.235848410677e+00,-3.774341232281e+00,-3.900000000000e-03,9.340000000000e-03,2.277260812565e+00,4.595858636986e-05
1.386431427942e+00,-3.766310068215e+00,-2.292000000000e-02,-7.233000000000e-02,3.652179460087e+00,1.590605653477e-04
5.926945578561e+00,-3.765283181456e+00,-1.544000000000e-02,-6.853000000000e-02,3.382145744173e+00,2.785160823098e-05
3.962640734227e+00,-3.752670326260e+00,-2.044000000000e-02,-8.439000000000e-02,3.645451174081e+00,1.911383439007e-05
4.678572198431e+00,-3.745284040884e+00,-1.793000000000e-02,-8.680000000000e-02,3.638331937704e+00,2.087588786804e-05
1.644052358570e+00,-3.743502263584e+00,-2.193000000000e-02,-7.226000000000e-02,3.630062801051e+00,5.480165442649e-05
4.994336153860e+00,-3.737635431905e+00,-1.627000000000e-02,-8.429000000000e-02,3.626495609770e+00,1.763631677719e-05
4.220261664856e+00,-3.728480230439e+00,-2.001000000000e-02,-8.614000000000e-02,3.621952223855e+00,1.815557531988e-05
7.960018345939e+00,-3.725991639490e+00,7.510000000000e-03,6.735000000000e-02,1.661431098443e+00,4.679412697578e-05
1.901673289198e+00,-3.720694458953e+00,-2.200000000000e-02,-7.383000000000e-02,3.607946142014e+00,3.042856554497e-05
8.920488815098e+00,-3.715528464171e+00,2.291000000000e-02,1.292400000000e-01,7.991319742192e-01,5.585496848868e-05
5.352886153077e+00,-3.713701128779e+00,-1.751000000000e-02,-8.301000000000e-02,3.597963401055e+00,1.954643367947e-05
4.477882595485e+00,-3.704290134618e+00,-2.001000000000e-02,-8.770000000000e-02,3.598453273629e+00,1.741649768518e-05
2.159294219826e+00,-3.697886654322e+00,-2.235000000000e-02,-7.526000000000e-02,3.585829482978e+00,2.780763988076e-05
6.370671980558e+00,-3.697154595784e+00,-1.725000000000e-02,-4.728000000000e-02,3.052225854687e+00,3.567305960772e-05
7.041096162537e+00,-3.690114637652e+00,-1.193000000000e-02,-6.610000000000e-03,2.487253724221e+00,4.457098768650e-05
2.416915150453e+00,-3.675078849691e+00,-2.187000000000e-02,-7.617000000000e-02,3.563712823942e+00,2.727181889501e-05
9.812248149731e+00,-3.671601352654e+00,5.830000000000e-03,1.782000000000e-02,9.404022571906e-04,1.815740345425e-05
5.750911909526e+00,-3.671145071603e+00,-2.012000000000e-02,-7.547000000000e-02,3.548696428200e+00,2.492236868085e-05
2.674536081081e+00,-3.652271045059e+00,-2.142000000000e-02,-7.743000000000e-02,3.541596164906e+00,2.650823855475e-05
7.756786510475e+00,-3.647222426697e+00,-9.400000000000e-04,5.078000000000e-02,1.879204854053e+00,4.605890362205e-05
8.723317993643e+00,-3.638951963683e+00,1.621000000000e-02,1.185300000000e-01,1.010504459402e+00,5.242678469456e-05
4.839278916636e+00,-3.635066263273e+00,-2.046000000000e-02,-8.503000000000e-02,3.527094969346e+00,1.793414533509e-05
2.932157011709e+00,-3.629463240428e+00,-2.154000000000e-02,-7.879000000000e-02,3.519479505870e+00,2.554029960954e-05
5.187065465905e+00,-3.615151974371e+00,-2.062000000000e-02,-8.298000000000e-02,3.500696337265e+00,1.905556777216e-05
6.184989989005e+00,-3.607797773194e+00,-2.225000000000e-02,-5.755000000000e-02,3.256001943265e+00,3.239812098925e-05
3.189777942339e+00,-3.606655435797e+00,-2.232000000000e-02,-8.037000000000e-02,3.497362846833e+00,2.446083837695e-05
6.846343914397e+00,-3.605888043023e+00,-1.887000000000e-02,-2.043000000000e-02,2.695924978836e+00,4.235929535057e-05
9.626003503386e+00,-3.598708166681e+00,2.133000000000e-02,8.027000000000e-02,2.000012121298e-01,3.129157193277e-05
3.447398872968e+00,-3.583847631166e+00,-2.331000000000e-02,-8.132000000000e-02,3.475246187797e+00,2.332153148257e-05
5.574878240491e+00,-3.577006961750e+00,-2.408000000000e-02,-8.005000000000e-02,3.459154655415e+00,2.270086022724e-05
8.750000280001e-01,-3.570187122122e+00,-1.759000000000e-02,-1.673200000000e-01,3.455019795602e+00,1.205337867615e-03
1.250000040003e-01,-3.570187122122e+00,6.400000000000e-03,-1.210550000000e+00,3.491011573169e+00,3.783421498021e-03
3.750000120003e-01,-3.570187122122e+00,1.347000000000e-02,-8.204700000000e-01,3.464052798674e+00,3.370270062100e-03
6.250000200001e-01,-3.570187122122e+00,5.340000000000e-03,-4.211200000000e-01,3.455019795602e+00,2.373228069967e-03
7.553554675011e+00,-3.568453213904e+00,-9.540000000000e-03,3.215000000000e-02,2.097017884468e+00,4.591525067464e-05
8.512209022728e+00,-3.565945045137e+00,8.650000000000e-03,1.045000000000e-01,1.234268638676e+00,4.945917922082e-05
3.705019803597e+00,-3.561039826534e+00,-2.465000000000e-02,-8.211000000000e-02,3.453129528760e+00,2.216844898656e-05
1.128810497314e+00,-3.559474365402e+00,-2.570000000000e-02,-7.827000000000e-02,3.444652611679e+00,4.528353872449e-04
3.962640734227e+00,-3.538232021903e+00,-2.535000000000e-02,-8.306000000000e-02,3.431012869724e+00,2.105828226429e-05
1.386431427942e+00,-3.538048851960e+00,-2.442000000000e-02,-6.958000000000e-02,3.423918243832e+00,1.500283859166e-04
4.684221679412e+00,-3.532497094641e+00,-2.475000000000e-02,-8.604000000000e-02,3.425484410166e+00,2.137772820941e-05
9.439758857042e+00,-3.525814980708e+00,2.235000000000e-02,1.181500000000e-01,4.000024242596e-01,3.889787032058e-05
6.651591666258e+00,-3.521661448394e+00,-2.465000000000e-02,-3.301000000000e-02,2.905105335296e+00,3.954417697438e-05
5.999307997451e+00,-3.518440950604e+00,-2.665000000000e-02,-6.627000000000e-02,3.392234082730e+00,2.918783796486e-05
1.644052358570e+00,-3.516623338519e+00,-2.344000000000e-02,-7.037000000000e-02,3.403183875986e+00,5.224368844071e-05
5.021244778732e+00,-3.516602819963e+00,-2.390000000000e-02,-8.316000000000e-02,3.405612947251e+00,1.922479177351e-05
4.220261664856e+00,-3.515424217272e+00,-2.577000000000e-02,-8.486000000000e-02,3.408896210688e+00,2.004955201093e-05
1.901673289198e+00,-3.495197825078e+00,-2.361000000000e-02,-7.215000000000e-02,3.382449508139e+00,3.171099730710e-05
8.301100051812e+00,-3.492938126590e+00,1.240000000000e-03,8.844000000000e-02,1.457328589391e+00,4.654224910106e-05
4.477882595485e+00,-3.492616412641e+00,-2.641000000000e-02,-8.680000000000e-02,3.386779551651e+00,1.916843553152e-05
7.350322839548e+00,-3.489684001111e+00,-1.750000000000e-02,1.436000000000e-02,2.314859103211e+00,4.551407311984e-05
5.398844571456e+00,-3.482868851897e+00,-2.695000000000e-02,-8.160000000000e-02,3.365660272892e+00,2.124617301277e-05
2.159294219826e+00,-3.473772311636e+00,-2.451000000000e-02,-7.362000000000e-02,3.361715140293e+00,2.979106343131e-05
9.253514210698e+00,-3.452921794735e+00,1.734000000000e-02,1.297800000000e-01,6.000036363885e-01,4.417488584700e-05
2.416915150453e+00,-3.452346798195e+00,-2.445000000000e-02,-7.429000000000e-02,3.340980772446e+00,2.920627094463e-05
6.456839418119e+00,-3.437434853765e+00,-2.964000000000e-02,-4.427000000000e-02,3.114692222614e+00,3.643020327455e-05
2.674536081081e+00,-3.430921284754e+00,-2.436000000000e-02,-7.555000000000e-02,3.320246404600e+00,2.834362208470e-05
5.813626005897e+00,-3.429084128014e+00,-3.089000000000e-02,-7.340000000000e-02,3.307187666968e+00,2.635654782230e-05
8.089991080897e+00,-3.419931208044e+00,-6.060000000000e-03,7.107000000000e-02,1.680472605551e+00,4.498907192526e-05
4.855424091559e+00,-3.418053665554e+00,-2.752000000000e-02,-8.382000000000e-02,3.309600185690e+00,1.943824858081e-05
7.147091004084e+00,-3.410914788318e+00,-2.483000000000e-02,-1.830000000000e-03,2.529376803648e+00,4.440716018020e-05
2.932157011709e+00,-3.409495771312e+00,-2.465000000000e-02,-7.681000000000e-02,3.299512036753e+00,2.729490249524e-05
5.222810902422e+00,-3.388730742045e+00,-2.913000000000e-02,-8.108000000000e-02,3.273884417332e+00,2.051913176780e-05
3.189777942339e+00,-3.388070257870e+00,-2.592000000000e-02,-7.846000000000e-02,3.278777668907e+00,2.615501889639e-05
9.067269564354e+00,-3.380028608762e+00,1.019000000000e-02,1.285300000000e-01,7.991607904648e-01,4.707559880140e-05
3.447398872968e+00,-3.366644744429e+00,-2.763000000000e-02,-7.949000000000e-02,3.258043301060e+00,2.497447101605e-05
6.262087169980e+00,-3.353208259137e+00,-3.377000000000e-02,-5.427000000000e-02,3.223222046392e+00,3.328111780171e-05
7.878882109981e+00,-3.346924289497e+00,-1.450000000000e-02,5.434000000000e-02,1.903671125503e+00,4.467822950293e-05
3.705019803597e+00,-3.345219230987e+00,-2.923000000000e-02,-8.040000000000e-02,3.237308933213e+00,2.379808290482e-05
1.250000040003e-01,-3.339852469083e+00,5.540000000000e-03,-1.235800000000e+00,3.263218393651e+00,3.927948372438e-03
3.750000120003e-01,-3.339852469083e+00,1.417000000000e-02,-8.328900000000e-01,3.234361493814e+00,3.475658181767e-03
6.250000200001e-01,-3.339852469083e+00,1.990000000000e-03,-4.036200000000e-01,3.224685142563e+00,2.404291869150e-03
8.750000280001e-01,-3.339852469083e+00,-1.985000000000e-02,-1.450000000000e-01,3.224685142563e+00,1.190423129727e-03
5.627944014344e+00,-3.339727305423e+00,-3.419000000000e-02,-7.789000000000e-02,3.219713535952e+00,2.409658865566e-05
6.943859168620e+00,-3.332145575525e+00,-3.142000000000e-02,-1.568000000000e-02,2.743864955079e+00,4.249373038960e-05
1.128810497314e+00,-3.329830857957e+00,-2.733000000000e-02,-7.132000000000e-02,3.215009104234e+00,4.354711345839e-04
3.962640734227e+00,-3.323793717546e+00,-3.027000000000e-02,-8.112000000000e-02,3.216574565367e+00,2.267350343476e-05
4.689603404386e+00,-3.319504511146e+00,-3.137000000000e-02,-8.485000000000e-02,3.212436869065e+00,2.273015903987e-05
8.864960886673e+00,-3.310100827272e+00,3.140000000000e-03,1.204400000000e-01,1.013077119807e+00,4.566649235428e-05
1.386431427942e+00,-3.309787635705e+00,-2.612000000000e-02,-6.607000000000e-02,3.195657027578e+00,1.408747365594e-04
4.220261664856e+00,-3.302368204104e+00,-3.139000000000e-02,-8.268000000000e-02,3.195840197520e+00,2.165273786249e-05
9.957318621032e+00,-3.301399137650e+00,1.540000000000e-03,8.070000000000e-03,9.404022566842e-04,1.409843134628e-05
5.046777233387e+00,-3.294592632192e+00,-3.171000000000e-02,-8.122000000000e-02,3.183975698190e+00,2.041125859426e-05
1.644052358570e+00,-3.289744413454e+00,-2.503000000000e-02,-6.795000000000e-02,3.176304950921e+00,4.994535046521e-05
4.477882595485e+00,-3.280942690663e+00,-3.254000000000e-02,-8.481000000000e-02,3.175105829674e+00,2.087434844118e-05
7.667773139065e+00,-3.273917370950e+00,-2.280000000000e-02,3.647000000000e-02,2.126906990362e+00,4.483811018551e-05
1.901673289198e+00,-3.269701191202e+00,-2.519000000000e-02,-6.993000000000e-02,3.156952874264e+00,3.299409232740e-05
6.067334921841e+00,-3.268981664508e+00,-3.754000000000e-02,-6.295000000000e-02,3.143325346995e+00,3.020795689456e-05
6.740627333156e+00,-3.253376362732e+00,-3.697000000000e-02,-2.845000000000e-02,2.958860980892e+00,3.991680084644e-05
5.442262022791e+00,-3.250370482833e+00,-3.604000000000e-02,-7.912000000000e-02,3.132192452594e+00,2.248975513474e-05
2.159294219826e+00,-3.249657968951e+00,-2.668000000000e-02,-7.147000000000e-02,3.137600797607e+00,3.154049279867e-05
8.646588177653e+00,-3.243138450265e+00,-4.130000000000e-03,1.074800000000e-01,1.241911280739e+00,4.441716284589e-05
9.768348303709e+00,-3.235871509214e+00,1.062000000000e-02,5.670000000000e-02,2.000091270857e-01,2.453867075071e-05
2.416915150453e+00,-3.229614746699e+00,-2.714000000000e-02,-7.207000000000e-02,3.118248720951e+00,3.083960565671e-05
2.674536081081e+00,-3.209571524448e+00,-2.729000000000e-02,-7.318000000000e-02,3.098896644294e+00,2.983941693544e-05
7.456664168149e+00,-3.200910452404e+00,-3.027000000000e-02,1.982000000000e-02,2.350027758127e+00,4.473226982443e-05
4.870743564352e+00,-3.200454522339e+00,-3.466000000000e-02,-8.217000000000e-02,3.091567255034e+00,2.052243890258e-05
2.932157011709e+00,-3.189528302196e+00,-2.783000000000e-02,-7.451000000000e-02,3.079544567637e+00,2.867830708283e-05
5.872582673702e+00,-3.184755069880e+00,-4.149000000000e-02,-7.007000000000e-02,3.061530266313e+00,2.740512492362e-05
8.428215468634e+00,-3.176176073259e+00,-1.206000000000e-02,9.218000000000e-02,1.470031520005e+00,4.291926520597e-05
6.537395497694e+00,-3.174607149940e+00,-4.091000000000e-02,-3.998000000000e-02,3.040917747202e+00,3.697559695869e-05
9.579377986385e+00,-3.170343880779e+00,1.264000000000e-02,9.684000000000e-02,4.000182541715e-01,3.073159055630e-05
3.189777942339e+00,-3.169485079944e+00,-2.938000000000e-02,-7.601000000000e-02,3.060192490980e+00,2.744878556324e-05
5.256580031237e+00,-3.161013660243e+00,-3.753000000000e-02,-7.831000000000e-02,3.046128810353e+00,2.154080784967e-05
3.447398872968e+00,-3.149441857692e+00,-3.179000000000e-02,-7.717000000000e-02,3.040840414323e+00,2.619774891447e-05
3.705019803598e+00,-3.129398635441e+00,-3.361000000000e-02,-7.819000000000e-02,3.021488337667e+00,2.496621166883e-05
7.245555197233e+00,-3.127903533857e+00,-3.671000000000e-02,4.040000000000e-03,2.569344472211e+00,4.393413528134e-05
1.250000040003e-01,-3.109517816044e+00,4.010000000000e-03,-1.257520000000e+00,3.035808767051e+00,4.081493949127e-03
3.750000120003e-01,-3.109517816044e+00,1.610000000000e-02,-8.446200000000e-01,3.004768686290e+00,3.586843152379e-03
6.250000200001e-01,-3.109517816044e+00,8.000000000000e-05,-3.823600000000e-01,2.994350489523e+00,2.434996186064e-03
8.750000280001e-01,-3.109517816044e+00,-2.214000000000e-02,-1.258500000000e-01,2.994350489523e+00,1.173028292401e-03
3.962640734227e+00,-3.109355413189e+00,-3.509000000000e-02,-7.871000000000e-02,3.002136261010e+00,2.379068992796e-05
8.209842759614e+00,-3.109213696252e+00,-1.973000000000e-02,7.572000000000e-02,1.698229345627e+00,4.237613501139e-05
4.694709895317e+00,-3.106316412486e+00,-3.768000000000e-02,-8.281000000000e-02,2.999199279516e+00,2.347328005508e-05
9.390407669063e+00,-3.104816252344e+00,8.070000000000e-03,1.173400000000e-01,6.000273812564e-01,3.536494441920e-05
5.677830425563e+00,-3.100528475251e+00,-4.384000000000e-02,-7.442000000000e-02,2.979031566618e+00,2.506295710313e-05
1.128810497314e+00,-3.100187350513e+00,-2.868000000000e-02,-6.487000000000e-02,2.985365596790e+00,4.170754209073e-04
6.334163662231e+00,-3.095837937147e+00,-4.409000000000e-02,-4.974000000000e-02,2.966712666767e+00,3.387651612913e-05
4.220261664856e+00,-3.089312190937e+00,-3.660000000000e-02,-7.977000000000e-02,2.982784184353e+00,2.271661901899e-05
1.386431427942e+00,-3.081526419451e+00,-2.751000000000e-02,-6.236000000000e-02,2.967395811323e+00,1.316068966350e-04
5.070898039684e+00,-3.071656837653e+00,-3.940000000000e-02,-7.881000000000e-02,2.961649668868e+00,2.119542057079e-05
4.477882595485e+00,-3.069268968685e+00,-3.835000000000e-02,-8.181000000000e-02,2.963432107696e+00,2.195627327028e-05
1.644052358570e+00,-3.062865488389e+00,-2.665000000000e-02,-6.493000000000e-02,2.949426025856e+00,4.788945999857e-05
7.034446226318e+00,-3.054896615311e+00,-4.210000000000e-02,-1.068000000000e-02,2.789305574029e+00,4.232043074354e-05
1.901673289198e+00,-3.044204557327e+00,-2.685000000000e-02,-6.715000000000e-02,2.931456240389e+00,3.419284059247e-05
7.991470050594e+00,-3.042251319245e+00,-2.732000000000e-02,5.808000000000e-02,1.926477186693e+00,4.274126660067e-05
9.201437351741e+00,-3.039288623910e+00,2.300000000000e-04,1.223800000000e-01,7.991924871731e-01,3.848170615247e-05
2.159294219826e+00,-3.025543626265e+00,-2.867000000000e-02,-6.871000000000e-02,2.913486454922e+00,3.301000545756e-05
6.130931826769e+00,-3.017068724355e+00,-4.808000000000e-02,-5.875000000000e-02,2.890087598808e+00,3.086783446068e-05
5.483078177425e+00,-3.016301880623e+00,-4.478000000000e-02,-7.556000000000e-02,2.897661420339e+00,2.329472571076e-05
2.416915150453e+00,-3.006882695203e+00,-2.983000000000e-02,-6.950000000000e-02,2.895516669455e+00,3.213691564702e-05
2.674536081081e+00,-2.988221764142e+00,-3.031000000000e-02,-7.036000000000e-02,2.877546883988e+00,3.096921090041e-05
4.885216048130e+00,-2.982300015062e+00,-4.171000000000e-02,-8.004000000000e-02,2.873025651045e+00,2.121463325148e-05
6.823337255402e+00,-2.981889696764e+00,-4.656000000000e-02,-2.367000000000e-02,2.844825571346e+00,3.998977681314e-05
8.994445714773e+00,-2.976195486931e+00,-8.400000000000e-03,1.191100000000e-01,1.015464013574e+00,3.841715039748e-05
7.773097341574e+00,-2.975288942239e+00,-3.483000000000e-02,4.085000000000e-02,2.154759149257e+00,4.337647130480e-05
2.932157011710e+00,-2.969560833080e+00,-3.096000000000e-02,-7.178000000000e-02,2.859577098521e+00,2.967640036527e-05
3.189777942339e+00,-2.950899902018e+00,-3.259000000000e-02,-7.306000000000e-02,2.841607313054e+00,2.834473094034e-05
5.927699991306e+00,-2.938299511563e+00,-5.166000000000e-02,-6.582000000000e-02,2.813225810487e+00,2.805172539343e-05
3.447398872968e+00,-2.932238970956e+00,-3.537000000000e-02,-7.426000000000e-02,2.823637527587e+00,2.701433174825e-05
5.288325929286e+00,-2.932075285994e+00,-4.574000000000e-02,-7.501000000000e-02,2.817517607329e+00,2.214353905167e-05
1.008842750679e+01,-2.926025229201e+00,-5.100000000000e-04,1.620000000000e-03,9.404022548743e-04,1.141009341352e-05
8.769432758158e+00,-2.915536841410e+00,-1.646000000000e-02,1.089700000000e-01,1.248984601536e+00,3.860621072878e-05
3.705019803598e+00,-2.913578039894e+00,-3.777000000000e-02,-7.540000000000e-02,2.805667742120e+00,2.571911106638e-05
6.612228284487e+00,-2.908882778218e+00,-5.039000000000e-02,-3.497000000000e-02,2.775974666112e+00,3.719711564298e-05
7.554724632554e+00,-2.908326565232e+00,-4.186000000000e-02,2.434000000000e-02,2.382524278386e+00,4.364621818505e-05
3.962640734227e+00,-2.894917108832e+00,-3.969000000000e-02,-7.577000000000e-02,2.787697956653e+00,2.448396337443e-05
4.699534056577e+00,-2.892943192472e+00,-4.368000000000e-02,-7.970000000000e-02,2.785781853879e+00,2.382193082422e-05
1.250000040003e-01,-2.879183163004e+00,2.520000000000e-03,-1.274910000000e+00,2.808875853492e+00,4.244911285514e-03
3.750000120003e-01,-2.879183163004e+00,1.663000000000e-02,-8.597100000000e-01,2.775298821449e+00,3.704389172907e-03
6.250000200000e-01,-2.879183163004e+00,-1.520000000000e-03,-3.581400000000e-01,2.764015836484e+00,2.465151621427e-03
8.750000280000e-01,-2.879183163004e+00,-2.715000000000e-02,-1.032600000000e-01,2.764015836484e+00,1.152771283428e-03
4.220261664856e+00,-2.876256177770e+00,-4.142000000000e-02,-7.647000000000e-02,2.769728171186e+00,2.335138490058e-05
1.128810497314e+00,-2.870543843068e+00,-3.103000000000e-02,-5.845000000000e-02,2.755722089345e+00,3.975201386339e-04
9.897022016071e+00,-2.867964546046e+00,5.350000000000e-03,3.822000000000e-02,2.000177612263e-01,1.954422278294e-05
5.724468155844e+00,-2.859530298770e+00,-5.287000000000e-02,-6.982000000000e-02,2.737231274507e+00,2.561156046699e-05
4.477882595485e+00,-2.857595246708e+00,-4.344000000000e-02,-7.771000000000e-02,2.751758385719e+00,2.257824388072e-05
8.544419801544e+00,-2.854878195888e+00,-2.465000000000e-02,9.428000000000e-02,1.481777319823e+00,3.855481320332e-05
1.386431427942e+00,-2.853265203196e+00,-2.909000000000e-02,-5.840000000000e-02,2.739134595068e+00,1.221952130353e-04
5.093573681147e+00,-2.847848691366e+00,-4.677000000000e-02,-7.595000000000e-02,2.737051956180e+00,2.159628704973e-05
7.336351923534e+00,-2.841364188225e+00,-4.717000000000e-02,9.020000000000e-03,2.606957306687e+00,4.317293123780e-05
1.644052358570e+00,-2.835986563324e+00,-2.819000000000e-02,-6.136000000000e-02,2.722547100791e+00,4.602792975356e-05
6.401119313573e+00,-2.835875859672e+00,-5.450000000000e-02,-4.518000000000e-02,2.704624651680e+00,3.417435623380e-05
1.901673289198e+00,-2.818707923452e+00,-2.859000000000e-02,-6.373000000000e-02,2.705959606514e+00,3.522179999564e-05
9.705616525351e+00,-2.809903862890e+00,6.580000000000e-03,7.501000000000e-02,4.000355224526e-01,2.407531007964e-05
2.159294219826e+00,-2.801429283580e+00,-3.045000000000e-02,-6.531000000000e-02,2.689372112237e+00,3.414433309842e-05
8.319406844929e+00,-2.794219550366e+00,-3.263000000000e-02,7.839000000000e-02,1.714638772469e+00,3.921235671698e-05
2.416915150453e+00,-2.784150643708e+00,-3.235000000000e-02,-6.667000000000e-02,2.672784617959e+00,3.304990813275e-05
5.521236320381e+00,-2.780761085978e+00,-5.330000000000e-02,-7.104000000000e-02,2.662178261656e+00,2.368985533788e-05
7.117979214514e+00,-2.774401811219e+00,-5.207000000000e-02,-5.330000000000e-03,2.634438391969e+00,4.184564401863e-05
2.674536081081e+00,-2.766872003836e+00,-3.328000000000e-02,-6.720000000000e-02,2.656197123682e+00,3.169259493558e-05
4.898821433008e+00,-2.763622096737e+00,-4.826000000000e-02,-7.682000000000e-02,2.654005425419e+00,2.153278468653e-05
6.190010342658e+00,-2.762868941125e+00,-5.847000000000e-02,-5.401000000000e-02,2.633885732594e+00,3.117191763215e-05
9.514211034633e+00,-2.751843179735e+00,2.410000000000e-03,9.816000000000e-02,6.000532836780e-01,2.751827648144e-05
2.932157011710e+00,-2.749593363964e+00,-3.415000000000e-02,-6.850000000000e-02,2.639609629405e+00,3.026096522648e-05
8.094393888314e+00,-2.733560904845e+00,-4.007000000000e-02,6.220000000000e-02,1.947544304607e+00,4.045099771699e-05
3.189777942339e+00,-2.732314724091e+00,-3.570000000000e-02,-6.972000000000e-02,2.623022135128e+00,2.883022517177e-05
3.447398872968e+00,-2.715036084219e+00,-3.834000000000e-02,-7.079000000000e-02,2.606434640850e+00,2.742898670261e-05
6.899606505495e+00,-2.707439434212e+00,-5.692000000000e-02,-1.841000000000e-02,2.569308089274e+00,3.974916134175e-05
5.318004484919e+00,-2.701991873185e+00,-5.338000000000e-02,-7.120000000000e-02,2.588148682143e+00,2.236490098209e-05
3.705019803598e+00,-2.697757444347e+00,-4.165000000000e-02,-7.200000000000e-02,2.589847146573e+00,2.607967992067e-05
9.322805543915e+00,-2.693782496580e+00,-5.440000000000e-03,1.091700000000e-01,7.992270639577e-01,3.016099388901e-05
5.978901371744e+00,-2.689862022579e+00,-6.114000000000e-02,-6.062000000000e-02,2.563808492177e+00,2.831903632037e-05
3.962640734227e+00,-2.680478804475e+00,-4.414000000000e-02,-7.240000000000e-02,2.573259652296e+00,2.479508449179e-05
4.704069184869e+00,-2.679395502109e+00,-4.897000000000e-02,-7.527000000000e-02,2.572195038123e+00,2.381061019221e-05
7.869380931699e+00,-2.672902259323e+00,-4.709000000000e-02,4.566000000000e-02,2.180479791377e+00,4.168639101181e-05
4.220261664856e+00,-2.663200164603e+00,-4.590000000000e-02,-7.252000000000e-02,2.556672158018e+00,2.361650695170e-05
3.750000120003e-01,-2.648848509965e+00,1.743000000000e-02,-8.759200000000e-01,2.545985142011e+00,3.828964423369e-03
1.250000040003e-01,-2.648848509965e+00,1.600000000000e-03,-1.288390000000e+00,2.582545324934e+00,4.419163091134e-03
6.250000200000e-01,-2.648848509965e+00,-2.010000000000e-03,-3.292800000000e-01,2.533681183445e+00,2.494539352621e-03
8.750000280000e-01,-2.648848509965e+00,-3.083000000000e-02,-8.421000000000e-02,2.533681183445e+00,1.129192368118e-03
4.477882595485e+00,-2.645921524730e+00,-4.807000000000e-02,-7.310000000000e-02,2.540084663741e+00,2.281073605949e-05
1.128810497314e+00,-2.640900335624e+00,-3.362000000000e-02,-5.260000000000e-02,2.526078581901e+00,3.766413850657e-04
6.681233796476e+00,-2.640477057206e+00,-6.165000000000e-02,-3.022000000000e-02,2.504607523730e+00,3.709952954948e-05
9.111592555112e+00,-2.637692584200e+00,-1.581000000000e-02,1.113700000000e-01,1.017656194059e+00,3.087050544617e-05
1.386431427942e+00,-2.625003986942e+00,-3.049000000000e-02,-5.393000000000e-02,2.510873378813e+00,1.125915714397e-04
5.114772649456e+00,-2.623222660393e+00,-5.361000000000e-02,-7.226000000000e-02,2.511617190013e+00,2.165723391805e-05
5.767792400829e+00,-2.616855104033e+00,-6.121000000000e-02,-6.431000000000e-02,2.494448697220e+00,2.578357303639e-05
7.644367975085e+00,-2.612243613801e+00,-5.290000000000e-02,2.910000000000e-02,2.412870338516e+00,4.237576917729e-05
1.644052358570e+00,-2.609107638259e+00,-2.969000000000e-02,-5.708000000000e-02,2.495668175726e+00,4.430640511955e-05
1.901673289198e+00,-2.593211289577e+00,-3.020000000000e-02,-5.961000000000e-02,2.480462972639e+00,3.600435971117e-05
8.880572068224e+00,-2.583573442593e+00,-2.524000000000e-02,1.057500000000e-01,1.255463255785e+00,3.231870249216e-05
2.159294219826e+00,-2.577314940894e+00,-3.200000000000e-02,-6.131000000000e-02,2.465257769551e+00,3.488212268224e-05
6.462861087458e+00,-2.573514680199e+00,-6.564000000000e-02,-4.062000000000e-02,2.440370875919e+00,3.416256329039e-05
2.416915150453e+00,-2.561418592212e+00,-3.442000000000e-02,-6.326000000000e-02,2.450052566464e+00,3.351997940416e-05
7.419355018470e+00,-2.551584968280e+00,-5.838000000000e-02,1.363000000000e-02,2.405612354971e+00,4.221428557991e-05
1.020539097392e+01,-2.546005957470e+00,-1.350000000000e-03,-2.330000000000e-03,9.404022535251e-04,1.010473973556e-05
2.674536081081e+00,-2.545522243530e+00,-3.599000000000e-02,-6.400000000000e-02,2.434847363376e+00,3.196041152813e-05
4.911540813994e+00,-2.544453447600e+00,-5.391000000000e-02,-7.214000000000e-02,2.434537172299e+00,2.152843031631e-05
5.556683429915e+00,-2.543848185487e+00,-6.115000000000e-02,-6.587000000000e-02,2.425867887555e+00,2.373047820831e-05
2.932157011710e+00,-2.529625894847e+00,-3.735000000000e-02,-6.478000000000e-02,2.419642160289e+00,3.039918016671e-05
8.649551581335e+00,-2.529454300987e+00,-3.447000000000e-02,9.424000000000e-02,1.492525520706e+00,3.380793799451e-05
3.189777942339e+00,-2.513729546165e+00,-3.904000000000e-02,-6.582000000000e-02,2.404436957201e+00,2.889298099523e-05
6.244488378439e+00,-2.506552303193e+00,-6.815000000000e-02,-4.882000000000e-02,2.376635762990e+00,3.114369523479e-05
3.447398872968e+00,-2.497833197483e+00,-4.123000000000e-02,-6.698000000000e-02,2.389231754114e+00,2.745150956697e-05
1.001184455865e+01,-2.495502178854e+00,2.830000000000e-03,2.501000000000e-02,2.000271144515e-01,1.628255127184e-05
7.194342061855e+00,-2.490926322758e+00,-6.437000000000e-02,-7.100000000000e-04,2.347494872468e+00,4.113209606295e-05
3.705019803598e+00,-2.481936848800e+00,-4.485000000000e-02,-6.808000000000e-02,2.374026551026e+00,2.607941379285e-05
8.418531094447e+00,-2.475335159381e+00,-4.311000000000e-02,7.965000000000e-02,1.729646081426e+00,3.584826409904e-05
5.345574459001e+00,-2.470841266941e+00,-6.014000000000e-02,-6.640000000000e-02,2.357118945808e+00,2.227187516901e-05
3.962640734227e+00,-2.466040500118e+00,-4.820000000000e-02,-6.863000000000e-02,2.358821347939e+00,2.477498968599e-05
4.708308978531e+00,-2.465684234808e+00,-5.364000000000e-02,-7.004000000000e-02,2.358449498036e+00,2.352020057837e-05
4.220261664856e+00,-2.450144151435e+00,-5.010000000000e-02,-6.811000000000e-02,2.343616144851e+00,2.357690494609e-05
9.818298143391e+00,-2.444998400238e+00,3.190000000000e-03,5.421000000000e-02,4.000542289030e-01,1.882623200254e-05
6.026115669420e+00,-2.439589926187e+00,-6.931000000000e-02,-5.471000000000e-02,2.313443637007e+00,2.824475709019e-05
4.477882595485e+00,-2.434247802753e+00,-5.220000000000e-02,-6.821000000000e-02,2.328410941763e+00,2.273509300627e-05
6.969329105241e+00,-2.430267677236e+00,-6.930000000000e-02,-1.348000000000e-02,2.289702474759e+00,3.922727221107e-05
8.187510607558e+00,-2.421216017774e+00,-5.086000000000e-02,6.431000000000e-02,1.966803853395e+00,3.809769456135e-05
1.250000040003e-01,-2.418513856926e+00,1.080000000000e-03,-1.297610000000e+00,2.356990720204e+00,4.605337609958e-03
3.750000120003e-01,-2.418513856926e+00,1.686000000000e-02,-8.938600000000e-01,2.316874024010e+00,3.961370431866e-03
6.250000200000e-01,-2.418513856926e+00,-6.790000000000e-03,-2.933800000000e-01,2.303346530405e+00,2.522905586671e-03
8.750000280000e-01,-2.418513856926e+00,-3.485000000000e-02,-6.526000000000e-02,2.303346530405e+00,1.101727278217e-03
1.128810497314e+00,-2.411256828179e+00,-3.516000000000e-02,-4.781000000000e-02,2.296435074456e+00,3.542327991303e-04
5.134465488086e+00,-2.397834348395e+00,-5.947000000000e-02,-6.724000000000e-02,2.285529783872e+00,2.145604398402e-05
1.386431427942e+00,-2.396742770687e+00,-3.205000000000e-02,-4.906000000000e-02,2.282612162559e+00,1.027363515044e-04
9.624751728129e+00,-2.394494621622e+00,-3.300000000000e-04,7.890000000000e-02,6.000813433537e-01,2.045731720961e-05
1.644052358570e+00,-2.382228713194e+00,-3.129000000000e-02,-5.207000000000e-02,2.268789250661e+00,4.267296426215e-05
5.807742960402e+00,-2.372627549180e+00,-6.871000000000e-02,-5.810000000000e-02,2.250840231352e+00,2.563199412179e-05
6.744316148627e+00,-2.369609031715e+00,-7.295000000000e-02,-2.531000000000e-02,2.232260410965e+00,3.670220963547e-05
1.901673289198e+00,-2.367714655702e+00,-3.181000000000e-02,-5.507000000000e-02,2.254966338763e+00,3.646764161131e-05
7.956490120669e+00,-2.367096876168e+00,-5.838000000000e-02,4.897000000000e-02,2.203986824408e+00,3.998899815369e-05
2.159294219826e+00,-2.353200598209e+00,-3.335000000000e-02,-5.673000000000e-02,2.241143426866e+00,3.514933395530e-05
9.431205312867e+00,-2.343990843006e+00,-8.320000000000e-03,9.298000000000e-02,7.992645204339e-01,2.197006626154e-05
2.416915150453e+00,-2.338686540717e+00,-3.604000000000e-02,-5.878000000000e-02,2.227320514968e+00,3.347204715862e-05
4.923356517172e+00,-2.324827429848e+00,-5.867000000000e-02,-6.648000000000e-02,2.214651992424e+00,2.129225628610e-05
2.674536081081e+00,-2.324172483224e+00,-3.837000000000e-02,-6.027000000000e-02,2.213497603070e+00,3.171034653534e-05
7.725469633781e+00,-2.312977734561e+00,-6.541000000000e-02,3.348000000000e-02,2.161383762895e+00,4.108632200959e-05
2.932157011710e+00,-2.309658425731e+00,-4.050000000000e-02,-6.095000000000e-02,2.199674691173e+00,3.005187136883e-05
6.519303192014e+00,-2.308950386194e+00,-7.516000000000e-02,-3.505000000000e-02,2.175196435863e+00,3.382914730549e-05
5.589370251383e+00,-2.305665172174e+00,-6.756000000000e-02,-5.953000000000e-02,2.188876060066e+00,2.348809494494e-05
3.189777942339e+00,-2.295144368239e+00,-4.256000000000e-02,-6.173000000000e-02,2.185851779275e+00,2.852237825973e-05
9.216238629125e+00,-2.295055148518e+00,-1.845000000000e-02,9.910000000000e-02,1.019645662753e+00,2.306403296021e-05
3.447398872968e+00,-2.280630310746e+00,-4.443000000000e-02,-6.283000000000e-02,2.172028867377e+00,2.710127730427e-05
3.705019803598e+00,-2.266116253253e+00,-4.752000000000e-02,-6.385000000000e-02,2.158205955479e+00,2.576632790113e-05
7.494449146892e+00,-2.258858592955e+00,-7.137000000000e-02,1.794000000000e-02,2.110449813726e+00,4.118475723930e-05
4.712247546257e+00,-2.251820511302e+00,-5.782000000000e-02,-6.433000000000e-02,2.144556105221e+00,2.306123364166e-05
3.962640734227e+00,-2.251602195761e+00,-5.152000000000e-02,-6.436000000000e-02,2.144383043582e+00,2.449611283814e-05
6.294290235400e+00,-2.248291740672e+00,-7.629000000000e-02,-4.283000000000e-02,2.118541101703e+00,3.080704951499e-05
8.979851676903e+00,-2.247687538158e+00,-2.943000000000e-02,9.761000000000e-02,1.261324877987e+00,2.588727962629e-05
5.370997542365e+00,-2.238702795168e+00,-6.556000000000e-02,-6.042000000000e-02,2.123845716770e+00,2.195524993692e-05
4.220261664856e+00,-2.237088138268e+00,-5.399000000000e-02,-6.386000000000e-02,2.130560131684e+00,2.332190328131e-05
4.477882595485e+00,-2.222574080775e+00,-5.568000000000e-02,-6.313000000000e-02,2.116737219786e+00,2.245967892061e-05
7.263428660004e+00,-2.204739451348e+00,-7.562000000000e-02,3.940000000000e-03,2.059761020527e+00,4.028017975287e-05
8.743464724680e+00,-2.200319927797e+00,-4.056000000000e-02,9.052000000000e-02,1.502240722827e+00,2.917807478909e-05
6.250000200000e-01,-2.188179203886e+00,-1.214000000000e-02,-2.509600000000e-01,2.073011877365e+00,2.549944653951e-03
8.750000280000e-01,-2.188179203886e+00,-3.670000000000e-02,-5.106000000000e-02,2.073011877365e+00,1.069658238581e-03
1.250000040003e-01,-2.188179203886e+00,7.200000000000e-04,-1.303650000000e+00,2.132458266813e+00,4.804660380895e-03
3.750000120003e-01,-2.188179203886e+00,1.607000000000e-02,-9.154100000000e-01,2.088032147190e+00,4.102577128482e-03
6.069277278787e+00,-2.187633095151e+00,-7.601000000000e-02,-4.778000000000e-02,2.062328086751e+00,2.787520234885e-05
1.128810497314e+00,-2.181613320734e+00,-3.613000000000e-02,-4.330000000000e-02,2.066791567011e+00,3.300267370963e-04
5.152624833346e+00,-2.171740418162e+00,-6.404000000000e-02,-6.095000000000e-02,2.058839679238e+00,2.110096958927e-05
1.386431427942e+00,-2.168481554432e+00,-3.330000000000e-02,-4.398000000000e-02,2.054350946303e+00,9.254955672201e-05
1.030804502348e+01,-2.161874165756e+00,-1.020000000000e-03,-4.210000000000e-03,9.404022550195e-04,1.051121099031e-05
1.644052358570e+00,-2.155349788129e+00,-3.286000000000e-02,-4.621000000000e-02,2.041910325596e+00,4.106054545901e-05
8.507077772458e+00,-2.152952317437e+00,-4.994000000000e-02,7.756000000000e-02,1.743203629585e+00,3.275543706849e-05
7.032408173115e+00,-2.150620309742e+00,-7.921000000000e-02,-8.480000000000e-03,2.009335936767e+00,3.850420138668e-05
1.901673289198e+00,-2.142218021826e+00,-3.356000000000e-02,-4.969000000000e-02,2.029469704888e+00,3.652116055173e-05
2.159294219826e+00,-2.129086255523e+00,-3.468000000000e-02,-5.166000000000e-02,2.017029084180e+00,3.484469695618e-05
5.844264322173e+00,-2.126974449629e+00,-7.462000000000e-02,-5.074000000000e-02,2.006594564925e+00,2.522511355797e-05
1.011265523518e+01,-2.119005684610e+00,1.170000000000e-03,1.568000000000e-02,2.000371866667e-01,1.518885387027e-05
2.416915150453e+00,-2.115954489220e+00,-3.775000000000e-02,-5.348000000000e-02,2.004588463472e+00,3.280383762563e-05
8.270690820235e+00,-2.105584707077e+00,-5.843000000000e-02,6.349000000000e-02,1.945684502687e+00,3.603896019515e-05
4.934252124328e+00,-2.104778041155e+00,-6.270000000000e-02,-6.029000000000e-02,1.994381456683e+00,2.094936913390e-05
2.674536081081e+00,-2.102822722917e+00,-4.062000000000e-02,-5.550000000000e-02,1.992147842764e+00,3.085975242309e-05
6.801387686228e+00,-2.096501168136e+00,-8.173000000000e-02,-1.945000000000e-02,1.959194924342e+00,3.606716657926e-05
2.932157011710e+00,-2.089690956615e+00,-4.344000000000e-02,-5.674000000000e-02,1.979707222056e+00,2.916991889149e-05
3.189777942339e+00,-2.076559190312e+00,-4.590000000000e-02,-5.764000000000e-02,1.967266601348e+00,2.770880565590e-05
9.917265446872e+00,-2.076137203463e+00,3.200000000000e-04,3.785000000000e-02,4.000743733336e-01,1.535920965611e-05
5.619251365560e+00,-2.066315804108e+00,-7.201000000000e-02,-5.234000000000e-02,1.948472992768e+00,2.305796701954e-05
3.447398872968e+00,-2.063427424009e+00,-4.779000000000e-02,-5.845000000000e-02,1.954825980640e+00,2.640832315484e-05
8.034303868012e+00,-2.058217096716e+00,-6.605000000000e-02,4.923000000000e-02,1.901888069719e+00,3.853139249063e-05
3.705019803598e+00,-2.050295657706e+00,-5.019000000000e-02,-5.924000000000e-02,1.942385359932e+00,2.520649789020e-05
6.570367199341e+00,-2.042382026530e+00,-8.288000000000e-02,-2.861000000000e-02,1.909360363060e+00,3.323295439652e-05
4.715879415309e+00,-2.037815664149e+00,-6.086000000000e-02,-5.836000000000e-02,1.930525922773e+00,2.257227709604e-05
3.962640734227e+00,-2.037163891403e+00,-5.418000000000e-02,-5.969000000000e-02,1.929944739224e+00,2.405393913525e-05
9.721875658568e+00,-2.033268722317e+00,-1.660000000000e-03,6.023000000000e-02,6.001115599994e-01,1.421949667143e-05
4.220261664856e+00,-2.024032125100e+00,-5.756000000000e-02,-5.946000000000e-02,1.917504118516e+00,2.296743136280e-05
4.477882595485e+00,-2.010900358797e+00,-5.947000000000e-02,-5.850000000000e-02,1.905063497808e+00,2.212074825352e-05
7.797916915790e+00,-2.010849486356e+00,-7.308000000000e-02,3.471000000000e-02,1.858264209615e+00,3.994687622413e-05
5.394238408947e+00,-2.005657158587e+00,-6.942000000000e-02,-5.345000000000e-02,1.889848168895e+00,2.153805054976e-05
9.526485870264e+00,-1.990400241171e+00,-7.130000000000e-03,7.459000000000e-02,7.993048562173e-01,1.361028482787e-05
6.339346712453e+00,-1.988262884924e+00,-8.251000000000e-02,-3.562000000000e-02,1.859856887011e+00,3.023006923676e-05
7.561529963567e+00,-1.963481875996e+00,-7.894000000000e-02,2.102000000000e-02,1.814825367079e+00,4.020696023569e-05
6.250000199999e-01,-1.957844550845e+00,-1.571000000000e-02,-2.016700000000e-01,1.842677224325e+00,2.575281206520e-03
8.750000279999e-01,-1.957844550845e+00,-3.677000000000e-02,-4.046000000000e-02,1.842677224325e+00,1.032015273235e-03
1.250000040003e-01,-1.957844550845e+00,7.500000000000e-04,-1.308480000000e+00,1.909308610216e+00,5.018522686420e-03
3.750000120003e-01,-1.957844550845e+00,1.429000000000e-02,-9.398100000000e-01,1.859558914648e+00,4.253793606176e-03
1.128810497314e+00,-1.951969813289e+00,-3.640000000000e-02,-3.809000000000e-02,1.837148059566e+00,3.036288260493e-04
9.308238528230e+00,-1.948751954836e+00,-1.670000000000e-02,8.216000000000e-02,1.021425365876e+00,1.504099983181e-05
5.169225452334e+00,-1.944998513066e+00,-6.756000000000e-02,-5.438000000000e-02,1.831597409964e+00,2.073838527986e-05
1.386431427942e+00,-1.940220338176e+00,-3.445000000000e-02,-3.866000000000e-02,1.826089730048e+00,8.189820586937e-05
6.108326225566e+00,-1.934143743318e+00,-8.109000000000e-02,-4.017000000000e-02,1.810711651250e+00,2.729820667872e-05
1.644052358570e+00,-1.928470863063e+00,-3.424000000000e-02,-3.959000000000e-02,1.815031400529e+00,3.936888171454e-05
1.901673289198e+00,-1.916721387949e+00,-3.504000000000e-02,-4.315000000000e-02,1.803973071011e+00,3.602910686052e-05
7.325143011345e+00,-1.916114265635e+00,-8.332000000000e-02,8.480000000000e-03,1.771585151920e+00,3.938961179347e-05
9.067133632464e+00,-1.908323863312e+00,-2.870000000000e-02,8.433000000000e-02,1.266549973837e+00,2.001076821606e-05
2.159294219825e+00,-1.904971912836e+00,-3.634000000000e-02,-4.597000000000e-02,1.792914741493e+00,3.382097717127e-05
2.416915150453e+00,-1.893222437723e+00,-3.965000000000e-02,-4.760000000000e-02,1.781856411975e+00,3.137826232221e-05
4.944212495720e+00,-1.884339867544e+00,-6.557000000000e-02,-5.373000000000e-02,1.773757569592e+00,2.066587169216e-05
2.674536081081e+00,-1.881472962610e+00,-4.299000000000e-02,-4.998000000000e-02,1.770798082457e+00,2.930588413264e-05
5.877305738679e+00,-1.880024601712e+00,-7.863000000000e-02,-4.312000000000e-02,1.758664128816e+00,2.467548663709e-05
2.932157011710e+00,-1.869723487497e+00,-4.584000000000e-02,-5.158000000000e-02,1.759739752939e+00,2.770152192878e-05
7.088756059122e+00,-1.868746655275e+00,-8.593000000000e-02,-2.850000000000e-03,1.728558470307e+00,3.767090607538e-05
8.826028736698e+00,-1.867895771787e+00,-4.108000000000e-02,8.086000000000e-02,1.510892309337e+00,2.548688579941e-05
3.189777942339e+00,-1.857974012384e+00,-4.899000000000e-02,-5.322000000000e-02,1.748681423420e+00,2.645627843691e-05
3.447398872968e+00,-1.846224537271e+00,-5.123000000000e-02,-5.401000000000e-02,1.737623093902e+00,2.542841354012e-05
3.705019803598e+00,-1.834475062158e+00,-5.333000000000e-02,-5.442000000000e-02,1.726564764384e+00,2.449876043605e-05
8.584923840931e+00,-1.827467680263e+00,-5.357000000000e-02,7.322000000000e-02,1.663823391831e+00,3.054548992756e-05
5.646285251792e+00,-1.825905460106e+00,-7.511000000000e-02,-4.488000000000e-02,1.706805168849e+00,2.258416128000e-05
4.719199539107e+00,-1.823681222023e+00,-6.450000000000e-02,-5.312000000000e-02,1.716370190829e+00,2.222541671603e-05
3.962640734227e+00,-1.822725587045e+00,-5.663000000000e-02,-5.468000000000e-02,1.715506434866e+00,2.357979956193e-05
6.852369106901e+00,-1.821379044915e+00,-8.718000000000e-02,-1.312000000000e-02,1.685761672744e+00,3.527899462668e-05
4.220261664856e+00,-1.810976111932e+00,-6.059000000000e-02,-5.456000000000e-02,1.704448105348e+00,2.266672070162e-05
4.477882595485e+00,-1.799226636819e+00,-6.350000000000e-02,-5.370000000000e-02,1.693389775829e+00,2.189079323422e-05
8.343818945165e+00,-1.787039588738e+00,-6.289000000000e-02,6.144000000000e-02,1.627473021874e+00,3.464982539583e-05
1.039624572055e+01,-1.774168463568e+00,-1.500000000000e-04,-4.390000000000e-03,9.404022571618e-04,1.336089007304e-05
6.615982154680e+00,-1.774011434555e+00,-8.690000000000e-02,-2.155000000000e-02,1.643212721036e+00,3.247570222586e-05
5.415264764905e+00,-1.771786318500e+00,-7.244000000000e-02,-4.661000000000e-02,1.655193840768e+00,2.119739355836e-05
8.102714049398e+00,-1.746611497214e+00,-7.009000000000e-02,4.798000000000e-02,1.591254186706e+00,3.752461550924e-05
1.019931295982e+01,-1.739001985830e+00,8.500000000000e-04,1.030000000000e-02,2.000479777640e-01,1.732735777285e-05
1.250000040003e-01,-1.727509897805e+00,8.200000000000e-04,-1.313140000000e+00,1.688090217724e+00,5.248564139559e-03
3.750000120003e-01,-1.727509897805e+00,1.123000000000e-02,-9.671000000000e-01,1.631609196828e+00,4.416649278650e-03
6.250000199999e-01,-1.727509897805e+00,-2.095000000000e-02,-1.473400000000e-01,1.612342571284e+00,2.598546658684e-03
8.750000279999e-01,-1.727509897805e+00,-3.537000000000e-02,-3.163000000000e-02,1.612342571284e+00,9.874763486364e-04
6.379595202458e+00,-1.726643824195e+00,-8.619000000000e-02,-2.818000000000e-02,1.598844349826e+00,2.951427901863e-05
1.128810497314e+00,-1.722326305843e+00,-3.529000000000e-02,-3.208000000000e-02,1.607504552120e+00,2.744186830442e-04
5.184244278018e+00,-1.717667176894e+00,-7.046000000000e-02,-4.764000000000e-02,1.603854050809e+00,2.057159294142e-05
1.386431427942e+00,-1.711959121920e+00,-3.470000000000e-02,-3.282000000000e-02,1.597828513792e+00,7.083265793772e-05
7.861609153631e+00,-1.706183405689e+00,-7.658000000000e-02,3.498000000000e-02,1.555176076381e+00,3.907398708106e-05
1.000238019908e+01,-1.703835508091e+00,-1.100000000000e-04,2.902000000000e-02,4.000959555280e-01,1.538826444842e-05
1.644052358570e+00,-1.701591937996e+00,-3.515000000000e-02,-3.312000000000e-02,1.588152475463e+00,3.799877693666e-05
1.901673289198e+00,-1.691224754073e+00,-3.630000000000e-02,-3.616000000000e-02,1.578476437135e+00,3.499360468401e-05
2.159294219825e+00,-1.680857570150e+00,-3.811000000000e-02,-3.925000000000e-02,1.568800398807e+00,3.191411879891e-05
6.143208250237e+00,-1.679276213835e+00,-8.391000000000e-02,-3.257000000000e-02,1.553890645468e+00,2.664691560133e-05
2.416915150453e+00,-1.670490386227e+00,-4.171000000000e-02,-4.140000000000e-02,1.559124360478e+00,2.904224047830e-05
9.805447438350e+00,-1.668669030352e+00,-3.000000000000e-03,4.599000000000e-02,6.001439332911e-01,1.084101495348e-05
7.620504257865e+00,-1.665755314165e+00,-8.186000000000e-02,2.302000000000e-02,1.519248716453e+00,3.935136584424e-05
4.953223791131e+00,-1.663548035288e+00,-6.929000000000e-02,-4.788000000000e-02,1.552812732353e+00,2.066559418567e-05
2.674536081081e+00,-1.660123202303e+00,-4.520000000000e-02,-4.396000000000e-02,1.549448322150e+00,2.695276711369e-05
2.932157011710e+00,-1.649756018380e+00,-4.821000000000e-02,-4.599000000000e-02,1.539772283821e+00,2.563055217525e-05
3.189777942339e+00,-1.639388834457e+00,-5.140000000000e-02,-4.787000000000e-02,1.530096245493e+00,2.482842726071e-05
9.608514677616e+00,-1.633502552613e+00,-8.880000000000e-03,5.951000000000e-02,7.993480708630e-01,5.276902688803e-06
5.906821298016e+00,-1.631908603475e+00,-8.032000000000e-02,-3.561000000000e-02,1.509081382309e+00,2.415881208202e-05
3.447398872968e+00,-1.629021650533e+00,-5.461000000000e-02,-4.939000000000e-02,1.520420207165e+00,2.428928895845e-05
7.379399362099e+00,-1.625327222640e+00,-8.557000000000e-02,1.202000000000e-02,1.483483059694e+00,3.851611904896e-05
3.705019803598e+00,-1.618654466610e+00,-5.676000000000e-02,-4.955000000000e-02,1.510744168836e+00,2.381527941629e-05
4.722203304244e+00,-1.609428893681e+00,-6.886000000000e-02,-4.805000000000e-02,1.502100311861e+00,2.224034456623e-05
3.962640734227e+00,-1.608287282687e+00,-5.951000000000e-02,-4.944000000000e-02,1.501068130508e+00,2.327344396421e-05
9.387464416337e+00,-1.599256870743e+00,-1.653000000000e-02,6.675000000000e-02,1.022989190697e+00,7.340225411339e-06
4.220261664856e+00,-1.597920098763e+00,-6.325000000000e-02,-4.928000000000e-02,1.491392092179e+00,2.263533526921e-05
4.477882595485e+00,-1.587552914840e+00,-6.668000000000e-02,-4.824000000000e-02,1.481716053851e+00,2.199830404360e-05
7.138294466332e+00,-1.584899131116e+00,-8.803000000000e-02,1.740000000000e-03,1.446969940920e+00,3.678707808513e-05
5.670434345795e+00,-1.584540993115e+00,-7.706000000000e-02,-3.814000000000e-02,1.464429819433e+00,2.228934416983e-05
9.142296654514e+00,-1.565931984742e+00,-2.552000000000e-02,6.961000000000e-02,1.271121823957e+00,1.615620768539e-05
6.897189570567e+00,-1.544471039591e+00,-8.913000000000e-02,-7.300000000000e-03,1.409171264098e+00,3.441170781457e-05
5.434047393574e+00,-1.537173382755e+00,-7.534000000000e-02,-4.035000000000e-02,1.419950833978e+00,2.119816403457e-05
8.897128892691e+00,-1.532607098741e+00,-3.684000000000e-02,6.849000000000e-02,1.367689671456e+00,2.384970221768e-05
6.656084674802e+00,-1.504042948067e+00,-8.902000000000e-02,-1.480000000000e-02,1.371446894798e+00,3.165646372620e-05
8.651961130868e+00,-1.499282212741e+00,-4.819000000000e-02,6.337000000000e-02,1.338850718327e+00,2.981509883213e-05
1.250000040003e-01,-1.497175244764e+00,8.900000000000e-04,-1.317910000000e+00,1.469675441071e+00,5.496708044378e-03
3.750000120003e-01,-1.497175244764e+00,9.540000000000e-03,-9.971400000000e-01,1.404437926748e+00,4.593430961276e-03
6.250000199999e-01,-1.497175244764e+00,-2.459000000000e-02,-9.721000000000e-02,1.382007918244e+00,2.619631298380e-03
8.750000279999e-01,-1.497175244764e+00,-3.244000000000e-02,-2.328000000000e-02,1.382007918244e+00,9.345339636854e-04
1.128810497314e+00,-1.492682798397e+00,-3.288000000000e-02,-2.497000000000e-02,1.377861044674e+00,2.418628739520e-04
5.197660441353e+00,-1.489805772395e+00,-7.464000000000e-02,-4.173000000000e-02,1.375661165783e+00,2.089295427134e-05
1.386431427942e+00,-1.483697905664e+00,-3.345000000000e-02,-2.600000000000e-02,1.369567297536e+00,5.961937806033e-05
1.644052358570e+00,-1.474713012930e+00,-3.516000000000e-02,-2.664000000000e-02,1.361273550397e+00,3.643352905909e-05
8.406793369045e+00,-1.465957326740e+00,-5.854000000000e-02,5.570000000000e-02,1.310114117304e+00,3.417897580399e-05
1.901673289198e+00,-1.465728120197e+00,-3.695000000000e-02,-2.908000000000e-02,1.352979803258e+00,3.332480170046e-05
6.414979779037e+00,-1.463614856543e+00,-8.747000000000e-02,-2.060000000000e-02,1.333803138023e+00,2.880231577893e-05
2.159294219825e+00,-1.456743227463e+00,-3.946000000000e-02,-3.193000000000e-02,1.344686056120e+00,2.913789682578e-05
2.416915150453e+00,-1.447758334730e+00,-4.389000000000e-02,-3.480000000000e-02,1.336392308981e+00,2.572871281610e-05
4.961273489132e+00,-1.442438162035e+00,-7.373000000000e-02,-4.230000000000e-02,1.331579705622e+00,2.125962654531e-05
2.674536081081e+00,-1.438773441996e+00,-4.771000000000e-02,-3.759000000000e-02,1.328098561843e+00,2.381646851603e-05
8.161625607221e+00,-1.432632440739e+00,-6.710000000000e-02,4.509000000000e-02,1.280091986265e+00,3.702661355253e-05
2.932157011710e+00,-1.429788549263e+00,-5.100000000000e-02,-4.010000000000e-02,1.319804814704e+00,2.309942104433e-05
6.173874883272e+00,-1.423186765018e+00,-8.449000000000e-02,-2.521000000000e-02,1.296247016894e+00,2.613077085393e-05
3.189777942339e+00,-1.420803656529e+00,-5.439000000000e-02,-4.206000000000e-02,1.311511067565e+00,2.307296133372e-05
3.447398872968e+00,-1.411818763796e+00,-5.802000000000e-02,-4.390000000000e-02,1.303217320427e+00,2.329776545708e-05
3.705019803598e+00,-1.402833871062e+00,-6.075000000000e-02,-4.459000000000e-02,1.294923573288e+00,2.348354706293e-05
7.916457845398e+00,-1.399307554738e+00,-7.512000000000e-02,3.393000000000e-02,1.249682648580e+00,3.844006350144e-05
4.724886536910e+00,-1.395070551675e+00,-7.182000000000e-02,-4.199000000000e-02,1.287727835787e+00,2.291108589327e-05
3.962640734227e+00,-1.393848978328e+00,-6.287000000000e-02,-4.393000000000e-02,1.286629826149e+00,2.346219934272e-05
4.220261664856e+00,-1.384864085595e+00,-6.581000000000e-02,-4.342000000000e-02,1.278336079011e+00,2.319351336549e-05
1.046986939588e+01,-1.383432472237e+00,-4.300000000000e-04,-3.160000000000e-03,9.404022549884e-04,1.995137161265e-05
5.932769987507e+00,-1.382758673494e+00,-8.185000000000e-02,-2.888000000000e-02,1.258786375311e+00,2.396563811119e-05
4.477882595485e+00,-1.375879192861e+00,-6.926000000000e-02,-4.252000000000e-02,1.270042331872e+00,2.276069603833e-05
7.671290083575e+00,-1.365982668737e+00,-8.119000000000e-02,2.421000000000e-02,1.219306974006e+00,3.856334616847e-05
1.027169645447e+01,-1.356022914042e+00,2.100000000000e-04,8.080000000000e-03,2.000594876224e-01,2.372926953405e-05
5.691665091742e+00,-1.342330581970e+00,-8.068000000000e-02,-3.230000000000e-02,1.221429998235e+00,2.254036016026e-05
7.426122321752e+00,-1.332657782736e+00,-8.599000000000e-02,1.488000000000e-02,1.188967542617e+00,3.761485780092e-05
1.007352351306e+01,-1.328613355847e+00,-3.300000000000e-04,2.296000000000e-02,4.001189752448e-01,2.050781227359e-05
5.450560195977e+00,-1.301902490446e+00,-8.010000000000e-02,-3.452000000000e-02,1.184187753089e+00,2.195809257023e-05
9.875350571647e+00,-1.301203797653e+00,-2.750000000000e-03,3.719000000000e-02,6.001784628663e-01,1.463185895113e-05
7.180954559929e+00,-1.299332896735e+00,-8.922000000000e-02,6.130000000000e-03,1.158667201473e+00,3.584397938014e-05
9.677177630238e+00,-1.273794239458e+00,-6.970000000000e-03,4.765000000000e-02,7.993941638978e-01,7.594969530535e-06
1.250000040003e-01,-1.266840591723e+00,9.400000000000e-04,-1.322870000000e+00,1.255528305449e+00,5.764781431283e-03
3.750000120003e-01,-1.266840591723e+00,7.440000000000e-03,-1.025170000000e+00,1.178495360102e+00,4.786883504713e-03
6.250000199998e-01,-1.266840591723e+00,-2.484000000000e-02,-5.616000000000e-02,1.151673265203e+00,2.638544824892e-03
8.750000279998e-01,-1.266840591723e+00,-2.896000000000e-02,-1.558000000000e-02,1.151673265203e+00,8.714777022872e-04
6.935786798107e+00,-1.266008010734e+00,-9.050000000000e-02,-1.670000000000e-03,1.128409099565e+00,3.351524925733e-05
1.128810497314e+00,-1.263039290952e+00,-2.984000000000e-02,-1.674000000000e-02,1.148217537229e+00,2.051099410222e-04
5.209455300213e+00,-1.261474398922e+00,-7.861000000000e-02,-3.549000000000e-02,1.147070756580e+00,2.213902708199e-05
1.386431427942e+00,-1.255436689408e+00,-3.090000000000e-02,-1.853000000000e-02,1.141306081280e+00,4.831019054255e-05
1.644052358570e+00,-1.247834087864e+00,-3.344000000000e-02,-1.989000000000e-02,1.134394625331e+00,3.529054358711e-05
9.453806207065e+00,-1.247048199285e+00,-1.395000000000e-02,5.574000000000e-02,1.024331961979e+00,7.971676790481e-06
1.901673289198e+00,-1.240231486320e+00,-3.629000000000e-02,-2.237000000000e-02,1.127483169382e+00,3.087542703253e-05
6.690619036285e+00,-1.232683124733e+00,-8.962000000000e-02,-8.400000000000e-03,1.098196728291e+00,3.090885309970e-05
2.159294219825e+00,-1.232628884777e+00,-3.983000000000e-02,-2.489000000000e-02,1.120571713433e+00,2.540996193577e-05
2.416915150453e+00,-1.225026283233e+00,-4.443000000000e-02,-2.696000000000e-02,1.113660257484e+00,2.169189211360e-05
4.968350404448e+00,-1.221046307397e+00,-7.669000000000e-02,-3.568000000000e-02,1.110091572211e+00,2.288948750359e-05
9.205236302128e+00,-1.220965677134e+00,-2.200000000000e-02,5.820000000000e-02,1.052028199490e+00,1.679659441649e-05
2.674536081081e+00,-1.217423681689e+00,-4.931000000000e-02,-3.035000000000e-02,1.106748801536e+00,2.034844855563e-05
2.932157011710e+00,-1.209821080145e+00,-5.342000000000e-02,-3.372000000000e-02,1.099837345587e+00,2.074280550627e-05
3.189777942339e+00,-1.202218478602e+00,-5.752000000000e-02,-3.612000000000e-02,1.092925889638e+00,2.188883024702e-05
6.445451274463e+00,-1.199358238733e+00,-8.828000000000e-02,-1.420000000000e-02,1.068033968520e+00,2.834557434571e-05
8.956666397191e+00,-1.194883154983e+00,-3.090000000000e-02,5.582000000000e-02,1.029178041267e+00,2.466477908231e-05
3.447398872968e+00,-1.194615877058e+00,-6.141000000000e-02,-3.743000000000e-02,1.086014433689e+00,2.311726676285e-05
3.705019803598e+00,-1.187013275514e+00,-6.491000000000e-02,-3.902000000000e-02,1.079102977740e+00,2.409264470446e-05
4.727245508682e+00,-1.180618215873e+00,-7.435000000000e-02,-3.586000000000e-02,1.073264444973e+00,2.464336128790e-05
3.962640734227e+00,-1.179410673970e+00,-6.720000000000e-02,-3.865000000000e-02,1.072191521791e+00,2.466385966255e-05
4.220261664856e+00,-1.171808072427e+00,-6.930000000000e-02,-3.754000000000e-02,1.065280065842e+00,2.480683295646e-05
8.708096492253e+00,-1.168800632832e+00,-4.135000000000e-02,5.111000000000e-02,1.006342014357e+00,3.055916593604e-05
6.200283512641e+00,-1.166033352732e+00,-8.750000000000e-02,-1.934000000000e-02,1.037925145487e+00,2.614745048409e-05
4.477882595485e+00,-1.164205470883e+00,-7.191000000000e-02,-3.646000000000e-02,1.058368609893e+00,2.461593887280e-05
8.459526587316e+00,-1.142718110681e+00,-5.195000000000e-02,4.528000000000e-02,9.835211030908e-01,3.442247778517e-05
5.955115750819e+00,-1.132708466731e+00,-8.659000000000e-02,-2.342000000000e-02,1.007875093051e+00,2.463976522055e-05
8.210956682378e+00,-1.116635588530e+00,-6.179000000000e-02,3.832000000000e-02,9.607163846415e-01,3.669819937055e-05
5.709947988998e+00,-1.099383580730e+00,-8.530000000000e-02,-2.630000000000e-02,9.778892292014e-01,2.398078991722e-05
7.962386777440e+00,-1.090553066380e+00,-7.105000000000e-02,3.132000000000e-02,9.379290401423e-01,3.768829444845e-05
5.464780227176e+00,-1.066058694730e+00,-8.354000000000e-02,-2.790000000000e-02,9.479736451087e-01,2.414898672274e-05
7.713816872503e+00,-1.064470544229e+00,-7.785000000000e-02,2.374000000000e-02,9.151603674196e-01,3.752510419364e-05
7.465246967565e+00,-1.038388022078e+00,-8.289000000000e-02,1.590000000000e-02,8.924117956295e-01,3.644808681369e-05
1.250000040003e-01,-1.036505938683e+00,9.300000000000e-04,-1.327990000000e+00,1.048267548988e+00,6.053987679947e-03
3.750000120003e-01,-1.036505938683e+00,5.660000000000e-03,-1.045880000000e+00,9.546543051078e-01,4.999627490707e-03
6.250000199998e-01,-1.036505938683e+00,-2.184000000000e-02,-2.545000000000e-02,9.213386121623e-01,2.653799856593e-03
8.750000279998e-01,-1.036505938683e+00,-2.536000000000e-02,-7.970000000000e-03,9.213386121623e-01,7.958401664430e-04
1.128810497314e+00,-1.033395783506e+00,-2.720000000000e-02,-8.620000000000e-03,9.185740297828e-01,1.630986252709e-04
5.219612465354e+00,-1.032733808729e+00,-8.174000000000e-02,-2.886000000000e-02,9.181352105709e-01,2.495616944728e-05
1.386431427942e+00,-1.027175473152e+00,-2.845000000000e-02,-1.105000000000e-02,9.130448650237e-01,4.104561431169e-05
1.644052358570e+00,-1.020955162798e+00,-3.000000000000e-02,-1.308000000000e-02,9.075157002647e-01,3.663695054273e-05
1.901673289198e+00,-1.014734852444e+00,-3.283000000000e-02,-1.576000000000e-02,9.019865355056e-01,2.923304622269e-05
7.216677062628e+00,-1.012305499927e+00,-8.648000000000e-02,8.220000000000e-03,8.696849021292e-01,3.472907189063e-05
2.159294219825e+00,-1.008514542090e+00,-3.742000000000e-02,-1.804000000000e-02,8.964573707465e-01,2.186351961148e-05
2.416915150453e+00,-1.002294231736e+00,-4.266000000000e-02,-1.936000000000e-02,8.909282059875e-01,1.823915921673e-05
4.974444703533e+00,-9.994089227282e-01,-7.974000000000e-02,-2.952000000000e-02,8.883816993818e-01,2.615976198146e-05
2.674536081081e+00,-9.960739213820e-01,-4.820000000000e-02,-2.201000000000e-02,8.853990412284e-01,1.831406827804e-05
1.052881281942e+01,-9.902140621728e-01,-8.900000000000e-04,-4.660000000000e-03,9.404022523453e-04,3.197308509603e-05
2.932157011710e+00,-9.898536110280e-01,-5.316000000000e-02,-2.557000000000e-02,8.798698764693e-01,2.030663941460e-05
6.968107157692e+00,-9.862229777758e-01,-8.895000000000e-02,1.060000000000e-03,8.469814319891e-01,3.265627764993e-05
3.189777942339e+00,-9.836333006740e-01,-5.870000000000e-02,-2.886000000000e-02,8.743407117102e-01,2.271125974635e-05
3.447398872968e+00,-9.774129903200e-01,-6.397000000000e-02,-3.078000000000e-02,8.688115469511e-01,2.484748946577e-05
3.705019803598e+00,-9.711926799660e-01,-6.773000000000e-02,-3.209000000000e-02,8.632823821920e-01,2.648608695870e-05
1.032970441856e+01,-9.706044651996e-01,-9.100000000000e-04,6.720000000000e-03,2.000717161147e-01,3.464550291145e-05
4.729276941711e+00,-9.660840367274e-01,-7.765000000000e-02,-3.005000000000e-02,8.587219390117e-01,2.797440472446e-05
3.962640734227e+00,-9.649723696120e-01,-7.112000000000e-02,-3.299000000000e-02,8.577532174329e-01,2.755673675914e-05
6.719537252756e+00,-9.601404556251e-01,-9.052000000000e-02,-5.160000000000e-03,8.243033206332e-01,3.053959490824e-05
4.220261664856e+00,-9.587520592580e-01,-7.363000000000e-02,-3.234000000000e-02,8.522240526738e-01,2.806023102025e-05
4.477882595485e+00,-9.525317489040e-01,-7.567000000000e-02,-3.091000000000e-02,8.466948879147e-01,2.810575923154e-05
1.013059601769e+01,-9.509948682263e-01,1.000000000000e-05,1.962000000000e-02,4.001434322295e-01,3.009598916253e-05
6.470967347820e+00,-9.340579334742e-01,-9.105000000000e-02,-1.036000000000e-02,8.016527202033e-01,2.874207635253e-05
9.931487616826e+00,-9.313852712532e-01,-7.000000000000e-05,3.114000000000e-02,6.002151483434e-01,2.435954691049e-05
9.732379215961e+00,-9.117756742801e-01,-2.290000000000e-03,4.010000000000e-02,7.498585987777e-01,1.866214153466e-05
6.222397442883e+00,-9.079754113234e-01,-9.090000000000e-02,-1.483000000000e-02,7.790320303693e-01,2.757247807861e-05
9.507171716660e+00,-8.926080149226e-01,-8.240000000000e-03,4.766000000000e-02,7.168523511411e-01,1.698132408744e-05
5.973827537948e+00,-8.818928891726e-01,-9.000000000000e-02,-1.847000000000e-02,7.564439344745e-01,2.723168961167e-05
9.255865118923e+00,-8.738822931809e-01,-1.572000000000e-02,4.885000000000e-02,7.016052222043e-01,2.167707037852e-05
5.725257633012e+00,-8.558103670218e-01,-8.890000000000e-02,-2.067000000000e-02,7.338914421050e-01,2.768767214283e-05
9.004558521186e+00,-8.551565714392e-01,-2.537000000000e-02,4.698000000000e-02,6.863974260975e-01,2.690228908458e-05
8.753251923449e+00,-8.364308496974e-01,-3.582000000000e-02,4.157000000000e-02,6.711962351237e-01,3.114877824967e-05
5.476687728076e+00,-8.297278448710e-01,-8.749000000000e-02,-2.212000000000e-02,7.113779394360e-01,2.875955402737e-05
8.501945325712e+00,-8.177051279556e-01,-4.770000000000e-02,3.481000000000e-02,6.560021084547e-01,3.397662722439e-05
1.250000040003e-01,-8.061712856421e-01,8.400000000000e-04,-1.333080000000e+00,8.529281842695e-01,6.366455903640e-03
3.750000120003e-01,-8.061712856421e-01,4.680000000000e-03,-1.059900000000e+00,7.348377205354e-01,5.237547941408e-03
6.250000199998e-01,-8.061712856421e-01,-1.762000000000e-02,-6.620000000000e-03,6.910039591218e-01,2.660094440560e-03
8.750000279998e-01,-8.061712856421e-01,-2.181000000000e-02,-2.600000000000e-04,6.910039591218e-01,6.983263561255e-04
1.128810497314e+00,-8.037522760600e-01,-2.444000000000e-02,-1.580000000000e-03,6.889305223371e-01,1.154173137274e-04
5.228117823140e+00,-8.036453227202e-01,-8.528000000000e-02,-2.314000000000e-02,6.889072490309e-01,3.020066359057e-05
8.250638727974e+00,-7.989794062138e-01,-5.861000000000e-02,2.932000000000e-02,6.408155485877e-01,3.530313340825e-05
1.386431427942e+00,-7.989142568958e-01,-2.553000000000e-02,-4.250000000000e-03,6.847836487678e-01,4.586407203370e-05
1.644052358570e+00,-7.940762377316e-01,-2.628000000000e-02,-6.810000000000e-03,6.806367751985e-01,4.212364831662e-05
1.901673289198e+00,-7.892382185674e-01,-2.816000000000e-02,-9.490000000000e-03,6.764899016292e-01,3.132377582553e-05
2.159294219825e+00,-7.844001994032e-01,-3.230000000000e-02,-1.112000000000e-02,6.723430280599e-01,2.306609589583e-05
7.999332130237e+00,-7.802536844721e-01,-6.751000000000e-02,2.385000000000e-02,6.256371065470e-01,3.567769180221e-05
2.416915150453e+00,-7.795621802390e-01,-3.771000000000e-02,-1.243000000000e-02,6.681961544906e-01,2.030390596607e-05
4.979547918204e+00,-7.775628005694e-01,-8.311000000000e-02,-2.392000000000e-02,6.664837011872e-01,3.179121972924e-05
2.674536081081e+00,-7.747241610748e-01,-4.285000000000e-02,-1.352000000000e-02,6.640492809213e-01,2.169179011775e-05
2.932157011710e+00,-7.698861419106e-01,-4.836000000000e-02,-1.650000000000e-02,6.599024073520e-01,2.442829572477e-05
3.189777942339e+00,-7.650481227464e-01,-5.534000000000e-02,-1.986000000000e-02,6.557555337826e-01,2.721420786113e-05
7.748025532500e+00,-7.615279627303e-01,-7.447000000000e-02,1.822000000000e-02,6.104673878490e-01,3.534301289204e-05
3.447398872968e+00,-7.602101035822e-01,-6.238000000000e-02,-2.256000000000e-02,6.516086602133e-01,2.958235689085e-05
3.705019803598e+00,-7.553720844180e-01,-6.766000000000e-02,-2.464000000000e-02,6.474617866440e-01,3.143387804038e-05
4.730978013268e+00,-7.514802784186e-01,-8.124000000000e-02,-2.474000000000e-02,6.441122194608e-01,3.350797655444e-05
3.962640734227e+00,-7.505340652537e-01,-7.193000000000e-02,-2.604000000000e-02,6.433149130746e-01,3.274504677480e-05
4.220261664856e+00,-7.456960460895e-01,-7.586000000000e-02,-2.646000000000e-02,6.391680395053e-01,3.349067108479e-05
7.496718934762e+00,-7.428022409885e-01,-8.007000000000e-02,1.230000000000e-02,5.953070593633e-01,3.446203375046e-05
4.477882595485e+00,-7.408580269253e-01,-7.900000000000e-02,-2.574000000000e-02,6.350211659359e-01,3.374986033374e-05
7.245412337025e+00,-7.240765192468e-01,-8.503000000000e-02,6.100000000000e-03,5.801568572294e-01,3.333346548545e-05
6.994105739289e+00,-7.053507975051e-01,-8.917000000000e-02,4.000000000000e-04,5.650175960224e-01,3.227434408468e-05
6.742799141554e+00,-6.866250757635e-01,-9.217000000000e-02,-4.290000000000e-03,5.498901794008e-01,3.158605820497e-05
6.491492543818e+00,-6.678993540218e-01,-9.385000000000e-02,-8.230000000000e-03,5.347756125235e-01,3.152614236778e-05
6.240185946082e+00,-6.491736322802e-01,-9.421000000000e-02,-1.141000000000e-02,5.196750165827e-01,3.217274573778e-05
5.988879348346e+00,-6.304479105385e-01,-9.366000000000e-02,-1.395000000000e-02,5.045896458833e-01,3.343724849342e-05
5.737572750611e+00,-6.117221887969e-01,-9.237000000000e-02,-1.546000000000e-02,4.895209079977e-01,3.510152575951e-05
1.057299334530e+01,-5.950645837283e-01,-6.800000000000e-04,-5.540000000000e-03,9.404022527704e-04,5.040316654947e-05
5.486266152875e+00,-5.929964670552e-01,-9.025000000000e-02,-1.645000000000e-02,4.744703876567e-01,3.693420465318e-05
1.037325567103e+01,-5.832860485075e-01,-7.600000000000e-04,6.170000000000e-03,2.000846631125e-01,4.884728284670e-05
1.250000040003e-01,-5.758366326015e-01,7.100000000000e-04,-1.337900000000e+00,6.798648583098e-01,6.706623609896e-03
3.750000120003e-01,-5.758366326015e-01,3.890000000000e-03,-1.069550000000e+00,5.241337744936e-01,5.523718179015e-03
6.250000199997e-01,-5.758366326015e-01,-1.442000000000e-02,4.950000000000e-03,4.606693060811e-01,2.655856551392e-03
8.750000279997e-01,-5.758366326015e-01,-1.792000000000e-02,6.400000000000e-03,4.606693060811e-01,5.487884907885e-04
5.234959555139e+00,-5.742707453136e-01,-8.779000000000e-02,-1.734000000000e-02,4.594398751973e-01,3.874517110329e-05
1.128810497314e+00,-5.741087686143e-01,-1.942000000000e-02,3.140000000000e-03,4.592870148914e-01,7.244775765664e-05
1.017351799676e+01,-5.715075132867e-01,2.070000000000e-03,1.928000000000e-02,4.001693262251e-01,4.196815083463e-05
1.386431427942e+00,-5.706530406399e-01,-1.962000000000e-02,5.000000000000e-05,4.565224325119e-01,6.605234825687e-05
1.644052358570e+00,-5.671973126654e-01,-1.988000000000e-02,-2.700000000000e-03,4.537578501323e-01,5.537909754844e-05
1.901673289198e+00,-5.637415846910e-01,-2.067000000000e-02,-3.950000000000e-03,4.509932677528e-01,4.268098384336e-05
2.159294219825e+00,-5.602858567166e-01,-2.343000000000e-02,-4.950000000000e-03,4.482286853733e-01,3.512446373178e-05
9.973780322500e+00,-5.597289780659e-01,5.230000000000e-03,2.911000000000e-02,5.515808335275e-01,3.664678163811e-05
2.416915150453e+00,-5.568301287422e-01,-2.769000000000e-02,-5.870000000000e-03,4.454641029937e-01,3.248477892819e-05
4.983652957404e+00,-5.555450235719e-01,-8.498000000000e-02,-1.832000000000e-02,4.444314006023e-01,4.040736890866e-05
2.674536081081e+00,-5.533744007678e-01,-3.255000000000e-02,-6.910000000000e-03,4.426995206142e-01,3.272378637988e-05
2.932157011710e+00,-5.499186727933e-01,-3.709000000000e-02,-8.470000000000e-03,4.399349382346e-01,3.416002536633e-05
9.774042648236e+00,-5.479504428452e-01,6.870000000000e-03,3.397000000000e-02,4.198530839089e-01,3.123963983628e-05
3.189777942339e+00,-5.464629448189e-01,-4.345000000000e-02,-1.024000000000e-02,4.371703558551e-01,3.591492926442e-05
3.447398872968e+00,-5.430072168444e-01,-5.236000000000e-02,-1.274000000000e-02,4.344057734755e-01,3.762052079463e-05
3.705019803598e+00,-5.395514888700e-01,-6.015000000000e-02,-1.554000000000e-02,4.316411910960e-01,3.914256935488e-05
4.732346359668e+00,-5.368193018302e-01,-8.165000000000e-02,-1.908000000000e-02,4.294472744393e-01,4.169236093310e-05
9.547486792346e+00,-5.364214924683e-01,3.120000000000e-03,3.688000000000e-02,3.584970051064e-01,2.507191927088e-05
3.962640734227e+00,-5.360957608955e-01,-6.699000000000e-02,-1.765000000000e-02,4.288766087164e-01,4.041084998223e-05
4.220261664856e+00,-5.326400329211e-01,-7.258000000000e-02,-1.892000000000e-02,4.261120263369e-01,4.130838118916e-05
4.477882595485e+00,-5.291843049466e-01,-7.752000000000e-02,-1.938000000000e-02,4.233474439572e-01,4.180403933998e-05
9.294112754830e+00,-5.251421269353e-01,-7.740000000000e-03,3.637000000000e-02,3.508851350376e-01,2.548821816822e-05
9.040738717315e+00,-5.138627614023e-01,-2.034000000000e-02,3.335000000000e-02,3.432929574601e-01,2.712769996206e-05
8.787364679799e+00,-5.025833958693e-01,-3.330000000000e-02,2.963000000000e-02,3.357029230404e-01,2.812368517060e-05
8.533990642283e+00,-4.913040303363e-01,-4.424000000000e-02,2.436000000000e-02,3.281151805065e-01,2.901786576513e-05
8.280616604766e+00,-4.800246648033e-01,-5.410000000000e-02,1.893000000000e-02,3.205298926223e-01,2.948679609043e-05
8.027242567250e+00,-4.687452992704e-01,-6.347000000000e-02,1.354000000000e-02,3.129472378772e-01,2.971454214287e-05
7.773868529734e+00,-4.574659337374e-01,-7.188000000000e-02,8.510000000000e-03,3.053674124234e-01,3.030030819757e-05
7.520494492218e+00,-4.461865682044e-01,-7.929000000000e-02,4.340000000000e-03,2.977906323076e-01,3.120743589814e-05
7.267120454702e+00,-4.349072026714e-01,-8.557000000000e-02,9.200000000000e-04,2.902171360462e-01,3.258743424114e-05
7.013746417188e+00,-4.236278371384e-01,-9.039000000000e-02,-2.050000000000e-03,2.826471876110e-01,3.450094016668e-05
6.760372379673e+00,-4.123484716055e-01,-9.378000000000e-02,-4.600000000000e-03,2.750810798996e-01,3.688573923349e-05
6.506998342158e+00,-4.010691060726e-01,-9.563000000000e-02,-6.670000000000e-03,2.675191387878e-01,3.957247197343e-05
6.253624304644e+00,-3.897897405397e-01,-9.603000000000e-02,-8.160000000000e-03,2.599617278785e-01,4.237317372832e-05
6.000250267129e+00,-3.785103750067e-01,-9.511000000000e-02,-9.190000000000e-03,2.524092540898e-01,4.506648883254e-05
5.746876229615e+00,-3.672310094738e-01,-9.268000000000e-02,-9.690000000000e-03,2.448621742604e-01,4.748023565425e-05
5.493502192101e+00,-3.559516439409e-01,-8.934000000000e-02,-9.990000000000e-03,2.373210029931e-01,4.949662810359e-05
3.750000120003e-01,-3.455019795609e-01,3.300000000000e-03,-1.076330000000e+00,3.399324291547e-01,5.884118104247e-03
8.750000279997e-01,-3.455019795609e-01,-9.320000000000e-03,8.600000000000e-03,2.303346530406e-01,3.572039887746e-04
1.250000040003e-01,-3.455019795609e-01,6.200000000000e-04,-1.342370000000e+00,5.406973842466e-01,7.063644977124e-03
6.250000199997e-01,-3.455019795609e-01,-1.250000000000e-02,1.198000000000e-02,2.303346530406e-01,2.695286434848e-03
5.240128154586e+00,-3.446722784080e-01,-8.497000000000e-02,-1.056000000000e-02,2.297863220136e-01,5.106320856285e-05
1.128810497314e+00,-3.444652611686e-01,-7.450000000000e-03,4.370000000000e-03,2.296435074457e-01,1.293726162455e-04
1.386431427942e+00,-3.423918243839e-01,-6.950000000000e-03,1.030000000000e-03,2.282612162559e-01,1.129842283120e-04
1.644052358570e+00,-3.403183875993e-01,-7.100000000000e-03,-5.600000000000e-04,2.268789250662e-01,8.818124105676e-05
1.901673289198e+00,-3.382449508146e-01,-8.030000000000e-03,-3.100000000000e-04,2.254966338764e-01,7.067419847774e-05
2.159294219825e+00,-3.361715140300e-01,-9.590000000000e-03,-5.400000000000e-04,2.241143426866e-01,5.969468942722e-05
2.416915150453e+00,-3.340980772453e-01,-1.228000000000e-02,-9.000000000000e-04,2.227320514969e-01,5.320463322083e-05
4.986754117072e+00,-3.333929128751e-01,-7.881000000000e-02,-1.107000000000e-02,2.222587913945e-01,5.217327278016e-05
2.674536081081e+00,-3.320246404607e-01,-1.599000000000e-02,-1.770000000000e-03,2.213497603071e-01,4.968390669775e-05
2.932157011710e+00,-3.299512036760e-01,-1.876000000000e-02,-2.870000000000e-03,2.199674691173e-01,4.816071160635e-05
3.189777942339e+00,-3.278777668913e-01,-2.242000000000e-02,-3.400000000000e-03,2.185851779275e-01,4.781025153203e-05
3.447398872968e+00,-3.258043301067e-01,-2.859000000000e-02,-3.870000000000e-03,2.172028867378e-01,4.820791360587e-05
3.705019803598e+00,-3.237308933220e-01,-3.660000000000e-02,-5.510000000000e-03,2.158205955480e-01,4.904415527914e-05
4.733380079557e+00,-3.221135473421e-01,-7.078000000000e-02,-1.096000000000e-02,2.147391630899e-01,5.249768608855e-05
3.962640734227e+00,-3.216574565373e-01,-4.510000000000e-02,-7.480000000000e-03,2.144383043582e-01,5.012032230652e-05
4.220261664856e+00,-3.195840197526e-01,-5.368000000000e-02,-9.240000000000e-03,2.130560131684e-01,5.118711485054e-05
4.477882595485e+00,-3.175105829680e-01,-6.202000000000e-02,-1.030000000000e-02,2.116737219787e-01,5.202137362512e-05
1.060234902742e+01,-1.985380948026e-01,3.000000000000e-04,-1.860000000000e-03,9.404022527977e-04,7.333650666786e-05
1.040228926379e+01,-1.946097320670e-01,3.640000000000e-03,1.125000000000e-02,2.000983284762e-01,6.174661182561e-05
1.020222950015e+01,-1.906813693314e-01,9.940000000000e-03,2.464000000000e-02,4.001966569539e-01,4.609384164653e-05
1.000216973652e+01,-1.867530065959e-01,1.834000000000e-02,3.158000000000e-02,3.647722352121e-01,3.397731011251e-05
9.802109972889e+00,-1.828246438603e-01,2.635000000000e-02,2.950000000000e-02,2.282906345971e-01,2.674401257397e-05
9.574695415315e+00,-1.789762331351e-01,2.229000000000e-02,1.871000000000e-02,8.442429223654e-04,4.450144110582e-05
9.319926063801e+00,-1.752077744200e-01,7.480000000000e-03,1.403000000000e-02,0.000000000000e+00,3.594871058365e-05
9.065156712287e+00,-1.714393157050e-01,-8.230000000000e-03,1.238000000000e-02,8.171241932633e-14,2.742510668881e-05
8.810387360773e+00,-1.676708569899e-01,-2.335000000000e-02,1.049000000000e-02,1.509903313490e-13,2.088270477889e-05
8.555618009258e+00,-1.639023982749e-01,-3.765000000000e-02,8.070000000000e-03,4.440892098501e-14,1.623504357889e-05
8.300848657743e+00,-1.601339395598e-01,-5.014000000000e-02,4.810000000000e-03,5.329071241002e-14,1.478718787852e-05
8.046079306229e+00,-1.563654808448e-01,-5.965000000000e-02,2.270000000000e-03,1.421085498625e-13,1.780684337846e-05
7.791309954714e+00,-1.525970221297e-01,-6.727000000000e-02,7.200000000000e-04,6.128431724454e-14,2.376819799603e-05
7.536540603200e+00,-1.488285634147e-01,-7.366000000000e-02,-4.200000000000e-04,1.776359007803e-14,3.078505148926e-05
7.281771251686e+00,-1.450601046996e-01,-7.856000000000e-02,-1.270000000000e-03,5.329071241002e-14,3.787742122842e-05
7.027001900173e+00,-1.412916459846e-01,-8.104000000000e-02,-1.830000000000e-03,2.131630014283e-14,4.454158762118e-05
6.772232548660e+00,-1.375231872696e-01,-8.103000000000e-02,-2.290000000000e-03,2.930990099195e-14,5.048193163496e-05
6.517463197146e+00,-1.337547285546e-01,-7.879000000000e-02,-2.610000000000e-03,3.641532578529e-14,5.554323467674e-05
6.262693845633e+00,-1.299862698395e-01,-7.450000000000e-02,-2.840000000000e-03,7.105427357601e-15,5.966516534599e-05
6.007924494121e+00,-1.262178111245e-01,-6.814000000000e-02,-2.850000000000e-03,4.440892098501e-15,6.278538830987e-05
5.753155142608e+00,-1.224493524095e-01,-6.030000000000e-02,-2.590000000000e-03,8.891536662304e-16,6.493400258455e-05
5.498385791095e+00,-1.186808936945e-01,-5.152000000000e-02,-2.460000000000e-03,2.575717790993e-14,6.617374611942e-05
1.250000040003e-01,-1.151673265203e-01,4.500000000000e-04,-1.346490000000e+00,3.529146816297e-01,7.398670748134e-03
3.750000120003e-01,-1.151673265203e-01,2.880000000000e-03,-1.081620000000e+00,2.490959022342e-01,6.098788308859e-03
6.250000199997e-01,-1.151673265203e-01,-1.412000000000e-02,8.490000000000e-03,5.038964173491e-14,3.155056825613e-03
8.750000279997e-01,-1.151673265203e-01,-5.200000000000e-04,3.030000000000e-03,1.433590956951e-13,8.045998868012e-04
5.243616439582e+00,-1.149124349795e-01,-4.218000000000e-02,-2.310000000000e-03,5.861979048478e-14,6.661601917213e-05
1.128810497314e+00,-1.148217537229e-01,4.590000000000e-03,1.500000000000e-03,3.061590968960e-14,4.108006698619e-04
1.386431427942e+00,-1.141306081280e-01,5.640000000000e-03,4.600000000000e-04,4.130031750061e-14,2.555345543076e-04
1.644052358570e+00,-1.134394625331e-01,4.780000000000e-03,-6.000000000000e-05,1.820765760385e-14,1.686338866905e-04
1.901673289198e+00,-1.127483169382e-01,3.690000000000e-03,2.000000000000e-04,3.486102783391e-14,1.221556240197e-04
2.159294219825e+00,-1.120571713433e-01,3.000000000000e-03,2.200000000000e-04,4.307666229733e-14,9.510115286731e-05
2.416915150453e+00,-1.113660257485e-01,2.190000000000e-03,2.500000000000e-04,3.019806945863e-14,7.884328535663e-05
4.988847088069e+00,-1.111439762644e-01,-3.296000000000e-02,-2.050000000000e-03,8.882868333007e-16,6.637046631979e-05
2.674536081081e+00,-1.106748801536e-01,1.220000000000e-03,1.500000000000e-04,9.903189476894e-14,6.909114633588e-05
2.932157011710e+00,-1.099837345587e-01,-1.500000000000e-04,-1.800000000000e-04,1.278976954485e-13,6.349529695349e-05
3.189777942339e+00,-1.092925889638e-01,-1.550000000000e-03,-2.800000000000e-04,4.884981505478e-14,6.015076458693e-05
3.447398872968e+00,-1.086014433689e-01,-3.230000000000e-03,-3.000000000000e-04,2.531314582887e-14,5.838570596487e-05
3.705019803598e+00,-1.079102977740e-01,-5.700000000000e-03,-3.300000000000e-04,1.261213355974e-13,5.782790726915e-05
4.734077736556e+00,-1.073755175494e-01,-2.444000000000e-02,-1.660000000000e-03,4.887808286747e-14,6.231588970107e-05
3.962640734227e+00,-1.072191521791e-01,-9.030000000000e-03,-4.500000000000e-04,5.506706901626e-14,5.805781661845e-05
4.220261664856e+00,-1.065280065842e-01,-1.290000000000e-02,-8.300000000000e-04,7.993606259169e-14,5.864701777300e-05
4.477882595485e+00,-1.058368609893e-01,-1.774000000000e-02,-1.270000000000e-03,4.260022684547e-14,5.909027477481e-05
9.812779018781e+00,1.250000039998e-01,6.050000000000e-03,9.040000000000e-03,2.364775042452e-14,8.111128333260e-05
1.001291394118e+01,1.250000039999e-01,2.563000000000e-02,3.944000000000e-02,2.001349224029e-01,1.989080682622e-05
1.021304886359e+01,1.250000040000e-01,1.982000000000e-02,3.564000000000e-02,4.002698448070e-01,2.783906135960e-05
1.041318378599e+01,1.250000040001e-01,9.720000000000e-03,2.285000000000e-02,2.001349224040e-01,6.136157168608e-05
1.061331870840e+01,1.250000040001e-01,1.550000000000e-03,5.560000000000e-03,2.735128609358e-13,8.702462728812e-05
3.750000120003e-01,1.339285757138e-01,4.800000000000e-04,-1.085270000000e+00,8.058369052624e-14,1.029127927040e-02
1.250000040003e-01,1.339285757139e-01,-2.000000000000e-05,-1.349620000000e+00,2.500000080000e-01,7.891789101561e-03
9.812859968383e+00,3.750000119994e-01,3.400000000000e-04,-5.080000000000e-03,2.321620759255e-14,8.504969037559e-05
1.001297690199e+01,3.750000119997e-01,1.038000000000e-02,2.627000000000e-02,2.001169336028e-01,4.109461929715e-05
1.021309383559e+01,3.750000119999e-01,1.570000000000e-02,3.941000000000e-02,4.002338672064e-01,1.120300069766e-05
1.041321076919e+01,3.750000120002e-01,1.108000000000e-02,3.344000000000e-02,2.001169336039e-01,5.709139704359e-05
1.061332770280e+01,3.750000120005e-01,2.490000000000e-03,1.418000000000e-02,3.336220188999e-14,9.084348546919e-05
3.750000120003e-01,4.017857271414e-01,-5.600000000000e-04,-1.085060000000e+00,1.443289932013e-15,1.045948934801e-02
1.250000040003e-01,4.017857271417e-01,-3.600000000000e-04,-1.350820000000e+00,2.500000080000e-01,7.940392498100e-03
9.812940917986e+00,6.250000199988e-01,1.300000000000e-04,-6.400000000000e-03,3.108624468950e-15,8.701323855877e-05
1.001303986279e+01,6.250000199993e-01,3.160000000000e-03,1.469000000000e-02,2.000989448023e-01,5.073977249744e-05
1.021313880759e+01,6.250000199999e-01,8.110000000000e-03,3.802000000000e-02,4.001978896056e-01,2.712367045183e-06
1.041323775240e+01,6.250000200004e-01,6.710000000000e-03,3.927000000000e-02,2.000989448032e-01,5.453647064546e-05
1.061333669720e+01,6.250000200010e-01,1.580000000000e-03,2.156000000000e-02,3.202372833989e-15,9.066230914905e-05
3.750000120003e-01,6.696428785690e-01,-7.000000000000e-04,-1.085060000000e+00,2.553518990452e-14,1.054392999040e-02
1.250000040003e-01,6.696428785694e-01,-3.700000000000e-04,-1.351160000000e+00,2.500000080000e-01,7.954925211784e-03
9.813021867588e+00,8.750000279983e-01,9.000000000000e-05,-6.440000000000e-03,4.249413978253e-15,8.830271708994e-05
1.001310282359e+01,8.750000279991e-01,0.000000000000e+00,1.120000000000e-02,2.000809560019e-01,5.337492390209e-05
1.021318377959e+01,8.750000279999e-01,2.210000000000e-03,3.494000000000e-02,4.001619120047e-01,4.452462341936e-07
1.041326473560e+01,8.750000280007e-01,2.630000000000e-03,4.184000000000e-02,2.000809560024e-01,5.401910132379e-05
1.061334569160e+01,8.750000280015e-01,3.200000000000e-04,2.464000000000e-02,7.183142969325e-14,8.994710067336e-05
3.750000120003e-01,9.375000299966e-01,-7.300000000000e-04,-1.085350000000e+00,4.884984462392e-14,1.055379676942e-02
1.250000040002e-01,9.375000299972e-01,-3.100000000000e-04,-1.351310000000e+00,2.500000080000e-01,7.957723935185e-03
9.813102817191e+00,1.125000035998e+00,-4.000000000000e-04,-5.120000000000e-03,1.520316563186e-14,8.914582282961e-05
1.001316578439e+01,1.125000035999e+00,-2.150000000000e-03,1.148000000000e-02,2.000629672014e-01,5.389062404249e-05
1.021322875160e+01,1.125000036000e+00,-1.630000000000e-03,3.192000000000e-02,4.001259344039e-01,1.575098307070e-07
1.041329171880e+01,1.125000036001e+00,-4.600000000000e-04,4.167000000000e-02,2.000629672017e-01,5.420479774648e-05
1.061335468600e+01,1.125000036002e+00,-1.600000000000e-04,2.397000000000e-02,2.736919314328e-14,8.937766304661e-05
3.750000120002e-01,1.205357181424e+00,-7.700000000000e-04,-1.085760000000e+00,2.087226668084e-14,1.055524602296e-02
1.250000040002e-01,1.205357181425e+00,-2.600000000000e-04,-1.351410000000e+00,2.500000080000e-01,7.957321445824e-03
9.813183766793e+00,1.375000043999e+00,-8.100000000000e-04,-2.560000000000e-03,4.533191655005e-14,8.958039937652e-05
1.001322874519e+01,1.375000044000e+00,-2.970000000000e-03,1.281000000000e-02,2.000449784010e-01,5.383700536397e-05
1.021327372360e+01,1.375000044000e+00,-3.120000000000e-03,3.020000000000e-02,4.000899568031e-01,4.407865262113e-07
1.041331870200e+01,1.375000044001e+00,-2.120000000000e-03,3.921000000000e-02,2.000449784010e-01,5.450774140609e-05
1.061336368040e+01,1.375000044001e+00,-2.700000000000e-04,2.130000000000e-02,2.182936761704e-14,8.899154971687e-05
3.750000120002e-01,1.473214332852e+00,-7.200000000000e-04,-1.085970000000e+00,1.176836406103e-14,1.055545258630e-02
1.250000040002e-01,1.473214332853e+00,-2.500000000000e-04,-1.351480000000e+00,2.500000080000e-01,7.956478642625e-03
9.813264716396e+00,1.625000052000e+00,-7.700000000000e-04,1.100000000000e-04,2.176037128265e-14,8.966597092927e-05
1.001329170600e+01,1.625000052000e+00,-2.640000000000e-03,1.457000000000e-02,2.000269896005e-01,5.362492009360e-05
1.021331869560e+01,1.625000052000e+00,-3.090000000000e-03,2.991000000000e-02,4.000539792022e-01,8.378017046396e-07
1.041334568520e+01,1.625000052000e+00,-2.410000000000e-03,3.612000000000e-02,2.000269896003e-01,5.470858318881e-05
1.061337267480e+01,1.625000052001e+00,-3.400000000000e-04,1.822000000000e-02,1.080515682314e-14,8.865246424040e-05
3.750000120002e-01,1.741071484281e+00,-6.200000000000e-04,-1.086180000000e+00,4.019007349143e-14,1.055546288882e-02
1.250000040002e-01,1.741071484282e+00,-2.500000000000e-04,-1.351510000000e+00,2.500000080000e-01,7.955402808525e-03
9.813345665998e+00,1.875000060000e+00,-5.600000000000e-04,2.440000000000e-03,4.111664168795e-14,8.981235454067e-05
1.001335466680e+01,1.875000060000e+00,-2.080000000000e-03,1.652000000000e-02,2.000090007999e-01,5.329936350888e-05
1.021336366760e+01,1.875000060000e+00,-2.910000000000e-03,3.028000000000e-02,4.000180016011e-01,1.175051545665e-06
1.041337266840e+01,1.875000060000e+00,-2.310000000000e-03,3.357000000000e-02,2.000090007995e-01,5.475994499227e-05
1.061338166920e+01,1.875000060000e+00,-3.800000000000e-04,1.536000000000e-02,3.499812516235e-13,8.854974861917e-05
1.250000040002e-01,2.008928635710e+00,-2.600000000000e-04,-1.351520000000e+00,2.500000080000e-01,7.954183720981e-03
3.750000120002e-01,2.008928635710e+00,-4.900000000000e-04,-1.086630000000e+00,3.552713678801e-15,1.055546518312e-02
1.250000040002e-01,2.276785787138e+00,-2.400000000000e-04,-1.351470000000e+00,2.500000080000e-01,7.952798779188e-03
3.750000120002e-01,2.276785787140e+00,-3.900000000000e-04,-1.087150000000e+00,3.064220576145e-14,1.055546966755e-02
1.250000040002e-01,2.544642938566e+00,-1.800000000000e-04,-1.351290000000e+00,2.500000080000e-01,7.951222202061e-03
3.750000120002e-01,2.544642938569e+00,-3.800000000000e-04,-1.087470000000e+00,2.531332843024e-14,1.055547500486e-02
1.250000040002e-01,2.812500089994e+00,-1.300000000000e-04,-1.350970000000e+00,2.500000080000e-01,7.949427205425e-03
3.750000120002e-01,2.812500089999e+00,-4.600000000000e-04,-1.087680000000e+00,2.176044208758e-14,1.055548107765e-02
1.250000040002e-01,3.080357241422e+00,-1.200000000000e-04,-1.350720000000e+00,2.500000080000e-01,7.947383510489e-03
3.750000120002e-01,3.080357241428e+00,-5.600000000000e-04,-1.087890000000e+00,2.486924356801e-14,1.055548798270e-02
1.250000040001e-01,3.348214392851e+00,-1.200000000000e-04,-1.350550000000e+00,2.500000080000e-01,7.945056626936e-03
3.750000120001e-01,3.348214392858e+00,-5.500000000000e-04,-1.088090000000e+00,3.019811729104e-14,1.055549583297e-02
1.250000040001e-01,3.616071544279e+00,-1.200000000000e-04,-1.350370000000e+00,2.500000080000e-01,7.942407270142e-03
3.750000120001e-01,3.616071544287e+00,-3.700000000000e-04,-1.088080000000e+00,4.574122229849e-14,1.055550475529e-02
1.250000040001e-01,3.883928695707e+00,-1.400000000000e-04,-1.350120000000e+00,2.500000080000e-01,7.939390692998e-03
3.750000120001e-01,3.883928695717e+00,-1.200000000000e-04,-1.087860000000e+00,1.021405182655e-14,1.055551489254e-02
1.250000040001e-01,4.151785847135e+00,-1.200000000000e-04,-1.349850000000e+00,2.500000080000e-01,7.935955922644e-03
3.750000120001e-01,4.151785847146e+00,3.000000000000e-05,-1.087560000000e+00,5.062616992291e-14,1.055552640533e-02
1.250000040001e-01,4.419642998563e+00,-1.000000000000e-04,-1.349610000000e+00,2.500000080000e-01,7.932044889495e-03
3.750000120001e-01,4.419642998576e+00,5.000000000000e-05,-1.087350000000e+00,4.085620730621e-14,1.055553947380e-02
1.250000040001e-01,4.687500149991e+00,-8.000000000000e-05,-1.349450000000e+00,2.500000080000e-01,7.927591433000e-03
3.750000120001e-01,4.687500150005e+00,-1.000000000000e-05,-1.087410000000e+00,1.598730792784e-14,1.055555429938e-02
1.250000040001e-01,4.955357301419e+00,-9.000000000000e-05,-1.349400000000e+00,2.500000080000e-01,7.922520166287e-03
3.750000120001e-01,4.955357301435e+00,-2.000000000000e-05,-1.087680000000e+00,8.899114524109e-16,1.055557110641e-02
1.250000040001e-01,5.223214452848e+00,-1.000000000000e-04,-1.349330000000e+00,2.500000080000e-01,7.916745179158e-03
3.750000120001e-01,5.223214452864e+00,-4.000000000000e-05,-1.087960000000e+00,1.776356839400e-15,1.055559014370e-02
1.250000040001e-01,5.491071604276e+00,-1.100000000000e-04,-1.349250000000e+00,2.500000080000e-01,7.910168555716e-03
3.750000120001e-01,5.491071604294e+00,-5.000000000000e-05,-1.087940000000e+00,4.440905976267e-14,1.055561168557e-02
1.250000040001e-01,5.758928755704e+00,-1.300000000000e-04,-1.349190000000e+00,2.500000080000e-01,7.902678679229e-03
3.750000120001e-01,5.758928755723e+00,-7.000000000000e-05,-1.087920000000e+00,1.421096313501e-14,1.055563603233e-02
1.250000040001e-01,6.026785907132e+00,-1.300000000000e-04,-1.349100000000e+00,2.500000080000e-01,7.894148292561e-03
3.750000120001e-01,6.026785907153e+00,-1.200000000000e-04,-1.087820000000e+00,2.665113437530e-15,1.055566350982e-02
1.250000040000e-01,6.294643058560e+00,-1.200000000000e-04,-1.349030000000e+00,2.500000080000e-01,7.884432277369e-03
3.750000120000e-01,6.294643058582e+00,-2.000000000000e-04,-1.087460000000e+00,4.973802248040e-14,1.055569446747e-02
1.250000040000e-01,6.562500209988e+00,-1.000000000000e-04,-1.348990000000e+00,2.500000080000e-01,7.873365109339e-03
3.750000120000e-01,6.562500210012e+00,-3.900000000000e-04,-1.087020000000e+00,7.994376728335e-15,1.055572927420e-02
1.250000040000e-01,6.830357361416e+00,-1.300000000000e-04,-1.348990000000e+00,2.500000080000e-01,7.860757939595e-03
3.750000120000e-01,6.830357361441e+00,-5.700000000000e-04,-1.086880000000e+00,4.352074256531e-14,1.055576831140e-02
1.250000040000e-01,7.098214512844e+00,-2.200000000000e-04,-1.349080000000e+00,2.500000080000e-01,7.846395243994e-03
3.750000120000e-01,7.098214512871e+00,-6.400000000000e-04,-1.086980000000e+00,4.796163466381e-14,1.055581196152e-02
1.250000040000e-01,7.366071664273e+00,-3.200000000000e-04,-1.349130000000e+00,2.500000080000e-01,7.830030971860e-03
3.750000120000e-01,7.366071664300e+00,-5.800000000000e-04,-1.087350000000e+00,4.440892098501e-14,1.055586059073e-02
1.250000040000e-01,7.633928815702e+00,-3.700000000000e-04,-1.349190000000e+00,2.500000080000e-01,7.811384113516e-03
3.750000120000e-01,7.633928815729e+00,-4.800000000000e-04,-1.087950000000e+00,3.641535751801e-14,1.055591452324e-02
1.250000040000e-01,7.901785967131e+00,-3.600000000000e-04,-1.349230000000e+00,2.500000080000e-01,7.790133591285e-03
3.750000120000e-01,7.901785967157e+00,-3.400000000000e-04,-1.088610000000e+00,1.598730792784e-14,1.055597400423e-02
1.250000040000e-01,8.169643118560e+00,-3.200000000000e-04,-1.349310000000e+00,2.500000080000e-01,7.765912360035e-03
3.750000120000e-01,8.169643118586e+00,-1.600000000000e-04,-1.089010000000e+00,7.105644194727e-15,1.055603914687e-02
1.250000040000e-01,8.437500269990e+00,-3.200000000000e-04,-1.349400000000e+00,2.500000080000e-01,7.738300581887e-03
3.750000120000e-01,8.437500270014e+00,-6.000000000000e-05,-1.089380000000e+00,1.776356839400e-14,1.055610985790e-02
1.250000040000e-01,8.705357421419e+00,-3.700000000000e-04,-1.349440000000e+00,2.500000080000e-01,7.706817711108e-03
3.750000119999e-01,8.705357421442e+00,4.000000000000e-05,-1.089520000000e+00,4.263260028566e-14,1.055618573368e-02
1.250000039999e-01,8.973214572849e+00,-3.600000000000e-04,-1.349560000000e+00,2.500000080000e-01,7.670913290832e-03
3.750000119999e-01,8.973214572870e+00,1.100000000000e-04,-1.089440000000e+00,1.243499350120e-14,1.055626591601e-02
1.250000039999e-01,9.241071724278e+00,-3.200000000000e-04,-1.349780000000e+00,2.500000080000e-01,7.629956218947e-03
3.750000119999e-01,9.241071724298e+00,1.300000000000e-04,-1.089230000000e+00,1.065814103640e-14,1.055634889324e-02
1.250000039999e-01,9.508928875708e+00,-2.800000000000e-04,-1.350030000000e+00,2.500000080000e-01,7.583222183671e-03
3.750000119999e-01,9.508928875727e+00,1.200000000000e-04,-1.089120000000e+00,2.131635435282e-14,1.055643222654e-02
1.250000039999e-01,9.776786027137e+00,-1.900000000000e-04,-1.350240000000e+00,2.500000080000e-01,7.529878895767e-03
3.750000119999e-01,9.776786027155e+00,1.600000000000e-04,-1.089180000000e+00,1.776356839400e-14,1.055651217422e-02
1.250000039999e-01,1.004464317857e+01,-1.300000000000e-04,-1.350420000000e+00,2.500000080000e-01,7.468968648277e-03
3.750000119999e-01,1.004464317858e+01,3.500000000000e-04,-1.089060000000e+00,1.598759704406e-14,1.055658317646e-02
1.250000039999e-01,1.031250033000e+01,-8.000000000000e-05,-1.350640000000e+00,2.500000080000e-01,7.399387605637e-03
3.750000119999e-01,1.031250033001e+01,5.200000000000e-04,-1.088770000000e+00,3.553147333203e-15,1.055663714940e-02
1.250000039999e-01,1.058035748143e+01,-4.000000000000e-05,-1.350900000000e+00,2.500000080000e-01,7.319861042783e-03
3.750000119999e-01,1.058035748144e+01,6.500000000000e-04,-1.088420000000e+00,1.421085471520e-14,1.055666251484e-02
1.250000039999e-01,1.084821463286e+01,-5.000000000000e-05,-1.351110000000e+00,2.500000080000e-01,7.228913510470e-03
3.750000119999e-01,1.084821463287e+01,7.500000000000e-04,-1.088130000000e+00,1.776356839400e-15,1.055664286508e-02
1.250000039999e-01,1.111607178428e+01,-8.000000000000e-05,-1.351280000000e+00,2.500000080000e-01,7.124832630424e-03
3.750000119999e-01,1.111607178430e+01,7.700000000000e-04,-1.087990000000e+00,1.598721155460e-14,1.055655516079e-02
1.250000039999e-01,1.138392893571e+01,-1.100000000000e-04,-1.351400000000e+00,2.500000080000e-01,7.005624832502e-03
3.750000119999e-01,1.138392893572e+01,6.100000000000e-04,-1.087940000000e+00,2.486899575160e-14,1.055636731506e-02
1.250000039998e-01,1.165178608714e+01,-1.100000000000e-04,-1.351460000000e+00,2.500000080000e-01,6.868960176755e-03
3.750000119998e-01,1.165178608715e+01,4.000000000000e-04,-1.087720000000e+00,1.779822904822e-15,1.055603447247e-02
1.250000039998e-01,1.191964323857e+01,-1.200000000000e-04,-1.351450000000e+00,2.500000080000e-01,6.712101589551e-03
3.750000119998e-01,1.191964323858e+01,2.100000000000e-04,-1.087350000000e+00,1.598721155460e-14,1.055549263615e-02
1.250000039998e-01,1.218750039000e+01,-1.400000000000e-04,-1.351370000000e+00,2.500000080000e-01,6.531816843240e-03
3.750000119998e-01,1.218750039001e+01,1.000000000000e-05,-1.087100000000e+00,4.618527782441e-14,1.055465232649e-02
1.250000039998e-01,1.245535754143e+01,-1.400000000000e-04,-1.351220000000e+00,2.500000080000e-01,6.324279029151e-03
3.750000119998e-01,1.245535754144e+01,-2.000000000000e-04,-1.087030000000e+00,1.953992523340e-14,1.055340291655e-02
1.250000039998e-01,1.272321469286e+01,-1.300000000000e-04,-1.351050000000e+00,2.500000080000e-01,6.084920538432e-03
3.750000119998e-01,1.272321469286e+01,-4.600000000000e-04,-1.087210000000e+00,4.263256414561e-14,1.055160505627e-02
1.250000039998e-01,1.299107184429e+01,-1.400000000000e-04,-1.350880000000e+00,2.500000080000e-01,5.808100320883e-03
3.750000119998e-01,1.299107184429e+01,-6.300000000000e-04,-1.087410000000e+00,1.065828559571e-14,1.054895712894e-02
1.250000039998e-01,1.325892899572e+01,-1.600000000000e-04,-1.350770000000e+00,2.500000080000e-01,5.486763601966e-03
3.750000119998e-01,1.325892899572e+01,-5.800000000000e-04,-1.087500000000e+00,1.243462178400e-14,1.054486475228e-02
3.750000119998e-01,1.352678614715e+01,-4.400000000000e-04,-1.087500000000e+00,6.750155989721e-14,1.053934595534e-02
1.250000039998e-01,1.352678614715e+01,-1.500000000000e-04,-1.350690000000e+00,2.500000080000e-01,5.113389285506e-03
3.750000119998e-01,1.379464329858e+01,-3.000000000000e-04,-1.087470000000e+00,4.263260028566e-14,1.053438280119e-02
1.250000039998e-01,1.379464329858e+01,-1.100000000000e-04,-1.350540000000e+00,2.500000080000e-01,4.681156714890e-03
3.750000119997e-01,1.406250045000e+01,-9.000000000000e-05,-1.087600000000e+00,2.664535259100e-14,1.052741197042e-02
1.250000039997e-01,1.406250045000e+01,-6.000000000000e-05,-1.350300000000e+00,2.500000080000e-01,4.173373287006e-03
3.750000119997e-01,1.433035760143e+01,4.000000000000e-05,-1.087690000000e+00,2.131628207280e-14,1.050100420420e-02
1.250000039997e-01,1.433035760143e+01,-0.000000000000e+00,-1.350050000000e+00,2.500000080000e-01,3.546428738148e-03
3.750000119997e-01,1.459821475286e+01,2.000000000000e-05,-1.087690000000e+00,3.552718015607e-14,1.048280460902e-02
1.250000039997e-01,1.459821475286e+01,-0.000000000000e+00,-1.349860000000e+00,2.500000080000e-01,2.818978394387e-03
3.750000119997e-01,1.486607190429e+01,-2.000000000000e-05,-1.087850000000e+00,9.938176768700e-14,1.080756433189e-02
1.250000039997e-01,1.486607190429e+01,-5.000000000000e-05,-1.349760000000e+00,2.500000080000e-01,2.611976526797e-03
