
===== Linear closure calibration =====
Project root: /homes/aiskhak/projects/GP
Results dir: /homes/aiskhak/projects/GP/linear_results_linear_refine_best_screen_C1etaH_C2etaY_C3_CeffMin005_chunk1
Read wall-cell median sizes:
  CG1: h_wall = 1.169313396896e-01
  CG2: h_wall = 5.840956861085e-02
  CG3: h_wall = 2.920598672452e-02
  CG4: h_wall = 1.460326482625e-02

===== Preparing RE=3000, CG=1, np=4 =====
Reading mapped file: /homes/aiskhak/projects/GP/2_mapped/3000/1/mapped.csv
h_wall = 1.169313396896e-01
L_outer = 5.134754163210e+00
eta_h = 2.277252931160e-02
eta_y min/max = 1.914893174085e-02, 1.000000000000e+00

===== Evaluating baseline mixing-length case =====
Baseline dir: /homes/aiskhak/projects/GP/1_mixing_length/3000/1
Using VPP file: /homes/aiskhak/projects/GP/1_mixing_length/3000/1/tamu_2d_fv_csv_vpp_0031.csv
VPP columns: ('eddy_viscosity_aux_var', 'id', 'u', 'v', 'x', 'y', 'z')
baseline coordinate check: max |r_base-r_cg| = 5.000444502911705e-12
baseline coordinate check: max |z_base-z_cg| = 5.000444502911705e-12
Baseline MSE for RE=3000, CG=1 = 5.61322379e-03

===== Preparing RE=3000, CG=2, np=4 =====
Reading mapped file: /homes/aiskhak/projects/GP/2_mapped/3000/2/mapped.csv
h_wall = 5.840956861085e-02
L_outer = 5.162529156024e+00
eta_h = 1.131413825386e-02
eta_y min/max = 9.604984814158e-03, 1.000000000000e+00

===== Evaluating baseline mixing-length case =====
Baseline dir: /homes/aiskhak/projects/GP/1_mixing_length/3000/2
Using VPP file: /homes/aiskhak/projects/GP/1_mixing_length/3000/2/tamu_2d_fv_csv_vpp_0032.csv
VPP columns: ('eddy_viscosity_aux_var', 'id', 'u', 'v', 'x', 'y', 'z')
baseline coordinate check: max |r_base-r_cg| = 5.000444502911705e-12
baseline coordinate check: max |z_base-z_cg| = 5.000444502911705e-12
Baseline MSE for RE=3000, CG=2 = 4.44527793e-03

===== Preparing RE=3000, CG=3, np=8 =====
Reading mapped file: /homes/aiskhak/projects/GP/2_mapped/3000/3/mapped.csv
h_wall = 2.920598672452e-02
L_outer = 5.165356380906e+00
eta_h = 5.654205551524e-03
eta_y min/max = 4.820015672100e-03, 1.000000000000e+00

===== Evaluating baseline mixing-length case =====
Baseline dir: /homes/aiskhak/projects/GP/1_mixing_length/3000/3
Using VPP file: /homes/aiskhak/projects/GP/1_mixing_length/3000/3/tamu_2d_fv_csv_vpp_0034.csv
VPP columns: ('eddy_viscosity_aux_var', 'id', 'u', 'v', 'x', 'y', 'z')
baseline coordinate check: max |r_base-r_cg| = 5.000444502911705e-12
baseline coordinate check: max |z_base-z_cg| = 5.000444502911705e-12
Baseline MSE for RE=3000, CG=3 = 4.33439012e-03

===== Preparing RE=3000, CG=4, np=12 =====
Reading mapped file: /homes/aiskhak/projects/GP/2_mapped/3000/4/mapped.csv
h_wall = 1.460326482625e-02
L_outer = 5.177364498584e+00
eta_h = 2.820598169251e-03
eta_y min/max = 2.409401404074e-03, 1.000000000000e+00

===== Evaluating baseline mixing-length case =====
Baseline dir: /homes/aiskhak/projects/GP/1_mixing_length/3000/4
Using VPP file: /homes/aiskhak/projects/GP/1_mixing_length/3000/4/tamu_2d_fv_csv_vpp_0034.csv
VPP columns: ('eddy_viscosity_aux_var', 'id', 'u', 'v', 'x', 'y', 'z')
baseline coordinate check: max |r_base-r_cg| = 5.000444502911705e-12
baseline coordinate check: max |z_base-z_cg| = 5.000444502911705e-12
Baseline MSE for RE=3000, CG=4 = 4.38386460e-03

===== Preparing RE=3413, CG=1, np=4 =====
Reading mapped file: /homes/aiskhak/projects/GP/2_mapped/3413/1/mapped.csv
h_wall = 1.169313396896e-01
L_outer = 5.134754163210e+00
eta_h = 2.277252931160e-02
eta_y min/max = 1.914893174085e-02, 1.000000000000e+00

===== Evaluating baseline mixing-length case =====
Baseline dir: /homes/aiskhak/projects/GP/1_mixing_length/3413/1
Using VPP file: /homes/aiskhak/projects/GP/1_mixing_length/3413/1/tamu_2d_fv_csv_vpp_0027.csv
VPP columns: ('eddy_viscosity_aux_var', 'id', 'u', 'v', 'x', 'y', 'z')
baseline coordinate check: max |r_base-r_cg| = 5.000444502911705e-12
baseline coordinate check: max |z_base-z_cg| = 5.000444502911705e-12
Baseline MSE for RE=3413, CG=1 = 5.62285406e-03

===== Preparing RE=3413, CG=2, np=4 =====
Reading mapped file: /homes/aiskhak/projects/GP/2_mapped/3413/2/mapped.csv
h_wall = 5.840956861085e-02
L_outer = 5.162529156024e+00
eta_h = 1.131413825386e-02
eta_y min/max = 9.604984814158e-03, 1.000000000000e+00

===== Evaluating baseline mixing-length case =====
Baseline dir: /homes/aiskhak/projects/GP/1_mixing_length/3413/2
Using VPP file: /homes/aiskhak/projects/GP/1_mixing_length/3413/2/tamu_2d_fv_csv_vpp_0028.csv
VPP columns: ('eddy_viscosity_aux_var', 'id', 'u', 'v', 'x', 'y', 'z')
baseline coordinate check: max |r_base-r_cg| = 5.000444502911705e-12
baseline coordinate check: max |z_base-z_cg| = 5.000444502911705e-12
Baseline MSE for RE=3413, CG=2 = 4.27535568e-03

===== Preparing RE=3413, CG=3, np=8 =====
Reading mapped file: /homes/aiskhak/projects/GP/2_mapped/3413/3/mapped.csv
h_wall = 2.920598672452e-02
L_outer = 5.165356380906e+00
eta_h = 5.654205551524e-03
eta_y min/max = 4.820015672100e-03, 1.000000000000e+00

===== Evaluating baseline mixing-length case =====
Baseline dir: /homes/aiskhak/projects/GP/1_mixing_length/3413/3
Using VPP file: /homes/aiskhak/projects/GP/1_mixing_length/3413/3/tamu_2d_fv_csv_vpp_0029.csv
VPP columns: ('eddy_viscosity_aux_var', 'id', 'u', 'v', 'x', 'y', 'z')
baseline coordinate check: max |r_base-r_cg| = 5.000444502911705e-12
baseline coordinate check: max |z_base-z_cg| = 5.000444502911705e-12
Baseline MSE for RE=3413, CG=3 = 4.09686909e-03

===== Preparing RE=3413, CG=4, np=12 =====
Reading mapped file: /homes/aiskhak/projects/GP/2_mapped/3413/4/mapped.csv
h_wall = 1.460326482625e-02
L_outer = 5.177364498584e+00
eta_h = 2.820598169251e-03
eta_y min/max = 2.409401404074e-03, 1.000000000000e+00

===== Evaluating baseline mixing-length case =====
Baseline dir: /homes/aiskhak/projects/GP/1_mixing_length/3413/4
Using VPP file: /homes/aiskhak/projects/GP/1_mixing_length/3413/4/tamu_2d_fv_csv_vpp_0029.csv
VPP columns: ('eddy_viscosity_aux_var', 'id', 'u', 'v', 'x', 'y', 'z')
baseline coordinate check: max |r_base-r_cg| = 5.000444502911705e-12
baseline coordinate check: max |z_base-z_cg| = 5.000444502911705e-12
Baseline MSE for RE=3413, CG=4 = 4.16569273e-03

===== Preparing RE=5963, CG=1, np=4 =====
Reading mapped file: /homes/aiskhak/projects/GP/2_mapped/5963/1/mapped.csv
h_wall = 1.169313396896e-01
L_outer = 5.134754163210e+00
eta_h = 2.277252931160e-02
eta_y min/max = 1.914893174085e-02, 1.000000000000e+00

===== Evaluating baseline mixing-length case =====
Baseline dir: /homes/aiskhak/projects/GP/1_mixing_length/5963/1
Using VPP file: /homes/aiskhak/projects/GP/1_mixing_length/5963/1/tamu_2d_fv_csv_vpp_0030.csv
VPP columns: ('eddy_viscosity_aux_var', 'id', 'u', 'v', 'x', 'y', 'z')
baseline coordinate check: max |r_base-r_cg| = 5.000444502911705e-12
baseline coordinate check: max |z_base-z_cg| = 5.000444502911705e-12
Baseline MSE for RE=5963, CG=1 = 7.55310184e-03

===== Preparing RE=5963, CG=2, np=4 =====
Reading mapped file: /homes/aiskhak/projects/GP/2_mapped/5963/2/mapped.csv
h_wall = 5.840956861085e-02
L_outer = 5.162529156024e+00
eta_h = 1.131413825386e-02
eta_y min/max = 9.604984814158e-03, 1.000000000000e+00

===== Evaluating baseline mixing-length case =====
Baseline dir: /homes/aiskhak/projects/GP/1_mixing_length/5963/2
Using VPP file: /homes/aiskhak/projects/GP/1_mixing_length/5963/2/tamu_2d_fv_csv_vpp_0032.csv
VPP columns: ('eddy_viscosity_aux_var', 'id', 'u', 'v', 'x', 'y', 'z')
baseline coordinate check: max |r_base-r_cg| = 5.000444502911705e-12
baseline coordinate check: max |z_base-z_cg| = 5.000444502911705e-12
Baseline MSE for RE=5963, CG=2 = 4.33789565e-03

===== Preparing RE=5963, CG=3, np=8 =====
Reading mapped file: /homes/aiskhak/projects/GP/2_mapped/5963/3/mapped.csv
h_wall = 2.920598672452e-02
L_outer = 5.165356380906e+00
eta_h = 5.654205551524e-03
eta_y min/max = 4.820015672100e-03, 1.000000000000e+00

===== Evaluating baseline mixing-length case =====
Baseline dir: /homes/aiskhak/projects/GP/1_mixing_length/5963/3
Using VPP file: /homes/aiskhak/projects/GP/1_mixing_length/5963/3/tamu_2d_fv_csv_vpp_0035.csv
VPP columns: ('eddy_viscosity_aux_var', 'id', 'u', 'v', 'x', 'y', 'z')
baseline coordinate check: max |r_base-r_cg| = 5.000444502911705e-12
baseline coordinate check: max |z_base-z_cg| = 5.000444502911705e-12
Baseline MSE for RE=5963, CG=3 = 2.62804915e-03

===== Preparing RE=5963, CG=4, np=12 =====
Reading mapped file: /homes/aiskhak/projects/GP/2_mapped/5963/4/mapped.csv
h_wall = 1.460326482625e-02
L_outer = 5.177364498584e+00
eta_h = 2.820598169251e-03
eta_y min/max = 2.409401404074e-03, 1.000000000000e+00

===== Evaluating baseline mixing-length case =====
Baseline dir: /homes/aiskhak/projects/GP/1_mixing_length/5963/4
Using VPP file: /homes/aiskhak/projects/GP/1_mixing_length/5963/4/tamu_2d_fv_csv_vpp_0036.csv
VPP columns: ('eddy_viscosity_aux_var', 'id', 'u', 'v', 'x', 'y', 'z')
baseline coordinate check: max |r_base-r_cg| = 5.000444502911705e-12
baseline coordinate check: max |z_base-z_cg| = 5.000444502911705e-12
Baseline MSE for RE=5963, CG=4 = 2.84659328e-03

===== Preparing RE=7912, CG=1, np=4 =====
Reading mapped file: /homes/aiskhak/projects/GP/2_mapped/7912/1/mapped.csv
h_wall = 1.169313396896e-01
L_outer = 5.134754163210e+00
eta_h = 2.277252931160e-02
eta_y min/max = 1.914893174085e-02, 1.000000000000e+00

===== Evaluating baseline mixing-length case =====
Baseline dir: /homes/aiskhak/projects/GP/1_mixing_length/7912/1
Using VPP file: /homes/aiskhak/projects/GP/1_mixing_length/7912/1/tamu_2d_fv_csv_vpp_0030.csv
VPP columns: ('eddy_viscosity_aux_var', 'id', 'u', 'v', 'x', 'y', 'z')
baseline coordinate check: max |r_base-r_cg| = 5.000444502911705e-12
baseline coordinate check: max |z_base-z_cg| = 5.000444502911705e-12
Baseline MSE for RE=7912, CG=1 = 7.55714021e-03

===== Preparing RE=7912, CG=2, np=4 =====
Reading mapped file: /homes/aiskhak/projects/GP/2_mapped/7912/2/mapped.csv
h_wall = 5.840956861085e-02
L_outer = 5.162529156024e+00
eta_h = 1.131413825386e-02
eta_y min/max = 9.604984814158e-03, 1.000000000000e+00

===== Evaluating baseline mixing-length case =====
Baseline dir: /homes/aiskhak/projects/GP/1_mixing_length/7912/2
Using VPP file: /homes/aiskhak/projects/GP/1_mixing_length/7912/2/tamu_2d_fv_csv_vpp_0033.csv
VPP columns: ('eddy_viscosity_aux_var', 'id', 'u', 'v', 'x', 'y', 'z')
baseline coordinate check: max |r_base-r_cg| = 5.000444502911705e-12
baseline coordinate check: max |z_base-z_cg| = 5.000444502911705e-12
Baseline MSE for RE=7912, CG=2 = 4.28378905e-03

===== Preparing RE=7912, CG=3, np=8 =====
Reading mapped file: /homes/aiskhak/projects/GP/2_mapped/7912/3/mapped.csv
h_wall = 2.920598672452e-02
L_outer = 5.165356380906e+00
eta_h = 5.654205551524e-03
eta_y min/max = 4.820015672100e-03, 1.000000000000e+00

===== Evaluating baseline mixing-length case =====
Baseline dir: /homes/aiskhak/projects/GP/1_mixing_length/7912/3
Using VPP file: /homes/aiskhak/projects/GP/1_mixing_length/7912/3/tamu_2d_fv_csv_vpp_0037.csv
VPP columns: ('eddy_viscosity_aux_var', 'id', 'u', 'v', 'x', 'y', 'z')
baseline coordinate check: max |r_base-r_cg| = 5.000444502911705e-12
baseline coordinate check: max |z_base-z_cg| = 5.000444502911705e-12
Baseline MSE for RE=7912, CG=3 = 2.46782141e-03

===== Preparing RE=7912, CG=4, np=12 =====
Reading mapped file: /homes/aiskhak/projects/GP/2_mapped/7912/4/mapped.csv
h_wall = 1.460326482625e-02
L_outer = 5.177364498584e+00
eta_h = 2.820598169251e-03
eta_y min/max = 2.409401404074e-03, 1.000000000000e+00

===== Evaluating baseline mixing-length case =====
Baseline dir: /homes/aiskhak/projects/GP/1_mixing_length/7912/4
Using VPP file: /homes/aiskhak/projects/GP/1_mixing_length/7912/4/tamu_2d_fv_csv_vpp_0038.csv
VPP columns: ('eddy_viscosity_aux_var', 'id', 'u', 'v', 'x', 'y', 'z')
baseline coordinate check: max |r_base-r_cg| = 5.000444502911705e-12
baseline coordinate check: max |z_base-z_cg| = 5.000444502911705e-12
Baseline MSE for RE=7912, CG=4 = 2.73073401e-03

===== Preparing RE=9000, CG=1, np=4 =====
Reading mapped file: /homes/aiskhak/projects/GP/2_mapped/9000/1/mapped.csv
h_wall = 1.169313396896e-01
L_outer = 5.134754163210e+00
eta_h = 2.277252931160e-02
eta_y min/max = 1.914893174085e-02, 1.000000000000e+00

===== Evaluating baseline mixing-length case =====
Baseline dir: /homes/aiskhak/projects/GP/1_mixing_length/9000/1
Using VPP file: /homes/aiskhak/projects/GP/1_mixing_length/9000/1/tamu_2d_fv_csv_vpp_0030.csv
VPP columns: ('eddy_viscosity_aux_var', 'id', 'u', 'v', 'x', 'y', 'z')
baseline coordinate check: max |r_base-r_cg| = 5.000444502911705e-12
baseline coordinate check: max |z_base-z_cg| = 5.000444502911705e-12
Baseline MSE for RE=9000, CG=1 = 7.24175566e-03

===== Preparing RE=9000, CG=2, np=4 =====
Reading mapped file: /homes/aiskhak/projects/GP/2_mapped/9000/2/mapped.csv
h_wall = 5.840956861085e-02
L_outer = 5.162529156024e+00
eta_h = 1.131413825386e-02
eta_y min/max = 9.604984814158e-03, 1.000000000000e+00

===== Evaluating baseline mixing-length case =====
Baseline dir: /homes/aiskhak/projects/GP/1_mixing_length/9000/2
Using VPP file: /homes/aiskhak/projects/GP/1_mixing_length/9000/2/tamu_2d_fv_csv_vpp_0033.csv
VPP columns: ('eddy_viscosity_aux_var', 'id', 'u', 'v', 'x', 'y', 'z')
baseline coordinate check: max |r_base-r_cg| = 5.000444502911705e-12
baseline coordinate check: max |z_base-z_cg| = 5.000444502911705e-12
Baseline MSE for RE=9000, CG=2 = 3.92657284e-03

===== Preparing RE=9000, CG=3, np=8 =====
Reading mapped file: /homes/aiskhak/projects/GP/2_mapped/9000/3/mapped.csv
h_wall = 2.920598672452e-02
L_outer = 5.165356380906e+00
eta_h = 5.654205551524e-03
eta_y min/max = 4.820015672100e-03, 1.000000000000e+00

===== Evaluating baseline mixing-length case =====
Baseline dir: /homes/aiskhak/projects/GP/1_mixing_length/9000/3
Using VPP file: /homes/aiskhak/projects/GP/1_mixing_length/9000/3/tamu_2d_fv_csv_vpp_0038.csv
VPP columns: ('eddy_viscosity_aux_var', 'id', 'u', 'v', 'x', 'y', 'z')
baseline coordinate check: max |r_base-r_cg| = 5.000444502911705e-12
baseline coordinate check: max |z_base-z_cg| = 5.000444502911705e-12
Baseline MSE for RE=9000, CG=3 = 2.08288462e-03

===== Preparing RE=9000, CG=4, np=12 =====
Reading mapped file: /homes/aiskhak/projects/GP/2_mapped/9000/4/mapped.csv
h_wall = 1.460326482625e-02
L_outer = 5.177364498584e+00
eta_h = 2.820598169251e-03
eta_y min/max = 2.409401404074e-03, 1.000000000000e+00

===== Evaluating baseline mixing-length case =====
Baseline dir: /homes/aiskhak/projects/GP/1_mixing_length/9000/4
Using VPP file: /homes/aiskhak/projects/GP/1_mixing_length/9000/4/tamu_2d_fv_csv_vpp_0039.csv
VPP columns: ('eddy_viscosity_aux_var', 'id', 'u', 'v', 'x', 'y', 'z')
baseline coordinate check: max |r_base-r_cg| = 5.000444502911705e-12
baseline coordinate check: max |z_base-z_cg| = 5.000444502911705e-12
Baseline MSE for RE=9000, CG=4 = 2.30045970e-03

===== Preparing RE=10622, CG=1, np=4 =====
Reading mapped file: /homes/aiskhak/projects/GP/2_mapped/10622/1/mapped.csv
h_wall = 1.169313396896e-01
L_outer = 5.134754163210e+00
eta_h = 2.277252931160e-02
eta_y min/max = 1.914893174085e-02, 1.000000000000e+00

===== Evaluating baseline mixing-length case =====
Baseline dir: /homes/aiskhak/projects/GP/1_mixing_length/10622/1
Using VPP file: /homes/aiskhak/projects/GP/1_mixing_length/10622/1/tamu_2d_fv_csv_vpp_0030.csv
VPP columns: ('eddy_viscosity_aux_var', 'id', 'u', 'v', 'x', 'y', 'z')
baseline coordinate check: max |r_base-r_cg| = 5.000444502911705e-12
baseline coordinate check: max |z_base-z_cg| = 5.000444502911705e-12
Baseline MSE for RE=10622, CG=1 = 6.96248182e-03

===== Preparing RE=10622, CG=2, np=4 =====
Reading mapped file: /homes/aiskhak/projects/GP/2_mapped/10622/2/mapped.csv
h_wall = 5.840956861085e-02
L_outer = 5.162529156024e+00
eta_h = 1.131413825386e-02
eta_y min/max = 9.604984814158e-03, 1.000000000000e+00

===== Evaluating baseline mixing-length case =====
Baseline dir: /homes/aiskhak/projects/GP/1_mixing_length/10622/2
Using VPP file: /homes/aiskhak/projects/GP/1_mixing_length/10622/2/tamu_2d_fv_csv_vpp_0033.csv
VPP columns: ('eddy_viscosity_aux_var', 'id', 'u', 'v', 'x', 'y', 'z')
baseline coordinate check: max |r_base-r_cg| = 5.000444502911705e-12
baseline coordinate check: max |z_base-z_cg| = 5.000444502911705e-12
Baseline MSE for RE=10622, CG=2 = 3.71552235e-03

===== Preparing RE=10622, CG=3, np=8 =====
Reading mapped file: /homes/aiskhak/projects/GP/2_mapped/10622/3/mapped.csv
h_wall = 2.920598672452e-02
L_outer = 5.165356380906e+00
eta_h = 5.654205551524e-03
eta_y min/max = 4.820015672100e-03, 1.000000000000e+00

===== Evaluating baseline mixing-length case =====
Baseline dir: /homes/aiskhak/projects/GP/1_mixing_length/10622/3
Using VPP file: /homes/aiskhak/projects/GP/1_mixing_length/10622/3/tamu_2d_fv_csv_vpp_0038.csv
VPP columns: ('eddy_viscosity_aux_var', 'id', 'u', 'v', 'x', 'y', 'z')
baseline coordinate check: max |r_base-r_cg| = 5.000444502911705e-12
baseline coordinate check: max |z_base-z_cg| = 5.000444502911705e-12
Baseline MSE for RE=10622, CG=3 = 1.98847837e-03

===== Preparing RE=10622, CG=4, np=12 =====
Reading mapped file: /homes/aiskhak/projects/GP/2_mapped/10622/4/mapped.csv
h_wall = 1.460326482625e-02
L_outer = 5.177364498584e+00
eta_h = 2.820598169251e-03
eta_y min/max = 2.409401404074e-03, 1.000000000000e+00

===== Evaluating baseline mixing-length case =====
Baseline dir: /homes/aiskhak/projects/GP/1_mixing_length/10622/4
Using VPP file: /homes/aiskhak/projects/GP/1_mixing_length/10622/4/tamu_2d_fv_csv_vpp_0040.csv
VPP columns: ('eddy_viscosity_aux_var', 'id', 'u', 'v', 'x', 'y', 'z')
baseline coordinate check: max |r_base-r_cg| = 5.000444502911705e-12
baseline coordinate check: max |z_base-z_cg| = 5.000444502911705e-12
Baseline MSE for RE=10622, CG=4 = 2.28847035e-03

===== Preparing RE=12819, CG=1, np=4 =====
Reading mapped file: /homes/aiskhak/projects/GP/2_mapped/12819/1/mapped.csv
h_wall = 1.169313396896e-01
L_outer = 5.134754163210e+00
eta_h = 2.277252931160e-02
eta_y min/max = 1.914893174085e-02, 1.000000000000e+00

===== Evaluating baseline mixing-length case =====
Baseline dir: /homes/aiskhak/projects/GP/1_mixing_length/12819/1
Using VPP file: /homes/aiskhak/projects/GP/1_mixing_length/12819/1/tamu_2d_fv_csv_vpp_0031.csv
VPP columns: ('eddy_viscosity_aux_var', 'id', 'u', 'v', 'x', 'y', 'z')
baseline coordinate check: max |r_base-r_cg| = 5.000444502911705e-12
baseline coordinate check: max |z_base-z_cg| = 5.000444502911705e-12
Baseline MSE for RE=12819, CG=1 = 6.31434025e-03

===== Preparing RE=12819, CG=2, np=4 =====
Reading mapped file: /homes/aiskhak/projects/GP/2_mapped/12819/2/mapped.csv
h_wall = 5.840956861085e-02
L_outer = 5.162529156024e+00
eta_h = 1.131413825386e-02
eta_y min/max = 9.604984814158e-03, 1.000000000000e+00

===== Evaluating baseline mixing-length case =====
Baseline dir: /homes/aiskhak/projects/GP/1_mixing_length/12819/2
Using VPP file: /homes/aiskhak/projects/GP/1_mixing_length/12819/2/tamu_2d_fv_csv_vpp_0033.csv
VPP columns: ('eddy_viscosity_aux_var', 'id', 'u', 'v', 'x', 'y', 'z')
baseline coordinate check: max |r_base-r_cg| = 5.000444502911705e-12
baseline coordinate check: max |z_base-z_cg| = 5.000444502911705e-12
Baseline MSE for RE=12819, CG=2 = 3.13653569e-03

===== Preparing RE=12819, CG=3, np=8 =====
Reading mapped file: /homes/aiskhak/projects/GP/2_mapped/12819/3/mapped.csv
h_wall = 2.920598672452e-02
L_outer = 5.165356380906e+00
eta_h = 5.654205551524e-03
eta_y min/max = 4.820015672100e-03, 1.000000000000e+00

===== Evaluating baseline mixing-length case =====
Baseline dir: /homes/aiskhak/projects/GP/1_mixing_length/12819/3
Using VPP file: /homes/aiskhak/projects/GP/1_mixing_length/12819/3/tamu_2d_fv_csv_vpp_0040.csv
VPP columns: ('eddy_viscosity_aux_var', 'id', 'u', 'v', 'x', 'y', 'z')
baseline coordinate check: max |r_base-r_cg| = 5.000444502911705e-12
baseline coordinate check: max |z_base-z_cg| = 5.000444502911705e-12
Baseline MSE for RE=12819, CG=3 = 1.62718497e-03

===== Preparing RE=12819, CG=4, np=12 =====
Reading mapped file: /homes/aiskhak/projects/GP/2_mapped/12819/4/mapped.csv
h_wall = 1.460326482625e-02
L_outer = 5.177364498584e+00
eta_h = 2.820598169251e-03
eta_y min/max = 2.409401404074e-03, 1.000000000000e+00

===== Evaluating baseline mixing-length case =====
Baseline dir: /homes/aiskhak/projects/GP/1_mixing_length/12819/4
Using VPP file: /homes/aiskhak/projects/GP/1_mixing_length/12819/4/tamu_2d_fv_csv_vpp_0050.csv
VPP columns: ('eddy_viscosity_aux_var', 'id', 'u', 'v', 'x', 'y', 'z')
baseline coordinate check: max |r_base-r_cg| = 5.000444502911705e-12
baseline coordinate check: max |z_base-z_cg| = 5.000444502911705e-12
Baseline MSE for RE=12819, CG=4 = 1.86556487e-03

===== Preparing RE=14000, CG=1, np=4 =====
Reading mapped file: /homes/aiskhak/projects/GP/2_mapped/14000/1/mapped.csv
h_wall = 1.169313396896e-01
L_outer = 5.134754163210e+00
eta_h = 2.277252931160e-02
eta_y min/max = 1.914893174085e-02, 1.000000000000e+00

===== Evaluating baseline mixing-length case =====
Baseline dir: /homes/aiskhak/projects/GP/1_mixing_length/14000/1
Using VPP file: /homes/aiskhak/projects/GP/1_mixing_length/14000/1/tamu_2d_fv_csv_vpp_0030.csv
VPP columns: ('eddy_viscosity_aux_var', 'id', 'u', 'v', 'x', 'y', 'z')
baseline coordinate check: max |r_base-r_cg| = 5.000444502911705e-12
baseline coordinate check: max |z_base-z_cg| = 5.000444502911705e-12
Baseline MSE for RE=14000, CG=1 = 6.79378205e-03

===== Preparing RE=14000, CG=2, np=4 =====
Reading mapped file: /homes/aiskhak/projects/GP/2_mapped/14000/2/mapped.csv
h_wall = 5.840956861085e-02
L_outer = 5.162529156024e+00
eta_h = 1.131413825386e-02
eta_y min/max = 9.604984814158e-03, 1.000000000000e+00

===== Evaluating baseline mixing-length case =====
Baseline dir: /homes/aiskhak/projects/GP/1_mixing_length/14000/2
Using VPP file: /homes/aiskhak/projects/GP/1_mixing_length/14000/2/tamu_2d_fv_csv_vpp_0034.csv
VPP columns: ('eddy_viscosity_aux_var', 'id', 'u', 'v', 'x', 'y', 'z')
baseline coordinate check: max |r_base-r_cg| = 5.000444502911705e-12
baseline coordinate check: max |z_base-z_cg| = 5.000444502911705e-12
Baseline MSE for RE=14000, CG=2 = 3.41788884e-03

===== Preparing RE=14000, CG=3, np=8 =====
Reading mapped file: /homes/aiskhak/projects/GP/2_mapped/14000/3/mapped.csv
h_wall = 2.920598672452e-02
L_outer = 5.165356380906e+00
eta_h = 5.654205551524e-03
eta_y min/max = 4.820015672100e-03, 1.000000000000e+00

===== Evaluating baseline mixing-length case =====
Baseline dir: /homes/aiskhak/projects/GP/1_mixing_length/14000/3
Using VPP file: /homes/aiskhak/projects/GP/1_mixing_length/14000/3/tamu_2d_fv_csv_vpp_0040.csv
VPP columns: ('eddy_viscosity_aux_var', 'id', 'u', 'v', 'x', 'y', 'z')
baseline coordinate check: max |r_base-r_cg| = 5.000444502911705e-12
baseline coordinate check: max |z_base-z_cg| = 5.000444502911705e-12
Baseline MSE for RE=14000, CG=3 = 1.69085009e-03

===== Preparing RE=14000, CG=4, np=12 =====
Reading mapped file: /homes/aiskhak/projects/GP/2_mapped/14000/4/mapped.csv
h_wall = 1.460326482625e-02
L_outer = 5.177364498584e+00
eta_h = 2.820598169251e-03
eta_y min/max = 2.409401404074e-03, 1.000000000000e+00

===== Evaluating baseline mixing-length case =====
Baseline dir: /homes/aiskhak/projects/GP/1_mixing_length/14000/4
Using VPP file: /homes/aiskhak/projects/GP/1_mixing_length/14000/4/tamu_2d_fv_csv_vpp_0051.csv
VPP columns: ('eddy_viscosity_aux_var', 'id', 'u', 'v', 'x', 'y', 'z')
baseline coordinate check: max |r_base-r_cg| = 5.000444502911705e-12
baseline coordinate check: max |z_base-z_cg| = 5.000444502911705e-12
Baseline MSE for RE=14000, CG=4 = 1.88404248e-03

===== Stage 1: refinement around best screen region =====
Running candidate chunk: 1
Number of refinement candidates in this chunk: 45

===== Evaluating 45 candidates for stage refine_train on 24 cases =====

===== Candidate batch 0..7 =====

===== Stage refine_train, candidate batch starting 0, case batch 1/18 =====
Running 16 tasks with 64 MPI ranks

===== Linear candidate local_id=000, RE=3000, CG=1 =====
raw = -1.1*eta_h + -5.2*eta_y + -0.2
raw min/max = -5.425049782242759 -0.32462422729518536
C_eff min/max = 0.020502383226409147 0.16020421857332248
lm min/max = 0.01575208891923537 0.10527469762753125

===== Linear candidate local_id=001, RE=3000, CG=1 =====
raw = -1.1*eta_h + -5.2*eta_y + -0.16

===== Linear candidate local_id=000, RE=3000, CG=2 =====
raw = -1.1*eta_h + -5.2*eta_y + -0.2
raw min/max = -5.385049782242759 -0.2846242272951854
C_eff min/max = 0.020502581726674483 0.17871665783432084
lm min/max = 0.01757232556436295 0.10527571687759509
raw min/max = -5.412445552079248 -0.26239147311287087
C_eff min/max = 0.02050244406992696 0.19012067086259807
lm min/max = 0.00942732627488923 0.1058444652807493

===== Linear candidate local_id=001, RE=3000, CG=2 =====
raw = -1.1*eta_h + -5.2*eta_y + -0.16
raw min/max = -5.372445552079248 -0.22239147311287083
C_eff min/max = 0.020502647638101033 0.2128743759805746
lm min/max = 0.010555591818749042 0.10584551620738318

===== Linear candidate local_id=002, RE=3000, CG=1 =====
raw = -1.1*eta_h + -5.2*eta_y + -0.14
raw min/max = -5.3650497822427585 -0.2646242272951854
C_eff min/max = 0.020502687093538797 0.18893707197795515
lm min/max = 0.01857724836736801 0.10527625791054028

===== Linear candidate local_id=002, RE=3000, CG=2 =====

===== Linear candidate local_id=003, RE=3000, CG=1 =====
raw = -1.1*eta_h + -5.2*eta_y + -0.12
raw min/max = -5.345049782242759 -0.24462422729518538
C_eff min/max = 0.02050279676088954 0.19985749395274835
lm min/max = 0.019650999480256365 0.10527682102542607
raw = -1.1*eta_h + -5.2*eta_y + -0.14
raw min/max = -5.3524455520792475 -0.20239147311287087
C_eff min/max = 0.020502755695099555 0.22542594186787346

===== Linear candidate local_id=003, RE=3000, CG=2 =====
raw = -1.1*eta_h + -5.2*eta_y + -0.12
raw min/max = -5.332445552079248 -0.18239147311287085
C_eff min/max = 0.020502868162390782 0.23882725450072914
lm min/max = 0.011842491620185592 0.10584665467045863
lm min/max = 0.011177973942394358 0.10584607405478857
Running case in: /homes/aiskhak/projects/GP/runs/3000/1/cand_001 with fv_app_run.sh
Running case in: /homes/aiskhak/projects/GP/runs/3000/1/cand_000 with fv_app_run.sh

===== Linear candidate local_id=004, RE=3000, CG=1 =====
raw = -1.1*eta_h + -5.2*eta_y + -0.08
raw min/max = -5.305049782242759 -0.20462422729518537
C_eff min/max = 0.020503029706369177 0.2239835250394968
lm min/max = 0.022023192861498467 0.10527801714319744

===== Linear candidate local_id=004, RE=3000, CG=2 =====
raw = -1.1*eta_h + -5.2*eta_y + -0.08
raw min/max = -5.292445552079248 -0.14239147311287084
C_eff min/max = 0.020503107055284988 0.26839242044357386
lm min/max = 0.013308510356864017 0.10584788796199013

===== Linear candidate local_id=005, RE=3000, CG=1 =====
raw = -1.1*eta_h + -5*eta_y + -0.2
Running case in: /homes/aiskhak/projects/GP/runs/3000/2/cand_000 with fv_app_run.sh
raw min/max = -5.225049782242759 -0.32079444094701515
C_eff min/max = 0.020503555423726953 0.16187199499068117

===== Linear candidate local_id=005, RE=3000, CG=2 =====
raw = -1.1*eta_h + -5*eta_y + -0.2
lm min/max = 0.01591607313049766 0.10528071657258894
raw min/max = -5.212445552079248 -0.2604704761500392
C_eff min/max = 0.020503646195090798 0.1911460326380214
lm min/max = 0.009478169878390405 0.1058506712869568

===== Linear candidate local_id=006, RE=3000, CG=1 =====
raw = -1.1*eta_h + -5*eta_y + -0.16
raw min/max = -5.185049782242759 -0.2807944409470151

===== Linear candidate local_id=006, RE=3000, CG=2 =====
raw = -1.1*eta_h + -5*eta_y + -0.16
C_eff min/max = 0.02050385156307379 0.18062162949011754
lm min/max = 0.017759632010959415 0.10528223717533301
raw min/max = -5.172445552079248 -0.22047047615003917

===== Linear candidate local_id=007, RE=3000, CG=1 =====
raw = -1.1*eta_h + -5*eta_y + -0.14
C_eff min/max = 0.02050394989547656 0.21404447170854166
lm min/max = 0.010613612202068495 0.10585223914905299
raw min/max = -5.165049782242758 -0.26079444094701515
C_eff min/max = 0.020504008758582225 0.19097265390363394
lm min/max = 0.01877739707619246 0.1052830443356244
Running case in: /homes/aiskhak/projects/GP/runs/3000/2/cand_001 with fv_app_run.sh

===== Linear candidate local_id=007, RE=3000, CG=2 =====
raw = -1.1*eta_h + -5*eta_y + -0.14
raw min/max = -5.152445552079247 -0.2004704761500392
C_eff min/max = 0.020504111104535875 0.22667542648250727
lm min/max = 0.011239930904171124 0.10585307139552191
Running case in: /homes/aiskhak/projects/GP/runs/3000/1/cand_002 with fv_app_run.sh
Running case in: /homes/aiskhak/projects/GP/runs/3000/1/cand_003 with fv_app_run.sh
Running case in: /homes/aiskhak/projects/GP/runs/3000/1/cand_004 with fv_app_run.sh
Running case in: /homes/aiskhak/projects/GP/runs/3000/1/cand_005 with fv_app_run.sh
Running case in: /homes/aiskhak/projects/GP/runs/3000/2/cand_003 with fv_app_run.sh
Running case in: /homes/aiskhak/projects/GP/runs/3000/1/cand_007 with fv_app_run.sh
Running case in: /homes/aiskhak/projects/GP/runs/3000/2/cand_005 with fv_app_run.sh
Running case in: /homes/aiskhak/projects/GP/runs/3000/1/cand_006 with fv_app_run.sh
Running case in: /homes/aiskhak/projects/GP/runs/3000/2/cand_002 with fv_app_run.sh
Running case in: /homes/aiskhak/projects/GP/runs/3000/2/cand_004 with fv_app_run.sh
Running case in: /homes/aiskhak/projects/GP/runs/3000/2/cand_007 with fv_app_run.sh
Running case in: /homes/aiskhak/projects/GP/runs/3000/2/cand_006 with fv_app_run.sh
Return code = 0
Elapsed: 22.01 sec
Return code = 0
Elapsed: 22.1 sec
has_err = False
has_conv = True
has_ss = False
has_fin = True
has_err = False
has_conv = True
has_ss = False
has_fin = True
Using VPP file: /homes/aiskhak/projects/GP/runs/3000/1/cand_007/tamu_2d_fv_gp_csv_vpp_0002.csv
Using VPP file: /homes/aiskhak/projects/GP/runs/3000/1/cand_003/tamu_2d_fv_gp_csv_vpp_0002.csv
Return code = 0
Elapsed: 23.36 sec
has_err = False
has_conv = True
has_ss = False
has_fin = True
Using VPP file: /homes/aiskhak/projects/GP/runs/3000/1/cand_000/tamu_2d_fv_gp_csv_vpp_0002.csv
VPP columns: ('id', 'u', 'v', 'x', 'y', 'z')
coordinate check: max |r_res-r_cg| = 5.000444502911705e-12
coordinate check: max |z_res-z_cg| = 5.000444502911705e-12
Return code = 0
Elapsed: 23.61 sec
has_err = False
has_conv = True
has_ss = False
has_fin = True
Using VPP file: /homes/aiskhak/projects/GP/runs/3000/1/cand_001/tamu_2d_fv_gp_csv_vpp_0002.csv
VPP columns: ('id', 'u', 'v', 'x', 'y', 'z')
coordinate check: max |r_res-r_cg| = 5.000444502911705e-12
coordinate check: max |z_res-z_cg| = 5.000444502911705e-12
Return code = 0
Elapsed: 22.78 sec
has_err = False
has_conv = True
has_ss = False
has_fin = True
Using VPP file: /homes/aiskhak/projects/GP/runs/3000/1/cand_004/tamu_2d_fv_gp_csv_vpp_0002.csv
VPP columns: ('id', 'u', 'v', 'x', 'y', 'z')
coordinate check: max |r_res-r_cg| = 5.000444502911705e-12
coordinate check: max |z_res-z_cg| = 5.000444502911705e-12
Return code = 0
Elapsed: 22.96 sec
has_err = False
has_conv = True
has_ss = False
has_fin = True
Return code = 0
Elapsed: 22.88 sec
has_err = False
has_conv = True
has_ss = False
has_fin = True
Using VPP file: /homes/aiskhak/projects/GP/runs/3000/1/cand_002/tamu_2d_fv_gp_csv_vpp_0002.csv
Using VPP file: /homes/aiskhak/projects/GP/runs/3000/1/cand_005/tamu_2d_fv_gp_csv_vpp_0002.csv
VPP columns: ('id', 'u', 'v', 'x', 'y', 'z')
coordinate check: max |r_res-r_cg| = 5.000444502911705e-12
coordinate check: max |z_res-z_cg| = 5.000444502911705e-12
VPP columns: ('id', 'u', 'v', 'x', 'y', 'z')
coordinate check: max |r_res-r_cg| = 5.000444502911705e-12
coordinate check: max |z_res-z_cg| = 5.000444502911705e-12
Return code = 0
Elapsed: 22.95 sec
has_err = False
has_conv = True
has_ss = False
has_fin = True
Using VPP file: /homes/aiskhak/projects/GP/runs/3000/1/cand_006/tamu_2d_fv_gp_csv_vpp_0002.csv
VPP columns: ('id', 'u', 'v', 'x', 'y', 'z')
coordinate check: max |r_res-r_cg| = 5.000444502911705e-12
coordinate check: max |z_res-z_cg| = 5.000444502911705e-12
VPP columns: ('id', 'u', 'v', 'x', 'y', 'z')
coordinate check: max |r_res-r_cg| = 5.000444502911705e-12
coordinate check: max |z_res-z_cg| = 5.000444502911705e-12
VPP columns: ('id', 'u', 'v', 'x', 'y', 'z')
coordinate check: max |r_res-r_cg| = 5.000444502911705e-12
coordinate check: max |z_res-z_cg| = 5.000444502911705e-12
Return code = 0
Elapsed: 25.18 sec
has_err = False
has_conv = True
has_ss = False
has_fin = True
Using VPP file: /homes/aiskhak/projects/GP/runs/3000/2/cand_003/tamu_2d_fv_gp_csv_vpp_0002.csv
Return code = 0
Elapsed: 26.34 sec
has_err = False
has_conv = True
has_ss = False
has_fin = True
Return code = 0
Elapsed: 26.36 sec
has_err = False
has_conv = True
has_ss = False
has_fin = True
Return code = 0
Elapsed: 25.17 sec
has_err = False
has_conv = True
has_ss = False
has_fin = True
Using VPP file: /homes/aiskhak/projects/GP/runs/3000/2/cand_001/tamu_2d_fv_gp_csv_vpp_0002.csv
Using VPP file: /homes/aiskhak/projects/GP/runs/3000/2/cand_000/tamu_2d_fv_gp_csv_vpp_0002.csv
Using VPP file: /homes/aiskhak/projects/GP/runs/3000/2/cand_002/tamu_2d_fv_gp_csv_vpp_0002.csv
Return code = 0
Elapsed: 25.12 sec
has_err = False
has_conv = True
has_ss = False
has_fin = True
Using VPP file: /homes/aiskhak/projects/GP/runs/3000/2/cand_004/tamu_2d_fv_gp_csv_vpp_0002.csv
VPP columns: ('id', 'u', 'v', 'x', 'y', 'z')
coordinate check: max |r_res-r_cg| = 5.000444502911705e-12
coordinate check: max |z_res-z_cg| = 5.000444502911705e-12
Return code = 0
Elapsed: 25.27 sec
has_err = False
has_conv = True
has_ss = False
has_fin = True
Using VPP file: /homes/aiskhak/projects/GP/runs/3000/2/cand_005/tamu_2d_fv_gp_csv_vpp_0002.csv
VPP columns: ('id', 'u', 'v', 'x', 'y', 'z')
coordinate check: max |r_res-r_cg| = 5.000444502911705e-12
coordinate check: max |z_res-z_cg| = 5.000444502911705e-12
VPP columns: ('id', 'u', 'v', 'x', 'y', 'z')
coordinate check: max |r_res-r_cg| = 5.000444502911705e-12
coordinate check: max |z_res-z_cg| = 5.000444502911705e-12
VPP columns: ('id', 'u', 'v', 'x', 'y', 'z')
coordinate check: max |r_res-r_cg| = 5.000444502911705e-12
coordinate check: max |z_res-z_cg| = 5.000444502911705e-12
VPP columns: ('id', 'u', 'v', 'x', 'y', 'z')
coordinate check: max |r_res-r_cg| = 5.000444502911705e-12
coordinate check: max |z_res-z_cg| = 5.000444502911705e-12
VPP columns: ('id', 'u', 'v', 'x', 'y', 'z')
coordinate check: max |r_res-r_cg| = 5.000444502911705e-12
coordinate check: max |z_res-z_cg| = 5.000444502911705e-12
Return code = 0
Elapsed: 25.81 sec
has_err = False
has_conv = True
has_ss = False
has_fin = True
Using VPP file: /homes/aiskhak/projects/GP/runs/3000/2/cand_007/tamu_2d_fv_gp_csv_vpp_0002.csv
VPP columns: ('id', 'u', 'v', 'x', 'y', 'z')
coordinate check: max |r_res-r_cg| = 5.000444502911705e-12
coordinate check: max |z_res-z_cg| = 5.000444502911705e-12
Return code = 0
Elapsed: 26.31 sec
has_err = False
has_conv = True
has_ss = False
has_fin = True
Using VPP file: /homes/aiskhak/projects/GP/runs/3000/2/cand_006/tamu_2d_fv_gp_csv_vpp_0002.csv
VPP columns: ('id', 'u', 'v', 'x', 'y', 'z')
coordinate check: max |r_res-r_cg| = 5.000444502911705e-12
coordinate check: max |z_res-z_cg| = 5.000444502911705e-12

===== LIVE CHECKPOINT =====
Chunk 1, stage refine_train, candidate batch starting 0, case batch 1/18
Completed result rows: 16
Current best partial candidates:
  n_cases=  2, mean=0.69647463, raw = -1.1*eta_h + -5.2*eta_y + -0.2
  n_cases=  2, mean=0.69772461, raw = -1.1*eta_h + -5*eta_y + -0.2
  n_cases=  2, mean=0.70171040, raw = -1.1*eta_h + -5.2*eta_y + -0.16
  n_cases=  2, mean=0.70385425, raw = -1.1*eta_h + -5*eta_y + -0.16
  n_cases=  2, mean=0.70518402, raw = -1.1*eta_h + -5.2*eta_y + -0.14
Checkpoint details: /homes/aiskhak/projects/GP/linear_results_linear_refine_best_screen_C1etaH_C2etaY_C3_CeffMin005_chunk1/linear_refine_best_screen_C1etaH_C2etaY_C3_CeffMin005_chunk1_refine_train_details_checkpoint.csv
Checkpoint summary: /homes/aiskhak/projects/GP/linear_results_linear_refine_best_screen_C1etaH_C2etaY_C3_CeffMin005_chunk1/linear_refine_best_screen_C1etaH_C2etaY_C3_CeffMin005_chunk1_refine_train_summary_checkpoint.csv
===========================


===== Stage refine_train, candidate batch starting 0, case batch 2/18 =====
Running 8 tasks with 64 MPI ranks

===== Linear candidate local_id=000, RE=3000, CG=3 =====
raw = -1.1*eta_h + -5.2*eta_y + -0.2
raw min/max = -5.406219626106677 -0.23128370760159772
C_eff min/max = 0.020502474694618866 0.20755339163998235
lm min/max = 0.005167477278830445 0.10590258848821335

===== Linear candidate local_id=001, RE=3000, CG=3 =====
raw = -1.1*eta_h + -5.2*eta_y + -0.16
raw min/max = -5.366219626106677 -0.19128370760159774
C_eff min/max = 0.02050268081365454 0.23276063245141507
lm min/max = 0.005795064441467751 0.10590365316648949

===== Linear candidate local_id=002, RE=3000, CG=3 =====
raw = -1.1*eta_h + -5.2*eta_y + -0.14

===== Linear candidate local_id=003, RE=3000, CG=3 =====
raw = -1.1*eta_h + -5.2*eta_y + -0.12
raw min/max = -5.346219626106676 -0.17128370760159772
C_eff min/max = 0.020502790224695065 0.24665653539803825
lm min/max = 0.006141032108765922 0.10590421831350581
raw min/max = -5.326219626106677 -0.1512837076015977
C_eff min/max = 0.020502904101297976 0.26148522506808186
lm min/max = 0.006510223459190556 0.1059048065267433

===== Linear candidate local_id=004, RE=3000, CG=3 =====
raw = -1.1*eta_h + -5.2*eta_y + -0.08
raw min/max = -5.286219626106677 -0.11128370760159773
C_eff min/max = 0.02050314598774248 0.29416780393848524
lm min/max = 0.00732392485135735 0.10590605595643286

===== Linear candidate local_id=005, RE=3000, CG=3 =====
raw = -1.1*eta_h + -5*eta_y + -0.2
raw min/max = -5.206219626106677 -0.2303197044671777
C_eff min/max = 0.020503691883558238 0.2081227348371384
lm min/max = 0.005181652272608739 0.10590887570286811

===== Linear candidate local_id=006, RE=3000, CG=3 =====
raw = -1.1*eta_h + -5*eta_y + -0.16
raw min/max = -5.166219626106677 -0.19031970446717766
C_eff min/max = 0.020503999389693932 0.23340983510787572
lm min/max = 0.005811227704087115 0.10591046408164828

===== Linear candidate local_id=007, RE=3000, CG=3 =====
raw = -1.1*eta_h + -5*eta_y + -0.14
raw min/max = -5.146219626106676 -0.1703197044671777
C_eff min/max = 0.02050416261892207 0.24734944199332604
lm min/max = 0.006158283472664191 0.10591130721878339
Running case in: /homes/aiskhak/projects/GP/runs/3000/3/cand_001 with fv_app_run.sh
Running case in: /homes/aiskhak/projects/GP/runs/3000/3/cand_000 with fv_app_run.sh
Running case in: /homes/aiskhak/projects/GP/runs/3000/3/cand_002 with fv_app_run.sh
Running case in: /homes/aiskhak/projects/GP/runs/3000/3/cand_004 with fv_app_run.sh
Running case in: /homes/aiskhak/projects/GP/runs/3000/3/cand_005 with fv_app_run.sh
Running case in: /homes/aiskhak/projects/GP/runs/3000/3/cand_003 with fv_app_run.sh
Running case in: /homes/aiskhak/projects/GP/runs/3000/3/cand_006 with fv_app_run.sh
Running case in: /homes/aiskhak/projects/GP/runs/3000/3/cand_007 with fv_app_run.sh
Return code = 0
Elapsed: 22.98 sec
Return code = 0
Elapsed: 22.88 sec
has_err = False
has_conv = True
has_ss = False
has_fin = True
has_err = False
has_conv = True
has_ss = False
has_fin = True
Using VPP file: /homes/aiskhak/projects/GP/runs/3000/3/cand_001/tamu_2d_fv_gp_csv_vpp_0002.csv
Using VPP file: /homes/aiskhak/projects/GP/runs/3000/3/cand_005/tamu_2d_fv_gp_csv_vpp_0002.csv
VPP columns: ('id', 'u', 'v', 'x', 'y', 'z')
coordinate check: max |r_res-r_cg| = 5.000444502911705e-12
coordinate check: max |z_res-z_cg| = 5.000444502911705e-12
VPP columns: ('id', 'u', 'v', 'x', 'y', 'z')
coordinate check: max |r_res-r_cg| = 5.000444502911705e-12
coordinate check: max |z_res-z_cg| = 5.000444502911705e-12
Return code = 0
Elapsed: 23.68 sec
has_err = False
has_conv = True
has_ss = False
has_fin = True
Using VPP file: /homes/aiskhak/projects/GP/runs/3000/3/cand_000/tamu_2d_fv_gp_csv_vpp_0002.csv
Return code = 0
Elapsed: 23.84 sec
has_err = False
has_conv = True
has_ss = False
has_fin = True
Using VPP file: /homes/aiskhak/projects/GP/runs/3000/3/cand_007/tamu_2d_fv_gp_csv_vpp_0002.csv
Return code = 0
Elapsed: 24.17 sec
has_err = False
has_conv = True
has_ss = False
has_fin = True
Using VPP file: /homes/aiskhak/projects/GP/runs/3000/3/cand_004/tamu_2d_fv_gp_csv_vpp_0002.csv
Return code = 0
Elapsed: 24.22 sec
has_err = False
has_conv = True
has_ss = False
has_fin = True
Using VPP file: /homes/aiskhak/projects/GP/runs/3000/3/cand_003/tamu_2d_fv_gp_csv_vpp_0002.csv
VPP columns: ('id', 'u', 'v', 'x', 'y', 'z')
coordinate check: max |r_res-r_cg| = 5.000444502911705e-12
coordinate check: max |z_res-z_cg| = 5.000444502911705e-12
VPP columns: ('id', 'u', 'v', 'x', 'y', 'z')
coordinate check: max |r_res-r_cg| = 5.000444502911705e-12
coordinate check: max |z_res-z_cg| = 5.000444502911705e-12
VPP columns: ('id', 'u', 'v', 'x', 'y', 'z')
coordinate check: max |r_res-r_cg| = 5.000444502911705e-12
coordinate check: max |z_res-z_cg| = 5.000444502911705e-12
VPP columns: ('id', 'u', 'v', 'x', 'y', 'z')
coordinate check: max |r_res-r_cg| = 5.000444502911705e-12
coordinate check: max |z_res-z_cg| = 5.000444502911705e-12
Return code = 0
Elapsed: 24.61 sec
has_err = False
has_conv = True
has_ss = False
has_fin = True
Using VPP file: /homes/aiskhak/projects/GP/runs/3000/3/cand_006/tamu_2d_fv_gp_csv_vpp_0002.csv
Return code = 0
Elapsed: 26.63 sec
has_err = False
has_conv = True
has_ss = False
has_fin = True
Using VPP file: /homes/aiskhak/projects/GP/runs/3000/3/cand_002/tamu_2d_fv_gp_csv_vpp_0002.csv
VPP columns: ('id', 'u', 'v', 'x', 'y', 'z')
coordinate check: max |r_res-r_cg| = 5.000444502911705e-12
coordinate check: max |z_res-z_cg| = 5.000444502911705e-12
VPP columns: ('id', 'u', 'v', 'x', 'y', 'z')
coordinate check: max |r_res-r_cg| = 5.000444502911705e-12
coordinate check: max |z_res-z_cg| = 5.000444502911705e-12

===== LIVE CHECKPOINT =====
Chunk 1, stage refine_train, candidate batch starting 0, case batch 2/18
Completed result rows: 24
Current best partial candidates:
  n_cases=  3, mean=0.70589719, raw = -1.1*eta_h + -5.2*eta_y + -0.2
  n_cases=  3, mean=0.70633728, raw = -1.1*eta_h + -5*eta_y + -0.2
  n_cases=  3, mean=0.71015710, raw = -1.1*eta_h + -5.2*eta_y + -0.16
  n_cases=  3, mean=0.71163659, raw = -1.1*eta_h + -5*eta_y + -0.16
  n_cases=  3, mean=0.71337391, raw = -1.1*eta_h + -5.2*eta_y + -0.14
Checkpoint details: /homes/aiskhak/projects/GP/linear_results_linear_refine_best_screen_C1etaH_C2etaY_C3_CeffMin005_chunk1/linear_refine_best_screen_C1etaH_C2etaY_C3_CeffMin005_chunk1_refine_train_details_checkpoint.csv
Checkpoint summary: /homes/aiskhak/projects/GP/linear_results_linear_refine_best_screen_C1etaH_C2etaY_C3_CeffMin005_chunk1/linear_refine_best_screen_C1etaH_C2etaY_C3_CeffMin005_chunk1_refine_train_summary_checkpoint.csv
===========================


===== Stage refine_train, candidate batch starting 0, case batch 3/18 =====
Running 8 tasks with 96 MPI ranks

===== Linear candidate local_id=000, RE=3000, CG=4 =====
raw = -1.1*eta_h + -5.2*eta_y + -0.2
raw min/max = -5.403102657986176 -0.2156315452873594
C_eff min/max = 0.020502490170519277 0.21702487078904178
lm min/max = 0.0027072440433366122 0.10614886474141393

===== Linear candidate local_id=001, RE=3000, CG=4 =====
raw = -1.1*eta_h + -5.2*eta_y + -0.16
raw min/max = -5.363102657986176 -0.1756315452873594
C_eff min/max = 0.020502697578609935 0.2435582283632417
lm min/max = 0.0030382304136144104 0.10614993856869921

===== Linear candidate local_id=002, RE=3000, CG=4 =====
raw = -1.1*eta_h + -5.2*eta_y + -0.14
raw min/max = -5.343102657986176 -0.1556315452873594
C_eff min/max = 0.020502807673903507 0.2581794325236725
lm min/max = 0.0032206204213855076 0.10615050857216361

===== Linear candidate local_id=003, RE=3000, CG=4 =====
raw = -1.1*eta_h + -5.2*eta_y + -0.12
raw min/max = -5.323102657986176 -0.13563154528735938
C_eff min/max = 0.020502922262689533 0.2737772121426682
lm min/max = 0.003415192572537022 0.10615110184007633

===== Linear candidate local_id=004, RE=3000, CG=4 =====
raw = -1.1*eta_h + -5.2*eta_y + -0.08
raw min/max = -5.283102657986176 -0.09563154528735937
C_eff min/max = 0.020503165661898196 0.30813586748713484
lm min/max = 0.003843794440517306 0.10615236200649823

===== Linear candidate local_id=005, RE=3000, CG=4 =====
raw = -1.1*eta_h + -5*eta_y + -0.2
raw min/max = -5.203102657986176 -0.21514966500654464
C_eff min/max = 0.020503714971804636 0.21732427414832844
lm min/max = 0.002710978905419639 0.10615520598410656

===== Linear candidate local_id=006, RE=3000, CG=4 =====
raw = -1.1*eta_h + -5*eta_y + -0.16
raw min/max = -5.163102657986176 -0.17514966500654464
C_eff min/max = 0.02050402440114334 0.24389946624638953
lm min/max = 0.003042487134160558 0.10615680801257958

===== Linear candidate local_id=007, RE=3000, CG=4 =====
raw = -1.1*eta_h + -5*eta_y + -0.14
raw min/max = -5.143102657986176 -0.15514966500654465
C_eff min/max = 0.02050418865124657 0.2585435363120537
lm min/max = 0.003225162379220421 0.10615765839523293
Running case in: /homes/aiskhak/projects/GP/runs/3000/4/cand_000 with fv_app_run.sh
Running case in: /homes/aiskhak/projects/GP/runs/3000/4/cand_001 with fv_app_run.sh
Running case in: /homes/aiskhak/projects/GP/runs/3000/4/cand_002 with fv_app_run.sh
Running case in: /homes/aiskhak/projects/GP/runs/3000/4/cand_003 with fv_app_run.sh
Running case in: /homes/aiskhak/projects/GP/runs/3000/4/cand_004 with fv_app_run.sh
Running case in: /homes/aiskhak/projects/GP/runs/3000/4/cand_005 with fv_app_run.sh
Running case in: /homes/aiskhak/projects/GP/runs/3000/4/cand_006 with fv_app_run.sh
Running case in: /homes/aiskhak/projects/GP/runs/3000/4/cand_007 with fv_app_run.sh
Return code = 0
Elapsed: 60.7 sec
has_err = False
has_conv = True
has_ss = False
has_fin = True
Using VPP file: /homes/aiskhak/projects/GP/runs/3000/4/cand_003/tamu_2d_fv_gp_csv_vpp_0002.csv
Return code = 0
Return code = 0
Return code = 0
Elapsed: 65.07 sec
Elapsed: 65.06 sec
Elapsed: 65.06 sec
Return code = 0
Elapsed: 64.27 sec
Return code = 0
Elapsed: 65.06 sec
Return code = 0
Elapsed: 64.09 sec
has_err = False
has_err = False
has_conv = True
has_conv = True
has_ss = False
has_ss = False
has_fin = True
has_fin = True
has_err = False
has_conv = True
has_ss = False
has_fin = True
has_err = False
has_conv = True
has_ss = False
has_fin = True
has_err = False
has_conv = True
has_ss = False
has_fin = True
has_err = False
has_conv = True
has_ss = False
has_fin = True
Using VPP file: /homes/aiskhak/projects/GP/runs/3000/4/cand_005/tamu_2d_fv_gp_csv_vpp_0002.csv
Using VPP file: /homes/aiskhak/projects/GP/runs/3000/4/cand_002/tamu_2d_fv_gp_csv_vpp_0002.csv
Using VPP file: /homes/aiskhak/projects/GP/runs/3000/4/cand_001/tamu_2d_fv_gp_csv_vpp_0002.csv
Using VPP file: /homes/aiskhak/projects/GP/runs/3000/4/cand_000/tamu_2d_fv_gp_csv_vpp_0002.csv
Using VPP file: /homes/aiskhak/projects/GP/runs/3000/4/cand_006/tamu_2d_fv_gp_csv_vpp_0002.csv
Using VPP file: /homes/aiskhak/projects/GP/runs/3000/4/cand_007/tamu_2d_fv_gp_csv_vpp_0002.csv
VPP columns: ('id', 'u', 'v', 'x', 'y', 'z')
coordinate check: max |r_res-r_cg| = 5.000444502911705e-12
coordinate check: max |z_res-z_cg| = 5.000444502911705e-12
VPP columns: ('id', 'u', 'v', 'x', 'y', 'z')
coordinate check: max |r_res-r_cg| = 5.000444502911705e-12
coordinate check: max |z_res-z_cg| = 5.000444502911705e-12
VPP columns: ('id', 'u', 'v', 'x', 'y', 'z')
coordinate check: max |r_res-r_cg| = 5.000444502911705e-12
coordinate check: max |z_res-z_cg| = 5.000444502911705e-12
VPP columns: ('id', 'u', 'v', 'x', 'y', 'z')
coordinate check: max |r_res-r_cg| = 5.000444502911705e-12
coordinate check: max |z_res-z_cg| = 5.000444502911705e-12
VPP columns: ('id', 'u', 'v', 'x', 'y', 'z')
coordinate check: max |r_res-r_cg| = 5.000444502911705e-12
coordinate check: max |z_res-z_cg| = 5.000444502911705e-12
Return code = 0
Elapsed: 67.07 sec
has_err = False
has_conv = True
has_ss = False
has_fin = True
Using VPP file: /homes/aiskhak/projects/GP/runs/3000/4/cand_004/tamu_2d_fv_gp_csv_vpp_0002.csv
VPP columns: ('id', 'u', 'v', 'x', 'y', 'z')
coordinate check: max |r_res-r_cg| = 5.000444502911705e-12
coordinate check: max |z_res-z_cg| = 5.000444502911705e-12
VPP columns: ('id', 'u', 'v', 'x', 'y', 'z')
coordinate check: max |r_res-r_cg| = 5.000444502911705e-12
coordinate check: max |z_res-z_cg| = 5.000444502911705e-12
VPP columns: ('id', 'u', 'v', 'x', 'y', 'z')
coordinate check: max |r_res-r_cg| = 5.000444502911705e-12
coordinate check: max |z_res-z_cg| = 5.000444502911705e-12

===== LIVE CHECKPOINT =====
Chunk 1, stage refine_train, candidate batch starting 0, case batch 3/18
Completed result rows: 32
Current best partial candidates:
  n_cases=  4, mean=0.70831057, raw = -1.1*eta_h + -5*eta_y + -0.2
  n_cases=  4, mean=0.70845886, raw = -1.1*eta_h + -5.2*eta_y + -0.2
  n_cases=  4, mean=0.71187105, raw = -1.1*eta_h + -5.2*eta_y + -0.16
  n_cases=  4, mean=0.71281269, raw = -1.1*eta_h + -5*eta_y + -0.16
  n_cases=  4, mean=0.71476024, raw = -1.1*eta_h + -5.2*eta_y + -0.14
Checkpoint details: /homes/aiskhak/projects/GP/linear_results_linear_refine_best_screen_C1etaH_C2etaY_C3_CeffMin005_chunk1/linear_refine_best_screen_C1etaH_C2etaY_C3_CeffMin005_chunk1_refine_train_details_checkpoint.csv
Checkpoint summary: /homes/aiskhak/projects/GP/linear_results_linear_refine_best_screen_C1etaH_C2etaY_C3_CeffMin005_chunk1/linear_refine_best_screen_C1etaH_C2etaY_C3_CeffMin005_chunk1_refine_train_summary_checkpoint.csv
===========================


===== Stage refine_train, candidate batch starting 0, case batch 4/18 =====
Running 16 tasks with 64 MPI ranks

===== Linear candidate local_id=000, RE=3413, CG=1 =====
raw = -1.1*eta_h + -5.2*eta_y + -0.2
raw min/max = -5.425049782242759 -0.32462422729518536
C_eff min/max = 0.020502383226409147 0.16020421857332248
lm min/max = 0.01575208891923537 0.10527469762753125

===== Linear candidate local_id=000, RE=3413, CG=2 =====
raw = -1.1*eta_h + -5.2*eta_y + -0.2
raw min/max = -5.412445552079248 -0.26239147311287087
C_eff min/max = 0.02050244406992696 0.19012067086259807
lm min/max = 0.00942732627488923 0.1058444652807493

===== Linear candidate local_id=001, RE=3413, CG=1 =====
raw = -1.1*eta_h + -5.2*eta_y + -0.16
raw min/max = -5.385049782242759 -0.2846242272951854
C_eff min/max = 0.020502581726674483 0.17871665783432084
lm min/max = 0.01757232556436295 0.10527571687759509

===== Linear candidate local_id=001, RE=3413, CG=2 =====
raw = -1.1*eta_h + -5.2*eta_y + -0.16
raw min/max = -5.372445552079248 -0.22239147311287083
C_eff min/max = 0.020502647638101033 0.2128743759805746
lm min/max = 0.010555591818749042 0.10584551620738318

===== Linear candidate local_id=002, RE=3413, CG=1 =====
raw = -1.1*eta_h + -5.2*eta_y + -0.14
raw min/max = -5.3650497822427585 -0.2646242272951854
C_eff min/max = 0.020502687093538797 0.18893707197795515
lm min/max = 0.01857724836736801 0.10527625791054028

===== Linear candidate local_id=002, RE=3413, CG=2 =====
raw = -1.1*eta_h + -5.2*eta_y + -0.14

===== Linear candidate local_id=003, RE=3413, CG=1 =====
raw = -1.1*eta_h + -5.2*eta_y + -0.12
raw min/max = -5.3524455520792475 -0.20239147311287087
C_eff min/max = 0.020502755695099555 0.22542594186787346
lm min/max = 0.011177973942394358 0.10584607405478857
raw min/max = -5.345049782242759 -0.24462422729518538
C_eff min/max = 0.02050279676088954 0.19985749395274835
lm min/max = 0.019650999480256365 0.10527682102542607
Running case in: /homes/aiskhak/projects/GP/runs/3413/1/cand_000 with fv_app_run.sh
Running case in: /homes/aiskhak/projects/GP/runs/3413/1/cand_001 with fv_app_run.sh

===== Linear candidate local_id=003, RE=3413, CG=2 =====
raw = -1.1*eta_h + -5.2*eta_y + -0.12
raw min/max = -5.332445552079248 -0.18239147311287085
C_eff min/max = 0.020502868162390782 0.23882725450072914
lm min/max = 0.011842491620185592 0.10584665467045863

===== Linear candidate local_id=004, RE=3413, CG=1 =====
raw = -1.1*eta_h + -5.2*eta_y + -0.08

===== Linear candidate local_id=004, RE=3413, CG=2 =====
raw = -1.1*eta_h + -5.2*eta_y + -0.08
raw min/max = -5.305049782242759 -0.20462422729518537
C_eff min/max = 0.020503029706369177 0.2239835250394968
lm min/max = 0.022023192861498467 0.10527801714319744
Running case in: /homes/aiskhak/projects/GP/runs/3413/2/cand_000 with fv_app_run.sh
raw min/max = -5.292445552079248 -0.14239147311287084
C_eff min/max = 0.020503107055284988 0.26839242044357386
lm min/max = 0.013308510356864017 0.10584788796199013
Running case in: /homes/aiskhak/projects/GP/runs/3413/2/cand_001 with fv_app_run.sh
Running case in: /homes/aiskhak/projects/GP/runs/3413/2/cand_002 with fv_app_run.sh
Running case in: /homes/aiskhak/projects/GP/runs/3413/1/cand_004 with fv_app_run.sh

===== Linear candidate local_id=005, RE=3413, CG=1 =====
raw = -1.1*eta_h + -5*eta_y + -0.2
raw min/max = -5.225049782242759 -0.32079444094701515
C_eff min/max = 0.020503555423726953 0.16187199499068117
lm min/max = 0.01591607313049766 0.10528071657258894

===== Linear candidate local_id=005, RE=3413, CG=2 =====
raw = -1.1*eta_h + -5*eta_y + -0.2
raw min/max = -5.212445552079248 -0.2604704761500392
C_eff min/max = 0.020503646195090798 0.1911460326380214
lm min/max = 0.009478169878390405 0.1058506712869568
Running case in: /homes/aiskhak/projects/GP/runs/3413/2/cand_003 with fv_app_run.sh
Running case in: /homes/aiskhak/projects/GP/runs/3413/1/cand_003 with fv_app_run.sh
Running case in: /homes/aiskhak/projects/GP/runs/3413/1/cand_005 with fv_app_run.sh

===== Linear candidate local_id=006, RE=3413, CG=1 =====
raw = -1.1*eta_h + -5*eta_y + -0.16
Running case in: /homes/aiskhak/projects/GP/runs/3413/2/cand_004 with fv_app_run.sh
raw min/max = -5.185049782242759 -0.2807944409470151
C_eff min/max = 0.02050385156307379 0.18062162949011754
lm min/max = 0.017759632010959415 0.10528223717533301
Running case in: /homes/aiskhak/projects/GP/runs/3413/1/cand_002 with fv_app_run.sh

===== Linear candidate local_id=006, RE=3413, CG=2 =====
raw = -1.1*eta_h + -5*eta_y + -0.16
raw min/max = -5.172445552079248 -0.22047047615003917
C_eff min/max = 0.02050394989547656 0.21404447170854166
lm min/max = 0.010613612202068495 0.10585223914905299
Running case in: /homes/aiskhak/projects/GP/runs/3413/1/cand_006 with fv_app_run.sh
Running case in: /homes/aiskhak/projects/GP/runs/3413/2/cand_005 with fv_app_run.sh

===== Linear candidate local_id=007, RE=3413, CG=1 =====
raw = -1.1*eta_h + -5*eta_y + -0.14
raw min/max = -5.165049782242758 -0.26079444094701515
C_eff min/max = 0.020504008758582225 0.19097265390363394
lm min/max = 0.01877739707619246 0.1052830443356244

===== Linear candidate local_id=007, RE=3413, CG=2 =====
raw = -1.1*eta_h + -5*eta_y + -0.14
raw min/max = -5.152445552079247 -0.2004704761500392
C_eff min/max = 0.020504111104535875 0.22667542648250727
lm min/max = 0.011239930904171124 0.10585307139552191
Running case in: /homes/aiskhak/projects/GP/runs/3413/2/cand_006 with fv_app_run.sh
Running case in: /homes/aiskhak/projects/GP/runs/3413/1/cand_007 with fv_app_run.sh
Running case in: /homes/aiskhak/projects/GP/runs/3413/2/cand_007 with fv_app_run.sh
Return code = 0
Elapsed: 10.79 sec
has_err = False
has_conv = True
has_ss = False
has_fin = True
Using VPP file: /homes/aiskhak/projects/GP/runs/3413/1/cand_006/tamu_2d_fv_gp_csv_vpp_0002.csv
VPP columns: ('id', 'u', 'v', 'x', 'y', 'z')
coordinate check: max |r_res-r_cg| = 5.000444502911705e-12
coordinate check: max |z_res-z_cg| = 5.000444502911705e-12
Return code = 0
Elapsed: 11.59 sec
has_err = False
has_conv = True
has_ss = False
has_fin = True
Using VPP file: /homes/aiskhak/projects/GP/runs/3413/1/cand_000/tamu_2d_fv_gp_csv_vpp_0002.csv
VPP columns: ('id', 'u', 'v', 'x', 'y', 'z')
coordinate check: max |r_res-r_cg| = 5.000444502911705e-12
coordinate check: max |z_res-z_cg| = 5.000444502911705e-12
Return code = 0
Return code = 0
Return code = 0
Elapsed: 14.84 sec
Elapsed: 14.74 sec
Elapsed: 14.66 sec
Return code = 0
Elapsed: 14.56 sec
has_err = False
has_conv = True
has_ss = False
has_fin = True
Return code = 0
has_err = False
has_conv = True
has_ss = False
Elapsed: 14.65 sec
has_fin = True
has_err = False
has_conv = True
has_ss = False
has_err = False
has_conv = True
has_ss = False
has_fin = True
has_fin = True
has_err = False
has_conv = True
has_ss = False
has_fin = True
Return code = 0
Elapsed: 14.32 sec
has_err = False
has_conv = True
has_ss = False
has_fin = True
Using VPP file: /homes/aiskhak/projects/GP/runs/3413/1/cand_001/tamu_2d_fv_gp_csv_vpp_0002.csv
Using VPP file: /homes/aiskhak/projects/GP/runs/3413/1/cand_004/tamu_2d_fv_gp_csv_vpp_0002.csv
Using VPP file: /homes/aiskhak/projects/GP/runs/3413/1/cand_002/tamu_2d_fv_gp_csv_vpp_0002.csv
Using VPP file: /homes/aiskhak/projects/GP/runs/3413/1/cand_003/tamu_2d_fv_gp_csv_vpp_0002.csv
Using VPP file: /homes/aiskhak/projects/GP/runs/3413/1/cand_005/tamu_2d_fv_gp_csv_vpp_0002.csv
Using VPP file: /homes/aiskhak/projects/GP/runs/3413/1/cand_007/tamu_2d_fv_gp_csv_vpp_0002.csv
VPP columns: ('id', 'u', 'v', 'x', 'y', 'z')
coordinate check: max |r_res-r_cg| = 5.000444502911705e-12
coordinate check: max |z_res-z_cg| = 5.000444502911705e-12
VPP columns: ('id', 'u', 'v', 'x', 'y', 'z')
coordinate check: max |r_res-r_cg| = 5.000444502911705e-12
coordinate check: max |z_res-z_cg| = 5.000444502911705e-12
VPP columns: ('id', 'u', 'v', 'x', 'y', 'z')
coordinate check: max |r_res-r_cg| = 5.000444502911705e-12
coordinate check: max |z_res-z_cg| = 5.000444502911705e-12
VPP columns: ('id', 'u', 'v', 'x', 'y', 'z')
coordinate check: max |r_res-r_cg| = 5.000444502911705e-12
coordinate check: max |z_res-z_cg| = 5.000444502911705e-12
VPP columns: ('id', 'u', 'v', 'x', 'y', 'z')
coordinate check: max |r_res-r_cg| = 5.000444502911705e-12
coordinate check: max |z_res-z_cg| = 5.000444502911705e-12
Return code = 0
Return code = 0
Elapsed: 14.69 sec
Elapsed: 14.89 sec
Return code = 0
Elapsed: 14.91 sec
has_err = False
has_conv = True
has_ss = False
has_fin = True
has_err = False
has_conv = True
has_ss = False
has_fin = True
has_err = False
has_conv = True
has_ss = False
has_fin = True
Using VPP file: /homes/aiskhak/projects/GP/runs/3413/2/cand_005/tamu_2d_fv_gp_csv_vpp_0002.csv
Using VPP file: /homes/aiskhak/projects/GP/runs/3413/2/cand_002/tamu_2d_fv_gp_csv_vpp_0002.csv
Using VPP file: /homes/aiskhak/projects/GP/runs/3413/2/cand_001/tamu_2d_fv_gp_csv_vpp_0002.csv
VPP columns: ('id', 'u', 'v', 'x', 'y', 'z')
coordinate check: max |r_res-r_cg| = 5.000444502911705e-12
coordinate check: max |z_res-z_cg| = 5.000444502911705e-12
VPP columns: ('id', 'u', 'v', 'x', 'y', 'z')
coordinate check: max |r_res-r_cg| = 5.000444502911705e-12
coordinate check: max |z_res-z_cg| = 5.000444502911705e-12
VPP columns: ('id', 'u', 'v', 'x', 'y', 'z')
coordinate check: max |r_res-r_cg| = 5.000444502911705e-12
coordinate check: max |z_res-z_cg| = 5.000444502911705e-12
VPP columns: ('id', 'u', 'v', 'x', 'y', 'z')
coordinate check: max |r_res-r_cg| = 5.000444502911705e-12
coordinate check: max |z_res-z_cg| = 5.000444502911705e-12
Return code = 0
Elapsed: 15.68 sec
has_err = False
has_conv = True
has_ss = False
has_fin = True
Using VPP file: /homes/aiskhak/projects/GP/runs/3413/2/cand_007/tamu_2d_fv_gp_csv_vpp_0002.csv
Return code = 0
Elapsed: 16.33 sec
has_err = False
has_conv = True
has_ss = False
has_fin = True
Using VPP file: /homes/aiskhak/projects/GP/runs/3413/2/cand_004/tamu_2d_fv_gp_csv_vpp_0002.csv
VPP columns: ('id', 'u', 'v', 'x', 'y', 'z')
coordinate check: max |r_res-r_cg| = 5.000444502911705e-12
coordinate check: max |z_res-z_cg| = 5.000444502911705e-12
Return code = 0
Elapsed: 16.14 sec
has_err = False
has_conv = True
has_ss = False
has_fin = True
Using VPP file: /homes/aiskhak/projects/GP/runs/3413/2/cand_006/tamu_2d_fv_gp_csv_vpp_0002.csv
VPP columns: ('id', 'u', 'v', 'x', 'y', 'z')
coordinate check: max |r_res-r_cg| = 5.000444502911705e-12
coordinate check: max |z_res-z_cg| = 5.000444502911705e-12
Return code = 0
Elapsed: 17.07 sec
has_err = False
has_conv = True
has_ss = False
has_fin = True
Using VPP file: /homes/aiskhak/projects/GP/runs/3413/2/cand_000/tamu_2d_fv_gp_csv_vpp_0002.csv
VPP columns: ('id', 'u', 'v', 'x', 'y', 'z')
coordinate check: max |r_res-r_cg| = 5.000444502911705e-12
coordinate check: max |z_res-z_cg| = 5.000444502911705e-12
Return code = 0
Elapsed: 17.57 sec
has_err = False
has_conv = True
has_ss = False
has_fin = True
Using VPP file: /homes/aiskhak/projects/GP/runs/3413/2/cand_003/tamu_2d_fv_gp_csv_vpp_0002.csv
VPP columns: ('id', 'u', 'v', 'x', 'y', 'z')
coordinate check: max |r_res-r_cg| = 5.000444502911705e-12
coordinate check: max |z_res-z_cg| = 5.000444502911705e-12
VPP columns: ('id', 'u', 'v', 'x', 'y', 'z')
coordinate check: max |r_res-r_cg| = 5.000444502911705e-12
coordinate check: max |z_res-z_cg| = 5.000444502911705e-12

===== LIVE CHECKPOINT =====
Chunk 1, stage refine_train, candidate batch starting 0, case batch 4/18
Completed result rows: 48
Current best partial candidates:
  n_cases=  6, mean=0.69007000, raw = -1.1*eta_h + -5*eta_y + -0.2
  n_cases=  6, mean=0.69024605, raw = -1.1*eta_h + -5.2*eta_y + -0.2
  n_cases=  6, mean=0.69378326, raw = -1.1*eta_h + -5.2*eta_y + -0.16
  n_cases=  6, mean=0.69457101, raw = -1.1*eta_h + -5*eta_y + -0.16
  n_cases=  6, mean=0.69661693, raw = -1.1*eta_h + -5.2*eta_y + -0.14
Checkpoint details: /homes/aiskhak/projects/GP/linear_results_linear_refine_best_screen_C1etaH_C2etaY_C3_CeffMin005_chunk1/linear_refine_best_screen_C1etaH_C2etaY_C3_CeffMin005_chunk1_refine_train_details_checkpoint.csv
Checkpoint summary: /homes/aiskhak/projects/GP/linear_results_linear_refine_best_screen_C1etaH_C2etaY_C3_CeffMin005_chunk1/linear_refine_best_screen_C1etaH_C2etaY_C3_CeffMin005_chunk1_refine_train_summary_checkpoint.csv
===========================


===== Stage refine_train, candidate batch starting 0, case batch 5/18 =====
Running 8 tasks with 64 MPI ranks

===== Linear candidate local_id=000, RE=3413, CG=3 =====
raw = -1.1*eta_h + -5.2*eta_y + -0.2
raw min/max = -5.406219626106677 -0.23128370760159772
C_eff min/max = 0.020502474694618866 0.20755339163998235
lm min/max = 0.005167477278830445 0.10590258848821335

===== Linear candidate local_id=001, RE=3413, CG=3 =====
raw = -1.1*eta_h + -5.2*eta_y + -0.16
raw min/max = -5.366219626106677 -0.19128370760159774
C_eff min/max = 0.02050268081365454 0.23276063245141507
lm min/max = 0.005795064441467751 0.10590365316648949

===== Linear candidate local_id=002, RE=3413, CG=3 =====
raw = -1.1*eta_h + -5.2*eta_y + -0.14
raw min/max = -5.346219626106676 -0.17128370760159772
C_eff min/max = 0.020502790224695065 0.24665653539803825
lm min/max = 0.006141032108765922 0.10590421831350581

===== Linear candidate local_id=003, RE=3413, CG=3 =====
raw = -1.1*eta_h + -5.2*eta_y + -0.12
raw min/max = -5.326219626106677 -0.1512837076015977
C_eff min/max = 0.020502904101297976 0.26148522506808186
lm min/max = 0.006510223459190556 0.1059048065267433

===== Linear candidate local_id=004, RE=3413, CG=3 =====
raw = -1.1*eta_h + -5.2*eta_y + -0.08
raw min/max = -5.286219626106677 -0.11128370760159773
C_eff min/max = 0.02050314598774248 0.29416780393848524
lm min/max = 0.00732392485135735 0.10590605595643286

===== Linear candidate local_id=005, RE=3413, CG=3 =====
raw = -1.1*eta_h + -5*eta_y + -0.2
raw min/max = -5.206219626106677 -0.2303197044671777
C_eff min/max = 0.020503691883558238 0.2081227348371384
lm min/max = 0.005181652272608739 0.10590887570286811

===== Linear candidate local_id=006, RE=3413, CG=3 =====
raw = -1.1*eta_h + -5*eta_y + -0.16
raw min/max = -5.166219626106677 -0.19031970446717766
C_eff min/max = 0.020503999389693932 0.23340983510787572
lm min/max = 0.005811227704087115 0.10591046408164828

===== Linear candidate local_id=007, RE=3413, CG=3 =====
raw = -1.1*eta_h + -5*eta_y + -0.14
raw min/max = -5.146219626106676 -0.1703197044671777
C_eff min/max = 0.02050416261892207 0.24734944199332604
lm min/max = 0.006158283472664191 0.10591130721878339
Running case in: /homes/aiskhak/projects/GP/runs/3413/3/cand_000 with fv_app_run.sh
Running case in: /homes/aiskhak/projects/GP/runs/3413/3/cand_001 with fv_app_run.sh
Running case in: /homes/aiskhak/projects/GP/runs/3413/3/cand_002 with fv_app_run.sh
Running case in: /homes/aiskhak/projects/GP/runs/3413/3/cand_003 with fv_app_run.sh
Running case in: /homes/aiskhak/projects/GP/runs/3413/3/cand_006 with fv_app_run.sh
Running case in: /homes/aiskhak/projects/GP/runs/3413/3/cand_005 with fv_app_run.sh
Running case in: /homes/aiskhak/projects/GP/runs/3413/3/cand_004 with fv_app_run.sh
Running case in: /homes/aiskhak/projects/GP/runs/3413/3/cand_007 with fv_app_run.sh
Return code = 0
Elapsed: 21.6 sec
has_err = False
has_conv = True
has_ss = False
has_fin = True
Using VPP file: /homes/aiskhak/projects/GP/runs/3413/3/cand_007/tamu_2d_fv_gp_csv_vpp_0002.csv
Return code = 0
Elapsed: 21.93 sec
has_err = False
has_conv = True
has_ss = False
has_fin = True
Using VPP file: /homes/aiskhak/projects/GP/runs/3413/3/cand_001/tamu_2d_fv_gp_csv_vpp_0002.csv
Return code = 0
Elapsed: 21.96 sec
has_err = False
has_conv = True
has_ss = False
has_fin = True
Using VPP file: /homes/aiskhak/projects/GP/runs/3413/3/cand_002/tamu_2d_fv_gp_csv_vpp_0002.csv
Return code = 0
Elapsed: 22.8 sec
has_err = False
has_conv = True
has_ss = False
has_fin = True
Using VPP file: /homes/aiskhak/projects/GP/runs/3413/3/cand_006/tamu_2d_fv_gp_csv_vpp_0002.csv
VPP columns: ('id', 'u', 'v', 'x', 'y', 'z')
coordinate check: max |r_res-r_cg| = 5.000444502911705e-12
coordinate check: max |z_res-z_cg| = 5.000444502911705e-12
Return code = 0
Elapsed: 22.86 sec
has_err = False
has_conv = True
has_ss = False
has_fin = True
Using VPP file: /homes/aiskhak/projects/GP/runs/3413/3/cand_004/tamu_2d_fv_gp_csv_vpp_0002.csv
VPP columns: ('id', 'u', 'v', 'x', 'y', 'z')
coordinate check: max |r_res-r_cg| = 5.000444502911705e-12
coordinate check: max |z_res-z_cg| = 5.000444502911705e-12
VPP columns: ('id', 'u', 'v', 'x', 'y', 'z')
coordinate check: max |r_res-r_cg| = 5.000444502911705e-12
coordinate check: max |z_res-z_cg| = 5.000444502911705e-12
VPP columns: ('id', 'u', 'v', 'x', 'y', 'z')
coordinate check: max |r_res-r_cg| = 5.000444502911705e-12
coordinate check: max |z_res-z_cg| = 5.000444502911705e-12
Return code = 0
Elapsed: 25.2 sec
has_err = False
has_conv = True
has_ss = False
has_fin = True
Return code = 0
Elapsed: 25.3 sec
has_err = False
has_conv = True
has_ss = False
has_fin = True
Using VPP file: /homes/aiskhak/projects/GP/runs/3413/3/cand_005/tamu_2d_fv_gp_csv_vpp_0002.csv
Using VPP file: /homes/aiskhak/projects/GP/runs/3413/3/cand_000/tamu_2d_fv_gp_csv_vpp_0002.csv
Return code = 0
Elapsed: 25.62 sec
has_err = False
has_conv = True
has_ss = False
has_fin = True
Using VPP file: /homes/aiskhak/projects/GP/runs/3413/3/cand_003/tamu_2d_fv_gp_csv_vpp_0002.csv
VPP columns: ('id', 'u', 'v', 'x', 'y', 'z')
coordinate check: max |r_res-r_cg| = 5.000444502911705e-12
coordinate check: max |z_res-z_cg| = 5.000444502911705e-12
VPP columns: ('id', 'u', 'v', 'x', 'y', 'z')
coordinate check: max |r_res-r_cg| = 5.000444502911705e-12
coordinate check: max |z_res-z_cg| = 5.000444502911705e-12
VPP columns: ('id', 'u', 'v', 'x', 'y', 'z')
coordinate check: max |r_res-r_cg| = 5.000444502911705e-12
coordinate check: max |z_res-z_cg| = 5.000444502911705e-12
VPP columns: ('id', 'u', 'v', 'x', 'y', 'z')
coordinate check: max |r_res-r_cg| = 5.000444502911705e-12
coordinate check: max |z_res-z_cg| = 5.000444502911705e-12

===== LIVE CHECKPOINT =====
Chunk 1, stage refine_train, candidate batch starting 0, case batch 5/18
Completed result rows: 56
Current best partial candidates:
  n_cases=  7, mean=0.69219773, raw = -1.1*eta_h + -5*eta_y + -0.2
  n_cases=  7, mean=0.69279621, raw = -1.1*eta_h + -5.2*eta_y + -0.2
  n_cases=  7, mean=0.69560101, raw = -1.1*eta_h + -5.2*eta_y + -0.16
  n_cases=  7, mean=0.69601180, raw = -1.1*eta_h + -5*eta_y + -0.16
  n_cases=  7, mean=0.69813939, raw = -1.1*eta_h + -5.2*eta_y + -0.14
Checkpoint details: /homes/aiskhak/projects/GP/linear_results_linear_refine_best_screen_C1etaH_C2etaY_C3_CeffMin005_chunk1/linear_refine_best_screen_C1etaH_C2etaY_C3_CeffMin005_chunk1_refine_train_details_checkpoint.csv
Checkpoint summary: /homes/aiskhak/projects/GP/linear_results_linear_refine_best_screen_C1etaH_C2etaY_C3_CeffMin005_chunk1/linear_refine_best_screen_C1etaH_C2etaY_C3_CeffMin005_chunk1_refine_train_summary_checkpoint.csv
===========================


===== Stage refine_train, candidate batch starting 0, case batch 6/18 =====
Running 8 tasks with 96 MPI ranks

===== Linear candidate local_id=000, RE=3413, CG=4 =====
raw = -1.1*eta_h + -5.2*eta_y + -0.2
raw min/max = -5.403102657986176 -0.2156315452873594
C_eff min/max = 0.020502490170519277 0.21702487078904178
lm min/max = 0.0027072440433366122 0.10614886474141393

===== Linear candidate local_id=001, RE=3413, CG=4 =====
raw = -1.1*eta_h + -5.2*eta_y + -0.16
raw min/max = -5.363102657986176 -0.1756315452873594
C_eff min/max = 0.020502697578609935 0.2435582283632417
lm min/max = 0.0030382304136144104 0.10614993856869921

===== Linear candidate local_id=002, RE=3413, CG=4 =====
raw = -1.1*eta_h + -5.2*eta_y + -0.14
raw min/max = -5.343102657986176 -0.1556315452873594
C_eff min/max = 0.020502807673903507 0.2581794325236725
lm min/max = 0.0032206204213855076 0.10615050857216361

===== Linear candidate local_id=003, RE=3413, CG=4 =====
raw = -1.1*eta_h + -5.2*eta_y + -0.12
raw min/max = -5.323102657986176 -0.13563154528735938
C_eff min/max = 0.020502922262689533 0.2737772121426682
lm min/max = 0.003415192572537022 0.10615110184007633

===== Linear candidate local_id=004, RE=3413, CG=4 =====
raw = -1.1*eta_h + -5.2*eta_y + -0.08
raw min/max = -5.283102657986176 -0.09563154528735937
C_eff min/max = 0.020503165661898196 0.30813586748713484
lm min/max = 0.003843794440517306 0.10615236200649823

===== Linear candidate local_id=005, RE=3413, CG=4 =====
raw = -1.1*eta_h + -5*eta_y + -0.2
raw min/max = -5.203102657986176 -0.21514966500654464
C_eff min/max = 0.020503714971804636 0.21732427414832844
lm min/max = 0.002710978905419639 0.10615520598410656

===== Linear candidate local_id=006, RE=3413, CG=4 =====
raw = -1.1*eta_h + -5*eta_y + -0.16
raw min/max = -5.163102657986176 -0.17514966500654464
C_eff min/max = 0.02050402440114334 0.24389946624638953
lm min/max = 0.003042487134160558 0.10615680801257958

===== Linear candidate local_id=007, RE=3413, CG=4 =====
raw = -1.1*eta_h + -5*eta_y + -0.14
raw min/max = -5.143102657986176 -0.15514966500654465
C_eff min/max = 0.02050418865124657 0.2585435363120537
lm min/max = 0.003225162379220421 0.10615765839523293
Running case in: /homes/aiskhak/projects/GP/runs/3413/4/cand_000 with fv_app_run.sh
Running case in: /homes/aiskhak/projects/GP/runs/3413/4/cand_002 with fv_app_run.sh
Running case in: /homes/aiskhak/projects/GP/runs/3413/4/cand_001 with fv_app_run.sh
Running case in: /homes/aiskhak/projects/GP/runs/3413/4/cand_004 with fv_app_run.sh
Running case in: /homes/aiskhak/projects/GP/runs/3413/4/cand_003 with fv_app_run.sh
Running case in: /homes/aiskhak/projects/GP/runs/3413/4/cand_006 with fv_app_run.sh
Running case in: /homes/aiskhak/projects/GP/runs/3413/4/cand_005 with fv_app_run.sh
Running case in: /homes/aiskhak/projects/GP/runs/3413/4/cand_007 with fv_app_run.sh
Return code = 0
Elapsed: 62.38 sec
has_err = False
has_conv = True
has_ss = False
has_fin = True
Using VPP file: /homes/aiskhak/projects/GP/runs/3413/4/cand_000/tamu_2d_fv_gp_csv_vpp_0002.csv
Return code = 0
Elapsed: 62.92 sec
has_err = False
has_conv = True
has_ss = False
has_fin = True
Using VPP file: /homes/aiskhak/projects/GP/runs/3413/4/cand_004/tamu_2d_fv_gp_csv_vpp_0002.csv
Return code = 0
Elapsed: 62.73 sec
has_err = False
has_conv = True
has_ss = False
has_fin = True
Using VPP file: /homes/aiskhak/projects/GP/runs/3413/4/cand_005/tamu_2d_fv_gp_csv_vpp_0002.csv
Return code = 0
Elapsed: 63.13 sec
has_err = False
has_conv = True
has_ss = False
has_fin = True
Using VPP file: /homes/aiskhak/projects/GP/runs/3413/4/cand_007/tamu_2d_fv_gp_csv_vpp_0002.csv
Return code = 0
Elapsed: 64.97 sec
has_err = False
has_conv = True
has_ss = False
has_fin = True
Using VPP file: /homes/aiskhak/projects/GP/runs/3413/4/cand_001/tamu_2d_fv_gp_csv_vpp_0002.csv
VPP columns: ('id', 'u', 'v', 'x', 'y', 'z')
coordinate check: max |r_res-r_cg| = 5.000444502911705e-12
coordinate check: max |z_res-z_cg| = 5.000444502911705e-12
VPP columns: ('id', 'u', 'v', 'x', 'y', 'z')
coordinate check: max |r_res-r_cg| = 5.000444502911705e-12
coordinate check: max |z_res-z_cg| = 5.000444502911705e-12
VPP columns: ('id', 'u', 'v', 'x', 'y', 'z')
coordinate check: max |r_res-r_cg| = 5.000444502911705e-12
coordinate check: max |z_res-z_cg| = 5.000444502911705e-12
Return code = 0
Elapsed: 65.43 sec
has_err = False
has_conv = True
has_ss = False
has_fin = True
Return code = 0
Elapsed: 65.77 sec
has_err = False
has_conv = True
has_ss = False
has_fin = True
Using VPP file: /homes/aiskhak/projects/GP/runs/3413/4/cand_006/tamu_2d_fv_gp_csv_vpp_0002.csv
Using VPP file: /homes/aiskhak/projects/GP/runs/3413/4/cand_003/tamu_2d_fv_gp_csv_vpp_0002.csv
Return code = 0
Elapsed: 66.43 sec
has_err = False
has_conv = True
has_ss = False
has_fin = True
Using VPP file: /homes/aiskhak/projects/GP/runs/3413/4/cand_002/tamu_2d_fv_gp_csv_vpp_0002.csv
VPP columns: ('id', 'u', 'v', 'x', 'y', 'z')
coordinate check: max |r_res-r_cg| = 5.000444502911705e-12
coordinate check: max |z_res-z_cg| = 5.000444502911705e-12
VPP columns: ('id', 'u', 'v', 'x', 'y', 'z')
coordinate check: max |r_res-r_cg| = 5.000444502911705e-12
coordinate check: max |z_res-z_cg| = 5.000444502911705e-12
VPP columns: ('id', 'u', 'v', 'x', 'y', 'z')
coordinate check: max |r_res-r_cg| = 5.000444502911705e-12
coordinate check: max |z_res-z_cg| = 5.000444502911705e-12
VPP columns: ('id', 'u', 'v', 'x', 'y', 'z')
coordinate check: max |r_res-r_cg| = 5.000444502911705e-12
coordinate check: max |z_res-z_cg| = 5.000444502911705e-12
VPP columns: ('id', 'u', 'v', 'x', 'y', 'z')
coordinate check: max |r_res-r_cg| = 5.000444502911705e-12
coordinate check: max |z_res-z_cg| = 5.000444502911705e-12

===== LIVE CHECKPOINT =====
Chunk 1, stage refine_train, candidate batch starting 0, case batch 6/18
Completed result rows: 64
Current best partial candidates:
  n_cases=  8, mean=0.69231324, raw = -1.1*eta_h + -5*eta_y + -0.2
  n_cases=  8, mean=0.69332597, raw = -1.1*eta_h + -5.2*eta_y + -0.2
  n_cases=  8, mean=0.69540700, raw = -1.1*eta_h + -5.2*eta_y + -0.16
  n_cases=  8, mean=0.69542509, raw = -1.1*eta_h + -5*eta_y + -0.16
  n_cases=  8, mean=0.69762692, raw = -1.1*eta_h + -5.2*eta_y + -0.14
Checkpoint details: /homes/aiskhak/projects/GP/linear_results_linear_refine_best_screen_C1etaH_C2etaY_C3_CeffMin005_chunk1/linear_refine_best_screen_C1etaH_C2etaY_C3_CeffMin005_chunk1_refine_train_details_checkpoint.csv
Checkpoint summary: /homes/aiskhak/projects/GP/linear_results_linear_refine_best_screen_C1etaH_C2etaY_C3_CeffMin005_chunk1/linear_refine_best_screen_C1etaH_C2etaY_C3_CeffMin005_chunk1_refine_train_summary_checkpoint.csv
===========================


===== Stage refine_train, candidate batch starting 0, case batch 7/18 =====
Running 16 tasks with 64 MPI ranks

===== Linear candidate local_id=000, RE=7912, CG=1 =====
raw = -1.1*eta_h + -5.2*eta_y + -0.2
raw min/max = -5.425049782242759 -0.32462422729518536

===== Linear candidate local_id=000, RE=7912, CG=2 =====
C_eff min/max = 0.020502383226409147 0.16020421857332248
raw = -1.1*eta_h + -5.2*eta_y + -0.2
lm min/max = 0.01575208891923537 0.10527469762753125
raw min/max = -5.412445552079248 -0.26239147311287087
C_eff min/max = 0.02050244406992696 0.19012067086259807
lm min/max = 0.00942732627488923 0.1058444652807493

===== Linear candidate local_id=001, RE=7912, CG=1 =====
raw = -1.1*eta_h + -5.2*eta_y + -0.16
raw min/max = -5.385049782242759 -0.2846242272951854
C_eff min/max = 0.020502581726674483 0.17871665783432084
lm min/max = 0.01757232556436295 0.10527571687759509

===== Linear candidate local_id=001, RE=7912, CG=2 =====
raw = -1.1*eta_h + -5.2*eta_y + -0.16
raw min/max = -5.372445552079248 -0.22239147311287083
C_eff min/max = 0.020502647638101033 0.2128743759805746
lm min/max = 0.010555591818749042 0.10584551620738318

===== Linear candidate local_id=002, RE=7912, CG=1 =====
raw = -1.1*eta_h + -5.2*eta_y + -0.14
raw min/max = -5.3650497822427585 -0.2646242272951854
C_eff min/max = 0.020502687093538797 0.18893707197795515
lm min/max = 0.01857724836736801 0.10527625791054028

===== Linear candidate local_id=002, RE=7912, CG=2 =====

===== Linear candidate local_id=003, RE=7912, CG=1 =====
raw = -1.1*eta_h + -5.2*eta_y + -0.12
raw = -1.1*eta_h + -5.2*eta_y + -0.14
raw min/max = -5.345049782242759 -0.24462422729518538
C_eff min/max = 0.02050279676088954 0.19985749395274835
lm min/max = 0.019650999480256365 0.10527682102542607

===== Linear candidate local_id=003, RE=7912, CG=2 =====
raw = -1.1*eta_h + -5.2*eta_y + -0.12
raw min/max = -5.332445552079248 -0.18239147311287085
C_eff min/max = 0.020502868162390782 0.23882725450072914
lm min/max = 0.011842491620185592 0.10584665467045863
Running case in: /homes/aiskhak/projects/GP/runs/7912/1/cand_000 with fv_app_run.sh

===== Linear candidate local_id=004, RE=7912, CG=1 =====
raw = -1.1*eta_h + -5.2*eta_y + -0.08
raw min/max = -5.305049782242759 -0.20462422729518537
Running case in: /homes/aiskhak/projects/GP/runs/7912/2/cand_000 with fv_app_run.sh
C_eff min/max = 0.020503029706369177 0.2239835250394968
lm min/max = 0.022023192861498467 0.10527801714319744
Running case in: /homes/aiskhak/projects/GP/runs/7912/1/cand_001 with fv_app_run.sh
raw min/max = -5.3524455520792475 -0.20239147311287087
C_eff min/max = 0.020502755695099555 0.22542594186787346
lm min/max = 0.011177973942394358 0.10584607405478857
Running case in: /homes/aiskhak/projects/GP/runs/7912/1/cand_002 with fv_app_run.sh
Running case in: /homes/aiskhak/projects/GP/runs/7912/2/cand_001 with fv_app_run.sh

===== Linear candidate local_id=005, RE=7912, CG=1 =====
raw = -1.1*eta_h + -5*eta_y + -0.2
raw min/max = -5.225049782242759 -0.32079444094701515
C_eff min/max = 0.020503555423726953 0.16187199499068117
lm min/max = 0.01591607313049766 0.10528071657258894

===== Linear candidate local_id=004, RE=7912, CG=2 =====
raw = -1.1*eta_h + -5.2*eta_y + -0.08

===== Linear candidate local_id=005, RE=7912, CG=2 =====
raw = -1.1*eta_h + -5*eta_y + -0.2
raw min/max = -5.292445552079248 -0.14239147311287084
raw min/max = -5.212445552079248 -0.2604704761500392
C_eff min/max = 0.020503107055284988 0.26839242044357386
lm min/max = 0.013308510356864017 0.10584788796199013
Running case in: /homes/aiskhak/projects/GP/runs/7912/1/cand_003 with fv_app_run.sh
C_eff min/max = 0.020503646195090798 0.1911460326380214
lm min/max = 0.009478169878390405 0.1058506712869568
Running case in: /homes/aiskhak/projects/GP/runs/7912/1/cand_004 with fv_app_run.sh

===== Linear candidate local_id=006, RE=7912, CG=2 =====
raw = -1.1*eta_h + -5*eta_y + -0.16

===== Linear candidate local_id=007, RE=7912, CG=1 =====
raw = -1.1*eta_h + -5*eta_y + -0.14
raw min/max = -5.172445552079248 -0.22047047615003917
C_eff min/max = 0.02050394989547656 0.21404447170854166
lm min/max = 0.010613612202068495 0.10585223914905299
raw min/max = -5.165049782242758 -0.26079444094701515
C_eff min/max = 0.020504008758582225 0.19097265390363394
lm min/max = 0.01877739707619246 0.1052830443356244

===== Linear candidate local_id=007, RE=7912, CG=2 =====
raw = -1.1*eta_h + -5*eta_y + -0.14
raw min/max = -5.152445552079247 -0.2004704761500392
C_eff min/max = 0.020504111104535875 0.22667542648250727
lm min/max = 0.011239930904171124 0.10585307139552191

===== Linear candidate local_id=006, RE=7912, CG=1 =====
raw = -1.1*eta_h + -5*eta_y + -0.16
raw min/max = -5.185049782242759 -0.2807944409470151
C_eff min/max = 0.02050385156307379 0.18062162949011754
lm min/max = 0.017759632010959415 0.10528223717533301
Running case in: /homes/aiskhak/projects/GP/runs/7912/1/cand_005 with fv_app_run.sh
Running case in: /homes/aiskhak/projects/GP/runs/7912/2/cand_003 with fv_app_run.sh
Running case in: /homes/aiskhak/projects/GP/runs/7912/1/cand_006 with fv_app_run.sh
Running case in: /homes/aiskhak/projects/GP/runs/7912/2/cand_005 with fv_app_run.sh
Running case in: /homes/aiskhak/projects/GP/runs/7912/2/cand_002 with fv_app_run.sh
Running case in: /homes/aiskhak/projects/GP/runs/7912/2/cand_007 with fv_app_run.sh
Running case in: /homes/aiskhak/projects/GP/runs/7912/2/cand_004 with fv_app_run.sh
Running case in: /homes/aiskhak/projects/GP/runs/7912/2/cand_006 with fv_app_run.sh
Running case in: /homes/aiskhak/projects/GP/runs/7912/1/cand_007 with fv_app_run.sh
Return code = 0
Elapsed: 10.51 sec
has_err = False
has_conv = True
has_ss = False
has_fin = True
Using VPP file: /homes/aiskhak/projects/GP/runs/7912/1/cand_003/tamu_2d_fv_gp_csv_vpp_0002.csv
VPP columns: ('id', 'u', 'v', 'x', 'y', 'z')
coordinate check: max |r_res-r_cg| = 5.000444502911705e-12
coordinate check: max |z_res-z_cg| = 5.000444502911705e-12
Return code = 0
Elapsed: 13.04 sec
has_err = False
has_conv = True
has_ss = False
has_fin = True
Using VPP file: /homes/aiskhak/projects/GP/runs/7912/1/cand_001/tamu_2d_fv_gp_csv_vpp_0002.csv
VPP columns: ('id', 'u', 'v', 'x', 'y', 'z')
coordinate check: max |r_res-r_cg| = 5.000444502911705e-12
coordinate check: max |z_res-z_cg| = 5.000444502911705e-12
Return code = 0
Elapsed: 13.25 sec
has_err = False
has_conv = True
has_ss = False
has_fin = True
Using VPP file: /homes/aiskhak/projects/GP/runs/7912/1/cand_004/tamu_2d_fv_gp_csv_vpp_0002.csv
Return code = 0
Elapsed: 13.04 sec
has_err = False
has_conv = True
has_ss = False
has_fin = True
Using VPP file: /homes/aiskhak/projects/GP/runs/7912/1/cand_007/tamu_2d_fv_gp_csv_vpp_0002.csv
VPP columns: ('id', 'u', 'v', 'x', 'y', 'z')
coordinate check: max |r_res-r_cg| = 5.000444502911705e-12
coordinate check: max |z_res-z_cg| = 5.000444502911705e-12
Return code = 0
Elapsed: 13.49 sec
has_err = False
has_conv = True
has_ss = False
has_fin = True
Using VPP file: /homes/aiskhak/projects/GP/runs/7912/1/cand_002/tamu_2d_fv_gp_csv_vpp_0002.csv
VPP columns: ('id', 'u', 'v', 'x', 'y', 'z')
coordinate check: max |r_res-r_cg| = 5.000444502911705e-12
coordinate check: max |z_res-z_cg| = 5.000444502911705e-12
VPP columns: ('id', 'u', 'v', 'x', 'y', 'z')
coordinate check: max |r_res-r_cg| = 5.000444502911705e-12
coordinate check: max |z_res-z_cg| = 5.000444502911705e-12
Return code = 0
Return code = 0
Return code = 0
Elapsed: 14.99 sec
Elapsed: 14.9 sec
Elapsed: 15.12 sec
has_err = False
has_err = False
has_conv = True
has_ss = False
has_conv = True
has_err = False
has_fin = True
has_ss = False
has_fin = True
has_conv = True
has_ss = False
has_fin = True
Using VPP file: /homes/aiskhak/projects/GP/runs/7912/1/cand_006/tamu_2d_fv_gp_csv_vpp_0002.csv
Using VPP file: /homes/aiskhak/projects/GP/runs/7912/1/cand_005/tamu_2d_fv_gp_csv_vpp_0002.csv
Using VPP file: /homes/aiskhak/projects/GP/runs/7912/1/cand_000/tamu_2d_fv_gp_csv_vpp_0002.csv
VPP columns: ('id', 'u', 'v', 'x', 'y', 'z')
coordinate check: max |r_res-r_cg| = 5.000444502911705e-12
coordinate check: max |z_res-z_cg| = 5.000444502911705e-12
VPP columns: ('id', 'u', 'v', 'x', 'y', 'z')
coordinate check: max |r_res-r_cg| = 5.000444502911705e-12
coordinate check: max |z_res-z_cg| = 5.000444502911705e-12
Return code = 0
Elapsed: 16.16 sec
has_err = False
has_conv = True
has_ss = False
has_fin = True
Using VPP file: /homes/aiskhak/projects/GP/runs/7912/2/cand_004/tamu_2d_fv_gp_csv_vpp_0002.csv
VPP columns: ('id', 'u', 'v', 'x', 'y', 'z')
coordinate check: max |r_res-r_cg| = 5.000444502911705e-12
coordinate check: max |z_res-z_cg| = 5.000444502911705e-12
VPP columns: ('id', 'u', 'v', 'x', 'y', 'z')
coordinate check: max |r_res-r_cg| = 5.000444502911705e-12
coordinate check: max |z_res-z_cg| = 5.000444502911705e-12
Return code = 0
Elapsed: 17.59 sec
has_err = False
has_conv = True
has_ss = False
has_fin = True
Using VPP file: /homes/aiskhak/projects/GP/runs/7912/2/cand_002/tamu_2d_fv_gp_csv_vpp_0002.csv
Return code = 0
Elapsed: 17.9 sec
has_err = False
has_conv = True
has_ss = False
has_fin = True
Using VPP file: /homes/aiskhak/projects/GP/runs/7912/2/cand_000/tamu_2d_fv_gp_csv_vpp_0002.csv
VPP columns: ('id', 'u', 'v', 'x', 'y', 'z')
coordinate check: max |r_res-r_cg| = 5.000444502911705e-12
coordinate check: max |z_res-z_cg| = 5.000444502911705e-12
Return code = 0
Elapsed: 17.87 sec
has_err = False
has_conv = True
has_ss = False
has_fin = True
Using VPP file: /homes/aiskhak/projects/GP/runs/7912/2/cand_003/tamu_2d_fv_gp_csv_vpp_0002.csv
VPP columns: ('id', 'u', 'v', 'x', 'y', 'z')
coordinate check: max |r_res-r_cg| = 5.000444502911705e-12
coordinate check: max |z_res-z_cg| = 5.000444502911705e-12
VPP columns: ('id', 'u', 'v', 'x', 'y', 'z')
coordinate check: max |r_res-r_cg| = 5.000444502911705e-12
coordinate check: max |z_res-z_cg| = 5.000444502911705e-12
Return code = 0
Elapsed: 18.55 sec
has_err = False
has_conv = True
has_ss = False
has_fin = True
Using VPP file: /homes/aiskhak/projects/GP/runs/7912/2/cand_005/tamu_2d_fv_gp_csv_vpp_0002.csv
VPP columns: ('id', 'u', 'v', 'x', 'y', 'z')
coordinate check: max |r_res-r_cg| = 5.000444502911705e-12
coordinate check: max |z_res-z_cg| = 5.000444502911705e-12
Return code = 0
Elapsed: 19.95 sec
has_err = False
has_conv = True
has_ss = False
has_fin = True
Using VPP file: /homes/aiskhak/projects/GP/runs/7912/2/cand_001/tamu_2d_fv_gp_csv_vpp_0002.csv
VPP columns: ('id', 'u', 'v', 'x', 'y', 'z')
coordinate check: max |r_res-r_cg| = 5.000444502911705e-12
coordinate check: max |z_res-z_cg| = 5.000444502911705e-12
Return code = 0
Return code = 0
Elapsed: 19.91 sec
Elapsed: 19.92 sec
has_err = False
has_conv = True
has_ss = False
has_fin = True
has_err = False
has_conv = True
has_ss = False
has_fin = True
Using VPP file: /homes/aiskhak/projects/GP/runs/7912/2/cand_007/tamu_2d_fv_gp_csv_vpp_0002.csv
Using VPP file: /homes/aiskhak/projects/GP/runs/7912/2/cand_006/tamu_2d_fv_gp_csv_vpp_0002.csv
VPP columns: ('id', 'u', 'v', 'x', 'y', 'z')
coordinate check: max |r_res-r_cg| = 5.000444502911705e-12
coordinate check: max |z_res-z_cg| = 5.000444502911705e-12
VPP columns: ('id', 'u', 'v', 'x', 'y', 'z')
coordinate check: max |r_res-r_cg| = 5.000444502911705e-12
coordinate check: max |z_res-z_cg| = 5.000444502911705e-12

===== LIVE CHECKPOINT =====
Chunk 1, stage refine_train, candidate batch starting 0, case batch 7/18
Completed result rows: 80
Current best partial candidates:
  n_cases= 10, mean=0.59601457, raw = -1.1*eta_h + -5*eta_y + -0.2
  n_cases= 10, mean=0.59772822, raw = -1.1*eta_h + -5.2*eta_y + -0.2
  n_cases= 10, mean=0.59939744, raw = -1.1*eta_h + -5*eta_y + -0.16
  n_cases= 10, mean=0.60056784, raw = -1.1*eta_h + -5.2*eta_y + -0.16
  n_cases= 10, mean=0.60230291, raw = -1.1*eta_h + -5*eta_y + -0.14
Checkpoint details: /homes/aiskhak/projects/GP/linear_results_linear_refine_best_screen_C1etaH_C2etaY_C3_CeffMin005_chunk1/linear_refine_best_screen_C1etaH_C2etaY_C3_CeffMin005_chunk1_refine_train_details_checkpoint.csv
Checkpoint summary: /homes/aiskhak/projects/GP/linear_results_linear_refine_best_screen_C1etaH_C2etaY_C3_CeffMin005_chunk1/linear_refine_best_screen_C1etaH_C2etaY_C3_CeffMin005_chunk1_refine_train_summary_checkpoint.csv
===========================


===== Stage refine_train, candidate batch starting 0, case batch 8/18 =====
Running 8 tasks with 64 MPI ranks

===== Linear candidate local_id=000, RE=7912, CG=3 =====
raw = -1.1*eta_h + -5.2*eta_y + -0.2
raw min/max = -5.406219626106677 -0.23128370760159772
C_eff min/max = 0.020502474694618866 0.20755339163998235
lm min/max = 0.005167477278830445 0.10590258848821335

===== Linear candidate local_id=001, RE=7912, CG=3 =====
raw = -1.1*eta_h + -5.2*eta_y + -0.16
raw min/max = -5.366219626106677 -0.19128370760159774
C_eff min/max = 0.02050268081365454 0.23276063245141507
lm min/max = 0.005795064441467751 0.10590365316648949

===== Linear candidate local_id=002, RE=7912, CG=3 =====
raw = -1.1*eta_h + -5.2*eta_y + -0.14
raw min/max = -5.346219626106676 -0.17128370760159772
C_eff min/max = 0.020502790224695065 0.24665653539803825
lm min/max = 0.006141032108765922 0.10590421831350581

===== Linear candidate local_id=003, RE=7912, CG=3 =====
raw = -1.1*eta_h + -5.2*eta_y + -0.12
raw min/max = -5.326219626106677 -0.1512837076015977
C_eff min/max = 0.020502904101297976 0.26148522506808186
lm min/max = 0.006510223459190556 0.1059048065267433

===== Linear candidate local_id=004, RE=7912, CG=3 =====
raw = -1.1*eta_h + -5.2*eta_y + -0.08

===== Linear candidate local_id=005, RE=7912, CG=3 =====
raw min/max = -5.286219626106677 -0.11128370760159773
C_eff min/max = 0.02050314598774248 0.29416780393848524
lm min/max = 0.00732392485135735 0.10590605595643286
raw = -1.1*eta_h + -5*eta_y + -0.2

===== Linear candidate local_id=006, RE=7912, CG=3 =====
raw = -1.1*eta_h + -5*eta_y + -0.16
raw min/max = -5.206219626106677 -0.2303197044671777
C_eff min/max = 0.020503691883558238 0.2081227348371384
raw min/max = -5.166219626106677 -0.19031970446717766
C_eff min/max = 0.020503999389693932 0.23340983510787572
lm min/max = 0.005811227704087115 0.10591046408164828
lm min/max = 0.005181652272608739 0.10590887570286811

===== Linear candidate local_id=007, RE=7912, CG=3 =====
raw = -1.1*eta_h + -5*eta_y + -0.14
raw min/max = -5.146219626106676 -0.1703197044671777
C_eff min/max = 0.02050416261892207 0.24734944199332604
lm min/max = 0.006158283472664191 0.10591130721878339
Running case in: /homes/aiskhak/projects/GP/runs/7912/3/cand_001 with fv_app_run.sh
Running case in: /homes/aiskhak/projects/GP/runs/7912/3/cand_002 with fv_app_run.sh
Running case in: /homes/aiskhak/projects/GP/runs/7912/3/cand_003 with fv_app_run.sh
Running case in: /homes/aiskhak/projects/GP/runs/7912/3/cand_005 with fv_app_run.sh
Running case in: /homes/aiskhak/projects/GP/runs/7912/3/cand_004 with fv_app_run.sh
Running case in: /homes/aiskhak/projects/GP/runs/7912/3/cand_006 with fv_app_run.sh
Running case in: /homes/aiskhak/projects/GP/runs/7912/3/cand_000 with fv_app_run.sh
Running case in: /homes/aiskhak/projects/GP/runs/7912/3/cand_007 with fv_app_run.sh
Return code = 0
Elapsed: 34.23 sec
has_err = False
has_conv = True
has_ss = False
has_fin = True
Using VPP file: /homes/aiskhak/projects/GP/runs/7912/3/cand_004/tamu_2d_fv_gp_csv_vpp_0002.csv
VPP columns: ('id', 'u', 'v', 'x', 'y', 'z')
coordinate check: max |r_res-r_cg| = 5.000444502911705e-12
coordinate check: max |z_res-z_cg| = 5.000444502911705e-12
Return code = 0
Elapsed: 35.3 sec
has_err = False
has_conv = True
has_ss = False
has_fin = True
Using VPP file: /homes/aiskhak/projects/GP/runs/7912/3/cand_002/tamu_2d_fv_gp_csv_vpp_0002.csv
VPP columns: ('id', 'u', 'v', 'x', 'y', 'z')
coordinate check: max |r_res-r_cg| = 5.000444502911705e-12
coordinate check: max |z_res-z_cg| = 5.000444502911705e-12
Return code = 0
Elapsed: 36.46 sec
has_err = False
has_conv = True
has_ss = False
has_fin = True
Using VPP file: /homes/aiskhak/projects/GP/runs/7912/3/cand_005/tamu_2d_fv_gp_csv_vpp_0002.csv
VPP columns: ('id', 'u', 'v', 'x', 'y', 'z')
coordinate check: max |r_res-r_cg| = 5.000444502911705e-12
coordinate check: max |z_res-z_cg| = 5.000444502911705e-12
Return code = 0
Elapsed: 37.21 sec
has_err = False
has_conv = True
has_ss = False
has_fin = True
Using VPP file: /homes/aiskhak/projects/GP/runs/7912/3/cand_006/tamu_2d_fv_gp_csv_vpp_0002.csv
VPP columns: ('id', 'u', 'v', 'x', 'y', 'z')
coordinate check: max |r_res-r_cg| = 5.000444502911705e-12
coordinate check: max |z_res-z_cg| = 5.000444502911705e-12
Return code = 0
Elapsed: 39.22 sec
has_err = False
has_conv = True
has_ss = False
has_fin = True
Using VPP file: /homes/aiskhak/projects/GP/runs/7912/3/cand_001/tamu_2d_fv_gp_csv_vpp_0002.csv
Return code = 0
Elapsed: 38.96 sec
has_err = False
has_conv = True
has_ss = False
has_fin = True
Using VPP file: /homes/aiskhak/projects/GP/runs/7912/3/cand_007/tamu_2d_fv_gp_csv_vpp_0002.csv
Return code = 0
Elapsed: 39.28 sec
has_err = False
has_conv = True
has_ss = False
has_fin = True
Using VPP file: /homes/aiskhak/projects/GP/runs/7912/3/cand_003/tamu_2d_fv_gp_csv_vpp_0002.csv
VPP columns: ('id', 'u', 'v', 'x', 'y', 'z')
coordinate check: max |r_res-r_cg| = 5.000444502911705e-12
coordinate check: max |z_res-z_cg| = 5.000444502911705e-12
VPP columns: ('id', 'u', 'v', 'x', 'y', 'z')
coordinate check: max |r_res-r_cg| = 5.000444502911705e-12
coordinate check: max |z_res-z_cg| = 5.000444502911705e-12
Return code = 0
Elapsed: 39.72 sec
has_err = False
has_conv = True
has_ss = False
has_fin = True
Using VPP file: /homes/aiskhak/projects/GP/runs/7912/3/cand_000/tamu_2d_fv_gp_csv_vpp_0002.csv
VPP columns: ('id', 'u', 'v', 'x', 'y', 'z')
coordinate check: max |r_res-r_cg| = 5.000444502911705e-12
coordinate check: max |z_res-z_cg| = 5.000444502911705e-12
VPP columns: ('id', 'u', 'v', 'x', 'y', 'z')
coordinate check: max |r_res-r_cg| = 5.000444502911705e-12
coordinate check: max |z_res-z_cg| = 5.000444502911705e-12

===== LIVE CHECKPOINT =====
Chunk 1, stage refine_train, candidate batch starting 0, case batch 8/18
Completed result rows: 88
Current best partial candidates:
  n_cases= 11, mean=0.57790175, raw = -1.1*eta_h + -5*eta_y + -0.2
  n_cases= 11, mean=0.57986882, raw = -1.1*eta_h + -5*eta_y + -0.16
  n_cases= 11, mean=0.57995311, raw = -1.1*eta_h + -5.2*eta_y + -0.2
  n_cases= 11, mean=0.58139157, raw = -1.1*eta_h + -5.2*eta_y + -0.16
  n_cases= 11, mean=0.58198343, raw = -1.1*eta_h + -5*eta_y + -0.14
Checkpoint details: /homes/aiskhak/projects/GP/linear_results_linear_refine_best_screen_C1etaH_C2etaY_C3_CeffMin005_chunk1/linear_refine_best_screen_C1etaH_C2etaY_C3_CeffMin005_chunk1_refine_train_details_checkpoint.csv
Checkpoint summary: /homes/aiskhak/projects/GP/linear_results_linear_refine_best_screen_C1etaH_C2etaY_C3_CeffMin005_chunk1/linear_refine_best_screen_C1etaH_C2etaY_C3_CeffMin005_chunk1_refine_train_summary_checkpoint.csv
===========================


===== Stage refine_train, candidate batch starting 0, case batch 9/18 =====
Running 8 tasks with 96 MPI ranks

===== Linear candidate local_id=000, RE=7912, CG=4 =====
raw = -1.1*eta_h + -5.2*eta_y + -0.2
raw min/max = -5.403102657986176 -0.2156315452873594
C_eff min/max = 0.020502490170519277 0.21702487078904178
lm min/max = 0.0027072440433366122 0.10614886474141393

===== Linear candidate local_id=001, RE=7912, CG=4 =====
raw = -1.1*eta_h + -5.2*eta_y + -0.16
raw min/max = -5.363102657986176 -0.1756315452873594
C_eff min/max = 0.020502697578609935 0.2435582283632417
lm min/max = 0.0030382304136144104 0.10614993856869921

===== Linear candidate local_id=002, RE=7912, CG=4 =====
raw = -1.1*eta_h + -5.2*eta_y + -0.14
raw min/max = -5.343102657986176 -0.1556315452873594
C_eff min/max = 0.020502807673903507 0.2581794325236725
lm min/max = 0.0032206204213855076 0.10615050857216361

===== Linear candidate local_id=003, RE=7912, CG=4 =====
raw = -1.1*eta_h + -5.2*eta_y + -0.12
raw min/max = -5.323102657986176 -0.13563154528735938
C_eff min/max = 0.020502922262689533 0.2737772121426682
lm min/max = 0.003415192572537022 0.10615110184007633

===== Linear candidate local_id=004, RE=7912, CG=4 =====
raw = -1.1*eta_h + -5.2*eta_y + -0.08
raw min/max = -5.283102657986176 -0.09563154528735937
C_eff min/max = 0.020503165661898196 0.30813586748713484
lm min/max = 0.003843794440517306 0.10615236200649823

===== Linear candidate local_id=005, RE=7912, CG=4 =====
raw = -1.1*eta_h + -5*eta_y + -0.2
raw min/max = -5.203102657986176 -0.21514966500654464
C_eff min/max = 0.020503714971804636 0.21732427414832844
lm min/max = 0.002710978905419639 0.10615520598410656

===== Linear candidate local_id=006, RE=7912, CG=4 =====
raw = -1.1*eta_h + -5*eta_y + -0.16
raw min/max = -5.163102657986176 -0.17514966500654464
C_eff min/max = 0.02050402440114334 0.24389946624638953
lm min/max = 0.003042487134160558 0.10615680801257958

===== Linear candidate local_id=007, RE=7912, CG=4 =====
raw = -1.1*eta_h + -5*eta_y + -0.14
raw min/max = -5.143102657986176 -0.15514966500654465
C_eff min/max = 0.02050418865124657 0.2585435363120537
lm min/max = 0.003225162379220421 0.10615765839523293
Running case in: /homes/aiskhak/projects/GP/runs/7912/4/cand_000 with fv_app_run.sh
Running case in: /homes/aiskhak/projects/GP/runs/7912/4/cand_001 with fv_app_run.sh
Running case in: /homes/aiskhak/projects/GP/runs/7912/4/cand_002 with fv_app_run.sh
Running case in: /homes/aiskhak/projects/GP/runs/7912/4/cand_003 with fv_app_run.sh
Running case in: /homes/aiskhak/projects/GP/runs/7912/4/cand_006 with fv_app_run.sh
Running case in: /homes/aiskhak/projects/GP/runs/7912/4/cand_004 with fv_app_run.sh
Running case in: /homes/aiskhak/projects/GP/runs/7912/4/cand_005 with fv_app_run.sh
Running case in: /homes/aiskhak/projects/GP/runs/7912/4/cand_007 with fv_app_run.sh
Return code = 0
Elapsed: 107.39 sec
has_err = False
has_conv = True
has_ss = False
has_fin = True
Using VPP file: /homes/aiskhak/projects/GP/runs/7912/4/cand_004/tamu_2d_fv_gp_csv_vpp_0002.csv
Return code = 0
Elapsed: 108.78 sec
has_err = False
has_conv = True
has_ss = False
has_fin = True
Using VPP file: /homes/aiskhak/projects/GP/runs/7912/4/cand_007/tamu_2d_fv_gp_csv_vpp_0002.csv
Return code = 0
Elapsed: 112.56 sec
has_err = False
has_conv = True
has_ss = False
has_fin = True
Using VPP file: /homes/aiskhak/projects/GP/runs/7912/4/cand_003/tamu_2d_fv_gp_csv_vpp_0002.csv
VPP columns: ('id', 'u', 'v', 'x', 'y', 'z')
coordinate check: max |r_res-r_cg| = 5.000444502911705e-12
coordinate check: max |z_res-z_cg| = 5.000444502911705e-12
Return code = 0
Elapsed: 123.89 sec
has_err = False
has_conv = True
has_ss = False
has_fin = True
Using VPP file: /homes/aiskhak/projects/GP/runs/7912/4/cand_002/tamu_2d_fv_gp_csv_vpp_0002.csv
VPP columns: ('id', 'u', 'v', 'x', 'y', 'z')
coordinate check: max |r_res-r_cg| = 5.000444502911705e-12
coordinate check: max |z_res-z_cg| = 5.000444502911705e-12
VPP columns: ('id', 'u', 'v', 'x', 'y', 'z')
coordinate check: max |r_res-r_cg| = 5.000444502911705e-12
coordinate check: max |z_res-z_cg| = 5.000444502911705e-12
VPP columns: ('id', 'u', 'v', 'x', 'y', 'z')
coordinate check: max |r_res-r_cg| = 5.000444502911705e-12
coordinate check: max |z_res-z_cg| = 5.000444502911705e-12
Return code = 0
Elapsed: 138.36 sec
has_err = False
has_conv = True
has_ss = False
has_fin = True
Using VPP file: /homes/aiskhak/projects/GP/runs/7912/4/cand_006/tamu_2d_fv_gp_csv_vpp_0002.csv
VPP columns: ('id', 'u', 'v', 'x', 'y', 'z')
coordinate check: max |r_res-r_cg| = 5.000444502911705e-12
coordinate check: max |z_res-z_cg| = 5.000444502911705e-12
Return code = 0
Elapsed: 156.2 sec
has_err = False
has_conv = True
has_ss = False
has_fin = True
Using VPP file: /homes/aiskhak/projects/GP/runs/7912/4/cand_001/tamu_2d_fv_gp_csv_vpp_0002.csv
VPP columns: ('id', 'u', 'v', 'x', 'y', 'z')
coordinate check: max |r_res-r_cg| = 5.000444502911705e-12
coordinate check: max |z_res-z_cg| = 5.000444502911705e-12
Return code = 0
Elapsed: 352.7 sec
has_err = True
has_conv = False
has_ss = False
has_fin = True
Steady failed; trying unsteady fallback
Running case in: /homes/aiskhak/projects/GP/runs/7912/4/cand_000 with fv_app_run_unsteady.sh
Return code = 0
Elapsed: 453.07 sec
has_err = True
has_conv = False
has_ss = False
has_fin = True
Steady failed; trying unsteady fallback
Running case in: /homes/aiskhak/projects/GP/runs/7912/4/cand_005 with fv_app_run_unsteady.sh
Return code = 0
Elapsed: 785.01 sec
has_err = False
has_conv = True
has_ss = True
has_fin = True
Using VPP file: /homes/aiskhak/projects/GP/runs/7912/4/cand_000/tamu_2d_fv_gp_csv_vpp_0027.csv
VPP columns: ('id', 'u', 'v', 'x', 'y', 'z')
coordinate check: max |r_res-r_cg| = 5.000444502911705e-12
coordinate check: max |z_res-z_cg| = 5.000444502911705e-12
Return code = 0
Elapsed: 743.78 sec
has_err = False
has_conv = True
has_ss = True
has_fin = True
Using VPP file: /homes/aiskhak/projects/GP/runs/7912/4/cand_005/tamu_2d_fv_gp_csv_vpp_0027.csv
VPP columns: ('id', 'u', 'v', 'x', 'y', 'z')
coordinate check: max |r_res-r_cg| = 5.000444502911705e-12
coordinate check: max |z_res-z_cg| = 5.000444502911705e-12

===== LIVE CHECKPOINT =====
Chunk 1, stage refine_train, candidate batch starting 0, case batch 9/18
Completed result rows: 96
Current best partial candidates:
  n_cases= 12, mean=0.56604782, raw = -1.1*eta_h + -5*eta_y + -0.16
  n_cases= 12, mean=0.56618776, raw = -1.1*eta_h + -5*eta_y + -0.2
  n_cases= 12, mean=0.56709178, raw = -1.1*eta_h + -5*eta_y + -0.14
  n_cases= 12, mean=0.56802350, raw = -1.1*eta_h + -5.2*eta_y + -0.16
  n_cases= 12, mean=0.56868976, raw = -1.1*eta_h + -5.2*eta_y + -0.2
Checkpoint details: /homes/aiskhak/projects/GP/linear_results_linear_refine_best_screen_C1etaH_C2etaY_C3_CeffMin005_chunk1/linear_refine_best_screen_C1etaH_C2etaY_C3_CeffMin005_chunk1_refine_train_details_checkpoint.csv
Checkpoint summary: /homes/aiskhak/projects/GP/linear_results_linear_refine_best_screen_C1etaH_C2etaY_C3_CeffMin005_chunk1/linear_refine_best_screen_C1etaH_C2etaY_C3_CeffMin005_chunk1_refine_train_summary_checkpoint.csv
===========================


===== Stage refine_train, candidate batch starting 0, case batch 10/18 =====
Running 16 tasks with 64 MPI ranks

===== Linear candidate local_id=000, RE=9000, CG=1 =====
raw = -1.1*eta_h + -5.2*eta_y + -0.2

===== Linear candidate local_id=000, RE=9000, CG=2 =====
raw = -1.1*eta_h + -5.2*eta_y + -0.2
raw min/max = -5.425049782242759 -0.32462422729518536
C_eff min/max = 0.020502383226409147 0.16020421857332248
lm min/max = 0.01575208891923537 0.10527469762753125

===== Linear candidate local_id=001, RE=9000, CG=1 =====
raw = -1.1*eta_h + -5.2*eta_y + -0.16
raw min/max = -5.412445552079248 -0.26239147311287087
C_eff min/max = 0.02050244406992696 0.19012067086259807
lm min/max = 0.00942732627488923 0.1058444652807493
raw min/max = -5.385049782242759 -0.2846242272951854
C_eff min/max = 0.020502581726674483 0.17871665783432084
lm min/max = 0.01757232556436295 0.10527571687759509

===== Linear candidate local_id=001, RE=9000, CG=2 =====
raw = -1.1*eta_h + -5.2*eta_y + -0.16

===== Linear candidate local_id=002, RE=9000, CG=1 =====
raw = -1.1*eta_h + -5.2*eta_y + -0.14
raw min/max = -5.3650497822427585 -0.2646242272951854
C_eff min/max = 0.020502687093538797 0.18893707197795515
raw min/max = -5.372445552079248 -0.22239147311287083
C_eff min/max = 0.020502647638101033 0.2128743759805746
lm min/max = 0.01857724836736801 0.10527625791054028
lm min/max = 0.010555591818749042 0.10584551620738318

===== Linear candidate local_id=002, RE=9000, CG=2 =====
raw = -1.1*eta_h + -5.2*eta_y + -0.14

===== Linear candidate local_id=003, RE=9000, CG=1 =====
raw = -1.1*eta_h + -5.2*eta_y + -0.12
raw min/max = -5.3524455520792475 -0.20239147311287087
C_eff min/max = 0.020502755695099555 0.22542594186787346
raw min/max = -5.345049782242759 -0.24462422729518538
lm min/max = 0.011177973942394358 0.10584607405478857
C_eff min/max = 0.02050279676088954 0.19985749395274835
lm min/max = 0.019650999480256365 0.10527682102542607

===== Linear candidate local_id=003, RE=9000, CG=2 =====
raw = -1.1*eta_h + -5.2*eta_y + -0.12
raw min/max = -5.332445552079248 -0.18239147311287085
C_eff min/max = 0.020502868162390782 0.23882725450072914
lm min/max = 0.011842491620185592 0.10584665467045863

===== Linear candidate local_id=004, RE=9000, CG=1 =====
raw = -1.1*eta_h + -5.2*eta_y + -0.08
raw min/max = -5.305049782242759 -0.20462422729518537
C_eff min/max = 0.020503029706369177 0.2239835250394968
lm min/max = 0.022023192861498467 0.10527801714319744

===== Linear candidate local_id=004, RE=9000, CG=2 =====
raw = -1.1*eta_h + -5.2*eta_y + -0.08

===== Linear candidate local_id=005, RE=9000, CG=1 =====
raw = -1.1*eta_h + -5*eta_y + -0.2
raw min/max = -5.292445552079248 -0.14239147311287084
C_eff min/max = 0.020503107055284988 0.26839242044357386
lm min/max = 0.013308510356864017 0.10584788796199013
raw min/max = -5.225049782242759 -0.32079444094701515
C_eff min/max = 0.020503555423726953 0.16187199499068117
lm min/max = 0.01591607313049766 0.10528071657258894
Running case in: /homes/aiskhak/projects/GP/runs/9000/1/cand_000 with fv_app_run.sh
Running case in: /homes/aiskhak/projects/GP/runs/9000/2/cand_001 with fv_app_run.sh
Running case in: /homes/aiskhak/projects/GP/runs/9000/1/cand_002 with fv_app_run.sh
Running case in: /homes/aiskhak/projects/GP/runs/9000/1/cand_001 with fv_app_run.sh
Running case in: /homes/aiskhak/projects/GP/runs/9000/1/cand_003 with fv_app_run.sh

===== Linear candidate local_id=005, RE=9000, CG=2 =====
raw = -1.1*eta_h + -5*eta_y + -0.2
raw min/max = -5.212445552079248 -0.2604704761500392

===== Linear candidate local_id=006, RE=9000, CG=1 =====
raw = -1.1*eta_h + -5*eta_y + -0.16
raw min/max = -5.185049782242759 -0.2807944409470151
C_eff min/max = 0.02050385156307379 0.18062162949011754
lm min/max = 0.017759632010959415 0.10528223717533301
C_eff min/max = 0.020503646195090798 0.1911460326380214
lm min/max = 0.009478169878390405 0.1058506712869568
Running case in: /homes/aiskhak/projects/GP/runs/9000/1/cand_005 with fv_app_run.sh
Running case in: /homes/aiskhak/projects/GP/runs/9000/1/cand_004 with fv_app_run.sh

===== Linear candidate local_id=006, RE=9000, CG=2 =====
Running case in: /homes/aiskhak/projects/GP/runs/9000/2/cand_000 with fv_app_run.sh
raw = -1.1*eta_h + -5*eta_y + -0.16
raw min/max = -5.172445552079248 -0.22047047615003917
C_eff min/max = 0.02050394989547656 0.21404447170854166
lm min/max = 0.010613612202068495 0.10585223914905299
Running case in: /homes/aiskhak/projects/GP/runs/9000/2/cand_003 with fv_app_run.sh

===== Linear candidate local_id=007, RE=9000, CG=1 =====
raw = -1.1*eta_h + -5*eta_y + -0.14
raw min/max = -5.165049782242758 -0.26079444094701515
C_eff min/max = 0.020504008758582225 0.19097265390363394
lm min/max = 0.01877739707619246 0.1052830443356244

===== Linear candidate local_id=007, RE=9000, CG=2 =====
Running case in: /homes/aiskhak/projects/GP/runs/9000/1/cand_006 with fv_app_run.sh
raw = -1.1*eta_h + -5*eta_y + -0.14
raw min/max = -5.152445552079247 -0.2004704761500392
C_eff min/max = 0.020504111104535875 0.22667542648250727
lm min/max = 0.011239930904171124 0.10585307139552191
Running case in: /homes/aiskhak/projects/GP/runs/9000/2/cand_004 with fv_app_run.sh
Running case in: /homes/aiskhak/projects/GP/runs/9000/2/cand_006 with fv_app_run.sh
Running case in: /homes/aiskhak/projects/GP/runs/9000/1/cand_007 with fv_app_run.sh
Running case in: /homes/aiskhak/projects/GP/runs/9000/2/cand_002 with fv_app_run.sh
Running case in: /homes/aiskhak/projects/GP/runs/9000/2/cand_005 with fv_app_run.sh
Running case in: /homes/aiskhak/projects/GP/runs/9000/2/cand_007 with fv_app_run.sh
Return code = 0
Elapsed: 13.67 sec
has_err = False
has_conv = True
has_ss = False
has_fin = True
Using VPP file: /homes/aiskhak/projects/GP/runs/9000/1/cand_007/tamu_2d_fv_gp_csv_vpp_0002.csv
VPP columns: ('id', 'u', 'v', 'x', 'y', 'z')
coordinate check: max |r_res-r_cg| = 5.000444502911705e-12
coordinate check: max |z_res-z_cg| = 5.000444502911705e-12
Return code = 0
Elapsed: 15.46 sec
has_err = False
has_conv = True
has_ss = False
has_fin = True
Using VPP file: /homes/aiskhak/projects/GP/runs/9000/1/cand_003/tamu_2d_fv_gp_csv_vpp_0002.csv
Return code = 0
Elapsed: 15.74 sec
has_err = False
has_conv = True
has_ss = False
has_fin = True
Using VPP file: /homes/aiskhak/projects/GP/runs/9000/1/cand_004/tamu_2d_fv_gp_csv_vpp_0002.csv
VPP columns: ('id', 'u', 'v', 'x', 'y', 'z')
coordinate check: max |r_res-r_cg| = 5.000444502911705e-12
coordinate check: max |z_res-z_cg| = 5.000444502911705e-12
Return code = 0
Elapsed: 16.16 sec
has_err = False
has_conv = True
has_ss = False
has_fin = True
Using VPP file: /homes/aiskhak/projects/GP/runs/9000/1/cand_001/tamu_2d_fv_gp_csv_vpp_0002.csv
Return code = 0
Elapsed: 16.19 sec
has_err = False
has_conv = True
has_ss = False
has_fin = True
Using VPP file: /homes/aiskhak/projects/GP/runs/9000/1/cand_006/tamu_2d_fv_gp_csv_vpp_0002.csv
VPP columns: ('id', 'u', 'v', 'x', 'y', 'z')
coordinate check: max |r_res-r_cg| = 5.000444502911705e-12
coordinate check: max |z_res-z_cg| = 5.000444502911705e-12
VPP columns: ('id', 'u', 'v', 'x', 'y', 'z')
coordinate check: max |r_res-r_cg| = 5.000444502911705e-12
coordinate check: max |z_res-z_cg| = 5.000444502911705e-12
VPP columns: ('id', 'u', 'v', 'x', 'y', 'z')
coordinate check: max |r_res-r_cg| = 5.000444502911705e-12
coordinate check: max |z_res-z_cg| = 5.000444502911705e-12
Return code = 0
Elapsed: 16.53 sec
has_err = False
has_conv = True
has_ss = False
has_fin = True
Using VPP file: /homes/aiskhak/projects/GP/runs/9000/1/cand_002/tamu_2d_fv_gp_csv_vpp_0002.csv
VPP columns: ('id', 'u', 'v', 'x', 'y', 'z')
coordinate check: max |r_res-r_cg| = 5.000444502911705e-12
coordinate check: max |z_res-z_cg| = 5.000444502911705e-12
Return code = 0
Elapsed: 18.12 sec
has_err = False
has_conv = True
has_ss = False
has_fin = True
Using VPP file: /homes/aiskhak/projects/GP/runs/9000/1/cand_000/tamu_2d_fv_gp_csv_vpp_0002.csv
Return code = 0
Elapsed: 18.3 sec
has_err = True
has_conv = False
has_ss = False
has_fin = True
Steady failed; trying unsteady fallback
Running case in: /homes/aiskhak/projects/GP/runs/9000/1/cand_005 with fv_app_run_unsteady.sh
Return code = 0
Elapsed: 18.52 sec
has_err = False
has_conv = True
has_ss = False
has_fin = True
Using VPP file: /homes/aiskhak/projects/GP/runs/9000/2/cand_001/tamu_2d_fv_gp_csv_vpp_0002.csv
VPP columns: ('id', 'u', 'v', 'x', 'y', 'z')
coordinate check: max |r_res-r_cg| = 5.000444502911705e-12
coordinate check: max |z_res-z_cg| = 5.000444502911705e-12
Return code = 0
Elapsed: 18.84 sec
has_err = False
has_conv = True
has_ss = False
has_fin = True
Using VPP file: /homes/aiskhak/projects/GP/runs/9000/2/cand_007/tamu_2d_fv_gp_csv_vpp_0002.csv
VPP columns: ('id', 'u', 'v', 'x', 'y', 'z')
coordinate check: max |r_res-r_cg| = 5.000444502911705e-12
coordinate check: max |z_res-z_cg| = 5.000444502911705e-12
VPP columns: ('id', 'u', 'v', 'x', 'y', 'z')
coordinate check: max |r_res-r_cg| = 5.000444502911705e-12
coordinate check: max |z_res-z_cg| = 5.000444502911705e-12
Return code = 0
Elapsed: 19.77 sec
has_err = False
has_conv = True
has_ss = False
has_fin = True
Using VPP file: /homes/aiskhak/projects/GP/runs/9000/2/cand_004/tamu_2d_fv_gp_csv_vpp_0002.csv
Return code = 0
Elapsed: 20.37 sec
has_err = False
has_conv = True
has_ss = False
has_fin = True
Using VPP file: /homes/aiskhak/projects/GP/runs/9000/2/cand_003/tamu_2d_fv_gp_csv_vpp_0002.csv
VPP columns: ('id', 'u', 'v', 'x', 'y', 'z')
coordinate check: max |r_res-r_cg| = 5.000444502911705e-12
coordinate check: max |z_res-z_cg| = 5.000444502911705e-12
Return code = 0
Elapsed: 21.31 sec
has_err = False
has_conv = True
has_ss = False
has_fin = True
Using VPP file: /homes/aiskhak/projects/GP/runs/9000/2/cand_002/tamu_2d_fv_gp_csv_vpp_0002.csv
Return code = 0
Elapsed: 23.03 sec
has_err = False
has_conv = True
has_ss = False
has_fin = True
Using VPP file: /homes/aiskhak/projects/GP/runs/9000/2/cand_000/tamu_2d_fv_gp_csv_vpp_0002.csv
VPP columns: ('id', 'u', 'v', 'x', 'y', 'z')
coordinate check: max |r_res-r_cg| = 5.000444502911705e-12
coordinate check: max |z_res-z_cg| = 5.000444502911705e-12
Return code = 0
Elapsed: 23.1 sec
has_err = False
has_conv = True
has_ss = False
has_fin = True
Return code = 0
Elapsed: 23.01 sec
has_err = False
has_conv = True
has_ss = False
has_fin = True
Using VPP file: /homes/aiskhak/projects/GP/runs/9000/2/cand_006/tamu_2d_fv_gp_csv_vpp_0002.csv
Using VPP file: /homes/aiskhak/projects/GP/runs/9000/2/cand_005/tamu_2d_fv_gp_csv_vpp_0002.csv
VPP columns: ('id', 'u', 'v', 'x', 'y', 'z')
coordinate check: max |r_res-r_cg| = 5.000444502911705e-12
coordinate check: max |z_res-z_cg| = 5.000444502911705e-12
VPP columns: ('id', 'u', 'v', 'x', 'y', 'z')
coordinate check: max |r_res-r_cg| = 5.000444502911705e-12
coordinate check: max |z_res-z_cg| = 5.000444502911705e-12
VPP columns: ('id', 'u', 'v', 'x', 'y', 'z')
coordinate check: max |r_res-r_cg| = 5.000444502911705e-12
coordinate check: max |z_res-z_cg| = 5.000444502911705e-12
VPP columns: ('id', 'u', 'v', 'x', 'y', 'z')
coordinate check: max |r_res-r_cg| = 5.000444502911705e-12
coordinate check: max |z_res-z_cg| = 5.000444502911705e-12
Return code = 0
Elapsed: 15.4 sec
has_err = False
has_conv = True
has_ss = True
has_fin = True
Using VPP file: /homes/aiskhak/projects/GP/runs/9000/1/cand_005/tamu_2d_fv_gp_csv_vpp_0025.csv
VPP columns: ('id', 'u', 'v', 'x', 'y', 'z')
coordinate check: max |r_res-r_cg| = 5.000444502911705e-12
coordinate check: max |z_res-z_cg| = 5.000444502911705e-12

===== LIVE CHECKPOINT =====
Chunk 1, stage refine_train, candidate batch starting 0, case batch 10/18
Completed result rows: 112
Current best partial candidates:
  n_cases= 14, mean=0.51565128, raw = -1.1*eta_h + -5*eta_y + -0.2
  n_cases= 14, mean=0.51600838, raw = -1.1*eta_h + -5*eta_y + -0.16
  n_cases= 14, mean=0.51730808, raw = -1.1*eta_h + -5*eta_y + -0.14
  n_cases= 14, mean=0.51833582, raw = -1.1*eta_h + -5.2*eta_y + -0.2
  n_cases= 14, mean=0.51847722, raw = -1.1*eta_h + -5.2*eta_y + -0.16
Checkpoint details: /homes/aiskhak/projects/GP/linear_results_linear_refine_best_screen_C1etaH_C2etaY_C3_CeffMin005_chunk1/linear_refine_best_screen_C1etaH_C2etaY_C3_CeffMin005_chunk1_refine_train_details_checkpoint.csv
Checkpoint summary: /homes/aiskhak/projects/GP/linear_results_linear_refine_best_screen_C1etaH_C2etaY_C3_CeffMin005_chunk1/linear_refine_best_screen_C1etaH_C2etaY_C3_CeffMin005_chunk1_refine_train_summary_checkpoint.csv
===========================


===== Stage refine_train, candidate batch starting 0, case batch 11/18 =====
Running 8 tasks with 64 MPI ranks

===== Linear candidate local_id=000, RE=9000, CG=3 =====
raw = -1.1*eta_h + -5.2*eta_y + -0.2
raw min/max = -5.406219626106677 -0.23128370760159772
C_eff min/max = 0.020502474694618866 0.20755339163998235
lm min/max = 0.005167477278830445 0.10590258848821335

===== Linear candidate local_id=001, RE=9000, CG=3 =====
raw = -1.1*eta_h + -5.2*eta_y + -0.16
raw min/max = -5.366219626106677 -0.19128370760159774
C_eff min/max = 0.02050268081365454 0.23276063245141507
lm min/max = 0.005795064441467751 0.10590365316648949

===== Linear candidate local_id=002, RE=9000, CG=3 =====
raw = -1.1*eta_h + -5.2*eta_y + -0.14
raw min/max = -5.346219626106676 -0.17128370760159772
C_eff min/max = 0.020502790224695065 0.24665653539803825
lm min/max = 0.006141032108765922 0.10590421831350581

===== Linear candidate local_id=003, RE=9000, CG=3 =====
raw = -1.1*eta_h + -5.2*eta_y + -0.12
raw min/max = -5.326219626106677 -0.1512837076015977
C_eff min/max = 0.020502904101297976 0.26148522506808186
lm min/max = 0.006510223459190556 0.1059048065267433

===== Linear candidate local_id=004, RE=9000, CG=3 =====
raw = -1.1*eta_h + -5.2*eta_y + -0.08
raw min/max = -5.286219626106677 -0.11128370760159773
C_eff min/max = 0.02050314598774248 0.29416780393848524
lm min/max = 0.00732392485135735 0.10590605595643286

===== Linear candidate local_id=005, RE=9000, CG=3 =====
raw = -1.1*eta_h + -5*eta_y + -0.2
raw min/max = -5.206219626106677 -0.2303197044671777
C_eff min/max = 0.020503691883558238 0.2081227348371384
lm min/max = 0.005181652272608739 0.10590887570286811

===== Linear candidate local_id=006, RE=9000, CG=3 =====
raw = -1.1*eta_h + -5*eta_y + -0.16
raw min/max = -5.166219626106677 -0.19031970446717766
C_eff min/max = 0.020503999389693932 0.23340983510787572
lm min/max = 0.005811227704087115 0.10591046408164828

===== Linear candidate local_id=007, RE=9000, CG=3 =====
raw = -1.1*eta_h + -5*eta_y + -0.14
raw min/max = -5.146219626106676 -0.1703197044671777
C_eff min/max = 0.02050416261892207 0.24734944199332604
lm min/max = 0.006158283472664191 0.10591130721878339
Running case in: /homes/aiskhak/projects/GP/runs/9000/3/cand_000 with fv_app_run.sh
Running case in: /homes/aiskhak/projects/GP/runs/9000/3/cand_001 with fv_app_run.sh
Running case in: /homes/aiskhak/projects/GP/runs/9000/3/cand_002 with fv_app_run.sh
Running case in: /homes/aiskhak/projects/GP/runs/9000/3/cand_004 with fv_app_run.sh
Running case in: /homes/aiskhak/projects/GP/runs/9000/3/cand_003 with fv_app_run.sh
Running case in: /homes/aiskhak/projects/GP/runs/9000/3/cand_007 with fv_app_run.sh
Running case in: /homes/aiskhak/projects/GP/runs/9000/3/cand_006 with fv_app_run.sh
Running case in: /homes/aiskhak/projects/GP/runs/9000/3/cand_005 with fv_app_run.sh
Return code = 0
Elapsed: 34.32 sec
has_err = False
has_conv = True
has_ss = False
has_fin = True
Using VPP file: /homes/aiskhak/projects/GP/runs/9000/3/cand_005/tamu_2d_fv_gp_csv_vpp_0002.csv
Return code = 0
Elapsed: 34.67 sec
has_err = False
has_conv = True
has_ss = False
has_fin = True
Using VPP file: /homes/aiskhak/projects/GP/runs/9000/3/cand_000/tamu_2d_fv_gp_csv_vpp_0002.csv
VPP columns: ('id', 'u', 'v', 'x', 'y', 'z')
coordinate check: max |r_res-r_cg| = 5.000444502911705e-12
coordinate check: max |z_res-z_cg| = 5.000444502911705e-12
Return code = 0
Elapsed: 34.81 sec
has_err = False
has_conv = True
has_ss = False
has_fin = True
VPP columns: ('id', 'u', 'v', 'x', 'y', 'z')
coordinate check: max |r_res-r_cg| = 5.000444502911705e-12
coordinate check: max |z_res-z_cg| = 5.000444502911705e-12
Using VPP file: /homes/aiskhak/projects/GP/runs/9000/3/cand_003/tamu_2d_fv_gp_csv_vpp_0002.csv
Return code = 0
Elapsed: 36.35 sec
has_err = False
has_conv = True
has_ss = False
has_fin = True
Using VPP file: /homes/aiskhak/projects/GP/runs/9000/3/cand_007/tamu_2d_fv_gp_csv_vpp_0002.csv
VPP columns: ('id', 'u', 'v', 'x', 'y', 'z')
coordinate check: max |r_res-r_cg| = 5.000444502911705e-12
coordinate check: max |z_res-z_cg| = 5.000444502911705e-12
VPP columns: ('id', 'u', 'v', 'x', 'y', 'z')
coordinate check: max |r_res-r_cg| = 5.000444502911705e-12
coordinate check: max |z_res-z_cg| = 5.000444502911705e-12
Return code = 0
Elapsed: 39.52 sec
has_err = False
has_conv = True
has_ss = False
has_fin = True
Using VPP file: /homes/aiskhak/projects/GP/runs/9000/3/cand_001/tamu_2d_fv_gp_csv_vpp_0002.csv
Return code = 0
Elapsed: 39.97 sec
has_err = False
has_conv = True
has_ss = False
has_fin = True
Using VPP file: /homes/aiskhak/projects/GP/runs/9000/3/cand_002/tamu_2d_fv_gp_csv_vpp_0002.csv
VPP columns: ('id', 'u', 'v', 'x', 'y', 'z')
coordinate check: max |r_res-r_cg| = 5.000444502911705e-12
coordinate check: max |z_res-z_cg| = 5.000444502911705e-12
Return code = 0
Elapsed: 40.36 sec
has_err = False
has_conv = True
has_ss = False
has_fin = True
Return code = 0
Elapsed: 40.16 sec
has_err = False
has_conv = True
has_ss = False
has_fin = True
Using VPP file: /homes/aiskhak/projects/GP/runs/9000/3/cand_004/tamu_2d_fv_gp_csv_vpp_0002.csv
Using VPP file: /homes/aiskhak/projects/GP/runs/9000/3/cand_006/tamu_2d_fv_gp_csv_vpp_0002.csv
VPP columns: ('id', 'u', 'v', 'x', 'y', 'z')
coordinate check: max |r_res-r_cg| = 5.000444502911705e-12
coordinate check: max |z_res-z_cg| = 5.000444502911705e-12
VPP columns: ('id', 'u', 'v', 'x', 'y', 'z')
coordinate check: max |r_res-r_cg| = 5.000444502911705e-12
coordinate check: max |z_res-z_cg| = 5.000444502911705e-12
VPP columns: ('id', 'u', 'v', 'x', 'y', 'z')
coordinate check: max |r_res-r_cg| = 5.000444502911705e-12
coordinate check: max |z_res-z_cg| = 5.000444502911705e-12

===== LIVE CHECKPOINT =====
Chunk 1, stage refine_train, candidate batch starting 0, case batch 11/18
Completed result rows: 120
Current best partial candidates:
  n_cases= 15, mean=0.50769291, raw = -1.1*eta_h + -5*eta_y + -0.16
  n_cases= 15, mean=0.50824990, raw = -1.1*eta_h + -5*eta_y + -0.2
  n_cases= 15, mean=0.50848207, raw = -1.1*eta_h + -5*eta_y + -0.14
  n_cases= 15, mean=0.51023466, raw = -1.1*eta_h + -5.2*eta_y + -0.16
  n_cases= 15, mean=0.51081591, raw = -1.1*eta_h + -5.2*eta_y + -0.14
Checkpoint details: /homes/aiskhak/projects/GP/linear_results_linear_refine_best_screen_C1etaH_C2etaY_C3_CeffMin005_chunk1/linear_refine_best_screen_C1etaH_C2etaY_C3_CeffMin005_chunk1_refine_train_details_checkpoint.csv
Checkpoint summary: /homes/aiskhak/projects/GP/linear_results_linear_refine_best_screen_C1etaH_C2etaY_C3_CeffMin005_chunk1/linear_refine_best_screen_C1etaH_C2etaY_C3_CeffMin005_chunk1_refine_train_summary_checkpoint.csv
===========================


===== Stage refine_train, candidate batch starting 0, case batch 12/18 =====
Running 8 tasks with 96 MPI ranks

===== Linear candidate local_id=000, RE=9000, CG=4 =====
raw = -1.1*eta_h + -5.2*eta_y + -0.2
raw min/max = -5.403102657986176 -0.2156315452873594
C_eff min/max = 0.020502490170519277 0.21702487078904178
lm min/max = 0.0027072440433366122 0.10614886474141393

===== Linear candidate local_id=001, RE=9000, CG=4 =====
raw = -1.1*eta_h + -5.2*eta_y + -0.16
raw min/max = -5.363102657986176 -0.1756315452873594
C_eff min/max = 0.020502697578609935 0.2435582283632417
lm min/max = 0.0030382304136144104 0.10614993856869921

===== Linear candidate local_id=002, RE=9000, CG=4 =====
raw = -1.1*eta_h + -5.2*eta_y + -0.14
raw min/max = -5.343102657986176 -0.1556315452873594
C_eff min/max = 0.020502807673903507 0.2581794325236725
lm min/max = 0.0032206204213855076 0.10615050857216361

===== Linear candidate local_id=003, RE=9000, CG=4 =====
raw = -1.1*eta_h + -5.2*eta_y + -0.12
raw min/max = -5.323102657986176 -0.13563154528735938
C_eff min/max = 0.020502922262689533 0.2737772121426682
lm min/max = 0.003415192572537022 0.10615110184007633

===== Linear candidate local_id=004, RE=9000, CG=4 =====
raw = -1.1*eta_h + -5.2*eta_y + -0.08
raw min/max = -5.283102657986176 -0.09563154528735937
C_eff min/max = 0.020503165661898196 0.30813586748713484
lm min/max = 0.003843794440517306 0.10615236200649823

===== Linear candidate local_id=005, RE=9000, CG=4 =====
raw = -1.1*eta_h + -5*eta_y + -0.2
raw min/max = -5.203102657986176 -0.21514966500654464
C_eff min/max = 0.020503714971804636 0.21732427414832844
lm min/max = 0.002710978905419639 0.10615520598410656

===== Linear candidate local_id=006, RE=9000, CG=4 =====
raw = -1.1*eta_h + -5*eta_y + -0.16
raw min/max = -5.163102657986176 -0.17514966500654464
C_eff min/max = 0.02050402440114334 0.24389946624638953
lm min/max = 0.003042487134160558 0.10615680801257958

===== Linear candidate local_id=007, RE=9000, CG=4 =====
raw = -1.1*eta_h + -5*eta_y + -0.14
raw min/max = -5.143102657986176 -0.15514966500654465
C_eff min/max = 0.02050418865124657 0.2585435363120537
lm min/max = 0.003225162379220421 0.10615765839523293
Running case in: /homes/aiskhak/projects/GP/runs/9000/4/cand_000 with fv_app_run.sh
Running case in: /homes/aiskhak/projects/GP/runs/9000/4/cand_001 with fv_app_run.sh
Running case in: /homes/aiskhak/projects/GP/runs/9000/4/cand_002 with fv_app_run.sh
Running case in: /homes/aiskhak/projects/GP/runs/9000/4/cand_005 with fv_app_run.sh
Running case in: /homes/aiskhak/projects/GP/runs/9000/4/cand_006 with fv_app_run.sh
Running case in: /homes/aiskhak/projects/GP/runs/9000/4/cand_004 with fv_app_run.sh
Running case in: /homes/aiskhak/projects/GP/runs/9000/4/cand_007 with fv_app_run.sh
Running case in: /homes/aiskhak/projects/GP/runs/9000/4/cand_003 with fv_app_run.sh
Return code = 0
Elapsed: 104.17 sec
has_err = False
has_conv = True
has_ss = False
has_fin = True
Using VPP file: /homes/aiskhak/projects/GP/runs/9000/4/cand_003/tamu_2d_fv_gp_csv_vpp_0002.csv
Return code = 0
Elapsed: 109.05 sec
has_err = False
has_conv = True
has_ss = False
has_fin = True
Using VPP file: /homes/aiskhak/projects/GP/runs/9000/4/cand_004/tamu_2d_fv_gp_csv_vpp_0002.csv
VPP columns: ('id', 'u', 'v', 'x', 'y', 'z')
coordinate check: max |r_res-r_cg| = 5.000444502911705e-12
coordinate check: max |z_res-z_cg| = 5.000444502911705e-12
VPP columns: ('id', 'u', 'v', 'x', 'y', 'z')
coordinate check: max |r_res-r_cg| = 5.000444502911705e-12
coordinate check: max |z_res-z_cg| = 5.000444502911705e-12
Return code = 0
Elapsed: 119.15 sec
has_err = False
has_conv = True
has_ss = False
has_fin = True
Using VPP file: /homes/aiskhak/projects/GP/runs/9000/4/cand_007/tamu_2d_fv_gp_csv_vpp_0002.csv
VPP columns: ('id', 'u', 'v', 'x', 'y', 'z')
coordinate check: max |r_res-r_cg| = 5.000444502911705e-12
coordinate check: max |z_res-z_cg| = 5.000444502911705e-12
Return code = 0
Elapsed: 137.8 sec
has_err = False
has_conv = True
has_ss = False
has_fin = True
Using VPP file: /homes/aiskhak/projects/GP/runs/9000/4/cand_002/tamu_2d_fv_gp_csv_vpp_0002.csv
VPP columns: ('id', 'u', 'v', 'x', 'y', 'z')
coordinate check: max |r_res-r_cg| = 5.000444502911705e-12
coordinate check: max |z_res-z_cg| = 5.000444502911705e-12
Return code = 0
Elapsed: 156.24 sec
has_err = False
has_conv = True
has_ss = False
has_fin = True
Using VPP file: /homes/aiskhak/projects/GP/runs/9000/4/cand_006/tamu_2d_fv_gp_csv_vpp_0002.csv
VPP columns: ('id', 'u', 'v', 'x', 'y', 'z')
coordinate check: max |r_res-r_cg| = 5.000444502911705e-12
coordinate check: max |z_res-z_cg| = 5.000444502911705e-12
Return code = 0
Elapsed: 281.47 sec
has_err = True
has_conv = False
has_ss = False
has_fin = True
Steady failed; trying unsteady fallback
Running case in: /homes/aiskhak/projects/GP/runs/9000/4/cand_000 with fv_app_run_unsteady.sh
Return code = 0
Elapsed: 285.16 sec
has_err = True
has_conv = False
has_ss = False
has_fin = True
Steady failed; trying unsteady fallback
Running case in: /homes/aiskhak/projects/GP/runs/9000/4/cand_001 with fv_app_run_unsteady.sh
Return code = 0
Elapsed: 404.22 sec
has_err = True
has_conv = False
has_ss = False
has_fin = True
Steady failed; trying unsteady fallback
Running case in: /homes/aiskhak/projects/GP/runs/9000/4/cand_005 with fv_app_run_unsteady.sh
Return code = 0
Elapsed: 738.28 sec
has_err = False
has_conv = True
has_ss = True
has_fin = True
Using VPP file: /homes/aiskhak/projects/GP/runs/9000/4/cand_001/tamu_2d_fv_gp_csv_vpp_0027.csv
VPP columns: ('id', 'u', 'v', 'x', 'y', 'z')
coordinate check: max |r_res-r_cg| = 5.000444502911705e-12
coordinate check: max |z_res-z_cg| = 5.000444502911705e-12
Return code = 0
Elapsed: 684.08 sec
has_err = False
has_conv = True
has_ss = True
has_fin = True
Using VPP file: /homes/aiskhak/projects/GP/runs/9000/4/cand_005/tamu_2d_fv_gp_csv_vpp_0027.csv
VPP columns: ('id', 'u', 'v', 'x', 'y', 'z')
coordinate check: max |r_res-r_cg| = 5.000444502911705e-12
coordinate check: max |z_res-z_cg| = 5.000444502911705e-12
Return code = 0
Elapsed: 851.68 sec
has_err = False
has_conv = True
has_ss = True
has_fin = True
Using VPP file: /homes/aiskhak/projects/GP/runs/9000/4/cand_000/tamu_2d_fv_gp_csv_vpp_0028.csv
VPP columns: ('id', 'u', 'v', 'x', 'y', 'z')
coordinate check: max |r_res-r_cg| = 5.000444502911705e-12
coordinate check: max |z_res-z_cg| = 5.000444502911705e-12

===== LIVE CHECKPOINT =====
Chunk 1, stage refine_train, candidate batch starting 0, case batch 12/18
Completed result rows: 128
Current best partial candidates:
  n_cases= 16, mean=0.50203078, raw = -1.1*eta_h + -5*eta_y + -0.16
  n_cases= 16, mean=0.50205968, raw = -1.1*eta_h + -5*eta_y + -0.14
  n_cases= 16, mean=0.50411491, raw = -1.1*eta_h + -5*eta_y + -0.2
  n_cases= 16, mean=0.50460022, raw = -1.1*eta_h + -5.2*eta_y + -0.14
  n_cases= 16, mean=0.50479988, raw = -1.1*eta_h + -5.2*eta_y + -0.16
Checkpoint details: /homes/aiskhak/projects/GP/linear_results_linear_refine_best_screen_C1etaH_C2etaY_C3_CeffMin005_chunk1/linear_refine_best_screen_C1etaH_C2etaY_C3_CeffMin005_chunk1_refine_train_details_checkpoint.csv
Checkpoint summary: /homes/aiskhak/projects/GP/linear_results_linear_refine_best_screen_C1etaH_C2etaY_C3_CeffMin005_chunk1/linear_refine_best_screen_C1etaH_C2etaY_C3_CeffMin005_chunk1_refine_train_summary_checkpoint.csv
===========================


===== Stage refine_train, candidate batch starting 0, case batch 13/18 =====
Running 16 tasks with 64 MPI ranks

===== Linear candidate local_id=000, RE=10622, CG=1 =====
raw = -1.1*eta_h + -5.2*eta_y + -0.2

===== Linear candidate local_id=000, RE=10622, CG=2 =====
raw = -1.1*eta_h + -5.2*eta_y + -0.2

===== Linear candidate local_id=001, RE=10622, CG=1 =====
raw = -1.1*eta_h + -5.2*eta_y + -0.16
raw min/max = -5.425049782242759 -0.32462422729518536
C_eff min/max = 0.020502383226409147 0.16020421857332248
lm min/max = 0.01575208891923537 0.10527469762753125
raw min/max = -5.412445552079248 -0.26239147311287087
C_eff min/max = 0.02050244406992696 0.19012067086259807
lm min/max = 0.00942732627488923 0.1058444652807493
raw min/max = -5.385049782242759 -0.2846242272951854
C_eff min/max = 0.020502581726674483 0.17871665783432084
lm min/max = 0.01757232556436295 0.10527571687759509

===== Linear candidate local_id=001, RE=10622, CG=2 =====

===== Linear candidate local_id=002, RE=10622, CG=1 =====
raw = -1.1*eta_h + -5.2*eta_y + -0.14
raw = -1.1*eta_h + -5.2*eta_y + -0.16
raw min/max = -5.3650497822427585 -0.2646242272951854
C_eff min/max = 0.020502687093538797 0.18893707197795515
raw min/max = -5.372445552079248 -0.22239147311287083
lm min/max = 0.01857724836736801 0.10527625791054028
C_eff min/max = 0.020502647638101033 0.2128743759805746
lm min/max = 0.010555591818749042 0.10584551620738318

===== Linear candidate local_id=002, RE=10622, CG=2 =====
raw = -1.1*eta_h + -5.2*eta_y + -0.14
raw min/max = -5.3524455520792475 -0.20239147311287087
C_eff min/max = 0.020502755695099555 0.22542594186787346
lm min/max = 0.011177973942394358 0.10584607405478857

===== Linear candidate local_id=003, RE=10622, CG=1 =====
raw = -1.1*eta_h + -5.2*eta_y + -0.12
raw min/max = -5.345049782242759 -0.24462422729518538
C_eff min/max = 0.02050279676088954 0.19985749395274835
lm min/max = 0.019650999480256365 0.10527682102542607

===== Linear candidate local_id=003, RE=10622, CG=2 =====
raw = -1.1*eta_h + -5.2*eta_y + -0.12
raw min/max = -5.332445552079248 -0.18239147311287085
C_eff min/max = 0.020502868162390782 0.23882725450072914
lm min/max = 0.011842491620185592 0.10584665467045863
Running case in: /homes/aiskhak/projects/GP/runs/10622/1/cand_001 with fv_app_run.sh

===== Linear candidate local_id=004, RE=10622, CG=1 =====
raw = -1.1*eta_h + -5.2*eta_y + -0.08
raw min/max = -5.305049782242759 -0.20462422729518537
C_eff min/max = 0.020503029706369177 0.2239835250394968
lm min/max = 0.022023192861498467 0.10527801714319744

===== Linear candidate local_id=004, RE=10622, CG=2 =====
raw = -1.1*eta_h + -5.2*eta_y + -0.08
raw min/max = -5.292445552079248 -0.14239147311287084
C_eff min/max = 0.020503107055284988 0.26839242044357386
Running case in: /homes/aiskhak/projects/GP/runs/10622/1/cand_000 with fv_app_run.sh
lm min/max = 0.013308510356864017 0.10584788796199013
Running case in: /homes/aiskhak/projects/GP/runs/10622/2/cand_000 with fv_app_run.sh

===== Linear candidate local_id=005, RE=10622, CG=1 =====
raw = -1.1*eta_h + -5*eta_y + -0.2
raw min/max = -5.225049782242759 -0.32079444094701515
C_eff min/max = 0.020503555423726953 0.16187199499068117
lm min/max = 0.01591607313049766 0.10528071657258894
Running case in: /homes/aiskhak/projects/GP/runs/10622/1/cand_002 with fv_app_run.sh
Running case in: /homes/aiskhak/projects/GP/runs/10622/1/cand_003 with fv_app_run.sh
Running case in: /homes/aiskhak/projects/GP/runs/10622/1/cand_004 with fv_app_run.sh

===== Linear candidate local_id=005, RE=10622, CG=2 =====
raw = -1.1*eta_h + -5*eta_y + -0.2
raw min/max = -5.212445552079248 -0.2604704761500392

===== Linear candidate local_id=006, RE=10622, CG=1 =====
C_eff min/max = 0.020503646195090798 0.1911460326380214
raw = -1.1*eta_h + -5*eta_y + -0.16
lm min/max = 0.009478169878390405 0.1058506712869568
raw min/max = -5.185049782242759 -0.2807944409470151
C_eff min/max = 0.02050385156307379 0.18062162949011754
lm min/max = 0.017759632010959415 0.10528223717533301
Running case in: /homes/aiskhak/projects/GP/runs/10622/2/cand_001 with fv_app_run.sh
Running case in: /homes/aiskhak/projects/GP/runs/10622/1/cand_005 with fv_app_run.sh

===== Linear candidate local_id=006, RE=10622, CG=2 =====
raw = -1.1*eta_h + -5*eta_y + -0.16
raw min/max = -5.172445552079248 -0.22047047615003917
C_eff min/max = 0.02050394989547656 0.21404447170854166
lm min/max = 0.010613612202068495 0.10585223914905299

===== Linear candidate local_id=007, RE=10622, CG=1 =====
raw = -1.1*eta_h + -5*eta_y + -0.14
Running case in: /homes/aiskhak/projects/GP/runs/10622/2/cand_003 with fv_app_run.sh
raw min/max = -5.165049782242758 -0.26079444094701515
C_eff min/max = 0.020504008758582225 0.19097265390363394
lm min/max = 0.01877739707619246 0.1052830443356244
Running case in: /homes/aiskhak/projects/GP/runs/10622/2/cand_004 with fv_app_run.sh

===== Linear candidate local_id=007, RE=10622, CG=2 =====
raw = -1.1*eta_h + -5*eta_y + -0.14
raw min/max = -5.152445552079247 -0.2004704761500392
C_eff min/max = 0.020504111104535875 0.22667542648250727
lm min/max = 0.011239930904171124 0.10585307139552191
Running case in: /homes/aiskhak/projects/GP/runs/10622/2/cand_002 with fv_app_run.sh
Running case in: /homes/aiskhak/projects/GP/runs/10622/1/cand_006 with fv_app_run.sh
Running case in: /homes/aiskhak/projects/GP/runs/10622/2/cand_005 with fv_app_run.sh
Running case in: /homes/aiskhak/projects/GP/runs/10622/1/cand_007 with fv_app_run.sh
Running case in: /homes/aiskhak/projects/GP/runs/10622/2/cand_006 with fv_app_run.sh
Running case in: /homes/aiskhak/projects/GP/runs/10622/2/cand_007 with fv_app_run.sh
Return code = 0
Elapsed: 13.2 sec
has_err = False
has_conv = True
has_ss = False
has_fin = True
Using VPP file: /homes/aiskhak/projects/GP/runs/10622/1/cand_004/tamu_2d_fv_gp_csv_vpp_0002.csv
VPP columns: ('id', 'u', 'v', 'x', 'y', 'z')
coordinate check: max |r_res-r_cg| = 5.000444502911705e-12
coordinate check: max |z_res-z_cg| = 5.000444502911705e-12
Return code = 0
Elapsed: 13.39 sec
has_err = False
has_conv = True
has_ss = False
has_fin = True
Using VPP file: /homes/aiskhak/projects/GP/runs/10622/1/cand_007/tamu_2d_fv_gp_csv_vpp_0002.csv
VPP columns: ('id', 'u', 'v', 'x', 'y', 'z')
coordinate check: max |r_res-r_cg| = 5.000444502911705e-12
coordinate check: max |z_res-z_cg| = 5.000444502911705e-12
Return code = 0
Elapsed: 13.73 sec
has_err = False
has_conv = True
has_ss = False
has_fin = True
Using VPP file: /homes/aiskhak/projects/GP/runs/10622/1/cand_003/tamu_2d_fv_gp_csv_vpp_0002.csv
VPP columns: ('id', 'u', 'v', 'x', 'y', 'z')
coordinate check: max |r_res-r_cg| = 5.000444502911705e-12
coordinate check: max |z_res-z_cg| = 5.000444502911705e-12
Return code = 0
Elapsed: 14.39 sec
has_err = False
has_conv = True
has_ss = False
has_fin = True
Using VPP file: /homes/aiskhak/projects/GP/runs/10622/1/cand_002/tamu_2d_fv_gp_csv_vpp_0002.csv
VPP columns: ('id', 'u', 'v', 'x', 'y', 'z')
coordinate check: max |r_res-r_cg| = 5.000444502911705e-12
coordinate check: max |z_res-z_cg| = 5.000444502911705e-12
Return code = 0
Elapsed: 14.85 sec
has_err = False
has_conv = True
has_ss = False
has_fin = True
Using VPP file: /homes/aiskhak/projects/GP/runs/10622/1/cand_000/tamu_2d_fv_gp_csv_vpp_0002.csv
VPP columns: ('id', 'u', 'v', 'x', 'y', 'z')
coordinate check: max |r_res-r_cg| = 5.000444502911705e-12
coordinate check: max |z_res-z_cg| = 5.000444502911705e-12
Return code = 0
Elapsed: 14.71 sec
has_err = False
has_conv = True
has_ss = False
has_fin = True
Using VPP file: /homes/aiskhak/projects/GP/runs/10622/1/cand_005/tamu_2d_fv_gp_csv_vpp_0002.csv
VPP columns: ('id', 'u', 'v', 'x', 'y', 'z')
coordinate check: max |r_res-r_cg| = 5.000444502911705e-12
coordinate check: max |z_res-z_cg| = 5.000444502911705e-12
Return code = 0
Elapsed: 14.86 sec
has_err = False
has_conv = True
has_ss = False
has_fin = True
Using VPP file: /homes/aiskhak/projects/GP/runs/10622/1/cand_006/tamu_2d_fv_gp_csv_vpp_0002.csv
VPP columns: ('id', 'u', 'v', 'x', 'y', 'z')
coordinate check: max |r_res-r_cg| = 5.000444502911705e-12
coordinate check: max |z_res-z_cg| = 5.000444502911705e-12
Return code = 0
Elapsed: 16.12 sec
has_err = False
has_conv = True
has_ss = False
has_fin = True
Using VPP file: /homes/aiskhak/projects/GP/runs/10622/1/cand_001/tamu_2d_fv_gp_csv_vpp_0002.csv
VPP columns: ('id', 'u', 'v', 'x', 'y', 'z')
coordinate check: max |r_res-r_cg| = 5.000444502911705e-12
coordinate check: max |z_res-z_cg| = 5.000444502911705e-12
Return code = 0
Elapsed: 17.26 sec
has_err = False
has_conv = True
has_ss = False
has_fin = True
Using VPP file: /homes/aiskhak/projects/GP/runs/10622/2/cand_004/tamu_2d_fv_gp_csv_vpp_0002.csv
VPP columns: ('id', 'u', 'v', 'x', 'y', 'z')
coordinate check: max |r_res-r_cg| = 5.000444502911705e-12
coordinate check: max |z_res-z_cg| = 5.000444502911705e-12
Return code = 0
Elapsed: 18.71 sec
has_err = False
has_conv = True
has_ss = False
has_fin = True
Using VPP file: /homes/aiskhak/projects/GP/runs/10622/2/cand_005/tamu_2d_fv_gp_csv_vpp_0002.csv
Return code = 0
Elapsed: 19.05 sec
has_err = False
has_conv = True
has_ss = False
has_fin = True
Using VPP file: /homes/aiskhak/projects/GP/runs/10622/2/cand_001/tamu_2d_fv_gp_csv_vpp_0002.csv
VPP columns: ('id', 'u', 'v', 'x', 'y', 'z')
coordinate check: max |r_res-r_cg| = 5.000444502911705e-12
coordinate check: max |z_res-z_cg| = 5.000444502911705e-12
Return code = 0
Elapsed: 21.17 sec
has_err = False
has_conv = True
has_ss = False
has_fin = True
Using VPP file: /homes/aiskhak/projects/GP/runs/10622/2/cand_000/tamu_2d_fv_gp_csv_vpp_0002.csv
Return code = 0
Elapsed: 21.33 sec
has_err = False
has_conv = True
has_ss = False
has_fin = True
Using VPP file: /homes/aiskhak/projects/GP/runs/10622/2/cand_003/tamu_2d_fv_gp_csv_vpp_0002.csv
VPP columns: ('id', 'u', 'v', 'x', 'y', 'z')
coordinate check: max |r_res-r_cg| = 5.000444502911705e-12
coordinate check: max |z_res-z_cg| = 5.000444502911705e-12
Return code = 0
Elapsed: 21.58 sec
has_err = False
has_conv = True
has_ss = False
has_fin = True
Return code = 0
Elapsed: 21.38 sec
has_err = False
has_conv = True
has_ss = False
has_fin = True
Using VPP file: /homes/aiskhak/projects/GP/runs/10622/2/cand_002/tamu_2d_fv_gp_csv_vpp_0002.csv
Using VPP file: /homes/aiskhak/projects/GP/runs/10622/2/cand_007/tamu_2d_fv_gp_csv_vpp_0002.csv
VPP columns: ('id', 'u', 'v', 'x', 'y', 'z')
coordinate check: max |r_res-r_cg| = 5.000444502911705e-12
coordinate check: max |z_res-z_cg| = 5.000444502911705e-12
VPP columns: ('id', 'u', 'v', 'x', 'y', 'z')
coordinate check: max |r_res-r_cg| = 5.000444502911705e-12
coordinate check: max |z_res-z_cg| = 5.000444502911705e-12
Return code = 0
Elapsed: 21.68 sec
has_err = False
has_conv = True
has_ss = False
has_fin = True
Using VPP file: /homes/aiskhak/projects/GP/runs/10622/2/cand_006/tamu_2d_fv_gp_csv_vpp_0002.csv
VPP columns: ('id', 'u', 'v', 'x', 'y', 'z')
coordinate check: max |r_res-r_cg| = 5.000444502911705e-12
coordinate check: max |z_res-z_cg| = 5.000444502911705e-12
VPP columns: ('id', 'u', 'v', 'x', 'y', 'z')
coordinate check: max |r_res-r_cg| = 5.000444502911705e-12
coordinate check: max |z_res-z_cg| = 5.000444502911705e-12
VPP columns: ('id', 'u', 'v', 'x', 'y', 'z')
coordinate check: max |r_res-r_cg| = 5.000444502911705e-12
coordinate check: max |z_res-z_cg| = 5.000444502911705e-12

===== LIVE CHECKPOINT =====
Chunk 1, stage refine_train, candidate batch starting 0, case batch 13/18
Completed result rows: 144
Current best partial candidates:
  n_cases= 18, mean=0.46609248, raw = -1.1*eta_h + -5*eta_y + -0.16
  n_cases= 18, mean=0.46645195, raw = -1.1*eta_h + -5*eta_y + -0.14
  n_cases= 18, mean=0.46760244, raw = -1.1*eta_h + -5*eta_y + -0.2
  n_cases= 18, mean=0.46912396, raw = -1.1*eta_h + -5.2*eta_y + -0.16
  n_cases= 18, mean=0.46937805, raw = -1.1*eta_h + -5.2*eta_y + -0.14
Checkpoint details: /homes/aiskhak/projects/GP/linear_results_linear_refine_best_screen_C1etaH_C2etaY_C3_CeffMin005_chunk1/linear_refine_best_screen_C1etaH_C2etaY_C3_CeffMin005_chunk1_refine_train_details_checkpoint.csv
Checkpoint summary: /homes/aiskhak/projects/GP/linear_results_linear_refine_best_screen_C1etaH_C2etaY_C3_CeffMin005_chunk1/linear_refine_best_screen_C1etaH_C2etaY_C3_CeffMin005_chunk1_refine_train_summary_checkpoint.csv
===========================


===== Stage refine_train, candidate batch starting 0, case batch 14/18 =====
Running 8 tasks with 64 MPI ranks

===== Linear candidate local_id=000, RE=10622, CG=3 =====
raw = -1.1*eta_h + -5.2*eta_y + -0.2
raw min/max = -5.406219626106677 -0.23128370760159772
C_eff min/max = 0.020502474694618866 0.20755339163998235
lm min/max = 0.005167477278830445 0.10590258848821335

===== Linear candidate local_id=001, RE=10622, CG=3 =====
raw = -1.1*eta_h + -5.2*eta_y + -0.16
raw min/max = -5.366219626106677 -0.19128370760159774
C_eff min/max = 0.02050268081365454 0.23276063245141507
lm min/max = 0.005795064441467751 0.10590365316648949

===== Linear candidate local_id=002, RE=10622, CG=3 =====
raw = -1.1*eta_h + -5.2*eta_y + -0.14
raw min/max = -5.346219626106676 -0.17128370760159772
C_eff min/max = 0.020502790224695065 0.24665653539803825
lm min/max = 0.006141032108765922 0.10590421831350581

===== Linear candidate local_id=003, RE=10622, CG=3 =====
raw = -1.1*eta_h + -5.2*eta_y + -0.12
raw min/max = -5.326219626106677 -0.1512837076015977
C_eff min/max = 0.020502904101297976 0.26148522506808186
lm min/max = 0.006510223459190556 0.1059048065267433

===== Linear candidate local_id=004, RE=10622, CG=3 =====
raw = -1.1*eta_h + -5.2*eta_y + -0.08
raw min/max = -5.286219626106677 -0.11128370760159773
C_eff min/max = 0.02050314598774248 0.29416780393848524
lm min/max = 0.00732392485135735 0.10590605595643286

===== Linear candidate local_id=005, RE=10622, CG=3 =====
raw = -1.1*eta_h + -5*eta_y + -0.2
raw min/max = -5.206219626106677 -0.2303197044671777
C_eff min/max = 0.020503691883558238 0.2081227348371384
lm min/max = 0.005181652272608739 0.10590887570286811

===== Linear candidate local_id=006, RE=10622, CG=3 =====
raw = -1.1*eta_h + -5*eta_y + -0.16
raw min/max = -5.166219626106677 -0.19031970446717766
C_eff min/max = 0.020503999389693932 0.23340983510787572
lm min/max = 0.005811227704087115 0.10591046408164828

===== Linear candidate local_id=007, RE=10622, CG=3 =====
raw = -1.1*eta_h + -5*eta_y + -0.14
raw min/max = -5.146219626106676 -0.1703197044671777
C_eff min/max = 0.02050416261892207 0.24734944199332604
lm min/max = 0.006158283472664191 0.10591130721878339
Running case in: /homes/aiskhak/projects/GP/runs/10622/3/cand_000 with fv_app_run.sh
Running case in: /homes/aiskhak/projects/GP/runs/10622/3/cand_002 with fv_app_run.sh
Running case in: /homes/aiskhak/projects/GP/runs/10622/3/cand_001 with fv_app_run.sh
Running case in: /homes/aiskhak/projects/GP/runs/10622/3/cand_004 with fv_app_run.sh
Running case in: /homes/aiskhak/projects/GP/runs/10622/3/cand_003 with fv_app_run.sh
Running case in: /homes/aiskhak/projects/GP/runs/10622/3/cand_005 with fv_app_run.sh
Running case in: /homes/aiskhak/projects/GP/runs/10622/3/cand_007 with fv_app_run.sh
Running case in: /homes/aiskhak/projects/GP/runs/10622/3/cand_006 with fv_app_run.sh
Return code = 0
Elapsed: 35.91 sec
has_err = False
has_conv = True
has_ss = False
has_fin = True
Using VPP file: /homes/aiskhak/projects/GP/runs/10622/3/cand_002/tamu_2d_fv_gp_csv_vpp_0002.csv
Return code = 0
Elapsed: 35.91 sec
has_err = False
has_conv = True
has_ss = False
has_fin = True
Using VPP file: /homes/aiskhak/projects/GP/runs/10622/3/cand_005/tamu_2d_fv_gp_csv_vpp_0002.csv
Return code = 0
Elapsed: 36.13 sec
has_err = False
has_conv = True
has_ss = False
has_fin = True
Using VPP file: /homes/aiskhak/projects/GP/runs/10622/3/cand_003/tamu_2d_fv_gp_csv_vpp_0002.csv
VPP columns: ('id', 'u', 'v', 'x', 'y', 'z')
coordinate check: max |r_res-r_cg| = 5.000444502911705e-12
coordinate check: max |z_res-z_cg| = 5.000444502911705e-12
Return code = 0
Elapsed: 36.35 sec
has_err = False
has_conv = True
has_ss = False
has_fin = True
Using VPP file: /homes/aiskhak/projects/GP/runs/10622/3/cand_004/tamu_2d_fv_gp_csv_vpp_0002.csv
VPP columns: ('id', 'u', 'v', 'x', 'y', 'z')
coordinate check: max |r_res-r_cg| = 5.000444502911705e-12
coordinate check: max |z_res-z_cg| = 5.000444502911705e-12
Return code = 0
Elapsed: 36.98 sec
has_err = False
has_conv = True
has_ss = False
has_fin = True
Using VPP file: /homes/aiskhak/projects/GP/runs/10622/3/cand_006/tamu_2d_fv_gp_csv_vpp_0002.csv
VPP columns: ('id', 'u', 'v', 'x', 'y', 'z')
coordinate check: max |r_res-r_cg| = 5.000444502911705e-12
coordinate check: max |z_res-z_cg| = 5.000444502911705e-12
VPP columns: ('id', 'u', 'v', 'x', 'y', 'z')
coordinate check: max |r_res-r_cg| = 5.000444502911705e-12
coordinate check: max |z_res-z_cg| = 5.000444502911705e-12
Return code = 0
Elapsed: 38.06 sec
has_err = False
has_conv = True
has_ss = False
has_fin = True
Using VPP file: /homes/aiskhak/projects/GP/runs/10622/3/cand_001/tamu_2d_fv_gp_csv_vpp_0002.csv
VPP columns: ('id', 'u', 'v', 'x', 'y', 'z')
coordinate check: max |r_res-r_cg| = 5.000444502911705e-12
coordinate check: max |z_res-z_cg| = 5.000444502911705e-12
Return code = 0
Elapsed: 38.66 sec
has_err = False
has_conv = True
has_ss = False
has_fin = True
Using VPP file: /homes/aiskhak/projects/GP/runs/10622/3/cand_007/tamu_2d_fv_gp_csv_vpp_0002.csv
VPP columns: ('id', 'u', 'v', 'x', 'y', 'z')
coordinate check: max |r_res-r_cg| = 5.000444502911705e-12
coordinate check: max |z_res-z_cg| = 5.000444502911705e-12
VPP columns: ('id', 'u', 'v', 'x', 'y', 'z')
coordinate check: max |r_res-r_cg| = 5.000444502911705e-12
coordinate check: max |z_res-z_cg| = 5.000444502911705e-12
Return code = 0
Elapsed: 43.85 sec
has_err = False
has_conv = True
has_ss = False
has_fin = True
Using VPP file: /homes/aiskhak/projects/GP/runs/10622/3/cand_000/tamu_2d_fv_gp_csv_vpp_0002.csv
VPP columns: ('id', 'u', 'v', 'x', 'y', 'z')
coordinate check: max |r_res-r_cg| = 5.000444502911705e-12
coordinate check: max |z_res-z_cg| = 5.000444502911705e-12

===== LIVE CHECKPOINT =====
Chunk 1, stage refine_train, candidate batch starting 0, case batch 14/18
Completed result rows: 152
Current best partial candidates:
  n_cases= 19, mean=0.46335809, raw = -1.1*eta_h + -5*eta_y + -0.14
  n_cases= 19, mean=0.46339071, raw = -1.1*eta_h + -5*eta_y + -0.16
  n_cases= 19, mean=0.46556815, raw = -1.1*eta_h + -5*eta_y + -0.2
  n_cases= 19, mean=0.46621216, raw = -1.1*eta_h + -5.2*eta_y + -0.14
  n_cases= 19, mean=0.46636755, raw = -1.1*eta_h + -5.2*eta_y + -0.16
Checkpoint details: /homes/aiskhak/projects/GP/linear_results_linear_refine_best_screen_C1etaH_C2etaY_C3_CeffMin005_chunk1/linear_refine_best_screen_C1etaH_C2etaY_C3_CeffMin005_chunk1_refine_train_details_checkpoint.csv
Checkpoint summary: /homes/aiskhak/projects/GP/linear_results_linear_refine_best_screen_C1etaH_C2etaY_C3_CeffMin005_chunk1/linear_refine_best_screen_C1etaH_C2etaY_C3_CeffMin005_chunk1_refine_train_summary_checkpoint.csv
===========================


===== Stage refine_train, candidate batch starting 0, case batch 15/18 =====
Running 8 tasks with 96 MPI ranks

===== Linear candidate local_id=000, RE=10622, CG=4 =====
raw = -1.1*eta_h + -5.2*eta_y + -0.2
raw min/max = -5.403102657986176 -0.2156315452873594
C_eff min/max = 0.020502490170519277 0.21702487078904178
lm min/max = 0.0027072440433366122 0.10614886474141393

===== Linear candidate local_id=001, RE=10622, CG=4 =====
raw = -1.1*eta_h + -5.2*eta_y + -0.16
raw min/max = -5.363102657986176 -0.1756315452873594
C_eff min/max = 0.020502697578609935 0.2435582283632417
lm min/max = 0.0030382304136144104 0.10614993856869921

===== Linear candidate local_id=002, RE=10622, CG=4 =====
raw = -1.1*eta_h + -5.2*eta_y + -0.14
raw min/max = -5.343102657986176 -0.1556315452873594
C_eff min/max = 0.020502807673903507 0.2581794325236725
lm min/max = 0.0032206204213855076 0.10615050857216361

===== Linear candidate local_id=003, RE=10622, CG=4 =====
raw = -1.1*eta_h + -5.2*eta_y + -0.12
raw min/max = -5.323102657986176 -0.13563154528735938
C_eff min/max = 0.020502922262689533 0.2737772121426682
lm min/max = 0.003415192572537022 0.10615110184007633

===== Linear candidate local_id=004, RE=10622, CG=4 =====
raw = -1.1*eta_h + -5.2*eta_y + -0.08
raw min/max = -5.283102657986176 -0.09563154528735937
C_eff min/max = 0.020503165661898196 0.30813586748713484
lm min/max = 0.003843794440517306 0.10615236200649823

===== Linear candidate local_id=005, RE=10622, CG=4 =====
raw = -1.1*eta_h + -5*eta_y + -0.2
raw min/max = -5.203102657986176 -0.21514966500654464
C_eff min/max = 0.020503714971804636 0.21732427414832844
lm min/max = 0.002710978905419639 0.10615520598410656

===== Linear candidate local_id=006, RE=10622, CG=4 =====
raw = -1.1*eta_h + -5*eta_y + -0.16
raw min/max = -5.163102657986176 -0.17514966500654464
C_eff min/max = 0.02050402440114334 0.24389946624638953
lm min/max = 0.003042487134160558 0.10615680801257958

===== Linear candidate local_id=007, RE=10622, CG=4 =====
raw = -1.1*eta_h + -5*eta_y + -0.14
raw min/max = -5.143102657986176 -0.15514966500654465
C_eff min/max = 0.02050418865124657 0.2585435363120537
lm min/max = 0.003225162379220421 0.10615765839523293
Running case in: /homes/aiskhak/projects/GP/runs/10622/4/cand_004 with fv_app_run.sh
Running case in: /homes/aiskhak/projects/GP/runs/10622/4/cand_003 with fv_app_run.sh
Running case in: /homes/aiskhak/projects/GP/runs/10622/4/cand_000 with fv_app_run.sh
Running case in: /homes/aiskhak/projects/GP/runs/10622/4/cand_005 with fv_app_run.sh
Running case in: /homes/aiskhak/projects/GP/runs/10622/4/cand_001 with fv_app_run.sh
Running case in: /homes/aiskhak/projects/GP/runs/10622/4/cand_002 with fv_app_run.sh
Running case in: /homes/aiskhak/projects/GP/runs/10622/4/cand_006 with fv_app_run.sh
Running case in: /homes/aiskhak/projects/GP/runs/10622/4/cand_007 with fv_app_run.sh
Return code = 0
Elapsed: 107.76 sec
has_err = False
has_conv = True
has_ss = False
has_fin = True
Using VPP file: /homes/aiskhak/projects/GP/runs/10622/4/cand_004/tamu_2d_fv_gp_csv_vpp_0002.csv
Return code = 0
Elapsed: 108.71 sec
has_err = False
has_conv = True
has_ss = False
has_fin = True
Using VPP file: /homes/aiskhak/projects/GP/runs/10622/4/cand_003/tamu_2d_fv_gp_csv_vpp_0002.csv
VPP columns: ('id', 'u', 'v', 'x', 'y', 'z')
coordinate check: max |r_res-r_cg| = 5.000444502911705e-12
coordinate check: max |z_res-z_cg| = 5.000444502911705e-12
VPP columns: ('id', 'u', 'v', 'x', 'y', 'z')
coordinate check: max |r_res-r_cg| = 5.000444502911705e-12
coordinate check: max |z_res-z_cg| = 5.000444502911705e-12
Return code = 0
Elapsed: 130.66 sec
has_err = False
has_conv = True
has_ss = False
has_fin = True
Using VPP file: /homes/aiskhak/projects/GP/runs/10622/4/cand_007/tamu_2d_fv_gp_csv_vpp_0002.csv
Return code = 0
Elapsed: 133.07 sec
has_err = False
has_conv = True
has_ss = False
has_fin = True
Using VPP file: /homes/aiskhak/projects/GP/runs/10622/4/cand_002/tamu_2d_fv_gp_csv_vpp_0002.csv
VPP columns: ('id', 'u', 'v', 'x', 'y', 'z')
coordinate check: max |r_res-r_cg| = 5.000444502911705e-12
coordinate check: max |z_res-z_cg| = 5.000444502911705e-12
VPP columns: ('id', 'u', 'v', 'x', 'y', 'z')
coordinate check: max |r_res-r_cg| = 5.000444502911705e-12
coordinate check: max |z_res-z_cg| = 5.000444502911705e-12
Return code = 0
Elapsed: 145.71 sec
has_err = False
has_conv = True
has_ss = False
has_fin = True
Using VPP file: /homes/aiskhak/projects/GP/runs/10622/4/cand_001/tamu_2d_fv_gp_csv_vpp_0002.csv
Return code = 0
Elapsed: 145.8 sec
has_err = False
has_conv = True
has_ss = False
has_fin = True
Using VPP file: /homes/aiskhak/projects/GP/runs/10622/4/cand_006/tamu_2d_fv_gp_csv_vpp_0002.csv
VPP columns: ('id', 'u', 'v', 'x', 'y', 'z')
coordinate check: max |r_res-r_cg| = 5.000444502911705e-12
coordinate check: max |z_res-z_cg| = 5.000444502911705e-12
VPP columns: ('id', 'u', 'v', 'x', 'y', 'z')
coordinate check: max |r_res-r_cg| = 5.000444502911705e-12
coordinate check: max |z_res-z_cg| = 5.000444502911705e-12
Return code = 0
Elapsed: 246.55 sec
has_err = True
has_conv = False
has_ss = False
has_fin = True
Steady failed; trying unsteady fallback
Running case in: /homes/aiskhak/projects/GP/runs/10622/4/cand_000 with fv_app_run_unsteady.sh
Return code = 0
Elapsed: 378.08 sec
has_err = True
has_conv = False
has_ss = False
has_fin = True
Steady failed; trying unsteady fallback
Running case in: /homes/aiskhak/projects/GP/runs/10622/4/cand_005 with fv_app_run_unsteady.sh
Return code = 0
Elapsed: 904.93 sec
has_err = False
has_conv = True
has_ss = True
has_fin = True
Using VPP file: /homes/aiskhak/projects/GP/runs/10622/4/cand_000/tamu_2d_fv_gp_csv_vpp_0030.csv
VPP columns: ('id', 'u', 'v', 'x', 'y', 'z')
coordinate check: max |r_res-r_cg| = 5.000444502911705e-12
coordinate check: max |z_res-z_cg| = 5.000444502911705e-12
Return code = 0
Elapsed: 831.96 sec
has_err = False
has_conv = True
has_ss = True
has_fin = True
Using VPP file: /homes/aiskhak/projects/GP/runs/10622/4/cand_005/tamu_2d_fv_gp_csv_vpp_0029.csv
VPP columns: ('id', 'u', 'v', 'x', 'y', 'z')
coordinate check: max |r_res-r_cg| = 5.000444502911705e-12
coordinate check: max |z_res-z_cg| = 5.000444502911705e-12

===== LIVE CHECKPOINT =====
Chunk 1, stage refine_train, candidate batch starting 0, case batch 15/18
Completed result rows: 160
Current best partial candidates:
  n_cases= 20, mean=0.46411581, raw = -1.1*eta_h + -5*eta_y + -0.14
  n_cases= 20, mean=0.46480342, raw = -1.1*eta_h + -5*eta_y + -0.16
  n_cases= 20, mean=0.46695860, raw = -1.1*eta_h + -5.2*eta_y + -0.12
  n_cases= 20, mean=0.46707720, raw = -1.1*eta_h + -5.2*eta_y + -0.14
  n_cases= 20, mean=0.46790681, raw = -1.1*eta_h + -5.2*eta_y + -0.16
Checkpoint details: /homes/aiskhak/projects/GP/linear_results_linear_refine_best_screen_C1etaH_C2etaY_C3_CeffMin005_chunk1/linear_refine_best_screen_C1etaH_C2etaY_C3_CeffMin005_chunk1_refine_train_details_checkpoint.csv
Checkpoint summary: /homes/aiskhak/projects/GP/linear_results_linear_refine_best_screen_C1etaH_C2etaY_C3_CeffMin005_chunk1/linear_refine_best_screen_C1etaH_C2etaY_C3_CeffMin005_chunk1_refine_train_summary_checkpoint.csv
===========================


===== Stage refine_train, candidate batch starting 0, case batch 16/18 =====
Running 16 tasks with 64 MPI ranks

===== Linear candidate local_id=000, RE=14000, CG=1 =====
raw = -1.1*eta_h + -5.2*eta_y + -0.2
raw min/max = -5.425049782242759 -0.32462422729518536
C_eff min/max = 0.020502383226409147 0.16020421857332248
lm min/max = 0.01575208891923537 0.10527469762753125

===== Linear candidate local_id=000, RE=14000, CG=2 =====

===== Linear candidate local_id=001, RE=14000, CG=1 =====
raw = -1.1*eta_h + -5.2*eta_y + -0.2
raw = -1.1*eta_h + -5.2*eta_y + -0.16
raw min/max = -5.385049782242759 -0.2846242272951854
C_eff min/max = 0.020502581726674483 0.17871665783432084
lm min/max = 0.01757232556436295 0.10527571687759509
raw min/max = -5.412445552079248 -0.26239147311287087
C_eff min/max = 0.02050244406992696 0.19012067086259807
lm min/max = 0.00942732627488923 0.1058444652807493

===== Linear candidate local_id=001, RE=14000, CG=2 =====
raw = -1.1*eta_h + -5.2*eta_y + -0.16
raw min/max = -5.372445552079248 -0.22239147311287083
C_eff min/max = 0.020502647638101033 0.2128743759805746
lm min/max = 0.010555591818749042 0.10584551620738318

===== Linear candidate local_id=002, RE=14000, CG=1 =====
raw = -1.1*eta_h + -5.2*eta_y + -0.14
raw min/max = -5.3650497822427585 -0.2646242272951854
C_eff min/max = 0.020502687093538797 0.18893707197795515
lm min/max = 0.01857724836736801 0.10527625791054028

===== Linear candidate local_id=002, RE=14000, CG=2 =====

===== Linear candidate local_id=003, RE=14000, CG=1 =====
raw = -1.1*eta_h + -5.2*eta_y + -0.14
raw = -1.1*eta_h + -5.2*eta_y + -0.12
raw min/max = -5.345049782242759 -0.24462422729518538
C_eff min/max = 0.02050279676088954 0.19985749395274835
lm min/max = 0.019650999480256365 0.10527682102542607
raw min/max = -5.3524455520792475 -0.20239147311287087
C_eff min/max = 0.020502755695099555 0.22542594186787346
lm min/max = 0.011177973942394358 0.10584607405478857
Running case in: /homes/aiskhak/projects/GP/runs/14000/1/cand_000 with fv_app_run.sh

===== Linear candidate local_id=003, RE=14000, CG=2 =====
raw = -1.1*eta_h + -5.2*eta_y + -0.12
raw min/max = -5.332445552079248 -0.18239147311287085
C_eff min/max = 0.020502868162390782 0.23882725450072914
lm min/max = 0.011842491620185592 0.10584665467045863

===== Linear candidate local_id=004, RE=14000, CG=1 =====
raw = -1.1*eta_h + -5.2*eta_y + -0.08
raw min/max = -5.305049782242759 -0.20462422729518537
C_eff min/max = 0.020503029706369177 0.2239835250394968
lm min/max = 0.022023192861498467 0.10527801714319744

===== Linear candidate local_id=004, RE=14000, CG=2 =====
raw = -1.1*eta_h + -5.2*eta_y + -0.08
raw min/max = -5.292445552079248 -0.14239147311287084
Running case in: /homes/aiskhak/projects/GP/runs/14000/1/cand_001 with fv_app_run.sh
C_eff min/max = 0.020503107055284988 0.26839242044357386
lm min/max = 0.013308510356864017 0.10584788796199013
Running case in: /homes/aiskhak/projects/GP/runs/14000/1/cand_003 with fv_app_run.sh
Running case in: /homes/aiskhak/projects/GP/runs/14000/2/cand_000 with fv_app_run.sh
Running case in: /homes/aiskhak/projects/GP/runs/14000/1/cand_002 with fv_app_run.sh
Running case in: /homes/aiskhak/projects/GP/runs/14000/2/cand_001 with fv_app_run.sh

===== Linear candidate local_id=005, RE=14000, CG=1 =====
raw = -1.1*eta_h + -5*eta_y + -0.2

===== Linear candidate local_id=006, RE=14000, CG=1 =====
raw = -1.1*eta_h + -5*eta_y + -0.16
raw min/max = -5.185049782242759 -0.2807944409470151
C_eff min/max = 0.02050385156307379 0.18062162949011754
lm min/max = 0.017759632010959415 0.10528223717533301

===== Linear candidate local_id=005, RE=14000, CG=2 =====
raw min/max = -5.225049782242759 -0.32079444094701515
C_eff min/max = 0.020503555423726953 0.16187199499068117
lm min/max = 0.01591607313049766 0.10528071657258894
raw = -1.1*eta_h + -5*eta_y + -0.2
raw min/max = -5.212445552079248 -0.2604704761500392
C_eff min/max = 0.020503646195090798 0.1911460326380214
lm min/max = 0.009478169878390405 0.1058506712869568
Running case in: /homes/aiskhak/projects/GP/runs/14000/2/cand_002 with fv_app_run.sh

===== Linear candidate local_id=006, RE=14000, CG=2 =====
Running case in: /homes/aiskhak/projects/GP/runs/14000/2/cand_003 with fv_app_run.sh
Running case in: /homes/aiskhak/projects/GP/runs/14000/1/cand_004 with fv_app_run.sh
raw = -1.1*eta_h + -5*eta_y + -0.16
raw min/max = -5.172445552079248 -0.22047047615003917
C_eff min/max = 0.02050394989547656 0.21404447170854166
lm min/max = 0.010613612202068495 0.10585223914905299

===== Linear candidate local_id=007, RE=14000, CG=1 =====
raw = -1.1*eta_h + -5*eta_y + -0.14
raw min/max = -5.165049782242758 -0.26079444094701515
C_eff min/max = 0.020504008758582225 0.19097265390363394
lm min/max = 0.01877739707619246 0.1052830443356244
Running case in: /homes/aiskhak/projects/GP/runs/14000/1/cand_005 with fv_app_run.sh
Running case in: /homes/aiskhak/projects/GP/runs/14000/1/cand_006 with fv_app_run.sh
Running case in: /homes/aiskhak/projects/GP/runs/14000/1/cand_007 with fv_app_run.sh

===== Linear candidate local_id=007, RE=14000, CG=2 =====
raw = -1.1*eta_h + -5*eta_y + -0.14
raw min/max = -5.152445552079247 -0.2004704761500392
C_eff min/max = 0.020504111104535875 0.22667542648250727
lm min/max = 0.011239930904171124 0.10585307139552191
Running case in: /homes/aiskhak/projects/GP/runs/14000/2/cand_004 with fv_app_run.sh
Running case in: /homes/aiskhak/projects/GP/runs/14000/2/cand_005 with fv_app_run.sh
Running case in: /homes/aiskhak/projects/GP/runs/14000/2/cand_006 with fv_app_run.sh
Running case in: /homes/aiskhak/projects/GP/runs/14000/2/cand_007 with fv_app_run.sh
Return code = 0
Return code = 0
Elapsed: 14.11 sec
Elapsed: 14.21 sec
has_err = False
has_conv = True
has_ss = False
has_fin = True
has_err = False
has_conv = True
has_ss = False
has_fin = True
Return code = 0
Elapsed: 14.08 sec
has_err = False
has_conv = True
has_ss = False
has_fin = True
Using VPP file: /homes/aiskhak/projects/GP/runs/14000/1/cand_004/tamu_2d_fv_gp_csv_vpp_0002.csv
Using VPP file: /homes/aiskhak/projects/GP/runs/14000/1/cand_003/tamu_2d_fv_gp_csv_vpp_0002.csv
Using VPP file: /homes/aiskhak/projects/GP/runs/14000/1/cand_007/tamu_2d_fv_gp_csv_vpp_0002.csv
VPP columns: ('id', 'u', 'v', 'x', 'y', 'z')
coordinate check: max |r_res-r_cg| = 5.000444502911705e-12
coordinate check: max |z_res-z_cg| = 5.000444502911705e-12
VPP columns: ('id', 'u', 'v', 'x', 'y', 'z')
coordinate check: max |r_res-r_cg| = 5.000444502911705e-12
coordinate check: max |z_res-z_cg| = 5.000444502911705e-12
Return code = 0
Elapsed: 14.49 sec
has_err = False
has_conv = True
has_ss = False
has_fin = True
Return code = 0
Elapsed: 14.61 sec
has_err = False
has_conv = True
has_ss = False
has_fin = True
Using VPP file: /homes/aiskhak/projects/GP/runs/14000/1/cand_006/tamu_2d_fv_gp_csv_vpp_0002.csv
Using VPP file: /homes/aiskhak/projects/GP/runs/14000/1/cand_002/tamu_2d_fv_gp_csv_vpp_0002.csv
VPP columns: ('id', 'u', 'v', 'x', 'y', 'z')
coordinate check: max |r_res-r_cg| = 5.000444502911705e-12
coordinate check: max |z_res-z_cg| = 5.000444502911705e-12
VPP columns: ('id', 'u', 'v', 'x', 'y', 'z')
coordinate check: max |r_res-r_cg| = 5.000444502911705e-12
coordinate check: max |z_res-z_cg| = 5.000444502911705e-12
VPP columns: ('id', 'u', 'v', 'x', 'y', 'z')
coordinate check: max |r_res-r_cg| = 5.000444502911705e-12
coordinate check: max |z_res-z_cg| = 5.000444502911705e-12
Return code = 0
Elapsed: 15.6 sec
has_err = False
has_conv = True
has_ss = False
has_fin = True
Using VPP file: /homes/aiskhak/projects/GP/runs/14000/1/cand_001/tamu_2d_fv_gp_csv_vpp_0002.csv
VPP columns: ('id', 'u', 'v', 'x', 'y', 'z')
coordinate check: max |r_res-r_cg| = 5.000444502911705e-12
coordinate check: max |z_res-z_cg| = 5.000444502911705e-12
Return code = 0
Elapsed: 15.65 sec
has_err = True
has_conv = False
has_ss = False
has_fin = True
Steady failed; trying unsteady fallback
Running case in: /homes/aiskhak/projects/GP/runs/14000/1/cand_005 with fv_app_run_unsteady.sh
Return code = 0
Elapsed: 17.12 sec
has_err = True
has_conv = False
has_ss = False
has_fin = True
Steady failed; trying unsteady fallback
Running case in: /homes/aiskhak/projects/GP/runs/14000/1/cand_000 with fv_app_run_unsteady.sh
Return code = 0
Elapsed: 19.16 sec
has_err = False
has_conv = True
has_ss = False
has_fin = True
Using VPP file: /homes/aiskhak/projects/GP/runs/14000/2/cand_004/tamu_2d_fv_gp_csv_vpp_0002.csv
VPP columns: ('id', 'u', 'v', 'x', 'y', 'z')
coordinate check: max |r_res-r_cg| = 5.000444502911705e-12
coordinate check: max |z_res-z_cg| = 5.000444502911705e-12
Return code = 0
Elapsed: 21.07 sec
has_err = False
has_conv = True
has_ss = False
has_fin = True
Using VPP file: /homes/aiskhak/projects/GP/runs/14000/2/cand_001/tamu_2d_fv_gp_csv_vpp_0002.csv
Return code = 0
Elapsed: 21.58 sec
has_err = False
has_conv = True
has_ss = False
has_fin = True
Using VPP file: /homes/aiskhak/projects/GP/runs/14000/2/cand_003/tamu_2d_fv_gp_csv_vpp_0002.csv
VPP columns: ('id', 'u', 'v', 'x', 'y', 'z')
coordinate check: max |r_res-r_cg| = 5.000444502911705e-12
coordinate check: max |z_res-z_cg| = 5.000444502911705e-12
Return code = 0
Elapsed: 21.52 sec
Return code = 0
Elapsed: 21.9 sec
has_err = False
has_conv = True
has_ss = False
has_fin = True
has_err = False
has_conv = True
has_ss = False
has_fin = True
Using VPP file: /homes/aiskhak/projects/GP/runs/14000/2/cand_007/tamu_2d_fv_gp_csv_vpp_0002.csv
Using VPP file: /homes/aiskhak/projects/GP/runs/14000/2/cand_002/tamu_2d_fv_gp_csv_vpp_0002.csv
VPP columns: ('id', 'u', 'v', 'x', 'y', 'z')
coordinate check: max |r_res-r_cg| = 5.000444502911705e-12
coordinate check: max |z_res-z_cg| = 5.000444502911705e-12
VPP columns: ('id', 'u', 'v', 'x', 'y', 'z')
coordinate check: max |r_res-r_cg| = 5.000444502911705e-12
coordinate check: max |z_res-z_cg| = 5.000444502911705e-12
VPP columns: ('id', 'u', 'v', 'x', 'y', 'z')
coordinate check: max |r_res-r_cg| = 5.000444502911705e-12
coordinate check: max |z_res-z_cg| = 5.000444502911705e-12
Return code = 0
Elapsed: 22.66 sec
has_err = False
has_conv = True
has_ss = False
has_fin = True
Using VPP file: /homes/aiskhak/projects/GP/runs/14000/2/cand_006/tamu_2d_fv_gp_csv_vpp_0002.csv
VPP columns: ('id', 'u', 'v', 'x', 'y', 'z')
coordinate check: max |r_res-r_cg| = 5.000444502911705e-12
coordinate check: max |z_res-z_cg| = 5.000444502911705e-12
Return code = 0
Elapsed: 25.63 sec
has_err = False
has_conv = True
has_ss = False
has_fin = True
Using VPP file: /homes/aiskhak/projects/GP/runs/14000/2/cand_005/tamu_2d_fv_gp_csv_vpp_0002.csv
VPP columns: ('id', 'u', 'v', 'x', 'y', 'z')
coordinate check: max |r_res-r_cg| = 5.000444502911705e-12
coordinate check: max |z_res-z_cg| = 5.000444502911705e-12
Return code = 0
Elapsed: 27.89 sec
has_err = False
has_conv = True
has_ss = False
has_fin = True
Using VPP file: /homes/aiskhak/projects/GP/runs/14000/2/cand_000/tamu_2d_fv_gp_csv_vpp_0002.csv
VPP columns: ('id', 'u', 'v', 'x', 'y', 'z')
coordinate check: max |r_res-r_cg| = 5.000444502911705e-12
coordinate check: max |z_res-z_cg| = 5.000444502911705e-12
Return code = 0
Elapsed: 20.61 sec
has_err = False
has_conv = True
has_ss = True
has_fin = True
Using VPP file: /homes/aiskhak/projects/GP/runs/14000/1/cand_005/tamu_2d_fv_gp_csv_vpp_0029.csv
VPP columns: ('id', 'u', 'v', 'x', 'y', 'z')
coordinate check: max |r_res-r_cg| = 5.000444502911705e-12
coordinate check: max |z_res-z_cg| = 5.000444502911705e-12
Return code = 0
Elapsed: 21.06 sec
has_err = False
has_conv = True
has_ss = True
has_fin = True
Using VPP file: /homes/aiskhak/projects/GP/runs/14000/1/cand_000/tamu_2d_fv_gp_csv_vpp_0028.csv
VPP columns: ('id', 'u', 'v', 'x', 'y', 'z')
coordinate check: max |r_res-r_cg| = 5.000444502911705e-12
coordinate check: max |z_res-z_cg| = 5.000444502911705e-12

===== LIVE CHECKPOINT =====
Chunk 1, stage refine_train, candidate batch starting 0, case batch 16/18
Completed result rows: 176
Current best partial candidates:
  n_cases= 22, mean=0.44060037, raw = -1.1*eta_h + -5*eta_y + -0.14
  n_cases= 22, mean=0.44104632, raw = -1.1*eta_h + -5*eta_y + -0.16
  n_cases= 22, mean=0.44373270, raw = -1.1*eta_h + -5.2*eta_y + -0.14
  n_cases= 22, mean=0.44402705, raw = -1.1*eta_h + -5.2*eta_y + -0.12
  n_cases= 22, mean=0.44421134, raw = -1.1*eta_h + -5.2*eta_y + -0.16
Checkpoint details: /homes/aiskhak/projects/GP/linear_results_linear_refine_best_screen_C1etaH_C2etaY_C3_CeffMin005_chunk1/linear_refine_best_screen_C1etaH_C2etaY_C3_CeffMin005_chunk1_refine_train_details_checkpoint.csv
Checkpoint summary: /homes/aiskhak/projects/GP/linear_results_linear_refine_best_screen_C1etaH_C2etaY_C3_CeffMin005_chunk1/linear_refine_best_screen_C1etaH_C2etaY_C3_CeffMin005_chunk1_refine_train_summary_checkpoint.csv
===========================


===== Stage refine_train, candidate batch starting 0, case batch 17/18 =====
Running 8 tasks with 64 MPI ranks

===== Linear candidate local_id=000, RE=14000, CG=3 =====
raw = -1.1*eta_h + -5.2*eta_y + -0.2
raw min/max = -5.406219626106677 -0.23128370760159772
C_eff min/max = 0.020502474694618866 0.20755339163998235
lm min/max = 0.005167477278830445 0.10590258848821335

===== Linear candidate local_id=001, RE=14000, CG=3 =====
raw = -1.1*eta_h + -5.2*eta_y + -0.16

===== Linear candidate local_id=002, RE=14000, CG=3 =====
raw = -1.1*eta_h + -5.2*eta_y + -0.14
raw min/max = -5.366219626106677 -0.19128370760159774
C_eff min/max = 0.02050268081365454 0.23276063245141507
lm min/max = 0.005795064441467751 0.10590365316648949
raw min/max = -5.346219626106676 -0.17128370760159772
C_eff min/max = 0.020502790224695065 0.24665653539803825
lm min/max = 0.006141032108765922 0.10590421831350581

===== Linear candidate local_id=003, RE=14000, CG=3 =====
raw = -1.1*eta_h + -5.2*eta_y + -0.12
raw min/max = -5.326219626106677 -0.1512837076015977
C_eff min/max = 0.020502904101297976 0.26148522506808186
lm min/max = 0.006510223459190556 0.1059048065267433

===== Linear candidate local_id=004, RE=14000, CG=3 =====
raw = -1.1*eta_h + -5.2*eta_y + -0.08
raw min/max = -5.286219626106677 -0.11128370760159773
C_eff min/max = 0.02050314598774248 0.29416780393848524
lm min/max = 0.00732392485135735 0.10590605595643286

===== Linear candidate local_id=005, RE=14000, CG=3 =====
raw = -1.1*eta_h + -5*eta_y + -0.2
raw min/max = -5.206219626106677 -0.2303197044671777
C_eff min/max = 0.020503691883558238 0.2081227348371384
lm min/max = 0.005181652272608739 0.10590887570286811

===== Linear candidate local_id=006, RE=14000, CG=3 =====
raw = -1.1*eta_h + -5*eta_y + -0.16
raw min/max = -5.166219626106677 -0.19031970446717766
C_eff min/max = 0.020503999389693932 0.23340983510787572
lm min/max = 0.005811227704087115 0.10591046408164828

===== Linear candidate local_id=007, RE=14000, CG=3 =====
raw = -1.1*eta_h + -5*eta_y + -0.14
raw min/max = -5.146219626106676 -0.1703197044671777
C_eff min/max = 0.02050416261892207 0.24734944199332604
lm min/max = 0.006158283472664191 0.10591130721878339
Running case in: /homes/aiskhak/projects/GP/runs/14000/3/cand_001 with fv_app_run.sh
Running case in: /homes/aiskhak/projects/GP/runs/14000/3/cand_004 with fv_app_run.sh
Running case in: /homes/aiskhak/projects/GP/runs/14000/3/cand_002 with fv_app_run.sh
Running case in: /homes/aiskhak/projects/GP/runs/14000/3/cand_006 with fv_app_run.sh
Running case in: /homes/aiskhak/projects/GP/runs/14000/3/cand_000 with fv_app_run.sh
Running case in: /homes/aiskhak/projects/GP/runs/14000/3/cand_003 with fv_app_run.sh
Running case in: /homes/aiskhak/projects/GP/runs/14000/3/cand_005 with fv_app_run.sh
Running case in: /homes/aiskhak/projects/GP/runs/14000/3/cand_007 with fv_app_run.sh
Return code = 0
Elapsed: 42.94 sec
has_err = False
has_conv = True
has_ss = False
has_fin = True
Using VPP file: /homes/aiskhak/projects/GP/runs/14000/3/cand_006/tamu_2d_fv_gp_csv_vpp_0002.csv
VPP columns: ('id', 'u', 'v', 'x', 'y', 'z')
coordinate check: max |r_res-r_cg| = 5.000444502911705e-12
coordinate check: max |z_res-z_cg| = 5.000444502911705e-12
Return code = 0
Elapsed: 45.31 sec
has_err = False
has_conv = True
has_ss = False
has_fin = True
Using VPP file: /homes/aiskhak/projects/GP/runs/14000/3/cand_003/tamu_2d_fv_gp_csv_vpp_0002.csv
Return code = 0
Elapsed: 45.58 sec
has_err = False
has_conv = True
has_ss = False
has_fin = True
Using VPP file: /homes/aiskhak/projects/GP/runs/14000/3/cand_004/tamu_2d_fv_gp_csv_vpp_0002.csv
VPP columns: ('id', 'u', 'v', 'x', 'y', 'z')
coordinate check: max |r_res-r_cg| = 5.000444502911705e-12
coordinate check: max |z_res-z_cg| = 5.000444502911705e-12
VPP columns: ('id', 'u', 'v', 'x', 'y', 'z')
coordinate check: max |r_res-r_cg| = 5.000444502911705e-12
coordinate check: max |z_res-z_cg| = 5.000444502911705e-12
Return code = 0
Elapsed: 46.37 sec
has_err = False
has_conv = True
has_ss = False
has_fin = True
Using VPP file: /homes/aiskhak/projects/GP/runs/14000/3/cand_001/tamu_2d_fv_gp_csv_vpp_0002.csv
VPP columns: ('id', 'u', 'v', 'x', 'y', 'z')
coordinate check: max |r_res-r_cg| = 5.000444502911705e-12
coordinate check: max |z_res-z_cg| = 5.000444502911705e-12
Return code = 0
Elapsed: 47.18 sec
has_err = False
has_conv = True
has_ss = False
has_fin = True
Using VPP file: /homes/aiskhak/projects/GP/runs/14000/3/cand_000/tamu_2d_fv_gp_csv_vpp_0002.csv
VPP columns: ('id', 'u', 'v', 'x', 'y', 'z')
coordinate check: max |r_res-r_cg| = 5.000444502911705e-12
coordinate check: max |z_res-z_cg| = 5.000444502911705e-12
Return code = 0
Elapsed: 48.9 sec
has_err = False
has_conv = True
has_ss = False
has_fin = True
Using VPP file: /homes/aiskhak/projects/GP/runs/14000/3/cand_002/tamu_2d_fv_gp_csv_vpp_0002.csv
VPP columns: ('id', 'u', 'v', 'x', 'y', 'z')
coordinate check: max |r_res-r_cg| = 5.000444502911705e-12
coordinate check: max |z_res-z_cg| = 5.000444502911705e-12
Return code = 0
Elapsed: 50.3 sec
has_err = False
has_conv = True
has_ss = False
has_fin = True
Using VPP file: /homes/aiskhak/projects/GP/runs/14000/3/cand_007/tamu_2d_fv_gp_csv_vpp_0002.csv
VPP columns: ('id', 'u', 'v', 'x', 'y', 'z')
coordinate check: max |r_res-r_cg| = 5.000444502911705e-12
coordinate check: max |z_res-z_cg| = 5.000444502911705e-12
Return code = 0
Elapsed: 52.38 sec
has_err = False
has_conv = True
has_ss = False
has_fin = True
Using VPP file: /homes/aiskhak/projects/GP/runs/14000/3/cand_005/tamu_2d_fv_gp_csv_vpp_0002.csv
VPP columns: ('id', 'u', 'v', 'x', 'y', 'z')
coordinate check: max |r_res-r_cg| = 5.000444502911705e-12
coordinate check: max |z_res-z_cg| = 5.000444502911705e-12

===== LIVE CHECKPOINT =====
Chunk 1, stage refine_train, candidate batch starting 0, case batch 17/18
Completed result rows: 184
Current best partial candidates:
  n_cases= 23, mean=0.44259523, raw = -1.1*eta_h + -5*eta_y + -0.14
  n_cases= 23, mean=0.44342183, raw = -1.1*eta_h + -5*eta_y + -0.16
  n_cases= 23, mean=0.44526233, raw = -1.1*eta_h + -5.2*eta_y + -0.12
  n_cases= 23, mean=0.44541070, raw = -1.1*eta_h + -5.2*eta_y + -0.14
  n_cases= 23, mean=0.44629747, raw = -1.1*eta_h + -5.2*eta_y + -0.16
Checkpoint details: /homes/aiskhak/projects/GP/linear_results_linear_refine_best_screen_C1etaH_C2etaY_C3_CeffMin005_chunk1/linear_refine_best_screen_C1etaH_C2etaY_C3_CeffMin005_chunk1_refine_train_details_checkpoint.csv
Checkpoint summary: /homes/aiskhak/projects/GP/linear_results_linear_refine_best_screen_C1etaH_C2etaY_C3_CeffMin005_chunk1/linear_refine_best_screen_C1etaH_C2etaY_C3_CeffMin005_chunk1_refine_train_summary_checkpoint.csv
===========================


===== Stage refine_train, candidate batch starting 0, case batch 18/18 =====
Running 8 tasks with 96 MPI ranks

===== Linear candidate local_id=000, RE=14000, CG=4 =====
raw = -1.1*eta_h + -5.2*eta_y + -0.2
raw min/max = -5.403102657986176 -0.2156315452873594
C_eff min/max = 0.020502490170519277 0.21702487078904178
lm min/max = 0.0027072440433366122 0.10614886474141393

===== Linear candidate local_id=001, RE=14000, CG=4 =====
raw = -1.1*eta_h + -5.2*eta_y + -0.16
raw min/max = -5.363102657986176 -0.1756315452873594
C_eff min/max = 0.020502697578609935 0.2435582283632417
lm min/max = 0.0030382304136144104 0.10614993856869921

===== Linear candidate local_id=002, RE=14000, CG=4 =====
raw = -1.1*eta_h + -5.2*eta_y + -0.14
raw min/max = -5.343102657986176 -0.1556315452873594
C_eff min/max = 0.020502807673903507 0.2581794325236725
lm min/max = 0.0032206204213855076 0.10615050857216361

===== Linear candidate local_id=003, RE=14000, CG=4 =====
raw = -1.1*eta_h + -5.2*eta_y + -0.12
raw min/max = -5.323102657986176 -0.13563154528735938
C_eff min/max = 0.020502922262689533 0.2737772121426682
lm min/max = 0.003415192572537022 0.10615110184007633

===== Linear candidate local_id=004, RE=14000, CG=4 =====
raw = -1.1*eta_h + -5.2*eta_y + -0.08
raw min/max = -5.283102657986176 -0.09563154528735937
C_eff min/max = 0.020503165661898196 0.30813586748713484
lm min/max = 0.003843794440517306 0.10615236200649823

===== Linear candidate local_id=005, RE=14000, CG=4 =====
raw = -1.1*eta_h + -5*eta_y + -0.2
raw min/max = -5.203102657986176 -0.21514966500654464
C_eff min/max = 0.020503714971804636 0.21732427414832844
lm min/max = 0.002710978905419639 0.10615520598410656

===== Linear candidate local_id=006, RE=14000, CG=4 =====
raw = -1.1*eta_h + -5*eta_y + -0.16
raw min/max = -5.163102657986176 -0.17514966500654464
C_eff min/max = 0.02050402440114334 0.24389946624638953
lm min/max = 0.003042487134160558 0.10615680801257958

===== Linear candidate local_id=007, RE=14000, CG=4 =====
raw = -1.1*eta_h + -5*eta_y + -0.14
raw min/max = -5.143102657986176 -0.15514966500654465
C_eff min/max = 0.02050418865124657 0.2585435363120537
lm min/max = 0.003225162379220421 0.10615765839523293
Running case in: /homes/aiskhak/projects/GP/runs/14000/4/cand_001 with fv_app_run.sh
Running case in: /homes/aiskhak/projects/GP/runs/14000/4/cand_002 with fv_app_run.sh
Running case in: /homes/aiskhak/projects/GP/runs/14000/4/cand_000 with fv_app_run.sh
Running case in: /homes/aiskhak/projects/GP/runs/14000/4/cand_006 with fv_app_run.sh
Running case in: /homes/aiskhak/projects/GP/runs/14000/4/cand_005 with fv_app_run.sh
Running case in: /homes/aiskhak/projects/GP/runs/14000/4/cand_004 with fv_app_run.sh
Running case in: /homes/aiskhak/projects/GP/runs/14000/4/cand_007 with fv_app_run.sh
Running case in: /homes/aiskhak/projects/GP/runs/14000/4/cand_003 with fv_app_run.sh
Return code = 0
Elapsed: 118.84 sec
has_err = False
has_conv = True
has_ss = False
has_fin = True
Using VPP file: /homes/aiskhak/projects/GP/runs/14000/4/cand_003/tamu_2d_fv_gp_csv_vpp_0002.csv
VPP columns: ('id', 'u', 'v', 'x', 'y', 'z')
coordinate check: max |r_res-r_cg| = 5.000444502911705e-12
coordinate check: max |z_res-z_cg| = 5.000444502911705e-12
Return code = 0
Elapsed: 129.48 sec
has_err = False
has_conv = True
has_ss = False
has_fin = True
Using VPP file: /homes/aiskhak/projects/GP/runs/14000/4/cand_004/tamu_2d_fv_gp_csv_vpp_0002.csv
Return code = 0
Elapsed: 130.64 sec
has_err = False
has_conv = True
has_ss = False
has_fin = True
Using VPP file: /homes/aiskhak/projects/GP/runs/14000/4/cand_001/tamu_2d_fv_gp_csv_vpp_0002.csv
VPP columns: ('id', 'u', 'v', 'x', 'y', 'z')
coordinate check: max |r_res-r_cg| = 5.000444502911705e-12
coordinate check: max |z_res-z_cg| = 5.000444502911705e-12
VPP columns: ('id', 'u', 'v', 'x', 'y', 'z')
coordinate check: max |r_res-r_cg| = 5.000444502911705e-12
coordinate check: max |z_res-z_cg| = 5.000444502911705e-12
Return code = 0
Elapsed: 133.05 sec
has_err = False
has_conv = True
has_ss = False
has_fin = True
Using VPP file: /homes/aiskhak/projects/GP/runs/14000/4/cand_006/tamu_2d_fv_gp_csv_vpp_0002.csv
VPP columns: ('id', 'u', 'v', 'x', 'y', 'z')
coordinate check: max |r_res-r_cg| = 5.000444502911705e-12
coordinate check: max |z_res-z_cg| = 5.000444502911705e-12
Return code = 0
Elapsed: 138.15 sec
has_err = False
has_conv = True
has_ss = False
has_fin = True
Using VPP file: /homes/aiskhak/projects/GP/runs/14000/4/cand_002/tamu_2d_fv_gp_csv_vpp_0002.csv
VPP columns: ('id', 'u', 'v', 'x', 'y', 'z')
coordinate check: max |r_res-r_cg| = 5.000444502911705e-12
coordinate check: max |z_res-z_cg| = 5.000444502911705e-12
Return code = 0
Elapsed: 138.84 sec
has_err = False
has_conv = True
has_ss = False
has_fin = True
Using VPP file: /homes/aiskhak/projects/GP/runs/14000/4/cand_007/tamu_2d_fv_gp_csv_vpp_0002.csv
VPP columns: ('id', 'u', 'v', 'x', 'y', 'z')
coordinate check: max |r_res-r_cg| = 5.000444502911705e-12
coordinate check: max |z_res-z_cg| = 5.000444502911705e-12
Return code = 0
Elapsed: 153.23 sec
has_err = False
has_conv = True
has_ss = False
has_fin = True
Using VPP file: /homes/aiskhak/projects/GP/runs/14000/4/cand_000/tamu_2d_fv_gp_csv_vpp_0002.csv
Return code = 0
Elapsed: 153.87 sec
has_err = False
has_conv = True
has_ss = False
has_fin = True
Using VPP file: /homes/aiskhak/projects/GP/runs/14000/4/cand_005/tamu_2d_fv_gp_csv_vpp_0002.csv
VPP columns: ('id', 'u', 'v', 'x', 'y', 'z')
coordinate check: max |r_res-r_cg| = 5.000444502911705e-12
coordinate check: max |z_res-z_cg| = 5.000444502911705e-12
VPP columns: ('id', 'u', 'v', 'x', 'y', 'z')
coordinate check: max |r_res-r_cg| = 5.000444502911705e-12
coordinate check: max |z_res-z_cg| = 5.000444502911705e-12

===== LIVE CHECKPOINT =====
Chunk 1, stage refine_train, candidate batch starting 0, case batch 18/18
Completed result rows: 192
Current best partial candidates:
  n_cases= 24, mean=0.44788274, raw = -1.1*eta_h + -5*eta_y + -0.14
  n_cases= 24, mean=0.44923018, raw = -1.1*eta_h + -5*eta_y + -0.16
  n_cases= 24, mean=0.44995065, raw = -1.1*eta_h + -5.2*eta_y + -0.12
  n_cases= 24, mean=0.45065344, raw = -1.1*eta_h + -5.2*eta_y + -0.14
  n_cases= 24, mean=0.45080449, raw = -1.1*eta_h + -5.2*eta_y + -0.08
Checkpoint details: /homes/aiskhak/projects/GP/linear_results_linear_refine_best_screen_C1etaH_C2etaY_C3_CeffMin005_chunk1/linear_refine_best_screen_C1etaH_C2etaY_C3_CeffMin005_chunk1_refine_train_details_checkpoint.csv
Checkpoint summary: /homes/aiskhak/projects/GP/linear_results_linear_refine_best_screen_C1etaH_C2etaY_C3_CeffMin005_chunk1/linear_refine_best_screen_C1etaH_C2etaY_C3_CeffMin005_chunk1_refine_train_summary_checkpoint.csv
===========================


===== Candidate batch 8..15 =====

===== Stage refine_train, candidate batch starting 8, case batch 1/18 =====
Running 16 tasks with 64 MPI ranks

===== Linear candidate local_id=000, RE=3000, CG=1 =====
raw = -1.1*eta_h + -5*eta_y + -0.12

===== Linear candidate local_id=000, RE=3000, CG=2 =====
raw = -1.1*eta_h + -5*eta_y + -0.12

===== Linear candidate local_id=001, RE=3000, CG=1 =====
raw = -1.1*eta_h + -5*eta_y + -0.08

===== Linear candidate local_id=001, RE=3000, CG=2 =====
raw = -1.1*eta_h + -5*eta_y + -0.08

===== Linear candidate local_id=002, RE=3000, CG=1 =====
raw = -1.1*eta_h + -4.8*eta_y + -0.2

===== Linear candidate local_id=002, RE=3000, CG=2 =====
raw = -1.1*eta_h + -4.8*eta_y + -0.2

===== Linear candidate local_id=003, RE=3000, CG=1 =====
raw = -1.1*eta_h + -4.8*eta_y + -0.16

===== Linear candidate local_id=003, RE=3000, CG=2 =====

===== Linear candidate local_id=004, RE=3000, CG=1 =====
raw = -1.1*eta_h + -4.8*eta_y + -0.14
raw = -1.1*eta_h + -4.8*eta_y + -0.16

===== Linear candidate local_id=005, RE=3000, CG=1 =====
raw = -1.1*eta_h + -4.8*eta_y + -0.12

===== Linear candidate local_id=004, RE=3000, CG=2 =====
raw = -1.1*eta_h + -4.8*eta_y + -0.14

===== Linear candidate local_id=005, RE=3000, CG=2 =====
raw = -1.1*eta_h + -4.8*eta_y + -0.12

===== Linear candidate local_id=006, RE=3000, CG=1 =====
raw = -1.1*eta_h + -4.8*eta_y + -0.08

===== Linear candidate local_id=006, RE=3000, CG=2 =====
raw = -1.1*eta_h + -4.8*eta_y + -0.08

===== Linear candidate local_id=007, RE=3000, CG=1 =====
raw = -1*eta_h + -5.2*eta_y + -0.2

===== Linear candidate local_id=007, RE=3000, CG=2 =====
raw = -1*eta_h + -5.2*eta_y + -0.2
raw min/max = -4.945049782242759 -0.2369646545988449
C_eff min/max = 0.020506224652456658 0.204234706719745
raw min/max = -4.965049782242758 -0.2569646545988449
lm min/max = 0.02008138917497334 0.10529442240592136
C_eff min/max = 0.020505980556628438 0.19303421177765712
lm min/max = 0.018980099871617914 0.10529316903385119
raw min/max = -4.932445552079248 -0.1785494791872075
C_eff min/max = 0.020506383577344408 0.24150331702223718
lm min/max = 0.011975186894233367 0.10586480310265224
raw min/max = -5.012445552079248 -0.2585494791872075
C_eff min/max = 0.020505439642373755 0.19217793654902177
lm min/max = 0.00952933788031885 0.10585993001084486
raw min/max = -5.105049782242759 -0.20079444094701515
C_eff min/max = 0.020504519900212778 0.226464156883814
lm min/max = 0.022267101128930808 0.10528566892223987
raw min/max = -5.092445552079248 -0.1404704761500392
C_eff min/max = 0.020504635296894114 0.26991075361438877
raw min/max = -4.905049782242759 -0.19696465459884488
lm min/max = 0.013383798446950779 0.1058557775538547
C_eff min/max = 0.020506743142300964 0.22897609224994261
raw min/max = -5.422772529311599 -0.3223469743640255
lm min/max = 0.02251408731692885 0.105297084723808
C_eff min/max = 0.02050239410600681 0.1611933423838145
lm min/max = 0.01584934457425966 0.10527475349159064
raw min/max = -5.145049782242759 -0.24079444094701513
C_eff min/max = 0.020504172370213722 0.20203226613235895
raw min/max = -4.892445552079248 -0.1385494791872075
lm min/max = 0.019864834078729354 0.10528388444113036
raw min/max = -5.132445552079248 -0.1804704761500392
C_eff min/max = 0.020506915306513464 0.27143849742057635
lm min/max = 0.013459553172936258 0.10586754816999061
C_eff min/max = 0.02050427889355845 0.24016109955188875
lm min/max = 0.011908631679761313 0.10585393761124302
raw min/max = -5.025049782242759 -0.31696465459884493
raw min/max = -5.411314138253862 -0.2612600592874847
C_eff min/max = 0.02050530421961895 0.16356116328644776
raw min/max = -4.985049782242759 -0.2769646545988449
C_eff min/max = 0.02050574603375783 0.18255096759595996
lm min/max = 0.01608216069942326 0.10528969620957598
lm min/max = 0.017949334290144964 0.10529196481656497
C_eff min/max = 0.02050244960691836 0.19072379085181435
raw min/max = -4.972445552079248 -0.21854947918720752
C_eff min/max = 0.020505892737609357 0.21522198287761804
lm min/max = 0.010672000287555695 0.1058622691282091
lm min/max = 0.0094572325912064 0.10584449386562883
raw min/max = -4.952445552079247 -0.19854947918720753
C_eff min/max = 0.02050613324875592 0.2279327946488783
lm min/max = 0.011302278779855856 0.1058635107740156
Running case in: /homes/aiskhak/projects/GP/runs/3000/1/cand_003 with fv_app_run.sh
Running case in: /homes/aiskhak/projects/GP/runs/3000/1/cand_000 with fv_app_run.sh
Running case in: /homes/aiskhak/projects/GP/runs/3000/2/cand_004 with fv_app_run.sh
Running case in: /homes/aiskhak/projects/GP/runs/3000/2/cand_001 with fv_app_run.sh
Running case in: /homes/aiskhak/projects/GP/runs/3000/2/cand_000 with fv_app_run.sh
Running case in: /homes/aiskhak/projects/GP/runs/3000/1/cand_007 with fv_app_run.sh
Running case in: /homes/aiskhak/projects/GP/runs/3000/2/cand_003 with fv_app_run.sh
Running case in: /homes/aiskhak/projects/GP/runs/3000/1/cand_006 with fv_app_run.sh
Running case in: /homes/aiskhak/projects/GP/runs/3000/2/cand_007 with fv_app_run.sh
Running case in: /homes/aiskhak/projects/GP/runs/3000/1/cand_005 with fv_app_run.sh
Running case in: /homes/aiskhak/projects/GP/runs/3000/2/cand_006 with fv_app_run.sh
Running case in: /homes/aiskhak/projects/GP/runs/3000/1/cand_001 with fv_app_run.sh
Running case in: /homes/aiskhak/projects/GP/runs/3000/1/cand_004 with fv_app_run.sh
Running case in: /homes/aiskhak/projects/GP/runs/3000/2/cand_005 with fv_app_run.sh
Running case in: /homes/aiskhak/projects/GP/runs/3000/1/cand_002 with fv_app_run.sh
Running case in: /homes/aiskhak/projects/GP/runs/3000/2/cand_002 with fv_app_run.sh
Return code = 0
Elapsed: 16.83 sec
has_err = False
has_conv = True
has_ss = False
has_fin = True
Using VPP file: /homes/aiskhak/projects/GP/runs/3000/1/cand_004/tamu_2d_fv_gp_csv_vpp_0002.csv
VPP columns: ('id', 'u', 'v', 'x', 'y', 'z')
coordinate check: max |r_res-r_cg| = 5.000444502911705e-12
coordinate check: max |z_res-z_cg| = 5.000444502911705e-12
Return code = 0
Elapsed: 17.34 sec
Return code = 0
Elapsed: 17.23 sec
has_err = False
has_conv = True
has_ss = False
has_fin = True
has_err = False
has_conv = True
has_ss = False
has_fin = True
Using VPP file: /homes/aiskhak/projects/GP/runs/3000/1/cand_006/tamu_2d_fv_gp_csv_vpp_0002.csv
Using VPP file: /homes/aiskhak/projects/GP/runs/3000/1/cand_001/tamu_2d_fv_gp_csv_vpp_0002.csv
VPP columns: ('id', 'u', 'v', 'x', 'y', 'z')
coordinate check: max |r_res-r_cg| = 5.000444502911705e-12
coordinate check: max |z_res-z_cg| = 5.000444502911705e-12
VPP columns: ('id', 'u', 'v', 'x', 'y', 'z')
coordinate check: max |r_res-r_cg| = 5.000444502911705e-12
coordinate check: max |z_res-z_cg| = 5.000444502911705e-12
Return code = 0
Elapsed: 19.39 sec
has_err = False
has_conv = True
has_ss = False
has_fin = True
Using VPP file: /homes/aiskhak/projects/GP/runs/3000/1/cand_007/tamu_2d_fv_gp_csv_vpp_0002.csv
Return code = 0
Elapsed: 19.55 sec
Return code = 0
Return code = 0
Elapsed: 19.54 sec
Elapsed: 19.64 sec
has_err = False
has_err = False
has_conv = True
has_conv = True
has_err = False
has_ss = False
has_ss = False
has_fin = True
has_conv = True
has_fin = True
has_ss = False
has_fin = True
Using VPP file: /homes/aiskhak/projects/GP/runs/3000/1/cand_005/tamu_2d_fv_gp_csv_vpp_0002.csv
Using VPP file: /homes/aiskhak/projects/GP/runs/3000/1/cand_003/tamu_2d_fv_gp_csv_vpp_0002.csv
Using VPP file: /homes/aiskhak/projects/GP/runs/3000/1/cand_000/tamu_2d_fv_gp_csv_vpp_0002.csv
VPP columns: ('id', 'u', 'v', 'x', 'y', 'z')
coordinate check: max |r_res-r_cg| = 5.000444502911705e-12
coordinate check: max |z_res-z_cg| = 5.000444502911705e-12
VPP columns: ('id', 'u', 'v', 'x', 'y', 'z')
coordinate check: max |r_res-r_cg| = 5.000444502911705e-12
coordinate check: max |z_res-z_cg| = 5.000444502911705e-12
Return code = 0
Elapsed: 20.05 sec
has_err = False
has_conv = True
has_ss = False
has_fin = True
Using VPP file: /homes/aiskhak/projects/GP/runs/3000/2/cand_000/tamu_2d_fv_gp_csv_vpp_0002.csv
VPP columns: ('id', 'u', 'v', 'x', 'y', 'z')
coordinate check: max |r_res-r_cg| = 5.000444502911705e-12
coordinate check: max |z_res-z_cg| = 5.000444502911705e-12
Return code = 0
Elapsed: 20.23 sec
has_err = False
has_conv = True
has_ss = False
has_fin = True
Using VPP file: /homes/aiskhak/projects/GP/runs/3000/1/cand_002/tamu_2d_fv_gp_csv_vpp_0002.csv
Return code = 0
Elapsed: 20.4 sec
has_err = False
has_conv = True
has_ss = False
has_fin = True
Using VPP file: /homes/aiskhak/projects/GP/runs/3000/2/cand_004/tamu_2d_fv_gp_csv_vpp_0002.csv
VPP columns: ('id', 'u', 'v', 'x', 'y', 'z')
coordinate check: max |r_res-r_cg| = 5.000444502911705e-12
coordinate check: max |z_res-z_cg| = 5.000444502911705e-12
VPP columns: ('id', 'u', 'v', 'x', 'y', 'z')
coordinate check: max |r_res-r_cg| = 5.000444502911705e-12
coordinate check: max |z_res-z_cg| = 5.000444502911705e-12
VPP columns: ('id', 'u', 'v', 'x', 'y', 'z')
coordinate check: max |r_res-r_cg| = 5.000444502911705e-12
coordinate check: max |z_res-z_cg| = 5.000444502911705e-12
Return code = 0
Elapsed: 20.57 sec
has_err = False
has_conv = True
has_ss = False
has_fin = True
Using VPP file: /homes/aiskhak/projects/GP/runs/3000/2/cand_002/tamu_2d_fv_gp_csv_vpp_0002.csv
Return code = 0
Elapsed: 20.89 sec
Return code = 0
Elapsed: 20.9 sec
has_err = False
has_conv = True
has_ss = False
has_fin = True
has_err = False
has_conv = True
has_ss = False
has_fin = True
Using VPP file: /homes/aiskhak/projects/GP/runs/3000/2/cand_007/tamu_2d_fv_gp_csv_vpp_0002.csv
Using VPP file: /homes/aiskhak/projects/GP/runs/3000/2/cand_003/tamu_2d_fv_gp_csv_vpp_0002.csv
VPP columns: ('id', 'u', 'v', 'x', 'y', 'z')
coordinate check: max |r_res-r_cg| = 5.000444502911705e-12
coordinate check: max |z_res-z_cg| = 5.000444502911705e-12
VPP columns: ('id', 'u', 'v', 'x', 'y', 'z')
coordinate check: max |r_res-r_cg| = 5.000444502911705e-12
coordinate check: max |z_res-z_cg| = 5.000444502911705e-12
Return code = 0
Elapsed: 20.93 sec
has_err = False
has_conv = True
has_ss = False
has_fin = True
Using VPP file: /homes/aiskhak/projects/GP/runs/3000/2/cand_005/tamu_2d_fv_gp_csv_vpp_0002.csv
VPP columns: ('id', 'u', 'v', 'x', 'y', 'z')
coordinate check: max |r_res-r_cg| = 5.000444502911705e-12
coordinate check: max |z_res-z_cg| = 5.000444502911705e-12
Return code = 0
Elapsed: 21.11 sec
has_err = False
has_conv = True
has_ss = False
has_fin = True
Using VPP file: /homes/aiskhak/projects/GP/runs/3000/2/cand_001/tamu_2d_fv_gp_csv_vpp_0002.csv
VPP columns: ('id', 'u', 'v', 'x', 'y', 'z')
coordinate check: max |r_res-r_cg| = 5.000444502911705e-12
coordinate check: max |z_res-z_cg| = 5.000444502911705e-12
Return code = 0
Elapsed: 21.12 sec
has_err = False
has_conv = True
has_ss = False
has_fin = True
Using VPP file: /homes/aiskhak/projects/GP/runs/3000/2/cand_006/tamu_2d_fv_gp_csv_vpp_0002.csv
VPP columns: ('id', 'u', 'v', 'x', 'y', 'z')
coordinate check: max |r_res-r_cg| = 5.000444502911705e-12
coordinate check: max |z_res-z_cg| = 5.000444502911705e-12
VPP columns: ('id', 'u', 'v', 'x', 'y', 'z')
coordinate check: max |r_res-r_cg| = 5.000444502911705e-12
coordinate check: max |z_res-z_cg| = 5.000444502911705e-12
VPP columns: ('id', 'u', 'v', 'x', 'y', 'z')
coordinate check: max |r_res-r_cg| = 5.000444502911705e-12
coordinate check: max |z_res-z_cg| = 5.000444502911705e-12

===== LIVE CHECKPOINT =====
Chunk 1, stage refine_train, candidate batch starting 8, case batch 1/18
Completed result rows: 208
Current best partial candidates:
  n_cases= 24, mean=0.44788274, raw = -1.1*eta_h + -5*eta_y + -0.14
  n_cases= 24, mean=0.44923018, raw = -1.1*eta_h + -5*eta_y + -0.16
  n_cases= 24, mean=0.44995065, raw = -1.1*eta_h + -5.2*eta_y + -0.12
  n_cases= 24, mean=0.45065344, raw = -1.1*eta_h + -5.2*eta_y + -0.14
  n_cases= 24, mean=0.45080449, raw = -1.1*eta_h + -5.2*eta_y + -0.08
Checkpoint details: /homes/aiskhak/projects/GP/linear_results_linear_refine_best_screen_C1etaH_C2etaY_C3_CeffMin005_chunk1/linear_refine_best_screen_C1etaH_C2etaY_C3_CeffMin005_chunk1_refine_train_details_checkpoint.csv
Checkpoint summary: /homes/aiskhak/projects/GP/linear_results_linear_refine_best_screen_C1etaH_C2etaY_C3_CeffMin005_chunk1/linear_refine_best_screen_C1etaH_C2etaY_C3_CeffMin005_chunk1_refine_train_summary_checkpoint.csv
===========================


===== Stage refine_train, candidate batch starting 8, case batch 2/18 =====
Running 8 tasks with 64 MPI ranks

===== Linear candidate local_id=000, RE=3000, CG=3 =====
raw = -1.1*eta_h + -5*eta_y + -0.12
raw min/max = -5.126219626106677 -0.15031970446717768
C_eff min/max = 0.02050433251058075 0.26222449426776395
lm min/max = 0.006528629117426788 0.10591218476974663

===== Linear candidate local_id=001, RE=3000, CG=3 =====
raw = -1.1*eta_h + -5*eta_y + -0.08
raw min/max = -5.0862196261066766 -0.11031970446717768
C_eff min/max = 0.02050469338019776 0.2950081829407675
lm min/max = 0.007344847850329261 0.10591404878992552

===== Linear candidate local_id=002, RE=3000, CG=3 =====
raw = -1.1*eta_h + -4.8*eta_y + -0.2
raw min/max = -5.0062196261066765 -0.22935570133275762
C_eff min/max = 0.02050550780555437 0.20869388933027638
lm min/max = 0.005195872362401884 0.10591825558713805

===== Linear candidate local_id=003, RE=3000, CG=3 =====
raw = -1.1*eta_h + -4.8*eta_y + -0.16
raw min/max = -4.966219626106676 -0.18935570133275761
C_eff min/max = 0.02050596657899515 0.23406108489330113
lm min/max = 0.005827441934278383 0.10592062531545779

===== Linear candidate local_id=004, RE=3000, CG=3 =====
raw = -1.1*eta_h + -4.8*eta_y + -0.14
raw min/max = -4.946219626106676 -0.16935570133275762
C_eff min/max = 0.020506210104270107 0.2480445214461922
lm min/max = 0.006175588934412069 0.1059218832102907

===== Linear candidate local_id=005, RE=3000, CG=3 =====
raw = -1.1*eta_h + -4.8*eta_y + -0.12
raw min/max = -4.926219626106676 -0.1493557013327576
C_eff min/max = 0.020506463570046218 0.2629660671110099
lm min/max = 0.006547092129704218 0.10592319245135466

===== Linear candidate local_id=006, RE=3000, CG=3 =====
raw = -1.1*eta_h + -4.8*eta_y + -0.08
raw min/max = -4.886219626106676 -0.10935570133275763
C_eff min/max = 0.02050700196307908 0.29585114154581066
lm min/max = 0.007365835073925736 0.1059259734432424

===== Linear candidate local_id=007, RE=3000, CG=3 =====
raw = -1*eta_h + -5.2*eta_y + -0.2
raw min/max = -5.405654205551524 -0.23071828704644534
C_eff min/max = 0.020502477494800914 0.20788711142748767
lm min/max = 0.0051757859333207605 0.10590260295215156
Running case in: /homes/aiskhak/projects/GP/runs/3000/3/cand_003 with fv_app_run.sh
Running case in: /homes/aiskhak/projects/GP/runs/3000/3/cand_004 with fv_app_run.sh
Running case in: /homes/aiskhak/projects/GP/runs/3000/3/cand_000 with fv_app_run.sh
Running case in: /homes/aiskhak/projects/GP/runs/3000/3/cand_002 with fv_app_run.sh
Running case in: /homes/aiskhak/projects/GP/runs/3000/3/cand_006 with fv_app_run.sh
Running case in: /homes/aiskhak/projects/GP/runs/3000/3/cand_001 with fv_app_run.sh
Running case in: /homes/aiskhak/projects/GP/runs/3000/3/cand_005 with fv_app_run.sh
Running case in: /homes/aiskhak/projects/GP/runs/3000/3/cand_007 with fv_app_run.sh
Return code = 0
Elapsed: 20.97 sec
has_err = False
has_conv = True
has_ss = False
has_fin = True
Using VPP file: /homes/aiskhak/projects/GP/runs/3000/3/cand_003/tamu_2d_fv_gp_csv_vpp_0002.csv
VPP columns: ('id', 'u', 'v', 'x', 'y', 'z')
coordinate check: max |r_res-r_cg| = 5.000444502911705e-12
coordinate check: max |z_res-z_cg| = 5.000444502911705e-12
Return code = 0
Return code = 0
Elapsed: 21.05 sec
Elapsed: 21.27 sec
has_err = False
has_conv = True
has_ss = False
has_fin = True
has_err = False
has_conv = True
has_ss = False
has_fin = True
Using VPP file: /homes/aiskhak/projects/GP/runs/3000/3/cand_007/tamu_2d_fv_gp_csv_vpp_0002.csv
Using VPP file: /homes/aiskhak/projects/GP/runs/3000/3/cand_000/tamu_2d_fv_gp_csv_vpp_0002.csv
Return code = 0
Elapsed: 21.37 sec
has_err = False
has_conv = True
has_ss = False
has_fin = True
Using VPP file: /homes/aiskhak/projects/GP/runs/3000/3/cand_004/tamu_2d_fv_gp_csv_vpp_0002.csv
Return code = 0
Elapsed: 21.41 sec
has_err = False
has_conv = True
has_ss = False
has_fin = True
Using VPP file: /homes/aiskhak/projects/GP/runs/3000/3/cand_002/tamu_2d_fv_gp_csv_vpp_0002.csv
Return code = 0
Elapsed: 21.31 sec
Return code = 0
Elapsed: 21.43 sec
has_err = False
has_conv = True
has_ss = False
has_fin = True
has_err = False
has_conv = True
has_ss = False
has_fin = True
Using VPP file: /homes/aiskhak/projects/GP/runs/3000/3/cand_005/tamu_2d_fv_gp_csv_vpp_0002.csv
Using VPP file: /homes/aiskhak/projects/GP/runs/3000/3/cand_001/tamu_2d_fv_gp_csv_vpp_0002.csv
VPP columns: ('id', 'u', 'v', 'x', 'y', 'z')
coordinate check: max |r_res-r_cg| = 5.000444502911705e-12
coordinate check: max |z_res-z_cg| = 5.000444502911705e-12
VPP columns: ('id', 'u', 'v', 'x', 'y', 'z')
coordinate check: max |r_res-r_cg| = 5.000444502911705e-12
coordinate check: max |z_res-z_cg| = 5.000444502911705e-12
VPP columns: ('id', 'u', 'v', 'x', 'y', 'z')
coordinate check: max |r_res-r_cg| = 5.000444502911705e-12
coordinate check: max |z_res-z_cg| = 5.000444502911705e-12
VPP columns: ('id', 'u', 'v', 'x', 'y', 'z')
coordinate check: max |r_res-r_cg| = 5.000444502911705e-12
coordinate check: max |z_res-z_cg| = 5.000444502911705e-12
VPP columns: ('id', 'u', 'v', 'x', 'y', 'z')
coordinate check: max |r_res-r_cg| = 5.000444502911705e-12
coordinate check: max |z_res-z_cg| = 5.000444502911705e-12
VPP columns: ('id', 'u', 'v', 'x', 'y', 'z')
coordinate check: max |r_res-r_cg| = 5.000444502911705e-12
coordinate check: max |z_res-z_cg| = 5.000444502911705e-12
Return code = 0
Elapsed: 24.26 sec
has_err = False
has_conv = True
has_ss = False
has_fin = True
Using VPP file: /homes/aiskhak/projects/GP/runs/3000/3/cand_006/tamu_2d_fv_gp_csv_vpp_0002.csv
VPP columns: ('id', 'u', 'v', 'x', 'y', 'z')
coordinate check: max |r_res-r_cg| = 5.000444502911705e-12
coordinate check: max |z_res-z_cg| = 5.000444502911705e-12

===== LIVE CHECKPOINT =====
Chunk 1, stage refine_train, candidate batch starting 8, case batch 2/18
Completed result rows: 216
Current best partial candidates:
  n_cases= 24, mean=0.44788274, raw = -1.1*eta_h + -5*eta_y + -0.14
  n_cases= 24, mean=0.44923018, raw = -1.1*eta_h + -5*eta_y + -0.16
  n_cases= 24, mean=0.44995065, raw = -1.1*eta_h + -5.2*eta_y + -0.12
  n_cases= 24, mean=0.45065344, raw = -1.1*eta_h + -5.2*eta_y + -0.14
  n_cases= 24, mean=0.45080449, raw = -1.1*eta_h + -5.2*eta_y + -0.08
Checkpoint details: /homes/aiskhak/projects/GP/linear_results_linear_refine_best_screen_C1etaH_C2etaY_C3_CeffMin005_chunk1/linear_refine_best_screen_C1etaH_C2etaY_C3_CeffMin005_chunk1_refine_train_details_checkpoint.csv
Checkpoint summary: /homes/aiskhak/projects/GP/linear_results_linear_refine_best_screen_C1etaH_C2etaY_C3_CeffMin005_chunk1/linear_refine_best_screen_C1etaH_C2etaY_C3_CeffMin005_chunk1_refine_train_summary_checkpoint.csv
===========================


===== Stage refine_train, candidate batch starting 8, case batch 3/18 =====
Running 8 tasks with 96 MPI ranks

===== Linear candidate local_id=000, RE=3000, CG=4 =====
raw = -1.1*eta_h + -5*eta_y + -0.12
raw min/max = -5.123102657986176 -0.13514966500654463
C_eff min/max = 0.0205043596054546 0.274165550768586
lm min/max = 0.0034200368442004092 0.10615854348748047

===== Linear candidate local_id=001, RE=3000, CG=4 =====
raw = -1.1*eta_h + -5*eta_y + -0.08
raw min/max = -5.083102657986176 -0.09514966500654462
C_eff min/max = 0.02050472273206941 0.308576979864796
lm min/max = 0.0038492970303934033 0.10616042352632449

===== Linear candidate local_id=002, RE=3000, CG=4 =====
raw = -1.1*eta_h + -4.8*eta_y + -0.2
raw min/max = -5.003102657986176 -0.21466778472572987
C_eff min/max = 0.020505542251209086 0.21762415183319445
lm min/max = 0.0027147196844056207 0.10616466647562416

===== Linear candidate local_id=003, RE=3000, CG=4 =====
raw = -1.1*eta_h + -4.8*eta_y + -0.16
raw min/max = -4.963102657986176 -0.17466778472572986
C_eff min/max = 0.020506003894085335 0.24424123936626635
lm min/max = 0.0030467505314366173 0.10616705656906267

===== Linear candidate local_id=004, RE=3000, CG=4 =====
raw = -1.1*eta_h + -4.8*eta_y + -0.14
raw min/max = -4.943102657986175 -0.15466778472572987
C_eff min/max = 0.020506248942526232 0.25890820771563083
lm min/max = 0.003229711417685552 0.106168325274161

===== Linear candidate local_id=005, RE=3000, CG=4 =====
raw = -1.1*eta_h + -4.8*eta_y + -0.12
raw min/max = -4.923102657986176 -0.13466778472572985
C_eff min/max = 0.020506503993655528 0.2745544906188754
lm min/max = 0.0034248886157466096 0.10616964576682314

===== Linear candidate local_id=006, RE=3000, CG=4 =====
raw = -1.1*eta_h + -4.8*eta_y + -0.08
raw min/max = -4.883102657986176 -0.09466778472572987
C_eff min/max = 0.02050704575422058 0.30901876413506985
lm min/max = 0.003854808001692639 0.10617245065873937

===== Linear candidate local_id=007, RE=3000, CG=4 =====
raw = -1*eta_h + -5.2*eta_y + -0.2
raw min/max = -5.402820598169251 -0.2153494854704343
C_eff min/max = 0.020502491575726537 0.21720006355076182
lm min/max = 0.002709429459039789 0.1061488720166841
Running case in: /homes/aiskhak/projects/GP/runs/3000/4/cand_001 with fv_app_run.sh
Running case in: /homes/aiskhak/projects/GP/runs/3000/4/cand_000 with fv_app_run.sh
Running case in: /homes/aiskhak/projects/GP/runs/3000/4/cand_002 with fv_app_run.sh
Running case in: /homes/aiskhak/projects/GP/runs/3000/4/cand_004 with fv_app_run.sh
Running case in: /homes/aiskhak/projects/GP/runs/3000/4/cand_003 with fv_app_run.sh
Running case in: /homes/aiskhak/projects/GP/runs/3000/4/cand_005 with fv_app_run.sh
Running case in: /homes/aiskhak/projects/GP/runs/3000/4/cand_006 with fv_app_run.sh
Running case in: /homes/aiskhak/projects/GP/runs/3000/4/cand_007 with fv_app_run.sh
Return code = 0
Elapsed: 61.59 sec
has_err = False
has_conv = True
has_ss = False
has_fin = True
Using VPP file: /homes/aiskhak/projects/GP/runs/3000/4/cand_007/tamu_2d_fv_gp_csv_vpp_0002.csv
Return code = 0
Elapsed: 61.97 sec
has_err = False
has_conv = True
has_ss = False
has_fin = True
Using VPP file: /homes/aiskhak/projects/GP/runs/3000/4/cand_003/tamu_2d_fv_gp_csv_vpp_0002.csv
Return code = 0
Elapsed: 62.91 sec
has_err = False
has_conv = True
has_ss = False
has_fin = True
Using VPP file: /homes/aiskhak/projects/GP/runs/3000/4/cand_002/tamu_2d_fv_gp_csv_vpp_0002.csv
Return code = 0
Elapsed: 62.88 sec
has_err = False
has_conv = True
has_ss = False
has_fin = True
Using VPP file: /homes/aiskhak/projects/GP/runs/3000/4/cand_004/tamu_2d_fv_gp_csv_vpp_0002.csv
VPP columns: ('id', 'u', 'v', 'x', 'y', 'z')
coordinate check: max |r_res-r_cg| = 5.000444502911705e-12
coordinate check: max |z_res-z_cg| = 5.000444502911705e-12
Return code = 0
Elapsed: 63.77 sec
has_err = False
has_conv = True
has_ss = False
has_fin = True
Using VPP file: /homes/aiskhak/projects/GP/runs/3000/4/cand_000/tamu_2d_fv_gp_csv_vpp_0002.csv
VPP columns: ('id', 'u', 'v', 'x', 'y', 'z')
coordinate check: max |r_res-r_cg| = 5.000444502911705e-12
coordinate check: max |z_res-z_cg| = 5.000444502911705e-12
VPP columns: ('id', 'u', 'v', 'x', 'y', 'z')
coordinate check: max |r_res-r_cg| = 5.000444502911705e-12
coordinate check: max |z_res-z_cg| = 5.000444502911705e-12
Return code = 0
Elapsed: 64.4 sec
has_err = False
has_conv = True
has_ss = False
has_fin = True
Using VPP file: /homes/aiskhak/projects/GP/runs/3000/4/cand_005/tamu_2d_fv_gp_csv_vpp_0002.csv
VPP columns: ('id', 'u', 'v', 'x', 'y', 'z')
coordinate check: max |r_res-r_cg| = 5.000444502911705e-12
coordinate check: max |z_res-z_cg| = 5.000444502911705e-12
Return code = 0
Elapsed: 66.63 sec
has_err = False
has_conv = True
has_ss = False
has_fin = True
Using VPP file: /homes/aiskhak/projects/GP/runs/3000/4/cand_001/tamu_2d_fv_gp_csv_vpp_0002.csv
Return code = 0
Elapsed: 68.16 sec
has_err = False
has_conv = True
has_ss = False
has_fin = True
Using VPP file: /homes/aiskhak/projects/GP/runs/3000/4/cand_006/tamu_2d_fv_gp_csv_vpp_0002.csv
VPP columns: ('id', 'u', 'v', 'x', 'y', 'z')
coordinate check: max |r_res-r_cg| = 5.000444502911705e-12
coordinate check: max |z_res-z_cg| = 5.000444502911705e-12
VPP columns: ('id', 'u', 'v', 'x', 'y', 'z')
coordinate check: max |r_res-r_cg| = 5.000444502911705e-12
coordinate check: max |z_res-z_cg| = 5.000444502911705e-12
VPP columns: ('id', 'u', 'v', 'x', 'y', 'z')
coordinate check: max |r_res-r_cg| = 5.000444502911705e-12
coordinate check: max |z_res-z_cg| = 5.000444502911705e-12
VPP columns: ('id', 'u', 'v', 'x', 'y', 'z')
coordinate check: max |r_res-r_cg| = 5.000444502911705e-12
coordinate check: max |z_res-z_cg| = 5.000444502911705e-12

===== LIVE CHECKPOINT =====
Chunk 1, stage refine_train, candidate batch starting 8, case batch 3/18
Completed result rows: 224
Current best partial candidates:
  n_cases= 24, mean=0.44788274, raw = -1.1*eta_h + -5*eta_y + -0.14
  n_cases= 24, mean=0.44923018, raw = -1.1*eta_h + -5*eta_y + -0.16
  n_cases= 24, mean=0.44995065, raw = -1.1*eta_h + -5.2*eta_y + -0.12
  n_cases= 24, mean=0.45065344, raw = -1.1*eta_h + -5.2*eta_y + -0.14
  n_cases= 24, mean=0.45080449, raw = -1.1*eta_h + -5.2*eta_y + -0.08
Checkpoint details: /homes/aiskhak/projects/GP/linear_results_linear_refine_best_screen_C1etaH_C2etaY_C3_CeffMin005_chunk1/linear_refine_best_screen_C1etaH_C2etaY_C3_CeffMin005_chunk1_refine_train_details_checkpoint.csv
Checkpoint summary: /homes/aiskhak/projects/GP/linear_results_linear_refine_best_screen_C1etaH_C2etaY_C3_CeffMin005_chunk1/linear_refine_best_screen_C1etaH_C2etaY_C3_CeffMin005_chunk1_refine_train_summary_checkpoint.csv
===========================


===== Stage refine_train, candidate batch starting 8, case batch 4/18 =====
Running 16 tasks with 64 MPI ranks

===== Linear candidate local_id=000, RE=3413, CG=1 =====
raw = -1.1*eta_h + -5*eta_y + -0.12
raw min/max = -5.145049782242759 -0.24079444094701513
C_eff min/max = 0.020504172370213722 0.20203226613235895
lm min/max = 0.019864834078729354 0.10528388444113036

===== Linear candidate local_id=000, RE=3413, CG=2 =====
raw = -1.1*eta_h + -5*eta_y + -0.12
raw min/max = -5.132445552079248 -0.1804704761500392
C_eff min/max = 0.02050427889355845 0.24016109955188875

===== Linear candidate local_id=001, RE=3413, CG=1 =====
raw = -1.1*eta_h + -5*eta_y + -0.08
lm min/max = 0.011908631679761313 0.10585393761124302
raw min/max = -5.105049782242759 -0.20079444094701515
C_eff min/max = 0.020504519900212778 0.226464156883814
lm min/max = 0.022267101128930808 0.10528566892223987

===== Linear candidate local_id=001, RE=3413, CG=2 =====
raw = -1.1*eta_h + -5*eta_y + -0.08
raw min/max = -5.092445552079248 -0.1404704761500392
C_eff min/max = 0.020504635296894114 0.26991075361438877
lm min/max = 0.013383798446950779 0.1058557775538547

===== Linear candidate local_id=002, RE=3413, CG=1 =====
raw = -1.1*eta_h + -4.8*eta_y + -0.2
raw min/max = -5.025049782242759 -0.31696465459884493
C_eff min/max = 0.02050530421961895 0.16356116328644776
lm min/max = 0.01608216069942326 0.10528969620957598
Running case in: /homes/aiskhak/projects/GP/runs/3413/1/cand_000 with fv_app_run.sh

===== Linear candidate local_id=002, RE=3413, CG=2 =====
raw = -1.1*eta_h + -4.8*eta_y + -0.2

===== Linear candidate local_id=003, RE=3413, CG=1 =====
raw = -1.1*eta_h + -4.8*eta_y + -0.16
raw min/max = -5.012445552079248 -0.2585494791872075
C_eff min/max = 0.020505439642373755 0.19217793654902177
lm min/max = 0.00952933788031885 0.10585993001084486
raw min/max = -4.985049782242759 -0.2769646545988449
C_eff min/max = 0.02050574603375783 0.18255096759595996
lm min/max = 0.017949334290144964 0.10529196481656497

===== Linear candidate local_id=003, RE=3413, CG=2 =====
raw = -1.1*eta_h + -4.8*eta_y + -0.16
raw min/max = -4.972445552079248 -0.21854947918720752
C_eff min/max = 0.020505892737609357 0.21522198287761804
lm min/max = 0.010672000287555695 0.1058622691282091

===== Linear candidate local_id=004, RE=3413, CG=1 =====
raw = -1.1*eta_h + -4.8*eta_y + -0.14
raw min/max = -4.965049782242758 -0.2569646545988449
C_eff min/max = 0.020505980556628438 0.19303421177765712
lm min/max = 0.018980099871617914 0.10529316903385119

===== Linear candidate local_id=004, RE=3413, CG=2 =====
raw = -1.1*eta_h + -4.8*eta_y + -0.14
raw min/max = -4.952445552079247 -0.19854947918720753
Running case in: /homes/aiskhak/projects/GP/runs/3413/1/cand_001 with fv_app_run.sh
C_eff min/max = 0.02050613324875592 0.2279327946488783
lm min/max = 0.011302278779855856 0.1058635107740156

===== Linear candidate local_id=005, RE=3413, CG=1 =====
raw = -1.1*eta_h + -4.8*eta_y + -0.12
raw min/max = -4.945049782242759 -0.2369646545988449
C_eff min/max = 0.020506224652456658 0.204234706719745
lm min/max = 0.02008138917497334 0.10529442240592136

===== Linear candidate local_id=006, RE=3413, CG=1 =====
Running case in: /homes/aiskhak/projects/GP/runs/3413/2/cand_000 with fv_app_run.sh

===== Linear candidate local_id=005, RE=3413, CG=2 =====
raw = -1.1*eta_h + -4.8*eta_y + -0.12
raw = -1.1*eta_h + -4.8*eta_y + -0.08
raw min/max = -4.932445552079248 -0.1785494791872075
C_eff min/max = 0.020506383577344408 0.24150331702223718
lm min/max = 0.011975186894233367 0.10586480310265224
raw min/max = -4.905049782242759 -0.19696465459884488
C_eff min/max = 0.020506743142300964 0.22897609224994261
lm min/max = 0.02251408731692885 0.105297084723808

===== Linear candidate local_id=006, RE=3413, CG=2 =====
raw = -1.1*eta_h + -4.8*eta_y + -0.08
raw min/max = -4.892445552079248 -0.1385494791872075
C_eff min/max = 0.020506915306513464 0.27143849742057635
lm min/max = 0.013459553172936258 0.10586754816999061

===== Linear candidate local_id=007, RE=3413, CG=1 =====
raw = -1*eta_h + -5.2*eta_y + -0.2
raw min/max = -5.422772529311599 -0.3223469743640255
C_eff min/max = 0.02050239410600681 0.1611933423838145
lm min/max = 0.01584934457425966 0.10527475349159064
Running case in: /homes/aiskhak/projects/GP/runs/3413/2/cand_001 with fv_app_run.sh
Running case in: /homes/aiskhak/projects/GP/runs/3413/1/cand_002 with fv_app_run.sh
Running case in: /homes/aiskhak/projects/GP/runs/3413/1/cand_006 with fv_app_run.sh
Running case in: /homes/aiskhak/projects/GP/runs/3413/1/cand_003 with fv_app_run.sh

===== Linear candidate local_id=007, RE=3413, CG=2 =====
raw = -1*eta_h + -5.2*eta_y + -0.2
raw min/max = -5.411314138253862 -0.2612600592874847
Running case in: /homes/aiskhak/projects/GP/runs/3413/2/cand_003 with fv_app_run.sh
Running case in: /homes/aiskhak/projects/GP/runs/3413/1/cand_004 with fv_app_run.sh
Running case in: /homes/aiskhak/projects/GP/runs/3413/2/cand_002 with fv_app_run.sh
C_eff min/max = 0.02050244960691836 0.19072379085181435
lm min/max = 0.0094572325912064 0.10584449386562883
Running case in: /homes/aiskhak/projects/GP/runs/3413/1/cand_005 with fv_app_run.sh
Running case in: /homes/aiskhak/projects/GP/runs/3413/2/cand_006 with fv_app_run.sh
Running case in: /homes/aiskhak/projects/GP/runs/3413/2/cand_005 with fv_app_run.sh
Running case in: /homes/aiskhak/projects/GP/runs/3413/2/cand_004 with fv_app_run.sh
Running case in: /homes/aiskhak/projects/GP/runs/3413/1/cand_007 with fv_app_run.sh
Running case in: /homes/aiskhak/projects/GP/runs/3413/2/cand_007 with fv_app_run.sh
Return code = 0
Elapsed: 12.11 sec
has_err = False
has_conv = True
has_ss = False
has_fin = True
Using VPP file: /homes/aiskhak/projects/GP/runs/3413/1/cand_000/tamu_2d_fv_gp_csv_vpp_0002.csv
Return code = 0
Elapsed: 12.24 sec
Return code = 0
Elapsed: 12.32 sec
has_err = False
has_conv = True
has_ss = False
has_fin = True
has_err = False
has_conv = True
has_ss = False
has_fin = True
Using VPP file: /homes/aiskhak/projects/GP/runs/3413/1/cand_005/tamu_2d_fv_gp_csv_vpp_0002.csv
Using VPP file: /homes/aiskhak/projects/GP/runs/3413/1/cand_002/tamu_2d_fv_gp_csv_vpp_0002.csv
VPP columns: ('id', 'u', 'v', 'x', 'y', 'z')
coordinate check: max |r_res-r_cg| = 5.000444502911705e-12
coordinate check: max |z_res-z_cg| = 5.000444502911705e-12
VPP columns: ('id', 'u', 'v', 'x', 'y', 'z')
coordinate check: max |r_res-r_cg| = 5.000444502911705e-12
coordinate check: max |z_res-z_cg| = 5.000444502911705e-12
VPP columns: ('id', 'u', 'v', 'x', 'y', 'z')
coordinate check: max |r_res-r_cg| = 5.000444502911705e-12
coordinate check: max |z_res-z_cg| = 5.000444502911705e-12
Return code = 0
Elapsed: 12.94 sec
has_err = False
has_conv = True
has_ss = False
has_fin = True
Using VPP file: /homes/aiskhak/projects/GP/runs/3413/1/cand_001/tamu_2d_fv_gp_csv_vpp_0002.csv
VPP columns: ('id', 'u', 'v', 'x', 'y', 'z')
coordinate check: max |r_res-r_cg| = 5.000444502911705e-12
coordinate check: max |z_res-z_cg| = 5.000444502911705e-12
Return code = 0
Elapsed: 12.13 sec
has_err = False
has_conv = True
has_ss = False
has_fin = True
Using VPP file: /homes/aiskhak/projects/GP/runs/3413/1/cand_007/tamu_2d_fv_gp_csv_vpp_0002.csv
VPP columns: ('id', 'u', 'v', 'x', 'y', 'z')
coordinate check: max |r_res-r_cg| = 5.000444502911705e-12
coordinate check: max |z_res-z_cg| = 5.000444502911705e-12
Return code = 0
Elapsed: 13.2 sec
has_err = False
has_conv = True
has_ss = False
has_fin = True
Using VPP file: /homes/aiskhak/projects/GP/runs/3413/1/cand_004/tamu_2d_fv_gp_csv_vpp_0002.csv
VPP columns: ('id', 'u', 'v', 'x', 'y', 'z')
coordinate check: max |r_res-r_cg| = 5.000444502911705e-12
coordinate check: max |z_res-z_cg| = 5.000444502911705e-12
Return code = 0
Elapsed: 13.51 sec
has_err = False
has_conv = True
has_ss = False
has_fin = True
Using VPP file: /homes/aiskhak/projects/GP/runs/3413/1/cand_003/tamu_2d_fv_gp_csv_vpp_0002.csv
VPP columns: ('id', 'u', 'v', 'x', 'y', 'z')
coordinate check: max |r_res-r_cg| = 5.000444502911705e-12
coordinate check: max |z_res-z_cg| = 5.000444502911705e-12
Return code = 0
Elapsed: 13.61 sec
has_err = False
has_conv = True
has_ss = False
has_fin = True
Using VPP file: /homes/aiskhak/projects/GP/runs/3413/1/cand_006/tamu_2d_fv_gp_csv_vpp_0002.csv
VPP columns: ('id', 'u', 'v', 'x', 'y', 'z')
coordinate check: max |r_res-r_cg| = 5.000444502911705e-12
coordinate check: max |z_res-z_cg| = 5.000444502911705e-12
Return code = 0
Elapsed: 16.17 sec
Return code = 0
Elapsed: 16.42 sec
has_err = False
has_conv = True
has_ss = False
has_fin = True
has_err = False
has_conv = True
has_ss = False
has_fin = True
Return code = 0
Elapsed: 16.16 sec
has_err = False
has_conv = True
has_ss = False
has_fin = True
Using VPP file: /homes/aiskhak/projects/GP/runs/3413/2/cand_006/tamu_2d_fv_gp_csv_vpp_0002.csv
Using VPP file: /homes/aiskhak/projects/GP/runs/3413/2/cand_000/tamu_2d_fv_gp_csv_vpp_0002.csv
Using VPP file: /homes/aiskhak/projects/GP/runs/3413/2/cand_004/tamu_2d_fv_gp_csv_vpp_0002.csv
Return code = 0
Elapsed: 16.4 sec
has_err = False
has_conv = True
has_ss = False
has_fin = True
Using VPP file: /homes/aiskhak/projects/GP/runs/3413/2/cand_001/tamu_2d_fv_gp_csv_vpp_0002.csv
VPP columns: ('id', 'u', 'v', 'x', 'y', 'z')
coordinate check: max |r_res-r_cg| = 5.000444502911705e-12
coordinate check: max |z_res-z_cg| = 5.000444502911705e-12
VPP columns: ('id', 'u', 'v', 'x', 'y', 'z')
coordinate check: max |r_res-r_cg| = 5.000444502911705e-12
coordinate check: max |z_res-z_cg| = 5.000444502911705e-12
Return code = 0
Elapsed: 16.51 sec
has_err = False
has_conv = True
has_ss = False
has_fin = True
Using VPP file: /homes/aiskhak/projects/GP/runs/3413/2/cand_003/tamu_2d_fv_gp_csv_vpp_0002.csv
VPP columns: ('id', 'u', 'v', 'x', 'y', 'z')
coordinate check: max |r_res-r_cg| = 5.000444502911705e-12
coordinate check: max |z_res-z_cg| = 5.000444502911705e-12
VPP columns: ('id', 'u', 'v', 'x', 'y', 'z')
coordinate check: max |r_res-r_cg| = 5.000444502911705e-12
coordinate check: max |z_res-z_cg| = 5.000444502911705e-12
Return code = 0
Elapsed: 16.56 sec
has_err = False
has_conv = True
has_ss = False
has_fin = True
Using VPP file: /homes/aiskhak/projects/GP/runs/3413/2/cand_005/tamu_2d_fv_gp_csv_vpp_0002.csv
Return code = 0
Elapsed: 16.69 sec
has_err = False
has_conv = True
has_ss = False
has_fin = True
Using VPP file: /homes/aiskhak/projects/GP/runs/3413/2/cand_002/tamu_2d_fv_gp_csv_vpp_0002.csv
VPP columns: ('id', 'u', 'v', 'x', 'y', 'z')
coordinate check: max |r_res-r_cg| = 5.000444502911705e-12
coordinate check: max |z_res-z_cg| = 5.000444502911705e-12
Return code = 0
Elapsed: 15.92 sec
has_err = False
has_conv = True
has_ss = False
has_fin = True
Using VPP file: /homes/aiskhak/projects/GP/runs/3413/2/cand_007/tamu_2d_fv_gp_csv_vpp_0002.csv
VPP columns: ('id', 'u', 'v', 'x', 'y', 'z')
coordinate check: max |r_res-r_cg| = 5.000444502911705e-12
coordinate check: max |z_res-z_cg| = 5.000444502911705e-12
VPP columns: ('id', 'u', 'v', 'x', 'y', 'z')
coordinate check: max |r_res-r_cg| = 5.000444502911705e-12
coordinate check: max |z_res-z_cg| = 5.000444502911705e-12
VPP columns: ('id', 'u', 'v', 'x', 'y', 'z')
coordinate check: max |r_res-r_cg| = 5.000444502911705e-12
coordinate check: max |z_res-z_cg| = 5.000444502911705e-12

===== LIVE CHECKPOINT =====
Chunk 1, stage refine_train, candidate batch starting 8, case batch 4/18
Completed result rows: 240
Current best partial candidates:
  n_cases= 24, mean=0.44788274, raw = -1.1*eta_h + -5*eta_y + -0.14
  n_cases= 24, mean=0.44923018, raw = -1.1*eta_h + -5*eta_y + -0.16
  n_cases= 24, mean=0.44995065, raw = -1.1*eta_h + -5.2*eta_y + -0.12
  n_cases= 24, mean=0.45065344, raw = -1.1*eta_h + -5.2*eta_y + -0.14
  n_cases= 24, mean=0.45080449, raw = -1.1*eta_h + -5.2*eta_y + -0.08
Checkpoint details: /homes/aiskhak/projects/GP/linear_results_linear_refine_best_screen_C1etaH_C2etaY_C3_CeffMin005_chunk1/linear_refine_best_screen_C1etaH_C2etaY_C3_CeffMin005_chunk1_refine_train_details_checkpoint.csv
Checkpoint summary: /homes/aiskhak/projects/GP/linear_results_linear_refine_best_screen_C1etaH_C2etaY_C3_CeffMin005_chunk1/linear_refine_best_screen_C1etaH_C2etaY_C3_CeffMin005_chunk1_refine_train_summary_checkpoint.csv
===========================


===== Stage refine_train, candidate batch starting 8, case batch 5/18 =====
Running 8 tasks with 64 MPI ranks

===== Linear candidate local_id=000, RE=3413, CG=3 =====
raw = -1.1*eta_h + -5*eta_y + -0.12
raw min/max = -5.126219626106677 -0.15031970446717768
C_eff min/max = 0.02050433251058075 0.26222449426776395
lm min/max = 0.006528629117426788 0.10591218476974663

===== Linear candidate local_id=001, RE=3413, CG=3 =====
raw = -1.1*eta_h + -5*eta_y + -0.08
raw min/max = -5.0862196261066766 -0.11031970446717768
C_eff min/max = 0.02050469338019776 0.2950081829407675
lm min/max = 0.007344847850329261 0.10591404878992552

===== Linear candidate local_id=002, RE=3413, CG=3 =====
raw = -1.1*eta_h + -4.8*eta_y + -0.2

===== Linear candidate local_id=003, RE=3413, CG=3 =====
raw = -1.1*eta_h + -4.8*eta_y + -0.16
raw min/max = -4.966219626106676 -0.18935570133275761
C_eff min/max = 0.02050596657899515 0.23406108489330113
lm min/max = 0.005827441934278383 0.10592062531545779
raw min/max = -5.0062196261066765 -0.22935570133275762
C_eff min/max = 0.02050550780555437 0.20869388933027638
lm min/max = 0.005195872362401884 0.10591825558713805

===== Linear candidate local_id=004, RE=3413, CG=3 =====
raw = -1.1*eta_h + -4.8*eta_y + -0.14
raw min/max = -4.946219626106676 -0.16935570133275762
C_eff min/max = 0.020506210104270107 0.2480445214461922
lm min/max = 0.006175588934412069 0.1059218832102907

===== Linear candidate local_id=005, RE=3413, CG=3 =====
raw = -1.1*eta_h + -4.8*eta_y + -0.12
raw min/max = -4.926219626106676 -0.1493557013327576
C_eff min/max = 0.020506463570046218 0.2629660671110099
lm min/max = 0.006547092129704218 0.10592319245135466

===== Linear candidate local_id=006, RE=3413, CG=3 =====
raw = -1.1*eta_h + -4.8*eta_y + -0.08
raw min/max = -4.886219626106676 -0.10935570133275763
C_eff min/max = 0.02050700196307908 0.29585114154581066
lm min/max = 0.007365835073925736 0.1059259734432424

===== Linear candidate local_id=007, RE=3413, CG=3 =====
raw = -1*eta_h + -5.2*eta_y + -0.2
raw min/max = -5.405654205551524 -0.23071828704644534
C_eff min/max = 0.020502477494800914 0.20788711142748767
lm min/max = 0.0051757859333207605 0.10590260295215156
Running case in: /homes/aiskhak/projects/GP/runs/3413/3/cand_000 with fv_app_run.sh
Running case in: /homes/aiskhak/projects/GP/runs/3413/3/cand_001 with fv_app_run.sh
Running case in: /homes/aiskhak/projects/GP/runs/3413/3/cand_002 with fv_app_run.sh
Running case in: /homes/aiskhak/projects/GP/runs/3413/3/cand_003 with fv_app_run.sh
Running case in: /homes/aiskhak/projects/GP/runs/3413/3/cand_007 with fv_app_run.sh
Running case in: /homes/aiskhak/projects/GP/runs/3413/3/cand_004 with fv_app_run.sh
Running case in: /homes/aiskhak/projects/GP/runs/3413/3/cand_006 with fv_app_run.sh
Running case in: /homes/aiskhak/projects/GP/runs/3413/3/cand_005 with fv_app_run.sh
Return code = 0
Elapsed: 21.22 sec
has_err = False
has_conv = True
has_ss = False
has_fin = True
Using VPP file: /homes/aiskhak/projects/GP/runs/3413/3/cand_002/tamu_2d_fv_gp_csv_vpp_0002.csv
Return code = 0
Elapsed: 21.38 sec
has_err = False
has_conv = True
has_ss = False
has_fin = True
Using VPP file: /homes/aiskhak/projects/GP/runs/3413/3/cand_006/tamu_2d_fv_gp_csv_vpp_0002.csv
VPP columns: ('id', 'u', 'v', 'x', 'y', 'z')
coordinate check: max |r_res-r_cg| = 5.000444502911705e-12
coordinate check: max |z_res-z_cg| = 5.000444502911705e-12
Return code = 0
Elapsed: 21.73 sec
has_err = False
has_conv = True
has_ss = False
has_fin = True
Using VPP file: /homes/aiskhak/projects/GP/runs/3413/3/cand_004/tamu_2d_fv_gp_csv_vpp_0002.csv
Return code = 0
Elapsed: 22.08 sec
Return code = 0
Elapsed: 21.86 sec
has_err = False
has_conv = True
has_ss = False
has_fin = True
has_err = False
has_conv = True
has_ss = False
has_fin = True
Using VPP file: /homes/aiskhak/projects/GP/runs/3413/3/cand_000/tamu_2d_fv_gp_csv_vpp_0002.csv
Using VPP file: /homes/aiskhak/projects/GP/runs/3413/3/cand_005/tamu_2d_fv_gp_csv_vpp_0002.csv
VPP columns: ('id', 'u', 'v', 'x', 'y', 'z')
coordinate check: max |r_res-r_cg| = 5.000444502911705e-12
coordinate check: max |z_res-z_cg| = 5.000444502911705e-12
VPP columns: ('id', 'u', 'v', 'x', 'y', 'z')
coordinate check: max |r_res-r_cg| = 5.000444502911705e-12
coordinate check: max |z_res-z_cg| = 5.000444502911705e-12
VPP columns: ('id', 'u', 'v', 'x', 'y', 'z')
coordinate check: max |r_res-r_cg| = 5.000444502911705e-12
coordinate check: max |z_res-z_cg| = 5.000444502911705e-12
Return code = 0
Elapsed: 24.72 sec
has_err = False
has_conv = True
has_ss = False
has_fin = True
Using VPP file: /homes/aiskhak/projects/GP/runs/3413/3/cand_001/tamu_2d_fv_gp_csv_vpp_0002.csv
VPP columns: ('id', 'u', 'v', 'x', 'y', 'z')
coordinate check: max |r_res-r_cg| = 5.000444502911705e-12
coordinate check: max |z_res-z_cg| = 5.000444502911705e-12
Return code = 0
Elapsed: 25.25 sec
has_err = False
has_conv = True
has_ss = False
has_fin = True
Using VPP file: /homes/aiskhak/projects/GP/runs/3413/3/cand_003/tamu_2d_fv_gp_csv_vpp_0002.csv
Return code = 0
Elapsed: 25.29 sec
has_err = False
has_conv = True
has_ss = False
has_fin = True
Using VPP file: /homes/aiskhak/projects/GP/runs/3413/3/cand_007/tamu_2d_fv_gp_csv_vpp_0002.csv
VPP columns: ('id', 'u', 'v', 'x', 'y', 'z')
coordinate check: max |r_res-r_cg| = 5.000444502911705e-12
coordinate check: max |z_res-z_cg| = 5.000444502911705e-12
VPP columns: ('id', 'u', 'v', 'x', 'y', 'z')
coordinate check: max |r_res-r_cg| = 5.000444502911705e-12
coordinate check: max |z_res-z_cg| = 5.000444502911705e-12
VPP columns: ('id', 'u', 'v', 'x', 'y', 'z')
coordinate check: max |r_res-r_cg| = 5.000444502911705e-12
coordinate check: max |z_res-z_cg| = 5.000444502911705e-12

===== LIVE CHECKPOINT =====
Chunk 1, stage refine_train, candidate batch starting 8, case batch 5/18
Completed result rows: 248
Current best partial candidates:
  n_cases= 24, mean=0.44788274, raw = -1.1*eta_h + -5*eta_y + -0.14
  n_cases= 24, mean=0.44923018, raw = -1.1*eta_h + -5*eta_y + -0.16
  n_cases= 24, mean=0.44995065, raw = -1.1*eta_h + -5.2*eta_y + -0.12
  n_cases= 24, mean=0.45065344, raw = -1.1*eta_h + -5.2*eta_y + -0.14
  n_cases= 24, mean=0.45080449, raw = -1.1*eta_h + -5.2*eta_y + -0.08
Checkpoint details: /homes/aiskhak/projects/GP/linear_results_linear_refine_best_screen_C1etaH_C2etaY_C3_CeffMin005_chunk1/linear_refine_best_screen_C1etaH_C2etaY_C3_CeffMin005_chunk1_refine_train_details_checkpoint.csv
Checkpoint summary: /homes/aiskhak/projects/GP/linear_results_linear_refine_best_screen_C1etaH_C2etaY_C3_CeffMin005_chunk1/linear_refine_best_screen_C1etaH_C2etaY_C3_CeffMin005_chunk1_refine_train_summary_checkpoint.csv
===========================


===== Stage refine_train, candidate batch starting 8, case batch 6/18 =====
Running 8 tasks with 96 MPI ranks

===== Linear candidate local_id=000, RE=3413, CG=4 =====
raw = -1.1*eta_h + -5*eta_y + -0.12
raw min/max = -5.123102657986176 -0.13514966500654463
C_eff min/max = 0.0205043596054546 0.274165550768586
lm min/max = 0.0034200368442004092 0.10615854348748047

===== Linear candidate local_id=001, RE=3413, CG=4 =====
raw = -1.1*eta_h + -5*eta_y + -0.08
raw min/max = -5.083102657986176 -0.09514966500654462
C_eff min/max = 0.02050472273206941 0.308576979864796
lm min/max = 0.0038492970303934033 0.10616042352632449

===== Linear candidate local_id=002, RE=3413, CG=4 =====
raw = -1.1*eta_h + -4.8*eta_y + -0.2
raw min/max = -5.003102657986176 -0.21466778472572987
C_eff min/max = 0.020505542251209086 0.21762415183319445
lm min/max = 0.0027147196844056207 0.10616466647562416

===== Linear candidate local_id=003, RE=3413, CG=4 =====
raw = -1.1*eta_h + -4.8*eta_y + -0.16
raw min/max = -4.963102657986176 -0.17466778472572986
C_eff min/max = 0.020506003894085335 0.24424123936626635
lm min/max = 0.0030467505314366173 0.10616705656906267

===== Linear candidate local_id=004, RE=3413, CG=4 =====
raw = -1.1*eta_h + -4.8*eta_y + -0.14
raw min/max = -4.943102657986175 -0.15466778472572987
C_eff min/max = 0.020506248942526232 0.25890820771563083
lm min/max = 0.003229711417685552 0.106168325274161

===== Linear candidate local_id=005, RE=3413, CG=4 =====
raw = -1.1*eta_h + -4.8*eta_y + -0.12
raw min/max = -4.923102657986176 -0.13466778472572985
C_eff min/max = 0.020506503993655528 0.2745544906188754
lm min/max = 0.0034248886157466096 0.10616964576682314

===== Linear candidate local_id=006, RE=3413, CG=4 =====
raw = -1.1*eta_h + -4.8*eta_y + -0.08
raw min/max = -4.883102657986176 -0.09466778472572987
C_eff min/max = 0.02050704575422058 0.30901876413506985
lm min/max = 0.003854808001692639 0.10617245065873937

===== Linear candidate local_id=007, RE=3413, CG=4 =====
raw = -1*eta_h + -5.2*eta_y + -0.2
raw min/max = -5.402820598169251 -0.2153494854704343
C_eff min/max = 0.020502491575726537 0.21720006355076182
lm min/max = 0.002709429459039789 0.1061488720166841
Running case in: /homes/aiskhak/projects/GP/runs/3413/4/cand_000 with fv_app_run.sh
Running case in: /homes/aiskhak/projects/GP/runs/3413/4/cand_001 with fv_app_run.sh
Running case in: /homes/aiskhak/projects/GP/runs/3413/4/cand_002 with fv_app_run.sh
Running case in: /homes/aiskhak/projects/GP/runs/3413/4/cand_004 with fv_app_run.sh
Running case in: /homes/aiskhak/projects/GP/runs/3413/4/cand_003 with fv_app_run.sh
Running case in: /homes/aiskhak/projects/GP/runs/3413/4/cand_006 with fv_app_run.sh
Running case in: /homes/aiskhak/projects/GP/runs/3413/4/cand_005 with fv_app_run.sh
Running case in: /homes/aiskhak/projects/GP/runs/3413/4/cand_007 with fv_app_run.sh
Return code = 0
Elapsed: 63.58 sec
has_err = False
has_conv = True
has_ss = False
has_fin = True
Using VPP file: /homes/aiskhak/projects/GP/runs/3413/4/cand_007/tamu_2d_fv_gp_csv_vpp_0002.csv
Return code = 0
Elapsed: 64.28 sec
has_err = False
has_conv = True
has_ss = False
has_fin = True
Using VPP file: /homes/aiskhak/projects/GP/runs/3413/4/cand_002/tamu_2d_fv_gp_csv_vpp_0002.csv
VPP columns: ('id', 'u', 'v', 'x', 'y', 'z')
coordinate check: max |r_res-r_cg| = 5.000444502911705e-12
coordinate check: max |z_res-z_cg| = 5.000444502911705e-12
Return code = 0
Elapsed: 65.37 sec
has_err = False
has_conv = True
has_ss = False
has_fin = True
Using VPP file: /homes/aiskhak/projects/GP/runs/3413/4/cand_004/tamu_2d_fv_gp_csv_vpp_0002.csv
Return code = 0
Elapsed: 66.67 sec
has_err = False
has_conv = True
has_ss = False
has_fin = True
Using VPP file: /homes/aiskhak/projects/GP/runs/3413/4/cand_003/tamu_2d_fv_gp_csv_vpp_0002.csv
Return code = 0
Elapsed: 67.34 sec
has_err = False
has_conv = True
has_ss = False
has_fin = True
VPP columns: ('id', 'u', 'v', 'x', 'y', 'z')
coordinate check: max |r_res-r_cg| = 5.000444502911705e-12
coordinate check: max |z_res-z_cg| = 5.000444502911705e-12
Using VPP file: /homes/aiskhak/projects/GP/runs/3413/4/cand_000/tamu_2d_fv_gp_csv_vpp_0002.csv
VPP columns: ('id', 'u', 'v', 'x', 'y', 'z')
coordinate check: max |r_res-r_cg| = 5.000444502911705e-12
coordinate check: max |z_res-z_cg| = 5.000444502911705e-12
VPP columns: ('id', 'u', 'v', 'x', 'y', 'z')
coordinate check: max |r_res-r_cg| = 5.000444502911705e-12
coordinate check: max |z_res-z_cg| = 5.000444502911705e-12
Return code = 0
Elapsed: 69.58 sec
has_err = False
has_conv = True
has_ss = False
has_fin = True
Using VPP file: /homes/aiskhak/projects/GP/runs/3413/4/cand_001/tamu_2d_fv_gp_csv_vpp_0002.csv
Return code = 0
Elapsed: 69.03 sec
has_err = False
has_conv = True
has_ss = False
has_fin = True
Using VPP file: /homes/aiskhak/projects/GP/runs/3413/4/cand_006/tamu_2d_fv_gp_csv_vpp_0002.csv
Return code = 0
Elapsed: 70.38 sec
has_err = False
has_conv = True
has_ss = False
has_fin = True
Using VPP file: /homes/aiskhak/projects/GP/runs/3413/4/cand_005/tamu_2d_fv_gp_csv_vpp_0002.csv
VPP columns: ('id', 'u', 'v', 'x', 'y', 'z')
coordinate check: max |r_res-r_cg| = 5.000444502911705e-12
coordinate check: max |z_res-z_cg| = 5.000444502911705e-12
VPP columns: ('id', 'u', 'v', 'x', 'y', 'z')
coordinate check: max |r_res-r_cg| = 5.000444502911705e-12
coordinate check: max |z_res-z_cg| = 5.000444502911705e-12
VPP columns: ('id', 'u', 'v', 'x', 'y', 'z')
coordinate check: max |r_res-r_cg| = 5.000444502911705e-12
coordinate check: max |z_res-z_cg| = 5.000444502911705e-12
VPP columns: ('id', 'u', 'v', 'x', 'y', 'z')
coordinate check: max |r_res-r_cg| = 5.000444502911705e-12
coordinate check: max |z_res-z_cg| = 5.000444502911705e-12

===== LIVE CHECKPOINT =====
Chunk 1, stage refine_train, candidate batch starting 8, case batch 6/18
Completed result rows: 256
Current best partial candidates:
  n_cases= 24, mean=0.44788274, raw = -1.1*eta_h + -5*eta_y + -0.14
  n_cases= 24, mean=0.44923018, raw = -1.1*eta_h + -5*eta_y + -0.16
  n_cases= 24, mean=0.44995065, raw = -1.1*eta_h + -5.2*eta_y + -0.12
  n_cases= 24, mean=0.45065344, raw = -1.1*eta_h + -5.2*eta_y + -0.14
  n_cases= 24, mean=0.45080449, raw = -1.1*eta_h + -5.2*eta_y + -0.08
Checkpoint details: /homes/aiskhak/projects/GP/linear_results_linear_refine_best_screen_C1etaH_C2etaY_C3_CeffMin005_chunk1/linear_refine_best_screen_C1etaH_C2etaY_C3_CeffMin005_chunk1_refine_train_details_checkpoint.csv
Checkpoint summary: /homes/aiskhak/projects/GP/linear_results_linear_refine_best_screen_C1etaH_C2etaY_C3_CeffMin005_chunk1/linear_refine_best_screen_C1etaH_C2etaY_C3_CeffMin005_chunk1_refine_train_summary_checkpoint.csv
===========================


===== Stage refine_train, candidate batch starting 8, case batch 7/18 =====
Running 16 tasks with 64 MPI ranks

===== Linear candidate local_id=000, RE=7912, CG=1 =====
raw = -1.1*eta_h + -5*eta_y + -0.12
raw min/max = -5.145049782242759 -0.24079444094701513
C_eff min/max = 0.020504172370213722 0.20203226613235895
lm min/max = 0.019864834078729354 0.10528388444113036

===== Linear candidate local_id=000, RE=7912, CG=2 =====
raw = -1.1*eta_h + -5*eta_y + -0.12

===== Linear candidate local_id=001, RE=7912, CG=1 =====
raw = -1.1*eta_h + -5*eta_y + -0.08
raw min/max = -5.132445552079248 -0.1804704761500392
C_eff min/max = 0.02050427889355845 0.24016109955188875
lm min/max = 0.011908631679761313 0.10585393761124302
raw min/max = -5.105049782242759 -0.20079444094701515
C_eff min/max = 0.020504519900212778 0.226464156883814
lm min/max = 0.022267101128930808 0.10528566892223987
Running case in: /homes/aiskhak/projects/GP/runs/7912/1/cand_000 with fv_app_run.sh

===== Linear candidate local_id=001, RE=7912, CG=2 =====

===== Linear candidate local_id=002, RE=7912, CG=1 =====
raw = -1.1*eta_h + -4.8*eta_y + -0.2
raw = -1.1*eta_h + -5*eta_y + -0.08
raw min/max = -5.025049782242759 -0.31696465459884493
C_eff min/max = 0.02050530421961895 0.16356116328644776
lm min/max = 0.01608216069942326 0.10528969620957598
raw min/max = -5.092445552079248 -0.1404704761500392
C_eff min/max = 0.020504635296894114 0.26991075361438877
lm min/max = 0.013383798446950779 0.1058557775538547

===== Linear candidate local_id=002, RE=7912, CG=2 =====
raw = -1.1*eta_h + -4.8*eta_y + -0.2
raw min/max = -5.012445552079248 -0.2585494791872075
C_eff min/max = 0.020505439642373755 0.19217793654902177
lm min/max = 0.00952933788031885 0.10585993001084486
Running case in: /homes/aiskhak/projects/GP/runs/7912/1/cand_001 with fv_app_run.sh

===== Linear candidate local_id=003, RE=7912, CG=1 =====
raw = -1.1*eta_h + -4.8*eta_y + -0.16
raw min/max = -4.985049782242759 -0.2769646545988449
C_eff min/max = 0.02050574603375783 0.18255096759595996
lm min/max = 0.017949334290144964 0.10529196481656497

===== Linear candidate local_id=003, RE=7912, CG=2 =====
raw = -1.1*eta_h + -4.8*eta_y + -0.16
raw min/max = -4.972445552079248 -0.21854947918720752
C_eff min/max = 0.020505892737609357 0.21522198287761804
lm min/max = 0.010672000287555695 0.1058622691282091
Running case in: /homes/aiskhak/projects/GP/runs/7912/1/cand_002 with fv_app_run.sh
Running case in: /homes/aiskhak/projects/GP/runs/7912/2/cand_001 with fv_app_run.sh
Running case in: /homes/aiskhak/projects/GP/runs/7912/2/cand_000 with fv_app_run.sh

===== Linear candidate local_id=004, RE=7912, CG=1 =====
raw = -1.1*eta_h + -4.8*eta_y + -0.14

===== Linear candidate local_id=004, RE=7912, CG=2 =====
raw min/max = -4.965049782242758 -0.2569646545988449
C_eff min/max = 0.020505980556628438 0.19303421177765712
lm min/max = 0.018980099871617914 0.10529316903385119
raw = -1.1*eta_h + -4.8*eta_y + -0.14
raw min/max = -4.952445552079247 -0.19854947918720753
C_eff min/max = 0.02050613324875592 0.2279327946488783
lm min/max = 0.011302278779855856 0.1058635107740156

===== Linear candidate local_id=005, RE=7912, CG=1 =====
raw = -1.1*eta_h + -4.8*eta_y + -0.12
raw min/max = -4.945049782242759 -0.2369646545988449
C_eff min/max = 0.020506224652456658 0.204234706719745
lm min/max = 0.02008138917497334 0.10529442240592136

===== Linear candidate local_id=005, RE=7912, CG=2 =====
raw = -1.1*eta_h + -4.8*eta_y + -0.12
raw min/max = -4.932445552079248 -0.1785494791872075
C_eff min/max = 0.020506383577344408 0.24150331702223718
lm min/max = 0.011975186894233367 0.10586480310265224
Running case in: /homes/aiskhak/projects/GP/runs/7912/2/cand_002 with fv_app_run.sh

===== Linear candidate local_id=006, RE=7912, CG=2 =====
raw = -1.1*eta_h + -4.8*eta_y + -0.08
Running case in: /homes/aiskhak/projects/GP/runs/7912/1/cand_003 with fv_app_run.sh
raw min/max = -4.892445552079248 -0.1385494791872075
C_eff min/max = 0.020506915306513464 0.27143849742057635
lm min/max = 0.013459553172936258 0.10586754816999061

===== Linear candidate local_id=007, RE=7912, CG=1 =====
raw = -1*eta_h + -5.2*eta_y + -0.2
raw min/max = -5.422772529311599 -0.3223469743640255
C_eff min/max = 0.02050239410600681 0.1611933423838145
lm min/max = 0.01584934457425966 0.10527475349159064

===== Linear candidate local_id=006, RE=7912, CG=1 =====
raw = -1.1*eta_h + -4.8*eta_y + -0.08
raw min/max = -4.905049782242759 -0.19696465459884488
C_eff min/max = 0.020506743142300964 0.22897609224994261
lm min/max = 0.02251408731692885 0.105297084723808

===== Linear candidate local_id=007, RE=7912, CG=2 =====
raw = -1*eta_h + -5.2*eta_y + -0.2
raw min/max = -5.411314138253862 -0.2612600592874847
C_eff min/max = 0.02050244960691836 0.19072379085181435
lm min/max = 0.0094572325912064 0.10584449386562883
Running case in: /homes/aiskhak/projects/GP/runs/7912/2/cand_003 with fv_app_run.sh
Running case in: /homes/aiskhak/projects/GP/runs/7912/1/cand_007 with fv_app_run.sh
Running case in: /homes/aiskhak/projects/GP/runs/7912/1/cand_005 with fv_app_run.sh
Running case in: /homes/aiskhak/projects/GP/runs/7912/1/cand_006 with fv_app_run.sh
Running case in: /homes/aiskhak/projects/GP/runs/7912/1/cand_004 with fv_app_run.sh
Running case in: /homes/aiskhak/projects/GP/runs/7912/2/cand_007 with fv_app_run.sh
Running case in: /homes/aiskhak/projects/GP/runs/7912/2/cand_006 with fv_app_run.sh
Running case in: /homes/aiskhak/projects/GP/runs/7912/2/cand_005 with fv_app_run.sh
Running case in: /homes/aiskhak/projects/GP/runs/7912/2/cand_004 with fv_app_run.sh
Return code = 0
Elapsed: 11.74 sec
has_err = False
has_conv = True
has_ss = False
has_fin = True
Using VPP file: /homes/aiskhak/projects/GP/runs/7912/1/cand_000/tamu_2d_fv_gp_csv_vpp_0002.csv
VPP columns: ('id', 'u', 'v', 'x', 'y', 'z')
coordinate check: max |r_res-r_cg| = 5.000444502911705e-12
coordinate check: max |z_res-z_cg| = 5.000444502911705e-12
Return code = 0
Elapsed: 12.37 sec
has_err = False
has_conv = True
has_ss = False
has_fin = True
Using VPP file: /homes/aiskhak/projects/GP/runs/7912/1/cand_001/tamu_2d_fv_gp_csv_vpp_0002.csv
VPP columns: ('id', 'u', 'v', 'x', 'y', 'z')
coordinate check: max |r_res-r_cg| = 5.000444502911705e-12
coordinate check: max |z_res-z_cg| = 5.000444502911705e-12
Return code = 0
Elapsed: 13.4 sec
has_err = False
has_conv = True
has_ss = False
has_fin = True
Using VPP file: /homes/aiskhak/projects/GP/runs/7912/1/cand_005/tamu_2d_fv_gp_csv_vpp_0002.csv
Return code = 0
Elapsed: 13.54 sec
has_err = False
has_conv = True
has_ss = False
has_fin = True
Using VPP file: /homes/aiskhak/projects/GP/runs/7912/1/cand_006/tamu_2d_fv_gp_csv_vpp_0002.csv
VPP columns: ('id', 'u', 'v', 'x', 'y', 'z')
coordinate check: max |r_res-r_cg| = 5.000444502911705e-12
coordinate check: max |z_res-z_cg| = 5.000444502911705e-12
Return code = 0
Elapsed: 13.84 sec
has_err = False
has_conv = True
has_ss = False
has_fin = True
Using VPP file: /homes/aiskhak/projects/GP/runs/7912/1/cand_004/tamu_2d_fv_gp_csv_vpp_0002.csv
Return code = 0
Elapsed: 14.14 sec
has_err = False
has_conv = True
has_ss = False
has_fin = True
Using VPP file: /homes/aiskhak/projects/GP/runs/7912/1/cand_003/tamu_2d_fv_gp_csv_vpp_0002.csv
VPP columns: ('id', 'u', 'v', 'x', 'y', 'z')
coordinate check: max |r_res-r_cg| = 5.000444502911705e-12
coordinate check: max |z_res-z_cg| = 5.000444502911705e-12
VPP columns: ('id', 'u', 'v', 'x', 'y', 'z')
coordinate check: max |r_res-r_cg| = 5.000444502911705e-12
coordinate check: max |z_res-z_cg| = 5.000444502911705e-12
VPP columns: ('id', 'u', 'v', 'x', 'y', 'z')
coordinate check: max |r_res-r_cg| = 5.000444502911705e-12
coordinate check: max |z_res-z_cg| = 5.000444502911705e-12
Return code = 0
Elapsed: 14.7 sec
has_err = False
has_conv = True
has_ss = False
has_fin = True
Using VPP file: /homes/aiskhak/projects/GP/runs/7912/1/cand_002/tamu_2d_fv_gp_csv_vpp_0002.csv
Return code = 0
Elapsed: 14.74 sec
has_err = False
has_conv = True
has_ss = False
has_fin = True
Using VPP file: /homes/aiskhak/projects/GP/runs/7912/2/cand_001/tamu_2d_fv_gp_csv_vpp_0002.csv
Return code = 0
Elapsed: 14.51 sec
has_err = False
has_conv = True
has_ss = False
has_fin = True
Using VPP file: /homes/aiskhak/projects/GP/runs/7912/1/cand_007/tamu_2d_fv_gp_csv_vpp_0002.csv
VPP columns: ('id', 'u', 'v', 'x', 'y', 'z')
coordinate check: max |r_res-r_cg| = 5.000444502911705e-12
coordinate check: max |z_res-z_cg| = 5.000444502911705e-12
VPP columns: ('id', 'u', 'v', 'x', 'y', 'z')
coordinate check: max |r_res-r_cg| = 5.000444502911705e-12
coordinate check: max |z_res-z_cg| = 5.000444502911705e-12
VPP columns: ('id', 'u', 'v', 'x', 'y', 'z')
coordinate check: max |r_res-r_cg| = 5.000444502911705e-12
coordinate check: max |z_res-z_cg| = 5.000444502911705e-12
Return code = 0
Elapsed: 16.4 sec
has_err = False
has_conv = True
has_ss = False
has_fin = True
Using VPP file: /homes/aiskhak/projects/GP/runs/7912/2/cand_002/tamu_2d_fv_gp_csv_vpp_0002.csv
VPP columns: ('id', 'u', 'v', 'x', 'y', 'z')
coordinate check: max |r_res-r_cg| = 5.000444502911705e-12
coordinate check: max |z_res-z_cg| = 5.000444502911705e-12
Return code = 0
Elapsed: 16.71 sec
has_err = False
has_conv = True
has_ss = False
has_fin = True
Using VPP file: /homes/aiskhak/projects/GP/runs/7912/2/cand_000/tamu_2d_fv_gp_csv_vpp_0002.csv
VPP columns: ('id', 'u', 'v', 'x', 'y', 'z')
coordinate check: max |r_res-r_cg| = 5.000444502911705e-12
coordinate check: max |z_res-z_cg| = 5.000444502911705e-12
Return code = 0
Elapsed: 16.46 sec
has_err = False
has_conv = True
has_ss = False
has_fin = True
Using VPP file: /homes/aiskhak/projects/GP/runs/7912/2/cand_005/tamu_2d_fv_gp_csv_vpp_0002.csv
VPP columns: ('id', 'u', 'v', 'x', 'y', 'z')
coordinate check: max |r_res-r_cg| = 5.000444502911705e-12
coordinate check: max |z_res-z_cg| = 5.000444502911705e-12
Return code = 0
Elapsed: 16.98 sec
has_err = False
has_conv = True
has_ss = False
has_fin = True
Using VPP file: /homes/aiskhak/projects/GP/runs/7912/2/cand_006/tamu_2d_fv_gp_csv_vpp_0002.csv
VPP columns: ('id', 'u', 'v', 'x', 'y', 'z')
coordinate check: max |r_res-r_cg| = 5.000444502911705e-12
coordinate check: max |z_res-z_cg| = 5.000444502911705e-12
Return code = 0
Elapsed: 19.24 sec
has_err = False
has_conv = True
has_ss = False
has_fin = True
Using VPP file: /homes/aiskhak/projects/GP/runs/7912/2/cand_003/tamu_2d_fv_gp_csv_vpp_0002.csv
VPP columns: ('id', 'u', 'v', 'x', 'y', 'z')
coordinate check: max |r_res-r_cg| = 5.000444502911705e-12
coordinate check: max |z_res-z_cg| = 5.000444502911705e-12
Return code = 0
Elapsed: 19.31 sec
has_err = False
has_conv = True
has_ss = False
has_fin = True
Using VPP file: /homes/aiskhak/projects/GP/runs/7912/2/cand_004/tamu_2d_fv_gp_csv_vpp_0002.csv
Return code = 0
Elapsed: 19.65 sec
has_err = False
has_conv = True
has_ss = False
has_fin = True
Using VPP file: /homes/aiskhak/projects/GP/runs/7912/2/cand_007/tamu_2d_fv_gp_csv_vpp_0002.csv
VPP columns: ('id', 'u', 'v', 'x', 'y', 'z')
coordinate check: max |r_res-r_cg| = 5.000444502911705e-12
coordinate check: max |z_res-z_cg| = 5.000444502911705e-12
VPP columns: ('id', 'u', 'v', 'x', 'y', 'z')
coordinate check: max |r_res-r_cg| = 5.000444502911705e-12
coordinate check: max |z_res-z_cg| = 5.000444502911705e-12

===== LIVE CHECKPOINT =====
Chunk 1, stage refine_train, candidate batch starting 8, case batch 7/18
Completed result rows: 272
Current best partial candidates:
  n_cases= 24, mean=0.44788274, raw = -1.1*eta_h + -5*eta_y + -0.14
  n_cases= 24, mean=0.44923018, raw = -1.1*eta_h + -5*eta_y + -0.16
  n_cases= 24, mean=0.44995065, raw = -1.1*eta_h + -5.2*eta_y + -0.12
  n_cases= 24, mean=0.45065344, raw = -1.1*eta_h + -5.2*eta_y + -0.14
  n_cases= 24, mean=0.45080449, raw = -1.1*eta_h + -5.2*eta_y + -0.08
Checkpoint details: /homes/aiskhak/projects/GP/linear_results_linear_refine_best_screen_C1etaH_C2etaY_C3_CeffMin005_chunk1/linear_refine_best_screen_C1etaH_C2etaY_C3_CeffMin005_chunk1_refine_train_details_checkpoint.csv
Checkpoint summary: /homes/aiskhak/projects/GP/linear_results_linear_refine_best_screen_C1etaH_C2etaY_C3_CeffMin005_chunk1/linear_refine_best_screen_C1etaH_C2etaY_C3_CeffMin005_chunk1_refine_train_summary_checkpoint.csv
===========================


===== Stage refine_train, candidate batch starting 8, case batch 8/18 =====
Running 8 tasks with 64 MPI ranks

===== Linear candidate local_id=000, RE=7912, CG=3 =====
raw = -1.1*eta_h + -5*eta_y + -0.12
raw min/max = -5.126219626106677 -0.15031970446717768
C_eff min/max = 0.02050433251058075 0.26222449426776395
lm min/max = 0.006528629117426788 0.10591218476974663

===== Linear candidate local_id=001, RE=7912, CG=3 =====
raw = -1.1*eta_h + -5*eta_y + -0.08
raw min/max = -5.0862196261066766 -0.11031970446717768
C_eff min/max = 0.02050469338019776 0.2950081829407675
lm min/max = 0.007344847850329261 0.10591404878992552

===== Linear candidate local_id=002, RE=7912, CG=3 =====
raw = -1.1*eta_h + -4.8*eta_y + -0.2
raw min/max = -5.0062196261066765 -0.22935570133275762
C_eff min/max = 0.02050550780555437 0.20869388933027638

===== Linear candidate local_id=003, RE=7912, CG=3 =====
lm min/max = 0.005195872362401884 0.10591825558713805
raw = -1.1*eta_h + -4.8*eta_y + -0.16
raw min/max = -4.966219626106676 -0.18935570133275761
C_eff min/max = 0.02050596657899515 0.23406108489330113
lm min/max = 0.005827441934278383 0.10592062531545779

===== Linear candidate local_id=004, RE=7912, CG=3 =====
raw = -1.1*eta_h + -4.8*eta_y + -0.14
raw min/max = -4.946219626106676 -0.16935570133275762
C_eff min/max = 0.020506210104270107 0.2480445214461922
lm min/max = 0.006175588934412069 0.1059218832102907

===== Linear candidate local_id=005, RE=7912, CG=3 =====
raw = -1.1*eta_h + -4.8*eta_y + -0.12
raw min/max = -4.926219626106676 -0.1493557013327576
C_eff min/max = 0.020506463570046218 0.2629660671110099
lm min/max = 0.006547092129704218 0.10592319245135466

===== Linear candidate local_id=006, RE=7912, CG=3 =====
raw = -1.1*eta_h + -4.8*eta_y + -0.08
raw min/max = -4.886219626106676 -0.10935570133275763
C_eff min/max = 0.02050700196307908 0.29585114154581066
lm min/max = 0.007365835073925736 0.1059259734432424

===== Linear candidate local_id=007, RE=7912, CG=3 =====
raw = -1*eta_h + -5.2*eta_y + -0.2
raw min/max = -5.405654205551524 -0.23071828704644534
C_eff min/max = 0.020502477494800914 0.20788711142748767
lm min/max = 0.0051757859333207605 0.10590260295215156
Running case in: /homes/aiskhak/projects/GP/runs/7912/3/cand_000 with fv_app_run.sh
Running case in: /homes/aiskhak/projects/GP/runs/7912/3/cand_001 with fv_app_run.sh
Running case in: /homes/aiskhak/projects/GP/runs/7912/3/cand_003 with fv_app_run.sh
Running case in: /homes/aiskhak/projects/GP/runs/7912/3/cand_005 with fv_app_run.sh
Running case in: /homes/aiskhak/projects/GP/runs/7912/3/cand_006 with fv_app_run.sh
Running case in: /homes/aiskhak/projects/GP/runs/7912/3/cand_002 with fv_app_run.sh
Running case in: /homes/aiskhak/projects/GP/runs/7912/3/cand_007 with fv_app_run.sh
Running case in: /homes/aiskhak/projects/GP/runs/7912/3/cand_004 with fv_app_run.sh
Return code = 0
Elapsed: 34.54 sec
has_err = False
has_conv = True
has_ss = False
has_fin = True
Using VPP file: /homes/aiskhak/projects/GP/runs/7912/3/cand_000/tamu_2d_fv_gp_csv_vpp_0002.csv
VPP columns: ('id', 'u', 'v', 'x', 'y', 'z')
coordinate check: max |r_res-r_cg| = 5.000444502911705e-12
coordinate check: max |z_res-z_cg| = 5.000444502911705e-12
Return code = 0
Elapsed: 35.0 sec
has_err = False
has_conv = True
has_ss = False
has_fin = True
Using VPP file: /homes/aiskhak/projects/GP/runs/7912/3/cand_001/tamu_2d_fv_gp_csv_vpp_0002.csv
VPP columns: ('id', 'u', 'v', 'x', 'y', 'z')
coordinate check: max |r_res-r_cg| = 5.000444502911705e-12
coordinate check: max |z_res-z_cg| = 5.000444502911705e-12
Return code = 0
Elapsed: 35.9 sec
has_err = False
has_conv = True
has_ss = False
has_fin = True
Using VPP file: /homes/aiskhak/projects/GP/runs/7912/3/cand_004/tamu_2d_fv_gp_csv_vpp_0002.csv
Return code = 0
Elapsed: 36.37 sec
has_err = False
has_conv = True
has_ss = False
has_fin = True
Using VPP file: /homes/aiskhak/projects/GP/runs/7912/3/cand_003/tamu_2d_fv_gp_csv_vpp_0002.csv
VPP columns: ('id', 'u', 'v', 'x', 'y', 'z')
coordinate check: max |r_res-r_cg| = 5.000444502911705e-12
coordinate check: max |z_res-z_cg| = 5.000444502911705e-12
VPP columns: ('id', 'u', 'v', 'x', 'y', 'z')
coordinate check: max |r_res-r_cg| = 5.000444502911705e-12
coordinate check: max |z_res-z_cg| = 5.000444502911705e-12
Return code = 0
Elapsed: 37.56 sec
has_err = False
has_conv = True
has_ss = False
has_fin = True
Using VPP file: /homes/aiskhak/projects/GP/runs/7912/3/cand_002/tamu_2d_fv_gp_csv_vpp_0002.csv
VPP columns: ('id', 'u', 'v', 'x', 'y', 'z')
coordinate check: max |r_res-r_cg| = 5.000444502911705e-12
coordinate check: max |z_res-z_cg| = 5.000444502911705e-12
Return code = 0
Elapsed: 38.17 sec
has_err = False
has_conv = True
has_ss = False
has_fin = True
Using VPP file: /homes/aiskhak/projects/GP/runs/7912/3/cand_005/tamu_2d_fv_gp_csv_vpp_0002.csv
VPP columns: ('id', 'u', 'v', 'x', 'y', 'z')
coordinate check: max |r_res-r_cg| = 5.000444502911705e-12
coordinate check: max |z_res-z_cg| = 5.000444502911705e-12
Return code = 0
Elapsed: 39.04 sec
has_err = False
has_conv = True
has_ss = False
has_fin = True
Using VPP file: /homes/aiskhak/projects/GP/runs/7912/3/cand_006/tamu_2d_fv_gp_csv_vpp_0002.csv
VPP columns: ('id', 'u', 'v', 'x', 'y', 'z')
coordinate check: max |r_res-r_cg| = 5.000444502911705e-12
coordinate check: max |z_res-z_cg| = 5.000444502911705e-12
Return code = 0
Elapsed: 39.65 sec
has_err = False
has_conv = True
has_ss = False
has_fin = True
Using VPP file: /homes/aiskhak/projects/GP/runs/7912/3/cand_007/tamu_2d_fv_gp_csv_vpp_0002.csv
VPP columns: ('id', 'u', 'v', 'x', 'y', 'z')
coordinate check: max |r_res-r_cg| = 5.000444502911705e-12
coordinate check: max |z_res-z_cg| = 5.000444502911705e-12

===== LIVE CHECKPOINT =====
Chunk 1, stage refine_train, candidate batch starting 8, case batch 8/18
Completed result rows: 280
Current best partial candidates:
  n_cases= 24, mean=0.44788274, raw = -1.1*eta_h + -5*eta_y + -0.14
  n_cases= 24, mean=0.44923018, raw = -1.1*eta_h + -5*eta_y + -0.16
  n_cases= 24, mean=0.44995065, raw = -1.1*eta_h + -5.2*eta_y + -0.12
  n_cases= 24, mean=0.45065344, raw = -1.1*eta_h + -5.2*eta_y + -0.14
  n_cases= 24, mean=0.45080449, raw = -1.1*eta_h + -5.2*eta_y + -0.08
Checkpoint details: /homes/aiskhak/projects/GP/linear_results_linear_refine_best_screen_C1etaH_C2etaY_C3_CeffMin005_chunk1/linear_refine_best_screen_C1etaH_C2etaY_C3_CeffMin005_chunk1_refine_train_details_checkpoint.csv
Checkpoint summary: /homes/aiskhak/projects/GP/linear_results_linear_refine_best_screen_C1etaH_C2etaY_C3_CeffMin005_chunk1/linear_refine_best_screen_C1etaH_C2etaY_C3_CeffMin005_chunk1_refine_train_summary_checkpoint.csv
===========================


===== Stage refine_train, candidate batch starting 8, case batch 9/18 =====
Running 8 tasks with 96 MPI ranks

===== Linear candidate local_id=000, RE=7912, CG=4 =====
raw = -1.1*eta_h + -5*eta_y + -0.12
raw min/max = -5.123102657986176 -0.13514966500654463
C_eff min/max = 0.0205043596054546 0.274165550768586
lm min/max = 0.0034200368442004092 0.10615854348748047

===== Linear candidate local_id=001, RE=7912, CG=4 =====
raw = -1.1*eta_h + -5*eta_y + -0.08
raw min/max = -5.083102657986176 -0.09514966500654462
C_eff min/max = 0.02050472273206941 0.308576979864796
lm min/max = 0.0038492970303934033 0.10616042352632449

===== Linear candidate local_id=002, RE=7912, CG=4 =====
raw = -1.1*eta_h + -4.8*eta_y + -0.2
raw min/max = -5.003102657986176 -0.21466778472572987
C_eff min/max = 0.020505542251209086 0.21762415183319445
lm min/max = 0.0027147196844056207 0.10616466647562416

===== Linear candidate local_id=003, RE=7912, CG=4 =====
raw = -1.1*eta_h + -4.8*eta_y + -0.16
raw min/max = -4.963102657986176 -0.17466778472572986
C_eff min/max = 0.020506003894085335 0.24424123936626635
lm min/max = 0.0030467505314366173 0.10616705656906267

===== Linear candidate local_id=004, RE=7912, CG=4 =====
raw = -1.1*eta_h + -4.8*eta_y + -0.14
raw min/max = -4.943102657986175 -0.15466778472572987
C_eff min/max = 0.020506248942526232 0.25890820771563083
lm min/max = 0.003229711417685552 0.106168325274161

===== Linear candidate local_id=005, RE=7912, CG=4 =====
raw = -1.1*eta_h + -4.8*eta_y + -0.12
raw min/max = -4.923102657986176 -0.13466778472572985
C_eff min/max = 0.020506503993655528 0.2745544906188754
lm min/max = 0.0034248886157466096 0.10616964576682314

===== Linear candidate local_id=006, RE=7912, CG=4 =====
raw = -1.1*eta_h + -4.8*eta_y + -0.08
raw min/max = -4.883102657986176 -0.09466778472572987
C_eff min/max = 0.02050704575422058 0.30901876413506985
lm min/max = 0.003854808001692639 0.10617245065873937

===== Linear candidate local_id=007, RE=7912, CG=4 =====
raw = -1*eta_h + -5.2*eta_y + -0.2
raw min/max = -5.402820598169251 -0.2153494854704343
C_eff min/max = 0.020502491575726537 0.21720006355076182
lm min/max = 0.002709429459039789 0.1061488720166841
Running case in: /homes/aiskhak/projects/GP/runs/7912/4/cand_001 with fv_app_run.sh
Running case in: /homes/aiskhak/projects/GP/runs/7912/4/cand_002 with fv_app_run.sh
Running case in: /homes/aiskhak/projects/GP/runs/7912/4/cand_005 with fv_app_run.sh
Running case in: /homes/aiskhak/projects/GP/runs/7912/4/cand_003 with fv_app_run.sh
Running case in: /homes/aiskhak/projects/GP/runs/7912/4/cand_000 with fv_app_run.sh
Running case in: /homes/aiskhak/projects/GP/runs/7912/4/cand_004 with fv_app_run.sh
Running case in: /homes/aiskhak/projects/GP/runs/7912/4/cand_006 with fv_app_run.sh
Running case in: /homes/aiskhak/projects/GP/runs/7912/4/cand_007 with fv_app_run.sh
Return code = 0
Elapsed: 100.47 sec
has_err = False
has_conv = True
has_ss = False
has_fin = True
Using VPP file: /homes/aiskhak/projects/GP/runs/7912/4/cand_006/tamu_2d_fv_gp_csv_vpp_0002.csv
Return code = 0
Elapsed: 102.03 sec
has_err = False
has_conv = True
has_ss = False
has_fin = True
Using VPP file: /homes/aiskhak/projects/GP/runs/7912/4/cand_004/tamu_2d_fv_gp_csv_vpp_0002.csv
VPP columns: ('id', 'u', 'v', 'x', 'y', 'z')
coordinate check: max |r_res-r_cg| = 5.000444502911705e-12
coordinate check: max |z_res-z_cg| = 5.000444502911705e-12
Return code = 0
Elapsed: 105.67 sec
has_err = False
has_conv = True
has_ss = False
has_fin = True
Using VPP file: /homes/aiskhak/projects/GP/runs/7912/4/cand_001/tamu_2d_fv_gp_csv_vpp_0002.csv
VPP columns: ('id', 'u', 'v', 'x', 'y', 'z')
coordinate check: max |r_res-r_cg| = 5.000444502911705e-12
coordinate check: max |z_res-z_cg| = 5.000444502911705e-12
Return code = 0
Elapsed: 107.99 sec
has_err = False
has_conv = True
has_ss = False
has_fin = True
Using VPP file: /homes/aiskhak/projects/GP/runs/7912/4/cand_005/tamu_2d_fv_gp_csv_vpp_0002.csv
Return code = 0
Elapsed: 108.12 sec
has_err = False
has_conv = True
has_ss = False
has_fin = True
Using VPP file: /homes/aiskhak/projects/GP/runs/7912/4/cand_000/tamu_2d_fv_gp_csv_vpp_0002.csv
VPP columns: ('id', 'u', 'v', 'x', 'y', 'z')
coordinate check: max |r_res-r_cg| = 5.000444502911705e-12
coordinate check: max |z_res-z_cg| = 5.000444502911705e-12
VPP columns: ('id', 'u', 'v', 'x', 'y', 'z')
coordinate check: max |r_res-r_cg| = 5.000444502911705e-12
coordinate check: max |z_res-z_cg| = 5.000444502911705e-12
Return code = 0
Elapsed: 121.26 sec
has_err = False
has_conv = True
has_ss = False
has_fin = True
Using VPP file: /homes/aiskhak/projects/GP/runs/7912/4/cand_003/tamu_2d_fv_gp_csv_vpp_0002.csv
VPP columns: ('id', 'u', 'v', 'x', 'y', 'z')
coordinate check: max |r_res-r_cg| = 5.000444502911705e-12
coordinate check: max |z_res-z_cg| = 5.000444502911705e-12
VPP columns: ('id', 'u', 'v', 'x', 'y', 'z')
coordinate check: max |r_res-r_cg| = 5.000444502911705e-12
coordinate check: max |z_res-z_cg| = 5.000444502911705e-12
Return code = 0
Elapsed: 305.15 sec
has_err = True
has_conv = False
has_ss = False
has_fin = True
Steady failed; trying unsteady fallback
Running case in: /homes/aiskhak/projects/GP/runs/7912/4/cand_007 with fv_app_run_unsteady.sh
Return code = 0
Elapsed: 370.2 sec
has_err = True
has_conv = False
has_ss = False
has_fin = True
Steady failed; trying unsteady fallback
Running case in: /homes/aiskhak/projects/GP/runs/7912/4/cand_002 with fv_app_run_unsteady.sh
Return code = 0
Elapsed: 782.87 sec
has_err = False
has_conv = True
has_ss = True
has_fin = True
Using VPP file: /homes/aiskhak/projects/GP/runs/7912/4/cand_007/tamu_2d_fv_gp_csv_vpp_0027.csv
VPP columns: ('id', 'u', 'v', 'x', 'y', 'z')
coordinate check: max |r_res-r_cg| = 5.000444502911705e-12
coordinate check: max |z_res-z_cg| = 5.000444502911705e-12
Return code = 0
Elapsed: 746.75 sec
has_err = False
has_conv = True
has_ss = True
has_fin = True
Using VPP file: /homes/aiskhak/projects/GP/runs/7912/4/cand_002/tamu_2d_fv_gp_csv_vpp_0027.csv
VPP columns: ('id', 'u', 'v', 'x', 'y', 'z')
coordinate check: max |r_res-r_cg| = 5.000444502911705e-12
coordinate check: max |z_res-z_cg| = 5.000444502911705e-12

===== LIVE CHECKPOINT =====
Chunk 1, stage refine_train, candidate batch starting 8, case batch 9/18
Completed result rows: 288
Current best partial candidates:
  n_cases= 24, mean=0.44788274, raw = -1.1*eta_h + -5*eta_y + -0.14
  n_cases= 24, mean=0.44923018, raw = -1.1*eta_h + -5*eta_y + -0.16
  n_cases= 24, mean=0.44995065, raw = -1.1*eta_h + -5.2*eta_y + -0.12
  n_cases= 24, mean=0.45065344, raw = -1.1*eta_h + -5.2*eta_y + -0.14
  n_cases= 24, mean=0.45080449, raw = -1.1*eta_h + -5.2*eta_y + -0.08
Checkpoint details: /homes/aiskhak/projects/GP/linear_results_linear_refine_best_screen_C1etaH_C2etaY_C3_CeffMin005_chunk1/linear_refine_best_screen_C1etaH_C2etaY_C3_CeffMin005_chunk1_refine_train_details_checkpoint.csv
Checkpoint summary: /homes/aiskhak/projects/GP/linear_results_linear_refine_best_screen_C1etaH_C2etaY_C3_CeffMin005_chunk1/linear_refine_best_screen_C1etaH_C2etaY_C3_CeffMin005_chunk1_refine_train_summary_checkpoint.csv
===========================


===== Stage refine_train, candidate batch starting 8, case batch 10/18 =====
Running 16 tasks with 64 MPI ranks

===== Linear candidate local_id=000, RE=9000, CG=1 =====
raw = -1.1*eta_h + -5*eta_y + -0.12
raw min/max = -5.145049782242759 -0.24079444094701513
C_eff min/max = 0.020504172370213722 0.20203226613235895
lm min/max = 0.019864834078729354 0.10528388444113036

===== Linear candidate local_id=000, RE=9000, CG=2 =====
raw = -1.1*eta_h + -5*eta_y + -0.12
raw min/max = -5.132445552079248 -0.1804704761500392
C_eff min/max = 0.02050427889355845 0.24016109955188875
lm min/max = 0.011908631679761313 0.10585393761124302

===== Linear candidate local_id=001, RE=9000, CG=1 =====
raw = -1.1*eta_h + -5*eta_y + -0.08
raw min/max = -5.105049782242759 -0.20079444094701515
C_eff min/max = 0.020504519900212778 0.226464156883814

===== Linear candidate local_id=001, RE=9000, CG=2 =====
lm min/max = 0.022267101128930808 0.10528566892223987
raw = -1.1*eta_h + -5*eta_y + -0.08
raw min/max = -5.092445552079248 -0.1404704761500392
C_eff min/max = 0.020504635296894114 0.26991075361438877
lm min/max = 0.013383798446950779 0.1058557775538547

===== Linear candidate local_id=002, RE=9000, CG=1 =====
raw = -1.1*eta_h + -4.8*eta_y + -0.2
raw min/max = -5.025049782242759 -0.31696465459884493
C_eff min/max = 0.02050530421961895 0.16356116328644776
lm min/max = 0.01608216069942326 0.10528969620957598

===== Linear candidate local_id=003, RE=9000, CG=1 =====

===== Linear candidate local_id=002, RE=9000, CG=2 =====
raw = -1.1*eta_h + -4.8*eta_y + -0.16
raw = -1.1*eta_h + -4.8*eta_y + -0.2
raw min/max = -4.985049782242759 -0.2769646545988449
raw min/max = -5.012445552079248 -0.2585494791872075
Running case in: /homes/aiskhak/projects/GP/runs/9000/1/cand_000 with fv_app_run.sh
C_eff min/max = 0.02050574603375783 0.18255096759595996
C_eff min/max = 0.020505439642373755 0.19217793654902177
lm min/max = 0.017949334290144964 0.10529196481656497
lm min/max = 0.00952933788031885 0.10585993001084486

===== Linear candidate local_id=003, RE=9000, CG=2 =====
raw = -1.1*eta_h + -4.8*eta_y + -0.16
raw min/max = -4.972445552079248 -0.21854947918720752

===== Linear candidate local_id=004, RE=9000, CG=1 =====
raw = -1.1*eta_h + -4.8*eta_y + -0.14
C_eff min/max = 0.020505892737609357 0.21522198287761804
lm min/max = 0.010672000287555695 0.1058622691282091
raw min/max = -4.965049782242758 -0.2569646545988449
C_eff min/max = 0.020505980556628438 0.19303421177765712
lm min/max = 0.018980099871617914 0.10529316903385119
Running case in: /homes/aiskhak/projects/GP/runs/9000/1/cand_001 with fv_app_run.sh

===== Linear candidate local_id=004, RE=9000, CG=2 =====

===== Linear candidate local_id=005, RE=9000, CG=1 =====
raw = -1.1*eta_h + -4.8*eta_y + -0.14
raw = -1.1*eta_h + -4.8*eta_y + -0.12
raw min/max = -4.945049782242759 -0.2369646545988449
C_eff min/max = 0.020506224652456658 0.204234706719745
lm min/max = 0.02008138917497334 0.10529442240592136
raw min/max = -4.952445552079247 -0.19854947918720753
C_eff min/max = 0.02050613324875592 0.2279327946488783
lm min/max = 0.011302278779855856 0.1058635107740156

===== Linear candidate local_id=005, RE=9000, CG=2 =====
raw = -1.1*eta_h + -4.8*eta_y + -0.12
raw min/max = -4.932445552079248 -0.1785494791872075
C_eff min/max = 0.020506383577344408 0.24150331702223718
lm min/max = 0.011975186894233367 0.10586480310265224

===== Linear candidate local_id=006, RE=9000, CG=2 =====
raw = -1.1*eta_h + -4.8*eta_y + -0.08
raw min/max = -4.892445552079248 -0.1385494791872075
C_eff min/max = 0.020506915306513464 0.27143849742057635
lm min/max = 0.013459553172936258 0.10586754816999061

===== Linear candidate local_id=006, RE=9000, CG=1 =====
raw = -1.1*eta_h + -4.8*eta_y + -0.08
Running case in: /homes/aiskhak/projects/GP/runs/9000/2/cand_000 with fv_app_run.sh
Running case in: /homes/aiskhak/projects/GP/runs/9000/2/cand_001 with fv_app_run.sh
raw min/max = -4.905049782242759 -0.19696465459884488
C_eff min/max = 0.020506743142300964 0.22897609224994261
lm min/max = 0.02251408731692885 0.105297084723808
Running case in: /homes/aiskhak/projects/GP/runs/9000/1/cand_002 with fv_app_run.sh
Running case in: /homes/aiskhak/projects/GP/runs/9000/1/cand_003 with fv_app_run.sh

===== Linear candidate local_id=007, RE=9000, CG=1 =====
raw = -1*eta_h + -5.2*eta_y + -0.2
Running case in: /homes/aiskhak/projects/GP/runs/9000/1/cand_004 with fv_app_run.sh

===== Linear candidate local_id=007, RE=9000, CG=2 =====
raw = -1*eta_h + -5.2*eta_y + -0.2
raw min/max = -5.411314138253862 -0.2612600592874847
C_eff min/max = 0.02050244960691836 0.19072379085181435
lm min/max = 0.0094572325912064 0.10584449386562883
Running case in: /homes/aiskhak/projects/GP/runs/9000/1/cand_005 with fv_app_run.sh
raw min/max = -5.422772529311599 -0.3223469743640255
C_eff min/max = 0.02050239410600681 0.1611933423838145
lm min/max = 0.01584934457425966 0.10527475349159064
Running case in: /homes/aiskhak/projects/GP/runs/9000/2/cand_005 with fv_app_run.sh
Running case in: /homes/aiskhak/projects/GP/runs/9000/2/cand_004 with fv_app_run.sh
Running case in: /homes/aiskhak/projects/GP/runs/9000/2/cand_002 with fv_app_run.sh
Running case in: /homes/aiskhak/projects/GP/runs/9000/2/cand_006 with fv_app_run.sh
Running case in: /homes/aiskhak/projects/GP/runs/9000/1/cand_006 with fv_app_run.sh
Running case in: /homes/aiskhak/projects/GP/runs/9000/2/cand_003 with fv_app_run.sh
Running case in: /homes/aiskhak/projects/GP/runs/9000/1/cand_007 with fv_app_run.sh
Running case in: /homes/aiskhak/projects/GP/runs/9000/2/cand_007 with fv_app_run.sh
Return code = 0
Elapsed: 34.89 sec
has_err = False
has_conv = True
has_ss = False
has_fin = True
Using VPP file: /homes/aiskhak/projects/GP/runs/9000/1/cand_001/tamu_2d_fv_gp_csv_vpp_0002.csv
VPP columns: ('id', 'u', 'v', 'x', 'y', 'z')
coordinate check: max |r_res-r_cg| = 5.000444502911705e-12
coordinate check: max |z_res-z_cg| = 5.000444502911705e-12
Return code = 0
Elapsed: 35.36 sec
has_err = False
has_conv = True
has_ss = False
has_fin = True
Using VPP file: /homes/aiskhak/projects/GP/runs/9000/1/cand_000/tamu_2d_fv_gp_csv_vpp_0002.csv
VPP columns: ('id', 'u', 'v', 'x', 'y', 'z')
coordinate check: max |r_res-r_cg| = 5.000444502911705e-12
coordinate check: max |z_res-z_cg| = 5.000444502911705e-12
Return code = 0
Return code = 0
Elapsed: 36.48 sec
Elapsed: 36.6 sec
has_err = False
has_conv = True
has_ss = False
has_fin = True
has_err = False
has_conv = True
has_ss = False
has_fin = True
Using VPP file: /homes/aiskhak/projects/GP/runs/9000/1/cand_006/tamu_2d_fv_gp_csv_vpp_0002.csv
Using VPP file: /homes/aiskhak/projects/GP/runs/9000/1/cand_005/tamu_2d_fv_gp_csv_vpp_0002.csv
VPP columns: ('id', 'u', 'v', 'x', 'y', 'z')
coordinate check: max |r_res-r_cg| = 5.000444502911705e-12
coordinate check: max |z_res-z_cg| = 5.000444502911705e-12
VPP columns: ('id', 'u', 'v', 'x', 'y', 'z')
coordinate check: max |r_res-r_cg| = 5.000444502911705e-12
coordinate check: max |z_res-z_cg| = 5.000444502911705e-12
Return code = 0
Elapsed: 36.76 sec
has_err = False
has_conv = True
has_ss = False
has_fin = True
Using VPP file: /homes/aiskhak/projects/GP/runs/9000/1/cand_004/tamu_2d_fv_gp_csv_vpp_0002.csv
VPP columns: ('id', 'u', 'v', 'x', 'y', 'z')
coordinate check: max |r_res-r_cg| = 5.000444502911705e-12
coordinate check: max |z_res-z_cg| = 5.000444502911705e-12
Return code = 0
Elapsed: 37.6 sec
has_err = False
has_conv = True
has_ss = False
has_fin = True
Using VPP file: /homes/aiskhak/projects/GP/runs/9000/1/cand_003/tamu_2d_fv_gp_csv_vpp_0002.csv
VPP columns: ('id', 'u', 'v', 'x', 'y', 'z')
coordinate check: max |r_res-r_cg| = 5.000444502911705e-12
coordinate check: max |z_res-z_cg| = 5.000444502911705e-12
Return code = 0
Elapsed: 38.21 sec
has_err = True
has_conv = False
has_ss = False
has_fin = True
Steady failed; trying unsteady fallback
Running case in: /homes/aiskhak/projects/GP/runs/9000/1/cand_002 with fv_app_run_unsteady.sh
Return code = 0
Elapsed: 38.06 sec
has_err = False
has_conv = True
has_ss = False
has_fin = True
Using VPP file: /homes/aiskhak/projects/GP/runs/9000/1/cand_007/tamu_2d_fv_gp_csv_vpp_0002.csv
Return code = 0
Elapsed: 39.62 sec
has_err = False
has_conv = True
has_ss = False
has_fin = True
Using VPP file: /homes/aiskhak/projects/GP/runs/9000/2/cand_001/tamu_2d_fv_gp_csv_vpp_0002.csv
VPP columns: ('id', 'u', 'v', 'x', 'y', 'z')
coordinate check: max |r_res-r_cg| = 5.000444502911705e-12
coordinate check: max |z_res-z_cg| = 5.000444502911705e-12
VPP columns: ('id', 'u', 'v', 'x', 'y', 'z')
coordinate check: max |r_res-r_cg| = 5.000444502911705e-12
coordinate check: max |z_res-z_cg| = 5.000444502911705e-12
Return code = 0
Elapsed: 41.35 sec
has_err = False
has_conv = True
has_ss = False
has_fin = True
Using VPP file: /homes/aiskhak/projects/GP/runs/9000/2/cand_004/tamu_2d_fv_gp_csv_vpp_0002.csv
VPP columns: ('id', 'u', 'v', 'x', 'y', 'z')
coordinate check: max |r_res-r_cg| = 5.000444502911705e-12
coordinate check: max |z_res-z_cg| = 5.000444502911705e-12
Return code = 0
Elapsed: 42.05 sec
Return code = 0
Elapsed: 42.28 sec
has_err = False
has_conv = True
has_ss = False
has_fin = True
has_err = False
has_conv = True
has_ss = False
has_fin = True
Using VPP file: /homes/aiskhak/projects/GP/runs/9000/2/cand_006/tamu_2d_fv_gp_csv_vpp_0002.csv
Using VPP file: /homes/aiskhak/projects/GP/runs/9000/2/cand_000/tamu_2d_fv_gp_csv_vpp_0002.csv
VPP columns: ('id', 'u', 'v', 'x', 'y', 'z')
coordinate check: max |r_res-r_cg| = 5.000444502911705e-12
coordinate check: max |z_res-z_cg| = 5.000444502911705e-12
VPP columns: ('id', 'u', 'v', 'x', 'y', 'z')
coordinate check: max |r_res-r_cg| = 5.000444502911705e-12
coordinate check: max |z_res-z_cg| = 5.000444502911705e-12
Return code = 0
Elapsed: 43.03 sec
has_err = False
has_conv = True
has_ss = False
has_fin = True
Using VPP file: /homes/aiskhak/projects/GP/runs/9000/2/cand_003/tamu_2d_fv_gp_csv_vpp_0002.csv
Return code = 0
Elapsed: 43.41 sec
has_err = False
has_conv = True
has_ss = False
has_fin = True
Using VPP file: /homes/aiskhak/projects/GP/runs/9000/2/cand_005/tamu_2d_fv_gp_csv_vpp_0002.csv
Return code = 0
Elapsed: 43.24 sec
has_err = False
has_conv = True
has_ss = False
has_fin = True
Using VPP file: /homes/aiskhak/projects/GP/runs/9000/2/cand_007/tamu_2d_fv_gp_csv_vpp_0002.csv
VPP columns: ('id', 'u', 'v', 'x', 'y', 'z')
coordinate check: max |r_res-r_cg| = 5.000444502911705e-12
coordinate check: max |z_res-z_cg| = 5.000444502911705e-12
VPP columns: ('id', 'u', 'v', 'x', 'y', 'z')
VPP columns: ('id', 'u', 'v', 'x', 'y', 'z')
coordinate check: max |r_res-r_cg| = 5.000444502911705e-12
coordinate check: max |z_res-z_cg| = 5.000444502911705e-12
coordinate check: max |r_res-r_cg| = 5.000444502911705e-12
coordinate check: max |z_res-z_cg| = 5.000444502911705e-12
Return code = 0
Elapsed: 46.68 sec
has_err = False
has_conv = True
has_ss = False
has_fin = True
Using VPP file: /homes/aiskhak/projects/GP/runs/9000/2/cand_002/tamu_2d_fv_gp_csv_vpp_0002.csv
VPP columns: ('id', 'u', 'v', 'x', 'y', 'z')
coordinate check: max |r_res-r_cg| = 5.000444502911705e-12
coordinate check: max |z_res-z_cg| = 5.000444502911705e-12
Return code = 0
Elapsed: 18.41 sec
has_err = False
has_conv = True
has_ss = True
has_fin = True
Using VPP file: /homes/aiskhak/projects/GP/runs/9000/1/cand_002/tamu_2d_fv_gp_csv_vpp_0026.csv
VPP columns: ('id', 'u', 'v', 'x', 'y', 'z')
coordinate check: max |r_res-r_cg| = 5.000444502911705e-12
coordinate check: max |z_res-z_cg| = 5.000444502911705e-12

===== LIVE CHECKPOINT =====
Chunk 1, stage refine_train, candidate batch starting 8, case batch 10/18
Completed result rows: 304
Current best partial candidates:
  n_cases= 24, mean=0.44788274, raw = -1.1*eta_h + -5*eta_y + -0.14
  n_cases= 24, mean=0.44923018, raw = -1.1*eta_h + -5*eta_y + -0.16
  n_cases= 24, mean=0.44995065, raw = -1.1*eta_h + -5.2*eta_y + -0.12
  n_cases= 24, mean=0.45065344, raw = -1.1*eta_h + -5.2*eta_y + -0.14
  n_cases= 24, mean=0.45080449, raw = -1.1*eta_h + -5.2*eta_y + -0.08
Checkpoint details: /homes/aiskhak/projects/GP/linear_results_linear_refine_best_screen_C1etaH_C2etaY_C3_CeffMin005_chunk1/linear_refine_best_screen_C1etaH_C2etaY_C3_CeffMin005_chunk1_refine_train_details_checkpoint.csv
Checkpoint summary: /homes/aiskhak/projects/GP/linear_results_linear_refine_best_screen_C1etaH_C2etaY_C3_CeffMin005_chunk1/linear_refine_best_screen_C1etaH_C2etaY_C3_CeffMin005_chunk1_refine_train_summary_checkpoint.csv
===========================


===== Stage refine_train, candidate batch starting 8, case batch 11/18 =====
Running 8 tasks with 64 MPI ranks

===== Linear candidate local_id=000, RE=9000, CG=3 =====
raw = -1.1*eta_h + -5*eta_y + -0.12
raw min/max = -5.126219626106677 -0.15031970446717768
C_eff min/max = 0.02050433251058075 0.26222449426776395
lm min/max = 0.006528629117426788 0.10591218476974663

===== Linear candidate local_id=001, RE=9000, CG=3 =====
raw = -1.1*eta_h + -5*eta_y + -0.08
raw min/max = -5.0862196261066766 -0.11031970446717768
C_eff min/max = 0.02050469338019776 0.2950081829407675
lm min/max = 0.007344847850329261 0.10591404878992552

===== Linear candidate local_id=002, RE=9000, CG=3 =====
raw = -1.1*eta_h + -4.8*eta_y + -0.2

===== Linear candidate local_id=003, RE=9000, CG=3 =====
raw = -1.1*eta_h + -4.8*eta_y + -0.16
raw min/max = -4.966219626106676 -0.18935570133275761
C_eff min/max = 0.02050596657899515 0.23406108489330113
lm min/max = 0.005827441934278383 0.10592062531545779
raw min/max = -5.0062196261066765 -0.22935570133275762
C_eff min/max = 0.02050550780555437 0.20869388933027638
lm min/max = 0.005195872362401884 0.10591825558713805

===== Linear candidate local_id=004, RE=9000, CG=3 =====
raw = -1.1*eta_h + -4.8*eta_y + -0.14
raw min/max = -4.946219626106676 -0.16935570133275762
C_eff min/max = 0.020506210104270107 0.2480445214461922
lm min/max = 0.006175588934412069 0.1059218832102907

===== Linear candidate local_id=005, RE=9000, CG=3 =====
raw = -1.1*eta_h + -4.8*eta_y + -0.12

===== Linear candidate local_id=006, RE=9000, CG=3 =====
raw = -1.1*eta_h + -4.8*eta_y + -0.08
raw min/max = -4.926219626106676 -0.1493557013327576
C_eff min/max = 0.020506463570046218 0.2629660671110099
lm min/max = 0.006547092129704218 0.10592319245135466
raw min/max = -4.886219626106676 -0.10935570133275763
C_eff min/max = 0.02050700196307908 0.29585114154581066
lm min/max = 0.007365835073925736 0.1059259734432424

===== Linear candidate local_id=007, RE=9000, CG=3 =====
raw = -1*eta_h + -5.2*eta_y + -0.2
raw min/max = -5.405654205551524 -0.23071828704644534
C_eff min/max = 0.020502477494800914 0.20788711142748767
lm min/max = 0.0051757859333207605 0.10590260295215156
Running case in: /homes/aiskhak/projects/GP/runs/9000/3/cand_000 with fv_app_run.sh
Running case in: /homes/aiskhak/projects/GP/runs/9000/3/cand_001 with fv_app_run.sh
Running case in: /homes/aiskhak/projects/GP/runs/9000/3/cand_003 with fv_app_run.sh
Running case in: /homes/aiskhak/projects/GP/runs/9000/3/cand_006 with fv_app_run.sh
Running case in: /homes/aiskhak/projects/GP/runs/9000/3/cand_004 with fv_app_run.sh
Running case in: /homes/aiskhak/projects/GP/runs/9000/3/cand_002 with fv_app_run.sh
Running case in: /homes/aiskhak/projects/GP/runs/9000/3/cand_005 with fv_app_run.sh
Running case in: /homes/aiskhak/projects/GP/runs/9000/3/cand_007 with fv_app_run.sh
Return code = 0
Elapsed: 35.25 sec
has_err = False
has_conv = True
has_ss = False
has_fin = True
Using VPP file: /homes/aiskhak/projects/GP/runs/9000/3/cand_007/tamu_2d_fv_gp_csv_vpp_0002.csv
VPP columns: ('id', 'u', 'v', 'x', 'y', 'z')
coordinate check: max |r_res-r_cg| = 5.000444502911705e-12
coordinate check: max |z_res-z_cg| = 5.000444502911705e-12
Return code = 0
Elapsed: 36.03 sec
has_err = False
has_conv = True
has_ss = False
has_fin = True
Using VPP file: /homes/aiskhak/projects/GP/runs/9000/3/cand_000/tamu_2d_fv_gp_csv_vpp_0002.csv
Return code = 0
Elapsed: 36.07 sec
has_err = False
has_conv = True
has_ss = False
has_fin = True
Using VPP file: /homes/aiskhak/projects/GP/runs/9000/3/cand_001/tamu_2d_fv_gp_csv_vpp_0002.csv
VPP columns: ('id', 'u', 'v', 'x', 'y', 'z')
coordinate check: max |r_res-r_cg| = 5.000444502911705e-12
coordinate check: max |z_res-z_cg| = 5.000444502911705e-12
VPP columns: ('id', 'u', 'v', 'x', 'y', 'z')
coordinate check: max |r_res-r_cg| = 5.000444502911705e-12
coordinate check: max |z_res-z_cg| = 5.000444502911705e-12
Return code = 0
Elapsed: 37.33 sec
has_err = False
has_conv = True
has_ss = False
has_fin = True
Using VPP file: /homes/aiskhak/projects/GP/runs/9000/3/cand_003/tamu_2d_fv_gp_csv_vpp_0002.csv
Return code = 0
Elapsed: 37.26 sec
has_err = False
has_conv = True
has_ss = False
has_fin = True
Using VPP file: /homes/aiskhak/projects/GP/runs/9000/3/cand_005/tamu_2d_fv_gp_csv_vpp_0002.csv
VPP columns: ('id', 'u', 'v', 'x', 'y', 'z')
coordinate check: max |r_res-r_cg| = 5.000444502911705e-12
coordinate check: max |z_res-z_cg| = 5.000444502911705e-12
VPP columns: ('id', 'u', 'v', 'x', 'y', 'z')
coordinate check: max |r_res-r_cg| = 5.000444502911705e-12
coordinate check: max |z_res-z_cg| = 5.000444502911705e-12
Return code = 0
Return code = 0
Elapsed: 40.22 sec
Elapsed: 40.22 sec
has_err = False
has_err = False
has_conv = True
has_ss = False
has_conv = True
has_fin = True
has_ss = False
has_fin = True
Using VPP file: /homes/aiskhak/projects/GP/runs/9000/3/cand_004/tamu_2d_fv_gp_csv_vpp_0002.csv
Using VPP file: /homes/aiskhak/projects/GP/runs/9000/3/cand_002/tamu_2d_fv_gp_csv_vpp_0002.csv
Return code = 0
Elapsed: 40.28 sec
has_err = False
has_conv = True
has_ss = False
has_fin = True
Using VPP file: /homes/aiskhak/projects/GP/runs/9000/3/cand_006/tamu_2d_fv_gp_csv_vpp_0002.csv
VPP columns: ('id', 'u', 'v', 'x', 'y', 'z')
coordinate check: max |r_res-r_cg| = 5.000444502911705e-12
coordinate check: max |z_res-z_cg| = 5.000444502911705e-12
VPP columns: ('id', 'u', 'v', 'x', 'y', 'z')
coordinate check: max |r_res-r_cg| = 5.000444502911705e-12
coordinate check: max |z_res-z_cg| = 5.000444502911705e-12
VPP columns: ('id', 'u', 'v', 'x', 'y', 'z')
coordinate check: max |r_res-r_cg| = 5.000444502911705e-12
coordinate check: max |z_res-z_cg| = 5.000444502911705e-12

===== LIVE CHECKPOINT =====
Chunk 1, stage refine_train, candidate batch starting 8, case batch 11/18
Completed result rows: 312
Current best partial candidates:
  n_cases= 24, mean=0.44788274, raw = -1.1*eta_h + -5*eta_y + -0.14
  n_cases= 24, mean=0.44923018, raw = -1.1*eta_h + -5*eta_y + -0.16
  n_cases= 24, mean=0.44995065, raw = -1.1*eta_h + -5.2*eta_y + -0.12
  n_cases= 24, mean=0.45065344, raw = -1.1*eta_h + -5.2*eta_y + -0.14
  n_cases= 24, mean=0.45080449, raw = -1.1*eta_h + -5.2*eta_y + -0.08
Checkpoint details: /homes/aiskhak/projects/GP/linear_results_linear_refine_best_screen_C1etaH_C2etaY_C3_CeffMin005_chunk1/linear_refine_best_screen_C1etaH_C2etaY_C3_CeffMin005_chunk1_refine_train_details_checkpoint.csv
Checkpoint summary: /homes/aiskhak/projects/GP/linear_results_linear_refine_best_screen_C1etaH_C2etaY_C3_CeffMin005_chunk1/linear_refine_best_screen_C1etaH_C2etaY_C3_CeffMin005_chunk1_refine_train_summary_checkpoint.csv
===========================


===== Stage refine_train, candidate batch starting 8, case batch 12/18 =====
Running 8 tasks with 96 MPI ranks

===== Linear candidate local_id=000, RE=9000, CG=4 =====
raw = -1.1*eta_h + -5*eta_y + -0.12
raw min/max = -5.123102657986176 -0.13514966500654463
C_eff min/max = 0.0205043596054546 0.274165550768586
lm min/max = 0.0034200368442004092 0.10615854348748047

===== Linear candidate local_id=001, RE=9000, CG=4 =====
raw = -1.1*eta_h + -5*eta_y + -0.08
raw min/max = -5.083102657986176 -0.09514966500654462
C_eff min/max = 0.02050472273206941 0.308576979864796
lm min/max = 0.0038492970303934033 0.10616042352632449

===== Linear candidate local_id=002, RE=9000, CG=4 =====
raw = -1.1*eta_h + -4.8*eta_y + -0.2
raw min/max = -5.003102657986176 -0.21466778472572987
C_eff min/max = 0.020505542251209086 0.21762415183319445
lm min/max = 0.0027147196844056207 0.10616466647562416

===== Linear candidate local_id=003, RE=9000, CG=4 =====
raw = -1.1*eta_h + -4.8*eta_y + -0.16
raw min/max = -4.963102657986176 -0.17466778472572986
C_eff min/max = 0.020506003894085335 0.24424123936626635
lm min/max = 0.0030467505314366173 0.10616705656906267

===== Linear candidate local_id=004, RE=9000, CG=4 =====
raw = -1.1*eta_h + -4.8*eta_y + -0.14
raw min/max = -4.943102657986175 -0.15466778472572987
C_eff min/max = 0.020506248942526232 0.25890820771563083
lm min/max = 0.003229711417685552 0.106168325274161

===== Linear candidate local_id=005, RE=9000, CG=4 =====
raw = -1.1*eta_h + -4.8*eta_y + -0.12
raw min/max = -4.923102657986176 -0.13466778472572985
C_eff min/max = 0.020506503993655528 0.2745544906188754
lm min/max = 0.0034248886157466096 0.10616964576682314

===== Linear candidate local_id=006, RE=9000, CG=4 =====
raw = -1.1*eta_h + -4.8*eta_y + -0.08
raw min/max = -4.883102657986176 -0.09466778472572987
C_eff min/max = 0.02050704575422058 0.30901876413506985
lm min/max = 0.003854808001692639 0.10617245065873937

===== Linear candidate local_id=007, RE=9000, CG=4 =====
raw = -1*eta_h + -5.2*eta_y + -0.2
raw min/max = -5.402820598169251 -0.2153494854704343
C_eff min/max = 0.020502491575726537 0.21720006355076182
lm min/max = 0.002709429459039789 0.1061488720166841
Running case in: /homes/aiskhak/projects/GP/runs/9000/4/cand_000 with fv_app_run.sh
Running case in: /homes/aiskhak/projects/GP/runs/9000/4/cand_001 with fv_app_run.sh
Running case in: /homes/aiskhak/projects/GP/runs/9000/4/cand_003 with fv_app_run.sh
Running case in: /homes/aiskhak/projects/GP/runs/9000/4/cand_002 with fv_app_run.sh
Running case in: /homes/aiskhak/projects/GP/runs/9000/4/cand_004 with fv_app_run.sh
Running case in: /homes/aiskhak/projects/GP/runs/9000/4/cand_005 with fv_app_run.sh
Running case in: /homes/aiskhak/projects/GP/runs/9000/4/cand_007 with fv_app_run.sh
Running case in: /homes/aiskhak/projects/GP/runs/9000/4/cand_006 with fv_app_run.sh
Return code = 0
Elapsed: 100.12 sec
has_err = False
has_conv = True
has_ss = False
has_fin = True
Using VPP file: /homes/aiskhak/projects/GP/runs/9000/4/cand_001/tamu_2d_fv_gp_csv_vpp_0002.csv
VPP columns: ('id', 'u', 'v', 'x', 'y', 'z')
coordinate check: max |r_res-r_cg| = 5.000444502911705e-12
coordinate check: max |z_res-z_cg| = 5.000444502911705e-12
Return code = 0
Elapsed: 103.72 sec
has_err = False
has_conv = True
has_ss = False
has_fin = True
Using VPP file: /homes/aiskhak/projects/GP/runs/9000/4/cand_004/tamu_2d_fv_gp_csv_vpp_0002.csv
VPP columns: ('id', 'u', 'v', 'x', 'y', 'z')
coordinate check: max |r_res-r_cg| = 5.000444502911705e-12
coordinate check: max |z_res-z_cg| = 5.000444502911705e-12
Return code = 0
Elapsed: 107.42 sec
has_err = False
has_conv = True
has_ss = False
has_fin = True
Using VPP file: /homes/aiskhak/projects/GP/runs/9000/4/cand_006/tamu_2d_fv_gp_csv_vpp_0002.csv
VPP columns: ('id', 'u', 'v', 'x', 'y', 'z')
coordinate check: max |r_res-r_cg| = 5.000444502911705e-12
coordinate check: max |z_res-z_cg| = 5.000444502911705e-12
Return code = 0
Elapsed: 115.52 sec
has_err = False
has_conv = True
has_ss = False
has_fin = True
Using VPP file: /homes/aiskhak/projects/GP/runs/9000/4/cand_000/tamu_2d_fv_gp_csv_vpp_0002.csv
Return code = 0
Elapsed: 115.23 sec
has_err = False
has_conv = True
has_ss = False
has_fin = True
Using VPP file: /homes/aiskhak/projects/GP/runs/9000/4/cand_005/tamu_2d_fv_gp_csv_vpp_0002.csv
VPP columns: ('id', 'u', 'v', 'x', 'y', 'z')
coordinate check: max |r_res-r_cg| = 5.000444502911705e-12
coordinate check: max |z_res-z_cg| = 5.000444502911705e-12
VPP columns: ('id', 'u', 'v', 'x', 'y', 'z')
coordinate check: max |r_res-r_cg| = 5.000444502911705e-12
coordinate check: max |z_res-z_cg| = 5.000444502911705e-12
Return code = 0
Elapsed: 137.48 sec
has_err = False
has_conv = True
has_ss = False
has_fin = True
Using VPP file: /homes/aiskhak/projects/GP/runs/9000/4/cand_002/tamu_2d_fv_gp_csv_vpp_0002.csv
Return code = 0
Elapsed: 137.6 sec
has_err = False
has_conv = True
has_ss = False
has_fin = True
Using VPP file: /homes/aiskhak/projects/GP/runs/9000/4/cand_003/tamu_2d_fv_gp_csv_vpp_0002.csv
VPP columns: ('id', 'u', 'v', 'x', 'y', 'z')
coordinate check: max |r_res-r_cg| = 5.000444502911705e-12
coordinate check: max |z_res-z_cg| = 5.000444502911705e-12
VPP columns: ('id', 'u', 'v', 'x', 'y', 'z')
coordinate check: max |r_res-r_cg| = 5.000444502911705e-12
coordinate check: max |z_res-z_cg| = 5.000444502911705e-12
Return code = 0
Elapsed: 304.9 sec
has_err = True
has_conv = False
has_ss = False
has_fin = True
Steady failed; trying unsteady fallback
Running case in: /homes/aiskhak/projects/GP/runs/9000/4/cand_007 with fv_app_run_unsteady.sh
Return code = 0
Elapsed: 848.13 sec
has_err = False
has_conv = True
has_ss = True
has_fin = True
Using VPP file: /homes/aiskhak/projects/GP/runs/9000/4/cand_007/tamu_2d_fv_gp_csv_vpp_0028.csv
VPP columns: ('id', 'u', 'v', 'x', 'y', 'z')
coordinate check: max |r_res-r_cg| = 5.000444502911705e-12
coordinate check: max |z_res-z_cg| = 5.000444502911705e-12

===== LIVE CHECKPOINT =====
Chunk 1, stage refine_train, candidate batch starting 8, case batch 12/18
Completed result rows: 320
Current best partial candidates:
  n_cases= 24, mean=0.44788274, raw = -1.1*eta_h + -5*eta_y + -0.14
  n_cases= 24, mean=0.44923018, raw = -1.1*eta_h + -5*eta_y + -0.16
  n_cases= 24, mean=0.44995065, raw = -1.1*eta_h + -5.2*eta_y + -0.12
  n_cases= 24, mean=0.45065344, raw = -1.1*eta_h + -5.2*eta_y + -0.14
  n_cases= 24, mean=0.45080449, raw = -1.1*eta_h + -5.2*eta_y + -0.08
Checkpoint details: /homes/aiskhak/projects/GP/linear_results_linear_refine_best_screen_C1etaH_C2etaY_C3_CeffMin005_chunk1/linear_refine_best_screen_C1etaH_C2etaY_C3_CeffMin005_chunk1_refine_train_details_checkpoint.csv
Checkpoint summary: /homes/aiskhak/projects/GP/linear_results_linear_refine_best_screen_C1etaH_C2etaY_C3_CeffMin005_chunk1/linear_refine_best_screen_C1etaH_C2etaY_C3_CeffMin005_chunk1_refine_train_summary_checkpoint.csv
===========================


===== Stage refine_train, candidate batch starting 8, case batch 13/18 =====
Running 16 tasks with 64 MPI ranks

===== Linear candidate local_id=000, RE=10622, CG=1 =====
raw = -1.1*eta_h + -5*eta_y + -0.12
raw min/max = -5.145049782242759 -0.24079444094701513
C_eff min/max = 0.020504172370213722 0.20203226613235895
lm min/max = 0.019864834078729354 0.10528388444113036

===== Linear candidate local_id=000, RE=10622, CG=2 =====

===== Linear candidate local_id=001, RE=10622, CG=1 =====
raw = -1.1*eta_h + -5*eta_y + -0.12
raw = -1.1*eta_h + -5*eta_y + -0.08
raw min/max = -5.105049782242759 -0.20079444094701515
C_eff min/max = 0.020504519900212778 0.226464156883814
raw min/max = -5.132445552079248 -0.1804704761500392
lm min/max = 0.022267101128930808 0.10528566892223987
C_eff min/max = 0.02050427889355845 0.24016109955188875
lm min/max = 0.011908631679761313 0.10585393761124302

===== Linear candidate local_id=001, RE=10622, CG=2 =====
raw = -1.1*eta_h + -5*eta_y + -0.08
raw min/max = -5.092445552079248 -0.1404704761500392
C_eff min/max = 0.020504635296894114 0.26991075361438877
lm min/max = 0.013383798446950779 0.1058557775538547
Running case in: /homes/aiskhak/projects/GP/runs/10622/1/cand_000 with fv_app_run.sh

===== Linear candidate local_id=002, RE=10622, CG=1 =====
raw = -1.1*eta_h + -4.8*eta_y + -0.2

===== Linear candidate local_id=002, RE=10622, CG=2 =====
raw = -1.1*eta_h + -4.8*eta_y + -0.2

===== Linear candidate local_id=003, RE=10622, CG=1 =====
raw = -1.1*eta_h + -4.8*eta_y + -0.16
raw min/max = -5.012445552079248 -0.2585494791872075
C_eff min/max = 0.020505439642373755 0.19217793654902177
lm min/max = 0.00952933788031885 0.10585993001084486
raw min/max = -5.025049782242759 -0.31696465459884493
raw min/max = -4.985049782242759 -0.2769646545988449
C_eff min/max = 0.02050574603375783 0.18255096759595996
lm min/max = 0.017949334290144964 0.10529196481656497
C_eff min/max = 0.02050530421961895 0.16356116328644776
lm min/max = 0.01608216069942326 0.10528969620957598
Running case in: /homes/aiskhak/projects/GP/runs/10622/1/cand_001 with fv_app_run.sh
Running case in: /homes/aiskhak/projects/GP/runs/10622/2/cand_000 with fv_app_run.sh

===== Linear candidate local_id=003, RE=10622, CG=2 =====
raw = -1.1*eta_h + -4.8*eta_y + -0.16
raw min/max = -4.972445552079248 -0.21854947918720752
C_eff min/max = 0.020505892737609357 0.21522198287761804
lm min/max = 0.010672000287555695 0.1058622691282091

===== Linear candidate local_id=004, RE=10622, CG=1 =====
Running case in: /homes/aiskhak/projects/GP/runs/10622/1/cand_002 with fv_app_run.sh
raw = -1.1*eta_h + -4.8*eta_y + -0.14

===== Linear candidate local_id=004, RE=10622, CG=2 =====
raw = -1.1*eta_h + -4.8*eta_y + -0.14
raw min/max = -4.965049782242758 -0.2569646545988449
Running case in: /homes/aiskhak/projects/GP/runs/10622/1/cand_003 with fv_app_run.sh
raw min/max = -4.952445552079247 -0.19854947918720753
C_eff min/max = 0.02050613324875592 0.2279327946488783
lm min/max = 0.011302278779855856 0.1058635107740156
C_eff min/max = 0.020505980556628438 0.19303421177765712
lm min/max = 0.018980099871617914 0.10529316903385119

===== Linear candidate local_id=005, RE=10622, CG=1 =====
raw = -1.1*eta_h + -4.8*eta_y + -0.12
raw min/max = -4.945049782242759 -0.2369646545988449
C_eff min/max = 0.020506224652456658 0.204234706719745
lm min/max = 0.02008138917497334 0.10529442240592136

===== Linear candidate local_id=005, RE=10622, CG=2 =====
raw = -1.1*eta_h + -4.8*eta_y + -0.12
raw min/max = -4.932445552079248 -0.1785494791872075
C_eff min/max = 0.020506383577344408 0.24150331702223718
lm min/max = 0.011975186894233367 0.10586480310265224

===== Linear candidate local_id=006, RE=10622, CG=1 =====
raw = -1.1*eta_h + -4.8*eta_y + -0.08
raw min/max = -4.905049782242759 -0.19696465459884488
C_eff min/max = 0.020506743142300964 0.22897609224994261
lm min/max = 0.02251408731692885 0.105297084723808
Running case in: /homes/aiskhak/projects/GP/runs/10622/2/cand_001 with fv_app_run.sh

===== Linear candidate local_id=006, RE=10622, CG=2 =====
raw = -1.1*eta_h + -4.8*eta_y + -0.08
raw min/max = -4.892445552079248 -0.1385494791872075
C_eff min/max = 0.020506915306513464 0.27143849742057635
lm min/max = 0.013459553172936258 0.10586754816999061
Running case in: /homes/aiskhak/projects/GP/runs/10622/2/cand_002 with fv_app_run.sh

===== Linear candidate local_id=007, RE=10622, CG=1 =====
Running case in: /homes/aiskhak/projects/GP/runs/10622/1/cand_005 with fv_app_run.sh
Running case in: /homes/aiskhak/projects/GP/runs/10622/1/cand_004 with fv_app_run.sh
raw = -1*eta_h + -5.2*eta_y + -0.2
raw min/max = -5.422772529311599 -0.3223469743640255
C_eff min/max = 0.02050239410600681 0.1611933423838145
lm min/max = 0.01584934457425966 0.10527475349159064
Running case in: /homes/aiskhak/projects/GP/runs/10622/2/cand_003 with fv_app_run.sh

===== Linear candidate local_id=007, RE=10622, CG=2 =====
raw = -1*eta_h + -5.2*eta_y + -0.2
raw min/max = -5.411314138253862 -0.2612600592874847
C_eff min/max = 0.02050244960691836 0.19072379085181435
lm min/max = 0.0094572325912064 0.10584449386562883
Running case in: /homes/aiskhak/projects/GP/runs/10622/2/cand_005 with fv_app_run.sh
Running case in: /homes/aiskhak/projects/GP/runs/10622/1/cand_006 with fv_app_run.sh
Running case in: /homes/aiskhak/projects/GP/runs/10622/1/cand_007 with fv_app_run.sh
Running case in: /homes/aiskhak/projects/GP/runs/10622/2/cand_004 with fv_app_run.sh
Running case in: /homes/aiskhak/projects/GP/runs/10622/2/cand_006 with fv_app_run.sh
Running case in: /homes/aiskhak/projects/GP/runs/10622/2/cand_007 with fv_app_run.sh
Return code = 0
Elapsed: 15.7 sec
has_err = False
has_conv = True
has_ss = False
has_fin = True
Using VPP file: /homes/aiskhak/projects/GP/runs/10622/1/cand_000/tamu_2d_fv_gp_csv_vpp_0002.csv
VPP columns: ('id', 'u', 'v', 'x', 'y', 'z')
coordinate check: max |r_res-r_cg| = 5.000444502911705e-12
coordinate check: max |z_res-z_cg| = 5.000444502911705e-12
Return code = 0
Elapsed: 16.23 sec
has_err = False
has_conv = True
has_ss = False
has_fin = True
Using VPP file: /homes/aiskhak/projects/GP/runs/10622/1/cand_006/tamu_2d_fv_gp_csv_vpp_0002.csv
VPP columns: ('id', 'u', 'v', 'x', 'y', 'z')
coordinate check: max |r_res-r_cg| = 5.000444502911705e-12
coordinate check: max |z_res-z_cg| = 5.000444502911705e-12
Return code = 0
Elapsed: 16.88 sec
has_err = False
has_conv = True
has_ss = False
has_fin = True
Using VPP file: /homes/aiskhak/projects/GP/runs/10622/1/cand_001/tamu_2d_fv_gp_csv_vpp_0002.csv
VPP columns: ('id', 'u', 'v', 'x', 'y', 'z')
coordinate check: max |r_res-r_cg| = 5.000444502911705e-12
coordinate check: max |z_res-z_cg| = 5.000444502911705e-12
Return code = 0
Elapsed: 16.94 sec
has_err = False
has_conv = True
has_ss = False
has_fin = True
Using VPP file: /homes/aiskhak/projects/GP/runs/10622/1/cand_005/tamu_2d_fv_gp_csv_vpp_0002.csv
VPP columns: ('id', 'u', 'v', 'x', 'y', 'z')
coordinate check: max |r_res-r_cg| = 5.000444502911705e-12
coordinate check: max |z_res-z_cg| = 5.000444502911705e-12
Return code = 0
Elapsed: 17.6 sec
has_err = False
has_conv = True
has_ss = False
has_fin = True
Using VPP file: /homes/aiskhak/projects/GP/runs/10622/1/cand_007/tamu_2d_fv_gp_csv_vpp_0002.csv
Return code = 0
Elapsed: 17.96 sec
has_err = False
has_conv = True
has_ss = False
has_fin = True
Using VPP file: /homes/aiskhak/projects/GP/runs/10622/1/cand_003/tamu_2d_fv_gp_csv_vpp_0002.csv
VPP columns: ('id', 'u', 'v', 'x', 'y', 'z')
coordinate check: max |r_res-r_cg| = 5.000444502911705e-12
coordinate check: max |z_res-z_cg| = 5.000444502911705e-12
Return code = 0
Elapsed: 18.04 sec
has_err = False
has_conv = True
has_ss = False
has_fin = True
Using VPP file: /homes/aiskhak/projects/GP/runs/10622/1/cand_004/tamu_2d_fv_gp_csv_vpp_0002.csv
VPP columns: ('id', 'u', 'v', 'x', 'y', 'z')
coordinate check: max |r_res-r_cg| = 5.000444502911705e-12
coordinate check: max |z_res-z_cg| = 5.000444502911705e-12
VPP columns: ('id', 'u', 'v', 'x', 'y', 'z')
coordinate check: max |r_res-r_cg| = 5.000444502911705e-12
coordinate check: max |z_res-z_cg| = 5.000444502911705e-12
Return code = 0
Elapsed: 19.76 sec
has_err = False
has_conv = True
has_ss = False
has_fin = True
Using VPP file: /homes/aiskhak/projects/GP/runs/10622/1/cand_002/tamu_2d_fv_gp_csv_vpp_0002.csv
VPP columns: ('id', 'u', 'v', 'x', 'y', 'z')
coordinate check: max |r_res-r_cg| = 5.000444502911705e-12
coordinate check: max |z_res-z_cg| = 5.000444502911705e-12
Return code = 0
Elapsed: 19.82 sec
has_err = False
has_conv = True
has_ss = False
has_fin = True
Using VPP file: /homes/aiskhak/projects/GP/runs/10622/2/cand_001/tamu_2d_fv_gp_csv_vpp_0002.csv
VPP columns: ('id', 'u', 'v', 'x', 'y', 'z')
coordinate check: max |r_res-r_cg| = 5.000444502911705e-12
coordinate check: max |z_res-z_cg| = 5.000444502911705e-12
Return code = 0
Elapsed: 21.51 sec
has_err = False
has_conv = True
has_ss = False
has_fin = True
Using VPP file: /homes/aiskhak/projects/GP/runs/10622/2/cand_006/tamu_2d_fv_gp_csv_vpp_0002.csv
VPP columns: ('id', 'u', 'v', 'x', 'y', 'z')
coordinate check: max |r_res-r_cg| = 5.000444502911705e-12
coordinate check: max |z_res-z_cg| = 5.000444502911705e-12
Return code = 0
Elapsed: 22.68 sec
has_err = False
has_conv = True
has_ss = False
has_fin = True
Using VPP file: /homes/aiskhak/projects/GP/runs/10622/2/cand_000/tamu_2d_fv_gp_csv_vpp_0002.csv
VPP columns: ('id', 'u', 'v', 'x', 'y', 'z')
coordinate check: max |r_res-r_cg| = 5.000444502911705e-12
coordinate check: max |z_res-z_cg| = 5.000444502911705e-12
Return code = 0
Return code = 0
Elapsed: 24.61 sec
Elapsed: 24.72 sec
Return code = 0
Elapsed: 24.8 sec
has_err = False
has_conv = True
has_ss = False
has_fin = True
has_err = False
has_conv = True
has_ss = False
has_fin = True
has_err = False
has_conv = True
has_ss = False
has_fin = True
Using VPP file: /homes/aiskhak/projects/GP/runs/10622/2/cand_004/tamu_2d_fv_gp_csv_vpp_0002.csv
Using VPP file: /homes/aiskhak/projects/GP/runs/10622/2/cand_005/tamu_2d_fv_gp_csv_vpp_0002.csv
Using VPP file: /homes/aiskhak/projects/GP/runs/10622/2/cand_003/tamu_2d_fv_gp_csv_vpp_0002.csv
VPP columns: ('id', 'u', 'v', 'x', 'y', 'z')
coordinate check: max |r_res-r_cg| = 5.000444502911705e-12
coordinate check: max |z_res-z_cg| = 5.000444502911705e-12
VPP columns: ('id', 'u', 'v', 'x', 'y', 'z')
coordinate check: max |r_res-r_cg| = 5.000444502911705e-12
coordinate check: max |z_res-z_cg| = 5.000444502911705e-12
VPP columns: ('id', 'u', 'v', 'x', 'y', 'z')
coordinate check: max |r_res-r_cg| = 5.000444502911705e-12
coordinate check: max |z_res-z_cg| = 5.000444502911705e-12
Return code = 0
Elapsed: 30.91 sec
has_err = False
has_conv = True
has_ss = False
has_fin = True
Using VPP file: /homes/aiskhak/projects/GP/runs/10622/2/cand_007/tamu_2d_fv_gp_csv_vpp_0002.csv
VPP columns: ('id', 'u', 'v', 'x', 'y', 'z')
coordinate check: max |r_res-r_cg| = 5.000444502911705e-12
coordinate check: max |z_res-z_cg| = 5.000444502911705e-12
Return code = 0
Elapsed: 31.54 sec
has_err = False
has_conv = True
has_ss = False
has_fin = True
Using VPP file: /homes/aiskhak/projects/GP/runs/10622/2/cand_002/tamu_2d_fv_gp_csv_vpp_0002.csv
VPP columns: ('id', 'u', 'v', 'x', 'y', 'z')
coordinate check: max |r_res-r_cg| = 5.000444502911705e-12
coordinate check: max |z_res-z_cg| = 5.000444502911705e-12

===== LIVE CHECKPOINT =====
Chunk 1, stage refine_train, candidate batch starting 8, case batch 13/18
Completed result rows: 336
Current best partial candidates:
  n_cases= 24, mean=0.44788274, raw = -1.1*eta_h + -5*eta_y + -0.14
  n_cases= 24, mean=0.44923018, raw = -1.1*eta_h + -5*eta_y + -0.16
  n_cases= 24, mean=0.44995065, raw = -1.1*eta_h + -5.2*eta_y + -0.12
  n_cases= 24, mean=0.45065344, raw = -1.1*eta_h + -5.2*eta_y + -0.14
  n_cases= 24, mean=0.45080449, raw = -1.1*eta_h + -5.2*eta_y + -0.08
Checkpoint details: /homes/aiskhak/projects/GP/linear_results_linear_refine_best_screen_C1etaH_C2etaY_C3_CeffMin005_chunk1/linear_refine_best_screen_C1etaH_C2etaY_C3_CeffMin005_chunk1_refine_train_details_checkpoint.csv
Checkpoint summary: /homes/aiskhak/projects/GP/linear_results_linear_refine_best_screen_C1etaH_C2etaY_C3_CeffMin005_chunk1/linear_refine_best_screen_C1etaH_C2etaY_C3_CeffMin005_chunk1_refine_train_summary_checkpoint.csv
===========================


===== Stage refine_train, candidate batch starting 8, case batch 14/18 =====
Running 8 tasks with 64 MPI ranks

===== Linear candidate local_id=000, RE=10622, CG=3 =====
raw = -1.1*eta_h + -5*eta_y + -0.12
raw min/max = -5.126219626106677 -0.15031970446717768
C_eff min/max = 0.02050433251058075 0.26222449426776395
lm min/max = 0.006528629117426788 0.10591218476974663

===== Linear candidate local_id=001, RE=10622, CG=3 =====
raw = -1.1*eta_h + -5*eta_y + -0.08
raw min/max = -5.0862196261066766 -0.11031970446717768
C_eff min/max = 0.02050469338019776 0.2950081829407675
lm min/max = 0.007344847850329261 0.10591404878992552

===== Linear candidate local_id=002, RE=10622, CG=3 =====
raw = -1.1*eta_h + -4.8*eta_y + -0.2
raw min/max = -5.0062196261066765 -0.22935570133275762
C_eff min/max = 0.02050550780555437 0.20869388933027638
lm min/max = 0.005195872362401884 0.10591825558713805

===== Linear candidate local_id=003, RE=10622, CG=3 =====
raw = -1.1*eta_h + -4.8*eta_y + -0.16
raw min/max = -4.966219626106676 -0.18935570133275761
C_eff min/max = 0.02050596657899515 0.23406108489330113
lm min/max = 0.005827441934278383 0.10592062531545779

===== Linear candidate local_id=004, RE=10622, CG=3 =====
raw = -1.1*eta_h + -4.8*eta_y + -0.14
raw min/max = -4.946219626106676 -0.16935570133275762
C_eff min/max = 0.020506210104270107 0.2480445214461922
lm min/max = 0.006175588934412069 0.1059218832102907

===== Linear candidate local_id=005, RE=10622, CG=3 =====
raw = -1.1*eta_h + -4.8*eta_y + -0.12
raw min/max = -4.926219626106676 -0.1493557013327576
C_eff min/max = 0.020506463570046218 0.2629660671110099
lm min/max = 0.006547092129704218 0.10592319245135466

===== Linear candidate local_id=006, RE=10622, CG=3 =====
raw = -1.1*eta_h + -4.8*eta_y + -0.08
raw min/max = -4.886219626106676 -0.10935570133275763
C_eff min/max = 0.02050700196307908 0.29585114154581066
lm min/max = 0.007365835073925736 0.1059259734432424

===== Linear candidate local_id=007, RE=10622, CG=3 =====
raw = -1*eta_h + -5.2*eta_y + -0.2
raw min/max = -5.405654205551524 -0.23071828704644534
C_eff min/max = 0.020502477494800914 0.20788711142748767
lm min/max = 0.0051757859333207605 0.10590260295215156
Running case in: /homes/aiskhak/projects/GP/runs/10622/3/cand_000 with fv_app_run.sh
Running case in: /homes/aiskhak/projects/GP/runs/10622/3/cand_001 with fv_app_run.sh
Running case in: /homes/aiskhak/projects/GP/runs/10622/3/cand_003 with fv_app_run.sh
Running case in: /homes/aiskhak/projects/GP/runs/10622/3/cand_002 with fv_app_run.sh
Running case in: /homes/aiskhak/projects/GP/runs/10622/3/cand_004 with fv_app_run.sh
Running case in: /homes/aiskhak/projects/GP/runs/10622/3/cand_005 with fv_app_run.sh
Running case in: /homes/aiskhak/projects/GP/runs/10622/3/cand_007 with fv_app_run.sh
Running case in: /homes/aiskhak/projects/GP/runs/10622/3/cand_006 with fv_app_run.sh
Return code = 0
Elapsed: 35.65 sec
has_err = False
has_conv = True
has_ss = False
has_fin = True
Using VPP file: /homes/aiskhak/projects/GP/runs/10622/3/cand_001/tamu_2d_fv_gp_csv_vpp_0002.csv
VPP columns: ('id', 'u', 'v', 'x', 'y', 'z')
coordinate check: max |r_res-r_cg| = 5.000444502911705e-12
coordinate check: max |z_res-z_cg| = 5.000444502911705e-12
Return code = 0
Elapsed: 37.45 sec
has_err = False
has_conv = True
has_ss = False
has_fin = True
Using VPP file: /homes/aiskhak/projects/GP/runs/10622/3/cand_003/tamu_2d_fv_gp_csv_vpp_0002.csv
Return code = 0
Elapsed: 37.54 sec
has_err = False
has_conv = True
has_ss = False
has_fin = True
Using VPP file: /homes/aiskhak/projects/GP/runs/10622/3/cand_006/tamu_2d_fv_gp_csv_vpp_0002.csv
VPP columns: ('id', 'u', 'v', 'x', 'y', 'z')
coordinate check: max |r_res-r_cg| = 5.000444502911705e-12
coordinate check: max |z_res-z_cg| = 5.000444502911705e-12
VPP columns: ('id', 'u', 'v', 'x', 'y', 'z')
coordinate check: max |r_res-r_cg| = 5.000444502911705e-12
coordinate check: max |z_res-z_cg| = 5.000444502911705e-12
Return code = 0
Return code = 0
Elapsed: 38.17 sec
Elapsed: 38.27 sec
has_err = False
has_conv = True
has_ss = False
has_fin = True
has_err = False
has_conv = True
has_ss = False
has_fin = True
Using VPP file: /homes/aiskhak/projects/GP/runs/10622/3/cand_005/tamu_2d_fv_gp_csv_vpp_0002.csv
Using VPP file: /homes/aiskhak/projects/GP/runs/10622/3/cand_000/tamu_2d_fv_gp_csv_vpp_0002.csv
VPP columns: ('id', 'u', 'v', 'x', 'y', 'z')
coordinate check: max |r_res-r_cg| = 5.000444502911705e-12
coordinate check: max |z_res-z_cg| = 5.000444502911705e-12
VPP columns: ('id', 'u', 'v', 'x', 'y', 'z')
coordinate check: max |r_res-r_cg| = 5.000444502911705e-12
coordinate check: max |z_res-z_cg| = 5.000444502911705e-12
Return code = 0
Elapsed: 40.27 sec
has_err = False
has_conv = True
has_ss = False
has_fin = True
Using VPP file: /homes/aiskhak/projects/GP/runs/10622/3/cand_004/tamu_2d_fv_gp_csv_vpp_0002.csv
VPP columns: ('id', 'u', 'v', 'x', 'y', 'z')
coordinate check: max |r_res-r_cg| = 5.000444502911705e-12
coordinate check: max |z_res-z_cg| = 5.000444502911705e-12
Return code = 0
Elapsed: 43.31 sec
has_err = False
has_conv = True
has_ss = False
has_fin = True
Using VPP file: /homes/aiskhak/projects/GP/runs/10622/3/cand_002/tamu_2d_fv_gp_csv_vpp_0002.csv
VPP columns: ('id', 'u', 'v', 'x', 'y', 'z')
coordinate check: max |r_res-r_cg| = 5.000444502911705e-12
coordinate check: max |z_res-z_cg| = 5.000444502911705e-12
Return code = 0
Elapsed: 43.6 sec
has_err = False
has_conv = True
has_ss = False
has_fin = True
Using VPP file: /homes/aiskhak/projects/GP/runs/10622/3/cand_007/tamu_2d_fv_gp_csv_vpp_0002.csv
VPP columns: ('id', 'u', 'v', 'x', 'y', 'z')
coordinate check: max |r_res-r_cg| = 5.000444502911705e-12
coordinate check: max |z_res-z_cg| = 5.000444502911705e-12

===== LIVE CHECKPOINT =====
Chunk 1, stage refine_train, candidate batch starting 8, case batch 14/18
Completed result rows: 344
Current best partial candidates:
  n_cases= 24, mean=0.44788274, raw = -1.1*eta_h + -5*eta_y + -0.14
  n_cases= 24, mean=0.44923018, raw = -1.1*eta_h + -5*eta_y + -0.16
  n_cases= 24, mean=0.44995065, raw = -1.1*eta_h + -5.2*eta_y + -0.12
  n_cases= 24, mean=0.45065344, raw = -1.1*eta_h + -5.2*eta_y + -0.14
  n_cases= 24, mean=0.45080449, raw = -1.1*eta_h + -5.2*eta_y + -0.08
Checkpoint details: /homes/aiskhak/projects/GP/linear_results_linear_refine_best_screen_C1etaH_C2etaY_C3_CeffMin005_chunk1/linear_refine_best_screen_C1etaH_C2etaY_C3_CeffMin005_chunk1_refine_train_details_checkpoint.csv
Checkpoint summary: /homes/aiskhak/projects/GP/linear_results_linear_refine_best_screen_C1etaH_C2etaY_C3_CeffMin005_chunk1/linear_refine_best_screen_C1etaH_C2etaY_C3_CeffMin005_chunk1_refine_train_summary_checkpoint.csv
===========================


===== Stage refine_train, candidate batch starting 8, case batch 15/18 =====
Running 8 tasks with 96 MPI ranks

===== Linear candidate local_id=000, RE=10622, CG=4 =====
raw = -1.1*eta_h + -5*eta_y + -0.12
raw min/max = -5.123102657986176 -0.13514966500654463
C_eff min/max = 0.0205043596054546 0.274165550768586
lm min/max = 0.0034200368442004092 0.10615854348748047

===== Linear candidate local_id=001, RE=10622, CG=4 =====
raw = -1.1*eta_h + -5*eta_y + -0.08
raw min/max = -5.083102657986176 -0.09514966500654462
C_eff min/max = 0.02050472273206941 0.308576979864796
lm min/max = 0.0038492970303934033 0.10616042352632449

===== Linear candidate local_id=002, RE=10622, CG=4 =====
raw = -1.1*eta_h + -4.8*eta_y + -0.2
raw min/max = -5.003102657986176 -0.21466778472572987
C_eff min/max = 0.020505542251209086 0.21762415183319445
lm min/max = 0.0027147196844056207 0.10616466647562416

===== Linear candidate local_id=003, RE=10622, CG=4 =====
raw = -1.1*eta_h + -4.8*eta_y + -0.16
raw min/max = -4.963102657986176 -0.17466778472572986
C_eff min/max = 0.020506003894085335 0.24424123936626635
lm min/max = 0.0030467505314366173 0.10616705656906267

===== Linear candidate local_id=004, RE=10622, CG=4 =====
raw = -1.1*eta_h + -4.8*eta_y + -0.14
raw min/max = -4.943102657986175 -0.15466778472572987
C_eff min/max = 0.020506248942526232 0.25890820771563083
lm min/max = 0.003229711417685552 0.106168325274161

===== Linear candidate local_id=005, RE=10622, CG=4 =====
raw = -1.1*eta_h + -4.8*eta_y + -0.12
raw min/max = -4.923102657986176 -0.13466778472572985
C_eff min/max = 0.020506503993655528 0.2745544906188754
lm min/max = 0.0034248886157466096 0.10616964576682314

===== Linear candidate local_id=006, RE=10622, CG=4 =====
raw = -1.1*eta_h + -4.8*eta_y + -0.08
raw min/max = -4.883102657986176 -0.09466778472572987
C_eff min/max = 0.02050704575422058 0.30901876413506985
lm min/max = 0.003854808001692639 0.10617245065873937

===== Linear candidate local_id=007, RE=10622, CG=4 =====
raw = -1*eta_h + -5.2*eta_y + -0.2
raw min/max = -5.402820598169251 -0.2153494854704343
C_eff min/max = 0.020502491575726537 0.21720006355076182
lm min/max = 0.002709429459039789 0.1061488720166841
Running case in: /homes/aiskhak/projects/GP/runs/10622/4/cand_000 with fv_app_run.sh
Running case in: /homes/aiskhak/projects/GP/runs/10622/4/cand_002 with fv_app_run.sh
Running case in: /homes/aiskhak/projects/GP/runs/10622/4/cand_003 with fv_app_run.sh
Running case in: /homes/aiskhak/projects/GP/runs/10622/4/cand_004 with fv_app_run.sh
Running case in: /homes/aiskhak/projects/GP/runs/10622/4/cand_001 with fv_app_run.sh
Running case in: /homes/aiskhak/projects/GP/runs/10622/4/cand_006 with fv_app_run.sh
Running case in: /homes/aiskhak/projects/GP/runs/10622/4/cand_005 with fv_app_run.sh
Running case in: /homes/aiskhak/projects/GP/runs/10622/4/cand_007 with fv_app_run.sh
Return code = 0
Elapsed: 100.16 sec
has_err = False
has_conv = True
has_ss = False
has_fin = True
Using VPP file: /homes/aiskhak/projects/GP/runs/10622/4/cand_006/tamu_2d_fv_gp_csv_vpp_0002.csv
VPP columns: ('id', 'u', 'v', 'x', 'y', 'z')
coordinate check: max |r_res-r_cg| = 5.000444502911705e-12
coordinate check: max |z_res-z_cg| = 5.000444502911705e-12
Return code = 0
Elapsed: 105.62 sec
has_err = False
has_conv = True
has_ss = False
has_fin = True
Using VPP file: /homes/aiskhak/projects/GP/runs/10622/4/cand_001/tamu_2d_fv_gp_csv_vpp_0002.csv
Return code = 0
Elapsed: 107.36 sec
has_err = False
has_conv = True
has_ss = False
has_fin = True
Using VPP file: /homes/aiskhak/projects/GP/runs/10622/4/cand_005/tamu_2d_fv_gp_csv_vpp_0002.csv
VPP columns: ('id', 'u', 'v', 'x', 'y', 'z')
coordinate check: max |r_res-r_cg| = 5.000444502911705e-12
coordinate check: max |z_res-z_cg| = 5.000444502911705e-12
VPP columns: ('id', 'u', 'v', 'x', 'y', 'z')
coordinate check: max |r_res-r_cg| = 5.000444502911705e-12
coordinate check: max |z_res-z_cg| = 5.000444502911705e-12
Return code = 0
Elapsed: 110.54 sec
has_err = False
has_conv = True
has_ss = False
has_fin = True
Using VPP file: /homes/aiskhak/projects/GP/runs/10622/4/cand_000/tamu_2d_fv_gp_csv_vpp_0002.csv
VPP columns: ('id', 'u', 'v', 'x', 'y', 'z')
coordinate check: max |r_res-r_cg| = 5.000444502911705e-12
coordinate check: max |z_res-z_cg| = 5.000444502911705e-12
Return code = 0
Elapsed: 129.33 sec
has_err = False
has_conv = True
has_ss = False
has_fin = True
Using VPP file: /homes/aiskhak/projects/GP/runs/10622/4/cand_004/tamu_2d_fv_gp_csv_vpp_0002.csv
VPP columns: ('id', 'u', 'v', 'x', 'y', 'z')
coordinate check: max |r_res-r_cg| = 5.000444502911705e-12
coordinate check: max |z_res-z_cg| = 5.000444502911705e-12
Return code = 0
Elapsed: 145.31 sec
has_err = False
has_conv = True
has_ss = False
has_fin = True
Using VPP file: /homes/aiskhak/projects/GP/runs/10622/4/cand_003/tamu_2d_fv_gp_csv_vpp_0002.csv
VPP columns: ('id', 'u', 'v', 'x', 'y', 'z')
coordinate check: max |r_res-r_cg| = 5.000444502911705e-12
coordinate check: max |z_res-z_cg| = 5.000444502911705e-12
Return code = 0
Elapsed: 274.88 sec
has_err = True
has_conv = False
has_ss = False
has_fin = True
Steady failed; trying unsteady fallback
Running case in: /homes/aiskhak/projects/GP/runs/10622/4/cand_007 with fv_app_run_unsteady.sh
Return code = 0
Elapsed: 390.64 sec
has_err = True
has_conv = False
has_ss = False
has_fin = True
Steady failed; trying unsteady fallback
Running case in: /homes/aiskhak/projects/GP/runs/10622/4/cand_002 with fv_app_run_unsteady.sh
Return code = 0
Elapsed: 789.52 sec
has_err = False
has_conv = True
has_ss = True
has_fin = True
Using VPP file: /homes/aiskhak/projects/GP/runs/10622/4/cand_007/tamu_2d_fv_gp_csv_vpp_0029.csv
VPP columns: ('id', 'u', 'v', 'x', 'y', 'z')
coordinate check: max |r_res-r_cg| = 5.000444502911705e-12
coordinate check: max |z_res-z_cg| = 5.000444502911705e-12
Return code = 0
Elapsed: 767.68 sec
has_err = False
has_conv = True
has_ss = True
has_fin = True
Using VPP file: /homes/aiskhak/projects/GP/runs/10622/4/cand_002/tamu_2d_fv_gp_csv_vpp_0029.csv
VPP columns: ('id', 'u', 'v', 'x', 'y', 'z')
coordinate check: max |r_res-r_cg| = 5.000444502911705e-12
coordinate check: max |z_res-z_cg| = 5.000444502911705e-12

===== LIVE CHECKPOINT =====
Chunk 1, stage refine_train, candidate batch starting 8, case batch 15/18
Completed result rows: 352
Current best partial candidates:
  n_cases= 24, mean=0.44788274, raw = -1.1*eta_h + -5*eta_y + -0.14
  n_cases= 24, mean=0.44923018, raw = -1.1*eta_h + -5*eta_y + -0.16
  n_cases= 24, mean=0.44995065, raw = -1.1*eta_h + -5.2*eta_y + -0.12
  n_cases= 24, mean=0.45065344, raw = -1.1*eta_h + -5.2*eta_y + -0.14
  n_cases= 24, mean=0.45080449, raw = -1.1*eta_h + -5.2*eta_y + -0.08
Checkpoint details: /homes/aiskhak/projects/GP/linear_results_linear_refine_best_screen_C1etaH_C2etaY_C3_CeffMin005_chunk1/linear_refine_best_screen_C1etaH_C2etaY_C3_CeffMin005_chunk1_refine_train_details_checkpoint.csv
Checkpoint summary: /homes/aiskhak/projects/GP/linear_results_linear_refine_best_screen_C1etaH_C2etaY_C3_CeffMin005_chunk1/linear_refine_best_screen_C1etaH_C2etaY_C3_CeffMin005_chunk1_refine_train_summary_checkpoint.csv
===========================


===== Stage refine_train, candidate batch starting 8, case batch 16/18 =====
Running 16 tasks with 64 MPI ranks

===== Linear candidate local_id=000, RE=14000, CG=1 =====
raw = -1.1*eta_h + -5*eta_y + -0.12
raw min/max = -5.145049782242759 -0.24079444094701513
C_eff min/max = 0.020504172370213722 0.20203226613235895
lm min/max = 0.019864834078729354 0.10528388444113036

===== Linear candidate local_id=001, RE=14000, CG=1 =====
raw = -1.1*eta_h + -5*eta_y + -0.08

===== Linear candidate local_id=000, RE=14000, CG=2 =====
raw = -1.1*eta_h + -5*eta_y + -0.12
raw min/max = -5.105049782242759 -0.20079444094701515
raw min/max = -5.132445552079248 -0.1804704761500392
C_eff min/max = 0.02050427889355845 0.24016109955188875
lm min/max = 0.011908631679761313 0.10585393761124302
C_eff min/max = 0.020504519900212778 0.226464156883814
lm min/max = 0.022267101128930808 0.10528566892223987

===== Linear candidate local_id=001, RE=14000, CG=2 =====
raw = -1.1*eta_h + -5*eta_y + -0.08

===== Linear candidate local_id=002, RE=14000, CG=1 =====
raw = -1.1*eta_h + -4.8*eta_y + -0.2
raw min/max = -5.092445552079248 -0.1404704761500392
C_eff min/max = 0.020504635296894114 0.26991075361438877
lm min/max = 0.013383798446950779 0.1058557775538547
raw min/max = -5.025049782242759 -0.31696465459884493
C_eff min/max = 0.02050530421961895 0.16356116328644776
lm min/max = 0.01608216069942326 0.10528969620957598

===== Linear candidate local_id=002, RE=14000, CG=2 =====
raw = -1.1*eta_h + -4.8*eta_y + -0.2

===== Linear candidate local_id=003, RE=14000, CG=1 =====
raw = -1.1*eta_h + -4.8*eta_y + -0.16
raw min/max = -5.012445552079248 -0.2585494791872075
C_eff min/max = 0.020505439642373755 0.19217793654902177
lm min/max = 0.00952933788031885 0.10585993001084486
raw min/max = -4.985049782242759 -0.2769646545988449
C_eff min/max = 0.02050574603375783 0.18255096759595996
lm min/max = 0.017949334290144964 0.10529196481656497

===== Linear candidate local_id=003, RE=14000, CG=2 =====
raw = -1.1*eta_h + -4.8*eta_y + -0.16
raw min/max = -4.972445552079248 -0.21854947918720752
C_eff min/max = 0.020505892737609357 0.21522198287761804
lm min/max = 0.010672000287555695 0.1058622691282091

===== Linear candidate local_id=004, RE=14000, CG=1 =====
raw = -1.1*eta_h + -4.8*eta_y + -0.14
Running case in: /homes/aiskhak/projects/GP/runs/14000/1/cand_000 with fv_app_run.sh
raw min/max = -4.965049782242758 -0.2569646545988449
C_eff min/max = 0.020505980556628438 0.19303421177765712
lm min/max = 0.018980099871617914 0.10529316903385119
Running case in: /homes/aiskhak/projects/GP/runs/14000/1/cand_003 with fv_app_run.sh
Running case in: /homes/aiskhak/projects/GP/runs/14000/1/cand_001 with fv_app_run.sh

===== Linear candidate local_id=004, RE=14000, CG=2 =====
raw = -1.1*eta_h + -4.8*eta_y + -0.14
raw min/max = -4.952445552079247 -0.19854947918720753
C_eff min/max = 0.02050613324875592 0.2279327946488783
lm min/max = 0.011302278779855856 0.1058635107740156

===== Linear candidate local_id=005, RE=14000, CG=1 =====
raw = -1.1*eta_h + -4.8*eta_y + -0.12
raw min/max = -4.945049782242759 -0.2369646545988449
C_eff min/max = 0.020506224652456658 0.204234706719745
lm min/max = 0.02008138917497334 0.10529442240592136

===== Linear candidate local_id=005, RE=14000, CG=2 =====
raw = -1.1*eta_h + -4.8*eta_y + -0.12
raw min/max = -4.932445552079248 -0.1785494791872075
C_eff min/max = 0.020506383577344408 0.24150331702223718
lm min/max = 0.011975186894233367 0.10586480310265224

===== Linear candidate local_id=006, RE=14000, CG=1 =====
raw = -1.1*eta_h + -4.8*eta_y + -0.08
raw min/max = -4.905049782242759 -0.19696465459884488
C_eff min/max = 0.020506743142300964 0.22897609224994261
lm min/max = 0.02251408731692885 0.105297084723808

===== Linear candidate local_id=006, RE=14000, CG=2 =====
raw = -1.1*eta_h + -4.8*eta_y + -0.08
raw min/max = -4.892445552079248 -0.1385494791872075
C_eff min/max = 0.020506915306513464 0.27143849742057635
lm min/max = 0.013459553172936258 0.10586754816999061
Running case in: /homes/aiskhak/projects/GP/runs/14000/2/cand_003 with fv_app_run.sh

===== Linear candidate local_id=007, RE=14000, CG=2 =====
raw = -1*eta_h + -5.2*eta_y + -0.2
raw min/max = -5.411314138253862 -0.2612600592874847
C_eff min/max = 0.02050244960691836 0.19072379085181435
lm min/max = 0.0094572325912064 0.10584449386562883
Running case in: /homes/aiskhak/projects/GP/runs/14000/2/cand_000 with fv_app_run.sh
Running case in: /homes/aiskhak/projects/GP/runs/14000/1/cand_002 with fv_app_run.sh

===== Linear candidate local_id=007, RE=14000, CG=1 =====
raw = -1*eta_h + -5.2*eta_y + -0.2
Running case in: /homes/aiskhak/projects/GP/runs/14000/1/cand_006 with fv_app_run.sh
raw min/max = -5.422772529311599 -0.3223469743640255
C_eff min/max = 0.02050239410600681 0.1611933423838145
lm min/max = 0.01584934457425966 0.10527475349159064
Running case in: /homes/aiskhak/projects/GP/runs/14000/1/cand_004 with fv_app_run.sh
Running case in: /homes/aiskhak/projects/GP/runs/14000/2/cand_001 with fv_app_run.sh
Running case in: /homes/aiskhak/projects/GP/runs/14000/2/cand_002 with fv_app_run.sh
Running case in: /homes/aiskhak/projects/GP/runs/14000/2/cand_006 with fv_app_run.sh
Running case in: /homes/aiskhak/projects/GP/runs/14000/2/cand_007 with fv_app_run.sh
Running case in: /homes/aiskhak/projects/GP/runs/14000/2/cand_005 with fv_app_run.sh
Running case in: /homes/aiskhak/projects/GP/runs/14000/1/cand_005 with fv_app_run.sh
Running case in: /homes/aiskhak/projects/GP/runs/14000/1/cand_007 with fv_app_run.sh
Running case in: /homes/aiskhak/projects/GP/runs/14000/2/cand_004 with fv_app_run.sh
Return code = 0
Elapsed: 10.74 sec
has_err = False
has_conv = True
has_ss = False
has_fin = True
Using VPP file: /homes/aiskhak/projects/GP/runs/14000/1/cand_001/tamu_2d_fv_gp_csv_vpp_0002.csv
VPP columns: ('id', 'u', 'v', 'x', 'y', 'z')
coordinate check: max |r_res-r_cg| = 5.000444502911705e-12
coordinate check: max |z_res-z_cg| = 5.000444502911705e-12
Return code = 0
Elapsed: 11.9 sec
Return code = 0
Return code = 0
Elapsed: 12.0 sec
Elapsed: 11.99 sec
has_err = False
has_conv = True
has_ss = False
has_fin = True
has_err = False
has_conv = True
has_ss = False
has_fin = True
has_err = False
has_conv = True
has_ss = False
has_fin = True
Using VPP file: /homes/aiskhak/projects/GP/runs/14000/1/cand_005/tamu_2d_fv_gp_csv_vpp_0002.csv
Using VPP file: /homes/aiskhak/projects/GP/runs/14000/1/cand_006/tamu_2d_fv_gp_csv_vpp_0002.csv
Using VPP file: /homes/aiskhak/projects/GP/runs/14000/1/cand_004/tamu_2d_fv_gp_csv_vpp_0002.csv
VPP columns: ('id', 'u', 'v', 'x', 'y', 'z')
coordinate check: max |r_res-r_cg| = 5.000444502911705e-12
coordinate check: max |z_res-z_cg| = 5.000444502911705e-12
VPP columns: ('id', 'u', 'v', 'x', 'y', 'z')
coordinate check: max |r_res-r_cg| = 5.000444502911705e-12
coordinate check: max |z_res-z_cg| = 5.000444502911705e-12
VPP columns: ('id', 'u', 'v', 'x', 'y', 'z')
coordinate check: max |r_res-r_cg| = 5.000444502911705e-12
coordinate check: max |z_res-z_cg| = 5.000444502911705e-12
Return code = 0
Elapsed: 17.07 sec
has_err = False
has_conv = True
has_ss = False
has_fin = True
Using VPP file: /homes/aiskhak/projects/GP/runs/14000/1/cand_000/tamu_2d_fv_gp_csv_vpp_0002.csv
VPP columns: ('id', 'u', 'v', 'x', 'y', 'z')
coordinate check: max |r_res-r_cg| = 5.000444502911705e-12
coordinate check: max |z_res-z_cg| = 5.000444502911705e-12
Return code = 0
Elapsed: 17.2 sec
has_err = False
has_conv = True
has_ss = False
has_fin = True
Using VPP file: /homes/aiskhak/projects/GP/runs/14000/1/cand_003/tamu_2d_fv_gp_csv_vpp_0002.csv
VPP columns: ('id', 'u', 'v', 'x', 'y', 'z')
coordinate check: max |r_res-r_cg| = 5.000444502911705e-12
coordinate check: max |z_res-z_cg| = 5.000444502911705e-12
Return code = 0
Elapsed: 18.47 sec
has_err = True
has_conv = False
has_ss = False
has_fin = True
Steady failed; trying unsteady fallback
Running case in: /homes/aiskhak/projects/GP/runs/14000/1/cand_002 with fv_app_run_unsteady.sh
Return code = 0
Elapsed: 18.57 sec
has_err = True
has_conv = False
has_ss = False
has_fin = True
Steady failed; trying unsteady fallback
Running case in: /homes/aiskhak/projects/GP/runs/14000/1/cand_007 with fv_app_run_unsteady.sh
Return code = 0
Elapsed: 20.12 sec
has_err = False
has_conv = True
has_ss = False
has_fin = True
Using VPP file: /homes/aiskhak/projects/GP/runs/14000/2/cand_005/tamu_2d_fv_gp_csv_vpp_0002.csv
VPP columns: ('id', 'u', 'v', 'x', 'y', 'z')
coordinate check: max |r_res-r_cg| = 5.000444502911705e-12
coordinate check: max |z_res-z_cg| = 5.000444502911705e-12
Return code = 0
Elapsed: 22.03 sec
has_err = False
has_conv = True
has_ss = False
has_fin = True
Using VPP file: /homes/aiskhak/projects/GP/runs/14000/2/cand_006/tamu_2d_fv_gp_csv_vpp_0002.csv
Return code = 0
Elapsed: 22.16 sec
has_err = False
has_conv = True
has_ss = False
has_fin = True
Using VPP file: /homes/aiskhak/projects/GP/runs/14000/2/cand_001/tamu_2d_fv_gp_csv_vpp_0002.csv
VPP columns: ('id', 'u', 'v', 'x', 'y', 'z')
coordinate check: max |r_res-r_cg| = 5.000444502911705e-12
coordinate check: max |z_res-z_cg| = 5.000444502911705e-12
Return code = 0
Elapsed: 23.3 sec
has_err = False
has_conv = True
has_ss = False
has_fin = True
Using VPP file: /homes/aiskhak/projects/GP/runs/14000/2/cand_000/tamu_2d_fv_gp_csv_vpp_0002.csv
VPP columns: ('id', 'u', 'v', 'x', 'y', 'z')
coordinate check: max |r_res-r_cg| = 5.000444502911705e-12
coordinate check: max |z_res-z_cg| = 5.000444502911705e-12
VPP columns: ('id', 'u', 'v', 'x', 'y', 'z')
coordinate check: max |r_res-r_cg| = 5.000444502911705e-12
coordinate check: max |z_res-z_cg| = 5.000444502911705e-12
Return code = 0
Elapsed: 24.42 sec
has_err = False
has_conv = True
has_ss = False
has_fin = True
Using VPP file: /homes/aiskhak/projects/GP/runs/14000/2/cand_004/tamu_2d_fv_gp_csv_vpp_0002.csv
VPP columns: ('id', 'u', 'v', 'x', 'y', 'z')
coordinate check: max |r_res-r_cg| = 5.000444502911705e-12
coordinate check: max |z_res-z_cg| = 5.000444502911705e-12
Return code = 0
Elapsed: 25.43 sec
has_err = False
has_conv = True
has_ss = False
has_fin = True
Using VPP file: /homes/aiskhak/projects/GP/runs/14000/2/cand_007/tamu_2d_fv_gp_csv_vpp_0002.csv
VPP columns: ('id', 'u', 'v', 'x', 'y', 'z')
coordinate check: max |r_res-r_cg| = 5.000444502911705e-12
coordinate check: max |z_res-z_cg| = 5.000444502911705e-12
Return code = 0
Elapsed: 27.22 sec
has_err = False
has_conv = True
has_ss = False
has_fin = True
Using VPP file: /homes/aiskhak/projects/GP/runs/14000/2/cand_003/tamu_2d_fv_gp_csv_vpp_0002.csv
VPP columns: ('id', 'u', 'v', 'x', 'y', 'z')
coordinate check: max |r_res-r_cg| = 5.000444502911705e-12
coordinate check: max |z_res-z_cg| = 5.000444502911705e-12
Return code = 0
Elapsed: 37.14 sec
has_err = False
has_conv = True
has_ss = False
has_fin = True
Using VPP file: /homes/aiskhak/projects/GP/runs/14000/2/cand_002/tamu_2d_fv_gp_csv_vpp_0002.csv
VPP columns: ('id', 'u', 'v', 'x', 'y', 'z')
coordinate check: max |r_res-r_cg| = 5.000444502911705e-12
coordinate check: max |z_res-z_cg| = 5.000444502911705e-12
Return code = 0
Elapsed: 20.61 sec
has_err = False
has_conv = True
has_ss = True
has_fin = True
Using VPP file: /homes/aiskhak/projects/GP/runs/14000/1/cand_002/tamu_2d_fv_gp_csv_vpp_0029.csv
VPP columns: ('id', 'u', 'v', 'x', 'y', 'z')
coordinate check: max |r_res-r_cg| = 5.000444502911705e-12
coordinate check: max |z_res-z_cg| = 5.000444502911705e-12
Return code = 0
Elapsed: 23.22 sec
has_err = False
has_conv = True
has_ss = True
has_fin = True
Using VPP file: /homes/aiskhak/projects/GP/runs/14000/1/cand_007/tamu_2d_fv_gp_csv_vpp_0028.csv
VPP columns: ('id', 'u', 'v', 'x', 'y', 'z')
coordinate check: max |r_res-r_cg| = 5.000444502911705e-12
coordinate check: max |z_res-z_cg| = 5.000444502911705e-12

===== LIVE CHECKPOINT =====
Chunk 1, stage refine_train, candidate batch starting 8, case batch 16/18
Completed result rows: 368
Current best partial candidates:
  n_cases= 22, mean=0.43808672, raw = -1.1*eta_h + -4.8*eta_y + -0.14
  n_cases= 22, mean=0.43839703, raw = -1.1*eta_h + -4.8*eta_y + -0.16
  n_cases= 22, mean=0.43869056, raw = -1.1*eta_h + -4.8*eta_y + -0.12
  n_cases= 22, mean=0.44099526, raw = -1.1*eta_h + -5*eta_y + -0.12
  n_cases= 22, mean=0.44142331, raw = -1.1*eta_h + -4.8*eta_y + -0.2
Checkpoint details: /homes/aiskhak/projects/GP/linear_results_linear_refine_best_screen_C1etaH_C2etaY_C3_CeffMin005_chunk1/linear_refine_best_screen_C1etaH_C2etaY_C3_CeffMin005_chunk1_refine_train_details_checkpoint.csv
Checkpoint summary: /homes/aiskhak/projects/GP/linear_results_linear_refine_best_screen_C1etaH_C2etaY_C3_CeffMin005_chunk1/linear_refine_best_screen_C1etaH_C2etaY_C3_CeffMin005_chunk1_refine_train_summary_checkpoint.csv
===========================


===== Stage refine_train, candidate batch starting 8, case batch 17/18 =====
Running 8 tasks with 64 MPI ranks

===== Linear candidate local_id=000, RE=14000, CG=3 =====
raw = -1.1*eta_h + -5*eta_y + -0.12
raw min/max = -5.126219626106677 -0.15031970446717768
C_eff min/max = 0.02050433251058075 0.26222449426776395
lm min/max = 0.006528629117426788 0.10591218476974663

===== Linear candidate local_id=001, RE=14000, CG=3 =====
raw = -1.1*eta_h + -5*eta_y + -0.08
raw min/max = -5.0862196261066766 -0.11031970446717768
C_eff min/max = 0.02050469338019776 0.2950081829407675
lm min/max = 0.007344847850329261 0.10591404878992552

===== Linear candidate local_id=002, RE=14000, CG=3 =====
raw = -1.1*eta_h + -4.8*eta_y + -0.2
raw min/max = -5.0062196261066765 -0.22935570133275762
C_eff min/max = 0.02050550780555437 0.20869388933027638
lm min/max = 0.005195872362401884 0.10591825558713805

===== Linear candidate local_id=003, RE=14000, CG=3 =====
raw = -1.1*eta_h + -4.8*eta_y + -0.16
raw min/max = -4.966219626106676 -0.18935570133275761
C_eff min/max = 0.02050596657899515 0.23406108489330113
lm min/max = 0.005827441934278383 0.10592062531545779

===== Linear candidate local_id=004, RE=14000, CG=3 =====
raw = -1.1*eta_h + -4.8*eta_y + -0.14
raw min/max = -4.946219626106676 -0.16935570133275762
C_eff min/max = 0.020506210104270107 0.2480445214461922
lm min/max = 0.006175588934412069 0.1059218832102907

===== Linear candidate local_id=005, RE=14000, CG=3 =====
raw = -1.1*eta_h + -4.8*eta_y + -0.12
raw min/max = -4.926219626106676 -0.1493557013327576
C_eff min/max = 0.020506463570046218 0.2629660671110099
lm min/max = 0.006547092129704218 0.10592319245135466

===== Linear candidate local_id=006, RE=14000, CG=3 =====
raw = -1.1*eta_h + -4.8*eta_y + -0.08
raw min/max = -4.886219626106676 -0.10935570133275763
C_eff min/max = 0.02050700196307908 0.29585114154581066
lm min/max = 0.007365835073925736 0.1059259734432424

===== Linear candidate local_id=007, RE=14000, CG=3 =====
raw = -1*eta_h + -5.2*eta_y + -0.2
raw min/max = -5.405654205551524 -0.23071828704644534
C_eff min/max = 0.020502477494800914 0.20788711142748767
lm min/max = 0.0051757859333207605 0.10590260295215156
Running case in: /homes/aiskhak/projects/GP/runs/14000/3/cand_001 with fv_app_run.sh
Running case in: /homes/aiskhak/projects/GP/runs/14000/3/cand_005 with fv_app_run.sh
Running case in: /homes/aiskhak/projects/GP/runs/14000/3/cand_002 with fv_app_run.sh
Running case in: /homes/aiskhak/projects/GP/runs/14000/3/cand_004 with fv_app_run.sh
Running case in: /homes/aiskhak/projects/GP/runs/14000/3/cand_003 with fv_app_run.sh
Running case in: /homes/aiskhak/projects/GP/runs/14000/3/cand_000 with fv_app_run.sh
Running case in: /homes/aiskhak/projects/GP/runs/14000/3/cand_007 with fv_app_run.sh
Running case in: /homes/aiskhak/projects/GP/runs/14000/3/cand_006 with fv_app_run.sh
Return code = 0
Elapsed: 45.38 sec
has_err = False
has_conv = True
has_ss = False
has_fin = True
Using VPP file: /homes/aiskhak/projects/GP/runs/14000/3/cand_003/tamu_2d_fv_gp_csv_vpp_0002.csv
Return code = 0
Elapsed: 45.59 sec
has_err = False
has_conv = True
has_ss = False
has_fin = True
Using VPP file: /homes/aiskhak/projects/GP/runs/14000/3/cand_002/tamu_2d_fv_gp_csv_vpp_0002.csv
VPP columns: ('id', 'u', 'v', 'x', 'y', 'z')
coordinate check: max |r_res-r_cg| = 5.000444502911705e-12
coordinate check: max |z_res-z_cg| = 5.000444502911705e-12
VPP columns: ('id', 'u', 'v', 'x', 'y', 'z')
coordinate check: max |r_res-r_cg| = 5.000444502911705e-12
coordinate check: max |z_res-z_cg| = 5.000444502911705e-12
Return code = 0
Elapsed: 46.44 sec
has_err = False
has_conv = True
has_ss = False
has_fin = True
Using VPP file: /homes/aiskhak/projects/GP/runs/14000/3/cand_007/tamu_2d_fv_gp_csv_vpp_0002.csv
Return code = 0
Elapsed: 47.29 sec
has_err = False
has_conv = True
has_ss = False
has_fin = True
Using VPP file: /homes/aiskhak/projects/GP/runs/14000/3/cand_001/tamu_2d_fv_gp_csv_vpp_0002.csv
VPP columns: ('id', 'u', 'v', 'x', 'y', 'z')
coordinate check: max |r_res-r_cg| = 5.000444502911705e-12
coordinate check: max |z_res-z_cg| = 5.000444502911705e-12
VPP columns: ('id', 'u', 'v', 'x', 'y', 'z')
coordinate check: max |r_res-r_cg| = 5.000444502911705e-12
coordinate check: max |z_res-z_cg| = 5.000444502911705e-12
Return code = 0
Elapsed: 50.14 sec
has_err = False
has_conv = True
has_ss = False
has_fin = True
Using VPP file: /homes/aiskhak/projects/GP/runs/14000/3/cand_006/tamu_2d_fv_gp_csv_vpp_0002.csv
Return code = 0
Elapsed: 50.26 sec
has_err = False
has_conv = True
has_ss = False
has_fin = True
Using VPP file: /homes/aiskhak/projects/GP/runs/14000/3/cand_005/tamu_2d_fv_gp_csv_vpp_0002.csv
Return code = 0
Elapsed: 50.27 sec
has_err = False
has_conv = True
has_ss = False
has_fin = True
Using VPP file: /homes/aiskhak/projects/GP/runs/14000/3/cand_000/tamu_2d_fv_gp_csv_vpp_0002.csv
VPP columns: ('id', 'u', 'v', 'x', 'y', 'z')
coordinate check: max |r_res-r_cg| = 5.000444502911705e-12
coordinate check: max |z_res-z_cg| = 5.000444502911705e-12
VPP columns: ('id', 'u', 'v', 'x', 'y', 'z')
coordinate check: max |r_res-r_cg| = 5.000444502911705e-12
coordinate check: max |z_res-z_cg| = 5.000444502911705e-12
VPP columns: ('id', 'u', 'v', 'x', 'y', 'z')
coordinate check: max |r_res-r_cg| = 5.000444502911705e-12
coordinate check: max |z_res-z_cg| = 5.000444502911705e-12
Return code = 0
Elapsed: 55.25 sec
has_err = False
has_conv = True
has_ss = False
has_fin = True
Using VPP file: /homes/aiskhak/projects/GP/runs/14000/3/cand_004/tamu_2d_fv_gp_csv_vpp_0002.csv
VPP columns: ('id', 'u', 'v', 'x', 'y', 'z')
coordinate check: max |r_res-r_cg| = 5.000444502911705e-12
coordinate check: max |z_res-z_cg| = 5.000444502911705e-12

===== LIVE CHECKPOINT =====
Chunk 1, stage refine_train, candidate batch starting 8, case batch 17/18
Completed result rows: 376
Current best partial candidates:
  n_cases= 23, mean=0.44044612, raw = -1.1*eta_h + -4.8*eta_y + -0.14
  n_cases= 23, mean=0.44066629, raw = -1.1*eta_h + -4.8*eta_y + -0.12
  n_cases= 23, mean=0.44110447, raw = -1.1*eta_h + -4.8*eta_y + -0.16
  n_cases= 23, mean=0.44257434, raw = -1.1*eta_h + -5*eta_y + -0.12
  n_cases= 23, mean=0.44388715, raw = -1.1*eta_h + -4.8*eta_y + -0.08
Checkpoint details: /homes/aiskhak/projects/GP/linear_results_linear_refine_best_screen_C1etaH_C2etaY_C3_CeffMin005_chunk1/linear_refine_best_screen_C1etaH_C2etaY_C3_CeffMin005_chunk1_refine_train_details_checkpoint.csv
Checkpoint summary: /homes/aiskhak/projects/GP/linear_results_linear_refine_best_screen_C1etaH_C2etaY_C3_CeffMin005_chunk1/linear_refine_best_screen_C1etaH_C2etaY_C3_CeffMin005_chunk1_refine_train_summary_checkpoint.csv
===========================


===== Stage refine_train, candidate batch starting 8, case batch 18/18 =====
Running 8 tasks with 96 MPI ranks

===== Linear candidate local_id=000, RE=14000, CG=4 =====
raw = -1.1*eta_h + -5*eta_y + -0.12
raw min/max = -5.123102657986176 -0.13514966500654463
C_eff min/max = 0.0205043596054546 0.274165550768586
lm min/max = 0.0034200368442004092 0.10615854348748047

===== Linear candidate local_id=001, RE=14000, CG=4 =====
raw = -1.1*eta_h + -5*eta_y + -0.08
raw min/max = -5.083102657986176 -0.09514966500654462
C_eff min/max = 0.02050472273206941 0.308576979864796
lm min/max = 0.0038492970303934033 0.10616042352632449

===== Linear candidate local_id=002, RE=14000, CG=4 =====
raw = -1.1*eta_h + -4.8*eta_y + -0.2
raw min/max = -5.003102657986176 -0.21466778472572987
C_eff min/max = 0.020505542251209086 0.21762415183319445
lm min/max = 0.0027147196844056207 0.10616466647562416

===== Linear candidate local_id=003, RE=14000, CG=4 =====
raw = -1.1*eta_h + -4.8*eta_y + -0.16
raw min/max = -4.963102657986176 -0.17466778472572986
C_eff min/max = 0.020506003894085335 0.24424123936626635
lm min/max = 0.0030467505314366173 0.10616705656906267

===== Linear candidate local_id=004, RE=14000, CG=4 =====
raw = -1.1*eta_h + -4.8*eta_y + -0.14
raw min/max = -4.943102657986175 -0.15466778472572987
C_eff min/max = 0.020506248942526232 0.25890820771563083
lm min/max = 0.003229711417685552 0.106168325274161

===== Linear candidate local_id=005, RE=14000, CG=4 =====
raw = -1.1*eta_h + -4.8*eta_y + -0.12
raw min/max = -4.923102657986176 -0.13466778472572985
C_eff min/max = 0.020506503993655528 0.2745544906188754
lm min/max = 0.0034248886157466096 0.10616964576682314

===== Linear candidate local_id=006, RE=14000, CG=4 =====
raw = -1.1*eta_h + -4.8*eta_y + -0.08

===== Linear candidate local_id=007, RE=14000, CG=4 =====
raw min/max = -4.883102657986176 -0.09466778472572987
C_eff min/max = 0.02050704575422058 0.30901876413506985
lm min/max = 0.003854808001692639 0.10617245065873937
raw = -1*eta_h + -5.2*eta_y + -0.2
raw min/max = -5.402820598169251 -0.2153494854704343
C_eff min/max = 0.020502491575726537 0.21720006355076182
lm min/max = 0.002709429459039789 0.1061488720166841
Running case in: /homes/aiskhak/projects/GP/runs/14000/4/cand_001 with fv_app_run.sh
Running case in: /homes/aiskhak/projects/GP/runs/14000/4/cand_000 with fv_app_run.sh
Running case in: /homes/aiskhak/projects/GP/runs/14000/4/cand_003 with fv_app_run.sh
Running case in: /homes/aiskhak/projects/GP/runs/14000/4/cand_002 with fv_app_run.sh
Running case in: /homes/aiskhak/projects/GP/runs/14000/4/cand_005 with fv_app_run.sh
Running case in: /homes/aiskhak/projects/GP/runs/14000/4/cand_006 with fv_app_run.sh
Running case in: /homes/aiskhak/projects/GP/runs/14000/4/cand_004 with fv_app_run.sh
Running case in: /homes/aiskhak/projects/GP/runs/14000/4/cand_007 with fv_app_run.sh
Return code = 0
Elapsed: 116.75 sec
has_err = False
has_conv = True
has_ss = False
has_fin = True
Using VPP file: /homes/aiskhak/projects/GP/runs/14000/4/cand_005/tamu_2d_fv_gp_csv_vpp_0002.csv
Return code = 0
Elapsed: 119.47 sec
has_err = False
has_conv = True
has_ss = False
has_fin = True
Using VPP file: /homes/aiskhak/projects/GP/runs/14000/4/cand_000/tamu_2d_fv_gp_csv_vpp_0002.csv
VPP columns: ('id', 'u', 'v', 'x', 'y', 'z')
coordinate check: max |r_res-r_cg| = 5.000444502911705e-12
coordinate check: max |z_res-z_cg| = 5.000444502911705e-12
VPP columns: ('id', 'u', 'v', 'x', 'y', 'z')
coordinate check: max |r_res-r_cg| = 5.000444502911705e-12
coordinate check: max |z_res-z_cg| = 5.000444502911705e-12
Return code = 0
Elapsed: 129.69 sec
has_err = False
has_conv = True
has_ss = False
has_fin = True
Using VPP file: /homes/aiskhak/projects/GP/runs/14000/4/cand_001/tamu_2d_fv_gp_csv_vpp_0002.csv
Return code = 0
Elapsed: 129.93 sec
has_err = False
has_conv = True
has_ss = False
has_fin = True
Return code = 0
Elapsed: 129.98 sec
has_err = False
has_conv = True
has_ss = False
has_fin = True
Using VPP file: /homes/aiskhak/projects/GP/runs/14000/4/cand_006/tamu_2d_fv_gp_csv_vpp_0002.csv
Using VPP file: /homes/aiskhak/projects/GP/runs/14000/4/cand_004/tamu_2d_fv_gp_csv_vpp_0002.csv
VPP columns: ('id', 'u', 'v', 'x', 'y', 'z')
coordinate check: max |r_res-r_cg| = 5.000444502911705e-12
coordinate check: max |z_res-z_cg| = 5.000444502911705e-12
VPP columns: ('id', 'u', 'v', 'x', 'y', 'z')
coordinate check: max |r_res-r_cg| = 5.000444502911705e-12
coordinate check: max |z_res-z_cg| = 5.000444502911705e-12
VPP columns: ('id', 'u', 'v', 'x', 'y', 'z')
coordinate check: max |r_res-r_cg| = 5.000444502911705e-12
coordinate check: max |z_res-z_cg| = 5.000444502911705e-12
Return code = 0
Elapsed: 133.16 sec
has_err = False
has_conv = True
has_ss = False
has_fin = True
Using VPP file: /homes/aiskhak/projects/GP/runs/14000/4/cand_003/tamu_2d_fv_gp_csv_vpp_0002.csv
VPP columns: ('id', 'u', 'v', 'x', 'y', 'z')
coordinate check: max |r_res-r_cg| = 5.000444502911705e-12
coordinate check: max |z_res-z_cg| = 5.000444502911705e-12
Return code = 0
Elapsed: 154.36 sec
has_err = False
has_conv = True
has_ss = False
has_fin = True
Using VPP file: /homes/aiskhak/projects/GP/runs/14000/4/cand_002/tamu_2d_fv_gp_csv_vpp_0002.csv
VPP columns: ('id', 'u', 'v', 'x', 'y', 'z')
coordinate check: max |r_res-r_cg| = 5.000444502911705e-12
coordinate check: max |z_res-z_cg| = 5.000444502911705e-12
Return code = 0
Elapsed: 158.4 sec
has_err = False
has_conv = True
has_ss = False
has_fin = True
Using VPP file: /homes/aiskhak/projects/GP/runs/14000/4/cand_007/tamu_2d_fv_gp_csv_vpp_0002.csv
VPP columns: ('id', 'u', 'v', 'x', 'y', 'z')
coordinate check: max |r_res-r_cg| = 5.000444502911705e-12
coordinate check: max |z_res-z_cg| = 5.000444502911705e-12

===== LIVE CHECKPOINT =====
Chunk 1, stage refine_train, candidate batch starting 8, case batch 18/18
Completed result rows: 384
Current best partial candidates:
  n_cases= 24, mean=0.44551393, raw = -1.1*eta_h + -4.8*eta_y + -0.12
  n_cases= 24, mean=0.44578409, raw = -1.1*eta_h + -4.8*eta_y + -0.14
  n_cases= 24, mean=0.44693273, raw = -1.1*eta_h + -4.8*eta_y + -0.16
  n_cases= 24, mean=0.44733852, raw = -1.1*eta_h + -5*eta_y + -0.12
  n_cases= 24, mean=0.44777129, raw = -1.1*eta_h + -4.8*eta_y + -0.08
Checkpoint details: /homes/aiskhak/projects/GP/linear_results_linear_refine_best_screen_C1etaH_C2etaY_C3_CeffMin005_chunk1/linear_refine_best_screen_C1etaH_C2etaY_C3_CeffMin005_chunk1_refine_train_details_checkpoint.csv
Checkpoint summary: /homes/aiskhak/projects/GP/linear_results_linear_refine_best_screen_C1etaH_C2etaY_C3_CeffMin005_chunk1/linear_refine_best_screen_C1etaH_C2etaY_C3_CeffMin005_chunk1_refine_train_summary_checkpoint.csv
===========================


===== Candidate batch 16..23 =====

===== Stage refine_train, candidate batch starting 16, case batch 1/18 =====
Running 16 tasks with 64 MPI ranks

===== Linear candidate local_id=006, RE=3000, CG=2 =====

===== Linear candidate local_id=001, RE=3000, CG=2 =====

===== Linear candidate local_id=004, RE=3000, CG=1 =====

===== Linear candidate local_id=002, RE=3000, CG=1 =====

===== Linear candidate local_id=001, RE=3000, CG=1 =====

===== Linear candidate local_id=005, RE=3000, CG=2 =====

===== Linear candidate local_id=005, RE=3000, CG=1 =====

===== Linear candidate local_id=003, RE=3000, CG=1 =====

===== Linear candidate local_id=000, RE=3000, CG=1 =====

===== Linear candidate local_id=007, RE=3000, CG=1 =====

===== Linear candidate local_id=006, RE=3000, CG=1 =====

===== Linear candidate local_id=002, RE=3000, CG=2 =====

===== Linear candidate local_id=003, RE=3000, CG=2 =====

===== Linear candidate local_id=007, RE=3000, CG=2 =====

===== Linear candidate local_id=004, RE=3000, CG=2 =====

===== Linear candidate local_id=000, RE=3000, CG=2 =====
raw = -1*eta_h + -5.2*eta_y + -0.14
raw = -1*eta_h + -5.2*eta_y + -0.16
raw = -1*eta_h + -5*eta_y + -0.14
raw = -1*eta_h + -5.2*eta_y + -0.12
raw = -1*eta_h + -5.2*eta_y + -0.14
raw = -1*eta_h + -5.2*eta_y + -0.12
raw = -1*eta_h + -5*eta_y + -0.16
raw = -1*eta_h + -5.2*eta_y + -0.08
raw = -1*eta_h + -5*eta_y + -0.2
raw = -1*eta_h + -5*eta_y + -0.16
raw = -1*eta_h + -5.2*eta_y + -0.16
raw = -1*eta_h + -5*eta_y + -0.12
raw = -1*eta_h + -5.2*eta_y + -0.08
raw = -1*eta_h + -5*eta_y + -0.2
raw = -1*eta_h + -5*eta_y + -0.14
raw = -1*eta_h + -5*eta_y + -0.12
raw min/max = -5.371314138253862 -0.22126005928748468
raw min/max = -5.331314138253862 -0.18126005928748468
raw min/max = -5.171314138253861 -0.21933906232465303
C_eff min/max = 0.020502874660200007 0.2396118414815928
C_eff min/max = 0.020502653636291918 0.21356263476842488
lm min/max = 0.01188139616131767 0.1058466882155882
raw min/max = -5.362772529311599 -0.2623469743640255
lm min/max = 0.010589719828739675 0.10584554717321851
raw min/max = -5.131314138253861 -0.17933906232465302
C_eff min/max = 0.020502699360372297 0.1901443490367366
lm min/max = 0.018695953952960156 0.10527632089771466
raw min/max = -5.351314138253861 -0.2012600592874847
C_eff min/max = 0.020504288587595572 0.2409506118513731
raw min/max = -5.302772529311599 -0.2023469743640255
raw min/max = -5.142772529311599 -0.23851718801585522
C_eff min/max = 0.020502761938103197 0.22616090195690589
C_eff min/max = 0.020504191417935937 0.20333851693585916
lm min/max = 0.011214417683766057 0.1058461062844769
lm min/max = 0.019993271263410235 0.10528398224650132
C_eff min/max = 0.02050395884410494 0.21473709266377078
C_eff min/max = 0.02050304353733965 0.22545479658225281
lm min/max = 0.011947780447812188 0.1058539876569923
lm min/max = 0.02216785571976912 0.10527808816183067
lm min/max = 0.010647956514552482 0.10585228534660791
raw min/max = -5.342772529311599 -0.24234697436402547
raw min/max = -5.2113141382538615 -0.25933906232465304
C_eff min/max = 0.020503654455634315 0.19175300092979466
C_eff min/max = 0.020502809528387605 0.20114733270736143
raw min/max = -5.222772529311599 -0.31851718801585527
lm min/max = 0.019777822949295303 0.10527688658338992
lm min/max = 0.009508267016692605 0.10585071393225355
C_eff min/max = 0.020503571654799026 0.16287380626669679
lm min/max = 0.016014576281292457 0.10528079991515385
raw min/max = -5.2913141382538615 -0.1412600592874847
raw min/max = -5.182772529311599 -0.27851718801585523
C_eff min/max = 0.020503114094332402 0.26928554034807795
C_eff min/max = 0.020503869146153843 0.18176588913878927
lm min/max = 0.017872141406111958 0.10528232746012652
raw min/max = -5.1627725293115985 -0.2585171880158552
C_eff min/max = 0.020504027059335062 0.1921953385699531
lm min/max = 0.018897617615673636 0.10528313830549121
raw min/max = -5.382772529311599 -0.28234697436402545
C_eff min/max = 0.02050259351247813 0.17984646500406162
lm min/max = 0.01768341391870114 0.10527577739479942
raw min/max = -5.151314138253861 -0.19933906232465304
C_eff min/max = 0.020504120418413527 0.22741502420021925
lm min/max = 0.011276604607064132 0.10585311947868685
lm min/max = 0.013352796613083062 0.10584792430127764
Running case in: /homes/aiskhak/projects/GP/runs/3000/1/cand_007 with fv_app_run.sh
Running case in: /homes/aiskhak/projects/GP/runs/3000/1/cand_004 with fv_app_run.sh
Running case in: /homes/aiskhak/projects/GP/runs/3000/1/cand_002 with fv_app_run.sh
Running case in: /homes/aiskhak/projects/GP/runs/3000/1/cand_001 with fv_app_run.sh
Running case in: /homes/aiskhak/projects/GP/runs/3000/1/cand_005 with fv_app_run.sh
Running case in: /homes/aiskhak/projects/GP/runs/3000/1/cand_000 with fv_app_run.sh
Running case in: /homes/aiskhak/projects/GP/runs/3000/1/cand_006 with fv_app_run.sh
Running case in: /homes/aiskhak/projects/GP/runs/3000/1/cand_003 with fv_app_run.sh
Running case in: /homes/aiskhak/projects/GP/runs/3000/2/cand_006 with fv_app_run.sh
Running case in: /homes/aiskhak/projects/GP/runs/3000/2/cand_004 with fv_app_run.sh
Running case in: /homes/aiskhak/projects/GP/runs/3000/2/cand_005 with fv_app_run.sh
Running case in: /homes/aiskhak/projects/GP/runs/3000/2/cand_003 with fv_app_run.sh
Running case in: /homes/aiskhak/projects/GP/runs/3000/2/cand_002 with fv_app_run.sh
Running case in: /homes/aiskhak/projects/GP/runs/3000/2/cand_000 with fv_app_run.sh
Running case in: /homes/aiskhak/projects/GP/runs/3000/2/cand_001 with fv_app_run.sh
Running case in: /homes/aiskhak/projects/GP/runs/3000/2/cand_007 with fv_app_run.sh
Return code = 0
Elapsed: 14.93 sec
has_err = False
has_conv = True
has_ss = False
has_fin = True
Using VPP file: /homes/aiskhak/projects/GP/runs/3000/1/cand_002/tamu_2d_fv_gp_csv_vpp_0002.csv
Return code = 0
Elapsed: 14.97 sec
has_err = False
has_conv = True
has_ss = False
has_fin = True
Using VPP file: /homes/aiskhak/projects/GP/runs/3000/1/cand_001/tamu_2d_fv_gp_csv_vpp_0002.csv
Return code = 0
Elapsed: 15.17 sec
has_err = False
has_conv = True
has_ss = False
has_fin = True
Using VPP file: /homes/aiskhak/projects/GP/runs/3000/1/cand_004/tamu_2d_fv_gp_csv_vpp_0002.csv
Return code = 0
Elapsed: 15.23 sec
has_err = False
has_conv = True
has_ss = False
has_fin = True
Using VPP file: /homes/aiskhak/projects/GP/runs/3000/1/cand_000/tamu_2d_fv_gp_csv_vpp_0002.csv
Return code = 0
Return code = 0
Elapsed: 15.32 sec
Elapsed: 15.32 sec
has_err = False
has_conv = True
has_ss = False
has_fin = True
has_err = False
has_conv = True
has_ss = False
has_fin = True
Return code = 0
Elapsed: 15.33 sec
has_err = False
has_conv = True
has_ss = False
has_fin = True
Using VPP file: /homes/aiskhak/projects/GP/runs/3000/1/cand_006/tamu_2d_fv_gp_csv_vpp_0002.csv
Using VPP file: /homes/aiskhak/projects/GP/runs/3000/1/cand_007/tamu_2d_fv_gp_csv_vpp_0002.csv
Using VPP file: /homes/aiskhak/projects/GP/runs/3000/1/cand_005/tamu_2d_fv_gp_csv_vpp_0002.csv
VPP columns: ('id', 'u', 'v', 'x', 'y', 'z')
VPP columns: ('id', 'u', 'v', 'x', 'y', 'z')
VPP columns: ('id', 'u', 'v', 'x', 'y', 'z')
coordinate check: max |r_res-r_cg| = 5.000444502911705e-12
coordinate check: max |r_res-r_cg| = 5.000444502911705e-12
coordinate check: max |r_res-r_cg| = 5.000444502911705e-12
coordinate check: max |z_res-z_cg| = 5.000444502911705e-12
coordinate check: max |z_res-z_cg| = 5.000444502911705e-12
coordinate check: max |z_res-z_cg| = 5.000444502911705e-12
VPP columns: ('id', 'u', 'v', 'x', 'y', 'z')
coordinate check: max |r_res-r_cg| = 5.000444502911705e-12
coordinate check: max |z_res-z_cg| = 5.000444502911705e-12
VPP columns: ('id', 'u', 'v', 'x', 'y', 'z')
coordinate check: max |r_res-r_cg| = 5.000444502911705e-12
coordinate check: max |z_res-z_cg| = 5.000444502911705e-12
Return code = 0
Elapsed: 15.47 sec
has_err = False
has_conv = True
has_ss = False
has_fin = True
Using VPP file: /homes/aiskhak/projects/GP/runs/3000/1/cand_003/tamu_2d_fv_gp_csv_vpp_0002.csv
VPP columns: ('id', 'u', 'v', 'x', 'y', 'z')
coordinate check: max |r_res-r_cg| = 5.000444502911705e-12
coordinate check: max |z_res-z_cg| = 5.000444502911705e-12
VPP columns: ('id', 'u', 'v', 'x', 'y', 'z')
coordinate check: max |r_res-r_cg| = 5.000444502911705e-12
coordinate check: max |z_res-z_cg| = 5.000444502911705e-12
Return code = 0
Elapsed: 16.77 sec
has_err = False
has_conv = True
has_ss = False
has_fin = True
Using VPP file: /homes/aiskhak/projects/GP/runs/3000/2/cand_000/tamu_2d_fv_gp_csv_vpp_0002.csv
VPP columns: ('id', 'u', 'v', 'x', 'y', 'z')
coordinate check: max |r_res-r_cg| = 5.000444502911705e-12
coordinate check: max |z_res-z_cg| = 5.000444502911705e-12
VPP columns: ('id', 'u', 'v', 'x', 'y', 'z')
coordinate check: max |r_res-r_cg| = 5.000444502911705e-12
coordinate check: max |z_res-z_cg| = 5.000444502911705e-12
Return code = 0
Elapsed: 16.87 sec
has_err = False
has_conv = True
has_ss = False
has_fin = True
Using VPP file: /homes/aiskhak/projects/GP/runs/3000/2/cand_007/tamu_2d_fv_gp_csv_vpp_0002.csv
VPP columns: ('id', 'u', 'v', 'x', 'y', 'z')
coordinate check: max |r_res-r_cg| = 5.000444502911705e-12
coordinate check: max |z_res-z_cg| = 5.000444502911705e-12
Return code = 0
Elapsed: 18.73 sec
has_err = False
has_conv = True
has_ss = False
has_fin = True
Return code = 0
Elapsed: 18.73 sec
has_err = False
has_conv = True
has_ss = False
has_fin = True
Using VPP file: /homes/aiskhak/projects/GP/runs/3000/2/cand_003/tamu_2d_fv_gp_csv_vpp_0002.csv
Return code = 0
Elapsed: 18.83 sec
has_err = False
has_conv = True
has_ss = False
has_fin = True
Using VPP file: /homes/aiskhak/projects/GP/runs/3000/2/cand_005/tamu_2d_fv_gp_csv_vpp_0002.csv
Using VPP file: /homes/aiskhak/projects/GP/runs/3000/2/cand_001/tamu_2d_fv_gp_csv_vpp_0002.csv
VPP columns: ('id', 'u', 'v', 'x', 'y', 'z')
coordinate check: max |r_res-r_cg| = 5.000444502911705e-12
coordinate check: max |z_res-z_cg| = 5.000444502911705e-12
Return code = 0
Elapsed: 19.03 sec
has_err = False
has_conv = True
has_ss = False
has_fin = True
Return code = 0
Elapsed: 19.03 sec
has_err = False
has_conv = True
has_ss = False
has_fin = True
Using VPP file: /homes/aiskhak/projects/GP/runs/3000/2/cand_004/tamu_2d_fv_gp_csv_vpp_0002.csv
Using VPP file: /homes/aiskhak/projects/GP/runs/3000/2/cand_002/tamu_2d_fv_gp_csv_vpp_0002.csv
VPP columns: ('id', 'u', 'v', 'x', 'y', 'z')
coordinate check: max |r_res-r_cg| = 5.000444502911705e-12
coordinate check: max |z_res-z_cg| = 5.000444502911705e-12
Return code = 0
Elapsed: 19.13 sec
has_err = False
has_conv = True
has_ss = False
has_fin = True
Using VPP file: /homes/aiskhak/projects/GP/runs/3000/2/cand_006/tamu_2d_fv_gp_csv_vpp_0002.csv
VPP columns: ('id', 'u', 'v', 'x', 'y', 'z')
coordinate check: max |r_res-r_cg| = 5.000444502911705e-12
coordinate check: max |z_res-z_cg| = 5.000444502911705e-12
VPP columns: ('id', 'u', 'v', 'x', 'y', 'z')
coordinate check: max |r_res-r_cg| = 5.000444502911705e-12
coordinate check: max |z_res-z_cg| = 5.000444502911705e-12
VPP columns: ('id', 'u', 'v', 'x', 'y', 'z')
coordinate check: max |r_res-r_cg| = 5.000444502911705e-12
coordinate check: max |z_res-z_cg| = 5.000444502911705e-12
VPP columns: ('id', 'u', 'v', 'x', 'y', 'z')
coordinate check: max |r_res-r_cg| = 5.000444502911705e-12
coordinate check: max |z_res-z_cg| = 5.000444502911705e-12

===== LIVE CHECKPOINT =====
Chunk 1, stage refine_train, candidate batch starting 16, case batch 1/18
Completed result rows: 400
Current best partial candidates:
  n_cases= 24, mean=0.44551393, raw = -1.1*eta_h + -4.8*eta_y + -0.12
  n_cases= 24, mean=0.44578409, raw = -1.1*eta_h + -4.8*eta_y + -0.14
  n_cases= 24, mean=0.44693273, raw = -1.1*eta_h + -4.8*eta_y + -0.16
  n_cases= 24, mean=0.44733852, raw = -1.1*eta_h + -5*eta_y + -0.12
  n_cases= 24, mean=0.44777129, raw = -1.1*eta_h + -4.8*eta_y + -0.08
Checkpoint details: /homes/aiskhak/projects/GP/linear_results_linear_refine_best_screen_C1etaH_C2etaY_C3_CeffMin005_chunk1/linear_refine_best_screen_C1etaH_C2etaY_C3_CeffMin005_chunk1_refine_train_details_checkpoint.csv
Checkpoint summary: /homes/aiskhak/projects/GP/linear_results_linear_refine_best_screen_C1etaH_C2etaY_C3_CeffMin005_chunk1/linear_refine_best_screen_C1etaH_C2etaY_C3_CeffMin005_chunk1_refine_train_summary_checkpoint.csv
===========================


===== Stage refine_train, candidate batch starting 16, case batch 2/18 =====
Running 8 tasks with 64 MPI ranks

===== Linear candidate local_id=000, RE=3000, CG=3 =====

===== Linear candidate local_id=006, RE=3000, CG=3 =====

===== Linear candidate local_id=001, RE=3000, CG=3 =====
raw = -1*eta_h + -5.2*eta_y + -0.14
raw = -1*eta_h + -5.2*eta_y + -0.16

===== Linear candidate local_id=002, RE=3000, CG=3 =====
raw = -1*eta_h + -5*eta_y + -0.14
raw = -1*eta_h + -5.2*eta_y + -0.12

===== Linear candidate local_id=004, RE=3000, CG=3 =====

===== Linear candidate local_id=005, RE=3000, CG=3 =====

===== Linear candidate local_id=007, RE=3000, CG=3 =====
raw = -1*eta_h + -5*eta_y + -0.12
raw = -1*eta_h + -5*eta_y + -0.16
raw = -1*eta_h + -5*eta_y + -0.2

===== Linear candidate local_id=003, RE=3000, CG=3 =====
raw = -1*eta_h + -5.2*eta_y + -0.08
raw min/max = -5.145654205551524 -0.1697542839120253
raw min/max = -5.345654205551524 -0.17071828704644534
C_eff min/max = 0.020504167329164144 0.2477568658138821
C_eff min/max = 0.02050279338192389 0.24706268551367763
lm min/max = 0.006168427143740545 0.10591133154886236
lm min/max = 0.00615114406828524 0.10590423462171787
raw min/max = -5.365654205551524 -0.19071828704644533
C_eff min/max = 0.02050268384707585 0.23314116395490192
lm min/max = 0.005804538571871548 0.10590366883519163
raw min/max = -5.325654205551524 -0.15071828704644533
raw min/max = -5.285654205551524 -0.11071828704644532
C_eff min/max = 0.020503149547549213 0.2946604023447589
C_eff min/max = 0.020502907387387918 0.2619185525798041
lm min/max = 0.007336189122501723 0.10590607434410329
lm min/max = 0.006521012057022775 0.10590482350056894
raw min/max = -5.165654205551524 -0.18975428391202528
raw min/max = -5.125654205551524 -0.14975428391202528
C_eff min/max = 0.020504337413078527 0.26265917216573836
lm min/max = 0.0065394513359588215 0.1059122100928948
raw min/max = -5.205654205551524 -0.2297542839120253
C_eff min/max = 0.020503696061104273 0.2084575163528073
lm min/max = 0.005189987361049944 0.10590889728138218
C_eff min/max = 0.020504003915220764 0.23379156660215636
lm min/max = 0.0058207317107801535 0.10591048745760719
Running case in: /homes/aiskhak/projects/GP/runs/3000/3/cand_003 with fv_app_run.sh
Running case in: /homes/aiskhak/projects/GP/runs/3000/3/cand_002 with fv_app_run.sh
Running case in: /homes/aiskhak/projects/GP/runs/3000/3/cand_007 with fv_app_run.sh
Running case in: /homes/aiskhak/projects/GP/runs/3000/3/cand_000 with fv_app_run.sh
Running case in: /homes/aiskhak/projects/GP/runs/3000/3/cand_006 with fv_app_run.sh
Running case in: /homes/aiskhak/projects/GP/runs/3000/3/cand_001 with fv_app_run.sh
Running case in: /homes/aiskhak/projects/GP/runs/3000/3/cand_004 with fv_app_run.sh
Running case in: /homes/aiskhak/projects/GP/runs/3000/3/cand_005 with fv_app_run.sh
Return code = 0
Elapsed: 20.62 sec
has_err = False
has_conv = True
has_ss = False
has_fin = True
Using VPP file: /homes/aiskhak/projects/GP/runs/3000/3/cand_003/tamu_2d_fv_gp_csv_vpp_0002.csv
VPP columns: ('id', 'u', 'v', 'x', 'y', 'z')
coordinate check: max |r_res-r_cg| = 5.000444502911705e-12
coordinate check: max |z_res-z_cg| = 5.000444502911705e-12
Return code = 0
Elapsed: 21.14 sec
has_err = False
has_conv = True
has_ss = False
has_fin = True
Using VPP file: /homes/aiskhak/projects/GP/runs/3000/3/cand_000/tamu_2d_fv_gp_csv_vpp_0002.csv
Return code = 0
Elapsed: 21.32 sec
has_err = False
has_conv = True
has_ss = False
has_fin = True
Using VPP file: /homes/aiskhak/projects/GP/runs/3000/3/cand_007/tamu_2d_fv_gp_csv_vpp_0002.csv
VPP columns: ('id', 'u', 'v', 'x', 'y', 'z')
coordinate check: max |r_res-r_cg| = 5.000444502911705e-12
coordinate check: max |z_res-z_cg| = 5.000444502911705e-12
VPP columns: ('id', 'u', 'v', 'x', 'y', 'z')
coordinate check: max |r_res-r_cg| = 5.000444502911705e-12
coordinate check: max |z_res-z_cg| = 5.000444502911705e-12
Return code = 0
Elapsed: 22.43 sec
has_err = False
has_conv = True
has_ss = False
has_fin = True
Using VPP file: /homes/aiskhak/projects/GP/runs/3000/3/cand_002/tamu_2d_fv_gp_csv_vpp_0002.csv
Return code = 0
Elapsed: 24.19 sec
has_err = False
has_conv = True
has_ss = False
has_fin = True
Using VPP file: /homes/aiskhak/projects/GP/runs/3000/3/cand_006/tamu_2d_fv_gp_csv_vpp_0002.csv
VPP columns: ('id', 'u', 'v', 'x', 'y', 'z')
coordinate check: max |r_res-r_cg| = 5.000444502911705e-12
coordinate check: max |z_res-z_cg| = 5.000444502911705e-12
Return code = 0
Elapsed: 24.82 sec
has_err = False
has_conv = True
has_ss = False
has_fin = True
Using VPP file: /homes/aiskhak/projects/GP/runs/3000/3/cand_001/tamu_2d_fv_gp_csv_vpp_0002.csv
VPP columns: ('id', 'u', 'v', 'x', 'y', 'z')
coordinate check: max |r_res-r_cg| = 5.000444502911705e-12
coordinate check: max |z_res-z_cg| = 5.000444502911705e-12
Return code = 0
Elapsed: 24.94 sec
has_err = False
has_conv = True
has_ss = False
has_fin = True
Using VPP file: /homes/aiskhak/projects/GP/runs/3000/3/cand_005/tamu_2d_fv_gp_csv_vpp_0002.csv
Return code = 0
Elapsed: 25.31 sec
has_err = False
has_conv = True
has_ss = False
has_fin = True
Using VPP file: /homes/aiskhak/projects/GP/runs/3000/3/cand_004/tamu_2d_fv_gp_csv_vpp_0002.csv
VPP columns: ('id', 'u', 'v', 'x', 'y', 'z')
coordinate check: max |r_res-r_cg| = 5.000444502911705e-12
coordinate check: max |z_res-z_cg| = 5.000444502911705e-12
VPP columns: ('id', 'u', 'v', 'x', 'y', 'z')
coordinate check: max |r_res-r_cg| = 5.000444502911705e-12
coordinate check: max |z_res-z_cg| = 5.000444502911705e-12
VPP columns: ('id', 'u', 'v', 'x', 'y', 'z')
coordinate check: max |r_res-r_cg| = 5.000444502911705e-12
coordinate check: max |z_res-z_cg| = 5.000444502911705e-12

===== LIVE CHECKPOINT =====
Chunk 1, stage refine_train, candidate batch starting 16, case batch 2/18
Completed result rows: 408
Current best partial candidates:
  n_cases= 24, mean=0.44551393, raw = -1.1*eta_h + -4.8*eta_y + -0.12
  n_cases= 24, mean=0.44578409, raw = -1.1*eta_h + -4.8*eta_y + -0.14
  n_cases= 24, mean=0.44693273, raw = -1.1*eta_h + -4.8*eta_y + -0.16
  n_cases= 24, mean=0.44733852, raw = -1.1*eta_h + -5*eta_y + -0.12
  n_cases= 24, mean=0.44777129, raw = -1.1*eta_h + -4.8*eta_y + -0.08
Checkpoint details: /homes/aiskhak/projects/GP/linear_results_linear_refine_best_screen_C1etaH_C2etaY_C3_CeffMin005_chunk1/linear_refine_best_screen_C1etaH_C2etaY_C3_CeffMin005_chunk1_refine_train_details_checkpoint.csv
Checkpoint summary: /homes/aiskhak/projects/GP/linear_results_linear_refine_best_screen_C1etaH_C2etaY_C3_CeffMin005_chunk1/linear_refine_best_screen_C1etaH_C2etaY_C3_CeffMin005_chunk1_refine_train_summary_checkpoint.csv
===========================


===== Stage refine_train, candidate batch starting 16, case batch 3/18 =====
Running 8 tasks with 96 MPI ranks

===== Linear candidate local_id=000, RE=3000, CG=4 =====
raw = -1*eta_h + -5.2*eta_y + -0.16

===== Linear candidate local_id=001, RE=3000, CG=4 =====
raw = -1*eta_h + -5.2*eta_y + -0.14

===== Linear candidate local_id=002, RE=3000, CG=4 =====
raw = -1*eta_h + -5.2*eta_y + -0.12

===== Linear candidate local_id=003, RE=3000, CG=4 =====
raw = -1*eta_h + -5.2*eta_y + -0.08

===== Linear candidate local_id=004, RE=3000, CG=4 =====
raw = -1*eta_h + -5*eta_y + -0.2

===== Linear candidate local_id=005, RE=3000, CG=4 =====
raw = -1*eta_h + -5*eta_y + -0.16
raw min/max = -5.282820598169251 -0.09534948547043431
C_eff min/max = 0.020503167448305947 0.3083939830667195
lm min/max = 0.0038470142644148266 0.10615237125538231
raw min/max = -5.202820598169251 -0.21486760518961956
C_eff min/max = 0.020503717068210976 0.21749974446262496
raw min/max = -5.162820598169251 -0.17486760518961955
C_eff min/max = 0.02050402667217606 0.24409945189186216
lm min/max = 0.0027131677834106014 0.10615521683796632
lm min/max = 0.0030449818249556277 0.10615681977054377
raw min/max = -5.362820598169251 -0.1753494854704343
C_eff min/max = 0.020502699100863053 0.24375790081051021
lm min/max = 0.003040721197465684 0.10614994644995847
raw min/max = -5.342820598169251 -0.1553494854704343
C_eff min/max = 0.020502809258286632 0.2583924851830409
lm min/max = 0.003223278114676121 0.10615051677509256

===== Linear candidate local_id=006, RE=3000, CG=4 =====
raw = -1*eta_h + -5*eta_y + -0.14
raw min/max = -5.322820598169251 -0.1353494854704343
C_eff min/max = 0.02050292391173869 0.2740044461442203
lm min/max = 0.0034180271688434684 0.10615111037780489
raw min/max = -5.1428205981692505 -0.15486760518961956
C_eff min/max = 0.02050419101497453 0.2587569211181037
lm min/max = 0.0032278242158247567 0.10615767063311415

===== Linear candidate local_id=007, RE=3000, CG=4 =====
raw = -1*eta_h + -5*eta_y + -0.12
raw min/max = -5.122820598169251 -0.13486760518961954
C_eff min/max = 0.020504362065661787 0.27439313658581316
lm min/max = 0.0034228758291784717 0.10615855622486982
Running case in: /homes/aiskhak/projects/GP/runs/3000/4/cand_001 with fv_app_run.sh
Running case in: /homes/aiskhak/projects/GP/runs/3000/4/cand_002 with fv_app_run.sh
Running case in: /homes/aiskhak/projects/GP/runs/3000/4/cand_004 with fv_app_run.sh
Running case in: /homes/aiskhak/projects/GP/runs/3000/4/cand_006 with fv_app_run.sh
Running case in: /homes/aiskhak/projects/GP/runs/3000/4/cand_000 with fv_app_run.sh
Running case in: /homes/aiskhak/projects/GP/runs/3000/4/cand_005 with fv_app_run.sh
Running case in: /homes/aiskhak/projects/GP/runs/3000/4/cand_007 with fv_app_run.sh
Running case in: /homes/aiskhak/projects/GP/runs/3000/4/cand_003 with fv_app_run.sh
Return code = 0
Elapsed: 66.12 sec
has_err = False
has_conv = True
has_ss = False
has_fin = True
Using VPP file: /homes/aiskhak/projects/GP/runs/3000/4/cand_001/tamu_2d_fv_gp_csv_vpp_0002.csv
Return code = 0
Elapsed: 65.59 sec
has_err = False
has_conv = True
has_ss = False
has_fin = True
Using VPP file: /homes/aiskhak/projects/GP/runs/3000/4/cand_000/tamu_2d_fv_gp_csv_vpp_0002.csv
Return code = 0
Return code = 0
Elapsed: 65.99 sec
Elapsed: 65.54 sec
has_err = False
has_conv = True
has_ss = False
has_fin = True
has_err = False
has_conv = True
has_ss = False
has_fin = True
Return code = 0
Elapsed: 65.43 sec
has_err = False
has_conv = True
has_ss = False
has_fin = True
Return code = 0
Elapsed: 65.93 sec
has_err = False
has_conv = True
has_ss = False
has_fin = True
Return code = 0
Elapsed: 67.28 sec
has_err = False
has_conv = True
has_ss = False
has_fin = True
Using VPP file: /homes/aiskhak/projects/GP/runs/3000/4/cand_004/tamu_2d_fv_gp_csv_vpp_0002.csv
Using VPP file: /homes/aiskhak/projects/GP/runs/3000/4/cand_005/tamu_2d_fv_gp_csv_vpp_0002.csv
Using VPP file: /homes/aiskhak/projects/GP/runs/3000/4/cand_007/tamu_2d_fv_gp_csv_vpp_0002.csv
Using VPP file: /homes/aiskhak/projects/GP/runs/3000/4/cand_006/tamu_2d_fv_gp_csv_vpp_0002.csv
Using VPP file: /homes/aiskhak/projects/GP/runs/3000/4/cand_002/tamu_2d_fv_gp_csv_vpp_0002.csv
VPP columns: ('id', 'u', 'v', 'x', 'y', 'z')
coordinate check: max |r_res-r_cg| = 5.000444502911705e-12
coordinate check: max |z_res-z_cg| = 5.000444502911705e-12
VPP columns: ('id', 'u', 'v', 'x', 'y', 'z')
coordinate check: max |r_res-r_cg| = 5.000444502911705e-12
coordinate check: max |z_res-z_cg| = 5.000444502911705e-12
VPP columns: ('id', 'u', 'v', 'x', 'y', 'z')
coordinate check: max |r_res-r_cg| = 5.000444502911705e-12
coordinate check: max |z_res-z_cg| = 5.000444502911705e-12
VPP columns: ('id', 'u', 'v', 'x', 'y', 'z')
coordinate check: max |r_res-r_cg| = 5.000444502911705e-12
coordinate check: max |z_res-z_cg| = 5.000444502911705e-12
VPP columns: ('id', 'u', 'v', 'x', 'y', 'z')
coordinate check: max |r_res-r_cg| = 5.000444502911705e-12
coordinate check: max |z_res-z_cg| = 5.000444502911705e-12
Return code = 0
Elapsed: 69.75 sec
has_err = False
has_conv = True
has_ss = False
has_fin = True
Using VPP file: /homes/aiskhak/projects/GP/runs/3000/4/cand_003/tamu_2d_fv_gp_csv_vpp_0002.csv
VPP columns: ('id', 'u', 'v', 'x', 'y', 'z')
coordinate check: max |r_res-r_cg| = 5.000444502911705e-12
coordinate check: max |z_res-z_cg| = 5.000444502911705e-12
VPP columns: ('id', 'u', 'v', 'x', 'y', 'z')
coordinate check: max |r_res-r_cg| = 5.000444502911705e-12
coordinate check: max |z_res-z_cg| = 5.000444502911705e-12
VPP columns: ('id', 'u', 'v', 'x', 'y', 'z')
coordinate check: max |r_res-r_cg| = 5.000444502911705e-12
coordinate check: max |z_res-z_cg| = 5.000444502911705e-12

===== LIVE CHECKPOINT =====
Chunk 1, stage refine_train, candidate batch starting 16, case batch 3/18
Completed result rows: 416
Current best partial candidates:
  n_cases= 24, mean=0.44551393, raw = -1.1*eta_h + -4.8*eta_y + -0.12
  n_cases= 24, mean=0.44578409, raw = -1.1*eta_h + -4.8*eta_y + -0.14
  n_cases= 24, mean=0.44693273, raw = -1.1*eta_h + -4.8*eta_y + -0.16
  n_cases= 24, mean=0.44733852, raw = -1.1*eta_h + -5*eta_y + -0.12
  n_cases= 24, mean=0.44777129, raw = -1.1*eta_h + -4.8*eta_y + -0.08
Checkpoint details: /homes/aiskhak/projects/GP/linear_results_linear_refine_best_screen_C1etaH_C2etaY_C3_CeffMin005_chunk1/linear_refine_best_screen_C1etaH_C2etaY_C3_CeffMin005_chunk1_refine_train_details_checkpoint.csv
Checkpoint summary: /homes/aiskhak/projects/GP/linear_results_linear_refine_best_screen_C1etaH_C2etaY_C3_CeffMin005_chunk1/linear_refine_best_screen_C1etaH_C2etaY_C3_CeffMin005_chunk1_refine_train_summary_checkpoint.csv
===========================


===== Stage refine_train, candidate batch starting 16, case batch 4/18 =====
Running 16 tasks with 64 MPI ranks

===== Linear candidate local_id=000, RE=3413, CG=1 =====
raw = -1*eta_h + -5.2*eta_y + -0.16
raw min/max = -5.382772529311599 -0.28234697436402545
C_eff min/max = 0.02050259351247813 0.17984646500406162
lm min/max = 0.01768341391870114 0.10527577739479942

===== Linear candidate local_id=000, RE=3413, CG=2 =====
raw = -1*eta_h + -5.2*eta_y + -0.16
raw min/max = -5.371314138253862 -0.22126005928748468
C_eff min/max = 0.020502653636291918 0.21356263476842488
lm min/max = 0.010589719828739675 0.10584554717321851

===== Linear candidate local_id=001, RE=3413, CG=1 =====
raw = -1*eta_h + -5.2*eta_y + -0.14

===== Linear candidate local_id=001, RE=3413, CG=2 =====
raw = -1*eta_h + -5.2*eta_y + -0.14
raw min/max = -5.351314138253861 -0.2012600592874847
C_eff min/max = 0.020502761938103197 0.22616090195690589
lm min/max = 0.011214417683766057 0.1058461062844769
raw min/max = -5.362772529311599 -0.2623469743640255
C_eff min/max = 0.020502699360372297 0.1901443490367366
lm min/max = 0.018695953952960156 0.10527632089771466

===== Linear candidate local_id=002, RE=3413, CG=1 =====
raw = -1*eta_h + -5.2*eta_y + -0.12
raw min/max = -5.342772529311599 -0.24234697436402547
C_eff min/max = 0.020502809528387605 0.20114733270736143
lm min/max = 0.019777822949295303 0.10527688658338992

===== Linear candidate local_id=002, RE=3413, CG=2 =====
raw = -1*eta_h + -5.2*eta_y + -0.12
Running case in: /homes/aiskhak/projects/GP/runs/3413/1/cand_000 with fv_app_run.sh
raw min/max = -5.331314138253862 -0.18126005928748468
C_eff min/max = 0.020502874660200007 0.2396118414815928
lm min/max = 0.01188139616131767 0.1058466882155882
Running case in: /homes/aiskhak/projects/GP/runs/3413/1/cand_002 with fv_app_run.sh

===== Linear candidate local_id=003, RE=3413, CG=2 =====
raw = -1*eta_h + -5.2*eta_y + -0.08
Running case in: /homes/aiskhak/projects/GP/runs/3413/1/cand_001 with fv_app_run.sh
raw min/max = -5.2913141382538615 -0.1412600592874847
C_eff min/max = 0.020503114094332402 0.26928554034807795
lm min/max = 0.013352796613083062 0.10584792430127764

===== Linear candidate local_id=004, RE=3413, CG=2 =====
raw = -1*eta_h + -5*eta_y + -0.2

===== Linear candidate local_id=003, RE=3413, CG=1 =====
raw min/max = -5.2113141382538615 -0.25933906232465304
C_eff min/max = 0.020503654455634315 0.19175300092979466
lm min/max = 0.009508267016692605 0.10585071393225355

===== Linear candidate local_id=005, RE=3413, CG=2 =====
raw = -1*eta_h + -5*eta_y + -0.16
raw = -1*eta_h + -5.2*eta_y + -0.08

===== Linear candidate local_id=005, RE=3413, CG=1 =====
raw = -1*eta_h + -5*eta_y + -0.16
raw min/max = -5.171314138253861 -0.21933906232465303
C_eff min/max = 0.02050395884410494 0.21473709266377078
lm min/max = 0.010647956514552482 0.10585228534660791
raw min/max = -5.302772529311599 -0.2023469743640255
C_eff min/max = 0.02050304353733965 0.22545479658225281
lm min/max = 0.02216785571976912 0.10527808816183067
raw min/max = -5.182772529311599 -0.27851718801585523
C_eff min/max = 0.020503869146153843 0.18176588913878927
lm min/max = 0.017872141406111958 0.10528232746012652

===== Linear candidate local_id=006, RE=3413, CG=1 =====
raw = -1*eta_h + -5*eta_y + -0.14
raw min/max = -5.1627725293115985 -0.2585171880158552
C_eff min/max = 0.020504027059335062 0.1921953385699531
lm min/max = 0.018897617615673636 0.10528313830549121
Running case in: /homes/aiskhak/projects/GP/runs/3413/2/cand_002 with fv_app_run.sh
Running case in: /homes/aiskhak/projects/GP/runs/3413/1/cand_006 with fv_app_run.sh
Running case in: /homes/aiskhak/projects/GP/runs/3413/2/cand_000 with fv_app_run.sh
Running case in: /homes/aiskhak/projects/GP/runs/3413/2/cand_001 with fv_app_run.sh

===== Linear candidate local_id=004, RE=3413, CG=1 =====
raw = -1*eta_h + -5*eta_y + -0.2

===== Linear candidate local_id=007, RE=3413, CG=1 =====
raw = -1*eta_h + -5*eta_y + -0.12
raw min/max = -5.142772529311599 -0.23851718801585522
C_eff min/max = 0.020504191417935937 0.20333851693585916
raw min/max = -5.222772529311599 -0.31851718801585527
C_eff min/max = 0.020503571654799026 0.16287380626669679
lm min/max = 0.016014576281292457 0.10528079991515385
lm min/max = 0.019993271263410235 0.10528398224650132
Running case in: /homes/aiskhak/projects/GP/runs/3413/1/cand_003 with fv_app_run.sh

===== Linear candidate local_id=006, RE=3413, CG=2 =====
raw = -1*eta_h + -5*eta_y + -0.14

===== Linear candidate local_id=007, RE=3413, CG=2 =====
raw = -1*eta_h + -5*eta_y + -0.12
raw min/max = -5.131314138253861 -0.17933906232465302
C_eff min/max = 0.020504288587595572 0.2409506118513731
lm min/max = 0.011947780447812188 0.1058539876569923
Running case in: /homes/aiskhak/projects/GP/runs/3413/1/cand_005 with fv_app_run.sh
raw min/max = -5.151314138253861 -0.19933906232465304
C_eff min/max = 0.020504120418413527 0.22741502420021925
lm min/max = 0.011276604607064132 0.10585311947868685
Running case in: /homes/aiskhak/projects/GP/runs/3413/1/cand_004 with fv_app_run.sh
Running case in: /homes/aiskhak/projects/GP/runs/3413/2/cand_003 with fv_app_run.sh
Running case in: /homes/aiskhak/projects/GP/runs/3413/1/cand_007 with fv_app_run.sh
Running case in: /homes/aiskhak/projects/GP/runs/3413/2/cand_005 with fv_app_run.sh
Running case in: /homes/aiskhak/projects/GP/runs/3413/2/cand_004 with fv_app_run.sh
Running case in: /homes/aiskhak/projects/GP/runs/3413/2/cand_007 with fv_app_run.sh
Running case in: /homes/aiskhak/projects/GP/runs/3413/2/cand_006 with fv_app_run.sh
Return code = 0
Elapsed: 10.74 sec
has_err = False
has_conv = True
has_ss = False
has_fin = True
Using VPP file: /homes/aiskhak/projects/GP/runs/3413/1/cand_006/tamu_2d_fv_gp_csv_vpp_0002.csv
VPP columns: ('id', 'u', 'v', 'x', 'y', 'z')
coordinate check: max |r_res-r_cg| = 5.000444502911705e-12
coordinate check: max |z_res-z_cg| = 5.000444502911705e-12
Return code = 0
Elapsed: 13.47 sec
Return code = 0
Elapsed: 13.68 sec
has_err = False
has_conv = True
has_ss = False
has_fin = True
has_err = False
has_conv = True
has_ss = False
has_fin = True
Using VPP file: /homes/aiskhak/projects/GP/runs/3413/1/cand_003/tamu_2d_fv_gp_csv_vpp_0002.csv
Using VPP file: /homes/aiskhak/projects/GP/runs/3413/1/cand_000/tamu_2d_fv_gp_csv_vpp_0002.csv
VPP columns: ('id', 'u', 'v', 'x', 'y', 'z')
coordinate check: max |r_res-r_cg| = 5.000444502911705e-12
coordinate check: max |z_res-z_cg| = 5.000444502911705e-12
VPP columns: ('id', 'u', 'v', 'x', 'y', 'z')
coordinate check: max |r_res-r_cg| = 5.000444502911705e-12
coordinate check: max |z_res-z_cg| = 5.000444502911705e-12
Return code = 0
Elapsed: 14.2 sec
has_err = False
has_conv = True
has_ss = False
has_fin = True
Using VPP file: /homes/aiskhak/projects/GP/runs/3413/1/cand_001/tamu_2d_fv_gp_csv_vpp_0002.csv
VPP columns: ('id', 'u', 'v', 'x', 'y', 'z')
coordinate check: max |r_res-r_cg| = 5.000444502911705e-12
coordinate check: max |z_res-z_cg| = 5.000444502911705e-12
Return code = 0
Elapsed: 14.26 sec
has_err = False
has_conv = True
has_ss = False
has_fin = True
Using VPP file: /homes/aiskhak/projects/GP/runs/3413/1/cand_005/tamu_2d_fv_gp_csv_vpp_0002.csv
Return code = 0
Elapsed: 14.35 sec
has_err = False
has_conv = True
has_ss = False
has_fin = True
Using VPP file: /homes/aiskhak/projects/GP/runs/3413/1/cand_004/tamu_2d_fv_gp_csv_vpp_0002.csv
VPP columns: ('id', 'u', 'v', 'x', 'y', 'z')
coordinate check: max |r_res-r_cg| = 5.000444502911705e-12
coordinate check: max |z_res-z_cg| = 5.000444502911705e-12
VPP columns: ('id', 'u', 'v', 'x', 'y', 'z')
coordinate check: max |r_res-r_cg| = 5.000444502911705e-12
coordinate check: max |z_res-z_cg| = 5.000444502911705e-12
Return code = 0
Elapsed: 14.3 sec
has_err = False
has_conv = True
has_ss = False
has_fin = True
Using VPP file: /homes/aiskhak/projects/GP/runs/3413/1/cand_007/tamu_2d_fv_gp_csv_vpp_0002.csv
VPP columns: ('id', 'u', 'v', 'x', 'y', 'z')
coordinate check: max |r_res-r_cg| = 5.000444502911705e-12
coordinate check: max |z_res-z_cg| = 5.000444502911705e-12
Return code = 0
Elapsed: 15.01 sec
has_err = False
has_conv = True
has_ss = False
has_fin = True
Using VPP file: /homes/aiskhak/projects/GP/runs/3413/1/cand_002/tamu_2d_fv_gp_csv_vpp_0002.csv
VPP columns: ('id', 'u', 'v', 'x', 'y', 'z')
coordinate check: max |r_res-r_cg| = 5.000444502911705e-12
coordinate check: max |z_res-z_cg| = 5.000444502911705e-12
Return code = 0
Elapsed: 16.28 sec
has_err = False
has_conv = True
has_ss = False
has_fin = True
Using VPP file: /homes/aiskhak/projects/GP/runs/3413/2/cand_005/tamu_2d_fv_gp_csv_vpp_0002.csv
Return code = 0
Elapsed: 16.27 sec
has_err = False
has_conv = True
has_ss = False
has_fin = True
Using VPP file: /homes/aiskhak/projects/GP/runs/3413/2/cand_007/tamu_2d_fv_gp_csv_vpp_0002.csv
VPP columns: ('id', 'u', 'v', 'x', 'y', 'z')
coordinate check: max |r_res-r_cg| = 5.000444502911705e-12
coordinate check: max |z_res-z_cg| = 5.000444502911705e-12
VPP columns: ('id', 'u', 'v', 'x', 'y', 'z')
coordinate check: max |r_res-r_cg| = 5.000444502911705e-12
coordinate check: max |z_res-z_cg| = 5.000444502911705e-12
Return code = 0
Elapsed: 16.35 sec
has_err = False
has_conv = True
has_ss = False
has_fin = True
Using VPP file: /homes/aiskhak/projects/GP/runs/3413/2/cand_006/tamu_2d_fv_gp_csv_vpp_0002.csv
Return code = 0
Elapsed: 17.02 sec
has_err = False
has_conv = True
has_ss = False
has_fin = True
Using VPP file: /homes/aiskhak/projects/GP/runs/3413/2/cand_002/tamu_2d_fv_gp_csv_vpp_0002.csv
Return code = 0
Elapsed: 18.36 sec
has_err = False
has_conv = True
has_ss = False
has_fin = True
Using VPP file: /homes/aiskhak/projects/GP/runs/3413/2/cand_000/tamu_2d_fv_gp_csv_vpp_0002.csv
Return code = 0
Elapsed: 18.4 sec
has_err = False
has_conv = True
has_ss = False
has_fin = True
Using VPP file: /homes/aiskhak/projects/GP/runs/3413/2/cand_001/tamu_2d_fv_gp_csv_vpp_0002.csv
Return code = 0
Elapsed: 18.4 sec
has_err = False
has_conv = True
has_ss = False
has_fin = True
VPP columns: ('id', 'u', 'v', 'x', 'y', 'z')
coordinate check: max |r_res-r_cg| = 5.000444502911705e-12
coordinate check: max |z_res-z_cg| = 5.000444502911705e-12
Using VPP file: /homes/aiskhak/projects/GP/runs/3413/2/cand_003/tamu_2d_fv_gp_csv_vpp_0002.csv
Return code = 0
Elapsed: 18.17 sec
has_err = False
has_conv = True
has_ss = False
has_fin = True
Using VPP file: /homes/aiskhak/projects/GP/runs/3413/2/cand_004/tamu_2d_fv_gp_csv_vpp_0002.csv
VPP columns: ('id', 'u', 'v', 'x', 'y', 'z')
coordinate check: max |r_res-r_cg| = 5.000444502911705e-12
coordinate check: max |z_res-z_cg| = 5.000444502911705e-12
VPP columns: ('id', 'u', 'v', 'x', 'y', 'z')
coordinate check: max |r_res-r_cg| = 5.000444502911705e-12
coordinate check: max |z_res-z_cg| = 5.000444502911705e-12
VPP columns: ('id', 'u', 'v', 'x', 'y', 'z')
coordinate check: max |r_res-r_cg| = 5.000444502911705e-12
coordinate check: max |z_res-z_cg| = 5.000444502911705e-12
VPP columns: ('id', 'u', 'v', 'x', 'y', 'z')
coordinate check: max |r_res-r_cg| = 5.000444502911705e-12
coordinate check: max |z_res-z_cg| = 5.000444502911705e-12
VPP columns: ('id', 'u', 'v', 'x', 'y', 'z')
coordinate check: max |r_res-r_cg| = 5.000444502911705e-12
coordinate check: max |z_res-z_cg| = 5.000444502911705e-12

===== LIVE CHECKPOINT =====
Chunk 1, stage refine_train, candidate batch starting 16, case batch 4/18
Completed result rows: 432
Current best partial candidates:
  n_cases= 24, mean=0.44551393, raw = -1.1*eta_h + -4.8*eta_y + -0.12
  n_cases= 24, mean=0.44578409, raw = -1.1*eta_h + -4.8*eta_y + -0.14
  n_cases= 24, mean=0.44693273, raw = -1.1*eta_h + -4.8*eta_y + -0.16
  n_cases= 24, mean=0.44733852, raw = -1.1*eta_h + -5*eta_y + -0.12
  n_cases= 24, mean=0.44777129, raw = -1.1*eta_h + -4.8*eta_y + -0.08
Checkpoint details: /homes/aiskhak/projects/GP/linear_results_linear_refine_best_screen_C1etaH_C2etaY_C3_CeffMin005_chunk1/linear_refine_best_screen_C1etaH_C2etaY_C3_CeffMin005_chunk1_refine_train_details_checkpoint.csv
Checkpoint summary: /homes/aiskhak/projects/GP/linear_results_linear_refine_best_screen_C1etaH_C2etaY_C3_CeffMin005_chunk1/linear_refine_best_screen_C1etaH_C2etaY_C3_CeffMin005_chunk1_refine_train_summary_checkpoint.csv
===========================


===== Stage refine_train, candidate batch starting 16, case batch 5/18 =====
Running 8 tasks with 64 MPI ranks

===== Linear candidate local_id=000, RE=3413, CG=3 =====
raw = -1*eta_h + -5.2*eta_y + -0.16
raw min/max = -5.365654205551524 -0.19071828704644533
C_eff min/max = 0.02050268384707585 0.23314116395490192
lm min/max = 0.005804538571871548 0.10590366883519163

===== Linear candidate local_id=001, RE=3413, CG=3 =====
raw = -1*eta_h + -5.2*eta_y + -0.14
raw min/max = -5.345654205551524 -0.17071828704644534
C_eff min/max = 0.02050279338192389 0.24706268551367763
lm min/max = 0.00615114406828524 0.10590423462171787

===== Linear candidate local_id=002, RE=3413, CG=3 =====
raw = -1*eta_h + -5.2*eta_y + -0.12
raw min/max = -5.325654205551524 -0.15071828704644533
C_eff min/max = 0.020502907387387918 0.2619185525798041
lm min/max = 0.006521012057022775 0.10590482350056894

===== Linear candidate local_id=003, RE=3413, CG=3 =====
raw = -1*eta_h + -5.2*eta_y + -0.08
raw min/max = -5.285654205551524 -0.11071828704644532
C_eff min/max = 0.020503149547549213 0.2946604023447589
lm min/max = 0.007336189122501723 0.10590607434410329

===== Linear candidate local_id=004, RE=3413, CG=3 =====
raw = -1*eta_h + -5*eta_y + -0.2

===== Linear candidate local_id=005, RE=3413, CG=3 =====
raw = -1*eta_h + -5*eta_y + -0.16
raw min/max = -5.165654205551524 -0.18975428391202528
C_eff min/max = 0.020504003915220764 0.23379156660215636
lm min/max = 0.0058207317107801535 0.10591048745760719
raw min/max = -5.205654205551524 -0.2297542839120253
C_eff min/max = 0.020503696061104273 0.2084575163528073
lm min/max = 0.005189987361049944 0.10590889728138218

===== Linear candidate local_id=006, RE=3413, CG=3 =====
raw = -1*eta_h + -5*eta_y + -0.14
raw min/max = -5.145654205551524 -0.1697542839120253
C_eff min/max = 0.020504167329164144 0.2477568658138821
lm min/max = 0.006168427143740545 0.10591133154886236

===== Linear candidate local_id=007, RE=3413, CG=3 =====
raw = -1*eta_h + -5*eta_y + -0.12
raw min/max = -5.125654205551524 -0.14975428391202528
C_eff min/max = 0.020504337413078527 0.26265917216573836
lm min/max = 0.0065394513359588215 0.1059122100928948
Running case in: /homes/aiskhak/projects/GP/runs/3413/3/cand_002 with fv_app_run.sh
Running case in: /homes/aiskhak/projects/GP/runs/3413/3/cand_003 with fv_app_run.sh
Running case in: /homes/aiskhak/projects/GP/runs/3413/3/cand_004 with fv_app_run.sh
Running case in: /homes/aiskhak/projects/GP/runs/3413/3/cand_001 with fv_app_run.sh
Running case in: /homes/aiskhak/projects/GP/runs/3413/3/cand_000 with fv_app_run.sh
Running case in: /homes/aiskhak/projects/GP/runs/3413/3/cand_005 with fv_app_run.sh
Running case in: /homes/aiskhak/projects/GP/runs/3413/3/cand_006 with fv_app_run.sh
Running case in: /homes/aiskhak/projects/GP/runs/3413/3/cand_007 with fv_app_run.sh
Return code = 0
Elapsed: 20.38 sec
has_err = False
has_conv = True
has_ss = False
has_fin = True
Using VPP file: /homes/aiskhak/projects/GP/runs/3413/3/cand_004/tamu_2d_fv_gp_csv_vpp_0002.csv
VPP columns: ('id', 'u', 'v', 'x', 'y', 'z')
coordinate check: max |r_res-r_cg| = 5.000444502911705e-12
coordinate check: max |z_res-z_cg| = 5.000444502911705e-12
Return code = 0
Elapsed: 20.86 sec
has_err = False
has_conv = True
has_ss = False
has_fin = True
Using VPP file: /homes/aiskhak/projects/GP/runs/3413/3/cand_003/tamu_2d_fv_gp_csv_vpp_0002.csv
Return code = 0
Elapsed: 22.07 sec
Return code = 0
Elapsed: 22.07 sec
Return code = 0
Elapsed: 21.98 sec
has_err = False
has_err = False
has_conv = True
has_conv = True
has_ss = False
has_ss = False
has_fin = True
has_fin = True
has_err = False
has_conv = True
has_ss = False
has_fin = True
Using VPP file: /homes/aiskhak/projects/GP/runs/3413/3/cand_001/tamu_2d_fv_gp_csv_vpp_0002.csv
Using VPP file: /homes/aiskhak/projects/GP/runs/3413/3/cand_000/tamu_2d_fv_gp_csv_vpp_0002.csv
Using VPP file: /homes/aiskhak/projects/GP/runs/3413/3/cand_005/tamu_2d_fv_gp_csv_vpp_0002.csv
Return code = 0
Elapsed: 22.17 sec
has_err = False
has_conv = True
has_ss = False
has_fin = True
Using VPP file: /homes/aiskhak/projects/GP/runs/3413/3/cand_007/tamu_2d_fv_gp_csv_vpp_0002.csv
VPP columns: ('id', 'u', 'v', 'x', 'y', 'z')
coordinate check: max |r_res-r_cg| = 5.000444502911705e-12
coordinate check: max |z_res-z_cg| = 5.000444502911705e-12
Return code = 0
Elapsed: 22.42 sec
has_err = False
has_conv = True
has_ss = False
has_fin = True
Using VPP file: /homes/aiskhak/projects/GP/runs/3413/3/cand_002/tamu_2d_fv_gp_csv_vpp_0002.csv
VPP columns: ('id', 'u', 'v', 'x', 'y', 'z')
coordinate check: max |r_res-r_cg| = 5.000444502911705e-12
coordinate check: max |z_res-z_cg| = 5.000444502911705e-12
VPP columns: ('id', 'u', 'v', 'x', 'y', 'z')
coordinate check: max |r_res-r_cg| = 5.000444502911705e-12
coordinate check: max |z_res-z_cg| = 5.000444502911705e-12
VPP columns: ('id', 'u', 'v', 'x', 'y', 'z')
coordinate check: max |r_res-r_cg| = 5.000444502911705e-12
coordinate check: max |z_res-z_cg| = 5.000444502911705e-12
VPP columns: ('id', 'u', 'v', 'x', 'y', 'z')
coordinate check: max |r_res-r_cg| = 5.000444502911705e-12
coordinate check: max |z_res-z_cg| = 5.000444502911705e-12
VPP columns: ('id', 'u', 'v', 'x', 'y', 'z')
coordinate check: max |r_res-r_cg| = 5.000444502911705e-12
coordinate check: max |z_res-z_cg| = 5.000444502911705e-12
Return code = 0
Elapsed: 24.28 sec
has_err = False
has_conv = True
has_ss = False
has_fin = True
Using VPP file: /homes/aiskhak/projects/GP/runs/3413/3/cand_006/tamu_2d_fv_gp_csv_vpp_0002.csv
VPP columns: ('id', 'u', 'v', 'x', 'y', 'z')
coordinate check: max |r_res-r_cg| = 5.000444502911705e-12
coordinate check: max |z_res-z_cg| = 5.000444502911705e-12

===== LIVE CHECKPOINT =====
Chunk 1, stage refine_train, candidate batch starting 16, case batch 5/18
Completed result rows: 440
Current best partial candidates:
  n_cases= 24, mean=0.44551393, raw = -1.1*eta_h + -4.8*eta_y + -0.12
  n_cases= 24, mean=0.44578409, raw = -1.1*eta_h + -4.8*eta_y + -0.14
  n_cases= 24, mean=0.44693273, raw = -1.1*eta_h + -4.8*eta_y + -0.16
  n_cases= 24, mean=0.44733852, raw = -1.1*eta_h + -5*eta_y + -0.12
  n_cases= 24, mean=0.44777129, raw = -1.1*eta_h + -4.8*eta_y + -0.08
Checkpoint details: /homes/aiskhak/projects/GP/linear_results_linear_refine_best_screen_C1etaH_C2etaY_C3_CeffMin005_chunk1/linear_refine_best_screen_C1etaH_C2etaY_C3_CeffMin005_chunk1_refine_train_details_checkpoint.csv
Checkpoint summary: /homes/aiskhak/projects/GP/linear_results_linear_refine_best_screen_C1etaH_C2etaY_C3_CeffMin005_chunk1/linear_refine_best_screen_C1etaH_C2etaY_C3_CeffMin005_chunk1_refine_train_summary_checkpoint.csv
===========================


===== Stage refine_train, candidate batch starting 16, case batch 6/18 =====
Running 8 tasks with 96 MPI ranks

===== Linear candidate local_id=000, RE=3413, CG=4 =====
raw = -1*eta_h + -5.2*eta_y + -0.16
raw min/max = -5.362820598169251 -0.1753494854704343
C_eff min/max = 0.020502699100863053 0.24375790081051021
lm min/max = 0.003040721197465684 0.10614994644995847

===== Linear candidate local_id=001, RE=3413, CG=4 =====
raw = -1*eta_h + -5.2*eta_y + -0.14
raw min/max = -5.342820598169251 -0.1553494854704343
C_eff min/max = 0.020502809258286632 0.2583924851830409
lm min/max = 0.003223278114676121 0.10615051677509256

===== Linear candidate local_id=002, RE=3413, CG=4 =====
raw = -1*eta_h + -5.2*eta_y + -0.12
raw min/max = -5.322820598169251 -0.1353494854704343
C_eff min/max = 0.02050292391173869 0.2740044461442203
lm min/max = 0.0034180271688434684 0.10615111037780489

===== Linear candidate local_id=003, RE=3413, CG=4 =====
raw = -1*eta_h + -5.2*eta_y + -0.08
raw min/max = -5.282820598169251 -0.09534948547043431
C_eff min/max = 0.020503167448305947 0.3083939830667195
lm min/max = 0.0038470142644148266 0.10615237125538231

===== Linear candidate local_id=004, RE=3413, CG=4 =====
raw = -1*eta_h + -5*eta_y + -0.2
raw min/max = -5.202820598169251 -0.21486760518961956
C_eff min/max = 0.020503717068210976 0.21749974446262496
lm min/max = 0.0027131677834106014 0.10615521683796632

===== Linear candidate local_id=005, RE=3413, CG=4 =====
raw = -1*eta_h + -5*eta_y + -0.16
raw min/max = -5.162820598169251 -0.17486760518961955
C_eff min/max = 0.02050402667217606 0.24409945189186216
lm min/max = 0.0030449818249556277 0.10615681977054377

===== Linear candidate local_id=006, RE=3413, CG=4 =====
raw = -1*eta_h + -5*eta_y + -0.14
raw min/max = -5.1428205981692505 -0.15486760518961956
C_eff min/max = 0.02050419101497453 0.2587569211181037
lm min/max = 0.0032278242158247567 0.10615767063311415

===== Linear candidate local_id=007, RE=3413, CG=4 =====
raw = -1*eta_h + -5*eta_y + -0.12
raw min/max = -5.122820598169251 -0.13486760518961954
C_eff min/max = 0.020504362065661787 0.27439313658581316
lm min/max = 0.0034228758291784717 0.10615855622486982
Running case in: /homes/aiskhak/projects/GP/runs/3413/4/cand_003 with fv_app_run.sh
Running case in: /homes/aiskhak/projects/GP/runs/3413/4/cand_001 with fv_app_run.sh
Running case in: /homes/aiskhak/projects/GP/runs/3413/4/cand_000 with fv_app_run.sh
Running case in: /homes/aiskhak/projects/GP/runs/3413/4/cand_002 with fv_app_run.sh
Running case in: /homes/aiskhak/projects/GP/runs/3413/4/cand_006 with fv_app_run.sh
Running case in: /homes/aiskhak/projects/GP/runs/3413/4/cand_005 with fv_app_run.sh
Running case in: /homes/aiskhak/projects/GP/runs/3413/4/cand_004 with fv_app_run.sh
Running case in: /homes/aiskhak/projects/GP/runs/3413/4/cand_007 with fv_app_run.sh
Return code = 0
Elapsed: 63.5 sec
has_err = False
has_conv = True
has_ss = False
has_fin = True
Using VPP file: /homes/aiskhak/projects/GP/runs/3413/4/cand_001/tamu_2d_fv_gp_csv_vpp_0002.csv
VPP columns: ('id', 'u', 'v', 'x', 'y', 'z')
coordinate check: max |r_res-r_cg| = 5.000444502911705e-12
coordinate check: max |z_res-z_cg| = 5.000444502911705e-12
Return code = 0
Elapsed: 68.7 sec
has_err = False
has_conv = True
has_ss = False
has_fin = True
Using VPP file: /homes/aiskhak/projects/GP/runs/3413/4/cand_004/tamu_2d_fv_gp_csv_vpp_0002.csv
Return code = 0
Elapsed: 70.07 sec
has_err = False
has_conv = True
has_ss = False
has_fin = True
Return code = 0
Elapsed: 70.06 sec
has_err = False
has_conv = True
has_ss = False
has_fin = True
Return code = 0
Elapsed: 70.07 sec
has_err = False
has_conv = True
has_ss = False
has_fin = True
Return code = 0
Elapsed: 69.24 sec
has_err = False
has_conv = True
has_ss = False
has_fin = True
Return code = 0
Elapsed: 70.16 sec
has_err = False
has_conv = True
has_ss = False
has_fin = True
Using VPP file: /homes/aiskhak/projects/GP/runs/3413/4/cand_000/tamu_2d_fv_gp_csv_vpp_0002.csv
Using VPP file: /homes/aiskhak/projects/GP/runs/3413/4/cand_005/tamu_2d_fv_gp_csv_vpp_0002.csv
Using VPP file: /homes/aiskhak/projects/GP/runs/3413/4/cand_002/tamu_2d_fv_gp_csv_vpp_0002.csv
Using VPP file: /homes/aiskhak/projects/GP/runs/3413/4/cand_007/tamu_2d_fv_gp_csv_vpp_0002.csv
Using VPP file: /homes/aiskhak/projects/GP/runs/3413/4/cand_006/tamu_2d_fv_gp_csv_vpp_0002.csv
VPP columns: ('id', 'u', 'v', 'x', 'y', 'z')
coordinate check: max |r_res-r_cg| = 5.000444502911705e-12
coordinate check: max |z_res-z_cg| = 5.000444502911705e-12
VPP columns: ('id', 'u', 'v', 'x', 'y', 'z')
coordinate check: max |r_res-r_cg| = 5.000444502911705e-12
coordinate check: max |z_res-z_cg| = 5.000444502911705e-12
VPP columns: ('id', 'u', 'v', 'x', 'y', 'z')
coordinate check: max |r_res-r_cg| = 5.000444502911705e-12
coordinate check: max |z_res-z_cg| = 5.000444502911705e-12
VPP columns: ('id', 'u', 'v', 'x', 'y', 'z')
coordinate check: max |r_res-r_cg| = 5.000444502911705e-12
coordinate check: max |z_res-z_cg| = 5.000444502911705e-12
VPP columns: ('id', 'u', 'v', 'x', 'y', 'z')
coordinate check: max |r_res-r_cg| = 5.000444502911705e-12
coordinate check: max |z_res-z_cg| = 5.000444502911705e-12
Return code = 0
Elapsed: 71.61 sec
has_err = False
has_conv = True
has_ss = False
has_fin = True
Using VPP file: /homes/aiskhak/projects/GP/runs/3413/4/cand_003/tamu_2d_fv_gp_csv_vpp_0002.csv
VPP columns: ('id', 'u', 'v', 'x', 'y', 'z')
coordinate check: max |r_res-r_cg| = 5.000444502911705e-12
coordinate check: max |z_res-z_cg| = 5.000444502911705e-12
VPP columns: ('id', 'u', 'v', 'x', 'y', 'z')
coordinate check: max |r_res-r_cg| = 5.000444502911705e-12
coordinate check: max |z_res-z_cg| = 5.000444502911705e-12

===== LIVE CHECKPOINT =====
Chunk 1, stage refine_train, candidate batch starting 16, case batch 6/18
Completed result rows: 448
Current best partial candidates:
  n_cases= 24, mean=0.44551393, raw = -1.1*eta_h + -4.8*eta_y + -0.12
  n_cases= 24, mean=0.44578409, raw = -1.1*eta_h + -4.8*eta_y + -0.14
  n_cases= 24, mean=0.44693273, raw = -1.1*eta_h + -4.8*eta_y + -0.16
  n_cases= 24, mean=0.44733852, raw = -1.1*eta_h + -5*eta_y + -0.12
  n_cases= 24, mean=0.44777129, raw = -1.1*eta_h + -4.8*eta_y + -0.08
Checkpoint details: /homes/aiskhak/projects/GP/linear_results_linear_refine_best_screen_C1etaH_C2etaY_C3_CeffMin005_chunk1/linear_refine_best_screen_C1etaH_C2etaY_C3_CeffMin005_chunk1_refine_train_details_checkpoint.csv
Checkpoint summary: /homes/aiskhak/projects/GP/linear_results_linear_refine_best_screen_C1etaH_C2etaY_C3_CeffMin005_chunk1/linear_refine_best_screen_C1etaH_C2etaY_C3_CeffMin005_chunk1_refine_train_summary_checkpoint.csv
===========================


===== Stage refine_train, candidate batch starting 16, case batch 7/18 =====
Running 16 tasks with 64 MPI ranks

===== Linear candidate local_id=000, RE=7912, CG=1 =====
raw = -1*eta_h + -5.2*eta_y + -0.16
raw min/max = -5.382772529311599 -0.28234697436402545
C_eff min/max = 0.02050259351247813 0.17984646500406162
lm min/max = 0.01768341391870114 0.10527577739479942

===== Linear candidate local_id=000, RE=7912, CG=2 =====
raw = -1*eta_h + -5.2*eta_y + -0.16

===== Linear candidate local_id=001, RE=7912, CG=1 =====
raw = -1*eta_h + -5.2*eta_y + -0.14
raw min/max = -5.371314138253862 -0.22126005928748468
C_eff min/max = 0.020502653636291918 0.21356263476842488
lm min/max = 0.010589719828739675 0.10584554717321851
raw min/max = -5.362772529311599 -0.2623469743640255
C_eff min/max = 0.020502699360372297 0.1901443490367366
lm min/max = 0.018695953952960156 0.10527632089771466

===== Linear candidate local_id=001, RE=7912, CG=2 =====
raw = -1*eta_h + -5.2*eta_y + -0.14
raw min/max = -5.351314138253861 -0.2012600592874847
C_eff min/max = 0.020502761938103197 0.22616090195690589
lm min/max = 0.011214417683766057 0.1058461062844769

===== Linear candidate local_id=002, RE=7912, CG=1 =====
raw = -1*eta_h + -5.2*eta_y + -0.12
raw min/max = -5.342772529311599 -0.24234697436402547
C_eff min/max = 0.020502809528387605 0.20114733270736143
lm min/max = 0.019777822949295303 0.10527688658338992

===== Linear candidate local_id=003, RE=7912, CG=1 =====
raw = -1*eta_h + -5.2*eta_y + -0.08

===== Linear candidate local_id=004, RE=7912, CG=1 =====
raw = -1*eta_h + -5*eta_y + -0.2
raw min/max = -5.302772529311599 -0.2023469743640255
C_eff min/max = 0.02050304353733965 0.22545479658225281
lm min/max = 0.02216785571976912 0.10527808816183067
raw min/max = -5.222772529311599 -0.31851718801585527
C_eff min/max = 0.020503571654799026 0.16287380626669679
lm min/max = 0.016014576281292457 0.10528079991515385

===== Linear candidate local_id=002, RE=7912, CG=2 =====

===== Linear candidate local_id=003, RE=7912, CG=2 =====
raw = -1*eta_h + -5.2*eta_y + -0.08

===== Linear candidate local_id=005, RE=7912, CG=1 =====
raw = -1*eta_h + -5*eta_y + -0.16
raw = -1*eta_h + -5.2*eta_y + -0.12
raw min/max = -5.2913141382538615 -0.1412600592874847
Running case in: /homes/aiskhak/projects/GP/runs/7912/1/cand_001 with fv_app_run.sh
raw min/max = -5.182772529311599 -0.27851718801585523
C_eff min/max = 0.020503869146153843 0.18176588913878927
lm min/max = 0.017872141406111958 0.10528232746012652
C_eff min/max = 0.020503114094332402 0.26928554034807795
lm min/max = 0.013352796613083062 0.10584792430127764

===== Linear candidate local_id=004, RE=7912, CG=2 =====
raw = -1*eta_h + -5*eta_y + -0.2
Running case in: /homes/aiskhak/projects/GP/runs/7912/1/cand_002 with fv_app_run.sh
raw min/max = -5.331314138253862 -0.18126005928748468
C_eff min/max = 0.020502874660200007 0.2396118414815928
lm min/max = 0.01188139616131767 0.1058466882155882
raw min/max = -5.2113141382538615 -0.25933906232465304
C_eff min/max = 0.020503654455634315 0.19175300092979466
lm min/max = 0.009508267016692605 0.10585071393225355

===== Linear candidate local_id=005, RE=7912, CG=2 =====
raw = -1*eta_h + -5*eta_y + -0.16
raw min/max = -5.171314138253861 -0.21933906232465303
C_eff min/max = 0.02050395884410494 0.21473709266377078
lm min/max = 0.010647956514552482 0.10585228534660791
Running case in: /homes/aiskhak/projects/GP/runs/7912/1/cand_000 with fv_app_run.sh

===== Linear candidate local_id=006, RE=7912, CG=2 =====
raw = -1*eta_h + -5*eta_y + -0.14

===== Linear candidate local_id=006, RE=7912, CG=1 =====
raw = -1*eta_h + -5*eta_y + -0.14
raw min/max = -5.151314138253861 -0.19933906232465304
C_eff min/max = 0.020504120418413527 0.22741502420021925
raw min/max = -5.1627725293115985 -0.2585171880158552
C_eff min/max = 0.020504027059335062 0.1921953385699531
lm min/max = 0.011276604607064132 0.10585311947868685
lm min/max = 0.018897617615673636 0.10528313830549121
Running case in: /homes/aiskhak/projects/GP/runs/7912/2/cand_000 with fv_app_run.sh
Running case in: /homes/aiskhak/projects/GP/runs/7912/2/cand_005 with fv_app_run.sh

===== Linear candidate local_id=007, RE=7912, CG=1 =====
Running case in: /homes/aiskhak/projects/GP/runs/7912/1/cand_004 with fv_app_run.sh
Running case in: /homes/aiskhak/projects/GP/runs/7912/1/cand_005 with fv_app_run.sh
raw = -1*eta_h + -5*eta_y + -0.12
raw min/max = -5.142772529311599 -0.23851718801585522
C_eff min/max = 0.020504191417935937 0.20333851693585916
lm min/max = 0.019993271263410235 0.10528398224650132
Running case in: /homes/aiskhak/projects/GP/runs/7912/2/cand_001 with fv_app_run.sh
Running case in: /homes/aiskhak/projects/GP/runs/7912/1/cand_006 with fv_app_run.sh
Running case in: /homes/aiskhak/projects/GP/runs/7912/2/cand_006 with fv_app_run.sh
Running case in: /homes/aiskhak/projects/GP/runs/7912/1/cand_007 with fv_app_run.sh
Running case in: /homes/aiskhak/projects/GP/runs/7912/1/cand_003 with fv_app_run.sh
Running case in: /homes/aiskhak/projects/GP/runs/7912/2/cand_002 with fv_app_run.sh

===== Linear candidate local_id=007, RE=7912, CG=2 =====
Running case in: /homes/aiskhak/projects/GP/runs/7912/2/cand_004 with fv_app_run.sh
raw = -1*eta_h + -5*eta_y + -0.12
raw min/max = -5.131314138253861 -0.17933906232465302
C_eff min/max = 0.020504288587595572 0.2409506118513731
lm min/max = 0.011947780447812188 0.1058539876569923
Running case in: /homes/aiskhak/projects/GP/runs/7912/2/cand_003 with fv_app_run.sh
Running case in: /homes/aiskhak/projects/GP/runs/7912/2/cand_007 with fv_app_run.sh
Return code = 0
Elapsed: 12.16 sec
has_err = False
has_conv = True
has_ss = False
has_fin = True
Return code = 0
Elapsed: 12.36 sec
has_err = False
has_conv = True
has_ss = False
has_fin = True
Using VPP file: /homes/aiskhak/projects/GP/runs/7912/1/cand_003/tamu_2d_fv_gp_csv_vpp_0002.csv
Using VPP file: /homes/aiskhak/projects/GP/runs/7912/1/cand_000/tamu_2d_fv_gp_csv_vpp_0002.csv
VPP columns: ('id', 'u', 'v', 'x', 'y', 'z')
coordinate check: max |r_res-r_cg| = 5.000444502911705e-12
coordinate check: max |z_res-z_cg| = 5.000444502911705e-12
Return code = 0
Elapsed: 12.52 sec
has_err = False
has_conv = True
has_ss = False
has_fin = True
Using VPP file: /homes/aiskhak/projects/GP/runs/7912/1/cand_001/tamu_2d_fv_gp_csv_vpp_0002.csv
VPP columns: ('id', 'u', 'v', 'x', 'y', 'z')
coordinate check: max |r_res-r_cg| = 5.000444502911705e-12
coordinate check: max |z_res-z_cg| = 5.000444502911705e-12
VPP columns: ('id', 'u', 'v', 'x', 'y', 'z')
coordinate check: max |r_res-r_cg| = 5.000444502911705e-12
coordinate check: max |z_res-z_cg| = 5.000444502911705e-12
Return code = 0
Elapsed: 14.39 sec
has_err = False
has_conv = True
has_ss = False
has_fin = True
Using VPP file: /homes/aiskhak/projects/GP/runs/7912/1/cand_006/tamu_2d_fv_gp_csv_vpp_0002.csv
VPP columns: ('id', 'u', 'v', 'x', 'y', 'z')
coordinate check: max |r_res-r_cg| = 5.000444502911705e-12
coordinate check: max |z_res-z_cg| = 5.000444502911705e-12
Return code = 0
Elapsed: 14.45 sec
has_err = False
has_conv = True
has_ss = False
has_fin = True
Using VPP file: /homes/aiskhak/projects/GP/runs/7912/1/cand_005/tamu_2d_fv_gp_csv_vpp_0002.csv
Return code = 0
Elapsed: 14.77 sec
has_err = False
has_conv = True
has_ss = False
has_fin = True
Using VPP file: /homes/aiskhak/projects/GP/runs/7912/1/cand_002/tamu_2d_fv_gp_csv_vpp_0002.csv
Return code = 0
Elapsed: 14.61 sec
has_err = False
has_conv = True
has_ss = False
has_fin = True
Using VPP file: /homes/aiskhak/projects/GP/runs/7912/1/cand_007/tamu_2d_fv_gp_csv_vpp_0002.csv
VPP columns: ('id', 'u', 'v', 'x', 'y', 'z')
coordinate check: max |r_res-r_cg| = 5.000444502911705e-12
coordinate check: max |z_res-z_cg| = 5.000444502911705e-12
VPP columns: ('id', 'u', 'v', 'x', 'y', 'z')
coordinate check: max |r_res-r_cg| = 5.000444502911705e-12
coordinate check: max |z_res-z_cg| = 5.000444502911705e-12
Return code = 0
Elapsed: 14.93 sec
has_err = False
has_conv = True
has_ss = False
has_fin = True
Using VPP file: /homes/aiskhak/projects/GP/runs/7912/2/cand_003/tamu_2d_fv_gp_csv_vpp_0002.csv
VPP columns: ('id', 'u', 'v', 'x', 'y', 'z')
coordinate check: max |r_res-r_cg| = 5.000444502911705e-12
coordinate check: max |z_res-z_cg| = 5.000444502911705e-12
Return code = 0
Elapsed: 15.35 sec
has_err = False
has_conv = True
has_ss = False
has_fin = True
Using VPP file: /homes/aiskhak/projects/GP/runs/7912/1/cand_004/tamu_2d_fv_gp_csv_vpp_0002.csv
VPP columns: ('id', 'u', 'v', 'x', 'y', 'z')
coordinate check: max |r_res-r_cg| = 5.000444502911705e-12
coordinate check: max |z_res-z_cg| = 5.000444502911705e-12
VPP columns: ('id', 'u', 'v', 'x', 'y', 'z')
coordinate check: max |r_res-r_cg| = 5.000444502911705e-12
coordinate check: max |z_res-z_cg| = 5.000444502911705e-12
Return code = 0
Elapsed: 17.38 sec
has_err = False
has_conv = True
has_ss = False
has_fin = True
Return code = 0
Elapsed: 17.32 sec
Return code = 0
Elapsed: 17.11 sec
has_err = False
has_conv = True
has_ss = False
has_fin = True
has_err = False
has_conv = True
has_ss = False
has_fin = True
Using VPP file: /homes/aiskhak/projects/GP/runs/7912/2/cand_006/tamu_2d_fv_gp_csv_vpp_0002.csv
Using VPP file: /homes/aiskhak/projects/GP/runs/7912/2/cand_002/tamu_2d_fv_gp_csv_vpp_0002.csv
Using VPP file: /homes/aiskhak/projects/GP/runs/7912/2/cand_007/tamu_2d_fv_gp_csv_vpp_0002.csv
Return code = 0
Elapsed: 17.49 sec
has_err = False
has_conv = True
has_ss = False
has_fin = True
Using VPP file: /homes/aiskhak/projects/GP/runs/7912/2/cand_000/tamu_2d_fv_gp_csv_vpp_0002.csv
VPP columns: ('id', 'u', 'v', 'x', 'y', 'z')
coordinate check: max |r_res-r_cg| = 5.000444502911705e-12
coordinate check: max |z_res-z_cg| = 5.000444502911705e-12
VPP columns: ('id', 'u', 'v', 'x', 'y', 'z')
coordinate check: max |r_res-r_cg| = 5.000444502911705e-12
coordinate check: max |z_res-z_cg| = 5.000444502911705e-12
VPP columns: ('id', 'u', 'v', 'x', 'y', 'z')
coordinate check: max |r_res-r_cg| = 5.000444502911705e-12
coordinate check: max |z_res-z_cg| = 5.000444502911705e-12
Return code = 0
Elapsed: 19.15 sec
has_err = False
has_conv = True
has_ss = False
has_fin = True
Using VPP file: /homes/aiskhak/projects/GP/runs/7912/2/cand_001/tamu_2d_fv_gp_csv_vpp_0002.csv
Return code = 0
Elapsed: 19.83 sec
has_err = False
has_conv = True
has_ss = False
has_fin = True
Using VPP file: /homes/aiskhak/projects/GP/runs/7912/2/cand_004/tamu_2d_fv_gp_csv_vpp_0002.csv
VPP columns: ('id', 'u', 'v', 'x', 'y', 'z')
coordinate check: max |r_res-r_cg| = 5.000444502911705e-12
coordinate check: max |z_res-z_cg| = 5.000444502911705e-12
VPP columns: ('id', 'u', 'v', 'x', 'y', 'z')
coordinate check: max |r_res-r_cg| = 5.000444502911705e-12
coordinate check: max |z_res-z_cg| = 5.000444502911705e-12
Return code = 0
Elapsed: 22.46 sec
has_err = False
has_conv = True
has_ss = False
has_fin = True
Using VPP file: /homes/aiskhak/projects/GP/runs/7912/2/cand_005/tamu_2d_fv_gp_csv_vpp_0002.csv
VPP columns: ('id', 'u', 'v', 'x', 'y', 'z')
coordinate check: max |r_res-r_cg| = 5.000444502911705e-12
coordinate check: max |z_res-z_cg| = 5.000444502911705e-12
VPP columns: ('id', 'u', 'v', 'x', 'y', 'z')
coordinate check: max |r_res-r_cg| = 5.000444502911705e-12
coordinate check: max |z_res-z_cg| = 5.000444502911705e-12

===== LIVE CHECKPOINT =====
Chunk 1, stage refine_train, candidate batch starting 16, case batch 7/18
Completed result rows: 464
Current best partial candidates:
  n_cases= 24, mean=0.44551393, raw = -1.1*eta_h + -4.8*eta_y + -0.12
  n_cases= 24, mean=0.44578409, raw = -1.1*eta_h + -4.8*eta_y + -0.14
  n_cases= 24, mean=0.44693273, raw = -1.1*eta_h + -4.8*eta_y + -0.16
  n_cases= 24, mean=0.44733852, raw = -1.1*eta_h + -5*eta_y + -0.12
  n_cases= 24, mean=0.44777129, raw = -1.1*eta_h + -4.8*eta_y + -0.08
Checkpoint details: /homes/aiskhak/projects/GP/linear_results_linear_refine_best_screen_C1etaH_C2etaY_C3_CeffMin005_chunk1/linear_refine_best_screen_C1etaH_C2etaY_C3_CeffMin005_chunk1_refine_train_details_checkpoint.csv
Checkpoint summary: /homes/aiskhak/projects/GP/linear_results_linear_refine_best_screen_C1etaH_C2etaY_C3_CeffMin005_chunk1/linear_refine_best_screen_C1etaH_C2etaY_C3_CeffMin005_chunk1_refine_train_summary_checkpoint.csv
===========================


===== Stage refine_train, candidate batch starting 16, case batch 8/18 =====
Running 8 tasks with 64 MPI ranks

===== Linear candidate local_id=000, RE=7912, CG=3 =====
raw = -1*eta_h + -5.2*eta_y + -0.16
raw min/max = -5.365654205551524 -0.19071828704644533
C_eff min/max = 0.02050268384707585 0.23314116395490192
lm min/max = 0.005804538571871548 0.10590366883519163

===== Linear candidate local_id=001, RE=7912, CG=3 =====
raw = -1*eta_h + -5.2*eta_y + -0.14

===== Linear candidate local_id=002, RE=7912, CG=3 =====
raw = -1*eta_h + -5.2*eta_y + -0.12
raw min/max = -5.345654205551524 -0.17071828704644534
C_eff min/max = 0.02050279338192389 0.24706268551367763
lm min/max = 0.00615114406828524 0.10590423462171787
raw min/max = -5.325654205551524 -0.15071828704644533
C_eff min/max = 0.020502907387387918 0.2619185525798041
lm min/max = 0.006521012057022775 0.10590482350056894

===== Linear candidate local_id=003, RE=7912, CG=3 =====
raw = -1*eta_h + -5.2*eta_y + -0.08

===== Linear candidate local_id=004, RE=7912, CG=3 =====
raw = -1*eta_h + -5*eta_y + -0.2
raw min/max = -5.285654205551524 -0.11071828704644532
C_eff min/max = 0.020503149547549213 0.2946604023447589
lm min/max = 0.007336189122501723 0.10590607434410329
raw min/max = -5.205654205551524 -0.2297542839120253
C_eff min/max = 0.020503696061104273 0.2084575163528073
lm min/max = 0.005189987361049944 0.10590889728138218

===== Linear candidate local_id=005, RE=7912, CG=3 =====
raw = -1*eta_h + -5*eta_y + -0.16
raw min/max = -5.165654205551524 -0.18975428391202528
C_eff min/max = 0.020504003915220764 0.23379156660215636
lm min/max = 0.0058207317107801535 0.10591048745760719

===== Linear candidate local_id=006, RE=7912, CG=3 =====
raw = -1*eta_h + -5*eta_y + -0.14

===== Linear candidate local_id=007, RE=7912, CG=3 =====
raw = -1*eta_h + -5*eta_y + -0.12
raw min/max = -5.145654205551524 -0.1697542839120253
C_eff min/max = 0.020504167329164144 0.2477568658138821
lm min/max = 0.006168427143740545 0.10591133154886236
raw min/max = -5.125654205551524 -0.14975428391202528
C_eff min/max = 0.020504337413078527 0.26265917216573836
lm min/max = 0.0065394513359588215 0.1059122100928948
Running case in: /homes/aiskhak/projects/GP/runs/7912/3/cand_000 with fv_app_run.sh
Running case in: /homes/aiskhak/projects/GP/runs/7912/3/cand_002 with fv_app_run.sh
Running case in: /homes/aiskhak/projects/GP/runs/7912/3/cand_003 with fv_app_run.sh
Running case in: /homes/aiskhak/projects/GP/runs/7912/3/cand_001 with fv_app_run.sh
Running case in: /homes/aiskhak/projects/GP/runs/7912/3/cand_005 with fv_app_run.sh
Running case in: /homes/aiskhak/projects/GP/runs/7912/3/cand_004 with fv_app_run.sh
Running case in: /homes/aiskhak/projects/GP/runs/7912/3/cand_006 with fv_app_run.sh
Running case in: /homes/aiskhak/projects/GP/runs/7912/3/cand_007 with fv_app_run.sh
Return code = 0
Elapsed: 37.67 sec
has_err = False
has_conv = True
has_ss = False
has_fin = True
Return code = 0
Elapsed: 37.84 sec
has_err = False
has_conv = True
has_ss = False
has_fin = True
Using VPP file: /homes/aiskhak/projects/GP/runs/7912/3/cand_003/tamu_2d_fv_gp_csv_vpp_0002.csv
Using VPP file: /homes/aiskhak/projects/GP/runs/7912/3/cand_001/tamu_2d_fv_gp_csv_vpp_0002.csv
Return code = 0
Elapsed: 38.41 sec
has_err = False
has_conv = True
has_ss = False
has_fin = True
Return code = 0
Elapsed: 38.41 sec
has_err = False
has_conv = True
has_ss = False
has_fin = True
VPP columns: ('id', 'u', 'v', 'x', 'y', 'z')
coordinate check: max |r_res-r_cg| = 5.000444502911705e-12
coordinate check: max |z_res-z_cg| = 5.000444502911705e-12
Using VPP file: /homes/aiskhak/projects/GP/runs/7912/3/cand_004/tamu_2d_fv_gp_csv_vpp_0002.csv
Using VPP file: /homes/aiskhak/projects/GP/runs/7912/3/cand_005/tamu_2d_fv_gp_csv_vpp_0002.csv
VPP columns: ('id', 'u', 'v', 'x', 'y', 'z')
coordinate check: max |r_res-r_cg| = 5.000444502911705e-12
coordinate check: max |z_res-z_cg| = 5.000444502911705e-12
VPP columns: ('id', 'u', 'v', 'x', 'y', 'z')
coordinate check: max |r_res-r_cg| = 5.000444502911705e-12
coordinate check: max |z_res-z_cg| = 5.000444502911705e-12
Return code = 0
Elapsed: 39.11 sec
has_err = False
has_conv = True
has_ss = False
has_fin = True
Using VPP file: /homes/aiskhak/projects/GP/runs/7912/3/cand_002/tamu_2d_fv_gp_csv_vpp_0002.csv
VPP columns: ('id', 'u', 'v', 'x', 'y', 'z')
coordinate check: max |r_res-r_cg| = 5.000444502911705e-12
coordinate check: max |z_res-z_cg| = 5.000444502911705e-12
VPP columns: ('id', 'u', 'v', 'x', 'y', 'z')
coordinate check: max |r_res-r_cg| = 5.000444502911705e-12
coordinate check: max |z_res-z_cg| = 5.000444502911705e-12
Return code = 0
Elapsed: 39.69 sec
has_err = False
has_conv = True
has_ss = False
has_fin = True
Using VPP file: /homes/aiskhak/projects/GP/runs/7912/3/cand_006/tamu_2d_fv_gp_csv_vpp_0002.csv
Return code = 0
Elapsed: 39.67 sec
has_err = False
has_conv = True
has_ss = False
has_fin = True
Using VPP file: /homes/aiskhak/projects/GP/runs/7912/3/cand_007/tamu_2d_fv_gp_csv_vpp_0002.csv
VPP columns: ('id', 'u', 'v', 'x', 'y', 'z')
coordinate check: max |r_res-r_cg| = 5.000444502911705e-12
coordinate check: max |z_res-z_cg| = 5.000444502911705e-12
VPP columns: ('id', 'u', 'v', 'x', 'y', 'z')
coordinate check: max |r_res-r_cg| = 5.000444502911705e-12
coordinate check: max |z_res-z_cg| = 5.000444502911705e-12
Return code = 0
Elapsed: 40.85 sec
has_err = False
has_conv = True
has_ss = False
has_fin = True
Using VPP file: /homes/aiskhak/projects/GP/runs/7912/3/cand_000/tamu_2d_fv_gp_csv_vpp_0002.csv
VPP columns: ('id', 'u', 'v', 'x', 'y', 'z')
coordinate check: max |r_res-r_cg| = 5.000444502911705e-12
coordinate check: max |z_res-z_cg| = 5.000444502911705e-12

===== LIVE CHECKPOINT =====
Chunk 1, stage refine_train, candidate batch starting 16, case batch 8/18
Completed result rows: 472
Current best partial candidates:
  n_cases= 24, mean=0.44551393, raw = -1.1*eta_h + -4.8*eta_y + -0.12
  n_cases= 24, mean=0.44578409, raw = -1.1*eta_h + -4.8*eta_y + -0.14
  n_cases= 24, mean=0.44693273, raw = -1.1*eta_h + -4.8*eta_y + -0.16
  n_cases= 24, mean=0.44733852, raw = -1.1*eta_h + -5*eta_y + -0.12
  n_cases= 24, mean=0.44777129, raw = -1.1*eta_h + -4.8*eta_y + -0.08
Checkpoint details: /homes/aiskhak/projects/GP/linear_results_linear_refine_best_screen_C1etaH_C2etaY_C3_CeffMin005_chunk1/linear_refine_best_screen_C1etaH_C2etaY_C3_CeffMin005_chunk1_refine_train_details_checkpoint.csv
Checkpoint summary: /homes/aiskhak/projects/GP/linear_results_linear_refine_best_screen_C1etaH_C2etaY_C3_CeffMin005_chunk1/linear_refine_best_screen_C1etaH_C2etaY_C3_CeffMin005_chunk1_refine_train_summary_checkpoint.csv
===========================


===== Stage refine_train, candidate batch starting 16, case batch 9/18 =====
Running 8 tasks with 96 MPI ranks

===== Linear candidate local_id=000, RE=7912, CG=4 =====
raw = -1*eta_h + -5.2*eta_y + -0.16
raw min/max = -5.362820598169251 -0.1753494854704343
C_eff min/max = 0.020502699100863053 0.24375790081051021
lm min/max = 0.003040721197465684 0.10614994644995847

===== Linear candidate local_id=001, RE=7912, CG=4 =====
raw = -1*eta_h + -5.2*eta_y + -0.14
raw min/max = -5.342820598169251 -0.1553494854704343
C_eff min/max = 0.020502809258286632 0.2583924851830409
lm min/max = 0.003223278114676121 0.10615051677509256

===== Linear candidate local_id=002, RE=7912, CG=4 =====
raw = -1*eta_h + -5.2*eta_y + -0.12
raw min/max = -5.322820598169251 -0.1353494854704343
C_eff min/max = 0.02050292391173869 0.2740044461442203
lm min/max = 0.0034180271688434684 0.10615111037780489

===== Linear candidate local_id=003, RE=7912, CG=4 =====
raw = -1*eta_h + -5.2*eta_y + -0.08
raw min/max = -5.282820598169251 -0.09534948547043431
C_eff min/max = 0.020503167448305947 0.3083939830667195
lm min/max = 0.0038470142644148266 0.10615237125538231

===== Linear candidate local_id=004, RE=7912, CG=4 =====
raw = -1*eta_h + -5*eta_y + -0.2
raw min/max = -5.202820598169251 -0.21486760518961956
C_eff min/max = 0.020503717068210976 0.21749974446262496
lm min/max = 0.0027131677834106014 0.10615521683796632

===== Linear candidate local_id=005, RE=7912, CG=4 =====
raw = -1*eta_h + -5*eta_y + -0.16

===== Linear candidate local_id=006, RE=7912, CG=4 =====
raw = -1*eta_h + -5*eta_y + -0.14
raw min/max = -5.162820598169251 -0.17486760518961955
C_eff min/max = 0.02050402667217606 0.24409945189186216
lm min/max = 0.0030449818249556277 0.10615681977054377
raw min/max = -5.1428205981692505 -0.15486760518961956
C_eff min/max = 0.02050419101497453 0.2587569211181037
lm min/max = 0.0032278242158247567 0.10615767063311415

===== Linear candidate local_id=007, RE=7912, CG=4 =====
raw = -1*eta_h + -5*eta_y + -0.12
raw min/max = -5.122820598169251 -0.13486760518961954
C_eff min/max = 0.020504362065661787 0.27439313658581316
lm min/max = 0.0034228758291784717 0.10615855622486982
Running case in: /homes/aiskhak/projects/GP/runs/7912/4/cand_000 with fv_app_run.sh
Running case in: /homes/aiskhak/projects/GP/runs/7912/4/cand_001 with fv_app_run.sh
Running case in: /homes/aiskhak/projects/GP/runs/7912/4/cand_002 with fv_app_run.sh
Running case in: /homes/aiskhak/projects/GP/runs/7912/4/cand_003 with fv_app_run.sh
Running case in: /homes/aiskhak/projects/GP/runs/7912/4/cand_004 with fv_app_run.sh
Running case in: /homes/aiskhak/projects/GP/runs/7912/4/cand_006 with fv_app_run.sh
Running case in: /homes/aiskhak/projects/GP/runs/7912/4/cand_005 with fv_app_run.sh
Running case in: /homes/aiskhak/projects/GP/runs/7912/4/cand_007 with fv_app_run.sh
Return code = 0
Elapsed: 108.2 sec
has_err = False
has_conv = True
has_ss = False
has_fin = True
Using VPP file: /homes/aiskhak/projects/GP/runs/7912/4/cand_003/tamu_2d_fv_gp_csv_vpp_0002.csv
Return code = 0
Elapsed: 109.73 sec
has_err = False
has_conv = True
has_ss = False
has_fin = True
Using VPP file: /homes/aiskhak/projects/GP/runs/7912/4/cand_002/tamu_2d_fv_gp_csv_vpp_0002.csv
Return code = 0
Elapsed: 109.39 sec
has_err = False
has_conv = True
has_ss = False
has_fin = True
Using VPP file: /homes/aiskhak/projects/GP/runs/7912/4/cand_006/tamu_2d_fv_gp_csv_vpp_0002.csv
VPP columns: ('id', 'u', 'v', 'x', 'y', 'z')
coordinate check: max |r_res-r_cg| = 5.000444502911705e-12
coordinate check: max |z_res-z_cg| = 5.000444502911705e-12
VPP columns: ('id', 'u', 'v', 'x', 'y', 'z')
coordinate check: max |r_res-r_cg| = 5.000444502911705e-12
coordinate check: max |z_res-z_cg| = 5.000444502911705e-12
Return code = 0
Elapsed: 113.52 sec
has_err = False
has_conv = True
has_ss = False
has_fin = True
Using VPP file: /homes/aiskhak/projects/GP/runs/7912/4/cand_007/tamu_2d_fv_gp_csv_vpp_0002.csv
VPP columns: ('id', 'u', 'v', 'x', 'y', 'z')
coordinate check: max |r_res-r_cg| = 5.000444502911705e-12
coordinate check: max |z_res-z_cg| = 5.000444502911705e-12
VPP columns: ('id', 'u', 'v', 'x', 'y', 'z')
coordinate check: max |r_res-r_cg| = 5.000444502911705e-12
coordinate check: max |z_res-z_cg| = 5.000444502911705e-12
Return code = 0
Elapsed: 125.07 sec
has_err = False
has_conv = True
has_ss = False
has_fin = True
Using VPP file: /homes/aiskhak/projects/GP/runs/7912/4/cand_005/tamu_2d_fv_gp_csv_vpp_0002.csv
VPP columns: ('id', 'u', 'v', 'x', 'y', 'z')
coordinate check: max |r_res-r_cg| = 5.000444502911705e-12
coordinate check: max |z_res-z_cg| = 5.000444502911705e-12
Return code = 0
Elapsed: 130.29 sec
has_err = False
has_conv = True
has_ss = False
has_fin = True
Using VPP file: /homes/aiskhak/projects/GP/runs/7912/4/cand_001/tamu_2d_fv_gp_csv_vpp_0002.csv
VPP columns: ('id', 'u', 'v', 'x', 'y', 'z')
coordinate check: max |r_res-r_cg| = 5.000444502911705e-12
coordinate check: max |z_res-z_cg| = 5.000444502911705e-12
Return code = 0
Elapsed: 155.14 sec
has_err = False
has_conv = True
has_ss = False
has_fin = True
Using VPP file: /homes/aiskhak/projects/GP/runs/7912/4/cand_000/tamu_2d_fv_gp_csv_vpp_0002.csv
VPP columns: ('id', 'u', 'v', 'x', 'y', 'z')
coordinate check: max |r_res-r_cg| = 5.000444502911705e-12
coordinate check: max |z_res-z_cg| = 5.000444502911705e-12
Return code = 0
Elapsed: 457.95 sec
has_err = True
has_conv = False
has_ss = False
has_fin = True
Steady failed; trying unsteady fallback
Running case in: /homes/aiskhak/projects/GP/runs/7912/4/cand_004 with fv_app_run_unsteady.sh
Return code = 0
Elapsed: 776.49 sec
has_err = False
has_conv = True
has_ss = True
has_fin = True
Using VPP file: /homes/aiskhak/projects/GP/runs/7912/4/cand_004/tamu_2d_fv_gp_csv_vpp_0027.csv
VPP columns: ('id', 'u', 'v', 'x', 'y', 'z')
coordinate check: max |r_res-r_cg| = 5.000444502911705e-12
coordinate check: max |z_res-z_cg| = 5.000444502911705e-12

===== LIVE CHECKPOINT =====
Chunk 1, stage refine_train, candidate batch starting 16, case batch 9/18
Completed result rows: 480
Current best partial candidates:
  n_cases= 24, mean=0.44551393, raw = -1.1*eta_h + -4.8*eta_y + -0.12
  n_cases= 24, mean=0.44578409, raw = -1.1*eta_h + -4.8*eta_y + -0.14
  n_cases= 24, mean=0.44693273, raw = -1.1*eta_h + -4.8*eta_y + -0.16
  n_cases= 24, mean=0.44733852, raw = -1.1*eta_h + -5*eta_y + -0.12
  n_cases= 24, mean=0.44777129, raw = -1.1*eta_h + -4.8*eta_y + -0.08
Checkpoint details: /homes/aiskhak/projects/GP/linear_results_linear_refine_best_screen_C1etaH_C2etaY_C3_CeffMin005_chunk1/linear_refine_best_screen_C1etaH_C2etaY_C3_CeffMin005_chunk1_refine_train_details_checkpoint.csv
Checkpoint summary: /homes/aiskhak/projects/GP/linear_results_linear_refine_best_screen_C1etaH_C2etaY_C3_CeffMin005_chunk1/linear_refine_best_screen_C1etaH_C2etaY_C3_CeffMin005_chunk1_refine_train_summary_checkpoint.csv
===========================


===== Stage refine_train, candidate batch starting 16, case batch 10/18 =====
Running 16 tasks with 64 MPI ranks

===== Linear candidate local_id=000, RE=9000, CG=1 =====
raw = -1*eta_h + -5.2*eta_y + -0.16
raw min/max = -5.382772529311599 -0.28234697436402545
C_eff min/max = 0.02050259351247813 0.17984646500406162
lm min/max = 0.01768341391870114 0.10527577739479942

===== Linear candidate local_id=000, RE=9000, CG=2 =====
raw = -1*eta_h + -5.2*eta_y + -0.16
raw min/max = -5.371314138253862 -0.22126005928748468
C_eff min/max = 0.020502653636291918 0.21356263476842488
lm min/max = 0.010589719828739675 0.10584554717321851

===== Linear candidate local_id=001, RE=9000, CG=1 =====
raw = -1*eta_h + -5.2*eta_y + -0.14

===== Linear candidate local_id=001, RE=9000, CG=2 =====
raw = -1*eta_h + -5.2*eta_y + -0.14
raw min/max = -5.362772529311599 -0.2623469743640255
C_eff min/max = 0.020502699360372297 0.1901443490367366
lm min/max = 0.018695953952960156 0.10527632089771466
raw min/max = -5.351314138253861 -0.2012600592874847
C_eff min/max = 0.020502761938103197 0.22616090195690589
lm min/max = 0.011214417683766057 0.1058461062844769

===== Linear candidate local_id=002, RE=9000, CG=1 =====
raw = -1*eta_h + -5.2*eta_y + -0.12
raw min/max = -5.342772529311599 -0.24234697436402547
C_eff min/max = 0.020502809528387605 0.20114733270736143
lm min/max = 0.019777822949295303 0.10527688658338992

===== Linear candidate local_id=002, RE=9000, CG=2 =====
raw = -1*eta_h + -5.2*eta_y + -0.12
raw min/max = -5.331314138253862 -0.18126005928748468
C_eff min/max = 0.020502874660200007 0.2396118414815928
lm min/max = 0.01188139616131767 0.1058466882155882

===== Linear candidate local_id=003, RE=9000, CG=1 =====
raw = -1*eta_h + -5.2*eta_y + -0.08
raw min/max = -5.302772529311599 -0.2023469743640255
C_eff min/max = 0.02050304353733965 0.22545479658225281
lm min/max = 0.02216785571976912 0.10527808816183067

===== Linear candidate local_id=003, RE=9000, CG=2 =====
raw = -1*eta_h + -5.2*eta_y + -0.08
raw min/max = -5.2913141382538615 -0.1412600592874847
C_eff min/max = 0.020503114094332402 0.26928554034807795
lm min/max = 0.013352796613083062 0.10584792430127764

===== Linear candidate local_id=004, RE=9000, CG=1 =====
raw = -1*eta_h + -5*eta_y + -0.2
raw min/max = -5.222772529311599 -0.31851718801585527
C_eff min/max = 0.020503571654799026 0.16287380626669679
lm min/max = 0.016014576281292457 0.10528079991515385

===== Linear candidate local_id=004, RE=9000, CG=2 =====
raw = -1*eta_h + -5*eta_y + -0.2
raw min/max = -5.2113141382538615 -0.25933906232465304
C_eff min/max = 0.020503654455634315 0.19175300092979466
lm min/max = 0.009508267016692605 0.10585071393225355

===== Linear candidate local_id=005, RE=9000, CG=1 =====
raw = -1*eta_h + -5*eta_y + -0.16
raw min/max = -5.182772529311599 -0.27851718801585523
C_eff min/max = 0.020503869146153843 0.18176588913878927
lm min/max = 0.017872141406111958 0.10528232746012652
Running case in: /homes/aiskhak/projects/GP/runs/9000/1/cand_000 with fv_app_run.sh

===== Linear candidate local_id=005, RE=9000, CG=2 =====
raw = -1*eta_h + -5*eta_y + -0.16

===== Linear candidate local_id=006, RE=9000, CG=1 =====
raw = -1*eta_h + -5*eta_y + -0.14
raw min/max = -5.171314138253861 -0.21933906232465303
C_eff min/max = 0.02050395884410494 0.21473709266377078
lm min/max = 0.010647956514552482 0.10585228534660791
raw min/max = -5.1627725293115985 -0.2585171880158552
C_eff min/max = 0.020504027059335062 0.1921953385699531
lm min/max = 0.018897617615673636 0.10528313830549121

===== Linear candidate local_id=006, RE=9000, CG=2 =====
raw = -1*eta_h + -5*eta_y + -0.14
raw min/max = -5.151314138253861 -0.19933906232465304
C_eff min/max = 0.020504120418413527 0.22741502420021925
lm min/max = 0.011276604607064132 0.10585311947868685

===== Linear candidate local_id=007, RE=9000, CG=1 =====
raw = -1*eta_h + -5*eta_y + -0.12
raw min/max = -5.142772529311599 -0.23851718801585522
C_eff min/max = 0.020504191417935937 0.20333851693585916
lm min/max = 0.019993271263410235 0.10528398224650132

===== Linear candidate local_id=007, RE=9000, CG=2 =====
raw = -1*eta_h + -5*eta_y + -0.12
raw min/max = -5.131314138253861 -0.17933906232465302
C_eff min/max = 0.020504288587595572 0.2409506118513731
lm min/max = 0.011947780447812188 0.1058539876569923
Running case in: /homes/aiskhak/projects/GP/runs/9000/1/cand_001 with fv_app_run.sh
Running case in: /homes/aiskhak/projects/GP/runs/9000/2/cand_000 with fv_app_run.sh
Running case in: /homes/aiskhak/projects/GP/runs/9000/1/cand_002 with fv_app_run.sh
Running case in: /homes/aiskhak/projects/GP/runs/9000/2/cand_003 with fv_app_run.sh
Running case in: /homes/aiskhak/projects/GP/runs/9000/2/cand_002 with fv_app_run.sh
Running case in: /homes/aiskhak/projects/GP/runs/9000/1/cand_006 with fv_app_run.sh
Running case in: /homes/aiskhak/projects/GP/runs/9000/2/cand_001 with fv_app_run.sh
Running case in: /homes/aiskhak/projects/GP/runs/9000/1/cand_004 with fv_app_run.sh
Running case in: /homes/aiskhak/projects/GP/runs/9000/2/cand_007 with fv_app_run.sh
Running case in: /homes/aiskhak/projects/GP/runs/9000/2/cand_004 with fv_app_run.sh
Running case in: /homes/aiskhak/projects/GP/runs/9000/1/cand_005 with fv_app_run.sh
Running case in: /homes/aiskhak/projects/GP/runs/9000/1/cand_003 with fv_app_run.sh
Running case in: /homes/aiskhak/projects/GP/runs/9000/1/cand_007 with fv_app_run.sh
Running case in: /homes/aiskhak/projects/GP/runs/9000/2/cand_006 with fv_app_run.sh
Running case in: /homes/aiskhak/projects/GP/runs/9000/2/cand_005 with fv_app_run.sh
Return code = 0
Elapsed: 15.37 sec
has_err = False
has_conv = True
has_ss = False
has_fin = True
Using VPP file: /homes/aiskhak/projects/GP/runs/9000/1/cand_003/tamu_2d_fv_gp_csv_vpp_0002.csv
VPP columns: ('id', 'u', 'v', 'x', 'y', 'z')
coordinate check: max |r_res-r_cg| = 5.000444502911705e-12
coordinate check: max |z_res-z_cg| = 5.000444502911705e-12
Return code = 0
Elapsed: 16.02 sec
has_err = False
has_conv = True
has_ss = False
has_fin = True
Using VPP file: /homes/aiskhak/projects/GP/runs/9000/1/cand_002/tamu_2d_fv_gp_csv_vpp_0002.csv
VPP columns: ('id', 'u', 'v', 'x', 'y', 'z')
coordinate check: max |r_res-r_cg| = 5.000444502911705e-12
coordinate check: max |z_res-z_cg| = 5.000444502911705e-12
Return code = 0
Elapsed: 16.06 sec
has_err = False
has_conv = True
has_ss = False
has_fin = True
Return code = 0
Elapsed: 16.29 sec
has_err = False
has_conv = True
has_ss = False
has_fin = True
Return code = 0
Elapsed: 17.42 sec
has_err = False
has_conv = True
has_ss = False
has_fin = True
Using VPP file: /homes/aiskhak/projects/GP/runs/9000/1/cand_007/tamu_2d_fv_gp_csv_vpp_0002.csv
Using VPP file: /homes/aiskhak/projects/GP/runs/9000/1/cand_006/tamu_2d_fv_gp_csv_vpp_0002.csv
Using VPP file: /homes/aiskhak/projects/GP/runs/9000/1/cand_005/tamu_2d_fv_gp_csv_vpp_0002.csv
VPP columns: ('id', 'u', 'v', 'x', 'y', 'z')
coordinate check: max |r_res-r_cg| = 5.000444502911705e-12
coordinate check: max |z_res-z_cg| = 5.000444502911705e-12
Return code = 0
Elapsed: 17.57 sec
has_err = False
has_conv = True
has_ss = False
has_fin = True
Using VPP file: /homes/aiskhak/projects/GP/runs/9000/1/cand_004/tamu_2d_fv_gp_csv_vpp_0002.csv
VPP columns: ('id', 'u', 'v', 'x', 'y', 'z')
coordinate check: max |r_res-r_cg| = 5.000444502911705e-12
coordinate check: max |z_res-z_cg| = 5.000444502911705e-12
Return code = 0
Elapsed: 17.88 sec
has_err = False
has_conv = True
has_ss = False
has_fin = True
VPP columns: ('id', 'u', 'v', 'x', 'y', 'z')
coordinate check: max |r_res-r_cg| = 5.000444502911705e-12
coordinate check: max |z_res-z_cg| = 5.000444502911705e-12
Return code = 0
Elapsed: 17.81 sec
has_err = False
has_conv = True
has_ss = False
has_fin = True
Using VPP file: /homes/aiskhak/projects/GP/runs/9000/1/cand_000/tamu_2d_fv_gp_csv_vpp_0002.csv
Using VPP file: /homes/aiskhak/projects/GP/runs/9000/1/cand_001/tamu_2d_fv_gp_csv_vpp_0002.csv
VPP columns: ('id', 'u', 'v', 'x', 'y', 'z')
coordinate check: max |r_res-r_cg| = 5.000444502911705e-12
coordinate check: max |z_res-z_cg| = 5.000444502911705e-12
VPP columns: ('id', 'u', 'v', 'x', 'y', 'z')
coordinate check: max |r_res-r_cg| = 5.000444502911705e-12
coordinate check: max |z_res-z_cg| = 5.000444502911705e-12
VPP columns: ('id', 'u', 'v', 'x', 'y', 'z')
coordinate check: max |r_res-r_cg| = 5.000444502911705e-12
coordinate check: max |z_res-z_cg| = 5.000444502911705e-12
Return code = 0
Elapsed: 20.7 sec
has_err = False
has_conv = True
has_ss = False
has_fin = True
Using VPP file: /homes/aiskhak/projects/GP/runs/9000/2/cand_006/tamu_2d_fv_gp_csv_vpp_0002.csv
Return code = 0
Elapsed: 21.08 sec
has_err = False
has_conv = True
has_ss = False
has_fin = True
Using VPP file: /homes/aiskhak/projects/GP/runs/9000/2/cand_003/tamu_2d_fv_gp_csv_vpp_0002.csv
VPP columns: ('id', 'u', 'v', 'x', 'y', 'z')
coordinate check: max |r_res-r_cg| = 5.000444502911705e-12
coordinate check: max |z_res-z_cg| = 5.000444502911705e-12
Return code = 0
Elapsed: 21.23 sec
has_err = False
has_conv = True
has_ss = False
has_fin = True
Return code = 0
Elapsed: 21.3 sec
has_err = False
has_conv = True
has_ss = False
has_fin = True
VPP columns: ('id', 'u', 'v', 'x', 'y', 'z')
coordinate check: max |r_res-r_cg| = 5.000444502911705e-12
coordinate check: max |z_res-z_cg| = 5.000444502911705e-12
Using VPP file: /homes/aiskhak/projects/GP/runs/9000/2/cand_007/tamu_2d_fv_gp_csv_vpp_0002.csv
Using VPP file: /homes/aiskhak/projects/GP/runs/9000/2/cand_002/tamu_2d_fv_gp_csv_vpp_0002.csv
VPP columns: ('id', 'u', 'v', 'x', 'y', 'z')
coordinate check: max |r_res-r_cg| = 5.000444502911705e-12
coordinate check: max |z_res-z_cg| = 5.000444502911705e-12
Return code = 0
Elapsed: 22.96 sec
Return code = 0
Elapsed: 22.84 sec
has_err = False
has_conv = True
has_ss = False
has_fin = True
has_err = False
has_conv = True
has_ss = False
has_fin = True
Using VPP file: /homes/aiskhak/projects/GP/runs/9000/2/cand_000/tamu_2d_fv_gp_csv_vpp_0002.csv
Using VPP file: /homes/aiskhak/projects/GP/runs/9000/2/cand_001/tamu_2d_fv_gp_csv_vpp_0002.csv
VPP columns: ('id', 'u', 'v', 'x', 'y', 'z')
coordinate check: max |r_res-r_cg| = 5.000444502911705e-12
coordinate check: max |z_res-z_cg| = 5.000444502911705e-12
VPP columns: ('id', 'u', 'v', 'x', 'y', 'z')
coordinate check: max |r_res-r_cg| = 5.000444502911705e-12
coordinate check: max |z_res-z_cg| = 5.000444502911705e-12
VPP columns: ('id', 'u', 'v', 'x', 'y', 'z')
coordinate check: max |r_res-r_cg| = 5.000444502911705e-12
coordinate check: max |z_res-z_cg| = 5.000444502911705e-12
Return code = 0
Elapsed: 23.15 sec
Return code = 0
Elapsed: 23.27 sec
has_err = False
has_conv = True
has_ss = False
has_fin = True
has_err = False
has_conv = True
has_ss = False
has_fin = True
Using VPP file: /homes/aiskhak/projects/GP/runs/9000/2/cand_004/tamu_2d_fv_gp_csv_vpp_0002.csv
Using VPP file: /homes/aiskhak/projects/GP/runs/9000/2/cand_005/tamu_2d_fv_gp_csv_vpp_0002.csv
VPP columns: ('id', 'u', 'v', 'x', 'y', 'z')
coordinate check: max |r_res-r_cg| = 5.000444502911705e-12
coordinate check: max |z_res-z_cg| = 5.000444502911705e-12
VPP columns: ('id', 'u', 'v', 'x', 'y', 'z')
coordinate check: max |r_res-r_cg| = 5.000444502911705e-12
coordinate check: max |z_res-z_cg| = 5.000444502911705e-12

===== LIVE CHECKPOINT =====
Chunk 1, stage refine_train, candidate batch starting 16, case batch 10/18
Completed result rows: 496
Current best partial candidates:
  n_cases= 24, mean=0.44551393, raw = -1.1*eta_h + -4.8*eta_y + -0.12
  n_cases= 24, mean=0.44578409, raw = -1.1*eta_h + -4.8*eta_y + -0.14
  n_cases= 24, mean=0.44693273, raw = -1.1*eta_h + -4.8*eta_y + -0.16
  n_cases= 24, mean=0.44733852, raw = -1.1*eta_h + -5*eta_y + -0.12
  n_cases= 24, mean=0.44777129, raw = -1.1*eta_h + -4.8*eta_y + -0.08
Checkpoint details: /homes/aiskhak/projects/GP/linear_results_linear_refine_best_screen_C1etaH_C2etaY_C3_CeffMin005_chunk1/linear_refine_best_screen_C1etaH_C2etaY_C3_CeffMin005_chunk1_refine_train_details_checkpoint.csv
Checkpoint summary: /homes/aiskhak/projects/GP/linear_results_linear_refine_best_screen_C1etaH_C2etaY_C3_CeffMin005_chunk1/linear_refine_best_screen_C1etaH_C2etaY_C3_CeffMin005_chunk1_refine_train_summary_checkpoint.csv
===========================


===== Stage refine_train, candidate batch starting 16, case batch 11/18 =====
Running 8 tasks with 64 MPI ranks

===== Linear candidate local_id=000, RE=9000, CG=3 =====
raw = -1*eta_h + -5.2*eta_y + -0.16
raw min/max = -5.365654205551524 -0.19071828704644533
C_eff min/max = 0.02050268384707585 0.23314116395490192
lm min/max = 0.005804538571871548 0.10590366883519163

===== Linear candidate local_id=001, RE=9000, CG=3 =====
raw = -1*eta_h + -5.2*eta_y + -0.14
raw min/max = -5.345654205551524 -0.17071828704644534
C_eff min/max = 0.02050279338192389 0.24706268551367763
lm min/max = 0.00615114406828524 0.10590423462171787

===== Linear candidate local_id=002, RE=9000, CG=3 =====
raw = -1*eta_h + -5.2*eta_y + -0.12
raw min/max = -5.325654205551524 -0.15071828704644533
C_eff min/max = 0.020502907387387918 0.2619185525798041
lm min/max = 0.006521012057022775 0.10590482350056894

===== Linear candidate local_id=003, RE=9000, CG=3 =====
raw = -1*eta_h + -5.2*eta_y + -0.08
raw min/max = -5.285654205551524 -0.11071828704644532
C_eff min/max = 0.020503149547549213 0.2946604023447589
lm min/max = 0.007336189122501723 0.10590607434410329

===== Linear candidate local_id=004, RE=9000, CG=3 =====
raw = -1*eta_h + -5*eta_y + -0.2
raw min/max = -5.205654205551524 -0.2297542839120253
C_eff min/max = 0.020503696061104273 0.2084575163528073
lm min/max = 0.005189987361049944 0.10590889728138218

===== Linear candidate local_id=005, RE=9000, CG=3 =====
raw = -1*eta_h + -5*eta_y + -0.16
raw min/max = -5.165654205551524 -0.18975428391202528
C_eff min/max = 0.020504003915220764 0.23379156660215636
lm min/max = 0.0058207317107801535 0.10591048745760719

===== Linear candidate local_id=006, RE=9000, CG=3 =====
raw = -1*eta_h + -5*eta_y + -0.14
raw min/max = -5.145654205551524 -0.1697542839120253
C_eff min/max = 0.020504167329164144 0.2477568658138821
lm min/max = 0.006168427143740545 0.10591133154886236

===== Linear candidate local_id=007, RE=9000, CG=3 =====
raw = -1*eta_h + -5*eta_y + -0.12
raw min/max = -5.125654205551524 -0.14975428391202528
C_eff min/max = 0.020504337413078527 0.26265917216573836
lm min/max = 0.0065394513359588215 0.1059122100928948
Running case in: /homes/aiskhak/projects/GP/runs/9000/3/cand_000 with fv_app_run.sh
Running case in: /homes/aiskhak/projects/GP/runs/9000/3/cand_002 with fv_app_run.sh
Running case in: /homes/aiskhak/projects/GP/runs/9000/3/cand_001 with fv_app_run.sh
Running case in: /homes/aiskhak/projects/GP/runs/9000/3/cand_003 with fv_app_run.sh
Running case in: /homes/aiskhak/projects/GP/runs/9000/3/cand_005 with fv_app_run.sh
Running case in: /homes/aiskhak/projects/GP/runs/9000/3/cand_004 with fv_app_run.sh
Running case in: /homes/aiskhak/projects/GP/runs/9000/3/cand_007 with fv_app_run.sh
Running case in: /homes/aiskhak/projects/GP/runs/9000/3/cand_006 with fv_app_run.sh
Return code = 0
Elapsed: 34.76 sec
has_err = False
has_conv = True
has_ss = False
has_fin = True
Using VPP file: /homes/aiskhak/projects/GP/runs/9000/3/cand_004/tamu_2d_fv_gp_csv_vpp_0002.csv
Return code = 0
Elapsed: 35.1 sec
has_err = False
has_conv = True
has_ss = False
has_fin = True
Using VPP file: /homes/aiskhak/projects/GP/runs/9000/3/cand_007/tamu_2d_fv_gp_csv_vpp_0002.csv
VPP columns: ('id', 'u', 'v', 'x', 'y', 'z')
coordinate check: max |r_res-r_cg| = 5.000444502911705e-12
coordinate check: max |z_res-z_cg| = 5.000444502911705e-12
VPP columns: ('id', 'u', 'v', 'x', 'y', 'z')
coordinate check: max |r_res-r_cg| = 5.000444502911705e-12
coordinate check: max |z_res-z_cg| = 5.000444502911705e-12
Return code = 0
Elapsed: 36.39 sec
has_err = False
has_conv = True
has_ss = False
has_fin = True
Using VPP file: /homes/aiskhak/projects/GP/runs/9000/3/cand_002/tamu_2d_fv_gp_csv_vpp_0002.csv
VPP columns: ('id', 'u', 'v', 'x', 'y', 'z')
coordinate check: max |r_res-r_cg| = 5.000444502911705e-12
coordinate check: max |z_res-z_cg| = 5.000444502911705e-12
Return code = 0
Elapsed: 39.41 sec
has_err = False
has_conv = True
has_ss = False
has_fin = True
Using VPP file: /homes/aiskhak/projects/GP/runs/9000/3/cand_000/tamu_2d_fv_gp_csv_vpp_0002.csv
Return code = 0
Elapsed: 39.32 sec
has_err = False
has_conv = True
has_ss = False
has_fin = True
Return code = 0
Elapsed: 39.29 sec
has_err = False
has_conv = True
has_ss = False
has_fin = True
Using VPP file: /homes/aiskhak/projects/GP/runs/9000/3/cand_005/tamu_2d_fv_gp_csv_vpp_0002.csv
Using VPP file: /homes/aiskhak/projects/GP/runs/9000/3/cand_006/tamu_2d_fv_gp_csv_vpp_0002.csv
VPP columns: ('id', 'u', 'v', 'x', 'y', 'z')
coordinate check: max |r_res-r_cg| = 5.000444502911705e-12
coordinate check: max |z_res-z_cg| = 5.000444502911705e-12
VPP columns: ('id', 'u', 'v', 'x', 'y', 'z')
coordinate check: max |r_res-r_cg| = 5.000444502911705e-12
coordinate check: max |z_res-z_cg| = 5.000444502911705e-12
VPP columns: ('id', 'u', 'v', 'x', 'y', 'z')
coordinate check: max |r_res-r_cg| = 5.000444502911705e-12
coordinate check: max |z_res-z_cg| = 5.000444502911705e-12
Return code = 0
Elapsed: 41.72 sec
has_err = False
has_conv = True
has_ss = False
has_fin = True
Using VPP file: /homes/aiskhak/projects/GP/runs/9000/3/cand_003/tamu_2d_fv_gp_csv_vpp_0002.csv
Return code = 0
Elapsed: 42.09 sec
has_err = False
has_conv = True
has_ss = False
has_fin = True
Using VPP file: /homes/aiskhak/projects/GP/runs/9000/3/cand_001/tamu_2d_fv_gp_csv_vpp_0002.csv
VPP columns: ('id', 'u', 'v', 'x', 'y', 'z')
coordinate check: max |r_res-r_cg| = 5.000444502911705e-12
coordinate check: max |z_res-z_cg| = 5.000444502911705e-12
VPP columns: ('id', 'u', 'v', 'x', 'y', 'z')
coordinate check: max |r_res-r_cg| = 5.000444502911705e-12
coordinate check: max |z_res-z_cg| = 5.000444502911705e-12

===== LIVE CHECKPOINT =====
Chunk 1, stage refine_train, candidate batch starting 16, case batch 11/18
Completed result rows: 504
Current best partial candidates:
  n_cases= 24, mean=0.44551393, raw = -1.1*eta_h + -4.8*eta_y + -0.12
  n_cases= 24, mean=0.44578409, raw = -1.1*eta_h + -4.8*eta_y + -0.14
  n_cases= 24, mean=0.44693273, raw = -1.1*eta_h + -4.8*eta_y + -0.16
  n_cases= 24, mean=0.44733852, raw = -1.1*eta_h + -5*eta_y + -0.12
  n_cases= 24, mean=0.44777129, raw = -1.1*eta_h + -4.8*eta_y + -0.08
Checkpoint details: /homes/aiskhak/projects/GP/linear_results_linear_refine_best_screen_C1etaH_C2etaY_C3_CeffMin005_chunk1/linear_refine_best_screen_C1etaH_C2etaY_C3_CeffMin005_chunk1_refine_train_details_checkpoint.csv
Checkpoint summary: /homes/aiskhak/projects/GP/linear_results_linear_refine_best_screen_C1etaH_C2etaY_C3_CeffMin005_chunk1/linear_refine_best_screen_C1etaH_C2etaY_C3_CeffMin005_chunk1_refine_train_summary_checkpoint.csv
===========================


===== Stage refine_train, candidate batch starting 16, case batch 12/18 =====
Running 8 tasks with 96 MPI ranks

===== Linear candidate local_id=000, RE=9000, CG=4 =====
raw = -1*eta_h + -5.2*eta_y + -0.16
raw min/max = -5.362820598169251 -0.1753494854704343
C_eff min/max = 0.020502699100863053 0.24375790081051021
lm min/max = 0.003040721197465684 0.10614994644995847

===== Linear candidate local_id=001, RE=9000, CG=4 =====
raw = -1*eta_h + -5.2*eta_y + -0.14
raw min/max = -5.342820598169251 -0.1553494854704343
C_eff min/max = 0.020502809258286632 0.2583924851830409
lm min/max = 0.003223278114676121 0.10615051677509256

===== Linear candidate local_id=002, RE=9000, CG=4 =====
raw = -1*eta_h + -5.2*eta_y + -0.12
raw min/max = -5.322820598169251 -0.1353494854704343
C_eff min/max = 0.02050292391173869 0.2740044461442203
lm min/max = 0.0034180271688434684 0.10615111037780489

===== Linear candidate local_id=003, RE=9000, CG=4 =====
raw = -1*eta_h + -5.2*eta_y + -0.08
raw min/max = -5.282820598169251 -0.09534948547043431
C_eff min/max = 0.020503167448305947 0.3083939830667195
lm min/max = 0.0038470142644148266 0.10615237125538231

===== Linear candidate local_id=004, RE=9000, CG=4 =====
raw = -1*eta_h + -5*eta_y + -0.2
raw min/max = -5.202820598169251 -0.21486760518961956
C_eff min/max = 0.020503717068210976 0.21749974446262496
lm min/max = 0.0027131677834106014 0.10615521683796632

===== Linear candidate local_id=005, RE=9000, CG=4 =====
raw = -1*eta_h + -5*eta_y + -0.16
raw min/max = -5.162820598169251 -0.17486760518961955
C_eff min/max = 0.02050402667217606 0.24409945189186216
lm min/max = 0.0030449818249556277 0.10615681977054377

===== Linear candidate local_id=006, RE=9000, CG=4 =====
raw = -1*eta_h + -5*eta_y + -0.14

===== Linear candidate local_id=007, RE=9000, CG=4 =====
raw = -1*eta_h + -5*eta_y + -0.12
raw min/max = -5.1428205981692505 -0.15486760518961956
C_eff min/max = 0.02050419101497453 0.2587569211181037
lm min/max = 0.0032278242158247567 0.10615767063311415
raw min/max = -5.122820598169251 -0.13486760518961954
C_eff min/max = 0.020504362065661787 0.27439313658581316
lm min/max = 0.0034228758291784717 0.10615855622486982
Running case in: /homes/aiskhak/projects/GP/runs/9000/4/cand_001 with fv_app_run.sh
Running case in: /homes/aiskhak/projects/GP/runs/9000/4/cand_003 with fv_app_run.sh
Running case in: /homes/aiskhak/projects/GP/runs/9000/4/cand_002 with fv_app_run.sh
Running case in: /homes/aiskhak/projects/GP/runs/9000/4/cand_004 with fv_app_run.sh
Running case in: /homes/aiskhak/projects/GP/runs/9000/4/cand_000 with fv_app_run.sh
Running case in: /homes/aiskhak/projects/GP/runs/9000/4/cand_005 with fv_app_run.sh
Running case in: /homes/aiskhak/projects/GP/runs/9000/4/cand_007 with fv_app_run.sh
Running case in: /homes/aiskhak/projects/GP/runs/9000/4/cand_006 with fv_app_run.sh
Return code = 0
Elapsed: 104.5 sec
has_err = False
has_conv = True
has_ss = False
has_fin = True
Using VPP file: /homes/aiskhak/projects/GP/runs/9000/4/cand_002/tamu_2d_fv_gp_csv_vpp_0002.csv
VPP columns: ('id', 'u', 'v', 'x', 'y', 'z')
coordinate check: max |r_res-r_cg| = 5.000444502911705e-12
coordinate check: max |z_res-z_cg| = 5.000444502911705e-12
Return code = 0
Elapsed: 114.42 sec
has_err = False
has_conv = True
has_ss = False
has_fin = True
Using VPP file: /homes/aiskhak/projects/GP/runs/9000/4/cand_003/tamu_2d_fv_gp_csv_vpp_0002.csv
VPP columns: ('id', 'u', 'v', 'x', 'y', 'z')
coordinate check: max |r_res-r_cg| = 5.000444502911705e-12
coordinate check: max |z_res-z_cg| = 5.000444502911705e-12
Return code = 0
Elapsed: 118.85 sec
has_err = False
has_conv = True
has_ss = False
has_fin = True
Using VPP file: /homes/aiskhak/projects/GP/runs/9000/4/cand_007/tamu_2d_fv_gp_csv_vpp_0002.csv
Return code = 0
Elapsed: 121.75 sec
has_err = False
has_conv = True
has_ss = False
has_fin = True
Using VPP file: /homes/aiskhak/projects/GP/runs/9000/4/cand_006/tamu_2d_fv_gp_csv_vpp_0002.csv
VPP columns: ('id', 'u', 'v', 'x', 'y', 'z')
coordinate check: max |r_res-r_cg| = 5.000444502911705e-12
coordinate check: max |z_res-z_cg| = 5.000444502911705e-12
VPP columns: ('id', 'u', 'v', 'x', 'y', 'z')
coordinate check: max |r_res-r_cg| = 5.000444502911705e-12
coordinate check: max |z_res-z_cg| = 5.000444502911705e-12
Return code = 0
Elapsed: 139.51 sec
has_err = False
has_conv = True
has_ss = False
has_fin = True
Using VPP file: /homes/aiskhak/projects/GP/runs/9000/4/cand_001/tamu_2d_fv_gp_csv_vpp_0002.csv
VPP columns: ('id', 'u', 'v', 'x', 'y', 'z')
coordinate check: max |r_res-r_cg| = 5.000444502911705e-12
coordinate check: max |z_res-z_cg| = 5.000444502911705e-12
Return code = 0
Elapsed: 156.58 sec
has_err = False
has_conv = True
has_ss = False
has_fin = True
Using VPP file: /homes/aiskhak/projects/GP/runs/9000/4/cand_005/tamu_2d_fv_gp_csv_vpp_0002.csv
VPP columns: ('id', 'u', 'v', 'x', 'y', 'z')
coordinate check: max |r_res-r_cg| = 5.000444502911705e-12
coordinate check: max |z_res-z_cg| = 5.000444502911705e-12
Return code = 0
Elapsed: 343.54 sec
has_err = True
has_conv = False
has_ss = False
has_fin = True
Steady failed; trying unsteady fallback
Running case in: /homes/aiskhak/projects/GP/runs/9000/4/cand_000 with fv_app_run_unsteady.sh
Return code = 0
Elapsed: 392.15 sec
has_err = True
has_conv = False
has_ss = False
has_fin = True
Steady failed; trying unsteady fallback
Running case in: /homes/aiskhak/projects/GP/runs/9000/4/cand_004 with fv_app_run_unsteady.sh
Return code = 0
Elapsed: 711.19 sec
has_err = False
has_conv = True
has_ss = True
has_fin = True
Using VPP file: /homes/aiskhak/projects/GP/runs/9000/4/cand_004/tamu_2d_fv_gp_csv_vpp_0028.csv
VPP columns: ('id', 'u', 'v', 'x', 'y', 'z')
coordinate check: max |r_res-r_cg| = 5.000444502911705e-12
coordinate check: max |z_res-z_cg| = 5.000444502911705e-12
Return code = 0
Elapsed: 795.12 sec
has_err = False
has_conv = True
has_ss = True
has_fin = True
Using VPP file: /homes/aiskhak/projects/GP/runs/9000/4/cand_000/tamu_2d_fv_gp_csv_vpp_0027.csv
VPP columns: ('id', 'u', 'v', 'x', 'y', 'z')
coordinate check: max |r_res-r_cg| = 5.000444502911705e-12
coordinate check: max |z_res-z_cg| = 5.000444502911705e-12

===== LIVE CHECKPOINT =====
Chunk 1, stage refine_train, candidate batch starting 16, case batch 12/18
Completed result rows: 512
Current best partial candidates:
  n_cases= 24, mean=0.44551393, raw = -1.1*eta_h + -4.8*eta_y + -0.12
  n_cases= 24, mean=0.44578409, raw = -1.1*eta_h + -4.8*eta_y + -0.14
  n_cases= 24, mean=0.44693273, raw = -1.1*eta_h + -4.8*eta_y + -0.16
  n_cases= 24, mean=0.44733852, raw = -1.1*eta_h + -5*eta_y + -0.12
  n_cases= 24, mean=0.44777129, raw = -1.1*eta_h + -4.8*eta_y + -0.08
Checkpoint details: /homes/aiskhak/projects/GP/linear_results_linear_refine_best_screen_C1etaH_C2etaY_C3_CeffMin005_chunk1/linear_refine_best_screen_C1etaH_C2etaY_C3_CeffMin005_chunk1_refine_train_details_checkpoint.csv
Checkpoint summary: /homes/aiskhak/projects/GP/linear_results_linear_refine_best_screen_C1etaH_C2etaY_C3_CeffMin005_chunk1/linear_refine_best_screen_C1etaH_C2etaY_C3_CeffMin005_chunk1_refine_train_summary_checkpoint.csv
===========================


===== Stage refine_train, candidate batch starting 16, case batch 13/18 =====
Running 16 tasks with 64 MPI ranks

===== Linear candidate local_id=000, RE=10622, CG=1 =====
raw = -1*eta_h + -5.2*eta_y + -0.16
raw min/max = -5.382772529311599 -0.28234697436402545
C_eff min/max = 0.02050259351247813 0.17984646500406162
lm min/max = 0.01768341391870114 0.10527577739479942

===== Linear candidate local_id=000, RE=10622, CG=2 =====
raw = -1*eta_h + -5.2*eta_y + -0.16

===== Linear candidate local_id=001, RE=10622, CG=1 =====
raw = -1*eta_h + -5.2*eta_y + -0.14
raw min/max = -5.371314138253862 -0.22126005928748468
C_eff min/max = 0.020502653636291918 0.21356263476842488
lm min/max = 0.010589719828739675 0.10584554717321851
Running case in: /homes/aiskhak/projects/GP/runs/10622/1/cand_000 with fv_app_run.sh
raw min/max = -5.362772529311599 -0.2623469743640255
C_eff min/max = 0.020502699360372297 0.1901443490367366
lm min/max = 0.018695953952960156 0.10527632089771466

===== Linear candidate local_id=001, RE=10622, CG=2 =====
raw = -1*eta_h + -5.2*eta_y + -0.14
raw min/max = -5.351314138253861 -0.2012600592874847
C_eff min/max = 0.020502761938103197 0.22616090195690589
lm min/max = 0.011214417683766057 0.1058461062844769

===== Linear candidate local_id=002, RE=10622, CG=1 =====
raw = -1*eta_h + -5.2*eta_y + -0.12
raw min/max = -5.342772529311599 -0.24234697436402547
C_eff min/max = 0.020502809528387605 0.20114733270736143
lm min/max = 0.019777822949295303 0.10527688658338992

===== Linear candidate local_id=002, RE=10622, CG=2 =====
raw = -1*eta_h + -5.2*eta_y + -0.12
raw min/max = -5.331314138253862 -0.18126005928748468
C_eff min/max = 0.020502874660200007 0.2396118414815928
lm min/max = 0.01188139616131767 0.1058466882155882

===== Linear candidate local_id=003, RE=10622, CG=1 =====
raw = -1*eta_h + -5.2*eta_y + -0.08
raw min/max = -5.302772529311599 -0.2023469743640255
C_eff min/max = 0.02050304353733965 0.22545479658225281
lm min/max = 0.02216785571976912 0.10527808816183067

===== Linear candidate local_id=003, RE=10622, CG=2 =====
raw = -1*eta_h + -5.2*eta_y + -0.08
raw min/max = -5.2913141382538615 -0.1412600592874847
C_eff min/max = 0.020503114094332402 0.26928554034807795
lm min/max = 0.013352796613083062 0.10584792430127764
Running case in: /homes/aiskhak/projects/GP/runs/10622/1/cand_001 with fv_app_run.sh
Running case in: /homes/aiskhak/projects/GP/runs/10622/1/cand_002 with fv_app_run.sh
Running case in: /homes/aiskhak/projects/GP/runs/10622/2/cand_001 with fv_app_run.sh
Running case in: /homes/aiskhak/projects/GP/runs/10622/2/cand_002 with fv_app_run.sh
Running case in: /homes/aiskhak/projects/GP/runs/10622/2/cand_000 with fv_app_run.sh

===== Linear candidate local_id=004, RE=10622, CG=1 =====
raw = -1*eta_h + -5*eta_y + -0.2
raw min/max = -5.222772529311599 -0.31851718801585527
C_eff min/max = 0.020503571654799026 0.16287380626669679
lm min/max = 0.016014576281292457 0.10528079991515385

===== Linear candidate local_id=004, RE=10622, CG=2 =====
raw = -1*eta_h + -5*eta_y + -0.2

===== Linear candidate local_id=005, RE=10622, CG=1 =====
raw = -1*eta_h + -5*eta_y + -0.16
raw min/max = -5.182772529311599 -0.27851718801585523
C_eff min/max = 0.020503869146153843 0.18176588913878927
lm min/max = 0.017872141406111958 0.10528232746012652
Running case in: /homes/aiskhak/projects/GP/runs/10622/1/cand_003 with fv_app_run.sh
raw min/max = -5.2113141382538615 -0.25933906232465304
C_eff min/max = 0.020503654455634315 0.19175300092979466
lm min/max = 0.009508267016692605 0.10585071393225355

===== Linear candidate local_id=006, RE=10622, CG=1 =====
raw = -1*eta_h + -5*eta_y + -0.14

===== Linear candidate local_id=005, RE=10622, CG=2 =====
raw = -1*eta_h + -5*eta_y + -0.16
raw min/max = -5.1627725293115985 -0.2585171880158552
C_eff min/max = 0.020504027059335062 0.1921953385699531
lm min/max = 0.018897617615673636 0.10528313830549121

===== Linear candidate local_id=006, RE=10622, CG=2 =====
raw = -1*eta_h + -5*eta_y + -0.14
Running case in: /homes/aiskhak/projects/GP/runs/10622/2/cand_003 with fv_app_run.sh
raw min/max = -5.151314138253861 -0.19933906232465304
C_eff min/max = 0.020504120418413527 0.22741502420021925
lm min/max = 0.011276604607064132 0.10585311947868685
raw min/max = -5.171314138253861 -0.21933906232465303
C_eff min/max = 0.02050395884410494 0.21473709266377078
lm min/max = 0.010647956514552482 0.10585228534660791

===== Linear candidate local_id=007, RE=10622, CG=1 =====
raw = -1*eta_h + -5*eta_y + -0.12

===== Linear candidate local_id=007, RE=10622, CG=2 =====
raw = -1*eta_h + -5*eta_y + -0.12
raw min/max = -5.142772529311599 -0.23851718801585522
C_eff min/max = 0.020504191417935937 0.20333851693585916
lm min/max = 0.019993271263410235 0.10528398224650132
raw min/max = -5.131314138253861 -0.17933906232465302
C_eff min/max = 0.020504288587595572 0.2409506118513731
lm min/max = 0.011947780447812188 0.1058539876569923
Running case in: /homes/aiskhak/projects/GP/runs/10622/1/cand_004 with fv_app_run.sh
Running case in: /homes/aiskhak/projects/GP/runs/10622/2/cand_004 with fv_app_run.sh
Running case in: /homes/aiskhak/projects/GP/runs/10622/2/cand_005 with fv_app_run.sh
Running case in: /homes/aiskhak/projects/GP/runs/10622/1/cand_007 with fv_app_run.sh
Running case in: /homes/aiskhak/projects/GP/runs/10622/2/cand_006 with fv_app_run.sh
Running case in: /homes/aiskhak/projects/GP/runs/10622/1/cand_006 with fv_app_run.sh
Running case in: /homes/aiskhak/projects/GP/runs/10622/1/cand_005 with fv_app_run.sh
Running case in: /homes/aiskhak/projects/GP/runs/10622/2/cand_007 with fv_app_run.sh
Return code = 0
Elapsed: 13.7 sec
has_err = False
has_conv = True
has_ss = False
has_fin = True
Using VPP file: /homes/aiskhak/projects/GP/runs/10622/1/cand_007/tamu_2d_fv_gp_csv_vpp_0002.csv
VPP columns: ('id', 'u', 'v', 'x', 'y', 'z')
coordinate check: max |r_res-r_cg| = 5.000444502911705e-12
coordinate check: max |z_res-z_cg| = 5.000444502911705e-12
Return code = 0
Elapsed: 14.86 sec
has_err = False
has_conv = True
has_ss = False
has_fin = True
Using VPP file: /homes/aiskhak/projects/GP/runs/10622/1/cand_003/tamu_2d_fv_gp_csv_vpp_0002.csv
Return code = 0
Elapsed: 15.41 sec
has_err = False
has_conv = True
has_ss = False
has_fin = True
Using VPP file: /homes/aiskhak/projects/GP/runs/10622/1/cand_002/tamu_2d_fv_gp_csv_vpp_0002.csv
Return code = 0
Elapsed: 15.51 sec
Return code = 0
Elapsed: 15.19 sec
has_err = False
has_conv = True
has_ss = False
has_fin = True
has_err = False
has_conv = True
has_ss = False
has_fin = True
VPP columns: ('id', 'u', 'v', 'x', 'y', 'z')
coordinate check: max |r_res-r_cg| = 5.000444502911705e-12
coordinate check: max |z_res-z_cg| = 5.000444502911705e-12
Using VPP file: /homes/aiskhak/projects/GP/runs/10622/1/cand_001/tamu_2d_fv_gp_csv_vpp_0002.csv
Using VPP file: /homes/aiskhak/projects/GP/runs/10622/1/cand_006/tamu_2d_fv_gp_csv_vpp_0002.csv
VPP columns: ('id', 'u', 'v', 'x', 'y', 'z')
coordinate check: max |r_res-r_cg| = 5.000444502911705e-12
coordinate check: max |z_res-z_cg| = 5.000444502911705e-12
Return code = 0
Elapsed: 16.92 sec
has_err = False
has_conv = True
has_ss = False
has_fin = True
VPP columns: ('id', 'u', 'v', 'x', 'y', 'z')
coordinate check: max |r_res-r_cg| = 5.000444502911705e-12
coordinate check: max |z_res-z_cg| = 5.000444502911705e-12
Return code = 0
Return code = 0
Elapsed: 16.63 sec
Elapsed: 16.52 sec
has_err = False
has_conv = True
has_ss = False
has_fin = True
has_err = False
has_conv = True
has_ss = False
has_fin = True
Using VPP file: /homes/aiskhak/projects/GP/runs/10622/1/cand_000/tamu_2d_fv_gp_csv_vpp_0002.csv
Using VPP file: /homes/aiskhak/projects/GP/runs/10622/1/cand_005/tamu_2d_fv_gp_csv_vpp_0002.csv
Using VPP file: /homes/aiskhak/projects/GP/runs/10622/1/cand_004/tamu_2d_fv_gp_csv_vpp_0002.csv
VPP columns: ('id', 'u', 'v', 'x', 'y', 'z')
coordinate check: max |r_res-r_cg| = 5.000444502911705e-12
coordinate check: max |z_res-z_cg| = 5.000444502911705e-12
VPP columns: ('id', 'u', 'v', 'x', 'y', 'z')
coordinate check: max |r_res-r_cg| = 5.000444502911705e-12
coordinate check: max |z_res-z_cg| = 5.000444502911705e-12
VPP columns: ('id', 'u', 'v', 'x', 'y', 'z')
coordinate check: max |r_res-r_cg| = 5.000444502911705e-12
coordinate check: max |z_res-z_cg| = 5.000444502911705e-12
VPP columns: ('id', 'u', 'v', 'x', 'y', 'z')
coordinate check: max |r_res-r_cg| = 5.000444502911705e-12
coordinate check: max |z_res-z_cg| = 5.000444502911705e-12
Return code = 0
Elapsed: 19.05 sec
has_err = False
has_conv = True
has_ss = False
has_fin = True
Using VPP file: /homes/aiskhak/projects/GP/runs/10622/2/cand_003/tamu_2d_fv_gp_csv_vpp_0002.csv
Return code = 0
Elapsed: 19.46 sec
has_err = False
has_conv = True
has_ss = False
has_fin = True
Using VPP file: /homes/aiskhak/projects/GP/runs/10622/2/cand_007/tamu_2d_fv_gp_csv_vpp_0002.csv
VPP columns: ('id', 'u', 'v', 'x', 'y', 'z')
coordinate check: max |r_res-r_cg| = 5.000444502911705e-12
coordinate check: max |z_res-z_cg| = 5.000444502911705e-12
VPP columns: ('id', 'u', 'v', 'x', 'y', 'z')
coordinate check: max |r_res-r_cg| = 5.000444502911705e-12
coordinate check: max |z_res-z_cg| = 5.000444502911705e-12
Return code = 0
Elapsed: 20.26 sec
has_err = False
has_conv = True
has_ss = False
has_fin = True
Using VPP file: /homes/aiskhak/projects/GP/runs/10622/2/cand_001/tamu_2d_fv_gp_csv_vpp_0002.csv
VPP columns: ('id', 'u', 'v', 'x', 'y', 'z')
coordinate check: max |r_res-r_cg| = 5.000444502911705e-12
coordinate check: max |z_res-z_cg| = 5.000444502911705e-12
Return code = 0
Elapsed: 22.01 sec
has_err = False
has_conv = True
has_ss = False
has_fin = True
Return code = 0
Elapsed: 21.71 sec
has_err = False
has_conv = True
has_ss = False
has_fin = True
Using VPP file: /homes/aiskhak/projects/GP/runs/10622/2/cand_002/tamu_2d_fv_gp_csv_vpp_0002.csv
Using VPP file: /homes/aiskhak/projects/GP/runs/10622/2/cand_006/tamu_2d_fv_gp_csv_vpp_0002.csv
VPP columns: ('id', 'u', 'v', 'x', 'y', 'z')
coordinate check: max |r_res-r_cg| = 5.000444502911705e-12
coordinate check: max |z_res-z_cg| = 5.000444502911705e-12
VPP columns: ('id', 'u', 'v', 'x', 'y', 'z')
coordinate check: max |r_res-r_cg| = 5.000444502911705e-12
coordinate check: max |z_res-z_cg| = 5.000444502911705e-12
Return code = 0
Elapsed: 22.52 sec
has_err = False
has_conv = True
has_ss = False
has_fin = True
Using VPP file: /homes/aiskhak/projects/GP/runs/10622/2/cand_005/tamu_2d_fv_gp_csv_vpp_0002.csv
Return code = 0
Elapsed: 22.68 sec
has_err = False
has_conv = True
has_ss = False
has_fin = True
Using VPP file: /homes/aiskhak/projects/GP/runs/10622/2/cand_004/tamu_2d_fv_gp_csv_vpp_0002.csv
VPP columns: ('id', 'u', 'v', 'x', 'y', 'z')
coordinate check: max |r_res-r_cg| = 5.000444502911705e-12
coordinate check: max |z_res-z_cg| = 5.000444502911705e-12
Return code = 0
Elapsed: 23.11 sec
has_err = False
has_conv = True
has_ss = False
has_fin = True
Using VPP file: /homes/aiskhak/projects/GP/runs/10622/2/cand_000/tamu_2d_fv_gp_csv_vpp_0002.csv
VPP columns: ('id', 'u', 'v', 'x', 'y', 'z')
coordinate check: max |r_res-r_cg| = 5.000444502911705e-12
coordinate check: max |z_res-z_cg| = 5.000444502911705e-12
VPP columns: ('id', 'u', 'v', 'x', 'y', 'z')
coordinate check: max |r_res-r_cg| = 5.000444502911705e-12
coordinate check: max |z_res-z_cg| = 5.000444502911705e-12

===== LIVE CHECKPOINT =====
Chunk 1, stage refine_train, candidate batch starting 16, case batch 13/18
Completed result rows: 528
Current best partial candidates:
  n_cases= 24, mean=0.44551393, raw = -1.1*eta_h + -4.8*eta_y + -0.12
  n_cases= 24, mean=0.44578409, raw = -1.1*eta_h + -4.8*eta_y + -0.14
  n_cases= 24, mean=0.44693273, raw = -1.1*eta_h + -4.8*eta_y + -0.16
  n_cases= 24, mean=0.44733852, raw = -1.1*eta_h + -5*eta_y + -0.12
  n_cases= 24, mean=0.44777129, raw = -1.1*eta_h + -4.8*eta_y + -0.08
Checkpoint details: /homes/aiskhak/projects/GP/linear_results_linear_refine_best_screen_C1etaH_C2etaY_C3_CeffMin005_chunk1/linear_refine_best_screen_C1etaH_C2etaY_C3_CeffMin005_chunk1_refine_train_details_checkpoint.csv
Checkpoint summary: /homes/aiskhak/projects/GP/linear_results_linear_refine_best_screen_C1etaH_C2etaY_C3_CeffMin005_chunk1/linear_refine_best_screen_C1etaH_C2etaY_C3_CeffMin005_chunk1_refine_train_summary_checkpoint.csv
===========================


===== Stage refine_train, candidate batch starting 16, case batch 14/18 =====
Running 8 tasks with 64 MPI ranks

===== Linear candidate local_id=000, RE=10622, CG=3 =====
raw = -1*eta_h + -5.2*eta_y + -0.16
raw min/max = -5.365654205551524 -0.19071828704644533
C_eff min/max = 0.02050268384707585 0.23314116395490192
lm min/max = 0.005804538571871548 0.10590366883519163

===== Linear candidate local_id=001, RE=10622, CG=3 =====
raw = -1*eta_h + -5.2*eta_y + -0.14
raw min/max = -5.345654205551524 -0.17071828704644534
C_eff min/max = 0.02050279338192389 0.24706268551367763
lm min/max = 0.00615114406828524 0.10590423462171787

===== Linear candidate local_id=002, RE=10622, CG=3 =====
raw = -1*eta_h + -5.2*eta_y + -0.12
raw min/max = -5.325654205551524 -0.15071828704644533
C_eff min/max = 0.020502907387387918 0.2619185525798041
lm min/max = 0.006521012057022775 0.10590482350056894

===== Linear candidate local_id=004, RE=10622, CG=3 =====
raw = -1*eta_h + -5*eta_y + -0.2

===== Linear candidate local_id=003, RE=10622, CG=3 =====
raw = -1*eta_h + -5.2*eta_y + -0.08
raw min/max = -5.205654205551524 -0.2297542839120253
C_eff min/max = 0.020503696061104273 0.2084575163528073
lm min/max = 0.005189987361049944 0.10590889728138218
raw min/max = -5.285654205551524 -0.11071828704644532
C_eff min/max = 0.020503149547549213 0.2946604023447589
lm min/max = 0.007336189122501723 0.10590607434410329

===== Linear candidate local_id=005, RE=10622, CG=3 =====
raw = -1*eta_h + -5*eta_y + -0.16
raw min/max = -5.165654205551524 -0.18975428391202528
C_eff min/max = 0.020504003915220764 0.23379156660215636
lm min/max = 0.0058207317107801535 0.10591048745760719

===== Linear candidate local_id=006, RE=10622, CG=3 =====
raw = -1*eta_h + -5*eta_y + -0.14
raw min/max = -5.145654205551524 -0.1697542839120253
C_eff min/max = 0.020504167329164144 0.2477568658138821
lm min/max = 0.006168427143740545 0.10591133154886236

===== Linear candidate local_id=007, RE=10622, CG=3 =====
raw = -1*eta_h + -5*eta_y + -0.12
raw min/max = -5.125654205551524 -0.14975428391202528
C_eff min/max = 0.020504337413078527 0.26265917216573836
lm min/max = 0.0065394513359588215 0.1059122100928948
Running case in: /homes/aiskhak/projects/GP/runs/10622/3/cand_001 with fv_app_run.sh
Running case in: /homes/aiskhak/projects/GP/runs/10622/3/cand_000 with fv_app_run.sh
Running case in: /homes/aiskhak/projects/GP/runs/10622/3/cand_004 with fv_app_run.sh
Running case in: /homes/aiskhak/projects/GP/runs/10622/3/cand_005 with fv_app_run.sh
Running case in: /homes/aiskhak/projects/GP/runs/10622/3/cand_002 with fv_app_run.sh
Running case in: /homes/aiskhak/projects/GP/runs/10622/3/cand_006 with fv_app_run.sh
Running case in: /homes/aiskhak/projects/GP/runs/10622/3/cand_003 with fv_app_run.sh
Running case in: /homes/aiskhak/projects/GP/runs/10622/3/cand_007 with fv_app_run.sh
Return code = 0
Elapsed: 38.25 sec
has_err = False
has_conv = True
has_ss = False
has_fin = True
Using VPP file: /homes/aiskhak/projects/GP/runs/10622/3/cand_002/tamu_2d_fv_gp_csv_vpp_0002.csv
Return code = 0
Elapsed: 39.07 sec
has_err = False
has_conv = True
has_ss = False
has_fin = True
Return code = 0
Elapsed: 38.87 sec
has_err = False
has_conv = True
has_ss = False
has_fin = True
Using VPP file: /homes/aiskhak/projects/GP/runs/10622/3/cand_000/tamu_2d_fv_gp_csv_vpp_0002.csv
Using VPP file: /homes/aiskhak/projects/GP/runs/10622/3/cand_003/tamu_2d_fv_gp_csv_vpp_0002.csv
VPP columns: ('id', 'u', 'v', 'x', 'y', 'z')
coordinate check: max |r_res-r_cg| = 5.000444502911705e-12
coordinate check: max |z_res-z_cg| = 5.000444502911705e-12
VPP columns: ('id', 'u', 'v', 'x', 'y', 'z')
coordinate check: max |r_res-r_cg| = 5.000444502911705e-12
coordinate check: max |z_res-z_cg| = 5.000444502911705e-12
VPP columns: ('id', 'u', 'v', 'x', 'y', 'z')
coordinate check: max |r_res-r_cg| = 5.000444502911705e-12
coordinate check: max |z_res-z_cg| = 5.000444502911705e-12
Return code = 0
Elapsed: 40.46 sec
has_err = False
has_conv = True
has_ss = False
has_fin = True
Using VPP file: /homes/aiskhak/projects/GP/runs/10622/3/cand_004/tamu_2d_fv_gp_csv_vpp_0002.csv
VPP columns: ('id', 'u', 'v', 'x', 'y', 'z')
coordinate check: max |r_res-r_cg| = 5.000444502911705e-12
coordinate check: max |z_res-z_cg| = 5.000444502911705e-12
Return code = 0
Elapsed: 41.03 sec
has_err = False
has_conv = True
has_ss = False
has_fin = True
Using VPP file: /homes/aiskhak/projects/GP/runs/10622/3/cand_001/tamu_2d_fv_gp_csv_vpp_0002.csv
Return code = 0
Elapsed: 41.17 sec
has_err = False
has_conv = True
has_ss = False
has_fin = True
Using VPP file: /homes/aiskhak/projects/GP/runs/10622/3/cand_007/tamu_2d_fv_gp_csv_vpp_0002.csv
VPP columns: ('id', 'u', 'v', 'x', 'y', 'z')
coordinate check: max |r_res-r_cg| = 5.000444502911705e-12
coordinate check: max |z_res-z_cg| = 5.000444502911705e-12
Return code = 0
Elapsed: 41.33 sec
has_err = False
has_conv = True
has_ss = False
has_fin = True
Using VPP file: /homes/aiskhak/projects/GP/runs/10622/3/cand_006/tamu_2d_fv_gp_csv_vpp_0002.csv
VPP columns: ('id', 'u', 'v', 'x', 'y', 'z')
coordinate check: max |r_res-r_cg| = 5.000444502911705e-12
coordinate check: max |z_res-z_cg| = 5.000444502911705e-12
Return code = 0
Elapsed: 43.05 sec
has_err = False
has_conv = True
has_ss = False
has_fin = True
VPP columns: ('id', 'u', 'v', 'x', 'y', 'z')
coordinate check: max |r_res-r_cg| = 5.000444502911705e-12
coordinate check: max |z_res-z_cg| = 5.000444502911705e-12
Using VPP file: /homes/aiskhak/projects/GP/runs/10622/3/cand_005/tamu_2d_fv_gp_csv_vpp_0002.csv
VPP columns: ('id', 'u', 'v', 'x', 'y', 'z')
coordinate check: max |r_res-r_cg| = 5.000444502911705e-12
coordinate check: max |z_res-z_cg| = 5.000444502911705e-12

===== LIVE CHECKPOINT =====
Chunk 1, stage refine_train, candidate batch starting 16, case batch 14/18
Completed result rows: 536
Current best partial candidates:
  n_cases= 24, mean=0.44551393, raw = -1.1*eta_h + -4.8*eta_y + -0.12
  n_cases= 24, mean=0.44578409, raw = -1.1*eta_h + -4.8*eta_y + -0.14
  n_cases= 24, mean=0.44693273, raw = -1.1*eta_h + -4.8*eta_y + -0.16
  n_cases= 24, mean=0.44733852, raw = -1.1*eta_h + -5*eta_y + -0.12
  n_cases= 24, mean=0.44777129, raw = -1.1*eta_h + -4.8*eta_y + -0.08
Checkpoint details: /homes/aiskhak/projects/GP/linear_results_linear_refine_best_screen_C1etaH_C2etaY_C3_CeffMin005_chunk1/linear_refine_best_screen_C1etaH_C2etaY_C3_CeffMin005_chunk1_refine_train_details_checkpoint.csv
Checkpoint summary: /homes/aiskhak/projects/GP/linear_results_linear_refine_best_screen_C1etaH_C2etaY_C3_CeffMin005_chunk1/linear_refine_best_screen_C1etaH_C2etaY_C3_CeffMin005_chunk1_refine_train_summary_checkpoint.csv
===========================


===== Stage refine_train, candidate batch starting 16, case batch 15/18 =====
Running 8 tasks with 96 MPI ranks

===== Linear candidate local_id=000, RE=10622, CG=4 =====
raw = -1*eta_h + -5.2*eta_y + -0.16
raw min/max = -5.362820598169251 -0.1753494854704343
C_eff min/max = 0.020502699100863053 0.24375790081051021
lm min/max = 0.003040721197465684 0.10614994644995847

===== Linear candidate local_id=001, RE=10622, CG=4 =====
raw = -1*eta_h + -5.2*eta_y + -0.14
raw min/max = -5.342820598169251 -0.1553494854704343
C_eff min/max = 0.020502809258286632 0.2583924851830409
lm min/max = 0.003223278114676121 0.10615051677509256

===== Linear candidate local_id=002, RE=10622, CG=4 =====
raw = -1*eta_h + -5.2*eta_y + -0.12
raw min/max = -5.322820598169251 -0.1353494854704343
C_eff min/max = 0.02050292391173869 0.2740044461442203
lm min/max = 0.0034180271688434684 0.10615111037780489

===== Linear candidate local_id=003, RE=10622, CG=4 =====
raw = -1*eta_h + -5.2*eta_y + -0.08
raw min/max = -5.282820598169251 -0.09534948547043431
C_eff min/max = 0.020503167448305947 0.3083939830667195
lm min/max = 0.0038470142644148266 0.10615237125538231

===== Linear candidate local_id=004, RE=10622, CG=4 =====
raw = -1*eta_h + -5*eta_y + -0.2
raw min/max = -5.202820598169251 -0.21486760518961956
C_eff min/max = 0.020503717068210976 0.21749974446262496
lm min/max = 0.0027131677834106014 0.10615521683796632

===== Linear candidate local_id=005, RE=10622, CG=4 =====
raw = -1*eta_h + -5*eta_y + -0.16
raw min/max = -5.162820598169251 -0.17486760518961955
C_eff min/max = 0.02050402667217606 0.24409945189186216
lm min/max = 0.0030449818249556277 0.10615681977054377

===== Linear candidate local_id=006, RE=10622, CG=4 =====
raw = -1*eta_h + -5*eta_y + -0.14
raw min/max = -5.1428205981692505 -0.15486760518961956
C_eff min/max = 0.02050419101497453 0.2587569211181037
lm min/max = 0.0032278242158247567 0.10615767063311415

===== Linear candidate local_id=007, RE=10622, CG=4 =====
raw = -1*eta_h + -5*eta_y + -0.12
raw min/max = -5.122820598169251 -0.13486760518961954
C_eff min/max = 0.020504362065661787 0.27439313658581316
lm min/max = 0.0034228758291784717 0.10615855622486982
Running case in: /homes/aiskhak/projects/GP/runs/10622/4/cand_002 with fv_app_run.sh
Running case in: /homes/aiskhak/projects/GP/runs/10622/4/cand_000 with fv_app_run.sh
Running case in: /homes/aiskhak/projects/GP/runs/10622/4/cand_003 with fv_app_run.sh
Running case in: /homes/aiskhak/projects/GP/runs/10622/4/cand_004 with fv_app_run.sh
Running case in: /homes/aiskhak/projects/GP/runs/10622/4/cand_001 with fv_app_run.sh
Running case in: /homes/aiskhak/projects/GP/runs/10622/4/cand_005 with fv_app_run.sh
Running case in: /homes/aiskhak/projects/GP/runs/10622/4/cand_006 with fv_app_run.sh
Running case in: /homes/aiskhak/projects/GP/runs/10622/4/cand_007 with fv_app_run.sh
Return code = 0
Elapsed: 108.83 sec
has_err = False
has_conv = True
has_ss = False
has_fin = True
Using VPP file: /homes/aiskhak/projects/GP/runs/10622/4/cand_003/tamu_2d_fv_gp_csv_vpp_0002.csv
Return code = 0
Elapsed: 108.97 sec
has_err = False
has_conv = True
has_ss = False
has_fin = True
Using VPP file: /homes/aiskhak/projects/GP/runs/10622/4/cand_002/tamu_2d_fv_gp_csv_vpp_0002.csv
VPP columns: ('id', 'u', 'v', 'x', 'y', 'z')
coordinate check: max |r_res-r_cg| = 5.000444502911705e-12
coordinate check: max |z_res-z_cg| = 5.000444502911705e-12
Return code = 0
Elapsed: 109.62 sec
has_err = False
has_conv = True
has_ss = False
has_fin = True
Using VPP file: /homes/aiskhak/projects/GP/runs/10622/4/cand_007/tamu_2d_fv_gp_csv_vpp_0002.csv
VPP columns: ('id', 'u', 'v', 'x', 'y', 'z')
coordinate check: max |r_res-r_cg| = 5.000444502911705e-12
coordinate check: max |z_res-z_cg| = 5.000444502911705e-12
VPP columns: ('id', 'u', 'v', 'x', 'y', 'z')
coordinate check: max |r_res-r_cg| = 5.000444502911705e-12
coordinate check: max |z_res-z_cg| = 5.000444502911705e-12
Return code = 0
Elapsed: 130.63 sec
has_err = False
has_conv = True
has_ss = False
has_fin = True
Using VPP file: /homes/aiskhak/projects/GP/runs/10622/4/cand_006/tamu_2d_fv_gp_csv_vpp_0002.csv
Return code = 0
Elapsed: 131.3 sec
has_err = False
has_conv = True
has_ss = False
has_fin = True
Using VPP file: /homes/aiskhak/projects/GP/runs/10622/4/cand_001/tamu_2d_fv_gp_csv_vpp_0002.csv
VPP columns: ('id', 'u', 'v', 'x', 'y', 'z')
coordinate check: max |r_res-r_cg| = 5.000444502911705e-12
coordinate check: max |z_res-z_cg| = 5.000444502911705e-12
VPP columns: ('id', 'u', 'v', 'x', 'y', 'z')
coordinate check: max |r_res-r_cg| = 5.000444502911705e-12
coordinate check: max |z_res-z_cg| = 5.000444502911705e-12
Return code = 0
Elapsed: 144.85 sec
has_err = False
has_conv = True
has_ss = False
has_fin = True
Using VPP file: /homes/aiskhak/projects/GP/runs/10622/4/cand_005/tamu_2d_fv_gp_csv_vpp_0002.csv
Return code = 0
Elapsed: 145.48 sec
has_err = False
has_conv = True
has_ss = False
has_fin = True
Using VPP file: /homes/aiskhak/projects/GP/runs/10622/4/cand_000/tamu_2d_fv_gp_csv_vpp_0002.csv
VPP columns: ('id', 'u', 'v', 'x', 'y', 'z')
coordinate check: max |r_res-r_cg| = 5.000444502911705e-12
coordinate check: max |z_res-z_cg| = 5.000444502911705e-12
VPP columns: ('id', 'u', 'v', 'x', 'y', 'z')
coordinate check: max |r_res-r_cg| = 5.000444502911705e-12
coordinate check: max |z_res-z_cg| = 5.000444502911705e-12
Return code = 0
Elapsed: 380.93 sec
has_err = True
has_conv = False
has_ss = False
has_fin = True
Steady failed; trying unsteady fallback
Running case in: /homes/aiskhak/projects/GP/runs/10622/4/cand_004 with fv_app_run_unsteady.sh
Return code = 0
Elapsed: 969.99 sec
has_err = False
has_conv = True
has_ss = True
has_fin = True
Using VPP file: /homes/aiskhak/projects/GP/runs/10622/4/cand_004/tamu_2d_fv_gp_csv_vpp_0030.csv
VPP columns: ('id', 'u', 'v', 'x', 'y', 'z')
coordinate check: max |r_res-r_cg| = 5.000444502911705e-12
coordinate check: max |z_res-z_cg| = 5.000444502911705e-12

===== LIVE CHECKPOINT =====
Chunk 1, stage refine_train, candidate batch starting 16, case batch 15/18
Completed result rows: 544
Current best partial candidates:
  n_cases= 24, mean=0.44551393, raw = -1.1*eta_h + -4.8*eta_y + -0.12
  n_cases= 24, mean=0.44578409, raw = -1.1*eta_h + -4.8*eta_y + -0.14
  n_cases= 24, mean=0.44693273, raw = -1.1*eta_h + -4.8*eta_y + -0.16
  n_cases= 24, mean=0.44733852, raw = -1.1*eta_h + -5*eta_y + -0.12
  n_cases= 24, mean=0.44777129, raw = -1.1*eta_h + -4.8*eta_y + -0.08
Checkpoint details: /homes/aiskhak/projects/GP/linear_results_linear_refine_best_screen_C1etaH_C2etaY_C3_CeffMin005_chunk1/linear_refine_best_screen_C1etaH_C2etaY_C3_CeffMin005_chunk1_refine_train_details_checkpoint.csv
Checkpoint summary: /homes/aiskhak/projects/GP/linear_results_linear_refine_best_screen_C1etaH_C2etaY_C3_CeffMin005_chunk1/linear_refine_best_screen_C1etaH_C2etaY_C3_CeffMin005_chunk1_refine_train_summary_checkpoint.csv
===========================


===== Stage refine_train, candidate batch starting 16, case batch 16/18 =====
Running 16 tasks with 64 MPI ranks

===== Linear candidate local_id=000, RE=14000, CG=1 =====
raw = -1*eta_h + -5.2*eta_y + -0.16
raw min/max = -5.382772529311599 -0.28234697436402545
C_eff min/max = 0.02050259351247813 0.17984646500406162
lm min/max = 0.01768341391870114 0.10527577739479942

===== Linear candidate local_id=000, RE=14000, CG=2 =====
raw = -1*eta_h + -5.2*eta_y + -0.16

===== Linear candidate local_id=001, RE=14000, CG=1 =====
raw = -1*eta_h + -5.2*eta_y + -0.14
raw min/max = -5.371314138253862 -0.22126005928748468
C_eff min/max = 0.020502653636291918 0.21356263476842488
lm min/max = 0.010589719828739675 0.10584554717321851
raw min/max = -5.362772529311599 -0.2623469743640255
C_eff min/max = 0.020502699360372297 0.1901443490367366
lm min/max = 0.018695953952960156 0.10527632089771466

===== Linear candidate local_id=002, RE=14000, CG=1 =====
raw = -1*eta_h + -5.2*eta_y + -0.12
raw min/max = -5.342772529311599 -0.24234697436402547
C_eff min/max = 0.020502809528387605 0.20114733270736143
lm min/max = 0.019777822949295303 0.10527688658338992

===== Linear candidate local_id=001, RE=14000, CG=2 =====
raw = -1*eta_h + -5.2*eta_y + -0.14
raw min/max = -5.351314138253861 -0.2012600592874847
C_eff min/max = 0.020502761938103197 0.22616090195690589
lm min/max = 0.011214417683766057 0.1058461062844769

===== Linear candidate local_id=002, RE=14000, CG=2 =====
raw = -1*eta_h + -5.2*eta_y + -0.12
raw min/max = -5.331314138253862 -0.18126005928748468
C_eff min/max = 0.020502874660200007 0.2396118414815928
lm min/max = 0.01188139616131767 0.1058466882155882

===== Linear candidate local_id=003, RE=14000, CG=1 =====

===== Linear candidate local_id=003, RE=14000, CG=2 =====
raw = -1*eta_h + -5.2*eta_y + -0.08
raw = -1*eta_h + -5.2*eta_y + -0.08
Running case in: /homes/aiskhak/projects/GP/runs/14000/1/cand_001 with fv_app_run.sh
raw min/max = -5.2913141382538615 -0.1412600592874847
C_eff min/max = 0.020503114094332402 0.26928554034807795
lm min/max = 0.013352796613083062 0.10584792430127764
Running case in: /homes/aiskhak/projects/GP/runs/14000/1/cand_002 with fv_app_run.sh
raw min/max = -5.302772529311599 -0.2023469743640255
C_eff min/max = 0.02050304353733965 0.22545479658225281
lm min/max = 0.02216785571976912 0.10527808816183067

===== Linear candidate local_id=004, RE=14000, CG=1 =====
raw = -1*eta_h + -5*eta_y + -0.2

===== Linear candidate local_id=005, RE=14000, CG=1 =====
Running case in: /homes/aiskhak/projects/GP/runs/14000/1/cand_000 with fv_app_run.sh
raw = -1*eta_h + -5*eta_y + -0.16

===== Linear candidate local_id=004, RE=14000, CG=2 =====
raw = -1*eta_h + -5*eta_y + -0.2
raw min/max = -5.182772529311599 -0.27851718801585523
C_eff min/max = 0.020503869146153843 0.18176588913878927
lm min/max = 0.017872141406111958 0.10528232746012652
raw min/max = -5.2113141382538615 -0.25933906232465304
C_eff min/max = 0.020503654455634315 0.19175300092979466
lm min/max = 0.009508267016692605 0.10585071393225355
raw min/max = -5.222772529311599 -0.31851718801585527
C_eff min/max = 0.020503571654799026 0.16287380626669679
lm min/max = 0.016014576281292457 0.10528079991515385

===== Linear candidate local_id=005, RE=14000, CG=2 =====
raw = -1*eta_h + -5*eta_y + -0.16

===== Linear candidate local_id=006, RE=14000, CG=1 =====
raw = -1*eta_h + -5*eta_y + -0.14
raw min/max = -5.171314138253861 -0.21933906232465303
C_eff min/max = 0.02050395884410494 0.21473709266377078
lm min/max = 0.010647956514552482 0.10585228534660791
raw min/max = -5.1627725293115985 -0.2585171880158552
C_eff min/max = 0.020504027059335062 0.1921953385699531
lm min/max = 0.018897617615673636 0.10528313830549121
Running case in: /homes/aiskhak/projects/GP/runs/14000/2/cand_000 with fv_app_run.sh
Running case in: /homes/aiskhak/projects/GP/runs/14000/1/cand_003 with fv_app_run.sh

===== Linear candidate local_id=006, RE=14000, CG=2 =====
raw = -1*eta_h + -5*eta_y + -0.14

===== Linear candidate local_id=007, RE=14000, CG=1 =====
raw = -1*eta_h + -5*eta_y + -0.12
raw min/max = -5.142772529311599 -0.23851718801585522
C_eff min/max = 0.020504191417935937 0.20333851693585916
lm min/max = 0.019993271263410235 0.10528398224650132
raw min/max = -5.151314138253861 -0.19933906232465304
C_eff min/max = 0.020504120418413527 0.22741502420021925
lm min/max = 0.011276604607064132 0.10585311947868685

===== Linear candidate local_id=007, RE=14000, CG=2 =====
raw = -1*eta_h + -5*eta_y + -0.12
Running case in: /homes/aiskhak/projects/GP/runs/14000/1/cand_005 with fv_app_run.sh
raw min/max = -5.131314138253861 -0.17933906232465302
C_eff min/max = 0.020504288587595572 0.2409506118513731
lm min/max = 0.011947780447812188 0.1058539876569923
Running case in: /homes/aiskhak/projects/GP/runs/14000/2/cand_001 with fv_app_run.sh
Running case in: /homes/aiskhak/projects/GP/runs/14000/1/cand_007 with fv_app_run.sh
Running case in: /homes/aiskhak/projects/GP/runs/14000/1/cand_004 with fv_app_run.sh
Running case in: /homes/aiskhak/projects/GP/runs/14000/2/cand_003 with fv_app_run.sh
Running case in: /homes/aiskhak/projects/GP/runs/14000/1/cand_006 with fv_app_run.sh
Running case in: /homes/aiskhak/projects/GP/runs/14000/2/cand_004 with fv_app_run.sh
Running case in: /homes/aiskhak/projects/GP/runs/14000/2/cand_005 with fv_app_run.sh
Running case in: /homes/aiskhak/projects/GP/runs/14000/2/cand_002 with fv_app_run.sh
Running case in: /homes/aiskhak/projects/GP/runs/14000/2/cand_007 with fv_app_run.sh
Running case in: /homes/aiskhak/projects/GP/runs/14000/2/cand_006 with fv_app_run.sh
Return code = 0
Elapsed: 15.1 sec
has_err = False
has_conv = True
has_ss = False
has_fin = True
Using VPP file: /homes/aiskhak/projects/GP/runs/14000/1/cand_005/tamu_2d_fv_gp_csv_vpp_0002.csv
VPP columns: ('id', 'u', 'v', 'x', 'y', 'z')
coordinate check: max |r_res-r_cg| = 5.000444502911705e-12
coordinate check: max |z_res-z_cg| = 5.000444502911705e-12
Return code = 0
Elapsed: 17.27 sec
has_err = False
has_conv = True
has_ss = False
has_fin = True
Using VPP file: /homes/aiskhak/projects/GP/runs/14000/1/cand_003/tamu_2d_fv_gp_csv_vpp_0002.csv
Return code = 0
Elapsed: 17.86 sec
has_err = False
has_conv = True
has_ss = False
has_fin = True
Return code = 0
Elapsed: 17.72 sec
has_err = False
has_conv = True
has_ss = False
has_fin = True
Using VPP file: /homes/aiskhak/projects/GP/runs/14000/1/cand_002/tamu_2d_fv_gp_csv_vpp_0002.csv
Using VPP file: /homes/aiskhak/projects/GP/runs/14000/1/cand_007/tamu_2d_fv_gp_csv_vpp_0002.csv
VPP columns: ('id', 'u', 'v', 'x', 'y', 'z')
coordinate check: max |r_res-r_cg| = 5.000444502911705e-12
coordinate check: max |z_res-z_cg| = 5.000444502911705e-12
VPP columns: ('id', 'u', 'v', 'x', 'y', 'z')
coordinate check: max |r_res-r_cg| = 5.000444502911705e-12
coordinate check: max |z_res-z_cg| = 5.000444502911705e-12
VPP columns: ('id', 'u', 'v', 'x', 'y', 'z')
coordinate check: max |r_res-r_cg| = 5.000444502911705e-12
coordinate check: max |z_res-z_cg| = 5.000444502911705e-12
Return code = 0
Elapsed: 19.57 sec
has_err = False
has_conv = True
has_ss = False
has_fin = True
Return code = 0
Elapsed: 19.46 sec
has_err = False
has_conv = True
has_ss = False
has_fin = True
Return code = 0
Elapsed: 19.71 sec
has_err = False
has_conv = True
has_ss = False
has_fin = True
Using VPP file: /homes/aiskhak/projects/GP/runs/14000/1/cand_001/tamu_2d_fv_gp_csv_vpp_0002.csv
Using VPP file: /homes/aiskhak/projects/GP/runs/14000/1/cand_006/tamu_2d_fv_gp_csv_vpp_0002.csv
Using VPP file: /homes/aiskhak/projects/GP/runs/14000/1/cand_000/tamu_2d_fv_gp_csv_vpp_0002.csv
VPP columns: ('id', 'u', 'v', 'x', 'y', 'z')
coordinate check: max |r_res-r_cg| = 5.000444502911705e-12
coordinate check: max |z_res-z_cg| = 5.000444502911705e-12
VPP columns: ('id', 'u', 'v', 'x', 'y', 'z')
coordinate check: max |r_res-r_cg| = 5.000444502911705e-12
coordinate check: max |z_res-z_cg| = 5.000444502911705e-12
VPP columns: ('id', 'u', 'v', 'x', 'y', 'z')
coordinate check: max |r_res-r_cg| = 5.000444502911705e-12
coordinate check: max |z_res-z_cg| = 5.000444502911705e-12
Return code = 0
Elapsed: 20.56 sec
has_err = True
has_conv = False
has_ss = False
has_fin = True
Steady failed; trying unsteady fallback
Running case in: /homes/aiskhak/projects/GP/runs/14000/1/cand_004 with fv_app_run_unsteady.sh
Return code = 0
Elapsed: 22.51 sec
has_err = False
has_conv = True
has_ss = False
has_fin = True
Using VPP file: /homes/aiskhak/projects/GP/runs/14000/2/cand_003/tamu_2d_fv_gp_csv_vpp_0002.csv
VPP columns: ('id', 'u', 'v', 'x', 'y', 'z')
coordinate check: max |r_res-r_cg| = 5.000444502911705e-12
coordinate check: max |z_res-z_cg| = 5.000444502911705e-12
Return code = 0
Elapsed: 24.46 sec
has_err = False
has_conv = True
has_ss = False
has_fin = True
Using VPP file: /homes/aiskhak/projects/GP/runs/14000/2/cand_007/tamu_2d_fv_gp_csv_vpp_0002.csv
Return code = 0
Elapsed: 24.51 sec
has_err = False
has_conv = True
has_ss = False
has_fin = True
Using VPP file: /homes/aiskhak/projects/GP/runs/14000/2/cand_002/tamu_2d_fv_gp_csv_vpp_0002.csv
VPP columns: ('id', 'u', 'v', 'x', 'y', 'z')
coordinate check: max |r_res-r_cg| = 5.000444502911705e-12
coordinate check: max |z_res-z_cg| = 5.000444502911705e-12
VPP columns: ('id', 'u', 'v', 'x', 'y', 'z')
coordinate check: max |r_res-r_cg| = 5.000444502911705e-12
coordinate check: max |z_res-z_cg| = 5.000444502911705e-12
Return code = 0
Elapsed: 25.74 sec
has_err = False
has_conv = True
has_ss = False
has_fin = True
Using VPP file: /homes/aiskhak/projects/GP/runs/14000/2/cand_006/tamu_2d_fv_gp_csv_vpp_0002.csv
Return code = 0
Elapsed: 26.26 sec
has_err = False
has_conv = True
has_ss = False
has_fin = True
Using VPP file: /homes/aiskhak/projects/GP/runs/14000/2/cand_001/tamu_2d_fv_gp_csv_vpp_0002.csv
VPP columns: ('id', 'u', 'v', 'x', 'y', 'z')
coordinate check: max |r_res-r_cg| = 5.000444502911705e-12
coordinate check: max |z_res-z_cg| = 5.000444502911705e-12
Return code = 0
Elapsed: 26.99 sec
has_err = False
has_conv = True
has_ss = False
has_fin = True
Using VPP file: /homes/aiskhak/projects/GP/runs/14000/2/cand_005/tamu_2d_fv_gp_csv_vpp_0002.csv
VPP columns: ('id', 'u', 'v', 'x', 'y', 'z')
coordinate check: max |r_res-r_cg| = 5.000444502911705e-12
coordinate check: max |z_res-z_cg| = 5.000444502911705e-12
VPP columns: ('id', 'u', 'v', 'x', 'y', 'z')
coordinate check: max |r_res-r_cg| = 5.000444502911705e-12
coordinate check: max |z_res-z_cg| = 5.000444502911705e-12
Return code = 0
Elapsed: 27.75 sec
has_err = False
has_conv = True
has_ss = False
has_fin = True
Using VPP file: /homes/aiskhak/projects/GP/runs/14000/2/cand_000/tamu_2d_fv_gp_csv_vpp_0002.csv
VPP columns: ('id', 'u', 'v', 'x', 'y', 'z')
coordinate check: max |r_res-r_cg| = 5.000444502911705e-12
coordinate check: max |z_res-z_cg| = 5.000444502911705e-12
Return code = 0
Elapsed: 30.6 sec
has_err = False
has_conv = True
has_ss = False
has_fin = True
Using VPP file: /homes/aiskhak/projects/GP/runs/14000/2/cand_004/tamu_2d_fv_gp_csv_vpp_0002.csv
VPP columns: ('id', 'u', 'v', 'x', 'y', 'z')
coordinate check: max |r_res-r_cg| = 5.000444502911705e-12
coordinate check: max |z_res-z_cg| = 5.000444502911705e-12
Return code = 0
Elapsed: 20.78 sec
has_err = False
has_conv = True
has_ss = True
has_fin = True
Using VPP file: /homes/aiskhak/projects/GP/runs/14000/1/cand_004/tamu_2d_fv_gp_csv_vpp_0028.csv
VPP columns: ('id', 'u', 'v', 'x', 'y', 'z')
coordinate check: max |r_res-r_cg| = 5.000444502911705e-12
coordinate check: max |z_res-z_cg| = 5.000444502911705e-12

===== LIVE CHECKPOINT =====
Chunk 1, stage refine_train, candidate batch starting 16, case batch 16/18
Completed result rows: 560
Current best partial candidates:
  n_cases= 22, mean=0.44076428, raw = -1*eta_h + -5*eta_y + -0.14
  n_cases= 22, mean=0.44116248, raw = -1*eta_h + -5*eta_y + -0.16
  n_cases= 22, mean=0.44120054, raw = -1*eta_h + -5*eta_y + -0.12
  n_cases= 22, mean=0.44391614, raw = -1*eta_h + -5.2*eta_y + -0.14
  n_cases= 22, mean=0.44424750, raw = -1*eta_h + -5.2*eta_y + -0.12
Checkpoint details: /homes/aiskhak/projects/GP/linear_results_linear_refine_best_screen_C1etaH_C2etaY_C3_CeffMin005_chunk1/linear_refine_best_screen_C1etaH_C2etaY_C3_CeffMin005_chunk1_refine_train_details_checkpoint.csv
Checkpoint summary: /homes/aiskhak/projects/GP/linear_results_linear_refine_best_screen_C1etaH_C2etaY_C3_CeffMin005_chunk1/linear_refine_best_screen_C1etaH_C2etaY_C3_CeffMin005_chunk1_refine_train_summary_checkpoint.csv
===========================


===== Stage refine_train, candidate batch starting 16, case batch 17/18 =====
Running 8 tasks with 64 MPI ranks

===== Linear candidate local_id=000, RE=14000, CG=3 =====
raw = -1*eta_h + -5.2*eta_y + -0.16
raw min/max = -5.365654205551524 -0.19071828704644533
C_eff min/max = 0.02050268384707585 0.23314116395490192
lm min/max = 0.005804538571871548 0.10590366883519163

===== Linear candidate local_id=001, RE=14000, CG=3 =====
raw = -1*eta_h + -5.2*eta_y + -0.14
raw min/max = -5.345654205551524 -0.17071828704644534
C_eff min/max = 0.02050279338192389 0.24706268551367763
lm min/max = 0.00615114406828524 0.10590423462171787

===== Linear candidate local_id=002, RE=14000, CG=3 =====
raw = -1*eta_h + -5.2*eta_y + -0.12
raw min/max = -5.325654205551524 -0.15071828704644533
C_eff min/max = 0.020502907387387918 0.2619185525798041
lm min/max = 0.006521012057022775 0.10590482350056894

===== Linear candidate local_id=003, RE=14000, CG=3 =====
raw = -1*eta_h + -5.2*eta_y + -0.08
raw min/max = -5.285654205551524 -0.11071828704644532
C_eff min/max = 0.020503149547549213 0.2946604023447589
lm min/max = 0.007336189122501723 0.10590607434410329

===== Linear candidate local_id=004, RE=14000, CG=3 =====
raw = -1*eta_h + -5*eta_y + -0.2
raw min/max = -5.205654205551524 -0.2297542839120253
C_eff min/max = 0.020503696061104273 0.2084575163528073
lm min/max = 0.005189987361049944 0.10590889728138218

===== Linear candidate local_id=005, RE=14000, CG=3 =====
raw = -1*eta_h + -5*eta_y + -0.16
raw min/max = -5.165654205551524 -0.18975428391202528
C_eff min/max = 0.020504003915220764 0.23379156660215636
lm min/max = 0.0058207317107801535 0.10591048745760719

===== Linear candidate local_id=006, RE=14000, CG=3 =====
raw = -1*eta_h + -5*eta_y + -0.14

===== Linear candidate local_id=007, RE=14000, CG=3 =====
raw = -1*eta_h + -5*eta_y + -0.12
raw min/max = -5.145654205551524 -0.1697542839120253
C_eff min/max = 0.020504167329164144 0.2477568658138821
lm min/max = 0.006168427143740545 0.10591133154886236
raw min/max = -5.125654205551524 -0.14975428391202528
C_eff min/max = 0.020504337413078527 0.26265917216573836
lm min/max = 0.0065394513359588215 0.1059122100928948
Running case in: /homes/aiskhak/projects/GP/runs/14000/3/cand_002 with fv_app_run.sh
Running case in: /homes/aiskhak/projects/GP/runs/14000/3/cand_000 with fv_app_run.sh
Running case in: /homes/aiskhak/projects/GP/runs/14000/3/cand_001 with fv_app_run.sh
Running case in: /homes/aiskhak/projects/GP/runs/14000/3/cand_004 with fv_app_run.sh
Running case in: /homes/aiskhak/projects/GP/runs/14000/3/cand_007 with fv_app_run.sh
Running case in: /homes/aiskhak/projects/GP/runs/14000/3/cand_003 with fv_app_run.sh
Running case in: /homes/aiskhak/projects/GP/runs/14000/3/cand_005 with fv_app_run.sh
Running case in: /homes/aiskhak/projects/GP/runs/14000/3/cand_006 with fv_app_run.sh
Return code = 0
Elapsed: 43.18 sec
has_err = False
has_conv = True
has_ss = False
has_fin = True
Using VPP file: /homes/aiskhak/projects/GP/runs/14000/3/cand_005/tamu_2d_fv_gp_csv_vpp_0002.csv
VPP columns: ('id', 'u', 'v', 'x', 'y', 'z')
coordinate check: max |r_res-r_cg| = 5.000444502911705e-12
coordinate check: max |z_res-z_cg| = 5.000444502911705e-12
Return code = 0
Elapsed: 44.28 sec
has_err = False
has_conv = True
has_ss = False
has_fin = True
Using VPP file: /homes/aiskhak/projects/GP/runs/14000/3/cand_002/tamu_2d_fv_gp_csv_vpp_0002.csv
VPP columns: ('id', 'u', 'v', 'x', 'y', 'z')
coordinate check: max |r_res-r_cg| = 5.000444502911705e-12
coordinate check: max |z_res-z_cg| = 5.000444502911705e-12
Return code = 0
Elapsed: 45.37 sec
has_err = False
has_conv = True
has_ss = False
has_fin = True
Using VPP file: /homes/aiskhak/projects/GP/runs/14000/3/cand_003/tamu_2d_fv_gp_csv_vpp_0002.csv
VPP columns: ('id', 'u', 'v', 'x', 'y', 'z')
coordinate check: max |r_res-r_cg| = 5.000444502911705e-12
coordinate check: max |z_res-z_cg| = 5.000444502911705e-12
Return code = 0
Elapsed: 48.46 sec
has_err = False
has_conv = True
has_ss = False
has_fin = True
Using VPP file: /homes/aiskhak/projects/GP/runs/14000/3/cand_000/tamu_2d_fv_gp_csv_vpp_0002.csv
Return code = 0
Elapsed: 48.41 sec
has_err = False
has_conv = True
has_ss = False
has_fin = True
Using VPP file: /homes/aiskhak/projects/GP/runs/14000/3/cand_007/tamu_2d_fv_gp_csv_vpp_0002.csv
VPP columns: ('id', 'u', 'v', 'x', 'y', 'z')
coordinate check: max |r_res-r_cg| = 5.000444502911705e-12
coordinate check: max |z_res-z_cg| = 5.000444502911705e-12
Return code = 0
Elapsed: 48.34 sec
has_err = False
has_conv = True
has_ss = False
has_fin = True
Return code = 0
Elapsed: 48.64 sec
has_err = False
has_conv = True
has_ss = False
has_fin = True
Using VPP file: /homes/aiskhak/projects/GP/runs/14000/3/cand_006/tamu_2d_fv_gp_csv_vpp_0002.csv
Using VPP file: /homes/aiskhak/projects/GP/runs/14000/3/cand_001/tamu_2d_fv_gp_csv_vpp_0002.csv
VPP columns: ('id', 'u', 'v', 'x', 'y', 'z')
coordinate check: max |r_res-r_cg| = 5.000444502911705e-12
coordinate check: max |z_res-z_cg| = 5.000444502911705e-12
Return code = 0
Elapsed: 50.13 sec
has_err = False
has_conv = True
has_ss = False
has_fin = True
Using VPP file: /homes/aiskhak/projects/GP/runs/14000/3/cand_004/tamu_2d_fv_gp_csv_vpp_0002.csv
VPP columns: ('id', 'u', 'v', 'x', 'y', 'z')
coordinate check: max |r_res-r_cg| = 5.000444502911705e-12
coordinate check: max |z_res-z_cg| = 5.000444502911705e-12
VPP columns: ('id', 'u', 'v', 'x', 'y', 'z')
coordinate check: max |r_res-r_cg| = 5.000444502911705e-12
coordinate check: max |z_res-z_cg| = 5.000444502911705e-12
VPP columns: ('id', 'u', 'v', 'x', 'y', 'z')
coordinate check: max |r_res-r_cg| = 5.000444502911705e-12
coordinate check: max |z_res-z_cg| = 5.000444502911705e-12

===== LIVE CHECKPOINT =====
Chunk 1, stage refine_train, candidate batch starting 16, case batch 17/18
Completed result rows: 568
Current best partial candidates:
  n_cases= 23, mean=0.44274069, raw = -1*eta_h + -5*eta_y + -0.14
  n_cases= 23, mean=0.44275951, raw = -1*eta_h + -5*eta_y + -0.12
  n_cases= 23, mean=0.44352167, raw = -1*eta_h + -5*eta_y + -0.16
  n_cases= 23, mean=0.44546110, raw = -1*eta_h + -5.2*eta_y + -0.12
  n_cases= 24, mean=0.44551393, raw = -1.1*eta_h + -4.8*eta_y + -0.12
Checkpoint details: /homes/aiskhak/projects/GP/linear_results_linear_refine_best_screen_C1etaH_C2etaY_C3_CeffMin005_chunk1/linear_refine_best_screen_C1etaH_C2etaY_C3_CeffMin005_chunk1_refine_train_details_checkpoint.csv
Checkpoint summary: /homes/aiskhak/projects/GP/linear_results_linear_refine_best_screen_C1etaH_C2etaY_C3_CeffMin005_chunk1/linear_refine_best_screen_C1etaH_C2etaY_C3_CeffMin005_chunk1_refine_train_summary_checkpoint.csv
===========================


===== Stage refine_train, candidate batch starting 16, case batch 18/18 =====
Running 8 tasks with 96 MPI ranks

===== Linear candidate local_id=000, RE=14000, CG=4 =====
raw = -1*eta_h + -5.2*eta_y + -0.16
raw min/max = -5.362820598169251 -0.1753494854704343
C_eff min/max = 0.020502699100863053 0.24375790081051021
lm min/max = 0.003040721197465684 0.10614994644995847

===== Linear candidate local_id=001, RE=14000, CG=4 =====
raw = -1*eta_h + -5.2*eta_y + -0.14
raw min/max = -5.342820598169251 -0.1553494854704343
C_eff min/max = 0.020502809258286632 0.2583924851830409
lm min/max = 0.003223278114676121 0.10615051677509256

===== Linear candidate local_id=002, RE=14000, CG=4 =====
raw = -1*eta_h + -5.2*eta_y + -0.12
raw min/max = -5.322820598169251 -0.1353494854704343
C_eff min/max = 0.02050292391173869 0.2740044461442203
lm min/max = 0.0034180271688434684 0.10615111037780489

===== Linear candidate local_id=003, RE=14000, CG=4 =====
raw = -1*eta_h + -5.2*eta_y + -0.08
raw min/max = -5.282820598169251 -0.09534948547043431
C_eff min/max = 0.020503167448305947 0.3083939830667195
lm min/max = 0.0038470142644148266 0.10615237125538231

===== Linear candidate local_id=004, RE=14000, CG=4 =====
raw = -1*eta_h + -5*eta_y + -0.2
raw min/max = -5.202820598169251 -0.21486760518961956
C_eff min/max = 0.020503717068210976 0.21749974446262496
lm min/max = 0.0027131677834106014 0.10615521683796632

===== Linear candidate local_id=005, RE=14000, CG=4 =====
raw = -1*eta_h + -5*eta_y + -0.16
raw min/max = -5.162820598169251 -0.17486760518961955
C_eff min/max = 0.02050402667217606 0.24409945189186216
lm min/max = 0.0030449818249556277 0.10615681977054377

===== Linear candidate local_id=006, RE=14000, CG=4 =====
raw = -1*eta_h + -5*eta_y + -0.14
raw min/max = -5.1428205981692505 -0.15486760518961956
C_eff min/max = 0.02050419101497453 0.2587569211181037
lm min/max = 0.0032278242158247567 0.10615767063311415

===== Linear candidate local_id=007, RE=14000, CG=4 =====
raw = -1*eta_h + -5*eta_y + -0.12
raw min/max = -5.122820598169251 -0.13486760518961954
C_eff min/max = 0.020504362065661787 0.27439313658581316
lm min/max = 0.0034228758291784717 0.10615855622486982
Running case in: /homes/aiskhak/projects/GP/runs/14000/4/cand_001 with fv_app_run.sh
Running case in: /homes/aiskhak/projects/GP/runs/14000/4/cand_006 with fv_app_run.sh
Running case in: /homes/aiskhak/projects/GP/runs/14000/4/cand_002 with fv_app_run.sh
Running case in: /homes/aiskhak/projects/GP/runs/14000/4/cand_000 with fv_app_run.sh
Running case in: /homes/aiskhak/projects/GP/runs/14000/4/cand_005 with fv_app_run.sh
Running case in: /homes/aiskhak/projects/GP/runs/14000/4/cand_003 with fv_app_run.sh
Running case in: /homes/aiskhak/projects/GP/runs/14000/4/cand_004 with fv_app_run.sh
Running case in: /homes/aiskhak/projects/GP/runs/14000/4/cand_007 with fv_app_run.sh
Return code = 0
Elapsed: 121.51 sec
has_err = False
has_conv = True
has_ss = False
has_fin = True
Using VPP file: /homes/aiskhak/projects/GP/runs/14000/4/cand_002/tamu_2d_fv_gp_csv_vpp_0002.csv
Return code = 0
Elapsed: 125.03 sec
has_err = False
has_conv = True
has_ss = False
has_fin = True
Using VPP file: /homes/aiskhak/projects/GP/runs/14000/4/cand_007/tamu_2d_fv_gp_csv_vpp_0002.csv
VPP columns: ('id', 'u', 'v', 'x', 'y', 'z')
coordinate check: max |r_res-r_cg| = 5.000444502911705e-12
coordinate check: max |z_res-z_cg| = 5.000444502911705e-12
Return code = 0
Elapsed: 135.01 sec
has_err = False
has_conv = True
has_ss = False
has_fin = True
Using VPP file: /homes/aiskhak/projects/GP/runs/14000/4/cand_006/tamu_2d_fv_gp_csv_vpp_0002.csv
VPP columns: ('id', 'u', 'v', 'x', 'y', 'z')
coordinate check: max |r_res-r_cg| = 5.000444502911705e-12
coordinate check: max |z_res-z_cg| = 5.000444502911705e-12
Return code = 0
Elapsed: 136.65 sec
has_err = False
has_conv = True
has_ss = False
has_fin = True
Using VPP file: /homes/aiskhak/projects/GP/runs/14000/4/cand_003/tamu_2d_fv_gp_csv_vpp_0002.csv
VPP columns: ('id', 'u', 'v', 'x', 'y', 'z')
coordinate check: max |r_res-r_cg| = 5.000444502911705e-12
coordinate check: max |z_res-z_cg| = 5.000444502911705e-12
Return code = 0
Elapsed: 138.2 sec
has_err = False
has_conv = True
has_ss = False
has_fin = True
Using VPP file: /homes/aiskhak/projects/GP/runs/14000/4/cand_005/tamu_2d_fv_gp_csv_vpp_0002.csv
VPP columns: ('id', 'u', 'v', 'x', 'y', 'z')
coordinate check: max |r_res-r_cg| = 5.000444502911705e-12
coordinate check: max |z_res-z_cg| = 5.000444502911705e-12
Return code = 0
Elapsed: 140.71 sec
has_err = False
has_conv = True
has_ss = False
has_fin = True
Using VPP file: /homes/aiskhak/projects/GP/runs/14000/4/cand_000/tamu_2d_fv_gp_csv_vpp_0002.csv
Return code = 0
Elapsed: 145.74 sec
has_err = False
has_conv = True
has_ss = False
has_fin = True
Using VPP file: /homes/aiskhak/projects/GP/runs/14000/4/cand_001/tamu_2d_fv_gp_csv_vpp_0002.csv
VPP columns: ('id', 'u', 'v', 'x', 'y', 'z')
coordinate check: max |r_res-r_cg| = 5.000444502911705e-12
coordinate check: max |z_res-z_cg| = 5.000444502911705e-12
VPP columns: ('id', 'u', 'v', 'x', 'y', 'z')
coordinate check: max |r_res-r_cg| = 5.000444502911705e-12
coordinate check: max |z_res-z_cg| = 5.000444502911705e-12
Return code = 0
Elapsed: 156.56 sec
has_err = False
has_conv = True
has_ss = False
has_fin = True
Using VPP file: /homes/aiskhak/projects/GP/runs/14000/4/cand_004/tamu_2d_fv_gp_csv_vpp_0002.csv
VPP columns: ('id', 'u', 'v', 'x', 'y', 'z')
coordinate check: max |r_res-r_cg| = 5.000444502911705e-12
coordinate check: max |z_res-z_cg| = 5.000444502911705e-12
VPP columns: ('id', 'u', 'v', 'x', 'y', 'z')
coordinate check: max |r_res-r_cg| = 5.000444502911705e-12
coordinate check: max |z_res-z_cg| = 5.000444502911705e-12

===== LIVE CHECKPOINT =====
Chunk 1, stage refine_train, candidate batch starting 16, case batch 18/18
Completed result rows: 576
Current best partial candidates:
  n_cases= 24, mean=0.44551393, raw = -1.1*eta_h + -4.8*eta_y + -0.12
  n_cases= 24, mean=0.44578409, raw = -1.1*eta_h + -4.8*eta_y + -0.14
  n_cases= 24, mean=0.44693273, raw = -1.1*eta_h + -4.8*eta_y + -0.16
  n_cases= 24, mean=0.44733852, raw = -1.1*eta_h + -5*eta_y + -0.12
  n_cases= 24, mean=0.44750884, raw = -1*eta_h + -5*eta_y + -0.12
Checkpoint details: /homes/aiskhak/projects/GP/linear_results_linear_refine_best_screen_C1etaH_C2etaY_C3_CeffMin005_chunk1/linear_refine_best_screen_C1etaH_C2etaY_C3_CeffMin005_chunk1_refine_train_details_checkpoint.csv
Checkpoint summary: /homes/aiskhak/projects/GP/linear_results_linear_refine_best_screen_C1etaH_C2etaY_C3_CeffMin005_chunk1/linear_refine_best_screen_C1etaH_C2etaY_C3_CeffMin005_chunk1_refine_train_summary_checkpoint.csv
===========================


===== Candidate batch 24..31 =====

===== Stage refine_train, candidate batch starting 24, case batch 1/18 =====
Running 16 tasks with 64 MPI ranks

===== Linear candidate local_id=000, RE=3000, CG=1 =====
raw = -1*eta_h + -5*eta_y + -0.08

===== Linear candidate local_id=000, RE=3000, CG=2 =====
raw = -1*eta_h + -5*eta_y + -0.08
raw min/max = -5.091314138253861 -0.13933906232465304
C_eff min/max = 0.020504645798440906 0.2708094098590928
lm min/max = 0.013428359228213298 0.10585583176839619

===== Linear candidate local_id=001, RE=3000, CG=1 =====
raw = -1*eta_h + -4.8*eta_y + -0.2

===== Linear candidate local_id=001, RE=3000, CG=2 =====
raw = -1*eta_h + -4.8*eta_y + -0.2

===== Linear candidate local_id=002, RE=3000, CG=1 =====
raw = -1*eta_h + -4.8*eta_y + -0.16
raw min/max = -5.011314138253861 -0.2574180653618214

===== Linear candidate local_id=002, RE=3000, CG=2 =====
C_eff min/max = 0.02050545196637548 0.1927887766924471
lm min/max = 0.009559627008311842 0.10585999363386309
raw = -1*eta_h + -4.8*eta_y + -0.16

===== Linear candidate local_id=003, RE=3000, CG=1 =====
raw = -1*eta_h + -4.8*eta_y + -0.14
raw min/max = -4.971314138253861 -0.21741806536182137
C_eff min/max = 0.020505906088237793 0.21591899192332342
lm min/max = 0.010706562187956114 0.10586233805121766

===== Linear candidate local_id=003, RE=3000, CG=2 =====
raw = -1*eta_h + -4.8*eta_y + -0.14

===== Linear candidate local_id=004, RE=3000, CG=1 =====
raw = -1*eta_h + -4.8*eta_y + -0.12
raw min/max = -4.951314138253861 -0.19741806536182138
C_eff min/max = 0.020506147144342533 0.2286770570997405
lm min/max = 0.011339183788272839 0.10586358251038662

===== Linear candidate local_id=004, RE=3000, CG=2 =====
raw = -1*eta_h + -4.8*eta_y + -0.12
raw min/max = -4.931314138253861 -0.17741806536182136
C_eff min/max = 0.020506398040138412 0.24229778290913329
lm min/max = 0.012014581290939718 0.10586487776724797

===== Linear candidate local_id=005, RE=3000, CG=1 =====
raw = -1*eta_h + -4.8*eta_y + -0.08

===== Linear candidate local_id=005, RE=3000, CG=2 =====
raw = -1*eta_h + -4.8*eta_y + -0.08
raw min/max = -4.891314138253861 -0.13741806536182138
C_eff min/max = 0.020506930974142114 0.2723427205051257
lm min/max = 0.013504389991598097 0.10586762905458032

===== Linear candidate local_id=006, RE=3000, CG=2 =====
raw = -0.9*eta_h + -5.2*eta_y + -0.2

===== Linear candidate local_id=007, RE=3000, CG=1 =====
raw = -0.9*eta_h + -5.2*eta_y + -0.16
raw min/max = -5.410182724428476 -0.2601286454620986
C_eff min/max = 0.020502455156454196 0.19132917454032325
lm min/max = 0.009487251155348717 0.10584452251526939

===== Linear candidate local_id=006, RE=3000, CG=1 =====
raw = -0.9*eta_h + -5.2*eta_y + -0.2

===== Linear candidate local_id=007, RE=3000, CG=2 =====
raw = -0.9*eta_h + -5.2*eta_y + -0.16
raw min/max = -5.370182724428476 -0.22012864546209854
C_eff min/max = 0.020502659648072224 0.21425345962033884
lm min/max = 0.010623975079619269 0.10584557820920962
Running case in: /homes/aiskhak/projects/GP/runs/3000/2/cand_004 with fv_app_run.sh
Running case in: /homes/aiskhak/projects/GP/runs/3000/2/cand_002 with fv_app_run.sh
Running case in: /homes/aiskhak/projects/GP/runs/3000/2/cand_005 with fv_app_run.sh
Running case in: /homes/aiskhak/projects/GP/runs/3000/2/cand_001 with fv_app_run.sh
Running case in: /homes/aiskhak/projects/GP/runs/3000/2/cand_003 with fv_app_run.sh
Running case in: /homes/aiskhak/projects/GP/runs/3000/2/cand_007 with fv_app_run.sh
Running case in: /homes/aiskhak/projects/GP/runs/3000/2/cand_000 with fv_app_run.sh
Running case in: /homes/aiskhak/projects/GP/runs/3000/2/cand_006 with fv_app_run.sh
raw min/max = -5.380495276380439 -0.28006972143286557
C_eff min/max = 0.02050260535208725 0.18098484436631923
lm min/max = 0.01779534513435697 0.10527583818828164
raw min/max = -5.420495276380439 -0.3200697214328656
C_eff min/max = 0.02050240503527255 0.16218999108855003
lm min/max = 0.015947340114939194 0.1052748096106834
raw min/max = -4.982772529311599 -0.274687401667685
raw min/max = -4.902772529311599 -0.194687401667685
C_eff min/max = 0.02050577226624914 0.18370985882751895
lm min/max = 0.018063282336518563 0.10529209951395893
C_eff min/max = 0.020506773927414162 0.2304847201497503
raw min/max = -4.942772529311599 -0.23468740166768498
C_eff min/max = 0.02050625307021811 0.20555756756791332
lm min/max = 0.020211459543242608 0.10529456832414029
raw min/max = -5.102772529311599 -0.19851718801585522
C_eff min/max = 0.02050454053459744 0.22795399813003073
lm min/max = 0.022413589854352288 0.10528577487473241
raw min/max = -4.962772529311598 -0.254687401667685
C_eff min/max = 0.020506007859896532 0.19427249256026355
lm min/max = 0.01910185390012166 0.1052933092294207
raw min/max = -5.022772529311599 -0.314687401667685
C_eff min/max = 0.020505328434912113 0.16457582278467323
lm min/max = 0.016181927152398898 0.10528982054915337
lm min/max = 0.022662423241135075 0.10529724279779615
Running case in: /homes/aiskhak/projects/GP/runs/3000/1/cand_002 with fv_app_run.sh
Running case in: /homes/aiskhak/projects/GP/runs/3000/1/cand_004 with fv_app_run.sh
Running case in: /homes/aiskhak/projects/GP/runs/3000/1/cand_006 with fv_app_run.sh
Running case in: /homes/aiskhak/projects/GP/runs/3000/1/cand_003 with fv_app_run.sh
Running case in: /homes/aiskhak/projects/GP/runs/3000/1/cand_005 with fv_app_run.sh
Running case in: /homes/aiskhak/projects/GP/runs/3000/1/cand_000 with fv_app_run.sh
Running case in: /homes/aiskhak/projects/GP/runs/3000/1/cand_007 with fv_app_run.sh
Running case in: /homes/aiskhak/projects/GP/runs/3000/1/cand_001 with fv_app_run.sh
Return code = 0
Elapsed: 40.88 sec
has_err = False
has_conv = True
has_ss = False
has_fin = True
Using VPP file: /homes/aiskhak/projects/GP/runs/3000/1/cand_006/tamu_2d_fv_gp_csv_vpp_0002.csv
VPP columns: ('id', 'u', 'v', 'x', 'y', 'z')
coordinate check: max |r_res-r_cg| = 5.000444502911705e-12
coordinate check: max |z_res-z_cg| = 5.000444502911705e-12
Return code = 0
Return code = 0
Elapsed: 41.08 sec
Elapsed: 41.28 sec
has_err = False
has_conv = True
has_ss = False
has_fin = True
has_err = False
has_conv = True
has_ss = False
has_fin = True
Using VPP file: /homes/aiskhak/projects/GP/runs/3000/1/cand_002/tamu_2d_fv_gp_csv_vpp_0002.csv
Using VPP file: /homes/aiskhak/projects/GP/runs/3000/1/cand_007/tamu_2d_fv_gp_csv_vpp_0002.csv
Return code = 0
Elapsed: 41.12 sec
has_err = False
has_conv = True
has_ss = False
has_fin = True
Using VPP file: /homes/aiskhak/projects/GP/runs/3000/1/cand_001/tamu_2d_fv_gp_csv_vpp_0002.csv
Return code = 0
Elapsed: 41.18 sec
has_err = False
has_conv = True
has_ss = False
has_fin = True
Using VPP file: /homes/aiskhak/projects/GP/runs/3000/1/cand_000/tamu_2d_fv_gp_csv_vpp_0002.csv
Return code = 0
Elapsed: 41.37 sec
has_err = False
has_conv = True
has_ss = False
has_fin = True
Using VPP file: /homes/aiskhak/projects/GP/runs/3000/1/cand_004/tamu_2d_fv_gp_csv_vpp_0002.csv
VPP columns: ('id', 'u', 'v', 'x', 'y', 'z')
coordinate check: max |r_res-r_cg| = 5.000444502911705e-12
coordinate check: max |z_res-z_cg| = 5.000444502911705e-12
Return code = 0
Elapsed: 41.31 sec
has_err = False
has_conv = True
has_ss = False
has_fin = True
VPP columns: ('id', 'u', 'v', 'x', 'y', 'z')
coordinate check: max |r_res-r_cg| = 5.000444502911705e-12
coordinate check: max |z_res-z_cg| = 5.000444502911705e-12
Using VPP file: /homes/aiskhak/projects/GP/runs/3000/1/cand_005/tamu_2d_fv_gp_csv_vpp_0002.csv
VPP columns: ('id', 'u', 'v', 'x', 'y', 'z')
coordinate check: max |r_res-r_cg| = 5.000444502911705e-12
coordinate check: max |z_res-z_cg| = 5.000444502911705e-12
VPP columns: ('id', 'u', 'v', 'x', 'y', 'z')
coordinate check: max |r_res-r_cg| = 5.000444502911705e-12
coordinate check: max |z_res-z_cg| = 5.000444502911705e-12
VPP columns: ('id', 'u', 'v', 'x', 'y', 'z')
coordinate check: max |r_res-r_cg| = 5.000444502911705e-12
coordinate check: max |z_res-z_cg| = 5.000444502911705e-12
Return code = 0
Elapsed: 41.37 sec
has_err = False
has_conv = True
has_ss = False
has_fin = True
Using VPP file: /homes/aiskhak/projects/GP/runs/3000/1/cand_003/tamu_2d_fv_gp_csv_vpp_0002.csv
VPP columns: ('id', 'u', 'v', 'x', 'y', 'z')
coordinate check: max |r_res-r_cg| = 5.000444502911705e-12
coordinate check: max |z_res-z_cg| = 5.000444502911705e-12
VPP columns: ('id', 'u', 'v', 'x', 'y', 'z')
coordinate check: max |r_res-r_cg| = 5.000444502911705e-12
coordinate check: max |z_res-z_cg| = 5.000444502911705e-12
Return code = 0
Elapsed: 45.1 sec
has_err = False
has_conv = True
has_ss = False
has_fin = True
Return code = 0
Elapsed: 45.12 sec
has_err = False
has_conv = True
has_ss = False
has_fin = True
Using VPP file: /homes/aiskhak/projects/GP/runs/3000/2/cand_006/tamu_2d_fv_gp_csv_vpp_0002.csv
Using VPP file: /homes/aiskhak/projects/GP/runs/3000/2/cand_007/tamu_2d_fv_gp_csv_vpp_0002.csv
Return code = 0
Elapsed: 45.24 sec
has_err = False
has_conv = True
has_ss = False
has_fin = True
Using VPP file: /homes/aiskhak/projects/GP/runs/3000/2/cand_004/tamu_2d_fv_gp_csv_vpp_0002.csv
VPP columns: ('id', 'u', 'v', 'x', 'y', 'z')
coordinate check: max |r_res-r_cg| = 5.000444502911705e-12
coordinate check: max |z_res-z_cg| = 5.000444502911705e-12
VPP columns: ('id', 'u', 'v', 'x', 'y', 'z')
coordinate check: max |r_res-r_cg| = 5.000444502911705e-12
coordinate check: max |z_res-z_cg| = 5.000444502911705e-12
Return code = 0
Elapsed: 46.84 sec
Return code = 0
Elapsed: 46.81 sec
has_err = False
has_conv = True
has_ss = False
has_fin = True
has_err = False
has_conv = True
has_ss = False
has_fin = True
Return code = 0
Elapsed: 46.77 sec
has_err = False
has_conv = True
has_ss = False
has_fin = True
Using VPP file: /homes/aiskhak/projects/GP/runs/3000/2/cand_002/tamu_2d_fv_gp_csv_vpp_0002.csv
Using VPP file: /homes/aiskhak/projects/GP/runs/3000/2/cand_000/tamu_2d_fv_gp_csv_vpp_0002.csv
Using VPP file: /homes/aiskhak/projects/GP/runs/3000/2/cand_001/tamu_2d_fv_gp_csv_vpp_0002.csv
Return code = 0
Elapsed: 47.02 sec
has_err = False
has_conv = True
has_ss = False
has_fin = True
Using VPP file: /homes/aiskhak/projects/GP/runs/3000/2/cand_005/tamu_2d_fv_gp_csv_vpp_0002.csv
Return code = 0
Elapsed: 47.07 sec
has_err = False
has_conv = True
has_ss = False
has_fin = True
Using VPP file: /homes/aiskhak/projects/GP/runs/3000/2/cand_003/tamu_2d_fv_gp_csv_vpp_0002.csv
VPP columns: ('id', 'u', 'v', 'x', 'y', 'z')
coordinate check: max |r_res-r_cg| = 5.000444502911705e-12
coordinate check: max |z_res-z_cg| = 5.000444502911705e-12
VPP columns: ('id', 'u', 'v', 'x', 'y', 'z')
coordinate check: max |r_res-r_cg| = 5.000444502911705e-12
coordinate check: max |z_res-z_cg| = 5.000444502911705e-12
VPP columns: ('id', 'u', 'v', 'x', 'y', 'z')
coordinate check: max |r_res-r_cg| = 5.000444502911705e-12
coordinate check: max |z_res-z_cg| = 5.000444502911705e-12
VPP columns: ('id', 'u', 'v', 'x', 'y', 'z')
coordinate check: max |r_res-r_cg| = 5.000444502911705e-12
coordinate check: max |z_res-z_cg| = 5.000444502911705e-12
VPP columns: ('id', 'u', 'v', 'x', 'y', 'z')
coordinate check: max |r_res-r_cg| = 5.000444502911705e-12
coordinate check: max |z_res-z_cg| = 5.000444502911705e-12
VPP columns: ('id', 'u', 'v', 'x', 'y', 'z')
coordinate check: max |r_res-r_cg| = 5.000444502911705e-12
coordinate check: max |z_res-z_cg| = 5.000444502911705e-12

===== LIVE CHECKPOINT =====
Chunk 1, stage refine_train, candidate batch starting 24, case batch 1/18
Completed result rows: 592
Current best partial candidates:
  n_cases= 24, mean=0.44551393, raw = -1.1*eta_h + -4.8*eta_y + -0.12
  n_cases= 24, mean=0.44578409, raw = -1.1*eta_h + -4.8*eta_y + -0.14
  n_cases= 24, mean=0.44693273, raw = -1.1*eta_h + -4.8*eta_y + -0.16
  n_cases= 24, mean=0.44733852, raw = -1.1*eta_h + -5*eta_y + -0.12
  n_cases= 24, mean=0.44750884, raw = -1*eta_h + -5*eta_y + -0.12
Checkpoint details: /homes/aiskhak/projects/GP/linear_results_linear_refine_best_screen_C1etaH_C2etaY_C3_CeffMin005_chunk1/linear_refine_best_screen_C1etaH_C2etaY_C3_CeffMin005_chunk1_refine_train_details_checkpoint.csv
Checkpoint summary: /homes/aiskhak/projects/GP/linear_results_linear_refine_best_screen_C1etaH_C2etaY_C3_CeffMin005_chunk1/linear_refine_best_screen_C1etaH_C2etaY_C3_CeffMin005_chunk1_refine_train_summary_checkpoint.csv
===========================


===== Stage refine_train, candidate batch starting 24, case batch 2/18 =====
Running 8 tasks with 64 MPI ranks

===== Linear candidate local_id=001, RE=3000, CG=3 =====
raw = -1*eta_h + -4.8*eta_y + -0.2

===== Linear candidate local_id=000, RE=3000, CG=3 =====
raw = -1*eta_h + -5*eta_y + -0.08
raw min/max = -5.085654205551524 -0.10975428391202527
raw min/max = -5.005654205551524 -0.22879028077760524
C_eff min/max = 0.020505514038088625 0.20902973576081119
lm min/max = 0.005204233964133622 0.10591828778039863
C_eff min/max = 0.020504698691072503 0.2955022935386189
lm min/max = 0.00735714977065661 0.10591407622248626

===== Linear candidate local_id=002, RE=3000, CG=3 =====
raw = -1*eta_h + -4.8*eta_y + -0.16
raw min/max = -4.965654205551524 -0.18879028077760523

===== Linear candidate local_id=003, RE=3000, CG=3 =====
C_eff min/max = 0.020505973330719587 0.23444401986212854
raw = -1*eta_h + -4.8*eta_y + -0.14
lm min/max = 0.005836975903996004 0.10592066019052068
raw min/max = -4.945654205551524 -0.16879028077760524
C_eff min/max = 0.020506217131593275 0.24845322260037117
lm min/max = 0.006185764407389715 0.10592191950891926

===== Linear candidate local_id=004, RE=3000, CG=3 =====
raw = -1*eta_h + -4.8*eta_y + -0.12

===== Linear candidate local_id=005, RE=3000, CG=3 =====
raw = -1*eta_h + -4.8*eta_y + -0.08
raw min/max = -4.885654205551524 -0.10879028077760522
C_eff min/max = 0.020507009886567767 0.2963467683660998
raw min/max = -4.925654205551524 -0.14879028077760523
lm min/max = 0.007378174743792781 0.10592601437088524
C_eff min/max = 0.020506470884220147 0.2634020991645594
lm min/max = 0.00655794806278127 0.10592323023166965

===== Linear candidate local_id=007, RE=3000, CG=3 =====

===== Linear candidate local_id=006, RE=3000, CG=3 =====
raw = -0.9*eta_h + -5.2*eta_y + -0.16
raw = -0.9*eta_h + -5.2*eta_y + -0.2
raw min/max = -5.405088784996372 -0.23015286649129293
raw min/max = -5.365088784996372 -0.19015286649129293
C_eff min/max = 0.020502480298151556 0.20822145356859975
C_eff min/max = 0.020502686883929724 0.2335223988716932
lm min/max = 0.005184110082610256 0.10590261743245669
lm min/max = 0.005814030215225818 0.10590368452162416
Running case in: /homes/aiskhak/projects/GP/runs/3000/3/cand_001 with fv_app_run.sh
Running case in: /homes/aiskhak/projects/GP/runs/3000/3/cand_002 with fv_app_run.sh
Running case in: /homes/aiskhak/projects/GP/runs/3000/3/cand_000 with fv_app_run.sh
Running case in: /homes/aiskhak/projects/GP/runs/3000/3/cand_003 with fv_app_run.sh
Running case in: /homes/aiskhak/projects/GP/runs/3000/3/cand_006 with fv_app_run.sh
Running case in: /homes/aiskhak/projects/GP/runs/3000/3/cand_005 with fv_app_run.sh
Running case in: /homes/aiskhak/projects/GP/runs/3000/3/cand_004 with fv_app_run.sh
Running case in: /homes/aiskhak/projects/GP/runs/3000/3/cand_007 with fv_app_run.sh
Return code = 0
Elapsed: 20.36 sec
has_err = False
has_conv = True
has_ss = False
has_fin = True
Using VPP file: /homes/aiskhak/projects/GP/runs/3000/3/cand_003/tamu_2d_fv_gp_csv_vpp_0002.csv
Return code = 0
Elapsed: 20.83 sec
has_err = False
has_conv = True
has_ss = False
has_fin = True
Using VPP file: /homes/aiskhak/projects/GP/runs/3000/3/cand_007/tamu_2d_fv_gp_csv_vpp_0002.csv
Return code = 0
Elapsed: 21.39 sec
Return code = 0
Elapsed: 21.57 sec
has_err = False
has_conv = True
has_ss = False
has_fin = True
has_err = False
has_conv = True
has_ss = False
has_fin = True
Using VPP file: /homes/aiskhak/projects/GP/runs/3000/3/cand_006/tamu_2d_fv_gp_csv_vpp_0002.csv
Using VPP file: /homes/aiskhak/projects/GP/runs/3000/3/cand_002/tamu_2d_fv_gp_csv_vpp_0002.csv
VPP columns: ('id', 'u', 'v', 'x', 'y', 'z')
coordinate check: max |r_res-r_cg| = 5.000444502911705e-12
coordinate check: max |z_res-z_cg| = 5.000444502911705e-12
VPP columns: ('id', 'u', 'v', 'x', 'y', 'z')
coordinate check: max |r_res-r_cg| = 5.000444502911705e-12
coordinate check: max |z_res-z_cg| = 5.000444502911705e-12
Return code = 0
Elapsed: 21.92 sec
has_err = False
has_conv = True
has_ss = False
has_fin = True
Using VPP file: /homes/aiskhak/projects/GP/runs/3000/3/cand_000/tamu_2d_fv_gp_csv_vpp_0002.csv
Return code = 0
Elapsed: 21.84 sec
has_err = False
has_conv = True
has_ss = False
has_fin = True
Return code = 0
Elapsed: 22.03 sec
has_err = False
has_conv = True
has_ss = False
has_fin = True
Using VPP file: /homes/aiskhak/projects/GP/runs/3000/3/cand_005/tamu_2d_fv_gp_csv_vpp_0002.csv
Using VPP file: /homes/aiskhak/projects/GP/runs/3000/3/cand_001/tamu_2d_fv_gp_csv_vpp_0002.csv
VPP columns: ('id', 'u', 'v', 'x', 'y', 'z')
coordinate check: max |r_res-r_cg| = 5.000444502911705e-12
coordinate check: max |z_res-z_cg| = 5.000444502911705e-12
VPP columns: ('id', 'u', 'v', 'x', 'y', 'z')
coordinate check: max |r_res-r_cg| = 5.000444502911705e-12
coordinate check: max |z_res-z_cg| = 5.000444502911705e-12
VPP columns: ('id', 'u', 'v', 'x', 'y', 'z')
coordinate check: max |r_res-r_cg| = 5.000444502911705e-12
coordinate check: max |z_res-z_cg| = 5.000444502911705e-12
VPP columns: ('id', 'u', 'v', 'x', 'y', 'z')
coordinate check: max |r_res-r_cg| = 5.000444502911705e-12
coordinate check: max |z_res-z_cg| = 5.000444502911705e-12
Return code = 0
Elapsed: 22.26 sec
has_err = False
has_conv = True
has_ss = False
has_fin = True
Using VPP file: /homes/aiskhak/projects/GP/runs/3000/3/cand_004/tamu_2d_fv_gp_csv_vpp_0002.csv
VPP columns: ('id', 'u', 'v', 'x', 'y', 'z')
coordinate check: max |r_res-r_cg| = 5.000444502911705e-12
coordinate check: max |z_res-z_cg| = 5.000444502911705e-12
VPP columns: ('id', 'u', 'v', 'x', 'y', 'z')
coordinate check: max |r_res-r_cg| = 5.000444502911705e-12
coordinate check: max |z_res-z_cg| = 5.000444502911705e-12

===== LIVE CHECKPOINT =====
Chunk 1, stage refine_train, candidate batch starting 24, case batch 2/18
Completed result rows: 600
Current best partial candidates:
  n_cases= 24, mean=0.44551393, raw = -1.1*eta_h + -4.8*eta_y + -0.12
  n_cases= 24, mean=0.44578409, raw = -1.1*eta_h + -4.8*eta_y + -0.14
  n_cases= 24, mean=0.44693273, raw = -1.1*eta_h + -4.8*eta_y + -0.16
  n_cases= 24, mean=0.44733852, raw = -1.1*eta_h + -5*eta_y + -0.12
  n_cases= 24, mean=0.44750884, raw = -1*eta_h + -5*eta_y + -0.12
Checkpoint details: /homes/aiskhak/projects/GP/linear_results_linear_refine_best_screen_C1etaH_C2etaY_C3_CeffMin005_chunk1/linear_refine_best_screen_C1etaH_C2etaY_C3_CeffMin005_chunk1_refine_train_details_checkpoint.csv
Checkpoint summary: /homes/aiskhak/projects/GP/linear_results_linear_refine_best_screen_C1etaH_C2etaY_C3_CeffMin005_chunk1/linear_refine_best_screen_C1etaH_C2etaY_C3_CeffMin005_chunk1_refine_train_summary_checkpoint.csv
===========================


===== Stage refine_train, candidate batch starting 24, case batch 3/18 =====
Running 8 tasks with 96 MPI ranks

===== Linear candidate local_id=000, RE=3000, CG=4 =====
raw = -1*eta_h + -5*eta_y + -0.08
raw min/max = -5.082820598169251 -0.09486760518961955
C_eff min/max = 0.020504725397211487 0.30883548861798554
lm min/max = 0.0038525217588758045 0.10616043732473646

===== Linear candidate local_id=001, RE=3000, CG=4 =====
raw = -1*eta_h + -4.8*eta_y + -0.2
raw min/max = -5.002820598169251 -0.2143857249088048
C_eff min/max = 0.020505545378865588 0.21779990011128028
lm min/max = 0.002716912029813982 0.10616468266864189

===== Linear candidate local_id=002, RE=3000, CG=4 =====
raw = -1*eta_h + -4.8*eta_y + -0.16
raw min/max = -4.962820598169251 -0.1743857249088048
C_eff min/max = 0.020506007282286 0.2444415386578114
lm min/max = 0.0030492491347623484 0.1061670741110125

===== Linear candidate local_id=003, RE=3000, CG=4 =====
raw = -1*eta_h + -4.8*eta_y + -0.14
raw min/max = -4.94282059816925 -0.1543857249088048
C_eff min/max = 0.02050625246903007 0.25912192513391147
lm min/max = 0.003232377403411031 0.10616834353215678

===== Linear candidate local_id=004, RE=3000, CG=4 =====
raw = -1*eta_h + -4.8*eta_y + -0.12
raw min/max = -4.922820598169251 -0.1343857249088048

===== Linear candidate local_id=005, RE=3000, CG=4 =====
C_eff min/max = 0.020506507664109146 0.27478242873431485
raw = -1*eta_h + -4.8*eta_y + -0.08
lm min/max = 0.003427731995415628 0.1061696647700994
raw min/max = -4.882820598169251 -0.0943857249088048
C_eff min/max = 0.020507049730445513 0.3092776665754183
lm min/max = 0.0038580376411661717 0.10617247124510518

===== Linear candidate local_id=006, RE=3000, CG=4 =====
raw = -0.9*eta_h + -5.2*eta_y + -0.2
raw min/max = -5.402538538352326 -0.21506742565350925
C_eff min/max = 0.0205024929817268 0.21737541872293184
lm min/max = 0.0027116169007076474 0.10614887929605996

===== Linear candidate local_id=007, RE=3000, CG=4 =====
raw = -0.9*eta_h + -5.2*eta_y + -0.16
raw min/max = -5.362538538352326 -0.17506742565350925
C_eff min/max = 0.020502700623975228 0.2439577565282961
lm min/max = 0.003043214267497407 0.10614995433566536
Running case in: /homes/aiskhak/projects/GP/runs/3000/4/cand_000 with fv_app_run.sh
Running case in: /homes/aiskhak/projects/GP/runs/3000/4/cand_002 with fv_app_run.sh
Running case in: /homes/aiskhak/projects/GP/runs/3000/4/cand_003 with fv_app_run.sh
Running case in: /homes/aiskhak/projects/GP/runs/3000/4/cand_001 with fv_app_run.sh
Running case in: /homes/aiskhak/projects/GP/runs/3000/4/cand_006 with fv_app_run.sh
Running case in: /homes/aiskhak/projects/GP/runs/3000/4/cand_007 with fv_app_run.sh
Running case in: /homes/aiskhak/projects/GP/runs/3000/4/cand_004 with fv_app_run.sh
Running case in: /homes/aiskhak/projects/GP/runs/3000/4/cand_005 with fv_app_run.sh
Return code = 0
Elapsed: 67.36 sec
has_err = False
has_conv = True
has_ss = False
has_fin = True
Using VPP file: /homes/aiskhak/projects/GP/runs/3000/4/cand_004/tamu_2d_fv_gp_csv_vpp_0002.csv
Return code = 0
Elapsed: 67.54 sec
has_err = False
has_conv = True
has_ss = False
has_fin = True
Return code = 0
Elapsed: 68.36 sec
has_err = False
has_conv = True
has_ss = False
has_fin = True
Return code = 0
Elapsed: 68.36 sec
has_err = False
has_conv = True
has_ss = False
has_fin = True
Return code = 0
Elapsed: 67.46 sec
has_err = False
has_conv = True
has_ss = False
has_fin = True
Return code = 0
Elapsed: 69.77 sec
has_err = False
has_conv = True
has_ss = False
has_fin = True
Using VPP file: /homes/aiskhak/projects/GP/runs/3000/4/cand_006/tamu_2d_fv_gp_csv_vpp_0002.csv
Using VPP file: /homes/aiskhak/projects/GP/runs/3000/4/cand_002/tamu_2d_fv_gp_csv_vpp_0002.csv
Using VPP file: /homes/aiskhak/projects/GP/runs/3000/4/cand_007/tamu_2d_fv_gp_csv_vpp_0002.csv
Using VPP file: /homes/aiskhak/projects/GP/runs/3000/4/cand_001/tamu_2d_fv_gp_csv_vpp_0002.csv
Using VPP file: /homes/aiskhak/projects/GP/runs/3000/4/cand_003/tamu_2d_fv_gp_csv_vpp_0002.csv
VPP columns: ('id', 'u', 'v', 'x', 'y', 'z')
coordinate check: max |r_res-r_cg| = 5.000444502911705e-12
coordinate check: max |z_res-z_cg| = 5.000444502911705e-12
VPP columns: ('id', 'u', 'v', 'x', 'y', 'z')
coordinate check: max |r_res-r_cg| = 5.000444502911705e-12
coordinate check: max |z_res-z_cg| = 5.000444502911705e-12
VPP columns: ('id', 'u', 'v', 'x', 'y', 'z')
coordinate check: max |r_res-r_cg| = 5.000444502911705e-12
coordinate check: max |z_res-z_cg| = 5.000444502911705e-12
VPP columns: ('id', 'u', 'v', 'x', 'y', 'z')
coordinate check: max |r_res-r_cg| = 5.000444502911705e-12
coordinate check: max |z_res-z_cg| = 5.000444502911705e-12
VPP columns: ('id', 'u', 'v', 'x', 'y', 'z')
coordinate check: max |r_res-r_cg| = 5.000444502911705e-12
coordinate check: max |z_res-z_cg| = 5.000444502911705e-12
VPP columns: ('id', 'u', 'v', 'x', 'y', 'z')
coordinate check: max |r_res-r_cg| = 5.000444502911705e-12
coordinate check: max |z_res-z_cg| = 5.000444502911705e-12
Return code = 0
Elapsed: 73.0 sec
has_err = False
has_conv = True
has_ss = False
has_fin = True
Using VPP file: /homes/aiskhak/projects/GP/runs/3000/4/cand_000/tamu_2d_fv_gp_csv_vpp_0002.csv
Return code = 0
Elapsed: 72.03 sec
has_err = False
has_conv = True
has_ss = False
has_fin = True
Using VPP file: /homes/aiskhak/projects/GP/runs/3000/4/cand_005/tamu_2d_fv_gp_csv_vpp_0002.csv
VPP columns: ('id', 'u', 'v', 'x', 'y', 'z')
coordinate check: max |r_res-r_cg| = 5.000444502911705e-12
coordinate check: max |z_res-z_cg| = 5.000444502911705e-12
VPP columns: ('id', 'u', 'v', 'x', 'y', 'z')
coordinate check: max |r_res-r_cg| = 5.000444502911705e-12
coordinate check: max |z_res-z_cg| = 5.000444502911705e-12

===== LIVE CHECKPOINT =====
Chunk 1, stage refine_train, candidate batch starting 24, case batch 3/18
Completed result rows: 608
Current best partial candidates:
  n_cases= 24, mean=0.44551393, raw = -1.1*eta_h + -4.8*eta_y + -0.12
  n_cases= 24, mean=0.44578409, raw = -1.1*eta_h + -4.8*eta_y + -0.14
  n_cases= 24, mean=0.44693273, raw = -1.1*eta_h + -4.8*eta_y + -0.16
  n_cases= 24, mean=0.44733852, raw = -1.1*eta_h + -5*eta_y + -0.12
  n_cases= 24, mean=0.44750884, raw = -1*eta_h + -5*eta_y + -0.12
Checkpoint details: /homes/aiskhak/projects/GP/linear_results_linear_refine_best_screen_C1etaH_C2etaY_C3_CeffMin005_chunk1/linear_refine_best_screen_C1etaH_C2etaY_C3_CeffMin005_chunk1_refine_train_details_checkpoint.csv
Checkpoint summary: /homes/aiskhak/projects/GP/linear_results_linear_refine_best_screen_C1etaH_C2etaY_C3_CeffMin005_chunk1/linear_refine_best_screen_C1etaH_C2etaY_C3_CeffMin005_chunk1_refine_train_summary_checkpoint.csv
===========================


===== Stage refine_train, candidate batch starting 24, case batch 4/18 =====
Running 16 tasks with 64 MPI ranks

===== Linear candidate local_id=000, RE=3413, CG=1 =====
raw = -1*eta_h + -5*eta_y + -0.08
raw min/max = -5.102772529311599 -0.19851718801585522
C_eff min/max = 0.02050454053459744 0.22795399813003073
lm min/max = 0.022413589854352288 0.10528577487473241

===== Linear candidate local_id=000, RE=3413, CG=2 =====
raw = -1*eta_h + -5*eta_y + -0.08
raw min/max = -5.091314138253861 -0.13933906232465304
C_eff min/max = 0.020504645798440906 0.2708094098590928
lm min/max = 0.013428359228213298 0.10585583176839619
Running case in: /homes/aiskhak/projects/GP/runs/3413/1/cand_000 with fv_app_run.sh

===== Linear candidate local_id=001, RE=3413, CG=1 =====
raw = -1*eta_h + -4.8*eta_y + -0.2
raw min/max = -5.022772529311599 -0.314687401667685
C_eff min/max = 0.020505328434912113 0.16457582278467323
lm min/max = 0.016181927152398898 0.10528982054915337

===== Linear candidate local_id=002, RE=3413, CG=1 =====
raw = -1*eta_h + -4.8*eta_y + -0.16
raw min/max = -4.982772529311599 -0.274687401667685
C_eff min/max = 0.02050577226624914 0.18370985882751895
lm min/max = 0.018063282336518563 0.10529209951395893

===== Linear candidate local_id=001, RE=3413, CG=2 =====
raw = -1*eta_h + -4.8*eta_y + -0.2
raw min/max = -5.011314138253861 -0.2574180653618214
C_eff min/max = 0.02050545196637548 0.1927887766924471
lm min/max = 0.009559627008311842 0.10585999363386309

===== Linear candidate local_id=002, RE=3413, CG=2 =====
raw = -1*eta_h + -4.8*eta_y + -0.16
raw min/max = -4.971314138253861 -0.21741806536182137
C_eff min/max = 0.020505906088237793 0.21591899192332342
lm min/max = 0.010706562187956114 0.10586233805121766

===== Linear candidate local_id=003, RE=3413, CG=1 =====
raw = -1*eta_h + -4.8*eta_y + -0.14

===== Linear candidate local_id=003, RE=3413, CG=2 =====
raw = -1*eta_h + -4.8*eta_y + -0.14
raw min/max = -4.962772529311598 -0.254687401667685
C_eff min/max = 0.020506007859896532 0.19427249256026355
lm min/max = 0.01910185390012166 0.1052933092294207
raw min/max = -4.951314138253861 -0.19741806536182138
C_eff min/max = 0.020506147144342533 0.2286770570997405
lm min/max = 0.011339183788272839 0.10586358251038662
Running case in: /homes/aiskhak/projects/GP/runs/3413/2/cand_000 with fv_app_run.sh

===== Linear candidate local_id=004, RE=3413, CG=1 =====
raw = -1*eta_h + -4.8*eta_y + -0.12
Running case in: /homes/aiskhak/projects/GP/runs/3413/1/cand_002 with fv_app_run.sh
raw min/max = -4.942772529311599 -0.23468740166768498
C_eff min/max = 0.02050625307021811 0.20555756756791332
lm min/max = 0.020211459543242608 0.10529456832414029

===== Linear candidate local_id=004, RE=3413, CG=2 =====
raw = -1*eta_h + -4.8*eta_y + -0.12
raw min/max = -4.931314138253861 -0.17741806536182136
C_eff min/max = 0.020506398040138412 0.24229778290913329
lm min/max = 0.012014581290939718 0.10586487776724797
Running case in: /homes/aiskhak/projects/GP/runs/3413/2/cand_002 with fv_app_run.sh

===== Linear candidate local_id=005, RE=3413, CG=1 =====
raw = -1*eta_h + -4.8*eta_y + -0.08

===== Linear candidate local_id=006, RE=3413, CG=1 =====
raw = -0.9*eta_h + -5.2*eta_y + -0.2
raw min/max = -5.420495276380439 -0.3200697214328656
C_eff min/max = 0.02050240503527255 0.16218999108855003
lm min/max = 0.015947340114939194 0.1052748096106834

===== Linear candidate local_id=005, RE=3413, CG=2 =====
raw = -1*eta_h + -4.8*eta_y + -0.08
raw min/max = -4.902772529311599 -0.194687401667685
C_eff min/max = 0.020506773927414162 0.2304847201497503
lm min/max = 0.022662423241135075 0.10529724279779615
raw min/max = -4.891314138253861 -0.13741806536182138
C_eff min/max = 0.020506930974142114 0.2723427205051257
lm min/max = 0.013504389991598097 0.10586762905458032
Running case in: /homes/aiskhak/projects/GP/runs/3413/1/cand_003 with fv_app_run.sh

===== Linear candidate local_id=006, RE=3413, CG=2 =====
raw = -0.9*eta_h + -5.2*eta_y + -0.2
raw min/max = -5.410182724428476 -0.2601286454620986
C_eff min/max = 0.020502455156454196 0.19132917454032325
lm min/max = 0.009487251155348717 0.10584452251526939

===== Linear candidate local_id=007, RE=3413, CG=1 =====
raw = -0.9*eta_h + -5.2*eta_y + -0.16
raw min/max = -5.380495276380439 -0.28006972143286557
C_eff min/max = 0.02050260535208725 0.18098484436631923
lm min/max = 0.01779534513435697 0.10527583818828164

===== Linear candidate local_id=007, RE=3413, CG=2 =====
raw = -0.9*eta_h + -5.2*eta_y + -0.16
raw min/max = -5.370182724428476 -0.22012864546209854
C_eff min/max = 0.020502659648072224 0.21425345962033884
lm min/max = 0.010623975079619269 0.10584557820920962
Running case in: /homes/aiskhak/projects/GP/runs/3413/2/cand_004 with fv_app_run.sh
Running case in: /homes/aiskhak/projects/GP/runs/3413/1/cand_001 with fv_app_run.sh
Running case in: /homes/aiskhak/projects/GP/runs/3413/2/cand_001 with fv_app_run.sh
Running case in: /homes/aiskhak/projects/GP/runs/3413/1/cand_006 with fv_app_run.sh
Running case in: /homes/aiskhak/projects/GP/runs/3413/1/cand_005 with fv_app_run.sh
Running case in: /homes/aiskhak/projects/GP/runs/3413/2/cand_006 with fv_app_run.sh
Running case in: /homes/aiskhak/projects/GP/runs/3413/2/cand_005 with fv_app_run.sh
Running case in: /homes/aiskhak/projects/GP/runs/3413/2/cand_007 with fv_app_run.sh
Running case in: /homes/aiskhak/projects/GP/runs/3413/1/cand_004 with fv_app_run.sh
Running case in: /homes/aiskhak/projects/GP/runs/3413/2/cand_003 with fv_app_run.sh
Running case in: /homes/aiskhak/projects/GP/runs/3413/1/cand_007 with fv_app_run.sh
Return code = 0
Elapsed: 10.76 sec
has_err = False
has_conv = True
has_ss = False
has_fin = True
Using VPP file: /homes/aiskhak/projects/GP/runs/3413/1/cand_003/tamu_2d_fv_gp_csv_vpp_0002.csv
VPP columns: ('id', 'u', 'v', 'x', 'y', 'z')
coordinate check: max |r_res-r_cg| = 5.000444502911705e-12
coordinate check: max |z_res-z_cg| = 5.000444502911705e-12
Return code = 0
Elapsed: 11.03 sec
has_err = False
has_conv = True
has_ss = False
has_fin = True
Using VPP file: /homes/aiskhak/projects/GP/runs/3413/1/cand_000/tamu_2d_fv_gp_csv_vpp_0002.csv
VPP columns: ('id', 'u', 'v', 'x', 'y', 'z')
coordinate check: max |r_res-r_cg| = 5.000444502911705e-12
coordinate check: max |z_res-z_cg| = 5.000444502911705e-12
Return code = 0
Elapsed: 11.62 sec
has_err = False
has_conv = True
has_ss = False
has_fin = True
Using VPP file: /homes/aiskhak/projects/GP/runs/3413/1/cand_002/tamu_2d_fv_gp_csv_vpp_0002.csv
Return code = 0
Elapsed: 11.28 sec
has_err = False
has_conv = True
has_ss = False
has_fin = True
Using VPP file: /homes/aiskhak/projects/GP/runs/3413/1/cand_007/tamu_2d_fv_gp_csv_vpp_0002.csv
VPP columns: ('id', 'u', 'v', 'x', 'y', 'z')
coordinate check: max |r_res-r_cg| = 5.000444502911705e-12
coordinate check: max |z_res-z_cg| = 5.000444502911705e-12
VPP columns: ('id', 'u', 'v', 'x', 'y', 'z')
coordinate check: max |r_res-r_cg| = 5.000444502911705e-12
coordinate check: max |z_res-z_cg| = 5.000444502911705e-12
Return code = 0
Elapsed: 12.23 sec
has_err = False
has_conv = True
has_ss = False
has_fin = True
Return code = 0
Elapsed: 12.24 sec
has_err = False
has_conv = True
has_ss = False
has_fin = True
Using VPP file: /homes/aiskhak/projects/GP/runs/3413/1/cand_001/tamu_2d_fv_gp_csv_vpp_0002.csv
Using VPP file: /homes/aiskhak/projects/GP/runs/3413/1/cand_005/tamu_2d_fv_gp_csv_vpp_0002.csv
Return code = 0
Elapsed: 12.21 sec
has_err = False
has_conv = True
has_ss = False
has_fin = True
Using VPP file: /homes/aiskhak/projects/GP/runs/3413/1/cand_004/tamu_2d_fv_gp_csv_vpp_0002.csv
VPP columns: ('id', 'u', 'v', 'x', 'y', 'z')
coordinate check: max |r_res-r_cg| = 5.000444502911705e-12
coordinate check: max |z_res-z_cg| = 5.000444502911705e-12
VPP columns: ('id', 'u', 'v', 'x', 'y', 'z')
coordinate check: max |r_res-r_cg| = 5.000444502911705e-12
coordinate check: max |z_res-z_cg| = 5.000444502911705e-12
Return code = 0
Elapsed: 12.44 sec
has_err = False
has_conv = True
has_ss = False
has_fin = True
Using VPP file: /homes/aiskhak/projects/GP/runs/3413/1/cand_006/tamu_2d_fv_gp_csv_vpp_0002.csv
VPP columns: ('id', 'u', 'v', 'x', 'y', 'z')
coordinate check: max |r_res-r_cg| = 5.000444502911705e-12
coordinate check: max |z_res-z_cg| = 5.000444502911705e-12
Return code = 0
Elapsed: 14.1 sec
has_err = False
has_conv = True
has_ss = False
has_fin = True
Using VPP file: /homes/aiskhak/projects/GP/runs/3413/2/cand_002/tamu_2d_fv_gp_csv_vpp_0002.csv
VPP columns: ('id', 'u', 'v', 'x', 'y', 'z')
coordinate check: max |r_res-r_cg| = 5.000444502911705e-12
coordinate check: max |z_res-z_cg| = 5.000444502911705e-12
Return code = 0
Elapsed: 14.2 sec
has_err = False
has_conv = True
has_ss = False
has_fin = True
Return code = 0
Elapsed: 14.29 sec
has_err = False
has_conv = True
has_ss = False
has_fin = True
Return code = 0
Elapsed: 14.6 sec
has_err = False
has_conv = True
has_ss = False
has_fin = True
Using VPP file: /homes/aiskhak/projects/GP/runs/3413/2/cand_003/tamu_2d_fv_gp_csv_vpp_0002.csv
Using VPP file: /homes/aiskhak/projects/GP/runs/3413/2/cand_005/tamu_2d_fv_gp_csv_vpp_0002.csv
Using VPP file: /homes/aiskhak/projects/GP/runs/3413/2/cand_000/tamu_2d_fv_gp_csv_vpp_0002.csv
VPP columns: ('id', 'u', 'v', 'x', 'y', 'z')
coordinate check: max |r_res-r_cg| = 5.000444502911705e-12
coordinate check: max |z_res-z_cg| = 5.000444502911705e-12
VPP columns: ('id', 'u', 'v', 'x', 'y', 'z')
coordinate check: max |r_res-r_cg| = 5.000444502911705e-12
coordinate check: max |z_res-z_cg| = 5.000444502911705e-12
VPP columns: ('id', 'u', 'v', 'x', 'y', 'z')
coordinate check: max |r_res-r_cg| = 5.000444502911705e-12
coordinate check: max |z_res-z_cg| = 5.000444502911705e-12
VPP columns: ('id', 'u', 'v', 'x', 'y', 'z')
coordinate check: max |r_res-r_cg| = 5.000444502911705e-12
coordinate check: max |z_res-z_cg| = 5.000444502911705e-12
Return code = 0
Elapsed: 14.74 sec
has_err = False
has_conv = True
has_ss = False
has_fin = True
Return code = 0
Elapsed: 14.87 sec
has_err = False
has_conv = True
has_ss = False
has_fin = True
Using VPP file: /homes/aiskhak/projects/GP/runs/3413/2/cand_006/tamu_2d_fv_gp_csv_vpp_0002.csv
VPP columns: ('id', 'u', 'v', 'x', 'y', 'z')
coordinate check: max |r_res-r_cg| = 5.000444502911705e-12
coordinate check: max |z_res-z_cg| = 5.000444502911705e-12
Using VPP file: /homes/aiskhak/projects/GP/runs/3413/2/cand_001/tamu_2d_fv_gp_csv_vpp_0002.csv
Return code = 0
Elapsed: 14.98 sec
has_err = False
has_conv = True
has_ss = False
has_fin = True
Using VPP file: /homes/aiskhak/projects/GP/runs/3413/2/cand_007/tamu_2d_fv_gp_csv_vpp_0002.csv
VPP columns: ('id', 'u', 'v', 'x', 'y', 'z')
coordinate check: max |r_res-r_cg| = 5.000444502911705e-12
coordinate check: max |z_res-z_cg| = 5.000444502911705e-12
Return code = 0
Elapsed: 15.4 sec
has_err = False
has_conv = True
has_ss = False
has_fin = True
Using VPP file: /homes/aiskhak/projects/GP/runs/3413/2/cand_004/tamu_2d_fv_gp_csv_vpp_0002.csv
VPP columns: ('id', 'u', 'v', 'x', 'y', 'z')
coordinate check: max |r_res-r_cg| = 5.000444502911705e-12
coordinate check: max |z_res-z_cg| = 5.000444502911705e-12
VPP columns: ('id', 'u', 'v', 'x', 'y', 'z')
coordinate check: max |r_res-r_cg| = 5.000444502911705e-12
coordinate check: max |z_res-z_cg| = 5.000444502911705e-12

===== LIVE CHECKPOINT =====
Chunk 1, stage refine_train, candidate batch starting 24, case batch 4/18
Completed result rows: 624
Current best partial candidates:
  n_cases= 24, mean=0.44551393, raw = -1.1*eta_h + -4.8*eta_y + -0.12
  n_cases= 24, mean=0.44578409, raw = -1.1*eta_h + -4.8*eta_y + -0.14
  n_cases= 24, mean=0.44693273, raw = -1.1*eta_h + -4.8*eta_y + -0.16
  n_cases= 24, mean=0.44733852, raw = -1.1*eta_h + -5*eta_y + -0.12
  n_cases= 24, mean=0.44750884, raw = -1*eta_h + -5*eta_y + -0.12
Checkpoint details: /homes/aiskhak/projects/GP/linear_results_linear_refine_best_screen_C1etaH_C2etaY_C3_CeffMin005_chunk1/linear_refine_best_screen_C1etaH_C2etaY_C3_CeffMin005_chunk1_refine_train_details_checkpoint.csv
Checkpoint summary: /homes/aiskhak/projects/GP/linear_results_linear_refine_best_screen_C1etaH_C2etaY_C3_CeffMin005_chunk1/linear_refine_best_screen_C1etaH_C2etaY_C3_CeffMin005_chunk1_refine_train_summary_checkpoint.csv
===========================


===== Stage refine_train, candidate batch starting 24, case batch 5/18 =====
Running 8 tasks with 64 MPI ranks

===== Linear candidate local_id=000, RE=3413, CG=3 =====
raw = -1*eta_h + -5*eta_y + -0.08
raw min/max = -5.085654205551524 -0.10975428391202527
C_eff min/max = 0.020504698691072503 0.2955022935386189
lm min/max = 0.00735714977065661 0.10591407622248626

===== Linear candidate local_id=001, RE=3413, CG=3 =====
raw = -1*eta_h + -4.8*eta_y + -0.2
raw min/max = -5.005654205551524 -0.22879028077760524
C_eff min/max = 0.020505514038088625 0.20902973576081119
lm min/max = 0.005204233964133622 0.10591828778039863

===== Linear candidate local_id=002, RE=3413, CG=3 =====
raw = -1*eta_h + -4.8*eta_y + -0.16
raw min/max = -4.965654205551524 -0.18879028077760523
C_eff min/max = 0.020505973330719587 0.23444401986212854
lm min/max = 0.005836975903996004 0.10592066019052068

===== Linear candidate local_id=003, RE=3413, CG=3 =====
raw = -1*eta_h + -4.8*eta_y + -0.14
raw min/max = -4.945654205551524 -0.16879028077760524
C_eff min/max = 0.020506217131593275 0.24845322260037117
lm min/max = 0.006185764407389715 0.10592191950891926

===== Linear candidate local_id=004, RE=3413, CG=3 =====
raw = -1*eta_h + -4.8*eta_y + -0.12
raw min/max = -4.925654205551524 -0.14879028077760523
C_eff min/max = 0.020506470884220147 0.2634020991645594
lm min/max = 0.00655794806278127 0.10592323023166965

===== Linear candidate local_id=005, RE=3413, CG=3 =====
raw = -1*eta_h + -4.8*eta_y + -0.08
raw min/max = -4.885654205551524 -0.10879028077760522
C_eff min/max = 0.020507009886567767 0.2963467683660998
lm min/max = 0.007378174743792781 0.10592601437088524

===== Linear candidate local_id=006, RE=3413, CG=3 =====
raw = -0.9*eta_h + -5.2*eta_y + -0.2
raw min/max = -5.405088784996372 -0.23015286649129293
C_eff min/max = 0.020502480298151556 0.20822145356859975
lm min/max = 0.005184110082610256 0.10590261743245669

===== Linear candidate local_id=007, RE=3413, CG=3 =====
raw = -0.9*eta_h + -5.2*eta_y + -0.16
raw min/max = -5.365088784996372 -0.19015286649129293
C_eff min/max = 0.020502686883929724 0.2335223988716932
lm min/max = 0.005814030215225818 0.10590368452162416
Running case in: /homes/aiskhak/projects/GP/runs/3413/3/cand_000 with fv_app_run.sh
Running case in: /homes/aiskhak/projects/GP/runs/3413/3/cand_004 with fv_app_run.sh
Running case in: /homes/aiskhak/projects/GP/runs/3413/3/cand_005 with fv_app_run.sh
Running case in: /homes/aiskhak/projects/GP/runs/3413/3/cand_001 with fv_app_run.sh
Running case in: /homes/aiskhak/projects/GP/runs/3413/3/cand_003 with fv_app_run.sh
Running case in: /homes/aiskhak/projects/GP/runs/3413/3/cand_002 with fv_app_run.sh
Running case in: /homes/aiskhak/projects/GP/runs/3413/3/cand_006 with fv_app_run.sh
Running case in: /homes/aiskhak/projects/GP/runs/3413/3/cand_007 with fv_app_run.sh
Return code = 0
Elapsed: 22.98 sec
has_err = False
has_conv = True
has_ss = False
has_fin = True
Using VPP file: /homes/aiskhak/projects/GP/runs/3413/3/cand_004/tamu_2d_fv_gp_csv_vpp_0002.csv
Return code = 0
Elapsed: 23.11 sec
Return code = 0
Elapsed: 22.9 sec
has_err = False
has_conv = True
has_ss = False
has_fin = True
has_err = False
has_conv = True
has_ss = False
has_fin = True
Using VPP file: /homes/aiskhak/projects/GP/runs/3413/3/cand_001/tamu_2d_fv_gp_csv_vpp_0002.csv
Using VPP file: /homes/aiskhak/projects/GP/runs/3413/3/cand_007/tamu_2d_fv_gp_csv_vpp_0002.csv
VPP columns: ('id', 'u', 'v', 'x', 'y', 'z')
coordinate check: max |r_res-r_cg| = 5.000444502911705e-12
coordinate check: max |z_res-z_cg| = 5.000444502911705e-12
VPP columns: ('id', 'u', 'v', 'x', 'y', 'z')
coordinate check: max |r_res-r_cg| = 5.000444502911705e-12
coordinate check: max |z_res-z_cg| = 5.000444502911705e-12
Return code = 0
Elapsed: 23.71 sec
has_err = False
has_conv = True
has_ss = False
has_fin = True
Using VPP file: /homes/aiskhak/projects/GP/runs/3413/3/cand_003/tamu_2d_fv_gp_csv_vpp_0002.csv
Return code = 0
Elapsed: 23.99 sec
has_err = False
has_conv = True
has_ss = False
has_fin = True
Using VPP file: /homes/aiskhak/projects/GP/runs/3413/3/cand_000/tamu_2d_fv_gp_csv_vpp_0002.csv
VPP columns: ('id', 'u', 'v', 'x', 'y', 'z')
coordinate check: max |r_res-r_cg| = 5.000444502911705e-12
coordinate check: max |z_res-z_cg| = 5.000444502911705e-12
VPP columns: ('id', 'u', 'v', 'x', 'y', 'z')
coordinate check: max |r_res-r_cg| = 5.000444502911705e-12
coordinate check: max |z_res-z_cg| = 5.000444502911705e-12
VPP columns: ('id', 'u', 'v', 'x', 'y', 'z')
coordinate check: max |r_res-r_cg| = 5.000444502911705e-12
coordinate check: max |z_res-z_cg| = 5.000444502911705e-12
Return code = 0
Elapsed: 24.53 sec
has_err = False
has_conv = True
has_ss = False
has_fin = True
Using VPP file: /homes/aiskhak/projects/GP/runs/3413/3/cand_005/tamu_2d_fv_gp_csv_vpp_0002.csv
Return code = 0
Elapsed: 24.44 sec
has_err = False
has_conv = True
has_ss = False
has_fin = True
Using VPP file: /homes/aiskhak/projects/GP/runs/3413/3/cand_006/tamu_2d_fv_gp_csv_vpp_0002.csv
VPP columns: ('id', 'u', 'v', 'x', 'y', 'z')
coordinate check: max |r_res-r_cg| = 5.000444502911705e-12
coordinate check: max |z_res-z_cg| = 5.000444502911705e-12
VPP columns: ('id', 'u', 'v', 'x', 'y', 'z')
coordinate check: max |r_res-r_cg| = 5.000444502911705e-12
coordinate check: max |z_res-z_cg| = 5.000444502911705e-12
Return code = 0
Elapsed: 24.85 sec
has_err = False
has_conv = True
has_ss = False
has_fin = True
Using VPP file: /homes/aiskhak/projects/GP/runs/3413/3/cand_002/tamu_2d_fv_gp_csv_vpp_0002.csv
VPP columns: ('id', 'u', 'v', 'x', 'y', 'z')
coordinate check: max |r_res-r_cg| = 5.000444502911705e-12
coordinate check: max |z_res-z_cg| = 5.000444502911705e-12

===== LIVE CHECKPOINT =====
Chunk 1, stage refine_train, candidate batch starting 24, case batch 5/18
Completed result rows: 632
Current best partial candidates:
  n_cases= 24, mean=0.44551393, raw = -1.1*eta_h + -4.8*eta_y + -0.12
  n_cases= 24, mean=0.44578409, raw = -1.1*eta_h + -4.8*eta_y + -0.14
  n_cases= 24, mean=0.44693273, raw = -1.1*eta_h + -4.8*eta_y + -0.16
  n_cases= 24, mean=0.44733852, raw = -1.1*eta_h + -5*eta_y + -0.12
  n_cases= 24, mean=0.44750884, raw = -1*eta_h + -5*eta_y + -0.12
Checkpoint details: /homes/aiskhak/projects/GP/linear_results_linear_refine_best_screen_C1etaH_C2etaY_C3_CeffMin005_chunk1/linear_refine_best_screen_C1etaH_C2etaY_C3_CeffMin005_chunk1_refine_train_details_checkpoint.csv
Checkpoint summary: /homes/aiskhak/projects/GP/linear_results_linear_refine_best_screen_C1etaH_C2etaY_C3_CeffMin005_chunk1/linear_refine_best_screen_C1etaH_C2etaY_C3_CeffMin005_chunk1_refine_train_summary_checkpoint.csv
===========================


===== Stage refine_train, candidate batch starting 24, case batch 6/18 =====
Running 8 tasks with 96 MPI ranks

===== Linear candidate local_id=000, RE=3413, CG=4 =====
raw = -1*eta_h + -5*eta_y + -0.08
raw min/max = -5.082820598169251 -0.09486760518961955
C_eff min/max = 0.020504725397211487 0.30883548861798554
lm min/max = 0.0038525217588758045 0.10616043732473646

===== Linear candidate local_id=001, RE=3413, CG=4 =====
raw = -1*eta_h + -4.8*eta_y + -0.2
raw min/max = -5.002820598169251 -0.2143857249088048
C_eff min/max = 0.020505545378865588 0.21779990011128028
lm min/max = 0.002716912029813982 0.10616468266864189

===== Linear candidate local_id=002, RE=3413, CG=4 =====
raw = -1*eta_h + -4.8*eta_y + -0.16
raw min/max = -4.962820598169251 -0.1743857249088048
C_eff min/max = 0.020506007282286 0.2444415386578114
lm min/max = 0.0030492491347623484 0.1061670741110125

===== Linear candidate local_id=003, RE=3413, CG=4 =====
raw = -1*eta_h + -4.8*eta_y + -0.14
raw min/max = -4.94282059816925 -0.1543857249088048
C_eff min/max = 0.02050625246903007 0.25912192513391147
lm min/max = 0.003232377403411031 0.10616834353215678

===== Linear candidate local_id=004, RE=3413, CG=4 =====
raw = -1*eta_h + -4.8*eta_y + -0.12

===== Linear candidate local_id=005, RE=3413, CG=4 =====
raw = -1*eta_h + -4.8*eta_y + -0.08
raw min/max = -4.922820598169251 -0.1343857249088048
C_eff min/max = 0.020506507664109146 0.27478242873431485
lm min/max = 0.003427731995415628 0.1061696647700994
raw min/max = -4.882820598169251 -0.0943857249088048
C_eff min/max = 0.020507049730445513 0.3092776665754183
lm min/max = 0.0038580376411661717 0.10617247124510518

===== Linear candidate local_id=006, RE=3413, CG=4 =====
raw = -0.9*eta_h + -5.2*eta_y + -0.2
raw min/max = -5.402538538352326 -0.21506742565350925
C_eff min/max = 0.0205024929817268 0.21737541872293184
lm min/max = 0.0027116169007076474 0.10614887929605996

===== Linear candidate local_id=007, RE=3413, CG=4 =====
raw = -0.9*eta_h + -5.2*eta_y + -0.16
raw min/max = -5.362538538352326 -0.17506742565350925
C_eff min/max = 0.020502700623975228 0.2439577565282961
lm min/max = 0.003043214267497407 0.10614995433566536
Running case in: /homes/aiskhak/projects/GP/runs/3413/4/cand_001 with fv_app_run.sh
Running case in: /homes/aiskhak/projects/GP/runs/3413/4/cand_000 with fv_app_run.sh
Running case in: /homes/aiskhak/projects/GP/runs/3413/4/cand_005 with fv_app_run.sh
Running case in: /homes/aiskhak/projects/GP/runs/3413/4/cand_003 with fv_app_run.sh
Running case in: /homes/aiskhak/projects/GP/runs/3413/4/cand_006 with fv_app_run.sh
Running case in: /homes/aiskhak/projects/GP/runs/3413/4/cand_002 with fv_app_run.sh
Running case in: /homes/aiskhak/projects/GP/runs/3413/4/cand_007 with fv_app_run.sh
Running case in: /homes/aiskhak/projects/GP/runs/3413/4/cand_004 with fv_app_run.sh
Return code = 0
Elapsed: 60.07 sec
has_err = False
has_conv = True
has_ss = False
has_fin = True
Using VPP file: /homes/aiskhak/projects/GP/runs/3413/4/cand_001/tamu_2d_fv_gp_csv_vpp_0002.csv
VPP columns: ('id', 'u', 'v', 'x', 'y', 'z')
coordinate check: max |r_res-r_cg| = 5.000444502911705e-12
coordinate check: max |z_res-z_cg| = 5.000444502911705e-12
Return code = 0
Elapsed: 63.39 sec
Return code = 0
Elapsed: 63.39 sec
has_err = False
has_conv = True
has_ss = False
has_fin = True
has_err = False
has_conv = True
has_ss = False
has_fin = True
Return code = 0
Elapsed: 63.39 sec
has_err = False
has_conv = True
has_ss = False
has_fin = True
Return code = 0
Elapsed: 63.4 sec
has_err = False
has_conv = True
has_ss = False
has_fin = True
Using VPP file: /homes/aiskhak/projects/GP/runs/3413/4/cand_006/tamu_2d_fv_gp_csv_vpp_0002.csv
Using VPP file: /homes/aiskhak/projects/GP/runs/3413/4/cand_007/tamu_2d_fv_gp_csv_vpp_0002.csv
Using VPP file: /homes/aiskhak/projects/GP/runs/3413/4/cand_003/tamu_2d_fv_gp_csv_vpp_0002.csv
Using VPP file: /homes/aiskhak/projects/GP/runs/3413/4/cand_002/tamu_2d_fv_gp_csv_vpp_0002.csv
Return code = 0
Elapsed: 82.1 sec
has_err = False
has_conv = True
has_ss = False
has_fin = True
Return code = 0
Elapsed: 80.28 sec
has_err = False
has_conv = True
has_ss = False
has_fin = True
Return code = 0
Elapsed: 80.3 sec
has_err = False
has_conv = True
has_ss = False
has_fin = True
VPP columns: ('id', 'u', 'v', 'x', 'y', 'z')
coordinate check: max |r_res-r_cg| = 5.000444502911705e-12
coordinate check: max |z_res-z_cg| = 5.000444502911705e-12
VPP columns: ('id', 'u', 'v', 'x', 'y', 'z')
coordinate check: max |r_res-r_cg| = 5.000444502911705e-12
coordinate check: max |z_res-z_cg| = 5.000444502911705e-12
VPP columns: ('id', 'u', 'v', 'x', 'y', 'z')
coordinate check: max |r_res-r_cg| = 5.000444502911705e-12
coordinate check: max |z_res-z_cg| = 5.000444502911705e-12
VPP columns: ('id', 'u', 'v', 'x', 'y', 'z')
coordinate check: max |r_res-r_cg| = 5.000444502911705e-12
coordinate check: max |z_res-z_cg| = 5.000444502911705e-12
Using VPP file: /homes/aiskhak/projects/GP/runs/3413/4/cand_000/tamu_2d_fv_gp_csv_vpp_0002.csv
Using VPP file: /homes/aiskhak/projects/GP/runs/3413/4/cand_005/tamu_2d_fv_gp_csv_vpp_0002.csv
Using VPP file: /homes/aiskhak/projects/GP/runs/3413/4/cand_004/tamu_2d_fv_gp_csv_vpp_0002.csv
VPP columns: ('id', 'u', 'v', 'x', 'y', 'z')
coordinate check: max |r_res-r_cg| = 5.000444502911705e-12
coordinate check: max |z_res-z_cg| = 5.000444502911705e-12
VPP columns: ('id', 'u', 'v', 'x', 'y', 'z')
coordinate check: max |r_res-r_cg| = 5.000444502911705e-12
coordinate check: max |z_res-z_cg| = 5.000444502911705e-12
VPP columns: ('id', 'u', 'v', 'x', 'y', 'z')
coordinate check: max |r_res-r_cg| = 5.000444502911705e-12
coordinate check: max |z_res-z_cg| = 5.000444502911705e-12

===== LIVE CHECKPOINT =====
Chunk 1, stage refine_train, candidate batch starting 24, case batch 6/18
Completed result rows: 640
Current best partial candidates:
  n_cases= 24, mean=0.44551393, raw = -1.1*eta_h + -4.8*eta_y + -0.12
  n_cases= 24, mean=0.44578409, raw = -1.1*eta_h + -4.8*eta_y + -0.14
  n_cases= 24, mean=0.44693273, raw = -1.1*eta_h + -4.8*eta_y + -0.16
  n_cases= 24, mean=0.44733852, raw = -1.1*eta_h + -5*eta_y + -0.12
  n_cases= 24, mean=0.44750884, raw = -1*eta_h + -5*eta_y + -0.12
Checkpoint details: /homes/aiskhak/projects/GP/linear_results_linear_refine_best_screen_C1etaH_C2etaY_C3_CeffMin005_chunk1/linear_refine_best_screen_C1etaH_C2etaY_C3_CeffMin005_chunk1_refine_train_details_checkpoint.csv
Checkpoint summary: /homes/aiskhak/projects/GP/linear_results_linear_refine_best_screen_C1etaH_C2etaY_C3_CeffMin005_chunk1/linear_refine_best_screen_C1etaH_C2etaY_C3_CeffMin005_chunk1_refine_train_summary_checkpoint.csv
===========================


===== Stage refine_train, candidate batch starting 24, case batch 7/18 =====
Running 16 tasks with 64 MPI ranks

===== Linear candidate local_id=000, RE=7912, CG=1 =====
raw = -1*eta_h + -5*eta_y + -0.08
raw min/max = -5.102772529311599 -0.19851718801585522
C_eff min/max = 0.02050454053459744 0.22795399813003073
lm min/max = 0.022413589854352288 0.10528577487473241

===== Linear candidate local_id=000, RE=7912, CG=2 =====
raw = -1*eta_h + -5*eta_y + -0.08
raw min/max = -5.091314138253861 -0.13933906232465304
C_eff min/max = 0.020504645798440906 0.2708094098590928
lm min/max = 0.013428359228213298 0.10585583176839619

===== Linear candidate local_id=001, RE=7912, CG=1 =====
raw = -1*eta_h + -4.8*eta_y + -0.2
raw min/max = -5.022772529311599 -0.314687401667685
C_eff min/max = 0.020505328434912113 0.16457582278467323
lm min/max = 0.016181927152398898 0.10528982054915337
Running case in: /homes/aiskhak/projects/GP/runs/7912/1/cand_000 with fv_app_run.sh

===== Linear candidate local_id=001, RE=7912, CG=2 =====
raw = -1*eta_h + -4.8*eta_y + -0.2
raw min/max = -5.011314138253861 -0.2574180653618214
C_eff min/max = 0.02050545196637548 0.1927887766924471
lm min/max = 0.009559627008311842 0.10585999363386309

===== Linear candidate local_id=002, RE=7912, CG=1 =====
raw = -1*eta_h + -4.8*eta_y + -0.16

===== Linear candidate local_id=002, RE=7912, CG=2 =====
raw = -1*eta_h + -4.8*eta_y + -0.16

===== Linear candidate local_id=003, RE=7912, CG=1 =====
raw = -1*eta_h + -4.8*eta_y + -0.14
raw min/max = -4.982772529311599 -0.274687401667685
C_eff min/max = 0.02050577226624914 0.18370985882751895
lm min/max = 0.018063282336518563 0.10529209951395893
raw min/max = -4.971314138253861 -0.21741806536182137
C_eff min/max = 0.020505906088237793 0.21591899192332342
lm min/max = 0.010706562187956114 0.10586233805121766
raw min/max = -4.962772529311598 -0.254687401667685
C_eff min/max = 0.020506007859896532 0.19427249256026355
lm min/max = 0.01910185390012166 0.1052933092294207
Running case in: /homes/aiskhak/projects/GP/runs/7912/1/cand_001 with fv_app_run.sh

===== Linear candidate local_id=003, RE=7912, CG=2 =====
raw = -1*eta_h + -4.8*eta_y + -0.14
raw min/max = -4.951314138253861 -0.19741806536182138
C_eff min/max = 0.020506147144342533 0.2286770570997405
lm min/max = 0.011339183788272839 0.10586358251038662

===== Linear candidate local_id=004, RE=7912, CG=1 =====
raw = -1*eta_h + -4.8*eta_y + -0.12
raw min/max = -4.942772529311599 -0.23468740166768498
C_eff min/max = 0.02050625307021811 0.20555756756791332
lm min/max = 0.020211459543242608 0.10529456832414029
Running case in: /homes/aiskhak/projects/GP/runs/7912/1/cand_002 with fv_app_run.sh
Running case in: /homes/aiskhak/projects/GP/runs/7912/2/cand_000 with fv_app_run.sh

===== Linear candidate local_id=004, RE=7912, CG=2 =====
raw = -1*eta_h + -4.8*eta_y + -0.12
raw min/max = -4.931314138253861 -0.17741806536182136
C_eff min/max = 0.020506398040138412 0.24229778290913329
lm min/max = 0.012014581290939718 0.10586487776724797
Running case in: /homes/aiskhak/projects/GP/runs/7912/1/cand_003 with fv_app_run.sh
Running case in: /homes/aiskhak/projects/GP/runs/7912/2/cand_001 with fv_app_run.sh

===== Linear candidate local_id=005, RE=7912, CG=2 =====
raw = -1*eta_h + -4.8*eta_y + -0.08
Running case in: /homes/aiskhak/projects/GP/runs/7912/1/cand_004 with fv_app_run.sh

===== Linear candidate local_id=005, RE=7912, CG=1 =====
raw = -1*eta_h + -4.8*eta_y + -0.08
raw min/max = -4.891314138253861 -0.13741806536182138
C_eff min/max = 0.020506930974142114 0.2723427205051257
lm min/max = 0.013504389991598097 0.10586762905458032
raw min/max = -4.902772529311599 -0.194687401667685
C_eff min/max = 0.020506773927414162 0.2304847201497503
lm min/max = 0.022662423241135075 0.10529724279779615

===== Linear candidate local_id=006, RE=7912, CG=1 =====
raw = -0.9*eta_h + -5.2*eta_y + -0.2
raw min/max = -5.420495276380439 -0.3200697214328656
C_eff min/max = 0.02050240503527255 0.16218999108855003
lm min/max = 0.015947340114939194 0.1052748096106834

===== Linear candidate local_id=006, RE=7912, CG=2 =====
raw = -0.9*eta_h + -5.2*eta_y + -0.2
raw min/max = -5.410182724428476 -0.2601286454620986
C_eff min/max = 0.020502455156454196 0.19132917454032325
lm min/max = 0.009487251155348717 0.10584452251526939

===== Linear candidate local_id=007, RE=7912, CG=1 =====
raw = -0.9*eta_h + -5.2*eta_y + -0.16

===== Linear candidate local_id=007, RE=7912, CG=2 =====
raw = -0.9*eta_h + -5.2*eta_y + -0.16
raw min/max = -5.370182724428476 -0.22012864546209854
C_eff min/max = 0.020502659648072224 0.21425345962033884
lm min/max = 0.010623975079619269 0.10584557820920962
raw min/max = -5.380495276380439 -0.28006972143286557
C_eff min/max = 0.02050260535208725 0.18098484436631923
lm min/max = 0.01779534513435697 0.10527583818828164
Running case in: /homes/aiskhak/projects/GP/runs/7912/2/cand_004 with fv_app_run.sh
Running case in: /homes/aiskhak/projects/GP/runs/7912/2/cand_006 with fv_app_run.sh
Running case in: /homes/aiskhak/projects/GP/runs/7912/2/cand_003 with fv_app_run.sh
Running case in: /homes/aiskhak/projects/GP/runs/7912/2/cand_002 with fv_app_run.sh
Running case in: /homes/aiskhak/projects/GP/runs/7912/1/cand_006 with fv_app_run.sh
Running case in: /homes/aiskhak/projects/GP/runs/7912/1/cand_005 with fv_app_run.sh
Running case in: /homes/aiskhak/projects/GP/runs/7912/1/cand_007 with fv_app_run.sh
Running case in: /homes/aiskhak/projects/GP/runs/7912/2/cand_007 with fv_app_run.sh
Running case in: /homes/aiskhak/projects/GP/runs/7912/2/cand_005 with fv_app_run.sh
Return code = 0
Elapsed: 10.95 sec
has_err = False
has_conv = True
has_ss = False
has_fin = True
Using VPP file: /homes/aiskhak/projects/GP/runs/7912/1/cand_000/tamu_2d_fv_gp_csv_vpp_0002.csv
VPP columns: ('id', 'u', 'v', 'x', 'y', 'z')
coordinate check: max |r_res-r_cg| = 5.000444502911705e-12
coordinate check: max |z_res-z_cg| = 5.000444502911705e-12
Return code = 0
Elapsed: 16.1 sec
has_err = False
has_conv = True
has_ss = False
has_fin = True
Using VPP file: /homes/aiskhak/projects/GP/runs/7912/1/cand_005/tamu_2d_fv_gp_csv_vpp_0002.csv
VPP columns: ('id', 'u', 'v', 'x', 'y', 'z')
coordinate check: max |r_res-r_cg| = 5.000444502911705e-12
coordinate check: max |z_res-z_cg| = 5.000444502911705e-12
Return code = 0
Elapsed: 16.54 sec
has_err = False
has_conv = True
has_ss = False
has_fin = True
Using VPP file: /homes/aiskhak/projects/GP/runs/7912/1/cand_002/tamu_2d_fv_gp_csv_vpp_0002.csv
VPP columns: ('id', 'u', 'v', 'x', 'y', 'z')
coordinate check: max |r_res-r_cg| = 5.000444502911705e-12
coordinate check: max |z_res-z_cg| = 5.000444502911705e-12
Return code = 0
Elapsed: 16.69 sec
has_err = False
has_conv = True
has_ss = False
has_fin = True
Using VPP file: /homes/aiskhak/projects/GP/runs/7912/1/cand_004/tamu_2d_fv_gp_csv_vpp_0002.csv
VPP columns: ('id', 'u', 'v', 'x', 'y', 'z')
coordinate check: max |r_res-r_cg| = 5.000444502911705e-12
coordinate check: max |z_res-z_cg| = 5.000444502911705e-12
Return code = 0
Elapsed: 18.53 sec
has_err = False
has_conv = True
has_ss = False
has_fin = True
Return code = 0
Return code = 0
Elapsed: 18.36 sec
Elapsed: 18.75 sec
Return code = 0
Elapsed: 18.41 sec
has_err = False
has_conv = True
has_ss = False
has_fin = True
has_err = False
has_conv = True
has_ss = False
has_fin = True
has_err = False
has_conv = True
has_ss = False
has_fin = True
Using VPP file: /homes/aiskhak/projects/GP/runs/7912/1/cand_003/tamu_2d_fv_gp_csv_vpp_0002.csv
VPP columns: ('id', 'u', 'v', 'x', 'y', 'z')
coordinate check: max |r_res-r_cg| = 5.000444502911705e-12
coordinate check: max |z_res-z_cg| = 5.000444502911705e-12
Return code = 0
Elapsed: 20.05 sec
has_err = False
has_conv = True
has_ss = False
has_fin = True
Return code = 0
Elapsed: 19.9 sec
has_err = False
has_conv = True
has_ss = False
has_fin = True
Using VPP file: /homes/aiskhak/projects/GP/runs/7912/1/cand_006/tamu_2d_fv_gp_csv_vpp_0002.csv
Using VPP file: /homes/aiskhak/projects/GP/runs/7912/1/cand_007/tamu_2d_fv_gp_csv_vpp_0002.csv
Using VPP file: /homes/aiskhak/projects/GP/runs/7912/1/cand_001/tamu_2d_fv_gp_csv_vpp_0002.csv
VPP columns: ('id', 'u', 'v', 'x', 'y', 'z')
coordinate check: max |r_res-r_cg| = 5.000444502911705e-12
coordinate check: max |z_res-z_cg| = 5.000444502911705e-12
VPP columns: ('id', 'u', 'v', 'x', 'y', 'z')
coordinate check: max |r_res-r_cg| = 5.000444502911705e-12
coordinate check: max |z_res-z_cg| = 5.000444502911705e-12
Using VPP file: /homes/aiskhak/projects/GP/runs/7912/2/cand_000/tamu_2d_fv_gp_csv_vpp_0002.csv
Using VPP file: /homes/aiskhak/projects/GP/runs/7912/2/cand_005/tamu_2d_fv_gp_csv_vpp_0002.csv
VPP columns: ('id', 'u', 'v', 'x', 'y', 'z')
coordinate check: max |r_res-r_cg| = 5.000444502911705e-12
coordinate check: max |z_res-z_cg| = 5.000444502911705e-12
VPP columns: ('id', 'u', 'v', 'x', 'y', 'z')
coordinate check: max |r_res-r_cg| = 5.000444502911705e-12
coordinate check: max |z_res-z_cg| = 5.000444502911705e-12
Return code = 0
Elapsed: 20.98 sec
has_err = False
has_conv = True
has_ss = False
has_fin = True
Using VPP file: /homes/aiskhak/projects/GP/runs/7912/2/cand_004/tamu_2d_fv_gp_csv_vpp_0002.csv
VPP columns: ('id', 'u', 'v', 'x', 'y', 'z')
coordinate check: max |r_res-r_cg| = 5.000444502911705e-12
coordinate check: max |z_res-z_cg| = 5.000444502911705e-12
VPP columns: ('id', 'u', 'v', 'x', 'y', 'z')
coordinate check: max |r_res-r_cg| = 5.000444502911705e-12
coordinate check: max |z_res-z_cg| = 5.000444502911705e-12
Return code = 0
Return code = 0
Return code = 0
Elapsed: 23.47 sec
Elapsed: 23.67 sec
Elapsed: 23.49 sec
Return code = 0
Elapsed: 23.48 sec
has_err = False
has_conv = True
has_ss = False
has_fin = True
has_err = False
has_conv = True
has_ss = False
has_fin = True
has_err = False
has_conv = True
has_ss = False
has_fin = True
has_err = False
has_conv = True
has_ss = False
has_fin = True
Return code = 0
Elapsed: 23.37 sec
has_err = False
has_conv = True
has_ss = False
has_fin = True
Using VPP file: /homes/aiskhak/projects/GP/runs/7912/2/cand_006/tamu_2d_fv_gp_csv_vpp_0002.csv
Using VPP file: /homes/aiskhak/projects/GP/runs/7912/2/cand_003/tamu_2d_fv_gp_csv_vpp_0002.csv
Using VPP file: /homes/aiskhak/projects/GP/runs/7912/2/cand_002/tamu_2d_fv_gp_csv_vpp_0002.csv
Using VPP file: /homes/aiskhak/projects/GP/runs/7912/2/cand_001/tamu_2d_fv_gp_csv_vpp_0002.csv
Using VPP file: /homes/aiskhak/projects/GP/runs/7912/2/cand_007/tamu_2d_fv_gp_csv_vpp_0002.csv
VPP columns: ('id', 'u', 'v', 'x', 'y', 'z')
coordinate check: max |r_res-r_cg| = 5.000444502911705e-12
coordinate check: max |z_res-z_cg| = 5.000444502911705e-12
VPP columns: ('id', 'u', 'v', 'x', 'y', 'z')
coordinate check: max |r_res-r_cg| = 5.000444502911705e-12
coordinate check: max |z_res-z_cg| = 5.000444502911705e-12
VPP columns: ('id', 'u', 'v', 'x', 'y', 'z')
coordinate check: max |r_res-r_cg| = 5.000444502911705e-12
coordinate check: max |z_res-z_cg| = 5.000444502911705e-12
VPP columns: ('id', 'u', 'v', 'x', 'y', 'z')
coordinate check: max |r_res-r_cg| = 5.000444502911705e-12
coordinate check: max |z_res-z_cg| = 5.000444502911705e-12
VPP columns: ('id', 'u', 'v', 'x', 'y', 'z')
coordinate check: max |r_res-r_cg| = 5.000444502911705e-12
coordinate check: max |z_res-z_cg| = 5.000444502911705e-12

===== LIVE CHECKPOINT =====
Chunk 1, stage refine_train, candidate batch starting 24, case batch 7/18
Completed result rows: 656
Current best partial candidates:
  n_cases= 24, mean=0.44551393, raw = -1.1*eta_h + -4.8*eta_y + -0.12
  n_cases= 24, mean=0.44578409, raw = -1.1*eta_h + -4.8*eta_y + -0.14
  n_cases= 24, mean=0.44693273, raw = -1.1*eta_h + -4.8*eta_y + -0.16
  n_cases= 24, mean=0.44733852, raw = -1.1*eta_h + -5*eta_y + -0.12
  n_cases= 24, mean=0.44750884, raw = -1*eta_h + -5*eta_y + -0.12
Checkpoint details: /homes/aiskhak/projects/GP/linear_results_linear_refine_best_screen_C1etaH_C2etaY_C3_CeffMin005_chunk1/linear_refine_best_screen_C1etaH_C2etaY_C3_CeffMin005_chunk1_refine_train_details_checkpoint.csv
Checkpoint summary: /homes/aiskhak/projects/GP/linear_results_linear_refine_best_screen_C1etaH_C2etaY_C3_CeffMin005_chunk1/linear_refine_best_screen_C1etaH_C2etaY_C3_CeffMin005_chunk1_refine_train_summary_checkpoint.csv
===========================


===== Stage refine_train, candidate batch starting 24, case batch 8/18 =====
Running 8 tasks with 64 MPI ranks

===== Linear candidate local_id=000, RE=7912, CG=3 =====
raw = -1*eta_h + -5*eta_y + -0.08
raw min/max = -5.085654205551524 -0.10975428391202527
C_eff min/max = 0.020504698691072503 0.2955022935386189
lm min/max = 0.00735714977065661 0.10591407622248626

===== Linear candidate local_id=002, RE=7912, CG=3 =====
raw = -1*eta_h + -4.8*eta_y + -0.16
raw min/max = -4.965654205551524 -0.18879028077760523
C_eff min/max = 0.020505973330719587 0.23444401986212854
lm min/max = 0.005836975903996004 0.10592066019052068

===== Linear candidate local_id=001, RE=7912, CG=3 =====
raw = -1*eta_h + -4.8*eta_y + -0.2
raw min/max = -5.005654205551524 -0.22879028077760524
C_eff min/max = 0.020505514038088625 0.20902973576081119
lm min/max = 0.005204233964133622 0.10591828778039863

===== Linear candidate local_id=003, RE=7912, CG=3 =====
raw = -1*eta_h + -4.8*eta_y + -0.14
raw min/max = -4.945654205551524 -0.16879028077760524
C_eff min/max = 0.020506217131593275 0.24845322260037117
lm min/max = 0.006185764407389715 0.10592191950891926

===== Linear candidate local_id=005, RE=7912, CG=3 =====
raw = -1*eta_h + -4.8*eta_y + -0.08
raw min/max = -4.885654205551524 -0.10879028077760522
C_eff min/max = 0.020507009886567767 0.2963467683660998
lm min/max = 0.007378174743792781 0.10592601437088524

===== Linear candidate local_id=006, RE=7912, CG=3 =====
raw = -0.9*eta_h + -5.2*eta_y + -0.2

===== Linear candidate local_id=004, RE=7912, CG=3 =====
raw = -1*eta_h + -4.8*eta_y + -0.12
raw min/max = -5.405088784996372 -0.23015286649129293
C_eff min/max = 0.020502480298151556 0.20822145356859975
lm min/max = 0.005184110082610256 0.10590261743245669
raw min/max = -4.925654205551524 -0.14879028077760523
C_eff min/max = 0.020506470884220147 0.2634020991645594
lm min/max = 0.00655794806278127 0.10592323023166965

===== Linear candidate local_id=007, RE=7912, CG=3 =====
raw = -0.9*eta_h + -5.2*eta_y + -0.16
raw min/max = -5.365088784996372 -0.19015286649129293
C_eff min/max = 0.020502686883929724 0.2335223988716932
lm min/max = 0.005814030215225818 0.10590368452162416
Running case in: /homes/aiskhak/projects/GP/runs/7912/3/cand_001 with fv_app_run.sh
Running case in: /homes/aiskhak/projects/GP/runs/7912/3/cand_000 with fv_app_run.sh
Running case in: /homes/aiskhak/projects/GP/runs/7912/3/cand_002 with fv_app_run.sh
Running case in: /homes/aiskhak/projects/GP/runs/7912/3/cand_004 with fv_app_run.sh
Running case in: /homes/aiskhak/projects/GP/runs/7912/3/cand_005 with fv_app_run.sh
Running case in: /homes/aiskhak/projects/GP/runs/7912/3/cand_003 with fv_app_run.sh
Running case in: /homes/aiskhak/projects/GP/runs/7912/3/cand_007 with fv_app_run.sh
Running case in: /homes/aiskhak/projects/GP/runs/7912/3/cand_006 with fv_app_run.sh
Return code = 0
Elapsed: 36.52 sec
has_err = False
has_conv = True
has_ss = False
has_fin = True
Using VPP file: /homes/aiskhak/projects/GP/runs/7912/3/cand_002/tamu_2d_fv_gp_csv_vpp_0002.csv
VPP columns: ('id', 'u', 'v', 'x', 'y', 'z')
coordinate check: max |r_res-r_cg| = 5.000444502911705e-12
coordinate check: max |z_res-z_cg| = 5.000444502911705e-12
Return code = 0
Elapsed: 37.25 sec
has_err = False
has_conv = True
has_ss = False
has_fin = True
Return code = 0
Elapsed: 37.27 sec
has_err = False
has_conv = True
has_ss = False
has_fin = True
Using VPP file: /homes/aiskhak/projects/GP/runs/7912/3/cand_003/tamu_2d_fv_gp_csv_vpp_0002.csv
Using VPP file: /homes/aiskhak/projects/GP/runs/7912/3/cand_004/tamu_2d_fv_gp_csv_vpp_0002.csv
Return code = 0
Elapsed: 37.32 sec
has_err = False
has_conv = True
has_ss = False
has_fin = True
Using VPP file: /homes/aiskhak/projects/GP/runs/7912/3/cand_006/tamu_2d_fv_gp_csv_vpp_0002.csv
VPP columns: ('id', 'u', 'v', 'x', 'y', 'z')
coordinate check: max |r_res-r_cg| = 5.000444502911705e-12
coordinate check: max |z_res-z_cg| = 5.000444502911705e-12
VPP columns: ('id', 'u', 'v', 'x', 'y', 'z')
coordinate check: max |r_res-r_cg| = 5.000444502911705e-12
coordinate check: max |z_res-z_cg| = 5.000444502911705e-12
VPP columns: ('id', 'u', 'v', 'x', 'y', 'z')
coordinate check: max |r_res-r_cg| = 5.000444502911705e-12
coordinate check: max |z_res-z_cg| = 5.000444502911705e-12
Return code = 0
Elapsed: 38.96 sec
has_err = False
has_conv = True
has_ss = False
has_fin = True
Using VPP file: /homes/aiskhak/projects/GP/runs/7912/3/cand_007/tamu_2d_fv_gp_csv_vpp_0002.csv
Return code = 0
Elapsed: 39.22 sec
has_err = False
has_conv = True
has_ss = False
has_fin = True
Using VPP file: /homes/aiskhak/projects/GP/runs/7912/3/cand_005/tamu_2d_fv_gp_csv_vpp_0002.csv
VPP columns: ('id', 'u', 'v', 'x', 'y', 'z')
coordinate check: max |r_res-r_cg| = 5.000444502911705e-12
coordinate check: max |z_res-z_cg| = 5.000444502911705e-12
Return code = 0
Elapsed: 39.77 sec
has_err = False
has_conv = True
has_ss = False
has_fin = True
Using VPP file: /homes/aiskhak/projects/GP/runs/7912/3/cand_001/tamu_2d_fv_gp_csv_vpp_0002.csv
VPP columns: ('id', 'u', 'v', 'x', 'y', 'z')
coordinate check: max |r_res-r_cg| = 5.000444502911705e-12
coordinate check: max |z_res-z_cg| = 5.000444502911705e-12
VPP columns: ('id', 'u', 'v', 'x', 'y', 'z')
coordinate check: max |r_res-r_cg| = 5.000444502911705e-12
coordinate check: max |z_res-z_cg| = 5.000444502911705e-12
Return code = 0
Elapsed: 41.66 sec
has_err = False
has_conv = True
has_ss = False
has_fin = True
Using VPP file: /homes/aiskhak/projects/GP/runs/7912/3/cand_000/tamu_2d_fv_gp_csv_vpp_0002.csv
VPP columns: ('id', 'u', 'v', 'x', 'y', 'z')
coordinate check: max |r_res-r_cg| = 5.000444502911705e-12
coordinate check: max |z_res-z_cg| = 5.000444502911705e-12

===== LIVE CHECKPOINT =====
Chunk 1, stage refine_train, candidate batch starting 24, case batch 8/18
Completed result rows: 664
Current best partial candidates:
  n_cases= 24, mean=0.44551393, raw = -1.1*eta_h + -4.8*eta_y + -0.12
  n_cases= 24, mean=0.44578409, raw = -1.1*eta_h + -4.8*eta_y + -0.14
  n_cases= 24, mean=0.44693273, raw = -1.1*eta_h + -4.8*eta_y + -0.16
  n_cases= 24, mean=0.44733852, raw = -1.1*eta_h + -5*eta_y + -0.12
  n_cases= 24, mean=0.44750884, raw = -1*eta_h + -5*eta_y + -0.12
Checkpoint details: /homes/aiskhak/projects/GP/linear_results_linear_refine_best_screen_C1etaH_C2etaY_C3_CeffMin005_chunk1/linear_refine_best_screen_C1etaH_C2etaY_C3_CeffMin005_chunk1_refine_train_details_checkpoint.csv
Checkpoint summary: /homes/aiskhak/projects/GP/linear_results_linear_refine_best_screen_C1etaH_C2etaY_C3_CeffMin005_chunk1/linear_refine_best_screen_C1etaH_C2etaY_C3_CeffMin005_chunk1_refine_train_summary_checkpoint.csv
===========================


===== Stage refine_train, candidate batch starting 24, case batch 9/18 =====
Running 8 tasks with 96 MPI ranks

===== Linear candidate local_id=000, RE=7912, CG=4 =====
raw = -1*eta_h + -5*eta_y + -0.08
raw min/max = -5.082820598169251 -0.09486760518961955
C_eff min/max = 0.020504725397211487 0.30883548861798554
lm min/max = 0.0038525217588758045 0.10616043732473646

===== Linear candidate local_id=001, RE=7912, CG=4 =====
raw = -1*eta_h + -4.8*eta_y + -0.2
raw min/max = -5.002820598169251 -0.2143857249088048
C_eff min/max = 0.020505545378865588 0.21779990011128028
lm min/max = 0.002716912029813982 0.10616468266864189

===== Linear candidate local_id=002, RE=7912, CG=4 =====
raw = -1*eta_h + -4.8*eta_y + -0.16
raw min/max = -4.962820598169251 -0.1743857249088048
C_eff min/max = 0.020506007282286 0.2444415386578114
lm min/max = 0.0030492491347623484 0.1061670741110125

===== Linear candidate local_id=003, RE=7912, CG=4 =====
raw = -1*eta_h + -4.8*eta_y + -0.14
raw min/max = -4.94282059816925 -0.1543857249088048
C_eff min/max = 0.02050625246903007 0.25912192513391147
lm min/max = 0.003232377403411031 0.10616834353215678

===== Linear candidate local_id=004, RE=7912, CG=4 =====
raw = -1*eta_h + -4.8*eta_y + -0.12

===== Linear candidate local_id=005, RE=7912, CG=4 =====
raw = -1*eta_h + -4.8*eta_y + -0.08
raw min/max = -4.922820598169251 -0.1343857249088048
C_eff min/max = 0.020506507664109146 0.27478242873431485
lm min/max = 0.003427731995415628 0.1061696647700994
raw min/max = -4.882820598169251 -0.0943857249088048
C_eff min/max = 0.020507049730445513 0.3092776665754183
lm min/max = 0.0038580376411661717 0.10617247124510518

===== Linear candidate local_id=006, RE=7912, CG=4 =====
raw = -0.9*eta_h + -5.2*eta_y + -0.2
raw min/max = -5.402538538352326 -0.21506742565350925
C_eff min/max = 0.0205024929817268 0.21737541872293184
lm min/max = 0.0027116169007076474 0.10614887929605996

===== Linear candidate local_id=007, RE=7912, CG=4 =====
raw = -0.9*eta_h + -5.2*eta_y + -0.16
raw min/max = -5.362538538352326 -0.17506742565350925
C_eff min/max = 0.020502700623975228 0.2439577565282961
lm min/max = 0.003043214267497407 0.10614995433566536
Running case in: /homes/aiskhak/projects/GP/runs/7912/4/cand_000 with fv_app_run.sh
Running case in: /homes/aiskhak/projects/GP/runs/7912/4/cand_003 with fv_app_run.sh
Running case in: /homes/aiskhak/projects/GP/runs/7912/4/cand_002 with fv_app_run.sh
Running case in: /homes/aiskhak/projects/GP/runs/7912/4/cand_001 with fv_app_run.sh
Running case in: /homes/aiskhak/projects/GP/runs/7912/4/cand_005 with fv_app_run.sh
Running case in: /homes/aiskhak/projects/GP/runs/7912/4/cand_004 with fv_app_run.sh
Running case in: /homes/aiskhak/projects/GP/runs/7912/4/cand_006 with fv_app_run.sh
Running case in: /homes/aiskhak/projects/GP/runs/7912/4/cand_007 with fv_app_run.sh
Return code = 0
Elapsed: 101.1 sec
has_err = False
has_conv = True
has_ss = False
has_fin = True
Using VPP file: /homes/aiskhak/projects/GP/runs/7912/4/cand_005/tamu_2d_fv_gp_csv_vpp_0002.csv
VPP columns: ('id', 'u', 'v', 'x', 'y', 'z')
coordinate check: max |r_res-r_cg| = 5.000444502911705e-12
coordinate check: max |z_res-z_cg| = 5.000444502911705e-12
Return code = 0
Elapsed: 103.96 sec
has_err = False
has_conv = True
has_ss = False
has_fin = True
Using VPP file: /homes/aiskhak/projects/GP/runs/7912/4/cand_000/tamu_2d_fv_gp_csv_vpp_0002.csv
VPP columns: ('id', 'u', 'v', 'x', 'y', 'z')
coordinate check: max |r_res-r_cg| = 5.000444502911705e-12
coordinate check: max |z_res-z_cg| = 5.000444502911705e-12
Return code = 0
Elapsed: 105.27 sec
has_err = False
has_conv = True
has_ss = False
has_fin = True
Using VPP file: /homes/aiskhak/projects/GP/runs/7912/4/cand_003/tamu_2d_fv_gp_csv_vpp_0002.csv
VPP columns: ('id', 'u', 'v', 'x', 'y', 'z')
coordinate check: max |r_res-r_cg| = 5.000444502911705e-12
coordinate check: max |z_res-z_cg| = 5.000444502911705e-12
Return code = 0
Elapsed: 111.21 sec
has_err = False
has_conv = True
has_ss = False
has_fin = True
Using VPP file: /homes/aiskhak/projects/GP/runs/7912/4/cand_004/tamu_2d_fv_gp_csv_vpp_0002.csv
VPP columns: ('id', 'u', 'v', 'x', 'y', 'z')
coordinate check: max |r_res-r_cg| = 5.000444502911705e-12
coordinate check: max |z_res-z_cg| = 5.000444502911705e-12
Return code = 0
Elapsed: 124.71 sec
has_err = False
has_conv = True
has_ss = False
has_fin = True
Using VPP file: /homes/aiskhak/projects/GP/runs/7912/4/cand_002/tamu_2d_fv_gp_csv_vpp_0002.csv
VPP columns: ('id', 'u', 'v', 'x', 'y', 'z')
coordinate check: max |r_res-r_cg| = 5.000444502911705e-12
coordinate check: max |z_res-z_cg| = 5.000444502911705e-12
Return code = 0
Elapsed: 156.02 sec
has_err = False
has_conv = True
has_ss = False
has_fin = True
Using VPP file: /homes/aiskhak/projects/GP/runs/7912/4/cand_007/tamu_2d_fv_gp_csv_vpp_0002.csv
VPP columns: ('id', 'u', 'v', 'x', 'y', 'z')
coordinate check: max |r_res-r_cg| = 5.000444502911705e-12
coordinate check: max |z_res-z_cg| = 5.000444502911705e-12
Return code = 0
Elapsed: 348.33 sec
has_err = True
has_conv = False
has_ss = False
has_fin = True
Steady failed; trying unsteady fallback
Running case in: /homes/aiskhak/projects/GP/runs/7912/4/cand_006 with fv_app_run_unsteady.sh
Return code = 0
Elapsed: 391.43 sec
has_err = True
has_conv = False
has_ss = False
has_fin = True
Steady failed; trying unsteady fallback
Running case in: /homes/aiskhak/projects/GP/runs/7912/4/cand_001 with fv_app_run_unsteady.sh
Return code = 0
Elapsed: 790.03 sec
has_err = False
has_conv = True
has_ss = True
has_fin = True
Using VPP file: /homes/aiskhak/projects/GP/runs/7912/4/cand_006/tamu_2d_fv_gp_csv_vpp_0027.csv
VPP columns: ('id', 'u', 'v', 'x', 'y', 'z')
coordinate check: max |r_res-r_cg| = 5.000444502911705e-12
coordinate check: max |z_res-z_cg| = 5.000444502911705e-12
Return code = 0
Elapsed: 769.41 sec
has_err = False
has_conv = True
has_ss = True
has_fin = True
Using VPP file: /homes/aiskhak/projects/GP/runs/7912/4/cand_001/tamu_2d_fv_gp_csv_vpp_0027.csv
VPP columns: ('id', 'u', 'v', 'x', 'y', 'z')
coordinate check: max |r_res-r_cg| = 5.000444502911705e-12
coordinate check: max |z_res-z_cg| = 5.000444502911705e-12

===== LIVE CHECKPOINT =====
Chunk 1, stage refine_train, candidate batch starting 24, case batch 9/18
Completed result rows: 672
Current best partial candidates:
  n_cases= 24, mean=0.44551393, raw = -1.1*eta_h + -4.8*eta_y + -0.12
  n_cases= 24, mean=0.44578409, raw = -1.1*eta_h + -4.8*eta_y + -0.14
  n_cases= 24, mean=0.44693273, raw = -1.1*eta_h + -4.8*eta_y + -0.16
  n_cases= 24, mean=0.44733852, raw = -1.1*eta_h + -5*eta_y + -0.12
  n_cases= 24, mean=0.44750884, raw = -1*eta_h + -5*eta_y + -0.12
Checkpoint details: /homes/aiskhak/projects/GP/linear_results_linear_refine_best_screen_C1etaH_C2etaY_C3_CeffMin005_chunk1/linear_refine_best_screen_C1etaH_C2etaY_C3_CeffMin005_chunk1_refine_train_details_checkpoint.csv
Checkpoint summary: /homes/aiskhak/projects/GP/linear_results_linear_refine_best_screen_C1etaH_C2etaY_C3_CeffMin005_chunk1/linear_refine_best_screen_C1etaH_C2etaY_C3_CeffMin005_chunk1_refine_train_summary_checkpoint.csv
===========================


===== Stage refine_train, candidate batch starting 24, case batch 10/18 =====
Running 16 tasks with 64 MPI ranks

===== Linear candidate local_id=000, RE=9000, CG=1 =====
raw = -1*eta_h + -5*eta_y + -0.08
raw min/max = -5.102772529311599 -0.19851718801585522
C_eff min/max = 0.02050454053459744 0.22795399813003073
lm min/max = 0.022413589854352288 0.10528577487473241

===== Linear candidate local_id=000, RE=9000, CG=2 =====
raw = -1*eta_h + -5*eta_y + -0.08
raw min/max = -5.091314138253861 -0.13933906232465304
C_eff min/max = 0.020504645798440906 0.2708094098590928
lm min/max = 0.013428359228213298 0.10585583176839619

===== Linear candidate local_id=001, RE=9000, CG=1 =====
raw = -1*eta_h + -4.8*eta_y + -0.2
raw min/max = -5.022772529311599 -0.314687401667685
C_eff min/max = 0.020505328434912113 0.16457582278467323
lm min/max = 0.016181927152398898 0.10528982054915337

===== Linear candidate local_id=001, RE=9000, CG=2 =====
raw = -1*eta_h + -4.8*eta_y + -0.2
raw min/max = -5.011314138253861 -0.2574180653618214
C_eff min/max = 0.02050545196637548 0.1927887766924471
lm min/max = 0.009559627008311842 0.10585999363386309

===== Linear candidate local_id=002, RE=9000, CG=1 =====
raw = -1*eta_h + -4.8*eta_y + -0.16
raw min/max = -4.982772529311599 -0.274687401667685
C_eff min/max = 0.02050577226624914 0.18370985882751895
lm min/max = 0.018063282336518563 0.10529209951395893
Running case in: /homes/aiskhak/projects/GP/runs/9000/1/cand_000 with fv_app_run.sh

===== Linear candidate local_id=002, RE=9000, CG=2 =====
Running case in: /homes/aiskhak/projects/GP/runs/9000/1/cand_001 with fv_app_run.sh
Running case in: /homes/aiskhak/projects/GP/runs/9000/1/cand_002 with fv_app_run.sh

===== Linear candidate local_id=003, RE=9000, CG=2 =====
raw = -1*eta_h + -4.8*eta_y + -0.14
raw min/max = -4.951314138253861 -0.19741806536182138
C_eff min/max = 0.020506147144342533 0.2286770570997405
lm min/max = 0.011339183788272839 0.10586358251038662

===== Linear candidate local_id=003, RE=9000, CG=1 =====
raw = -1*eta_h + -4.8*eta_y + -0.14

===== Linear candidate local_id=004, RE=9000, CG=1 =====
raw = -1*eta_h + -4.8*eta_y + -0.12
raw min/max = -4.962772529311598 -0.254687401667685
C_eff min/max = 0.020506007859896532 0.19427249256026355
lm min/max = 0.01910185390012166 0.1052933092294207
raw = -1*eta_h + -4.8*eta_y + -0.16

===== Linear candidate local_id=004, RE=9000, CG=2 =====
raw = -1*eta_h + -4.8*eta_y + -0.12
raw min/max = -4.942772529311599 -0.23468740166768498
C_eff min/max = 0.02050625307021811 0.20555756756791332
lm min/max = 0.020211459543242608 0.10529456832414029
raw min/max = -4.931314138253861 -0.17741806536182136
C_eff min/max = 0.020506398040138412 0.24229778290913329
lm min/max = 0.012014581290939718 0.10586487776724797
raw min/max = -4.971314138253861 -0.21741806536182137
C_eff min/max = 0.020505906088237793 0.21591899192332342
lm min/max = 0.010706562187956114 0.10586233805121766

===== Linear candidate local_id=005, RE=9000, CG=2 =====
raw = -1*eta_h + -4.8*eta_y + -0.08
raw min/max = -4.891314138253861 -0.13741806536182138
C_eff min/max = 0.020506930974142114 0.2723427205051257
lm min/max = 0.013504389991598097 0.10586762905458032

===== Linear candidate local_id=006, RE=9000, CG=1 =====
raw = -0.9*eta_h + -5.2*eta_y + -0.2
raw min/max = -5.420495276380439 -0.3200697214328656
C_eff min/max = 0.02050240503527255 0.16218999108855003
lm min/max = 0.015947340114939194 0.1052748096106834
Running case in: /homes/aiskhak/projects/GP/runs/9000/2/cand_001 with fv_app_run.sh

===== Linear candidate local_id=005, RE=9000, CG=1 =====
raw = -1*eta_h + -4.8*eta_y + -0.08
raw min/max = -4.902772529311599 -0.194687401667685
C_eff min/max = 0.020506773927414162 0.2304847201497503
lm min/max = 0.022662423241135075 0.10529724279779615

===== Linear candidate local_id=006, RE=9000, CG=2 =====
raw = -0.9*eta_h + -5.2*eta_y + -0.2

===== Linear candidate local_id=007, RE=9000, CG=1 =====
raw min/max = -5.410182724428476 -0.2601286454620986
C_eff min/max = 0.020502455156454196 0.19132917454032325
lm min/max = 0.009487251155348717 0.10584452251526939
raw = -0.9*eta_h + -5.2*eta_y + -0.16
raw min/max = -5.380495276380439 -0.28006972143286557
C_eff min/max = 0.02050260535208725 0.18098484436631923
lm min/max = 0.01779534513435697 0.10527583818828164
Running case in: /homes/aiskhak/projects/GP/runs/9000/1/cand_006 with fv_app_run.sh

===== Linear candidate local_id=007, RE=9000, CG=2 =====
raw = -0.9*eta_h + -5.2*eta_y + -0.16
Running case in: /homes/aiskhak/projects/GP/runs/9000/1/cand_005 with fv_app_run.sh
Running case in: /homes/aiskhak/projects/GP/runs/9000/2/cand_006 with fv_app_run.sh
Running case in: /homes/aiskhak/projects/GP/runs/9000/1/cand_007 with fv_app_run.sh
raw min/max = -5.370182724428476 -0.22012864546209854
C_eff min/max = 0.020502659648072224 0.21425345962033884
lm min/max = 0.010623975079619269 0.10584557820920962
Running case in: /homes/aiskhak/projects/GP/runs/9000/1/cand_004 with fv_app_run.sh
Running case in: /homes/aiskhak/projects/GP/runs/9000/2/cand_000 with fv_app_run.sh
Running case in: /homes/aiskhak/projects/GP/runs/9000/1/cand_003 with fv_app_run.sh
Running case in: /homes/aiskhak/projects/GP/runs/9000/2/cand_003 with fv_app_run.sh
Running case in: /homes/aiskhak/projects/GP/runs/9000/2/cand_007 with fv_app_run.sh
Running case in: /homes/aiskhak/projects/GP/runs/9000/2/cand_005 with fv_app_run.sh
Running case in: /homes/aiskhak/projects/GP/runs/9000/2/cand_004 with fv_app_run.sh
Running case in: /homes/aiskhak/projects/GP/runs/9000/2/cand_002 with fv_app_run.sh
Return code = 0
Elapsed: 12.8 sec
has_err = False
has_conv = True
has_ss = False
has_fin = True
Using VPP file: /homes/aiskhak/projects/GP/runs/9000/1/cand_005/tamu_2d_fv_gp_csv_vpp_0002.csv
VPP columns: ('id', 'u', 'v', 'x', 'y', 'z')
coordinate check: max |r_res-r_cg| = 5.000444502911705e-12
coordinate check: max |z_res-z_cg| = 5.000444502911705e-12
Return code = 0
Elapsed: 14.8 sec
has_err = False
has_conv = True
has_ss = False
has_fin = True
Using VPP file: /homes/aiskhak/projects/GP/runs/9000/1/cand_000/tamu_2d_fv_gp_csv_vpp_0002.csv
VPP columns: ('id', 'u', 'v', 'x', 'y', 'z')
coordinate check: max |r_res-r_cg| = 5.000444502911705e-12
coordinate check: max |z_res-z_cg| = 5.000444502911705e-12
Return code = 0
Elapsed: 14.99 sec
has_err = False
has_conv = True
has_ss = False
has_fin = True
Using VPP file: /homes/aiskhak/projects/GP/runs/9000/1/cand_004/tamu_2d_fv_gp_csv_vpp_0002.csv
VPP columns: ('id', 'u', 'v', 'x', 'y', 'z')
coordinate check: max |r_res-r_cg| = 5.000444502911705e-12
coordinate check: max |z_res-z_cg| = 5.000444502911705e-12
Return code = 0
Elapsed: 15.51 sec
has_err = False
has_conv = True
has_ss = False
has_fin = True
Using VPP file: /homes/aiskhak/projects/GP/runs/9000/1/cand_007/tamu_2d_fv_gp_csv_vpp_0002.csv
VPP columns: ('id', 'u', 'v', 'x', 'y', 'z')
coordinate check: max |r_res-r_cg| = 5.000444502911705e-12
coordinate check: max |z_res-z_cg| = 5.000444502911705e-12
Return code = 0
Elapsed: 16.94 sec
has_err = False
has_conv = True
has_ss = False
has_fin = True
Using VPP file: /homes/aiskhak/projects/GP/runs/9000/1/cand_003/tamu_2d_fv_gp_csv_vpp_0002.csv
VPP columns: ('id', 'u', 'v', 'x', 'y', 'z')
coordinate check: max |r_res-r_cg| = 5.000444502911705e-12
coordinate check: max |z_res-z_cg| = 5.000444502911705e-12
Return code = 0
Elapsed: 17.57 sec
has_err = False
has_conv = True
has_ss = False
has_fin = True
Using VPP file: /homes/aiskhak/projects/GP/runs/9000/1/cand_002/tamu_2d_fv_gp_csv_vpp_0002.csv
Return code = 0
Elapsed: 17.52 sec
has_err = False
has_conv = True
has_ss = False
has_fin = True
Using VPP file: /homes/aiskhak/projects/GP/runs/9000/1/cand_006/tamu_2d_fv_gp_csv_vpp_0002.csv
Return code = 0
Elapsed: 17.88 sec
has_err = False
has_conv = True
has_ss = False
has_fin = True
Using VPP file: /homes/aiskhak/projects/GP/runs/9000/1/cand_001/tamu_2d_fv_gp_csv_vpp_0002.csv
VPP columns: ('id', 'u', 'v', 'x', 'y', 'z')
coordinate check: max |r_res-r_cg| = 5.000444502911705e-12
coordinate check: max |z_res-z_cg| = 5.000444502911705e-12
VPP columns: ('id', 'u', 'v', 'x', 'y', 'z')
coordinate check: max |r_res-r_cg| = 5.000444502911705e-12
coordinate check: max |z_res-z_cg| = 5.000444502911705e-12
VPP columns: ('id', 'u', 'v', 'x', 'y', 'z')
coordinate check: max |r_res-r_cg| = 5.000444502911705e-12
coordinate check: max |z_res-z_cg| = 5.000444502911705e-12
Return code = 0
Elapsed: 19.59 sec
has_err = False
has_conv = True
has_ss = False
has_fin = True
Using VPP file: /homes/aiskhak/projects/GP/runs/9000/2/cand_007/tamu_2d_fv_gp_csv_vpp_0002.csv
Return code = 0
Elapsed: 19.51 sec
has_err = False
has_conv = True
has_ss = False
has_fin = True
Using VPP file: /homes/aiskhak/projects/GP/runs/9000/2/cand_002/tamu_2d_fv_gp_csv_vpp_0002.csv
VPP columns: ('id', 'u', 'v', 'x', 'y', 'z')
coordinate check: max |r_res-r_cg| = 5.000444502911705e-12
coordinate check: max |z_res-z_cg| = 5.000444502911705e-12
Return code = 0
Elapsed: 19.86 sec
has_err = False
has_conv = True
has_ss = False
has_fin = True
Using VPP file: /homes/aiskhak/projects/GP/runs/9000/2/cand_004/tamu_2d_fv_gp_csv_vpp_0002.csv
VPP columns: ('id', 'u', 'v', 'x', 'y', 'z')
coordinate check: max |r_res-r_cg| = 5.000444502911705e-12
coordinate check: max |z_res-z_cg| = 5.000444502911705e-12
Return code = 0
Elapsed: 20.56 sec
has_err = False
has_conv = True
has_ss = False
has_fin = True
Using VPP file: /homes/aiskhak/projects/GP/runs/9000/2/cand_000/tamu_2d_fv_gp_csv_vpp_0002.csv
Return code = 0
Elapsed: 20.57 sec
has_err = False
has_conv = True
has_ss = False
has_fin = True
Using VPP file: /homes/aiskhak/projects/GP/runs/9000/2/cand_005/tamu_2d_fv_gp_csv_vpp_0002.csv
VPP columns: ('id', 'u', 'v', 'x', 'y', 'z')
coordinate check: max |r_res-r_cg| = 5.000444502911705e-12
coordinate check: max |z_res-z_cg| = 5.000444502911705e-12
VPP columns: ('id', 'u', 'v', 'x', 'y', 'z')
coordinate check: max |r_res-r_cg| = 5.000444502911705e-12
coordinate check: max |z_res-z_cg| = 5.000444502911705e-12
VPP columns: ('id', 'u', 'v', 'x', 'y', 'z')
coordinate check: max |r_res-r_cg| = 5.000444502911705e-12
coordinate check: max |z_res-z_cg| = 5.000444502911705e-12
Return code = 0
Elapsed: 22.19 sec
has_err = False
has_conv = True
has_ss = False
has_fin = True
Using VPP file: /homes/aiskhak/projects/GP/runs/9000/2/cand_003/tamu_2d_fv_gp_csv_vpp_0002.csv
VPP columns: ('id', 'u', 'v', 'x', 'y', 'z')
coordinate check: max |r_res-r_cg| = 5.000444502911705e-12
coordinate check: max |z_res-z_cg| = 5.000444502911705e-12
Return code = 0
Elapsed: 23.1 sec
has_err = False
has_conv = True
has_ss = False
has_fin = True
Using VPP file: /homes/aiskhak/projects/GP/runs/9000/2/cand_001/tamu_2d_fv_gp_csv_vpp_0002.csv
VPP columns: ('id', 'u', 'v', 'x', 'y', 'z')
coordinate check: max |r_res-r_cg| = 5.000444502911705e-12
coordinate check: max |z_res-z_cg| = 5.000444502911705e-12
Return code = 0
Elapsed: 24.79 sec
has_err = False
has_conv = True
has_ss = False
has_fin = True
Using VPP file: /homes/aiskhak/projects/GP/runs/9000/2/cand_006/tamu_2d_fv_gp_csv_vpp_0002.csv
VPP columns: ('id', 'u', 'v', 'x', 'y', 'z')
coordinate check: max |r_res-r_cg| = 5.000444502911705e-12
coordinate check: max |z_res-z_cg| = 5.000444502911705e-12

===== LIVE CHECKPOINT =====
Chunk 1, stage refine_train, candidate batch starting 24, case batch 10/18
Completed result rows: 688
Current best partial candidates:
  n_cases= 24, mean=0.44551393, raw = -1.1*eta_h + -4.8*eta_y + -0.12
  n_cases= 24, mean=0.44578409, raw = -1.1*eta_h + -4.8*eta_y + -0.14
  n_cases= 24, mean=0.44693273, raw = -1.1*eta_h + -4.8*eta_y + -0.16
  n_cases= 24, mean=0.44733852, raw = -1.1*eta_h + -5*eta_y + -0.12
  n_cases= 24, mean=0.44750884, raw = -1*eta_h + -5*eta_y + -0.12
Checkpoint details: /homes/aiskhak/projects/GP/linear_results_linear_refine_best_screen_C1etaH_C2etaY_C3_CeffMin005_chunk1/linear_refine_best_screen_C1etaH_C2etaY_C3_CeffMin005_chunk1_refine_train_details_checkpoint.csv
Checkpoint summary: /homes/aiskhak/projects/GP/linear_results_linear_refine_best_screen_C1etaH_C2etaY_C3_CeffMin005_chunk1/linear_refine_best_screen_C1etaH_C2etaY_C3_CeffMin005_chunk1_refine_train_summary_checkpoint.csv
===========================


===== Stage refine_train, candidate batch starting 24, case batch 11/18 =====
Running 8 tasks with 64 MPI ranks

===== Linear candidate local_id=000, RE=9000, CG=3 =====
raw = -1*eta_h + -5*eta_y + -0.08
raw min/max = -5.085654205551524 -0.10975428391202527
C_eff min/max = 0.020504698691072503 0.2955022935386189
lm min/max = 0.00735714977065661 0.10591407622248626

===== Linear candidate local_id=001, RE=9000, CG=3 =====
raw = -1*eta_h + -4.8*eta_y + -0.2
raw min/max = -5.005654205551524 -0.22879028077760524
C_eff min/max = 0.020505514038088625 0.20902973576081119
lm min/max = 0.005204233964133622 0.10591828778039863

===== Linear candidate local_id=002, RE=9000, CG=3 =====
raw = -1*eta_h + -4.8*eta_y + -0.16
raw min/max = -4.965654205551524 -0.18879028077760523
C_eff min/max = 0.020505973330719587 0.23444401986212854
lm min/max = 0.005836975903996004 0.10592066019052068

===== Linear candidate local_id=003, RE=9000, CG=3 =====
raw = -1*eta_h + -4.8*eta_y + -0.14
raw min/max = -4.945654205551524 -0.16879028077760524
C_eff min/max = 0.020506217131593275 0.24845322260037117
lm min/max = 0.006185764407389715 0.10592191950891926

===== Linear candidate local_id=004, RE=9000, CG=3 =====
raw = -1*eta_h + -4.8*eta_y + -0.12

===== Linear candidate local_id=005, RE=9000, CG=3 =====
raw = -1*eta_h + -4.8*eta_y + -0.08
raw min/max = -4.925654205551524 -0.14879028077760523
C_eff min/max = 0.020506470884220147 0.2634020991645594
lm min/max = 0.00655794806278127 0.10592323023166965
raw min/max = -4.885654205551524 -0.10879028077760522
C_eff min/max = 0.020507009886567767 0.2963467683660998
lm min/max = 0.007378174743792781 0.10592601437088524

===== Linear candidate local_id=006, RE=9000, CG=3 =====
raw = -0.9*eta_h + -5.2*eta_y + -0.2
raw min/max = -5.405088784996372 -0.23015286649129293
C_eff min/max = 0.020502480298151556 0.20822145356859975
lm min/max = 0.005184110082610256 0.10590261743245669

===== Linear candidate local_id=007, RE=9000, CG=3 =====
raw = -0.9*eta_h + -5.2*eta_y + -0.16
raw min/max = -5.365088784996372 -0.19015286649129293
C_eff min/max = 0.020502686883929724 0.2335223988716932
lm min/max = 0.005814030215225818 0.10590368452162416
Running case in: /homes/aiskhak/projects/GP/runs/9000/3/cand_003 with fv_app_run.sh
Running case in: /homes/aiskhak/projects/GP/runs/9000/3/cand_000 with fv_app_run.sh
Running case in: /homes/aiskhak/projects/GP/runs/9000/3/cand_001 with fv_app_run.sh
Running case in: /homes/aiskhak/projects/GP/runs/9000/3/cand_005 with fv_app_run.sh
Running case in: /homes/aiskhak/projects/GP/runs/9000/3/cand_002 with fv_app_run.sh
Running case in: /homes/aiskhak/projects/GP/runs/9000/3/cand_004 with fv_app_run.sh
Running case in: /homes/aiskhak/projects/GP/runs/9000/3/cand_007 with fv_app_run.sh
Running case in: /homes/aiskhak/projects/GP/runs/9000/3/cand_006 with fv_app_run.sh
Return code = 0
Elapsed: 36.77 sec
has_err = False
has_conv = True
has_ss = False
has_fin = True
Using VPP file: /homes/aiskhak/projects/GP/runs/9000/3/cand_006/tamu_2d_fv_gp_csv_vpp_0002.csv
VPP columns: ('id', 'u', 'v', 'x', 'y', 'z')
coordinate check: max |r_res-r_cg| = 5.000444502911705e-12
coordinate check: max |z_res-z_cg| = 5.000444502911705e-12
Return code = 0
Elapsed: 39.77 sec
has_err = False
has_conv = True
has_ss = False
has_fin = True
Using VPP file: /homes/aiskhak/projects/GP/runs/9000/3/cand_004/tamu_2d_fv_gp_csv_vpp_0002.csv
Return code = 0
Elapsed: 40.08 sec
has_err = False
has_conv = True
has_ss = False
has_fin = True
Return code = 0
Elapsed: 39.92 sec
has_err = False
has_conv = True
has_ss = False
has_fin = True
Using VPP file: /homes/aiskhak/projects/GP/runs/9000/3/cand_000/tamu_2d_fv_gp_csv_vpp_0002.csv
Using VPP file: /homes/aiskhak/projects/GP/runs/9000/3/cand_002/tamu_2d_fv_gp_csv_vpp_0002.csv
VPP columns: ('id', 'u', 'v', 'x', 'y', 'z')
coordinate check: max |r_res-r_cg| = 5.000444502911705e-12
coordinate check: max |z_res-z_cg| = 5.000444502911705e-12
VPP columns: ('id', 'u', 'v', 'x', 'y', 'z')
coordinate check: max |r_res-r_cg| = 5.000444502911705e-12
coordinate check: max |z_res-z_cg| = 5.000444502911705e-12
VPP columns: ('id', 'u', 'v', 'x', 'y', 'z')
coordinate check: max |r_res-r_cg| = 5.000444502911705e-12
coordinate check: max |z_res-z_cg| = 5.000444502911705e-12
Return code = 0
Elapsed: 40.69 sec
has_err = False
has_conv = True
has_ss = False
has_fin = True
Return code = 0
Elapsed: 40.5 sec
has_err = False
has_conv = True
has_ss = False
has_fin = True
Return code = 0
Elapsed: 40.82 sec
has_err = False
has_conv = True
has_ss = False
has_fin = True
Using VPP file: /homes/aiskhak/projects/GP/runs/9000/3/cand_001/tamu_2d_fv_gp_csv_vpp_0002.csv
Using VPP file: /homes/aiskhak/projects/GP/runs/9000/3/cand_007/tamu_2d_fv_gp_csv_vpp_0002.csv
Using VPP file: /homes/aiskhak/projects/GP/runs/9000/3/cand_003/tamu_2d_fv_gp_csv_vpp_0002.csv
VPP columns: ('id', 'u', 'v', 'x', 'y', 'z')
coordinate check: max |r_res-r_cg| = 5.000444502911705e-12
coordinate check: max |z_res-z_cg| = 5.000444502911705e-12
Return code = 0
Elapsed: 41.04 sec
has_err = False
has_conv = True
has_ss = False
has_fin = True
Using VPP file: /homes/aiskhak/projects/GP/runs/9000/3/cand_005/tamu_2d_fv_gp_csv_vpp_0002.csv
VPP columns: ('id', 'u', 'v', 'x', 'y', 'z')
coordinate check: max |r_res-r_cg| = 5.000444502911705e-12
coordinate check: max |z_res-z_cg| = 5.000444502911705e-12
VPP columns: ('id', 'u', 'v', 'x', 'y', 'z')
coordinate check: max |r_res-r_cg| = 5.000444502911705e-12
coordinate check: max |z_res-z_cg| = 5.000444502911705e-12
VPP columns: ('id', 'u', 'v', 'x', 'y', 'z')
coordinate check: max |r_res-r_cg| = 5.000444502911705e-12
coordinate check: max |z_res-z_cg| = 5.000444502911705e-12

===== LIVE CHECKPOINT =====
Chunk 1, stage refine_train, candidate batch starting 24, case batch 11/18
Completed result rows: 696
Current best partial candidates:
  n_cases= 24, mean=0.44551393, raw = -1.1*eta_h + -4.8*eta_y + -0.12
  n_cases= 24, mean=0.44578409, raw = -1.1*eta_h + -4.8*eta_y + -0.14
  n_cases= 24, mean=0.44693273, raw = -1.1*eta_h + -4.8*eta_y + -0.16
  n_cases= 24, mean=0.44733852, raw = -1.1*eta_h + -5*eta_y + -0.12
  n_cases= 24, mean=0.44750884, raw = -1*eta_h + -5*eta_y + -0.12
Checkpoint details: /homes/aiskhak/projects/GP/linear_results_linear_refine_best_screen_C1etaH_C2etaY_C3_CeffMin005_chunk1/linear_refine_best_screen_C1etaH_C2etaY_C3_CeffMin005_chunk1_refine_train_details_checkpoint.csv
Checkpoint summary: /homes/aiskhak/projects/GP/linear_results_linear_refine_best_screen_C1etaH_C2etaY_C3_CeffMin005_chunk1/linear_refine_best_screen_C1etaH_C2etaY_C3_CeffMin005_chunk1_refine_train_summary_checkpoint.csv
===========================


===== Stage refine_train, candidate batch starting 24, case batch 12/18 =====
Running 8 tasks with 96 MPI ranks

===== Linear candidate local_id=000, RE=9000, CG=4 =====
raw = -1*eta_h + -5*eta_y + -0.08
raw min/max = -5.082820598169251 -0.09486760518961955
C_eff min/max = 0.020504725397211487 0.30883548861798554
lm min/max = 0.0038525217588758045 0.10616043732473646

===== Linear candidate local_id=001, RE=9000, CG=4 =====
raw = -1*eta_h + -4.8*eta_y + -0.2
raw min/max = -5.002820598169251 -0.2143857249088048
C_eff min/max = 0.020505545378865588 0.21779990011128028
lm min/max = 0.002716912029813982 0.10616468266864189

===== Linear candidate local_id=002, RE=9000, CG=4 =====
raw = -1*eta_h + -4.8*eta_y + -0.16
raw min/max = -4.962820598169251 -0.1743857249088048
C_eff min/max = 0.020506007282286 0.2444415386578114
lm min/max = 0.0030492491347623484 0.1061670741110125

===== Linear candidate local_id=003, RE=9000, CG=4 =====
raw = -1*eta_h + -4.8*eta_y + -0.14
raw min/max = -4.94282059816925 -0.1543857249088048
C_eff min/max = 0.02050625246903007 0.25912192513391147
lm min/max = 0.003232377403411031 0.10616834353215678

===== Linear candidate local_id=004, RE=9000, CG=4 =====
raw = -1*eta_h + -4.8*eta_y + -0.12

===== Linear candidate local_id=005, RE=9000, CG=4 =====
raw = -1*eta_h + -4.8*eta_y + -0.08
raw min/max = -4.922820598169251 -0.1343857249088048
C_eff min/max = 0.020506507664109146 0.27478242873431485
lm min/max = 0.003427731995415628 0.1061696647700994
raw min/max = -4.882820598169251 -0.0943857249088048
C_eff min/max = 0.020507049730445513 0.3092776665754183
lm min/max = 0.0038580376411661717 0.10617247124510518

===== Linear candidate local_id=006, RE=9000, CG=4 =====
raw = -0.9*eta_h + -5.2*eta_y + -0.2
raw min/max = -5.402538538352326 -0.21506742565350925
C_eff min/max = 0.0205024929817268 0.21737541872293184
lm min/max = 0.0027116169007076474 0.10614887929605996

===== Linear candidate local_id=007, RE=9000, CG=4 =====
raw = -0.9*eta_h + -5.2*eta_y + -0.16
raw min/max = -5.362538538352326 -0.17506742565350925
C_eff min/max = 0.020502700623975228 0.2439577565282961
lm min/max = 0.003043214267497407 0.10614995433566536
Running case in: /homes/aiskhak/projects/GP/runs/9000/4/cand_001 with fv_app_run.sh
Running case in: /homes/aiskhak/projects/GP/runs/9000/4/cand_004 with fv_app_run.sh
Running case in: /homes/aiskhak/projects/GP/runs/9000/4/cand_000 with fv_app_run.sh
Running case in: /homes/aiskhak/projects/GP/runs/9000/4/cand_003 with fv_app_run.sh
Running case in: /homes/aiskhak/projects/GP/runs/9000/4/cand_002 with fv_app_run.sh
Running case in: /homes/aiskhak/projects/GP/runs/9000/4/cand_005 with fv_app_run.sh
Running case in: /homes/aiskhak/projects/GP/runs/9000/4/cand_006 with fv_app_run.sh
Running case in: /homes/aiskhak/projects/GP/runs/9000/4/cand_007 with fv_app_run.sh
Return code = 0
Elapsed: 101.33 sec
has_err = False
has_conv = True
has_ss = False
has_fin = True
Using VPP file: /homes/aiskhak/projects/GP/runs/9000/4/cand_000/tamu_2d_fv_gp_csv_vpp_0002.csv
Return code = 0
Elapsed: 101.98 sec
has_err = False
has_conv = True
has_ss = False
has_fin = True
Using VPP file: /homes/aiskhak/projects/GP/runs/9000/4/cand_003/tamu_2d_fv_gp_csv_vpp_0002.csv
Return code = 0
Elapsed: 101.14 sec
VPP columns: ('id', 'u', 'v', 'x', 'y', 'z')
has_err = False
has_conv = True
has_ss = False
has_fin = True
coordinate check: max |r_res-r_cg| = 5.000444502911705e-12
coordinate check: max |z_res-z_cg| = 5.000444502911705e-12
Using VPP file: /homes/aiskhak/projects/GP/runs/9000/4/cand_005/tamu_2d_fv_gp_csv_vpp_0002.csv
VPP columns: ('id', 'u', 'v', 'x', 'y', 'z')
coordinate check: max |r_res-r_cg| = 5.000444502911705e-12
coordinate check: max |z_res-z_cg| = 5.000444502911705e-12
Return code = 0
Elapsed: 114.53 sec
has_err = False
has_conv = True
has_ss = False
has_fin = True
Using VPP file: /homes/aiskhak/projects/GP/runs/9000/4/cand_004/tamu_2d_fv_gp_csv_vpp_0002.csv
VPP columns: ('id', 'u', 'v', 'x', 'y', 'z')
coordinate check: max |r_res-r_cg| = 5.000444502911705e-12
coordinate check: max |z_res-z_cg| = 5.000444502911705e-12
VPP columns: ('id', 'u', 'v', 'x', 'y', 'z')
coordinate check: max |r_res-r_cg| = 5.000444502911705e-12
coordinate check: max |z_res-z_cg| = 5.000444502911705e-12
Return code = 0
Elapsed: 134.97 sec
has_err = False
has_conv = True
has_ss = False
has_fin = True
Using VPP file: /homes/aiskhak/projects/GP/runs/9000/4/cand_001/tamu_2d_fv_gp_csv_vpp_0002.csv
Return code = 0
Elapsed: 136.26 sec
has_err = False
has_conv = True
has_ss = False
has_fin = True
Using VPP file: /homes/aiskhak/projects/GP/runs/9000/4/cand_002/tamu_2d_fv_gp_csv_vpp_0002.csv
VPP columns: ('id', 'u', 'v', 'x', 'y', 'z')
coordinate check: max |r_res-r_cg| = 5.000444502911705e-12
coordinate check: max |z_res-z_cg| = 5.000444502911705e-12
VPP columns: ('id', 'u', 'v', 'x', 'y', 'z')
coordinate check: max |r_res-r_cg| = 5.000444502911705e-12
coordinate check: max |z_res-z_cg| = 5.000444502911705e-12
Return code = 0
Elapsed: 437.2 sec
has_err = True
has_conv = False
has_ss = False
has_fin = True
Steady failed; trying unsteady fallback
Running case in: /homes/aiskhak/projects/GP/runs/9000/4/cand_007 with fv_app_run_unsteady.sh
Return code = 0
Elapsed: 455.56 sec
has_err = True
has_conv = False
has_ss = False
has_fin = True
Steady failed; trying unsteady fallback
Running case in: /homes/aiskhak/projects/GP/runs/9000/4/cand_006 with fv_app_run_unsteady.sh
Return code = 0
Elapsed: 800.29 sec
has_err = False
has_conv = True
has_ss = True
has_fin = True
Using VPP file: /homes/aiskhak/projects/GP/runs/9000/4/cand_007/tamu_2d_fv_gp_csv_vpp_0028.csv
VPP columns: ('id', 'u', 'v', 'x', 'y', 'z')
coordinate check: max |r_res-r_cg| = 5.000444502911705e-12
coordinate check: max |z_res-z_cg| = 5.000444502911705e-12
Return code = 0
Elapsed: 815.37 sec
has_err = False
has_conv = True
has_ss = True
has_fin = True
Using VPP file: /homes/aiskhak/projects/GP/runs/9000/4/cand_006/tamu_2d_fv_gp_csv_vpp_0028.csv
VPP columns: ('id', 'u', 'v', 'x', 'y', 'z')
coordinate check: max |r_res-r_cg| = 5.000444502911705e-12
coordinate check: max |z_res-z_cg| = 5.000444502911705e-12

===== LIVE CHECKPOINT =====
Chunk 1, stage refine_train, candidate batch starting 24, case batch 12/18
Completed result rows: 704
Current best partial candidates:
  n_cases= 24, mean=0.44551393, raw = -1.1*eta_h + -4.8*eta_y + -0.12
  n_cases= 24, mean=0.44578409, raw = -1.1*eta_h + -4.8*eta_y + -0.14
  n_cases= 24, mean=0.44693273, raw = -1.1*eta_h + -4.8*eta_y + -0.16
  n_cases= 24, mean=0.44733852, raw = -1.1*eta_h + -5*eta_y + -0.12
  n_cases= 24, mean=0.44750884, raw = -1*eta_h + -5*eta_y + -0.12
Checkpoint details: /homes/aiskhak/projects/GP/linear_results_linear_refine_best_screen_C1etaH_C2etaY_C3_CeffMin005_chunk1/linear_refine_best_screen_C1etaH_C2etaY_C3_CeffMin005_chunk1_refine_train_details_checkpoint.csv
Checkpoint summary: /homes/aiskhak/projects/GP/linear_results_linear_refine_best_screen_C1etaH_C2etaY_C3_CeffMin005_chunk1/linear_refine_best_screen_C1etaH_C2etaY_C3_CeffMin005_chunk1_refine_train_summary_checkpoint.csv
===========================


===== Stage refine_train, candidate batch starting 24, case batch 13/18 =====
Running 16 tasks with 64 MPI ranks

===== Linear candidate local_id=001, RE=10622, CG=2 =====

===== Linear candidate local_id=006, RE=10622, CG=1 =====

===== Linear candidate local_id=003, RE=10622, CG=1 =====

===== Linear candidate local_id=002, RE=10622, CG=1 =====

===== Linear candidate local_id=002, RE=10622, CG=2 =====

===== Linear candidate local_id=005, RE=10622, CG=2 =====

===== Linear candidate local_id=005, RE=10622, CG=1 =====

===== Linear candidate local_id=007, RE=10622, CG=1 =====

===== Linear candidate local_id=001, RE=10622, CG=1 =====

===== Linear candidate local_id=000, RE=10622, CG=2 =====

===== Linear candidate local_id=004, RE=10622, CG=1 =====

===== Linear candidate local_id=003, RE=10622, CG=2 =====

===== Linear candidate local_id=004, RE=10622, CG=2 =====

===== Linear candidate local_id=007, RE=10622, CG=2 =====

===== Linear candidate local_id=006, RE=10622, CG=2 =====

===== Linear candidate local_id=000, RE=10622, CG=1 =====
raw = -1*eta_h + -4.8*eta_y + -0.08
raw = -0.9*eta_h + -5.2*eta_y + -0.2
raw = -1*eta_h + -4.8*eta_y + -0.16
raw = -1*eta_h + -4.8*eta_y + -0.14
raw = -1*eta_h + -5*eta_y + -0.08
raw = -1*eta_h + -4.8*eta_y + -0.16
raw = -1*eta_h + -4.8*eta_y + -0.2
raw = -1*eta_h + -4.8*eta_y + -0.2
raw = -1*eta_h + -4.8*eta_y + -0.08
raw = -1*eta_h + -4.8*eta_y + -0.12
raw = -0.9*eta_h + -5.2*eta_y + -0.16
raw = -1*eta_h + -4.8*eta_y + -0.14
raw = -0.9*eta_h + -5.2*eta_y + -0.16
raw = -1*eta_h + -4.8*eta_y + -0.12
raw = -1*eta_h + -5*eta_y + -0.08
raw = -0.9*eta_h + -5.2*eta_y + -0.2
raw min/max = -5.380495276380439 -0.28006972143286557
raw min/max = -4.942772529311599 -0.23468740166768498
C_eff min/max = 0.02050625307021811 0.20555756756791332
raw min/max = -5.022772529311599 -0.314687401667685
lm min/max = 0.020211459543242608 0.10529456832414029
raw min/max = -5.011314138253861 -0.2574180653618214
C_eff min/max = 0.020505328434912113 0.16457582278467323
lm min/max = 0.016181927152398898 0.10528982054915337
C_eff min/max = 0.02050545196637548 0.1927887766924471
lm min/max = 0.009559627008311842 0.10585999363386309
raw min/max = -5.370182724428476 -0.22012864546209854
raw min/max = -5.420495276380439 -0.3200697214328656
C_eff min/max = 0.020502659648072224 0.21425345962033884
raw min/max = -4.962772529311598 -0.254687401667685
raw min/max = -4.902772529311599 -0.194687401667685
lm min/max = 0.010623975079619269 0.10584557820920962
C_eff min/max = 0.020506007859896532 0.19427249256026355
C_eff min/max = 0.02050260535208725 0.18098484436631923
C_eff min/max = 0.020506773927414162 0.2304847201497503
lm min/max = 0.01910185390012166 0.1052933092294207
lm min/max = 0.01779534513435697 0.10527583818828164
lm min/max = 0.022662423241135075 0.10529724279779615
C_eff min/max = 0.02050240503527255 0.16218999108855003
lm min/max = 0.015947340114939194 0.1052748096106834
raw min/max = -4.971314138253861 -0.21741806536182137
C_eff min/max = 0.020505906088237793 0.21591899192332342
raw min/max = -5.102772529311599 -0.19851718801585522
lm min/max = 0.010706562187956114 0.10586233805121766
C_eff min/max = 0.02050454053459744 0.22795399813003073
lm min/max = 0.022413589854352288 0.10528577487473241
raw min/max = -5.410182724428476 -0.2601286454620986
raw min/max = -4.982772529311599 -0.274687401667685
C_eff min/max = 0.020502455156454196 0.19132917454032325
C_eff min/max = 0.02050577226624914 0.18370985882751895
lm min/max = 0.018063282336518563 0.10529209951395893
lm min/max = 0.009487251155348717 0.10584452251526939
raw min/max = -4.931314138253861 -0.17741806536182136
C_eff min/max = 0.020506398040138412 0.24229778290913329
lm min/max = 0.012014581290939718 0.10586487776724797
raw min/max = -5.091314138253861 -0.13933906232465304
C_eff min/max = 0.020504645798440906 0.2708094098590928
raw min/max = -4.891314138253861 -0.13741806536182138
lm min/max = 0.013428359228213298 0.10585583176839619
C_eff min/max = 0.020506930974142114 0.2723427205051257
lm min/max = 0.013504389991598097 0.10586762905458032
raw min/max = -4.951314138253861 -0.19741806536182138
C_eff min/max = 0.020506147144342533 0.2286770570997405
lm min/max = 0.011339183788272839 0.10586358251038662
Running case in: /homes/aiskhak/projects/GP/runs/10622/1/cand_007 with fv_app_run.sh
Running case in: /homes/aiskhak/projects/GP/runs/10622/1/cand_005 with fv_app_run.sh
Running case in: /homes/aiskhak/projects/GP/runs/10622/1/cand_002 with fv_app_run.sh
Running case in: /homes/aiskhak/projects/GP/runs/10622/1/cand_000 with fv_app_run.sh
Running case in: /homes/aiskhak/projects/GP/runs/10622/1/cand_003 with fv_app_run.sh
Running case in: /homes/aiskhak/projects/GP/runs/10622/1/cand_006 with fv_app_run.sh
Running case in: /homes/aiskhak/projects/GP/runs/10622/1/cand_001 with fv_app_run.sh
Running case in: /homes/aiskhak/projects/GP/runs/10622/1/cand_004 with fv_app_run.sh
Running case in: /homes/aiskhak/projects/GP/runs/10622/2/cand_002 with fv_app_run.sh
Running case in: /homes/aiskhak/projects/GP/runs/10622/2/cand_001 with fv_app_run.sh
Running case in: /homes/aiskhak/projects/GP/runs/10622/2/cand_000 with fv_app_run.sh
Running case in: /homes/aiskhak/projects/GP/runs/10622/2/cand_006 with fv_app_run.sh
Running case in: /homes/aiskhak/projects/GP/runs/10622/2/cand_004 with fv_app_run.sh
Running case in: /homes/aiskhak/projects/GP/runs/10622/2/cand_007 with fv_app_run.sh
Running case in: /homes/aiskhak/projects/GP/runs/10622/2/cand_005 with fv_app_run.sh
Running case in: /homes/aiskhak/projects/GP/runs/10622/2/cand_003 with fv_app_run.sh
Return code = 0
Elapsed: 17.92 sec
has_err = False
has_conv = True
has_ss = False
has_fin = True
Using VPP file: /homes/aiskhak/projects/GP/runs/10622/1/cand_005/tamu_2d_fv_gp_csv_vpp_0002.csv
VPP columns: ('id', 'u', 'v', 'x', 'y', 'z')
coordinate check: max |r_res-r_cg| = 5.000444502911705e-12
coordinate check: max |z_res-z_cg| = 5.000444502911705e-12
Return code = 0
Elapsed: 18.25 sec
has_err = False
has_conv = True
has_ss = False
has_fin = True
Using VPP file: /homes/aiskhak/projects/GP/runs/10622/1/cand_000/tamu_2d_fv_gp_csv_vpp_0002.csv
VPP columns: ('id', 'u', 'v', 'x', 'y', 'z')
coordinate check: max |r_res-r_cg| = 5.000444502911705e-12
coordinate check: max |z_res-z_cg| = 5.000444502911705e-12
Return code = 0
Elapsed: 19.82 sec
has_err = False
has_conv = True
has_ss = False
has_fin = True
Using VPP file: /homes/aiskhak/projects/GP/runs/10622/1/cand_004/tamu_2d_fv_gp_csv_vpp_0002.csv
Return code = 0
Elapsed: 19.87 sec
has_err = False
has_conv = True
has_ss = False
has_fin = True
Using VPP file: /homes/aiskhak/projects/GP/runs/10622/1/cand_002/tamu_2d_fv_gp_csv_vpp_0002.csv
Return code = 0
Elapsed: 19.9 sec
has_err = False
has_conv = True
has_ss = False
has_fin = True
Return code = 0
Elapsed: 19.9 sec
has_err = False
has_conv = True
has_ss = False
has_fin = True
Return code = 0
Elapsed: 19.91 sec
has_err = False
has_conv = True
has_ss = False
has_fin = True
Using VPP file: /homes/aiskhak/projects/GP/runs/10622/1/cand_001/tamu_2d_fv_gp_csv_vpp_0002.csv
Using VPP file: /homes/aiskhak/projects/GP/runs/10622/1/cand_006/tamu_2d_fv_gp_csv_vpp_0002.csv
Using VPP file: /homes/aiskhak/projects/GP/runs/10622/1/cand_003/tamu_2d_fv_gp_csv_vpp_0002.csv
VPP columns: ('id', 'u', 'v', 'x', 'y', 'z')
coordinate check: max |r_res-r_cg| = 5.000444502911705e-12
coordinate check: max |z_res-z_cg| = 5.000444502911705e-12
VPP columns: ('id', 'u', 'v', 'x', 'y', 'z')
coordinate check: max |r_res-r_cg| = 5.000444502911705e-12
coordinate check: max |z_res-z_cg| = 5.000444502911705e-12
Return code = 0
Elapsed: 20.16 sec
has_err = False
has_conv = True
has_ss = False
has_fin = True
Using VPP file: /homes/aiskhak/projects/GP/runs/10622/1/cand_007/tamu_2d_fv_gp_csv_vpp_0002.csv
VPP columns: ('id', 'u', 'v', 'x', 'y', 'z')
coordinate check: max |r_res-r_cg| = 5.000444502911705e-12
coordinate check: max |z_res-z_cg| = 5.000444502911705e-12
VPP columns: ('id', 'u', 'v', 'x', 'y', 'z')
coordinate check: max |r_res-r_cg| = 5.000444502911705e-12
coordinate check: max |z_res-z_cg| = 5.000444502911705e-12
VPP columns: ('id', 'u', 'v', 'x', 'y', 'z')
coordinate check: max |r_res-r_cg| = 5.000444502911705e-12
coordinate check: max |z_res-z_cg| = 5.000444502911705e-12
VPP columns: ('id', 'u', 'v', 'x', 'y', 'z')
coordinate check: max |r_res-r_cg| = 5.000444502911705e-12
coordinate check: max |z_res-z_cg| = 5.000444502911705e-12
Return code = 0
Elapsed: 22.58 sec
has_err = False
has_conv = True
has_ss = False
has_fin = True
Using VPP file: /homes/aiskhak/projects/GP/runs/10622/2/cand_000/tamu_2d_fv_gp_csv_vpp_0002.csv
VPP columns: ('id', 'u', 'v', 'x', 'y', 'z')
coordinate check: max |r_res-r_cg| = 5.000444502911705e-12
coordinate check: max |z_res-z_cg| = 5.000444502911705e-12
Return code = 0
Elapsed: 24.73 sec
has_err = False
has_conv = True
has_ss = False
has_fin = True
Return code = 0
Return code = 0
Elapsed: 24.92 sec
Elapsed: 24.93 sec
has_err = False
has_conv = True
has_ss = False
has_fin = True
has_err = False
has_conv = True
has_ss = False
has_fin = True
Return code = 0
Elapsed: 24.93 sec
has_err = False
has_conv = True
has_ss = False
has_fin = True
Using VPP file: /homes/aiskhak/projects/GP/runs/10622/2/cand_005/tamu_2d_fv_gp_csv_vpp_0002.csv
Using VPP file: /homes/aiskhak/projects/GP/runs/10622/2/cand_003/tamu_2d_fv_gp_csv_vpp_0002.csv
Using VPP file: /homes/aiskhak/projects/GP/runs/10622/2/cand_004/tamu_2d_fv_gp_csv_vpp_0002.csv
Using VPP file: /homes/aiskhak/projects/GP/runs/10622/2/cand_007/tamu_2d_fv_gp_csv_vpp_0002.csv
VPP columns: ('id', 'u', 'v', 'x', 'y', 'z')
coordinate check: max |r_res-r_cg| = 5.000444502911705e-12
coordinate check: max |z_res-z_cg| = 5.000444502911705e-12
VPP columns: ('id', 'u', 'v', 'x', 'y', 'z')
coordinate check: max |r_res-r_cg| = 5.000444502911705e-12
coordinate check: max |z_res-z_cg| = 5.000444502911705e-12
VPP columns: ('id', 'u', 'v', 'x', 'y', 'z')
coordinate check: max |r_res-r_cg| = 5.000444502911705e-12
coordinate check: max |z_res-z_cg| = 5.000444502911705e-12
Return code = 0
Elapsed: 26.55 sec
has_err = False
has_conv = True
has_ss = False
has_fin = True
Using VPP file: /homes/aiskhak/projects/GP/runs/10622/2/cand_002/tamu_2d_fv_gp_csv_vpp_0002.csv
VPP columns: ('id', 'u', 'v', 'x', 'y', 'z')
coordinate check: max |r_res-r_cg| = 5.000444502911705e-12
coordinate check: max |z_res-z_cg| = 5.000444502911705e-12
Return code = 0
Elapsed: 27.19 sec
has_err = False
has_conv = True
has_ss = False
has_fin = True
Return code = 0
Elapsed: 27.29 sec
Using VPP file: /homes/aiskhak/projects/GP/runs/10622/2/cand_006/tamu_2d_fv_gp_csv_vpp_0002.csv
has_err = False
has_conv = True
has_ss = False
has_fin = True
Using VPP file: /homes/aiskhak/projects/GP/runs/10622/2/cand_001/tamu_2d_fv_gp_csv_vpp_0002.csv
VPP columns: ('id', 'u', 'v', 'x', 'y', 'z')
coordinate check: max |r_res-r_cg| = 5.000444502911705e-12
coordinate check: max |z_res-z_cg| = 5.000444502911705e-12
VPP columns: ('id', 'u', 'v', 'x', 'y', 'z')
coordinate check: max |r_res-r_cg| = 5.000444502911705e-12
coordinate check: max |z_res-z_cg| = 5.000444502911705e-12
VPP columns: ('id', 'u', 'v', 'x', 'y', 'z')
coordinate check: max |r_res-r_cg| = 5.000444502911705e-12
coordinate check: max |z_res-z_cg| = 5.000444502911705e-12

===== LIVE CHECKPOINT =====
Chunk 1, stage refine_train, candidate batch starting 24, case batch 13/18
Completed result rows: 720
Current best partial candidates:
  n_cases= 24, mean=0.44551393, raw = -1.1*eta_h + -4.8*eta_y + -0.12
  n_cases= 24, mean=0.44578409, raw = -1.1*eta_h + -4.8*eta_y + -0.14
  n_cases= 24, mean=0.44693273, raw = -1.1*eta_h + -4.8*eta_y + -0.16
  n_cases= 24, mean=0.44733852, raw = -1.1*eta_h + -5*eta_y + -0.12
  n_cases= 24, mean=0.44750884, raw = -1*eta_h + -5*eta_y + -0.12
Checkpoint details: /homes/aiskhak/projects/GP/linear_results_linear_refine_best_screen_C1etaH_C2etaY_C3_CeffMin005_chunk1/linear_refine_best_screen_C1etaH_C2etaY_C3_CeffMin005_chunk1_refine_train_details_checkpoint.csv
Checkpoint summary: /homes/aiskhak/projects/GP/linear_results_linear_refine_best_screen_C1etaH_C2etaY_C3_CeffMin005_chunk1/linear_refine_best_screen_C1etaH_C2etaY_C3_CeffMin005_chunk1_refine_train_summary_checkpoint.csv
===========================


===== Stage refine_train, candidate batch starting 24, case batch 14/18 =====
Running 8 tasks with 64 MPI ranks

===== Linear candidate local_id=005, RE=10622, CG=3 =====

===== Linear candidate local_id=001, RE=10622, CG=3 =====

===== Linear candidate local_id=002, RE=10622, CG=3 =====

===== Linear candidate local_id=004, RE=10622, CG=3 =====
raw = -1*eta_h + -4.8*eta_y + -0.2

===== Linear candidate local_id=000, RE=10622, CG=3 =====
raw = -1*eta_h + -4.8*eta_y + -0.12
raw = -1*eta_h + -4.8*eta_y + -0.16
raw = -1*eta_h + -5*eta_y + -0.08
raw = -1*eta_h + -4.8*eta_y + -0.08

===== Linear candidate local_id=003, RE=10622, CG=3 =====

===== Linear candidate local_id=006, RE=10622, CG=3 =====
raw = -1*eta_h + -4.8*eta_y + -0.14
raw = -0.9*eta_h + -5.2*eta_y + -0.2

===== Linear candidate local_id=007, RE=10622, CG=3 =====
raw = -0.9*eta_h + -5.2*eta_y + -0.16
raw min/max = -5.085654205551524 -0.10975428391202527
C_eff min/max = 0.020504698691072503 0.2955022935386189
lm min/max = 0.00735714977065661 0.10591407622248626
raw min/max = -4.965654205551524 -0.18879028077760523
C_eff min/max = 0.020505973330719587 0.23444401986212854
lm min/max = 0.005836975903996004 0.10592066019052068
raw min/max = -5.405088784996372 -0.23015286649129293
C_eff min/max = 0.020502480298151556 0.20822145356859975
raw min/max = -5.005654205551524 -0.22879028077760524
lm min/max = 0.005184110082610256 0.10590261743245669
C_eff min/max = 0.020505514038088625 0.20902973576081119
lm min/max = 0.005204233964133622 0.10591828778039863
raw min/max = -4.925654205551524 -0.14879028077760523
C_eff min/max = 0.020506470884220147 0.2634020991645594
lm min/max = 0.00655794806278127 0.10592323023166965
raw min/max = -4.885654205551524 -0.10879028077760522
C_eff min/max = 0.020507009886567767 0.2963467683660998
lm min/max = 0.007378174743792781 0.10592601437088524
raw min/max = -4.945654205551524 -0.16879028077760524
C_eff min/max = 0.020506217131593275 0.24845322260037117
lm min/max = 0.006185764407389715 0.10592191950891926
raw min/max = -5.365088784996372 -0.19015286649129293
C_eff min/max = 0.020502686883929724 0.2335223988716932
lm min/max = 0.005814030215225818 0.10590368452162416
Running case in: /homes/aiskhak/projects/GP/runs/10622/3/cand_002 with fv_app_run.sh
Running case in: /homes/aiskhak/projects/GP/runs/10622/3/cand_004 with fv_app_run.sh
Running case in: /homes/aiskhak/projects/GP/runs/10622/3/cand_001 with fv_app_run.sh
Running case in: /homes/aiskhak/projects/GP/runs/10622/3/cand_000 with fv_app_run.sh
Running case in: /homes/aiskhak/projects/GP/runs/10622/3/cand_007 with fv_app_run.sh
Running case in: /homes/aiskhak/projects/GP/runs/10622/3/cand_006 with fv_app_run.sh
Running case in: /homes/aiskhak/projects/GP/runs/10622/3/cand_005 with fv_app_run.sh
Running case in: /homes/aiskhak/projects/GP/runs/10622/3/cand_003 with fv_app_run.sh
Return code = 0
Elapsed: 36.36 sec
has_err = False
has_conv = True
has_ss = False
has_fin = True
Using VPP file: /homes/aiskhak/projects/GP/runs/10622/3/cand_000/tamu_2d_fv_gp_csv_vpp_0002.csv
Return code = 0
Elapsed: 36.52 sec
has_err = False
has_conv = True
has_ss = False
has_fin = True
Using VPP file: /homes/aiskhak/projects/GP/runs/10622/3/cand_002/tamu_2d_fv_gp_csv_vpp_0002.csv
Return code = 0
Elapsed: 36.48 sec
has_err = False
has_conv = True
has_ss = False
has_fin = True
Using VPP file: /homes/aiskhak/projects/GP/runs/10622/3/cand_005/tamu_2d_fv_gp_csv_vpp_0002.csv
VPP columns: ('id', 'u', 'v', 'x', 'y', 'z')
coordinate check: max |r_res-r_cg| = 5.000444502911705e-12
coordinate check: max |z_res-z_cg| = 5.000444502911705e-12
VPP columns: ('id', 'u', 'v', 'x', 'y', 'z')
coordinate check: max |r_res-r_cg| = 5.000444502911705e-12
coordinate check: max |z_res-z_cg| = 5.000444502911705e-12
Return code = 0
Elapsed: 38.82 sec
has_err = False
has_conv = True
has_ss = False
has_fin = True
Using VPP file: /homes/aiskhak/projects/GP/runs/10622/3/cand_007/tamu_2d_fv_gp_csv_vpp_0002.csv
Return code = 0
Elapsed: 39.17 sec
has_err = False
has_conv = True
has_ss = False
has_fin = True
Using VPP file: /homes/aiskhak/projects/GP/runs/10622/3/cand_004/tamu_2d_fv_gp_csv_vpp_0002.csv
VPP columns: ('id', 'u', 'v', 'x', 'y', 'z')
coordinate check: max |r_res-r_cg| = 5.000444502911705e-12
coordinate check: max |z_res-z_cg| = 5.000444502911705e-12
VPP columns: ('id', 'u', 'v', 'x', 'y', 'z')
coordinate check: max |r_res-r_cg| = 5.000444502911705e-12
coordinate check: max |z_res-z_cg| = 5.000444502911705e-12
Return code = 0
Elapsed: 40.98 sec
has_err = False
has_conv = True
has_ss = False
has_fin = True
Using VPP file: /homes/aiskhak/projects/GP/runs/10622/3/cand_003/tamu_2d_fv_gp_csv_vpp_0002.csv
VPP columns: ('id', 'u', 'v', 'x', 'y', 'z')
coordinate check: max |r_res-r_cg| = 5.000444502911705e-12
coordinate check: max |z_res-z_cg| = 5.000444502911705e-12
Return code = 0
Elapsed: 44.02 sec
has_err = False
has_conv = True
has_ss = False
has_fin = True
Using VPP file: /homes/aiskhak/projects/GP/runs/10622/3/cand_006/tamu_2d_fv_gp_csv_vpp_0002.csv
Return code = 0
Elapsed: 44.98 sec
has_err = False
has_conv = True
has_ss = False
has_fin = True
VPP columns: ('id', 'u', 'v', 'x', 'y', 'z')
coordinate check: max |r_res-r_cg| = 5.000444502911705e-12
coordinate check: max |z_res-z_cg| = 5.000444502911705e-12
Using VPP file: /homes/aiskhak/projects/GP/runs/10622/3/cand_001/tamu_2d_fv_gp_csv_vpp_0002.csv
VPP columns: ('id', 'u', 'v', 'x', 'y', 'z')
coordinate check: max |r_res-r_cg| = 5.000444502911705e-12
coordinate check: max |z_res-z_cg| = 5.000444502911705e-12
VPP columns: ('id', 'u', 'v', 'x', 'y', 'z')
coordinate check: max |r_res-r_cg| = 5.000444502911705e-12
coordinate check: max |z_res-z_cg| = 5.000444502911705e-12

===== LIVE CHECKPOINT =====
Chunk 1, stage refine_train, candidate batch starting 24, case batch 14/18
Completed result rows: 728
Current best partial candidates:
  n_cases= 24, mean=0.44551393, raw = -1.1*eta_h + -4.8*eta_y + -0.12
  n_cases= 24, mean=0.44578409, raw = -1.1*eta_h + -4.8*eta_y + -0.14
  n_cases= 24, mean=0.44693273, raw = -1.1*eta_h + -4.8*eta_y + -0.16
  n_cases= 24, mean=0.44733852, raw = -1.1*eta_h + -5*eta_y + -0.12
  n_cases= 24, mean=0.44750884, raw = -1*eta_h + -5*eta_y + -0.12
Checkpoint details: /homes/aiskhak/projects/GP/linear_results_linear_refine_best_screen_C1etaH_C2etaY_C3_CeffMin005_chunk1/linear_refine_best_screen_C1etaH_C2etaY_C3_CeffMin005_chunk1_refine_train_details_checkpoint.csv
Checkpoint summary: /homes/aiskhak/projects/GP/linear_results_linear_refine_best_screen_C1etaH_C2etaY_C3_CeffMin005_chunk1/linear_refine_best_screen_C1etaH_C2etaY_C3_CeffMin005_chunk1_refine_train_summary_checkpoint.csv
===========================


===== Stage refine_train, candidate batch starting 24, case batch 15/18 =====
Running 8 tasks with 96 MPI ranks

===== Linear candidate local_id=000, RE=10622, CG=4 =====
raw = -1*eta_h + -5*eta_y + -0.08

===== Linear candidate local_id=001, RE=10622, CG=4 =====
raw = -1*eta_h + -4.8*eta_y + -0.2
raw min/max = -5.082820598169251 -0.09486760518961955
C_eff min/max = 0.020504725397211487 0.30883548861798554
lm min/max = 0.0038525217588758045 0.10616043732473646
raw min/max = -5.002820598169251 -0.2143857249088048
C_eff min/max = 0.020505545378865588 0.21779990011128028
lm min/max = 0.002716912029813982 0.10616468266864189

===== Linear candidate local_id=002, RE=10622, CG=4 =====
raw = -1*eta_h + -4.8*eta_y + -0.16
raw min/max = -4.962820598169251 -0.1743857249088048
C_eff min/max = 0.020506007282286 0.2444415386578114
lm min/max = 0.0030492491347623484 0.1061670741110125

===== Linear candidate local_id=003, RE=10622, CG=4 =====
raw = -1*eta_h + -4.8*eta_y + -0.14
raw min/max = -4.94282059816925 -0.1543857249088048
C_eff min/max = 0.02050625246903007 0.25912192513391147
lm min/max = 0.003232377403411031 0.10616834353215678

===== Linear candidate local_id=004, RE=10622, CG=4 =====
raw = -1*eta_h + -4.8*eta_y + -0.12
raw min/max = -4.922820598169251 -0.1343857249088048
C_eff min/max = 0.020506507664109146 0.27478242873431485
lm min/max = 0.003427731995415628 0.1061696647700994

===== Linear candidate local_id=005, RE=10622, CG=4 =====
raw = -1*eta_h + -4.8*eta_y + -0.08

===== Linear candidate local_id=006, RE=10622, CG=4 =====
raw = -0.9*eta_h + -5.2*eta_y + -0.2
raw min/max = -5.402538538352326 -0.21506742565350925
raw min/max = -4.882820598169251 -0.0943857249088048
C_eff min/max = 0.020507049730445513 0.3092776665754183
lm min/max = 0.0038580376411661717 0.10617247124510518
C_eff min/max = 0.0205024929817268 0.21737541872293184
lm min/max = 0.0027116169007076474 0.10614887929605996

===== Linear candidate local_id=007, RE=10622, CG=4 =====
raw = -0.9*eta_h + -5.2*eta_y + -0.16
raw min/max = -5.362538538352326 -0.17506742565350925
C_eff min/max = 0.020502700623975228 0.2439577565282961
lm min/max = 0.003043214267497407 0.10614995433566536
Running case in: /homes/aiskhak/projects/GP/runs/10622/4/cand_001 with fv_app_run.sh
Running case in: /homes/aiskhak/projects/GP/runs/10622/4/cand_002 with fv_app_run.sh
Running case in: /homes/aiskhak/projects/GP/runs/10622/4/cand_000 with fv_app_run.sh
Running case in: /homes/aiskhak/projects/GP/runs/10622/4/cand_003 with fv_app_run.sh
Running case in: /homes/aiskhak/projects/GP/runs/10622/4/cand_004 with fv_app_run.sh
Running case in: /homes/aiskhak/projects/GP/runs/10622/4/cand_005 with fv_app_run.sh
Running case in: /homes/aiskhak/projects/GP/runs/10622/4/cand_007 with fv_app_run.sh
Running case in: /homes/aiskhak/projects/GP/runs/10622/4/cand_006 with fv_app_run.sh
Return code = 0
Elapsed: 101.57 sec
has_err = False
has_conv = True
has_ss = False
has_fin = True
Using VPP file: /homes/aiskhak/projects/GP/runs/10622/4/cand_000/tamu_2d_fv_gp_csv_vpp_0002.csv
Return code = 0
Elapsed: 102.86 sec
has_err = False
has_conv = True
has_ss = False
has_fin = True
Using VPP file: /homes/aiskhak/projects/GP/runs/10622/4/cand_005/tamu_2d_fv_gp_csv_vpp_0002.csv
Return code = 0
Elapsed: 106.17 sec
has_err = False
has_conv = True
has_ss = False
has_fin = True
Using VPP file: /homes/aiskhak/projects/GP/runs/10622/4/cand_004/tamu_2d_fv_gp_csv_vpp_0002.csv
VPP columns: ('id', 'u', 'v', 'x', 'y', 'z')
coordinate check: max |r_res-r_cg| = 5.000444502911705e-12
coordinate check: max |z_res-z_cg| = 5.000444502911705e-12
VPP columns: ('id', 'u', 'v', 'x', 'y', 'z')
coordinate check: max |r_res-r_cg| = 5.000444502911705e-12
coordinate check: max |z_res-z_cg| = 5.000444502911705e-12
Return code = 0
Elapsed: 131.19 sec
has_err = False
has_conv = True
has_ss = False
has_fin = True
Using VPP file: /homes/aiskhak/projects/GP/runs/10622/4/cand_003/tamu_2d_fv_gp_csv_vpp_0002.csv
VPP columns: ('id', 'u', 'v', 'x', 'y', 'z')
coordinate check: max |r_res-r_cg| = 5.000444502911705e-12
coordinate check: max |z_res-z_cg| = 5.000444502911705e-12
VPP columns: ('id', 'u', 'v', 'x', 'y', 'z')
coordinate check: max |r_res-r_cg| = 5.000444502911705e-12
coordinate check: max |z_res-z_cg| = 5.000444502911705e-12
Return code = 0
Elapsed: 144.32 sec
has_err = False
has_conv = True
has_ss = False
has_fin = True
Using VPP file: /homes/aiskhak/projects/GP/runs/10622/4/cand_007/tamu_2d_fv_gp_csv_vpp_0002.csv
Return code = 0
Elapsed: 146.97 sec
has_err = False
has_conv = True
has_ss = False
has_fin = True
Using VPP file: /homes/aiskhak/projects/GP/runs/10622/4/cand_002/tamu_2d_fv_gp_csv_vpp_0002.csv
VPP columns: ('id', 'u', 'v', 'x', 'y', 'z')
coordinate check: max |r_res-r_cg| = 5.000444502911705e-12
coordinate check: max |z_res-z_cg| = 5.000444502911705e-12
VPP columns: ('id', 'u', 'v', 'x', 'y', 'z')
coordinate check: max |r_res-r_cg| = 5.000444502911705e-12
coordinate check: max |z_res-z_cg| = 5.000444502911705e-12
Return code = 0
Elapsed: 270.04 sec
has_err = True
has_conv = False
has_ss = False
has_fin = True
Steady failed; trying unsteady fallback
Running case in: /homes/aiskhak/projects/GP/runs/10622/4/cand_006 with fv_app_run_unsteady.sh
Return code = 0
Elapsed: 397.1 sec
has_err = True
has_conv = False
has_ss = False
has_fin = True
Steady failed; trying unsteady fallback
Running case in: /homes/aiskhak/projects/GP/runs/10622/4/cand_001 with fv_app_run_unsteady.sh
Return code = 0
Elapsed: 835.61 sec
has_err = False
has_conv = True
has_ss = True
has_fin = True
Using VPP file: /homes/aiskhak/projects/GP/runs/10622/4/cand_006/tamu_2d_fv_gp_csv_vpp_0029.csv
VPP columns: ('id', 'u', 'v', 'x', 'y', 'z')
coordinate check: max |r_res-r_cg| = 5.000444502911705e-12
coordinate check: max |z_res-z_cg| = 5.000444502911705e-12
Return code = 0
Elapsed: 796.92 sec
has_err = False
has_conv = True
has_ss = True
has_fin = True
Using VPP file: /homes/aiskhak/projects/GP/runs/10622/4/cand_001/tamu_2d_fv_gp_csv_vpp_0029.csv
VPP columns: ('id', 'u', 'v', 'x', 'y', 'z')
coordinate check: max |r_res-r_cg| = 5.000444502911705e-12
coordinate check: max |z_res-z_cg| = 5.000444502911705e-12

===== LIVE CHECKPOINT =====
Chunk 1, stage refine_train, candidate batch starting 24, case batch 15/18
Completed result rows: 736
Current best partial candidates:
  n_cases= 24, mean=0.44551393, raw = -1.1*eta_h + -4.8*eta_y + -0.12
  n_cases= 24, mean=0.44578409, raw = -1.1*eta_h + -4.8*eta_y + -0.14
  n_cases= 24, mean=0.44693273, raw = -1.1*eta_h + -4.8*eta_y + -0.16
  n_cases= 24, mean=0.44733852, raw = -1.1*eta_h + -5*eta_y + -0.12
  n_cases= 24, mean=0.44750884, raw = -1*eta_h + -5*eta_y + -0.12
Checkpoint details: /homes/aiskhak/projects/GP/linear_results_linear_refine_best_screen_C1etaH_C2etaY_C3_CeffMin005_chunk1/linear_refine_best_screen_C1etaH_C2etaY_C3_CeffMin005_chunk1_refine_train_details_checkpoint.csv
Checkpoint summary: /homes/aiskhak/projects/GP/linear_results_linear_refine_best_screen_C1etaH_C2etaY_C3_CeffMin005_chunk1/linear_refine_best_screen_C1etaH_C2etaY_C3_CeffMin005_chunk1_refine_train_summary_checkpoint.csv
===========================


===== Stage refine_train, candidate batch starting 24, case batch 16/18 =====
Running 16 tasks with 64 MPI ranks

===== Linear candidate local_id=000, RE=14000, CG=1 =====
raw = -1*eta_h + -5*eta_y + -0.08
raw min/max = -5.102772529311599 -0.19851718801585522
C_eff min/max = 0.02050454053459744 0.22795399813003073
lm min/max = 0.022413589854352288 0.10528577487473241

===== Linear candidate local_id=001, RE=14000, CG=1 =====
raw = -1*eta_h + -4.8*eta_y + -0.2

===== Linear candidate local_id=000, RE=14000, CG=2 =====
raw = -1*eta_h + -5*eta_y + -0.08
raw min/max = -5.022772529311599 -0.314687401667685
C_eff min/max = 0.020505328434912113 0.16457582278467323
lm min/max = 0.016181927152398898 0.10528982054915337
raw min/max = -5.091314138253861 -0.13933906232465304
C_eff min/max = 0.020504645798440906 0.2708094098590928
lm min/max = 0.013428359228213298 0.10585583176839619

===== Linear candidate local_id=002, RE=14000, CG=1 =====
raw = -1*eta_h + -4.8*eta_y + -0.16
raw min/max = -4.982772529311599 -0.274687401667685
C_eff min/max = 0.02050577226624914 0.18370985882751895
lm min/max = 0.018063282336518563 0.10529209951395893
Running case in: /homes/aiskhak/projects/GP/runs/14000/1/cand_000 with fv_app_run.sh

===== Linear candidate local_id=002, RE=14000, CG=2 =====
raw = -1*eta_h + -4.8*eta_y + -0.16
raw min/max = -4.971314138253861 -0.21741806536182137
C_eff min/max = 0.020505906088237793 0.21591899192332342
lm min/max = 0.010706562187956114 0.10586233805121766

===== Linear candidate local_id=001, RE=14000, CG=2 =====
raw = -1*eta_h + -4.8*eta_y + -0.2
raw min/max = -5.011314138253861 -0.2574180653618214
C_eff min/max = 0.02050545196637548 0.1927887766924471
lm min/max = 0.009559627008311842 0.10585999363386309

===== Linear candidate local_id=003, RE=14000, CG=1 =====
raw = -1*eta_h + -4.8*eta_y + -0.14
raw min/max = -4.962772529311598 -0.254687401667685
C_eff min/max = 0.020506007859896532 0.19427249256026355
lm min/max = 0.01910185390012166 0.1052933092294207
Running case in: /homes/aiskhak/projects/GP/runs/14000/1/cand_001 with fv_app_run.sh

===== Linear candidate local_id=003, RE=14000, CG=2 =====
raw = -1*eta_h + -4.8*eta_y + -0.14

===== Linear candidate local_id=004, RE=14000, CG=1 =====
raw = -1*eta_h + -4.8*eta_y + -0.12
raw min/max = -4.951314138253861 -0.19741806536182138
C_eff min/max = 0.020506147144342533 0.2286770570997405
lm min/max = 0.011339183788272839 0.10586358251038662
raw min/max = -4.942772529311599 -0.23468740166768498
C_eff min/max = 0.02050625307021811 0.20555756756791332
lm min/max = 0.020211459543242608 0.10529456832414029
Running case in: /homes/aiskhak/projects/GP/runs/14000/1/cand_002 with fv_app_run.sh

===== Linear candidate local_id=005, RE=14000, CG=1 =====
raw = -1*eta_h + -4.8*eta_y + -0.08

===== Linear candidate local_id=004, RE=14000, CG=2 =====
raw = -1*eta_h + -4.8*eta_y + -0.12
raw min/max = -4.931314138253861 -0.17741806536182136
C_eff min/max = 0.020506398040138412 0.24229778290913329
lm min/max = 0.012014581290939718 0.10586487776724797
raw min/max = -4.902772529311599 -0.194687401667685
C_eff min/max = 0.020506773927414162 0.2304847201497503
lm min/max = 0.022662423241135075 0.10529724279779615
Running case in: /homes/aiskhak/projects/GP/runs/14000/1/cand_004 with fv_app_run.sh
Running case in: /homes/aiskhak/projects/GP/runs/14000/2/cand_000 with fv_app_run.sh
Running case in: /homes/aiskhak/projects/GP/runs/14000/2/cand_001 with fv_app_run.sh

===== Linear candidate local_id=006, RE=14000, CG=1 =====
raw = -0.9*eta_h + -5.2*eta_y + -0.2
raw min/max = -5.420495276380439 -0.3200697214328656
C_eff min/max = 0.02050240503527255 0.16218999108855003
lm min/max = 0.015947340114939194 0.1052748096106834
Running case in: /homes/aiskhak/projects/GP/runs/14000/2/cand_002 with fv_app_run.sh

===== Linear candidate local_id=005, RE=14000, CG=2 =====

===== Linear candidate local_id=007, RE=14000, CG=1 =====
raw = -0.9*eta_h + -5.2*eta_y + -0.16
raw min/max = -5.380495276380439 -0.28006972143286557
C_eff min/max = 0.02050260535208725 0.18098484436631923
lm min/max = 0.01779534513435697 0.10527583818828164
Running case in: /homes/aiskhak/projects/GP/runs/14000/1/cand_003 with fv_app_run.sh
Running case in: /homes/aiskhak/projects/GP/runs/14000/2/cand_003 with fv_app_run.sh

===== Linear candidate local_id=007, RE=14000, CG=2 =====
raw = -0.9*eta_h + -5.2*eta_y + -0.16
raw min/max = -5.370182724428476 -0.22012864546209854
C_eff min/max = 0.020502659648072224 0.21425345962033884
lm min/max = 0.010623975079619269 0.10584557820920962

===== Linear candidate local_id=006, RE=14000, CG=2 =====
raw = -0.9*eta_h + -5.2*eta_y + -0.2
raw = -1*eta_h + -4.8*eta_y + -0.08
raw min/max = -4.891314138253861 -0.13741806536182138
C_eff min/max = 0.020506930974142114 0.2723427205051257
lm min/max = 0.013504389991598097 0.10586762905458032
raw min/max = -5.410182724428476 -0.2601286454620986
C_eff min/max = 0.020502455156454196 0.19132917454032325
lm min/max = 0.009487251155348717 0.10584452251526939
Running case in: /homes/aiskhak/projects/GP/runs/14000/1/cand_005 with fv_app_run.sh
Running case in: /homes/aiskhak/projects/GP/runs/14000/2/cand_007 with fv_app_run.sh
Running case in: /homes/aiskhak/projects/GP/runs/14000/1/cand_006 with fv_app_run.sh
Running case in: /homes/aiskhak/projects/GP/runs/14000/1/cand_007 with fv_app_run.sh
Running case in: /homes/aiskhak/projects/GP/runs/14000/2/cand_004 with fv_app_run.sh
Running case in: /homes/aiskhak/projects/GP/runs/14000/2/cand_005 with fv_app_run.sh
Running case in: /homes/aiskhak/projects/GP/runs/14000/2/cand_006 with fv_app_run.sh
Return code = 0
Elapsed: 14.1 sec
has_err = False
has_conv = True
has_ss = False
has_fin = True
Using VPP file: /homes/aiskhak/projects/GP/runs/14000/1/cand_004/tamu_2d_fv_gp_csv_vpp_0002.csv
VPP columns: ('id', 'u', 'v', 'x', 'y', 'z')
coordinate check: max |r_res-r_cg| = 5.000444502911705e-12
coordinate check: max |z_res-z_cg| = 5.000444502911705e-12
Return code = 0
Elapsed: 15.13 sec
has_err = False
has_conv = True
has_ss = False
has_fin = True
Return code = 0
Elapsed: 15.17 sec
has_err = False
has_conv = True
has_ss = False
has_fin = True
Using VPP file: /homes/aiskhak/projects/GP/runs/14000/1/cand_002/tamu_2d_fv_gp_csv_vpp_0002.csv
Using VPP file: /homes/aiskhak/projects/GP/runs/14000/1/cand_000/tamu_2d_fv_gp_csv_vpp_0002.csv
VPP columns: ('id', 'u', 'v', 'x', 'y', 'z')
coordinate check: max |r_res-r_cg| = 5.000444502911705e-12
coordinate check: max |z_res-z_cg| = 5.000444502911705e-12
Return code = 0
Elapsed: 15.0 sec
has_err = False
has_conv = True
has_ss = False
has_fin = True
Using VPP file: /homes/aiskhak/projects/GP/runs/14000/1/cand_005/tamu_2d_fv_gp_csv_vpp_0002.csv
VPP columns: ('id', 'u', 'v', 'x', 'y', 'z')
coordinate check: max |r_res-r_cg| = 5.000444502911705e-12
coordinate check: max |z_res-z_cg| = 5.000444502911705e-12
VPP columns: ('id', 'u', 'v', 'x', 'y', 'z')
coordinate check: max |r_res-r_cg| = 5.000444502911705e-12
coordinate check: max |z_res-z_cg| = 5.000444502911705e-12
Return code = 0
Elapsed: 15.69 sec
has_err = False
has_conv = True
has_ss = False
has_fin = True
Using VPP file: /homes/aiskhak/projects/GP/runs/14000/1/cand_003/tamu_2d_fv_gp_csv_vpp_0002.csv
Return code = 0
Elapsed: 16.17 sec
has_err = False
has_conv = True
has_ss = False
has_fin = True
Using VPP file: /homes/aiskhak/projects/GP/runs/14000/1/cand_007/tamu_2d_fv_gp_csv_vpp_0002.csv
VPP columns: ('id', 'u', 'v', 'x', 'y', 'z')
coordinate check: max |r_res-r_cg| = 5.000444502911705e-12
coordinate check: max |z_res-z_cg| = 5.000444502911705e-12
Return code = 0
Elapsed: 17.85 sec
has_err = True
has_conv = False
has_ss = False
has_fin = True
Steady failed; trying unsteady fallback
Running case in: /homes/aiskhak/projects/GP/runs/14000/1/cand_001 with fv_app_run_unsteady.sh
Return code = 0
Elapsed: 17.75 sec
has_err = True
has_conv = False
has_ss = False
has_fin = True
Steady failed; trying unsteady fallback
Running case in: /homes/aiskhak/projects/GP/runs/14000/1/cand_006 with fv_app_run_unsteady.sh
VPP columns: ('id', 'u', 'v', 'x', 'y', 'z')
coordinate check: max |r_res-r_cg| = 5.000444502911705e-12
coordinate check: max |z_res-z_cg| = 5.000444502911705e-12
Return code = 0
Elapsed: 20.73 sec
has_err = False
has_conv = True
has_ss = False
has_fin = True
Using VPP file: /homes/aiskhak/projects/GP/runs/14000/2/cand_005/tamu_2d_fv_gp_csv_vpp_0002.csv
Return code = 0
Elapsed: 21.41 sec
has_err = False
has_conv = True
has_ss = False
has_fin = True
Using VPP file: /homes/aiskhak/projects/GP/runs/14000/2/cand_000/tamu_2d_fv_gp_csv_vpp_0002.csv
VPP columns: ('id', 'u', 'v', 'x', 'y', 'z')
coordinate check: max |r_res-r_cg| = 5.000444502911705e-12
coordinate check: max |z_res-z_cg| = 5.000444502911705e-12
VPP columns: ('id', 'u', 'v', 'x', 'y', 'z')
coordinate check: max |r_res-r_cg| = 5.000444502911705e-12
coordinate check: max |z_res-z_cg| = 5.000444502911705e-12
Return code = 0
Elapsed: 23.34 sec
has_err = False
has_conv = True
has_ss = False
has_fin = True
Using VPP file: /homes/aiskhak/projects/GP/runs/14000/2/cand_004/tamu_2d_fv_gp_csv_vpp_0002.csv
Return code = 0
Elapsed: 23.96 sec
has_err = False
has_conv = True
has_ss = False
has_fin = True
Using VPP file: /homes/aiskhak/projects/GP/runs/14000/2/cand_003/tamu_2d_fv_gp_csv_vpp_0002.csv
Return code = 0
Elapsed: 24.44 sec
has_err = False
has_conv = True
has_ss = False
has_fin = True
Using VPP file: /homes/aiskhak/projects/GP/runs/14000/2/cand_002/tamu_2d_fv_gp_csv_vpp_0002.csv
VPP columns: ('id', 'u', 'v', 'x', 'y', 'z')
coordinate check: max |r_res-r_cg| = 5.000444502911705e-12
coordinate check: max |z_res-z_cg| = 5.000444502911705e-12
Return code = 0
Elapsed: 25.19 sec
has_err = False
has_conv = True
has_ss = False
has_fin = True
Using VPP file: /homes/aiskhak/projects/GP/runs/14000/2/cand_007/tamu_2d_fv_gp_csv_vpp_0002.csv
VPP columns: ('id', 'u', 'v', 'x', 'y', 'z')
coordinate check: max |r_res-r_cg| = 5.000444502911705e-12
coordinate check: max |z_res-z_cg| = 5.000444502911705e-12
VPP columns: ('id', 'u', 'v', 'x', 'y', 'z')
coordinate check: max |r_res-r_cg| = 5.000444502911705e-12
coordinate check: max |z_res-z_cg| = 5.000444502911705e-12
Return code = 0
Elapsed: 28.99 sec
has_err = False
has_conv = True
has_ss = False
has_fin = True
Using VPP file: /homes/aiskhak/projects/GP/runs/14000/2/cand_006/tamu_2d_fv_gp_csv_vpp_0002.csv
VPP columns: ('id', 'u', 'v', 'x', 'y', 'z')
coordinate check: max |r_res-r_cg| = 5.000444502911705e-12
coordinate check: max |z_res-z_cg| = 5.000444502911705e-12
VPP columns: ('id', 'u', 'v', 'x', 'y', 'z')
coordinate check: max |r_res-r_cg| = 5.000444502911705e-12
coordinate check: max |z_res-z_cg| = 5.000444502911705e-12
Return code = 0
Elapsed: 34.57 sec
has_err = False
has_conv = True
has_ss = False
has_fin = True
Using VPP file: /homes/aiskhak/projects/GP/runs/14000/2/cand_001/tamu_2d_fv_gp_csv_vpp_0002.csv
VPP columns: ('id', 'u', 'v', 'x', 'y', 'z')
coordinate check: max |r_res-r_cg| = 5.000444502911705e-12
coordinate check: max |z_res-z_cg| = 5.000444502911705e-12
Return code = 0
Elapsed: 20.72 sec
has_err = False
has_conv = True
has_ss = True
has_fin = True
Using VPP file: /homes/aiskhak/projects/GP/runs/14000/1/cand_006/tamu_2d_fv_gp_csv_vpp_0028.csv
Return code = 0
Elapsed: 21.62 sec
has_err = False
has_conv = True
has_ss = True
has_fin = True
Using VPP file: /homes/aiskhak/projects/GP/runs/14000/1/cand_001/tamu_2d_fv_gp_csv_vpp_0029.csv
VPP columns: ('id', 'u', 'v', 'x', 'y', 'z')
coordinate check: max |r_res-r_cg| = 5.000444502911705e-12
coordinate check: max |z_res-z_cg| = 5.000444502911705e-12
VPP columns: ('id', 'u', 'v', 'x', 'y', 'z')
coordinate check: max |r_res-r_cg| = 5.000444502911705e-12
coordinate check: max |z_res-z_cg| = 5.000444502911705e-12

===== LIVE CHECKPOINT =====
Chunk 1, stage refine_train, candidate batch starting 24, case batch 16/18
Completed result rows: 752
Current best partial candidates:
  n_cases= 22, mean=0.43823844, raw = -1*eta_h + -4.8*eta_y + -0.14
  n_cases= 22, mean=0.43850052, raw = -1*eta_h + -4.8*eta_y + -0.16
  n_cases= 22, mean=0.43888864, raw = -1*eta_h + -4.8*eta_y + -0.12
  n_cases= 22, mean=0.44145610, raw = -1*eta_h + -4.8*eta_y + -0.2
  n_cases= 22, mean=0.44303397, raw = -1*eta_h + -4.8*eta_y + -0.08
Checkpoint details: /homes/aiskhak/projects/GP/linear_results_linear_refine_best_screen_C1etaH_C2etaY_C3_CeffMin005_chunk1/linear_refine_best_screen_C1etaH_C2etaY_C3_CeffMin005_chunk1_refine_train_details_checkpoint.csv
Checkpoint summary: /homes/aiskhak/projects/GP/linear_results_linear_refine_best_screen_C1etaH_C2etaY_C3_CeffMin005_chunk1/linear_refine_best_screen_C1etaH_C2etaY_C3_CeffMin005_chunk1_refine_train_summary_checkpoint.csv
===========================


===== Stage refine_train, candidate batch starting 24, case batch 17/18 =====
Running 8 tasks with 64 MPI ranks

===== Linear candidate local_id=001, RE=14000, CG=3 =====
raw = -1*eta_h + -4.8*eta_y + -0.2

===== Linear candidate local_id=000, RE=14000, CG=3 =====
raw = -1*eta_h + -5*eta_y + -0.08
raw min/max = -5.005654205551524 -0.22879028077760524
C_eff min/max = 0.020505514038088625 0.20902973576081119
lm min/max = 0.005204233964133622 0.10591828778039863
raw min/max = -5.085654205551524 -0.10975428391202527
C_eff min/max = 0.020504698691072503 0.2955022935386189
lm min/max = 0.00735714977065661 0.10591407622248626

===== Linear candidate local_id=002, RE=14000, CG=3 =====
raw = -1*eta_h + -4.8*eta_y + -0.16

===== Linear candidate local_id=003, RE=14000, CG=3 =====
raw = -1*eta_h + -4.8*eta_y + -0.14
raw min/max = -4.965654205551524 -0.18879028077760523
C_eff min/max = 0.020505973330719587 0.23444401986212854
lm min/max = 0.005836975903996004 0.10592066019052068
raw min/max = -4.945654205551524 -0.16879028077760524
C_eff min/max = 0.020506217131593275 0.24845322260037117
lm min/max = 0.006185764407389715 0.10592191950891926

===== Linear candidate local_id=004, RE=14000, CG=3 =====
raw = -1*eta_h + -4.8*eta_y + -0.12

===== Linear candidate local_id=005, RE=14000, CG=3 =====
raw = -1*eta_h + -4.8*eta_y + -0.08
raw min/max = -4.925654205551524 -0.14879028077760523
C_eff min/max = 0.020506470884220147 0.2634020991645594
lm min/max = 0.00655794806278127 0.10592323023166965
raw min/max = -4.885654205551524 -0.10879028077760522
C_eff min/max = 0.020507009886567767 0.2963467683660998
lm min/max = 0.007378174743792781 0.10592601437088524

===== Linear candidate local_id=006, RE=14000, CG=3 =====
raw = -0.9*eta_h + -5.2*eta_y + -0.2
raw min/max = -5.405088784996372 -0.23015286649129293
C_eff min/max = 0.020502480298151556 0.20822145356859975
lm min/max = 0.005184110082610256 0.10590261743245669

===== Linear candidate local_id=007, RE=14000, CG=3 =====
raw = -0.9*eta_h + -5.2*eta_y + -0.16
raw min/max = -5.365088784996372 -0.19015286649129293
C_eff min/max = 0.020502686883929724 0.2335223988716932
lm min/max = 0.005814030215225818 0.10590368452162416
Running case in: /homes/aiskhak/projects/GP/runs/14000/3/cand_003 with fv_app_run.sh
Running case in: /homes/aiskhak/projects/GP/runs/14000/3/cand_002 with fv_app_run.sh
Running case in: /homes/aiskhak/projects/GP/runs/14000/3/cand_000 with fv_app_run.sh
Running case in: /homes/aiskhak/projects/GP/runs/14000/3/cand_001 with fv_app_run.sh
Running case in: /homes/aiskhak/projects/GP/runs/14000/3/cand_004 with fv_app_run.sh
Running case in: /homes/aiskhak/projects/GP/runs/14000/3/cand_007 with fv_app_run.sh
Running case in: /homes/aiskhak/projects/GP/runs/14000/3/cand_005 with fv_app_run.sh
Running case in: /homes/aiskhak/projects/GP/runs/14000/3/cand_006 with fv_app_run.sh
Return code = 0
Elapsed: 47.85 sec
has_err = False
has_conv = True
has_ss = False
has_fin = True
Using VPP file: /homes/aiskhak/projects/GP/runs/14000/3/cand_002/tamu_2d_fv_gp_csv_vpp_0002.csv
Return code = 0
Elapsed: 47.81 sec
has_err = False
has_conv = True
has_ss = False
has_fin = True
Using VPP file: /homes/aiskhak/projects/GP/runs/14000/3/cand_001/tamu_2d_fv_gp_csv_vpp_0002.csv
Return code = 0
Elapsed: 47.78 sec
has_err = False
has_conv = True
has_ss = False
has_fin = True
Using VPP file: /homes/aiskhak/projects/GP/runs/14000/3/cand_007/tamu_2d_fv_gp_csv_vpp_0002.csv
VPP columns: ('id', 'u', 'v', 'x', 'y', 'z')
coordinate check: max |r_res-r_cg| = 5.000444502911705e-12
coordinate check: max |z_res-z_cg| = 5.000444502911705e-12
VPP columns: ('id', 'u', 'v', 'x', 'y', 'z')
coordinate check: max |r_res-r_cg| = 5.000444502911705e-12
coordinate check: max |z_res-z_cg| = 5.000444502911705e-12
VPP columns: ('id', 'u', 'v', 'x', 'y', 'z')
coordinate check: max |r_res-r_cg| = 5.000444502911705e-12
coordinate check: max |z_res-z_cg| = 5.000444502911705e-12
Return code = 0
Elapsed: 49.54 sec
has_err = False
has_conv = True
has_ss = False
has_fin = True
Using VPP file: /homes/aiskhak/projects/GP/runs/14000/3/cand_000/tamu_2d_fv_gp_csv_vpp_0002.csv
VPP columns: ('id', 'u', 'v', 'x', 'y', 'z')
coordinate check: max |r_res-r_cg| = 5.000444502911705e-12
coordinate check: max |z_res-z_cg| = 5.000444502911705e-12
Return code = 0
Elapsed: 52.12 sec
has_err = False
has_conv = True
has_ss = False
has_fin = True
Using VPP file: /homes/aiskhak/projects/GP/runs/14000/3/cand_004/tamu_2d_fv_gp_csv_vpp_0002.csv
Return code = 0
Elapsed: 52.64 sec
has_err = False
has_conv = True
has_ss = False
has_fin = True
Using VPP file: /homes/aiskhak/projects/GP/runs/14000/3/cand_005/tamu_2d_fv_gp_csv_vpp_0002.csv
VPP columns: ('id', 'u', 'v', 'x', 'y', 'z')
coordinate check: max |r_res-r_cg| = 5.000444502911705e-12
coordinate check: max |z_res-z_cg| = 5.000444502911705e-12
Return code = 0
Elapsed: 52.61 sec
has_err = False
has_conv = True
has_ss = False
has_fin = True
Using VPP file: /homes/aiskhak/projects/GP/runs/14000/3/cand_006/tamu_2d_fv_gp_csv_vpp_0002.csv
VPP columns: ('id', 'u', 'v', 'x', 'y', 'z')
coordinate check: max |r_res-r_cg| = 5.000444502911705e-12
coordinate check: max |z_res-z_cg| = 5.000444502911705e-12
VPP columns: ('id', 'u', 'v', 'x', 'y', 'z')
coordinate check: max |r_res-r_cg| = 5.000444502911705e-12
coordinate check: max |z_res-z_cg| = 5.000444502911705e-12
Return code = 0
Elapsed: 54.27 sec
has_err = False
has_conv = True
has_ss = False
has_fin = True
Using VPP file: /homes/aiskhak/projects/GP/runs/14000/3/cand_003/tamu_2d_fv_gp_csv_vpp_0002.csv
VPP columns: ('id', 'u', 'v', 'x', 'y', 'z')
coordinate check: max |r_res-r_cg| = 5.000444502911705e-12
coordinate check: max |z_res-z_cg| = 5.000444502911705e-12

===== LIVE CHECKPOINT =====
Chunk 1, stage refine_train, candidate batch starting 24, case batch 17/18
Completed result rows: 760
Current best partial candidates:
  n_cases= 23, mean=0.44058104, raw = -1*eta_h + -4.8*eta_y + -0.14
  n_cases= 23, mean=0.44084578, raw = -1*eta_h + -4.8*eta_y + -0.12
  n_cases= 23, mean=0.44119323, raw = -1*eta_h + -4.8*eta_y + -0.16
  n_cases= 23, mean=0.44414328, raw = -1*eta_h + -4.8*eta_y + -0.08
  n_cases= 23, mean=0.44473333, raw = -1*eta_h + -4.8*eta_y + -0.2
Checkpoint details: /homes/aiskhak/projects/GP/linear_results_linear_refine_best_screen_C1etaH_C2etaY_C3_CeffMin005_chunk1/linear_refine_best_screen_C1etaH_C2etaY_C3_CeffMin005_chunk1_refine_train_details_checkpoint.csv
Checkpoint summary: /homes/aiskhak/projects/GP/linear_results_linear_refine_best_screen_C1etaH_C2etaY_C3_CeffMin005_chunk1/linear_refine_best_screen_C1etaH_C2etaY_C3_CeffMin005_chunk1_refine_train_summary_checkpoint.csv
===========================


===== Stage refine_train, candidate batch starting 24, case batch 18/18 =====
Running 8 tasks with 96 MPI ranks

===== Linear candidate local_id=000, RE=14000, CG=4 =====
raw = -1*eta_h + -5*eta_y + -0.08
raw min/max = -5.082820598169251 -0.09486760518961955
C_eff min/max = 0.020504725397211487 0.30883548861798554
lm min/max = 0.0038525217588758045 0.10616043732473646

===== Linear candidate local_id=001, RE=14000, CG=4 =====
raw = -1*eta_h + -4.8*eta_y + -0.2
raw min/max = -5.002820598169251 -0.2143857249088048
C_eff min/max = 0.020505545378865588 0.21779990011128028
lm min/max = 0.002716912029813982 0.10616468266864189

===== Linear candidate local_id=002, RE=14000, CG=4 =====
raw = -1*eta_h + -4.8*eta_y + -0.16
raw min/max = -4.962820598169251 -0.1743857249088048
C_eff min/max = 0.020506007282286 0.2444415386578114
lm min/max = 0.0030492491347623484 0.1061670741110125

===== Linear candidate local_id=003, RE=14000, CG=4 =====
raw = -1*eta_h + -4.8*eta_y + -0.14
raw min/max = -4.94282059816925 -0.1543857249088048
C_eff min/max = 0.02050625246903007 0.25912192513391147
lm min/max = 0.003232377403411031 0.10616834353215678

===== Linear candidate local_id=004, RE=14000, CG=4 =====
raw = -1*eta_h + -4.8*eta_y + -0.12
raw min/max = -4.922820598169251 -0.1343857249088048
C_eff min/max = 0.020506507664109146 0.27478242873431485
lm min/max = 0.003427731995415628 0.1061696647700994

===== Linear candidate local_id=005, RE=14000, CG=4 =====
raw = -1*eta_h + -4.8*eta_y + -0.08
raw min/max = -4.882820598169251 -0.0943857249088048
C_eff min/max = 0.020507049730445513 0.3092776665754183
lm min/max = 0.0038580376411661717 0.10617247124510518

===== Linear candidate local_id=006, RE=14000, CG=4 =====
raw = -0.9*eta_h + -5.2*eta_y + -0.2
raw min/max = -5.402538538352326 -0.21506742565350925
C_eff min/max = 0.0205024929817268 0.21737541872293184
lm min/max = 0.0027116169007076474 0.10614887929605996

===== Linear candidate local_id=007, RE=14000, CG=4 =====
raw = -0.9*eta_h + -5.2*eta_y + -0.16
raw min/max = -5.362538538352326 -0.17506742565350925
C_eff min/max = 0.020502700623975228 0.2439577565282961
lm min/max = 0.003043214267497407 0.10614995433566536
Running case in: /homes/aiskhak/projects/GP/runs/14000/4/cand_000 with fv_app_run.sh
Running case in: /homes/aiskhak/projects/GP/runs/14000/4/cand_001 with fv_app_run.sh
Running case in: /homes/aiskhak/projects/GP/runs/14000/4/cand_002 with fv_app_run.sh
Running case in: /homes/aiskhak/projects/GP/runs/14000/4/cand_007 with fv_app_run.sh
Running case in: /homes/aiskhak/projects/GP/runs/14000/4/cand_005 with fv_app_run.sh
Running case in: /homes/aiskhak/projects/GP/runs/14000/4/cand_004 with fv_app_run.sh
Running case in: /homes/aiskhak/projects/GP/runs/14000/4/cand_003 with fv_app_run.sh
Running case in: /homes/aiskhak/projects/GP/runs/14000/4/cand_006 with fv_app_run.sh
Return code = 0
Elapsed: 120.6 sec
has_err = False
has_conv = True
has_ss = False
has_fin = True
Using VPP file: /homes/aiskhak/projects/GP/runs/14000/4/cand_004/tamu_2d_fv_gp_csv_vpp_0002.csv
VPP columns: ('id', 'u', 'v', 'x', 'y', 'z')
coordinate check: max |r_res-r_cg| = 5.000444502911705e-12
coordinate check: max |z_res-z_cg| = 5.000444502911705e-12
Return code = 0
Elapsed: 128.73 sec
has_err = False
has_conv = True
has_ss = False
has_fin = True
Using VPP file: /homes/aiskhak/projects/GP/runs/14000/4/cand_003/tamu_2d_fv_gp_csv_vpp_0002.csv
Return code = 0
Elapsed: 131.39 sec
has_err = False
has_conv = True
has_ss = False
has_fin = True
Using VPP file: /homes/aiskhak/projects/GP/runs/14000/4/cand_005/tamu_2d_fv_gp_csv_vpp_0002.csv
Return code = 0
Elapsed: 137.34 sec
has_err = False
has_conv = True
has_ss = False
has_fin = True
Using VPP file: /homes/aiskhak/projects/GP/runs/14000/4/cand_000/tamu_2d_fv_gp_csv_vpp_0002.csv
Return code = 0
Elapsed: 137.79 sec
has_err = False
has_conv = True
has_ss = False
has_fin = True
Using VPP file: /homes/aiskhak/projects/GP/runs/14000/4/cand_001/tamu_2d_fv_gp_csv_vpp_0002.csv
Return code = 0
Elapsed: 137.2 sec
has_err = False
has_conv = True
has_ss = False
has_fin = True
Using VPP file: /homes/aiskhak/projects/GP/runs/14000/4/cand_002/tamu_2d_fv_gp_csv_vpp_0002.csv
VPP columns: ('id', 'u', 'v', 'x', 'y', 'z')
coordinate check: max |r_res-r_cg| = 5.000444502911705e-12
coordinate check: max |z_res-z_cg| = 5.000444502911705e-12
VPP columns: ('id', 'u', 'v', 'x', 'y', 'z')
coordinate check: max |r_res-r_cg| = 5.000444502911705e-12
coordinate check: max |z_res-z_cg| = 5.000444502911705e-12
VPP columns: ('id', 'u', 'v', 'x', 'y', 'z')
coordinate check: max |r_res-r_cg| = 5.000444502911705e-12
coordinate check: max |z_res-z_cg| = 5.000444502911705e-12
Return code = 0
Elapsed: 140.66 sec
has_err = False
has_conv = True
has_ss = False
has_fin = True
Using VPP file: /homes/aiskhak/projects/GP/runs/14000/4/cand_007/tamu_2d_fv_gp_csv_vpp_0002.csv
VPP columns: ('id', 'u', 'v', 'x', 'y', 'z')
coordinate check: max |r_res-r_cg| = 5.000444502911705e-12
coordinate check: max |z_res-z_cg| = 5.000444502911705e-12
Return code = 0
Elapsed: 158.32 sec
has_err = False
has_conv = True
has_ss = False
has_fin = True
Using VPP file: /homes/aiskhak/projects/GP/runs/14000/4/cand_006/tamu_2d_fv_gp_csv_vpp_0002.csv
VPP columns: ('id', 'u', 'v', 'x', 'y', 'z')
coordinate check: max |r_res-r_cg| = 5.000444502911705e-12
coordinate check: max |z_res-z_cg| = 5.000444502911705e-12
VPP columns: ('id', 'u', 'v', 'x', 'y', 'z')
coordinate check: max |r_res-r_cg| = 5.000444502911705e-12
coordinate check: max |z_res-z_cg| = 5.000444502911705e-12
VPP columns: ('id', 'u', 'v', 'x', 'y', 'z')
coordinate check: max |r_res-r_cg| = 5.000444502911705e-12
coordinate check: max |z_res-z_cg| = 5.000444502911705e-12

===== LIVE CHECKPOINT =====
Chunk 1, stage refine_train, candidate batch starting 24, case batch 18/18
Completed result rows: 768
Current best partial candidates:
  n_cases= 24, mean=0.44551393, raw = -1.1*eta_h + -4.8*eta_y + -0.12
  n_cases= 24, mean=0.44567944, raw = -1*eta_h + -4.8*eta_y + -0.12
  n_cases= 24, mean=0.44578409, raw = -1.1*eta_h + -4.8*eta_y + -0.14
  n_cases= 24, mean=0.44590633, raw = -1*eta_h + -4.8*eta_y + -0.14
  n_cases= 24, mean=0.44693273, raw = -1.1*eta_h + -4.8*eta_y + -0.16
Checkpoint details: /homes/aiskhak/projects/GP/linear_results_linear_refine_best_screen_C1etaH_C2etaY_C3_CeffMin005_chunk1/linear_refine_best_screen_C1etaH_C2etaY_C3_CeffMin005_chunk1_refine_train_details_checkpoint.csv
Checkpoint summary: /homes/aiskhak/projects/GP/linear_results_linear_refine_best_screen_C1etaH_C2etaY_C3_CeffMin005_chunk1/linear_refine_best_screen_C1etaH_C2etaY_C3_CeffMin005_chunk1_refine_train_summary_checkpoint.csv
===========================


===== Candidate batch 32..39 =====

===== Stage refine_train, candidate batch starting 32, case batch 1/18 =====
Running 16 tasks with 64 MPI ranks

===== Linear candidate local_id=000, RE=3000, CG=1 =====
raw = -0.9*eta_h + -5.2*eta_y + -0.14
raw min/max = -5.360495276380439 -0.26006972143286555
C_eff min/max = 0.020502711683207504 0.1913607650906751
lm min/max = 0.018815558130771834 0.10527638417244405

===== Linear candidate local_id=000, RE=3000, CG=2 =====
raw = -0.9*eta_h + -5.2*eta_y + -0.14
raw min/max = -5.350182724428476 -0.20012864546209855
C_eff min/max = 0.020502768195250952 0.22689859020599348
lm min/max = 0.011250996703720845 0.10584613858718461

===== Linear candidate local_id=001, RE=3000, CG=1 =====
raw = -0.9*eta_h + -5.2*eta_y + -0.12
raw min/max = -5.340495276380439 -0.24006972143286556
C_eff min/max = 0.02050282235417328 0.20244690657136669
lm min/max = 0.019905603623519907 0.10527695244064632

===== Linear candidate local_id=001, RE=3000, CG=2 =====
raw = -0.9*eta_h + -5.2*eta_y + -0.12
raw min/max = -5.330182724428476 -0.18012864546209853
C_eff min/max = 0.020502881172730688 0.2403993259228375
lm min/max = 0.01192044437596119 0.10584672183671771

===== Linear candidate local_id=002, RE=3000, CG=1 =====
raw = -0.9*eta_h + -5.2*eta_y + -0.08
raw min/max = -5.300495276380439 -0.20006972143286555
C_eff min/max = 0.020503057431453288 0.2269370839250902
lm min/max = 0.022313601707210425 0.10527815950468851
Running case in: /homes/aiskhak/projects/GP/runs/3000/1/cand_000 with fv_app_run.sh
Running case in: /homes/aiskhak/projects/GP/runs/3000/1/cand_001 with fv_app_run.sh

===== Linear candidate local_id=002, RE=3000, CG=2 =====
raw = -0.9*eta_h + -5.2*eta_y + -0.08
raw min/max = -5.290182724428476 -0.14012864546209852
C_eff min/max = 0.020503121149327615 0.2701819173172185
lm min/max = 0.013397244374155248 0.10584796072289612

===== Linear candidate local_id=003, RE=3000, CG=1 =====
raw = -0.9*eta_h + -5*eta_y + -0.2
raw min/max = -5.220495276380439 -0.31623993508469533
C_eff min/max = 0.020503587959972848 0.16388323781834768
lm min/max = 0.016113828696123277 0.10528088363821302

===== Linear candidate local_id=003, RE=3000, CG=2 =====
raw = -0.9*eta_h + -5*eta_y + -0.2

===== Linear candidate local_id=004, RE=3000, CG=1 =====
raw = -0.9*eta_h + -5*eta_y + -0.16
raw min/max = -5.210182724428476 -0.2582076484992669
C_eff min/max = 0.020503662734893412 0.19236224677688202
lm min/max = 0.009538477089884829 0.10585075667417003
Running case in: /homes/aiskhak/projects/GP/runs/3000/1/cand_002 with fv_app_run.sh
raw min/max = -5.180495276380439 -0.27623993508469535
C_eff min/max = 0.02050388680950889 0.18291882726240966
lm min/max = 0.017985504112808304 0.10528241815711238
Running case in: /homes/aiskhak/projects/GP/runs/3000/1/cand_003 with fv_app_run.sh
Running case in: /homes/aiskhak/projects/GP/runs/3000/2/cand_001 with fv_app_run.sh
Running case in: /homes/aiskhak/projects/GP/runs/3000/2/cand_000 with fv_app_run.sh
Running case in: /homes/aiskhak/projects/GP/runs/3000/1/cand_004 with fv_app_run.sh
Running case in: /homes/aiskhak/projects/GP/runs/3000/2/cand_002 with fv_app_run.sh

===== Linear candidate local_id=004, RE=3000, CG=2 =====
raw = -0.9*eta_h + -5*eta_y + -0.16
raw min/max = -5.170182724428476 -0.21820764849926688
C_eff min/max = 0.020503967813008044 0.21543229493725474
lm min/max = 0.01068242882431997 0.10585233164883168

===== Linear candidate local_id=005, RE=3000, CG=1 =====
raw = -0.9*eta_h + -5*eta_y + -0.14
raw min/max = -5.160495276380439 -0.25623993508469534
C_eff min/max = 0.020504045443639853 0.19342727410353566
lm min/max = 0.019018747747205574 0.10528323270437677

===== Linear candidate local_id=006, RE=3000, CG=1 =====
raw = -0.9*eta_h + -5*eta_y + -0.12
raw min/max = -5.140495276380439 -0.23623993508469532
C_eff min/max = 0.020504210552620843 0.20465462036082116
lm min/max = 0.020122677207657723 0.10528408049840429

===== Linear candidate local_id=006, RE=3000, CG=2 =====
raw = -0.9*eta_h + -5*eta_y + -0.12

===== Linear candidate local_id=007, RE=3000, CG=1 =====
raw = -0.9*eta_h + -5*eta_y + -0.08
Running case in: /homes/aiskhak/projects/GP/runs/3000/2/cand_003 with fv_app_run.sh

===== Linear candidate local_id=005, RE=3000, CG=2 =====
raw = -0.9*eta_h + -5*eta_y + -0.14
raw min/max = -5.100495276380439 -0.19623993508469534
C_eff min/max = 0.0205045612631898 0.2294549839615727
lm min/max = 0.022561174371760865 0.10528588131095833
raw min/max = -5.1501827244284755 -0.1982076484992669
raw min/max = -5.130182724428476 -0.17820764849926687
C_eff min/max = 0.020504298303596534 0.24174303824737742
lm min/max = 0.01198707371429433 0.10585403781613055
C_eff min/max = 0.020504129753393583 0.22815736602811046
lm min/max = 0.011313414379443306 0.10585316767079356

===== Linear candidate local_id=007, RE=3000, CG=2 =====
raw = -0.9*eta_h + -5*eta_y + -0.08
raw min/max = -5.090182724428476 -0.13820764849926687
C_eff min/max = 0.02050465632378138 0.27171134111943795
lm min/max = 0.013473082404447728 0.10585588610577326
Running case in: /homes/aiskhak/projects/GP/runs/3000/1/cand_006 with fv_app_run.sh
Running case in: /homes/aiskhak/projects/GP/runs/3000/1/cand_005 with fv_app_run.sh
Running case in: /homes/aiskhak/projects/GP/runs/3000/1/cand_007 with fv_app_run.sh
Running case in: /homes/aiskhak/projects/GP/runs/3000/2/cand_007 with fv_app_run.sh
Running case in: /homes/aiskhak/projects/GP/runs/3000/2/cand_005 with fv_app_run.sh
Running case in: /homes/aiskhak/projects/GP/runs/3000/2/cand_004 with fv_app_run.sh
Running case in: /homes/aiskhak/projects/GP/runs/3000/2/cand_006 with fv_app_run.sh
Return code = 0
Elapsed: 15.08 sec
has_err = False
has_conv = True
has_ss = False
has_fin = True
Using VPP file: /homes/aiskhak/projects/GP/runs/3000/1/cand_004/tamu_2d_fv_gp_csv_vpp_0002.csv
VPP columns: ('id', 'u', 'v', 'x', 'y', 'z')
coordinate check: max |r_res-r_cg| = 5.000444502911705e-12
coordinate check: max |z_res-z_cg| = 5.000444502911705e-12
Return code = 0
Elapsed: 15.43 sec
has_err = False
has_conv = True
has_ss = False
has_fin = True
Using VPP file: /homes/aiskhak/projects/GP/runs/3000/1/cand_000/tamu_2d_fv_gp_csv_vpp_0002.csv
Return code = 0
Elapsed: 15.49 sec
has_err = False
has_conv = True
has_ss = False
has_fin = True
Using VPP file: /homes/aiskhak/projects/GP/runs/3000/1/cand_001/tamu_2d_fv_gp_csv_vpp_0002.csv
Return code = 0
Elapsed: 15.33 sec
VPP columns: ('id', 'u', 'v', 'x', 'y', 'z')
has_err = False
has_conv = True
has_ss = False
has_fin = True
coordinate check: max |r_res-r_cg| = 5.000444502911705e-12
coordinate check: max |z_res-z_cg| = 5.000444502911705e-12
Return code = 0
Elapsed: 15.57 sec
has_err = False
has_conv = True
has_ss = False
has_fin = True
Using VPP file: /homes/aiskhak/projects/GP/runs/3000/1/cand_006/tamu_2d_fv_gp_csv_vpp_0002.csv
Using VPP file: /homes/aiskhak/projects/GP/runs/3000/1/cand_002/tamu_2d_fv_gp_csv_vpp_0002.csv
VPP columns: ('id', 'u', 'v', 'x', 'y', 'z')
coordinate check: max |r_res-r_cg| = 5.000444502911705e-12
coordinate check: max |z_res-z_cg| = 5.000444502911705e-12
VPP columns: ('id', 'u', 'v', 'x', 'y', 'z')
coordinate check: max |r_res-r_cg| = 5.000444502911705e-12
coordinate check: max |z_res-z_cg| = 5.000444502911705e-12
Return code = 0
Elapsed: 15.39 sec
has_err = False
has_conv = True
has_ss = False
has_fin = True
Using VPP file: /homes/aiskhak/projects/GP/runs/3000/1/cand_005/tamu_2d_fv_gp_csv_vpp_0002.csv
VPP columns: ('id', 'u', 'v', 'x', 'y', 'z')
coordinate check: max |r_res-r_cg| = 5.000444502911705e-12
coordinate check: max |z_res-z_cg| = 5.000444502911705e-12
VPP columns: ('id', 'u', 'v', 'x', 'y', 'z')
coordinate check: max |r_res-r_cg| = 5.000444502911705e-12
coordinate check: max |z_res-z_cg| = 5.000444502911705e-12
Return code = 0
Elapsed: 15.53 sec
has_err = False
has_conv = True
has_ss = False
has_fin = True
Using VPP file: /homes/aiskhak/projects/GP/runs/3000/1/cand_007/tamu_2d_fv_gp_csv_vpp_0002.csv
Return code = 0
Elapsed: 15.79 sec
has_err = False
has_conv = True
has_ss = False
has_fin = True
Using VPP file: /homes/aiskhak/projects/GP/runs/3000/1/cand_003/tamu_2d_fv_gp_csv_vpp_0002.csv
VPP columns: ('id', 'u', 'v', 'x', 'y', 'z')
coordinate check: max |r_res-r_cg| = 5.000444502911705e-12
coordinate check: max |z_res-z_cg| = 5.000444502911705e-12
VPP columns: ('id', 'u', 'v', 'x', 'y', 'z')
coordinate check: max |r_res-r_cg| = 5.000444502911705e-12
coordinate check: max |z_res-z_cg| = 5.000444502911705e-12
Return code = 0
Elapsed: 18.36 sec
has_err = False
has_conv = True
has_ss = False
has_fin = True
Return code = 0
Elapsed: 18.44 sec
has_err = False
has_conv = True
has_ss = False
has_fin = True
Using VPP file: /homes/aiskhak/projects/GP/runs/3000/2/cand_003/tamu_2d_fv_gp_csv_vpp_0002.csv
Using VPP file: /homes/aiskhak/projects/GP/runs/3000/2/cand_000/tamu_2d_fv_gp_csv_vpp_0002.csv
Return code = 0
Elapsed: 18.39 sec
has_err = False
has_conv = True
has_ss = False
has_fin = True
Return code = 0
Elapsed: 18.19 sec
has_err = False
has_conv = True
has_ss = False
has_fin = True
Using VPP file: /homes/aiskhak/projects/GP/runs/3000/2/cand_002/tamu_2d_fv_gp_csv_vpp_0002.csv
Using VPP file: /homes/aiskhak/projects/GP/runs/3000/2/cand_007/tamu_2d_fv_gp_csv_vpp_0002.csv
VPP columns: ('id', 'u', 'v', 'x', 'y', 'z')
coordinate check: max |r_res-r_cg| = 5.000444502911705e-12
coordinate check: max |z_res-z_cg| = 5.000444502911705e-12
Return code = 0
Elapsed: 18.17 sec
has_err = False
has_conv = True
has_ss = False
has_fin = True
Using VPP file: /homes/aiskhak/projects/GP/runs/3000/2/cand_004/tamu_2d_fv_gp_csv_vpp_0002.csv
VPP columns: ('id', 'u', 'v', 'x', 'y', 'z')
coordinate check: max |r_res-r_cg| = 5.000444502911705e-12
coordinate check: max |z_res-z_cg| = 5.000444502911705e-12
Return code = 0
Elapsed: 18.69 sec
VPP columns: ('id', 'u', 'v', 'x', 'y', 'z')
has_err = False
has_conv = True
has_ss = False
has_fin = True
coordinate check: max |r_res-r_cg| = 5.000444502911705e-12
coordinate check: max |z_res-z_cg| = 5.000444502911705e-12
VPP columns: ('id', 'u', 'v', 'x', 'y', 'z')
coordinate check: max |r_res-r_cg| = 5.000444502911705e-12
coordinate check: max |z_res-z_cg| = 5.000444502911705e-12
Using VPP file: /homes/aiskhak/projects/GP/runs/3000/2/cand_001/tamu_2d_fv_gp_csv_vpp_0002.csv
VPP columns: ('id', 'u', 'v', 'x', 'y', 'z')
coordinate check: max |r_res-r_cg| = 5.000444502911705e-12
coordinate check: max |z_res-z_cg| = 5.000444502911705e-12
Return code = 0
Elapsed: 18.43 sec
has_err = False
has_conv = True
has_ss = False
has_fin = True
Using VPP file: /homes/aiskhak/projects/GP/runs/3000/2/cand_005/tamu_2d_fv_gp_csv_vpp_0002.csv
Return code = 0
Elapsed: 18.4 sec
has_err = False
has_conv = True
has_ss = False
has_fin = True
Using VPP file: /homes/aiskhak/projects/GP/runs/3000/2/cand_006/tamu_2d_fv_gp_csv_vpp_0002.csv
VPP columns: ('id', 'u', 'v', 'x', 'y', 'z')
coordinate check: max |r_res-r_cg| = 5.000444502911705e-12
coordinate check: max |z_res-z_cg| = 5.000444502911705e-12
VPP columns: ('id', 'u', 'v', 'x', 'y', 'z')
coordinate check: max |r_res-r_cg| = 5.000444502911705e-12
coordinate check: max |z_res-z_cg| = 5.000444502911705e-12
VPP columns: ('id', 'u', 'v', 'x', 'y', 'z')
coordinate check: max |r_res-r_cg| = 5.000444502911705e-12
coordinate check: max |z_res-z_cg| = 5.000444502911705e-12

===== LIVE CHECKPOINT =====
Chunk 1, stage refine_train, candidate batch starting 32, case batch 1/18
Completed result rows: 784
Current best partial candidates:
  n_cases= 24, mean=0.44551393, raw = -1.1*eta_h + -4.8*eta_y + -0.12
  n_cases= 24, mean=0.44567944, raw = -1*eta_h + -4.8*eta_y + -0.12
  n_cases= 24, mean=0.44578409, raw = -1.1*eta_h + -4.8*eta_y + -0.14
  n_cases= 24, mean=0.44590633, raw = -1*eta_h + -4.8*eta_y + -0.14
  n_cases= 24, mean=0.44693273, raw = -1.1*eta_h + -4.8*eta_y + -0.16
Checkpoint details: /homes/aiskhak/projects/GP/linear_results_linear_refine_best_screen_C1etaH_C2etaY_C3_CeffMin005_chunk1/linear_refine_best_screen_C1etaH_C2etaY_C3_CeffMin005_chunk1_refine_train_details_checkpoint.csv
Checkpoint summary: /homes/aiskhak/projects/GP/linear_results_linear_refine_best_screen_C1etaH_C2etaY_C3_CeffMin005_chunk1/linear_refine_best_screen_C1etaH_C2etaY_C3_CeffMin005_chunk1_refine_train_summary_checkpoint.csv
===========================


===== Stage refine_train, candidate batch starting 32, case batch 2/18 =====
Running 8 tasks with 64 MPI ranks

===== Linear candidate local_id=000, RE=3000, CG=3 =====
raw = -0.9*eta_h + -5.2*eta_y + -0.14
raw min/max = -5.3450887849963715 -0.17015286649129294
C_eff min/max = 0.020502796542725382 0.24746958226086996
lm min/max = 0.006161274616764032 0.10590425094838403

===== Linear candidate local_id=001, RE=3000, CG=3 =====
raw = -0.9*eta_h + -5.2*eta_y + -0.12

===== Linear candidate local_id=002, RE=3000, CG=3 =====
raw = -0.9*eta_h + -5.2*eta_y + -0.08
raw min/max = -5.325088784996372 -0.15015286649129292
C_eff min/max = 0.020502910677196354 0.2623526716822204
lm min/max = 0.00653182036316664 0.10590484049360195
raw min/max = -5.285088784996372 -0.11015286649129293
C_eff min/max = 0.02050315311138421 0.29515388721428587
lm min/max = 0.007348475464009217 0.10590609275258114

===== Linear candidate local_id=003, RE=3000, CG=3 =====
raw = -0.9*eta_h + -5*eta_y + -0.2
raw min/max = -5.205088784996372 -0.22918886335687289
C_eff min/max = 0.020503700243377693 0.20879292209031775
lm min/max = 0.005198337990803955 0.10590891888431488

===== Linear candidate local_id=004, RE=3000, CG=3 =====
raw = -0.9*eta_h + -5*eta_y + -0.16
raw min/max = -5.165088784996372 -0.18918886335687288
C_eff min/max = 0.020504008445868815 0.23417400355222395
lm min/max = 0.005830253281275554 0.105910510860019

===== Linear candidate local_id=005, RE=3000, CG=3 =====
raw = -0.9*eta_h + -5*eta_y + -0.14
raw min/max = -5.145088784996371 -0.1691888633568729
C_eff min/max = 0.020504172044736507 0.24816503839351453
lm min/max = 0.006178589456745533 0.10591135590647414

===== Linear candidate local_id=006, RE=3000, CG=3 =====
raw = -0.9*eta_h + -5*eta_y + -0.12
raw min/max = -5.125088784996372 -0.14918886335687287
C_eff min/max = 0.020504342321124178 0.2630946438644367
lm min/max = 0.006550293317825833 0.10591223544469971

===== Linear candidate local_id=007, RE=3000, CG=3 =====
raw = -0.9*eta_h + -5*eta_y + -0.08
raw min/max = -5.085088784996372 -0.10918886335687288
C_eff min/max = 0.02050470400795732 0.29599729296324445
lm min/max = 0.0073694738201918915 0.10591410368609118
Running case in: /homes/aiskhak/projects/GP/runs/3000/3/cand_002 with fv_app_run.sh
Running case in: /homes/aiskhak/projects/GP/runs/3000/3/cand_000 with fv_app_run.sh
Running case in: /homes/aiskhak/projects/GP/runs/3000/3/cand_003 with fv_app_run.sh
Running case in: /homes/aiskhak/projects/GP/runs/3000/3/cand_001 with fv_app_run.sh
Running case in: /homes/aiskhak/projects/GP/runs/3000/3/cand_005 with fv_app_run.sh
Running case in: /homes/aiskhak/projects/GP/runs/3000/3/cand_004 with fv_app_run.sh
Running case in: /homes/aiskhak/projects/GP/runs/3000/3/cand_006 with fv_app_run.sh
Running case in: /homes/aiskhak/projects/GP/runs/3000/3/cand_007 with fv_app_run.sh
Return code = 0
Elapsed: 19.74 sec
has_err = False
has_conv = True
has_ss = False
has_fin = True
Using VPP file: /homes/aiskhak/projects/GP/runs/3000/3/cand_002/tamu_2d_fv_gp_csv_vpp_0002.csv
Return code = 0
Elapsed: 19.74 sec
has_err = False
has_conv = True
has_ss = False
has_fin = True
Using VPP file: /homes/aiskhak/projects/GP/runs/3000/3/cand_000/tamu_2d_fv_gp_csv_vpp_0002.csv
VPP columns: ('id', 'u', 'v', 'x', 'y', 'z')
coordinate check: max |r_res-r_cg| = 5.000444502911705e-12
coordinate check: max |z_res-z_cg| = 5.000444502911705e-12
VPP columns: ('id', 'u', 'v', 'x', 'y', 'z')
coordinate check: max |r_res-r_cg| = 5.000444502911705e-12
coordinate check: max |z_res-z_cg| = 5.000444502911705e-12
Return code = 0
Elapsed: 20.16 sec
has_err = False
has_conv = True
has_ss = False
has_fin = True
Using VPP file: /homes/aiskhak/projects/GP/runs/3000/3/cand_007/tamu_2d_fv_gp_csv_vpp_0002.csv
Return code = 0
Elapsed: 20.58 sec
has_err = False
has_conv = True
has_ss = False
has_fin = True
Using VPP file: /homes/aiskhak/projects/GP/runs/3000/3/cand_005/tamu_2d_fv_gp_csv_vpp_0002.csv
Return code = 0
Elapsed: 20.8 sec
has_err = False
has_conv = True
has_ss = False
has_fin = True
Using VPP file: /homes/aiskhak/projects/GP/runs/3000/3/cand_001/tamu_2d_fv_gp_csv_vpp_0002.csv
VPP columns: ('id', 'u', 'v', 'x', 'y', 'z')
coordinate check: max |r_res-r_cg| = 5.000444502911705e-12
coordinate check: max |z_res-z_cg| = 5.000444502911705e-12
VPP columns: ('id', 'u', 'v', 'x', 'y', 'z')
coordinate check: max |r_res-r_cg| = 5.000444502911705e-12
coordinate check: max |z_res-z_cg| = 5.000444502911705e-12
Return code = 0
Elapsed: 21.37 sec
has_err = False
has_conv = True
has_ss = False
has_fin = True
Using VPP file: /homes/aiskhak/projects/GP/runs/3000/3/cand_006/tamu_2d_fv_gp_csv_vpp_0002.csv
VPP columns: ('id', 'u', 'v', 'x', 'y', 'z')
coordinate check: max |r_res-r_cg| = 5.000444502911705e-12
coordinate check: max |z_res-z_cg| = 5.000444502911705e-12
VPP columns: ('id', 'u', 'v', 'x', 'y', 'z')
coordinate check: max |r_res-r_cg| = 5.000444502911705e-12
coordinate check: max |z_res-z_cg| = 5.000444502911705e-12
Return code = 0
Elapsed: 24.55 sec
has_err = False
has_conv = True
has_ss = False
has_fin = True
Using VPP file: /homes/aiskhak/projects/GP/runs/3000/3/cand_003/tamu_2d_fv_gp_csv_vpp_0002.csv
Return code = 0
Elapsed: 25.17 sec
has_err = False
has_conv = True
has_ss = False
has_fin = True
Using VPP file: /homes/aiskhak/projects/GP/runs/3000/3/cand_004/tamu_2d_fv_gp_csv_vpp_0002.csv
VPP columns: ('id', 'u', 'v', 'x', 'y', 'z')
coordinate check: max |r_res-r_cg| = 5.000444502911705e-12
coordinate check: max |z_res-z_cg| = 5.000444502911705e-12
VPP columns: ('id', 'u', 'v', 'x', 'y', 'z')
coordinate check: max |r_res-r_cg| = 5.000444502911705e-12
coordinate check: max |z_res-z_cg| = 5.000444502911705e-12

===== LIVE CHECKPOINT =====
Chunk 1, stage refine_train, candidate batch starting 32, case batch 2/18
Completed result rows: 792
Current best partial candidates:
  n_cases= 24, mean=0.44551393, raw = -1.1*eta_h + -4.8*eta_y + -0.12
  n_cases= 24, mean=0.44567944, raw = -1*eta_h + -4.8*eta_y + -0.12
  n_cases= 24, mean=0.44578409, raw = -1.1*eta_h + -4.8*eta_y + -0.14
  n_cases= 24, mean=0.44590633, raw = -1*eta_h + -4.8*eta_y + -0.14
  n_cases= 24, mean=0.44693273, raw = -1.1*eta_h + -4.8*eta_y + -0.16
Checkpoint details: /homes/aiskhak/projects/GP/linear_results_linear_refine_best_screen_C1etaH_C2etaY_C3_CeffMin005_chunk1/linear_refine_best_screen_C1etaH_C2etaY_C3_CeffMin005_chunk1_refine_train_details_checkpoint.csv
Checkpoint summary: /homes/aiskhak/projects/GP/linear_results_linear_refine_best_screen_C1etaH_C2etaY_C3_CeffMin005_chunk1/linear_refine_best_screen_C1etaH_C2etaY_C3_CeffMin005_chunk1_refine_train_summary_checkpoint.csv
===========================


===== Stage refine_train, candidate batch starting 32, case batch 3/18 =====
Running 8 tasks with 96 MPI ranks

===== Linear candidate local_id=000, RE=3000, CG=4 =====
raw = -0.9*eta_h + -5.2*eta_y + -0.14

===== Linear candidate local_id=001, RE=3000, CG=4 =====
raw = -0.9*eta_h + -5.2*eta_y + -0.12
raw min/max = -5.322538538352326 -0.13506742565350924
raw min/max = -5.342538538352326 -0.15506742565350926
C_eff min/max = 0.020502925561718458 0.27423188601611154
C_eff min/max = 0.020502810843563854 0.25860573220192534
lm min/max = 0.003420864333248433 0.10615111892035156
lm min/max = 0.0032259382324752246 0.10615052498265057

===== Linear candidate local_id=002, RE=3000, CG=4 =====
raw = -0.9*eta_h + -5.2*eta_y + -0.08
raw min/max = -5.282538538352326 -0.09506742565350924
C_eff min/max = 0.02050316923572185 0.30865232872098447
lm min/max = 0.0038502369583442732 0.10615238050948594

===== Linear candidate local_id=003, RE=3000, CG=4 =====
raw = -0.9*eta_h + -5*eta_y + -0.2
raw min/max = -5.202538538352326 -0.2145855453726945
C_eff min/max = 0.020503719165800436 0.2176753774280131
lm min/max = 0.002715358690368094 0.10615522769795152

===== Linear candidate local_id=004, RE=3000, CG=4 =====
raw = -0.9*eta_h + -5*eta_y + -0.16
raw min/max = -5.162538538352326 -0.1745855453726945
C_eff min/max = 0.02050402894449046 0.24429962106995123
lm min/max = 0.0030474788052006615 0.10615683153514366

===== Linear candidate local_id=005, RE=3000, CG=4 =====
raw = -0.9*eta_h + -5*eta_y + -0.14

===== Linear candidate local_id=006, RE=3000, CG=4 =====
raw = -0.9*eta_h + -5*eta_y + -0.12
raw min/max = -5.122538538352326 -0.1345855453726945
raw min/max = -5.142538538352325 -0.1545855453726945
C_eff min/max = 0.020504193380036458 0.2589705005561195
lm min/max = 0.0032304884803362162 0.10615768287790182
C_eff min/max = 0.02050436452725741 0.27462092855577536
lm min/max = 0.003425717385777759 0.1061585689694476

===== Linear candidate local_id=007, RE=3000, CG=4 =====
raw = -0.9*eta_h + -5*eta_y + -0.08
raw min/max = -5.082538538352326 -0.09458554537269448
C_eff min/max = 0.020504728063857683 0.30909422774641304
lm min/max = 0.0038557493611393917 0.10616045113093579
Running case in: /homes/aiskhak/projects/GP/runs/3000/4/cand_000 with fv_app_run.sh
Running case in: /homes/aiskhak/projects/GP/runs/3000/4/cand_003 with fv_app_run.sh
Running case in: /homes/aiskhak/projects/GP/runs/3000/4/cand_002 with fv_app_run.sh
Running case in: /homes/aiskhak/projects/GP/runs/3000/4/cand_004 with fv_app_run.sh
Running case in: /homes/aiskhak/projects/GP/runs/3000/4/cand_001 with fv_app_run.sh
Running case in: /homes/aiskhak/projects/GP/runs/3000/4/cand_005 with fv_app_run.sh
Running case in: /homes/aiskhak/projects/GP/runs/3000/4/cand_007 with fv_app_run.sh
Running case in: /homes/aiskhak/projects/GP/runs/3000/4/cand_006 with fv_app_run.sh
Return code = 0
Elapsed: 64.84 sec
has_err = False
has_conv = True
has_ss = False
has_fin = True
Using VPP file: /homes/aiskhak/projects/GP/runs/3000/4/cand_004/tamu_2d_fv_gp_csv_vpp_0002.csv
Return code = 0
Elapsed: 65.3 sec
has_err = False
has_conv = True
has_ss = False
has_fin = True
Using VPP file: /homes/aiskhak/projects/GP/runs/3000/4/cand_000/tamu_2d_fv_gp_csv_vpp_0002.csv
Return code = 0
Elapsed: 65.17 sec
has_err = False
has_conv = True
has_ss = False
has_fin = True
Using VPP file: /homes/aiskhak/projects/GP/runs/3000/4/cand_003/tamu_2d_fv_gp_csv_vpp_0002.csv
Return code = 0
Elapsed: 65.18 sec
has_err = False
has_conv = True
has_ss = False
has_fin = True
Using VPP file: /homes/aiskhak/projects/GP/runs/3000/4/cand_001/tamu_2d_fv_gp_csv_vpp_0002.csv
Return code = 0
Elapsed: 64.9 sec
has_err = False
has_conv = True
has_ss = False
has_fin = True
Using VPP file: /homes/aiskhak/projects/GP/runs/3000/4/cand_006/tamu_2d_fv_gp_csv_vpp_0002.csv
Return code = 0
Elapsed: 66.38 sec
has_err = False
has_conv = True
has_ss = False
has_fin = True
Using VPP file: /homes/aiskhak/projects/GP/runs/3000/4/cand_005/tamu_2d_fv_gp_csv_vpp_0002.csv
VPP columns: ('id', 'u', 'v', 'x', 'y', 'z')
coordinate check: max |r_res-r_cg| = 5.000444502911705e-12
coordinate check: max |z_res-z_cg| = 5.000444502911705e-12
VPP columns: ('id', 'u', 'v', 'x', 'y', 'z')
coordinate check: max |r_res-r_cg| = 5.000444502911705e-12
coordinate check: max |z_res-z_cg| = 5.000444502911705e-12
VPP columns: ('id', 'u', 'v', 'x', 'y', 'z')
coordinate check: max |r_res-r_cg| = 5.000444502911705e-12
coordinate check: max |z_res-z_cg| = 5.000444502911705e-12
Return code = 0
Elapsed: 68.35 sec
has_err = False
has_conv = True
has_ss = False
has_fin = True
Using VPP file: /homes/aiskhak/projects/GP/runs/3000/4/cand_007/tamu_2d_fv_gp_csv_vpp_0002.csv
Return code = 0
Elapsed: 69.96 sec
has_err = False
has_conv = True
has_ss = False
has_fin = True
Using VPP file: /homes/aiskhak/projects/GP/runs/3000/4/cand_002/tamu_2d_fv_gp_csv_vpp_0002.csv
VPP columns: ('id', 'u', 'v', 'x', 'y', 'z')
coordinate check: max |r_res-r_cg| = 5.000444502911705e-12
coordinate check: max |z_res-z_cg| = 5.000444502911705e-12
VPP columns: ('id', 'u', 'v', 'x', 'y', 'z')
coordinate check: max |r_res-r_cg| = 5.000444502911705e-12
coordinate check: max |z_res-z_cg| = 5.000444502911705e-12
VPP columns: ('id', 'u', 'v', 'x', 'y', 'z')
coordinate check: max |r_res-r_cg| = 5.000444502911705e-12
coordinate check: max |z_res-z_cg| = 5.000444502911705e-12
VPP columns: ('id', 'u', 'v', 'x', 'y', 'z')
coordinate check: max |r_res-r_cg| = 5.000444502911705e-12
coordinate check: max |z_res-z_cg| = 5.000444502911705e-12
VPP columns: ('id', 'u', 'v', 'x', 'y', 'z')
coordinate check: max |r_res-r_cg| = 5.000444502911705e-12
coordinate check: max |z_res-z_cg| = 5.000444502911705e-12

===== LIVE CHECKPOINT =====
Chunk 1, stage refine_train, candidate batch starting 32, case batch 3/18
Completed result rows: 800
Current best partial candidates:
  n_cases= 24, mean=0.44551393, raw = -1.1*eta_h + -4.8*eta_y + -0.12
  n_cases= 24, mean=0.44567944, raw = -1*eta_h + -4.8*eta_y + -0.12
  n_cases= 24, mean=0.44578409, raw = -1.1*eta_h + -4.8*eta_y + -0.14
  n_cases= 24, mean=0.44590633, raw = -1*eta_h + -4.8*eta_y + -0.14
  n_cases= 24, mean=0.44693273, raw = -1.1*eta_h + -4.8*eta_y + -0.16
Checkpoint details: /homes/aiskhak/projects/GP/linear_results_linear_refine_best_screen_C1etaH_C2etaY_C3_CeffMin005_chunk1/linear_refine_best_screen_C1etaH_C2etaY_C3_CeffMin005_chunk1_refine_train_details_checkpoint.csv
Checkpoint summary: /homes/aiskhak/projects/GP/linear_results_linear_refine_best_screen_C1etaH_C2etaY_C3_CeffMin005_chunk1/linear_refine_best_screen_C1etaH_C2etaY_C3_CeffMin005_chunk1_refine_train_summary_checkpoint.csv
===========================


===== Stage refine_train, candidate batch starting 32, case batch 4/18 =====
Running 16 tasks with 64 MPI ranks

===== Linear candidate local_id=000, RE=3413, CG=1 =====
raw = -0.9*eta_h + -5.2*eta_y + -0.14
raw min/max = -5.360495276380439 -0.26006972143286555
C_eff min/max = 0.020502711683207504 0.1913607650906751
lm min/max = 0.018815558130771834 0.10527638417244405

===== Linear candidate local_id=000, RE=3413, CG=2 =====
raw = -0.9*eta_h + -5.2*eta_y + -0.14
raw min/max = -5.350182724428476 -0.20012864546209855
C_eff min/max = 0.020502768195250952 0.22689859020599348
lm min/max = 0.011250996703720845 0.10584613858718461

===== Linear candidate local_id=001, RE=3413, CG=1 =====
raw = -0.9*eta_h + -5.2*eta_y + -0.12
raw min/max = -5.340495276380439 -0.24006972143286556
C_eff min/max = 0.02050282235417328 0.20244690657136669
lm min/max = 0.019905603623519907 0.10527695244064632

===== Linear candidate local_id=001, RE=3413, CG=2 =====
raw = -0.9*eta_h + -5.2*eta_y + -0.12
raw min/max = -5.330182724428476 -0.18012864546209853
C_eff min/max = 0.020502881172730688 0.2403993259228375
lm min/max = 0.01192044437596119 0.10584672183671771
Running case in: /homes/aiskhak/projects/GP/runs/3413/1/cand_000 with fv_app_run.sh
Running case in: /homes/aiskhak/projects/GP/runs/3413/1/cand_001 with fv_app_run.sh
Running case in: /homes/aiskhak/projects/GP/runs/3413/2/cand_000 with fv_app_run.sh
Running case in: /homes/aiskhak/projects/GP/runs/3413/2/cand_001 with fv_app_run.sh

===== Linear candidate local_id=002, RE=3413, CG=1 =====
raw = -0.9*eta_h + -5.2*eta_y + -0.08
raw min/max = -5.300495276380439 -0.20006972143286555
C_eff min/max = 0.020503057431453288 0.2269370839250902
lm min/max = 0.022313601707210425 0.10527815950468851

===== Linear candidate local_id=002, RE=3413, CG=2 =====
raw = -0.9*eta_h + -5.2*eta_y + -0.08

===== Linear candidate local_id=003, RE=3413, CG=1 =====
raw = -0.9*eta_h + -5*eta_y + -0.2
raw min/max = -5.290182724428476 -0.14012864546209852
C_eff min/max = 0.020503121149327615 0.2701819173172185
lm min/max = 0.013397244374155248 0.10584796072289612
raw min/max = -5.220495276380439 -0.31623993508469533
C_eff min/max = 0.020503587959972848 0.16388323781834768
lm min/max = 0.016113828696123277 0.10528088363821302

===== Linear candidate local_id=003, RE=3413, CG=2 =====
raw = -0.9*eta_h + -5*eta_y + -0.2
raw min/max = -5.210182724428476 -0.2582076484992669
C_eff min/max = 0.020503662734893412 0.19236224677688202
lm min/max = 0.009538477089884829 0.10585075667417003

===== Linear candidate local_id=004, RE=3413, CG=1 =====
raw = -0.9*eta_h + -5*eta_y + -0.16

===== Linear candidate local_id=005, RE=3413, CG=1 =====
raw = -0.9*eta_h + -5*eta_y + -0.14

===== Linear candidate local_id=005, RE=3413, CG=2 =====
raw = -0.9*eta_h + -5*eta_y + -0.14
raw min/max = -5.160495276380439 -0.25623993508469534
C_eff min/max = 0.020504045443639853 0.19342727410353566
lm min/max = 0.019018747747205574 0.10528323270437677
raw min/max = -5.1501827244284755 -0.1982076484992669
C_eff min/max = 0.020504129753393583 0.22815736602811046
lm min/max = 0.011313414379443306 0.10585316767079356
Running case in: /homes/aiskhak/projects/GP/runs/3413/1/cand_003 with fv_app_run.sh

===== Linear candidate local_id=006, RE=3413, CG=1 =====
raw = -0.9*eta_h + -5*eta_y + -0.12
raw min/max = -5.140495276380439 -0.23623993508469532
C_eff min/max = 0.020504210552620843 0.20465462036082116
lm min/max = 0.020122677207657723 0.10528408049840429

===== Linear candidate local_id=004, RE=3413, CG=2 =====
raw = -0.9*eta_h + -5*eta_y + -0.16

===== Linear candidate local_id=006, RE=3413, CG=2 =====
raw = -0.9*eta_h + -5*eta_y + -0.12
raw min/max = -5.180495276380439 -0.27623993508469535
C_eff min/max = 0.02050388680950889 0.18291882726240966
lm min/max = 0.017985504112808304 0.10528241815711238
raw min/max = -5.170182724428476 -0.21820764849926688
C_eff min/max = 0.020503967813008044 0.21543229493725474
lm min/max = 0.01068242882431997 0.10585233164883168
raw min/max = -5.130182724428476 -0.17820764849926687
C_eff min/max = 0.020504298303596534 0.24174303824737742
lm min/max = 0.01198707371429433 0.10585403781613055

===== Linear candidate local_id=007, RE=3413, CG=1 =====
raw = -0.9*eta_h + -5*eta_y + -0.08

===== Linear candidate local_id=007, RE=3413, CG=2 =====
raw = -0.9*eta_h + -5*eta_y + -0.08
raw min/max = -5.090182724428476 -0.13820764849926687
C_eff min/max = 0.02050465632378138 0.27171134111943795
lm min/max = 0.013473082404447728 0.10585588610577326
raw min/max = -5.100495276380439 -0.19623993508469534
C_eff min/max = 0.0205045612631898 0.2294549839615727
lm min/max = 0.022561174371760865 0.10528588131095833
Running case in: /homes/aiskhak/projects/GP/runs/3413/1/cand_002 with fv_app_run.sh
Running case in: /homes/aiskhak/projects/GP/runs/3413/1/cand_004 with fv_app_run.sh
Running case in: /homes/aiskhak/projects/GP/runs/3413/2/cand_002 with fv_app_run.sh
Running case in: /homes/aiskhak/projects/GP/runs/3413/1/cand_006 with fv_app_run.sh
Running case in: /homes/aiskhak/projects/GP/runs/3413/1/cand_005 with fv_app_run.sh
Running case in: /homes/aiskhak/projects/GP/runs/3413/2/cand_003 with fv_app_run.sh
Running case in: /homes/aiskhak/projects/GP/runs/3413/2/cand_006 with fv_app_run.sh
Running case in: /homes/aiskhak/projects/GP/runs/3413/1/cand_007 with fv_app_run.sh
Running case in: /homes/aiskhak/projects/GP/runs/3413/2/cand_005 with fv_app_run.sh
Running case in: /homes/aiskhak/projects/GP/runs/3413/2/cand_004 with fv_app_run.sh
Running case in: /homes/aiskhak/projects/GP/runs/3413/2/cand_007 with fv_app_run.sh
Return code = 0
Elapsed: 6.95 sec
has_err = False
has_conv = True
has_ss = False
has_fin = True
Using VPP file: /homes/aiskhak/projects/GP/runs/3413/1/cand_001/tamu_2d_fv_gp_csv_vpp_0002.csv
VPP columns: ('id', 'u', 'v', 'x', 'y', 'z')
coordinate check: max |r_res-r_cg| = 5.000444502911705e-12
coordinate check: max |z_res-z_cg| = 5.000444502911705e-12
Return code = 0
Elapsed: 9.89 sec
has_err = False
has_conv = True
has_ss = False
has_fin = True
Using VPP file: /homes/aiskhak/projects/GP/runs/3413/2/cand_000/tamu_2d_fv_gp_csv_vpp_0002.csv
VPP columns: ('id', 'u', 'v', 'x', 'y', 'z')
coordinate check: max |r_res-r_cg| = 5.000444502911705e-12
coordinate check: max |z_res-z_cg| = 5.000444502911705e-12
Return code = 0
Elapsed: 10.94 sec
has_err = False
has_conv = True
has_ss = False
has_fin = True
Using VPP file: /homes/aiskhak/projects/GP/runs/3413/1/cand_002/tamu_2d_fv_gp_csv_vpp_0002.csv
VPP columns: ('id', 'u', 'v', 'x', 'y', 'z')
coordinate check: max |r_res-r_cg| = 5.000444502911705e-12
coordinate check: max |z_res-z_cg| = 5.000444502911705e-12
Return code = 0
Elapsed: 11.2 sec
has_err = False
has_conv = True
has_ss = False
has_fin = True
Using VPP file: /homes/aiskhak/projects/GP/runs/3413/2/cand_002/tamu_2d_fv_gp_csv_vpp_0002.csv
Return code = 0
Elapsed: 11.29 sec
has_err = False
has_conv = True
has_ss = False
has_fin = True
VPP columns: ('id', 'u', 'v', 'x', 'y', 'z')
coordinate check: max |r_res-r_cg| = 5.000444502911705e-12
coordinate check: max |z_res-z_cg| = 5.000444502911705e-12
Using VPP file: /homes/aiskhak/projects/GP/runs/3413/1/cand_006/tamu_2d_fv_gp_csv_vpp_0002.csv
Return code = 0
Elapsed: 11.26 sec
has_err = False
has_conv = True
has_ss = False
has_fin = True
Using VPP file: /homes/aiskhak/projects/GP/runs/3413/1/cand_007/tamu_2d_fv_gp_csv_vpp_0002.csv
VPP columns: ('id', 'u', 'v', 'x', 'y', 'z')
coordinate check: max |r_res-r_cg| = 5.000444502911705e-12
coordinate check: max |z_res-z_cg| = 5.000444502911705e-12
VPP columns: ('id', 'u', 'v', 'x', 'y', 'z')
coordinate check: max |r_res-r_cg| = 5.000444502911705e-12
coordinate check: max |z_res-z_cg| = 5.000444502911705e-12
Return code = 0
Elapsed: 11.49 sec
has_err = False
has_conv = True
has_ss = False
has_fin = True
Using VPP file: /homes/aiskhak/projects/GP/runs/3413/1/cand_005/tamu_2d_fv_gp_csv_vpp_0002.csv
Return code = 0
Elapsed: 11.91 sec
has_err = False
has_conv = True
has_ss = False
has_fin = True
Using VPP file: /homes/aiskhak/projects/GP/runs/3413/1/cand_000/tamu_2d_fv_gp_csv_vpp_0002.csv
Return code = 0
Elapsed: 11.88 sec
has_err = False
has_conv = True
has_ss = False
has_fin = True
Using VPP file: /homes/aiskhak/projects/GP/runs/3413/1/cand_003/tamu_2d_fv_gp_csv_vpp_0002.csv
Return code = 0
Elapsed: 11.75 sec
has_err = False
has_conv = True
has_ss = False
has_fin = True
Using VPP file: /homes/aiskhak/projects/GP/runs/3413/1/cand_004/tamu_2d_fv_gp_csv_vpp_0002.csv
VPP columns: ('id', 'u', 'v', 'x', 'y', 'z')
coordinate check: max |r_res-r_cg| = 5.000444502911705e-12
coordinate check: max |z_res-z_cg| = 5.000444502911705e-12
VPP columns: ('id', 'u', 'v', 'x', 'y', 'z')
coordinate check: max |r_res-r_cg| = 5.000444502911705e-12
coordinate check: max |z_res-z_cg| = 5.000444502911705e-12
VPP columns: ('id', 'u', 'v', 'x', 'y', 'z')
coordinate check: max |r_res-r_cg| = 5.000444502911705e-12
coordinate check: max |z_res-z_cg| = 5.000444502911705e-12
VPP columns: ('id', 'u', 'v', 'x', 'y', 'z')
coordinate check: max |r_res-r_cg| = 5.000444502911705e-12
coordinate check: max |z_res-z_cg| = 5.000444502911705e-12
Return code = 0
Elapsed: 14.48 sec
has_err = False
has_conv = True
has_ss = False
has_fin = True
Return code = 0
Return code = 0
Elapsed: 14.48 sec
Elapsed: 14.57 sec
Return code = 0
Elapsed: 14.32 sec
Return code = 0
Elapsed: 14.6 sec
has_err = False
has_conv = True
has_ss = False
has_fin = True
has_err = False
has_conv = True
has_ss = False
has_fin = True
has_err = False
has_conv = True
has_ss = False
has_fin = True
has_err = False
has_conv = True
has_ss = False
has_fin = True
Return code = 0
Elapsed: 14.88 sec
has_err = False
has_conv = True
has_ss = False
has_fin = True
Using VPP file: /homes/aiskhak/projects/GP/runs/3413/2/cand_004/tamu_2d_fv_gp_csv_vpp_0002.csv
Using VPP file: /homes/aiskhak/projects/GP/runs/3413/2/cand_003/tamu_2d_fv_gp_csv_vpp_0002.csv
Using VPP file: /homes/aiskhak/projects/GP/runs/3413/2/cand_001/tamu_2d_fv_gp_csv_vpp_0002.csv
Using VPP file: /homes/aiskhak/projects/GP/runs/3413/2/cand_006/tamu_2d_fv_gp_csv_vpp_0002.csv
Using VPP file: /homes/aiskhak/projects/GP/runs/3413/2/cand_005/tamu_2d_fv_gp_csv_vpp_0002.csv
Using VPP file: /homes/aiskhak/projects/GP/runs/3413/2/cand_007/tamu_2d_fv_gp_csv_vpp_0002.csv
VPP columns: ('id', 'u', 'v', 'x', 'y', 'z')
coordinate check: max |r_res-r_cg| = 5.000444502911705e-12
coordinate check: max |z_res-z_cg| = 5.000444502911705e-12
VPP columns: ('id', 'u', 'v', 'x', 'y', 'z')
coordinate check: max |r_res-r_cg| = 5.000444502911705e-12
coordinate check: max |z_res-z_cg| = 5.000444502911705e-12
VPP columns: ('id', 'u', 'v', 'x', 'y', 'z')
coordinate check: max |r_res-r_cg| = 5.000444502911705e-12
coordinate check: max |z_res-z_cg| = 5.000444502911705e-12
VPP columns: ('id', 'u', 'v', 'x', 'y', 'z')
coordinate check: max |r_res-r_cg| = 5.000444502911705e-12
coordinate check: max |z_res-z_cg| = 5.000444502911705e-12
VPP columns: ('id', 'u', 'v', 'x', 'y', 'z')
coordinate check: max |r_res-r_cg| = 5.000444502911705e-12
coordinate check: max |z_res-z_cg| = 5.000444502911705e-12
VPP columns: ('id', 'u', 'v', 'x', 'y', 'z')
coordinate check: max |r_res-r_cg| = 5.000444502911705e-12
coordinate check: max |z_res-z_cg| = 5.000444502911705e-12

===== LIVE CHECKPOINT =====
Chunk 1, stage refine_train, candidate batch starting 32, case batch 4/18
Completed result rows: 816
Current best partial candidates:
  n_cases= 24, mean=0.44551393, raw = -1.1*eta_h + -4.8*eta_y + -0.12
  n_cases= 24, mean=0.44567944, raw = -1*eta_h + -4.8*eta_y + -0.12
  n_cases= 24, mean=0.44578409, raw = -1.1*eta_h + -4.8*eta_y + -0.14
  n_cases= 24, mean=0.44590633, raw = -1*eta_h + -4.8*eta_y + -0.14
  n_cases= 24, mean=0.44693273, raw = -1.1*eta_h + -4.8*eta_y + -0.16
Checkpoint details: /homes/aiskhak/projects/GP/linear_results_linear_refine_best_screen_C1etaH_C2etaY_C3_CeffMin005_chunk1/linear_refine_best_screen_C1etaH_C2etaY_C3_CeffMin005_chunk1_refine_train_details_checkpoint.csv
Checkpoint summary: /homes/aiskhak/projects/GP/linear_results_linear_refine_best_screen_C1etaH_C2etaY_C3_CeffMin005_chunk1/linear_refine_best_screen_C1etaH_C2etaY_C3_CeffMin005_chunk1_refine_train_summary_checkpoint.csv
===========================


===== Stage refine_train, candidate batch starting 32, case batch 5/18 =====
Running 8 tasks with 64 MPI ranks

===== Linear candidate local_id=000, RE=3413, CG=3 =====
raw = -0.9*eta_h + -5.2*eta_y + -0.14
raw min/max = -5.3450887849963715 -0.17015286649129294
C_eff min/max = 0.020502796542725382 0.24746958226086996
lm min/max = 0.006161274616764032 0.10590425094838403

===== Linear candidate local_id=001, RE=3413, CG=3 =====
raw = -0.9*eta_h + -5.2*eta_y + -0.12
raw min/max = -5.325088784996372 -0.15015286649129292
C_eff min/max = 0.020502910677196354 0.2623526716822204
lm min/max = 0.00653182036316664 0.10590484049360195

===== Linear candidate local_id=002, RE=3413, CG=3 =====
raw = -0.9*eta_h + -5.2*eta_y + -0.08
raw min/max = -5.285088784996372 -0.11015286649129293
C_eff min/max = 0.02050315311138421 0.29515388721428587
lm min/max = 0.007348475464009217 0.10590609275258114

===== Linear candidate local_id=003, RE=3413, CG=3 =====
raw = -0.9*eta_h + -5*eta_y + -0.2
raw min/max = -5.205088784996372 -0.22918886335687289
C_eff min/max = 0.020503700243377693 0.20879292209031775
lm min/max = 0.005198337990803955 0.10590891888431488

===== Linear candidate local_id=004, RE=3413, CG=3 =====
raw = -0.9*eta_h + -5*eta_y + -0.16
raw min/max = -5.165088784996372 -0.18918886335687288
C_eff min/max = 0.020504008445868815 0.23417400355222395
lm min/max = 0.005830253281275554 0.105910510860019

===== Linear candidate local_id=005, RE=3413, CG=3 =====
raw = -0.9*eta_h + -5*eta_y + -0.14
raw min/max = -5.145088784996371 -0.1691888633568729
C_eff min/max = 0.020504172044736507 0.24816503839351453
lm min/max = 0.006178589456745533 0.10591135590647414

===== Linear candidate local_id=006, RE=3413, CG=3 =====
raw = -0.9*eta_h + -5*eta_y + -0.12
raw min/max = -5.125088784996372 -0.14918886335687287
C_eff min/max = 0.020504342321124178 0.2630946438644367
lm min/max = 0.006550293317825833 0.10591223544469971

===== Linear candidate local_id=007, RE=3413, CG=3 =====
raw = -0.9*eta_h + -5*eta_y + -0.08
raw min/max = -5.085088784996372 -0.10918886335687288
C_eff min/max = 0.02050470400795732 0.29599729296324445
lm min/max = 0.0073694738201918915 0.10591410368609118
Running case in: /homes/aiskhak/projects/GP/runs/3413/3/cand_000 with fv_app_run.sh
Running case in: /homes/aiskhak/projects/GP/runs/3413/3/cand_001 with fv_app_run.sh
Running case in: /homes/aiskhak/projects/GP/runs/3413/3/cand_003 with fv_app_run.sh
Running case in: /homes/aiskhak/projects/GP/runs/3413/3/cand_005 with fv_app_run.sh
Running case in: /homes/aiskhak/projects/GP/runs/3413/3/cand_002 with fv_app_run.sh
Running case in: /homes/aiskhak/projects/GP/runs/3413/3/cand_004 with fv_app_run.sh
Running case in: /homes/aiskhak/projects/GP/runs/3413/3/cand_007 with fv_app_run.sh
Running case in: /homes/aiskhak/projects/GP/runs/3413/3/cand_006 with fv_app_run.sh
Return code = 0
Elapsed: 18.29 sec
has_err = False
has_conv = True
has_ss = False
has_fin = True
Using VPP file: /homes/aiskhak/projects/GP/runs/3413/3/cand_003/tamu_2d_fv_gp_csv_vpp_0002.csv
VPP columns: ('id', 'u', 'v', 'x', 'y', 'z')
coordinate check: max |r_res-r_cg| = 5.000444502911705e-12
coordinate check: max |z_res-z_cg| = 5.000444502911705e-12
Return code = 0
Elapsed: 20.95 sec
has_err = False
has_conv = True
has_ss = False
has_fin = True
Using VPP file: /homes/aiskhak/projects/GP/runs/3413/3/cand_001/tamu_2d_fv_gp_csv_vpp_0002.csv
Return code = 0
Elapsed: 20.76 sec
has_err = False
has_conv = True
has_ss = False
has_fin = True
Using VPP file: /homes/aiskhak/projects/GP/runs/3413/3/cand_007/tamu_2d_fv_gp_csv_vpp_0002.csv
Return code = 0
Elapsed: 20.83 sec
has_err = False
has_conv = True
has_ss = False
has_fin = True
Using VPP file: /homes/aiskhak/projects/GP/runs/3413/3/cand_004/tamu_2d_fv_gp_csv_vpp_0002.csv
Return code = 0
Elapsed: 21.27 sec
has_err = False
has_conv = True
has_ss = False
has_fin = True
Using VPP file: /homes/aiskhak/projects/GP/runs/3413/3/cand_000/tamu_2d_fv_gp_csv_vpp_0002.csv
VPP columns: ('id', 'u', 'v', 'x', 'y', 'z')
coordinate check: max |r_res-r_cg| = 5.000444502911705e-12
coordinate check: max |z_res-z_cg| = 5.000444502911705e-12
VPP columns: ('id', 'u', 'v', 'x', 'y', 'z')
coordinate check: max |r_res-r_cg| = 5.000444502911705e-12
coordinate check: max |z_res-z_cg| = 5.000444502911705e-12
VPP columns: ('id', 'u', 'v', 'x', 'y', 'z')
coordinate check: max |r_res-r_cg| = 5.000444502911705e-12
coordinate check: max |z_res-z_cg| = 5.000444502911705e-12
VPP columns: ('id', 'u', 'v', 'x', 'y', 'z')
coordinate check: max |r_res-r_cg| = 5.000444502911705e-12
coordinate check: max |z_res-z_cg| = 5.000444502911705e-12
Return code = 0
Elapsed: 21.75 sec
has_err = False
has_conv = True
has_ss = False
has_fin = True
Using VPP file: /homes/aiskhak/projects/GP/runs/3413/3/cand_006/tamu_2d_fv_gp_csv_vpp_0002.csv
Return code = 0
Elapsed: 22.05 sec
has_err = False
has_conv = True
has_ss = False
has_fin = True
Using VPP file: /homes/aiskhak/projects/GP/runs/3413/3/cand_002/tamu_2d_fv_gp_csv_vpp_0002.csv
VPP columns: ('id', 'u', 'v', 'x', 'y', 'z')
coordinate check: max |r_res-r_cg| = 5.000444502911705e-12
coordinate check: max |z_res-z_cg| = 5.000444502911705e-12
VPP columns: ('id', 'u', 'v', 'x', 'y', 'z')
coordinate check: max |r_res-r_cg| = 5.000444502911705e-12
coordinate check: max |z_res-z_cg| = 5.000444502911705e-12
Return code = 0
Elapsed: 24.4 sec
has_err = False
has_conv = True
has_ss = False
has_fin = True
Using VPP file: /homes/aiskhak/projects/GP/runs/3413/3/cand_005/tamu_2d_fv_gp_csv_vpp_0002.csv
VPP columns: ('id', 'u', 'v', 'x', 'y', 'z')
coordinate check: max |r_res-r_cg| = 5.000444502911705e-12
coordinate check: max |z_res-z_cg| = 5.000444502911705e-12

===== LIVE CHECKPOINT =====
Chunk 1, stage refine_train, candidate batch starting 32, case batch 5/18
Completed result rows: 824
Current best partial candidates:
  n_cases= 24, mean=0.44551393, raw = -1.1*eta_h + -4.8*eta_y + -0.12
  n_cases= 24, mean=0.44567944, raw = -1*eta_h + -4.8*eta_y + -0.12
  n_cases= 24, mean=0.44578409, raw = -1.1*eta_h + -4.8*eta_y + -0.14
  n_cases= 24, mean=0.44590633, raw = -1*eta_h + -4.8*eta_y + -0.14
  n_cases= 24, mean=0.44693273, raw = -1.1*eta_h + -4.8*eta_y + -0.16
Checkpoint details: /homes/aiskhak/projects/GP/linear_results_linear_refine_best_screen_C1etaH_C2etaY_C3_CeffMin005_chunk1/linear_refine_best_screen_C1etaH_C2etaY_C3_CeffMin005_chunk1_refine_train_details_checkpoint.csv
Checkpoint summary: /homes/aiskhak/projects/GP/linear_results_linear_refine_best_screen_C1etaH_C2etaY_C3_CeffMin005_chunk1/linear_refine_best_screen_C1etaH_C2etaY_C3_CeffMin005_chunk1_refine_train_summary_checkpoint.csv
===========================


===== Stage refine_train, candidate batch starting 32, case batch 6/18 =====
Running 8 tasks with 96 MPI ranks

===== Linear candidate local_id=000, RE=3413, CG=4 =====
raw = -0.9*eta_h + -5.2*eta_y + -0.14
raw min/max = -5.342538538352326 -0.15506742565350926
C_eff min/max = 0.020502810843563854 0.25860573220192534
lm min/max = 0.0032259382324752246 0.10615052498265057

===== Linear candidate local_id=001, RE=3413, CG=4 =====
raw = -0.9*eta_h + -5.2*eta_y + -0.12
raw min/max = -5.322538538352326 -0.13506742565350924
C_eff min/max = 0.020502925561718458 0.27423188601611154
lm min/max = 0.003420864333248433 0.10615111892035156

===== Linear candidate local_id=002, RE=3413, CG=4 =====
raw = -0.9*eta_h + -5.2*eta_y + -0.08
raw min/max = -5.282538538352326 -0.09506742565350924
C_eff min/max = 0.02050316923572185 0.30865232872098447
lm min/max = 0.0038502369583442732 0.10615238050948594

===== Linear candidate local_id=003, RE=3413, CG=4 =====
raw = -0.9*eta_h + -5*eta_y + -0.2
raw min/max = -5.202538538352326 -0.2145855453726945
C_eff min/max = 0.020503719165800436 0.2176753774280131
lm min/max = 0.002715358690368094 0.10615522769795152

===== Linear candidate local_id=004, RE=3413, CG=4 =====
raw = -0.9*eta_h + -5*eta_y + -0.16
raw min/max = -5.162538538352326 -0.1745855453726945
C_eff min/max = 0.02050402894449046 0.24429962106995123
lm min/max = 0.0030474788052006615 0.10615683153514366

===== Linear candidate local_id=005, RE=3413, CG=4 =====
raw = -0.9*eta_h + -5*eta_y + -0.14
raw min/max = -5.142538538352325 -0.1545855453726945
C_eff min/max = 0.020504193380036458 0.2589705005561195
lm min/max = 0.0032304884803362162 0.10615768287790182

===== Linear candidate local_id=006, RE=3413, CG=4 =====
raw = -0.9*eta_h + -5*eta_y + -0.12
raw min/max = -5.122538538352326 -0.1345855453726945
C_eff min/max = 0.02050436452725741 0.27462092855577536
lm min/max = 0.003425717385777759 0.1061585689694476

===== Linear candidate local_id=007, RE=3413, CG=4 =====
raw = -0.9*eta_h + -5*eta_y + -0.08
raw min/max = -5.082538538352326 -0.09458554537269448
C_eff min/max = 0.020504728063857683 0.30909422774641304
lm min/max = 0.0038557493611393917 0.10616045113093579
Running case in: /homes/aiskhak/projects/GP/runs/3413/4/cand_000 with fv_app_run.sh
Running case in: /homes/aiskhak/projects/GP/runs/3413/4/cand_002 with fv_app_run.sh
Running case in: /homes/aiskhak/projects/GP/runs/3413/4/cand_001 with fv_app_run.sh
Running case in: /homes/aiskhak/projects/GP/runs/3413/4/cand_003 with fv_app_run.sh
Running case in: /homes/aiskhak/projects/GP/runs/3413/4/cand_004 with fv_app_run.sh
Running case in: /homes/aiskhak/projects/GP/runs/3413/4/cand_005 with fv_app_run.sh
Running case in: /homes/aiskhak/projects/GP/runs/3413/4/cand_007 with fv_app_run.sh
Running case in: /homes/aiskhak/projects/GP/runs/3413/4/cand_006 with fv_app_run.sh
Return code = 0
Elapsed: 59.06 sec
has_err = False
has_conv = True
has_ss = False
has_fin = True
Using VPP file: /homes/aiskhak/projects/GP/runs/3413/4/cand_000/tamu_2d_fv_gp_csv_vpp_0002.csv
VPP columns: ('id', 'u', 'v', 'x', 'y', 'z')
coordinate check: max |r_res-r_cg| = 5.000444502911705e-12
coordinate check: max |z_res-z_cg| = 5.000444502911705e-12
Return code = 0
Elapsed: 61.02 sec
has_err = False
has_conv = True
has_ss = False
has_fin = True
Using VPP file: /homes/aiskhak/projects/GP/runs/3413/4/cand_001/tamu_2d_fv_gp_csv_vpp_0002.csv
Return code = 0
Elapsed: 68.45 sec
has_err = False
has_conv = True
has_ss = False
has_fin = True
Return code = 0
Elapsed: 67.95 sec
has_err = False
has_conv = True
has_ss = False
has_fin = True
Using VPP file: /homes/aiskhak/projects/GP/runs/3413/4/cand_006/tamu_2d_fv_gp_csv_vpp_0002.csv
VPP columns: ('id', 'u', 'v', 'x', 'y', 'z')
coordinate check: max |r_res-r_cg| = 5.000444502911705e-12
coordinate check: max |z_res-z_cg| = 5.000444502911705e-12
VPP columns: ('id', 'u', 'v', 'x', 'y', 'z')
coordinate check: max |r_res-r_cg| = 5.000444502911705e-12
coordinate check: max |z_res-z_cg| = 5.000444502911705e-12
Using VPP file: /homes/aiskhak/projects/GP/runs/3413/4/cand_003/tamu_2d_fv_gp_csv_vpp_0002.csv
VPP columns: ('id', 'u', 'v', 'x', 'y', 'z')
coordinate check: max |r_res-r_cg| = 5.000444502911705e-12
coordinate check: max |z_res-z_cg| = 5.000444502911705e-12
Return code = 0
Elapsed: 73.1 sec
Return code = 0
Elapsed: 72.3 sec
has_err = False
has_conv = True
has_ss = False
has_fin = True
has_err = False
has_conv = True
has_ss = False
has_fin = True
Return code = 0
Elapsed: 72.53 sec
has_err = False
has_conv = True
has_ss = False
has_fin = True
Return code = 0
Elapsed: 72.23 sec
has_err = False
has_conv = True
has_ss = False
has_fin = True
Using VPP file: /homes/aiskhak/projects/GP/runs/3413/4/cand_002/tamu_2d_fv_gp_csv_vpp_0002.csv
Using VPP file: /homes/aiskhak/projects/GP/runs/3413/4/cand_005/tamu_2d_fv_gp_csv_vpp_0002.csv
Using VPP file: /homes/aiskhak/projects/GP/runs/3413/4/cand_004/tamu_2d_fv_gp_csv_vpp_0002.csv
Using VPP file: /homes/aiskhak/projects/GP/runs/3413/4/cand_007/tamu_2d_fv_gp_csv_vpp_0002.csv
VPP columns: ('id', 'u', 'v', 'x', 'y', 'z')
coordinate check: max |r_res-r_cg| = 5.000444502911705e-12
coordinate check: max |z_res-z_cg| = 5.000444502911705e-12
VPP columns: ('id', 'u', 'v', 'x', 'y', 'z')
coordinate check: max |r_res-r_cg| = 5.000444502911705e-12
coordinate check: max |z_res-z_cg| = 5.000444502911705e-12
VPP columns: ('id', 'u', 'v', 'x', 'y', 'z')
coordinate check: max |r_res-r_cg| = 5.000444502911705e-12
coordinate check: max |z_res-z_cg| = 5.000444502911705e-12
VPP columns: ('id', 'u', 'v', 'x', 'y', 'z')
coordinate check: max |r_res-r_cg| = 5.000444502911705e-12
coordinate check: max |z_res-z_cg| = 5.000444502911705e-12

===== LIVE CHECKPOINT =====
Chunk 1, stage refine_train, candidate batch starting 32, case batch 6/18
Completed result rows: 832
Current best partial candidates:
  n_cases= 24, mean=0.44551393, raw = -1.1*eta_h + -4.8*eta_y + -0.12
  n_cases= 24, mean=0.44567944, raw = -1*eta_h + -4.8*eta_y + -0.12
  n_cases= 24, mean=0.44578409, raw = -1.1*eta_h + -4.8*eta_y + -0.14
  n_cases= 24, mean=0.44590633, raw = -1*eta_h + -4.8*eta_y + -0.14
  n_cases= 24, mean=0.44693273, raw = -1.1*eta_h + -4.8*eta_y + -0.16
Checkpoint details: /homes/aiskhak/projects/GP/linear_results_linear_refine_best_screen_C1etaH_C2etaY_C3_CeffMin005_chunk1/linear_refine_best_screen_C1etaH_C2etaY_C3_CeffMin005_chunk1_refine_train_details_checkpoint.csv
Checkpoint summary: /homes/aiskhak/projects/GP/linear_results_linear_refine_best_screen_C1etaH_C2etaY_C3_CeffMin005_chunk1/linear_refine_best_screen_C1etaH_C2etaY_C3_CeffMin005_chunk1_refine_train_summary_checkpoint.csv
===========================


===== Stage refine_train, candidate batch starting 32, case batch 7/18 =====
Running 16 tasks with 64 MPI ranks

===== Linear candidate local_id=000, RE=7912, CG=1 =====
raw = -0.9*eta_h + -5.2*eta_y + -0.14
raw min/max = -5.360495276380439 -0.26006972143286555
C_eff min/max = 0.020502711683207504 0.1913607650906751
lm min/max = 0.018815558130771834 0.10527638417244405

===== Linear candidate local_id=000, RE=7912, CG=2 =====
raw = -0.9*eta_h + -5.2*eta_y + -0.14
raw min/max = -5.350182724428476 -0.20012864546209855
C_eff min/max = 0.020502768195250952 0.22689859020599348
lm min/max = 0.011250996703720845 0.10584613858718461

===== Linear candidate local_id=001, RE=7912, CG=1 =====
raw = -0.9*eta_h + -5.2*eta_y + -0.12
raw min/max = -5.340495276380439 -0.24006972143286556
C_eff min/max = 0.02050282235417328 0.20244690657136669
lm min/max = 0.019905603623519907 0.10527695244064632

===== Linear candidate local_id=001, RE=7912, CG=2 =====
raw = -0.9*eta_h + -5.2*eta_y + -0.12
raw min/max = -5.330182724428476 -0.18012864546209853
C_eff min/max = 0.020502881172730688 0.2403993259228375
lm min/max = 0.01192044437596119 0.10584672183671771

===== Linear candidate local_id=002, RE=7912, CG=1 =====
raw = -0.9*eta_h + -5.2*eta_y + -0.08
raw min/max = -5.300495276380439 -0.20006972143286555
C_eff min/max = 0.020503057431453288 0.2269370839250902
lm min/max = 0.022313601707210425 0.10527815950468851
Running case in: /homes/aiskhak/projects/GP/runs/7912/1/cand_000 with fv_app_run.sh

===== Linear candidate local_id=002, RE=7912, CG=2 =====
raw = -0.9*eta_h + -5.2*eta_y + -0.08
raw min/max = -5.290182724428476 -0.14012864546209852
C_eff min/max = 0.020503121149327615 0.2701819173172185
lm min/max = 0.013397244374155248 0.10584796072289612

===== Linear candidate local_id=003, RE=7912, CG=1 =====
raw = -0.9*eta_h + -5*eta_y + -0.2
raw min/max = -5.220495276380439 -0.31623993508469533
C_eff min/max = 0.020503587959972848 0.16388323781834768
lm min/max = 0.016113828696123277 0.10528088363821302
Running case in: /homes/aiskhak/projects/GP/runs/7912/1/cand_001 with fv_app_run.sh

===== Linear candidate local_id=004, RE=7912, CG=1 =====
raw = -0.9*eta_h + -5*eta_y + -0.16
raw min/max = -5.180495276380439 -0.27623993508469535
C_eff min/max = 0.02050388680950889 0.18291882726240966
lm min/max = 0.017985504112808304 0.10528241815711238

===== Linear candidate local_id=003, RE=7912, CG=2 =====
raw = -0.9*eta_h + -5*eta_y + -0.2
Running case in: /homes/aiskhak/projects/GP/runs/7912/1/cand_002 with fv_app_run.sh

===== Linear candidate local_id=004, RE=7912, CG=2 =====
raw = -0.9*eta_h + -5*eta_y + -0.16
raw min/max = -5.210182724428476 -0.2582076484992669
C_eff min/max = 0.020503662734893412 0.19236224677688202
lm min/max = 0.009538477089884829 0.10585075667417003
raw min/max = -5.170182724428476 -0.21820764849926688
C_eff min/max = 0.020503967813008044 0.21543229493725474
lm min/max = 0.01068242882431997 0.10585233164883168

===== Linear candidate local_id=005, RE=7912, CG=1 =====
raw = -0.9*eta_h + -5*eta_y + -0.14
raw min/max = -5.160495276380439 -0.25623993508469534
C_eff min/max = 0.020504045443639853 0.19342727410353566
lm min/max = 0.019018747747205574 0.10528323270437677
Running case in: /homes/aiskhak/projects/GP/runs/7912/1/cand_003 with fv_app_run.sh

===== Linear candidate local_id=006, RE=7912, CG=1 =====
raw = -0.9*eta_h + -5*eta_y + -0.12
Running case in: /homes/aiskhak/projects/GP/runs/7912/2/cand_000 with fv_app_run.sh
Running case in: /homes/aiskhak/projects/GP/runs/7912/2/cand_002 with fv_app_run.sh
raw min/max = -5.140495276380439 -0.23623993508469532
C_eff min/max = 0.020504210552620843 0.20465462036082116
lm min/max = 0.020122677207657723 0.10528408049840429

===== Linear candidate local_id=005, RE=7912, CG=2 =====
raw = -0.9*eta_h + -5*eta_y + -0.14

===== Linear candidate local_id=007, RE=7912, CG=1 =====
raw = -0.9*eta_h + -5*eta_y + -0.08
raw min/max = -5.1501827244284755 -0.1982076484992669
raw min/max = -5.100495276380439 -0.19623993508469534
C_eff min/max = 0.020504129753393583 0.22815736602811046
C_eff min/max = 0.0205045612631898 0.2294549839615727
lm min/max = 0.011313414379443306 0.10585316767079356
lm min/max = 0.022561174371760865 0.10528588131095833

===== Linear candidate local_id=006, RE=7912, CG=2 =====
raw = -0.9*eta_h + -5*eta_y + -0.12
raw min/max = -5.130182724428476 -0.17820764849926687
C_eff min/max = 0.020504298303596534 0.24174303824737742
lm min/max = 0.01198707371429433 0.10585403781613055

===== Linear candidate local_id=007, RE=7912, CG=2 =====
raw = -0.9*eta_h + -5*eta_y + -0.08
raw min/max = -5.090182724428476 -0.13820764849926687
C_eff min/max = 0.02050465632378138 0.27171134111943795
lm min/max = 0.013473082404447728 0.10585588610577326
Running case in: /homes/aiskhak/projects/GP/runs/7912/2/cand_001 with fv_app_run.sh
Running case in: /homes/aiskhak/projects/GP/runs/7912/1/cand_004 with fv_app_run.sh
Running case in: /homes/aiskhak/projects/GP/runs/7912/2/cand_005 with fv_app_run.sh
Running case in: /homes/aiskhak/projects/GP/runs/7912/1/cand_007 with fv_app_run.sh
Running case in: /homes/aiskhak/projects/GP/runs/7912/1/cand_005 with fv_app_run.sh
Running case in: /homes/aiskhak/projects/GP/runs/7912/1/cand_006 with fv_app_run.sh
Running case in: /homes/aiskhak/projects/GP/runs/7912/2/cand_004 with fv_app_run.sh
Running case in: /homes/aiskhak/projects/GP/runs/7912/2/cand_007 with fv_app_run.sh
Running case in: /homes/aiskhak/projects/GP/runs/7912/2/cand_006 with fv_app_run.sh
Running case in: /homes/aiskhak/projects/GP/runs/7912/2/cand_003 with fv_app_run.sh
Return code = 0
Elapsed: 14.42 sec
has_err = False
has_conv = True
has_ss = False
has_fin = True
Using VPP file: /homes/aiskhak/projects/GP/runs/7912/1/cand_002/tamu_2d_fv_gp_csv_vpp_0002.csv
VPP columns: ('id', 'u', 'v', 'x', 'y', 'z')
coordinate check: max |r_res-r_cg| = 5.000444502911705e-12
coordinate check: max |z_res-z_cg| = 5.000444502911705e-12
Return code = 0
Elapsed: 14.45 sec
has_err = False
has_conv = True
has_ss = False
has_fin = True
Using VPP file: /homes/aiskhak/projects/GP/runs/7912/2/cand_000/tamu_2d_fv_gp_csv_vpp_0002.csv
VPP columns: ('id', 'u', 'v', 'x', 'y', 'z')
coordinate check: max |r_res-r_cg| = 5.000444502911705e-12
coordinate check: max |z_res-z_cg| = 5.000444502911705e-12
Return code = 0
Elapsed: 15.33 sec
has_err = False
has_conv = True
has_ss = False
has_fin = True
Using VPP file: /homes/aiskhak/projects/GP/runs/7912/1/cand_007/tamu_2d_fv_gp_csv_vpp_0002.csv
VPP columns: ('id', 'u', 'v', 'x', 'y', 'z')
coordinate check: max |r_res-r_cg| = 5.000444502911705e-12
coordinate check: max |z_res-z_cg| = 5.000444502911705e-12
Return code = 0
Elapsed: 16.01 sec
has_err = False
has_conv = True
has_ss = False
has_fin = True
Using VPP file: /homes/aiskhak/projects/GP/runs/7912/1/cand_000/tamu_2d_fv_gp_csv_vpp_0002.csv
Return code = 0
Elapsed: 16.01 sec
has_err = False
has_conv = True
has_ss = False
has_fin = True
Using VPP file: /homes/aiskhak/projects/GP/runs/7912/1/cand_001/tamu_2d_fv_gp_csv_vpp_0002.csv
Return code = 0
Elapsed: 15.86 sec
has_err = False
has_conv = True
has_ss = False
has_fin = True
Using VPP file: /homes/aiskhak/projects/GP/runs/7912/1/cand_006/tamu_2d_fv_gp_csv_vpp_0002.csv
Return code = 0
Elapsed: 15.97 sec
has_err = False
has_conv = True
has_ss = False
has_fin = True
Using VPP file: /homes/aiskhak/projects/GP/runs/7912/1/cand_005/tamu_2d_fv_gp_csv_vpp_0002.csv
VPP columns: ('id', 'u', 'v', 'x', 'y', 'z')
coordinate check: max |r_res-r_cg| = 5.000444502911705e-12
coordinate check: max |z_res-z_cg| = 5.000444502911705e-12
VPP columns: ('id', 'u', 'v', 'x', 'y', 'z')
coordinate check: max |r_res-r_cg| = 5.000444502911705e-12
coordinate check: max |z_res-z_cg| = 5.000444502911705e-12
VPP columns: ('id', 'u', 'v', 'x', 'y', 'z')
coordinate check: max |r_res-r_cg| = 5.000444502911705e-12
coordinate check: max |z_res-z_cg| = 5.000444502911705e-12
VPP columns: ('id', 'u', 'v', 'x', 'y', 'z')
coordinate check: max |r_res-r_cg| = 5.000444502911705e-12
coordinate check: max |z_res-z_cg| = 5.000444502911705e-12
Return code = 0
Elapsed: 17.64 sec
has_err = False
has_conv = True
has_ss = False
has_fin = True
Return code = 0
Elapsed: 17.53 sec
has_err = False
has_conv = True
has_ss = False
has_fin = True
Using VPP file: /homes/aiskhak/projects/GP/runs/7912/1/cand_003/tamu_2d_fv_gp_csv_vpp_0002.csv
Using VPP file: /homes/aiskhak/projects/GP/runs/7912/1/cand_004/tamu_2d_fv_gp_csv_vpp_0002.csv
VPP columns: ('id', 'u', 'v', 'x', 'y', 'z')
coordinate check: max |r_res-r_cg| = 5.000444502911705e-12
coordinate check: max |z_res-z_cg| = 5.000444502911705e-12
VPP columns: ('id', 'u', 'v', 'x', 'y', 'z')
coordinate check: max |r_res-r_cg| = 5.000444502911705e-12
coordinate check: max |z_res-z_cg| = 5.000444502911705e-12
Return code = 0
Elapsed: 18.97 sec
has_err = False
has_conv = True
has_ss = False
has_fin = True
Using VPP file: /homes/aiskhak/projects/GP/runs/7912/2/cand_007/tamu_2d_fv_gp_csv_vpp_0002.csv
Return code = 0
Elapsed: 19.63 sec
has_err = False
has_conv = True
has_ss = False
has_fin = True
Using VPP file: /homes/aiskhak/projects/GP/runs/7912/2/cand_002/tamu_2d_fv_gp_csv_vpp_0002.csv
VPP columns: ('id', 'u', 'v', 'x', 'y', 'z')
coordinate check: max |r_res-r_cg| = 5.000444502911705e-12
coordinate check: max |z_res-z_cg| = 5.000444502911705e-12
VPP columns: ('id', 'u', 'v', 'x', 'y', 'z')
coordinate check: max |r_res-r_cg| = 5.000444502911705e-12
coordinate check: max |z_res-z_cg| = 5.000444502911705e-12
Return code = 0
Elapsed: 19.8 sec
has_err = False
has_conv = True
has_ss = False
has_fin = True
Using VPP file: /homes/aiskhak/projects/GP/runs/7912/2/cand_006/tamu_2d_fv_gp_csv_vpp_0002.csv
VPP columns: ('id', 'u', 'v', 'x', 'y', 'z')
coordinate check: max |r_res-r_cg| = 5.000444502911705e-12
coordinate check: max |z_res-z_cg| = 5.000444502911705e-12
Return code = 0
Elapsed: 20.68 sec
has_err = False
has_conv = True
has_ss = False
has_fin = True
Using VPP file: /homes/aiskhak/projects/GP/runs/7912/2/cand_001/tamu_2d_fv_gp_csv_vpp_0002.csv
VPP columns: ('id', 'u', 'v', 'x', 'y', 'z')
coordinate check: max |r_res-r_cg| = 5.000444502911705e-12
coordinate check: max |z_res-z_cg| = 5.000444502911705e-12
Return code = 0
Elapsed: 20.58 sec
has_err = False
has_conv = True
has_ss = False
has_fin = True
Using VPP file: /homes/aiskhak/projects/GP/runs/7912/2/cand_003/tamu_2d_fv_gp_csv_vpp_0002.csv
VPP columns: ('id', 'u', 'v', 'x', 'y', 'z')
coordinate check: max |r_res-r_cg| = 5.000444502911705e-12
coordinate check: max |z_res-z_cg| = 5.000444502911705e-12
Return code = 0
Elapsed: 22.47 sec
has_err = False
has_conv = True
has_ss = False
has_fin = True
Using VPP file: /homes/aiskhak/projects/GP/runs/7912/2/cand_004/tamu_2d_fv_gp_csv_vpp_0002.csv
Return code = 0
Elapsed: 22.61 sec
has_err = False
has_conv = True
has_ss = False
has_fin = True
Using VPP file: /homes/aiskhak/projects/GP/runs/7912/2/cand_005/tamu_2d_fv_gp_csv_vpp_0002.csv
VPP columns: ('id', 'u', 'v', 'x', 'y', 'z')
coordinate check: max |r_res-r_cg| = 5.000444502911705e-12
coordinate check: max |z_res-z_cg| = 5.000444502911705e-12
VPP columns: ('id', 'u', 'v', 'x', 'y', 'z')
coordinate check: max |r_res-r_cg| = 5.000444502911705e-12
coordinate check: max |z_res-z_cg| = 5.000444502911705e-12

===== LIVE CHECKPOINT =====
Chunk 1, stage refine_train, candidate batch starting 32, case batch 7/18
Completed result rows: 848
Current best partial candidates:
  n_cases= 24, mean=0.44551393, raw = -1.1*eta_h + -4.8*eta_y + -0.12
  n_cases= 24, mean=0.44567944, raw = -1*eta_h + -4.8*eta_y + -0.12
  n_cases= 24, mean=0.44578409, raw = -1.1*eta_h + -4.8*eta_y + -0.14
  n_cases= 24, mean=0.44590633, raw = -1*eta_h + -4.8*eta_y + -0.14
  n_cases= 24, mean=0.44693273, raw = -1.1*eta_h + -4.8*eta_y + -0.16
Checkpoint details: /homes/aiskhak/projects/GP/linear_results_linear_refine_best_screen_C1etaH_C2etaY_C3_CeffMin005_chunk1/linear_refine_best_screen_C1etaH_C2etaY_C3_CeffMin005_chunk1_refine_train_details_checkpoint.csv
Checkpoint summary: /homes/aiskhak/projects/GP/linear_results_linear_refine_best_screen_C1etaH_C2etaY_C3_CeffMin005_chunk1/linear_refine_best_screen_C1etaH_C2etaY_C3_CeffMin005_chunk1_refine_train_summary_checkpoint.csv
===========================


===== Stage refine_train, candidate batch starting 32, case batch 8/18 =====
Running 8 tasks with 64 MPI ranks

===== Linear candidate local_id=000, RE=7912, CG=3 =====
raw = -0.9*eta_h + -5.2*eta_y + -0.14
raw min/max = -5.3450887849963715 -0.17015286649129294
C_eff min/max = 0.020502796542725382 0.24746958226086996
lm min/max = 0.006161274616764032 0.10590425094838403

===== Linear candidate local_id=001, RE=7912, CG=3 =====
raw = -0.9*eta_h + -5.2*eta_y + -0.12
raw min/max = -5.325088784996372 -0.15015286649129292
C_eff min/max = 0.020502910677196354 0.2623526716822204

===== Linear candidate local_id=002, RE=7912, CG=3 =====
lm min/max = 0.00653182036316664 0.10590484049360195
raw = -0.9*eta_h + -5.2*eta_y + -0.08
raw min/max = -5.285088784996372 -0.11015286649129293
C_eff min/max = 0.02050315311138421 0.29515388721428587
lm min/max = 0.007348475464009217 0.10590609275258114

===== Linear candidate local_id=003, RE=7912, CG=3 =====
raw = -0.9*eta_h + -5*eta_y + -0.2

===== Linear candidate local_id=004, RE=7912, CG=3 =====
raw = -0.9*eta_h + -5*eta_y + -0.16
raw min/max = -5.165088784996372 -0.18918886335687288
C_eff min/max = 0.020504008445868815 0.23417400355222395
lm min/max = 0.005830253281275554 0.105910510860019
raw min/max = -5.205088784996372 -0.22918886335687289
C_eff min/max = 0.020503700243377693 0.20879292209031775
lm min/max = 0.005198337990803955 0.10590891888431488

===== Linear candidate local_id=005, RE=7912, CG=3 =====
raw = -0.9*eta_h + -5*eta_y + -0.14
raw min/max = -5.145088784996371 -0.1691888633568729
C_eff min/max = 0.020504172044736507 0.24816503839351453
lm min/max = 0.006178589456745533 0.10591135590647414

===== Linear candidate local_id=007, RE=7912, CG=3 =====
raw = -0.9*eta_h + -5*eta_y + -0.08
raw min/max = -5.085088784996372 -0.10918886335687288
C_eff min/max = 0.02050470400795732 0.29599729296324445
lm min/max = 0.0073694738201918915 0.10591410368609118

===== Linear candidate local_id=006, RE=7912, CG=3 =====
raw = -0.9*eta_h + -5*eta_y + -0.12
raw min/max = -5.125088784996372 -0.14918886335687287
C_eff min/max = 0.020504342321124178 0.2630946438644367
lm min/max = 0.006550293317825833 0.10591223544469971
Running case in: /homes/aiskhak/projects/GP/runs/7912/3/cand_000 with fv_app_run.sh
Running case in: /homes/aiskhak/projects/GP/runs/7912/3/cand_001 with fv_app_run.sh
Running case in: /homes/aiskhak/projects/GP/runs/7912/3/cand_003 with fv_app_run.sh
Running case in: /homes/aiskhak/projects/GP/runs/7912/3/cand_004 with fv_app_run.sh
Running case in: /homes/aiskhak/projects/GP/runs/7912/3/cand_002 with fv_app_run.sh
Running case in: /homes/aiskhak/projects/GP/runs/7912/3/cand_007 with fv_app_run.sh
Running case in: /homes/aiskhak/projects/GP/runs/7912/3/cand_005 with fv_app_run.sh
Running case in: /homes/aiskhak/projects/GP/runs/7912/3/cand_006 with fv_app_run.sh
Return code = 0
Elapsed: 35.62 sec
has_err = False
has_conv = True
has_ss = False
has_fin = True
Using VPP file: /homes/aiskhak/projects/GP/runs/7912/3/cand_002/tamu_2d_fv_gp_csv_vpp_0002.csv
VPP columns: ('id', 'u', 'v', 'x', 'y', 'z')
coordinate check: max |r_res-r_cg| = 5.000444502911705e-12
coordinate check: max |z_res-z_cg| = 5.000444502911705e-12
Return code = 0
Elapsed: 39.21 sec
has_err = False
has_conv = True
has_ss = False
has_fin = True
Return code = 0
Elapsed: 39.09 sec
has_err = False
has_conv = True
has_ss = False
has_fin = True
Using VPP file: /homes/aiskhak/projects/GP/runs/7912/3/cand_000/tamu_2d_fv_gp_csv_vpp_0002.csv
Using VPP file: /homes/aiskhak/projects/GP/runs/7912/3/cand_003/tamu_2d_fv_gp_csv_vpp_0002.csv
Return code = 0
Elapsed: 39.66 sec
has_err = False
has_conv = True
has_ss = False
has_fin = True
Using VPP file: /homes/aiskhak/projects/GP/runs/7912/3/cand_004/tamu_2d_fv_gp_csv_vpp_0002.csv
VPP columns: ('id', 'u', 'v', 'x', 'y', 'z')
coordinate check: max |r_res-r_cg| = 5.000444502911705e-12
coordinate check: max |z_res-z_cg| = 5.000444502911705e-12
VPP columns: ('id', 'u', 'v', 'x', 'y', 'z')
coordinate check: max |r_res-r_cg| = 5.000444502911705e-12
coordinate check: max |z_res-z_cg| = 5.000444502911705e-12
Return code = 0
Elapsed: 40.97 sec
has_err = False
has_conv = True
has_ss = False
has_fin = True
Using VPP file: /homes/aiskhak/projects/GP/runs/7912/3/cand_006/tamu_2d_fv_gp_csv_vpp_0002.csv
Return code = 0
Elapsed: 41.84 sec
has_err = False
has_conv = True
has_ss = False
has_fin = True
Using VPP file: /homes/aiskhak/projects/GP/runs/7912/3/cand_001/tamu_2d_fv_gp_csv_vpp_0002.csv
VPP columns: ('id', 'u', 'v', 'x', 'y', 'z')
coordinate check: max |r_res-r_cg| = 5.000444502911705e-12
coordinate check: max |z_res-z_cg| = 5.000444502911705e-12
Return code = 0
Elapsed: 41.89 sec
has_err = False
has_conv = True
has_ss = False
has_fin = True
Using VPP file: /homes/aiskhak/projects/GP/runs/7912/3/cand_005/tamu_2d_fv_gp_csv_vpp_0002.csv
VPP columns: ('id', 'u', 'v', 'x', 'y', 'z')
coordinate check: max |r_res-r_cg| = 5.000444502911705e-12
coordinate check: max |z_res-z_cg| = 5.000444502911705e-12
Return code = 0
Elapsed: 43.69 sec
has_err = False
has_conv = True
has_ss = False
has_fin = True
Using VPP file: /homes/aiskhak/projects/GP/runs/7912/3/cand_007/tamu_2d_fv_gp_csv_vpp_0002.csv
VPP columns: ('id', 'u', 'v', 'x', 'y', 'z')
coordinate check: max |r_res-r_cg| = 5.000444502911705e-12
coordinate check: max |z_res-z_cg| = 5.000444502911705e-12
VPP columns: ('id', 'u', 'v', 'x', 'y', 'z')
coordinate check: max |r_res-r_cg| = 5.000444502911705e-12
coordinate check: max |z_res-z_cg| = 5.000444502911705e-12
VPP columns: ('id', 'u', 'v', 'x', 'y', 'z')
coordinate check: max |r_res-r_cg| = 5.000444502911705e-12
coordinate check: max |z_res-z_cg| = 5.000444502911705e-12

===== LIVE CHECKPOINT =====
Chunk 1, stage refine_train, candidate batch starting 32, case batch 8/18
Completed result rows: 856
Current best partial candidates:
  n_cases= 24, mean=0.44551393, raw = -1.1*eta_h + -4.8*eta_y + -0.12
  n_cases= 24, mean=0.44567944, raw = -1*eta_h + -4.8*eta_y + -0.12
  n_cases= 24, mean=0.44578409, raw = -1.1*eta_h + -4.8*eta_y + -0.14
  n_cases= 24, mean=0.44590633, raw = -1*eta_h + -4.8*eta_y + -0.14
  n_cases= 24, mean=0.44693273, raw = -1.1*eta_h + -4.8*eta_y + -0.16
Checkpoint details: /homes/aiskhak/projects/GP/linear_results_linear_refine_best_screen_C1etaH_C2etaY_C3_CeffMin005_chunk1/linear_refine_best_screen_C1etaH_C2etaY_C3_CeffMin005_chunk1_refine_train_details_checkpoint.csv
Checkpoint summary: /homes/aiskhak/projects/GP/linear_results_linear_refine_best_screen_C1etaH_C2etaY_C3_CeffMin005_chunk1/linear_refine_best_screen_C1etaH_C2etaY_C3_CeffMin005_chunk1_refine_train_summary_checkpoint.csv
===========================


===== Stage refine_train, candidate batch starting 32, case batch 9/18 =====
Running 8 tasks with 96 MPI ranks

===== Linear candidate local_id=000, RE=7912, CG=4 =====
raw = -0.9*eta_h + -5.2*eta_y + -0.14
raw min/max = -5.342538538352326 -0.15506742565350926
C_eff min/max = 0.020502810843563854 0.25860573220192534
lm min/max = 0.0032259382324752246 0.10615052498265057

===== Linear candidate local_id=001, RE=7912, CG=4 =====
raw = -0.9*eta_h + -5.2*eta_y + -0.12
raw min/max = -5.322538538352326 -0.13506742565350924
C_eff min/max = 0.020502925561718458 0.27423188601611154
lm min/max = 0.003420864333248433 0.10615111892035156

===== Linear candidate local_id=002, RE=7912, CG=4 =====
raw = -0.9*eta_h + -5.2*eta_y + -0.08
raw min/max = -5.282538538352326 -0.09506742565350924
C_eff min/max = 0.02050316923572185 0.30865232872098447
lm min/max = 0.0038502369583442732 0.10615238050948594

===== Linear candidate local_id=003, RE=7912, CG=4 =====
raw = -0.9*eta_h + -5*eta_y + -0.2
raw min/max = -5.202538538352326 -0.2145855453726945
C_eff min/max = 0.020503719165800436 0.2176753774280131
lm min/max = 0.002715358690368094 0.10615522769795152

===== Linear candidate local_id=004, RE=7912, CG=4 =====
raw = -0.9*eta_h + -5*eta_y + -0.16
raw min/max = -5.162538538352326 -0.1745855453726945
C_eff min/max = 0.02050402894449046 0.24429962106995123
lm min/max = 0.0030474788052006615 0.10615683153514366

===== Linear candidate local_id=005, RE=7912, CG=4 =====
raw = -0.9*eta_h + -5*eta_y + -0.14
raw min/max = -5.142538538352325 -0.1545855453726945
C_eff min/max = 0.020504193380036458 0.2589705005561195
lm min/max = 0.0032304884803362162 0.10615768287790182

===== Linear candidate local_id=006, RE=7912, CG=4 =====
raw = -0.9*eta_h + -5*eta_y + -0.12

===== Linear candidate local_id=007, RE=7912, CG=4 =====
raw = -0.9*eta_h + -5*eta_y + -0.08
raw min/max = -5.122538538352326 -0.1345855453726945
C_eff min/max = 0.02050436452725741 0.27462092855577536
lm min/max = 0.003425717385777759 0.1061585689694476
raw min/max = -5.082538538352326 -0.09458554537269448
C_eff min/max = 0.020504728063857683 0.30909422774641304
lm min/max = 0.0038557493611393917 0.10616045113093579
Running case in: /homes/aiskhak/projects/GP/runs/7912/4/cand_000 with fv_app_run.sh
Running case in: /homes/aiskhak/projects/GP/runs/7912/4/cand_002 with fv_app_run.sh
Running case in: /homes/aiskhak/projects/GP/runs/7912/4/cand_003 with fv_app_run.sh
Running case in: /homes/aiskhak/projects/GP/runs/7912/4/cand_001 with fv_app_run.sh
Running case in: /homes/aiskhak/projects/GP/runs/7912/4/cand_005 with fv_app_run.sh
Running case in: /homes/aiskhak/projects/GP/runs/7912/4/cand_004 with fv_app_run.sh
Running case in: /homes/aiskhak/projects/GP/runs/7912/4/cand_006 with fv_app_run.sh
Running case in: /homes/aiskhak/projects/GP/runs/7912/4/cand_007 with fv_app_run.sh
Return code = 0
Elapsed: 106.4 sec
has_err = False
has_conv = True
has_ss = False
has_fin = True
Using VPP file: /homes/aiskhak/projects/GP/runs/7912/4/cand_007/tamu_2d_fv_gp_csv_vpp_0002.csv
Return code = 0
Elapsed: 107.08 sec
has_err = False
has_conv = True
has_ss = False
has_fin = True
Using VPP file: /homes/aiskhak/projects/GP/runs/7912/4/cand_005/tamu_2d_fv_gp_csv_vpp_0002.csv
VPP columns: ('id', 'u', 'v', 'x', 'y', 'z')
VPP columns: ('id', 'u', 'v', 'x', 'y', 'z')
coordinate check: max |r_res-r_cg| = 5.000444502911705e-12
coordinate check: max |z_res-z_cg| = 5.000444502911705e-12
coordinate check: max |r_res-r_cg| = 5.000444502911705e-12
coordinate check: max |z_res-z_cg| = 5.000444502911705e-12
Return code = 0
Elapsed: 109.8 sec
has_err = False
has_conv = True
has_ss = False
has_fin = True
Using VPP file: /homes/aiskhak/projects/GP/runs/7912/4/cand_002/tamu_2d_fv_gp_csv_vpp_0002.csv
VPP columns: ('id', 'u', 'v', 'x', 'y', 'z')
coordinate check: max |r_res-r_cg| = 5.000444502911705e-12
coordinate check: max |z_res-z_cg| = 5.000444502911705e-12
Return code = 0
Elapsed: 111.82 sec
has_err = False
has_conv = True
has_ss = False
has_fin = True
Using VPP file: /homes/aiskhak/projects/GP/runs/7912/4/cand_001/tamu_2d_fv_gp_csv_vpp_0002.csv
Return code = 0
Elapsed: 111.57 sec
has_err = False
has_conv = True
has_ss = False
has_fin = True
Using VPP file: /homes/aiskhak/projects/GP/runs/7912/4/cand_006/tamu_2d_fv_gp_csv_vpp_0002.csv
VPP columns: ('id', 'u', 'v', 'x', 'y', 'z')
coordinate check: max |r_res-r_cg| = 5.000444502911705e-12
coordinate check: max |z_res-z_cg| = 5.000444502911705e-12
VPP columns: ('id', 'u', 'v', 'x', 'y', 'z')
coordinate check: max |r_res-r_cg| = 5.000444502911705e-12
coordinate check: max |z_res-z_cg| = 5.000444502911705e-12
Return code = 0
Elapsed: 127.08 sec
has_err = False
has_conv = True
has_ss = False
has_fin = True
Using VPP file: /homes/aiskhak/projects/GP/runs/7912/4/cand_004/tamu_2d_fv_gp_csv_vpp_0002.csv
Return code = 0
Elapsed: 131.68 sec
has_err = False
has_conv = True
has_ss = False
has_fin = True
Using VPP file: /homes/aiskhak/projects/GP/runs/7912/4/cand_000/tamu_2d_fv_gp_csv_vpp_0002.csv
VPP columns: ('id', 'u', 'v', 'x', 'y', 'z')
coordinate check: max |r_res-r_cg| = 5.000444502911705e-12
coordinate check: max |z_res-z_cg| = 5.000444502911705e-12
VPP columns: ('id', 'u', 'v', 'x', 'y', 'z')
coordinate check: max |r_res-r_cg| = 5.000444502911705e-12
coordinate check: max |z_res-z_cg| = 5.000444502911705e-12
Return code = 0
Elapsed: 447.46 sec
has_err = True
has_conv = False
has_ss = False
has_fin = True
Steady failed; trying unsteady fallback
Running case in: /homes/aiskhak/projects/GP/runs/7912/4/cand_003 with fv_app_run_unsteady.sh
Return code = 0
Elapsed: 809.45 sec
has_err = False
has_conv = True
has_ss = True
has_fin = True
Using VPP file: /homes/aiskhak/projects/GP/runs/7912/4/cand_003/tamu_2d_fv_gp_csv_vpp_0027.csv
VPP columns: ('id', 'u', 'v', 'x', 'y', 'z')
coordinate check: max |r_res-r_cg| = 5.000444502911705e-12
coordinate check: max |z_res-z_cg| = 5.000444502911705e-12

===== LIVE CHECKPOINT =====
Chunk 1, stage refine_train, candidate batch starting 32, case batch 9/18
Completed result rows: 864
Current best partial candidates:
  n_cases= 24, mean=0.44551393, raw = -1.1*eta_h + -4.8*eta_y + -0.12
  n_cases= 24, mean=0.44567944, raw = -1*eta_h + -4.8*eta_y + -0.12
  n_cases= 24, mean=0.44578409, raw = -1.1*eta_h + -4.8*eta_y + -0.14
  n_cases= 24, mean=0.44590633, raw = -1*eta_h + -4.8*eta_y + -0.14
  n_cases= 24, mean=0.44693273, raw = -1.1*eta_h + -4.8*eta_y + -0.16
Checkpoint details: /homes/aiskhak/projects/GP/linear_results_linear_refine_best_screen_C1etaH_C2etaY_C3_CeffMin005_chunk1/linear_refine_best_screen_C1etaH_C2etaY_C3_CeffMin005_chunk1_refine_train_details_checkpoint.csv
Checkpoint summary: /homes/aiskhak/projects/GP/linear_results_linear_refine_best_screen_C1etaH_C2etaY_C3_CeffMin005_chunk1/linear_refine_best_screen_C1etaH_C2etaY_C3_CeffMin005_chunk1_refine_train_summary_checkpoint.csv
===========================


===== Stage refine_train, candidate batch starting 32, case batch 10/18 =====
Running 16 tasks with 64 MPI ranks

===== Linear candidate local_id=000, RE=9000, CG=1 =====
raw = -0.9*eta_h + -5.2*eta_y + -0.14
raw min/max = -5.360495276380439 -0.26006972143286555
C_eff min/max = 0.020502711683207504 0.1913607650906751
lm min/max = 0.018815558130771834 0.10527638417244405

===== Linear candidate local_id=000, RE=9000, CG=2 =====
raw = -0.9*eta_h + -5.2*eta_y + -0.14

===== Linear candidate local_id=001, RE=9000, CG=1 =====
raw = -0.9*eta_h + -5.2*eta_y + -0.12
raw min/max = -5.350182724428476 -0.20012864546209855
C_eff min/max = 0.020502768195250952 0.22689859020599348
lm min/max = 0.011250996703720845 0.10584613858718461
raw min/max = -5.340495276380439 -0.24006972143286556
C_eff min/max = 0.02050282235417328 0.20244690657136669
lm min/max = 0.019905603623519907 0.10527695244064632

===== Linear candidate local_id=002, RE=9000, CG=1 =====
raw = -0.9*eta_h + -5.2*eta_y + -0.08
raw min/max = -5.300495276380439 -0.20006972143286555
C_eff min/max = 0.020503057431453288 0.2269370839250902
lm min/max = 0.022313601707210425 0.10527815950468851

===== Linear candidate local_id=002, RE=9000, CG=2 =====
raw = -0.9*eta_h + -5.2*eta_y + -0.08

===== Linear candidate local_id=003, RE=9000, CG=1 =====
raw = -0.9*eta_h + -5*eta_y + -0.2
raw min/max = -5.290182724428476 -0.14012864546209852
C_eff min/max = 0.020503121149327615 0.2701819173172185
raw min/max = -5.220495276380439 -0.31623993508469533
C_eff min/max = 0.020503587959972848 0.16388323781834768
lm min/max = 0.016113828696123277 0.10528088363821302
lm min/max = 0.013397244374155248 0.10584796072289612

===== Linear candidate local_id=001, RE=9000, CG=2 =====
raw = -0.9*eta_h + -5.2*eta_y + -0.12
raw min/max = -5.330182724428476 -0.18012864546209853
C_eff min/max = 0.020502881172730688 0.2403993259228375
lm min/max = 0.01192044437596119 0.10584672183671771

===== Linear candidate local_id=003, RE=9000, CG=2 =====
raw = -0.9*eta_h + -5*eta_y + -0.2
raw min/max = -5.210182724428476 -0.2582076484992669
C_eff min/max = 0.020503662734893412 0.19236224677688202
lm min/max = 0.009538477089884829 0.10585075667417003
Running case in: /homes/aiskhak/projects/GP/runs/9000/1/cand_000 with fv_app_run.sh
Running case in: /homes/aiskhak/projects/GP/runs/9000/1/cand_001 with fv_app_run.sh
Running case in: /homes/aiskhak/projects/GP/runs/9000/1/cand_003 with fv_app_run.sh
Running case in: /homes/aiskhak/projects/GP/runs/9000/1/cand_002 with fv_app_run.sh

===== Linear candidate local_id=004, RE=9000, CG=1 =====
raw = -0.9*eta_h + -5*eta_y + -0.16

===== Linear candidate local_id=005, RE=9000, CG=1 =====
raw = -0.9*eta_h + -5*eta_y + -0.14

===== Linear candidate local_id=005, RE=9000, CG=2 =====
raw = -0.9*eta_h + -5*eta_y + -0.14
raw min/max = -5.1501827244284755 -0.1982076484992669
C_eff min/max = 0.020504129753393583 0.22815736602811046
lm min/max = 0.011313414379443306 0.10585316767079356

===== Linear candidate local_id=004, RE=9000, CG=2 =====
raw = -0.9*eta_h + -5*eta_y + -0.16
raw min/max = -5.160495276380439 -0.25623993508469534
C_eff min/max = 0.020504045443639853 0.19342727410353566
lm min/max = 0.019018747747205574 0.10528323270437677

===== Linear candidate local_id=006, RE=9000, CG=1 =====
raw = -0.9*eta_h + -5*eta_y + -0.12
raw min/max = -5.140495276380439 -0.23623993508469532
C_eff min/max = 0.020504210552620843 0.20465462036082116
lm min/max = 0.020122677207657723 0.10528408049840429
Running case in: /homes/aiskhak/projects/GP/runs/9000/2/cand_001 with fv_app_run.sh
raw min/max = -5.180495276380439 -0.27623993508469535
C_eff min/max = 0.02050388680950889 0.18291882726240966
lm min/max = 0.017985504112808304 0.10528241815711238
raw min/max = -5.170182724428476 -0.21820764849926688
C_eff min/max = 0.020503967813008044 0.21543229493725474
lm min/max = 0.01068242882431997 0.10585233164883168

===== Linear candidate local_id=006, RE=9000, CG=2 =====
raw = -0.9*eta_h + -5*eta_y + -0.12
raw min/max = -5.130182724428476 -0.17820764849926687
C_eff min/max = 0.020504298303596534 0.24174303824737742
lm min/max = 0.01198707371429433 0.10585403781613055

===== Linear candidate local_id=007, RE=9000, CG=1 =====
raw = -0.9*eta_h + -5*eta_y + -0.08
Running case in: /homes/aiskhak/projects/GP/runs/9000/2/cand_000 with fv_app_run.sh
raw min/max = -5.100495276380439 -0.19623993508469534
C_eff min/max = 0.0205045612631898 0.2294549839615727
lm min/max = 0.022561174371760865 0.10528588131095833

===== Linear candidate local_id=007, RE=9000, CG=2 =====
raw = -0.9*eta_h + -5*eta_y + -0.08
raw min/max = -5.090182724428476 -0.13820764849926687
C_eff min/max = 0.02050465632378138 0.27171134111943795
lm min/max = 0.013473082404447728 0.10585588610577326
Running case in: /homes/aiskhak/projects/GP/runs/9000/1/cand_007 with fv_app_run.sh
Running case in: /homes/aiskhak/projects/GP/runs/9000/2/cand_002 with fv_app_run.sh
Running case in: /homes/aiskhak/projects/GP/runs/9000/1/cand_005 with fv_app_run.sh
Running case in: /homes/aiskhak/projects/GP/runs/9000/1/cand_004 with fv_app_run.sh
Running case in: /homes/aiskhak/projects/GP/runs/9000/1/cand_006 with fv_app_run.sh
Running case in: /homes/aiskhak/projects/GP/runs/9000/2/cand_006 with fv_app_run.sh
Running case in: /homes/aiskhak/projects/GP/runs/9000/2/cand_003 with fv_app_run.sh
Running case in: /homes/aiskhak/projects/GP/runs/9000/2/cand_007 with fv_app_run.sh
Running case in: /homes/aiskhak/projects/GP/runs/9000/2/cand_005 with fv_app_run.sh
Running case in: /homes/aiskhak/projects/GP/runs/9000/2/cand_004 with fv_app_run.sh
Return code = 0
Elapsed: 12.93 sec
has_err = False
has_conv = True
has_ss = False
has_fin = True
Using VPP file: /homes/aiskhak/projects/GP/runs/9000/1/cand_002/tamu_2d_fv_gp_csv_vpp_0002.csv
VPP columns: ('id', 'u', 'v', 'x', 'y', 'z')
coordinate check: max |r_res-r_cg| = 5.000444502911705e-12
coordinate check: max |z_res-z_cg| = 5.000444502911705e-12
Return code = 0
Elapsed: 12.94 sec
has_err = False
has_conv = True
has_ss = False
has_fin = True
Using VPP file: /homes/aiskhak/projects/GP/runs/9000/1/cand_005/tamu_2d_fv_gp_csv_vpp_0002.csv
VPP columns: ('id', 'u', 'v', 'x', 'y', 'z')
coordinate check: max |r_res-r_cg| = 5.000444502911705e-12
coordinate check: max |z_res-z_cg| = 5.000444502911705e-12
Return code = 0
Elapsed: 14.45 sec
has_err = False
has_conv = True
has_ss = False
has_fin = True
Using VPP file: /homes/aiskhak/projects/GP/runs/9000/1/cand_004/tamu_2d_fv_gp_csv_vpp_0002.csv
Return code = 0
Elapsed: 14.59 sec
has_err = False
has_conv = True
has_ss = False
has_fin = True
Return code = 0
Elapsed: 14.81 sec
Return code = 0
Elapsed: 14.8 sec
has_err = False
has_conv = True
has_ss = False
has_fin = True
has_err = False
has_conv = True
has_ss = False
has_fin = True
Using VPP file: /homes/aiskhak/projects/GP/runs/9000/1/cand_007/tamu_2d_fv_gp_csv_vpp_0002.csv
Using VPP file: /homes/aiskhak/projects/GP/runs/9000/1/cand_000/tamu_2d_fv_gp_csv_vpp_0002.csv
Using VPP file: /homes/aiskhak/projects/GP/runs/9000/1/cand_001/tamu_2d_fv_gp_csv_vpp_0002.csv
VPP columns: ('id', 'u', 'v', 'x', 'y', 'z')
coordinate check: max |r_res-r_cg| = 5.000444502911705e-12
coordinate check: max |z_res-z_cg| = 5.000444502911705e-12
VPP columns: ('id', 'u', 'v', 'x', 'y', 'z')
coordinate check: max |r_res-r_cg| = 5.000444502911705e-12
coordinate check: max |z_res-z_cg| = 5.000444502911705e-12
VPP columns: ('id', 'u', 'v', 'x', 'y', 'z')
coordinate check: max |r_res-r_cg| = 5.000444502911705e-12
coordinate check: max |z_res-z_cg| = 5.000444502911705e-12
Return code = 0
Elapsed: 14.83 sec
has_err = False
has_conv = True
has_ss = False
has_fin = True
Using VPP file: /homes/aiskhak/projects/GP/runs/9000/1/cand_006/tamu_2d_fv_gp_csv_vpp_0002.csv
Return code = 0
Elapsed: 15.17 sec
has_err = False
has_conv = True
has_ss = False
has_fin = True
Using VPP file: /homes/aiskhak/projects/GP/runs/9000/2/cand_001/tamu_2d_fv_gp_csv_vpp_0002.csv
VPP columns: ('id', 'u', 'v', 'x', 'y', 'z')
coordinate check: max |r_res-r_cg| = 5.000444502911705e-12
coordinate check: max |z_res-z_cg| = 5.000444502911705e-12
Return code = 0
Elapsed: 15.79 sec
has_err = False
has_conv = True
has_ss = False
has_fin = True
Using VPP file: /homes/aiskhak/projects/GP/runs/9000/1/cand_003/tamu_2d_fv_gp_csv_vpp_0002.csv
VPP columns: ('id', 'u', 'v', 'x', 'y', 'z')
coordinate check: max |r_res-r_cg| = 5.000444502911705e-12
coordinate check: max |z_res-z_cg| = 5.000444502911705e-12
VPP columns: ('id', 'u', 'v', 'x', 'y', 'z')
coordinate check: max |r_res-r_cg| = 5.000444502911705e-12
coordinate check: max |z_res-z_cg| = 5.000444502911705e-12
VPP columns: ('id', 'u', 'v', 'x', 'y', 'z')
coordinate check: max |r_res-r_cg| = 5.000444502911705e-12
coordinate check: max |z_res-z_cg| = 5.000444502911705e-12
Return code = 0
Elapsed: 19.48 sec
has_err = False
has_conv = True
has_ss = False
has_fin = True
Using VPP file: /homes/aiskhak/projects/GP/runs/9000/2/cand_003/tamu_2d_fv_gp_csv_vpp_0002.csv
Return code = 0
Elapsed: 19.55 sec
has_err = False
has_conv = True
has_ss = False
has_fin = True
Return code = 0
Elapsed: 19.74 sec
has_err = False
has_conv = True
has_ss = False
has_fin = True
Return code = 0
Elapsed: 19.48 sec
has_err = False
has_conv = True
has_ss = False
has_fin = True
Return code = 0
Elapsed: 19.79 sec
Using VPP file: /homes/aiskhak/projects/GP/runs/9000/2/cand_006/tamu_2d_fv_gp_csv_vpp_0002.csv
has_err = False
has_conv = True
has_ss = False
has_fin = True
Using VPP file: /homes/aiskhak/projects/GP/runs/9000/2/cand_002/tamu_2d_fv_gp_csv_vpp_0002.csv
Using VPP file: /homes/aiskhak/projects/GP/runs/9000/2/cand_007/tamu_2d_fv_gp_csv_vpp_0002.csv
Using VPP file: /homes/aiskhak/projects/GP/runs/9000/2/cand_000/tamu_2d_fv_gp_csv_vpp_0002.csv
VPP columns: ('id', 'u', 'v', 'x', 'y', 'z')
coordinate check: max |r_res-r_cg| = 5.000444502911705e-12
coordinate check: max |z_res-z_cg| = 5.000444502911705e-12
VPP columns: ('id', 'u', 'v', 'x', 'y', 'z')
coordinate check: max |r_res-r_cg| = 5.000444502911705e-12
coordinate check: max |z_res-z_cg| = 5.000444502911705e-12
VPP columns: ('id', 'u', 'v', 'x', 'y', 'z')
coordinate check: max |r_res-r_cg| = 5.000444502911705e-12
coordinate check: max |z_res-z_cg| = 5.000444502911705e-12
Return code = 0
Elapsed: 19.76 sec
has_err = False
has_conv = True
has_ss = False
has_fin = True
Using VPP file: /homes/aiskhak/projects/GP/runs/9000/2/cand_005/tamu_2d_fv_gp_csv_vpp_0002.csv
VPP columns: ('id', 'u', 'v', 'x', 'y', 'z')
coordinate check: max |r_res-r_cg| = 5.000444502911705e-12
coordinate check: max |z_res-z_cg| = 5.000444502911705e-12
VPP columns: ('id', 'u', 'v', 'x', 'y', 'z')
coordinate check: max |r_res-r_cg| = 5.000444502911705e-12
coordinate check: max |z_res-z_cg| = 5.000444502911705e-12
VPP columns: ('id', 'u', 'v', 'x', 'y', 'z')
coordinate check: max |r_res-r_cg| = 5.000444502911705e-12
coordinate check: max |z_res-z_cg| = 5.000444502911705e-12
Return code = 0
Elapsed: 24.26 sec
has_err = False
has_conv = True
has_ss = False
has_fin = True
Using VPP file: /homes/aiskhak/projects/GP/runs/9000/2/cand_004/tamu_2d_fv_gp_csv_vpp_0002.csv
VPP columns: ('id', 'u', 'v', 'x', 'y', 'z')
coordinate check: max |r_res-r_cg| = 5.000444502911705e-12
coordinate check: max |z_res-z_cg| = 5.000444502911705e-12

===== LIVE CHECKPOINT =====
Chunk 1, stage refine_train, candidate batch starting 32, case batch 10/18
Completed result rows: 880
Current best partial candidates:
  n_cases= 24, mean=0.44551393, raw = -1.1*eta_h + -4.8*eta_y + -0.12
  n_cases= 24, mean=0.44567944, raw = -1*eta_h + -4.8*eta_y + -0.12
  n_cases= 24, mean=0.44578409, raw = -1.1*eta_h + -4.8*eta_y + -0.14
  n_cases= 24, mean=0.44590633, raw = -1*eta_h + -4.8*eta_y + -0.14
  n_cases= 24, mean=0.44693273, raw = -1.1*eta_h + -4.8*eta_y + -0.16
Checkpoint details: /homes/aiskhak/projects/GP/linear_results_linear_refine_best_screen_C1etaH_C2etaY_C3_CeffMin005_chunk1/linear_refine_best_screen_C1etaH_C2etaY_C3_CeffMin005_chunk1_refine_train_details_checkpoint.csv
Checkpoint summary: /homes/aiskhak/projects/GP/linear_results_linear_refine_best_screen_C1etaH_C2etaY_C3_CeffMin005_chunk1/linear_refine_best_screen_C1etaH_C2etaY_C3_CeffMin005_chunk1_refine_train_summary_checkpoint.csv
===========================


===== Stage refine_train, candidate batch starting 32, case batch 11/18 =====
Running 8 tasks with 64 MPI ranks

===== Linear candidate local_id=000, RE=9000, CG=3 =====
raw = -0.9*eta_h + -5.2*eta_y + -0.14
raw min/max = -5.3450887849963715 -0.17015286649129294
C_eff min/max = 0.020502796542725382 0.24746958226086996
lm min/max = 0.006161274616764032 0.10590425094838403

===== Linear candidate local_id=001, RE=9000, CG=3 =====
raw = -0.9*eta_h + -5.2*eta_y + -0.12
raw min/max = -5.325088784996372 -0.15015286649129292
C_eff min/max = 0.020502910677196354 0.2623526716822204
lm min/max = 0.00653182036316664 0.10590484049360195

===== Linear candidate local_id=002, RE=9000, CG=3 =====
raw = -0.9*eta_h + -5.2*eta_y + -0.08
raw min/max = -5.285088784996372 -0.11015286649129293
C_eff min/max = 0.02050315311138421 0.29515388721428587
lm min/max = 0.007348475464009217 0.10590609275258114

===== Linear candidate local_id=003, RE=9000, CG=3 =====
raw = -0.9*eta_h + -5*eta_y + -0.2
raw min/max = -5.205088784996372 -0.22918886335687289
C_eff min/max = 0.020503700243377693 0.20879292209031775
lm min/max = 0.005198337990803955 0.10590891888431488

===== Linear candidate local_id=004, RE=9000, CG=3 =====
raw = -0.9*eta_h + -5*eta_y + -0.16
raw min/max = -5.165088784996372 -0.18918886335687288
C_eff min/max = 0.020504008445868815 0.23417400355222395
lm min/max = 0.005830253281275554 0.105910510860019

===== Linear candidate local_id=005, RE=9000, CG=3 =====
raw = -0.9*eta_h + -5*eta_y + -0.14
raw min/max = -5.145088784996371 -0.1691888633568729
C_eff min/max = 0.020504172044736507 0.24816503839351453
lm min/max = 0.006178589456745533 0.10591135590647414

===== Linear candidate local_id=006, RE=9000, CG=3 =====
raw = -0.9*eta_h + -5*eta_y + -0.12
raw min/max = -5.125088784996372 -0.14918886335687287
C_eff min/max = 0.020504342321124178 0.2630946438644367
lm min/max = 0.006550293317825833 0.10591223544469971

===== Linear candidate local_id=007, RE=9000, CG=3 =====
raw = -0.9*eta_h + -5*eta_y + -0.08
raw min/max = -5.085088784996372 -0.10918886335687288
C_eff min/max = 0.02050470400795732 0.29599729296324445
lm min/max = 0.0073694738201918915 0.10591410368609118
Running case in: /homes/aiskhak/projects/GP/runs/9000/3/cand_000 with fv_app_run.sh
Running case in: /homes/aiskhak/projects/GP/runs/9000/3/cand_002 with fv_app_run.sh
Running case in: /homes/aiskhak/projects/GP/runs/9000/3/cand_001 with fv_app_run.sh
Running case in: /homes/aiskhak/projects/GP/runs/9000/3/cand_003 with fv_app_run.sh
Running case in: /homes/aiskhak/projects/GP/runs/9000/3/cand_007 with fv_app_run.sh
Running case in: /homes/aiskhak/projects/GP/runs/9000/3/cand_006 with fv_app_run.sh
Running case in: /homes/aiskhak/projects/GP/runs/9000/3/cand_004 with fv_app_run.sh
Running case in: /homes/aiskhak/projects/GP/runs/9000/3/cand_005 with fv_app_run.sh
Return code = 0
Elapsed: 35.26 sec
has_err = False
has_conv = True
has_ss = False
has_fin = True
Using VPP file: /homes/aiskhak/projects/GP/runs/9000/3/cand_003/tamu_2d_fv_gp_csv_vpp_0002.csv
Return code = 0
Elapsed: 35.51 sec
has_err = False
has_conv = True
has_ss = False
has_fin = True
Using VPP file: /homes/aiskhak/projects/GP/runs/9000/3/cand_001/tamu_2d_fv_gp_csv_vpp_0002.csv
VPP columns: ('id', 'u', 'v', 'x', 'y', 'z')
coordinate check: max |r_res-r_cg| = 5.000444502911705e-12
coordinate check: max |z_res-z_cg| = 5.000444502911705e-12
VPP columns: ('id', 'u', 'v', 'x', 'y', 'z')
coordinate check: max |r_res-r_cg| = 5.000444502911705e-12
coordinate check: max |z_res-z_cg| = 5.000444502911705e-12
Return code = 0
Elapsed: 36.59 sec
has_err = False
has_conv = True
has_ss = False
has_fin = True
Using VPP file: /homes/aiskhak/projects/GP/runs/9000/3/cand_006/tamu_2d_fv_gp_csv_vpp_0002.csv
VPP columns: ('id', 'u', 'v', 'x', 'y', 'z')
coordinate check: max |r_res-r_cg| = 5.000444502911705e-12
coordinate check: max |z_res-z_cg| = 5.000444502911705e-12
Return code = 0
Elapsed: 39.94 sec
Return code = 0
Return code = 0
Elapsed: 39.85 sec
Elapsed: 39.87 sec
has_err = False
has_conv = True
has_ss = False
has_fin = True
has_err = False
has_conv = True
has_ss = False
has_fin = True
has_err = False
has_conv = True
has_ss = False
has_fin = True
Using VPP file: /homes/aiskhak/projects/GP/runs/9000/3/cand_007/tamu_2d_fv_gp_csv_vpp_0002.csv
Using VPP file: /homes/aiskhak/projects/GP/runs/9000/3/cand_004/tamu_2d_fv_gp_csv_vpp_0002.csv
Using VPP file: /homes/aiskhak/projects/GP/runs/9000/3/cand_005/tamu_2d_fv_gp_csv_vpp_0002.csv
VPP columns: ('id', 'u', 'v', 'x', 'y', 'z')
coordinate check: max |r_res-r_cg| = 5.000444502911705e-12
coordinate check: max |z_res-z_cg| = 5.000444502911705e-12
Return code = 0
Elapsed: 41.43 sec
has_err = False
has_conv = True
has_ss = False
has_fin = True
Using VPP file: /homes/aiskhak/projects/GP/runs/9000/3/cand_002/tamu_2d_fv_gp_csv_vpp_0002.csv
VPP columns: ('id', 'u', 'v', 'x', 'y', 'z')
coordinate check: max |r_res-r_cg| = 5.000444502911705e-12
coordinate check: max |z_res-z_cg| = 5.000444502911705e-12
VPP columns: ('id', 'u', 'v', 'x', 'y', 'z')
coordinate check: max |r_res-r_cg| = 5.000444502911705e-12
coordinate check: max |z_res-z_cg| = 5.000444502911705e-12
Return code = 0
Elapsed: 42.14 sec
has_err = False
has_conv = True
has_ss = False
has_fin = True
Using VPP file: /homes/aiskhak/projects/GP/runs/9000/3/cand_000/tamu_2d_fv_gp_csv_vpp_0002.csv
VPP columns: ('id', 'u', 'v', 'x', 'y', 'z')
coordinate check: max |r_res-r_cg| = 5.000444502911705e-12
coordinate check: max |z_res-z_cg| = 5.000444502911705e-12
VPP columns: ('id', 'u', 'v', 'x', 'y', 'z')
coordinate check: max |r_res-r_cg| = 5.000444502911705e-12
coordinate check: max |z_res-z_cg| = 5.000444502911705e-12

===== LIVE CHECKPOINT =====
Chunk 1, stage refine_train, candidate batch starting 32, case batch 11/18
Completed result rows: 888
Current best partial candidates:
  n_cases= 24, mean=0.44551393, raw = -1.1*eta_h + -4.8*eta_y + -0.12
  n_cases= 24, mean=0.44567944, raw = -1*eta_h + -4.8*eta_y + -0.12
  n_cases= 24, mean=0.44578409, raw = -1.1*eta_h + -4.8*eta_y + -0.14
  n_cases= 24, mean=0.44590633, raw = -1*eta_h + -4.8*eta_y + -0.14
  n_cases= 24, mean=0.44693273, raw = -1.1*eta_h + -4.8*eta_y + -0.16
Checkpoint details: /homes/aiskhak/projects/GP/linear_results_linear_refine_best_screen_C1etaH_C2etaY_C3_CeffMin005_chunk1/linear_refine_best_screen_C1etaH_C2etaY_C3_CeffMin005_chunk1_refine_train_details_checkpoint.csv
Checkpoint summary: /homes/aiskhak/projects/GP/linear_results_linear_refine_best_screen_C1etaH_C2etaY_C3_CeffMin005_chunk1/linear_refine_best_screen_C1etaH_C2etaY_C3_CeffMin005_chunk1_refine_train_summary_checkpoint.csv
===========================


===== Stage refine_train, candidate batch starting 32, case batch 12/18 =====
Running 8 tasks with 96 MPI ranks

===== Linear candidate local_id=000, RE=9000, CG=4 =====
raw = -0.9*eta_h + -5.2*eta_y + -0.14
raw min/max = -5.342538538352326 -0.15506742565350926
C_eff min/max = 0.020502810843563854 0.25860573220192534
lm min/max = 0.0032259382324752246 0.10615052498265057

===== Linear candidate local_id=001, RE=9000, CG=4 =====
raw = -0.9*eta_h + -5.2*eta_y + -0.12
raw min/max = -5.322538538352326 -0.13506742565350924
C_eff min/max = 0.020502925561718458 0.27423188601611154
lm min/max = 0.003420864333248433 0.10615111892035156

===== Linear candidate local_id=002, RE=9000, CG=4 =====
raw = -0.9*eta_h + -5.2*eta_y + -0.08
raw min/max = -5.282538538352326 -0.09506742565350924
C_eff min/max = 0.02050316923572185 0.30865232872098447
lm min/max = 0.0038502369583442732 0.10615238050948594

===== Linear candidate local_id=003, RE=9000, CG=4 =====
raw = -0.9*eta_h + -5*eta_y + -0.2
raw min/max = -5.202538538352326 -0.2145855453726945
C_eff min/max = 0.020503719165800436 0.2176753774280131
lm min/max = 0.002715358690368094 0.10615522769795152

===== Linear candidate local_id=004, RE=9000, CG=4 =====
raw = -0.9*eta_h + -5*eta_y + -0.16
raw min/max = -5.162538538352326 -0.1745855453726945
C_eff min/max = 0.02050402894449046 0.24429962106995123
lm min/max = 0.0030474788052006615 0.10615683153514366

===== Linear candidate local_id=005, RE=9000, CG=4 =====
raw = -0.9*eta_h + -5*eta_y + -0.14
raw min/max = -5.142538538352325 -0.1545855453726945
C_eff min/max = 0.020504193380036458 0.2589705005561195
lm min/max = 0.0032304884803362162 0.10615768287790182

===== Linear candidate local_id=006, RE=9000, CG=4 =====
raw = -0.9*eta_h + -5*eta_y + -0.12
raw min/max = -5.122538538352326 -0.1345855453726945
C_eff min/max = 0.02050436452725741 0.27462092855577536
lm min/max = 0.003425717385777759 0.1061585689694476

===== Linear candidate local_id=007, RE=9000, CG=4 =====
raw = -0.9*eta_h + -5*eta_y + -0.08
raw min/max = -5.082538538352326 -0.09458554537269448
C_eff min/max = 0.020504728063857683 0.30909422774641304
lm min/max = 0.0038557493611393917 0.10616045113093579
Running case in: /homes/aiskhak/projects/GP/runs/9000/4/cand_000 with fv_app_run.sh
Running case in: /homes/aiskhak/projects/GP/runs/9000/4/cand_002 with fv_app_run.sh
Running case in: /homes/aiskhak/projects/GP/runs/9000/4/cand_001 with fv_app_run.sh
Running case in: /homes/aiskhak/projects/GP/runs/9000/4/cand_003 with fv_app_run.sh
Running case in: /homes/aiskhak/projects/GP/runs/9000/4/cand_006 with fv_app_run.sh
Running case in: /homes/aiskhak/projects/GP/runs/9000/4/cand_005 with fv_app_run.sh
Running case in: /homes/aiskhak/projects/GP/runs/9000/4/cand_004 with fv_app_run.sh
Running case in: /homes/aiskhak/projects/GP/runs/9000/4/cand_007 with fv_app_run.sh
Return code = 0
Elapsed: 98.66 sec
has_err = False
has_conv = True
has_ss = False
has_fin = True
Using VPP file: /homes/aiskhak/projects/GP/runs/9000/4/cand_001/tamu_2d_fv_gp_csv_vpp_0002.csv
VPP columns: ('id', 'u', 'v', 'x', 'y', 'z')
coordinate check: max |r_res-r_cg| = 5.000444502911705e-12
coordinate check: max |z_res-z_cg| = 5.000444502911705e-12
Return code = 0
Elapsed: 101.17 sec
has_err = False
has_conv = True
has_ss = False
has_fin = True
Using VPP file: /homes/aiskhak/projects/GP/runs/9000/4/cand_007/tamu_2d_fv_gp_csv_vpp_0002.csv
VPP columns: ('id', 'u', 'v', 'x', 'y', 'z')
coordinate check: max |r_res-r_cg| = 5.000444502911705e-12
coordinate check: max |z_res-z_cg| = 5.000444502911705e-12
Return code = 0
Elapsed: 109.68 sec
has_err = False
has_conv = True
has_ss = False
has_fin = True
Using VPP file: /homes/aiskhak/projects/GP/runs/9000/4/cand_002/tamu_2d_fv_gp_csv_vpp_0002.csv
VPP columns: ('id', 'u', 'v', 'x', 'y', 'z')
coordinate check: max |r_res-r_cg| = 5.000444502911705e-12
coordinate check: max |z_res-z_cg| = 5.000444502911705e-12
Return code = 0
Elapsed: 116.6 sec
has_err = False
has_conv = True
has_ss = False
has_fin = True
Using VPP file: /homes/aiskhak/projects/GP/runs/9000/4/cand_006/tamu_2d_fv_gp_csv_vpp_0002.csv
VPP columns: ('id', 'u', 'v', 'x', 'y', 'z')
coordinate check: max |r_res-r_cg| = 5.000444502911705e-12
coordinate check: max |z_res-z_cg| = 5.000444502911705e-12
Return code = 0
Elapsed: 122.95 sec
has_err = False
has_conv = True
has_ss = False
has_fin = True
Using VPP file: /homes/aiskhak/projects/GP/runs/9000/4/cand_005/tamu_2d_fv_gp_csv_vpp_0002.csv
Return code = 0
Elapsed: 124.46 sec
has_err = False
has_conv = True
has_ss = False
has_fin = True
Using VPP file: /homes/aiskhak/projects/GP/runs/9000/4/cand_000/tamu_2d_fv_gp_csv_vpp_0002.csv
VPP columns: ('id', 'u', 'v', 'x', 'y', 'z')
coordinate check: max |r_res-r_cg| = 5.000444502911705e-12
coordinate check: max |z_res-z_cg| = 5.000444502911705e-12
VPP columns: ('id', 'u', 'v', 'x', 'y', 'z')
coordinate check: max |r_res-r_cg| = 5.000444502911705e-12
coordinate check: max |z_res-z_cg| = 5.000444502911705e-12
Return code = 0
Elapsed: 154.47 sec
has_err = False
has_conv = True
has_ss = False
has_fin = True
Using VPP file: /homes/aiskhak/projects/GP/runs/9000/4/cand_004/tamu_2d_fv_gp_csv_vpp_0002.csv
VPP columns: ('id', 'u', 'v', 'x', 'y', 'z')
coordinate check: max |r_res-r_cg| = 5.000444502911705e-12
coordinate check: max |z_res-z_cg| = 5.000444502911705e-12
Return code = 0
Elapsed: 360.78 sec
has_err = True
has_conv = False
has_ss = False
has_fin = True
Steady failed; trying unsteady fallback
Running case in: /homes/aiskhak/projects/GP/runs/9000/4/cand_003 with fv_app_run_unsteady.sh
Return code = 0
Elapsed: 759.28 sec
has_err = False
has_conv = True
has_ss = True
has_fin = True
Using VPP file: /homes/aiskhak/projects/GP/runs/9000/4/cand_003/tamu_2d_fv_gp_csv_vpp_0028.csv
VPP columns: ('id', 'u', 'v', 'x', 'y', 'z')
coordinate check: max |r_res-r_cg| = 5.000444502911705e-12
coordinate check: max |z_res-z_cg| = 5.000444502911705e-12

===== LIVE CHECKPOINT =====
Chunk 1, stage refine_train, candidate batch starting 32, case batch 12/18
Completed result rows: 896
Current best partial candidates:
  n_cases= 24, mean=0.44551393, raw = -1.1*eta_h + -4.8*eta_y + -0.12
  n_cases= 24, mean=0.44567944, raw = -1*eta_h + -4.8*eta_y + -0.12
  n_cases= 24, mean=0.44578409, raw = -1.1*eta_h + -4.8*eta_y + -0.14
  n_cases= 24, mean=0.44590633, raw = -1*eta_h + -4.8*eta_y + -0.14
  n_cases= 24, mean=0.44693273, raw = -1.1*eta_h + -4.8*eta_y + -0.16
Checkpoint details: /homes/aiskhak/projects/GP/linear_results_linear_refine_best_screen_C1etaH_C2etaY_C3_CeffMin005_chunk1/linear_refine_best_screen_C1etaH_C2etaY_C3_CeffMin005_chunk1_refine_train_details_checkpoint.csv
Checkpoint summary: /homes/aiskhak/projects/GP/linear_results_linear_refine_best_screen_C1etaH_C2etaY_C3_CeffMin005_chunk1/linear_refine_best_screen_C1etaH_C2etaY_C3_CeffMin005_chunk1_refine_train_summary_checkpoint.csv
===========================


===== Stage refine_train, candidate batch starting 32, case batch 13/18 =====
Running 16 tasks with 64 MPI ranks

===== Linear candidate local_id=000, RE=10622, CG=1 =====
raw = -0.9*eta_h + -5.2*eta_y + -0.14
raw min/max = -5.360495276380439 -0.26006972143286555
C_eff min/max = 0.020502711683207504 0.1913607650906751
lm min/max = 0.018815558130771834 0.10527638417244405

===== Linear candidate local_id=000, RE=10622, CG=2 =====
raw = -0.9*eta_h + -5.2*eta_y + -0.14
raw min/max = -5.350182724428476 -0.20012864546209855
C_eff min/max = 0.020502768195250952 0.22689859020599348
lm min/max = 0.011250996703720845 0.10584613858718461

===== Linear candidate local_id=001, RE=10622, CG=1 =====
raw = -0.9*eta_h + -5.2*eta_y + -0.12
raw min/max = -5.340495276380439 -0.24006972143286556
C_eff min/max = 0.02050282235417328 0.20244690657136669
lm min/max = 0.019905603623519907 0.10527695244064632

===== Linear candidate local_id=001, RE=10622, CG=2 =====
raw = -0.9*eta_h + -5.2*eta_y + -0.12

===== Linear candidate local_id=002, RE=10622, CG=1 =====
raw = -0.9*eta_h + -5.2*eta_y + -0.08
raw min/max = -5.300495276380439 -0.20006972143286555
C_eff min/max = 0.020503057431453288 0.2269370839250902
lm min/max = 0.022313601707210425 0.10527815950468851

===== Linear candidate local_id=002, RE=10622, CG=2 =====

===== Linear candidate local_id=003, RE=10622, CG=1 =====
raw = -0.9*eta_h + -5.2*eta_y + -0.08
raw = -0.9*eta_h + -5*eta_y + -0.2
raw min/max = -5.220495276380439 -0.31623993508469533
C_eff min/max = 0.020503587959972848 0.16388323781834768
lm min/max = 0.016113828696123277 0.10528088363821302
raw min/max = -5.290182724428476 -0.14012864546209852
C_eff min/max = 0.020503121149327615 0.2701819173172185
lm min/max = 0.013397244374155248 0.10584796072289612
raw min/max = -5.330182724428476 -0.18012864546209853
C_eff min/max = 0.020502881172730688 0.2403993259228375
lm min/max = 0.01192044437596119 0.10584672183671771

===== Linear candidate local_id=003, RE=10622, CG=2 =====
raw = -0.9*eta_h + -5*eta_y + -0.2
raw min/max = -5.210182724428476 -0.2582076484992669
C_eff min/max = 0.020503662734893412 0.19236224677688202
lm min/max = 0.009538477089884829 0.10585075667417003

===== Linear candidate local_id=004, RE=10622, CG=1 =====
raw = -0.9*eta_h + -5*eta_y + -0.16
Running case in: /homes/aiskhak/projects/GP/runs/10622/1/cand_002 with fv_app_run.sh
raw min/max = -5.180495276380439 -0.27623993508469535
C_eff min/max = 0.02050388680950889 0.18291882726240966
lm min/max = 0.017985504112808304 0.10528241815711238

===== Linear candidate local_id=004, RE=10622, CG=2 =====
Running case in: /homes/aiskhak/projects/GP/runs/10622/1/cand_001 with fv_app_run.sh
raw = -0.9*eta_h + -5*eta_y + -0.16
raw min/max = -5.170182724428476 -0.21820764849926688
C_eff min/max = 0.020503967813008044 0.21543229493725474
lm min/max = 0.01068242882431997 0.10585233164883168
Running case in: /homes/aiskhak/projects/GP/runs/10622/2/cand_000 with fv_app_run.sh
Running case in: /homes/aiskhak/projects/GP/runs/10622/1/cand_003 with fv_app_run.sh
Running case in: /homes/aiskhak/projects/GP/runs/10622/1/cand_000 with fv_app_run.sh
Running case in: /homes/aiskhak/projects/GP/runs/10622/1/cand_004 with fv_app_run.sh

===== Linear candidate local_id=005, RE=10622, CG=1 =====
raw = -0.9*eta_h + -5*eta_y + -0.14
raw min/max = -5.160495276380439 -0.25623993508469534
C_eff min/max = 0.020504045443639853 0.19342727410353566
lm min/max = 0.019018747747205574 0.10528323270437677

===== Linear candidate local_id=006, RE=10622, CG=1 =====
raw = -0.9*eta_h + -5*eta_y + -0.12

===== Linear candidate local_id=006, RE=10622, CG=2 =====
raw min/max = -5.140495276380439 -0.23623993508469532
C_eff min/max = 0.020504210552620843 0.20465462036082116
lm min/max = 0.020122677207657723 0.10528408049840429
raw = -0.9*eta_h + -5*eta_y + -0.12

===== Linear candidate local_id=005, RE=10622, CG=2 =====
raw = -0.9*eta_h + -5*eta_y + -0.14
raw min/max = -5.130182724428476 -0.17820764849926687
C_eff min/max = 0.020504298303596534 0.24174303824737742
lm min/max = 0.01198707371429433 0.10585403781613055
raw min/max = -5.1501827244284755 -0.1982076484992669
C_eff min/max = 0.020504129753393583 0.22815736602811046
lm min/max = 0.011313414379443306 0.10585316767079356
Running case in: /homes/aiskhak/projects/GP/runs/10622/2/cand_003 with fv_app_run.sh

===== Linear candidate local_id=007, RE=10622, CG=1 =====
raw = -0.9*eta_h + -5*eta_y + -0.08
raw min/max = -5.100495276380439 -0.19623993508469534
C_eff min/max = 0.0205045612631898 0.2294549839615727
lm min/max = 0.022561174371760865 0.10528588131095833

===== Linear candidate local_id=007, RE=10622, CG=2 =====
raw = -0.9*eta_h + -5*eta_y + -0.08
raw min/max = -5.090182724428476 -0.13820764849926687
C_eff min/max = 0.02050465632378138 0.27171134111943795
lm min/max = 0.013473082404447728 0.10585588610577326
Running case in: /homes/aiskhak/projects/GP/runs/10622/1/cand_005 with fv_app_run.sh
Running case in: /homes/aiskhak/projects/GP/runs/10622/2/cand_001 with fv_app_run.sh
Running case in: /homes/aiskhak/projects/GP/runs/10622/1/cand_006 with fv_app_run.sh
Running case in: /homes/aiskhak/projects/GP/runs/10622/2/cand_002 with fv_app_run.sh
Running case in: /homes/aiskhak/projects/GP/runs/10622/2/cand_004 with fv_app_run.sh
Running case in: /homes/aiskhak/projects/GP/runs/10622/1/cand_007 with fv_app_run.sh
Running case in: /homes/aiskhak/projects/GP/runs/10622/2/cand_006 with fv_app_run.sh
Running case in: /homes/aiskhak/projects/GP/runs/10622/2/cand_005 with fv_app_run.sh
Running case in: /homes/aiskhak/projects/GP/runs/10622/2/cand_007 with fv_app_run.sh
Return code = 0
Elapsed: 12.26 sec
has_err = False
has_conv = True
has_ss = False
has_fin = True
Using VPP file: /homes/aiskhak/projects/GP/runs/10622/1/cand_005/tamu_2d_fv_gp_csv_vpp_0002.csv
VPP columns: ('id', 'u', 'v', 'x', 'y', 'z')
coordinate check: max |r_res-r_cg| = 5.000444502911705e-12
coordinate check: max |z_res-z_cg| = 5.000444502911705e-12
Return code = 0
Elapsed: 14.63 sec
has_err = False
has_conv = True
has_ss = False
has_fin = True
Using VPP file: /homes/aiskhak/projects/GP/runs/10622/1/cand_002/tamu_2d_fv_gp_csv_vpp_0002.csv
VPP columns: ('id', 'u', 'v', 'x', 'y', 'z')
coordinate check: max |r_res-r_cg| = 5.000444502911705e-12
coordinate check: max |z_res-z_cg| = 5.000444502911705e-12
Return code = 0
Elapsed: 15.35 sec
has_err = False
has_conv = True
has_ss = False
has_fin = True
Using VPP file: /homes/aiskhak/projects/GP/runs/10622/1/cand_001/tamu_2d_fv_gp_csv_vpp_0002.csv
VPP columns: ('id', 'u', 'v', 'x', 'y', 'z')
coordinate check: max |r_res-r_cg| = 5.000444502911705e-12
coordinate check: max |z_res-z_cg| = 5.000444502911705e-12
Return code = 0
Elapsed: 16.2 sec
has_err = False
has_conv = True
has_ss = False
has_fin = True
Using VPP file: /homes/aiskhak/projects/GP/runs/10622/1/cand_007/tamu_2d_fv_gp_csv_vpp_0002.csv
VPP columns: ('id', 'u', 'v', 'x', 'y', 'z')
coordinate check: max |r_res-r_cg| = 5.000444502911705e-12
coordinate check: max |z_res-z_cg| = 5.000444502911705e-12
Return code = 0
Elapsed: 16.75 sec
has_err = False
has_conv = True
has_ss = False
has_fin = True
Using VPP file: /homes/aiskhak/projects/GP/runs/10622/1/cand_006/tamu_2d_fv_gp_csv_vpp_0002.csv
Return code = 0
Elapsed: 16.79 sec
has_err = False
has_conv = True
has_ss = False
has_fin = True
Using VPP file: /homes/aiskhak/projects/GP/runs/10622/2/cand_002/tamu_2d_fv_gp_csv_vpp_0002.csv
VPP columns: ('id', 'u', 'v', 'x', 'y', 'z')
coordinate check: max |r_res-r_cg| = 5.000444502911705e-12
coordinate check: max |z_res-z_cg| = 5.000444502911705e-12
Return code = 0
Elapsed: 17.25 sec
has_err = False
has_conv = True
has_ss = False
has_fin = True
Using VPP file: /homes/aiskhak/projects/GP/runs/10622/1/cand_000/tamu_2d_fv_gp_csv_vpp_0002.csv
VPP columns: ('id', 'u', 'v', 'x', 'y', 'z')
coordinate check: max |r_res-r_cg| = 5.000444502911705e-12
coordinate check: max |z_res-z_cg| = 5.000444502911705e-12
VPP columns: ('id', 'u', 'v', 'x', 'y', 'z')
coordinate check: max |r_res-r_cg| = 5.000444502911705e-12
coordinate check: max |z_res-z_cg| = 5.000444502911705e-12
Return code = 0
Elapsed: 19.66 sec
has_err = False
has_conv = True
has_ss = False
has_fin = True
Return code = 0
Elapsed: 19.66 sec
has_err = False
has_conv = True
has_ss = False
has_fin = True
Using VPP file: /homes/aiskhak/projects/GP/runs/10622/1/cand_003/tamu_2d_fv_gp_csv_vpp_0002.csv
Using VPP file: /homes/aiskhak/projects/GP/runs/10622/1/cand_004/tamu_2d_fv_gp_csv_vpp_0002.csv
VPP columns: ('id', 'u', 'v', 'x', 'y', 'z')
coordinate check: max |r_res-r_cg| = 5.000444502911705e-12
coordinate check: max |z_res-z_cg| = 5.000444502911705e-12
VPP columns: ('id', 'u', 'v', 'x', 'y', 'z')
coordinate check: max |r_res-r_cg| = 5.000444502911705e-12
coordinate check: max |z_res-z_cg| = 5.000444502911705e-12
Return code = 0
Elapsed: 20.93 sec
has_err = False
has_conv = True
has_ss = False
has_fin = True
Using VPP file: /homes/aiskhak/projects/GP/runs/10622/2/cand_007/tamu_2d_fv_gp_csv_vpp_0002.csv
VPP columns: ('id', 'u', 'v', 'x', 'y', 'z')
coordinate check: max |r_res-r_cg| = 5.000444502911705e-12
coordinate check: max |z_res-z_cg| = 5.000444502911705e-12
Return code = 0
Elapsed: 21.73 sec
has_err = False
has_conv = True
has_ss = False
has_fin = True
Using VPP file: /homes/aiskhak/projects/GP/runs/10622/2/cand_006/tamu_2d_fv_gp_csv_vpp_0002.csv
VPP columns: ('id', 'u', 'v', 'x', 'y', 'z')
coordinate check: max |r_res-r_cg| = 5.000444502911705e-12
coordinate check: max |z_res-z_cg| = 5.000444502911705e-12
Return code = 0
Elapsed: 24.64 sec
has_err = False
has_conv = True
has_ss = False
has_fin = True
Return code = 0
Elapsed: 24.58 sec
has_err = False
has_conv = True
has_ss = False
has_fin = True
Return code = 0
Elapsed: 24.83 sec
has_err = False
has_conv = True
has_ss = False
has_fin = True
Using VPP file: /homes/aiskhak/projects/GP/runs/10622/2/cand_001/tamu_2d_fv_gp_csv_vpp_0002.csv
Using VPP file: /homes/aiskhak/projects/GP/runs/10622/2/cand_004/tamu_2d_fv_gp_csv_vpp_0002.csv
Using VPP file: /homes/aiskhak/projects/GP/runs/10622/2/cand_000/tamu_2d_fv_gp_csv_vpp_0002.csv
VPP columns: ('id', 'u', 'v', 'x', 'y', 'z')
coordinate check: max |r_res-r_cg| = 5.000444502911705e-12
coordinate check: max |z_res-z_cg| = 5.000444502911705e-12
Return code = 0
Elapsed: 24.96 sec
has_err = False
has_conv = True
has_ss = False
has_fin = True
Using VPP file: /homes/aiskhak/projects/GP/runs/10622/2/cand_003/tamu_2d_fv_gp_csv_vpp_0002.csv
VPP columns: ('id', 'u', 'v', 'x', 'y', 'z')
coordinate check: max |r_res-r_cg| = 5.000444502911705e-12
coordinate check: max |z_res-z_cg| = 5.000444502911705e-12
Return code = 0
Elapsed: 24.94 sec
has_err = False
has_conv = True
has_ss = False
has_fin = True
Using VPP file: /homes/aiskhak/projects/GP/runs/10622/2/cand_005/tamu_2d_fv_gp_csv_vpp_0002.csv
VPP columns: ('id', 'u', 'v', 'x', 'y', 'z')
coordinate check: max |r_res-r_cg| = 5.000444502911705e-12
coordinate check: max |z_res-z_cg| = 5.000444502911705e-12
VPP columns: ('id', 'u', 'v', 'x', 'y', 'z')
coordinate check: max |r_res-r_cg| = 5.000444502911705e-12
coordinate check: max |z_res-z_cg| = 5.000444502911705e-12
VPP columns: ('id', 'u', 'v', 'x', 'y', 'z')
coordinate check: max |r_res-r_cg| = 5.000444502911705e-12
coordinate check: max |z_res-z_cg| = 5.000444502911705e-12

===== LIVE CHECKPOINT =====
Chunk 1, stage refine_train, candidate batch starting 32, case batch 13/18
Completed result rows: 912
Current best partial candidates:
  n_cases= 24, mean=0.44551393, raw = -1.1*eta_h + -4.8*eta_y + -0.12
  n_cases= 24, mean=0.44567944, raw = -1*eta_h + -4.8*eta_y + -0.12
  n_cases= 24, mean=0.44578409, raw = -1.1*eta_h + -4.8*eta_y + -0.14
  n_cases= 24, mean=0.44590633, raw = -1*eta_h + -4.8*eta_y + -0.14
  n_cases= 24, mean=0.44693273, raw = -1.1*eta_h + -4.8*eta_y + -0.16
Checkpoint details: /homes/aiskhak/projects/GP/linear_results_linear_refine_best_screen_C1etaH_C2etaY_C3_CeffMin005_chunk1/linear_refine_best_screen_C1etaH_C2etaY_C3_CeffMin005_chunk1_refine_train_details_checkpoint.csv
Checkpoint summary: /homes/aiskhak/projects/GP/linear_results_linear_refine_best_screen_C1etaH_C2etaY_C3_CeffMin005_chunk1/linear_refine_best_screen_C1etaH_C2etaY_C3_CeffMin005_chunk1_refine_train_summary_checkpoint.csv
===========================


===== Stage refine_train, candidate batch starting 32, case batch 14/18 =====
Running 8 tasks with 64 MPI ranks

===== Linear candidate local_id=000, RE=10622, CG=3 =====
raw = -0.9*eta_h + -5.2*eta_y + -0.14
raw min/max = -5.3450887849963715 -0.17015286649129294
C_eff min/max = 0.020502796542725382 0.24746958226086996
lm min/max = 0.006161274616764032 0.10590425094838403

===== Linear candidate local_id=001, RE=10622, CG=3 =====
raw = -0.9*eta_h + -5.2*eta_y + -0.12
raw min/max = -5.325088784996372 -0.15015286649129292
C_eff min/max = 0.020502910677196354 0.2623526716822204
lm min/max = 0.00653182036316664 0.10590484049360195

===== Linear candidate local_id=002, RE=10622, CG=3 =====
raw = -0.9*eta_h + -5.2*eta_y + -0.08
raw min/max = -5.285088784996372 -0.11015286649129293
C_eff min/max = 0.02050315311138421 0.29515388721428587
lm min/max = 0.007348475464009217 0.10590609275258114

===== Linear candidate local_id=003, RE=10622, CG=3 =====
raw = -0.9*eta_h + -5*eta_y + -0.2
raw min/max = -5.205088784996372 -0.22918886335687289
C_eff min/max = 0.020503700243377693 0.20879292209031775
lm min/max = 0.005198337990803955 0.10590891888431488

===== Linear candidate local_id=004, RE=10622, CG=3 =====
raw = -0.9*eta_h + -5*eta_y + -0.16
raw min/max = -5.165088784996372 -0.18918886335687288
C_eff min/max = 0.020504008445868815 0.23417400355222395
lm min/max = 0.005830253281275554 0.105910510860019

===== Linear candidate local_id=006, RE=10622, CG=3 =====

===== Linear candidate local_id=007, RE=10622, CG=3 =====
raw = -0.9*eta_h + -5*eta_y + -0.08
raw min/max = -5.085088784996372 -0.10918886335687288
raw = -0.9*eta_h + -5*eta_y + -0.12
raw min/max = -5.125088784996372 -0.14918886335687287
C_eff min/max = 0.020504342321124178 0.2630946438644367

===== Linear candidate local_id=005, RE=10622, CG=3 =====
C_eff min/max = 0.02050470400795732 0.29599729296324445
lm min/max = 0.006550293317825833 0.10591223544469971
lm min/max = 0.0073694738201918915 0.10591410368609118
raw = -0.9*eta_h + -5*eta_y + -0.14
raw min/max = -5.145088784996371 -0.1691888633568729
C_eff min/max = 0.020504172044736507 0.24816503839351453
lm min/max = 0.006178589456745533 0.10591135590647414
Running case in: /homes/aiskhak/projects/GP/runs/10622/3/cand_002 with fv_app_run.sh
Running case in: /homes/aiskhak/projects/GP/runs/10622/3/cand_000 with fv_app_run.sh
Running case in: /homes/aiskhak/projects/GP/runs/10622/3/cand_003 with fv_app_run.sh
Running case in: /homes/aiskhak/projects/GP/runs/10622/3/cand_005 with fv_app_run.sh
Running case in: /homes/aiskhak/projects/GP/runs/10622/3/cand_006 with fv_app_run.sh
Running case in: /homes/aiskhak/projects/GP/runs/10622/3/cand_001 with fv_app_run.sh
Running case in: /homes/aiskhak/projects/GP/runs/10622/3/cand_004 with fv_app_run.sh
Running case in: /homes/aiskhak/projects/GP/runs/10622/3/cand_007 with fv_app_run.sh
Return code = 0
Elapsed: 34.63 sec
has_err = False
has_conv = True
has_ss = False
has_fin = True
Using VPP file: /homes/aiskhak/projects/GP/runs/10622/3/cand_007/tamu_2d_fv_gp_csv_vpp_0002.csv
Return code = 0
Elapsed: 34.86 sec
has_err = False
has_conv = True
has_ss = False
has_fin = True
Using VPP file: /homes/aiskhak/projects/GP/runs/10622/3/cand_001/tamu_2d_fv_gp_csv_vpp_0002.csv
VPP columns: ('id', 'u', 'v', 'x', 'y', 'z')
coordinate check: max |r_res-r_cg| = 5.000444502911705e-12
coordinate check: max |z_res-z_cg| = 5.000444502911705e-12
Return code = 0
Elapsed: 36.82 sec
has_err = False
has_conv = True
has_ss = False
has_fin = True
Using VPP file: /homes/aiskhak/projects/GP/runs/10622/3/cand_002/tamu_2d_fv_gp_csv_vpp_0002.csv
VPP columns: ('id', 'u', 'v', 'x', 'y', 'z')
coordinate check: max |r_res-r_cg| = 5.000444502911705e-12
coordinate check: max |z_res-z_cg| = 5.000444502911705e-12
Return code = 0
Elapsed: 37.57 sec
has_err = False
has_conv = True
has_ss = False
has_fin = True
Using VPP file: /homes/aiskhak/projects/GP/runs/10622/3/cand_006/tamu_2d_fv_gp_csv_vpp_0002.csv
Return code = 0
Elapsed: 39.02 sec
has_err = False
has_conv = True
has_ss = False
has_fin = True
Using VPP file: /homes/aiskhak/projects/GP/runs/10622/3/cand_000/tamu_2d_fv_gp_csv_vpp_0002.csv
Return code = 0
Elapsed: 39.09 sec
has_err = False
has_conv = True
has_ss = False
has_fin = True
Using VPP file: /homes/aiskhak/projects/GP/runs/10622/3/cand_005/tamu_2d_fv_gp_csv_vpp_0002.csv
VPP columns: ('id', 'u', 'v', 'x', 'y', 'z')
coordinate check: max |r_res-r_cg| = 5.000444502911705e-12
coordinate check: max |z_res-z_cg| = 5.000444502911705e-12
VPP columns: ('id', 'u', 'v', 'x', 'y', 'z')
coordinate check: max |r_res-r_cg| = 5.000444502911705e-12
coordinate check: max |z_res-z_cg| = 5.000444502911705e-12
Return code = 0
Elapsed: 41.62 sec
has_err = False
has_conv = True
has_ss = False
has_fin = True
Using VPP file: /homes/aiskhak/projects/GP/runs/10622/3/cand_004/tamu_2d_fv_gp_csv_vpp_0002.csv
Return code = 0
Elapsed: 42.03 sec
has_err = False
has_conv = True
has_ss = False
has_fin = True
Using VPP file: /homes/aiskhak/projects/GP/runs/10622/3/cand_003/tamu_2d_fv_gp_csv_vpp_0002.csv
VPP columns: ('id', 'u', 'v', 'x', 'y', 'z')
coordinate check: max |r_res-r_cg| = 5.000444502911705e-12
coordinate check: max |z_res-z_cg| = 5.000444502911705e-12
VPP columns: ('id', 'u', 'v', 'x', 'y', 'z')
coordinate check: max |r_res-r_cg| = 5.000444502911705e-12
coordinate check: max |z_res-z_cg| = 5.000444502911705e-12
VPP columns: ('id', 'u', 'v', 'x', 'y', 'z')
coordinate check: max |r_res-r_cg| = 5.000444502911705e-12
coordinate check: max |z_res-z_cg| = 5.000444502911705e-12
VPP columns: ('id', 'u', 'v', 'x', 'y', 'z')
coordinate check: max |r_res-r_cg| = 5.000444502911705e-12
coordinate check: max |z_res-z_cg| = 5.000444502911705e-12

===== LIVE CHECKPOINT =====
Chunk 1, stage refine_train, candidate batch starting 32, case batch 14/18
Completed result rows: 920
Current best partial candidates:
  n_cases= 24, mean=0.44551393, raw = -1.1*eta_h + -4.8*eta_y + -0.12
  n_cases= 24, mean=0.44567944, raw = -1*eta_h + -4.8*eta_y + -0.12
  n_cases= 24, mean=0.44578409, raw = -1.1*eta_h + -4.8*eta_y + -0.14
  n_cases= 24, mean=0.44590633, raw = -1*eta_h + -4.8*eta_y + -0.14
  n_cases= 24, mean=0.44693273, raw = -1.1*eta_h + -4.8*eta_y + -0.16
Checkpoint details: /homes/aiskhak/projects/GP/linear_results_linear_refine_best_screen_C1etaH_C2etaY_C3_CeffMin005_chunk1/linear_refine_best_screen_C1etaH_C2etaY_C3_CeffMin005_chunk1_refine_train_details_checkpoint.csv
Checkpoint summary: /homes/aiskhak/projects/GP/linear_results_linear_refine_best_screen_C1etaH_C2etaY_C3_CeffMin005_chunk1/linear_refine_best_screen_C1etaH_C2etaY_C3_CeffMin005_chunk1_refine_train_summary_checkpoint.csv
===========================


===== Stage refine_train, candidate batch starting 32, case batch 15/18 =====
Running 8 tasks with 96 MPI ranks

===== Linear candidate local_id=000, RE=10622, CG=4 =====
raw = -0.9*eta_h + -5.2*eta_y + -0.14
raw min/max = -5.342538538352326 -0.15506742565350926
C_eff min/max = 0.020502810843563854 0.25860573220192534
lm min/max = 0.0032259382324752246 0.10615052498265057

===== Linear candidate local_id=001, RE=10622, CG=4 =====
raw = -0.9*eta_h + -5.2*eta_y + -0.12
raw min/max = -5.322538538352326 -0.13506742565350924
C_eff min/max = 0.020502925561718458 0.27423188601611154
lm min/max = 0.003420864333248433 0.10615111892035156

===== Linear candidate local_id=002, RE=10622, CG=4 =====
raw = -0.9*eta_h + -5.2*eta_y + -0.08
raw min/max = -5.282538538352326 -0.09506742565350924
C_eff min/max = 0.02050316923572185 0.30865232872098447
lm min/max = 0.0038502369583442732 0.10615238050948594

===== Linear candidate local_id=003, RE=10622, CG=4 =====
raw = -0.9*eta_h + -5*eta_y + -0.2
raw min/max = -5.202538538352326 -0.2145855453726945
C_eff min/max = 0.020503719165800436 0.2176753774280131
lm min/max = 0.002715358690368094 0.10615522769795152

===== Linear candidate local_id=004, RE=10622, CG=4 =====
raw = -0.9*eta_h + -5*eta_y + -0.16
raw min/max = -5.162538538352326 -0.1745855453726945
C_eff min/max = 0.02050402894449046 0.24429962106995123
lm min/max = 0.0030474788052006615 0.10615683153514366

===== Linear candidate local_id=005, RE=10622, CG=4 =====
raw = -0.9*eta_h + -5*eta_y + -0.14
raw min/max = -5.142538538352325 -0.1545855453726945
C_eff min/max = 0.020504193380036458 0.2589705005561195
lm min/max = 0.0032304884803362162 0.10615768287790182

===== Linear candidate local_id=006, RE=10622, CG=4 =====
raw = -0.9*eta_h + -5*eta_y + -0.12

===== Linear candidate local_id=007, RE=10622, CG=4 =====
raw = -0.9*eta_h + -5*eta_y + -0.08
raw min/max = -5.122538538352326 -0.1345855453726945
raw min/max = -5.082538538352326 -0.09458554537269448
C_eff min/max = 0.02050436452725741 0.27462092855577536
lm min/max = 0.003425717385777759 0.1061585689694476
C_eff min/max = 0.020504728063857683 0.30909422774641304
lm min/max = 0.0038557493611393917 0.10616045113093579
Running case in: /homes/aiskhak/projects/GP/runs/10622/4/cand_001 with fv_app_run.sh
Running case in: /homes/aiskhak/projects/GP/runs/10622/4/cand_003 with fv_app_run.sh
Running case in: /homes/aiskhak/projects/GP/runs/10622/4/cand_002 with fv_app_run.sh
Running case in: /homes/aiskhak/projects/GP/runs/10622/4/cand_005 with fv_app_run.sh
Running case in: /homes/aiskhak/projects/GP/runs/10622/4/cand_000 with fv_app_run.sh
Running case in: /homes/aiskhak/projects/GP/runs/10622/4/cand_004 with fv_app_run.sh
Running case in: /homes/aiskhak/projects/GP/runs/10622/4/cand_006 with fv_app_run.sh
Running case in: /homes/aiskhak/projects/GP/runs/10622/4/cand_007 with fv_app_run.sh
Return code = 0
Elapsed: 103.48 sec
has_err = False
has_conv = True
has_ss = False
has_fin = True
Using VPP file: /homes/aiskhak/projects/GP/runs/10622/4/cand_007/tamu_2d_fv_gp_csv_vpp_0002.csv
Return code = 0
Elapsed: 104.44 sec
has_err = False
has_conv = True
has_ss = False
has_fin = True
Using VPP file: /homes/aiskhak/projects/GP/runs/10622/4/cand_001/tamu_2d_fv_gp_csv_vpp_0002.csv
VPP columns: ('id', 'u', 'v', 'x', 'y', 'z')
coordinate check: max |r_res-r_cg| = 5.000444502911705e-12
coordinate check: max |z_res-z_cg| = 5.000444502911705e-12
VPP columns: ('id', 'u', 'v', 'x', 'y', 'z')
coordinate check: max |r_res-r_cg| = 5.000444502911705e-12
coordinate check: max |z_res-z_cg| = 5.000444502911705e-12
Return code = 0
Elapsed: 106.19 sec
has_err = False
has_conv = True
has_ss = False
has_fin = True
Return code = 0
Elapsed: 106.52 sec
has_err = False
has_conv = True
has_ss = False
has_fin = True
Using VPP file: /homes/aiskhak/projects/GP/runs/10622/4/cand_006/tamu_2d_fv_gp_csv_vpp_0002.csv
Using VPP file: /homes/aiskhak/projects/GP/runs/10622/4/cand_002/tamu_2d_fv_gp_csv_vpp_0002.csv
VPP columns: ('id', 'u', 'v', 'x', 'y', 'z')
coordinate check: max |r_res-r_cg| = 5.000444502911705e-12
coordinate check: max |z_res-z_cg| = 5.000444502911705e-12
VPP columns: ('id', 'u', 'v', 'x', 'y', 'z')
coordinate check: max |r_res-r_cg| = 5.000444502911705e-12
coordinate check: max |z_res-z_cg| = 5.000444502911705e-12
Return code = 0
Elapsed: 133.26 sec
has_err = False
has_conv = True
has_ss = False
has_fin = True
Using VPP file: /homes/aiskhak/projects/GP/runs/10622/4/cand_005/tamu_2d_fv_gp_csv_vpp_0002.csv
Return code = 0
Elapsed: 133.72 sec
has_err = False
has_conv = True
has_ss = False
has_fin = True
Using VPP file: /homes/aiskhak/projects/GP/runs/10622/4/cand_000/tamu_2d_fv_gp_csv_vpp_0002.csv
VPP columns: ('id', 'u', 'v', 'x', 'y', 'z')
coordinate check: max |r_res-r_cg| = 5.000444502911705e-12
coordinate check: max |z_res-z_cg| = 5.000444502911705e-12
Return code = 0
Elapsed: 143.71 sec
has_err = False
has_conv = True
has_ss = False
has_fin = True
Using VPP file: /homes/aiskhak/projects/GP/runs/10622/4/cand_004/tamu_2d_fv_gp_csv_vpp_0002.csv
VPP columns: ('id', 'u', 'v', 'x', 'y', 'z')
coordinate check: max |r_res-r_cg| = 5.000444502911705e-12
coordinate check: max |z_res-z_cg| = 5.000444502911705e-12
VPP columns: ('id', 'u', 'v', 'x', 'y', 'z')
coordinate check: max |r_res-r_cg| = 5.000444502911705e-12
coordinate check: max |z_res-z_cg| = 5.000444502911705e-12
Return code = 0
Elapsed: 384.39 sec
has_err = True
has_conv = False
has_ss = False
has_fin = True
Steady failed; trying unsteady fallback
Running case in: /homes/aiskhak/projects/GP/runs/10622/4/cand_003 with fv_app_run_unsteady.sh
Return code = 0
Elapsed: 836.11 sec
has_err = False
has_conv = True
has_ss = True
has_fin = True
Using VPP file: /homes/aiskhak/projects/GP/runs/10622/4/cand_003/tamu_2d_fv_gp_csv_vpp_0029.csv
VPP columns: ('id', 'u', 'v', 'x', 'y', 'z')
coordinate check: max |r_res-r_cg| = 5.000444502911705e-12
coordinate check: max |z_res-z_cg| = 5.000444502911705e-12

===== LIVE CHECKPOINT =====
Chunk 1, stage refine_train, candidate batch starting 32, case batch 15/18
Completed result rows: 928
Current best partial candidates:
  n_cases= 24, mean=0.44551393, raw = -1.1*eta_h + -4.8*eta_y + -0.12
  n_cases= 24, mean=0.44567944, raw = -1*eta_h + -4.8*eta_y + -0.12
  n_cases= 24, mean=0.44578409, raw = -1.1*eta_h + -4.8*eta_y + -0.14
  n_cases= 24, mean=0.44590633, raw = -1*eta_h + -4.8*eta_y + -0.14
  n_cases= 24, mean=0.44693273, raw = -1.1*eta_h + -4.8*eta_y + -0.16
Checkpoint details: /homes/aiskhak/projects/GP/linear_results_linear_refine_best_screen_C1etaH_C2etaY_C3_CeffMin005_chunk1/linear_refine_best_screen_C1etaH_C2etaY_C3_CeffMin005_chunk1_refine_train_details_checkpoint.csv
Checkpoint summary: /homes/aiskhak/projects/GP/linear_results_linear_refine_best_screen_C1etaH_C2etaY_C3_CeffMin005_chunk1/linear_refine_best_screen_C1etaH_C2etaY_C3_CeffMin005_chunk1_refine_train_summary_checkpoint.csv
===========================


===== Stage refine_train, candidate batch starting 32, case batch 16/18 =====
Running 16 tasks with 64 MPI ranks

===== Linear candidate local_id=000, RE=14000, CG=1 =====
raw = -0.9*eta_h + -5.2*eta_y + -0.14
raw min/max = -5.360495276380439 -0.26006972143286555
C_eff min/max = 0.020502711683207504 0.1913607650906751
lm min/max = 0.018815558130771834 0.10527638417244405

===== Linear candidate local_id=000, RE=14000, CG=2 =====
raw = -0.9*eta_h + -5.2*eta_y + -0.14
raw min/max = -5.350182724428476 -0.20012864546209855
C_eff min/max = 0.020502768195250952 0.22689859020599348
lm min/max = 0.011250996703720845 0.10584613858718461

===== Linear candidate local_id=001, RE=14000, CG=1 =====
raw = -0.9*eta_h + -5.2*eta_y + -0.12
raw min/max = -5.340495276380439 -0.24006972143286556
C_eff min/max = 0.02050282235417328 0.20244690657136669
lm min/max = 0.019905603623519907 0.10527695244064632

===== Linear candidate local_id=001, RE=14000, CG=2 =====
raw = -0.9*eta_h + -5.2*eta_y + -0.12
raw min/max = -5.330182724428476 -0.18012864546209853
C_eff min/max = 0.020502881172730688 0.2403993259228375
lm min/max = 0.01192044437596119 0.10584672183671771

===== Linear candidate local_id=002, RE=14000, CG=1 =====
raw = -0.9*eta_h + -5.2*eta_y + -0.08
raw min/max = -5.300495276380439 -0.20006972143286555
C_eff min/max = 0.020503057431453288 0.2269370839250902
lm min/max = 0.022313601707210425 0.10527815950468851
Running case in: /homes/aiskhak/projects/GP/runs/14000/1/cand_000 with fv_app_run.sh
Running case in: /homes/aiskhak/projects/GP/runs/14000/1/cand_001 with fv_app_run.sh

===== Linear candidate local_id=003, RE=14000, CG=1 =====
raw = -0.9*eta_h + -5*eta_y + -0.2
raw min/max = -5.220495276380439 -0.31623993508469533
C_eff min/max = 0.020503587959972848 0.16388323781834768
lm min/max = 0.016113828696123277 0.10528088363821302

===== Linear candidate local_id=004, RE=14000, CG=1 =====
raw = -0.9*eta_h + -5*eta_y + -0.16
raw min/max = -5.180495276380439 -0.27623993508469535
C_eff min/max = 0.02050388680950889 0.18291882726240966
lm min/max = 0.017985504112808304 0.10528241815711238

===== Linear candidate local_id=005, RE=14000, CG=1 =====
raw = -0.9*eta_h + -5*eta_y + -0.14

===== Linear candidate local_id=003, RE=14000, CG=2 =====
raw = -0.9*eta_h + -5*eta_y + -0.2
Running case in: /homes/aiskhak/projects/GP/runs/14000/1/cand_002 with fv_app_run.sh
raw min/max = -5.160495276380439 -0.25623993508469534
C_eff min/max = 0.020504045443639853 0.19342727410353566
lm min/max = 0.019018747747205574 0.10528323270437677
raw min/max = -5.210182724428476 -0.2582076484992669
C_eff min/max = 0.020503662734893412 0.19236224677688202
lm min/max = 0.009538477089884829 0.10585075667417003

===== Linear candidate local_id=004, RE=14000, CG=2 =====
Running case in: /homes/aiskhak/projects/GP/runs/14000/2/cand_001 with fv_app_run.sh
raw = -0.9*eta_h + -5*eta_y + -0.16
raw min/max = -5.170182724428476 -0.21820764849926688
Running case in: /homes/aiskhak/projects/GP/runs/14000/2/cand_000 with fv_app_run.sh

===== Linear candidate local_id=006, RE=14000, CG=1 =====
raw = -0.9*eta_h + -5*eta_y + -0.12
raw min/max = -5.140495276380439 -0.23623993508469532
C_eff min/max = 0.020504210552620843 0.20465462036082116
lm min/max = 0.020122677207657723 0.10528408049840429

===== Linear candidate local_id=005, RE=14000, CG=2 =====

===== Linear candidate local_id=002, RE=14000, CG=2 =====
raw = -0.9*eta_h + -5.2*eta_y + -0.08
raw min/max = -5.290182724428476 -0.14012864546209852
C_eff min/max = 0.020503121149327615 0.2701819173172185
lm min/max = 0.013397244374155248 0.10584796072289612
C_eff min/max = 0.020503967813008044 0.21543229493725474
raw = -0.9*eta_h + -5*eta_y + -0.14
lm min/max = 0.01068242882431997 0.10585233164883168
raw min/max = -5.1501827244284755 -0.1982076484992669

===== Linear candidate local_id=006, RE=14000, CG=2 =====
C_eff min/max = 0.020504129753393583 0.22815736602811046
lm min/max = 0.011313414379443306 0.10585316767079356

===== Linear candidate local_id=007, RE=14000, CG=1 =====
raw = -0.9*eta_h + -5*eta_y + -0.08
raw min/max = -5.100495276380439 -0.19623993508469534
C_eff min/max = 0.0205045612631898 0.2294549839615727
lm min/max = 0.022561174371760865 0.10528588131095833
raw = -0.9*eta_h + -5*eta_y + -0.12
raw min/max = -5.130182724428476 -0.17820764849926687
C_eff min/max = 0.020504298303596534 0.24174303824737742
lm min/max = 0.01198707371429433 0.10585403781613055
Running case in: /homes/aiskhak/projects/GP/runs/14000/1/cand_003 with fv_app_run.sh
Running case in: /homes/aiskhak/projects/GP/runs/14000/1/cand_004 with fv_app_run.sh
Running case in: /homes/aiskhak/projects/GP/runs/14000/1/cand_005 with fv_app_run.sh
Running case in: /homes/aiskhak/projects/GP/runs/14000/1/cand_007 with fv_app_run.sh
Running case in: /homes/aiskhak/projects/GP/runs/14000/1/cand_006 with fv_app_run.sh
Running case in: /homes/aiskhak/projects/GP/runs/14000/2/cand_003 with fv_app_run.sh

===== Linear candidate local_id=007, RE=14000, CG=2 =====
raw = -0.9*eta_h + -5*eta_y + -0.08
raw min/max = -5.090182724428476 -0.13820764849926687
C_eff min/max = 0.02050465632378138 0.27171134111943795
lm min/max = 0.013473082404447728 0.10585588610577326
Running case in: /homes/aiskhak/projects/GP/runs/14000/2/cand_002 with fv_app_run.sh
Running case in: /homes/aiskhak/projects/GP/runs/14000/2/cand_005 with fv_app_run.sh
Running case in: /homes/aiskhak/projects/GP/runs/14000/2/cand_006 with fv_app_run.sh
Running case in: /homes/aiskhak/projects/GP/runs/14000/2/cand_004 with fv_app_run.sh
Running case in: /homes/aiskhak/projects/GP/runs/14000/2/cand_007 with fv_app_run.sh
Return code = 0
Elapsed: 13.16 sec
has_err = False
has_conv = True
has_ss = False
has_fin = True
Using VPP file: /homes/aiskhak/projects/GP/runs/14000/1/cand_000/tamu_2d_fv_gp_csv_vpp_0002.csv
VPP columns: ('id', 'u', 'v', 'x', 'y', 'z')
coordinate check: max |r_res-r_cg| = 5.000444502911705e-12
coordinate check: max |z_res-z_cg| = 5.000444502911705e-12
Return code = 0
Elapsed: 14.72 sec
has_err = False
has_conv = True
has_ss = False
has_fin = True
Using VPP file: /homes/aiskhak/projects/GP/runs/14000/1/cand_007/tamu_2d_fv_gp_csv_vpp_0002.csv
Return code = 0
Elapsed: 14.76 sec
has_err = False
has_conv = True
has_ss = False
has_fin = True
Using VPP file: /homes/aiskhak/projects/GP/runs/14000/1/cand_006/tamu_2d_fv_gp_csv_vpp_0002.csv
VPP columns: ('id', 'u', 'v', 'x', 'y', 'z')
coordinate check: max |r_res-r_cg| = 5.000444502911705e-12
coordinate check: max |z_res-z_cg| = 5.000444502911705e-12
Return code = 0
Elapsed: 15.07 sec
has_err = False
has_conv = True
has_ss = False
has_fin = True
Using VPP file: /homes/aiskhak/projects/GP/runs/14000/1/cand_005/tamu_2d_fv_gp_csv_vpp_0002.csv
Return code = 0
Elapsed: 15.28 sec
has_err = False
has_conv = True
has_ss = False
has_fin = True
Using VPP file: /homes/aiskhak/projects/GP/runs/14000/1/cand_002/tamu_2d_fv_gp_csv_vpp_0002.csv
VPP columns: ('id', 'u', 'v', 'x', 'y', 'z')
coordinate check: max |r_res-r_cg| = 5.000444502911705e-12
coordinate check: max |z_res-z_cg| = 5.000444502911705e-12
VPP columns: ('id', 'u', 'v', 'x', 'y', 'z')
coordinate check: max |r_res-r_cg| = 5.000444502911705e-12
coordinate check: max |z_res-z_cg| = 5.000444502911705e-12
Return code = 0
Elapsed: 15.89 sec
has_err = False
has_conv = True
has_ss = False
has_fin = True
Using VPP file: /homes/aiskhak/projects/GP/runs/14000/1/cand_001/tamu_2d_fv_gp_csv_vpp_0002.csv
VPP columns: ('id', 'u', 'v', 'x', 'y', 'z')
coordinate check: max |r_res-r_cg| = 5.000444502911705e-12
coordinate check: max |z_res-z_cg| = 5.000444502911705e-12
VPP columns: ('id', 'u', 'v', 'x', 'y', 'z')
coordinate check: max |r_res-r_cg| = 5.000444502911705e-12
coordinate check: max |z_res-z_cg| = 5.000444502911705e-12
Return code = 0
Elapsed: 16.66 sec
has_err = False
has_conv = True
has_ss = False
has_fin = True
Using VPP file: /homes/aiskhak/projects/GP/runs/14000/1/cand_004/tamu_2d_fv_gp_csv_vpp_0002.csv
VPP columns: ('id', 'u', 'v', 'x', 'y', 'z')
coordinate check: max |r_res-r_cg| = 5.000444502911705e-12
coordinate check: max |z_res-z_cg| = 5.000444502911705e-12
Return code = 0
Elapsed: 17.02 sec
has_err = True
has_conv = False
has_ss = False
has_fin = True
Steady failed; trying unsteady fallback
Running case in: /homes/aiskhak/projects/GP/runs/14000/1/cand_003 with fv_app_run_unsteady.sh
Return code = 0
Elapsed: 17.81 sec
has_err = False
has_conv = True
has_ss = False
has_fin = True
Using VPP file: /homes/aiskhak/projects/GP/runs/14000/2/cand_002/tamu_2d_fv_gp_csv_vpp_0002.csv
VPP columns: ('id', 'u', 'v', 'x', 'y', 'z')
coordinate check: max |r_res-r_cg| = 5.000444502911705e-12
coordinate check: max |z_res-z_cg| = 5.000444502911705e-12
Return code = 0
Elapsed: 19.82 sec
has_err = False
has_conv = True
has_ss = False
has_fin = True
Using VPP file: /homes/aiskhak/projects/GP/runs/14000/2/cand_001/tamu_2d_fv_gp_csv_vpp_0002.csv
VPP columns: ('id', 'u', 'v', 'x', 'y', 'z')
coordinate check: max |r_res-r_cg| = 5.000444502911705e-12
coordinate check: max |z_res-z_cg| = 5.000444502911705e-12
Return code = 0
Elapsed: 20.5 sec
has_err = False
has_conv = True
has_ss = False
has_fin = True
Using VPP file: /homes/aiskhak/projects/GP/runs/14000/2/cand_006/tamu_2d_fv_gp_csv_vpp_0002.csv
VPP columns: ('id', 'u', 'v', 'x', 'y', 'z')
coordinate check: max |r_res-r_cg| = 5.000444502911705e-12
coordinate check: max |z_res-z_cg| = 5.000444502911705e-12
Return code = 0
Elapsed: 21.52 sec
has_err = False
has_conv = True
has_ss = False
has_fin = True
Using VPP file: /homes/aiskhak/projects/GP/runs/14000/2/cand_000/tamu_2d_fv_gp_csv_vpp_0002.csv
VPP columns: ('id', 'u', 'v', 'x', 'y', 'z')
coordinate check: max |r_res-r_cg| = 5.000444502911705e-12
coordinate check: max |z_res-z_cg| = 5.000444502911705e-12
Return code = 0
Elapsed: 24.41 sec
has_err = False
has_conv = True
has_ss = False
has_fin = True
Using VPP file: /homes/aiskhak/projects/GP/runs/14000/2/cand_007/tamu_2d_fv_gp_csv_vpp_0002.csv
Return code = 0
Elapsed: 24.63 sec
has_err = False
has_conv = True
has_ss = False
has_fin = True
Using VPP file: /homes/aiskhak/projects/GP/runs/14000/2/cand_005/tamu_2d_fv_gp_csv_vpp_0002.csv
Return code = 0
Elapsed: 25.03 sec
has_err = False
has_conv = True
has_ss = False
has_fin = True
Using VPP file: /homes/aiskhak/projects/GP/runs/14000/2/cand_004/tamu_2d_fv_gp_csv_vpp_0002.csv
VPP columns: ('id', 'u', 'v', 'x', 'y', 'z')
coordinate check: max |r_res-r_cg| = 5.000444502911705e-12
coordinate check: max |z_res-z_cg| = 5.000444502911705e-12
VPP columns: ('id', 'u', 'v', 'x', 'y', 'z')
coordinate check: max |r_res-r_cg| = 5.000444502911705e-12
coordinate check: max |z_res-z_cg| = 5.000444502911705e-12
VPP columns: ('id', 'u', 'v', 'x', 'y', 'z')
coordinate check: max |r_res-r_cg| = 5.000444502911705e-12
coordinate check: max |z_res-z_cg| = 5.000444502911705e-12
Return code = 0
Elapsed: 27.16 sec
has_err = False
has_conv = True
has_ss = False
has_fin = True
Using VPP file: /homes/aiskhak/projects/GP/runs/14000/2/cand_003/tamu_2d_fv_gp_csv_vpp_0002.csv
VPP columns: ('id', 'u', 'v', 'x', 'y', 'z')
coordinate check: max |r_res-r_cg| = 5.000444502911705e-12
coordinate check: max |z_res-z_cg| = 5.000444502911705e-12
Return code = 0
Elapsed: 20.78 sec
has_err = False
has_conv = True
has_ss = True
has_fin = True
Using VPP file: /homes/aiskhak/projects/GP/runs/14000/1/cand_003/tamu_2d_fv_gp_csv_vpp_0028.csv
VPP columns: ('id', 'u', 'v', 'x', 'y', 'z')
coordinate check: max |r_res-r_cg| = 5.000444502911705e-12
coordinate check: max |z_res-z_cg| = 5.000444502911705e-12

===== LIVE CHECKPOINT =====
Chunk 1, stage refine_train, candidate batch starting 32, case batch 16/18
Completed result rows: 944
Current best partial candidates:
  n_cases= 22, mean=0.44093388, raw = -0.9*eta_h + -5*eta_y + -0.14
  n_cases= 22, mean=0.44128317, raw = -0.9*eta_h + -5*eta_y + -0.16
  n_cases= 22, mean=0.44140840, raw = -0.9*eta_h + -5*eta_y + -0.12
  n_cases= 22, mean=0.44409889, raw = -0.9*eta_h + -5.2*eta_y + -0.14
  n_cases= 22, mean=0.44428513, raw = -0.9*eta_h + -5*eta_y + -0.2
Checkpoint details: /homes/aiskhak/projects/GP/linear_results_linear_refine_best_screen_C1etaH_C2etaY_C3_CeffMin005_chunk1/linear_refine_best_screen_C1etaH_C2etaY_C3_CeffMin005_chunk1_refine_train_details_checkpoint.csv
Checkpoint summary: /homes/aiskhak/projects/GP/linear_results_linear_refine_best_screen_C1etaH_C2etaY_C3_CeffMin005_chunk1/linear_refine_best_screen_C1etaH_C2etaY_C3_CeffMin005_chunk1_refine_train_summary_checkpoint.csv
===========================


===== Stage refine_train, candidate batch starting 32, case batch 17/18 =====
Running 8 tasks with 64 MPI ranks

===== Linear candidate local_id=000, RE=14000, CG=3 =====
raw = -0.9*eta_h + -5.2*eta_y + -0.14

===== Linear candidate local_id=002, RE=14000, CG=3 =====
raw = -0.9*eta_h + -5.2*eta_y + -0.08
raw min/max = -5.3450887849963715 -0.17015286649129294
C_eff min/max = 0.020502796542725382 0.24746958226086996
lm min/max = 0.006161274616764032 0.10590425094838403

===== Linear candidate local_id=001, RE=14000, CG=3 =====
raw = -0.9*eta_h + -5.2*eta_y + -0.12
raw min/max = -5.325088784996372 -0.15015286649129292
raw min/max = -5.285088784996372 -0.11015286649129293
C_eff min/max = 0.020502910677196354 0.2623526716822204
lm min/max = 0.00653182036316664 0.10590484049360195
C_eff min/max = 0.02050315311138421 0.29515388721428587

===== Linear candidate local_id=004, RE=14000, CG=3 =====
lm min/max = 0.007348475464009217 0.10590609275258114
raw = -0.9*eta_h + -5*eta_y + -0.16

===== Linear candidate local_id=003, RE=14000, CG=3 =====
raw min/max = -5.165088784996372 -0.18918886335687288
raw = -0.9*eta_h + -5*eta_y + -0.2
raw min/max = -5.205088784996372 -0.22918886335687289

===== Linear candidate local_id=005, RE=14000, CG=3 =====
C_eff min/max = 0.020503700243377693 0.20879292209031775
lm min/max = 0.005198337990803955 0.10590891888431488
raw = -0.9*eta_h + -5*eta_y + -0.14
C_eff min/max = 0.020504008445868815 0.23417400355222395
lm min/max = 0.005830253281275554 0.105910510860019
raw min/max = -5.145088784996371 -0.1691888633568729
C_eff min/max = 0.020504172044736507 0.24816503839351453
lm min/max = 0.006178589456745533 0.10591135590647414

===== Linear candidate local_id=007, RE=14000, CG=3 =====
raw = -0.9*eta_h + -5*eta_y + -0.08
raw min/max = -5.085088784996372 -0.10918886335687288
C_eff min/max = 0.02050470400795732 0.29599729296324445
lm min/max = 0.0073694738201918915 0.10591410368609118

===== Linear candidate local_id=006, RE=14000, CG=3 =====
raw = -0.9*eta_h + -5*eta_y + -0.12
raw min/max = -5.125088784996372 -0.14918886335687287
C_eff min/max = 0.020504342321124178 0.2630946438644367
lm min/max = 0.006550293317825833 0.10591223544469971
Running case in: /homes/aiskhak/projects/GP/runs/14000/3/cand_000 with fv_app_run.sh
Running case in: /homes/aiskhak/projects/GP/runs/14000/3/cand_003 with fv_app_run.sh
Running case in: /homes/aiskhak/projects/GP/runs/14000/3/cand_001 with fv_app_run.sh
Running case in: /homes/aiskhak/projects/GP/runs/14000/3/cand_005 with fv_app_run.sh
Running case in: /homes/aiskhak/projects/GP/runs/14000/3/cand_002 with fv_app_run.sh
Running case in: /homes/aiskhak/projects/GP/runs/14000/3/cand_004 with fv_app_run.sh
Running case in: /homes/aiskhak/projects/GP/runs/14000/3/cand_007 with fv_app_run.sh
Running case in: /homes/aiskhak/projects/GP/runs/14000/3/cand_006 with fv_app_run.sh
Return code = 0
Elapsed: 42.05 sec
has_err = False
has_conv = True
has_ss = False
has_fin = True
Using VPP file: /homes/aiskhak/projects/GP/runs/14000/3/cand_004/tamu_2d_fv_gp_csv_vpp_0002.csv
VPP columns: ('id', 'u', 'v', 'x', 'y', 'z')
coordinate check: max |r_res-r_cg| = 5.000444502911705e-12
coordinate check: max |z_res-z_cg| = 5.000444502911705e-12
Return code = 0
Elapsed: 44.74 sec
has_err = False
has_conv = True
has_ss = False
has_fin = True
Using VPP file: /homes/aiskhak/projects/GP/runs/14000/3/cand_006/tamu_2d_fv_gp_csv_vpp_0002.csv
Return code = 0
Elapsed: 46.24 sec
has_err = False
has_conv = True
has_ss = False
has_fin = True
Using VPP file: /homes/aiskhak/projects/GP/runs/14000/3/cand_002/tamu_2d_fv_gp_csv_vpp_0002.csv
VPP columns: ('id', 'u', 'v', 'x', 'y', 'z')
coordinate check: max |r_res-r_cg| = 5.000444502911705e-12
coordinate check: max |z_res-z_cg| = 5.000444502911705e-12
Return code = 0
Elapsed: 46.96 sec
has_err = False
has_conv = True
has_ss = False
has_fin = True
Using VPP file: /homes/aiskhak/projects/GP/runs/14000/3/cand_001/tamu_2d_fv_gp_csv_vpp_0002.csv
VPP columns: ('id', 'u', 'v', 'x', 'y', 'z')
coordinate check: max |r_res-r_cg| = 5.000444502911705e-12
coordinate check: max |z_res-z_cg| = 5.000444502911705e-12
Return code = 0
Elapsed: 46.55 sec
has_err = False
has_conv = True
has_ss = False
has_fin = True
Using VPP file: /homes/aiskhak/projects/GP/runs/14000/3/cand_007/tamu_2d_fv_gp_csv_vpp_0002.csv
VPP columns: ('id', 'u', 'v', 'x', 'y', 'z')
coordinate check: max |r_res-r_cg| = 5.000444502911705e-12
coordinate check: max |z_res-z_cg| = 5.000444502911705e-12
Return code = 0
Elapsed: 48.69 sec
has_err = False
has_conv = True
has_ss = False
has_fin = True
Using VPP file: /homes/aiskhak/projects/GP/runs/14000/3/cand_000/tamu_2d_fv_gp_csv_vpp_0002.csv
VPP columns: ('id', 'u', 'v', 'x', 'y', 'z')
coordinate check: max |r_res-r_cg| = 5.000444502911705e-12
coordinate check: max |z_res-z_cg| = 5.000444502911705e-12
Return code = 0
Elapsed: 51.31 sec
has_err = False
has_conv = True
has_ss = False
has_fin = True
Using VPP file: /homes/aiskhak/projects/GP/runs/14000/3/cand_005/tamu_2d_fv_gp_csv_vpp_0002.csv
VPP columns: ('id', 'u', 'v', 'x', 'y', 'z')
coordinate check: max |r_res-r_cg| = 5.000444502911705e-12
coordinate check: max |z_res-z_cg| = 5.000444502911705e-12
Return code = 0
Elapsed: 52.65 sec
has_err = False
has_conv = True
has_ss = False
has_fin = True
Using VPP file: /homes/aiskhak/projects/GP/runs/14000/3/cand_003/tamu_2d_fv_gp_csv_vpp_0002.csv
VPP columns: ('id', 'u', 'v', 'x', 'y', 'z')
coordinate check: max |r_res-r_cg| = 5.000444502911705e-12
coordinate check: max |z_res-z_cg| = 5.000444502911705e-12
VPP columns: ('id', 'u', 'v', 'x', 'y', 'z')
coordinate check: max |r_res-r_cg| = 5.000444502911705e-12
coordinate check: max |z_res-z_cg| = 5.000444502911705e-12

===== LIVE CHECKPOINT =====
Chunk 1, stage refine_train, candidate batch starting 32, case batch 17/18
Completed result rows: 952
Current best partial candidates:
  n_cases= 23, mean=0.44289160, raw = -0.9*eta_h + -5*eta_y + -0.14
  n_cases= 23, mean=0.44294716, raw = -0.9*eta_h + -5*eta_y + -0.12
  n_cases= 23, mean=0.44362585, raw = -0.9*eta_h + -5*eta_y + -0.16
  n_cases= 24, mean=0.44551393, raw = -1.1*eta_h + -4.8*eta_y + -0.12
  n_cases= 23, mean=0.44553135, raw = -0.9*eta_h + -5*eta_y + -0.08
Checkpoint details: /homes/aiskhak/projects/GP/linear_results_linear_refine_best_screen_C1etaH_C2etaY_C3_CeffMin005_chunk1/linear_refine_best_screen_C1etaH_C2etaY_C3_CeffMin005_chunk1_refine_train_details_checkpoint.csv
Checkpoint summary: /homes/aiskhak/projects/GP/linear_results_linear_refine_best_screen_C1etaH_C2etaY_C3_CeffMin005_chunk1/linear_refine_best_screen_C1etaH_C2etaY_C3_CeffMin005_chunk1_refine_train_summary_checkpoint.csv
===========================


===== Stage refine_train, candidate batch starting 32, case batch 18/18 =====
Running 8 tasks with 96 MPI ranks

===== Linear candidate local_id=000, RE=14000, CG=4 =====
raw = -0.9*eta_h + -5.2*eta_y + -0.14
raw min/max = -5.342538538352326 -0.15506742565350926
C_eff min/max = 0.020502810843563854 0.25860573220192534
lm min/max = 0.0032259382324752246 0.10615052498265057

===== Linear candidate local_id=001, RE=14000, CG=4 =====
raw = -0.9*eta_h + -5.2*eta_y + -0.12
raw min/max = -5.322538538352326 -0.13506742565350924
C_eff min/max = 0.020502925561718458 0.27423188601611154
lm min/max = 0.003420864333248433 0.10615111892035156

===== Linear candidate local_id=002, RE=14000, CG=4 =====
raw = -0.9*eta_h + -5.2*eta_y + -0.08
raw min/max = -5.282538538352326 -0.09506742565350924
C_eff min/max = 0.02050316923572185 0.30865232872098447
lm min/max = 0.0038502369583442732 0.10615238050948594

===== Linear candidate local_id=003, RE=14000, CG=4 =====
raw = -0.9*eta_h + -5*eta_y + -0.2
raw min/max = -5.202538538352326 -0.2145855453726945
C_eff min/max = 0.020503719165800436 0.2176753774280131
lm min/max = 0.002715358690368094 0.10615522769795152

===== Linear candidate local_id=004, RE=14000, CG=4 =====
raw = -0.9*eta_h + -5*eta_y + -0.16
raw min/max = -5.162538538352326 -0.1745855453726945
C_eff min/max = 0.02050402894449046 0.24429962106995123
lm min/max = 0.0030474788052006615 0.10615683153514366

===== Linear candidate local_id=005, RE=14000, CG=4 =====
raw = -0.9*eta_h + -5*eta_y + -0.14
raw min/max = -5.142538538352325 -0.1545855453726945

===== Linear candidate local_id=006, RE=14000, CG=4 =====
C_eff min/max = 0.020504193380036458 0.2589705005561195
lm min/max = 0.0032304884803362162 0.10615768287790182
raw = -0.9*eta_h + -5*eta_y + -0.12
raw min/max = -5.122538538352326 -0.1345855453726945
C_eff min/max = 0.02050436452725741 0.27462092855577536
lm min/max = 0.003425717385777759 0.1061585689694476

===== Linear candidate local_id=007, RE=14000, CG=4 =====
raw = -0.9*eta_h + -5*eta_y + -0.08
raw min/max = -5.082538538352326 -0.09458554537269448
C_eff min/max = 0.020504728063857683 0.30909422774641304
lm min/max = 0.0038557493611393917 0.10616045113093579
Running case in: /homes/aiskhak/projects/GP/runs/14000/4/cand_000 with fv_app_run.sh
Running case in: /homes/aiskhak/projects/GP/runs/14000/4/cand_001 with fv_app_run.sh
Running case in: /homes/aiskhak/projects/GP/runs/14000/4/cand_003 with fv_app_run.sh
Running case in: /homes/aiskhak/projects/GP/runs/14000/4/cand_002 with fv_app_run.sh
Running case in: /homes/aiskhak/projects/GP/runs/14000/4/cand_007 with fv_app_run.sh
Running case in: /homes/aiskhak/projects/GP/runs/14000/4/cand_005 with fv_app_run.sh
Running case in: /homes/aiskhak/projects/GP/runs/14000/4/cand_004 with fv_app_run.sh
Running case in: /homes/aiskhak/projects/GP/runs/14000/4/cand_006 with fv_app_run.sh
Return code = 0
Elapsed: 119.96 sec
has_err = False
has_conv = True
has_ss = False
has_fin = True
Using VPP file: /homes/aiskhak/projects/GP/runs/14000/4/cand_001/tamu_2d_fv_gp_csv_vpp_0002.csv
Return code = 0
Elapsed: 120.32 sec
has_err = False
has_conv = True
has_ss = False
has_fin = True
Using VPP file: /homes/aiskhak/projects/GP/runs/14000/4/cand_006/tamu_2d_fv_gp_csv_vpp_0002.csv
VPP columns: ('id', 'u', 'v', 'x', 'y', 'z')
coordinate check: max |r_res-r_cg| = 5.000444502911705e-12
coordinate check: max |z_res-z_cg| = 5.000444502911705e-12
VPP columns: ('id', 'u', 'v', 'x', 'y', 'z')
coordinate check: max |r_res-r_cg| = 5.000444502911705e-12
coordinate check: max |z_res-z_cg| = 5.000444502911705e-12
Return code = 0
Elapsed: 130.48 sec
has_err = False
has_conv = True
has_ss = False
has_fin = True
Using VPP file: /homes/aiskhak/projects/GP/runs/14000/4/cand_005/tamu_2d_fv_gp_csv_vpp_0002.csv
Return code = 0
Elapsed: 130.66 sec
has_err = False
has_conv = True
has_ss = False
has_fin = True
Using VPP file: /homes/aiskhak/projects/GP/runs/14000/4/cand_007/tamu_2d_fv_gp_csv_vpp_0002.csv
VPP columns: ('id', 'u', 'v', 'x', 'y', 'z')
coordinate check: max |r_res-r_cg| = 5.000444502911705e-12
coordinate check: max |z_res-z_cg| = 5.000444502911705e-12
VPP columns: ('id', 'u', 'v', 'x', 'y', 'z')
coordinate check: max |r_res-r_cg| = 5.000444502911705e-12
coordinate check: max |z_res-z_cg| = 5.000444502911705e-12
Return code = 0
Elapsed: 133.76 sec
has_err = False
has_conv = True
has_ss = False
has_fin = True
Using VPP file: /homes/aiskhak/projects/GP/runs/14000/4/cand_002/tamu_2d_fv_gp_csv_vpp_0002.csv
Return code = 0
Elapsed: 135.38 sec
has_err = False
has_conv = True
has_ss = False
has_fin = True
Using VPP file: /homes/aiskhak/projects/GP/runs/14000/4/cand_004/tamu_2d_fv_gp_csv_vpp_0002.csv
Return code = 0
Elapsed: 139.59 sec
has_err = False
has_conv = True
has_ss = False
has_fin = True
Using VPP file: /homes/aiskhak/projects/GP/runs/14000/4/cand_000/tamu_2d_fv_gp_csv_vpp_0002.csv
VPP columns: ('id', 'u', 'v', 'x', 'y', 'z')
coordinate check: max |r_res-r_cg| = 5.000444502911705e-12
coordinate check: max |z_res-z_cg| = 5.000444502911705e-12
VPP columns: ('id', 'u', 'v', 'x', 'y', 'z')
coordinate check: max |r_res-r_cg| = 5.000444502911705e-12
coordinate check: max |z_res-z_cg| = 5.000444502911705e-12
VPP columns: ('id', 'u', 'v', 'x', 'y', 'z')
coordinate check: max |r_res-r_cg| = 5.000444502911705e-12
coordinate check: max |z_res-z_cg| = 5.000444502911705e-12
Return code = 0
Elapsed: 157.84 sec
has_err = False
has_conv = True
has_ss = False
has_fin = True
Using VPP file: /homes/aiskhak/projects/GP/runs/14000/4/cand_003/tamu_2d_fv_gp_csv_vpp_0002.csv
VPP columns: ('id', 'u', 'v', 'x', 'y', 'z')
coordinate check: max |r_res-r_cg| = 5.000444502911705e-12
coordinate check: max |z_res-z_cg| = 5.000444502911705e-12

===== LIVE CHECKPOINT =====
Chunk 1, stage refine_train, candidate batch starting 32, case batch 18/18
Completed result rows: 960
Current best partial candidates:
  n_cases= 24, mean=0.44551393, raw = -1.1*eta_h + -4.8*eta_y + -0.12
  n_cases= 24, mean=0.44567944, raw = -1*eta_h + -4.8*eta_y + -0.12
  n_cases= 24, mean=0.44578409, raw = -1.1*eta_h + -4.8*eta_y + -0.14
  n_cases= 24, mean=0.44590633, raw = -1*eta_h + -4.8*eta_y + -0.14
  n_cases= 24, mean=0.44693273, raw = -1.1*eta_h + -4.8*eta_y + -0.16
Checkpoint details: /homes/aiskhak/projects/GP/linear_results_linear_refine_best_screen_C1etaH_C2etaY_C3_CeffMin005_chunk1/linear_refine_best_screen_C1etaH_C2etaY_C3_CeffMin005_chunk1_refine_train_details_checkpoint.csv
Checkpoint summary: /homes/aiskhak/projects/GP/linear_results_linear_refine_best_screen_C1etaH_C2etaY_C3_CeffMin005_chunk1/linear_refine_best_screen_C1etaH_C2etaY_C3_CeffMin005_chunk1_refine_train_summary_checkpoint.csv
===========================


===== Candidate batch 40..44 =====

===== Stage refine_train, candidate batch starting 40, case batch 1/8 =====
Running 15 tasks with 80 MPI ranks

===== Linear candidate local_id=000, RE=3000, CG=1 =====
raw = -0.9*eta_h + -4.8*eta_y + -0.2
raw min/max = -5.020495276380439 -0.31241014873652506
C_eff min/max = 0.02050535276076469 0.16559819896314837
lm min/max = 0.016282452348399763 0.10528994545642616

===== Linear candidate local_id=000, RE=3000, CG=2 =====
raw = -0.9*eta_h + -4.8*eta_y + -0.2
raw min/max = -5.010182724428476 -0.2562866515364352
C_eff min/max = 0.020505464318300828 0.19340190831408513
lm min/max = 0.009590029761575905 0.10586005740103782

===== Linear candidate local_id=001, RE=3000, CG=1 =====
raw = -0.9*eta_h + -4.8*eta_y + -0.16

===== Linear candidate local_id=000, RE=3000, CG=3 =====
raw = -0.9*eta_h + -4.8*eta_y + -0.2
raw min/max = -4.980495276380439 -0.2724101487365251
C_eff min/max = 0.020505798618511477 0.18487753588131728
lm min/max = 0.01817809424936444 0.10529223482634768

===== Linear candidate local_id=001, RE=3000, CG=2 =====
raw = -0.9*eta_h + -4.8*eta_y + -0.16
raw min/max = -4.970182724428476 -0.21628665153643523
C_eff min/max = 0.02050591946911641 0.2166185976085785
lm min/max = 0.010741252845361976 0.10586240713039365
raw min/max = -5.005088784996372 -0.22822486022245284
C_eff min/max = 0.02050552027767613 0.2093662082856512
lm min/max = 0.005212611153797077 0.10591832001009178

===== Linear candidate local_id=001, RE=3000, CG=3 =====
raw = -0.9*eta_h + -4.8*eta_y + -0.16
raw min/max = -4.965088784996372 -0.18822486022245283
Running case in: /homes/aiskhak/projects/GP/runs/3000/1/cand_000 with fv_app_run.sh
C_eff min/max = 0.020505980090084964 0.23482766233336932
lm min/max = 0.005846527488471048 0.10592069510505177

===== Linear candidate local_id=002, RE=3000, CG=1 =====
raw = -0.9*eta_h + -4.8*eta_y + -0.14
raw min/max = -4.960495276380438 -0.2524101487365251
C_eff min/max = 0.0205060352878255 0.19552013715943972
lm min/max = 0.019224528626423154 0.10529345006509315
Running case in: /homes/aiskhak/projects/GP/runs/3000/1/cand_001 with fv_app_run.sh

===== Linear candidate local_id=002, RE=3000, CG=2 =====
raw = -0.9*eta_h + -4.8*eta_y + -0.14
raw min/max = -4.950182724428475 -0.19628665153643524
C_eff min/max = 0.020506161071414362 0.22942407967732895
lm min/max = 0.011376225660372715 0.105863654409301

===== Linear candidate local_id=003, RE=3000, CG=1 =====

===== Linear candidate local_id=002, RE=3000, CG=3 =====
raw = -0.9*eta_h + -4.8*eta_y + -0.14
raw = -0.9*eta_h + -4.8*eta_y + -0.12
raw min/max = -4.940495276380439 -0.23241014873652507
raw min/max = -4.945088784996371 -0.16822486022245284
C_eff min/max = 0.02050622416686933 0.2488626746451923
C_eff min/max = 0.020506281617730035 0.20689039963225442
lm min/max = 0.006195958575365798 0.10592195584862732
lm min/max = 0.0203425103319102 0.105294714908596
Running case in: /homes/aiskhak/projects/GP/runs/3000/1/cand_002 with fv_app_run.sh

===== Linear candidate local_id=003, RE=3000, CG=2 =====
raw = -0.9*eta_h + -4.8*eta_y + -0.12
raw min/max = -4.930182724428476 -0.17628665153643522
C_eff min/max = 0.020506412535703112 0.24309517959381743
lm min/max = 0.012054121014226647 0.10586495260102337
Running case in: /homes/aiskhak/projects/GP/runs/3000/2/cand_000 with fv_app_run.sh

===== Linear candidate local_id=004, RE=3000, CG=2 =====
raw = -0.9*eta_h + -4.8*eta_y + -0.08
raw min/max = -4.890182724428476 -0.1362866515364352
C_eff min/max = 0.020506946677272053 0.27325023661676784
lm min/max = 0.013549390098347942 0.10586771012244646

===== Linear candidate local_id=004, RE=3000, CG=1 =====
raw = -0.9*eta_h + -4.8*eta_y + -0.08
raw min/max = -4.900495276380439 -0.19241014873652507
C_eff min/max = 0.020506804853089113 0.23200462248897863
lm min/max = 0.022811867725239722 0.10529740159353436

===== Linear candidate local_id=004, RE=3000, CG=3 =====
raw = -0.9*eta_h + -4.8*eta_y + -0.08

===== Linear candidate local_id=003, RE=3000, CG=3 =====
Running case in: /homes/aiskhak/projects/GP/runs/3000/2/cand_001 with fv_app_run.sh
raw = -0.9*eta_h + -4.8*eta_y + -0.12
raw min/max = -4.885088784996372 -0.10822486022245283
C_eff min/max = 0.020507017819023768 0.2968432863801405
lm min/max = 0.007390536601798628 0.10592605534484746
raw min/max = -4.925088784996372 -0.14822486022245282
C_eff min/max = 0.020506478206671664 0.2638389272327593
lm min/max = 0.006568823814313646 0.10592326805474131
Running case in: /homes/aiskhak/projects/GP/runs/3000/1/cand_003 with fv_app_run.sh
Running case in: /homes/aiskhak/projects/GP/runs/3000/1/cand_004 with fv_app_run.sh
Running case in: /homes/aiskhak/projects/GP/runs/3000/2/cand_002 with fv_app_run.sh
Running case in: /homes/aiskhak/projects/GP/runs/3000/3/cand_001 with fv_app_run.sh
Running case in: /homes/aiskhak/projects/GP/runs/3000/2/cand_004 with fv_app_run.sh
Running case in: /homes/aiskhak/projects/GP/runs/3000/3/cand_002 with fv_app_run.sh
Running case in: /homes/aiskhak/projects/GP/runs/3000/3/cand_000 with fv_app_run.sh
Running case in: /homes/aiskhak/projects/GP/runs/3000/2/cand_003 with fv_app_run.sh
Running case in: /homes/aiskhak/projects/GP/runs/3000/3/cand_003 with fv_app_run.sh
Running case in: /homes/aiskhak/projects/GP/runs/3000/3/cand_004 with fv_app_run.sh
Return code = 0
Elapsed: 18.06 sec
has_err = False
has_conv = True
has_ss = False
has_fin = True
Using VPP file: /homes/aiskhak/projects/GP/runs/3000/1/cand_001/tamu_2d_fv_gp_csv_vpp_0002.csv
Return code = 0
Elapsed: 17.87 sec
has_err = False
has_conv = True
has_ss = False
has_fin = True
Using VPP file: /homes/aiskhak/projects/GP/runs/3000/1/cand_003/tamu_2d_fv_gp_csv_vpp_0002.csv
VPP columns: ('id', 'u', 'v', 'x', 'y', 'z')
coordinate check: max |r_res-r_cg| = 5.000444502911705e-12
coordinate check: max |z_res-z_cg| = 5.000444502911705e-12
Return code = 0
Elapsed: 18.78 sec
has_err = False
has_conv = True
has_ss = False
has_fin = True
Using VPP file: /homes/aiskhak/projects/GP/runs/3000/1/cand_000/tamu_2d_fv_gp_csv_vpp_0002.csv
VPP columns: ('id', 'u', 'v', 'x', 'y', 'z')
coordinate check: max |r_res-r_cg| = 5.000444502911705e-12
coordinate check: max |z_res-z_cg| = 5.000444502911705e-12
Return code = 0
Elapsed: 18.67 sec
has_err = False
has_conv = True
has_ss = False
has_fin = True
Using VPP file: /homes/aiskhak/projects/GP/runs/3000/1/cand_004/tamu_2d_fv_gp_csv_vpp_0002.csv
Return code = 0
Elapsed: 19.09 sec
has_err = False
has_conv = True
has_ss = False
has_fin = True
Using VPP file: /homes/aiskhak/projects/GP/runs/3000/1/cand_002/tamu_2d_fv_gp_csv_vpp_0002.csv
VPP columns: ('id', 'u', 'v', 'x', 'y', 'z')
coordinate check: max |r_res-r_cg| = 5.000444502911705e-12
coordinate check: max |z_res-z_cg| = 5.000444502911705e-12
VPP columns: ('id', 'u', 'v', 'x', 'y', 'z')
coordinate check: max |r_res-r_cg| = 5.000444502911705e-12
coordinate check: max |z_res-z_cg| = 5.000444502911705e-12
VPP columns: ('id', 'u', 'v', 'x', 'y', 'z')
coordinate check: max |r_res-r_cg| = 5.000444502911705e-12
coordinate check: max |z_res-z_cg| = 5.000444502911705e-12
Return code = 0
Return code = 0
Elapsed: 21.98 sec
Elapsed: 21.75 sec
Return code = 0
Elapsed: 21.67 sec
has_err = False
has_conv = True
has_ss = False
has_fin = True
has_err = False
has_conv = True
has_ss = False
has_fin = True
has_err = False
has_conv = True
has_ss = False
has_fin = True
Return code = 0
Elapsed: 21.96 sec
has_err = False
has_conv = True
has_ss = False
has_fin = True
Using VPP file: /homes/aiskhak/projects/GP/runs/3000/2/cand_000/tamu_2d_fv_gp_csv_vpp_0002.csv
Using VPP file: /homes/aiskhak/projects/GP/runs/3000/2/cand_004/tamu_2d_fv_gp_csv_vpp_0002.csv
Using VPP file: /homes/aiskhak/projects/GP/runs/3000/2/cand_003/tamu_2d_fv_gp_csv_vpp_0002.csv
Using VPP file: /homes/aiskhak/projects/GP/runs/3000/2/cand_001/tamu_2d_fv_gp_csv_vpp_0002.csv
VPP columns: ('id', 'u', 'v', 'x', 'y', 'z')
coordinate check: max |r_res-r_cg| = 5.000444502911705e-12
coordinate check: max |z_res-z_cg| = 5.000444502911705e-12
VPP columns: ('id', 'u', 'v', 'x', 'y', 'z')
coordinate check: max |r_res-r_cg| = 5.000444502911705e-12
coordinate check: max |z_res-z_cg| = 5.000444502911705e-12
Return code = 0
Elapsed: 22.13 sec
has_err = False
has_conv = True
has_ss = False
has_fin = True
Using VPP file: /homes/aiskhak/projects/GP/runs/3000/2/cand_002/tamu_2d_fv_gp_csv_vpp_0002.csv
VPP columns: ('id', 'u', 'v', 'x', 'y', 'z')
coordinate check: max |r_res-r_cg| = 5.000444502911705e-12
coordinate check: max |z_res-z_cg| = 5.000444502911705e-12
VPP columns: ('id', 'u', 'v', 'x', 'y', 'z')
coordinate check: max |r_res-r_cg| = 5.000444502911705e-12
coordinate check: max |z_res-z_cg| = 5.000444502911705e-12
VPP columns: ('id', 'u', 'v', 'x', 'y', 'z')
coordinate check: max |r_res-r_cg| = 5.000444502911705e-12
coordinate check: max |z_res-z_cg| = 5.000444502911705e-12
Return code = 0
Elapsed: 29.04 sec
has_err = False
has_conv = True
has_ss = False
has_fin = True
Using VPP file: /homes/aiskhak/projects/GP/runs/3000/3/cand_001/tamu_2d_fv_gp_csv_vpp_0002.csv
Return code = 0
Elapsed: 28.77 sec
has_err = False
has_conv = True
has_ss = False
has_fin = True
Using VPP file: /homes/aiskhak/projects/GP/runs/3000/3/cand_003/tamu_2d_fv_gp_csv_vpp_0002.csv
Return code = 0
Elapsed: 28.81 sec
has_err = False
has_conv = True
has_ss = False
has_fin = True
Using VPP file: /homes/aiskhak/projects/GP/runs/3000/3/cand_004/tamu_2d_fv_gp_csv_vpp_0002.csv
VPP columns: ('id', 'u', 'v', 'x', 'y', 'z')
coordinate check: max |r_res-r_cg| = 5.000444502911705e-12
coordinate check: max |z_res-z_cg| = 5.000444502911705e-12
VPP columns: ('id', 'u', 'v', 'x', 'y', 'z')
coordinate check: max |r_res-r_cg| = 5.000444502911705e-12
coordinate check: max |z_res-z_cg| = 5.000444502911705e-12
Return code = 0
Elapsed: 29.35 sec
has_err = False
has_conv = True
has_ss = False
has_fin = True
Using VPP file: /homes/aiskhak/projects/GP/runs/3000/3/cand_000/tamu_2d_fv_gp_csv_vpp_0002.csv
VPP columns: ('id', 'u', 'v', 'x', 'y', 'z')
coordinate check: max |r_res-r_cg| = 5.000444502911705e-12
coordinate check: max |z_res-z_cg| = 5.000444502911705e-12
VPP columns: ('id', 'u', 'v', 'x', 'y', 'z')
coordinate check: max |r_res-r_cg| = 5.000444502911705e-12
coordinate check: max |z_res-z_cg| = 5.000444502911705e-12
Return code = 0
Elapsed: 31.34 sec
has_err = False
has_conv = True
has_ss = False
has_fin = True
Using VPP file: /homes/aiskhak/projects/GP/runs/3000/3/cand_002/tamu_2d_fv_gp_csv_vpp_0002.csv
VPP columns: ('id', 'u', 'v', 'x', 'y', 'z')
coordinate check: max |r_res-r_cg| = 5.000444502911705e-12
coordinate check: max |z_res-z_cg| = 5.000444502911705e-12

===== LIVE CHECKPOINT =====
Chunk 1, stage refine_train, candidate batch starting 40, case batch 1/8
Completed result rows: 975
Current best partial candidates:
  n_cases= 24, mean=0.44551393, raw = -1.1*eta_h + -4.8*eta_y + -0.12
  n_cases= 24, mean=0.44567944, raw = -1*eta_h + -4.8*eta_y + -0.12
  n_cases= 24, mean=0.44578409, raw = -1.1*eta_h + -4.8*eta_y + -0.14
  n_cases= 24, mean=0.44590633, raw = -1*eta_h + -4.8*eta_y + -0.14
  n_cases= 24, mean=0.44693273, raw = -1.1*eta_h + -4.8*eta_y + -0.16
Checkpoint details: /homes/aiskhak/projects/GP/linear_results_linear_refine_best_screen_C1etaH_C2etaY_C3_CeffMin005_chunk1/linear_refine_best_screen_C1etaH_C2etaY_C3_CeffMin005_chunk1_refine_train_details_checkpoint.csv
Checkpoint summary: /homes/aiskhak/projects/GP/linear_results_linear_refine_best_screen_C1etaH_C2etaY_C3_CeffMin005_chunk1/linear_refine_best_screen_C1etaH_C2etaY_C3_CeffMin005_chunk1_refine_train_summary_checkpoint.csv
===========================


===== Stage refine_train, candidate batch starting 40, case batch 2/8 =====
Running 15 tasks with 100 MPI ranks

===== Linear candidate local_id=000, RE=3413, CG=1 =====
raw = -0.9*eta_h + -4.8*eta_y + -0.2
raw min/max = -5.020495276380439 -0.31241014873652506
C_eff min/max = 0.02050535276076469 0.16559819896314837
lm min/max = 0.016282452348399763 0.10528994545642616

===== Linear candidate local_id=000, RE=3000, CG=4 =====
raw = -0.9*eta_h + -4.8*eta_y + -0.2

===== Linear candidate local_id=000, RE=3413, CG=2 =====
raw = -0.9*eta_h + -4.8*eta_y + -0.2
raw min/max = -5.010182724428476 -0.2562866515364352
C_eff min/max = 0.020505464318300828 0.19340190831408513
lm min/max = 0.009590029761575905 0.10586005740103782
raw min/max = -5.002538538352326 -0.21410366509187975
C_eff min/max = 0.020505548508287272 0.21797581128136134
lm min/max = 0.0027191064071939884 0.10616469887079862
Running case in: /homes/aiskhak/projects/GP/runs/3413/1/cand_000 with fv_app_run.sh
Running case in: /homes/aiskhak/projects/GP/runs/3413/2/cand_000 with fv_app_run.sh

===== Linear candidate local_id=001, RE=3413, CG=1 =====
raw = -0.9*eta_h + -4.8*eta_y + -0.16

===== Linear candidate local_id=001, RE=3000, CG=4 =====
raw = -0.9*eta_h + -4.8*eta_y + -0.16
raw min/max = -4.980495276380439 -0.2724101487365251
C_eff min/max = 0.020505798618511477 0.18487753588131728
lm min/max = 0.01817809424936444 0.10529223482634768
raw min/max = -4.962538538352326 -0.17410366509187974
C_eff min/max = 0.02050601067239893 0.24464202174432545
lm min/max = 0.003051750030810721 0.10616709166286283

===== Linear candidate local_id=001, RE=3413, CG=2 =====
raw = -0.9*eta_h + -4.8*eta_y + -0.16
raw min/max = -4.970182724428476 -0.21628665153643523
C_eff min/max = 0.02050591946911641 0.2166185976085785
lm min/max = 0.010741252845361976 0.10586240713039365
Running case in: /homes/aiskhak/projects/GP/runs/3413/1/cand_001 with fv_app_run.sh

===== Linear candidate local_id=002, RE=3413, CG=1 =====
raw = -0.9*eta_h + -4.8*eta_y + -0.14
raw min/max = -4.960495276380438 -0.2524101487365251
C_eff min/max = 0.0205060352878255 0.19552013715943972
lm min/max = 0.019224528626423154 0.10529345006509315

===== Linear candidate local_id=002, RE=3413, CG=2 =====
raw = -0.9*eta_h + -4.8*eta_y + -0.14
raw min/max = -4.950182724428475 -0.19628665153643524
C_eff min/max = 0.020506161071414362 0.22942407967732895
lm min/max = 0.011376225660372715 0.105863654409301
Running case in: /homes/aiskhak/projects/GP/runs/3413/2/cand_001 with fv_app_run.sh

===== Linear candidate local_id=002, RE=3000, CG=4 =====
raw = -0.9*eta_h + -4.8*eta_y + -0.14

===== Linear candidate local_id=003, RE=3413, CG=1 =====
raw = -0.9*eta_h + -4.8*eta_y + -0.12
raw min/max = -4.940495276380439 -0.23241014873652507
C_eff min/max = 0.020506281617730035 0.20689039963225442
lm min/max = 0.0203425103319102 0.105294714908596

===== Linear candidate local_id=003, RE=3413, CG=2 =====
raw = -0.9*eta_h + -4.8*eta_y + -0.12
Running case in: /homes/aiskhak/projects/GP/runs/3413/1/cand_002 with fv_app_run.sh
raw min/max = -4.930182724428476 -0.17628665153643522
C_eff min/max = 0.020506412535703112 0.24309517959381743
lm min/max = 0.012054121014226647 0.10586495260102337
raw min/max = -4.942538538352325 -0.15410366509187975
C_eff min/max = 0.02050625599752424 0.2593358374568528
lm min/max = 0.003235045820445326 0.10616836180045723
Running case in: /homes/aiskhak/projects/GP/runs/3413/2/cand_002 with fv_app_run.sh

===== Linear candidate local_id=003, RE=3000, CG=4 =====
raw = -0.9*eta_h + -4.8*eta_y + -0.12
Running case in: /homes/aiskhak/projects/GP/runs/3413/1/cand_003 with fv_app_run.sh
raw min/max = -4.922538538352326 -0.13410366509187974
C_eff min/max = 0.02050651133663436 0.275010573285119
lm min/max = 0.0034305779502314918 0.10616968378410106

===== Linear candidate local_id=004, RE=3000, CG=4 =====

===== Linear candidate local_id=004, RE=3413, CG=1 =====
raw = -0.9*eta_h + -4.8*eta_y + -0.08
raw min/max = -4.900495276380439 -0.19241014873652507
C_eff min/max = 0.020506804853089113 0.23200462248897863
lm min/max = 0.022811867725239722 0.10529740159353436
raw = -0.9*eta_h + -4.8*eta_y + -0.08

===== Linear candidate local_id=004, RE=3413, CG=2 =====
raw = -0.9*eta_h + -4.8*eta_y + -0.08
raw min/max = -4.890182724428476 -0.1362866515364352
C_eff min/max = 0.020506946677272053 0.27325023661676784
lm min/max = 0.013549390098347942 0.10586771012244646
Running case in: /homes/aiskhak/projects/GP/runs/3413/2/cand_004 with fv_app_run.sh
Running case in: /homes/aiskhak/projects/GP/runs/3413/1/cand_004 with fv_app_run.sh
raw min/max = -4.882538538352326 -0.09410366509187973
C_eff min/max = 0.020507053708914643 0.3095367996917637
Running case in: /homes/aiskhak/projects/GP/runs/3000/4/cand_000 with fv_app_run.sh
lm min/max = 0.0038612701581726637 0.10617249184309001
Running case in: /homes/aiskhak/projects/GP/runs/3413/2/cand_003 with fv_app_run.sh
Running case in: /homes/aiskhak/projects/GP/runs/3000/4/cand_001 with fv_app_run.sh
Running case in: /homes/aiskhak/projects/GP/runs/3000/4/cand_002 with fv_app_run.sh
Running case in: /homes/aiskhak/projects/GP/runs/3000/4/cand_003 with fv_app_run.sh
Running case in: /homes/aiskhak/projects/GP/runs/3000/4/cand_004 with fv_app_run.sh
Return code = 0
Elapsed: 9.7 sec
has_err = False
has_conv = True
has_ss = False
has_fin = True
Using VPP file: /homes/aiskhak/projects/GP/runs/3413/1/cand_000/tamu_2d_fv_gp_csv_vpp_0002.csv
VPP columns: ('id', 'u', 'v', 'x', 'y', 'z')
coordinate check: max |r_res-r_cg| = 5.000444502911705e-12
coordinate check: max |z_res-z_cg| = 5.000444502911705e-12
Return code = 0
Elapsed: 10.83 sec
has_err = False
has_conv = True
has_ss = False
has_fin = True
Using VPP file: /homes/aiskhak/projects/GP/runs/3413/1/cand_001/tamu_2d_fv_gp_csv_vpp_0002.csv
VPP columns: ('id', 'u', 'v', 'x', 'y', 'z')
coordinate check: max |r_res-r_cg| = 5.000444502911705e-12
coordinate check: max |z_res-z_cg| = 5.000444502911705e-12
Return code = 0
Elapsed: 10.92 sec
has_err = False
has_conv = True
has_ss = False
has_fin = True
Using VPP file: /homes/aiskhak/projects/GP/runs/3413/1/cand_002/tamu_2d_fv_gp_csv_vpp_0002.csv
VPP columns: ('id', 'u', 'v', 'x', 'y', 'z')
coordinate check: max |r_res-r_cg| = 5.000444502911705e-12
coordinate check: max |z_res-z_cg| = 5.000444502911705e-12
Return code = 0
Elapsed: 11.9 sec
has_err = False
has_conv = True
has_ss = False
has_fin = True
Using VPP file: /homes/aiskhak/projects/GP/runs/3413/1/cand_003/tamu_2d_fv_gp_csv_vpp_0002.csv
VPP columns: ('id', 'u', 'v', 'x', 'y', 'z')
coordinate check: max |r_res-r_cg| = 5.000444502911705e-12
coordinate check: max |z_res-z_cg| = 5.000444502911705e-12
Return code = 0
Elapsed: 15.65 sec
has_err = False
has_conv = True
has_ss = False
has_fin = True
Using VPP file: /homes/aiskhak/projects/GP/runs/3413/2/cand_000/tamu_2d_fv_gp_csv_vpp_0002.csv
Return code = 0
Elapsed: 15.41 sec
has_err = False
has_conv = True
has_ss = False
has_fin = True
Using VPP file: /homes/aiskhak/projects/GP/runs/3413/2/cand_002/tamu_2d_fv_gp_csv_vpp_0002.csv
VPP columns: ('id', 'u', 'v', 'x', 'y', 'z')
coordinate check: max |r_res-r_cg| = 5.000444502911705e-12
coordinate check: max |z_res-z_cg| = 5.000444502911705e-12
VPP columns: ('id', 'u', 'v', 'x', 'y', 'z')
coordinate check: max |r_res-r_cg| = 5.000444502911705e-12
coordinate check: max |z_res-z_cg| = 5.000444502911705e-12
Return code = 0
Elapsed: 15.74 sec
has_err = False
has_conv = True
has_ss = False
has_fin = True
Using VPP file: /homes/aiskhak/projects/GP/runs/3413/1/cand_004/tamu_2d_fv_gp_csv_vpp_0002.csv
VPP columns: ('id', 'u', 'v', 'x', 'y', 'z')
coordinate check: max |r_res-r_cg| = 5.000444502911705e-12
coordinate check: max |z_res-z_cg| = 5.000444502911705e-12
Return code = 0
Elapsed: 19.07 sec
has_err = False
has_conv = True
has_ss = False
has_fin = True
Return code = 0
Elapsed: 19.66 sec
has_err = False
has_conv = True
has_ss = False
has_fin = True
Return code = 0
Elapsed: 19.04 sec
has_err = False
has_conv = True
has_ss = False
has_fin = True
Using VPP file: /homes/aiskhak/projects/GP/runs/3413/2/cand_003/tamu_2d_fv_gp_csv_vpp_0002.csv
Using VPP file: /homes/aiskhak/projects/GP/runs/3413/2/cand_001/tamu_2d_fv_gp_csv_vpp_0002.csv
Using VPP file: /homes/aiskhak/projects/GP/runs/3413/2/cand_004/tamu_2d_fv_gp_csv_vpp_0002.csv
VPP columns: ('id', 'u', 'v', 'x', 'y', 'z')
coordinate check: max |r_res-r_cg| = 5.000444502911705e-12
coordinate check: max |z_res-z_cg| = 5.000444502911705e-12
VPP columns: ('id', 'u', 'v', 'x', 'y', 'z')
coordinate check: max |r_res-r_cg| = 5.000444502911705e-12
coordinate check: max |z_res-z_cg| = 5.000444502911705e-12
VPP columns: ('id', 'u', 'v', 'x', 'y', 'z')
coordinate check: max |r_res-r_cg| = 5.000444502911705e-12
coordinate check: max |z_res-z_cg| = 5.000444502911705e-12
Return code = 0
Elapsed: 66.99 sec
has_err = False
has_conv = True
has_ss = False
has_fin = True
Using VPP file: /homes/aiskhak/projects/GP/runs/3000/4/cand_000/tamu_2d_fv_gp_csv_vpp_0002.csv
Return code = 0
Elapsed: 66.56 sec
has_err = False
has_conv = True
has_ss = False
has_fin = True
Using VPP file: /homes/aiskhak/projects/GP/runs/3000/4/cand_001/tamu_2d_fv_gp_csv_vpp_0002.csv
Return code = 0
Elapsed: 67.37 sec
has_err = False
has_conv = True
has_ss = False
has_fin = True
Using VPP file: /homes/aiskhak/projects/GP/runs/3000/4/cand_003/tamu_2d_fv_gp_csv_vpp_0002.csv
VPP columns: ('id', 'u', 'v', 'x', 'y', 'z')
coordinate check: max |r_res-r_cg| = 5.000444502911705e-12
coordinate check: max |z_res-z_cg| = 5.000444502911705e-12
Return code = 0
Elapsed: 68.1 sec
has_err = False
has_conv = True
has_ss = False
has_fin = True
Using VPP file: /homes/aiskhak/projects/GP/runs/3000/4/cand_002/tamu_2d_fv_gp_csv_vpp_0002.csv
Return code = 0
Elapsed: 68.46 sec
has_err = False
has_conv = True
has_ss = False
has_fin = True
Using VPP file: /homes/aiskhak/projects/GP/runs/3000/4/cand_004/tamu_2d_fv_gp_csv_vpp_0002.csv
VPP columns: ('id', 'u', 'v', 'x', 'y', 'z')
coordinate check: max |r_res-r_cg| = 5.000444502911705e-12
coordinate check: max |z_res-z_cg| = 5.000444502911705e-12
VPP columns: ('id', 'u', 'v', 'x', 'y', 'z')
coordinate check: max |r_res-r_cg| = 5.000444502911705e-12
coordinate check: max |z_res-z_cg| = 5.000444502911705e-12
VPP columns: ('id', 'u', 'v', 'x', 'y', 'z')
coordinate check: max |r_res-r_cg| = 5.000444502911705e-12
coordinate check: max |z_res-z_cg| = 5.000444502911705e-12
VPP columns: ('id', 'u', 'v', 'x', 'y', 'z')
coordinate check: max |r_res-r_cg| = 5.000444502911705e-12
coordinate check: max |z_res-z_cg| = 5.000444502911705e-12

===== LIVE CHECKPOINT =====
Chunk 1, stage refine_train, candidate batch starting 40, case batch 2/8
Completed result rows: 990
Current best partial candidates:
  n_cases= 24, mean=0.44551393, raw = -1.1*eta_h + -4.8*eta_y + -0.12
  n_cases= 24, mean=0.44567944, raw = -1*eta_h + -4.8*eta_y + -0.12
  n_cases= 24, mean=0.44578409, raw = -1.1*eta_h + -4.8*eta_y + -0.14
  n_cases= 24, mean=0.44590633, raw = -1*eta_h + -4.8*eta_y + -0.14
  n_cases= 24, mean=0.44693273, raw = -1.1*eta_h + -4.8*eta_y + -0.16
Checkpoint details: /homes/aiskhak/projects/GP/linear_results_linear_refine_best_screen_C1etaH_C2etaY_C3_CeffMin005_chunk1/linear_refine_best_screen_C1etaH_C2etaY_C3_CeffMin005_chunk1_refine_train_details_checkpoint.csv
Checkpoint summary: /homes/aiskhak/projects/GP/linear_results_linear_refine_best_screen_C1etaH_C2etaY_C3_CeffMin005_chunk1/linear_refine_best_screen_C1etaH_C2etaY_C3_CeffMin005_chunk1_refine_train_summary_checkpoint.csv
===========================


===== Stage refine_train, candidate batch starting 40, case batch 3/8 =====
Running 15 tasks with 120 MPI ranks

===== Linear candidate local_id=000, RE=3413, CG=3 =====
raw = -0.9*eta_h + -4.8*eta_y + -0.2
raw min/max = -5.005088784996372 -0.22822486022245284
C_eff min/max = 0.02050552027767613 0.2093662082856512
lm min/max = 0.005212611153797077 0.10591832001009178

===== Linear candidate local_id=000, RE=3413, CG=4 =====
raw = -0.9*eta_h + -4.8*eta_y + -0.2

===== Linear candidate local_id=000, RE=7912, CG=1 =====
raw = -0.9*eta_h + -4.8*eta_y + -0.2
raw min/max = -5.020495276380439 -0.31241014873652506
C_eff min/max = 0.02050535276076469 0.16559819896314837
lm min/max = 0.016282452348399763 0.10528994545642616
raw min/max = -5.002538538352326 -0.21410366509187975

===== Linear candidate local_id=001, RE=3413, CG=3 =====
raw = -0.9*eta_h + -4.8*eta_y + -0.16
C_eff min/max = 0.020505548508287272 0.21797581128136134
lm min/max = 0.0027191064071939884 0.10616469887079862
raw min/max = -4.965088784996372 -0.18822486022245283
C_eff min/max = 0.020505980090084964 0.23482766233336932
lm min/max = 0.005846527488471048 0.10592069510505177
Running case in: /homes/aiskhak/projects/GP/runs/7912/1/cand_000 with fv_app_run.sh

===== Linear candidate local_id=001, RE=7912, CG=1 =====
raw = -0.9*eta_h + -4.8*eta_y + -0.16
raw min/max = -4.980495276380439 -0.2724101487365251
C_eff min/max = 0.020505798618511477 0.18487753588131728
lm min/max = 0.01817809424936444 0.10529223482634768

===== Linear candidate local_id=002, RE=3413, CG=3 =====
raw = -0.9*eta_h + -4.8*eta_y + -0.14
raw min/max = -4.945088784996371 -0.16822486022245284
C_eff min/max = 0.02050622416686933 0.2488626746451923
lm min/max = 0.006195958575365798 0.10592195584862732

===== Linear candidate local_id=001, RE=3413, CG=4 =====
raw = -0.9*eta_h + -4.8*eta_y + -0.16
Running case in: /homes/aiskhak/projects/GP/runs/3413/3/cand_000 with fv_app_run.sh
Running case in: /homes/aiskhak/projects/GP/runs/7912/1/cand_001 with fv_app_run.sh

===== Linear candidate local_id=002, RE=3413, CG=4 =====

===== Linear candidate local_id=002, RE=7912, CG=1 =====
raw = -0.9*eta_h + -4.8*eta_y + -0.14
raw min/max = -4.962538538352326 -0.17410366509187974
C_eff min/max = 0.02050601067239893 0.24464202174432545
lm min/max = 0.003051750030810721 0.10616709166286283
raw min/max = -4.960495276380438 -0.2524101487365251
C_eff min/max = 0.0205060352878255 0.19552013715943972
lm min/max = 0.019224528626423154 0.10529345006509315
raw = -0.9*eta_h + -4.8*eta_y + -0.14
Running case in: /homes/aiskhak/projects/GP/runs/3413/3/cand_001 with fv_app_run.sh

===== Linear candidate local_id=003, RE=3413, CG=3 =====
raw = -0.9*eta_h + -4.8*eta_y + -0.12
raw min/max = -4.925088784996372 -0.14822486022245282
C_eff min/max = 0.020506478206671664 0.2638389272327593
lm min/max = 0.006568823814313646 0.10592326805474131
raw min/max = -4.942538538352325 -0.15410366509187975
C_eff min/max = 0.02050625599752424 0.2593358374568528
lm min/max = 0.003235045820445326 0.10616836180045723

===== Linear candidate local_id=003, RE=3413, CG=4 =====
raw = -0.9*eta_h + -4.8*eta_y + -0.12
Running case in: /homes/aiskhak/projects/GP/runs/7912/1/cand_002 with fv_app_run.sh

===== Linear candidate local_id=003, RE=7912, CG=1 =====
raw = -0.9*eta_h + -4.8*eta_y + -0.12
raw min/max = -4.940495276380439 -0.23241014873652507
C_eff min/max = 0.020506281617730035 0.20689039963225442
lm min/max = 0.0203425103319102 0.105294714908596
raw min/max = -4.922538538352326 -0.13410366509187974
C_eff min/max = 0.02050651133663436 0.275010573285119
lm min/max = 0.0034305779502314918 0.10616968378410106

===== Linear candidate local_id=004, RE=3413, CG=3 =====
raw = -0.9*eta_h + -4.8*eta_y + -0.08
raw min/max = -4.885088784996372 -0.10822486022245283
C_eff min/max = 0.020507017819023768 0.2968432863801405
lm min/max = 0.007390536601798628 0.10592605534484746
Running case in: /homes/aiskhak/projects/GP/runs/7912/1/cand_003 with fv_app_run.sh

===== Linear candidate local_id=004, RE=7912, CG=1 =====
raw = -0.9*eta_h + -4.8*eta_y + -0.08
raw min/max = -4.900495276380439 -0.19241014873652507
C_eff min/max = 0.020506804853089113 0.23200462248897863
lm min/max = 0.022811867725239722 0.10529740159353436

===== Linear candidate local_id=004, RE=3413, CG=4 =====
raw = -0.9*eta_h + -4.8*eta_y + -0.08
Running case in: /homes/aiskhak/projects/GP/runs/7912/1/cand_004 with fv_app_run.sh
raw min/max = -4.882538538352326 -0.09410366509187973
C_eff min/max = 0.020507053708914643 0.3095367996917637
lm min/max = 0.0038612701581726637 0.10617249184309001
Running case in: /homes/aiskhak/projects/GP/runs/3413/3/cand_002 with fv_app_run.sh
Running case in: /homes/aiskhak/projects/GP/runs/3413/3/cand_003 with fv_app_run.sh
Running case in: /homes/aiskhak/projects/GP/runs/3413/3/cand_004 with fv_app_run.sh
Running case in: /homes/aiskhak/projects/GP/runs/3413/4/cand_000 with fv_app_run.sh
Running case in: /homes/aiskhak/projects/GP/runs/3413/4/cand_001 with fv_app_run.sh
Running case in: /homes/aiskhak/projects/GP/runs/3413/4/cand_003 with fv_app_run.sh
Running case in: /homes/aiskhak/projects/GP/runs/3413/4/cand_002 with fv_app_run.sh
Running case in: /homes/aiskhak/projects/GP/runs/3413/4/cand_004 with fv_app_run.sh
Return code = 0
Elapsed: 19.07 sec
has_err = False
has_conv = True
has_ss = False
has_fin = True
Using VPP file: /homes/aiskhak/projects/GP/runs/7912/1/cand_001/tamu_2d_fv_gp_csv_vpp_0002.csv
Return code = 0
Elapsed: 18.53 sec
has_err = False
has_conv = True
has_ss = False
has_fin = True
Return code = 0
Elapsed: 18.83 sec
has_err = False
has_conv = True
has_ss = False
has_fin = True
Return code = 0
Elapsed: 18.7 sec
has_err = False
has_conv = True
has_ss = False
has_fin = True
Using VPP file: /homes/aiskhak/projects/GP/runs/7912/1/cand_002/tamu_2d_fv_gp_csv_vpp_0002.csv
Using VPP file: /homes/aiskhak/projects/GP/runs/7912/1/cand_004/tamu_2d_fv_gp_csv_vpp_0002.csv
Using VPP file: /homes/aiskhak/projects/GP/runs/7912/1/cand_003/tamu_2d_fv_gp_csv_vpp_0002.csv
Return code = 0
Elapsed: 19.31 sec
has_err = False
has_conv = True
has_ss = False
has_fin = True
Using VPP file: /homes/aiskhak/projects/GP/runs/7912/1/cand_000/tamu_2d_fv_gp_csv_vpp_0002.csv
VPP columns: ('id', 'u', 'v', 'x', 'y', 'z')
coordinate check: max |r_res-r_cg| = 5.000444502911705e-12
coordinate check: max |z_res-z_cg| = 5.000444502911705e-12
VPP columns: ('id', 'u', 'v', 'x', 'y', 'z')
coordinate check: max |r_res-r_cg| = 5.000444502911705e-12
coordinate check: max |z_res-z_cg| = 5.000444502911705e-12
VPP columns: ('id', 'u', 'v', 'x', 'y', 'z')
coordinate check: max |r_res-r_cg| = 5.000444502911705e-12
coordinate check: max |z_res-z_cg| = 5.000444502911705e-12
VPP columns: ('id', 'u', 'v', 'x', 'y', 'z')
coordinate check: max |r_res-r_cg| = 5.000444502911705e-12
coordinate check: max |z_res-z_cg| = 5.000444502911705e-12
VPP columns: ('id', 'u', 'v', 'x', 'y', 'z')
coordinate check: max |r_res-r_cg| = 5.000444502911705e-12
coordinate check: max |z_res-z_cg| = 5.000444502911705e-12
Return code = 0
Elapsed: 29.23 sec
has_err = False
has_conv = True
has_ss = False
has_fin = True
Using VPP file: /homes/aiskhak/projects/GP/runs/3413/3/cand_000/tamu_2d_fv_gp_csv_vpp_0002.csv
Return code = 0
Elapsed: 28.24 sec
has_err = False
has_conv = True
has_ss = False
has_fin = True
Using VPP file: /homes/aiskhak/projects/GP/runs/3413/3/cand_004/tamu_2d_fv_gp_csv_vpp_0002.csv
VPP columns: ('id', 'u', 'v', 'x', 'y', 'z')
coordinate check: max |r_res-r_cg| = 5.000444502911705e-12
coordinate check: max |z_res-z_cg| = 5.000444502911705e-12
Return code = 0
Elapsed: 30.28 sec
has_err = False
has_conv = True
has_ss = False
has_fin = True
Using VPP file: /homes/aiskhak/projects/GP/runs/3413/3/cand_001/tamu_2d_fv_gp_csv_vpp_0002.csv
Return code = 0
Elapsed: 29.64 sec
has_err = False
has_conv = True
has_ss = False
has_fin = True
Using VPP file: /homes/aiskhak/projects/GP/runs/3413/3/cand_002/tamu_2d_fv_gp_csv_vpp_0002.csv
VPP columns: ('id', 'u', 'v', 'x', 'y', 'z')
coordinate check: max |r_res-r_cg| = 5.000444502911705e-12
coordinate check: max |z_res-z_cg| = 5.000444502911705e-12
Return code = 0
Elapsed: 29.74 sec
has_err = False
has_conv = True
has_ss = False
has_fin = True
Using VPP file: /homes/aiskhak/projects/GP/runs/3413/3/cand_003/tamu_2d_fv_gp_csv_vpp_0002.csv
VPP columns: ('id', 'u', 'v', 'x', 'y', 'z')
coordinate check: max |r_res-r_cg| = 5.000444502911705e-12
coordinate check: max |z_res-z_cg| = 5.000444502911705e-12
VPP columns: ('id', 'u', 'v', 'x', 'y', 'z')
coordinate check: max |r_res-r_cg| = 5.000444502911705e-12
coordinate check: max |z_res-z_cg| = 5.000444502911705e-12
VPP columns: ('id', 'u', 'v', 'x', 'y', 'z')
coordinate check: max |r_res-r_cg| = 5.000444502911705e-12
coordinate check: max |z_res-z_cg| = 5.000444502911705e-12
Return code = 0
Elapsed: 70.3 sec
has_err = False
has_conv = True
has_ss = False
has_fin = True
Using VPP file: /homes/aiskhak/projects/GP/runs/3413/4/cand_002/tamu_2d_fv_gp_csv_vpp_0002.csv
Return code = 0
Elapsed: 70.64 sec
has_err = False
has_conv = True
has_ss = False
has_fin = True
Using VPP file: /homes/aiskhak/projects/GP/runs/3413/4/cand_001/tamu_2d_fv_gp_csv_vpp_0002.csv
Return code = 0
Elapsed: 70.68 sec
has_err = False
has_conv = True
has_ss = False
has_fin = True
Using VPP file: /homes/aiskhak/projects/GP/runs/3413/4/cand_000/tamu_2d_fv_gp_csv_vpp_0002.csv
VPP columns: ('id', 'u', 'v', 'x', 'y', 'z')
coordinate check: max |r_res-r_cg| = 5.000444502911705e-12
coordinate check: max |z_res-z_cg| = 5.000444502911705e-12
VPP columns: ('id', 'u', 'v', 'x', 'y', 'z')
coordinate check: max |r_res-r_cg| = 5.000444502911705e-12
coordinate check: max |z_res-z_cg| = 5.000444502911705e-12
VPP columns: ('id', 'u', 'v', 'x', 'y', 'z')
coordinate check: max |r_res-r_cg| = 5.000444502911705e-12
coordinate check: max |z_res-z_cg| = 5.000444502911705e-12
Return code = 0
Elapsed: 72.68 sec
has_err = False
has_conv = True
has_ss = False
has_fin = True
Using VPP file: /homes/aiskhak/projects/GP/runs/3413/4/cand_004/tamu_2d_fv_gp_csv_vpp_0002.csv
Return code = 0
Elapsed: 74.14 sec
has_err = False
has_conv = True
has_ss = False
has_fin = True
Using VPP file: /homes/aiskhak/projects/GP/runs/3413/4/cand_003/tamu_2d_fv_gp_csv_vpp_0002.csv
VPP columns: ('id', 'u', 'v', 'x', 'y', 'z')
coordinate check: max |r_res-r_cg| = 5.000444502911705e-12
coordinate check: max |z_res-z_cg| = 5.000444502911705e-12
VPP columns: ('id', 'u', 'v', 'x', 'y', 'z')
coordinate check: max |r_res-r_cg| = 5.000444502911705e-12
coordinate check: max |z_res-z_cg| = 5.000444502911705e-12

===== LIVE CHECKPOINT =====
Chunk 1, stage refine_train, candidate batch starting 40, case batch 3/8
Completed result rows: 1005
Current best partial candidates:
  n_cases= 24, mean=0.44551393, raw = -1.1*eta_h + -4.8*eta_y + -0.12
  n_cases= 24, mean=0.44567944, raw = -1*eta_h + -4.8*eta_y + -0.12
  n_cases= 24, mean=0.44578409, raw = -1.1*eta_h + -4.8*eta_y + -0.14
  n_cases= 24, mean=0.44590633, raw = -1*eta_h + -4.8*eta_y + -0.14
  n_cases= 24, mean=0.44693273, raw = -1.1*eta_h + -4.8*eta_y + -0.16
Checkpoint details: /homes/aiskhak/projects/GP/linear_results_linear_refine_best_screen_C1etaH_C2etaY_C3_CeffMin005_chunk1/linear_refine_best_screen_C1etaH_C2etaY_C3_CeffMin005_chunk1_refine_train_details_checkpoint.csv
Checkpoint summary: /homes/aiskhak/projects/GP/linear_results_linear_refine_best_screen_C1etaH_C2etaY_C3_CeffMin005_chunk1/linear_refine_best_screen_C1etaH_C2etaY_C3_CeffMin005_chunk1_refine_train_summary_checkpoint.csv
===========================


===== Stage refine_train, candidate batch starting 40, case batch 4/8 =====
Running 15 tasks with 120 MPI ranks

===== Linear candidate local_id=000, RE=7912, CG=2 =====
raw = -0.9*eta_h + -4.8*eta_y + -0.2
raw min/max = -5.010182724428476 -0.2562866515364352
C_eff min/max = 0.020505464318300828 0.19340190831408513
lm min/max = 0.009590029761575905 0.10586005740103782

===== Linear candidate local_id=000, RE=7912, CG=3 =====
raw = -0.9*eta_h + -4.8*eta_y + -0.2
raw min/max = -5.005088784996372 -0.22822486022245284
C_eff min/max = 0.02050552027767613 0.2093662082856512
lm min/max = 0.005212611153797077 0.10591832001009178

===== Linear candidate local_id=001, RE=7912, CG=2 =====
raw = -0.9*eta_h + -4.8*eta_y + -0.16

===== Linear candidate local_id=000, RE=7912, CG=4 =====
raw = -0.9*eta_h + -4.8*eta_y + -0.2
raw min/max = -4.970182724428476 -0.21628665153643523
C_eff min/max = 0.02050591946911641 0.2166185976085785
lm min/max = 0.010741252845361976 0.10586240713039365

===== Linear candidate local_id=001, RE=7912, CG=3 =====
raw = -0.9*eta_h + -4.8*eta_y + -0.16
raw min/max = -4.965088784996372 -0.18822486022245283
C_eff min/max = 0.020505980090084964 0.23482766233336932
lm min/max = 0.005846527488471048 0.10592069510505177
Running case in: /homes/aiskhak/projects/GP/runs/7912/2/cand_000 with fv_app_run.sh
raw min/max = -5.002538538352326 -0.21410366509187975
C_eff min/max = 0.020505548508287272 0.21797581128136134
lm min/max = 0.0027191064071939884 0.10616469887079862

===== Linear candidate local_id=002, RE=7912, CG=2 =====
raw = -0.9*eta_h + -4.8*eta_y + -0.14
raw min/max = -4.950182724428475 -0.19628665153643524
C_eff min/max = 0.020506161071414362 0.22942407967732895
lm min/max = 0.011376225660372715 0.105863654409301

===== Linear candidate local_id=001, RE=7912, CG=4 =====
raw = -0.9*eta_h + -4.8*eta_y + -0.16
Running case in: /homes/aiskhak/projects/GP/runs/7912/2/cand_001 with fv_app_run.sh

===== Linear candidate local_id=002, RE=7912, CG=3 =====
raw = -0.9*eta_h + -4.8*eta_y + -0.14
raw min/max = -4.945088784996371 -0.16822486022245284
C_eff min/max = 0.02050622416686933 0.2488626746451923
lm min/max = 0.006195958575365798 0.10592195584862732
raw min/max = -4.962538538352326 -0.17410366509187974
C_eff min/max = 0.02050601067239893 0.24464202174432545
lm min/max = 0.003051750030810721 0.10616709166286283
Running case in: /homes/aiskhak/projects/GP/runs/7912/2/cand_002 with fv_app_run.sh

===== Linear candidate local_id=003, RE=7912, CG=2 =====
raw = -0.9*eta_h + -4.8*eta_y + -0.12
raw min/max = -4.930182724428476 -0.17628665153643522
C_eff min/max = 0.020506412535703112 0.24309517959381743
lm min/max = 0.012054121014226647 0.10586495260102337

===== Linear candidate local_id=002, RE=7912, CG=4 =====
raw = -0.9*eta_h + -4.8*eta_y + -0.14

===== Linear candidate local_id=003, RE=7912, CG=3 =====
raw = -0.9*eta_h + -4.8*eta_y + -0.12
raw min/max = -4.925088784996372 -0.14822486022245282
C_eff min/max = 0.020506478206671664 0.2638389272327593
lm min/max = 0.006568823814313646 0.10592326805474131
Running case in: /homes/aiskhak/projects/GP/runs/7912/3/cand_001 with fv_app_run.sh
raw min/max = -4.942538538352325 -0.15410366509187975
C_eff min/max = 0.02050625599752424 0.2593358374568528
lm min/max = 0.003235045820445326 0.10616836180045723
Running case in: /homes/aiskhak/projects/GP/runs/7912/2/cand_003 with fv_app_run.sh

===== Linear candidate local_id=003, RE=7912, CG=4 =====
raw = -0.9*eta_h + -4.8*eta_y + -0.12

===== Linear candidate local_id=004, RE=7912, CG=2 =====
raw = -0.9*eta_h + -4.8*eta_y + -0.08
raw min/max = -4.890182724428476 -0.1362866515364352
C_eff min/max = 0.020506946677272053 0.27325023661676784
lm min/max = 0.013549390098347942 0.10586771012244646
Running case in: /homes/aiskhak/projects/GP/runs/7912/3/cand_000 with fv_app_run.sh
raw min/max = -4.922538538352326 -0.13410366509187974

===== Linear candidate local_id=004, RE=7912, CG=3 =====
raw = -0.9*eta_h + -4.8*eta_y + -0.08
raw min/max = -4.885088784996372 -0.10822486022245283
C_eff min/max = 0.020507017819023768 0.2968432863801405
lm min/max = 0.007390536601798628 0.10592605534484746
C_eff min/max = 0.02050651133663436 0.275010573285119
lm min/max = 0.0034305779502314918 0.10616968378410106

===== Linear candidate local_id=004, RE=7912, CG=4 =====
Running case in: /homes/aiskhak/projects/GP/runs/7912/2/cand_004 with fv_app_run.sh
raw = -0.9*eta_h + -4.8*eta_y + -0.08
raw min/max = -4.882538538352326 -0.09410366509187973
C_eff min/max = 0.020507053708914643 0.3095367996917637
lm min/max = 0.0038612701581726637 0.10617249184309001
Running case in: /homes/aiskhak/projects/GP/runs/7912/3/cand_002 with fv_app_run.sh
Running case in: /homes/aiskhak/projects/GP/runs/7912/3/cand_003 with fv_app_run.sh
Running case in: /homes/aiskhak/projects/GP/runs/7912/4/cand_000 with fv_app_run.sh
Running case in: /homes/aiskhak/projects/GP/runs/7912/4/cand_001 with fv_app_run.sh
Running case in: /homes/aiskhak/projects/GP/runs/7912/4/cand_002 with fv_app_run.sh
Running case in: /homes/aiskhak/projects/GP/runs/7912/3/cand_004 with fv_app_run.sh
Running case in: /homes/aiskhak/projects/GP/runs/7912/4/cand_004 with fv_app_run.sh
Running case in: /homes/aiskhak/projects/GP/runs/7912/4/cand_003 with fv_app_run.sh
Return code = 0
Elapsed: 15.95 sec
has_err = False
has_conv = True
has_ss = False
has_fin = True
Using VPP file: /homes/aiskhak/projects/GP/runs/7912/2/cand_004/tamu_2d_fv_gp_csv_vpp_0002.csv
VPP columns: ('id', 'u', 'v', 'x', 'y', 'z')
coordinate check: max |r_res-r_cg| = 5.000444502911705e-12
coordinate check: max |z_res-z_cg| = 5.000444502911705e-12
Return code = 0
Elapsed: 19.56 sec
has_err = False
has_conv = True
has_ss = False
has_fin = True
Return code = 0
Elapsed: 19.96 sec
has_err = False
has_conv = True
has_ss = False
has_fin = True
Using VPP file: /homes/aiskhak/projects/GP/runs/7912/2/cand_003/tamu_2d_fv_gp_csv_vpp_0002.csv
Using VPP file: /homes/aiskhak/projects/GP/runs/7912/2/cand_000/tamu_2d_fv_gp_csv_vpp_0002.csv
VPP columns: ('id', 'u', 'v', 'x', 'y', 'z')
coordinate check: max |r_res-r_cg| = 5.000444502911705e-12
coordinate check: max |z_res-z_cg| = 5.000444502911705e-12
VPP columns: ('id', 'u', 'v', 'x', 'y', 'z')
coordinate check: max |r_res-r_cg| = 5.000444502911705e-12
coordinate check: max |z_res-z_cg| = 5.000444502911705e-12
Return code = 0
Elapsed: 20.32 sec
has_err = False
has_conv = True
has_ss = False
has_fin = True
Using VPP file: /homes/aiskhak/projects/GP/runs/7912/2/cand_002/tamu_2d_fv_gp_csv_vpp_0002.csv
VPP columns: ('id', 'u', 'v', 'x', 'y', 'z')
coordinate check: max |r_res-r_cg| = 5.000444502911705e-12
coordinate check: max |z_res-z_cg| = 5.000444502911705e-12
Return code = 0
Elapsed: 24.88 sec
has_err = False
has_conv = True
has_ss = False
has_fin = True
Using VPP file: /homes/aiskhak/projects/GP/runs/7912/2/cand_001/tamu_2d_fv_gp_csv_vpp_0002.csv
VPP columns: ('id', 'u', 'v', 'x', 'y', 'z')
coordinate check: max |r_res-r_cg| = 5.000444502911705e-12
coordinate check: max |z_res-z_cg| = 5.000444502911705e-12
Return code = 0
Elapsed: 37.55 sec
has_err = False
has_conv = True
has_ss = False
has_fin = True
Using VPP file: /homes/aiskhak/projects/GP/runs/7912/3/cand_002/tamu_2d_fv_gp_csv_vpp_0002.csv
VPP columns: ('id', 'u', 'v', 'x', 'y', 'z')
coordinate check: max |r_res-r_cg| = 5.000444502911705e-12
coordinate check: max |z_res-z_cg| = 5.000444502911705e-12
Return code = 0
Elapsed: 40.23 sec
has_err = False
has_conv = True
has_ss = False
has_fin = True
Using VPP file: /homes/aiskhak/projects/GP/runs/7912/3/cand_001/tamu_2d_fv_gp_csv_vpp_0002.csv
VPP columns: ('id', 'u', 'v', 'x', 'y', 'z')
coordinate check: max |r_res-r_cg| = 5.000444502911705e-12
coordinate check: max |z_res-z_cg| = 5.000444502911705e-12
Return code = 0
Elapsed: 44.29 sec
has_err = False
has_conv = True
has_ss = False
has_fin = True
Using VPP file: /homes/aiskhak/projects/GP/runs/7912/3/cand_000/tamu_2d_fv_gp_csv_vpp_0002.csv
VPP columns: ('id', 'u', 'v', 'x', 'y', 'z')
coordinate check: max |r_res-r_cg| = 5.000444502911705e-12
coordinate check: max |z_res-z_cg| = 5.000444502911705e-12
Return code = 0
Elapsed: 44.73 sec
has_err = False
has_conv = True
has_ss = False
has_fin = True
Using VPP file: /homes/aiskhak/projects/GP/runs/7912/3/cand_003/tamu_2d_fv_gp_csv_vpp_0002.csv
VPP columns: ('id', 'u', 'v', 'x', 'y', 'z')
coordinate check: max |r_res-r_cg| = 5.000444502911705e-12
coordinate check: max |z_res-z_cg| = 5.000444502911705e-12
Return code = 0
Elapsed: 44.38 sec
has_err = False
has_conv = True
has_ss = False
has_fin = True
Using VPP file: /homes/aiskhak/projects/GP/runs/7912/3/cand_004/tamu_2d_fv_gp_csv_vpp_0002.csv
VPP columns: ('id', 'u', 'v', 'x', 'y', 'z')
coordinate check: max |r_res-r_cg| = 5.000444502911705e-12
coordinate check: max |z_res-z_cg| = 5.000444502911705e-12
Return code = 0
Elapsed: 103.03 sec
has_err = False
has_conv = True
has_ss = False
has_fin = True
Using VPP file: /homes/aiskhak/projects/GP/runs/7912/4/cand_004/tamu_2d_fv_gp_csv_vpp_0002.csv
VPP columns: ('id', 'u', 'v', 'x', 'y', 'z')
coordinate check: max |r_res-r_cg| = 5.000444502911705e-12
coordinate check: max |z_res-z_cg| = 5.000444502911705e-12
Return code = 0
Elapsed: 104.95 sec
has_err = False
has_conv = True
has_ss = False
has_fin = True
Using VPP file: /homes/aiskhak/projects/GP/runs/7912/4/cand_002/tamu_2d_fv_gp_csv_vpp_0002.csv
VPP columns: ('id', 'u', 'v', 'x', 'y', 'z')
coordinate check: max |r_res-r_cg| = 5.000444502911705e-12
coordinate check: max |z_res-z_cg| = 5.000444502911705e-12
Return code = 0
Elapsed: 111.39 sec
has_err = False
has_conv = True
has_ss = False
has_fin = True
Using VPP file: /homes/aiskhak/projects/GP/runs/7912/4/cand_003/tamu_2d_fv_gp_csv_vpp_0002.csv
VPP columns: ('id', 'u', 'v', 'x', 'y', 'z')
coordinate check: max |r_res-r_cg| = 5.000444502911705e-12
coordinate check: max |z_res-z_cg| = 5.000444502911705e-12
Return code = 0
Elapsed: 126.57 sec
has_err = False
has_conv = True
has_ss = False
has_fin = True
Using VPP file: /homes/aiskhak/projects/GP/runs/7912/4/cand_001/tamu_2d_fv_gp_csv_vpp_0002.csv
VPP columns: ('id', 'u', 'v', 'x', 'y', 'z')
coordinate check: max |r_res-r_cg| = 5.000444502911705e-12
coordinate check: max |z_res-z_cg| = 5.000444502911705e-12
Return code = 0
Elapsed: 449.88 sec
has_err = True
has_conv = False
has_ss = False
has_fin = True
Steady failed; trying unsteady fallback
Running case in: /homes/aiskhak/projects/GP/runs/7912/4/cand_000 with fv_app_run_unsteady.sh
Return code = 0
Elapsed: 779.44 sec
has_err = False
has_conv = True
has_ss = True
has_fin = True
Using VPP file: /homes/aiskhak/projects/GP/runs/7912/4/cand_000/tamu_2d_fv_gp_csv_vpp_0027.csv
VPP columns: ('id', 'u', 'v', 'x', 'y', 'z')
coordinate check: max |r_res-r_cg| = 5.000444502911705e-12
coordinate check: max |z_res-z_cg| = 5.000444502911705e-12

===== LIVE CHECKPOINT =====
Chunk 1, stage refine_train, candidate batch starting 40, case batch 4/8
Completed result rows: 1020
Current best partial candidates:
  n_cases= 24, mean=0.44551393, raw = -1.1*eta_h + -4.8*eta_y + -0.12
  n_cases= 24, mean=0.44567944, raw = -1*eta_h + -4.8*eta_y + -0.12
  n_cases= 24, mean=0.44578409, raw = -1.1*eta_h + -4.8*eta_y + -0.14
  n_cases= 24, mean=0.44590633, raw = -1*eta_h + -4.8*eta_y + -0.14
  n_cases= 24, mean=0.44693273, raw = -1.1*eta_h + -4.8*eta_y + -0.16
Checkpoint details: /homes/aiskhak/projects/GP/linear_results_linear_refine_best_screen_C1etaH_C2etaY_C3_CeffMin005_chunk1/linear_refine_best_screen_C1etaH_C2etaY_C3_CeffMin005_chunk1_refine_train_details_checkpoint.csv
Checkpoint summary: /homes/aiskhak/projects/GP/linear_results_linear_refine_best_screen_C1etaH_C2etaY_C3_CeffMin005_chunk1/linear_refine_best_screen_C1etaH_C2etaY_C3_CeffMin005_chunk1_refine_train_summary_checkpoint.csv
===========================


===== Stage refine_train, candidate batch starting 40, case batch 5/8 =====
Running 15 tasks with 80 MPI ranks

===== Linear candidate local_id=000, RE=9000, CG=1 =====
raw = -0.9*eta_h + -4.8*eta_y + -0.2
raw min/max = -5.020495276380439 -0.31241014873652506
C_eff min/max = 0.02050535276076469 0.16559819896314837
lm min/max = 0.016282452348399763 0.10528994545642616

===== Linear candidate local_id=000, RE=9000, CG=2 =====
raw = -0.9*eta_h + -4.8*eta_y + -0.2
raw min/max = -5.010182724428476 -0.2562866515364352
C_eff min/max = 0.020505464318300828 0.19340190831408513
lm min/max = 0.009590029761575905 0.10586005740103782

===== Linear candidate local_id=001, RE=9000, CG=1 =====
raw = -0.9*eta_h + -4.8*eta_y + -0.16

===== Linear candidate local_id=000, RE=9000, CG=3 =====
raw = -0.9*eta_h + -4.8*eta_y + -0.2
raw min/max = -4.980495276380439 -0.2724101487365251
C_eff min/max = 0.020505798618511477 0.18487753588131728
lm min/max = 0.01817809424936444 0.10529223482634768
raw min/max = -5.005088784996372 -0.22822486022245284
C_eff min/max = 0.02050552027767613 0.2093662082856512
lm min/max = 0.005212611153797077 0.10591832001009178

===== Linear candidate local_id=001, RE=9000, CG=2 =====
raw = -0.9*eta_h + -4.8*eta_y + -0.16
raw min/max = -4.970182724428476 -0.21628665153643523
C_eff min/max = 0.02050591946911641 0.2166185976085785
lm min/max = 0.010741252845361976 0.10586240713039365

===== Linear candidate local_id=002, RE=9000, CG=1 =====
raw = -0.9*eta_h + -4.8*eta_y + -0.14
raw min/max = -4.960495276380438 -0.2524101487365251

===== Linear candidate local_id=001, RE=9000, CG=3 =====
C_eff min/max = 0.0205060352878255 0.19552013715943972
raw = -0.9*eta_h + -4.8*eta_y + -0.16
lm min/max = 0.019224528626423154 0.10529345006509315

===== Linear candidate local_id=002, RE=9000, CG=2 =====
raw = -0.9*eta_h + -4.8*eta_y + -0.14
raw min/max = -4.950182724428475 -0.19628665153643524
C_eff min/max = 0.020506161071414362 0.22942407967732895
lm min/max = 0.011376225660372715 0.105863654409301
raw min/max = -4.965088784996372 -0.18822486022245283
C_eff min/max = 0.020505980090084964 0.23482766233336932
lm min/max = 0.005846527488471048 0.10592069510505177
Running case in: /homes/aiskhak/projects/GP/runs/9000/1/cand_000 with fv_app_run.sh
Running case in: /homes/aiskhak/projects/GP/runs/9000/1/cand_002 with fv_app_run.sh

===== Linear candidate local_id=003, RE=9000, CG=1 =====
raw = -0.9*eta_h + -4.8*eta_y + -0.12
raw min/max = -4.940495276380439 -0.23241014873652507
C_eff min/max = 0.020506281617730035 0.20689039963225442
lm min/max = 0.0203425103319102 0.105294714908596

===== Linear candidate local_id=002, RE=9000, CG=3 =====
raw = -0.9*eta_h + -4.8*eta_y + -0.14

===== Linear candidate local_id=003, RE=9000, CG=2 =====
raw = -0.9*eta_h + -4.8*eta_y + -0.12
raw min/max = -4.930182724428476 -0.17628665153643522
C_eff min/max = 0.020506412535703112 0.24309517959381743
lm min/max = 0.012054121014226647 0.10586495260102337
Running case in: /homes/aiskhak/projects/GP/runs/9000/1/cand_001 with fv_app_run.sh
raw min/max = -4.945088784996371 -0.16822486022245284
C_eff min/max = 0.02050622416686933 0.2488626746451923
lm min/max = 0.006195958575365798 0.10592195584862732

===== Linear candidate local_id=004, RE=9000, CG=2 =====
raw = -0.9*eta_h + -4.8*eta_y + -0.08
raw min/max = -4.890182724428476 -0.1362866515364352
C_eff min/max = 0.020506946677272053 0.27325023661676784
lm min/max = 0.013549390098347942 0.10586771012244646
Running case in: /homes/aiskhak/projects/GP/runs/9000/2/cand_001 with fv_app_run.sh

===== Linear candidate local_id=004, RE=9000, CG=1 =====

===== Linear candidate local_id=004, RE=9000, CG=3 =====
raw = -0.9*eta_h + -4.8*eta_y + -0.08
raw = -0.9*eta_h + -4.8*eta_y + -0.08
raw min/max = -4.900495276380439 -0.19241014873652507
raw min/max = -4.885088784996372 -0.10822486022245283
C_eff min/max = 0.020506804853089113 0.23200462248897863
lm min/max = 0.022811867725239722 0.10529740159353436
C_eff min/max = 0.020507017819023768 0.2968432863801405

===== Linear candidate local_id=003, RE=9000, CG=3 =====
lm min/max = 0.007390536601798628 0.10592605534484746
raw = -0.9*eta_h + -4.8*eta_y + -0.12
Running case in: /homes/aiskhak/projects/GP/runs/9000/2/cand_002 with fv_app_run.sh
raw min/max = -4.925088784996372 -0.14822486022245282
C_eff min/max = 0.020506478206671664 0.2638389272327593
lm min/max = 0.006568823814313646 0.10592326805474131
Running case in: /homes/aiskhak/projects/GP/runs/9000/2/cand_000 with fv_app_run.sh
Running case in: /homes/aiskhak/projects/GP/runs/9000/2/cand_003 with fv_app_run.sh
Running case in: /homes/aiskhak/projects/GP/runs/9000/1/cand_003 with fv_app_run.sh
Running case in: /homes/aiskhak/projects/GP/runs/9000/1/cand_004 with fv_app_run.sh
Running case in: /homes/aiskhak/projects/GP/runs/9000/2/cand_004 with fv_app_run.sh
Running case in: /homes/aiskhak/projects/GP/runs/9000/3/cand_000 with fv_app_run.sh
Running case in: /homes/aiskhak/projects/GP/runs/9000/3/cand_002 with fv_app_run.sh
Running case in: /homes/aiskhak/projects/GP/runs/9000/3/cand_001 with fv_app_run.sh
Running case in: /homes/aiskhak/projects/GP/runs/9000/3/cand_003 with fv_app_run.sh
Running case in: /homes/aiskhak/projects/GP/runs/9000/3/cand_004 with fv_app_run.sh
Return code = 0
Elapsed: 16.7 sec
has_err = False
has_conv = True
has_ss = False
has_fin = True
Using VPP file: /homes/aiskhak/projects/GP/runs/9000/1/cand_004/tamu_2d_fv_gp_csv_vpp_0002.csv
VPP columns: ('id', 'u', 'v', 'x', 'y', 'z')
coordinate check: max |r_res-r_cg| = 5.000444502911705e-12
coordinate check: max |z_res-z_cg| = 5.000444502911705e-12
Return code = 0
Elapsed: 17.73 sec
has_err = False
has_conv = True
has_ss = False
has_fin = True
Using VPP file: /homes/aiskhak/projects/GP/runs/9000/1/cand_000/tamu_2d_fv_gp_csv_vpp_0002.csv
Return code = 0
Elapsed: 17.56 sec
has_err = False
has_conv = True
has_ss = False
has_fin = True
Using VPP file: /homes/aiskhak/projects/GP/runs/9000/1/cand_003/tamu_2d_fv_gp_csv_vpp_0002.csv
VPP columns: ('id', 'u', 'v', 'x', 'y', 'z')
coordinate check: max |r_res-r_cg| = 5.000444502911705e-12
coordinate check: max |z_res-z_cg| = 5.000444502911705e-12
VPP columns: ('id', 'u', 'v', 'x', 'y', 'z')
coordinate check: max |r_res-r_cg| = 5.000444502911705e-12
coordinate check: max |z_res-z_cg| = 5.000444502911705e-12
Return code = 0
Elapsed: 19.24 sec
Return code = 0
Elapsed: 19.17 sec
has_err = False
has_conv = True
has_ss = False
has_fin = True
has_err = False
has_conv = True
has_ss = False
has_fin = True
Using VPP file: /homes/aiskhak/projects/GP/runs/9000/1/cand_002/tamu_2d_fv_gp_csv_vpp_0002.csv
Using VPP file: /homes/aiskhak/projects/GP/runs/9000/1/cand_001/tamu_2d_fv_gp_csv_vpp_0002.csv
VPP columns: ('id', 'u', 'v', 'x', 'y', 'z')
coordinate check: max |r_res-r_cg| = 5.000444502911705e-12
coordinate check: max |z_res-z_cg| = 5.000444502911705e-12
VPP columns: ('id', 'u', 'v', 'x', 'y', 'z')
coordinate check: max |r_res-r_cg| = 5.000444502911705e-12
coordinate check: max |z_res-z_cg| = 5.000444502911705e-12
Return code = 0
Elapsed: 21.07 sec
has_err = False
has_conv = True
has_ss = False
has_fin = True
Using VPP file: /homes/aiskhak/projects/GP/runs/9000/2/cand_004/tamu_2d_fv_gp_csv_vpp_0002.csv
VPP columns: ('id', 'u', 'v', 'x', 'y', 'z')
coordinate check: max |r_res-r_cg| = 5.000444502911705e-12
coordinate check: max |z_res-z_cg| = 5.000444502911705e-12
Return code = 0
Elapsed: 21.82 sec
has_err = False
has_conv = True
has_ss = False
has_fin = True
Using VPP file: /homes/aiskhak/projects/GP/runs/9000/2/cand_003/tamu_2d_fv_gp_csv_vpp_0002.csv
VPP columns: ('id', 'u', 'v', 'x', 'y', 'z')
coordinate check: max |r_res-r_cg| = 5.000444502911705e-12
coordinate check: max |z_res-z_cg| = 5.000444502911705e-12
Return code = 0
Elapsed: 24.46 sec
has_err = False
has_conv = True
has_ss = False
has_fin = True
Using VPP file: /homes/aiskhak/projects/GP/runs/9000/2/cand_001/tamu_2d_fv_gp_csv_vpp_0002.csv
Return code = 0
Return code = 0
Elapsed: 24.42 sec
Elapsed: 24.43 sec
has_err = False
has_conv = True
has_ss = False
has_fin = True
has_err = False
has_conv = True
has_ss = False
has_fin = True
Using VPP file: /homes/aiskhak/projects/GP/runs/9000/2/cand_002/tamu_2d_fv_gp_csv_vpp_0002.csv
Using VPP file: /homes/aiskhak/projects/GP/runs/9000/2/cand_000/tamu_2d_fv_gp_csv_vpp_0002.csv
VPP columns: ('id', 'u', 'v', 'x', 'y', 'z')
coordinate check: max |r_res-r_cg| = 5.000444502911705e-12
coordinate check: max |z_res-z_cg| = 5.000444502911705e-12
VPP columns: ('id', 'u', 'v', 'x', 'y', 'z')
coordinate check: max |r_res-r_cg| = 5.000444502911705e-12
coordinate check: max |z_res-z_cg| = 5.000444502911705e-12
VPP columns: ('id', 'u', 'v', 'x', 'y', 'z')
coordinate check: max |r_res-r_cg| = 5.000444502911705e-12
coordinate check: max |z_res-z_cg| = 5.000444502911705e-12
Return code = 0
Elapsed: 42.02 sec
has_err = False
has_conv = True
has_ss = False
has_fin = True
Using VPP file: /homes/aiskhak/projects/GP/runs/9000/3/cand_001/tamu_2d_fv_gp_csv_vpp_0002.csv
Return code = 0
Elapsed: 42.07 sec
has_err = False
has_conv = True
has_ss = False
has_fin = True
Using VPP file: /homes/aiskhak/projects/GP/runs/9000/3/cand_003/tamu_2d_fv_gp_csv_vpp_0002.csv
VPP columns: ('id', 'u', 'v', 'x', 'y', 'z')
coordinate check: max |r_res-r_cg| = 5.000444502911705e-12
coordinate check: max |z_res-z_cg| = 5.000444502911705e-12
Return code = 0
Return code = 0
Elapsed: 44.65 sec
Elapsed: 44.56 sec
has_err = False
has_conv = True
has_ss = False
has_fin = True
has_err = False
has_conv = True
has_ss = False
has_fin = True
Using VPP file: /homes/aiskhak/projects/GP/runs/9000/3/cand_002/tamu_2d_fv_gp_csv_vpp_0002.csv
Using VPP file: /homes/aiskhak/projects/GP/runs/9000/3/cand_004/tamu_2d_fv_gp_csv_vpp_0002.csv
VPP columns: ('id', 'u', 'v', 'x', 'y', 'z')
coordinate check: max |r_res-r_cg| = 5.000444502911705e-12
coordinate check: max |z_res-z_cg| = 5.000444502911705e-12
VPP columns: ('id', 'u', 'v', 'x', 'y', 'z')
coordinate check: max |r_res-r_cg| = 5.000444502911705e-12
coordinate check: max |z_res-z_cg| = 5.000444502911705e-12
Return code = 0
Elapsed: 45.02 sec
has_err = False
has_conv = True
has_ss = False
has_fin = True
Using VPP file: /homes/aiskhak/projects/GP/runs/9000/3/cand_000/tamu_2d_fv_gp_csv_vpp_0002.csv
VPP columns: ('id', 'u', 'v', 'x', 'y', 'z')
coordinate check: max |r_res-r_cg| = 5.000444502911705e-12
coordinate check: max |z_res-z_cg| = 5.000444502911705e-12
VPP columns: ('id', 'u', 'v', 'x', 'y', 'z')
coordinate check: max |r_res-r_cg| = 5.000444502911705e-12
coordinate check: max |z_res-z_cg| = 5.000444502911705e-12

===== LIVE CHECKPOINT =====
Chunk 1, stage refine_train, candidate batch starting 40, case batch 5/8
Completed result rows: 1035
Current best partial candidates:
  n_cases= 24, mean=0.44551393, raw = -1.1*eta_h + -4.8*eta_y + -0.12
  n_cases= 24, mean=0.44567944, raw = -1*eta_h + -4.8*eta_y + -0.12
  n_cases= 24, mean=0.44578409, raw = -1.1*eta_h + -4.8*eta_y + -0.14
  n_cases= 24, mean=0.44590633, raw = -1*eta_h + -4.8*eta_y + -0.14
  n_cases= 24, mean=0.44693273, raw = -1.1*eta_h + -4.8*eta_y + -0.16
Checkpoint details: /homes/aiskhak/projects/GP/linear_results_linear_refine_best_screen_C1etaH_C2etaY_C3_CeffMin005_chunk1/linear_refine_best_screen_C1etaH_C2etaY_C3_CeffMin005_chunk1_refine_train_details_checkpoint.csv
Checkpoint summary: /homes/aiskhak/projects/GP/linear_results_linear_refine_best_screen_C1etaH_C2etaY_C3_CeffMin005_chunk1/linear_refine_best_screen_C1etaH_C2etaY_C3_CeffMin005_chunk1_refine_train_summary_checkpoint.csv
===========================


===== Stage refine_train, candidate batch starting 40, case batch 6/8 =====
Running 15 tasks with 100 MPI ranks

===== Linear candidate local_id=000, RE=10622, CG=1 =====
raw = -0.9*eta_h + -4.8*eta_y + -0.2

===== Linear candidate local_id=000, RE=9000, CG=4 =====
raw = -0.9*eta_h + -4.8*eta_y + -0.2
raw min/max = -5.020495276380439 -0.31241014873652506
C_eff min/max = 0.02050535276076469 0.16559819896314837
lm min/max = 0.016282452348399763 0.10528994545642616

===== Linear candidate local_id=000, RE=10622, CG=2 =====
raw = -0.9*eta_h + -4.8*eta_y + -0.2
raw min/max = -5.010182724428476 -0.2562866515364352
C_eff min/max = 0.020505464318300828 0.19340190831408513
lm min/max = 0.009590029761575905 0.10586005740103782
Running case in: /homes/aiskhak/projects/GP/runs/10622/1/cand_000 with fv_app_run.sh
raw min/max = -5.002538538352326 -0.21410366509187975
C_eff min/max = 0.020505548508287272 0.21797581128136134
lm min/max = 0.0027191064071939884 0.10616469887079862

===== Linear candidate local_id=001, RE=9000, CG=4 =====
raw = -0.9*eta_h + -4.8*eta_y + -0.16

===== Linear candidate local_id=001, RE=10622, CG=1 =====
raw = -0.9*eta_h + -4.8*eta_y + -0.16
raw min/max = -4.980495276380439 -0.2724101487365251
C_eff min/max = 0.020505798618511477 0.18487753588131728
lm min/max = 0.01817809424936444 0.10529223482634768

===== Linear candidate local_id=001, RE=10622, CG=2 =====
raw = -0.9*eta_h + -4.8*eta_y + -0.16
raw min/max = -4.970182724428476 -0.21628665153643523
C_eff min/max = 0.02050591946911641 0.2166185976085785
lm min/max = 0.010741252845361976 0.10586240713039365
raw min/max = -4.962538538352326 -0.17410366509187974
C_eff min/max = 0.02050601067239893 0.24464202174432545
lm min/max = 0.003051750030810721 0.10616709166286283
Running case in: /homes/aiskhak/projects/GP/runs/10622/2/cand_000 with fv_app_run.sh
Running case in: /homes/aiskhak/projects/GP/runs/10622/1/cand_001 with fv_app_run.sh

===== Linear candidate local_id=002, RE=9000, CG=4 =====
raw = -0.9*eta_h + -4.8*eta_y + -0.14

===== Linear candidate local_id=002, RE=10622, CG=1 =====
raw = -0.9*eta_h + -4.8*eta_y + -0.14
raw min/max = -4.960495276380438 -0.2524101487365251
C_eff min/max = 0.0205060352878255 0.19552013715943972
lm min/max = 0.019224528626423154 0.10529345006509315

===== Linear candidate local_id=002, RE=10622, CG=2 =====
raw = -0.9*eta_h + -4.8*eta_y + -0.14
raw min/max = -4.950182724428475 -0.19628665153643524
C_eff min/max = 0.020506161071414362 0.22942407967732895
lm min/max = 0.011376225660372715 0.105863654409301
Running case in: /homes/aiskhak/projects/GP/runs/10622/2/cand_001 with fv_app_run.sh
raw min/max = -4.942538538352325 -0.15410366509187975
C_eff min/max = 0.02050625599752424 0.2593358374568528
lm min/max = 0.003235045820445326 0.10616836180045723
Running case in: /homes/aiskhak/projects/GP/runs/10622/1/cand_002 with fv_app_run.sh

===== Linear candidate local_id=003, RE=10622, CG=1 =====
raw = -0.9*eta_h + -4.8*eta_y + -0.12
Running case in: /homes/aiskhak/projects/GP/runs/10622/2/cand_002 with fv_app_run.sh
raw min/max = -4.940495276380439 -0.23241014873652507
C_eff min/max = 0.020506281617730035 0.20689039963225442
lm min/max = 0.0203425103319102 0.105294714908596

===== Linear candidate local_id=003, RE=10622, CG=2 =====
raw = -0.9*eta_h + -4.8*eta_y + -0.12
raw min/max = -4.930182724428476 -0.17628665153643522
C_eff min/max = 0.020506412535703112 0.24309517959381743
lm min/max = 0.012054121014226647 0.10586495260102337

===== Linear candidate local_id=003, RE=9000, CG=4 =====
raw = -0.9*eta_h + -4.8*eta_y + -0.12
Running case in: /homes/aiskhak/projects/GP/runs/10622/1/cand_003 with fv_app_run.sh
raw min/max = -4.922538538352326 -0.13410366509187974
C_eff min/max = 0.02050651133663436 0.275010573285119
lm min/max = 0.0034305779502314918 0.10616968378410106

===== Linear candidate local_id=004, RE=9000, CG=4 =====
raw = -0.9*eta_h + -4.8*eta_y + -0.08

===== Linear candidate local_id=004, RE=10622, CG=1 =====
raw = -0.9*eta_h + -4.8*eta_y + -0.08
raw min/max = -4.900495276380439 -0.19241014873652507
C_eff min/max = 0.020506804853089113 0.23200462248897863
lm min/max = 0.022811867725239722 0.10529740159353436

===== Linear candidate local_id=004, RE=10622, CG=2 =====
raw = -0.9*eta_h + -4.8*eta_y + -0.08
raw min/max = -4.890182724428476 -0.1362866515364352
C_eff min/max = 0.020506946677272053 0.27325023661676784
lm min/max = 0.013549390098347942 0.10586771012244646
Running case in: /homes/aiskhak/projects/GP/runs/10622/1/cand_004 with fv_app_run.sh
raw min/max = -4.882538538352326 -0.09410366509187973
C_eff min/max = 0.020507053708914643 0.3095367996917637
lm min/max = 0.0038612701581726637 0.10617249184309001
Running case in: /homes/aiskhak/projects/GP/runs/10622/2/cand_003 with fv_app_run.sh
Running case in: /homes/aiskhak/projects/GP/runs/10622/2/cand_004 with fv_app_run.sh
Running case in: /homes/aiskhak/projects/GP/runs/9000/4/cand_000 with fv_app_run.sh
Running case in: /homes/aiskhak/projects/GP/runs/9000/4/cand_002 with fv_app_run.sh
Running case in: /homes/aiskhak/projects/GP/runs/9000/4/cand_001 with fv_app_run.sh
Running case in: /homes/aiskhak/projects/GP/runs/9000/4/cand_003 with fv_app_run.sh
Running case in: /homes/aiskhak/projects/GP/runs/9000/4/cand_004 with fv_app_run.sh
Return code = 0
Elapsed: 14.71 sec
has_err = False
has_conv = True
has_ss = False
has_fin = True
Using VPP file: /homes/aiskhak/projects/GP/runs/10622/1/cand_001/tamu_2d_fv_gp_csv_vpp_0002.csv
VPP columns: ('id', 'u', 'v', 'x', 'y', 'z')
coordinate check: max |r_res-r_cg| = 5.000444502911705e-12
coordinate check: max |z_res-z_cg| = 5.000444502911705e-12
Return code = 0
Elapsed: 15.37 sec
has_err = False
has_conv = True
has_ss = False
has_fin = True
Using VPP file: /homes/aiskhak/projects/GP/runs/10622/1/cand_004/tamu_2d_fv_gp_csv_vpp_0002.csv
VPP columns: ('id', 'u', 'v', 'x', 'y', 'z')
coordinate check: max |r_res-r_cg| = 5.000444502911705e-12
coordinate check: max |z_res-z_cg| = 5.000444502911705e-12
Return code = 0
Elapsed: 17.16 sec
Return code = 0
Elapsed: 17.44 sec
has_err = False
has_conv = True
has_ss = False
has_fin = True
has_err = False
has_conv = True
has_ss = False
has_fin = True
Using VPP file: /homes/aiskhak/projects/GP/runs/10622/1/cand_003/tamu_2d_fv_gp_csv_vpp_0002.csv
Using VPP file: /homes/aiskhak/projects/GP/runs/10622/1/cand_002/tamu_2d_fv_gp_csv_vpp_0002.csv
VPP columns: ('id', 'u', 'v', 'x', 'y', 'z')
coordinate check: max |r_res-r_cg| = 5.000444502911705e-12
coordinate check: max |z_res-z_cg| = 5.000444502911705e-12
VPP columns: ('id', 'u', 'v', 'x', 'y', 'z')
coordinate check: max |r_res-r_cg| = 5.000444502911705e-12
coordinate check: max |z_res-z_cg| = 5.000444502911705e-12
Return code = 0
Elapsed: 17.36 sec
has_err = False
has_conv = True
has_ss = False
has_fin = True
Using VPP file: /homes/aiskhak/projects/GP/runs/10622/2/cand_004/tamu_2d_fv_gp_csv_vpp_0002.csv
VPP columns: ('id', 'u', 'v', 'x', 'y', 'z')
coordinate check: max |r_res-r_cg| = 5.000444502911705e-12
coordinate check: max |z_res-z_cg| = 5.000444502911705e-12
Return code = 0
Elapsed: 18.87 sec
has_err = False
has_conv = True
has_ss = False
has_fin = True
Using VPP file: /homes/aiskhak/projects/GP/runs/10622/1/cand_000/tamu_2d_fv_gp_csv_vpp_0002.csv
VPP columns: ('id', 'u', 'v', 'x', 'y', 'z')
coordinate check: max |r_res-r_cg| = 5.000444502911705e-12
coordinate check: max |z_res-z_cg| = 5.000444502911705e-12
Return code = 0
Elapsed: 22.47 sec
has_err = False
has_conv = True
has_ss = False
has_fin = True
Using VPP file: /homes/aiskhak/projects/GP/runs/10622/2/cand_002/tamu_2d_fv_gp_csv_vpp_0002.csv
VPP columns: ('id', 'u', 'v', 'x', 'y', 'z')
coordinate check: max |r_res-r_cg| = 5.000444502911705e-12
coordinate check: max |z_res-z_cg| = 5.000444502911705e-12
Return code = 0
Elapsed: 22.61 sec
has_err = False
has_conv = True
has_ss = False
has_fin = True
Using VPP file: /homes/aiskhak/projects/GP/runs/10622/2/cand_003/tamu_2d_fv_gp_csv_vpp_0002.csv
VPP columns: ('id', 'u', 'v', 'x', 'y', 'z')
coordinate check: max |r_res-r_cg| = 5.000444502911705e-12
coordinate check: max |z_res-z_cg| = 5.000444502911705e-12
Return code = 0
Elapsed: 24.73 sec
has_err = False
has_conv = True
has_ss = False
has_fin = True
Using VPP file: /homes/aiskhak/projects/GP/runs/10622/2/cand_001/tamu_2d_fv_gp_csv_vpp_0002.csv
VPP columns: ('id', 'u', 'v', 'x', 'y', 'z')
coordinate check: max |r_res-r_cg| = 5.000444502911705e-12
coordinate check: max |z_res-z_cg| = 5.000444502911705e-12
Return code = 0
Elapsed: 27.77 sec
has_err = False
has_conv = True
has_ss = False
has_fin = True
Using VPP file: /homes/aiskhak/projects/GP/runs/10622/2/cand_000/tamu_2d_fv_gp_csv_vpp_0002.csv
VPP columns: ('id', 'u', 'v', 'x', 'y', 'z')
coordinate check: max |r_res-r_cg| = 5.000444502911705e-12
coordinate check: max |z_res-z_cg| = 5.000444502911705e-12
Return code = 0
Elapsed: 105.44 sec
has_err = False
has_conv = True
has_ss = False
has_fin = True
Using VPP file: /homes/aiskhak/projects/GP/runs/9000/4/cand_002/tamu_2d_fv_gp_csv_vpp_0002.csv
Return code = 0
Elapsed: 104.27 sec
has_err = False
has_conv = True
has_ss = False
has_fin = True
Using VPP file: /homes/aiskhak/projects/GP/runs/9000/4/cand_004/tamu_2d_fv_gp_csv_vpp_0002.csv
VPP columns: ('id', 'u', 'v', 'x', 'y', 'z')
coordinate check: max |r_res-r_cg| = 5.000444502911705e-12
coordinate check: max |z_res-z_cg| = 5.000444502911705e-12
VPP columns: ('id', 'u', 'v', 'x', 'y', 'z')
coordinate check: max |r_res-r_cg| = 5.000444502911705e-12
coordinate check: max |z_res-z_cg| = 5.000444502911705e-12
Return code = 0
Elapsed: 116.65 sec
has_err = False
has_conv = True
has_ss = False
has_fin = True
Using VPP file: /homes/aiskhak/projects/GP/runs/9000/4/cand_003/tamu_2d_fv_gp_csv_vpp_0002.csv
VPP columns: ('id', 'u', 'v', 'x', 'y', 'z')
coordinate check: max |r_res-r_cg| = 5.000444502911705e-12
coordinate check: max |z_res-z_cg| = 5.000444502911705e-12
Return code = 0
Elapsed: 140.39 sec
has_err = False
has_conv = True
has_ss = False
has_fin = True
Using VPP file: /homes/aiskhak/projects/GP/runs/9000/4/cand_000/tamu_2d_fv_gp_csv_vpp_0002.csv
Return code = 0
Elapsed: 142.13 sec
has_err = False
has_conv = True
has_ss = False
has_fin = True
Using VPP file: /homes/aiskhak/projects/GP/runs/9000/4/cand_001/tamu_2d_fv_gp_csv_vpp_0002.csv
VPP columns: ('id', 'u', 'v', 'x', 'y', 'z')
coordinate check: max |r_res-r_cg| = 5.000444502911705e-12
coordinate check: max |z_res-z_cg| = 5.000444502911705e-12
VPP columns: ('id', 'u', 'v', 'x', 'y', 'z')
coordinate check: max |r_res-r_cg| = 5.000444502911705e-12
coordinate check: max |z_res-z_cg| = 5.000444502911705e-12

===== LIVE CHECKPOINT =====
Chunk 1, stage refine_train, candidate batch starting 40, case batch 6/8
Completed result rows: 1050
Current best partial candidates:
  n_cases= 24, mean=0.44551393, raw = -1.1*eta_h + -4.8*eta_y + -0.12
  n_cases= 24, mean=0.44567944, raw = -1*eta_h + -4.8*eta_y + -0.12
  n_cases= 24, mean=0.44578409, raw = -1.1*eta_h + -4.8*eta_y + -0.14
  n_cases= 24, mean=0.44590633, raw = -1*eta_h + -4.8*eta_y + -0.14
  n_cases= 24, mean=0.44693273, raw = -1.1*eta_h + -4.8*eta_y + -0.16
Checkpoint details: /homes/aiskhak/projects/GP/linear_results_linear_refine_best_screen_C1etaH_C2etaY_C3_CeffMin005_chunk1/linear_refine_best_screen_C1etaH_C2etaY_C3_CeffMin005_chunk1_refine_train_details_checkpoint.csv
Checkpoint summary: /homes/aiskhak/projects/GP/linear_results_linear_refine_best_screen_C1etaH_C2etaY_C3_CeffMin005_chunk1/linear_refine_best_screen_C1etaH_C2etaY_C3_CeffMin005_chunk1_refine_train_summary_checkpoint.csv
===========================


===== Stage refine_train, candidate batch starting 40, case batch 7/8 =====
Running 15 tasks with 120 MPI ranks

===== Linear candidate local_id=000, RE=10622, CG=3 =====
raw = -0.9*eta_h + -4.8*eta_y + -0.2
raw min/max = -5.005088784996372 -0.22822486022245284
C_eff min/max = 0.02050552027767613 0.2093662082856512
lm min/max = 0.005212611153797077 0.10591832001009178

===== Linear candidate local_id=000, RE=14000, CG=1 =====
raw = -0.9*eta_h + -4.8*eta_y + -0.2
raw min/max = -5.020495276380439 -0.31241014873652506
C_eff min/max = 0.02050535276076469 0.16559819896314837
lm min/max = 0.016282452348399763 0.10528994545642616

===== Linear candidate local_id=000, RE=10622, CG=4 =====
raw = -0.9*eta_h + -4.8*eta_y + -0.2

===== Linear candidate local_id=001, RE=10622, CG=3 =====
raw = -0.9*eta_h + -4.8*eta_y + -0.16
raw min/max = -5.002538538352326 -0.21410366509187975
C_eff min/max = 0.020505548508287272 0.21797581128136134
lm min/max = 0.0027191064071939884 0.10616469887079862
raw min/max = -4.965088784996372 -0.18822486022245283
C_eff min/max = 0.020505980090084964 0.23482766233336932
lm min/max = 0.005846527488471048 0.10592069510505177
Running case in: /homes/aiskhak/projects/GP/runs/14000/1/cand_000 with fv_app_run.sh

===== Linear candidate local_id=001, RE=14000, CG=1 =====
raw = -0.9*eta_h + -4.8*eta_y + -0.16

===== Linear candidate local_id=001, RE=10622, CG=4 =====
raw min/max = -4.980495276380439 -0.2724101487365251
C_eff min/max = 0.020505798618511477 0.18487753588131728
lm min/max = 0.01817809424936444 0.10529223482634768
raw = -0.9*eta_h + -4.8*eta_y + -0.16

===== Linear candidate local_id=002, RE=10622, CG=3 =====
raw = -0.9*eta_h + -4.8*eta_y + -0.14
raw min/max = -4.945088784996371 -0.16822486022245284
C_eff min/max = 0.02050622416686933 0.2488626746451923
lm min/max = 0.006195958575365798 0.10592195584862732
raw min/max = -4.962538538352326 -0.17410366509187974
C_eff min/max = 0.02050601067239893 0.24464202174432545
lm min/max = 0.003051750030810721 0.10616709166286283
Running case in: /homes/aiskhak/projects/GP/runs/10622/3/cand_000 with fv_app_run.sh
Running case in: /homes/aiskhak/projects/GP/runs/14000/1/cand_001 with fv_app_run.sh

===== Linear candidate local_id=002, RE=10622, CG=4 =====
raw = -0.9*eta_h + -4.8*eta_y + -0.14

===== Linear candidate local_id=002, RE=14000, CG=1 =====
raw = -0.9*eta_h + -4.8*eta_y + -0.14
raw min/max = -4.960495276380438 -0.2524101487365251
C_eff min/max = 0.0205060352878255 0.19552013715943972
lm min/max = 0.019224528626423154 0.10529345006509315
raw min/max = -4.942538538352325 -0.15410366509187975
C_eff min/max = 0.02050625599752424 0.2593358374568528
lm min/max = 0.003235045820445326 0.10616836180045723

===== Linear candidate local_id=003, RE=10622, CG=3 =====
raw = -0.9*eta_h + -4.8*eta_y + -0.12
raw min/max = -4.925088784996372 -0.14822486022245282
C_eff min/max = 0.020506478206671664 0.2638389272327593
lm min/max = 0.006568823814313646 0.10592326805474131
Running case in: /homes/aiskhak/projects/GP/runs/10622/3/cand_001 with fv_app_run.sh
Running case in: /homes/aiskhak/projects/GP/runs/14000/1/cand_002 with fv_app_run.sh

===== Linear candidate local_id=003, RE=10622, CG=4 =====

===== Linear candidate local_id=003, RE=14000, CG=1 =====
raw = -0.9*eta_h + -4.8*eta_y + -0.12
raw min/max = -4.940495276380439 -0.23241014873652507
C_eff min/max = 0.020506281617730035 0.20689039963225442
lm min/max = 0.0203425103319102 0.105294714908596
raw = -0.9*eta_h + -4.8*eta_y + -0.12

===== Linear candidate local_id=004, RE=10622, CG=3 =====
raw = -0.9*eta_h + -4.8*eta_y + -0.08
raw min/max = -4.885088784996372 -0.10822486022245283
C_eff min/max = 0.020507017819023768 0.2968432863801405
lm min/max = 0.007390536601798628 0.10592605534484746
Running case in: /homes/aiskhak/projects/GP/runs/10622/3/cand_002 with fv_app_run.sh
Running case in: /homes/aiskhak/projects/GP/runs/14000/1/cand_003 with fv_app_run.sh
raw min/max = -4.922538538352326 -0.13410366509187974
C_eff min/max = 0.02050651133663436 0.275010573285119
lm min/max = 0.0034305779502314918 0.10616968378410106

===== Linear candidate local_id=004, RE=10622, CG=4 =====
raw = -0.9*eta_h + -4.8*eta_y + -0.08

===== Linear candidate local_id=004, RE=14000, CG=1 =====
raw = -0.9*eta_h + -4.8*eta_y + -0.08
raw min/max = -4.900495276380439 -0.19241014873652507
C_eff min/max = 0.020506804853089113 0.23200462248897863
lm min/max = 0.022811867725239722 0.10529740159353436
raw min/max = -4.882538538352326 -0.09410366509187973
C_eff min/max = 0.020507053708914643 0.3095367996917637
lm min/max = 0.0038612701581726637 0.10617249184309001
Running case in: /homes/aiskhak/projects/GP/runs/14000/1/cand_004 with fv_app_run.sh
Running case in: /homes/aiskhak/projects/GP/runs/10622/4/cand_000 with fv_app_run.sh
Running case in: /homes/aiskhak/projects/GP/runs/10622/3/cand_003 with fv_app_run.sh
Running case in: /homes/aiskhak/projects/GP/runs/10622/4/cand_002 with fv_app_run.sh
Running case in: /homes/aiskhak/projects/GP/runs/10622/3/cand_004 with fv_app_run.sh
Running case in: /homes/aiskhak/projects/GP/runs/10622/4/cand_001 with fv_app_run.sh
Running case in: /homes/aiskhak/projects/GP/runs/10622/4/cand_003 with fv_app_run.sh
Running case in: /homes/aiskhak/projects/GP/runs/10622/4/cand_004 with fv_app_run.sh
Return code = 0
Elapsed: 17.67 sec
has_err = False
has_conv = True
has_ss = False
has_fin = True
Return code = 0
Elapsed: 18.27 sec
has_err = False
has_conv = True
has_ss = False
has_fin = True
Return code = 0
Elapsed: 18.16 sec
has_err = False
has_conv = True
has_ss = False
has_fin = True
Using VPP file: /homes/aiskhak/projects/GP/runs/14000/1/cand_004/tamu_2d_fv_gp_csv_vpp_0002.csv
Using VPP file: /homes/aiskhak/projects/GP/runs/14000/1/cand_002/tamu_2d_fv_gp_csv_vpp_0002.csv
Using VPP file: /homes/aiskhak/projects/GP/runs/14000/1/cand_003/tamu_2d_fv_gp_csv_vpp_0002.csv
VPP columns: ('id', 'u', 'v', 'x', 'y', 'z')
coordinate check: max |r_res-r_cg| = 5.000444502911705e-12
coordinate check: max |z_res-z_cg| = 5.000444502911705e-12
VPP columns: ('id', 'u', 'v', 'x', 'y', 'z')
coordinate check: max |r_res-r_cg| = 5.000444502911705e-12
coordinate check: max |z_res-z_cg| = 5.000444502911705e-12
VPP columns: ('id', 'u', 'v', 'x', 'y', 'z')
coordinate check: max |r_res-r_cg| = 5.000444502911705e-12
coordinate check: max |z_res-z_cg| = 5.000444502911705e-12
Return code = 0
Elapsed: 19.55 sec
has_err = False
has_conv = True
has_ss = False
has_fin = True
Using VPP file: /homes/aiskhak/projects/GP/runs/14000/1/cand_001/tamu_2d_fv_gp_csv_vpp_0002.csv
VPP columns: ('id', 'u', 'v', 'x', 'y', 'z')
coordinate check: max |r_res-r_cg| = 5.000444502911705e-12
coordinate check: max |z_res-z_cg| = 5.000444502911705e-12
Return code = 0
Elapsed: 19.94 sec
has_err = True
has_conv = False
has_ss = False
has_fin = True
Steady failed; trying unsteady fallback
Running case in: /homes/aiskhak/projects/GP/runs/14000/1/cand_000 with fv_app_run_unsteady.sh
Return code = 0
Elapsed: 23.57 sec
has_err = False
has_conv = True
has_ss = True
has_fin = True
Using VPP file: /homes/aiskhak/projects/GP/runs/14000/1/cand_000/tamu_2d_fv_gp_csv_vpp_0028.csv
VPP columns: ('id', 'u', 'v', 'x', 'y', 'z')
coordinate check: max |r_res-r_cg| = 5.000444502911705e-12
coordinate check: max |z_res-z_cg| = 5.000444502911705e-12
Return code = 0
Elapsed: 44.77 sec
has_err = False
has_conv = True
has_ss = False
has_fin = True
Using VPP file: /homes/aiskhak/projects/GP/runs/10622/3/cand_001/tamu_2d_fv_gp_csv_vpp_0002.csv
Return code = 0
Elapsed: 44.46 sec
has_err = False
has_conv = True
has_ss = False
has_fin = True
Using VPP file: /homes/aiskhak/projects/GP/runs/10622/3/cand_003/tamu_2d_fv_gp_csv_vpp_0002.csv
VPP columns: ('id', 'u', 'v', 'x', 'y', 'z')
coordinate check: max |r_res-r_cg| = 5.000444502911705e-12
coordinate check: max |z_res-z_cg| = 5.000444502911705e-12
VPP columns: ('id', 'u', 'v', 'x', 'y', 'z')
coordinate check: max |r_res-r_cg| = 5.000444502911705e-12
coordinate check: max |z_res-z_cg| = 5.000444502911705e-12
Return code = 0
Elapsed: 48.12 sec
has_err = False
has_conv = True
has_ss = False
has_fin = True
Using VPP file: /homes/aiskhak/projects/GP/runs/10622/3/cand_002/tamu_2d_fv_gp_csv_vpp_0002.csv
VPP columns: ('id', 'u', 'v', 'x', 'y', 'z')
coordinate check: max |r_res-r_cg| = 5.000444502911705e-12
coordinate check: max |z_res-z_cg| = 5.000444502911705e-12
Return code = 0
Elapsed: 47.6 sec
has_err = False
has_conv = True
has_ss = False
has_fin = True
Using VPP file: /homes/aiskhak/projects/GP/runs/10622/3/cand_004/tamu_2d_fv_gp_csv_vpp_0002.csv
VPP columns: ('id', 'u', 'v', 'x', 'y', 'z')
coordinate check: max |r_res-r_cg| = 5.000444502911705e-12
coordinate check: max |z_res-z_cg| = 5.000444502911705e-12
Return code = 0
Elapsed: 53.94 sec
has_err = False
has_conv = True
has_ss = False
has_fin = True
Using VPP file: /homes/aiskhak/projects/GP/runs/10622/3/cand_000/tamu_2d_fv_gp_csv_vpp_0002.csv
VPP columns: ('id', 'u', 'v', 'x', 'y', 'z')
coordinate check: max |r_res-r_cg| = 5.000444502911705e-12
coordinate check: max |z_res-z_cg| = 5.000444502911705e-12
Return code = 0
Elapsed: 108.11 sec
has_err = False
has_conv = True
has_ss = False
has_fin = True
Using VPP file: /homes/aiskhak/projects/GP/runs/10622/4/cand_004/tamu_2d_fv_gp_csv_vpp_0002.csv
VPP columns: ('id', 'u', 'v', 'x', 'y', 'z')
coordinate check: max |r_res-r_cg| = 5.000444502911705e-12
coordinate check: max |z_res-z_cg| = 5.000444502911705e-12
Return code = 0
Elapsed: 111.92 sec
has_err = False
has_conv = True
has_ss = False
has_fin = True
Using VPP file: /homes/aiskhak/projects/GP/runs/10622/4/cand_003/tamu_2d_fv_gp_csv_vpp_0002.csv
VPP columns: ('id', 'u', 'v', 'x', 'y', 'z')
coordinate check: max |r_res-r_cg| = 5.000444502911705e-12
coordinate check: max |z_res-z_cg| = 5.000444502911705e-12
Return code = 0
Elapsed: 134.92 sec
has_err = False
has_conv = True
has_ss = False
has_fin = True
Using VPP file: /homes/aiskhak/projects/GP/runs/10622/4/cand_002/tamu_2d_fv_gp_csv_vpp_0002.csv
VPP columns: ('id', 'u', 'v', 'x', 'y', 'z')
coordinate check: max |r_res-r_cg| = 5.000444502911705e-12
coordinate check: max |z_res-z_cg| = 5.000444502911705e-12
Return code = 0
Elapsed: 154.76 sec
has_err = False
has_conv = True
has_ss = False
has_fin = True
Using VPP file: /homes/aiskhak/projects/GP/runs/10622/4/cand_001/tamu_2d_fv_gp_csv_vpp_0002.csv
VPP columns: ('id', 'u', 'v', 'x', 'y', 'z')
coordinate check: max |r_res-r_cg| = 5.000444502911705e-12
coordinate check: max |z_res-z_cg| = 5.000444502911705e-12
Return code = 0
Elapsed: 380.55 sec
has_err = True
has_conv = False
has_ss = False
has_fin = True
Steady failed; trying unsteady fallback
Running case in: /homes/aiskhak/projects/GP/runs/10622/4/cand_000 with fv_app_run_unsteady.sh
Return code = 0
Elapsed: 790.45 sec
has_err = False
has_conv = True
has_ss = True
has_fin = True
Using VPP file: /homes/aiskhak/projects/GP/runs/10622/4/cand_000/tamu_2d_fv_gp_csv_vpp_0029.csv
VPP columns: ('id', 'u', 'v', 'x', 'y', 'z')
coordinate check: max |r_res-r_cg| = 5.000444502911705e-12
coordinate check: max |z_res-z_cg| = 5.000444502911705e-12

===== LIVE CHECKPOINT =====
Chunk 1, stage refine_train, candidate batch starting 40, case batch 7/8
Completed result rows: 1065
Current best partial candidates:
  n_cases= 24, mean=0.44551393, raw = -1.1*eta_h + -4.8*eta_y + -0.12
  n_cases= 24, mean=0.44567944, raw = -1*eta_h + -4.8*eta_y + -0.12
  n_cases= 24, mean=0.44578409, raw = -1.1*eta_h + -4.8*eta_y + -0.14
  n_cases= 24, mean=0.44590633, raw = -1*eta_h + -4.8*eta_y + -0.14
  n_cases= 24, mean=0.44693273, raw = -1.1*eta_h + -4.8*eta_y + -0.16
Checkpoint details: /homes/aiskhak/projects/GP/linear_results_linear_refine_best_screen_C1etaH_C2etaY_C3_CeffMin005_chunk1/linear_refine_best_screen_C1etaH_C2etaY_C3_CeffMin005_chunk1_refine_train_details_checkpoint.csv
Checkpoint summary: /homes/aiskhak/projects/GP/linear_results_linear_refine_best_screen_C1etaH_C2etaY_C3_CeffMin005_chunk1/linear_refine_best_screen_C1etaH_C2etaY_C3_CeffMin005_chunk1_refine_train_summary_checkpoint.csv
===========================


===== Stage refine_train, candidate batch starting 40, case batch 8/8 =====
Running 15 tasks with 120 MPI ranks

===== Linear candidate local_id=000, RE=14000, CG=2 =====
raw = -0.9*eta_h + -4.8*eta_y + -0.2
raw min/max = -5.010182724428476 -0.2562866515364352
C_eff min/max = 0.020505464318300828 0.19340190831408513
lm min/max = 0.009590029761575905 0.10586005740103782

===== Linear candidate local_id=000, RE=14000, CG=3 =====
raw = -0.9*eta_h + -4.8*eta_y + -0.2
raw min/max = -5.005088784996372 -0.22822486022245284
C_eff min/max = 0.02050552027767613 0.2093662082856512
lm min/max = 0.005212611153797077 0.10591832001009178
Running case in: /homes/aiskhak/projects/GP/runs/14000/2/cand_000 with fv_app_run.sh

===== Linear candidate local_id=000, RE=14000, CG=4 =====
raw = -0.9*eta_h + -4.8*eta_y + -0.2

===== Linear candidate local_id=001, RE=14000, CG=2 =====
raw = -0.9*eta_h + -4.8*eta_y + -0.16
raw min/max = -4.970182724428476 -0.21628665153643523
C_eff min/max = 0.02050591946911641 0.2166185976085785
lm min/max = 0.010741252845361976 0.10586240713039365
raw min/max = -5.002538538352326 -0.21410366509187975
C_eff min/max = 0.020505548508287272 0.21797581128136134
lm min/max = 0.0027191064071939884 0.10616469887079862

===== Linear candidate local_id=001, RE=14000, CG=3 =====
raw = -0.9*eta_h + -4.8*eta_y + -0.16
raw min/max = -4.965088784996372 -0.18822486022245283
C_eff min/max = 0.020505980090084964 0.23482766233336932
lm min/max = 0.005846527488471048 0.10592069510505177
Running case in: /homes/aiskhak/projects/GP/runs/14000/2/cand_001 with fv_app_run.sh
Running case in: /homes/aiskhak/projects/GP/runs/14000/3/cand_000 with fv_app_run.sh

===== Linear candidate local_id=001, RE=14000, CG=4 =====
raw = -0.9*eta_h + -4.8*eta_y + -0.16

===== Linear candidate local_id=002, RE=14000, CG=2 =====
raw = -0.9*eta_h + -4.8*eta_y + -0.14
raw min/max = -4.950182724428475 -0.19628665153643524
C_eff min/max = 0.020506161071414362 0.22942407967732895
lm min/max = 0.011376225660372715 0.105863654409301
raw min/max = -4.962538538352326 -0.17410366509187974
C_eff min/max = 0.02050601067239893 0.24464202174432545
lm min/max = 0.003051750030810721 0.10616709166286283

===== Linear candidate local_id=002, RE=14000, CG=3 =====
raw = -0.9*eta_h + -4.8*eta_y + -0.14
raw min/max = -4.945088784996371 -0.16822486022245284
C_eff min/max = 0.02050622416686933 0.2488626746451923
lm min/max = 0.006195958575365798 0.10592195584862732

===== Linear candidate local_id=002, RE=14000, CG=4 =====
raw = -0.9*eta_h + -4.8*eta_y + -0.14

===== Linear candidate local_id=003, RE=14000, CG=2 =====
raw = -0.9*eta_h + -4.8*eta_y + -0.12
raw min/max = -4.930182724428476 -0.17628665153643522
C_eff min/max = 0.020506412535703112 0.24309517959381743
lm min/max = 0.012054121014226647 0.10586495260102337
raw min/max = -4.942538538352325 -0.15410366509187975
C_eff min/max = 0.02050625599752424 0.2593358374568528
lm min/max = 0.003235045820445326 0.10616836180045723

===== Linear candidate local_id=003, RE=14000, CG=3 =====
raw = -0.9*eta_h + -4.8*eta_y + -0.12
raw min/max = -4.925088784996372 -0.14822486022245282
C_eff min/max = 0.020506478206671664 0.2638389272327593
lm min/max = 0.006568823814313646 0.10592326805474131

===== Linear candidate local_id=003, RE=14000, CG=4 =====

===== Linear candidate local_id=004, RE=14000, CG=2 =====
raw = -0.9*eta_h + -4.8*eta_y + -0.08
Running case in: /homes/aiskhak/projects/GP/runs/14000/2/cand_002 with fv_app_run.sh
raw min/max = -4.890182724428476 -0.1362866515364352
C_eff min/max = 0.020506946677272053 0.27325023661676784
lm min/max = 0.013549390098347942 0.10586771012244646
raw = -0.9*eta_h + -4.8*eta_y + -0.12

===== Linear candidate local_id=004, RE=14000, CG=3 =====
raw = -0.9*eta_h + -4.8*eta_y + -0.08
raw min/max = -4.885088784996372 -0.10822486022245283
C_eff min/max = 0.020507017819023768 0.2968432863801405
lm min/max = 0.007390536601798628 0.10592605534484746
raw min/max = -4.922538538352326 -0.13410366509187974
C_eff min/max = 0.02050651133663436 0.275010573285119
lm min/max = 0.0034305779502314918 0.10616968378410106
Running case in: /homes/aiskhak/projects/GP/runs/14000/2/cand_004 with fv_app_run.sh
Running case in: /homes/aiskhak/projects/GP/runs/14000/3/cand_002 with fv_app_run.sh
Running case in: /homes/aiskhak/projects/GP/runs/14000/2/cand_003 with fv_app_run.sh
Running case in: /homes/aiskhak/projects/GP/runs/14000/3/cand_001 with fv_app_run.sh

===== Linear candidate local_id=004, RE=14000, CG=4 =====
raw = -0.9*eta_h + -4.8*eta_y + -0.08
raw min/max = -4.882538538352326 -0.09410366509187973
C_eff min/max = 0.020507053708914643 0.3095367996917637
lm min/max = 0.0038612701581726637 0.10617249184309001
Running case in: /homes/aiskhak/projects/GP/runs/14000/4/cand_000 with fv_app_run.sh
Running case in: /homes/aiskhak/projects/GP/runs/14000/3/cand_004 with fv_app_run.sh
Running case in: /homes/aiskhak/projects/GP/runs/14000/3/cand_003 with fv_app_run.sh
Running case in: /homes/aiskhak/projects/GP/runs/14000/4/cand_001 with fv_app_run.sh
Running case in: /homes/aiskhak/projects/GP/runs/14000/4/cand_003 with fv_app_run.sh
Running case in: /homes/aiskhak/projects/GP/runs/14000/4/cand_004 with fv_app_run.sh
Running case in: /homes/aiskhak/projects/GP/runs/14000/4/cand_002 with fv_app_run.sh
Return code = 0
Elapsed: 22.86 sec
has_err = False
has_conv = True
has_ss = False
has_fin = True
Using VPP file: /homes/aiskhak/projects/GP/runs/14000/2/cand_004/tamu_2d_fv_gp_csv_vpp_0002.csv
Return code = 0
Elapsed: 22.88 sec
has_err = False
has_conv = True
has_ss = False
has_fin = True
Using VPP file: /homes/aiskhak/projects/GP/runs/14000/2/cand_003/tamu_2d_fv_gp_csv_vpp_0002.csv
VPP columns: ('id', 'u', 'v', 'x', 'y', 'z')
coordinate check: max |r_res-r_cg| = 5.000444502911705e-12
coordinate check: max |z_res-z_cg| = 5.000444502911705e-12
VPP columns: ('id', 'u', 'v', 'x', 'y', 'z')
coordinate check: max |r_res-r_cg| = 5.000444502911705e-12
coordinate check: max |z_res-z_cg| = 5.000444502911705e-12
Return code = 0
Elapsed: 24.31 sec
has_err = False
has_conv = True
has_ss = False
has_fin = True
Using VPP file: /homes/aiskhak/projects/GP/runs/14000/2/cand_002/tamu_2d_fv_gp_csv_vpp_0002.csv
VPP columns: ('id', 'u', 'v', 'x', 'y', 'z')
coordinate check: max |r_res-r_cg| = 5.000444502911705e-12
coordinate check: max |z_res-z_cg| = 5.000444502911705e-12
Return code = 0
Elapsed: 25.0 sec
has_err = False
has_conv = True
has_ss = False
has_fin = True
Using VPP file: /homes/aiskhak/projects/GP/runs/14000/2/cand_001/tamu_2d_fv_gp_csv_vpp_0002.csv
VPP columns: ('id', 'u', 'v', 'x', 'y', 'z')
coordinate check: max |r_res-r_cg| = 5.000444502911705e-12
coordinate check: max |z_res-z_cg| = 5.000444502911705e-12
Return code = 0
Elapsed: 31.24 sec
has_err = False
has_conv = True
has_ss = False
has_fin = True
Using VPP file: /homes/aiskhak/projects/GP/runs/14000/2/cand_000/tamu_2d_fv_gp_csv_vpp_0002.csv
VPP columns: ('id', 'u', 'v', 'x', 'y', 'z')
coordinate check: max |r_res-r_cg| = 5.000444502911705e-12
coordinate check: max |z_res-z_cg| = 5.000444502911705e-12
Return code = 0
Elapsed: 48.52 sec
has_err = False
has_conv = True
has_ss = False
has_fin = True
Using VPP file: /homes/aiskhak/projects/GP/runs/14000/3/cand_001/tamu_2d_fv_gp_csv_vpp_0002.csv
VPP columns: ('id', 'u', 'v', 'x', 'y', 'z')
coordinate check: max |r_res-r_cg| = 5.000444502911705e-12
coordinate check: max |z_res-z_cg| = 5.000444502911705e-12
Return code = 0
Elapsed: 50.45 sec
has_err = False
has_conv = True
has_ss = False
has_fin = True
Using VPP file: /homes/aiskhak/projects/GP/runs/14000/3/cand_000/tamu_2d_fv_gp_csv_vpp_0002.csv
VPP columns: ('id', 'u', 'v', 'x', 'y', 'z')
coordinate check: max |r_res-r_cg| = 5.000444502911705e-12
coordinate check: max |z_res-z_cg| = 5.000444502911705e-12
Return code = 0
Elapsed: 52.88 sec
has_err = False
has_conv = True
has_ss = False
has_fin = True
Using VPP file: /homes/aiskhak/projects/GP/runs/14000/3/cand_004/tamu_2d_fv_gp_csv_vpp_0002.csv
Return code = 0
Elapsed: 53.67 sec
has_err = False
has_conv = True
has_ss = False
has_fin = True
Using VPP file: /homes/aiskhak/projects/GP/runs/14000/3/cand_002/tamu_2d_fv_gp_csv_vpp_0002.csv
VPP columns: ('id', 'u', 'v', 'x', 'y', 'z')
coordinate check: max |r_res-r_cg| = 5.000444502911705e-12
coordinate check: max |z_res-z_cg| = 5.000444502911705e-12
VPP columns: ('id', 'u', 'v', 'x', 'y', 'z')
coordinate check: max |r_res-r_cg| = 5.000444502911705e-12
coordinate check: max |z_res-z_cg| = 5.000444502911705e-12
Return code = 0
Elapsed: 53.59 sec
has_err = False
has_conv = True
has_ss = False
has_fin = True
Using VPP file: /homes/aiskhak/projects/GP/runs/14000/3/cand_003/tamu_2d_fv_gp_csv_vpp_0002.csv
VPP columns: ('id', 'u', 'v', 'x', 'y', 'z')
coordinate check: max |r_res-r_cg| = 5.000444502911705e-12
coordinate check: max |z_res-z_cg| = 5.000444502911705e-12
Return code = 0
Elapsed: 120.54 sec
has_err = False
has_conv = True
has_ss = False
has_fin = True
Using VPP file: /homes/aiskhak/projects/GP/runs/14000/4/cand_003/tamu_2d_fv_gp_csv_vpp_0002.csv
Return code = 0
Elapsed: 130.56 sec
has_err = False
has_conv = True
has_ss = False
has_fin = True
Using VPP file: /homes/aiskhak/projects/GP/runs/14000/4/cand_002/tamu_2d_fv_gp_csv_vpp_0002.csv
VPP columns: ('id', 'u', 'v', 'x', 'y', 'z')
coordinate check: max |r_res-r_cg| = 5.000444502911705e-12
coordinate check: max |z_res-z_cg| = 5.000444502911705e-12
Return code = 0
Elapsed: 133.16 sec
has_err = False
has_conv = True
has_ss = False
has_fin = True
Using VPP file: /homes/aiskhak/projects/GP/runs/14000/4/cand_004/tamu_2d_fv_gp_csv_vpp_0002.csv
VPP columns: ('id', 'u', 'v', 'x', 'y', 'z')
coordinate check: max |r_res-r_cg| = 5.000444502911705e-12
coordinate check: max |z_res-z_cg| = 5.000444502911705e-12
Return code = 0
Elapsed: 138.03 sec
has_err = False
has_conv = True
has_ss = False
has_fin = True
Using VPP file: /homes/aiskhak/projects/GP/runs/14000/4/cand_001/tamu_2d_fv_gp_csv_vpp_0002.csv
Return code = 0
Elapsed: 140.11 sec
has_err = False
has_conv = True
has_ss = False
has_fin = True
Using VPP file: /homes/aiskhak/projects/GP/runs/14000/4/cand_000/tamu_2d_fv_gp_csv_vpp_0002.csv
VPP columns: ('id', 'u', 'v', 'x', 'y', 'z')
coordinate check: max |r_res-r_cg| = 5.000444502911705e-12
coordinate check: max |z_res-z_cg| = 5.000444502911705e-12
VPP columns: ('id', 'u', 'v', 'x', 'y', 'z')
coordinate check: max |r_res-r_cg| = 5.000444502911705e-12
coordinate check: max |z_res-z_cg| = 5.000444502911705e-12
VPP columns: ('id', 'u', 'v', 'x', 'y', 'z')
coordinate check: max |r_res-r_cg| = 5.000444502911705e-12
coordinate check: max |z_res-z_cg| = 5.000444502911705e-12

===== LIVE CHECKPOINT =====
Chunk 1, stage refine_train, candidate batch starting 40, case batch 8/8
Completed result rows: 1080
Current best partial candidates:
  n_cases= 24, mean=0.44551393, raw = -1.1*eta_h + -4.8*eta_y + -0.12
  n_cases= 24, mean=0.44567944, raw = -1*eta_h + -4.8*eta_y + -0.12
  n_cases= 24, mean=0.44578409, raw = -1.1*eta_h + -4.8*eta_y + -0.14
  n_cases= 24, mean=0.44584732, raw = -0.9*eta_h + -4.8*eta_y + -0.12
  n_cases= 24, mean=0.44590633, raw = -1*eta_h + -4.8*eta_y + -0.14
Checkpoint details: /homes/aiskhak/projects/GP/linear_results_linear_refine_best_screen_C1etaH_C2etaY_C3_CeffMin005_chunk1/linear_refine_best_screen_C1etaH_C2etaY_C3_CeffMin005_chunk1_refine_train_details_checkpoint.csv
Checkpoint summary: /homes/aiskhak/projects/GP/linear_results_linear_refine_best_screen_C1etaH_C2etaY_C3_CeffMin005_chunk1/linear_refine_best_screen_C1etaH_C2etaY_C3_CeffMin005_chunk1_refine_train_summary_checkpoint.csv
===========================


Wrote details: /homes/aiskhak/projects/GP/linear_results_linear_refine_best_screen_C1etaH_C2etaY_C3_CeffMin005_chunk1/linear_refine_best_screen_C1etaH_C2etaY_C3_CeffMin005_chunk1_refine_train_details.csv
Wrote summary: /homes/aiskhak/projects/GP/linear_results_linear_refine_best_screen_C1etaH_C2etaY_C3_CeffMin005_chunk1/linear_refine_best_screen_C1etaH_C2etaY_C3_CeffMin005_chunk1_refine_train_summary.csv

===== Top refined training candidates =====
0.44551393 | raw = -1.1*eta_h + -4.8*eta_y + -0.12
0.44567944 | raw = -1*eta_h + -4.8*eta_y + -0.12
0.44578409 | raw = -1.1*eta_h + -4.8*eta_y + -0.14
0.44584732 | raw = -0.9*eta_h + -4.8*eta_y + -0.12
0.44590633 | raw = -1*eta_h + -4.8*eta_y + -0.14
0.44603151 | raw = -0.9*eta_h + -4.8*eta_y + -0.14
0.44693273 | raw = -1.1*eta_h + -4.8*eta_y + -0.16
0.44701027 | raw = -1*eta_h + -4.8*eta_y + -0.16

===== Stage 3: final held-out test evaluation =====

===== Evaluating 8 candidates for stage final_test on 8 cases =====

===== Candidate batch 0..7 =====

===== Stage final_test, candidate batch starting 0, case batch 1/6 =====
Running 16 tasks with 64 MPI ranks

===== Linear candidate local_id=000, RE=5963, CG=1 =====
raw = -1.1*eta_h + -4.8*eta_y + -0.12
raw min/max = -4.945049782242759 -0.2369646545988449
C_eff min/max = 0.020506224652456658 0.204234706719745
lm min/max = 0.02008138917497334 0.10529442240592136

===== Linear candidate local_id=000, RE=5963, CG=2 =====
raw = -1.1*eta_h + -4.8*eta_y + -0.12

===== Linear candidate local_id=001, RE=5963, CG=1 =====
raw = -1*eta_h + -4.8*eta_y + -0.12
raw min/max = -4.932445552079248 -0.1785494791872075
C_eff min/max = 0.020506383577344408 0.24150331702223718
lm min/max = 0.011975186894233367 0.10586480310265224
raw min/max = -4.942772529311599 -0.23468740166768498
C_eff min/max = 0.02050625307021811 0.20555756756791332
lm min/max = 0.020211459543242608 0.10529456832414029

===== Linear candidate local_id=001, RE=5963, CG=2 =====
raw = -1*eta_h + -4.8*eta_y + -0.12
raw min/max = -4.931314138253861 -0.17741806536182136
C_eff min/max = 0.020506398040138412 0.24229778290913329
lm min/max = 0.012014581290939718 0.10586487776724797
Running case in: /homes/aiskhak/projects/GP/runs/5963/1/cand_001 with fv_app_run.sh

===== Linear candidate local_id=002, RE=5963, CG=1 =====
raw = -1.1*eta_h + -4.8*eta_y + -0.14
raw min/max = -4.965049782242758 -0.2569646545988449
C_eff min/max = 0.020505980556628438 0.19303421177765712
lm min/max = 0.018980099871617914 0.10529316903385119

===== Linear candidate local_id=002, RE=5963, CG=2 =====

===== Linear candidate local_id=003, RE=5963, CG=1 =====
raw = -0.9*eta_h + -4.8*eta_y + -0.12
raw min/max = -4.940495276380439 -0.23241014873652507
C_eff min/max = 0.020506281617730035 0.20689039963225442
lm min/max = 0.0203425103319102 0.105294714908596
raw = -1.1*eta_h + -4.8*eta_y + -0.14

===== Linear candidate local_id=004, RE=5963, CG=1 =====
raw = -1*eta_h + -4.8*eta_y + -0.14
raw min/max = -4.952445552079247 -0.19854947918720753
C_eff min/max = 0.02050613324875592 0.2279327946488783
lm min/max = 0.011302278779855856 0.1058635107740156
Running case in: /homes/aiskhak/projects/GP/runs/5963/1/cand_000 with fv_app_run.sh
raw min/max = -4.962772529311598 -0.254687401667685
C_eff min/max = 0.020506007859896532 0.19427249256026355
lm min/max = 0.01910185390012166 0.1052933092294207

===== Linear candidate local_id=003, RE=5963, CG=2 =====
raw = -0.9*eta_h + -4.8*eta_y + -0.12
raw min/max = -4.930182724428476 -0.17628665153643522

===== Linear candidate local_id=004, RE=5963, CG=2 =====
raw = -1*eta_h + -4.8*eta_y + -0.14
raw min/max = -4.951314138253861 -0.19741806536182138
C_eff min/max = 0.020506412535703112 0.24309517959381743
lm min/max = 0.012054121014226647 0.10586495260102337

===== Linear candidate local_id=005, RE=5963, CG=1 =====
raw = -0.9*eta_h + -4.8*eta_y + -0.14
C_eff min/max = 0.020506147144342533 0.2286770570997405
lm min/max = 0.011339183788272839 0.10586358251038662
raw min/max = -4.960495276380438 -0.2524101487365251
C_eff min/max = 0.0205060352878255 0.19552013715943972
lm min/max = 0.019224528626423154 0.10529345006509315

===== Linear candidate local_id=005, RE=5963, CG=2 =====
raw = -0.9*eta_h + -4.8*eta_y + -0.14

===== Linear candidate local_id=006, RE=5963, CG=1 =====
raw = -1.1*eta_h + -4.8*eta_y + -0.16
raw min/max = -4.950182724428475 -0.19628665153643524
C_eff min/max = 0.020506161071414362 0.22942407967732895
lm min/max = 0.011376225660372715 0.105863654409301
raw min/max = -4.985049782242759 -0.2769646545988449
C_eff min/max = 0.02050574603375783 0.18255096759595996
lm min/max = 0.017949334290144964 0.10529196481656497
Running case in: /homes/aiskhak/projects/GP/runs/5963/2/cand_001 with fv_app_run.sh
Running case in: /homes/aiskhak/projects/GP/runs/5963/1/cand_002 with fv_app_run.sh

===== Linear candidate local_id=006, RE=5963, CG=2 =====
raw = -1.1*eta_h + -4.8*eta_y + -0.16
raw min/max = -4.972445552079248 -0.21854947918720752
Running case in: /homes/aiskhak/projects/GP/runs/5963/1/cand_006 with fv_app_run.sh
C_eff min/max = 0.020505892737609357 0.21522198287761804
lm min/max = 0.010672000287555695 0.1058622691282091
Running case in: /homes/aiskhak/projects/GP/runs/5963/2/cand_000 with fv_app_run.sh

===== Linear candidate local_id=007, RE=5963, CG=1 =====
raw = -1*eta_h + -4.8*eta_y + -0.16
Running case in: /homes/aiskhak/projects/GP/runs/5963/1/cand_003 with fv_app_run.sh
Running case in: /homes/aiskhak/projects/GP/runs/5963/1/cand_004 with fv_app_run.sh
raw min/max = -4.982772529311599 -0.274687401667685

===== Linear candidate local_id=007, RE=5963, CG=2 =====
raw = -1*eta_h + -4.8*eta_y + -0.16
C_eff min/max = 0.02050577226624914 0.18370985882751895
lm min/max = 0.018063282336518563 0.10529209951395893
raw min/max = -4.971314138253861 -0.21741806536182137
C_eff min/max = 0.020505906088237793 0.21591899192332342
lm min/max = 0.010706562187956114 0.10586233805121766
Running case in: /homes/aiskhak/projects/GP/runs/5963/2/cand_002 with fv_app_run.sh
Running case in: /homes/aiskhak/projects/GP/runs/5963/1/cand_005 with fv_app_run.sh
Running case in: /homes/aiskhak/projects/GP/runs/5963/2/cand_003 with fv_app_run.sh
Running case in: /homes/aiskhak/projects/GP/runs/5963/2/cand_005 with fv_app_run.sh
Running case in: /homes/aiskhak/projects/GP/runs/5963/1/cand_007 with fv_app_run.sh
Running case in: /homes/aiskhak/projects/GP/runs/5963/2/cand_007 with fv_app_run.sh
Running case in: /homes/aiskhak/projects/GP/runs/5963/2/cand_004 with fv_app_run.sh
Running case in: /homes/aiskhak/projects/GP/runs/5963/2/cand_006 with fv_app_run.sh
Return code = 0
Elapsed: 13.4 sec
has_err = False
has_conv = True
has_ss = False
has_fin = True
Using VPP file: /homes/aiskhak/projects/GP/runs/5963/1/cand_006/tamu_2d_fv_gp_csv_vpp_0002.csv
VPP columns: ('id', 'u', 'v', 'x', 'y', 'z')
coordinate check: max |r_res-r_cg| = 5.000444502911705e-12
coordinate check: max |z_res-z_cg| = 5.000444502911705e-12
Return code = 0
Elapsed: 14.77 sec
has_err = False
has_conv = True
has_ss = False
has_fin = True
Using VPP file: /homes/aiskhak/projects/GP/runs/5963/1/cand_000/tamu_2d_fv_gp_csv_vpp_0002.csv
Return code = 0
Elapsed: 14.56 sec
has_err = False
has_conv = True
has_ss = False
has_fin = True
Using VPP file: /homes/aiskhak/projects/GP/runs/5963/1/cand_003/tamu_2d_fv_gp_csv_vpp_0002.csv
Return code = 0
Elapsed: 14.73 sec
has_err = False
has_conv = True
has_ss = False
has_fin = True
Return code = 0
Elapsed: 15.05 sec
has_err = False
has_conv = True
has_ss = False
has_fin = True
Using VPP file: /homes/aiskhak/projects/GP/runs/5963/1/cand_005/tamu_2d_fv_gp_csv_vpp_0002.csv
Using VPP file: /homes/aiskhak/projects/GP/runs/5963/1/cand_001/tamu_2d_fv_gp_csv_vpp_0002.csv
VPP columns: ('id', 'u', 'v', 'x', 'y', 'z')
coordinate check: max |r_res-r_cg| = 5.000444502911705e-12
coordinate check: max |z_res-z_cg| = 5.000444502911705e-12
VPP columns: ('id', 'u', 'v', 'x', 'y', 'z')
coordinate check: max |r_res-r_cg| = 5.000444502911705e-12
coordinate check: max |z_res-z_cg| = 5.000444502911705e-12
Return code = 0
Return code = 0
Elapsed: 14.98 sec
Elapsed: 14.81 sec
has_err = False
has_err = False
has_conv = True
has_ss = False
has_conv = True
has_fin = True
has_ss = False
has_fin = True
Using VPP file: /homes/aiskhak/projects/GP/runs/5963/1/cand_002/tamu_2d_fv_gp_csv_vpp_0002.csv
Using VPP file: /homes/aiskhak/projects/GP/runs/5963/1/cand_004/tamu_2d_fv_gp_csv_vpp_0002.csv
Return code = 0
Elapsed: 14.74 sec
has_err = False
has_conv = True
has_ss = False
has_fin = True
Using VPP file: /homes/aiskhak/projects/GP/runs/5963/1/cand_007/tamu_2d_fv_gp_csv_vpp_0002.csv
VPP columns: ('id', 'u', 'v', 'x', 'y', 'z')
coordinate check: max |r_res-r_cg| = 5.000444502911705e-12
coordinate check: max |z_res-z_cg| = 5.000444502911705e-12
VPP columns: ('id', 'u', 'v', 'x', 'y', 'z')
coordinate check: max |r_res-r_cg| = 5.000444502911705e-12
coordinate check: max |z_res-z_cg| = 5.000444502911705e-12
VPP columns: ('id', 'u', 'v', 'x', 'y', 'z')
coordinate check: max |r_res-r_cg| = 5.000444502911705e-12
coordinate check: max |z_res-z_cg| = 5.000444502911705e-12
VPP columns: ('id', 'u', 'v', 'x', 'y', 'z')
coordinate check: max |r_res-r_cg| = 5.000444502911705e-12
coordinate check: max |z_res-z_cg| = 5.000444502911705e-12
VPP columns: ('id', 'u', 'v', 'x', 'y', 'z')
coordinate check: max |r_res-r_cg| = 5.000444502911705e-12
coordinate check: max |z_res-z_cg| = 5.000444502911705e-12
Return code = 0
Elapsed: 18.06 sec
has_err = False
has_conv = True
has_ss = False
has_fin = True
Using VPP file: /homes/aiskhak/projects/GP/runs/5963/2/cand_005/tamu_2d_fv_gp_csv_vpp_0002.csv
Return code = 0
Elapsed: 18.3 sec
has_err = False
has_conv = True
has_ss = False
has_fin = True
Using VPP file: /homes/aiskhak/projects/GP/runs/5963/2/cand_000/tamu_2d_fv_gp_csv_vpp_0002.csv
VPP columns: ('id', 'u', 'v', 'x', 'y', 'z')
coordinate check: max |r_res-r_cg| = 5.000444502911705e-12
coordinate check: max |z_res-z_cg| = 5.000444502911705e-12
VPP columns: ('id', 'u', 'v', 'x', 'y', 'z')
coordinate check: max |r_res-r_cg| = 5.000444502911705e-12
coordinate check: max |z_res-z_cg| = 5.000444502911705e-12
Return code = 0
Elapsed: 18.8 sec
has_err = False
has_conv = True
has_ss = False
has_fin = True
Using VPP file: /homes/aiskhak/projects/GP/runs/5963/2/cand_006/tamu_2d_fv_gp_csv_vpp_0002.csv
VPP columns: ('id', 'u', 'v', 'x', 'y', 'z')
coordinate check: max |r_res-r_cg| = 5.000444502911705e-12
coordinate check: max |z_res-z_cg| = 5.000444502911705e-12
Return code = 0
Elapsed: 19.06 sec
has_err = False
has_conv = True
has_ss = False
has_fin = True
Using VPP file: /homes/aiskhak/projects/GP/runs/5963/2/cand_004/tamu_2d_fv_gp_csv_vpp_0002.csv
VPP columns: ('id', 'u', 'v', 'x', 'y', 'z')
coordinate check: max |r_res-r_cg| = 5.000444502911705e-12
coordinate check: max |z_res-z_cg| = 5.000444502911705e-12
Return code = 0
Elapsed: 19.32 sec
has_err = False
has_conv = True
has_ss = False
has_fin = True
Using VPP file: /homes/aiskhak/projects/GP/runs/5963/2/cand_003/tamu_2d_fv_gp_csv_vpp_0002.csv
VPP columns: ('id', 'u', 'v', 'x', 'y', 'z')
coordinate check: max |r_res-r_cg| = 5.000444502911705e-12
coordinate check: max |z_res-z_cg| = 5.000444502911705e-12
Return code = 0
Elapsed: 19.79 sec
has_err = False
has_conv = True
has_ss = False
has_fin = True
Using VPP file: /homes/aiskhak/projects/GP/runs/5963/2/cand_001/tamu_2d_fv_gp_csv_vpp_0002.csv
Return code = 0
Elapsed: 19.59 sec
has_err = False
has_conv = True
has_ss = False
has_fin = True
Using VPP file: /homes/aiskhak/projects/GP/runs/5963/2/cand_007/tamu_2d_fv_gp_csv_vpp_0002.csv
VPP columns: ('id', 'u', 'v', 'x', 'y', 'z')
coordinate check: max |r_res-r_cg| = 5.000444502911705e-12
coordinate check: max |z_res-z_cg| = 5.000444502911705e-12
Return code = 0
Elapsed: 20.01 sec
has_err = False
has_conv = True
has_ss = False
has_fin = True
Using VPP file: /homes/aiskhak/projects/GP/runs/5963/2/cand_002/tamu_2d_fv_gp_csv_vpp_0002.csv
VPP columns: ('id', 'u', 'v', 'x', 'y', 'z')
coordinate check: max |r_res-r_cg| = 5.000444502911705e-12
coordinate check: max |z_res-z_cg| = 5.000444502911705e-12
VPP columns: ('id', 'u', 'v', 'x', 'y', 'z')
coordinate check: max |r_res-r_cg| = 5.000444502911705e-12
coordinate check: max |z_res-z_cg| = 5.000444502911705e-12

===== LIVE CHECKPOINT =====
Chunk 1, stage final_test, candidate batch starting 0, case batch 1/6
Completed result rows: 16
Current best partial candidates:
  n_cases=  2, mean=0.23077596, raw = -1.1*eta_h + -4.8*eta_y + -0.16
  n_cases=  2, mean=0.23104908, raw = -1*eta_h + -4.8*eta_y + -0.16
  n_cases=  2, mean=0.23305429, raw = -1.1*eta_h + -4.8*eta_y + -0.14
  n_cases=  2, mean=0.23334656, raw = -1*eta_h + -4.8*eta_y + -0.14
  n_cases=  2, mean=0.23364200, raw = -0.9*eta_h + -4.8*eta_y + -0.14
Checkpoint details: /homes/aiskhak/projects/GP/linear_results_linear_refine_best_screen_C1etaH_C2etaY_C3_CeffMin005_chunk1/linear_refine_best_screen_C1etaH_C2etaY_C3_CeffMin005_chunk1_final_test_details_checkpoint.csv
Checkpoint summary: /homes/aiskhak/projects/GP/linear_results_linear_refine_best_screen_C1etaH_C2etaY_C3_CeffMin005_chunk1/linear_refine_best_screen_C1etaH_C2etaY_C3_CeffMin005_chunk1_final_test_summary_checkpoint.csv
===========================


===== Stage final_test, candidate batch starting 0, case batch 2/6 =====
Running 8 tasks with 64 MPI ranks

===== Linear candidate local_id=000, RE=5963, CG=3 =====
raw = -1.1*eta_h + -4.8*eta_y + -0.12
raw min/max = -4.926219626106676 -0.1493557013327576
C_eff min/max = 0.020506463570046218 0.2629660671110099
lm min/max = 0.006547092129704218 0.10592319245135466

===== Linear candidate local_id=001, RE=5963, CG=3 =====
raw = -1*eta_h + -4.8*eta_y + -0.12
raw min/max = -4.925654205551524 -0.14879028077760523
C_eff min/max = 0.020506470884220147 0.2634020991645594
lm min/max = 0.00655794806278127 0.10592323023166965

===== Linear candidate local_id=002, RE=5963, CG=3 =====
raw = -1.1*eta_h + -4.8*eta_y + -0.14
raw min/max = -4.946219626106676 -0.16935570133275762
C_eff min/max = 0.020506210104270107 0.2480445214461922
lm min/max = 0.006175588934412069 0.1059218832102907

===== Linear candidate local_id=003, RE=5963, CG=3 =====
raw = -0.9*eta_h + -4.8*eta_y + -0.12
raw min/max = -4.925088784996372 -0.14822486022245282
C_eff min/max = 0.020506478206671664 0.2638389272327593
lm min/max = 0.006568823814313646 0.10592326805474131

===== Linear candidate local_id=004, RE=5963, CG=3 =====
raw = -1*eta_h + -4.8*eta_y + -0.14
raw min/max = -4.945654205551524 -0.16879028077760524
C_eff min/max = 0.020506217131593275 0.24845322260037117
lm min/max = 0.006185764407389715 0.10592191950891926

===== Linear candidate local_id=005, RE=5963, CG=3 =====
raw = -0.9*eta_h + -4.8*eta_y + -0.14
raw min/max = -4.945088784996371 -0.16822486022245284
C_eff min/max = 0.02050622416686933 0.2488626746451923
lm min/max = 0.006195958575365798 0.10592195584862732

===== Linear candidate local_id=007, RE=5963, CG=3 =====

===== Linear candidate local_id=006, RE=5963, CG=3 =====
raw = -1.1*eta_h + -4.8*eta_y + -0.16
raw = -1*eta_h + -4.8*eta_y + -0.16
raw min/max = -4.966219626106676 -0.18935570133275761
C_eff min/max = 0.02050596657899515 0.23406108489330113
raw min/max = -4.965654205551524 -0.18879028077760523
lm min/max = 0.005827441934278383 0.10592062531545779
C_eff min/max = 0.020505973330719587 0.23444401986212854
lm min/max = 0.005836975903996004 0.10592066019052068
Running case in: /homes/aiskhak/projects/GP/runs/5963/3/cand_001 with fv_app_run.sh
Running case in: /homes/aiskhak/projects/GP/runs/5963/3/cand_000 with fv_app_run.sh
Running case in: /homes/aiskhak/projects/GP/runs/5963/3/cand_002 with fv_app_run.sh
Running case in: /homes/aiskhak/projects/GP/runs/5963/3/cand_003 with fv_app_run.sh
Running case in: /homes/aiskhak/projects/GP/runs/5963/3/cand_004 with fv_app_run.sh
Running case in: /homes/aiskhak/projects/GP/runs/5963/3/cand_005 with fv_app_run.sh
Running case in: /homes/aiskhak/projects/GP/runs/5963/3/cand_006 with fv_app_run.sh
Running case in: /homes/aiskhak/projects/GP/runs/5963/3/cand_007 with fv_app_run.sh
Return code = 0
Elapsed: 34.02 sec
has_err = False
has_conv = True
has_ss = False
has_fin = True
Using VPP file: /homes/aiskhak/projects/GP/runs/5963/3/cand_000/tamu_2d_fv_gp_csv_vpp_0002.csv
Return code = 0
Return code = 0
Elapsed: 35.15 sec
Elapsed: 35.06 sec
has_err = False
has_conv = True
has_ss = False
has_fin = True
has_err = False
has_conv = True
has_ss = False
has_fin = True
Using VPP file: /homes/aiskhak/projects/GP/runs/5963/3/cand_001/tamu_2d_fv_gp_csv_vpp_0002.csv
Using VPP file: /homes/aiskhak/projects/GP/runs/5963/3/cand_003/tamu_2d_fv_gp_csv_vpp_0002.csv
Return code = 0
Elapsed: 36.52 sec
has_err = False
has_conv = True
has_ss = False
has_fin = True
Using VPP file: /homes/aiskhak/projects/GP/runs/5963/3/cand_002/tamu_2d_fv_gp_csv_vpp_0002.csv
VPP columns: ('id', 'u', 'v', 'x', 'y', 'z')
coordinate check: max |r_res-r_cg| = 5.000444502911705e-12
coordinate check: max |z_res-z_cg| = 5.000444502911705e-12
Return code = 0
Elapsed: 36.65 sec
has_err = False
has_conv = True
has_ss = False
has_fin = True
Using VPP file: /homes/aiskhak/projects/GP/runs/5963/3/cand_004/tamu_2d_fv_gp_csv_vpp_0002.csv
Return code = 0
Elapsed: 36.55 sec
has_err = False
has_conv = True
has_ss = False
has_fin = True
Using VPP file: /homes/aiskhak/projects/GP/runs/5963/3/cand_005/tamu_2d_fv_gp_csv_vpp_0002.csv
VPP columns: ('id', 'u', 'v', 'x', 'y', 'z')
coordinate check: max |r_res-r_cg| = 5.000444502911705e-12
coordinate check: max |z_res-z_cg| = 5.000444502911705e-12
VPP columns: ('id', 'u', 'v', 'x', 'y', 'z')
coordinate check: max |r_res-r_cg| = 5.000444502911705e-12
coordinate check: max |z_res-z_cg| = 5.000444502911705e-12
VPP columns: ('id', 'u', 'v', 'x', 'y', 'z')
coordinate check: max |r_res-r_cg| = 5.000444502911705e-12
coordinate check: max |z_res-z_cg| = 5.000444502911705e-12
VPP columns: ('id', 'u', 'v', 'x', 'y', 'z')
coordinate check: max |r_res-r_cg| = 5.000444502911705e-12
coordinate check: max |z_res-z_cg| = 5.000444502911705e-12
Return code = 0
Elapsed: 38.08 sec
has_err = False
has_conv = True
has_ss = False
has_fin = True
Using VPP file: /homes/aiskhak/projects/GP/runs/5963/3/cand_006/tamu_2d_fv_gp_csv_vpp_0002.csv
VPP columns: ('id', 'u', 'v', 'x', 'y', 'z')
coordinate check: max |r_res-r_cg| = 5.000444502911705e-12
coordinate check: max |z_res-z_cg| = 5.000444502911705e-12
Return code = 0
Elapsed: 38.84 sec
has_err = False
has_conv = True
has_ss = False
has_fin = True
Using VPP file: /homes/aiskhak/projects/GP/runs/5963/3/cand_007/tamu_2d_fv_gp_csv_vpp_0002.csv
VPP columns: ('id', 'u', 'v', 'x', 'y', 'z')
coordinate check: max |r_res-r_cg| = 5.000444502911705e-12
coordinate check: max |z_res-z_cg| = 5.000444502911705e-12
VPP columns: ('id', 'u', 'v', 'x', 'y', 'z')
coordinate check: max |r_res-r_cg| = 5.000444502911705e-12
coordinate check: max |z_res-z_cg| = 5.000444502911705e-12

===== LIVE CHECKPOINT =====
Chunk 1, stage final_test, candidate batch starting 0, case batch 2/6
Completed result rows: 24
Current best partial candidates:
  n_cases=  3, mean=0.27558226, raw = -1.1*eta_h + -4.8*eta_y + -0.16
  n_cases=  3, mean=0.27572393, raw = -1*eta_h + -4.8*eta_y + -0.16
  n_cases=  3, mean=0.27575838, raw = -1.1*eta_h + -4.8*eta_y + -0.14
  n_cases=  3, mean=0.27591801, raw = -1*eta_h + -4.8*eta_y + -0.14
  n_cases=  3, mean=0.27607991, raw = -0.9*eta_h + -4.8*eta_y + -0.14
Checkpoint details: /homes/aiskhak/projects/GP/linear_results_linear_refine_best_screen_C1etaH_C2etaY_C3_CeffMin005_chunk1/linear_refine_best_screen_C1etaH_C2etaY_C3_CeffMin005_chunk1_final_test_details_checkpoint.csv
Checkpoint summary: /homes/aiskhak/projects/GP/linear_results_linear_refine_best_screen_C1etaH_C2etaY_C3_CeffMin005_chunk1/linear_refine_best_screen_C1etaH_C2etaY_C3_CeffMin005_chunk1_final_test_summary_checkpoint.csv
===========================


===== Stage final_test, candidate batch starting 0, case batch 3/6 =====
Running 8 tasks with 96 MPI ranks

===== Linear candidate local_id=000, RE=5963, CG=4 =====
raw = -1.1*eta_h + -4.8*eta_y + -0.12
raw min/max = -4.923102657986176 -0.13466778472572985
C_eff min/max = 0.020506503993655528 0.2745544906188754
lm min/max = 0.0034248886157466096 0.10616964576682314

===== Linear candidate local_id=001, RE=5963, CG=4 =====
raw = -1*eta_h + -4.8*eta_y + -0.12
raw min/max = -4.922820598169251 -0.1343857249088048
C_eff min/max = 0.020506507664109146 0.27478242873431485
lm min/max = 0.003427731995415628 0.1061696647700994

===== Linear candidate local_id=002, RE=5963, CG=4 =====
raw = -1.1*eta_h + -4.8*eta_y + -0.14
raw min/max = -4.943102657986175 -0.15466778472572987
C_eff min/max = 0.020506248942526232 0.25890820771563083
lm min/max = 0.003229711417685552 0.106168325274161

===== Linear candidate local_id=003, RE=5963, CG=4 =====
raw = -0.9*eta_h + -4.8*eta_y + -0.12
raw min/max = -4.922538538352326 -0.13410366509187974
C_eff min/max = 0.02050651133663436 0.275010573285119
lm min/max = 0.0034305779502314918 0.10616968378410106

===== Linear candidate local_id=004, RE=5963, CG=4 =====
raw = -1*eta_h + -4.8*eta_y + -0.14
raw min/max = -4.94282059816925 -0.1543857249088048
C_eff min/max = 0.02050625246903007 0.25912192513391147
lm min/max = 0.003232377403411031 0.10616834353215678

===== Linear candidate local_id=005, RE=5963, CG=4 =====
raw = -0.9*eta_h + -4.8*eta_y + -0.14
raw min/max = -4.942538538352325 -0.15410366509187975
C_eff min/max = 0.02050625599752424 0.2593358374568528
lm min/max = 0.003235045820445326 0.10616836180045723

===== Linear candidate local_id=006, RE=5963, CG=4 =====
raw = -1.1*eta_h + -4.8*eta_y + -0.16

===== Linear candidate local_id=007, RE=5963, CG=4 =====
raw = -1*eta_h + -4.8*eta_y + -0.16
raw min/max = -4.963102657986176 -0.17466778472572986
raw min/max = -4.962820598169251 -0.1743857249088048
C_eff min/max = 0.020506003894085335 0.24424123936626635
lm min/max = 0.0030467505314366173 0.10616705656906267
C_eff min/max = 0.020506007282286 0.2444415386578114
lm min/max = 0.0030492491347623484 0.1061670741110125
Running case in: /homes/aiskhak/projects/GP/runs/5963/4/cand_000 with fv_app_run.sh
Running case in: /homes/aiskhak/projects/GP/runs/5963/4/cand_002 with fv_app_run.sh
Running case in: /homes/aiskhak/projects/GP/runs/5963/4/cand_001 with fv_app_run.sh
Running case in: /homes/aiskhak/projects/GP/runs/5963/4/cand_003 with fv_app_run.sh
Running case in: /homes/aiskhak/projects/GP/runs/5963/4/cand_004 with fv_app_run.sh
Running case in: /homes/aiskhak/projects/GP/runs/5963/4/cand_005 with fv_app_run.sh
Running case in: /homes/aiskhak/projects/GP/runs/5963/4/cand_007 with fv_app_run.sh
Running case in: /homes/aiskhak/projects/GP/runs/5963/4/cand_006 with fv_app_run.sh
Return code = 0
Elapsed: 91.33 sec
has_err = False
has_conv = True
has_ss = False
has_fin = True
Using VPP file: /homes/aiskhak/projects/GP/runs/5963/4/cand_000/tamu_2d_fv_gp_csv_vpp_0002.csv
Return code = 0
Elapsed: 97.23 sec
has_err = False
has_conv = True
has_ss = False
has_fin = True
Using VPP file: /homes/aiskhak/projects/GP/runs/5963/4/cand_003/tamu_2d_fv_gp_csv_vpp_0002.csv
Return code = 0
Elapsed: 97.27 sec
has_err = False
has_conv = True
has_ss = False
has_fin = True
Using VPP file: /homes/aiskhak/projects/GP/runs/5963/4/cand_001/tamu_2d_fv_gp_csv_vpp_0002.csv
VPP columns: ('id', 'u', 'v', 'x', 'y', 'z')
coordinate check: max |r_res-r_cg| = 5.000444502911705e-12
coordinate check: max |z_res-z_cg| = 5.000444502911705e-12
VPP columns: ('id', 'u', 'v', 'x', 'y', 'z')
coordinate check: max |r_res-r_cg| = 5.000444502911705e-12
coordinate check: max |z_res-z_cg| = 5.000444502911705e-12
VPP columns: ('id', 'u', 'v', 'x', 'y', 'z')
coordinate check: max |r_res-r_cg| = 5.000444502911705e-12
coordinate check: max |z_res-z_cg| = 5.000444502911705e-12
Return code = 0
Elapsed: 102.35 sec
has_err = False
has_conv = True
has_ss = False
has_fin = True
Using VPP file: /homes/aiskhak/projects/GP/runs/5963/4/cand_006/tamu_2d_fv_gp_csv_vpp_0002.csv
Return code = 0
Elapsed: 103.21 sec
has_err = False
has_conv = True
has_ss = False
has_fin = True
Return code = 0
Elapsed: 102.5 sec
has_err = False
has_conv = True
has_ss = False
has_fin = True
Using VPP file: /homes/aiskhak/projects/GP/runs/5963/4/cand_002/tamu_2d_fv_gp_csv_vpp_0002.csv
Using VPP file: /homes/aiskhak/projects/GP/runs/5963/4/cand_007/tamu_2d_fv_gp_csv_vpp_0002.csv
Return code = 0
Elapsed: 103.2 sec
has_err = False
has_conv = True
has_ss = False
has_fin = True
Using VPP file: /homes/aiskhak/projects/GP/runs/5963/4/cand_005/tamu_2d_fv_gp_csv_vpp_0002.csv
Return code = 0
Elapsed: 104.26 sec
has_err = False
has_conv = True
has_ss = False
has_fin = True
Using VPP file: /homes/aiskhak/projects/GP/runs/5963/4/cand_004/tamu_2d_fv_gp_csv_vpp_0002.csv
VPP columns: ('id', 'u', 'v', 'x', 'y', 'z')
coordinate check: max |r_res-r_cg| = 5.000444502911705e-12
coordinate check: max |z_res-z_cg| = 5.000444502911705e-12
VPP columns: ('id', 'u', 'v', 'x', 'y', 'z')
coordinate check: max |r_res-r_cg| = 5.000444502911705e-12
coordinate check: max |z_res-z_cg| = 5.000444502911705e-12
VPP columns: ('id', 'u', 'v', 'x', 'y', 'z')
coordinate check: max |r_res-r_cg| = 5.000444502911705e-12
coordinate check: max |z_res-z_cg| = 5.000444502911705e-12
VPP columns: ('id', 'u', 'v', 'x', 'y', 'z')
coordinate check: max |r_res-r_cg| = 5.000444502911705e-12
coordinate check: max |z_res-z_cg| = 5.000444502911705e-12
VPP columns: ('id', 'u', 'v', 'x', 'y', 'z')
coordinate check: max |r_res-r_cg| = 5.000444502911705e-12
coordinate check: max |z_res-z_cg| = 5.000444502911705e-12

===== LIVE CHECKPOINT =====
Chunk 1, stage final_test, candidate batch starting 0, case batch 3/6
Completed result rows: 32
Current best partial candidates:
  n_cases=  4, mean=0.29617609, raw = -1.1*eta_h + -4.8*eta_y + -0.12
  n_cases=  4, mean=0.29628700, raw = -1*eta_h + -4.8*eta_y + -0.12
  n_cases=  4, mean=0.29639511, raw = -0.9*eta_h + -4.8*eta_y + -0.12
  n_cases=  4, mean=0.29762711, raw = -1.1*eta_h + -4.8*eta_y + -0.14
  n_cases=  4, mean=0.29771881, raw = -1*eta_h + -4.8*eta_y + -0.14
Checkpoint details: /homes/aiskhak/projects/GP/linear_results_linear_refine_best_screen_C1etaH_C2etaY_C3_CeffMin005_chunk1/linear_refine_best_screen_C1etaH_C2etaY_C3_CeffMin005_chunk1_final_test_details_checkpoint.csv
Checkpoint summary: /homes/aiskhak/projects/GP/linear_results_linear_refine_best_screen_C1etaH_C2etaY_C3_CeffMin005_chunk1/linear_refine_best_screen_C1etaH_C2etaY_C3_CeffMin005_chunk1_final_test_summary_checkpoint.csv
===========================


===== Stage final_test, candidate batch starting 0, case batch 4/6 =====
Running 16 tasks with 64 MPI ranks

===== Linear candidate local_id=000, RE=12819, CG=1 =====
raw = -1.1*eta_h + -4.8*eta_y + -0.12
raw min/max = -4.945049782242759 -0.2369646545988449
C_eff min/max = 0.020506224652456658 0.204234706719745
lm min/max = 0.02008138917497334 0.10529442240592136

===== Linear candidate local_id=000, RE=12819, CG=2 =====
raw = -1.1*eta_h + -4.8*eta_y + -0.12

===== Linear candidate local_id=001, RE=12819, CG=1 =====
raw = -1*eta_h + -4.8*eta_y + -0.12
raw min/max = -4.932445552079248 -0.1785494791872075
C_eff min/max = 0.020506383577344408 0.24150331702223718
lm min/max = 0.011975186894233367 0.10586480310265224
raw min/max = -4.942772529311599 -0.23468740166768498
C_eff min/max = 0.02050625307021811 0.20555756756791332
lm min/max = 0.020211459543242608 0.10529456832414029

===== Linear candidate local_id=001, RE=12819, CG=2 =====
raw = -1*eta_h + -4.8*eta_y + -0.12

===== Linear candidate local_id=002, RE=12819, CG=1 =====
raw = -1.1*eta_h + -4.8*eta_y + -0.14
raw min/max = -4.965049782242758 -0.2569646545988449
C_eff min/max = 0.020505980556628438 0.19303421177765712
lm min/max = 0.018980099871617914 0.10529316903385119
raw min/max = -4.931314138253861 -0.17741806536182136
C_eff min/max = 0.020506398040138412 0.24229778290913329
lm min/max = 0.012014581290939718 0.10586487776724797

===== Linear candidate local_id=002, RE=12819, CG=2 =====
raw = -1.1*eta_h + -4.8*eta_y + -0.14
raw min/max = -4.952445552079247 -0.19854947918720753
C_eff min/max = 0.02050613324875592 0.2279327946488783
lm min/max = 0.011302278779855856 0.1058635107740156
Running case in: /homes/aiskhak/projects/GP/runs/12819/1/cand_000 with fv_app_run.sh

===== Linear candidate local_id=003, RE=12819, CG=1 =====
raw = -0.9*eta_h + -4.8*eta_y + -0.12
raw min/max = -4.940495276380439 -0.23241014873652507
C_eff min/max = 0.020506281617730035 0.20689039963225442
lm min/max = 0.0203425103319102 0.105294714908596

===== Linear candidate local_id=003, RE=12819, CG=2 =====
raw = -0.9*eta_h + -4.8*eta_y + -0.12
raw min/max = -4.930182724428476 -0.17628665153643522

===== Linear candidate local_id=004, RE=12819, CG=1 =====
raw = -1*eta_h + -4.8*eta_y + -0.14
C_eff min/max = 0.020506412535703112 0.24309517959381743
lm min/max = 0.012054121014226647 0.10586495260102337
raw min/max = -4.962772529311598 -0.254687401667685
C_eff min/max = 0.020506007859896532 0.19427249256026355
lm min/max = 0.01910185390012166 0.1052933092294207
Running case in: /homes/aiskhak/projects/GP/runs/12819/1/cand_002 with fv_app_run.sh
Running case in: /homes/aiskhak/projects/GP/runs/12819/2/cand_000 with fv_app_run.sh
Running case in: /homes/aiskhak/projects/GP/runs/12819/2/cand_001 with fv_app_run.sh
Running case in: /homes/aiskhak/projects/GP/runs/12819/1/cand_001 with fv_app_run.sh
Running case in: /homes/aiskhak/projects/GP/runs/12819/2/cand_002 with fv_app_run.sh
Running case in: /homes/aiskhak/projects/GP/runs/12819/1/cand_003 with fv_app_run.sh

===== Linear candidate local_id=005, RE=12819, CG=1 =====
raw = -0.9*eta_h + -4.8*eta_y + -0.14
Running case in: /homes/aiskhak/projects/GP/runs/12819/1/cand_004 with fv_app_run.sh

===== Linear candidate local_id=004, RE=12819, CG=2 =====
raw = -1*eta_h + -4.8*eta_y + -0.14
raw min/max = -4.960495276380438 -0.2524101487365251
C_eff min/max = 0.0205060352878255 0.19552013715943972
lm min/max = 0.019224528626423154 0.10529345006509315
raw min/max = -4.951314138253861 -0.19741806536182138
C_eff min/max = 0.020506147144342533 0.2286770570997405
lm min/max = 0.011339183788272839 0.10586358251038662

===== Linear candidate local_id=005, RE=12819, CG=2 =====
raw = -0.9*eta_h + -4.8*eta_y + -0.14
raw min/max = -4.950182724428475 -0.19628665153643524
C_eff min/max = 0.020506161071414362 0.22942407967732895
lm min/max = 0.011376225660372715 0.105863654409301

===== Linear candidate local_id=006, RE=12819, CG=2 =====
raw = -1.1*eta_h + -4.8*eta_y + -0.16
raw min/max = -4.972445552079248 -0.21854947918720752
C_eff min/max = 0.020505892737609357 0.21522198287761804
lm min/max = 0.010672000287555695 0.1058622691282091

===== Linear candidate local_id=006, RE=12819, CG=1 =====
raw = -1.1*eta_h + -4.8*eta_y + -0.16
raw min/max = -4.985049782242759 -0.2769646545988449
C_eff min/max = 0.02050574603375783 0.18255096759595996
lm min/max = 0.017949334290144964 0.10529196481656497
Running case in: /homes/aiskhak/projects/GP/runs/12819/2/cand_003 with fv_app_run.sh

===== Linear candidate local_id=007, RE=12819, CG=1 =====
raw = -1*eta_h + -4.8*eta_y + -0.16
raw min/max = -4.982772529311599 -0.274687401667685
C_eff min/max = 0.02050577226624914 0.18370985882751895
lm min/max = 0.018063282336518563 0.10529209951395893
Running case in: /homes/aiskhak/projects/GP/runs/12819/1/cand_005 with fv_app_run.sh

===== Linear candidate local_id=007, RE=12819, CG=2 =====
raw = -1*eta_h + -4.8*eta_y + -0.16
raw min/max = -4.971314138253861 -0.21741806536182137
C_eff min/max = 0.020505906088237793 0.21591899192332342
lm min/max = 0.010706562187956114 0.10586233805121766
Running case in: /homes/aiskhak/projects/GP/runs/12819/2/cand_005 with fv_app_run.sh
Running case in: /homes/aiskhak/projects/GP/runs/12819/1/cand_006 with fv_app_run.sh
Running case in: /homes/aiskhak/projects/GP/runs/12819/2/cand_006 with fv_app_run.sh
Running case in: /homes/aiskhak/projects/GP/runs/12819/2/cand_004 with fv_app_run.sh
Running case in: /homes/aiskhak/projects/GP/runs/12819/1/cand_007 with fv_app_run.sh
Running case in: /homes/aiskhak/projects/GP/runs/12819/2/cand_007 with fv_app_run.sh
Return code = 0
Elapsed: 18.4 sec
has_err = False
has_conv = True
has_ss = False
has_fin = True
Using VPP file: /homes/aiskhak/projects/GP/runs/12819/1/cand_001/tamu_2d_fv_gp_csv_vpp_0002.csv
Return code = 0
Elapsed: 18.5 sec
has_err = False
has_conv = True
has_ss = False
has_fin = True
Return code = 0
Elapsed: 18.44 sec
has_err = False
has_conv = True
has_ss = False
has_fin = True
Using VPP file: /homes/aiskhak/projects/GP/runs/12819/1/cand_000/tamu_2d_fv_gp_csv_vpp_0002.csv
Using VPP file: /homes/aiskhak/projects/GP/runs/12819/1/cand_003/tamu_2d_fv_gp_csv_vpp_0002.csv
VPP columns: ('id', 'u', 'v', 'x', 'y', 'z')
coordinate check: max |r_res-r_cg| = 5.000444502911705e-12
coordinate check: max |z_res-z_cg| = 5.000444502911705e-12
VPP columns: ('id', 'u', 'v', 'x', 'y', 'z')
coordinate check: max |r_res-r_cg| = 5.000444502911705e-12
coordinate check: max |z_res-z_cg| = 5.000444502911705e-12
Return code = 0
Elapsed: 18.39 sec
has_err = False
has_conv = True
has_ss = False
has_fin = True
Using VPP file: /homes/aiskhak/projects/GP/runs/12819/1/cand_005/tamu_2d_fv_gp_csv_vpp_0002.csv
VPP columns: ('id', 'u', 'v', 'x', 'y', 'z')
coordinate check: max |r_res-r_cg| = 5.000444502911705e-12
coordinate check: max |z_res-z_cg| = 5.000444502911705e-12
Return code = 0
Elapsed: 18.77 sec
has_err = False
has_conv = True
has_ss = False
has_fin = True
Using VPP file: /homes/aiskhak/projects/GP/runs/12819/1/cand_002/tamu_2d_fv_gp_csv_vpp_0002.csv
VPP columns: ('id', 'u', 'v', 'x', 'y', 'z')
coordinate check: max |r_res-r_cg| = 5.000444502911705e-12
coordinate check: max |z_res-z_cg| = 5.000444502911705e-12
VPP columns: ('id', 'u', 'v', 'x', 'y', 'z')
coordinate check: max |r_res-r_cg| = 5.000444502911705e-12
coordinate check: max |z_res-z_cg| = 5.000444502911705e-12
Return code = 0
Elapsed: 18.94 sec
has_err = False
has_conv = True
has_ss = False
has_fin = True
Using VPP file: /homes/aiskhak/projects/GP/runs/12819/1/cand_004/tamu_2d_fv_gp_csv_vpp_0002.csv
VPP columns: ('id', 'u', 'v', 'x', 'y', 'z')
coordinate check: max |r_res-r_cg| = 5.000444502911705e-12
coordinate check: max |z_res-z_cg| = 5.000444502911705e-12
Return code = 0
Elapsed: 18.88 sec
has_err = False
has_conv = True
has_ss = False
has_fin = True
Using VPP file: /homes/aiskhak/projects/GP/runs/12819/1/cand_006/tamu_2d_fv_gp_csv_vpp_0002.csv
VPP columns: ('id', 'u', 'v', 'x', 'y', 'z')
coordinate check: max |r_res-r_cg| = 5.000444502911705e-12
coordinate check: max |z_res-z_cg| = 5.000444502911705e-12
Return code = 0
Elapsed: 20.9 sec
has_err = False
has_conv = True
has_ss = False
has_fin = True
Using VPP file: /homes/aiskhak/projects/GP/runs/12819/1/cand_007/tamu_2d_fv_gp_csv_vpp_0002.csv
VPP columns: ('id', 'u', 'v', 'x', 'y', 'z')
coordinate check: max |r_res-r_cg| = 5.000444502911705e-12
coordinate check: max |z_res-z_cg| = 5.000444502911705e-12
Return code = 0
Elapsed: 24.47 sec
has_err = False
has_conv = True
has_ss = False
has_fin = True
Using VPP file: /homes/aiskhak/projects/GP/runs/12819/2/cand_000/tamu_2d_fv_gp_csv_vpp_0002.csv
VPP columns: ('id', 'u', 'v', 'x', 'y', 'z')
coordinate check: max |r_res-r_cg| = 5.000444502911705e-12
coordinate check: max |z_res-z_cg| = 5.000444502911705e-12
Return code = 0
Elapsed: 25.36 sec
has_err = False
has_conv = True
has_ss = False
has_fin = True
Using VPP file: /homes/aiskhak/projects/GP/runs/12819/2/cand_001/tamu_2d_fv_gp_csv_vpp_0002.csv
VPP columns: ('id', 'u', 'v', 'x', 'y', 'z')
coordinate check: max |r_res-r_cg| = 5.000444502911705e-12
coordinate check: max |z_res-z_cg| = 5.000444502911705e-12
Return code = 0
Elapsed: 27.92 sec
Return code = 0
Elapsed: 27.64 sec
has_err = False
has_conv = True
has_ss = False
has_fin = True
has_err = False
has_conv = True
has_ss = False
has_fin = True
Return code = 0
Elapsed: 27.73 sec
has_err = False
has_conv = True
has_ss = False
has_fin = True
Using VPP file: /homes/aiskhak/projects/GP/runs/12819/2/cand_003/tamu_2d_fv_gp_csv_vpp_0002.csv
Return code = 0
Elapsed: 27.73 sec
Using VPP file: /homes/aiskhak/projects/GP/runs/12819/2/cand_007/tamu_2d_fv_gp_csv_vpp_0002.csv
Using VPP file: /homes/aiskhak/projects/GP/runs/12819/2/cand_004/tamu_2d_fv_gp_csv_vpp_0002.csv
has_err = False
has_conv = True
has_ss = False
has_fin = True
Using VPP file: /homes/aiskhak/projects/GP/runs/12819/2/cand_006/tamu_2d_fv_gp_csv_vpp_0002.csv
VPP columns: ('id', 'u', 'v', 'x', 'y', 'z')
coordinate check: max |r_res-r_cg| = 5.000444502911705e-12
coordinate check: max |z_res-z_cg| = 5.000444502911705e-12
VPP columns: ('id', 'u', 'v', 'x', 'y', 'z')
coordinate check: max |r_res-r_cg| = 5.000444502911705e-12
coordinate check: max |z_res-z_cg| = 5.000444502911705e-12
Return code = 0
Elapsed: 28.36 sec
has_err = False
has_conv = True
has_ss = False
has_fin = True
Using VPP file: /homes/aiskhak/projects/GP/runs/12819/2/cand_002/tamu_2d_fv_gp_csv_vpp_0002.csv
VPP columns: ('id', 'u', 'v', 'x', 'y', 'z')
coordinate check: max |r_res-r_cg| = 5.000444502911705e-12
coordinate check: max |z_res-z_cg| = 5.000444502911705e-12
VPP columns: ('id', 'u', 'v', 'x', 'y', 'z')
coordinate check: max |r_res-r_cg| = 5.000444502911705e-12
coordinate check: max |z_res-z_cg| = 5.000444502911705e-12
Return code = 0
Elapsed: 28.42 sec
has_err = False
has_conv = True
has_ss = False
has_fin = True
Using VPP file: /homes/aiskhak/projects/GP/runs/12819/2/cand_005/tamu_2d_fv_gp_csv_vpp_0002.csv
VPP columns: ('id', 'u', 'v', 'x', 'y', 'z')
coordinate check: max |r_res-r_cg| = 5.000444502911705e-12
coordinate check: max |z_res-z_cg| = 5.000444502911705e-12
VPP columns: ('id', 'u', 'v', 'x', 'y', 'z')
coordinate check: max |r_res-r_cg| = 5.000444502911705e-12
coordinate check: max |z_res-z_cg| = 5.000444502911705e-12

===== LIVE CHECKPOINT =====
Chunk 1, stage final_test, candidate batch starting 0, case batch 4/6
Completed result rows: 48
Current best partial candidates:
  n_cases=  6, mean=0.26014386, raw = -1.1*eta_h + -4.8*eta_y + -0.12
  n_cases=  6, mean=0.26031711, raw = -1.1*eta_h + -4.8*eta_y + -0.14
  n_cases=  6, mean=0.26034561, raw = -1*eta_h + -4.8*eta_y + -0.12
  n_cases=  6, mean=0.26047289, raw = -1*eta_h + -4.8*eta_y + -0.14
  n_cases=  6, mean=0.26054858, raw = -0.9*eta_h + -4.8*eta_y + -0.12
Checkpoint details: /homes/aiskhak/projects/GP/linear_results_linear_refine_best_screen_C1etaH_C2etaY_C3_CeffMin005_chunk1/linear_refine_best_screen_C1etaH_C2etaY_C3_CeffMin005_chunk1_final_test_details_checkpoint.csv
Checkpoint summary: /homes/aiskhak/projects/GP/linear_results_linear_refine_best_screen_C1etaH_C2etaY_C3_CeffMin005_chunk1/linear_refine_best_screen_C1etaH_C2etaY_C3_CeffMin005_chunk1_final_test_summary_checkpoint.csv
===========================


===== Stage final_test, candidate batch starting 0, case batch 5/6 =====
Running 8 tasks with 64 MPI ranks

===== Linear candidate local_id=000, RE=12819, CG=3 =====
raw = -1.1*eta_h + -4.8*eta_y + -0.12
raw min/max = -4.926219626106676 -0.1493557013327576
C_eff min/max = 0.020506463570046218 0.2629660671110099
lm min/max = 0.006547092129704218 0.10592319245135466

===== Linear candidate local_id=001, RE=12819, CG=3 =====
raw = -1*eta_h + -4.8*eta_y + -0.12
raw min/max = -4.925654205551524 -0.14879028077760523
C_eff min/max = 0.020506470884220147 0.2634020991645594
lm min/max = 0.00655794806278127 0.10592323023166965

===== Linear candidate local_id=002, RE=12819, CG=3 =====
raw = -1.1*eta_h + -4.8*eta_y + -0.14
raw min/max = -4.946219626106676 -0.16935570133275762
C_eff min/max = 0.020506210104270107 0.2480445214461922
lm min/max = 0.006175588934412069 0.1059218832102907

===== Linear candidate local_id=003, RE=12819, CG=3 =====
raw = -0.9*eta_h + -4.8*eta_y + -0.12
raw min/max = -4.925088784996372 -0.14822486022245282
C_eff min/max = 0.020506478206671664 0.2638389272327593
lm min/max = 0.006568823814313646 0.10592326805474131

===== Linear candidate local_id=004, RE=12819, CG=3 =====
raw = -1*eta_h + -4.8*eta_y + -0.14
raw min/max = -4.945654205551524 -0.16879028077760524
C_eff min/max = 0.020506217131593275 0.24845322260037117
lm min/max = 0.006185764407389715 0.10592191950891926

===== Linear candidate local_id=005, RE=12819, CG=3 =====
raw = -0.9*eta_h + -4.8*eta_y + -0.14
raw min/max = -4.945088784996371 -0.16822486022245284
C_eff min/max = 0.02050622416686933 0.2488626746451923
lm min/max = 0.006195958575365798 0.10592195584862732

===== Linear candidate local_id=006, RE=12819, CG=3 =====
raw = -1.1*eta_h + -4.8*eta_y + -0.16
raw min/max = -4.966219626106676 -0.18935570133275761
C_eff min/max = 0.02050596657899515 0.23406108489330113
lm min/max = 0.005827441934278383 0.10592062531545779

===== Linear candidate local_id=007, RE=12819, CG=3 =====
raw = -1*eta_h + -4.8*eta_y + -0.16
raw min/max = -4.965654205551524 -0.18879028077760523
C_eff min/max = 0.020505973330719587 0.23444401986212854
lm min/max = 0.005836975903996004 0.10592066019052068
Running case in: /homes/aiskhak/projects/GP/runs/12819/3/cand_000 with fv_app_run.sh
Running case in: /homes/aiskhak/projects/GP/runs/12819/3/cand_003 with fv_app_run.sh
Running case in: /homes/aiskhak/projects/GP/runs/12819/3/cand_001 with fv_app_run.sh
Running case in: /homes/aiskhak/projects/GP/runs/12819/3/cand_005 with fv_app_run.sh
Running case in: /homes/aiskhak/projects/GP/runs/12819/3/cand_006 with fv_app_run.sh
Running case in: /homes/aiskhak/projects/GP/runs/12819/3/cand_004 with fv_app_run.sh
Running case in: /homes/aiskhak/projects/GP/runs/12819/3/cand_002 with fv_app_run.sh
Running case in: /homes/aiskhak/projects/GP/runs/12819/3/cand_007 with fv_app_run.sh
Return code = 0
Elapsed: 42.59 sec
has_err = False
has_conv = True
has_ss = False
has_fin = True
Using VPP file: /homes/aiskhak/projects/GP/runs/12819/3/cand_005/tamu_2d_fv_gp_csv_vpp_0002.csv
Return code = 0
Elapsed: 42.86 sec
has_err = False
has_conv = True
has_ss = False
has_fin = True
Using VPP file: /homes/aiskhak/projects/GP/runs/12819/3/cand_004/tamu_2d_fv_gp_csv_vpp_0002.csv
VPP columns: ('id', 'u', 'v', 'x', 'y', 'z')
coordinate check: max |r_res-r_cg| = 5.000444502911705e-12
coordinate check: max |z_res-z_cg| = 5.000444502911705e-12
VPP columns: ('id', 'u', 'v', 'x', 'y', 'z')
coordinate check: max |r_res-r_cg| = 5.000444502911705e-12
coordinate check: max |z_res-z_cg| = 5.000444502911705e-12
Return code = 0
Elapsed: 45.1 sec
has_err = False
has_conv = True
has_ss = False
has_fin = True
Using VPP file: /homes/aiskhak/projects/GP/runs/12819/3/cand_001/tamu_2d_fv_gp_csv_vpp_0002.csv
VPP columns: ('id', 'u', 'v', 'x', 'y', 'z')
coordinate check: max |r_res-r_cg| = 5.000444502911705e-12
coordinate check: max |z_res-z_cg| = 5.000444502911705e-12
Return code = 0
Elapsed: 45.34 sec
has_err = False
has_conv = True
has_ss = False
has_fin = True
Return code = 0
Elapsed: 45.36 sec
has_err = False
has_conv = True
has_ss = False
has_fin = True
Using VPP file: /homes/aiskhak/projects/GP/runs/12819/3/cand_000/tamu_2d_fv_gp_csv_vpp_0002.csv
Using VPP file: /homes/aiskhak/projects/GP/runs/12819/3/cand_003/tamu_2d_fv_gp_csv_vpp_0002.csv
VPP columns: ('id', 'u', 'v', 'x', 'y', 'z')
coordinate check: max |r_res-r_cg| = 5.000444502911705e-12
coordinate check: max |z_res-z_cg| = 5.000444502911705e-12
Return code = 0
Elapsed: 47.27 sec
has_err = False
has_conv = True
has_ss = False
has_fin = True
Using VPP file: /homes/aiskhak/projects/GP/runs/12819/3/cand_002/tamu_2d_fv_gp_csv_vpp_0002.csv
VPP columns: ('id', 'u', 'v', 'x', 'y', 'z')
coordinate check: max |r_res-r_cg| = 5.000444502911705e-12
coordinate check: max |z_res-z_cg| = 5.000444502911705e-12
Return code = 0
Return code = 0
Elapsed: 52.29 sec
Elapsed: 52.38 sec
has_err = False
has_err = False
has_conv = True
has_conv = True
has_ss = False
has_fin = True
has_ss = False
has_fin = True
Using VPP file: /homes/aiskhak/projects/GP/runs/12819/3/cand_007/tamu_2d_fv_gp_csv_vpp_0002.csv
Using VPP file: /homes/aiskhak/projects/GP/runs/12819/3/cand_006/tamu_2d_fv_gp_csv_vpp_0002.csv
VPP columns: ('id', 'u', 'v', 'x', 'y', 'z')
coordinate check: max |r_res-r_cg| = 5.000444502911705e-12
coordinate check: max |z_res-z_cg| = 5.000444502911705e-12
VPP columns: ('id', 'u', 'v', 'x', 'y', 'z')
coordinate check: max |r_res-r_cg| = 5.000444502911705e-12
coordinate check: max |z_res-z_cg| = 5.000444502911705e-12
VPP columns: ('id', 'u', 'v', 'x', 'y', 'z')
coordinate check: max |r_res-r_cg| = 5.000444502911705e-12
coordinate check: max |z_res-z_cg| = 5.000444502911705e-12

===== LIVE CHECKPOINT =====
Chunk 1, stage final_test, candidate batch starting 0, case batch 5/6
Completed result rows: 56
Current best partial candidates:
  n_cases=  7, mean=0.29410654, raw = -1.1*eta_h + -4.8*eta_y + -0.12
  n_cases=  7, mean=0.29425173, raw = -1*eta_h + -4.8*eta_y + -0.12
  n_cases=  7, mean=0.29439799, raw = -0.9*eta_h + -4.8*eta_y + -0.12
  n_cases=  7, mean=0.29525336, raw = -1.1*eta_h + -4.8*eta_y + -0.14
  n_cases=  7, mean=0.29535832, raw = -1*eta_h + -4.8*eta_y + -0.14
Checkpoint details: /homes/aiskhak/projects/GP/linear_results_linear_refine_best_screen_C1etaH_C2etaY_C3_CeffMin005_chunk1/linear_refine_best_screen_C1etaH_C2etaY_C3_CeffMin005_chunk1_final_test_details_checkpoint.csv
Checkpoint summary: /homes/aiskhak/projects/GP/linear_results_linear_refine_best_screen_C1etaH_C2etaY_C3_CeffMin005_chunk1/linear_refine_best_screen_C1etaH_C2etaY_C3_CeffMin005_chunk1_final_test_summary_checkpoint.csv
===========================


===== Stage final_test, candidate batch starting 0, case batch 6/6 =====
Running 8 tasks with 96 MPI ranks

===== Linear candidate local_id=000, RE=12819, CG=4 =====
raw = -1.1*eta_h + -4.8*eta_y + -0.12
raw min/max = -4.923102657986176 -0.13466778472572985
C_eff min/max = 0.020506503993655528 0.2745544906188754
lm min/max = 0.0034248886157466096 0.10616964576682314

===== Linear candidate local_id=001, RE=12819, CG=4 =====
raw = -1*eta_h + -4.8*eta_y + -0.12
raw min/max = -4.922820598169251 -0.1343857249088048
C_eff min/max = 0.020506507664109146 0.27478242873431485
lm min/max = 0.003427731995415628 0.1061696647700994

===== Linear candidate local_id=002, RE=12819, CG=4 =====
raw = -1.1*eta_h + -4.8*eta_y + -0.14
raw min/max = -4.943102657986175 -0.15466778472572987
C_eff min/max = 0.020506248942526232 0.25890820771563083
lm min/max = 0.003229711417685552 0.106168325274161

===== Linear candidate local_id=003, RE=12819, CG=4 =====
raw = -0.9*eta_h + -4.8*eta_y + -0.12
raw min/max = -4.922538538352326 -0.13410366509187974
C_eff min/max = 0.02050651133663436 0.275010573285119
lm min/max = 0.0034305779502314918 0.10616968378410106

===== Linear candidate local_id=004, RE=12819, CG=4 =====
raw = -1*eta_h + -4.8*eta_y + -0.14
raw min/max = -4.94282059816925 -0.1543857249088048
C_eff min/max = 0.02050625246903007 0.25912192513391147
lm min/max = 0.003232377403411031 0.10616834353215678

===== Linear candidate local_id=005, RE=12819, CG=4 =====
raw = -0.9*eta_h + -4.8*eta_y + -0.14
raw min/max = -4.942538538352325 -0.15410366509187975
C_eff min/max = 0.02050625599752424 0.2593358374568528
lm min/max = 0.003235045820445326 0.10616836180045723

===== Linear candidate local_id=006, RE=12819, CG=4 =====
raw = -1.1*eta_h + -4.8*eta_y + -0.16
raw min/max = -4.963102657986176 -0.17466778472572986
C_eff min/max = 0.020506003894085335 0.24424123936626635
lm min/max = 0.0030467505314366173 0.10616705656906267

===== Linear candidate local_id=007, RE=12819, CG=4 =====
raw = -1*eta_h + -4.8*eta_y + -0.16
raw min/max = -4.962820598169251 -0.1743857249088048
C_eff min/max = 0.020506007282286 0.2444415386578114
lm min/max = 0.0030492491347623484 0.1061670741110125
Running case in: /homes/aiskhak/projects/GP/runs/12819/4/cand_003 with fv_app_run.sh
Running case in: /homes/aiskhak/projects/GP/runs/12819/4/cand_006 with fv_app_run.sh
Running case in: /homes/aiskhak/projects/GP/runs/12819/4/cand_004 with fv_app_run.sh
Running case in: /homes/aiskhak/projects/GP/runs/12819/4/cand_001 with fv_app_run.sh
Running case in: /homes/aiskhak/projects/GP/runs/12819/4/cand_007 with fv_app_run.sh
Running case in: /homes/aiskhak/projects/GP/runs/12819/4/cand_005 with fv_app_run.sh
Running case in: /homes/aiskhak/projects/GP/runs/12819/4/cand_002 with fv_app_run.sh
Running case in: /homes/aiskhak/projects/GP/runs/12819/4/cand_000 with fv_app_run.sh
Return code = 0
Elapsed: 122.28 sec
has_err = False
has_conv = True
has_ss = False
has_fin = True
Using VPP file: /homes/aiskhak/projects/GP/runs/12819/4/cand_003/tamu_2d_fv_gp_csv_vpp_0002.csv
Return code = 0
Elapsed: 122.4 sec
has_err = False
has_conv = True
has_ss = False
has_fin = True
Using VPP file: /homes/aiskhak/projects/GP/runs/12819/4/cand_001/tamu_2d_fv_gp_csv_vpp_0002.csv
Return code = 0
Elapsed: 124.99 sec
has_err = False
has_conv = True
has_ss = False
has_fin = True
Using VPP file: /homes/aiskhak/projects/GP/runs/12819/4/cand_004/tamu_2d_fv_gp_csv_vpp_0002.csv
Return code = 0
Elapsed: 124.69 sec
has_err = False
has_conv = True
has_ss = False
has_fin = True
Using VPP file: /homes/aiskhak/projects/GP/runs/12819/4/cand_000/tamu_2d_fv_gp_csv_vpp_0002.csv
VPP columns: ('id', 'u', 'v', 'x', 'y', 'z')
coordinate check: max |r_res-r_cg| = 5.000444502911705e-12
coordinate check: max |z_res-z_cg| = 5.000444502911705e-12
VPP columns: ('id', 'u', 'v', 'x', 'y', 'z')
coordinate check: max |r_res-r_cg| = 5.000444502911705e-12
coordinate check: max |z_res-z_cg| = 5.000444502911705e-12
VPP columns: ('id', 'u', 'v', 'x', 'y', 'z')
coordinate check: max |r_res-r_cg| = 5.000444502911705e-12
coordinate check: max |z_res-z_cg| = 5.000444502911705e-12
Return code = 0
Elapsed: 126.47 sec
has_err = False
has_conv = True
has_ss = False
has_fin = True
Using VPP file: /homes/aiskhak/projects/GP/runs/12819/4/cand_005/tamu_2d_fv_gp_csv_vpp_0002.csv
Return code = 0
Elapsed: 126.41 sec
has_err = False
has_conv = True
has_ss = False
has_fin = True
Using VPP file: /homes/aiskhak/projects/GP/runs/12819/4/cand_002/tamu_2d_fv_gp_csv_vpp_0002.csv
Return code = 0
Elapsed: 129.01 sec
has_err = False
has_conv = True
has_ss = False
has_fin = True
Using VPP file: /homes/aiskhak/projects/GP/runs/12819/4/cand_006/tamu_2d_fv_gp_csv_vpp_0002.csv
VPP columns: ('id', 'u', 'v', 'x', 'y', 'z')
VPP columns: ('id', 'u', 'v', 'x', 'y', 'z')
coordinate check: max |r_res-r_cg| = 5.000444502911705e-12
coordinate check: max |z_res-z_cg| = 5.000444502911705e-12
coordinate check: max |r_res-r_cg| = 5.000444502911705e-12
coordinate check: max |z_res-z_cg| = 5.000444502911705e-12
VPP columns: ('id', 'u', 'v', 'x', 'y', 'z')
coordinate check: max |r_res-r_cg| = 5.000444502911705e-12
coordinate check: max |z_res-z_cg| = 5.000444502911705e-12
Return code = 0
Elapsed: 132.06 sec
has_err = False
has_conv = True
has_ss = False
has_fin = True
Using VPP file: /homes/aiskhak/projects/GP/runs/12819/4/cand_007/tamu_2d_fv_gp_csv_vpp_0002.csv
VPP columns: ('id', 'u', 'v', 'x', 'y', 'z')
coordinate check: max |r_res-r_cg| = 5.000444502911705e-12
coordinate check: max |z_res-z_cg| = 5.000444502911705e-12
VPP columns: ('id', 'u', 'v', 'x', 'y', 'z')
coordinate check: max |r_res-r_cg| = 5.000444502911705e-12
coordinate check: max |z_res-z_cg| = 5.000444502911705e-12

===== LIVE CHECKPOINT =====
Chunk 1, stage final_test, candidate batch starting 0, case batch 6/6
Completed result rows: 64
Current best partial candidates:
  n_cases=  8, mean=0.33086164, raw = -1.1*eta_h + -4.8*eta_y + -0.12
  n_cases=  8, mean=0.33096972, raw = -1*eta_h + -4.8*eta_y + -0.12
  n_cases=  8, mean=0.33107877, raw = -0.9*eta_h + -4.8*eta_y + -0.12
  n_cases=  8, mean=0.33327494, raw = -1.1*eta_h + -4.8*eta_y + -0.14
  n_cases=  8, mean=0.33334604, raw = -1*eta_h + -4.8*eta_y + -0.14
Checkpoint details: /homes/aiskhak/projects/GP/linear_results_linear_refine_best_screen_C1etaH_C2etaY_C3_CeffMin005_chunk1/linear_refine_best_screen_C1etaH_C2etaY_C3_CeffMin005_chunk1_final_test_details_checkpoint.csv
Checkpoint summary: /homes/aiskhak/projects/GP/linear_results_linear_refine_best_screen_C1etaH_C2etaY_C3_CeffMin005_chunk1/linear_refine_best_screen_C1etaH_C2etaY_C3_CeffMin005_chunk1_final_test_summary_checkpoint.csv
===========================


Wrote details: /homes/aiskhak/projects/GP/linear_results_linear_refine_best_screen_C1etaH_C2etaY_C3_CeffMin005_chunk1/linear_refine_best_screen_C1etaH_C2etaY_C3_CeffMin005_chunk1_final_test_details.csv
Wrote summary: /homes/aiskhak/projects/GP/linear_results_linear_refine_best_screen_C1etaH_C2etaY_C3_CeffMin005_chunk1/linear_refine_best_screen_C1etaH_C2etaY_C3_CeffMin005_chunk1_final_test_summary.csv

===== Final test ranking =====
train=0.44551393, test=0.33086164 | raw = -1.1*eta_h + -4.8*eta_y + -0.12
train=0.44567944, test=0.33096972 | raw = -1*eta_h + -4.8*eta_y + -0.12
train=0.44584732, test=0.33107877 | raw = -0.9*eta_h + -4.8*eta_y + -0.12
train=0.44578409, test=0.33327494 | raw = -1.1*eta_h + -4.8*eta_y + -0.14
train=0.44590633, test=0.33334604 | raw = -1*eta_h + -4.8*eta_y + -0.14
train=0.44603151, test=0.33342302 | raw = -0.9*eta_h + -4.8*eta_y + -0.14
train=0.44693273, test=0.33643797 | raw = -1.1*eta_h + -4.8*eta_y + -0.16
train=0.44701027, test=0.33646313 | raw = -1*eta_h + -4.8*eta_y + -0.16

Wrote final combined summary: /homes/aiskhak/projects/GP/linear_results_linear_refine_best_screen_C1etaH_C2etaY_C3_CeffMin005_chunk1/linear_refine_best_screen_C1etaH_C2etaY_C3_CeffMin005_chunk1_final_combined_summary.csv

===== Done =====
