
===== Linear closure calibration =====
Project root: /homes/aiskhak/projects/GP
Results dir: /homes/aiskhak/projects/GP/linear_results_linear_refine_best_screen_C1etaH_C2etaY_C3_CeffMin005_chunk1
Read wall-cell median sizes:
  CG1: h_wall = 1.169313396896e-01
  CG2: h_wall = 5.840956861085e-02
  CG3: h_wall = 2.920598672452e-02
  CG4: h_wall = 1.460326482625e-02

===== Preparing RE=3000, CG=1, np=4 =====
Reading mapped file: /homes/aiskhak/projects/GP/2_mapped/3000/1/mapped.csv
h_wall = 1.169313396896e-01
L_outer = 5.134754163210e+00
eta_h = 2.277252931160e-02
eta_y min/max = 1.914893174085e-02, 1.000000000000e+00

===== Evaluating baseline mixing-length case =====
Baseline dir: /homes/aiskhak/projects/GP/1_mixing_length/3000/1
Using VPP file: /homes/aiskhak/projects/GP/1_mixing_length/3000/1/tamu_2d_fv_csv_vpp_0031.csv
VPP columns: ('eddy_viscosity_aux_var', 'id', 'u', 'v', 'x', 'y', 'z')
baseline coordinate check: max |r_base-r_cg| = 5.000444502911705e-12
baseline coordinate check: max |z_base-z_cg| = 5.000444502911705e-12
Baseline MSE for RE=3000, CG=1 = 5.61322379e-03

===== Preparing RE=3000, CG=2, np=4 =====
Reading mapped file: /homes/aiskhak/projects/GP/2_mapped/3000/2/mapped.csv
h_wall = 5.840956861085e-02
L_outer = 5.162529156024e+00
eta_h = 1.131413825386e-02
eta_y min/max = 9.604984814158e-03, 1.000000000000e+00

===== Evaluating baseline mixing-length case =====
Baseline dir: /homes/aiskhak/projects/GP/1_mixing_length/3000/2
Using VPP file: /homes/aiskhak/projects/GP/1_mixing_length/3000/2/tamu_2d_fv_csv_vpp_0032.csv
VPP columns: ('eddy_viscosity_aux_var', 'id', 'u', 'v', 'x', 'y', 'z')
baseline coordinate check: max |r_base-r_cg| = 5.000444502911705e-12
baseline coordinate check: max |z_base-z_cg| = 5.000444502911705e-12
Baseline MSE for RE=3000, CG=2 = 4.44527793e-03

===== Preparing RE=3000, CG=3, np=8 =====
Reading mapped file: /homes/aiskhak/projects/GP/2_mapped/3000/3/mapped.csv
h_wall = 2.920598672452e-02
L_outer = 5.165356380906e+00
eta_h = 5.654205551524e-03
eta_y min/max = 4.820015672100e-03, 1.000000000000e+00

===== Evaluating baseline mixing-length case =====
Baseline dir: /homes/aiskhak/projects/GP/1_mixing_length/3000/3
Using VPP file: /homes/aiskhak/projects/GP/1_mixing_length/3000/3/tamu_2d_fv_csv_vpp_0034.csv
VPP columns: ('eddy_viscosity_aux_var', 'id', 'u', 'v', 'x', 'y', 'z')
baseline coordinate check: max |r_base-r_cg| = 5.000444502911705e-12
baseline coordinate check: max |z_base-z_cg| = 5.000444502911705e-12
Baseline MSE for RE=3000, CG=3 = 4.33439012e-03

===== Preparing RE=3000, CG=4, np=12 =====
Reading mapped file: /homes/aiskhak/projects/GP/2_mapped/3000/4/mapped.csv
h_wall = 1.460326482625e-02
L_outer = 5.177364498584e+00
eta_h = 2.820598169251e-03
eta_y min/max = 2.409401404074e-03, 1.000000000000e+00

===== Evaluating baseline mixing-length case =====
Baseline dir: /homes/aiskhak/projects/GP/1_mixing_length/3000/4
Using VPP file: /homes/aiskhak/projects/GP/1_mixing_length/3000/4/tamu_2d_fv_csv_vpp_0034.csv
VPP columns: ('eddy_viscosity_aux_var', 'id', 'u', 'v', 'x', 'y', 'z')
baseline coordinate check: max |r_base-r_cg| = 5.000444502911705e-12
baseline coordinate check: max |z_base-z_cg| = 5.000444502911705e-12
Baseline MSE for RE=3000, CG=4 = 4.38386460e-03

===== Preparing RE=3413, CG=1, np=4 =====
Reading mapped file: /homes/aiskhak/projects/GP/2_mapped/3413/1/mapped.csv
h_wall = 1.169313396896e-01
L_outer = 5.134754163210e+00
eta_h = 2.277252931160e-02
eta_y min/max = 1.914893174085e-02, 1.000000000000e+00

===== Evaluating baseline mixing-length case =====
Baseline dir: /homes/aiskhak/projects/GP/1_mixing_length/3413/1
Using VPP file: /homes/aiskhak/projects/GP/1_mixing_length/3413/1/tamu_2d_fv_csv_vpp_0027.csv
VPP columns: ('eddy_viscosity_aux_var', 'id', 'u', 'v', 'x', 'y', 'z')
baseline coordinate check: max |r_base-r_cg| = 5.000444502911705e-12
baseline coordinate check: max |z_base-z_cg| = 5.000444502911705e-12
Baseline MSE for RE=3413, CG=1 = 5.62285406e-03

===== Preparing RE=3413, CG=2, np=4 =====
Reading mapped file: /homes/aiskhak/projects/GP/2_mapped/3413/2/mapped.csv
h_wall = 5.840956861085e-02
L_outer = 5.162529156024e+00
eta_h = 1.131413825386e-02
eta_y min/max = 9.604984814158e-03, 1.000000000000e+00

===== Evaluating baseline mixing-length case =====
Baseline dir: /homes/aiskhak/projects/GP/1_mixing_length/3413/2
Using VPP file: /homes/aiskhak/projects/GP/1_mixing_length/3413/2/tamu_2d_fv_csv_vpp_0028.csv
VPP columns: ('eddy_viscosity_aux_var', 'id', 'u', 'v', 'x', 'y', 'z')
baseline coordinate check: max |r_base-r_cg| = 5.000444502911705e-12
baseline coordinate check: max |z_base-z_cg| = 5.000444502911705e-12
Baseline MSE for RE=3413, CG=2 = 4.27535568e-03

===== Preparing RE=3413, CG=3, np=8 =====
Reading mapped file: /homes/aiskhak/projects/GP/2_mapped/3413/3/mapped.csv
h_wall = 2.920598672452e-02
L_outer = 5.165356380906e+00
eta_h = 5.654205551524e-03
eta_y min/max = 4.820015672100e-03, 1.000000000000e+00

===== Evaluating baseline mixing-length case =====
Baseline dir: /homes/aiskhak/projects/GP/1_mixing_length/3413/3
Using VPP file: /homes/aiskhak/projects/GP/1_mixing_length/3413/3/tamu_2d_fv_csv_vpp_0029.csv
VPP columns: ('eddy_viscosity_aux_var', 'id', 'u', 'v', 'x', 'y', 'z')
baseline coordinate check: max |r_base-r_cg| = 5.000444502911705e-12
baseline coordinate check: max |z_base-z_cg| = 5.000444502911705e-12
Baseline MSE for RE=3413, CG=3 = 4.09686909e-03

===== Preparing RE=3413, CG=4, np=12 =====
Reading mapped file: /homes/aiskhak/projects/GP/2_mapped/3413/4/mapped.csv
h_wall = 1.460326482625e-02
L_outer = 5.177364498584e+00
eta_h = 2.820598169251e-03
eta_y min/max = 2.409401404074e-03, 1.000000000000e+00

===== Evaluating baseline mixing-length case =====
Baseline dir: /homes/aiskhak/projects/GP/1_mixing_length/3413/4
Using VPP file: /homes/aiskhak/projects/GP/1_mixing_length/3413/4/tamu_2d_fv_csv_vpp_0029.csv
VPP columns: ('eddy_viscosity_aux_var', 'id', 'u', 'v', 'x', 'y', 'z')
baseline coordinate check: max |r_base-r_cg| = 5.000444502911705e-12
baseline coordinate check: max |z_base-z_cg| = 5.000444502911705e-12
Baseline MSE for RE=3413, CG=4 = 4.16569273e-03

===== Preparing RE=5963, CG=1, np=4 =====
Reading mapped file: /homes/aiskhak/projects/GP/2_mapped/5963/1/mapped.csv
h_wall = 1.169313396896e-01
L_outer = 5.134754163210e+00
eta_h = 2.277252931160e-02
eta_y min/max = 1.914893174085e-02, 1.000000000000e+00

===== Evaluating baseline mixing-length case =====
Baseline dir: /homes/aiskhak/projects/GP/1_mixing_length/5963/1
Using VPP file: /homes/aiskhak/projects/GP/1_mixing_length/5963/1/tamu_2d_fv_csv_vpp_0030.csv
VPP columns: ('eddy_viscosity_aux_var', 'id', 'u', 'v', 'x', 'y', 'z')
baseline coordinate check: max |r_base-r_cg| = 5.000444502911705e-12
baseline coordinate check: max |z_base-z_cg| = 5.000444502911705e-12
Baseline MSE for RE=5963, CG=1 = 7.55310184e-03

===== Preparing RE=5963, CG=2, np=4 =====
Reading mapped file: /homes/aiskhak/projects/GP/2_mapped/5963/2/mapped.csv
h_wall = 5.840956861085e-02
L_outer = 5.162529156024e+00
eta_h = 1.131413825386e-02
eta_y min/max = 9.604984814158e-03, 1.000000000000e+00

===== Evaluating baseline mixing-length case =====
Baseline dir: /homes/aiskhak/projects/GP/1_mixing_length/5963/2
Using VPP file: /homes/aiskhak/projects/GP/1_mixing_length/5963/2/tamu_2d_fv_csv_vpp_0032.csv
VPP columns: ('eddy_viscosity_aux_var', 'id', 'u', 'v', 'x', 'y', 'z')
baseline coordinate check: max |r_base-r_cg| = 5.000444502911705e-12
baseline coordinate check: max |z_base-z_cg| = 5.000444502911705e-12
Baseline MSE for RE=5963, CG=2 = 4.33789565e-03

===== Preparing RE=5963, CG=3, np=8 =====
Reading mapped file: /homes/aiskhak/projects/GP/2_mapped/5963/3/mapped.csv
h_wall = 2.920598672452e-02
L_outer = 5.165356380906e+00
eta_h = 5.654205551524e-03
eta_y min/max = 4.820015672100e-03, 1.000000000000e+00

===== Evaluating baseline mixing-length case =====
Baseline dir: /homes/aiskhak/projects/GP/1_mixing_length/5963/3
Using VPP file: /homes/aiskhak/projects/GP/1_mixing_length/5963/3/tamu_2d_fv_csv_vpp_0035.csv
VPP columns: ('eddy_viscosity_aux_var', 'id', 'u', 'v', 'x', 'y', 'z')
baseline coordinate check: max |r_base-r_cg| = 5.000444502911705e-12
baseline coordinate check: max |z_base-z_cg| = 5.000444502911705e-12
Baseline MSE for RE=5963, CG=3 = 2.62804915e-03

===== Preparing RE=5963, CG=4, np=12 =====
Reading mapped file: /homes/aiskhak/projects/GP/2_mapped/5963/4/mapped.csv
h_wall = 1.460326482625e-02
L_outer = 5.177364498584e+00
eta_h = 2.820598169251e-03
eta_y min/max = 2.409401404074e-03, 1.000000000000e+00

===== Evaluating baseline mixing-length case =====
Baseline dir: /homes/aiskhak/projects/GP/1_mixing_length/5963/4
Using VPP file: /homes/aiskhak/projects/GP/1_mixing_length/5963/4/tamu_2d_fv_csv_vpp_0036.csv
VPP columns: ('eddy_viscosity_aux_var', 'id', 'u', 'v', 'x', 'y', 'z')
baseline coordinate check: max |r_base-r_cg| = 5.000444502911705e-12
baseline coordinate check: max |z_base-z_cg| = 5.000444502911705e-12
Baseline MSE for RE=5963, CG=4 = 2.84659328e-03

===== Preparing RE=7912, CG=1, np=4 =====
Reading mapped file: /homes/aiskhak/projects/GP/2_mapped/7912/1/mapped.csv
h_wall = 1.169313396896e-01
L_outer = 5.134754163210e+00
eta_h = 2.277252931160e-02
eta_y min/max = 1.914893174085e-02, 1.000000000000e+00

===== Evaluating baseline mixing-length case =====
Baseline dir: /homes/aiskhak/projects/GP/1_mixing_length/7912/1
Using VPP file: /homes/aiskhak/projects/GP/1_mixing_length/7912/1/tamu_2d_fv_csv_vpp_0030.csv
VPP columns: ('eddy_viscosity_aux_var', 'id', 'u', 'v', 'x', 'y', 'z')
baseline coordinate check: max |r_base-r_cg| = 5.000444502911705e-12
baseline coordinate check: max |z_base-z_cg| = 5.000444502911705e-12
Baseline MSE for RE=7912, CG=1 = 7.55714021e-03

===== Preparing RE=7912, CG=2, np=4 =====
Reading mapped file: /homes/aiskhak/projects/GP/2_mapped/7912/2/mapped.csv
h_wall = 5.840956861085e-02
L_outer = 5.162529156024e+00
eta_h = 1.131413825386e-02
eta_y min/max = 9.604984814158e-03, 1.000000000000e+00

===== Evaluating baseline mixing-length case =====
Baseline dir: /homes/aiskhak/projects/GP/1_mixing_length/7912/2
Using VPP file: /homes/aiskhak/projects/GP/1_mixing_length/7912/2/tamu_2d_fv_csv_vpp_0033.csv
VPP columns: ('eddy_viscosity_aux_var', 'id', 'u', 'v', 'x', 'y', 'z')
baseline coordinate check: max |r_base-r_cg| = 5.000444502911705e-12
baseline coordinate check: max |z_base-z_cg| = 5.000444502911705e-12
Baseline MSE for RE=7912, CG=2 = 4.28378905e-03

===== Preparing RE=7912, CG=3, np=8 =====
Reading mapped file: /homes/aiskhak/projects/GP/2_mapped/7912/3/mapped.csv
h_wall = 2.920598672452e-02
L_outer = 5.165356380906e+00
eta_h = 5.654205551524e-03
eta_y min/max = 4.820015672100e-03, 1.000000000000e+00

===== Evaluating baseline mixing-length case =====
Baseline dir: /homes/aiskhak/projects/GP/1_mixing_length/7912/3
Using VPP file: /homes/aiskhak/projects/GP/1_mixing_length/7912/3/tamu_2d_fv_csv_vpp_0037.csv
VPP columns: ('eddy_viscosity_aux_var', 'id', 'u', 'v', 'x', 'y', 'z')
baseline coordinate check: max |r_base-r_cg| = 5.000444502911705e-12
baseline coordinate check: max |z_base-z_cg| = 5.000444502911705e-12
Baseline MSE for RE=7912, CG=3 = 2.46782141e-03

===== Preparing RE=7912, CG=4, np=12 =====
Reading mapped file: /homes/aiskhak/projects/GP/2_mapped/7912/4/mapped.csv
h_wall = 1.460326482625e-02
L_outer = 5.177364498584e+00
eta_h = 2.820598169251e-03
eta_y min/max = 2.409401404074e-03, 1.000000000000e+00

===== Evaluating baseline mixing-length case =====
Baseline dir: /homes/aiskhak/projects/GP/1_mixing_length/7912/4
Using VPP file: /homes/aiskhak/projects/GP/1_mixing_length/7912/4/tamu_2d_fv_csv_vpp_0038.csv
VPP columns: ('eddy_viscosity_aux_var', 'id', 'u', 'v', 'x', 'y', 'z')
baseline coordinate check: max |r_base-r_cg| = 5.000444502911705e-12
baseline coordinate check: max |z_base-z_cg| = 5.000444502911705e-12
Baseline MSE for RE=7912, CG=4 = 2.73073401e-03

===== Preparing RE=9000, CG=1, np=4 =====
Reading mapped file: /homes/aiskhak/projects/GP/2_mapped/9000/1/mapped.csv
h_wall = 1.169313396896e-01
L_outer = 5.134754163210e+00
eta_h = 2.277252931160e-02
eta_y min/max = 1.914893174085e-02, 1.000000000000e+00

===== Evaluating baseline mixing-length case =====
Baseline dir: /homes/aiskhak/projects/GP/1_mixing_length/9000/1
Using VPP file: /homes/aiskhak/projects/GP/1_mixing_length/9000/1/tamu_2d_fv_csv_vpp_0030.csv
VPP columns: ('eddy_viscosity_aux_var', 'id', 'u', 'v', 'x', 'y', 'z')
baseline coordinate check: max |r_base-r_cg| = 5.000444502911705e-12
baseline coordinate check: max |z_base-z_cg| = 5.000444502911705e-12
Baseline MSE for RE=9000, CG=1 = 7.24175566e-03

===== Preparing RE=9000, CG=2, np=4 =====
Reading mapped file: /homes/aiskhak/projects/GP/2_mapped/9000/2/mapped.csv
h_wall = 5.840956861085e-02
L_outer = 5.162529156024e+00
eta_h = 1.131413825386e-02
eta_y min/max = 9.604984814158e-03, 1.000000000000e+00

===== Evaluating baseline mixing-length case =====
Baseline dir: /homes/aiskhak/projects/GP/1_mixing_length/9000/2
Using VPP file: /homes/aiskhak/projects/GP/1_mixing_length/9000/2/tamu_2d_fv_csv_vpp_0033.csv
VPP columns: ('eddy_viscosity_aux_var', 'id', 'u', 'v', 'x', 'y', 'z')
baseline coordinate check: max |r_base-r_cg| = 5.000444502911705e-12
baseline coordinate check: max |z_base-z_cg| = 5.000444502911705e-12
Baseline MSE for RE=9000, CG=2 = 3.92657284e-03

===== Preparing RE=9000, CG=3, np=8 =====
Reading mapped file: /homes/aiskhak/projects/GP/2_mapped/9000/3/mapped.csv
h_wall = 2.920598672452e-02
L_outer = 5.165356380906e+00
eta_h = 5.654205551524e-03
eta_y min/max = 4.820015672100e-03, 1.000000000000e+00

===== Evaluating baseline mixing-length case =====
Baseline dir: /homes/aiskhak/projects/GP/1_mixing_length/9000/3
Using VPP file: /homes/aiskhak/projects/GP/1_mixing_length/9000/3/tamu_2d_fv_csv_vpp_0038.csv
VPP columns: ('eddy_viscosity_aux_var', 'id', 'u', 'v', 'x', 'y', 'z')
baseline coordinate check: max |r_base-r_cg| = 5.000444502911705e-12
baseline coordinate check: max |z_base-z_cg| = 5.000444502911705e-12
Baseline MSE for RE=9000, CG=3 = 2.08288462e-03

===== Preparing RE=9000, CG=4, np=12 =====
Reading mapped file: /homes/aiskhak/projects/GP/2_mapped/9000/4/mapped.csv
h_wall = 1.460326482625e-02
L_outer = 5.177364498584e+00
eta_h = 2.820598169251e-03
eta_y min/max = 2.409401404074e-03, 1.000000000000e+00

===== Evaluating baseline mixing-length case =====
Baseline dir: /homes/aiskhak/projects/GP/1_mixing_length/9000/4
Using VPP file: /homes/aiskhak/projects/GP/1_mixing_length/9000/4/tamu_2d_fv_csv_vpp_0039.csv
VPP columns: ('eddy_viscosity_aux_var', 'id', 'u', 'v', 'x', 'y', 'z')
baseline coordinate check: max |r_base-r_cg| = 5.000444502911705e-12
baseline coordinate check: max |z_base-z_cg| = 5.000444502911705e-12
Baseline MSE for RE=9000, CG=4 = 2.30045970e-03

===== Preparing RE=10622, CG=1, np=4 =====
Reading mapped file: /homes/aiskhak/projects/GP/2_mapped/10622/1/mapped.csv
h_wall = 1.169313396896e-01
L_outer = 5.134754163210e+00
eta_h = 2.277252931160e-02
eta_y min/max = 1.914893174085e-02, 1.000000000000e+00

===== Evaluating baseline mixing-length case =====
Baseline dir: /homes/aiskhak/projects/GP/1_mixing_length/10622/1
Using VPP file: /homes/aiskhak/projects/GP/1_mixing_length/10622/1/tamu_2d_fv_csv_vpp_0030.csv
VPP columns: ('eddy_viscosity_aux_var', 'id', 'u', 'v', 'x', 'y', 'z')
baseline coordinate check: max |r_base-r_cg| = 5.000444502911705e-12
baseline coordinate check: max |z_base-z_cg| = 5.000444502911705e-12
Baseline MSE for RE=10622, CG=1 = 6.96248182e-03

===== Preparing RE=10622, CG=2, np=4 =====
Reading mapped file: /homes/aiskhak/projects/GP/2_mapped/10622/2/mapped.csv
h_wall = 5.840956861085e-02
L_outer = 5.162529156024e+00
eta_h = 1.131413825386e-02
eta_y min/max = 9.604984814158e-03, 1.000000000000e+00

===== Evaluating baseline mixing-length case =====
Baseline dir: /homes/aiskhak/projects/GP/1_mixing_length/10622/2
Using VPP file: /homes/aiskhak/projects/GP/1_mixing_length/10622/2/tamu_2d_fv_csv_vpp_0033.csv
VPP columns: ('eddy_viscosity_aux_var', 'id', 'u', 'v', 'x', 'y', 'z')
baseline coordinate check: max |r_base-r_cg| = 5.000444502911705e-12
baseline coordinate check: max |z_base-z_cg| = 5.000444502911705e-12
Baseline MSE for RE=10622, CG=2 = 3.71552235e-03

===== Preparing RE=10622, CG=3, np=8 =====
Reading mapped file: /homes/aiskhak/projects/GP/2_mapped/10622/3/mapped.csv
h_wall = 2.920598672452e-02
L_outer = 5.165356380906e+00
eta_h = 5.654205551524e-03
eta_y min/max = 4.820015672100e-03, 1.000000000000e+00

===== Evaluating baseline mixing-length case =====
Baseline dir: /homes/aiskhak/projects/GP/1_mixing_length/10622/3
Using VPP file: /homes/aiskhak/projects/GP/1_mixing_length/10622/3/tamu_2d_fv_csv_vpp_0038.csv
VPP columns: ('eddy_viscosity_aux_var', 'id', 'u', 'v', 'x', 'y', 'z')
baseline coordinate check: max |r_base-r_cg| = 5.000444502911705e-12
baseline coordinate check: max |z_base-z_cg| = 5.000444502911705e-12
Baseline MSE for RE=10622, CG=3 = 1.98847837e-03

===== Preparing RE=10622, CG=4, np=12 =====
Reading mapped file: /homes/aiskhak/projects/GP/2_mapped/10622/4/mapped.csv
h_wall = 1.460326482625e-02
L_outer = 5.177364498584e+00
eta_h = 2.820598169251e-03
eta_y min/max = 2.409401404074e-03, 1.000000000000e+00

===== Evaluating baseline mixing-length case =====
Baseline dir: /homes/aiskhak/projects/GP/1_mixing_length/10622/4
Using VPP file: /homes/aiskhak/projects/GP/1_mixing_length/10622/4/tamu_2d_fv_csv_vpp_0040.csv
VPP columns: ('eddy_viscosity_aux_var', 'id', 'u', 'v', 'x', 'y', 'z')
baseline coordinate check: max |r_base-r_cg| = 5.000444502911705e-12
baseline coordinate check: max |z_base-z_cg| = 5.000444502911705e-12
Baseline MSE for RE=10622, CG=4 = 2.28847035e-03

===== Preparing RE=12819, CG=1, np=4 =====
Reading mapped file: /homes/aiskhak/projects/GP/2_mapped/12819/1/mapped.csv
h_wall = 1.169313396896e-01
L_outer = 5.134754163210e+00
eta_h = 2.277252931160e-02
eta_y min/max = 1.914893174085e-02, 1.000000000000e+00

===== Evaluating baseline mixing-length case =====
Baseline dir: /homes/aiskhak/projects/GP/1_mixing_length/12819/1
Using VPP file: /homes/aiskhak/projects/GP/1_mixing_length/12819/1/tamu_2d_fv_csv_vpp_0031.csv
VPP columns: ('eddy_viscosity_aux_var', 'id', 'u', 'v', 'x', 'y', 'z')
baseline coordinate check: max |r_base-r_cg| = 5.000444502911705e-12
baseline coordinate check: max |z_base-z_cg| = 5.000444502911705e-12
Baseline MSE for RE=12819, CG=1 = 6.31434025e-03

===== Preparing RE=12819, CG=2, np=4 =====
Reading mapped file: /homes/aiskhak/projects/GP/2_mapped/12819/2/mapped.csv
h_wall = 5.840956861085e-02
L_outer = 5.162529156024e+00
eta_h = 1.131413825386e-02
eta_y min/max = 9.604984814158e-03, 1.000000000000e+00

===== Evaluating baseline mixing-length case =====
Baseline dir: /homes/aiskhak/projects/GP/1_mixing_length/12819/2
Using VPP file: /homes/aiskhak/projects/GP/1_mixing_length/12819/2/tamu_2d_fv_csv_vpp_0033.csv
VPP columns: ('eddy_viscosity_aux_var', 'id', 'u', 'v', 'x', 'y', 'z')
baseline coordinate check: max |r_base-r_cg| = 5.000444502911705e-12
baseline coordinate check: max |z_base-z_cg| = 5.000444502911705e-12
Baseline MSE for RE=12819, CG=2 = 3.13653569e-03

===== Preparing RE=12819, CG=3, np=8 =====
Reading mapped file: /homes/aiskhak/projects/GP/2_mapped/12819/3/mapped.csv
h_wall = 2.920598672452e-02
L_outer = 5.165356380906e+00
eta_h = 5.654205551524e-03
eta_y min/max = 4.820015672100e-03, 1.000000000000e+00

===== Evaluating baseline mixing-length case =====
Baseline dir: /homes/aiskhak/projects/GP/1_mixing_length/12819/3
Using VPP file: /homes/aiskhak/projects/GP/1_mixing_length/12819/3/tamu_2d_fv_csv_vpp_0040.csv
VPP columns: ('eddy_viscosity_aux_var', 'id', 'u', 'v', 'x', 'y', 'z')
baseline coordinate check: max |r_base-r_cg| = 5.000444502911705e-12
baseline coordinate check: max |z_base-z_cg| = 5.000444502911705e-12
Baseline MSE for RE=12819, CG=3 = 1.62718497e-03

===== Preparing RE=12819, CG=4, np=12 =====
Reading mapped file: /homes/aiskhak/projects/GP/2_mapped/12819/4/mapped.csv
h_wall = 1.460326482625e-02
L_outer = 5.177364498584e+00
eta_h = 2.820598169251e-03
eta_y min/max = 2.409401404074e-03, 1.000000000000e+00

===== Evaluating baseline mixing-length case =====
Baseline dir: /homes/aiskhak/projects/GP/1_mixing_length/12819/4
Using VPP file: /homes/aiskhak/projects/GP/1_mixing_length/12819/4/tamu_2d_fv_csv_vpp_0050.csv
VPP columns: ('eddy_viscosity_aux_var', 'id', 'u', 'v', 'x', 'y', 'z')
baseline coordinate check: max |r_base-r_cg| = 5.000444502911705e-12
baseline coordinate check: max |z_base-z_cg| = 5.000444502911705e-12
Baseline MSE for RE=12819, CG=4 = 1.86556487e-03

===== Preparing RE=14000, CG=1, np=4 =====
Reading mapped file: /homes/aiskhak/projects/GP/2_mapped/14000/1/mapped.csv
h_wall = 1.169313396896e-01
L_outer = 5.134754163210e+00
eta_h = 2.277252931160e-02
eta_y min/max = 1.914893174085e-02, 1.000000000000e+00

===== Evaluating baseline mixing-length case =====
Baseline dir: /homes/aiskhak/projects/GP/1_mixing_length/14000/1
Using VPP file: /homes/aiskhak/projects/GP/1_mixing_length/14000/1/tamu_2d_fv_csv_vpp_0030.csv
VPP columns: ('eddy_viscosity_aux_var', 'id', 'u', 'v', 'x', 'y', 'z')
baseline coordinate check: max |r_base-r_cg| = 5.000444502911705e-12
baseline coordinate check: max |z_base-z_cg| = 5.000444502911705e-12
Baseline MSE for RE=14000, CG=1 = 6.79378205e-03

===== Preparing RE=14000, CG=2, np=4 =====
Reading mapped file: /homes/aiskhak/projects/GP/2_mapped/14000/2/mapped.csv
h_wall = 5.840956861085e-02
L_outer = 5.162529156024e+00
eta_h = 1.131413825386e-02
eta_y min/max = 9.604984814158e-03, 1.000000000000e+00

===== Evaluating baseline mixing-length case =====
Baseline dir: /homes/aiskhak/projects/GP/1_mixing_length/14000/2
Using VPP file: /homes/aiskhak/projects/GP/1_mixing_length/14000/2/tamu_2d_fv_csv_vpp_0034.csv
VPP columns: ('eddy_viscosity_aux_var', 'id', 'u', 'v', 'x', 'y', 'z')
baseline coordinate check: max |r_base-r_cg| = 5.000444502911705e-12
baseline coordinate check: max |z_base-z_cg| = 5.000444502911705e-12
Baseline MSE for RE=14000, CG=2 = 3.41788884e-03

===== Preparing RE=14000, CG=3, np=8 =====
Reading mapped file: /homes/aiskhak/projects/GP/2_mapped/14000/3/mapped.csv
h_wall = 2.920598672452e-02
L_outer = 5.165356380906e+00
eta_h = 5.654205551524e-03
eta_y min/max = 4.820015672100e-03, 1.000000000000e+00

===== Evaluating baseline mixing-length case =====
Baseline dir: /homes/aiskhak/projects/GP/1_mixing_length/14000/3
Using VPP file: /homes/aiskhak/projects/GP/1_mixing_length/14000/3/tamu_2d_fv_csv_vpp_0040.csv
VPP columns: ('eddy_viscosity_aux_var', 'id', 'u', 'v', 'x', 'y', 'z')
baseline coordinate check: max |r_base-r_cg| = 5.000444502911705e-12
baseline coordinate check: max |z_base-z_cg| = 5.000444502911705e-12
Baseline MSE for RE=14000, CG=3 = 1.69085009e-03

===== Preparing RE=14000, CG=4, np=12 =====
Reading mapped file: /homes/aiskhak/projects/GP/2_mapped/14000/4/mapped.csv
h_wall = 1.460326482625e-02
L_outer = 5.177364498584e+00
eta_h = 2.820598169251e-03
eta_y min/max = 2.409401404074e-03, 1.000000000000e+00

===== Evaluating baseline mixing-length case =====
Baseline dir: /homes/aiskhak/projects/GP/1_mixing_length/14000/4
Using VPP file: /homes/aiskhak/projects/GP/1_mixing_length/14000/4/tamu_2d_fv_csv_vpp_0051.csv
VPP columns: ('eddy_viscosity_aux_var', 'id', 'u', 'v', 'x', 'y', 'z')
baseline coordinate check: max |r_base-r_cg| = 5.000444502911705e-12
baseline coordinate check: max |z_base-z_cg| = 5.000444502911705e-12
Baseline MSE for RE=14000, CG=4 = 1.88404248e-03

===== Stage 1: refinement around best screen region =====
Running candidate chunk: 1
Number of refinement candidates in this chunk: 63

===== Evaluating 63 candidates for stage refine_train on 24 cases =====

===== Candidate batch 0..7 =====

===== Stage refine_train, candidate batch starting 0, case batch 1/18 =====
Running 16 tasks with 64 MPI ranks

===== Linear candidate local_id=000, RE=3000, CG=1 =====
raw = -1*eta_h + -5.3*eta_y + -0.2
raw min/max = -5.522772529311599 -0.3242618675381106
C_eff min/max = 0.020501960114392846 0.16036110826517647
lm min/max = 0.01576751510712607 0.10527252505134403

===== Linear candidate local_id=000, RE=3000, CG=2 =====
raw = -1*eta_h + -5.3*eta_y + -0.2
raw min/max = -5.511314138253861 -0.2622205577689005
C_eff min/max = 0.020502005554047735 0.19021163545462205
lm min/max = 0.009431836846436139 0.10584220142973741

===== Linear candidate local_id=001, RE=3000, CG=1 =====
raw = -1*eta_h + -5.3*eta_y + -0.16
raw min/max = -5.482772529311599 -0.2842618675381106
C_eff min/max = 0.020502123372205142 0.17889586346459374
lm min/max = 0.017589945968170196 0.10527336334007541

===== Linear candidate local_id=001, RE=3000, CG=2 =====
raw = -1*eta_h + -5.3*eta_y + -0.16
raw min/max = -5.471314138253861 -0.2222205577689005
C_eff min/max = 0.020502172596659794 0.21297818258278278
lm min/max = 0.010560739174394613 0.10584306379209246

===== Linear candidate local_id=002, RE=3000, CG=1 =====

===== Linear candidate local_id=002, RE=3000, CG=2 =====
raw = -1*eta_h + -5.3*eta_y + -0.14
raw min/max = -5.451314138253861 -0.20222055776890052
C_eff min/max = 0.0205022612652691 0.22553679295491294
lm min/max = 0.011183470605964425 0.10584352154637323
raw = -1*eta_h + -5.3*eta_y + -0.14

===== Linear candidate local_id=003, RE=3000, CG=1 =====
raw = -1*eta_h + -5.3*eta_y + -0.12
raw min/max = -5.442772529311599 -0.24426186753811058
C_eff min/max = 0.020502300228259166 0.20006208651227847
lm min/max = 0.019671116055329306 0.10527427145243509
raw min/max = -5.462772529311598 -0.2642618675381106
C_eff min/max = 0.020502210031780394 0.1891285669448726
lm min/max = 0.018596077120901045 0.1052738083156902

===== Linear candidate local_id=003, RE=3000, CG=2 =====
raw = -1*eta_h + -5.3*eta_y + -0.12
raw min/max = -5.431314138253861 -0.1822205577689005
C_eff min/max = 0.0205023535527843 0.2389455915604169
lm min/max = 0.011848359483301296 0.10584399798336118

===== Linear candidate local_id=004, RE=3000, CG=1 =====
raw = -1*eta_h + -5.3*eta_y + -0.08
raw min/max = -5.402772529311599 -0.2042618675381106
C_eff min/max = 0.02050249181528215 0.22421690204084707
lm min/max = 0.022046139668453434 0.10527525520469896

===== Linear candidate local_id=004, RE=3000, CG=2 =====
raw = -1*eta_h + -5.3*eta_y + -0.08

===== Linear candidate local_id=005, RE=3000, CG=1 =====
raw = -1*eta_h + -5*eta_y + -0.2
raw min/max = -5.391314138253861 -0.14222055776890052
C_eff min/max = 0.02050254958141439 0.2685271298399287
lm min/max = 0.013315190058897301 0.10584500998687946

===== Linear candidate local_id=005, RE=3000, CG=2 =====
raw = -1*eta_h + -5*eta_y + -0.2
raw min/max = -5.222772529311599 -0.31851718801585527
C_eff min/max = 0.020503571654799026 0.16287380626669679
lm min/max = 0.016014576281292457 0.10528079991515385
raw min/max = -5.2113141382538615 -0.25933906232465304
C_eff min/max = 0.020503654455634315 0.19175300092979466
lm min/max = 0.009508267016692605 0.10585071393225355

===== Linear candidate local_id=006, RE=3000, CG=1 =====
raw = -1*eta_h + -5*eta_y + -0.16

===== Linear candidate local_id=006, RE=3000, CG=2 =====
raw = -1*eta_h + -5*eta_y + -0.16
raw min/max = -5.182772529311599 -0.27851718801585523
C_eff min/max = 0.020503869146153843 0.18176588913878927
lm min/max = 0.017872141406111958 0.10528232746012652
raw min/max = -5.171314138253861 -0.21933906232465303
C_eff min/max = 0.02050395884410494 0.21473709266377078
lm min/max = 0.010647956514552482 0.10585228534660791

===== Linear candidate local_id=007, RE=3000, CG=1 =====
raw = -1*eta_h + -5*eta_y + -0.14
raw min/max = -5.1627725293115985 -0.2585171880158552
C_eff min/max = 0.020504027059335062 0.1921953385699531
lm min/max = 0.018897617615673636 0.10528313830549121

===== Linear candidate local_id=007, RE=3000, CG=2 =====
raw = -1*eta_h + -5*eta_y + -0.14
raw min/max = -5.151314138253861 -0.19933906232465304
C_eff min/max = 0.020504120418413527 0.22741502420021925
lm min/max = 0.011276604607064132 0.10585311947868685
Running case in: /homes/aiskhak/projects/GP/runs/3000/2/cand_001 with fv_app_run.sh
Running case in: /homes/aiskhak/projects/GP/runs/3000/1/cand_001 with fv_app_run.sh
Running case in: /homes/aiskhak/projects/GP/runs/3000/1/cand_003 with fv_app_run.sh
Running case in: /homes/aiskhak/projects/GP/runs/3000/1/cand_007 with fv_app_run.sh
Running case in: /homes/aiskhak/projects/GP/runs/3000/2/cand_002 with fv_app_run.sh
Running case in: /homes/aiskhak/projects/GP/runs/3000/2/cand_000 with fv_app_run.sh
Running case in: /homes/aiskhak/projects/GP/runs/3000/2/cand_005 with fv_app_run.sh
Running case in: /homes/aiskhak/projects/GP/runs/3000/1/cand_004 with fv_app_run.sh
Running case in: /homes/aiskhak/projects/GP/runs/3000/1/cand_000 with fv_app_run.sh
Running case in: /homes/aiskhak/projects/GP/runs/3000/1/cand_002 with fv_app_run.sh
Running case in: /homes/aiskhak/projects/GP/runs/3000/1/cand_006 with fv_app_run.sh
Running case in: /homes/aiskhak/projects/GP/runs/3000/2/cand_003 with fv_app_run.sh
Running case in: /homes/aiskhak/projects/GP/runs/3000/1/cand_005 with fv_app_run.sh
Running case in: /homes/aiskhak/projects/GP/runs/3000/2/cand_004 with fv_app_run.sh
Running case in: /homes/aiskhak/projects/GP/runs/3000/2/cand_006 with fv_app_run.sh
Running case in: /homes/aiskhak/projects/GP/runs/3000/2/cand_007 with fv_app_run.sh
Return code = 0
Return code = 0
Elapsed: 53.88 sec
Elapsed: 53.78 sec
Return code = 0
Elapsed: 54.25 sec
has_err = False
has_err = False
has_conv = True
has_ss = False
has_fin = True
has_conv = True
has_ss = False
has_fin = True
has_err = False
has_conv = True
has_ss = False
has_fin = True
Return code = 0
Elapsed: 54.33 sec
has_err = False
has_conv = True
has_ss = False
has_fin = True
Return code = 0
Elapsed: 53.71 sec
has_err = False
has_conv = True
has_ss = False
has_fin = True
Return code = 0
Elapsed: 53.91 sec
has_err = False
has_conv = True
has_ss = False
has_fin = True
Using VPP file: /homes/aiskhak/projects/GP/runs/3000/1/cand_001/tamu_2d_fv_gp_csv_vpp_0002.csv
Using VPP file: /homes/aiskhak/projects/GP/runs/3000/1/cand_006/tamu_2d_fv_gp_csv_vpp_0002.csv
Return code = 0
Elapsed: 54.03 sec
Using VPP file: /homes/aiskhak/projects/GP/runs/3000/1/cand_002/tamu_2d_fv_gp_csv_vpp_0002.csv
has_err = False
has_conv = True
has_ss = False
has_fin = True
Using VPP file: /homes/aiskhak/projects/GP/runs/3000/1/cand_007/tamu_2d_fv_gp_csv_vpp_0002.csv
Using VPP file: /homes/aiskhak/projects/GP/runs/3000/1/cand_005/tamu_2d_fv_gp_csv_vpp_0002.csv
Using VPP file: /homes/aiskhak/projects/GP/runs/3000/1/cand_000/tamu_2d_fv_gp_csv_vpp_0002.csv
Using VPP file: /homes/aiskhak/projects/GP/runs/3000/1/cand_004/tamu_2d_fv_gp_csv_vpp_0002.csv
VPP columns: ('id', 'u', 'v', 'x', 'y', 'z')
coordinate check: max |r_res-r_cg| = 5.000444502911705e-12
coordinate check: max |z_res-z_cg| = 5.000444502911705e-12
VPP columns: ('id', 'u', 'v', 'x', 'y', 'z')
coordinate check: max |r_res-r_cg| = 5.000444502911705e-12
coordinate check: max |z_res-z_cg| = 5.000444502911705e-12
VPP columns: ('id', 'u', 'v', 'x', 'y', 'z')
coordinate check: max |r_res-r_cg| = 5.000444502911705e-12
coordinate check: max |z_res-z_cg| = 5.000444502911705e-12
VPP columns: ('id', 'u', 'v', 'x', 'y', 'z')
coordinate check: max |r_res-r_cg| = 5.000444502911705e-12
coordinate check: max |z_res-z_cg| = 5.000444502911705e-12
VPP columns: ('id', 'u', 'v', 'x', 'y', 'z')
coordinate check: max |r_res-r_cg| = 5.000444502911705e-12
coordinate check: max |z_res-z_cg| = 5.000444502911705e-12
VPP columns: ('id', 'u', 'v', 'x', 'y', 'z')
coordinate check: max |r_res-r_cg| = 5.000444502911705e-12
coordinate check: max |z_res-z_cg| = 5.000444502911705e-12
VPP columns: ('id', 'u', 'v', 'x', 'y', 'z')
coordinate check: max |r_res-r_cg| = 5.000444502911705e-12
coordinate check: max |z_res-z_cg| = 5.000444502911705e-12
Return code = 0
Elapsed: 54.77 sec
has_err = False
has_conv = True
has_ss = False
has_fin = True
Using VPP file: /homes/aiskhak/projects/GP/runs/3000/1/cand_003/tamu_2d_fv_gp_csv_vpp_0002.csv
VPP columns: ('id', 'u', 'v', 'x', 'y', 'z')
coordinate check: max |r_res-r_cg| = 5.000444502911705e-12
coordinate check: max |z_res-z_cg| = 5.000444502911705e-12
Return code = 0
Elapsed: 56.35 sec
has_err = False
has_conv = True
has_ss = False
has_fin = True
Using VPP file: /homes/aiskhak/projects/GP/runs/3000/2/cand_004/tamu_2d_fv_gp_csv_vpp_0002.csv
Return code = 0
Elapsed: 56.66 sec
has_err = False
has_conv = True
has_ss = False
has_fin = True
Return code = 0
Elapsed: 57.23 sec
has_err = False
has_conv = True
has_ss = False
has_fin = True
Using VPP file: /homes/aiskhak/projects/GP/runs/3000/2/cand_006/tamu_2d_fv_gp_csv_vpp_0002.csv
Return code = 0
Elapsed: 57.55 sec
has_err = False
has_conv = True
has_ss = False
has_fin = True
Using VPP file: /homes/aiskhak/projects/GP/runs/3000/2/cand_005/tamu_2d_fv_gp_csv_vpp_0002.csv
Return code = 0
Elapsed: 57.75 sec
has_err = False
has_conv = True
has_ss = False
has_fin = True
VPP columns: ('id', 'u', 'v', 'x', 'y', 'z')
coordinate check: max |r_res-r_cg| = 5.000444502911705e-12
coordinate check: max |z_res-z_cg| = 5.000444502911705e-12
Using VPP file: /homes/aiskhak/projects/GP/runs/3000/2/cand_002/tamu_2d_fv_gp_csv_vpp_0002.csv
Using VPP file: /homes/aiskhak/projects/GP/runs/3000/2/cand_001/tamu_2d_fv_gp_csv_vpp_0002.csv
Return code = 0
Elapsed: 58.54 sec
has_err = False
has_conv = True
has_ss = False
has_fin = True
VPP columns: ('id', 'u', 'v', 'x', 'y', 'z')
coordinate check: max |r_res-r_cg| = 5.000444502911705e-12
coordinate check: max |z_res-z_cg| = 5.000444502911705e-12
VPP columns: ('id', 'u', 'v', 'x', 'y', 'z')
coordinate check: max |r_res-r_cg| = 5.000444502911705e-12
coordinate check: max |z_res-z_cg| = 5.000444502911705e-12
Return code = 0
Elapsed: 58.97 sec
has_err = False
has_conv = True
has_ss = False
has_fin = True
Using VPP file: /homes/aiskhak/projects/GP/runs/3000/2/cand_003/tamu_2d_fv_gp_csv_vpp_0002.csv
Return code = 0
Elapsed: 58.37 sec
VPP columns: ('id', 'u', 'v', 'x', 'y', 'z')
coordinate check: max |r_res-r_cg| = 5.000444502911705e-12
has_err = False
has_conv = True
coordinate check: max |z_res-z_cg| = 5.000444502911705e-12
has_ss = False
has_fin = True
Using VPP file: /homes/aiskhak/projects/GP/runs/3000/2/cand_000/tamu_2d_fv_gp_csv_vpp_0002.csv
Using VPP file: /homes/aiskhak/projects/GP/runs/3000/2/cand_007/tamu_2d_fv_gp_csv_vpp_0002.csv
VPP columns: ('id', 'u', 'v', 'x', 'y', 'z')
coordinate check: max |r_res-r_cg| = 5.000444502911705e-12
coordinate check: max |z_res-z_cg| = 5.000444502911705e-12
VPP columns: ('id', 'u', 'v', 'x', 'y', 'z')
coordinate check: max |r_res-r_cg| = 5.000444502911705e-12
coordinate check: max |z_res-z_cg| = 5.000444502911705e-12
VPP columns: ('id', 'u', 'v', 'x', 'y', 'z')
coordinate check: max |r_res-r_cg| = 5.000444502911705e-12
coordinate check: max |z_res-z_cg| = 5.000444502911705e-12
VPP columns: ('id', 'u', 'v', 'x', 'y', 'z')
coordinate check: max |r_res-r_cg| = 5.000444502911705e-12
coordinate check: max |z_res-z_cg| = 5.000444502911705e-12

===== LIVE CHECKPOINT =====
Chunk 1, stage refine_train, candidate batch starting 0, case batch 1/18
Completed result rows: 16
Current best partial candidates:
  n_cases=  2, mean=0.69619512, raw = -1*eta_h + -5.3*eta_y + -0.2
  n_cases=  2, mean=0.69793426, raw = -1*eta_h + -5*eta_y + -0.2
  n_cases=  2, mean=0.70111948, raw = -1*eta_h + -5.3*eta_y + -0.16
  n_cases=  2, mean=0.70414614, raw = -1*eta_h + -5*eta_y + -0.16
  n_cases=  2, mean=0.70439797, raw = -1*eta_h + -5.3*eta_y + -0.14
Checkpoint details: /homes/aiskhak/projects/GP/linear_results_linear_refine_best_screen_C1etaH_C2etaY_C3_CeffMin005_chunk1/linear_refine_best_screen_C1etaH_C2etaY_C3_CeffMin005_chunk1_refine_train_details_checkpoint.csv
Checkpoint summary: /homes/aiskhak/projects/GP/linear_results_linear_refine_best_screen_C1etaH_C2etaY_C3_CeffMin005_chunk1/linear_refine_best_screen_C1etaH_C2etaY_C3_CeffMin005_chunk1_refine_train_summary_checkpoint.csv
===========================


===== Stage refine_train, candidate batch starting 0, case batch 2/18 =====
Running 8 tasks with 64 MPI ranks

===== Linear candidate local_id=000, RE=3000, CG=3 =====
raw = -1*eta_h + -5.3*eta_y + -0.2

===== Linear candidate local_id=001, RE=3000, CG=3 =====
raw = -1*eta_h + -5.3*eta_y + -0.16
raw min/max = -5.505654205551524 -0.23120028861365535
C_eff min/max = 0.020502028386383507 0.20760258769830214
lm min/max = 0.005168702117950475 0.10590028314712199
raw min/max = -5.465654205551524 -0.19120028861365534
C_eff min/max = 0.020502197330768877 0.2328167297552394
lm min/max = 0.005796461101578315 0.10590115580508098

===== Linear candidate local_id=002, RE=3000, CG=3 =====
raw = -1*eta_h + -5.3*eta_y + -0.14
raw min/max = -5.445654205551524 -0.17120028861365535
C_eff min/max = 0.020502287008870898 0.24671640961289032
lm min/max = 0.0061425228030031545 0.10590161902443748

===== Linear candidate local_id=003, RE=3000, CG=3 =====
raw = -1*eta_h + -5.3*eta_y + -0.12

===== Linear candidate local_id=004, RE=3000, CG=3 =====
raw = -1*eta_h + -5.3*eta_y + -0.08
raw min/max = -5.425654205551524 -0.15120028861365534
C_eff min/max = 0.020502380347083217 0.26154910605869763
lm min/max = 0.006511813910519478 0.10590210114956806
raw min/max = -5.385654205551524 -0.11120028861365536
C_eff min/max = 0.020502578607517842 0.2942404234630877
lm min/max = 0.007325732866829502 0.10590312523536914

===== Linear candidate local_id=005, RE=3000, CG=3 =====
raw = -1*eta_h + -5*eta_y + -0.2
raw min/max = -5.205654205551524 -0.2297542839120253
C_eff min/max = 0.020503696061104273 0.2084575163528073
lm min/max = 0.005189987361049944 0.10590889728138218

===== Linear candidate local_id=006, RE=3000, CG=3 =====
raw = -1*eta_h + -5*eta_y + -0.16

===== Linear candidate local_id=007, RE=3000, CG=3 =====
raw = -1*eta_h + -5*eta_y + -0.14
raw min/max = -5.165654205551524 -0.18975428391202528
C_eff min/max = 0.020504003915220764 0.23379156660215636
lm min/max = 0.0058207317107801535 0.10591048745760719
raw min/max = -5.145654205551524 -0.1697542839120253
C_eff min/max = 0.020504167329164144 0.2477568658138821
lm min/max = 0.006168427143740545 0.10591133154886236
Running case in: /homes/aiskhak/projects/GP/runs/3000/3/cand_001 with fv_app_run.sh
Running case in: /homes/aiskhak/projects/GP/runs/3000/3/cand_002 with fv_app_run.sh
Running case in: /homes/aiskhak/projects/GP/runs/3000/3/cand_000 with fv_app_run.sh
Running case in: /homes/aiskhak/projects/GP/runs/3000/3/cand_006 with fv_app_run.sh
Running case in: /homes/aiskhak/projects/GP/runs/3000/3/cand_003 with fv_app_run.sh
Running case in: /homes/aiskhak/projects/GP/runs/3000/3/cand_004 with fv_app_run.sh
Running case in: /homes/aiskhak/projects/GP/runs/3000/3/cand_005 with fv_app_run.sh
Running case in: /homes/aiskhak/projects/GP/runs/3000/3/cand_007 with fv_app_run.sh
Return code = 0
Elapsed: 27.69 sec
Return code = 0
Elapsed: 28.2 sec
Return code = 0
Elapsed: 28.52 sec
has_err = False
has_conv = True
has_ss = False
has_fin = True
has_err = False
has_conv = True
has_ss = False
has_fin = True
has_err = False
has_conv = True
has_ss = False
has_fin = True
Return code = 0
Elapsed: 27.92 sec
has_err = False
has_conv = True
has_ss = False
has_fin = True
Using VPP file: /homes/aiskhak/projects/GP/runs/3000/3/cand_002/tamu_2d_fv_gp_csv_vpp_0002.csv
Using VPP file: /homes/aiskhak/projects/GP/runs/3000/3/cand_007/tamu_2d_fv_gp_csv_vpp_0002.csv
Using VPP file: /homes/aiskhak/projects/GP/runs/3000/3/cand_004/tamu_2d_fv_gp_csv_vpp_0002.csv
Using VPP file: /homes/aiskhak/projects/GP/runs/3000/3/cand_001/tamu_2d_fv_gp_csv_vpp_0002.csv
VPP columns: ('id', 'u', 'v', 'x', 'y', 'z')
coordinate check: max |r_res-r_cg| = 5.000444502911705e-12
coordinate check: max |z_res-z_cg| = 5.000444502911705e-12
VPP columns: ('id', 'u', 'v', 'x', 'y', 'z')
coordinate check: max |r_res-r_cg| = 5.000444502911705e-12
coordinate check: max |z_res-z_cg| = 5.000444502911705e-12
Return code = 0
Elapsed: 29.06 sec
has_err = False
has_conv = True
has_ss = False
has_fin = True
Using VPP file: /homes/aiskhak/projects/GP/runs/3000/3/cand_006/tamu_2d_fv_gp_csv_vpp_0002.csv
Return code = 0
Elapsed: 29.57 sec
has_err = False
has_conv = True
has_ss = False
has_fin = True
Using VPP file: /homes/aiskhak/projects/GP/runs/3000/3/cand_000/tamu_2d_fv_gp_csv_vpp_0002.csv
VPP columns: ('id', 'u', 'v', 'x', 'y', 'z')
coordinate check: max |r_res-r_cg| = 5.000444502911705e-12
coordinate check: max |z_res-z_cg| = 5.000444502911705e-12
Return code = 0
Elapsed: 29.6 sec
has_err = False
has_conv = True
has_ss = False
has_fin = True
Using VPP file: /homes/aiskhak/projects/GP/runs/3000/3/cand_005/tamu_2d_fv_gp_csv_vpp_0002.csv
Return code = 0
Elapsed: 30.31 sec
has_err = False
has_conv = True
has_ss = False
has_fin = True
Using VPP file: /homes/aiskhak/projects/GP/runs/3000/3/cand_003/tamu_2d_fv_gp_csv_vpp_0002.csv
VPP columns: ('id', 'u', 'v', 'x', 'y', 'z')
coordinate check: max |r_res-r_cg| = 5.000444502911705e-12
coordinate check: max |z_res-z_cg| = 5.000444502911705e-12
VPP columns: ('id', 'u', 'v', 'x', 'y', 'z')
coordinate check: max |r_res-r_cg| = 5.000444502911705e-12
coordinate check: max |z_res-z_cg| = 5.000444502911705e-12
VPP columns: ('id', 'u', 'v', 'x', 'y', 'z')
coordinate check: max |r_res-r_cg| = 5.000444502911705e-12
coordinate check: max |z_res-z_cg| = 5.000444502911705e-12
VPP columns: ('id', 'u', 'v', 'x', 'y', 'z')
coordinate check: max |r_res-r_cg| = 5.000444502911705e-12
coordinate check: max |z_res-z_cg| = 5.000444502911705e-12
VPP columns: ('id', 'u', 'v', 'x', 'y', 'z')
coordinate check: max |r_res-r_cg| = 5.000444502911705e-12
coordinate check: max |z_res-z_cg| = 5.000444502911705e-12

===== LIVE CHECKPOINT =====
Chunk 1, stage refine_train, candidate batch starting 0, case batch 2/18
Completed result rows: 24
Current best partial candidates:
  n_cases=  3, mean=0.70595043, raw = -1*eta_h + -5.3*eta_y + -0.2
  n_cases=  3, mean=0.70648464, raw = -1*eta_h + -5*eta_y + -0.2
  n_cases=  3, mean=0.70982267, raw = -1*eta_h + -5.3*eta_y + -0.16
  n_cases=  3, mean=0.71185879, raw = -1*eta_h + -5*eta_y + -0.16
  n_cases=  3, mean=0.71279495, raw = -1*eta_h + -5.3*eta_y + -0.14
Checkpoint details: /homes/aiskhak/projects/GP/linear_results_linear_refine_best_screen_C1etaH_C2etaY_C3_CeffMin005_chunk1/linear_refine_best_screen_C1etaH_C2etaY_C3_CeffMin005_chunk1_refine_train_details_checkpoint.csv
Checkpoint summary: /homes/aiskhak/projects/GP/linear_results_linear_refine_best_screen_C1etaH_C2etaY_C3_CeffMin005_chunk1/linear_refine_best_screen_C1etaH_C2etaY_C3_CeffMin005_chunk1_refine_train_summary_checkpoint.csv
===========================


===== Stage refine_train, candidate batch starting 0, case batch 3/18 =====
Running 8 tasks with 96 MPI ranks

===== Linear candidate local_id=000, RE=3000, CG=4 =====
raw = -1*eta_h + -5.3*eta_y + -0.2
raw min/max = -5.502820598169251 -0.21559042561084168
C_eff min/max = 0.020502039914701634 0.21705040090160646
lm min/max = 0.0027075625148782153 0.10614653360292838

===== Linear candidate local_id=001, RE=3000, CG=4 =====
raw = -1*eta_h + -5.3*eta_y + -0.16
raw min/max = -5.462820598169251 -0.17559042561084168
C_eff min/max = 0.02050220981931557 0.24358732591246685
lm min/max = 0.0030385933866069943 0.10614741326104471

===== Linear candidate local_id=002, RE=3000, CG=4 =====
raw = -1*eta_h + -5.3*eta_y + -0.14
raw min/max = -5.44282059816925 -0.1555904256108417
C_eff min/max = 0.020502300007122838 0.25821047999725755
lm min/max = 0.003221007718415651 0.10614788019619627

===== Linear candidate local_id=003, RE=3000, CG=4 =====
raw = -1*eta_h + -5.3*eta_y + -0.12
raw min/max = -5.422820598169251 -0.13559042561084167
C_eff min/max = 0.02050239387584504 0.27381032630591273
lm min/max = 0.0034156056501758567 0.10614836618878612

===== Linear candidate local_id=004, RE=3000, CG=4 =====
raw = -1*eta_h + -5.3*eta_y + -0.08
raw min/max = -5.382820598169251 -0.09559042561084169
C_eff min/max = 0.020502593263145238 0.3081734821692352
lm min/max = 0.0038442636592003437 0.10614939848951563

===== Linear candidate local_id=005, RE=3000, CG=4 =====
raw = -1*eta_h + -5*eta_y + -0.2
raw min/max = -5.202820598169251 -0.21486760518961956
C_eff min/max = 0.020503717068210976 0.21749974446262496
lm min/max = 0.0027131677834106014 0.10615521683796632

===== Linear candidate local_id=006, RE=3000, CG=4 =====
raw = -1*eta_h + -5*eta_y + -0.16

===== Linear candidate local_id=007, RE=3000, CG=4 =====
raw = -1*eta_h + -5*eta_y + -0.14
raw min/max = -5.162820598169251 -0.17486760518961955
C_eff min/max = 0.02050402667217606 0.24409945189186216
lm min/max = 0.0030449818249556277 0.10615681977054377
raw min/max = -5.1428205981692505 -0.15486760518961956
C_eff min/max = 0.02050419101497453 0.2587569211181037
lm min/max = 0.0032278242158247567 0.10615767063311415
Running case in: /homes/aiskhak/projects/GP/runs/3000/4/cand_003 with fv_app_run.sh
Running case in: /homes/aiskhak/projects/GP/runs/3000/4/cand_004 with fv_app_run.sh
Running case in: /homes/aiskhak/projects/GP/runs/3000/4/cand_000 with fv_app_run.sh
Running case in: /homes/aiskhak/projects/GP/runs/3000/4/cand_001 with fv_app_run.sh
Running case in: /homes/aiskhak/projects/GP/runs/3000/4/cand_002 with fv_app_run.sh
Running case in: /homes/aiskhak/projects/GP/runs/3000/4/cand_005 with fv_app_run.sh
Running case in: /homes/aiskhak/projects/GP/runs/3000/4/cand_007 with fv_app_run.sh
Running case in: /homes/aiskhak/projects/GP/runs/3000/4/cand_006 with fv_app_run.sh
Return code = 0
Elapsed: 65.5 sec
has_err = False
has_conv = True
has_ss = False
has_fin = True
Using VPP file: /homes/aiskhak/projects/GP/runs/3000/4/cand_000/tamu_2d_fv_gp_csv_vpp_0002.csv
Return code = 0
Elapsed: 65.7 sec
has_err = False
has_conv = True
has_ss = False
has_fin = True
Using VPP file: /homes/aiskhak/projects/GP/runs/3000/4/cand_003/tamu_2d_fv_gp_csv_vpp_0002.csv
Return code = 0
Elapsed: 65.69 sec
has_err = False
has_conv = True
has_ss = False
has_fin = True
Using VPP file: /homes/aiskhak/projects/GP/runs/3000/4/cand_006/tamu_2d_fv_gp_csv_vpp_0002.csv
Return code = 0
Elapsed: 68.57 sec
has_err = False
has_conv = True
has_ss = False
has_fin = True
Using VPP file: /homes/aiskhak/projects/GP/runs/3000/4/cand_004/tamu_2d_fv_gp_csv_vpp_0002.csv
Return code = 0
Elapsed: 67.93 sec
has_err = False
has_conv = True
has_ss = False
has_fin = True
Using VPP file: /homes/aiskhak/projects/GP/runs/3000/4/cand_007/tamu_2d_fv_gp_csv_vpp_0002.csv
Return code = 0
Elapsed: 68.98 sec
has_err = False
has_conv = True
has_ss = False
has_fin = True
Using VPP file: /homes/aiskhak/projects/GP/runs/3000/4/cand_001/tamu_2d_fv_gp_csv_vpp_0002.csv
Return code = 0
Elapsed: 68.79 sec
has_err = False
has_conv = True
has_ss = False
has_fin = True
Using VPP file: /homes/aiskhak/projects/GP/runs/3000/4/cand_002/tamu_2d_fv_gp_csv_vpp_0002.csv
Return code = 0
Elapsed: 69.63 sec
has_err = False
has_conv = True
has_ss = False
has_fin = True
Using VPP file: /homes/aiskhak/projects/GP/runs/3000/4/cand_005/tamu_2d_fv_gp_csv_vpp_0002.csv
VPP columns: ('id', 'u', 'v', 'x', 'y', 'z')
coordinate check: max |r_res-r_cg| = 5.000444502911705e-12
coordinate check: max |z_res-z_cg| = 5.000444502911705e-12
VPP columns: ('id', 'u', 'v', 'x', 'y', 'z')
coordinate check: max |r_res-r_cg| = 5.000444502911705e-12
coordinate check: max |z_res-z_cg| = 5.000444502911705e-12
VPP columns: ('id', 'u', 'v', 'x', 'y', 'z')
coordinate check: max |r_res-r_cg| = 5.000444502911705e-12
coordinate check: max |z_res-z_cg| = 5.000444502911705e-12
VPP columns: ('id', 'u', 'v', 'x', 'y', 'z')
coordinate check: max |r_res-r_cg| = 5.000444502911705e-12
coordinate check: max |z_res-z_cg| = 5.000444502911705e-12
VPP columns: ('id', 'u', 'v', 'x', 'y', 'z')
coordinate check: max |r_res-r_cg| = 5.000444502911705e-12
coordinate check: max |z_res-z_cg| = 5.000444502911705e-12
VPP columns: ('id', 'u', 'v', 'x', 'y', 'z')
coordinate check: max |r_res-r_cg| = 5.000444502911705e-12
coordinate check: max |z_res-z_cg| = 5.000444502911705e-12
VPP columns: ('id', 'u', 'v', 'x', 'y', 'z')
coordinate check: max |r_res-r_cg| = 5.000444502911705e-12
coordinate check: max |z_res-z_cg| = 5.000444502911705e-12
VPP columns: ('id', 'u', 'v', 'x', 'y', 'z')
coordinate check: max |r_res-r_cg| = 5.000444502911705e-12
coordinate check: max |z_res-z_cg| = 5.000444502911705e-12

===== LIVE CHECKPOINT =====
Chunk 1, stage refine_train, candidate batch starting 0, case batch 3/18
Completed result rows: 32
Current best partial candidates:
  n_cases=  4, mean=0.70842150, raw = -1*eta_h + -5*eta_y + -0.2
  n_cases=  4, mean=0.70876357, raw = -1*eta_h + -5.3*eta_y + -0.2
  n_cases=  4, mean=0.71175366, raw = -1*eta_h + -5.3*eta_y + -0.16
  n_cases=  4, mean=0.71298676, raw = -1*eta_h + -5*eta_y + -0.16
  n_cases=  4, mean=0.71437555, raw = -1*eta_h + -5.3*eta_y + -0.14
Checkpoint details: /homes/aiskhak/projects/GP/linear_results_linear_refine_best_screen_C1etaH_C2etaY_C3_CeffMin005_chunk1/linear_refine_best_screen_C1etaH_C2etaY_C3_CeffMin005_chunk1_refine_train_details_checkpoint.csv
Checkpoint summary: /homes/aiskhak/projects/GP/linear_results_linear_refine_best_screen_C1etaH_C2etaY_C3_CeffMin005_chunk1/linear_refine_best_screen_C1etaH_C2etaY_C3_CeffMin005_chunk1_refine_train_summary_checkpoint.csv
===========================


===== Stage refine_train, candidate batch starting 0, case batch 4/18 =====
Running 16 tasks with 64 MPI ranks

===== Linear candidate local_id=000, RE=3413, CG=1 =====
raw = -1*eta_h + -5.3*eta_y + -0.2
raw min/max = -5.522772529311599 -0.3242618675381106
C_eff min/max = 0.020501960114392846 0.16036110826517647
lm min/max = 0.01576751510712607 0.10527252505134403
Running case in: /homes/aiskhak/projects/GP/runs/3413/1/cand_000 with fv_app_run.sh

===== Linear candidate local_id=000, RE=3413, CG=2 =====
raw = -1*eta_h + -5.3*eta_y + -0.2
raw min/max = -5.511314138253861 -0.2622205577689005
C_eff min/max = 0.020502005554047735 0.19021163545462205
lm min/max = 0.009431836846436139 0.10584220142973741

===== Linear candidate local_id=001, RE=3413, CG=1 =====
raw = -1*eta_h + -5.3*eta_y + -0.16
raw min/max = -5.482772529311599 -0.2842618675381106
C_eff min/max = 0.020502123372205142 0.17889586346459374
lm min/max = 0.017589945968170196 0.10527336334007541

===== Linear candidate local_id=001, RE=3413, CG=2 =====
raw = -1*eta_h + -5.3*eta_y + -0.16
raw min/max = -5.471314138253861 -0.2222205577689005
C_eff min/max = 0.020502172596659794 0.21297818258278278
lm min/max = 0.010560739174394613 0.10584306379209246

===== Linear candidate local_id=002, RE=3413, CG=1 =====
raw = -1*eta_h + -5.3*eta_y + -0.14
raw min/max = -5.462772529311598 -0.2642618675381106
C_eff min/max = 0.020502210031780394 0.1891285669448726
lm min/max = 0.018596077120901045 0.1052738083156902

===== Linear candidate local_id=002, RE=3413, CG=2 =====
raw = -1*eta_h + -5.3*eta_y + -0.14
raw min/max = -5.451314138253861 -0.20222055776890052
C_eff min/max = 0.0205022612652691 0.22553679295491294
lm min/max = 0.011183470605964425 0.10584352154637323

===== Linear candidate local_id=003, RE=3413, CG=1 =====
raw = -1*eta_h + -5.3*eta_y + -0.12
raw min/max = -5.442772529311599 -0.24426186753811058
C_eff min/max = 0.020502300228259166 0.20006208651227847
lm min/max = 0.019671116055329306 0.10527427145243509

===== Linear candidate local_id=003, RE=3413, CG=2 =====
raw = -1*eta_h + -5.3*eta_y + -0.12
raw min/max = -5.431314138253861 -0.1822205577689005
C_eff min/max = 0.0205023535527843 0.2389455915604169
lm min/max = 0.011848359483301296 0.10584399798336118

===== Linear candidate local_id=004, RE=3413, CG=1 =====
raw = -1*eta_h + -5.3*eta_y + -0.08

===== Linear candidate local_id=004, RE=3413, CG=2 =====
raw = -1*eta_h + -5.3*eta_y + -0.08
raw min/max = -5.402772529311599 -0.2042618675381106
C_eff min/max = 0.02050249181528215 0.22421690204084707
lm min/max = 0.022046139668453434 0.10527525520469896

===== Linear candidate local_id=005, RE=3413, CG=1 =====
raw = -1*eta_h + -5*eta_y + -0.2
raw min/max = -5.391314138253861 -0.14222055776890052
C_eff min/max = 0.02050254958141439 0.2685271298399287
lm min/max = 0.013315190058897301 0.10584500998687946
raw min/max = -5.222772529311599 -0.31851718801585527
C_eff min/max = 0.020503571654799026 0.16287380626669679
lm min/max = 0.016014576281292457 0.10528079991515385

===== Linear candidate local_id=005, RE=3413, CG=2 =====
raw = -1*eta_h + -5*eta_y + -0.2
raw min/max = -5.2113141382538615 -0.25933906232465304
C_eff min/max = 0.020503654455634315 0.19175300092979466
lm min/max = 0.009508267016692605 0.10585071393225355

===== Linear candidate local_id=006, RE=3413, CG=1 =====
raw = -1*eta_h + -5*eta_y + -0.16
raw min/max = -5.182772529311599 -0.27851718801585523
C_eff min/max = 0.020503869146153843 0.18176588913878927
lm min/max = 0.017872141406111958 0.10528232746012652

===== Linear candidate local_id=007, RE=3413, CG=1 =====
raw = -1*eta_h + -5*eta_y + -0.14

===== Linear candidate local_id=006, RE=3413, CG=2 =====
raw = -1*eta_h + -5*eta_y + -0.16

===== Linear candidate local_id=007, RE=3413, CG=2 =====
raw = -1*eta_h + -5*eta_y + -0.14
raw min/max = -5.1627725293115985 -0.2585171880158552
C_eff min/max = 0.020504027059335062 0.1921953385699531
lm min/max = 0.018897617615673636 0.10528313830549121
raw min/max = -5.171314138253861 -0.21933906232465303
C_eff min/max = 0.02050395884410494 0.21473709266377078
lm min/max = 0.010647956514552482 0.10585228534660791
raw min/max = -5.151314138253861 -0.19933906232465304
C_eff min/max = 0.020504120418413527 0.22741502420021925
lm min/max = 0.011276604607064132 0.10585311947868685
Running case in: /homes/aiskhak/projects/GP/runs/3413/2/cand_000 with fv_app_run.sh
Running case in: /homes/aiskhak/projects/GP/runs/3413/1/cand_003 with fv_app_run.sh
Running case in: /homes/aiskhak/projects/GP/runs/3413/1/cand_006 with fv_app_run.sh
Running case in: /homes/aiskhak/projects/GP/runs/3413/1/cand_002 with fv_app_run.sh
Running case in: /homes/aiskhak/projects/GP/runs/3413/2/cand_001 with fv_app_run.sh
Running case in: /homes/aiskhak/projects/GP/runs/3413/1/cand_001 with fv_app_run.sh
Running case in: /homes/aiskhak/projects/GP/runs/3413/1/cand_007 with fv_app_run.sh
Running case in: /homes/aiskhak/projects/GP/runs/3413/1/cand_005 with fv_app_run.sh
Running case in: /homes/aiskhak/projects/GP/runs/3413/2/cand_003 with fv_app_run.sh
Running case in: /homes/aiskhak/projects/GP/runs/3413/1/cand_004 with fv_app_run.sh
Running case in: /homes/aiskhak/projects/GP/runs/3413/2/cand_002 with fv_app_run.sh
Running case in: /homes/aiskhak/projects/GP/runs/3413/2/cand_006 with fv_app_run.sh
Running case in: /homes/aiskhak/projects/GP/runs/3413/2/cand_005 with fv_app_run.sh
Running case in: /homes/aiskhak/projects/GP/runs/3413/2/cand_004 with fv_app_run.sh
Running case in: /homes/aiskhak/projects/GP/runs/3413/2/cand_007 with fv_app_run.sh
Return code = 0
Elapsed: 25.17 sec
has_err = False
has_conv = True
has_ss = False
has_fin = True
Using VPP file: /homes/aiskhak/projects/GP/runs/3413/1/cand_003/tamu_2d_fv_gp_csv_vpp_0002.csv
Return code = 0
Elapsed: 24.67 sec
has_err = False
has_conv = True
has_ss = False
has_fin = True
Using VPP file: /homes/aiskhak/projects/GP/runs/3413/2/cand_004/tamu_2d_fv_gp_csv_vpp_0002.csv
VPP columns: ('id', 'u', 'v', 'x', 'y', 'z')
coordinate check: max |r_res-r_cg| = 5.000444502911705e-12
coordinate check: max |z_res-z_cg| = 5.000444502911705e-12
Return code = 0
Elapsed: 25.35 sec
has_err = False
has_conv = True
has_ss = False
has_fin = True
Return code = 0
Elapsed: 25.7 sec
has_err = False
has_conv = True
has_ss = False
has_fin = True
Using VPP file: /homes/aiskhak/projects/GP/runs/3413/1/cand_001/tamu_2d_fv_gp_csv_vpp_0002.csv
Using VPP file: /homes/aiskhak/projects/GP/runs/3413/1/cand_002/tamu_2d_fv_gp_csv_vpp_0002.csv
Return code = 0
Elapsed: 25.31 sec
has_err = False
has_conv = True
has_ss = False
has_fin = True
Using VPP file: /homes/aiskhak/projects/GP/runs/3413/2/cand_005/tamu_2d_fv_gp_csv_vpp_0002.csv
VPP columns: ('id', 'u', 'v', 'x', 'y', 'z')
coordinate check: max |r_res-r_cg| = 5.000444502911705e-12
coordinate check: max |z_res-z_cg| = 5.000444502911705e-12
Return code = 0
Elapsed: 25.78 sec
Return code = 0
Elapsed: 26.16 sec
has_err = False
has_conv = True
has_ss = False
has_fin = True
has_err = False
has_conv = True
has_ss = False
has_fin = True
Return code = 0
Elapsed: 25.8 sec
has_err = False
has_conv = True
has_ss = False
has_fin = True
Using VPP file: /homes/aiskhak/projects/GP/runs/3413/1/cand_004/tamu_2d_fv_gp_csv_vpp_0002.csv
Using VPP file: /homes/aiskhak/projects/GP/runs/3413/1/cand_006/tamu_2d_fv_gp_csv_vpp_0002.csv
VPP columns: ('id', 'u', 'v', 'x', 'y', 'z')
coordinate check: max |r_res-r_cg| = 5.000444502911705e-12
coordinate check: max |z_res-z_cg| = 5.000444502911705e-12
Using VPP file: /homes/aiskhak/projects/GP/runs/3413/1/cand_005/tamu_2d_fv_gp_csv_vpp_0002.csv
VPP columns: ('id', 'u', 'v', 'x', 'y', 'z')
coordinate check: max |r_res-r_cg| = 5.000444502911705e-12
coordinate check: max |z_res-z_cg| = 5.000444502911705e-12
Return code = 0
Elapsed: 28.74 sec
has_err = False
has_conv = True
has_ss = False
has_fin = True
Using VPP file: /homes/aiskhak/projects/GP/runs/3413/1/cand_000/tamu_2d_fv_gp_csv_vpp_0002.csv
VPP columns: ('id', 'u', 'v', 'x', 'y', 'z')
coordinate check: max |r_res-r_cg| = 5.000444502911705e-12
coordinate check: max |z_res-z_cg| = 5.000444502911705e-12
VPP columns: ('id', 'u', 'v', 'x', 'y', 'z')
coordinate check: max |r_res-r_cg| = 5.000444502911705e-12
coordinate check: max |z_res-z_cg| = 5.000444502911705e-12
Return code = 0
Elapsed: 27.7 sec
has_err = False
has_conv = True
has_ss = False
has_fin = True
VPP columns: ('id', 'u', 'v', 'x', 'y', 'z')
Using VPP file: /homes/aiskhak/projects/GP/runs/3413/1/cand_007/tamu_2d_fv_gp_csv_vpp_0002.csv
coordinate check: max |r_res-r_cg| = 5.000444502911705e-12
coordinate check: max |z_res-z_cg| = 5.000444502911705e-12
VPP columns: ('id', 'u', 'v', 'x', 'y', 'z')
coordinate check: max |r_res-r_cg| = 5.000444502911705e-12
coordinate check: max |z_res-z_cg| = 5.000444502911705e-12
VPP columns: ('id', 'u', 'v', 'x', 'y', 'z')
coordinate check: max |r_res-r_cg| = 5.000444502911705e-12
coordinate check: max |z_res-z_cg| = 5.000444502911705e-12
Return code = 0
Elapsed: 28.05 sec
has_err = False
has_conv = True
has_ss = False
has_fin = True
Using VPP file: /homes/aiskhak/projects/GP/runs/3413/2/cand_002/tamu_2d_fv_gp_csv_vpp_0002.csv
Return code = 0
Elapsed: 28.39 sec
Return code = 0
Elapsed: 28.67 sec
has_err = False
has_conv = True
has_ss = False
has_fin = True
Return code = 0
has_err = False
Elapsed: 28.15 sec
has_conv = True
has_ss = False
has_fin = True
has_err = False
has_conv = True
has_ss = False
has_fin = True
Using VPP file: /homes/aiskhak/projects/GP/runs/3413/2/cand_003/tamu_2d_fv_gp_csv_vpp_0002.csv
Using VPP file: /homes/aiskhak/projects/GP/runs/3413/2/cand_007/tamu_2d_fv_gp_csv_vpp_0002.csv
Using VPP file: /homes/aiskhak/projects/GP/runs/3413/2/cand_001/tamu_2d_fv_gp_csv_vpp_0002.csv
VPP columns: ('id', 'u', 'v', 'x', 'y', 'z')
coordinate check: max |r_res-r_cg| = 5.000444502911705e-12
coordinate check: max |z_res-z_cg| = 5.000444502911705e-12
VPP columns: ('id', 'u', 'v', 'x', 'y', 'z')
coordinate check: max |r_res-r_cg| = 5.000444502911705e-12
coordinate check: max |z_res-z_cg| = 5.000444502911705e-12
Return code = 0
Elapsed: 29.9 sec
has_err = False
has_conv = True
has_ss = False
has_fin = True
Using VPP file: /homes/aiskhak/projects/GP/runs/3413/2/cand_006/tamu_2d_fv_gp_csv_vpp_0002.csv
Return code = 0
Elapsed: 30.91 sec
has_err = False
has_conv = True
has_ss = False
has_fin = True
Using VPP file: /homes/aiskhak/projects/GP/runs/3413/2/cand_000/tamu_2d_fv_gp_csv_vpp_0002.csv
VPP columns: ('id', 'u', 'v', 'x', 'y', 'z')
coordinate check: max |r_res-r_cg| = 5.000444502911705e-12
coordinate check: max |z_res-z_cg| = 5.000444502911705e-12
VPP columns: ('id', 'u', 'v', 'x', 'y', 'z')
coordinate check: max |r_res-r_cg| = 5.000444502911705e-12
coordinate check: max |z_res-z_cg| = 5.000444502911705e-12
VPP columns: ('id', 'u', 'v', 'x', 'y', 'z')
coordinate check: max |r_res-r_cg| = 5.000444502911705e-12
coordinate check: max |z_res-z_cg| = 5.000444502911705e-12
VPP columns: ('id', 'u', 'v', 'x', 'y', 'z')
coordinate check: max |r_res-r_cg| = 5.000444502911705e-12
coordinate check: max |z_res-z_cg| = 5.000444502911705e-12
VPP columns: ('id', 'u', 'v', 'x', 'y', 'z')
coordinate check: max |r_res-r_cg| = 5.000444502911705e-12
coordinate check: max |z_res-z_cg| = 5.000444502911705e-12

===== LIVE CHECKPOINT =====
Chunk 1, stage refine_train, candidate batch starting 0, case batch 4/18
Completed result rows: 48
Current best partial candidates:
  n_cases=  6, mean=0.69019882, raw = -1*eta_h + -5*eta_y + -0.2
  n_cases=  6, mean=0.69058206, raw = -1*eta_h + -5.3*eta_y + -0.2
  n_cases=  6, mean=0.69376337, raw = -1*eta_h + -5.3*eta_y + -0.16
  n_cases=  6, mean=0.69476825, raw = -1*eta_h + -5*eta_y + -0.16
  n_cases=  6, mean=0.69636962, raw = -1*eta_h + -5.3*eta_y + -0.14
Checkpoint details: /homes/aiskhak/projects/GP/linear_results_linear_refine_best_screen_C1etaH_C2etaY_C3_CeffMin005_chunk1/linear_refine_best_screen_C1etaH_C2etaY_C3_CeffMin005_chunk1_refine_train_details_checkpoint.csv
Checkpoint summary: /homes/aiskhak/projects/GP/linear_results_linear_refine_best_screen_C1etaH_C2etaY_C3_CeffMin005_chunk1/linear_refine_best_screen_C1etaH_C2etaY_C3_CeffMin005_chunk1_refine_train_summary_checkpoint.csv
===========================


===== Stage refine_train, candidate batch starting 0, case batch 5/18 =====
Running 8 tasks with 64 MPI ranks

===== Linear candidate local_id=002, RE=3413, CG=3 =====
raw = -1*eta_h + -5.3*eta_y + -0.14

===== Linear candidate local_id=000, RE=3413, CG=3 =====
raw = -1*eta_h + -5.3*eta_y + -0.2

===== Linear candidate local_id=001, RE=3413, CG=3 =====

===== Linear candidate local_id=003, RE=3413, CG=3 =====
raw = -1*eta_h + -5.3*eta_y + -0.12
raw = -1*eta_h + -5.3*eta_y + -0.16
raw min/max = -5.445654205551524 -0.17120028861365535
C_eff min/max = 0.020502287008870898 0.24671640961289032
lm min/max = 0.0061425228030031545 0.10590161902443748
raw min/max = -5.425654205551524 -0.15120028861365534
C_eff min/max = 0.020502380347083217 0.26154910605869763
lm min/max = 0.006511813910519478 0.10590210114956806

===== Linear candidate local_id=004, RE=3413, CG=3 =====
raw = -1*eta_h + -5.3*eta_y + -0.08

===== Linear candidate local_id=005, RE=3413, CG=3 =====
raw = -1*eta_h + -5*eta_y + -0.2
raw min/max = -5.505654205551524 -0.23120028861365535
C_eff min/max = 0.020502028386383507 0.20760258769830214
lm min/max = 0.005168702117950475 0.10590028314712199
raw min/max = -5.465654205551524 -0.19120028861365534
C_eff min/max = 0.020502197330768877 0.2328167297552394
lm min/max = 0.005796461101578315 0.10590115580508098
raw min/max = -5.385654205551524 -0.11120028861365536
raw min/max = -5.205654205551524 -0.2297542839120253
C_eff min/max = 0.020503696061104273 0.2084575163528073
lm min/max = 0.005189987361049944 0.10590889728138218
C_eff min/max = 0.020502578607517842 0.2942404234630877
lm min/max = 0.007325732866829502 0.10590312523536914

===== Linear candidate local_id=006, RE=3413, CG=3 =====
raw = -1*eta_h + -5*eta_y + -0.16

===== Linear candidate local_id=007, RE=3413, CG=3 =====
raw = -1*eta_h + -5*eta_y + -0.14
raw min/max = -5.145654205551524 -0.1697542839120253
C_eff min/max = 0.020504167329164144 0.2477568658138821
lm min/max = 0.006168427143740545 0.10591133154886236
raw min/max = -5.165654205551524 -0.18975428391202528
C_eff min/max = 0.020504003915220764 0.23379156660215636
lm min/max = 0.0058207317107801535 0.10591048745760719
Running case in: /homes/aiskhak/projects/GP/runs/3413/3/cand_007 with fv_app_run.sh
Running case in: /homes/aiskhak/projects/GP/runs/3413/3/cand_000 with fv_app_run.sh
Running case in: /homes/aiskhak/projects/GP/runs/3413/3/cand_005 with fv_app_run.sh
Running case in: /homes/aiskhak/projects/GP/runs/3413/3/cand_002 with fv_app_run.sh
Running case in: /homes/aiskhak/projects/GP/runs/3413/3/cand_003 with fv_app_run.sh
Running case in: /homes/aiskhak/projects/GP/runs/3413/3/cand_001 with fv_app_run.sh
Running case in: /homes/aiskhak/projects/GP/runs/3413/3/cand_004 with fv_app_run.sh
Running case in: /homes/aiskhak/projects/GP/runs/3413/3/cand_006 with fv_app_run.sh
Return code = 0
Elapsed: 28.19 sec
has_err = False
has_conv = True
has_ss = False
has_fin = True
Using VPP file: /homes/aiskhak/projects/GP/runs/3413/3/cand_002/tamu_2d_fv_gp_csv_vpp_0002.csv
Return code = 0
Elapsed: 27.94 sec
has_err = False
has_conv = True
has_ss = False
has_fin = True
Using VPP file: /homes/aiskhak/projects/GP/runs/3413/3/cand_001/tamu_2d_fv_gp_csv_vpp_0002.csv
Return code = 0
Elapsed: 28.54 sec
has_err = False
has_conv = True
has_ss = False
has_fin = True
Using VPP file: /homes/aiskhak/projects/GP/runs/3413/3/cand_005/tamu_2d_fv_gp_csv_vpp_0002.csv
Return code = 0
Elapsed: 28.33 sec
has_err = False
has_conv = True
has_ss = False
has_fin = True
Return code = 0
Elapsed: 29.64 sec
has_err = False
has_conv = True
has_ss = False
has_fin = True
Using VPP file: /homes/aiskhak/projects/GP/runs/3413/3/cand_006/tamu_2d_fv_gp_csv_vpp_0002.csv
Using VPP file: /homes/aiskhak/projects/GP/runs/3413/3/cand_004/tamu_2d_fv_gp_csv_vpp_0002.csv
Return code = 0
Elapsed: 30.01 sec
has_err = False
has_conv = True
has_ss = False
has_fin = True
Using VPP file: /homes/aiskhak/projects/GP/runs/3413/3/cand_003/tamu_2d_fv_gp_csv_vpp_0002.csv
VPP columns: ('id', 'u', 'v', 'x', 'y', 'z')
coordinate check: max |r_res-r_cg| = 5.000444502911705e-12
coordinate check: max |z_res-z_cg| = 5.000444502911705e-12
Return code = 0
Elapsed: 31.99 sec
has_err = False
has_conv = True
has_ss = False
has_fin = True
Using VPP file: /homes/aiskhak/projects/GP/runs/3413/3/cand_000/tamu_2d_fv_gp_csv_vpp_0002.csv
Return code = 0
Elapsed: 32.76 sec
has_err = False
has_conv = True
has_ss = False
has_fin = True
Using VPP file: /homes/aiskhak/projects/GP/runs/3413/3/cand_007/tamu_2d_fv_gp_csv_vpp_0002.csv
VPP columns: ('id', 'u', 'v', 'x', 'y', 'z')
coordinate check: max |r_res-r_cg| = 5.000444502911705e-12
coordinate check: max |z_res-z_cg| = 5.000444502911705e-12
VPP columns: ('id', 'u', 'v', 'x', 'y', 'z')
coordinate check: max |r_res-r_cg| = 5.000444502911705e-12
coordinate check: max |z_res-z_cg| = 5.000444502911705e-12
VPP columns: ('id', 'u', 'v', 'x', 'y', 'z')
coordinate check: max |r_res-r_cg| = 5.000444502911705e-12
coordinate check: max |z_res-z_cg| = 5.000444502911705e-12
VPP columns: ('id', 'u', 'v', 'x', 'y', 'z')
coordinate check: max |r_res-r_cg| = 5.000444502911705e-12
coordinate check: max |z_res-z_cg| = 5.000444502911705e-12
VPP columns: ('id', 'u', 'v', 'x', 'y', 'z')
coordinate check: max |r_res-r_cg| = 5.000444502911705e-12
coordinate check: max |z_res-z_cg| = 5.000444502911705e-12
VPP columns: ('id', 'u', 'v', 'x', 'y', 'z')
coordinate check: max |r_res-r_cg| = 5.000444502911705e-12
coordinate check: max |z_res-z_cg| = 5.000444502911705e-12
VPP columns: ('id', 'u', 'v', 'x', 'y', 'z')
coordinate check: max |r_res-r_cg| = 5.000444502911705e-12
coordinate check: max |z_res-z_cg| = 5.000444502911705e-12

===== LIVE CHECKPOINT =====
Chunk 1, stage refine_train, candidate batch starting 0, case batch 5/18
Completed result rows: 56
Current best partial candidates:
  n_cases=  7, mean=0.69230375, raw = -1*eta_h + -5*eta_y + -0.2
  n_cases=  7, mean=0.69331384, raw = -1*eta_h + -5.3*eta_y + -0.2
  n_cases=  7, mean=0.69574011, raw = -1*eta_h + -5.3*eta_y + -0.16
  n_cases=  7, mean=0.69618476, raw = -1*eta_h + -5*eta_y + -0.16
  n_cases=  7, mean=0.69803572, raw = -1*eta_h + -5.3*eta_y + -0.14
Checkpoint details: /homes/aiskhak/projects/GP/linear_results_linear_refine_best_screen_C1etaH_C2etaY_C3_CeffMin005_chunk1/linear_refine_best_screen_C1etaH_C2etaY_C3_CeffMin005_chunk1_refine_train_details_checkpoint.csv
Checkpoint summary: /homes/aiskhak/projects/GP/linear_results_linear_refine_best_screen_C1etaH_C2etaY_C3_CeffMin005_chunk1/linear_refine_best_screen_C1etaH_C2etaY_C3_CeffMin005_chunk1_refine_train_summary_checkpoint.csv
===========================


===== Stage refine_train, candidate batch starting 0, case batch 6/18 =====
Running 8 tasks with 96 MPI ranks

===== Linear candidate local_id=000, RE=3413, CG=4 =====
raw = -1*eta_h + -5.3*eta_y + -0.2
raw min/max = -5.502820598169251 -0.21559042561084168
C_eff min/max = 0.020502039914701634 0.21705040090160646
lm min/max = 0.0027075625148782153 0.10614653360292838

===== Linear candidate local_id=001, RE=3413, CG=4 =====
raw = -1*eta_h + -5.3*eta_y + -0.16
raw min/max = -5.462820598169251 -0.17559042561084168
C_eff min/max = 0.02050220981931557 0.24358732591246685
lm min/max = 0.0030385933866069943 0.10614741326104471

===== Linear candidate local_id=002, RE=3413, CG=4 =====
raw = -1*eta_h + -5.3*eta_y + -0.14
raw min/max = -5.44282059816925 -0.1555904256108417
C_eff min/max = 0.020502300007122838 0.25821047999725755
lm min/max = 0.003221007718415651 0.10614788019619627

===== Linear candidate local_id=003, RE=3413, CG=4 =====
raw = -1*eta_h + -5.3*eta_y + -0.12
raw min/max = -5.422820598169251 -0.13559042561084167
C_eff min/max = 0.02050239387584504 0.27381032630591273
lm min/max = 0.0034156056501758567 0.10614836618878612

===== Linear candidate local_id=004, RE=3413, CG=4 =====
raw = -1*eta_h + -5.3*eta_y + -0.08
raw min/max = -5.382820598169251 -0.09559042561084169
C_eff min/max = 0.020502593263145238 0.3081734821692352
lm min/max = 0.0038442636592003437 0.10614939848951563

===== Linear candidate local_id=005, RE=3413, CG=4 =====
raw = -1*eta_h + -5*eta_y + -0.2
raw min/max = -5.202820598169251 -0.21486760518961956
C_eff min/max = 0.020503717068210976 0.21749974446262496
lm min/max = 0.0027131677834106014 0.10615521683796632

===== Linear candidate local_id=006, RE=3413, CG=4 =====
raw = -1*eta_h + -5*eta_y + -0.16
raw min/max = -5.162820598169251 -0.17486760518961955
C_eff min/max = 0.02050402667217606 0.24409945189186216
lm min/max = 0.0030449818249556277 0.10615681977054377

===== Linear candidate local_id=007, RE=3413, CG=4 =====
raw = -1*eta_h + -5*eta_y + -0.14
raw min/max = -5.1428205981692505 -0.15486760518961956
C_eff min/max = 0.02050419101497453 0.2587569211181037
lm min/max = 0.0032278242158247567 0.10615767063311415
Running case in: /homes/aiskhak/projects/GP/runs/3413/4/cand_005 with fv_app_run.sh
Running case in: /homes/aiskhak/projects/GP/runs/3413/4/cand_000 with fv_app_run.sh
Running case in: /homes/aiskhak/projects/GP/runs/3413/4/cand_002 with fv_app_run.sh
Running case in: /homes/aiskhak/projects/GP/runs/3413/4/cand_003 with fv_app_run.sh
Running case in: /homes/aiskhak/projects/GP/runs/3413/4/cand_001 with fv_app_run.sh
Running case in: /homes/aiskhak/projects/GP/runs/3413/4/cand_006 with fv_app_run.sh
Running case in: /homes/aiskhak/projects/GP/runs/3413/4/cand_004 with fv_app_run.sh
Running case in: /homes/aiskhak/projects/GP/runs/3413/4/cand_007 with fv_app_run.sh
Return code = 0
Elapsed: 64.34 sec
has_err = False
has_conv = True
has_ss = False
has_fin = True
Using VPP file: /homes/aiskhak/projects/GP/runs/3413/4/cand_000/tamu_2d_fv_gp_csv_vpp_0002.csv
Return code = 0
Elapsed: 65.41 sec
has_err = False
has_conv = True
has_ss = False
has_fin = True
Using VPP file: /homes/aiskhak/projects/GP/runs/3413/4/cand_005/tamu_2d_fv_gp_csv_vpp_0002.csv
Return code = 0
Elapsed: 64.37 sec
has_err = False
has_conv = True
has_ss = False
has_fin = True
Using VPP file: /homes/aiskhak/projects/GP/runs/3413/4/cand_007/tamu_2d_fv_gp_csv_vpp_0002.csv
VPP columns: ('id', 'u', 'v', 'x', 'y', 'z')
coordinate check: max |r_res-r_cg| = 5.000444502911705e-12
coordinate check: max |z_res-z_cg| = 5.000444502911705e-12
VPP columns: ('id', 'u', 'v', 'x', 'y', 'z')
coordinate check: max |r_res-r_cg| = 5.000444502911705e-12
coordinate check: max |z_res-z_cg| = 5.000444502911705e-12
Return code = 0
Elapsed: 70.27 sec
has_err = False
has_conv = True
has_ss = False
has_fin = True
Using VPP file: /homes/aiskhak/projects/GP/runs/3413/4/cand_003/tamu_2d_fv_gp_csv_vpp_0002.csv
Return code = 0
Elapsed: 72.1 sec
has_err = False
has_conv = True
has_ss = False
has_fin = True
Return code = 0
Elapsed: 71.97 sec
has_err = False
has_conv = True
has_ss = False
has_fin = True
Using VPP file: /homes/aiskhak/projects/GP/runs/3413/4/cand_002/tamu_2d_fv_gp_csv_vpp_0002.csv
Using VPP file: /homes/aiskhak/projects/GP/runs/3413/4/cand_006/tamu_2d_fv_gp_csv_vpp_0002.csv
VPP columns: ('id', 'u', 'v', 'x', 'y', 'z')
coordinate check: max |r_res-r_cg| = 5.000444502911705e-12
coordinate check: max |z_res-z_cg| = 5.000444502911705e-12
Return code = 0
Elapsed: 72.82 sec
has_err = False
has_conv = True
has_ss = False
has_fin = True
Using VPP file: /homes/aiskhak/projects/GP/runs/3413/4/cand_001/tamu_2d_fv_gp_csv_vpp_0002.csv
VPP columns: ('id', 'u', 'v', 'x', 'y', 'z')
coordinate check: max |r_res-r_cg| = 5.000444502911705e-12
coordinate check: max |z_res-z_cg| = 5.000444502911705e-12
VPP columns: ('id', 'u', 'v', 'x', 'y', 'z')
coordinate check: max |r_res-r_cg| = 5.000444502911705e-12
coordinate check: max |z_res-z_cg| = 5.000444502911705e-12
VPP columns: ('id', 'u', 'v', 'x', 'y', 'z')
coordinate check: max |r_res-r_cg| = 5.000444502911705e-12
coordinate check: max |z_res-z_cg| = 5.000444502911705e-12
Return code = 0
Elapsed: 75.46 sec
has_err = False
has_conv = True
has_ss = False
has_fin = True
Using VPP file: /homes/aiskhak/projects/GP/runs/3413/4/cand_004/tamu_2d_fv_gp_csv_vpp_0002.csv
VPP columns: ('id', 'u', 'v', 'x', 'y', 'z')
coordinate check: max |r_res-r_cg| = 5.000444502911705e-12
coordinate check: max |z_res-z_cg| = 5.000444502911705e-12
VPP columns: ('id', 'u', 'v', 'x', 'y', 'z')
coordinate check: max |r_res-r_cg| = 5.000444502911705e-12
coordinate check: max |z_res-z_cg| = 5.000444502911705e-12

===== LIVE CHECKPOINT =====
Chunk 1, stage refine_train, candidate batch starting 0, case batch 6/18
Completed result rows: 64
Current best partial candidates:
  n_cases=  8, mean=0.69240276, raw = -1*eta_h + -5*eta_y + -0.2
  n_cases=  8, mean=0.69402827, raw = -1*eta_h + -5.3*eta_y + -0.2
  n_cases=  8, mean=0.69557671, raw = -1*eta_h + -5*eta_y + -0.16
  n_cases=  8, mean=0.69571641, raw = -1*eta_h + -5.3*eta_y + -0.16
  n_cases=  8, mean=0.69768344, raw = -1*eta_h + -5.3*eta_y + -0.14
Checkpoint details: /homes/aiskhak/projects/GP/linear_results_linear_refine_best_screen_C1etaH_C2etaY_C3_CeffMin005_chunk1/linear_refine_best_screen_C1etaH_C2etaY_C3_CeffMin005_chunk1_refine_train_details_checkpoint.csv
Checkpoint summary: /homes/aiskhak/projects/GP/linear_results_linear_refine_best_screen_C1etaH_C2etaY_C3_CeffMin005_chunk1/linear_refine_best_screen_C1etaH_C2etaY_C3_CeffMin005_chunk1_refine_train_summary_checkpoint.csv
===========================


===== Stage refine_train, candidate batch starting 0, case batch 7/18 =====
Running 16 tasks with 64 MPI ranks

===== Linear candidate local_id=000, RE=7912, CG=1 =====
raw = -1*eta_h + -5.3*eta_y + -0.2
raw min/max = -5.522772529311599 -0.3242618675381106
C_eff min/max = 0.020501960114392846 0.16036110826517647
lm min/max = 0.01576751510712607 0.10527252505134403

===== Linear candidate local_id=000, RE=7912, CG=2 =====
raw = -1*eta_h + -5.3*eta_y + -0.2

===== Linear candidate local_id=001, RE=7912, CG=1 =====
raw = -1*eta_h + -5.3*eta_y + -0.16
raw min/max = -5.511314138253861 -0.2622205577689005
C_eff min/max = 0.020502005554047735 0.19021163545462205
lm min/max = 0.009431836846436139 0.10584220142973741
raw min/max = -5.482772529311599 -0.2842618675381106
C_eff min/max = 0.020502123372205142 0.17889586346459374
lm min/max = 0.017589945968170196 0.10527336334007541

===== Linear candidate local_id=001, RE=7912, CG=2 =====
raw = -1*eta_h + -5.3*eta_y + -0.16

===== Linear candidate local_id=002, RE=7912, CG=1 =====
raw = -1*eta_h + -5.3*eta_y + -0.14
raw min/max = -5.471314138253861 -0.2222205577689005
C_eff min/max = 0.020502172596659794 0.21297818258278278
lm min/max = 0.010560739174394613 0.10584306379209246

===== Linear candidate local_id=002, RE=7912, CG=2 =====
raw = -1*eta_h + -5.3*eta_y + -0.14
raw min/max = -5.462772529311598 -0.2642618675381106
C_eff min/max = 0.020502210031780394 0.1891285669448726
lm min/max = 0.018596077120901045 0.1052738083156902

===== Linear candidate local_id=003, RE=7912, CG=1 =====
raw = -1*eta_h + -5.3*eta_y + -0.12
raw min/max = -5.442772529311599 -0.24426186753811058
raw min/max = -5.451314138253861 -0.20222055776890052
C_eff min/max = 0.020502300228259166 0.20006208651227847
C_eff min/max = 0.0205022612652691 0.22553679295491294
lm min/max = 0.019671116055329306 0.10527427145243509
lm min/max = 0.011183470605964425 0.10584352154637323

===== Linear candidate local_id=003, RE=7912, CG=2 =====
raw = -1*eta_h + -5.3*eta_y + -0.12

===== Linear candidate local_id=004, RE=7912, CG=1 =====
raw = -1*eta_h + -5.3*eta_y + -0.08
raw min/max = -5.431314138253861 -0.1822205577689005
C_eff min/max = 0.0205023535527843 0.2389455915604169
lm min/max = 0.011848359483301296 0.10584399798336118

===== Linear candidate local_id=004, RE=7912, CG=2 =====
raw = -1*eta_h + -5.3*eta_y + -0.08
raw min/max = -5.402772529311599 -0.2042618675381106
C_eff min/max = 0.02050249181528215 0.22421690204084707
lm min/max = 0.022046139668453434 0.10527525520469896

===== Linear candidate local_id=005, RE=7912, CG=1 =====
raw = -1*eta_h + -5*eta_y + -0.2
raw min/max = -5.391314138253861 -0.14222055776890052
C_eff min/max = 0.02050254958141439 0.2685271298399287
lm min/max = 0.013315190058897301 0.10584500998687946
raw min/max = -5.222772529311599 -0.31851718801585527
C_eff min/max = 0.020503571654799026 0.16287380626669679
lm min/max = 0.016014576281292457 0.10528079991515385

===== Linear candidate local_id=005, RE=7912, CG=2 =====
raw = -1*eta_h + -5*eta_y + -0.2

===== Linear candidate local_id=006, RE=7912, CG=1 =====
raw = -1*eta_h + -5*eta_y + -0.16

===== Linear candidate local_id=006, RE=7912, CG=2 =====
raw min/max = -5.2113141382538615 -0.25933906232465304
raw = -1*eta_h + -5*eta_y + -0.16
C_eff min/max = 0.020503654455634315 0.19175300092979466
raw min/max = -5.182772529311599 -0.27851718801585523
C_eff min/max = 0.020503869146153843 0.18176588913878927
lm min/max = 0.017872141406111958 0.10528232746012652
lm min/max = 0.009508267016692605 0.10585071393225355

===== Linear candidate local_id=007, RE=7912, CG=1 =====
raw = -1*eta_h + -5*eta_y + -0.14
raw min/max = -5.171314138253861 -0.21933906232465303
C_eff min/max = 0.02050395884410494 0.21473709266377078
lm min/max = 0.010647956514552482 0.10585228534660791
raw min/max = -5.1627725293115985 -0.2585171880158552
C_eff min/max = 0.020504027059335062 0.1921953385699531
lm min/max = 0.018897617615673636 0.10528313830549121

===== Linear candidate local_id=007, RE=7912, CG=2 =====
raw = -1*eta_h + -5*eta_y + -0.14
raw min/max = -5.151314138253861 -0.19933906232465304
C_eff min/max = 0.020504120418413527 0.22741502420021925
lm min/max = 0.011276604607064132 0.10585311947868685
Running case in: /homes/aiskhak/projects/GP/runs/7912/1/cand_000 with fv_app_run.sh
Running case in: /homes/aiskhak/projects/GP/runs/7912/1/cand_005 with fv_app_run.sh
Running case in: /homes/aiskhak/projects/GP/runs/7912/1/cand_001 with fv_app_run.sh
Running case in: /homes/aiskhak/projects/GP/runs/7912/1/cand_002 with fv_app_run.sh
Running case in: /homes/aiskhak/projects/GP/runs/7912/2/cand_002 with fv_app_run.sh
Running case in: /homes/aiskhak/projects/GP/runs/7912/1/cand_006 with fv_app_run.sh
Running case in: /homes/aiskhak/projects/GP/runs/7912/2/cand_007 with fv_app_run.sh
Running case in: /homes/aiskhak/projects/GP/runs/7912/2/cand_003 with fv_app_run.sh
Running case in: /homes/aiskhak/projects/GP/runs/7912/2/cand_000 with fv_app_run.sh
Running case in: /homes/aiskhak/projects/GP/runs/7912/1/cand_003 with fv_app_run.sh
Running case in: /homes/aiskhak/projects/GP/runs/7912/1/cand_004 with fv_app_run.sh
Running case in: /homes/aiskhak/projects/GP/runs/7912/1/cand_007 with fv_app_run.sh
Running case in: /homes/aiskhak/projects/GP/runs/7912/2/cand_001 with fv_app_run.sh
Running case in: /homes/aiskhak/projects/GP/runs/7912/2/cand_006 with fv_app_run.sh
Running case in: /homes/aiskhak/projects/GP/runs/7912/2/cand_004 with fv_app_run.sh
Running case in: /homes/aiskhak/projects/GP/runs/7912/2/cand_005 with fv_app_run.sh
Return code = 0
Elapsed: 22.57 sec
has_err = False
has_conv = True
has_ss = False
has_fin = True
Using VPP file: /homes/aiskhak/projects/GP/runs/7912/2/cand_002/tamu_2d_fv_gp_csv_vpp_0002.csv
Return code = 0
Elapsed: 24.83 sec
has_err = False
has_conv = True
has_ss = False
has_fin = True
Using VPP file: /homes/aiskhak/projects/GP/runs/7912/1/cand_001/tamu_2d_fv_gp_csv_vpp_0002.csv
VPP columns: ('id', 'u', 'v', 'x', 'y', 'z')
coordinate check: max |r_res-r_cg| = 5.000444502911705e-12
coordinate check: max |z_res-z_cg| = 5.000444502911705e-12
Return code = 0
Elapsed: 24.85 sec
has_err = False
has_conv = True
has_ss = False
has_fin = True
Using VPP file: /homes/aiskhak/projects/GP/runs/7912/2/cand_007/tamu_2d_fv_gp_csv_vpp_0002.csv
VPP columns: ('id', 'u', 'v', 'x', 'y', 'z')
coordinate check: max |r_res-r_cg| = 5.000444502911705e-12
coordinate check: max |z_res-z_cg| = 5.000444502911705e-12
VPP columns: ('id', 'u', 'v', 'x', 'y', 'z')
coordinate check: max |r_res-r_cg| = 5.000444502911705e-12
coordinate check: max |z_res-z_cg| = 5.000444502911705e-12
Return code = 0
Elapsed: 29.98 sec
has_err = False
has_conv = True
has_ss = False
has_fin = True
Return code = 0
Elapsed: 29.48 sec
Return code = 0
Elapsed: 29.58 sec
Return code = 0
Elapsed: 29.87 sec
has_err = False
has_conv = True
has_ss = False
has_fin = True
has_err = False
has_conv = True
has_ss = False
has_fin = True
has_err = False
has_conv = True
has_ss = False
has_fin = True
Using VPP file: /homes/aiskhak/projects/GP/runs/7912/1/cand_005/tamu_2d_fv_gp_csv_vpp_0002.csv
Using VPP file: /homes/aiskhak/projects/GP/runs/7912/1/cand_004/tamu_2d_fv_gp_csv_vpp_0002.csv
Using VPP file: /homes/aiskhak/projects/GP/runs/7912/1/cand_006/tamu_2d_fv_gp_csv_vpp_0002.csv
Using VPP file: /homes/aiskhak/projects/GP/runs/7912/1/cand_003/tamu_2d_fv_gp_csv_vpp_0002.csv
VPP columns: ('id', 'u', 'v', 'x', 'y', 'z')
coordinate check: max |r_res-r_cg| = 5.000444502911705e-12
coordinate check: max |z_res-z_cg| = 5.000444502911705e-12
VPP columns: ('id', 'u', 'v', 'x', 'y', 'z')
coordinate check: max |r_res-r_cg| = 5.000444502911705e-12
coordinate check: max |z_res-z_cg| = 5.000444502911705e-12
VPP columns: ('id', 'u', 'v', 'x', 'y', 'z')
coordinate check: max |r_res-r_cg| = 5.000444502911705e-12
coordinate check: max |z_res-z_cg| = 5.000444502911705e-12
VPP columns: ('id', 'u', 'v', 'x', 'y', 'z')
coordinate check: max |r_res-r_cg| = 5.000444502911705e-12
coordinate check: max |z_res-z_cg| = 5.000444502911705e-12
Return code = 0
Elapsed: 30.67 sec
has_err = False
has_conv = True
has_ss = False
has_fin = True
Using VPP file: /homes/aiskhak/projects/GP/runs/7912/2/cand_004/tamu_2d_fv_gp_csv_vpp_0002.csv
VPP columns: ('id', 'u', 'v', 'x', 'y', 'z')
coordinate check: max |r_res-r_cg| = 5.000444502911705e-12
coordinate check: max |z_res-z_cg| = 5.000444502911705e-12
Return code = 0
Elapsed: 32.52 sec
has_err = False
has_conv = True
has_ss = False
has_fin = True
Using VPP file: /homes/aiskhak/projects/GP/runs/7912/1/cand_002/tamu_2d_fv_gp_csv_vpp_0002.csv
Return code = 0
Elapsed: 32.61 sec
has_err = False
has_conv = True
has_ss = False
has_fin = True
Using VPP file: /homes/aiskhak/projects/GP/runs/7912/2/cand_003/tamu_2d_fv_gp_csv_vpp_0002.csv
VPP columns: ('id', 'u', 'v', 'x', 'y', 'z')
coordinate check: max |r_res-r_cg| = 5.000444502911705e-12
coordinate check: max |z_res-z_cg| = 5.000444502911705e-12
Return code = 0
Elapsed: 33.28 sec
has_err = False
has_conv = True
has_ss = False
has_fin = True
Using VPP file: /homes/aiskhak/projects/GP/runs/7912/1/cand_000/tamu_2d_fv_gp_csv_vpp_0002.csv
VPP columns: ('id', 'u', 'v', 'x', 'y', 'z')
coordinate check: max |r_res-r_cg| = 5.000444502911705e-12
coordinate check: max |z_res-z_cg| = 5.000444502911705e-12
VPP columns: ('id', 'u', 'v', 'x', 'y', 'z')
coordinate check: max |r_res-r_cg| = 5.000444502911705e-12
coordinate check: max |z_res-z_cg| = 5.000444502911705e-12
Return code = 0
Elapsed: 34.1 sec
has_err = False
has_conv = True
has_ss = False
has_fin = True
Using VPP file: /homes/aiskhak/projects/GP/runs/7912/1/cand_007/tamu_2d_fv_gp_csv_vpp_0002.csv
Return code = 0
Elapsed: 34.53 sec
has_err = False
has_conv = True
has_ss = False
has_fin = True
Return code = 0
Elapsed: 34.1 sec
has_err = False
has_conv = True
has_ss = False
has_fin = True
Using VPP file: /homes/aiskhak/projects/GP/runs/7912/2/cand_000/tamu_2d_fv_gp_csv_vpp_0002.csv
Using VPP file: /homes/aiskhak/projects/GP/runs/7912/2/cand_005/tamu_2d_fv_gp_csv_vpp_0002.csv
VPP columns: ('id', 'u', 'v', 'x', 'y', 'z')
coordinate check: max |r_res-r_cg| = 5.000444502911705e-12
coordinate check: max |z_res-z_cg| = 5.000444502911705e-12
Return code = 0
Elapsed: 34.54 sec
has_err = False
has_conv = True
has_ss = False
has_fin = True
Using VPP file: /homes/aiskhak/projects/GP/runs/7912/2/cand_006/tamu_2d_fv_gp_csv_vpp_0002.csv
VPP columns: ('id', 'u', 'v', 'x', 'y', 'z')
coordinate check: max |r_res-r_cg| = 5.000444502911705e-12
coordinate check: max |z_res-z_cg| = 5.000444502911705e-12
VPP columns: ('id', 'u', 'v', 'x', 'y', 'z')
coordinate check: max |r_res-r_cg| = 5.000444502911705e-12
coordinate check: max |z_res-z_cg| = 5.000444502911705e-12
VPP columns: ('id', 'u', 'v', 'x', 'y', 'z')
coordinate check: max |r_res-r_cg| = 5.000444502911705e-12
coordinate check: max |z_res-z_cg| = 5.000444502911705e-12
Return code = 0
Elapsed: 37.67 sec
has_err = False
has_conv = True
has_ss = False
has_fin = True
Using VPP file: /homes/aiskhak/projects/GP/runs/7912/2/cand_001/tamu_2d_fv_gp_csv_vpp_0002.csv
VPP columns: ('id', 'u', 'v', 'x', 'y', 'z')
coordinate check: max |r_res-r_cg| = 5.000444502911705e-12
coordinate check: max |z_res-z_cg| = 5.000444502911705e-12

===== LIVE CHECKPOINT =====
Chunk 1, stage refine_train, candidate batch starting 0, case batch 7/18
Completed result rows: 80
Current best partial candidates:
  n_cases= 10, mean=0.59613009, raw = -1*eta_h + -5*eta_y + -0.2
  n_cases= 10, mean=0.59881476, raw = -1*eta_h + -5.3*eta_y + -0.2
  n_cases= 10, mean=0.59958544, raw = -1*eta_h + -5*eta_y + -0.16
  n_cases= 10, mean=0.60151154, raw = -1*eta_h + -5.3*eta_y + -0.16
  n_cases= 10, mean=0.60253189, raw = -1*eta_h + -5*eta_y + -0.14
Checkpoint details: /homes/aiskhak/projects/GP/linear_results_linear_refine_best_screen_C1etaH_C2etaY_C3_CeffMin005_chunk1/linear_refine_best_screen_C1etaH_C2etaY_C3_CeffMin005_chunk1_refine_train_details_checkpoint.csv
Checkpoint summary: /homes/aiskhak/projects/GP/linear_results_linear_refine_best_screen_C1etaH_C2etaY_C3_CeffMin005_chunk1/linear_refine_best_screen_C1etaH_C2etaY_C3_CeffMin005_chunk1_refine_train_summary_checkpoint.csv
===========================


===== Stage refine_train, candidate batch starting 0, case batch 8/18 =====
Running 8 tasks with 64 MPI ranks

===== Linear candidate local_id=000, RE=7912, CG=3 =====
raw = -1*eta_h + -5.3*eta_y + -0.2
raw min/max = -5.505654205551524 -0.23120028861365535
C_eff min/max = 0.020502028386383507 0.20760258769830214
lm min/max = 0.005168702117950475 0.10590028314712199

===== Linear candidate local_id=001, RE=7912, CG=3 =====
raw = -1*eta_h + -5.3*eta_y + -0.16
raw min/max = -5.465654205551524 -0.19120028861365534
C_eff min/max = 0.020502197330768877 0.2328167297552394
lm min/max = 0.005796461101578315 0.10590115580508098

===== Linear candidate local_id=002, RE=7912, CG=3 =====
raw = -1*eta_h + -5.3*eta_y + -0.14
raw min/max = -5.445654205551524 -0.17120028861365535
C_eff min/max = 0.020502287008870898 0.24671640961289032
lm min/max = 0.0061425228030031545 0.10590161902443748

===== Linear candidate local_id=003, RE=7912, CG=3 =====
raw = -1*eta_h + -5.3*eta_y + -0.12
raw min/max = -5.425654205551524 -0.15120028861365534
C_eff min/max = 0.020502380347083217 0.26154910605869763
lm min/max = 0.006511813910519478 0.10590210114956806

===== Linear candidate local_id=004, RE=7912, CG=3 =====
raw = -1*eta_h + -5.3*eta_y + -0.08
raw min/max = -5.385654205551524 -0.11120028861365536
C_eff min/max = 0.020502578607517842 0.2942404234630877
lm min/max = 0.007325732866829502 0.10590312523536914

===== Linear candidate local_id=005, RE=7912, CG=3 =====
raw = -1*eta_h + -5*eta_y + -0.2
raw min/max = -5.205654205551524 -0.2297542839120253
C_eff min/max = 0.020503696061104273 0.2084575163528073
lm min/max = 0.005189987361049944 0.10590889728138218

===== Linear candidate local_id=006, RE=7912, CG=3 =====
raw = -1*eta_h + -5*eta_y + -0.16
raw min/max = -5.165654205551524 -0.18975428391202528
C_eff min/max = 0.020504003915220764 0.23379156660215636
lm min/max = 0.0058207317107801535 0.10591048745760719

===== Linear candidate local_id=007, RE=7912, CG=3 =====
raw = -1*eta_h + -5*eta_y + -0.14
raw min/max = -5.145654205551524 -0.1697542839120253
C_eff min/max = 0.020504167329164144 0.2477568658138821
lm min/max = 0.006168427143740545 0.10591133154886236
Running case in: /homes/aiskhak/projects/GP/runs/7912/3/cand_002 with fv_app_run.sh
Running case in: /homes/aiskhak/projects/GP/runs/7912/3/cand_000 with fv_app_run.sh
Running case in: /homes/aiskhak/projects/GP/runs/7912/3/cand_005 with fv_app_run.sh
Running case in: /homes/aiskhak/projects/GP/runs/7912/3/cand_001 with fv_app_run.sh
Running case in: /homes/aiskhak/projects/GP/runs/7912/3/cand_004 with fv_app_run.sh
Running case in: /homes/aiskhak/projects/GP/runs/7912/3/cand_007 with fv_app_run.sh
Running case in: /homes/aiskhak/projects/GP/runs/7912/3/cand_006 with fv_app_run.sh
Running case in: /homes/aiskhak/projects/GP/runs/7912/3/cand_003 with fv_app_run.sh
Return code = 0
Elapsed: 41.84 sec
has_err = False
has_conv = True
has_ss = False
has_fin = True
Using VPP file: /homes/aiskhak/projects/GP/runs/7912/3/cand_004/tamu_2d_fv_gp_csv_vpp_0002.csv
Return code = 0
Elapsed: 43.05 sec
has_err = False
has_conv = True
has_ss = False
has_fin = True
Using VPP file: /homes/aiskhak/projects/GP/runs/7912/3/cand_005/tamu_2d_fv_gp_csv_vpp_0002.csv
VPP columns: ('id', 'u', 'v', 'x', 'y', 'z')
coordinate check: max |r_res-r_cg| = 5.000444502911705e-12
coordinate check: max |z_res-z_cg| = 5.000444502911705e-12
Return code = 0
Elapsed: 45.34 sec
Return code = 0
Elapsed: 45.24 sec
has_err = False
has_conv = True
has_ss = False
has_fin = True
Return code = 0
Elapsed: 44.99 sec
Return code = 0
Elapsed: 45.02 sec
has_err = False
has_conv = True
has_ss = False
has_fin = True
Using VPP file: /homes/aiskhak/projects/GP/runs/7912/3/cand_000/tamu_2d_fv_gp_csv_vpp_0002.csv
Using VPP file: /homes/aiskhak/projects/GP/runs/7912/3/cand_006/tamu_2d_fv_gp_csv_vpp_0002.csv
has_err = False
has_conv = True
has_ss = False
has_fin = True
has_err = False
has_conv = True
has_ss = False
has_fin = True
Using VPP file: /homes/aiskhak/projects/GP/runs/7912/3/cand_003/tamu_2d_fv_gp_csv_vpp_0002.csv
Using VPP file: /homes/aiskhak/projects/GP/runs/7912/3/cand_001/tamu_2d_fv_gp_csv_vpp_0002.csv
VPP columns: ('id', 'u', 'v', 'x', 'y', 'z')
coordinate check: max |r_res-r_cg| = 5.000444502911705e-12
coordinate check: max |z_res-z_cg| = 5.000444502911705e-12
VPP columns: ('id', 'u', 'v', 'x', 'y', 'z')
coordinate check: max |r_res-r_cg| = 5.000444502911705e-12
coordinate check: max |z_res-z_cg| = 5.000444502911705e-12
VPP columns: ('id', 'u', 'v', 'x', 'y', 'z')
coordinate check: max |r_res-r_cg| = 5.000444502911705e-12
coordinate check: max |z_res-z_cg| = 5.000444502911705e-12
Return code = 0
Elapsed: 46.15 sec
has_err = False
has_conv = True
has_ss = False
has_fin = True
Using VPP file: /homes/aiskhak/projects/GP/runs/7912/3/cand_007/tamu_2d_fv_gp_csv_vpp_0002.csv
VPP columns: ('id', 'u', 'v', 'x', 'y', 'z')
coordinate check: max |r_res-r_cg| = 5.000444502911705e-12
coordinate check: max |z_res-z_cg| = 5.000444502911705e-12
VPP columns: ('id', 'u', 'v', 'x', 'y', 'z')
coordinate check: max |r_res-r_cg| = 5.000444502911705e-12
coordinate check: max |z_res-z_cg| = 5.000444502911705e-12
Return code = 0
Elapsed: 47.93 sec
has_err = False
has_conv = True
has_ss = False
has_fin = True
Using VPP file: /homes/aiskhak/projects/GP/runs/7912/3/cand_002/tamu_2d_fv_gp_csv_vpp_0002.csv
VPP columns: ('id', 'u', 'v', 'x', 'y', 'z')
coordinate check: max |r_res-r_cg| = 5.000444502911705e-12
coordinate check: max |z_res-z_cg| = 5.000444502911705e-12
VPP columns: ('id', 'u', 'v', 'x', 'y', 'z')
coordinate check: max |r_res-r_cg| = 5.000444502911705e-12
coordinate check: max |z_res-z_cg| = 5.000444502911705e-12

===== LIVE CHECKPOINT =====
Chunk 1, stage refine_train, candidate batch starting 0, case batch 8/18
Completed result rows: 88
Current best partial candidates:
  n_cases= 11, mean=0.57799075, raw = -1*eta_h + -5*eta_y + -0.2
  n_cases= 11, mean=0.58002453, raw = -1*eta_h + -5*eta_y + -0.16
  n_cases= 11, mean=0.58117604, raw = -1*eta_h + -5.3*eta_y + -0.2
  n_cases= 11, mean=0.58217707, raw = -1*eta_h + -5*eta_y + -0.14
  n_cases= 11, mean=0.58247419, raw = -1*eta_h + -5.3*eta_y + -0.16
Checkpoint details: /homes/aiskhak/projects/GP/linear_results_linear_refine_best_screen_C1etaH_C2etaY_C3_CeffMin005_chunk1/linear_refine_best_screen_C1etaH_C2etaY_C3_CeffMin005_chunk1_refine_train_details_checkpoint.csv
Checkpoint summary: /homes/aiskhak/projects/GP/linear_results_linear_refine_best_screen_C1etaH_C2etaY_C3_CeffMin005_chunk1/linear_refine_best_screen_C1etaH_C2etaY_C3_CeffMin005_chunk1_refine_train_summary_checkpoint.csv
===========================


===== Stage refine_train, candidate batch starting 0, case batch 9/18 =====
Running 8 tasks with 96 MPI ranks

===== Linear candidate local_id=000, RE=7912, CG=4 =====
raw = -1*eta_h + -5.3*eta_y + -0.2

===== Linear candidate local_id=001, RE=7912, CG=4 =====
raw min/max = -5.502820598169251 -0.21559042561084168
C_eff min/max = 0.020502039914701634 0.21705040090160646
lm min/max = 0.0027075625148782153 0.10614653360292838
raw = -1*eta_h + -5.3*eta_y + -0.16
raw min/max = -5.462820598169251 -0.17559042561084168
C_eff min/max = 0.02050220981931557 0.24358732591246685
lm min/max = 0.0030385933866069943 0.10614741326104471

===== Linear candidate local_id=002, RE=7912, CG=4 =====
raw = -1*eta_h + -5.3*eta_y + -0.14
raw min/max = -5.44282059816925 -0.1555904256108417
C_eff min/max = 0.020502300007122838 0.25821047999725755
lm min/max = 0.003221007718415651 0.10614788019619627

===== Linear candidate local_id=003, RE=7912, CG=4 =====
raw = -1*eta_h + -5.3*eta_y + -0.12
raw min/max = -5.422820598169251 -0.13559042561084167
C_eff min/max = 0.02050239387584504 0.27381032630591273
lm min/max = 0.0034156056501758567 0.10614836618878612

===== Linear candidate local_id=004, RE=7912, CG=4 =====
raw = -1*eta_h + -5.3*eta_y + -0.08
raw min/max = -5.382820598169251 -0.09559042561084169

===== Linear candidate local_id=005, RE=7912, CG=4 =====
raw = -1*eta_h + -5*eta_y + -0.2
C_eff min/max = 0.020502593263145238 0.3081734821692352
lm min/max = 0.0038442636592003437 0.10614939848951563
raw min/max = -5.202820598169251 -0.21486760518961956
C_eff min/max = 0.020503717068210976 0.21749974446262496
lm min/max = 0.0027131677834106014 0.10615521683796632

===== Linear candidate local_id=006, RE=7912, CG=4 =====
raw = -1*eta_h + -5*eta_y + -0.16
raw min/max = -5.162820598169251 -0.17486760518961955
C_eff min/max = 0.02050402667217606 0.24409945189186216
lm min/max = 0.0030449818249556277 0.10615681977054377

===== Linear candidate local_id=007, RE=7912, CG=4 =====
raw = -1*eta_h + -5*eta_y + -0.14
raw min/max = -5.1428205981692505 -0.15486760518961956
C_eff min/max = 0.02050419101497453 0.2587569211181037
lm min/max = 0.0032278242158247567 0.10615767063311415
Running case in: /homes/aiskhak/projects/GP/runs/7912/4/cand_005 with fv_app_run.sh
Running case in: /homes/aiskhak/projects/GP/runs/7912/4/cand_003 with fv_app_run.sh
Running case in: /homes/aiskhak/projects/GP/runs/7912/4/cand_000 with fv_app_run.sh
Running case in: /homes/aiskhak/projects/GP/runs/7912/4/cand_001 with fv_app_run.sh
Running case in: /homes/aiskhak/projects/GP/runs/7912/4/cand_002 with fv_app_run.sh
Running case in: /homes/aiskhak/projects/GP/runs/7912/4/cand_007 with fv_app_run.sh
Running case in: /homes/aiskhak/projects/GP/runs/7912/4/cand_006 with fv_app_run.sh
Running case in: /homes/aiskhak/projects/GP/runs/7912/4/cand_004 with fv_app_run.sh
Return code = 0
Elapsed: 113.64 sec
has_err = False
has_conv = True
has_ss = False
has_fin = True
Using VPP file: /homes/aiskhak/projects/GP/runs/7912/4/cand_004/tamu_2d_fv_gp_csv_vpp_0002.csv
Return code = 0
Elapsed: 117.01 sec
has_err = False
has_conv = True
has_ss = False
has_fin = True
Using VPP file: /homes/aiskhak/projects/GP/runs/7912/4/cand_003/tamu_2d_fv_gp_csv_vpp_0002.csv
Return code = 0
Elapsed: 116.23 sec
has_err = False
has_conv = True
has_ss = False
has_fin = True
Using VPP file: /homes/aiskhak/projects/GP/runs/7912/4/cand_007/tamu_2d_fv_gp_csv_vpp_0002.csv
VPP columns: ('id', 'u', 'v', 'x', 'y', 'z')
coordinate check: max |r_res-r_cg| = 5.000444502911705e-12
coordinate check: max |z_res-z_cg| = 5.000444502911705e-12
VPP columns: ('id', 'u', 'v', 'x', 'y', 'z')
coordinate check: max |r_res-r_cg| = 5.000444502911705e-12
coordinate check: max |z_res-z_cg| = 5.000444502911705e-12
VPP columns: ('id', 'u', 'v', 'x', 'y', 'z')
coordinate check: max |r_res-r_cg| = 5.000444502911705e-12
coordinate check: max |z_res-z_cg| = 5.000444502911705e-12
Return code = 0
Elapsed: 128.18 sec
has_err = False
has_conv = True
has_ss = False
has_fin = True
Using VPP file: /homes/aiskhak/projects/GP/runs/7912/4/cand_006/tamu_2d_fv_gp_csv_vpp_0002.csv
Return code = 0
Elapsed: 129.66 sec
has_err = False
has_conv = True
has_ss = False
has_fin = True
Using VPP file: /homes/aiskhak/projects/GP/runs/7912/4/cand_001/tamu_2d_fv_gp_csv_vpp_0002.csv
Return code = 0
Elapsed: 132.14 sec
has_err = False
has_conv = True
has_ss = False
has_fin = True
Using VPP file: /homes/aiskhak/projects/GP/runs/7912/4/cand_002/tamu_2d_fv_gp_csv_vpp_0002.csv
VPP columns: ('id', 'u', 'v', 'x', 'y', 'z')
coordinate check: max |r_res-r_cg| = 5.000444502911705e-12
coordinate check: max |z_res-z_cg| = 5.000444502911705e-12
VPP columns: ('id', 'u', 'v', 'x', 'y', 'z')
coordinate check: max |r_res-r_cg| = 5.000444502911705e-12
coordinate check: max |z_res-z_cg| = 5.000444502911705e-12
VPP columns: ('id', 'u', 'v', 'x', 'y', 'z')
coordinate check: max |r_res-r_cg| = 5.000444502911705e-12
coordinate check: max |z_res-z_cg| = 5.000444502911705e-12
Return code = 0
Elapsed: 265.08 sec
has_err = True
has_conv = False
has_ss = False
has_fin = True
Steady failed; trying unsteady fallback
Running case in: /homes/aiskhak/projects/GP/runs/7912/4/cand_000 with fv_app_run_unsteady.sh
Return code = 0
Elapsed: 462.46 sec
has_err = True
has_conv = False
has_ss = False
has_fin = True
Steady failed; trying unsteady fallback
Running case in: /homes/aiskhak/projects/GP/runs/7912/4/cand_005 with fv_app_run_unsteady.sh
Return code = 0
Elapsed: 767.69 sec
has_err = False
has_conv = True
has_ss = True
has_fin = True
Using VPP file: /homes/aiskhak/projects/GP/runs/7912/4/cand_000/tamu_2d_fv_gp_csv_vpp_0027.csv
VPP columns: ('id', 'u', 'v', 'x', 'y', 'z')
coordinate check: max |r_res-r_cg| = 5.000444502911705e-12
coordinate check: max |z_res-z_cg| = 5.000444502911705e-12
Return code = 0
Elapsed: 749.6 sec
has_err = False
has_conv = True
has_ss = True
has_fin = True
Using VPP file: /homes/aiskhak/projects/GP/runs/7912/4/cand_005/tamu_2d_fv_gp_csv_vpp_0027.csv
VPP columns: ('id', 'u', 'v', 'x', 'y', 'z')
coordinate check: max |r_res-r_cg| = 5.000444502911705e-12
coordinate check: max |z_res-z_cg| = 5.000444502911705e-12

===== LIVE CHECKPOINT =====
Chunk 1, stage refine_train, candidate batch starting 0, case batch 9/18
Completed result rows: 96
Current best partial candidates:
  n_cases= 12, mean=0.56617753, raw = -1*eta_h + -5*eta_y + -0.16
  n_cases= 12, mean=0.56625509, raw = -1*eta_h + -5*eta_y + -0.2
  n_cases= 12, mean=0.56725712, raw = -1*eta_h + -5*eta_y + -0.14
  n_cases= 12, mean=0.56929017, raw = -1*eta_h + -5.3*eta_y + -0.16
  n_cases= 12, mean=0.56986205, raw = -1*eta_h + -5.3*eta_y + -0.14
Checkpoint details: /homes/aiskhak/projects/GP/linear_results_linear_refine_best_screen_C1etaH_C2etaY_C3_CeffMin005_chunk1/linear_refine_best_screen_C1etaH_C2etaY_C3_CeffMin005_chunk1_refine_train_details_checkpoint.csv
Checkpoint summary: /homes/aiskhak/projects/GP/linear_results_linear_refine_best_screen_C1etaH_C2etaY_C3_CeffMin005_chunk1/linear_refine_best_screen_C1etaH_C2etaY_C3_CeffMin005_chunk1_refine_train_summary_checkpoint.csv
===========================


===== Stage refine_train, candidate batch starting 0, case batch 10/18 =====
Running 16 tasks with 64 MPI ranks

===== Linear candidate local_id=000, RE=9000, CG=1 =====
raw = -1*eta_h + -5.3*eta_y + -0.2
raw min/max = -5.522772529311599 -0.3242618675381106
C_eff min/max = 0.020501960114392846 0.16036110826517647
lm min/max = 0.01576751510712607 0.10527252505134403

===== Linear candidate local_id=000, RE=9000, CG=2 =====
raw = -1*eta_h + -5.3*eta_y + -0.2
raw min/max = -5.511314138253861 -0.2622205577689005
C_eff min/max = 0.020502005554047735 0.19021163545462205
lm min/max = 0.009431836846436139 0.10584220142973741

===== Linear candidate local_id=001, RE=9000, CG=1 =====
raw = -1*eta_h + -5.3*eta_y + -0.16
raw min/max = -5.482772529311599 -0.2842618675381106
C_eff min/max = 0.020502123372205142 0.17889586346459374
lm min/max = 0.017589945968170196 0.10527336334007541

===== Linear candidate local_id=001, RE=9000, CG=2 =====
raw = -1*eta_h + -5.3*eta_y + -0.16

===== Linear candidate local_id=002, RE=9000, CG=1 =====
raw = -1*eta_h + -5.3*eta_y + -0.14
raw min/max = -5.462772529311598 -0.2642618675381106
C_eff min/max = 0.020502210031780394 0.1891285669448726
lm min/max = 0.018596077120901045 0.1052738083156902
raw min/max = -5.471314138253861 -0.2222205577689005
C_eff min/max = 0.020502172596659794 0.21297818258278278
lm min/max = 0.010560739174394613 0.10584306379209246

===== Linear candidate local_id=002, RE=9000, CG=2 =====
raw = -1*eta_h + -5.3*eta_y + -0.14

===== Linear candidate local_id=003, RE=9000, CG=1 =====
raw = -1*eta_h + -5.3*eta_y + -0.12

===== Linear candidate local_id=003, RE=9000, CG=2 =====
raw = -1*eta_h + -5.3*eta_y + -0.12
raw min/max = -5.442772529311599 -0.24426186753811058
C_eff min/max = 0.020502300228259166 0.20006208651227847
lm min/max = 0.019671116055329306 0.10527427145243509
raw min/max = -5.451314138253861 -0.20222055776890052
C_eff min/max = 0.0205022612652691 0.22553679295491294
lm min/max = 0.011183470605964425 0.10584352154637323
raw min/max = -5.431314138253861 -0.1822205577689005
C_eff min/max = 0.0205023535527843 0.2389455915604169
lm min/max = 0.011848359483301296 0.10584399798336118

===== Linear candidate local_id=004, RE=9000, CG=1 =====
raw = -1*eta_h + -5.3*eta_y + -0.08

===== Linear candidate local_id=005, RE=9000, CG=1 =====

===== Linear candidate local_id=004, RE=9000, CG=2 =====
raw = -1*eta_h + -5*eta_y + -0.2
raw min/max = -5.402772529311599 -0.2042618675381106
C_eff min/max = 0.02050249181528215 0.22421690204084707
lm min/max = 0.022046139668453434 0.10527525520469896
raw = -1*eta_h + -5.3*eta_y + -0.08
raw min/max = -5.222772529311599 -0.31851718801585527
C_eff min/max = 0.020503571654799026 0.16287380626669679
lm min/max = 0.016014576281292457 0.10528079991515385

===== Linear candidate local_id=005, RE=9000, CG=2 =====
raw = -1*eta_h + -5*eta_y + -0.2
raw min/max = -5.391314138253861 -0.14222055776890052
C_eff min/max = 0.02050254958141439 0.2685271298399287
lm min/max = 0.013315190058897301 0.10584500998687946

===== Linear candidate local_id=006, RE=9000, CG=1 =====
raw = -1*eta_h + -5*eta_y + -0.16
raw min/max = -5.2113141382538615 -0.25933906232465304
C_eff min/max = 0.020503654455634315 0.19175300092979466
lm min/max = 0.009508267016692605 0.10585071393225355
raw min/max = -5.182772529311599 -0.27851718801585523
C_eff min/max = 0.020503869146153843 0.18176588913878927
lm min/max = 0.017872141406111958 0.10528232746012652

===== Linear candidate local_id=006, RE=9000, CG=2 =====
raw = -1*eta_h + -5*eta_y + -0.16
raw min/max = -5.171314138253861 -0.21933906232465303
C_eff min/max = 0.02050395884410494 0.21473709266377078
lm min/max = 0.010647956514552482 0.10585228534660791

===== Linear candidate local_id=007, RE=9000, CG=1 =====
raw = -1*eta_h + -5*eta_y + -0.14
raw min/max = -5.1627725293115985 -0.2585171880158552
C_eff min/max = 0.020504027059335062 0.1921953385699531
lm min/max = 0.018897617615673636 0.10528313830549121

===== Linear candidate local_id=007, RE=9000, CG=2 =====
raw = -1*eta_h + -5*eta_y + -0.14
raw min/max = -5.151314138253861 -0.19933906232465304
C_eff min/max = 0.020504120418413527 0.22741502420021925
lm min/max = 0.011276604607064132 0.10585311947868685
Running case in: /homes/aiskhak/projects/GP/runs/9000/1/cand_003 with fv_app_run.sh
Running case in: /homes/aiskhak/projects/GP/runs/9000/1/cand_007 with fv_app_run.sh
Running case in: /homes/aiskhak/projects/GP/runs/9000/1/cand_000 with fv_app_run.sh
Running case in: /homes/aiskhak/projects/GP/runs/9000/1/cand_004 with fv_app_run.sh
Running case in: /homes/aiskhak/projects/GP/runs/9000/1/cand_005 with fv_app_run.sh
Running case in: /homes/aiskhak/projects/GP/runs/9000/1/cand_002 with fv_app_run.sh
Running case in: /homes/aiskhak/projects/GP/runs/9000/1/cand_001 with fv_app_run.sh
Running case in: /homes/aiskhak/projects/GP/runs/9000/1/cand_006 with fv_app_run.sh
Running case in: /homes/aiskhak/projects/GP/runs/9000/2/cand_005 with fv_app_run.sh
Running case in: /homes/aiskhak/projects/GP/runs/9000/2/cand_007 with fv_app_run.sh
Running case in: /homes/aiskhak/projects/GP/runs/9000/2/cand_000 with fv_app_run.sh
Running case in: /homes/aiskhak/projects/GP/runs/9000/2/cand_003 with fv_app_run.sh
Running case in: /homes/aiskhak/projects/GP/runs/9000/2/cand_001 with fv_app_run.sh
Running case in: /homes/aiskhak/projects/GP/runs/9000/2/cand_002 with fv_app_run.sh
Running case in: /homes/aiskhak/projects/GP/runs/9000/2/cand_004 with fv_app_run.sh
Running case in: /homes/aiskhak/projects/GP/runs/9000/2/cand_006 with fv_app_run.sh
Return code = 0
Return code = 0
Elapsed: 22.38 sec
Elapsed: 22.39 sec
has_err = False
has_conv = True
has_ss = False
has_fin = True
has_err = False
has_conv = True
has_ss = False
has_fin = True
Using VPP file: /homes/aiskhak/projects/GP/runs/9000/1/cand_004/tamu_2d_fv_gp_csv_vpp_0002.csv
Using VPP file: /homes/aiskhak/projects/GP/runs/9000/1/cand_003/tamu_2d_fv_gp_csv_vpp_0002.csv
VPP columns: ('id', 'u', 'v', 'x', 'y', 'z')
coordinate check: max |r_res-r_cg| = 5.000444502911705e-12
coordinate check: max |z_res-z_cg| = 5.000444502911705e-12
Return code = 0
Elapsed: 23.16 sec
has_err = False
has_conv = True
has_ss = False
has_fin = True
Using VPP file: /homes/aiskhak/projects/GP/runs/9000/1/cand_001/tamu_2d_fv_gp_csv_vpp_0002.csv
VPP columns: ('id', 'u', 'v', 'x', 'y', 'z')
coordinate check: max |r_res-r_cg| = 5.000444502911705e-12
coordinate check: max |z_res-z_cg| = 5.000444502911705e-12
Return code = 0
Elapsed: 23.46 sec
has_err = False
has_conv = True
has_ss = False
has_fin = True
Using VPP file: /homes/aiskhak/projects/GP/runs/9000/1/cand_006/tamu_2d_fv_gp_csv_vpp_0002.csv
VPP columns: ('id', 'u', 'v', 'x', 'y', 'z')
coordinate check: max |r_res-r_cg| = 5.000444502911705e-12
coordinate check: max |z_res-z_cg| = 5.000444502911705e-12
VPP columns: ('id', 'u', 'v', 'x', 'y', 'z')
coordinate check: max |r_res-r_cg| = 5.000444502911705e-12
coordinate check: max |z_res-z_cg| = 5.000444502911705e-12
Return code = 0
Elapsed: 24.59 sec
has_err = False
has_conv = True
has_ss = False
has_fin = True
Using VPP file: /homes/aiskhak/projects/GP/runs/9000/1/cand_007/tamu_2d_fv_gp_csv_vpp_0002.csv
Return code = 0
Elapsed: 24.86 sec
has_err = False
has_conv = True
has_ss = False
has_fin = True
Using VPP file: /homes/aiskhak/projects/GP/runs/9000/1/cand_002/tamu_2d_fv_gp_csv_vpp_0002.csv
VPP columns: ('id', 'u', 'v', 'x', 'y', 'z')
coordinate check: max |r_res-r_cg| = 5.000444502911705e-12
coordinate check: max |z_res-z_cg| = 5.000444502911705e-12
VPP columns: ('id', 'u', 'v', 'x', 'y', 'z')
coordinate check: max |r_res-r_cg| = 5.000444502911705e-12
coordinate check: max |z_res-z_cg| = 5.000444502911705e-12
Return code = 0
Elapsed: 25.73 sec
has_err = False
has_conv = True
has_ss = False
has_fin = True
Using VPP file: /homes/aiskhak/projects/GP/runs/9000/1/cand_005/tamu_2d_fv_gp_csv_vpp_0002.csv
Return code = 0
Elapsed: 27.3 sec
has_err = False
has_conv = True
has_ss = False
has_fin = True
VPP columns: ('id', 'u', 'v', 'x', 'y', 'z')
coordinate check: max |r_res-r_cg| = 5.000444502911705e-12
coordinate check: max |z_res-z_cg| = 5.000444502911705e-12
Using VPP file: /homes/aiskhak/projects/GP/runs/9000/1/cand_000/tamu_2d_fv_gp_csv_vpp_0002.csv
Return code = 0
Elapsed: 27.72 sec
has_err = False
has_conv = True
has_ss = False
has_fin = True
Using VPP file: /homes/aiskhak/projects/GP/runs/9000/2/cand_002/tamu_2d_fv_gp_csv_vpp_0002.csv
VPP columns: ('id', 'u', 'v', 'x', 'y', 'z')
coordinate check: max |r_res-r_cg| = 5.000444502911705e-12
coordinate check: max |z_res-z_cg| = 5.000444502911705e-12
VPP columns: ('id', 'u', 'v', 'x', 'y', 'z')
coordinate check: max |r_res-r_cg| = 5.000444502911705e-12
coordinate check: max |z_res-z_cg| = 5.000444502911705e-12
Return code = 0
Elapsed: 29.34 sec
has_err = False
has_conv = True
has_ss = False
has_fin = True
Using VPP file: /homes/aiskhak/projects/GP/runs/9000/2/cand_001/tamu_2d_fv_gp_csv_vpp_0002.csv
Return code = 0
Elapsed: 29.36 sec
has_err = False
has_conv = True
has_ss = False
has_fin = True
Using VPP file: /homes/aiskhak/projects/GP/runs/9000/2/cand_004/tamu_2d_fv_gp_csv_vpp_0002.csv
VPP columns: ('id', 'u', 'v', 'x', 'y', 'z')
coordinate check: max |r_res-r_cg| = 5.000444502911705e-12
coordinate check: max |z_res-z_cg| = 5.000444502911705e-12
Return code = 0
Elapsed: 30.05 sec
has_err = False
has_conv = True
has_ss = False
has_fin = True
Using VPP file: /homes/aiskhak/projects/GP/runs/9000/2/cand_007/tamu_2d_fv_gp_csv_vpp_0002.csv
VPP columns: ('id', 'u', 'v', 'x', 'y', 'z')
coordinate check: max |r_res-r_cg| = 5.000444502911705e-12
coordinate check: max |z_res-z_cg| = 5.000444502911705e-12
Return code = 0
Elapsed: 30.53 sec
has_err = False
has_conv = True
has_ss = False
has_fin = True
Using VPP file: /homes/aiskhak/projects/GP/runs/9000/2/cand_005/tamu_2d_fv_gp_csv_vpp_0002.csv
VPP columns: ('id', 'u', 'v', 'x', 'y', 'z')
coordinate check: max |r_res-r_cg| = 5.000444502911705e-12
coordinate check: max |z_res-z_cg| = 5.000444502911705e-12
Return code = 0
Elapsed: 32.03 sec
has_err = False
has_conv = True
has_ss = False
has_fin = True
Return code = 0
Elapsed: 32.21 sec
has_err = False
has_conv = True
has_ss = False
has_fin = True
Return code = 0
Elapsed: 32.16 sec
has_err = False
has_conv = True
has_ss = False
has_fin = True
VPP columns: ('id', 'u', 'v', 'x', 'y', 'z')
coordinate check: max |r_res-r_cg| = 5.000444502911705e-12
coordinate check: max |z_res-z_cg| = 5.000444502911705e-12
Using VPP file: /homes/aiskhak/projects/GP/runs/9000/2/cand_003/tamu_2d_fv_gp_csv_vpp_0002.csv
Using VPP file: /homes/aiskhak/projects/GP/runs/9000/2/cand_000/tamu_2d_fv_gp_csv_vpp_0002.csv
Using VPP file: /homes/aiskhak/projects/GP/runs/9000/2/cand_006/tamu_2d_fv_gp_csv_vpp_0002.csv
VPP columns: ('id', 'u', 'v', 'x', 'y', 'z')
coordinate check: max |r_res-r_cg| = 5.000444502911705e-12
coordinate check: max |z_res-z_cg| = 5.000444502911705e-12
VPP columns: ('id', 'u', 'v', 'x', 'y', 'z')
coordinate check: max |r_res-r_cg| = 5.000444502911705e-12
coordinate check: max |z_res-z_cg| = 5.000444502911705e-12
VPP columns: ('id', 'u', 'v', 'x', 'y', 'z')
coordinate check: max |r_res-r_cg| = 5.000444502911705e-12
coordinate check: max |z_res-z_cg| = 5.000444502911705e-12

===== LIVE CHECKPOINT =====
Chunk 1, stage refine_train, candidate batch starting 0, case batch 10/18
Completed result rows: 112
Current best partial candidates:
  n_cases= 14, mean=0.51570816, raw = -1*eta_h + -5*eta_y + -0.2
  n_cases= 14, mean=0.51616389, raw = -1*eta_h + -5*eta_y + -0.16
  n_cases= 14, mean=0.51750479, raw = -1*eta_h + -5*eta_y + -0.14
  n_cases= 14, mean=0.51987576, raw = -1*eta_h + -5.3*eta_y + -0.2
  n_cases= 14, mean=0.52002767, raw = -1*eta_h + -5.3*eta_y + -0.16
Checkpoint details: /homes/aiskhak/projects/GP/linear_results_linear_refine_best_screen_C1etaH_C2etaY_C3_CeffMin005_chunk1/linear_refine_best_screen_C1etaH_C2etaY_C3_CeffMin005_chunk1_refine_train_details_checkpoint.csv
Checkpoint summary: /homes/aiskhak/projects/GP/linear_results_linear_refine_best_screen_C1etaH_C2etaY_C3_CeffMin005_chunk1/linear_refine_best_screen_C1etaH_C2etaY_C3_CeffMin005_chunk1_refine_train_summary_checkpoint.csv
===========================


===== Stage refine_train, candidate batch starting 0, case batch 11/18 =====
Running 8 tasks with 64 MPI ranks

===== Linear candidate local_id=007, RE=9000, CG=3 =====

===== Linear candidate local_id=003, RE=9000, CG=3 =====

===== Linear candidate local_id=002, RE=9000, CG=3 =====

===== Linear candidate local_id=000, RE=9000, CG=3 =====

===== Linear candidate local_id=001, RE=9000, CG=3 =====

===== Linear candidate local_id=004, RE=9000, CG=3 =====
raw = -1*eta_h + -5.3*eta_y + -0.12
raw = -1*eta_h + -5.3*eta_y + -0.14
raw = -1*eta_h + -5.3*eta_y + -0.2
raw = -1*eta_h + -5.3*eta_y + -0.16
raw = -1*eta_h + -5.3*eta_y + -0.08

===== Linear candidate local_id=006, RE=9000, CG=3 =====
raw = -1*eta_h + -5*eta_y + -0.14
raw = -1*eta_h + -5*eta_y + -0.16

===== Linear candidate local_id=005, RE=9000, CG=3 =====
raw min/max = -5.425654205551524 -0.15120028861365534
raw min/max = -5.505654205551524 -0.23120028861365535
C_eff min/max = 0.020502380347083217 0.26154910605869763
C_eff min/max = 0.020502028386383507 0.20760258769830214
lm min/max = 0.006511813910519478 0.10590210114956806
raw min/max = -5.445654205551524 -0.17120028861365535
lm min/max = 0.005168702117950475 0.10590028314712199
C_eff min/max = 0.020502287008870898 0.24671640961289032
lm min/max = 0.0061425228030031545 0.10590161902443748
raw min/max = -5.145654205551524 -0.1697542839120253
C_eff min/max = 0.020504167329164144 0.2477568658138821
lm min/max = 0.006168427143740545 0.10591133154886236
raw min/max = -5.385654205551524 -0.11120028861365536
raw min/max = -5.465654205551524 -0.19120028861365534
C_eff min/max = 0.020502197330768877 0.2328167297552394
C_eff min/max = 0.020502578607517842 0.2942404234630877
lm min/max = 0.005796461101578315 0.10590115580508098
raw min/max = -5.165654205551524 -0.18975428391202528
C_eff min/max = 0.020504003915220764 0.23379156660215636
lm min/max = 0.007325732866829502 0.10590312523536914
lm min/max = 0.0058207317107801535 0.10591048745760719
raw = -1*eta_h + -5*eta_y + -0.2
raw min/max = -5.205654205551524 -0.2297542839120253
C_eff min/max = 0.020503696061104273 0.2084575163528073
lm min/max = 0.005189987361049944 0.10590889728138218
Running case in: /homes/aiskhak/projects/GP/runs/9000/3/cand_006 with fv_app_run.sh
Running case in: /homes/aiskhak/projects/GP/runs/9000/3/cand_002 with fv_app_run.sh
Running case in: /homes/aiskhak/projects/GP/runs/9000/3/cand_003 with fv_app_run.sh
Running case in: /homes/aiskhak/projects/GP/runs/9000/3/cand_005 with fv_app_run.sh
Running case in: /homes/aiskhak/projects/GP/runs/9000/3/cand_000 with fv_app_run.sh
Running case in: /homes/aiskhak/projects/GP/runs/9000/3/cand_004 with fv_app_run.sh
Running case in: /homes/aiskhak/projects/GP/runs/9000/3/cand_001 with fv_app_run.sh
Running case in: /homes/aiskhak/projects/GP/runs/9000/3/cand_007 with fv_app_run.sh
Return code = 0
Elapsed: 43.08 sec
Return code = 0
Elapsed: 43.29 sec
has_err = False
has_conv = True
has_ss = False
has_fin = True
has_err = False
has_conv = True
has_ss = False
has_fin = True
Using VPP file: /homes/aiskhak/projects/GP/runs/9000/3/cand_000/tamu_2d_fv_gp_csv_vpp_0002.csv
Using VPP file: /homes/aiskhak/projects/GP/runs/9000/3/cand_005/tamu_2d_fv_gp_csv_vpp_0002.csv
Return code = 0
Elapsed: 45.19 sec
has_err = False
has_conv = True
has_ss = False
has_fin = True
Using VPP file: /homes/aiskhak/projects/GP/runs/9000/3/cand_007/tamu_2d_fv_gp_csv_vpp_0002.csv
Return code = 0
Elapsed: 46.69 sec
Return code = 0
Elapsed: 46.76 sec
Return code = 0
Elapsed: 46.8 sec
has_err = False
has_conv = True
has_ss = False
has_fin = True
has_err = False
has_conv = True
has_ss = False
has_fin = True
Using VPP file: /homes/aiskhak/projects/GP/runs/9000/3/cand_004/tamu_2d_fv_gp_csv_vpp_0002.csv
has_err = False
has_conv = True
has_ss = False
has_fin = True
Using VPP file: /homes/aiskhak/projects/GP/runs/9000/3/cand_003/tamu_2d_fv_gp_csv_vpp_0002.csv
Using VPP file: /homes/aiskhak/projects/GP/runs/9000/3/cand_001/tamu_2d_fv_gp_csv_vpp_0002.csv
Return code = 0
Elapsed: 47.82 sec
has_err = False
has_conv = True
has_ss = False
has_fin = True
Using VPP file: /homes/aiskhak/projects/GP/runs/9000/3/cand_006/tamu_2d_fv_gp_csv_vpp_0002.csv
Return code = 0
Elapsed: 49.2 sec
has_err = False
has_conv = True
has_ss = False
has_fin = True
VPP columns: ('id', 'u', 'v', 'x', 'y', 'z')
VPP columns: ('id', 'u', 'v', 'x', 'y', 'z')
Using VPP file: /homes/aiskhak/projects/GP/runs/9000/3/cand_002/tamu_2d_fv_gp_csv_vpp_0002.csv
coordinate check: max |r_res-r_cg| = 5.000444502911705e-12
coordinate check: max |z_res-z_cg| = 5.000444502911705e-12
coordinate check: max |r_res-r_cg| = 5.000444502911705e-12
coordinate check: max |z_res-z_cg| = 5.000444502911705e-12
VPP columns: ('id', 'u', 'v', 'x', 'y', 'z')
coordinate check: max |r_res-r_cg| = 5.000444502911705e-12
coordinate check: max |z_res-z_cg| = 5.000444502911705e-12
VPP columns: ('id', 'u', 'v', 'x', 'y', 'z')
coordinate check: max |r_res-r_cg| = 5.000444502911705e-12
coordinate check: max |z_res-z_cg| = 5.000444502911705e-12
VPP columns: ('id', 'u', 'v', 'x', 'y', 'z')
coordinate check: max |r_res-r_cg| = 5.000444502911705e-12
coordinate check: max |z_res-z_cg| = 5.000444502911705e-12
VPP columns: ('id', 'u', 'v', 'x', 'y', 'z')
coordinate check: max |r_res-r_cg| = 5.000444502911705e-12
coordinate check: max |z_res-z_cg| = 5.000444502911705e-12
VPP columns: ('id', 'u', 'v', 'x', 'y', 'z')
coordinate check: max |r_res-r_cg| = 5.000444502911705e-12
coordinate check: max |z_res-z_cg| = 5.000444502911705e-12
VPP columns: ('id', 'u', 'v', 'x', 'y', 'z')
coordinate check: max |r_res-r_cg| = 5.000444502911705e-12
coordinate check: max |z_res-z_cg| = 5.000444502911705e-12

===== LIVE CHECKPOINT =====
Chunk 1, stage refine_train, candidate batch starting 0, case batch 11/18
Completed result rows: 120
Current best partial candidates:
  n_cases= 15, mean=0.50782580, raw = -1*eta_h + -5*eta_y + -0.16
  n_cases= 15, mean=0.50829016, raw = -1*eta_h + -5*eta_y + -0.2
  n_cases= 15, mean=0.50865397, raw = -1*eta_h + -5*eta_y + -0.14
  n_cases= 15, mean=0.51180299, raw = -1*eta_h + -5.3*eta_y + -0.16
  n_cases= 15, mean=0.51235131, raw = -1*eta_h + -5.3*eta_y + -0.14
Checkpoint details: /homes/aiskhak/projects/GP/linear_results_linear_refine_best_screen_C1etaH_C2etaY_C3_CeffMin005_chunk1/linear_refine_best_screen_C1etaH_C2etaY_C3_CeffMin005_chunk1_refine_train_details_checkpoint.csv
Checkpoint summary: /homes/aiskhak/projects/GP/linear_results_linear_refine_best_screen_C1etaH_C2etaY_C3_CeffMin005_chunk1/linear_refine_best_screen_C1etaH_C2etaY_C3_CeffMin005_chunk1_refine_train_summary_checkpoint.csv
===========================


===== Stage refine_train, candidate batch starting 0, case batch 12/18 =====
Running 8 tasks with 96 MPI ranks

===== Linear candidate local_id=000, RE=9000, CG=4 =====
raw = -1*eta_h + -5.3*eta_y + -0.2

===== Linear candidate local_id=001, RE=9000, CG=4 =====
raw = -1*eta_h + -5.3*eta_y + -0.16

===== Linear candidate local_id=002, RE=9000, CG=4 =====
raw = -1*eta_h + -5.3*eta_y + -0.14

===== Linear candidate local_id=003, RE=9000, CG=4 =====
raw = -1*eta_h + -5.3*eta_y + -0.12
raw min/max = -5.502820598169251 -0.21559042561084168
raw min/max = -5.462820598169251 -0.17559042561084168
raw min/max = -5.44282059816925 -0.1555904256108417
raw min/max = -5.422820598169251 -0.13559042561084167
C_eff min/max = 0.020502300007122838 0.25821047999725755
C_eff min/max = 0.02050220981931557 0.24358732591246685
C_eff min/max = 0.020502039914701634 0.21705040090160646
C_eff min/max = 0.02050239387584504 0.27381032630591273
lm min/max = 0.003221007718415651 0.10614788019619627
lm min/max = 0.0030385933866069943 0.10614741326104471
lm min/max = 0.0027075625148782153 0.10614653360292838
lm min/max = 0.0034156056501758567 0.10614836618878612

===== Linear candidate local_id=004, RE=9000, CG=4 =====
raw = -1*eta_h + -5.3*eta_y + -0.08
raw min/max = -5.382820598169251 -0.09559042561084169
C_eff min/max = 0.020502593263145238 0.3081734821692352
lm min/max = 0.0038442636592003437 0.10614939848951563

===== Linear candidate local_id=005, RE=9000, CG=4 =====
raw = -1*eta_h + -5*eta_y + -0.2
raw min/max = -5.202820598169251 -0.21486760518961956
C_eff min/max = 0.020503717068210976 0.21749974446262496
lm min/max = 0.0027131677834106014 0.10615521683796632

===== Linear candidate local_id=006, RE=9000, CG=4 =====
raw = -1*eta_h + -5*eta_y + -0.16
raw min/max = -5.162820598169251 -0.17486760518961955
C_eff min/max = 0.02050402667217606 0.24409945189186216
lm min/max = 0.0030449818249556277 0.10615681977054377

===== Linear candidate local_id=007, RE=9000, CG=4 =====
raw = -1*eta_h + -5*eta_y + -0.14
raw min/max = -5.1428205981692505 -0.15486760518961956
C_eff min/max = 0.02050419101497453 0.2587569211181037
lm min/max = 0.0032278242158247567 0.10615767063311415
Running case in: /homes/aiskhak/projects/GP/runs/9000/4/cand_003 with fv_app_run.sh
Running case in: /homes/aiskhak/projects/GP/runs/9000/4/cand_006 with fv_app_run.sh
Running case in: /homes/aiskhak/projects/GP/runs/9000/4/cand_004 with fv_app_run.sh
Running case in: /homes/aiskhak/projects/GP/runs/9000/4/cand_007 with fv_app_run.sh
Running case in: /homes/aiskhak/projects/GP/runs/9000/4/cand_005 with fv_app_run.sh
Running case in: /homes/aiskhak/projects/GP/runs/9000/4/cand_002 with fv_app_run.sh
Running case in: /homes/aiskhak/projects/GP/runs/9000/4/cand_001 with fv_app_run.sh
Running case in: /homes/aiskhak/projects/GP/runs/9000/4/cand_000 with fv_app_run.sh
Return code = 0
Elapsed: 127.48 sec
has_err = False
has_conv = True
has_ss = False
has_fin = True
Using VPP file: /homes/aiskhak/projects/GP/runs/9000/4/cand_004/tamu_2d_fv_gp_csv_vpp_0002.csv
Return code = 0
Elapsed: 135.74 sec
Return code = 0
Elapsed: 136.82 sec
has_err = False
has_conv = True
has_ss = False
has_fin = True
has_err = False
has_conv = True
has_ss = False
has_fin = True
Using VPP file: /homes/aiskhak/projects/GP/runs/9000/4/cand_007/tamu_2d_fv_gp_csv_vpp_0002.csv
Using VPP file: /homes/aiskhak/projects/GP/runs/9000/4/cand_003/tamu_2d_fv_gp_csv_vpp_0002.csv
VPP columns: ('id', 'u', 'v', 'x', 'y', 'z')
coordinate check: max |r_res-r_cg| = 5.000444502911705e-12
coordinate check: max |z_res-z_cg| = 5.000444502911705e-12
VPP columns: ('id', 'u', 'v', 'x', 'y', 'z')
VPP columns: ('id', 'u', 'v', 'x', 'y', 'z')
coordinate check: max |r_res-r_cg| = 5.000444502911705e-12
coordinate check: max |z_res-z_cg| = 5.000444502911705e-12
coordinate check: max |r_res-r_cg| = 5.000444502911705e-12
coordinate check: max |z_res-z_cg| = 5.000444502911705e-12
Return code = 0
Elapsed: 154.95 sec
has_err = False
has_conv = True
has_ss = False
has_fin = True
Using VPP file: /homes/aiskhak/projects/GP/runs/9000/4/cand_002/tamu_2d_fv_gp_csv_vpp_0002.csv
Return code = 0
Elapsed: 169.13 sec
has_err = False
has_conv = True
has_ss = False
has_fin = True
Using VPP file: /homes/aiskhak/projects/GP/runs/9000/4/cand_006/tamu_2d_fv_gp_csv_vpp_0002.csv
VPP columns: ('id', 'u', 'v', 'x', 'y', 'z')
coordinate check: max |r_res-r_cg| = 5.000444502911705e-12
coordinate check: max |z_res-z_cg| = 5.000444502911705e-12
VPP columns: ('id', 'u', 'v', 'x', 'y', 'z')
coordinate check: max |r_res-r_cg| = 5.000444502911705e-12
coordinate check: max |z_res-z_cg| = 5.000444502911705e-12
Return code = 0
Elapsed: 307.4 sec
has_err = True
has_conv = False
has_ss = False
has_fin = True
Steady failed; trying unsteady fallback
Running case in: /homes/aiskhak/projects/GP/runs/9000/4/cand_001 with fv_app_run_unsteady.sh
Return code = 0
Elapsed: 402.7 sec
has_err = True
has_conv = False
has_ss = False
has_fin = True
Steady failed; trying unsteady fallback
Running case in: /homes/aiskhak/projects/GP/runs/9000/4/cand_005 with fv_app_run_unsteady.sh
Return code = 0
Elapsed: 421.17 sec
has_err = True
has_conv = False
has_ss = False
has_fin = True
Steady failed; trying unsteady fallback
Running case in: /homes/aiskhak/projects/GP/runs/9000/4/cand_000 with fv_app_run_unsteady.sh
Return code = 0
Elapsed: 722.65 sec
has_err = False
has_conv = True
has_ss = True
has_fin = True
Using VPP file: /homes/aiskhak/projects/GP/runs/9000/4/cand_001/tamu_2d_fv_gp_csv_vpp_0027.csv
VPP columns: ('id', 'u', 'v', 'x', 'y', 'z')
coordinate check: max |r_res-r_cg| = 5.000444502911705e-12
coordinate check: max |z_res-z_cg| = 5.000444502911705e-12
Return code = 0
Elapsed: 728.38 sec
has_err = False
has_conv = True
has_ss = True
has_fin = True
Using VPP file: /homes/aiskhak/projects/GP/runs/9000/4/cand_005/tamu_2d_fv_gp_csv_vpp_0028.csv
VPP columns: ('id', 'u', 'v', 'x', 'y', 'z')
coordinate check: max |r_res-r_cg| = 5.000444502911705e-12
coordinate check: max |z_res-z_cg| = 5.000444502911705e-12
Return code = 0
Elapsed: 758.39 sec
has_err = False
has_conv = True
has_ss = True
has_fin = True
Using VPP file: /homes/aiskhak/projects/GP/runs/9000/4/cand_000/tamu_2d_fv_gp_csv_vpp_0028.csv
VPP columns: ('id', 'u', 'v', 'x', 'y', 'z')
coordinate check: max |r_res-r_cg| = 5.000444502911705e-12
coordinate check: max |z_res-z_cg| = 5.000444502911705e-12

===== LIVE CHECKPOINT =====
Chunk 1, stage refine_train, candidate batch starting 0, case batch 12/18
Completed result rows: 128
Current best partial candidates:
  n_cases= 16, mean=0.50214497, raw = -1*eta_h + -5*eta_y + -0.16
  n_cases= 16, mean=0.50221122, raw = -1*eta_h + -5*eta_y + -0.14
  n_cases= 16, mean=0.50414111, raw = -1*eta_h + -5*eta_y + -0.2
  n_cases= 16, mean=0.50621125, raw = -1*eta_h + -5.3*eta_y + -0.14
  n_cases= 16, mean=0.50645547, raw = -1*eta_h + -5.3*eta_y + -0.16
Checkpoint details: /homes/aiskhak/projects/GP/linear_results_linear_refine_best_screen_C1etaH_C2etaY_C3_CeffMin005_chunk1/linear_refine_best_screen_C1etaH_C2etaY_C3_CeffMin005_chunk1_refine_train_details_checkpoint.csv
Checkpoint summary: /homes/aiskhak/projects/GP/linear_results_linear_refine_best_screen_C1etaH_C2etaY_C3_CeffMin005_chunk1/linear_refine_best_screen_C1etaH_C2etaY_C3_CeffMin005_chunk1_refine_train_summary_checkpoint.csv
===========================


===== Stage refine_train, candidate batch starting 0, case batch 13/18 =====
Running 16 tasks with 64 MPI ranks

===== Linear candidate local_id=000, RE=10622, CG=1 =====
raw = -1*eta_h + -5.3*eta_y + -0.2
raw min/max = -5.522772529311599 -0.3242618675381106
C_eff min/max = 0.020501960114392846 0.16036110826517647
lm min/max = 0.01576751510712607 0.10527252505134403

===== Linear candidate local_id=001, RE=10622, CG=1 =====
raw = -1*eta_h + -5.3*eta_y + -0.16

===== Linear candidate local_id=000, RE=10622, CG=2 =====
raw = -1*eta_h + -5.3*eta_y + -0.2
raw min/max = -5.482772529311599 -0.2842618675381106
C_eff min/max = 0.020502123372205142 0.17889586346459374
lm min/max = 0.017589945968170196 0.10527336334007541
raw min/max = -5.511314138253861 -0.2622205577689005
C_eff min/max = 0.020502005554047735 0.19021163545462205
lm min/max = 0.009431836846436139 0.10584220142973741

===== Linear candidate local_id=001, RE=10622, CG=2 =====
raw = -1*eta_h + -5.3*eta_y + -0.16
raw min/max = -5.471314138253861 -0.2222205577689005
C_eff min/max = 0.020502172596659794 0.21297818258278278
lm min/max = 0.010560739174394613 0.10584306379209246

===== Linear candidate local_id=002, RE=10622, CG=1 =====
raw = -1*eta_h + -5.3*eta_y + -0.14

===== Linear candidate local_id=002, RE=10622, CG=2 =====
raw = -1*eta_h + -5.3*eta_y + -0.14
raw min/max = -5.451314138253861 -0.20222055776890052
raw min/max = -5.462772529311598 -0.2642618675381106
C_eff min/max = 0.0205022612652691 0.22553679295491294
lm min/max = 0.011183470605964425 0.10584352154637323
C_eff min/max = 0.020502210031780394 0.1891285669448726
lm min/max = 0.018596077120901045 0.1052738083156902

===== Linear candidate local_id=003, RE=10622, CG=1 =====
raw = -1*eta_h + -5.3*eta_y + -0.12
raw min/max = -5.442772529311599 -0.24426186753811058
C_eff min/max = 0.020502300228259166 0.20006208651227847
lm min/max = 0.019671116055329306 0.10527427145243509

===== Linear candidate local_id=004, RE=10622, CG=1 =====

===== Linear candidate local_id=003, RE=10622, CG=2 =====
raw = -1*eta_h + -5.3*eta_y + -0.08
raw = -1*eta_h + -5.3*eta_y + -0.12
raw min/max = -5.402772529311599 -0.2042618675381106
C_eff min/max = 0.02050249181528215 0.22421690204084707
lm min/max = 0.022046139668453434 0.10527525520469896
raw min/max = -5.431314138253861 -0.1822205577689005
C_eff min/max = 0.0205023535527843 0.2389455915604169
lm min/max = 0.011848359483301296 0.10584399798336118

===== Linear candidate local_id=004, RE=10622, CG=2 =====
raw = -1*eta_h + -5.3*eta_y + -0.08

===== Linear candidate local_id=005, RE=10622, CG=1 =====
raw = -1*eta_h + -5*eta_y + -0.2
raw min/max = -5.222772529311599 -0.31851718801585527
C_eff min/max = 0.020503571654799026 0.16287380626669679
lm min/max = 0.016014576281292457 0.10528079991515385
raw min/max = -5.391314138253861 -0.14222055776890052
C_eff min/max = 0.02050254958141439 0.2685271298399287
lm min/max = 0.013315190058897301 0.10584500998687946

===== Linear candidate local_id=005, RE=10622, CG=2 =====
raw = -1*eta_h + -5*eta_y + -0.2

===== Linear candidate local_id=006, RE=10622, CG=1 =====
raw = -1*eta_h + -5*eta_y + -0.16
raw min/max = -5.182772529311599 -0.27851718801585523
raw min/max = -5.2113141382538615 -0.25933906232465304
C_eff min/max = 0.020503869146153843 0.18176588913878927
C_eff min/max = 0.020503654455634315 0.19175300092979466
lm min/max = 0.017872141406111958 0.10528232746012652
lm min/max = 0.009508267016692605 0.10585071393225355

===== Linear candidate local_id=006, RE=10622, CG=2 =====
raw = -1*eta_h + -5*eta_y + -0.16

===== Linear candidate local_id=007, RE=10622, CG=1 =====
raw = -1*eta_h + -5*eta_y + -0.14
raw min/max = -5.1627725293115985 -0.2585171880158552
C_eff min/max = 0.020504027059335062 0.1921953385699531
lm min/max = 0.018897617615673636 0.10528313830549121
raw min/max = -5.171314138253861 -0.21933906232465303
C_eff min/max = 0.02050395884410494 0.21473709266377078
lm min/max = 0.010647956514552482 0.10585228534660791

===== Linear candidate local_id=007, RE=10622, CG=2 =====
raw = -1*eta_h + -5*eta_y + -0.14
raw min/max = -5.151314138253861 -0.19933906232465304
C_eff min/max = 0.020504120418413527 0.22741502420021925
lm min/max = 0.011276604607064132 0.10585311947868685
Running case in: /homes/aiskhak/projects/GP/runs/10622/1/cand_005 with fv_app_run.sh
Running case in: /homes/aiskhak/projects/GP/runs/10622/1/cand_004 with fv_app_run.sh
Running case in: /homes/aiskhak/projects/GP/runs/10622/1/cand_000 with fv_app_run.sh
Running case in: /homes/aiskhak/projects/GP/runs/10622/1/cand_006 with fv_app_run.sh
Running case in: /homes/aiskhak/projects/GP/runs/10622/1/cand_001 with fv_app_run.sh
Running case in: /homes/aiskhak/projects/GP/runs/10622/1/cand_002 with fv_app_run.sh
Running case in: /homes/aiskhak/projects/GP/runs/10622/1/cand_003 with fv_app_run.sh
Running case in: /homes/aiskhak/projects/GP/runs/10622/1/cand_007 with fv_app_run.sh
Running case in: /homes/aiskhak/projects/GP/runs/10622/2/cand_006 with fv_app_run.sh
Running case in: /homes/aiskhak/projects/GP/runs/10622/2/cand_003 with fv_app_run.sh
Running case in: /homes/aiskhak/projects/GP/runs/10622/2/cand_001 with fv_app_run.sh
Running case in: /homes/aiskhak/projects/GP/runs/10622/2/cand_007 with fv_app_run.sh
Running case in: /homes/aiskhak/projects/GP/runs/10622/2/cand_004 with fv_app_run.sh
Running case in: /homes/aiskhak/projects/GP/runs/10622/2/cand_002 with fv_app_run.sh
Running case in: /homes/aiskhak/projects/GP/runs/10622/2/cand_000 with fv_app_run.sh
Running case in: /homes/aiskhak/projects/GP/runs/10622/2/cand_005 with fv_app_run.sh
Return code = 0
Elapsed: 16.22 sec
has_err = False
has_conv = True
has_ss = False
has_fin = True
Using VPP file: /homes/aiskhak/projects/GP/runs/10622/1/cand_002/tamu_2d_fv_gp_csv_vpp_0002.csv
VPP columns: ('id', 'u', 'v', 'x', 'y', 'z')
coordinate check: max |r_res-r_cg| = 5.000444502911705e-12
coordinate check: max |z_res-z_cg| = 5.000444502911705e-12
Return code = 0
Elapsed: 16.58 sec
has_err = False
has_conv = True
has_ss = False
has_fin = True
Using VPP file: /homes/aiskhak/projects/GP/runs/10622/1/cand_000/tamu_2d_fv_gp_csv_vpp_0002.csv
Return code = 0
Elapsed: 16.68 sec
has_err = False
has_conv = True
has_ss = False
has_fin = True
Using VPP file: /homes/aiskhak/projects/GP/runs/10622/1/cand_006/tamu_2d_fv_gp_csv_vpp_0002.csv
VPP columns: ('id', 'u', 'v', 'x', 'y', 'z')
coordinate check: max |r_res-r_cg| = 5.000444502911705e-12
coordinate check: max |z_res-z_cg| = 5.000444502911705e-12
VPP columns: ('id', 'u', 'v', 'x', 'y', 'z')
coordinate check: max |r_res-r_cg| = 5.000444502911705e-12
coordinate check: max |z_res-z_cg| = 5.000444502911705e-12
Return code = 0
Elapsed: 19.44 sec
has_err = False
has_conv = True
has_ss = False
has_fin = True
Using VPP file: /homes/aiskhak/projects/GP/runs/10622/1/cand_003/tamu_2d_fv_gp_csv_vpp_0002.csv
VPP columns: ('id', 'u', 'v', 'x', 'y', 'z')
coordinate check: max |r_res-r_cg| = 5.000444502911705e-12
coordinate check: max |z_res-z_cg| = 5.000444502911705e-12
Return code = 0
Return code = 0
Elapsed: 21.26 sec
Elapsed: 21.19 sec
has_err = False
has_conv = True
has_ss = False
has_fin = True
has_err = False
has_conv = True
has_ss = False
has_fin = True
Using VPP file: /homes/aiskhak/projects/GP/runs/10622/1/cand_004/tamu_2d_fv_gp_csv_vpp_0002.csv
Using VPP file: /homes/aiskhak/projects/GP/runs/10622/1/cand_007/tamu_2d_fv_gp_csv_vpp_0002.csv
VPP columns: ('id', 'u', 'v', 'x', 'y', 'z')
coordinate check: max |r_res-r_cg| = 5.000444502911705e-12
coordinate check: max |z_res-z_cg| = 5.000444502911705e-12
Return code = 0
Elapsed: 21.12 sec
has_err = False
has_conv = True
has_ss = False
has_fin = True
Using VPP file: /homes/aiskhak/projects/GP/runs/10622/2/cand_001/tamu_2d_fv_gp_csv_vpp_0002.csv
VPP columns: ('id', 'u', 'v', 'x', 'y', 'z')
coordinate check: max |r_res-r_cg| = 5.000444502911705e-12
coordinate check: max |z_res-z_cg| = 5.000444502911705e-12
Return code = 0
Elapsed: 21.76 sec
has_err = False
has_conv = True
has_ss = False
has_fin = True
Using VPP file: /homes/aiskhak/projects/GP/runs/10622/1/cand_001/tamu_2d_fv_gp_csv_vpp_0002.csv
VPP columns: ('id', 'u', 'v', 'x', 'y', 'z')
coordinate check: max |r_res-r_cg| = 5.000444502911705e-12
coordinate check: max |z_res-z_cg| = 5.000444502911705e-12
Return code = 0
Elapsed: 22.82 sec
has_err = False
has_conv = True
has_ss = False
has_fin = True
Using VPP file: /homes/aiskhak/projects/GP/runs/10622/1/cand_005/tamu_2d_fv_gp_csv_vpp_0002.csv
VPP columns: ('id', 'u', 'v', 'x', 'y', 'z')
coordinate check: max |r_res-r_cg| = 5.000444502911705e-12
coordinate check: max |z_res-z_cg| = 5.000444502911705e-12
VPP columns: ('id', 'u', 'v', 'x', 'y', 'z')
coordinate check: max |r_res-r_cg| = 5.000444502911705e-12
coordinate check: max |z_res-z_cg| = 5.000444502911705e-12
Return code = 0
Elapsed: 23.77 sec
has_err = False
has_conv = True
has_ss = False
has_fin = True
Using VPP file: /homes/aiskhak/projects/GP/runs/10622/2/cand_004/tamu_2d_fv_gp_csv_vpp_0002.csv
VPP columns: ('id', 'u', 'v', 'x', 'y', 'z')
coordinate check: max |r_res-r_cg| = 5.000444502911705e-12
coordinate check: max |z_res-z_cg| = 5.000444502911705e-12
Return code = 0
Elapsed: 26.74 sec
has_err = False
has_conv = True
has_ss = False
has_fin = True
Using VPP file: /homes/aiskhak/projects/GP/runs/10622/2/cand_006/tamu_2d_fv_gp_csv_vpp_0002.csv
Return code = 0
Elapsed: 27.0 sec
has_err = False
has_conv = True
has_ss = False
has_fin = True
Using VPP file: /homes/aiskhak/projects/GP/runs/10622/2/cand_003/tamu_2d_fv_gp_csv_vpp_0002.csv
VPP columns: ('id', 'u', 'v', 'x', 'y', 'z')
coordinate check: max |r_res-r_cg| = 5.000444502911705e-12
coordinate check: max |z_res-z_cg| = 5.000444502911705e-12
Return code = 0
Elapsed: 27.86 sec
has_err = False
has_conv = True
has_ss = False
has_fin = True
Using VPP file: /homes/aiskhak/projects/GP/runs/10622/2/cand_007/tamu_2d_fv_gp_csv_vpp_0002.csv
VPP columns: ('id', 'u', 'v', 'x', 'y', 'z')
coordinate check: max |r_res-r_cg| = 5.000444502911705e-12
coordinate check: max |z_res-z_cg| = 5.000444502911705e-12
VPP columns: ('id', 'u', 'v', 'x', 'y', 'z')
coordinate check: max |r_res-r_cg| = 5.000444502911705e-12
coordinate check: max |z_res-z_cg| = 5.000444502911705e-12
Return code = 0
Elapsed: 28.68 sec
has_err = False
has_conv = True
has_ss = False
has_fin = True
Using VPP file: /homes/aiskhak/projects/GP/runs/10622/2/cand_002/tamu_2d_fv_gp_csv_vpp_0002.csv
Return code = 0
Elapsed: 28.78 sec
has_err = False
has_conv = True
has_ss = False
has_fin = True
Using VPP file: /homes/aiskhak/projects/GP/runs/10622/2/cand_005/tamu_2d_fv_gp_csv_vpp_0002.csv
VPP columns: ('id', 'u', 'v', 'x', 'y', 'z')
coordinate check: max |r_res-r_cg| = 5.000444502911705e-12
coordinate check: max |z_res-z_cg| = 5.000444502911705e-12
Return code = 0
Elapsed: 29.34 sec
has_err = False
has_conv = True
has_ss = False
has_fin = True
Using VPP file: /homes/aiskhak/projects/GP/runs/10622/2/cand_000/tamu_2d_fv_gp_csv_vpp_0002.csv
VPP columns: ('id', 'u', 'v', 'x', 'y', 'z')
coordinate check: max |r_res-r_cg| = 5.000444502911705e-12
coordinate check: max |z_res-z_cg| = 5.000444502911705e-12
VPP columns: ('id', 'u', 'v', 'x', 'y', 'z')
coordinate check: max |r_res-r_cg| = 5.000444502911705e-12
coordinate check: max |z_res-z_cg| = 5.000444502911705e-12

===== LIVE CHECKPOINT =====
Chunk 1, stage refine_train, candidate batch starting 0, case batch 13/18
Completed result rows: 144
Current best partial candidates:
  n_cases= 18, mean=0.46623045, raw = -1*eta_h + -5*eta_y + -0.16
  n_cases= 18, mean=0.46663124, raw = -1*eta_h + -5*eta_y + -0.14
  n_cases= 18, mean=0.46764129, raw = -1*eta_h + -5*eta_y + -0.2
  n_cases= 18, mean=0.47094882, raw = -1*eta_h + -5.3*eta_y + -0.16
  n_cases= 18, mean=0.47122177, raw = -1*eta_h + -5.3*eta_y + -0.14
Checkpoint details: /homes/aiskhak/projects/GP/linear_results_linear_refine_best_screen_C1etaH_C2etaY_C3_CeffMin005_chunk1/linear_refine_best_screen_C1etaH_C2etaY_C3_CeffMin005_chunk1_refine_train_details_checkpoint.csv
Checkpoint summary: /homes/aiskhak/projects/GP/linear_results_linear_refine_best_screen_C1etaH_C2etaY_C3_CeffMin005_chunk1/linear_refine_best_screen_C1etaH_C2etaY_C3_CeffMin005_chunk1_refine_train_summary_checkpoint.csv
===========================


===== Stage refine_train, candidate batch starting 0, case batch 14/18 =====
Running 8 tasks with 64 MPI ranks

===== Linear candidate local_id=001, RE=10622, CG=3 =====

===== Linear candidate local_id=000, RE=10622, CG=3 =====
raw = -1*eta_h + -5.3*eta_y + -0.16
raw = -1*eta_h + -5.3*eta_y + -0.2

===== Linear candidate local_id=002, RE=10622, CG=3 =====
raw = -1*eta_h + -5.3*eta_y + -0.14

===== Linear candidate local_id=003, RE=10622, CG=3 =====
raw = -1*eta_h + -5.3*eta_y + -0.12
raw min/max = -5.465654205551524 -0.19120028861365534
C_eff min/max = 0.020502197330768877 0.2328167297552394
lm min/max = 0.005796461101578315 0.10590115580508098
raw min/max = -5.505654205551524 -0.23120028861365535
raw min/max = -5.445654205551524 -0.17120028861365535
C_eff min/max = 0.020502028386383507 0.20760258769830214
C_eff min/max = 0.020502287008870898 0.24671640961289032
lm min/max = 0.005168702117950475 0.10590028314712199
lm min/max = 0.0061425228030031545 0.10590161902443748
raw min/max = -5.425654205551524 -0.15120028861365534
C_eff min/max = 0.020502380347083217 0.26154910605869763
lm min/max = 0.006511813910519478 0.10590210114956806

===== Linear candidate local_id=004, RE=10622, CG=3 =====
raw = -1*eta_h + -5.3*eta_y + -0.08
raw min/max = -5.385654205551524 -0.11120028861365536
C_eff min/max = 0.020502578607517842 0.2942404234630877
lm min/max = 0.007325732866829502 0.10590312523536914

===== Linear candidate local_id=005, RE=10622, CG=3 =====
raw = -1*eta_h + -5*eta_y + -0.2

===== Linear candidate local_id=006, RE=10622, CG=3 =====
raw = -1*eta_h + -5*eta_y + -0.16
raw min/max = -5.205654205551524 -0.2297542839120253
C_eff min/max = 0.020503696061104273 0.2084575163528073
lm min/max = 0.005189987361049944 0.10590889728138218
raw min/max = -5.165654205551524 -0.18975428391202528
C_eff min/max = 0.020504003915220764 0.23379156660215636
lm min/max = 0.0058207317107801535 0.10591048745760719

===== Linear candidate local_id=007, RE=10622, CG=3 =====
raw = -1*eta_h + -5*eta_y + -0.14
raw min/max = -5.145654205551524 -0.1697542839120253
C_eff min/max = 0.020504167329164144 0.2477568658138821
lm min/max = 0.006168427143740545 0.10591133154886236
Running case in: /homes/aiskhak/projects/GP/runs/10622/3/cand_003 with fv_app_run.sh
Running case in: /homes/aiskhak/projects/GP/runs/10622/3/cand_002 with fv_app_run.sh
Running case in: /homes/aiskhak/projects/GP/runs/10622/3/cand_001 with fv_app_run.sh
Running case in: /homes/aiskhak/projects/GP/runs/10622/3/cand_006 with fv_app_run.sh
Running case in: /homes/aiskhak/projects/GP/runs/10622/3/cand_000 with fv_app_run.sh
Running case in: /homes/aiskhak/projects/GP/runs/10622/3/cand_005 with fv_app_run.sh
Running case in: /homes/aiskhak/projects/GP/runs/10622/3/cand_004 with fv_app_run.sh
Running case in: /homes/aiskhak/projects/GP/runs/10622/3/cand_007 with fv_app_run.sh
Return code = 0
Elapsed: 40.64 sec
has_err = False
has_conv = True
has_ss = False
has_fin = True
Using VPP file: /homes/aiskhak/projects/GP/runs/10622/3/cand_001/tamu_2d_fv_gp_csv_vpp_0002.csv
Return code = 0
Elapsed: 41.17 sec
has_err = False
has_conv = True
has_ss = False
has_fin = True
Using VPP file: /homes/aiskhak/projects/GP/runs/10622/3/cand_003/tamu_2d_fv_gp_csv_vpp_0002.csv
Return code = 0
Elapsed: 41.36 sec
has_err = False
has_conv = True
has_ss = False
has_fin = True
Using VPP file: /homes/aiskhak/projects/GP/runs/10622/3/cand_004/tamu_2d_fv_gp_csv_vpp_0002.csv
Return code = 0
Elapsed: 43.2 sec
has_err = False
has_conv = True
has_ss = False
has_fin = True
Using VPP file: /homes/aiskhak/projects/GP/runs/10622/3/cand_002/tamu_2d_fv_gp_csv_vpp_0002.csv
VPP columns: ('id', 'u', 'v', 'x', 'y', 'z')
coordinate check: max |r_res-r_cg| = 5.000444502911705e-12
coordinate check: max |z_res-z_cg| = 5.000444502911705e-12
Return code = 0
Elapsed: 42.97 sec
has_err = False
has_conv = True
has_ss = False
has_fin = True
Using VPP file: /homes/aiskhak/projects/GP/runs/10622/3/cand_007/tamu_2d_fv_gp_csv_vpp_0002.csv
Return code = 0
Elapsed: 43.95 sec
has_err = False
has_conv = True
has_ss = False
has_fin = True
VPP columns: ('id', 'u', 'v', 'x', 'y', 'z')
coordinate check: max |r_res-r_cg| = 5.000444502911705e-12
coordinate check: max |z_res-z_cg| = 5.000444502911705e-12
Using VPP file: /homes/aiskhak/projects/GP/runs/10622/3/cand_006/tamu_2d_fv_gp_csv_vpp_0002.csv
VPP columns: ('id', 'u', 'v', 'x', 'y', 'z')
coordinate check: max |r_res-r_cg| = 5.000444502911705e-12
coordinate check: max |z_res-z_cg| = 5.000444502911705e-12
VPP columns: ('id', 'u', 'v', 'x', 'y', 'z')
coordinate check: max |r_res-r_cg| = 5.000444502911705e-12
coordinate check: max |z_res-z_cg| = 5.000444502911705e-12
Return code = 0
Elapsed: 44.96 sec
has_err = False
has_conv = True
has_ss = False
has_fin = True
Using VPP file: /homes/aiskhak/projects/GP/runs/10622/3/cand_005/tamu_2d_fv_gp_csv_vpp_0002.csv
VPP columns: ('id', 'u', 'v', 'x', 'y', 'z')
coordinate check: max |r_res-r_cg| = 5.000444502911705e-12
coordinate check: max |z_res-z_cg| = 5.000444502911705e-12
VPP columns: ('id', 'u', 'v', 'x', 'y', 'z')
coordinate check: max |r_res-r_cg| = 5.000444502911705e-12
coordinate check: max |z_res-z_cg| = 5.000444502911705e-12
VPP columns: ('id', 'u', 'v', 'x', 'y', 'z')
coordinate check: max |r_res-r_cg| = 5.000444502911705e-12
coordinate check: max |z_res-z_cg| = 5.000444502911705e-12
Return code = 0
Elapsed: 48.89 sec
has_err = False
has_conv = True
has_ss = False
has_fin = True
Using VPP file: /homes/aiskhak/projects/GP/runs/10622/3/cand_000/tamu_2d_fv_gp_csv_vpp_0002.csv
VPP columns: ('id', 'u', 'v', 'x', 'y', 'z')
coordinate check: max |r_res-r_cg| = 5.000444502911705e-12
coordinate check: max |z_res-z_cg| = 5.000444502911705e-12

===== LIVE CHECKPOINT =====
Chunk 1, stage refine_train, candidate batch starting 0, case batch 14/18
Completed result rows: 152
Current best partial candidates:
  n_cases= 19, mean=0.46351083, raw = -1*eta_h + -5*eta_y + -0.16
  n_cases= 19, mean=0.46351745, raw = -1*eta_h + -5*eta_y + -0.14
  n_cases= 19, mean=0.46559449, raw = -1*eta_h + -5*eta_y + -0.2
  n_cases= 19, mean=0.46800576, raw = -1*eta_h + -5.3*eta_y + -0.14
  n_cases= 19, mean=0.46815200, raw = -1*eta_h + -5.3*eta_y + -0.16
Checkpoint details: /homes/aiskhak/projects/GP/linear_results_linear_refine_best_screen_C1etaH_C2etaY_C3_CeffMin005_chunk1/linear_refine_best_screen_C1etaH_C2etaY_C3_CeffMin005_chunk1_refine_train_details_checkpoint.csv
Checkpoint summary: /homes/aiskhak/projects/GP/linear_results_linear_refine_best_screen_C1etaH_C2etaY_C3_CeffMin005_chunk1/linear_refine_best_screen_C1etaH_C2etaY_C3_CeffMin005_chunk1_refine_train_summary_checkpoint.csv
===========================


===== Stage refine_train, candidate batch starting 0, case batch 15/18 =====
Running 8 tasks with 96 MPI ranks

===== Linear candidate local_id=000, RE=10622, CG=4 =====
raw = -1*eta_h + -5.3*eta_y + -0.2

===== Linear candidate local_id=001, RE=10622, CG=4 =====
raw = -1*eta_h + -5.3*eta_y + -0.16

===== Linear candidate local_id=002, RE=10622, CG=4 =====
raw = -1*eta_h + -5.3*eta_y + -0.14
raw min/max = -5.462820598169251 -0.17559042561084168
raw min/max = -5.502820598169251 -0.21559042561084168
C_eff min/max = 0.02050220981931557 0.24358732591246685
C_eff min/max = 0.020502039914701634 0.21705040090160646
lm min/max = 0.0030385933866069943 0.10614741326104471
lm min/max = 0.0027075625148782153 0.10614653360292838
raw min/max = -5.44282059816925 -0.1555904256108417
C_eff min/max = 0.020502300007122838 0.25821047999725755
lm min/max = 0.003221007718415651 0.10614788019619627

===== Linear candidate local_id=003, RE=10622, CG=4 =====
raw = -1*eta_h + -5.3*eta_y + -0.12
raw min/max = -5.422820598169251 -0.13559042561084167
C_eff min/max = 0.02050239387584504 0.27381032630591273
lm min/max = 0.0034156056501758567 0.10614836618878612

===== Linear candidate local_id=004, RE=10622, CG=4 =====
raw = -1*eta_h + -5.3*eta_y + -0.08
raw min/max = -5.382820598169251 -0.09559042561084169
C_eff min/max = 0.020502593263145238 0.3081734821692352
lm min/max = 0.0038442636592003437 0.10614939848951563

===== Linear candidate local_id=005, RE=10622, CG=4 =====
raw = -1*eta_h + -5*eta_y + -0.2
raw min/max = -5.202820598169251 -0.21486760518961956
C_eff min/max = 0.020503717068210976 0.21749974446262496
lm min/max = 0.0027131677834106014 0.10615521683796632

===== Linear candidate local_id=006, RE=10622, CG=4 =====
raw = -1*eta_h + -5*eta_y + -0.16
raw min/max = -5.162820598169251 -0.17486760518961955
C_eff min/max = 0.02050402667217606 0.24409945189186216
lm min/max = 0.0030449818249556277 0.10615681977054377

===== Linear candidate local_id=007, RE=10622, CG=4 =====
raw = -1*eta_h + -5*eta_y + -0.14
raw min/max = -5.1428205981692505 -0.15486760518961956
C_eff min/max = 0.02050419101497453 0.2587569211181037
lm min/max = 0.0032278242158247567 0.10615767063311415
Running case in: /homes/aiskhak/projects/GP/runs/10622/4/cand_005 with fv_app_run.sh
Running case in: /homes/aiskhak/projects/GP/runs/10622/4/cand_006 with fv_app_run.sh
Running case in: /homes/aiskhak/projects/GP/runs/10622/4/cand_007 with fv_app_run.sh
Running case in: /homes/aiskhak/projects/GP/runs/10622/4/cand_002 with fv_app_run.sh
Running case in: /homes/aiskhak/projects/GP/runs/10622/4/cand_003 with fv_app_run.sh
Running case in: /homes/aiskhak/projects/GP/runs/10622/4/cand_000 with fv_app_run.sh
Running case in: /homes/aiskhak/projects/GP/runs/10622/4/cand_001 with fv_app_run.sh
Running case in: /homes/aiskhak/projects/GP/runs/10622/4/cand_004 with fv_app_run.sh
Return code = 0
Elapsed: 106.93 sec
has_err = False
has_conv = True
has_ss = False
has_fin = True
Using VPP file: /homes/aiskhak/projects/GP/runs/10622/4/cand_004/tamu_2d_fv_gp_csv_vpp_0002.csv
VPP columns: ('id', 'u', 'v', 'x', 'y', 'z')
coordinate check: max |r_res-r_cg| = 5.000444502911705e-12
coordinate check: max |z_res-z_cg| = 5.000444502911705e-12
Return code = 0
Elapsed: 128.44 sec
has_err = False
has_conv = True
has_ss = False
has_fin = True
Using VPP file: /homes/aiskhak/projects/GP/runs/10622/4/cand_003/tamu_2d_fv_gp_csv_vpp_0002.csv
VPP columns: ('id', 'u', 'v', 'x', 'y', 'z')
coordinate check: max |r_res-r_cg| = 5.000444502911705e-12
coordinate check: max |z_res-z_cg| = 5.000444502911705e-12
Return code = 0
Elapsed: 132.87 sec
has_err = False
has_conv = True
has_ss = False
has_fin = True
Using VPP file: /homes/aiskhak/projects/GP/runs/10622/4/cand_007/tamu_2d_fv_gp_csv_vpp_0002.csv
VPP columns: ('id', 'u', 'v', 'x', 'y', 'z')
coordinate check: max |r_res-r_cg| = 5.000444502911705e-12
coordinate check: max |z_res-z_cg| = 5.000444502911705e-12
Return code = 0
Elapsed: 148.37 sec
has_err = False
has_conv = True
has_ss = False
has_fin = True
Using VPP file: /homes/aiskhak/projects/GP/runs/10622/4/cand_006/tamu_2d_fv_gp_csv_vpp_0002.csv
Return code = 0
Elapsed: 150.77 sec
has_err = False
has_conv = True
has_ss = False
has_fin = True
Using VPP file: /homes/aiskhak/projects/GP/runs/10622/4/cand_002/tamu_2d_fv_gp_csv_vpp_0002.csv
VPP columns: ('id', 'u', 'v', 'x', 'y', 'z')
coordinate check: max |r_res-r_cg| = 5.000444502911705e-12
coordinate check: max |z_res-z_cg| = 5.000444502911705e-12
Return code = 0
Elapsed: 167.04 sec
has_err = False
has_conv = True
has_ss = False
has_fin = True
Using VPP file: /homes/aiskhak/projects/GP/runs/10622/4/cand_001/tamu_2d_fv_gp_csv_vpp_0002.csv
VPP columns: ('id', 'u', 'v', 'x', 'y', 'z')
coordinate check: max |r_res-r_cg| = 5.000444502911705e-12
coordinate check: max |z_res-z_cg| = 5.000444502911705e-12
VPP columns: ('id', 'u', 'v', 'x', 'y', 'z')
coordinate check: max |r_res-r_cg| = 5.000444502911705e-12
coordinate check: max |z_res-z_cg| = 5.000444502911705e-12
Return code = 0
Elapsed: 386.43 sec
has_err = True
has_conv = False
has_ss = False
has_fin = True
Steady failed; trying unsteady fallback
Running case in: /homes/aiskhak/projects/GP/runs/10622/4/cand_005 with fv_app_run_unsteady.sh
Return code = 0
Elapsed: 475.67 sec
has_err = True
has_conv = False
has_ss = False
has_fin = True
Steady failed; trying unsteady fallback
Running case in: /homes/aiskhak/projects/GP/runs/10622/4/cand_000 with fv_app_run_unsteady.sh
Return code = 0
Elapsed: 956.2 sec
has_err = False
has_conv = True
has_ss = True
has_fin = True
Using VPP file: /homes/aiskhak/projects/GP/runs/10622/4/cand_005/tamu_2d_fv_gp_csv_vpp_0030.csv
VPP columns: ('id', 'u', 'v', 'x', 'y', 'z')
coordinate check: max |r_res-r_cg| = 5.000444502911705e-12
coordinate check: max |z_res-z_cg| = 5.000444502911705e-12
Return code = 0
Elapsed: 936.16 sec
has_err = False
has_conv = True
has_ss = True
has_fin = True
Using VPP file: /homes/aiskhak/projects/GP/runs/10622/4/cand_000/tamu_2d_fv_gp_csv_vpp_0030.csv
VPP columns: ('id', 'u', 'v', 'x', 'y', 'z')
coordinate check: max |r_res-r_cg| = 5.000444502911705e-12
coordinate check: max |z_res-z_cg| = 5.000444502911705e-12

===== LIVE CHECKPOINT =====
Chunk 1, stage refine_train, candidate batch starting 0, case batch 15/18
Completed result rows: 160
Current best partial candidates:
  n_cases= 20, mean=0.46425820, raw = -1*eta_h + -5*eta_y + -0.14
  n_cases= 20, mean=0.46490804, raw = -1*eta_h + -5*eta_y + -0.16
  n_cases= 20, mean=0.46828694, raw = -1*eta_h + -5*eta_y + -0.2
  n_cases= 20, mean=0.46875040, raw = -1*eta_h + -5.3*eta_y + -0.12
  n_cases= 20, mean=0.46890123, raw = -1*eta_h + -5.3*eta_y + -0.14
Checkpoint details: /homes/aiskhak/projects/GP/linear_results_linear_refine_best_screen_C1etaH_C2etaY_C3_CeffMin005_chunk1/linear_refine_best_screen_C1etaH_C2etaY_C3_CeffMin005_chunk1_refine_train_details_checkpoint.csv
Checkpoint summary: /homes/aiskhak/projects/GP/linear_results_linear_refine_best_screen_C1etaH_C2etaY_C3_CeffMin005_chunk1/linear_refine_best_screen_C1etaH_C2etaY_C3_CeffMin005_chunk1_refine_train_summary_checkpoint.csv
===========================


===== Stage refine_train, candidate batch starting 0, case batch 16/18 =====
Running 16 tasks with 64 MPI ranks

===== Linear candidate local_id=000, RE=14000, CG=1 =====
raw = -1*eta_h + -5.3*eta_y + -0.2
raw min/max = -5.522772529311599 -0.3242618675381106
C_eff min/max = 0.020501960114392846 0.16036110826517647
lm min/max = 0.01576751510712607 0.10527252505134403
Running case in: /homes/aiskhak/projects/GP/runs/14000/1/cand_000 with fv_app_run.sh

===== Linear candidate local_id=000, RE=14000, CG=2 =====
raw = -1*eta_h + -5.3*eta_y + -0.2
raw min/max = -5.511314138253861 -0.2622205577689005
C_eff min/max = 0.020502005554047735 0.19021163545462205
lm min/max = 0.009431836846436139 0.10584220142973741

===== Linear candidate local_id=001, RE=14000, CG=1 =====
raw = -1*eta_h + -5.3*eta_y + -0.16
raw min/max = -5.482772529311599 -0.2842618675381106
C_eff min/max = 0.020502123372205142 0.17889586346459374
lm min/max = 0.017589945968170196 0.10527336334007541

===== Linear candidate local_id=002, RE=14000, CG=1 =====

===== Linear candidate local_id=001, RE=14000, CG=2 =====
raw = -1*eta_h + -5.3*eta_y + -0.14
raw = -1*eta_h + -5.3*eta_y + -0.16
raw min/max = -5.462772529311598 -0.2642618675381106
C_eff min/max = 0.020502210031780394 0.1891285669448726
lm min/max = 0.018596077120901045 0.1052738083156902

===== Linear candidate local_id=002, RE=14000, CG=2 =====
raw = -1*eta_h + -5.3*eta_y + -0.14

===== Linear candidate local_id=003, RE=14000, CG=1 =====
raw = -1*eta_h + -5.3*eta_y + -0.12
raw min/max = -5.471314138253861 -0.2222205577689005
C_eff min/max = 0.020502172596659794 0.21297818258278278
lm min/max = 0.010560739174394613 0.10584306379209246

===== Linear candidate local_id=003, RE=14000, CG=2 =====
raw = -1*eta_h + -5.3*eta_y + -0.12
raw min/max = -5.442772529311599 -0.24426186753811058
C_eff min/max = 0.020502300228259166 0.20006208651227847
lm min/max = 0.019671116055329306 0.10527427145243509
raw min/max = -5.451314138253861 -0.20222055776890052
C_eff min/max = 0.0205022612652691 0.22553679295491294
lm min/max = 0.011183470605964425 0.10584352154637323
raw min/max = -5.431314138253861 -0.1822205577689005
C_eff min/max = 0.0205023535527843 0.2389455915604169
lm min/max = 0.011848359483301296 0.10584399798336118

===== Linear candidate local_id=004, RE=14000, CG=1 =====
raw = -1*eta_h + -5.3*eta_y + -0.08
raw min/max = -5.402772529311599 -0.2042618675381106
C_eff min/max = 0.02050249181528215 0.22421690204084707
lm min/max = 0.022046139668453434 0.10527525520469896

===== Linear candidate local_id=004, RE=14000, CG=2 =====
raw = -1*eta_h + -5.3*eta_y + -0.08
raw min/max = -5.391314138253861 -0.14222055776890052
C_eff min/max = 0.02050254958141439 0.2685271298399287

===== Linear candidate local_id=005, RE=14000, CG=1 =====
raw = -1*eta_h + -5*eta_y + -0.2
lm min/max = 0.013315190058897301 0.10584500998687946
raw min/max = -5.222772529311599 -0.31851718801585527
C_eff min/max = 0.020503571654799026 0.16287380626669679
lm min/max = 0.016014576281292457 0.10528079991515385

===== Linear candidate local_id=005, RE=14000, CG=2 =====
raw = -1*eta_h + -5*eta_y + -0.2
raw min/max = -5.2113141382538615 -0.25933906232465304
C_eff min/max = 0.020503654455634315 0.19175300092979466
lm min/max = 0.009508267016692605 0.10585071393225355

===== Linear candidate local_id=006, RE=14000, CG=1 =====
raw = -1*eta_h + -5*eta_y + -0.16
raw min/max = -5.182772529311599 -0.27851718801585523
C_eff min/max = 0.020503869146153843 0.18176588913878927
lm min/max = 0.017872141406111958 0.10528232746012652
Running case in: /homes/aiskhak/projects/GP/runs/14000/1/cand_003 with fv_app_run.sh

===== Linear candidate local_id=006, RE=14000, CG=2 =====
raw = -1*eta_h + -5*eta_y + -0.16
raw min/max = -5.171314138253861 -0.21933906232465303
C_eff min/max = 0.02050395884410494 0.21473709266377078
lm min/max = 0.010647956514552482 0.10585228534660791
Running case in: /homes/aiskhak/projects/GP/runs/14000/2/cand_000 with fv_app_run.sh

===== Linear candidate local_id=007, RE=14000, CG=1 =====
raw = -1*eta_h + -5*eta_y + -0.14
Running case in: /homes/aiskhak/projects/GP/runs/14000/1/cand_002 with fv_app_run.sh
raw min/max = -5.1627725293115985 -0.2585171880158552
C_eff min/max = 0.020504027059335062 0.1921953385699531
lm min/max = 0.018897617615673636 0.10528313830549121
Running case in: /homes/aiskhak/projects/GP/runs/14000/1/cand_004 with fv_app_run.sh

===== Linear candidate local_id=007, RE=14000, CG=2 =====
raw = -1*eta_h + -5*eta_y + -0.14
Running case in: /homes/aiskhak/projects/GP/runs/14000/1/cand_001 with fv_app_run.sh
raw min/max = -5.151314138253861 -0.19933906232465304
C_eff min/max = 0.020504120418413527 0.22741502420021925
lm min/max = 0.011276604607064132 0.10585311947868685
Running case in: /homes/aiskhak/projects/GP/runs/14000/1/cand_006 with fv_app_run.sh
Running case in: /homes/aiskhak/projects/GP/runs/14000/1/cand_005 with fv_app_run.sh
Running case in: /homes/aiskhak/projects/GP/runs/14000/2/cand_003 with fv_app_run.sh
Running case in: /homes/aiskhak/projects/GP/runs/14000/2/cand_004 with fv_app_run.sh
Running case in: /homes/aiskhak/projects/GP/runs/14000/2/cand_001 with fv_app_run.sh
Running case in: /homes/aiskhak/projects/GP/runs/14000/1/cand_007 with fv_app_run.sh
Running case in: /homes/aiskhak/projects/GP/runs/14000/2/cand_002 with fv_app_run.sh
Running case in: /homes/aiskhak/projects/GP/runs/14000/2/cand_005 with fv_app_run.sh
Running case in: /homes/aiskhak/projects/GP/runs/14000/2/cand_007 with fv_app_run.sh
Running case in: /homes/aiskhak/projects/GP/runs/14000/2/cand_006 with fv_app_run.sh
Return code = 0
Elapsed: 15.59 sec
has_err = True
has_conv = False
has_ss = False
has_fin = True
Steady failed; trying unsteady fallback
Running case in: /homes/aiskhak/projects/GP/runs/14000/1/cand_000 with fv_app_run_unsteady.sh
Return code = 0
Elapsed: 23.33 sec
has_err = False
has_conv = True
has_ss = False
has_fin = True
Return code = 0
Elapsed: 23.66 sec
has_err = False
has_conv = True
has_ss = False
has_fin = True
Return code = 0
Elapsed: 23.73 sec
has_err = False
has_conv = True
has_ss = False
has_fin = True
Return code = 0
Elapsed: 23.79 sec
has_err = False
has_conv = True
has_ss = False
has_fin = True
Return code = 0
Elapsed: 23.66 sec
has_err = False
has_conv = True
has_ss = False
has_fin = True
Return code = 0
Elapsed: 23.98 sec
has_err = False
has_conv = True
has_ss = False
has_fin = True
Using VPP file: /homes/aiskhak/projects/GP/runs/14000/1/cand_004/tamu_2d_fv_gp_csv_vpp_0002.csv
Using VPP file: /homes/aiskhak/projects/GP/runs/14000/1/cand_001/tamu_2d_fv_gp_csv_vpp_0002.csv
Using VPP file: /homes/aiskhak/projects/GP/runs/14000/1/cand_002/tamu_2d_fv_gp_csv_vpp_0002.csv
Using VPP file: /homes/aiskhak/projects/GP/runs/14000/1/cand_003/tamu_2d_fv_gp_csv_vpp_0002.csv
Using VPP file: /homes/aiskhak/projects/GP/runs/14000/1/cand_007/tamu_2d_fv_gp_csv_vpp_0002.csv
VPP columns: ('id', 'u', 'v', 'x', 'y', 'z')
coordinate check: max |r_res-r_cg| = 5.000444502911705e-12
coordinate check: max |z_res-z_cg| = 5.000444502911705e-12
VPP columns: ('id', 'u', 'v', 'x', 'y', 'z')
coordinate check: max |r_res-r_cg| = 5.000444502911705e-12
coordinate check: max |z_res-z_cg| = 5.000444502911705e-12
VPP columns: ('id', 'u', 'v', 'x', 'y', 'z')
coordinate check: max |r_res-r_cg| = 5.000444502911705e-12
coordinate check: max |z_res-z_cg| = 5.000444502911705e-12
VPP columns: ('id', 'u', 'v', 'x', 'y', 'z')
coordinate check: max |r_res-r_cg| = 5.000444502911705e-12
coordinate check: max |z_res-z_cg| = 5.000444502911705e-12
Using VPP file: /homes/aiskhak/projects/GP/runs/14000/1/cand_006/tamu_2d_fv_gp_csv_vpp_0002.csv
VPP columns: ('id', 'u', 'v', 'x', 'y', 'z')
coordinate check: max |r_res-r_cg| = 5.000444502911705e-12
coordinate check: max |z_res-z_cg| = 5.000444502911705e-12
VPP columns: ('id', 'u', 'v', 'x', 'y', 'z')
coordinate check: max |r_res-r_cg| = 5.000444502911705e-12
coordinate check: max |z_res-z_cg| = 5.000444502911705e-12
Return code = 0
Elapsed: 26.04 sec
has_err = True
has_conv = False
has_ss = False
has_fin = True
Steady failed; trying unsteady fallback
Running case in: /homes/aiskhak/projects/GP/runs/14000/1/cand_005 with fv_app_run_unsteady.sh
Return code = 0
Elapsed: 28.44 sec
has_err = False
has_conv = True
has_ss = False
has_fin = True
Using VPP file: /homes/aiskhak/projects/GP/runs/14000/2/cand_004/tamu_2d_fv_gp_csv_vpp_0002.csv
VPP columns: ('id', 'u', 'v', 'x', 'y', 'z')
coordinate check: max |r_res-r_cg| = 5.000444502911705e-12
coordinate check: max |z_res-z_cg| = 5.000444502911705e-12
Return code = 0
Elapsed: 28.96 sec
has_err = False
has_conv = True
has_ss = False
has_fin = True
Using VPP file: /homes/aiskhak/projects/GP/runs/14000/2/cand_003/tamu_2d_fv_gp_csv_vpp_0002.csv
VPP columns: ('id', 'u', 'v', 'x', 'y', 'z')
coordinate check: max |r_res-r_cg| = 5.000444502911705e-12
coordinate check: max |z_res-z_cg| = 5.000444502911705e-12
Return code = 0
Elapsed: 29.94 sec
has_err = False
has_conv = True
has_ss = False
has_fin = True
Using VPP file: /homes/aiskhak/projects/GP/runs/14000/2/cand_002/tamu_2d_fv_gp_csv_vpp_0002.csv
VPP columns: ('id', 'u', 'v', 'x', 'y', 'z')
coordinate check: max |r_res-r_cg| = 5.000444502911705e-12
coordinate check: max |z_res-z_cg| = 5.000444502911705e-12
Return code = 0
Elapsed: 33.03 sec
Return code = 0
has_err = False
has_conv = True
has_ss = False
has_fin = True
Elapsed: 33.42 sec
has_err = False
has_conv = True
has_ss = False
has_fin = True
Using VPP file: /homes/aiskhak/projects/GP/runs/14000/2/cand_006/tamu_2d_fv_gp_csv_vpp_0002.csv
Using VPP file: /homes/aiskhak/projects/GP/runs/14000/2/cand_001/tamu_2d_fv_gp_csv_vpp_0002.csv
VPP columns: ('id', 'u', 'v', 'x', 'y', 'z')
coordinate check: max |r_res-r_cg| = 5.000444502911705e-12
coordinate check: max |z_res-z_cg| = 5.000444502911705e-12
Return code = 0
Elapsed: 35.03 sec
has_err = False
has_conv = True
has_ss = False
has_fin = True
Using VPP file: /homes/aiskhak/projects/GP/runs/14000/2/cand_007/tamu_2d_fv_gp_csv_vpp_0002.csv
VPP columns: ('id', 'u', 'v', 'x', 'y', 'z')
coordinate check: max |r_res-r_cg| = 5.000444502911705e-12
coordinate check: max |z_res-z_cg| = 5.000444502911705e-12
VPP columns: ('id', 'u', 'v', 'x', 'y', 'z')
coordinate check: max |r_res-r_cg| = 5.000444502911705e-12
coordinate check: max |z_res-z_cg| = 5.000444502911705e-12
Return code = 0
Elapsed: 37.05 sec
has_err = False
has_conv = True
has_ss = False
has_fin = True
Using VPP file: /homes/aiskhak/projects/GP/runs/14000/2/cand_000/tamu_2d_fv_gp_csv_vpp_0002.csv
VPP columns: ('id', 'u', 'v', 'x', 'y', 'z')
coordinate check: max |r_res-r_cg| = 5.000444502911705e-12
coordinate check: max |z_res-z_cg| = 5.000444502911705e-12
Return code = 0
Elapsed: 23.35 sec
has_err = False
has_conv = True
has_ss = True
has_fin = True
Using VPP file: /homes/aiskhak/projects/GP/runs/14000/1/cand_000/tamu_2d_fv_gp_csv_vpp_0028.csv
VPP columns: ('id', 'u', 'v', 'x', 'y', 'z')
coordinate check: max |r_res-r_cg| = 5.000444502911705e-12
coordinate check: max |z_res-z_cg| = 5.000444502911705e-12
Return code = 0
Elapsed: 37.82 sec
has_err = False
has_conv = True
has_ss = False
has_fin = True
Using VPP file: /homes/aiskhak/projects/GP/runs/14000/2/cand_005/tamu_2d_fv_gp_csv_vpp_0002.csv
VPP columns: ('id', 'u', 'v', 'x', 'y', 'z')
coordinate check: max |r_res-r_cg| = 5.000444502911705e-12
coordinate check: max |z_res-z_cg| = 5.000444502911705e-12
Return code = 0
Elapsed: 23.5 sec
has_err = False
has_conv = True
has_ss = True
has_fin = True
Using VPP file: /homes/aiskhak/projects/GP/runs/14000/1/cand_005/tamu_2d_fv_gp_csv_vpp_0028.csv
VPP columns: ('id', 'u', 'v', 'x', 'y', 'z')
coordinate check: max |r_res-r_cg| = 5.000444502911705e-12
coordinate check: max |z_res-z_cg| = 5.000444502911705e-12

===== LIVE CHECKPOINT =====
Chunk 1, stage refine_train, candidate batch starting 0, case batch 16/18
Completed result rows: 176
Current best partial candidates:
  n_cases= 22, mean=0.44076428, raw = -1*eta_h + -5*eta_y + -0.14
  n_cases= 22, mean=0.44116248, raw = -1*eta_h + -5*eta_y + -0.16
  n_cases= 22, mean=0.44424927, raw = -1*eta_h + -5*eta_y + -0.2
  n_cases= 22, mean=0.44568262, raw = -1*eta_h + -5.3*eta_y + -0.14
  n_cases= 22, mean=0.44600367, raw = -1*eta_h + -5.3*eta_y + -0.12
Checkpoint details: /homes/aiskhak/projects/GP/linear_results_linear_refine_best_screen_C1etaH_C2etaY_C3_CeffMin005_chunk1/linear_refine_best_screen_C1etaH_C2etaY_C3_CeffMin005_chunk1_refine_train_details_checkpoint.csv
Checkpoint summary: /homes/aiskhak/projects/GP/linear_results_linear_refine_best_screen_C1etaH_C2etaY_C3_CeffMin005_chunk1/linear_refine_best_screen_C1etaH_C2etaY_C3_CeffMin005_chunk1_refine_train_summary_checkpoint.csv
===========================


===== Stage refine_train, candidate batch starting 0, case batch 17/18 =====
Running 8 tasks with 64 MPI ranks

===== Linear candidate local_id=000, RE=14000, CG=3 =====
raw = -1*eta_h + -5.3*eta_y + -0.2

===== Linear candidate local_id=001, RE=14000, CG=3 =====
raw = -1*eta_h + -5.3*eta_y + -0.16
raw min/max = -5.505654205551524 -0.23120028861365535
C_eff min/max = 0.020502028386383507 0.20760258769830214
raw min/max = -5.465654205551524 -0.19120028861365534
lm min/max = 0.005168702117950475 0.10590028314712199
C_eff min/max = 0.020502197330768877 0.2328167297552394
lm min/max = 0.005796461101578315 0.10590115580508098

===== Linear candidate local_id=002, RE=14000, CG=3 =====
raw = -1*eta_h + -5.3*eta_y + -0.14
raw min/max = -5.445654205551524 -0.17120028861365535
C_eff min/max = 0.020502287008870898 0.24671640961289032
lm min/max = 0.0061425228030031545 0.10590161902443748

===== Linear candidate local_id=003, RE=14000, CG=3 =====
raw = -1*eta_h + -5.3*eta_y + -0.12
raw min/max = -5.425654205551524 -0.15120028861365534
C_eff min/max = 0.020502380347083217 0.26154910605869763
lm min/max = 0.006511813910519478 0.10590210114956806

===== Linear candidate local_id=004, RE=14000, CG=3 =====
raw = -1*eta_h + -5.3*eta_y + -0.08
raw min/max = -5.385654205551524 -0.11120028861365536
C_eff min/max = 0.020502578607517842 0.2942404234630877
lm min/max = 0.007325732866829502 0.10590312523536914

===== Linear candidate local_id=005, RE=14000, CG=3 =====
raw = -1*eta_h + -5*eta_y + -0.2

===== Linear candidate local_id=006, RE=14000, CG=3 =====
raw = -1*eta_h + -5*eta_y + -0.16

===== Linear candidate local_id=007, RE=14000, CG=3 =====
raw = -1*eta_h + -5*eta_y + -0.14
raw min/max = -5.205654205551524 -0.2297542839120253
C_eff min/max = 0.020503696061104273 0.2084575163528073
raw min/max = -5.165654205551524 -0.18975428391202528
lm min/max = 0.005189987361049944 0.10590889728138218
C_eff min/max = 0.020504003915220764 0.23379156660215636
lm min/max = 0.0058207317107801535 0.10591048745760719
raw min/max = -5.145654205551524 -0.1697542839120253
C_eff min/max = 0.020504167329164144 0.2477568658138821
lm min/max = 0.006168427143740545 0.10591133154886236
Running case in: /homes/aiskhak/projects/GP/runs/14000/3/cand_001 with fv_app_run.sh
Running case in: /homes/aiskhak/projects/GP/runs/14000/3/cand_003 with fv_app_run.sh
Running case in: /homes/aiskhak/projects/GP/runs/14000/3/cand_004 with fv_app_run.sh
Running case in: /homes/aiskhak/projects/GP/runs/14000/3/cand_000 with fv_app_run.sh
Running case in: /homes/aiskhak/projects/GP/runs/14000/3/cand_002 with fv_app_run.sh
Running case in: /homes/aiskhak/projects/GP/runs/14000/3/cand_005 with fv_app_run.sh
Running case in: /homes/aiskhak/projects/GP/runs/14000/3/cand_007 with fv_app_run.sh
Running case in: /homes/aiskhak/projects/GP/runs/14000/3/cand_006 with fv_app_run.sh
Return code = 0
Elapsed: 47.05 sec
has_err = False
has_conv = True
has_ss = False
has_fin = True
Using VPP file: /homes/aiskhak/projects/GP/runs/14000/3/cand_006/tamu_2d_fv_gp_csv_vpp_0002.csv
Return code = 0
Elapsed: 48.23 sec
has_err = False
has_conv = True
Return code = 0
has_ss = False
has_fin = True
Elapsed: 48.15 sec
has_err = False
has_conv = True
has_ss = False
has_fin = True
Using VPP file: /homes/aiskhak/projects/GP/runs/14000/3/cand_003/tamu_2d_fv_gp_csv_vpp_0002.csv
Using VPP file: /homes/aiskhak/projects/GP/runs/14000/3/cand_004/tamu_2d_fv_gp_csv_vpp_0002.csv
Return code = 0
Elapsed: 48.49 sec
has_err = False
has_conv = True
has_ss = False
has_fin = True
Using VPP file: /homes/aiskhak/projects/GP/runs/14000/3/cand_001/tamu_2d_fv_gp_csv_vpp_0002.csv
VPP columns: ('id', 'u', 'v', 'x', 'y', 'z')
coordinate check: max |r_res-r_cg| = 5.000444502911705e-12
coordinate check: max |z_res-z_cg| = 5.000444502911705e-12
VPP columns: ('id', 'u', 'v', 'x', 'y', 'z')
coordinate check: max |r_res-r_cg| = 5.000444502911705e-12
coordinate check: max |z_res-z_cg| = 5.000444502911705e-12
VPP columns: ('id', 'u', 'v', 'x', 'y', 'z')
coordinate check: max |r_res-r_cg| = 5.000444502911705e-12
coordinate check: max |z_res-z_cg| = 5.000444502911705e-12
Return code = 0
Elapsed: 50.55 sec
has_err = False
has_conv = True
has_ss = False
has_fin = True
Using VPP file: /homes/aiskhak/projects/GP/runs/14000/3/cand_002/tamu_2d_fv_gp_csv_vpp_0002.csv
VPP columns: ('id', 'u', 'v', 'x', 'y', 'z')
coordinate check: max |r_res-r_cg| = 5.000444502911705e-12
coordinate check: max |z_res-z_cg| = 5.000444502911705e-12
Return code = 0
Elapsed: 53.05 sec
has_err = False
has_conv = True
has_ss = False
has_fin = True
Using VPP file: /homes/aiskhak/projects/GP/runs/14000/3/cand_007/tamu_2d_fv_gp_csv_vpp_0002.csv
VPP columns: ('id', 'u', 'v', 'x', 'y', 'z')
coordinate check: max |r_res-r_cg| = 5.000444502911705e-12
coordinate check: max |z_res-z_cg| = 5.000444502911705e-12
Return code = 0
Elapsed: 54.25 sec
has_err = False
has_conv = True
has_ss = False
has_fin = True
Using VPP file: /homes/aiskhak/projects/GP/runs/14000/3/cand_000/tamu_2d_fv_gp_csv_vpp_0002.csv
Return code = 0
Elapsed: 54.44 sec
has_err = False
has_conv = True
has_ss = False
has_fin = True
Using VPP file: /homes/aiskhak/projects/GP/runs/14000/3/cand_005/tamu_2d_fv_gp_csv_vpp_0002.csv
VPP columns: ('id', 'u', 'v', 'x', 'y', 'z')
coordinate check: max |r_res-r_cg| = 5.000444502911705e-12
coordinate check: max |z_res-z_cg| = 5.000444502911705e-12
VPP columns: ('id', 'u', 'v', 'x', 'y', 'z')
coordinate check: max |r_res-r_cg| = 5.000444502911705e-12
coordinate check: max |z_res-z_cg| = 5.000444502911705e-12
VPP columns: ('id', 'u', 'v', 'x', 'y', 'z')
coordinate check: max |r_res-r_cg| = 5.000444502911705e-12
coordinate check: max |z_res-z_cg| = 5.000444502911705e-12

===== LIVE CHECKPOINT =====
Chunk 1, stage refine_train, candidate batch starting 0, case batch 17/18
Completed result rows: 184
Current best partial candidates:
  n_cases= 23, mean=0.44274069, raw = -1*eta_h + -5*eta_y + -0.14
  n_cases= 23, mean=0.44352167, raw = -1*eta_h + -5*eta_y + -0.16
  n_cases= 23, mean=0.44706260, raw = -1*eta_h + -5.3*eta_y + -0.12
  n_cases= 23, mean=0.44719762, raw = -1*eta_h + -5.3*eta_y + -0.14
  n_cases= 23, mean=0.44725525, raw = -1*eta_h + -5*eta_y + -0.2
Checkpoint details: /homes/aiskhak/projects/GP/linear_results_linear_refine_best_screen_C1etaH_C2etaY_C3_CeffMin005_chunk1/linear_refine_best_screen_C1etaH_C2etaY_C3_CeffMin005_chunk1_refine_train_details_checkpoint.csv
Checkpoint summary: /homes/aiskhak/projects/GP/linear_results_linear_refine_best_screen_C1etaH_C2etaY_C3_CeffMin005_chunk1/linear_refine_best_screen_C1etaH_C2etaY_C3_CeffMin005_chunk1_refine_train_summary_checkpoint.csv
===========================


===== Stage refine_train, candidate batch starting 0, case batch 18/18 =====
Running 8 tasks with 96 MPI ranks

===== Linear candidate local_id=000, RE=14000, CG=4 =====
raw = -1*eta_h + -5.3*eta_y + -0.2
raw min/max = -5.502820598169251 -0.21559042561084168
C_eff min/max = 0.020502039914701634 0.21705040090160646
lm min/max = 0.0027075625148782153 0.10614653360292838

===== Linear candidate local_id=001, RE=14000, CG=4 =====
raw = -1*eta_h + -5.3*eta_y + -0.16
raw min/max = -5.462820598169251 -0.17559042561084168
C_eff min/max = 0.02050220981931557 0.24358732591246685
lm min/max = 0.0030385933866069943 0.10614741326104471

===== Linear candidate local_id=002, RE=14000, CG=4 =====
raw = -1*eta_h + -5.3*eta_y + -0.14
raw min/max = -5.44282059816925 -0.1555904256108417
C_eff min/max = 0.020502300007122838 0.25821047999725755
lm min/max = 0.003221007718415651 0.10614788019619627

===== Linear candidate local_id=003, RE=14000, CG=4 =====
raw = -1*eta_h + -5.3*eta_y + -0.12
raw min/max = -5.422820598169251 -0.13559042561084167
C_eff min/max = 0.02050239387584504 0.27381032630591273
lm min/max = 0.0034156056501758567 0.10614836618878612

===== Linear candidate local_id=004, RE=14000, CG=4 =====
raw = -1*eta_h + -5.3*eta_y + -0.08
raw min/max = -5.382820598169251 -0.09559042561084169
C_eff min/max = 0.020502593263145238 0.3081734821692352
lm min/max = 0.0038442636592003437 0.10614939848951563

===== Linear candidate local_id=005, RE=14000, CG=4 =====
raw = -1*eta_h + -5*eta_y + -0.2
raw min/max = -5.202820598169251 -0.21486760518961956
C_eff min/max = 0.020503717068210976 0.21749974446262496
lm min/max = 0.0027131677834106014 0.10615521683796632

===== Linear candidate local_id=006, RE=14000, CG=4 =====
raw = -1*eta_h + -5*eta_y + -0.16
raw min/max = -5.162820598169251 -0.17486760518961955
C_eff min/max = 0.02050402667217606 0.24409945189186216
lm min/max = 0.0030449818249556277 0.10615681977054377

===== Linear candidate local_id=007, RE=14000, CG=4 =====
raw = -1*eta_h + -5*eta_y + -0.14
raw min/max = -5.1428205981692505 -0.15486760518961956
C_eff min/max = 0.02050419101497453 0.2587569211181037
lm min/max = 0.0032278242158247567 0.10615767063311415
Running case in: /homes/aiskhak/projects/GP/runs/14000/4/cand_000 with fv_app_run.sh
Running case in: /homes/aiskhak/projects/GP/runs/14000/4/cand_001 with fv_app_run.sh
Running case in: /homes/aiskhak/projects/GP/runs/14000/4/cand_003 with fv_app_run.sh
Running case in: /homes/aiskhak/projects/GP/runs/14000/4/cand_007 with fv_app_run.sh
Running case in: /homes/aiskhak/projects/GP/runs/14000/4/cand_006 with fv_app_run.sh
Running case in: /homes/aiskhak/projects/GP/runs/14000/4/cand_005 with fv_app_run.sh
Running case in: /homes/aiskhak/projects/GP/runs/14000/4/cand_004 with fv_app_run.sh
Running case in: /homes/aiskhak/projects/GP/runs/14000/4/cand_002 with fv_app_run.sh
Return code = 0
Elapsed: 122.1 sec
has_err = False
has_conv = True
has_ss = False
has_fin = True
Return code = 0
Elapsed: 122.89 sec
has_err = False
has_conv = True
has_ss = False
has_fin = True
Using VPP file: /homes/aiskhak/projects/GP/runs/14000/4/cand_004/tamu_2d_fv_gp_csv_vpp_0002.csv
Using VPP file: /homes/aiskhak/projects/GP/runs/14000/4/cand_003/tamu_2d_fv_gp_csv_vpp_0002.csv
VPP columns: ('id', 'u', 'v', 'x', 'y', 'z')
coordinate check: max |r_res-r_cg| = 5.000444502911705e-12
coordinate check: max |z_res-z_cg| = 5.000444502911705e-12
Return code = 0
Elapsed: 136.02 sec
has_err = False
has_conv = True
has_ss = False
has_fin = True
Using VPP file: /homes/aiskhak/projects/GP/runs/14000/4/cand_001/tamu_2d_fv_gp_csv_vpp_0002.csv
Return code = 0
Elapsed: 135.75 sec
has_err = False
has_conv = True
has_ss = False
has_fin = True
Using VPP file: /homes/aiskhak/projects/GP/runs/14000/4/cand_007/tamu_2d_fv_gp_csv_vpp_0002.csv
Return code = 0
Elapsed: 138.79 sec
has_err = False
has_conv = True
has_ss = False
has_fin = True
VPP columns: ('id', 'u', 'v', 'x', 'y', 'z')
coordinate check: max |r_res-r_cg| = 5.000444502911705e-12
coordinate check: max |z_res-z_cg| = 5.000444502911705e-12
Using VPP file: /homes/aiskhak/projects/GP/runs/14000/4/cand_006/tamu_2d_fv_gp_csv_vpp_0002.csv
Return code = 0
Elapsed: 148.5 sec
has_err = False
has_conv = True
has_ss = False
has_fin = True
Using VPP file: /homes/aiskhak/projects/GP/runs/14000/4/cand_002/tamu_2d_fv_gp_csv_vpp_0002.csv
VPP columns: ('id', 'u', 'v', 'x', 'y', 'z')
coordinate check: max |r_res-r_cg| = 5.000444502911705e-12
coordinate check: max |z_res-z_cg| = 5.000444502911705e-12
VPP columns: ('id', 'u', 'v', 'x', 'y', 'z')
coordinate check: max |r_res-r_cg| = 5.000444502911705e-12
coordinate check: max |z_res-z_cg| = 5.000444502911705e-12
VPP columns: ('id', 'u', 'v', 'x', 'y', 'z')
coordinate check: max |r_res-r_cg| = 5.000444502911705e-12
coordinate check: max |z_res-z_cg| = 5.000444502911705e-12
Return code = 0
Elapsed: 156.84 sec
has_err = False
has_conv = True
has_ss = False
has_fin = True
Using VPP file: /homes/aiskhak/projects/GP/runs/14000/4/cand_000/tamu_2d_fv_gp_csv_vpp_0002.csv
VPP columns: ('id', 'u', 'v', 'x', 'y', 'z')
coordinate check: max |r_res-r_cg| = 5.000444502911705e-12
coordinate check: max |z_res-z_cg| = 5.000444502911705e-12
Return code = 0
Elapsed: 160.46 sec
has_err = False
has_conv = True
has_ss = False
has_fin = True
Using VPP file: /homes/aiskhak/projects/GP/runs/14000/4/cand_005/tamu_2d_fv_gp_csv_vpp_0002.csv
VPP columns: ('id', 'u', 'v', 'x', 'y', 'z')
coordinate check: max |r_res-r_cg| = 5.000444502911705e-12
coordinate check: max |z_res-z_cg| = 5.000444502911705e-12
VPP columns: ('id', 'u', 'v', 'x', 'y', 'z')
coordinate check: max |r_res-r_cg| = 5.000444502911705e-12
coordinate check: max |z_res-z_cg| = 5.000444502911705e-12

===== LIVE CHECKPOINT =====
Chunk 1, stage refine_train, candidate batch starting 0, case batch 18/18
Completed result rows: 192
Current best partial candidates:
  n_cases= 24, mean=0.44801452, raw = -1*eta_h + -5*eta_y + -0.14
  n_cases= 24, mean=0.44931784, raw = -1*eta_h + -5*eta_y + -0.16
  n_cases= 24, mean=0.45169832, raw = -1*eta_h + -5.3*eta_y + -0.12
  n_cases= 24, mean=0.45240403, raw = -1*eta_h + -5.3*eta_y + -0.14
  n_cases= 24, mean=0.45241446, raw = -1*eta_h + -5.3*eta_y + -0.08
Checkpoint details: /homes/aiskhak/projects/GP/linear_results_linear_refine_best_screen_C1etaH_C2etaY_C3_CeffMin005_chunk1/linear_refine_best_screen_C1etaH_C2etaY_C3_CeffMin005_chunk1_refine_train_details_checkpoint.csv
Checkpoint summary: /homes/aiskhak/projects/GP/linear_results_linear_refine_best_screen_C1etaH_C2etaY_C3_CeffMin005_chunk1/linear_refine_best_screen_C1etaH_C2etaY_C3_CeffMin005_chunk1_refine_train_summary_checkpoint.csv
===========================


===== Candidate batch 8..15 =====

===== Stage refine_train, candidate batch starting 8, case batch 1/18 =====
Running 16 tasks with 64 MPI ranks

===== Linear candidate local_id=000, RE=3000, CG=1 =====
raw = -1*eta_h + -5*eta_y + -0.12

===== Linear candidate local_id=000, RE=3000, CG=2 =====
raw = -1*eta_h + -5*eta_y + -0.12

===== Linear candidate local_id=001, RE=3000, CG=1 =====
raw = -1*eta_h + -5*eta_y + -0.08

===== Linear candidate local_id=001, RE=3000, CG=2 =====
raw = -1*eta_h + -5*eta_y + -0.08

===== Linear candidate local_id=002, RE=3000, CG=1 =====
raw = -1*eta_h + -4.8*eta_y + -0.2

===== Linear candidate local_id=002, RE=3000, CG=2 =====
raw = -1*eta_h + -4.8*eta_y + -0.2

===== Linear candidate local_id=003, RE=3000, CG=1 =====
raw = -1*eta_h + -4.8*eta_y + -0.16

===== Linear candidate local_id=003, RE=3000, CG=2 =====
raw = -1*eta_h + -4.8*eta_y + -0.16

===== Linear candidate local_id=004, RE=3000, CG=1 =====
raw = -1*eta_h + -4.8*eta_y + -0.14

===== Linear candidate local_id=004, RE=3000, CG=2 =====
raw = -1*eta_h + -4.8*eta_y + -0.14

===== Linear candidate local_id=005, RE=3000, CG=1 =====
raw = -1*eta_h + -4.8*eta_y + -0.12

===== Linear candidate local_id=005, RE=3000, CG=2 =====
raw = -1*eta_h + -4.8*eta_y + -0.12

===== Linear candidate local_id=006, RE=3000, CG=1 =====
raw = -1*eta_h + -4.8*eta_y + -0.08

===== Linear candidate local_id=006, RE=3000, CG=2 =====
raw = -1*eta_h + -4.8*eta_y + -0.08

===== Linear candidate local_id=007, RE=3000, CG=1 =====
raw = -1*eta_h + -4.6*eta_y + -0.2

===== Linear candidate local_id=007, RE=3000, CG=2 =====
raw = -1*eta_h + -4.6*eta_y + -0.2
raw min/max = -5.091314138253861 -0.13933906232465304
raw min/max = -5.022772529311599 -0.314687401667685
raw min/max = -4.951314138253861 -0.19741806536182138
raw min/max = -4.902772529311599 -0.194687401667685
raw min/max = -5.011314138253861 -0.2574180653618214
raw min/max = -5.142772529311599 -0.23851718801585522
C_eff min/max = 0.020504645798440906 0.2708094098590928
C_eff min/max = 0.020506147144342533 0.2286770570997405
lm min/max = 0.013428359228213298 0.10585583176839619
C_eff min/max = 0.020504191417935937 0.20333851693585916
C_eff min/max = 0.020505328434912113 0.16457582278467323
C_eff min/max = 0.020506773927414162 0.2304847201497503
C_eff min/max = 0.02050545196637548 0.1927887766924471
lm min/max = 0.019993271263410235 0.10528398224650132
lm min/max = 0.011339183788272839 0.10586358251038662
lm min/max = 0.022662423241135075 0.10529724279779615
lm min/max = 0.016181927152398898 0.10528982054915337
lm min/max = 0.009559627008311842 0.10585999363386309
raw min/max = -5.102772529311599 -0.19851718801585522
raw min/max = -4.931314138253861 -0.17741806536182136
raw min/max = -5.131314138253861 -0.17933906232465302
raw min/max = -4.822772529311599 -0.3108576153195147
C_eff min/max = 0.02050454053459744 0.22795399813003073
C_eff min/max = 0.020506398040138412 0.24229778290913329
C_eff min/max = 0.020507949429248922 0.16629966460032766
lm min/max = 0.022413589854352288 0.10528577487473241
lm min/max = 0.016351423997143077 0.10530327871073605
C_eff min/max = 0.020504288587595572 0.2409506118513731
raw min/max = -4.811314138253861 -0.2554970683989897
lm min/max = 0.011947780447812188 0.1058539876569923
raw min/max = -4.962772529311598 -0.254687401667685
raw min/max = -4.982772529311599 -0.274687401667685
C_eff min/max = 0.020506007859896532 0.19427249256026355
C_eff min/max = 0.02050813373241059 0.19383115827633127
lm min/max = 0.01910185390012166 0.1052933092294207
C_eff min/max = 0.02050577226624914 0.18370985882751895
lm min/max = 0.018063282336518563 0.10529209951395893
lm min/max = 0.009611314556276123 0.10587383832920896
raw min/max = -4.971314138253861 -0.21741806536182137
C_eff min/max = 0.020505906088237793 0.21591899192332342
lm min/max = 0.010706562187956114 0.10586233805121766
lm min/max = 0.012014581290939718 0.10586487776724797
raw min/max = -4.891314138253861 -0.13741806536182138
C_eff min/max = 0.020506930974142114 0.2723427205051257
lm min/max = 0.013504389991598097 0.10586762905458032
raw min/max = -4.942772529311599 -0.23468740166768498
C_eff min/max = 0.02050625307021811 0.20555756756791332
lm min/max = 0.020211459543242608 0.10529456832414029
Running case in: /homes/aiskhak/projects/GP/runs/3000/1/cand_006 with fv_app_run.sh
Running case in: /homes/aiskhak/projects/GP/runs/3000/1/cand_005 with fv_app_run.sh
Running case in: /homes/aiskhak/projects/GP/runs/3000/1/cand_003 with fv_app_run.sh
Running case in: /homes/aiskhak/projects/GP/runs/3000/1/cand_002 with fv_app_run.sh
Running case in: /homes/aiskhak/projects/GP/runs/3000/1/cand_001 with fv_app_run.sh
Running case in: /homes/aiskhak/projects/GP/runs/3000/1/cand_000 with fv_app_run.sh
Running case in: /homes/aiskhak/projects/GP/runs/3000/1/cand_007 with fv_app_run.sh
Running case in: /homes/aiskhak/projects/GP/runs/3000/1/cand_004 with fv_app_run.sh
Running case in: /homes/aiskhak/projects/GP/runs/3000/2/cand_000 with fv_app_run.sh
Running case in: /homes/aiskhak/projects/GP/runs/3000/2/cand_005 with fv_app_run.sh
Running case in: /homes/aiskhak/projects/GP/runs/3000/2/cand_004 with fv_app_run.sh
Running case in: /homes/aiskhak/projects/GP/runs/3000/2/cand_003 with fv_app_run.sh
Running case in: /homes/aiskhak/projects/GP/runs/3000/2/cand_007 with fv_app_run.sh
Running case in: /homes/aiskhak/projects/GP/runs/3000/2/cand_002 with fv_app_run.sh
Running case in: /homes/aiskhak/projects/GP/runs/3000/2/cand_001 with fv_app_run.sh
Running case in: /homes/aiskhak/projects/GP/runs/3000/2/cand_006 with fv_app_run.sh
Return code = 0
Elapsed: 17.4 sec
has_err = False
has_conv = True
has_ss = False
has_fin = True
Using VPP file: /homes/aiskhak/projects/GP/runs/3000/1/cand_006/tamu_2d_fv_gp_csv_vpp_0002.csv
Return code = 0
Elapsed: 17.52 sec
has_err = False
has_conv = True
has_ss = False
has_fin = True
Return code = 0
Elapsed: 17.51 sec
has_err = False
has_conv = True
has_ss = False
has_fin = True
Using VPP file: /homes/aiskhak/projects/GP/runs/3000/1/cand_007/tamu_2d_fv_gp_csv_vpp_0002.csv
Using VPP file: /homes/aiskhak/projects/GP/runs/3000/1/cand_004/tamu_2d_fv_gp_csv_vpp_0002.csv
Return code = 0
Elapsed: 17.57 sec
Return code = 0
Elapsed: 17.57 sec
has_err = False
has_conv = True
has_ss = False
has_fin = True
has_err = False
has_conv = True
has_ss = False
has_fin = True
Using VPP file: /homes/aiskhak/projects/GP/runs/3000/1/cand_001/tamu_2d_fv_gp_csv_vpp_0002.csv
Using VPP file: /homes/aiskhak/projects/GP/runs/3000/1/cand_002/tamu_2d_fv_gp_csv_vpp_0002.csv
VPP columns: ('id', 'u', 'v', 'x', 'y', 'z')
VPP columns: ('id', 'u', 'v', 'x', 'y', 'z')
VPP columns: ('id', 'u', 'v', 'x', 'y', 'z')
VPP columns: ('id', 'u', 'v', 'x', 'y', 'z')
coordinate check: max |r_res-r_cg| = 5.000444502911705e-12
coordinate check: max |r_res-r_cg| = 5.000444502911705e-12
coordinate check: max |r_res-r_cg| = 5.000444502911705e-12
coordinate check: max |r_res-r_cg| = 5.000444502911705e-12
coordinate check: max |z_res-z_cg| = 5.000444502911705e-12
coordinate check: max |z_res-z_cg| = 5.000444502911705e-12
coordinate check: max |z_res-z_cg| = 5.000444502911705e-12
coordinate check: max |z_res-z_cg| = 5.000444502911705e-12
Return code = 0
Elapsed: 18.0 sec
has_err = False
has_conv = True
has_ss = False
has_fin = True
Using VPP file: /homes/aiskhak/projects/GP/runs/3000/2/cand_005/tamu_2d_fv_gp_csv_vpp_0002.csv
Return code = 0
Elapsed: 18.35 sec
has_err = False
has_conv = True
has_ss = False
has_fin = True
Using VPP file: /homes/aiskhak/projects/GP/runs/3000/1/cand_005/tamu_2d_fv_gp_csv_vpp_0002.csv
VPP columns: ('id', 'u', 'v', 'x', 'y', 'z')
coordinate check: max |r_res-r_cg| = 5.000444502911705e-12
coordinate check: max |z_res-z_cg| = 5.000444502911705e-12
VPP columns: ('id', 'u', 'v', 'x', 'y', 'z')
coordinate check: max |r_res-r_cg| = 5.000444502911705e-12
coordinate check: max |z_res-z_cg| = 5.000444502911705e-12
Return code = 0
Elapsed: 18.52 sec
has_err = False
has_conv = True
has_ss = False
has_fin = True
Using VPP file: /homes/aiskhak/projects/GP/runs/3000/1/cand_000/tamu_2d_fv_gp_csv_vpp_0002.csv
VPP columns: ('id', 'u', 'v', 'x', 'y', 'z')
coordinate check: max |r_res-r_cg| = 5.000444502911705e-12
coordinate check: max |z_res-z_cg| = 5.000444502911705e-12
VPP columns: ('id', 'u', 'v', 'x', 'y', 'z')
coordinate check: max |r_res-r_cg| = 5.000444502911705e-12
coordinate check: max |z_res-z_cg| = 5.000444502911705e-12
Return code = 0
Elapsed: 18.75 sec
has_err = False
has_conv = True
has_ss = False
has_fin = True
Using VPP file: /homes/aiskhak/projects/GP/runs/3000/2/cand_007/tamu_2d_fv_gp_csv_vpp_0002.csv
Return code = 0
Elapsed: 19.23 sec
has_err = False
has_conv = True
has_ss = False
has_fin = True
Using VPP file: /homes/aiskhak/projects/GP/runs/3000/1/cand_003/tamu_2d_fv_gp_csv_vpp_0002.csv
Return code = 0
Elapsed: 19.15 sec
has_err = False
has_conv = True
has_ss = False
has_fin = True
Using VPP file: /homes/aiskhak/projects/GP/runs/3000/2/cand_002/tamu_2d_fv_gp_csv_vpp_0002.csv
VPP columns: ('id', 'u', 'v', 'x', 'y', 'z')
coordinate check: max |r_res-r_cg| = 5.000444502911705e-12
coordinate check: max |z_res-z_cg| = 5.000444502911705e-12
VPP columns: ('id', 'u', 'v', 'x', 'y', 'z')
coordinate check: max |r_res-r_cg| = 5.000444502911705e-12
coordinate check: max |z_res-z_cg| = 5.000444502911705e-12
VPP columns: ('id', 'u', 'v', 'x', 'y', 'z')
coordinate check: max |r_res-r_cg| = 5.000444502911705e-12
coordinate check: max |z_res-z_cg| = 5.000444502911705e-12
Return code = 0
Elapsed: 22.76 sec
has_err = False
has_conv = True
has_ss = False
has_fin = True
Return code = 0
Elapsed: 22.74 sec
has_err = False
has_conv = True
has_ss = False
has_fin = True
Using VPP file: /homes/aiskhak/projects/GP/runs/3000/2/cand_000/tamu_2d_fv_gp_csv_vpp_0002.csv
Using VPP file: /homes/aiskhak/projects/GP/runs/3000/2/cand_001/tamu_2d_fv_gp_csv_vpp_0002.csv
Return code = 0
Elapsed: 22.71 sec
Return code = 0
Elapsed: 22.82 sec
has_err = False
has_conv = True
has_ss = False
has_fin = True
has_err = False
has_conv = True
has_ss = False
has_fin = True
Using VPP file: /homes/aiskhak/projects/GP/runs/3000/2/cand_003/tamu_2d_fv_gp_csv_vpp_0002.csv
Using VPP file: /homes/aiskhak/projects/GP/runs/3000/2/cand_006/tamu_2d_fv_gp_csv_vpp_0002.csv
VPP columns: ('id', 'u', 'v', 'x', 'y', 'z')
coordinate check: max |r_res-r_cg| = 5.000444502911705e-12
coordinate check: max |z_res-z_cg| = 5.000444502911705e-12
VPP columns: ('id', 'u', 'v', 'x', 'y', 'z')
coordinate check: max |r_res-r_cg| = 5.000444502911705e-12
coordinate check: max |z_res-z_cg| = 5.000444502911705e-12
VPP columns: ('id', 'u', 'v', 'x', 'y', 'z')
coordinate check: max |r_res-r_cg| = 5.000444502911705e-12
coordinate check: max |z_res-z_cg| = 5.000444502911705e-12
Return code = 0
Elapsed: 23.18 sec
has_err = False
has_conv = True
has_ss = False
has_fin = True
VPP columns: ('id', 'u', 'v', 'x', 'y', 'z')
coordinate check: max |r_res-r_cg| = 5.000444502911705e-12
coordinate check: max |z_res-z_cg| = 5.000444502911705e-12
Using VPP file: /homes/aiskhak/projects/GP/runs/3000/2/cand_004/tamu_2d_fv_gp_csv_vpp_0002.csv
VPP columns: ('id', 'u', 'v', 'x', 'y', 'z')
coordinate check: max |r_res-r_cg| = 5.000444502911705e-12
coordinate check: max |z_res-z_cg| = 5.000444502911705e-12

===== LIVE CHECKPOINT =====
Chunk 1, stage refine_train, candidate batch starting 8, case batch 1/18
Completed result rows: 208
Current best partial candidates:
  n_cases= 24, mean=0.44801452, raw = -1*eta_h + -5*eta_y + -0.14
  n_cases= 24, mean=0.44931784, raw = -1*eta_h + -5*eta_y + -0.16
  n_cases= 24, mean=0.45169832, raw = -1*eta_h + -5.3*eta_y + -0.12
  n_cases= 24, mean=0.45240403, raw = -1*eta_h + -5.3*eta_y + -0.14
  n_cases= 24, mean=0.45241446, raw = -1*eta_h + -5.3*eta_y + -0.08
Checkpoint details: /homes/aiskhak/projects/GP/linear_results_linear_refine_best_screen_C1etaH_C2etaY_C3_CeffMin005_chunk1/linear_refine_best_screen_C1etaH_C2etaY_C3_CeffMin005_chunk1_refine_train_details_checkpoint.csv
Checkpoint summary: /homes/aiskhak/projects/GP/linear_results_linear_refine_best_screen_C1etaH_C2etaY_C3_CeffMin005_chunk1/linear_refine_best_screen_C1etaH_C2etaY_C3_CeffMin005_chunk1_refine_train_summary_checkpoint.csv
===========================


===== Stage refine_train, candidate batch starting 8, case batch 2/18 =====
Running 8 tasks with 64 MPI ranks

===== Linear candidate local_id=004, RE=3000, CG=3 =====

===== Linear candidate local_id=000, RE=3000, CG=3 =====

===== Linear candidate local_id=003, RE=3000, CG=3 =====

===== Linear candidate local_id=006, RE=3000, CG=3 =====
raw = -1*eta_h + -4.8*eta_y + -0.14
raw = -1*eta_h + -5*eta_y + -0.12
raw = -1*eta_h + -4.8*eta_y + -0.08
raw = -1*eta_h + -4.8*eta_y + -0.16

===== Linear candidate local_id=002, RE=3000, CG=3 =====
raw = -1*eta_h + -4.8*eta_y + -0.2

===== Linear candidate local_id=007, RE=3000, CG=3 =====
raw = -1*eta_h + -4.6*eta_y + -0.2

===== Linear candidate local_id=001, RE=3000, CG=3 =====
raw min/max = -5.005654205551524 -0.22879028077760524
raw = -1*eta_h + -5*eta_y + -0.08
C_eff min/max = 0.020505514038088625 0.20902973576081119
lm min/max = 0.005204233964133622 0.10591828778039863
raw min/max = -4.885654205551524 -0.10879028077760522
C_eff min/max = 0.020507009886567767 0.2963467683660998
lm min/max = 0.007378174743792781 0.10592601437088524
raw min/max = -4.945654205551524 -0.16879028077760524
C_eff min/max = 0.020506217131593275 0.24845322260037117
lm min/max = 0.006185764407389715 0.10592191950891926
raw min/max = -5.125654205551524 -0.14975428391202528

===== Linear candidate local_id=005, RE=3000, CG=3 =====
raw = -1*eta_h + -4.8*eta_y + -0.12
C_eff min/max = 0.020504337413078527 0.26265917216573836
raw min/max = -5.085654205551524 -0.10975428391202527
C_eff min/max = 0.020504698691072503 0.2955022935386189
lm min/max = 0.00735714977065661 0.10591407622248626
lm min/max = 0.0065394513359588215 0.1059122100928948
raw min/max = -4.965654205551524 -0.18879028077760523
raw min/max = -4.925654205551524 -0.14879028077760523
C_eff min/max = 0.020506470884220147 0.2634020991645594
lm min/max = 0.00655794806278127 0.10592323023166965
raw min/max = -4.805654205551524 -0.2278262776431852
C_eff min/max = 0.020508226340638726 0.20960377509435837
lm min/max = 0.005218525878083192 0.10593229778968276
C_eff min/max = 0.020505973330719587 0.23444401986212854
lm min/max = 0.005836975903996004 0.10592066019052068
Running case in: /homes/aiskhak/projects/GP/runs/3000/3/cand_000 with fv_app_run.sh
Running case in: /homes/aiskhak/projects/GP/runs/3000/3/cand_005 with fv_app_run.sh
Running case in: /homes/aiskhak/projects/GP/runs/3000/3/cand_007 with fv_app_run.sh
Running case in: /homes/aiskhak/projects/GP/runs/3000/3/cand_006 with fv_app_run.sh
Running case in: /homes/aiskhak/projects/GP/runs/3000/3/cand_004 with fv_app_run.sh
Running case in: /homes/aiskhak/projects/GP/runs/3000/3/cand_001 with fv_app_run.sh
Running case in: /homes/aiskhak/projects/GP/runs/3000/3/cand_002 with fv_app_run.sh
Running case in: /homes/aiskhak/projects/GP/runs/3000/3/cand_003 with fv_app_run.sh
Return code = 0
Elapsed: 25.31 sec
has_err = False
has_conv = True
has_ss = False
has_fin = True
Using VPP file: /homes/aiskhak/projects/GP/runs/3000/3/cand_000/tamu_2d_fv_gp_csv_vpp_0002.csv
Return code = 0
Elapsed: 25.65 sec
has_err = False
has_conv = True
has_ss = False
has_fin = True
Using VPP file: /homes/aiskhak/projects/GP/runs/3000/3/cand_006/tamu_2d_fv_gp_csv_vpp_0002.csv
Return code = 0
Elapsed: 25.95 sec
Return code = 0
Elapsed: 25.86 sec
Return code = 0
Elapsed: 25.65 sec
has_err = False
has_conv = True
has_ss = False
has_fin = True
has_err = False
has_conv = True
has_ss = False
has_fin = True
has_err = False
has_conv = True
has_ss = False
has_fin = True
Using VPP file: /homes/aiskhak/projects/GP/runs/3000/3/cand_002/tamu_2d_fv_gp_csv_vpp_0002.csv
Using VPP file: /homes/aiskhak/projects/GP/runs/3000/3/cand_001/tamu_2d_fv_gp_csv_vpp_0002.csv
Using VPP file: /homes/aiskhak/projects/GP/runs/3000/3/cand_003/tamu_2d_fv_gp_csv_vpp_0002.csv
Return code = 0
Elapsed: 26.35 sec
has_err = False
has_conv = True
has_ss = False
has_fin = True
Using VPP file: /homes/aiskhak/projects/GP/runs/3000/3/cand_004/tamu_2d_fv_gp_csv_vpp_0002.csv
VPP columns: ('id', 'u', 'v', 'x', 'y', 'z')
coordinate check: max |r_res-r_cg| = 5.000444502911705e-12
coordinate check: max |z_res-z_cg| = 5.000444502911705e-12
VPP columns: ('id', 'u', 'v', 'x', 'y', 'z')
coordinate check: max |r_res-r_cg| = 5.000444502911705e-12
coordinate check: max |z_res-z_cg| = 5.000444502911705e-12
VPP columns: ('id', 'u', 'v', 'x', 'y', 'z')
coordinate check: max |r_res-r_cg| = 5.000444502911705e-12
coordinate check: max |z_res-z_cg| = 5.000444502911705e-12
VPP columns: ('id', 'u', 'v', 'x', 'y', 'z')
coordinate check: max |r_res-r_cg| = 5.000444502911705e-12
coordinate check: max |z_res-z_cg| = 5.000444502911705e-12
Return code = 0
Elapsed: 27.66 sec
has_err = False
has_conv = True
has_ss = False
has_fin = True
Using VPP file: /homes/aiskhak/projects/GP/runs/3000/3/cand_005/tamu_2d_fv_gp_csv_vpp_0002.csv
VPP columns: ('id', 'u', 'v', 'x', 'y', 'z')
coordinate check: max |r_res-r_cg| = 5.000444502911705e-12
coordinate check: max |z_res-z_cg| = 5.000444502911705e-12
VPP columns: ('id', 'u', 'v', 'x', 'y', 'z')
coordinate check: max |r_res-r_cg| = 5.000444502911705e-12
coordinate check: max |z_res-z_cg| = 5.000444502911705e-12
Return code = 0
Elapsed: 28.74 sec
has_err = False
has_conv = True
has_ss = False
has_fin = True
Using VPP file: /homes/aiskhak/projects/GP/runs/3000/3/cand_007/tamu_2d_fv_gp_csv_vpp_0002.csv
VPP columns: ('id', 'u', 'v', 'x', 'y', 'z')
coordinate check: max |r_res-r_cg| = 5.000444502911705e-12
coordinate check: max |z_res-z_cg| = 5.000444502911705e-12
VPP columns: ('id', 'u', 'v', 'x', 'y', 'z')
coordinate check: max |r_res-r_cg| = 5.000444502911705e-12
coordinate check: max |z_res-z_cg| = 5.000444502911705e-12

===== LIVE CHECKPOINT =====
Chunk 1, stage refine_train, candidate batch starting 8, case batch 2/18
Completed result rows: 216
Current best partial candidates:
  n_cases= 24, mean=0.44801452, raw = -1*eta_h + -5*eta_y + -0.14
  n_cases= 24, mean=0.44931784, raw = -1*eta_h + -5*eta_y + -0.16
  n_cases= 24, mean=0.45169832, raw = -1*eta_h + -5.3*eta_y + -0.12
  n_cases= 24, mean=0.45240403, raw = -1*eta_h + -5.3*eta_y + -0.14
  n_cases= 24, mean=0.45241446, raw = -1*eta_h + -5.3*eta_y + -0.08
Checkpoint details: /homes/aiskhak/projects/GP/linear_results_linear_refine_best_screen_C1etaH_C2etaY_C3_CeffMin005_chunk1/linear_refine_best_screen_C1etaH_C2etaY_C3_CeffMin005_chunk1_refine_train_details_checkpoint.csv
Checkpoint summary: /homes/aiskhak/projects/GP/linear_results_linear_refine_best_screen_C1etaH_C2etaY_C3_CeffMin005_chunk1/linear_refine_best_screen_C1etaH_C2etaY_C3_CeffMin005_chunk1_refine_train_summary_checkpoint.csv
===========================


===== Stage refine_train, candidate batch starting 8, case batch 3/18 =====
Running 8 tasks with 96 MPI ranks

===== Linear candidate local_id=000, RE=3000, CG=4 =====
raw = -1*eta_h + -5*eta_y + -0.12

===== Linear candidate local_id=001, RE=3000, CG=4 =====
raw = -1*eta_h + -5*eta_y + -0.08

===== Linear candidate local_id=002, RE=3000, CG=4 =====
raw = -1*eta_h + -4.8*eta_y + -0.2

===== Linear candidate local_id=003, RE=3000, CG=4 =====
raw = -1*eta_h + -4.8*eta_y + -0.16
raw min/max = -5.122820598169251 -0.13486760518961954
C_eff min/max = 0.020504362065661787 0.27439313658581316
lm min/max = 0.0034228758291784717 0.10615855622486982
raw min/max = -5.082820598169251 -0.09486760518961955
C_eff min/max = 0.020504725397211487 0.30883548861798554
lm min/max = 0.0038525217588758045 0.10616043732473646
raw min/max = -5.002820598169251 -0.2143857249088048
C_eff min/max = 0.020505545378865588 0.21779990011128028
lm min/max = 0.002716912029813982 0.10616468266864189
raw min/max = -4.962820598169251 -0.1743857249088048
C_eff min/max = 0.020506007282286 0.2444415386578114
lm min/max = 0.0030492491347623484 0.1061670741110125

===== Linear candidate local_id=004, RE=3000, CG=4 =====
raw = -1*eta_h + -4.8*eta_y + -0.14
raw min/max = -4.94282059816925 -0.1543857249088048
C_eff min/max = 0.02050625246903007 0.25912192513391147
lm min/max = 0.003232377403411031 0.10616834353215678

===== Linear candidate local_id=005, RE=3000, CG=4 =====
raw = -1*eta_h + -4.8*eta_y + -0.12
raw min/max = -4.922820598169251 -0.1343857249088048
C_eff min/max = 0.020506507664109146 0.27478242873431485
lm min/max = 0.003427731995415628 0.1061696647700994

===== Linear candidate local_id=006, RE=3000, CG=4 =====
raw = -1*eta_h + -4.8*eta_y + -0.08
raw min/max = -4.882820598169251 -0.0943857249088048
C_eff min/max = 0.020507049730445513 0.3092776665754183
lm min/max = 0.0038580376411661717 0.10617247124510518

===== Linear candidate local_id=007, RE=3000, CG=4 =====
raw = -1*eta_h + -4.6*eta_y + -0.2
raw min/max = -4.802820598169251 -0.21390384462799006
C_eff min/max = 0.02050827309971532 0.21810053119986347
lm min/max = 0.00272066220702109 0.10617880507373134
Running case in: /homes/aiskhak/projects/GP/runs/3000/4/cand_001 with fv_app_run.sh
Running case in: /homes/aiskhak/projects/GP/runs/3000/4/cand_007 with fv_app_run.sh
Running case in: /homes/aiskhak/projects/GP/runs/3000/4/cand_005 with fv_app_run.sh
Running case in: /homes/aiskhak/projects/GP/runs/3000/4/cand_003 with fv_app_run.sh
Running case in: /homes/aiskhak/projects/GP/runs/3000/4/cand_002 with fv_app_run.sh
Running case in: /homes/aiskhak/projects/GP/runs/3000/4/cand_004 with fv_app_run.sh
Running case in: /homes/aiskhak/projects/GP/runs/3000/4/cand_000 with fv_app_run.sh
Running case in: /homes/aiskhak/projects/GP/runs/3000/4/cand_006 with fv_app_run.sh
Return code = 0
Elapsed: 68.95 sec
has_err = False
has_conv = True
has_ss = False
has_fin = True
Using VPP file: /homes/aiskhak/projects/GP/runs/3000/4/cand_000/tamu_2d_fv_gp_csv_vpp_0002.csv
Return code = 0
Elapsed: 69.31 sec
has_err = False
has_conv = True
has_ss = False
has_fin = True
Using VPP file: /homes/aiskhak/projects/GP/runs/3000/4/cand_004/tamu_2d_fv_gp_csv_vpp_0002.csv
Return code = 0
Elapsed: 71.25 sec
has_err = False
has_conv = True
has_ss = False
has_fin = True
Return code = 0
Elapsed: 71.65 sec
has_err = False
has_conv = True
has_ss = False
has_fin = True
Using VPP file: /homes/aiskhak/projects/GP/runs/3000/4/cand_007/tamu_2d_fv_gp_csv_vpp_0002.csv
Using VPP file: /homes/aiskhak/projects/GP/runs/3000/4/cand_005/tamu_2d_fv_gp_csv_vpp_0002.csv
Return code = 0
Elapsed: 71.64 sec
has_err = False
has_conv = True
has_ss = False
has_fin = True
Using VPP file: /homes/aiskhak/projects/GP/runs/3000/4/cand_003/tamu_2d_fv_gp_csv_vpp_0002.csv
Return code = 0
Elapsed: 71.68 sec
has_err = False
has_conv = True
has_ss = False
has_fin = True
Using VPP file: /homes/aiskhak/projects/GP/runs/3000/4/cand_002/tamu_2d_fv_gp_csv_vpp_0002.csv
VPP columns: ('id', 'u', 'v', 'x', 'y', 'z')
coordinate check: max |r_res-r_cg| = 5.000444502911705e-12
coordinate check: max |z_res-z_cg| = 5.000444502911705e-12
Return code = 0
Elapsed: 73.87 sec
has_err = False
has_conv = True
has_ss = False
has_fin = True
Using VPP file: /homes/aiskhak/projects/GP/runs/3000/4/cand_006/tamu_2d_fv_gp_csv_vpp_0002.csv
VPP columns: ('id', 'u', 'v', 'x', 'y', 'z')
coordinate check: max |r_res-r_cg| = 5.000444502911705e-12
coordinate check: max |z_res-z_cg| = 5.000444502911705e-12
VPP columns: ('id', 'u', 'v', 'x', 'y', 'z')
coordinate check: max |r_res-r_cg| = 5.000444502911705e-12
coordinate check: max |z_res-z_cg| = 5.000444502911705e-12
VPP columns: ('id', 'u', 'v', 'x', 'y', 'z')
coordinate check: max |r_res-r_cg| = 5.000444502911705e-12
coordinate check: max |z_res-z_cg| = 5.000444502911705e-12
Return code = 0
Elapsed: 78.06 sec
has_err = False
has_conv = True
has_ss = False
has_fin = True
Using VPP file: /homes/aiskhak/projects/GP/runs/3000/4/cand_001/tamu_2d_fv_gp_csv_vpp_0002.csv
VPP columns: ('id', 'u', 'v', 'x', 'y', 'z')
coordinate check: max |r_res-r_cg| = 5.000444502911705e-12
coordinate check: max |z_res-z_cg| = 5.000444502911705e-12
VPP columns: ('id', 'u', 'v', 'x', 'y', 'z')
coordinate check: max |r_res-r_cg| = 5.000444502911705e-12
coordinate check: max |z_res-z_cg| = 5.000444502911705e-12
VPP columns: ('id', 'u', 'v', 'x', 'y', 'z')
coordinate check: max |r_res-r_cg| = 5.000444502911705e-12
coordinate check: max |z_res-z_cg| = 5.000444502911705e-12
VPP columns: ('id', 'u', 'v', 'x', 'y', 'z')
coordinate check: max |r_res-r_cg| = 5.000444502911705e-12
coordinate check: max |z_res-z_cg| = 5.000444502911705e-12

===== LIVE CHECKPOINT =====
Chunk 1, stage refine_train, candidate batch starting 8, case batch 3/18
Completed result rows: 224
Current best partial candidates:
  n_cases= 24, mean=0.44801452, raw = -1*eta_h + -5*eta_y + -0.14
  n_cases= 24, mean=0.44931784, raw = -1*eta_h + -5*eta_y + -0.16
  n_cases= 24, mean=0.45169832, raw = -1*eta_h + -5.3*eta_y + -0.12
  n_cases= 24, mean=0.45240403, raw = -1*eta_h + -5.3*eta_y + -0.14
  n_cases= 24, mean=0.45241446, raw = -1*eta_h + -5.3*eta_y + -0.08
Checkpoint details: /homes/aiskhak/projects/GP/linear_results_linear_refine_best_screen_C1etaH_C2etaY_C3_CeffMin005_chunk1/linear_refine_best_screen_C1etaH_C2etaY_C3_CeffMin005_chunk1_refine_train_details_checkpoint.csv
Checkpoint summary: /homes/aiskhak/projects/GP/linear_results_linear_refine_best_screen_C1etaH_C2etaY_C3_CeffMin005_chunk1/linear_refine_best_screen_C1etaH_C2etaY_C3_CeffMin005_chunk1_refine_train_summary_checkpoint.csv
===========================


===== Stage refine_train, candidate batch starting 8, case batch 4/18 =====
Running 16 tasks with 64 MPI ranks

===== Linear candidate local_id=000, RE=3413, CG=1 =====
raw = -1*eta_h + -5*eta_y + -0.12
raw min/max = -5.142772529311599 -0.23851718801585522
C_eff min/max = 0.020504191417935937 0.20333851693585916
lm min/max = 0.019993271263410235 0.10528398224650132

===== Linear candidate local_id=000, RE=3413, CG=2 =====

===== Linear candidate local_id=001, RE=3413, CG=1 =====
raw = -1*eta_h + -5*eta_y + -0.08

===== Linear candidate local_id=001, RE=3413, CG=2 =====
raw = -1*eta_h + -5*eta_y + -0.08

===== Linear candidate local_id=002, RE=3413, CG=1 =====
raw = -1*eta_h + -4.8*eta_y + -0.2
raw min/max = -5.022772529311599 -0.314687401667685
C_eff min/max = 0.020505328434912113 0.16457582278467323
lm min/max = 0.016181927152398898 0.10528982054915337
raw = -1*eta_h + -5*eta_y + -0.12
raw min/max = -5.131314138253861 -0.17933906232465302
C_eff min/max = 0.020504288587595572 0.2409506118513731
lm min/max = 0.011947780447812188 0.1058539876569923

===== Linear candidate local_id=002, RE=3413, CG=2 =====
raw = -1*eta_h + -4.8*eta_y + -0.2
raw min/max = -5.011314138253861 -0.2574180653618214
C_eff min/max = 0.02050545196637548 0.1927887766924471
lm min/max = 0.009559627008311842 0.10585999363386309
raw min/max = -5.091314138253861 -0.13933906232465304
C_eff min/max = 0.020504645798440906 0.2708094098590928
lm min/max = 0.013428359228213298 0.10585583176839619
raw min/max = -5.102772529311599 -0.19851718801585522
C_eff min/max = 0.02050454053459744 0.22795399813003073
lm min/max = 0.022413589854352288 0.10528577487473241

===== Linear candidate local_id=003, RE=3413, CG=1 =====
raw = -1*eta_h + -4.8*eta_y + -0.16
raw min/max = -4.982772529311599 -0.274687401667685
C_eff min/max = 0.02050577226624914 0.18370985882751895
lm min/max = 0.018063282336518563 0.10529209951395893

===== Linear candidate local_id=003, RE=3413, CG=2 =====
raw = -1*eta_h + -4.8*eta_y + -0.16
raw min/max = -4.971314138253861 -0.21741806536182137
C_eff min/max = 0.020505906088237793 0.21591899192332342
lm min/max = 0.010706562187956114 0.10586233805121766

===== Linear candidate local_id=004, RE=3413, CG=1 =====
raw = -1*eta_h + -4.8*eta_y + -0.14
raw min/max = -4.962772529311598 -0.254687401667685
C_eff min/max = 0.020506007859896532 0.19427249256026355
lm min/max = 0.01910185390012166 0.1052933092294207

===== Linear candidate local_id=004, RE=3413, CG=2 =====
raw = -1*eta_h + -4.8*eta_y + -0.14
raw min/max = -4.951314138253861 -0.19741806536182138
C_eff min/max = 0.020506147144342533 0.2286770570997405
lm min/max = 0.011339183788272839 0.10586358251038662

===== Linear candidate local_id=005, RE=3413, CG=1 =====
raw = -1*eta_h + -4.8*eta_y + -0.12
raw min/max = -4.942772529311599 -0.23468740166768498
C_eff min/max = 0.02050625307021811 0.20555756756791332
lm min/max = 0.020211459543242608 0.10529456832414029

===== Linear candidate local_id=005, RE=3413, CG=2 =====
raw = -1*eta_h + -4.8*eta_y + -0.12
raw min/max = -4.931314138253861 -0.17741806536182136
C_eff min/max = 0.020506398040138412 0.24229778290913329
lm min/max = 0.012014581290939718 0.10586487776724797

===== Linear candidate local_id=006, RE=3413, CG=1 =====
raw = -1*eta_h + -4.8*eta_y + -0.08
raw min/max = -4.902772529311599 -0.194687401667685
C_eff min/max = 0.020506773927414162 0.2304847201497503
lm min/max = 0.022662423241135075 0.10529724279779615

===== Linear candidate local_id=006, RE=3413, CG=2 =====
raw = -1*eta_h + -4.8*eta_y + -0.08
raw min/max = -4.891314138253861 -0.13741806536182138
C_eff min/max = 0.020506930974142114 0.2723427205051257
lm min/max = 0.013504389991598097 0.10586762905458032

===== Linear candidate local_id=007, RE=3413, CG=1 =====
raw = -1*eta_h + -4.6*eta_y + -0.2
raw min/max = -4.822772529311599 -0.3108576153195147
C_eff min/max = 0.020507949429248922 0.16629966460032766
lm min/max = 0.016351423997143077 0.10530327871073605

===== Linear candidate local_id=007, RE=3413, CG=2 =====
raw = -1*eta_h + -4.6*eta_y + -0.2
raw min/max = -4.811314138253861 -0.2554970683989897
C_eff min/max = 0.02050813373241059 0.19383115827633127
lm min/max = 0.009611314556276123 0.10587383832920896
Running case in: /homes/aiskhak/projects/GP/runs/3413/1/cand_000 with fv_app_run.sh
Running case in: /homes/aiskhak/projects/GP/runs/3413/1/cand_002 with fv_app_run.sh
Running case in: /homes/aiskhak/projects/GP/runs/3413/1/cand_005 with fv_app_run.sh
Running case in: /homes/aiskhak/projects/GP/runs/3413/1/cand_004 with fv_app_run.sh
Running case in: /homes/aiskhak/projects/GP/runs/3413/2/cand_005 with fv_app_run.sh
Running case in: /homes/aiskhak/projects/GP/runs/3413/1/cand_003 with fv_app_run.sh
Running case in: /homes/aiskhak/projects/GP/runs/3413/1/cand_006 with fv_app_run.sh
Running case in: /homes/aiskhak/projects/GP/runs/3413/1/cand_001 with fv_app_run.sh
Running case in: /homes/aiskhak/projects/GP/runs/3413/1/cand_007 with fv_app_run.sh
Running case in: /homes/aiskhak/projects/GP/runs/3413/2/cand_007 with fv_app_run.sh
Running case in: /homes/aiskhak/projects/GP/runs/3413/2/cand_004 with fv_app_run.sh
Running case in: /homes/aiskhak/projects/GP/runs/3413/2/cand_000 with fv_app_run.sh
Running case in: /homes/aiskhak/projects/GP/runs/3413/2/cand_003 with fv_app_run.sh
Running case in: /homes/aiskhak/projects/GP/runs/3413/2/cand_006 with fv_app_run.sh
Running case in: /homes/aiskhak/projects/GP/runs/3413/2/cand_002 with fv_app_run.sh
Running case in: /homes/aiskhak/projects/GP/runs/3413/2/cand_001 with fv_app_run.sh
Return code = 0
Elapsed: 10.59 sec
has_err = False
has_conv = True
has_ss = False
has_fin = True
Using VPP file: /homes/aiskhak/projects/GP/runs/3413/1/cand_003/tamu_2d_fv_gp_csv_vpp_0002.csv
VPP columns: ('id', 'u', 'v', 'x', 'y', 'z')
coordinate check: max |r_res-r_cg| = 5.000444502911705e-12
coordinate check: max |z_res-z_cg| = 5.000444502911705e-12
Return code = 0
Elapsed: 15.15 sec
has_err = False
has_conv = True
has_ss = False
has_fin = True
Using VPP file: /homes/aiskhak/projects/GP/runs/3413/1/cand_006/tamu_2d_fv_gp_csv_vpp_0002.csv
VPP columns: ('id', 'u', 'v', 'x', 'y', 'z')
coordinate check: max |r_res-r_cg| = 5.000444502911705e-12
coordinate check: max |z_res-z_cg| = 5.000444502911705e-12
Return code = 0
Elapsed: 20.68 sec
has_err = False
has_conv = True
has_ss = False
has_fin = True
Using VPP file: /homes/aiskhak/projects/GP/runs/3413/1/cand_001/tamu_2d_fv_gp_csv_vpp_0002.csv
VPP columns: ('id', 'u', 'v', 'x', 'y', 'z')
coordinate check: max |r_res-r_cg| = 5.000444502911705e-12
coordinate check: max |z_res-z_cg| = 5.000444502911705e-12
Return code = 0
Elapsed: 20.93 sec
has_err = False
has_conv = True
has_ss = False
has_fin = True
Using VPP file: /homes/aiskhak/projects/GP/runs/3413/1/cand_007/tamu_2d_fv_gp_csv_vpp_0002.csv
Return code = 0
Elapsed: 21.48 sec
has_err = False
has_conv = True
has_ss = False
has_fin = True
Using VPP file: /homes/aiskhak/projects/GP/runs/3413/1/cand_002/tamu_2d_fv_gp_csv_vpp_0002.csv
Return code = 0
Elapsed: 21.48 sec
has_err = False
has_conv = True
has_ss = False
has_fin = True
Return code = 0
Elapsed: 21.64 sec
has_err = False
has_conv = True
has_ss = False
has_fin = True
Using VPP file: /homes/aiskhak/projects/GP/runs/3413/1/cand_004/tamu_2d_fv_gp_csv_vpp_0002.csv
Using VPP file: /homes/aiskhak/projects/GP/runs/3413/1/cand_000/tamu_2d_fv_gp_csv_vpp_0002.csv
VPP columns: ('id', 'u', 'v', 'x', 'y', 'z')
coordinate check: max |r_res-r_cg| = 5.000444502911705e-12
coordinate check: max |z_res-z_cg| = 5.000444502911705e-12
Return code = 0
Elapsed: 21.74 sec
has_err = False
has_conv = True
has_ss = False
has_fin = True
Using VPP file: /homes/aiskhak/projects/GP/runs/3413/1/cand_005/tamu_2d_fv_gp_csv_vpp_0002.csv
VPP columns: ('id', 'u', 'v', 'x', 'y', 'z')
coordinate check: max |r_res-r_cg| = 5.000444502911705e-12
coordinate check: max |z_res-z_cg| = 5.000444502911705e-12
VPP columns: ('id', 'u', 'v', 'x', 'y', 'z')
coordinate check: max |r_res-r_cg| = 5.000444502911705e-12
coordinate check: max |z_res-z_cg| = 5.000444502911705e-12
VPP columns: ('id', 'u', 'v', 'x', 'y', 'z')
coordinate check: max |r_res-r_cg| = 5.000444502911705e-12
coordinate check: max |z_res-z_cg| = 5.000444502911705e-12
Return code = 0
Elapsed: 23.57 sec
has_err = False
has_conv = True
has_ss = False
has_fin = True
Using VPP file: /homes/aiskhak/projects/GP/runs/3413/2/cand_006/tamu_2d_fv_gp_csv_vpp_0002.csv
Return code = 0
Elapsed: 23.75 sec
Return code = 0
Elapsed: 23.74 sec
Return code = 0
Elapsed: 23.73 sec
has_err = False
has_conv = True
has_ss = False
has_fin = True
has_err = False
has_conv = True
has_ss = False
has_fin = True
has_err = False
has_conv = True
has_ss = False
has_fin = True
Return code = 0
Elapsed: 23.62 sec
has_err = False
has_conv = True
has_ss = False
has_fin = True
Using VPP file: /homes/aiskhak/projects/GP/runs/3413/2/cand_004/tamu_2d_fv_gp_csv_vpp_0002.csv
Using VPP file: /homes/aiskhak/projects/GP/runs/3413/2/cand_003/tamu_2d_fv_gp_csv_vpp_0002.csv
Using VPP file: /homes/aiskhak/projects/GP/runs/3413/2/cand_000/tamu_2d_fv_gp_csv_vpp_0002.csv
Using VPP file: /homes/aiskhak/projects/GP/runs/3413/2/cand_001/tamu_2d_fv_gp_csv_vpp_0002.csv
VPP columns: ('id', 'u', 'v', 'x', 'y', 'z')
coordinate check: max |r_res-r_cg| = 5.000444502911705e-12
coordinate check: max |z_res-z_cg| = 5.000444502911705e-12
VPP columns: ('id', 'u', 'v', 'x', 'y', 'z')
coordinate check: max |r_res-r_cg| = 5.000444502911705e-12
coordinate check: max |z_res-z_cg| = 5.000444502911705e-12
VPP columns: ('id', 'u', 'v', 'x', 'y', 'z')
coordinate check: max |r_res-r_cg| = 5.000444502911705e-12
coordinate check: max |z_res-z_cg| = 5.000444502911705e-12
VPP columns: ('id', 'u', 'v', 'x', 'y', 'z')
coordinate check: max |r_res-r_cg| = 5.000444502911705e-12
coordinate check: max |z_res-z_cg| = 5.000444502911705e-12
VPP columns: ('id', 'u', 'v', 'x', 'y', 'z')
coordinate check: max |r_res-r_cg| = 5.000444502911705e-12
coordinate check: max |z_res-z_cg| = 5.000444502911705e-12
Return code = 0
Elapsed: 24.35 sec
has_err = False
has_conv = True
has_ss = False
has_fin = True
Using VPP file: /homes/aiskhak/projects/GP/runs/3413/2/cand_007/tamu_2d_fv_gp_csv_vpp_0002.csv
Return code = 0
Elapsed: 24.78 sec
has_err = False
has_conv = True
has_ss = False
has_fin = True
Using VPP file: /homes/aiskhak/projects/GP/runs/3413/2/cand_005/tamu_2d_fv_gp_csv_vpp_0002.csv
Return code = 0
Elapsed: 24.23 sec
has_err = False
has_conv = True
has_ss = False
has_fin = True
Using VPP file: /homes/aiskhak/projects/GP/runs/3413/2/cand_002/tamu_2d_fv_gp_csv_vpp_0002.csv
VPP columns: ('id', 'u', 'v', 'x', 'y', 'z')
coordinate check: max |r_res-r_cg| = 5.000444502911705e-12
coordinate check: max |z_res-z_cg| = 5.000444502911705e-12
VPP columns: ('id', 'u', 'v', 'x', 'y', 'z')
coordinate check: max |r_res-r_cg| = 5.000444502911705e-12
coordinate check: max |z_res-z_cg| = 5.000444502911705e-12
VPP columns: ('id', 'u', 'v', 'x', 'y', 'z')
coordinate check: max |r_res-r_cg| = 5.000444502911705e-12
coordinate check: max |z_res-z_cg| = 5.000444502911705e-12
VPP columns: ('id', 'u', 'v', 'x', 'y', 'z')
coordinate check: max |r_res-r_cg| = 5.000444502911705e-12
coordinate check: max |z_res-z_cg| = 5.000444502911705e-12

===== LIVE CHECKPOINT =====
Chunk 1, stage refine_train, candidate batch starting 8, case batch 4/18
Completed result rows: 240
Current best partial candidates:
  n_cases= 24, mean=0.44801452, raw = -1*eta_h + -5*eta_y + -0.14
  n_cases= 24, mean=0.44931784, raw = -1*eta_h + -5*eta_y + -0.16
  n_cases= 24, mean=0.45169832, raw = -1*eta_h + -5.3*eta_y + -0.12
  n_cases= 24, mean=0.45240403, raw = -1*eta_h + -5.3*eta_y + -0.14
  n_cases= 24, mean=0.45241446, raw = -1*eta_h + -5.3*eta_y + -0.08
Checkpoint details: /homes/aiskhak/projects/GP/linear_results_linear_refine_best_screen_C1etaH_C2etaY_C3_CeffMin005_chunk1/linear_refine_best_screen_C1etaH_C2etaY_C3_CeffMin005_chunk1_refine_train_details_checkpoint.csv
Checkpoint summary: /homes/aiskhak/projects/GP/linear_results_linear_refine_best_screen_C1etaH_C2etaY_C3_CeffMin005_chunk1/linear_refine_best_screen_C1etaH_C2etaY_C3_CeffMin005_chunk1_refine_train_summary_checkpoint.csv
===========================


===== Stage refine_train, candidate batch starting 8, case batch 5/18 =====
Running 8 tasks with 64 MPI ranks

===== Linear candidate local_id=000, RE=3413, CG=3 =====
raw = -1*eta_h + -5*eta_y + -0.12

===== Linear candidate local_id=001, RE=3413, CG=3 =====
raw = -1*eta_h + -5*eta_y + -0.08
raw min/max = -5.125654205551524 -0.14975428391202528
C_eff min/max = 0.020504337413078527 0.26265917216573836
lm min/max = 0.0065394513359588215 0.1059122100928948
raw min/max = -5.085654205551524 -0.10975428391202527
C_eff min/max = 0.020504698691072503 0.2955022935386189
lm min/max = 0.00735714977065661 0.10591407622248626

===== Linear candidate local_id=002, RE=3413, CG=3 =====
raw = -1*eta_h + -4.8*eta_y + -0.2
raw min/max = -5.005654205551524 -0.22879028077760524
C_eff min/max = 0.020505514038088625 0.20902973576081119
lm min/max = 0.005204233964133622 0.10591828778039863

===== Linear candidate local_id=003, RE=3413, CG=3 =====
raw = -1*eta_h + -4.8*eta_y + -0.16

===== Linear candidate local_id=004, RE=3413, CG=3 =====
raw = -1*eta_h + -4.8*eta_y + -0.14
raw min/max = -4.965654205551524 -0.18879028077760523
raw min/max = -4.945654205551524 -0.16879028077760524
C_eff min/max = 0.020506217131593275 0.24845322260037117
lm min/max = 0.006185764407389715 0.10592191950891926

===== Linear candidate local_id=005, RE=3413, CG=3 =====
raw = -1*eta_h + -4.8*eta_y + -0.12
raw min/max = -4.925654205551524 -0.14879028077760523
C_eff min/max = 0.020505973330719587 0.23444401986212854
lm min/max = 0.005836975903996004 0.10592066019052068
C_eff min/max = 0.020506470884220147 0.2634020991645594
lm min/max = 0.00655794806278127 0.10592323023166965

===== Linear candidate local_id=006, RE=3413, CG=3 =====
raw = -1*eta_h + -4.8*eta_y + -0.08
raw min/max = -4.885654205551524 -0.10879028077760522
C_eff min/max = 0.020507009886567767 0.2963467683660998
lm min/max = 0.007378174743792781 0.10592601437088524

===== Linear candidate local_id=007, RE=3413, CG=3 =====
raw = -1*eta_h + -4.6*eta_y + -0.2
raw min/max = -4.805654205551524 -0.2278262776431852
C_eff min/max = 0.020508226340638726 0.20960377509435837
lm min/max = 0.005218525878083192 0.10593229778968276
Running case in: /homes/aiskhak/projects/GP/runs/3413/3/cand_000 with fv_app_run.sh
Running case in: /homes/aiskhak/projects/GP/runs/3413/3/cand_001 with fv_app_run.sh
Running case in: /homes/aiskhak/projects/GP/runs/3413/3/cand_004 with fv_app_run.sh
Running case in: /homes/aiskhak/projects/GP/runs/3413/3/cand_002 with fv_app_run.sh
Running case in: /homes/aiskhak/projects/GP/runs/3413/3/cand_003 with fv_app_run.sh
Running case in: /homes/aiskhak/projects/GP/runs/3413/3/cand_005 with fv_app_run.sh
Running case in: /homes/aiskhak/projects/GP/runs/3413/3/cand_006 with fv_app_run.sh
Running case in: /homes/aiskhak/projects/GP/runs/3413/3/cand_007 with fv_app_run.sh
Return code = 0
Elapsed: 24.38 sec
has_err = False
has_conv = True
has_ss = False
has_fin = True
Using VPP file: /homes/aiskhak/projects/GP/runs/3413/3/cand_002/tamu_2d_fv_gp_csv_vpp_0002.csv
Return code = 0
Elapsed: 24.68 sec
has_err = False
has_conv = True
has_ss = False
has_fin = True
Using VPP file: /homes/aiskhak/projects/GP/runs/3413/3/cand_007/tamu_2d_fv_gp_csv_vpp_0002.csv
VPP columns: ('id', 'u', 'v', 'x', 'y', 'z')
coordinate check: max |r_res-r_cg| = 5.000444502911705e-12
coordinate check: max |z_res-z_cg| = 5.000444502911705e-12
Return code = 0
Elapsed: 25.53 sec
has_err = False
has_conv = True
has_ss = False
has_fin = True
Using VPP file: /homes/aiskhak/projects/GP/runs/3413/3/cand_000/tamu_2d_fv_gp_csv_vpp_0002.csv
Return code = 0
Elapsed: 25.43 sec
has_err = False
has_conv = True
has_ss = False
has_fin = True
Using VPP file: /homes/aiskhak/projects/GP/runs/3413/3/cand_004/tamu_2d_fv_gp_csv_vpp_0002.csv
Return code = 0
Elapsed: 25.64 sec
has_err = False
has_conv = True
has_ss = False
has_fin = True
Using VPP file: /homes/aiskhak/projects/GP/runs/3413/3/cand_005/tamu_2d_fv_gp_csv_vpp_0002.csv
VPP columns: ('id', 'u', 'v', 'x', 'y', 'z')
coordinate check: max |r_res-r_cg| = 5.000444502911705e-12
coordinate check: max |z_res-z_cg| = 5.000444502911705e-12
VPP columns: ('id', 'u', 'v', 'x', 'y', 'z')
coordinate check: max |r_res-r_cg| = 5.000444502911705e-12
coordinate check: max |z_res-z_cg| = 5.000444502911705e-12
VPP columns: ('id', 'u', 'v', 'x', 'y', 'z')
coordinate check: max |r_res-r_cg| = 5.000444502911705e-12
coordinate check: max |z_res-z_cg| = 5.000444502911705e-12
VPP columns: ('id', 'u', 'v', 'x', 'y', 'z')
coordinate check: max |r_res-r_cg| = 5.000444502911705e-12
coordinate check: max |z_res-z_cg| = 5.000444502911705e-12
Return code = 0
Elapsed: 28.6 sec
has_err = False
has_conv = True
has_ss = False
has_fin = True
Using VPP file: /homes/aiskhak/projects/GP/runs/3413/3/cand_001/tamu_2d_fv_gp_csv_vpp_0002.csv
VPP columns: ('id', 'u', 'v', 'x', 'y', 'z')
coordinate check: max |r_res-r_cg| = 5.000444502911705e-12
coordinate check: max |z_res-z_cg| = 5.000444502911705e-12
Return code = 0
Elapsed: 28.69 sec
has_err = False
has_conv = True
has_ss = False
has_fin = True
Using VPP file: /homes/aiskhak/projects/GP/runs/3413/3/cand_006/tamu_2d_fv_gp_csv_vpp_0002.csv
Return code = 0
Elapsed: 28.81 sec
has_err = False
has_conv = True
has_ss = False
has_fin = True
Using VPP file: /homes/aiskhak/projects/GP/runs/3413/3/cand_003/tamu_2d_fv_gp_csv_vpp_0002.csv
VPP columns: ('id', 'u', 'v', 'x', 'y', 'z')
coordinate check: max |r_res-r_cg| = 5.000444502911705e-12
coordinate check: max |z_res-z_cg| = 5.000444502911705e-12
VPP columns: ('id', 'u', 'v', 'x', 'y', 'z')
coordinate check: max |r_res-r_cg| = 5.000444502911705e-12
coordinate check: max |z_res-z_cg| = 5.000444502911705e-12

===== LIVE CHECKPOINT =====
Chunk 1, stage refine_train, candidate batch starting 8, case batch 5/18
Completed result rows: 248
Current best partial candidates:
  n_cases= 24, mean=0.44801452, raw = -1*eta_h + -5*eta_y + -0.14
  n_cases= 24, mean=0.44931784, raw = -1*eta_h + -5*eta_y + -0.16
  n_cases= 24, mean=0.45169832, raw = -1*eta_h + -5.3*eta_y + -0.12
  n_cases= 24, mean=0.45240403, raw = -1*eta_h + -5.3*eta_y + -0.14
  n_cases= 24, mean=0.45241446, raw = -1*eta_h + -5.3*eta_y + -0.08
Checkpoint details: /homes/aiskhak/projects/GP/linear_results_linear_refine_best_screen_C1etaH_C2etaY_C3_CeffMin005_chunk1/linear_refine_best_screen_C1etaH_C2etaY_C3_CeffMin005_chunk1_refine_train_details_checkpoint.csv
Checkpoint summary: /homes/aiskhak/projects/GP/linear_results_linear_refine_best_screen_C1etaH_C2etaY_C3_CeffMin005_chunk1/linear_refine_best_screen_C1etaH_C2etaY_C3_CeffMin005_chunk1_refine_train_summary_checkpoint.csv
===========================


===== Stage refine_train, candidate batch starting 8, case batch 6/18 =====
Running 8 tasks with 96 MPI ranks

===== Linear candidate local_id=000, RE=3413, CG=4 =====
raw = -1*eta_h + -5*eta_y + -0.12
raw min/max = -5.122820598169251 -0.13486760518961954
C_eff min/max = 0.020504362065661787 0.27439313658581316
lm min/max = 0.0034228758291784717 0.10615855622486982

===== Linear candidate local_id=001, RE=3413, CG=4 =====
raw = -1*eta_h + -5*eta_y + -0.08
raw min/max = -5.082820598169251 -0.09486760518961955
C_eff min/max = 0.020504725397211487 0.30883548861798554
lm min/max = 0.0038525217588758045 0.10616043732473646

===== Linear candidate local_id=002, RE=3413, CG=4 =====
raw = -1*eta_h + -4.8*eta_y + -0.2
raw min/max = -5.002820598169251 -0.2143857249088048
C_eff min/max = 0.020505545378865588 0.21779990011128028
lm min/max = 0.002716912029813982 0.10616468266864189

===== Linear candidate local_id=003, RE=3413, CG=4 =====
raw = -1*eta_h + -4.8*eta_y + -0.16
raw min/max = -4.962820598169251 -0.1743857249088048
C_eff min/max = 0.020506007282286 0.2444415386578114
lm min/max = 0.0030492491347623484 0.1061670741110125

===== Linear candidate local_id=004, RE=3413, CG=4 =====
raw = -1*eta_h + -4.8*eta_y + -0.14
raw min/max = -4.94282059816925 -0.1543857249088048
C_eff min/max = 0.02050625246903007 0.25912192513391147
lm min/max = 0.003232377403411031 0.10616834353215678

===== Linear candidate local_id=005, RE=3413, CG=4 =====
raw = -1*eta_h + -4.8*eta_y + -0.12
raw min/max = -4.922820598169251 -0.1343857249088048
C_eff min/max = 0.020506507664109146 0.27478242873431485
lm min/max = 0.003427731995415628 0.1061696647700994

===== Linear candidate local_id=006, RE=3413, CG=4 =====
raw = -1*eta_h + -4.8*eta_y + -0.08
raw min/max = -4.882820598169251 -0.0943857249088048
C_eff min/max = 0.020507049730445513 0.3092776665754183
lm min/max = 0.0038580376411661717 0.10617247124510518

===== Linear candidate local_id=007, RE=3413, CG=4 =====
raw = -1*eta_h + -4.6*eta_y + -0.2
raw min/max = -4.802820598169251 -0.21390384462799006
C_eff min/max = 0.02050827309971532 0.21810053119986347
lm min/max = 0.00272066220702109 0.10617880507373134
Running case in: /homes/aiskhak/projects/GP/runs/3413/4/cand_000 with fv_app_run.sh
Running case in: /homes/aiskhak/projects/GP/runs/3413/4/cand_001 with fv_app_run.sh
Running case in: /homes/aiskhak/projects/GP/runs/3413/4/cand_002 with fv_app_run.sh
Running case in: /homes/aiskhak/projects/GP/runs/3413/4/cand_003 with fv_app_run.sh
Running case in: /homes/aiskhak/projects/GP/runs/3413/4/cand_004 with fv_app_run.sh
Running case in: /homes/aiskhak/projects/GP/runs/3413/4/cand_007 with fv_app_run.sh
Running case in: /homes/aiskhak/projects/GP/runs/3413/4/cand_005 with fv_app_run.sh
Running case in: /homes/aiskhak/projects/GP/runs/3413/4/cand_006 with fv_app_run.sh
Return code = 0
Elapsed: 68.04 sec
has_err = False
has_conv = True
has_ss = False
has_fin = True
Using VPP file: /homes/aiskhak/projects/GP/runs/3413/4/cand_002/tamu_2d_fv_gp_csv_vpp_0002.csv
Return code = 0
Elapsed: 67.74 sec
has_err = False
has_conv = True
has_ss = False
has_fin = True
Using VPP file: /homes/aiskhak/projects/GP/runs/3413/4/cand_004/tamu_2d_fv_gp_csv_vpp_0002.csv
Return code = 0
Elapsed: 68.49 sec
has_err = False
has_conv = True
has_ss = False
has_fin = True
Using VPP file: /homes/aiskhak/projects/GP/runs/3413/4/cand_000/tamu_2d_fv_gp_csv_vpp_0002.csv
Return code = 0
Elapsed: 68.04 sec
has_err = False
has_conv = True
has_ss = False
has_fin = True
Using VPP file: /homes/aiskhak/projects/GP/runs/3413/4/cand_003/tamu_2d_fv_gp_csv_vpp_0002.csv
VPP columns: ('id', 'u', 'v', 'x', 'y', 'z')
coordinate check: max |r_res-r_cg| = 5.000444502911705e-12
coordinate check: max |z_res-z_cg| = 5.000444502911705e-12
VPP columns: ('id', 'u', 'v', 'x', 'y', 'z')
coordinate check: max |r_res-r_cg| = 5.000444502911705e-12
coordinate check: max |z_res-z_cg| = 5.000444502911705e-12
VPP columns: ('id', 'u', 'v', 'x', 'y', 'z')
coordinate check: max |r_res-r_cg| = 5.000444502911705e-12
coordinate check: max |z_res-z_cg| = 5.000444502911705e-12
VPP columns: ('id', 'u', 'v', 'x', 'y', 'z')
coordinate check: max |r_res-r_cg| = 5.000444502911705e-12
coordinate check: max |z_res-z_cg| = 5.000444502911705e-12
Return code = 0
Elapsed: 73.68 sec
has_err = False
has_conv = True
has_ss = False
has_fin = True
Using VPP file: /homes/aiskhak/projects/GP/runs/3413/4/cand_001/tamu_2d_fv_gp_csv_vpp_0002.csv
Return code = 0
Elapsed: 71.46 sec
has_err = False
has_conv = True
has_ss = False
has_fin = True
Using VPP file: /homes/aiskhak/projects/GP/runs/3413/4/cand_005/tamu_2d_fv_gp_csv_vpp_0002.csv
Return code = 0
Elapsed: 74.0 sec
has_err = False
has_conv = True
has_ss = False
has_fin = True
Using VPP file: /homes/aiskhak/projects/GP/runs/3413/4/cand_006/tamu_2d_fv_gp_csv_vpp_0002.csv
VPP columns: ('id', 'u', 'v', 'x', 'y', 'z')
coordinate check: max |r_res-r_cg| = 5.000444502911705e-12
coordinate check: max |z_res-z_cg| = 5.000444502911705e-12
VPP columns: ('id', 'u', 'v', 'x', 'y', 'z')
coordinate check: max |r_res-r_cg| = 5.000444502911705e-12
coordinate check: max |z_res-z_cg| = 5.000444502911705e-12
VPP columns: ('id', 'u', 'v', 'x', 'y', 'z')
coordinate check: max |r_res-r_cg| = 5.000444502911705e-12
coordinate check: max |z_res-z_cg| = 5.000444502911705e-12
Return code = 0
Elapsed: 83.57 sec
has_err = False
has_conv = True
has_ss = False
has_fin = True
Using VPP file: /homes/aiskhak/projects/GP/runs/3413/4/cand_007/tamu_2d_fv_gp_csv_vpp_0002.csv
VPP columns: ('id', 'u', 'v', 'x', 'y', 'z')
coordinate check: max |r_res-r_cg| = 5.000444502911705e-12
coordinate check: max |z_res-z_cg| = 5.000444502911705e-12

===== LIVE CHECKPOINT =====
Chunk 1, stage refine_train, candidate batch starting 8, case batch 6/18
Completed result rows: 256
Current best partial candidates:
  n_cases= 24, mean=0.44801452, raw = -1*eta_h + -5*eta_y + -0.14
  n_cases= 24, mean=0.44931784, raw = -1*eta_h + -5*eta_y + -0.16
  n_cases= 24, mean=0.45169832, raw = -1*eta_h + -5.3*eta_y + -0.12
  n_cases= 24, mean=0.45240403, raw = -1*eta_h + -5.3*eta_y + -0.14
  n_cases= 24, mean=0.45241446, raw = -1*eta_h + -5.3*eta_y + -0.08
Checkpoint details: /homes/aiskhak/projects/GP/linear_results_linear_refine_best_screen_C1etaH_C2etaY_C3_CeffMin005_chunk1/linear_refine_best_screen_C1etaH_C2etaY_C3_CeffMin005_chunk1_refine_train_details_checkpoint.csv
Checkpoint summary: /homes/aiskhak/projects/GP/linear_results_linear_refine_best_screen_C1etaH_C2etaY_C3_CeffMin005_chunk1/linear_refine_best_screen_C1etaH_C2etaY_C3_CeffMin005_chunk1_refine_train_summary_checkpoint.csv
===========================


===== Stage refine_train, candidate batch starting 8, case batch 7/18 =====
Running 16 tasks with 64 MPI ranks

===== Linear candidate local_id=000, RE=7912, CG=1 =====
raw = -1*eta_h + -5*eta_y + -0.12
raw min/max = -5.142772529311599 -0.23851718801585522
C_eff min/max = 0.020504191417935937 0.20333851693585916
lm min/max = 0.019993271263410235 0.10528398224650132
Running case in: /homes/aiskhak/projects/GP/runs/7912/1/cand_000 with fv_app_run.sh

===== Linear candidate local_id=000, RE=7912, CG=2 =====
raw = -1*eta_h + -5*eta_y + -0.12

===== Linear candidate local_id=001, RE=7912, CG=1 =====
raw = -1*eta_h + -5*eta_y + -0.08
raw min/max = -5.131314138253861 -0.17933906232465302
C_eff min/max = 0.020504288587595572 0.2409506118513731
lm min/max = 0.011947780447812188 0.1058539876569923
raw min/max = -5.102772529311599 -0.19851718801585522
C_eff min/max = 0.02050454053459744 0.22795399813003073
lm min/max = 0.022413589854352288 0.10528577487473241

===== Linear candidate local_id=001, RE=7912, CG=2 =====

===== Linear candidate local_id=002, RE=7912, CG=1 =====
raw = -1*eta_h + -5*eta_y + -0.08
raw = -1*eta_h + -4.8*eta_y + -0.2
raw min/max = -5.022772529311599 -0.314687401667685

===== Linear candidate local_id=002, RE=7912, CG=2 =====
raw = -1*eta_h + -4.8*eta_y + -0.2
C_eff min/max = 0.020505328434912113 0.16457582278467323
lm min/max = 0.016181927152398898 0.10528982054915337

===== Linear candidate local_id=003, RE=7912, CG=1 =====
raw = -1*eta_h + -4.8*eta_y + -0.16
raw min/max = -5.091314138253861 -0.13933906232465304
C_eff min/max = 0.020504645798440906 0.2708094098590928
lm min/max = 0.013428359228213298 0.10585583176839619
raw min/max = -5.011314138253861 -0.2574180653618214
C_eff min/max = 0.02050545196637548 0.1927887766924471
lm min/max = 0.009559627008311842 0.10585999363386309
raw min/max = -4.982772529311599 -0.274687401667685
C_eff min/max = 0.02050577226624914 0.18370985882751895
lm min/max = 0.018063282336518563 0.10529209951395893

===== Linear candidate local_id=003, RE=7912, CG=2 =====
raw = -1*eta_h + -4.8*eta_y + -0.16

===== Linear candidate local_id=004, RE=7912, CG=1 =====
raw = -1*eta_h + -4.8*eta_y + -0.14
raw min/max = -4.962772529311598 -0.254687401667685

===== Linear candidate local_id=004, RE=7912, CG=2 =====
raw = -1*eta_h + -4.8*eta_y + -0.14
raw min/max = -4.971314138253861 -0.21741806536182137
C_eff min/max = 0.020505906088237793 0.21591899192332342
lm min/max = 0.010706562187956114 0.10586233805121766
C_eff min/max = 0.020506007859896532 0.19427249256026355
lm min/max = 0.01910185390012166 0.1052933092294207

===== Linear candidate local_id=005, RE=7912, CG=1 =====
raw = -1*eta_h + -4.8*eta_y + -0.12

===== Linear candidate local_id=006, RE=7912, CG=1 =====

===== Linear candidate local_id=005, RE=7912, CG=2 =====
raw = -1*eta_h + -4.8*eta_y + -0.08
raw min/max = -4.951314138253861 -0.19741806536182138
raw = -1*eta_h + -4.8*eta_y + -0.12
C_eff min/max = 0.020506147144342533 0.2286770570997405
lm min/max = 0.011339183788272839 0.10586358251038662
raw min/max = -4.942772529311599 -0.23468740166768498
C_eff min/max = 0.02050625307021811 0.20555756756791332
lm min/max = 0.020211459543242608 0.10529456832414029
raw min/max = -4.902772529311599 -0.194687401667685
C_eff min/max = 0.020506773927414162 0.2304847201497503
lm min/max = 0.022662423241135075 0.10529724279779615

===== Linear candidate local_id=006, RE=7912, CG=2 =====
raw = -1*eta_h + -4.8*eta_y + -0.08
raw min/max = -4.931314138253861 -0.17741806536182136

===== Linear candidate local_id=007, RE=7912, CG=1 =====
C_eff min/max = 0.020506398040138412 0.24229778290913329
lm min/max = 0.012014581290939718 0.10586487776724797
raw = -1*eta_h + -4.6*eta_y + -0.2

===== Linear candidate local_id=007, RE=7912, CG=2 =====
raw = -1*eta_h + -4.6*eta_y + -0.2
raw min/max = -4.822772529311599 -0.3108576153195147
raw min/max = -4.891314138253861 -0.13741806536182138
C_eff min/max = 0.020507949429248922 0.16629966460032766
lm min/max = 0.016351423997143077 0.10530327871073605
C_eff min/max = 0.020506930974142114 0.2723427205051257
lm min/max = 0.013504389991598097 0.10586762905458032
raw min/max = -4.811314138253861 -0.2554970683989897
C_eff min/max = 0.02050813373241059 0.19383115827633127
lm min/max = 0.009611314556276123 0.10587383832920896
Running case in: /homes/aiskhak/projects/GP/runs/7912/2/cand_001 with fv_app_run.sh
Running case in: /homes/aiskhak/projects/GP/runs/7912/1/cand_006 with fv_app_run.sh
Running case in: /homes/aiskhak/projects/GP/runs/7912/1/cand_001 with fv_app_run.sh
Running case in: /homes/aiskhak/projects/GP/runs/7912/2/cand_000 with fv_app_run.sh
Running case in: /homes/aiskhak/projects/GP/runs/7912/1/cand_003 with fv_app_run.sh
Running case in: /homes/aiskhak/projects/GP/runs/7912/1/cand_002 with fv_app_run.sh
Running case in: /homes/aiskhak/projects/GP/runs/7912/1/cand_005 with fv_app_run.sh
Running case in: /homes/aiskhak/projects/GP/runs/7912/2/cand_006 with fv_app_run.sh
Running case in: /homes/aiskhak/projects/GP/runs/7912/1/cand_004 with fv_app_run.sh
Running case in: /homes/aiskhak/projects/GP/runs/7912/1/cand_007 with fv_app_run.sh
Running case in: /homes/aiskhak/projects/GP/runs/7912/2/cand_003 with fv_app_run.sh
Running case in: /homes/aiskhak/projects/GP/runs/7912/2/cand_004 with fv_app_run.sh
Running case in: /homes/aiskhak/projects/GP/runs/7912/2/cand_002 with fv_app_run.sh
Running case in: /homes/aiskhak/projects/GP/runs/7912/2/cand_005 with fv_app_run.sh
Running case in: /homes/aiskhak/projects/GP/runs/7912/2/cand_007 with fv_app_run.sh
Return code = 0
Elapsed: 13.13 sec
has_err = False
has_conv = True
has_ss = False
has_fin = True
Return code = 0
Elapsed: 12.57 sec
has_err = False
has_conv = True
has_ss = False
has_fin = True
Using VPP file: /homes/aiskhak/projects/GP/runs/7912/1/cand_000/tamu_2d_fv_gp_csv_vpp_0002.csv
Using VPP file: /homes/aiskhak/projects/GP/runs/7912/1/cand_001/tamu_2d_fv_gp_csv_vpp_0002.csv
Return code = 0
Elapsed: 12.69 sec
has_err = False
has_conv = True
has_ss = False
has_fin = True
Using VPP file: /homes/aiskhak/projects/GP/runs/7912/1/cand_006/tamu_2d_fv_gp_csv_vpp_0002.csv
VPP columns: ('id', 'u', 'v', 'x', 'y', 'z')
coordinate check: max |r_res-r_cg| = 5.000444502911705e-12
coordinate check: max |z_res-z_cg| = 5.000444502911705e-12
VPP columns: ('id', 'u', 'v', 'x', 'y', 'z')
coordinate check: max |r_res-r_cg| = 5.000444502911705e-12
coordinate check: max |z_res-z_cg| = 5.000444502911705e-12
VPP columns: ('id', 'u', 'v', 'x', 'y', 'z')
coordinate check: max |r_res-r_cg| = 5.000444502911705e-12
coordinate check: max |z_res-z_cg| = 5.000444502911705e-12
Return code = 0
Elapsed: 14.17 sec
has_err = False
has_conv = True
has_ss = False
has_fin = True
Using VPP file: /homes/aiskhak/projects/GP/runs/7912/1/cand_002/tamu_2d_fv_gp_csv_vpp_0002.csv
VPP columns: ('id', 'u', 'v', 'x', 'y', 'z')
coordinate check: max |r_res-r_cg| = 5.000444502911705e-12
coordinate check: max |z_res-z_cg| = 5.000444502911705e-12
Return code = 0
Elapsed: 16.74 sec
has_err = False
has_conv = True
has_ss = False
has_fin = True
Using VPP file: /homes/aiskhak/projects/GP/runs/7912/2/cand_001/tamu_2d_fv_gp_csv_vpp_0002.csv
VPP columns: ('id', 'u', 'v', 'x', 'y', 'z')
coordinate check: max |r_res-r_cg| = 5.000444502911705e-12
coordinate check: max |z_res-z_cg| = 5.000444502911705e-12
Return code = 0
Elapsed: 17.59 sec
has_err = False
has_conv = True
has_ss = False
has_fin = True
Using VPP file: /homes/aiskhak/projects/GP/runs/7912/2/cand_000/tamu_2d_fv_gp_csv_vpp_0002.csv
Return code = 0
Elapsed: 18.99 sec
has_err = False
has_conv = True
has_ss = False
has_fin = True
VPP columns: ('id', 'u', 'v', 'x', 'y', 'z')
coordinate check: max |r_res-r_cg| = 5.000444502911705e-12
coordinate check: max |z_res-z_cg| = 5.000444502911705e-12
Using VPP file: /homes/aiskhak/projects/GP/runs/7912/1/cand_005/tamu_2d_fv_gp_csv_vpp_0002.csv
VPP columns: ('id', 'u', 'v', 'x', 'y', 'z')
coordinate check: max |r_res-r_cg| = 5.000444502911705e-12
coordinate check: max |z_res-z_cg| = 5.000444502911705e-12
Return code = 0
Elapsed: 19.33 sec
has_err = False
has_conv = True
has_ss = False
has_fin = True
Using VPP file: /homes/aiskhak/projects/GP/runs/7912/1/cand_003/tamu_2d_fv_gp_csv_vpp_0002.csv
Return code = 0
Elapsed: 19.33 sec
has_err = False
has_conv = True
has_ss = False
has_fin = True
Using VPP file: /homes/aiskhak/projects/GP/runs/7912/1/cand_004/tamu_2d_fv_gp_csv_vpp_0002.csv
Return code = 0
Elapsed: 19.53 sec
has_err = False
has_conv = True
has_ss = False
has_fin = True
Using VPP file: /homes/aiskhak/projects/GP/runs/7912/1/cand_007/tamu_2d_fv_gp_csv_vpp_0002.csv
VPP columns: ('id', 'u', 'v', 'x', 'y', 'z')
coordinate check: max |r_res-r_cg| = 5.000444502911705e-12
coordinate check: max |z_res-z_cg| = 5.000444502911705e-12
VPP columns: ('id', 'u', 'v', 'x', 'y', 'z')
coordinate check: max |r_res-r_cg| = 5.000444502911705e-12
coordinate check: max |z_res-z_cg| = 5.000444502911705e-12
VPP columns: ('id', 'u', 'v', 'x', 'y', 'z')
coordinate check: max |r_res-r_cg| = 5.000444502911705e-12
coordinate check: max |z_res-z_cg| = 5.000444502911705e-12
Return code = 0
Elapsed: 21.62 sec
has_err = False
has_conv = True
has_ss = False
has_fin = True
Using VPP file: /homes/aiskhak/projects/GP/runs/7912/2/cand_006/tamu_2d_fv_gp_csv_vpp_0002.csv
VPP columns: ('id', 'u', 'v', 'x', 'y', 'z')
coordinate check: max |r_res-r_cg| = 5.000444502911705e-12
coordinate check: max |z_res-z_cg| = 5.000444502911705e-12
Return code = 0
Elapsed: 23.89 sec
has_err = False
has_conv = True
has_ss = False
has_fin = True
Using VPP file: /homes/aiskhak/projects/GP/runs/7912/2/cand_003/tamu_2d_fv_gp_csv_vpp_0002.csv
Return code = 0
Elapsed: 23.62 sec
has_err = False
has_conv = True
has_ss = False
has_fin = True
Using VPP file: /homes/aiskhak/projects/GP/runs/7912/2/cand_005/tamu_2d_fv_gp_csv_vpp_0002.csv
Return code = 0
Elapsed: 23.69 sec
has_err = False
has_conv = True
has_ss = False
has_fin = True
Using VPP file: /homes/aiskhak/projects/GP/runs/7912/2/cand_007/tamu_2d_fv_gp_csv_vpp_0002.csv
VPP columns: ('id', 'u', 'v', 'x', 'y', 'z')
coordinate check: max |r_res-r_cg| = 5.000444502911705e-12
coordinate check: max |z_res-z_cg| = 5.000444502911705e-12
VPP columns: ('id', 'u', 'v', 'x', 'y', 'z')
coordinate check: max |r_res-r_cg| = 5.000444502911705e-12
coordinate check: max |z_res-z_cg| = 5.000444502911705e-12
VPP columns: ('id', 'u', 'v', 'x', 'y', 'z')
coordinate check: max |r_res-r_cg| = 5.000444502911705e-12
coordinate check: max |z_res-z_cg| = 5.000444502911705e-12
Return code = 0
Elapsed: 24.32 sec
has_err = False
has_conv = True
has_ss = False
has_fin = True
Return code = 0
Elapsed: 24.27 sec
has_err = False
has_conv = True
has_ss = False
has_fin = True
Using VPP file: /homes/aiskhak/projects/GP/runs/7912/2/cand_004/tamu_2d_fv_gp_csv_vpp_0002.csv
Using VPP file: /homes/aiskhak/projects/GP/runs/7912/2/cand_002/tamu_2d_fv_gp_csv_vpp_0002.csv
VPP columns: ('id', 'u', 'v', 'x', 'y', 'z')
coordinate check: max |r_res-r_cg| = 5.000444502911705e-12
coordinate check: max |z_res-z_cg| = 5.000444502911705e-12
VPP columns: ('id', 'u', 'v', 'x', 'y', 'z')
coordinate check: max |r_res-r_cg| = 5.000444502911705e-12
coordinate check: max |z_res-z_cg| = 5.000444502911705e-12

===== LIVE CHECKPOINT =====
Chunk 1, stage refine_train, candidate batch starting 8, case batch 7/18
Completed result rows: 272
Current best partial candidates:
  n_cases= 24, mean=0.44801452, raw = -1*eta_h + -5*eta_y + -0.14
  n_cases= 24, mean=0.44931784, raw = -1*eta_h + -5*eta_y + -0.16
  n_cases= 24, mean=0.45169832, raw = -1*eta_h + -5.3*eta_y + -0.12
  n_cases= 24, mean=0.45240403, raw = -1*eta_h + -5.3*eta_y + -0.14
  n_cases= 24, mean=0.45241446, raw = -1*eta_h + -5.3*eta_y + -0.08
Checkpoint details: /homes/aiskhak/projects/GP/linear_results_linear_refine_best_screen_C1etaH_C2etaY_C3_CeffMin005_chunk1/linear_refine_best_screen_C1etaH_C2etaY_C3_CeffMin005_chunk1_refine_train_details_checkpoint.csv
Checkpoint summary: /homes/aiskhak/projects/GP/linear_results_linear_refine_best_screen_C1etaH_C2etaY_C3_CeffMin005_chunk1/linear_refine_best_screen_C1etaH_C2etaY_C3_CeffMin005_chunk1_refine_train_summary_checkpoint.csv
===========================


===== Stage refine_train, candidate batch starting 8, case batch 8/18 =====
Running 8 tasks with 64 MPI ranks

===== Linear candidate local_id=000, RE=7912, CG=3 =====
raw = -1*eta_h + -5*eta_y + -0.12
raw min/max = -5.125654205551524 -0.14975428391202528
C_eff min/max = 0.020504337413078527 0.26265917216573836
lm min/max = 0.0065394513359588215 0.1059122100928948

===== Linear candidate local_id=001, RE=7912, CG=3 =====
raw = -1*eta_h + -5*eta_y + -0.08
raw min/max = -5.085654205551524 -0.10975428391202527
C_eff min/max = 0.020504698691072503 0.2955022935386189
lm min/max = 0.00735714977065661 0.10591407622248626

===== Linear candidate local_id=002, RE=7912, CG=3 =====
raw = -1*eta_h + -4.8*eta_y + -0.2

===== Linear candidate local_id=003, RE=7912, CG=3 =====
raw = -1*eta_h + -4.8*eta_y + -0.16
raw min/max = -5.005654205551524 -0.22879028077760524
C_eff min/max = 0.020505514038088625 0.20902973576081119
lm min/max = 0.005204233964133622 0.10591828778039863
raw min/max = -4.965654205551524 -0.18879028077760523
C_eff min/max = 0.020505973330719587 0.23444401986212854
lm min/max = 0.005836975903996004 0.10592066019052068

===== Linear candidate local_id=004, RE=7912, CG=3 =====
raw = -1*eta_h + -4.8*eta_y + -0.14
raw min/max = -4.945654205551524 -0.16879028077760524
C_eff min/max = 0.020506217131593275 0.24845322260037117
lm min/max = 0.006185764407389715 0.10592191950891926

===== Linear candidate local_id=005, RE=7912, CG=3 =====
raw = -1*eta_h + -4.8*eta_y + -0.12
raw min/max = -4.925654205551524 -0.14879028077760523

===== Linear candidate local_id=006, RE=7912, CG=3 =====
raw = -1*eta_h + -4.8*eta_y + -0.08
C_eff min/max = 0.020506470884220147 0.2634020991645594
lm min/max = 0.00655794806278127 0.10592323023166965
raw min/max = -4.885654205551524 -0.10879028077760522
C_eff min/max = 0.020507009886567767 0.2963467683660998
lm min/max = 0.007378174743792781 0.10592601437088524

===== Linear candidate local_id=007, RE=7912, CG=3 =====
raw = -1*eta_h + -4.6*eta_y + -0.2
raw min/max = -4.805654205551524 -0.2278262776431852
C_eff min/max = 0.020508226340638726 0.20960377509435837
lm min/max = 0.005218525878083192 0.10593229778968276
Running case in: /homes/aiskhak/projects/GP/runs/7912/3/cand_003 with fv_app_run.sh
Running case in: /homes/aiskhak/projects/GP/runs/7912/3/cand_000 with fv_app_run.sh
Running case in: /homes/aiskhak/projects/GP/runs/7912/3/cand_007 with fv_app_run.sh
Running case in: /homes/aiskhak/projects/GP/runs/7912/3/cand_006 with fv_app_run.sh
Running case in: /homes/aiskhak/projects/GP/runs/7912/3/cand_004 with fv_app_run.sh
Running case in: /homes/aiskhak/projects/GP/runs/7912/3/cand_001 with fv_app_run.sh
Running case in: /homes/aiskhak/projects/GP/runs/7912/3/cand_005 with fv_app_run.sh
Running case in: /homes/aiskhak/projects/GP/runs/7912/3/cand_002 with fv_app_run.sh
Return code = 0
Elapsed: 37.96 sec
has_err = False
has_conv = True
has_ss = False
has_fin = True
Using VPP file: /homes/aiskhak/projects/GP/runs/7912/3/cand_003/tamu_2d_fv_gp_csv_vpp_0002.csv
VPP columns: ('id', 'u', 'v', 'x', 'y', 'z')
coordinate check: max |r_res-r_cg| = 5.000444502911705e-12
coordinate check: max |z_res-z_cg| = 5.000444502911705e-12
Return code = 0
Elapsed: 41.96 sec
has_err = False
has_conv = True
has_ss = False
has_fin = True
Using VPP file: /homes/aiskhak/projects/GP/runs/7912/3/cand_004/tamu_2d_fv_gp_csv_vpp_0002.csv
VPP columns: ('id', 'u', 'v', 'x', 'y', 'z')
coordinate check: max |r_res-r_cg| = 5.000444502911705e-12
coordinate check: max |z_res-z_cg| = 5.000444502911705e-12
Return code = 0
Elapsed: 43.24 sec
has_err = False
has_conv = True
has_ss = False
has_fin = True
Using VPP file: /homes/aiskhak/projects/GP/runs/7912/3/cand_002/tamu_2d_fv_gp_csv_vpp_0002.csv
Return code = 0
Elapsed: 43.49 sec
has_err = False
has_conv = True
has_ss = False
has_fin = True
Using VPP file: /homes/aiskhak/projects/GP/runs/7912/3/cand_005/tamu_2d_fv_gp_csv_vpp_0002.csv
Return code = 0
Elapsed: 44.01 sec
has_err = False
has_conv = True
has_ss = False
has_fin = True
Using VPP file: /homes/aiskhak/projects/GP/runs/7912/3/cand_000/tamu_2d_fv_gp_csv_vpp_0002.csv
VPP columns: ('id', 'u', 'v', 'x', 'y', 'z')
coordinate check: max |r_res-r_cg| = 5.000444502911705e-12
coordinate check: max |z_res-z_cg| = 5.000444502911705e-12
Return code = 0
Elapsed: 44.14 sec
has_err = False
has_conv = True
has_ss = False
has_fin = True
Using VPP file: /homes/aiskhak/projects/GP/runs/7912/3/cand_006/tamu_2d_fv_gp_csv_vpp_0002.csv
VPP columns: ('id', 'u', 'v', 'x', 'y', 'z')
coordinate check: max |r_res-r_cg| = 5.000444502911705e-12
coordinate check: max |z_res-z_cg| = 5.000444502911705e-12
VPP columns: ('id', 'u', 'v', 'x', 'y', 'z')
coordinate check: max |r_res-r_cg| = 5.000444502911705e-12
coordinate check: max |z_res-z_cg| = 5.000444502911705e-12
Return code = 0
Elapsed: 44.5 sec
has_err = False
has_conv = True
has_ss = False
has_fin = True
Using VPP file: /homes/aiskhak/projects/GP/runs/7912/3/cand_007/tamu_2d_fv_gp_csv_vpp_0002.csv
VPP columns: ('id', 'u', 'v', 'x', 'y', 'z')
coordinate check: max |r_res-r_cg| = 5.000444502911705e-12
coordinate check: max |z_res-z_cg| = 5.000444502911705e-12
Return code = 0
Elapsed: 47.17 sec
has_err = False
has_conv = True
has_ss = False
has_fin = True
Using VPP file: /homes/aiskhak/projects/GP/runs/7912/3/cand_001/tamu_2d_fv_gp_csv_vpp_0002.csv
VPP columns: ('id', 'u', 'v', 'x', 'y', 'z')
coordinate check: max |r_res-r_cg| = 5.000444502911705e-12
coordinate check: max |z_res-z_cg| = 5.000444502911705e-12
VPP columns: ('id', 'u', 'v', 'x', 'y', 'z')
coordinate check: max |r_res-r_cg| = 5.000444502911705e-12
coordinate check: max |z_res-z_cg| = 5.000444502911705e-12

===== LIVE CHECKPOINT =====
Chunk 1, stage refine_train, candidate batch starting 8, case batch 8/18
Completed result rows: 280
Current best partial candidates:
  n_cases= 24, mean=0.44801452, raw = -1*eta_h + -5*eta_y + -0.14
  n_cases= 24, mean=0.44931784, raw = -1*eta_h + -5*eta_y + -0.16
  n_cases= 24, mean=0.45169832, raw = -1*eta_h + -5.3*eta_y + -0.12
  n_cases= 24, mean=0.45240403, raw = -1*eta_h + -5.3*eta_y + -0.14
  n_cases= 24, mean=0.45241446, raw = -1*eta_h + -5.3*eta_y + -0.08
Checkpoint details: /homes/aiskhak/projects/GP/linear_results_linear_refine_best_screen_C1etaH_C2etaY_C3_CeffMin005_chunk1/linear_refine_best_screen_C1etaH_C2etaY_C3_CeffMin005_chunk1_refine_train_details_checkpoint.csv
Checkpoint summary: /homes/aiskhak/projects/GP/linear_results_linear_refine_best_screen_C1etaH_C2etaY_C3_CeffMin005_chunk1/linear_refine_best_screen_C1etaH_C2etaY_C3_CeffMin005_chunk1_refine_train_summary_checkpoint.csv
===========================


===== Stage refine_train, candidate batch starting 8, case batch 9/18 =====
Running 8 tasks with 96 MPI ranks

===== Linear candidate local_id=000, RE=7912, CG=4 =====
raw = -1*eta_h + -5*eta_y + -0.12
raw min/max = -5.122820598169251 -0.13486760518961954
C_eff min/max = 0.020504362065661787 0.27439313658581316
lm min/max = 0.0034228758291784717 0.10615855622486982

===== Linear candidate local_id=001, RE=7912, CG=4 =====
raw = -1*eta_h + -5*eta_y + -0.08
raw min/max = -5.082820598169251 -0.09486760518961955
C_eff min/max = 0.020504725397211487 0.30883548861798554
lm min/max = 0.0038525217588758045 0.10616043732473646

===== Linear candidate local_id=002, RE=7912, CG=4 =====
raw = -1*eta_h + -4.8*eta_y + -0.2
raw min/max = -5.002820598169251 -0.2143857249088048
C_eff min/max = 0.020505545378865588 0.21779990011128028
lm min/max = 0.002716912029813982 0.10616468266864189

===== Linear candidate local_id=003, RE=7912, CG=4 =====
raw = -1*eta_h + -4.8*eta_y + -0.16
raw min/max = -4.962820598169251 -0.1743857249088048
C_eff min/max = 0.020506007282286 0.2444415386578114
lm min/max = 0.0030492491347623484 0.1061670741110125

===== Linear candidate local_id=004, RE=7912, CG=4 =====
raw = -1*eta_h + -4.8*eta_y + -0.14
raw min/max = -4.94282059816925 -0.1543857249088048
C_eff min/max = 0.02050625246903007 0.25912192513391147
lm min/max = 0.003232377403411031 0.10616834353215678

===== Linear candidate local_id=005, RE=7912, CG=4 =====
raw = -1*eta_h + -4.8*eta_y + -0.12
raw min/max = -4.922820598169251 -0.1343857249088048
C_eff min/max = 0.020506507664109146 0.27478242873431485
lm min/max = 0.003427731995415628 0.1061696647700994

===== Linear candidate local_id=006, RE=7912, CG=4 =====
raw = -1*eta_h + -4.8*eta_y + -0.08
raw min/max = -4.882820598169251 -0.0943857249088048
C_eff min/max = 0.020507049730445513 0.3092776665754183
lm min/max = 0.0038580376411661717 0.10617247124510518

===== Linear candidate local_id=007, RE=7912, CG=4 =====
raw = -1*eta_h + -4.6*eta_y + -0.2
raw min/max = -4.802820598169251 -0.21390384462799006
C_eff min/max = 0.02050827309971532 0.21810053119986347
lm min/max = 0.00272066220702109 0.10617880507373134
Running case in: /homes/aiskhak/projects/GP/runs/7912/4/cand_002 with fv_app_run.sh
Running case in: /homes/aiskhak/projects/GP/runs/7912/4/cand_004 with fv_app_run.sh
Running case in: /homes/aiskhak/projects/GP/runs/7912/4/cand_003 with fv_app_run.sh
Running case in: /homes/aiskhak/projects/GP/runs/7912/4/cand_001 with fv_app_run.sh
Running case in: /homes/aiskhak/projects/GP/runs/7912/4/cand_006 with fv_app_run.sh
Running case in: /homes/aiskhak/projects/GP/runs/7912/4/cand_005 with fv_app_run.sh
Running case in: /homes/aiskhak/projects/GP/runs/7912/4/cand_000 with fv_app_run.sh
Running case in: /homes/aiskhak/projects/GP/runs/7912/4/cand_007 with fv_app_run.sh
Return code = 0
Elapsed: 105.5 sec
has_err = False
has_conv = True
has_ss = False
has_fin = True
Using VPP file: /homes/aiskhak/projects/GP/runs/7912/4/cand_006/tamu_2d_fv_gp_csv_vpp_0002.csv
VPP columns: ('id', 'u', 'v', 'x', 'y', 'z')
coordinate check: max |r_res-r_cg| = 5.000444502911705e-12
coordinate check: max |z_res-z_cg| = 5.000444502911705e-12
Return code = 0
Elapsed: 108.54 sec
has_err = False
has_conv = True
has_ss = False
has_fin = True
Using VPP file: /homes/aiskhak/projects/GP/runs/7912/4/cand_004/tamu_2d_fv_gp_csv_vpp_0002.csv
VPP columns: ('id', 'u', 'v', 'x', 'y', 'z')
coordinate check: max |r_res-r_cg| = 5.000444502911705e-12
coordinate check: max |z_res-z_cg| = 5.000444502911705e-12
Return code = 0
Elapsed: 112.05 sec
has_err = False
has_conv = True
has_ss = False
has_fin = True
Using VPP file: /homes/aiskhak/projects/GP/runs/7912/4/cand_005/tamu_2d_fv_gp_csv_vpp_0002.csv
Return code = 0
Elapsed: 113.33 sec
has_err = False
has_conv = True
has_ss = False
has_fin = True
Using VPP file: /homes/aiskhak/projects/GP/runs/7912/4/cand_001/tamu_2d_fv_gp_csv_vpp_0002.csv
Return code = 0
Elapsed: 115.5 sec
has_err = False
has_conv = True
has_ss = False
has_fin = True
Using VPP file: /homes/aiskhak/projects/GP/runs/7912/4/cand_000/tamu_2d_fv_gp_csv_vpp_0002.csv
VPP columns: ('id', 'u', 'v', 'x', 'y', 'z')
coordinate check: max |r_res-r_cg| = 5.000444502911705e-12
coordinate check: max |z_res-z_cg| = 5.000444502911705e-12
Return code = 0
Elapsed: 128.24 sec
has_err = False
has_conv = True
has_ss = False
has_fin = True
Using VPP file: /homes/aiskhak/projects/GP/runs/7912/4/cand_003/tamu_2d_fv_gp_csv_vpp_0002.csv
VPP columns: ('id', 'u', 'v', 'x', 'y', 'z')
coordinate check: max |r_res-r_cg| = 5.000444502911705e-12
coordinate check: max |z_res-z_cg| = 5.000444502911705e-12
VPP columns: ('id', 'u', 'v', 'x', 'y', 'z')
coordinate check: max |r_res-r_cg| = 5.000444502911705e-12
coordinate check: max |z_res-z_cg| = 5.000444502911705e-12
VPP columns: ('id', 'u', 'v', 'x', 'y', 'z')
coordinate check: max |r_res-r_cg| = 5.000444502911705e-12
coordinate check: max |z_res-z_cg| = 5.000444502911705e-12
Return code = 0
Elapsed: 398.37 sec
has_err = True
has_conv = False
has_ss = False
has_fin = True
Steady failed; trying unsteady fallback
Running case in: /homes/aiskhak/projects/GP/runs/7912/4/cand_002 with fv_app_run_unsteady.sh
Return code = 0
Elapsed: 402.87 sec
has_err = True
has_conv = False
has_ss = False
has_fin = True
Steady failed; trying unsteady fallback
Running case in: /homes/aiskhak/projects/GP/runs/7912/4/cand_007 with fv_app_run_unsteady.sh
Return code = 0
Elapsed: 749.63 sec
has_err = False
has_conv = True
has_ss = True
has_fin = True
Using VPP file: /homes/aiskhak/projects/GP/runs/7912/4/cand_002/tamu_2d_fv_gp_csv_vpp_0027.csv
VPP columns: ('id', 'u', 'v', 'x', 'y', 'z')
coordinate check: max |r_res-r_cg| = 5.000444502911705e-12
coordinate check: max |z_res-z_cg| = 5.000444502911705e-12
Return code = 0
Elapsed: 748.28 sec
has_err = False
has_conv = True
has_ss = True
has_fin = True
Using VPP file: /homes/aiskhak/projects/GP/runs/7912/4/cand_007/tamu_2d_fv_gp_csv_vpp_0027.csv
VPP columns: ('id', 'u', 'v', 'x', 'y', 'z')
coordinate check: max |r_res-r_cg| = 5.000444502911705e-12
coordinate check: max |z_res-z_cg| = 5.000444502911705e-12

===== LIVE CHECKPOINT =====
Chunk 1, stage refine_train, candidate batch starting 8, case batch 9/18
Completed result rows: 288
Current best partial candidates:
  n_cases= 24, mean=0.44801452, raw = -1*eta_h + -5*eta_y + -0.14
  n_cases= 24, mean=0.44931784, raw = -1*eta_h + -5*eta_y + -0.16
  n_cases= 24, mean=0.45169832, raw = -1*eta_h + -5.3*eta_y + -0.12
  n_cases= 24, mean=0.45240403, raw = -1*eta_h + -5.3*eta_y + -0.14
  n_cases= 24, mean=0.45241446, raw = -1*eta_h + -5.3*eta_y + -0.08
Checkpoint details: /homes/aiskhak/projects/GP/linear_results_linear_refine_best_screen_C1etaH_C2etaY_C3_CeffMin005_chunk1/linear_refine_best_screen_C1etaH_C2etaY_C3_CeffMin005_chunk1_refine_train_details_checkpoint.csv
Checkpoint summary: /homes/aiskhak/projects/GP/linear_results_linear_refine_best_screen_C1etaH_C2etaY_C3_CeffMin005_chunk1/linear_refine_best_screen_C1etaH_C2etaY_C3_CeffMin005_chunk1_refine_train_summary_checkpoint.csv
===========================


===== Stage refine_train, candidate batch starting 8, case batch 10/18 =====
Running 16 tasks with 64 MPI ranks

===== Linear candidate local_id=000, RE=9000, CG=1 =====
raw = -1*eta_h + -5*eta_y + -0.12
raw min/max = -5.142772529311599 -0.23851718801585522
C_eff min/max = 0.020504191417935937 0.20333851693585916
lm min/max = 0.019993271263410235 0.10528398224650132
Running case in: /homes/aiskhak/projects/GP/runs/9000/1/cand_000 with fv_app_run.sh

===== Linear candidate local_id=000, RE=9000, CG=2 =====
raw = -1*eta_h + -5*eta_y + -0.12

===== Linear candidate local_id=001, RE=9000, CG=1 =====
raw = -1*eta_h + -5*eta_y + -0.08
raw min/max = -5.102772529311599 -0.19851718801585522
C_eff min/max = 0.02050454053459744 0.22795399813003073
lm min/max = 0.022413589854352288 0.10528577487473241
raw min/max = -5.131314138253861 -0.17933906232465302
C_eff min/max = 0.020504288587595572 0.2409506118513731
lm min/max = 0.011947780447812188 0.1058539876569923

===== Linear candidate local_id=002, RE=9000, CG=1 =====
raw = -1*eta_h + -4.8*eta_y + -0.2

===== Linear candidate local_id=001, RE=9000, CG=2 =====
raw = -1*eta_h + -5*eta_y + -0.08
raw min/max = -5.022772529311599 -0.314687401667685
C_eff min/max = 0.020505328434912113 0.16457582278467323
lm min/max = 0.016181927152398898 0.10528982054915337
raw min/max = -5.091314138253861 -0.13933906232465304
C_eff min/max = 0.020504645798440906 0.2708094098590928
lm min/max = 0.013428359228213298 0.10585583176839619

===== Linear candidate local_id=002, RE=9000, CG=2 =====
raw = -1*eta_h + -4.8*eta_y + -0.2

===== Linear candidate local_id=003, RE=9000, CG=1 =====
raw = -1*eta_h + -4.8*eta_y + -0.16

===== Linear candidate local_id=003, RE=9000, CG=2 =====
raw = -1*eta_h + -4.8*eta_y + -0.16
raw min/max = -4.982772529311599 -0.274687401667685
C_eff min/max = 0.02050577226624914 0.18370985882751895
lm min/max = 0.018063282336518563 0.10529209951395893
raw min/max = -4.971314138253861 -0.21741806536182137
C_eff min/max = 0.020505906088237793 0.21591899192332342
lm min/max = 0.010706562187956114 0.10586233805121766
raw min/max = -5.011314138253861 -0.2574180653618214
C_eff min/max = 0.02050545196637548 0.1927887766924471
lm min/max = 0.009559627008311842 0.10585999363386309

===== Linear candidate local_id=004, RE=9000, CG=1 =====
raw = -1*eta_h + -4.8*eta_y + -0.14
raw min/max = -4.962772529311598 -0.254687401667685

===== Linear candidate local_id=004, RE=9000, CG=2 =====
C_eff min/max = 0.020506007859896532 0.19427249256026355
lm min/max = 0.01910185390012166 0.1052933092294207
raw = -1*eta_h + -4.8*eta_y + -0.14

===== Linear candidate local_id=005, RE=9000, CG=1 =====
raw = -1*eta_h + -4.8*eta_y + -0.12
raw min/max = -4.951314138253861 -0.19741806536182138
C_eff min/max = 0.020506147144342533 0.2286770570997405
lm min/max = 0.011339183788272839 0.10586358251038662
raw min/max = -4.942772529311599 -0.23468740166768498
C_eff min/max = 0.02050625307021811 0.20555756756791332
lm min/max = 0.020211459543242608 0.10529456832414029

===== Linear candidate local_id=005, RE=9000, CG=2 =====
raw = -1*eta_h + -4.8*eta_y + -0.12

===== Linear candidate local_id=006, RE=9000, CG=1 =====
raw = -1*eta_h + -4.8*eta_y + -0.08
raw min/max = -4.931314138253861 -0.17741806536182136
C_eff min/max = 0.020506398040138412 0.24229778290913329
lm min/max = 0.012014581290939718 0.10586487776724797

===== Linear candidate local_id=006, RE=9000, CG=2 =====
raw = -1*eta_h + -4.8*eta_y + -0.08
raw min/max = -4.902772529311599 -0.194687401667685
C_eff min/max = 0.020506773927414162 0.2304847201497503
lm min/max = 0.022662423241135075 0.10529724279779615
raw min/max = -4.891314138253861 -0.13741806536182138
C_eff min/max = 0.020506930974142114 0.2723427205051257
lm min/max = 0.013504389991598097 0.10586762905458032

===== Linear candidate local_id=007, RE=9000, CG=1 =====
raw = -1*eta_h + -4.6*eta_y + -0.2
Running case in: /homes/aiskhak/projects/GP/runs/9000/1/cand_005 with fv_app_run.sh
raw min/max = -4.822772529311599 -0.3108576153195147
C_eff min/max = 0.020507949429248922 0.16629966460032766
lm min/max = 0.016351423997143077 0.10530327871073605
Running case in: /homes/aiskhak/projects/GP/runs/9000/1/cand_004 with fv_app_run.sh
Running case in: /homes/aiskhak/projects/GP/runs/9000/2/cand_002 with fv_app_run.sh
Running case in: /homes/aiskhak/projects/GP/runs/9000/1/cand_001 with fv_app_run.sh
Running case in: /homes/aiskhak/projects/GP/runs/9000/2/cand_000 with fv_app_run.sh
Running case in: /homes/aiskhak/projects/GP/runs/9000/2/cand_004 with fv_app_run.sh

===== Linear candidate local_id=007, RE=9000, CG=2 =====
raw = -1*eta_h + -4.6*eta_y + -0.2
raw min/max = -4.811314138253861 -0.2554970683989897
C_eff min/max = 0.02050813373241059 0.19383115827633127
lm min/max = 0.009611314556276123 0.10587383832920896
Running case in: /homes/aiskhak/projects/GP/runs/9000/2/cand_003 with fv_app_run.sh
Running case in: /homes/aiskhak/projects/GP/runs/9000/1/cand_002 with fv_app_run.sh
Running case in: /homes/aiskhak/projects/GP/runs/9000/1/cand_003 with fv_app_run.sh
Running case in: /homes/aiskhak/projects/GP/runs/9000/1/cand_006 with fv_app_run.sh
Running case in: /homes/aiskhak/projects/GP/runs/9000/1/cand_007 with fv_app_run.sh
Running case in: /homes/aiskhak/projects/GP/runs/9000/2/cand_006 with fv_app_run.sh
Running case in: /homes/aiskhak/projects/GP/runs/9000/2/cand_007 with fv_app_run.sh
Running case in: /homes/aiskhak/projects/GP/runs/9000/2/cand_001 with fv_app_run.sh
Running case in: /homes/aiskhak/projects/GP/runs/9000/2/cand_005 with fv_app_run.sh
Return code = 0
Elapsed: 25.19 sec
has_err = False
has_conv = True
has_ss = False
has_fin = True
Using VPP file: /homes/aiskhak/projects/GP/runs/9000/1/cand_001/tamu_2d_fv_gp_csv_vpp_0002.csv
VPP columns: ('id', 'u', 'v', 'x', 'y', 'z')
coordinate check: max |r_res-r_cg| = 5.000444502911705e-12
coordinate check: max |z_res-z_cg| = 5.000444502911705e-12
Return code = 0
Elapsed: 25.23 sec
has_err = False
has_conv = True
has_ss = False
has_fin = True
Using VPP file: /homes/aiskhak/projects/GP/runs/9000/1/cand_006/tamu_2d_fv_gp_csv_vpp_0002.csv
Return code = 0
Elapsed: 25.81 sec
has_err = False
has_conv = True
has_ss = False
has_fin = True
Using VPP file: /homes/aiskhak/projects/GP/runs/9000/1/cand_005/tamu_2d_fv_gp_csv_vpp_0002.csv
VPP columns: ('id', 'u', 'v', 'x', 'y', 'z')
coordinate check: max |r_res-r_cg| = 5.000444502911705e-12
coordinate check: max |z_res-z_cg| = 5.000444502911705e-12
Return code = 0
Elapsed: 27.01 sec
has_err = False
has_conv = True
has_ss = False
has_fin = True
Using VPP file: /homes/aiskhak/projects/GP/runs/9000/1/cand_000/tamu_2d_fv_gp_csv_vpp_0002.csv
VPP columns: ('id', 'u', 'v', 'x', 'y', 'z')
coordinate check: max |r_res-r_cg| = 5.000444502911705e-12
coordinate check: max |z_res-z_cg| = 5.000444502911705e-12
VPP columns: ('id', 'u', 'v', 'x', 'y', 'z')
coordinate check: max |r_res-r_cg| = 5.000444502911705e-12
coordinate check: max |z_res-z_cg| = 5.000444502911705e-12
Return code = 0
Elapsed: 27.96 sec
has_err = False
has_conv = True
has_ss = False
has_fin = True
Using VPP file: /homes/aiskhak/projects/GP/runs/9000/1/cand_002/tamu_2d_fv_gp_csv_vpp_0002.csv
Return code = 0
Elapsed: 27.92 sec
has_err = False
has_conv = True
has_ss = False
has_fin = True
Using VPP file: /homes/aiskhak/projects/GP/runs/9000/1/cand_003/tamu_2d_fv_gp_csv_vpp_0002.csv
VPP columns: ('id', 'u', 'v', 'x', 'y', 'z')
coordinate check: max |r_res-r_cg| = 5.000444502911705e-12
coordinate check: max |z_res-z_cg| = 5.000444502911705e-12
Return code = 0
Return code = 0
Elapsed: 28.35 sec
Elapsed: 27.95 sec
has_err = False
has_err = False
has_conv = True
has_ss = False
has_conv = True
has_fin = True
has_ss = False
has_fin = True
Using VPP file: /homes/aiskhak/projects/GP/runs/9000/1/cand_004/tamu_2d_fv_gp_csv_vpp_0002.csv
Using VPP file: /homes/aiskhak/projects/GP/runs/9000/1/cand_007/tamu_2d_fv_gp_csv_vpp_0002.csv
VPP columns: ('id', 'u', 'v', 'x', 'y', 'z')
coordinate check: max |r_res-r_cg| = 5.000444502911705e-12
coordinate check: max |z_res-z_cg| = 5.000444502911705e-12
VPP columns: ('id', 'u', 'v', 'x', 'y', 'z')
coordinate check: max |r_res-r_cg| = 5.000444502911705e-12
coordinate check: max |z_res-z_cg| = 5.000444502911705e-12
VPP columns: ('id', 'u', 'v', 'x', 'y', 'z')
coordinate check: max |r_res-r_cg| = 5.000444502911705e-12
coordinate check: max |z_res-z_cg| = 5.000444502911705e-12
Return code = 0
Elapsed: 28.66 sec
has_err = False
has_conv = True
has_ss = False
has_fin = True
Using VPP file: /homes/aiskhak/projects/GP/runs/9000/2/cand_001/tamu_2d_fv_gp_csv_vpp_0002.csv
VPP columns: ('id', 'u', 'v', 'x', 'y', 'z')
coordinate check: max |r_res-r_cg| = 5.000444502911705e-12
coordinate check: max |z_res-z_cg| = 5.000444502911705e-12
Return code = 0
Elapsed: 29.42 sec
has_err = False
has_conv = True
has_ss = False
has_fin = True
Using VPP file: /homes/aiskhak/projects/GP/runs/9000/2/cand_005/tamu_2d_fv_gp_csv_vpp_0002.csv
VPP columns: ('id', 'u', 'v', 'x', 'y', 'z')
coordinate check: max |r_res-r_cg| = 5.000444502911705e-12
coordinate check: max |z_res-z_cg| = 5.000444502911705e-12
Return code = 0
Elapsed: 30.62 sec
has_err = False
has_conv = True
has_ss = False
has_fin = True
Using VPP file: /homes/aiskhak/projects/GP/runs/9000/2/cand_006/tamu_2d_fv_gp_csv_vpp_0002.csv
VPP columns: ('id', 'u', 'v', 'x', 'y', 'z')
coordinate check: max |r_res-r_cg| = 5.000444502911705e-12
coordinate check: max |z_res-z_cg| = 5.000444502911705e-12
Return code = 0
Elapsed: 33.17 sec
has_err = False
has_conv = True
has_ss = False
has_fin = True
Using VPP file: /homes/aiskhak/projects/GP/runs/9000/2/cand_000/tamu_2d_fv_gp_csv_vpp_0002.csv
Return code = 0
Elapsed: 33.34 sec
has_err = False
has_conv = True
has_ss = False
has_fin = True
Return code = 0
Elapsed: 33.39 sec
has_err = False
has_conv = True
has_ss = False
has_fin = True
Using VPP file: /homes/aiskhak/projects/GP/runs/9000/2/cand_004/tamu_2d_fv_gp_csv_vpp_0002.csv
Return code = 0
Elapsed: 33.28 sec
has_err = False
has_conv = True
has_ss = False
has_fin = True
Using VPP file: /homes/aiskhak/projects/GP/runs/9000/2/cand_002/tamu_2d_fv_gp_csv_vpp_0002.csv
Using VPP file: /homes/aiskhak/projects/GP/runs/9000/2/cand_003/tamu_2d_fv_gp_csv_vpp_0002.csv
VPP columns: ('id', 'u', 'v', 'x', 'y', 'z')
coordinate check: max |r_res-r_cg| = 5.000444502911705e-12
coordinate check: max |z_res-z_cg| = 5.000444502911705e-12
Return code = 0
Elapsed: 33.12 sec
has_err = False
has_conv = True
has_ss = False
has_fin = True
VPP columns: ('id', 'u', 'v', 'x', 'y', 'z')
Using VPP file: /homes/aiskhak/projects/GP/runs/9000/2/cand_007/tamu_2d_fv_gp_csv_vpp_0002.csv
coordinate check: max |r_res-r_cg| = 5.000444502911705e-12
coordinate check: max |z_res-z_cg| = 5.000444502911705e-12
VPP columns: ('id', 'u', 'v', 'x', 'y', 'z')
coordinate check: max |r_res-r_cg| = 5.000444502911705e-12
coordinate check: max |z_res-z_cg| = 5.000444502911705e-12
VPP columns: ('id', 'u', 'v', 'x', 'y', 'z')
coordinate check: max |r_res-r_cg| = 5.000444502911705e-12
coordinate check: max |z_res-z_cg| = 5.000444502911705e-12
VPP columns: ('id', 'u', 'v', 'x', 'y', 'z')
coordinate check: max |r_res-r_cg| = 5.000444502911705e-12
coordinate check: max |z_res-z_cg| = 5.000444502911705e-12

===== LIVE CHECKPOINT =====
Chunk 1, stage refine_train, candidate batch starting 8, case batch 10/18
Completed result rows: 304
Current best partial candidates:
  n_cases= 24, mean=0.44801452, raw = -1*eta_h + -5*eta_y + -0.14
  n_cases= 24, mean=0.44931784, raw = -1*eta_h + -5*eta_y + -0.16
  n_cases= 24, mean=0.45169832, raw = -1*eta_h + -5.3*eta_y + -0.12
  n_cases= 24, mean=0.45240403, raw = -1*eta_h + -5.3*eta_y + -0.14
  n_cases= 24, mean=0.45241446, raw = -1*eta_h + -5.3*eta_y + -0.08
Checkpoint details: /homes/aiskhak/projects/GP/linear_results_linear_refine_best_screen_C1etaH_C2etaY_C3_CeffMin005_chunk1/linear_refine_best_screen_C1etaH_C2etaY_C3_CeffMin005_chunk1_refine_train_details_checkpoint.csv
Checkpoint summary: /homes/aiskhak/projects/GP/linear_results_linear_refine_best_screen_C1etaH_C2etaY_C3_CeffMin005_chunk1/linear_refine_best_screen_C1etaH_C2etaY_C3_CeffMin005_chunk1_refine_train_summary_checkpoint.csv
===========================


===== Stage refine_train, candidate batch starting 8, case batch 11/18 =====
Running 8 tasks with 64 MPI ranks

===== Linear candidate local_id=000, RE=9000, CG=3 =====
raw = -1*eta_h + -5*eta_y + -0.12
raw min/max = -5.125654205551524 -0.14975428391202528
C_eff min/max = 0.020504337413078527 0.26265917216573836
lm min/max = 0.0065394513359588215 0.1059122100928948

===== Linear candidate local_id=001, RE=9000, CG=3 =====
raw = -1*eta_h + -5*eta_y + -0.08
raw min/max = -5.085654205551524 -0.10975428391202527
C_eff min/max = 0.020504698691072503 0.2955022935386189
lm min/max = 0.00735714977065661 0.10591407622248626

===== Linear candidate local_id=002, RE=9000, CG=3 =====
raw = -1*eta_h + -4.8*eta_y + -0.2
raw min/max = -5.005654205551524 -0.22879028077760524
C_eff min/max = 0.020505514038088625 0.20902973576081119
lm min/max = 0.005204233964133622 0.10591828778039863

===== Linear candidate local_id=003, RE=9000, CG=3 =====
raw = -1*eta_h + -4.8*eta_y + -0.16

===== Linear candidate local_id=004, RE=9000, CG=3 =====
raw = -1*eta_h + -4.8*eta_y + -0.14
raw min/max = -4.965654205551524 -0.18879028077760523
C_eff min/max = 0.020505973330719587 0.23444401986212854
lm min/max = 0.005836975903996004 0.10592066019052068
raw min/max = -4.945654205551524 -0.16879028077760524
C_eff min/max = 0.020506217131593275 0.24845322260037117
lm min/max = 0.006185764407389715 0.10592191950891926

===== Linear candidate local_id=005, RE=9000, CG=3 =====
raw = -1*eta_h + -4.8*eta_y + -0.12

===== Linear candidate local_id=006, RE=9000, CG=3 =====
raw = -1*eta_h + -4.8*eta_y + -0.08
raw min/max = -4.925654205551524 -0.14879028077760523
C_eff min/max = 0.020506470884220147 0.2634020991645594
lm min/max = 0.00655794806278127 0.10592323023166965
raw min/max = -4.885654205551524 -0.10879028077760522

===== Linear candidate local_id=007, RE=9000, CG=3 =====
raw = -1*eta_h + -4.6*eta_y + -0.2
C_eff min/max = 0.020507009886567767 0.2963467683660998
lm min/max = 0.007378174743792781 0.10592601437088524
raw min/max = -4.805654205551524 -0.2278262776431852
C_eff min/max = 0.020508226340638726 0.20960377509435837
lm min/max = 0.005218525878083192 0.10593229778968276
Running case in: /homes/aiskhak/projects/GP/runs/9000/3/cand_000 with fv_app_run.sh
Running case in: /homes/aiskhak/projects/GP/runs/9000/3/cand_004 with fv_app_run.sh
Running case in: /homes/aiskhak/projects/GP/runs/9000/3/cand_001 with fv_app_run.sh
Running case in: /homes/aiskhak/projects/GP/runs/9000/3/cand_006 with fv_app_run.sh
Running case in: /homes/aiskhak/projects/GP/runs/9000/3/cand_002 with fv_app_run.sh
Running case in: /homes/aiskhak/projects/GP/runs/9000/3/cand_007 with fv_app_run.sh
Running case in: /homes/aiskhak/projects/GP/runs/9000/3/cand_005 with fv_app_run.sh
Running case in: /homes/aiskhak/projects/GP/runs/9000/3/cand_003 with fv_app_run.sh
Return code = 0
Elapsed: 40.44 sec
has_err = False
has_conv = True
has_ss = False
has_fin = True
Using VPP file: /homes/aiskhak/projects/GP/runs/9000/3/cand_001/tamu_2d_fv_gp_csv_vpp_0002.csv
Return code = 0
Elapsed: 41.23 sec
has_err = False
has_conv = True
has_ss = False
has_fin = True
Using VPP file: /homes/aiskhak/projects/GP/runs/9000/3/cand_000/tamu_2d_fv_gp_csv_vpp_0002.csv
Return code = 0
Elapsed: 41.14 sec
has_err = False
has_conv = True
has_ss = False
has_fin = True
Using VPP file: /homes/aiskhak/projects/GP/runs/9000/3/cand_005/tamu_2d_fv_gp_csv_vpp_0002.csv
VPP columns: ('id', 'u', 'v', 'x', 'y', 'z')
coordinate check: max |r_res-r_cg| = 5.000444502911705e-12
coordinate check: max |z_res-z_cg| = 5.000444502911705e-12
VPP columns: ('id', 'u', 'v', 'x', 'y', 'z')
coordinate check: max |r_res-r_cg| = 5.000444502911705e-12
coordinate check: max |z_res-z_cg| = 5.000444502911705e-12
VPP columns: ('id', 'u', 'v', 'x', 'y', 'z')
coordinate check: max |r_res-r_cg| = 5.000444502911705e-12
coordinate check: max |z_res-z_cg| = 5.000444502911705e-12
Return code = 0
Elapsed: 43.14 sec
has_err = False
has_conv = True
has_ss = False
has_fin = True
Using VPP file: /homes/aiskhak/projects/GP/runs/9000/3/cand_003/tamu_2d_fv_gp_csv_vpp_0002.csv
Return code = 0
Elapsed: 44.1 sec
has_err = False
has_conv = True
has_ss = False
has_fin = True
Return code = 0
Elapsed: 43.97 sec
Return code = 0
Elapsed: 44.25 sec
has_err = False
has_conv = True
has_ss = False
has_fin = True
has_err = False
has_conv = True
has_ss = False
has_fin = True
Using VPP file: /homes/aiskhak/projects/GP/runs/9000/3/cand_007/tamu_2d_fv_gp_csv_vpp_0002.csv
Using VPP file: /homes/aiskhak/projects/GP/runs/9000/3/cand_006/tamu_2d_fv_gp_csv_vpp_0002.csv
Using VPP file: /homes/aiskhak/projects/GP/runs/9000/3/cand_004/tamu_2d_fv_gp_csv_vpp_0002.csv
VPP columns: ('id', 'u', 'v', 'x', 'y', 'z')
coordinate check: max |r_res-r_cg| = 5.000444502911705e-12
coordinate check: max |z_res-z_cg| = 5.000444502911705e-12
Return code = 0
Elapsed: 44.25 sec
has_err = False
has_conv = True
has_ss = False
has_fin = True
Using VPP file: /homes/aiskhak/projects/GP/runs/9000/3/cand_002/tamu_2d_fv_gp_csv_vpp_0002.csv
VPP columns: ('id', 'u', 'v', 'x', 'y', 'z')
coordinate check: max |r_res-r_cg| = 5.000444502911705e-12
coordinate check: max |z_res-z_cg| = 5.000444502911705e-12
VPP columns: ('id', 'u', 'v', 'x', 'y', 'z')
coordinate check: max |r_res-r_cg| = 5.000444502911705e-12
coordinate check: max |z_res-z_cg| = 5.000444502911705e-12
VPP columns: ('id', 'u', 'v', 'x', 'y', 'z')
coordinate check: max |r_res-r_cg| = 5.000444502911705e-12
coordinate check: max |z_res-z_cg| = 5.000444502911705e-12
VPP columns: ('id', 'u', 'v', 'x', 'y', 'z')
coordinate check: max |r_res-r_cg| = 5.000444502911705e-12
coordinate check: max |z_res-z_cg| = 5.000444502911705e-12

===== LIVE CHECKPOINT =====
Chunk 1, stage refine_train, candidate batch starting 8, case batch 11/18
Completed result rows: 312
Current best partial candidates:
  n_cases= 24, mean=0.44801452, raw = -1*eta_h + -5*eta_y + -0.14
  n_cases= 24, mean=0.44931784, raw = -1*eta_h + -5*eta_y + -0.16
  n_cases= 24, mean=0.45169832, raw = -1*eta_h + -5.3*eta_y + -0.12
  n_cases= 24, mean=0.45240403, raw = -1*eta_h + -5.3*eta_y + -0.14
  n_cases= 24, mean=0.45241446, raw = -1*eta_h + -5.3*eta_y + -0.08
Checkpoint details: /homes/aiskhak/projects/GP/linear_results_linear_refine_best_screen_C1etaH_C2etaY_C3_CeffMin005_chunk1/linear_refine_best_screen_C1etaH_C2etaY_C3_CeffMin005_chunk1_refine_train_details_checkpoint.csv
Checkpoint summary: /homes/aiskhak/projects/GP/linear_results_linear_refine_best_screen_C1etaH_C2etaY_C3_CeffMin005_chunk1/linear_refine_best_screen_C1etaH_C2etaY_C3_CeffMin005_chunk1_refine_train_summary_checkpoint.csv
===========================


===== Stage refine_train, candidate batch starting 8, case batch 12/18 =====
Running 8 tasks with 96 MPI ranks

===== Linear candidate local_id=000, RE=9000, CG=4 =====
raw = -1*eta_h + -5*eta_y + -0.12
raw min/max = -5.122820598169251 -0.13486760518961954
C_eff min/max = 0.020504362065661787 0.27439313658581316
lm min/max = 0.0034228758291784717 0.10615855622486982

===== Linear candidate local_id=001, RE=9000, CG=4 =====
raw = -1*eta_h + -5*eta_y + -0.08
raw min/max = -5.082820598169251 -0.09486760518961955
C_eff min/max = 0.020504725397211487 0.30883548861798554
lm min/max = 0.0038525217588758045 0.10616043732473646

===== Linear candidate local_id=002, RE=9000, CG=4 =====
raw = -1*eta_h + -4.8*eta_y + -0.2
raw min/max = -5.002820598169251 -0.2143857249088048
C_eff min/max = 0.020505545378865588 0.21779990011128028
lm min/max = 0.002716912029813982 0.10616468266864189

===== Linear candidate local_id=003, RE=9000, CG=4 =====
raw = -1*eta_h + -4.8*eta_y + -0.16
raw min/max = -4.962820598169251 -0.1743857249088048
C_eff min/max = 0.020506007282286 0.2444415386578114
lm min/max = 0.0030492491347623484 0.1061670741110125

===== Linear candidate local_id=004, RE=9000, CG=4 =====
raw = -1*eta_h + -4.8*eta_y + -0.14
raw min/max = -4.94282059816925 -0.1543857249088048
C_eff min/max = 0.02050625246903007 0.25912192513391147
lm min/max = 0.003232377403411031 0.10616834353215678

===== Linear candidate local_id=005, RE=9000, CG=4 =====
raw = -1*eta_h + -4.8*eta_y + -0.12
raw min/max = -4.922820598169251 -0.1343857249088048
C_eff min/max = 0.020506507664109146 0.27478242873431485
lm min/max = 0.003427731995415628 0.1061696647700994

===== Linear candidate local_id=006, RE=9000, CG=4 =====
raw = -1*eta_h + -4.8*eta_y + -0.08
raw min/max = -4.882820598169251 -0.0943857249088048
C_eff min/max = 0.020507049730445513 0.3092776665754183
lm min/max = 0.0038580376411661717 0.10617247124510518

===== Linear candidate local_id=007, RE=9000, CG=4 =====
raw = -1*eta_h + -4.6*eta_y + -0.2
raw min/max = -4.802820598169251 -0.21390384462799006
C_eff min/max = 0.02050827309971532 0.21810053119986347
lm min/max = 0.00272066220702109 0.10617880507373134
Running case in: /homes/aiskhak/projects/GP/runs/9000/4/cand_000 with fv_app_run.sh
Running case in: /homes/aiskhak/projects/GP/runs/9000/4/cand_001 with fv_app_run.sh
Running case in: /homes/aiskhak/projects/GP/runs/9000/4/cand_003 with fv_app_run.sh
Running case in: /homes/aiskhak/projects/GP/runs/9000/4/cand_002 with fv_app_run.sh
Running case in: /homes/aiskhak/projects/GP/runs/9000/4/cand_004 with fv_app_run.sh
Running case in: /homes/aiskhak/projects/GP/runs/9000/4/cand_006 with fv_app_run.sh
Running case in: /homes/aiskhak/projects/GP/runs/9000/4/cand_005 with fv_app_run.sh
Running case in: /homes/aiskhak/projects/GP/runs/9000/4/cand_007 with fv_app_run.sh
Return code = 0
Elapsed: 105.55 sec
has_err = False
has_conv = True
has_ss = False
has_fin = True
Using VPP file: /homes/aiskhak/projects/GP/runs/9000/4/cand_001/tamu_2d_fv_gp_csv_vpp_0002.csv
Return code = 0
Elapsed: 110.55 sec
has_err = False
has_conv = True
has_ss = False
has_fin = True
Using VPP file: /homes/aiskhak/projects/GP/runs/9000/4/cand_006/tamu_2d_fv_gp_csv_vpp_0002.csv
Return code = 0
Elapsed: 111.41 sec
has_err = False
has_conv = True
has_ss = False
has_fin = True
Using VPP file: /homes/aiskhak/projects/GP/runs/9000/4/cand_004/tamu_2d_fv_gp_csv_vpp_0002.csv
VPP columns: ('id', 'u', 'v', 'x', 'y', 'z')
coordinate check: max |r_res-r_cg| = 5.000444502911705e-12
coordinate check: max |z_res-z_cg| = 5.000444502911705e-12
Return code = 0
Elapsed: 121.44 sec
has_err = False
has_conv = True
has_ss = False
has_fin = True
Using VPP file: /homes/aiskhak/projects/GP/runs/9000/4/cand_005/tamu_2d_fv_gp_csv_vpp_0002.csv
Return code = 0
Elapsed: 123.68 sec
has_err = False
has_conv = True
has_ss = False
has_fin = True
Using VPP file: /homes/aiskhak/projects/GP/runs/9000/4/cand_000/tamu_2d_fv_gp_csv_vpp_0002.csv
VPP columns: ('id', 'u', 'v', 'x', 'y', 'z')
coordinate check: max |r_res-r_cg| = 5.000444502911705e-12
coordinate check: max |z_res-z_cg| = 5.000444502911705e-12
VPP columns: ('id', 'u', 'v', 'x', 'y', 'z')
coordinate check: max |r_res-r_cg| = 5.000444502911705e-12
coordinate check: max |z_res-z_cg| = 5.000444502911705e-12
Return code = 0
Elapsed: 144.45 sec
Return code = 0
Elapsed: 144.54 sec
has_err = False
has_conv = True
has_ss = False
has_fin = True
has_err = False
has_conv = True
has_ss = False
has_fin = True
Using VPP file: /homes/aiskhak/projects/GP/runs/9000/4/cand_002/tamu_2d_fv_gp_csv_vpp_0002.csv
Using VPP file: /homes/aiskhak/projects/GP/runs/9000/4/cand_003/tamu_2d_fv_gp_csv_vpp_0002.csv
VPP columns: ('id', 'u', 'v', 'x', 'y', 'z')
coordinate check: max |r_res-r_cg| = 5.000444502911705e-12
coordinate check: max |z_res-z_cg| = 5.000444502911705e-12
VPP columns: ('id', 'u', 'v', 'x', 'y', 'z')
coordinate check: max |r_res-r_cg| = 5.000444502911705e-12
coordinate check: max |z_res-z_cg| = 5.000444502911705e-12
VPP columns: ('id', 'u', 'v', 'x', 'y', 'z')
coordinate check: max |r_res-r_cg| = 5.000444502911705e-12
coordinate check: max |z_res-z_cg| = 5.000444502911705e-12
Return code = 0
Elapsed: 154.4 sec
has_err = False
has_conv = True
has_ss = False
has_fin = True
Using VPP file: /homes/aiskhak/projects/GP/runs/9000/4/cand_007/tamu_2d_fv_gp_csv_vpp_0002.csv
VPP columns: ('id', 'u', 'v', 'x', 'y', 'z')
coordinate check: max |r_res-r_cg| = 5.000444502911705e-12
coordinate check: max |z_res-z_cg| = 5.000444502911705e-12
VPP columns: ('id', 'u', 'v', 'x', 'y', 'z')
coordinate check: max |r_res-r_cg| = 5.000444502911705e-12
coordinate check: max |z_res-z_cg| = 5.000444502911705e-12

===== LIVE CHECKPOINT =====
Chunk 1, stage refine_train, candidate batch starting 8, case batch 12/18
Completed result rows: 320
Current best partial candidates:
  n_cases= 24, mean=0.44801452, raw = -1*eta_h + -5*eta_y + -0.14
  n_cases= 24, mean=0.44931784, raw = -1*eta_h + -5*eta_y + -0.16
  n_cases= 24, mean=0.45169832, raw = -1*eta_h + -5.3*eta_y + -0.12
  n_cases= 24, mean=0.45240403, raw = -1*eta_h + -5.3*eta_y + -0.14
  n_cases= 24, mean=0.45241446, raw = -1*eta_h + -5.3*eta_y + -0.08
Checkpoint details: /homes/aiskhak/projects/GP/linear_results_linear_refine_best_screen_C1etaH_C2etaY_C3_CeffMin005_chunk1/linear_refine_best_screen_C1etaH_C2etaY_C3_CeffMin005_chunk1_refine_train_details_checkpoint.csv
Checkpoint summary: /homes/aiskhak/projects/GP/linear_results_linear_refine_best_screen_C1etaH_C2etaY_C3_CeffMin005_chunk1/linear_refine_best_screen_C1etaH_C2etaY_C3_CeffMin005_chunk1_refine_train_summary_checkpoint.csv
===========================


===== Stage refine_train, candidate batch starting 8, case batch 13/18 =====
Running 16 tasks with 64 MPI ranks

===== Linear candidate local_id=000, RE=10622, CG=1 =====
raw = -1*eta_h + -5*eta_y + -0.12
raw min/max = -5.142772529311599 -0.23851718801585522
C_eff min/max = 0.020504191417935937 0.20333851693585916
lm min/max = 0.019993271263410235 0.10528398224650132

===== Linear candidate local_id=001, RE=10622, CG=1 =====
raw = -1*eta_h + -5*eta_y + -0.08

===== Linear candidate local_id=001, RE=10622, CG=2 =====
raw = -1*eta_h + -5*eta_y + -0.08

===== Linear candidate local_id=000, RE=10622, CG=2 =====
raw = -1*eta_h + -5*eta_y + -0.12
raw min/max = -5.102772529311599 -0.19851718801585522
C_eff min/max = 0.02050454053459744 0.22795399813003073
lm min/max = 0.022413589854352288 0.10528577487473241
raw min/max = -5.091314138253861 -0.13933906232465304
C_eff min/max = 0.020504645798440906 0.2708094098590928
lm min/max = 0.013428359228213298 0.10585583176839619
raw min/max = -5.131314138253861 -0.17933906232465302
C_eff min/max = 0.020504288587595572 0.2409506118513731
lm min/max = 0.011947780447812188 0.1058539876569923

===== Linear candidate local_id=002, RE=10622, CG=1 =====
raw = -1*eta_h + -4.8*eta_y + -0.2
raw min/max = -5.022772529311599 -0.314687401667685

===== Linear candidate local_id=002, RE=10622, CG=2 =====
raw = -1*eta_h + -4.8*eta_y + -0.2

===== Linear candidate local_id=003, RE=10622, CG=1 =====
raw min/max = -5.011314138253861 -0.2574180653618214
raw = -1*eta_h + -4.8*eta_y + -0.16
C_eff min/max = 0.020505328434912113 0.16457582278467323
lm min/max = 0.016181927152398898 0.10528982054915337

===== Linear candidate local_id=003, RE=10622, CG=2 =====
C_eff min/max = 0.02050545196637548 0.1927887766924471
lm min/max = 0.009559627008311842 0.10585999363386309
raw = -1*eta_h + -4.8*eta_y + -0.16
raw min/max = -4.982772529311599 -0.274687401667685

===== Linear candidate local_id=004, RE=10622, CG=1 =====
raw = -1*eta_h + -4.8*eta_y + -0.14
C_eff min/max = 0.02050577226624914 0.18370985882751895
lm min/max = 0.018063282336518563 0.10529209951395893
raw min/max = -4.962772529311598 -0.254687401667685
C_eff min/max = 0.020506007859896532 0.19427249256026355
lm min/max = 0.01910185390012166 0.1052933092294207

===== Linear candidate local_id=005, RE=10622, CG=1 =====
raw = -1*eta_h + -4.8*eta_y + -0.12
raw min/max = -4.942772529311599 -0.23468740166768498
C_eff min/max = 0.02050625307021811 0.20555756756791332
lm min/max = 0.020211459543242608 0.10529456832414029
raw min/max = -4.971314138253861 -0.21741806536182137
C_eff min/max = 0.020505906088237793 0.21591899192332342
lm min/max = 0.010706562187956114 0.10586233805121766
Running case in: /homes/aiskhak/projects/GP/runs/10622/1/cand_000 with fv_app_run.sh
Running case in: /homes/aiskhak/projects/GP/runs/10622/1/cand_001 with fv_app_run.sh

===== Linear candidate local_id=004, RE=10622, CG=2 =====
raw = -1*eta_h + -4.8*eta_y + -0.14
raw min/max = -4.951314138253861 -0.19741806536182138
C_eff min/max = 0.020506147144342533 0.2286770570997405
lm min/max = 0.011339183788272839 0.10586358251038662
Running case in: /homes/aiskhak/projects/GP/runs/10622/1/cand_005 with fv_app_run.sh

===== Linear candidate local_id=005, RE=10622, CG=2 =====
raw = -1*eta_h + -4.8*eta_y + -0.12
raw min/max = -4.931314138253861 -0.17741806536182136
Running case in: /homes/aiskhak/projects/GP/runs/10622/2/cand_001 with fv_app_run.sh
C_eff min/max = 0.020506398040138412 0.24229778290913329
lm min/max = 0.012014581290939718 0.10586487776724797

===== Linear candidate local_id=006, RE=10622, CG=1 =====
raw = -1*eta_h + -4.8*eta_y + -0.08
raw min/max = -4.902772529311599 -0.194687401667685
C_eff min/max = 0.020506773927414162 0.2304847201497503
lm min/max = 0.022662423241135075 0.10529724279779615

===== Linear candidate local_id=006, RE=10622, CG=2 =====
raw = -1*eta_h + -4.8*eta_y + -0.08
Running case in: /homes/aiskhak/projects/GP/runs/10622/1/cand_002 with fv_app_run.sh
raw min/max = -4.891314138253861 -0.13741806536182138
Running case in: /homes/aiskhak/projects/GP/runs/10622/1/cand_004 with fv_app_run.sh
C_eff min/max = 0.020506930974142114 0.2723427205051257
lm min/max = 0.013504389991598097 0.10586762905458032
Running case in: /homes/aiskhak/projects/GP/runs/10622/1/cand_003 with fv_app_run.sh

===== Linear candidate local_id=007, RE=10622, CG=1 =====
raw = -1*eta_h + -4.6*eta_y + -0.2
raw min/max = -4.822772529311599 -0.3108576153195147
C_eff min/max = 0.020507949429248922 0.16629966460032766
lm min/max = 0.016351423997143077 0.10530327871073605
Running case in: /homes/aiskhak/projects/GP/runs/10622/2/cand_000 with fv_app_run.sh
Running case in: /homes/aiskhak/projects/GP/runs/10622/2/cand_003 with fv_app_run.sh

===== Linear candidate local_id=007, RE=10622, CG=2 =====
raw = -1*eta_h + -4.6*eta_y + -0.2
raw min/max = -4.811314138253861 -0.2554970683989897
C_eff min/max = 0.02050813373241059 0.19383115827633127
lm min/max = 0.009611314556276123 0.10587383832920896
Running case in: /homes/aiskhak/projects/GP/runs/10622/2/cand_002 with fv_app_run.sh
Running case in: /homes/aiskhak/projects/GP/runs/10622/1/cand_007 with fv_app_run.sh
Running case in: /homes/aiskhak/projects/GP/runs/10622/1/cand_006 with fv_app_run.sh
Running case in: /homes/aiskhak/projects/GP/runs/10622/2/cand_004 with fv_app_run.sh
Running case in: /homes/aiskhak/projects/GP/runs/10622/2/cand_006 with fv_app_run.sh
Running case in: /homes/aiskhak/projects/GP/runs/10622/2/cand_005 with fv_app_run.sh
Running case in: /homes/aiskhak/projects/GP/runs/10622/2/cand_007 with fv_app_run.sh
Return code = 0
Elapsed: 17.64 sec
has_err = False
has_conv = True
has_ss = False
has_fin = True
Using VPP file: /homes/aiskhak/projects/GP/runs/10622/2/cand_006/tamu_2d_fv_gp_csv_vpp_0002.csv
Return code = 0
Elapsed: 21.94 sec
has_err = False
has_conv = True
has_ss = False
has_fin = True
Using VPP file: /homes/aiskhak/projects/GP/runs/10622/1/cand_001/tamu_2d_fv_gp_csv_vpp_0002.csv
Return code = 0
Elapsed: 22.1 sec
has_err = False
has_conv = True
has_ss = False
has_fin = True
Using VPP file: /homes/aiskhak/projects/GP/runs/10622/1/cand_000/tamu_2d_fv_gp_csv_vpp_0002.csv
VPP columns: ('id', 'u', 'v', 'x', 'y', 'z')
coordinate check: max |r_res-r_cg| = 5.000444502911705e-12
coordinate check: max |z_res-z_cg| = 5.000444502911705e-12
Return code = 0
Elapsed: 21.82 sec
has_err = False
has_conv = True
has_ss = False
has_fin = True
Using VPP file: /homes/aiskhak/projects/GP/runs/10622/1/cand_003/tamu_2d_fv_gp_csv_vpp_0002.csv
VPP columns: ('id', 'u', 'v', 'x', 'y', 'z')
coordinate check: max |r_res-r_cg| = 5.000444502911705e-12
coordinate check: max |z_res-z_cg| = 5.000444502911705e-12
VPP columns: ('id', 'u', 'v', 'x', 'y', 'z')
coordinate check: max |r_res-r_cg| = 5.000444502911705e-12
coordinate check: max |z_res-z_cg| = 5.000444502911705e-12
Return code = 0
Elapsed: 22.41 sec
has_err = False
has_conv = True
has_ss = False
has_fin = True
Using VPP file: /homes/aiskhak/projects/GP/runs/10622/1/cand_002/tamu_2d_fv_gp_csv_vpp_0002.csv
VPP columns: ('id', 'u', 'v', 'x', 'y', 'z')
coordinate check: max |r_res-r_cg| = 5.000444502911705e-12
coordinate check: max |z_res-z_cg| = 5.000444502911705e-12
Return code = 0
Elapsed: 22.54 sec
has_err = False
has_conv = True
has_ss = False
has_fin = True
Using VPP file: /homes/aiskhak/projects/GP/runs/10622/2/cand_002/tamu_2d_fv_gp_csv_vpp_0002.csv
VPP columns: ('id', 'u', 'v', 'x', 'y', 'z')
coordinate check: max |r_res-r_cg| = 5.000444502911705e-12
coordinate check: max |z_res-z_cg| = 5.000444502911705e-12
VPP columns: ('id', 'u', 'v', 'x', 'y', 'z')
coordinate check: max |r_res-r_cg| = 5.000444502911705e-12
coordinate check: max |z_res-z_cg| = 5.000444502911705e-12
Return code = 0
Elapsed: 24.78 sec
has_err = False
has_conv = True
has_ss = False
has_fin = True
Using VPP file: /homes/aiskhak/projects/GP/runs/10622/1/cand_005/tamu_2d_fv_gp_csv_vpp_0002.csv
Return code = 0
Elapsed: 22.91 sec
has_err = False
has_conv = True
has_ss = False
has_fin = True
Using VPP file: /homes/aiskhak/projects/GP/runs/10622/1/cand_006/tamu_2d_fv_gp_csv_vpp_0002.csv
VPP columns: ('id', 'u', 'v', 'x', 'y', 'z')
coordinate check: max |r_res-r_cg| = 5.000444502911705e-12
coordinate check: max |z_res-z_cg| = 5.000444502911705e-12
Return code = 0
Elapsed: 26.46 sec
Return code = 0
Elapsed: 24.76 sec
has_err = False
has_conv = True
has_ss = False
has_fin = True
has_err = False
has_conv = True
has_ss = False
has_fin = True
Using VPP file: /homes/aiskhak/projects/GP/runs/10622/1/cand_004/tamu_2d_fv_gp_csv_vpp_0002.csv
Using VPP file: /homes/aiskhak/projects/GP/runs/10622/1/cand_007/tamu_2d_fv_gp_csv_vpp_0002.csv
VPP columns: ('id', 'u', 'v', 'x', 'y', 'z')
coordinate check: max |r_res-r_cg| = 5.000444502911705e-12
coordinate check: max |z_res-z_cg| = 5.000444502911705e-12
VPP columns: ('id', 'u', 'v', 'x', 'y', 'z')
coordinate check: max |r_res-r_cg| = 5.000444502911705e-12
coordinate check: max |z_res-z_cg| = 5.000444502911705e-12
VPP columns: ('id', 'u', 'v', 'x', 'y', 'z')
coordinate check: max |r_res-r_cg| = 5.000444502911705e-12
coordinate check: max |z_res-z_cg| = 5.000444502911705e-12
Return code = 0
Elapsed: 27.98 sec
has_err = False
has_conv = True
has_ss = False
has_fin = True
Return code = 0
Elapsed: 25.94 sec
has_err = False
has_conv = True
has_ss = False
has_fin = True
Using VPP file: /homes/aiskhak/projects/GP/runs/10622/2/cand_001/tamu_2d_fv_gp_csv_vpp_0002.csv
Using VPP file: /homes/aiskhak/projects/GP/runs/10622/2/cand_004/tamu_2d_fv_gp_csv_vpp_0002.csv
VPP columns: ('id', 'u', 'v', 'x', 'y', 'z')
coordinate check: max |r_res-r_cg| = 5.000444502911705e-12
coordinate check: max |z_res-z_cg| = 5.000444502911705e-12
VPP columns: ('id', 'u', 'v', 'x', 'y', 'z')
coordinate check: max |r_res-r_cg| = 5.000444502911705e-12
coordinate check: max |z_res-z_cg| = 5.000444502911705e-12
Return code = 0
Elapsed: 29.26 sec
has_err = False
has_conv = True
has_ss = False
has_fin = True
Using VPP file: /homes/aiskhak/projects/GP/runs/10622/2/cand_003/tamu_2d_fv_gp_csv_vpp_0002.csv
VPP columns: ('id', 'u', 'v', 'x', 'y', 'z')
coordinate check: max |r_res-r_cg| = 5.000444502911705e-12
coordinate check: max |z_res-z_cg| = 5.000444502911705e-12
Return code = 0
Elapsed: 29.74 sec
has_err = False
has_conv = True
has_ss = False
has_fin = True
Using VPP file: /homes/aiskhak/projects/GP/runs/10622/2/cand_000/tamu_2d_fv_gp_csv_vpp_0002.csv
VPP columns: ('id', 'u', 'v', 'x', 'y', 'z')
coordinate check: max |r_res-r_cg| = 5.000444502911705e-12
coordinate check: max |z_res-z_cg| = 5.000444502911705e-12
Return code = 0
Elapsed: 29.47 sec
has_err = False
has_conv = True
has_ss = False
has_fin = True
Using VPP file: /homes/aiskhak/projects/GP/runs/10622/2/cand_005/tamu_2d_fv_gp_csv_vpp_0002.csv
VPP columns: ('id', 'u', 'v', 'x', 'y', 'z')
coordinate check: max |r_res-r_cg| = 5.000444502911705e-12
coordinate check: max |z_res-z_cg| = 5.000444502911705e-12
Return code = 0
Elapsed: 30.92 sec
has_err = False
has_conv = True
has_ss = False
has_fin = True
Using VPP file: /homes/aiskhak/projects/GP/runs/10622/2/cand_007/tamu_2d_fv_gp_csv_vpp_0002.csv
VPP columns: ('id', 'u', 'v', 'x', 'y', 'z')
coordinate check: max |r_res-r_cg| = 5.000444502911705e-12
coordinate check: max |z_res-z_cg| = 5.000444502911705e-12

===== LIVE CHECKPOINT =====
Chunk 1, stage refine_train, candidate batch starting 8, case batch 13/18
Completed result rows: 336
Current best partial candidates:
  n_cases= 24, mean=0.44801452, raw = -1*eta_h + -5*eta_y + -0.14
  n_cases= 24, mean=0.44931784, raw = -1*eta_h + -5*eta_y + -0.16
  n_cases= 24, mean=0.45169832, raw = -1*eta_h + -5.3*eta_y + -0.12
  n_cases= 24, mean=0.45240403, raw = -1*eta_h + -5.3*eta_y + -0.14
  n_cases= 24, mean=0.45241446, raw = -1*eta_h + -5.3*eta_y + -0.08
Checkpoint details: /homes/aiskhak/projects/GP/linear_results_linear_refine_best_screen_C1etaH_C2etaY_C3_CeffMin005_chunk1/linear_refine_best_screen_C1etaH_C2etaY_C3_CeffMin005_chunk1_refine_train_details_checkpoint.csv
Checkpoint summary: /homes/aiskhak/projects/GP/linear_results_linear_refine_best_screen_C1etaH_C2etaY_C3_CeffMin005_chunk1/linear_refine_best_screen_C1etaH_C2etaY_C3_CeffMin005_chunk1_refine_train_summary_checkpoint.csv
===========================


===== Stage refine_train, candidate batch starting 8, case batch 14/18 =====
Running 8 tasks with 64 MPI ranks

===== Linear candidate local_id=000, RE=10622, CG=3 =====
raw = -1*eta_h + -5*eta_y + -0.12
raw min/max = -5.125654205551524 -0.14975428391202528
C_eff min/max = 0.020504337413078527 0.26265917216573836
lm min/max = 0.0065394513359588215 0.1059122100928948

===== Linear candidate local_id=001, RE=10622, CG=3 =====
raw = -1*eta_h + -5*eta_y + -0.08
raw min/max = -5.085654205551524 -0.10975428391202527
C_eff min/max = 0.020504698691072503 0.2955022935386189
lm min/max = 0.00735714977065661 0.10591407622248626

===== Linear candidate local_id=002, RE=10622, CG=3 =====
raw = -1*eta_h + -4.8*eta_y + -0.2

===== Linear candidate local_id=003, RE=10622, CG=3 =====
raw = -1*eta_h + -4.8*eta_y + -0.16
raw min/max = -5.005654205551524 -0.22879028077760524
C_eff min/max = 0.020505514038088625 0.20902973576081119
lm min/max = 0.005204233964133622 0.10591828778039863

===== Linear candidate local_id=004, RE=10622, CG=3 =====
raw = -1*eta_h + -4.8*eta_y + -0.14
raw min/max = -4.965654205551524 -0.18879028077760523
C_eff min/max = 0.020505973330719587 0.23444401986212854
lm min/max = 0.005836975903996004 0.10592066019052068
raw min/max = -4.945654205551524 -0.16879028077760524
C_eff min/max = 0.020506217131593275 0.24845322260037117
lm min/max = 0.006185764407389715 0.10592191950891926

===== Linear candidate local_id=005, RE=10622, CG=3 =====
raw = -1*eta_h + -4.8*eta_y + -0.12
raw min/max = -4.925654205551524 -0.14879028077760523
C_eff min/max = 0.020506470884220147 0.2634020991645594
lm min/max = 0.00655794806278127 0.10592323023166965

===== Linear candidate local_id=006, RE=10622, CG=3 =====
raw = -1*eta_h + -4.8*eta_y + -0.08
raw min/max = -4.885654205551524 -0.10879028077760522
C_eff min/max = 0.020507009886567767 0.2963467683660998
lm min/max = 0.007378174743792781 0.10592601437088524

===== Linear candidate local_id=007, RE=10622, CG=3 =====
raw = -1*eta_h + -4.6*eta_y + -0.2
raw min/max = -4.805654205551524 -0.2278262776431852
C_eff min/max = 0.020508226340638726 0.20960377509435837
lm min/max = 0.005218525878083192 0.10593229778968276
Running case in: /homes/aiskhak/projects/GP/runs/10622/3/cand_001 with fv_app_run.sh
Running case in: /homes/aiskhak/projects/GP/runs/10622/3/cand_004 with fv_app_run.sh
Running case in: /homes/aiskhak/projects/GP/runs/10622/3/cand_006 with fv_app_run.sh
Running case in: /homes/aiskhak/projects/GP/runs/10622/3/cand_005 with fv_app_run.sh
Running case in: /homes/aiskhak/projects/GP/runs/10622/3/cand_003 with fv_app_run.sh
Running case in: /homes/aiskhak/projects/GP/runs/10622/3/cand_000 with fv_app_run.sh
Running case in: /homes/aiskhak/projects/GP/runs/10622/3/cand_007 with fv_app_run.sh
Running case in: /homes/aiskhak/projects/GP/runs/10622/3/cand_002 with fv_app_run.sh
Return code = 0
Elapsed: 43.18 sec
has_err = False
has_conv = True
has_ss = False
has_fin = True
Using VPP file: /homes/aiskhak/projects/GP/runs/10622/3/cand_003/tamu_2d_fv_gp_csv_vpp_0002.csv
Return code = 0
Elapsed: 43.63 sec
has_err = False
has_conv = True
has_ss = False
has_fin = True
Using VPP file: /homes/aiskhak/projects/GP/runs/10622/3/cand_001/tamu_2d_fv_gp_csv_vpp_0002.csv
VPP columns: ('id', 'u', 'v', 'x', 'y', 'z')
coordinate check: max |r_res-r_cg| = 5.000444502911705e-12
coordinate check: max |z_res-z_cg| = 5.000444502911705e-12
Return code = 0
Elapsed: 46.37 sec
has_err = False
has_conv = True
has_ss = False
has_fin = True
Using VPP file: /homes/aiskhak/projects/GP/runs/10622/3/cand_006/tamu_2d_fv_gp_csv_vpp_0002.csv
Return code = 0
Elapsed: 47.36 sec
Return code = 0
Elapsed: 47.2 sec
has_err = False
has_conv = True
has_ss = False
has_fin = True
has_err = False
has_conv = True
has_ss = False
has_fin = True
VPP columns: ('id', 'u', 'v', 'x', 'y', 'z')
Using VPP file: /homes/aiskhak/projects/GP/runs/10622/3/cand_000/tamu_2d_fv_gp_csv_vpp_0002.csv
Using VPP file: /homes/aiskhak/projects/GP/runs/10622/3/cand_005/tamu_2d_fv_gp_csv_vpp_0002.csv
coordinate check: max |r_res-r_cg| = 5.000444502911705e-12
coordinate check: max |z_res-z_cg| = 5.000444502911705e-12
Return code = 0
Elapsed: 47.73 sec
has_err = False
has_conv = True
has_ss = False
has_fin = True
Using VPP file: /homes/aiskhak/projects/GP/runs/10622/3/cand_007/tamu_2d_fv_gp_csv_vpp_0002.csv
Return code = 0
Elapsed: 48.79 sec
has_err = False
has_conv = True
has_ss = False
has_fin = True
Using VPP file: /homes/aiskhak/projects/GP/runs/10622/3/cand_004/tamu_2d_fv_gp_csv_vpp_0002.csv
VPP columns: ('id', 'u', 'v', 'x', 'y', 'z')
coordinate check: max |r_res-r_cg| = 5.000444502911705e-12
coordinate check: max |z_res-z_cg| = 5.000444502911705e-12
VPP columns: ('id', 'u', 'v', 'x', 'y', 'z')
coordinate check: max |r_res-r_cg| = 5.000444502911705e-12
coordinate check: max |z_res-z_cg| = 5.000444502911705e-12
VPP columns: ('id', 'u', 'v', 'x', 'y', 'z')
coordinate check: max |r_res-r_cg| = 5.000444502911705e-12
coordinate check: max |z_res-z_cg| = 5.000444502911705e-12
VPP columns: ('id', 'u', 'v', 'x', 'y', 'z')
coordinate check: max |r_res-r_cg| = 5.000444502911705e-12
coordinate check: max |z_res-z_cg| = 5.000444502911705e-12
Return code = 0
Elapsed: 52.34 sec
has_err = False
has_conv = True
has_ss = False
has_fin = True
Using VPP file: /homes/aiskhak/projects/GP/runs/10622/3/cand_002/tamu_2d_fv_gp_csv_vpp_0002.csv
VPP columns: ('id', 'u', 'v', 'x', 'y', 'z')
coordinate check: max |r_res-r_cg| = 5.000444502911705e-12
coordinate check: max |z_res-z_cg| = 5.000444502911705e-12
VPP columns: ('id', 'u', 'v', 'x', 'y', 'z')
coordinate check: max |r_res-r_cg| = 5.000444502911705e-12
coordinate check: max |z_res-z_cg| = 5.000444502911705e-12

===== LIVE CHECKPOINT =====
Chunk 1, stage refine_train, candidate batch starting 8, case batch 14/18
Completed result rows: 344
Current best partial candidates:
  n_cases= 24, mean=0.44801452, raw = -1*eta_h + -5*eta_y + -0.14
  n_cases= 24, mean=0.44931784, raw = -1*eta_h + -5*eta_y + -0.16
  n_cases= 24, mean=0.45169832, raw = -1*eta_h + -5.3*eta_y + -0.12
  n_cases= 24, mean=0.45240403, raw = -1*eta_h + -5.3*eta_y + -0.14
  n_cases= 24, mean=0.45241446, raw = -1*eta_h + -5.3*eta_y + -0.08
Checkpoint details: /homes/aiskhak/projects/GP/linear_results_linear_refine_best_screen_C1etaH_C2etaY_C3_CeffMin005_chunk1/linear_refine_best_screen_C1etaH_C2etaY_C3_CeffMin005_chunk1_refine_train_details_checkpoint.csv
Checkpoint summary: /homes/aiskhak/projects/GP/linear_results_linear_refine_best_screen_C1etaH_C2etaY_C3_CeffMin005_chunk1/linear_refine_best_screen_C1etaH_C2etaY_C3_CeffMin005_chunk1_refine_train_summary_checkpoint.csv
===========================


===== Stage refine_train, candidate batch starting 8, case batch 15/18 =====
Running 8 tasks with 96 MPI ranks

===== Linear candidate local_id=000, RE=10622, CG=4 =====
raw = -1*eta_h + -5*eta_y + -0.12
raw min/max = -5.122820598169251 -0.13486760518961954
C_eff min/max = 0.020504362065661787 0.27439313658581316
lm min/max = 0.0034228758291784717 0.10615855622486982

===== Linear candidate local_id=001, RE=10622, CG=4 =====
raw = -1*eta_h + -5*eta_y + -0.08
raw min/max = -5.082820598169251 -0.09486760518961955
C_eff min/max = 0.020504725397211487 0.30883548861798554
lm min/max = 0.0038525217588758045 0.10616043732473646

===== Linear candidate local_id=002, RE=10622, CG=4 =====
raw = -1*eta_h + -4.8*eta_y + -0.2
raw min/max = -5.002820598169251 -0.2143857249088048
C_eff min/max = 0.020505545378865588 0.21779990011128028
lm min/max = 0.002716912029813982 0.10616468266864189

===== Linear candidate local_id=003, RE=10622, CG=4 =====
raw = -1*eta_h + -4.8*eta_y + -0.16
raw min/max = -4.962820598169251 -0.1743857249088048
C_eff min/max = 0.020506007282286 0.2444415386578114
lm min/max = 0.0030492491347623484 0.1061670741110125

===== Linear candidate local_id=004, RE=10622, CG=4 =====
raw = -1*eta_h + -4.8*eta_y + -0.14
raw min/max = -4.94282059816925 -0.1543857249088048
C_eff min/max = 0.02050625246903007 0.25912192513391147
lm min/max = 0.003232377403411031 0.10616834353215678

===== Linear candidate local_id=005, RE=10622, CG=4 =====
raw = -1*eta_h + -4.8*eta_y + -0.12
raw min/max = -4.922820598169251 -0.1343857249088048
C_eff min/max = 0.020506507664109146 0.27478242873431485
lm min/max = 0.003427731995415628 0.1061696647700994

===== Linear candidate local_id=006, RE=10622, CG=4 =====
raw = -1*eta_h + -4.8*eta_y + -0.08
raw min/max = -4.882820598169251 -0.0943857249088048
C_eff min/max = 0.020507049730445513 0.3092776665754183
lm min/max = 0.0038580376411661717 0.10617247124510518

===== Linear candidate local_id=007, RE=10622, CG=4 =====
raw = -1*eta_h + -4.6*eta_y + -0.2
raw min/max = -4.802820598169251 -0.21390384462799006
C_eff min/max = 0.02050827309971532 0.21810053119986347
lm min/max = 0.00272066220702109 0.10617880507373134
Running case in: /homes/aiskhak/projects/GP/runs/10622/4/cand_002 with fv_app_run.sh
Running case in: /homes/aiskhak/projects/GP/runs/10622/4/cand_003 with fv_app_run.sh
Running case in: /homes/aiskhak/projects/GP/runs/10622/4/cand_004 with fv_app_run.sh
Running case in: /homes/aiskhak/projects/GP/runs/10622/4/cand_001 with fv_app_run.sh
Running case in: /homes/aiskhak/projects/GP/runs/10622/4/cand_000 with fv_app_run.sh
Running case in: /homes/aiskhak/projects/GP/runs/10622/4/cand_005 with fv_app_run.sh
Running case in: /homes/aiskhak/projects/GP/runs/10622/4/cand_007 with fv_app_run.sh
Running case in: /homes/aiskhak/projects/GP/runs/10622/4/cand_006 with fv_app_run.sh
Return code = 0
Elapsed: 107.47 sec
has_err = False
has_conv = True
has_ss = False
has_fin = True
Return code = 0
Elapsed: 107.35 sec
has_err = False
has_conv = True
has_ss = False
has_fin = True
Using VPP file: /homes/aiskhak/projects/GP/runs/10622/4/cand_001/tamu_2d_fv_gp_csv_vpp_0002.csv
Using VPP file: /homes/aiskhak/projects/GP/runs/10622/4/cand_000/tamu_2d_fv_gp_csv_vpp_0002.csv
Return code = 0
Elapsed: 108.1 sec
has_err = False
has_conv = True
has_ss = False
has_fin = True
Using VPP file: /homes/aiskhak/projects/GP/runs/10622/4/cand_006/tamu_2d_fv_gp_csv_vpp_0002.csv
Return code = 0
Elapsed: 112.69 sec
has_err = False
has_conv = True
has_ss = False
has_fin = True
Using VPP file: /homes/aiskhak/projects/GP/runs/10622/4/cand_005/tamu_2d_fv_gp_csv_vpp_0002.csv
VPP columns: ('id', 'u', 'v', 'x', 'y', 'z')
coordinate check: max |r_res-r_cg| = 5.000444502911705e-12
coordinate check: max |z_res-z_cg| = 5.000444502911705e-12
VPP columns: ('id', 'u', 'v', 'x', 'y', 'z')
coordinate check: max |r_res-r_cg| = 5.000444502911705e-12
coordinate check: max |z_res-z_cg| = 5.000444502911705e-12
VPP columns: ('id', 'u', 'v', 'x', 'y', 'z')
coordinate check: max |r_res-r_cg| = 5.000444502911705e-12
coordinate check: max |z_res-z_cg| = 5.000444502911705e-12
Return code = 0
Elapsed: 132.22 sec
has_err = False
has_conv = True
has_ss = False
has_fin = True
Using VPP file: /homes/aiskhak/projects/GP/runs/10622/4/cand_004/tamu_2d_fv_gp_csv_vpp_0002.csv
VPP columns: ('id', 'u', 'v', 'x', 'y', 'z')
coordinate check: max |r_res-r_cg| = 5.000444502911705e-12
coordinate check: max |z_res-z_cg| = 5.000444502911705e-12
VPP columns: ('id', 'u', 'v', 'x', 'y', 'z')
coordinate check: max |r_res-r_cg| = 5.000444502911705e-12
coordinate check: max |z_res-z_cg| = 5.000444502911705e-12
Return code = 0
Elapsed: 155.16 sec
has_err = False
has_conv = True
has_ss = False
has_fin = True
Using VPP file: /homes/aiskhak/projects/GP/runs/10622/4/cand_003/tamu_2d_fv_gp_csv_vpp_0002.csv
Return code = 0
Elapsed: 158.3 sec
has_err = False
has_conv = True
has_ss = False
has_fin = True
Using VPP file: /homes/aiskhak/projects/GP/runs/10622/4/cand_007/tamu_2d_fv_gp_csv_vpp_0002.csv
VPP columns: ('id', 'u', 'v', 'x', 'y', 'z')
coordinate check: max |r_res-r_cg| = 5.000444502911705e-12
coordinate check: max |z_res-z_cg| = 5.000444502911705e-12
VPP columns: ('id', 'u', 'v', 'x', 'y', 'z')
coordinate check: max |r_res-r_cg| = 5.000444502911705e-12
coordinate check: max |z_res-z_cg| = 5.000444502911705e-12
Return code = 0
Elapsed: 405.47 sec
has_err = True
has_conv = False
has_ss = False
has_fin = True
Steady failed; trying unsteady fallback
Running case in: /homes/aiskhak/projects/GP/runs/10622/4/cand_002 with fv_app_run_unsteady.sh
Return code = 0
Elapsed: 798.15 sec
has_err = False
has_conv = True
has_ss = True
has_fin = True
Using VPP file: /homes/aiskhak/projects/GP/runs/10622/4/cand_002/tamu_2d_fv_gp_csv_vpp_0029.csv
VPP columns: ('id', 'u', 'v', 'x', 'y', 'z')
coordinate check: max |r_res-r_cg| = 5.000444502911705e-12
coordinate check: max |z_res-z_cg| = 5.000444502911705e-12

===== LIVE CHECKPOINT =====
Chunk 1, stage refine_train, candidate batch starting 8, case batch 15/18
Completed result rows: 352
Current best partial candidates:
  n_cases= 24, mean=0.44801452, raw = -1*eta_h + -5*eta_y + -0.14
  n_cases= 24, mean=0.44931784, raw = -1*eta_h + -5*eta_y + -0.16
  n_cases= 24, mean=0.45169832, raw = -1*eta_h + -5.3*eta_y + -0.12
  n_cases= 24, mean=0.45240403, raw = -1*eta_h + -5.3*eta_y + -0.14
  n_cases= 24, mean=0.45241446, raw = -1*eta_h + -5.3*eta_y + -0.08
Checkpoint details: /homes/aiskhak/projects/GP/linear_results_linear_refine_best_screen_C1etaH_C2etaY_C3_CeffMin005_chunk1/linear_refine_best_screen_C1etaH_C2etaY_C3_CeffMin005_chunk1_refine_train_details_checkpoint.csv
Checkpoint summary: /homes/aiskhak/projects/GP/linear_results_linear_refine_best_screen_C1etaH_C2etaY_C3_CeffMin005_chunk1/linear_refine_best_screen_C1etaH_C2etaY_C3_CeffMin005_chunk1_refine_train_summary_checkpoint.csv
===========================


===== Stage refine_train, candidate batch starting 8, case batch 16/18 =====
Running 16 tasks with 64 MPI ranks

===== Linear candidate local_id=000, RE=14000, CG=1 =====
raw = -1*eta_h + -5*eta_y + -0.12

===== Linear candidate local_id=001, RE=14000, CG=1 =====
raw = -1*eta_h + -5*eta_y + -0.08

===== Linear candidate local_id=000, RE=14000, CG=2 =====
raw = -1*eta_h + -5*eta_y + -0.12

===== Linear candidate local_id=001, RE=14000, CG=2 =====
raw = -1*eta_h + -5*eta_y + -0.08

===== Linear candidate local_id=002, RE=14000, CG=1 =====
raw = -1*eta_h + -4.8*eta_y + -0.2

===== Linear candidate local_id=002, RE=14000, CG=2 =====

===== Linear candidate local_id=003, RE=14000, CG=1 =====
raw = -1*eta_h + -4.8*eta_y + -0.2
raw = -1*eta_h + -4.8*eta_y + -0.16

===== Linear candidate local_id=003, RE=14000, CG=2 =====
raw = -1*eta_h + -4.8*eta_y + -0.16

===== Linear candidate local_id=004, RE=14000, CG=1 =====
raw = -1*eta_h + -4.8*eta_y + -0.14

===== Linear candidate local_id=005, RE=14000, CG=1 =====

===== Linear candidate local_id=004, RE=14000, CG=2 =====
raw = -1*eta_h + -4.8*eta_y + -0.12
raw = -1*eta_h + -4.8*eta_y + -0.14
raw min/max = -5.011314138253861 -0.2574180653618214
C_eff min/max = 0.02050545196637548 0.1927887766924471
raw min/max = -4.971314138253861 -0.21741806536182137
lm min/max = 0.009559627008311842 0.10585999363386309
C_eff min/max = 0.020505906088237793 0.21591899192332342
lm min/max = 0.010706562187956114 0.10586233805121766
raw min/max = -5.102772529311599 -0.19851718801585522
C_eff min/max = 0.02050454053459744 0.22795399813003073
raw min/max = -5.022772529311599 -0.314687401667685
lm min/max = 0.022413589854352288 0.10528577487473241
C_eff min/max = 0.020505328434912113 0.16457582278467323
lm min/max = 0.016181927152398898 0.10528982054915337
raw min/max = -5.091314138253861 -0.13933906232465304
C_eff min/max = 0.020504645798440906 0.2708094098590928
lm min/max = 0.013428359228213298 0.10585583176839619
raw min/max = -4.982772529311599 -0.274687401667685
C_eff min/max = 0.02050577226624914 0.18370985882751895
lm min/max = 0.018063282336518563 0.10529209951395893
raw min/max = -4.942772529311599 -0.23468740166768498
C_eff min/max = 0.02050625307021811 0.20555756756791332
lm min/max = 0.020211459543242608 0.10529456832414029
raw min/max = -4.951314138253861 -0.19741806536182138
C_eff min/max = 0.020506147144342533 0.2286770570997405
lm min/max = 0.011339183788272839 0.10586358251038662

===== Linear candidate local_id=005, RE=14000, CG=2 =====
raw min/max = -4.962772529311598 -0.254687401667685
C_eff min/max = 0.020506007859896532 0.19427249256026355
lm min/max = 0.01910185390012166 0.1052933092294207
raw = -1*eta_h + -4.8*eta_y + -0.12
raw min/max = -5.142772529311599 -0.23851718801585522
C_eff min/max = 0.020504191417935937 0.20333851693585916
lm min/max = 0.019993271263410235 0.10528398224650132
raw min/max = -4.931314138253861 -0.17741806536182136
C_eff min/max = 0.020506398040138412 0.24229778290913329
lm min/max = 0.012014581290939718 0.10586487776724797
raw min/max = -5.131314138253861 -0.17933906232465302
C_eff min/max = 0.020504288587595572 0.2409506118513731
lm min/max = 0.011947780447812188 0.1058539876569923

===== Linear candidate local_id=006, RE=14000, CG=1 =====
raw = -1*eta_h + -4.8*eta_y + -0.08
raw min/max = -4.902772529311599 -0.194687401667685
C_eff min/max = 0.020506773927414162 0.2304847201497503
lm min/max = 0.022662423241135075 0.10529724279779615

===== Linear candidate local_id=006, RE=14000, CG=2 =====
raw = -1*eta_h + -4.8*eta_y + -0.08

===== Linear candidate local_id=007, RE=14000, CG=1 =====
raw = -1*eta_h + -4.6*eta_y + -0.2
raw min/max = -4.891314138253861 -0.13741806536182138
raw min/max = -4.822772529311599 -0.3108576153195147
C_eff min/max = 0.020506930974142114 0.2723427205051257
lm min/max = 0.013504389991598097 0.10586762905458032
C_eff min/max = 0.020507949429248922 0.16629966460032766
lm min/max = 0.016351423997143077 0.10530327871073605

===== Linear candidate local_id=007, RE=14000, CG=2 =====
raw = -1*eta_h + -4.6*eta_y + -0.2
raw min/max = -4.811314138253861 -0.2554970683989897
C_eff min/max = 0.02050813373241059 0.19383115827633127
lm min/max = 0.009611314556276123 0.10587383832920896
Running case in: /homes/aiskhak/projects/GP/runs/14000/1/cand_003 with fv_app_run.sh
Running case in: /homes/aiskhak/projects/GP/runs/14000/1/cand_002 with fv_app_run.sh
Running case in: /homes/aiskhak/projects/GP/runs/14000/1/cand_007 with fv_app_run.sh
Running case in: /homes/aiskhak/projects/GP/runs/14000/1/cand_005 with fv_app_run.sh
Running case in: /homes/aiskhak/projects/GP/runs/14000/1/cand_006 with fv_app_run.sh
Running case in: /homes/aiskhak/projects/GP/runs/14000/1/cand_001 with fv_app_run.sh
Running case in: /homes/aiskhak/projects/GP/runs/14000/1/cand_004 with fv_app_run.sh
Running case in: /homes/aiskhak/projects/GP/runs/14000/1/cand_000 with fv_app_run.sh
Running case in: /homes/aiskhak/projects/GP/runs/14000/2/cand_003 with fv_app_run.sh
Running case in: /homes/aiskhak/projects/GP/runs/14000/2/cand_006 with fv_app_run.sh
Running case in: /homes/aiskhak/projects/GP/runs/14000/2/cand_002 with fv_app_run.sh
Running case in: /homes/aiskhak/projects/GP/runs/14000/2/cand_004 with fv_app_run.sh
Running case in: /homes/aiskhak/projects/GP/runs/14000/2/cand_001 with fv_app_run.sh
Running case in: /homes/aiskhak/projects/GP/runs/14000/2/cand_007 with fv_app_run.sh
Running case in: /homes/aiskhak/projects/GP/runs/14000/2/cand_000 with fv_app_run.sh
Running case in: /homes/aiskhak/projects/GP/runs/14000/2/cand_005 with fv_app_run.sh
Return code = 0
Elapsed: 18.47 sec
has_err = False
has_conv = True
has_ss = False
has_fin = True
Using VPP file: /homes/aiskhak/projects/GP/runs/14000/1/cand_004/tamu_2d_fv_gp_csv_vpp_0002.csv
VPP columns: ('id', 'u', 'v', 'x', 'y', 'z')
coordinate check: max |r_res-r_cg| = 5.000444502911705e-12
coordinate check: max |z_res-z_cg| = 5.000444502911705e-12
Return code = 0
Elapsed: 19.58 sec
has_err = False
has_conv = True
has_ss = False
has_fin = True
Using VPP file: /homes/aiskhak/projects/GP/runs/14000/1/cand_005/tamu_2d_fv_gp_csv_vpp_0002.csv
VPP columns: ('id', 'u', 'v', 'x', 'y', 'z')
coordinate check: max |r_res-r_cg| = 5.000444502911705e-12
coordinate check: max |z_res-z_cg| = 5.000444502911705e-12
Return code = 0
Elapsed: 19.82 sec
has_err = False
has_conv = True
has_ss = False
has_fin = True
Using VPP file: /homes/aiskhak/projects/GP/runs/14000/1/cand_000/tamu_2d_fv_gp_csv_vpp_0002.csv
VPP columns: ('id', 'u', 'v', 'x', 'y', 'z')
coordinate check: max |r_res-r_cg| = 5.000444502911705e-12
coordinate check: max |z_res-z_cg| = 5.000444502911705e-12
Return code = 0
Elapsed: 22.04 sec
has_err = False
has_conv = True
has_ss = False
has_fin = True
Return code = 0
Elapsed: 22.05 sec
has_err = True
has_conv = False
has_ss = False
has_fin = True
Steady failed; trying unsteady fallback
Using VPP file: /homes/aiskhak/projects/GP/runs/14000/1/cand_001/tamu_2d_fv_gp_csv_vpp_0002.csv
Running case in: /homes/aiskhak/projects/GP/runs/14000/1/cand_002 with fv_app_run_unsteady.sh
VPP columns: ('id', 'u', 'v', 'x', 'y', 'z')
coordinate check: max |r_res-r_cg| = 5.000444502911705e-12
coordinate check: max |z_res-z_cg| = 5.000444502911705e-12
Return code = 0
Elapsed: 22.24 sec
has_err = False
has_conv = True
has_ss = False
has_fin = True
Using VPP file: /homes/aiskhak/projects/GP/runs/14000/1/cand_006/tamu_2d_fv_gp_csv_vpp_0002.csv
VPP columns: ('id', 'u', 'v', 'x', 'y', 'z')
coordinate check: max |r_res-r_cg| = 5.000444502911705e-12
coordinate check: max |z_res-z_cg| = 5.000444502911705e-12
Return code = 0
Elapsed: 24.02 sec
has_err = False
has_conv = True
has_ss = False
has_fin = True
Using VPP file: /homes/aiskhak/projects/GP/runs/14000/1/cand_003/tamu_2d_fv_gp_csv_vpp_0002.csv
VPP columns: ('id', 'u', 'v', 'x', 'y', 'z')
coordinate check: max |r_res-r_cg| = 5.000444502911705e-12
coordinate check: max |z_res-z_cg| = 5.000444502911705e-12
Return code = 0
Elapsed: 24.91 sec
has_err = True
has_conv = False
has_ss = False
has_fin = True
Steady failed; trying unsteady fallback
Running case in: /homes/aiskhak/projects/GP/runs/14000/1/cand_007 with fv_app_run_unsteady.sh
Return code = 0
Elapsed: 27.12 sec
has_err = False
has_conv = True
has_ss = False
has_fin = True
Using VPP file: /homes/aiskhak/projects/GP/runs/14000/2/cand_005/tamu_2d_fv_gp_csv_vpp_0002.csv
Return code = 0
Elapsed: 28.37 sec
has_err = False
has_conv = True
has_ss = False
has_fin = True
Using VPP file: /homes/aiskhak/projects/GP/runs/14000/2/cand_001/tamu_2d_fv_gp_csv_vpp_0002.csv
VPP columns: ('id', 'u', 'v', 'x', 'y', 'z')
coordinate check: max |r_res-r_cg| = 5.000444502911705e-12
coordinate check: max |z_res-z_cg| = 5.000444502911705e-12
Return code = 0
Elapsed: 28.87 sec
has_err = False
has_conv = True
has_ss = False
has_fin = True
Using VPP file: /homes/aiskhak/projects/GP/runs/14000/2/cand_006/tamu_2d_fv_gp_csv_vpp_0002.csv
Return code = 0
Elapsed: 29.25 sec
VPP columns: ('id', 'u', 'v', 'x', 'y', 'z')
coordinate check: max |r_res-r_cg| = 5.000444502911705e-12
coordinate check: max |z_res-z_cg| = 5.000444502911705e-12
has_err = False
has_conv = True
has_ss = False
has_fin = True
Using VPP file: /homes/aiskhak/projects/GP/runs/14000/2/cand_000/tamu_2d_fv_gp_csv_vpp_0002.csv
VPP columns: ('id', 'u', 'v', 'x', 'y', 'z')
coordinate check: max |r_res-r_cg| = 5.000444502911705e-12
coordinate check: max |z_res-z_cg| = 5.000444502911705e-12
Return code = 0
Elapsed: 31.73 sec
has_err = False
has_conv = True
has_ss = False
has_fin = True
Using VPP file: /homes/aiskhak/projects/GP/runs/14000/2/cand_004/tamu_2d_fv_gp_csv_vpp_0002.csv
Return code = 0
Elapsed: 31.9 sec
has_err = True
has_conv = False
has_ss = False
has_fin = True
Steady failed; trying unsteady fallback
VPP columns: ('id', 'u', 'v', 'x', 'y', 'z')
coordinate check: max |r_res-r_cg| = 5.000444502911705e-12
coordinate check: max |z_res-z_cg| = 5.000444502911705e-12
Running case in: /homes/aiskhak/projects/GP/runs/14000/2/cand_007 with fv_app_run_unsteady.sh
VPP columns: ('id', 'u', 'v', 'x', 'y', 'z')
coordinate check: max |r_res-r_cg| = 5.000444502911705e-12
coordinate check: max |z_res-z_cg| = 5.000444502911705e-12
Return code = 0
Elapsed: 32.77 sec
has_err = False
has_conv = True
has_ss = False
has_fin = True
Using VPP file: /homes/aiskhak/projects/GP/runs/14000/2/cand_003/tamu_2d_fv_gp_csv_vpp_0002.csv
VPP columns: ('id', 'u', 'v', 'x', 'y', 'z')
coordinate check: max |r_res-r_cg| = 5.000444502911705e-12
coordinate check: max |z_res-z_cg| = 5.000444502911705e-12
Return code = 0
Elapsed: 35.38 sec
has_err = False
has_conv = True
has_ss = False
has_fin = True
Using VPP file: /homes/aiskhak/projects/GP/runs/14000/2/cand_002/tamu_2d_fv_gp_csv_vpp_0002.csv
VPP columns: ('id', 'u', 'v', 'x', 'y', 'z')
coordinate check: max |r_res-r_cg| = 5.000444502911705e-12
coordinate check: max |z_res-z_cg| = 5.000444502911705e-12
Return code = 0
Elapsed: 24.92 sec
has_err = False
has_conv = True
has_ss = True
has_fin = True
Using VPP file: /homes/aiskhak/projects/GP/runs/14000/1/cand_002/tamu_2d_fv_gp_csv_vpp_0029.csv
VPP columns: ('id', 'u', 'v', 'x', 'y', 'z')
coordinate check: max |r_res-r_cg| = 5.000444502911705e-12
coordinate check: max |z_res-z_cg| = 5.000444502911705e-12
Return code = 0
Elapsed: 24.6 sec
has_err = False
has_conv = True
has_ss = True
has_fin = True
Using VPP file: /homes/aiskhak/projects/GP/runs/14000/1/cand_007/tamu_2d_fv_gp_csv_vpp_0029.csv
VPP columns: ('id', 'u', 'v', 'x', 'y', 'z')
coordinate check: max |r_res-r_cg| = 5.000444502911705e-12
coordinate check: max |z_res-z_cg| = 5.000444502911705e-12
Return code = 0
Elapsed: 89.92 sec
has_err = False
has_conv = True
has_ss = True
has_fin = True
Using VPP file: /homes/aiskhak/projects/GP/runs/14000/2/cand_007/tamu_2d_fv_gp_csv_vpp_0030.csv
VPP columns: ('id', 'u', 'v', 'x', 'y', 'z')
coordinate check: max |r_res-r_cg| = 5.000444502911705e-12
coordinate check: max |z_res-z_cg| = 5.000444502911705e-12

===== LIVE CHECKPOINT =====
Chunk 1, stage refine_train, candidate batch starting 8, case batch 16/18
Completed result rows: 368
Current best partial candidates:
  n_cases= 22, mean=0.43823844, raw = -1*eta_h + -4.8*eta_y + -0.14
  n_cases= 22, mean=0.43850052, raw = -1*eta_h + -4.8*eta_y + -0.16
  n_cases= 22, mean=0.43888864, raw = -1*eta_h + -4.8*eta_y + -0.12
  n_cases= 22, mean=0.43910075, raw = -1*eta_h + -4.6*eta_y + -0.2
  n_cases= 22, mean=0.44120054, raw = -1*eta_h + -5*eta_y + -0.12
Checkpoint details: /homes/aiskhak/projects/GP/linear_results_linear_refine_best_screen_C1etaH_C2etaY_C3_CeffMin005_chunk1/linear_refine_best_screen_C1etaH_C2etaY_C3_CeffMin005_chunk1_refine_train_details_checkpoint.csv
Checkpoint summary: /homes/aiskhak/projects/GP/linear_results_linear_refine_best_screen_C1etaH_C2etaY_C3_CeffMin005_chunk1/linear_refine_best_screen_C1etaH_C2etaY_C3_CeffMin005_chunk1_refine_train_summary_checkpoint.csv
===========================


===== Stage refine_train, candidate batch starting 8, case batch 17/18 =====
Running 8 tasks with 64 MPI ranks

===== Linear candidate local_id=003, RE=14000, CG=3 =====

===== Linear candidate local_id=007, RE=14000, CG=3 =====

===== Linear candidate local_id=005, RE=14000, CG=3 =====
raw = -1*eta_h + -4.6*eta_y + -0.2
raw = -1*eta_h + -4.8*eta_y + -0.12

===== Linear candidate local_id=002, RE=14000, CG=3 =====
raw = -1*eta_h + -4.8*eta_y + -0.2

===== Linear candidate local_id=001, RE=14000, CG=3 =====

===== Linear candidate local_id=000, RE=14000, CG=3 =====
raw = -1*eta_h + -5*eta_y + -0.08
raw = -1*eta_h + -5*eta_y + -0.12
raw min/max = -5.005654205551524 -0.22879028077760524

===== Linear candidate local_id=006, RE=14000, CG=3 =====
raw = -1*eta_h + -4.8*eta_y + -0.16

===== Linear candidate local_id=004, RE=14000, CG=3 =====
raw = -1*eta_h + -4.8*eta_y + -0.14
raw min/max = -4.805654205551524 -0.2278262776431852
C_eff min/max = 0.020508226340638726 0.20960377509435837
lm min/max = 0.005218525878083192 0.10593229778968276
raw min/max = -4.925654205551524 -0.14879028077760523
C_eff min/max = 0.020506470884220147 0.2634020991645594
lm min/max = 0.00655794806278127 0.10592323023166965
raw min/max = -4.945654205551524 -0.16879028077760524
C_eff min/max = 0.020506217131593275 0.24845322260037117
lm min/max = 0.006185764407389715 0.10592191950891926
raw = -1*eta_h + -4.8*eta_y + -0.08
raw min/max = -5.125654205551524 -0.14975428391202528
C_eff min/max = 0.020504337413078527 0.26265917216573836
lm min/max = 0.0065394513359588215 0.1059122100928948
raw min/max = -4.885654205551524 -0.10879028077760522
C_eff min/max = 0.020507009886567767 0.2963467683660998
lm min/max = 0.007378174743792781 0.10592601437088524
C_eff min/max = 0.020505514038088625 0.20902973576081119
lm min/max = 0.005204233964133622 0.10591828778039863
raw min/max = -5.085654205551524 -0.10975428391202527
C_eff min/max = 0.020504698691072503 0.2955022935386189
lm min/max = 0.00735714977065661 0.10591407622248626
raw min/max = -4.965654205551524 -0.18879028077760523
C_eff min/max = 0.020505973330719587 0.23444401986212854
lm min/max = 0.005836975903996004 0.10592066019052068
Running case in: /homes/aiskhak/projects/GP/runs/14000/3/cand_007 with fv_app_run.sh
Running case in: /homes/aiskhak/projects/GP/runs/14000/3/cand_005 with fv_app_run.sh
Running case in: /homes/aiskhak/projects/GP/runs/14000/3/cand_000 with fv_app_run.sh
Running case in: /homes/aiskhak/projects/GP/runs/14000/3/cand_001 with fv_app_run.sh
Running case in: /homes/aiskhak/projects/GP/runs/14000/3/cand_003 with fv_app_run.sh
Running case in: /homes/aiskhak/projects/GP/runs/14000/3/cand_006 with fv_app_run.sh
Running case in: /homes/aiskhak/projects/GP/runs/14000/3/cand_002 with fv_app_run.sh
Running case in: /homes/aiskhak/projects/GP/runs/14000/3/cand_004 with fv_app_run.sh
Return code = 0
Elapsed: 46.69 sec
has_err = False
has_conv = True
has_ss = False
has_fin = True
Using VPP file: /homes/aiskhak/projects/GP/runs/14000/3/cand_003/tamu_2d_fv_gp_csv_vpp_0002.csv
Return code = 0
Elapsed: 51.82 sec
has_err = False
has_conv = True
has_ss = False
has_fin = True
Using VPP file: /homes/aiskhak/projects/GP/runs/14000/3/cand_000/tamu_2d_fv_gp_csv_vpp_0002.csv
Return code = 0
Elapsed: 52.14 sec
has_err = False
has_conv = True
has_ss = False
has_fin = True
Using VPP file: /homes/aiskhak/projects/GP/runs/14000/3/cand_002/tamu_2d_fv_gp_csv_vpp_0002.csv
VPP columns: ('id', 'u', 'v', 'x', 'y', 'z')
coordinate check: max |r_res-r_cg| = 5.000444502911705e-12
coordinate check: max |z_res-z_cg| = 5.000444502911705e-12
Return code = 0
Elapsed: 53.12 sec
has_err = False
has_conv = True
has_ss = False
has_fin = True
Using VPP file: /homes/aiskhak/projects/GP/runs/14000/3/cand_001/tamu_2d_fv_gp_csv_vpp_0002.csv
VPP columns: ('id', 'u', 'v', 'x', 'y', 'z')
coordinate check: max |r_res-r_cg| = 5.000444502911705e-12
coordinate check: max |z_res-z_cg| = 5.000444502911705e-12
Return code = 0
Elapsed: 54.88 sec
has_err = False
has_conv = True
has_ss = False
has_fin = True
Using VPP file: /homes/aiskhak/projects/GP/runs/14000/3/cand_006/tamu_2d_fv_gp_csv_vpp_0002.csv
Return code = 0
Elapsed: 56.64 sec
has_err = False
has_conv = True
has_ss = False
has_fin = True
Using VPP file: /homes/aiskhak/projects/GP/runs/14000/3/cand_005/tamu_2d_fv_gp_csv_vpp_0002.csv
VPP columns: ('id', 'u', 'v', 'x', 'y', 'z')
coordinate check: max |r_res-r_cg| = 5.000444502911705e-12
coordinate check: max |z_res-z_cg| = 5.000444502911705e-12
VPP columns: ('id', 'u', 'v', 'x', 'y', 'z')
coordinate check: max |r_res-r_cg| = 5.000444502911705e-12
coordinate check: max |z_res-z_cg| = 5.000444502911705e-12
VPP columns: ('id', 'u', 'v', 'x', 'y', 'z')
coordinate check: max |r_res-r_cg| = 5.000444502911705e-12
coordinate check: max |z_res-z_cg| = 5.000444502911705e-12
Return code = 0
Elapsed: 58.64 sec
has_err = False
has_conv = True
has_ss = False
has_fin = True
Using VPP file: /homes/aiskhak/projects/GP/runs/14000/3/cand_004/tamu_2d_fv_gp_csv_vpp_0002.csv
VPP columns: ('id', 'u', 'v', 'x', 'y', 'z')
coordinate check: max |r_res-r_cg| = 5.000444502911705e-12
coordinate check: max |z_res-z_cg| = 5.000444502911705e-12
Return code = 0
Elapsed: 61.97 sec
has_err = False
has_conv = True
has_ss = False
has_fin = True
Using VPP file: /homes/aiskhak/projects/GP/runs/14000/3/cand_007/tamu_2d_fv_gp_csv_vpp_0002.csv
VPP columns: ('id', 'u', 'v', 'x', 'y', 'z')
coordinate check: max |r_res-r_cg| = 5.000444502911705e-12
coordinate check: max |z_res-z_cg| = 5.000444502911705e-12
VPP columns: ('id', 'u', 'v', 'x', 'y', 'z')
coordinate check: max |r_res-r_cg| = 5.000444502911705e-12
coordinate check: max |z_res-z_cg| = 5.000444502911705e-12

===== LIVE CHECKPOINT =====
Chunk 1, stage refine_train, candidate batch starting 8, case batch 17/18
Completed result rows: 376
Current best partial candidates:
  n_cases= 23, mean=0.44058104, raw = -1*eta_h + -4.8*eta_y + -0.14
  n_cases= 23, mean=0.44084578, raw = -1*eta_h + -4.8*eta_y + -0.12
  n_cases= 23, mean=0.44119323, raw = -1*eta_h + -4.8*eta_y + -0.16
  n_cases= 23, mean=0.44268880, raw = -1*eta_h + -4.6*eta_y + -0.2
  n_cases= 23, mean=0.44275951, raw = -1*eta_h + -5*eta_y + -0.12
Checkpoint details: /homes/aiskhak/projects/GP/linear_results_linear_refine_best_screen_C1etaH_C2etaY_C3_CeffMin005_chunk1/linear_refine_best_screen_C1etaH_C2etaY_C3_CeffMin005_chunk1_refine_train_details_checkpoint.csv
Checkpoint summary: /homes/aiskhak/projects/GP/linear_results_linear_refine_best_screen_C1etaH_C2etaY_C3_CeffMin005_chunk1/linear_refine_best_screen_C1etaH_C2etaY_C3_CeffMin005_chunk1_refine_train_summary_checkpoint.csv
===========================


===== Stage refine_train, candidate batch starting 8, case batch 18/18 =====
Running 8 tasks with 96 MPI ranks

===== Linear candidate local_id=000, RE=14000, CG=4 =====
raw = -1*eta_h + -5*eta_y + -0.12
raw min/max = -5.122820598169251 -0.13486760518961954
C_eff min/max = 0.020504362065661787 0.27439313658581316
lm min/max = 0.0034228758291784717 0.10615855622486982

===== Linear candidate local_id=001, RE=14000, CG=4 =====
raw = -1*eta_h + -5*eta_y + -0.08
raw min/max = -5.082820598169251 -0.09486760518961955
C_eff min/max = 0.020504725397211487 0.30883548861798554
lm min/max = 0.0038525217588758045 0.10616043732473646

===== Linear candidate local_id=002, RE=14000, CG=4 =====
raw = -1*eta_h + -4.8*eta_y + -0.2
raw min/max = -5.002820598169251 -0.2143857249088048
C_eff min/max = 0.020505545378865588 0.21779990011128028
lm min/max = 0.002716912029813982 0.10616468266864189

===== Linear candidate local_id=003, RE=14000, CG=4 =====
raw = -1*eta_h + -4.8*eta_y + -0.16
raw min/max = -4.962820598169251 -0.1743857249088048
C_eff min/max = 0.020506007282286 0.2444415386578114
lm min/max = 0.0030492491347623484 0.1061670741110125

===== Linear candidate local_id=004, RE=14000, CG=4 =====
raw = -1*eta_h + -4.8*eta_y + -0.14
raw min/max = -4.94282059816925 -0.1543857249088048
C_eff min/max = 0.02050625246903007 0.25912192513391147

===== Linear candidate local_id=005, RE=14000, CG=4 =====
raw = -1*eta_h + -4.8*eta_y + -0.12
lm min/max = 0.003232377403411031 0.10616834353215678
raw min/max = -4.922820598169251 -0.1343857249088048
C_eff min/max = 0.020506507664109146 0.27478242873431485
lm min/max = 0.003427731995415628 0.1061696647700994

===== Linear candidate local_id=006, RE=14000, CG=4 =====
raw = -1*eta_h + -4.8*eta_y + -0.08

===== Linear candidate local_id=007, RE=14000, CG=4 =====
raw min/max = -4.882820598169251 -0.0943857249088048
raw = -1*eta_h + -4.6*eta_y + -0.2
C_eff min/max = 0.020507049730445513 0.3092776665754183
lm min/max = 0.0038580376411661717 0.10617247124510518
raw min/max = -4.802820598169251 -0.21390384462799006
C_eff min/max = 0.02050827309971532 0.21810053119986347
lm min/max = 0.00272066220702109 0.10617880507373134
Running case in: /homes/aiskhak/projects/GP/runs/14000/4/cand_001 with fv_app_run.sh
Running case in: /homes/aiskhak/projects/GP/runs/14000/4/cand_004 with fv_app_run.sh
Running case in: /homes/aiskhak/projects/GP/runs/14000/4/cand_000 with fv_app_run.sh
Running case in: /homes/aiskhak/projects/GP/runs/14000/4/cand_002 with fv_app_run.sh
Running case in: /homes/aiskhak/projects/GP/runs/14000/4/cand_005 with fv_app_run.sh
Running case in: /homes/aiskhak/projects/GP/runs/14000/4/cand_006 with fv_app_run.sh
Running case in: /homes/aiskhak/projects/GP/runs/14000/4/cand_003 with fv_app_run.sh
Running case in: /homes/aiskhak/projects/GP/runs/14000/4/cand_007 with fv_app_run.sh
Return code = 0
Elapsed: 122.53 sec
has_err = False
has_conv = True
has_ss = False
has_fin = True
Using VPP file: /homes/aiskhak/projects/GP/runs/14000/4/cand_005/tamu_2d_fv_gp_csv_vpp_0002.csv
VPP columns: ('id', 'u', 'v', 'x', 'y', 'z')
coordinate check: max |r_res-r_cg| = 5.000444502911705e-12
coordinate check: max |z_res-z_cg| = 5.000444502911705e-12
Return code = 0
Elapsed: 125.48 sec
has_err = False
has_conv = True
has_ss = False
has_fin = True
Using VPP file: /homes/aiskhak/projects/GP/runs/14000/4/cand_000/tamu_2d_fv_gp_csv_vpp_0002.csv
VPP columns: ('id', 'u', 'v', 'x', 'y', 'z')
coordinate check: max |r_res-r_cg| = 5.000444502911705e-12
coordinate check: max |z_res-z_cg| = 5.000444502911705e-12
Return code = 0
Elapsed: 135.79 sec
has_err = False
has_conv = True
has_ss = False
has_fin = True
Using VPP file: /homes/aiskhak/projects/GP/runs/14000/4/cand_001/tamu_2d_fv_gp_csv_vpp_0002.csv
VPP columns: ('id', 'u', 'v', 'x', 'y', 'z')
coordinate check: max |r_res-r_cg| = 5.000444502911705e-12
coordinate check: max |z_res-z_cg| = 5.000444502911705e-12
Solver timed out
Elapsed: 2700.1 sec
Steady failed; trying unsteady fallback
Solver timed out
Elapsed: 2700.01 sec
Steady failed; trying unsteady fallback
Running case in: /homes/aiskhak/projects/GP/runs/14000/4/cand_004 with fv_app_run_unsteady.sh
Solver timed out
Elapsed: 2700.01 sec
Steady failed; trying unsteady fallback
Solver timed out
Elapsed: 2700.01 sec
Steady failed; trying unsteady fallback
Solver timed out
Elapsed: 2700.01 sec
Steady failed; trying unsteady fallback
Running case in: /homes/aiskhak/projects/GP/runs/14000/4/cand_003 with fv_app_run_unsteady.sh
Running case in: /homes/aiskhak/projects/GP/runs/14000/4/cand_002 with fv_app_run_unsteady.sh
Running case in: /homes/aiskhak/projects/GP/runs/14000/4/cand_006 with fv_app_run_unsteady.sh
Running case in: /homes/aiskhak/projects/GP/runs/14000/4/cand_007 with fv_app_run_unsteady.sh
Solver timed out
Elapsed: 2700.0 sec
Exception during evaluation: Both steady and unsteady fallback failed
Solver timed out
Elapsed: 2700.01 sec
Exception during evaluation: Both steady and unsteady fallback failed
Solver timed out
Elapsed: 2700.01 sec
Exception during evaluation: Both steady and unsteady fallback failed
Solver timed out
Elapsed: 2700.0 sec
Exception during evaluation: Both steady and unsteady fallback failed
Solver timed out
Elapsed: 2700.01 sec
Exception during evaluation: Both steady and unsteady fallback failed

===== LIVE CHECKPOINT =====
Chunk 1, stage refine_train, candidate batch starting 8, case batch 18/18
Completed result rows: 384
Current best partial candidates:
  n_cases= 24, mean=0.44567944, raw = -1*eta_h + -4.8*eta_y + -0.12
  n_cases= 24, mean=0.44750884, raw = -1*eta_h + -5*eta_y + -0.12
  n_cases= 24, mean=0.44801452, raw = -1*eta_h + -5*eta_y + -0.14
  n_cases= 24, mean=0.44899087, raw = -1*eta_h + -5*eta_y + -0.08
  n_cases= 24, mean=0.44931784, raw = -1*eta_h + -5*eta_y + -0.16
Checkpoint details: /homes/aiskhak/projects/GP/linear_results_linear_refine_best_screen_C1etaH_C2etaY_C3_CeffMin005_chunk1/linear_refine_best_screen_C1etaH_C2etaY_C3_CeffMin005_chunk1_refine_train_details_checkpoint.csv
Checkpoint summary: /homes/aiskhak/projects/GP/linear_results_linear_refine_best_screen_C1etaH_C2etaY_C3_CeffMin005_chunk1/linear_refine_best_screen_C1etaH_C2etaY_C3_CeffMin005_chunk1_refine_train_summary_checkpoint.csv
===========================


===== Candidate batch 16..23 =====

===== Stage refine_train, candidate batch starting 16, case batch 1/18 =====
Running 16 tasks with 64 MPI ranks

===== Linear candidate local_id=000, RE=3000, CG=1 =====
raw = -1*eta_h + -4.6*eta_y + -0.16
raw min/max = -4.782772529311599 -0.27085761531951474
C_eff min/max = 0.020508611606525146 0.18567867768178287
lm min/max = 0.018256866562542166 0.10530667882826192

===== Linear candidate local_id=000, RE=3000, CG=2 =====

===== Linear candidate local_id=001, RE=3000, CG=1 =====
raw = -1*eta_h + -4.6*eta_y + -0.16
raw = -1*eta_h + -4.6*eta_y + -0.14

===== Linear candidate local_id=001, RE=3000, CG=2 =====
raw = -1*eta_h + -4.6*eta_y + -0.14
raw min/max = -4.771314138253861 -0.21549706839898972
C_eff min/max = 0.02050881126410095 0.2171083767148863
lm min/max = 0.010765539039055898 0.10587733610631458
raw min/max = -4.762772529311598 -0.2508576153195147
C_eff min/max = 0.02050896310402734 0.19637613046323052
lm min/max = 0.01930869421679062 0.10530848368152468
raw min/max = -4.751314138253861 -0.19549706839898973
C_eff min/max = 0.0205091709121835 0.22994704682751846
lm min/max = 0.011402157516880042 0.10587919280002665

===== Linear candidate local_id=002, RE=3000, CG=1 =====
raw = -1*eta_h + -4.6*eta_y + -0.12
raw min/max = -4.7427725293115985 -0.2308576153195147
C_eff min/max = 0.02050932895067693 0.20780482002580597
lm min/max = 0.020432420769207413 0.10531036221413174

===== Linear candidate local_id=002, RE=3000, CG=2 =====

===== Linear candidate local_id=003, RE=3000, CG=1 =====
raw = -1*eta_h + -4.6*eta_y + -0.12

===== Linear candidate local_id=003, RE=3000, CG=2 =====
raw = -1*eta_h + -4.6*eta_y + -0.08
raw = -1*eta_h + -4.6*eta_y + -0.08

===== Linear candidate local_id=004, RE=3000, CG=1 =====
raw = -1*eta_h + -4.3*eta_y + -0.2
raw min/max = -4.731314138253861 -0.1754970683989897
C_eff min/max = 0.020509545242244832 0.2436534028008072
lm min/max = 0.012081801078065212 0.10588112528988226
raw min/max = -4.691314138253861 -0.1354970683989897
C_eff min/max = 0.020510340371021448 0.2738855242090497
lm min/max = 0.013580891477885776 0.10588523016537434
raw min/max = -4.7027725293115985 -0.19085761531951473
C_eff min/max = 0.020510106059180404 0.23304732990816432
lm min/max = 0.022914391991641872 0.10531435247525522

===== Linear candidate local_id=004, RE=3000, CG=2 =====
raw = -1*eta_h + -4.3*eta_y + -0.2
raw min/max = -4.522772529311599 -0.3051129357972594
C_eff min/max = 0.02051448634237875 0.16892695336503

===== Linear candidate local_id=005, RE=3000, CG=1 =====
raw = -1*eta_h + -4.3*eta_y + -0.16
lm min/max = 0.016609752314628412 0.10533684415264397
raw min/max = -4.482772529311599 -0.26511293579725936
C_eff min/max = 0.020515693174897553 0.1886791697321166
lm min/max = 0.018551890114351342 0.1053430409409442
raw min/max = -4.511314138253861 -0.25261557295474224
C_eff min/max = 0.02051482223676534 0.19540720484055377
lm min/max = 0.009689464423504825 0.10590836792795055
Running case in: /homes/aiskhak/projects/GP/runs/3000/1/cand_000 with fv_app_run.sh
Running case in: /homes/aiskhak/projects/GP/runs/3000/1/cand_001 with fv_app_run.sh

===== Linear candidate local_id=005, RE=3000, CG=2 =====
raw = -1*eta_h + -4.3*eta_y + -0.16

===== Linear candidate local_id=006, RE=3000, CG=1 =====
raw = -1*eta_h + -4.3*eta_y + -0.14
raw min/max = -4.462772529311598 -0.24511293579725937
C_eff min/max = 0.020516333795424474 0.1995819509726081
lm min/max = 0.019623906701034362 0.10534633036986184

===== Linear candidate local_id=006, RE=3000, CG=2 =====
raw min/max = -4.471314138253861 -0.2126155729547422
raw = -1*eta_h + -4.3*eta_y + -0.14
C_eff min/max = 0.020516057059367255 0.21890658636755442
lm min/max = 0.01085470508833104 0.10591474273563546
Running case in: /homes/aiskhak/projects/GP/runs/3000/1/cand_002 with fv_app_run.sh
raw min/max = -4.451314138253861 -0.19261557295474224
Running case in: /homes/aiskhak/projects/GP/runs/3000/1/cand_004 with fv_app_run.sh
C_eff min/max = 0.02051671253827044 0.23186705194399224
lm min/max = 0.011497362917746402 0.10591812666458432

===== Linear candidate local_id=007, RE=3000, CG=1 =====
raw = -1*eta_h + -4.3*eta_y + -0.12
raw min/max = -4.442772529311599 -0.22511293579725936
C_eff min/max = 0.020517000574323326 0.21122931840885567
lm min/max = 0.02076913476783965 0.10534975411558867
Running case in: /homes/aiskhak/projects/GP/runs/3000/1/cand_005 with fv_app_run.sh
Running case in: /homes/aiskhak/projects/GP/runs/3000/1/cand_006 with fv_app_run.sh
Running case in: /homes/aiskhak/projects/GP/runs/3000/2/cand_003 with fv_app_run.sh
Running case in: /homes/aiskhak/projects/GP/runs/3000/1/cand_003 with fv_app_run.sh
Running case in: /homes/aiskhak/projects/GP/runs/3000/1/cand_007 with fv_app_run.sh
Running case in: /homes/aiskhak/projects/GP/runs/3000/2/cand_000 with fv_app_run.sh
Running case in: /homes/aiskhak/projects/GP/runs/3000/2/cand_002 with fv_app_run.sh
Running case in: /homes/aiskhak/projects/GP/runs/3000/2/cand_004 with fv_app_run.sh

===== Linear candidate local_id=007, RE=3000, CG=2 =====
raw = -1*eta_h + -4.3*eta_y + -0.12
Running case in: /homes/aiskhak/projects/GP/runs/3000/2/cand_006 with fv_app_run.sh
raw min/max = -4.431314138253861 -0.17261557295474222
C_eff min/max = 0.020517394782591205 0.24570277998193601
lm min/max = 0.012183421523959688 0.10592164877078179
Running case in: /homes/aiskhak/projects/GP/runs/3000/2/cand_001 with fv_app_run.sh
Running case in: /homes/aiskhak/projects/GP/runs/3000/2/cand_005 with fv_app_run.sh
Running case in: /homes/aiskhak/projects/GP/runs/3000/2/cand_007 with fv_app_run.sh
Solver timed out
Elapsed: 2700.03 sec
Steady failed; trying unsteady fallback
Running case in: /homes/aiskhak/projects/GP/runs/3000/1/cand_000 with fv_app_run_unsteady.sh
Solver timed out
Elapsed: 2700.09 sec
Steady failed; trying unsteady fallback
Running case in: /homes/aiskhak/projects/GP/runs/3000/1/cand_001 with fv_app_run_unsteady.sh
Solver timed out
Elapsed: 2700.02 sec
Steady failed; trying unsteady fallback
Solver timed out
Elapsed: 2700.03 sec
Steady failed; trying unsteady fallback
Running case in: /homes/aiskhak/projects/GP/runs/3000/1/cand_002 with fv_app_run_unsteady.sh
Running case in: /homes/aiskhak/projects/GP/runs/3000/1/cand_004 with fv_app_run_unsteady.sh
Solver timed out
Elapsed: 2700.02 sec
Steady failed; trying unsteady fallback
Running case in: /homes/aiskhak/projects/GP/runs/3000/1/cand_005 with fv_app_run_unsteady.sh
Solver timed out
Elapsed: 2700.01 sec
Steady failed; trying unsteady fallback
Solver timed out
Elapsed: 2700.07 sec
Steady failed; trying unsteady fallback
Solver timed out
Elapsed: 2700.06 sec
Steady failed; trying unsteady fallback
Running case in: /homes/aiskhak/projects/GP/runs/3000/1/cand_006 with fv_app_run_unsteady.sh
Solver timed out
Elapsed: 2700.06 sec
Steady failed; trying unsteady fallback
Solver timed out
Elapsed: 2700.06 sec
Steady failed; trying unsteady fallback
Running case in: /homes/aiskhak/projects/GP/runs/3000/1/cand_003 with fv_app_run_unsteady.sh
Solver timed out
Elapsed: 2700.03 sec
Steady failed; trying unsteady fallback
Running case in: /homes/aiskhak/projects/GP/runs/3000/1/cand_007 with fv_app_run_unsteady.sh
Solver timed out
Elapsed: 2700.02 sec
Steady failed; trying unsteady fallback
Running case in: /homes/aiskhak/projects/GP/runs/3000/2/cand_003 with fv_app_run_unsteady.sh
Solver timed out
Elapsed: 2700.02 sec
Steady failed; trying unsteady fallback
Running case in: /homes/aiskhak/projects/GP/runs/3000/2/cand_000 with fv_app_run_unsteady.sh
Solver timed out
Elapsed: 2700.07 sec
Steady failed; trying unsteady fallback
Running case in: /homes/aiskhak/projects/GP/runs/3000/2/cand_002 with fv_app_run_unsteady.sh
Running case in: /homes/aiskhak/projects/GP/runs/3000/2/cand_004 with fv_app_run_unsteady.sh
Running case in: /homes/aiskhak/projects/GP/runs/3000/2/cand_006 with fv_app_run_unsteady.sh
Solver timed out
Elapsed: 2700.06 sec
Steady failed; trying unsteady fallback
Running case in: /homes/aiskhak/projects/GP/runs/3000/2/cand_001 with fv_app_run_unsteady.sh
Solver timed out
Elapsed: 2700.1 sec
Steady failed; trying unsteady fallback
Running case in: /homes/aiskhak/projects/GP/runs/3000/2/cand_007 with fv_app_run_unsteady.sh
Running case in: /homes/aiskhak/projects/GP/runs/3000/2/cand_005 with fv_app_run_unsteady.sh
Solver timed out
Elapsed: 2700.01 sec
Exception during evaluation: Both steady and unsteady fallback failed
Solver timed out
Elapsed: 2700.0 sec
Exception during evaluation: Both steady and unsteady fallback failed
Solver timed out
Elapsed: 2700.0 sec
Exception during evaluation: Both steady and unsteady fallback failed
Solver timed out
Elapsed: 2700.02 sec
Exception during evaluation: Both steady and unsteady fallback failed
Solver timed out
Elapsed: 2700.0 sec
Exception during evaluation: Both steady and unsteady fallback failed
Solver timed out
Elapsed: 2700.01 sec
Exception during evaluation: Both steady and unsteady fallback failed
Solver timed out
Elapsed: 2700.05 sec
Exception during evaluation: Both steady and unsteady fallback failed
Solver timed out
Elapsed: 2700.02 sec
Exception during evaluation: Both steady and unsteady fallback failed
Solver timed out
Elapsed: 2700.0 sec
Exception during evaluation: Both steady and unsteady fallback failed
Solver timed out
Elapsed: 2700.01 sec
Exception during evaluation: Both steady and unsteady fallback failed
Solver timed out
Elapsed: 2700.05 sec
Solver timed out
Elapsed: 2700.01 sec
Exception during evaluation: Both steady and unsteady fallback failed
Exception during evaluation: Both steady and unsteady fallback failed
Solver timed out
Elapsed: 2700.07 sec
Exception during evaluation: Both steady and unsteady fallback failed
Solver timed out
Elapsed: 2700.01 sec
Exception during evaluation: Both steady and unsteady fallback failed
Solver timed out
Elapsed: 2700.01 sec
Exception during evaluation: Both steady and unsteady fallback failed
Solver timed out
Elapsed: 2700.07 sec
Exception during evaluation: Both steady and unsteady fallback failed

===== LIVE CHECKPOINT =====
Chunk 1, stage refine_train, candidate batch starting 16, case batch 1/18
Completed result rows: 400
Current best partial candidates:
  n_cases= 24, mean=0.44567944, raw = -1*eta_h + -4.8*eta_y + -0.12
  n_cases= 24, mean=0.44750884, raw = -1*eta_h + -5*eta_y + -0.12
  n_cases= 24, mean=0.44801452, raw = -1*eta_h + -5*eta_y + -0.14
  n_cases= 24, mean=0.44899087, raw = -1*eta_h + -5*eta_y + -0.08
  n_cases= 24, mean=0.44931784, raw = -1*eta_h + -5*eta_y + -0.16
Checkpoint details: /homes/aiskhak/projects/GP/linear_results_linear_refine_best_screen_C1etaH_C2etaY_C3_CeffMin005_chunk1/linear_refine_best_screen_C1etaH_C2etaY_C3_CeffMin005_chunk1_refine_train_details_checkpoint.csv
Checkpoint summary: /homes/aiskhak/projects/GP/linear_results_linear_refine_best_screen_C1etaH_C2etaY_C3_CeffMin005_chunk1/linear_refine_best_screen_C1etaH_C2etaY_C3_CeffMin005_chunk1_refine_train_summary_checkpoint.csv
===========================


===== Stage refine_train, candidate batch starting 16, case batch 2/18 =====
Running 8 tasks with 64 MPI ranks

===== Linear candidate local_id=007, RE=3000, CG=3 =====

===== Linear candidate local_id=001, RE=3000, CG=3 =====

===== Linear candidate local_id=006, RE=3000, CG=3 =====

===== Linear candidate local_id=005, RE=3000, CG=3 =====

===== Linear candidate local_id=004, RE=3000, CG=3 =====

===== Linear candidate local_id=003, RE=3000, CG=3 =====

===== Linear candidate local_id=000, RE=3000, CG=3 =====

===== Linear candidate local_id=002, RE=3000, CG=3 =====
raw = -1*eta_h + -4.6*eta_y + -0.14
raw = -1*eta_h + -4.3*eta_y + -0.12
raw = -1*eta_h + -4.3*eta_y + -0.16
raw = -1*eta_h + -4.3*eta_y + -0.14
raw = -1*eta_h + -4.3*eta_y + -0.2
raw = -1*eta_h + -4.6*eta_y + -0.12
raw = -1*eta_h + -4.6*eta_y + -0.16
raw = -1*eta_h + -4.6*eta_y + -0.08
raw min/max = -4.445654205551524 -0.1663802729415551
raw min/max = -4.745654205551523 -0.1678262776431852
raw min/max = -4.425654205551524 -0.1463802729415551
raw min/max = -4.725654205551524 -0.14782627764318518
raw min/max = -4.685654205551524 -0.10782627764318517
raw min/max = -4.465654205551524 -0.1863802729415551
C_eff min/max = 0.020509275331206996 0.2491517620691586
C_eff min/max = 0.02051759286446731 0.26526955385323586
C_eff min/max = 0.02051045810763922 0.29719383370750657
C_eff min/max = 0.020516239903998017 0.23608416351336242
C_eff min/max = 0.020509653924018458 0.2641473400116859
lm min/max = 0.006203156013495514 0.10593771619980807
lm min/max = 0.007399264213209869 0.10594382566159945
lm min/max = 0.005877810722375992 0.10597369070031447
lm min/max = 0.006576502397713374 0.10593967176660253
C_eff min/max = 0.02051690284900548 0.2502036773842984
lm min/max = 0.006604442266497872 0.10598067922330764
lm min/max = 0.006229345652928954 0.10597711504753896
raw min/max = -4.505654205551524 -0.2263802729415551
raw min/max = -4.765654205551524 -0.18782627764318516
C_eff min/max = 0.020514991016826873 0.21046825839157357
lm min/max = 0.005240049004065333 0.10596723975299596
C_eff min/max = 0.02050891158761732 0.2350985296839314
lm min/max = 0.005853271299634754 0.10593583733453613
Running case in: /homes/aiskhak/projects/GP/runs/3000/3/cand_006 with fv_app_run.sh
Running case in: /homes/aiskhak/projects/GP/runs/3000/3/cand_004 with fv_app_run.sh
Running case in: /homes/aiskhak/projects/GP/runs/3000/3/cand_001 with fv_app_run.sh
Running case in: /homes/aiskhak/projects/GP/runs/3000/3/cand_003 with fv_app_run.sh
Running case in: /homes/aiskhak/projects/GP/runs/3000/3/cand_007 with fv_app_run.sh
Running case in: /homes/aiskhak/projects/GP/runs/3000/3/cand_002 with fv_app_run.sh
Running case in: /homes/aiskhak/projects/GP/runs/3000/3/cand_005 with fv_app_run.sh
Running case in: /homes/aiskhak/projects/GP/runs/3000/3/cand_000 with fv_app_run.sh
Solver timed out
Solver timed out
Elapsed: 2700.08 sec
Elapsed: 2700.1 sec
Solver timed out
Elapsed: 2700.17 sec
Solver timed out
Elapsed: 2700.08 sec
Steady failed; trying unsteady fallback
Steady failed; trying unsteady fallback
Steady failed; trying unsteady fallback
Steady failed; trying unsteady fallback
Solver timed out
Elapsed: 2700.01 sec
Steady failed; trying unsteady fallback
Solver timed out
Elapsed: 2700.01 sec
Steady failed; trying unsteady fallback
Solver timed out
Elapsed: 2700.03 sec
Solver timed out
Steady failed; trying unsteady fallback
Elapsed: 2700.04 sec
Steady failed; trying unsteady fallback
Running case in: /homes/aiskhak/projects/GP/runs/3000/3/cand_003 with fv_app_run_unsteady.sh
Running case in: /homes/aiskhak/projects/GP/runs/3000/3/cand_004 with fv_app_run_unsteady.sh
Running case in: /homes/aiskhak/projects/GP/runs/3000/3/cand_007 with fv_app_run_unsteady.sh
Running case in: /homes/aiskhak/projects/GP/runs/3000/3/cand_001 with fv_app_run_unsteady.sh
Running case in: /homes/aiskhak/projects/GP/runs/3000/3/cand_002 with fv_app_run_unsteady.sh
Running case in: /homes/aiskhak/projects/GP/runs/3000/3/cand_000 with fv_app_run_unsteady.sh
Running case in: /homes/aiskhak/projects/GP/runs/3000/3/cand_006 with fv_app_run_unsteady.sh
Running case in: /homes/aiskhak/projects/GP/runs/3000/3/cand_005 with fv_app_run_unsteady.sh
Solver timed out
Elapsed: 2700.03 sec
Exception during evaluation: Both steady and unsteady fallback failed
Solver timed out
Elapsed: 2700.01 sec
Exception during evaluation: Both steady and unsteady fallback failed
Solver timed out
Elapsed: 2700.01 sec
Exception during evaluation: Both steady and unsteady fallback failed
Solver timed out
Elapsed: 2700.01 sec
Exception during evaluation: Both steady and unsteady fallback failed
Solver timed out
Elapsed: 2700.06 sec
Exception during evaluation: Both steady and unsteady fallback failed
Solver timed out
Elapsed: 2700.08 sec
Exception during evaluation: Both steady and unsteady fallback failed
Solver timed out
Elapsed: 2700.02 sec
Exception during evaluation: Both steady and unsteady fallback failed
Solver timed out
Elapsed: 2700.0 sec
Exception during evaluation: Both steady and unsteady fallback failed

===== LIVE CHECKPOINT =====
Chunk 1, stage refine_train, candidate batch starting 16, case batch 2/18
Completed result rows: 408
Current best partial candidates:
  n_cases= 24, mean=0.44567944, raw = -1*eta_h + -4.8*eta_y + -0.12
  n_cases= 24, mean=0.44750884, raw = -1*eta_h + -5*eta_y + -0.12
  n_cases= 24, mean=0.44801452, raw = -1*eta_h + -5*eta_y + -0.14
  n_cases= 24, mean=0.44899087, raw = -1*eta_h + -5*eta_y + -0.08
  n_cases= 24, mean=0.44931784, raw = -1*eta_h + -5*eta_y + -0.16
Checkpoint details: /homes/aiskhak/projects/GP/linear_results_linear_refine_best_screen_C1etaH_C2etaY_C3_CeffMin005_chunk1/linear_refine_best_screen_C1etaH_C2etaY_C3_CeffMin005_chunk1_refine_train_details_checkpoint.csv
Checkpoint summary: /homes/aiskhak/projects/GP/linear_results_linear_refine_best_screen_C1etaH_C2etaY_C3_CeffMin005_chunk1/linear_refine_best_screen_C1etaH_C2etaY_C3_CeffMin005_chunk1_refine_train_summary_checkpoint.csv
===========================


===== Stage refine_train, candidate batch starting 16, case batch 3/18 =====
Running 8 tasks with 96 MPI ranks

===== Linear candidate local_id=000, RE=3000, CG=4 =====
raw = -1*eta_h + -4.6*eta_y + -0.16

===== Linear candidate local_id=001, RE=3000, CG=4 =====
raw = -1*eta_h + -4.6*eta_y + -0.14

===== Linear candidate local_id=002, RE=3000, CG=4 =====
raw = -1*eta_h + -4.6*eta_y + -0.12

===== Linear candidate local_id=003, RE=3000, CG=4 =====
raw = -1*eta_h + -4.6*eta_y + -0.08

===== Linear candidate local_id=004, RE=3000, CG=4 =====
raw = -1*eta_h + -4.3*eta_y + -0.2

===== Linear candidate local_id=005, RE=3000, CG=4 =====
raw = -1*eta_h + -4.3*eta_y + -0.16

===== Linear candidate local_id=006, RE=3000, CG=4 =====
raw = -1*eta_h + -4.3*eta_y + -0.14
raw min/max = -4.682820598169251 -0.09390384462799005
C_eff min/max = 0.020510517554396993 0.30972051781685594
lm min/max = 0.0038635619222363894 0.10619042543371891
raw min/max = -4.722820598169251 -0.13390384462799004
raw min/max = -4.44282059816925 -0.15318102420676794
C_eff min/max = 0.02051699893955429 0.26003692575171183
lm min/max = 0.0032437914407201338 0.10622398192713395
raw min/max = -4.462820598169251 -0.17318102420676793
C_eff min/max = 0.020516332224789643 0.245299104219778
C_eff min/max = 0.020509708798854893 0.27517232341464837
lm min/max = 0.003432595677845314 0.10618623821148722
lm min/max = 0.0030599467071233586 0.10622053010178079
raw min/max = -4.502820598169251 -0.21318102420676793
C_eff min/max = 0.020515076236193048 0.21855237082259418
lm min/max = 0.0027262986122991296 0.10621402739101014
raw min/max = -4.74282059816925 -0.15390384462799006
C_eff min/max = 0.020509328053720147 0.25948749802639026
lm min/max = 0.003236937687363604 0.10618426695514356
raw min/max = -4.762820598169251 -0.17390384462799005
C_eff min/max = 0.020508962242250975 0.24478416187409713
lm min/max = 0.0030535231364379445 0.1061823730158299

===== Linear candidate local_id=007, RE=3000, CG=4 =====
raw = -1*eta_h + -4.3*eta_y + -0.12
raw min/max = -4.422820598169251 -0.13318102420676792
C_eff min/max = 0.020517692878792786 0.2757582969885279
lm min/max = 0.0034399053168819387 0.10622757470351152
Running case in: /homes/aiskhak/projects/GP/runs/3000/4/cand_004 with fv_app_run.sh
Running case in: /homes/aiskhak/projects/GP/runs/3000/4/cand_003 with fv_app_run.sh
Running case in: /homes/aiskhak/projects/GP/runs/3000/4/cand_002 with fv_app_run.sh
Running case in: /homes/aiskhak/projects/GP/runs/3000/4/cand_001 with fv_app_run.sh
Running case in: /homes/aiskhak/projects/GP/runs/3000/4/cand_005 with fv_app_run.sh
Running case in: /homes/aiskhak/projects/GP/runs/3000/4/cand_000 with fv_app_run.sh
Running case in: /homes/aiskhak/projects/GP/runs/3000/4/cand_006 with fv_app_run.sh
Running case in: /homes/aiskhak/projects/GP/runs/3000/4/cand_007 with fv_app_run.sh
Solver timed out
Elapsed: 2700.1 sec
Steady failed; trying unsteady fallback
Solver timed out
Elapsed: 2700.09 sec
Steady failed; trying unsteady fallback
Solver timed out
Elapsed: 2700.01 sec
Steady failed; trying unsteady fallback
Solver timed out
Elapsed: 2700.01 sec
Steady failed; trying unsteady fallback
Solver timed out
Elapsed: 2700.07 sec
Steady failed; trying unsteady fallback
Solver timed out
Elapsed: 2700.01 sec
Steady failed; trying unsteady fallback
Running case in: /homes/aiskhak/projects/GP/runs/3000/4/cand_004 with fv_app_run_unsteady.sh
Solver timed out
Solver timed out
Elapsed: 2700.07 sec
Elapsed: 2700.07 sec
Steady failed; trying unsteady fallback
Steady failed; trying unsteady fallback
Running case in: /homes/aiskhak/projects/GP/runs/3000/4/cand_003 with fv_app_run_unsteady.sh
Running case in: /homes/aiskhak/projects/GP/runs/3000/4/cand_005 with fv_app_run_unsteady.sh
Running case in: /homes/aiskhak/projects/GP/runs/3000/4/cand_002 with fv_app_run_unsteady.sh
Running case in: /homes/aiskhak/projects/GP/runs/3000/4/cand_001 with fv_app_run_unsteady.sh
Running case in: /homes/aiskhak/projects/GP/runs/3000/4/cand_007 with fv_app_run_unsteady.sh
Running case in: /homes/aiskhak/projects/GP/runs/3000/4/cand_006 with fv_app_run_unsteady.sh
Running case in: /homes/aiskhak/projects/GP/runs/3000/4/cand_000 with fv_app_run_unsteady.sh
Solver timed out
Elapsed: 2700.02 sec
Exception during evaluation: Both steady and unsteady fallback failed
Solver timed out
Elapsed: 2700.1 sec
Exception during evaluation: Both steady and unsteady fallback failed
Solver timed out
Elapsed: 2700.01 sec
Exception during evaluation: Both steady and unsteady fallback failed
Solver timed out
Elapsed: 2700.01 sec
Exception during evaluation: Both steady and unsteady fallback failed
Solver timed out
Elapsed: 2700.01 sec
Exception during evaluation: Both steady and unsteady fallback failed
Solver timed out
Elapsed: 2700.01 sec
Exception during evaluation: Both steady and unsteady fallback failed
Solver timed out
Elapsed: 2700.01 sec
Exception during evaluation: Both steady and unsteady fallback failed
Solver timed out
Elapsed: 2700.04 sec
Exception during evaluation: Both steady and unsteady fallback failed

===== LIVE CHECKPOINT =====
Chunk 1, stage refine_train, candidate batch starting 16, case batch 3/18
Completed result rows: 416
Current best partial candidates:
  n_cases= 24, mean=0.44567944, raw = -1*eta_h + -4.8*eta_y + -0.12
  n_cases= 24, mean=0.44750884, raw = -1*eta_h + -5*eta_y + -0.12
  n_cases= 24, mean=0.44801452, raw = -1*eta_h + -5*eta_y + -0.14
  n_cases= 24, mean=0.44899087, raw = -1*eta_h + -5*eta_y + -0.08
  n_cases= 24, mean=0.44931784, raw = -1*eta_h + -5*eta_y + -0.16
Checkpoint details: /homes/aiskhak/projects/GP/linear_results_linear_refine_best_screen_C1etaH_C2etaY_C3_CeffMin005_chunk1/linear_refine_best_screen_C1etaH_C2etaY_C3_CeffMin005_chunk1_refine_train_details_checkpoint.csv
Checkpoint summary: /homes/aiskhak/projects/GP/linear_results_linear_refine_best_screen_C1etaH_C2etaY_C3_CeffMin005_chunk1/linear_refine_best_screen_C1etaH_C2etaY_C3_CeffMin005_chunk1_refine_train_summary_checkpoint.csv
===========================


===== Stage refine_train, candidate batch starting 16, case batch 4/18 =====
Running 16 tasks with 64 MPI ranks

===== Linear candidate local_id=000, RE=3413, CG=1 =====
raw = -1*eta_h + -4.6*eta_y + -0.16
raw min/max = -4.782772529311599 -0.27085761531951474
C_eff min/max = 0.020508611606525146 0.18567867768178287
lm min/max = 0.018256866562542166 0.10530667882826192
Running case in: /homes/aiskhak/projects/GP/runs/3413/1/cand_000 with fv_app_run.sh

===== Linear candidate local_id=000, RE=3413, CG=2 =====
raw = -1*eta_h + -4.6*eta_y + -0.16

===== Linear candidate local_id=001, RE=3413, CG=1 =====
raw = -1*eta_h + -4.6*eta_y + -0.14
raw min/max = -4.771314138253861 -0.21549706839898972
C_eff min/max = 0.02050881126410095 0.2171083767148863
lm min/max = 0.010765539039055898 0.10587733610631458
raw min/max = -4.762772529311598 -0.2508576153195147
C_eff min/max = 0.02050896310402734 0.19637613046323052
lm min/max = 0.01930869421679062 0.10530848368152468

===== Linear candidate local_id=001, RE=3413, CG=2 =====
raw = -1*eta_h + -4.6*eta_y + -0.14

===== Linear candidate local_id=002, RE=3413, CG=1 =====
raw = -1*eta_h + -4.6*eta_y + -0.12
raw min/max = -4.751314138253861 -0.19549706839898973
raw min/max = -4.7427725293115985 -0.2308576153195147
C_eff min/max = 0.02050932895067693 0.20780482002580597
lm min/max = 0.020432420769207413 0.10531036221413174
C_eff min/max = 0.0205091709121835 0.22994704682751846
lm min/max = 0.011402157516880042 0.10587919280002665

===== Linear candidate local_id=002, RE=3413, CG=2 =====
raw = -1*eta_h + -4.6*eta_y + -0.12
raw min/max = -4.731314138253861 -0.1754970683989897
C_eff min/max = 0.020509545242244832 0.2436534028008072
lm min/max = 0.012081801078065212 0.10588112528988226

===== Linear candidate local_id=003, RE=3413, CG=1 =====
raw = -1*eta_h + -4.6*eta_y + -0.08
raw min/max = -4.7027725293115985 -0.19085761531951473
C_eff min/max = 0.020510106059180404 0.23304732990816432
lm min/max = 0.022914391991641872 0.10531435247525522

===== Linear candidate local_id=003, RE=3413, CG=2 =====
raw = -1*eta_h + -4.6*eta_y + -0.08
raw min/max = -4.691314138253861 -0.1354970683989897
C_eff min/max = 0.020510340371021448 0.2738855242090497
lm min/max = 0.013580891477885776 0.10588523016537434
Running case in: /homes/aiskhak/projects/GP/runs/3413/1/cand_002 with fv_app_run.sh

===== Linear candidate local_id=004, RE=3413, CG=1 =====
raw = -1*eta_h + -4.3*eta_y + -0.2
raw min/max = -4.522772529311599 -0.3051129357972594

===== Linear candidate local_id=004, RE=3413, CG=2 =====
raw = -1*eta_h + -4.3*eta_y + -0.2

===== Linear candidate local_id=005, RE=3413, CG=1 =====
raw = -1*eta_h + -4.3*eta_y + -0.16
Running case in: /homes/aiskhak/projects/GP/runs/3413/1/cand_001 with fv_app_run.sh
raw min/max = -4.482772529311599 -0.26511293579725936
C_eff min/max = 0.020515693174897553 0.1886791697321166
lm min/max = 0.018551890114351342 0.1053430409409442
C_eff min/max = 0.02051448634237875 0.16892695336503
raw min/max = -4.511314138253861 -0.25261557295474224
lm min/max = 0.016609752314628412 0.10533684415264397

===== Linear candidate local_id=005, RE=3413, CG=2 =====
raw = -1*eta_h + -4.3*eta_y + -0.16
raw min/max = -4.471314138253861 -0.2126155729547422
C_eff min/max = 0.02051482223676534 0.19540720484055377
C_eff min/max = 0.020516057059367255 0.21890658636755442
lm min/max = 0.009689464423504825 0.10590836792795055

===== Linear candidate local_id=006, RE=3413, CG=1 =====
raw = -1*eta_h + -4.3*eta_y + -0.14
raw min/max = -4.462772529311598 -0.24511293579725937
C_eff min/max = 0.020516333795424474 0.1995819509726081
lm min/max = 0.019623906701034362 0.10534633036986184
lm min/max = 0.01085470508833104 0.10591474273563546

===== Linear candidate local_id=006, RE=3413, CG=2 =====
raw = -1*eta_h + -4.3*eta_y + -0.14
raw min/max = -4.451314138253861 -0.19261557295474224
C_eff min/max = 0.02051671253827044 0.23186705194399224
lm min/max = 0.011497362917746402 0.10591812666458432
Running case in: /homes/aiskhak/projects/GP/runs/3413/2/cand_001 with fv_app_run.sh

===== Linear candidate local_id=007, RE=3413, CG=1 =====
raw = -1*eta_h + -4.3*eta_y + -0.12
raw min/max = -4.442772529311599 -0.22511293579725936
C_eff min/max = 0.020517000574323326 0.21122931840885567
lm min/max = 0.02076913476783965 0.10534975411558867

===== Linear candidate local_id=007, RE=3413, CG=2 =====
raw = -1*eta_h + -4.3*eta_y + -0.12
raw min/max = -4.431314138253861 -0.17261557295474222
C_eff min/max = 0.020517394782591205 0.24570277998193601
lm min/max = 0.012183421523959688 0.10592164877078179
Running case in: /homes/aiskhak/projects/GP/runs/3413/2/cand_002 with fv_app_run.sh
Running case in: /homes/aiskhak/projects/GP/runs/3413/1/cand_003 with fv_app_run.sh
Running case in: /homes/aiskhak/projects/GP/runs/3413/2/cand_000 with fv_app_run.sh
Running case in: /homes/aiskhak/projects/GP/runs/3413/2/cand_003 with fv_app_run.sh
Running case in: /homes/aiskhak/projects/GP/runs/3413/1/cand_005 with fv_app_run.sh
Running case in: /homes/aiskhak/projects/GP/runs/3413/1/cand_007 with fv_app_run.sh
Running case in: /homes/aiskhak/projects/GP/runs/3413/2/cand_004 with fv_app_run.sh
Running case in: /homes/aiskhak/projects/GP/runs/3413/1/cand_004 with fv_app_run.sh
Running case in: /homes/aiskhak/projects/GP/runs/3413/1/cand_006 with fv_app_run.sh
Running case in: /homes/aiskhak/projects/GP/runs/3413/2/cand_006 with fv_app_run.sh
Running case in: /homes/aiskhak/projects/GP/runs/3413/2/cand_007 with fv_app_run.sh
Running case in: /homes/aiskhak/projects/GP/runs/3413/2/cand_005 with fv_app_run.sh
Solver timed out
Elapsed: 2700.0 sec
Steady failed; trying unsteady fallback
Running case in: /homes/aiskhak/projects/GP/runs/3413/1/cand_000 with fv_app_run_unsteady.sh
Solver timed out
Elapsed: 2700.01 sec
Steady failed; trying unsteady fallback
Running case in: /homes/aiskhak/projects/GP/runs/3413/1/cand_002 with fv_app_run_unsteady.sh
Solver timed out
Elapsed: 2700.06 sec
Steady failed; trying unsteady fallback
Running case in: /homes/aiskhak/projects/GP/runs/3413/1/cand_001 with fv_app_run_unsteady.sh
Solver timed out
Elapsed: 2700.02 sec
Steady failed; trying unsteady fallback
Solver timed out
Elapsed: 2700.01 sec
Steady failed; trying unsteady fallback
Running case in: /homes/aiskhak/projects/GP/runs/3413/2/cand_001 with fv_app_run_unsteady.sh
Solver timed out
Elapsed: 2700.01 sec
Steady failed; trying unsteady fallback
Solver timed out
Elapsed: 2700.04 sec
Steady failed; trying unsteady fallback
Running case in: /homes/aiskhak/projects/GP/runs/3413/1/cand_003 with fv_app_run_unsteady.sh
Running case in: /homes/aiskhak/projects/GP/runs/3413/2/cand_002 with fv_app_run_unsteady.sh
Running case in: /homes/aiskhak/projects/GP/runs/3413/2/cand_000 with fv_app_run_unsteady.sh
Solver timed out
Elapsed: 2700.02 sec
Steady failed; trying unsteady fallback
Solver timed out
Elapsed: 2700.0 sec
Steady failed; trying unsteady fallback
Running case in: /homes/aiskhak/projects/GP/runs/3413/1/cand_005 with fv_app_run_unsteady.sh
Solver timed out
Elapsed: 2700.07 sec
Steady failed; trying unsteady fallback
Solver timed out
Elapsed: 2700.06 sec
Steady failed; trying unsteady fallback
Solver timed out
Elapsed: 2700.01 sec
Steady failed; trying unsteady fallback
Solver timed out
Elapsed: 2700.01 sec
Steady failed; trying unsteady fallback
Running case in: /homes/aiskhak/projects/GP/runs/3413/2/cand_003 with fv_app_run_unsteady.sh
Running case in: /homes/aiskhak/projects/GP/runs/3413/1/cand_006 with fv_app_run_unsteady.sh
Running case in: /homes/aiskhak/projects/GP/runs/3413/1/cand_007 with fv_app_run_unsteady.sh
Running case in: /homes/aiskhak/projects/GP/runs/3413/1/cand_004 with fv_app_run_unsteady.sh
Running case in: /homes/aiskhak/projects/GP/runs/3413/2/cand_004 with fv_app_run_unsteady.sh
Solver timed out
Elapsed: 2700.08 sec
Steady failed; trying unsteady fallback
Solver timed out
Elapsed: 2700.01 sec
Steady failed; trying unsteady fallback
Solver timed out
Elapsed: 2700.12 sec
Steady failed; trying unsteady fallback
Running case in: /homes/aiskhak/projects/GP/runs/3413/2/cand_005 with fv_app_run_unsteady.sh
Running case in: /homes/aiskhak/projects/GP/runs/3413/2/cand_007 with fv_app_run_unsteady.sh
Running case in: /homes/aiskhak/projects/GP/runs/3413/2/cand_006 with fv_app_run_unsteady.sh
Solver timed out
Elapsed: 2700.0 sec
Exception during evaluation: Both steady and unsteady fallback failed
Solver timed out
Elapsed: 2700.0 sec
Exception during evaluation: Both steady and unsteady fallback failed
Solver timed out
Elapsed: 2700.0 sec
Exception during evaluation: Both steady and unsteady fallback failed
Solver timed out
Elapsed: 2700.04 sec
Exception during evaluation: Both steady and unsteady fallback failed
Solver timed out
Elapsed: 2700.0 sec
Exception during evaluation: Both steady and unsteady fallback failed
Solver timed out
Elapsed: 2700.01 sec
Exception during evaluation: Both steady and unsteady fallback failed
Solver timed out
Elapsed: 2700.01 sec
Exception during evaluation: Both steady and unsteady fallback failed
Solver timed out
Elapsed: 2700.01 sec
Exception during evaluation: Both steady and unsteady fallback failed
Solver timed out
Elapsed: 2700.01 sec
Exception during evaluation: Both steady and unsteady fallback failed
Solver timed out
Elapsed: 2700.05 sec
Exception during evaluation: Both steady and unsteady fallback failed
Solver timed out
Elapsed: 2700.01 sec
Exception during evaluation: Both steady and unsteady fallback failed
Solver timed out
Elapsed: 2700.01 sec
Exception during evaluation: Both steady and unsteady fallback failed
Solver timed out
Elapsed: 2700.01 sec
Exception during evaluation: Both steady and unsteady fallback failed
Solver timed out
Elapsed: 2700.01 sec
Exception during evaluation: Both steady and unsteady fallback failed
Solver timed out
Elapsed: 2700.1 sec
Exception during evaluation: Both steady and unsteady fallback failed
Solver timed out
Elapsed: 2700.02 sec
Exception during evaluation: Both steady and unsteady fallback failed

===== LIVE CHECKPOINT =====
Chunk 1, stage refine_train, candidate batch starting 16, case batch 4/18
Completed result rows: 432
Current best partial candidates:
  n_cases= 24, mean=0.44567944, raw = -1*eta_h + -4.8*eta_y + -0.12
  n_cases= 24, mean=0.44750884, raw = -1*eta_h + -5*eta_y + -0.12
  n_cases= 24, mean=0.44801452, raw = -1*eta_h + -5*eta_y + -0.14
  n_cases= 24, mean=0.44899087, raw = -1*eta_h + -5*eta_y + -0.08
  n_cases= 24, mean=0.44931784, raw = -1*eta_h + -5*eta_y + -0.16
Checkpoint details: /homes/aiskhak/projects/GP/linear_results_linear_refine_best_screen_C1etaH_C2etaY_C3_CeffMin005_chunk1/linear_refine_best_screen_C1etaH_C2etaY_C3_CeffMin005_chunk1_refine_train_details_checkpoint.csv
Checkpoint summary: /homes/aiskhak/projects/GP/linear_results_linear_refine_best_screen_C1etaH_C2etaY_C3_CeffMin005_chunk1/linear_refine_best_screen_C1etaH_C2etaY_C3_CeffMin005_chunk1_refine_train_summary_checkpoint.csv
===========================


===== Stage refine_train, candidate batch starting 16, case batch 5/18 =====
Running 8 tasks with 64 MPI ranks

===== Linear candidate local_id=000, RE=3413, CG=3 =====
raw = -1*eta_h + -4.6*eta_y + -0.16

===== Linear candidate local_id=001, RE=3413, CG=3 =====
raw = -1*eta_h + -4.6*eta_y + -0.14
raw min/max = -4.765654205551524 -0.18782627764318516
C_eff min/max = 0.02050891158761732 0.2350985296839314
lm min/max = 0.005853271299634754 0.10593583733453613

===== Linear candidate local_id=002, RE=3413, CG=3 =====
raw = -1*eta_h + -4.6*eta_y + -0.12
raw min/max = -4.745654205551523 -0.1678262776431852
C_eff min/max = 0.020509275331206996 0.2491517620691586
lm min/max = 0.006203156013495514 0.10593771619980807
raw min/max = -4.725654205551524 -0.14782627764318518
C_eff min/max = 0.020509653924018458 0.2641473400116859
lm min/max = 0.006576502397713374 0.10593967176660253

===== Linear candidate local_id=003, RE=3413, CG=3 =====
raw = -1*eta_h + -4.6*eta_y + -0.08
raw min/max = -4.685654205551524 -0.10782627764318517
C_eff min/max = 0.02051045810763922 0.29719383370750657
lm min/max = 0.007399264213209869 0.10594382566159945

===== Linear candidate local_id=005, RE=3413, CG=3 =====
raw = -1*eta_h + -4.3*eta_y + -0.16

===== Linear candidate local_id=006, RE=3413, CG=3 =====
raw = -1*eta_h + -4.3*eta_y + -0.14
raw min/max = -4.465654205551524 -0.1863802729415551
C_eff min/max = 0.020516239903998017 0.23608416351336242
lm min/max = 0.005877810722375992 0.10597369070031447

===== Linear candidate local_id=007, RE=3413, CG=3 =====
raw = -1*eta_h + -4.3*eta_y + -0.12
raw min/max = -4.445654205551524 -0.1663802729415551
C_eff min/max = 0.02051690284900548 0.2502036773842984
lm min/max = 0.006229345652928954 0.10597711504753896
raw min/max = -4.425654205551524 -0.1463802729415551
C_eff min/max = 0.02051759286446731 0.26526955385323586
lm min/max = 0.006604442266497872 0.10598067922330764

===== Linear candidate local_id=004, RE=3413, CG=3 =====
raw = -1*eta_h + -4.3*eta_y + -0.2
raw min/max = -4.505654205551524 -0.2263802729415551
C_eff min/max = 0.020514991016826873 0.21046825839157357
lm min/max = 0.005240049004065333 0.10596723975299596
Running case in: /homes/aiskhak/projects/GP/runs/3413/3/cand_000 with fv_app_run.sh
Running case in: /homes/aiskhak/projects/GP/runs/3413/3/cand_001 with fv_app_run.sh
Running case in: /homes/aiskhak/projects/GP/runs/3413/3/cand_002 with fv_app_run.sh
Running case in: /homes/aiskhak/projects/GP/runs/3413/3/cand_003 with fv_app_run.sh
Running case in: /homes/aiskhak/projects/GP/runs/3413/3/cand_007 with fv_app_run.sh
Running case in: /homes/aiskhak/projects/GP/runs/3413/3/cand_004 with fv_app_run.sh
Running case in: /homes/aiskhak/projects/GP/runs/3413/3/cand_005 with fv_app_run.sh
Running case in: /homes/aiskhak/projects/GP/runs/3413/3/cand_006 with fv_app_run.sh
Solver timed out
Elapsed: 2700.02 sec
Steady failed; trying unsteady fallback
Solver timed out
Elapsed: 2700.07 sec
Steady failed; trying unsteady fallback
Solver timed out
Elapsed: 2700.01 sec
Steady failed; trying unsteady fallback
Solver timed out
Elapsed: 2700.01 sec
Steady failed; trying unsteady fallback
Running case in: /homes/aiskhak/projects/GP/runs/3413/3/cand_000 with fv_app_run_unsteady.sh
Running case in: /homes/aiskhak/projects/GP/runs/3413/3/cand_001 with fv_app_run_unsteady.sh
Running case in: /homes/aiskhak/projects/GP/runs/3413/3/cand_002 with fv_app_run_unsteady.sh
Solver timed out
Elapsed: 2700.02 sec
Steady failed; trying unsteady fallback
Solver timed out
Elapsed: 2700.0 sec
Steady failed; trying unsteady fallback
Running case in: /homes/aiskhak/projects/GP/runs/3413/3/cand_003 with fv_app_run_unsteady.sh
Solver timed out
Elapsed: 2700.07 sec
Steady failed; trying unsteady fallback
Solver timed out
Elapsed: 2700.03 sec
Steady failed; trying unsteady fallback
Running case in: /homes/aiskhak/projects/GP/runs/3413/3/cand_007 with fv_app_run_unsteady.sh
Running case in: /homes/aiskhak/projects/GP/runs/3413/3/cand_004 with fv_app_run_unsteady.sh
Running case in: /homes/aiskhak/projects/GP/runs/3413/3/cand_005 with fv_app_run_unsteady.sh
Running case in: /homes/aiskhak/projects/GP/runs/3413/3/cand_006 with fv_app_run_unsteady.sh
Solver timed out
Elapsed: 2700.01 sec
Exception during evaluation: Both steady and unsteady fallback failed
Solver timed out
Elapsed: 2700.0 sec
Exception during evaluation: Both steady and unsteady fallback failed
Solver timed out
Elapsed: 2700.0 sec
Exception during evaluation: Both steady and unsteady fallback failed
Solver timed out
Elapsed: 2700.01 sec
Exception during evaluation: Both steady and unsteady fallback failed
Solver timed out
Elapsed: 2700.02 sec
Exception during evaluation: Both steady and unsteady fallback failed
Solver timed out
Elapsed: 2700.01 sec
Exception during evaluation: Both steady and unsteady fallback failed
Solver timed out
Elapsed: 2700.01 sec
Exception during evaluation: Both steady and unsteady fallback failed
Solver timed out
Elapsed: 2700.01 sec
Exception during evaluation: Both steady and unsteady fallback failed

===== LIVE CHECKPOINT =====
Chunk 1, stage refine_train, candidate batch starting 16, case batch 5/18
Completed result rows: 440
Current best partial candidates:
  n_cases= 24, mean=0.44567944, raw = -1*eta_h + -4.8*eta_y + -0.12
  n_cases= 24, mean=0.44750884, raw = -1*eta_h + -5*eta_y + -0.12
  n_cases= 24, mean=0.44801452, raw = -1*eta_h + -5*eta_y + -0.14
  n_cases= 24, mean=0.44899087, raw = -1*eta_h + -5*eta_y + -0.08
  n_cases= 24, mean=0.44931784, raw = -1*eta_h + -5*eta_y + -0.16
Checkpoint details: /homes/aiskhak/projects/GP/linear_results_linear_refine_best_screen_C1etaH_C2etaY_C3_CeffMin005_chunk1/linear_refine_best_screen_C1etaH_C2etaY_C3_CeffMin005_chunk1_refine_train_details_checkpoint.csv
Checkpoint summary: /homes/aiskhak/projects/GP/linear_results_linear_refine_best_screen_C1etaH_C2etaY_C3_CeffMin005_chunk1/linear_refine_best_screen_C1etaH_C2etaY_C3_CeffMin005_chunk1_refine_train_summary_checkpoint.csv
===========================


===== Stage refine_train, candidate batch starting 16, case batch 6/18 =====
Running 8 tasks with 96 MPI ranks

===== Linear candidate local_id=000, RE=3413, CG=4 =====
raw = -1*eta_h + -4.6*eta_y + -0.16
raw min/max = -4.762820598169251 -0.17390384462799005
C_eff min/max = 0.020508962242250975 0.24478416187409713
lm min/max = 0.0030535231364379445 0.1061823730158299

===== Linear candidate local_id=001, RE=3413, CG=4 =====
raw = -1*eta_h + -4.6*eta_y + -0.14
raw min/max = -4.74282059816925 -0.15390384462799006
C_eff min/max = 0.020509328053720147 0.25948749802639026
lm min/max = 0.003236937687363604 0.10618426695514356

===== Linear candidate local_id=002, RE=3413, CG=4 =====
raw = -1*eta_h + -4.6*eta_y + -0.12
raw min/max = -4.722820598169251 -0.13390384462799004
C_eff min/max = 0.020509708798854893 0.27517232341464837
lm min/max = 0.003432595677845314 0.10618623821148722

===== Linear candidate local_id=003, RE=3413, CG=4 =====
raw = -1*eta_h + -4.6*eta_y + -0.08
raw min/max = -4.682820598169251 -0.09390384462799005
C_eff min/max = 0.020510517554396993 0.30972051781685594
lm min/max = 0.0038635619222363894 0.10619042543371891

===== Linear candidate local_id=004, RE=3413, CG=4 =====
raw = -1*eta_h + -4.3*eta_y + -0.2
raw min/max = -4.502820598169251 -0.21318102420676793
C_eff min/max = 0.020515076236193048 0.21855237082259418
lm min/max = 0.0027262986122991296 0.10621402739101014

===== Linear candidate local_id=005, RE=3413, CG=4 =====
raw = -1*eta_h + -4.3*eta_y + -0.16
raw min/max = -4.462820598169251 -0.17318102420676793
C_eff min/max = 0.020516332224789643 0.245299104219778
lm min/max = 0.0030599467071233586 0.10622053010178079

===== Linear candidate local_id=006, RE=3413, CG=4 =====
raw = -1*eta_h + -4.3*eta_y + -0.14
raw min/max = -4.44282059816925 -0.15318102420676794
C_eff min/max = 0.02051699893955429 0.26003692575171183
lm min/max = 0.0032437914407201338 0.10622398192713395

===== Linear candidate local_id=007, RE=3413, CG=4 =====
raw = -1*eta_h + -4.3*eta_y + -0.12
raw min/max = -4.422820598169251 -0.13318102420676792
C_eff min/max = 0.020517692878792786 0.2757582969885279
lm min/max = 0.0034399053168819387 0.10622757470351152
Running case in: /homes/aiskhak/projects/GP/runs/3413/4/cand_006 with fv_app_run.sh
Running case in: /homes/aiskhak/projects/GP/runs/3413/4/cand_005 with fv_app_run.sh
Running case in: /homes/aiskhak/projects/GP/runs/3413/4/cand_002 with fv_app_run.sh
Running case in: /homes/aiskhak/projects/GP/runs/3413/4/cand_003 with fv_app_run.sh
Running case in: /homes/aiskhak/projects/GP/runs/3413/4/cand_004 with fv_app_run.sh
Running case in: /homes/aiskhak/projects/GP/runs/3413/4/cand_001 with fv_app_run.sh
Running case in: /homes/aiskhak/projects/GP/runs/3413/4/cand_000 with fv_app_run.sh
Running case in: /homes/aiskhak/projects/GP/runs/3413/4/cand_007 with fv_app_run.sh
Solver timed out
Elapsed: 2700.02 sec
Steady failed; trying unsteady fallback
Solver timed out
Elapsed: 2700.02 sec
Steady failed; trying unsteady fallback
Running case in: /homes/aiskhak/projects/GP/runs/3413/4/cand_006 with fv_app_run_unsteady.sh
Solver timed out
Elapsed: 2700.01 sec
Steady failed; trying unsteady fallback
Solver timed out
Elapsed: 2700.07 sec
Steady failed; trying unsteady fallback
Solver timed out
Elapsed: 2700.02 sec
Steady failed; trying unsteady fallback
Solver timed out
Elapsed: 2700.0 sec
Steady failed; trying unsteady fallback
Solver timed out
Elapsed: 2700.01 sec
Steady failed; trying unsteady fallback
Solver timed out
Elapsed: 2700.01 sec
Steady failed; trying unsteady fallback
Running case in: /homes/aiskhak/projects/GP/runs/3413/4/cand_002 with fv_app_run_unsteady.sh
Running case in: /homes/aiskhak/projects/GP/runs/3413/4/cand_001 with fv_app_run_unsteady.sh
Running case in: /homes/aiskhak/projects/GP/runs/3413/4/cand_005 with fv_app_run_unsteady.sh
Running case in: /homes/aiskhak/projects/GP/runs/3413/4/cand_004 with fv_app_run_unsteady.sh
Running case in: /homes/aiskhak/projects/GP/runs/3413/4/cand_003 with fv_app_run_unsteady.sh
Running case in: /homes/aiskhak/projects/GP/runs/3413/4/cand_000 with fv_app_run_unsteady.sh
Running case in: /homes/aiskhak/projects/GP/runs/3413/4/cand_007 with fv_app_run_unsteady.sh
Solver timed out
Elapsed: 2700.01 sec
Exception during evaluation: Both steady and unsteady fallback failed
Solver timed out
Elapsed: 2700.01 sec
Exception during evaluation: Both steady and unsteady fallback failed
Solver timed out
Elapsed: 2700.02 sec
Exception during evaluation: Both steady and unsteady fallback failed
Solver timed out
Elapsed: 2700.0 sec
Exception during evaluation: Both steady and unsteady fallback failed
Solver timed out
Elapsed: 2700.07 sec
Exception during evaluation: Both steady and unsteady fallback failed
Solver timed out
Elapsed: 2700.01 sec
Exception during evaluation: Both steady and unsteady fallback failed
Solver timed out
Elapsed: 2700.0 sec
Solver timed out
Elapsed: 2700.0 sec
Exception during evaluation: Both steady and unsteady fallback failed
Exception during evaluation: Both steady and unsteady fallback failed

===== LIVE CHECKPOINT =====
Chunk 1, stage refine_train, candidate batch starting 16, case batch 6/18
Completed result rows: 448
Current best partial candidates:
  n_cases= 24, mean=0.44567944, raw = -1*eta_h + -4.8*eta_y + -0.12
  n_cases= 24, mean=0.44750884, raw = -1*eta_h + -5*eta_y + -0.12
  n_cases= 24, mean=0.44801452, raw = -1*eta_h + -5*eta_y + -0.14
  n_cases= 24, mean=0.44899087, raw = -1*eta_h + -5*eta_y + -0.08
  n_cases= 24, mean=0.44931784, raw = -1*eta_h + -5*eta_y + -0.16
Checkpoint details: /homes/aiskhak/projects/GP/linear_results_linear_refine_best_screen_C1etaH_C2etaY_C3_CeffMin005_chunk1/linear_refine_best_screen_C1etaH_C2etaY_C3_CeffMin005_chunk1_refine_train_details_checkpoint.csv
Checkpoint summary: /homes/aiskhak/projects/GP/linear_results_linear_refine_best_screen_C1etaH_C2etaY_C3_CeffMin005_chunk1/linear_refine_best_screen_C1etaH_C2etaY_C3_CeffMin005_chunk1_refine_train_summary_checkpoint.csv
===========================


===== Stage refine_train, candidate batch starting 16, case batch 7/18 =====
Running 16 tasks with 64 MPI ranks

===== Linear candidate local_id=000, RE=7912, CG=1 =====
raw = -1*eta_h + -4.6*eta_y + -0.16
raw min/max = -4.782772529311599 -0.27085761531951474
C_eff min/max = 0.020508611606525146 0.18567867768178287
lm min/max = 0.018256866562542166 0.10530667882826192
Running case in: /homes/aiskhak/projects/GP/runs/7912/1/cand_000 with fv_app_run.sh

===== Linear candidate local_id=000, RE=7912, CG=2 =====
raw = -1*eta_h + -4.6*eta_y + -0.16

===== Linear candidate local_id=001, RE=7912, CG=1 =====
raw = -1*eta_h + -4.6*eta_y + -0.14
raw min/max = -4.771314138253861 -0.21549706839898972
raw min/max = -4.762772529311598 -0.2508576153195147
C_eff min/max = 0.02050881126410095 0.2171083767148863
C_eff min/max = 0.02050896310402734 0.19637613046323052
lm min/max = 0.01930869421679062 0.10530848368152468
lm min/max = 0.010765539039055898 0.10587733610631458

===== Linear candidate local_id=001, RE=7912, CG=2 =====
raw = -1*eta_h + -4.6*eta_y + -0.14
raw min/max = -4.751314138253861 -0.19549706839898973
C_eff min/max = 0.0205091709121835 0.22994704682751846
lm min/max = 0.011402157516880042 0.10587919280002665

===== Linear candidate local_id=002, RE=7912, CG=1 =====
raw = -1*eta_h + -4.6*eta_y + -0.12
raw min/max = -4.7427725293115985 -0.2308576153195147
C_eff min/max = 0.02050932895067693 0.20780482002580597
lm min/max = 0.020432420769207413 0.10531036221413174

===== Linear candidate local_id=002, RE=7912, CG=2 =====
raw = -1*eta_h + -4.6*eta_y + -0.12

===== Linear candidate local_id=003, RE=7912, CG=1 =====
raw = -1*eta_h + -4.6*eta_y + -0.08
raw min/max = -4.731314138253861 -0.1754970683989897
C_eff min/max = 0.020509545242244832 0.2436534028008072
lm min/max = 0.012081801078065212 0.10588112528988226
raw min/max = -4.7027725293115985 -0.19085761531951473
C_eff min/max = 0.020510106059180404 0.23304732990816432
lm min/max = 0.022914391991641872 0.10531435247525522

===== Linear candidate local_id=003, RE=7912, CG=2 =====
raw = -1*eta_h + -4.6*eta_y + -0.08
raw min/max = -4.691314138253861 -0.1354970683989897

===== Linear candidate local_id=004, RE=7912, CG=1 =====
raw = -1*eta_h + -4.3*eta_y + -0.2
raw min/max = -4.522772529311599 -0.3051129357972594
C_eff min/max = 0.02051448634237875 0.16892695336503
lm min/max = 0.016609752314628412 0.10533684415264397
C_eff min/max = 0.020510340371021448 0.2738855242090497
lm min/max = 0.013580891477885776 0.10588523016537434

===== Linear candidate local_id=004, RE=7912, CG=2 =====
raw = -1*eta_h + -4.3*eta_y + -0.2
raw min/max = -4.511314138253861 -0.25261557295474224

===== Linear candidate local_id=005, RE=7912, CG=2 =====
raw = -1*eta_h + -4.3*eta_y + -0.16
raw min/max = -4.471314138253861 -0.2126155729547422
C_eff min/max = 0.020516057059367255 0.21890658636755442
lm min/max = 0.01085470508833104 0.10591474273563546

===== Linear candidate local_id=006, RE=7912, CG=1 =====

===== Linear candidate local_id=005, RE=7912, CG=1 =====
raw = -1*eta_h + -4.3*eta_y + -0.16
raw = -1*eta_h + -4.3*eta_y + -0.14
raw min/max = -4.482772529311599 -0.26511293579725936
raw min/max = -4.462772529311598 -0.24511293579725937
C_eff min/max = 0.020515693174897553 0.1886791697321166
lm min/max = 0.018551890114351342 0.1053430409409442
C_eff min/max = 0.020516333795424474 0.1995819509726081
lm min/max = 0.019623906701034362 0.10534633036986184
C_eff min/max = 0.02051482223676534 0.19540720484055377
lm min/max = 0.009689464423504825 0.10590836792795055

===== Linear candidate local_id=006, RE=7912, CG=2 =====
raw = -1*eta_h + -4.3*eta_y + -0.14
raw min/max = -4.451314138253861 -0.19261557295474224
C_eff min/max = 0.02051671253827044 0.23186705194399224
lm min/max = 0.011497362917746402 0.10591812666458432

===== Linear candidate local_id=007, RE=7912, CG=1 =====
raw = -1*eta_h + -4.3*eta_y + -0.12
raw min/max = -4.442772529311599 -0.22511293579725936
C_eff min/max = 0.020517000574323326 0.21122931840885567
lm min/max = 0.02076913476783965 0.10534975411558867

===== Linear candidate local_id=007, RE=7912, CG=2 =====
raw = -1*eta_h + -4.3*eta_y + -0.12
raw min/max = -4.431314138253861 -0.17261557295474222
C_eff min/max = 0.020517394782591205 0.24570277998193601
lm min/max = 0.012183421523959688 0.10592164877078179
Running case in: /homes/aiskhak/projects/GP/runs/7912/2/cand_001 with fv_app_run.sh
Running case in: /homes/aiskhak/projects/GP/runs/7912/2/cand_000 with fv_app_run.sh
Running case in: /homes/aiskhak/projects/GP/runs/7912/1/cand_001 with fv_app_run.sh
Running case in: /homes/aiskhak/projects/GP/runs/7912/2/cand_005 with fv_app_run.sh
Running case in: /homes/aiskhak/projects/GP/runs/7912/2/cand_004 with fv_app_run.sh
Running case in: /homes/aiskhak/projects/GP/runs/7912/1/cand_006 with fv_app_run.sh
Running case in: /homes/aiskhak/projects/GP/runs/7912/2/cand_007 with fv_app_run.sh
Running case in: /homes/aiskhak/projects/GP/runs/7912/1/cand_005 with fv_app_run.sh
Running case in: /homes/aiskhak/projects/GP/runs/7912/1/cand_007 with fv_app_run.sh
Running case in: /homes/aiskhak/projects/GP/runs/7912/1/cand_002 with fv_app_run.sh
Running case in: /homes/aiskhak/projects/GP/runs/7912/1/cand_004 with fv_app_run.sh
Running case in: /homes/aiskhak/projects/GP/runs/7912/1/cand_003 with fv_app_run.sh
Running case in: /homes/aiskhak/projects/GP/runs/7912/2/cand_006 with fv_app_run.sh
Running case in: /homes/aiskhak/projects/GP/runs/7912/2/cand_002 with fv_app_run.sh
Running case in: /homes/aiskhak/projects/GP/runs/7912/2/cand_003 with fv_app_run.sh
