id,u,v,x,y,z
0,-0.3302026346073,0.21858028064765,-10.231699310924,0.12503062306913,0
1,-0.19344607619044,0.37680772920128,-10.225806030949,0.37503063106913,0
202,-0.094128647997587,0.46928561549402,-10.21400255559,0.62509227972422,0
203,-0.02760486106354,0.50859418578116,-10.196283149011,0.87509228772422,0
292,0.023064029833078,0.49489601073448,-10.154999052333,1.2602531779641,0
293,0.048422800154982,0.42553280752838,-10.079976265047,1.7789074742176,0
2,-0.63024430227954,0.10860236950123,-10.031347598699,0.12502381883161,0
3,-0.43237097279278,0.22193988516614,-10.025334147122,0.37502382683161,0
204,-0.26544284146182,0.29107038715514,-10.013288378896,0.62507177756331,0
205,-0.14390169297771,0.32389631198523,-9.9952058328142,0.87507178556331,0
294,0.065662722206587,0.36612362911963,-9.9794518258133,2.2932281934203,0
306,-0.043610928761107,0.31925254942829,-9.9542566112903,1.2546267975188,0
307,0.0020425052935248,0.26632105418946,-9.8799920299871,1.7620520100979,0
295,0.076296269960694,0.31843918182684,-9.8536706340712,2.8019622127964,0
4,-0.81545804137411,0.065392837504414,-9.8309958864731,0.12501701459409,0
5,-0.57766048772112,0.13499200210071,-9.824862263296,0.37501702259409,0
206,-0.36300233205388,0.17533324670655,-9.8125742022029,0.6250512754024,0
207,-0.20049165314022,0.18901180543714,-9.7941285166173,0.8750512834024,0
308,0.029142171108993,0.22664765234632,-9.7808435929224,2.2652078372527,0
320,-0.07534651748885,0.17344535379961,-9.7535141702472,1.2490004170736,0
296,0.082762507172493,0.27817983270987,-9.7029391278924,3.3038700225135,0
321,-0.027389515785512,0.12663894761729,-9.6800077949269,1.7451965459783,0
309,0.04477093173771,0.20035275892046,-9.6570515634854,2.762874700083,0
6,-0.94078924452061,0.042077005411176,-9.6306441742467,0.12501021035657,0
7,-0.67398774120302,0.083869242621302,-9.6243903794689,0.37501021835657,0
208,-0.4210715793423,0.10387747484855,-9.6118600255086,0.6250307732415,0
209,-0.22313538951454,0.10324346268008,-9.5930512004199,0.8750307812415,0
322,-0.0023149140940468,0.1025130246441,-9.5822353600316,2.2371874810851,0
334,-0.083568052668606,0.074804863403282,-9.5527717292036,1.2433740366284,0
297,0.086904615279028,0.24383692874158,-9.5276245383106,3.7977287418646,0
310,0.054309842629869,0.18080290520771,-9.5089159419169,3.2538463243502,0
335,-0.041757049461837,0.029119523482419,-9.4800235598663,1.7283410818587,0
323,0.011179264974882,0.093970697423836,-9.4604324928996,2.7237871873695,0
8,-1.016919574382,0.026463901080383,-9.4302924620217,0.12500340611904,0
9,-0.73005154222752,0.051359720223301,-9.4239184956422,0.37500341411904,0
210,-0.44750083863837,0.059185085836834,-9.4111458488142,0.62501027108059,0
211,-0.22286399617641,0.051394819498452,-9.3919738842222,0.87501027908059,0
336,-0.024541603619746,0.01725946510852,-9.3836271271404,2.2091671249175,0
348,-0.075474576228032,0.020507254787014,-9.3520292881598,1.2377476561832,0
311,0.061124590483416,0.16530476667479,-9.3367957389973,3.7369326611646,0
298,0.089530965758797,0.2144973348474,-9.3281539941438,4.2823351010836,0
324,0.019663395317958,0.090043126041908,-9.3148927559415,3.2038226261868,0
349,-0.045041228732075,-0.0112926636798,-9.2800393248054,1.7114856177391,0
337,-0.014991145484938,0.021322573910135,-9.2638134223135,2.6846996746562,0
10,-1.0654056565122,0.016474476235515,-9.2120310172823,0.12500000400028,0
11,-0.76393222144321,0.031235583641986,-9.2057578164058,0.37500001200028,0
212,-0.45787691905069,0.032125734260568,-9.1931863679753,0.62500002000014,0
350,-0.035807392969398,-0.011784063950428,-9.185018894249,2.1811467687501,0
213,-0.21252305925638,0.021000384961046,-9.1743166719906,0.87500002800014,0
325,0.026425139770948,0.087439210363709,-9.1459669396839,3.6761365804646,0
312,0.066542002577041,0.15254789619626,-9.1411081053876,4.2109627737988,0
362,-0.066919957320304,-0.0037914145960782,-9.1351883696699,1.2322813667445,0
338,-0.0078445964083801,0.026653371769483,-9.1208695699658,3.1537989280236,0
299,0.09103848480184,0.18923187489977,-9.1050134796945,4.7565083765589,0
351,-0.0284025491183,-0.0060567859584662,-9.0671943517273,2.645612161943,0
363,-0.045811562144175,-0.01399761764784,-9.0646766352212,1.6951422242358,0
12,-1.0998095279575,0.0099483783964078,-8.9758598400271,0.12500000400028,0
364,-0.037633689893396,-0.012380202499646,-8.9720113708913,2.1540594848639,0
13,-0.78576582887141,0.018553544185244,-8.9699083417592,0.37500001200028,0
214,-0.45890811719214,0.015690868172196,-8.9579815829918,0.62500002000015,0
339,-0.001368975501809,0.031415340891693,-8.9551381403705,3.6153404997649,0
326,0.03235554235795,0.085271433561149,-8.9540622166315,4.139590446514,0
215,-0.19609495907445,0.0043445680363119,-8.9400795637247,0.87500002800015,0
352,-0.022267273737305,-0.00014036666934959,-8.9268463839901,3.1037752298605,0
313,0.071093594228209,0.14165189201481,-8.9223273193881,4.6747876785836,0
376,-0.064641557569189,-0.011065643126451,-8.9022489737336,1.2269751683121,0
300,0.091635029146674,0.16720364978282,-8.8587466533686,5.2190932615846,0
365,-0.031180862686638,-0.0082499606985766,-8.8574110129615,2.6079585276766,0
377,-0.044455965539342,-0.011581330373131,-8.8339354911132,1.679310901349,0
340,0.0046722332551204,0.035478643908701,-8.7670163278753,4.0682181192296,0
353,-0.016589882808663,0.0056613396360104,-8.7643093410569,3.5545444190653,0
378,-0.037682515750626,-0.009840817333702,-8.7446045570671,2.1279052732591,0
14,-1.1205639352996,0.0061364426128387,-8.7396886627716,0.12500000400028,0
327,0.037691841292206,0.083164009442787,-8.7396411590816,4.5930669806083,0
15,-0.7971979680021,0.011756842667428,-8.7340588671125,0.37500001200028,0
216,-0.45503539672643,0.0074707369826772,-8.7227767980082,0.62500002000016,0
366,-0.026012267643905,-0.0037136356036199,-8.7211460925704,3.0557766517551,0
217,-0.18456940574446,-0.0013910256382984,-8.7058424554586,0.87500002800016,0
314,0.075088284050065,0.13216525277688,-8.6809836395334,5.1272831252205,0
390,-0.062666172868328,-0.010608234816635,-8.669309577797,1.2216689698798,0
379,-0.032275660389142,-0.0064194857456988,-8.634463406016,2.5717387718572,0
391,-0.043405050597522,-0.0092244503297412,-8.603194347005,1.6634795784621,0
301,0.091583830339279,0.14801613315238,-8.5899535226396,5.6689626826887,0
354,-0.0112083769377,0.011017625191198,-8.5799704391191,3.9968457919453,0
367,-0.021526802545564,0.00088826292612167,-8.5635385936135,3.4964655980089,0
341,0.010350131568253,0.038840038693055,-8.5569549987751,4.5113462826334,0
392,-0.037893574922466,-0.0077264027417686,-8.5171977432427,2.1017510616542,0
380,-0.027779358566463,-0.0026106150182553,-8.5037686957067,3.0098031937074,0
16,-1.134160166738,0.0038923812127304,-8.5035174855165,0.12500000400028,0
328,0.042550932939971,0.080950261560013,-8.5032206256981,5.0354729888564,0
17,-0.80366378782111,0.0081692837441507,-8.4982093924659,0.37500001200028,0
218,-0.44989813481142,0.0036986207398178,-8.4875720130247,0.62500002000017,0
219,-0.17706272748097,-0.0025957895245168,-8.4716053471927,0.87500002800017,0
404,-0.060550683645072,-0.0085283924984068,-8.4363701818607,1.2163627714475,0
315,0.078621570618535,0.12360045737009,-8.41766201865,5.5673523239036,0
393,-0.033413108533949,-0.0047588825256695,-8.4115157990702,2.5355190160377,0
368,-0.017181693083128,0.0054518597405452,-8.3849611875258,3.9289940396224,0
355,-0.0060299462880217,0.015812837804434,-8.3742688384688,4.4296255846586,0
405,-0.042690887004452,-0.0072512358022784,-8.372453202897,1.6476482555752,0
381,-0.023804101099015,0.0013903193236363,-8.35282589804,3.4411040365957,0
342,0.015662296826099,0.041484653878453,-8.3254576118631,4.9436628524927,0
302,0.091106364081976,0.13127818269908,-8.2992889804432,6.1050205496292,0
406,-0.038213245894106,-0.0059979504092233,-8.2897909294184,2.0755968500494,0
394,-0.029516532917803,-0.0014572849762987,-8.2863912988428,2.9638297356596,0
18,-1.1437347296429,0.0024939234648886,-8.2673463082616,0.12500000400028,0
19,-0.8077307960046,0.0062264181058936,-8.2623599178194,0.37500001200028,0
220,-0.44506274467573,0.0020190647267827,-8.2523672280412,0.62500002000017,0
329,0.047063987773412,0.078603406483525,-8.2453705146604,5.4657419651186,0
221,-0.17192062845053,-0.0023600504524737,-8.2373682389268,0.87500002800017,0
418,-0.058820341263478,-0.0068337265725425,-8.2034307859243,1.2110565730151,0
407,-0.0345366775195,-0.0033815528707761,-8.1885681921246,2.4992992602182,0
369,-0.012564032371019,0.010037749216027,-8.1858363489161,4.352350030072,0
382,-0.020089789026896,0.0052812353020066,-8.1819885730955,3.8646628622612,0
356,-0.0011609543767419,0.019948923351298,-8.1476945980281,4.8518527161292,0
395,-0.025967365816574,0.0021112238686217,-8.1421132024664,3.3857424751825,0
419,-0.042241673438654,-0.0056571136554611,-8.141712058789,1.6318169326883,0
316,0.081799555587153,0.11572190596735,-8.1330006845384,5.9939286070618,0
343,0.020756496782714,0.043560669631639,-8.073079010671,5.364131606334,0
408,-0.03120291637063,-0.00049508992765317,-8.0690139019789,2.9178562776118,0
420,-0.038615976568988,-0.0046008607382229,-8.0623841155942,2.0494426384445,0
20,-1.1509034177367,0.0015519703209896,-8.0311751310065,0.12500000400028,0
21,-0.8105855331487,0.0051204616435872,-8.0265104431729,0.37500001200028,0
222,-0.44126785742303,0.0011872830930249,-8.0171624430577,0.62500002000018,0
223,-0.16757507479341,-0.0018581163282184,-8.0031311306611,0.87500002800018,0
383,-0.015903757362874,0.0094043681998153,-7.9916575301173,4.2795196188738,0
303,0.09037276122773,0.11662343629826,-7.987461210552,6.52620442359,0
396,-0.022657494053794,0.0055874731956127,-7.9790159586651,3.8003316849,0
432,-0.057488810835657,-0.0056609130623774,-7.9704913899884,1.2057503745828,0
330,0.051296552518371,0.0761306522878,-7.9667123886336,5.8828366644943,0
370,-0.0082855741225625,0.014008965838127,-7.9666353527963,4.765543405307,0
421,-0.035639405925794,-0.0022666044251479,-7.965620585179,2.4630795043987,0
409,-0.028071030783342,0.0026933557911213,-7.9314005068929,3.3303809137692,0
433,-0.042008720355973,-0.0043970887833231,-7.9109709146813,1.6159856098015,0
357,0.0036473511426564,0.02367884977267,-7.9007875066818,5.2625212475496,0
422,-0.032826009355341,0.00027204932551093,-7.8516365051151,2.871882819564,0
434,-0.039091270057976,-0.003488197956085,-7.8349773017703,2.0232884268397,0
317,0.084727809691418,0.10840700681818,-7.8276895937868,6.405978012999,0
344,0.025683148147585,0.045154994311548,-7.8004240927291,5.7717447219275,0
397,-0.018906622789225,0.009254783245673,-7.7974787113183,4.2066892076756,0
22,-1.1565263865243,0.00087049872921518,-7.7950039537517,0.12500000400029,0
23,-0.81276976067286,0.0044503661946413,-7.7906609685274,0.37500001200029,0
384,-0.01190778686587,0.013081999831221,-7.7822798761679,4.6847349200265,0
224,-0.43816938179701,0.00066551427570985,-7.7819576580754,0.62500002000019,0
410,-0.025085802016111,0.0058529807083332,-7.7760433442346,3.7360005075387,0
225,-0.16402353057796,-0.0014160642846424,-7.7688940223957,0.87500002800019,0
435,-0.036724105723341,-0.0013877346819533,-7.7426729782337,2.4268597485792,0
446,-0.056509575471598,-0.0047913160379769,-7.7375519940522,1.2004441761505,0
371,-0.0039791280938647,0.017818058540221,-7.7278771541886,5.1676081382775,0
423,-0.03009639145572,0.0031214040282248,-7.7206878113193,3.2750193523559,0
447,-0.041952843502861,-0.0034142101070514,-7.6802297705735,1.6001542869146,0
331,0.055308368358413,0.073546530997703,-7.6679179770216,6.285751602408,0
304,0.089484212056075,0.103699111921,-7.6552299608308,6.9314881076213,0
436,-0.034386887322156,0.00085447263627002,-7.6342591082516,2.8259093615163,0
358,0.0084416669033406,0.027019524896429,-7.6341357968249,5.6606527793608,0
448,-0.039624485298838,-0.0026217018188353,-7.6075704879462,1.9971342152348,0
411,-0.021795934781153,0.0090830086913352,-7.6032998925193,4.1338587964773,0
398,-0.015146276602263,0.012705877877395,-7.5979243995394,4.6039264347459,0
424,-0.027408143385642,0.0059940111429686,-7.5730707298042,3.6716693301774,0
24,-1.1610856976043,0.00034862165919288,-7.5588327764973,0.12500000400029,0
25,-0.81453851392041,0.0040146941932138,-7.5548114938833,0.37500001200029,0
385,-0.0078989937435243,0.016677534099121,-7.5543479531914,5.0793922785178,0
226,-0.4356010018558,0.00028467000093129,-7.5467528730945,0.6250000200002,0
227,-0.16106668629499,-0.001062625178115,-7.5346569141306,0.8750000280002,0
449,-0.03778628970555,-0.00072255040517653,-7.5197253712883,2.3906399927598,0
437,-0.032038750511045,0.003400252582821,-7.5099751157461,3.2196577909427,0
345,0.030494094085919,0.046328864398702,-7.5081463602569,6.1655251918176,0
460,-0.05579928413581,-0.0041325013810087,-7.5046125981158,1.1951379777181,0
318,0.087503821290308,0.10157094969006,-7.5024687583029,6.8025017937299,0
372,0.00041334309925804,0.021380518363389,-7.4701271554245,5.5576046329653,0
461,-0.042036336735992,-0.0026636917435035,-7.4494886264655,1.5843229640277,0
450,-0.035881838952239,0.001262189606595,-7.4168817113879,2.7799359034685,0
412,-0.018301284064126,0.012321397985097,-7.4135689229108,4.5231179494652,0
425,-0.02452715392455,0.0088707500415932,-7.4091210737203,4.061028385279,0
399,-0.011378981861394,0.016096995762873,-7.3808187521943,4.9911764187582,0
462,-0.040197764752996,-0.0019690289164103,-7.380163674122,1.97098000363,0
438,-0.029642737492014,0.0060001118809458,-7.3700981153741,3.6073381528161,0
332,0.059174591118142,0.070842536841657,-7.349707555775,6.6735154798385,0
359,0.013280129773299,0.029994783130275,-7.3483747434924,6.0452987812274,0
26,-1.1648746737047,-6.7124546391898e-05,-7.3226615992431,0.12500000400029,0
27,-0.81601868261542,0.0037212791921559,-7.3189620192395,0.37500001200029,0
228,-0.43343053100957,-1.6626582245089e-05,-7.3115480881139,0.62500002000021,0
386,-0.0037941191134464,0.020082792730372,-7.3083981685283,5.4626002827411,0
305,0.088466019065069,0.092061090028653,-7.3034046932856,7.3198841452888,0
229,-0.15856151770708,-0.00077992833722207,-7.300419805866,0.87500002800021,0
451,-0.033893170491673,0.0035334565988298,-7.2992624201726,3.1642962295294,0
463,-0.038816964380956,-0.00025129709758212,-7.2967777643427,2.3544202369403,0
474,-0.055292009507542,-0.0036312078921528,-7.27167320218,1.1898317792858,0
426,-0.02135486007911,0.011859513895066,-7.2292134462822,4.4423094641845,0
475,-0.042221712761833,-0.0021090114308697,-7.2187474823579,1.5684916411408,0
439,-0.027092857838614,0.008608772063605,-7.2149422549216,3.9881979740807,0
413,-0.014780934195985,0.01550165509949,-7.207289551197,4.9029605589985,0
464,-0.037303702617661,0.0015046907580482,-7.199504314524,2.7339624454208,0
346,0.03527024080804,0.047075350605305,-7.1969463532477,6.5445291659477,0
373,0.0049810486845557,0.024705755845551,-7.1939958639111,5.9346219548895,0
452,-0.031789448034793,0.0058760095895591,-7.1671255009438,3.5430069754549,0
319,0.090184713823815,0.095108273193132,-7.1581264522953,7.1825388349077,0
476,-0.040790441405914,-0.0015027664035668,-7.1527568602982,1.9448257920252,0
400,-0.007520514994474,0.019336343164614,-7.146669181632,5.3675959325169,0
465,-0.035652332546734,0.0035236381775727,-7.0885497245991,3.1089346681162,0
28,-1.1680893452239,-0.00040779036804471,-7.086490421989,0.12500000400029,0
29,-0.8172847182827,0.003525146837974,-7.0831125445958,0.37500001200029,0
230,-0.43156223012969,-0.00026477218673082,-7.0763433031332,0.62500002000021,0
477,-0.039803562394019,4.3824833286153e-05,-7.0738301573975,2.3182004811208,0
231,-0.15640203549096,-0.00055172126073077,-7.0661826976013,0.87500002800021,0
387,0.00054080473482394,0.023329046636519,-7.0450097215131,5.833494712804,0
440,-0.024288067674259,0.011302268925447,-7.0448579696539,4.3615009789039,0
360,0.018227598218935,0.032481760614264,-7.0441851507206,6.4155428520573,0
488,-0.054932286141803,-0.0032506586033055,-7.038733806244,1.1845255808535,0
427,-0.018094764774382,0.014823150186958,-7.0337603501998,4.8147446992388,0
453,-0.029516955159551,0.0082601618280616,-7.0207634361227,3.9153675628825,0
333,0.062940189497157,0.067998368463472,-7.012848211305,7.0451935245266,0
489,-0.04247178596931,-0.0017199425810796,-6.9880063382502,1.552660318254,0
414,-0.011176031831445,0.018567041916518,-6.9849401947357,5.2725915822926,0
478,-0.038642299854932,0.0015914149909042,-6.9821269176606,2.687988987373,0
1421,0.08783131342438,0.083272499398733,-6.9794883408749,7.6476839016976,0
466,-0.033837949190066,0.0056228520317068,-6.9641528865134,3.4786757980936,0
490,-0.041379488321197,-0.001199666426328,-6.9253500464743,1.9186715804203,0
374,0.0097592020195473,0.027537495551601,-6.9001374423043,6.2977799943553,0
401,-0.0033931047353033,0.022472892696406,-6.8960235791152,5.7323674707185,0
479,-0.037305661422062,0.0033746108918504,-6.877837029026,3.053573106703,0
347,0.040086279133474,0.047430719847362,-6.8675699703153,6.9078482141462,0
454,-0.027066422570525,0.0106642035256,-6.8605024930254,4.2806924936233,0
441,-0.02130145825312,0.014048288519437,-6.8602311492028,4.7265288394791,0
491,-0.040730547289126,0.00017911121777116,-6.8508825504522,2.2819807253014,0
30,-1.1708694113719,-0.00069367708074854,-6.850319244734,0.12500000400029,0
31,-0.81838738635255,0.0034002985622004,-6.8472630699506,0.37500001200029,0
232,-0.42992583541064,-0.00047414153331891,-6.8411385181511,0.62500002000022,0
1420,0.092431898149335,0.090017939742457,-6.840897528343,7.5035407741967,0
233,-0.15450414444601,-0.00036688876252074,-6.8319455893357,0.87500002800022,0
467,-0.031836309502884,0.0077803662015854,-6.8265846173238,3.8425371516842,0
428,-0.014755563717899,0.017701159222044,-6.8232112078393,5.1775872320683,0
502,-0.054671999194939,-0.0029634496436052,-6.8057944103074,1.1792193824212,0
388,0.0051104190482835,0.026073213614799,-6.7648032279992,6.1912405928423,0
492,-0.03988473824617,0.001531988401634,-6.7647495207971,2.6420155293253,0
480,-0.035772464870504,0.0052410647011563,-6.7611802720834,3.4143446207324,0
503,-0.042750201337437,-0.0014713116602038,-6.757265194142,1.5368289953672,0
415,-0.0072661579302356,0.02157985705178,-6.7470374367171,5.6312402286329,0
361,0.023405310441957,0.034531909305211,-6.722291729326,6.7705029037661,0
1419,0.065864117006564,0.065475902491888,-6.702306715811,7.3593976466959,0
504,-0.041940074381242,-0.0010397856615514,-6.6979432326499,1.8925173688156,0
1416,0.087120148197155,0.075584724465735,-6.6880053919516,7.918114788584,0
455,-0.024381888351496,0.01316916683726,-6.6867019482056,4.6383129797194,0
468,-0.029652859693226,0.0099687177460092,-6.6761470163969,4.1998840083426,0
493,-0.038840082939783,0.0030916606557533,-6.6671243334527,2.9982115452898,0
442,-0.018234538515422,0.016727579889985,-6.6614822209432,5.0825828818441,0
481,-0.034035759367729,0.0071733548249594,-6.6324057985252,3.769706740486,0
402,0.00095898700580634,0.025081752696687,-6.6294690136941,6.0847011913293,0
505,-0.041579980823927,0.00016970838088261,-6.6279349435065,2.245760969482,0
32,-1.1733184365939,-0.00093941504066868,-6.614148067478,0.12500000400029,0
33,-0.8193643152015,0.0033293808668075,-6.6114135953035,0.37500001200029,0
234,-0.42846719144101,-0.0006541531426496,-6.6059337331672,0.62500002000023,0
429,-0.01108337023673,0.020566780437403,-6.5980512943191,5.5301129865473,0
235,-0.15280151893177,-0.00021776766059229,-6.597708481069,0.87500002800023,0
375,0.015003726971678,0.030025808145047,-6.5892481545993,6.6462315572485,0
516,-0.054468595429487,-0.0027488109681694,-6.5728550143703,1.1739131839889,0
1418,0.043787556748091,0.047296246834767,-6.5637159032797,7.2152545191958,0
494,-0.037576354885546,0.0047336693211902,-6.5582076576533,3.3500134433712,0
1415,0.094729174424945,0.085345256648996,-6.5551801227052,7.7686410778629,0
506,-0.041015826523918,0.0013363824460402,-6.5473721239333,2.5960420712777,0
517,-0.043021512301688,-0.0013421535527358,-6.5265240500333,1.5209976724804,0
469,-0.027305180434195,0.012190433701817,-6.5131727472084,4.5500971199597,0
456,-0.021588782204051,0.015642646035728,-6.4997532340469,4.9875785316198,0
416,-0.0031663888938094,0.024044041250841,-6.4941347993889,5.9781617898162,0
482,-0.032110403004697,0.0091431459608071,-6.4917915397686,4.1190755230621,0
518,-0.042446068375001,-0.0010057980812544,-6.4705364188251,1.8663631572109,0
389,0.010390994247739,0.028630838156126,-6.4684392461356,6.5350341745937,0
507,-0.040240594035906,0.0026815311063512,-6.4564116378792,2.9428499838768,0
443,-0.014821123136779,0.019418417297453,-6.4490651519211,5.4289857444618,0
495,-0.036095563843937,0.0064431977988735,-6.4382269797265,3.6968763292878,0
1417,0.02741402674264,0.035614259401074,-6.4251250907488,7.071111391696,0
1414,0.068777316622763,0.062851712223777,-6.4223548534587,7.6191673671417,0
519,-0.042332019049877,2.9877546691401e-05,-6.4049873365604,2.2095412136627,0
1411,0.08604173732604,0.0684479448482,-6.3866022241616,8.1774433505499,0
34,-1.1755142791842,-0.0011562284378779,-6.3779768902215,0.12500000400029,0
35,-0.82024412175108,0.0033003575974444,-6.3755641206555,0.37500001200029,0
236,-0.4271439175958,-0.00081145126649579,-6.3707289481823,0.62500002000024,0
237,-0.15124199455447,-9.8923766773128e-05,-6.3634713728018,0.87500002800024,0
430,-0.0072721163333545,0.022881202229609,-6.3588005850836,5.871622388303,0
508,-0.039232437918802,0.0041060299723022,-6.355235043223,3.2856822660101,0
403,0.006304572327331,0.027662140223598,-6.347630337672,6.423836791939,0
530,-0.054283911554336,-0.0025907478080313,-6.3399156184327,1.1686069855565,0
483,-0.030023021131861,0.01114331192725,-6.3396435462115,4.4618812602001,0
470,-0.024793925589607,0.014443889964303,-6.3380242471506,4.8925741813955,0
520,-0.042018509251905,0.0010150000619561,-6.3299947270691,2.5500686132302,0
496,-0.034419030238705,0.0081928205981645,-6.3074360631404,4.0382670377816,0
457,-0.018454307686688,0.01813110540731,-6.3000790095232,5.3278585023762,0
941,0.01894757129144,0.031248985297342,-6.2997879483577,6.9392311587672,0
531,-0.043251289128964,-0.0013148997223177,-6.2957829059242,1.5051663495935,0
1413,0.04748685030809,0.046722886492808,-6.2895295842129,7.4696936564213,0
1410,0.096883829428431,0.080944523675986,-6.2597468974083,8.0228689539895,0
521,-0.041490785351518,0.0021523259874142,-6.2456989423054,2.8874884224638,0
509,-0.037996352387688,0.0055964878825319,-6.2440481609277,3.6240459180898,0
532,-0.042870516795402,-0.0010824311058974,-6.2431296049998,1.8402089456061,0
417,0.0022364658072897,0.026630526201896,-6.2268214292082,6.312639409284,0
444,-0.011318062209479,0.021584436092725,-6.2234663707785,5.7650829867899,0
940,0.014067953082739,0.029661406034336,-6.187704476107,6.8196138204096,0
533,-0.042965383899849,-0.00022679320215268,-6.182039729614,2.1733214578433,0
484,-0.027789666856127,0.013158478658744,-6.1762952602545,4.7975698311713,0
497,-0.032579791793384,0.0099714282097656,-6.1661143452145,4.3736654004405,0
1412,0.031344852457967,0.036062314699761,-6.1567043149674,7.3202199457013,0
522,-0.040723273857173,0.0033655061752869,-6.1522624287924,3.2213510886492,0
471,-0.021955400459874,0.016707251991885,-6.1510928671251,5.2267312602906,0
36,-1.1775155551415,-0.0013530030376357,-6.1418057129651,0.12500000400029,0
37,-0.82104844368167,0.0033048268173034,-6.1397146460076,0.37500001200029,0
238,-0.42592231462612,-0.0009506537698372,-6.1355241631974,0.62500002000025,0
1409,0.07152082522362,0.060149061806995,-6.132891570655,7.8682945574291,0
239,-0.14978423310996,-6.6912302195208e-06,-6.1292342645346,0.87500002800025,0
510,-0.036556688653196,0.0071271170802699,-6.123080586512,3.9574585525012,0
534,-0.042874299351408,0.00057870543730745,-6.1126173302045,2.5040951551826,0
544,-0.054083360480787,-0.0024767910084081,-6.1069762224951,1.1633007871242,0
431,-0.0018614995120687,0.025434889365706,-6.1060125207444,6.2014420266291,0
458,-0.015257878013362,0.020154265623288,-6.0881321564733,5.6585435852768,0
1406,0.084607568563378,0.061587277521301,-6.0757014492101,8.4253059709098,0
939,0.0097165822143113,0.028400724172419,-6.0756210038563,6.699996482052,0
545,-0.043406266777454,-0.0013745838072899,-6.065041761815,1.4893350267067,0
523,-0.039719527961744,0.0046419791139322,-6.0498693421287,3.551215506892,0
961,0.022735912937832,0.031758284035789,-6.035613829913,7.1795133396024,0
535,-0.042573262940866,0.0015133446297803,-6.0349862467313,2.8321268610507,0
546,-0.043186085377129,-0.0012559865559965,-6.0157227911746,1.8140547340013,0
498,-0.030590799921426,0.011762976926684,-6.0145662733584,4.7025654809472,0
1408,0.051024677425592,0.045816618893307,-6.0060362439023,7.7137201608694,0
485,-0.025292075929737,0.015153309085028,-6.0021067247273,5.1256040182051,0
511,-0.034950302167972,0.0086840718032644,-5.9925851442176,4.2854495406812,0
445,-0.0059885169791658,0.0240425898268,-5.9852036122806,6.0902446439742,0
938,0.0054186540317824,0.027032219441622,-5.9635375316054,6.5803791436943,0
547,-0.043457875815799,-0.0005872093375316,-5.9590921226674,2.137101702024,0
1405,0.098908024637863,0.076612201540205,-5.9550113233795,8.2658686007713,0
472,-0.019046176503675,0.018592721966971,-5.952797942168,5.5520041837637,0
536,-0.042031423854418,0.0025210834474983,-5.9492898143615,3.1570199112882,0
524,-0.038503408732362,0.0059579578090547,-5.9387251098836,3.8766500672211,0
960,0.017502105739748,0.029979277896978,-5.92625812905,7.0475738381251,0
38,-1.1793663945427,-0.0015371081436716,-5.9056345357089,0.12500000400029,0
39,-0.82179339651511,0.0033369200068431,-5.9038651713598,0.37500001200029,0
240,-0.42477492207766,-0.0010754416575736,-5.9003193782127,0.62500002000026,0
548,-0.043563816616851,3.8844408993809e-05,-5.8952399333399,2.458121697135,0
241,-0.14839486659737,6.0655155400835e-05,-5.8949971562674,0.87500002800026,0
1407,0.035038940659551,0.035950651945751,-5.8791809171499,7.5591457643102,0
558,-0.05383497609822,-0.0023974062566087,-5.8740368265576,1.1579945886919,0
459,-0.010132684610124,0.022440016404993,-5.8643947038169,5.9790472613193,0
537,-0.041247585703158,0.0035900645907825,-5.8556905233294,3.4783850956939,0
499,-0.028385093602419,0.013518450140037,-5.8531205823295,5.0244767761197,0
512,-0.033196129030114,0.010249173498576,-5.8528372864624,4.6075611307233,0
937,0.0011531565221682,0.025492692458282,-5.8514540593544,6.4607618053365,0
1404,0.074095058356099,0.057236692807659,-5.8343211975488,8.1064312306328,0
559,-0.043454299195396,-0.0015081453300164,-5.8343006177059,1.4735037038199,0
549,-0.043470157233384,0.00077493455046523,-5.8242735511571,2.7767652996377,0
525,-0.037113258555738,0.0072973518402444,-5.8190559432206,4.197233680922,0
486,-0.022638643511783,0.016900295230257,-5.817463727863,5.4454647822507,0
959,0.012785846906394,0.028430383092962,-5.8169024281871,6.9156343366478,0
560,-0.04336538486834,-0.0015139855899946,-5.7883159773493,1.7879005223966,0
981,0.026204062390839,0.031601475259989,-5.7626642995968,7.4099794283995,0
1401,0.082870685512204,0.055059883739207,-5.7557389964063,8.6613551096211,0
538,-0.040241820118357,0.0046987573268035,-5.7543696332548,3.7958415819408,0
550,-0.043139815639193,0.0015830411732546,-5.7463171999306,3.0926887339271,0
473,-0.014263589516393,0.020631742820398,-5.7435857953531,5.8678498786644,0
936,-0.003044238572027,0.023792243493897,-5.7393705871036,6.3411444669788,0
561,-0.043786918466537,-0.0010386966993623,-5.736144515721,2.1008819462046,0
1403,0.054346702313625,0.044563027229711,-5.7136310717188,7.9469938604952,0
958,0.0080886483839421,0.026738691155643,-5.707546727324,6.7836948351702,0
513,-0.031260306136044,0.011772321920914,-5.7041344399318,4.9233495340346,0
526,-0.03557755900029,0.0086390070889088,-5.6911082995665,4.5125567804997,0
500,-0.025931102857685,0.015102908256915,-5.682129513558,5.3389253807377,0
562,-0.044067475144384,-0.00059278534339527,-5.6778625364754,2.4121482390874,0
40,-1.1811026213519,-0.0017146659445857,-5.6694633584524,0.12500000400029,0
41,-0.82249311042731,0.0033929097927146,-5.6680156967118,0.37500001200029,0
242,-0.4236797930615,-0.0011875359353328,-5.6651145932276,0.62500002000026,0
551,-0.042564454694614,0.0024522480018705,-5.66151170453,3.4055546844959,0
243,-0.14704563852584,0.00010234907424546,-5.6607600480001,0.87500002800026,0
980,0.020587490565274,0.029610350253583,-5.6564863912432,7.2662211531376,0
539,-0.03905174121932,0.0058291649857263,-5.6455267422234,4.1090178211627,0
1400,0.10060751803075,0.072094765460953,-5.6413998910069,8.4972999306525,0
572,-0.053507515291101,-0.0023463873557133,-5.6410974306199,1.1526883902596,0
935,-0.0071403598346456,0.021955014465134,-5.6272871148528,6.2215271286211,0
487,-0.018317102685458,0.018637268411302,-5.6227768868894,5.7566524960096,0
563,-0.044163844801085,-5.1636350107037e-05,-5.6135608555829,2.7214037382247,0
573,-0.043363916828312,-0.0017041981230413,-5.6035594735967,1.4576723809331,0
957,0.0033803297393705,0.024863541821937,-5.5981910264609,6.6517553336926,0
1402,0.038484174209144,0.035353610453493,-5.5929409458891,7.7875564903579,0
552,-0.041757471195997,0.0033635696672376,-5.5700141566261,3.7150330966604,0
574,-0.043381059911187,-0.0018450911561039,-5.560909163524,1.7617463107918,0
527,-0.033882759899037,0.0099393745614481,-5.5551482975343,4.8222222919497,0
979,0.015506565686818,0.027795971438983,-5.5503084828897,7.1224628778758,0
514,-0.029013808665249,0.013176892897873,-5.5467952992532,5.2323859792251,0
564,-0.044032402725536,0.00056270339872702,-5.5433445854998,3.0283575565661,0
540,-0.037715501035425,0.0069572858682833,-5.5293793126702,4.4175524302759,0
1399,0.076740845633075,0.054195329211335,-5.5270607856075,8.3332447516837,0
934,-0.011126261176678,0.01999864858115,-5.5152036426019,6.1019097902634,0
575,-0.043929737084024,-0.0015692285548228,-5.5131969087744,2.0646621903853,0
501,-0.022190432226194,0.016479179127885,-5.5019679784258,5.6454551133549,0
956,-0.0013130198059412,0.022825683421372,-5.4888353255978,6.5198158322151,0
1001,0.029392149419326,0.030903979856666,-5.4813112986577,7.6303091866767,0
553,-0.040753228343525,0.0042975241628601,-5.471997541226,4.0208019614034,0
565,-0.043656127297742,0.0012407485666033,-5.4673328857308,3.332724273298,0
576,-0.044365705528982,-0.0013042513809085,-5.4604851396107,2.3661747810398,0
978,0.010438548683229,0.02584445087585,-5.4441305745361,6.9787046026138,0
42,-1.1827599080128,-0.0018885049476835,-5.4332921811962,0.12500000400029,0
43,-0.82316349854893,0.003473718274357,-5.4321662220642,0.37500001200029,0
244,-0.42262211987096,-0.0012843074453444,-5.4299098082431,0.62500002000027,0
1396,0.08093030459847,0.049052817761226,-5.4271635005669,8.8852597911932,0
245,-0.14571292875947,0.00011637810522924,-5.4265229397331,0.87500002800027,0
1398,0.057442114532733,0.042939392717984,-5.4127216802087,8.1691895727158,0
528,-0.031848171002976,0.011166161193166,-5.4114610849487,5.1258465777127,0
586,-0.053068749757061,-0.0023224716506659,-5.4081580346825,1.1473821918273,0
541,-0.036233745510486,0.0080500095707791,-5.4061621551365,4.7210950498646,0
933,-0.015035758891784,0.017923568095042,-5.4031201703511,5.9822924519058,0
577,-0.044637157736129,-0.00095456481266689,-5.4028481600087,2.6660421768116,0
566,-0.0430393945379,0.0019664674325637,-5.3856586799974,3.6342246113802,0
515,-0.025707533036053,0.014297587359185,-5.3811590699626,5.5342577307005,0
955,-0.0059638578737299,0.020655376120468,-5.3794796247348,6.3878763307376,0
1000,0.023416535523135,0.028694943044298,-5.378742130025,7.4752519494519,0
587,-0.043104492074766,-0.0019538177706227,-5.3728183294878,1.4418410580462,0
554,-0.039597287074317,0.0052276646076965,-5.3676503257739,4.322548080052,0
578,-0.044694320893405,-0.00052803884962984,-5.3403719710688,2.9640263792051,0
977,0.0053647542231463,0.023739456309106,-5.3379526661823,6.8349463273517,0
588,-0.043205863037409,-0.0022391683937714,-5.3335023496989,1.7355920991871,0
1395,0.10165538232456,0.067117213920579,-5.3193515125788,8.7168390468175,0
567,-0.042210334711195,0.0027195937429334,-5.2984683402289,3.9325861016441,0
1397,0.041651396538472,0.034274728007754,-5.2983825748102,8.0051343937484,0
932,-0.018955512256853,0.015729561960795,-5.2910366981004,5.8626751135483,0
589,-0.043862387167811,-0.0021678075240966,-5.2902493018281,2.0284424345659,0
999,0.018015024128227,0.026641299308786,-5.2761729613924,7.3201947122272,0
542,-0.034411746487657,0.009111038063491,-5.2761268706438,5.0193071762002,0
579,-0.044510777269694,-3.2073394387752e-05,-5.2731540669314,3.2598938621001,0
954,-0.010537899609212,0.018376251057276,-5.2701239238717,6.2559368292601,0
529,-0.028934245662462,0.012109347686718,-5.2603501614996,5.4230603480465,0
555,-0.038302960108192,0.0061317285863921,-5.2571760127387,4.6199678077795,0
590,-0.044437138667349,-0.0020841727247872,-5.2431077427463,2.3202013229922,0
976,0.00032560390312593,0.021516881580344,-5.2317747578287,6.6911880520897,0
1394,0.079578527800801,0.051100035841775,-5.2115395245906,8.5484183024418,0
568,-0.041217750581424,0.0034716401085094,-5.2059213388778,4.2275437298283,0
580,-0.044080206491229,0.00052082091770882,-5.2013032033686,3.5534161260999,0
44,-1.1843726778876,-0.0020529641826725,-5.1971210039401,0.12500000400029,0
45,-0.82382103087621,0.0035906398987887,-5.1963167474172,0.37500001200029,0
246,-0.42159091989303,-0.00135348980932,-5.1947050232594,0.62500002000028,0
247,-0.14437795251467,0.00010568926594314,-5.1922858314667,0.87500002800028,0
591,-0.044870825934652,-0.0019224709095063,-5.1921354644347,2.6106806153986,0
1021,0.032264984083352,0.029695614680806,-5.1919384449064,7.8401964606777,0
931,-0.022745853187273,0.013581029476631,-5.1789532258501,5.7430577751911,0
600,-0.052489547219555,-0.0023301340736088,-5.1752186387456,1.142075993395,0
998,0.012627711972133,0.024474968128434,-5.1736037927595,7.1651374750022,0
953,-0.014969363269368,0.015995557703394,-5.1607682230087,6.1239973277827,0
601,-0.042649577987163,-0.0022516500396367,-5.1420771853793,1.4260097351594,0
556,-0.036690923390507,0.0070411409834552,-5.140792656339,4.9127677746876,0
543,-0.031867476067599,0.0099190025940387,-5.1395412530364,5.3118629653922,0
592,-0.045108586831566,-0.0016779913428728,-5.1373993566381,2.8996952018441,0
975,-0.0046426588474569,0.019210759799234,-5.1255968494751,6.5474297768277,0
581,-0.043421243415141,0.001110759058294,-5.1249391392316,3.8443702418849,0
569,-0.040087438654816,0.0042086630604118,-5.108189870341,4.5188405656945,0
602,-0.042813947670121,-0.0026860547197043,-5.1060955358743,1.7094378875823,0
1393,0.060327414181264,0.040927811059044,-5.103727536603,8.3799975580668,0
1020,0.025960838260907,0.027267531719191,-5.0933892904978,7.6743757735041,0
1391,0.078821243064181,0.043556971515268,-5.0904356730356,9.0967060687483,0
593,-0.045114712639717,-0.0013552910650029,-5.0789752481323,3.1870634509021,0
997,0.0072352801356171,0.022184492375572,-5.0710346241267,7.0100802377771,0
603,-0.043558520866288,-0.0028234495811536,-5.0673016948822,1.9922226787466,0
930,-0.026269905929411,0.011455337744161,-5.0668697536001,5.6234404368344,0
952,-0.0192031239625,0.013630249628321,-5.0514125221458,5.9920578263054,0
582,-0.042580115520725,0.0017078581683317,-5.0441923519816,4.1325393796045,0
604,-0.044255309634262,-0.0029213914956276,-5.0257303458822,2.2742278649446,0
974,-0.0095070800526791,0.016823039806102,-5.0194189411214,6.4036715015656,0
557,-0.034504276978642,0.0077382695103376,-5.0187323445732,5.2006655827379,0
594,-0.044871382292921,-0.00096266144520874,-5.0169477267399,3.4726076408197,0
570,-0.038677328869329,0.0049801381099489,-5.0054584420343,4.8062283731751,0
1392,0.044512763816703,0.032714623993002,-4.9959155486157,8.2115768136924,0
1019,0.020290716731995,0.024988838185816,-4.9948401360892,7.5085550863306,0
1390,0.10188476256792,0.061609172004078,-4.9893169085801,8.9241786961104,0
605,-0.044838067039723,-0.0029446296659791,-4.981422768861,2.5553190539856,0
996,0.0018723205210008,0.019795526659034,-4.9684654554939,6.8550230005521,0
46,-1.1859486337456,-0.0022121187528049,-4.9609498266841,0.12500000400029,0
47,-0.82446318718458,0.0037332071546061,-4.9604672727703,0.37500001200029,0
248,-0.42055942427112,-0.0014138613265654,-4.9595002382757,0.62500002000029,0
583,-0.041593181973912,0.0023021236711646,-4.9592037279432,4.4177133236095,0
249,-0.14303522445407,5.2215520198732e-05,-4.9580487232003,0.87500002800029,0
929,-0.029514024380961,0.0093517077083431,-4.9547862813499,5.5038230984773,0
595,-0.04438476886408,-0.00051785382307601,-4.9514099382344,3.7561543821256,0
614,-0.051757219811557,-0.0023806949142991,-4.9422792428087,1.1367697949626,0
951,-0.023207350468807,0.011261064963331,-4.9420568212833,5.8601183248285,0
606,-0.045248234009715,-0.0028774864258903,-4.9344267422076,2.8353640244831,0
973,-0.014219479199687,0.014295474343323,-4.9132410327678,6.2599132263037,0
615,-0.041981448145353,-0.0025941321166255,-4.9113360412707,1.4101784122726,0
571,-0.036837135038658,0.0055796401397103,-4.8979234361101,5.0894682000838,0
1018,0.014642132195363,0.022622399329882,-4.8962909816804,7.3427343991568,0
1041,0.034762211215611,0.027988479901972,-4.8949404996951,8.0393496069871,0
1389,0.082462395578357,0.047848047596809,-4.8881981441245,8.7516513234724,0
607,-0.045441705935522,-0.002720935653654,-4.8847964293333,3.1142330397042,0
596,-0.043691604608922,-5.0644470191618e-05,-4.8824633650854,4.0375350293807,0
616,-0.042185157912429,-0.0031712193103575,-4.8786887220496,1.6832836759776,0
584,-0.040369795058683,0.0029500504549611,-4.8701242277295,4.6996889716626,0
995,-0.0034334355750774,0.017319444061664,-4.8658962868611,6.6999657633271,0
617,-0.042994843930266,-0.0035206079925233,-4.8443540879362,1.9560029229272,0
928,-0.032461896120932,0.0072713233866416,-4.8427028090996,5.3842057601203,0
950,-0.026942892845803,0.0089096548608922,-4.8327011204211,5.728178823352,0
608,-0.045389509647116,-0.0024783865544399,-4.8325922501115,3.3917991555394,0
597,-0.042832881655489,0.00042841566728293,-4.8102175855455,4.3165860815245,0
618,-0.043794755826018,-0.0038005726524913,-4.8083529490181,2.2282544068971,0
972,-0.018748482951094,0.011749399268723,-4.8070631244143,6.1161549510419,0
1040,0.028147304600598,0.025337090460533,-4.8008023898418,7.8633159379515,0
1017,0.0089869973188017,0.020150708657233,-4.7977418272715,7.1769137119829,0
1388,0.063091592662403,0.038512107027487,-4.7870793796695,8.5791239508353,0
609,-0.045083658818304,-0.0021632302557125,-4.7778807372374,3.6679385223663,0
585,-0.038857693011997,0.0034602618701936,-4.777114527647,4.9782708174296,0
619,-0.044510386421691,-0.0040062085367352,-4.7707100732872,2.4999574925726,0
994,-0.0086396200865039,0.014732445945508,-4.7633271182283,6.5449085261021,0
1386,0.076480755005491,0.038415360177777,-4.7460276565135,9.2953974636025,0
598,-0.041774296925642,0.00097092656637989,-4.7347900134248,4.5931495701501,0
620,-0.045080761627909,-0.0041131791796711,-4.7314541277771,2.7710328471221,0
927,-0.035102023836811,0.0052144282469114,-4.7306193368496,5.2645884217634,0
48,-1.1875403205598,-0.0023759348928735,-4.724778649428,0.12500000400029,0
49,-0.82511075430757,0.0038990686204504,-4.7246177981235,0.37500001200029,0
250,-0.41948499875334,-0.0014762371462012,-4.7242954532919,0.6250000200003,0
251,-0.14161477119367,-5.0725842388725e-05,-4.7238116149335,0.8750000280003,0
949,-0.030374099318619,0.0065885975653897,-4.7233454195586,5.5962393218752,0
610,-0.044544864811084,-0.0018021200918001,-4.7207343781894,3.9425306791569,0
628,-0.05084290963247,-0.0024739867542815,-4.7093398468712,1.1314635965303,0
1039,0.022254878224952,0.022837974063292,-4.7066642799885,7.687282268916,0
971,-0.022998581467244,0.0091907831770669,-4.7008852160612,5.9723966757806,0
1016,0.003348775953666,0.017588309017408,-4.6991926728628,7.0110930248091,0
621,-0.045455009615493,-0.0041184995236022,-4.6906176105344,3.0414026285062,0
1387,0.047066942439904,0.030695777584702,-4.6859606152147,8.4065965781987,0
629,-0.04107876966505,-0.0029746872338045,-4.6805948971617,1.3943470893858,0
611,-0.043808489856952,-0.0014082681984478,-4.6612314431479,4.2154588394394,0
993,-0.013655376002889,0.011971183357585,-4.6607579495955,6.3898512888772,0
599,-0.040560322616803,0.0013993157698933,-4.6563056191838,4.8670734347753,0
1385,0.10125428220831,0.055644441901892,-4.6517579767035,9.119028699154,0
630,-0.041310238025136,-0.0036746593110083,-4.6512819082244,1.6571294643728,0
622,-0.045594649109335,-0.0040204244678031,-4.6482367734831,3.3109906702591,0
631,-0.042172151128802,-0.0042364695719175,-4.6214064809898,1.9197831671079,0
926,-0.037414308163026,0.0031961448686889,-4.6185358645994,5.1449710834065,0
948,-0.033469032064882,0.0043174990360418,-4.6139897186962,5.4642998203985,0
1038,0.016398089045607,0.020273907226772,-4.612526170135,7.5112485998801,0
623,-0.045478048402921,-0.0038259231440658,-4.6043515362404,3.579722662607,0
1015,-0.0022505288448676,0.014926551034553,-4.600643518454,6.8452723376353,0
612,-0.042889757492411,-0.00094442374759855,-4.5994557991201,4.4866101686376,0
970,-0.026930955885864,0.0066618981796999,-4.5947073077084,5.8286384005197,0
632,-0.043064884349298,-0.0046969523282429,-4.5909755521536,2.1822809488494,0
1061,0.036844082945765,0.025818485290785,-4.5907228216918,8.227491896103,0
633,-0.0439038972201,-0.0050796280351502,-4.5599973777131,2.4445959311595,0
624,-0.04510637784878,-0.0035542460285756,-4.5590053912934,3.8475263289331,0
992,-0.018435918743219,0.0092619605322687,-4.5581887809629,6.2347940516524,0
1384,0.084971559240752,0.044201740757198,-4.5574882968935,8.9426599347055,0
613,-0.041931281745225,-0.00058562098088979,-4.5354967107207,4.7558760521211,0
634,-0.044627039273715,-0.0053555244197417,-4.5284815133462,2.7067016697611,0
1037,0.010531035646905,0.01762075495445,-4.5183880602816,7.3352149308442,0
625,-0.044498118873208,-0.0032193773671417,-4.5122453007503,4.1143315973544,0
925,-0.039390888536424,0.0012353881571401,-4.5064523923492,5.0253537450495,0
947,-0.03621754705344,0.0020954574020835,-4.5046340178338,5.3323603189219,0
1014,-0.0077491590093162,0.012104543594222,-4.5020943640453,6.6794516504615,0
1060,0.029914582152598,0.022934354981339,-4.5013659991011,8.0418099045486,0
635,-0.045178597491893,-0.00551818706998,-4.4964387917351,2.9685722173082,0
50,-1.1891739369437,-0.0025475074073505,-4.4915257342802,0.12500000400029,0
51,-0.82577588235262,0.0041022380499751,-4.4915257342802,0.37500001200029,0
252,-0.4183611612484,-0.0015201363703094,-4.4915257342802,0.62500002000028,0
253,-0.14010089375014,-0.00018422797064763,-4.4915257342802,0.87500002800028,0
969,-0.03051785410221,0.0041746826640081,-4.4885293993553,5.6848801252584,0
642,-0.049698412770659,-0.0025934984566011,-4.47804839518,1.1288104973142,0
626,-0.043697743019546,-0.0027976910478289,-4.4641215848154,4.3800707671251,0
636,-0.045512974066367,-0.0055612120602093,-4.4638812968543,3.2301821849788,0
1383,0.06606284356327,0.035748989222111,-4.4632186170839,8.7662911702578,0
991,-0.022896179026813,0.0065477073216184,-4.4556196123306,6.0797368144282,0
643,-0.039882825999124,-0.0033990201434338,-4.4510937169795,1.3864314279423,0
637,-0.045597548699238,-0.0054844425205364,-4.4308223352431,3.4915068028477,0
1036,0.0046615557129894,0.01489382783362,-4.4242499504281,7.1591812618083,0
644,-0.040182562775032,-0.0041975448252104,-4.4241390387791,1.6440523585704,0
627,-0.042939974472893,-0.0024157224893416,-4.4146878022575,4.6446786694669,0
1059,0.023837982740621,0.020211881243788,-4.4120091765104,7.8561279129942,0
1013,-0.013069892219337,0.009221682185392,-4.4035452096366,6.5136309632878,0
638,-0.04541568612019,-0.0052962074641967,-4.3972764043972,3.7525219787093,0
645,-0.041125938455699,-0.0049634149590027,-4.3971843605787,1.9016732891982,0
946,-0.038584091894368,-5.3547653623418e-05,-4.3952783169715,5.2004208174452,0
1381,0.073783615788358,0.033470389998977,-4.3944223623592,9.4810553815165,0
924,-0.041028338018678,-0.00078706772236428,-4.3943689200991,4.9057364066925,0
968,-0.033713222535087,0.0017681216541361,-4.3823514910023,5.5411218499972,0
646,-0.042140188160317,-0.005595679221439,-4.3702296823784,2.1592942198256,0
1382,0.049383546665459,0.028191459937094,-4.3689489372746,8.5899224058106,0
639,-0.044963282692263,-0.0050079197539583,-4.3632591583525,4.0132043552693,0
990,-0.026984754008597,0.0038908152167079,-4.3530504436986,5.9246795772044,0
647,-0.0431347462469,-0.0061419471984523,-4.343275004178,2.416915150453,0
1035,-0.0011940482549512,0.012073377045657,-4.3301118405747,6.9831475927724,0
640,-0.044276830959157,-0.0046234159251987,-4.3287873705105,4.2735313656125,0
1058,0.017826350044561,0.017447200535018,-4.3226523539196,7.6704459214396,0
648,-0.044047471589087,-0.0065733359342256,-4.3163203259776,2.6745360810806,0
1380,0.099703482773267,0.049292294122817,-4.3071471450046,9.3011163567482,0
1012,-0.01808590019444,0.0063651509905515,-4.304996055228,6.3478102761142,0
641,-0.043593716290471,-0.0042813893996961,-4.2938788937943,4.5334812868126,0
649,-0.044818545990094,-0.0068813639336477,-4.2893656477771,2.9321570117092,0
945,-0.040560927036664,-0.0021009727655094,-4.2859226161091,5.0684813159685,0
923,-0.042284060736364,-0.002310380272937,-4.2822854478489,4.7861190683356,0
1081,0.038486146444343,0.023229549850896,-4.2797008000554,8.404361899517,0
967,-0.036528346353517,-0.00057187458508312,-4.2761735826493,5.3973635747362,0
650,-0.045396765447113,-0.0070563277273586,-4.2624109695766,3.1897779423387,0
52,-1.190844819825,-0.0027262969935588,-4.2611910812406,0.12500000400029,0
53,-0.82646101915063,0.0043429871702455,-4.2611910812406,0.37500001200029,0
254,-0.41718879950488,-0.0015428493522845,-4.2611910812406,0.62500002000025,0
255,-0.13850499894237,-0.00035031889547016,-4.2611910812406,0.87500002800025,0
989,-0.030695509639989,0.0012811875605416,-4.2504812750663,5.7696223399802,0
656,-0.048006106124288,-0.0027521504780698,-4.2484048877352,1.1288104973142,0
1034,-0.0069495939586674,0.0090422960078262,-4.2359737307212,6.8071139237365,0
651,-0.045741502225674,-0.0070925043195942,-4.235456291376,3.447398872968,0
1057,0.011807974474485,0.014613424400187,-4.2332955313287,7.4847639298848,0
657,-0.03843867789528,-0.0039460484082981,-4.2228325007246,1.3864314279423,0
1379,0.086895375409534,0.040056097908723,-4.21987192765,9.1211773319797,0
652,-0.045823812292255,-0.0069871619088172,-4.2085016131755,3.7050198035974,0
1011,-0.022747477208897,0.0035096337422497,-4.2064469008197,6.1819895889412,0
658,-0.038875728018286,-0.00488083941253,-4.1972601137139,1.6440523585704,0
1080,0.031207749980069,0.020118538061504,-4.1954742054264,8.2096096513772,0
653,-0.045618794235022,-0.0067347866209985,-4.1815469349749,3.9626407342268,0
944,-0.042144991363915,-0.0041667453101316,-4.1765669152467,4.9365418144919,0
659,-0.03990829555078,-0.0058428176773888,-4.1716877267033,1.9016732891981,0
922,-0.043287941196458,-0.0047771131291247,-4.1702019755986,4.6665017299785,0
966,-0.038910547733095,-0.0028059111281667,-4.1699956742964,5.2536052994751,0
654,-0.045119005340908,-0.0063042905704016,-4.1545922567743,4.2202616648562,0
988,-0.033946507583265,-0.0012077190701005,-4.1479121064341,5.6145651027561,0
660,-0.041024146115482,-0.0066584816642831,-4.1461153396927,2.1592942198256,0
1056,0.0057673870094921,0.011743951192263,-4.1439387087379,7.2990819383301,0
1033,-0.012504824287969,0.006027665650418,-4.1418356208679,6.6310802547008,0
1378,0.068837054310211,0.032388366693062,-4.1325967102959,8.9412383072122,0
655,-0.044427561019469,-0.0055865814429703,-4.1276375785738,4.4778825954854,0
661,-0.042130715279148,-0.0073774530760045,-4.1205429526821,2.416915150453,0
1079,0.024974046865928,0.017164782318059,-4.1112476107974,8.0148574032375,0
1010,-0.026955851322801,0.00075855976428524,-4.1078977464117,6.0161689017686,0
662,-0.043163616662961,-0.0079762376582084,-4.0949705656715,2.6745360810806,0
663,-0.044060155269694,-0.0084478912604625,-4.0693981786607,2.9321570117093,0
943,-0.043305933224667,-0.005707170851649,-4.0672112143843,4.8046023130152,0
965,-0.040856073453864,-0.0049105072470224,-4.0638177659434,5.109847024214,0
1055,-0.0002961436058554,0.008806127580288,-4.0545818861471,7.1133999467755,0
1032,-0.017711318982676,0.0030505210077248,-4.0476975110146,6.4550465856651,0
987,-0.036793177739036,-0.0036180958783784,-4.045342937802,5.4595078655321,0
1377,0.052074974289763,0.025333578331657,-4.0453214929419,8.7612992824452,0
664,-0.044766228797018,-0.0087854586271897,-4.0438257916499,3.1897779423387,0
1376,0.070546304248989,0.028598686146016,-4.036112793888,9.6534195030747,0
54,-1.1926241348674,-0.0029163291010071,-4.0308564282011,0.12500000400029,0
55,-0.82719808107728,0.0046323741923844,-4.0308564282011,0.37500001200029,0
256,-0.41592099736699,-0.0015443508873286,-4.0308564282011,0.62500002000022,0
257,-0.1367728762705,-0.000576120106583,-4.0308564282011,0.87500002800022,0
1078,0.018857812805338,0.014188988304855,-4.0270210161684,7.8201051550976,0
670,-0.046105347504784,-0.0029136403257597,-4.0187613802906,1.1288104973142,0
665,-0.045238136330859,-0.0089849892373451,-4.0182534046391,3.4473988729681,0
1009,-0.030774880134118,-0.0019496524069767,-4.0093485920034,5.8503482145957,0
671,-0.036726518602102,-0.0045123077657811,-3.9945712844697,1.3864314279423,0
666,-0.045443960287734,-0.0090441129747173,-3.9926810176284,3.7050198035974,0
672,-0.037275880804261,-0.0056356645733988,-3.9703811886488,1.6440523585704,0
667,-0.045366920870781,-0.0089659914639985,-3.9671086306176,3.9626407342268,0
1054,-0.0062656939610053,0.0055379851228611,-3.9652250635562,6.9277179552208,0
1101,0.039850644193103,0.020223387058452,-3.9622992778684,8.5697138523297,0
942,-0.044011240487883,-0.0081927959135156,-3.9578555135218,4.6726628115384,0
964,-0.042349012138546,-0.0069910750474878,-3.9576398575904,4.9660887489529,0
1375,0.097108259430921,0.042594189481171,-3.9559667114585,9.4701868310799,0
1031,-0.022563011707945,6.2096631161326e-05,-3.9535594011616,6.2790129166302,0
673,-0.038404263429952,-0.0068042423150144,-3.9461910928279,1.9016732891981,0
1077,0.012757624424206,0.011161833840045,-3.9427944215392,7.6253529069574,0
986,-0.03916029989764,-0.0058831959292271,-3.9427737691699,5.3044506283082,0
668,-0.045031531463505,-0.0087707239146556,-3.9415362436068,4.2202616648562,0
674,-0.039637116921644,-0.0078133086028683,-3.9220009970071,2.1592942198256,0
669,-0.044545898396555,-0.0084776062775387,-3.915963856596,4.4778825954854,0
1008,-0.034055688499528,-0.0044804292349782,-3.9107994375952,5.6845275274229,0
675,-0.040877732079195,-0.0087121441852315,-3.8978109011863,2.416915150453,0
1100,0.031986754267771,0.016933118134647,-3.8835300650756,8.3664820168663,0
1053,-0.011981106137309,0.0023893060054206,-3.8758682409655,6.7420359636663,0
1374,0.0880076923028,0.035301223226168,-3.875820629029,9.2869541590851,0
676,-0.042058711927937,-0.0094839993760443,-3.8736208053654,2.6745360810807,0
1030,-0.026842200528202,-0.0027398713019554,-3.8594212913089,6.1029792475956,0
1076,0.0066216513286097,0.008159190011734,-3.8585678269102,7.4306006588173,0
963,-0.043273089711235,-0.008443399439687,-3.8514619492374,4.8223304736918,0
677,-0.043114570053181,-0.010123605298697,-3.8494307095444,2.9321570117093,0
985,-0.041043194392434,-0.0080004619574191,-3.8402046005377,5.1493933910842,0
678,-0.043987842848228,-0.01062652043632,-3.8252406137234,3.1897779423387,0
1007,-0.036918207003192,-0.0069224026157376,-3.8122502831871,5.5187068402502,0
1099,0.025604040347276,0.013782895154738,-3.8047608522827,8.1632501814028,0
679,-0.044630692494947,-0.010990080100406,-3.8010505179024,3.4473988729681,0
259,-0.13488405915906,-0.00086778818981021,-3.8005217751618,0.87500002800019,0
56,-1.1945483073737,-0.0031201228244465,-3.8005217751618,0.12500000400029,0
57,-0.82800638498615,0.0049790367503626,-3.8005217751618,0.37500001200029,0
258,-0.41453181884193,-0.0015202921502736,-3.8005217751618,0.62500002000019,0
1373,0.071280993323094,0.028344989073838,-3.7956745466,9.1037214870911,0
684,-0.043927580652025,-0.003098857660866,-3.7891178728462,1.1288104973142,0
1052,-0.017297972868361,-0.00067666501247909,-3.7865114183748,6.5563539721119,0
680,-0.045006099675362,-0.011212913652536,-3.7768604220813,3.7050198035974,0
1075,0.00039250345836688,0.005162500665019,-3.7743412322811,7.2358484106773,0
685,-0.034704824383938,-0.0051192790303779,-3.766310068215,1.3864314279423,0
1029,-0.030758097013866,-0.005512007974646,-3.765283181456,5.9269455785606,0
681,-0.045092849348032,-0.011304646143159,-3.7526703262603,3.9626407342268,0
962,-0.043821757123059,-0.010878502510129,-3.7452840408843,4.6785721984306,0
686,-0.035371569451253,-0.0064607067418034,-3.7435022635839,1.6440523585703,0
984,-0.042318962950892,-0.0098929996776365,-3.7376354319055,4.9943361538602,0
682,-0.044902943721831,-0.011292516830514,-3.7284802304393,4.2202616648562,0
1098,0.019442112279793,0.010609370687509,-3.7259916394898,7.9600183459391,0
687,-0.036604545889367,-0.0078431117626842,-3.7206944589528,1.9016732891981,0
1372,0.054810974574801,0.021855300825742,-3.7155284641711,8.9204888150977,0
1006,-0.039253227117808,-0.0091760444546412,-3.713701128779,5.3528861530775,0
683,-0.044478384418823,-0.011150018788467,-3.7042901346183,4.4778825954854,0
688,-0.037961316437176,-0.0090537089262095,-3.6978866543217,2.1592942198256,0
1051,-0.022351422535622,-0.0037836299543001,-3.6971545957844,6.3706719805581,0
1074,-0.0057774139223741,0.001510983588291,-3.690114637652,7.0410961625373,0
689,-0.039341845899676,-0.010138399769016,-3.6750788496906,2.416915150453,0
1371,0.066540943382286,0.023723500137726,-3.6716013526543,9.8122481497308,0
1028,-0.034054901912874,-0.0080371395171731,-3.6711450716031,5.7509119095258,0
690,-0.040675154630379,-0.011088449797414,-3.6522710450595,2.6745360810807,0
1097,0.01336738543295,0.0073946351434836,-3.6472224266968,7.7567865104752,0
1121,0.041550593764954,0.016842630085165,-3.6389519636833,8.7233179936431,0
983,-0.043136793167489,-0.011378745999619,-3.6350662632734,4.8392789166361,0
691,-0.041893057668294,-0.011900814222983,-3.6294632404282,2.9321570117094,0
1005,-0.04093136149405,-0.011121506073499,-3.6151519743709,5.1870654659048,0
1050,-0.026672673444716,-0.0065866854030376,-3.6077977731943,6.1849899890048,0
692,-0.042934871008303,-0.012573440780073,-3.606655435797,3.1897779423388,0
1073,-0.011577245473103,-0.0016841642953448,-3.605888043023,6.8463439143974,0
1370,0.093269657295833,0.035587529870521,-3.5987081666809,9.6260035033861,0
693,-0.043748930998589,-0.013104816090857,-3.5838476311657,3.4473988729681,0
1027,-0.036915446380786,-0.010461972031661,-3.5770069617503,5.5748782404911,0
261,-0.13280761917578,-0.0012402234012745,-3.5701871221225,0.87500002800015,0
58,-1.1966664752786,-0.0033376110111804,-3.5701871221225,0.12500000400029,0
59,-0.8289115303097,0.0053975669006428,-3.5701871221225,0.37500001200029,0
260,-0.41298715875257,-0.0014635066941769,-3.5701871221225,0.62500002000015,0
1096,0.0073478108712031,0.0042818237872501,-3.5684532139039,7.5535546750113,0
1120,0.032523109363145,0.013363241302118,-3.5659450451367,8.5122090227277,0
694,-0.04429387568146,-0.013494989609629,-3.5610398265344,3.7050198035974,0
698,-0.041460968367992,-0.0033219513084213,-3.5594743654018,1.1288104973141,0
695,-0.044544027799071,-0.013758261154197,-3.5382320219032,3.9626407342268,0
699,-0.032348550089886,-0.0057763318286751,-3.5380488519603,1.3864314279423,0
982,-0.043559688692338,-0.013755993184674,-3.5324970946411,4.684221679412,0
1369,0.088019296430518,0.029849985094985,-3.5258149807076,9.4397588570415,0
1072,-0.016922832960062,-0.0048051987891384,-3.5216614483941,6.6515916662576,0
1049,-0.030678678524526,-0.0093744041404927,-3.518440950604,5.9993079974511,0
700,-0.033142509834948,-0.0073589277965559,-3.5166233385189,1.6440523585703,0
1004,-0.042098305188796,-0.012947981831056,-3.5166028199627,5.021244778732,0
696,-0.044500682710832,-0.013920467347757,-3.5154242172719,4.2202616648562,0
701,-0.034492830276994,-0.0089578230796296,-3.4951978250776,1.9016732891981,0
1119,0.025716034231084,0.010033426275043,-3.4929381265902,8.3011000518122,0
697,-0.044178322037868,-0.013925921971524,-3.4926164126406,4.4778825954854,0
1095,0.0012957057212789,0.0014018220883052,-3.489684001111,7.3503228395475,0
1026,-0.039033453803508,-0.012511783083221,-3.4828688518974,5.3988445714564,0
702,-0.03598278089567,-0.010373748117061,-3.4737723116362,2.1592942198255,0
1368,0.073222107973948,0.023515567532311,-3.4529217947346,9.2535142106976,0
703,-0.03751047622621,-0.011646512874797,-3.4523467981949,2.416915150453,0
1071,-0.022188090053398,-0.0079910863568637,-3.4374348537654,6.4568394181186,0
704,-0.039001357279141,-0.012776303794838,-3.4309212847535,2.6745360810807,0
1048,-0.033929564922525,-0.011817556633666,-3.4290841280137,5.8136260058975,0
1118,0.019412110361969,0.0066518309356294,-3.4199312080436,8.0899910808966,0
1003,-0.042806580996674,-0.014449500142107,-3.4180536655545,4.8554240915592,0
1094,-0.0056982369134005,-0.0031419568404825,-3.410914788318,7.1470910040837,0
705,-0.040384841490628,-0.013763089624161,-3.409495771312,2.9321570117094,0
1025,-0.040622398423193,-0.014405881825187,-3.3887307420446,5.2228109024217,0
706,-0.041597413171377,-0.014607213501027,-3.3880702578705,3.1897779423388,0
1367,0.057527454663839,0.01760883762606,-3.3800286087618,9.0672695643544,0
707,-0.042584051532034,-0.015308273764911,-3.366644744429,3.4473988729681,0
1070,-0.026532236250141,-0.010741283899192,-3.353208259137,6.2620871699799,0
1117,0.013277407262744,0.0032023097002595,-3.3469242894969,7.8788821099806,0
708,-0.043299612788951,-0.015867664172925,-3.3452192309875,3.7050198035974,0
60,-1.1990429570998,-0.0035666516251569,-3.339852469083,0.12500000400029,0
61,-0.82994717678882,0.0059078754855654,-3.339852469083,0.37500001200029,0
262,-0.41124233179363,-0.0013652689787045,-3.339852469083,0.62500002000012,0
263,-0.13050475308515,-0.0017141228358475,-3.339852469083,0.87500002800012,0
1047,-0.036572412978624,-0.014034886279763,-3.3397273054234,5.6279440143441,0
1093,-0.011449527042729,-0.0061786306867674,-3.3321455755252,6.9438591686201,0
712,-0.038686950630539,-0.0036029943190613,-3.3298308579572,1.1288104973141,0
709,-0.04371396772034,-0.016302333338012,-3.323793717546,3.9626407342268,0
1002,-0.043075310165685,-0.016714159040733,-3.3195045111463,4.6896034043864,0
1141,0.043506309516685,0.012780278577427,-3.310100827272,8.8649608866728,0
713,-0.029637978017381,-0.0064910752200745,-3.3097876357055,1.3864314279423,0
710,-0.043819280607317,-0.01663294305169,-3.3023682041045,4.2202616648562,0
1366,0.061524675299036,0.018837756046245,-3.3013991376498,9.9573186210319,0
1024,-0.041684347363002,-0.016180057186938,-3.2945926321917,5.046777233387,0
714,-0.030572671450748,-0.0083346438885317,-3.2897444134539,1.6440523585703,0
711,-0.043614705297612,-0.016780829893791,-3.280942690663,4.4778825954854,0
1116,0.0072395033170966,-0.00014944927377367,-3.2739173709503,7.6677731390648,0
715,-0.032056973992943,-0.010147259682405,-3.2697011912023,1.901673289198,0
1069,-0.030319555655851,-0.013328980553113,-3.2689816645084,6.0673349218409,0
1092,-0.016798942141542,-0.0092729319166692,-3.2533763627324,6.7406273331565,0
1046,-0.038636723398237,-0.01605195287394,-3.2503704828332,5.4422620227907,0
716,-0.033691791695531,-0.011766500497608,-3.2496579689507,2.1592942198255,0
1140,0.033173085630534,0.009189342154923,-3.2431384502653,8.6465881776533,0
1365,0.087942543082914,0.028356651117877,-3.2358715092145,9.7683483037087,0
717,-0.035375053561447,-0.013224669119391,-3.2296147466991,2.4169151504531,0
718,-0.037029149744354,-0.014531457206948,-3.2095715244475,2.6745360810808,0
1115,0.0010928281423217,-0.0038738772193701,-3.2009104524037,7.4566641681489,0
1023,-0.042258974289741,-0.01765093689769,-3.2004545223389,4.8707435643522,0
719,-0.038581726193588,-0.015690820218675,-3.1895283021958,2.9321570117094,0
1068,-0.033515395515215,-0.015701120265623,-3.1847550698798,5.872582673702,0
1139,0.025576927690014,0.0057859707407025,-3.1761760732587,8.4282154686338,0
1091,-0.021716322721478,-0.012231135780864,-3.1746071499398,6.5373954976938,0
1364,0.086537737690647,0.02369468661237,-3.1703438807793,9.5793779863853,0
720,-0.039967166198867,-0.016705644921804,-3.1694850799441,3.1897779423388,0
1045,-0.04012362301044,-0.017894678818041,-3.1610136602429,5.2565800312373,0
721,-0.041127861755551,-0.017576687828301,-3.1494418576923,3.4473988729682,0
722,-0.042015708200142,-0.018306544246128,-3.1293986354406,3.7050198035975,0
1114,-0.0050831034733291,-0.0074172780036848,-3.127903533857,7.2455551972332,0
62,-1.2017631223551,-0.0038025049536229,-3.1095178160435,0.12500000400029,0
63,-0.83115804599274,0.0065360722877967,-3.1095178160435,0.37500001200029,0
264,-0.40923701909702,-0.0012155458405165,-3.1095178160435,0.62500002000009,0
265,-0.12792433792153,-0.0023159617680044,-3.1095178160435,0.87500002800009,0
723,-0.042596861227666,-0.018913505674419,-3.1093554131888,3.9626407342268,0
1138,0.018989791245668,0.0023046019297778,-3.109213696252,8.209842759614,0
1022,-0.042355045928486,-0.019757581756065,-3.106316412486,4.6947098953174,0
1363,0.074314837225231,0.017834417721728,-3.1048162523444,9.3904076690629,0
1067,-0.036099158367155,-0.017871896825348,-3.1005284752513,5.6778304255633,0
726,-0.035583489444262,-0.0039707432736662,-3.1001873505126,1.1288104973141,0
1090,-0.02609606804077,-0.014983898760555,-3.0958379371475,6.3341636622314,0
724,-0.042856549247651,-0.019412442069781,-3.0893121909371,4.2202616648562,0
727,-0.026557455835059,-0.0072733647492847,-3.0815264194507,1.3864314279423,0
1044,-0.041051882230198,-0.019580322717405,-3.0716568376527,5.0708980396838,0
725,-0.042785024283098,-0.019708404486255,-3.0692689686854,4.4778825954854,0
728,-0.027651175930127,-0.0093937900859866,-3.0628654883889,1.6440523585703,0
1113,-0.010987758717836,-0.010643386599529,-3.0548966153105,7.0344462263176,0
729,-0.029290562037282,-0.011410687483708,-3.044204557327,1.901673289198,0
1137,0.012786778308617,-0.0012640661948269,-3.0422513192453,7.9914700505939,0
1362,0.059963308286849,0.012417739305508,-3.0392886239096,9.201437351741,0
730,-0.031084567366206,-0.013223576159759,-3.0255436262652,2.1592942198255,0
1089,-0.029868587188336,-0.017548650771565,-3.017068724355,6.1309318267687,0
1066,-0.038055394108688,-0.019830212718661,-3.0163018806228,5.4830781774246,0
731,-0.032932675623561,-0.014858034788498,-3.0068826952034,2.4169151504531,0
732,-0.034755391015361,-0.016333669060642,-2.9882217641416,2.6745360810808,0
1043,-0.041467904671637,-0.020969449620964,-2.9823000150624,4.8852160481303,0
1112,-0.016433243298111,-0.013791382754326,-2.981889696764,6.823337255402,0
1161,0.045712647839813,0.0077775761827694,-2.9761954869313,8.9944457147727,0
1136,0.0067932705762293,-0.0047229096581542,-2.9752889422386,7.7730973415739,0
733,-0.03647967445421,-0.017659521398212,-2.9695608330797,2.9321570117095,0
734,-0.038038940286535,-0.018841273578842,-2.9508999020177,3.1897779423389,0
1088,-0.032987974362981,-0.019887293133525,-2.9382995115625,5.9276999913061,0
735,-0.039374064255669,-0.019880902144939,-2.9322389709557,3.4473988729682,0
1065,-0.039403088844314,-0.021577886860456,-2.9320752859943,5.2883259292858,0
1361,0.055289217964507,0.014025598468689,-2.9260252292011,10.08842750679,0
1160,0.034301051174739,0.0041454819371637,-2.9155368414097,8.7694327581583,0
736,-0.040434984873048,-0.020782003180966,-2.9135780398938,3.7050198035975,0
1111,-0.021360115547351,-0.016799913653612,-2.9088827782177,6.6122282844873,0
1135,0.00077736285888455,-0.0084873194908092,-2.9083265652319,7.554724632554,0
737,-0.041185032427323,-0.021563239596143,-2.8949171088318,3.9626407342268,0
1042,-0.041376784928702,-0.022868739895931,-2.8929431924721,4.6995340565768,0
64,-1.2049406449496,-0.0040369315563362,-2.8791831630043,0.12500000400029,0
65,-0.83260365998791,0.0073158996764132,-2.8791831630043,0.37500001200029,0
266,-0.40688853509353,-0.0010035698436913,-2.8791831630043,0.62500002000005,0
267,-0.12499770691049,-0.0030794053006372,-2.8791831630043,0.87500002800005,0
738,-0.041604069676888,-0.022233877873736,-2.8762561777699,4.2202616648562,0
740,-0.032124903990949,-0.0044669532691912,-2.8705438430682,1.1288104973141,0
1360,0.080941935051706,0.021074020952994,-2.8679645460457,9.8970220160708,0
1087,-0.035445433245456,-0.021983427936274,-2.8595302987701,5.7244681558437,0
739,-0.041676642600842,-0.022687831952344,-2.8575952467079,4.4778825954854,0
1159,0.025641968846399,0.00076785916291068,-2.8548781958881,8.5444198015439,0
741,-0.02309516570465,-0.0081384917508963,-2.8532652031961,1.3864314279423,0
1064,-0.040171242322721,-0.023127913696051,-2.8478486913657,5.0935736811471,0
1134,-0.0052257332128045,-0.01204558245598,-2.8413641882252,7.3363519235341,0
742,-0.024373507883061,-0.010544763815403,-2.835986563324,1.6440523585703,0
1110,-0.025673621996782,-0.019586443145861,-2.8358758596716,6.401119313573,0
743,-0.026194742823054,-0.012747810442056,-2.8187079234519,1.901673289198,0
1359,0.083105092302652,0.016987988976123,-2.8099038628903,9.7056165253514,0
744,-0.028165202603033,-0.014734526189732,-2.8014292835799,2.1592942198255,0
1158,0.018483304427387,-0.0026818678910919,-2.7942195503664,8.3194068449292,0
745,-0.030187873004162,-0.016527609959645,-2.7841506437078,2.4169151504531,0
1086,-0.037250388119671,-0.023830797563645,-2.7807610859777,5.5212363203813,0
1133,-0.010974055157652,-0.015473236101464,-2.7744018112185,7.1179792145144,0
746,-0.032183484388878,-0.018157028825738,-2.7668720038357,2.6745360810808,0
1063,-0.040408491061493,-0.024380934230525,-2.7636220967372,4.8988214330083,0
1109,-0.029324779091858,-0.022120011715873,-2.7628689411254,6.1900103426582,0
1358,0.074021172960321,0.011404023190017,-2.7518431797353,9.5142110346329,0
747,-0.034080095150948,-0.019638036242775,-2.7495933639636,2.9321570117095,0
1157,0.012056348374782,-0.0062444397397863,-2.7335609048446,8.0943938883143,0
748,-0.035811799808739,-0.020979365313045,-2.7323147240914,3.1897779423389,0
749,-0.037319378773205,-0.022184181420644,-2.7150360842192,3.4473988729682,0
1132,-0.016293045174464,-0.018750977370044,-2.7074394342119,6.8996065054947,0
1085,-0.038428044705397,-0.025430176355626,-2.7019918731853,5.3180044849188,0
750,-0.038552002891644,-0.023256725272256,-2.697757444347,3.7050198035975,0
1357,0.061594727263264,0.006262252395967,-2.6937824965804,9.322805543915,0
1108,-0.032290727897329,-0.024378433898354,-2.6898620225792,5.9789013717437,0
751,-0.039471093977665,-0.024215060973739,-2.6804788044748,3.9626407342268,0
1062,-0.040120906344422,-0.026020169890669,-2.6793955021086,4.7040691848694,0
1156,0.006028266679502,-0.0097205287652831,-2.6729022593229,7.8693809316994,0
752,-0.040052223869314,-0.025063079326614,-2.6632001646026,4.2202616648562,0
67,-0.83436355016169,0.0082905755138711,-2.648848509965,0.37500001200029,0
66,-1.2087269648375,-0.0042569083452256,-2.648848509965,0.12500000400029,0
268,-0.40408277861108,-0.00071897069075429,-2.648848509965,0.62500002000002,0
269,-0.12163230048682,-0.0040476408988141,-2.648848509965,0.87500002800002,0
753,-0.040276070267307,-0.025687757553053,-2.6459215247304,4.4778825954854,0
754,-0.028279922547644,-0.0051518303180821,-2.6409003356239,1.1288104973141,0
1131,-0.021061995043439,-0.021809221804667,-2.6404770572056,6.6812337964759,0
1181,0.047783099441776,0.0016831444210337,-2.6376925841996,9.1115925551117,0
755,-0.019243102709659,-0.0091117615572157,-2.6250039869415,1.3864314279423,0
1084,-0.039013100820071,-0.026791682413237,-2.6232226603928,5.1147726494564,0
1107,-0.034571844086724,-0.026348429121496,-2.6168551040331,5.7677924008294,0
1155,0.00010650612386655,-0.013561834458348,-2.6122436138012,7.6443679750846,0
756,-0.020743818122763,-0.011800256075108,-2.6091076382592,1.6440523585703,0
757,-0.022781259738704,-0.014158957666205,-2.5932112895768,1.9016732891979,0
1180,0.035866912202496,-0.0020422305330441,-2.5835734425933,8.8805720682235,0
758,-0.024948510367204,-0.016285889856744,-2.5773149408945,2.1592942198255,0
1130,-0.025193116104158,-0.024584807695306,-2.5735146801994,6.4628610874575,0
759,-0.027154942497182,-0.018208502034927,-2.5614185922122,2.4169151504531,0
1154,-0.005683482282679,-0.017304451649032,-2.5515849682795,7.4193550184698,0
1356,0.047729449397873,0.0094540316755807,-2.54600595747,10.205390973918,0
760,-0.029325182143047,-0.019967774344578,-2.5455222435299,2.6745360810809,0
1083,-0.039056304525168,-0.027850015904374,-2.5444534476004,4.9115408139938,0
1106,-0.036186009943623,-0.028026379310001,-2.5438481854869,5.556683429915,0
761,-0.031391201209467,-0.021586082708557,-2.5296258948475,2.9321570117096,0
1179,0.026276719514339,-0.0054266224362694,-2.529454300987,8.6495515813353,0
762,-0.033290076194909,-0.023075273274915,-2.513729546165,3.189777942339,0
1129,-0.028638710322898,-0.027041681397647,-2.506552303193,6.2444883784387,0
763,-0.034964308624846,-0.024439415365476,-2.4978331974826,3.4473988729682,0
1355,0.072258523761471,0.014025180799262,-2.4955021788538,10.011844558655,0
1153,-0.011197903660463,-0.020901536157059,-2.4909263227578,7.1943420618552,0
764,-0.036363680985955,-0.025682744488943,-2.4819368488002,3.7050198035975,0
1178,0.018377666236329,-0.0088110235734325,-2.4753351593805,8.4185310944468,0
1105,-0.037164106457361,-0.029416020564803,-2.4708412669407,5.3455744590006,0
765,-0.03744863553469,-0.026821534181121,-2.4660405001177,3.9626407342269,0
1082,-0.038568410281147,-0.02917267659526,-2.4656842348079,4.7083089785313,0
766,-0.038191233567047,-0.027854315597251,-2.4501441514353,4.2202616648562,0
1354,0.077382299863962,0.010094383200446,-2.4449984002376,9.8182981433913,0
1128,-0.031383506745438,-0.029161994277162,-2.4395899261867,6.0261156694201,0
767,-0.038569487601705,-0.028664825238807,-2.4342478027529,4.4778825954854,0
1152,-0.016265197831041,-0.024272228265351,-2.4302676772362,6.9693291052406,0
1177,0.011526313185028,-0.012311525172455,-2.4212160177741,8.187510607558,0
68,-1.2133226115209,-0.0044428216516885,-2.4185138569257,0.12500000400029,0
69,-0.83654389161594,0.0095151003211876,-2.4185138569257,0.37500001200029,0
270,-0.40066147096011,-0.00035363550805684,-2.4185138569257,0.62500001999999,0
271,-0.11770512100449,-0.0052762049266991,-2.4185138569257,0.87500002799999,0
768,-0.024014868173635,-0.0061097685081543,-2.4112568281794,1.1288104973141,0
1104,-0.037546404001804,-0.030528152359229,-2.3978343483946,5.1344654880862,0
769,-0.015002076068138,-0.010235464147427,-2.3967427706868,1.3864314279423,0
1353,0.071713932945811,0.0045703678995054,-2.3944946216217,9.6247517281288,0
770,-0.016780397405869,-0.013180614297215,-2.3822287131942,1.6440523585702,0
1127,-0.033435508138822,-0.030939354103773,-2.3726275491805,5.8077429604017,0
1151,-0.020758576162268,-0.02733208511345,-2.3696090317148,6.744316148627,0
771,-0.01907750178966,-0.01564519438405,-2.3677146557016,1.9016732891979,0
1176,0.0052791577364941,-0.015800262812683,-2.3670968761677,7.9564901206693,0
772,-0.021464098180388,-0.01785945558327,-2.3532005982091,2.1592942198255,0
1352,0.061710530313783,-0.00055739056129475,-2.343990843006,9.4312053128669,0
773,-0.023861031586026,-0.019867270351028,-2.3386865407165,2.4169151504531,0
1103,-0.037385976027006,-0.031327074444626,-2.3248274298484,4.9233565171718,0
774,-0.026202895560476,-0.021721224511871,-2.324172483224,2.6745360810809,0
1175,-0.00063624402201528,-0.019776199060605,-2.3129777345613,7.7254696337807,0
775,-0.028429772111795,-0.023450981830307,-2.3096584257314,2.9321570117096,0
1150,-0.024600003338727,-0.030024449612892,-2.3089503861936,6.5193031920137,0
1126,-0.034819313502175,-0.03237649557321,-2.3056651721742,5.5893702513833,0
776,-0.030484752735333,-0.025071025128142,-2.2951443682387,3.189777942339,0
1201,0.04900907468279,-0.0053067027414733,-2.2950551485178,9.2162386291247,0
777,-0.032314266806655,-0.026585583042457,-2.280630310746,3.4473988729683,0
778,-0.03387026442873,-0.027997808482763,-2.2661162532534,3.7050198035975,0
1174,-0.0062538730807292,-0.023619290594828,-2.2588585929549,7.4944491468921,0
1102,-0.036700488524192,-0.03227242084737,-2.2518205113022,4.7122475462572,0
779,-0.035113168964054,-0.029320640637272,-2.2516021957607,3.9626407342269,0
1149,-0.027751473330192,-0.032321814351138,-2.2482917406722,6.2942902354001,0
1200,0.037269079393538,-0.009321852638559,-2.2476875381576,8.9798516769025,0
1125,-0.035571354058329,-0.033483385910067,-2.2387027951679,5.3709975423648,0
780,-0.036012156856652,-0.030546965667962,-2.2370881382681,4.2202616648562,0
781,-0.03654336901029,-0.031560706322321,-2.2225740807754,4.4778825954854,0
1173,-0.011482676755222,-0.027239610518369,-2.2047394513485,7.2634286600037,0
1199,0.027244199844085,-0.012933531031559,-2.2003199277973,8.7434647246803,0
272,-0.39640129863663,9.4157408598559e-05,-2.1881792038857,0.62500001999996,0
273,-0.11305526044055,-0.0068364855745193,-2.1881792038857,0.87500002799996,0
70,-1.2189871822551,-0.0045667609507996,-2.1881792038857,0.12500000400029,0
71,-0.8392834085848,0.011057988943331,-2.1881792038857,0.37500001200029,0
1148,-0.030205741958999,-0.034215890349652,-2.1876330951508,6.0692772787866,0
782,-0.019311417377094,-0.0074524719107771,-2.1816133207343,1.1288104973141,0
1124,-0.03573685070754,-0.034275335165517,-2.1717404181616,5.1526248333464,0
783,-0.010406613536987,-0.011574710371089,-2.1684815544315,1.3864314279423,0
1351,0.038911976042299,0.0053332799324732,-2.1618741657561,10.308045023481,0
784,-0.012528975984451,-0.014715966479839,-2.1553497881287,1.6440523585702,0
1198,0.018783819251554,-0.016423081045081,-2.152952317437,8.5070777724578,0
1172,-0.016200205289825,-0.030548552404215,-2.1506203097422,7.0324081731153,0
785,-0.015134226644648,-0.017206780664775,-2.1422180218258,1.9016732891979,0
786,-0.017761565227303,-0.019428866063864,-2.1290862555231,2.1592942198255,0
1147,-0.031977432342917,-0.035710207691679,-2.1269744496295,5.8442643221734,0
1350,0.062071772921508,0.0075867651700433,-2.1190056846098,10.112655235176,0
787,-0.020349828685454,-0.02145785236049,-2.1159544892203,2.4169151504531,0
1197,0.011490388222784,-0.01995165445055,-2.1055847070766,8.270690820235,0
1123,-0.035370797635183,-0.034742825132272,-2.1047780411554,4.9342521243279,0
788,-0.022852425305856,-0.023357533719853,-2.1028227229175,2.674536081081,0
1171,-0.020316155444002,-0.03346207679985,-2.096501168136,6.8013876862279,0
789,-0.025223288574871,-0.025163351093632,-2.0896909566146,2.9321570117097,0
790,-0.027415217340479,-0.026890924705828,-2.0765591903117,3.189777942339,0
1349,0.069372099711165,0.0035425460409766,-2.0761372034635,9.9172654468717,0
1146,-0.033096395732046,-0.036816632139631,-2.0663158041082,5.6192513655601,0
791,-0.029381058710848,-0.028543223923637,-2.0634274240089,3.4473988729683,0
1196,0.0049433472538465,-0.023555135893075,-2.0582170967163,8.0343038680122,0
792,-0.03107660420277,-0.030120723403827,-2.050295657706,3.7050198035976,0
1170,-0.023776956323522,-0.035930330628252,-2.0423820265301,6.5703671993409,0
1122,-0.034498743244199,-0.035246039633284,-2.037815664149,4.7158794153093,0
793,-0.032463267779412,-0.031631074338282,-2.0371638914031,3.9626407342269,0
1348,0.066975016141517,-0.0020820601317365,-2.0332687223174,9.7218756585678,0
794,-0.033507905781073,-0.033060874257941,-2.0240321251002,4.2202616648561,0
795,-0.03418522402531,-0.034297442261325,-2.0109003587973,4.4778825954854,0
1195,-0.0010736884503012,-0.027470440864009,-2.010849486356,7.7979169157895,0
1145,-0.033603288269309,-0.037553568533456,-2.0056571585869,5.3942384089468,0
1347,0.059649774206933,-0.0073907866355549,-1.9904002411714,9.5264858702645,0
1169,-0.026560091935145,-0.037935321994328,-1.9882628849239,6.3393467124534,0
1194,-0.006575889139828,-0.031182750813298,-1.9634818759956,7.561529963567,0
274,-0.39097716535504,0.0006081005716158,-1.9578445508451,0.62500001999992,0
275,-0.10746597911164,-0.0088234054329247,-1.9578445508451,0.87500002799992,0
72,-1.2260453624856,-0.0045934198619993,-1.9578445508451,0.12500000400029,0
73,-0.84275668874098,0.012998679384969,-1.9578445508451,0.37500001200029,0
796,-0.01417460181441,-0.0093216781923142,-1.9519698132886,1.1288104973141,0
1221,0.048603844595991,-0.012550068427161,-1.9487519548361,9.3082385282297,0
1144,-0.033546907402129,-0.037943671518211,-1.9449985130656,5.1692254523335,0
797,-0.0055667993569992,-0.013214782476646,-1.9402203381756,1.3864314279423,0
1168,-0.028667817832698,-0.039478550637809,-1.9341437433178,6.1083262255662,0
798,-0.0080882416408026,-0.016433809352069,-1.9284708630625,1.6440523585702,0
799,-0.011036132358595,-0.018835361680101,-1.9167213879495,1.9016732891979,0
1193,-0.011513057865683,-0.034589401058824,-1.9161142656353,7.3251430113445,0
1220,0.037613629561042,-0.017098107294907,-1.9083238633116,9.0671336324637,0
800,-0.013916190580438,-0.020953364155952,-1.9049719128365,2.1592942198254,0
801,-0.016685451880923,-0.022915665459746,-1.8932224377234,2.4169151504532,0
1143,-0.03298333662473,-0.038000350147412,-1.8843398675442,4.9442124957201,0
802,-0.019325945083355,-0.024796026275371,-1.8814729626104,2.674536081081,0
1167,-0.030120798458644,-0.040573022229452,-1.8800246017118,5.8773057386791,0
803,-0.021812418401205,-0.026631540469139,-1.8697234874974,2.9321570117097,0
1192,-0.015840574535103,-0.037606333026175,-1.8687466552751,7.0887560591221,0
1219,0.027712555817126,-0.021229894624723,-1.8678957717872,8.8260287366976,0
804,-0.024111446528732,-0.028435901391014,-1.8579740123842,3.1897779423391,0
805,-0.02618482964523,-0.030208568083234,-1.8462245372711,3.4473988729683,0
806,-0.02799387717574,-0.031945227243804,-1.834475062158,3.7050198035976,0
1218,0.019088417660141,-0.02510781369637,-1.8274676802626,8.5849238409312,0
1166,-0.030953021322386,-0.041239671615066,-1.8259054601058,5.6462852517921,0
1142,-0.031946087550441,-0.037993549228118,-1.8236812220228,4.7191995391067,0
807,-0.029502070064821,-0.033645907583199,-1.8227255870449,3.9626407342269,0
1191,-0.019527809325158,-0.040162705089236,-1.821379044915,6.8523691069007,0
808,-0.030674560068637,-0.035289871287141,-1.8109761119318,4.2202616648561,0
809,-0.03148473433079,-0.036770738744359,-1.7992266368187,4.4778825954854,0
1217,0.011573441185164,-0.028858340559691,-1.7870395887381,8.3438189451646,0
1346,0.029108239153898,0.0018814871072712,-1.7741684635685,10.396245720555,0
1190,-0.022558123589989,-0.042219023569099,-1.774011434555,6.6159821546797,0
1165,-0.031208205085617,-0.041505746363759,-1.7717863184997,5.415264764905,0
1216,0.0048840442712542,-0.03267002654036,-1.7466114972136,8.102714049398,0
1345,0.050764890273495,0.0021515998737936,-1.7390019858296,10.19931295982,0
74,-1.2348999311966,-0.0044848818987786,-1.7275098978045,0.12500000400029,0
75,-0.84718480039172,0.015417551448776,-1.7275098978045,0.37500001200029,0
276,-0.38390792524591,0.0011283442218016,-1.7275098978045,0.62500001999989,0
277,-0.10061784883087,-0.011376140521538,-1.7275098978045,0.87500002799989,0
1189,-0.024931006299547,-0.043764422417849,-1.7266438241949,6.3795952024582,0
810,-0.0084883045700684,-0.011951117319072,-1.7223263058429,1.1288104973141,0
1164,-0.030937467877707,-0.041402702343755,-1.7176671768936,5.184244278018,0
811,-0.00019375274599749,-0.015429007253092,-1.7119591219196,1.3864314279422,0
1215,-0.0011298169573096,-0.036314669572862,-1.7061834056891,7.8616091536314,0
1344,0.059469290653269,-0.0020715205105387,-1.7038355080906,10.002380199084,0
812,-0.0036424383648634,-0.018305142449633,-1.7015919379963,1.6440523585702,0
813,-0.0069143701472806,-0.020492381653018,-1.6912247540731,1.9016732891978,0
814,-0.010034646472856,-0.022366965034717,-1.6808575701498,2.1592942198254,0
1188,-0.026661696889598,-0.04480671590423,-1.6792762138348,6.143208250237,0
815,-0.012956098162485,-0.024149634592094,-1.6704903862266,2.4169151504532,0
1343,0.059842710997893,-0.0078196496376693,-1.6686690303519,9.8054474383498,0
1214,-0.0064468531830369,-0.039673884515116,-1.6657553141646,7.620504257865,0
1163,-0.030197265661917,-0.040963460165016,-1.6635480352875,4.9532237911308,0
816,-0.01569511946733,-0.02592797533036,-1.6601232023033,2.674536081081,0
817,-0.018253969430301,-0.027734589180675,-1.64975601838,2.9321570117098,0
818,-0.020616884668804,-0.029576265338176,-1.6393888344567,3.1897779423391,0
1342,0.055097002492314,-0.013367641713817,-1.6335025526132,9.6085146776158,0
1187,-0.02777859332782,-0.04536568448394,-1.6319086034748,5.906821298016,0
819,-0.022756830788886,-0.031445841006254,-1.6290216505334,3.4473988729683,0
1213,-0.011055383171034,-0.042648293606996,-1.6253272226401,7.3793993620987,0
820,-0.024642148423349,-0.03333175201226,-1.61865446661,3.7050198035976,0
1162,-0.029028597396967,-0.040378090349323,-1.6094288936814,4.7222033042436,0
821,-0.02623957005018,-0.03522385181505,-1.6082872826867,3.9626407342269,0
1241,0.04599887092293,-0.019088443497078,-1.5992568707433,9.3874644163372,0
822,-0.027513414233468,-0.037092608195411,-1.5979200987634,4.2202616648561,0
823,-0.02843567875451,-0.038840326652074,-1.58755291484,4.4778825954854,0
1212,-0.01496875650525,-0.045161491061962,-1.5848991311156,7.1382944663324,0
1186,-0.028320437464326,-0.045469861493292,-1.5845409931148,5.670434345795,0
1240,0.036142178529138,-0.024366688631149,-1.5659319847424,9.1422966545144,0
1211,-0.018206045447083,-0.047161698854917,-1.5444710395913,6.8971895705672,0
1185,-0.028333951732118,-0.045154902581044,-1.5371733827548,5.4340473935739,0
1239,0.026829246215437,-0.02926332024252,-1.5326070987415,8.8971288926915,0
1210,-0.020786933582242,-0.048622745559653,-1.5040429480671,6.6560846748023,0
1238,0.018496706247882,-0.033758400354628,-1.4992822127406,8.6519611308683,0
76,-1.2460722829968,-0.0041996227143543,-1.4971752447639,0.12500000400029,0
77,-0.85287658685593,0.018388564758039,-1.4971752447639,0.37500001200029,0
278,-0.37450538733852,0.0015194643512907,-1.4971752447639,0.62500001999986,0
279,-0.092027551459931,-0.014699942876482,-1.4971752447639,0.87500002799986,0
824,-0.0019816360977473,-0.015629075465924,-1.4926827983972,1.1288104973141,0
1184,-0.027872071484962,-0.044461778348236,-1.4898057723947,5.1976604413529,0
825,0.0052094818724587,-0.018237926002393,-1.4836979056637,1.3864314279422,0
826,0.0011053451210406,-0.020499417292231,-1.4747130129302,1.6440523585702,0
1237,0.011155486677161,-0.037901509473275,-1.4659573267396,8.4067933690448,0
827,-0.002961409172596,-0.022056002504031,-1.4657281201967,1.9016732891978,0
1209,-0.022735563917791,-0.049540547904672,-1.4636148565428,6.414979779037,0
828,-0.0062587872937676,-0.023559612718496,-1.4567432274632,2.1592942198254,0
829,-0.0092773736212062,-0.02503147097058,-1.4477583347297,2.4169151504532,0
1183,-0.026991261829129,-0.043439679298668,-1.4424381620347,4.9612734891317,0
830,-0.012054672722962,-0.026607721565477,-1.4387734419962,2.6745360810811,0
1236,0.0046653072190265,-0.041787108056597,-1.4326324407386,8.1616256072214,0
831,-0.014624921606528,-0.028313476823458,-1.4297885492627,2.9321570117098,0
1208,-0.024083186069036,-0.049928073531892,-1.4231867650185,6.1738748832719,0
832,-0.016992837653241,-0.030142450759337,-1.4208036565291,3.1897779423392,0
833,-0.019143967690261,-0.032077105685391,-1.4118187637956,3.4473988729684,0
834,-0.021054828223696,-0.03409618293571,-1.402833871062,3.7050198035976,0
1235,-0.0010429904344752,-0.045227702971759,-1.3993075547377,7.916457845398,0
1182,-0.025739112144302,-0.042210949224457,-1.3950705516746,4.7248865369105,0
835,-0.022696770310773,-0.036176959628698,-1.3938489783285,3.9626407342269,0
836,-0.024034767269235,-0.038279339272535,-1.3848640855949,4.2202616648561,0
1341,0.018797527677579,-0.00071051410353181,-1.3834324722372,10.469869395878,0
1207,-0.024868317378799,-0.049811334711791,-1.3827586734943,5.9327699875071,0
837,-0.025039553301342,-0.040315855560496,-1.3758791928614,4.4778825954854,0
1234,-0.0059576569747541,-0.048213358753559,-1.3659826687367,7.6712900835748,0
1340,0.03895783403059,-0.001924052679132,-1.3560229140423,10.271696454467,0
1206,-0.025135906622799,-0.049226745423039,-1.3423305819701,5.6916650917422,0
1233,-0.010102372520252,-0.050685411605275,-1.3326577827358,7.4261223217517,0
1339,0.048416767314925,-0.006167641979142,-1.3286133558475,10.073523513057,0
1205,-0.024936302463456,-0.048219230037606,-1.3019024904458,5.4505601959774,0
1338,0.050857428867401,-0.011881242399582,-1.3012037976528,9.8753505716472,0
1232,-0.013521902109254,-0.052594482316553,-1.2993328967349,7.1809545599286,0
1337,0.048236975164175,-0.017567369978744,-1.2737942394581,9.6771776302382,0
78,-1.2602190415352,-0.0036692190366688,-1.2668405917233,0.12500000400029,0
79,-0.86026620990623,0.021992704478651,-1.2668405917233,0.37500001200029,0
280,-0.36182066287844,0.0015536371569002,-1.2668405917233,0.62500001999983,0
281,-0.081050203054486,-0.019068858154508,-1.2668405917233,0.87500002799983,0
1231,-0.01626293824994,-0.053915936533467,-1.2660080107341,6.9357867981066,0
838,0.005438161302318,-0.020499312245504,-1.2630392909515,1.1288104973141,0
1204,-0.024324091620058,-0.046840612156875,-1.2614743989216,5.2094553002125,0
839,0.0099911651674853,-0.021331200549292,-1.2554366894077,1.3864314279422,0
840,0.005205193644045,-0.022619261915228,-1.247834087864,1.6440523585702,0
1261,0.040983311459497,-0.023890391644672,-1.2470481992853,9.453806207065,0
841,0.00096542627320466,-0.023474159692911,-1.2402314863203,1.9016732891978,0
1230,-0.018369427801295,-0.054645063773943,-1.2326831247334,6.6906190362849,0
842,-0.0027633115486034,-0.024338596942217,-1.2326288847766,2.1592942198254,0
843,-0.0057942324265716,-0.025381074027443,-1.2250262832328,2.4169151504532,0
1203,-0.023355452925024,-0.045153973810052,-1.2210463073973,4.9683504044475,0
1260,0.032419003102101,-0.030058551876936,-1.2209656771343,9.2052363021279,0
844,-0.0085271408289384,-0.026641868713319,-1.2174236816891,2.6745360810811,0
845,-0.011028416632732,-0.02816041335021,-1.2098210801454,2.9321570117099,0
846,-0.013325250870596,-0.029913366105304,-1.2022184786016,3.1897779423392,0
1229,-0.019884983642463,-0.054793037731009,-1.1993582387326,6.4454512744628,0
1259,0.024072177340951,-0.035910658260493,-1.1948831549834,8.9566663971908,0
847,-0.015416004433952,-0.031869036746098,-1.1946158770578,3.4473988729684,0
848,-0.01728591299642,-0.033994622843688,-1.1870132755141,3.7050198035976,0
1202,-0.022082940640605,-0.043228635768238,-1.180618215873,4.7272455086825,0
849,-0.018912553059857,-0.036253223516097,-1.1794106739703,3.9626407342269,0
850,-0.020264148459556,-0.038592494568378,-1.1718080724265,4.2202616648561,0
1258,0.016512391501561,-0.041194332174533,-1.1688006328324,8.7080964922534,0
1228,-0.020855126429001,-0.054385430087111,-1.1660333527319,6.200283512641,0
851,-0.021311343040667,-0.040935588471668,-1.1642054708827,4.4778825954854,0
1257,0.0098448705959418,-0.045849035079447,-1.1427181106814,8.4595265873156,0
1227,-0.021328061785288,-0.053460706415033,-1.1327084667311,5.9551157508194,0
1256,0.0040122668505658,-0.049912182642128,-1.1166355885305,8.2109566823779,0
1226,-0.021354693652332,-0.052068204422723,-1.0993835807304,5.7099479889977,0
1255,-0.0010165772555279,-0.053244586884003,-1.0905530663795,7.9623867774403,0
1225,-0.020988339574377,-0.050266049591279,-1.0660586947297,5.4647802271761,0
1254,-0.0052527041044868,-0.055897892034584,-1.0644705442285,7.7138168725028,0
1253,-0.0087395474923041,-0.057855008622483,-1.0383880220776,7.4652469675654,0
80,-1.277905941394,-0.0027763206429286,-1.0365059386827,0.12500000400028,0
81,-0.86972424145058,0.026294806616216,-1.0365059386827,0.37500001200028,0
282,-0.34433254098462,0.00082931092119611,-1.0365059386827,0.62500001999979,0
283,-0.067120815328478,-0.024737322260914,-1.0365059386827,0.87500002799979,0
852,0.012591991003598,-0.026325889806972,-1.0333957835057,1.1288104973141,0
1224,-0.020284146633719,-0.048119717924702,-1.0327338087289,5.2196124653544,0
853,0.01417968898801,-0.025158249725825,-1.0271754731517,1.3864314279422,0
854,0.0085935562612297,-0.024821941105188,-1.0209551627978,1.6440523585701,0
855,0.0040966769861189,-0.02442621195404,-1.0147348524438,1.9016732891978,0
1252,-0.011533230489138,-0.059101860712554,-1.0123054999267,7.2166770626281,0
856,0.00045324048662317,-0.02446571710391,-1.0085145420899,2.1592942198254,0
857,-0.0026741713413673,-0.024945850600768,-1.0022942317359,2.4169151504532,0
1223,-0.019297050298661,-0.045704987669025,-0.99940892272816,4.9744447035327,0
858,-0.0052654543205226,-0.025775604433089,-0.99607392138197,2.6745360810812,0
1336,0.008742937616821,-0.0023345976771631,-0.99021406217283,10.528812819425,0
859,-0.0075986884237839,-0.027005542637959,-0.98985361102799,2.9321570117099,0
1251,-0.01369231717816,-0.059648677306427,-0.98622297777582,6.9681071576918,0
860,-0.0097302357913934,-0.028602398799605,-0.98363330067399,3.1897779423392,0
861,-0.011671320257567,-0.030517020521594,-0.97741299031999,3.4473988729684,0
862,-0.013415709934991,-0.032704310789476,-0.971192679966,3.7050198035977,0
1335,0.027510931920407,-0.0043792890108105,-0.97060446519959,10.329704418559,0
1222,-0.018081741805809,-0.043055811706574,-0.9660840367274,4.7292769417108,0
863,-0.014948956309057,-0.03511325887569,-0.964972369612,3.9626407342269,0
1250,-0.015274816109019,-0.059523729782419,-0.96014045562506,6.7195372527559,0
864,-0.016246644463321,-0.037678727794211,-0.95875205925801,4.2202616648561,0
865,-0.017282985861241,-0.040333845121664,-0.95253174890401,4.4778825954854,0
1334,0.037277652553098,-0.0082048179503301,-0.95099486822634,10.130596017692,0
1249,-0.016337522797486,-0.058767663853492,-0.93405793347423,6.4709673478196,0
1333,0.041000746469229,-0.013508706686488,-0.93138527125319,9.9314876168263,0
1332,0.039677103165568,-0.019094739440216,-0.91177567428009,9.7323792159612,0
1248,-0.016935943847225,-0.057432245534726,-0.90797541132341,6.2223974428835,0
1281,0.03360078790631,-0.026011221338884,-0.89260801492264,9.50717171666,0
1247,-0.017124441399923,-0.055579500246314,-0.88189288917262,5.9738275379476,0
1280,0.026254487410607,-0.033280637549011,-0.87388229318089,9.2558651189232,0
1246,-0.016956490734042,-0.053279857507168,-0.85581036702183,5.7252576330118,0
1279,0.019191738445007,-0.040318355702306,-0.85515657143915,9.0045585211863,0
1278,0.012857469757933,-0.046560424162962,-0.83643084969738,8.7532519234492,0
1245,-0.016484972149763,-0.050609950938797,-0.82972784487102,5.4766877280759,0
1277,0.0073060729714583,-0.051837727187239,-0.8177051279556,8.5019453257116,0
82,-1.2990372780835,-0.0014025228072412,-0.8061712856421,0.12500000400028,0
83,-0.88096067207878,0.031043503978907,-0.8061712856421,0.37500001200028,0
284,-0.31874568360684,-0.0019253976523363,-0.8061712856421,0.62500001999976,0
285,-0.049055877386382,-0.032240152563902,-0.8061712856421,0.87500002799976,0
866,0.019620278229122,-0.034058799586929,-0.80375227606,1.1288104973141,0
1244,-0.015762366610895,-0.047651430947128,-0.80364532272022,5.22811782314,0
1276,0.0025286700843171,-0.056154277300509,-0.79897940621383,8.2506387279742,0
867,0.017097517317688,-0.030150247529983,-0.7989142568958,1.3864314279422,0
868,0.010835311479864,-0.027157458583497,-0.7940762377316,1.6440523585701,0
869,0.0062717231503967,-0.02489914365645,-0.78923821856741,1.9016732891977,0
870,0.0028191087117337,-0.023649296641281,-0.78440019940322,2.1592942198254,0
1275,-0.0014298984958295,-0.059408799081606,-0.78025368447206,7.9993321302368,0
871,-1.462876964207e-06,-0.023313995873953,-0.77956218023903,2.4169151504532,0
1243,-0.014840055680971,-0.044491210876808,-0.77756280056941,4.979547918204,0
872,-0.0024327181529235,-0.023671563566233,-0.77472416107484,2.6745360810812,0
873,-0.0044916514189025,-0.024502373304129,-0.76988614191063,2.9321570117099,0
874,-0.0063467347579358,-0.025846282928132,-0.76504812274641,3.1897779423393,0
1274,-0.0046351462848202,-0.061686384490206,-0.76152796273029,7.7480255324996,0
875,-0.0080308898727016,-0.027634162799539,-0.76021010358218,3.4473988729685,0
876,-0.0095462195612866,-0.029809044462684,-0.75537208441796,3.7050198035977,0
1242,-0.013770906454383,-0.041147209390316,-0.75148027841859,4.730978013268,0
877,-0.010887677295051,-0.032308230077639,-0.75053406525373,3.9626407342269,0
878,-0.012043619573165,-0.035056381558234,-0.74569604608951,4.2202616648561,0
1273,-0.0071692955310487,-0.063021307869513,-0.74280224098853,7.4967189347625,0
879,-0.012999402857856,-0.037996477038998,-0.74085802692529,4.4778825954854,0
1272,-0.0091109292954105,-0.063456949962966,-0.72407651924679,7.2454123370253,0
1271,-0.010532294693775,-0.063060487368597,-0.70535079750511,6.9941057392894,0
1270,-0.01149977352338,-0.06191317584844,-0.68662507576349,6.7427991415537,0
1269,-0.012073883434813,-0.060102784127861,-0.66789935402182,6.4914925438176,0
1268,-0.012309628176878,-0.057721437028427,-0.64917363228015,6.2401859460818,0
1267,-0.012257407103508,-0.054864500492509,-0.63044791053851,5.9888793483462,0
1266,-0.011964053782776,-0.051628820793382,-0.61172218879687,5.7375727506106,0
1331,-0.0028386878168874,-0.0017811954428861,-0.59506458372832,10.572993345295,0
1265,-0.011473832525658,-0.048110729171202,-0.59299646705521,5.486266152875,0
1330,0.017193564034088,-0.0043588007521529,-0.5832860485075,10.373255671029,0
84,-1.3227203734915,0.00055541849660129,-0.57583663260151,0.12500000400028,0
85,-0.89312247184997,0.034944898575049,-0.57583663260151,0.37500001200028,0
286,-0.27898647391509,-0.011045325539544,-0.57583663260151,0.62500001999973,0
287,-0.025679417714865,-0.043823108090453,-0.57583663260151,0.87500002799973,0
1264,-0.010829637631485,-0.04440514077615,-0.57427074531356,5.2349595551394,0
880,0.024175371615008,-0.044778708474199,-0.5741087686143,1.1288104973141,0
1329,0.027194034711212,-0.007365728426933,-0.57150751328668,10.173517996764,0
881,0.017445975302069,-0.036421174061115,-0.57065304063987,1.3864314279422,0
882,0.011152301535264,-0.029483730983128,-0.56719731266544,1.6440523585701,0
883,0.006971879968097,-0.024640653546236,-0.56374158469101,1.9016732891977,0
884,0.0040547673727096,-0.021668620402993,-0.56028585671659,2.1592942198254,0
1328,0.031480016925357,-0.011803601692943,-0.55972897806591,9.9737803224996,0
885,0.00179674041216,-0.0201453746887,-0.55683012874217,2.4169151504532,0
1263,-0.010074365423462,-0.040603360006031,-0.55554502357191,4.9836529574036,0
886,-0.00014157448649545,-0.019798469745415,-0.55337440076775,2.6745360810812,0
887,-0.0018587908098195,-0.020253309021695,-0.54991867279331,2.93215701171,0
1327,0.030301402601636,-0.01690352810168,-0.54795044284518,9.7740426482358,0
888,-0.0033382254562504,-0.021242343464314,-0.54646294481887,3.1897779423393,0
889,-0.0046602852417506,-0.022790816850619,-0.54300721684442,3.4473988729685,0
890,-0.0058395361075811,-0.024835075496945,-0.53955148886997,3.7050198035977,0
1262,-0.0092537149026551,-0.036722044629558,-0.53681930183024,4.7323463596678,0
1301,0.023970897735851,-0.024517069710146,-0.53642149246831,9.5474867923459,0
891,-0.0068818999985052,-0.027303546842411,-0.53609576089553,3.962640734227,0
892,-0.0077933196449441,-0.0301175158713,-0.53264003292108,4.2202616648561,0
893,-0.0085800315905048,-0.033233278614776,-0.52918430494663,4.4778825954854,0
1300,0.017780408995259,-0.033428200608433,-0.52514212693532,9.2941127548303,0
1299,0.012561173221634,-0.041923760476653,-0.51386276140234,9.0407387173147,0
1298,0.0081881508861716,-0.049102188555297,-0.50258339586935,8.7873646797988,0
1297,0.0045448386390108,-0.05482940850191,-0.49130403033634,8.5339906422825,0
1296,0.0015064643586793,-0.058975004315177,-0.48002466480335,8.2806166047662,0
1295,-0.00093227445609744,-0.061681452368477,-0.46874529927035,8.0272425672501,0
1294,-0.0028639768539748,-0.063107740532645,-0.45746593373735,7.7738685297341,0
1293,-0.0043577192980932,-0.06338015491827,-0.44618656820437,7.5204944922182,0
1292,-0.0054668921668404,-0.062636398914233,-0.43490720267139,7.2671204547023,0
1291,-0.0062413126306066,-0.061025152418933,-0.42362783713844,7.0137464171876,0
1290,-0.0067299186102059,-0.058694230943562,-0.41234847160553,6.7603723796731,0
1289,-0.0069790335003531,-0.055783910065637,-0.4010691060726,6.5069983421583,0
1288,-0.0070307940694817,-0.052424918360895,-0.38978974053967,6.2536243046437,0
1287,-0.00692268954086,-0.048738018450482,-0.37851037500675,6.0002502671293,0
1286,-0.0066877957683407,-0.044833688175673,-0.36723100947383,5.746876229615,0
1285,-0.0063555155177432,-0.040811679603298,-0.3559516439409,5.4935021921006,0
87,-0.90830930365858,0.036341078720241,-0.34550197956092,0.37500001200028,0
289,0.0033154789843738,-0.067001495331727,-0.34550197956092,0.87500002799969,0
86,-1.3485502501193,0.0033905440063847,-0.34550197956092,0.12500000400028,0
288,-0.21944037857544,-0.03637215609875,-0.34550197956092,0.62500001999969,0
1284,-0.0059533276947754,-0.036760908207724,-0.34467227840797,5.2401281545863,0
894,0.022710128986964,-0.059810476340858,-0.34446526116859,1.1288104973141,0
895,0.014552064151319,-0.043100308359483,-0.34239182438393,1.3864314279422,0
896,0.0090552704985689,-0.030996998953539,-0.34031838759927,1.6440523585701,0
897,0.0058249158437605,-0.023251049876842,-0.33824495081462,1.9016732891977,0
898,0.0038431050845661,-0.018429829621735,-0.33617151402996,2.1592942198253,0
899,0.0024457189260667,-0.0155582635788,-0.33409807724531,2.4169151504533,0
1283,-0.0055100379800242,-0.032756381749407,-0.33339291287505,4.9867541170717,0
900,0.0012574656747956,-0.014180913247971,-0.33202464046066,2.6745360810813,0
901,7.5307730899885e-05,-0.014048104692071,-0.32995120367599,2.93215701171,0
902,-0.0010646173839912,-0.014700398103906,-0.32787776689133,3.1897779423393,0
903,-0.0020169348588891,-0.015822440812546,-0.32580433010666,3.4473988729685,0
904,-0.0028107169882475,-0.017533514109628,-0.32373089332199,3.7050198035977,0
1282,-0.0050591409501274,-0.02880787857856,-0.32211354734211,4.7333800795572,0
905,-0.0034904289769932,-0.019734770555635,-0.32165745653732,3.962640734227,0
906,-0.0040788389990404,-0.022344195557039,-0.31958401975265,4.2202616648561,0
907,-0.0046009924812255,-0.025330718917993,-0.31751058296798,4.4778825954853,0
1326,-0.006819429753974,0.0014879189360424,-0.19853809480257,10.602349027424,0
1325,0.011169940220013,-0.0014391055219093,-0.194609732067,10.402289263789,0
1324,0.020091058441202,-0.0036271253269023,-0.19068136933143,10.202229500155,0
1323,0.024122226275755,-0.006471878344851,-0.18675300659589,10.002169736522,0
1322,0.021485424220124,-0.010159692366117,-0.18282464386035,9.8021099728886,0
1321,0.0096125296723044,-0.018285429028083,-0.17897623313506,9.5746954153151,0
1320,0.0038540408857391,-0.028869971683667,-0.17520777442002,9.319926063801,0
1319,0.00048442931261269,-0.037506956490576,-0.17143931570497,9.065156712287,0
1318,-0.0016600514422034,-0.043261144862044,-0.16767085698993,8.8103873607727,0
1317,-0.0030257986046952,-0.046606534717795,-0.16390239827487,8.5556180092579,0
1316,-0.0036538046938003,-0.04831531103561,-0.16013393955983,8.3008486577433,0
1315,-0.0038313278403437,-0.048762939747333,-0.15636548084478,8.0460793062287,0
1314,-0.0037544199542477,-0.048234675215669,-0.15259702212973,7.7913099547143,0
1313,-0.00354684218403,-0.046945246307535,-0.14882856341469,7.5365406032,0
1312,-0.0032823280211148,-0.045058750284127,-0.14506010469964,7.2817712516856,0
1311,-0.0030030920103486,-0.042708522514635,-0.14129164598461,7.0270019001725,0
1310,-0.0027312341953327,-0.040007039684647,-0.13752318726959,6.7722325486596,0
1309,-0.0024758862702957,-0.037049680416522,-0.13375472855457,6.5174631971463,0
1308,-0.0022385717213898,-0.033917431819039,-0.12998626983954,6.2626938456334,0
1307,-0.0020171789173998,-0.030679601470518,-0.12621781112452,6.0079244941206,0
1306,-0.0018085187650672,-0.027395934862774,-0.1224493524095,5.7531551426078,0
1305,-0.0016099351157097,-0.024117772705641,-0.11868089369447,5.4983857910951,0
88,-1.3752362127602,0.0064093573744696,-0.11516732652033,0.12500000400028,0
89,-0.93226675444093,0.03516827062528,-0.11516732652033,0.37500001200028,0
290,-0.13311493105808,-0.057305880338288,-0.11516732652033,0.62500001999966,0
291,0.018572990947918,-0.10207179701163,-0.11516732652033,0.87500002799966,0
1304,-0.0014213919111159,-0.020888147508035,-0.11491243497945,5.2436164395823,0
908,0.013892772540804,-0.074408520897796,-0.11482175372289,1.1288104973141,0
909,0.0073142618561104,-0.045053330838942,-0.114130608128,1.3864314279422,0
910,0.0043887779739414,-0.028318747976201,-0.11343946253311,1.6440523585701,0
911,0.003004581537867,-0.01880824319618,-0.11274831693822,1.9016732891976,0
912,0.0023251043803009,-0.012897223494658,-0.11205717134334,2.1592942198253,0
913,0.0019689966143934,-0.0090070905227145,-0.11136602574845,2.4169151504533,0
1303,-0.0012513380943177,-0.017740458401389,-0.11114397626442,4.9888470880694,0
914,0.0017137161144612,-0.0064302633463427,-0.11067488015357,2.6745360810813,0
915,0.0013697401130321,-0.0047967392641474,-0.10998373455868,2.9321570117101,0
916,0.00085720530203007,-0.0041574787576849,-0.10929258896378,3.1897779423394,0
917,0.00031509928061629,-0.0046940076019466,-0.10860144336889,3.4473988729685,0
918,-7.6008292930896e-05,-0.0058283442933551,-0.107910297774,3.7050198035978,0
1302,-0.0011337987597513,-0.014671341516634,-0.1073755175494,4.7340777365564,0
919,-0.00038283244520695,-0.0074336248931201,-0.10721915217911,3.962640734227,0
920,-0.00063555519430739,-0.0094221246248375,-0.10652800658422,4.2202616648561,0
921,-0.00087832514075158,-0.011803669001546,-0.10583686098933,4.4778825954853,0
1422,0.019852925103477,-0.002499790838592,0.12500000399984,9.8127790187811,0
1423,0.022125008928237,-0.0015917141868149,0.12500000399992,10.012913941184,0
1424,0.017346082381765,-0.00037869018459177,0.125000004,10.213048863588,0
1425,0.0081220907157393,0.0012270557735294,0.12500000400007,10.413183785993,0
1426,-0.0036082632600719,0.002332487393948,0.12500000400015,10.613318708398,0
91,-0.92484276005191,0.010151429828717,0.13392857571381,0.37500001200028,0
90,-1.3949837688806,0.0022935442685955,0.1339285757139,0.12500000400028,0
1427,0.020557114018553,0.00034892776775841,0.37500001199939,9.8128599683835,0
1428,0.02181198321132,0.00083517209486957,0.37500001199967,10.012976901986,0
1429,0.01597701046238,0.0015709050287853,0.37500001199995,10.21309383559,0
1430,0.0076145043159715,0.0024132062819171,0.37500001200023,10.413210769194,0
1431,-0.001914316069494,0.0020854575486477,0.37500001200051,10.613327702798,0
93,-0.92875548281152,0.0010808135694966,0.40178572714142,0.37500001200027,0
92,-1.4004190294677,0.0002166834894284,0.40178572714169,0.12500000400027,0
1432,0.020154458759863,0.00089309548304052,0.62500001999882,9.812940917986,0
1433,0.021373214063967,0.0014936771214628,0.62500001999935,10.013039862788,0
1434,0.015462752567093,0.0021199243684348,0.62500001999989,10.213138807592,0
1435,0.0081068390775619,0.0024306329282572,0.62500002000042,10.413237752395,0
1436,0.00016304169559581,0.0013576077619538,0.62500002000096,10.613336697199,0
95,-0.92923293484968,9.17689317279e-05,0.66964287856901,0.37500001200026,0
94,-1.4009500931658,-2.2803033064266e-05,0.66964287856944,0.12500000400026,0
1437,0.018645243614985,0.0008226186316743,0.87500002799833,9.8130218675885,0
1438,0.020549177303161,0.0015538578693869,0.87500002799913,10.01310282359,0
1439,0.015173202445844,0.0020443490922442,0.87500002799992,10.213183779593,0
1440,0.008815019120694,0.0020229827130715,0.87500002800071,10.413264735597,0
1441,0.0020033503362069,0.00074795787314039,0.8750000280015,10.613345691599,0
97,-0.92924268099825,-1.2731589720376e-05,0.93750002999662,0.37500001200025,0
96,-1.4009434343581,-1.8988526931636e-05,0.93750002999722,0.12500000400025,0
1442,0.016978675773986,0.00070286581282822,1.1250000359984,9.8131028171909,0
1443,0.01968427911334,0.0014733029016047,1.1250000359992,10.013165784392,0
1444,0.015041154115596,0.0018079484958854,1.125000036,10.213228751595,0
1445,0.0095545612193594,0.0015987992157252,1.1250000360008,10.413291718798,0
1446,0.003462923081591,0.00041863085782845,1.1250000360016,10.613354685999,0
99,-0.92924603946174,-5.8702431695209e-06,1.2053571814243,0.37500001200024,0
98,-1.4009242906166,-6.8566878212318e-06,1.2053571814251,0.12500000400024,0
1447,0.015560342751695,0.00059056086707889,1.375000043999,9.8131837667934,0
1448,0.018997905494791,0.0013411252528095,1.3750000439995,10.013228745194,0
1449,0.015072976560089,0.0015387933749493,1.3750000440001,10.213273723596,0
1450,0.010265538134547,0.0012402259207566,1.3750000440006,10.413318701999,0
1451,0.0046061678744611,0.00023167443936859,1.3750000440012,10.6133636804,0
101,-0.92924977998874,-3.1044315058367e-06,1.4732143328521,0.37500001200023,0
100,-1.4009140724361,-4.0564925596247e-06,1.4732143328532,0.12500000400023,0
1452,0.014364777839193,0.00048626590560495,1.6250000519995,9.8132647163959,0
1453,0.018477280013962,0.0011847181731339,1.6250000519998,10.013291705996,0
1454,0.015214954935278,0.0012608208777594,1.6250000520001,10.213318695598,0
1455,0.010914680004993,0.00094120401709593,1.6250000520004,10.4133456852,0
1456,0.0054649909959094,6.7645106296894e-05,1.6250000520007,10.6133726748,0
103,-0.92925242513909,-3.1105109125864e-06,1.7410714842809,0.37500001200022,0
102,-1.4009061550951,-4.1512019908969e-06,1.7410714842815,0.12500000400022,0
1457,0.013244955838524,-0.00019968014880979,1.8750000599999,9.8133456659984,0
1458,0.017759568114271,0.00098282883174319,1.8750000599999,10.013354666798,0
1459,0.015218960391996,0.0011216300717236,1.87500006,10.2133636676,0
1460,0.011535127448295,0.00097131489526446,1.8750000600001,10.413372668401,0
1461,0.0066978826190324,0.00047635639894715,1.8750000600002,10.613381669201,0
104,-1.4008977155686,-4.8529384513946e-06,2.0089286357098,0.12500000400021,0
105,-0.92925521329121,-3.6509866981416e-06,2.0089286357104,0.37500001200021,0
106,-1.4008878309795,-5.7506549668165e-06,2.276785787138,0.1250000040002,0
107,-0.9292585089779,-4.3305923627709e-06,2.2767857871399,0.3750000120002,0
108,-1.4008761172306,-6.8172643938625e-06,2.5446429385661,0.12500000400019,0
109,-0.9292624210061,-5.1343924032565e-06,2.5446429385694,0.37500001200019,0
110,-1.4008622312579,-8.0805829048133e-06,2.8125000899943,0.12500000400017,0
111,-0.92926705870263,-6.0857159299449e-06,2.8125000899989,0.37500001200017,0
112,-1.4008457724675,-9.5777263903586e-06,3.0803572414224,0.12500000400016,0
113,-0.92927255557641,-7.2129006547457e-06,3.0803572414284,0.37500001200016,0
114,-1.4008262646741,-1.135229050747e-05,3.3482143928505,0.12500000400015,0
115,-0.92927907072888,-8.5487870602677e-06,3.3482143928579,0.37500001200015,0
116,-1.4008031430362,-1.3455766357711e-05,3.6160715442787,0.12500000400014,0
117,-0.9292867928184,-1.0132065469401e-05,3.6160715442874,0.37500001200014,0
118,-1.4007757379617,-1.5949171666531e-05,3.8839286957068,0.12500000400013,0
119,-0.92929594547361,-1.2008546215628e-05,3.8839286957169,0.37500001200013,0
120,-1.4007432557338,-1.8904859412848e-05,4.1517858471349,0.12500000400012,0
121,-0.92930679377627,-1.4232514467201e-05,4.1517858471464,0.37500001200012,0
122,-1.4007047554872,-2.2408636339525e-05,4.4196429985631,0.12500000400011,0
123,-0.92931965195153,-1.6868301545268e-05,4.4196429985759,0.37500001200011,0
124,-1.4006591218984,-2.6562276152979e-05,4.6875001499912,0.1250000040001,0
125,-0.92933489248855,-1.9992142279888e-05,4.6875001500054,0.3750000120001,0
126,-1.4006050327952,-3.1486506581051e-05,4.9553573014194,0.12500000400009,0
127,-0.92935295695786,-2.369437496261e-05,4.9553573014349,0.37500001200009,0
128,-1.4005409207357,-3.7324561619332e-05,5.2232144528475,0.12500000400008,0
129,-0.92937436884257,-2.8082046990466e-05,5.2232144528644,0.37500001200008,0
130,-1.4004649274266,-4.4246408493927e-05,5.4910716042756,0.12500000400007,0
131,-0.92939974876066,-3.3282000740327e-05,5.4910716042939,0.37500001200007,0
132,-1.400374849638,-5.2453780834331e-05,5.7589287557038,0.12500000400006,0
133,-0.92942983252725,-3.9444527610859e-05,5.7589287557234,0.37500001200006,0
134,-1.4002680750126,-6.2186176756066e-05,6.0267859071319,0.12500000400005,0
135,-0.92946549259108,-4.6747694402854e-05,6.0267859071529,0.37500001200005,0
136,-1.4001415058642,-7.3728013386657e-05,6.29464305856,0.12500000400004,0
137,-0.92950776348221,-5.5402464942379e-05,6.2946430585824,0.37500001200004,0
138,-1.3999914686906,-8.7417169977224e-05,6.5625002099882,0.12500000400003,0
139,-0.92955787202888,-6.5658762659361e-05,6.5625002100119,0.37500001200003,0
140,-1.3998136066845,-0.00010365520178976,6.8303573614163,0.12500000400002,0
141,-0.92961727325239,-7.7812646151709e-05,6.8303573614414,0.37500001200002,0
142,-1.3996027519964,-0.00012291956809628,7.0982145128445,0.12500000400001,0
143,-0.92968769302181,-9.2214801157197e-05,7.0982145128709,0.37500001200001,0
144,-1.3993527738599,-0.00014577829522709,7.3660716642727,0.125000004,0
145,-0.92977117876743,-0.00010928059102282,7.3660716643004,0.375000012,0
146,-1.3990563979156,-0.00017290758980965,7.6339288157015,0.12500000399999,0
147,-0.92987015980981,-0.00012950195210322,7.6339288157292,0.37500001199999,0
148,-1.3987049911227,-0.00020511303744808,7.9017859671309,0.12500000399998,0
149,-0.9299875191766,-0.00015346147873928,7.9017859671574,0.37500001199998,0
150,-1.3982883054997,-0.00024335517043249,8.1696431185603,0.12500000399997,0
151,-0.93012667915966,-0.00018184910805526,8.1696431185856,0.37500001199997,0
152,-1.3977941725221,-0.00028878037431612,8.4375002699898,0.12500000399996,0
153,-0.9302917033424,-0.00021548190515445,8.4375002700138,0.37500001199996,0
154,-1.3972081382674,-0.00034275833565849,8.7053574214193,0.12500000399995,0
155,-0.93048741839781,-0.00025532756410992,8.7053574214419,0.37500001199995,0
156,-1.3965130272479,-0.00040692752140748,8.9732145728487,0.12500000399994,0
157,-0.93071955968237,-0.00030253238937908,8.9732145728701,0.37500001199994,0
158,-1.3956884201811,-0.00048325053585426,9.2410717242782,0.12500000399993,0
159,-0.93099494554096,-0.00035845474103968,9.2410717242983,0.37500001199993,0
160,-1.3947100275721,-0.00057408163313152,9.5089288757077,0.12500000399992,0
161,-0.93132168635612,-0.00042470523356486,9.5089288757265,0.37500001199992,0
162,-1.3935489367089,-0.00068224917563615,9.7767860271371,0.12500000399991,0
163,-0.93170943576846,-0.0005031954349695,9.7767860271546,0.37500001199991,0
164,-1.3921707042369,-0.00081115639815057,10.044643178567,0.1250000039999,0
165,-0.9321696933061,-0.00059619749364001,10.044643178583,0.3750000119999,0
166,-1.3905342594903,-0.00096490443382386,10.312500329996,0.12500000399989,0
167,-0.9327161701045,-0.00070641818254747,10.312500330011,0.37500001199989,0
168,-1.3885905746292,-0.0011484422329806,10.580357481426,0.12500000399988,0
169,-0.93336523264426,-0.00083709276983424,10.580357481439,0.37500001199988,0
170,-1.3862810458846,-0.0013677486272515,10.848214632855,0.12500000399987,0
171,-0.93413644308427,-0.00099210728227459,10.848214632867,0.37500001199987,0
172,-1.3835355147199,-0.0016300509268697,11.116071784284,0.12500000399986,0
173,-0.93505321810999,-0.0011761609353415,11.116071784295,0.37500001199986,0
174,-1.3802698327942,-0.0019440803599797,11.383928935714,0.12500000399985,0
175,-0.93614363380324,-0.001394983189746,11.383928935724,0.37500001199985,0
176,-1.3763828347056,-0.0023203656650417,11.651786087143,0.12500000399984,0
177,-0.93744142130907,-0.001655638444011,11.651786087152,0.37500001199984,0
178,-1.3717525682924,-0.0027715876321681,11.919643238573,0.12500000399983,0
179,-0.93898722777284,-0.00196701304739,11.91964323858,0.37500001199983,0
180,-1.3662317265538,-0.0033129862799735,12.187500390002,0.12500000399982,0
181,-0.94083021845982,-0.0023405788998768,12.187500390008,0.37500001199982,0
182,-1.359642104621,-0.0039625185158821,12.455357541432,0.12500000399981,0
183,-0.94303004799007,-0.0027911761943811,12.455357541436,0.37500001199981,0
184,-1.3517664409327,-0.0047403629688382,12.723214692861,0.12500000399979,0
185,-0.94565929514657,-0.0033375741885137,12.723214692864,0.37500001199979,0
186,-1.3423348929988,-0.005669583636722,12.991071844291,0.12500000399978,0
187,-0.94880652086007,-0.0040059271388175,12.991071844293,0.37500001199978,0
188,-1.3310139398247,-0.0067816751104429,13.25892899572,0.12500000399977,0
189,-0.952578816139,-0.0048416948195044,13.258928995721,0.37500001199977,0
191,-0.95710276792323,-0.0059083188870921,13.526786147149,0.37500001199976,0
190,-1.3174233985693,-0.0081111921459499,13.526786147149,0.12500000399976,0
193,-0.9625422212455,-0.007209217779685,13.794643298576,0.37500001199975,0
192,-1.3011360781017,-0.0096289654088038,13.794643298576,0.12500000399975,0
195,-0.96917136809505,-0.0086633373973034,14.062500450004,0.37500001199974,0
194,-1.2814227952967,-0.01120035006886,14.062500450004,0.12500000399974,0
197,-0.97734757407739,-0.010709302794113,14.330357601431,0.37500001199973,0
196,-1.2569877441345,-0.013028959815314,14.330357601431,0.12500000399973,0
199,-0.98677148501329,-0.014655254207106,14.598214752859,0.37500001199972,0
198,-1.227940731849,-0.015990880781341,14.598214752859,0.12500000399972,0
201,-0.99561852411985,-0.017060327896714,14.866071904286,0.37500001199971,0
200,-1.1998722082605,-0.016924919117754,14.866071904286,0.12500000399971,0
