id,u,v,x,y,z
0,-0.0085532276607415,0.016556541737424,-10.282906831933,0.062520202861361,0
1,-0.0075465465698774,0.041521876312254,-10.281360408514,0.18755252698988,0
2,-0.0053749347272917,0.064402514389023,-10.278428601485,0.31256060937292,0
3,-0.0026408058978047,0.08503679968048,-10.274111787829,0.43752829324441,0
808,0.00034462410311916,0.10312954626506,-10.26824147234,0.56256899915995,0
809,0.0036523398769551,0.11844025341222,-10.260815383854,0.6876663884244,0
810,0.0071450018773715,0.130794925962,-10.252000503782,0.81267450665203,0
811,0.010670409674652,0.13973970573547,-10.241797970564,0.93757712538758,0
1168,0.01650270589097,0.14742086273814,-10.222383015916,1.1310223346639,0
1169,0.020508835711112,0.14636873167801,-10.191217733667,1.3926820757393,0
4,-0.073433416702736,0.018373241428663,-10.182782441094,0.062518076454915,0
5,-0.069569537469522,0.050947539155923,-10.181060164761,0.18754699846467,0
6,-0.063432822753535,0.081350376614842,-10.178098334674,0.31255423049161,0
7,-0.056000932413535,0.10962927264009,-10.17389728813,0.43752531648186,0
812,-0.048038279882027,0.13530742383525,-10.167966279889,0.56256173798523,0
813,-0.039516669840582,0.15830369979625,-10.160303277857,0.68764887616922,0
1170,0.02394643956402,0.14111272520179,-10.153600092274,1.653492402997,0
814,-0.030551426994766,0.17842745758817,-10.151397672827,0.81265614026762,0
815,-0.021056125222628,0.19536566773171,-10.141250483404,0.93756901008363,0
1196,-0.0039234704666358,0.21644324068003,-10.121936343542,1.1296147877868,0
1171,0.026153656880582,0.13219077244078,-10.109553035741,1.9132942290938,0
1197,0.011159819823098,0.2273085634644,-10.090883155076,1.3884613386396,0
8,-0.12367635923434,0.016465573913169,-10.082658050254,0.062515950048468,0
9,-0.11890142052164,0.046988752417835,-10.080759921009,0.18754146993946,0
10,-0.1110657033987,0.075998035124162,-10.077768067862,0.31254785161029,0
11,-0.10145447201991,0.10340877955989,-10.073682788431,0.4375223397193,0
816,-0.091118136622486,0.12854656678123,-10.067691087438,0.5625544768105,0
817,-0.080054912461095,0.15142870940839,-10.05979117186,0.68763136391404,0
1172,0.02723071544269,0.12097228624587,-10.059103430117,2.1719290807621,0
1198,0.024248812182543,0.23073458048368,-10.053455153364,1.646463339496,0
818,-0.068378187938608,0.17188395733263,-10.050794841872,0.81263777388321,0
819,-0.055832188102435,0.1897708769251,-10.040702996243,0.93756089477968,0
1224,-0.032790639854898,0.21384010842181,-10.021489671169,1.1282072409097,0
1199,0.034580347845774,0.22707427325233,-10.00967510604,1.9034638139782,0
1173,0.027413088978449,0.10891301845661,-10.002282046873,2.4292391968799,0
1225,-0.010947916088041,0.23088494869082,-9.9905485764853,1.3842406015399,0
12,-0.16943831580443,0.014649116586741,-9.9825336594139,0.062513823642021,0
13,-0.16394453531584,0.041936527211869,-9.9804596772565,0.18753594141425,0
14,-0.15471784118794,0.068126302037184,-9.9774378010507,0.31254147272898,0
15,-0.14326680056919,0.093105708707505,-9.9734682887316,0.43751936295675,0
820,-0.1309446451307,0.1159746519324,-9.9674158949871,0.56254721563578,0
1200,0.042123118436181,0.21791681635248,-9.9595696459196,2.1593063938257,0
821,-0.11779122238483,0.13685285981998,-9.9592790658634,0.68761385165886,0
1226,0.0085032581589852,0.24157679872205,-9.9533102144547,1.639434275995,0
822,-0.10393732404735,0.15556000588596,-9.9501920109175,0.8126194074988,0
823,-0.089061940772219,0.17205460530473,-9.9401555090828,0.93755277947572,0
1174,0.027022592334678,0.097224324184079,-9.9391235439187,2.6850676255643,0
1252,-0.061928962167596,0.19449247845041,-9.9210429987956,1.1267996940326,0
1227,0.024956673137146,0.24549891871998,-9.9097971763393,1.8936333988626,0
1201,0.047171731427869,0.20518748175919,-9.9031692545521,2.4138354155342,0
1253,-0.035839473501101,0.21210949770793,-9.8902139978947,1.3800198644402,0
16,-0.21214362070999,0.012956313841457,-9.8824092685739,0.062511697235574,0
17,-0.20605042468647,0.036984103499458,-9.8801594335038,0.18753041288904,0
18,-0.19563367834509,0.060149089625044,-9.8771075342389,0.31253509384766,0
19,-0.18254841415427,0.082347913986419,-9.8732537890319,0.43751638619419,0
1175,0.026242893378326,0.086170186886946,-9.8696664448435,2.939258317959,0
824,-0.16838535735919,0.10250584714983,-9.8671407025358,0.56253995446105,0
1228,0.038331270004955,0.24344236591825,-9.8600358617228,2.1466837068893,0
825,-0.15326347149938,0.12089367660035,-9.8587669598663,0.68759633940368,0
1254,-0.012645853498862,0.22473236130023,-9.8531652755451,1.632405212494,0
826,-0.13734456372336,0.1373051239951,-9.8495891799627,0.8126010411144,0
1202,0.050145154666323,0.19028425063734,-9.8405082434604,2.6668960159407,0
827,-0.12032035385037,0.15178493742,-9.8396080219224,0.93754466417177,0
1280,-0.089941334586759,0.17129001525063,-9.8205963264224,1.1253921471555,0
1255,0.0074541923144318,0.23172406554195,-9.8099192466386,1.8838029837469,0
1229,0.048691270693609,0.23645010055557,-9.8040564622312,2.3984316341885,0
1176,0.025191669726929,0.076007179192045,-9.7939531151825,3.1916562244188,0
1281,-0.06042306694739,0.18748954544914,-9.7898794193041,1.3757991273405,0
20,-0.24921487686139,0.011397356340245,-9.7822848777333,0.062509570829127,0
21,-0.24262565004554,0.032494105527149,-9.7798591897507,0.18752488436383,0
22,-0.23120974801526,0.052852049038632,-9.7767772674269,0.31252871496635,0
23,-0.216720862363,0.07238631521387,-9.7730392893323,0.43751340943164,0
1203,0.051598948876194,0.17464421554078,-9.771624733662,2.9183342244718,0
828,-0.20092324221575,0.089932038977611,-9.7668655100845,0.56253269328633,0
1256,0.024589506092033,0.23386462861883,-9.760502077526,2.1340610199529,0
829,-0.18404273226826,0.10589603553246,-9.7582548538692,0.6875788271485,0
1282,-0.03437029425259,0.19958759628216,-9.7530203366356,1.6253761489929,0
830,-0.16627470572794,0.12004819584925,-9.7489863490077,0.81258267472999,0
1230,0.056179970922308,0.22558228097859,-9.7418929430024,2.6487244063171,0
831,-0.14737257021143,0.13251160712186,-9.7390605347617,0.93753654886781,0
1308,-0.11470299621495,0.149025807581,-9.720149654049,1.1239846002785,0
1177,0.023975389247017,0.066867889266916,-9.7120297369262,3.4421073881037,0
1283,-0.01177733258464,0.20679056459903,-9.7100413169379,1.8739725686313,0
1257,0.038868282097148,0.23204977108531,-9.7049436699103,2.3830278528427,0
1204,0.051952226108547,0.15916063295121,-9.6965606321895,3.1679970579891,0
1309,-0.082669129582322,0.16330311593343,-9.6895448407133,1.3715783902408,0
24,-0.28132058910458,0.010010690996642,-9.6821604868928,0.06250744442268,0
25,-0.27429225628938,0.028576309904749,-9.6795589459974,0.18751935583863,0
26,-0.26198505002583,0.046466332294936,-9.6764470006145,0.31252233608503,0
1231,0.061077984264375,0.21198284089302,-9.6735830224807,2.8974101309847,0
27,-0.24624324061757,0.063615468035634,-9.6728247896321,0.43751043266908,0
832,-0.22896581854781,0.078852731010909,-9.6665903176326,0.5625254321116,0
1284,0.0075788453143165,0.20987189119274,-9.6609682933293,2.1214383330165,0
833,-0.21049278323281,0.092670679073755,-9.6577427478715,0.68756131489333,0
1310,-0.054476261058871,0.1739806399031,-9.6528753977258,1.6183470854919,0
834,-0.19104528586345,0.10484155838234,-9.6483835180523,0.81256430834558,0
1258,0.050373188799339,0.22698755282627,-9.6432776425444,2.6305527966934,0
835,-0.17045805307472,0.11554428563352,-9.6385130476007,0.93752843356386,0
1178,0.022682137288277,0.058779555138601,-9.6239462801152,3.6904590395988,0
1336,-0.13605522333496,0.12948455354211,-9.6197029816752,1.1225770534014,0
1205,0.051483472743981,0.14427351705509,-9.6153616069617,3.4157326128126,0
1311,-0.030039219886503,0.18028780465516,-9.6101633872369,1.8641421535156,0
1285,0.023907969767775,0.20974641857879,-9.6058308775893,2.3676240714969,0
1232,0.063829349251837,0.1969155049151,-9.5991681491968,3.1443378915595,0
1337,-0.10204385009492,0.14188774537051,-9.5892102621221,1.3673576531411,0
28,-0.3095465077398,0.0088273046185879,-9.5820360960528,0.062505318016233,0
29,-0.30209566533128,0.025208424908614,-9.5792587022447,0.18751382731342,0
30,-0.28894373255622,0.040948097714225,-9.5761167338027,0.31251595720371,0
1259,0.05923781923647,0.21926485702787,-9.5755413112993,2.8764860374975,0
31,-0.27203599594987,0.056009429084261,-9.5726102899324,0.43750745590653,0
836,-0.25339121983836,0.06924624943884,-9.5663151251811,0.56251817093688,0
1312,-0.0091233089937269,0.18302419083653,-9.5614345091322,2.1088156460801,0
837,-0.23345850989988,0.0812112044186,-9.5572306418741,0.68754380263815,0
1338,-0.072114494778875,0.15092829294354,-9.5527304588158,1.6113180219909,0
838,-0.21247437963586,0.091690155299331,-9.5477806870971,0.81254594196117,0
1286,0.037456243843514,0.20716288881723,-9.5446623420863,2.6123811870698,0
839,-0.19037534934528,0.10090187573532,-9.5379655604398,0.9375203182599,0
1179,0.021378602509599,0.051701122886404,-9.5297564721242,3.9365596908991,0
1206,0.050417104379728,0.13029338578567,-9.5280770588013,3.661390157734,0
1364,-0.15458947954421,0.11271172006239,-9.5192563093014,1.1211695065243,0
1233,0.065013098058715,0.18156331138695,-9.5186934769975,3.3893578375215,0
1339,-0.046208460063265,0.15596127827421,-9.5102854575357,1.8543117384,0
1313,0.0085091662169382,0.1831163836159,-9.5067180852682,2.3522202901511,0
1260,0.06565565779879,0.20933337857967,-9.501775666204,3.1206787251297,0
1365,-0.11890087030324,0.12339789344057,-9.488875683531,1.3631369160414,0
32,-0.33468086371735,0.0078217710436758,-9.4819117052131,0.062503191609787,0
33,-0.32679739061161,0.022315410958734,-9.4789584584922,0.18750829878821,0
1287,0.048520316384215,0.20272104684641,-9.4774996001179,2.8555619440102,0
34,-0.31281918612281,0.036183374141258,-9.475786466991,0.3125095783224,0
35,-0.29480440442036,0.049419970666862,-9.4723957902328,0.43750447914398,0
840,-0.27487668366608,0.060917202210756,-9.4660399327297,0.56251090976215,0
1340,-0.024143665931293,0.15782398359184,-9.461900724935,2.0961929591437,0
841,-0.25358729353595,0.071284712409921,-9.4567185358768,0.68752629038297,0
1366,-0.087424135573417,0.13084037799493,-9.4525855199058,1.6042889584899,0
842,-0.23119016194801,0.080318869539963,-9.4471778561419,0.81252757557677,0
1314,0.023177551400867,0.18132021176108,-9.446047041628,2.5942095774461,0
843,-0.20773397850989,0.088263932951871,-9.4374180732788,0.93751220295595,0
1207,0.048942964687166,0.11739922918342,-9.4347600911129,3.9048202266275,0
1234,0.065087276594327,0.16657559993083,-9.4322078374877,3.6323212758693,0
1180,0.02011336454749,0.045552272972171,-9.4295177653275,4.1802592264232,0
1261,0.069853777526127,0.19761962948946,-9.4220253470332,3.3629830622304,0
1392,-0.17083552038325,0.098283409200924,-9.4188096369277,1.1197619596472,0
1367,-0.060212221224357,0.13455516714303,-9.4104075278345,1.8444813232845,0
1341,-0.0056706048406467,0.15746628588185,-9.4076052929468,2.3368165088054,0
1288,0.057404580246122,0.19686986198889,-9.4043831832112,3.0970195587,0
1393,-0.1336602387426,0.10739716568873,-9.3885411049399,1.3589161789417,0
36,-0.35740017042264,0.0069667862687932,-9.3817873143741,0.06250106520334,0
1315,0.035265673993845,0.17820806326456,-9.3794578889364,2.8346378505231,0
37,-0.34905286037459,0.019828086243744,-9.3786582147403,0.187502770263,0
38,-0.33423932435309,0.032068469174685,-9.3754562001797,0.31250319944108,0
39,-0.31514983450377,0.043709775662225,-9.3721812905334,0.43750150238142,0
844,-0.2939931475583,0.053700665785533,-9.3657647402783,0.56250364858743,0
1368,-0.037181969429354,0.1354140658416,-9.3623669407378,2.0835702722074,0
845,-0.27142050483904,0.062695028339638,-9.3562064298795,0.68750877812779,0
1394,-0.10074102230793,0.11333801708326,-9.3524405809958,1.597259894989,0
1342,0.0096086468642176,0.15567595549659,-9.3474317411695,2.5760379678225,0
846,-0.24770671491009,0.070491885957234,-9.3465750251867,0.81250920919236,0
1235,0.064377647309072,0.15231413104601,-9.3397637101019,3.8730807623559,0
847,-0.22301678798595,0.077351663093581,-9.3368705861179,0.937504087652,0
1262,0.072199601616567,0.18484243213033,-9.336338616174,3.6032523940046,0
1208,0.047218519626248,0.10566288737679,-9.3354674779619,4.1458747081202,0
1289,0.064364857312548,0.18991897114087,-9.3253572170688,3.3366082869392,0
1181,0.018915591250402,0.0402302162287,-9.3232913015124,4.4214089959881,0
1420,-0.18519324753516,0.085849256883105,-9.3183629645539,1.1183544127701,0
1395,-0.072306833656141,0.11579509942966,-9.3105295981334,1.8346509081689,0
1369,-0.018090011358528,0.13438433967654,-9.3084925006255,2.3214127274598,0
1316,0.045165359490809,0.17418044299022,-9.3069907002182,3.0733603922702,0
1421,-0.146648363715,0.09352921170857,-9.2882065263488,1.3546954418421,0
1343,0.0221810087612,0.15303585733587,-9.2814161777546,2.8137137570359,0
40,-0.37871310526726,0.0062372490249745,-9.2726622182279,0.062500002000116,0
41,-0.36985295234382,0.017666168962209,-9.2694854049637,0.1875000060004,0
42,-0.35417503346103,0.028470933933088,-9.2663085916995,0.31250001000043,0
43,-0.33402467121529,0.038691099838911,-9.2631317784353,0.43750001400014,0
1396,-0.048401522595949,0.11566952268607,-9.2628331565407,2.0709475852711,0
848,-0.31164330349064,0.047377365856764,-9.2567654680122,0.56250001800007,0
1422,-0.11234349041839,0.098084894780659,-9.2522956420857,1.590230831488,0
1370,-0.0024663051269002,0.13228349751989,-9.2488164407112,2.5578663581991,0
849,-0.28780468397962,0.055166928181695,-9.2472096604301,0.6875000220002,0
1263,0.073121485756494,0.17172702240922,-9.2447673290907,3.8413412980842,0
1236,0.063124761360291,0.13897143380112,-9.2414171905966,4.1114901898173,0
1290,0.069563252267207,0.18199115049264,-9.2404693948603,3.5741835121397,0
850,-0.26282031999608,0.061876824726733,-9.237653852848,0.81250002600016,0
1209,0.045364602014577,0.095078412463146,-9.2302596291229,4.3844069367996,0
1317,0.053232904474579,0.16950068688837,-9.2286890871043,3.3102335116481,0
851,-0.23698127303481,0.067773713976115,-9.228098045266,0.93750003000002,0
1182,0.017796685092885,0.03562563632488,-9.2111418746816,4.6598619050815,0
1423,-0.082732801363055,0.099382176945521,-9.2106516684322,1.8248204930533,0
1448,-0.19831720446448,0.074999460782614,-9.2097851530733,1.1169850721481,0
1344,0.032532672643364,0.14992425517954,-9.2095982172251,3.0497012258406,0
1397,-0.028801981150113,0.11393365399174,-9.2093797083042,2.3060089461142,0
1371,0.010280921470327,0.12971117302741,-9.183374466573,2.7927896635489,0
1449,-0.15841402428741,0.081349964990353,-9.1798882302523,1.3505929565007,0
1424,-0.057998087731129,0.098349972324526,-9.1632993723434,2.0583248983347,0
44,-0.39968534494493,0.0055312387227632,-9.1545364167744,0.062500002000117,0
45,-0.39020181132254,0.015573599274704,-9.1514400291623,0.1875000060004,0
1398,-0.012975838039237,0.11142124418327,-9.1502011402529,2.5396947485756,0
1291,0.073094670097857,0.17310228321367,-9.1497709480795,3.8096018338125,0
46,-0.3735546791169,0.024993781645747,-9.1483436415502,0.31250001000043,0
1264,0.073000633481677,0.1587981631396,-9.1473669032311,4.0771056715142,0
47,-0.35228543900526,0.033843534722176,-9.1452472539381,0.43750001400014,0
1318,0.059784833717353,0.16435585972809,-9.1446001735464,3.545114630275,0
1450,-0.12270235875846,0.084605880646483,-9.1443470802363,1.5834076734318,0
852,-0.32861449142137,0.041314629356425,-9.1390421159308,0.56250001800007,0
1237,0.061512667028139,0.12663904113637,-9.1372279567336,4.3474048776112,0
1345,0.041087326489875,0.14655549910998,-9.1320209571397,3.283858736357,0
853,-0.30343653331564,0.047975392219313,-9.1297282275281,0.68750002200021,0
854,-0.27714946709085,0.053669919769849,-9.1204143391255,0.81250002600017,0
1210,0.043464607860498,0.085591674152293,-9.119200553375,4.6202717821833,0
1372,0.020738410990982,0.12703541719628,-9.1122057342321,3.0260420594111,0
855,-0.25017350322727,0.058661297307275,-9.1111004507229,0.93750003000002,0
1425,-0.03794564590014,0.095958543073313,-9.1102669159829,2.2906051647685,0
1451,-0.09190484149138,0.084811523523409,-9.1031827056516,1.8152919276843,0
1183,0.016758302814745,0.031637255680574,-9.0931378919351,4.8954725036645,0
1476,-0.21071221784996,0.064645483850324,-9.0930762024859,1.1156539377813,0
1399,-0.00022946520124917,0.10874502329504,-9.0853327553914,2.7718655700619,0
1477,-0.1692913076852,0.069738335007959,-9.0635862166502,1.3466087229177,0
1452,-0.066342736646458,0.082910048829198,-9.0564194487077,2.0461089745046,0
1319,0.065089883839991,0.15891665173385,-9.0547745670682,3.7778623695408,0
1292,0.075237236636669,0.16360530401654,-9.0533166158657,4.0427211532112,0
1426,-0.021991253356427,0.093039957001568,-9.0515858397944,2.521523138952,0
1346,0.048188561954502,0.14303388330196,-9.0487309522323,3.5160457484103,0
1265,0.072159927288725,0.14641002804238,-9.0441962843441,4.3104028184226,0
48,-0.41811648258996,0.0049088571961624,-9.0364106153209,0.062500002000117,0
1373,0.029408127056451,0.12443592201442,-9.0353528271752,3.2574839610661,0
49,-0.40799060139493,0.013738023295238,-9.0333946533609,0.1875000060004,0
50,-0.3903989995985,0.021957824463262,-9.0303786914009,0.31250001000043,0
1478,-0.13201544724246,0.071804992618399,-9.0285948954473,1.5767904208205,0
51,-0.36807912698206,0.029625335687269,-9.0273627294409,0.43750001400014,0
1238,0.059678849758386,0.11534413284109,-9.0272592320685,4.5806816592852,0
856,-0.34323114066448,0.036054878816123,-9.0213187638493,0.56250001800007,0
1400,0.010128221886287,0.1062676760772,-9.0148132512391,3.0023828929816,0
857,-0.31684140789688,0.041753793874036,-9.0122467946261,0.68750002200022,0
1453,-0.045855502970078,0.079868176764517,-9.0040849763916,2.2757227030597,0
858,-0.28939212041691,0.046586398268468,-9.0031748254029,0.81250002600017,0
1211,0.041573717166156,0.077124016072989,-9.0023578198772,4.8533257363066,0
859,-0.26141051527756,0.050804022558522,-8.9941028561797,0.93750003000003,0
1479,-0.099918269869602,0.071079433016832,-8.9881227097914,1.8060652120619,0
1427,-0.0093449466186844,0.090208229979508,-8.9872910442096,2.7509414765748,0
1504,-0.22126783130548,0.055734203873421,-8.9763672518982,1.1143228034144,0
1184,0.01579908230562,0.028176656944554,-8.9693513322497,5.1280970741325,0
1347,0.054130718149593,0.13940599876001,-8.9597781860567,3.7461229052692,0
1320,0.069140267897596,0.15294058097106,-8.9592663285001,4.0083366349081,0
1374,0.036683316466469,0.12196481514451,-8.9528617309185,3.4869768665457,0
1293,0.076259156768632,0.15379686717896,-8.9511646119547,4.273400759234,0
1505,-0.17844879724772,0.059708534244282,-8.9472842030479,1.3426244893346,0
1454,-0.029815078750201,0.07651650354208,-8.9462102638641,2.5039977181702,0
1480,-0.073458510380859,0.068511145498845,-8.9421933856335,2.0342998137808,0
1401,0.018684958636779,0.10414256485313,-8.9386846972108,3.2311091857752,0
1266,0.070848783026437,0.13476927056809,-8.935317910762,4.541091536387,0
52,-0.43437844251945,0.0043617843368322,-8.9182848138671,0.062500002000117,0
1428,0.00079013776657249,0.08781909189978,-8.917420768246,2.9787237265519,0
53,-0.42360439172134,0.012134774298097,-8.9153492775593,0.1875000060004,0
1506,-0.13973734158714,0.060764995048441,-8.9128427106581,1.5701731682092,0
54,-0.40510049928704,0.019320447666516,-8.9124137412514,0.31250001000043,0
1239,0.057723956253978,0.10506809687652,-8.9115777478196,4.8111789689488,0
55,-0.38179623511053,0.025975799884238,-8.9094782049436,0.43750001400014,0
860,-0.35587038730224,0.03152188035598,-8.9035954117678,0.56250001800007,0
861,-0.32837935366216,0.036404751656533,-8.8947653617239,0.68750002200022,0
1481,-0.052504482116116,0.065044865713318,-8.8908338895305,2.261361560988,0
862,-0.29988336193199,0.040506532531496,-8.8859353116801,0.81250002600018,0
1455,-0.017338060473595,0.073474341196447,-8.8828295765308,2.7307994184815,0
1212,0.039729872768476,0.069584385144852,-8.8798025175468,5.0834270002628,0
863,-0.27099547529146,0.044059428848544,-8.8771052616362,0.93750003000003,0
1507,-0.10645428400498,0.059313354777138,-8.873062713931,1.7968384964394,0
1348,0.059168620859618,0.13577322488307,-8.8652160411344,3.9739521166052,0
1375,0.042871424237714,0.11960542507162,-8.8647818050455,3.7143834409979,0
1532,-0.23026186462249,0.048083977489329,-8.8596583013103,1.1129916690476,0
1321,0.072115504202977,0.14659271697582,-8.8581329395651,4.2363987000455,0
1402,0.025892958890338,0.10238055136997,-8.8569925096047,3.4579079846812,0
1294,0.076410477779481,0.14395502681197,-8.8433765894554,4.5015014134887,0
1429,0.0090922455784831,0.086004100699859,-8.8420165672462,3.2047344104842,0
1185,0.01491523160306,0.02516530218468,-8.8398577020526,5.3575937201724,0
1482,-0.036382760413078,0.061474387302093,-8.834074412462,2.4871184862302,0
1533,-0.18614260198431,0.051073450788768,-8.8309821894454,1.3386402557516,0
1508,-0.079174229125666,0.056286262798257,-8.8279673225591,2.0224906530569,0
1267,0.06924122502767,0.12396073763392,-8.8207976757618,4.7690322015908,0
1456,-0.0075151730335726,0.07109815232404,-8.8139804490361,2.955994078885,0
56,-0.4487681367759,0.0038769152744641,-8.8001590124134,0.062500002000117,0
57,-0.43735282212382,0.010729714578051,-8.7973039017577,0.1875000060004,0
1534,-0.14612058764877,0.051297262503861,-8.7970905258688,1.5635559155979,0
58,-0.41797873349604,0.017025323445241,-8.7944487911021,0.31250001000043,0
59,-0.39375709024533,0.022815817716595,-8.7915936804464,0.43750001400015,0
1240,0.055722428802122,0.095758358619729,-8.7902537028441,5.0387569263932,0
864,-0.36684177945045,0.027613786572407,-8.7858720596863,0.56250001800007,0
1509,-0.057788277143523,0.052579127891442,-8.7775828026692,2.2470004189163,0
865,-0.33834408496329,0.031803466055851,-8.7772839288218,0.68750002200023,0
1483,-0.024112861469474,0.058383545229502,-8.7719483523549,2.7114393957821,0
1376,0.048223385993723,0.11732219600672,-8.7711657537689,3.9395675983025,0
1403,0.032087758029775,0.10091434685141,-8.7697854240343,3.6826439767265,0
866,-0.30889603449311,0.0352828719081,-8.7686957979572,0.81250002600019,0
1349,0.063282656693415,0.13186306515773,-8.7651012671754,4.1993966408571,0
1430,0.01607823535839,0.084741248799223,-8.7611232882907,3.4288391028166,0
867,-0.2791769271637,0.03826101904736,-8.7601076670927,0.93750003000003,0
1535,-0.11176979150437,0.049322204738422,-8.7580027180704,1.787611780817,0
1213,0.037957430097037,0.062873599242727,-8.7516092113365,5.3104355715681,0
1322,0.074171511095318,0.13996624687794,-8.7514352681487,4.4619112905905,0
1560,-0.23790844708055,0.041500919580409,-8.7429493507224,1.1116605346807,0
1457,0.00043275337546208,0.069502701146211,-8.7397036634579,3.1794489282092,0
1295,0.075916653268889,0.13431422180643,-8.730017603704,4.7268854342327,0
1510,-0.04159054852246,0.048939435066948,-8.7219385610596,2.4702392542902,0
1561,-0.19258409066088,0.043628497923936,-8.7146801758429,1.3346560221686,0
1536,-0.083750699821573,0.046049304037536,-8.7137412594845,2.0106814923331,0
1186,0.01409911405302,0.022531912109891,-8.7047359881586,5.5838224550474,0
1484,-0.01466417647391,0.056115322179348,-8.7044922936094,2.9341939499807,0
1268,0.067457079009813,0.11399212368205,-8.7007048881412,4.9940868525234,0
60,-0.46151931275841,0.0034473902522236,-8.6820332109595,0.062500002000117,0
1562,-0.15138573504729,0.043180272428438,-8.6813383410794,1.5569386629866,0
61,-0.44948171672127,0.0095017214530214,-8.6792585259561,0.1875000060004,0
1404,0.037523757760733,0.099653831944769,-8.6771154664034,3.9051830799998,0
62,-0.42928777304366,0.015033539744113,-8.6764838409526,0.31250001000043,0
1431,0.022118905652095,0.083924836336489,-8.6747890430229,3.650904512455,0
63,-0.4042144944692,0.020086082351227,-8.6737091559492,0.43750001400015,0
1377,0.052917753744551,0.11509529624532,-8.672069594786,4.1623945816689,0
868,-0.37638831446924,0.024249550666951,-8.6681487076049,0.56250001800007,0
1537,-0.061964684154136,0.042288634592907,-8.6643317158077,2.2326392768445,0
1241,0.053727303194244,0.087338181697863,-8.6633607206206,5.2632774229638,0
1511,-0.02952947139456,0.045891619278391,-8.6610671281787,2.6920793730826,0
1458,0.0070959600539596,0.068635534236679,-8.6600432252369,3.4010322275831,0
869,-0.34696465539543,0.027848005551508,-8.6598024959197,0.68750002200023,0
1350,0.066581129428344,0.12768590382864,-8.6594939468419,4.4223211676924,0
870,-0.31664128804483,0.030793648527246,-8.6514562842346,0.8125000260002,0
871,-0.28614770265386,0.033270959913346,-8.6431100725495,0.93750003000004,0
1563,-0.11609741281381,0.040854390262058,-8.6429427222098,1.7783850651946,0
1323,0.075452996213883,0.13314596644359,-8.6392375316462,4.6847386668748,0
1485,-0.0071456973366907,0.054771071086625,-8.6317459858459,3.1552527389502,0
1588,-0.24438256301087,0.035828691417644,-8.6262404001347,1.1103294003138,0
1214,0.036266544092274,0.056888780219396,-8.6178558959434,5.5342133309289,0
1296,0.074965577257586,0.12503454514592,-8.6111560734383,4.9494167786536,0
1538,-0.045677150514388,0.03871652838943,-8.6098027096572,2.4533600223502,0
1564,-0.087429486740998,0.037518245795654,-8.5995151964098,1.9988723316093,0
1589,-0.1979546186145,0.037208821482977,-8.5983781622406,1.3306717885856,0
1512,-0.020469062298549,0.043748757503995,-8.5950041381826,2.9123938210765,0
1432,0.027478873092275,0.083423210904979,-8.5830651790378,3.870798561697,0
1405,0.042377863364434,0.098505605434729,-8.5790379223966,4.1253925224807,0
1269,0.065580675786359,0.10482812765182,-8.5751122299045,5.2161192743594,0
1459,0.012886881747582,0.06835507991786,-8.5750463365356,3.620613350354,0
1378,0.056980961952313,0.11275760274228,-8.5675526255354,4.3827310447945,0
1590,-0.1557246060869,0.036228061243168,-8.5655861562902,1.5503214103753,0
1187,0.013339981922725,0.020213534177244,-8.5640686101653,5.8066452857168,0
64,-0.47283748621862,0.0030686909741077,-8.563907409506,0.062500002000117,0
65,-0.46020613812234,0.0084346124312653,-8.5612131501546,0.1875000060004,0
66,-0.43924663966665,0.013313525785443,-8.5585188908033,0.31250001000043,0
67,-0.41338282950254,0.017737225871569,-8.5558246314519,0.43750001400015,0
1486,-0.00088479893905197,0.054277187325317,-8.5537523204431,3.3744873589808,0
1565,-0.065275817374869,0.033887471588702,-8.5510806289462,2.2182781347728,0
872,-0.38471359627989,0.021361102409038,-8.5504253555234,0.56250001800008,0
1539,-0.033793788177461,0.035803414565109,-8.5501859040025,2.6727193503832,0
1351,0.069189375135925,0.12328805970586,-8.5484574595882,4.6425918995169,0
873,-0.3544314868061,0.024453156260261,-8.5423210630177,0.68750002200024,0
874,-0.32329408450031,0.026938398776948,-8.5342167705119,0.8125000260002,0
1242,0.051770688646581,0.079717089633961,-8.5309758037284,5.4846042068104,0
1591,-0.1196434734719,0.033684840298464,-8.5278827263494,1.7691583495722,0
875,-0.29206914518283,0.028977491458597,-8.5261124780062,0.93750003000004,0
1513,-0.013412957987033,0.042603869563089,-8.5237883082337,3.1310565496913,0
1324,0.07609664685861,0.12621705337414,-8.5216072587354,4.9047467047839,0
1616,-0.24983571463651,0.030943785577173,-8.5095314495471,1.108998265947,0
1566,-0.048876335616322,0.03052078904585,-8.4976668582546,2.4364807904102,0
1297,0.073708948657186,0.11621322975968,-8.4868637391884,5.1689611257549,0
1433,0.032338514559776,0.083110989043635,-8.4860062500071,4.0883904632923,0
1540,-0.025096597633914,0.033816227343171,-8.4855159827556,2.8905936921722,0
1592,-0.090434157115295,0.030411941449647,-8.4852891333354,1.9870631708854,0
1460,0.018084684976496,0.068493420890801,-8.4847633681891,3.8380628593689,0
1617,-0.20241123373022,0.031684838049767,-8.4820761486384,1.3266875550025,0
1215,0.034654629508403,0.051530418051533,-8.4786239488862,5.7546241251224,0
1406,0.046756896275178,0.097380468736579,-8.475611304229,4.3431409218967,0
1487,0.0045782685251965,0.054467853283038,-8.4705573045723,3.5917704904237,0
1379,0.060425748667871,0.11017876408488,-8.4576773875306,4.6004451321593,0
1618,-0.15929652352759,0.030291281485308,-8.449833971501,1.5437041577639,0
1514,-0.0076057923589106,0.042374461527077,-8.4474614156493,3.3479424903786,0
68,-0.48291125207257,0.0027374098862714,-8.4457816080525,0.062500002000117,0
1270,0.063669188069477,0.096410789424613,-8.4440957115133,5.4349950826918,0
69,-0.46972066932954,0.0075142101764597,-8.4431677743533,0.1875000060004,0
70,-0.44804912424122,0.01183727382405,-8.440553940654,0.31250001000043,0
1567,-0.0371169626567,0.02783167183951,-8.4393046798261,2.6533593276838,0
71,-0.42144850496198,0.01572572725572,-8.4379401069547,0.43750001400015,0
1593,-0.067959552789319,0.027042813992342,-8.4378295420849,2.2039169927011,0
876,-0.39199288529185,0.018889540558491,-8.4327020034419,0.56250001800008,0
1352,0.07122015571355,0.11871256795193,-8.4320584440324,4.8600766309143,0
877,-0.36090773783862,0.021546558098521,-8.4248396301156,0.68750002200025,0
1188,0.012626433919639,0.018156752190431,-8.4179413712818,6.0259262952919,0
878,-0.32900488350437,0.023633523634104,-8.4169772567893,0.81250002600021,0
1541,-0.018495135604585,0.032839149667034,-8.4158306306214,3.1068603604324,0
1619,-0.12257170191704,0.027630815273337,-8.412822730489,1.7599316339498,0
879,-0.29708206794599,0.025289366332826,-8.4091148834629,0.93750003000004,0
1325,0.076220743101453,0.11925509199388,-8.3986152484723,5.1218029771505,0
1243,0.049865367906871,0.072801082603356,-8.3931792876072,5.7026029645281,0
1644,-0.25440365534121,0.026746824043693,-8.3928224989593,1.1076671315801,0
1461,0.022870722024092,0.0688941476685,-8.389247830517,4.0532525821986,0
1594,-0.051430238974566,0.024008541518476,-8.3855310068523,2.4196015584702,0
1434,0.036803625646826,0.082874705753885,-8.3836699829223,4.3035507989987,0
1488,0.0095405797417037,0.055151704405474,-8.3822100338574,3.8069759730158,0
1568,-0.028728538418355,0.026046356384156,-8.3760278273285,2.868793563268,0
1620,-0.092941260281901,0.024498414755012,-8.371063070261,1.9752540101615,0
1407,0.050724252018524,0.096214065840586,-8.366897315473,4.5582983648018,0
1515,-0.0025377309956617,0.042884302237523,-8.3660682726089,3.5629276304934,0
1645,-0.20609177071831,0.02695046721879,-8.365774135036,1.3227033214195,0
1298,0.072264677299555,0.10789780383916,-8.3572156192981,5.3853859585731,0
1380,0.063349635488282,0.10739020770691,-8.3425096293297,4.8154065570449,0
1542,-0.013154280901942,0.032791417732794,-8.3411705108553,3.3213976217764,0
1646,-0.16223419829843,0.025245030893846,-8.3340817867118,1.5370869051526,0
1216,0.033111388516239,0.04670706666285,-8.3339980819521,5.9715338483324,0
1595,-0.039733827941212,0.021624321339351,-8.32842345565,2.6339993049844,0
72,-0.49191352186459,0.0024504893718383,-8.3276558065987,0.062500002000117,0
73,-0.47820043425233,0.0067269976551012,-8.3251223985517,0.1875000060004,0
1621,-0.070211606570213,0.021452322834509,-8.3245784552236,2.1895558506294,0
74,-0.45586578293852,0.010578734522957,-8.3225889905046,0.31250001000043,0
75,-0.42857338789711,0.014012170303929,-8.3200555824575,0.43750001400015,0
880,-0.39837751988424,0.016783096552764,-8.3149786513605,0.56250001800008,0
1353,0.072762579585674,0.11398852310695,-8.3103667577561,5.0746448285463,0
1569,-0.022541628680258,0.025230243087479,-8.3078729530091,3.0826641711734,0
1271,0.061755369535593,0.088670479902663,-8.307734626328,5.6505818039337,0
881,-0.36653428345941,0.019065988519679,-8.3073581972136,0.68750002200025,0
882,-0.3339047082503,0.020808418878224,-8.2997377430667,0.81250002600022,0
1647,-0.12500933223378,0.022541449849842,-8.2977627346285,1.7507049183273,0
883,-0.30131104637922,0.022130404554896,-8.2921172889198,0.93750003000005,0
1489,0.014184723067287,0.056152372376325,-8.2887626639264,4.0199788791995,0
1462,0.027350426949483,0.069423680294335,-8.2885563412192,4.2660556880684,0
1516,0.0021097630889926,0.043932504010753,-8.2796566995256,3.7758890866627,0
1435,0.04093905606859,0.082620046007053,-8.2761172434152,4.516151597444,0
1672,-0.25820907556212,0.0231546518108,-8.2761135483718,1.1063359972132,0
1622,-0.053552212492743,0.018820706110968,-8.2733951554499,2.4027223265302,0
1326,0.075930988244897,0.11233313851127,-8.2703355270829,5.3357768344546,0
1596,-0.031579211642668,0.020090568211968,-8.2665396719017,2.8469934343638,0
1189,0.011947295551607,0.016316390653549,-8.2664434050574,6.2415317275086,0
1543,-0.0085128672707814,0.033498330958804,-8.2615792406454,3.5340847705632,0
1648,-0.095077499216098,0.01959330937165,-8.2568370071865,1.9634448494377,0
1408,0.054261518943244,0.094850359972134,-8.252960814627,4.7707364831756,0
1244,0.048010743958015,0.066498241241237,-8.2500547926226,5.9171414013729,0
1673,-0.20911776166723,0.022913489574148,-8.2494721214339,1.3187190878365,0
1570,-0.017647205455567,0.025311134967018,-8.2348796060613,3.2948527531741,0
1299,0.070709699608557,0.10008875732318,-8.2222899650488,5.5985606433392,0
1381,0.065835671050822,0.10439581292811,-8.2221182670403,5.0274866799423,0
1674,-0.16465048646391,0.020978586785621,-8.2183296019228,1.5304696525413,0
1623,-0.041867559882084,0.016806711357385,-8.2175422314738,2.6146392822849,0
1649,-0.072169624488656,0.016882844115216,-8.2113273683622,2.1751947085576,0
76,-0.5000015424944,0.0022047233247815,-8.2095300051453,0.062500002000118,0
77,-0.48580157353494,0.006059575583743,-8.2070770227503,0.1875000060004,0
78,-0.46284586993035,0.0095132752880086,-8.2046240403553,0.31250001000043,0
79,-0.43489793235648,0.012560580641897,-8.2021710579603,0.43750001400015,0
1597,-0.025741566066552,0.019449477569214,-8.1999152753969,3.0584679819145,0
884,-0.40399861179894,0.014995944165717,-8.197255299279,0.56250001800008,0
1490,0.018612792539798,0.057321872971988,-8.1902703791197,4.2306555891058,0
885,-0.37143352585577,0.016957361594407,-8.1898767643115,0.68750002200026,0
1517,0.0065232119551999,0.045334896807734,-8.1882774973357,3.9867051762004,0
1217,0.031622062578842,0.042335629866977,-8.1840662888341,6.1848105251337,0
1354,0.073880808514541,0.10912848928092,-8.1834554348677,5.2861677103361,0
1463,0.031583479426318,0.069972039646076,-8.1827485913738,4.4763467641476,0
1675,-0.12705988137366,0.018285905753946,-8.1827027387683,1.7414782027049,0
886,-0.33810851765921,0.018402395671626,-8.1824982293441,0.81250002600023,0
1544,-0.0042279315075131,0.034761098146201,-8.1771033651937,3.7448022003096,0
887,-0.30486677255638,0.019435227964404,-8.1751196943766,0.93750003000005,0
1272,0.059853263378987,0.081530786668809,-8.1661115032929,5.8627489544133,0
1436,0.044791071966821,0.08227847121343,-8.1634119999242,4.7260664093061,0
1650,-0.055399784122127,0.014655232704577,-8.1612593040475,2.3858430945902,0
1700,-0.26136243603919,0.020094761817821,-8.1594045977842,1.1050048628464,0
1571,-0.013433313949228,0.026126170398484,-8.1570902086818,3.5052419106329,0
1624,-0.03386815156139,0.015563266822883,-8.1570515164748,2.8251933054595,0
1676,-0.096935147890364,0.015544431710551,-8.1426109441122,1.9516356887138,0
1327,0.075320953977184,0.10551817147845,-8.1368453037696,5.5465394827448,0
1409,0.057409186372056,0.09324455461122,-8.1338697763245,4.9803285313384,0
1701,-0.21159594807141,0.01948978621613,-8.1331701078316,1.3147348542534,0
1598,-0.021246305522392,0.019635658093647,-8.1285887012674,3.2683078845719,0
1190,0.011291118782569,0.01465391779978,-8.1096671206471,6.4533300688471,0
1651,-0.04369532891103,0.013031314527563,-8.1066610072976,2.5952792595854,0
1702,-0.16664284215927,0.01739025836743,-8.1025774171337,1.52385239993,0
1245,0.046197240737445,0.060720074293819,-8.101689172611,6.1280893227589,0
1677,-0.073919871546556,0.013154398885692,-8.098076281501,2.1608335664859,0
1382,0.067953386742499,0.10120398899535,-8.0965753426529,5.2365585862179,0
1518,0.010802740411958,0.04693794144143,-8.0919844170202,4.1952554901433,0
1625,-0.02830127844612,0.015120085207195,-8.0919575977847,3.0342717926555,0
80,-0.50731682686656,0.0019965780009384,-8.0914042036917,0.062500002000118,0
81,-0.49266205340455,0.0054986955713389,-8.0890316469488,0.1875000060004,0
1545,-0.00010618668800267,0.036398126899956,-8.0877923307449,3.9534314732013,0
1491,0.02287828805497,0.05853968350553,-8.0867913593489,4.4388838649125,0
82,-0.46911953567938,0.0086177346025423,-8.0866590902059,0.31250001000043,0
83,-0.44054413142708,0.011338236366757,-8.0842865334631,0.43750001400015,0
1300,0.069085436661473,0.092751890547038,-8.0821682139632,5.8083565074536,0
888,-0.40897014640524,0.013487413553467,-8.0795319471976,0.56250001800008,0
1572,-0.0095303156343157,0.027488329952558,-8.0745500308618,3.7137153139565,0
889,-0.37571228355647,0.015173223833661,-8.0723953314096,0.68750002200026,0
1464,0.035603935125459,0.070449852982542,-8.0718873103467,4.6840018890876,0
1703,-0.12880913960078,0.014747802258478,-8.0676427429079,1.7322514870825,0
890,-0.34171743732213,0.01636239429844,-8.0652587156215,0.81250002600023,0
891,-0.30784734628827,0.017146284128079,-8.0581220998335,0.93750003000005,0
1599,-0.017433263029886,0.020505104903924,-8.0526011767184,3.4763990507026,0
1355,0.07462144842511,0.10413581112147,-8.0514006424905,5.4945183221506,0
1678,-0.057069553779718,0.011291628260951,-8.0491234526453,2.3689638626502,0
1652,-0.035786616334118,0.012097308640651,-8.0475633610479,2.8033931765552,0
1437,0.048383422000229,0.081784011800325,-8.0456212856085,4.9331703827342,0
1728,-0.2639621170852,0.017501735869895,-8.0426956471967,1.1036737284795,0
1218,0.030167716186953,0.038341442733779,-8.0289197913107,6.3943243911982,0
1704,-0.098578114618551,0.012222997286361,-8.0283848810378,1.93982652799,0
1626,-0.024139878969053,0.015411699850938,-8.0222977964735,3.2417630159696,0
1273,0.057963057089262,0.074911562765022,-8.0193120563877,6.0713681203839,0
1729,-0.21361910055005,0.016600193731294,-8.0168680942295,1.3107506206704,0
1410,0.060234208801811,0.09140447602521,-8.009695250438,5.1869494620999,0
1328,0.074464599498307,0.098853055156463,-7.9982249246334,5.753964060494,0
1679,-0.045336301345897,0.010025251549001,-7.9957797831216,2.575919236886,0
1546,0.0039526253645147,0.038258386643821,-7.9936984549205,4.1598553911808,0
1519,0.014997248054104,0.04861727525266,-7.990834127324,4.4014209656775,0
1573,-0.0057354947495211,0.029227204048362,-7.9873071641541,3.9201577702023,0
1730,-0.16829396914473,0.014385708449418,-7.9868252323447,1.5172351473187,0
1705,-0.075511925509098,0.010122682829728,-7.9848251946397,2.1464724244141,0
1653,-0.030414642571703,0.011867918418762,-7.9839999201725,3.0100756033965,0
1492,0.027008867506712,0.059709249391213,-7.9783867458947,4.6445429225203,0
84,-0.51398524102732,0.0018222591853486,-7.973278402238,0.062500002000118,0
1600,-0.013904915939716,0.021889505826479,-7.97199669653,3.6826284276034,0
85,-0.49890278094225,0.0050315686693539,-7.9709862711473,0.1875000060004,0
86,-0.47479995502424,0.0078706780122486,-7.9686941400565,0.31250001000043,0
87,-0.44561798993979,0.010315623275543,-7.9664020089658,0.43750001400015,0
1383,0.06975402658125,0.097817250009457,-7.9659559812116,5.4424971615567,0
892,-0.41339136193525,0.012221408340557,-7.9618085951162,0.56250001800009,0
1465,0.039436602170835,0.070784927718781,-7.9560382285297,4.888898706764,0
893,-0.37946382927162,0.013671656732941,-7.9549138985076,0.68750002200027,0
1731,-0.13031751372138,0.01182418609835,-7.9525827470477,1.7230247714601,0
1246,0.04440698409095,0.055383834428112,-7.9481724619744,6.3353187135494,0
1627,-0.020680080878269,0.016314069342136,-7.948112144755,3.4475561907723,0
894,-0.3448201627307,0.014641442631452,-7.948019201899,0.81250002600024,0
1191,0.010646637755015,0.013137435630523,-7.9477081471954,6.6611921275971,0
895,-0.31033897694859,0.015211992837995,-7.9411245052905,0.93750003000006,0
1680,-0.037476009077485,0.0093888426609491,-7.9380752056211,2.7815930476509,0
1706,-0.058609296283425,0.0085647401683747,-7.936987601243,2.3520846307102,0
1301,0.067409333118439,0.085835047631551,-7.9369349401644,6.0146469180089,0
1756,-0.26609442515293,0.01531515174964,-7.9259866966093,1.1023425941127,0
1438,0.051718665985626,0.081048960289577,-7.922815158223,5.1373403379815,0
1654,-0.026516690667659,0.012276056128381,-7.9160068916796,3.2152181473673,0
1356,0.075021789780546,0.099012172106517,-7.9142816353037,5.6995716135346,0
1732,-0.10003307592275,0.0095171658733334,-7.9141588179635,1.9280173672661,0
1757,-0.21526557485093,0.014169112235645,-7.9005660806276,1.3067663870874,0
1574,-0.0019459921628015,0.031201178160901,-7.8954124928209,4.1244552922184,0
1547,0.0079948021936922,0.040219587334379,-7.894876895299,4.3639580664424,0
1601,-0.010447037951137,0.023635805548628,-7.8868219975634,3.8868840672032,0
1707,-0.046860890186574,0.0075956754783415,-7.8848985589455,2.5565592141865,0
1520,0.019128738905822,0.050273401076706,-7.8848861814426,4.6050839559529,0
1411,0.062784271462166,0.089320076387937,-7.8805113199329,5.3904760009628,0
1681,-0.032239070492251,0.0093719851067682,-7.8760422425604,2.9858794141376,0
1733,-0.076970250269557,0.0076702212025652,-7.8715741077786,2.1321112823424,0
1758,-0.16966459457804,0.011879597750249,-7.8710730475558,1.5106178947073,0
1628,-0.017496712370062,0.017680869032355,-7.8694433621982,3.6515415412503,0
1219,0.028726512477307,0.034660283565666,-7.8686529843224,6.5999479713518,0
1274,0.056072278020656,0.06873433037662,-7.867425132638,6.2763130359004,0
1493,0.031021253355284,0.060753630092419,-7.8651206050883,4.847513503428,0
88,-0.52011748547788,0.0016778961559037,-7.8551526007846,0.062500002000118,0
1329,0.073416366009429,0.092357746664941,-7.8545578239411,5.9579257156339,0
89,-0.50462899082356,0.0046462065605823,-7.8529408953461,0.1875000060004,0
90,-0.47998530601769,0.0072526264357906,-7.8507291899076,0.31250001000043,0
91,-0.4502115573203,0.0094663607590336,-7.8485174844692,0.43750001400015,0
896,-0.4173485740302,0.011165930858745,-7.8440852430353,0.56250001800009,0
1655,-0.023351868819849,0.013212352499534,-7.8436231127915,3.418713330842,0
1759,-0.13160362860274,0.0094342801447064,-7.8375227511876,1.7137980558377,0
897,-0.38276936311705,0.012415499172584,-7.8374324656059,0.68750002200028,0
1466,0.043111842948647,0.070929378744474,-7.8352700380976,5.0909164992271,0
898,-0.34749395367262,0.013197682326045,-7.8307796881766,0.81250002600025,0
1384,0.071273574052243,0.094232377859951,-7.8303383459744,5.6451791665755,0
1708,-0.03903105180551,0.007214670985924,-7.8285870501943,2.7597929187467,0
1734,-0.06007454654675,0.0063465622743456,-7.8248517498408,2.3352053987702,0
899,-0.31241661192018,0.013585770995651,-7.8241269107473,0.93750003000006,0
1682,-0.02854091712619,0.009905093598285,-7.8097159868858,3.188673278765,0
1784,-0.26783402671213,0.013479000842882,-7.8092777460217,1.1010114597458,0
1760,-0.10141693955795,0.0073405303743768,-7.7999327548894,1.9162082065423,0
1575,0.0018840814358675,0.033295145469039,-7.7989196632739,4.3264951672075,0
1602,-0.0069517560188945,0.025616979059507,-7.7971265307213,4.0890551932559,0
1439,0.0548174319082,0.080032669155793,-7.7950666586538,5.3384548403686,0
1548,0.012038593763325,0.042183526502984,-7.7913856169905,4.5656249893856,0
1247,0.042615496915629,0.0504166096752,-7.7895978214496,6.5387038151066,0
1302,0.065680897447985,0.079281301267755,-7.7866778033015,6.2173073582513,0
1629,-0.014363055855695,0.019379413353755,-7.7863368309727,3.8536103642041,0
1785,-0.21659849733075,0.012126076197156,-7.7842640670253,1.3027821535043,0
1192,0.010004033076118,0.011741686724578,-7.7806652749258,6.8649911134557,0
1521,0.023207611721162,0.05182707328614,-7.7742029816468,4.806128300092,0
1735,-0.048313643525773,0.0056003656684779,-7.7740173347695,2.5371991914871,0
1357,0.075106708885365,0.093758728267857,-7.7721807077179,5.9012045132591,0
1709,-0.033888480106759,0.0073900381112831,-7.7680845649483,2.9616832248786,0
1656,-0.020469132731139,0.014551692543088,-7.7668900278663,3.6204546548971,0
1761,-0.078345925182756,0.005682195356156,-7.7583230209175,2.1177501402707,0
1786,-0.17077853406249,0.0098104308463511,-7.7553208627666,1.504000642096,0
1494,0.034931858746772,0.061613905136627,-7.7470598900621,5.0476779458367,0
1412,0.065096459294841,0.086983008659777,-7.7463950566451,5.5907867196165,0
1683,-0.025613086302134,0.010885430505098,-7.7391340808282,3.3898704709117,0
92,-0.52581001421009,0.0015597355953361,-7.7370267993311,0.062500002000118,0
93,-0.50993180429005,0.0043316696874178,-7.7348955195452,0.1875000060004,0
94,-0.48476057225037,0.006746160474567,-7.7327642397592,0.31250001000043,0
95,-0.45440463288257,0.0087670629028464,-7.7306329599733,0.43750001400015,0
900,-0.4209166593775,0.010292694378488,-7.7263618909551,0.56250001800009,0
1787,-0.13283049422271,0.0075187834118194,-7.7224627553272,1.7045713402153,0
901,-0.38569922695337,0.011371816895258,-7.7199510327048,0.68750002200028,0
1736,-0.040503408753709,0.0054210580410671,-7.7190988947676,2.7379927898424,0
902,-0.34980552206955,0.011993797787594,-7.7135401744544,0.81250002600026,0
1762,-0.061447751696205,0.0045210009627854,-7.7127158984387,2.3183261668302,0
1275,0.054158005948978,0.062928342330102,-7.7105426585765,6.4774596588611,0
1467,0.046657647985857,0.070846633700863,-7.709654352399,5.2899362581409,0
903,-0.31414474221165,0.012225647499847,-7.7071293162041,0.93750003000006,0
1330,0.072211349860209,0.086036419917822,-7.7059304739651,6.1583016806024,0
1710,-0.030338151304915,0.0080459317377343,-7.703425082092,3.1621284101628,0
1220,0.027276911332815,0.031239278040074,-7.7033633780985,6.8015561577407,0
1603,-0.0033713845460764,0.027729133355794,-7.702962431249,4.2890322679724,0
1630,-0.011164358746655,0.021300141278026,-7.6988405686217,4.0536550942933,0
1576,0.0057712659387293,0.035415881479988,-7.6978850525384,4.5261660228184,0
1812,-0.26924565782242,0.011942745225969,-7.6925687954338,1.0996803253789,0
1385,0.072526090794157,0.090435981437008,-7.689803591495,5.8444833108847,0
1657,-0.017629729909086,0.016181311830752,-7.6858516643819,3.8203366612049,0
1788,-0.10268850173432,0.0055880491757021,-7.685706691815,1.9043990458184,0
1549,0.01608995901483,0.044071188230542,-7.6832853582053,4.7647430967561,0
1813,-0.21766581060019,0.010419662840263,-7.6679620534229,1.2987979199213,0
1684,-0.022981491568444,0.012205044556648,-7.6643366935345,3.589367768544,0
1763,-0.049693793765175,0.0039314360835548,-7.6631361105936,2.5178391687877,0
1440,0.057718576113311,0.078730551770244,-7.6624517673156,5.5363942726571,0
1737,-0.035429151951502,0.0057591131573141,-7.6601268873362,2.9374870356196,0
1522,0.027242840424615,0.053215515553541,-7.6588497420266,5.0044393924463,0
1789,-0.07962154327632,0.0040472309017291,-7.6450719340562,2.103388998199,0
1814,-0.17175825368252,0.0081310274129226,-7.6395686779773,1.4973833894847,0
1711,-0.027597158629336,0.0090782704160788,-7.6346450488648,3.3610276109814,0
1303,0.063884966808832,0.073036485211777,-7.6314874957035,6.4162155026156,0
1248,0.04079625817759,0.045756941130012,-7.6260614812714,6.7381212020258,0
1358,0.074892773576655,0.088386424310775,-7.6251831446287,6.0992960029535,0
1495,0.038764347483729,0.062242846862925,-7.6242744011686,5.2449202542796,0
96,-0.53114627745802,0.0014642878098944,-7.6189009978775,0.062500002000118,0
97,-0.51488983356201,0.0040781902719867,-7.6168501437442,0.1875000060004,0
98,-0.48919916940864,0.0063359026857396,-7.6147992896109,0.31250001000043,0
99,-0.45826624895855,0.0081971535712859,-7.6127484354777,0.43750001400015,0
1764,-0.041911735877941,0.0039036211888873,-7.609610739341,2.7161926609382,0
1193,0.0093553942048222,0.010447452689726,-7.6086403950969,7.0646027145621,0
904,-0.4241603634286,0.0095768120601776,-7.6086385388753,0.56250001800009,0
1413,0.067194528687889,0.084381029567045,-7.6074264752722,5.7877621085104,0
1815,-0.13395729294999,0.0059909618272291,-7.6074027594667,1.6953446245928,0
1631,-0.0078493497846889,0.023352900848507,-7.607005199224,4.2515693687373,0
1604,0.00031095310427565,0.029887138337486,-7.6043844880863,4.486707056251,0
905,-0.38831402167935,0.010511558342267,-7.6024695998039,0.68750002200029,0
1790,-0.06273872026499,0.0029962128750264,-7.6005800470364,2.3014469348902,0
1658,-0.01471119225067,0.018009465665839,-7.6005546065221,4.0182549953307,0
1738,-0.031996373757632,0.006522563260812,-7.5971341772982,3.1355835415605,0
906,-0.35181190828937,0.010996675381636,-7.5963006607326,0.81250002600026,0
1577,0.0097191169742438,0.037487192761341,-7.5923677347638,4.7233578934202,0
907,-0.31557798898318,0.011093880311523,-7.5901317216612,0.93750003000007,0
1685,-0.020397003254529,0.013767714210791,-7.5853664977913,3.7870629582058,0
1468,0.05004532924626,0.070446776007663,-7.5792656632038,5.4858407556994,0
1840,-0.27038379939011,0.010659838689202,-7.5758598448463,1.0983491910121,0
1816,-0.10385548627447,0.0041580455845009,-7.5714806287404,1.8925898850946,0
1550,0.020152538033546,0.045818139069671,-7.570639593991,4.9612008390559,0
1712,-0.025169887583924,0.010391111740923,-7.5617833592028,3.5582808821909,0
1331,0.070858863974195,0.079877019660992,-7.5524323328304,6.3549713463702,0
1791,-0.05101051906225,0.0025152893672844,-7.5522548864175,2.4984791460882,0
1765,-0.036895676493844,0.004371422356906,-7.5521692097243,2.9132908463607,0
1841,-0.21849099498865,0.0090163691839332,-7.5516600398207,1.2948136863383,0
1276,0.052192606011146,0.0574326889175,-7.548759584444,6.6746862463107,0
1386,0.073497990394558,0.08640311723314,-7.5444358152928,6.0402903253051,0
1523,0.031248462731001,0.054387821858086,-7.5388944499381,5.1999042504183,0
1221,0.025800030029781,0.028036049390182,-7.5331515389248,6.9990262857933,0
1817,-0.080809003892137,0.0026879852182174,-7.5318208471948,2.0890278561272,0
1739,-0.029402204410293,0.0076058422056014,-7.5301560169015,3.3321847510511,0
1441,0.060449287914532,0.077127547192275,-7.5250493590491,5.7310409061357,0
1842,-0.17267790755291,0.006783704025948,-7.5238164931883,1.4907661368734,0
1659,-0.011657686366326,0.019960505393818,-7.5110479671989,4.2141064695022,0
1632,-0.0043991034149296,0.025462935230461,-7.5108839236342,4.4472480896836,0
1686,-0.017729755308374,0.015497789355335,-7.5022686444225,3.9828548963682,0
1605,0.0040983590002036,0.03202010875437,-7.5014501113223,4.6819726900842,0
100,-0.53619812644442,0.001388409442672,-7.500775196424,0.062500002000118,0
1792,-0.043267586359603,0.0025952490221398,-7.5001225839142,2.694392532034,0
101,-0.51957073070614,0.0038771863477076,-7.4988047679433,0.1875000060004,0
1496,0.042556091948346,0.062621921480723,-7.49683674431,5.4391261687433,0
102,-0.49336440601965,0.006008408329108,-7.4968343394627,0.31250001000043,0
103,-0.46185600175894,0.0077386451528227,-7.494863910982,0.43750001400015,0
1843,-0.13498635558726,0.0047604407135532,-7.4923427636064,1.6861179089704,0
908,-0.42713554449053,0.0089965216509893,-7.4909151867955,0.56250001800009,0
1766,-0.033554414860895,0.0052265443804883,-7.4908432725045,3.1090386729583,0
1818,-0.063956607851854,0.0017078823912308,-7.4884441956339,2.2845677029502,0
909,-0.39066584906619,0.0098093443781867,-7.4849881669031,0.68750002200029,0
1713,-0.022799424695951,0.011899426192852,-7.4848813312006,3.7537892552067,0
1578,0.013728200927646,0.039445190060226,-7.4824294459554,4.9179622856656,0
910,-0.35356177074855,0.010177499904458,-7.4790611470107,0.81250002600027,0
1359,0.074391113975811,0.082916651608985,-7.4733771699575,6.293727190125,0
911,-0.31676262615105,0.010158045793779,-7.4731341271183,0.93750003000007,0
1304,0.06199788832413,0.067051663550719,-7.4714576876166,6.6112512905955,0
1414,0.069081801208251,0.081496550147231,-7.4636884859569,5.9812846476568,0
1740,-0.027137836758403,0.0089218752441828,-7.459230024871,3.5271939958377,0
1868,-0.27129465046678,0.0095923326212177,-7.4591508942588,1.0970180566452,0
1249,0.038924774315055,0.041354343185396,-7.457662682753,6.9334498570246,0
1844,-0.10493185923114,0.0029776019606981,-7.4572545656661,1.8807807243707,0
1551,0.024233708906323,0.047370388181179,-7.4535144987076,5.1548882465571,0
1793,-0.038308224750617,0.0031583769190113,-7.4442115321122,2.8890946571018,0
1469,0.053299379066319,0.069717110389315,-7.4441812966132,5.6785146140895,0
1819,-0.05226797661843,0.0012979811953136,-7.4413736622413,2.4791191233888,0
1869,-0.21915720745138,0.0078799961602785,-7.4353580262186,1.2908294527552,0
1194,0.0086908130830715,0.009234564697138,-7.4317384383,7.2599051728124,0
1767,-0.031078126332526,0.0063558392718982,-7.4256669849383,3.3033418911208,0
1845,-0.08191777317261,0.0015466938808514,-7.4185697603335,2.0746667140555,0
1660,-0.0084471166002354,0.021971178877261,-7.417383359182,4.4077891231162,0
1687,-0.014919301177613,0.017333176260606,-7.415090735174,4.1766435702672,0
1524,0.035249133593144,0.055303326553502,-7.4144078254162,5.3924115817873,0
1633,-0.00080926393881701,0.02756681006728,-7.4105324878808,4.6405874867481,0
1870,-0.17352112284266,0.0057097464951502,-7.4080643083993,1.4841488842621,0
1714,-0.020349469376105,0.013540899093647,-7.403982682323,3.9474547974056,0
1387,0.074156999775343,0.082107783801345,-7.3943220070849,6.2324830338801,0
1606,0.0079903733622321,0.034066859456234,-7.3942192979199,4.8747237322753,0
1332,0.069347992851924,0.073857834347415,-7.3941557907893,6.5478163348804,0
1820,-0.044573826265437,0.001448664061563,-7.3906344284872,2.6725924031297,0
1794,-0.035044885611642,0.0040830894751098,-7.3845523677107,3.0824938043561,0
1741,-0.024944243162641,0.010389251665261,-7.38439616461,3.7205155522076,0
1442,0.063019057649967,0.075204774480821,-7.3829411566206,5.9222789700081,0
104,-0.5410272379821,0.0013293311004149,-7.3826493949706,0.062500002000118,0
1277,0.050149251197375,0.052196862969589,-7.3821738265809,6.8678734282558,0
105,-0.52403261648266,0.0037211994283318,-7.3807593921425,0.1875000060004,0
106,-0.49731078037234,0.0057519956054651,-7.3788693893145,0.31250001000044,0
1871,-0.13592874032074,0.0037539226507038,-7.3772827677462,1.676891193348,0
107,-0.46522523754883,0.007375873828983,-7.3769793864864,0.43750001400015,0
1846,-0.065105620171824,0.00060748265402062,-7.3763083442316,2.2676884710101,0
912,-0.42989032694009,0.0085328446310025,-7.3731918347157,0.5625000180001,0
1579,0.017801721509992,0.041234559940209,-7.3681345474771,5.1098722426959,0
913,-0.39279956941995,0.0092430787574281,-7.3675067340023,0.6875000220003,0
1497,0.046266132288809,0.062658575585357,-7.3648222879648,5.6301832323721,0
914,-0.35509691967945,0.0095114245097667,-7.3618216332889,0.81250002600028,0
1222,0.024275472002265,0.025008477387838,-7.3581210284704,7.1922382082708,0
1768,-0.028956193333525,0.0076688659427634,-7.3566766905394,3.4961071094846,0
915,-0.3177379547132,0.009391054162834,-7.3561365325755,0.93750003000007,0
1872,-0.10592712091051,0.0019928412151241,-7.3430285025918,1.8689715636468,0
1896,-0.27201575288797,0.0087118192490987,-7.3424419436713,1.0956869222783,0
1821,-0.039673238919612,0.0020747933911318,-7.3362538544999,2.8648984678428,0
1552,0.028350017933961,0.048682175045942,-7.3319789065223,5.3456969948313,0
1847,-0.053466347000763,0.00023823954519191,-7.3304924380652,2.4597591006893,0
1688,-0.011940025638978,0.019221973488508,-7.32388279473,4.3683301565489,0
1795,-0.032664563450432,0.0052480836342183,-7.3211779529749,3.2744990311905,0
1661,-0.0050727014751103,0.023986908539324,-7.3196148644392,4.5992022834121,0
1715,-0.017755509453321,0.015264947729958,-7.3191335031491,4.1391806710321,0
1897,-0.21971569942874,0.0069639181276865,-7.3190560126165,1.2868452191722,0
1360,0.073606613739189,0.077371606591002,-7.3168538939621,6.4843813791656,0
1415,0.070738543482032,0.07830911493913,-7.3152668442125,6.1712388776354,0
1305,0.059994276767866,0.061286081768894,-7.3066849704087,6.8022969994868,0
1634,0.0029204826260767,0.029608052458987,-7.3060091498842,4.8314851788848,0
1742,-0.02267844136198,0.011956305110051,-7.3056967202235,3.9120546984431,0
1873,-0.082953186675582,0.0005788696346482,-7.3053186734724,2.0603055719837,0
1470,0.056430413421789,0.068634251323361,-7.3044813675918,5.8678443733134,0
1898,-0.17428619826342,0.0048512445251682,-7.2923121236103,1.4775316316508,0
1525,0.039273968712879,0.055933469826645,-7.2854632793163,5.5818518506546,0
1250,0.03697565291621,0.037160514703375,-7.2845036186408,7.1245712437293,0
1769,-0.026909087211483,0.0091034726004114,-7.2839109980195,3.6872418492086,0
1607,0.011988171196987,0.035972659329614,-7.2827545962466,5.0648562388347,0
1848,-0.045828856240396,0.00042877647892062,-7.2811462730604,2.6507922742254,0
1822,-0.036481119448253,0.0030451368908843,-7.2782614629167,3.0559489357538,0
108,-0.54568646176438,0.0012846473873889,-7.2645235935173,0.062500002000118,0
1874,-0.066187732614595,-0.00034299880324393,-7.2641724928294,2.2508092390701,0
109,-0.52832535706734,0.0036037901458814,-7.2627140163418,0.1875000060004,0
1899,-0.13679253676844,0.002922428012061,-7.2622227718859,1.6676644777256,0
110,-0.5010851131496,0.0055565481688091,-7.2609044391663,0.31250001000044,0
111,-0.46841807297293,0.0070952133552402,-7.2590948619909,0.43750001400015,0
916,-0.43246605305333,0.0081691932754203,-7.2554684826359,0.5625000180001,0
1796,-0.030656167301059,0.0065602736721953,-7.2541233562077,3.4650202231316,0
1195,0.007997752053809,0.0080667379451997,-7.2500673101993,7.4507793584959,0
917,-0.39475375416636,0.0087933670082521,-7.2500253011015,0.68750002200031,0
1580,0.021950351096976,0.042806339290015,-7.2495499876284,5.2989824078753,0
918,-0.35645338070454,0.0089765718986234,-7.2445821195671,0.81250002600028,0
1388,0.074463178138652,0.077535407171514,-7.2395519971353,6.4209464234511,0
919,-0.31853770088819,0.0087689398039597,-7.2391389380327,0.93750003000008,0
1443,0.065417266904034,0.072942102978234,-7.2362116813396,6.1099947213903,0
1333,0.067660108447454,0.067959750597766,-7.2311961142367,6.736720570718,0
1716,-0.014988706561537,0.017029804496416,-7.2303822302779,4.3288711899815,0
1900,-0.10684777297522,0.0011637052973924,-7.2288024395175,1.857162402923,0
1689,-0.0087822447187665,0.02111891011291,-7.2286972409978,4.557817080076,0
1498,0.049885467210488,0.06231194586644,-7.2283091188705,5.8179808575729,0
1849,-0.040990333622097,0.0010894022172672,-7.2282961768878,2.8407022785838,0
1924,-0.27257788615831,0.0079919310241961,-7.2257329930839,1.0943557879115,0
1743,-0.020272435028756,0.013581555352607,-7.2231762711242,4.101717771797,0
1875,-0.054604451038603,-0.00069621376251544,-7.2196112138892,2.4403990779899,0
1662,-0.0015319756533996,0.025957507315341,-7.2177990018486,4.7882466254943,0
1823,-0.034183386407376,0.0042313654034939,-7.2166889210114,3.2456561712602,0
1278,0.047999632069939,0.047174819448998,-7.2108862088111,7.0569042791876,0
1770,-0.024798282837062,0.010608487936713,-7.2074107581241,3.8766545994806,0
1553,0.032524301072806,0.049711373371598,-7.2061042706678,5.5335204689372,0
1925,-0.22019456228536,0.0062250261258311,-7.2027539990145,1.2828609855892,0
1635,0.0067910848862204,0.031534457288723,-7.197374645016,5.0198402349734,0
1901,-0.083918923998273,-0.00025038797858676,-7.1920675866112,2.045944429912,0
1797,-0.02873915929526,0.0079585710990642,-7.1834258314289,3.6539681462095,0
1223,0.022676855998253,0.022094854100683,-7.1783783404832,7.3810743687632,0
1926,-0.17497987799685,0.0041589207594889,-7.1765599388214,1.4709143790395,0
1850,-0.037866619906773,0.0020823029971027,-7.1719705581229,3.0294040671515,0
1876,-0.047029474836783,-0.00049122700198924,-7.1716581176337,2.6289921453212,0
1608,0.016098933566514,0.037687473545535,-7.1671210687346,5.2522678209193,0
1416,0.072119861066331,0.074798005883387,-7.1622501003086,6.3575114677367,0
1471,0.059430450727823,0.067175468664108,-7.1602487315444,6.0537185598128,0
1361,0.072543076527088,0.07177698674255,-7.1557072580647,6.6711441419494,0
1526,0.043280448969833,0.056195622317366,-7.1521368701492,5.7681173418324,0
1902,-0.067204061680897,-0.0011737582073711,-7.1520366414272,2.2339300071301,0
1824,-0.032269615384711,0.005537834336026,-7.1515700218758,3.4339333367785,0
1927,-0.13758359460139,0.0022299919952992,-7.1471627760258,1.6584377621032,0
112,-0.55022103951441,0.0012522865326775,-7.1463977920639,0.062500002000119,0
113,-0.53249168275927,0.0035194195619447,-7.144668640541,0.1875000060004,0
114,-0.50472752770205,0.0054133193697511,-7.1429394890181,0.31250001000044,0
115,-0.47147225697075,0.0068848094232367,-7.1412103374953,0.43750001400015,0
1717,-0.012036654403319,0.018798972753387,-7.1377796175563,4.51643187674,0
920,-0.43489802771519,0.0078910326761124,-7.1377451305561,0.5625000180001,0
1306,0.057844978360165,0.055704816562387,-7.1372687989812,6.9892373146458,0
1744,-0.017694685262723,0.015231620187409,-7.1368816658259,4.2894122234142,0
921,-0.39656129533431,0.0084430720306774,-7.1325438682007,0.68750002200031,0
1690,-0.0054404990425844,0.022980920789066,-7.129588853813,4.7450080721039,0
922,-0.35766183996828,0.0085533926243961,-7.1273426058452,0.81250002600029,0
1771,-0.022553808086292,0.012148469974627,-7.1272190390994,4.064254872562,0
1581,0.026191553135127,0.044115841945286,-7.1267452620193,5.4851890872198,0
923,-0.31919035887063,0.0082698413020593,-7.1221413434898,0.93750003000008,0
1877,-0.04225622778079,0.0001796324913174,-7.1203384992757,2.8165060893248,0
1928,-0.10769855731059,0.00045909115671189,-7.1145763764434,1.8453532421992,0
1851,-0.035643709823784,0.0032736962743181,-7.112199889048,3.2168133113299,0
1663,0.002177213639693,0.027834991860763,-7.1119946937854,4.974824231112,0
1798,-0.026765561452489,0.0094041173433057,-7.1091247960246,3.8412545005181,0
1952,-0.27300606486293,0.0074073362526767,-7.1090240424964,1.0930246535446,0
1903,-0.055680695273958,-0.0015309014628814,-7.1087299897132,2.4210390552905,0
1251,0.034915317486217,0.03311216017722,-7.1066893707672,7.3113693790307,0
1499,0.053406157663704,0.061558648282084,-7.0873779948269,6.002410392903,0
5687,0.0073551478957083,0.0071324421451067,-7.086743644948,7.6150810089411,0
1953,-0.22061211568429,0.0056275097147596,-7.0864519854123,1.2788767520062,0
1444,0.067611910330572,0.07032088193179,-7.0849482034816,6.2940765120219,0
1636,0.010808221288583,0.033296832390183,-7.0846921498406,5.2055532339632,0
1825,-0.030459587821624,0.0069034664985684,-7.0829406648381,3.6206944432104,0
1389,0.074381393519784,0.072698240349037,-7.0802184018933,6.6055677131811,0
1929,-0.08481773208523,-0.00096889120242677,-7.0788164997502,2.0315832878403,0
1554,0.036783725490776,0.050429698796646,-7.0759646214279,5.718253826092,0
1878,-0.0392000807036,0.0011742898410973,-7.0656796533292,3.0028591985492,0
1334,0.065768758316004,0.062168699121472,-7.0636513891515,6.9215703501041,0
1904,-0.048172013206696,-0.0013322048472078,-7.062169962207,2.6071920164169,0
1954,-0.17560657679587,0.0035945276579392,-7.0608077540323,1.4642971264282,0
1852,-0.033812608553728,0.0045656918705104,-7.049016687544,3.4028464504253,0
1609,0.020336044446998,0.039164584531765,-7.0473862533709,5.4368577055024,0
1745,-0.014930685550671,0.016877537672158,-7.0468619941149,4.475046673404,0
1772,-0.020141668649025,0.01369665024056,-7.0433811013739,4.2499532568468,0
1718,-0.0088906108387396,0.020536535831464,-7.0413787057775,4.7017695187135,0
1930,-0.068155164158189,-0.0019089476865918,-7.0399007900252,2.2170507751902,0
1279,0.045700515037825,0.042308236123433,-7.035000401051,7.2416643892978,0
1955,-0.13830639407388,0.0016480291556567,-7.0321027801655,1.6492110464807,0
1799,-0.024660321773072,0.010869471990621,-7.0312618070745,4.026791973327,0
116,-0.55466968274717,0.0012304729050168,-7.0282719906104,0.062500002000119,0
117,-0.53656816233909,0.0034633356942712,-7.0266232647402,0.18750000600041,0
1691,-0.0019105308524756,0.024765369428201,-7.026614742555,4.9298082272507,0
118,-0.50827230170318,0.0053147583950207,-7.0249745388699,0.31250001000044,0
119,-0.47441991036232,0.0067343559281949,-7.0233258129997,0.43750001400015,0
924,-0.43721613069834,0.0076856170944909,-7.0200217784763,0.5625000180001,0
5686,0.0212020529089,0.01978269881417,-7.0167339362663,7.5436829558403,0
925,-0.39824987273974,0.0081770130396309,-7.0150624352998,0.68750002200032,0
1527,0.0472260143692,0.056032794985783,-7.0145072581093,5.9511022259933,0
1905,-0.04346650521309,-0.00067135244593649,-7.0123808216637,2.7923099000659,0
1472,0.062271444955986,0.065321480930791,-7.0115689358709,6.2360277516398,0
1826,-0.028606251157166,0.0082915513806071,-7.0108388339249,3.8058544015556,0
926,-0.35874799362481,0.00822434927058,-7.0101030921233,0.8125000260003,0
1879,-0.037047548293748,0.0023550052051033,-7.0077108570847,3.1879704513996,0
927,-0.31971953201936,0.0078739273040768,-7.0051437489468,0.93750003000008,0
1417,0.073155263101954,0.070944876176612,-7.0047295457219,6.539991284413,0
1664,0.0060606198814605,0.029572783492702,-7.0022632309467,5.158838647007,0
1956,-0.10848310119403,-0.00014601106872691,-7.0003503133691,1.8335440814753,0
1582,0.030548268649491,0.045120670938737,-6.9997923727066,5.6683903103516,0
1931,-0.056693296485267,-0.0022861506446103,-6.9978487655374,2.4016790325911,0
1980,-0.27331966975367,0.0069351864670794,-6.9923150919087,1.0916935191778,0
1362,0.071190208453193,0.066156221849392,-6.990033979322,6.8539033855627,0
1853,-0.032094239180732,0.0058969193500052,-6.9824554982474,3.5874207402113,0
1981,-0.22097929460023,0.0051424816155377,-6.9701499718101,1.2748925184231,0
1637,0.014983125632906,0.034847977870209,-6.9680272447223,5.3885263237849,0
1957,-0.085651593940958,-0.0015990260052662,-6.965565412889,2.0172221457686,0
1307,0.055495489928423,0.050260747268373,-6.9633114313347,7.171959399565,0
1906,-0.040477867173812,0.00030702622790367,-6.9593887485354,2.976314329947,0
1773,-0.017546003211988,0.01522994612636,-6.9559443706735,4.433661470068,0
1746,-0.011968523221896,0.01848994712673,-6.953168557742,4.6585309653231,0
1932,-0.04925274776781,-0.0021105851792127,-6.9526818067804,2.5853918875127,0
1800,-0.022392824275007,0.012327838491606,-6.949880536922,4.2104942902796,0
5685,0.033007931783291,0.029898469717553,-6.9467242275848,7.4722849027397,0
1880,-0.035291522889472,0.0036221138298787,-6.9464633532123,3.3717595640721,0
1982,-0.1761695803091,0.0031288933037163,-6.9450555692432,1.4576798738168,0
5677,0.0068488563807552,0.0064124433670167,-6.9428265635234,7.7537060339463,0
1500,0.056800339894336,0.060377298534395,-6.9421122974768,6.1833651865905,0
1555,0.041059872277504,0.050745373281811,-6.9416365213918,5.8997940590837,0
1719,-0.0055438583930531,0.022205620699744,-6.9412347913245,4.8847922233895,0
1827,-0.02663283508784,0.0096798628463391,-6.9353045750495,3.989329074092,0
1445,0.069548672796502,0.067327733742154,-6.9292406895501,6.4744148556445,0
1958,-0.069041155324371,-0.0025679763181209,-6.927764938623,2.2001715432502,0
1610,0.024718126126723,0.040359112419977,-6.9236201239853,5.6185267946112,0
1692,0.0018146120618808,0.026429683241291,-6.9198343120528,5.112124060051,0
1983,-0.13896461638171,0.0011534650995313,-6.9170427843052,1.6399843308583,0
1390,0.073884417111156,0.067636657455559,-6.9164165694929,6.7862364210216,0
1854,-0.030342744953087,0.0072319708092889,-6.9125528718254,3.770454302593,0
120,-0.55906552047347,0.0012176914321118,-6.9101461891569,0.062500002000119,0
121,-0.54058605902197,0.0034314776882939,-6.908577888939,0.18750000600041,0
122,-0.51174862272305,0.005254372283011,-6.9070095887212,0.31250001000044,0
123,-0.47728818509195,0.0066349292563451,-6.9054412885034,0.43750001400015,0
1933,-0.0446164173017,-0.0014764149450119,-6.9044231440518,2.768113710807,0
1907,-0.038393122850004,0.0014624971794541,-6.9032218251215,3.1591275914693,0
928,-0.43944535404754,0.0075418108048679,-6.9022984263958,0.5625000180001,0
929,-0.39984233854774,0.0079817676689426,-6.8975810023983,0.68750002200032,0
930,-0.35973282246056,0.0079736786598239,-6.8928635784009,0.81250002600031,0
1335,0.063610727866664,0.056457412806076,-6.8916224616185,7.1022544098322,0
1665,0.010128910240446,0.031124688756941,-6.8886682360737,5.3401949420673,0
931,-0.32014429907379,0.0075632359575336,-6.8881461544035,0.93750003000009,0
1959,-0.057640391840636,-0.002978235157694,-6.8869675413613,2.3823190098916,0
1984,-0.10920422684911,-0.00067196153174981,-6.8861242502947,1.8217349207515,0
1881,-0.033654794923781,0.0049140067274499,-6.8819703316568,3.5541470372122,0
5684,0.043567955217507,0.038434897205972,-6.876714518903,7.4008868496388,0
2008,-0.27353229263331,0.0065563679044342,-6.875606141321,1.0903623848109,0
5676,0.019927121312165,0.017870942965835,-6.8742321289574,7.6809470974768,0
1528,0.051080982901451,0.05542258907639,-6.8726556590826,6.1307026215412,0
1583,0.035043638080756,0.045794860929946,-6.8687657846743,5.848485892174,0
1801,-0.019946882139826,0.01376003275768,-6.8650267472321,4.3922762667321,0
1774,-0.014751976390838,0.016724800891044,-6.8649584097065,4.6152924119327,0
1473,0.064903823825813,0.063059312787413,-6.8585301682884,6.4146646444633,0
1828,-0.024492377943667,0.011057829105939,-6.8563799724698,4.1710353237122,0
1747,-0.0087991058889551,0.020037494743642,-6.855854840094,4.8397762195282,0
2009,-0.22130294255786,0.0047474196963575,-6.8538479582077,1.2709082848401,0
1934,-0.041695327531025,-0.00052956936318416,-6.8530978437418,2.9497694613448,0
1985,-0.086421888968952,-0.0021589012683068,-6.8523143260277,2.0028610036969,0
1638,0.019331454349481,0.036141765262795,-6.8474478752639,5.5686632788706,0
1908,-0.036707269110938,0.0026941442188619,-6.8439100188806,3.3406726777191,0
1960,-0.050268090513399,-0.0028394132523919,-6.8431936513536,2.5635917586085,0
1418,0.073756872952541,0.066742351225086,-6.8427991596638,6.7185694564807,0
1855,-0.02848225922601,0.0085508780319492,-6.8393473430245,3.9518661748568,0
1720,-0.0019876629712773,0.023768450808897,-6.837405393159,5.0654094730949,0
2010,-0.17667157609368,0.0027391805659731,-6.8293033844539,1.4510626212055,0
1363,0.069485546471088,0.060514196492639,-6.8199334919025,7.0325494200997,0
1986,-0.0698618388119,-0.0031664917429979,-6.8156290872206,2.1832923113102,0
1882,-0.031993026775674,0.0061961419931287,-6.8142669097259,3.7350542036304,0
1693,0.0057463159342274,0.02793003346999,-6.8093092274252,5.2918635603498,0
5683,0.053301642007552,0.045898812974084,-6.8067048102211,7.3294887965379,0
5675,0.031280578159936,0.027145924985795,-6.8056376943915,7.6081881610074,0
1556,0.045286170569288,0.050604068205522,-6.8031990206885,6.078040056492,0
2011,-0.13956137621474,0.00072752030961373,-6.8019827884447,1.6307576152359,0
1935,-0.039676744076469,0.00058784274299585,-6.7987327931583,3.1302847315391,0
1961,-0.045701285678678,-0.0022455352698028,-6.7964654664397,2.7439175215481,0
5667,0.0063547679283165,0.0057242930693541,-6.7963387075559,7.8896116331608,0
1611,0.029267532165577,0.041226345880338,-6.7958950479568,5.7971777252643,0
1501,0.060018772111411,0.058753942083043,-6.7925979819369,6.3607406508694,0
124,-0.56343693845987,0.001212657760362,-6.7920203877029,0.062500002000119,0
125,-0.54457209704765,0.0034204000566371,-6.7905325131373,0.18750000600041,0
126,-0.51518128466193,0.0052266245586849,-6.7890446385718,0.31250001000044,0
127,-0.48009990028368,0.0065788841109733,-6.7875567640062,0.43750001400015,0
932,-0.44160635639931,0.0074500149006401,-6.7845750743144,0.56250001800011,0
1909,-0.035145465132424,0.0039402969455686,-6.7814851650662,3.5208733342131,0
933,-0.40135712296784,0.0078456565761295,-6.7800995694963,0.68750002200033,0
1802,-0.017304876791933,0.015147890960442,-6.7767482616711,4.5720538585424,0
1987,-0.05852012781316,-0.0036202282203936,-6.7760863171852,2.3629589871922,0
934,-0.36063274239694,0.007787394398788,-6.7756240646782,0.81250002600031,0
1829,-0.022180257738014,0.012398374506343,-6.7741091237906,4.3508910633961,0
2012,-0.10986414738238,-0.0011353402638283,-6.7718981872202,1.8099257600277,0
1666,0.014396017154124,0.032444658310113,-6.7712756265425,5.51879976313,0
935,-0.32047919017195,0.007321119110633,-6.7711485598601,0.93750003000009,0
1775,-0.011748430017142,0.018154672037413,-6.7704748888636,4.7947602156669,0
1446,0.071143588743792,0.063957907044011,-6.7691817498344,6.6509024919393,0
1856,-0.026468467906426,0.0098426792867074,-6.7628794080177,4.1315763571448,0
2036,-0.27364980188665,0.0062555884712548,-6.758897190733,1.089031250444,0
1748,-0.0054118264654216,0.021487389189615,-6.7549764742651,5.0186948861388,0
1391,0.07291283613211,0.062397842320482,-6.748244522187,6.9628444303676,0
1962,-0.042847517769042,-0.0013428971001453,-6.7468069389481,2.9232245927425,0
1883,-0.03023110389856,0.0074499262273736,-6.7433901109996,3.9144032756218,0
1936,-0.038057788080419,0.0017741514779451,-6.7413566845491,3.309585791366,0
2013,-0.087129548573202,-0.002663174882173,-6.7390632391663,1.9884998616252,0
2037,-0.22159091122612,0.0044259101983348,-6.7375459446052,1.2669240512571,0
5674,0.04157498008556,0.035030769245722,-6.7370432598253,7.5354292245377,0
5682,0.061554121322222,0.051824936650763,-6.7366951015394,7.2580907434371,0
1584,0.039551217336637,0.046020904224954,-6.7337423822945,6.0253774914429,0
1988,-0.051214685800307,-0.0035290961207748,-6.7337054959268,2.5417916297043,0
1721,0.0017909894371505,0.025184508527412,-6.7299502187767,5.2435321786324,0
5666,0.018676743998577,0.016048825855927,-6.7291859348556,7.8155197955813,0
1529,0.054794788599996,0.054348082922316,-6.7266657955854,6.3068166572756,0
1639,0.023874058096626,0.037132480624236,-6.7230243112391,5.7458695583545,0
1910,-0.033565191306383,0.0051671044718819,-6.7159809476265,3.699654104668,0
2038,-0.1771149851591,0.0024065921120234,-6.7135511996645,1.4444453685943,0
2014,-0.070616815762272,-0.0037171252214853,-6.7034932358182,2.1664130793702,0
1474,0.067248010572032,0.060387027258677,-6.701223205552,6.589524114083,0
1694,0.0098981838863728,0.02922167896205,-6.6951033778211,5.4689362473895,0
1963,-0.040893889375504,-0.00027447492853272,-6.694243761195,3.1014418716088,0
1830,-0.01967582077067,0.013689350436754,-6.6885381136354,4.528815305152,0
1989,-0.046716701856383,-0.0029865238035046,-6.6885077888276,2.7197213322891,0
2039,-0.14009938513701,0.00035499360165521,-6.6869227925841,1.6215308996136,0
1803,-0.014453809724583,0.016468754806347,-6.6850949376333,4.7497442118058,0
1857,-0.024278780856913,0.011097798998029,-6.6831915003491,4.30950586006,0
1937,-0.036566274526551,0.0029678306914088,-6.6809999984758,3.4875996312141,0
1419,0.073806271116489,0.06222236356307,-6.6765555524716,6.8931394406356,0
128,-0.56780832770343,0.0012142931820063,-6.6738945862487,0.062500002000119,0
1776,-0.0085231553820337,0.019491466961659,-6.6725475553714,4.9719802991828,0
129,-0.54854915728523,0.0034272094444301,-6.6724871373355,0.18750000600041,0
130,-0.51859134500253,0.0052268517209022,-6.6710796884222,0.31250001000044,0
131,-0.48287419315686,0.0065597755279026,-6.6696722395089,0.43750001400015,0
1884,-0.028326203772156,0.0086651194946687,-6.6693788435657,4.0921173905774,0
5673,0.05119808029373,0.041978592335097,-6.6684488252591,7.462670288068,0
936,-0.4437161422827,0.0074021609162209,-6.6668517222329,0.56250001800011,0
5681,0.067775089140398,0.055848753422843,-6.6666853928579,7.1866926903365,0
2015,-0.059330717964209,-0.0042226480290719,-6.665205093009,2.3435989644928,0
1612,0.033974708374312,0.041737667335126,-6.6642857439004,5.9727149263936,0
937,-0.40280897319394,0.0077589819064578,-6.6626181365941,0.68750002200034,0
5665,0.029562407178055,0.024510945874257,-6.6620331621555,7.7414279580019,0
1557,0.049408612657645,0.04998776943724,-6.6607336092339,6.2528926636819,0
938,-0.36146050783355,0.0076542063875005,-6.6583845509553,0.81250002600032,0
2040,-0.11046458934865,-0.0015495272112065,-6.6576721241456,1.7981165993039,0
939,-0.32073564549679,0.0071345897474151,-6.6541509653165,0.93750003000009,0
1749,-0.0017915257987453,0.022802834639647,-6.6505912101282,5.1952007969148,0
1667,0.018879456529222,0.033486713151922,-6.6501535745215,5.6945613914447,0
1911,-0.031892156934401,0.0063570369852907,-6.6474328789748,3.8769403763868,0
5657,0.0058421374545059,0.0050648719917601,-6.6473314542358,8.0227501408471,0
2064,-0.27369622731476,0.0060186881590087,-6.6421882401451,1.0877001160772,0
1990,-0.043929590912463,-0.0021384667857071,-6.6405160341542,2.8966797241403,0
1502,0.062980458607427,0.056688762327022,-6.6389235268166,6.5344343229118,0
1964,-0.039339510466315,0.00085773743314032,-6.6388033502173,3.2784989050129,0
2041,-0.087775154814116,-0.0031236653149198,-6.6258121523049,1.9741387195535,0
2016,-0.052089451671356,-0.0041879494562408,-6.6242173404999,2.5199915008001,0
2065,-0.22182844079304,0.0041630741325281,-6.6212439310027,1.2629398176741,0
1722,0.0058063455992655,0.026411350810724,-6.6189311290998,5.419072731649,0
1938,-0.035061755855277,0.0041356367611441,-6.6176949855271,3.6642540057055,0
1447,0.072260099410396,0.060264066391925,-6.6048665827557,6.8234344509032,0
1858,-0.021899594847735,0.012299945143833,-6.6003279655998,4.4855767517615,0
5672,0.05952963722855,0.047571710828471,-6.599854390693,7.3899113515984,0
1831,-0.016964330925179,0.014911026726531,-6.5997149864027,4.7047282079445,0
2066,-0.17750147039177,0.0021178224225246,-6.5977990148751,1.437828115983,0
5680,0.07176260698191,0.057932414008422,-6.5966756841768,7.1152946372364,0
5664,0.039561928480324,0.03176280671769,-6.5948803894551,7.6673361204222,0
1640,0.028635281613657,0.037793142448941,-6.5948291055061,5.9200523613442,0
1585,0.043998151091241,0.045773121931298,-6.5948014228825,6.1989686700882,0
1885,-0.026254964557141,0.0098344234615688,-6.5922738769076,4.268120656724,0
2042,-0.071305551723912,-0.0042300628633672,-6.5913573844158,2.1495338474303,0
1804,-0.011380367453591,0.017698607876254,-6.5901186364776,4.9252657122268,0
1991,-0.042039813693758,-0.0011281318642844,-6.5897547292316,3.0725990116785,0
5656,0.017385913176873,0.014301770873773,-6.5816461790626,7.9473538950262,0
2017,-0.047658614589427,-0.0037055089584081,-6.5805501112154,2.6955251430302,0
1965,-0.037914964702003,0.0019925580622849,-6.5805148318852,3.454325928215,0
1695,0.014286426627992,0.030259144711688,-6.5772828378039,5.643253224535,0
1530,0.058282522207482,0.0528095696427,-6.5766238480812,6.4793445317406,0
1912,-0.030084508928659,0.0075007103364695,-6.5758782791137,4.0526584240102,0
2067,-0.14058068335607,2.4299378885335e-05,-6.5718627967235,1.6123041839912,0
1777,-0.005058608630322,0.020702083895245,-6.5712322014798,5.1468694151974,0
132,-0.57220075031889,0.0012217016626271,-6.5557687847945,0.062500002000119,0
133,-0.55253690366864,0.0034495042010773,-6.5544417615334,0.18750000600041,0
2043,-0.06007047276792,-0.0047939543087463,-6.5543238688328,2.3242389417935,0
134,-0.5219967286391,0.0052511723114053,-6.5531147382723,0.31250001000044,0
135,-0.48562713788079,0.0065722376214887,-6.5517877150112,0.43750001400015,0
1939,-0.033470964460985,0.005260902356255,-6.55147564695,3.8394774771518,0
940,-0.44578875597006,0.0073915624834284,-6.5491283701509,0.56250001800011,0
941,-0.4042098062069,0.0077138502568637,-6.5451367036915,0.68750002200034,0
2068,-0.11100675306037,-0.0019251116196368,-6.543446061071,1.7863074385801,0
1750,0.0020772362274142,0.023944376496849,-6.5427588803785,5.3692092159085,0
942,-0.36222597824304,0.0075653302576945,-6.5411450372321,0.81250002600033,0
1475,0.069192586283122,0.057410384461992,-6.5397413589691,6.7605032794382,0
943,-0.32092169380864,0.0069942458719842,-6.5371533707727,0.9375000300001,0
1992,-0.040548215617279,-5.749192486656e-05,-6.5362500158855,3.2474120186598,0
2018,-0.044936993174936,-0.002920397603348,-6.5342251293603,2.8701348555381,0
5671,0.066025666595593,0.051467374043682,-6.5312599561271,7.317152415129,0
1613,0.038667155656474,0.041772853116861,-6.528869236531,6.1450446764944,0
5663,0.049030094540174,0.038202128665948,-6.5277276167547,7.5932442828425,0
5679,0.073453512404076,0.058183325430284,-6.5266659754959,7.0438965841364,0
2092,-0.2736793414746,0.0058312259099107,-6.5254792895569,1.0863689817103,0
1668,0.02360225449655,0.034208737311112,-6.5253724671119,5.8673897962948,0
1966,-0.036482053807387,0.0030973048572017,-6.5194090234276,3.628853906743,0
5655,0.027778158794774,0.021972754037309,-6.5159609038896,7.8719576492054,0
2044,-0.052889590980438,-0.0048226106377529,-6.514729185073,2.4981913718959,0
1859,-0.019316225489594,0.013431254624028,-6.5143350351721,4.6597122040831,0
1558,0.053337383154794,0.048894803229673,-6.514324169346,6.4242547405695,0
2069,-0.088358965163827,-0.0035498412559111,-6.5125610654434,1.9597775774819,0
1886,-0.02399994188674,0.010947290560519,-6.5121178175643,4.4423381983711,0
1832,-0.014032009024726,0.016042524338645,-6.5076897175837,4.8785511252707,0
2093,-0.22201336987992,0.0039451227980062,-6.5049419173999,1.2589555840911,0
1723,0.010074649486115,0.027404920979412,-6.5044121010864,5.5919450576252,0
1913,-0.028118221157133,0.0085918388429779,-6.5013562534663,4.2267354533881,0
5647,0.0053198263877012,0.0044417143107261,-6.4958570643736,8.1530748618278,0
1805,-0.0080644959064717,0.018807801201195,-6.4918731928315,5.09853803348,0
2019,-0.043109886420902,-0.001975547409164,-6.4852656972682,3.0437561517483,0
1940,-0.031752838032419,0.0063350263699104,-6.4823777146619,4.0131994574429,0
2094,-0.17783254926266,0.001864437098662,-6.4820468300855,1.4312108633717,0
1503,0.065599972148168,0.054340288298762,-6.4811798811118,6.7043459262406,0
1993,-0.039188120429861,0.001012793622374,-6.4800296652945,3.4210522252159,0
2070,-0.071927406964781,-0.0047134987488352,-6.4792215330133,2.1326546154904,0
2045,-0.0485233592306,-0.004407286697129,-6.4725924336032,2.6713289537714,0
1778,-0.0013380347286061,0.021750367218024,-6.4665866316572,5.319345700168,0
1641,0.033494508917686,0.038032396837228,-6.4629370501795,6.0911206829005,0
5670,0.070477716576876,0.053622126622157,-6.4626655215617,7.2443934786601,0
5662,0.057382755718053,0.043452039942109,-6.4605748440544,7.519152445263,0
2095,-0.14100651049917,-0.00027319420667966,-6.4568028008627,1.6030774683688,0
5678,0.072853293409882,0.056786346092108,-6.4566562668145,6.9724985310359,0
1696,0.018931579117736,0.030998601508415,-6.4559158287178,5.8147272312455,0
1967,-0.03496871649516,0.0041560028160869,-6.4555184149251,3.8020145779168,0
1586,0.048286865442207,0.045045375313545,-6.4520244906107,6.3691649493985,0
5654,0.037449931722188,0.0286003715483,-6.4502756287164,7.7965614033844,0
2071,-0.060737812091079,-0.0053409385109339,-6.4434426446566,2.3048789190942,0
136,-0.57663252668444,0.0012341480870085,-6.4376429833402,0.062500002000119,0
137,-0.55655233725586,0.0034853155299576,-6.4363963857312,0.18750000600041,0
138,-0.52541275691869,0.0052963911937552,-6.4351497881221,0.31250001000044,0
139,-0.48837226490401,0.0066118365054543,-6.4339031905131,0.43750001400015,0
2020,-0.041679532848401,-0.00097265109876419,-6.4336966815537,3.2163251323068,0
5646,0.016058100745315,0.012643923579343,-6.4316645605728,8.0764032002484,0
1751,0.0062118568998188,0.024870139514185,-6.4315413643688,5.5406368907154,0
944,-0.44783581031812,0.0074126755334128,-6.4314050180686,0.56250001800011,0
2096,-0.11149124382638,-0.0022704273304595,-6.4292199979961,1.7744982778563,0
1887,-0.02153470576073,0.011995151414669,-6.4289550839417,4.6146962002218,0
2046,-0.045865554664505,-0.0036917489140804,-6.4279342245664,2.843589986936,0
945,-0.40556928976414,0.0077036901539197,-6.4276552707886,0.68750002200035,0
1860,-0.016515348862867,0.014472732272863,-6.4252607986897,4.8318365383146,0
1914,-0.02597553186418,0.0096220570107547,-6.4239076695288,4.3990996449808,0
946,-0.36293696212463,0.0075133537734683,-6.4239055235086,0.81250002600034,0
1531,0.061490027961054,0.051016962357968,-6.4226184032545,6.6481885730431,0
1994,-0.037823670029861,0.0020505827956786,-6.4211230613281,3.5934538077805,0
947,-0.32104333419681,0.0068917497055254,-6.4201557762287,0.9375000300001,0
1833,-0.01085614818955,0.017057509791781,-6.4125141841829,5.0502066517626,0
1941,-0.029882881867949,0.0073523526026678,-6.410438630025,4.1853502500522,0
2120,-0.27360358606112,0.0056819479267544,-6.4087703389684,1.0850378473435,0
2072,-0.05361258933054,-0.0054383592023939,-6.4052410296461,2.4763912429919,0
2097,-0.088880915196184,-0.0039492709770397,-6.3993099785817,1.9454164354102,0
1669,0.028539061796693,0.034575183342373,-6.3970048638279,6.0371966893065,0
5669,0.072832708148775,0.054139418425052,-6.3940710869963,7.1716345421913,0
3727,0.070558849696975,0.054406074925469,-6.3934670933623,6.9076731739395,0
5661,0.064085760392341,0.047189371783316,-6.3934220713543,7.4450606076836,0
1806,-0.0044883117454278,0.019763505000707,-6.390414382936,5.2694821844276,0
1614,0.04323906032019,0.041332338777008,-6.3897248118754,6.3140751582273,0
1968,-0.033334608791262,0.0051607054999363,-6.3888771502098,3.9737404908756,0
2121,-0.22214466988946,0.0037612407028484,-6.3886399037968,1.2549713505081,0
1724,0.014613788499309,0.02812176774923,-6.3864591903236,5.7620646661962,0
5653,0.046719378369236,0.034529219611954,-6.3845903535431,7.7211651575634,0
2047,-0.044099770609549,-0.0028182473921575,-6.3807766653048,3.0149132918182,0
2021,-0.040381852256967,2.830227561001e-05,-6.3795444987038,3.3877785222169,0
5645,0.025924839048549,0.019551706859488,-6.3674720567721,7.9997315386692,0
2098,-0.072481651055385,-0.0051740114362456,-6.3670856816106,2.1157753835505,0
2122,-0.17810895109664,0.0016394784750343,-6.3662946452956,1.4245936107604,0
2073,-0.049307660281137,-0.0050955814672673,-6.364634755991,2.6471327645127,0
1559,0.05705555731335,0.047582463279136,-6.3640569253973,6.5920312198456,0
1995,-0.03638414437755,0.003040450719853,-6.3595611829002,3.7645516786817,0
1779,0.0026577834961984,0.022596974176355,-6.3586706276513,5.4893287238057,0
1915,-0.023633919039835,0.010582287014293,-6.3435751327113,4.5696801963606,0
1888,-0.018857370867568,0.012953040680396,-6.3428318797959,4.7851219513585,0
5637,0.0048014262787644,0.0038612929107063,-6.3419686642804,8.2805400875672,0
2123,-0.14137730056847,-0.00054439845457246,-6.3417428050016,1.5938507527464,0
3726,0.067501497250649,0.051704385958176,-6.3370984551395,6.8494205128471,0
1942,-0.027842770357213,0.0083058867441873,-6.3356975214935,4.3558610915905,0
1861,-0.013471206265221,0.015401769393035,-6.3331551755343,5.001875270045,0
2099,-0.061331270050553,-0.0058690382976729,-6.3325614204801,2.2855188963948,0
2048,-0.042729228876159,-0.0018880116572516,-6.331143347222,3.1852382459539,0
1697,0.023836349798106,0.031399310001487,-6.3310726774763,5.9832726957127,0
1642,0.038276824563676,0.037804622852634,-6.32742513314,6.2589853670561,0
5660,0.068923893382116,0.049363713534763,-6.3262692986546,7.3709687701047,0
5668,0.07306610878373,0.053170411385061,-6.3254766524306,7.0988756057221,0
2022,-0.039083333684308,0.0009957055497495,-6.3228370992285,3.5580537088181,0
2074,-0.04671152489926,-0.0044547501899274,-6.3216433197726,2.817045118334,0
1969,-0.031554977851374,0.0061063228207866,-6.3195210065836,4.1439650467162,0
140,-0.58111974905654,0.0012510379253916,-6.3195171818859,0.062500002000119,0
5652,0.055039460261099,0.039420793379581,-6.3189050783699,7.6457689117425,0
141,-0.56061028087014,0.0035330527278291,-6.3183510099289,0.18750000600041,0
142,-0.52885260377162,0.0053599113184034,-6.3171848379719,0.31250001000044,0
1752,0.010629294863628,0.025538279688197,-6.3170025519295,5.7094021011469,0
143,-0.49112098666673,0.0066749436606329,-6.3160186660149,0.43750001400015,0
2124,-0.11191812286693,-0.002592130320864,-6.314993934921,1.7626891171325,0
1834,-0.007418087976052,0.017926268643113,-6.3142421342146,5.2196186686871,0
948,-0.44986686346393,0.0074609270621522,-6.3136816659862,0.56250001800011,0
949,-0.40689513457445,0.0077230206152488,-6.3101738378857,0.68750002200035,0
950,-0.36359940293365,0.0074919676900507,-6.3066660097852,0.81250002600034,0
1587,0.052441763456975,0.044137591576405,-6.3054954475402,6.5358738666483,0
5644,0.035234622963509,0.025569715942728,-6.3032795529712,7.9230598770897,0
951,-0.3211047984935,0.0068199150070867,-6.3031581816847,0.9375000300001,0
2100,-0.054256209179032,-0.0060393721423015,-6.2957528742189,2.4545911140877,0
1996,-0.034829914003369,0.0039749705817491,-6.2953765857578,3.9342815243082,0
2148,-0.27347121686096,0.0055621480479261,-6.2920613883801,1.0837067129766,0
2125,-0.089340649405225,-0.004328017329844,-6.2860588917197,1.9310552933385,0
1807,-0.00063029788931821,0.020529060313983,-6.2857998909339,5.4380205568961,0
3725,0.063796953020545,0.048697853963205,-6.2807298169167,6.7911678517548,0
5636,0.014715679860184,0.01108752310267,-6.279293634199,8.2026224913096,0
2049,-0.041492208594089,-0.00096024731004961,-6.2790593321132,3.3545048192181,0
2075,-0.045005513394873,-0.003657099800857,-6.2762876333414,2.9860704318881,0
2149,-0.2222215780997,0.0036033293912585,-6.2723378901939,1.2509871169251,0
1725,0.019425398704176,0.028507178991248,-6.2651404911248,5.9293487021189,0
1670,0.033462754313516,0.034492476477975,-6.2651254544045,6.2038955758848,0
2023,-0.037714684805835,0.0019145703880705,-6.2636039508753,3.7270887794468,0
3767,0.071505927368804,0.051204321596982,-6.2633073746504,7.0317985990287,0
1916,-0.021077631926577,0.011459399185013,-6.2604029609021,4.7384073644025,0
5659,0.071847328019698,0.050068574661022,-6.2591165259551,7.296876932526,0
1943,-0.025611602200922,0.0091872839712496,-6.258195181481,4.5246641924994,0
2101,-0.050008623519584,-0.0057732489090052,-6.2566770783785,2.6229365752538,0
2126,-0.07296747806373,-0.0056168776989919,-6.2549498302076,2.0988961516105,0
1889,-0.01593779078369,0.013803607703174,-6.2537961668858,4.9535438883275,0
5651,0.061889352083854,0.042970990524237,-6.2532198031969,7.5703726659218,0
2150,-0.17833082501956,0.0014370884514842,-6.2505424605058,1.4179763581491,0
1780,0.0069457659855244,0.023202137342926,-6.2475459135354,5.6567395360976,0
1970,-0.029610996347983,0.0069869584209698,-6.247487373458,4.3126225382001,0
1615,0.047758913883516,0.040754951302588,-6.246933969683,6.4797165134508,0
5643,0.044264280629187,0.030990557970267,-6.2390870491702,7.8463882155102,0
1862,-0.010164763304852,0.016191198929563,-6.2380698854932,5.1697551529465,0
1997,-0.033136168878855,0.0048495727888265,-6.2286033831421,4.1025798433802,0
2076,-0.043693368768931,-0.0028032736611473,-6.2285900128902,3.154151359601,0
2151,-0.14169293837493,-0.00079497882796705,-6.2266828091405,1.584624037124,0
2050,-0.040257475122945,-6.6022163216216e-05,-6.224551137129,3.5226536098558,0
3724,0.059665516841495,0.045538612307745,-6.224361178694,6.7329151906626,0
2127,-0.061849498028488,-0.0063825949735731,-6.2216801963034,2.2661588736954,0
5635,0.024024988235481,0.017264226329682,-6.2166186041178,8.1247048950521,0
2102,-0.047471580348331,-0.0052109691581125,-6.2153524149785,2.7905002497318,0
1835,-0.003693632565491,0.018614883045837,-6.2129291542163,5.3867123899864,0
3766,0.06895139230652,0.048809352079858,-6.207563253656,6.9704035221113,0
1698,0.028841042689567,0.031410265071994,-6.2028257756691,6.1488057847136,0
2024,-0.036237029285666,0.0027778656480587,-6.2018760213058,3.894822557741,0
144,-0.58567672867681,0.0012718987906332,-6.2013913804316,0.06250000200012,0
2152,-0.1122870319381,-0.0028955774516383,-6.200767871846,1.7508799564086,0
145,-0.56472380112181,0.0035914539983158,-6.2003056341267,0.18750000600041,0
146,-0.53232769074646,0.0054396551250654,-6.1992198878218,0.31250001000044,0
1753,0.015328004354927,0.025891961178308,-6.1992083047733,5.875424708525,0
147,-0.49388296343687,0.0067586270344673,-6.1981341415168,0.43750001400015,0
952,-0.45188974601512,0.0075325818659972,-6.1959583139039,0.56250001800012,0
953,-0.4081933721776,0.0077673147107412,-6.1926924049828,0.68750002200036,0
5658,0.072825801328201,0.049434616137131,-6.1919637532551,7.2227850949468,0
954,-0.36421761459177,0.0074959039446085,-6.1894264960618,0.81250002600035,0
1643,0.043091817316769,0.037486209024093,-6.1883724918256,6.4235591602531,0
5650,0.067047820123024,0.045121536764022,-6.1875345280243,7.4949764201016,0
2128,-0.054818484570628,-0.0066289320842559,-6.1862647187915,2.4327909851835,0
955,-0.32110873399287,0.0067727582183622,-6.1861605871407,0.93750003000011,0
5627,0.0042952760012794,0.0033268393264828,-6.1857202260808,8.4051011131603,0
2077,-0.042515420194533,-0.0019516174272831,-6.1785741655226,3.3212311162193,0
1808,0.0035273660183504,0.021067116590295,-6.1780892751414,5.6040769710485,0
1944,-0.023172350948618,0.0099861854475933,-6.1779740420085,4.6916927774466,0
2176,-0.2732828751969,0.0054651328982067,-6.1753524377917,1.0823755786097,0
5642,0.052502685743803,0.035511256823827,-6.1748945453694,7.7697165539308,0
1917,-0.018275749117316,0.012237417808527,-6.1744371582375,4.9052125066101,0
1971,-0.027482711017263,0.0077952822153273,-6.1728152302506,4.4796481886382,0
2153,-0.089737570302618,-0.0046909471669252,-6.1728078048578,1.9166941512668,0
2103,-0.045823586807699,-0.0044924758083834,-6.1717986013778,2.957227571958,0
3723,0.055270988899582,0.042333711267106,-6.1679925404714,6.6746625295704,0
2051,-0.038957200933371,0.00078002249595624,-6.1676467188504,3.689625880212,0
1890,-0.012757490618357,0.01452111131274,-6.1618976367719,5.119891637206,0
1998,-0.031283795350894,0.0056593113487683,-6.1592772254224,4.2693839848097,0
2177,-0.2222435168958,0.0034653030424823,-6.156035876591,1.247002883342,0
5634,0.032937847896502,0.022692228958972,-6.1539435740363,8.0467872987943,0
3765,0.0656080973685,0.046047071064761,-6.1518191326616,6.9090084451939,0
2129,-0.050623726186943,-0.0064424395090161,-6.1487194007658,2.5987403859949,0
2154,-0.073384023489162,-0.0060463287370749,-6.1428139788047,2.0820169196705,0
1726,0.024442896594395,0.028561887234547,-6.1405260969338,6.0937159935424,0
1863,-0.0065687733094561,0.016810008737413,-6.1400584174986,5.3354042230765,0
2025,-0.034625683026288,0.0035814677845361,-6.1376857597007,4.0611946400443,0
2178,-0.17849793699264,0.0012524008356674,-6.134790275716,1.4113591055378,0
1781,0.011520192957422,0.023508323893523,-6.1332761184218,5.8215007149312,0
3807,0.072009013819801,0.047839899502392,-6.1308565661584,7.153501099715,0
1671,0.038505756599155,0.034365812589,-6.1298110139683,6.3674018070555,0
2078,-0.041342568392137,-0.0011326491276106,-6.1262651750296,3.4872535108936,0
2104,-0.044568402546768,-0.0037177417334294,-6.1260366785582,3.123064473248,0
5626,0.01337771503867,0.0096403653672674,-6.1245867913386,8.3259675405051,0
5649,0.070464519953101,0.045952856178201,-6.1218492528518,7.4195801742814,0
3722,0.050738168942236,0.039158571690868,-6.1116239022486,6.6164098684781,0
2179,-0.14195290914994,-0.0010295818463557,-6.1116228132796,1.5753973215016,0
2155,-0.062291267050308,-0.0068850653001229,-6.1107989721267,2.246798850996,0
5641,0.059444120519974,0.038847109682442,-6.1107020415687,7.6930448923517,0
2130,-0.0481428188511,-0.0059614412937905,-6.1090615101841,2.7639553811296,0
1836,0.00033639065283531,0.019088437664972,-6.1086326367472,5.5514144059992,0
2052,-0.037553315606979,0.0015711412168242,-6.1083754568538,3.8553635911739,0
3764,0.061726226832962,0.043080909248457,-6.0960750116672,6.8476133682766,0
1972,-0.025152052978948,0.008522272668017,-6.0955451231146,4.6449781904905,0
1945,-0.020497474377626,0.010687949786315,-6.0950781495892,4.8568811248927,0
5633,0.041687028308351,0.027613626836881,-6.0912685439549,7.9688697025365,0
1999,-0.02925346305689,0.0063979374819723,-6.0874352790201,4.4346321847769,0
2180,-0.11259728440587,-0.0031850989537128,-6.086541808771,1.7390707956848,0
1918,-0.015217595535799,0.012888632976161,-6.0857253880507,5.0700281214656,0
148,-0.59031638461793,0.0012963645235977,-6.0832655789775,0.06250000200012,0
149,-0.56890457562359,0.0036595443303065,-6.0822602583247,0.18750000600041,0
150,-0.53584802991735,0.0055339979345647,-6.0812549376719,0.31250001000044,0
151,-0.49666642143206,0.0068605609295108,-6.0802496170191,0.43750001400015,0
956,-0.45391085380736,0.0076246362924227,-6.0782349618219,0.56250001800012,0
1754,0.020283642913777,0.02593522488396,-6.0782264181984,6.0386262023712,0
2105,-0.043448042093273,-0.0029442133264866,-6.0780889989317,3.2879574132203,0
2156,-0.05529771756496,-0.0072095999744131,-6.0767765633641,2.4109908562793,0
3806,0.070037667055388,0.045745308840691,-6.0757949646653,7.0890249468309,0
957,-0.40946863044402,0.0078328917107425,-6.0752109720802,0.68750002200037,0
958,-0.36479456696188,0.0075208529377694,-6.0721869823385,0.81250002600036,0
2079,-0.040108436529533,-0.00036073338770837,-6.0716894868257,3.6521629809773,0
1699,0.034051188744933,0.031413494868373,-6.071249536111,6.3112444538579,0
2026,-0.032861462746311,0.0043212381559095,-6.0710670773869,4.2261454314194,0
959,-0.32105654480062,0.006745412630476,-6.0691629925969,0.93750003000011,0
1809,0.0079770128830673,0.021320658627471,-6.0673439320705,5.7675767213375,0
2131,-0.046550900850494,-0.005324366103615,-6.0673095694139,2.9283847120277,0
1891,-0.0092857001436418,0.015077984685801,-6.067187680781,5.2840960561667,0
5625,0.02210153347776,0.015121363839961,-6.0634533565966,8.24683396785,0
2181,-0.090070881262093,-0.0050419781260549,-6.059556717996,1.9023330091951,0
2204,-0.27303819704629,0.0053857318766101,-6.0586434872035,1.0810444442429,0
5648,0.072108291999976,0.045578223927581,-6.056163977679,7.3441839284609,0
3721,0.046163100589631,0.036065212679774,-6.0552552640257,6.5581572073857,0
2053,-0.036021425588319,0.0023035634851679,-6.0467681362594,4.0198094367086,0
5640,0.064861376942736,0.040932517791524,-6.0465095377684,7.616373230773,0
2157,-0.051150809243873,-0.0071047356016116,-6.0407617231532,2.574544196736,0
3763,0.0574919157609,0.040027439211683,-6.040330890673,6.7862182913594,0
2205,-0.22220983774434,0.0033425149925684,-6.0397338629881,1.243018649759,0
1864,-0.0026623724425194,0.017225563631645,-6.0391759983529,5.4987518409497,0
2182,-0.073730379400958,-0.0064657587771531,-6.0306781274019,2.0651376877306,0
5632,0.049795421348882,0.031757331638801,-6.0285935138735,7.8909521062788,0
2106,-0.042335338962671,-0.0022018450791815,-6.0279792129299,3.4518534119312,0
5617,0.0038076080970546,0.0028400188170258,-6.0271665509918,8.5267142511753,0
2132,-0.045351207600264,-0.0046304454189446,-6.023483344226,3.091977586895,0
3805,0.067141908407579,0.043226850142105,-6.0207333631721,7.0245487939467,0
2206,-0.17860971048074,0.0010814350864644,-6.0190380909263,1.4047418529265,0
1782,0.01635809611938,0.023503056351079,-6.0159267394631,5.9835364112,0
1973,-0.02259356828472,0.0091548179569456,-6.0157191409407,4.8085497431753,0
2080,-0.0387758037142,0.00035757322124126,-6.014874892402,3.8159046246069,0
2000,-0.027026346259141,0.0070574836512797,-6.0131162042208,4.5982636035345,0
1727,0.029766362461786,0.02864246354321,-6.0126880582537,6.2550871006604,0
1946,-0.017560978850675,0.011275535853962,-6.0095531393295,5.0201646057252,0
2158,-0.048722749480692,-0.0067067750150552,-6.0027706053898,2.7374105125274,0
5624,0.03058325349529,0.019982105791865,-6.0023199218544,8.1677003951947,0
2027,-0.03092549834425,0.0049919472882051,-6.0020553277897,4.3896161809158,0
1837,0.0046632365592035,0.019290859599998,-6.0014117457189,5.7136527277436,0
2183,-0.062655468557735,-0.0073791951824178,-5.9999177479501,2.2274388282966,0
3720,0.041618353602728,0.033086782969136,-5.9988866258029,6.4999045462933,0
2207,-0.14215637245775,-0.0012519882869078,-5.9965628174187,1.5661706058792,0
3847,0.072018659257818,0.044303626726122,-5.9961602235786,7.272738396241,0
1919,-0.011867191111614,0.013390327570811,-5.9943169440636,5.2327878892571,0
3762,0.053047762068496,0.036969310258433,-5.9845867696786,6.7248232144421,0
2054,-0.034342472809851,0.002973807177692,-5.9828569293516,4.1829068780293,0
5639,0.068700036455107,0.041833661022492,-5.9823170339683,7.5397015691944,0
2133,-0.044287032464519,-0.0039362234576711,-5.9776038323406,3.2546837102213,0
2107,-0.041165301980187,-0.0015047794601082,-5.9757322548006,3.6147000817424,0
2208,-0.11284792376549,-0.0034641971035756,-5.9723157456961,1.727261634961,0
1892,-0.0054994237892097,0.01544369096588,-5.9697193599588,5.4460892759004,0
5616,0.012061076007144,0.0083081350819326,-5.9675982429916,8.4463951264093,0
2184,-0.055692474925949,-0.0077833589645563,-5.9672884079369,2.3891907273751,0
5631,0.056773327848615,0.034857901576103,-5.9659184837923,7.8130345100214,0
3804,0.063590205243572,0.040455818679225,-5.9656717616791,6.9600726410627,0
152,-0.5950505831573,0.0013241617300595,-5.9651397775233,0.06250000200012,0
153,-0.57316321379748,0.0037365999903002,-5.9642148825227,0.18750000600041,0
154,-0.53942252308108,0.0056417118862828,-5.9632899875222,0.31250001000044,0
2159,-0.047184801239109,-0.0061524693394955,-5.9628205374501,2.8995418520975,0
155,-0.49947843038222,0.0069789501284724,-5.9623650925216,0.43750001400015,0
960,-0.45593540556083,0.007734726515496,-5.9605116097402,0.56250001800012,0
961,-0.41072438105121,0.007916811266741,-5.9577295391778,0.68750002200037,0
2081,-0.037320707919948,0.0010187525626183,-5.9558505128182,3.978424233373,0
962,-0.36533214444162,0.0075633434792008,-5.9549474686155,0.81250002600037,0
1755,0.025671172692776,0.026055476256886,-5.9541265803964,6.1989297474628,0
1810,0.012695352442365,0.021275704435836,-5.9536270607278,5.928446620029,0
963,-0.32094868445324,0.0067339655908778,-5.9521653980531,0.93750003000011,0
2209,-0.090339618878555,-0.005384269974383,-5.9463056311342,1.8879718671235,0
3719,0.037149699473354,0.030237103619513,-5.94251798758,6.4416518852009,0
2232,-0.27273617340139,0.0053199065553949,-5.9419345366153,1.079713309876,0
3846,0.070693135862617,0.042496723560071,-5.941837990551,7.2052435776221,0
5623,0.039011295239291,0.02441688112446,-5.9411864871122,8.0885668225394,0
2001,-0.024578217113124,0.0076265050153989,-5.9363601322922,4.7602183614578,0
1865,0.0015458614107655,0.017382637840167,-5.9354795593673,5.6597287341497,0
1974,-0.019781976208826,0.0096783366562804,-5.9333808906082,4.9703010899847,0
2185,-0.051588072453243,-0.0077612693769365,-5.9328040455406,2.5503480074771,0
2028,-0.028798605948457,0.005586709837491,-5.930687285327,4.5515490165786,0
2134,-0.043232886434706,-0.0032710767509079,-5.92969325083,3.4164533129688,0
3761,0.048504563433363,0.033964012692129,-5.9288426486841,6.6634281375246,0
2233,-0.22211967242895,0.0032313545140648,-5.9234318493853,1.239034416176,0
1947,-0.014329550054463,0.011726615424838,-5.9214462073462,5.1814797223475,0
2108,-0.039901578666074,-0.00085946751325986,-5.9213743279498,3.7764456580398,0
2160,-0.046039104189637,-0.0055402259704098,-5.9209300098938,3.0608907005419,0
2210,-0.074005605915498,-0.0068778908366705,-5.9185422759991,2.0482584557907,0
5638,0.07092594575053,0.041647424918411,-5.9181245301678,7.4630299076154,0
2055,-0.032498015858063,0.0035775429382564,-5.9166753765594,4.3446001770549,0
3803,0.059590276226874,0.037556937166141,-5.9106101601861,6.8955964881788,0
5615,0.020177295578869,0.013132322800483,-5.9080299349914,8.3660760016435,0
2234,-0.17866524067103,0.00092097176527521,-5.9032859061366,1.3981246003152,0
5630,0.062387633117788,0.036843460826705,-5.9032434537115,7.7351169137645,0
1920,-0.0081993610021665,0.013713881069203,-5.9002627215647,5.3934267108512,0
2186,-0.049209283139003,-0.0074472422352664,-5.8964797005956,2.7108656439252,0
1783,0.021772103404781,0.023646169290148,-5.8955651025391,6.1427723942653,0
2082,-0.035724392734902,0.0016198287072714,-5.8946467813163,4.1396683246393,0
1838,0.0092602092835742,0.019208954219899,-5.8913273819925,5.8733568288578,0
2211,-0.062941111842304,-0.0078671589501668,-5.8890365237736,2.2080788055972,0
3845,0.068331513807924,0.040220275586185,-5.8875157575234,7.1377487590031,0
3718,0.032831853724363,0.027550524300222,-5.8861493493572,6.3833992241086,0
2235,-0.14230220046203,-0.0014652488297593,-5.8815028215578,1.5569438902568,0
5622,0.046941230152891,0.028183036404762,-5.88005305237,8.0094332498841,0
2135,-0.042125050756389,-0.0026489657414872,-5.8797750227753,3.5772371825075,0
2161,-0.04502979123043,-0.004925716712837,-5.8771186657496,3.2214100072223,0
3760,0.0439477189574,0.031050412122064,-5.8730985276895,6.6020330606071,0
1893,-0.0014053748856109,0.015564039617372,-5.8695473730157,5.6058047405558,0
5607,0.0033438443024408,0.0024014429839535,-5.8663632480914,8.6453368486147,0
2109,-0.038520747994251,-0.00026927462165423,-5.8649328893767,3.9370390300372,0
3887,0.071513118798533,0.040631981339282,-5.859264683924,7.3894690641254,0
2187,-0.047723059140115,-0.0069762622428662,-5.8583315054863,2.8706989921673,0
2236,-0.11303775731348,-0.0037357005846845,-5.8580896826213,1.7154524742372,0
2212,-0.056001581518134,-0.0083517319188424,-5.8578002525096,2.3673905984709,0
2002,-0.021883800786591,0.0080919707994674,-5.8572086418869,4.9204375742442,0
2029,-0.026457416352608,0.0060957538911622,-5.8570011236439,4.7118869797405,0
3802,0.055301992354821,0.034620071365559,-5.855548558693,6.8311203352947,0
1975,-0.016683522228287,0.010075040781172,-5.8485754706287,5.1301715554378,0
5614,0.028196415637639,0.017451611193654,-5.8484616269911,8.2857568768774,0
2056,-0.030468854483858,0.0041089630051369,-5.8482583664334,4.5048344296229,0
156,-0.59989043668003,0.0013550982953973,-5.847013976069,0.06250000200012,0
157,-0.57750953938865,0.003822118474364,-5.8461695067206,0.18750000600041,0
158,-0.54305922416844,0.0057619180811307,-5.8453250373722,0.31250001000044,0
159,-0.50232514492605,0.0071124637829937,-5.8444805680237,0.43750001400015,0
964,-0.45796766371373,0.0078610446657764,-5.8427882576581,0.56250001800012,0
5629,0.066577297875109,0.037765958530193,-5.8405684236308,7.6571993175076,0
965,-0.41196314545977,0.008016766996839,-5.8402481062751,0.68750002200038,0
966,-0.36583134688973,0.0076206062970512,-5.8377079548922,0.81250002600037,0
1811,0.018073393476158,0.021404213441506,-5.837003624682,6.0866150410679,0
967,-0.32078485493391,0.0067352759888094,-5.8351678035092,0.93750003000012,0
3844,0.065192014555093,0.037644841244029,-5.8331935244959,7.0702539403842,0
2237,-0.09054267309963,-0.0057203726516097,-5.8330545442725,1.8736107250518,0
2162,-0.044032751398142,-0.0043377291476072,-5.8314072887301,3.3810532140063,0
2083,-0.033968900861548,0.0021572317389371,-5.8312954253292,4.299584173194,0
1948,-0.010780434712425,0.01201341823061,-5.8308060831708,5.340764145802,0
3717,0.028693946021784,0.025026697540941,-5.8297807111344,6.3251465630162,0
1866,0.006026222001749,0.017267582020408,-5.829027703257,5.8182670376864,0
2136,-0.040928027001525,-0.002076304099375,-5.8278737634974,3.7369866914725,0
2260,-0.27237532459248,0.0052644468413534,-5.825225586027,1.0783821755092,0
2213,-0.051934069713968,-0.008412824933714,-5.8248463679281,2.5261518182183,0
5621,0.053900383748984,0.031033994458003,-5.818919617628,7.9302996772292,0
2188,-0.04662985390228,-0.006445801426282,-5.8183766755617,3.0298038141889,0
3759,0.03944097346191,0.028254811739967,-5.8173544066951,6.5406379836897,0
5606,0.010781773581639,0.0070945103179844,-5.8083829990701,8.5638630504071,0
2261,-0.22197189774562,0.0031289648860276,-5.8071298357825,1.235050182593,0
2110,-0.037004507898923,0.00026318547320192,-5.8064366332807,4.0964297712492,0
2238,-0.07420873701356,-0.0072849054814539,-5.8064064245964,2.0313792238507,0
3886,0.070849272950262,0.039082067421051,-5.8057374952372,7.3190190387245,0
1921,-0.0042174545551435,0.013806490460458,-5.8036151866644,5.5518807469621,0
3801,0.050850380687306,0.031708776580895,-5.8004869571998,6.7666441824105,0
2214,-0.04960072688762,-0.0081828605888768,-5.7901887958014,2.6843207753231,0
5613,0.036264116262245,0.021416264927539,-5.7888933189907,8.2054377521113,0
2262,-0.17866332266049,0.00076842808515715,-5.7875337213469,1.3915073477039,0
2163,-0.042985381923567,-0.0037900678069068,-5.7838177907501,3.5397742832725,0
2030,-0.023876624146369,0.0065074625675829,-5.7810363931657,4.8705740585039,0
3843,0.061499589290386,0.034901819773207,-5.7788712914684,7.0027591217654,0
1839,0.014564270327943,0.019301703296032,-5.7784421468247,6.0304576878704,0
2239,-0.063147316108491,-0.0083506665438804,-5.7781552995971,2.1887187828979,0
5628,0.069302909077174,0.037707039663421,-5.7778933935497,7.5792817212504,0
2057,-0.028232326834101,0.0045598707887607,-5.7776421149956,4.6635555980234,0
2189,-0.045674171409392,-0.0059107123947827,-5.7766334991586,3.1881363042233,0
2003,-0.018911106408824,0.0084384348103616,-5.7757047339111,5.0788633885281,0
2137,-0.03961900648394,-0.0015563951906918,-5.7740152659349,3.8956538267013,0
3716,0.024747647626814,0.022657419516243,-5.7734120729116,6.2668939019239,0
1894,0.002966450754609,0.015424583283545,-5.7667280245216,5.7631772465152,0
2263,-0.14238899682552,-0.0016718092106777,-5.7664428256969,1.5477171746345,0
2084,-0.032035290552424,0.0026261533483355,-5.7658294475399,4.4581198426672,0
3758,0.035041291563576,0.025596900923803,-5.7616102857006,6.4792429067723,0
1976,-0.013256154897755,0.010326613152376,-5.7613494447766,5.2881015807527,0
5620,0.059650164102636,0.032892775462175,-5.7577861828865,7.8511661045747,0
2215,-0.04816385791649,-0.0077950574233655,-5.7538424735227,2.8418561322371,0
3885,0.069084406469042,0.037037156539486,-5.7522103065505,7.2485690133236,0
5605,0.01827561357854,0.011304237595243,-5.7504027500489,8.4823892521996,0
2240,-0.056224105625507,-0.0089158714682278,-5.7483120970825,2.3455904695668,0
2111,-0.035335485149099,0.00073495241889072,-5.7459154740988,4.254568169333,0
3800,0.046333485101445,0.02886721436546,-5.7454253557065,6.7021680295262,0
2264,-0.11316536869332,-0.0040018919823608,-5.7438636195463,1.7036433135134,0
1949,-0.0069117100119414,0.012085434555194,-5.737683000313,5.4979567533684,0
2164,-0.04185298785283,-0.0032891594120611,-5.7343731990451,3.6975277249053,0
2190,-0.044732943038519,-0.0053991924411097,-5.7331213266303,3.3456531150439,0
5612,0.043967958490989,0.024809095780729,-5.7293250109904,8.1251186273453,0
160,-0.60484657115454,0.0013890536476406,-5.7288881746147,0.06250000200012,0
161,-0.58195284237002,0.0039157934218154,-5.7281241309184,0.18750000600041,0
162,-0.5467655707943,0.0058940459735913,-5.727360087222,0.31250001000044,0
163,-0.50521201327801,0.0072601778266172,-5.7265960435256,0.43750001400015,0
968,-0.46001111829706,0.0080022629606961,-5.7250649055757,0.56250001800012,0
3842,0.057431579805654,0.032087591129821,-5.7245490584408,6.9352643031465,0
969,-0.41318665604083,0.0081309857772226,-5.7227666733722,0.68750002200038,0
970,-0.36629243353055,0.0076904407889772,-5.7204684411687,0.81250002600038,0
3927,0.070502409202882,0.036891393176515,-5.7202170480603,7.5036525498425,0
1867,0.011231181481468,0.017314708329648,-5.7198806689673,5.9743003346727,0
2265,-0.09067879428228,-0.0060523435535404,-5.7198034574107,1.8592495829801,0
2138,-0.038180261353735,-0.0010916235087625,-5.718226485245,4.0531912178589,0
971,-0.32056413648837,0.0067468019151043,-5.7181702089652,0.93750003000012,0
3715,0.020995552633129,0.020432084716926,-5.7170434346889,6.2086412408317,0
2241,-0.052187698831943,-0.0090599213931428,-5.7168886903157,2.5019556289594,0
2216,-0.047121646968866,-0.0073458162872629,-5.7158233412297,2.9987169278359,0
2288,-0.27195378641414,0.005216734851216,-5.7085166354386,1.0770510411423,0
3757,0.030777938716569,0.023072673229195,-5.7058661647062,6.4178478298549,0
2058,-0.025763293795691,0.0049201642209056,-5.7048641444447,4.8207105427638,0
1922,5.060400489855e-05,0.013652753179051,-5.7044283457863,5.7080874553441,0
5597,0.0029083992378059,0.0020106779564004,-5.7033667152688,8.7609273015186,0
2031,-0.02102514137179,0.0068084376758647,-5.7028339971937,5.0275552216185,0
3884,0.066431837343652,0.03465243804428,-5.6986831178638,7.1781189879229,0
2085,-0.029901587968835,0.0030198171500987,-5.6982831063475,4.6152242163064,0
5619,0.064121253647967,0.033797731115613,-5.696652748145,7.7720325319202,0
2266,-0.074338779581457,-0.007688539418769,-5.6942705731936,2.0144999919108,0
5604,0.025805193299056,0.015111029231822,-5.6924225010275,8.4009154539918,0
2004,-0.015621511477743,0.0086498015897696,-5.6918928063825,5.2354390157035,0
2289,-0.22176516355855,0.0030330387690797,-5.6908278221795,1.23106594901,0
3799,0.04182773611479,0.026125548740123,-5.6903637542134,6.6376918766421,0
2191,-0.043744489472223,-0.0049249018901494,-5.6878605587249,3.5023113840376,0
2242,-0.04989578183373,-0.0089134683115381,-5.6838978910073,2.657775906721,0
2112,-0.033495233109752,0.0011420928627733,-5.6834005286461,4.4114052557114,0
2165,-0.040613402407363,-0.0028383202164205,-5.6830976424932,3.8542686233654,0
2217,-0.046218470648366,-0.0068892316478182,-5.6761483325678,3.1548626012244,0
2290,-0.17860249317798,0.00062174238439184,-5.6717815365571,1.3848900950926,0
1977,-0.0095039555320613,0.010381578547444,-5.6717508139615,5.4440327597746,0
3841,0.053127560368614,0.029271527195893,-5.6702268254131,6.8677694845274,0
5611,0.050853710878429,0.027402007520089,-5.6697567029903,8.0447995025796,0
3926,0.070478620496749,0.035555609016773,-5.6675393871627,7.4303118032843,0
2267,-0.063273296582768,-0.0088310409319988,-5.6672740754205,2.1693587601985,0
1895,0.0080820202663539,0.015443165972571,-5.66131919111,5.9181429814751,0
3714,0.017431684596378,0.01833250625886,-5.6606747964661,6.1503885797394,0
2139,-0.03659511358746,-0.00068449167973217,-5.6605355228681,4.2095521654718,0
2291,-0.14241511048106,-0.0018736248005398,-5.6513828298358,1.5384904590121,0
3756,0.02670600548806,0.020697617843694,-5.6501220437117,6.3564527529375,0
2243,-0.048505782079752,-0.0086080533376858,-5.649353441559,2.8130132723069,0
5596,0.0095543264309157,0.006000793275896,-5.6469968497212,8.6783301510067,0
3883,0.063117295788398,0.032062163986812,-5.6451559291772,7.1076689625222,0
1950,-0.0027461780029291,0.011926916688959,-5.6421286670511,5.6529976641731,0
2192,-0.042674833838834,-0.0044943103175065,-5.6408726345929,3.6580687583381,0
2268,-0.056359333300141,-0.00947661974372,-5.6388239416552,2.3237903406626,0
5618,0.067267427891296,0.033816623111525,-5.6355193134031,7.6928989592654,0
3798,0.037394376445686,0.023503298962309,-5.6353021527202,6.5732157237579,0
2218,-0.045331937040834,-0.0064529258366903,-5.6348353645306,3.3102530160816,0
5603,0.033476501453989,0.018625671347049,-5.634442252006,8.3194416557841,0
2166,-0.039249551513862,-0.0024398219609676,-5.6300163372092,4.0099526644686,0
2059,-0.023031274372204,0.0051783712996569,-5.6299632604765,4.9762470547092,0
2292,-0.11322912293626,-0.0042646178630154,-5.6296375564713,1.6918341527896,0
2086,-0.027543009663095,0.0033296436901379,-5.6286918957238,4.7708470270238,0
2032,-0.017865948979817,0.0069837826599165,-5.6224361679885,5.1827764506543,0
2113,-0.03146253128853,0.0014790773505775,-5.6189240976992,4.5668928345892,0
3840,0.048698131761597,0.026502522783284,-5.6159045923854,6.8002746659084,0
3925,0.069337466149766,0.033720221473544,-5.6148617262651,7.356971056726,0
2244,-0.047513083722792,-0.0082388799749333,-5.6132700068977,2.967630041483,0
164,-0.6099293649713,0.0014259715334459,-5.6107623731605,0.06250000200012,0
5610,0.056678215834565,0.029114217398334,-5.6101883949906,7.9644803778144,0
165,-0.58650210231079,0.0040174953949959,-5.6100787551162,0.18750000600041,0
166,-0.55054858652442,0.006037800951005,-5.6093951370718,0.31250001000044,0
2269,-0.052348178918639,-0.009702867491696,-5.6089310127031,2.4777594397006,0
167,-0.50814395418282,0.0074215272977978,-5.6087115190275,0.43750001400015,0
972,-0.4620686342714,0.0081574690545823,-5.6073415534933,0.56250001800013,0
2293,-0.090746597923621,-0.0063818431382738,-5.6065523705488,1.8448884409084,0
2005,-0.012006655282174,0.0086827910387447,-5.60581862761,5.3901087661808,0
973,-0.41439597383014,0.0082581398402286,-5.6052852404693,0.68750002200039,0
3713,0.014046982793251,0.016342280475344,-5.6043061582432,6.0921359186469,0
974,-0.36671501870609,0.0077710969167804,-5.6032289274452,0.81250002600039,0
1923,0.0050844212511195,0.013653286877913,-5.6027577132528,5.8619856282777,0
975,-0.32028507531111,0.0067664498000371,-5.6011726144212,0.93750003000012,0
2140,-0.034845820278115,-0.00033820660185297,-5.6009716097521,4.3646906687555,0
3755,0.022827613751595,0.018455203908981,-5.5943779227175,6.2950576760203,0
2193,-0.04150243846755,-0.0041108001382572,-5.5921800190516,3.8128834200295,0
2219,-0.044401070463124,-0.0060504113439957,-5.5919033266999,3.4648484848027,0
2316,-0.27146936726346,0.0051745553935404,-5.5918076848502,1.0757199067755,0
3882,0.059332810001098,0.02936811784608,-5.5916287404904,7.0372189371214,0
5595,0.016419175691337,0.0096413549956384,-5.5906269841737,8.5957330004948,0
2294,-0.074394714726976,-0.0080901598768488,-5.5821347217907,1.9976207599708,0
3797,0.033076769293839,0.021008510210805,-5.580240551227,6.5087395708737,0
1978,-0.0054433403857367,0.010225123710655,-5.5798289883158,5.5979078730019,0
3967,0.069011636816565,0.033149127718501,-5.5790651655119,7.6152491840361,0
2270,-0.05009353838857,-0.0096387830782408,-5.577606986213,2.6312310381188,0
5602,0.040908784283329,0.021653908952381,-5.5764620029846,8.2379678575764,0
2245,-0.046661408573985,-0.0078593367378225,-5.5756631659769,3.1215888982254,0
2167,-0.037745550218518,-0.0020958558563749,-5.5751555716375,4.1645361616107,0
2317,-0.22149798363966,0.0029416621589297,-5.5745258085765,1.227081715427,0
3924,0.067232232768065,0.031516089239491,-5.5621840653676,7.2836303101678,0
3839,0.04423085361866,0.023814048400757,-5.5615823593578,6.7327798472893,0
2087,-0.024929626912586,0.0035459606962743,-5.5570925237594,4.9249388877999,0
2295,-0.063318353444203,-0.0093092687186704,-5.5563928512439,2.1499987374992,0
2318,-0.17848111429271,0.00047927552018025,-5.5560293517672,1.3782728424814,0
2060,-0.020000510911022,0.0053205086002464,-5.5529795295948,5.1301138856055,0
2114,-0.02921311417655,0.0017387720954593,-5.5525196470026,4.7209835112836,0
5609,0.061362922657714,0.02997150696655,-5.550620086991,7.8841612530492,0
3712,0.010833822740472,0.014445588145683,-5.5479375200203,6.0338832575545,0
2220,-0.043392496703812,-0.0056882068147048,-5.5473720701407,3.618609791771,0
2271,-0.048747814290206,-0.0094143786239404,-5.5448644095953,2.7841704123768,0
1951,0.002213994208833,0.011918768084568,-5.5441962353957,5.8058282750803,0
2194,-0.04021091740482,-0.0037766248791966,-5.5418061891736,3.9667141110784,0
2033,-0.014390337342129,0.0069929814243737,-5.5398864412587,5.3361847725871,0
2141,-0.032912033755092,-5.7225646870903e-05,-5.5395650890506,4.5185614528719,0
3754,0.019136868607249,0.016324550034599,-5.538633801723,6.2336625991029,0
5587,0.0025045506124078,0.0016663418812484,-5.538234119707,8.8734450692957,0
3881,0.055232428632659,0.026644928042688,-5.5381015518036,6.9667689117205,0
2246,-0.045828650672957,-0.0074965061138825,-5.5365494024309,3.2748529171192,0
2319,-0.14237868908586,-0.0020722583470003,-5.5363228339748,1.5292637433897,0
5594,0.023438101174972,0.012967527787188,-5.5342571186261,8.5131358499827,0
2296,-0.056406739095729,-0.010034536480191,-5.5293357862279,2.3019902117584,0
3966,0.069585721691645,0.031982740974609,-5.5272903044714,7.5390832062324,0
3796,0.028912531392863,0.018644048206697,-5.5251789497339,6.4442634179896,0
2168,-0.03608453757234,-0.0018090610773363,-5.5185426908582,4.3179760817996,0
5601,0.047668055381536,0.023985796115578,-5.5184817539635,8.1564940593691,0
2006,-0.0080555016377802,0.0085303763674299,-5.5175293095804,5.5428180818308,0
2320,-0.11322721365704,-0.0045253783546773,-5.5154114933962,1.6800249920658,0
2272,-0.04780315816898,-0.0091235990561751,-5.5107166725656,2.93654315513,0
3923,0.064363690594642,0.029072209186659,-5.5095064044701,7.2102895636098,0
3838,0.039794814313646,0.021227462793936,-5.5072601263302,6.6652850286703,0
2221,-0.042285254232121,-0.0053697879268337,-5.5012623956101,3.7714982166938,0
2297,-0.052415014895347,-0.010341776628207,-5.5009733350905,2.4535632504417,0
2247,-0.044954300341171,-0.0071637328091604,-5.4959460946748,3.4273855855678,0
2321,-0.090744613832156,-0.0067102052395753,-5.4933012836869,1.8305272988367,0
168,-0.61514914385144,0.0014658563918723,-5.4926365717062,0.06250000200012,0
169,-0.59116617064431,0.0041272591944347,-5.4920333793141,0.18750000600041,0
3711,0.0077759566655306,0.012618314697451,-5.4915688817977,5.9756305964623,0
170,-0.55441504485311,0.006193140654318,-5.4914301869219,0.31250001000044,0
5608,0.064853887755503,0.030029186297663,-5.491051778991,7.8038421282837,0
171,-0.5111254964609,0.0075962694870961,-5.4908269945298,0.43750001400015,0
2195,-0.038785245779906,-0.0034937977901185,-5.489775620407,4.1195201577496,0
976,-0.46414255879516,0.0083261143577055,-5.4896182014114,0.56250001800013,0
977,-0.41559156013221,0.0083972740126913,-5.4878038075667,0.6875000220004,0
978,-0.36709811829384,0.0078611732217167,-5.485989413722,0.8125000260004,0
1979,-0.0005507739076438,0.010217552537952,-5.4856347575384,5.7496709218827,0
3880,0.050939291588989,0.023945980489299,-5.4845743631167,6.8963188863195,0
2115,-0.026717613401047,0.0019131538173296,-5.484221787042,4.8736307208905,0
979,-0.31994573448317,0.0067924397098551,-5.4841750198774,0.93750003000013,0
2088,-0.022026922769118,0.0036557126461539,-5.4835228912011,5.0774513205567,0
5586,0.0083911352136771,0.0050258946443364,-5.4834963458096,8.7897563181977,0
3753,0.015627948689797,0.014290494602897,-5.4828896807284,6.1722675221853,0
5593,0.030681567330773,0.016055656412588,-5.4778872530783,8.4305386994706,0
2142,-0.030770173730166,0.0001526549941896,-5.4763473982812,4.6711199955432,0
3965,0.06905988007858,0.030325778139927,-5.475515443431,7.4629172284287,0
2273,-0.047002097866306,-0.0088191655819991,-5.4751779993859,3.0883151952265,0
2344,-0.2709195933724,0.0051359270404863,-5.4750987342619,1.0743887724086,0
2061,-0.016661806099646,0.005307856312849,-5.4739542549076,5.2822607789937,0
2298,-0.05019345627164,-0.010358426381352,-5.4713160814188,2.6046861695167,0
3795,0.024916911539657,0.016395839071887,-5.4701173482409,6.3797872651056,0
2322,-0.074375541564476,-0.0084908108616343,-5.4699988703878,1.9807415280309,0
5600,0.053508041850677,0.025538153670796,-5.4605015049427,8.0750202611622,0
2169,-0.034247188470321,-0.001582996055577,-5.460206080402,4.4702300711545,0
2345,-0.22116889787358,0.0028531823167281,-5.4582237949737,1.2230974818439,0
3922,0.060927821959285,0.026493620620788,-5.4568287435726,7.1369488170516,0
2034,-0.010589982372439,0.006834223951101,-5.4552296308453,5.4877282906598,0
2248,-0.044005447617036,-0.0068675648329313,-5.4538715056886,3.5791508252038,0
2222,-0.041063631954857,-0.0050974575381024,-5.453596041138,3.9234755576882,0
3837,0.035442178788246,0.018753435392843,-5.4529378933025,6.5977902100513,0
2323,-0.063281897397733,-0.0097860218020512,-5.4455116270673,2.1306387147998,0
2299,-0.048889336944892,-0.010213126971285,-5.4403753776316,2.7553275524466,0
2346,-0.17829752188523,0.0003397323092437,-5.4402771669775,1.3716555898701,0
2274,-0.046222403651436,-0.0085276686413826,-5.4382634403311,3.2394528181568,0
2196,-0.037209585908974,-0.0032645499899856,-5.4361137719643,4.2712614948437,0
4007,0.067074922961424,0.029466797522201,-5.4358576155064,7.7242201970869,0
3710,0.0048553643483045,0.010838632751168,-5.435200243575,5.9173779353701,0
3879,0.046551779742664,0.02130812038134,-5.4310471744299,6.8258688609186,0
5585,0.014628901930674,0.0081447668825955,-5.4287585719124,8.7060675670999,0
3752,0.012288598053069,0.01233580614165,-5.427145559734,6.1108724452679,0
2007,-0.0032297138462086,0.0085304296778964,-5.4270732796812,5.6935135686852,0
3964,0.067534763746517,0.028285821053746,-5.4237405823906,7.3867512506252,0
5592,0.037800364031706,0.018732244423505,-5.4215173875307,8.3479415489586,0
2347,-0.14227780816518,-0.0022689508582091,-5.4212628381139,1.5200370277673,0
2324,-0.056365982330269,-0.010589895902306,-5.4198476308006,2.2801900828543,0
3794,0.021092534380306,0.014246816786734,-5.4150557467477,6.3153111122214,0
2116,-0.023942667233668,0.0019901012307806,-5.4140662528072,5.0247887555078,0
2143,-0.028391488013255,0.00028493320129312,-5.4113510503245,4.8223225539809,0
2249,-0.042961618769773,-0.0066115690284737,-5.4103447721686,3.7301130133579,0
2300,-0.047991249304075,-0.0099986097657888,-5.4081633382335,2.905456268777,0
2089,-0.018825249142856,0.0036215898589898,-5.4080220685566,5.2283367854005,0
2223,-0.039713488599162,-0.0048731648699793,-5.4043956691765,4.0745041538886,0
3921,0.05709057102484,0.023859305416741,-5.4041510826749,7.0636080704932,0
5599,0.058340655098319,0.026325473527109,-5.4025212559219,7.9935464629554,0
2348,-0.11315779979136,-0.0047853781297029,-5.4011854303214,1.668215831342,0
2170,-0.032210798193945,-0.001422237490325,-5.4001751495599,4.6212564798029,0
2275,-0.045403784910661,-0.0082622490631675,-5.3999888626497,3.3899226863329,0
3836,0.031212487940277,0.016394136739837,-5.3986156602749,6.5302953914323,0
2325,-0.052387966304691,-0.010976540457238,-5.3930156574779,2.4293670611829,0
2062,-0.013005860746253,0.0051420837597483,-5.3929299521104,5.432638499489,0
4006,0.0681950043512,0.028428910424085,-5.3850375965371,7.6452954594592,0
2197,-0.035465795199765,-0.003091714006555,-5.3808470717536,4.4218986894373,0
2349,-0.090671430513285,-0.0070384570739743,-5.3800501968252,1.816166156765,0
3709,0.0020541329695069,0.0090873871779221,-5.3788316053522,5.8591252742777,0
3878,0.042147866237169,0.018755053874489,-5.3775199857431,6.7554188355177,0
2301,-0.047240018114416,-0.0097669695776608,-5.374692832795,3.0550414922276,0
172,-0.62051631788955,0.0015087697435559,-5.3745107702521,0.06250000200012,0
5584,0.021122801475661,0.011024668860425,-5.3740207980149,8.6223788160017,0
173,-0.59595390336599,0.00424527219129,-5.3739880035122,0.18750000600041,0
174,-0.55837159111936,0.0063602543301229,-5.3734652367723,0.31250001000045,0
175,-0.51416088132233,0.0077844536459048,-5.3729424700325,0.43750001400016,0
3963,0.065168707030906,0.025978894245986,-5.3719657213503,7.3105852728217,0
980,-0.46623478991288,0.0085079733578464,-5.3718948493299,0.56250001800013,0
3751,0.0091031331529635,0.010438778008089,-5.3714014387396,6.0494773683506,0
5577,0.0021344656732655,0.0013662634313643,-5.3710233773375,8.9828506893156,0
981,-0.41677329678601,0.0085477465594517,-5.3703223746645,0.6875000220004,0
982,-0.36744012161188,0.007959524546424,-5.3687498999992,0.8125000260004,0
2035,-0.0058448029408912,0.0068390341201328,-5.3685118018241,5.6373562154879,0
983,-0.31954365018605,0.0068231678055947,-5.3671774253338,0.93750003000013,0
2250,-0.04180771712842,-0.0063981338756785,-5.3653858931024,3.880237004298,0
5591,0.044382794928749,0.020805178981092,-5.3651475219833,8.2653443984469,0
2326,-0.050195322142909,-0.011071898514012,-5.3650251766245,2.5781413009145,0
2276,-0.044513642393969,-0.0080294384625427,-5.3603709412364,3.5396918586366,0
3793,0.017457373153303,0.012193580830252,-5.3599941452544,6.2508349593371,0
2372,-0.27030163801732,0.0050989090309754,-5.3583897836739,1.0730576380417,0
2350,-0.074280409893674,-0.0088912054802223,-5.3578630189851,1.9638622960909,0
2224,-0.038220105301246,-0.0046988868248591,-5.3536848530705,4.2245469078879,0
3920,0.052987018401399,0.0212267726659,-5.3514734217772,6.9902673239348,0
2144,-0.025743664041845,0.00032846798306622,-5.3446096144132,4.9721261904586,0
5598,0.062103883452933,0.026392022656399,-5.3445410069009,7.9120726647482,0
3835,0.027129352589904,0.014141901914751,-5.3442934272474,6.4628005728134,0
2117,-0.020878071450636,0.0019338728986975,-5.3420898822054,5.174412791807,0
2373,-0.22077655691219,0.002766046935631,-5.3419217813711,1.2191132482609,0
2302,-0.046512875659734,-0.0095443485807317,-5.3399774782313,3.2040527191945,0
2171,-0.029947356047962,-0.0013318570968242,-5.3384803136069,4.7710143870714,0
2327,-0.048930112382233,-0.011003368760544,-5.3358863456678,2.7264846925164,0
2351,-0.06316355056488,-0.010261630885376,-5.3346304028907,2.1112786921004,0
4005,0.06825172016616,0.026916360208218,-5.3342175775679,7.5663707218314,0
2090,-0.015311219095599,0.0034475421536729,-5.3306302733756,5.3775487083185,0
2374,-0.17805003279208,0.00020205981719884,-5.3245249821881,1.3650383372588,0
2198,-0.033532260950495,-0.0029787755336724,-5.3240029008386,4.5713929640626,0
3877,0.03778777430345,0.01629956634869,-5.3239927970563,6.6849688101167,0
3708,-0.00064540062305584,0.0073481028894473,-5.3224629671294,5.8008726131855,0
3962,0.062143742855246,0.023508987056739,-5.3201908603099,7.2344192950181,0
2277,-0.043531873676431,-0.0078328627141536,-5.319427148727,3.6887278100221,0
5583,0.027912746144688,0.013712767130561,-5.3192830241174,8.5386900649036,0
2251,-0.040530456206105,-0.0062292325683681,-5.319015717946,4.0294881500275,0
5576,0.007302167806342,0.0041665204231538,-5.317938778672,8.8981025078185,0
3750,0.0060546666617976,0.0085791641934639,-5.3156573177453,5.9880822914334,0
2352,-0.056236961703851,-0.011142645934518,-5.3103594753733,2.2583899539501,0
2063,-0.0083985213852221,0.0051302588803613,-5.3099503239673,5.5811988622908,0
5590,0.050181428265175,0.022190332728137,-5.3087776564362,8.1827472479356,0
2375,-0.1421104435549,-0.0024647019604323,-5.3062028422533,1.5108103121449,0
2328,-0.048077105901769,-0.010862610111987,-5.3056100039013,2.874369382424,0
3792,0.013991649300204,0.010212034621894,-5.3049325437612,6.1863588064529,0
2303,-0.045749501065999,-0.0093436349273269,-5.3040316306245,3.3524597870981,0
2225,-0.036566673394504,-0.0045769062129894,-5.3014880631052,4.3735673077201,0
3919,0.048726180523619,0.018636303332329,-5.2987957608796,6.9169265773765,0
4047,0.064734322329976,0.025899729636375,-5.2906436910858,7.8305277318338,0
3834,0.023204550559146,0.011986060061563,-5.2899711942198,6.3953057541944,0
2376,-0.11301900656954,-0.0050455568395094,-5.2869593672467,1.6564066706182,0
2353,-0.052267046741014,-0.01160677027541,-5.2850579798654,2.405170871924,0
4004,0.067307498110713,0.025018443228651,-5.2833975585988,7.4874459842038,0
2278,-0.042443892844515,-0.0076749978155935,-5.2771757450668,3.8369984509078,0
2145,-0.022815695188781,0.00024944975404888,-5.276157695854,5.1204887982133,0
2172,-0.027425552670619,-0.001321902757201,-5.2751529760191,4.9194636254095,0
2329,-0.047374989110701,-0.010701153868344,-5.274207666204,3.0217677892286,0
2252,-0.039116274619727,-0.0061067296375993,-5.2712559341767,4.1778323209321,0
3876,0.033516589129038,0.013945468312587,-5.2704656083695,6.6145187847159,0
3961,0.058629955236787,0.020958099892266,-5.2684159992694,7.1582533172143,0
2118,-0.017504223748832,0.0017508082407789,-5.2683305946405,5.3224589171476,0
2304,-0.044917444547569,-0.0091712762408062,-5.2668703767842,3.5002328920695,0
2377,-0.090525735736461,-0.0073672880317561,-5.2667991099636,1.8018050146934,0
3707,-0.0032620903355278,0.0056070500941815,-5.2660943289068,5.7426199520933,0
2199,-0.031381914051404,-0.0029294462046714,-5.2656095768895,4.7197062201619,0
5575,0.012923192487467,0.0068124568070829,-5.2648541800066,8.8133543263214,0
5582,0.0346809285402,0.016054430188234,-5.26454525022,8.4550013138055,0
3749,0.0031263454196121,0.0067400683452636,-5.2599131967509,5.926687214516,0
2354,-0.050099196782164,-0.011778512679329,-5.2587342718303,2.5515964323123,0
176,-0.62604156223572,0.0015548137348009,-5.2563849687979,0.06250000200012,0
177,-0.60087433495192,0.0043718509860466,-5.2559426277103,0.18750000600041,0
178,-0.56242489622873,0.006539533754094,-5.2555002866228,0.31250001000045,0
179,-0.51725418669397,0.0079863895279873,-5.2550579455352,0.43750001400016,0
984,-0.46834685581323,0.0087031148022428,-5.2541714972484,0.56250001800013,0
985,-0.41794049035579,0.0087091965415133,-5.2528409417623,0.68750002200041,0
5589,0.055098938696865,0.02289233254071,-5.2524077908892,8.1001500974244,0
986,-0.36773868556359,0.0080652011432711,-5.2515103862763,0.81250002600041,0
2091,-0.010857260927867,0.0034107686230838,-5.2513888461106,5.5250415090939,0
987,-0.31907560030129,0.0068570806130199,-5.2501798307903,0.93750003000013,0
3791,0.010679146553182,0.0082815441539949,-5.2498709422682,6.1218826535689,0
2226,-0.034732909697592,-0.00450976510971,-5.2478306521175,4.5215294483224,0
3918,0.044395251698986,0.016114341761911,-5.246118099982,6.8435858308182,0
2378,-0.074108677960982,-0.0092916520586948,-5.2457271675825,1.946983064151,0
2330,-0.046700063319734,-0.010544721691893,-5.2416915161315,3.1686526202321,0
2400,-0.269611890154,0.0050613523347421,-5.241680833086,1.0717265036749,0
4046,0.066343868211847,0.024955232958165,-5.2408293084768,7.7489116642125,0
3833,0.019446067197179,0.0099143916602044,-5.235648961192,6.3278109355753,0
2279,-0.041237182333101,-0.0075578961687377,-5.2336357667155,3.9844721461665,0
4003,0.065477150417894,0.022835702822727,-5.2325775396298,7.4085212465762,0
2355,-0.048870215638929,-0.011784123548293,-5.2313973137041,2.6976418325862,0
2305,-0.043996839805896,-0.0090308976827473,-5.2285095252855,3.6473426066864,0
2401,-0.2203193394933,0.0026785352137461,-5.2256197677686,1.2151290146779,0
2379,-0.062963197216608,-0.010735997116873,-5.2237491787144,2.091918669401,0
2253,-0.037549819652064,-0.0060325404173371,-5.2221290544568,4.3252359260029,0
3875,0.02936472770048,0.011688794997737,-5.2169384196829,6.5440687593151,0
3960,0.054771833675285,0.018387322840501,-5.2166411382288,7.0820873394105,0
5574,0.018884998363939,0.0092823154723288,-5.211769581341,8.7286061448242,0
2173,-0.024633367910209,-0.0014238527361046,-5.2102255095026,5.0665648046197,0
5581,0.04104005482412,0.017875020135958,-5.2098074763228,8.3713125627078,0
3706,-0.0058169309027271,0.0038512048769425,-5.2097256906845,5.6843672910015,0
2402,-0.17773620859754,6.518834434995e-05,-5.2087727973987,1.3584210846475,0
2331,-0.045991732883613,-0.010405896042711,-5.2080743985994,3.3149968878632,0
2146,-0.019580786345788,5.7145212907875e-05,-5.2060309159053,5.2673691259767,0
2200,-0.028984488326779,-0.0029525302996723,-5.2056963376251,4.8668010603605,0
3748,0.0003021595600037,0.0049090593119319,-5.2041690757565,5.8652921375987,0
2356,-0.048060792763441,-0.011714368970504,-5.2030566695693,2.843282496071,0
5567,0.0017992616529739,0.0011076464109,-5.2017931339218,9.0891057898169,0
2380,-0.056019841710312,-0.011692324396639,-5.2008713199463,2.2365898250459,0
5588,0.059065372026436,0.022945730396821,-5.1960379253419,8.0175529469129,0
3790,0.0075038408290552,0.0063847624290416,-5.1948093407752,6.0574065006849,0
3917,0.040062618923501,0.013676081353186,-5.1934404390843,6.7702450842598,0
2119,-0.013213104918711,0.0016905649590629,-5.1928273682537,5.4688841558968,0
2227,-0.032692956837427,-0.0044998895901106,-5.1927388401721,4.6683980532525,0
2403,-0.1418735496546,-0.0026605389797726,-5.1911428463926,1.5015835965225,0
4045,0.066937134664075,0.023555152642981,-5.1910149258678,7.6672955965911,0
2306,-0.042973473264158,-0.0089250290225171,-5.1889655970312,3.7937598975177,0
2280,-0.039899307488795,-0.0074834316183119,-5.1888270152829,4.1311177339763,0
4002,0.062913933701944,0.020465983820122,-5.1817575206606,7.3295965089485,0
3832,0.015848485618406,0.0079072852478772,-5.1813267281644,6.2603161169563,0
2381,-0.052052508259299,-0.012231720132453,-5.1771003022531,2.3809746826651,0
2357,-0.047407120831875,-0.01162029671079,-5.1737224996131,2.9884940862296,0
2332,-0.04521753551661,-0.010290961006633,-5.1733698123319,3.4607739255023,0
2404,-0.11280800964288,-0.0053067907039097,-5.1727333041721,1.6445975098944,0
2254,-0.035812383660558,-0.0060084417992644,-5.1716584033963,4.4716659325822,0
3959,0.050688216040319,0.015840311702839,-5.1648662771884,7.0059213616067,0
3874,0.025350746885118,0.009521040258023,-5.1634112309961,6.4736187339142,0
5573,0.025202387209175,0.011599323804709,-5.1586849826754,8.6438579633269,0
5580,0.046743895297846,0.019090882164173,-5.1550697024259,8.2876238116106,0
2405,-0.090305504317624,-0.007697149164645,-5.1535480231021,1.7874438726217,0
3705,-0.0083092058456859,0.0020988039298308,-5.1533570524624,5.6261146299098,0
2382,-0.049905346061011,-0.012477319565419,-5.1524433670363,2.5250515637102,0
5566,0.0062947911999999,0.0034174479259563,-5.1503821613684,9.0033307543564,0
3747,-0.0024320098002907,0.0030780623824179,-5.1484249547623,5.8038970606815,0
2307,-0.041835454473475,-0.0088558170275345,-5.148255815485,3.9394561423055,0
2201,-0.026326852229402,-0.0030768140388699,-5.1442933231513,5.0126408110261,0
2174,-0.021536937991907,-0.0016251207656438,-5.1437312371701,5.2122793348057,0
4087,0.062038719312056,0.022495825167725,-5.143473383784,7.9341348552712,0
2358,-0.046784222099655,-0.011527224065021,-5.1434055540317,3.1332525212697,0
2281,-0.038416438258556,-0.0074533393805422,-5.1427700458084,4.2769045442856,0
4044,0.06654982699409,0.021774860656679,-5.1412005432589,7.5856795289699,0
3916,0.035780286559943,0.011327599025363,-5.1407627781867,6.6969043377016,0
3789,0.0044506296153271,0.0045087299451702,-5.139747739282,5.9929303478008,0
180,-0.63173635725311,0.0016041030860154,-5.1382591673438,0.062500002000121,0
181,-0.60593715143096,0.004507422135686,-5.1378972519085,0.18750000600041,0
2333,-0.044357698791386,-0.010203460542268,-5.1375919018438,3.6059574033506,0
182,-0.56658203693674,0.0067315552982489,-5.1375353364732,0.31250001000045,0
183,-0.52040961623968,0.0082026324926099,-5.1371734210379,0.43750001400016,0
988,-0.47048011808473,0.0089119070035957,-5.1364481451669,0.56250001800013,0
2228,-0.030417716676684,-0.0045546876914876,-5.1362396992312,4.8141384953115,0
989,-0.41909197808544,0.0088815868606432,-5.1353595088602,0.68750002200041,0
990,-0.36799070774599,0.008177525045213,-5.1342708725535,0.81250002600042,0
2147,-0.015458385939992,-2.1505402609894e-05,-5.1342658903967,5.4127268026994,0
2406,-0.073859238818879,-0.009692071580051,-5.13359131618,1.9301038322111,0
991,-0.31853738033115,0.0068927238960679,-5.1331822362468,0.93750003000014,0
4001,0.059779615720851,0.017991961826481,-5.1309375016913,7.2506717713207,0
3831,0.012401156844147,0.0059473263498327,-5.1270044951369,6.1928212983375,0
2383,-0.048709925743116,-0.012554298223271,-5.1269082817406,2.668798972656,0
2428,-0.26884534668692,0.0050207576996245,-5.1249718824981,1.070395369308,0
2255,-0.033879656209923,-0.0060356790062652,-5.1198681034548,4.617089886343,0
3958,0.046475396090489,0.013346480006456,-5.1130914161479,6.929755383803,0
2407,-0.062680462939797,-0.011208565890014,-5.1128679545381,2.0725586467017,0
2359,-0.046130994840688,-0.011447383518533,-5.1121171665742,3.2775339886283,0
3873,0.021484858054708,0.007430376090422,-5.1098840423092,6.4031687085132,0
2429,-0.21979479680332,0.0025884898935398,-5.109317754166,1.2111447810949,0
2308,-0.040571364565942,-0.0088252337816189,-5.1063980963891,4.0844031470205,0
5572,0.031588687519896,0.013626032212626,-5.1056003840098,8.5591097818297,0
2334,-0.043398222179301,-0.010145910987585,-5.1007554489956,3.7505213441275,0
2384,-0.047942590495757,-0.012552685573037,-5.1005033352374,2.812195609718,0
5579,0.051686727420525,0.019698266077703,-5.1003319285291,8.2039350605134,0
5565,0.011317370381573,0.0056395086910645,-5.0989711888151,8.9175557188959,0
3704,-0.010718040789492,0.00036121734504661,-5.09698841424,5.5678619688179,0
2282,-0.036771672030796,-0.0074688536006696,-5.0954861546751,4.421802416842,0
4086,0.064078837817832,0.021615800002831,-5.0947141662158,7.8498958224995,0
2430,-0.17735160584434,-7.2404733318633e-05,-5.0930206126093,1.3518038320362,0
3746,-0.0050821528624396,0.0012491018277952,-5.0926808337684,5.7425019837647,0
4043,0.065260915116232,0.019700712018746,-5.0913861606501,7.5040634613488,0
2408,-0.055714682193182,-0.012238020988561,-5.0913831645193,2.2147896961417,0
3915,0.031585575705714,0.0090677009079991,-5.0880851172893,6.6235635911434,0
3788,0.0015067034812252,0.0026454815037266,-5.0846861377889,5.9284541949167,0
2202,-0.023368950677084,-0.003286261689237,-5.081431558435,5.1571895436348,0
4000,0.056222109119558,0.015477531603064,-5.080117482722,7.1717470336928,0
2360,-0.045414808995137,-0.011386818823149,-5.0798692478797,3.4213149589351,0
2229,-0.027892951312495,-0.0046999830851636,-5.0783611368001,4.9587168174327,0
2431,-0.14156142186727,-0.0028581397019391,-5.076082850532,1.4923568809001,0
2175,-0.017587449864066,-0.0017173603191368,-5.0757044125396,5.3565694495021,0
2385,-0.047336729553363,-0.012523116274087,-5.0732373330223,2.9552203832307,0
3830,0.0090915611442514,0.0040204764331777,-5.0726822621094,6.1253264797186,0
2409,-0.051744590567236,-0.012850253408837,-5.0691426246408,2.3567784934062,0
2256,-0.031723925239355,-0.0061201246905968,-5.0667830608373,4.7614759302625,0
2309,-0.039168876506859,-0.0088350162147957,-5.06341103716,4.2285731625685,0
2335,-0.042327654325011,-0.010120522361337,-5.0628758642545,3.8944401384445,0
3957,0.042210059817329,0.010923710433106,-5.0613165551074,6.8535894059992,0
2432,-0.1125192977563,-0.005570546348663,-5.0585072410974,1.6327883491706,0
3872,0.017767749382816,0.0054014727812906,-5.0563568536224,6.3327186831123,0
5571,0.037683007691028,0.015204825363967,-5.0525157853444,8.4743616003328,0
5564,0.01674753291468,0.0077367448854117,-5.0475602162617,8.8317806834353,0
2283,-0.034942636359211,-0.0075302105707008,-5.0469973667373,4.5657817194336,0
2361,-0.044615850011363,-0.01134890356752,-5.0466742784023,3.5645722000147,0
2410,-0.049614064054097,-0.013167074568194,-5.0461524622424,2.498506695108,0
4085,0.065156012536826,0.020300645522629,-5.0459549486476,7.7656567897278,0
5578,0.055791176999814,0.019723236978382,-5.045594154632,8.1202463094158,0
2386,-0.046765786065791,-0.012490519571007,-5.0451195919321,3.0978524223073,0
4042,0.063190318875767,0.017421418120579,-5.0415717780412,7.4224473937275,0
3703,-0.013029620687594,-0.0013530346296147,-5.0406197760174,5.5096093077258,0
2433,-0.090006314706249,-0.0080288403785384,-5.0402969362407,1.77308273055,0
3745,-0.0076496133310784,-0.00055946238643835,-5.0369367127745,5.6811069068479,0
3914,0.02750344889858,0.0068901780013453,-5.0354074563917,6.5502228445851,0
5557,0.0014990934279165,0.00088723668637115,-5.0306027428768,9.1921731044177,0
3787,-0.0013366513493011,0.0007893792000094,-5.029624536296,5.8639780420328,0
3999,0.052367655720139,0.012969517074046,-5.0292974637528,7.092822296065,0
2336,-0.041135397967954,-0.010129404052987,-5.0239691774952,4.0376885600647,0
2411,-0.048449582075629,-0.013312634839151,-5.0224192497771,2.6399561127259,0
2434,-0.073529003131209,-0.010092486693848,-5.0214554647775,1.9132246002711,0
184,-0.63761389849934,0.0016568148113538,-5.0201333658895,0.062500002000121,0
185,-0.61115342810762,0.0046526239510085,-5.0198518761065,0.18750000600041,0
186,-0.5708510572629,0.0069371905171273,-5.0195703863235,0.31250001000045,0
2310,-0.037613060974618,-0.0088861256031892,-5.0193139059539,4.3719389011018,0
187,-0.52363190875398,0.0084340783255059,-5.0192888965406,0.43750001400016,0
2230,-0.025073678685483,-0.004916480121303,-5.0191318797,5.102099752464,0
992,-0.472636060882,0.0091351096591792,-5.0187247930854,0.56250001800013,0
3829,0.0059077197421699,0.0021172493754301,-5.0183600290818,6.0578316610996,0
993,-0.42022634552817,0.009065348251402,-5.017878075958,0.68750002200042,0
2203,-0.019595411989309,-0.0033880929531113,-5.0171429346826,5.3004120963049,0
994,-0.36819260746778,0.0082963762544466,-5.0170313588306,0.81250002600043,0
995,-0.31792441586076,0.0069291860489664,-5.0161846417033,0.93750003000014,0
2387,-0.046167939944549,-0.012466755398755,-5.0161599345493,3.2400710893934,0
2362,-0.043720169552885,-0.011336047826626,-5.0125453009599,3.7072827907373,0
2257,-0.029329928450048,-0.0062844239989148,-5.0124289504488,4.9047928238392,0
3956,0.037951742223426,0.0085806716700812,-5.009541694067,6.7774234281956,0
2456,-0.26799665648719,0.0049747256655361,-5.0082629319101,1.0690642349412,0
3871,0.014194219337623,0.0034201450760964,-5.0028296649357,6.2622686577115,0
2435,-0.062313476992192,-0.011678712210939,-5.0019867303619,2.0531986240023,0
5570,0.043242949781581,0.016253848688759,-4.9994311866794,8.3896134188364,0
2412,-0.047722885142928,-0.013376320946264,-4.9979500009055,2.781108723365,0
2284,-0.032903356822388,-0.0076416582815266,-4.9973264224433,4.7088133652135,0
4084,0.065286599099515,0.018614860895393,-4.9971957310795,7.6814177569563,0
5563,0.022580538025056,0.0097134405473354,-4.9961492437082,8.7460056479746,0
4127,0.059042354016122,0.019294545112515,-4.9943973643579,8.0350055729535,0
2457,-0.21920231478738,0.0024937192647632,-4.9930157405635,1.2071605475119,0
4041,0.060480270356317,0.01501727546334,-4.9917573954321,7.340831326106,0
2388,-0.045510251992488,-0.012457569623119,-4.9863686834276,3.3818559923679,0
3702,-0.015236265812385,-0.0030383663176088,-4.9842511377948,5.4513566466337,0
2337,-0.039810493409606,-0.010174445687169,-4.9840520285115,4.1802417808513,0
3913,0.023548886202819,0.004785411369334,-4.9827297954939,6.4768820980266,0
2436,-0.0553205548889,-0.012778662557074,-4.9818950090924,2.1929895672376,0
3744,-0.010126170438512,-0.0023422740521026,-4.9811925917805,5.6197118299309,0
5556,0.0053737281691564,0.0027718726237351,-4.9808852068579,9.1054041852252,0
3998,0.048320738654386,0.01050040896701,-4.9784774447836,7.0138975584371,0
2363,-0.042716541881434,-0.011350446218033,-4.977495913024,3.8494241345834,0
2458,-0.17689280430577,-0.00021252355503808,-4.9772684278199,1.3451865794249,0
3786,-0.0040851629988173,-0.0010487824784521,-4.9745629348033,5.7995018891493,0
2311,-0.03588389240177,-0.0089780720929247,-4.97412663002,4.5144735525242,0
2413,-0.047164262277637,-0.013408392468667,-4.9727521664316,2.9219466802317,0
3828,0.0028404283360142,0.00023313658197081,-4.9640377960542,5.9903368424807,0
2437,-0.051342979824193,-0.013461041101854,-4.9611849470286,2.3325823041474,0
2459,-0.1411691962381,-0.0030599615342154,-4.9610228546714,1.4831301652777,0
2231,-0.021478481328424,-0.0050246859597975,-4.9585814568257,5.2442547431078,0
3955,0.033744907541816,0.006318882262018,-4.9577668330266,6.7012574503919,0
2258,-0.026648976538853,-0.0065065221727606,-4.9568322009649,5.0470099612931,0
2389,-0.044772749293238,-0.012466084430736,-4.9557566549608,3.5231869966789,0
3870,0.010756387289499,0.0014752749540456,-4.949302476249,6.1918186323108,0
4083,0.064522088359586,0.016632801474215,-4.9484365135115,7.5971787241848,0
2414,-0.046645312333147,-0.01343341263276,-4.9468336298326,3.062452323345,0
4126,0.061453082097885,0.018456100347175,-4.946741557707,7.9482128511266,0
2285,-0.030637785040327,-0.0078223862833188,-4.9464967640976,4.8508688302456,0
5569,0.048155690611171,0.016762463740893,-4.9463465880145,8.3048652373401,0
5562,0.028560359295329,0.011447797124878,-4.9447382711547,8.660230612514,0
2460,-0.11214825944281,-0.0058391741187833,-4.9442811780228,1.6209791884467,0
2338,-0.038340029426665,-0.010256629365376,-4.9431416572326,4.3220753853616,0
4040,0.057273278720476,0.012553669814768,-4.9419430128231,7.2592152584845,0
2364,-0.041594926249931,-0.011394317717024,-4.9415402586013,3.9909739731088,0
2438,-0.04922538921185,-0.01384636308492,-4.9398615574485,2.4719618265059,0
5555,0.0098233003561281,0.0046184570959925,-4.931167670839,9.0186352660328,0
3912,0.019728130613326,0.0027417789357115,-4.9300521345963,6.4035413514683,0
3701,-0.017330088242023,-0.0046884256765208,-4.9278824995723,5.3931039855417,0
2312,-0.033957650693058,-0.0091135621359364,-4.9278697840495,4.6561508001646,0
3997,0.044166083129961,0.0080909977497612,-4.9276574258143,6.9349728208093,0
2461,-0.089624502026665,-0.0083639170614971,-4.9270458493792,1.7587215884783,0
3743,-0.012500118210033,-0.0040893355535035,-4.9254484707863,5.5583167530138,0
2390,-0.043941396053106,-0.012494500444955,-4.9243351529244,3.664044237347,0
2415,-0.046103305021531,-0.013462875640031,-4.9202027025243,3.2026081901585,0
3785,-0.0067399426271422,-0.0028629261198706,-4.9195013333108,5.7350257362658,0
2439,-0.048089451661223,-0.014057761243093,-4.9179302178136,2.6111132527957,0
3827,-0.00011455618085552,-0.0016341198271516,-4.9097155630268,5.922842023862,0
2462,-0.073115330278808,-0.010493517041853,-4.909319613375,1.8963453683312,0
3954,0.029621133263094,0.0041347579306191,-4.9059919719862,6.6250914725882,0
2365,-0.040345463686425,-0.011469788325312,-4.9046930198631,4.131910399134,0
188,-0.6436884857812,0.0017134890076906,-4.9020075644354,0.062500002000121,0
189,-0.61653500793083,0.0048086592370935,-4.9018065003047,0.18750000600041,0
190,-0.57524046072246,0.0071579496198095,-4.901605436174,0.31250001000045,0
191,-0.52692597282013,0.008682247736061,-4.9014043720433,0.43750001400016,0
2339,-0.036706667082694,-0.010375133675998,-4.9012558933026,4.4631653856147,0
996,-0.47481601795415,0.0093740649501793,-4.9010014410039,0.56250001800014,0
997,-0.4213416667441,0.0092614496346755,-4.9003966430558,0.68750002200043,0
2259,-0.023232752069902,-0.0066190692182766,-4.9000199789688,5.1880973899106,0
998,-0.36834030043168,0.0084221983539518,-4.8997918451077,0.81250002600043,0
4082,0.062951906172191,0.014433492973869,-4.8996772959433,7.5129396914132,0
999,-0.31723318641048,0.0069662040842429,-4.8991870471597,0.93750003000014,0
4125,0.062958273530832,0.017203433598387,-4.8990857510562,7.8614201292996,0
3869,0.0074463973947338,-0.00043990252873099,-4.8957752875623,6.1213686069099,0
2440,-0.04740211669293,-0.014183986732976,-4.8953966665737,2.750021837012,0
2286,-0.028094488800631,-0.0080477712086597,-4.8945325222299,4.9919201701223,0
5561,0.034354227645924,0.012798634183861,-4.8933272986015,8.5744555770537,0
5568,0.052337288066017,0.016749375730278,-4.8932619893492,8.2201170558433,0
2416,-0.045504870228496,-0.013502205454917,-4.8928681189756,3.3423970258008,0
4039,0.053698226599587,0.010080187521101,-4.8921286302141,7.1775991908631,0
2391,-0.043004984905394,-0.012544879107226,-4.8921159617936,3.8044081307223,0
2484,-0.26706470864679,0.004921682257811,-4.8915539813221,1.0677331005743,0
2463,-0.061860571957274,-0.012146272893593,-4.8911055061856,2.0338386013029,0
5554,0.014729663193968,0.0063809494144834,-4.88145013482,8.9318663468402,0
2313,-0.031818126554784,-0.0093082370498711,-4.8805645777464,4.7969448366522,0
3911,0.016041497377911,0.00074839770541885,-4.8773744736988,6.3302006049102,0
3996,0.039970884863613,0.0057527662254406,-4.8768374068451,6.8560480831815,0
2485,-0.21855372206348,0.00239331486629,-4.8767137269608,1.2031763139289,0
2464,-0.054836660574273,-0.013313509633736,-4.8724068536654,2.1711894383334,0
2441,-0.046890300532317,-0.01427491348717,-4.8722669998409,2.8886729772328,0
3700,-0.019305997122544,-0.0062954292240322,-4.8715138613499,5.3348513244498,0
3742,-0.014770140494742,-0.0057950230737648,-4.8697043497921,5.4969216760967,0
2366,-0.03895712189254,-0.011578127635032,-4.8669694085114,4.2722118696213,0
2417,-0.044829791337737,-0.013554218953523,-4.8648390315194,3.4818017933431,0
3784,-0.0092968436089083,-0.0046449572087471,-4.864439731818,5.6705495833821,0
2486,-0.1763727726518,-0.0003552100993542,-4.8615162430303,1.3385693268136,0
2392,-0.041953728859591,-0.01261944583054,-4.8591113397076,3.944259386153,0
2340,-0.034889543372291,-0.010531430122284,-4.8584131456555,4.6034882351156,0
5547,0.0012332758697114,0.00070148806065135,-4.8575122450836,9.2920164848003,0
3826,-0.0029609142461709,-0.0034729315944345,-4.8553933299996,5.8553472052436,0
3953,0.025601300756616,0.0020214259810442,-4.8542171109456,6.5489254947844,0
2465,-0.050847516254536,-0.014062965872427,-4.8532272694163,2.3083861148885,0
4124,0.063559490382846,0.015592314764719,-4.8514299444054,7.7746274074728,0
4081,0.06069360870503,0.012092471179311,-4.850918078375,7.4287006586414,0
2442,-0.046423521944564,-0.014354761175833,-4.848547667733,3.0270522243826,0
2487,-0.14071241560708,-0.0032662562931308,-4.8459628588107,1.4739034496554,0
4167,0.055803179833772,0.016326452955933,-4.8434669653095,8.1331048412911,0
4038,0.049865519624088,0.0076323735868749,-4.8423142476051,7.0959831232416,0
3868,0.0042589490228966,-0.0023274515035232,-4.8422480988755,6.0509185815091,0
5560,0.039726325747187,0.013687074717866,-4.8419163260486,8.4886805415939,0
2287,-0.024854770440883,-0.0081606843475131,-4.8414585011119,5.1319400367134,0
2418,-0.044063848696133,-0.013620816095631,-4.836125004889,3.6208056839569,0
2466,-0.048739530387287,-0.014513894245948,-4.8335706526545,2.4454169579037,0
2314,-0.029412610180946,-0.0095351224302692,-4.8322328434949,4.9368303789515,0
5553,0.020073901105536,0.0080492671590845,-4.831732598801,8.8450974276475,0
2488,-0.11171239159787,-0.0061121596775119,-4.8300551149481,1.6091700277229,0
2367,-0.037415409210307,-0.011718647932458,-4.8283851565851,4.4118572187052,0
3995,0.035786934022985,0.0034900565179435,-4.8260173878761,6.7771233455538,0
2393,-0.040778486248795,-0.01272054137558,-4.8253340112147,4.0835790174167,0
3910,0.012486215014494,-0.0012030752941656,-4.8246968128013,6.256859858352,0
2443,-0.045937969699555,-0.014434693972065,-4.8242454704994,3.1651452909236,0
3699,-0.021165779684943,-0.0078545973723104,-4.8151452231275,5.2765986633578,0
2341,-0.032873239056849,-0.010737792662914,-4.8146323913951,4.7430208430587,0
3741,-0.01692098998288,-0.0074469450002908,-4.813960228798,5.4355265991796,0
2489,-0.089177357497578,-0.0087008176014766,-4.8137947625175,1.7443604464066,0
2467,-0.047629954342145,-0.014788383681827,-4.8134411858502,2.5822703928655,0
5546,0.0045411542617599,0.0022218036021197,-4.8095073079233,9.2042870333821,0
3783,-0.011734281514811,-0.0063764261242094,-4.8093781303251,5.6060734304982,0
2419,-0.043195690517929,-0.013703789809175,-4.8067360105632,3.7593921268612,0
4123,0.06328718275533,0.013687068323499,-4.8037741377547,7.6878346856461,0
3952,0.021697614177568,-2.9500088734812e-05,-4.8024422499051,6.4727595169807,0
4080,0.057876184221792,0.0096748040566396,-4.8021588608067,7.3444616258696,0
3825,-0.00569755783013,-0.0052760453349487,-4.8010710969726,5.7878523866253,0
2444,-0.045399743110177,-0.014519831455563,-4.7993675545236,3.3029380592337,0
2490,-0.072633327597341,-0.010892969068728,-4.7971837619724,1.8794661363912,0
4166,0.058524446328441,0.015512305085818,-4.7969615158955,8.0438285936835,0
2468,-0.046980865519923,-0.014974460983637,-4.7928433322418,2.718934950659,0
4037,0.045866893296635,0.0052340678423004,-4.7924998649961,7.0143670556202,0
2394,-0.03946974354479,-0.012849889141195,-4.7907971597902,4.222348353881,0
5559,0.044558392867739,0.014097030717051,-4.7905053534957,8.4029055061342,0
2368,-0.035702884519294,-0.011892127067435,-4.7889565072615,4.5508256700665,0
3867,0.0011936405366193,-0.0041871440709433,-4.788720910189,5.9804685561085,0
192,-0.64996984493772,0.0017753906581185,-4.7838817629813,0.062500002000121,0
193,-0.62208969960764,0.0049774357750944,-4.7837611245029,0.18750000600041,0
194,-0.57975554309007,0.0073960213538332,-4.7836404860244,0.31250001000045,0
195,-0.53029433186637,0.0089493030953379,-4.783519847546,0.43750001400016,0
1000,-0.47701948586567,0.0096307052118622,-4.7832780889223,0.56250001800014,0
1001,-0.42243401720849,0.0094711091504823,-4.7829152101535,0.68750002200043,0
2315,-0.02634878159189,-0.0096459172873743,-4.782897023255,5.0757826835163,0
1002,-0.36842693748178,0.0085546614655669,-4.7825523313847,0.81250002600044,0
1003,-0.31645836690146,0.0070009839063203,-4.7821894526159,0.93750003000015,0
5552,0.025629846483344,0.0095158405083468,-4.782015062782,8.758328508455,0
2491,-0.06133364111869,-0.012608924753221,-4.7802242820092,2.0144785786035,0
2420,-0.042215497456313,-0.013805202620696,-4.7766824208138,3.8975447991971,0
3994,0.031652754007262,0.0013020985312997,-4.7751973689068,6.698198607926,0
2512,-0.26605138318922,0.0048576951845057,-4.7748450307338,1.0664019662074,0
2445,-0.04478833244562,-0.014612674807215,-4.773921408078,3.4404165900073,0
3909,0.0090590049654809,-0.0031172390047486,-4.7720191519037,6.1835191117937,0
2469,-0.046515571834168,-0.015121535697036,-4.7717818332502,2.8553992742338,0
2342,-0.030605571416842,-0.010965123687992,-4.7699331647598,4.8817405877807,0
2492,-0.054271515183702,-0.013840387661407,-4.7629186982383,2.1493893094292,0
5545,0.0084492174096156,0.0037397501459108,-4.7615023707632,9.116557581964,0
2513,-0.21787732930598,0.0022848699260992,-4.760411713358,1.1991920803458,0
3698,-0.022884855781123,-0.0093479073553068,-4.758776584905,5.2183460022658,0
3740,-0.018938789970658,-0.0090336377121122,-4.7582161078039,5.3741315222627,0
4122,0.062205347903276,0.011557649121554,-4.7561183311039,7.6010419638193,0
2395,-0.038015720543414,-0.013007378548318,-4.7555144198677,4.3605490517957,0
3782,-0.01405227148199,-0.0080513511863031,-4.7543165288321,5.5415972776143,0
4079,0.054624784702348,0.0072320767998868,-4.7533996432385,7.2602225930979,0
3951,0.017916143560084,-0.0020259170444103,-4.7506673888647,6.3965935391771,0
4165,0.060400408217328,0.014304785300783,-4.7504560664816,7.9545523460758,0
2470,-0.046101284110714,-0.015253490076954,-4.7502617056334,2.9916521254202,0
2369,-0.033806128001926,-0.012108026884664,-4.7487002050438,4.6890968494651,0
2446,-0.044089295424057,-0.014714769705514,-4.7479148568535,3.5775671305667,0
3824,-0.0083199261647603,-0.0070329145207322,-4.7467488639454,5.7203575680067,0
2421,-0.041114399594581,-0.013927459793959,-4.7459750025664,4.0352476356995,0
2514,-0.17582966680426,-0.00049912429870416,-4.7457640582406,1.3319520742023,0
2493,-0.050263706941573,-0.014654081069589,-4.7452695918039,2.2841899256297,0
4036,0.041776811264566,0.0028997343908307,-4.7426854823871,6.9327509879988,0
5558,0.048761037916855,0.01404087751438,-4.7390943809425,8.3171304706741,0
3866,-0.0017505643401864,-0.0060082950192138,-4.7351937215027,5.9100185307082,0
5551,0.03109415111798,0.010655178569509,-4.7322975267632,8.6715595892628,0
2515,-0.14024164123773,-0.0034701454427021,-4.7309028629498,1.464676734033,0
2471,-0.045672938853796,-0.015381213937311,-4.7282882384744,3.1276823916887,0
2494,-0.0481596642727,-0.015167976900098,-4.7272797478604,2.4188720893016,0
3993,0.027595770664534,-0.0008151166829841,-4.7243773499375,6.6192738702981,0
2343,-0.027717357043942,-0.011072445191657,-4.7243355453981,5.0196253303191,0
2447,-0.043291052117679,-0.01482752207189,-4.7213560593328,3.7143761230002,0
2396,-0.036402735105849,-0.013193813302201,-4.7194998688676,4.4981631050175,0
3908,0.0057585714492457,-0.0049945866897921,-4.7193414910061,6.1101783652355,0
2516,-0.11126936751909,-0.0063762168260762,-4.7158290518731,1.5973608669991,0
2422,-0.039883836367269,-0.01407272606223,-4.7146249110691,4.1724848381408,0
5544,0.012846577548173,0.0052050977447113,-4.7134974336029,9.0288281305457,0
2495,-0.047072733476216,-0.015503078880586,-4.7089521538866,2.5534275329353,0
4121,0.060407011418391,0.0092736979788877,-4.7084625244529,7.5142492419922,0
2370,-0.031675728520183,-0.012335491711973,-4.7076334860247,4.8266507966097,0
2472,-0.045196010531934,-0.015509581180861,-4.7058669900715,3.2634790926665,0
4078,0.05105189836094,0.0048026806641758,-4.7046404256703,7.1759835603261,0
4164,0.061420726677869,0.012752481252393,-4.7039506170677,7.8652760984683,0
3739,-0.020825870192626,-0.010552637995298,-4.7024719868098,5.3127364453457,0
3697,-0.024473973741899,-0.010779667250119,-4.7024079466827,5.160093341174,0
2517,-0.088722062489997,-0.0090222824554025,-4.7005436756557,1.729999304335,0
3781,-0.016243055468223,-0.0096612436835,-4.6992549273393,5.4771211247305,0
3950,0.014259403705587,-0.0039737372056336,-4.6988925278244,6.3204275613735,0
2448,-0.042383547116961,-0.014952630781853,-4.6942535019201,3.8508302122414,0
4035,0.037654303123721,0.00063664774551754,-4.6928710997783,6.8511349203775,0
3823,-0.010818922791816,-0.0087335162812124,-4.692426630918,5.652862749388,0
4207,0.052381091386056,0.013613208342737,-4.6907341637984,8.228398579292,0
2496,-0.046459917238311,-0.015746564008678,-4.6902899979099,2.687848064306,0
2518,-0.072133390404463,-0.011272932226947,-4.6850479105696,1.8625869044513,0
2473,-0.044649669917119,-0.015640819566718,-4.6830037846366,3.3990313866714,0
2397,-0.034620666258527,-0.013416854554457,-4.6827680186925,4.6351728558715,0
2423,-0.038514221684732,-0.014241749613519,-4.6826436831504,4.3092408848863,0
5537,0.0010004316501617,0.00054671799454234,-4.6825823484451,9.3886009130064,0
5550,0.03624029350058,0.011392364423786,-4.6825799907447,8.584790670071,0
3865,-0.0045718138212218,-0.0077842752874867,-4.6816665328164,5.8395685053081,0
3992,0.023634511994925,-0.002867061031861,-4.6735573309683,6.5403491326703,0
2497,-0.046040457456638,-0.015947262028343,-4.6712966666594,2.8221255712348,0
2519,-0.060772385198198,-0.013050735177876,-4.6693430578326,1.9951185559042,0
3907,0.0025879970602994,-0.0068330910571865,-4.6666638301087,6.0368376186776,0
2449,-0.041357770589256,-0.015092297992673,-4.6666159939181,3.9869162539823,0
2371,-0.028962893758991,-0.012438940871876,-4.6657740675411,4.9634679771218,0
196,-0.65645730828008,0.0018430474359928,-4.6657559615271,0.062500002000121,0
197,-0.62781692112043,0.0051594213069767,-4.665715748701,0.18750000600041,0
198,-0.58439524566895,0.0076520556568887,-4.6656755358748,0.31250001000045,0
199,-0.53373508453934,0.0092361400022829,-4.6656353230487,0.43750001400016,0
1004,-0.47924320842909,0.0099064263926877,-4.6655547368408,0.56250001800014,0
5543,0.017705030093791,0.0065974311635225,-4.6654924964426,8.9410986791274,0
1005,-0.42349707123208,0.0096954678003784,-4.6654337772512,0.68750002200044,0
1006,-0.36844004779137,0.0086917138093708,-4.6653128176616,0.81250002600045,0
1007,-0.31557999011956,0.0070204649723545,-4.665191858072,0.93750003000015,0
4120,0.058003112491341,0.0068982776606149,-4.660806717802,7.4274565201652,0
2474,-0.044019265448874,-0.01577612689718,-4.659704708818,3.5343285771765,0
2540,-0.26492301786183,0.0047634868807534,-4.6581360801454,1.0650708318406,0
4163,0.06159936341417,0.010911297219654,-4.6574451676539,7.7759998508609,0
4077,0.047254162732909,0.0024135373193526,-4.6558812081021,7.0917445275543,0
2520,-0.053652771952363,-0.014346717242971,-4.653430542811,2.1275891805251,0
2498,-0.045678831098788,-0.016128717293015,-4.6519757435338,2.9562520264578,0
2424,-0.036995502886617,-0.01443610207822,-4.6500432304737,4.4455005399685,0
3949,0.010728772512379,-0.0058759069123697,-4.6471176667839,6.2442615835698,0
3738,-0.022575927874395,-0.012001461039896,-4.6467278658158,5.2513413684287,0
3696,-0.025936631039864,-0.01214996704094,-4.6460393084603,5.101840680082,0
4206,0.055353577080872,0.012811118445737,-4.6454247020634,8.1367098319882,0
2398,-0.032625683595053,-0.013644634728658,-4.6453338072896,4.7715610054388,0
3780,-0.018299264493665,-0.011201852621947,-4.6441933258466,5.4126449718469,0
2541,-0.2171545017945,0.0021458816663734,-4.644109699755,1.1952078467628,0
4034,0.033544960518059,-0.0015530816985299,-4.6430567171693,6.7695188527561,0
2450,-0.040205437069074,-0.015248885858185,-4.638452662348,4.1226213224006,0
3822,-0.013188996888665,-0.010372077822353,-4.6381043978905,5.5853679307693,0
2521,-0.049608156257548,-0.015225364367306,-4.6373119141913,2.2599937363708,0
5536,0.0037969216347974,0.0017584742252882,-4.6363085170732,9.2999446494149,0
2475,-0.043292997930226,-0.015916461969616,-4.6359761081024,3.6693601191391,0
5549,0.040946506711023,0.011707207708284,-4.6328624547262,8.4980217508794,0
2499,-0.04530841718483,-0.016301628340994,-4.6323310064494,3.0902194924538,0
2542,-0.17522971126914,-0.00066506543238707,-4.6300118734508,1.325334821591,0
3864,-0.0072658606151184,-0.009506761151124,-4.62813934413,5.7691184799076,0
3991,0.019780992385407,-0.0048590138625465,-4.6227373119992,6.4614243950427,0
2522,-0.04749404053934,-0.015802626559209,-4.6209888430662,2.3923272206994,0
5542,0.02282713939549,0.0078220662810132,-4.6174875592823,8.8533692277091,0
2425,-0.035321906790559,-0.014663118548098,-4.6168358323413,4.581248862278,0
2543,-0.13972632455592,-0.0036778020940145,-4.6158428670887,1.4554500184106,0
3906,-0.00045056527972991,-0.0086242680302222,-4.6139861692116,5.9634968721199,0
4119,0.055109258489649,0.0044838544011861,-4.6131509111511,7.3406637983381,0
2500,-0.044893896274077,-0.016470729857199,-4.6123664256194,3.2240201260993,0
2476,-0.042460508205618,-0.016062989379264,-4.6118245830264,3.8041156252855,0
4162,0.060979641119,0.0088430655303009,-4.6109397182399,7.6867236032534,0
2451,-0.038918263225795,-0.015423958026587,-4.6097729464331,4.2579327179768,0
2399,-0.03008778561744,-0.013744517168217,-4.6072125896841,4.9073106239246,0
4076,0.043312197719307,8.2198258431155e-05,-4.6071219905339,7.0075054947827,0
2523,-0.04642080377798,-0.016198074462816,-4.6044631219229,2.5245846730051,0
2544,-0.11079643517021,-0.0066216417164203,-4.6016029887981,1.5855517062753,0
4205,0.057542977697269,0.011636161753015,-4.6001152403285,8.0450210846843,0
3948,0.0073268069615643,-0.0077319846633998,-4.5953428057435,6.1680956057662,0
4033,0.029483026182271,-0.0036706492843156,-4.5932423345602,6.6879027851346,0
2501,-0.044414064318271,-0.016638078216831,-4.5920861611951,3.3576461833356,0
3737,-0.024190893018581,-0.013383388503261,-4.5909837448218,5.1899462915118,0
5535,0.0071997681091951,0.0029922787488664,-4.5900346857014,9.2112883858234,0
3695,-0.02727554921291,-0.013458400532699,-4.5896706702378,5.04358801899,0
3779,-0.020217448685309,-0.012671850785842,-4.5891317243537,5.3481688189631,0
2524,-0.045839410786407,-0.016497977809256,-4.5877366635778,2.656761177953,0
2545,-0.088243671119267,-0.0093088848947314,-4.5872925887938,1.7156381622633,0
2477,-0.041512385421248,-0.016217388021578,-4.5872569852697,3.9385848722651,0
3821,-0.015423413501805,-0.011942467563358,-4.5837821648633,5.5178731121507,0
5548,0.045119274466592,0.011606692465988,-4.5831449187075,8.4112528316873,0
2426,-0.033458528573961,-0.014891443407107,-4.5830341285545,4.716471214268,0
2452,-0.037489009282124,-0.01562033634888,-4.5805865920798,4.3928379749195,0
3863,-0.0098264835960566,-0.0111679138041,-4.5746121554435,5.698668454507,0
2546,-0.071607179707858,-0.011609944825147,-4.5729120591667,1.8457076725113,0
3990,0.016043091060319,-0.0067948376920611,-4.5719172930301,6.382499657415,0
2502,-0.043854086949127,-0.016804604851785,-4.5714945607825,3.4910900237862,0
2525,-0.045463616364567,-0.016750662916822,-4.5708115000684,2.7888518682359,0
5541,0.027939743412438,0.0087682961105286,-4.5694826221222,8.7656397762913,0
4118,0.0518353356633,0.0020711805148468,-4.5654951045003,7.2538710765111,0
4161,0.059632608230001,0.0066112828053308,-4.5644342688259,7.5974473556456,0
2478,-0.040440007795266,-0.016381761094059,-4.5622804136268,4.0727578066603,0
3905,-0.0033545495222337,-0.010362075629991,-4.5613085083146,5.8901561255623,0
2547,-0.060172752888627,-0.013447937707299,-4.558461833656,1.9757585332048,0
4075,0.03929170812789,-0.0021810516328689,-4.5583627729658,6.923266462011,0
4204,0.058928987750182,0.010130874002871,-4.5548057785936,7.9533323373805,0
2526,-0.045154067899568,-0.016979506990066,-4.553689781434,2.9208519274954,0
2453,-0.035916476355077,-0.015846781210964,-4.5509036459901,4.5273248686845,0
2503,-0.043202021020158,-0.016970857053933,-4.550596156872,3.624344115278,0
202,-0.58915391510338,0.0079194640355308,-4.5491093975401,0.31250001000045,0
203,-0.53724144876736,0.0095364116089331,-4.5491093975401,0.43750001400016,0
1008,-0.48148122988707,0.010195908865675,-4.5491093975401,0.56250001800014,0
1009,-0.42452603776346,0.0099330071716135,-4.5491093975401,0.68750002200043,0
1010,-0.36837224201551,0.0088367782666603,-4.5491093975401,0.81250002600044,0
1011,-0.31457380197712,0.0070273292903048,-4.5491093975401,0.93750003000015,0
200,-0.66315245043669,0.0019123860806034,-4.5491093975401,0.062500002000121,0
201,-0.63371418823011,0.005348763933697,-4.5491093975401,0.18750000600041,0
2427,-0.031094555713024,-0.014988637415524,-4.5486511118271,4.8511532707274,0
2548,-0.052978085845977,-0.014810858243512,-4.5439423873837,2.1057890516209,0
5534,0.011109161610142,0.0041971058784204,-4.5437608543294,9.1226321222318,0
3947,0.0040595100290103,-0.0095385656744457,-4.5435679447033,6.0919296279629,0
4032,0.025493549688883,-0.005718865387267,-4.5434279519512,6.6062867175132,0
2568,-0.26342909976786,0.0046423768566552,-4.5422843347907,1.0644052646572,0
2479,-0.03923529820495,-0.016557994596056,-4.5369022097157,4.2066245510673,0
2527,-0.044841909157095,-0.017195247973706,-4.5363737744243,3.0527565932189,0
4247,0.04883611572836,0.011167922552075,-4.5362515630278,8.3208536806999,0
3736,-0.025672025389194,-0.014698174627351,-4.5352396238277,5.1285512145948,0
3778,-0.021993748532575,-0.014069843223256,-4.5340701228609,5.2836926660794,0
3694,-0.028493309620454,-0.014704375273151,-4.5333020320153,4.985335357898,0
3820,-0.017516375536348,-0.01344089416843,-4.529459931836,5.4503782935322,0
2504,-0.042447279244534,-0.017137401911859,-4.5293956641326,3.7574010383296,0
2549,-0.048878502928323,-0.015759050448976,-4.5293542365787,2.2357975471119,0
2569,-0.2158504234798,0.0019435158038256,-4.5286342092917,1.1932157299713,0
5540,0.032828150100032,0.0093659225723866,-4.5214776849624,8.6779103248738,0
3989,0.012426808046764,-0.0086762365916471,-4.5210972740609,6.3035749197872,0
3862,-0.012248150900817,-0.012761978026629,-4.5210849667569,5.6282184291065,0
2454,-0.034178147025921,-0.016075208291029,-4.5207344498195,4.6613814230972,0
2528,-0.044490671115568,-0.017402706134121,-4.5188658611672,3.1845611595321,0
4160,0.057650108293205,0.0042758636932313,-4.5179288194119,7.5081711080379,0
4117,0.048279765963563,-0.00030987585285144,-4.5178392978494,7.1670783546841,0
2570,-0.17370825525138,-0.00093337990353999,-4.5149840837928,1.3220261952854,0
2550,-0.046739777817972,-0.016404890895673,-4.5146979382719,2.3657823520972,0
2480,-0.037892280833375,-0.016749976080036,-4.5111299536859,4.3401754098705,0
4074,0.035245111726644,-0.0043712128617254,-4.5096035553976,6.8390274292393,0
4203,0.059512280086949,0.0083440294682647,-4.5094963168587,7.861643590077,0
3904,-0.0061198619934441,-0.012039824861894,-4.5086308474173,5.8168153790045,0
2505,-0.041580025944196,-0.017305146879649,-4.5078979766213,3.8902534905478,0
5527,0.00079865064575638,0.00041924494902095,-4.5058744054476,9.4818925144105,0
2571,-0.13810943802358,-0.0039570219196321,-4.5013339582938,1.4508366605994,0
2529,-0.0440786318551,-0.01760396024602,-4.5011685377535,3.3162609799998,0
2551,-0.045671323059941,-0.01686490752813,-4.4999740899591,2.4957418130749,0
5533,0.015491800801751,0.0053456281247659,-4.4974870229574,9.0339758586401,0
4031,0.021594608635167,-0.0077007048971952,-4.4936135693423,6.524670649892,0
4246,0.052002060157999,0.010370060542463,-4.4921823876873,8.2268242979174,0
3946,0.00093269658494387,-0.01128994805755,-4.4917930836633,6.0157636501598,0
2455,-0.031985779186666,-0.016171003076432,-4.4900896339702,4.7949959175302,0
2572,-0.1091612486768,-0.006889199158975,-4.4876838327949,1.5796471259134,0
2506,-0.040590982758562,-0.017475412426623,-4.4861081649056,4.02289429092,0
2552,-0.045117127825312,-0.017223454079003,-4.4851833292456,2.6256742916,0
2481,-0.036412997458973,-0.016969378577871,-4.4849714596388,4.473400875091,0
2530,-0.043590767452203,-0.017799842233376,-4.4832844127469,3.4478514703961,0
3735,-0.027021249404433,-0.015945096583721,-4.4794955028336,5.0671561376777,0
3777,-0.023628199339832,-0.015396512068561,-4.4790085213682,5.2192165131958,0
3693,-0.029592698015985,-0.015887234704419,-4.4769333937928,4.927082696806,0
3819,-0.019464127522167,-0.014865450171995,-4.4751376988087,5.3828834749136,0
2573,-0.086644203948933,-0.0095733214614603,-4.474033707296,1.7084575912274,0
5539,0.037369181412551,0.0095918765152583,-4.4734727478027,8.5901808734565,0
4159,0.0551345567343,0.0018889691385135,-4.4714233699979,7.4188948604301,0
2553,-0.044783471434995,-0.017528439746176,-4.4703263334774,2.7555781652369,0
3988,0.0089383358862322,-0.010502250913052,-4.4702772550917,6.2246501821595,0
4116,0.044527392240829,-0.0026386659514789,-4.4701834911985,7.0802856328571,0
3861,-0.0145253170774,-0.014284027961524,-4.4675577780704,5.557768403706,0
2531,-0.043015080349487,-0.01799063167257,-4.4652162056415,3.579328111417,0
4202,0.059319335546402,0.0063303136729616,-4.4641868551238,7.7699548427732,0
2507,-0.039471346514764,-0.017649510748102,-4.4640314729983,4.1553163841578,0
5526,0.0031388789210293,0.0013727367367317,-4.46134952433,9.3923435143885,0
4073,0.031213409637628,-0.0064867639380468,-4.4608443378292,6.7547883964674,0
2574,-0.070087110385824,-0.011893865522623,-4.460383581797,1.8372680565413,0
2482,-0.034789369472525,-0.017195735957264,-4.4584347710844,4.6062916319262,0
3903,-0.0087414615582177,-0.01365115858268,-4.4559531865199,5.7434746324465,0
2554,-0.044525784683316,-0.017803647935227,-4.4554038193341,2.885451828533,0
5532,0.02017749760238,0.0063547669758617,-4.4512131915854,8.9453195950485,0
4245,0.054448459636772,0.0092193276461963,-4.4481132123467,8.1327949151348,0
2532,-0.042340920443003,-0.018176392895807,-4.4469667452387,3.7106864513738,0
2575,-0.058764684158407,-0.013779271024029,-4.4467334562981,1.9660785218551,0
4030,0.017799498079021,-0.0096182881752844,-4.4437991867334,6.4430545822707,0
2508,-0.038214486586292,-0.017831116750562,-4.4416733152919,4.2875128448214,0
2555,-0.044272294751208,-0.01806047815104,-4.4404165423991,3.015293693984,0
3945,-0.0020500936724457,-0.012980321735494,-4.4400182226234,5.9395976723568,0
204,-0.66996873279291,0.0019831657112696,-4.4339420710203,0.062500002000121,0
205,-0.63971277605363,0.0055440892169306,-4.4339420710203,0.18750000600041,0
206,-0.59398219919518,0.0081958592039888,-4.4339420710203,0.31250001000045,0
207,-0.54078131073636,0.0098472641143789,-4.4339420710203,0.43750001400016,0
1012,-0.48371780168621,0.010496604803972,-4.4339420710203,0.56250001800013,0
1013,-0.42552062340763,0.010184419556884,-4.4339420710203,0.68750002200041,0
1014,-0.36823812648983,0.0090095983461711,-4.4339420710203,0.81250002600042,0
1015,-0.31346194330912,0.0071090679599498,-4.4339420710203,0.93750003000014,0
2576,-0.051699583549475,-0.015213834825014,-4.4330833307992,2.0948889871688,0
2483,-0.032763996472843,-0.017291373581851,-4.4315281561132,4.738838564333,0
2533,-0.041558231392613,-0.018357219908366,-4.4285389679729,3.8419221088306,0
2596,-0.26148672721787,0.0046236821115807,-4.4272897946696,1.0644052646571,0
5538,0.041466661762198,0.0094486036732009,-4.4254678106427,8.5024514220387,0
2556,-0.043985122555467,-0.018304342772884,-4.4253652967149,3.1451021929649,0
4158,0.052189030800275,-0.00050704180434006,-4.4249179205839,7.3296186128224,0
3776,-0.025121578887989,-0.016651540141883,-4.4239469198755,5.154740360312,0
3734,-0.028240950717812,-0.017123511074436,-4.4237513818394,5.0057610607607,0
4115,0.040649419816125,-0.0049018648768594,-4.4225276845477,6.9934929110302,0
3818,-0.021264040327371,-0.016215005230243,-4.4208154657815,5.3153886562951,0
3692,-0.030577221786154,-0.017006450683673,-4.4205647555704,4.8688300357141,0
3987,0.0055860178479278,-0.01226837112906,-4.4194572361227,6.1457254445321,0
2577,-0.047728168194147,-0.016246869433626,-4.4194332053003,2.2236994524825,0
2509,-0.036822556111236,-0.018034878505248,-4.4190392732875,4.4194768814974,0
4201,0.058402314345671,0.0041472867032179,-4.4188773933887,7.6782660954692,0
5525,0.0060762421231403,0.0023639258813212,-4.4168246432125,9.3027945143667,0
3860,-0.016653397791097,-0.01573076258639,-4.4140305893841,5.4873183783056,0
2597,-0.2133140511356,0.0017184618731453,-4.4139852419681,1.1932157299713,0
4072,0.02722817013018,-0.008528062599254,-4.412085120261,6.6705493636957,0
2557,-0.043641990179141,-0.01853772516638,-4.4102509143119,3.2748757766639,0
2534,-0.04065720130506,-0.018533316102765,-4.4099359161844,3.9730307751798,0
2578,-0.04570035859836,-0.016978172407261,-4.4057830798014,2.3525099177961,0
5531,0.024923434787375,0.0071275488201563,-4.4049393602136,8.8566633314573,0
4244,0.056146428592437,0.0077530404534082,-4.4040440370062,8.0387655323524,0
3902,-0.011214514500381,-0.01519088248873,-4.4032755256225,5.6701338858886,0
2598,-0.17066600307673,-0.0014119269403282,-4.4006806892666,1.3220261952854,0
2510,-0.035299220845421,-0.01825377851842,-4.3961350923493,4.5512018407553,0
2558,-0.043227773551231,-0.018761670436985,-4.3950742647112,3.4046129170058,0
4029,0.014118806542494,-0.01147235104658,-4.3939848041244,6.3614385146493,0
2579,-0.044721573178829,-0.017515868181332,-4.3921329543025,2.4813203831098,0
2535,-0.039628026463999,-0.018704497072641,-4.3911607362809,4.1040082172484,0
3944,-0.0048845677224507,-0.014604226663429,-4.3882433615833,5.8634316945536,0
2599,-0.13486359577545,-0.0045979878926992,-4.3873761365651,1.4508366605994,0
4287,0.045226696824452,0.0089958257357377,-4.3800723733979,8.4104380258855,0
2559,-0.042730610802824,-0.018976496556457,-4.3798362544109,3.5343121075559,0
2580,-0.044241237098703,-0.017941946347396,-4.3784828288036,2.6101308484235,0
4157,0.048910223267612,-0.0028797148915018,-4.3784124711699,7.2403423652147,0
4114,0.036704388667901,-0.0070916001012542,-4.3748718778969,6.9067001892032,0
2600,-0.10591436835383,-0.0076354762662451,-4.3740715838636,1.5796471259134,0
4200,0.056834927129876,0.001851108501541,-4.3735679316537,7.5865773481652,0
2511,-0.033427805510657,-0.018351237093851,-4.3729666782562,4.6826812111357,0
5524,0.0095240131601521,0.0033432649398553,-4.3722997620948,9.2132455143446,0
2536,-0.038461973786283,-0.018871811296324,-4.372216676898,4.2348502797724,0
3775,-0.026475600405987,-0.017834867995667,-4.3688853183826,5.0902642074282,0
3986,0.0023796590289156,-0.013971856151434,-4.3686372171539,6.066800706905,0
3733,-0.029333945494243,-0.018233153854627,-4.3680072608453,4.9443659838437,0
3817,-0.022915768944315,-0.017489596674744,-4.3664932327543,5.2478938376766,0
2581,-0.043972536593377,-0.018305241485797,-4.3648327033047,2.7389413137374,0
2560,-0.042140100041288,-0.019182112066685,-4.3645378263448,3.6639718644179,0
3691,-0.031447071973037,-0.018059383495287,-4.3641961173479,4.810577374622,0
4071,0.023313549900372,-0.010496028798571,-4.3633259026929,6.5863103309242,0
2601,-0.083577611571171,-0.010381593528355,-4.3607670311621,1.7084575912274,0
3859,-0.018629283029215,-0.017100316528791,-4.3605034006976,5.4168683529052,0
4243,0.05708565385831,0.0060138645559948,-4.3599748616658,7.9447361495701,0
5530,0.029528966472863,0.00759901650516,-4.3586655288421,8.7680070678666,0
2537,-0.03715753431185,-0.019049339394585,-4.3531070869362,4.3655528879039,0
2582,-0.043775519676142,-0.018631347546883,-4.3511825778057,2.8677517790518,0
3901,-0.013534551481326,-0.01665486849559,-4.3505978647252,5.5967931393307,0
2561,-0.04144645004058,-0.019378187313717,-4.3491799593244,3.7935907271133,0
2602,-0.067338003840455,-0.012726572813288,-4.3474624784606,1.8372680565413,0
4028,0.010562181816607,-0.013261674522417,-4.3441704215155,6.279822447028,0
2583,-0.043581053788547,-0.018933420768162,-4.3375324523067,2.9965622443666,0
4286,0.048530650298201,0.0081981138072245,-4.3372864360684,8.314140684997,0
3943,-0.007566117149934,-0.016156528232006,-4.336468500543,5.7872657167502,0
2603,-0.056413166625485,-0.014606942733183,-4.3341579257591,1.9660785218551,0
2538,-0.035722843182686,-0.019248386317736,-4.3338354136142,4.4961120495845,0
2562,-0.040640044101015,-0.019564170972196,-4.3337636674631,3.9231672594395,0
4156,0.045384642505129,-0.0052054437790322,-4.3319070217559,7.151066117607,0
4199,0.054704974899589,-0.00050735144003054,-4.3282584699187,7.4948886008612,0
5523,0.013447166649495,0.0042793035520238,-4.3277748809771,9.1236965143226,0
5517,0.0006256486817021,0.00031550207189141,-4.327450392318,9.5718585691984,0
4113,0.032739640545186,-0.0092037273705565,-4.3272160712459,6.8199074673761,0
2584,-0.043352789517104,-0.019218188219257,-4.3238823268077,3.1253727096813,0
2604,-0.04975558151056,-0.016020324435963,-4.3208533730577,2.0948889871688,0
1018,-0.36804701520118,0.0091924294638731,-4.3187747445005,0.81250002600039,0
208,-0.6770471884866,0.0020602127792034,-4.3187747445005,0.062500002000121,0
209,-0.64593057826121,0.0057550659322786,-4.3187747445005,0.18750000600041,0
210,-0.59896951760862,0.0084933420990188,-4.3187747445005,0.31250001000045,0
211,-0.54441645066416,0.010180909932991,-4.3187747445005,0.43750001400016,0
1016,-0.48598908146349,0.010818642647098,-4.3187747445005,0.56250001800012,0
1017,-0.42649766335427,0.010452762773763,-4.3187747445005,0.68750002200038,0
1019,-0.31226927356349,0.0071871951625256,-4.3187747445005,0.93750003000013,0
2563,-0.039711098415675,-0.019738536815326,-4.3182899995634,4.0527000503389,0
3985,-0.0006758071851398,-0.015606949610569,-4.3178171981852,5.987875969278,0
4242,0.057278738206025,0.0040502308533744,-4.3159056863252,7.8507067667876,0
4070,0.019488276336911,-0.012391267277206,-4.3145666851248,6.5020712981526,0
2539,-0.033968533751069,-0.019333418901788,-4.3144052003993,4.6265238579385,0
3774,-0.02769262988968,-0.018947017199966,-4.3138237168897,5.0257880545445,0
5529,0.033871653703192,0.0077442986645289,-4.3123916974707,8.6793508042759,0
2624,-0.2594695257893,0.004578081027971,-4.3122952545484,1.0644052646571,0
3732,-0.030303173082474,-0.019274069806318,-4.3122631398513,4.8829709069267,0
3816,-0.024420061563319,-0.01868951197504,-4.312170999727,5.1803990190581,0
2585,-0.043069388587638,-0.019488990856838,-4.3102322013087,3.254183174996,0
3690,-0.032225810260741,-0.019049261998575,-4.3078274791254,4.75232471353,0
2605,-0.04613266496164,-0.017034220861845,-4.3075488203562,2.2236994524825,0
3858,-0.02045120076875,-0.018391891530982,-4.3069762120112,5.3464183275047,0
2564,-0.038649768540774,-0.019898323264349,-4.302760038504,4.1821877147234,0
2625,-0.21068298261707,0.0014793493556096,-4.2993362746444,1.1932157299713,0
3900,-0.015698005672441,-0.018040337848371,-4.297920203828,5.5234523927729,0
2586,-0.042716349997679,-0.019747392594243,-4.2965820758097,3.3829936403107,0
4285,0.051179308344594,0.0070669186470468,-4.294500498739,8.2178433441085,0
4027,0.0071398001698365,-0.01498096967272,-4.2943560389067,6.198206379407,0
2606,-0.044357340801284,-0.017763405860902,-4.2942442676548,2.3525099177961,0
2565,-0.037448396281583,-0.020049183672733,-4.2871749005849,4.3116288943103,0
2626,-0.16763191572368,-0.0018628524788913,-4.2863772947403,1.3220261952853,0
4155,0.041687233425678,-0.007467914905329,-4.285401572342,7.0617898699994,0
3942,-0.010090441403255,-0.017632858718721,-4.2846936395028,5.7110997389468,0
5516,0.0025632518173314,0.0010554166599531,-4.2846916366398,9.4814512511898,0
5522,0.017700933171508,0.0050993463417123,-4.2832499998595,9.0341475143006,0
4198,0.052105872751505,-0.0028849998927418,-4.2829490081837,7.4031998535572,0
2587,-0.042282272665968,-0.019994001344709,-4.2829319503107,3.5118041056254,0
2607,-0.043543132303585,-0.018319410368388,-4.2809397149533,2.4813203831098,0
4112,0.028793012669272,-0.011236320134821,-4.279560264595,6.7331147455492,0
2627,-0.13168506301036,-0.005198456923619,-4.2734183148363,1.4508366605994,0
4241,0.056761826604017,0.0019141744101912,-4.2718365109846,7.756677384005,0
2566,-0.036118417665008,-0.020221935584577,-4.2715357348791,4.4410222584136,0
2588,-0.041757156943288,-0.020228849373422,-4.2692818248117,3.64061457094,0
2608,-0.043168609511203,-0.018778996597955,-4.2676351622518,2.6101308484235,0
3984,-0.0035753751971229,-0.017169187971295,-4.2669971792164,5.9089512316506,0
5528,0.037854206008045,0.0075620752863564,-4.266117866099,8.5906945406848,0
4069,0.015767503337889,-0.014213705112096,-4.2658074675566,6.4178322653808,0
2628,-0.10277813201628,-0.0083447994669603,-4.2604593349322,1.5796471259134,0
3773,-0.028775489386733,-0.019989404791633,-4.2587621153969,4.9613119016607,0
3815,-0.025778723378384,-0.01981578730367,-4.2578487666997,5.1129042004394,0
3731,-0.031151593108953,-0.020246032410512,-4.2565190188571,4.8215758300096,0
2567,-0.034496981556119,-0.020359961818055,-4.2558437225423,4.5703665047413,0
2589,-0.041131631916694,-0.020451583149602,-4.2556316993127,3.7694250362547,0
2609,-0.042971805015456,-0.019184182933283,-4.2543306095504,2.7389413137374,0
3857,-0.022119003403255,-0.019605758042513,-4.2534490233248,5.2759683021044,0
4284,0.053136287417256,0.0056349572767017,-4.2517145614096,8.1215460032201,0
3689,-0.032822817883403,-0.019899641526601,-4.2514588409029,4.694072052438,0
2629,-0.080643763443309,-0.011158574079256,-4.2475003550282,1.7084575912274,0
3899,-0.017702525418417,-0.019345802452576,-4.2452425429308,5.4501116462151,0
4026,0.0038655160609717,-0.016630348221464,-4.2445416562982,6.1165903117863,0
2590,-0.040396583294299,-0.020661488873441,-4.2419815738137,3.8982355015694,0
5515,0.0050769574845652,0.0018420965402351,-4.2419328809616,9.3910439331814,0
2610,-0.042827700617874,-0.019556030145916,-4.2410260568488,2.8677517790519,0
4154,0.03788146242593,-0.0096564308094486,-4.2388961229281,6.9725136223916,0
5521,0.022072360995462,0.0057189875585911,-4.238725118742,8.944598514279,0
4197,0.049129466840941,-0.0052473679688071,-4.2376395464486,7.3115111062533,0
2630,-0.064722605575092,-0.013534241197119,-4.2345413751241,1.8372680565413,0
3941,-0.012453837201809,-0.019029862513755,-4.2329187784626,5.6349337611436,0
4111,0.024894604614242,-0.013188443312921,-4.2319044579442,6.6463220237224,0
2591,-0.039543058294477,-0.020856539679842,-4.2283314483147,4.0270459668841,0
4240,0.055592273710198,-0.00034212603721144,-4.227767335644,7.6626480012223,0
2611,-0.042675278635971,-0.019905356488913,-4.2277215041473,2.9965622443666,0
4327,0.041608175924324,0.0070951805673077,-4.2222503955416,8.4971204920379,0
2631,-0.054176414944543,-0.015417146864148,-4.2215823952201,1.966078521855,0
4068,0.012164190871215,-0.015962020374659,-4.2170482499884,6.3335932326092,0
3983,-0.0063142895014361,-0.018654564575797,-4.2161771602474,5.8300264940232,0
2592,-0.038562734901185,-0.021030912057827,-4.2146813228157,4.1558564321988,0
2612,-0.04248249147995,-0.020237809389839,-4.2144169514457,3.1253727096813,0
4283,0.054382013921936,0.0039395915297504,-4.2089286240803,8.0252486623318,0
2632,-0.04789087602755,-0.016819154841879,-4.2086234153161,2.0948889871687,0
3772,-0.029727546408403,-0.020964648116715,-4.2037005139041,4.896835748777,0
212,-0.68440358511531,0.0021431885477077,-4.2036074179807,0.062500002000121,0
213,-0.65238059236932,0.0059820060531394,-4.2036074179807,0.18750000600041,0
214,-0.60412485054918,0.0088127458627033,-4.2036074179807,0.31250001000045,0
215,-0.54815139982672,0.01053811728737,-4.2036074179807,0.43750001400016,0
1020,-0.48829484764037,0.011161801916991,-4.2036074179807,0.56250001800011,0
1021,-0.42745157350809,0.010735841910139,-4.2036074179807,0.68750002200036,0
1022,-0.36778601562388,0.0093787162016013,-4.2036074179807,0.81250002600037,0
1023,-0.31097207247696,0.0072505923589716,-4.2036074179807,0.93750003000013,0
3814,-0.026994450095553,-0.020870410839378,-4.2035265336724,5.0454093818208,0
2613,-0.042230283100994,-0.020556303106972,-4.2011123987441,3.254183174996,0
2593,-0.037446770289213,-0.021176307437665,-4.2010311973167,4.2846668975135,0
3730,-0.031888337851845,-0.021144516759086,-4.200774897863,4.7601807530926,0
3856,-0.023633781587606,-0.020742998084031,-4.1999218346384,5.205518276704,0
5514,0.0080936815060045,0.0026288792158399,-4.1991741252833,9.3006366151727,0
2652,-0.25732467816308,0.0044944657559115,-4.1973007144273,1.0644052646571,0
2633,-0.044572663662428,-0.017824803767877,-4.1956644354121,2.2236994524825,0
3688,-0.033475998302753,-0.020950581475651,-4.1950902026804,4.635819391346,0
4025,0.0007462228490295,-0.018204113647126,-4.1947272736897,6.0349742441657,0
5520,0.026376635208799,0.0060787989455825,-4.1942002376248,8.8550495142578,0
3898,-0.019547061319373,-0.020570952777562,-4.1925648820335,5.3767708996573,0
4153,0.034020199459065,-0.011764313337106,-4.192390673514,6.8832373747838,0
4196,0.045861222267182,-0.0075682106391954,-4.1923300847137,7.2198223589494,0
2614,-0.041905386373166,-0.020862302493984,-4.1878078460426,3.3829936403107,0
2594,-0.036169481088612,-0.021290527469354,-4.1873810718177,4.4134773628281,0
2653,-0.20788347215046,0.0012045099845163,-4.1846873073207,1.1932157299713,0
4110,0.021068519972531,-0.015059353610699,-4.1842486512935,6.5595293018955,0
4239,0.05384334422487,-0.0026697890892793,-4.1836981603034,7.5686186184396,0
2634,-0.043009825942971,-0.018560362276467,-4.1827054555081,2.3525099177961,0
3940,-0.014653533389752,-0.020345407005073,-4.1811439174225,5.5587677833404,0
4326,0.04499768549596,0.0062966531952282,-4.1807892857986,8.3986286583355,0
2615,-0.04149710194423,-0.021156477498025,-4.174503293341,3.5118041056254,0
2595,-0.034601066710027,-0.02133013954278,-4.1737309463187,4.5422878281427,0
2654,-0.1644757635874,-0.0023273524674166,-4.1720739002141,1.3220261952853,0
2635,-0.042332004667689,-0.019138706420676,-4.169746475604,2.4813203831098,0
4067,0.0086899019163479,-0.01763062372741,-4.1682890324204,6.249354199838,0
4282,0.054917503079189,0.0020237676337134,-4.1661426867508,7.9289513214434,0
3982,-0.0088884589846977,-0.020059669979176,-4.1653571412784,5.7511017563958,0
2616,-0.040995881698342,-0.021439021842573,-4.1611987406394,3.64061457094,0
2655,-0.12840875123011,-0.0058073495214519,-4.1594604931075,1.4508366605994,0
2636,-0.042047220798828,-0.019631831090148,-4.1567874957,2.6101308484235,0
5513,0.011579189578875,0.0033823751647909,-4.156415369605,9.2102292971641,0
5519,0.030494152238305,0.0061530216772795,-4.1496753565076,8.7655005142367,0
3813,-0.02807077969482,-0.02185661556943,-4.1492043006451,4.9779145632023,0
3771,-0.030552464616554,-0.021875423969652,-4.1486389124113,4.8323595958932,0
2617,-0.04039273646091,-0.021709891248153,-4.1478941879379,3.7694250362547,0
5507,0.00047891615645743,0.00023212498100749,-4.1473728874149,9.6584675237952,0
4195,0.042377699923829,-0.0098283938530262,-4.1470206229788,7.1281336116455,0
2656,-0.099577151573055,-0.0090614080138041,-4.1468470860009,1.5796471259134,0
3855,-0.024997833909663,-0.021805683104736,-4.1463946459519,5.1350682513035,0
4152,0.030147000647041,-0.01378749246469,-4.1458852241,6.7939611271762,0
3729,-0.03245109517173,-0.021965625858407,-4.1450307768689,4.6987856761756,0
4024,-0.0022118387622342,-0.019698656963422,-4.1449128910811,5.9533581765448,0
2637,-0.041914789018238,-0.020076576805596,-4.143828515796,2.7389413137375,0
3897,-0.021231988651672,-0.021716620047752,-4.1398872211363,5.3034301530996,0
4238,0.051597362193221,-0.0050258082264724,-4.1396289849628,7.4745892356569,0
4325,0.047796247094932,0.0051833555840067,-4.1393281760556,8.3001368246329,0
4109,0.017334451965618,-0.016848235722167,-4.1365928446426,6.4727365800685,0
2618,-0.039679072299189,-0.021969066092827,-4.1345896352363,3.8982355015694,0
2657,-0.077674592275564,-0.011941875532752,-4.1342336788943,1.7084575912274,0
2638,-0.041821275406629,-0.020490876460369,-4.1308695358919,2.8677517790519,0
3939,-0.016687918813697,-0.021578608175717,-4.1293690563824,5.4826018055372,0
4281,0.054765339563903,-6.5528859917851e-05,-4.1233567494213,7.8326539805547,0
2658,-0.062092860657297,-0.014346985201625,-4.1216202717877,1.8372680565413,0
2619,-0.038846912295987,-0.022216033194613,-4.1212850825347,4.0270459668841,0
4066,0.0053622903829639,-0.019222052862865,-4.1195298148526,6.165115167067,0
2639,-0.041711610914214,-0.020883955239177,-4.1179105559878,2.9965622443666,0
3981,-0.011294664060394,-0.021382025229386,-4.1145371223095,5.6721770187684,0
5512,0.015412000207918,0.0040391102285123,-4.1136566139268,9.1198219791555,0
2659,-0.051934189040747,-0.016232242359696,-4.1090068646811,1.966078521855,0
2620,-0.037889220371079,-0.022447618632552,-4.1079805298332,4.1558564321988,0
5506,0.0020650503812926,0.00079761159872502,-4.1063967565107,9.5672366358269,0
5518,0.034328065682647,0.0059372659219125,-4.1051504753902,8.6759515142152,0
2640,-0.041556835530981,-0.02126070859752,-4.1049515760837,3.1253727096813,0
4194,0.03874569682828,-0.012014498555691,-4.1017111612438,7.0364448643415,0
4151,0.026297553764075,-0.0157233552743,-4.0993797746861,6.7046848795687,0
4324,0.049960903854611,0.003783871047317,-4.0978670663127,8.2016449909305,0
2660,-0.046015805077448,-0.017625337658888,-4.0963934575745,2.0948889871687,0
4237,0.04893908449652,-0.0073743879444265,-4.0955598096222,7.3805598528743,0
4023,-0.0050033322466991,-0.021111071708567,-4.0950985084723,5.8717421089238,0
3812,-0.029012453421466,-0.022779022004346,-4.0948820676178,4.9104197445837,0
2621,-0.036797792505643,-0.02266270385859,-4.0946759771316,4.2846668975135,0
3770,-0.031259604008937,-0.022727546686064,-4.0935773109184,4.7678834430094,0
3854,-0.026214588485972,-0.022796954896943,-4.0928674572654,5.064618225903,0
2641,-0.041339552044917,-0.021623762115973,-4.0919925961795,3.2541831749961,0
3728,-0.033059069380333,-0.023033439247098,-4.0892866558748,4.6373905992585,0
4108,0.013708593679195,-0.018553736938963,-4.0889370379918,6.3859438582417,0
216,-0.69205707842347,0.0022325968455966,-4.0884400914609,0.062500002000121,0
217,-0.65907826615147,0.0062260555780287,-4.0884400914609,0.18750000600041,0
218,-0.60945833006458,0.0091553684767673,-4.0884400914609,0.31250001000045,0
219,-0.55199061684486,0.010919769669946,-4.0884400914609,0.43750001400016,0
1024,-0.49063393602867,0.011525952067572,-4.0884400914609,0.56250001800011,0
1025,-0.42837562757604,0.01103206939043,-4.0884400914609,0.68750002200033,0
1026,-0.36744228433832,0.0095660936932241,-4.0884400914609,0.81250002600035,0
1027,-0.30954929592737,0.0072994369386314,-4.0884400914609,0.93750003000012,0
3896,-0.022759006193786,-0.022784671824426,-4.087209560239,5.2300894065418,0
2661,-0.042986964527548,-0.01862764217134,-4.083780050468,2.2236994524825,0
2680,-0.25501785045672,0.004380873058811,-4.0823061743063,1.0644052646571,0
2622,-0.035557327625754,-0.022897051562768,-4.0813714244301,4.4134773628281,0
4280,0.053968476572511,-0.0022800916218395,-4.0805708120918,7.7363566396661,0
2642,-0.041047430565882,-0.021974543780336,-4.0790336162754,3.3829936403107,0
3938,-0.018556672161825,-0.022729798505727,-4.0775941953423,5.406435827734,0
2662,-0.041619559848174,-0.01937411774851,-4.0711666433614,2.3525099177962,0
5511,0.019407923188473,0.0045260058733092,-4.0708978582486,9.0294146611473,0
4065,0.0021909380522538,-0.020730766129626,-4.0707705972849,6.080876134296,0
2681,-0.20488393901891,0.00090142705658277,-4.0700383399972,1.1932157299713,0
2623,-0.034157013269173,-0.023231087391132,-4.0680668717285,4.5422878281427,0
2643,-0.040670336125316,-0.022313823072704,-4.0660746363713,3.5118041056254,0
5505,0.0041977559564406,0.0014141989417593,-4.0654206256065,9.4760057478586,0
3980,-0.013530746383451,-0.022620302218999,-4.0637171033406,5.5932522811412,0
4367,0.038031532245728,0.005458367322794,-4.0628400003023,8.5808709647868,0
2663,-0.041065801419483,-0.019976596279739,-4.0585532362548,2.4813203831098,0
2682,-0.16113255846343,-0.0028100402032533,-4.057770505688,1.3220261952853,0
4323,0.05146418376847,0.0021308931188029,-4.0564059565698,8.1031531572283,0
4193,0.035022428044066,-0.014117403941776,-4.0564016995087,6.9447561170375,0
2644,-0.040199084212938,-0.022641985847033,-4.0531156564672,3.64061457094,0
4150,0.022501137505357,-0.017569970164839,-4.0528743252722,6.6154086319611,0
4236,0.045950549834364,-0.0096871203399727,-4.0514906342817,7.2865304700917,0
2664,-0.040863750099698,-0.020502220877749,-4.0459398291482,2.6101308484236,0
2683,-0.12496450047744,-0.00643330803908,-4.0455026713788,1.4508366605994,0
4022,-0.0076240593394048,-0.022439010728804,-4.0452841258636,5.7901260413027,0
4107,0.010203463514227,-0.020170659643854,-4.0412812313411,6.2991511364152,0
3811,-0.029825989675391,-0.023642750906251,-4.0405598345905,4.8429249259651,0
2645,-0.039624934304192,-0.022959298030349,-4.0401566765631,3.7694250362547,0
3853,-0.027288680748069,-0.023721171665159,-4.039340268579,4.9941682005026,0
3769,-0.031808545597951,-0.023530242977014,-4.0385157094256,4.7034072901257,0
4279,0.052586518949063,-0.0045734587832793,-4.0377848747623,7.6400592987774,0
3895,-0.024131114687236,-0.023778011798409,-4.0345318993417,5.1567486599839,0
2665,-0.040792270429039,-0.020983848967163,-4.0333264220416,2.7389413137375,0
2684,-0.096238672836954,-0.0097943506826804,-4.0332348370696,1.5796471259134,0
5510,0.023399240888704,0.004789232860112,-4.0281391025708,8.9390073431395,0
2646,-0.038939447796348,-0.023266244453998,-4.027197696659,3.8982355015694,0
3937,-0.02026084650434,-0.02380047582777,-4.0258193343022,5.3302698499308,0
5504,0.0068170950098816,0.0020388773834466,-4.0244444947022,9.3847748598902,0
4366,0.041457749754908,0.0046605724029034,-4.0227439312441,8.4802588659514,0
4064,-0.00081628125647513,-0.022153907346041,-4.0220113797171,5.9966371015248,0
2685,-0.074601528561901,-0.012741840122367,-4.0209670027605,1.7084575912274,0
2666,-0.04074802880462,-0.021437303737918,-4.020713014935,2.8677517790519,0
4322,0.05229732154834,0.00026252765788046,-4.0149448468268,8.0046613235259,0
2647,-0.03813452224108,-0.023562929671826,-4.0142387167548,4.0270459668841,0
3979,-0.0155957607375,-0.023774381076978,-4.0128970843717,5.5143275435139,0
4192,0.031256296034029,-0.0161309987218,-4.0110922377737,6.8530673697336,0
2686,-0.059389794597574,-0.015177099134286,-4.0086991684513,1.8372680565413,0
2667,-0.040680980647208,-0.021870760236203,-4.0080996078283,2.9965622443666,0
4235,0.042707787839915,-0.011942349032203,-4.0074214589412,7.1925010873091,0
4149,0.018781921077434,-0.019325822537283,-4.0063688758583,6.5261323843534,0
2648,-0.037202174267159,-0.023846356148268,-4.0012797368507,4.1558564321988,0
2687,-0.049640103410081,-0.017065456895415,-3.9964313341421,1.966078521855,0
2668,-0.040564727433075,-0.022288608058121,-3.9954862007216,3.1253727096814,0
4021,-0.010071015051123,-0.02368099721257,-3.9954697432549,5.7085099736818,0
4278,0.050690339074676,-0.0069033856590039,-3.9949989374329,7.5437619578888,0
4106,0.0068399068252958,-0.021702911082844,-3.9936254246907,6.212358414589,0
2649,-0.036133465633678,-0.024115136618663,-3.9883207569466,4.2846668975135,0
3810,-0.030523995544069,-0.024454149010214,-3.9862376015632,4.7754301073465,0
3852,-0.028226521815866,-0.024583831474365,-3.9858130798925,4.9237181751022,0
5509,0.027271122662829,0.0048028911789049,-3.985380346893,8.8486000251318,0
2688,-0.0440968538555,-0.018450595833281,-3.984163499833,2.0948889871687,0
5503,0.0098913215346732,0.0026379534854195,-3.9834683637979,9.2935439719217,0
3768,-0.032403757106297,-0.024534760955598,-3.9834541079328,4.6389311372419,0
2669,-0.040383245646652,-0.022693282477966,-3.982872793615,3.2541831749961,0
4365,0.044356828390517,0.0035659950051042,-3.9826478621859,8.3796467671159,0
3894,-0.025352593045218,-0.024700545517444,-3.9818542384444,5.083407913426,0
2650,-0.034919470404323,-0.024404158596633,-3.9753617770425,4.4134773628281,0
3936,-0.021802846938989,-0.024793201215162,-3.9740444732621,5.2541038721277,0
4321,0.052471386095133,-0.0017788235453014,-3.9734837370838,7.9061694898232,0
220,-0.70003004445982,0.0023288783435789,-3.9732727649413,0.06250000200012,0
221,-0.66604153157307,0.0064884266891495,-3.9732727649413,0.18750000600041,0
222,-0.6149816064953,0.0095226984164701,-3.9732727649413,0.31250001000045,0
223,-0.55593908172407,0.011327111437679,-3.9732727649413,0.43750001400016,0
1028,-0.49300490502613,0.011911679849871,-3.9732727649413,0.5625000180001,0
1029,-0.42926266415235,0.011341303145717,-3.9732727649413,0.68750002200031,0
1030,-0.36700408522037,0.0097544649412094,-3.9732727649413,0.81250002600032,0
1031,-0.30798705493652,0.0073355342759985,-3.9732727649413,0.93750003000011,0
4063,-0.0036531613832694,-0.023489686131699,-3.9732521621491,5.9123980687535,0
2689,-0.041353312620868,-0.019450505010278,-3.9718956655239,2.2236994524824,0
2670,-0.04012499255656,-0.023086202338277,-3.9702593865083,3.3829936403107,0
2708,-0.25253771837312,0.0042421544609031,-3.9673116341854,1.0644052646571,0
4191,0.027487943354515,-0.018051106567967,-3.9657827760388,6.7613786224299,0
5497,0.00035585089139223,0.00016601430096168,-3.9657050483421,9.7416890023721,0
4234,0.039279139807951,-0.014124113864004,-3.9633522836006,7.0984717045265,0
2651,-0.033557474198821,-0.024771134496138,-3.9624027971384,4.5422878281427,0
3978,-0.01749007589232,-0.024845327235941,-3.9620770654028,5.4354028058866,0
4148,0.015159579126165,-0.020989616434033,-3.9598634264443,6.4368561367459,0
2690,-0.040172905417122,-0.020207848938986,-3.9596278312147,2.3525099177962,0
2671,-0.039780315597176,-0.023468228160164,-3.9576459794016,3.5118041056254,0
2709,-0.20168634255413,0.0005697102006872,-3.9553893726736,1.1932157299713,0
4277,0.04835629353434,-0.0092334423941542,-3.9522130001034,7.4474646170002,0
2691,-0.039736485482012,-0.020832897339116,-3.9473599969056,2.4813203831099,0
4105,0.0036311997015073,-0.023145345347666,-3.9459696180403,6.1255656927627,0
4020,-0.012342448071809,-0.024836637963942,-3.9456553606463,5.626893906061,0
2672,-0.039340337478935,-0.023839899469958,-3.9450325722949,3.64061457094,0
2710,-0.15760282182868,-0.0033193731706501,-3.9434671111619,1.3220261952853,0
5508,0.030928676094966,0.0045601424482689,-3.942621591215,8.7581927071238,0
4364,0.046680094775141,0.0021994386859822,-3.9425517931277,8.2790346682807,0
5502,0.013319878045734,0.0031560805897517,-3.9424922328936,9.2023130839533,0
2692,-0.039613106415343,-0.021388086398936,-3.9350921625964,2.6101308484236,0
2673,-0.038796504108322,-0.024201692138361,-3.9324191651883,3.7694250362547,0
3851,-0.029037170156504,-0.025390120570028,-3.932285891206,4.8532681497016,0
4320,0.052016787862924,-0.0039487883175694,-3.9320226273407,7.8076776561206,0
3809,-0.03108188108466,-0.025222714389954,-3.9319153685359,4.7079352887279,0
2711,-0.12135443724162,-0.0070860674478513,-3.9315448496502,1.4508366605993,0
3893,-0.026429144119075,-0.025557183050699,-3.9291765775471,5.0100671668682,0
5496,0.0016384753833028,0.00059092855609916,-3.926527359461,9.6496696087771,0
4062,-0.0063151051771844,-0.02473692705252,-3.924492944581,5.8281590359821,0
2693,-0.039600228342266,-0.021902894326233,-3.9228243282873,2.7389413137375,0
3935,-0.023186408812027,-0.025711495669302,-3.9222696122219,5.1779378943244,0
4190,0.023751385574545,-0.019874711001972,-3.9204733143039,6.6696898751261,0
2674,-0.038140428700696,-0.024554335029295,-3.9198057580816,3.8982355015694,0
2712,-0.092764779149367,-0.010552929158773,-3.9196225881384,1.5796471259134,0
4233,0.035724735633805,-0.016220961448853,-3.9192831082599,7.0044423217437,0
4147,0.011648543184566,-0.022557963018367,-3.9133579770306,6.3475798891387,0
3977,-0.019215422708362,-0.025835316683617,-3.911257046434,5.3564780682595,0
2694,-0.039603827887084,-0.022391507232637,-3.9105564939781,2.8677517790519,0
4276,0.045661202625317,-0.01153362644574,-3.9094270627739,7.3511672761116,0
2713,-0.071426600839311,-0.013566160739179,-3.9077003266267,1.7084575912274,0
2675,-0.037363796588536,-0.024898095289301,-3.9071923509749,4.0270459668841,0
4363,0.048393318431966,0.00058943251783303,-3.9024557240696,8.1784225694456,0
4407,0.034542417528876,0.0040730707691144,-3.9018961105126,8.661660348278,0
5501,0.016945663971758,0.0035302360093249,-3.9015161019894,9.1110821959854,0
4104,0.00058687584901375,-0.024495903072924,-3.8983138113898,6.0387729709363,0
2695,-0.039578414041879,-0.022861309590664,-3.8982886596688,2.9965622443667,0
4019,-0.014437928699937,-0.025906673838434,-3.8958409780376,5.5452778384401,0
2714,-0.056615453163907,-0.016030255925759,-3.895778065115,1.8372680565413,0
2676,-0.03645820561945,-0.025230039901148,-3.8945789438682,4.1558564321988,0
4319,0.05098068882564,-0.006203553764913,-3.8905615175977,7.7091858224179,0
5495,0.0034325652596156,0.0010680600346215,-3.88734967058,9.5576502151823,0
2696,-0.039499877561783,-0.023316314540568,-3.8860208253596,3.1253727096814,0
2715,-0.047295873831165,-0.017920429449296,-3.8838558036033,1.966078521855,0
2677,-0.035415612069796,-0.025549364489934,-3.8819655367616,4.2846668975135,0
3850,-0.029734962657645,-0.02614447748953,-3.8787587025195,4.7828181243011,0
3808,-0.031693666166708,-0.026179516564194,-3.8775931355086,4.6404404701093,0
3892,-0.027368488380375,-0.026353530820956,-3.8764989166499,4.9367264203104,0
4061,-0.0087990323089559,-0.025895267092774,-3.8757337270131,5.7439200032109,0
4232,0.032096701988358,-0.018224802015373,-3.8752139329194,6.9104129389612,0
4189,0.020075050357979,-0.021599622964442,-3.8751638525689,6.5780011278221,0
2697,-0.039353410709554,-0.023758819282168,-3.8737529910503,3.2541831749961,0
2716,-0.042134798979128,-0.019296796031112,-3.8719335420916,2.0948889871687,0
3934,-0.024416593898393,-0.026559723124427,-3.8704947511817,5.1017719165211,0
2678,-0.034230329638862,-0.025892014399707,-3.8693521296549,4.4134773628281,0
4146,0.0082686475470818,-0.024030674935081,-3.866852527617,6.2583036415318,0
4275,0.042678684414776,-0.013780170240284,-3.8666411254446,7.2548699352231,0
4406,0.037960618113983,0.0032795259916915,-3.863203904786,8.5590029485948,0
4362,0.04947942814439,-0.0012302272165728,-3.8623596550114,8.0778104706103,0
2698,-0.039128165888208,-0.024190238996349,-3.8614851567411,3.3829936403108,0
5500,0.020618755414894,0.0037120690772574,-3.8605399710855,9.0198513080178,0
3976,-0.020774876798441,-0.026747508317786,-3.8604370274652,5.2775533306322,0
2717,-0.039671879738774,-0.020293760511835,-3.8600112805799,2.2236994524824,0
224,-0.7083467096082,0.0024326127564915,-3.8581054384216,0.06250000200012,0
225,-0.67328971847731,0.0067706859124905,-3.8581054384216,0.18750000600041,0
226,-0.62070709840685,0.009916741027329,-3.8581054384216,0.31250001000045,0
227,-0.56000193970952,0.011762065833017,-3.8581054384216,0.43750001400016,0
1032,-0.49540607463829,0.012320477570644,-3.8581054384216,0.56250001800009,0
1033,-0.43010525683561,0.011664548411324,-3.8581054384216,0.68750002200028,0
1034,-0.36645997492861,0.0099446941021496,-3.8581054384216,0.8125000260003,0
1035,-0.30627280176494,0.0073601987404958,-3.8581054384216,0.93750003000011,0
2679,-0.032891082606514,-0.02631836389439,-3.8567387225482,4.5422878281427,0
2736,-0.24987458098462,0.0040795525983387,-3.8523170940644,1.0644052646571,0
4103,-0.002285810305446,-0.025753973903209,-3.8506580047391,5.9519802491097,0
2699,-0.038814918503308,-0.024611501262074,-3.8492173224319,3.5118041056254,0
4318,0.049422818644522,-0.0085021424554856,-3.8491004078547,7.6106939887153,0
5494,0.005690133757803,0.0015583726540478,-3.8481719816989,9.4656308215872,0
2718,-0.038670477433672,-0.021060645857881,-3.8480890190682,2.3525099177962,0
4018,-0.016358392157706,-0.026892940557735,-3.8460265954289,5.4636617708193,0
2737,-0.19828936605343,0.00020660724653539,-3.8407404053501,1.1932157299713,0
2700,-0.03840506542752,-0.025023250143328,-3.8369494881226,3.64061457094,0
2719,-0.038345538997988,-0.021705657885683,-3.8361667575564,2.4813203831099,0
4231,0.028439773889352,-0.020129914592239,-3.8311447575789,6.8163835561788,0
4188,0.016482425904509,-0.023224544844566,-3.829854390834,6.4863123805184,0
2738,-0.1538881071945,-0.0038625391901437,-3.8291637166358,1.3220261952853,0
4060,-0.011103343245524,-0.026965331254054,-3.8269745094453,5.6596809704398,0
3849,-0.030306329885876,-0.026858920316744,-3.8252315138331,4.7123680989007,0
2701,-0.03789021788486,-0.025426080461485,-3.8246816538134,3.7694250362547,0
4405,0.040914283490393,0.0022064182409407,-3.8245116990594,8.4563455489115,0
2720,-0.038297434940587,-0.022286729252631,-3.8242444960447,2.6101308484236,0
4274,0.039476884296085,-0.015954846449761,-3.8238551881151,7.1585725943344,0
3891,-0.028181192604685,-0.027094133580191,-3.8238212557525,4.8633856737525,0
4361,0.049939684141033,-0.0032212994160547,-3.8222635859531,7.9771983717747,0
4145,0.00503961226882,-0.025407618546875,-3.8203470782035,6.1690273939249,0
5499,0.024230778919048,0.0036761173257096,-3.8195638401817,8.9286204200503,0
3933,-0.025499937153928,-0.027342993376144,-3.8187198901416,5.0256059387179,0
2739,-0.11758330478081,-0.0077735931934002,-3.8175870279215,1.4508366605993,0
2702,-0.037262036129757,-0.025820798091713,-3.8124138195042,3.8982355015694,0
2721,-0.038341199232368,-0.022830484037182,-3.812322234533,2.7389413137375,0
3975,-0.022172824548505,-0.027585887276123,-3.8096170084962,5.1986285930049,0
5493,0.0083829002161098,0.002029031311326,-3.8089942928177,9.3736114279922,0
4317,0.047410578282835,-0.010808106885478,-3.8076392981117,7.5122021550127,0
2740,-0.089161570514502,-0.01134469898011,-3.8060103392072,1.5796471259133,0
4102,-0.0049815443510819,-0.026919661958799,-3.8030021980884,5.8651875272831,0
2722,-0.038391401783573,-0.023349803706354,-3.8003999730212,2.867751779052,0
2703,-0.036512083032455,-0.026207653689578,-3.8001459851949,4.0270459668841,0
4017,-0.018106140456422,-0.027798272437929,-3.7962122128203,5.3820457031985,0
2741,-0.068156278662065,-0.014420822846204,-3.7944336504929,1.7084575912274,0
2723,-0.038406707513747,-0.023851448581492,-3.7884777115094,2.9965622443667,0
2704,-0.035631806025633,-0.026583885845308,-3.7878781508857,4.1558564321988,0
4230,0.024792076368188,-0.021932178094776,-3.7870755822384,6.7223541733963,0
4404,0.043349866519318,0.0008750430758346,-3.7858194933328,8.3536881492283,0
4187,0.012991842603983,-0.0247482312178,-3.7845449290992,6.3946236332149,0
2742,-0.053775867708978,-0.016910262179749,-3.7828569617787,1.8372680565412,0
5487,0.0002538741979361,0.00011437609591813,-3.7825105899071,9.8214938173977,0
4360,0.04979362795697,-0.0053430488256453,-3.7821675168948,7.8765862729392,0
4273,0.036117343061695,-0.018044039391381,-3.7810692507855,7.0622752534457,0
5498,0.027690195411792,0.0034136406803063,-3.7785877092776,8.8373895320825,0
4059,-0.013227905925806,-0.027948764851121,-3.7782152918774,5.5754419376686,0
2724,-0.038365079305667,-0.024339137646268,-3.7765554499976,3.1253727096814,0
2705,-0.034613569059071,-0.026949350439611,-3.7756103165764,4.2846668975135,0
4144,0.0019723735558155,-0.026686872112731,-3.7738416287899,6.0797511463177,0
3848,-0.030919503862478,-0.02773200978251,-3.7717043251466,4.6419180735002,0
2743,-0.044906214076292,-0.018798873521635,-3.7712802730644,1.966078521855,0
3890,-0.028882007180857,-0.027781918499991,-3.7711435948552,4.7900449271946,0
5492,0.01142872139452,0.0024317996877621,-3.7698166039366,9.2815920343972,0
3932,-0.026444976972731,-0.028066728851549,-3.7669450291015,4.9494399609147,0
4316,0.045014406359526,-0.013090434908225,-3.7661781883687,7.4137103213101,0
2725,-0.038252805369445,-0.024815060494729,-3.7646331884858,3.2541831749961,0
2706,-0.033451544974511,-0.027338119569695,-3.7633424822672,4.4134773628281,0
2744,-0.040132450441893,-0.020164141454623,-3.7597035843501,2.0948889871687,0
3974,-0.023414949677305,-0.028355103607085,-3.7587969895273,5.1197038553775,0
4101,-0.0074968385717652,-0.02799378462613,-3.7553463914379,5.7783948054567,0
2726,-0.038059668017875,-0.025280624001034,-3.752710926974,3.3829936403108,0
2707,-0.032127698513963,-0.027802508873903,-3.751074647958,4.5422878281427,0
2745,-0.037944387975359,-0.021156620960931,-3.7481268956359,2.2236994524824,0
4403,0.045227389666455,-0.0006898336138231,-3.7471272876063,8.2510307495454,0
4016,-0.019684800749439,-0.028626357183876,-3.7463978302117,5.3004296355777,0
5486,0.0012773068333517,0.00042766278887414,-3.7451464721608,9.7287212854557,0
4229,0.021185916442609,-0.023628678284648,-3.7430064068978,6.6283247906136,0
229,-0.68084382501328,0.0070747757058619,-3.7429381119019,0.18750000600041,0
1038,-0.36579822890193,0.010137518031668,-3.7429381119019,0.81250002600028,0
1039,-0.30439321988948,0.0073734573045368,-3.7429381119019,0.9375000300001,0
228,-0.71703348800407,0.0025445277867205,-3.7429381119019,0.06250000200012,0
230,-0.62664819271782,0.010340024198271,-3.7429381119019,0.31250001000044,0
231,-0.56418467264545,0.012227146697907,-3.7429381119019,0.43750001400015,0
1036,-0.49783568177295,0.012754414615475,-3.7429381119019,0.56250001800008,0
1037,-0.43089573932295,0.012003220564325,-3.7429381119019,0.68750002200026,0
4359,0.049077286887049,-0.0075544015950449,-3.7420714478365,7.7759741741037,0
2727,-0.037776837929867,-0.025736794243258,-3.7407886654622,3.5118041056254,0
4447,0.031180493465995,0.0029235120045231,-3.7394741819792,8.7394605752571,0
4186,0.0096185019335387,-0.026163749365613,-3.7392354673646,6.3029348859118,0
4272,0.032654668173716,-0.020037775807025,-3.738283313456,6.9659779125572,0
2764,-0.24701599608405,0.0038914105407932,-3.7373225539435,1.0644052646571,0
2746,-0.037114253174982,-0.021931025193425,-3.7365502069216,2.3525099177962,0
5491,0.014695441167813,0.0027124521087973,-3.7306389150556,9.1895726408026,0
4058,-0.015174030955929,-0.028848178475807,-3.7294560743095,5.4912029048975,0
2728,-0.037395974389897,-0.026184271735756,-3.7288664039505,3.6406145709401,0
4143,-0.00092452799303236,-0.027868865633931,-3.7273361793761,5.9904748987104,0
2765,-0.19468506292628,-0.00019263365846786,-3.7260914380266,1.1932157299713,0
2747,-0.036895663273341,-0.022592839111909,-3.7249735182073,2.4813203831099,0
4315,0.042304044812511,-0.0153237257856,-3.7247170786258,7.3152184876076,0
3889,-0.029463338779903,-0.028430110361612,-3.718465933958,4.7167041806368,0
2729,-0.036908856738071,-0.026623696441802,-3.7169441424387,3.7694250362547,0
3931,-0.027262973738743,-0.028734837747906,-3.7151701680613,4.8732739831114,0
2766,-0.14998366145259,-0.0044466223319864,-3.7148603221097,1.3220261952853,0
2748,-0.036920036526658,-0.023195693747689,-3.7133968294931,2.6101308484236,0
4402,0.046522729748816,-0.0024582909748699,-3.7084350818797,8.1483733498621,0
3973,-0.024508348041336,-0.02906032858802,-3.7079769705584,5.0407791177502,0
5485,0.0027739932761221,0.00079227139297366,-3.7077823544145,9.6359487535138,0
4100,-0.0098299486635902,-0.028978006148463,-3.7076905847873,5.6916020836303,0
2730,-0.03630721531753,-0.02705584755141,-3.7050218809269,3.8982355015694,0
2767,-0.11364970230209,-0.0085036426840086,-3.7036292061929,1.4508366605993,0
4446,0.034550492705028,0.0021392225268317,-3.7022232582866,8.6348335495744,0
4358,0.047839926700384,-0.009815997039328,-3.7019753787783,7.6753620752681,0
2749,-0.037018915444429,-0.023763827885392,-3.7018201407788,2.7389413137376,0
4228,0.017648384763376,-0.025217778982227,-3.6989372315573,6.5342954078312,0
4015,-0.021099267219029,-0.029381559259527,-3.696583447603,5.2188135679567,0
4271,0.029136703806751,-0.021928833021456,-3.6954973761267,6.8696805716689,0
4185,0.0063882956326758,-0.027478831291353,-3.6939260056301,6.2112461386087,0
2731,-0.035582570840444,-0.027480890216575,-3.6930996194151,4.0270459668842,0
2768,-0.085429951477423,-0.01217724354705,-3.692398090276,1.5796471259133,0
5490,0.018051044619903,0.0028278400946859,-3.6914612261749,9.0975532472085,0
2750,-0.037114798411623,-0.02430908638876,-3.6902434520645,2.867751779052,0
4314,0.039345919003049,-0.017487837461216,-3.6832559688828,7.216726653905,0
2732,-0.03472631646818,-0.027896317060632,-3.6811773579033,4.1558564321988,0
2769,-0.064792945118889,-0.015312210556823,-3.6811669743592,1.7084575912273,0
4142,-0.0036447119126952,-0.028954974777911,-3.6808307299623,5.9011986511032,0
4057,-0.016944419958893,-0.029667040193421,-3.6806968567417,5.4069638721264,0
2751,-0.037170156031489,-0.024837735203077,-3.6786667633501,2.9965622443667,0
5484,0.004706306048435,0.0011731616224384,-3.6704182366682,9.5431762215717,0
2770,-0.050874011442164,-0.017821639732811,-3.6699358584423,1.8372680565412,0
4401,0.047228790634504,-0.0043958793824045,-3.669742876153,8.0457159501787,0
2733,-0.033730885037607,-0.028302482942998,-3.6692550963915,4.2846668975135,0
2752,-0.037164843276962,-0.025353262123829,-3.6670900746358,3.1253727096814,0
3888,-0.030072507479647,-0.029215568379492,-3.6657882730606,4.6433634340789,0
4445,0.03751666297813,0.0010917811932064,-3.664972334594,8.5302065238916,0
3930,-0.027968288395427,-0.029349246784679,-3.6633953070211,4.7971080053081,0
4357,0.046139967602526,-0.012091875091796,-3.66187930972,7.5747499764326,0
4099,-0.011980780217897,-0.029874871014211,-3.6600347781368,5.6048093618039,0
2771,-0.042473601244931,-0.019703415980451,-3.6587047425255,1.966078521855,0
2734,-0.032589691852036,-0.028729844362738,-3.6573328348797,4.4134773628281,0
3972,-0.025461980606629,-0.029706783807253,-3.6571569515895,4.961854380123,0
2753,-0.037086153302398,-0.025857769730241,-3.6555133859214,3.2541831749961,0
4227,0.014201191219775,-0.026698430412452,-3.6548680562169,6.4402660250491,0
4270,0.025604963643062,-0.02371200659892,-3.6527114387973,6.7733832307804,0
5489,0.021394969059049,0.0027533575283025,-3.6522835372942,9.0055338536144,0
4184,0.0033141925507739,-0.028691136370294,-3.6486165438954,6.1195573913053,0
2772,-0.038091135606905,-0.021053776107405,-3.6474736266087,2.0948889871687,0
4014,-0.022355662904479,-0.030068745457214,-3.6467690649943,5.1371975003358,0
2735,-0.031281538436573,-0.029220930597074,-3.6454105733679,4.5422878281427,0
2754,-0.036924455917226,-0.026352647735949,-3.6439366972071,3.3829936403108,0
4313,0.036201545575795,-0.01956723058609,-3.6417948591396,7.1182348202023,0
2773,-0.036171856287085,-0.022039080614706,-3.6362425106919,2.2236994524824,0
4141,-0.0061839688184677,-0.029947155190321,-3.6343252805486,5.811922403496,0
5483,0.0070498185727513,0.0015391267916554,-3.6330541189218,9.4504036896296,0
2755,-0.036671303424168,-0.02683887159814,-3.6323600084927,3.5118041056254,0
4056,-0.018543086259626,-0.030409526223511,-3.6319376391738,5.3227248393552,0
4400,0.047355728587541,-0.0064652839173204,-3.6310506704264,7.9430585504953,0
233,-0.68872693046275,0.0074030000205013,-3.6277707853825,0.18750000600041,0
1042,-0.36500615945708,0.010333028603009,-3.6277707853825,0.81250002600025,0
1043,-0.30233342187934,0.0073739396124877,-3.6277707853825,0.93750003000009,0
232,-0.72611949229207,0.0026654943370452,-3.6277707853825,0.06250000200012,0
234,-0.63281951502339,0.010795543813516,-3.6277707853825,0.31250001000044,0
235,-0.56849320880928,0.012725307397233,-3.6277707853825,0.43750001400015,0
1040,-0.50029180198237,0.013215820070613,-3.6277707853825,0.56250001800007,0
1041,-0.43162587243322,0.01235864203476,-3.6277707853825,0.68750002200023,0
4444,0.040021442430479,-0.00020081348460926,-3.6277214109014,8.425579498209,0
2774,-0.035506021257115,-0.022818084412768,-3.625011394775,2.3525099177962,0
2792,-0.24394679690834,0.0036737188076509,-3.6223280138227,1.0644052646571,0
4356,0.044040842006245,-0.014350555984876,-3.6217832406618,7.4741378775972,0
2756,-0.036318622763368,-0.027317153134197,-3.6207833197784,3.6406145709401,0
2775,-0.035389568926364,-0.023492849358843,-3.6137802788582,2.4813203831099,0
5488,0.024640260621685,0.0024788340855035,-3.6131058484133,8.9135144600199,0
4098,-0.013950789280302,-0.030687745644119,-3.6123789714862,5.5180166399775,0
3929,-0.02855790730094,-0.02992509060523,-3.611620445981,4.7209420275049,0
2793,-0.19086251187229,-0.00063438545308304,-3.6114424707033,1.1932157299713,0
4226,0.010859480908007,-0.028064959243219,-3.6107988808767,6.3462366422673,0
4269,0.022095163913855,-0.025383678243858,-3.6099255014679,6.6770858898917,0
2757,-0.035858380691827,-0.027788114766462,-3.609206631064,3.7694250362547,0
3971,-0.026287298606536,-0.030297962402692,-3.6063369326206,4.8829296424956,0
4183,0.00040656321233193,-0.029801833780989,-3.6033070821606,6.0278686440018,0
2776,-0.035484283493387,-0.02411290363196,-3.6025491629414,2.6101308484236,0
2794,-0.14588239389245,-0.0050787704240435,-3.6005569275839,1.3220261952853,0
4312,0.032926742734567,-0.021550196138438,-3.6003337493966,7.0197429864998,0
5477,0.00017053405808589,7.4745069840254e-05,-3.5978537636322,9.8978539790643,0
2758,-0.035282415611894,-0.028252434028681,-3.5976299423497,3.8982355015694,0
4013,-0.023461415317788,-0.030693132369616,-3.5969546823856,5.055581432715,0
5482,0.0097382423864903,0.0018481054263443,-3.5956900011754,9.3576311576876,0
4399,0.046929718790065,-0.0086281693880253,-3.5923584646997,7.8404011508119,0
2777,-0.035637190358374,-0.024700481547175,-3.5913180470245,2.7389413137376,0
4443,0.042020050912967,-0.0017172379123454,-3.5904704872089,8.3209524725265,0
2795,-0.10955024309934,-0.0092837073439718,-3.5896713844644,1.4508366605993,0
4140,-0.0085401281756014,-0.030848052343883,-3.587819831135,5.7226461558889,0
2759,-0.034582280361841,-0.02871014241542,-3.5860532536353,4.0270459668842,0
4055,-0.019975265186691,-0.031080345124076,-3.5831784216058,5.238485806584,0
4355,0.041607391352189,-0.016565496430572,-3.5816871716036,7.3735257787618,0
2778,-0.035778132230024,-0.025266590010112,-3.5800869311077,2.867751779052,0
2796,-0.081569629348081,-0.013057843481751,-3.578785841345,1.5796471259133,0
4487,0.027979061819838,0.0019916841486816,-3.5756301840223,8.8142446169422,0
2760,-0.033749384491046,-0.029158963515453,-3.5744765649209,4.1558564321988,0
2779,-0.035873093205184,-0.025817095082085,-3.5688558151907,2.9965622443667,0
2797,-0.061338655867076,-0.016246547521036,-3.5679002982256,1.7084575912273,0
4268,0.018637637096452,-0.026941819540675,-3.5671395641384,6.5807885490033,0
4225,0.0076491308962891,-0.02932538264998,-3.5667297055366,6.2522072594855,0
4097,-0.015742872160039,-0.031420707481841,-3.5647231648357,5.4312239181512,0
2761,-0.03277611131391,-0.029599443957866,-3.5628998762066,4.2846668975135,0
5476,0.00097527114539563,0.00030092798734463,-3.5623176520908,9.804363965574,0
3928,-0.029161553181508,-0.030619892596714,-3.5598455849408,4.6447760497016,0
4311,0.029571392488357,-0.023428094082923,-3.5588726396537,6.9212511527975,0
5481,0.012661870396691,0.0020534592711841,-3.5583258834292,9.264858625746,0
4182,-0.0023268315421878,-0.030813399363899,-3.5579976204258,5.9361798966983,0
2780,-0.035903680019664,-0.026355297524605,-3.5576246992738,3.1253727096815,0
2798,-0.047913153170501,-0.018768972239864,-3.5570147551062,1.8372680565412,0
3970,-0.026998104839152,-0.030835423964255,-3.5555169136516,4.8040049048683,0
4398,0.045990419904435,-0.010847015169007,-3.5536662589731,7.7377437511284,0
4442,0.043482426942398,-0.0034310923358388,-3.5532195635163,8.2163254468439,0
2762,-0.031655126291205,-0.030057621248091,-3.5513231874923,4.4134773628281,0
4012,-0.024425644910016,-0.031259826621572,-3.547140299777,4.9739653650941,0
2781,-0.035858127789573,-0.026883223193863,-3.5463935833569,3.2541831749962,0
2799,-0.040001011625736,-0.020636973796803,-3.5461292119868,1.966078521855,0
4354,0.038903099335578,-0.018715033961037,-3.5415911025454,7.2729136799262,0
4139,-0.010712874852492,-0.031661061409499,-3.5413143817213,5.6333699082819,0
4486,0.031265518822801,0.0012227216219066,-3.5398565441212,8.7077243243814,0
2763,-0.030364295797453,-0.030566611922778,-3.5397464987779,4.5422878281427,0
2800,-0.036012720577237,-0.021967274225461,-3.5352436688673,2.0948889871687,0
2782,-0.035727371948391,-0.027402231065512,-3.53516246744,3.3829936403108,0
4054,-0.021247345908927,-0.031684569813375,-3.5344192040379,5.1542467738128,0
5475,0.0022139340080825,0.00057647247864893,-3.5267815405494,9.7108739520838,0
2801,-0.034355928397424,-0.022941575692241,-3.5243581257479,2.2236994524824,0
4267,0.015256847602204,-0.028385547290906,-3.5243536268091,6.4844912081153,0
2783,-0.035503348562019,-0.027913276004204,-3.5239313515231,3.5118041056254,0
4224,0.0045862175812131,-0.030478229342703,-3.5226605301964,6.1581778767034,0
5480,0.015706160791104,0.0021168473620136,-3.5209617656832,9.1720860938048,0
4310,0.026179536388431,-0.025194689596375,-3.5174115299108,6.8227593190949,0
4096,-0.017361242044147,-0.032078400089829,-3.5170673581852,5.3444311963248,0
4441,0.044394388011319,-0.0053114019558519,-3.5159686398236,8.111698421161,0
4397,0.044587586160944,-0.013086735905752,-3.5149740532464,7.6350863514451,0
2802,-0.033848173659699,-0.023721304115143,-3.5134725826286,2.3525099177962,0
2784,-0.035178270554357,-0.02841703840598,-3.5127002356062,3.6406145709401,0
4181,-0.0048808179790612,-0.031728822538916,-3.5126881586911,5.8444911493949,0
237,-0.6969645359548,0.007758015331577,-3.5126034588628,0.18750000600041,0
238,-0.63923709395867,0.011286718767592,-3.5126034588628,0.31250001000044,0
1046,-0.36406953643293,0.010530538179457,-3.5126034588628,0.81250002600023,0
1047,-0.3000764012748,0.0073590930126851,-3.5126034588628,0.93750003000009,0
236,-0.73563698846327,0.0027965263760457,-3.5126034588628,0.06250000200012,0
239,-0.5729338836243,0.013259828023401,-3.5126034588628,0.43750001400015,0
1044,-0.50277209940534,0.013707085020884,-3.5126034588628,0.56250001800007,0
1045,-0.43228640286344,0.012731798588309,-3.5126034588628,0.68750002200021,0
2820,-0.24064879008003,0.0034205321511644,-3.5073334737018,1.0644052646571,0
3969,-0.02759512088943,-0.031336034400925,-3.5046968946828,4.725080167241,0
4485,0.034206252534192,0.00020616868965314,-3.5040829042201,8.6012040318205,0
2803,-0.033830452694394,-0.02440441492858,-3.5025870395092,2.4813203831099,0
4353,0.035988195682616,-0.02078199198913,-3.5014950334871,7.1723015810906,0
2785,-0.03474432404668,-0.028914068356908,-3.5014691196893,3.7694250362547,0
4011,-0.025259738527869,-0.031772151843296,-3.4973259171683,4.8923492974732,0
2821,-0.18680965720142,-0.0011264084017785,-3.4967935033798,1.1932157299713,0
4138,-0.012703574463204,-0.032390269647795,-3.4948089323076,5.5440936606748,0
2804,-0.033993937884009,-0.025036545693233,-3.4917014963898,2.6101308484237,0
5474,0.0038574971129139,0.00087016400209232,-3.4912454290079,9.6173839385934,0
2786,-0.03419350613771,-0.0294048827022,-3.4902380037724,3.8982355015695,0
2822,-0.14157643947308,-0.0057662860826006,-3.4862535330578,1.3220261952853,0
4053,-0.022366910527517,-0.032227496300345,-3.48565998647,5.0700077410416,0
5479,0.018779331119162,0.0020147918130082,-3.4835976479373,9.0793135618637,0
4266,0.011968889079442,-0.029710927203015,-3.4815676894801,6.3881938672276,0
2805,-0.03420016527406,-0.025638223874674,-3.4808159532703,2.7389413137376,0
2787,-0.033517481396728,-0.029889335520834,-3.4790068878554,4.0270459668842,0
4440,0.044758028392742,-0.0073240557971677,-3.4787177161309,8.0070713954781,0
4223,0.0016833718486738,-0.031525350498434,-3.478591354856,6.0641484939213,0
4396,0.042777430393382,-0.01531584892705,-3.4762818475198,7.5324289517617,0
4309,0.022789633713032,-0.026845699492206,-3.4759504201678,6.7242674853923,0
2823,-0.10528112240445,-0.010121173417175,-3.4757135627358,1.4508366605993,0
2806,-0.03438580807262,-0.026219754326384,-3.4699304101509,2.867751779052,0
4095,-0.018811303871754,-0.032665868458236,-3.4694115515346,5.2576384744983,0
4484,0.036740576160493,-0.0010431074693394,-3.468309264319,8.4946837392597,0
2788,-0.032707758955096,-0.030365307667376,-3.4677757719385,4.1558564321988,0
4180,-0.0072525557275318,-0.032551665389369,-3.4673786969564,5.7528024020917,0
2824,-0.077580567037849,-0.013993542127822,-3.4651735924138,1.5796471259133,0
4352,0.032918506289879,-0.022753111420548,-3.4613989644288,7.0716894822553,0
2807,-0.034520120792351,-0.026786664026052,-3.4590448670314,2.9965622443667,0
2789,-0.031756697125599,-0.030833261507394,-3.4565446560216,4.2846668975135,0
5473,0.0058853312230066,0.0011528775446941,-3.4557093174664,9.523893925103,0
2825,-0.057796412888931,-0.017229752437656,-3.4546336220918,1.7084575912273,0
3968,-0.028193221950334,-0.031939992024385,-3.4538768757138,4.6461554296137,0
4137,-0.014515105092931,-0.033040341247833,-3.448303482894,5.4548174130677,0
2808,-0.034586354808903,-0.027342091282835,-3.4481593239119,3.1253727096815,0
4010,-0.025976972407317,-0.032231698204154,-3.4475115345595,4.8107332298522,0
5478,0.021800028369249,0.0017360866483976,-3.4462335301911,8.9865410299222,0
2790,-0.030656455619345,-0.031314636892962,-3.4453135401047,4.4134773628281,0
2826,-0.044897873423755,-0.019756568949772,-3.4440936517698,1.8372680565412,0
4439,0.044590881865049,-0.0094334012078344,-3.4414667924382,7.9024443697951,0
4265,0.0087988482025483,-0.03092467634631,-3.438781752151,6.2918965263398,0
4395,0.040619262889593,-0.017507127990275,-3.4375896417933,7.4297715520784,0
2809,-0.034573647354375,-0.027887983975202,-3.4372737807924,3.2541831749962,0
4052,-0.023343073634161,-0.032714216166166,-3.4369007689021,4.9857687082705,0
4222,-0.0010500751915985,-0.032470119983512,-3.4345221795156,5.9701191111391,0
4308,0.01943474553857,-0.028378683812401,-3.4344893104248,6.6257756516899,0
2791,-0.029385260251819,-0.031834287798964,-3.4340824241878,4.5422878281427,0
2827,-0.037492638717827,-0.021602329382567,-3.4335536814479,1.9660785218549,0
4483,0.038819824357872,-0.0025069676258395,-3.432535624418,8.3881634466992,0
2810,-0.034473494260134,-0.028425650828666,-3.4263882376729,3.3829936403108,0
2828,-0.033900109073687,-0.022906228799213,-3.4230137111259,2.0948889871687,0
4179,-0.009441265617303,-0.033286132563743,-3.4220692352217,5.6611136547884,0
4094,-0.020099555141758,-0.03318840653791,-3.421755744884,5.1708457526719,0
4351,0.029744864070249,-0.024618435472743,-3.4213028953707,6.9710773834201,0
5472,0.0082444879477307,0.0013878711187519,-3.420173205925,9.4304039116126,0
2811,-0.034278229886354,-0.028955994286503,-3.4155026945534,3.5118041056254,0
2829,-0.032499208831495,-0.023864660116068,-3.4124737408039,2.2236994524824,0
5467,0.00010360376681462,4.4996098243261e-05,-3.4117993342273,9.9707427055951,0
4527,0.024964963072111,0.0012585665868102,-3.4104205794232,8.8859864926618,0
2812,-0.03398038132465,-0.029479622251813,-3.404617151434,3.6406145709401,0
4438,0.043923925294228,-0.011603884215072,-3.4042158687455,7.7978173441122,0
2830,-0.032143924039091,-0.024640321419913,-3.401933770482,2.3525099177962,0
4136,-0.016151688765367,-0.033616377496992,-3.4017980334803,5.3655411654607,0
4394,0.038172725763532,-0.019637787936406,-3.3988974360666,7.327114152395,0
4009,-0.026581219029509,-0.03265667373317,-3.3976971519509,4.7291171622314,0
240,-0.74562184589248,0.0029387863902985,-3.3974361323428,0.06250000200012,0
241,-0.70558487838086,0.0081428398972337,-3.3974361323428,0.18750000600041,0
242,-0.64591846617771,0.011817381049245,-3.3974361323428,0.31250001000044,0
243,-0.57751331310513,0.013834263981379,-3.3974361323428,0.43750001400015,0
1048,-0.50527349366041,0.01423056042898,-3.3974361323428,0.56250001800006,0
1049,-0.43286662733465,0.013123205355719,-3.3974361323428,0.68750002200019,0
1050,-0.36297222306538,0.010728502899229,-3.3974361323428,0.81250002600021,0
1051,-0.29760282363511,0.0073253827558159,-3.3974361323428,0.93750003000008,0
4482,0.040409027997564,-0.0041622428855579,-3.396761984517,8.2816431541384,0
4264,0.0057658283401598,-0.032026637692751,-3.3959958148219,6.1955991854517,0
2813,-0.033572395022344,-0.029996964146754,-3.3937316083145,3.7694250362548,0
4307,0.016141944070941,-0.029792828680639,-3.393028200682,6.5272838179879,0
2848,-0.23710010787932,0.0031243492003548,-3.3923389335805,1.0644052646571,0
2831,-0.032222158895738,-0.025326432011018,-3.39139380016,2.4813203831099,0
4221,-0.0036077707313978,-0.033316492765434,-3.3904530041753,5.876089728357,0
4051,-0.024187029725446,-0.033148064904027,-3.3881415513342,4.9015296754992,0
5471,0.010845002893276,0.0015349591483502,-3.3846370943836,9.3369138981227,0
2814,-0.033046485388102,-0.030508329054137,-3.382846065195,3.8982355015695,0
2849,-0.18251413059949,-0.0016775777193079,-3.382144536056,1.1932157299713,0
4350,0.026512893137559,-0.026370734323543,-3.3812068263125,6.8704652845847,0
2832,-0.032453286829024,-0.025964971274347,-3.380853829838,2.6101308484237,0
5466,0.00072639690579925,0.00020475095336849,-3.3781049644538,9.8765711432573,0
4178,-0.011447991272585,-0.033937006719883,-3.376759773487,5.569424907485,0
4526,0.028137555540461,0.00051170500623225,-3.3761587956337,8.7776499500828,0
4093,-0.021233592683667,-0.033651434446677,-3.3740999382334,5.0840530308455,0
2815,-0.032394510801948,-0.031013356928818,-3.3719605220755,4.0270459668842,0
2850,-0.13705711013799,-0.006516781770837,-3.3719501385314,1.3220261952853,0
2833,-0.032712433025299,-0.026574988693289,-3.3703138595161,2.7389413137376,0
4437,0.042798765028042,-0.013801573825544,-3.3669649450529,7.6931903184294,0
2851,-0.10083810453317,-0.011023762741227,-3.3617557410069,1.4508366605993,0
2816,-0.031608170794995,-0.031510008148396,-3.361074978956,4.1558564321988,0
4481,0.04148806406105,-0.00598116007381,-3.3609883446158,8.1751228615774,0
4393,0.035495730579823,-0.021689321526445,-3.3602052303399,7.2244567527115,0
2834,-0.032942642078851,-0.027166173312674,-3.359773889194,2.867751779052,0
4135,-0.017618730524752,-0.034123765409597,-3.3552925840666,5.2762649178535,0
4263,0.0028843263526688,-0.033019211062455,-3.3532098774926,6.0993018445636,0
4306,0.012929830827447,-0.03108643498482,-3.3515670909394,6.4287919842862,0
2852,-0.073463032747496,-0.014991541743022,-3.3515613434824,1.5796471259133,0
2817,-0.030679890666271,-0.031998467945065,-3.3501894358365,4.2846668975135,0
2835,-0.033116233462954,-0.027743745437453,-3.349233918872,2.9965622443668,0
5470,0.013588889369915,0.0015601312822913,-3.3491009828425,9.2434238846332,0
4008,-0.027174636083626,-0.033171341959701,-3.3478827693422,4.6475010946105,0
4220,-0.0059859568624027,-0.034068931928079,-3.346383828835,5.7820603455751,0
5465,0.0017441829370502,0.00041158461540139,-3.3444105946804,9.7823995809196,0
4525,0.031019234762968,-0.00046808299272512,-3.3418970118442,8.6693134075036,0
2853,-0.054170175235462,-0.018267660834823,-3.3413669459578,1.7084575912273,0
4349,0.023262999193966,-0.028005050276883,-3.3411107572543,6.7698531857491,0
4050,-0.024911609227161,-0.033530886915494,-3.3393823337662,4.817290642728,0
2818,-0.02960160823759,-0.032495726021688,-3.3393038927171,4.4134773628281,0
2836,-0.033218021638248,-0.028310687342631,-3.3386939485499,3.1253727096815,0
4177,-0.013275379055709,-0.034509526592583,-3.3314503117524,5.4777361601818,0
2854,-0.041833959941429,-0.020788522785537,-3.3311725484333,1.8372680565412,0
4436,0.041264472973564,-0.015995359851319,-3.3297140213602,7.5885632927466,0
2819,-0.02835259474118,-0.033019635677376,-3.3284183495976,4.5422878281427,0
2837,-0.033238023991515,-0.028868856083225,-3.3281539782279,3.2541831749962,0
4092,-0.022222413055876,-0.034060108200961,-3.3264441315829,4.9972603090191,0
4480,0.042052163725309,-0.0079326053073671,-3.3252147047147,8.0686025690164,0
4392,0.032643054353933,-0.023647125165816,-3.3215130246133,7.1217993530283,0
2855,-0.034953694878254,-0.022602090056373,-3.3209781509088,1.9660785218549,0
2838,-0.033168304293125,-0.029419484067605,-3.3176140079058,3.3829936403108,0
5469,0.016393707048968,0.00144117934957,-3.3135648713014,9.1499338711437,0
2856,-0.031757076206281,-0.023872156096056,-3.3107837533843,2.0948889871687,0
5464,0.0031347740920152,0.00063781296316619,-3.3107162249068,9.6882280185817,0
4262,0.0001651778915076,-0.033906442844889,-3.3104239401633,6.0030045036755,0
4305,0.0098196701632644,-0.03226137729736,-3.3101059811968,6.3303001505844,0
4134,-0.018922689320128,-0.034568042511881,-3.3087871346529,5.1869886702464,0
4524,0.033547112929957,-0.0016689292852931,-3.3076352280548,8.5609768649247,0
2839,-0.033001618951288,-0.029963386851647,-3.3070740375838,3.5118041056255,0
4219,-0.0081831415080848,-0.03473243608553,-3.3023146534947,5.6880309627931,0
4348,0.020030363103425,-0.029518472012201,-3.3010146881961,6.6692410869138,0
2857,-0.030605155339206,-0.024808892081247,-3.3005893558598,2.2236994524824,0
2840,-0.032730844236605,-0.030501059694171,-3.2965340672618,3.6406145709401,0
4435,0.039374517171465,-0.018157736035134,-3.2924630976677,7.4839362670637,0
4049,-0.02552332027329,-0.033881740489497,-3.2906231161983,4.7330516099568,0
2858,-0.030397238177377,-0.025574819072736,-3.2903949583353,2.3525099177962,0
4479,0.042111351297182,-0.0099835185756126,-3.2894410648135,7.9620822764554,0
4176,-0.014927467593431,-0.035009251168137,-3.2861408500177,5.3860474128785,0
2841,-0.03234873311573,-0.031032768335461,-3.2859940969397,3.7694250362548,0
4391,0.029665470139727,-0.025500029197109,-3.2828208188867,7.0191419533452,0
244,-0.75611401911372,0.0030935982551065,-3.282268805823,0.06250000200012,0
245,-0.71461925652979,0.0085608847439744,-3.282268805823,0.18750000600041,0
246,-0.65288276382403,0.012391804183858,-3.282268805823,0.31250001000044,0
247,-0.5822382163984,0.014452449405614,-3.282268805823,0.43750001400015,0
1052,-0.50779173871518,0.014788510636977,-3.282268805823,0.56250001800005,0
1053,-0.43335384116255,0.013532763289847,-3.282268805823,0.68750002200016,0
1054,-0.3616957651232,0.010924228278072,-3.282268805823,0.81250002600018,0
1055,-0.29489092235579,0.0072681112524085,-3.282268805823,0.93750003000007,0
2859,-0.030569144920563,-0.026257872557121,-3.2802005608107,2.4813203831099,0
4091,-0.023076943648782,-0.034417890870809,-3.2787883249322,4.9104675871926,0
5468,0.019184467238143,0.001166178507003,-3.2780287597601,9.0564438576539,0
2876,-0.23327383927893,0.0027769246104838,-3.2773443934594,1.0644052646571,0
5463,0.0048809716627559,0.00085659101154252,-3.2770218551332,9.5940564562437,0
2842,-0.031847778611179,-0.031558576659564,-3.2754541266177,3.8982355015695,0
4523,0.035669554967437,-0.0030756692257843,-3.2733734442653,8.452640322346,0
2860,-0.030867126110729,-0.026896621065046,-3.2700061632862,2.6101308484237,0
4304,0.0068348811095117,-0.033321513377369,-3.2686448714541,6.2318083168824,0
4261,-0.0023839485598791,-0.034693126568722,-3.2676380028341,5.9067071627875,0
2877,-0.17796471017907,-0.0022970809632649,-3.2674955687323,1.1932157299713,0
2843,-0.031220112200487,-0.032077882514539,-3.2649141562956,4.0270459668842,0
4133,-0.020071055811461,-0.034954792394026,-3.2622816852392,5.0977124226393,0
4347,0.016844522734775,-0.030910064232178,-3.260918619138,6.568628988079,0
2861,-0.031179024815092,-0.02750880693691,-3.2598117657617,2.7389413137376,0
4218,-0.010199811063646,-0.035312466786144,-3.2582454781545,5.5940015800111,0
2878,-0.13231455720744,-0.007338857539317,-3.2576467440052,1.3220261952853,0
4434,0.037184095214536,-0.020265168294857,-3.255212173975,7.3793092413808,0
2844,-0.030457712625722,-0.032588660480153,-3.2543741859736,4.1558564321988,0
4478,0.041688858021845,-0.012100364904843,-3.2536674249124,7.8555619838943,0
2862,-0.031453843237098,-0.028103550691906,-3.2496173682371,2.8677517790521,0
2879,-0.096216478280868,-0.012000401208352,-3.2477979192782,1.4508366605993,0
4390,0.026609263350243,-0.027239814893411,-3.2441286131602,6.9164845536619,0
4567,0.022158710478076,0.00070530523895012,-3.2439023055839,8.9546612785325,0
2845,-0.029553179908642,-0.033090697469233,-3.2438342156515,4.2846668975135,0
5462,0.0069407811335865,0.0010357103737224,-3.2433274853597,9.4998848939059,0
4048,-0.026113245534173,-0.034310133689432,-3.2418638986304,4.6488125771856,0
4175,-0.016409493322959,-0.035441921020809,-3.240831388283,5.2943586655752,0
2863,-0.031666790555877,-0.028685774884705,-3.2394229707125,2.9965622443668,0
4522,0.037347671739023,-0.004668122700198,-3.2391116604758,8.3443037797669,0
2880,-0.069217783809829,-0.016059713385125,-3.2379490945511,1.5796471259133,0
2846,-0.028498468427202,-0.033596827361757,-3.2332942453295,4.4134773628281,0
4090,-0.023809628430681,-0.034726988684805,-3.2311325182816,4.8236748653661,0
2864,-0.031804182921351,-0.029258295824671,-3.2292285731879,3.1253727096815,0
2881,-0.050465019957858,-0.019366255658152,-3.228100269824,1.7084575912273,0
4303,0.0039912748255051,-0.034269321208724,-3.2271837617112,6.1333164831803,0
4260,-0.004758176619424,-0.035384542688129,-3.224852065505,5.8104098218996,0
5457,5.1187485583579e-05,2.3349051110218e-05,-3.2244125561131,10.040134432974,0
2847,-0.027274236086989,-0.034119071412201,-3.2227542750074,4.5422878281427,0
4346,0.013727981596533,-0.032179929283427,-3.2208225500801,6.4680168892444,0
2865,-0.031856909705635,-0.0298228557298,-3.2190341756634,3.2541831749962,0
2882,-0.038728412770132,-0.021868787743378,-3.2182514450969,1.8372680565412,0
4433,0.034748015512849,-0.022298126064632,-3.2179612502823,7.2746822156979,0
4477,0.040818773679297,-0.014250555947352,-3.2178937850113,7.7490416913334,0
4132,-0.021072617648698,-0.035289289958959,-3.2157762358256,5.0084361750322,0
4217,-0.012038164228945,-0.035814827035667,-3.2141763028142,5.4999721972292,0
4566,0.025192165824019,-1.2294830683181e-05,-3.2111855087728,8.8445861337795,0
5461,0.0092412061823829,0.0011403895716687,-3.2096331155863,9.4057133315685,0
2866,-0.031817619633108,-0.030380577785836,-3.2088397781388,3.3829936403108,0
2883,-0.032390290187132,-0.023638695125791,-3.2084026203698,1.9660785218549,0
4389,0.023515987830128,-0.028860781830045,-3.2054364074335,6.8138271539785,0
4521,0.038556467158209,-0.0064214789382468,-3.2048498766863,8.2359672371877,0
2867,-0.031679521253844,-0.030932152939864,-3.1986453806142,3.5118041056255,0
2884,-0.029588154482119,-0.024866455320661,-3.1985537956428,2.0948889871686,0
4174,-0.01772773351461,-0.035813339198964,-3.1955219265482,5.2026699182718,0
5456,0.000525380035381,0.0001341428657174,-3.1925729589038,9.9453175166955,0
2885,-0.028677995132227,-0.025774766154824,-3.1887049709157,2.2236994524824,0
2868,-0.031435878966958,-0.03147792376115,-3.1884509830896,3.6406145709401,0
4302,0.0013011184505531,-0.035109267092391,-3.1857226519684,6.0348246494782,0
4089,-0.024429120141607,-0.035006826718496,-3.1834767116311,4.7368821435397,0
4476,0.039543304727835,-0.016403641451985,-3.1821201451102,7.6425213987725,0
4259,-0.0069550880263702,-0.035986411779546,-3.1820661281758,5.7141124810116,0
4345,0.010697252525978,-0.033325163371207,-3.1807264810223,6.3674047904097,0
4432,0.032119137147992,-0.024240883067838,-3.1807103265896,7.1700551900152,0
2886,-0.028612768127045,-0.026524445587602,-3.1788561461886,2.3525099177962,0
4565,0.027985558922432,-0.00094911735998901,-3.1784687119617,8.7345109890264,0
2869,-0.031079800207147,-0.03201795319961,-3.178256585565,3.7694250362548,0
5460,0.011699516972734,0.0011404197342614,-3.1759387458131,9.3115417692315,0
4520,0.039285415715206,-0.0083074236012991,-3.1705880928967,8.1276306946085,0
4216,-0.013701862861922,-0.036245532173019,-3.170107127474,5.4059428144472,0
4131,-0.021937973745817,-0.035575193486387,-3.1692707864118,4.919159927425,0
2887,-0.028876437648834,-0.027197704730753,-3.1690073214616,2.4813203831099,0
2870,-0.030604116406205,-0.032552029680383,-3.1680621880404,3.8982355015695,0
248,-0.76715808653266,0.0032624679981906,-3.1671014793033,0.06250000200012,0
249,-0.72410239771005,0.009016004310285,-3.1671014793033,0.18750000600041,0
251,-0.58711522402573,0.015118551728848,-3.1671014793033,0.43750001400015,0
1059,-0.29191596546616,0.007179818263253,-3.1671014793033,0.93750003000007,0
250,-0.66015081787816,0.013014765398774,-3.1671014793033,0.31250001000044,0
1056,-0.51032092508157,0.015383135144746,-3.1671014793033,0.56250001800004,0
1057,-0.43373255385752,0.013959659056457,-3.1671014793033,0.68750002200014,0
1058,-0.36021850185431,0.011113366423473,-3.1671014793033,0.81250002600016,0
4388,0.020422307678427,-0.0303594548203,-3.1667442017069,6.7111697542953,0
2904,-0.22913278854651,0.0023710082910203,-3.1623498533385,1.0644052646571,0
5455,0.0013570762862638,0.00029000851087755,-3.1607333616945,9.8505006004167,0
2888,-0.029240727710342,-0.027829952223479,-3.1591584967345,2.6101308484237,0
2871,-0.030001304879958,-0.033079288259651,-3.1578677905158,4.0270459668842,0
2905,-0.17315722179351,-0.0029917672866141,-3.1528466014088,1.1932157299713,0
4173,-0.018889457115119,-0.036129282392017,-3.1502124648135,5.1109811709685,0
2889,-0.029605378320728,-0.028437743296509,-3.1493096720074,2.7389413137377,0
2872,-0.029263703816694,-0.033597665283476,-3.1476733929912,4.1558564321988,0
4475,0.03791000889937,-0.018532169826398,-3.1463465052092,7.5360011062115,0
4564,0.030474754929527,-0.0020961843197473,-3.1457519151507,8.6244358442735,0
4301,-0.0012265385706695,-0.035846797501119,-3.1442615422257,5.9363328157762,0
4431,0.029347297177051,-0.026081187459093,-3.1434594028971,7.0654281643326,0
2906,-0.12733792572885,-0.0082445505625373,-3.1433433494792,1.3220261952853,0
5459,0.014242780065317,0.0010148912756069,-3.1422443760399,9.2173702068945,0
4344,0.007778453811858,-0.034353344709637,-3.1406304119643,6.2667926915748,0
2890,-0.029924975416543,-0.02902964570695,-3.1394608472803,2.8677517790521,0
4258,-0.0089744022254374,-0.036504816591724,-3.1392801908466,5.6178151401237,0
2873,-0.028384186605228,-0.034106475491545,-3.1374789954666,4.2846668975135,0
4519,0.039538094879061,-0.010295375190042,-3.1363263091072,8.0192941520292,0
4088,-0.02501673145881,-0.035353244461249,-3.1358209049805,4.6500894217132,0
2907,-0.091411696747823,-0.013062309632776,-3.1338400975495,1.4508366605993,0
2891,-0.030177468252696,-0.029610273129136,-3.1296120225531,2.9965622443668,0
5454,0.0025292489045923,0.00046640528981033,-3.1288937644852,9.7556836841378,0
4387,0.017359668399281,-0.031734469007036,-3.1280519959805,6.6085123546125,0
2874,-0.02735490331006,-0.034614746058791,-3.1272845979421,4.4134773628281,0
4215,-0.015195806128924,-0.036610683583831,-3.1260379521336,5.3119134316652,0
2908,-0.064846705840774,-0.017206915179849,-3.1243368456199,1.5796471259133,0
4130,-0.022679200936792,-0.035815112982563,-3.1227653369981,4.8298836798178,0
2892,-0.030350629722251,-0.030182251023816,-3.119763197826,3.1253727096816,0
2875,-0.026158060019317,-0.035129697590604,-3.1170902004175,4.5422878281427,0
2909,-0.046687577676206,-0.020531691888814,-3.1148335936902,1.7084575912273,0
4563,0.032606077237957,-0.0034411298279788,-3.1130351183397,8.5143606995208,0
4474,0.035969286449802,-0.020612189539326,-3.1105728653081,7.4294808136505,0
2893,-0.03043622367473,-0.030747171981373,-3.1099143730989,3.2541831749962,0
5458,0.016802864377634,0.00075139965664103,-3.1085500062666,9.1231986445572,0
4430,0.026478617177516,-0.027809878215043,-3.1062084792045,6.9608011386498,0
2910,-0.035589611623781,-0.02300113035789,-3.1053303417606,1.8372680565412,0
4172,-0.019903155211251,-0.036395178385573,-3.1049030030789,5.0192924236652,0
4300,-0.0035855963712788,-0.036487846030872,-3.102800432483,5.8378409820743,0
4518,0.039330910294446,-0.012353814591597,-3.1020645253177,7.9109576094499,0
4343,0.0049888894933844,-0.035267000434442,-3.1005343429062,6.1661805927398,0
2894,-0.030427507526575,-0.031306010000066,-3.1000655483717,3.3829936403108,0
5453,0.0040275691077993,0.00063875541554848,-3.0970541672757,9.6608667678589,0
4257,-0.010817672486797,-0.03694608506427,-3.0964942535175,5.5215177992358,0
2911,-0.029809425619399,-0.024714364185762,-3.095827089831,1.9660785218549,0
2895,-0.030318175853971,-0.031859289835923,-3.0902167236446,3.5118041056255,0
4386,0.014353327929306,-0.032985948906059,-3.0893597902542,6.5058549549301,0
2912,-0.027398602587346,-0.025890345110221,-3.0863238379013,2.0948889871686,0
4214,-0.016525946918327,-0.03691636383819,-3.0819687767933,5.2178840488832,0
2896,-0.030101921497295,-0.032407160475213,-3.0803678989174,3.6406145709401,0
4562,0.034337688531106,-0.0049665524767493,-3.0803183215286,8.4042855547679,0
2913,-0.026722692722066,-0.026762635974432,-3.0768205859717,2.2236994524824,0
4129,-0.023306629227434,-0.036028412321987,-3.0762598875844,4.7406074322107,0
4607,0.019574821572113,0.00031435323164359,-3.0761327554045,9.020245115856,0
4473,0.033772285510595,-0.022623436121816,-3.0747992254069,7.3229605210895,0
2897,-0.029772253224288,-0.032949445254968,-3.0705190741903,3.7694250362548,0
4429,0.02355507354422,-0.029420505045972,-3.0689575555119,6.8561741129669,0
4517,0.038691123245745,-0.01445160899383,-3.0678027415281,7.8026210668708,0
2914,-0.026795816796948,-0.02748873260912,-3.0673173340421,2.3525099177962,0
5452,0.0058188056358625,0.00077864641232265,-3.0652145700664,9.56604985158,0
4299,-0.0057725764491199,-0.037038721803571,-3.0613393227402,5.7393491483724,0
2898,-0.029322396266492,-0.033485631455906,-3.0606702494631,3.8982355015695,0
4342,0.0023423739222909,-0.036070817601704,-3.0604382738482,6.0655684939049,0
4171,-0.020779033267376,-0.03661491751824,-3.0595935413441,4.9276036763618,0
2915,-0.02714960536973,-0.028144810319897,-3.0578140821125,2.48132038311,0
4256,-0.012488003570262,-0.037316666335198,-3.0537083161883,5.4252204583479,0
252,-0.77880386303655,0.0034471100444576,-3.0519341527837,0.062500002000119,0
253,-0.7340728834125,0.0095125576511632,-3.0519341527837,0.18750000600041,0
254,-0.66774530434323,0.013691625667238,-3.0519341527837,0.31250001000044,0
255,-0.59215073250854,0.015837163942152,-3.0519341527837,0.43750001400015,0
1060,-0.51285305876463,0.016016704212052,-3.0519341527837,0.56250001800003,0
1063,-0.28865054276006,0.0070507324602869,-3.0519341527837,0.93750003000006,0
1061,-0.43398380276495,0.014402641751716,-3.0519341527837,0.68750002200011,0
1062,-0.3585149581014,0.011290457556497,-3.0519341527837,0.81250002600014,0
2899,-0.028745237786004,-0.034014575195474,-3.050821424736,4.0270459668842,0
4385,0.011420465568151,-0.034112488894946,-3.050667584528,6.4031975552476,0
2916,-0.02757981452403,-0.028763360182387,-3.0483108301828,2.6101308484237,0
4561,0.035640741470268,-0.0066503858990331,-3.0476015247175,8.2942104100147,0
2932,-0.22465200732655,0.001899864273918,-3.0473553132176,1.0644052646571,0
4606,0.022448785074714,-0.00036671724007682,-3.0449926234539,8.908509620791,0
2900,-0.028033543932473,-0.034534131005393,-3.0409726000089,4.1558564321988,0
4472,0.031369267281715,-0.024549283743287,-3.0390255855057,7.2164402285286,0
2917,-0.027997309985457,-0.029359825017324,-3.0388075782532,2.7389413137377,0
2933,-0.16807025659355,-0.0037704803099283,-3.0381976340854,1.1932157299713,0
4213,-0.017699216188087,-0.037168560176423,-3.037899601453,5.1238546661012,0
5447,1.1844545200328e-05,8.3697966827771e-06,-3.0357591509216,10.106004823712,0
4516,0.03765447709893,-0.016559175782251,-3.0335409577386,7.6942845242916,0
5451,0.0078442217787413,0.00085573369144652,-3.0333749728571,9.4712329353017,0
4428,0.020614206934124,-0.030909014876183,-3.0317066318192,6.7515470872843,0
2901,-0.027180543520986,-0.035043096157194,-3.0311237752817,4.2846668975135,0
4128,-0.023892868140032,-0.036298303361426,-3.0297544381707,4.6513311846036,0
2918,-0.02836192379132,-0.029942209208799,-3.0293043263235,2.8677517790521,0
2934,-0.1221146109227,-0.0092491970646441,-3.0290399549531,1.3220261952853,0
2902,-0.026178714414332,-0.035547052700726,-3.0212749505546,4.4134773628281,0
4341,-0.00015065615580847,-0.036770652482726,-3.0203422047901,5.96495639507,0
2935,-0.086420141191945,-0.014222311748161,-3.0198822758209,1.4508366605993,0
4298,-0.0077862793899382,-0.037506030198714,-3.0198782129975,5.6408573146705,0
2919,-0.028654218115561,-0.030514788564987,-3.0198010743938,2.9965622443668,0
4560,0.036499996428029,-0.0084669213467981,-3.0148847279064,8.1841352652615,0
4170,-0.021528782676014,-0.036791520445776,-3.0142840796094,4.8359149290584,0
4605,0.025128974165393,-0.0012543559001031,-3.0138524915032,8.7967741257259,0
4384,0.0085845014274312,-0.035119314965762,-3.0119753788016,6.3005401555647,0
2903,-0.025011883111744,-0.036049317990753,-3.0114261258274,4.5422878281427,0
4255,-0.013989797478765,-0.037623012991922,-3.010922378859,5.3289231174599,0
2936,-0.060353558490349,-0.01844249401454,-3.0107245966887,1.5796471259133,0
2920,-0.028863391341168,-0.031079958741138,-3.0102978224641,3.1253727096816,0
5446,0.00036798392298272,8.5152972218773e-05,-3.0057866472767,10.010578996823,0
4471,0.02880840061565,-0.026376544256894,-3.0032519456047,7.109919935968,0
2937,-0.042846469029866,-0.021769996254664,-3.0015669175565,1.7084575912273,0
5450,0.010034791880484,0.00084304849621998,-3.0015353756481,9.3764160190237,0
2921,-0.028982092445578,-0.031639117337445,-3.0007945705344,3.2541831749962,0
4515,0.036262728081116,-0.018649382807237,-2.9992791739491,7.5859479817125,0
4427,0.017688789194387,-0.032273560067514,-2.9944557081268,6.6469200616021,0
4212,-0.018723717007002,-0.037372870944222,-2.9938304261127,5.0298252833192,0
2938,-0.032427454723676,-0.024188962108021,-2.9924092384243,1.8372680565412,0
2922,-0.02900421568569,-0.032193041870526,-2.9912913186047,3.3829936403109,0
2939,-0.027218983592365,-0.025831005096646,-2.9832515592921,1.9660785218549,0
4604,0.027550982325717,-0.0023423781207078,-2.9827123595526,8.685038630661,0
4559,0.036913588321826,-0.010387921927466,-2.9821679310952,8.0740601205083,0
2923,-0.028923977151539,-0.032742044823481,-2.981788066675,3.5118041056255,0
4340,-0.0024828586162869,-0.037372902527905,-2.9802461357322,5.8643442962352,0
4297,-0.0096274566684254,-0.037896555951069,-2.9784171032548,5.5423654809686,0
5445,0.001046179601752,0.00020578910253293,-2.9758141436318,9.9151531699342,0
2940,-0.025194389507253,-0.026944786272125,-2.9740938801599,2.0948889871686,0
4383,0.0058646303067379,-0.036009938052329,-2.9732831730751,6.1978827558819,0
2924,-0.028735537650162,-0.03328603882572,-2.9722848147453,3.6406145709401,0
5449,0.012326903207075,0.00072091242202317,-2.9696957784391,9.2815991027457,0
4169,-0.022163973856934,-0.036943932793366,-2.9689746178747,4.744226181755,0
4254,-0.015328544730817,-0.037871486144397,-2.9681364415298,5.2326257765719,0
4470,0.026134915058645,-0.028095184415288,-2.9674783057037,7.0033996434071,0
4514,0.034561325968542,-0.020698141023445,-2.9650173901596,7.4776114391332,0
2941,-0.024744932002712,-0.027772627387283,-2.9649362010277,2.2236994524824,0
2925,-0.028432850915661,-0.033824571406455,-2.9627815628156,3.7694250362548,0
4426,0.01480597553012,-0.033514098895929,-2.9572047844344,6.5422930359202,0
2942,-0.024952313845132,-0.02846700530297,-2.9557785218956,2.3525099177962,0
2926,-0.028009585100937,-0.034356805147466,-2.9532783108859,3.8982355015695,0
4603,0.029660039910411,-0.0036210588160926,-2.9515722276021,8.5733031355964,0
4211,-0.019609188357119,-0.037533435401032,-2.9497612507724,4.9357959005371,0
4558,0.036891989528653,-0.012383837925507,-2.9494511342841,7.9639849757551,0
2943,-0.025394735605916,-0.029097894807659,-2.9466208427634,2.48132038311,0
5444,0.0020330149692216,0.00034840938130127,-2.9458416399868,9.8197273430454,0
2927,-0.027459091387314,-0.034881302827009,-2.9437750589562,4.0270459668842,0
4339,-0.0046496307720459,-0.037884329228055,-2.9401500666742,5.7637321974004,0
5448,0.014659510635888,0.00047660443131342,-2.9378561812299,9.1867821864674,0
2944,-0.025890537025549,-0.029695091874066,-2.9374631636312,2.6101308484238,0
4296,-0.011298504473673,-0.038217137505538,-2.9369559935121,5.4438736472667,0
256,-0.79110708793732,0.0036494740011719,-2.9367668262641,0.062500002000119,0
257,-0.74457363136798,0.01005546391398,-2.9367668262641,0.18750000600041,0
258,-0.67569092313906,0.014428390750689,-2.9367668262641,0.31250001000044,0
1064,-0.51537775721108,0.016691602870162,-2.9367668262641,0.56250001800003,0
1065,-0.43408473399143,0.01486020772414,-2.9367668262641,0.68750002200009,0
1067,-0.28506324165631,0.0068705562952478,-2.9367668262641,0.93750003000005,0
259,-0.59735079885828,0.016613347820988,-2.9367668262641,0.43750001400015,0
1066,-0.3565551783431,0.011449594262177,-2.9367668262641,0.81250002600011,0
4382,0.0032761922810926,-0.03678922776992,-2.9345909673487,6.095225356199,0
2928,-0.026774619786698,-0.035395798481342,-2.9342718070265,4.1558564321988,0
2960,-0.21981291631403,0.0013509775335996,-2.9323607730967,1.0644052646571,0
4469,0.023390515062547,-0.029698008804613,-2.9317046658026,6.8968793508461,0
4513,0.032597399285763,-0.022684710703018,-2.93075560637,7.3692748965539,0
2945,-0.026360987443897,-0.030272960601409,-2.928305484499,2.7389413137377,0
4253,-0.016510722593243,-0.038068286634683,-2.9253505042006,5.1363284356839,0
2929,-0.02594981995316,-0.035898543974869,-2.9247685550968,4.2846668975135,0
4168,-0.022749403973421,-0.037143747108882,-2.9236651561399,4.6525374344517,0
2961,-0.16266972256505,-0.0046487234960348,-2.9235486667619,1.1932157299713,0
4602,0.031412335005178,-0.0050755788187691,-2.9204320956515,8.4615676405314,0
4425,0.011985109378521,-0.034630598477752,-2.9199538607422,6.4376660102382,0
2946,-0.026770861113887,-0.030838908380724,-2.9191478053668,2.8677517790521,0
4557,0.036456343039873,-0.014425043783587,-2.916734337473,7.853909831002,0
5443,0.0033163684709706,0.00049050296424117,-2.9158691363418,9.7243015161566,0
2930,-0.024977597043292,-0.036392032536199,-2.9152653031671,4.4134773628281,0
2962,-0.11663170328189,-0.010367563362615,-2.9147365604272,1.3220261952853,0
2947,-0.027103226119577,-0.031396827473216,-2.9099901262345,2.9965622443669,0
4647,0.017222309003021,7.0563912451872e-05,-2.907169756032,9.082715219984,0
2963,-0.081239739989596,-0.015492702696294,-2.9059244540924,1.4508366605993,0
2931,-0.023843424444886,-0.036876455289931,-2.9057620512374,4.5422878281427,0
4210,-0.020366889001265,-0.037653672559832,-2.9056920754321,4.841766517755,0
2948,-0.027348686578517,-0.031948831069785,-2.9008324471022,3.1253727096816,0
4338,-0.0066487579414633,-0.038311958480716,-2.9000539976162,5.6631200985656,0
2964,-0.055744321466406,-0.019775401847057,-2.8971123477576,1.5796471259133,0
4512,0.030418110318176,-0.024591777880816,-2.8964938225805,7.2609383539749,0
4468,0.020612979747007,-0.031180355628461,-2.8959310259015,6.7903590582853,0
4381,0.00083094650584847,-0.03746322140062,-2.8958987616223,5.9925679565163,0
4295,-0.012803186652192,-0.038474551109364,-2.8954948837693,5.3453818135647,0
2949,-0.027500793314821,-0.032496065829513,-2.89167476797,3.2541831749963,0
4601,0.032776167244366,-0.0066864037432631,-2.8892919637008,8.3498321454663,0
2965,-0.038952504683128,-0.023086713438958,-2.8883002414228,1.7084575912273,0
5442,0.0048698251079722,0.00060673136784081,-2.8858966326968,9.6288756892678,0
4556,0.035636408774787,-0.016482963494434,-2.8840175406619,7.7438346862489,0
4424,0.0092463077388299,-0.035625368293809,-2.8827029370498,6.3330389845559,0
4252,-0.017543951280396,-0.038219186861666,-2.8825645668715,5.040031094796,0
2950,-0.027554108014624,-0.033039057822782,-2.8825170888377,3.3829936403109,0
2966,-0.029253374481625,-0.02543519012836,-2.8794881350881,1.8372680565411,0
4646,0.019921025419572,-0.00056685784682677,-2.8776365028454,8.9693982032956,0
2951,-0.027503403525518,-0.033577856033168,-2.8733594097055,3.5118041056255,0
2967,-0.024627683232668,-0.026990135730694,-2.8706760287533,1.9660785218549,0
2952,-0.027343345625795,-0.034112091076785,-2.8642017305732,3.6406145709401,0
4511,0.028069378695012,-0.026405367257054,-2.862232038791,7.152601811396,0
2968,-0.022982182380254,-0.028030407922687,-2.8618639224186,2.0948889871686,0
4209,-0.021009228534622,-0.037751823552744,-2.8616229000918,4.747737134973,0
4467,0.017835788162343,-0.032539844499036,-2.8601573860006,6.683838765725,0
4337,-0.0084800763772915,-0.038662954707497,-2.8599579285583,5.5625079997309,0
4600,0.033732581194424,-0.0084302312862766,-2.8581518317501,8.2380966504011,0
4380,-0.0014625342594479,-0.038038622380096,-2.8572065558959,5.8899105568337,0
5441,0.0066463833633899,0.00067027959644571,-2.8559241290519,9.5334498623795,0
2953,-0.027068371851419,-0.034640997592291,-2.855044051441,3.7694250362548,0
4294,-0.014146404337833,-0.038675419799027,-2.8540337740265,5.2468899798628,0
2969,-0.022751105997379,-0.028804545038245,-2.8530518160838,2.2236994524824,0
4555,0.034468374071617,-0.018530984000158,-2.8513007438509,7.6337595414957,0
4645,0.022467179987312,-0.0013993772528098,-2.8481032496588,8.8560811866069,0
5437,-1.5260144438276e-05,-1.0334476724212e-06,-2.8459052842671,10.16833077544,0
2954,-0.026672634970642,-0.03516338995905,-2.8458863723087,3.8982355015695,0
4423,0.0066102847686676,-0.036503160817923,-2.8454520133573,6.2284119588736,0
2970,-0.023088799002138,-0.029458283673632,-2.8442397097491,2.3525099177962,0
4251,-0.018437423932743,-0.038328577320823,-2.8397786295422,4.943733753908,0
2955,-0.02614999407298,-0.035677522677628,-2.8367286931764,4.0270459668842,0
2971,-0.023618416646868,-0.030055386744781,-2.8354276034143,2.48132038311,0
4510,0.025594917427023,-0.028114651094359,-2.8279702550016,7.0442652688169,0
2956,-0.02549422653453,-0.036180972744731,-2.8275710140442,4.1558564321988,0
4599,0.034275224400568,-0.010281015737395,-2.8270116997994,8.1263611553359,0
2972,-0.024179450628671,-0.030623146972687,-2.8266154970796,2.6101308484238,0
5440,0.0085890549411826,0.00065683198426118,-2.8259516254073,9.4380240354916,0
4466,0.01508747384635,-0.0337760906469,-2.8243837460998,6.577318473165,0
261,-0.7556524105981,0.010650237896948,-2.8215994997445,0.18750000600041,0
260,-0.80413017290085,0.003871766971769,-2.8215994997445,0.062500002000119,0
262,-0.6840145577754,0.015231726664425,-2.8215994997445,0.31250001000044,0
1068,-0.5178818291113,0.017410103753239,-2.8215994997445,0.56250001800002,0
1069,-0.43400804214325,0.015330121161365,-2.8215994997445,0.68750002200006,0
1071,-0.28111668574112,0.0066266541444316,-2.8215994997445,0.93750003000004,0
263,-0.60272096006058,0.017452565418238,-2.8215994997445,0.43750001400015,0
1070,-0.35430381798495,0.011583509064329,-2.8215994997445,0.81250002600009,0
4336,-0.010145153809916,-0.038944488842984,-2.8198618595003,5.4618959008961,0
4554,0.032992738528287,-0.020545105907834,-2.8185839470398,7.5236843967425,0
4644,0.024797080838708,-0.0024235030359239,-2.8185699964723,8.7427641699186,0
4379,-0.0035984910517105,-0.038522533240559,-2.8185143501695,5.787253157151,0
2957,-0.024699453627171,-0.036671430036539,-2.8184133349119,4.2846668975135,0
5436,0.00025149482557398,5.4899143072859e-05,-2.817811480698,10.072332715794,0
2973,-0.024702900986681,-0.031174845312644,-2.8178033907448,2.7389413137377,0
4208,-0.02159394668757,-0.037888837917642,-2.8175537247515,4.653707752191,0
2988,-0.21458420336589,0.00070531998967101,-2.8173662329759,1.0644052646571,0
4293,-0.015334070034075,-0.038826147011775,-2.8125726642838,5.1483981461608,0
2958,-0.023759084516129,-0.037148642737508,-2.8092556557797,4.4134773628281,0
2974,-0.025158212386192,-0.031717237193158,-2.80899128441,2.8677517790522,0
2989,-0.15692970863034,-0.0056454276821865,-2.8088996994385,1.1932157299713,0
4422,0.0040933853525822,-0.03726882879677,-2.8082010896648,6.1237849331913,0
2990,-0.11087764660308,-0.0116141415696,-2.8004331659012,1.3220261952853,0
2975,-0.025530870087687,-0.032253769133193,-2.8001791780752,2.9965622443669,0
2959,-0.022660238460884,-0.03761034517437,-2.8000979766474,4.5422878281427,0
4250,-0.019201900244897,-0.038400251308731,-2.796992692213,4.8474364130199,0
5439,0.010643092144424,0.00054778943279939,-2.7959791217626,9.3425982086037,0
4598,0.034409494595561,-0.012211094949663,-2.7958715678488,8.0146256602707,0
4509,0.023035550315506,-0.029711692263799,-2.7937084712121,6.9359287262377,0
2991,-0.075870161769527,-0.016885404055393,-2.7919666323638,1.4508366605993,0
2976,-0.025812873772665,-0.032786205385507,-2.7913670717404,3.1253727096816,0
5435,0.00080705106506433,0.00015473403698565,-2.7897176771288,9.9763346561482,0
4643,0.026855836824749,-0.0036319895768698,-2.7890367432858,8.6294471532304,0
4465,0.012390380858792,-0.034889867399775,-2.788610106199,6.4707981806049,0
4553,0.031252417410756,-0.022504338122288,-2.7858671502286,7.4136092519893,0
2992,-0.051027244828982,-0.021214253808185,-2.7835000988265,1.5796471259133,0
2977,-0.025998697039974,-0.033315374906492,-2.7825549654056,3.2541831749963,0
4378,-0.0055736329465314,-0.038922304692088,-2.7798221444432,5.6845957574683,0
4335,-0.011646996956827,-0.039163619457806,-2.7797657904423,5.3612838020613,0
2993,-0.035018774387916,-0.024486893347228,-2.7750335652892,1.7084575912273,0
2978,-0.026083600299519,-0.0338414893021,-2.7737428590707,3.3829936403109,0
4292,-0.016373226316708,-0.038932670099741,-2.7711115545411,5.0499063124589,0
4421,0.0017084848564449,-0.037928363026482,-2.7709501659724,6.019157907509,0
2994,-0.026080304979174,-0.026742189075464,-2.7665670317518,1.8372680565411,0
5438,0.01275453270075,0.00033020436781843,-2.7660066181178,9.2471723817155,0
2979,-0.026062946582321,-0.034364277092705,-2.7649307527359,3.5118041056255,0
4597,0.034151126232752,-0.014192353067557,-2.7647314358981,7.9028901652056,0
5434,0.0016401800908207,0.00027870759665465,-2.7616238735596,9.8803365965023,0
4642,0.028598646023888,-0.0050123944733969,-2.7595034900993,8.516130136542,0
4508,0.020428709358404,-0.031191167137984,-2.7594466874226,6.8275921836587,0
2995,-0.022045039288543,-0.028192834629558,-2.7581004982145,1.9660785218549,0
2980,-0.025931939733461,-0.034883037467852,-2.7561186464011,3.6406145709402,0
4249,-0.019850266198058,-0.038451523410515,-2.7542067548838,4.751139072132,0
4552,0.029291133508627,-0.024390874572914,-2.7531503534175,7.3035341072364,0
4464,0.0097610484824636,-0.03588156212277,-2.7528364662982,6.3642778880445,0
2996,-0.020769356639604,-0.029147432176552,-2.7496339646772,2.0948889871686,0
2981,-0.025685533991739,-0.035396652939685,-2.7473065400663,3.7694250362548,0
2997,-0.020748321260981,-0.029857766055856,-2.7411674311399,2.2236994524824,0
4377,-0.0073868006739936,-0.039245397067627,-2.7411299387168,5.5819383577857,0
4334,-0.012989804806511,-0.039327200687366,-2.7396697213843,5.2606717032265,0
2982,-0.025318400285415,-0.035903564587153,-2.7384944337315,3.8982355015695,0
4687,0.0151052955021,-3.7786682953239e-05,-2.7370715488038,9.1420498881778,0
4420,-0.0005347016378598,-0.038488571313644,-2.73369924228,5.9145308818269,0
4596,0.033524417335997,-0.016197302450015,-2.7335913039475,7.7911546701405,0
5433,0.0027402677560046,0.00040599239122711,-2.7335300699904,9.7843385368565,0
2998,-0.021212415617419,-0.03046116884424,-2.7327008976026,2.3525099177962,0
4641,0.029991940869121,-0.0065474899675542,-2.7299702369127,8.4028131198533,0
2983,-0.024824939097393,-0.036401701492517,-2.7296823273966,4.0270459668842,0
4291,-0.017272438727732,-0.038999621098251,-2.7296504447983,4.9514144787569,0
4507,0.01780800264662,-0.032550103735881,-2.7251849036332,6.7192556410802,0
2999,-0.021827724353471,-0.031015321552047,-2.7242343640653,2.48132038311,0
2984,-0.02419948684623,-0.036888447572981,-2.7208702210618,4.1558564321988,0
4551,0.027152104318045,-0.02619010414967,-2.7204335566065,7.1934589624835,0
4463,0.007221269536181,-0.036756017723892,-2.7170628263972,6.2577575954841,0
3000,-0.022453495119762,-0.031545163234925,-2.7157678305279,2.6101308484238,0
2985,-0.023436674520546,-0.03736092229215,-2.712058114727,4.2846668975135,0
4248,-0.02043385103725,-0.038533640199456,-2.7114208175546,4.654841731244,0
4686,0.01761707461732,-0.00062483931403886,-2.7091739138207,9.0272307279908,0
3001,-0.023029835443442,-0.032062850261009,-2.7073012969906,2.7389413137378,0
264,-0.81794298077871,0.0041164662970669,-2.7064321732249,0.062500002000119,0
265,-0.7673623601254,0.011302995423467,-2.7064321732249,0.18750000600041,0
266,-0.69274536975572,0.016108929403052,-2.7064321732249,0.31250001000044,0
267,-0.60826589165622,0.018360538704071,-2.7064321732249,0.43750001400015,0
1072,-0.52034858098079,0.018174032652218,-2.7064321732249,0.56250001800001,0
1073,-0.43372099366333,0.015808808631448,-2.7064321732249,0.68750002200004,0
1074,-0.35171905162901,0.011682557055608,-2.7064321732249,0.81250002600007,0
1075,-0.27676660691772,0.0063021059243581,-2.7064321732249,0.93750003000004,0
5432,0.0040860409470267,0.00051357426816041,-2.7054362664212,9.6883404772106,0
2986,-0.022530474526741,-0.03781645642848,-2.7032460083922,4.4134773628281,0
4595,0.032560301915079,-0.018199991914667,-2.7024511719969,7.6794191750753,0
4376,-0.0090386417439168,-0.039499243721229,-2.7024377329905,5.4792809581031,0
3016,-0.20892991465513,-5.9364816822029e-05,-2.7023716928549,1.0644052646571,0
4640,0.03101401321181,-0.0082161650668816,-2.700436983726,8.2894961031646,0
4333,-0.01417882220556,-0.039441813914632,-2.6995736523263,5.1600596043916,0
3002,-0.023530619313437,-0.032574409759508,-2.6988347634532,2.8677517790522,0
4419,-0.0026292924614619,-0.038956732921482,-2.6964483185876,5.8099038561448,0
2987,-0.021469629819438,-0.03825089922147,-2.6944339020574,4.5422878281427,0
3017,-0.15082554806096,-0.0067811712769521,-2.694250732115,1.1932157299712,0
4506,0.015202703564996,-0.033787604248499,-2.690923119844,6.610919098502,0
3003,-0.023943676877102,-0.033082763069703,-2.6903682299159,2.9965622443669,0
4290,-0.01804189086848,-0.039031134862917,-2.6881893350555,4.8529226450549,0
4550,0.024877041633888,-0.027890488036936,-2.6877167597954,7.0833838177305,0
3018,-0.10484195315912,-0.013005347819769,-2.6861297713751,1.3220261952853,0
3004,-0.024262400879524,-0.033589244692444,-2.6819016963785,3.1253727096816,0
4462,0.0047879882716781,-0.037518213985332,-2.6812891864963,6.1512373029237,0
4685,0.020012049013959,-0.0013969038105338,-2.6812762788376,8.9124115678036,0
3019,-0.070312995730666,-0.018413278183598,-2.6780088106352,1.4508366605993,0
5431,0.0056399889723571,0.00057728294563442,-2.677342462852,9.5923424175653,0
3005,-0.024482211019314,-0.034094287952722,-2.6734351628411,3.2541831749963,0
4594,0.031294446500382,-0.020176692078163,-2.6713110400462,7.5676836800101,0
4639,0.03165493219684,-0.009994390393479,-2.6709037305395,8.1761790864759,0
3020,-0.046213170801445,-0.022767823299644,-2.6698878498953,1.5796471259133,0
3006,-0.024599096814528,-0.034597718567089,-2.6649686293037,3.3829936403109,0
4375,-0.010531309236509,-0.039691128187274,-2.663745527264,5.3766235584203,0
3021,-0.031060902780661,-0.025975176521321,-2.6617668891554,1.7084575912272,0
4332,-0.015220423256848,-0.039513539997718,-2.6594775832683,5.0594475055569,0
4418,-0.0045709143240238,-0.039340387287365,-2.6591973948952,5.7052768304627,0
4505,0.012636904625763,-0.034904336152437,-2.6566613360548,6.5025825559236,0
3007,-0.024609041706917,-0.035098881428865,-2.6565020957663,3.5118041056255,0
4549,0.022505386551234,-0.029483369868924,-2.6549999629843,6.9733086729773,0
5427,-3.0179566292485e-05,-5.6262937203461e-06,-2.6549175430249,10.227090428839,0
3022,-0.022922707489265,-0.028111776897645,-2.6536459284155,1.8372680565411,0
4684,0.022228229851859,-0.0023530536331082,-2.6533786438545,8.7975924076166,0
5430,0.0073555256443793,0.00057483326240961,-2.6492486592831,9.4963443579203,0
3008,-0.024507815668154,-0.035596690461326,-2.648035562229,3.6406145709402,0
4289,-0.01869462214667,-0.039043432731454,-2.6467282253128,4.7544308113529,0
3023,-0.019481360642855,-0.029439663881285,-2.6455249676757,1.9660785218548,0
4461,0.002475000710941,-0.03817400963086,-2.6455155465954,6.0447170103634,0
4638,0.031915839545993,-0.011856279687523,-2.6413704773529,8.0628620697872,0
4593,0.02976548695826,-0.022106353645861,-2.6401709080955,7.4559481849449,0
3009,-0.024290915771659,-0.036089633693009,-2.6395690286916,3.7694250362548,0
3024,-0.018564040048822,-0.030295569098635,-2.6374040069358,2.0948889871686,0
3010,-0.0239535560423,-0.036575750982273,-2.6311024951542,3.8982355015695,0
3025,-0.01874441986665,-0.030931107432166,-2.6292830461959,2.2236994524824,0
5426,0.00017522823165895,4.1546674336605e-05,-2.6287133271425,10.13055703482,0
4683,0.024211598251039,-0.0034883276827389,-2.6254810088715,8.6827732474299,0
4374,-0.011868204114888,-0.039828088229405,-2.6250533215376,5.2739661587377,0
3011,-0.023490701454064,-0.037052625526434,-2.6226359616168,4.0270459668842,0
4504,0.01012811712945,-0.035901539434824,-2.6223995522655,6.394246013345,0
4548,0.020073713180636,-0.030962755177524,-2.6222831661733,6.8632335282243,0
4417,-0.0063573766938196,-0.039647176078046,-2.6219464712028,5.6006498047806,0
3026,-0.019330915116948,-0.031473706091239,-2.621162085456,2.3525099177962,0
5429,0.0091861599126138,0.00048847284596421,-2.6211548557142,9.4003462982754,0
4331,-0.016122466163623,-0.039547231266118,-2.6193815142103,4.958835406722,0
3012,-0.022897267877632,-0.037517411751388,-2.6141694280794,4.1558564321988,0
3027,-0.020030214750436,-0.031975204201683,-2.6130411247162,2.48132038311,0
4637,0.031807753662552,-0.01377519000113,-2.6118372241663,7.9495450530986,0
4460,0.00029302518861635,-0.038730120539554,-2.6097419066945,5.9381967178032,0
4592,0.028013482398579,-0.023970859882347,-2.6090307761448,7.34421268988,0
3013,-0.02216842271053,-0.037966656421549,-2.605702894542,4.2846668975134,0
4288,-0.019276111085533,-0.039078955964619,-2.60526711557,4.655938977651,0
3028,-0.020719977011165,-0.03245828192875,-2.6049201639763,2.6101308484238,0
5425,0.00063808216385025,0.00013444330359293,-2.6025091112602,10.0340236408,0
4682,0.025917358058578,-0.0047924171995661,-2.5975833738884,8.5679540872429,0
3014,-0.02129874556504,-0.038395581542702,-2.5972363610047,4.4134773628281,0
3029,-0.021348843706064,-0.032933891962483,-2.5967992032364,2.7389413137378,0
5428,0.011084844669175,0.00030504739493727,-2.5930610521452,9.3043482386301,0
270,-0.70191479903088,0.017067837432278,-2.5912648467052,0.31250001000044,0
268,-0.83262358750953,0.0043863143812594,-2.5912648467052,0.062500002000119,0
269,-0.77976247677258,0.012020410602409,-2.5912648467052,0.18750000600041,0
271,-0.61398889230806,0.019343047594768,-2.5912648467052,0.43750001400015,0
1076,-0.52275691678775,0.01898439014357,-2.5912648467052,0.562500018,0
1077,-0.43318427544687,0.016290862760368,-2.5912648467052,0.68750002200002,0
1078,-0.34875118606685,0.011734284027355,-2.5912648467052,0.81250002600004,0
1079,-0.27196006112125,0.005875166629722,-2.5912648467052,0.93750003000003,0
4547,0.017615268668992,-0.03232506024592,-2.5895663693623,6.7531583834719,0
3015,-0.020278561203343,-0.03879863277165,-2.5887698274673,4.5422878281427,0
3030,-0.021894906064389,-0.033407233957009,-2.5886782424965,2.8677517790522,0
4503,0.0076954852078827,-0.036781450595784,-2.5881377684761,6.2859094707664,0
3044,-0.20281114405678,-0.00096935533738101,-2.587377152734,1.0644052646571,0
4373,-0.01305381275565,-0.03991684282833,-2.5863611158112,5.1713087590549,0
4416,-0.0079883512109226,-0.039884698910066,-2.5846955475104,5.4960227790985,0
4636,0.03135004879492,-0.015724758306967,-2.5823039709797,7.83622803641,0
3031,-0.022348281050767,-0.033880605948904,-2.5805572817565,2.9965622443669,0
3045,-0.14433326581276,-0.0080784573828054,-2.5796017647915,1.1932157299712,0
4330,-0.016894478346886,-0.039547323635115,-2.5792854451523,4.8582233078871,0
4591,0.026078650769625,-0.025755089870351,-2.5778906441943,7.2324771948152,0
5424,0.001348005443681,0.00025471919221113,-2.5763048953778,9.9374902467809,0
4459,-0.0017500264680346,-0.039193817595662,-2.5739682667936,5.8316764252429,0
3032,-0.022703757445756,-0.034354816757746,-2.5724363210166,3.1253727096817,0
3046,-0.098515715325695,-0.014559601798905,-2.571826376849,1.3220261952853,0
4681,0.027311046344097,-0.0062501417108631,-2.5696857389052,8.4531349270556,0
4727,0.013223720268389,-1.8099757092907e-05,-2.5658967694658,9.1982285069573,0
3033,-0.022957724827031,-0.034829814627287,-2.5643153602766,3.2541831749963,0
3047,-0.064572455302011,-0.020090445064438,-2.5640509889066,1.4508366605993,0
4546,0.015159518126548,-0.033568830056608,-2.5568495725515,6.6430832387198,0
3048,-0.04131621608445,-0.024445152069459,-2.5562756009641,1.5796471259133,0
3034,-0.023106929689125,-0.035304959343727,-2.5561943995367,3.3829936403109,0
4502,0.0053565589596212,-0.037549557145931,-2.5538759846868,6.1775729281878,0
4635,0.030568778484258,-0.017679795848115,-2.5527707177932,7.7229110197214,0
5423,0.0022951873936707,0.0003826468080304,-2.5501006794953,9.8409568527613,0
3049,-0.027097479905521,-0.027555701018724,-2.5485002130217,1.7084575912272,0
3035,-0.023148001653334,-0.035779142569187,-2.5480734387968,3.5118041056255,0
4372,-0.014093758448864,-0.039963580975101,-2.5476689100849,5.0686513593723,0
4415,-0.0094650696956048,-0.040060383612083,-2.547444623818,5.3913957534163,0
4590,0.02400033464774,-0.02744687513516,-2.5467505122437,7.1207416997501,0
4680,0.028369126163112,-0.007842339193101,-2.5417881039221,8.3383157668684,0
3050,-0.019796646807445,-0.029545102136636,-2.5407248250792,1.8372680565411,0
3036,-0.023077298912244,-0.036250834297862,-2.5399524780568,3.6406145709402,0
4726,0.015540150062691,-0.00054872042511456,-2.5396620076763,9.0819871032568,0
4329,-0.017549370306436,-0.039528824475937,-2.5391893760943,4.7576112090522,0
4458,-0.003648746405426,-0.039572676003953,-2.5381946268928,5.7251561326827,0
3051,-0.016947781678532,-0.030730528978034,-2.5329494371368,1.9660785218548,0
3037,-0.022890880126576,-0.036718081949018,-2.5318315173169,3.7694250362548,0
3052,-0.016375185001465,-0.031473861421256,-2.5251740491944,2.0948889871686,0
4545,0.012731514712017,-0.034694364481415,-2.5241327757407,6.5330080939675,0
5422,0.0034621027687926,0.00049670379445678,-2.5238964636129,9.7444234587418,0
3038,-0.022584518468871,-0.037178492564109,-2.5237105565769,3.8982355015695,0
4634,0.029494960641314,-0.019616994044254,-2.5232374646066,7.6095940030327,0
4501,0.0031259552132755,-0.038211558217971,-2.5196142008974,6.0692363856092,0
3053,-0.016748015260225,-0.032022656774972,-2.5173986612519,2.2236994524824,0
4589,0.021816162985602,-0.029036887100432,-2.515610380293,7.0090062046849,0
3039,-0.022153756196542,-0.037629278947661,-2.515589595837,4.0270459668842,0
4679,0.029078944539284,-0.0095467981904372,-2.5138904689389,8.2234966066811,0
4725,0.017769880326202,-0.0012559469124949,-2.5134272458868,8.9657456995562,0
4414,-0.010790061920308,-0.040181383321687,-2.5101937001256,5.2867687277342,0
3054,-0.017452670012106,-0.032493217759396,-2.5096232733095,2.3525099177962,0
4371,-0.014995119179579,-0.039973341654738,-2.5089767043585,4.9659939596895,0
3040,-0.021594098196152,-0.038067328770604,-2.5074686350971,4.1558564321988,0
4457,-0.0053999236244948,-0.039874388773037,-2.5024209869919,5.6186358401225,0
3055,-0.018233921312244,-0.032931845868269,-2.5018478853671,2.48132038311,0
3041,-0.020901264165932,-0.038488618209467,-2.4993476743571,4.2846668975134,0
4328,-0.018127258988772,-0.039526218147856,-2.4990933070363,4.6569991102174,0
5421,0.0048188358329393,0.00057445129977474,-2.4976922477306,9.6478900647227,0
3056,-0.018986554722342,-0.033358989726678,-2.4940724974246,2.6101308484238,0
4633,0.028162970898496,-0.02151541395572,-2.49370421142,7.496276986344,0
4544,0.010350733516217,-0.035703241950158,-2.4914159789299,6.4229329492149,0
3042,-0.020070470107016,-0.038886547010979,-2.4912267136172,4.4134773628281,0
4724,0.019853611303399,-0.0021412184360484,-2.4871924840973,8.8495042958558,0
3057,-0.019667222569844,-0.033784279524797,-2.4862971094822,2.7389413137378,0
4678,0.029438156103911,-0.011339271499299,-2.4859928339558,8.1086774464938,0
4500,0.0010152772895027,-0.038773902130072,-2.4853524171082,5.9608998430308,0
4588,0.01956142051242,-0.030518454634033,-2.4844702483424,6.89727070962,0
3043,-0.019093560887811,-0.039254554728278,-2.4831057528773,4.5422878281427,0
3058,-0.020258047587254,-0.034211962828406,-2.4785217215397,2.8677517790522,0
272,-0.84825894784321,0.0046842820687395,-2.4760975201855,0.062500002000119,0
273,-0.79291801930273,0.012809594385203,-2.4760975201855,0.18750000600041,0
274,-0.71155642401194,0.018116654661161,-2.4760975201855,0.31250001000044,0
275,-0.61989113347279,0.020405619858286,-2.4760975201855,0.43750001400015,0
1080,-0.52508020294611,0.019840802954759,-2.4760975201855,0.56250001799999,0
1081,-0.43235086921783,0.016768311325872,-2.4760975201855,0.68750002199999,0
1082,-0.34534164806794,0.011722869594476,-2.4760975201855,0.81250002600002,0
1083,-0.26663317765824,0.0053184056838048,-2.4760975201855,0.93750003000002,0
4413,-0.011966982455582,-0.040254496038913,-2.4729427764331,5.182141702052,0
3072,-0.19618761467827,-0.0020557547628711,-2.472382612613,1.0644052646571,0
5420,0.0063277422305263,0.00059494629351344,-2.4714880318485,9.5513566707041,0
3059,-0.020751386673965,-0.034643595705302,-2.4707463335972,2.996562244367,0
4370,-0.015766689945099,-0.039950813528699,-2.470284498632,4.8633365600067,0
4456,-0.0070022372313224,-0.040106608600674,-2.4666473470911,5.5121155475623,0
3073,-0.13742932647617,-0.0095621016338236,-2.464952797468,1.1932157299712,0
4632,0.026609132315151,-0.02335675451606,-2.4641709582334,7.3829599696555,0
3060,-0.021143430350367,-0.035079349474428,-2.4629709456547,3.1253727096817,0
5417,-3.2050962159747e-05,-5.9089380947022e-06,-2.4628629118135,10.282263175375,0
4723,0.021739207380978,-0.0032015862951454,-2.4609577223078,8.7332628921557,0
4543,0.0080338087398968,-0.036596219964905,-2.4586991821189,6.3128578044624,0
4677,0.029453724776349,-0.013194522904638,-2.4580951989727,7.9938582863066,0
3074,-0.091891946331973,-0.016297575270026,-2.457522982323,1.3220261952853,0
3061,-0.021431560083002,-0.035518586176795,-2.4551955577122,3.2541831749963,0
4587,0.017268552112652,-0.031887339168696,-2.4533301163919,6.7855352145556,0
4499,-0.00096663905890116,-0.039243679329225,-2.4510906333189,5.8525633004524,0
3075,-0.058656120129789,-0.021932480796411,-2.450093167178,1.4508366605993,0
3062,-0.021613303015475,-0.035960111100678,-2.4474201697697,3.3829936403109,0
5419,0.0079499832242447,0.00054096115997901,-2.4452838159663,9.4548232766854,0
3076,-0.03635462523728,-0.026255494308555,-2.442663352033,1.5796471259133,0
3063,-0.021685955072571,-0.036402286729443,-2.4396447818272,3.5118041056255,0
5416,0.00014101119677221,4.4183977665901e-05,-2.438558448125,10.185231551841,0
4412,-0.013000635375938,-0.040285968155564,-2.4356918527408,5.0775146763699,0
3077,-0.023150564360933,-0.02923187687852,-2.4352335368879,1.7084575912272,0
4722,0.023382872270311,-0.0044285592935205,-2.4347229605183,8.6170214884553,0
4631,0.024870476121224,-0.025125497415261,-2.4346377050469,7.2696429529672,0
3064,-0.021646478031538,-0.036843075592609,-2.4318693938847,3.6406145709402,0
4369,-0.016421011468109,-0.039909706328479,-2.4315922929057,4.7606791603241,0
4455,-0.0084559622330001,-0.040276808783256,-2.4308737071902,5.4055952550021,0
4676,0.029140645384765,-0.015087324417829,-2.4301975639896,7.8790391261194,0
3078,-0.016719869782505,-0.031042453151956,-2.4278037217429,1.8372680565411,0
4542,0.0057982360957153,-0.037378486024361,-2.4259823853079,6.2027826597098,0
3065,-0.021491503103038,-0.037280034305541,-2.4240940059423,3.7694250362548,0
4586,0.014966730036452,-0.033141460661955,-2.4221899844415,6.6737997194915,0
3079,-0.014456307444521,-0.032064479391919,-2.4203739065979,1.9660785218548,0
5418,0.0096452022406405,0.00039909027420262,-2.4190796000841,9.3582898826665,0
4498,-0.0028134285101035,-0.039628354491432,-2.4168288495296,5.7442267578739,0
3066,-0.021217369667587,-0.037710301308778,-2.4163186179998,3.8982355015695,0
5415,0.00054135050643343,0.00014417345341247,-2.4142539844365,10.088199928306,0
3080,-0.014212656841889,-0.032680470508129,-2.412944091453,2.0948889871686,0
3067,-0.020820199920665,-0.038130690052516,-2.4085432300573,4.0270459668842,0
4721,0.024750186835004,-0.0058086890529766,-2.4084881987287,8.5007800847546,0
3081,-0.014768535760935,-0.033129559871991,-2.405514276308,2.2236994524824,0
4630,0.022983680744784,-0.026808947256609,-2.4051044518604,7.1563259362786,0
4675,0.028520456449904,-0.016993342041774,-2.4022999290065,7.7642199659322,0
3068,-0.020296086820591,-0.038537783009882,-2.4007678421148,4.1558564321988,0
4411,-0.0138972577033,-0.040280978853911,-2.3984409290483,4.9728876506877,0
3082,-0.015586691655352,-0.033516100674321,-2.398084461163,2.3525099177962,0
4454,-0.0097627102690061,-0.040392171552072,-2.3951000672893,5.2990749624418,0
4767,0.011574109603803,0.00012723121690917,-2.3937044283735,9.2512315590961,0
4541,0.0036591517405046,-0.038055515728939,-2.393265588497,6.0927075149574,0
3069,-0.019641307643407,-0.038926990405535,-2.3929924541723,4.2846668975134,0
4368,-0.016993271566708,-0.039877340048612,-2.3929000871793,4.6580217606414,0
4585,0.012681372024417,-0.034280534606905,-2.3910498524912,6.5620642244272,0
3083,-0.016447354876699,-0.03388117041717,-2.390654646018,2.48132038311,0
5414,0.0011580914984054,0.00027629732362123,-2.3899495207479,9.9911683047719,0
3070,-0.018851728920512,-0.039290150577469,-2.3852170662298,4.4134773628281,0
3084,-0.017261225888666,-0.034242933952519,-2.383224830873,2.6101308484239,0
4497,-0.0045209035426741,-0.039935540841851,-2.3825670657403,5.6358902152956,0
4720,0.025816649958268,-0.0073244836387979,-2.3822534369391,8.384538681054,0
3071,-0.017920633906208,-0.039620016058483,-2.3774416782873,4.5422878281427,0
3085,-0.017992491285115,-0.034609536946396,-2.375795015728,2.7389413137378,0
4629,0.020984237305805,-0.028397161842662,-2.3755711986738,7.0430089195899,0
4674,0.027619764115686,-0.01888980925403,-2.3744022940234,7.6494008057449,0
4766,0.013688970497829,-0.00034183535969312,-2.3691583008346,9.1336483059744,0
3086,-0.018627141701596,-0.034984121456625,-2.368365200583,2.8677517790523,0
5413,0.0019815168497725,0.00042112116526269,-2.3656450570593,9.8941366812374,0
4410,-0.014664846107064,-0.040244413931755,-2.3611900053559,4.8682606250054,0
3087,-0.019159734033853,-0.035367360516636,-2.3609353854379,2.996562244367,0
276,-0.86494533957385,0.0050134797716034,-2.3609301936658,0.062500002000119,0
277,-0.80690075530027,0.013677849949817,-2.3609301936658,0.18750000600041,0
278,-0.72170561795413,0.019263645596077,-2.3609301936658,0.31250001000044,0
279,-0.62597052337808,0.021553075957787,-2.3609301936658,0.43750001400015,0
1084,-0.52728454555491,0.020740686293699,-2.3609301936658,0.56250001799999,0
1085,-0.43116445010222,0.017229230300511,-2.3609301936658,0.68750002199997,0
1086,-0.34142192064336,0.011627779340993,-2.3609301936658,0.812500026,0
1087,-0.26070751698565,0.0045984478751332,-2.3609301936658,0.93750003000002,0
4540,0.0016288392341492,-0.038633351044858,-2.3605487916862,5.982632370205,0
4584,0.010433514400205,-0.035305564094945,-2.3599097205407,6.4503287293627,0
4453,-0.010925252403377,-0.040459498671586,-2.3593264273884,5.1925546698815,0
3100,-0.18902140583644,-0.003353740436446,-2.357388072492,1.0644052646571,0
4719,0.026567673185219,-0.0089553273484189,-2.3560186751496,8.2682972773533,0
3088,-0.01958786547653,-0.035758659812844,-2.3535055702929,3.1253727096817,0
3101,-0.13009012393377,-0.011260387916337,-2.3503038301445,1.1932157299712,0
4496,-0.0060867658915161,-0.040172822636047,-2.348305281951,5.5275536727171,0
4673,0.026468836745272,-0.020755979721181,-2.3465046590402,7.5345816455576,0
3089,-0.019909927014626,-0.036156682709253,-2.3460757551478,3.2541831749964,0
4628,0.018905788158382,-0.029882814375452,-2.3460379454872,6.9296919029015,0
4765,0.015741646583204,-0.00098119742456122,-2.3446121732957,9.0160650528526,0
3102,-0.084965799984295,-0.018243492199819,-2.3432195877969,1.3220261952853,0
5412,0.0029967374052219,0.00055763798911321,-2.3413405933707,9.7971050577028,0
3090,-0.020124244121388,-0.036559583482218,-2.3386459400028,3.3829936403109,0
3103,-0.052575959268354,-0.023956882818963,-2.3361353454493,1.4508366605993,0
3091,-0.020228792379861,-0.036965113713341,-2.3312161248577,3.5118041056255,0
4718,0.026998130632053,-0.010678456737361,-2.32978391336,8.1520558736525,0
3104,-0.031351925463861,-0.028208104570876,-2.3290511031017,1.5796471259133,0
4583,0.0082389072347225,-0.036219021333799,-2.3287695885902,6.3385932342981,0
4539,-0.0002830977123778,-0.039118728877948,-2.3278319948753,5.8725572254526,0
4409,-0.015315373215337,-0.040188631290691,-2.3239390816635,4.7636335993232,0
3092,-0.020221145188842,-0.037370660443164,-2.3237863097127,3.6406145709402,0
4452,-0.011947523617349,-0.040485029044613,-2.3235527874875,5.0860343773213,0
3105,-0.01924623783846,-0.031005977807908,-2.3219668607542,1.7084575912272,0
4764,0.017676509923307,-0.0017943234448233,-2.3200660457568,8.898481799731,0
4672,0.025100268436787,-0.022573477879375,-2.3186070240571,7.4197624853706,0
5411,0.0041799190414555,0.0006641295902265,-2.3170361296822,9.7000734341689,0
4627,0.016779606274771,-0.031261004758377,-2.3165046923008,6.8163748862136,0
3093,-0.020098509287114,-0.037773235309562,-2.3163564945676,3.7694250362549,0
3106,-0.013711846655669,-0.0326029583041,-2.3148826184066,1.8372680565411,0
4495,-0.0075103273176345,-0.040347606877469,-2.3140434981617,5.4192171301387,0
3094,-0.019857788440253,-0.038169468010643,-2.3089266794226,3.8982355015696,0
3107,-0.012019856329121,-0.03343944899636,-2.3077983760591,1.9660785218548,0
4717,0.027111562685535,-0.012469970540598,-2.3035491515705,8.035814469952,0
3095,-0.019495677625172,-0.038555739064349,-2.3014968642775,4.0270459668842,0
3108,-0.012087322861206,-0.033912396869221,-2.3007141337115,2.0948889871685,0
4582,0.0061141126046027,-0.037022786353741,-2.2976294566397,6.2268577392336,0
4763,0.01944432225241,-0.0027798684066037,-2.295519918218,8.7808985466096,0
4538,-0.0020694480258794,-0.039518846734076,-2.2951151980644,5.7624820807003,0
3096,-0.019008846795834,-0.038928285834427,-2.2940670491325,4.1558564321988,0
3109,-0.012816268049476,-0.034247759035631,-2.2936298913639,2.2236994524824,0
5410,0.0055011796041585,0.00072017042187347,-2.2927316659938,9.6030418106352,0
4671,0.02354776966195,-0.02432651639167,-2.290709389074,7.3049433251837,0
4451,-0.012834876203209,-0.040474024351356,-2.2877791475866,4.979514084761,0
4626,0.01463416578107,-0.032529012220191,-2.2869714391145,6.703057869526,0
4408,-0.015879485430643,-0.040134517716902,-2.286688157971,4.6590065736411,0
3097,-0.018394125521307,-0.03928195763701,-2.2866372339874,4.2846668975134,0
3110,-0.013742647939453,-0.034537583004474,-2.2865456490164,2.3525099177962,0
4494,-0.0087922604846313,-0.040467003706368,-2.2797817143724,5.3108805875602,0
3111,-0.014679503407876,-0.034817987067737,-2.2794614066688,2.48132038311,0
3098,-0.017648029599104,-0.039607262748764,-2.2792074188424,4.4134773628281,0
4716,0.026919035864567,-0.014305820965198,-2.2773143897809,7.9195730662514,0
3112,-0.015552315710165,-0.035104708569281,-2.2723771643213,2.6101308484239,0
3099,-0.016765179180024,-0.039896512895817,-2.2717776036973,4.5422878281427,0
4762,0.021003244159359,-0.003930730576594,-2.2709737906792,8.6633152934879,0
5407,-1.8951828119486e-05,-2.1653946131874e-06,-2.2698087491617,10.333829664615,0
5409,0.0069289324282057,0.000708618425053,-2.2684272023055,9.5060101871017,0
4581,0.0040743835634777,-0.037722533825968,-2.2664893246892,6.1151222441691,0
3113,-0.016332373140952,-0.035404198391141,-2.2652929219737,2.7389413137379,0
4670,0.021845165637479,-0.026001968432045,-2.2628117540909,7.1901241649965,0
4537,-0.0037251215202428,-0.039841096613711,-2.2623984012535,5.6524069359479,0
3114,-0.017009386365862,-0.035718307194842,-2.2582086796261,2.8677517790523,0
4625,0.012494729174772,-0.033685958004384,-2.2574381859282,6.5897408528383,0
4450,-0.013594458720145,-0.040431506777102,-2.2520055076857,4.8729937922006,0
3115,-0.017580073431666,-0.036046660258691,-2.2511244372785,2.996562244367,0
4715,0.02643797946593,-0.016162581024602,-2.2510796279914,7.8033316625507,0
5406,0.00015372594306018,6.2706305023238e-05,-2.2474134751603,10.236337108761,0
4761,0.022319764737227,-0.0052348042885401,-2.2464276631402,8.545732040366,0
280,-0.88278838865208,0.0053769835081319,-2.2457628671459,0.062500002000119,0
281,-0.82178896194943,0.014632240450419,-2.2457628671459,0.18750000600041,0
282,-0.73239898916941,0.020516670561785,-2.2457628671459,0.31250001000044,0
283,-0.63222011970586,0.022788979727572,-2.2457628671459,0.43750001400015,0
1088,-0.52932608848223,0.021678248508744,-2.2457628671459,0.56250001799998,0
1090,-0.33691123703732,0.011419170113231,-2.2457628671459,0.81250002599998,0
1091,-0.25407777659884,0.0036784171704168,-2.2457628671459,0.93750003000001,0
1089,-0.42955624607814,0.017655554207849,-2.2457628671459,0.68750002199994,0
4493,-0.0099344250089969,-0.040537729256878,-2.2455199305831,5.2025440449817,0
5408,0.0084293901936668,0.00061573452757088,-2.2441227386171,9.4089785635677,0
3116,-0.018043437942443,-0.036387753599848,-2.2440401949309,3.1253727096817,0
3128,-0.18129114910614,-0.0048964034414933,-2.2423935323708,1.0644052646571,0
3117,-0.018398890615921,-0.036739429199904,-2.2369559525833,3.2541831749964,0
3129,-0.12229265297713,-0.013210150652747,-2.2356548628207,1.1932157299712,0
4580,0.0021324311464059,-0.038323928869686,-2.2353491927388,6.0033867491048,0
4669,0.020025564329716,-0.027589343837003,-2.2349141191078,7.0753050048093,0
3118,-0.018645565045331,-0.037099087156312,-2.2298717102357,3.3829936403109,0
4536,-0.0052468860126435,-0.040092861109128,-2.2296816044427,5.5423317911956,0
3130,-0.077736152068132,-0.02042775236158,-2.2289161932705,1.3220261952853,0
4624,0.010382864051364,-0.034732505769858,-2.2279049327418,6.4764238361502,0
5405,0.00052352878957468,0.00018457602788368,-2.2250182011589,10.138844552907,0
4714,0.025690935723534,-0.018018027647445,-2.2248448662019,7.68709025885,0
3119,-0.018782122027737,-0.037463781836003,-2.2227874678881,3.5118041056256,0
3131,-0.046350362673446,-0.026183470095299,-2.2221775237204,1.4508366605993,0
4760,0.023369186401395,-0.0066759484458161,-2.2218815356013,8.4281487872442,0
4807,0.010150423370826,0.00040116402451455,-2.2205538892181,9.3010406306631,0
4449,-0.014237520929745,-0.040368452117235,-2.2162318677848,4.7664734996404,0
3120,-0.018806746905536,-0.037830253190792,-2.2157032255405,3.6406145709402,0
3132,-0.026338611231089,-0.030311579114083,-2.2154388541703,1.5796471259133,0
4492,-0.010939858957483,-0.040565938424239,-2.2112581467938,5.0942075024033,0
3133,-0.015415183083364,-0.032878441329396,-2.2087001846201,1.7084575912272,0
3121,-0.018717217011149,-0.038194910268353,-2.2086189831929,3.7694250362549,0
4668,0.018120682111762,-0.029080693486536,-2.2070164841247,6.9604858446223,0
4579,0.00029846769867792,-0.038833232788373,-2.2042090607884,5.8916512540404,0
5404,0.0010775729118731,0.00034526863141793,-2.2026229271575,10.041351997053,0
3134,-0.010793744449356,-0.034224145875617,-2.20196151507,1.8372680565411,0
3122,-0.018510990179273,-0.038553829726919,-2.2015347408453,3.8982355015696,0
4713,0.024704247837533,-0.019851692495631,-2.1986101044123,7.5708488551494,0
4623,0.0083154500113642,-0.035671291718373,-2.1983716795554,6.3631068194622,0
4806,0.01205823874168,-2.4907389085988e-06,-2.1977206541087,9.1821963883879,0
4759,0.024135677215382,-0.0082349025347492,-2.1973354080624,8.3105655341222,0
4535,-0.006633110691984,-0.040281355558422,-2.1969648076317,5.4322566464432,0
3135,-0.0096523104377472,-0.03485194691681,-2.1952228455199,1.9660785218548,0
3123,-0.018185317784341,-0.038902921044726,-2.1944504984977,4.0270459668842,0
3136,-0.010011137122551,-0.035165138487748,-2.1884841759698,2.0948889871685,0
3124,-0.017737426126328,-0.039238034831033,-2.1873662561501,4.1558564321988,0
3137,-0.010902396180279,-0.035371678778272,-2.1817455064197,2.2236994524824,0
4448,-0.014790521155636,-0.040299980121501,-2.1804582278839,4.6599532070801,0
3125,-0.017164681394459,-0.039553462643359,-2.1802820138025,4.2846668975134,0
5403,0.0018054272777186,0.00052472205480946,-2.180227653156,9.9438594411988,0
4667,0.016160306071171,-0.030470457794583,-2.1791188491417,6.8456666844358,0
4491,-0.011813007352077,-0.040556909678829,-2.1769963630044,4.9858709598247,0
3138,-0.011930876449138,-0.035551436308247,-2.1750068368695,2.3525099177962,0
4805,0.01392322766811,-0.00057278250031538,-2.1748874189993,9.0633521461124,0
3126,-0.01646423191023,-0.039838580634819,-2.1731977714549,4.4134773628281,0
4578,-0.0014195659835572,-0.039257228425264,-2.1730689288379,5.7799157589761,0
4758,0.024611977302231,-0.0098902429274352,-2.1727892805235,8.1929822810002,0
4712,0.023506810108954,-0.021645252075025,-2.1723753426227,7.4546074514489,0
4622,0.0063072971183323,-0.036502237877778,-2.1688384263689,6.2497898027742,0
3139,-0.012939828496012,-0.035735726179872,-2.1682681673194,2.48132038311,0
3127,-0.01563191433645,-0.040085438656761,-2.1661135291073,4.5422878281427,0
4534,-0.0078835348888148,-0.040413503377231,-2.1642480108208,5.3221815016908,0
3140,-0.013868465074002,-0.035937608806795,-2.1615294977693,2.6101308484239,0
5402,0.0026942070790285,0.00070136145378695,-2.1578323791546,9.8463668853446,0
3141,-0.014694780522362,-0.036161574614188,-2.1547908282192,2.7389413137379,0
4804,0.01569440390732,-0.0013146282835863,-2.1520541838899,8.9445079038372,0
4666,0.014171858300532,-0.031755254163188,-2.1512212141589,6.7308475242496,0
4757,0.024798632204307,-0.011619435476551,-2.1482431529846,8.0753990278784,0
3142,-0.015412063868482,-0.036407961221349,-2.148052158669,2.8677517790523,0
4711,0.022128976397426,-0.023382755467037,-2.1461405808333,7.3383660477486,0
4490,-0.012560141982725,-0.040515739504999,-2.1427345792151,4.8775344172462,0
4577,-0.0030157661478195,-0.039602940467685,-2.1419287968875,5.6681802639118,0
3143,-0.016019148683996,-0.036675157965123,-2.1413134891189,2.996562244367,0
4621,0.0043733536122885,-0.037230916999228,-2.1393051731825,6.1364727860862,0
5401,0.0037251227130205,0.00085287286185028,-2.1354371051532,9.7488743294909,0
3144,-0.016516434084838,-0.036960593123553,-2.1345748195687,3.1253727096818,0
4533,-0.0089991047195609,-0.040495834345418,-2.1315312140099,5.2121063569384,0
285,-0.83766705175389,0.015678857407833,-2.1305955406256,0.18750000600041,0
1094,-0.33171503171575,0.011054904646043,-2.1305955406256,0.81250002599995,0
284,-0.90190234403897,0.0057775184961381,-2.1305955406256,0.062500002000118,0
286,-0.74367370507354,0.021882497250678,-2.1305955406256,0.31250001000044,0
1093,-0.42744153772113,0.018022569960422,-2.1305955406256,0.68750002199992,0
1095,-0.24664578024489,0.0025197058667012,-2.1305955406256,0.93750003,0
287,-0.63862644209993,0.024115135197559,-2.1305955406256,0.43750001400015,0
1092,-0.53114795792825,0.022644133918432,-2.1305955406256,0.56250001799997,0
4803,0.017326412748622,-0.0022276706909121,-2.1292209487805,8.8256636615622,0
3145,-0.016904349923191,-0.037261156683249,-2.1278361500185,3.2541831749964,0
3156,-0.17295741078041,-0.0067194276176991,-2.1273989922492,1.0644052646571,0
4756,0.024703305151346,-0.013399580395273,-2.1236970254457,7.9578157747566,0
4665,0.012180018755617,-0.03293357559922,-2.123323579176,6.6160283640633,0
3146,-0.017182837903918,-0.037573386986732,-2.1210974804684,3.382993640311,0
3157,-0.11401409210712,-0.015460026432016,-2.1210058954965,1.1932157299712,0
4710,0.020601606191209,-0.025050734869764,-2.1199058190438,7.222124644048,0
3158,-0.070208665551932,-0.022886677971195,-2.1146127987439,1.3220261952853,0
3147,-0.01735124094245,-0.037893552228252,-2.1143588109182,3.5118041056256,0
5400,0.0048749066417659,0.00095824270485171,-2.113041831152,9.6513817736376,0
4576,-0.0044860318993082,-0.039877407798508,-2.1107886649371,5.5564447688474,0
4620,0.00252656606737,-0.037862524162408,-2.1097719199962,6.0231557693984,0
4489,-0.01319167923684,-0.040452011862067,-2.1084727954258,4.7691978746677,0
3159,-0.040007268724959,-0.028632919058109,-2.1082197019912,1.4508366605993,0
3148,-0.017408348823783,-0.038217671627745,-2.107620141368,3.6406145709402,0
4802,0.018780214450777,-0.0033056259480083,-2.1063877136711,8.706819419287,0
3160,-0.021354240717161,-0.032572194382862,-2.1018266052385,1.5796471259133,0
3149,-0.017352497035211,-0.03854149164354,-2.1008814718179,3.7694250362549,0
4755,0.024339809502291,-0.015208047686676,-2.0991508979069,7.8402325216347,0
4532,-0.0099819590046834,-0.040534335238667,-2.0988144171991,5.102031212186,0
3161,-0.011693216990456,-0.034846840347655,-2.0954335084858,1.7084575912272,0
4664,0.0102064134568,-0.034005528766337,-2.0954259441931,6.5012092038767,0
3150,-0.017181679426728,-0.03886048806155,-2.0941428022677,3.8982355015696,0
4709,0.018955253567781,-0.026638220119248,-2.0936710572542,7.1058832403474,0
5399,0.0061193572693871,0.00099989127101786,-2.0906465571509,9.5538892177843,0
3162,-0.0079884356736931,-0.035901400404774,-2.0890404117331,1.837268056541,0
3151,-0.016893679105148,-0.039170057057012,-2.0874041327175,4.0270459668842,0
4801,0.020023926208911,-0.0045372614658987,-2.0835544785616,8.5879751770115,0
3163,-0.0073687197306732,-0.036296700579186,-2.0826473149804,1.9660785218548,0
3152,-0.016486249373868,-0.039465618920851,-2.0806654631674,4.1558564321988,0
4619,0.00077762640755273,-0.038402697837161,-2.0802386668098,5.9098387527106,0
4575,-0.0058278356594847,-0.04008751905603,-2.0796485329866,5.444709273783,0
3164,-0.0079972806760361,-0.036432274458399,-2.0762542182278,2.0948889871685,0
5397,1.2380064407251e-05,5.5843342090572e-06,-2.0758227642918,10.381771810903,0
4754,0.023726931123298,-0.017023215497928,-2.074604770368,7.7226492685127,0
4488,-0.013730217148506,-0.040375679488196,-2.0742110116365,4.6608613320892,0
3153,-0.015957267478188,-0.039740906375737,-2.0739267936172,4.2846668975134,0
3165,-0.0090390524894294,-0.036493843869238,-2.0698611214751,2.2236994524824,0
5398,0.0074315277329289,0.00096364061527912,-2.0682512831495,9.4563966619307,0
4663,0.0082692801810152,-0.0349732615998,-2.0675283092101,6.3863900436901,0
4708,0.017219495878857,-0.028136677664968,-2.0674362954647,6.989641836647,0
3154,-0.015304482506077,-0.03998432424977,-2.067188124067,4.4134773628281,0
4531,-0.010835638211328,-0.040534232809488,-2.0660976203881,4.9919560674335,0
3166,-0.010162391951132,-0.036549634432013,-2.0634680247224,2.3525099177962,0
4800,0.021033277031949,-0.0059074383355888,-2.0607212434522,8.469130934736,0
3155,-0.014524809891256,-0.040187777779575,-2.0604494545169,4.5422878281427,0
3167,-0.011238254745631,-0.036626134211682,-2.0570749279697,2.4813203831101,0
5396,0.00022156300683385,9.8090432722315e-05,-2.0553453868315,10.283855798043,0
4618,-0.00086492030938174,-0.038857624123079,-2.0507054136234,5.7965217360227,0
3168,-0.012218616603909,-0.03673335216818,-2.0506818312171,2.6101308484239,0
4753,0.022887256818422,-0.018824997844298,-2.050058642829,7.6050660153908,0
4574,-0.0070400160892468,-0.040239887893939,-2.0485084010361,5.3329737787187,0
4847,0.0089450095958632,0.00081187864414129,-2.0465048482496,9.3476384174637,0
3169,-0.013087803947144,-0.036873488579398,-2.0442887344644,2.7389413137379,0
4707,0.015422390619221,-0.029539889122046,-2.0412015336753,6.8734004329471,0
4662,0.0063821330369381,-0.035836322457519,-2.0396306742271,6.2715708835035,0
3170,-0.013842534125812,-0.037045109103178,-2.0378956377117,2.8677517790523,0
4799,0.021791762927339,-0.0073980293787897,-2.0378880083427,8.3502866924604,0
5395,0.00059612118889148,0.00025828454312782,-2.0348680093712,10.185939785183,0
4530,-0.011565534169279,-0.040500640182533,-2.0333808235772,4.881880922681,0
3171,-0.014483693553176,-0.037245158379532,-2.031502540959,2.996562244367,0
4752,0.021846091185814,-0.02059521781641,-2.0255125152901,7.4874827622692,0
4846,0.010639188885275,0.00047586007243784,-2.0254072524509,9.2276144843834,0
3172,-0.01501304901627,-0.03746982903632,-2.0251094442062,3.1253727096818,0
4617,-0.0023944687623778,-0.039233788105926,-2.021172160437,5.6832047193349,0
3173,-0.015432034565459,-0.037714924547592,-2.0187163474535,3.2541831749964,0
4573,-0.0081226320422567,-0.040340751820086,-2.0173682690857,5.2212382836543,0
1098,-0.32572096754802,0.010483933342332,-2.0154282141053,0.81250002599993,0
288,-0.92240802956461,0.0062169017613249,-2.0154282141053,0.062500002000118,0
289,-0.85462453926944,0.016821582947163,-2.0154282141053,0.1875000060004,0
290,-0.75556671414241,0.023365627860066,-2.0154282141053,0.31250001000044,0
291,-0.64516805117045,0.0255307648701,-2.0154282141053,0.43750001400015,0
1096,-0.53267783464623,0.023625212283824,-2.0154282141053,0.56250001799996,0
1097,-0.42471648979956,0.018300084874047,-2.0154282141053,0.68750002199989,0
1099,-0.23834920711708,0.0010684256827552,-2.0154282141053,0.93750003,0
4798,0.022290296426598,-0.008989011231701,-2.0150547732333,8.2314424501848,0
4706,0.013590038893629,-0.030843770531216,-2.014966771886,6.7571590292475,0
5394,0.0011198989018668,0.00046611177739872,-2.0143906319108,10.088023772323,0
3184,-0.16392973008383,-0.0088798444290252,-2.0124044521277,1.0644052646571,0
3174,-0.015741388494012,-0.037976012943709,-2.0123232507008,3.382993640311,0
4661,0.0045590334540802,-0.036599147774114,-2.0117330392441,6.1567517233169,0
3185,-0.10523348025824,-0.018060949749496,-2.0063569281724,1.1932157299712,0
3175,-0.015941123557684,-0.038248487457056,-2.0059301539481,3.5118041056256,0
4845,0.01230569633455,-2.6493979349831e-05,-2.0043096566523,9.1075905513029,0
4751,0.020630456435735,-0.022317856758261,-2.0009663877513,7.3698995091476,0
4529,-0.012181163888816,-0.040441759421567,-2.0006640267663,4.7718057779286,0
3186,-0.062398943192088,-0.025655877725921,-2.0003094042172,1.3220261952853,0
3176,-0.016030618931196,-0.038527573097955,-1.9995370571954,3.6406145709402,0
3187,-0.033586927501742,-0.031322770522179,-1.9942618802619,1.4508366605993,0
5393,0.0017810708322082,0.00069958962454247,-1.9939132544505,9.9901077594635,0
3177,-0.016008749137631,-0.038808292959067,-1.9931439604426,3.7694250362549,0
4797,0.022527030488219,-0.010659075583614,-1.9922215381239,8.1125982079094,0
4616,-0.003806140593002,-0.039537729121714,-1.9916389072507,5.5698877026471,0
4705,0.01174623372993,-0.032046110193803,-1.9887320100967,6.6409176255478,0
3188,-0.016448970129243,-0.034991550720471,-1.9882143563067,1.5796471259132,0
3178,-0.015874019450343,-0.039085471671917,-1.9867508636899,3.8982355015696,0
4572,-0.0090769496217744,-0.040395844987051,-1.9862281371352,5.1095027885899,0
4660,0.0028131016886987,-0.037266423347737,-1.9838354042612,6.0419325631305,0
4844,0.013899113202595,-0.00070055662894777,-1.9832120608537,8.9875666182226,0
3189,-0.008121405747441,-0.036905084521126,-1.9821668323514,1.7084575912272,0
3179,-0.015624713164842,-0.039353946402955,-1.9803577669372,4.0270459668842,0
4750,0.019268199139828,-0.023979193211162,-1.9764202602124,7.2523162560258,0
3190,-0.0053206255464155,-0.037627575865632,-1.9761193083962,1.837268056541,0
3180,-0.015259073875018,-0.039608661627737,-1.9739646701845,4.1558564321988,0
5392,0.0025670811924127,0.000935224945717,-1.9734358769901,9.8921917466035,0
3191,-0.0051858786368178,-0.037766119381981,-1.970071784441,1.9660785218548,0
4796,0.022506803413543,-0.012386218843315,-1.9693883030144,7.993753965634,0
4528,-0.012701574566502,-0.040362911839676,-1.9679472299554,4.6617306331762,0
3181,-0.014775455400341,-0.039842783765791,-1.9675715734317,4.2846668975134,0
3192,-0.0060604850441888,-0.037704806068242,-1.9640242604857,2.0948889871685,0
4704,0.0099122088584174,-0.033146247927299,-1.9624972483073,6.5246762218478,0
4843,0.015378882605356,-0.0015460718384621,-1.9621144650552,8.8675426851425,0
4615,-0.0050965851862696,-0.039775867777929,-1.9621056540642,5.4565706859592,0
3182,-0.014172161983247,-0.040043866674227,-1.961178476679,4.4134773628281,0
3193,-0.0072394138532027,-0.037604335152159,-1.9579767365305,2.2236994524824,0
4659,0.0011553626699216,-0.037843058770327,-1.9559377692783,5.9271134029441,0
4571,-0.0099056362156802,-0.040410279152752,-1.9550880051847,4.9977672935255,0
3183,-0.013447034985974,-0.040203732024487,-1.9547853799263,4.5422878281427,0
5391,0.003462996136543,0.001149158503344,-1.9529584995299,9.7942757337441,0
3194,-0.0084488792463276,-0.037521923411487,-1.9519292125753,2.3525099177962,0
4749,0.017787215574808,-0.025567848467019,-1.9518741326735,7.1347330029039,0
4795,0.022240172309093,-0.014148664133661,-1.946555067905,7.8749097233585,0
3195,-0.0095851398151381,-0.037478916458616,-1.94588168862,2.4813203831101,0
4842,0.016709343932498,-0.0025568500931897,-1.9410168692566,8.7475187520622,0
3196,-0.010611993065358,-0.037481761754308,-1.9398341646648,2.6101308484239,0
4703,0.0081065176137308,-0.034144883931364,-1.9362624865179,6.4084348181477,0
3197,-0.011519704780644,-0.037529977522754,-1.9337866407096,2.7389413137379,0
4614,-0.0062638030404901,-0.039954383650599,-1.9325724008778,5.3432536692714,0
5390,0.0044527261611404,0.0013192197590107,-1.9324811220697,9.6963597208851,0
4658,-0.00040519050970664,-0.038334483351612,-1.9280401342953,5.8122942427577,0
3198,-0.012308239613863,-0.037620067184476,-1.9277391167543,2.8677517790523,0
4748,0.016214797740558,-0.027074756234338,-1.9273280051347,7.0171497497822,0
4570,-0.010613229726686,-0.040389139079404,-1.9239478732343,4.886031798461,0
4794,0.021742431661231,-0.015925459771637,-1.9237218327956,7.756065481083,0
3199,-0.012980444974205,-0.037747309658189,-1.921691592799,2.9965622443671,0
4841,0.017860740445047,-0.0037220112506346,-1.9199192734579,8.6274948189816,0
3200,-0.013539404233917,-0.037906491964573,-1.9156440688438,3.1253727096818,0
5389,0.0055200094022001,0.0014265719468047,-1.9120037446096,9.5984437080261,0
4702,0.0063433658308191,-0.035044821914085,-1.9100277247284,6.2921934144478,0
3201,-0.013987523353865,-0.038092198878358,-1.9095965448885,3.2541831749964,0
3202,-0.014326313048088,-0.038298923379851,-1.9035490209332,3.382993640311,0
4613,-0.0073070232909074,-0.040079120087973,-1.9030391476914,5.2299366525834,0
4747,0.014577096898177,-0.028493069883631,-1.9027818775959,6.8995664966611,0
4793,0.021032639821193,-0.017696969146213,-1.9008885976861,7.6372212388074,0
292,-0.94442856402378,0.0066951141564096,-1.900260887585,0.062500002000118,0
293,-0.87275380380632,0.018060093436437,-1.900260887585,0.1875000060004,0
294,-0.76811350744364,0.024966301737955,-1.900260887585,0.31250001000044,0
295,-0.65181390891504,0.027030664236609,-1.900260887585,0.43750001400015,0
1100,-0.53382543267044,0.024602412565568,-1.900260887585,0.56250001799995,0
1101,-0.42125354147381,0.018449439199529,-1.900260887585,0.68750002199987,0
1102,-0.318788973958,0.0096410544561587,-1.900260887585,0.81250002599991,0
1103,-0.22909057587153,-0.00075777985718321,-1.900260887585,0.93750002999999,0
4657,-0.0018613832560682,-0.03874648858036,-1.9001424993124,5.6974750825713,0
4840,0.018809571742283,-0.0050271091907095,-1.8988216776593,8.5074708859011,0
3203,-0.01455643446617,-0.038521098833492,-1.8975014969779,3.5118041056256,0
3212,-0.15414425424911,-0.011447222186109,-1.8974099120061,1.0644052646571,0
4569,-0.01120832528471,-0.040339276015193,-1.8928077412838,4.7742963033966,0
3213,-0.095939946209789,-0.021061324731495,-1.8917079608483,1.1932157299712,0
5388,0.006647002382023,0.0014555903259748,-1.8915263671494,9.5005276951667,0
3204,-0.014677834340702,-0.038753085597526,-1.8914539730227,3.6406145709402,0
3214,-0.054335282835538,-0.028766477900915,-1.8860060096905,1.3220261952852,0
3205,-0.014689901744282,-0.038989123999963,-1.8854064490674,3.7694250362549,0
4701,0.0046351739748237,-0.035846032395807,-1.883792962939,6.1759520107478,0
5387,6.7475667874832e-05,1.7690234522174e-05,-1.8809729931972,10.426072799736,0
3215,-0.027142992774927,-0.034264874634932,-1.8803040585327,1.4508366605993,0
3206,-0.014591623948178,-0.039223336347939,-1.8793589251121,3.8982355015696,0
4746,0.012898694558892,-0.029818016938335,-1.8782357500572,6.7819832435403,0
4792,0.020132661664835,-0.019445243723006,-1.8780553625767,7.5183769965322,0
4839,0.0195387922119,-0.0064552398301853,-1.8777240818606,8.3874469528204,0
3216,-0.01168257941682,-0.037565846189983,-1.8746021073749,1.5796471259132,0
4612,-0.0082266979627755,-0.040155484037892,-1.8735058945051,5.1166196358956,0
3207,-0.014381747942642,-0.039449952744224,-1.8733114011568,4.0270459668842,0
4656,-0.0032076714945958,-0.039084973915292,-1.8722448643295,5.582655922385,0
4887,0.0079492986634291,0.0013717412420823,-1.8716173140142,9.3910087308877,0
3217,-0.0047434182498916,-0.039045094491278,-1.8689001562171,1.7084575912272,0
3208,-0.014058965381621,-0.039663394674105,-1.8672638772015,4.1558564321988,0
3218,-0.0028150731252356,-0.039393812067401,-1.8631982050593,1.837268056541,0
5386,0.00035798657253053,0.00015288103905955,-1.8624214851299,10.327770969023,0
4568,-0.011706715813212,-0.040261855939329,-1.8616676093333,4.6625608083322,0
3209,-0.013622064816882,-0.039856246619218,-1.8612163532463,4.2846668975134,0
4700,0.0029949903367875,-0.036553094772503,-1.8575582011497,6.059710607048,0
3219,-0.0031224091299388,-0.039249219150701,-1.8574962539015,1.9660785218547,0
4838,0.020038075744285,-0.0079874624028393,-1.856626486062,8.2674230197397,0
4791,0.019066262312352,-0.021154282729666,-1.8552221274673,7.3995327542571,0
3210,-0.013069848162946,-0.040015288765297,-1.855168829291,4.4134773628281,0
4745,0.011202263984126,-0.031046678254255,-1.8536896225186,6.6643999904194,0
4886,0.0094199362443441,0.0011037360430211,-1.852276585204,9.269886815189,0
3220,-0.004217314500783,-0.038969762006332,-1.8517943027437,2.0948889871685,0
3211,-0.012400917873413,-0.040132269135727,-1.8491213053357,4.5422878281427,0
3221,-0.0055177298231098,-0.038689816667686,-1.8460923515859,2.2236994524824,0
4655,-0.0044399802309061,-0.039355764274661,-1.8443472293465,5.4678367621985,0
4611,-0.0090246838575119,-0.040188424702128,-1.8439726413186,5.0033026192077,0
5385,0.00077687242585141,0.00037073121170561,-1.8438699770627,10.22946913831,0
3222,-0.0068025904384945,-0.038455210789798,-1.8403904004281,2.3525099177962,0
4837,0.020303779016144,-0.0096032916297981,-1.8355288902634,8.1473990866592,0
3223,-0.0079911856661273,-0.038281304440945,-1.8346884492703,2.4813203831101,0
4885,0.010875599804711,0.00066547549765037,-1.8329358563938,9.1487648994902,0
4790,0.017858283479324,-0.022810190702444,-1.8323888923579,7.2806885119816,0
4699,0.0014339520085856,-0.037170201224321,-1.8313234393603,5.9434692033482,0
4744,0.0095083202209719,-0.032177676622724,-1.8291434949798,6.5468167372981,0
3224,-0.0090580542651664,-0.038170407867498,-1.8289864981126,2.6101308484239,0
5384,0.0013038053424319,0.00064700740581553,-1.8253184689955,10.131167307597,0
3225,-0.0099989100495937,-0.038118958971658,-1.8232845469548,2.7389413137379,0
3226,-0.010816725183262,-0.038121110475199,-1.8175825957969,2.8677517790524,0
4654,-0.005555563330598,-0.039564495932696,-1.8164495943635,5.3530176020121,0
4610,-0.0097047228024132,-0.040182976689503,-1.8144393881322,4.8899856025197,0
4836,0.020338234584218,-0.01128172463534,-1.8144312944648,8.0273751535787,0
4884,0.01227705296558,5.2658611665592e-05,-1.8135951275837,9.0276429837915,0
3227,-0.011516177883457,-0.038170262386404,-1.8118806446391,2.9965622443671,0
4789,0.016533915946122,-0.024401246980723,-1.8095556572485,7.1618442697061,0
5383,0.0019258934007149,0.00095598890222801,-1.8067669609282,10.032865476883,0
3228,-0.012101590466591,-0.038259637221174,-1.8061786934813,3.1253727096818,0
4698,-3.8648900355445e-05,-0.037701928900589,-1.8050886775709,5.8272277996484,0
4743,0.0078350238748827,-0.033211047617846,-1.804597367441,6.4292334841768,0
3229,-0.012576290157244,-0.038382480031738,-1.8004767423234,3.2541831749965,0
3230,-0.012942523421653,-0.038532113959457,-1.7947747911656,3.382993640311,0
4883,0.013589351995977,-0.00073332351688234,-1.7942543987736,8.9065210680932,0
4835,0.020149049783112,-0.013001857292044,-1.7933336986662,7.9073512204981,0
3231,-0.013201570048656,-0.038701935932433,-1.7890728400078,3.5118041056256,0
4653,-0.0065529097074743,-0.039716535271814,-1.7885519593806,5.2381984418256,0
5382,0.0026314295777984,0.0012709236231337,-1.7882154528609,9.93456364617,0
4788,0.01511807256127,-0.02591790181152,-1.7867224221391,7.0430000274309,0
296,-0.96808160830464,0.0072088758540874,-1.7850935610647,0.062500002000118,0
297,-0.89214594530099,0.019386936982594,-1.7850935610647,0.1875000060004,0
298,-0.78134594701675,0.02667767668301,-1.7850935610647,0.31250001000044,0
299,-0.65852072664775,0.028602679016093,-1.7850935610647,0.43750001400015,0
1104,-0.53447881654946,0.025547590981277,-1.7850935610647,0.56250001799995,0
1105,-0.41689772113027,0.018419294022339,-1.7850935610647,0.68750002199984,0
1106,-0.31074535621491,0.0084394086805607,-1.7850935610647,0.81250002599988,0
1107,-0.21876450042288,-0.0030578444848848,-1.7850935610647,0.93750002999998,0
4609,-0.010274506646492,-0.040144695986664,-1.7849061349459,4.7766685858318,0
3232,-0.013353917115403,-0.038885377618847,-1.78337088885,3.6406145709403,0
3240,-0.14354497881324,-0.014496584958341,-1.7824153718845,1.0644052646571,0
4742,0.0061974037029318,-0.034149159936122,-1.7800512399023,6.3116502310556,0
4697,-0.0014151890932226,-0.038153258538219,-1.7788539157816,5.7109863959486,0
3233,-0.013399440237081,-0.03907584114211,-1.7776689376921,3.7694250362549,0
3241,-0.086133330551106,-0.024512634325593,-1.7770589935241,1.1932157299712,0
4882,0.014780323640887,-0.0016854780250678,-1.7749136699634,8.7853991523945,0
4834,0.019748331203284,-0.014743439924968,-1.7722361028676,7.7873272874175,0
3234,-0.013337576652337,-0.039266696402509,-1.7719669865343,3.8982355015696,0
3242,-0.046060500079829,-0.032246978854765,-1.7717026151638,1.3220261952852,0
5381,0.0034089761845719,0.0015654619348896,-1.7696639447938,9.8362618154573,0
3243,-0.020743189848493,-0.037464973924815,-1.7663462368034,1.4508366605993,0
3235,-0.013167498079354,-0.039451517502316,-1.7662650353765,4.0270459668842,0
4787,0.013634868542174,-0.027352708341866,-1.7638891870298,6.9241557851562,0
3244,-0.0071200019544547,-0.040288703718419,-1.7609898584431,1.5796471259132,0
4652,-0.0074317492451048,-0.039816911179124,-1.7606543243977,5.1233792816392,0
3236,-0.012888298907718,-0.03962415468663,-1.7605630842186,4.1558564321988,0
3245,-0.0015904428924271,-0.041266084938795,-1.7556334800827,1.7084575912272,0
4881,0.015822358958418,-0.00279288221999,-1.7555729411532,8.6642772366956,0
4741,0.0046071216559652,-0.034990759667865,-1.7555051123635,6.1940669779345,0
4608,-0.010746860831402,-0.040071017783432,-1.7553728817594,4.6633515691439,0
3237,-0.012499155418079,-0.039776585551934,-1.7548611330608,4.2846668975134,0
4696,-0.002689575758039,-0.038529330931757,-1.7526191539922,5.5947449922488,0
4833,0.019151853449261,-0.016487340385271,-1.7511385070689,7.6673033543369,0
5380,0.0042484059449415,0.0018154853123872,-1.7511124367267,9.7379599847449,0
3246,-0.00048654879704127,-0.041193995806359,-1.7502771017224,1.837268056541,0
3238,-0.011999300752633,-0.039894849263974,-1.749159181903,4.4134773628281,0
3247,-0.0011936629536893,-0.040731695183227,-1.744920723362,1.9660785218547,0
3239,-0.011387925830954,-0.039970583419967,-1.7434572307452,4.5422878281427,0
4786,0.012107200303276,-0.028700202325682,-1.7410559519205,6.8053115428818,0
3248,-0.0024851949692219,-0.040207404160845,-1.7395643450017,2.0948889871685,0
4880,0.016692601551897,-0.0040417775854105,-1.736232212343,8.5431553209967,0
3249,-0.0038885277888862,-0.039732072899524,-1.7342079666413,2.2236994524823,0
4651,-0.0081932234418075,-0.03987039208165,-1.7327566894147,5.0085601214527,0
5379,0.0051406800160252,0.0020002827078004,-1.7325609286596,9.6396581540326,0
4740,0.003076712584507,-0.035739644321329,-1.7309589848248,6.0764837248134,0
4832,0.018378219355228,-0.018215907499894,-1.7300409112703,7.5472794212566,0
3250,-0.0052359310078698,-0.039332736092574,-1.728851588281,2.3525099177962,0
4695,-0.0038571270522797,-0.038835268420491,-1.7263843922028,5.478503588549,0
3251,-0.0064672327204321,-0.039017557669097,-1.7234952099206,2.4813203831101,0
4785,0.010556409291648,-0.029956715771151,-1.7182227168113,6.6864673006072,0
3252,-0.0075664222572618,-0.038784219430902,-1.7181388315603,2.610130848424,0
4879,0.017373863036068,-0.0054159011313025,-1.7168914835329,8.4220334052977,0
5378,0.0060754351194517,0.0021023333749727,-1.7140094205925,9.5413563233199,0
3253,-0.0085340130126454,-0.03862586238183,-1.7127824531999,2.738941313738,0
4831,0.017448051401591,-0.019913232559024,-1.7089433154717,7.4272554881764,0
3254,-0.0093756795599758,-0.038534096078033,-1.7074260748396,2.8677517790524,0
4739,0.0016171765254637,-0.036399107244741,-1.7064128572861,5.9589004716924,0
4650,-0.0088403665145726,-0.039881974589375,-1.7048590544317,4.8937409612661,0
3255,-0.010097768340261,-0.038500276384513,-1.7020696964792,2.9965622443671,0
4694,-0.0049144692948286,-0.0390760809236,-1.7001496304134,5.3622621848492,0
4878,0.017855110232297,-0.0068968953905651,-1.6975507547227,8.3009114895987,0
3256,-0.010705741718346,-0.038515932183045,-1.6967133181188,3.1253727096818,0
4927,0.0071541405295387,0.0020919623389637,-1.6959515861997,9.4311365036239,0
4784,0.0090020314577516,-0.031120097648589,-1.695389481702,6.5676230583324,0
3257,-0.011203782463228,-0.038572869432163,-1.6913569397584,3.2541831749965,0
4830,0.016383243127722,-0.021565314956089,-1.6878457196731,7.3072315550958,0
3258,-0.011594825860641,-0.038663163255064,-1.686000561398,3.382993640311,0
5377,0.00015527723147434,3.4877436288658e-05,-1.6853277750276,10.466717093631,0
4738,0.00023795940381224,-0.036972744315088,-1.6818667297473,5.8413172185713,0
3259,-0.011880734241945,-0.038779110539112,-1.6806441830376,3.5118041056256,0
4926,0.0083843205713723,0.0018928825919395,-1.6783874254812,9.3089986949446,0
4877,0.018131055662898,-0.0084652610024957,-1.6782100259125,8.1797895738999,0
4649,-0.0093800227230034,-0.039856004121658,-1.6769614194488,4.7789218010797,0
3260,-0.012062504508425,-0.038913160089644,-1.6752878046772,3.6406145709403,0
4693,-0.0058594732945362,-0.039256607535907,-1.6739148686241,5.2460207811493,0
4783,0.0074616875149313,-0.032189573501797,-1.6725562465927,6.4487788160575,0
3261,-0.012140469643722,-0.039057827066919,-1.6699314263169,3.7694250362549,0
301,-0.91288409254415,0.020783632777701,-1.6699262345444,0.1875000060004,0
300,-0.99346665515345,0.0077496361017321,-1.6699262345444,0.062500002000118,0
302,-0.795289013156,0.028482420986999,-1.6699262345444,0.31250001000043,0
303,-0.66522866985238,0.03022512594418,-1.6699262345444,0.43750001400015,0
1108,-0.53449794975319,0.026420017257899,-1.6699262345444,0.56250001799994,0
1109,-0.41145980695391,0.018141467809503,-1.6699262345444,0.68750002199982,0
1110,-0.30136989673856,0.0067716276583718,-1.6699262345444,0.81250002599986,0
1111,-0.20727715521755,-0.0059390955652937,-1.6699262345444,0.93750002999998,0
5376,0.00058418551169514,0.00023105426090438,-1.668709372123,10.368067233708,0
3268,-0.13208418616153,-0.018109407812282,-1.6674208317629,1.0644052646571,0
4829,0.015206283942677,-0.023160148035026,-1.6667481238745,7.1872076220152,0
3262,-0.012114484918194,-0.039205682175891,-1.6645750479565,3.8982355015696,0
3269,-0.075829034196484,-0.028469962657728,-1.6624100262,1.1932157299712,0
4925,0.0096146072947909,0.0015129780583454,-1.6608232647628,9.186860886265,0
3263,-0.011984108316804,-0.039349595451501,-1.6592186695961,4.0270459668842,0
4876,0.018201802508275,-0.010100956304055,-1.6588692971023,8.0586676582011,0
3270,-0.037639246199523,-0.036118773572794,-1.6573992206371,1.3220261952852,0
4737,-0.001053003796446,-0.037464579377194,-1.6573206022086,5.7237339654503,0
3264,-0.011748791509481,-0.039482797554772,-1.6538622912357,4.1558564321988,0
3271,-0.014476623482428,-0.040910464380095,-1.6523884150742,1.4508366605993,0
5375,0.0010933377312308,0.00052993529251733,-1.6520909692184,10.269417373785,0
4782,0.0059510011917424,-0.033166573833356,-1.6497230114834,6.3299345737827,0
4648,-0.0098223277097421,-0.039786568299484,-1.6490637844658,4.6641026408932,0
3265,-0.011408049165861,-0.039596624663303,-1.6485059128753,4.2846668975134,0
4692,-0.0066912712500332,-0.039381484920103,-1.6476801068347,5.1297793774495,0
3272,-0.0028380095895381,-0.043124841697386,-1.6473776095112,1.5796471259132,0
4828,0.013939669265161,-0.024687733306243,-1.6456505280759,7.0671836889349,0
4924,0.010809102405561,0.00095175494213009,-1.6432591040443,9.0647230775857,0
3266,-0.010961474150328,-0.03967636275349,-1.6431495345149,4.4134773628281,0
3273,0.0012648230094585,-0.043499668243819,-1.6423668039483,1.7084575912272,0
4875,0.018072330858096,-0.011783951355643,-1.6395285682922,7.9375457425021,0
3267,-0.010408671121499,-0.039713459079563,-1.6377931561545,4.5422878281427,0
3274,0.0016097218731811,-0.042955999128797,-1.6373559983854,1.837268056541,0
5374,0.0016582052375721,0.00089994214550966,-1.6354725663137,10.170767513862,0
4736,-0.0022492160481686,-0.037878867092543,-1.6327744746699,5.6061507123293,0
3275,0.00057020982074902,-0.042167107186947,-1.6323451928225,1.9660785218547,0
3276,-0.0008734734856615,-0.041393532872559,-1.6273343872596,2.0948889871685,0
4781,0.0044811066157222,-0.034049260092825,-1.6268897763741,6.211090331508,0
4923,0.011939780335062,0.00021394894071847,-1.6256949433259,8.9425852689067,0
4827,0.012605403603413,-0.026140033481276,-1.6245529322773,6.9471597558552,0
3277,-0.0023644324812399,-0.040707249056949,-1.6223235816967,2.2236994524823,0
4691,-0.0074104181666641,-0.039455326199458,-1.6214453450453,5.0135379737496,0
4874,0.017751857059016,-0.013494725765765,-1.620187839482,7.8164238268032,0
5373,0.0022662963632678,0.001309237046161,-1.618854163409,10.072117653939,0
3278,-0.0037606204245513,-0.040133621553177,-1.6173127761338,2.3525099177962,0
3279,-0.0050239954395886,-0.03966856933932,-1.6123019705709,2.4813203831101,0
4735,-0.0033455389319806,-0.03821993803329,-1.6082283471311,5.4885674592082,0
4922,0.012976886532862,-0.00069165577539146,-1.6081307826075,8.8204474602274,0
3280,-0.0061468216770247,-0.039305105711069,-1.607291165008,2.610130848424,0
4780,0.0030638728100624,-0.034840267413538,-1.6040565412648,6.0922460892333,0
4826,0.011224589683317,-0.027510871498719,-1.6034553364789,6.8271358227757,0
3281,-0.0071338063947368,-0.03903322581614,-1.6022803594451,2.738941313738,0
5372,0.0029082614753263,0.0017258384570292,-1.6022357605044,9.9734677940162,0
4873,0.017253124240466,-0.015214698579501,-1.6008471106718,7.6953019111042,0
3282,-0.0079930137261389,-0.038842027606226,-1.5972695538821,2.8677517790524,0
4690,-0.0080193566558076,-0.039483144881459,-1.5952105832559,4.8972965700496,0
3283,-0.0087322941381282,-0.038720756898899,-1.5922587483192,2.9965622443671,0
4921,0.013894775473959,-0.0017537590650703,-1.590566621889,8.6983096515478,0
3284,-0.0093581466143312,-0.038659168497249,-1.5872479427563,3.1253727096819,0
5371,0.0035772575810579,0.0021194492186578,-1.5856173575998,9.8748179340938,0
4734,-0.0043381260250439,-0.038492129199191,-1.5836822195924,5.3709842060872,0
4825,0.0098170984735565,-0.028795768715226,-1.5823577406805,6.7071118896961,0
3285,-0.0098755371989754,-0.038647560113975,-1.5822371371933,3.2541831749965,0
4872,0.016591674497187,-0.016926571088349,-1.5815063818616,7.5741799954056,0
4779,0.0017101293788156,-0.035541889390645,-1.5812233061555,5.9734018469587,0
3286,-0.010288037299862,-0.038676702467211,-1.5772263316304,3.382993640311,0
4920,0.014671170986915,-0.0029582883421726,-1.5730024611705,8.5761718428683,0
3287,-0.010598052352114,-0.038737745448269,-1.5722155260674,3.5118041056256,0
5370,0.0042695568306692,0.0024632083959073,-1.5689989546953,9.7761680741718,0
4689,-0.0085241686315693,-0.039468193302852,-1.5689758214665,4.7810551663498,0
3288,-0.010807057878188,-0.038822113540514,-1.5672047205045,3.6406145709403,0
3289,-0.010915816602714,-0.038921395233079,-1.5621939149415,3.7694250362549,0
4871,0.015785138074218,-0.018614581596875,-1.5621656530515,7.453058079707,0
4824,0.0084013296350825,-0.029991703507611,-1.561260144882,6.5870879566161,0
4733,-0.0052243879668978,-0.038699747272614,-1.5591360920536,5.2534009529661,0
4778,0.00042935617141852,-0.036156666817067,-1.5583900710462,5.8545576046841,0
3290,-0.010924572998546,-0.039027320640146,-1.5571831093786,3.8982355015696,0
4919,0.015288990152971,-0.0042890860979208,-1.5554383004521,8.4540340341886,0
304,-1.0206458600541,0.0083010065114546,-1.5547589080241,0.062500002000118,0
305,-0.93503393616978,0.022215984561658,-1.5547589080241,0.1875000060004,0
306,-0.80995737032717,0.030349394701218,-1.5547589080241,0.31250001000043,0
307,-0.67185608345186,0.031865614035948,-1.5547589080241,0.43750001400015,0
1114,-0.29034583386289,0.0045213814292671,-1.5547589080241,0.81250002599984,0
1115,-0.19460998608297,-0.009488649910988,-1.5547589080241,0.93750002999997,0
1112,-0.53370384909261,0.027163168568928,-1.5547589080241,0.56250001799993,0
1113,-0.40470530436826,0.01751513124865,-1.5547589080241,0.6875000219998,0
3296,-0.11973188936615,-0.022390633401479,-1.5524262916413,1.0644052646571,0
5369,0.0049840039115931,0.0027345019235747,-1.5523805517908,9.6775182142498,0
3291,-0.010833236683774,-0.039132010374775,-1.5521723038157,4.0270459668842,0
3297,-0.065070225236815,-0.032994859042104,-1.5477610588759,1.1932157299712,0
3292,-0.010641574384612,-0.039228028413633,-1.5471614982527,4.1558564321988,0
3298,-0.02916978325551,-0.040392066507706,-1.5430958261104,1.3220261952852,0
4870,0.014852559743104,-0.020264675729487,-1.5428249242413,7.3319361640082,0
4688,-0.0089325668400377,-0.039401564854585,-1.5427410596771,4.6648137626499,0
3293,-0.010349390814809,-0.039306026264034,-1.5421506926898,4.2846668975134,0
4823,0.0069941636526903,-0.031096939196252,-1.5401625490835,6.4670640235362,0
3299,-0.0084619721215384,-0.044569255363755,-1.5384305933449,1.4508366605993,0
4918,0.015736364920241,-0.0057285471032128,-1.5378741397336,8.3318962255089,0
3294,-0.0099565668888451,-0.039350481524763,-1.5371398871268,4.4134773628281,0
5368,0.0057198583617871,0.0029143730280112,-1.5357621488863,9.5788683543275,0
4777,-0.00077036413536214,-0.036687577205128,-1.535556835937,5.7357133624095,0
4732,-0.00600301953942,-0.038847077316151,-1.5345899645149,5.135817699845,0
3300,0.0010668493395641,-0.046020585942667,-1.5337653605794,1.5796471259132,0
3295,-0.0094629518571722,-0.039352530582413,-1.5321290815639,4.5422878281427,0
3301,0.0037692321672935,-0.0456866326531,-1.529100127814,1.7084575912271,0
3302,0.0034719773106283,-0.044662399803359,-1.5244348950485,1.837268056541,0
4869,0.013813780765666,-0.021864600449778,-1.5234841954312,7.2108142483092,0
4917,0.016006513642727,-0.0072580751569986,-1.5203099790152,8.2097584168294,0
3303,0.0021615056765287,-0.043535332006569,-1.519769662283,1.9660785218547,0
4967,0.0065612763182181,0.0029786762890787,-1.5195682349614,9.4680077948216,0
4822,0.0056112133792139,-0.032111479757629,-1.5190649532849,6.3470400904563,0
3304,0.00059487161034598,-0.042495709660856,-1.5151044295176,2.0948889871685,0
4776,-0.0018823087303972,-0.037137925448035,-1.5127236008277,5.6168691201348,0
3305,-0.00095332330209597,-0.041593541246219,-1.5104391967521,2.2236994524823,0
4731,-0.006674145338516,-0.038938655519209,-1.5100438369762,5.0182344467239,0
3306,-0.002387554961422,-0.040834134838995,-1.5057739639866,2.3525099177962,0
4868,0.012688891384835,-0.023403930600494,-1.504143466621,7.0896923326106,0
4966,0.0075256249038907,0.0028459298903165,-1.5037988100163,9.3449365357322,0
4916,0.016097563258533,-0.0088585714033084,-1.5027458182967,8.0876206081499,0
3307,-0.0036720641164754,-0.040211846588057,-1.5011087312212,2.4813203831101,0
4821,0.0042638930397865,-0.033034252246439,-1.4979673574864,6.2270161573765,0
3308,-0.0048091668817196,-0.039711569647884,-1.4964434984557,2.610130848424,0
3309,-0.0058073975592106,-0.039320205658289,-1.4917782656902,2.738941313738,0
4775,-0.0029010684623925,-0.037511231503262,-1.4898903657184,5.4980248778602,0
5367,0.00028914885181984,5.8160332692493e-05,-1.4889557280167,10.503690437586,0
4965,0.0085017265798338,0.0025199709239017,-1.4880293850712,9.2218652766426,0
3310,-0.0066769951491304,-0.039024514331005,-1.4871130329248,2.8677517790524,0
4730,-0.0072397552787718,-0.038979616859897,-1.4854977094374,4.9006511936027,0
4915,0.016012155591384,-0.010510890848669,-1.4851816575783,7.9654827994703,0
4867,0.011497761995526,-0.024874036478971,-1.4848027378109,6.9685704169125,0
3311,-0.0074271806517994,-0.038811682285595,-1.4824478001593,2.9965622443672,0
3312,-0.0080654002871695,-0.038669668725039,-1.4777825673938,3.1253727096819,0
4820,0.0029630028459262,-0.033865458875563,-1.476869761688,6.1069922242968,0
5366,0.00093084966538995,0.00033723347128687,-1.4742769261766,10.404730472182,0
3313,-0.0085973351123949,-0.038587227562073,-1.4731173346283,3.2541831749965,0
4964,0.0094694301082469,0.0020016183819372,-1.4722599601261,9.0987940175533,0
3314,-0.0090271398077394,-0.038553792290995,-1.4684521018628,3.382993640311,0
4914,0.015756900878203,-0.012196271756688,-1.4676174968598,7.8433449907907,0
4774,-0.0038225154268398,-0.037811183436846,-1.4670571306091,5.3791806355855,0
4866,0.010259653209085,-0.026267998541433,-1.4654620090009,6.8474485012147,0
3315,-0.0093577236510177,-0.038559337021472,-1.4637868690973,3.5118041056256,0
4729,-0.0077052731482138,-0.038972271323813,-1.4609515818987,4.7830679404816,0
5365,0.0015846986138284,0.00074458997306949,-1.4595981243365,10.305770506779,0
3316,-0.0095910117588453,-0.038594234519261,-1.4591216363318,3.6406145709403,0
4963,0.010405270748503,0.0012971227740408,-1.456490535181,8.9757227584642,0
4819,0.001719183000782,-0.034606450387845,-1.4557721658895,5.9869682912171,0
3317,-0.0097281733047284,-0.038649117271193,-1.4544564035663,3.7694250362549,0
4913,0.015341769119479,-0.013896722153613,-1.4500533361413,7.7212071821111,0
3318,-0.0097698192490982,-0.038714840296641,-1.4497911708008,3.8982355015696,0
4865,0.0089928981257969,-0.02758046795672,-1.4461212801909,6.7263265855168,0
3319,-0.009716183368657,-0.03878273380337,-1.4451259380353,4.0270459668843,0
5364,0.0022238933333039,0.0012374064761536,-1.4449193224963,10.206810541375,0
4773,-0.0046437924500649,-0.038041625927671,-1.4442238954998,5.2603363933108,0
4962,0.011275929052517,0.00042160703473546,-1.4407211102359,8.8526514993748,0
3320,-0.0095673118983747,-0.038844650904382,-1.4404607052698,4.1558564321988,0
308,-1.049617306163,0.0088358803317719,-1.4395915815038,0.062500002000118,0
309,-0.95863204905689,0.023629093438599,-1.4395915815038,0.1875000060004,0
310,-0.82535485756946,0.032231639980273,-1.4395915815038,0.31250001000043,0
1118,-0.27749175395098,0.0015667612539428,-1.4395915815038,0.81250002599981,0
1119,-0.1805705329563,-0.0138313815646,-1.4395915815038,0.93750002999996,0
1116,-0.53187416434642,0.027714899499843,-1.4395915815038,0.56250001799992,0
311,-0.678299022829,0.033485597253573,-1.4395915815038,0.43750001400015,0
1117,-0.39635114633061,0.016417737983148,-1.4395915815038,0.68750002199977,0
3324,-0.10647060255804,-0.027453851068989,-1.4374317515198,1.0644052646571,0
4728,-0.008076240852305,-0.038905052848593,-1.4364054543599,4.6654846873605,0
3321,-0.0093232558014121,-0.038890508860755,-1.4357954725043,4.2846668975134,0
4818,0.0005417944258679,-0.035258696428131,-1.434674570091,5.8669443581373,0
3325,-0.05394154585761,-0.038137295873112,-1.4331120915517,1.1932157299712,0
4912,0.014779464825303,-0.015595338809522,-1.4324891754229,7.5990693734318,0
3322,-0.0089841179677084,-0.038903883287005,-1.4311302397388,4.4134773628281,0
5363,0.0028395954584932,0.0017750428572216,-1.4302405206561,10.107850575972,0
3326,-0.020797455720179,-0.045047507128751,-1.4287924315837,1.3220261952852,0
4864,0.0077146694368911,-0.0288074668411,-1.4267805513809,6.6052046698185,0
3323,-0.0085498389975072,-0.038875440165311,-1.4264650069733,4.5422878281427,0
4961,0.012058012315139,-0.00061120264954635,-1.4249516852907,8.7295802402851,0
3327,-0.0028507841800857,-0.048368993609938,-1.4244727716157,1.4508366605992,0
4772,-0.0053633450775654,-0.03820660332496,-1.4213906603905,5.1414921510362,0
3328,0.0044424266688918,-0.048855386460429,-1.4201531116476,1.5796471259132,0
3329,0.0059048855655787,-0.047790875920327,-1.4158334516796,1.7084575912271,0
5362,0.0034277042804209,0.0023180042450519,-1.415561718816,10.008890610568,0
4911,0.01408480602938,-0.017276548701359,-1.4149250147044,7.4769315647526,0
4817,-0.0005611222769458,-0.035824121906919,-1.4135769742925,5.7469204250577,0
3330,0.0050893173131762,-0.046287862425057,-1.4115137917116,1.837268056541,0
4960,0.012729106549884,-0.0017858616537415,-1.4091822603456,8.6065089811955,0
4863,0.0064409012222216,-0.029946183543948,-1.4074398225708,6.4840827541202,0
3331,0.003568190475398,-0.04481228297339,-1.4071941317436,1.9660785218547,0
3332,0.0019111510925301,-0.043493658644851,-1.4028744717755,2.0948889871684,0
5361,0.0039886852712985,0.0028303033879833,-1.4008829169758,9.9099306451653,0
4771,-0.0059810440306486,-0.038310714429908,-1.3985574252812,5.0226479087614,0
3333,0.00032369741177676,-0.042360793337364,-1.3985548118075,2.2236994524823,0
4910,0.013274125730155,-0.018926275375618,-1.397360853986,7.354793756073,0
3334,-0.0011262390255862,-0.041408967081313,-1.3942351518395,2.3525099177962,0
4959,0.013271562856125,-0.0030863982611453,-1.3934128354005,8.4834377221058,0
4816,-0.0015828197318606,-0.036305117483953,-1.3924793784941,5.626896491978,0
3335,-0.0024221585044431,-0.040620996414732,-1.3899154918715,2.4813203831101,0
4862,0.0051864030674562,-0.030994985505873,-1.3880990937607,6.362960838422,0
5360,0.0045273217168045,0.0032811758001088,-1.3862041151358,9.8109706797627,0
3336,-0.0035637523789265,-0.039977995408377,-1.3855958319035,2.610130848424,0
3337,-0.0045643971157482,-0.039461830804237,-1.3812761719354,2.738941313738,0
4909,0.012364713261986,-0.020532036626429,-1.3797966932676,7.2326559473934,0
4958,0.013672609581563,-0.0044958703202751,-1.3776434104553,8.360366463016,0
3338,-0.0054364341040592,-0.039057026606945,-1.3769565119674,2.8677517790525,0
4770,-0.0064985757259349,-0.03835936935987,-1.3757241901719,4.9038036664867,0
3339,-0.0061903875325967,-0.0387488587309,-1.3726368519993,2.9965622443672,0
5359,0.0050516509990485,0.0036455385262857,-1.3715253132958,9.7120107143601,0
4815,-0.0025178317760536,-0.036704469165224,-1.3713817826956,5.5068725588982,0
4861,0.0039635576991755,-0.031953776257278,-1.3687583649506,6.2418389227238,0
3340,-0.0068345911624843,-0.038523542300299,-1.3683171920313,3.1253727096819,0
3341,-0.007375387340821,-0.038368289705149,-1.3639975320632,3.2541831749965,0
4908,0.011374310435167,-0.022082981381998,-1.3622325325491,7.1105181387141,0
4957,0.01392403812533,-0.0059965713175476,-1.3618739855102,8.2372952039264,0
3342,-0.0078174668699267,-0.038271187420368,-1.3596778720952,3.382993640311,0
5358,0.0055710871486019,0.0039033483133189,-1.3568465114558,9.6130507489572,0
3343,-0.00816420739156,-0.038221021920944,-1.3553582121271,3.5118041056256,0
4769,-0.0069208153075115,-0.038354115044196,-1.3528909550626,4.784959424212,0
3344,-0.008417959502474,-0.038207099826702,-1.3510385521591,3.6406145709403,0
4814,-0.003361967612547,-0.037025338584641,-1.3502841868971,5.3868486258185,0
4860,0.0027821756701995,-0.032820022245497,-1.3494176361406,6.1207170070258,0
3345,-0.0085802822868769,-0.038219078100615,-1.346718892191,3.769425036255,0
4956,0.014022207584217,-0.0075703923659169,-1.3461045605651,8.1142239448369,0
4907,0.010320675794405,-0.023569872730971,-1.3446683718307,6.9883803300354,0
5007,0.0061523812927046,0.0040372100453342,-1.342528079922,9.5016097949374,0
3346,-0.0086521390243638,-0.038246909394187,-1.342399232223,3.8982355015696,0
3347,-0.0086340700458459,-0.038281098183885,-1.3380795722549,4.0270459668843,0
3348,-0.0085263751632414,-0.038312747675409,-1.3337599122869,4.1558564321988,0
4955,0.013967693236249,-0.0091991308243422,-1.33033513562,7.9911526857472,0
4859,0.0016524610581789,-0.033594109416423,-1.3300769073306,5.9995950913278,0
4768,-0.007251365330227,-0.038281051781767,-1.3300577199533,4.6661151819373,0
3349,-0.0083293156139015,-0.038330989611814,-1.3294402523188,4.2846668975134,0
4813,-0.004112316350432,-0.037271266428001,-1.3291865910986,5.2668246927387,0
5006,0.0068267363505449,0.0039597252633562,-1.3285700186945,9.3776878523008,0
4906,0.009221222359563,-0.024985019186471,-1.3271042111124,6.8662425213569,0
3350,-0.0080431621122078,-0.038318374335532,-1.3251205923508,4.413477362828,0
312,-1.0802803468012,0.0093138725529355,-1.3244242549835,0.062500002000118,0
313,-0.98367238612046,0.024942613101616,-1.3244242549835,0.1875000060004,0
314,-0.84147882535841,0.034064856287523,-1.3244242549835,0.31250001000043,0
1120,-0.52873568747519,0.028017584233262,-1.3244242549835,0.56250001799991,0
1122,-0.26257101190021,-0.0022734176296465,-1.3244242549835,0.81250002599979,0
1123,-0.16500024267417,-0.019116422363588,-1.3244242549835,0.93750002999996,0
315,-0.68443782813791,0.035046436547875,-1.3244242549835,0.43750001400015,0
1121,-0.38603692227055,0.014714460065493,-1.3244242549835,0.68750002199975,0
3352,-0.092327253410563,-0.033379645049328,-1.3224372113982,1.0644052646571,0
3351,-0.0076678230264886,-0.038264900159499,-1.3208009323827,4.5422878281427,0
3353,-0.04258847762951,-0.043903195207772,-1.3184631242276,1.1932157299712,0
5005,0.0075279911166991,0.0036735605680474,-1.314611957467,9.2537659096639,0
4954,0.013764782111953,-0.01086482927025,-1.3145657106748,7.8680814266575,0
3354,-0.012723897744405,-0.05002055169162,-1.314489037057,1.3220261952852,0
4858,0.0005834113610474,-0.034276474011829,-1.3107361785205,5.8784731756298,0
3355,0.0021688511813213,-0.052208877324212,-1.3105149498864,1.4508366605992,0
4905,0.0080927153857843,-0.026322157848929,-1.3095400503942,6.7441047126783,0
4812,-0.0047672772924109,-0.037446239442566,-1.3080889953001,5.146800759659,0
3356,0.0072420602583124,-0.051581560487082,-1.3065408627158,1.5796471259132,0
3357,0.007664171109253,-0.049783475126316,-1.3025667755452,1.7084575912271,0
5004,0.0082443779191091,0.0031848584512858,-1.3006538962396,9.1298439670273,0
4953,0.013420939334518,-0.012550120722019,-1.2987962857297,7.7450101675678,0
3358,0.0064487280759231,-0.047801266845208,-1.2985926883747,1.8372680565409,0
3359,0.0047737613931381,-0.045965436925624,-1.2946186012041,1.9660785218547,0
4904,0.0069510376437799,-0.027576293690649,-1.2919758896758,6.6219669039993,0
5357,0.00048701105682747,8.8303365623931e-05,-1.291925724969,10.536979864182,0
4857,-0.00041719551526054,-0.034868086018056,-1.2913954497105,5.7573512599317,0
3360,0.0030593136307441,-0.044356077169443,-1.2906445140335,2.0948889871684,0
4811,-0.0053266484677294,-0.037555115692339,-1.2869913995016,5.0267768265792,0
5003,0.0089585931043526,0.0025034506543187,-1.2866958350122,9.005922024391,0
3361,0.0014546417139181,-0.042981597245488,-1.2866704268629,2.2236994524823,0
4952,0.012946274952886,-0.01423852626537,-1.2830268607846,7.6219389084784,0
3362,5.1006567592265e-06,-0.041826144194293,-1.2826963396924,2.3525099177962,0
5356,0.0014376772880969,0.00047405054267528,-1.2791922777383,10.437747837651,0
3363,-0.0012850276621191,-0.04086532484479,-1.2787222525218,2.4813203831101,0
3364,-0.002421436267648,-0.040073615848503,-1.2747481653512,2.610130848424,0
4903,0.0058110627654968,-0.028743513893812,-1.2744117289574,6.4998290953204,0
5002,0.0096485087991086,0.0016421984358285,-1.2727377737847,8.8820000817544,0
4856,-0.0013428161865764,-0.035370568341953,-1.2720547209004,5.6362293442337,0
3365,-0.0034151205835478,-0.039427932140696,-1.2707740781806,2.7389413137381,0
4951,0.012353006884115,-0.01591468151132,-1.2672574358395,7.4988676493891,0
3366,-0.0042808934902489,-0.038909858216131,-1.26679999101,2.8677517790525,0
5355,0.0023006520391169,0.0010187256398739,-1.2664588305076,10.33851581112,0
4810,-0.0057919567879332,-0.037603769680324,-1.2658938037031,4.9067528934994,0
3367,-0.0050306150964728,-0.038502928609785,-1.2628259038394,2.9965622443672,0
3368,-0.0056735024188119,-0.038191739658989,-1.2588518166688,3.1253727096819,0
5001,0.010286843329658,0.000619841861384,-1.2587797125573,8.7580781391175,0
4902,0.0046866475002181,-0.029820949002782,-1.256847568239,6.3776912866416,0
3369,-0.0062165346824262,-0.037962005497341,-1.2548777294982,3.2541831749966,0
5354,0.0030524466676044,0.0016643237780501,-1.2537253832768,10.239283784588,0
4855,-0.0021881603638889,-0.03578615990753,-1.2527139920904,5.5151074285357,0
4950,0.011654932199325,-0.01756449500549,-1.2514880108944,7.3757963902995,0
3370,-0.0066649038533311,-0.037800475683048,-1.2509036423276,3.3829936403111,0
3371,-0.0070224276232712,-0.037694749127223,-1.246929555157,3.5118041056257,0
5000,0.010845778562861,-0.00054174718800659,-1.2448216513298,8.6341561964806,0
4809,-0.0061676270294983,-0.0375931803003,-1.2447962079046,4.7867289604196,0
3372,-0.0072918649435046,-0.03763306012717,-1.2429554679864,3.6406145709403,0
5353,0.0036934737300901,0.0023590443041806,-1.2409919360461,10.140051758057,0
4901,0.003590287432737,-0.030807197737518,-1.2392834075207,6.2555534779628,0
3373,-0.0074751562673223,-0.037604077150769,-1.2389813808158,3.769425036255,0
4949,0.01086692484667,-0.019175247005231,-1.2357185859492,7.2527251312098,0
3374,-0.0075736124038638,-0.037596829412437,-1.2350072936452,3.8982355015696,0
4854,-0.0029492057222324,-0.036117714902545,-1.2333732632803,5.3939855128376,0
3375,-0.0075880735213762,-0.037600967288877,-1.2310332064746,4.0270459668843,0
4999,0.0113054507269,-0.0018264150756573,-1.2308635901023,8.5102342538437,0
5352,0.004228911328857,0.0030535751130021,-1.2282584888154,10.040819731526,0
3376,-0.0075190781905597,-0.037606813797121,-1.2270591193039,4.1558564321988,0
4808,-0.0064555272954385,-0.037507437332246,-1.2236986121061,4.6667050273399,0
3377,-0.007367072006182,-0.037602670470058,-1.2230850321333,4.2846668975134,0
4900,0.0025317199180544,-0.031699012420307,-1.2217192468024,6.1334156692841,0
4948,0.010004473378454,-0.020735638403139,-1.2199491610041,7.1296538721205,0
3378,-0.0071324576768774,-0.037569924469518,-1.2191109449627,4.413477362828,0
4998,0.011651886520674,-0.0032180208783169,-1.2169055288748,8.3863123112067,0
5351,0.0046703231390511,0.0037042168601349,-1.2155250415847,9.9415877049949,0
3379,-0.0068150355498264,-0.037497674023205,-1.2151368577921,4.5422878281427,0
4853,-0.0036232109824051,-0.036368708632318,-1.2140325344703,5.2728635971395,0
316,-1.1123944884668,0.0096809928586928,-1.2092569284632,0.062500002000118,0
317,-1.0100904754109,0.02604900980916,-1.2092569284632,0.1875000060004,0
318,-0.85832856754651,0.035768969459217,-1.2092569284632,0.31250001000043,0
319,-0.69014876005155,0.03651956589061,-1.2092569284632,0.43750001400015,0
1124,-0.52395948882865,0.02802855560345,-1.2092569284632,0.56250001799991,0
1125,-0.37329674197548,0.012257607590301,-1.2092569284632,0.68750002199972,0
1126,-0.24531813395556,-0.0071957073033654,-1.2092569284632,0.81250002599977,0
1127,-0.14779321451053,-0.0254758781134,-1.2092569284632,0.93750002999995,0
3380,-0.077393364317163,-0.040204604673695,-1.2074426712766,1.0644052646571,0
4947,0.0090832793853618,-0.022235792972857,-1.2041797360591,7.0065826130317,0
4899,0.0015203688974092,-0.032495536623586,-1.204155086084,6.0112778606054,0
3381,-0.031234140065305,-0.050223632811717,-1.2038141569035,1.1932157299712,0
4997,0.011875345158321,-0.004699904178059,-1.2029474676474,8.2623903685699,0
5350,0.0050345167070488,0.0042746446733673,-1.2027915943541,9.8423556784645,0
3382,-0.0052204021314337,-0.055148292951822,-1.2001856425303,1.3220261952852,0
3383,0.0063437260816631,-0.055877993790643,-1.1965571281572,1.4508366605992,0
4852,-0.0042087274649962,-0.036543312762697,-1.1946918056602,5.1517416814415,0
3384,0.0094332603438511,-0.054116196769117,-1.192928613784,1.5796471259132,0
5349,0.0053420079851229,0.0047360605286611,-1.1900581471235,9.743123651934,0
3385,0.0090442468670627,-0.051615271827289,-1.1893000994109,1.7084575912271,0
4996,0.011970663847378,-0.0062551048298909,-1.1889894064199,8.1384684259331,0
4946,0.0081189313630503,-0.02366720749458,-1.1884103111141,6.8835113539432,0
4898,0.00056458376490491,-0.033196276569366,-1.1865909253657,5.8891400519267,0
3386,0.0075369184273719,-0.049156688983427,-1.1856715850377,1.8372680565409,0
3387,0.0057613994199869,-0.046952358236355,-1.1820430706646,1.9660785218547,0
3388,0.0040220965416498,-0.045043081368474,-1.1784145562915,2.0948889871684,0
5348,0.0056155759186399,0.005066567597549,-1.1773246998929,9.6438916254033,0
4851,-0.0047056468851723,-0.036646874756201,-1.1753510768501,5.0306197657433,0
4995,0.011936695639737,-0.0078664850355904,-1.1750313451925,8.0145464832961,0
3389,0.0024233753862545,-0.043418036371202,-1.1747860419183,2.2236994524823,0
4945,0.0071266161776832,-0.025022654259071,-1.1726408861691,6.7604400948545,0
3390,0.00099169006551315,-0.042049783760319,-1.1711575275452,2.3525099177962,0
4897,-0.00032837849330007,-0.033801481215351,-1.1690267646474,5.767002243248,0
3391,-0.00027617946806136,-0.040907459582469,-1.1675290131721,2.4813203831102,0
5047,0.0059053404330077,0.005257102797447,-1.1648921687396,9.531930830246,0
3392,-0.001393885140455,-0.039961012540957,-1.1639004987989,2.6101308484241,0
4994,0.011775736016051,-0.009516963835935,-1.161073283965,7.8906245406592,0
3393,-0.0023707466814249,-0.039181623152059,-1.1602719844258,2.7389413137381,0
4944,0.006120876548337,-0.026296060201358,-1.1568714612241,6.6373688357654,0
3394,-0.0032208648357525,-0.038546689457687,-1.1566434700526,2.8677517790525,0
4850,-0.0051154578972651,-0.03668593056734,-1.1560103480401,4.9094978500452,0
3395,-0.0039574821521234,-0.038038057234351,-1.1530149556795,2.9965622443672,0
5046,0.0062577242218243,0.0052154062730741,-1.1527605536639,9.4072412664623,0
4896,-0.0011524250321272,-0.034312264659949,-1.151462603929,5.6448644345693,0
3396,-0.004590785665958,-0.037638864547204,-1.1493864413063,3.125372709682,0
4993,0.011493044840979,-0.011189836060516,-1.1471152227375,7.7667025980223,0
3397,-0.0051284222718662,-0.037333402706503,-1.1457579269331,3.2541831749966,0
3398,-0.005576071405783,-0.037107105185989,-1.14212941256,3.3829936403111,0
4943,0.005115445857017,-0.027482357041895,-1.141102036279,6.5142975766765,0
5045,0.006659604157728,0.004945331409043,-1.1406289385881,9.2825517026784,0
3399,-0.0059379726887222,-0.036946385424909,-1.1385008981868,3.5118041056257,0
4849,-0.0054422057477474,-0.036661081507982,-1.13666961923,4.7883759343471,0
3400,-0.0062172836679655,-0.036838398914729,-1.1348723838137,3.6406145709403,0
4895,-0.0019026906670526,-0.034730612649645,-1.1338984432107,5.5227266258906,0
4992,0.011096411837558,-0.01286906136065,-1.13315716151,7.6427806553856,0
3401,-0.0064163242485493,-0.036770813853874,-1.1312438694405,3.769425036255,0
5044,0.0071076593974435,0.0044618859605053,-1.1284973235123,9.1578621388948,0
3402,-0.0065367550160231,-0.036731720124444,-1.1276153550673,3.8982355015696,0
4942,0.0041232312893878,-0.02857742446162,-1.125332611334,6.3912263175875,0
3403,-0.0065797179947331,-0.03670989579539,-1.1239868406942,4.0270459668843,0
3404,-0.0065459856948107,-0.036694869330707,-1.120358326321,4.1558564321988,0
4991,0.010595701229779,-0.014539479695813,-1.1191991002826,7.5188587127491,0
4848,-0.0056861982437897,-0.036554730747354,-1.11732889042,4.667254018649,0
3405,-0.0064361725676557,-0.036674088229624,-1.1167298119478,4.2846668975134,0
5043,0.0075875600603904,0.0037820695742155,-1.1163657084365,9.0331725751114,0
4894,-0.002575557852652,-0.035059375520974,-1.1163342824923,5.4005888172119,0
3406,-0.0062508016765859,-0.036627648563924,-1.1131012975747,4.413477362828,0
4941,0.0031563480077438,-0.029578376219346,-1.1095631863889,6.2681550584986,0
3407,-0.0059895608762714,-0.03654348794475,-1.1094727832015,4.5422878281427,0
4990,0.010002385896967,-0.016186963446347,-1.1052410390552,7.3949367701123,0
5042,0.0080787438536526,0.0029238183876906,-1.1042340933607,8.9084830113277,0
4893,-0.0031686598037668,-0.035302257255641,-1.098770121774,5.2784510085332,0
5347,0.0007692371190934,0.00012483617585406,-1.0943068697489,10.566573698002,0
322,-0.87591533965234,0.037258688660801,-1.0940896019429,0.31250001000043,0
1128,-0.51714581086892,0.027734460124677,-1.0940896019429,0.5625000179999,0
1129,-0.35748052024581,0.0089229176865662,-1.0940896019429,0.6875000219997,0
1130,-0.22555221837489,-0.013337316555648,-1.0940896019429,0.81250002599974,0
320,-1.1455384789467,0.0098753008113215,-1.0940896019429,0.062500002000117,0
321,-1.037744504019,0.026819991182238,-1.0940896019429,0.1875000060004,0
323,-0.69531595097641,0.037910378662582,-1.0940896019429,0.43750001400015,0
1131,-0.12890476263544,-0.033016284496991,-1.0940896019429,0.93750002999994,0
4940,0.0022243442683766,-0.030481515443407,-1.0937937614439,6.1450837994099,0
3408,-0.061848126467697,-0.047914786189292,-1.092448131155,1.0644052646571,0
5041,0.0085574917228013,0.0019051890114855,-1.0921024782849,8.7837934475438,0
4989,0.0093290963714799,-0.01779852060286,-1.0912829778277,7.2710148274753,0
3409,-0.020183557088675,-0.056968399480871,-1.0891651895793,1.1932157299712,0
3410,0.0014485011325327,-0.060266378882648,-1.0858822480036,1.3220261952852,0
5346,0.0021477674242596,0.00063790213189515,-1.0835237860731,10.467107760819,0
3411,0.0095841802639442,-0.059266819320248,-1.0825993064279,1.4508366605992,0
4892,-0.0036808708738739,-0.035463881461349,-1.0812059610556,5.1563131998545,0
5040,0.0089997909302241,0.00073992117768934,-1.0799708632091,8.6591038837599,0
3412,0.01102949300613,-0.056400062815646,-1.0793163648522,1.5796471259132,0
4939,0.0013357191697132,-0.031284971330597,-1.0780243364989,6.0220125403211,0
4988,0.0085891985920877,-0.01936236987431,-1.0773249166003,7.1470928848387,0
3413,0.010046424060944,-0.053232477961886,-1.0760334232765,1.7084575912271,0
3414,0.0083412505326612,-0.050299022303191,-1.0727504817008,1.8372680565409,0
5345,0.0032938473724966,0.0013436689069829,-1.0727407023974,10.367641823637,0
3415,0.00651452387542,-0.047720966694981,-1.0694675401251,1.9660785218546,0
5039,0.0093741705050252,-0.00054157530801377,-1.0678392481333,8.5344143199758,0
3416,0.0047819267153926,-0.045505046859362,-1.0661845985494,2.0948889871684,0
4891,-0.0041123087570059,-0.035550308939237,-1.0636418003372,5.0341753911757,0
4987,0.0077964107087028,-0.020867956320123,-1.0633668553729,7.0231709422027,0
3417,0.0032124074019005,-0.04362214603918,-1.0629016569737,2.2236994524823,0
4938,0.00049797001946088,-0.031987660224044,-1.0622549115539,5.8989412812324,0
5344,0.0041985653288338,0.0021664021417144,-1.0619576187216,10.268175886454,0
3418,0.0018173267067747,-0.042033820099334,-1.059618715398,2.3525099177963,0
3419,0.00058694232727091,-0.040702262063222,-1.0563357738223,2.4813203831102,0
5038,0.0096626284675373,-0.0019249396343476,-1.0557076330575,8.4097247561918,0
3420,-0.00049458551261009,-0.039593419393731,-1.0530528322466,2.6101308484241,0
5343,0.0048796826537806,0.0030421243964083,-1.0511745350459,10.168709949272,0
3421,-0.0014433342138634,-0.038676924975449,-1.0497698906709,2.7389413137381,0
4986,0.0069645411000149,-0.02230593171454,-1.0494087941455,6.899248999567,0
3422,-0.0022677726083138,-0.037922626869381,-1.0464869490952,2.8677517790525,0
4937,-0.00028241335632014,-0.032589512782755,-1.0464854866089,5.7758700221436,0
4890,-0.0044645059780792,-0.035568902235136,-1.0460776396189,4.9120375824968,0
5037,0.0098530795631741,-0.0033949227402217,-1.0435760179817,8.2850351924079,0
3423,-0.0029815749664706,-0.037310270499273,-1.0432040075195,2.9965622443673,0
5342,0.0053561124293605,0.0039099324325593,-1.0403914513701,10.06924401209,0
3424,-0.0035960379200359,-0.036821762836747,-1.0399210659438,3.125372709682,0
3425,-0.0041195995065748,-0.036440081700932,-1.0366381243681,3.2541831749966,0
4985,0.0061072084917655,-0.023668076725594,-1.0354507329182,6.775327056931,0
3426,-0.0045584554573709,-0.036149360258471,-1.0333551827923,3.3829936403111,0
5036,0.009939116006724,-0.0049360900252284,-1.0314444029059,8.1603456286241,0
4936,-0.0010000499185798,-0.033091552194139,-1.0307160616638,5.6527987630549,0
3427,-0.0049172654469996,-0.035934816905101,-1.0300722412166,3.5118041056257,0
5341,0.0056544369050608,0.0047162532729549,-1.0296083676944,9.9697780749077,0
4889,-0.0047411587862492,-0.035520047550299,-1.0285134789005,4.7898997738181,0
3428,-0.0051995810491605,-0.03578251265246,-1.0267892996409,3.6406145709403,0
3429,-0.0054081004710132,-0.035679101946206,-1.0235063580652,3.769425036255,0
4984,0.0052375704131964,-0.024947233623156,-1.0214926716908,6.6514051142948,0
3430,-0.0055448361216606,-0.035611728089316,-1.0202234164895,3.8982355015697,0
5035,0.0099183924893587,-0.0065325558533147,-1.0193127878301,8.03565606484,0
5340,0.0058074468307784,0.0054167065878531,-1.0188252840187,9.8703121377261,0
3431,-0.0056112359141309,-0.035568297775916,-1.0169404749137,4.0270459668843,0
4935,-0.0016507324799564,-0.033495901320459,-1.0149466367188,5.5297275039661,0
3432,-0.0056083067056783,-0.035537560172703,-1.013657533338,4.1558564321988,0
4888,-0.0049411579242658,-0.035384790052336,-1.0109493181822,4.6677619651394,0
3433,-0.0055368243974739,-0.035506128679061,-1.0103745917623,4.2846668975134,0
5339,0.0058527342122223,0.0059761825203739,-1.0080422003431,9.7708462005446,0
4983,0.00436815360678,-0.026137223396971,-1.0075346104634,6.5274831716586,0
5034,0.009791681374998,-0.008168178887332,-1.0071811727543,7.910966501056,0
3434,-0.0053974494990192,-0.035452728322377,-1.0070916501866,4.413477362828,0
3435,-0.0051898535350907,-0.035363864308762,-1.0038087086109,4.5422878281427,0
4934,-0.0022314446103138,-0.033805763960581,-0.99917721177377,5.4066562448773,0
5338,0.0058329024631437,0.0063689588566745,-0.99725911666742,9.6713802633628,0
5033,0.0095624049927135,-0.0098269287843158,-0.99504955767847,7.7862769372721,0
4982,0.0035108284813626,-0.027232792852183,-0.99357654923602,6.4035612290224,0
5087,0.0057861029831868,0.0065942105875069,-0.98672175620737,9.5589603668471,0
4933,-0.0027403519282056,-0.034025376487472,-0.98340778682874,5.2835849857885,0
5032,0.0092363510158609,-0.011493192418477,-0.98291794260267,7.6615873734884,0
4981,0.0026769207456797,-0.028229733069168,-0.97961848800864,6.2796392863863,0
324,-1.179092983428,0.0098447936678175,-0.97892227542254,0.062500002000117,0
325,-1.0664003399404,0.027126664281918,-0.97892227542254,0.1875000060004,0
326,-0.89428067265751,0.038466955513441,-0.97892227542254,0.31250001000043,0
327,-0.69985916532555,0.039308861529897,-0.97892227542254,0.43750001400015,0
1132,-0.50781273455113,0.027191698726437,-0.97892227542254,0.56250001799989,0
1133,-0.33790255792271,0.0046674217960439,-0.97892227542254,0.68750002199967,0
1134,-0.20303673693641,-0.020759304789052,-0.97892227542254,0.81250002599972,0
1135,-0.10838533786162,-0.041782372320394,-0.97892227542254,0.93750002999994,0
3436,-0.04601759109924,-0.056359212061799,-0.97745359103341,1.0644052646571,0
5086,0.0057778545423508,0.0065552957954874,-0.97643011896298,9.4335865109976,0
3437,-0.009888795757744,-0.063793122967788,-0.97451622225514,1.1932157299712,0
3438,0.0067911801500695,-0.06491080904553,-0.97157885347688,1.3220261952852,0
5031,0.0088213145365358,-0.013151981705104,-0.97078632752689,7.5368978097049,0
3439,0.011857900848725,-0.062204061213028,-0.96864148469862,1.4508366605992,0
4932,-0.0031767708527064,-0.034160052975625,-0.96763836188372,5.1605137266998,0
5085,0.0058549191352445,0.0062666593811634,-0.96613848171859,9.3082126551478,0
3440,0.012064684995983,-0.058347644062356,-0.96570411592036,1.5796471259132,0
4980,0.0018754809675829,-0.029124185535327,-0.96566042678127,6.1557173437503,0
3441,0.010671084088777,-0.054556646111328,-0.9627667471421,1.7084575912271,0
3442,0.008848775104633,-0.051156716821948,-0.95982937836384,1.8372680565409,0
5030,0.0083266907446301,-0.014789082483454,-0.95865471245112,7.4122082459209,0
3443,0.0070159776653821,-0.048204626214436,-0.95689200958558,1.9660785218546,0
5084,0.0060214432425789,0.0057577439775318,-0.95584684447422,9.1828387992983,0
3444,0.0053203331787461,-0.045678225799551,-0.95395464080733,2.0948889871684,0
4931,-0.003541126935548,-0.034216733895413,-0.95186893693867,5.0374424676109,0
4979,0.0011138297815117,-0.029913740146438,-0.9517023655539,6.0317954011143,0
3445,0.003803047400853,-0.04353217030971,-0.95101727202908,2.2236994524823,0
3446,0.0024637416256706,-0.04171823254921,-0.94807990325082,2.3525099177963,0
5029,0.0077630621851735,-0.016391168561459,-0.94652309737531,7.2875186821369,0
5083,0.006262340064736,0.0050550375439646,-0.94555520722986,9.0574649434491,0
3447,0.0012876134955351,-0.040192239053111,-0.94514253447257,2.4813203831102,0
3448,0.00025664729292513,-0.038915684305857,-0.94220516569431,2.6101308484241,0
3449,-0.00064614723124997,-0.03785552003427,-0.93926779691606,2.7389413137381,0
4978,0.00039838039733945,-0.030597262157912,-0.93774430432653,5.9078734584783,0
3450,-0.0014337098496555,-0.03698178030422,-0.93633042813779,2.8677517790525,0
4930,-0.0038350292770479,-0.034203697099481,-0.93609951199363,4.914371208522,0
5082,0.0065537049486948,0.0041812351959703,-0.93526356998548,8.9320910875995,0
5028,0.0071417839735251,-0.017945937986815,-0.93439148229953,7.1628291183533,0
3451,-0.0021142736627068,-0.036265561096945,-0.93339305935951,2.9965622443673,0
3452,-0.0026997207118638,-0.035688006385604,-0.93045569058123,3.125372709682,0
3453,-0.0031995127376662,-0.035230990756471,-0.92751832180295,3.2541831749966,0
5081,0.0068688821972674,0.0031559694080921,-0.92497193274108,8.8067172317497,0
3454,-0.003620471969751,-0.03487735422954,-0.92458095302468,3.3829936403111,0
4977,-0.0002653764065848,-0.031174888699138,-0.92378624309917,5.7839515158423,0
5027,0.0064746823171449,-0.019442162964716,-0.92225986722378,7.0381395545702,0
3455,-0.0039677088729767,-0.034611084470467,-0.9216435842464,3.5118041056257,0
4929,-0.0040618098569877,-0.034121229261263,-0.92033008704861,4.7912999494332,0
3456,-0.0042451644323937,-0.034417121211807,-0.91870621546812,3.6406145709403,0
3457,-0.0044559028476403,-0.034281097995581,-0.91576884668985,3.769425036255,0
5080,0.0071825670985168,0.0019959888277293,-0.91468029549668,8.6813433759,0
3458,-0.004602277176575,-0.034189227336065,-0.91283147791157,3.8982355015697,0
5026,0.0057738421057537,-0.020869672373876,-0.91012825214809,6.9134499907874,0
3459,-0.0046860354300781,-0.0341285828654,-0.90989410913329,4.0270459668843,0
4976,-0.00087297556126214,-0.031648034571296,-0.9098281818718,5.6600295732064,0
3460,-0.0047084154172404,-0.034087200677143,-0.90695674035502,4.1558564321988,0
4928,-0.0042190603108957,-0.033949361710659,-0.90456066210357,4.6682286903444,0
5079,0.0074686364613721,0.00071459288396572,-0.90438865825228,8.5559695200501,0
3461,-0.004670349119477,-0.034050955410197,-0.90401937157674,4.2846668975134,0
3462,-0.0045726815224389,-0.033997222928127,-0.90108200279846,4.413477362828,0
3463,-0.0044152979925074,-0.033910827673976,-0.89814463402019,4.5422878281427,0
5025,0.0050513149787618,-0.022219336002316,-0.89799663707241,6.7887604270044,0
5337,0.001153512387109,0.00016489140233796,-0.89616847242685,10.592461559816,0
4975,-0.0014210339000552,-0.032019377377062,-0.89587012064442,5.5361076305703,0
5078,0.007699368105168,-0.00066366943155285,-0.89409702100789,8.4305956642002,0
5336,0.003095571212784,0.00081410537877542,-0.88734001475247,10.492799954033,0
5024,0.0043188188071675,-0.02348303580949,-0.88586502199669,6.6640708632211,0
5077,0.0078561296136658,-0.0021205271570078,-0.88380538376349,8.3052218083504,0
4974,-0.0019072572467807,-0.032292805745322,-0.88191205941703,5.4121856879344,0
5335,0.0046048856761925,0.0016893575910281,-0.87851155707811,10.393138348251,0
5023,0.0035875774341381,-0.024653679752145,-0.87373340692094,6.5393812994378,0
5076,0.0079301370348951,-0.0036436605338025,-0.8735137465191,8.1798479525008,0
5334,0.0057054032219562,0.0026982252621193,-0.86968309940372,10.293476742468,0
4973,-0.0023304221376425,-0.032473325245043,-0.86795399818966,5.2882637452983,0
329,-1.0957606905275,0.02687377787231,-0.86375494890224,0.1875000060004,0
330,-0.91356760086956,0.039366518334152,-0.86375494890224,0.31250001000043,0
328,-1.2123073086042,0.0095857818066506,-0.86375494890224,0.062500002000117,0
331,-0.70382766567956,0.040949517994225,-0.86375494890224,0.43750001400015,0
1136,-0.49539353999984,0.026594661939992,-0.86375494890224,0.56250001799988,0
1137,-0.31398104729781,-0.00048954760258154,-0.86375494890224,0.68750002199965,0
1138,-0.17734716329151,-0.029500320852058,-0.86375494890224,0.8125000259997,0
1139,-0.086429184456973,-0.051662799501003,-0.86375494890224,0.93750002999993,0
5075,0.0079184142323769,-0.0052189158359418,-0.86322210927473,8.0544740966509,0
3464,-0.030400755638426,-0.065212861690591,-0.86245905091183,1.0644052646571,0
5022,0.0028682441210934,-0.025725205849127,-0.86160179184519,6.4146917356546,0
5333,0.0064417878254881,0.0037662704952619,-0.86085464172932,10.193815136686,0
3465,-0.00083802107158432,-0.070284875719126,-0.859867254931,1.1932157299712,0
3466,0.010683880721926,-0.068876673477352,-0.85727545895018,1.3220261952852,0
3467,0.013249960879044,-0.064605552083276,-0.85468366296936,1.4508366605992,0
4972,-0.0026903324146837,-0.032567084055362,-0.85399593696229,5.1643418026623,0
5074,0.0078208868344009,-0.0068311551185587,-0.85293047203034,7.929100240801,0
3468,0.012578961909019,-0.059877658702624,-0.85209186698853,1.5796471259132,0
5332,0.006849782512126,0.0048207273687715,-0.85202618405494,10.094153530903,0
3469,0.010916910286855,-0.055495737201679,-0.84950007100771,1.7084575912271,0
5021,0.0021709510752631,-0.026692554561064,-0.84947017676946,6.2900021718715,0
3470,0.0090451521754683,-0.051639527775082,-0.84690827502689,1.8372680565409,0
3471,0.0072469391362997,-0.048315683622986,-0.84431647904607,1.9660785218546,0
5331,0.0069731242350776,0.0057962105724731,-0.84319772638058,9.9944919251211,0
5073,0.0076396499668134,-0.0084649701859348,-0.84263883478593,7.8037263849512,0
3472,0.0056170931664341,-0.04547738716644,-0.84172468306526,2.0948889871684,0
4971,-0.0029877459482838,-0.032581958049438,-0.8400378757349,5.0404198600262,0
3473,0.004175016806675,-0.043065436604283,-0.83913288708444,2.2236994524823,0
5020,0.001503735653158,-0.027552292182139,-0.83733856169375,6.1653126080884,0
3474,0.0029112716745246,-0.041023115769624,-0.83654109110363,2.3525099177963,0
5330,0.0068633942695119,0.0066364783357446,-0.83436926870628,9.8948303193393,0
3475,0.0018073002557547,-0.039300526855031,-0.83394929512281,2.4813203831102,0
5072,0.00737887798291,-0.010105122672909,-0.83234719754154,7.6783525291017,0
3476,0.00084344909320477,-0.03785494271023,-0.83135749914199,2.6101308484241,0
3477,1.9269882675741e-06,-0.036649991505703,-0.82876570316117,2.7389413137381,0
3478,-0.00073204693678555,-0.035654792878625,-0.82617390718034,2.8677517790526,0
4970,-0.0032243349850289,-0.032527114360375,-0.82607981450751,4.9164979173901,0
5329,0.0065817402968499,0.0072946705819634,-0.825540811032,9.7951687135576,0
5019,0.0008724612941798,-0.028302160280094,-0.82520694661802,6.0406230443054,0
3479,-0.0013675121230208,-0.034837973535224,-0.82358211119951,2.9965622443673,0
5071,0.0070446212946651,-0.0117367536315,-0.82205556029717,7.5529786732523,0
3480,-0.0019129489337176,-0.034174313030313,-0.82099031521867,3.125372709682,0
3481,-0.002378409030669,-0.03364511870246,-0.81839851923783,3.2541831749966,0
5328,0.0061981056879503,0.0077370154365533,-0.81671235335766,9.6955071077757,0
3482,-0.0027715055430288,-0.033231921822995,-0.815806723257,3.3829936403111,0
3483,-0.003097865785708,-0.032917399609508,-0.81321492727616,3.5118041056257,0
5018,0.00028226444353922,-0.028941596855314,-0.8130753315423,5.9159334805223,0
4969,-0.0034030174906659,-0.032402805917054,-0.81212175328014,4.792575974754,0
5070,0.0066444701040014,-0.013345523274367,-0.8117639230528,7.4276048174025,0
3484,-0.003361801120175,-0.032685340629546,-0.81062313129533,3.6406145709404,0
5127,0.0057438468947338,0.0079630516399811,-0.80807828292475,9.5826890143335,0
3485,-0.0035667003474093,-0.032520380092117,-0.80803133531449,3.769425036255,0
3486,-0.0037152153950554,-0.032407865184634,-0.80543953933366,3.8982355015697,0
3487,-0.0038093628724097,-0.032334137166965,-0.80284774335282,4.0270459668843,0
5069,0.0061871607274938,-0.014917754567912,-0.80147228580841,7.3022309615527,0
5017,-0.00026251506243348,-0.029471488294204,-0.8009437164666,5.7912439167393,0
3488,-0.0038505908144349,-0.032286660159324,-0.80025594737198,4.1558564321988,0
5126,0.0053262722963127,0.0078715256760014,-0.7996385997333,9.4567144332311,0
4968,-0.0035201957050994,-0.032188441096865,-0.79816369205275,4.668654032118,0
3489,-0.003839971606797,-0.032250775679621,-0.79766415139115,4.2846668975134,0
3490,-0.0037786030651723,-0.03220270342538,-0.79507235541031,4.413477362828,0
3491,-0.0036669792630788,-0.032125425568794,-0.79248055942948,4.5422878281427,0
5125,0.005058981164186,0.0075111593282233,-0.79119891654185,9.3307398521285,0
5068,0.005682173050653,-0.016440596462996,-0.79118064856403,7.1768571057032,0
5016,-0.00075843751210236,-0.029894080079126,-0.78881210139088,5.6665543529563,0
5124,0.0049428126177916,0.0069366296615439,-0.78275923335041,9.2047652710262,0
5067,0.0051394852842515,-0.017902192202384,-0.78088901131968,7.0514832498543,0
5015,-0.001203004690798,-0.030212929944171,-0.77668048631514,5.5418647891732,0
5123,0.0049532467885508,0.0061859073357945,-0.77431955015899,9.0787906899242,0
5066,0.0045694452725268,-0.019291722258311,-0.77059737407538,6.9261093940056,0
5122,0.0050568498408205,0.0052847629941528,-0.76587986696754,8.9528161088218,0
5014,-0.001594659696627,-0.030432820014333,-0.76454887123941,5.4171752253902,0
5065,0.0039825030094695,-0.020599406228264,-0.7603057368311,6.8007355381568,0
5121,0.0052194684910432,0.004251682342057,-0.75744018377608,8.8268415277192,0
5013,-0.0019327688463627,-0.030559622941542,-0.75241725616369,5.2924856616071,0
5064,0.0033888193879929,-0.021816553670807,-0.75001409958677,6.6753616823076,0
5120,0.0054103832033766,0.0031010694002578,-0.74900050058461,8.7008669466166,0
334,-0.93425454791326,0.039955552886342,-0.74858762238198,0.31250001000043,0
1143,-0.063496539316234,-0.062215547990665,-0.74858762238198,0.93750002999992,0
333,-1.1256199947857,0.026032826029308,-0.74858762238198,0.1875000060004,0
1142,-0.14831229950522,-0.039415599055621,-0.74858762238198,0.81250002599967,0
332,-1.2445207355829,0.0091979214798589,-0.74858762238198,0.062500002000117,0
335,-0.70768031862003,0.043222172693607,-0.74858762238198,0.43750001400015,0
1140,-0.47927023935115,0.02627424134023,-0.74858762238198,0.56250001799987,0
1141,-0.28495910556785,-0.0065097041593299,-0.74858762238198,0.68750002199963,0
3492,-0.015725621832486,-0.073808561509033,-0.74746451079029,1.0644052646571,0
3493,0.0063174626048153,-0.075780838074233,-0.7452182876069,1.1932157299712,0
3494,0.013153927432507,-0.071929985451961,-0.74297206442352,1.3220261952852,0
3495,0.01386905492617,-0.066359576058586,-0.74072584124014,1.4508366605992,0
5119,0.005603037638938,0.0018450353254015,-0.74056081739315,8.5748923655139,0
5012,-0.0022175809496172,-0.030600317409654,-0.74028564108797,5.167796097824,0
5063,0.0027981217828164,-0.022935677891772,-0.73972246234243,6.5499878264585,0
3496,0.012597261605854,-0.060863939543847,-0.73847961805676,1.5796471259132,0
3497,0.010776235462639,-0.055921889681685,-0.73623339487338,1.7084575912271,0
3498,0.0089120975567107,-0.051621063005624,-0.73398717169,1.8372680565409,0
5118,0.005773384045609,0.00049265396040537,-0.7321211342017,8.4489177844111,0
3499,0.007185651419789,-0.047930028316315,-0.73174094850662,1.9660785218546,0
3500,0.0056498920139702,-0.044782083064555,-0.72949472532325,2.0948889871684,0
5062,0.002219577337057,-0.023950539674983,-0.72943082509808,6.4246139706094,0
5011,-0.0024501488016285,-0.030563618389216,-0.72815402601223,5.0431065340409,0
3501,0.00430677302279,-0.042106450372324,-0.72724850213987,2.2236994524823,0
3502,0.0031396999236799,-0.039838827680752,-0.7250022789565,2.3525099177963,0
5117,0.0058972899731597,-0.00093496902747219,-0.72368145101024,8.3229432033086,0
3503,0.0021272468669095,-0.037923786447673,-0.72275605577312,2.4813203831102,0
3504,0.0012485655868348,-0.036314241465942,-0.72050983258975,2.6101308484241,0
5061,0.0016616782583432,-0.024856064206835,-0.71913918785375,6.2992401147604,0
3505,0.00048524785645575,-0.034970136373575,-0.71826360940637,2.7389413137382,0
5010,-0.0026321642810985,-0.030459405354378,-0.7160224109365,4.9184169702577,0
3506,-0.00017818336159646,-0.033857287094416,-0.71601738622298,2.8677517790526,0
5116,0.0059593641069424,-0.002419505358461,-0.71524176781879,8.1969686222061,0
3507,-0.00075357297398914,-0.032946651182639,-0.71377116303959,2.9965622443673,0
3508,-0.0012470862103806,-0.03220419022992,-0.71152493985619,3.1253727096821,0
3509,-0.0016670644951766,-0.031609551287687,-0.7092787166728,3.2541831749966,0
5060,0.0011308158442267,-0.025650041366452,-0.70884755060943,6.1738662589115,0
3510,-0.0020218634273864,-0.031142930407566,-0.70703249348941,3.3829936403111,0
5115,0.0059549541264816,-0.0039506168093981,-0.70680208462735,8.0709940411034,0
3511,-0.0023176241108787,-0.030785638986678,-0.70478627030601,3.5118041056257,0
5009,-0.0027660971144137,-0.030287942463176,-0.70389079586077,4.7937274064746,0
3512,-0.0025589699053942,-0.030520311259093,-0.70254004712262,3.6406145709404,0
3513,-0.0027495286413146,-0.030330671116309,-0.70029382393923,3.769425036255,0
5059,0.00063125988261589,-0.02633109689038,-0.69855591336511,6.0484924030626,0
5114,0.0058838470840197,-0.00551449015137,-0.69836240143589,7.9450194600007,0
3514,-0.0028921636307543,-0.030201346181989,-0.69804760075584,3.8982355015697,0
5327,0.0016455922204993,0.0002018111295562,-0.69758002526425,10.614634370184,0
3515,-0.0029890867252767,-0.03011813043326,-0.69580137757244,4.0270459668843,0
3516,-0.0030419006508483,-0.030068147111623,-0.69355515438905,4.1558564321988,0
5008,-0.0028473181791604,-0.030028545289863,-0.69175918078504,4.6690378426915,0
3517,-0.0030517693327088,-0.030036546569708,-0.69130893120566,4.2846668975134,0
5326,0.0042871530485302,0.00097152894806111,-0.69070970782909,10.514815414854,0
5113,0.0057473837275849,-0.0070962021371342,-0.68992271824442,7.8190448788981,0
3518,-0.0030200987192013,-0.029998837061899,-0.68906270802227,4.413477362828,0
5058,0.00016680804983781,-0.026899792286859,-0.68826427612079,5.9231185472137,0
3519,-0.0029485546179541,-0.029936190851214,-0.68681648483887,4.5422878281427,0
5325,0.0062390664358285,0.0019948613997593,-0.68383939039394,10.414996459525,0
5112,0.0055485587171032,-0.0086807862093924,-0.68148303505296,7.6930702977958,0
5057,-0.00025937081202907,-0.027358148500787,-0.67797263887648,5.7977446913649,0
5324,0.0075823600038126,0.0031696649651886,-0.67696907295876,10.315177504195,0
5111,0.0052920191461249,-0.010253486185204,-0.67304335186153,7.5670957166935,0
5323,0.0083969423583403,0.0044168293837887,-0.67009875552359,10.215358548865,0
5056,-0.00064484081049881,-0.027709490216871,-0.66768100163216,5.672370835516,0
5110,0.0049838199771149,-0.011799869041486,-0.66460366867009,7.4411211355909,0
5322,0.0087343995525218,0.0056544215554359,-0.66322843808842,10.115539593536,0
5055,-0.0009879296078776,-0.027958384802672,-0.65738936438782,5.5469969796671,0
5321,0.0086536532857643,0.0068043793596036,-0.65635812065327,10.015720638207,0
5109,0.0046310623313362,-0.013305988806854,-0.65616398547864,7.3151465544883,0
5320,0.0082257610296852,0.0077967814185691,-0.64948780321817,9.9159016828778,0
5108,0.0042414489560337,-0.01475863259161,-0.64772430228719,7.1891719733859,0
5054,-0.0012877286115111,-0.028110534278747,-0.64709772714349,5.4216231238182,0
5319,0.0075305895058801,0.0085670784200361,-0.64261748578308,9.816082727549,0
5107,0.0038229905451476,-0.016145542739742,-0.63928461909577,7.0631973922842,0
5053,-0.0015440814836997,-0.028172615828903,-0.63680608989916,5.2962492679692,0
5318,0.0066677654391036,0.0090467076926759,-0.63574716834795,9.71626377222,0
336,-1.2754053350098,0.008874257059446,-0.63342029586168,0.062500002000117,0
337,-1.156078765552,0.024601115979759,-0.63342029586168,0.1875000060004,0
338,-0.95752236541886,0.040192356590398,-0.63342029586168,0.31250001000043,0
339,-0.71277191777928,0.046649132519333,-0.63342029586168,0.43750001400015,0
1144,-0.45876839634497,0.026649512410311,-0.63342029586168,0.56250001799987,0
1145,-0.24998485507966,-0.0132680941529,-0.63342029586168,0.6875000219996,0
1146,-0.11595878174637,-0.050065788295889,-0.63342029586168,0.81250002599965,0
1147,-0.040334327528912,-0.072650729955427,-0.63342029586168,0.93750002999991,0
3520,-0.0027881320055244,-0.081312716065836,-0.63246997066871,1.0644052646571,0
5106,0.0033841420025563,-0.017455536712312,-0.63084493590439,6.9372228111828,0
3521,0.011332235523149,-0.079835950262658,-0.63056932028277,1.1932157299712,0
5167,0.0056857830996922,0.0092133027947892,-0.62902335336838,9.6031085291334,0
3522,0.014416771798662,-0.073948196299674,-0.62866866989683,1.3220261952852,0
3523,0.013809178514208,-0.067319571752722,-0.6267680195109,1.4508366605992,0
5052,-0.0017575516197446,-0.028152281002078,-0.62651445265484,5.1708754121203,0
3524,0.012126374207485,-0.061122207385578,-0.62486736912496,1.5796471259132,0
3525,0.010230453063607,-0.055642713051128,-0.62296671873902,1.7084575912271,0
5166,0.0047988552245243,0.008968937097546,-0.62244604084439,9.4766169982893,0
5105,0.0029336742237962,-0.018678806980501,-0.62240525271302,6.8112482300811,0
3526,0.008424023927951,-0.050908649885201,-0.62106606835309,1.8372680565409,0
3527,0.0068059948508566,-0.046859917485525,-0.61916541796716,1.9660785218546,0
3528,0.0053945564945587,-0.043413456485769,-0.61726476758123,2.0948889871684,0
5051,-0.0019293723941211,-0.028058789410054,-0.61622281541051,5.0455015562713,0
5165,0.0041877740781934,0.0084527045765115,-0.6158687283204,9.3501254674449,0
3529,0.0041768961825936,-0.040487800552188,-0.6153641171953,2.2236994524823,0
5104,0.0024799718595159,-0.019806861816713,-0.61396556952163,6.6852736489791,0
3530,0.00313033429938,-0.038010726263641,-0.61346346680936,2.3525099177963,0
3531,0.0022310253513247,-0.035920438606436,-0.61156281642343,2.4813203831102,0
3532,0.0014571830928284,-0.034164524714026,-0.6096621660375,2.6101308484242,0
5164,0.0038173873993298,0.0077624965993846,-0.60929141579642,9.2236339366008,0
3533,0.00079004719164601,-0.032698463532277,-0.60776151565157,2.7389413137382,0
5050,-0.0020611697179344,-0.027902232891607,-0.60593117816617,4.9201277004223,0
3534,0.00021389078969744,-0.03148409394991,-0.60586086526562,2.8677517790526,0
5103,0.0020310044895304,-0.020832700335267,-0.60552588633021,6.5592990678772,0
3535,-0.00028402896243557,-0.030488639914028,-0.60396021487968,2.9965622443673,0
5163,0.0036332205582992,0.0069446879509465,-0.60271410327245,9.097142405757,0
3536,-0.00071221393533046,-0.029683610713088,-0.60205956449373,3.1253727096821,0
3537,-0.0010756573578658,-0.029036178197802,-0.60015891410778,3.2541831749967,0
3538,-0.0013819165463673,-0.028526614795619,-0.59825826372184,3.3829936403111,0
5102,0.0015941518510508,-0.021750858704238,-0.59708620313879,6.4333244867753,0
3539,-0.0016375304646943,-0.028135150838647,-0.59635761333589,3.5118041056257,0
5162,0.0035827156110494,0.0060200849241547,-0.59613679074847,8.9706508749129,0
5049,-0.0021550330751309,-0.027682990835184,-0.59563954092185,4.7947538445734,0
3540,-0.00184734396567,-0.027843410108762,-0.59445696294995,3.6406145709404,0
3541,-0.0020151016625213,-0.027634401192474,-0.592556312564,3.769425036255,0
3542,-0.0021437430465643,-0.027492283270746,-0.59065566217806,3.8982355015697,0
5161,0.0036200920206054,0.0049991519876543,-0.58955947822447,8.8441593440685,0
3543,-0.00223555089026,-0.027402584075103,-0.58875501179211,4.0270459668843,0
5101,0.0011758317504212,-0.022557455859924,-0.58864651994738,6.3073499056734,0
3544,-0.0022921763583588,-0.027352401708764,-0.58685436140616,4.1558564321988,0
5048,-0.0022056554420058,-0.027381307086428,-0.58534790367752,4.6693799887245,0
3545,-0.0023147626114076,-0.027327170130313,-0.58495371102022,4.2846668975133,0
3546,-0.0023049889422033,-0.027302461738888,-0.58305306063427,4.413477362828,0
5160,0.0037079518206022,0.0038883966947542,-0.58298216570047,8.7176678132241,0
3547,-0.0022663288688791,-0.027258049458514,-0.58115241024833,4.5422878281427,0
5100,0.00078029417632807,-0.023252117133548,-0.58020683675599,6.1813753245717,0
5159,0.0038171029245703,0.0026935647768984,-0.57640485317648,8.5911762823796,0
5099,0.00041035669557721,-0.023834826590102,-0.57176715356459,6.05540074347,0
5158,0.0039253989368485,0.001420735426887,-0.56982754065249,8.4646847515351,0
5098,6.8605587404598e-05,-0.024307507942048,-0.56332747037319,5.9294261623683,0
5157,0.0040139144082783,7.4080347715644e-05,-0.56325022812849,8.3381932206908,0
5156,0.0040638485906682,-0.0013243634526474,-0.5566729156045,8.2117016898465,0
5097,-0.00024284245983964,-0.024673394699338,-0.5548877871818,5.8034515812666,0
5155,0.004066115588726,-0.0027602796951009,-0.55009560308052,8.0852101590021,0
5096,-0.00052242880689218,-0.024936869547743,-0.54644810399041,5.6774770001649,0
5154,0.0040199175337137,-0.0042230509115627,-0.54351829055653,7.9587186281576,0
5095,-0.00076917404041785,-0.025103415005122,-0.538008420799,5.5515024190632,0
5153,0.0039261629042161,-0.0056984285802412,-0.53694097803253,7.8322270973132,0
5152,0.0037870843324976,-0.0071716354459211,-0.53036366550854,7.7057355664691,0
5094,-0.00098268276370441,-0.025179504205732,-0.52956873760759,5.4255278379615,0
5151,0.0036062169910248,-0.008628103404208,-0.52378635298456,7.5792440356251,0
5093,-0.0011631400708223,-0.025172440779917,-0.52112905441619,5.2995532568597,0
340,-1.3046438116266,0.0086047656268722,-0.51825296934135,0.062500002000117,0
341,-1.1871216395931,0.022320153225684,-0.51825296934135,0.1875000060004,0
342,-0.98478819107585,0.039987457821001,-0.51825296934135,0.31250001000043,0
343,-0.72109353205062,0.052477739339765,-0.51825296934135,0.43750001400015,0
1148,-0.43222172692975,0.029169142961892,-0.51825296934135,0.56250001799986,0
1149,-0.20731926099296,-0.019678688734667,-0.51825296934135,0.68750002199958,0
1150,-0.079652879532076,-0.060236969139881,-0.51825296934135,0.81250002599963,0
1151,-0.017336538230766,-0.081727563653836,-0.51825296934135,0.93750002999991,0
3548,0.007907354041585,-0.086842125268163,-0.5174754305471,1.0644052646571,0
5150,0.0033882447223204,-0.010053583239209,-0.51720904046058,7.4527525047807,0
3549,0.014509244964932,-0.082255772893997,-0.51592035295861,1.1932157299712,0
3550,0.014675723822006,-0.074776579334787,-0.51436527537011,1.3220261952852,0
3551,0.013080726472062,-0.067212499521668,-0.51281019778162,1.4508366605992,0
5092,-0.0013112969872625,-0.02509035584483,-0.5126893712248,5.173578675758,0
3552,0.0111192792416,-0.060335555893981,-0.51125512019313,1.5796471259132,0
5149,0.0031387139555174,-0.011434316835641,-0.51063172793659,7.3262609739363,0
3553,0.0092247233981272,-0.054331353002549,-0.50970004260464,1.7084575912271,0
3554,0.0075320266532207,-0.049183060318744,-0.50814496501614,1.8372680565408,0
3555,0.0060683917102505,-0.044804279292479,-0.50658988742766,1.9660785218546,0
3556,0.0048207240881917,-0.041094310376902,-0.50503480983917,2.0948889871684,0
5091,-0.0014286024590307,-0.024942769337443,-0.50424968803339,5.0476040946562,0
5148,0.0028634969736978,-0.012757404974723,-0.50405441541261,7.1997694430922,0
3557,0.0037628593013911,-0.037958529469493,-0.50347973225068,2.2236994524823,0
3558,0.0028667193828584,-0.035314200827655,-0.50192465466219,2.3525099177963,0
3559,0.0021065501281378,-0.033090862752172,-0.5003695770737,2.4813203831102,0
3560,0.0014600477473997,-0.031229119481107,-0.49881449948521,2.6101308484242,0
5317,0.00222581946113,0.00022468053040924,-0.49861117870364,10.633084352589,0
5147,0.0025686066163836,-0.014011018221253,-0.49747710288865,7.0732779122487,0
3561,0.00090850127486838,-0.029678772239243,-0.49725942189672,2.7389413137382,0
5090,-0.0015167375899588,-0.024739919968588,-0.49581000484198,4.9216295135543,0
3562,0.00043654226296868,-0.028397010966878,-0.49570434430823,2.8677517790526,0
3563,3.1625186065655e-05,-0.027347351601846,-0.49414926671972,2.9965622443674,0
5316,0.005673235002137,0.0010609683235069,-0.49370176614332,10.53314642916,0
3564,-0.00031595616086718,-0.026499243106206,-0.49259418913122,3.1253727096821,0
3565,-0.00061155939939985,-0.025820952999171,-0.49103911154272,3.2541831749967,0
5146,0.0022606891759318,-0.015184358786433,-0.49089979036471,6.9467863814055,0
3566,-0.00085977257019413,-0.025286283411328,-0.48948403395422,3.3829936403111,0
5315,0.0081349072103298,0.0021654668208015,-0.48879235358302,10.433208505731,0
3567,-0.0010665797276398,-0.024875011621149,-0.48792895636572,3.5118041056257,0
5089,-0.0015772240869983,-0.024482423548817,-0.48737032165058,4.7956549324526,0
3568,-0.0012367895082763,-0.024568035924306,-0.48637387877722,3.6406145709404,0
3569,-0.0013740720980311,-0.024347948872117,-0.48481880118872,3.769425036255,0
5145,0.001946318081166,-0.016268344082606,-0.48432247784079,6.820294850562,0
5314,0.0097734840463127,0.0034397394995972,-0.48388294102269,10.333270582302,0
3570,-0.0014812498211835,-0.024198809044462,-0.48326372360022,3.8982355015697,0
3571,-0.0015604964720371,-0.024106258380981,-0.48170864601172,4.0270459668843,0
3572,-0.0016133517944633,-0.024057732385298,-0.48015356842322,4.1558564321988,0
5313,0.010708015358637,0.0048096354425795,-0.47897352846236,10.233332658873,0
5088,-0.0016040463010236,-0.024152141362728,-0.47893063845917,4.6696803513509,0
3573,-0.001640753108972,-0.024039462815234,-0.47859849083472,4.2846668975133,0
5144,0.0016315806673865,-0.017255832145832,-0.47774516531684,6.6938033197182,0
3574,-0.0016444451261812,-0.024028137209059,-0.47704341324622,4.413477362828,0
3575,-0.0016302761691834,-0.024002970105935,-0.47548833565772,4.5422878281427,0
5312,0.011000171808325,0.0061903494330446,-0.47406411590204,10.133394735445,0
5143,0.001322348244778,-0.018141321326292,-0.47116785279288,6.5673117888746,0
5311,0.010716135740289,0.0075000402257473,-0.46915470334173,10.033456812016,0
5142,0.0010239429751378,-0.018921077435897,-0.46459054026891,6.4408202580309,0
5310,0.0099320556250742,0.0086634339128787,-0.46424529078145,9.9335188885883,0
5309,0.0087106287030533,0.0095684243805845,-0.45933587822119,9.8335809651603,0
5141,0.00074049660796243,-0.019593632966122,-0.45801322774496,6.3143287271873,0
5308,0.0071753593262315,0.01006192437074,-0.45442646566089,9.7336430417321,0
5140,0.00047413538874312,-0.020160213409004,-0.45143591522102,6.1878371963438,0
5207,0.0054281580242179,0.010049611647706,-0.44961871514447,9.6202118172776,0
5206,0.0040142936468915,0.0094635517907767,-0.44491262667193,9.4932872917969,0
5139,0.00022662970769386,-0.020622177039307,-0.44485860269707,6.0613456655004,0
5205,0.0031243209879075,0.0086724533972606,-0.44020653819939,9.366362766316,0
5138,-4.0076544788794e-07,-0.020982629518704,-0.43828129017312,5.9348541346569,0
5204,0.0025933657000265,0.0078294172575376,-0.43550044972686,9.2394382408353,0
5137,-0.0002056998350658,-0.021245751498755,-0.43170397764918,5.8083626038134,0
5203,0.0022997107366024,0.0069598770196149,-0.43079436125433,9.1125137153549,0
5202,0.0021623894638471,0.0060563448055181,-0.4260882727818,8.9855891898743,0
5136,-0.00038840774263918,-0.021416675543274,-0.42512666512524,5.68187107297,0
5201,0.0021238183532644,0.0051088388508049,-0.42138218430925,8.8586646643933,0
5135,-0.00054806892707235,-0.021501445248623,-0.41854935260128,5.5553795421265,0
5200,0.0021427894400646,0.0041094189583279,-0.4166760958367,8.7317401389124,0
5134,-0.00068464229762393,-0.021506902782046,-0.41197204007733,5.428888011283,0
5199,0.0021904400595244,0.0030533407109097,-0.41197000736416,8.6048156134313,0
5198,0.0022469721300165,0.0019398234521936,-0.40726391889162,8.4778910879503,0
5133,-0.00079850657334303,-0.021440534399986,-0.40539472755338,5.3023964804395,0
344,-1.3307787780206,0.0076502720532219,-0.40308564282104,0.062500002000117,0
345,-1.2164751593867,0.018266497029424,-0.40308564282104,0.1875000060004,0
346,-1.0130167784454,0.037626400759929,-0.40308564282104,0.31250001000043,0
347,-0.72989384926604,0.055777200642731,-0.40308564282104,0.43750001400014,0
1152,-0.39647555633131,0.026385083752287,-0.40308564282104,0.56250001799985,0
1153,-0.15906711369626,-0.031633221521721,-0.40308564282104,0.68750002199955,0
1154,-0.042737481916565,-0.073471515590475,-0.40308564282104,0.8125000259996,0
1155,0.0033771421541778,-0.091169738195786,-0.40308564282104,0.9375000299999,0
5197,0.0022989495303725,0.00077094134228379,-0.40255783041908,8.3509665624694,0
3576,0.015384062592198,-0.090915878859065,-0.40248089042552,1.0644052646571,0
3577,0.015882717118662,-0.083102481723961,-0.40127138563447,1.1932157299712,0
3578,0.013863554998064,-0.074016200042091,-0.40006188084342,1.3220261952852,0
3579,0.011562920832175,-0.065454452845305,-0.39885237605238,1.4508366605992,0
5132,-0.00089044527850448,-0.021310464869001,-0.39881741502944,5.175904949596,0
5196,0.0023341717827247,-0.00045170988150865,-0.39785174194654,8.2240420369885,0
3580,0.0094722774065589,-0.057895203713105,-0.39764287126133,1.5796471259132,0
3581,0.007683089353453,-0.051412407757703,-0.39643336647028,1.708457591227,0
3582,0.0061851474707532,-0.045925793822228,-0.39522386167923,1.8372680565408,0
3583,0.0049416654207386,-0.041309101853365,-0.39401435688819,1.9660785218545,0
5195,0.0023419289565482,-0.0017017501346398,-0.393145653474,8.0971175115075,0
3584,0.003911808062053,-0.037434620681422,-0.39280485209715,2.0948889871683,0
5131,-0.00096162903868298,-0.021125908806598,-0.39224010250548,5.0494134187524,0
3585,0.0030581142175305,-0.034188116944288,-0.3915953473061,2.2236994524823,0
3586,0.0023485772789574,-0.031472026470005,-0.39038584251506,2.3525099177963,0
3587,0.0017567216909647,-0.029204531857244,-0.38917633772401,2.4813203831102,0
5194,0.0023187439982473,-0.0029722145899388,-0.38843956500146,7.9701929860265,0
3588,0.001260945717371,-0.027317503348503,-0.38796683293297,2.6101308484242,0
3589,0.00084373817565111,-0.025754057034924,-0.38675732814192,2.7389413137382,0
5130,-0.0010136018730208,-0.020896665429239,-0.38566278998152,4.9229218879088,0
3590,0.00049105445742109,-0.024466609462272,-0.38554782335087,2.8677517790527,0
3591,0.00019157485603357,-0.023415165974281,-0.38433831855982,2.9965622443674,0
5193,0.0022651409686382,-0.0042500929082773,-0.38373347652891,7.8432684605455,0
3592,-6.3894561307979e-05,-0.022566182498562,-0.38312881376876,3.1253727096821,0
3593,-0.00028144461187063,-0.021891860857388,-0.38191930897771,3.2541831749967,0
3594,-0.00046411467018694,-0.021361243058599,-0.38070980418665,3.3829936403112,0
3595,-0.00061570077530474,-0.020953358956466,-0.3795002993956,3.5118041056257,0
5129,-0.0010480281201881,-0.020623372769563,-0.37908547745758,4.7964303570652,0
5192,0.0021828246613316,-0.0055211338473814,-0.37902738805637,7.7163439350649,0
3596,-0.00074043142657587,-0.020648983658134,-0.37829079460455,3.6406145709404,0
3597,-0.00084156492983075,-0.02043089155468,-0.37708128981349,3.769425036255,0
3598,-0.0009215525968724,-0.020283623479364,-0.37587178502244,3.8982355015697,0
3599,-0.00098224919525478,-0.020193480999565,-0.37466228023139,4.0270459668843,0
5191,0.0020743260030032,-0.0067714089747657,-0.37432129958384,7.5894194095843,0
3600,-0.0010249124005078,-0.020148670013232,-0.37345277544033,4.1558564321988,0
5128,-0.0010589583276942,-0.020290628322277,-0.37250816493362,4.6699388262217,0
3601,-0.0010500602840142,-0.020136704809161,-0.37224327064928,4.2846668975133,0
3602,-0.0010589911798114,-0.020136621109803,-0.37103376585823,4.413477362828,0
3603,-0.0010593880949489,-0.020128510629716,-0.36982426106717,4.5422878281427,0
5190,0.0019429114889143,-0.0079875721155363,-0.36961521111131,7.4624948841034,0
5189,0.0017924973164472,-0.0091570311562114,-0.36490912263877,7.3355703586223,0
5188,0.001627211972797,-0.010268445481214,-0.36020303416623,7.2086458331417,0
5187,0.0014509513654927,-0.011311550354922,-0.35549694569372,7.0817213076617,0
5186,0.0012679919238089,-0.012277718292624,-0.35079085722122,6.9547967821819,0
5185,0.0010822964837375,-0.013159829250395,-0.34608476874872,6.8278722567018,0
5184,0.00089768685731037,-0.013952651599235,-0.34137868027621,6.7009477312215,0
5183,0.00071776811400192,-0.014652697425034,-0.33667259180369,6.5740232057412,0
5182,0.00054563811297404,-0.015258215934196,-0.33196650333117,6.447098680261,0
5181,0.00038345157956369,-0.015770851667348,-0.32726041485866,6.3201741547809,0
5180,0.00023191522246813,-0.016191917580817,-0.32255432638615,6.1932496293008,0
5179,9.2111464245433e-05,-0.016523793830835,-0.31784823791364,6.0663251038208,0
5178,-3.509594286828e-05,-0.016770192962031,-0.31314214944113,5.9394005783408,0
5177,-0.00014910923054461,-0.016935614957039,-0.30843606096863,5.8124760528607,0
5176,-0.00024956601754472,-0.017025280476554,-0.30372997249612,5.6855515273807,0
5307,0.0028316147268334,0.00021993940840895,-0.29933171637684,10.647805036238,0
5175,-0.00033634070554805,-0.017045086665157,-0.29902388402361,5.5586270019007,0
5306,0.0071192721957503,0.0010234455725768,-0.29638522267923,10.547786573914,0
5174,-0.00040956081526667,-0.017001489374085,-0.29431779555109,5.4317024764207,0
5305,0.010129439772981,0.0020887146875123,-0.29343872898163,10.44776811159,0
5304,0.012118542592156,0.003335333129309,-0.29049223528401,10.347749649265,0
5173,-0.00046962008238889,-0.016901348010396,-0.28961170707858,5.3047779509405,0
348,-1.3513431332604,0.0054494684323546,-0.28791831630079,0.062500002000117,0
349,-1.2396972253911,0.012450328229467,-0.28791831630079,0.1875000060004,0
350,-1.0379508282912,0.031497517323484,-0.28791831630079,0.31250001000043,0
351,-0.73869514370451,0.052786122616358,-0.28791831630079,0.43750001400014,0
1156,-0.3459132124802,0.0087768215447852,-0.28791831630079,0.56250001799984,0
1157,-0.10636497459798,-0.058740422390514,-0.28791831630079,0.68750002199953,0
1159,0.017782731687185,-0.10345927508903,-0.28791831630079,0.93750002999989,0
1158,-0.0082458080812464,-0.097163222167872,-0.28791831630079,0.81250002599958,0
5303,0.013241900455771,0.0047027071362776,-0.2875457415864,10.247731186941,0
3604,0.01845507276617,-0.0938447983414,-0.28748635030398,1.0644052646571,0
3605,0.014936915198489,-0.081643293199932,-0.28662241831037,1.1932157299712,0
3606,0.011645419301717,-0.070447452972079,-0.28575848631677,1.3220261952852,0
5172,-0.00051716379962017,-0.016751892272943,-0.28490561860607,5.1778534254605,0
3607,0.0090783318071894,-0.060787630538181,-0.28489455432316,1.4508366605992,0
5302,0.013562913451363,0.0061127697960343,-0.28459924788879,10.147712724617,0
3608,0.0071145857584089,-0.052663400938806,-0.28403062232956,1.5796471259132,0
3609,0.0055976505921688,-0.045912225161917,-0.28316669033595,1.708457591227,0
3610,0.0044105875448549,-0.040328438254768,-0.28230275834234,1.8372680565408,0
5301,0.013145854901141,0.0075041414519096,-0.28165275419119,10.047694262293,0
3611,0.0034711911365217,-0.035715608718827,-0.28143882634874,1.9660785218545,0
3612,0.0027208945512461,-0.03190427539988,-0.28057489435514,2.0948889871683,0
5171,-0.00055303682187083,-0.016561040437326,-0.28019953013356,5.0509288999804,0
3613,0.0021169129348708,-0.028753909123577,-0.27971096236153,2.2236994524823,0
3614,0.0016272785692131,-0.026149710587448,-0.27884703036793,2.3525099177963,0
5300,0.01202587361154,0.0087944330583989,-0.27870626049361,9.9476757999696,0
3615,0.0012276925651338,-0.023998366351614,-0.27798309837432,2.4813203831102,0
3616,0.00089942841518057,-0.02222406786776,-0.27711916638072,2.6101308484242,0
3617,0.00062795410092279,-0.020765096717264,-0.27625523438712,2.7389413137383,0
5299,0.010212424768185,0.0098128207234982,-0.27575976679603,9.8476573376462,0
5170,-0.00057830844179737,-0.01633663131349,-0.27549344166104,4.9240043745002,0
3618,0.00040200461022532,-0.019571007610258,-0.27539130239351,2.8677517790527,0
3619,0.00021275079233329,-0.018600320281449,-0.2745273703999,2.9965622443674,0
3620,5.3110999610428e-05,-0.017818835627885,-0.27366343840629,3.1253727096821,0
5298,0.007766035484088,0.010261043723656,-0.27281327309843,9.7476388753225,0
3621,-8.2384118875215e-05,-0.01719859326877,-0.27279950641267,3.2541831749967,0
3622,-0.00019653953279356,-0.016714994517459,-0.27193557441906,3.3829936403112,0
3623,-0.00029102363501788,-0.016343760800734,-0.27107164242545,3.5118041056258,0
5169,-0.00059450728472412,-0.016078803564961,-0.27078735318853,4.7970798490201,0
3624,-0.00036853254200419,-0.016067176400957,-0.27020771043184,3.6406145709404,0
5247,0.0047131898945693,0.0098020187323864,-0.2699262375751,9.6339929368685,0
3625,-0.00043150734955611,-0.015869347779907,-0.26934377843823,3.7694250362551,0
3626,-0.00048177961990305,-0.015736263403229,-0.26847984644462,3.8982355015697,0
3627,-0.00052071090577644,-0.015655726547989,-0.26761591445101,4.0270459668843,0
5246,0.0027748651750259,0.0085696987301122,-0.26709866022605,9.5067195222843,0
3628,-0.00054917845496694,-0.015617367736858,-0.2667519824574,4.1558564321988,0
5168,-0.00059669629577939,-0.015776094302215,-0.26608126471602,4.67015532354,0
3629,-0.00056718817009318,-0.015610452347524,-0.26588805046379,4.2846668975133,0
3630,-0.00057503557944857,-0.015617235577535,-0.26502411847018,4.413477362828,0
5245,0.0018145657884141,0.0074380505754802,-0.26427108287699,9.3794461076998,0
3631,-0.00058086766520223,-0.015620292131381,-0.26416018647657,4.5422878281427,0
5244,0.0013146289651124,0.0065199485798468,-0.26144350552794,9.2521726931155,0
5243,0.0010496111476335,0.0057209723711081,-0.2586159281789,9.1248992785316,0
5242,0.00091901731915763,0.0049684736488563,-0.25578835082985,8.9976258639474,0
5241,0.00086627441567791,0.0042244578522055,-0.25296077348079,8.8703524493628,0
5240,0.00085659511079817,0.0034661495116687,-0.25013319613173,8.7430790347784,0
5239,0.00086862393422952,0.0026791236142156,-0.24730561878267,8.6158056201937,0
5238,0.00088923362861997,0.0018561594910215,-0.24447804143361,8.4885322056091,0
5237,0.00091059356136953,0.00099553869237924,-0.24165046408456,8.3612587910246,0
5236,0.00092830084723514,9.7842780319738e-05,-0.2388228867355,8.2339853764402,0
5235,0.00093669473340279,-0.00082722644295696,-0.23599530938645,8.1067119618556,0
5234,0.00093111560010586,-0.0017665442999254,-0.23316773203739,7.979438547271,0
5233,0.0009112471537122,-0.002710404897255,-0.23034015468833,7.8521651326865,0
5232,0.00087808097372618,-0.0036467517753367,-0.22751257733928,7.7248917181023,0
5231,0.00083299016420553,-0.0045637809312541,-0.22468499999023,7.5976183035181,0
5230,0.0007776530455562,-0.0054504965881674,-0.22185742264118,7.4703448889336,0
5229,0.00071424268096066,-0.0062968255293832,-0.21902984529212,7.343071474349,0
5228,0.00064440296539257,-0.0070942515841842,-0.21620226794307,7.2157980597648,0
5227,0.00056975009217487,-0.0078353900223534,-0.21337469059403,7.0885246451812,0
5226,0.00049258254815954,-0.0085139966241039,-0.210547113245,6.9612512305979,0
5225,0.00041480998927926,-0.0091254967172989,-0.20771953589597,6.8339778160143,0
5224,0.00033815047881962,-0.0096668739655322,-0.20489195854693,6.7067044014303,0
5223,0.00026414355249326,-0.010136530914379,-0.20206438119789,6.5794309868465,0
5222,0.00019387705126439,-0.010534300667585,-0.19923680384884,6.4521575722628,0
5221,0.00012820131596476,-0.010863420856555,-0.19640922649981,6.324884157679,0
5220,6.7433997573512e-05,-0.011124505149495,-0.19358164915077,6.1976107430954,0
5219,1.2056986553566e-05,-0.011320258586399,-0.19075407180173,6.0703373285118,0
5218,-3.7651589634949e-05,-0.011454209401161,-0.1879264944527,5.9430639139282,0
5217,-8.1539124718005e-05,-0.011530360697666,-0.18509891710366,5.8157904993446,0
5216,-0.00011954157401035,-0.011553180687404,-0.18227133975463,5.688517084761,0
5215,-0.00015169202538893,-0.011527564259373,-0.17944376240559,5.5612436701774,0
5214,-0.00017813750900917,-0.011458725913911,-0.17661618505655,5.4339702555938,0
5213,-0.00019914951830823,-0.011352060904155,-0.17378860770751,5.3066968410101,0
354,-1.0603488196167,0.024826152519201,-0.17275098978048,0.31250001000043,0
1162,0.017551488174443,-0.12783158024523,-0.17275098978048,0.81250002599956,0
1163,0.021177277572712,-0.11084170849614,-0.17275098978048,0.93750002999989,0
353,-1.2556732765672,0.0074534466194181,-0.17275098978048,0.1875000060004,0
355,-0.75401507469081,0.043330004435298,-0.17275098978048,0.43750001400014,0
1160,-0.27456706119316,-0.022949049733392,-0.17275098978048,0.56250001799983,0
1161,-0.045839249234501,-0.10365372468289,-0.17275098978048,0.6875000219995,0
352,-1.3652753191205,0.0030149833819635,-0.17275098978048,0.062500002000116,0
3632,0.015846723538119,-0.090187365052281,-0.1724918101824,1.0644052646571,0
3633,0.011035483472451,-0.073402015916103,-0.17197345098623,1.1932157299712,0
3634,0.007763096658774,-0.060429028887813,-0.17145509179007,1.3220261952852,0
5212,-0.00021509838759888,-0.011213107115722,-0.17096103035847,5.1794234264266,0
3635,0.0056022210764401,-0.050294076290798,-0.1709367325939,1.4508366605992,0
3636,0.0041392591714007,-0.04229978134481,-0.17041837339773,1.5796471259132,0
3637,0.0031128239325912,-0.035951161972279,-0.16990001420157,1.708457591227,0
3638,0.0023688106523631,-0.030878485838988,-0.1693816550054,1.8372680565408,0
3639,0.0018151864271409,-0.026802809361187,-0.16886329580924,1.9660785218545,0
3640,0.0013948022844582,-0.023512885733334,-0.16834493661307,2.0948889871683,0
5211,-0.00022637294704289,-0.01104777292994,-0.16813345300943,5.0521500118428,0
3641,0.0010705115745153,-0.020847334504816,-0.16782657741691,2.2236994524823,0
3642,0.00081711430054793,-0.018681679850375,-0.16730821822074,2.3525099177963,0
3643,0.00061690189539046,-0.016919123811493,-0.16678985902458,2.4813203831103,0
3644,0.00045707969797335,-0.015483876017916,-0.16627149982841,2.6101308484242,0
3645,0.00032824099345736,-0.014316226124456,-0.16575314063224,2.7389413137383,0
5210,-0.00023353366814695,-0.010861625727601,-0.16530587566039,4.9248765972591,0
3646,0.00022342364593955,-0.013368818912427,-0.16523478143608,2.8677517790527,0
3647,0.00013740458260584,-0.012603808524661,-0.16471642223991,2.9965622443674,0
3648,6.6130144756484e-05,-0.011990764739542,-0.16419806304374,3.1253727096822,0
3649,6.3454612987731e-06,-0.011505271898417,-0.16367970384757,3.2541831749967,0
3650,-4.4100951847139e-05,-0.011128036728043,-0.1631613446514,3.3829936403112,0
3651,-8.6004877753725e-05,-0.010840073930097,-0.16264298545523,3.5118041056258,0
5209,-0.00023811860668006,-0.010654146511211,-0.16247829831135,4.7976031826754,0
3652,-0.00012017778551099,-0.010626019349685,-0.16212462625906,3.6406145709404,0
3653,-0.00014789907577578,-0.010473149234459,-0.16160626706289,3.7694250362551,0
3654,-0.00017018815475791,-0.010370504418951,-0.16108790786672,3.8982355015697,0
3655,-0.00018780633645473,-0.010308770993988,-0.16056954867055,4.0270459668843,0
3656,-0.00020125391172422,-0.01028020452194,-0.16005118947439,4.1558564321988,0
5208,-0.00023776822366122,-0.010417197152927,-0.15965072096231,4.6703297680918,0
3657,-0.0002101875393466,-0.010276791810919,-0.15953283027822,4.2846668975133,0
3658,-0.0002136460184958,-0.010284889703047,-0.15901447108205,4.413477362828,0
3659,-0.00021741260621574,-0.010290986649838,-0.15849611188588,4.5422878281427,0
5297,0.0033387219744926,0.00016377808288089,-0.099811530890384,10.658791258305,0
5296,0.0083894343492658,0.00080263289655354,-0.098829218560557,10.558730719395,0
5295,0.011931493071559,0.0016694642231698,-0.097846906230731,10.458670180485,0
5294,0.014298487145652,0.0027024357793246,-0.096864593900902,10.358609641576,0
5293,0.015673859333648,0.003849811504311,-0.095882281571072,10.258549102666,0
5292,0.016123572873372,0.0050459658606572,-0.094899969241244,10.158488563757,0
5291,0.01569616525633,0.0062308379577966,-0.093917656911419,10.058428024848,0
5290,0.014377570752582,0.007341975739996,-0.092935344581601,9.9583674859388,0
5289,0.012071824536703,0.0082499169142262,-0.091953032251783,9.8583069470301,0
5288,0.0085792657737483,0.008487833733464,-0.09097071992196,9.758246408121,0
5287,0.0029308301493506,0.0067693346373513,-0.090007889761282,9.6444471001931,0
5286,0.00089801624362369,0.0048414598132044,-0.089064541769751,9.5169090232462,0
5285,0.00037655993853895,0.0037173545920873,-0.088121193778219,9.389370946299,0
5284,0.00020115260276436,0.0030968037249468,-0.087177845786689,9.2618328693522,0
5283,0.00011735705282279,0.0026649400499771,-0.086234497795161,9.1342947924056,0
5282,7.6168673761118e-05,0.0023010630573197,-0.08529114980363,9.0067567154587,0
5281,5.8357439810204e-05,0.001965511738678,-0.084347801812097,8.8792186385115,0
5280,5.2008787177942e-05,0.0016373811062185,-0.083404453820565,8.7516805615644,0
5279,5.0749368417334e-05,0.0013032048977705,-0.082461105829032,8.6241424846171,0
5278,5.1495421022987e-05,0.0009559677217356,-0.081517757837501,8.4966044076698,0
5277,5.2981016703337e-05,0.00059326572871478,-0.080574409845968,8.3690663307227,0
5276,5.5414127587947e-05,0.00021500758234043,-0.079631061854437,8.2415282537757,0
5275,5.8282501075436e-05,-0.00017737843272121,-0.078687713862907,8.1139901768284,0
5274,5.9832018437036e-05,-0.00057823089849203,-0.077744365871375,7.9864520998811,0
5273,5.9445806331817e-05,-0.00098241615046935,-0.076801017879842,7.858914022934,0
5272,5.7409378371774e-05,-0.0013836364983661,-0.07585766988831,7.7313759459871,0
5271,5.3968349170906e-05,-0.0017757691195288,-0.074914321896781,7.6038378690403,0
5270,4.9275647918258e-05,-0.0021532825390097,-0.073970973905251,7.4762997920932,0
5269,4.3507232816513e-05,-0.0025112853460518,-0.073027625913719,7.3487617151459,0
5268,3.6851016426507e-05,-0.0028453476917044,-0.072084277922188,7.221223638199,0
5267,2.9740938582506e-05,-0.0031520622746163,-0.071140929930661,7.0936855612528,0
5266,2.2547568111441e-05,-0.0034286827126598,-0.070197581939138,6.9661474843068,0
5265,1.5512968892396e-05,-0.0036734307070755,-0.069254233947615,6.8386094073606,0
5264,8.8548480718458e-06,-0.0038853591504232,-0.06831088595609,6.711071330414,0
5263,2.7259061548369e-06,-0.0040641968265516,-0.067367537964562,6.5835332534675,0
5262,-2.9696015950038e-06,-0.0042105606739537,-0.066424189973035,6.4559951765211,0
5261,-8.0789334678586e-06,-0.0043259375068955,-0.065480841981509,6.3284570995747,0
5260,-1.2380289589663e-05,-0.0044110549099159,-0.064537493989984,6.2009190226285,0
5259,-1.5865226271253e-05,-0.0044678111871419,-0.063594145998458,6.0733809456823,0
5258,-1.8576728637458e-05,-0.0044983385225067,-0.062650798006933,5.945842868736,0
5257,-2.0561868720588e-05,-0.0045048632617243,-0.061707450015409,5.8183047917898,0
5256,-2.1867798737143e-05,-0.0044897499669153,-0.060764102023883,5.6907667148435,0
5255,-2.2549639093144e-05,-0.0044554921068035,-0.059820754032357,5.5632286378973,0
5254,-2.2676836111196e-05,-0.0044046534973771,-0.058877406040831,5.435690560951,0
5253,-2.2338315682542e-05,-0.0043397897957017,-0.057934058049305,5.3081524840047,0
356,-1.3739002580983,0.0018161621935389,-0.057583663260151,0.062500002000116,0
357,-1.266927014617,0.0057640483539093,-0.057583663260151,0.1875000060004,0
358,-1.0872644535152,0.019906954022024,-0.057583663260151,0.31250001000043,0
359,-0.79173978052341,0.049057282327232,-0.057583663260151,0.43750001400014,0
1164,-0.15435730942595,-0.030381948990234,-0.057583663260151,0.56250001799983,0
1166,0.019073572222135,-0.12180126473042,-0.057583663260151,0.81250002599953,0
1167,0.01127654262245,-0.086212974201734,-0.057583663260151,0.93750002999988,0
1165,0.018046408376688,-0.13672501433365,-0.057583663260151,0.68750002199948,0
3660,0.0065344846519727,-0.060700163777238,-0.05749727006079,1.0644052646571,0
3661,0.0038401446445385,-0.04435134086942,-0.057324483662067,1.1932157299711,0
3662,0.0023268964734001,-0.033650552585795,-0.057151697263345,1.3220261952852,0
5252,-2.1627367605915e-05,-0.0042634327788249,-0.05699071005778,5.1806144070585,0
3663,0.0014688042351979,-0.026260448599967,-0.056978910864622,1.4508366605992,0
3664,0.0009661988177944,-0.020964992076732,-0.0568061244659,1.5796471259131,0
3665,0.00065820008371939,-0.017067794484345,-0.056633338067177,1.708457591227,0
3666,0.00046091123699628,-0.014137725260625,-0.056460551668455,1.8372680565408,0
3667,0.00032973636305376,-0.011896956874333,-0.056287765269733,1.9660785218545,0
3668,0.00023988542030943,-0.010160322194025,-0.056114978871011,2.0948889871683,0
5251,-2.0566969635936e-05,-0.0041782550171923,-0.056047362066253,5.0530763301121,0
3669,0.00017687282595951,-0.0088002255228045,-0.055942192472289,2.2236994524823,0
3670,0.00013183377568235,-0.0077262115959743,-0.055769406073567,2.3525099177963,0
3671,9.9122076318233e-05,-0.006872721540026,-0.055596619674845,2.4813203831103,0
3672,7.5016408958815e-05,-0.0061914138775811,-0.055423833276123,2.6101308484243,0
3673,5.7004384125675e-05,-0.0056461362374759,-0.0552510468774,2.7389413137383,0
5250,-1.9180785794735e-05,-0.0040867430901268,-0.055104014074727,4.9255382531657,0
3674,4.3375664357041e-05,-0.0052095007344221,-0.055078260478677,2.8677517790527,0
3675,3.2956181787416e-05,-0.0048604907914116,-0.054905474079954,2.9965622443675,0
3676,2.4903424786885e-05,-0.004582799204247,-0.05473268768123,3.1253727096822,0
3677,1.8513304211694e-05,-0.0043637282735713,-0.054559901282507,3.2541831749968,0
3678,1.3098071366092e-05,-0.0041934446543116,-0.054387114883784,3.3829936403112,0
3679,8.5006464644919e-06,-0.0040642246153588,-0.05421432848506,3.5118041056258,0
5249,-1.8405346781627e-05,-0.0039881110015714,-0.054160666083201,4.7980001762194,0
3680,4.8495313693414e-06,-0.0039684387176638,-0.054041542086337,3.6406145709404,0
3681,1.9468186056408e-06,-0.0039000738446524,-0.053868755687614,3.7694250362551,0
3682,-4.2410378059376e-07,-0.0038541321315412,-0.05369596928889,3.8982355015697,0
3683,-2.4324499648242e-06,-0.0038265072849988,-0.053523182890167,4.0270459668843,0
3684,-4.2558859352232e-06,-0.0038139871536485,-0.053350396491443,4.1558564321988,0
5248,-1.8599403432607e-05,-0.0038778089279448,-0.053217318091675,4.6704620992731,0
3685,-5.7117331470601e-06,-0.0038132321962718,-0.05317761009272,4.2846668975133,0
3686,-5.5821551250416e-06,-0.0038174670972403,-0.053004823693997,4.413477362828,0
3687,-5.2438983752724e-06,-0.003819108993482,-0.052832037295273,4.5422878281427,0
5688,0.0059736716261058,0.0016787700045927,0.062500001999896,9.7627239264797,0
5689,0.011642860195851,0.0032729226140998,0.062500001999919,9.8627936362815,0
5690,0.01493201132,0.0038064848960864,0.062500001999942,9.9628633460831,0
5691,0.016770449640857,0.003698182596861,0.062500001999965,10.062933055885,0
5692,0.017445193532338,0.0032047341746013,0.062500001999987,10.163002765687,0
5693,0.017056849528038,0.0025111559503148,0.06250000200001,10.263072475489,0
5694,0.015605313757372,0.0017559895770217,0.062500002000033,10.363142185291,0
5695,0.013046845675917,0.0010450528647781,0.062500002000056,10.463211895094,0
5696,0.0091962918684812,0.00045039077893637,0.062500002000078,10.563281604896,0
5697,0.0036746892841467,4.7484726335297e-05,0.062500002000101,10.663351314699,0
363,-0.80203896633548,0.016836345440226,0.066964287856892,0.43750001400014,0
362,-1.1060039159577,0.0079332080948671,0.066964287856915,0.31250001000042,0
361,-1.2744212461907,0.0036278974708115,0.066964287856939,0.1875000060004,0
360,-1.3793071234785,0.0013137256411363,0.066964287856963,0.062500002000115,0
5698,0.0042790913463705,0.00025797389153307,0.18750000599972,9.762766649881,0
5699,0.010358104592068,0.0012098828179021,0.18750000599978,9.8628318624827,0
5700,0.014402794375901,0.0018050656899015,0.18750000599984,9.9628970750842,0
5701,0.016860129472415,0.0019909545849022,0.1875000059999,10.062962287686,0
5702,0.017940306683866,0.0018449050128334,0.18750000599996,10.163027500287,0
5703,0.01775073803395,0.0014822405181,0.18750000600003,10.26309271289,0
5704,0.016346777701381,0.0010290268395941,0.18750000600009,10.363157925492,0
5705,0.013724178941212,0.00058757612376829,0.18750000600015,10.463223138094,0
5706,0.0097187885507576,0.00022570775105922,0.18750000600021,10.563288350697,0
5707,0.0039298253689874,2.657266675143e-06,0.18750000600027,10.663353563299,0
367,-0.79466279396597,0.0038991816270354,0.20089286357068,0.43750001400014,0
366,-1.1104023453664,0.0037864181856292,0.20089286357075,0.31250001000041,0
365,-1.2779136660086,0.0020358855297747,0.20089286357082,0.18750000600039,0
364,-1.3829151316585,0.00093901136244468,0.20089286357089,0.062500002000113,0
5708,0.0036680023071189,2.833416684402e-05,0.31250000999949,9.7628093732823,0
5709,0.0095985824966561,0.00040181283194219,0.3125000099996,9.8628700886838,0
5710,0.013894880315865,0.00074360426985035,0.3125000099997,9.9629308040852,0
5711,0.016700597574441,0.00091811915192244,0.31250000999981,10.062991519487,0
5712,0.018094292383459,0.00089872304654742,0.31250000999991,10.163052234888,0
5713,0.01808824269509,0.00072753069579222,0.31250001000002,10.263112950291,0
5714,0.016740942090809,0.00048607736624798,0.31250001000012,10.363173665693,0
5715,0.014079977970668,0.00025248096544517,0.31250001000022,10.463234381095,0
5716,0.0099667662874967,7.5632441599295e-05,0.31250001000033,10.563295096497,0
5717,0.0040188240222191,-1.2309682125425e-05,0.31250001000043,10.663355811899,0
371,-0.79195917766359,0.0011535752201353,0.33482143928446,0.43750001400014,0
370,-1.1115605277352,0.0013901871512914,0.33482143928457,0.31250001000041,0
369,-1.279789268658,0.00090415937460898,0.33482143928469,0.18750000600038,0
368,-1.384991279037,0.00047318394232755,0.3348214392848,0.062500002000111,0
5718,0.0035559818160572,-1.6643102206218e-05,0.43750001399916,9.7628520966836,0
5719,0.0093468025223041,7.7263420090723e-05,0.43750001399933,9.862908314885,0
5720,0.013657557280772,0.00020836260257941,0.4375000139995,9.9629645330863,0
5721,0.016585969683594,0.00029889940484073,0.43750001399967,10.063020751288,0
5722,0.018137247879515,0.00030731955375608,0.43750001399984,10.163076969489,0
5723,0.018241500626034,0.00023708105223922,0.43750001400001,10.263133187691,0
5724,0.016921682765087,0.0001314483747322,0.43750001400018,10.363189405893,0
5725,0.014226631402266,3.9705909551835e-05,0.43750001400034,10.463245624095,0
5726,0.010043443602279,-1.1910840123821e-05,0.43750001400051,10.563301842297,0
5727,0.0040257944953661,-1.6862609279499e-05,0.43750001400068,10.663358060499,0
375,-0.79132929244522,0.00036618614295238,0.46875001499824,0.43750001400014,0
374,-1.111937584778,0.00048539927028721,0.4687500149984,0.3125000100004,0
373,-1.2805041660951,0.00035408086470719,0.46875001499855,0.18750000600037,0
372,-1.3859181909855,0.0002009222522057,0.46875001499871,0.062500002000108,0
5728,0.0035847945024077,-2.4362869286177e-05,0.56250001799883,9.7628948200849,0
5729,0.0093278080121854,-4.6835133902169e-05,0.56250001799906,9.8629465410861,0
5730,0.013602908937451,-3.9972490849123e-05,0.5625000179993,9.9629982620873,0
5731,0.016548258258007,-2.3963747483246e-05,0.56250001799954,10.063049983089,0
5732,0.018151860010648,-2.3170223273819e-05,0.56250001799978,10.16310170409,0
5733,0.018297946506798,-4.4897832792454e-05,0.56250001800002,10.263153425092,0
5734,0.016976050200408,-7.0685014064861e-05,0.56250001800026,10.363205146094,0
5735,0.014248568743659,-7.6669103720257e-05,0.5625000180005,10.463256867096,0
5736,0.010025918016838,-5.5214132732137e-05,0.56250001800074,10.563308588098,0
5737,0.0039947732842923,-1.6553814907792e-05,0.56250001800098,10.663360309099,0
379,-0.79114021983695,0.00011635656292389,0.60267859071202,0.43750001400013,0
378,-1.1120426021051,0.00016371071314939,0.60267859071221,0.31250001000039,0
377,-1.2807466224263,0.00012883542455321,0.60267859071241,0.18750000600037,0
376,-1.3862835748225,7.7068087055006e-05,0.6026785907126,0.062500002000106,0
5738,0.0036459049474542,-2.055375716557e-05,0.68750002199852,9.7629375434861,0
5739,0.0093964913885779,-8.2587528977527e-05,0.68750002199882,9.8629847672872,0
5740,0.013639974504295,-0.00013415825338091,0.68750002199912,9.9630319910884,0
5741,0.016562218575349,-0.00016404376247944,0.68750002199942,10.06307921489,0
5742,0.018160801205863,-0.00017751435713725,0.68750002199973,10.163126438691,0
5743,0.018303511846396,-0.00017946781835374,0.68750002200003,10.263173662493,0
5744,0.016960629547844,-0.00016459710581874,0.68750002200033,10.363220886295,0
5745,0.014203498818116,-0.00012661410469766,0.68750002200064,10.463268110096,0
5746,0.0099609263783899,-7.0123362365063e-05,0.68750002200094,10.563315333898,0
5747,0.0039477592344797,-1.3989179136256e-05,0.68750002200124,10.663362557699,0
383,-0.79107398847548,3.6684366091311e-05,0.7366071664258,0.43750001400013,0
382,-1.1120703818523,5.4239616394359e-05,0.73660716642603,0.31250001000039,0
381,-1.2808267920049,4.4813347837043e-05,0.73660716642626,0.18750000600036,0
380,-1.3864181710558,2.7797806589867e-05,0.73660716642648,0.062500002000104,0
5748,0.0037090934401301,-1.4331443125751e-05,0.81250002599823,9.7629802668874,0
5749,0.0094905002131227,-8.0965785006602e-05,0.81250002599859,9.8630229934884,0
5750,0.0137150523821,-0.00015057208179685,0.81250002599896,9.9630657200894,0
5751,0.016604860977518,-0.00020066769846912,0.81250002599933,10.06310844669,0
5752,0.018173287557705,-0.00022447459323394,0.81250002599969,10.163151173292,0
5753,0.018287701348915,-0.0002211676520879,0.81250002600006,10.263193899894,0
5754,0.016913318899028,-0.00019045916182472,0.81250002600043,10.363236626495,0
5755,0.014129620617491,-0.00013583603359133,0.81250002600079,10.463279353097,0
5756,0.0098793282342259,-6.8639912064753e-05,0.81250002600116,10.563322079698,0
5757,0.0038985883561167,-1.0728058988747e-05,0.81250002600153,10.663364806299,0
387,-0.79105198993169,1.1618650482955e-05,0.87053574213957,0.43750001400013,0
386,-1.1120783765794,1.7695202829913e-05,0.87053574213984,0.31250001000038,0
385,-1.2808532086478,1.5098040821174e-05,0.87053574214011,0.18750000600035,0
384,-1.3864655099504,9.6124859044304e-06,0.87053574214038,0.062500002000101,0
5758,0.0037629433034524,-8.746001836091e-06,0.93750002999799,9.7630229902887,0
5759,0.0095812835121469,-6.5233304253032e-05,0.93750002999842,9.8630612196895,0
5760,0.013797902283141,-0.00013164123916395,0.93750002999885,9.9630994490905,0
5761,0.016658572889661,-0.00018513921454143,0.93750002999928,10.063137678491,0
5762,0.01819045518648,-0.00021370960110612,0.93750002999971,10.163175907893,0
5763,0.018267023390649,-0.00021171361960087,0.93750003000014,10.263214137294,0
5764,0.016857870750511,-0.00017939006659231,0.93750003000057,10.363252366696,0
5765,0.014050988482938,-0.00012409851975287,0.937500030001,10.463290596097,0
5766,0.0097995679915083,-5.9707983724462e-05,0.93750003000143,10.563328825499,0
5767,0.003854631697419,-7.7392061597716e-06,0.93750003000186,10.6633670549,0
391,-0.79104501836757,3.6826051481282e-06,1.0044643178534,0.43750001400013,0
390,-1.112080841281,5.6763757127398e-06,1.0044643178537,0.31250001000037,0
389,-1.2808617739808,4.9442372131288e-06,1.004464317854,0.18750000600034,0
388,-1.3864815449899,3.2135507175703e-06,1.0044643178543,0.062500002000099,0
5768,0.0038030441944968,-4.217030129225e-06,1.0625000339981,9.76306571369,0
5769,0.00965543742469,-4.5032791661669e-05,1.0625000339985,9.8630994458907,0
5770,0.013872250761536,-9.8569746129573e-05,1.0625000339989,9.9631331780915,0
5771,0.016712208740259,-0.00014682262394027,1.0625000339994,10.063166910292,0
5772,0.018211385630181,-0.00017687030471181,1.0625000339998,10.163200642493,0
5773,0.01825021328768,-0.00017973410986292,1.0625000340002,10.263234374695,0
5774,0.016807388944117,-0.00015366505058713,1.0625000340007,10.363268106897,0
5775,0.013980056953046,-0.0001058335298982,1.0625000340011,10.463301839098,0
5776,0.0097298773775934,-4.9844979269494e-05,1.0625000340015,10.563335571299,0
5777,0.0038181327871907,-5.6474401763055e-06,1.0625000340019,10.6633693035,0
395,-0.79104283886799,1.1470796513978e-06,1.1383928935672,0.43750001400012,0
394,-1.1120816010232,1.758772435196e-06,1.1383928935675,0.31250001000036,0
393,-1.2808644789779,1.5517055015914e-06,1.1383928935679,0.18750000600034,0
392,-1.3864867825705,1.031118575763e-06,1.1383928935683,0.062500002000097,0
5778,0.0038281655239465,-2.7031026926921e-08,1.1875000379984,9.7631084370913,0
5779,0.0097076478945601,-2.2691281781553e-05,1.1875000379988,9.8631376720918,0
5780,0.013931128076084,-5.9536034261887e-05,1.1875000379992,9.9631669070926,0
5781,0.016761116428445,-9.9839389533242e-05,1.1875000379995,10.063196142093,0
5782,0.01823661626251,-0.000131730808391,1.1875000379999,10.163225377094,0
5783,0.018242693636174,-0.0001432941512344,1.1875000380003,10.263254612096,0
5784,0.016768533145335,-0.00012870293525126,1.1875000380006,10.363283847097,0
5785,0.013921322507967,-9.1879976193439e-05,1.187500038001,10.463313082098,0
5786,0.0096710727312088,-4.4398121430519e-05,1.1875000380014,10.563342317099,0
5787,0.0037875797179077,-5.1719515235678e-06,1.1875000380017,10.6633715521,0
399,-0.79104218923077,3.3091085617839e-07,1.272321469281,0.43750001400012,0
398,-1.112081825212,4.839766696418e-07,1.2723214692814,0.31250001000036,0
397,-1.2808652852682,4.310752166548e-07,1.2723214692819,0.18750000600033,0
396,-1.3864883877625,3.0007296953795e-07,1.2723214692824,0.062500002000095,0
5788,0.0038369771266618,5.3190099282852e-06,1.3125000419987,9.7631511604926,0
5789,0.0097353137635635,4.177337257483e-06,1.312500041999,9.8631758982929,0
5790,0.013972916270622,-1.4510034887826e-05,1.3125000419993,9.9632006360936,0
5791,0.01680615959425,-4.8409538158652e-05,1.3125000419996,10.063225373894,0
5792,0.018269937986322,-8.6534200015384e-05,1.3125000419999,10.163250111695,0
5793,0.018249948829161,-0.00011291242047415,1.3125000420002,10.263274849497,0
5794,0.01674531424107,-0.00011521834469389,1.3125000420005,10.363299587298,0
5795,0.013874569544277,-9.1241362451991e-05,1.3125000420009,10.463324325099,0
5796,0.0096184938571701,-4.885400534826e-05,1.3125000420012,10.5633490629,0
5797,0.0037582623589242,-7.4811391357407e-06,1.3125000420015,10.6633738007,0
403,-0.79104203849416,6.5011262815796e-08,1.4062500449948,0.43750001400012,0
402,-1.1120818794177,6.4931291076601e-08,1.4062500449953,0.31250001000035,0
401,-1.2808654765964,5.9395407922922e-08,1.4062500449958,0.18750000600032,0
400,-1.3864887826645,5.5775654801649e-08,1.4062500449964,0.062500002000092,0
5798,0.0038232144179676,1.3495679938886e-05,1.437500045999,9.7631938838938,0
5799,0.0097336386016924,4.056330343257e-05,1.4375000459992,9.8632141244941,0
5800,0.013998824316999,4.0053208427843e-05,1.4375000459995,9.9632343650947,0
5801,0.016853956174911,7.4980815839314e-06,1.4375000459997,10.063254605695,0
5802,0.018320871513245,-4.422888351869e-05,1.437500046,10.163274846296,0
5803,0.018281488191408,-9.3265590741644e-05,1.4375000460002,10.263295086897,0
5804,0.016743518693115,-0.00011892451775934,1.4375000460005,10.363315327499,0
5805,0.013837908893153,-0.00011021565310681,1.4375000460007,10.463335568099,0
5806,0.0095616139141761,-6.8489636782579e-05,1.4375000460009,10.5633558087,0
5807,0.0037194667633232,-1.3733397441605e-05,1.4375000460012,10.6633760493,0
407,-0.79104205894889,-2.1260770546938e-08,1.5401786207087,0.43750001400012,0
406,-1.1120818761716,-7.6285365497458e-08,1.5401786207093,0.31250001000034,0
405,-1.2808654631115,-6.8177050413091e-08,1.5401786207099,0.18750000600031,0
404,-1.3864887674017,-2.8073444215276e-08,1.5401786207104,0.06250000200009,0
5808,0.0037616615246426,2.812288091791e-05,1.5625000499993,9.7632366072951,0
5809,0.0096907068235126,8.9967490404515e-05,1.5625000499995,9.8632523506952,0
5810,0.014016713591396,0.00010219048741652,1.5625000499996,9.9632680940957,0
5811,0.016921814606156,6.3261052154421e-05,1.5625000499998,10.063283837496,0
5812,0.018409345778884,-7.2750743542737e-06,1.56250005,10.163299580897,0
5813,0.018356591218347,-8.2104719887147e-05,1.5625000500002,10.263315324298,0
5814,0.016777546184513,-0.00013474428445749,1.5625000500003,10.363331067699,0
5815,0.013813497317546,-0.00014568403433639,1.5625000500005,10.4633468111,0
5816,0.0094826293581238,-0.00010562166887646,1.5625000500007,10.5633625545,0
5817,0.0036429328775114,-2.7070100460845e-05,1.5625000500008,10.6633782979,0
411,-0.79104213230192,-4.8504464360008e-08,1.6741071964232,0.43750001400011,0
410,-1.1120818588669,-1.2830753045156e-07,1.6741071964237,0.31250001000033,0
409,-1.2808653817706,-1.1760851711919e-07,1.6741071964241,0.18750000600031,0
408,-1.386488607664,-5.9978795751465e-08,1.6741071964245,0.062500002000088,0
5818,0.0036224551576712,7.4914546315994e-05,1.6875000539995,9.7632793306964,0
5819,0.0096125586133453,0.00014991959505986,1.6875000539997,9.8632905768964,0
5820,0.014045002537441,0.00014744274205502,1.6875000539998,9.9633018230968,0
5821,0.01702251540979,9.4418081931925e-05,1.6875000539999,10.063313069297,0
5822,0.018539798296238,1.6154658683994e-05,1.687500054,10.163324315498,0
5823,0.018478743733866,-6.5668376184665e-05,1.6875000540001,10.263335561699,0
5824,0.016857074041303,-0.00013319933168053,1.6875000540002,10.3633468079,0
5825,0.013815861022754,-0.00016953633490566,1.6875000540003,10.4633580541,0
5826,0.0093835949744838,-0.0001559374306738,1.6875000540004,10.563369300301,0
5827,0.0034969911255357,-7.2638019097555e-05,1.6875000540006,10.6633805465,0
415,-0.79104222670751,-5.9570553746806e-08,1.8080357721381,0.43750001400011,0
414,-1.1120818380908,-1.553142175429e-07,1.8080357721383,0.31250001000033,0
413,-1.2808652720521,-1.4397735801159e-07,1.8080357721385,0.1875000060003,0
412,-1.386488384931,-7.5958995318626e-08,1.8080357721387,0.062500002000085,0
5828,0.0035956733405948,0.00016176835910463,1.8125000579997,9.7633220540977,0
5829,0.0096420001624373,0.00012147227836529,1.8125000579998,9.8633288030975,0
5830,0.014084310270371,4.6312444797737e-05,1.8125000579999,9.9633355520978,0
5831,0.01704201053502,2.7814199510364e-06,1.8125000579999,10.063342301098,0
5832,0.018536039853172,-6.1135643723648e-06,1.812500058,10.163349050099,0
5833,0.018471878369629,1.0219834547509e-07,1.8125000580001,10.2633557991,0
5834,0.016868025529952,-6.2797063989866e-06,1.8125000580001,10.363362548101,0
5835,0.013845171332322,-4.6103303010349e-05,1.8125000580002,10.463369297101,0
5836,0.0094060762331449,-0.00011830420908994,1.8125000580003,10.563376046101,0
5837,0.003469573368636,-0.00015820459374491,1.8125000580004,10.6633827951,0
5838,0.0043503276733117,-0.00066493200812279,1.9375000619999,9.763364777499,0
5839,0.010015465981603,-0.0010018953720812,1.9375000619999,9.8633670292986,0
5840,0.013967066149591,-0.0009652048713847,1.937500062,9.9633692810989,0
5841,0.016600975303791,-0.00067351901163042,1.937500062,10.063371532899,0
5842,0.017935730827728,-0.00021985384995765,1.937500062,10.163373784699,0
5843,0.017873196968054,0.00028752138750599,1.937500062,10.2633760365,0
5844,0.016431413694237,0.00072875304156692,1.9375000620001,10.363378288301,0
5845,0.013733921614464,0.00099882354236392,1.9375000620001,10.463380540101,0
5846,0.0097828637452287,0.0010086641772246,1.9375000620001,10.563382791901,0
5847,0.0042169200913668,0.00065032461105576,1.9375000620001,10.663385043701,0
416,-1.3864881211751,-8.7914259462044e-08,1.9419643478527,0.062500002000083,0
417,-1.2808651434196,-1.65219227952e-07,1.9419643478528,0.18750000600029,0
418,-1.1120818146625,-1.7753628103365e-07,1.9419643478529,0.31250001000032,0
419,-0.79104233645069,-6.7908149904858e-08,1.941964347853,0.43750001400011,0
420,-1.386487820498,-9.9671499789988e-08,2.0758929235667,0.062500002000081,0
421,-1.2808649973184,-1.869055966048e-07,2.0758929235671,0.18750000600028,0
422,-1.1120817883988,-2.0061445337192e-07,2.0758929235675,0.31250001000031,0
423,-0.79104246087679,-7.6622442160988e-08,2.075892923568,0.43750001400011,0
424,-1.3864874807843,-1.1247570208796e-07,2.2098214992806,0.062500002000079,0
425,-1.2808648324534,-2.1080436448895e-07,2.2098214992813,0.18750000600028,0
426,-1.112081758868,-2.2620200624259e-07,2.2098214992821,0.3125000100003,0
427,-0.79104260123527,-8.6356900151061e-08,2.2098214992829,0.4375000140001,0
428,-1.3864870977093,-1.2680168956404e-07,2.3437500749945,0.062500002000076,0
429,-1.2808646466115,-2.376248094317e-07,2.3437500749956,0.18750000600027,0
430,-1.1120817256047,-2.5496382211847e-07,2.3437500749967,0.3125000100003,0
431,-0.79104275944624,-9.7325805228432e-08,2.3437500749978,0.4375000140001,0
432,-1.3864866659031,-1.4292681981701e-07,2.4776786507084,0.062500002000074,0
433,-1.2808644371494,-2.678342772402e-07,2.4776786507098,0.18750000600026,0
434,-1.1120816881189,-2.8737121042633e-07,2.4776786507113,0.31250001000029,0
435,-0.79104293776619,-1.0969291234541e-07,2.4776786507127,0.4375000140001,0
436,-1.3864861791982,-1.6109836256525e-07,2.6116072264223,0.062500002000072,0
437,-1.2808642010651,-3.0188202747431e-07,2.6116072264241,0.18750000600025,0
438,-1.1120816458708,-3.2389793649086e-07,2.6116072264259,0.31250001000028,0
439,-0.79104313875092,-1.2363394328556e-07,2.6116072264277,0.4375000140001,0
440,-1.3864856306191,-1.8158004421851e-07,2.7455358021362,0.062500002000069,0
441,-1.2808639349732,-3.4025861323256e-07,2.7455358021383,0.18750000600025,0
442,-1.1120815982551,-3.65068158809e-07,2.7455358021404,0.31250001000027,0
443,-0.79104336528189,-1.3934750347567e-07,2.7455358021426,0.4375000140001,0
444,-1.3864850122992,-2.0466612530059e-07,2.8794643778501,0.062500002000067,0
445,-1.2808636350589,-3.8351440144321e-07,2.8794643778525,0.18750000600024,0
446,-1.1120815445898,-4.1147162935487e-07,2.879464377855,0.31250001000027,0
447,-0.79104362060641,-1.5705825702684e-07,2.8794643778575,0.43750001400009,0
448,-1.3864843153715,-2.3068783536073e-07,3.013392953564,0.062500002000065,0
449,-1.2808632970231,-4.3226956360046e-07,3.0133929535668,0.18750000600023,0
450,-1.112081484107,-4.6377319733851e-07,3.0133929535696,0.31250001000026,0
451,-0.7910439083842,-1.7701978285958e-07,3.0133929535724,0.43750001400009,0
452,-1.3864835298416,-2.6001851114196e-07,3.1473215292778,0.062500002000063,0
453,-1.2808629160203,-4.8722321642974e-07,3.147321529281,0.18750000600022,0
454,-1.1120814159408,-5.2272234915266e-07,3.1473215292842,0.31250001000025,0
455,-0.79104423273999,-1.9951798282743e-07,3.1473215292873,0.43750001400009,0
456,-1.3864826444444,-2.9307901169702e-07,3.2812501049917,0.06250000200006,0
457,-1.2808624865895,-5.4916344026938e-07,3.2812501049953,0.18750000600022,0
458,-1.1120813391158,-5.8916385691113e-07,3.2812501049988,0.31250001000024,0
459,-0.7910445983226,-2.2487511309863e-07,3.2812501050023,0.43750001400009,0
460,-1.386481646482,-3.3034375884753e-07,3.4151786807056,0.062500002000058,0
461,-1.2808620025757,-6.1897855358002e-07,3.4151786807095,0.18750000600021,0
462,-1.1120812525328,-6.6404984169757e-07,3.4151786807133,0.31250001000024,0
463,-0.79104501037159,-2.5345437953679e-07,3.4151786807172,0.43750001400008,0
464,-1.3864805216422,-3.7234755396661e-07,3.5491072564195,0.062500002000056,0
465,-1.2808614570417,-6.9766984908536e-07,3.5491072564237,0.1875000060002,0
466,-1.1120811549532,-7.4845341855904e-07,3.5491072564279,0.31250001000023,0
467,-0.79104547479231,-2.856650767725e-07,3.5491072564321,0.43750001400008,0
468,-1.3864792537925,-4.1969326462091e-07,3.6830358321334,0.062500002000053,0
469,-1.2808608421686,-7.8636596031841e-07,3.683035832138,0.1875000060002,0
470,-1.1120810449814,-8.4358403348686e-07,3.6830358321425,0.31250001000022,0
471,-0.79104599824045,-3.2196846114002e-07,3.683035832147,0.43750001400008,0
472,-1.3864778247487,-4.7306049201399e-07,3.8169644078473,0.062500002000051,0
473,-1.2808601491443,-8.8633906160278e-07,3.8169644078522,0.18750000600019,0
474,-1.1120809210449,-9.5080477824102e-07,3.8169644078571,0.31250001000021,0
475,-0.79104658821737,-3.6288436598886e-07,3.816964407862,0.43750001400008,0
476,-1.3864762140143,-5.3321534542576e-07,3.9508929835612,0.062500002000049,0
477,-1.2808593680365,-9.9902312693745e-07,3.9508929835664,0.18750000600018,0
478,-1.1120807813719,-1.0716519034716e-06,3.9508929835717,0.31250001000021,0
479,-0.79104725317748,-4.0899859264986e-07,3.9508929835769,0.43750001400007,0
480,-1.3864743984856,-6.0102147302442e-07,4.0848215592751,0.062500002000047,0
481,-1.2808584876513,-1.1260345170544e-06,4.0848215592807,0.18750000600017,0
482,-1.1120806239661,-1.2078568021845e-06,4.0848215592862,0.3125000100002,0
483,-0.79104800264934,-4.6097128836008e-07,4.0848215592918,0.43750001400007,0
484,-1.3864723521207,-6.7745246193241e-07,4.218750134989,0.062500002000044,0
485,-1.2808574953722,-1.2691951795685e-06,4.2187501349949,0.18750000600017,0
486,-1.1120804465786,-1.3613707854988e-06,4.2187501350008,0.31250001000019,0
487,-0.79104884737198,-5.1954636839782e-07,4.2187501350067,0.43750001400007,0
488,-1.3864700455653,-7.6360590743864e-07,4.3526787107029,0.062500002000042,0
489,-1.28085637698,-1.4305588260402e-06,4.3526787107092,0.18750000600016,0
490,-1.1120802466755,-1.5343930026522e-06,4.3526787107154,0.31250001000018,0
491,-0.79104979944869,-5.8556213206006e-07,4.3526787107216,0.43750001400007,0
492,-1.3864674457309,-8.607191628454e-07,4.4866072864168,0.06250000200004,0
493,-1.2808551164486,-1.6124404057944e-06,4.4866072864234,0.18750000600015,0
494,-1.1120800214025,-1.729401889012e-06,4.48660728643,0.31250001000018,0
495,-0.79105087252018,-6.5996321557856e-07,4.4866072864366,0.43750001400006,0
496,-1.3864645153206,-9.7018719935052e-07,4.6205358621307,0.062500002000037,0
497,-1.2808536957163,-1.8174493701565e-06,4.6205358621376,0.18750000600014,0
498,-1.1120797675441,-1.9491906226737e-06,4.6205358621446,0.31250001000017,0
499,-0.7910520819598,-7.4381407602429e-07,4.6205358621515,0.43750001400006,0
500,-1.3864612122922,-1.0935826720562e-06,4.7544644378446,0.062500002000035,0
501,-1.2808520944266,-2.0485271390571e-06,4.7544644378519,0.18750000600014,0
502,-1.1120794814781,-2.1969070574898e-06,4.7544644378591,0.31250001000016,0
503,-0.79105344509343,-8.3831412903937e-07,4.7544644378664,0.43750001400006,0
504,-1.3864574892554,-1.2326786366728e-06,4.8883930135585,0.062500002000033,0
505,-1.2808502896372,-2.3089893804873e-06,4.8883930135661,0.18750000600013,0
506,-1.1120791591247,-2.4760987391774e-06,4.8883930135737,0.31250001000015,0
507,-0.79105498144738,-9.4481484293786e-07,4.8883930135813,0.43750001400006,0
508,-1.3864532927904,-1.3894740613744e-06,5.0223215892724,0.062500002000031,0
509,-1.2808482554917,-2.6025736299598e-06,5.0223215892804,0.18750000600012,0
510,-1.1120787958886,-2.7907635790533e-06,5.0223215892883,0.31250001000015,0
511,-0.79105671302759,-1.0648390086982e-06,5.0223215892963,0.43750001400005,0
512,-1.3864485626804,-1.5662226904671e-06,5.1562501649863,0.062500002000028,0
513,-1.2808459628493,-2.9334930216439e-06,5.1562501649946,0.18750000600011,0
514,-1.1120783865941,-3.145407000292e-06,5.1562501650029,0.31250001000014,0
515,-0.79105866463432,-1.2001023714261e-06,5.1562501650112,0.43750001400005,0
516,-1.3864432310465,-1.7654655583996e-06,5.2901787407002,0.062500002000026,0
517,-1.2808433788682,-3.3064968304719e-06,5.2901787407088,0.18750000600011,0
518,-1.1120779254129,-3.5451063066348e-06,5.2901787407175,0.31250001000013,0
519,-0.79106086421662,-1.3525380308996e-06,5.2901787407261,0.43750001400005,0
520,-1.386437221372,-1.9900676575081e-06,5.4241073164141,0.062500002000024,0
521,-1.2808404665357,-3.7269387608806e-06,5.4241073164231,0.1875000060001,0
522,-1.1120774057812,-3.9955831901884e-06,5.424107316432,0.31250001000012,0
523,-0.79106334327184,-1.5243239044423e-06,5.424107316441,0.43750001400005,0
524,-1.3864304474024,-2.2432593794795e-06,5.558035892128,0.062500002000021,0
525,-1.2808371841389,-4.2008539050896e-06,5.5580358921373,0.18750000600009,0
526,-1.1120768203081,-4.5032854220849e-06,5.5580358921466,0.31250001000012,0
527,-0.79106613729561,-1.7179136815041e-06,5.5580358921559,0.43750001400005,0
528,-1.3864228119055,-2.5286829761944e-06,5.6919644678419,0.062500002000019,0
529,-1.2808334846678,-4.7350455397106e-06,5.6919644678516,0.18750000600008,0
530,-1.1120761606723,-5.0754788713109e-06,5.6919644678612,0.31250001000011,0
531,-0.79106928628889,-1.9360715563809e-06,5.6919644678709,0.43750001400004,0
532,-1.3864142052728,-2.85044551349e-06,5.8258930435558,0.062500002000017,0
533,-1.2808293151439,-5.3371830212243e-06,5.8258930435658,0.18750000600008,0
534,-1.112075417505,-5.7203512247321e-06,5.8258930435758,0.3125000100001,0
535,-0.79107283532917,-2.1819115266489e-06,5.8258930435858,0.43750001400004,0
536,-1.3864045039436,-3.213177903265e-06,5.9598216192697,0.062500002000015,0
537,-1.2808246158619,-6.0159120475797e-06,5.95982161928,0.18750000600007,0
538,-1.1120745802597,-6.4471287214406e-06,5.9598216192904,0.31250001000009,0
539,-0.791076835214,-2.4589413892204e-06,5.9598216193007,0.43750001400004,0
540,-1.386393568627,-3.6221021637166e-06,6.0937501949836,0.062500002000012,0
541,-1.2808193195374,-6.7809791630482e-06,6.0937501949943,0.18750000600006,0
542,-1.1120736370652,-7.2662077661835e-06,6.093750195005,0.31250001000009,0
543,-0.79108134318587,-2.7711124283682e-06,6.0937501950156,0.43750001400004,0
544,-1.386381242298,-4.0831067122842e-06,6.2276787706975,0.06250000200001,0
545,-1.2808133503445,-7.6433719333133e-06,6.2276787707085,0.18750000600005,0
546,-1.1120725745603,-8.1893030922822e-06,6.2276787707195,0.31250001000008,0
547,-0.79108642374882,-3.1228753074499e-06,6.2276787707305,0.43750001400003,0
548,-1.3863673479379,-4.6028317606264e-06,6.3616073464114,0.062500002000008,0
549,-1.2808066228329,-8.6154771864954e-06,6.3616073464228,0.18750000600005,0
550,-1.1120713777092,-9.2296146973723e-06,6.3616073464341,0.31250001000007,0
551,-0.79109214958826,-3.5192428307362e-06,6.3616073464455,0.43750001400003,0
552,-1.3863516859858,-5.1887653419586e-06,6.4955359221253,0.062500002000005,0
553,-1.2807990407074,-9.7112593843733e-06,6.495535922137,0.18750000600004,0
554,-1.1120700295932,-1.0402015841161e-05,6.4955359221487,0.31250001000006,0
555,-0.79109860260706,-3.9658606478086e-06,6.4955359221604,0.43750001400003,0
556,-1.3863340314664,-5.849351673056e-06,6.6294644978392,0.062500002000003,0
557,-1.2807904954521,-1.0946461661665e-05,6.6294644978512,0.18750000600003,0
558,-1.1120685111776,-1.1723264858454e-05,6.6294644978633,0.31250001000006,0
559,-0.79110587509252,-4.4690869056037e-06,6.6294644978753,0.43750001400003,0
560,-1.3863141307497,-6.5941134061263e-06,6.7633930735531,0.062500002000001,0
561,-1.2807808647816,-1.233883260978e-05,6.7633930735655,0.18750000600002,0
562,-1.1120668010501,-1.3212243612699e-05,6.7633930735779,0.31250001000005,0
563,-0.79111407103068,-5.0360816085548e-06,6.7633930735902,0.43750001400002,0
564,-1.386291697899,-7.4337894931319e-06,6.897321649267,0.062500001999999,0
565,-1.2807700108946,-1.3908382023699e-05,6.8973216492797,0.18750000600002,0
566,-1.1120648751275,-1.4890226180632e-05,6.8973216492924,0.31250001000004,0
567,-0.79112330758658,-5.6749072810667e-06,6.8973216493052,0.43750001400002,0
568,-1.3862664105521,-8.3804906645522e-06,7.0312502249809,0.062500001999996,0
569,-1.2807577785072,-1.5677669183897e-05,7.031250224994,0.18750000600001,0
570,-1.112062706327,-1.6781181329509e-05,7.031250225007,0.31250001000003,0
571,-0.79113371677121,-6.3946420662862e-06,7.0312502250201,0.43750001400002,0
572,-1.3862379052775,-9.4478745843934e-06,7.1651788006948,0.062500001999994,0
573,-1.2807439926367,-1.7672127948183e-05,7.1651788007082,0.187500006,0
574,-1.1120602641976,-1.8912113350843e-05,7.1651788007216,0.31250001000003,0
575,-0.79114544731881,-7.2055070026967e-06,7.165178800735,0.43750001400002,0
576,-1.3862057723381,-1.0651343390893e-05,7.2991073764087,0.062500001999992,0
577,-1.2807284561044,-1.9920433325361e-05,7.2991073764224,0.18750000599999,0
578,-1.1120575145074,-2.1313445725854e-05,7.2991073764362,0.31250001000002,0
579,-0.79115866680071,-8.1190090034083e-06,7.2991073764499,0.43750001400001,0
580,-1.3861695497884,-1.2008266262559e-05,7.4330359521227,0.062500001999989,0
581,-1.2807109467227,-2.2454914752898e-05,7.4330359521367,0.18750000599999,0
582,-1.1120544187817,-2.4019453355079e-05,7.4330359521507,0.31250001000001,0
583,-0.79117356400554,-9.1481016154477e-06,7.4330359521647,0.43750001400001,0
584,-1.3861287168182,-1.3538230059428e-05,7.5669645278371,0.062500001999987,0
585,-1.2806912141242,-2.5312022048921e-05,7.5669645278511,0.18750000599998,0
586,-1.1120509337859,-2.7068749325511e-05,7.5669645278651,0.31250001,0
587,-0.79119035161937,-1.0307365779769e-05,7.5669645278792,0.43750001400001,0
588,-1.3860826862493,-1.526332186781e-05,7.7008931035519,0.062500001999985,0
589,-1.2806689761907,-2.8532850825422e-05,7.7008931035656,0.18750000599997,0
590,-1.1120470109467,-3.0504833113172e-05,7.7008931035794,0.31250001,0
591,-0.79120926924321,-1.1613212726564e-05,7.7008931035932,0.43750001400001,0
592,-1.3860307960766,-1.7208446637867e-05,7.8348216792668,0.062500001999983,0
593,-1.2806439150269,-3.2163734563398e-05,7.8348216792802,0.18750000599997,0
594,-1.1120425957048,-3.4376708107623e-05,7.8348216792937,0.31250000999999,0
595,-0.79123058679009,-1.3084112446798e-05,7.8348216793071,0.43750001400001,0
596,-1.3859722999339,-1.9401684786284e-05,7.9687502549817,0.06250000199998,0
597,-1.2806156724253,-3.6256912201004e-05,7.9687502549948,0.18750000599996,0
598,-1.112037626792,-3.8739577173244e-05,7.9687502550079,0.31250000999998,0
599,-0.79125460830986,-1.4740849884358e-05,7.968750255021,0.437500014,0
600,-1.3859063563474,-2.187469425778e-05,8.1026788306966,0.062500001999978,0
601,-1.2805838447531,-4.0871280427698e-05,8.1026788307094,0.18750000599995,0
602,-1.1120320354219,-4.365562617653e-05,8.1026788307222,0.31250000999997,0
603,-0.7912816762948,-1.6606813107039e-05,8.102678830735,0.437500014,0
604,-1.3858320166259,-2.4663161829776e-05,8.2366074064115,0.062500001999976,0
605,-1.2805479771896,-4.6073241505967e-05,8.2366074064239,0.18750000599994,0
606,-1.112025744387,-4.9194906845067e-05,8.2366074064364,0.31250000999997,0
607,-0.79131217652676,-1.8708316863478e-05,8.2366074064489,0.437500014,0
608,-1.3857482112166,-2.7807310233496e-05,8.3705359821264,0.062500001999973,0
609,-1.2805075572304,-5.1937658475281e-05,8.3705359821385,0.18750000599994,0
610,-1.1120186670495,-5.5436331447046e-05,8.3705359821507,0.31250000999996,0
611,-0.79134654353359,-2.1074966398254e-05,8.3705359821628,0.437500014,0
612,-1.3856537343342,-3.1352465977639e-05,8.5044645578413,0.062500001999971,0
613,-1.2804620073625,-5.8548931140491e-05,8.5044645578531,0.18750000599993,0
614,-1.1120107062143,-6.2468793992489e-05,8.5044645578649,0.31250000999995,0
615,-0.79138526673156,-2.3740065902708e-05,8.5044645578767,0.43750001399999,0
616,-1.3855472266516,-3.5349695451429e-05,8.6383931335562,0.062500001999969,0
617,-1.2804106768038,-6.6002207718724e-05,8.6383931335677,0.18750000599992,0
618,-1.1120017528708,-7.0392434024303e-05,8.6383931335792,0.31250000999994,0
619,-0.79142889734005,-2.6741077440924e-05,8.6383931335906,0.43750001399999,0
620,-1.3854271558103,-3.9856515951639e-05,8.7723217092711,0.062500001999967,0
621,-1.2803528321856,-7.4404749163574e-05,8.7723217092822,0.18750000599991,0
622,-1.1119916847881,-7.9320061876653e-05,8.7723217092934,0.31250000999994,0
623,-0.79147805616571,-3.0120136988095e-05,8.7723217093046,0.43750001399999,0
624,-1.3852917944873,-4.4937688316868e-05,8.906250284986,0.062500001999964,0
625,-1.2802876470386,-8.3877464265968e-05,8.9062502849968,0.18750000599991,0
626,-1.1119803649463,-8.9378766337848e-05,8.9062502850076,0.31250000999993,0
627,-0.791533442366,-3.392463426714e-05,8.9062502850185,0.43750001399999,0
628,-1.3851391957202,-5.0666099726935e-05,9.0401788607008,0.062500001999962,0
629,-1.2802141899249,-9.4556636649898e-05,9.0401788607114,0.1875000059999,0
630,-1.1119676397842,-0.00010071172892001,9.0401788607219,0.31250000999992,0
631,-0.79159584331592,-3.8207864492075e-05,9.0401788607324,0.43750001399998,0
632,-1.3849671651631,-5.7123742996382e-05,9.1741074364157,0.06250000199996,0
633,-1.2801314110367,-0.00010659586631453,9.1741074364259,0.18750000599989,0
634,-1.111953337241,-0.00011348027249629,9.1741074364361,0.31250000999991,0
635,-0.79166614571793,-4.3029761810495e-05,9.1741074364463,0.43750001399998,0
636,-1.3847732299108,-6.4402799861148e-05,9.3080360121306,0.062500001999957,0
637,-1.2800381270549,-0.0001201682512046,9.3080360121405,0.18750000599988,0
638,-1.1119372645667,-0.00012786617563144,9.3080360121504,0.31250000999991,0
639,-0.79174534811379,-4.845772452629e-05,9.3080360121603,0.43750001399998,0
640,-1.3845546034917,-7.260683422806e-05,9.4419645878455,0.062500001999955,0
641,-1.2799330040325,-0.00013546883654123,9.4419645878551,0.18750000599988,0
642,-1.1119192058706,-0.00014407428936929,9.4419645878646,0.3125000099999,0
643,-0.79183457497744,-5.4567544706476e-05,9.4419645878742,0.43750001399998,0
644,-1.3843081465934,-8.1852100427392e-05,9.5758931635604,0.062500001999953,0
645,-1.2798145380317,-0.00015271736231914,9.5758931635697,0.18750000599987,0
646,-1.1118989193733,-0.00016233549803421,9.5758931635789,0.31250000999989,0
647,-0.79193509259277,-6.1444455842238e-05,9.5758931635881,0.43750001399997,0
648,-1.3840303230438,-9.2268967874276e-05,9.7098217392753,0.062500001999951,0
649,-1.2796810332023,-0.00017216134219648,9.7098217392842,0.18750000599986,0
650,-1.1118761343207,-0.00018291007269883,9.7098217392931,0.31250000999988,0
651,-0.79204832694778,-6.918431546055e-05,9.709821739302,0.43750001399997,0
652,-1.383717150536,-0.00010400346212818,9.8437503149902,0.062500001999948,0
653,-1.2795305769406,-0.0001940795092452,9.8437503149988,0.18750000599985,0
654,-1.1118505475089,-0.00020609147352665,9.8437503150074,0.31250000999988,0
655,-0.79217588390855,-7.7894941780347e-05,9.8437503150159,0.43750001399997,0
656,-1.3833641455459,-0.00011721891515156,9.9776788907051,0.062500001999946,0
657,-1.2793610117114,-0.00021878566697625,9.9776788907134,0.18750000599985,0
658,-1.1118218193618,-0.0002322106664059,9.9776788907216,0.31250000999987,0
659,-0.79231957197405,-8.7697627140808e-05,9.9776788907299,0.43750001399997,0
660,-1.3829662618628,-0.00013209771155175,10.11160746642,0.062500001999944,0
661,-1.2791699030454,-0.00024663298515654,10.111607466428,0.18750000599984,0
662,-1.1117895694853,-0.00026164103026534,10.111607466436,0.31250000999986,0
663,-0.79248142795616,-9.8728855497903e-05,10.111607466444,0.43750001399996,0
664,-1.382517822128,-0.00014884310823678,10.245536042135,0.062500001999941,0
665,-1.2789545031442,-0.00027801878237679,10.245536042143,0.18750000599983,0
666,-1.1117533716078,-0.00029480394468038,10.24553604215,0.31250000999985,0
667,-0.7926637459803,-0.00011114225674605,10.245536042158,0.43750001399996,0
668,-1.3820124417667,-0.00016768108969596,10.37946461785,0.062500001999939,0
669,-1.2787117094282,-0.00031338983638722,10.379464617857,0.18750000599982,0
670,-1.1117127477896,-0.00033217516303975,10.379464617864,0.31250000999985,0
671,-0.79286911026222,-0.00012511083819744,10.379464617872,0.43750001399996,0
672,-1.3814429447028,-0.00018886220590063,10.513393193565,0.062500001999937,0
673,-1.2784380172446,-0.00035324826335858,10.513393193572,0.18750000599982,0
674,-1.1116671617583,-0.00037429209517889,10.513393193579,0.31250000999984,0
675,-0.79310043218733,-0.00014082954214918,10.513393193586,0.43750001399996,0
676,-1.3808012702827,-0.00021266331491168,10.64732176928,0.062500001999935,0
677,-1.2781294658112,-0.00039815800208539,10.647321769286,0.18750000599981,0
678,-1.1116160111796,-0.00042176214617161,10.647321769293,0.31250000999983,0
679,-0.79336099230408,-0.00015851819199658,10.647321769299,0.43750001399996,0
680,-1.3800783708984,-0.00023938912189931,10.781250344995,0.062500001999932,0
681,-1.2777815763079,-0.00044875193337653,10.781250345001,0.1875000059998,0
682,-1.1115586186243,-0.00047527228425777,10.781250345007,0.31250000999982,0
683,-0.79365448794415,-0.00017842490499443,10.781250345013,0.43750001399995,0
684,-1.3792640999223,-0.00026937336971647,10.915178920709,0.06250000199993,0
685,-1.2773892808165,-0.00050573965322105,10.915178920715,0.18750000599979,0
686,-1.1114942209162,-0.00053560004337911,10.915178920721,0.31250000999982,0
687,-0.7939850873043,-0.000200830072733,10.915178920727,0.43750001399995,0
688,-1.3783470897452,-0.00030297948372414,11.049107496424,0.062500001999928,0
689,-1.2769468405753,-0.00056991589962278,11.04910749643,0.18750000599979,0
690,-1.1114219564478,-0.00060362620221426,11.049107496436,0.31250000999981,0
691,-0.79435749097342,-0.00022605104001578,11.049107496441,0.43750001399995,0
692,-1.3773146199798,-0.00034060041769604,11.183036072139,0.062500001999925,0
693,-1.2764477517142,-0.00064216960678355,11.183036072145,0.18750000599978,0
694,-1.1113408499199,-0.00068034942592145,11.18303607215,0.3125000099998,0
695,-0.79477700206826,-0.00025444765602843,11.183036072155,0.43750001399995,0
696,-1.3761524762762,-0.00038265736941489,11.316964647854,0.062500001999923,0
697,-1.2758846362978,-0.00072349352044778,11.316964647859,0.18750000599977,0
698,-1.1112497937819,-0.00076690320627527,11.316964647864,0.31250000999979,0
699,-0.79524960636315,-0.00028642892876277,11.316964647869,0.43750001399994,0
700,-1.3748448007139,-0.00042959695019982,11.450893223569,0.062500001999921,0
701,-1.2752491160897,-0.000814994251888,11.450893223574,0.18750000599977,0
702,-1.1111475254069,-0.00086457549067506,11.450893223578,0.31250000999979,0
703,-0.79578206407101,-0.00032246109547544,11.450893223583,0.43750001399994,0
704,-1.373373935448,-0.00048188629167858,11.584821799284,0.062500001999919,0
705,-1.2745316659795,-0.00091790256816001,11.584821799288,0.18750000599976,0
706,-1.1110325987094,-0.00097483144992231,11.584821799293,0.31250000999978,0
707,-0.79638201527081,-0.00036307753698013,11.584821799297,0.43750001399994,0
708,-1.3717202622084,-0.00054000546247464,11.718750374999,0.062500001999916,0
709,-1.2737214434689,-0.0010335836060656,11.718750375003,0.18750000599975,0
710,-1.1109033484623,-0.0010993398930397,11.718750375007,0.31250000999977,0
711,-0.79705810139574,-0.00040889112782033,11.718750375011,0.43750001399994,0
712,-1.3698620414572,-0.00060443645886987,11.852678950714,0.062500001999914,0
713,-1.27280609001,-0.0011635465426551,11.852678950717,0.18750000599974,0
714,-1.1107578449575,-0.0012400038870532,11.852678950721,0.31250000999976,0
715,-0.79782010572112,-0.00046060984755856,11.852678950725,0.43750001399993,0
716,-1.367775256535,-0.0006756479360924,11.986607526429,0.062500001999912,0
717,-1.2717714993461,-0.0013094530465206,11.986607526432,0.18750000599974,0
718,-1.1105938358205,-0.0013989961674353,11.986607526435,0.31250000999976,0
719,-0.79867911644678,-0.00051905681885267,11.986607526439,0.43750001399993,0
720,-1.3654334700313,-0.00075407478632772,12.120536102143,0.062500001999909,0
721,-1.2706015473603,-0.0014731235419208,12.120536102147,0.18750000599973,0
722,-1.1104086706357,-0.0015787999008434,12.12053610215,0.31250000999975,0
723,-0.79964771679365,-0.00058519642233802,12.120536102153,0.43750001399993,0
724,-1.3628077019044,-0.00084009169103922,12.254464677858,0.062500001999907,0
725,-1.269277777353,-0.0016565399263962,12.254464677861,0.18750000599972,0
726,-1.1101992024596,-0.0017822552466694,12.254464677864,0.31250000999974,0
727,-0.80074020757558,-0.00066016884460058,12.254464677867,0.43750001399993,0
728,-1.359866341559,-0.00093397995980369,12.388393253573,0.062500001999905,0
729,-1.2677790342515,-0.001861842874179,12.388393253576,0.18750000599971,0
730,-1.1099616581091,-0.0020126119065874,12.388393253578,0.31250000999973,0
731,-0.80197286903321,-0.00074533647310191,12.38839325358,0.43750001399992,0
732,-1.356575109293,-0.0010358874432189,12.522321829288,0.062500001999903,0
733,-1.2660810412963,-0.0020913212145451,12.52232182929,0.18750000599971,0
734,-1.1096914661212,-0.0022735873622138,12.522321829292,0.31250000999973,0
735,-0.8033642703715,-0.00084234715883046,12.522321829294,0.43750001399992,0
736,-1.3528970865451,-0.0011457821136712,12.656250405003,0.0625000019999,0
737,-1.2641559137792,-0.002347389926575,12.656250405005,0.1875000059997,0
738,-1.1093830272881,-0.0025694295136097,12.656250405007,0.31250000999972,0
739,-0.80493563743994,-0.0009532216607744,12.656250405008,0.43750001399992,0
740,-1.3487928386627,-0.001263400923875,12.790178980718,0.062500001999898,0
741,-1.2619716067041,-0.0026325516757387,12.790178980719,0.18750000599969,0
742,-1.1090294072735,-0.0029049803675641,12.790178980721,0.31250000999971,0
743,-0.8067112915115,-0.0010804755109267,12.790178980722,0.43750001399992,0
744,-1.3442206554818,-0.0013881972085622,12.924107556433,0.062500001999896,0
745,-1.2594912958696,-0.0029493347045594,12.924107556434,0.18750000599968,0
746,-1.1086219229007,-0.0032857339256078,12.924107556435,0.3125000099997,0
747,-0.80871917590347,-0.0012272896851392,12.924107556436,0.43750001399992,0
748,-1.3391369322234,-0.0015192947237581,13.058036132148,0.062500001999893,0
749,-1.2566726948141,-0.0033001993565679,13.058036132149,0.18750000599968,0
750,-1.1081495816099,-0.0037178776783224,13.058036132149,0.3125000099997,0
751,-0.81099149253149,-0.001397753177867,13.05803613215,0.43750001399991,0
752,-1.3334967221147,-0.0016554666292177,13.191964707863,0.062500001999891,0
753,-1.2534673239028,-0.0036874074344109,13.191964707863,0.18750000599967,0
754,-1.1075983184335,-0.0042083037871053,13.191964707864,0.31250000999969,0
755,-0.81356547267879,-0.0015972178683442,13.191964707864,0.43750001399991,0
756,-1.327254545612,-0.0017951612349677,13.325893283577,0.062500001999889,0
757,-1.2498197953905,-0.0041128388914835,13.325893283578,0.18750000599966,0
758,-1.1069499648108,-0.0047645606184625,13.325893283578,0.31250000999968,0
759,-0.81648429584893,-0.0018328193770916,13.325893283578,0.43750001399991,0
763,-0.81979816526191,-0.0021141860125791,13.459821859292,0.43750001399991,0
762,-1.1061808804877,-0.0053946555033827,13.459821859292,0.31250000999967,0
761,-1.2456672369174,-0.0045776896566903,13.459821859292,0.18750000599965,0
760,-1.3203655850347,-0.0019365629515177,13.459821859292,0.062500001999887,0
767,-0.82356563737756,-0.0024543042300041,13.593750435006,0.4375000139999,0
766,-1.1052601324017,-0.0061065334225998,13.593750435006,0.31250000999967,0
765,-1.2409388864053,-0.0050819353319227,13.593750435006,0.18750000599965,0
764,-1.312787150352,-0.002077642663521,13.593750435006,0.062500001999884,0
771,-0.82785548455346,-0.0028707246897547,13.727679010719,0.4375000139999,0
770,-1.1041469191081,-0.0069071525872081,13.727679010719,0.31250000999966,0
769,-1.2355555997836,-0.0056236328402685,13.727679010719,0.18750000599964,0
768,-1.3044797560144,-0.0022163535808193,13.72767901072,0.062500001999882,0
775,-0.83274897993186,-0.0033880110142431,13.861607586433,0.4375000139999,0
774,-1.1027867937033,-0.0078014908918924,13.861607586433,0.31250000999965,0
773,-1.2294295135198,-0.0061985715411045,13.861607586433,0.18750000599963,0
772,-1.2954080973374,-0.0023516278229337,13.861607586433,0.06250000199988,0
779,-0.83834039176589,-0.0040418272173617,13.995536162147,0.4375000139999,0
778,-1.101107032143,-0.0087912580724233,13.995536162147,0.31250000999964,0
777,-1.2224672747235,-0.0067999087726316,13.995536162147,0.18750000599962,0
776,-1.2855473091577,-0.0024851571742247,13.995536162147,0.062500001999877,0
783,-0.84473221698375,-0.0048788188672448,14.129464737861,0.43750001399989,0
782,-1.0990135724837,-0.0098685220451703,14.129464737861,0.31250000999964,0
781,-1.2145826030575,-0.0074128591151717,14.129464737861,0.18750000599962,0
780,-1.2749016401842,-0.0026198138618983,14.129464737861,0.062500001999875,0
787,-0.85203269027909,-0.0059383683350944,14.263393313574,0.43750001399989,0
786,-1.0963901099724,-0.010994457592075,14.263393313574,0.31250000999963,0
785,-1.2057088181935,-0.0079978332239249,14.263393313574,0.18750000599961,0
784,-1.2635155228305,-0.0027491370902799,14.263393313574,0.062500001999873,0
791,-0.86038595939192,-0.0072268912927332,14.397321889288,0.43750001399989,0
790,-1.0930843554174,-0.012072757939971,14.397321889288,0.31250000999962,0
789,-1.1957694323387,-0.0084796238749187,14.397321889288,0.1875000059996,0
788,-1.2514164254101,-0.0028535603617531,14.397321889288,0.062500001999871,0
795,-0.87001847127824,-0.0087737856965896,14.531250465002,0.43750001399989,0
794,-1.0888612037286,-0.012981988306353,14.531250465002,0.31250000999961,0
793,-1.1846269233616,-0.0087964463393169,14.531250465002,0.18750000599959,0
792,-1.2385529088201,-0.0029453013197114,14.531250465002,0.062500001999868,0
799,-0.88103493430362,-0.010769876337232,14.665179040716,0.43750001399988,0
798,-1.0834242907452,-0.01366247473136,14.665179040716,0.31250000999961,0
797,-1.1723494813178,-0.0089494252244327,14.665179040716,0.18750000599959,0
796,-1.2252032467117,-0.0031021863364048,14.665179040716,0.062500001999866,0
803,-0.89257892789243,-0.013005398632634,14.799107616429,0.43750001399988,0
802,-1.0768574965435,-0.013721702012323,14.799107616429,0.3125000099996,0
801,-1.1602109192424,-0.008632971044746,14.799107616429,0.18750000599958,0
800,-1.2131309604676,-0.0032024635740513,14.799107616429,0.062500001999864,0
807,-0.90243014730821,-0.012187115680461,14.933036192143,0.43750001399988,0
806,-1.0702549586795,-0.010712870664999,14.933036192143,0.31250000999959,0
805,-1.1509486392212,-0.0063329486232234,14.933036192143,0.18750000599957,0
804,-1.2053137788416,-0.0024589844057295,14.933036192143,0.062500001999861,0
