id,u,v,x,y,z
0,-0.085696994948643,0.093905372612375,-10.282906831933,0.062520202861361,0
1,-0.057327811623943,0.1609920656433,-10.281360408514,0.18755252698988,0
2,-0.033559804704008,0.22820743592635,-10.278428601485,0.31256060937292,0
3,-0.015215181347084,0.28262219345828,-10.274111787829,0.43752829324441,0
808,-0.00048869591179681,0.3233183324863,-10.26824147234,0.56256899915995,0
809,0.012689179789565,0.35258200362982,-10.260815383854,0.6876663884244,0
810,0.024536747486259,0.37213155190958,-10.252000503782,0.81267450665203,0
811,0.035440152058662,0.38357555459313,-10.241797970564,0.93757712538758,0
1168,0.053251833634376,0.38349695234832,-10.222383015916,1.1310223346639,0
1169,0.063646977602767,0.35916568787789,-10.191217733667,1.3926820757393,0
4,-0.26448122267762,0.062128803245619,-10.182782441094,0.062518076454915,0
5,-0.22420687741798,0.1201816090158,-10.181060164761,0.18754699846467,0
6,-0.18760160474394,0.1851674410918,-10.178098334674,0.31255423049161,0
7,-0.15545752378288,0.24255605020169,-10.17389728813,0.43752531648186,0
812,-0.1270886109071,0.28973251988873,-10.167966279889,0.56256173798523,0
813,-0.10092509201046,0.32869839145238,-10.160303277857,0.68764887616922,0
1170,0.070260492584669,0.32528652827491,-10.153600092274,1.653492402997,0
814,-0.077056019279732,0.3603269218452,-10.151397672827,0.81265614026762,0
815,-0.055385122748038,0.38534221292797,-10.141250483404,0.93756901008363,0
1196,-0.016497420699067,0.41655309187231,-10.121936343542,1.1296147877868,0
1171,0.072459452000746,0.28732322197022,-10.109553035741,1.9132942290938,0
1197,0.013768536564058,0.42555319358034,-10.090883155076,1.3884613386396,0
8,-0.36642227173509,0.043422880998912,-10.082658050254,0.062515950048468,0
9,-0.32035213205695,0.090147106558651,-10.080759921009,0.18754146993946,0
10,-0.27602092477738,0.14387342517965,-10.077768067862,0.31254785161029,0
11,-0.23508080434163,0.19189036549303,-10.073682788431,0.4375223397193,0
816,-0.19818417258223,0.23111589608022,-10.067691087438,0.5625544768105,0
817,-0.16416501379639,0.26356086566736,-10.05979117186,0.68763136391404,0
1172,0.070942107012505,0.25038237881978,-10.059103430117,2.1719290807621,0
1198,0.038594489596988,0.42529172907293,-10.053455153364,1.646463339496,0
818,-0.13336622526867,0.28939962963102,-10.050794841872,0.81263777388321,0
819,-0.10571370579755,0.30896984078003,-10.040702996243,0.93756089477968,0
1224,-0.057259115941839,0.33162953869282,-10.021489671169,1.1282072409097,0
1199,0.057834528322978,0.41867034730895,-10.00967510604,1.9034638139782,0
1173,0.067677516835952,0.21740555978242,-10.002282046873,2.4292391968799,0
1225,-0.019470960645497,0.33700139003564,-9.9905485764853,1.3842406015399,0
12,-0.44954225974638,0.032296306188265,-9.9825336594139,0.062513823642021,0
13,-0.40169594037064,0.069910227485237,-9.9804596772565,0.18753594141425,0
14,-0.3530503846776,0.11374916649501,-9.9774378010507,0.31254147272898,0
15,-0.30615826572368,0.15339902073124,-9.9734682887316,0.43751936295675,0
820,-0.26283086296598,0.18551289095717,-9.9674158949871,0.56254721563578,0
1200,0.072188582385596,0.40646583902122,-9.9595696459196,2.1593063938257,0
821,-0.22255017739002,0.21207891727754,-9.9592790658634,0.68761385165886,0
1226,0.0097871186494346,0.33524446179757,-9.9533102144547,1.639434275995,0
822,-0.18582999803401,0.23276902431215,-9.9501920109175,0.8126194074988,0
823,-0.1525376221552,0.24788060048723,-9.9401555090828,0.93755277947572,0
1174,0.064020378460538,0.18925586157292,-9.9391235439187,2.6850676255643,0
1252,-0.095511408816039,0.26379245851169,-9.9210429987956,1.1267996940326,0
1227,0.031522127737332,0.32869638244853,-9.9097971763393,1.8936333988626,0
1201,0.082709533531088,0.39053476957935,-9.9031692545521,2.4138354155342,0
1253,-0.051666763999603,0.26581420737381,-9.8902139978947,1.3800198644402,0
16,-0.51544707023188,0.024974533667178,-9.8824092685739,0.062511697235574,0
17,-0.46745980292783,0.055442715105188,-9.8801594335038,0.18753041288904,0
18,-0.41592242485832,0.091071819493678,-9.8771075342389,0.31253509384766,0
19,-0.36438471458369,0.12356970373906,-9.8732537890319,0.43751638619419,0
1175,0.060615960517003,0.1660228159027,-9.8696664448435,2.939258317959,0
824,-0.31561082279864,0.149485454533,-9.8671407025358,0.56253995446105,0
1228,0.047424381776384,0.31908116573377,-9.8600358617228,2.1466837068893,0
825,-0.269784179628,0.170891734857,-9.8587669598663,0.68759633940368,0
1254,-0.018965908351418,0.26189995751816,-9.8531652755451,1.632405212494,0
826,-0.22756714446386,0.1870736177244,-9.8495891799627,0.8126010411144,0
1202,0.090437425621174,0.37292978653822,-9.8405082434604,2.6668960159407,0
827,-0.18894547906913,0.19836699362736,-9.8396080219224,0.93754466417177,0
1280,-0.12536301661438,0.2090782809346,-9.8205963264224,1.1253921471555,0
1255,0.00453811268679,0.25390026259137,-9.8099192466386,1.8838029837469,0
1229,0.059142935057122,0.30783369607788,-9.8040564622312,2.3984316341885,0
1176,0.057757654360207,0.14723952178963,-9.7939531151825,3.1916562244188,0
1281,-0.076481640532413,0.20868176321565,-9.7898794193041,1.3757991273405,0
20,-0.56803281771152,0.019887278280223,-9.7822848777333,0.062509570829127,0
21,-0.52035839454268,0.044706734676491,-9.7798591897507,0.18752488436383,0
22,-0.46667777102295,0.073644137226004,-9.7767772674269,0.31252871496635,0
23,-0.41141943504622,0.10017825520307,-9.7730392893323,0.43751340943164,0
1203,0.09619369068551,0.35496383227558,-9.771624733662,2.9183342244718,0
828,-0.35807277535162,0.1208975185909,-9.7668655100845,0.56253269328633,0
1256,0.021241043556221,0.24377033701345,-9.760502077526,2.1340610199529,0
829,-0.30746104867756,0.13797873874455,-9.7582548538692,0.6875788271485,0
1282,-0.040689377623137,0.20282486898286,-9.7530203366356,1.6253761489929,0
830,-0.26036793451751,0.15042157909247,-9.7489863490077,0.81258267472999,0
1230,0.0679349859304,0.29590042096406,-9.7418929430024,2.6487244063171,0
831,-0.21694556438387,0.15865762414701,-9.7390605347617,0.93753654886781,0
1308,-0.14833721014864,0.16555301456172,-9.720149654049,1.1239846002785,0
1177,0.055544131929494,0.13221214953122,-9.7120297369262,3.4421073881037,0
1283,-0.015650348187299,0.19313030760575,-9.7100413169379,1.8739725686313,0
1257,0.033214342721541,0.23307160073714,-9.7049436699103,2.3830278528427,0
1204,0.10060867995797,0.33738689789063,-9.6965606321895,3.1679970579891,0
1309,-0.095093332532213,0.16362972110289,-9.6895448407133,1.3715783902408,0
24,-0.61067898516466,0.016126236764205,-9.6821604868928,0.06250744442268,0
25,-0.56324898345689,0.036435718017225,-9.6795589459974,0.18751935583863,0
26,-0.50781199460496,0.059950809399496,-9.6764470006145,0.31252233608503,0
1231,0.074694129531588,0.28382163365279,-9.6735830224807,2.8974101309847,0
27,-0.44948005116597,0.081569816713347,-9.6728247896321,0.43751043266908,0
832,-0.392272544684,0.098038706392385,-9.6665903176326,0.5625254321116,0
1284,0.0014876606422238,0.18184020849978,-9.6609682933293,2.1214383330165,0
833,-0.33754061998672,0.11158166874302,-9.6577427478715,0.68756131489333,0
1310,-0.056358979129665,0.15618123587584,-9.6528753977258,1.6183470854919,0
834,-0.28617644022577,0.12102618562437,-9.6483835180523,0.81256430834558,0
1258,0.041982801885514,0.22265773537381,-9.6432776425444,2.6305527966934,0
835,-0.23848554591283,0.1269176558163,-9.6385130476007,0.93752843356386,0
1178,0.053953518583983,0.12021549936833,-9.6239462801152,3.6904590395988,0
1336,-0.16617177739004,0.13116527050378,-9.6197029816752,1.1225770534014,0
1205,0.1041398121615,0.32057975642161,-9.6153616069617,3.4157326128126,0
1311,-0.029841916810091,0.1448908205687,-9.6101633872369,1.8641421535156,0
1285,0.013201842629521,0.17073647544945,-9.6058308775893,2.3676240714969,0
1232,0.080052581942338,0.27189780922091,-9.5991681491968,3.1443378915595,0
1337,-0.10897576728595,0.12833280002793,-9.5892102621221,1.3673576531411,0
28,-0.64559701806797,0.01320225242189,-9.5820360960528,0.062505318016233,0
29,-0.59820515244637,0.029867915828387,-9.5792587022447,0.18751382731342,0
30,-0.54122645825695,0.048986481525079,-9.5761167338027,0.31251595720371,0
1259,0.048617003599655,0.21287355029245,-9.5755413112993,2.8764860374975,0
31,-0.48028825556119,0.066566099120349,-9.5726102899324,0.43750745590653,0
836,-0.41979827473305,0.079600912901504,-9.5663151251811,0.56251817093688,0
1312,-0.012411458873864,0.1323660198115,-9.5614345091322,2.1088156460801,0
837,-0.36150920804439,0.090274306124882,-9.5572306418741,0.68754380263815,0
1338,-0.067337008547125,0.11966394089424,-9.5527304588158,1.6113180219909,0
838,-0.30642298632482,0.097360536620832,-9.5477806870971,0.81254594196117,0
1286,0.02136399554208,0.16075176952924,-9.5446623420863,2.6123811870698,0
839,-0.25501477142657,0.10150019633796,-9.5379655604398,0.9375203182599,0
1179,0.05283056271855,0.11057148959353,-9.5297564721242,3.9365596908991,0
1206,0.10708927749335,0.30469830489084,-9.5280770588013,3.661390157734,0
1364,-0.18008098099659,0.10399860532105,-9.5192563093014,1.1211695065243,0
1233,0.084452765399755,0.26030925866201,-9.5186934769975,3.3893578375215,0
1339,-0.039302940999514,0.1071451495624,-9.5102854575357,1.8543117384,0
1313,-0.0011970066132903,0.12064276965286,-9.5067180852682,2.3522202901511,0
1260,0.053842545994934,0.20379867545215,-9.501775666204,3.1206787251297,0
1365,-0.11920197404085,0.10059954503332,-9.488875683531,1.3631369160414,0
32,-0.67444808130453,0.010848948590122,-9.4819117052131,0.062503191609787,0
33,-0.62689238533264,0.024537069645596,-9.4789584584922,0.18750829878821,0
1287,0.027303119090974,0.15218370946518,-9.4774996001179,2.8555619440102,0
34,-0.56850573374167,0.040080234932421,-9.475786466991,0.3125095783224,0
35,-0.50531001286591,0.054335227274429,-9.4723957902328,0.43750447914398,0
840,-0.44200222978649,0.0646124905608,-9.4660399327297,0.56251090976215,0
1340,-0.021580550193202,0.093716274748069,-9.461900724935,2.0961929591437,0
841,-0.38062630910405,0.072962794909166,-9.4567185358768,0.68752629038297,0
1366,-0.074666784222646,0.091062919189818,-9.4525855199058,1.6042889584899,0
842,-0.32231102141049,0.078213954620764,-9.4471778561419,0.81252757557677,0
1314,0.0060702589365925,0.11079501261123,-9.446047041628,2.5942095774461,0
843,-0.26775553612337,0.08106407645491,-9.4374180732788,0.93751220295595,0
1207,0.1096410705739,0.28983027279641,-9.4347600911129,3.9048202266275,0
1234,0.088187841080501,0.24917121728798,-9.4322078374877,3.6323212758693,0
1180,0.052247169803816,0.10312816955981,-9.4295177653275,4.1802592264232,0
1261,0.058141633064029,0.1954112269775,-9.4220253470332,3.3629830622304,0
1392,-0.19096271990717,0.082406949364754,-9.4188096369277,1.1197619596472,0
1367,-0.0450819672197,0.07791160093429,-9.4104075278345,1.8444813232845,0
1341,-0.010932653896032,0.081632729017027,-9.4076052929468,2.3368165088054,0
1288,0.031890670689734,0.14496881850697,-9.4043831832112,3.0970195587,0
1393,-0.12661205266006,0.07866682867057,-9.3885411049399,1.3589161789417,0
36,-0.69874699167941,0.0089333296089452,-9.3817873143741,0.06250106520334,0
1315,0.011037211159223,0.10312115798085,-9.3794578889364,2.8346378505231,0
37,-0.65086360843323,0.020176863221118,-9.3786582147403,0.187502770263,0
38,-0.59114896463882,0.032812615424088,-9.3754562001797,0.31250319944108,0
39,-0.52594870915385,0.044331155404287,-9.3721812905334,0.43750150238142,0
844,-0.4601604074147,0.052417537524823,-9.3657647402783,0.56250364858743,0
1368,-0.027021309923308,0.064233526962206,-9.3623669407378,2.0835702722074,0
845,-0.39605581434725,0.058890593226157,-9.3562064298795,0.68750877812779,0
1394,-0.079240029576412,0.068624438755053,-9.3524405809958,1.597259894989,0
1342,-0.0046648617917693,0.072134056704611,-9.3474317411695,2.5760379678225,0
846,-0.33492534302212,0.062723439438521,-9.3465750251867,0.81250920919236,0
1235,0.091455584978953,0.23855233200006,-9.3397637101019,3.8730807623559,0
847,-0.27773191471175,0.064623300660058,-9.3368705861179,0.937504087652,0
1262,0.061825185741457,0.18766222576038,-9.336338616174,3.6032523940046,0
1208,0.11185200175249,0.27570588119349,-9.3354674779619,4.1458747081202,0
1289,0.035670492726977,0.13890300373233,-9.3253572170688,3.3366082869392,0
1181,0.052149065275453,0.097112229793228,-9.3232913015124,4.4214089959881,0
1420,-0.19956865688567,0.065130014361265,-9.3183629645539,1.1183544127701,0
1395,-0.048129004528086,0.055562200326671,-9.3105295981334,1.8346509081689,0
1369,-0.016922662305233,0.05241042037366,-9.3084925006255,2.3214127274598,0
1316,0.014755102398761,0.097412641199766,-9.3069907002182,3.0733603922702,0
1421,-0.13187113114467,0.061145450689999,-9.2882065263488,1.3546954418421,0
1343,-0.00075427251796905,0.065511940433348,-9.2814161777546,2.8137137570359,0
40,-0.71943055709308,0.0074647697149005,-9.2726622182279,0.062500002000116,0
41,-0.67115914958518,0.016696028872298,-9.2694854049637,0.1875000060004,0
42,-0.6101881985287,0.026963529923108,-9.2663085916995,0.31250001000043,0
43,-0.54319531973538,0.036221745840985,-9.2631317784353,0.43750001400014,0
1396,-0.029714868646097,0.042490594450696,-9.2628331565407,2.0709475852711,0
848,-0.47517879139726,0.042572504957073,-9.2567654680122,0.56250001800007,0
1422,-0.081876290547966,0.051109913330413,-9.2522956420857,1.590230831488,0
1370,-0.011654605686311,0.043850871713435,-9.2488164407112,2.5578663581991,0
849,-0.40862466850911,0.047505098552687,-9.2472096604301,0.6875000220002,0
1263,0.065097094442859,0.18049579241556,-9.2447673290907,3.8413412980842,0
1236,0.094410414921991,0.22846373182497,-9.2414171905966,4.1114901898173,0
1290,0.03896959997067,0.13376317791132,-9.2404693948603,3.5741835121397,0
850,-0.34502693172212,0.05021386152521,-9.237653852848,0.81250002600016,0
1209,0.11383857846908,0.26223550728443,-9.2302596291229,4.3844069367996,0
1317,0.017836634288047,0.093264418198988,-9.2286890871043,3.3102335116481,0
851,-0.28561361967823,0.051358341796728,-9.228098045266,0.93750003000002,0
1182,0.052292231256309,0.09181924496395,-9.2111418746816,4.6598619050815,0
1423,-0.049303274602496,0.038811553758391,-9.2106516684322,1.8248204930533,0
1448,-0.20633461363921,0.051244734534694,-9.2097851530733,1.1169850721481,0
1344,0.0020549276261069,0.061343005646999,-9.2095982172251,3.0497012258406,0
1397,-0.020133123625819,0.031782948398781,-9.2093797083042,2.3060089461142,0
1371,-0.0087519616340713,0.038758916432678,-9.183374466573,2.7927896635489,0
1449,-0.13549820141359,0.047012555427449,-9.1798882302523,1.3505929565007,0
1424,-0.030603894726165,0.027219878611748,-9.1632993723434,2.0583248983347,0
44,-0.73871292702846,0.0060257781357215,-9.1545364167744,0.062500002000117,0
45,-0.68988052667632,0.013465794361605,-9.1514400291623,0.1875000060004,0
1398,-0.01581010687715,0.024984125532795,-9.1502011402529,2.5396947485756,0
1291,0.041984559812293,0.12935282590109,-9.1497709480795,3.8096018338125,0
46,-0.6275604524124,0.021614324334551,-9.1483436415502,0.31250001000043,0
1264,0.068112892797814,0.17385733401044,-9.1473669032311,4.0771056715142,0
47,-0.55878416258307,0.028829478387773,-9.1452472539381,0.43750001400014,0
1318,0.020614713831111,0.090272919256164,-9.1446001735464,3.545114630275,0
1450,-0.08327050566306,0.037418106296798,-9.1443470802363,1.5834076734318,0
852,-0.48855223453837,0.033684240614792,-9.1390421159308,0.56250001800007,0
1237,0.097177794206864,0.21892188030031,-9.1372279567336,4.3474048776112,0
1345,0.0044357483453432,0.058978336848822,-9.1320209571397,3.283858736357,0
853,-0.41957684116138,0.037280203959418,-9.1297282275281,0.68750002200021,0
854,-0.35362469056033,0.039041627858845,-9.1204143391255,0.81250002600017,0
1210,0.115683044005,0.24948976415991,-9.119200553375,4.6202717821833,0
1372,-0.0067467376574885,0.036359576508258,-9.1122057342321,3.0260420594111,0
855,-0.29217306724441,0.03954398591814,-9.1111004507229,0.93750003000002,0
1425,-0.02157095124065,0.018548326858059,-9.1102669159829,2.2906051647685,0
1451,-0.049510020151314,0.026569288068956,-9.1031827056516,1.8152919276843,0
1183,0.0524866980213,0.086997947156849,-9.0931378919351,4.8954725036645,0
1476,-0.21191819916405,0.038794943054569,-9.0930762024859,1.1156539377813,0
1399,-0.013768435595617,0.022005485522593,-9.0853327553914,2.7718655700619,0
1477,-0.13783227459832,0.034293202733338,-9.0635862166502,1.3466087229177,0
1452,-0.0306141226182,0.017055990250782,-9.0564194487077,2.0461089745046,0
1319,0.023263406801064,0.088111006576138,-9.0547745670682,3.7778623695408,0
1292,0.044849764423544,0.12551851717428,-9.0533166158657,4.0427211532112,0
1426,-0.018149150238638,0.014308952940763,-9.0515858397944,2.521523138952,0
1346,0.0067056737864648,0.05784600982333,-9.0487309522323,3.5160457484103,0
1265,0.070993563639474,0.16771485054757,-9.0441962843441,4.3104028184226,0
48,-0.75409921403786,0.0048809527760638,-9.0364106153209,0.062500002000117,0
1373,-0.0049401315262677,0.035735937740769,-9.0353528271752,3.2574839610661,0
49,-0.70466508952875,0.010923504935461,-9.0333946533609,0.1875000060004,0
50,-0.64114616925133,0.017414822938115,-9.0303786914009,0.31250001000043,0
1478,-0.083610978238158,0.025376916162441,-9.0285948954473,1.5767904208205,0
51,-0.57082494102273,0.023027031476551,-9.0273627294409,0.43750001400014,0
1238,0.099820418308094,0.20996033285689,-9.0272592320685,4.5806816592852,0
856,-0.49872143780896,0.026707118416826,-9.0213187638493,0.56250001800007,0
1400,-0.012360462112286,0.021557550706263,-9.0148132512391,3.0023828929816,0
857,-0.42772930232502,0.029271007700086,-9.0122467946261,0.68750002200022,0
1453,-0.022250775512425,0.011098890717174,-9.0040849763916,2.2757227030597,0
858,-0.35984473183579,0.030318448043234,-9.0031748254029,0.81250002600017,0
1211,0.11738187117983,0.23748560294199,-9.0023578198772,4.8533257363066,0
859,-0.29673158391965,0.030337462141731,-8.9941028561797,0.93750003000003,0
1479,-0.049139871680603,0.016603157267032,-8.9881227097914,1.8060652120619,0
1427,-0.016783594052243,0.013751253230556,-8.9872910442096,2.7509414765748,0
1504,-0.21568562601427,0.029075794566193,-8.9763672518982,1.1143228034144,0
1184,0.052651067740776,0.082544496235353,-8.9693513322497,5.1280970741325,0
1347,0.0089991468339414,0.057529686165659,-8.9597781860567,3.7461229052692,0
1320,0.025883374019668,0.086541420603093,-8.9592663285001,4.0083366349081,0
1374,-0.003064020301999,0.036212630971405,-8.9528617309185,3.4869768665457,0
1293,0.047662455881275,0.12215852920848,-8.9511646119547,4.273400759234,0
1505,-0.13901123033594,0.024408185969619,-8.9472842030479,1.3426244893346,0
1454,-0.019735972694121,0.009715814805363,-8.9462102638641,2.5039977181702,0
1480,-0.030465512157149,0.010064688103844,-8.9421933856335,2.0342998137808,0
1401,-0.010929770291278,0.022530610963952,-8.9386846972108,3.2311091857752,0
1266,0.073804618197447,0.16205524329857,-8.935317910762,4.541091536387,0
52,-0.76664267790518,0.0039809141745549,-8.9182848138671,0.062500002000117,0
1428,-0.015743867285758,0.015054650680786,-8.917420768246,2.9787237265519,0
53,-0.71659997152389,0.0089361087250208,-8.9153492775593,0.1875000060004,0
1506,-0.083620910081942,0.016489305544545,-8.9128427106581,1.5701731682092,0
54,-0.6519833358048,0.014144468717313,-8.9124137412514,0.31250001000043,0
1239,0.10234683799048,0.20158605751094,-8.9115777478196,4.8111789689488,0
55,-0.58028607061912,0.018518918846116,-8.9094782049436,0.43750001400014,0
860,-0.50655810903439,0.021295779093066,-8.9035954117678,0.56250001800007,0
861,-0.433848521393,0.023075059451253,-8.8947653617239,0.68750002200022,0
1481,-0.023063891831997,0.0073829121809597,-8.8908338895305,2.261361560988,0
862,-0.3643370940682,0.023589844762386,-8.8859353116801,0.81250002600018,0
1455,-0.018834645822663,0.011082877181939,-8.8828295765308,2.7307994184815,0
1212,0.11891759261713,0.22618664573862,-8.8798025175468,5.0834270002628,0
863,-0.29982334984399,0.023247515798849,-8.8771052616362,0.93750003000003,0
1507,-0.049111571951856,0.0099139120479065,-8.873062713931,1.7968384964394,0
1348,0.011375613356992,0.057751398319828,-8.8652160411344,3.9739521166052,0
1375,-0.0010389541461684,0.037362560277684,-8.8647818050455,3.7143834409979,0
1532,-0.21811728919972,0.021584704882549,-8.8596583013103,1.1129916690476,0
1321,0.028539803429962,0.085408715999597,-8.8581329395651,4.2363987000455,0
1402,-0.0092944284884409,0.024285471480098,-8.8569925096047,3.4579079846812,0
1294,0.050475366466061,0.11920956710014,-8.8433765894554,4.5015014134887,0
1429,-0.01450984333689,0.017184752678861,-8.8420165672462,3.2047344104842,0
1185,0.052775917818597,0.078403638215495,-8.8398577020526,5.3575937201724,0
1482,-0.021289371400707,0.0082409509083143,-8.834074412462,2.4871184862302,0
1533,-0.13945843524566,0.016885298091795,-8.8309821894454,1.3386402557516,0
1508,-0.030982476657946,0.0061391710082886,-8.8279673225591,2.0224906530569,0
1267,0.076562674708989,0.15685470895789,-8.8207976757618,4.7690322015908,0
1456,-0.017976809350867,0.013348489685975,-8.8139804490361,2.955994078885,0
56,-0.77700159899978,0.0032857816059773,-8.8001590124134,0.062500002000117,0
57,-0.72635343471819,0.0074025058714208,-8.7973039017577,0.1875000060004,0
1534,-0.083556486818929,0.010152784519353,-8.7970905258688,1.5635559155979,0
58,-0.66071782734895,0.011624065021877,-8.7944487911021,0.31250001000043,0
59,-0.58777635551735,0.015049328825585,-8.7915936804464,0.43750001400015,0
1240,0.10475636730554,0.1937663856511,-8.7902537028441,5.0387569263932,0
864,-0.512616672384,0.017134050520312,-8.7858720596863,0.56250001800007,0
1509,-0.024299521119756,0.0057828950787944,-8.7775828026692,2.2470004189163,0
865,-0.4384225100845,0.018318985169013,-8.7772839288218,0.68750002200023,0
1483,-0.020647782881439,0.010453659058909,-8.7719483523549,2.7114393957821,0
1376,0.0011528040822449,0.038925874124434,-8.7711657537689,3.9395675983025,0
1403,-0.0074333021272518,0.026481007343613,-8.7697854240343,3.6826439767265,0
866,-0.36751773788453,0.018436458478402,-8.7686957979572,0.81250002600019,0
1349,0.013866790835164,0.058336104101328,-8.7651012671754,4.1993966408571,0
1430,-0.013003345530885,0.019714748755612,-8.7611232882907,3.4288391028166,0
867,-0.30179524873501,0.017827007330184,-8.7601076670927,0.93750003000003,0
1535,-0.049442885079716,0.005597087661855,-8.7580027180704,1.787611780817,0
1213,0.12028912103358,0.21553770853644,-8.7516092113365,5.3104355715681,0
1322,0.031265498531773,0.084614637249365,-8.7514352681487,4.4619112905905,0
1560,-0.21952904539778,0.015856204595475,-8.7429493507224,1.1116605346807,0
1457,-0.016860472447826,0.015944768715182,-8.7397036634579,3.1794489282092,0
1295,0.053301637803606,0.11661773286503,-8.730017603704,4.7268854342327,0
1510,-0.022941620213927,0.0076306966580127,-8.7219385610596,2.4702392542902,0
1561,-0.13947029916284,0.011256755633485,-8.7146801758429,1.3346560221686,0
1536,-0.031935374033424,0.0038557455854124,-8.7137412594845,2.0106814923331,0
1186,0.052876133793622,0.074541324514851,-8.7047359881586,5.5838224550474,0
1484,-0.0199405112608,0.013020516305303,-8.7044922936094,2.9341939499807,0
1268,0.079269342984467,0.15206636532609,-8.7007048881412,4.9940868525234,0
60,-0.78568083768101,0.0027562212004135,-8.6820332109595,0.062500002000117,0
1562,-0.083572566934071,0.0057838966500565,-8.6813383410794,1.5569386629866,0
61,-0.73443050355019,0.0062332766623123,-8.6792585259561,0.1875000060004,0
1404,-0.0053603163251649,0.028927166659662,-8.6771154664034,3.9051830799998,0
62,-0.66783685108822,0.0097015350941236,-8.6764838409526,0.31250001000043,0
1431,-0.011245202268469,0.022454408473212,-8.6747890430229,3.650904512455,0
63,-0.59375368328892,0.012403223086838,-8.6737091559492,0.43750001400015,0
1377,0.0035145005442736,0.040745526114387,-8.672069594786,4.1623945816689,0
868,-0.51731391830105,0.013959061879833,-8.6681487076049,0.56250001800007,0
1537,-0.025775953396334,0.0048384685842957,-8.6643317158077,2.2326392768445,0
1241,0.10706104653217,0.1864502370008,-8.6633607206206,5.2632774229638,0
1511,-0.022488711416367,0.010161803622671,-8.6610671281787,2.6920793730826,0
1458,-0.01546934164824,0.018709334957499,-8.6600432252369,3.4010322275831,0
869,-0.44181805665016,0.014694657989837,-8.6598024959197,0.68750002200023,0
1350,0.016484943494185,0.059174585464515,-8.6594939468419,4.4223211676924,0
870,-0.36970182559975,0.014516321559286,-8.6514562842346,0.8125000260002,0
871,-0.3029185902504,0.013711771724058,-8.6431100725495,0.93750003000004,0
1563,-0.050118959635727,0.002903891748619,-8.6429427222098,1.7783850651946,0
1323,0.034064868153745,0.084086235789762,-8.6392375316462,4.6847386668748,0
1485,-0.018958166477206,0.015732001157879,-8.6317459858459,3.1552527389502,0
1588,-0.22018343700082,0.01150694838062,-8.6262404001347,1.1103294003138,0
1214,0.1215101337849,0.20548647182733,-8.6178558959434,5.5342133309289,0
1296,0.05613907346984,0.11432299072696,-8.6111560734383,4.9494167786536,0
1538,-0.024710443719017,0.0072011935068971,-8.6098027096572,2.4533600223502,0
1564,-0.033251038736318,0.0024528795479128,-8.5995151964098,1.9988723316093,0
1589,-0.13923578092238,0.0071330624883955,-8.5983781622406,1.3306717885856,0
1512,-0.021916146218699,0.012857229596113,-8.5950041381826,2.9123938210765,0
1432,-0.009263545308147,0.025301937238288,-8.5830651790378,3.870798561697,0
1405,-0.003089914493635,0.031511124781274,-8.5790379223966,4.1253925224807,0
1269,0.081931557798933,0.14763321167055,-8.5751122299045,5.2161192743594,0
1459,-0.013829886533709,0.021568303767424,-8.5750463365356,3.620613350354,0
1378,0.00604203292077,0.042724010485315,-8.5675526255354,4.3827310447945,0
1590,-0.083802596156502,0.002899774580792,-8.5655861562902,1.5503214103753,0
1187,0.052965620844545,0.070928873700884,-8.5640686101653,5.8066452857168,0
64,-0.79308779941858,0.0023580282976714,-8.563907409506,0.062500002000117,0
65,-0.7412348580575,0.0053528916042288,-8.5612131501546,0.1875000060004,0
66,-0.67372772900108,0.0082510528469695,-8.5585188908033,0.31250001000043,0
67,-0.59858013208872,0.010404507572179,-8.5558246314519,0.43750001400015,0
1486,-0.017695831372568,0.018530816375348,-8.5537523204431,3.3744873589808,0
1565,-0.027443223320729,0.0041455191346498,-8.5510806289462,2.2182781347728,0
872,-0.5209771008256,0.011557561184611,-8.5504253555234,0.56250001800008,0
1539,-0.024396543359988,0.0099076011694073,-8.5501859040025,2.6727193503832,0
1351,0.019225058182565,0.060189791716123,-8.5484574595882,4.6425918995169,0
873,-0.44432131165807,0.011954041772464,-8.5423210630177,0.68750002200024,0
874,-0.37113611479843,0.011555712100878,-8.5342167705119,0.8125000260002,0
1242,0.10928271502725,0.17958706838824,-8.5309758037284,5.4846042068104,0
1591,-0.051172417470541,0.0012316547806277,-8.5278827263494,1.7691583495722,0
875,-0.30341063768637,0.010608870642897,-8.5261124780062,0.93750003000004,0
1513,-0.021058334743622,0.015616331478124,-8.5237883082337,3.1310565496913,0
1324,0.036930178189357,0.083756975669815,-8.5216072587354,4.9047467047839,0
1616,-0.22028436333806,0.0082313014735008,-8.5095314495471,1.108998265947,0
1566,-0.026568641804991,0.0068257327231005,-8.4976668582546,2.4364807904102,0
1297,0.058987324633327,0.11226405628046,-8.4868637391884,5.1689611257549,0
1433,-0.0070786847921762,0.028193367096963,-8.4860062500071,4.0883904632923,0
1540,-0.023934019907953,0.012682456372377,-8.4855159827556,2.8905936921722,0
1592,-0.034670033308722,0.00149206517555,-8.4852891333354,1.9870631708854,0
1460,-0.011966984656502,0.024472950825821,-8.4847633681891,3.8380628593689,0
1617,-0.13887750792395,0.0042048195536007,-8.4820761486384,1.3266875550025,0
1215,0.12259999164342,0.19598622187359,-8.4786239488862,5.7546241251224,0
1406,-0.00063549727922575,0.034160891761636,-8.475611304229,4.3431409218967,0
1487,-0.016177652534524,0.021381296096886,-8.4705573045723,3.5917704904237,0
1379,0.0087232099028828,0.044793101288436,-8.4576773875306,4.6004451321593,0
1618,-0.08447467048929,0.0010783549465264,-8.449833971501,1.5437041577639,0
1514,-0.01991666189721,0.018417271843554,-8.4474614156493,3.3479424903786,0
68,-0.79954501559787,0.0020629388062009,-8.4457816080525,0.062500002000117,0
1270,0.084562147122552,0.14350214572534,-8.4440957115133,5.4349950826918,0
69,-0.74708464875987,0.0046993533939404,-8.4431677743533,0.1875000060004,0
70,-0.67869432993168,0.0071703942243461,-8.440553940654,0.31250001000043,0
1567,-0.026355691433522,0.0096470696841908,-8.4393046798261,2.6533593276838,0
71,-0.60253839163277,0.0089112462886798,-8.4379401069547,0.43750001400015,0
1593,-0.029243389968921,0.0035676971487042,-8.4378295420849,2.2039169927011,0
876,-0.5238598742466,0.0097585005103157,-8.4327020034419,0.56250001800008,0
1352,0.02207433682579,0.061317092837655,-8.4320584440324,4.8600766309143,0
877,-0.44615224543868,0.0098990277059877,-8.4248396301156,0.68750002200025,0
1188,0.053050455576134,0.067536452963048,-8.4179413712818,6.0259262952919,0
878,-0.37201007817394,0.0093356401137393,-8.4169772567893,0.81250002600021,0
1541,-0.023184553940556,0.015468181950978,-8.4158306306214,3.1068603604324,0
1619,-0.052256620560242,0.00010393078576534,-8.412822730489,1.7599316339498,0
879,-0.30344102953627,0.0082830981881278,-8.4091148834629,0.93750003000004,0
1325,0.039854484079544,0.083565479040373,-8.3986152484723,5.1218029771505,0
1243,0.11144521313625,0.1731320684603,-8.3931792876072,5.7026029645281,0
1644,-0.21997342369401,0.0058107530771363,-8.3928224989593,1.1076671315801,0
1461,-0.0098987677892201,0.027384831270275,-8.389247830517,4.0532525821986,0
1594,-0.02849461251875,0.0064690889144309,-8.3855310068523,2.4196015584702,0
1434,-0.0047066952776814,0.03108361273895,-8.3836699829223,4.3035507989987,0
1488,-0.014426808282083,0.024252230554277,-8.3822100338574,3.8069759730158,0
1568,-0.025983841485494,0.012474130772227,-8.3760278273285,2.868793563268,0
1620,-0.036160868394957,0.00076203139363435,-8.371063070261,1.9752540101615,0
1407,0.0019871746036082,0.0368244529151,-8.366897315473,4.5582983648018,0
1515,-0.018513470162118,0.021241815068103,-8.3660682726089,3.5629276304934,0
1645,-0.13873431837627,0.0021987454535177,-8.365774135036,1.3227033214195,0
1298,0.061850340866687,0.11038691053305,-8.3572156192981,5.3853859585731,0
1380,0.011541897108503,0.046897023574228,-8.3425096293297,4.8154065570449,0
1542,-0.022152142452385,0.018260911729968,-8.3411705108553,3.3213976217764,0
1646,-0.085169360269423,-9.7023041273069e-05,-8.3340817867118,1.5370869051526,0
1216,0.12357752524495,0.18699300116143,-8.3339980819521,5.9715338483324,0
1595,-0.028354169884945,0.0093733621496834,-8.32842345565,2.6339993049844,0
72,-0.80530496868846,0.0018481299804476,-8.3276558065987,0.062500002000117,0
73,-0.75222840062304,0.0042226376299835,-8.3251223985517,0.1875000060004,0
1621,-0.03110649492322,0.0030900819823195,-8.3245784552236,2.1895558506294,0
74,-0.68297317402307,0.0063775931321173,-8.3225889905046,0.31250001000043,0
75,-0.60584746836028,0.0078102394673675,-8.3200555824575,0.43750001400015,0
880,-0.52615727991524,0.0084259987149354,-8.3149786513605,0.56250001800008,0
1353,0.025020754251778,0.062499831377869,-8.3103667577561,5.0746448285463,0
1569,-0.025329428180938,0.015273007802967,-8.3078729530091,3.0826641711734,0
1271,0.087175124941177,0.13962804242178,-8.307734626328,5.6505818039337,0
881,-0.44747806370763,0.0083726133108801,-8.3073581972136,0.68750002200025,0
882,-0.37246517949639,0.0076817585720767,-8.2997377430667,0.81250002600022,0
1647,-0.05338048531016,-0.00072530106110657,-8.2977627346285,1.7507049183273,0
883,-0.30313525263333,0.0065439494815892,-8.2921172889198,0.93750003000005,0
1489,-0.012461293867384,0.02711450155779,-8.2887626639264,4.0199788791995,0
1462,-0.0076402492078438,0.030271620983852,-8.2885563412192,4.2660556880684,0
1516,-0.016870360192748,0.024068441148587,-8.2796566995256,3.7758890866627,0
1435,-0.0021637159466344,0.033937115476869,-8.2761172434152,4.516151597444,0
1672,-0.21932345129546,0.0040785637470374,-8.2761135483718,1.1063359972132,0
1622,-0.030468947927698,0.006121590478692,-8.2733951554499,2.4027223265302,0
1326,0.042834378235272,0.08345958528632,-8.2703355270829,5.3357768344546,0
1596,-0.028057413538409,0.012231040481259,-8.2665396719017,2.8469934343638,0
1189,0.053129730836972,0.064333148264018,-8.2664434050574,6.2415317275086,0
1543,-0.020856053247658,0.021054068018491,-8.2615792406454,3.5340847705632,0
1648,-0.037712575447005,0.00018959872527796,-8.2568370071865,1.9634448494377,0
1408,0.0047607496817928,0.039458726718844,-8.252960814627,4.7707364831756,0
1244,0.1135703676059,0.1670452832972,-8.2500547926226,5.9171414013729,0
1673,-0.1388547953923,0.00085381076826632,-8.2494721214339,1.3187190878365,0
1570,-0.02439639958401,0.018050014217445,-8.2348796060613,3.2948527531741,0
1299,0.064733587887594,0.1086471484352,-8.2222899650488,5.5985606433392,0
1381,0.01448290467237,0.048987666020527,-8.2221182670403,5.0274866799423,0
1674,-0.085890203306959,-0.00091940646127809,-8.2183296019228,1.5304696525413,0
1623,-0.030381234648463,0.0090867804574957,-8.2175422314738,2.6146392822849,0
1649,-0.033007306480728,0.0026996575532216,-8.2113273683622,2.1751947085576,0
76,-0.81056388762926,0.0016954592938365,-8.2095300051453,0.062500002000118,0
77,-0.75685905368279,0.0038829178654165,-8.2070770227503,0.1875000060004,0
78,-0.68674736553999,0.0058075765699698,-8.2046240403553,0.31250001000043,0
79,-0.60867629800579,0.0070120756758432,-8.2021710579603,0.43750001400015,0
1597,-0.027487071669035,0.015031516959704,-8.1999152753969,3.0584679819145,0
884,-0.52801889466095,0.0074532215465177,-8.197255299279,0.56250001800008,0
1490,-0.010296650841147,0.029941008850449,-8.1902703791197,4.2306555891058,0
885,-0.44842594329588,0.007252494231731,-8.1898767643115,0.68750002200026,0
1517,-0.01500473985258,0.02687411910549,-8.1882774973357,3.9867051762004,0
1217,0.12445826065655,0.1784636212963,-8.1840662888341,6.1848105251337,0
1354,0.028055285224405,0.063690660059009,-8.1834554348677,5.2861677103361,0
1463,-0.0052065024595514,0.03310489233403,-8.1827485913738,4.4763467641476,0
1675,-0.054536138392945,-0.0013578975963663,-8.1827027387683,1.7414782027049,0
886,-0.37260699008545,0.0064616843376633,-8.1824982293441,0.81250002600023,0
1544,-0.019315414545278,0.02383320984699,-8.1771033651937,3.7448022003096,0
887,-0.30259156080535,0.0052543691754659,-8.1751196943766,0.93750003000005,0
1272,0.089783180284589,0.13597251149112,-8.1661115032929,5.8627489544133,0
1436,0.00053346680605524,0.036722772541139,-8.1634119999242,4.7260664093061,0
1650,-0.032472028979389,0.005777239668616,-8.1612593040475,2.3858430945902,0
1700,-0.21860149544976,0.0028696587755655,-8.1594045977842,1.1050048628464,0
1571,-0.023200178839867,0.020807473086199,-8.1570902086818,3.5052419106329,0
1624,-0.030146645857831,0.011954870344932,-8.1570515164748,2.8251933054595,0
1676,-0.03930225200042,-0.00026619908598494,-8.1426109441122,1.9516356887138,0
1327,0.045868320604886,0.083397231887165,-8.1368453037696,5.5465394827448,0
1409,0.0076687496848214,0.042026219434509,-8.1338697763245,4.9803285313384,0
1701,-0.13899094182796,-4.1497781034846e-05,-8.1331701078316,1.3147348542534,0
1598,-0.026644764081385,0.01778584204019,-8.1285887012674,3.2683078845719,0
1190,0.053197573025723,0.061288469892506,-8.1096671206471,6.4533300688471,0
1651,-0.032426514829461,0.0087877195491615,-8.1066610072976,2.5952792595854,0
1702,-0.086617446932204,-0.0015412872101659,-8.1025774171337,1.52385239993,0
1245,0.11567714811195,0.16129024285219,-8.101689172611,6.1280893227589,0
1677,-0.034925355055615,0.0023686011053796,-8.098076281501,2.1608335664859,0
1382,0.017533500346681,0.051024798882843,-8.0965753426529,5.2365585862179,0
1518,-0.012932180969426,0.029635634253504,-8.0919844170202,4.1952554901433,0
1625,-0.029651242881571,0.014745987008612,-8.0919575977847,3.0342717926555,0
80,-0.81547339001681,0.0015906671590215,-8.0914042036917,0.062500002000118,0
81,-0.76112562041531,0.0036487905506474,-8.0890316469488,0.1875000060004,0
1545,-0.017546288711247,0.026580251960543,-8.0877923307449,3.9534314732013,0
1491,-0.007948363777802,0.032706633144597,-8.0867913593489,4.4388838649125,0
82,-0.69015796214992,0.0054090765359781,-8.0866590902059,0.31250001000043,0
83,-0.61115458829596,0.0064465551783129,-8.0842865334631,0.43750001400015,0
1300,0.067642241656579,0.10700831808754,-8.0821682139632,5.8083565074536,0
888,-0.52955924198268,0.0067564943651058,-8.0795319471976,0.56250001800008,0
1572,-0.021756847366736,0.023536459898728,-8.0745500308618,3.7137153139565,0
889,-0.44909334132139,0.0064435949133916,-8.0723953314096,0.68750002200026,0
1464,-0.0026133106935143,0.035858447844049,-8.0718873103467,4.6840018890876,0
1703,-0.055707467088018,-0.0018538863679589,-8.0676427429079,1.7322514870825,0
890,-0.37251617149445,0.0055749707892052,-8.0652587156215,0.81250002600023,0
891,-0.30187473270548,0.0043153012738523,-8.0581220998335,0.93750003000005,0
1599,-0.025541759677795,0.020503389315394,-8.0526011767184,3.4763990507026,0
1355,0.031170916745366,0.064851597032059,-8.0514006424905,5.4945183221506,0
1678,-0.034484566489392,0.0054412615178133,-8.0491234526453,2.3689638626502,0
1652,-0.032243389706949,0.011647611308302,-8.0475633610479,2.8033931765552,0
1437,0.0033686426273053,0.039412485023379,-8.0456212856085,4.9331703827342,0
1728,-0.21784279707907,0.0020228793397994,-8.0426956471967,1.1036737284795,0
1218,0.12525324474376,0.17035473665082,-8.0289197913107,6.3943243911982,0
1704,-0.040911178085331,-0.00063680554275168,-8.0283848810378,1.93982652799,0
1626,-0.028892068947809,0.017470851142886,-8.0222977964735,3.2417630159696,0
1273,0.092397222727609,0.13250198114203,-8.0193120563877,6.0713681203839,0
1729,-0.1391379032292,-0.00065023632155788,-8.0168680942295,1.3107506206704,0
1410,0.010696561910721,0.044495128925165,-8.009695250438,5.1869494620999,0
1328,0.048955287178053,0.083344584147371,-7.9982249246334,5.753964060494,0
1679,-0.034479571024294,0.0084748771389942,-7.9957797831216,2.575919236886,0
1546,-0.015563732137998,0.029275443044082,-7.9936984549205,4.1598553911808,0
1519,-0.010668273888751,0.0323305956547,-7.990834127324,4.4014209656775,0
1573,-0.020080620717696,0.026223075055549,-7.9873071641541,3.9201577702023,0
1730,-0.087340011825115,-0.0020200859443294,-7.9868252323447,1.5172351473187,0
1705,-0.036847191244532,0.0020703458591255,-7.9848251946397,2.1464724244141,0
1653,-0.03181540958799,0.014418681121066,-7.9839999201725,3.0100756033965,0
1492,-0.0054325540903796,0.035387864759784,-7.9783867458947,4.6445429225203,0
84,-0.82015003180798,0.0015226324299781,-7.973278402238,0.062500002000118,0
1600,-0.024190781229628,0.023179587299998,-7.97199669653,3.6826284276034,0
85,-0.76514255366531,0.0034956618870611,-7.9709862711473,0.1875000060004,0
86,-0.69331300687123,0.0051419503429554,-7.9686941400565,0.31250001000043,0
87,-0.61338131388463,0.0060587081009661,-7.9664020089658,0.43750001400015,0
1383,0.020682888322506,0.052975934140845,-7.9659559812116,5.4424971615567,0
892,-0.53086535838279,0.0062701469779933,-7.9618085951162,0.56250001800009,0
1465,0.00012359100910397,0.038508049949174,-7.9560382285297,4.888898706764,0
893,-0.44955424564096,0.0058709005695015,-7.9549138985076,0.68750002200027,0
1731,-0.056882419038921,-0.0022498352740534,-7.9525827470477,1.7230247714601,0
1246,0.11778186259319,0.15583301267629,-7.9481724619744,6.3353187135494,0
1627,-0.027876199243447,0.020144230793778,-7.948112144755,3.4475561907723,0
894,-0.37225419018626,0.0049405812081844,-7.948019201899,0.81250002600024,0
1191,0.05324431407694,0.058373295214912,-7.9477081471954,6.6611921275971,0
895,-0.30103342450201,0.0036396636493991,-7.9411245052905,0.93750003000006,0
1680,-0.034339710963701,0.011311234755818,-7.9380752056211,2.7815930476509,0
1706,-0.036492039601732,0.0051207105664177,-7.936987601243,2.3520846307102,0
1301,0.070580749000527,0.10543965905186,-7.9369349401644,6.0146469180089,0
1756,-0.21707040331203,0.0014240632174745,-7.9259866966093,1.1023425941127,0
1438,0.0063268670669977,0.041981677812653,-7.922815158223,5.1373403379815,0
1654,-0.031132837347296,0.017107497141193,-7.9160068916796,3.2152181473673,0
1356,0.034361689565851,0.065952250979847,-7.9142816353037,5.6995716135346,0
1732,-0.042525632298208,-0.0009464122806864,-7.9141588179635,1.9280173672661,0
1757,-0.13927453084946,-0.0010817890093095,-7.9005660806276,1.3067663870874,0
1574,-0.018185677463451,0.0288507199227,-7.8954124928209,4.1244552922184,0
1547,-0.01338311931483,0.031899022142243,-7.894876895299,4.3639580664424,0
1601,-0.022603891616099,0.025804096045737,-7.8868219975634,3.8868840672032,0
1707,-0.03652941301337,0.0081448745339866,-7.8848985589455,2.5565592141865,0
1520,-0.0082293059268015,0.034937809818311,-7.8848861814426,4.6050839559529,0
1411,0.013831299296416,0.046839404528903,-7.8805113199329,5.3904760009628,0
1681,-0.033973073250849,0.014051645575841,-7.8760422425604,2.9858794141376,0
1733,-0.03876214808608,0.0017934638765517,-7.8715741077786,2.1321112823424,0
1758,-0.088047407192623,-0.0023955407726256,-7.8710730475558,1.5106178947073,0
1628,-0.026612884495906,0.022764975462858,-7.8694433621982,3.6515415412503,0
1219,0.12596818036034,0.16262217585318,-7.8686529843224,6.5999479713518,0
1274,0.09502647205357,0.12918616558864,-7.867425132638,6.2763130359004,0
1493,-0.0027655193915326,0.037963016197185,-7.8651206050883,4.847513503428,0
88,-0.824682996519,0.0014827186190815,-7.8551526007846,0.062500002000118,0
1329,0.052094339236108,0.083273662580444,-7.8545578239411,5.9579257156339,0
89,-0.76899727852417,0.0034043688407197,-7.8529408953461,0.1875000060004,0
90,-0.69629468571028,0.0049748747276755,-7.8507291899076,0.31250001000043,0
91,-0.61543130475221,0.0058056023477049,-7.8485174844692,0.43750001400015,0
896,-0.53200245795806,0.0059426730398976,-7.8440852430353,0.56250001800009,0
1655,-0.030198608177702,0.019732455047589,-7.8436231127915,3.418713330842,0
1759,-0.058051893497276,-0.0025733700319651,-7.8375227511876,1.7137980558377,0
897,-0.44986310244286,0.0054752977176263,-7.8374324656059,0.68750002200028,0
1466,0.0029891229385936,0.041032233578805,-7.8352700380976,5.0909164992271,0
898,-0.37186481275573,0.0044934142976416,-7.8307796881766,0.81250002600025,0
1384,0.023921630922334,0.054814908175835,-7.8303383459744,5.6451791665755,0
1708,-0.036428118802223,0.010947319709379,-7.8285870501943,2.7597929187467,0
1734,-0.038484431552182,0.0048122796491987,-7.8248517498408,2.3352053987702,0
899,-0.30009954313739,0.0031558714967168,-7.8241269107473,0.93750003000006,0
1682,-0.033361586761531,0.01669805976113,-7.8097159868858,3.188673278765,0
1784,-0.21628915496592,0.00099271676923522,-7.8092777460217,1.1010114597458,0
1760,-0.044135607402302,-0.0012138644389685,-7.7999327548894,1.9162082065423,0
1575,-0.016086950746561,0.031402187447238,-7.7989196632739,4.3264951672075,0
1602,-0.020794131557888,0.028363161598884,-7.7971265307213,4.0890551932559,0
1439,0.0093946306241823,0.044409776659853,-7.7950666586538,5.3384548403686,0
1548,-0.01102072724579,0.034432080378728,-7.7913856169905,4.5656249893856,0
1247,0.11989832097161,0.15064140748563,-7.7895978214496,6.5387038151066,0
1302,0.073552751557216,0.10391417996221,-7.7866778033015,6.2173073582513,0
1629,-0.025111837225562,0.025325757142907,-7.7863368309727,3.8536103642041,0
1785,-0.13938584912218,-0.0014035010658488,-7.7842640670253,1.3027821535043,0
1192,0.053256858171125,0.055560649923858,-7.7806652749258,6.8649911134557,0
1521,-0.0056319720431615,0.037437826614686,-7.7742029816468,4.806128300092,0
1735,-0.038565075775863,0.0077931125597992,-7.7740173347695,2.5371991914871,0
1357,0.037622333233908,0.066967572881704,-7.7721807077179,5.9012045132591,0
1709,-0.036117871472042,0.013646666921594,-7.7680845649483,2.9616832248786,0
1656,-0.02901857574101,0.022295050891623,-7.7668900278663,3.6204546548971,0
1761,-0.040662078377334,0.0015294676347642,-7.7583230209175,2.1177501402707,0
1786,-0.088733062025157,-0.0026985243922688,-7.7553208627666,1.504000642096,0
1494,3.6791756974146e-05,0.040413092708199,-7.7470598900621,5.0476779458367,0
1412,0.01706161185095,0.049037810351938,-7.7463950566451,5.5907867196165,0
1683,-0.032504081960572,0.019270425420295,-7.7391340808282,3.3898704709117,0
92,-0.82914021380587,0.0014642459699241,-7.7370267993311,0.062500002000118,0
93,-0.77275617576159,0.0033600583704545,-7.7348955195452,0.1875000060004,0
94,-0.69916500594059,0.0048835252702716,-7.7327642397592,0.31250001000043,0
95,-0.6173604728053,0.0056538508039917,-7.7306329599733,0.43750001400015,0
900,-0.53301842750191,0.0057338875754503,-7.7263618909551,0.56250001800009,0
1787,-0.059209173716377,-0.0028464710125149,-7.7224627553272,1.7045713402153,0
901,-0.45005881403013,0.0052105702259735,-7.7199510327048,0.68750002200028,0
1736,-0.038501945880777,0.010556821399134,-7.7190988947676,2.7379927898424,0
902,-0.37137759489249,0.0041823551437702,-7.7135401744544,0.81250002600026,0
1762,-0.040453653851622,0.0045136801423535,-7.7127158984387,2.3183261668302,0
1275,0.097678385710928,0.12599675939478,-7.7105426585765,6.4774596588611,0
1467,0.0059693509580874,0.043412960467832,-7.709654352399,5.2899362581409,0
903,-0.29909158737823,0.002808312340156,-7.7071293162041,0.93750003000006,0
1330,0.055284442985925,0.083160206785579,-7.7059304739651,6.1583016806024,0
1710,-0.03557287584285,0.016244598607512,-7.703425082092,3.1621284101628,0
1220,0.12660223886203,0.15522017760309,-7.7033633780985,6.8015561577407,0
1603,-0.018775812070983,0.030842023827504,-7.702962431249,4.2890322679724,0
1630,-0.023384803340906,0.027815340536852,-7.6988405686217,4.0536550942933,0
1576,-0.013800585600129,0.03386083248445,-7.6978850525384,4.5261660228184,0
1812,-0.21549366924726,0.00067306795927376,-7.6925687954338,1.0996803253789,0
1385,0.027241421010296,0.056519925113165,-7.689803591495,5.8444833108847,0
1657,-0.027600009181574,0.024790514494355,-7.6858516643819,3.8203366612049,0
1788,-0.045733206836579,-0.0014541502319762,-7.685706691815,1.9043990458184,0
1549,-0.0084935128048947,0.036857368929033,-7.6832853582053,4.7647430967561,0
1813,-0.13946478918079,-0.0016568681854325,-7.6679620534229,1.2987979199213,0
1684,-0.031403264333571,0.021772199075204,-7.6643366935345,3.589367768544,0
1763,-0.040575786421698,0.0074143767725901,-7.6631361105936,2.5178391687877,0
1440,0.012560058815163,0.046679743922405,-7.6624517673156,5.5363942726571,0
1737,-0.038243717833483,0.013205393850916,-7.6601268873362,2.9374870356196,0
1522,-0.0028929156992553,0.039813888514938,-7.6588497420266,5.0044393924463,0
1789,-0.04253913520518,0.0012708105834302,-7.6450719340562,2.103388998199,0
1814,-0.089393214555043,-0.0029523417663443,-7.6395686779773,1.4973833894847,0
1711,-0.034787761706199,0.018760379567496,-7.6346450488648,3.3610276109814,0
1303,0.076560836599761,0.10240700083561,-7.6314874957035,6.4162155026156,0
1248,0.1220376162369,0.14568421511871,-7.6260614812714,6.7381212020258,0
1358,0.04094803637563,0.067875668926147,-7.6251831446287,6.0992960029535,0
1495,0.002959527037507,0.042722418786385,-7.6242744011686,5.2449202542796,0
96,-0.83357322022666,0.0014620772926448,-7.6189009978775,0.062500002000118,0
97,-0.776469348709,0.0033512997534642,-7.6168501437442,0.1875000060004,0
98,-0.70197033477795,0.0048491547492469,-7.6147992896109,0.31250001000043,0
99,-0.61921004230165,0.0055777071338974,-7.6127484354777,0.43750001400015,0
1764,-0.04055498947527,0.010139758265759,-7.609610739341,2.7161926609382,0
1193,0.053218946131734,0.05282814553843,-7.6086403950969,7.0646027145621,0
904,-0.53394781382984,0.0056127866045523,-7.6086385388753,0.56250001800009,0
1413,0.020377679886165,0.051072314560722,-7.6074264752722,5.7877621085104,0
1815,-0.060348989106993,-0.0030862324346663,-7.6074027594667,1.6953446245928,0
1631,-0.021445343981677,0.030221284430125,-7.607005199224,4.2515693687373,0
1604,-0.016564838973351,0.033226244570237,-7.6043844880863,4.486707056251,0
905,-0.45016833590274,0.0050411121357983,-7.6024695998039,0.68750002200029,0
1790,-0.042394062029286,0.0042027684829243,-7.6005800470364,2.3014469348902,0
1658,-0.025953279051295,0.027209807100667,-7.6005546065221,4.0182549953307,0
1738,-0.037761309541668,0.015748966618786,-7.5971341772982,3.1355835415605,0
906,-0.37081147367933,0.0039684482326522,-7.5963006607326,0.81250002600026,0
1577,-0.011343715147078,0.036211590294906,-7.5923677347638,4.7233578934202,0
907,-0.29801933290171,0.0025554025794751,-7.5901317216612,0.93750003000007,0
1685,-0.030063990802762,0.024200815843308,-7.5853664977913,3.7870629582058,0
1468,0.0090520904216205,0.045635297303626,-7.5792656632038,5.4858407556994,0
1840,-0.21467566764914,0.00042692817562815,-7.5758598448463,1.0983491910121,0
1816,-0.04731168636907,-0.0016788400393461,-7.5714806287404,1.8925898850946,0
1550,-0.0058187024996111,0.039160356003801,-7.570639593991,4.9612008390559,0
1712,-0.033762438348939,0.021198720705264,-7.5617833592028,3.5582808821909,0
1331,0.058524084313595,0.082981792355811,-7.5524323328304,6.3549713463702,0
1791,-0.042553336166636,0.0070249695148658,-7.5522548864175,2.4984791460882,0
1765,-0.040344875823939,0.012729553604823,-7.5521692097243,2.9132908463607,0
1841,-0.13950766614654,-0.0018679853878771,-7.5516600398207,1.2948136863383,0
1276,0.10035828439611,0.12290619640184,-7.548759584444,6.6746862463107,0
1386,0.03063486888673,0.058071412699459,-7.5444358152928,6.0402903253051,0
1523,-2.7729708643218e-05,0.042052531163365,-7.5388944499381,5.1999042504183,0
1221,0.12714628261005,0.14810046441667,-7.5331515389248,6.9990262857933,0
1817,-0.044385766355027,0.0010111519046271,-7.5318208471948,2.0890278561272,0
1739,-0.037044817217693,0.01820441482816,-7.5301560169015,3.3321847510511,0
1441,0.015813202241581,0.048776764476159,-7.5250493590491,5.7310409061357,0
1842,-0.090025232591688,-0.0031742090054911,-7.5238164931883,1.4907661368734,0
1659,-0.024091102652387,0.029542655547001,-7.5110479671989,4.2141064695022,0
1632,-0.019309045805658,0.032531267229642,-7.5108839236342,4.4472480896836,0
1686,-0.028495223496017,0.026549091069808,-7.5022686444225,3.9828548963682,0
1605,-0.014178447410759,0.035502901573193,-7.5014501113223,4.6819726900842,0
100,-0.83802102125544,0.0014722946610125,-7.500775196424,0.062500002000118,0
1792,-0.042579763494962,0.0096940967843142,-7.5001225839142,2.694392532034,0
101,-0.78017442785314,0.0033693903274238,-7.4988047679433,0.1875000060004,0
1496,0.005989879607962,0.04487823936719,-7.49683674431,5.4391261687433,0
102,-0.70474504842333,0.0048574671734923,-7.4968343394627,0.31250001000043,0
103,-0.62101001036983,0.0055575612936242,-7.494863910982,0.43750001400015,0
1843,-0.061466939780878,-0.0033056371946592,-7.4923427636064,1.6861179089704,0
908,-0.53481500004147,0.0055558475134489,-7.4909151867955,0.56250001800009,0
1766,-0.039921565217407,0.015212878500538,-7.4908432725045,3.1090386729583,0
1818,-0.044301492212744,0.0038765707592277,-7.4884441956339,2.2845677029502,0
909,-0.45020973484363,0.0049400973545416,-7.4849881669031,0.68750002200029,0
1713,-0.032499464499218,0.023559032869856,-7.4848813312006,3.7537892552067,0
1578,-0.0087340960257379,0.038442156269102,-7.4824294459554,4.9179622856656,0
910,-0.37017798387854,0.0038227101400155,-7.4790611470107,0.81250002600027,0
1359,0.044333937051805,0.068655813640626,-7.4733771699575,6.293727190125,0
911,-0.29688722662151,0.0023668317116022,-7.4731341271183,0.93750003000007,0
1304,0.0796060282539,0.10089384355725,-7.4714576876166,6.6112512905955,0
1414,0.023771101054147,0.052925985349001,-7.4636884859569,5.9812846476568,0
1740,-0.036091628644791,0.020576820837438,-7.459230024871,3.5271939958377,0
1868,-0.21382690987531,0.00022821727099028,-7.4591508942588,1.0970180566452,0
1249,0.12420744377088,0.14093029854008,-7.457662682753,6.9334498570246,0
1844,-0.048865197541685,-0.0018969105710024,-7.4572545656661,1.8807807243707,0
1551,-0.0030125196991849,0.041329814079806,-7.4535144987076,5.1548882465571,0
1793,-0.04241593011957,0.012220840337677,-7.4442115321122,2.8890946571018,0
1469,0.012227536899725,0.047686138043846,-7.4441812966132,5.6785146140895,0
1819,-0.044492677276366,0.0066274406719305,-7.4413736622413,2.4791191233888,0
1869,-0.13951199018908,-0.0020536747843954,-7.4353580262186,1.2908294527552,0
1194,0.053113498314384,0.050166736980977,-7.4317384383,7.2599051728124,0
1767,-0.039270450850772,0.017604474550327,-7.4256669849383,3.3033418911208,0
1845,-0.046195754782984,0.00074511219520243,-7.4185697603335,2.0746667140555,0
1660,-0.022028677348832,0.031778725806127,-7.417383359182,4.4077891231162,0
1687,-0.026708776030589,0.02880875448363,-7.415090735174,4.1766435702672,0
1524,0.002950330445454,0.044143051369587,-7.4144078254162,5.3924115817873,0
1633,-0.016993167108221,0.034734439364227,-7.4105324878808,4.6405874867481,0
1870,-0.090626765557239,-0.0033766958723426,-7.4080643083993,1.4841488842621,0
1714,-0.031006411897709,0.025835642157382,-7.403982682323,3.9474547974056,0
1387,0.034094889723997,0.059450013445406,-7.3943220070849,6.2324830338801,0
1606,-0.011634891829777,0.037661891098856,-7.3942192979199,4.8747237322753,0
1332,0.061810619220335,0.08271613954219,-7.3941557907893,6.5478163348804,0
1820,-0.044567211680108,0.0092156906219642,-7.3906344284872,2.6725924031297,0
1794,-0.042048509724518,0.014638031504974,-7.3845523677107,3.0824938043561,0
1741,-0.034902190261858,0.022867453324793,-7.38439616461,3.7205155522076,0
1442,0.019146112475632,0.050686102707753,-7.3829411566206,5.9222789700081,0
104,-0.84251312640251,0.0014919455331724,-7.3826493949706,0.062500002000118,0
1277,0.10306877059877,0.1198862846763,-7.3821738265809,6.8678734282558,0
105,-0.78389957277158,0.0034077698634996,-7.3807593921425,0.1875000060004,0
106,-0.70751444996335,0.0048976838128579,-7.3788693893145,0.31250001000044,0
1871,-0.062559080469238,-0.0035144124413848,-7.3772827677462,1.676891193348,0
107,-0.62278187063666,0.005578667301066,-7.3769793864864,0.43750001400015,0
1846,-0.046171284590169,0.0035339824186322,-7.3763083442316,2.2676884710101,0
912,-0.53563682683882,0.0055454363565704,-7.3731918347157,0.5625000180001,0
1579,-0.0059885276891996,0.040543563395161,-7.3681345474771,5.1098722426959,0
913,-0.45019473516692,0.0048876154792906,-7.3675067340023,0.6875000220003,0
1497,0.0091180180131229,0.046869318863913,-7.3648222879648,5.6301832323721,0
914,-0.36948364061421,0.0037239192483759,-7.3618216332889,0.81250002600028,0
1222,0.12758563466615,0.1412139354765,-7.3581210284704,7.1922382082708,0
1768,-0.038386413333785,0.019908602325083,-7.3566766905394,3.4961071094846,0
915,-0.29569649961132,0.0022210007642822,-7.3561365325755,0.93750003000007,0
1872,-0.050388448218739,-0.0021153559649409,-7.3430285025918,1.8689715636468,0
1896,-0.21294004798644,5.9048297484606e-05,-7.3424419436713,1.0956869222783,0
1821,-0.044451643349012,0.011679973311315,-7.3362538544999,2.8648984678428,0
1552,-8.8555810727555e-05,0.043357112209711,-7.3319789065223,5.3456969948313,0
1847,-0.046390908345144,0.006212362325511,-7.3304924380652,2.4597591006893,0
1688,-0.024719400748681,0.03097132347095,-7.32388279473,4.3683301565489,0
1795,-0.041459918644729,0.016962357067851,-7.3211779529749,3.2744990311905,0
1661,-0.019783240141015,0.033909147566358,-7.3196148644392,4.5992022834121,0
1715,-0.029294173604904,0.028022114669867,-7.3191335031491,4.1391806710321,0
1897,-0.13947561303861,-0.0022250648358401,-7.3190560126165,1.2868452191722,0
1360,0.047774292544427,0.069286619103052,-7.3168538939621,6.4843813791656,0
1415,0.027234213238847,0.054580983371602,-7.3152668442125,6.1712388776354,0
1305,0.082686986412862,0.099349562183418,-7.3066849704087,6.8022969994868,0
1634,-0.01451644360306,0.036822841445782,-7.3060091498842,4.8314851788848,0
1742,-0.033482737356541,0.025071818731481,-7.3056967202235,3.9120546984431,0
1873,-0.047963591919348,0.00046816416594299,-7.3053186734724,2.0603055719837,0
1470,0.015488575976941,0.049551824846199,-7.3044813675918,5.8678443733134,0
1898,-0.091195398737782,-0.0035689256417463,-7.2923121236103,1.4775316316508,0
1525,0.0060315885984163,0.046075934841151,-7.2854632793163,5.5818518506546,0
1250,0.1264151214138,0.13635178836262,-7.2845036186408,7.1245712437293,0
1769,-0.037267992485153,0.022128281107655,-7.2839109980195,3.6872418492086,0
1607,-0.0089515143944394,0.039696490898492,-7.2827545962466,5.0648562388347,0
1848,-0.046509148468681,0.008712074605367,-7.2811462730604,2.6507922742254,0
1822,-0.044137362868693,0.014026202840704,-7.2782614629167,3.0559489357538,0
108,-0.84707196368121,0.0015188343505275,-7.2645235935173,0.062500002000118,0
1874,-0.047998084214604,0.0031732354061163,-7.2641724928294,2.2508092390701,0
109,-0.78766586088603,0.0034615538271377,-7.2627140163418,0.1875000060004,0
1899,-0.06362162906995,-0.0037198038864591,-7.2622227718859,1.6676644777256,0
110,-0.71029704386054,0.0049617856332855,-7.2609044391663,0.31250001000044,0
111,-0.62454086115156,0.0056300840671851,-7.2590948619909,0.43750001400015,0
916,-0.53642463082853,0.0055684741731005,-7.2554684826359,0.5625000180001,0
1796,-0.040642417045494,0.019196052264985,-7.2541233562077,3.4650202231316,0
1195,0.052881012040248,0.047456687216298,-7.2500673101993,7.4507793584959,0
917,-0.45013050118964,0.0048690707037313,-7.2500253011015,0.68750002200031,0
1580,-0.0031208761381481,0.042509255043953,-7.2495499876284,5.2989824078753,0
918,-0.36873142270478,0.0036567207992844,-7.2445821195671,0.81250002600028,0
1388,0.037613632208969,0.060634552333033,-7.2395519971353,6.4209464234511,0
919,-0.29444642137359,0.0021024589050467,-7.2391389380327,0.93750003000008,0
1443,0.022552154793474,0.052391066853061,-7.2362116813396,6.1099947213903,0
1333,0.065139147953956,0.082339850375982,-7.2311961142367,6.736720570718,0
1716,-0.027377033185674,0.030111652222002,-7.2303822302779,4.3288711899815,0
1900,-0.051876418720311,-0.0023395875090703,-7.2288024395175,1.857162402923,0
1689,-0.022544265252056,0.033029803374936,-7.2286972409978,4.557817080076,0
1498,0.012337576404744,0.048683201613332,-7.2283091188705,5.8179808575729,0
1849,-0.046445605557475,0.011105794350229,-7.2282961768878,2.8407022785838,0
1924,-0.21200889013492,-9.2945347237455e-05,-7.2257329930839,1.0943557879115,0
1743,-0.031843249410267,0.027185154987393,-7.2231762711242,4.101717771797,0
1875,-0.048245954933606,0.0057706391360459,-7.2196112138892,2.4403990779899,0
1662,-0.017374013344785,0.035928022658108,-7.2177990018486,4.7882466254943,0
1823,-0.043608610025554,0.016279810494828,-7.2166889210114,3.2456561712602,0
1278,0.10581204265761,0.11690999862901,-7.2108862088111,7.0569042791876,0
1770,-0.035920174332049,0.02425989051528,-7.2074107581241,3.8766545994806,0
1553,0.0029438071129819,0.045234443302632,-7.2061042706678,5.5335204689372,0
1925,-0.13939637218387,-0.0023897278769906,-7.2027539990145,1.2828609855892,0
1635,-0.011896743621627,0.038791941235408,-7.197374645016,5.0198402349734,0
1901,-0.049684081482407,0.00017669663840496,-7.1920675866112,2.045944429912,0
1797,-0.039592753976571,0.021343630928284,-7.1834258314289,3.6539681462095,0
1223,0.12779651997632,0.13439240441451,-7.1783783404832,7.3810743687632,0
1926,-0.091728508128131,-0.0037575206930099,-7.1765599388214,1.4709143790395,0
1850,-0.046183523739501,0.013379074343663,-7.1719705581229,3.0294040671515,0
1876,-0.048401319245991,0.0081949734726581,-7.1716581176337,2.6289921453212,0
1608,-0.0061424181653063,0.041602166477817,-7.1671210687346,5.2522678209193,0
1416,0.030758688318539,0.056016106784715,-7.1622501003086,6.3575114677367,0
1471,0.018830115555997,0.051215992973621,-7.1602487315444,6.0537185598128,0
1361,0.051260986760445,0.069745438858552,-7.1557072580647,6.6711441419494,0
1526,0.009210635406607,0.047839664719074,-7.1521368701492,5.7681173418324,0
1902,-0.049776437629281,0.0027921916741073,-7.1520366414272,2.2339300071301,0
1824,-0.042855324358684,0.018441049864631,-7.1515700218758,3.4339333367785,0
1927,-0.06465078034471,-0.0039272099939955,-7.1471627760258,1.6584377621032,0
112,-0.85171474279668,0.0015513554727248,-7.1463977920639,0.062500002000119,0
113,-0.79148913803003,0.0035271771838384,-7.144668640541,0.1875000060004,0
114,-0.71310632314589,0.0050439026423599,-7.1429394890181,0.31250001000044,0
115,-0.62629761524447,0.0057038087826008,-7.1412103374953,0.43750001400015,0
1717,-0.025272028020599,0.032099012331972,-7.1377796175563,4.51643187674,0
920,-0.53718577471445,0.0056154457481687,-7.1377451305561,0.5625000180001,0
1306,0.085801411333465,0.097748672949622,-7.1372687989812,6.9892373146458,0
1744,-0.02999752918804,0.029202166132195,-7.1368816658259,4.2894122234142,0
921,-0.45002100995282,0.0048738972086449,-7.1325438682007,0.68750002200031,0
1690,-0.020203088199717,0.034980227885671,-7.129588853813,4.7450080721039,0
922,-0.3679221125604,0.0036101362888374,-7.1273426058452,0.81250002600029,0
1771,-0.034352061739752,0.026300187437194,-7.1272190390994,4.064254872562,0
1581,-0.00014013217023003,0.044333098622054,-7.1267452620193,5.4851890872198,0
923,-0.29313508722354,0.0020000973334657,-7.1221413434898,0.93750003000008,0
1877,-0.048389500479041,0.010495024098789,-7.1203384992757,2.8165060893248,0
1928,-0.053324200826927,-0.002573772875142,-7.1145763764434,1.8453532421992,0
1851,-0.045712159988858,0.015558674944364,-7.112199889048,3.2168133113299,0
1663,-0.014819372619095,0.037832910440803,-7.1119946937854,4.974824231112,0
1798,-0.0383147672109,0.023402041691769,-7.1091247960246,3.8412545005181,0
1952,-0.21102811714111,-0.00023626688674648,-7.1090240424964,1.0930246535446,0
1903,-0.050054232079158,0.0053027525479111,-7.1087299897132,2.4210390552905,0
1251,0.12862814723645,0.13192538654341,-7.1066893707672,7.3113693790307,0
1499,0.015644952475132,0.050303938370495,-7.0873779948269,6.002410392903,0
5687,0.052711662522218,0.045616416157598,-7.086743644948,7.6150810089411,0
1953,-0.13927194077019,-0.0025528348833781,-7.0864519854123,1.2788767520062,0
1444,0.026024170978883,0.053869803815722,-7.0849482034816,6.2940765120219,0
1636,-0.0091483910363276,0.040639125152892,-7.0846921498406,5.2055532339632,0
1825,-0.041872409732653,0.020515522533449,-7.0829406648381,3.6206944432104,0
1389,0.041180703531755,0.061602696980364,-7.0802184018933,6.6055677131811,0
1929,-0.051352258948799,-0.00013207302080658,-7.0788164997502,2.0315832878403,0
1554,0.0060802963229506,0.046951084658793,-7.0759646214279,5.718253826092,0
1878,-0.048181736640624,0.012697070706595,-7.0656796533292,3.0028591985492,0
1334,0.068502998864772,0.081826830309448,-7.0636513891515,6.9215703501041,0
1904,-0.050243472239137,0.0076469925912076,-7.062169962207,2.6071920164169,0
1954,-0.092223182258746,-0.0039472538037083,-7.0608077540323,1.4642971264282,0
1852,-0.045020941689055,0.017645435362023,-7.049016687544,3.4028464504253,0
1609,-0.003216126190264,0.043374375626598,-7.0473862533709,5.4368577055024,0
1745,-0.02796244248078,0.031119229113761,-7.0468619941149,4.475046673404,0
1772,-0.03257697618056,0.02824518837909,-7.0433811013739,4.2499532568468,0
1718,-0.022999381889453,0.033982022710519,-7.0413787057775,4.7017695187135,0
1930,-0.051501091820207,0.0023891577394441,-7.0399007900252,2.2170507751902,0
1279,0.10856205288327,0.11398011474083,-7.035000401051,7.2416643892978,0
1955,-0.065642586442003,-0.0041406548866958,-7.0321027801655,1.6492110464807,0
1799,-0.036816751710838,0.025369426892,-7.0312618070745,4.026791973327,0
116,-0.85645490756658,0.0015883598482658,-7.0282719906104,0.062500002000119,0
117,-0.79538145461333,0.003602084310662,-7.0266232647402,0.18750000600041,0
1691,-0.017714780225184,0.036822109680712,-7.026614742555,4.9298082272507,0
118,-0.71595214736078,0.0051398095993781,-7.0249745388699,0.31250001000044,0
119,-0.62805944271935,0.0057940928310174,-7.0233258129997,0.43750001400015,0
924,-0.53792477637067,0.0056795092589082,-7.0200217784763,0.5625000180001,0
5686,0.12807064501296,0.12920578194579,-7.0167339362663,7.5436829558403,0
925,-0.44986799172966,0.0048945443418285,-7.0150624352998,0.68750002200032,0
1527,0.012485628013046,0.049418365860194,-7.0145072581093,5.9511022259933,0
1905,-0.05027696544617,0.0098670026967374,-7.0123808216637,2.7923099000659,0
1472,0.02224675096478,0.052655363795631,-7.0115689358709,6.2360277516398,0
1826,-0.040662617546273,0.022500369903926,-7.0108388339249,3.8058544015556,0
926,-0.36705488847986,0.0035763761839951,-7.0101030921233,0.8125000260003,0
1879,-0.047766298372773,0.014800741482659,-7.0077108570847,3.1879704513996,0
927,-0.2917597013509,0.0019060836785014,-7.0051437489468,0.93750003000008,0
1417,0.034333651533465,0.057209367721886,-7.0047295457219,6.539991284413,0
1664,-0.012133865693354,0.039622973082992,-7.0022632309467,5.158838647007,0
1956,-0.054726907394762,-0.0028211061801736,-7.0003503133691,1.8335440814753,0
1582,0.00295070945657,0.046004998818227,-6.9997923727066,5.6683903103516,0
1931,-0.051810384754526,0.0048082317629861,-6.9978487655374,2.4016790325911,0
1980,-0.2099931448924,-0.0003769341239554,-6.9923150919087,1.0916935191778,0
1362,0.054782312577711,0.070003673860754,-6.990033979322,6.8539033855627,0
1853,-0.044102972607176,0.019645900720125,-6.9824554982474,3.5874207402113,0
1981,-0.13909986812714,-0.0027180233957471,-6.9701499718101,1.2748925184231,0
1637,-0.0062793832064224,0.042361316310584,-6.9680272447223,5.3885263237849,0
1957,-0.052963322594578,-0.00046024345966816,-6.965565412889,2.0172221457686,0
1307,0.088934696151057,0.096116721503563,-6.9633114313347,7.171959399565,0
1906,-0.050124901484465,0.011978338597189,-6.9593887485354,2.976314329947,0
1773,-0.030611557300586,0.030092750052524,-6.9559443706735,4.433661470068,0
1746,-0.025758737670289,0.032935776495317,-6.953168557742,4.6585309653231,0
1932,-0.05203357916418,0.007067813017782,-6.9526818067804,2.5853918875127,0
1800,-0.035111554629091,0.027242928348725,-6.949880536922,4.2104942902796,0
5685,0.13039314516574,0.12840331292983,-6.9467242275848,7.4722849027397,0
1880,-0.047135248863072,0.016811093715326,-6.9464633532123,3.3717595640721,0
1982,-0.092676273836974,-0.0041416521606435,-6.9450555692432,1.4576798738168,0
5677,0.052554996028998,0.043872771634954,-6.9428265635234,7.7537060339463,0
1500,0.019036353730912,0.051706791526883,-6.9421122974768,6.1833651865905,0
1555,0.0093211084153962,0.048491040558852,-6.9416365213918,5.8997940590837,0
1719,-0.020578541239745,0.035761972793912,-6.9412347913245,4.8847922233895,0
1827,-0.039233525607349,0.024394995678319,-6.9353045750495,3.989329074092,0
1445,0.029552709889899,0.055100394521286,-6.9292406895501,6.4744148556445,0
1958,-0.053167019662004,0.0019629101201573,-6.927764938623,2.2001715432502,0
1610,-0.00017424323238664,0.045003431965505,-6.9236201239853,5.6185267946112,0
1692,-0.015094109642643,0.038556202154967,-6.9198343120528,5.112124060051,0
1983,-0.066592951753144,-0.0043632054874798,-6.9170427843052,1.6399843308583,0
1390,0.044778956911043,0.062321781840207,-6.9164165694929,6.7862364210216,0
1854,-0.042959886370475,0.02155689561011,-6.9125528718254,3.770454302593,0
120,-0.86130323897539,0.0016290454310156,-6.9101461891569,0.062500002000119,0
121,-0.79935215462027,0.0036844812079989,-6.908577888939,0.18750000600041,0
122,-0.71884175367139,0.0052465238736221,-6.9070095887212,0.31250001000044,0
123,-0.62983126542332,0.0058968609359165,-6.9054412885034,0.43750001400015,0
1933,-0.052108650518551,0.0092068248561101,-6.9044231440518,2.768113710807,0
1907,-0.049766039115238,0.014006927841764,-6.9032218251215,3.1591275914693,0
928,-0.53864415380355,0.0057557983010343,-6.9022984263958,0.5625000180001,0
929,-0.44967160803538,0.0049256547245604,-6.8975810023983,0.68750002200032,0
930,-0.36612780745809,0.0035499337325957,-6.8928635784009,0.81250002600031,0
1335,0.071902169775347,0.081218006721968,-6.8916224616185,7.1022544098322,0
1665,-0.00932492426674,0.041296442752562,-6.8886682360737,5.3401949420673,0
931,-0.29031686804235,0.0018147758949812,-6.8881461544035,0.93750003000009,0
1959,-0.053508992685506,0.00428669963385,-6.8869675413613,2.3823190098916,0
1984,-0.056079644843349,-0.0030840395189255,-6.8861242502947,1.8217349207515,0
1881,-0.046280612118571,0.018736702442459,-6.8819703316568,3.5541470372122,0
5684,0.11068262955097,0.11161513714713,-6.876714518903,7.4008868496388,0
2008,-0.20889994138738,-0.00051942690740787,-6.875606141321,1.0903623848109,0
5676,0.12836379740805,0.12429470419985,-6.8742321289574,7.6809470974768,0
1528,0.015854644994057,0.050785143902228,-6.8726556590826,6.1307026215412,0
1583,0.0061541665635874,0.047508677441278,-6.8687657846743,5.848485892174,0
1801,-0.033215522272048,0.029021742147086,-6.8650267472321,4.3922762667321,0
1774,-0.028477089791147,0.031843691599378,-6.8649584097065,4.6152924119327,0
1473,0.025731381933562,0.053847644363459,-6.8585301682884,6.4146646444633,0
1828,-0.037597514993091,0.026197496234636,-6.8563799724698,4.1710353237122,0
1747,-0.023406372415973,0.034654684085093,-6.855854840094,4.8397762195282,0
2009,-0.1388774661855,-0.0028879685684385,-6.8538479582077,1.2709082848401,0
1934,-0.052006297433822,0.011239085257009,-6.8530978437418,2.9497694613448,0
1985,-0.054512588425304,-0.00080936163882692,-6.8523143260277,2.0028610036969,0
1638,-0.0032898573605519,0.043948984059991,-6.8474478752639,5.5686632788706,0
1908,-0.049194172348202,0.015939758090071,-6.8439100188806,3.3406726777191,0
1960,-0.053766867251255,0.0064578505631683,-6.8431936513536,2.5635917586085,0
1418,0.03793727305159,0.058121918762073,-6.8427991596638,6.7185694564807,0
1855,-0.041598636312415,0.023378929294326,-6.8393473430245,3.9518661748568,0
1720,-0.018024549121233,0.037440979683148,-6.837405393159,5.0654094730949,0
2010,-0.093084326913145,-0.0043434118594584,-6.8293033844539,1.4510626212055,0
1363,0.058353970312572,0.07011409721533,-6.8199334919025,7.0325494200997,0
1986,-0.054769384325544,0.0015126182447608,-6.8156290872206,2.1832923113102,0
1882,-0.045202834270405,0.020573609029157,-6.8142669097259,3.7350542036304,0
1693,-0.012347918764032,0.040181867255091,-6.8093092274252,5.2918635603498,0
5683,0.091354619015308,0.094729674432067,-6.8067048102211,7.3294887965379,0
5675,0.13218690782677,0.12500837280661,-6.8056376943915,7.6081881610074,0
1556,0.01266643296823,0.04982466039683,-6.8031990206885,6.078040056492,0
2011,-0.067497583671002,-0.0045972499627316,-6.8019827884447,1.6307576152359,0
1935,-0.051704757119027,0.013178924427447,-6.7987327931583,3.1302847315391,0
1961,-0.053882747846362,0.0085127376637111,-6.7964654664397,2.7439175215481,0
5667,0.052368876566334,0.042216319068576,-6.7963387075559,7.8896116331608,0
1611,0.002988368490616,0.046472628480703,-6.7958950479568,5.7971777252643,0
1501,0.022507033597162,0.052869105270594,-6.7925979819369,6.3607406508694,0
124,-0.86626868591945,0.0016728715998517,-6.7920203877029,0.062500002000119,0
125,-0.80340869120776,0.0037731442214871,-6.7905325131373,0.18750000600041,0
126,-0.72178054383199,0.0053619911675863,-6.7890446385718,0.31250001000044,0
127,-0.63161631210556,0.0060092563063286,-6.7875567640062,0.43750001400015,0
932,-0.53934499627459,0.0058408900182598,-6.7845750743144,0.56250001800011,0
1909,-0.048401636996079,0.017789866915568,-6.7814851650662,3.5208733342131,0
933,-0.4494309179548,0.0049634497774507,-6.7800995694963,0.68750002200033,0
1802,-0.031150473092594,0.030707824447306,-6.7767482616711,4.5720538585424,0
1987,-0.055144869318479,0.003738064613241,-6.7760863171852,2.3629589871922,0
934,-0.36513807921905,0.003526957817707,-6.7756240646782,0.81250002600031,0
1829,-0.035770554835107,0.027908268803089,-6.7741091237906,4.3508910633961,0
2012,-0.057377495281715,-0.0033644449223275,-6.7718981872202,1.8099257600277,0
1666,-0.0063911826753629,0.042843674505837,-6.7712756265425,5.51879976313,0
935,-0.28880261963339,0.0017220633533891,-6.7711485598601,0.93750003000009,0
1775,-0.026194055949994,0.033502243694325,-6.7704748888636,4.7947602156669,0
1446,0.03311182211606,0.056034226807536,-6.7691817498344,6.6509024919393,0
1856,-0.040031148895203,0.025110912228743,-6.7628794080177,4.1315763571448,0
2036,-0.20774492622254,-0.000667014501828,-6.758897190733,1.089031250444,0
1748,-0.020920695448427,0.036279201485828,-6.7549764742651,5.0186948861388,0
1391,0.048436975877419,0.062856469383898,-6.748244522187,6.9628444303676,0
1962,-0.053827296958202,0.010463794221992,-6.7468069389481,2.9232245927425,0
1883,-0.04390838564593,0.022323206068999,-6.7433901109996,3.9144032756218,0
1936,-0.051192943319516,0.015032268452801,-6.7413566845491,3.309585791366,0
2013,-0.055995460563094,-0.0011805258272699,-6.7390632391663,1.9884998616252,0
2037,-0.13860184769396,-0.0030645364338242,-6.7375459446052,1.2669240512571,0
5674,0.11285474986452,0.10924628874717,-6.7370432598253,7.5354292245377,0
5682,0.07453349696187,0.080614095328096,-6.7366951015394,7.2580907434371,0
1584,0.0094727308908788,0.048811125639611,-6.7337423822945,6.0253774914429,0
1988,-0.05543802068862,0.0058176876495404,-6.7337054959268,2.5417916297043,0
1721,-0.015343637645044,0.039019343613974,-6.7299502187767,5.2435321786324,0
5666,0.12852281936581,0.11952765692906,-6.7291859348556,7.8155197955813,0
1529,0.019315843237925,0.051916668211945,-6.7266657955854,6.3068166572756,0
1639,-0.00017173154737016,0.045384890016173,-6.7230243112391,5.7458695583545,0
1910,-0.047387842793896,0.019552533490999,-6.7159809476265,3.699654104668,0
2038,-0.093443607147794,-0.0045545411634167,-6.7135511996645,1.4444453685943,0
2014,-0.056303499826212,0.0010377770490569,-6.7034932358182,2.1664130793702,0
1474,0.029252613580346,0.05473195841391,-6.701223205552,6.589524114083,0
1694,-0.0094733534251717,0.041689079048048,-6.6951033778211,5.4689362473895,0
1963,-0.053578750456139,0.012323753308888,-6.694243761195,3.1014418716088,0
1830,-0.03377497905567,0.029530127121281,-6.6885381136354,4.528815305152,0
1989,-0.055594543430465,0.0077856982834157,-6.6885077888276,2.7197213322891,0
2039,-0.068352008763573,-0.0048446298631099,-6.6869227925841,1.6215308996136,0
1803,-0.028937414511902,0.032306516650432,-6.6850949376333,4.7497442118058,0
1857,-0.038272913496582,0.026754309491374,-6.6831915003491,4.30950586006,0
1937,-0.050461976989917,0.016806992597682,-6.6809999984758,3.4875996312141,0
1419,0.041603494594049,0.058834721872745,-6.6765555524716,6.8931394406356,0
128,-0.87135898739503,0.0017194956796871,-6.6738945862487,0.062500002000119,0
1776,-0.023778108365749,0.035072564238802,-6.6725475553714,4.9719802991828,0
129,-0.80755723246184,0.0038672776276001,-6.6724871373355,0.18750000600041,0
130,-0.72477264535131,0.0054848434070914,-6.6710796884222,0.31250001000044,0
131,-0.63341662371487,0.0061293378661987,-6.6696722395089,0.43750001400015,0
1884,-0.042408783292872,0.023985128287467,-6.6693788435657,4.0921173905774,0
5673,0.093791194496752,0.093248470973321,-6.6684488252591,7.462670288068,0
936,-0.54002740554424,0.0059324066669868,-6.6668517222329,0.56250001800011,0
5681,0.061125990934705,0.070063651268115,-6.6666853928579,7.1866926903365,0
2015,-0.056713049151343,0.0031624506349652,-6.665205093009,2.3435989644928,0
1612,0.0062766243172288,0.047744964534632,-6.6642857439004,5.9727149263936,0
937,-0.44914421489808,0.0050053552998817,-6.6626181365941,0.68750002200034,0
5665,0.13390782665419,0.12174216961427,-6.6620331621555,7.7414279580019,0
1557,0.016118040872545,0.050927985697961,-6.6607336092339,6.2528926636819,0
938,-0.36408223615142,0.0035047915182581,-6.6583845509553,0.81250002600032,0
2040,-0.058615522818167,-0.0036637245652082,-6.6576721241456,1.7981165993039,0
939,-0.28721237639553,0.0016249056915105,-6.6541509653165,0.93750003000009,0
1749,-0.018307373388679,0.037810349721725,-6.6505912101282,5.1952007969148,0
1667,-0.0033212586187833,0.044246862101589,-6.6501535745215,5.6945613914447,0
1911,-0.046159183811065,0.021229815395726,-6.6474328789748,3.8769403763868,0
5657,0.052074055402521,0.040521776319628,-6.6473314542358,8.0227501408471,0
2064,-0.20652495814143,-0.00082213827180198,-6.6421882401451,1.0877001160772,0
1990,-0.055585230980873,0.0096534449599973,-6.6405160341542,2.8966797241403,0
1502,0.026018799405093,0.05371761897679,-6.6389235268166,6.5344343229118,0
1964,-0.053124033101563,0.014098829734366,-6.6388033502173,3.2784989050129,0
2041,-0.057407414176437,-0.0015744715700831,-6.6258121523049,1.9741387195535,0
2016,-0.057041930477245,0.0051480698801898,-6.6242173404999,2.5199915008001,0
2065,-0.13826993791028,-0.0032490377242597,-6.6212439310027,1.2629398176741,0
1722,-0.012531530899893,0.040486416873305,-6.6189311290998,5.419072731649,0
1938,-0.049511198634853,0.018495610600948,-6.6176949855271,3.6642540057055,0
1447,0.036734912110317,0.056778326336903,-6.6048665827557,6.8234344509032,0
1858,-0.036346734698839,0.028312482634812,-6.6003279655998,4.4855767517615,0
5672,0.07714623067692,0.079849999114695,-6.599854390693,7.3899113515984,0
1831,-0.031632318710683,0.031069274272929,-6.5997149864027,4.7047282079445,0
2066,-0.093750100955476,-0.0047765657700332,-6.5977990148751,1.437828115983,0
5680,0.051283942280731,0.063131381128816,-6.5966756841768,7.1152946372364,0
5664,0.11501620990567,0.10691647674761,-6.5948803894551,7.6673361204222,0
1640,0.0030823480719421,0.046627393358786,-6.5948291055061,5.9200523613442,0
1585,0.012912656865973,0.049888083553531,-6.5948014228825,6.1989686700882,0
1885,-0.040718899526241,0.025561785893444,-6.5922738769076,4.268120656724,0
2042,-0.057764804343722,0.00053814701240684,-6.5913573844158,2.1495338474303,0
1804,-0.026592339940649,0.033822652962199,-6.5901186364776,4.9252657122268,0
1991,-0.055388188214103,0.01143260900249,-6.5897547292316,3.0725990116785,0
5656,0.12852757515682,0.11484421816163,-6.5816461790626,7.9473538950262,0
2017,-0.057239021766312,0.0070269489874722,-6.5805501112154,2.6955251430302,0
1965,-0.052455086071767,0.015791843075638,-6.5805148318852,3.454325928215,0
1695,-0.006455338618174,0.043059504872806,-6.5772828378039,5.643253224535,0
1530,0.022823571384952,0.052724839446414,-6.5766238480812,6.4793445317406,0
1912,-0.044726878779308,0.022822095102387,-6.5758782791137,4.0526584240102,0
2067,-0.069151580121162,-0.005106785052418,-6.5718627967235,1.6123041839912,0
1777,-0.021234390248484,0.036556190255753,-6.5712322014798,5.1468694151974,0
132,-0.87658113387712,0.0017687227755975,-6.5557687847945,0.062500002000119,0
133,-0.81180310804344,0.0039663996175262,-6.5544417615334,0.18750000600041,0
2043,-0.058208751958771,0.0025601485718531,-6.5543238688328,2.3242389417935,0
134,-0.72782131499536,0.0056142066826743,-6.5531147382723,0.31250001000044,0
135,-0.63523340203444,0.0062558117987228,-6.5517877150112,0.43750001400015,0
1939,-0.048347617295653,0.020100764488554,-6.55147564695,3.8394774771518,0
940,-0.5406907141912,0.0060287091557133,-6.5491283701509,0.56250001800011,0
941,-0.44880926860867,0.0050495649939855,-6.5451367036915,0.68750002200034,0
2068,-0.05978878049468,-0.0039829138846301,-6.543446061071,1.7863074385801,0
1750,-0.015560813962787,0.039236670671526,-6.5427588803785,5.3692092159085,0
942,-0.36295637340124,0.0034816172088846,-6.5411450372321,0.81250002600033,0
1475,0.032854696510496,0.055453003588357,-6.5397413589691,6.7605032794382,0
943,-0.28554084512811,0.0015210014685618,-6.5371533707727,0.9375000300001,0
1992,-0.054989058443893,0.013129087552174,-6.5362500158855,3.2474120186598,0
2018,-0.057275423859633,0.0088095928680933,-6.5342251293603,2.8701348555381,0
5671,0.063851235839077,0.069807301762625,-6.5312599561271,7.317152415129,0
1613,0.0097023186353446,0.048796489874075,-6.528869236531,6.1450446764944,0
5663,0.096210632321487,0.091729928592165,-6.5277276167547,7.5932442828425,0
5679,0.044467424590509,0.059241504244603,-6.5266659754959,7.0438965841364,0
2092,-0.20523737685943,-0.00098668839642284,-6.5254792895569,1.0863689817103,0
1668,-0.00010550014471875,0.045459079542088,-6.5253724671119,5.8673897962948,0
1966,-0.051568594396464,0.017404152000713,-6.5194090234276,3.628853906743,0
5655,0.13552160169741,0.11851655308989,-6.5159609038896,7.8719576492054,0
2044,-0.058573705329286,0.0044498242599781,-6.514729185073,2.4981913718959,0
1859,-0.034274661492795,0.029792248276801,-6.5143350351721,4.6597122040831,0
1558,0.019621987062158,0.051695837741487,-6.514324169346,6.4242547405695,0
2069,-0.058743982859648,-0.0019916439442414,-6.5125610654434,1.9597775774819,0
1886,-0.038861903241688,0.027056740569248,-6.5121178175643,4.4423381983711,0
1832,-0.029358923643157,0.0325310106795,-6.5076897175837,4.8785511252707,0
2093,-0.13787843214146,-0.0034424512732944,-6.5049419173999,1.2589555840911,0
1723,-0.0095690354537106,0.041823458144884,-6.5044121010864,5.5919450576252,0
1913,-0.043104948333918,0.024332630238548,-6.5013562534663,4.2267354533881,0
5647,0.051696659991385,0.038793872999656,-6.4958570643736,8.1530748618278,0
1805,-0.024119905670074,0.03525809610612,-6.4918731928315,5.09853803348,0
2019,-0.057129093815966,0.010506811872923,-6.4852656972682,3.0437561517483,0
1940,-0.046982208716364,0.021623840962366,-6.4823777146619,4.0131994574429,0
2094,-0.093999502586512,-0.0050106998813025,-6.4820468300855,1.4312108633717,0
1503,0.029640139953102,0.054438391039161,-6.4811798811118,6.7043459262406,0
1993,-0.054378974870901,0.014745861725603,-6.4800296652945,3.4210522252159,0
2070,-0.059148840132487,1.3706836372737e-05,-6.4792215330133,2.1326546154904,0
2045,-0.058811346915964,0.006237791850569,-6.4725924336032,2.6713289537714,0
1778,-0.018556183978592,0.037940723893371,-6.4665866316572,5.319345700168,0
1641,0.0064910175334667,0.04765380732561,-6.4629370501795,6.0911206829005,0
5670,0.054065597232269,0.063171108534904,-6.4626655215617,7.2443934786601,0
5662,0.079727714660101,0.078975263704688,-6.4605748440544,7.519152445263,0
2095,-0.06989149002802,-0.0053848719407222,-6.4568028008627,1.6030774683688,0
5678,0.039575914019446,0.057189529435649,-6.4566562668145,6.9724985310359,0
1696,-0.0032822729013594,0.044240317271491,-6.4559158287178,5.8147272312455,0
1967,-0.050470215098862,0.018937757224658,-6.4555184149251,3.8020145779168,0
1586,0.01641054453939,0.050615151695493,-6.4520244906107,6.3691649493985,0
5654,0.1171360177031,0.10458468760702,-6.4502756287164,7.7965614033844,0
2071,-0.059627354465784,0.0019315879666912,-6.4434426446566,2.3048789190942,0
136,-0.88194170397802,0.001820466787732,-6.4376429833402,0.062500002000119,0
137,-0.81615113061312,0.0040702544333234,-6.4363963857312,0.18750000600041,0
138,-0.73092922440754,0.0057495584496623,-6.4351497881221,0.31250001000044,0
139,-0.63706725014424,0.0063878325192633,-6.4339031905131,0.43750001400015,0
2020,-0.056784822966572,0.012124241235573,-6.4336966815537,3.2163251323068,0
5646,0.12840536632443,0.1102380045576,-6.4316645605728,8.0764032002484,0
1751,-0.012657263463116,0.040539189489228,-6.4315413643688,5.5406368907154,0
944,-0.54133378136096,0.0061286710651015,-6.4314050180686,0.56250001800011,0
2096,-0.06089232260941,-0.0043227699174147,-6.4292199979961,1.7744982778563,0
1887,-0.036860352109847,0.028477175766642,-6.4289550839417,4.6146962002218,0
2046,-0.058893173702939,0.0079339041601568,-6.4279342245664,2.843589986936,0
945,-0.44842355306609,0.0050947423274369,-6.4276552707886,0.68750002200035,0
1860,-0.032073399652957,0.031199197233272,-6.4252607986897,4.8318365383146,0
1914,-0.041316730958346,0.025764782362211,-6.4239076695288,4.3990996449808,0
946,-0.36175633048282,0.0034561850266013,-6.4239055235086,0.81250002600034,0
1531,0.026480432428127,0.053441513300091,-6.4226184032545,6.6481885730431,0
1994,-0.05355445690216,0.016284781877359,-6.4211230613281,3.5934538077805,0
947,-0.28378191161536,0.001408648645824,-6.4201557762287,0.9375000300001,0
1833,-0.026959080412793,0.033917332199748,-6.4125141841829,5.0502066517626,0
1941,-0.045427745771008,0.023068888115689,-6.410438630025,4.1853502500522,0
2120,-0.20387999724242,-0.0011621079862426,-6.4087703389684,1.0850378473435,0
2072,-0.060028634587932,0.0037238356153025,-6.4052410296461,2.4763912429919,0
2097,-0.060000751957497,-0.0024322585741207,-6.3993099785817,1.9454164354102,0
1669,0.0032831943142028,0.046460246937842,-6.3970048638279,6.0371966893065,0
5669,0.047256052781231,0.0593935279027,-6.3940710869963,7.1716345421913,0
3727,0.035630811883792,0.055789625893489,-6.3934670933623,6.9076731739395,0
5661,0.06652524355281,0.069376623556999,-6.3934220713543,7.4450606076836,0
1806,-0.021512481378913,0.036599492669567,-6.390414382936,5.2694821844276,0
1614,0.013191059760473,0.049481404788873,-6.3897248118754,6.3140751582273,0
1968,-0.049171590877592,0.020392319637596,-6.3888771502098,3.9737404908756,0
2121,-0.13742358333357,-0.0036456548627803,-6.3886399037968,1.2549713505081,0
1724,-0.0064432032439463,0.042971194912595,-6.3864591903236,5.7620646661962,0
5653,0.098597080839989,0.090169791229178,-6.3845903535431,7.7211651575634,0
2047,-0.058797057071478,0.0095482479886165,-6.3807766653048,3.0149132918182,0
2021,-0.05623307715456,0.013665062391636,-6.3795444987038,3.3877785222169,0
5645,0.13702799624135,0.11527805416502,-6.3674720567721,7.9997315386692,0
2098,-0.060451236800648,-0.00053538433488594,-6.3670856816106,2.1157753835505,0
2122,-0.094187184643898,-0.0052579872983602,-6.3662946452956,1.4245936107604,0
2073,-0.060306852400094,0.0054195269181884,-6.364634755991,2.6471327645127,0
1559,0.023323369070914,0.052409364388417,-6.3640569253973,6.5920312198456,0
1995,-0.052519917113894,0.017747438254182,-6.3595611829002,3.7645516786817,0
1779,-0.015714744778486,0.039207151112611,-6.3586706276513,5.4893287238057,0
1915,-0.039385333272335,0.027125857164012,-6.3435751327113,4.5696801963606,0
1888,-0.034731303033238,0.02982883849199,-6.3428318797959,4.7851219513585,0
5637,0.051265920317576,0.03706477508401,-6.3419686642804,8.2805400875672,0
2123,-0.070566808557686,-0.0056798468308365,-6.3417428050016,1.5938507527464,0
3726,0.032315226910188,0.054703293517254,-6.3370984551395,6.8494205128471,0
1942,-0.04370760628597,0.024438624134726,-6.3356975214935,4.3558610915905,0
1861,-0.029747024520961,0.032535272991122,-6.3331551755343,5.001875270045,0
2099,-0.060964362936223,0.0012773175347126,-6.3325614204801,2.2855188963948,0
2048,-0.058507195121915,0.011086236082318,-6.331143347222,3.1852382459539,0
1697,8.3443936193277e-05,0.04521578873905,-6.3310726774763,5.9832726957127,0
1642,0.0099668645990501,0.048294642095173,-6.32742513314,6.2589853670561,0
5660,0.056772086967206,0.062985796722526,-6.3262692986546,7.3709687701047,0
5668,0.042332356330504,0.057332539262682,-6.3254766524306,7.0988756057221,0
2022,-0.055470049545796,0.015131154413992,-6.3228370992285,3.5580537088181,0
2074,-0.060433941771235,0.0070280182275635,-6.3216433197726,2.817045118334,0
1969,-0.047683905705029,0.021772648434758,-6.3195210065836,4.1439650467162,0
140,-0.88744710672084,0.0018747216175213,-6.3195171818859,0.062500002000119,0
5652,0.082278565618948,0.078013542729878,-6.3189050783699,7.6457689117425,0
141,-0.82060582146218,0.0041787469779596,-6.3183510099289,0.18750000600041,0
142,-0.73409865129581,0.0058906220609544,-6.3171848379719,0.31250001000044,0
1752,-0.0095833045024546,0.041651791354733,-6.3170025519295,5.7094021011469,0
143,-0.6389183151778,0.0065248627858029,-6.3160186660149,0.43750001400015,0
2124,-0.061921234193893,-0.0046838408263502,-6.314993934921,1.7626891171325,0
1834,-0.024424408348018,0.035214038518106,-6.3142421342146,5.2196186686871,0
948,-0.54195503931456,0.0062315140085738,-6.3136816659862,0.56250001800011,0
949,-0.44798438852046,0.0051398641386298,-6.3101738378857,0.68750002200035,0
950,-0.36047812944511,0.0034275899236676,-6.3066660097852,0.81250002600034,0
1587,0.020161736202122,0.051325856242434,-6.3054954475402,6.5358738666483,0
5644,0.11920758896269,0.10221100791102,-6.3032795529712,7.9230598770897,0
951,-0.28192851074524,0.0012869474502795,-6.3031581816847,0.9375000300001,0
2100,-0.061402156773255,0.0029710435009499,-6.2957528742189,2.4545911140877,0
1996,-0.051286126254725,0.019134184058793,-6.2953765857578,3.9342815243082,0
2148,-0.20245113709924,-0.0013492089501629,-6.2920613883801,1.0837067129766,0
2125,-0.061173363094159,-0.0028963507802471,-6.2860588917197,1.9310552933385,0
1807,-0.018736009195281,0.037827922704717,-6.2857998909339,5.4380205568961,0
3725,0.029052979807133,0.053627813793103,-6.2807298169167,6.7911678517548,0
5636,0.12817958486321,0.10571667396393,-6.279293634199,8.2026224913096,0
2049,-0.058013457923051,0.01255111749728,-6.2790593321132,3.3545048192181,0
2075,-0.060387751774919,0.0085587945855061,-6.2762876333414,2.9860704318881,0
2149,-0.1369008567333,-0.0038598548650247,-6.2723378901939,1.2509871169251,0
1725,-0.0031034158789623,0.04392035127003,-6.2651404911248,5.9293487021189,0
1670,0.0067416865835585,0.047054724819778,-6.2651254544045,6.2038955758848,0
2023,-0.054498954987286,0.016523909254563,-6.2636039508753,3.7270887794468,0
3767,0.038318997047162,0.055856547705801,-6.2633073746504,7.0317985990287,0
1916,-0.037328178682941,0.028421679999335,-6.2604029609021,4.7384073644025,0
5659,0.049946138020143,0.059284197330289,-6.2591165259551,7.296876932526,0
1943,-0.041845658918544,0.025740255858675,-6.258195181481,4.5246641924994,0
2101,-0.061721012358324,0.0045734528563753,-6.2566770783785,2.6229365752538,0
2126,-0.061667704105858,-0.0011088167473283,-6.2549498302076,2.0988961516105,0
1889,-0.032478818314685,0.031113460181072,-6.2537961668858,4.9535438883275,0
5651,0.069163884351909,0.068816030618066,-6.2532198031969,7.5703726659218,0
2150,-0.094308232729309,-0.0055195275188486,-6.2505424605058,1.4179763581491,0
1780,-0.012697305147866,0.040282376038919,-6.2475459135354,5.6567395360976,0
1970,-0.046030943755191,0.023080415750317,-6.247487373458,4.3126225382001,0
1615,0.016996241243112,0.050188292235979,-6.246933969683,6.4797165134508,0
5643,0.10094382901934,0.08853845647273,-6.2390870491702,7.8463882155102,0
1862,-0.027286559171961,0.033785658302354,-6.2380698854932,5.1697551529465,0
1997,-0.04986698992336,0.020447225042022,-6.2286033831421,4.1025798433802,0
2076,-0.060152047771252,0.010017080201516,-6.2285900128902,3.154151359601,0
2151,-0.071172579235981,-0.0059925469972909,-6.2266828091405,1.584624037124,0
2050,-0.057311504596853,0.013944763674163,-6.224551137129,3.5226536098558,0
3724,0.02579287616479,0.052513674891057,-6.224361178694,6.7329151906626,0
2127,-0.062215395330496,0.00059798998816478,-6.2216801963034,2.2661588736954,0
5635,0.13842522676488,0.11200314794692,-6.2166186041178,8.1247048950521,0
2102,-0.061893315198848,0.0060935324974079,-6.2153524149785,2.7905002497318,0
1835,-0.021715430940208,0.036402333482607,-6.2129291542163,5.3867123899864,0
3766,0.034881237420409,0.054696703694835,-6.207563253656,6.9704035221113,0
1698,0.0035193300765964,0.045761467809075,-6.2028257756691,6.1488057847136,0
2024,-0.053329347061618,0.017844150261009,-6.2018760213058,3.894822557741,0
144,-0.89310375185327,0.0019315416603974,-6.2013913804316,0.06250000200012,0
2152,-0.062870680755703,-0.0050665140487453,-6.200767871846,1.7508799564086,0
145,-0.82517156531054,0.0042918961546073,-6.2003056341267,0.18750000600041,0
146,-0.73733159789614,0.0060372937687603,-6.1992198878218,0.31250001000044,0
1753,-0.0062722646750773,0.04257395889115,-6.1992083047733,5.875424708525,0
147,-0.64078631126165,0.0066665572498755,-6.1981341415168,0.43750001400015,0
952,-0.54255241772604,0.0063365859704023,-6.1959583139039,0.56250001800012,0
953,-0.44748869241202,0.0051838423948996,-6.1926924049828,0.68750002200036,0
5658,0.044970676082716,0.057194606933972,-6.1919637532551,7.2227850949468,0
954,-0.35911799296878,0.0033945270636432,-6.1894264960618,0.81250002600035,0
1643,0.013829861433849,0.048995911418082,-6.1883724918256,6.4235591602531,0
5650,0.059432205674594,0.062633937218768,-6.1875345280243,7.4949764201016,0
2128,-0.06268983736146,0.0021924405620182,-6.1862647187915,2.4327909851835,0
955,-0.279971430319,0.0011563620825521,-6.1861605871407,0.93750003000011,0
5627,0.050785994673661,0.035344102475067,-6.1857202260808,8.4051011131603,0
2077,-0.059716143469829,0.011406116927678,-6.1785741655226,3.3212311162193,0
1808,-0.015779611715248,0.038863585006207,-6.1780892751414,5.6040769710485,0
1944,-0.039859698108484,0.026979684923593,-6.1779740420085,4.6916927774466,0
2176,-0.2009509280938,-0.0015474310098192,-6.1753524377917,1.0823755786097,0
5642,0.084791274459959,0.076946946304123,-6.1748945453694,7.7697165539308,0
1917,-0.035149533865742,0.029653645872524,-6.1744371582375,4.9052125066101,0
1971,-0.044237622888556,0.024322566995703,-6.1728152302506,4.4796481886382,0
2153,-0.062257526166772,-0.0033838092107037,-6.1728078048578,1.9166941512668,0
2103,-0.061896942796041,0.007540268329066,-6.1717986013778,2.957227571958,0
3723,0.022527298519374,0.051344191039241,-6.1679925404714,6.6746625295704,0
2051,-0.056403512772468,0.015268460022211,-6.1676467188504,3.689625880212,0
1890,-0.030093432858301,0.032315930437891,-6.1618976367719,5.119891637206,0
1998,-0.048282746545188,0.02169202295115,-6.1592772254224,4.2693839848097,0
2177,-0.13630505735756,-0.0040873003224658,-6.156035876591,1.247002883342,0
5634,0.12122485111491,0.09977805179185,-6.1539435740363,8.0467872987943,0
3765,0.03149728351971,0.05353116645681,-6.1518191326616,6.9090084451939,0
2129,-0.063049421310822,0.0037008750000158,-6.1487194007658,2.5987403859949,0
2154,-0.062794029303215,-0.001706150627273,-6.1428139788047,2.0820169196705,0
1726,0.00030372203812348,0.044414838089237,-6.1405260969338,6.0937159935424,0
1863,-0.024647286436407,0.034931556093248,-6.1400584174986,5.3354042230765,0
2025,-0.051975366676617,0.019093996045714,-6.1376857597007,4.0611946400443,0
2178,-0.094357734344561,-0.0057967632695659,-6.134790275716,1.4113591055378,0
1781,-0.009417662539622,0.04117687399631,-6.1332761184218,5.8215007149312,0
3807,0.040879537954815,0.05563858947148,-6.1308565661584,7.153501099715,0
1671,0.010666339865647,0.047748141998179,-6.1298110139683,6.3674018070555,0
2078,-0.059075063939118,0.012727756849069,-6.1262651750296,3.4872535108936,0
2104,-0.061715326884773,0.0089187297155797,-6.1260366785582,3.123064473248,0
5626,0.12785960938236,0.10128084637068,-6.1245867913386,8.3259675405051,0
5649,0.052577185393977,0.058980106261055,-6.1218492528518,7.4195801742814,0
3722,0.019257996711186,0.050115018797718,-6.1116239022486,6.6164098684781,0
2179,-0.07170396468225,-0.0063237450294571,-6.1116228132796,1.5753973215016,0
2155,-0.063376167929326,-0.0001056481485899,-6.1107989721267,2.246798850996,0
5641,0.071759620789261,0.06811980414648,-6.1107020415687,7.6930448923517,0
2130,-0.063266984993792,0.0051320149921793,-6.1090615101841,2.7639553811296,0
1836,-0.018824292408599,0.037396559917339,-6.1086326367472,5.5514144059992,0
2052,-0.055297962831003,0.016523223167401,-6.1083754568538,3.8553635911739,0
3764,0.028111435672139,0.05231703009438,-6.0960750116672,6.8476133682766,0
1972,-0.042321934193193,0.025505153367719,-6.0955451231146,4.6449781904905,0
1945,-0.037754388512563,0.028157897839201,-6.0950781495892,4.8568811248927,0
5633,0.10324293205122,0.08681881363819,-6.0912685439549,7.9688697025365,0
1999,-0.046557654272324,0.022874963648277,-6.0874352790201,4.4346321847769,0
2180,-0.063735958395563,-0.0054710249720158,-6.086541808771,1.7390707956848,0
1918,-0.032839479580851,0.030806737366063,-6.0857253880507,5.0700281214656,0
148,-0.89891816528552,0.001991025971519,-6.0832655789775,0.06250000200012,0
149,-0.82985270716088,0.0044098068693453,-6.0822602583247,0.18750000600041,0
150,-0.74062987270306,0.0061895985634121,-6.0812549376719,0.31250001000044,0
151,-0.64267060744181,0.0068127334286648,-6.0802496170191,0.43750001400015,0
956,-0.5431232688547,0.0064433412951043,-6.0782349618219,0.56250001800012,0
1754,-0.002900995377073,0.043015159344645,-6.0782264181984,6.0386262023712,0
2105,-0.061337256420925,0.010232120372601,-6.0780889989317,3.2879574132203,0
2156,-0.063887350865844,0.0013890721272965,-6.0767765633641,2.4109908562793,0
3806,0.037312335033513,0.054400748171358,-6.0757949646653,7.0890249468309,0
957,-0.44693264960528,0.0052255132076724,-6.0752109720802,0.68750002200037,0
958,-0.35767193704114,0.0033547274161498,-6.0721869823385,0.81250002600036,0
2079,-0.05823002315231,0.013983197454163,-6.0716894868257,3.6521629809773,0
1699,0.0075096944651807,0.046444706765043,-6.071249536111,6.3112444538579,0
2026,-0.050457204138874,0.02027830601332,-6.0710670773869,4.2261454314194,0
959,-0.27789918755944,0.0010186621816101,-6.0691629925969,0.93750003000011,0
1809,-0.012533899305527,0.039729671592161,-6.0673439320705,5.7675767213375,0
2131,-0.063320471520681,0.0064944354836936,-6.0673095694139,2.9283847120277,0
1891,-0.027525804241684,0.033417160652961,-6.067187680781,5.2840960561667,0
5625,0.13970319397565,0.10867574918372,-6.0634533565966,8.24683396785,0
2181,-0.063249030760305,-0.0038943882512074,-6.059556717996,1.9023330091951,0
2204,-0.19938171887665,-0.0017543720045222,-6.0586434872035,1.0810444442429,0
5648,0.047541122240208,0.056845205035468,-6.056163977679,7.3441839284609,0
3721,0.015989249314357,0.048824367228738,-6.0552552640257,6.5581572073857,0
2053,-0.054008806899134,0.017711061895865,-6.0467681362594,4.0198094367086,0
5640,0.062039848697854,0.062121008145573,-6.0465095377684,7.616373230773,0
2157,-0.064287777828115,0.0028031126370631,-6.0407617231532,2.574544196736,0
3763,0.024715423632376,0.051038563024537,-6.040330890673,6.7862182913594,0
2205,-0.13563113110735,-0.0043313353126963,-6.0397338629881,1.243018649759,0
1864,-0.021825072496335,0.035883034464922,-6.0391759983529,5.4987518409497,0
2182,-0.063826075389191,-0.0023268269891265,-6.0306781274019,2.0651376877306,0
5632,0.08725395178278,0.075759767019671,-6.0285935138735,7.8909521062788,0
2106,-0.060757072840291,0.011482263764887,-6.0279792129299,3.4518534119312,0
5617,0.050250249610776,0.033630762517585,-6.0271665509918,8.5267142511753,0
2132,-0.063193040949387,0.0077930858173923,-6.023483344226,3.091977586895,0
3805,0.033801914089447,0.053139845209311,-6.0207333631721,7.0245487939467,0
2206,-0.094331167850921,-0.0060912882861019,-6.0190380909263,1.4047418529265,0
1782,-0.0060903685890543,0.041563297786167,-6.0159267394631,5.9835364112,0
1973,-0.040289137964762,0.026628757184112,-6.0157191409407,4.8085497431753,0
2080,-0.057188474510908,0.015173447255323,-6.014874892402,3.8159046246069,0
2000,-0.044711380050286,0.02400056486214,-6.0131162042208,4.5982636035345,0
1727,0.0043640589918502,0.04508583957981,-6.0126880582537,6.2550871006604,0
1946,-0.035519350532346,0.029260357283087,-6.0095531393295,5.0201646057252,0
2158,-0.06455073237682,0.0041450168905227,-6.0027706053898,2.7374105125274,0
5624,0.12317892644981,0.097276591991447,-6.0023199218544,8.1677003951947,0
2027,-0.048798618868975,0.021402771826642,-6.0020553277897,4.3896161809158,0
1837,-0.015615107160993,0.038233262984262,-6.0014117457189,5.7136527277436,0
2183,-0.064442484577106,-0.00083276175875592,-5.9999177479501,2.2274388282966,0
3720,0.01272625223208,0.047471342287941,-5.9988866258029,6.4999045462933,0
2207,-0.072156296687648,-0.0066740722599021,-5.9965628174187,1.5661706058792,0
3847,0.043369847418551,0.055204005292647,-5.9961602235786,7.272738396241,0
1919,-0.030345237903024,0.031861165917502,-5.9943169440636,5.2327878892571,0
3762,0.021311974850917,0.049690946051626,-5.9845867696786,6.7248232144421,0
2054,-0.052555908751649,0.018835968858963,-5.9828569293516,4.1829068780293,0
5639,0.055145221102929,0.058495988124536,-5.9823170339683,7.5397015691944,0
2133,-0.062872979897331,0.0090311267378172,-5.9776038323406,3.2546837102213,0
2107,-0.059975037798099,0.012670268234801,-5.9757322548006,3.6147000817424,0
2208,-0.064512500672584,-0.0058974269246178,-5.9723157456961,1.727261634961,0
1892,-0.024775338088824,0.034325350297166,-5.9697193599588,5.4460892759004,0
5616,0.12744515848682,0.096925113913087,-5.9675982429916,8.4463951264093,0
2184,-0.06499046599202,0.00056203761303399,-5.9672884079369,2.3891907273751,0
5631,0.074296463403426,0.067275062494123,-5.9659184837923,7.8130345100214,0
3804,0.030286344704749,0.051819785222786,-5.9656717616791,6.9600726410627,0
152,-0.90489709531964,0.0020532988332969,-5.9651397775233,0.06250000200012,0
153,-0.83465365995918,0.0045326398040679,-5.9642148825227,0.18750000600041,0
154,-0.74399519447638,0.0063476514141724,-5.9632899875222,0.31250001000044,0
2159,-0.064654248407908,0.0054230260846182,-5.9628205374501,2.8995418520975,0
155,-0.64457033941228,0.0069633750060427,-5.9623650925216,0.43750001400015,0
960,-0.54366456441295,0.0065515553486609,-5.9605116097402,0.56250001800012,0
961,-0.44631190305976,0.005264419458064,-5.9577295391778,0.68750002200037,0
2081,-0.055963805972951,0.016300246943568,-5.9558505128182,3.978424233373,0
962,-0.35613682687488,0.0033074436687099,-5.9549474686155,0.81250002600037,0
1755,0.0012335169284601,0.043672458871738,-5.9541265803964,6.1989297474628,0
1810,-0.0092595042005509,0.040060815592376,-5.9536270607278,5.928446620029,0
963,-0.27572367833056,0.00087418505034028,-5.9521653980531,0.93750003000011,0
2209,-0.064143747294362,-0.0044277043049461,-5.9463056311342,1.8879718671235,0
3719,0.0094747574094309,0.046055950102912,-5.94251798758,6.4416518852009,0
2232,-0.1977238699152,-0.0019706439197467,-5.9419345366153,1.079713309876,0
3846,0.039672194051375,0.053882684769651,-5.941837990551,7.2052435776221,0
5623,0.10548562527799,0.085003402729489,-5.9411864871122,8.0885668225394,0
2001,-0.042750178672977,0.025069093884344,-5.9363601322922,4.7602183614578,0
1865,-0.018655423479097,0.036688889765673,-5.9354795593673,5.6597287341497,0
1974,-0.038128435690546,0.027679655019513,-5.9333808906082,4.9703010899847,0
2185,-0.065431870108615,0.0018815061917209,-5.9328040455406,2.5503480074771,0
2028,-0.04701962043904,0.022471687631876,-5.930687285327,4.5515490165786,0
2134,-0.062353917410274,0.010210352329405,-5.92969325083,3.4164533129688,0
3761,0.017906495376753,0.048272293327111,-5.9288426486841,6.6634281375246,0
2233,-0.13487368965226,-0.0045931492777126,-5.9234318493853,1.239034416176,0
1947,-0.033100099774435,0.030266168829424,-5.9214462073462,5.1814797223475,0
2108,-0.058997544552056,0.013797018081607,-5.9213743279498,3.7764456580398,0
2160,-0.064581253244005,0.006642005652998,-5.9209300098938,3.0608907005419,0
2210,-0.064759777558943,-0.0029701711327469,-5.9185422759991,2.0482584557907,0
5638,0.050041388292211,0.056304602309869,-5.9181245301678,7.4630299076154,0
2055,-0.050962612146487,0.019902857795743,-5.9166753765594,4.3446001770549,0
3803,0.026756770142586,0.050425613319228,-5.9106101601861,6.8955964881788,0
5615,0.14084610463892,0.10527606216901,-5.9080299349914,8.3660760016435,0
2234,-0.094224169019154,-0.0064037427327059,-5.9032859061366,1.3981246003152,0
5630,0.064575968994593,0.061437976428044,-5.9032434537115,7.7351169137645,0
1920,-0.027668191972857,0.032726414954208,-5.9002627215647,5.3934267108512,0
2186,-0.065740416316962,0.0031340836491229,-5.8964797005956,2.7108656439252,0
1783,-0.0018781441120719,0.042206238201256,-5.8955651025391,6.1427723942653,0
2082,-0.054575310840474,0.017366778482514,-5.8946467813163,4.1396683246393,0
1838,-0.012402884413324,0.038510092924993,-5.8913273819925,5.8733568288578,0
2211,-0.065410227453749,-0.0015824283834436,-5.8890365237736,2.2080788055972,0
3845,0.036034442741591,0.052521598907769,-5.8875157575234,7.1377487590031,0
3718,0.0062410180334089,0.044579234290396,-5.8861493493572,6.3833992241086,0
2235,-0.072524916611364,-0.0070438392393833,-5.8815028215578,1.5569438902568,0
5622,0.089656562818661,0.074446014242527,-5.88005305237,8.0094332498841,0
2135,-0.061635148611662,0.011331780407933,-5.8797750227753,3.5772371825075,0
2161,-0.064319546715634,0.0078050847365102,-5.8771186657496,3.2214100072223,0
3760,0.014505307671837,0.046782090646455,-5.8730985276895,6.6020330606071,0
1893,-0.021649170533898,0.035098113320457,-5.8695473730157,5.6058047405558,0
5607,0.049651163939913,0.031921103329898,-5.8663632480914,8.6453368486147,0
2109,-0.057837123888336,0.014863882131379,-5.8649328893767,3.9370390300372,0
3887,0.045786248801275,0.054573760201584,-5.859264683924,7.3894690641254,0
2187,-0.065894244998565,0.0043277463532424,-5.8583315054863,2.8706989921673,0
2236,-0.065195841741071,-0.0063455753333912,-5.8580896826213,1.7154524742372,0
2212,-0.065995033331263,-0.00028750627675117,-5.8578002525096,2.3673905984709,0
2002,-0.040662965091418,0.026067946325946,-5.8572086418869,4.9204375742442,0
2029,-0.045127607017035,0.023485125329671,-5.8570011236439,4.7118869797405,0
3802,0.023216920886656,0.04895282926898,-5.855548558693,6.8311203352947,0
1975,-0.035785578901678,0.0286355938981,-5.8485754706287,5.1301715554378,0
5614,0.1250649909948,0.094699303642644,-5.8484616269911,8.2857568768774,0
2056,-0.049249363310407,0.020915736111331,-5.8482583664334,4.5048344296229,0
156,-0.9110477062043,0.0021185449268647,-5.847013976069,0.06250000200012,0
157,-0.83957907066441,0.0046606514305314,-5.8461695067206,0.18750000600041,0
158,-0.74742934418189,0.0065117057934144,-5.8453250373722,0.31250001000044,0
159,-0.64648457855782,0.0071186418606372,-5.8444805680237,0.43750001400015,0
964,-0.54417317531262,0.0066612581572906,-5.8427882576581,0.56250001800012,0
5629,0.057629234571185,0.057827355462424,-5.8405684236308,7.6571993175076,0
965,-0.4456219340613,0.0053006146962266,-5.8402481062751,0.68750002200038,0
966,-0.35450782300521,0.0032530628522028,-5.8377079548922,0.81250002600037,0
1811,-0.0049677459825232,0.040689535086276,-5.837003624682,6.0866150410679,0
967,-0.27344100750922,0.0007201556569516,-5.8351678035092,0.93750003000012,0
3844,0.032387978802809,0.051091999923544,-5.8331935244959,7.0702539403842,0
2237,-0.064937619406271,-0.004983233789081,-5.8330545442725,1.8736107250518,0
2162,-0.063862027739499,0.0089140371326475,-5.8314072887301,3.3810532140063,0
2083,-0.053045964002467,0.01837713865095,-5.8312954253292,4.299584173194,0
1948,-0.030496673749123,0.031089679172768,-5.8308060831708,5.340764145802,0
3717,0.0030317351121686,0.043043378794489,-5.8297807111344,6.3251465630162,0
1866,-0.015514123587849,0.036914413632189,-5.829027703257,5.8182670376864,0
2136,-0.060721940592211,0.012396115306937,-5.8278737634974,3.7369866914725,0
2260,-0.19597106760452,-0.0021990086379339,-5.825225586027,1.0783821755092,0
2213,-0.066477563618806,0.00093742479303187,-5.8248463679281,2.5261518182183,0
5621,0.076762587419822,0.066277659212548,-5.818919617628,7.9302996772292,0
2188,-0.06587607544303,0.0054673128329776,-5.8183766755617,3.0298038141889,0
3759,0.011115209663811,0.045221199949688,-5.8173544066951,6.5406379836897,0
5606,0.12692890045619,0.092638150578665,-5.8083829990701,8.5638630504071,0
2261,-0.13402825385867,-0.0048716303320076,-5.8071298357825,1.235050182593,0
2110,-0.056512293956182,0.015873273850527,-5.8064366332807,4.0964297712492,0
2238,-0.065591139591617,-0.0036353932281665,-5.8064064245964,2.0313792238507,0
3886,0.041956666020372,0.053163523779452,-5.8057374952372,7.3190190387245,0
1921,-0.02459100999385,0.033462840725669,-5.8036151866644,5.5518807469621,0
3801,0.019673459069272,0.04740085947342,-5.8004869571998,6.7666441824105,0
2214,-0.066831962512779,0.0021007655652166,-5.7901887958014,2.6843207753231,0
5613,0.10766321086824,0.083087225211981,-5.7888933189907,8.2054377521113,0
2262,-0.094032084856929,-0.006733876713519,-5.7875337213469,1.3915073477039,0
2163,-0.063206999164281,0.0099697992094505,-5.7838177907501,3.5397742832725,0
2030,-0.043110959937131,0.024431726211167,-5.7810363931657,4.8705740585039,0
3843,0.028723631155398,0.049579881791053,-5.7788712914684,7.0027591217654,0
1839,-0.0080330571745609,0.039125172086899,-5.7784421468247,6.0304576878704,0
2239,-0.066275350494135,-0.0023536365696915,-5.7781552995971,2.1887187828979,0
5628,0.052449268033859,0.05557212489814,-5.7778933935497,7.5792817212504,0
2057,-0.047424815514978,0.021874729034372,-5.7776421149956,4.6635555980234,0
2189,-0.065673231945372,0.0065559023291519,-5.7766334991586,3.1881363042233,0
2003,-0.038397326458272,0.026973604393977,-5.7757047339111,5.0788633885281,0
2137,-0.059625737415042,0.01340431082088,-5.7740152659349,3.8956538267013,0
3716,-0.00014604343017028,0.041451728545282,-5.7734120729116,6.2668939019239,0
1894,-0.018585692530671,0.035277983219706,-5.7667280245216,5.7631772465152,0
2263,-0.072805025961177,-0.0074330851831404,-5.7664428256969,1.5477171746345,0
2084,-0.051396709018834,0.019334922223367,-5.7658294475399,4.4581198426672,0
3758,0.0077432523733464,0.043591997063085,-5.7616102857006,6.4792429067723,0
1976,-0.033254148821209,0.029419175038839,-5.7613494447766,5.2881015807527,0
5620,0.067027282161149,0.060582891502101,-5.7577861828865,7.8511661045747,0
2215,-0.067036485623808,0.0032102901867554,-5.7538424735227,2.8418561322371,0
3885,0.038189135675684,0.051698027440879,-5.7522103065505,7.2485690133236,0
5605,0.14181692707049,0.10177349422448,-5.7504027500489,8.4823892521996,0
2240,-0.066896976535189,-0.0011583405186465,-5.7483120970825,2.3455904695668,0
2111,-0.055045607169252,0.016828453887993,-5.7459154740988,4.254568169333,0
3800,0.016134154631117,0.045771400510171,-5.7454253557065,6.7021680295262,0
2264,-0.065781593698662,-0.006815157298053,-5.7438636195463,1.7036433135134,0
1949,-0.027476072700136,0.031785494253494,-5.737683000313,5.4979567533684,0
2164,-0.06235852794475,0.010972881267517,-5.7343731990451,3.6975277249053,0
2190,-0.065277872907766,0.0075952868860914,-5.7331213266303,3.3456531150439,0
5612,0.0919905612183,0.07300291504562,-5.7293250109904,8.1251186273453,0
160,-0.91737751149023,0.0021869690300015,-5.7288881746147,0.06250000200012,0
161,-0.84463376806073,0.0047940965933213,-5.7281241309184,0.18750000600041,0
162,-0.75093414971098,0.0066819950366676,-5.727360087222,0.31250001000044,0
163,-0.6484123435243,0.0072786676768548,-5.7265960435256,0.43750001400015,0
968,-0.54464588501831,0.0067723871173159,-5.7250649055757,0.56250001800012,0
3842,0.025046271219151,0.047982029356136,-5.7245490584408,6.9352643031465,0
969,-0.44485820384307,0.0053338262787336,-5.7227666733722,0.68750002200038,0
970,-0.35278001082286,0.0031909980360732,-5.7204684411687,0.81250002600038,0
3927,0.048104930926322,0.053749742322331,-5.7202170480603,7.5036525498425,0
1867,-0.011073075239461,0.037516109826761,-5.7198806689673,5.9743003346727,0
2265,-0.065626659495633,-0.0055603194605647,-5.7198034574107,1.8592495829801,0
2138,-0.058364069587338,0.014358041052803,-5.718226485245,4.0531912178589,0
971,-0.27104656354384,0.00055451918288891,-5.7181702089652,0.93750003000012,0
3715,-0.0032850720982248,0.039808716355145,-5.7170434346889,6.2086412408317,0
2241,-0.06742079205908,-2.7725296499612e-05,-5.7168886903157,2.5019556289594,0
2216,-0.067073660243139,0.0042708075275802,-5.7158233412297,2.9987169278359,0
2288,-0.19411740360265,-0.0024412472172937,-5.7085166354386,1.0770510411423,0
3757,0.0043964681363012,0.041898445078902,-5.7058661647062,6.4178478298549,0
2058,-0.045477432015686,0.022769941812966,-5.7048641444447,4.8207105427638,0
1922,-0.021608667427747,0.033605812274196,-5.7044283457863,5.7080874553441,0
5597,0.048978713019434,0.030210779972376,-5.7033667152688,8.7609273015186,0
2031,-0.040923522558244,0.025286038216463,-5.7028339971937,5.0275552216185,0
3884,0.034408478550726,0.050156618860133,-5.6986831178638,7.1781189879229,0
2085,-0.049637625469969,0.020240444676841,-5.6982831063475,4.6152242163064,0
5619,0.060015061908282,0.056974714686109,-5.696652748145,7.7720325319202,0
2266,-0.066316234110271,-0.0043215880312202,-5.6942705731936,2.0144999919108,0
5604,0.12689751559369,0.092053683580418,-5.6924225010275,8.4009154539918,0
2004,-0.035934386730942,0.027719284419662,-5.6918928063825,5.2354390157035,0
2289,-0.13308980201064,-0.0051662355973001,-5.6908278221795,1.23106594901,0
3799,0.012607345877429,0.044068467746208,-5.6903637542134,6.6376918766421,0
2191,-0.064687283027652,0.0085863428600784,-5.6878605587249,3.5023113840376,0
2242,-0.067821355303024,0.0010466285759512,-5.6838978910073,2.657775906721,0
2112,-0.053458517200694,0.017732514965178,-5.6834005286461,4.4114052557114,0
2165,-0.061326782526464,0.011923822374371,-5.6830976424932,3.8542686233654,0
2217,-0.066930344384676,0.0052854551102659,-5.6761483325678,3.1548626012244,0
2290,-0.093749805694467,-0.0070815281438161,-5.6717815365571,1.3848900950926,0
1977,-0.030300130617419,0.030069480884872,-5.6717508139615,5.4440327597746,0
3841,0.021364057480524,0.04630063788297,-5.6702268254131,6.8677694845274,0
5611,0.079149598284942,0.065127448982679,-5.6697567029903,8.0447995025796,0
3926,0.044142131674862,0.052247352615411,-5.6675393871627,7.4303118032843,0
2267,-0.067033877218281,-0.0031452821003747,-5.6672740754205,2.1693587601985,0
1895,-0.014088142977521,0.035865100455132,-5.66131919111,5.9181429814751,0
3714,-0.006378118385284,0.03811969708106,-5.6606747964661,6.1503885797394,0
2139,-0.05695893306283,0.015259721067042,-5.6605355228681,4.2095521654718,0
2291,-0.072991675907021,-0.0078417572058273,-5.6513828298358,1.5384904590121,0
3756,0.0010815217681463,0.040146070667882,-5.6501220437117,6.3564527529375,0
2243,-0.068077040960578,0.0020723507711591,-5.649353441559,2.8130132723069,0
5596,0.1262977644225,0.088404345953826,-5.6469968497212,8.6783301510067,0
3883,0.030605903593552,0.048526877808307,-5.6451559291772,7.1076689625222,0
1950,-0.024572605107149,0.031903437419459,-5.6421286670511,5.6529976641731,0
2192,-0.06390425872798,0.0095294043269607,-5.6408726345929,3.6580687583381,0
2268,-0.067692288214874,-0.002049177376184,-5.6388239416552,2.3237903406626,0
5618,0.054750364075831,0.054650250236484,-5.6355193134031,7.6928989592654,0
3798,0.0091015968903033,0.042298594204499,-5.6353021527202,6.5732157237579,0
2218,-0.066597952087569,0.0062560295548449,-5.6348353645306,3.3102530160816,0
5603,0.10977226129772,0.081065875632079,-5.634442252006,8.3194416557841,0
2166,-0.060128083972709,0.012823595911784,-5.6300163372092,4.0099526644686,0
2059,-0.043364467043028,0.023576881604874,-5.6299632604765,4.9762470547092,0
2292,-0.066265461515426,-0.0073057261964327,-5.6296375564713,1.6918341527896,0
2086,-0.047758314781017,0.021085391273465,-5.6286918957238,4.7708470270238,0
2032,-0.038530687862482,0.02599358462851,-5.6224361679885,5.1827764506543,0
2113,-0.051762758671751,0.018586005831672,-5.6189240976992,4.5668928345892,0
3840,0.01768655721659,0.044541340098334,-5.6159045923854,6.8002746659084,0
3925,0.040243031423296,0.050676161963191,-5.6148617262651,7.356971056726,0
2244,-0.06817019523434,0.0030542771969326,-5.6132700068977,2.967630041483,0
164,-0.9238945365729,0.0022587145465306,-5.6107623731605,0.06250000200012,0
5610,0.069385546315446,0.059558199760726,-5.6101883949906,7.9644803778144,0
165,-0.84982284532252,0.0049331008488391,-5.6100787551162,0.18750000600041,0
166,-0.75451145935025,0.0068585309905195,-5.6093951370718,0.31250001000044,0
2269,-0.068257552884167,-0.0010124915099205,-5.6089310127031,2.4777594397006,0
167,-0.65035248335134,0.0074432757701421,-5.6087115190275,0.43750001400015,0
972,-0.54507914765157,0.0068844760025704,-5.6073415534933,0.56250001800013,0
2293,-0.066206958279027,-0.0061581737611406,-5.6065523705488,1.8448884409084,0
2005,-0.033059688580146,0.028319805063018,-5.60581862761,5.3901087661808,0
973,-0.44401570169057,0.0053632222325712,-5.6052852404693,0.68750002200039,0
3713,-0.0094182927234759,0.03639069916076,-5.6043061582432,6.0921359186469,0
974,-0.3509479600648,0.0031199689159529,-5.6032289274452,0.81250002600039,0
1923,-0.017079728163927,0.034174377423541,-5.6027577132528,5.8619856282777,0
975,-0.26853515454638,0.00037555053956766,-5.6011726144212,0.93750003000012,0
2140,-0.055432251864047,0.016111869810207,-5.6009716097521,4.3646906687555,0
3755,-0.0021956729275601,0.038341841227926,-5.5943779227175,6.2950576760203,0
2193,-0.062937534622388,0.010424628379774,-5.5921800190516,3.8128834200295,0
2219,-0.066072730903567,0.0071833798615584,-5.5919033266999,3.4648484848027,0
2316,-0.19215755097603,-0.002698531504617,-5.5918076848502,1.0757199067755,0
3882,0.026788013879378,0.046808108599334,-5.5916287404904,7.0372189371214,0
5595,0.14260203369571,0.098164167721045,-5.5906269841737,8.5957330004948,0
2294,-0.066931206712972,-0.0050277310520206,-5.5821347217907,1.9976207599708,0
3797,0.0056253462174397,0.04047087465939,-5.580240551227,6.5087395708737,0
1978,-0.027465708495051,0.030176666018531,-5.5798289883158,5.5979078730019,0
3967,0.050311399665178,0.052736314821319,-5.5790651655119,7.6152491840361,0
2270,-0.068704633870072,-2.6734455357324e-05,-5.577606986213,2.6312310381188,0
5602,0.09424993063217,0.071427162784343,-5.5764620029846,8.2379678575764,0
2245,-0.068087218915885,0.0039955954371091,-5.5756631659769,3.1215888982254,0
2167,-0.058783677739796,0.013673773040895,-5.5751555716375,4.1645361616107,0
2317,-0.13205326063397,-0.0054769872577761,-5.5745258085765,1.227081715427,0
3924,0.036326284577829,0.049024245974848,-5.5621840653676,7.2836303101678,0
3839,0.014024034520226,0.04271303891677,-5.5615823593578,6.7327798472893,0
2087,-0.045718802165378,0.021847688851933,-5.5570925237594,4.9249388877999,0
2295,-0.067681896877066,-0.003956160832377,-5.5563928512439,2.1499987374992,0
2318,-0.093372096760713,-0.0074467639673436,-5.5560293517672,1.3782728424814,0
2060,-0.041037543366408,0.02424970981467,-5.5529795295948,5.1301138856055,0
2114,-0.049950021008458,0.019382274398363,-5.5525196470026,4.7209835112836,0
5609,0.062294653183951,0.055942768744656,-5.550620086991,7.8841612530492,0
3712,-0.012399669248532,0.034628146303828,-5.5479375200203,6.0338832575545,0
2220,-0.065356149656673,0.0080677046583389,-5.5473720701407,3.618609791771,0
2271,-0.069012025439968,0.00091563286475978,-5.5448644095953,2.7841704123768,0
1951,-0.02004955386675,0.032445278716496,-5.5441962353957,5.8058282750803,0
2194,-0.061802002076845,0.011272344092619,-5.5418061891736,3.9667141110784,0
2033,-0.035751034294039,0.026542768501588,-5.5398864412587,5.3361847725871,0
2141,-0.053797648346546,0.016915233404903,-5.5395650890506,4.5185614528719,0
3754,-0.0054302883545075,0.036493942617588,-5.538633801723,6.2336625991029,0
5587,0.04821891307607,0.02849552378077,-5.538234119707,8.8734450692957,0
3881,0.0229651518789,0.04500656096404,-5.5381015518036,6.9667689117205,0
2246,-0.067818784602897,0.0048981584654835,-5.5365494024309,3.2748529171192,0
2319,-0.073079911714256,-0.008269776391481,-5.5363228339748,1.5292637433897,0
5594,0.12865971403133,0.089326979813149,-5.5342571186261,8.5131358499827,0
2296,-0.068377021752389,-0.0029586526149531,-5.5293357862279,2.3019902117584,0
3966,0.046215141332197,0.051140758015276,-5.5272903044714,7.5390832062324,0
3796,0.0021865363853599,0.038596764956167,-5.5251789497339,6.4442634179896,0
2168,-0.057315844304725,0.014476227499086,-5.5185426908582,4.3179760817996,0
5601,0.081451100061323,0.06382407775656,-5.5184817539635,8.1564940593691,0
2006,-0.030275329109829,0.028431637376466,-5.5175293095804,5.5428180818308,0
2320,-0.066643309699972,-0.0078167248217175,-5.5154114933962,1.6800249920658,0
2272,-0.069161900560999,0.0018195086498338,-5.5107166725656,2.93654315513,0
3923,0.032384350654663,0.047281460062954,-5.5095064044701,7.2102895636098,0
3838,0.01038690320724,0.040827710489472,-5.5072601263302,6.6652850286703,0
2221,-0.064455378507641,0.0089088394493293,-5.5012623956101,3.7714982166938,0
2297,-0.068983898499604,-0.0020153664239011,-5.5009733350905,2.4535632504417,0
2247,-0.067360094941637,0.0057628289818104,-5.4959460946748,3.4273855855678,0
2321,-0.066674708963757,-0.0067758682157982,-5.4933012836869,1.8305272988367,0
168,-0.93060695362405,0.0023339374346668,-5.4926365717062,0.06250000200012,0
169,-0.85515135139057,0.0050777600874233,-5.4920333793141,0.18750000600041,0
3711,-0.015318519011397,0.032838592644063,-5.4915688817977,5.9756305964623,0
170,-0.75816293613816,0.007041217053574,-5.4914301869219,0.31250001000044,0
5608,0.056936899103628,0.053545085160465,-5.491051778991,7.8038421282837,0
171,-0.65230355608603,0.0076120876183502,-5.4908269945298,0.43750001400015,0
2195,-0.060517905704385,0.012073298894953,-5.489775620407,4.1195201577496,0
976,-0.54546900479289,0.0069968076116954,-5.4896182014114,0.56250001800013,0
977,-0.44308890969583,0.005387628437773,-5.4878038075667,0.6875000220004,0
978,-0.34900579272243,0.0030382929630617,-5.485989413722,0.8125000260004,0
1979,-0.022997700809133,0.03067778072908,-5.4856347575384,5.7496709218827,0
3880,0.019149367069645,0.043132766095116,-5.4845743631167,6.8963188863195,0
2115,-0.047982772903179,0.02010251111594,-5.484221787042,4.8736307208905,0
979,-0.26590137256586,0.00018148735745316,-5.4841750198774,0.93750003000013,0
2088,-0.043460626499157,0.022488058571603,-5.4835228912011,5.0774513205567,0
5586,0.12553264905912,0.084207651989539,-5.4834963458096,8.7897563181977,0
3753,-0.0086187824246613,0.034611495054406,-5.4828896807284,6.1722675221853,0
5593,0.11181129330021,0.078933188051073,-5.4778872530783,8.4305386994706,0
2142,-0.052049713833571,0.017664863680279,-5.4763473982812,4.6711199955432,0
3965,0.042184547850293,0.049465646032912,-5.475515443431,7.4629172284287,0
2273,-0.069140212671295,0.002688163572966,-5.4751779993859,3.0883151952265,0
2344,-0.19008662527632,-0.0029718937876537,-5.4750987342619,1.0743887724086,0
2061,-0.038354830708078,0.024754402935934,-5.4739542549076,5.2822607789937,0
2298,-0.069477884949664,-0.0011176942826721,-5.4713160814188,2.6046861695167,0
3795,-0.0012077238852417,0.036689558235856,-5.4701173482409,6.3797872651056,0
2322,-0.067432271782449,-0.0057526685053669,-5.4699988703878,1.9807415280309,0
5600,0.071644493767547,0.058366413932847,-5.4605015049427,8.0750202611622,0
2169,-0.055740266477942,0.015231794047492,-5.460206080402,4.4702300711545,0
2345,-0.13091355639251,-0.0058042038282115,-5.4582237949737,1.2230974818439,0
3922,0.028426296801459,0.045450625697207,-5.4568287435726,7.1369488170516,0
2034,-0.032988260571499,0.026674652173515,-5.4552296308453,5.4877282906598,0
2248,-0.066711253886555,0.006589726764659,-5.4538715056886,3.5791508252038,0
2222,-0.063383668373335,0.0097065450826857,-5.453596041138,3.9234755576882,0
3837,0.0067851675763209,0.038899764341253,-5.4529378933025,6.5977902100513,0
2323,-0.068215543368341,-0.0047849605558265,-5.4455116270673,2.1306387147998,0
2299,-0.069837591671785,-0.00025813680534919,-5.4403753776316,2.7553275524466,0
2346,-0.092893668245041,-0.0078297511300161,-5.4402771669775,1.3716555898701,0
2274,-0.068936902869262,0.0035235414824964,-5.4382634403311,3.2394528181568,0
2196,-0.059107680519971,0.012828646035292,-5.4361137719643,4.2712614948437,0
4007,0.05239814698274,0.051540740509316,-5.4358576155064,7.7242201970869,0
3710,-0.01817537096543,0.03102815280692,-5.435200243575,5.9173779353701,0
3879,0.015353377712218,0.041200732440478,-5.4310471744299,6.8258688609186,0
5585,0.14318226275027,0.094443588326247,-5.4287585719124,8.7060675670999,0
3752,-0.011758977062845,0.032704380014546,-5.427145559734,6.1108724452679,0
2007,-0.025920089122237,0.028870880900978,-5.4270732796812,5.6935135686852,0
3964,0.038132538985947,0.047707985598733,-5.4237405823906,7.3867512506252,0
5592,0.096431238057326,0.069715833487375,-5.4215173875307,8.3479415489586,0
2347,-0.073064888558873,-0.0087169870504355,-5.4212628381139,1.5200370277673,0
2324,-0.06894726282364,-0.0038853198137887,-5.4198476308006,2.2801900828543,0
3794,-0.0045514067234802,0.034763473648082,-5.4150557467477,6.3153111122214,0
2116,-0.045796577528845,0.02071282239612,-5.4140662528072,5.0247887555078,0
2143,-0.050153603868776,0.018345699975463,-5.4113510503245,4.8223225539809,0
2249,-0.065877767366339,0.0073784469955442,-5.4103447721686,3.7301130133579,0
2300,-0.070045023664336,0.00056829909200389,-5.4081633382335,2.905456268777,0
2089,-0.040873515415459,0.022958707785233,-5.4080220685566,5.2283367854005,0
2223,-0.062159970487637,0.010460789720699,-5.4043956691765,4.0745041538886,0
3921,0.024465347629016,0.043542618855474,-5.4041510826749,7.0636080704932,0
5599,0.064461928576139,0.054736325341797,-5.4025212559219,7.9935464629554,0
2348,-0.066911256527369,-0.008347446090413,-5.4011854303214,1.668215831342,0
2170,-0.054055131058157,0.015937175332855,-5.4001751495599,4.6212564798029,0
2275,-0.068546134699248,0.0043265645777632,-5.3999888626497,3.3899226863329,0
3836,0.0032278442825575,0.036944884382067,-5.3986156602749,6.5302953914323,0
2325,-0.069595905024469,-0.0030347828855665,-5.3930156574779,2.4293670611829,0
2062,-0.035595945344784,0.024907682846272,-5.3929299521104,5.432638499489,0
4006,0.048169255493211,0.049852529311686,-5.3850375965371,7.6452954594592,0
2197,-0.057589121137515,0.013539136855301,-5.3808470717536,4.4218986894373,0
2349,-0.067026226887595,-0.0074122783735655,-5.3800501968252,1.816166156765,0
3709,-0.020977347046197,0.029200777466246,-5.3788316053522,5.8591252742777,0
3878,0.011589676199353,0.039226890804607,-5.3775199857431,6.7554188355177,0
2301,-0.070085698594637,0.0013649987907916,-5.374692832795,3.0550414922276,0
172,-0.93752173234346,0.0024126944777421,-5.3745107702521,0.06250000200012,0
5584,0.13034360075783,0.086504240044961,-5.3740207980149,8.6223788160017,0
173,-0.86062318708806,0.0052280030310222,-5.3739880035122,0.18750000600041,0
174,-0.76188917569921,0.0072296901918817,-5.3734652367723,0.31250001000045,0
175,-0.65426317970742,0.0077844345018598,-5.3729424700325,0.43750001400016,0
3963,0.034053561752579,0.045860291400727,-5.3719657213503,7.3105852728217,0
980,-0.54581067030405,0.0071084269357629,-5.3718948493299,0.56250001800013,0
3751,-0.014850096495593,0.030783366749158,-5.3714014387396,6.0494773683506,0
5577,0.047355584605541,0.026770324215529,-5.3710233773375,8.9828506893156,0
981,-0.44207157445775,0.0054056889228759,-5.3703223746645,0.6875000220004,0
982,-0.34694719025663,0.0029440940323134,-5.3687498999992,0.8125000260004,0
2035,-0.028808018195376,0.027025390845159,-5.3685118018241,5.6373562154879,0
983,-0.26314003771928,-2.9442352853274e-05,-5.3671774253338,0.93750003000013,0
2250,-0.064871052907567,0.0081282822337617,-5.3653858931024,3.880237004298,0
5591,0.083662575824458,0.062367394305867,-5.3651475219833,8.2653443984469,0
2326,-0.070137209867433,-0.0022245804924976,-5.3650251766245,2.5781413009145,0
2276,-0.067966633873079,0.0050973397478714,-5.3603709412364,3.5396918586366,0
3793,-0.0078397673175113,0.032832422458277,-5.3599941452544,6.2508349593371,0
2372,-0.1879003217997,-0.0032621762738735,-5.3583897836739,1.0730576380417,0
2350,-0.067815685228304,-0.0064950825517357,-5.3578630189851,1.9638622960909,0
2224,-0.060806569368077,0.011171939189311,-5.3536848530705,4.2245469078879,0
3920,0.020516493047443,0.041572631901807,-5.3514734217772,6.9902673239348,0
2144,-0.048042650059873,0.018928668791545,-5.3446096144132,4.9721261904586,0
5598,0.059002979488646,0.052262782691332,-5.3445410069009,7.9120726647482,0
3835,-0.00027755535200081,0.034978388075805,-5.3442934272474,6.4628005728134,0
2117,-0.04330253828345,0.021158803337198,-5.3420898822054,5.174412791807,0
2373,-0.12966593508377,-0.0061481148462905,-5.3419217813711,1.2191132482609,0
2302,-0.069948842797116,0.0021340315974323,-5.3399774782313,3.2040527191945,0
2171,-0.052229072803066,0.016581244058258,-5.3384803136069,4.7710143870714,0
2327,-0.070549896294036,-0.0014472052950219,-5.3358863456678,2.7264846925164,0
2351,-0.068630952317783,-0.005630241646822,-5.3346304028907,2.1112786921004,0
4005,0.044009023017187,0.048077401096697,-5.3342175775679,7.5663707218314,0
2090,-0.0381241381848,0.023131584597941,-5.3306302733756,5.3775487083185,0
2374,-0.092309476233535,-0.0082304618684583,-5.3245249821881,1.3650383372588,0
2198,-0.055964572917489,0.014202939357724,-5.3240029008386,4.5713929640626,0
3877,0.0078696484999918,0.037228471370535,-5.3239927970563,6.6849688101167,0
3708,-0.023739450467843,0.027355902051576,-5.3224629671294,5.8008726131855,0
3962,0.029959650825645,0.04392930357186,-5.3201908603099,7.2344192950181,0
2277,-0.067202178113615,0.0058353176632554,-5.319427148727,3.6887278100221,0
5583,0.1137816431383,0.076679529320131,-5.3192830241174,8.5386900649036,0
2251,-0.063708453631571,0.0088384939806325,-5.319015717946,4.0294881500275,0
5576,0.12460979342842,0.080030220559688,-5.317938778672,8.8981025078185,0
3750,-0.017892166475694,0.028859895789416,-5.3156573177453,5.9880822914334,0
2352,-0.069399082516229,-0.0048276419641661,-5.3103594753733,2.2583899539501,0
2063,-0.031608377377816,0.025163857948307,-5.3099503239673,5.5811988622908,0
5590,0.073799294042515,0.057009768343652,-5.3087776564362,8.1827472479356,0
2375,-0.072942035887208,-0.0091829373391755,-5.3062028422533,1.5108103121449,0
2328,-0.070815804281702,-0.00069754017417738,-5.3056100039013,2.874369382424,0
3792,-0.011069767944065,0.030908728553839,-5.3049325437612,6.1863588064529,0
2303,-0.069627600603265,0.002876425843649,-5.3040316306245,3.3524597870981,0
2225,-0.05934325012318,0.011840440374512,-5.3014880631052,4.3735673077201,0
3919,0.016594940270427,0.039558463071153,-5.2987957608796,6.9169265773765,0
4047,0.05435949682762,0.05017009993124,-5.2906436910858,7.8305277318338,0
3834,-0.0037253966252997,0.033013329533956,-5.2899711942198,6.3953057541944,0
2376,-0.067065698866113,-0.0088968735742188,-5.2869593672467,1.6564066706182,0
2353,-0.070089622827439,-0.0040691104948649,-5.2850579798654,2.405170871924,0
4004,0.039824948471836,0.046220953583554,-5.2833975585988,7.4874459842038,0
2278,-0.066262190389905,0.0065394450121092,-5.2771757450668,3.8369984509078,0
2145,-0.045640233590825,0.019358033454163,-5.276157695854,5.1204887982133,0
2172,-0.050196320489493,0.017139557605315,-5.2751529760191,4.9194636254095,0
2329,-0.070920027859476,2.7943384121409e-05,-5.274207666204,3.0217677892286,0
2252,-0.062411690098575,0.0095086196629148,-5.2712559341767,4.1778323209321,0
3876,0.0042027684555489,0.035221499561263,-5.2704656083695,6.6145187847159,0
3961,0.025867203850696,0.041930221684058,-5.2684159992694,7.1582533172143,0
2118,-0.040574014510777,0.021353049647776,-5.2683305946405,5.3224589171476,0
2304,-0.069119331913299,0.0035923446682604,-5.2668703767842,3.5002328920695,0
2377,-0.067257935863339,-0.0080659680229126,-5.2667991099636,1.8018050146934,0
3707,-0.026485408400135,0.025490826720227,-5.2660943289068,5.7426199520933,0
2199,-0.054207311351707,0.0148127595037,-5.2656095768895,4.7197062201619,0
5575,0.14353209817199,0.090602634918291,-5.2648541800066,8.8133543263214,0
5582,0.098530294371752,0.067868146677573,-5.26454525022,8.4550013138055,0
3749,-0.020882599043285,0.026943279147099,-5.2599131967509,5.926687214516,0
2354,-0.070678671265204,-0.0033456793647207,-5.2587342718303,2.5515964323123,0
176,-0.94464371901325,0.0024943309547777,-5.2563849687979,0.06250000200012,0
177,-0.86624053121178,0.0053829463868111,-5.2559426277103,0.18750000600041,0
178,-0.76568919460389,0.0074226201777956,-5.2555002866228,0.31250001000045,0
179,-0.65622751704378,0.0079586561922982,-5.2550579455352,0.43750001400016,0
984,-0.54609803163032,0.0072174919249087,-5.2541714972484,0.56250001800013,0
985,-0.44095622947866,0.0054154204104165,-5.2528409417623,0.68750002200041,0
5589,0.066511922220866,0.053359530212106,-5.2524077908892,8.1001500974244,0
986,-0.34476503658706,0.0028348485018461,-5.2515103862763,0.81250002600041,0
2091,-0.03430307493511,0.023333959698151,-5.2513888461106,5.5250415090939,0
987,-0.26024628243312,-0.00025951679114306,-5.2501798307903,0.93750003000013,0
3791,-0.014240818532843,0.029001816807591,-5.2498709422682,6.1218826535689,0
2226,-0.057776905910575,0.012465596778185,-5.2478306521175,4.5215294483224,0
3918,0.012714787596575,0.037518553608767,-5.246118099982,6.8435858308182,0
2378,-0.068077743912656,-0.0072534299292349,-5.2457271675825,1.946983064151,0
2330,-0.07085110141006,0.00073147125403257,-5.2416915161315,3.1686526202321,0
2400,-0.18559499290341,-0.0035703458056211,-5.241680833086,1.0717265036749,0
4046,0.04999987178125,0.04839082137369,-5.2408293084768,7.7489116642125,0
3833,-0.0071122150620579,0.031058920622934,-5.235648961192,6.3278109355753,0
2279,-0.065162087364946,0.0072083845604535,-5.2336357667155,3.9844721461665,0
4003,0.035613927095566,0.044278300023209,-5.2325775396298,7.4085212465762,0
2355,-0.071145040570126,-0.0026497909032946,-5.2313973137041,2.6976418325862,0
2305,-0.068426062780085,0.0042811976116834,-5.2285095252855,3.6473426066864,0
2401,-0.12830600501357,-0.0065088169246281,-5.2256197677686,1.2151290146779,0
2379,-0.068924294331429,-0.0064903989302024,-5.2237491787144,2.091918669401,0
2253,-0.061002206592658,0.010138560190234,-5.2221290544568,4.3252359260029,0
3875,0.00059603871127252,0.03321879186771,-5.2169384196829,6.5440687593151,0
3960,0.021794014016377,0.039881718191724,-5.2166411382288,7.0820873394105,0
5574,0.13189032840187,0.083541874372885,-5.211769581341,8.7286061448242,0
2173,-0.047885764090496,0.017558883820271,-5.2102255095026,5.0665648046197,0
5581,0.085779588963058,0.060758495964661,-5.2098074763228,8.3713125627078,0
3706,-0.02922457469308,0.023690919031804,-5.2097256906845,5.6843672910015,0
2402,-0.09161460547427,-0.0086484183268584,-5.2087727973987,1.3584210846475,0
2331,-0.070601183618157,0.0014142213876357,-5.2080743985994,3.3149968878632,0
2146,-0.042946864287094,0.019577131089745,-5.2060309159053,5.2673691259767,0
2200,-0.052255086073438,0.015348778212839,-5.2056963376251,4.8668010603605,0
3748,-0.02381011036539,0.025035944080901,-5.2041690757565,5.8652921375987,0
2356,-0.071470405828641,-0.0019761816325183,-5.2030566695693,2.843282496071,0
5567,0.046369733342684,0.025028920302429,-5.2017931339218,9.0891057898169,0
2380,-0.069728593394345,-0.0057839601144016,-5.2008713199463,2.2365898250459,0
5588,0.060943612187275,0.050808603876793,-5.1960379253419,8.0175529469129,0
3790,-0.017354471111464,0.027115690326758,-5.1948093407752,6.0574065006849,0
3917,0.0088878750358456,0.03546972601312,-5.1934404390843,6.7702450842598,0
2119,-0.036902505095618,0.021532692136058,-5.1928273682537,5.4688841558968,0
2227,-0.056086776508704,0.013043576106565,-5.1927388401721,4.6683980532525,0
2403,-0.072706736467186,-0.0096665229371767,-5.1911428463926,1.5015835965225,0
4045,0.045713525153487,0.046520931712328,-5.1910149258678,7.6672955965911,0
2306,-0.067555107080512,0.0049417257329085,-5.1889655970312,3.7937598975177,0
2280,-0.063922523393539,0.0078408497800342,-5.1888270152829,4.1311177339763,0
4002,0.031391122289196,0.042259879946953,-5.1817575206606,7.3295965089485,0
3832,-0.010437156047156,0.029120062240167,-5.1813267281644,6.2603161169563,0
2381,-0.070461143373706,-0.0051166228894435,-5.1771003022531,2.3809746826651,0
2357,-0.071639450892395,-0.0013211568324886,-5.1737224996131,2.9884940862296,0
2332,-0.070166306349325,0.0020764797727117,-5.1733698123319,3.4607739255023,0
2404,-0.067103047775683,-0.0094634394339625,-5.1727333041721,1.6445975098944,0
2254,-0.059491586277006,0.010728292580431,-5.1716584033963,4.4716659325822,0
3959,0.017757127369428,0.03780339886925,-5.1648662771884,7.0059213616067,0
3874,-0.0029462088660797,0.031228543160922,-5.1634112309961,6.4736187339142,0
5573,0.11573313274906,0.074325529695401,-5.1586849826754,8.6438579633269,0
5580,0.075845917372791,0.055490790082245,-5.1550697024259,8.2876238116106,0
2405,-0.06736636117543,-0.0087350918896489,-5.1535480231021,1.7874438726217,0
3705,-0.031898994245426,0.021932655136381,-5.1533570524624,5.6261146299098,0
2382,-0.071098362155083,-0.0044791981481684,-5.1524433670363,2.5250515637102,0
5566,0.12349932918358,0.075851645919431,-5.1503821613684,9.0033307543564,0
3747,-0.026668124554713,0.023193938355571,-5.1484249547623,5.8038970606815,0
2307,-0.066519661876939,0.0055721403565914,-5.148255815485,3.9394561423055,0
2201,-0.050038071555803,0.015763084213827,-5.1442933231513,5.0126408110261,0
2174,-0.045242713604087,0.017806305192394,-5.1437312371701,5.2122793348057,0
4087,0.056190537273266,0.048630318855037,-5.143473383784,7.9341348552712,0
2358,-0.071640046440971,-0.00068230815581574,-5.1434055540317,3.1332525212697,0
2281,-0.062566037170556,0.0084359734714339,-5.1427700458084,4.2769045442856,0
4044,0.041402610889071,0.044573724266151,-5.1412005432589,7.5856795289699,0
3916,0.0051229713063361,0.033425108169891,-5.1407627781867,6.6969043377016,0
3789,-0.020410440619273,0.025244419627867,-5.139747739282,5.9929303478008,0
180,-0.95198085689375,0.0025777012440174,-5.1382591673438,0.062500002000121,0
181,-0.87200860949442,0.0055422378799096,-5.1378972519085,0.18750000600041,0
2333,-0.069546763898384,0.0027177179946427,-5.1375919018438,3.6059574033506,0
182,-0.76956418409801,0.0076201758792384,-5.1375353364732,0.31250001000045,0
183,-0.65819372213577,0.0081349650792086,-5.1371734210379,0.43750001400016,0
988,-0.54632472598264,0.0073238062437879,-5.1364481451669,0.56250001800013,0
2228,-0.05421647548424,0.01355919421014,-5.1362396992312,4.8141384953115,0
989,-0.43973416429322,0.0054158078182541,-5.1353595088602,0.68750002200041,0
990,-0.34245072249645,0.0027078316071883,-5.1342708725535,0.81250002600042,0
2147,-0.039415719007954,0.019753662629127,-5.1342658903967,5.4127268026994,0
2406,-0.068214952331325,-0.0080259120110785,-5.13359131618,1.9301038322111,0
991,-0.25721510083285,-0.00051226853297828,-5.1331822362468,0.93750003000014,0
4001,0.027175965325018,0.04018428741782,-5.1309375016913,7.2506717713207,0
3831,-0.013701950090888,0.027197681605151,-5.1270044951369,6.1928212983375,0
2383,-0.071619136623259,-0.0038640452044713,-5.1269082817406,2.668798972656,0
2428,-0.18316674300142,-0.0038980752259714,-5.1249718824981,1.070395369308,0
2255,-0.057866309641759,0.011276815406403,-5.1198681034548,4.617089886343,0
3958,0.01377117800767,0.035713319353045,-5.1130914161479,6.929755383803,0
2407,-0.069092043481654,-0.0073636356518425,-5.1128679545381,2.0725586467017,0
2359,-0.071463409788471,-5.8271146951969e-05,-5.1121171665742,3.2775339886283,0
3873,-0.006422323194306,0.029254231547902,-5.1098840423092,6.4031687085132,0
2429,-0.12682837998024,-0.0068864152414514,-5.109317754166,1.2111447810949,0
2308,-0.065338757937955,0.0061704003918139,-5.1063980963891,4.0844031470205,0
5572,0.10055416382909,0.065883903320429,-5.1056003840098,8.5591097818297,0
2334,-0.068747707202351,0.0033366217082393,-5.1007554489956,3.7505213441275,0
2384,-0.072004975738463,-0.0032657405908017,-5.1005033352374,2.812195609718,0
5579,0.068440683420375,0.051816250214145,-5.1003319285291,8.2039350605134,0
5565,0.14362137628121,0.086629832161794,-5.0989711888151,8.9175557188959,0
3704,-0.03450570798268,0.020210635759568,-5.09698841424,5.5678619688179,0
2282,-0.061108709856325,0.0089938513611649,-5.0954861546751,4.421802416842,0
4086,0.051703120703099,0.046762260882849,-5.0947141662158,7.8498958224995,0
2430,-0.090802745049827,-0.0090824939174753,-5.0930206126093,1.3518038320362,0
3746,-0.029466845818225,0.021390485474098,-5.0926808337684,5.7425019837647,0
4043,0.03706658456708,0.042546439740651,-5.0913861606501,7.5040634613488,0
2408,-0.069932277816432,-0.0067524516364086,-5.0913831645193,2.2147896961417,0
3915,0.0014255148118661,0.031392785771911,-5.0880851172893,6.6235635911434,0
3788,-0.023401872022903,0.023375023131774,-5.0846861377889,5.9284541949167,0
2202,-0.047460236006793,0.016041441049393,-5.081431558435,5.1571895436348,0
4000,0.022988488221962,0.038072132843951,-5.080117482722,7.1717470336928,0
2360,-0.071104305735248,0.00055142112841834,-5.0798692478797,3.4213149589351,0
2229,-0.052095556376155,0.013971945014168,-5.0783611368001,4.9587168174327,0
2431,-0.072353102944477,-0.010165704432726,-5.076082850532,1.4923568809001,0
2175,-0.041847909685663,0.01799197892373,-5.0757044125396,5.3565694495021,0
2385,-0.072240167876783,-0.0026804089041606,-5.0732373330223,2.9552203832307,0
3830,-0.016907501849037,0.025286652982594,-5.0726822621094,6.1253264797186,0
2409,-0.07070697777418,-0.0061754358938162,-5.0691426246408,2.3567784934062,0
2256,-0.05607810175777,0.011773460509921,-5.0667830608373,4.7614759302625,0
2309,-0.064035237480669,0.0067347152541846,-5.06341103716,4.2285731625685,0
2335,-0.067779879649604,0.0039311344637275,-5.0628758642545,3.8944401384445,0
3957,0.0098472305330723,0.033625768745191,-5.0613165551074,6.8535894059992,0
2432,-0.067019384881129,-0.010045030476785,-5.0585072410974,1.6327883491706,0
3872,-0.0098333462311135,0.027295966182305,-5.0563568536224,6.3327186831123,0
5571,0.087801578671199,0.058997049403093,-5.0525157853444,8.4743616003328,0
5564,0.13328735110978,0.080435380357667,-5.0475602162617,8.8317806834353,0
2283,-0.059545276614242,0.0095154423051736,-5.0469973667373,4.5657817194336,0
2361,-0.070561359720629,0.0011463973258544,-5.0466742784023,3.5645722000147,0
2410,-0.071392833899992,-0.0056231820762425,-5.0461524622424,2.498506695108,0
4085,0.04729575034406,0.044803601953204,-5.0459549486476,7.7656567897278,0
5578,0.062754794844596,0.049187161680611,-5.045594154632,8.1202463094158,0
2386,-0.072311951298622,-0.0021054408201796,-5.0451195919321,3.0978524223073,0
4042,0.032723559441018,0.040452552359975,-5.0415717780412,7.4224473937275,0
3703,-0.037044392388084,0.018514955634844,-5.0406197760174,5.5096093077258,0
2433,-0.06734825865254,-0.0094175585200967,-5.0402969362407,1.77308273055,0
3745,-0.032209585661792,0.01961174129068,-5.0369367127745,5.6811069068479,0
3914,-0.0022021225151422,0.029375756673947,-5.0354074563917,6.5502228445851,0
5557,0.045237561042263,0.023265129132726,-5.0306027428768,9.1921731044177,0
3787,-0.026331902120872,0.021548602452933,-5.029624536296,5.8639780420328,0
3999,0.018846664473946,0.035943015652663,-5.0292974637528,7.092822296065,0
2336,-0.066660127754924,0.0044986100296743,-5.0239691774952,4.0376885600647,0
2411,-0.071968783130538,-0.0050879493521493,-5.0224192497771,2.6399561127259,0
2434,-0.068224204257063,-0.0088106107310177,-5.0214554647775,1.9132246002711,0
184,-0.95955182613787,0.0026658573302073,-5.0201333658895,0.062500002000121,0
185,-0.87794118490804,0.0057120395948358,-5.0198518761065,0.18750000600041,0
186,-0.77352270467733,0.0078318866114002,-5.0195703863235,0.31250001000045,0
2310,-0.062629072760648,0.0072647206591393,-5.0193139059539,4.3719389011018,0
187,-0.66016553887266,0.0083253046404672,-5.0192888965406,0.43750001400016,0
2230,-0.049597108679967,0.014282681961458,-5.0191318797,5.102099752464,0
992,-0.54649002357377,0.0074410946394768,-5.0187247930854,0.56250001800013,0
3829,-0.020046461481638,0.023370261977694,-5.0183600290818,6.0578316610996,0
993,-0.43840043585524,0.0054215104659064,-5.017878075958,0.68750002200042,0
2203,-0.044201484842742,0.016244161310136,-5.0171429346826,5.3004120963049,0
994,-0.33999687200261,0.0025770037058463,-5.0170313588306,0.81250002600043,0
995,-0.25404109061421,-0.00077536745035193,-5.0161846417033,0.93750003000014,0
2387,-0.072210654733182,-0.0015392575871751,-5.0161599345493,3.2400710893934,0
2362,-0.0698375767499,0.001725436643722,-5.0125453009599,3.7072827907373,0
2257,-0.054055990153429,0.012186637080788,-5.0124289504488,4.9047928238392,0
3956,0.0059923262949691,0.031549896384999,-5.009541694067,6.7774234281956,0
2456,-0.180608399223,-0.0042349281436402,-5.0082629319101,1.0690642349412,0
3871,-0.013181778022963,0.025351378614079,-5.0028296649357,6.2622686577115,0
2435,-0.06913112733264,-0.0082480533772878,-5.0019867303619,2.0531986240023,0
5570,0.077782450557033,0.053810980253168,-4.9994311866794,8.3896134188364,0
2412,-0.072416163712172,-0.0045641520038915,-4.9979500009055,2.781108723365,0
2284,-0.057837792052559,0.009994204019868,-4.9973264224433,4.7088133652135,0
4084,0.042864960016724,0.042773914699401,-4.9971957310795,7.6814177569563,0
5563,0.11765778206876,0.071852744214027,-4.9961492437082,8.7460056479746,0
4127,0.057887160968188,0.046926265488216,-4.9943973643579,8.0350055729535,0
2457,-0.12522316946327,-0.0072726000147861,-4.9930157405635,1.2071605475119,0
4041,0.028395542766171,0.038312848160003,-4.9917573954321,7.340831326106,0
2388,-0.071929854914352,-0.00098116594786409,-4.9863686834276,3.3818559923679,0
3702,-0.03951444662239,0.016838482288246,-4.9842511377948,5.4513566466337,0
2337,-0.065410629522943,0.0050362951011273,-4.9840520285115,4.1802417808513,0
3913,-0.0057603125200013,0.027373623061457,-4.9827297954939,6.4768820980266,0
2436,-0.070007146312589,-0.0077311992534593,-4.9818950090924,2.1929895672376,0
3744,-0.034891745303718,0.017855373319281,-4.9811925917805,5.6197118299309,0
5556,0.12216406468139,0.071650744869992,-4.9808852068579,9.1054041852252,0
3998,0.014764653569579,0.033813046971796,-4.9784774447836,7.0138975584371,0
2363,-0.068941105725151,0.0022864237905205,-4.977495913024,3.8494241345834,0
2458,-0.089863955435265,-0.0095269339600735,-4.9772684278199,1.3451865794249,0
3786,-0.029199383300308,0.019730984346002,-4.9745629348033,5.7995018891493,0
2311,-0.061123776911328,0.0077622690126443,-4.97412663002,4.5144735525242,0
2413,-0.072718882417881,-0.0040477297926489,-4.9727521664316,2.9219466802317,0
3828,-0.02311707073407,0.021498751849977,-4.9640377960542,5.9903368424807,0
2437,-0.070824276720532,-0.0072435635184683,-4.9611849470286,2.3325823041474,0
2459,-0.071874089376609,-0.010676929843638,-4.9610228546714,1.4831301652777,0
2231,-0.046476903700539,0.014507703206533,-4.9585814568257,5.2442547431078,0
3955,0.0022098427054884,0.029489556290852,-4.9577668330266,6.7012574503919,0
2258,-0.05165018780426,0.012529937655,-4.9568322009649,5.0470099612931,0
2389,-0.071466609721343,-0.00043130211903093,-4.9557566549608,3.5231869966789,0
3870,-0.016466065890275,0.023413272968173,-4.949302476249,6.1918186323108,0
4083,0.038412495714937,0.040671807489792,-4.9484365135115,7.5971787241848,0
2414,-0.07286357836763,-0.0035358635391613,-4.9468336298326,3.062452323345,0
4126,0.053275776392065,0.044971990586105,-4.946741557707,7.9482128511266,0
2285,-0.05591657098442,0.010408431728581,-4.9464967640976,4.8508688302456,0
5569,0.070245786004182,0.050109546680253,-4.9463465880145,8.3048652373401,0
5562,0.10251624110153,0.063749293914824,-4.9447382711547,8.660230612514,0
2460,-0.066811606438279,-0.010639501843977,-4.9442811780228,1.6209791884467,0
2338,-0.064054178558395,0.0055428591733234,-4.9431416572326,4.3220753853616,0
4040,0.024104047896718,0.036148412267723,-4.9419430128231,7.2592152584845,0
2364,-0.067886115439641,0.0028263396212758,-4.9415402586013,3.9909739731088,0
2438,-0.071559407069977,-0.0067755527766776,-4.9398615574485,2.4719618265059,0
5555,0.14341328043421,0.082511452699255,-4.931167670839,9.0186352660328,0
3912,-0.0092517491040784,0.025384894055894,-4.9300521345963,6.4035413514683,0
3701,-0.041915090717619,0.015176726949894,-4.9278824995723,5.3931039855417,0
2312,-0.059493827197218,0.0082241598271266,-4.9278697840495,4.6561508001646,0
3997,0.010751959233468,0.031693214027454,-4.9276574258143,6.9349728208093,0
2461,-0.067200581171608,-0.010111372496236,-4.9270458493792,1.7587215884783,0
3743,-0.03750859206945,0.016117403091305,-4.9254484707863,5.5583167530138,0
2390,-0.070821869151892,0.000109340865199,-4.9243351529244,3.664044237347,0
2415,-0.07283974876307,-0.0030267436849079,-4.9202027025243,3.2026081901585,0
3785,-0.032005746871417,0.017927406261428,-4.9195013333108,5.7350257362658,0
2439,-0.072191480894569,-0.0063193274718418,-4.9179302178136,2.6111132527957,0
3827,-0.026112925769346,0.019643126557262,-4.9097155630268,5.922842023862,0
2462,-0.068101735164261,-0.0096057228476872,-4.909319613375,1.8963453683312,0
3954,-0.0014996533794264,0.027444556136747,-4.9059919719862,6.6250914725882,0
2365,-0.066693068489488,0.0033415859935122,-4.9046930198631,4.131910399134,0
188,-0.96736595252471,0.0027609551393374,-4.9020075644354,0.062500002000121,0
189,-0.88404488311842,0.005894233604584,-4.9018065003047,0.18750000600041,0
190,-0.77756806100469,0.008059516825471,-4.901605436174,0.31250001000045,0
191,-0.66214266129394,0.0085313264056909,-4.9014043720433,0.43750001400016,0
2339,-0.062602866356526,0.0060198745692504,-4.9012558933026,4.4631653856147,0
996,-0.54659022618794,0.0075712053264429,-4.9010014410039,0.56250001800014,0
997,-0.4369481090925,0.0054348636345525,-4.9003966430558,0.68750002200043,0
2259,-0.048673194745283,0.012780782668124,-4.9000199789688,5.1880973899106,0
998,-0.33739572056273,0.0024444612374689,-4.8997918451077,0.81250002600043,0
4082,0.03395895342911,0.038512925362839,-4.8996772959433,7.5129396914132,0
999,-0.25072475608688,-0.0010465190395875,-4.8991870471597,0.93750003000014,0
4125,0.048753812015062,0.042930736573448,-4.8990857510562,7.8614201292996,0
3869,-0.019673441080743,0.021468711413788,-4.8957752875623,6.1213686069099,0
2440,-0.072701651208597,-0.0058691520985108,-4.8953966665737,2.750021837012,0
2286,-0.053615577435311,0.010783175286619,-4.8945325222299,4.9919201701223,0
5561,0.089731180453733,0.057081583238045,-4.8933272986015,8.5744555770537,0
5568,0.064433704129754,0.047402271555188,-4.8932619893492,8.2201170558433,0
2416,-0.072639870469437,-0.0025194203421399,-4.8928681189756,3.3423970258008,0
4039,0.019867101609099,0.033977511409296,-4.8921286302141,7.1775991908631,0
2391,-0.070001168032584,0.00063880320290903,-4.8921159617936,3.8044081307223,0
2484,-0.17792604139026,-0.0045786924914702,-4.8915539813221,1.0677331005743,0
2463,-0.069037347677893,-0.009141943118785,-4.8911055061856,2.0338386013029,0
5554,0.13451821344843,0.077175200354431,-4.88145013482,8.9318663468402,0
2313,-0.05767410312168,0.0086389214774219,-4.8805645777464,4.7969448366522,0
3911,-0.01267831718946,0.023405056372609,-4.8773744736988,6.3302006049102,0
3996,0.0068135802505812,0.029588981932043,-4.8768374068451,6.8560480831815,0
2485,-0.1234973555373,-0.0076658905012672,-4.8767137269608,1.2031763139289,0
2464,-0.069948894067292,-0.0087185930526205,-4.8724068536654,2.1711894383334,0
2441,-0.073073453118307,-0.0054207908293626,-4.8722669998409,2.8886729772328,0
3700,-0.044245167024418,0.013526850137986,-4.8715138613499,5.3348513244498,0
3742,-0.040056825675622,0.014394895739958,-4.8697043497921,5.4969216760967,0
2366,-0.065386069762825,0.0038295470342445,-4.8669694085114,4.2722118696213,0
2417,-0.072259562400934,-0.0020137409188508,-4.8648390315194,3.4818017933431,0
3784,-0.034747867653416,0.016139706085639,-4.864439731818,5.6705495833821,0
2486,-0.088807277288506,-0.0099796261294602,-4.8615162430303,1.3385693268136,0
2392,-0.069015649616036,0.0011539912564369,-4.8591113397076,3.944259386153,0
2340,-0.061045282160549,0.0064662281343259,-4.8584131456555,4.6034882351156,0
5547,0.043930846678253,0.021471822789078,-4.8575122450836,9.2920164848003,0
3826,-0.029041362826311,0.017800015428322,-4.8553933299996,5.8553472052436,0
3953,-0.005137748510391,0.025413191528393,-4.8542171109456,6.5489254947844,0
2465,-0.070808819492575,-0.0083194094076694,-4.8532272694163,2.3083861148885,0
4124,0.044211488288679,0.040826484967978,-4.8514299444054,7.7746274074728,0
4081,0.029528267874094,0.03631910520773,-4.850918078375,7.4287006586414,0
2442,-0.07329295790411,-0.0049712179345991,-4.848547667733,3.0270522243826,0
2487,-0.071276926561866,-0.011197362646729,-4.8459628588107,1.4739034496554,0
4167,0.059445999110495,0.045061766470246,-4.8434669653095,8.1331048412911,0
4038,0.015697673709067,0.031813513891162,-4.8423142476051,7.0959831232416,0
3868,-0.022806603107365,0.019570642254951,-4.8422480988755,6.0509185815091,0
5560,0.079608574471665,0.0519717434553,-4.8419163260486,8.4886805415939,0
2287,-0.050788258560133,0.01106209532744,-4.8414585011119,5.1319400367134,0
2418,-0.071697876997898,-0.0015103671828894,-4.836125004889,3.6208056839569,0
2466,-0.071594021598448,-0.0079346590855381,-4.8335706526545,2.4454169579037,0
2314,-0.055488666075851,0.009042635172892,-4.8322328434949,4.9368303789515,0
5553,0.11947012556345,0.06920413906729,-4.831732598801,8.8450974276475,0
2488,-0.066481532239148,-0.011243452960039,-4.8300551149481,1.6091700277229,0
2367,-0.063984667148189,0.0042903898598749,-4.8283851565851,4.4118572187052,0
3995,0.0029510116384018,0.027501175495701,-4.8260173878761,6.7771233455538,0
2393,-0.067883064878936,0.0016507562045533,-4.8253340112147,4.0835790174167,0
3910,-0.016033241269703,0.021418384919632,-4.8246968128013,6.256859858352,0
2443,-0.073348885727772,-0.0045183891691404,-4.8242454704994,3.1651452909236,0
3699,-0.046503045055277,0.011887084456421,-4.8151452231275,5.2765986633578,0
2341,-0.05932529207713,0.0068802151650077,-4.8146323913951,4.7430208430587,0
3741,-0.042533932150722,0.012685805854542,-4.813960228798,5.4355265991796,0
2489,-0.066918847925597,-0.010813234551298,-4.8137947625175,1.7443604464066,0
2467,-0.072283363622161,-0.0075564404287168,-4.8134411858502,2.5822703928655,0
5546,0.12055923462311,0.067405041230211,-4.8095073079233,9.2042870333821,0
3783,-0.037422402001178,0.01436727758508,-4.8093781303251,5.6060734304982,0
2419,-0.070957848715728,-0.0010109110280631,-4.8067360105632,3.7593921268612,0
4123,0.039652227552943,0.038658291166771,-4.8037741377547,7.6878346856461,0
3952,-0.0087072505308368,0.023394177208458,-4.8024422499051,6.4727595169807,0
4080,0.025142635040778,0.034110841229014,-4.8021588608067,7.3444616258696,0
3825,-0.031903412738441,0.015971449873667,-4.8010710969726,5.7878523866253,0
2444,-0.073232701855451,-0.0040610847300738,-4.7993675545236,3.3029380592337,0
2490,-0.067839805248951,-0.010408800980558,-4.7971837619724,1.8794661363912,0
4166,0.054715009567518,0.043023788256926,-4.7969615158955,8.0438285936835,0
2468,-0.072857789774196,-0.0071789058975009,-4.7928433322418,2.718934950659,0
4037,0.01160337572684,0.02966403551033,-4.7924998649961,7.0143670556202,0
2394,-0.06662700917391,0.0021251769438193,-4.7907971597902,4.222348353881,0
5559,0.071926206151671,0.048241930819242,-4.7905053534957,8.4029055061342,0
2368,-0.062492388408338,0.004723384093071,-4.7889565072615,4.5508256700665,0
3867,-0.025864386741776,0.017683614809474,-4.788720910189,5.9804685561085,0
192,-0.97543248478396,0.0028619535624481,-4.7838817629813,0.062500002000121,0
193,-0.89032506499198,0.006085936477663,-4.7837611245029,0.18750000600041,0
194,-0.78170203663902,0.0082974549813493,-4.7836404860244,0.31250001000045,0
195,-0.66412393404493,0.008744523969673,-4.783519847546,0.43750001400016,0
1000,-0.54662135961586,0.0077029246646574,-4.7832780889223,0.56250001800014,0
1001,-0.43536924015657,0.0054423945988688,-4.7829152101535,0.68750002200043,0
2315,-0.052819031879368,0.0093507768472615,-4.782897023255,5.0757826835163,0
1002,-0.334634891925,0.0022936714912736,-4.7825523313847,0.81250002600044,0
1003,-0.24726072285913,-0.0013445332268239,-4.7821894526159,0.93750003000015,0
5552,0.10450741917674,0.061490827533389,-4.782015062782,8.758328508455,0
2491,-0.068801576445284,-0.01004358417524,-4.7802242820092,2.0144785786035,0
2420,-0.070047461874456,-0.00051821510842619,-4.7766824208138,3.8975447991971,0
3994,-0.00083661545159242,0.025428029505735,-4.7751973689068,6.698198607926,0
2512,-0.17512657267069,-0.0049474404339809,-4.7748450307338,1.0664019662074,0
2445,-0.072938725093947,-0.0035988370281326,-4.773921408078,3.4404165900073,0
3909,-0.01931128347982,0.019468144060986,-4.7720191519037,6.1835191117937,0
2469,-0.073300474301514,-0.0067976709404041,-4.7717818332502,2.8553992742338,0
2342,-0.0572641565328,0.0073090326722914,-4.7699331647598,4.8817405877807,0
2492,-0.069747617593325,-0.0097134601753307,-4.7629186982383,2.1493893094292,0
5545,0.14286322519769,0.078230008434372,-4.7615023707632,9.116557581964,0
2513,-0.1216699638212,-0.0080783047034519,-4.760411713358,1.1991920803458,0
3698,-0.048686556787873,0.010256376514448,-4.758776584905,5.2183460022658,0
3740,-0.044937562771979,0.010988703814627,-4.7582161078039,5.3741315222627,0
4122,0.035098479906365,0.036443093871636,-4.7561183311039,7.6010419638193,0
2395,-0.065272346415456,0.0025751657510382,-4.7555144198677,4.3605490517957,0
3782,-0.040026534023606,0.012609052482746,-4.7543165288321,5.5415972776143,0
4079,0.020819375140991,0.031904420061956,-4.7533996432385,7.2602225930979,0
3951,-0.012207577385811,0.021382817883986,-4.7506673888647,6.3965935391771,0
4165,0.050085872653508,0.040905883500939,-4.7504560664816,7.9545523460758,0
2470,-0.073596951943684,-0.006409518884989,-4.7502617056334,2.9916521254202,0
2369,-0.06086711863902,0.0051350613813443,-4.7487002050438,4.6890968494651,0
2446,-0.072464310008713,-0.0031319171946163,-4.7479148568535,3.5775671305667,0
3824,-0.034697588502992,0.014157511731339,-4.7467488639454,5.7203575680067,0
2421,-0.068980984571882,-3.6530212168338e-05,-4.7459750025664,4.0352476356995,0
2514,-0.087658589374145,-0.010439288910441,-4.7457640582406,1.3319520742023,0
2493,-0.070650051986463,-0.0094021070951796,-4.7452695918039,2.2841899256297,0
4036,0.0075873051976925,0.027531377479931,-4.7426854823871,6.9327509879988,0
5558,0.06597871571944,0.045456964883862,-4.7390943809425,8.3171304706741,0
3866,-0.028851583670805,0.015811232003252,-4.7351937215027,5.9100185307082,0
5551,0.09159119315188,0.055005990783075,-4.7322975267632,8.6715595892628,0
2515,-0.070577868776637,-0.011714234037231,-4.7309028629498,1.464676734033,0
2471,-0.073735215067408,-0.0060121787328183,-4.7282882384744,3.1276823916887,0
2494,-0.071485459891241,-0.0090997979897851,-4.7272797478604,2.4188720893016,0
3993,-0.0045519719889205,0.02336758299441,-4.7243773499375,6.6192738702981,0
2343,-0.054761566350168,0.0076463929159509,-4.7243355453981,5.0196253303191,0
2447,-0.071810222210492,-0.0026614512443897,-4.7213560593328,3.7143761230002,0
2396,-0.063836925219058,0.0029984062341276,-4.7194998688676,4.4981631050175,0
3908,-0.02250446980232,0.017540467537332,-4.7193414910061,6.1101783652355,0
2516,-0.066030048095471,-0.01184118275988,-4.7158290518731,1.5973608669991,0
2422,-0.067779625183836,0.00042927054469411,-4.7146249110691,4.1724848381408,0
5544,0.13556530925928,0.07374587236233,-4.7134974336029,9.0288281305457,0
2495,-0.07223254241411,-0.0087986998727466,-4.7089521538866,2.5534275329353,0
4121,0.030575464304538,0.034202871434177,-4.7084625244529,7.5142492419922,0
2370,-0.058936048436296,0.0055837591372714,-4.7076334860247,4.8266507966097,0
2472,-0.07370580172997,-0.0056041703529299,-4.7058669900715,3.2634790926665,0
4078,0.016569736163743,0.029710457671596,-4.7046404256703,7.1759835603261,0
4164,0.045441318291108,0.038734220050116,-4.7039506170677,7.8652760984683,0
3739,-0.047265199714749,0.0093026920262127,-4.7024719868098,5.3127364453457,0
3697,-0.050792871585913,0.008634192818195,-4.7024079466827,5.160093341174,0
2517,-0.066494103175077,-0.011513327904944,-4.7005436756557,1.729999304335,0
3781,-0.042557575893803,0.010863894752536,-4.6992549273393,5.4771211247305,0
3950,-0.015627124159189,0.019360957448053,-4.6988925278244,6.3204275613735,0
2448,-0.070981402854931,-0.002189738844753,-4.6942535019201,3.8508302122414,0
4035,0.0036495469935958,0.025414041205144,-4.6928710997783,6.8511349203775,0
3823,-0.037421892875948,0.012357641652153,-4.692426630918,5.652862749388,0
4207,0.060864336418547,0.043039663392322,-4.6907341637984,8.228398579292,0
2496,-0.0728720468612,-0.0084929360083356,-4.6902899979099,2.687848064306,0
2518,-0.067427565069939,-0.011214514140209,-4.6850479105696,1.8625869044513,0
2473,-0.073501859602725,-0.0051847038747134,-4.6830037846366,3.3990313866714,0
2397,-0.062297373004161,0.003406866984875,-4.6827680186925,4.6351728558715,0
2423,-0.066470516266602,0.00087454116159721,-4.6826436831504,4.3092408848863,0
5537,0.042416135135336,0.019641508050291,-4.6825823484451,9.3886009130064,0
5550,0.081328931921364,0.049972498562989,-4.6825799907447,8.584790670071,0
3865,-0.031768689285449,0.013954060982374,-4.6816665328164,5.8395685053081,0
3992,-0.0081979336098044,0.021317251080527,-4.6735573309683,6.5403491326703,0
2497,-0.073386828207356,-0.008178018013985,-4.6712966666594,2.8221255712348,0
2519,-0.068412974284212,-0.010949652640068,-4.6693430578326,1.9951185559042,0
3907,-0.025620209876957,0.015625708649187,-4.6666638301087,6.0368376186776,0
2449,-0.069988253194125,-0.0017206063854381,-4.6666159939181,3.9869162539823,0
2371,-0.056610947614723,0.0059489488297962,-4.6657740675411,4.9634679771218,0
196,-0.98374093364555,0.002969379646162,-4.6657559615271,0.062500002000121,0
197,-0.89677172132051,0.006287473587586,-4.665715748701,0.18750000600041,0
198,-0.78591556165489,0.0085456382489689,-4.6656755358748,0.31250001000045,0
199,-0.66610183522671,0.008964453437139,-4.6656353230487,0.43750001400016,0
1004,-0.54657744845829,0.007835734453423,-4.6655547368408,0.56250001800014,0
5543,0.12115864016142,0.066374531354972,-4.6654924964426,8.9410986791274,0
1005,-0.43365681378804,0.0054436535148034,-4.6654337772512,0.68750002200044,0
1006,-0.33170018815023,0.0021220830983552,-4.6653128176616,0.81250002600045,0
1007,-0.24363927507224,-0.0016816302033372,-4.665191858072,0.93750003000015,0
4120,0.026105448679267,0.031956913364636,-4.660806717802,7.4274565201652,0
2474,-0.073119251465535,-0.0047536484426718,-4.659704708818,3.5343285771765,0
2540,-0.17219608188644,-0.0053670925516416,-4.6581360801454,1.0650708318406,0
4163,0.040785534105698,0.036507322959924,-4.6574451676539,7.7759998508609,0
4077,0.01239921978663,0.027533843212942,-4.6558812081021,7.0917445275543,0
2520,-0.069391892728644,-0.01071328710593,-4.653430542811,2.1275891805251,0
2498,-0.073761936131421,-0.0078505598525936,-4.6519757435338,2.9562520264578,0
2424,-0.065083211414356,0.0012935612371565,-4.6500432304737,4.4455005399685,0
3949,-0.018965199107074,0.01738610134527,-4.6471176667839,6.2442615835698,0
3738,-0.049513957396374,0.0076272526888358,-4.6467278658158,5.2513413684287,0
3696,-0.052818515133135,0.0070204936100169,-4.6460393084603,5.101840680082,0
4206,0.056018186700288,0.040920241339288,-4.6454247020634,8.1367098319882,0
2398,-0.060497621111952,0.0038691150951728,-4.6453338072896,4.7715610054388,0
3780,-0.045012689904222,0.0091308195701928,-4.6441933258466,5.4126449718469,0
2541,-0.11971589953806,-0.0085283356867544,-4.644109699755,1.1952078467628,0
4034,-0.00021175415998566,0.023309354729005,-4.6430567171693,6.7695188527561,0
2450,-0.068848025466416,-0.0012591656398004,-4.638452662348,4.1226213224006,0
3822,-0.040073979798879,0.010571028349603,-4.6381043978905,5.5853679307693,0
2521,-0.070335253304486,-0.010489483379991,-4.6373119141913,2.2599937363708,0
5536,0.1186310406268,0.063091429667337,-4.6363085170732,9.2999446494149,0
2475,-0.072556777557165,-0.0043115866478736,-4.6359761081024,3.6693601191391,0
5549,0.073482893180568,0.046214678593784,-4.6328624547262,8.4980217508794,0
2499,-0.073984698290299,-0.0075080728452282,-4.6323310064494,3.0902194924538,0
2542,-0.08638320174333,-0.010895296379742,-4.6300118734508,1.325334821591,0
3864,-0.034614844222078,0.01211154057501,-4.62813934413,5.7691184799076,0
3991,-0.0117707101064,0.019267839873884,-4.6227373119992,6.4614243950427,0
2522,-0.071219227602414,-0.010269013199113,-4.6209888430662,2.3923272206994,0
5542,0.10646374404291,0.059062106937721,-4.6174875592823,8.8533692277091,0
2425,-0.063616067742017,0.0016997195590321,-4.6168358323413,4.581248862278,0
2543,-0.069730379769323,-0.012194901191214,-4.6158428670887,1.4554500184106,0
3906,-0.028661614404987,0.01372623062461,-4.6139861692116,5.9634968721199,0
4119,0.021704625633283,0.029719417488708,-4.6131509111511,7.3406637983381,0
2500,-0.074044794678949,-0.0071488247980543,-4.6123664256194,3.2240201260993,0
2476,-0.071816674131273,-0.0038600860890622,-4.6118245830264,3.8041156252855,0
4162,0.036142135220328,0.034242626035323,-4.6109397182399,7.6867236032534,0
2451,-0.067586594104301,-0.00081214142885609,-4.6097729464331,4.2579327179768,0
2399,-0.058360870118305,0.0042588707103503,-4.6072125896841,4.9073106239246,0
4076,0.0083090823060281,0.025374796295422,-4.6071219905339,7.0075054947827,0
2523,-0.072022454468764,-0.010044393597615,-4.6044631219229,2.5245846730051,0
2544,-0.065428316403662,-0.01240132455671,-4.6016029887981,1.5855517062753,0
4205,0.051289887864826,0.038731180455219,-4.6001152403285,8.0450210846843,0
3948,-0.022215113991297,0.015425347501028,-4.5953428057435,6.1680956057662,0
4033,-0.0040000323308749,0.021215861768563,-4.5932423345602,6.6879027851346,0
2501,-0.0739343146725,-0.006771724055885,-4.5920861611951,3.3576461833356,0
3737,-0.051680111581046,0.0059621608354475,-4.5909837448218,5.1899462915118,0
5535,0.1419149977545,0.073765198922235,-4.5900346857014,9.2112883858234,0
3695,-0.054759745277133,0.0054157774337318,-4.5896706702378,5.04358801899,0
3779,-0.047388794568994,0.007409260213555,-4.5891317243537,5.3481688189631,0
2524,-0.072725603158822,-0.0098098468942532,-4.5877366635778,2.656761177953,0
2545,-0.065919479173729,-0.01219640968772,-4.5872925887938,1.7156381622633,0
2477,-0.070905574778483,-0.0034020790966876,-4.5872569852697,3.9385848722651,0
3821,-0.042651015247157,0.0087968150510398,-4.5837821648633,5.5178731121507,0
5548,0.067389843170316,0.043353232511407,-4.5831449187075,8.4112528316873,0
2426,-0.061942158696018,0.0021688252427008,-4.5830341285545,4.716471214268,0
2452,-0.06624035516649,-0.00038968087417241,-4.5805865920798,4.3928379749195,0
3863,-0.03738869363986,0.01028297569061,-4.5746121554435,5.698668454507,0
2546,-0.066872178349849,-0.012015814308723,-4.5729120591667,1.8457076725113,0
3990,-0.015253143170706,0.017213227944959,-4.5719172930301,6.382499657415,0
2502,-0.073647822794533,-0.0063762626006736,-4.5714945607825,3.4910900237862,0
2525,-0.073311314665697,-0.0095608334069422,-4.5708115000684,2.7888518682359,0
5541,0.093468245800855,0.052779610181622,-4.5694826221222,8.7656397762913,0
4118,0.017382376376542,0.027498669565593,-4.5654951045003,7.2538710765111,0
4161,0.031537095109229,0.03196157575395,-4.5644342688259,7.5974473556456,0
2478,-0.069835918310333,-0.0029419919133672,-4.5622804136268,4.0727578066603,0
3905,-0.031629263303967,0.011842108876557,-4.5613085083146,5.8901561255623,0
2547,-0.067887153494337,-0.011854140030313,-4.558461833656,1.9757585332048,0
4075,0.004298186923829,0.023230688303607,-4.5583627729658,6.923266462011,0
4204,0.04655294205295,0.036498351716286,-4.5548057785936,7.9533323373805,0
2526,-0.073764246625964,-0.0092938162872718,-4.553689781434,2.9208519274954,0
2453,-0.064828772096206,1.8405067733976e-05,-4.5509036459901,4.5273248686845,0
2503,-0.07318246956014,-0.0059625062638501,-4.550596156872,3.624344115278,0
202,-0.79020422858161,0.0087926658027457,-4.5491093975401,0.31250001000045,0
203,-0.66807033434306,0.0091815721226697,-4.5491093975401,0.43750001400016,0
1008,-0.54645388058744,0.0079631427479561,-4.5491093975401,0.56250001800014,0
1009,-0.43180884347446,0.0054383177896189,-4.5491093975401,0.68750002200043,0
1010,-0.3285840654906,0.0019399613825733,-4.5491093975401,0.81250002600044,0
1011,-0.23986610996478,-0.0020353175157668,-4.5491093975401,0.93750003000015,0
200,-0.99229638178782,0.0030721667970334,-4.5491093975401,0.062500002000121,0
201,-0.90338428172896,0.0064873352649491,-4.5491093975401,0.18750000600041,0
2427,-0.060003045362303,0.0025773125782589,-4.5486511118271,4.8511532707274,0
2548,-0.06890234068791,-0.011711077056547,-4.5439423873837,2.1057890516209,0
5534,0.13640606654155,0.070127603359209,-4.5437608543294,9.1226321222318,0
3947,-0.025383991674776,0.013480845207495,-4.5435679447033,6.0919296279629,0
4032,-0.0077170568735945,0.019128910796325,-4.5434279519512,6.6062867175132,0
2568,-0.16896193064315,-0.0058365155534038,-4.5422843347907,1.0644052646572,0
2479,-0.068629121057784,-0.0024872914521265,-4.5369022097157,4.2066245510673,0
2527,-0.074071148073857,-0.0090060945709865,-4.5363737744243,3.0527565932189,0
4247,0.062140470839661,0.040861853712213,-4.5362515630278,8.3208536806999,0
3736,-0.053758876983077,0.0043076493399504,-4.5352396238277,5.1285512145948,0
3778,-0.049682701185613,0.0056988701801207,-4.5340701228609,5.2836926660794,0
3694,-0.056613268356431,0.0038206366949693,-4.5333020320153,4.985335357898,0
3820,-0.045149616692205,0.0070342011830834,-4.529459931836,5.4503782935322,0
2504,-0.072538262096928,-0.0055312569614108,-4.5293956641326,3.7574010383296,0
2549,-0.069888405061967,-0.011573409810323,-4.5293542365787,2.2357975471119,0
2569,-0.11721482283808,-0.0090356414218821,-4.5286342092917,1.1932157299713,0
5540,0.082967113658873,0.04780325026438,-4.5214776849624,8.6779103248738,0
3989,-0.018643697455144,0.015208993754232,-4.5210972740609,6.3035749197872,0
3862,-0.040088237242022,0.0084674973711372,-4.5210849667569,5.6282184291065,0
2454,-0.06326588912248,0.000489089865353,-4.5207344498195,4.6613814230972,0
2528,-0.074220936869372,-0.0086956796451223,-4.5188658611672,3.1845611595321,0
4160,0.02699238927772,0.029681939830638,-4.5179288194119,7.5081711080379,0
4117,0.013142227649894,0.025297573141948,-4.5178392978494,7.1670783546841,0
2570,-0.084546910963355,-0.011359183653959,-4.5149840837928,1.3220261952854,0
2550,-0.070821766920265,-0.011433225003436,-4.5146979382719,2.3657823520972,0
2480,-0.067321818804439,-0.0020520326944856,-4.5111299536859,4.3401754098705,0
4074,0.00036408580031746,0.02109873160032,-4.5096035553976,6.8390274292393,0
4203,0.04181111770169,0.034218785182086,-4.5094963168587,7.861643590077,0
3904,-0.034523096592362,0.0099728236842815,-4.5086308474173,5.8168153790045,0
2505,-0.071718623781423,-0.0050843084168835,-4.5078979766213,3.8902534905478,0
5527,0.040654427105821,0.017766819958675,-4.5058744054476,9.4818925144105,0
2571,-0.068462862684051,-0.012652071541772,-4.5013339582938,1.4508366605994,0
2529,-0.07420476269242,-0.0083611973912699,-4.5011685377535,3.3162609799998,0
2551,-0.071681346039615,-0.011283685774161,-4.4999740899591,2.4957418130749,0
5533,0.12271441985356,0.063351415903287,-4.4974870229574,9.0339758586401,0
4031,-0.011353011961593,0.017026563208739,-4.4936135693423,6.524670649892,0
4246,0.057183000954759,0.038662972650784,-4.4921823876873,8.2268242979174,0
3946,-0.028474474412953,0.011553406401374,-4.4917930836633,6.0157636501598,0
2455,-0.061527683705801,0.00090706367851896,-4.4900896339702,4.7949959175302,0
2572,-0.06460085720818,-0.012944580732519,-4.4876838327949,1.5796471259134,0
2506,-0.070731305614882,-0.0046245745372035,-4.4861081649056,4.02289429092,0
2552,-0.072447919479286,-0.011119222915554,-4.4851833292456,2.6256742916,0
2481,-0.065948519186042,-0.0016329971288307,-4.4849714596388,4.473400875091,0
2530,-0.074016061489456,-0.0080018032880504,-4.4832844127469,3.4478514703961,0
3735,-0.055745036891714,0.0026647343745738,-4.4794955028336,5.0671561376777,0
3777,-0.051890114090773,0.0039993162891863,-4.4790085213682,5.2192165131958,0
3693,-0.058375909551429,0.0022360470038415,-4.4769333937928,4.927082696806,0
3819,-0.047565961788858,0.0052830587404396,-4.4751376988087,5.3828834749136,0
2573,-0.06521377758136,-0.012875007262189,-4.474033707296,1.7084575912274,0
5539,0.074920982972607,0.044025696355489,-4.4734727478027,8.5901808734565,0
4159,0.022522943299486,0.0274159065814,-4.4714233699979,7.4188948604301,0
2553,-0.07310403633751,-0.01093528544502,-4.4703263334774,2.7555781652369,0
3988,-0.021944117391687,0.013218327618386,-4.4702772550917,6.2246501821595,0
4116,0.0089838057256942,0.023114988241946,-4.4701834911985,7.0802856328571,0
3861,-0.042710558453953,0.0066642656104019,-4.4675577780704,5.557768403706,0
2531,-0.073650624257014,-0.0076171271129984,-4.4652162056415,3.579328111417,0
4202,0.037088486262865,0.031909732133766,-4.4641868551238,7.7699548427732,0
2507,-0.069591458018354,-0.0041583454804768,-4.4640314729983,4.1553163841578,0
5526,0.11631595876287,0.058686809982463,-4.46134952433,9.3923435143885,0
4073,-0.0034963111154293,0.0189780389277,-4.4608443378292,6.7547883964674,0
2574,-0.066225491846024,-0.012818361079853,-4.460383581797,1.8372680565413,0
2482,-0.064470873379031,-0.0011609134832309,-4.4584347710844,4.6062916319262,0
3903,-0.037342409276316,0.0081176003272614,-4.4559531865199,5.7434746324465,0
2554,-0.073634062989447,-0.010728198796681,-4.4554038193341,2.885451828533,0
5532,0.10833207905193,0.056432303737458,-4.4512131915854,8.9453195950485,0
4245,0.052363680938087,0.036407764735849,-4.4481132123467,8.1327949151348,0
2532,-0.073106737098359,-0.0072073201318316,-4.4469667452387,3.7106864513738,0
2575,-0.067295885885495,-0.012756282276018,-4.4467334562981,1.9660785218551,0
4030,-0.014899625254594,0.014972433742097,-4.4437991867334,6.4430545822707,0
2508,-0.068329455237426,-0.0037009913529731,-4.4416733152919,4.2875128448214,0
2555,-0.074024268047341,-0.010495050961547,-4.4404165423991,3.015293693984,0
3945,-0.031487713430874,0.0096424536555044,-4.4400182226234,5.9395976723568,0
204,-1.0009526323397,0.0031753668241056,-4.4339420710203,0.062500002000121,0
205,-0.91005876801517,0.0066866879373492,-4.4339420710203,0.18750000600041,0
206,-0.79450553220181,0.0090381501019241,-4.4339420710203,0.31250001000045,0
207,-0.67000220073651,0.0093955070085793,-4.4339420710203,0.43750001400016,0
1012,-0.54625252983402,0.0080849541213764,-4.4339420710203,0.56250001800013,0
1013,-0.42984818947433,0.0054266053621944,-4.4339420710203,0.68750002200041,0
1014,-0.32531332281113,0.0017620133818147,-4.4339420710203,0.81250002600042,0
1015,-0.23597085488659,-0.0023521758148301,-4.4339420710203,0.93750003000014,0
2576,-0.068368383789484,-0.012701371535029,-4.4330833307992,2.0948889871688,0
2483,-0.062923270404563,-0.00074245648647091,-4.4315281561132,4.738838564333,0
2533,-0.072385419127778,-0.0067731131649104,-4.4285389679729,3.8419221088306,0
2596,-0.16503396303621,-0.0063193527161996,-4.4272897946696,1.0644052646571,0
5538,0.068669582009588,0.041091079614581,-4.4254678106427,8.5024514220387,0
2556,-0.074262912937064,-0.010233598909623,-4.4253652967149,3.1451021929649,0
4158,0.01813636114329,0.025169770011803,-4.4249179205839,7.3296186128224,0
3776,-0.054004876279823,0.0023106336635034,-4.4239469198755,5.154740360312,0
3734,-0.05763456931249,0.0010346047032365,-4.4237513818394,5.0057610607607,0
4115,0.0049047244547849,0.020947571602144,-4.4225276845477,6.9934929110302,0
3818,-0.049896997739661,0.0035433830337682,-4.4208154657815,5.3153886562951,0
3692,-0.060046076434713,0.00065761216453699,-4.4205647555704,4.8688300357141,0
3987,-0.02516021237951,0.011245531206755,-4.4194572361227,6.1457254445321,0
2577,-0.069416432885562,-0.012644981629654,-4.4194332053003,2.2236994524825,0
2509,-0.066983117494288,-0.0032569261781913,-4.4190392732875,4.4194768814974,0
4201,0.032411367238517,0.02959164422069,-4.4188773933887,7.6782660954692,0
5525,0.14049823254548,0.069093822621274,-4.4168246432125,9.3027945143667,0
3860,-0.045251709253924,0.0048722767877656,-4.4140305893841,5.4873183783056,0
2597,-0.11368509769327,-0.0097167630588067,-4.4139852419681,1.1932157299713,0
4072,-0.0072818592395144,0.016863537564445,-4.412085120261,6.6705493636957,0
2557,-0.0743403316681,-0.0099421874645396,-4.4102509143119,3.2748757766639,0
2534,-0.071490751774317,-0.0063156185874469,-4.4099359161844,3.9730307751798,0
2578,-0.070417554931014,-0.012580671769182,-4.4057830798014,2.3525099177961,0
5531,0.095350085551944,0.050378613169384,-4.4049393602136,8.8566633314573,0
4244,0.047544333211247,0.034119185455477,-4.4040440370062,8.0387655323524,0
3902,-0.040085680978091,0.0062754169343896,-4.4032755256225,5.6701338858886,0
2598,-0.081810206269535,-0.012133227827585,-4.4006806892666,1.3220261952854,0
2510,-0.065556114765603,-0.0027744441758612,-4.3961350923493,4.5512018407553,0
2558,-0.074248997839492,-0.0096196688274286,-4.3950742647112,3.4046129170058,0
4029,-0.018342304468073,0.012937231763897,-4.3939848041244,6.3614385146493,0
2579,-0.071351188682582,-0.012502220717445,-4.3921329543025,2.4813203831098,0
2535,-0.070431989572435,-0.0058383317346557,-4.3911607362809,4.1040082172484,0
3944,-0.034424494799498,0.0077471151083171,-4.3882433615833,5.8634316945536,0
2599,-0.066731912553476,-0.013393327484976,-4.3873761365651,1.4508366605994,0
4287,0.063274690490971,0.038529360935889,-4.3800723733979,8.4104380258855,0
2559,-0.073983592727582,-0.0092653295084958,-4.3798362544109,3.5343121075559,0
2580,-0.072198271858175,-0.012404265744871,-4.3784828288036,2.6101308484235,0
4157,0.013834385035129,0.022944683803647,-4.3784124711699,7.2403423652147,0
4114,0.00090135483015422,0.018792062092308,-4.3748718778969,6.9067001892032,0
2600,-0.063652920925116,-0.013634334186991,-4.3740715838636,1.5796471259134,0
4200,0.027801253990809,0.027280661024174,-4.3735679316537,7.5865773481652,0
2511,-0.064168481616716,-0.0023692173547769,-4.3729666782562,4.6826812111357,0
5524,0.13700935211385,0.06629603253797,-4.3722997620948,9.2132455143446,0
2536,-0.069230088913518,-0.0053537325723475,-4.372216676898,4.2348502797724,0
3775,-0.056019869621121,0.00063402403461736,-4.3688853183826,5.0902642074282,0
3986,-0.028294089065436,0.0092910679463321,-4.3686372171539,6.066800706905,0
3733,-0.059423628681508,-0.0005807289629321,-4.3680072608453,4.9443659838437,0
3817,-0.052138336485953,0.0018146972804974,-4.3664932327543,5.2478938376766,0
2581,-0.072941270777911,-0.012282252695007,-4.3648327033047,2.7389413137374,0
2560,-0.07354111350856,-0.0088788730515401,-4.3645378263448,3.6639718644179,0
3691,-0.061607122031277,-0.00088975928947312,-4.3641961173479,4.810577374622,0
4071,-0.010977272479592,0.01472866921683,-4.3633259026929,6.5863103309242,0
2601,-0.064441882040449,-0.013614466715095,-4.3607670311621,1.7084575912274,0
3859,-0.047706509336703,0.003091941008381,-4.3605034006976,5.4168683529052,0
4243,0.042726828188438,0.031791846895407,-4.3599748616658,7.9447361495701,0
5530,0.08463592723093,0.045481039304464,-4.3586655288421,8.7680070678666,0
2537,-0.067913129314761,-0.0048682863320228,-4.3531070869362,4.3655528879039,0
2582,-0.073564272006714,-0.012132375570543,-4.3511825778057,2.8677517790518,0
3901,-0.042750074363461,0.004445472442918,-4.3505978647252,5.5967931393307,0
2561,-0.072920977489429,-0.0084603131965469,-4.3491799593244,3.7935907271133,0
2602,-0.065527871320817,-0.013646262504735,-4.3474624784606,1.8372680565413,0
4028,-0.021690980888043,0.010918177332507,-4.3441704215155,6.279822447028,0
2583,-0.074053092807871,-0.011951510032804,-4.3375324523067,2.9965622443666,0
4286,0.058207954834928,0.036253133544539,-4.3372864360684,8.314140684997,0
3943,-0.037284713629256,0.0058663559708487,-4.336468500543,5.7872657167502,0
2603,-0.066657560216243,-0.013675062238179,-4.3341579257591,1.9660785218551,0
2538,-0.066501861533792,-0.0043484867692106,-4.3338354136142,4.4961120495845,0
2562,-0.072124993791143,-0.0080094142400924,-4.3337636674631,3.9231672594395,0
4156,0.0096150850592332,0.020737941716716,-4.3319070217559,7.151066117607,0
4199,0.023271781417375,0.02498718334815,-4.3282584699187,7.4948886008612,0
5523,0.12412974158423,0.060112072919479,-4.3277748809771,9.1236965143226,0
5517,0.038600795561949,0.015840438904122,-4.327450392318,9.5718585691984,0
4113,-0.0030301906933883,0.016645405864778,-4.3272160712459,6.8199074673761,0
2584,-0.074395389300404,-0.011737150963358,-4.3238823268077,3.1253727096813,0
2604,-0.0677848687723,-0.013707341016884,-4.3208533730577,2.0948889871688,0
1018,-0.32186469066773,0.0015715550664831,-4.3187747445005,0.81250002600039,0
208,-1.009899248238,0.0032880481277012,-4.3187747445005,0.062500002000121,0
209,-0.91693403565781,0.0068998787774817,-4.3187747445005,0.18750000600041,0
210,-0.79890257967297,0.0092986217900781,-4.3187747445005,0.31250001000045,0
211,-0.6719310906721,0.0096206231020997,-4.3187747445005,0.43750001400016,0
1016,-0.54596682080667,0.008210597168445,-4.3187747445005,0.56250001800012,0
1017,-0.42774445376083,0.0054087715481026,-4.3187747445005,0.68750002200038,0
1019,-0.23191468463173,-0.002704321827003,-4.3187747445005,0.93750003000013,0
2563,-0.071158717065982,-0.0075269815804139,-4.3182899995634,4.0527000503389,0
3985,-0.031347405008988,0.0073543657647823,-4.3178171981852,5.987875969278,0
4242,0.037934979050662,0.029442265134599,-4.3159056863252,7.8507067667876,0
4070,-0.014576515549127,0.012643516200651,-4.3145666851248,6.5020712981526,0
2539,-0.065205185503813,-0.0039150235296739,-4.3144052003993,4.6265238579385,0
3774,-0.057930477920705,-0.0010293974305056,-4.3138237168897,5.0257880545445,0
5529,0.076270601780587,0.041658981794442,-4.3123916974707,8.6793508042759,0
2624,-0.16099673570459,-0.0068215379392853,-4.3122952545484,1.0644052646571,0
3732,-0.061110230299686,-0.0021854061175846,-4.3122631398513,4.8829709069267,0
3816,-0.054282339263491,9.6771081975722e-05,-4.312170999727,5.1803990190581,0
2585,-0.074580751910399,-0.011487354726266,-4.3102322013087,3.254183174996,0
3690,-0.063076439644347,-0.0025098583079823,-4.3078274791254,4.75232471353,0
2605,-0.068885879916242,-0.013734423955726,-4.3075488203562,2.2236994524825,0
3858,-0.050072594449465,0.0013237373641056,-4.3069762120112,5.3464183275047,0
2564,-0.070036250277812,-0.007020212001185,-4.302760038504,4.1821877147234,0
2625,-0.11016750784795,-0.010356045514877,-4.2993362746444,1.1932157299713,0
3900,-0.045331311294147,0.0026261044423248,-4.297920203828,5.5234523927729,0
2586,-0.074600786526904,-0.011200677378132,-4.2965820758097,3.3829936403107,0
4285,0.053305398032851,0.033936285141467,-4.294500498739,8.2178433441085,0
4027,-0.024950065663206,0.0089183031152725,-4.2943560389067,6.198206379407,0
2606,-0.069938891990072,-0.013750127490228,-4.2942442676548,2.3525099177961,0
2565,-0.068771846394274,-0.006487033508797,-4.2871749005849,4.3116288943103,0
2626,-0.079165926618155,-0.012834320131536,-4.2863772947403,1.3220261952853,0
4155,0.0054745591051535,0.018545003228907,-4.285401572342,7.0617898699994,0
3942,-0.040067523098705,0.0039988227209826,-4.2846936395028,5.7110997389468,0
5516,0.11353949278246,0.054168541407491,-4.2846916366398,9.4814512511898,0
5522,0.11011738619667,0.053590227310413,-4.2832499998595,9.0341475143006,0
4198,0.018828804715361,0.022715922655356,-4.2829490081837,7.4031998535572,0
2587,-0.074449197006277,-0.010876115609654,-4.2829319503107,3.5118041056254,0
2607,-0.070923519752954,-0.013748657201634,-4.2809397149533,2.4813203831098,0
4112,-0.0068863918387281,0.014496805027667,-4.279560264595,6.7331147455492,0
2627,-0.065074899558266,-0.014081890333622,-4.2734183148363,1.4508366605994,0
4241,0.033195176134654,0.027089595113014,-4.2718365109846,7.756677384005,0
2566,-0.067368506618133,-0.0059075943975385,-4.2715357348791,4.4410222584136,0
2588,-0.074121905212058,-0.010513104353235,-4.2692818248117,3.64061457094,0
2608,-0.071820634395277,-0.013724997843428,-4.2676351622518,2.6101308484235,0
3984,-0.03432198975204,0.0054341672630015,-4.2669971792164,5.9089512316506,0
5528,0.069824454637438,0.038660740115501,-4.266117866099,8.5906945406848,0
4069,-0.01806780203292,0.010573004393652,-4.2658074675566,6.4178322653808,0
2628,-0.062637622916008,-0.014341403043743,-4.2604593349322,1.5796471259134,0
3773,-0.059732273784816,-0.0026775336035529,-4.2587621153969,4.9613119016607,0
3815,-0.056319210640718,-0.0016087089120917,-4.2578487666997,5.1129042004394,0
3731,-0.062668971332551,-0.0037566923089597,-4.2565190188571,4.8215758300096,0
2567,-0.066062493290259,-0.0054885787204468,-4.2558437225423,4.5703665047413,0
2589,-0.073617139712425,-0.010111366977301,-4.2556316993127,3.7694250362547,0
2609,-0.072612525387372,-0.013674876214654,-4.2543306095504,2.7389413137374,0
3857,-0.05234607709255,-0.0004331846185198,-4.2534490233248,5.2759683021044,0
4284,0.048413415129828,0.031596700792525,-4.2517145614096,8.1215460032201,0
3689,-0.064300371849031,-0.0038666235035876,-4.2514588409029,4.694072052438,0
2629,-0.063539235423709,-0.014399080235631,-4.2475003550282,1.7084575912274,0
3899,-0.047821271867004,0.00081861493156464,-4.2452425429308,5.4501116462151,0
4026,-0.02812214055366,0.0069378087527849,-4.2445416562982,6.1165903117863,0
2590,-0.072935412004854,-0.0096700425054482,-4.2419815738137,3.8982355015694,0
5515,0.13853109395128,0.064190635718696,-4.2419328809616,9.3910439331814,0
2610,-0.073283056608212,-0.013594713117781,-4.2410260568488,2.8677517790519,0
4154,0.001407199984716,0.016362132942578,-4.2388961229281,6.9725136223916,0
5521,0.097185248804867,0.047771255669666,-4.238725118742,8.944598514279,0
4197,0.014472152302573,0.020466722934947,-4.2376395464486,7.3115111062533,0
2630,-0.064689916257838,-0.014517937613123,-4.2345413751241,1.8372680565413,0
3941,-0.042770279854569,0.0021440253571663,-4.2329187784626,5.6349337611436,0
4111,-0.010642185026074,0.012320646081994,-4.2319044579442,6.6463220237224,0
2591,-0.072080983954691,-0.0091890536916563,-4.2283314483147,4.0270459668841,0
4240,0.028528443963638,0.024748363917133,-4.227767335644,7.6626480012223,0
2611,-0.073817813611655,-0.013481570613239,-4.2277215041473,2.9965622443666,0
4327,0.06426501040229,0.036039008267258,-4.2222503955416,8.4971204920379,0
2631,-0.065879887525785,-0.014635090753276,-4.2215823952201,1.966078521855,0
4068,-0.021458868956377,0.0085232159582077,-4.2170482499884,6.3335932326092,0
3983,-0.037218127581335,0.0035292634502766,-4.2161771602474,5.8300264940232,0
2592,-0.071065441763836,-0.0086749567566954,-4.2146813228157,4.1558564321988,0
2612,-0.074204236755,-0.013333100029769,-4.2144169514457,3.1253727096813,0
4283,0.043530143170331,0.029225663586376,-4.2089286240803,8.0252486623318,0
2632,-0.067066880676011,-0.014753093286935,-4.2086234153161,2.0948889871687,0
3772,-0.061425130155844,-0.0043187455338434,-4.2037005139041,4.896835748777,0
212,-1.0191444812813,0.003408800979401,-4.2036074179807,0.062500002000121,0
213,-0.92401353887487,0.0071266693307788,-4.2036074179807,0.18750000600041,0
214,-0.8033947082984,0.0095745216045958,-4.2036074179807,0.31250001000045,0
215,-0.67385232557607,0.0098573402049042,-4.2036074179807,0.43750001400016,0
1020,-0.54558871105751,0.0083398248649474,-4.2036074179807,0.56250001800011,0
1021,-0.42548684652087,0.0053840441909427,-4.2036074179807,0.68750002200036,0
1022,-0.31822415739994,0.001363399208339,-4.2036074179807,0.81250002600037,0
1023,-0.22767388601326,-0.0030892639531665,-4.2036074179807,0.93750003000013,0
3814,-0.058244061850061,-0.0033006517627683,-4.2035265336724,5.0454093818208,0
2613,-0.0744317372369,-0.013147491372085,-4.2011123987441,3.254183174996,0
2593,-0.069893287842013,-0.0081059710194189,-4.2010311973167,4.2846668975135,0
3730,-0.064117857717675,-0.00538133704705,-4.200774897863,4.7601807530926,0
3856,-0.054517623684896,-0.0021795225615993,-4.1999218346384,5.205518276704,0
5514,0.13732104595024,0.062225966400904,-4.1991741252833,9.3006366151727,0
2652,-0.15679210163026,-0.0073543422186826,-4.1973007144273,1.0644052646571,0
2633,-0.068227992241006,-0.014863011322214,-4.1956644354121,2.2236994524825,0
3688,-0.065588033125939,-0.0055516159634961,-4.1950902026804,4.635819391346,0
4025,-0.031209902167048,0.0049767162659901,-4.1947272736897,6.0349742441657,0
5520,0.086286301910938,0.042962850102391,-4.1942002376248,8.8550495142578,0
3898,-0.050218698318735,-0.00097584448821559,-4.1925648820335,5.3767708996573,0
4153,-0.0025917973270867,0.014182412816621,-4.192390673514,6.8832373747838,0
4196,0.010197967039562,0.0182356631745,-4.1923300847137,7.2198223589494,0
2614,-0.074491798190208,-0.012923419766045,-4.1878078460426,3.3829936403107,0
2594,-0.068539184952479,-0.007398337018035,-4.1873810718177,4.4134773628281,0
2653,-0.10652736691746,-0.010999861637953,-4.1846873073207,1.1932157299713,0
4110,-0.014288381618985,0.010203495749554,-4.1842486512935,6.5595293018955,0
4239,0.023947348208337,0.022427497254055,-4.1836981603034,7.5686186184396,0
2634,-0.069341985016258,-0.014958524786518,-4.1827054555081,2.3525099177961,0
3940,-0.045389500338542,0.00029882361140201,-4.1811439174225,5.5587677833404,0
4326,0.059089411092212,0.033691425205092,-4.1807892857986,8.3986286583355,0
2615,-0.074378076743836,-0.012660002062599,-4.174503293341,3.5118041056254,0
2595,-0.067109791151385,-0.0068448674573526,-4.1737309463187,4.5422878281427,0
2654,-0.07644463811503,-0.013526592867496,-4.1720739002141,1.3220261952853,0
2635,-0.070388642305266,-0.015033998443785,-4.169746475604,2.4813203831098,0
4067,-0.024754859548288,0.0064962376758721,-4.1682890324204,6.249354199838,0
4282,0.038678441229834,0.026838497676054,-4.1661426867508,7.9289513214434,0
3982,-0.040035892959687,0.0016377352429724,-4.1653571412784,5.7511017563958,0
2616,-0.074086537334491,-0.012356787197134,-4.1611987406394,3.64061457094,0
2655,-0.063358575268451,-0.01477321722006,-4.1594604931075,1.4508366605994,0
2636,-0.071348836743291,-0.015084597120524,-4.1567874957,2.6101308484235,0
5513,0.12539203751874,0.056624010975686,-4.156415369605,9.2102292971641,0
5519,0.077635689347036,0.039134161614698,-4.1496753565076,8.7655005142367,0
3813,-0.060052214564267,-0.0049770881236007,-4.1492043006451,4.9779145632023,0
3771,-0.062978353840759,-0.0059303057986647,-4.1486389124113,4.8323595958932,0
2617,-0.073615592461234,-0.012013581870309,-4.1478941879379,3.7694250362547,0
5507,0.036202551111084,0.013854489762056,-4.1473728874149,9.6584675237952,0
4195,0.0060004240756856,0.016017409737725,-4.1470206229788,7.1281336116455,0
2656,-0.061513555770641,-0.015076344509469,-4.1468470860009,1.5796471259134,0
3855,-0.056573856634228,-0.0039125855625634,-4.1463946459519,5.1350682513035,0
4152,-0.0065129040978702,0.011977183332427,-4.1458852241,6.7939611271762,0
3729,-0.06523978015769,-0.0066673039639218,-4.1450307768689,4.6987856761756,0
4024,-0.034217262807427,0.003033111048281,-4.1449128910811,5.9533581765448,0
2637,-0.072204749842237,-0.01510621588502,-4.143828515796,2.7389413137375,0
3897,-0.052520650743053,-0.0027588990549944,-4.1398872211363,5.3034301530996,0
4238,0.019456259069158,0.020130680452577,-4.1396289849628,7.4745892356569,0
4325,0.054112735758771,0.031317128244737,-4.1393281760556,8.3001368246329,0
4109,-0.017820667917316,0.00810178589991,-4.1365928446426,6.4727365800685,0
2618,-0.072966327018093,-0.011630039346825,-4.1345896352363,3.8982355015694,0
2657,-0.062508873687995,-0.015222817490668,-4.1342336788943,1.7084575912274,0
2638,-0.072940066098992,-0.015095420732514,-4.1308695358919,2.8677517790519,0
3939,-0.047911132516238,-0.0015339942780838,-4.1293690563824,5.4826018055372,0
4281,0.033884567810783,0.024452883452445,-4.1233567494213,7.8326539805547,0
2658,-0.063721668923549,-0.015428795229522,-4.1216202717877,1.8372680565413,0
2619,-0.072143878437334,-0.011207651676193,-4.1212850825347,4.0270459668841,0
4066,-0.027959490803843,0.0044907148492484,-4.1195298148526,6.165115167067,0
2639,-0.073540144737474,-0.0150493978502,-4.1179105559878,2.9965622443666,0
3981,-0.042772130702557,-0.00023986700116653,-4.1145371223095,5.6721770187684,0
5512,0.11182669441295,0.050508095652381,-4.1136566139268,9.1198219791555,0
2659,-0.064971875783584,-0.015633337004783,-4.1090068646811,1.966078521855,0
2620,-0.071159391473812,-0.010751523055126,-4.1079805298332,4.1558564321988,0
5506,0.110215976318,0.049516582045686,-4.1063967565107,9.5672366358269,0
5518,0.070919951654087,0.036067857812808,-4.1051504753902,8.6759515142152,0
2640,-0.07399216981904,-0.014965907940815,-4.1049515760837,3.1253727096813,0
4194,0.0018722274341532,0.013808875756204,-4.1017111612438,7.0364448643415,0
4151,-0.01033210728206,0.0097954480652494,-4.0993797746861,6.7046848795687,0
4324,0.049158198934646,0.02893100916012,-4.0978670663127,8.2016449909305,0
2660,-0.066219724526778,-0.01583632531158,-4.0963934575745,2.0948889871687,0
4237,0.015053122273912,0.017857244409493,-4.0955598096222,7.3805598528743,0
4023,-0.037144247414431,0.0011057888305629,-4.0950985084723,5.8717421089238,0
3812,-0.061748032475265,-0.0066488046526852,-4.0948820676178,4.9104197445837,0
2621,-0.070023481612732,-0.010242109173066,-4.0946759771316,4.2846668975135,0
3770,-0.064342276822188,-0.0075322398314078,-4.0935773109184,4.7678834430094,0
3854,-0.058510880245716,-0.0056310059639906,-4.0928674572654,5.064618225903,0
2641,-0.074285278750987,-0.014843243768148,-4.0919925961795,3.2541831749961,0
3728,-0.066424683405921,-0.0085795005509272,-4.0892866558748,4.6373905992585,0
4108,-0.021246560472449,0.006024358226091,-4.0889370379918,6.3859438582417,0
216,-1.028705304146,0.0035372722383387,-4.0884400914609,0.062500002000121,0
217,-0.93130770031051,0.0073669934572947,-4.0884400914609,0.18750000600041,0
218,-0.80798512457899,0.0098658482970251,-4.0884400914609,0.31250001000045,0
219,-0.67576258466536,0.010105365831408,-4.0884400914609,0.43750001400016,0
1024,-0.54511001330028,0.0084718399130712,-4.0884400914609,0.56250001800011,0
1025,-0.42306427444224,0.0053511582168169,-4.0884400914609,0.68750002200033,0
1026,-0.31437979991666,0.0011358308739811,-4.0884400914609,0.81250002600035,0
1027,-0.2232354730226,-0.0035038839885257,-4.0884400914609,0.93750003000012,0
3896,-0.054715988493993,-0.0045317313093703,-4.087209560239,5.2300894065418,0
2661,-0.067442639607356,-0.01602876294292,-4.083780050468,2.2236994524825,0
2680,-0.15241170773577,-0.0079175790484605,-4.0823061743063,1.0644052646571,0
2622,-0.068761857378319,-0.0096752493353636,-4.0813714244301,4.4134773628281,0
4280,0.029169188868785,0.022081731142016,-4.0805708120918,7.7363566396661,0
2642,-0.074410672840888,-0.014680189491588,-4.0790336162754,3.3829936403107,0
3938,-0.050335413666785,-0.0033526769850103,-4.0775941953423,5.406435827734,0
2662,-0.068619543338446,-0.01620415647558,-4.0711666433614,2.3525099177962,0
5511,0.098993204185948,0.04494142427641,-4.0708978582486,9.0294146611473,0
4065,-0.03107549443497,0.0025072056305916,-4.0707705972849,6.080876134296,0
2681,-0.10275165625755,-0.011664090348283,-4.0700383399972,1.1932157299713,0
2623,-0.067535396002068,-0.0094374409271993,-4.0680668717285,4.5422878281427,0
2643,-0.074361725121752,-0.01447599755779,-4.0660746363713,3.5118041056254,0
5505,0.13594608521706,0.059039692067253,-4.0654206256065,9.4760057478586,0
3980,-0.04542691142433,-0.0021095615466728,-4.0637171033406,5.5932522811412,0
4367,0.065162845353127,0.033394852068837,-4.0628400003023,8.5808709647868,0
2663,-0.069730245538361,-0.016356930304214,-4.0585532362548,2.4813203831098,0
2682,-0.073631815323927,-0.014232682847877,-4.057770505688,1.3220261952853,0
4323,0.044218611052393,0.026519937474455,-4.0564059565698,8.1031531572283,0
4193,-0.0021903875455823,0.011602217702535,-4.0564016995087,6.9447561170375,0
2644,-0.074134107642312,-0.01423038565209,-4.0531156564672,3.64061457094,0
4150,-0.014024854344149,0.007647450428011,-4.0528743252722,6.6154086319611,0
4236,0.010731772513336,0.015603012865934,-4.0514906342817,7.2865304700917,0
2664,-0.070755553666985,-0.016482351950136,-4.0459398291482,2.6101308484236,0
2683,-0.061571282437592,-0.015483523830149,-4.0455026713788,1.4508366605994,0
4022,-0.039992457330332,-0.00080842636104557,-4.0452841258636,5.7901260413027,0
4107,-0.024572971577652,0.0039736270901514,-4.0412812313411,6.2991511364152,0
3811,-0.063258308940736,-0.0082507300824575,-4.0405598345905,4.8429249259651,0
2645,-0.0737259244148,-0.013943395494796,-4.0401566765631,3.7694250362547,0
3853,-0.060325515030282,-0.0073326458809189,-4.039340268579,4.9941682005026,0
3769,-0.065423471745501,-0.0088533439188217,-4.0385157094256,4.7034072901257,0
4279,0.024544300395474,0.019732627632066,-4.0377848747623,7.6400592987774,0
3895,-0.05678780421725,-0.0062893770812772,-4.0345318993417,5.1567486599839,0
2665,-0.071677508146682,-0.016576427332707,-4.0333264220416,2.7389413137375,0
2684,-0.060266221614791,-0.015841201621508,-4.0332348370696,1.5796471259134,0
5510,0.087935219180468,0.040244026596993,-4.0281391025708,8.9390073431395,0
2646,-0.073137969266644,-0.013615343586704,-4.027197696659,3.8982355015694,0
3937,-0.052660999547203,-0.0051601238420989,-4.0258193343022,5.3302698499308,0
5504,0.13723357314343,0.057887637775815,-4.0244444947022,9.3847748598902,0
4366,0.059829582551304,0.03096559350114,-4.0227439312441,8.4802588659514,0
4064,-0.034110743549119,0.00054206595320766,-4.0220113797171,5.9966371015248,0
2685,-0.061346203451017,-0.016082128023286,-4.0209670027605,1.7084575912274,0
2666,-0.072479595527242,-0.016635826163562,-4.020713014935,2.8677517790519,0
4322,0.039315741139583,0.024097650286437,-4.0149448468268,8.0046613235259,0
2647,-0.072374791321698,-0.013248798211807,-4.0142387167548,4.0270459668841,0
3979,-0.047975652376479,-0.0039658537553727,-4.0128970843717,5.5143275435139,0
4192,-0.0061702152437315,0.0093541987077804,-4.0110922377737,6.8530673697336,0
2686,-0.062620500663903,-0.016375798876365,-4.0086991684513,1.8372680565413,0
2667,-0.073146936660685,-0.016657828721804,-4.0080996078283,2.9965622443666,0
4235,0.006483587540079,0.01336251347635,-4.0074214589412,7.1925010873091,0
4149,-0.017595916223866,0.0055172601668477,-4.0063688758583,6.5261323843534,0
2648,-0.071445405421761,-0.012847723780073,-4.0012797368507,4.1558564321988,0
2687,-0.063931411133584,-0.016667472720553,-3.9964313341421,1.966078521855,0
2668,-0.073666450277741,-0.016640283547265,-3.9954862007216,3.1253727096814,0
4021,-0.042755352806001,-0.0027067052827445,-3.9954697432549,5.7085099736818,0
4278,0.02001362226876,0.017408642626899,-3.9949989374329,7.5437619578888,0
4106,-0.027805240150737,0.0019455769515031,-3.9936254246907,6.212358414589,0
2649,-0.070359265598764,-0.012396801717317,-3.9883207569466,4.2846668975135,0
3810,-0.064561916415096,-0.0098210329955286,-3.9862376015632,4.7754301073465,0
3852,-0.062010043409359,-0.0090118435180707,-3.9858130798925,4.9237181751022,0
5509,0.078986319219671,0.036423504703696,-3.985380346893,8.8486000251318,0
2688,-0.065241259292548,-0.016955114290222,-3.984163499833,2.0948889871687,0
5503,0.12647328181022,0.052846127817701,-3.9834683637979,9.2935439719217,0
3768,-0.06656462887364,-0.010795370691006,-3.9834541079328,4.6389311372419,0
2669,-0.074026991823906,-0.016581571467457,-3.982872793615,3.2541831749961,0
4365,0.054779154837255,0.028543406600447,-3.9826478621859,8.3796467671159,0
3894,-0.0587363144285,-0.0080292393073055,-3.9818542384444,5.083407913426,0
2650,-0.069142470966974,-0.011918951250735,-3.9753617770425,4.4134773628281,0
3936,-0.054876070510607,-0.006957091232079,-3.9740444732621,5.2541038721277,0
4321,0.034475520717695,0.021680576192536,-3.9734837370838,7.9061694898232,0
220,-1.0386006781038,0.003673661443058,-3.9732727649413,0.06250000200012,0
221,-0.93882862981207,0.0076213261518777,-3.9732727649413,0.18750000600041,0
222,-0.81267792247021,0.010173106549074,-3.9732727649413,0.31250001000045,0
223,-0.67765861451005,0.010364874727607,-3.9732727649413,0.43750001400016,0
1028,-0.54452200358673,0.0086062631479581,-3.9732727649413,0.5625000180001,0
1029,-0.4204650060079,0.0053092287303932,-3.9732727649413,0.68750002200031,0
1030,-0.31031971840222,0.00088770794713849,-3.9732727649413,0.81250002600032,0
1031,-0.21859110692632,-0.0039478749795363,-3.9732727649413,0.93750003000011,0
4063,-0.037062878556984,-0.0014054914346603,-3.9732521621491,5.9123980687535,0
2689,-0.066527504825409,-0.017229888247996,-3.9718956655239,2.2236994524824,0
2670,-0.074219470829389,-0.016480576223105,-3.9702593865083,3.3829936403107,0
2708,-0.14785817952649,-0.0085123917094685,-3.9673116341854,1.0644052646571,0
4191,-0.010045686514766,0.0071553906045866,-3.9657827760388,6.7613786224299,0
5497,0.033398509534059,0.011801699284423,-3.9657050483421,9.7416890023721,0
4234,0.0022983770008057,0.011132541834845,-3.9633522836006,7.0984717045265,0
2651,-0.067881579145558,-0.011699131430335,-3.9624027971384,4.5422878281427,0
3978,-0.050421324812157,-0.0058068850934794,-3.9620770654028,5.4354028058866,0
4148,-0.021050209314081,0.0034157811187774,-3.9598634264443,6.4368561367459,0
2690,-0.067769055666731,-0.017485218214327,-3.9596278312147,2.3525099177962,0
2671,-0.074236959451823,-0.016336676690874,-3.9576459794016,3.5118041056254,0
2709,-0.098849146822825,-0.012355221519572,-3.9553893726736,1.1932157299713,0
4277,0.015573922809197,0.015109356303291,-3.9522130001034,7.4474646170002,0
2691,-0.068945653813218,-0.017715569200246,-3.9473599969056,2.4813203831099,0
4105,-0.030942270510483,-5.7118768369709e-05,-3.9459696180403,6.1255656927627,0
4020,-0.045442022286541,-0.0046001833170988,-3.9456553606463,5.626893906061,0
2672,-0.074074805047415,-0.016149747152123,-3.9450325722949,3.64061457094,0
2710,-0.070734429651786,-0.014960363305729,-3.9434671111619,1.3220261952853,0
5508,0.071964594131025,0.033298365457905,-3.942621591215,8.7581927071238,0
4364,0.049771569222044,0.026119041925407,-3.9425517931277,8.2790346682807,0
5502,0.11346104390185,0.047149250008149,-3.9424922328936,9.2023130839533,0
2692,-0.070037991221079,-0.017916274050307,-3.9350921625964,2.6101308484236,0
2673,-0.073730736452623,-0.015920055987891,-3.9324191651883,3.7694250362547,0
3851,-0.063442926935459,-0.010557432112576,-3.932285891206,4.8532681497016,0
4320,0.02971808051617,0.019280089082672,-3.9320226273407,7.8076776561206,0
3809,-0.065650614942456,-0.011179507513232,-3.9319153685359,4.7079352887279,0
2711,-0.05971002540386,-0.016218677097659,-3.9315448496502,1.4508366605993,0
3893,-0.06056039877997,-0.0097465266556354,-3.9291765775471,5.0100671668682,0
5496,0.10625259501849,0.044717372034645,-3.926527359461,9.6496696087771,0
4062,-0.039937130055345,-0.0033414083380281,-3.924492944581,5.8281590359821,0
2693,-0.071027940451062,-0.018083408961726,-3.9228243282873,2.7389413137375,0
3935,-0.056962518254016,-0.0087340252441635,-3.9222696122219,5.1779378943244,0
4190,-0.013785021078765,0.0049735910418435,-3.9204733143039,6.6696898751261,0
2674,-0.073205096126438,-0.015648455270683,-3.9198057580816,3.8982355015694,0
2712,-0.058886582810661,-0.016636524256848,-3.9196225881384,1.5796471259134,0
4233,-0.0018271730745827,0.0089018470676562,-3.9192831082599,7.0044423217437,0
4147,-0.024399708441661,0.0013461430641537,-3.9133579770306,6.3475798891387,0
3977,-0.052766100448979,-0.0076367373076102,-3.911257046434,5.3564780682595,0
2694,-0.071898773924663,-0.018213709812365,-3.9105564939781,2.8677517790519,0
4276,0.01121666355687,0.012831548127648,-3.9094270627739,7.3511672761116,0
2713,-0.060047181414517,-0.016974940515736,-3.9077003266267,1.7084575912274,0
2675,-0.072501612555293,-0.015338082672463,-3.9071923509749,4.0270459668841,0
4363,0.044786541910541,0.023673674460867,-3.9024557240696,8.1784225694456,0
4407,0.065974467200888,0.030583802546698,-3.9018961105126,8.661660348278,0
5501,0.10079288181321,0.041856964447866,-3.9015161019894,9.1110821959854,0
4104,-0.034000337563992,-0.0020416467220762,-3.8983138113898,6.0387729709363,0
2695,-0.072635361213522,-0.018304517501776,-3.8982886596688,2.9965622443667,0
4019,-0.048012258846535,-0.0064778505152876,-3.8958409780376,5.5452778384401,0
2714,-0.061383566946978,-0.01735671753098,-3.895778065115,1.8372680565413,0
2676,-0.071627449268627,-0.014991986170893,-3.8945789438682,4.1558564321988,0
4319,0.025055339450896,0.016901958003849,-3.8905615175977,7.7091858224179,0
5495,0.13268633536862,0.053647501585622,-3.88734967058,9.5576502151823,0
2696,-0.073224341590152,-0.018353738574582,-3.8860208253596,3.1253727096814,0
2715,-0.062756207322984,-0.01773531675565,-3.8838558036033,1.966078521855,0
2677,-0.070590815792984,-0.014598996430828,-3.8819655367616,4.2846668975135,0
3850,-0.064739873504687,-0.012143825830281,-3.8787587025195,4.7828181243011,0
3808,-0.066803582030963,-0.013169586999321,-3.8775931355086,4.6404404701093,0
3892,-0.062154956111874,-0.011350566021811,-3.8764989166499,4.9367264203104,0
4061,-0.042717716224514,-0.0052585197891971,-3.8757337270131,5.7439200032109,0
4232,-0.0058655732975834,0.0066114148598067,-3.8752139329194,6.9104129389612,0
4189,-0.017391999223349,0.0028145027990687,-3.8751638525689,6.5780011278221,0
2697,-0.073654269833751,-0.01835981484957,-3.8737529910503,3.2541831749961,0
2716,-0.064129389299559,-0.018107333415604,-3.8719335420916,2.0948889871687,0
3934,-0.058926160088555,-0.010486643087187,-3.8704947511817,5.1017719165211,0
2678,-0.06941508561952,-0.014194568789625,-3.8693521296549,4.4134773628281,0
4146,-0.027655689609264,-0.00070173897032153,-3.866852527617,6.2583036415318,0
4275,0.0069285295085149,0.01057121214481,-3.8666411254446,7.2548699352231,0
4406,0.060494261413748,0.028090715937302,-3.863203904786,8.5590029485948,0
4362,0.039843149511585,0.021219390688396,-3.8623596550114,8.0778104706103,0
2698,-0.073915737038501,-0.018321703270288,-3.8614851567411,3.3829936403108,0
5500,0.089614664371191,0.037300080728901,-3.8605399710855,9.0198513080178,0
3976,-0.055000518837226,-0.0094530889493946,-3.8604370274652,5.2775533306322,0
2717,-0.065480532810644,-0.018464237024294,-3.8600112805799,2.2236994524824,0
224,-1.048850293036,0.0038184027857496,-3.8581054384216,0.06250000200012,0
225,-0.94658887858628,0.0078904706617765,-3.8581054384216,0.18750000600041,0
226,-0.81747720596407,0.010497170698337,-3.8581054384216,0.31250001000045,0
227,-0.67953675819771,0.010636366764055,-3.8581054384216,0.43750001400016,0
1032,-0.54381533070148,0.0087429137300685,-3.8581054384216,0.56250001800009,0
1033,-0.41767672809549,0.0052573410925971,-3.8581054384216,0.68750002200028,0
1034,-0.30603150947425,0.00061756597353553,-3.8581054384216,0.8125000260003,0
1035,-0.2137322422452,-0.0044224685475019,-3.8581054384216,0.93750003000011,0
2679,-0.068155389588204,-0.013991573417239,-3.8567387225482,4.5422878281427,0
2736,-0.14312938133925,-0.0091405319973213,-3.8523170940644,1.0644052646571,0
4103,-0.03697025141688,-0.0040069813866472,-3.8506580047391,5.9519802491097,0
2699,-0.074001475304699,-0.018238877405318,-3.8492173224319,3.5118041056254,0
4318,0.020492013427491,0.014548258652937,-3.8491004078547,7.6106939887153,0
5494,0.13659190279994,0.053235638124881,-3.8481719816989,9.4656308215872,0
2718,-0.066788461532996,-0.018799475160274,-3.8480890190682,2.3525099177962,0
4018,-0.050475531033738,-0.0083386554561605,-3.8460265954289,5.4636617708193,0
2737,-0.094821768600816,-0.01307650143466,-3.8407404053501,1.1932157299713,0
2700,-0.073906450592255,-0.018111325082545,-3.8369494881226,3.64061457094,0
2719,-0.068032803395101,-0.019107567678876,-3.8361667575564,2.4813203831099,0
4231,-0.0097877612302496,0.0043783867500846,-3.8311447575789,6.8163835561788,0
4188,-0.020865108967607,0.00069187490916074,-3.829854390834,6.4863123805184,0
2738,-0.067753731731473,-0.015713145814409,-3.8291637166358,1.3220261952853,0
4060,-0.045432139806113,-0.0071757627918362,-3.8269745094453,5.6596809704398,0
3849,-0.065836288242695,-0.013530577789139,-3.8252315138331,4.7123680989007,0
2701,-0.073627937498234,-0.017939482483155,-3.8246816538134,3.7694250362547,0
4405,0.055350781129674,0.025624682806808,-3.8245116990594,8.4563455489115,0
2720,-0.069194104567569,-0.019383898924189,-3.8242444960447,2.6101308484236,0
4274,0.0026918092448666,0.0083241377958914,-3.8238551881151,7.1585725943344,0
3891,-0.063583409554328,-0.012911200022703,-3.8238212557525,4.8633856737525,0
4361,0.034965643729141,0.018773338634673,-3.8222635859531,7.9771983717747,0
4145,-0.030804371547098,-0.0027196822045351,-3.8203470782035,6.1690273939249,0
5499,0.080369499338092,0.033515317810055,-3.8195638401817,8.9286204200503,0
3933,-0.060673607573174,-0.012133339192066,-3.8187198901416,5.0256059387179,0
2739,-0.057768976122589,-0.016981968449891,-3.8175870279215,1.4508366605993,0
2702,-0.073165709138047,-0.01772456468129,-3.8124138195042,3.8982355015694,0
2721,-0.070254050364703,-0.019624589140585,-3.812322234533,2.7389413137375,0
3975,-0.057106278509555,-0.011239616515021,-3.8096170084962,5.1986285930049,0
5493,0.12731838345959,0.048732945648675,-3.8089942928177,9.3736114279922,0
4317,0.016025648317303,0.012218946455252,-3.8076392981117,7.5122021550127,0
2740,-0.057369060216317,-0.017463213102341,-3.8060103392072,1.5796471259133,0
4102,-0.039866880984319,-0.0059641363644175,-3.8030021980884,5.8651875272831,0
2722,-0.071195684881517,-0.019826410068007,-3.8003999730212,2.867751779052,0
2703,-0.072522562039146,-0.017469866718445,-3.8001459851949,4.0270459668841,0
4017,-0.052840510771674,-0.010186413704688,-3.7962122128203,5.3820457031985,0
2741,-0.058608870417655,-0.017899858140556,-3.7944336504929,1.7084575912274,0
2723,-0.072003613402992,-0.019986732136798,-3.7884777115094,2.9965622443667,0
2704,-0.071703967055892,-0.017177507688816,-3.7878781508857,4.1558564321988,0
4230,-0.013563156836253,0.0021676104953688,-3.7870755822384,6.7223541733963,0
4404,0.05028657190431,0.023163556552636,-3.7858194933328,8.3536881492283,0
4187,-0.024225715955071,-0.0013908654773946,-3.7845449290992,6.3946236332149,0
2742,-0.060008561830083,-0.018369648236832,-3.7828569617787,1.8372680565412,0
5487,0.030122616357187,0.0096783415755223,-3.7825105899071,9.8214938173977,0
4360,0.030173165377672,0.016347038986478,-3.7821675168948,7.8765862729392,0
4273,-0.0014999480669943,0.006064480834081,-3.7810692507855,7.0622752534457,0
5498,0.073008195543066,0.030352747618758,-3.7785877092776,8.8373895320825,0
4059,-0.048021284325489,-0.0090709298891069,-3.7782152918774,5.5754419376686,0
2724,-0.072664181277321,-0.02010348888619,-3.7765554499976,3.1253727096814,0
2705,-0.070716657969666,-0.016839586674143,-3.7756103165764,4.2846668975135,0
4144,-0.033880448916098,-0.0047220175694158,-3.7738416287899,6.0797511463177,0
3848,-0.066969715326369,-0.015540731888268,-3.7717043251466,4.6419180735002,0
2743,-0.061444299016729,-0.018834691926946,-3.7712802730644,1.966078521855,0
3890,-0.064874467662529,-0.014511597680945,-3.7711435948552,4.7900449271946,0
5492,0.11500862088014,0.043471483026409,-3.7698166039366,9.2815920343972,0
3932,-0.062254721689484,-0.013737158942788,-3.7669450291015,4.9494399609147,0
4316,0.01164690418247,0.0099121330229585,-3.7661781883687,7.4137103213101,0
2725,-0.073165624892878,-0.020175151774213,-3.7646331884858,3.2541831749961,0
2706,-0.069580445334543,-0.016496090598645,-3.7633424822672,4.4134773628281,0
2744,-0.062882261957819,-0.019290636131402,-3.7597035843501,2.0948889871687,0
3974,-0.059001767859334,-0.012924903789204,-3.7587969895273,5.1197038553775,0
4101,-0.042657833084583,-0.0078983538048174,-3.7553463914379,5.7783948054567,0
2726,-0.073498194478517,-0.020200716923366,-3.752710926974,3.3829936403108,0
2707,-0.068332382041751,-0.016300516395561,-3.751074647958,4.5422878281427,0
2745,-0.064299857320642,-0.01972931567009,-3.7481268956359,2.2236994524824,0
4403,0.045248550759094,0.020681461840214,-3.7471272876063,8.2510307495454,0
4016,-0.055100918003144,-0.012012897512465,-3.7463978302117,5.3004296355777,0
5486,0.10155472426903,0.039767244453512,-3.7451464721608,9.7287212854557,0
4229,-0.017199748245364,-1.6145401889838e-05,-3.7430064068978,6.6283247906136,0
229,-0.95460172904683,0.008175393788746,-3.7429381119019,0.18750000600041,0
1038,-0.30150206323814,0.0003232779292387,-3.7429381119019,0.81250002600028,0
1039,-0.20865000091269,-0.0049299286559533,-3.7429381119019,0.9375000300001,0
228,-1.0594750078562,0.0039720095552423,-3.7429381119019,0.06250000200012,0
230,-0.82238722182055,0.010839117094752,-3.7429381119019,0.31250001000044,0
231,-0.68139292413248,0.01092048614081,-3.7429381119019,0.43750001400015,0
1036,-0.54297984143505,0.0088815725852655,-3.7429381119019,0.56250001800008,0
1037,-0.41468629368881,0.0051942014942279,-3.7429381119019,0.68750002200026,0
4359,0.025478787070654,0.013943246589043,-3.7420714478365,7.7759741741037,0
2727,-0.073654253469409,-0.020179709880748,-3.7407886654622,3.5118041056254,0
4447,0.066710122972915,0.027596601552275,-3.7394741819792,8.7394605752571,0
4186,-0.027502881307457,-0.0034565427202935,-3.7392354673646,6.3029348859118,0
4272,-0.0055961728131058,0.0037137009348261,-3.738283313456,6.9659779125572,0
2764,-0.1382215923538,-0.0098041909552846,-3.7373225539435,1.0644052646571,0
2746,-0.065675819637985,-0.020144285444005,-3.7365502069216,2.3525099177962,0
5491,0.10259916657583,0.038476753442573,-3.7306389150556,9.1895726408026,0
4058,-0.050506130240993,-0.010946026063828,-3.7294560743095,5.4912029048975,0
2728,-0.073628352269892,-0.020112175722237,-3.7288664039505,3.6406145709401,0
4143,-0.03686107332737,-0.0067025419184057,-3.7273361793761,5.9904748987104,0
2765,-0.090669493362356,-0.013830062964358,-3.7260914380266,1.1932157299713,0
2747,-0.066989654942171,-0.020530140188578,-3.7249735182073,2.4813203831099,0
4315,0.0073372746471462,0.0076271554053603,-3.7247170786258,7.3152184876076,0
3889,-0.065967752610035,-0.015915984082927,-3.718465933958,4.7167041806368,0
2729,-0.07341727670921,-0.019998643186012,-3.7169441424387,3.7694250362547,0
3931,-0.063677694298169,-0.015316545325794,-3.7151701680613,4.8732739831114,0
2766,-0.064689818656401,-0.016492943828098,-3.7148603221097,1.3220261952853,0
2748,-0.068221754863206,-0.020882310568445,-3.7133968294931,2.6101308484236,0
4402,0.040263383089561,0.018196342146438,-3.7084350818797,8.1483733498621,0
3973,-0.060733945026679,-0.0145638164189,-3.7079769705584,5.0407791177502,0
5485,0.12868351949117,0.048031978216637,-3.7077823544145,9.6359487535138,0
4100,-0.045401663470179,-0.0098382201503572,-3.7076905847873,5.6916020836303,0
2730,-0.073020198997265,-0.019840524277827,-3.7050218809269,3.8982355015694,0
2767,-0.055741746030142,-0.017775165359857,-3.7036292061929,1.4508366605993,0
4446,0.061046510978886,0.02504023017772,-3.7022232582866,8.6348335495744,0
4358,0.020890182899914,0.011560564672798,-3.7019753787783,7.6753620752681,0
2749,-0.069353609785777,-0.021196941734862,-3.7018201407788,2.7389413137376,0
4228,-0.020681137551067,-0.0021543649997188,-3.6989372315573,6.5342954078312,0
4015,-0.057138006859606,-0.013728559523992,-3.696583447603,5.2188135679567,0
4271,-0.0095478429855636,0.0014425960871212,-3.6954973761267,6.8696805716689,0
4185,-0.030653930152509,-0.0054852203933889,-3.6939260056301,6.2112461386087,0
2731,-0.072439007524565,-0.019640972076581,-3.6930996194151,4.0270459668842,0
2768,-0.055710582712003,-0.018321793697036,-3.692398090276,1.5796471259133,0
5490,0.091357917051641,0.034092331980327,-3.6914612261749,9.0975532472085,0
2750,-0.070368027799325,-0.021470815083324,-3.6902434520645,2.867751779052,0
4314,0.0030653036089451,0.0053584289094487,-3.6832559688828,7.216726653905,0
2732,-0.071677742152808,-0.019401201203027,-3.6811773579033,4.1558564321988,0
2769,-0.057029255203425,-0.018855627212499,-3.6811669743592,1.7084575912273,0
4142,-0.039781869629051,-0.0086792618717007,-3.6808307299623,5.9011986511032,0
4057,-0.052899178859651,-0.012800780523079,-3.6806968567417,5.4069638721264,0
2751,-0.071249340878005,-0.021701300825426,-3.6786667633501,2.9965622443667,0
5484,0.13521827360499,0.048219489326514,-3.6704182366682,9.5431762215717,0
2770,-0.058493744336556,-0.019412707578677,-3.6699358584423,1.8372680565412,0
4401,0.035357299868217,0.015725537167119,-3.669742876153,8.0457159501787,0
2733,-0.070741918012969,-0.019115998495041,-3.6692550963915,4.2846668975135,0
2752,-0.071983589121535,-0.021886327591805,-3.6670900746358,3.1253727096814,0
3888,-0.067070714464401,-0.017937854957285,-3.6657882730606,4.6433634340789,0
4445,0.055795560364598,0.022532243209665,-3.664972334594,8.5302065238916,0
3930,-0.064955963410419,-0.016923947159912,-3.6633953070211,4.7971080053081,0
4357,0.016406554303277,0.0091983166033696,-3.66187930972,7.5747499764326,0
4099,-0.048016817772038,-0.011742033980143,-3.6600347781368,5.6048093618039,0
2771,-0.059994112041415,-0.019963284485834,-3.6587047425255,1.966078521855,0
2734,-0.069648549471263,-0.018826303071721,-3.6573328348797,4.4134773628281,0
3972,-0.062307954817623,-0.016181496618737,-3.6571569515895,4.961854380123,0
2753,-0.072558676523289,-0.022024362426487,-3.6555133859214,3.2541831749961,0
4227,-0.02403921276385,-0.0042440750186163,-3.6548680562169,6.4402660250491,0
4270,-0.013338290752896,-0.00078717627956374,-3.6527114387973,6.7733832307804,0
5489,0.081834798787971,0.030377884877833,-3.6522835372942,9.0055338536144,0
4184,-0.033749560987567,-0.0075041156386918,-3.6486165438954,6.1195573913053,0
2772,-0.061498342790875,-0.020502399681076,-3.6474736266087,2.0948889871687,0
4014,-0.059022524289119,-0.015405620490783,-3.6467690649943,5.1371975003358,0
2735,-0.068424071515949,-0.018639209754565,-3.6454105733679,4.5422878281427,0
2754,-0.072964495904996,-0.022114402456589,-3.6439366972071,3.3829936403108,0
4313,-0.0011835667015724,0.0030299469440924,-3.6417948591396,7.1182348202023,0
2773,-0.062983897564981,-0.021022259992154,-3.6362425106919,2.2236994524824,0
4141,-0.042585791140226,-0.010625068797964,-3.6343252805486,5.811922403496,0
5483,0.12783658056602,0.044242830350801,-3.6330541189218,9.4504036896296,0
2755,-0.073193023854242,-0.022155978330192,-3.6323600084927,3.5118041056254,0
4056,-0.055083202163492,-0.014551365264656,-3.6319376391738,5.3227248393552,0
4400,0.030538174679768,0.013273691280123,-3.6310506704264,7.9430585504953,0
233,-0.9628813560648,0.008477160134904,-3.6277707853825,0.18750000600041,0
1042,-0.29671736540524,2.0563466430044e-06,-3.6277707853825,0.81250002600025,0
1043,-0.20333532123751,-0.0054731315445832,-3.6277707853825,0.93750003000009,0
232,-1.070497041111,0.0041350259187199,-3.6277707853825,0.06250000200012,0
234,-0.8274124210693,0.011200142439139,-3.6277707853825,0.31250001000044,0
235,-0.68322249447343,0.011217934960467,-3.6277707853825,0.43750001400015,0
1040,-0.54200431657368,0.0090218909843838,-3.6277707853825,0.56250001800007,0
1041,-0.41147936676834,0.0051180222714925,-3.6277707853825,0.68750002200023,0
4444,0.050675968308673,0.020036876174086,-3.6277214109014,8.425579498209,0
2774,-0.064429453957452,-0.021516579541196,-3.625011394775,2.3525099177962,0
2792,-0.13313119994139,-0.010505791578461,-3.6223280138227,1.0644052646571,0
4356,0.0120189708229,0.0068532611468006,-3.6217832406618,7.4741378775972,0
2756,-0.073238379618225,-0.022149134942232,-3.6207833197784,3.6406145709401,0
2775,-0.065814415197726,-0.02198004174113,-3.6137802788582,2.4813203831099,0
5488,0.074110359468645,0.027208423289636,-3.6131058484133,8.9135144600199,0
4098,-0.050511018103369,-0.013605429886514,-3.6123789714862,5.5180166399775,0
3929,-0.066035573320207,-0.018339049726503,-3.611620445981,4.7209420275049,0
2793,-0.086392673306948,-0.014617572908111,-3.6114424707033,1.1932157299713,0
4226,-0.0273439220717,-0.0063253795674646,-3.6107988808767,6.3462366422673,0
4269,-0.017004494569501,-0.002986273971723,-3.6099255014679,6.6770858898917,0
2757,-0.073096856372104,-0.022094422208446,-3.609206631064,3.7694250362547,0
3971,-0.063719470165263,-0.017773660777347,-3.6063369326206,4.8829296424956,0
4183,-0.036742625057667,-0.0094950505069919,-3.6033070821606,6.0278686440018,0
2776,-0.067119028012966,-0.022408118183128,-3.6025491629414,2.6101308484236,0
2794,-0.061543239028058,-0.017300911702678,-3.6005569275839,1.3220261952853,0
4312,-0.0053457688000037,0.00063417666357625,-3.6003337493966,7.0197429864998,0
5477,0.026310350972059,0.0074902508244313,-3.5978537636322,9.8978539790643,0
2758,-0.072767041649101,-0.021993311959968,-3.5976299423497,3.8982355015694,0
4013,-0.060748970804045,-0.017056860790183,-3.5969546823856,5.055581432715,0
5482,0.11643517376695,0.03943065078568,-3.5956900011754,9.3576311576876,0
4399,0.025802367218113,0.010834150597819,-3.5923584646997,7.8404011508119,0
2777,-0.068324592092873,-0.02279696126279,-3.5913180470245,2.7389413137376,0
4443,0.045604664591557,0.017528543861574,-3.5904704872089,8.3209524725265,0
2795,-0.053621850908277,-0.018598886423733,-3.5896713844644,1.4508366605993,0
4140,-0.04537322874687,-0.012582355955695,-3.587819831135,5.7226461558889,0
2759,-0.072249996872176,-0.021848621461201,-3.5860532536353,4.0270459668842,0
4055,-0.0571203856139,-0.016265591923486,-3.5831784216058,5.238485806584,0
4355,0.0077063296980502,0.0045213871035179,-3.5816871716036,7.3735257787618,0
2778,-0.069413679626472,-0.023143336785031,-3.5800869311077,2.867751779052,0
2796,-0.053909630136483,-0.019212185623967,-3.578785841345,1.5796471259133,0
4487,0.067431916870344,0.0244223371688,-3.5756301840223,8.8142446169422,0
2760,-0.071548600405851,-0.021660761859956,-3.5744765649209,4.1558564321988,0
2779,-0.070370345650061,-0.023444584841805,-3.5688558151907,2.9965622443667,0
2797,-0.055307146741998,-0.01984086503248,-3.5679002982256,1.7084575912273,0
4268,-0.020494935805425,-0.0051259742596783,-3.5671395641384,6.5807885490033,0
4225,-0.030497461950423,-0.0083559427497594,-3.5667297055366,6.2522072594855,0
4097,-0.05284057944073,-0.015395784711909,-3.5647231648357,5.4312239181512,0
2761,-0.07066745868054,-0.021426853875852,-3.5628998762066,4.2846668975135,0
5476,0.096033235287078,0.034679718887552,-3.5623176520908,9.804363965574,0
3928,-0.067098604150319,-0.020364123878743,-3.5598455849408,4.6447760497016,0
4311,-0.0093157352809748,-0.0016642148725039,-3.5588726396537,6.9212511527975,0
5481,0.10441485883095,0.034754497218343,-3.5583258834292,9.264858625746,0
4182,-0.039702785148439,-0.011487680786415,-3.5579976204258,5.9361798966983,0
2780,-0.071180318053271,-0.02369859608344,-3.5576246992738,3.1253727096815,0
2798,-0.056838002404891,-0.020483828420591,-3.5570147551062,1.8372680565412,0
3970,-0.064977309572199,-0.019382412699356,-3.5555169136516,4.8040049048683,0
4398,0.021167923622673,0.0084092582013209,-3.5536662589731,7.7377437511284,0
4442,0.040588909556949,0.015020256047348,-3.5532195635163,8.2163254468439,0
2762,-0.069621424401156,-0.021186950456581,-3.5513231874923,4.4134773628281,0
4012,-0.062310688603397,-0.018685409115247,-3.547140299777,4.9739653650941,0
2781,-0.07183115894588,-0.023903797254316,-3.5463935833569,3.2541831749962,0
2799,-0.05840456607232,-0.021118513369037,-3.5461292119868,1.966078521855,0
4354,0.003419345052078,0.0021878446164113,-3.5415911025454,7.2729136799262,0
4139,-0.047955188833942,-0.014438560580398,-3.5413143817213,5.6333699082819,0
4486,0.061532330486156,0.02181504544149,-3.5398565441212,8.7077243243814,0
2763,-0.068429929429636,-0.021011468070556,-3.5397464987779,4.5422878281427,0
2800,-0.059976511131185,-0.021739641913107,-3.5352436688673,2.0948889871687,0
2782,-0.072312393091894,-0.024059146476952,-3.53516246744,3.3829936403108,0
4054,-0.059000946477233,-0.01795434206302,-3.5344192040379,5.1542467738128,0
5475,0.12385469635388,0.042222343782544,-3.5267815405494,9.7108739520838,0
2801,-0.061531435262654,-0.022339772503344,-3.5243581257479,2.2236994524824,0
4267,-0.023848726365811,-0.0072157295431891,-3.5243536268091,6.4844912081153,0
2783,-0.072615600876595,-0.024164132732582,-3.5239313515231,3.5118041056254,0
4224,-0.033631135156259,-0.010389642983298,-3.5226605301964,6.1581778767034,0
5480,0.093193856584744,0.030574147561596,-3.5209617656832,9.1720860938048,0
4310,-0.013106729337379,-0.003899614918405,-3.5174115299108,6.8227593190949,0
4096,-0.055029970894171,-0.017149741944582,-3.5170673581852,5.3444311963248,0
4441,0.035651132436047,0.012523887573168,-3.5159686398236,8.111698421161,0
4397,0.01664668939248,0.0060020746236352,-3.5149740532464,7.6350863514451,0
2802,-0.063048012552335,-0.022912802843824,-3.5134725826286,2.3525099177962,0
2784,-0.07273446815884,-0.024218748376144,-3.5127002356062,3.6406145709401,0
4181,-0.042528308534309,-0.013425277737734,-3.5126881586911,5.8444911493949,0
237,-0.97144290999579,0.0087968986928325,-3.5126034588628,0.18750000600041,0
238,-0.83255747130611,0.011581524836653,-3.5126034588628,0.31250001000044,0
1046,-0.29166244910353,-0.00034951948482756,-3.5126034588628,0.81250002600023,0
1047,-0.19777905413635,-0.0060553131515197,-3.5126034588628,0.93750003000009,0
236,-1.0819400510355,0.0043079977363637,-3.5126034588628,0.06250000200012,0
239,-0.68502020822269,0.011529444116454,-3.5126034588628,0.43750001400015,0
1044,-0.5408761942678,0.0091633808625396,-3.5126034588628,0.56250001800007,0
1045,-0.40804010151707,0.0050264738318565,-3.5126034588628,0.68750002200021,0
2820,-0.12785502508537,-0.011247852670704,-3.5073334737018,1.0644052646571,0
3969,-0.066033807765458,-0.020802740603332,-3.5046968946828,4.725080167241,0
4485,0.056145465884664,0.019272492059063,-3.5040829042201,8.6012040318205,0
2803,-0.064505580943517,-0.02345350895043,-3.5025870395092,2.4813203831099,0
4353,-0.00091375231887512,-0.00029314542924276,-3.5014950334871,7.1723015810906,0
2785,-0.072664809490356,-0.024223504662025,-3.5014691196893,3.7694250362547,0
4011,-0.063703306651607,-0.020284114695663,-3.4973259171683,4.8923492974732,0
2821,-0.081992356455311,-0.015440490084262,-3.4967935033798,1.1932157299713,0
4138,-0.050420601850365,-0.016265660913633,-3.4948089323076,5.5440936606748,0
2804,-0.065884266704354,-0.023957393559856,-3.4917014963898,2.6101308484237,0
5474,0.13292042782488,0.042817818445743,-3.4912454290079,9.6173839385934,0
2786,-0.072404665451052,-0.024179829015235,-3.4902380037724,3.8982355015695,0
2822,-0.058315164159605,-0.018137858647785,-3.4862535330578,1.3220261952853,0
4053,-0.060715258750911,-0.019616003489943,-3.48565998647,5.0700077410416,0
5479,0.083432097968841,0.026968017911427,-3.4835976479373,9.0793135618637,0
4266,-0.027209677750177,-0.0093125183185677,-3.4815676894801,6.3881938672276,0
2805,-0.067165194010891,-0.024420596710799,-3.4808159532703,2.7389413137376,0
2787,-0.071954367682148,-0.024090094559871,-3.4790068878554,4.0270459668842,0
4440,0.030802077797981,0.010042086797651,-3.4787177161309,8.0070713954781,0
4223,-0.036648166997144,-0.012373119091192,-3.478591354856,6.0641484939213,0
4396,0.01222101036907,0.0036019948834054,-3.4762818475198,7.5324289517617,0
4309,-0.016833172922081,-0.0061086277941247,-3.4759504201678,6.7242674853923,0
2823,-0.051402968042615,-0.019452934625831,-3.4757135627358,1.4508366605993,0
2806,-0.068330707198549,-0.024839842070657,-3.4699304101509,2.867751779052,0
4095,-0.057064097426301,-0.01887697274312,-3.4694115515346,5.2576384744983,0
4484,0.050959372867,0.016748555101439,-3.468309264319,8.4946837392597,0
2788,-0.071315870544906,-0.023954064527629,-3.4677757719385,4.1558564321988,0
4180,-0.045238668379273,-0.015314759804333,-3.4673786969564,5.7528024020917,0
2824,-0.05196570833681,-0.020133755161519,-3.4651735924138,1.5796471259133,0
4352,-0.0051849456667308,-0.0026770515079119,-3.4613989644288,7.0716894822553,0
2807,-0.06936458664018,-0.025212408325051,-3.4590448670314,2.9965622443667,0
2789,-0.070493120509491,-0.023770956018177,-3.4565446560216,4.2846668975135,0
5473,0.12789104210315,0.039350452728201,-3.4557093174664,9.523893925103,0
2825,-0.053442147442269,-0.020853900734276,-3.4546336220918,1.7084575912273,0
3968,-0.067049380139507,-0.02282286351315,-3.4538768757138,4.6461554296137,0
4137,-0.052756104630242,-0.018061927412881,-3.448303482894,5.4548174130677,0
2808,-0.070252245824783,-0.025536113541035,-3.4481593239119,3.1253727096815,0
4010,-0.064932963180635,-0.021888735214584,-3.4475115345595,4.8107332298522,0
5478,0.075335372878611,0.023828740427712,-3.4462335301911,8.9865410299222,0
2790,-0.069499231727849,-0.023578931042926,-3.4453135401047,4.4134773628281,0
2826,-0.055040902100023,-0.021580616373569,-3.4440936517698,1.8372680565412,0
4439,0.026042959404973,0.007573142043427,-3.4414667924382,7.9024443697951,0
4265,-0.030374173618387,-0.011317508156016,-3.438781752151,6.2918965263398,0
4395,0.0078664220339712,0.0012024694308801,-3.4375896417933,7.4297715520784,0
2809,-0.070980899963875,-0.025809306889876,-3.4372737807924,3.2541831749962,0
4052,-0.062257794552363,-0.021249861857588,-3.4369007689021,4.9857687082705,0
4222,-0.039556388266794,-0.014313442426737,-3.4345221795156,5.9701191111391,0
4308,-0.020346885131595,-0.0082178597190507,-3.4344893104248,6.6257756516899,0
2791,-0.06834869296159,-0.023419137240229,-3.4340824241878,4.5422878281427,0
2827,-0.05667515421942,-0.022297413797879,-3.4335536814479,1.9660785218549,0
4483,0.045854245575553,0.014217691616235,-3.432535624418,8.3881634466992,0
2810,-0.071539700078797,-0.026030866968456,-3.4263882376729,3.3829936403108,0
2828,-0.058316141306966,-0.022998928871485,-3.4230137111259,2.0948889871687,0
4179,-0.047835583454901,-0.017170718653276,-3.4220692352217,5.6611136547884,0
4094,-0.058932748686824,-0.020575351600541,-3.421755744884,5.1708457526719,0
4351,-0.0091632265977797,-0.0049292384691723,-3.4213028953707,6.9710773834201,0
5472,0.11767111715885,0.034987976265043,-3.420173205925,9.4304039116126,0
2811,-0.071919827270272,-0.026200196544861,-3.4155026945534,3.5118041056254,0
2829,-0.05994168568487,-0.023678042722855,-3.4124737408039,2.2236994524824,0
5467,0.021909587213235,0.0052557541555109,-3.4117993342273,9.9707427055951,0
4527,0.068207730088767,0.02103591825851,-3.4104205794232,8.8859864926618,0
2812,-0.072114539566802,-0.026317190107786,-3.404617151434,3.6406145709401,0
4438,0.021385091373584,0.0051203286208099,-3.4042158687455,7.7978173441122,0
2830,-0.06153052515704,-0.0243288403512,-3.401933770482,2.3525099177962,0
4136,-0.054941271049094,-0.019829298759624,-3.4017980334803,5.3655411654607,0
4394,0.0035478762393489,-0.0011951057808283,-3.3988974360666,7.327114152395,0
4009,-0.065957858489987,-0.023308907756572,-3.3976971519509,4.7291171622314,0
240,-1.093829172814,0.0044914444874145,-3.3974361323428,0.06250000200012,0
241,-0.98030258069489,0.0091357813005661,-3.3974361323428,0.18750000600041,0
242,-0.83782726612398,0.011984605486689,-3.3974361323428,0.31250001000044,0
243,-0.6867800518732,0.011855773713996,-3.3974361323428,0.43750001400015,0
1048,-0.53958128047826,0.0093054462560371,-3.3974361323428,0.56250001800006,0
1049,-0.40435080090633,0.0049166212624667,-3.3974361323428,0.68750002200019,0
1050,-0.28632147445219,-0.00073554788943609,-3.3974361323428,0.81250002600021,0
1051,-0.19197213528394,-0.0066799412895331,-3.3974361323428,0.93750003000008,0
4482,0.040813690184681,0.011688811247399,-3.396761984517,8.2816431541384,0
4264,-0.033456353669432,-0.013298850763021,-3.3959958148219,6.1955991854517,0
2813,-0.072119194449994,-0.026382272571999,-3.3937316083145,3.7694250362548,0
4307,-0.023705524720974,-0.010276511028959,-3.393028200682,6.5272838179879,0
2848,-0.12239047689708,-0.012032926633122,-3.3923389335805,1.0644052646571,0
2831,-0.063061983476133,-0.024946184450781,-3.39139380016,2.4813203831099,0
4221,-0.042374987715614,-0.016227544369143,-3.3904530041753,5.876089728357,0
4051,-0.063624013403286,-0.022849001348021,-3.3881415513342,4.9015296754992,0
5471,0.10621790894036,0.030644445705193,-3.3846370943836,9.3369138981227,0
2814,-0.071931328077179,-0.026396750847079,-3.382846065195,3.8982355015695,0
2849,-0.077470412850777,-0.016300180476555,-3.382144536056,1.1932157299713,0
4350,-0.012943100785178,-0.0071159099865506,-3.3812068263125,6.8704652845847,0
2832,-0.064516103140786,-0.025525593202619,-3.380853829838,2.6101308484237,0
5466,0.089616549722226,0.02949190202618,-3.3781049644538,9.8765711432573,0
4178,-0.050308159377449,-0.019007312126672,-3.376759773487,5.569424907485,0
4526,0.062001759075401,0.018401763934002,-3.3761587956337,8.7776499500828,0
4093,-0.060628052961761,-0.022242104278012,-3.3740999382334,5.0840530308455,0
2815,-0.071550633558322,-0.026362505865861,-3.3719605220755,4.0270459668842,0
2850,-0.055007547185464,-0.019004437433837,-3.3719501385314,1.3220261952853,0
2833,-0.065873857937392,-0.026063170874629,-3.3703138595161,2.7389413137376,0
4437,0.016835715227011,0.0026833466648598,-3.3669649450529,7.6931903184294,0
2851,-0.049079223791294,-0.020336509403513,-3.3617557410069,1.4508366605993,0
2816,-0.070978329407748,-0.026278824997218,-3.361074978956,4.1558564321988,0
4481,0.035851875927416,0.0091709018828553,-3.3609883446158,8.1751228615774,0
4393,-0.00071944406041513,-0.0036488608267025,-3.3602052303399,7.2244567527115,0
2834,-0.06711738011679,-0.026555569616855,-3.359773889194,2.867751779052,0
4135,-0.056963603956448,-0.021566213090905,-3.3552925840666,5.2762649178535,0
4263,-0.036461986193073,-0.015255575485673,-3.3532098774926,6.0993018445636,0
4306,-0.026977063389641,-0.012297659253127,-3.3515670909394,6.4287919842862,0
2852,-0.049879148654935,-0.021085389677562,-3.3515613434824,1.5796471259133,0
2817,-0.070217864613537,-0.026146819897838,-3.3501894358365,4.2846668975135,0
2835,-0.06823018360166,-0.026999973018639,-3.349233918872,2.9965622443668,0
5470,0.095136309116287,0.026695493213983,-3.3491009828425,9.2434238846332,0
4008,-0.066919236845973,-0.025315516183615,-3.3478827693422,4.6475010946105,0
4220,-0.045096388796033,-0.018123041521012,-3.346383828835,5.7820603455751,0
5465,0.11811115377068,0.036267658652118,-3.3444105946804,9.7823995809196,0
4525,0.056432050710394,0.015840558668733,-3.3418970118442,8.6693134075036,0
2853,-0.051434662603627,-0.021892674021521,-3.3413669459578,1.7084575912273,0
4349,-0.016581188905798,-0.0092386819239564,-3.3411107572543,6.7698531857491,0
4050,-0.064818072286974,-0.024443865122918,-3.3393823337662,4.817290642728,0
2818,-0.069280879033908,-0.026002183542744,-3.3393038927171,4.4134773628281,0
2836,-0.069197369973995,-0.027394089915081,-3.3386939485499,3.1253727096815,0
4177,-0.052638356290535,-0.020816000016953,-3.3314503117524,5.4777361601818,0
2854,-0.053102740623798,-0.022700241402167,-3.3311725484333,1.8372680565412,0
4436,0.012384798891791,0.00025501341723806,-3.3297140213602,7.5885632927466,0
2819,-0.068178218354185,-0.025862481670071,-3.3284183495976,4.5422878281427,0
2837,-0.070005806460944,-0.027736153171925,-3.3281539782279,3.2541831749962,0
4092,-0.062144360359584,-0.023875431600515,-3.3264441315829,4.9972603090191,0
4480,0.030979313029584,0.0066662679318474,-3.3252147047147,8.0686025690164,0
4392,-0.0048835062891883,-0.0059385901864525,-3.3215130246133,7.1217993530283,0
2855,-0.054806016404746,-0.023496532736439,-3.3209781509088,1.9660785218549,0
2838,-0.070644268252732,-0.028024921127727,-3.3176140079058,3.3829936403108,0
5469,0.08520494903322,0.023235291000054,-3.3135648713014,9.1499338711437,0
2856,-0.056517179334475,-0.024276278613869,-3.3107837533843,2.0948889871687,0
5464,0.12951032040187,0.037053511313127,-3.3107162249068,9.6882280185817,0
4262,-0.039386043492208,-0.017197901064461,-3.3104239401633,6.0030045036755,0
4305,-0.030158672460961,-0.014286564636113,-3.3101059811968,6.3303001505844,0
4134,-0.058813452229869,-0.02326935797224,-3.3087871346529,5.1869886702464,0
4524,0.051154273399213,0.01329978194709,-3.3076352280548,8.5609768649247,0
2839,-0.07110353763838,-0.028259668294728,-3.3070740375838,3.5118041056255,0
4219,-0.047697419479709,-0.019995605061758,-3.3023146534947,5.6880309627931,0
4348,-0.020085559484166,-0.011304184844394,-3.3010146881961,6.6692410869138,0
2857,-0.058214368807865,-0.025032656236154,-3.3005893558598,2.2236994524824,0
2840,-0.071376453371872,-0.028440152180657,-3.2965340672618,3.6406145709401,0
4435,0.0080143829229003,-0.0021622335794134,-3.2924630976677,7.4839362670637,0
4049,-0.065803556905484,-0.025858202687579,-3.2906231161983,4.7330516099568,0
2858,-0.05987646505412,-0.025759927375629,-3.2903949583353,2.3525099177962,0
4479,0.026199420403713,0.0041755570830337,-3.2894410648135,7.9620822764554,0
4176,-0.054811242245587,-0.022592937048595,-3.2861408500177,5.3860474128785,0
2841,-0.071457937756211,-0.028566673046679,-3.2859940969397,3.7694250362548,0
4391,-0.0088691821765207,-0.0081461144221847,-3.2828208188867,7.0191419533452,0
244,-1.1061910203086,0.0046858255359498,-3.282268805823,0.06250000200012,0
245,-0.98947765627758,0.0094950035401052,-3.282268805823,0.18750000600041,0
246,-0.84322694177828,0.012410776979631,-3.282268805823,0.31250001000044,0
247,-0.68849516237192,0.012197720693519,-3.282268805823,0.43750001400015,0
1052,-0.53810341848715,0.00944743542684,-3.282268805823,0.56250001800005,0
1053,-0.40039145724668,0.0047848289445295,-3.282268805823,0.68750002200016,0
1054,-0.28067794735186,-0.0011609110827509,-3.282268805823,0.81250002600018,0
1055,-0.18590583433641,-0.0073506215497839,-3.282268805823,0.93750003000007,0
2859,-0.061482840325253,-0.026453026745021,-3.2802005608107,2.4813203831099,0
4091,-0.063476849255507,-0.025468853621151,-3.2787883249322,4.9104675871926,0
5468,0.076750409369609,0.02016713513924,-3.2780287597601,9.0564438576539,0
2876,-0.11673569046525,-0.012863575179608,-3.2773443934594,1.0644052646571,0
5463,0.127276494739,0.034068506402943,-3.2770218551332,9.5940564562437,0
2842,-0.071345060772011,-0.028640361729147,-3.2754541266177,3.8982355015695,0
4523,0.046006378749822,0.010754244197447,-3.2733734442653,8.452640322346,0
2860,-0.063013500945509,-0.027107465982899,-3.2700061632862,2.6101308484237,0
4304,-0.033259967184951,-0.016266775610067,-3.2686448714541,6.2318083168824,0
4261,-0.042214880062364,-0.019125361128464,-3.2676380028341,5.9067071627875,0
2877,-0.072829645366349,-0.017198002646082,-3.2674955687323,1.1932157299713,0
2843,-0.07103695317634,-0.028662596467942,-3.2649141562956,4.0270459668842,0
4133,-0.060482830710332,-0.024935606270098,-3.2622816852392,5.0977124226393,0
4347,-0.023469762113427,-0.013341444448787,-3.260918619138,6.568628988079,0
2861,-0.064449304718588,-0.027719285357808,-3.2598117657617,2.7389413137376,0
4218,-0.050164334945899,-0.021843450876366,-3.2582454781545,5.5940015800111,0
2878,-0.051623269622126,-0.019901255492366,-3.2576467440052,1.3220261952853,0
4434,0.0037011474121035,-0.0045479064076337,-3.255212173975,7.3793092413808,0
2844,-0.070534237318376,-0.028632349555646,-3.2543741859736,4.1558564321988,0
4478,0.021520163689857,0.0017023261201839,-3.2536674249124,7.8555619838943,0
2862,-0.065772195034363,-0.028285032236257,-3.2496173682371,2.8677517790521,0
2879,-0.046645435835418,-0.021248400114709,-3.2477979192782,1.4508366605993,0
4390,-0.012676270693054,-0.010302994636999,-3.2441286131602,6.9164845536619,0
4567,0.069118212104575,0.017401162463423,-3.2439023055839,8.9546612785325,0
2845,-0.069839959879791,-0.028552427042,-3.2438342156515,4.2846668975135,0
5462,0.1185944223121,0.030122290537486,-3.2433274853597,9.4998848939059,0
4048,-0.066704463802359,-0.02784229174041,-3.2418638986304,4.6488125771856,0
4175,-0.056814803322093,-0.024334587221938,-3.240831388283,5.2943586655752,0
2863,-0.0669654333562,-0.028801758146812,-3.2394229707125,2.9965622443668,0
4522,0.040941549503647,0.0082101346635014,-3.2391116604758,8.3443037797669,0
2880,-0.047651097123779,-0.022065523239149,-3.2379490945511,1.5796471259133,0
2846,-0.068964464722286,-0.028455719756863,-3.2332942453295,4.4134773628281,0
4090,-0.064628159365356,-0.027048004524479,-3.2311325182816,4.8236748653661,0
2864,-0.068013816222617,-0.029267023341378,-3.2292285731879,3.1253727096815,0
2881,-0.049285951668557,-0.022954664450559,-3.228100269824,1.7084575912273,0
4303,-0.036278354489831,-0.018235299209698,-3.2271837617112,6.1333164831803,0
4260,-0.044935002225249,-0.021034146947812,-3.224852065505,5.8104098218996,0
5457,0.016889391940175,0.0029993773678037,-3.2244125561131,10.040134432974,0
2847,-0.067915848555419,-0.028340639839722,-3.2227542750074,4.5422878281427,0
4346,-0.026757464574108,-0.015359694914662,-3.2208225500801,6.4680168892444,0
2865,-0.068903865007398,-0.029678903686048,-3.2190341756634,3.2541831749962,0
2882,-0.051024616193183,-0.023839347601861,-3.2182514450969,1.8372680565412,0
4433,-0.00053949897309116,-0.0069532372325889,-3.2179612502823,7.2746822156979,0
4477,0.016947603313666,-0.00075268274032939,-3.2178937850113,7.7490416913334,0
4132,-0.061965746230898,-0.026562408351674,-3.2157762358256,5.0084361750322,0
4217,-0.052481940426083,-0.023660701652931,-3.2141763028142,5.4999721972292,0
4566,0.062524548766257,0.01477508685452,-3.2111855087728,8.8445861337795,0
5461,0.10794396937971,0.026111903003246,-3.2096331155863,9.4057133315685,0
2866,-0.069623979225686,-0.030035995831493,-3.2088397781388,3.3829936403108,0
2883,-0.052798019676406,-0.024711829660758,-3.2084026203698,1.9660785218549,0
4389,-0.016331010027999,-0.012412363569202,-3.2054364074335,6.8138271539785,0
4521,0.035959733394878,0.0056757412027907,-3.2048498766863,8.2359672371877,0
2867,-0.070164544100972,-0.030337405565621,-3.1986453806142,3.5118041056255,0
2884,-0.054580223797049,-0.025567060453578,-3.1985537956428,2.0948889871686,0
4174,-0.058638832936976,-0.026037124579488,-3.1955219265482,5.2026699182718,0
5456,0.082261228510548,0.024262794320962,-3.1925729589038,9.9453175166955,0
2885,-0.056349784903468,-0.026398493341077,-3.1887049709157,2.2236994524824,0
2868,-0.070517987231683,-0.030582718272539,-3.1884509830896,3.6406145709401,0
4302,-0.039206711768197,-0.020190887045308,-3.1857226519684,6.0348246494782,0
4089,-0.065566841279193,-0.02845031377772,-3.1834767116311,4.7368821435397,0
4476,0.01247842997067,-0.0031906837296932,-3.1821201451102,7.6425213987725,0
4259,-0.047530052945385,-0.022919278765137,-3.1820661281758,5.7141124810116,0
4345,-0.029952194355587,-0.01735996048112,-3.1807264810223,6.3674047904097,0
4432,-0.0046701901678964,-0.0092320052379231,-3.1807103265896,7.1700551900152,0
2886,-0.058085816377493,-0.02720054685189,-3.1788561461886,2.3525099177962,0
4565,0.056704715588656,0.012220621460637,-3.1784687119617,8.7345109890264,0
2869,-0.070678813781679,-0.030772076712305,-3.178256585565,3.7694250362548,0
5460,0.097167124916127,0.022411122910257,-3.1759387458131,9.3115417692315,0
4520,0.031068358257815,0.0031545983386117,-3.1705880928967,8.1276306946085,0
4216,-0.054635878192552,-0.025442235503324,-3.170107127474,5.4059428144472,0
4131,-0.06325723433966,-0.028143656768694,-3.1692707864118,4.919159927425,0
2887,-0.059767813174494,-0.027968205304613,-3.1690073214616,2.4813203831099,0
2870,-0.070643657515783,-0.030906393198155,-3.1680621880404,3.8982355015695,0
248,-1.1190536494532,0.0048914960158611,-3.1671014793033,0.06250000200012,0
249,-0.99898658719958,0.0098757647184257,-3.1671014793033,0.18750000600041,0
251,-0.69015776329218,0.012556121831725,-3.1671014793033,0.43750001400015,0
1059,-0.17957206228521,-0.0080709893822468,-3.1671014793033,0.93750003000007,0
250,-0.84876191279014,0.012861475903918,-3.1671014793033,0.31250001000044,0
1056,-0.53642412487835,0.0095886972855176,-3.1671014793033,0.56250001800004,0
1057,-0.39613906982324,0.0046266366486357,-3.1671014793033,0.68750002200014,0
1058,-0.2747151650823,-0.0016314205208237,-3.1671014793033,0.81250002600016,0
4388,-0.019847886766648,-0.014479670342274,-3.1667442017069,6.7111697542953,0
2904,-0.11088960716413,-0.013742374572681,-3.1623498533385,1.0644052646571,0
5455,0.11137666152759,0.030242692267157,-3.1607333616945,9.8505006004167,0
2888,-0.061375803613261,-0.028696945432022,-3.1591584967345,2.6101308484237,0
2871,-0.070411145905424,-0.030986553017613,-3.1578677905158,4.0270459668842,0
2905,-0.068073843138443,-0.018135414727975,-3.1528466014088,1.1932157299713,0
4173,-0.06027505226609,-0.027696904020213,-3.1502124648135,5.1109811709685,0
2889,-0.06289057296669,-0.029382709824122,-3.1493096720074,2.7389413137377,0
2872,-0.069981404802951,-0.031011348493395,-3.1476733929912,4.1558564321988,0
4475,0.0081024920161543,-0.0056027908632192,-3.1463465052092,7.5360011062115,0
4564,0.051291148967738,0.0096822379380087,-3.1457519151507,8.6244358442735,0
4301,-0.042034438620657,-0.022131155037965,-3.1442615422257,5.9363328157762,0
4431,-0.0086403553212729,-0.011440661348976,-3.1434594028971,7.0654281643326,0
2906,-0.04816619925571,-0.020828969959712,-3.1433433494792,1.3220261952853,0
5459,0.087175766993888,0.019127172389274,-3.1422443760399,9.2173702068945,0
4344,-0.033060402410233,-0.019349433735647,-3.1406304119643,6.2667926915748,0
2890,-0.064293906291681,-0.030021903105685,-3.1394608472803,2.8677517790521,0
4258,-0.049984688543125,-0.024775803194858,-3.1392801908466,5.6178151401237,0
2873,-0.069357130867532,-0.030985073752032,-3.1374789954666,4.2846668975135,0
4519,0.026272306089869,0.00064901620878116,-3.1363263091072,8.0192941520292,0
4088,-0.066401271203988,-0.030402399495155,-3.1358209049805,4.6500894217132,0
2907,-0.044097395359576,-0.022187237311937,-3.1338400975495,1.4508366605993,0
2891,-0.065568832189811,-0.030611403709056,-3.1296120225531,2.9965622443668,0
5454,0.1248767025482,0.031005803202204,-3.1288937644852,9.7556836841378,0
4387,-0.023243671869079,-0.01651870743682,-3.1280519959805,6.6085123546125,0
2874,-0.068547506919074,-0.030937639191135,-3.1272845979421,4.4134773628281,0
4215,-0.056613536888654,-0.027183298147388,-3.1260379521336,5.3119134316652,0
2908,-0.045283621584817,-0.023072111275861,-3.1243368456199,1.5796471259133,0
4130,-0.064358789692014,-0.029700623818844,-3.1227653369981,4.8298836798178,0
2892,-0.066699853054769,-0.031148580482313,-3.119763197826,3.1253727096816,0
2875,-0.067558529413255,-0.030851808032354,-3.1170902004175,4.5422878281427,0
2909,-0.046998217432787,-0.0240368299169,-3.1148335936902,1.7084575912273,0
4563,0.046077789148907,0.0071358150622278,-3.1130351183397,8.5143606995208,0
4474,0.0038002186358184,-0.0079705151183904,-3.1105728653081,7.4294808136505,0
2893,-0.067673149109327,-0.031631308833847,-3.1099143730989,3.2541831749962,0
5458,0.078413926848161,0.016168978585614,-3.1085500062666,9.1231986445572,0
4430,-0.012444329965177,-0.013593714668914,-3.1062084792045,6.9608011386498,0
2910,-0.048808520606691,-0.024993968638566,-3.1053303417606,1.8372680565412,0
4172,-0.061717254764275,-0.029310722345671,-3.1049030030789,5.0192924236652,0
4300,-0.044747774516757,-0.024051465300885,-3.102800432483,5.8378409820743,0
4518,0.021578519624746,-0.0018372586383267,-3.1020645253177,7.9109576094499,0
4343,-0.036081597361264,-0.021329095732231,-3.1005343429062,6.1661805927398,0
2894,-0.068476745505347,-0.032057980613404,-3.1000655483717,3.3829936403108,0
5453,0.12569496406745,0.028453798518898,-3.0970541672757,9.6608667678589,0
4257,-0.052283282331252,-0.026597664662071,-3.0964942535175,5.5215177992358,0
2911,-0.050652852506051,-0.025938575902916,-3.095827089831,1.9660785218549,0
2895,-0.069100631773924,-0.032427492410699,-3.0902167236446,3.5118041056255,0
4386,-0.026536705115478,-0.018539876436337,-3.0893597902542,6.5058549549301,0
2912,-0.052506616570861,-0.026865886738787,-3.0863238379013,2.0948889871686,0
4214,-0.058404336900909,-0.028879312569468,-3.0819687767933,5.2178840488832,0
2896,-0.069536829896731,-0.032739223595636,-3.0803678989174,3.6406145709401,0
4562,0.040980980471964,0.0045865612252642,-3.0803183215286,8.4042855547679,0
2913,-0.054348898457174,-0.027769616187645,-3.0768205859717,2.2236994524824,0
4129,-0.065243540601526,-0.031084044759606,-3.0762598875844,4.7406074322107,0
4607,0.070250782533776,0.013469234994023,-3.0761327554045,9.020245115856,0
4473,-0.00041479751801814,-0.010352577490434,-3.0747992254069,7.3229605210895,0
2897,-0.069779440049383,-0.032993128243629,-3.0705190741903,3.7694250362548,0
4429,-0.0160964663089,-0.015698408647096,-3.0689575555119,6.8561741129669,0
4517,0.016993468290454,-0.0043016187822837,-3.0678027415281,7.8026210668708,0
2914,-0.056159149399667,-0.028644312643716,-3.0673173340421,2.3525099177962,0
5452,0.11900626685789,0.02485117571553,-3.0652145700664,9.56604985158,0
4299,-0.047330605957821,-0.025945812781657,-3.0613393227402,5.7393491483724,0
2898,-0.069824680337941,-0.03318986466061,-3.0606702494631,3.8982355015695,0
4342,-0.039008917743252,-0.023297011734337,-3.0604382738482,6.0655684939049,0
4171,-0.062960471703063,-0.030872782241772,-3.0595935413441,4.9276036763618,0
2915,-0.057917073753843,-0.029484980192605,-3.0578140821125,2.48132038311,0
4256,-0.054411086515901,-0.028378779873605,-3.0537083161883,5.4252204583479,0
252,-1.1324464575491,0.0051086426186056,-3.0519341527837,0.062500002000119,0
253,-1.0088490534627,0.010279240317682,-3.0519341527837,0.18750000600041,0
254,-0.85443793811341,0.013338180253384,-3.0519341527837,0.31250001000044,0
255,-0.69175920920654,0.012931844291872,-3.0519341527837,0.43750001400015,0
1060,-0.53452236809861,0.0097286196005961,-3.0519341527837,0.56250001800003,0
1063,-0.17296349853186,-0.0088446174459612,-3.0519341527837,0.93750003000006,0
1061,-0.39156670264066,0.0044366578692694,-3.0519341527837,0.68750002200011,0
1062,-0.26841691789079,-0.0021539486468669,-3.0519341527837,0.81250002600014,0
2899,-0.069670718132516,-0.033329843362499,-3.050821424736,4.0270459668842,0
4385,-0.029736682685746,-0.020548690459439,-3.050667584528,6.4031975552476,0
2916,-0.059602790901163,-0.030287025638264,-3.0483108301828,2.6101308484237,0
4561,0.035979817295809,0.002043641441636,-3.0476015247175,8.2942104100147,0
2932,-0.10485186427267,-0.014671999638152,-3.0473553132176,1.0644052646571,0
4606,0.063192276791113,0.010894826338203,-3.0449926234539,8.908509620791,0
2900,-0.069317252211523,-0.033411781377468,-3.0409726000089,4.1558564321988,0
4472,-0.0045072941658049,-0.012627283275201,-3.0390255855057,7.2164402285286,0
2917,-0.061197066177066,-0.031046254184207,-3.0388075782532,2.7389413137377,0
2933,-0.063207777512327,-0.019114120885543,-3.0381976340854,1.1932157299713,0
4213,-0.059999877445618,-0.030526050028299,-3.037899601453,5.1238546661012,0
5447,0.011238995250913,0.00076345273955385,-3.0357591509216,10.106004823712,0
4516,0.012519369860333,-0.0067403541119294,-3.0335409577386,7.6942845242916,0
5451,0.10946306195794,0.021151817310102,-3.0333749728571,9.4712329353017,0
4428,-0.01961365685182,-0.017765947241534,-3.0317066318192,6.7515470872843,0
2901,-0.068766656981973,-0.033441250699952,-3.0311237752817,4.2846668975135,0
4128,-0.066005688926192,-0.032994113056563,-3.0297544381707,4.6513311846036,0
2918,-0.062681564143349,-0.031758884355002,-3.0293043263235,2.8677517790521,0
2934,-0.044641151543873,-0.021788356520092,-3.0290399549531,1.3220261952853,0
2902,-0.068027065090169,-0.033445105780462,-3.0212749505546,4.4134773628281,0
4341,-0.041830801154931,-0.025249076841449,-3.0203422047901,5.96495639507,0
2935,-0.041432310304457,-0.023151756122476,-3.0198822758209,1.4508366605993,0
4298,-0.049766270281863,-0.027807498812371,-3.0198782129975,5.6408573146705,0
2919,-0.064039105660227,-0.032421575624337,-3.0198010743938,2.9965622443668,0
4560,0.031074193100889,-0.00048715917146695,-3.0148847279064,8.1841352652615,0
4170,-0.06400535886684,-0.032400416885759,-3.0142840796094,4.8359149290584,0
4605,0.057039179035622,0.0083826779841225,-3.0138524915032,8.7967741257259,0
4384,-0.032848244044892,-0.022549053450775,-3.0119753788016,6.3005401555647,0
2903,-0.067102856718559,-0.033393282451704,-3.0114261258274,4.5422878281427,0
4255,-0.056355192148266,-0.030113404723951,-3.010922378859,5.3289231174599,0
2936,-0.042779899266169,-0.024102582436758,-3.0107245966887,1.5796471259133,0
2920,-0.06525391367967,-0.033031458324981,-3.0102978224641,3.1253727096816,0
5446,0.073981608052313,0.019081990542275,-3.0057866472767,10.010578996823,0
4471,-0.0084464512284211,-0.014834925396436,-3.0032519456047,7.109919935968,0
2937,-0.044574734730521,-0.025135539024197,-3.0015669175565,1.7084575912273,0
5450,0.099212580482138,0.017696454618431,-3.0015353756481,9.3764160190237,0
2921,-0.06631183409719,-0.033586160225795,-3.0007945705344,3.2541831749962,0
4515,0.0081510484727494,-0.0091413409256708,-2.9992791739491,7.5859479817125,0
4427,-0.023013048341614,-0.019808988310351,-2.9944557081268,6.6469200616021,0
4212,-0.061393902767803,-0.032119741849543,-2.9938304261127,5.0298252833192,0
2938,-0.046457457704594,-0.026159438209759,-2.9924092384243,1.8372680565412,0
2922,-0.06720051944357,-0.034083822343337,-2.9912913186047,3.3829936403109,0
2939,-0.048373136952183,-0.027171246097658,-2.9832515592921,1.9660785218549,0
4604,0.051424093151848,0.0058751592216897,-2.9827123595526,8.685038630661,0
4559,0.026268189244518,-0.0030016028937082,-2.9821679310952,8.0740601205083,0
2923,-0.067909563540881,-0.03452308976639,-2.981788066675,3.5118041056255,0
4340,-0.044532214679534,-0.027179113979651,-2.9802461357322,5.8643442962352,0
4297,-0.05203845503889,-0.029629346292119,-2.9784171032548,5.5423654809686,0
5445,0.10361916138383,0.024250461376853,-2.9758141436318,9.9151531699342,0
2940,-0.050298546997378,-0.028166493464898,-2.9740938801599,2.0948889871686,0
4383,-0.035869433348658,-0.024541229014362,-2.9732831730751,6.1978827558819,0
2924,-0.068430584575032,-0.034903100532934,-2.9722848147453,3.6406145709401,0
5449,0.089322055144569,0.014601659172275,-2.9696957784391,9.2815991027457,0
4169,-0.064829255317111,-0.033757304271867,-2.9689746178747,4.744226181755,0
4254,-0.058104945857,-0.031796246248843,-2.9681364415298,5.2326257765719,0
4470,-0.012230718370673,-0.016986637700323,-2.9674783057037,7.0033996434071,0
4514,0.0038683378183318,-0.011511109743694,-2.9650173901596,7.4776114391332,0
2941,-0.052213433349601,-0.029139142297976,-2.9649362010277,2.2236994524824,0
2925,-0.068757283283343,-0.035223587264395,-2.9627815628156,3.7694250362548,0
4426,-0.026309732191002,-0.021837588982123,-2.9572047844344,6.5422930359202,0
2942,-0.054097706126886,-0.030083837412719,-2.9557785218956,2.3525099177962,0
2926,-0.068885473504354,-0.035484921077708,-2.9532783108859,3.8982355015695,0
4603,0.046103354452286,0.003349426588061,-2.9515722276021,8.5733031355964,0
4211,-0.062581570959341,-0.033654857051225,-2.9497612507724,4.9357959005371,0
4558,0.02156820237846,-0.0054952586879927,-2.9494511342841,7.9639849757551,0
2943,-0.055931379610454,-0.030995564901932,-2.9466208427634,2.48132038311,0
5444,0.11899899367046,0.024832070020187,-2.9458416399868,9.8197273430454,0
2927,-0.068812892036244,-0.035687056854689,-2.9437750589562,4.0270459668842,0
4339,-0.047096141474332,-0.029079527406625,-2.9401500666742,5.7637321974004,0
5448,0.080352314100474,0.011780087384456,-2.9378561812299,9.1867821864674,0
2944,-0.057694744825655,-0.031869619312817,-2.9374631636312,2.6101308484238,0
4296,-0.054132173448247,-0.031404270250341,-2.9369559935121,5.4438736472667,0
256,-1.146399954452,0.0053371795351342,-2.9367668262641,0.062500002000119,0
257,-1.0190859851732,0.010706522080755,-2.9367668262641,0.18750000600041,0
258,-0.86026115194118,0.013842374598307,-2.9367668262641,0.31250001000044,0
1064,-0.53237484082318,0.0098665705238395,-2.9367668262641,0.56250001800003,0
1065,-0.38664239645912,0.0042088408164719,-2.9367668262641,0.68750002200009,0
1067,-0.1660728786804,-0.0096752671254865,-2.9367668262641,0.93750003000005,0
259,-0.69329015262216,0.013325690306051,-2.9367668262641,0.43750001400015,0
1066,-0.2617683058966,-0.0027362426671631,-2.9367668262641,0.81250002600011,0
4382,-0.038791977965068,-0.026521929247632,-2.9345909673487,6.095225356199,0
2928,-0.068538857913056,-0.035828711107022,-2.9342718070265,4.1558564321988,0
2960,-0.098622313340758,-0.01565570437588,-2.9323607730967,1.0644052646571,0
4469,-0.015871668114395,-0.019092034573197,-2.9317046658026,6.8968793508461,0
4513,-0.00031837165931474,-0.013870980220159,-2.93075560637,7.3692748965539,0
2945,-0.059368609181685,-0.032701622073236,-2.928305484499,2.7389413137377,0
4253,-0.05965201943714,-0.033422552987701,-2.9253505042006,5.1363284356839,0
2929,-0.068065437520506,-0.035916523674,-2.9247685550968,4.2846668975135,0
4168,-0.065513510256039,-0.035614745503831,-2.9236651561399,4.6525374344517,0
2961,-0.058237254449547,-0.02013634240927,-2.9235486667619,1.1932157299713,0
4602,0.040953015274768,0.00081120557146043,-2.9204320956515,8.4615676405314,0
4425,-0.029513020493221,-0.023857958840825,-2.9199538607422,6.4376660102382,0
2946,-0.060934562020335,-0.033487556181995,-2.9191478053668,2.8677517790521,0
4557,0.016981192643639,-0.0079643632010118,-2.916734337473,7.853909831002,0
5443,0.12283801345243,0.022603488714091,-2.9158691363418,9.7243015161566,0
2930,-0.067399806986234,-0.035974286496597,-2.9152653031671,4.4134773628281,0
2962,-0.04105385801687,-0.022780328516607,-2.9147365604272,1.3220261952853,0
2947,-0.062375247139123,-0.034223810763437,-2.9099901262345,2.9965622443669,0
4647,0.071679003002554,0.0091818222571729,-2.907169756032,9.082715219984,0
2963,-0.038649437215265,-0.02414093644904,-2.9059244540924,1.4508366605993,0
2931,-0.066545096175973,-0.035961422204087,-2.9057620512374,4.5422878281427,0
4210,-0.063562964654089,-0.035145202304061,-2.9056920754321,4.841766517755,0
2948,-0.063674626491327,-0.034907225432922,-2.9008324471022,3.1253727096816,0
4338,-0.049505158245894,-0.030942034326959,-2.9000539976162,5.6631200985656,0
2964,-0.040144459920294,-0.02515379053932,-2.8971123477576,1.5796471259133,0
4512,-0.0043720054030119,-0.016137688329018,-2.8964938225805,7.2609383539749,0
4468,-0.019384321408441,-0.021164657827009,-2.8959310259015,6.7903590582853,0
4381,-0.041602792013526,-0.028485088300466,-2.8958987616223,5.9925679565163,0
4295,-0.056034520510088,-0.033125690782304,-2.8954948837693,5.3453818135647,0
2949,-0.064818220396654,-0.035535128430517,-2.89167476797,3.2541831749963,0
4601,0.035924780815652,-0.0017281031167871,-2.8892919637008,8.3498321454663,0
2965,-0.042020018452233,-0.026246484698579,-2.8883002414228,1.7084575912273,0
5442,0.11861971072171,0.019265269946808,-2.8858966326968,9.6288756892678,0
4556,0.012512085836359,-0.010403033210373,-2.8840175406619,7.7438346862489,0
4424,-0.032625501079571,-0.025872478372635,-2.8827029370498,6.3330389845559,0
4252,-0.060990277504828,-0.034988102068843,-2.8825645668715,5.040031094796,0
2950,-0.065793310594735,-0.036105359698659,-2.8825170888377,3.3829936403109,0
2966,-0.043975588352609,-0.027330284890859,-2.8794881350881,1.8372680565411,0
4646,0.064104889190746,0.0067037612976004,-2.8776365028454,8.9693982032956,0
2951,-0.066589093319392,-0.036616266878741,-2.8733594097055,3.5118041056255,0
2967,-0.045962560125705,-0.028403395365404,-2.8706760287533,1.9660785218549,0
2952,-0.067196780632788,-0.037066707518498,-2.8642017305732,3.6406145709401,0
4511,-0.008276422887751,-0.018340107686529,-2.862232038791,7.152601811396,0
2968,-0.047959171487865,-0.02946160584497,-2.8618639224186,2.0948889871686,0
4209,-0.064319285681717,-0.036467029551041,-2.8616229000918,4.747737134973,0
4467,-0.022783598063972,-0.023217409136933,-2.8601573860006,6.683838765725,0
4337,-0.05174262116761,-0.032758224494235,-2.8599579285583,5.5625079997309,0
4600,0.031005024695382,-0.004259456443255,-2.8581518317501,8.2380966504011,0
4380,-0.044285637931356,-0.030422602722316,-2.8572065558959,5.8899105568337,0
5441,0.1105576662324,0.015816018458631,-2.8559241290519,9.5334498623795,0
2953,-0.067609672785479,-0.037456155787798,-2.855044051441,3.7694250362548,0
4294,-0.057735016917004,-0.034787712368107,-2.8540337740265,5.2468899798628,0
2969,-0.049945981407341,-0.030499101956038,-2.8530518160838,2.2236994524824,0
4555,0.008156599187814,-0.012797643391075,-2.8513007438509,7.6337595414957,0
4645,0.057533845824012,0.004276656921135,-2.8481032496588,8.8560811866069,0
5437,0.0055221302505409,-0.0014755755667225,-2.8459052842671,10.16833077544,0
2954,-0.067823182277623,-0.037784661282202,-2.8458863723087,3.8982355015695,0
4423,-0.035643011807578,-0.027879482152006,-2.8454520133573,6.2284119588736,0
2970,-0.051903498230265,-0.031510583178567,-2.8442397097491,2.3525099177962,0
4251,-0.062115132165997,-0.036487616313571,-2.8397786295422,4.943733753908,0
2955,-0.067834633311782,-0.038051738742121,-2.8367286931764,4.0270459668842,0
2971,-0.053812161673179,-0.032490970704741,-2.8354276034143,2.48132038311,0
4510,-0.012036062853257,-0.020490939599035,-2.8279702550016,7.0442652688169,0
2956,-0.06764299615063,-0.03825615165991,-2.8275710140442,4.1558564321988,0
4599,0.026192941772528,-0.0067758849375335,-2.8270116997994,8.1263611553359,0
2972,-0.055652527083685,-0.033435396227251,-2.8266154970796,2.6101308484238,0
5440,0.10111717972065,0.012571378148481,-2.8259516254073,9.4380240354916,0
4466,-0.026081756363086,-0.025259944705383,-2.8243837460998,6.577318473165,0
261,-1.0297194693208,0.011158513202068,-2.8215994997445,0.18750000600041,0
260,-1.1609453525634,0.0055765992644051,-2.8215994997445,0.062500002000119,0
262,-0.86623785489426,0.014375420747745,-2.8215994997445,0.31250001000044,0
1068,-0.52995648114479,0.010001320195783,-2.8215994997445,0.56250001800002,0
1069,-0.38132706389994,0.003938068686826,-2.8215994997445,0.68750002200006,0
1071,-0.15889142964135,-0.010568655242649,-2.8215994997445,0.93750003000004,0
263,-0.69474041775709,0.013738000586146,-2.8215994997445,0.43750001400015,0
1070,-0.25475780447453,-0.0033854000392582,-2.8215994997445,0.81250002600009,0
4336,-0.053793590674027,-0.03452007979914,-2.8198618595003,5.4618959008961,0
4554,0.0039020152020325,-0.015194723292857,-2.8185839470398,7.5236843967425,0
4644,0.051633887267867,0.0018378103509814,-2.8185699964723,8.7427641699186,0
4379,-0.046822758175747,-0.032325139793787,-2.8185143501695,5.787253157151,0
2957,-0.067250035184163,-0.038405400572386,-2.8184133349119,4.2846668975135,0
5436,0.064870806092775,0.013968448721011,-2.817811480698,10.072332715794,0
2973,-0.057405515668023,-0.034339243611475,-2.8178033907448,2.7389413137377,0
4208,-0.06492025712147,-0.038260566305984,-2.8175537247515,4.653707752191,0
2988,-0.092200632987449,-0.016698954229831,-2.8173662329759,1.0644052646571,0
4293,-0.059225599298213,-0.036385164891955,-2.8125726642838,5.1483981461608,0
2958,-0.066662047953857,-0.038520253810714,-2.8092556557797,4.4134773628281,0
2974,-0.059052694444893,-0.035198204241331,-2.80899128441,2.8677517790522,0
2989,-0.05316963780919,-0.02120534423781,-2.8088996994385,1.1932157299713,0
4422,-0.038555446959472,-0.029873580522918,-2.8082010896648,6.1237849331913,0
2990,-0.037411152798584,-0.02380584575137,-2.8004331659012,1.3220261952853,0
2975,-0.060576566534988,-0.036008339388452,-2.8001791780752,2.9965622443669,0
2959,-0.065881192308863,-0.038551558358277,-2.8000979766474,4.5422878281427,0
4250,-0.063026324500083,-0.037931788664176,-2.796992692213,4.8474364130199,0
5439,0.091547031350861,0.0096493262524282,-2.7959791217626,9.3425982086037,0
4598,0.021492920257203,-0.0092712922581041,-2.7958715678488,8.0146256602707,0
4509,-0.015661833274687,-0.022601779780667,-2.7937084712121,6.9359287262377,0
2991,-0.035750771666599,-0.025153880029237,-2.7919666323638,1.4508366605993,0
2976,-0.06196085520082,-0.036766139975337,-2.7913670717404,3.1253727096816,0
5435,0.094893971098233,0.018431615898558,-2.7897176771288,9.9763346561482,0
4643,0.046142213975341,-0.00063622951681445,-2.7890367432858,8.6294471532304,0
4465,-0.029285484593576,-0.027297428008349,-2.788610106199,6.4707981806049,0
4553,-0.00024525878133242,-0.017512582405885,-2.7858671502286,7.4136092519893,0
2992,-0.037383453200618,-0.026221949845488,-2.7835000988265,1.5796471259133,0
2977,-0.063190765951068,-0.037468577232667,-2.7825549654056,3.2541831749963,0
4378,-0.049196377106896,-0.034182936736622,-2.7798221444432,5.6845957574683,0
4335,-0.055645448726442,-0.036220343403669,-2.7797657904423,5.3612838020613,0
2993,-0.039340021820861,-0.027364565962958,-2.7750335652892,1.7084575912273,0
2978,-0.064253211681248,-0.038113134380511,-2.7737428590707,3.3829936403109,0
4292,-0.060500418967283,-0.037913500822792,-2.7711115545411,5.0499063124589,0
4421,-0.041348277335782,-0.031846516153817,-2.7709501659724,6.019157907509,0
2994,-0.041368398526913,-0.028500101904455,-2.7665670317518,1.8372680565411,0
5438,0.08252819186111,0.0069659523810974,-2.7660066181178,9.2471723817155,0
2979,-0.065136987277676,-0.038697810356755,-2.7649307527359,3.5118041056255,0
4597,0.016911290956707,-0.011740426792671,-2.7647314358981,7.9028901652056,0
5434,0.11192043823351,0.018765937512196,-2.7616238735596,9.8803365965023,0
4642,0.040897751668983,-0.0031390551643203,-2.7595034900993,8.516130136542,0
4508,-0.019166463077594,-0.024686237553053,-2.7594466874226,6.8275921836587,0
2995,-0.04342602424944,-0.029627516789666,-2.7581004982145,1.9660785218549,0
2980,-0.065832892255481,-0.039221137125883,-2.7561186464011,3.6406145709402,0
4249,-0.063708586001479,-0.039209062672501,-2.7542067548838,4.751139072132,0
4552,-0.0042575113225551,-0.019763950520858,-2.7531503534175,7.3035341072364,0
4464,-0.032394711890644,-0.029330248250368,-2.7528364662982,6.3642778880445,0
2996,-0.045492749380373,-0.030742785489871,-2.7496339646772,2.0948889871686,0
2981,-0.066333819084869,-0.039682287024225,-2.7473065400663,3.7694250362548,0
2997,-0.047550125889427,-0.031840277078341,-2.7411674311399,2.2236994524824,0
4377,-0.051389898069752,-0.035986465491132,-2.7411299387168,5.5819383577857,0
4334,-0.057288129953402,-0.037852669537969,-2.7396697213843,5.2606717032265,0
2982,-0.066634774130268,-0.040080950003417,-2.7384944337315,3.8982355015695,0
4687,0.073430762582513,0.0044853961744623,-2.7370715488038,9.1420498881778,0
4420,-0.044004304787997,-0.033788158352109,-2.73369924228,5.9145308818269,0
4596,0.012453431660787,-0.014176156590459,-2.7335913039475,7.7911546701405,0
5433,0.11851794277382,0.016710090920488,-2.7335300699904,9.7843385368565,0
2998,-0.049579419203826,-0.032914692584521,-2.7327008976026,2.3525099177962,0
4641,0.035820478481875,-0.0056563126301972,-2.7299702369127,8.4028131198533,0
2983,-0.066732676977326,-0.040416209569244,-2.7296823273966,4.0270459668842,0
4291,-0.061555260243074,-0.039367714293187,-2.7296504447983,4.9514144787569,0
4507,-0.022562319607682,-0.026756493248205,-2.7251849036332,6.7192556410802,0
2999,-0.051561625640051,-0.033960830578419,-2.7242343640653,2.48132038311,0
2984,-0.066626167253549,-0.040686899225473,-2.7208702210618,4.1558564321988,0
4551,-0.0081281922555071,-0.021962072643342,-2.7204335566065,7.1934589624835,0
4463,-0.035402829122662,-0.031354277132077,-2.7170628263972,6.2577575954841,0
3000,-0.053477669975863,-0.034973599921423,-2.7157678305279,2.6101308484238,0
2985,-0.066316706937582,-0.040901176514242,-2.712058114727,4.2846668975135,0
4248,-0.064221158984985,-0.040926676045685,-2.7114208175546,4.654841731244,0
4686,0.065343049770607,0.0021348533724221,-2.7091739138207,9.0272307279908,0
3001,-0.055308668824606,-0.035948085058103,-2.7073012969906,2.7389413137378,0
264,-1.1761140260406,0.0058258210537065,-2.7064321732249,0.062500002000119,0
265,-1.040772631821,0.011635863349913,-2.7064321732249,0.18750000600041,0
266,-0.87237402994382,0.014938482253028,-2.7064321732249,0.31250001000044,0
267,-0.6960979150715,0.01416808091526,-2.7064321732249,0.43750001400015,0
1072,-0.52723988572956,0.010128923949695,-2.7064321732249,0.56250001800001,0
1073,-0.37556514247864,0.0036235095655989,-2.7064321732249,0.68750002200004,0
1074,-0.24738819876833,-0.0041038406660065,-2.7064321732249,0.81250002600007,0
1075,-0.15140894877615,-0.011537304699589,-2.7064321732249,0.93750003000004,0
5432,0.11707269069179,0.013555112517597,-2.7054362664212,9.6883404772106,0
2986,-0.065809776767516,-0.041076853787705,-2.7032460083922,4.4134773628281,0
4595,0.0081163198606198,-0.016563695305158,-2.7024511719969,7.6794191750753,0
4376,-0.053388760762494,-0.037726940679947,-2.7024377329905,5.4792809581031,0
3016,-0.085587752583916,-0.017811850288799,-2.7023716928549,1.0644052646571,0
4640,0.030877092776311,-0.008174804889716,-2.700436983726,8.2894961031646,0
4333,-0.058714027206151,-0.039411610604257,-2.6995736523263,5.1600596043916,0
3002,-0.057036227571658,-0.036879622572506,-2.6988347634532,2.8677517790522,0
4419,-0.046505340652346,-0.035687474709909,-2.6964483185876,5.8099038561448,0
2987,-0.065106774279396,-0.041157861792242,-2.6944339020574,4.5422878281427,0
3017,-0.048015323298166,-0.022325751785403,-2.694250732115,1.1932157299712,0
4506,-0.025858344454202,-0.028820589841281,-2.690923119844,6.610919098502,0
3003,-0.058642750993922,-0.037763881902609,-2.6903682299159,2.9965622443669,0
4290,-0.062389720140152,-0.040755797111261,-2.6881893350555,4.8529226450549,0
4550,-0.011863122030307,-0.024117377452091,-2.6877167597954,7.0833838177305,0
3018,-0.033721414829704,-0.024865522705144,-2.6861297713751,1.3220261952853,0
3004,-0.060111750156022,-0.038596941077732,-2.6819016963785,3.1253727096816,0
4462,-0.038297799681194,-0.033361610400794,-2.6812891864963,6.1512373029237,0
4685,0.058293178520265,-0.00016781645322314,-2.6812762788376,8.9124115678036,0
3019,-0.032741547014143,-0.026189387510247,-2.6780088106352,1.4508366605993,0
5431,0.11090864885234,0.010243760105651,-2.677342462852,9.5923424175653,0
3005,-0.06142812891014,-0.039375350582655,-2.6734351628411,3.2541831749963,0
4594,0.0038945775642221,-0.018944307878679,-2.6713110400462,7.5676836800101,0
4639,0.026056779375062,-0.010683817779909,-2.6709037305395,8.1761790864759,0
3020,-0.034504896465257,-0.027302513876764,-2.6698878498953,1.5796471259133,0
3006,-0.062578433766644,-0.040096174864712,-2.6649686293037,3.3829936403109,0
4375,-0.055180923074957,-0.039396627398804,-2.663745527264,5.3766235584203,0
3021,-0.036542347719045,-0.028483731459782,-2.6617668891554,1.7084575912272,0
4332,-0.059917733550185,-0.040892447564851,-2.6594775832683,5.0594475055569,0
4418,-0.048833658374929,-0.03753339833372,-2.6591973948952,5.7052768304627,0
4505,-0.029057793694812,-0.030881362569359,-2.6566613360548,6.5025825559236,0
3007,-0.063551053011099,-0.04075700615239,-2.6565020957663,3.5118041056255,0
4549,-0.015472202957322,-0.026241750650653,-2.6549999629843,6.9733086729773,0
5427,-0.0033584754083217,-0.0034523681960214,-2.6549175430249,10.227090428839,0
3022,-0.03864288457413,-0.029661388081878,-2.6536459284155,1.8372680565411,0
4684,0.052022450286153,-0.0024962698336303,-2.6533786438545,8.7975924076166,0
5430,0.10262064151105,0.0071290496773257,-2.6492486592831,9.4963443579203,0
3008,-0.064336363513117,-0.0413559980024,-2.648035562229,3.6406145709402,0
4289,-0.062991736209571,-0.041977983039287,-2.6467282253128,4.7544308113529,0
3023,-0.040769813822229,-0.030834876397999,-2.6455249676757,1.9660785218548,0
4461,-0.041063797826303,-0.03534165606414,-2.6455155465954,6.0447170103634,0
4638,0.021359053272021,-0.013174552767664,-2.6413704773529,8.0628620697872,0
4593,-0.00020724784176904,-0.021249869279775,-2.6401709080955,7.4559481849449,0
3009,-0.064926836966372,-0.041891969316217,-2.6395690286916,3.7694250362548,0
3024,-0.042904795536429,-0.032000257047204,-2.6374040069358,2.0948889871686,0
3010,-0.065317061704482,-0.042364206293377,-2.6311024951542,3.8982355015695,0
3025,-0.045030581376851,-0.033152019643224,-2.6292830461959,2.2236994524824,0
5426,0.054879739773329,0.0093755579092369,-2.6287133271425,10.13055703482,0
4683,0.046279488470095,-0.0048798976545134,-2.6254810088715,8.6827732474299,0
4374,-0.056756965454303,-0.040988921121299,-2.6250533215376,5.2739661587377,0
3011,-0.065503551648042,-0.042771361355892,-2.6226359616168,4.0270459668842,0
4504,-0.032157439217088,-0.032936368083465,-2.6223995522655,6.394246013345,0
4548,-0.018966492292752,-0.028347719817856,-2.6222831661733,6.8632335282243,0
4417,-0.050973113823946,-0.039315514105255,-2.6219464712028,5.6006498047806,0
3026,-0.047129372735015,-0.034284798968129,-2.621162085456,2.3525099177962,0
5429,0.093651292934776,0.0043220846696899,-2.6211548557142,9.4003462982754,0
4331,-0.060895507970526,-0.042290491745455,-2.6193815142103,4.958835406722,0
3012,-0.06548462291262,-0.043112338644245,-2.6141694280794,4.1558564321988,0
3027,-0.049182869472512,-0.03539320065281,-2.6130411247162,2.48132038311,0
4637,0.016788051187775,-0.015639750140973,-2.6118372241663,7.9495450530986,0
4460,-0.043682989223803,-0.037282311160626,-2.6097419066945,5.9381967178032,0
4592,-0.0041768217783312,-0.023501091088864,-2.6090307761448,7.34421268988,0
3013,-0.0652614279409,-0.043395751138531,-2.605702894542,4.2846668975134,0
4288,-0.06341114208105,-0.043606843207346,-2.60526711557,4.655938977651,0
3028,-0.051172483283704,-0.036471840317492,-2.6049201639763,2.6101308484238,0
5425,0.085266573434863,0.013198610250758,-2.6025091112602,10.0340236408,0
4682,0.040879869647143,-0.0073142355064595,-2.5975833738884,8.5679540872429,0
3014,-0.06483867535731,-0.043636539524288,-2.5972363610047,4.4134773628281,0
3029,-0.053079617627841,-0.03751543257444,-2.5967992032364,2.7389413137378,0
5428,0.084807103833666,0.0017405109131944,-2.5930610521452,9.3043482386301,0
270,-0.87867522325186,0.015532931171165,-2.5912648467052,0.31250001000044,0
268,-1.1919369283637,0.0060830586600202,-2.5912648467052,0.062500002000119,0
269,-1.0522697907025,0.012139035991951,-2.5912648467052,0.18750000600041,0
271,-0.69734754940879,0.014615069864874,-2.5912648467052,0.43750001400015,0
1076,-0.52419623234306,0.010243263133543,-2.5912648467052,0.562500018,0
1077,-0.36931553774047,0.0032668132831691,-2.5912648467052,0.68750002200002,0
1078,-0.23963866445343,-0.0048944453245949,-2.5912648467052,0.81250002600004,0
1079,-0.14361235430227,-0.01260029987459,-2.5912648467052,0.93750003000003,0
4547,-0.022355426102304,-0.030445154178254,-2.5895663693623,6.7531583834719,0
3015,-0.064217162401079,-0.043773174223028,-2.5887698274673,4.5422878281427,0
3030,-0.054885984825917,-0.038518888794845,-2.5886782424965,2.8677517790522,0
4503,-0.035148074249836,-0.034978507512818,-2.5881377684761,6.2859094707664,0
3044,-0.078788769371492,-0.019007147650414,-2.587377152734,1.0644052646571,0
4373,-0.058109914037543,-0.042498273700328,-2.5863611158112,5.1713087590549,0
4416,-0.052909877322444,-0.041024524598684,-2.5846955475104,5.4960227790985,0
4636,0.012348714303434,-0.018071040077882,-2.5823039709797,7.83622803641,0
3031,-0.056573939892928,-0.039477416115078,-2.5805572817565,2.9965622443669,0
3045,-0.042789428246406,-0.023502149840061,-2.5796017647915,1.1932157299712,0
4330,-0.06164696478236,-0.04361144262604,-2.5792854451523,4.8582233078871,0
4591,-0.0080128148393143,-0.02570899309264,-2.5778906441943,7.2324771948152,0
5424,0.10366894635828,0.013204407586798,-2.5763048953778,9.9374902467809,0
4459,-0.046137170607259,-0.039171042784939,-2.5739682667936,5.8316764252429,0
3032,-0.058126812890212,-0.040386609160698,-2.5724363210166,3.1253727096817,0
3046,-0.029994853465905,-0.025958875173735,-2.571826376849,1.3220261952853,0
4681,0.035713175312753,-0.0097830026545387,-2.5696857389052,8.4531349270556,0
4727,0.075450694329862,-0.00064182156247692,-2.5658967694658,9.1982285069573,0
3033,-0.059529222241853,-0.041242527358628,-2.5643153602766,3.2541831749963,0
3047,-0.029630358704097,-0.027245417878116,-2.5640509889066,1.4508366605993,0
4546,-0.025644242429312,-0.032539047558951,-2.5568495725515,6.6430832387198,0
3048,-0.031518877170292,-0.028390002202931,-2.5562756009641,1.5796471259133,0
3034,-0.060767351820056,-0.042041747243617,-2.5561943995367,3.3829936403109,0
4502,-0.038015844928247,-0.036997125717529,-2.5538759846868,6.1775729281878,0
4635,0.0080395785959594,-0.020452748629473,-2.5527707177932,7.7229110197214,0
5423,0.11265492213436,0.011113987592625,-2.5501006794953,9.8409568527613,0
3049,-0.033636462613924,-0.029596796370703,-2.5485002130217,1.7084575912272,0
3035,-0.061829177351699,-0.042781388420385,-2.5480734387968,3.5118041056255,0
4372,-0.059234936016022,-0.043919967872816,-2.5476689100849,5.0686513593723,0
4415,-0.054632762498108,-0.042652469089744,-2.547444623818,5.3913957534163,0
4590,-0.011721360087239,-0.027883079039366,-2.5467505122437,7.1207416997501,0
4680,0.030722277213622,-0.012268832616254,-2.5417881039221,8.3383157668684,0
3050,-0.035807752867385,-0.030805364467064,-2.5407248250792,1.8372680565411,0
3036,-0.062704640052858,-0.043459163947724,-2.5399524780568,3.6406145709402,0
4726,0.066927710734284,-0.0028663248132006,-2.5396620076763,9.0819871032568,0
4329,-0.062162927914703,-0.044766899362664,-2.5391893760943,4.7576112090522,0
4458,-0.04840911732762,-0.040995779628222,-2.5381946268928,5.7251561326827,0
3051,-0.038001779860703,-0.032015325939063,-2.5329494371368,1.9660785218548,0
3037,-0.063385772860758,-0.044073477816997,-2.5318315173169,3.7694250362548,0
3052,-0.040202250778933,-0.033222713315672,-2.5251740491944,2.0948889871686,0
4545,-0.028832414150772,-0.034628746286088,-2.5241327757407,6.5330080939675,0
5422,0.11398963012774,0.0079984727302826,-2.5238964636129,9.7444234587418,0
3038,-0.063866727645883,-0.044623160346684,-2.5237105565769,3.8982355015695,0
4634,0.0038546297654651,-0.022824165263029,-2.5232374646066,7.6095940030327,0
4501,-0.040743957308429,-0.038979332571335,-2.5196142008974,6.0692363856092,0
3053,-0.042393351860877,-0.034422048209745,-2.5173986612519,2.2236994524824,0
4589,-0.015311518183103,-0.030034886374271,-2.515610380293,7.0090062046849,0
3039,-0.064143603120087,-0.045106422281486,-2.515589595837,4.0270459668842,0
4679,0.025881260228345,-0.014756572242983,-2.5138904689389,8.2234966066811,0
4725,0.059393616250923,-0.0050270582992498,-2.5134272458868,8.9657456995562,0
4414,-0.056133204916867,-0.044192715728398,-2.5101937001256,5.2867687277342,0
3054,-0.044558419593712,-0.035607813457509,-2.5096232733095,2.3525099177962,0
4371,-0.060128842962764,-0.045249699378863,-2.5089767043585,4.9659939596895,0
3040,-0.0642143886666,-0.04552221752284,-2.5074686350971,4.1558564321988,0
4457,-0.050483556602025,-0.042745560805101,-2.5024209869919,5.6186358401225,0
3055,-0.046680019691501,-0.036774337043347,-2.5018478853671,2.48132038311,0
3041,-0.064079912032189,-0.045879412221326,-2.4993476743571,4.2846668975134,0
4328,-0.062484827653025,-0.046293304158066,-2.4990933070363,4.6569991102174,0
5421,0.11009852550974,0.0046750131220256,-2.4976922477306,9.6478900647227,0
3056,-0.04874018007093,-0.037915859633444,-2.4940724974246,2.6101308484238,0
4633,-0.00020473616208557,-0.025129309366948,-2.49370421142,7.496276986344,0
4544,-0.031913426516015,-0.036708228057138,-2.4914159789299,6.4229329492149,0
3042,-0.063744136311095,-0.046190167585579,-2.4912267136172,4.4134773628281,0
4724,0.052691499123263,-0.0072137084853567,-2.4871924840973,8.8495042958558,0
3057,-0.0507206918916,-0.039026646908027,-2.4862971094822,2.7389413137378,0
4678,0.021180866473167,-0.017233793615925,-2.4859928339558,8.1086774464938,0
4500,-0.043314403583568,-0.040911298882423,-2.4853524171082,5.9608998430308,0
4588,-0.018791997804042,-0.032175088874928,-2.4844702483424,6.89727070962,0
3043,-0.063207377231276,-0.046388802733106,-2.4831057528773,4.5422878281427,0
3058,-0.052603450779692,-0.04010110771745,-2.4785217215397,2.8677517790522,0
272,-1.2084438463556,0.0063455979564636,-2.4760975201855,0.062500002000119,0
273,-1.0642369457699,0.012668281581557,-2.4760975201855,0.18750000600041,0
274,-0.88514726026292,0.01616081956923,-2.4760975201855,0.31250001000044,0
275,-0.69847136862837,0.015079666416261,-2.4760975201855,0.43750001400015,0
1080,-0.52079382247347,0.010340596300416,-2.4760975201855,0.56250001799999,0
1081,-0.36256663537337,0.0028605299354396,-2.4760975201855,0.68750002199999,0
1082,-0.23144126809833,-0.0057722181777942,-2.4760975201855,0.81250002600002,0
1083,-0.13548715234149,-0.013772028924193,-2.4760975201855,0.93750003000002,0
4413,-0.057405010481142,-0.045639821375257,-2.4729427764331,5.182141702052,0
3072,-0.071814247448197,-0.020293248708378,-2.472382612613,1.0644052646571,0
5420,0.10334784590667,0.0015544894501841,-2.4714880318485,9.5513566707041,0
3059,-0.054370817149075,-0.041133910454517,-2.4707463335972,2.996562244367,0
4370,-0.060791388819325,-0.046491273134077,-2.470284498632,4.8633365600067,0
4456,-0.052347727036399,-0.044410911163019,-2.4666473470911,5.5121155475623,0
3073,-0.037511961474807,-0.024736606309516,-2.464952797468,1.1932157299712,0
4632,-0.0041340868089217,-0.027390732219727,-2.4641709582334,7.3829599696555,0
3060,-0.056005976672703,-0.042120089960703,-2.4629709456547,3.1253727096817,0
5417,-0.010072685365892,-0.0034861651128202,-2.4628629118135,10.282263175375,0
4723,0.04661696198799,-0.0094696127914815,-2.4609577223078,8.7332628921557,0
4543,-0.034875641708415,-0.038767101683901,-2.4586991821189,6.3128578044624,0
4677,0.016620350432744,-0.01969054351039,-2.4580951989727,7.9938582863066,0
3074,-0.026243307891366,-0.02708380458127,-2.457522982323,1.3220261952853,0
3061,-0.057493282672015,-0.043055137886125,-2.4551955577122,3.2541831749963,0
4587,-0.022168631345111,-0.034310247475326,-2.4533301163919,6.7855352145556,0
4499,-0.045709473052202,-0.042779368352913,-2.4510906333189,5.8525633004524,0
3075,-0.026429013129258,-0.028318732696197,-2.450093167178,1.4508366605993,0
3062,-0.058818562619398,-0.043935066357942,-2.4474201697697,3.3829936403109,0
5419,0.095316246484232,-0.0012436452023082,-2.4452838159663,9.4548232766854,0
3076,-0.028437741159005,-0.029477832967397,-2.442663352033,1.5796471259133,0
3063,-0.059969374265204,-0.044756447722616,-2.4396447818272,3.5118041056255,0
5416,0.044714535507499,0.0059513795749418,-2.438558448125,10.185231551841,0
4412,-0.058444018140373,-0.046989254341335,-2.4356918527408,5.0775146763699,0
3077,-0.03063392247126,-0.030695253334994,-2.4352335368879,1.7084575912272,0
4722,0.04098756031294,-0.011798518155279,-2.4347229605183,8.6170214884553,0
4631,-0.0079360174059703,-0.029620360616373,-2.4346377050469,7.2696429529672,0
3064,-0.060935208426294,-0.045516481905254,-2.4318693938847,3.6406145709402,0
4369,-0.061215963168014,-0.047567200045515,-2.4315922929057,4.7606791603241,0
4455,-0.053991544988551,-0.045983946636009,-2.4308737071902,5.4055952550021,0
4676,0.012202621394861,-0.022116770738028,-2.4301975639896,7.8790391261194,0
3078,-0.032873637898363,-0.03192177308638,-2.4278037217429,1.8372680565411,0
4542,-0.037703786181922,-0.040791994352963,-2.4259823853079,6.2027826597098,0
3065,-0.061707637306273,-0.04621308507853,-2.4240940059423,3.7694250362548,0
4586,-0.025442512013473,-0.036441232934138,-2.4221899844415,6.6737997194915,0
3079,-0.035131543620973,-0.033157094302442,-2.4203739065979,1.9660785218548,0
5418,0.086934147612801,-0.0038047267441315,-2.4190796000841,9.3582898826665,0
4498,-0.04791292332748,-0.044570905540739,-2.4168288495296,5.7442267578739,0
3066,-0.06228035197859,-0.046844569469417,-2.4163186179998,3.8982355015695,0
5415,0.074848928130478,0.0089321463037585,-2.4142539844365,10.088199928306,0
3080,-0.037393672188354,-0.034397098025993,-2.412944091453,2.0948889871686,0
3067,-0.062649018224278,-0.047408680636986,-2.4085432300573,4.0270459668842,0
4721,0.03567318506103,-0.014186201238606,-2.4084881987287,8.5007800847546,0
3081,-0.039645909296656,-0.035636221166317,-2.405514276308,2.2236994524824,0
4630,-0.011617581352472,-0.031827095434307,-2.4051044518604,7.1563259362786,0
4675,0.0079251222769775,-0.024496306858295,-2.4022999290065,7.7642199659322,0
3068,-0.062811285111359,-0.047904379490282,-2.4007678421148,4.1558564321988,0
4411,-0.059247637177658,-0.048237172051253,-2.3984409290483,4.9728876506877,0
3082,-0.041872945784236,-0.036868687352582,-2.398084461163,2.3525099177962,0
4454,-0.055407467204307,-0.047458270987612,-2.3951000672893,5.2990749624418,0
4767,0.077568429113379,-0.0061558262824125,-2.3937044283735,9.2512315590961,0
4541,-0.040380633965526,-0.042768019255119,-2.393265588497,6.0927075149574,0
3069,-0.062767630685662,-0.048340578410658,-2.3929924541723,4.2846668975134,0
4368,-0.061436537914671,-0.048976523512689,-2.3929000871793,4.6580217606414,0
4585,-0.028609221411055,-0.03856308974146,-2.3910498524912,6.5620642244272,0
3083,-0.04405838971279,-0.038088445858744,-2.390654646018,2.48132038311,0
5414,0.094232812799627,0.0084644218249519,-2.3899495207479,9.9911683047719,0
3070,-0.062521279970057,-0.048726752504568,-2.3852170662298,4.4134773628281,0
3084,-0.046185025050329,-0.039289268761276,-2.383224830873,2.6101308484239,0
4497,-0.049910751110941,-0.046274843522569,-2.3825670657403,5.6358902152956,0
4720,0.030593878623434,-0.016613158889389,-2.3822534369391,8.384538681054,0
3071,-0.062072151768689,-0.048994274277355,-2.3774416782873,4.5422878281427,0
3085,-0.048235139986457,-0.040464885399727,-2.375795015728,2.7389413137378,0
4629,-0.01518642735136,-0.034020170770473,-2.3755711986738,7.0430089195899,0
4674,0.0037779349263673,-0.026869915258882,-2.3744022940234,7.6494008057449,0
4766,0.068776923358454,-0.0083045091189311,-2.3691583008346,9.1336483059744,0
3086,-0.050190897278301,-0.041609118898582,-2.368365200583,2.8677517790523,0
5413,0.10520568907418,0.0061234252045445,-2.3656450570593,9.8941366812374,0
4410,-0.059815842302284,-0.049385861879573,-2.3611900053559,4.8682606250054,0
3087,-0.052034724799123,-0.042716017729216,-2.3609353854379,2.996562244367,0
276,-1.2256621541787,0.0066093951208566,-2.3609301936658,0.062500002000119,0
277,-1.0767022077025,0.013223263285922,-2.3609301936658,0.18750000600041,0
278,-0.8917969628147,0.016824535638057,-2.3609301936658,0.31250001000044,0
279,-0.69944867873897,0.015563188255894,-2.3609301936658,0.43750001400015,0
1084,-0.51699188435224,0.010417407230893,-2.3609301936658,0.56250001799999,0
1085,-0.35527071476364,0.0023868656802139,-2.3609301936658,0.68750002199997,0
1086,-0.22275845016562,-0.0067566916574682,-2.3609301936658,0.812500026,0
1087,-0.12702538038874,-0.01506127432983,-2.3609301936658,0.93750003000002,0
4540,-0.042888587942304,-0.044680097833942,-2.3605487916862,5.982632370205,0
4584,-0.031659190031934,-0.040665844841507,-2.3599097205407,6.4503287293627,0
4453,-0.056590180280354,-0.048828764187619,-2.3593264273884,5.1925546698815,0
3100,-0.06467934481665,-0.021674156919438,-2.357388072492,1.0644052646571,0
4719,0.025705522587748,-0.019060329279386,-2.3560186751496,8.2682972773533,0
3088,-0.053749706801523,-0.043779975856175,-2.3535055702929,3.1253727096817,0
3101,-0.032206829974647,-0.026028800266908,-2.3503038301445,1.1932157299712,0
4496,-0.051691554244393,-0.047881924754484,-2.348305281951,5.5275536727171,0
4673,-0.00024137668435457,-0.029188978814067,-2.3465046590402,7.5345816455576,0
3089,-0.055319957338421,-0.044795834852855,-2.3460757551478,3.2541831749964,0
4628,-0.018648138685399,-0.036206398322592,-2.3460379454872,6.9296919029015,0
4765,0.060834778156996,-0.010348655407027,-2.3446121732957,9.0160650528526,0
3102,-0.022480029832847,-0.028236852619312,-2.3432195877969,1.3220261952853,0
5412,0.10911512960837,0.0028625516766872,-2.3413405933707,9.7971050577028,0
3090,-0.056730957919256,-0.045758958884845,-2.3386459400028,3.3829936403109,0
3103,-0.023152399417065,-0.029404785613754,-2.3361353454493,1.4508366605993,0
3091,-0.057969845239287,-0.046665289318801,-2.3312161248577,3.5118041056255,0
4718,0.020986276171282,-0.021511275928613,-2.32978391336,8.1520558736525,0
3104,-0.025276329107328,-0.030558175641118,-2.3290511031017,1.5796471259133,0
4583,-0.034578852906109,-0.042735876657147,-2.3287695885902,6.3385932342981,0
4539,-0.045210982508889,-0.046514010405231,-2.3278319948753,5.8725572254526,0
4409,-0.060144264197229,-0.050368257684094,-2.3239390816635,4.7636335993232,0
3092,-0.059025644935736,-0.04751142877965,-2.3237863097127,3.6406145709402,0
4452,-0.057536246502839,-0.050091259567183,-2.3235527874875,5.0860343773213,0
3105,-0.027548630158599,-0.031769078229544,-2.3219668607542,1.7084575912272,0
4764,0.053699710684106,-0.012394120887265,-2.3200660457568,8.898481799731,0
4672,-0.0041333717734497,-0.031476362410876,-2.3186070240571,7.4197624853706,0
5411,0.10769281679194,-0.00062089992849544,-2.3170361296822,9.7000734341689,0
4627,-0.022004425414853,-0.03838741045909,-2.3165046923008,6.8163748862136,0
3093,-0.059889443923174,-0.04829471980077,-2.3163564945676,3.7694250362549,0
3106,-0.029853345943461,-0.032998656813979,-2.3148826184066,1.8372680565411,0
4495,-0.053246539952016,-0.049384677571352,-2.3140434981617,5.4192171301387,0
3094,-0.060554443163648,-0.049012882049476,-2.3089266794226,3.8982355015696,0
3107,-0.03217072311182,-0.034246555820356,-2.3077983760591,1.9660785218548,0
4717,0.01642759309198,-0.023952650273468,-2.3035491515705,8.035814469952,0
3095,-0.061015849974692,-0.04966315692324,-2.3014968642775,4.0270459668842,0
3108,-0.03448944559629,-0.035508364639647,-2.3007141337115,2.0948889871685,0
4582,-0.037352173612185,-0.044757490550661,-2.2976294566397,6.2268577392336,0
4763,0.047243000046149,-0.014505022206148,-2.295519918218,8.7808985466096,0
4538,-0.047333018369882,-0.048257121335613,-2.2951151980644,5.7624820807003,0
3096,-0.061270948852243,-0.050244446055943,-2.2940670491325,4.1558564321988,0
3109,-0.036797395168184,-0.036778285162095,-2.2936298913639,2.2236994524824,0
5410,0.10284900367838,-0.0039042983414111,-2.2927316659938,9.6030418106352,0
4671,-0.0079030860738904,-0.033744436334651,-2.290709389074,7.3049433251837,0
4451,-0.058243678587401,-0.051242449220997,-2.2877791475866,4.979514084761,0
4626,-0.025252170438329,-0.040558851770741,-2.2869714391145,6.703057869526,0
4408,-0.060260308381415,-0.051644908891937,-2.286688157971,4.6590065736411,0
3097,-0.061319831353869,-0.050765491539448,-2.2866372339874,4.2846668975134,0
3110,-0.039080855140551,-0.038050148041514,-2.2865456490164,2.3525099177962,0
4494,-0.054569289985531,-0.050777213325573,-2.2797817143724,5.3108805875602,0
3111,-0.041324664098971,-0.039317404120877,-2.2794614066688,2.48132038311,0
3098,-0.061164971702121,-0.051233171405779,-2.2792074188424,4.4134773628281,0
4716,0.012026309715806,-0.026372936699425,-2.2773143897809,7.9195730662514,0
3112,-0.043512509987644,-0.040573251077994,-2.2723771643213,2.6101308484239,0
3099,-0.060805946453425,-0.051577043214243,-2.2717776036973,4.5422878281427,0
4762,0.041315007440742,-0.01670169722757,-2.2709737906792,8.6633152934879,0
5407,-0.015391947419406,-0.0030385060890182,-2.2698087491617,10.333829664615,0
5409,0.096125462974859,-0.0068332539006543,-2.2684272023055,9.5060101871017,0
4581,-0.039962190065188,-0.046714412304379,-2.2664893246892,6.1151222441691,0
3113,-0.045627294120842,-0.041810787319076,-2.2652929219737,2.7389413137379,0
4670,-0.011557203206222,-0.035999990658928,-2.2628117540909,7.1901241649965,0
4537,-0.049242299438943,-0.049898766638642,-2.2623984012535,5.6524069359479,0
3114,-0.047651536933908,-0.043023163059784,-2.2582086796261,2.8677517790523,0
4625,-0.028383438339739,-0.042710971341619,-2.2574381859282,6.5897408528383,0
4450,-0.05871271272487,-0.052283447095212,-2.2520055076857,4.8729937922006,0
3115,-0.049567802992961,-0.044203723146637,-2.2511244372785,2.996562244367,0
4715,0.0077758183492069,-0.028755636484132,-2.2510796279914,7.8033316625507,0
5406,0.034398961748042,0.0035337348239576,-2.2474134751603,10.236337108761,0
4761,0.035786712735903,-0.018979004729621,-2.2464276631402,8.545732040366,0
280,-1.2436148426042,0.0068685894324761,-2.2457628671459,0.062500002000119,0
281,-1.0896959696109,0.013802578612255,-2.2457628671459,0.18750000600041,0
282,-0.89863230578286,0.017526453391562,-2.2457628671459,0.31250001000044,0
283,-0.70025539050294,0.016066355482543,-2.2457628671459,0.43750001400015,0
1088,-0.51274232613628,0.010467068303261,-2.2457628671459,0.56250001799998,0
1090,-0.21355344154738,-0.0078675585327416,-2.2457628671459,0.81250002599998,0
1091,-0.11822129397556,-0.016479960021083,-2.2457628671459,0.93750003000001,0
1089,-0.34737132515248,0.0018281912268159,-2.2457628671459,0.68750002199994,0
4493,-0.05565541240527,-0.052054944480822,-2.2455199305831,5.2025440449817,0
5408,0.088542156535072,-0.0094901220807982,-2.2441227386171,9.4089785635677,0
3116,-0.051359125621453,-0.045346136962231,-2.2440401949309,3.1253727096817,0
3128,-0.057403083865822,-0.02315458397807,-2.2423935323708,1.0644052646571,0
3117,-0.053009412814307,-0.046444509808002,-2.2369559525833,3.2541831749964,0
3129,-0.026901758705208,-0.027377650004226,-2.2356548628207,1.1932157299712,0
4580,-0.042392362065886,-0.048591022752818,-2.2353491927388,6.0033867491048,0
4669,-0.01510087887002,-0.038247732501089,-2.2349141191078,7.0753050048093,0
3118,-0.054503817067373,-0.047493468308848,-2.2298717102357,3.3829936403109,0
4536,-0.050928994624972,-0.051430332772982,-2.2296816044427,5.5423317911956,0
3130,-0.018719886898099,-0.029413559838859,-2.2289161932705,1.3220261952853,0
4624,-0.031386295132196,-0.044829928775415,-2.2279049327418,6.4764238361502,0
5405,0.063661713158742,0.0055708225447152,-2.2250182011589,10.138844552907,0
4714,0.0036620066416826,-0.031145085932652,-2.2248448662019,7.68709025885,0
3119,-0.055829055770562,-0.048488230265042,-2.2227874678881,3.5118041056256,0
3131,-0.019818526623134,-0.030497652890668,-2.2221775237204,1.4508366605993,0
4760,0.030564490155616,-0.021320206281287,-2.2218815356013,8.4281487872442,0
4807,0.079492786350823,-0.011921487466513,-2.2205538892181,9.3010406306631,0
4449,-0.058940892416095,-0.053157080055354,-2.2162318677848,4.7664734996404,0
3120,-0.056973676973114,-0.04942470471916,-2.2157032255405,3.6406145709402,0
3132,-0.022052285929515,-0.031621771859275,-2.2154388541703,1.5796471259133,0
4492,-0.056502190353375,-0.05321422474954,-2.2112581467938,5.0942075024033,0
3133,-0.024397136451445,-0.032806509217861,-2.2087001846201,1.7084575912272,0
3121,-0.057928257237294,-0.050299560501353,-2.2086189831929,3.7694250362549,0
4668,-0.018535903957248,-0.040488615325446,-2.2070164841247,6.9604858446223,0
4579,-0.04462760260118,-0.050373249187622,-2.2042090607884,5.8916512540404,0
5404,0.083623501297361,0.0045417984026476,-2.2026229271575,10.041351997053,0
3134,-0.026762129444353,-0.03402211130849,-2.20196151507,1.8372680565411,0
3122,-0.058685474585738,-0.05110983570746,-2.2015347408453,3.8982355015696,0
4713,-0.0003220266240304,-0.033495460254288,-2.1986101044123,7.5708488551494,0
4623,-0.034246097161226,-0.046899393539989,-2.1983716795554,6.3631068194622,0
4806,0.070681799256601,-0.014095525101535,-2.1977206541087,9.1821963883879,0
4759,0.025587777307144,-0.023705100344924,-2.1973354080624,8.3105655341222,0
4535,-0.052385706449204,-0.052845097320219,-2.1969648076317,5.4322566464432,0
3135,-0.029133184722532,-0.035267970948232,-2.1952228455199,1.9660785218548,0
3123,-0.059240045245458,-0.05185221012121,-2.1944504984977,4.0270459668842,0
3136,-0.03150202211861,-0.036539208663063,-2.1884841759698,2.0948889871685,0
3124,-0.059588853969337,-0.052525433432249,-2.1873662561501,4.1558564321988,0
3137,-0.033858847561804,-0.037829597042654,-2.1817455064197,2.2236994524824,0
4448,-0.058949904879895,-0.054284470433346,-2.1804582278839,4.6599532070801,0
3125,-0.059731555463396,-0.05313784558596,-2.1802820138025,4.2846668975134,0
5403,0.096198703653085,0.0018259344512689,-2.180227653156,9.9438594411988,0
4667,-0.021859835579101,-0.042718095333195,-2.1791188491417,6.8456666844358,0
4491,-0.057108204452074,-0.054252332726541,-2.1769963630044,4.9858709598247,0
3138,-0.036191789914174,-0.039132406780477,-2.1750068368695,2.3525099177962,0
4805,0.06249597782631,-0.016102864737959,-2.1748874189993,9.0633521461124,0
3126,-0.059669839105336,-0.053693807021227,-2.1731977714549,4.4134773628281,0
4578,-0.046654943201257,-0.052049096138762,-2.1730689288379,5.7799157589761,0
4758,0.020820858191821,-0.026114129445311,-2.1727892805235,8.1929822810002,0
4712,-0.0041805380361444,-0.035827906035804,-2.1723753426227,7.4546074514489,0
4622,-0.036946910318164,-0.048902133967773,-2.1688384263689,6.2497898027742,0
3139,-0.038487113327607,-0.040440449368602,-2.1682681673194,2.48132038311,0
3127,-0.059402965977038,-0.054122140974777,-2.1661135291073,4.5422878281427,0
4534,-0.053607166793506,-0.054137929683905,-2.1642480108208,5.3221815016908,0
3140,-0.040729561612404,-0.041746230526383,-2.1615294977693,2.6101308484239,0
5402,0.10238942755358,-0.0017053199984205,-2.1578323791546,9.8463668853446,0
3141,-0.042902769284267,-0.043042118178176,-2.1547908282192,2.7389413137379,0
4804,0.055008366102289,-0.018059220373219,-2.1520541838899,8.9445079038372,0
4666,-0.025065903951079,-0.044926170521344,-2.1512212141589,6.7308475242496,0
4757,0.016243409562656,-0.028531510195457,-2.1482431529846,8.0753990278784,0
3142,-0.044989710468298,-0.044320501647463,-2.148052158669,2.8677517790523,0
4711,-0.0079191764486448,-0.038152244604828,-2.1461405808333,7.3383660477486,0
4490,-0.057473956438368,-0.055169508600363,-2.1427345792151,4.8775344172462,0
4577,-0.048463830619801,-0.05360883460379,-2.1419287968875,5.6681802639118,0
3143,-0.04697316302846,-0.045573939407044,-2.1413134891189,2.996562244367,0
4621,-0.039472813010607,-0.05082138303479,-2.1393051731825,6.1364727860862,0
5401,0.10341619895452,-0.0054482147485842,-2.1354371051532,9.7488743294909,0
3144,-0.048836168819921,-0.04679529324416,-2.1345748195687,3.1253727096818,0
4533,-0.054589876489331,-0.055304947818406,-2.1315312140099,5.2121063569384,0
285,-1.1032510672481,0.014403288430979,-2.1305955406256,0.18750000600041,0
1094,-0.20378901531278,-0.0091261968191304,-2.1305955406256,0.81250002599995,0
284,-1.2623177558208,0.0071150011665387,-2.1305955406256,0.062500002000118,0
286,-0.90566262303018,0.018269089969177,-2.1305955406256,0.31250001000044,0
1093,-0.33880285966634,0.0011652963412029,-2.1305955406256,0.68750002199992,0
1095,-0.1090730388073,-0.018043007013334,-2.1305955406256,0.93750003,0
287,-0.70086267310274,0.016589839555526,-2.1305955406256,0.43750001400015,0
1092,-0.50798790146281,0.01048070175985,-2.1305955406256,0.56250001799997,0
4803,0.048180531479008,-0.020050857522956,-2.1292209487805,8.8256636615622,0
3145,-0.050562472774842,-0.047977844875475,-2.1278361500185,3.2541831749964,0
3156,-0.050010388727551,-0.024740269772368,-2.1273989922492,1.0644052646571,0
4756,0.011843536201356,-0.030944152087222,-2.1236970254457,7.9578157747566,0
4665,-0.028143601519439,-0.047098578245658,-2.123323579176,6.6160283640633,0
3146,-0.052136924879167,-0.049115389766026,-2.1210974804684,3.382993640311,0
3157,-0.02162906992827,-0.028781307439238,-2.1210058954965,1.1932157299712,0
4710,-0.011542841752554,-0.040470305709661,-2.1199058190438,7.222124644048,0
3158,-0.014979524031769,-0.030608596288145,-2.1146127987439,1.3220261952853,0
3147,-0.053545833132741,-0.05020232170749,-2.1143588109182,3.5118041056256,0
5400,0.10072275189396,-0.0090047351274775,-2.113041831152,9.6513817736376,0
4576,-0.050046107134398,-0.055044905769629,-2.1107886649371,5.5564447688474,0
4620,-0.041808946554679,-0.052641862631639,-2.1097719199962,6.0231557693984,0
4489,-0.057598574202133,-0.055917895020131,-2.1084727954258,4.7691978746677,0
3159,-0.016448682337786,-0.031589994442105,-2.1082197019912,1.4508366605993,0
3148,-0.054777261275084,-0.051233747759372,-2.107620141368,3.6406145709402,0
4802,0.041920835219642,-0.022120794295483,-2.1063877136711,8.706819419287,0
3160,-0.018786455058437,-0.032657729124194,-2.1018266052385,1.5796471259133,0
3149,-0.055821252924431,-0.052205547718365,-2.1008814718179,3.7694250362549,0
4755,0.0076064429386707,-0.033335026850651,-2.0991508979069,7.8402325216347,0
4532,-0.055331780821368,-0.056343134897516,-2.0988144171991,5.102031212186,0
3161,-0.021198999068917,-0.033793785753682,-2.0954335084858,1.7084575912272,0
4664,-0.031079738426093,-0.049218391143276,-2.0954259441931,6.5012092038767,0
3150,-0.056669929139221,-0.053113972269666,-2.0941428022677,3.8982355015696,0
4709,-0.015053396729792,-0.042780064202972,-2.0936710572542,7.1058832403474,0
5399,0.095647474713557,-0.012190383357624,-2.0906465571509,9.5538892177843,0
3162,-0.023617997152042,-0.034975998050983,-2.0890404117331,1.837268056541,0
3151,-0.057317476739654,-0.053955060238737,-2.0874041327175,4.0270459668842,0
4801,0.036126291808407,-0.024280506577073,-2.0835544785616,8.5879751770115,0
3163,-0.026035320667761,-0.036203193119354,-2.0826473149804,1.9660785218548,0
3152,-0.057760334862337,-0.054727286379837,-2.0806654631674,4.1558564321988,0
4619,-0.043942246981579,-0.054350433775333,-2.0802386668098,5.9098387527106,0
4575,-0.051395773230489,-0.056351630443695,-2.0796485329866,5.444709273783,0
3164,-0.02844617921533,-0.037469770441973,-2.0762542182278,2.0948889871685,0
5397,-0.018255285272209,-0.001956573391247,-2.0758227642918,10.381771810903,0
4754,0.0035131860775062,-0.035755385405084,-2.074604770368,7.7226492685127,0
4488,-0.057498842920731,-0.056878410365051,-2.0742110116365,4.6608613320892,0
3153,-0.057997656056853,-0.05543833470128,-2.0739267936172,4.2846668975134,0
3165,-0.030843455719731,-0.038768817717443,-2.0698611214751,2.2236994524824,0
5398,0.089209597772371,-0.015062886704641,-2.0682512831495,9.4563966619307,0
4663,-0.033859679956216,-0.051267625480798,-2.0675283092101,6.3863900436901,0
4708,-0.018448821510689,-0.045075366584041,-2.0674362954647,6.989641836647,0
3154,-0.058030288362507,-0.056090112364216,-2.067188124067,4.4134773628281,0
4531,-0.055831953829965,-0.057250370215716,-2.0660976203881,4.9919560674335,0
3166,-0.033217383148586,-0.040092836941855,-2.0634680247224,2.3525099177962,0
4800,0.030706729539911,-0.026522873296209,-2.0607212434522,8.469130934736,0
3155,-0.057857176308687,-0.056611751840136,-2.0604494545169,4.5422878281427,0
3167,-0.035555844482254,-0.04143383590196,-2.0570749279697,2.4813203831101,0
5396,0.024340967159513,0.0019764205242153,-2.0553453868315,10.283855798043,0
4618,-0.045861836106254,-0.055936387511593,-2.0507054136234,5.7965217360227,0
3168,-0.037844788695676,-0.042783500780619,-2.0506818312171,2.6101308484239,0
4753,-0.00044511535442639,-0.038154422565339,-2.050058642829,7.6050660153908,0
4574,-0.052508647046288,-0.057524828323623,-2.0485084010361,5.3329737787187,0
4847,0.080848738542306,-0.017708775483479,-2.0465048482496,9.3476384174637,0
3169,-0.040068703407692,-0.04413336840446,-2.0442887344644,2.7389413137379,0
4707,-0.02172322741954,-0.047345285947927,-2.0412015336753,6.8734004329471,0
4662,-0.03646853645868,-0.053228654174196,-2.0396306742271,6.2715708835035,0
3170,-0.04221111603918,-0.045474983295986,-2.0378956377117,2.8677517790523,0
4799,0.025593722121482,-0.028831531438442,-2.0378880083427,8.3502866924604,0
5395,0.051948350586407,0.0028709677225211,-2.0348680093712,10.185939785183,0
4530,-0.05609113867261,-0.058026265629845,-2.0333808235772,4.881880922681,0
3171,-0.044255101866141,-0.046800040850953,-2.031502540959,2.996562244367,0
4752,-0.0042746124023556,-0.040547185504973,-2.0255125152901,7.4874827622692,0
4846,0.072323011370966,-0.020043251896467,-2.0254072524509,9.2276144843834,0
3172,-0.046183781495281,-0.048100517724848,-2.0251094442062,3.1253727096818,0
4617,-0.047559100458351,-0.057391416822605,-2.021172160437,5.6832047193349,0
3173,-0.047980792622921,-0.049368787736108,-2.0187163474535,3.2541831749964,0
4573,-0.053382022602648,-0.058561429035658,-2.0173682690857,5.2212382836543,0
1098,-0.19342737084562,-0.010556942724945,-2.0154282141053,0.81250002599993,0
288,-1.2817758852327,0.0073376139182659,-2.0154282141053,0.062500002000118,0
289,-1.1174030694338,0.015020270188286,-2.0154282141053,0.1875000060004,0
290,-0.91289934769101,0.019055316568728,-2.0154282141053,0.31250001000044,0
291,-0.70123585625345,0.017134870335251,-2.0154282141053,0.43750001400015,0
1096,-0.50266001026424,0.010446921643179,-2.0154282141053,0.56250001799996,0
1097,-0.32948975720955,0.00037517866595213,-2.0154282141053,0.68750002199989,0
1099,-0.099584433490361,-0.019767422972534,-2.0154282141053,0.93750003,0
4798,0.020739232744665,-0.031188248938929,-2.0150547732333,8.2314424501848,0
4706,-0.024867377688656,-0.049574815487046,-2.014966771886,6.7571590292475,0
5394,0.072039446546452,0.0012577620156164,-2.0143906319108,10.088023772323,0
3184,-0.042534151516989,-0.026437143045995,-2.0124044521277,1.0644052646571,0
3174,-0.049630722678288,-0.050597720708785,-2.0123232507008,3.382993640311,0
4661,-0.038892162718052,-0.055085302901098,-2.0117330392441,6.1567517233169,0
3185,-0.016426531487629,-0.030237012673538,-2.0063569281724,1.1932157299712,0
3175,-0.051119492697739,-0.051780780177656,-2.0059301539481,3.5118041056256,0
4845,0.064127621070002,-0.022140773383469,-2.0043096566523,9.1075905513029,0
4751,-0.0079807895254234,-0.04293732322248,-2.0009663877513,7.3698995091476,0
4529,-0.056109729405415,-0.058631650284068,-2.0006640267663,4.7718057779286,0
3186,-0.011277928398494,-0.031816541070096,-2.0003094042172,1.3220261952853,0
3176,-0.052434685510206,-0.052912151547292,-1.9995370571954,3.6406145709402,0
3187,-0.01306804489996,-0.032673292228223,-1.9942618802619,1.4508366605993,0
5393,0.085833332549202,-0.0018409509221497,-1.9939132544505,9.9901077594635,0
3177,-0.053565795837432,-0.053986794543729,-1.9931439604426,3.7694250362549,0
4797,0.016111171971662,-0.033576759193346,-1.9922215381239,8.1125982079094,0
4616,-0.049027528989278,-0.058709351639383,-1.9916389072507,5.5698877026471,0
4705,-0.027869562781829,-0.051746358080743,-1.9887320100967,6.6409176255478,0
3188,-0.015503472337957,-0.033653346351835,-1.9882143563067,1.5796471259132,0
3178,-0.054504356062226,-0.055000047737361,-1.9867508636899,3.8982355015696,0
4572,-0.054014395895305,-0.05945908758586,-1.9862281371352,5.1095027885899,0
4660,-0.041117888764839,-0.056823579985153,-1.9838354042612,6.0419325631305,0
4844,0.056446617509202,-0.024115252633151,-1.9832120608537,8.9875666182226,0
3189,-0.017977230238678,-0.034714831613154,-1.9821668323514,1.7084575912272,0
3179,-0.055243982082531,-0.055947204127602,-1.9803577669372,4.0270459668842,0
4750,-0.011566399109688,-0.045319425144862,-1.9764202602124,7.2523162560258,0
3190,-0.020442061367719,-0.035841597705046,-1.9761193083962,1.837268056541,0
3180,-0.055780611950493,-0.056826305420745,-1.9739646701845,4.1558564321988,0
5392,0.093970155184788,-0.0056609842119832,-1.9734358769901,9.8921917466035,0
3191,-0.022896347045144,-0.037031330772561,-1.970071784441,1.9660785218548,0
4796,0.011687336792362,-0.035980734868532,-1.9693883030144,7.993753965634,0
4528,-0.055900406421359,-0.059406621202821,-1.9679472299554,4.6617306331762,0
3181,-0.056112815252041,-0.057644096511656,-1.9675715734317,4.2846668975134,0
3192,-0.025339302994253,-0.038277304445256,-1.9640242604857,2.0948889871685,0
4704,-0.030716652757985,-0.053841318065718,-1.9624972483073,6.5246762218478,0
4843,0.049334851743761,-0.026070032870414,-1.9621144650552,8.8675426851425,0
4615,-0.050262411356733,-0.059885758713826,-1.9621056540642,5.4565706859592,0
3182,-0.056240518794938,-0.058400073686409,-1.961178476679,4.4134773628281,0
3193,-0.0277668426098,-0.039571576858931,-1.9579767365305,2.2236994524824,0
4659,-0.043134955823152,-0.058432039829976,-1.9559377692783,5.9271134029441,0
4571,-0.05440523237189,-0.060216244498724,-1.9550880051847,4.9977672935255,0
3183,-0.05616231993665,-0.059024691969058,-1.9547853799263,4.5422878281427,0
5391,0.097268347569656,-0.0096814037694926,-1.9529584995299,9.7942757337441,0
3194,-0.030171546746555,-0.040905621995506,-1.9519292125753,2.3525099177962,0
4749,-0.015030290480399,-0.047683772124908,-1.9518741326735,7.1347330029039,0
4795,0.0074410989296069,-0.03839605072097,-1.946555067905,7.8749097233585,0
3195,-0.032543094246723,-0.042270456054023,-1.94588168862,2.4813203831101,0
4842,0.042771715767463,-0.028070842791888,-1.9410168692566,8.7475187520622,0
3196,-0.034868776392167,-0.043656812447299,-1.9398341646648,2.6101308484239,0
4703,-0.033395138728379,-0.055841492788323,-1.9362624865179,6.4084348181477,0
3197,-0.03713404801409,-0.045055301624754,-1.9337866407096,2.7389413137379,0
4614,-0.051260499870094,-0.060917502703573,-1.9325724008778,5.3432536692714,0
5390,0.096773528049482,-0.013543124223937,-1.9324811220697,9.6963597208851,0
4658,-0.044934663715454,-0.059901813899963,-1.9280401342953,5.8122942427577,0
3198,-0.039323090616881,-0.046456550580328,-1.9277391167543,2.8677517790523,0
4748,-0.018367611345697,-0.050017287639505,-1.9273280051347,7.0171497497822,0
4570,-0.054555477528152,-0.060832070168201,-1.9239478732343,4.886031798461,0
4794,0.0033506293992301,-0.040850209116456,-1.9237218327956,7.756065481083,0
3199,-0.041419368695228,-0.047851328020345,-1.921691592799,2.9965622443671,0
4841,0.036699908719592,-0.030149462574472,-1.9199192734579,8.6274948189816,0
3200,-0.043406164825314,-0.049230659925056,-1.9156440688438,3.1253727096818,0
5389,0.093562517574896,-0.017050310658525,-1.9120037446096,9.5984437080261,0
4702,-0.035892026431778,-0.057730165318991,-1.9100277247284,6.2921934144478,0
3201,-0.045267081914167,-0.050585936578218,-1.9095965448885,3.2541831749964,0
3202,-0.046986503091393,-0.051909011432774,-1.9035490209332,3.382993640311,0
4613,-0.052019718877053,-0.061802336483692,-1.9030391476914,5.2299366525834,0
4747,-0.021570479497,-0.052303738171524,-1.9027818775959,6.8995664966611,0
4793,-0.00059296123952383,-0.043300995902632,-1.9008885976861,7.6372212388074,0
292,-1.3019784673487,0.0075220981651467,-1.900260887585,0.062500002000118,0
293,-1.1321906143871,0.015645267016422,-1.900260887585,0.1875000060004,0
294,-0.92035723879222,0.019888486116807,-1.900260887585,0.31250001000044,0
295,-0.70133302202615,0.017703762013636,-1.900260887585,0.43750001400015,0
1100,-0.49667553227005,0.010350866577539,-1.900260887585,0.56250001799995,0
1101,-0.31934582014883,-0.0005709715681329,-1.900260887585,0.68750002199987,0
1102,-0.18243093102384,-0.012187577131879,-1.900260887585,0.81250002599991,0
1103,-0.08976735126837,-0.021671323469291,-1.900260887585,0.93750002999999,0
4657,-0.046510276185127,-0.061226377210385,-1.9001424993124,5.6974750825713,0
4840,0.031051502085282,-0.032313764085732,-1.8988216776593,8.5074708859011,0
3203,-0.048550002851238,-0.053192309097044,-1.8975014969779,3.5118041056256,0
3212,-0.035018999793694,-0.028249801879666,-1.8974099120061,1.0644052646571,0
4569,-0.054466497854347,-0.061275398701392,-1.8928077412838,4.7742963033966,0
3213,-0.01134239867585,-0.031740164543349,-1.8917079608483,1.1932157299712,0
5388,0.088557379763992,-0.020222551563239,-1.8915263671494,9.5005276951667,0
3204,-0.049944702370953,-0.054428964437093,-1.8914539730227,3.6406145709402,0
3214,-0.0076415197917561,-0.033032725545091,-1.8860060096905,1.3220261952852,0
3205,-0.051159543791126,-0.055612870918735,-1.8854064490674,3.7694250362549,0
4701,-0.038195513724622,-0.059492852095209,-1.883792962939,6.1759520107478,0
5387,-0.018057616865973,-0.00069479261448879,-1.8809729931972,10.426072799736,0
3215,-0.0097079242421142,-0.033737822816241,-1.8803040585327,1.4508366605993,0
3206,-0.052185446493587,-0.056738310054872,-1.8793589251121,3.8982355015696,0
4746,-0.02462880808775,-0.054524720679252,-1.8782357500572,6.7819832435403,0
4792,-0.0043965904132567,-0.045751183798121,-1.8780553625767,7.5183769965322,0
4839,0.025763006017598,-0.034557668468105,-1.8777240818606,8.3874469528204,0
3216,-0.012232758841487,-0.034593708820919,-1.8746021073749,1.5796471259132,0
4612,-0.052538964985295,-0.062538546535294,-1.8735058945051,5.1166196358956,0
3207,-0.053015414775314,-0.057799695175039,-1.8733114011568,4.0270459668842,0
4656,-0.047856766327749,-0.062401143244844,-1.8722448643295,5.582655922385,0
4887,0.081250421957495,-0.023207621447263,-1.8716173140142,9.3910087308877,0
3217,-0.014758806407496,-0.035550773001694,-1.8689001562171,1.7084575912272,0
3208,-0.053644823092667,-0.058794436417926,-1.8672638772015,4.1558564321988,0
3218,-0.017258879267762,-0.036597155021524,-1.8631982050593,1.837268056541,0
5386,0.014127147254295,0.00073256955920109,-1.8624214851299,10.327770969023,0
4568,-0.054147662552174,-0.061845061275704,-1.8616676093333,4.6625608083322,0
3209,-0.054071562551735,-0.059728018736225,-1.8612163532463,4.2846668975134,0
4700,-0.040295420339736,-0.061117697651395,-1.8575582011497,6.059710607048,0
3219,-0.01973859609342,-0.037728346952508,-1.8574962539015,1.9660785218547,0
4838,0.020781971474685,-0.036868752532473,-1.856626486062,8.2674230197397,0
4791,-0.0080654184098611,-0.048195335870516,-1.8552221274673,7.3995327542571,0
3210,-0.05429453506495,-0.060597539459297,-1.855168829291,4.4134773628281,0
4745,-0.027531215065945,-0.056661089049267,-1.8536896225186,6.6643999904194,0
4886,0.073327311585466,-0.025842495713298,-1.852276585204,9.269886815189,0
3220,-0.022201680460486,-0.038935811837383,-1.8517943027437,2.0948889871685,0
3211,-0.054311927403346,-0.061335759368122,-1.8491213053357,4.5422878281427,0
3221,-0.024647374122321,-0.040210109470784,-1.8460923515859,2.2236994524824,0
4655,-0.048970498228697,-0.063422987299388,-1.8443472293465,5.4678367621985,0
4611,-0.052817983226638,-0.063125033250099,-1.8439726413186,5.0033026192077,0
5385,0.039945288274802,0.00048248028736555,-1.8438699770627,10.22946913831,0
3222,-0.027070799692179,-0.041541374026358,-1.8403904004281,2.3525099177962,0
4837,0.016067778869845,-0.039232737964823,-1.8355288902634,8.1473990866592,0
3223,-0.029463572032685,-0.042919425647567,-1.8346884492703,2.4813203831101,0
4885,0.065389193295078,-0.028180504344482,-1.8329358563938,9.1487648994902,0
4790,-0.011600719002585,-0.050620329300656,-1.8323888923579,7.2806885119816,0
4699,-0.042183366163916,-0.062595541560919,-1.8313234393603,5.9434692033482,0
4744,-0.030265910302292,-0.058694289250052,-1.8291434949798,6.5468167372981,0
3224,-0.031814437705277,-0.044333915541008,-1.8289864981126,2.6101308484239,0
5384,0.059850873957642,-0.0015882270335185,-1.8253184689955,10.131167307597,0
3225,-0.034109920559275,-0.045774447883461,-1.8232845469548,2.7389413137379,0
3226,-0.036334955589914,-0.047230680431165,-1.8175825957969,2.8677517790524,0
4654,-0.049848932393553,-0.064289782009056,-1.8164495943635,5.3530176020121,0
4610,-0.052857883620085,-0.063560655519429,-1.8144393881322,4.8899856025197,0
4836,0.011587118394861,-0.041631834153149,-1.8144312944648,8.0273751535787,0
4884,0.05772467707597,-0.030319143725017,-1.8135951275837,9.0276429837915,0
3227,-0.0384734964839,-0.048692413897965,-1.8118806446391,2.9965622443671,0
4789,-0.014999719837451,-0.053009484004432,-1.8095556572485,7.1618442697061,0
5383,0.074500882009429,-0.0049475006872974,-1.8067669609282,10.032865476883,0
3228,-0.040509086836129,-0.05014967840156,-1.8061786934813,3.1253727096818,0
4698,-0.043852725371075,-0.063919710697792,-1.8050886775709,5.8272277996484,0
4743,-0.032821464867391,-0.060607390600052,-1.804597367441,6.4292334841768,0
3229,-0.042425388438863,-0.051592821086729,-1.8004767423234,3.2541831749965,0
3230,-0.044206662541129,-0.053012598290296,-1.7947747911656,3.382993640311,0
4883,0.05047890555913,-0.032369092118782,-1.7942543987736,8.9065210680932,0
4835,0.0073063234911199,-0.044080128140626,-1.7933336986662,7.9073512204981,0
3231,-0.045838202177381,-0.054400289631818,-1.7890728400078,3.5118041056256,0
4653,-0.050490414090619,-0.06500000325893,-1.7885519593806,5.2381984418256,0
5382,0.084216122145758,-0.0089677172615849,-1.7882154528609,9.93456364617,0
4788,-0.018256550922296,-0.055344260302322,-1.7867224221391,7.0430000274309,0
296,-1.3228926557938,0.0076505294860141,-1.7850935610647,0.062500002000118,0
297,-1.1476556878171,0.016265548914825,-1.7850935610647,0.1875000060004,0
298,-0.92805624155193,0.020772439011756,-1.7850935610647,0.31250001000044,0
299,-0.70110303845086,0.018300492873611,-1.7850935610647,0.43750001400015,0
1104,-0.48993177272458,0.010172723165321,-1.7850935610647,0.56250001799995,0
1105,-0.30827368341642,-0.0017101329695345,-1.7850935610647,0.68750002199984,0
1106,-0.17076359532258,-0.014049581450198,-1.7850935610647,0.81250002599988,0
1107,-0.079642823514195,-0.023773537508838,-1.7850935610647,0.93750002999998,0
4609,-0.052660758000922,-0.063821525162314,-1.7849061349459,4.7766685858318,0
3232,-0.047306709135963,-0.055747845071415,-1.78337088885,3.6406145709403,0
3240,-0.027521722344087,-0.030180212986913,-1.7824153718845,1.0644052646571,0
4742,-0.035187400337463,-0.06238578526748,-1.7800512399023,6.3116502310556,0
4697,-0.045298416564221,-0.065085616735397,-1.7788539157816,5.7109863959486,0
3233,-0.048600588865654,-0.057047932607921,-1.7776689376921,3.7694250362549,0
3241,-0.0064388824089494,-0.033280476377444,-1.7770589935241,1.1932157299712,0
4882,0.043705743903324,-0.034413088082711,-1.7749136699634,8.7853991523945,0
4834,0.0032039926295773,-0.046554478847295,-1.7722361028676,7.7873272874175,0
3234,-0.049710137807732,-0.05829361146172,-1.7719669865343,3.8982355015696,0
3242,-0.004110722437055,-0.03424873194937,-1.7717026151638,1.3220261952852,0
5381,0.089499285250647,-0.013200508684028,-1.7696639447938,9.8362618154573,0
3243,-0.0064096295439382,-0.034767847284991,-1.7663462368034,1.4508366605993,0
3235,-0.050627714917229,-0.059478249881489,-1.7662650353765,4.0270459668842,0
4787,-0.02136325397892,-0.05760500506587,-1.7638891870298,6.9241557851562,0
3244,-0.0090097528749767,-0.035459547899643,-1.7609898584431,1.5796471259132,0
4652,-0.050894077480904,-0.065552435847455,-1.7606543243977,5.1233792816392,0
3236,-0.051348066185445,-0.060598382403716,-1.7605630842186,4.1558564321988,0
3245,-0.011574967313336,-0.036278956461349,-1.7556334800827,1.7084575912272,0
4881,0.037402881783997,-0.036500663618767,-1.7555729411532,8.6642772366956,0
4741,-0.037354573088746,-0.064017562479597,-1.7555051123635,6.1940669779345,0
4608,-0.052233469766693,-0.064164962805821,-1.7553728817594,4.6633515691439,0
3237,-0.051868296972182,-0.061657866699892,-1.7548611330608,4.2846668975134,0
4696,-0.046516612428001,-0.066090254751228,-1.7526191539922,5.5947449922488,0
4833,-0.00073171521813375,-0.049037140241094,-1.7511385070689,7.6673033543369,0
5380,0.091074811229729,-0.017326229465414,-1.7511124367267,9.7379599847449,0
3246,-0.014096632935219,-0.037217259116041,-1.7502771017224,1.837268056541,0
3238,-0.052186157800244,-0.0626513714946,-1.749159181903,4.4134773628281,0
3247,-0.016587741405039,-0.038266596887014,-1.744920723362,1.9660785218547,0
3239,-0.052299324065097,-0.06351490987814,-1.7434572307452,4.5422878281427,0
4786,-0.024310660181104,-0.059771922229306,-1.7410559519205,6.8053115428818,0
3248,-0.019056784274869,-0.03941564584137,-1.7395643450017,2.0948889871685,0
4880,0.031537828203624,-0.038655932435523,-1.736232212343,8.5431553209967,0
3249,-0.0215064950297,-0.04065287180831,-1.7342079666413,2.2236994524823,0
4651,-0.051059846849921,-0.065946284362958,-1.7327566894147,5.0085601214527,0
5379,0.089766986041758,-0.021149033461391,-1.7325609286596,9.6396581540326,0
4740,-0.039315348365258,-0.065493576785882,-1.7309589848248,6.0764837248134,0
4832,-0.0045084198647776,-0.051516653997538,-1.7300409112703,7.5472794212566,0
3250,-0.023934643576058,-0.041966726152214,-1.728851588281,2.3525099177962,0
4695,-0.04750445371454,-0.066931693307207,-1.7263843922028,5.478503588549,0
3251,-0.026334863444456,-0.043345633519927,-1.7234952099206,2.4813203831101,0
4785,-0.027089167397057,-0.061826181447538,-1.7182227168113,6.6864673006072,0
3252,-0.028697433935517,-0.044778054666872,-1.7181388315603,2.610130848424,0
4879,0.026065742831992,-0.04088528781341,-1.7168914835329,8.4220334052977,0
5378,0.086350368760768,-0.024647602824152,-1.7140094205925,9.5413563233199,0
3253,-0.031010031539656,-0.046252537449559,-1.7127824531999,2.738941313738,0
4831,-0.0081308155061046,-0.053977626090831,-1.7089433154717,7.4272554881764,0
3254,-0.03325844078635,-0.04775775230874,-1.7074260748396,2.8677517790524,0
4739,-0.041063578947913,-0.066807249570264,-1.7064128572861,5.9589004716924,0
4650,-0.050988984953164,-0.066180178488124,-1.7048590544317,4.8937409612661,0
3255,-0.035427213795908,-0.049282524192579,-1.7020696964792,2.9965622443671,0
4694,-0.04825983504352,-0.067608626371261,-1.7001496304134,5.3622621848492,0
4878,0.020940205299057,-0.043184406265242,-1.6975507547227,8.3009114895987,0
3256,-0.037500273618184,-0.050815872543706,-1.6967133181188,3.1253727096818,0
4927,0.080386160738018,-0.028056076907221,-1.6959515861997,9.4311365036239,0
4784,-0.029689394034793,-0.063750834931801,-1.695389481702,6.5676230583324,0
3257,-0.039461461264338,-0.052347066714388,-1.6913569397584,3.2541831749965,0
4830,-0.011599851606066,-0.056400120835411,-1.6878457196731,7.3072315550958,0
3258,-0.041295029465184,-0.053865703060724,-1.686000561398,3.382993640311,0
5377,-0.016427154843788,-6.9031666969282e-05,-1.6853277750276,10.466717093631,0
4738,-0.04259443083045,-0.067954168250116,-1.6818667297473,5.8413172185713,0
3259,-0.042986087269708,-0.055361819698554,-1.6806441830376,3.5118041056256,0
4926,0.073343771153546,-0.031108337717514,-1.6783874254812,9.3089986949446,0
4877,0.016118023553115,-0.045543526605558,-1.6782100259125,8.1797895738999,0
4649,-0.050684132000489,-0.066236750716887,-1.6769614194488,4.7789218010797,0
3260,-0.044520990820575,-0.056826047770278,-1.6752878046772,3.6406145709403,0
4693,-0.048781298785989,-0.068120037693257,-1.6739148686241,5.2460207811493,0
4783,-0.032102675060598,-0.065531421992306,-1.6725562465927,6.4487788160575,0
3261,-0.045887653400215,-0.058249662097475,-1.6699314263169,3.7694250362549,0
301,-1.163843678872,0.016862142488239,-1.6699262345444,0.1875000060004,0
300,-1.344455556311,0.0077015655429484,-1.6699262345444,0.062500002000118,0
302,-0.93602449935713,0.021711356851385,-1.6699262345444,0.31250001000043,0
303,-0.70048353113052,0.018931397193477,-1.6699262345444,0.43750001400015,0
1108,-0.48229903569802,0.009885886926681,-1.6699262345444,0.56250001799994,0
1109,-0.29616540035229,-0.0030901940414747,-1.6699262345444,0.68750002199982,0
1110,-0.15839140928255,-0.016178277505516,-1.6699262345444,0.81250002599986,0
1111,-0.069235479660187,-0.026097260457054,-1.6699262345444,0.93750002999998,0
5376,0.0033661655232851,-0.00073365443471016,-1.668709372123,10.368067233708,0
3268,-0.020085502947821,-0.032248385097128,-1.6674208317629,1.0644052646571,0
4829,-0.014913107089261,-0.058762396841273,-1.6667481238745,7.1872076220152,0
3262,-0.047075762178831,-0.059624316325006,-1.6645750479565,3.8982355015696,0
3269,-0.0016898811980899,-0.034885632119413,-1.6624100262,1.1932157299712,0
4925,0.065917938606052,-0.033831030082584,-1.6608232647628,9.186860886265,0
3263,-0.048077012675209,-0.060942136021913,-1.6592186695961,4.0270459668842,0
4876,0.011559175327304,-0.047946979270464,-1.6588692971023,8.0586676582011,0
3270,-0.0006523196328265,-0.035447686655047,-1.6573992206371,1.3220261952852,0
4737,-0.04390412213921,-0.068931569100698,-1.6573206022086,5.7237339654503,0
3264,-0.048885462848246,-0.06219848678805,-1.6538622912357,4.1558564321988,0
3271,-0.0032207643241038,-0.035720999285818,-1.6523884150742,1.4508366605993,0
5375,0.027925997354551,-0.0016342497677674,-1.6520909692184,10.269417373785,0
4782,-0.034321384197435,-0.067156268530258,-1.6497230114834,6.3299345737827,0
4648,-0.050150477670428,-0.066331809451995,-1.6490637844658,4.6641026408932,0
3265,-0.049497319593332,-0.063395176330338,-1.6485059128753,4.2846668975134,0
4692,-0.049068072987176,-0.068464995114349,-1.6476801068347,5.1297793774495,0
3272,-0.0058750672007293,-0.036220145675503,-1.6473776095112,1.5796471259132,0
4828,-0.018065853262633,-0.061042708923006,-1.6456505280759,7.0671836889349,0
4924,0.058491117103066,-0.036290502688142,-1.6432591040443,9.0647230775857,0
3266,-0.049909036241758,-0.064524359348913,-1.6431495345149,4.4134773628281,0
3273,-0.0084607563928254,-0.036870758515237,-1.6423668039483,1.7084575912272,0
4875,0.0072286431955201,-0.050401134283917,-1.6395285682922,7.9375457425021,0
3267,-0.050117633233506,-0.065526197507921,-1.6377931561545,4.5422878281427,0
3274,-0.010986958148295,-0.037672081971929,-1.6373559983854,1.837268056541,0
5374,0.04752856410345,-0.0039250289409899,-1.6354725663137,10.170767513862,0
4736,-0.044989654090731,-0.069737794240672,-1.6327744746699,5.6061507123293,0
3275,-0.013472907094499,-0.038614385768126,-1.6323451928225,1.9660785218547,0
3276,-0.015931549317265,-0.039683132640343,-1.6273343872596,2.0948889871685,0
4781,-0.036339081825671,-0.068616511851807,-1.6268897763741,6.211090331508,0
4923,0.051293015781926,-0.038592710911527,-1.6256949433259,8.9425852689067,0
4827,-0.021052037853789,-0.063220212043638,-1.6245529322773,6.9471597558552,0
3277,-0.018369103071256,-0.040864153008703,-1.6223235816967,2.2236994524823,0
4691,-0.049120196997572,-0.068642815394529,-1.6214453450453,5.0135379737496,0
4874,0.0031056253107294,-0.052880568285076,-1.620187839482,7.8164238268032,0
5373,0.062702535716355,-0.0073735397608451,-1.618854163409,10.072117653939,0
3278,-0.020785998639876,-0.042143902847486,-1.6173127761338,2.3525099177962,0
3279,-0.02317790736184,-0.043509253888483,-1.6123019705709,2.4813203831101,0
4735,-0.045848603151474,-0.070371799129669,-1.6082283471311,5.4885674592082,0
4922,0.044448589494816,-0.040828078290582,-1.6081307826075,8.8204474602274,0
3280,-0.025536677673795,-0.044947413843692,-1.607291165008,2.610130848424,0
4780,-0.038150499061858,-0.069905883559097,-1.6040565412648,6.0922460892333,0
4826,-0.023865033160263,-0.065275687564615,-1.6034553364789,6.8271358227757,0
3281,-0.027851200715842,-0.046445871781488,-1.6022803594451,2.738941313738,0
5372,0.073601639543137,-0.011468660704772,-1.6022357605044,9.9734677940162,0
4873,-0.00082275534499984,-0.055362364759341,-1.6008471106718,7.6953019111042,0
3282,-0.030108202493065,-0.047992340708213,-1.5972695538821,2.8677517790524,0
4690,-0.048939127954884,-0.06865195977396,-1.5952105832559,4.8972965700496,0
3283,-0.032292954036914,-0.049574707892307,-1.5922587483192,2.9965622443671,0
4921,0.038012172692032,-0.043057192840505,-1.590566621889,8.6983096515478,0
3284,-0.034389899976993,-0.051181008619454,-1.5872479427563,3.1253727096819,0
5371,0.080509425932133,-0.015815395096584,-1.5856173575998,9.8748179340938,0
4734,-0.046479012564947,-0.070832772754779,-1.5836822195924,5.3709842060872,0
4825,-0.026498205110014,-0.067192198585332,-1.5823577406805,6.7071118896961,0
3285,-0.036383213651365,-0.052799434717698,-1.5822371371933,3.2541831749965,0
4872,-0.004564749346683,-0.057826113938519,-1.5815063818616,7.5741799954056,0
4779,-0.039751387210485,-0.071020300200677,-1.5812233061555,5.9734018469587,0
3286,-0.038257291001356,-0.054418386898852,-1.5772263316304,3.382993640311,0
4920,0.031993248044299,-0.045315095573347,-1.5730024611705,8.5761718428683,0
3287,-0.039997195362309,-0.056026583802133,-1.5722155260674,3.5118041056256,0
5370,0.083900355660625,-0.020126180724751,-1.5689989546953,9.7761680741718,0
4689,-0.048527974158526,-0.068480819553309,-1.5689758214665,4.7810551663498,0
3288,-0.041589051879198,-0.057613213056152,-1.5672047205045,3.6406145709403,0
3289,-0.043020365448039,-0.059167988042073,-1.5621939149415,3.7694250362549,0
4871,-0.0081259282937887,-0.060249326709514,-1.5621656530515,7.453058079707,0
4824,-0.028945333197341,-0.068955539805713,-1.561260144882,6.5870879566161,0
4733,-0.046879430454298,-0.071119893659036,-1.5591360920536,5.2534009529661,0
4778,-0.041138286065071,-0.071957332566255,-1.5583900710462,5.8545576046841,0
3290,-0.04428026280503,-0.060680961452852,-1.5571831093786,3.8982355015696,0
4919,0.026374419295506,-0.047618347148199,-1.5554383004521,8.4540340341886,0
304,-1.3665642573583,0.0076513513289499,-1.5547589080241,0.062500002000118,0
305,-1.1808025662381,0.017407465510169,-1.5547589080241,0.1875000060004,0
306,-0.94430305228754,0.022709159410964,-1.5547589080241,0.31250001000043,0
307,-0.699400241634,0.019605749282358,-1.5547589080241,0.43750001400015,0
1114,-0.14528946659707,-0.018607439003926,-1.5547589080241,0.81250002599984,0
1115,-0.05859279735961,-0.028652810535068,-1.5547589080241,0.93750002999997,0
1112,-0.47361103916692,0.009455804407278,-1.5547589080241,0.56250001799993,0
1113,-0.28290664730134,-0.0047710979596478,-1.5547589080241,0.6875000219998,0
3296,-0.012804462996121,-0.034442759897994,-1.5524262916413,1.0644052646571,0
5369,0.084375449323263,-0.024211441634589,-1.5523805517908,9.6775182142498,0
3291,-0.045359785381496,-0.062142789457885,-1.5521723038157,4.0270459668842,0
3297,0.0027492284745631,-0.036476602045203,-1.5477610588759,1.1932157299712,0
3292,-0.046252260433733,-0.06354732553787,-1.5471614982527,4.1558564321988,0
3298,0.0025925056965433,-0.036515999068581,-1.5430958261104,1.3220261952852,0
4870,-0.011509020787849,-0.062607878340327,-1.5428249242413,7.3319361640082,0
4688,-0.047891121358635,-0.068303995006203,-1.5427410596771,4.6648137626499,0
3293,-0.046952889497788,-0.064893841950176,-1.5421506926898,4.2846668975134,0
4823,-0.031200881250319,-0.070554423732744,-1.5401625490835,6.4670640235362,0
3299,-9.3956102764088e-05,-0.036542379771581,-1.5384305933449,1.4508366605993,0
4918,0.021124200125587,-0.049970638854023,-1.5378741397336,8.3318962255089,0
3294,-0.047456671836369,-0.066171820470106,-1.5371398871268,4.4134773628281,0
5368,0.082547911737962,-0.028014512898074,-1.5357621488863,9.5788683543275,0
4777,-0.042308276163587,-0.072715639861199,-1.535556835937,5.7357133624095,0
4732,-0.047049084159739,-0.071232254986361,-1.5345899645149,5.135817699845,0
3300,-0.002865202624804,-0.036819154472346,-1.5337653605794,1.5796471259132,0
3295,-0.047759781443402,-0.06732639550242,-1.5321290815639,4.5422878281427,0
3301,-0.0054531948435568,-0.037287446490898,-1.529100127814,1.7084575912271,0
3302,-0.0079646614958105,-0.037926479923643,-1.5244348950485,1.837268056541,0
4869,-0.014714196017783,-0.06487798943301,-1.5234841954312,7.2108142483092,0
4917,0.016205129508959,-0.052367292759248,-1.5203099790152,8.2097584168294,0
3303,-0.010426774406244,-0.038735666318853,-1.519769662283,1.9660785218547,0
4967,0.078081463119141,-0.03187647513383,-1.5195682349614,9.4680077948216,0
4822,-0.033260119981113,-0.071980421558182,-1.5190649532849,6.3470400904563,0
3304,-0.012856692417079,-0.039700258985902,-1.5151044295176,2.0948889871685,0
4776,-0.043258784417016,-0.073294446770545,-1.5127236008277,5.6168691201348,0
3305,-0.015263989778099,-0.040803690700155,-1.5104391967521,2.2236994524823,0
4731,-0.046988133576503,-0.07116909217319,-1.5100438369762,5.0182344467239,0
3306,-0.017651719612419,-0.04203026263612,-1.5057739639866,2.3525099177962,0
4868,-0.017739879927412,-0.06703758424029,-1.504143466621,7.0896923326106,0
4966,0.07211159248453,-0.035423973269613,-1.5037988100163,9.3449365357322,0
4916,0.011577611252285,-0.054796724557376,-1.5027458182967,8.0876206081499,0
3307,-0.020017561908119,-0.043365214413224,-1.5011087312212,2.4813203831101,0
4821,-0.035119111922359,-0.073227694543392,-1.4979673574864,6.2270161573765,0
3308,-0.022354932196498,-0.044794506509476,-1.4964434984557,2.610130848424,0
3309,-0.024653976426953,-0.046304631188959,-1.4917782656902,2.738941313738,0
4775,-0.043987483615494,-0.073693128562677,-1.4898903657184,5.4980248778602,0
5367,-0.014742226965641,-0.00026121939695201,-1.4889557280167,10.503690437586,0
4965,0.065399764285883,-0.038646756813851,-1.4880293850712,9.2218652766426,0
3310,-0.026902450665596,-0.047882435456482,-1.4871130329248,2.8677517790524,0
4730,-0.046698347741195,-0.070928779084683,-1.4854977094374,4.9006511936027,0
4915,0.0072069965160311,-0.057254262111013,-1.4851816575783,7.9654827994703,0
4867,-0.020583542136269,-0.069066967374402,-1.4848027378109,6.9685704169125,0
3311,-0.029086479455794,-0.049514964484832,-1.4824478001593,2.9965622443672,0
3312,-0.03119119974931,-0.051189347700496,-1.4777825673938,3.1253727096819,0
4820,-0.036774581648096,-0.074292556459791,-1.476869761688,6.1069922242968,0
5366,-0.0069753044825276,-0.0020067900092907,-1.4742769261766,10.404730472182,0
3313,-0.033201309548931,-0.052892744512061,-1.4731173346283,3.2541831749965,0
4964,0.058407466787966,-0.04156783155691,-1.4722599601261,9.0987940175533,0
3314,-0.035101545566849,-0.054612361583554,-1.4684521018628,3.382993640311,0
4914,0.0030736500796249,-0.059714469608187,-1.4676174968598,7.8433449907907,0
4774,-0.044492333457056,-0.073910939808272,-1.4670571306091,5.3791806355855,0
4866,-0.023242256678364,-0.070949215180275,-1.4654620090009,6.8474485012147,0
3315,-0.036877112727696,-0.056335549594403,-1.4637868690973,3.5118041056256,0
4729,-0.046183345824128,-0.070504733523019,-1.4609515818987,4.7830679404816,0
5365,0.016395310464908,-0.0029328840837629,-1.4595981243365,10.305770506779,0
3316,-0.038514070168279,-0.058049949405288,-1.4591216363318,3.6406145709403,0
4963,0.051436422943604,-0.044276579611985,-1.456490535181,8.9757227584642,0
4819,-0.038223712297001,-0.075172927089455,-1.4557721658895,5.9869682912171,0
3317,-0.039999648891451,-0.059743556914842,-1.4544564035663,3.7694250362549,0
4913,-0.00083292280776867,-0.062153584212184,-1.4500533361413,7.7212071821111,0
3318,-0.041322512822554,-0.061404628048346,-1.4497911708008,3.8982355015696,0
4865,-0.025713077548935,-0.07267040882884,-1.4461212801909,6.7263265855168,0
3319,-0.042473101228835,-0.063022103050426,-1.4451259380353,4.0270459668843,0
5364,0.035511508828804,-0.0053147601739639,-1.4449193224963,10.206810541375,0
4773,-0.044771769336413,-0.073946907442035,-1.4442238954998,5.2603363933108,0
4962,0.044676177730568,-0.046860578113295,-1.4407211102359,8.8526514993748,0
3320,-0.043444001381585,-0.064587936031577,-1.4404607052698,4.1558564321988,0
308,-1.3890635289564,0.0074753977011809,-1.4395915815038,0.062500002000118,0
309,-1.1985795485076,0.017862026992111,-1.4395915815038,0.1875000060004,0
310,-0.95295116346931,0.023767375874147,-1.4395915815038,0.31250001000043,0
1118,-0.13144253854768,-0.021375289695864,-1.4395915815038,0.81250002599981,0
1119,-0.047791935607713,-0.031439550295623,-1.4395915815038,0.93750002999996,0
1116,-0.46364918786246,0.0088420934858752,-1.4395915815038,0.56250001799992,0
311,-0.69776744170774,0.020334512228687,-1.4395915815038,0.43750001400015,0
1117,-0.2683852586647,-0.0068241370330871,-1.4395915815038,0.68750002199977,0
3324,-0.0058227235122364,-0.036713276972171,-1.4374317515198,1.0644052646571,0
4728,-0.045447620649253,-0.070031042187526,-1.4364054543599,4.6654846873605,0
3321,-0.044229326787984,-0.066098312098948,-1.4357954725043,4.2846668975134,0
4818,-0.039463929752085,-0.075867747716574,-1.434674570091,5.8669443581373,0
3325,0.0066625240362207,-0.037965428593756,-1.4331120915517,1.1932157299712,0
4912,-0.0045214760785646,-0.06454730446459,-1.4324891754229,7.5990693734318,0
3322,-0.044822471058156,-0.067539786766254,-1.4311302397388,4.4134773628281,0
5363,0.050869667512347,-0.0087798046179531,-1.4302405206561,10.107850575972,0
3326,0.0055736086380072,-0.037462939887821,-1.4287924315837,1.3220261952852,0
4864,-0.027993276842088,-0.074219680147981,-1.4267805513809,6.6052046698185,0
3323,-0.045218520018134,-0.068863187348273,-1.4264650069733,4.5422878281427,0
4961,0.038235869414674,-0.049380267755029,-1.4249516852907,8.7295802402851,0
3327,0.0028113289403167,-0.037168828897687,-1.4244727716157,1.4508366605992,0
4772,-0.044825004483594,-0.07379990734022,-1.4213906603905,5.1414921510362,0
3328,7.4012982223855e-05,-0.03720004094139,-1.4201531116476,1.5796471259132,0
3329,-0.0025857581375844,-0.037472818630301,-1.4158334516796,1.7084575912271,0
5362,0.062561042219939,-0.012882853743065,-1.415561718816,10.008890610568,0
4911,-0.0079998791253292,-0.066870587476211,-1.4149250147044,7.4769315647526,0
4817,-0.040492724384337,-0.076376444332107,-1.4135769742925,5.7469204250577,0
3330,-0.0050673140193426,-0.037937710830915,-1.4115137917116,1.837268056541,0
4960,0.032166673204354,-0.051873736469116,-1.4091822603456,8.6065089811955,0
4863,-0.030080458016648,-0.075589054724485,-1.4074398225708,6.4840827541202,0
3331,-0.0074859159615259,-0.038589379236838,-1.4071941317436,1.9660785218547,0
3332,-0.0098671561727344,-0.039424285022689,-1.4028744717755,2.0948889871684,0
5361,0.070714126921286,-0.01727065125021,-1.4008829169758,9.9099306451653,0
4771,-0.044652422215334,-0.073468961899437,-1.3985574252812,5.0226479087614,0
3333,-0.012224378380293,-0.040426232801696,-1.3985548118075,2.2236994524823,0
4910,-0.011274297746354,-0.069098999698967,-1.397360853986,7.354793756073,0
3334,-0.014563208223589,-0.041577779464248,-1.3942351518395,2.3525099177962,0
4959,0.026481463184319,-0.054362447116851,-1.3934128354005,8.4834377221058,0
4816,-0.041307573071635,-0.076698491255413,-1.3924793784941,5.626896491978,0
3335,-0.016883271300063,-0.042862601365748,-1.3899154918715,2.4813203831101,0
4862,-0.031972551058452,-0.076773114360646,-1.3880990937607,6.362960838422,0
5360,0.07560391884224,-0.021688093869195,-1.3862041151358,9.8109706797627,0
3336,-0.019179516318647,-0.044265506248474,-1.3855958319035,2.610130848424,0
3337,-0.021443365697875,-0.045772128365251,-1.3812761719354,2.738941313738,0
4909,-0.014349007267874,-0.071210039167245,-1.3797966932676,7.2326559473934,0
4958,0.021169086018331,-0.056855114277894,-1.3776434104553,8.360366463016,0
3338,-0.023663693767645,-0.047368611241769,-1.3769565119674,2.8677517790525,0
4770,-0.044256312594986,-0.072952513524159,-1.3757241901719,4.9038036664867,0
3339,-0.025827631318981,-0.049041319114894,-1.3726368519993,2.9965622443672,0
5359,0.077637689295886,-0.025962962650938,-1.3715253132958,9.7120107143601,0
4815,-0.041905989366743,-0.076833127848668,-1.3713817826956,5.5068725588982,0
4861,-0.033667709585971,-0.07776851766229,-1.3687583649506,6.2418389227238,0
3340,-0.02792121218951,-0.050776613115823,-1.3683171920313,3.1253727096819,0
3341,-0.02992989658764,-0.052560718078288,-1.3639975320632,3.2541831749965,0
4908,-0.017226838141343,-0.073183914581553,-1.3622325325491,7.1105181387141,0
4957,0.016204231055868,-0.059350807219043,-1.3618739855102,8.2372952039264,0
3342,-0.031839011660598,-0.054379694959008,-1.3596778720952,3.382993640311,0
5358,0.077273079851177,-0.030019374517376,-1.3568465114558,9.6130507489572,0
3343,-0.033634146658731,-0.056219519950308,-1.3553582121271,3.5118041056256,0
4769,-0.043640993751589,-0.072248344186167,-1.3528909550626,4.784959424212,0
3344,-0.035301517607472,-0.058066221742368,-1.3510385521591,3.6406145709403,0
4814,-0.042285722017533,-0.076779241753925,-1.3502841868971,5.3868486258185,0
4860,-0.035164145839509,-0.07857342856961,-1.3494176361406,6.1207170070258,0
3345,-0.036828277530672,-0.059905954388119,-1.346718892191,3.769425036255,0
4956,0.011554124039403,-0.061842190502716,-1.3461045605651,8.1142239448369,0
4907,-0.019909686778702,-0.075003913228129,-1.3446683718307,6.9883803300354,0
5007,0.074309103167304,-0.034316206644754,-1.342528079922,9.5016097949374,0
3346,-0.038202788685751,-0.061725000907697,-1.342399232223,3.8982355015696,0
3347,-0.03941500090603,-0.063510338537275,-1.3380795722549,4.0270459668843,0
3348,-0.040456807676698,-0.065251607596557,-1.3337599122869,4.1558564321988,0
4955,0.0071872364275477,-0.064315043526812,-1.33033513562,7.9911526857472,0
4859,-0.036459948599195,-0.079186926032432,-1.3300769073306,5.9995950913278,0
4768,-0.042812009082377,-0.071451219270161,-1.3300577199533,4.6661151819373,0
3349,-0.041321204139479,-0.066941293631414,-1.3294402523188,4.2846668975134,0
4813,-0.042445077390094,-0.076535425252741,-1.3291865910986,5.2668246927387,0
5006,0.069492406302878,-0.038393632316609,-1.3285700186945,9.3776878523008,0
4906,-0.022398866996779,-0.076656515891105,-1.3271042111124,6.8662425213569,0
3350,-0.041999861738788,-0.068562655663262,-1.3251205923508,4.413477362828,0
312,-1.4117322664463,0.0071520752605689,-1.3244242549835,0.062500002000118,0
313,-1.2172133705254,0.018170728147688,-1.3244242549835,0.1875000060004,0
314,-0.96204938411525,0.024881036903047,-1.3244242549835,0.31250001000043,0
1120,-0.45209614890922,0.008008746563197,-1.3244242549835,0.56250001799991,0
1122,-0.11683109983272,-0.024562270962041,-1.3244242549835,0.81250002599979,0
1123,-0.036886859711016,-0.034521471789774,-1.3244242549835,0.93750002999996,0
315,-0.69548402560436,0.021122544733883,-1.3244242549835,0.43750001400015,0
1121,-0.25253381414131,-0.0093209117006927,-1.3244242549835,0.68750002199975,0
3352,0.00091174685996652,-0.039116452659297,-1.3224372113982,1.0644052646571,0
3351,-0.042486491851006,-0.070072785220394,-1.3208009323827,4.5422878281427,0
3353,0.010089172058037,-0.039346171145532,-1.3184631242276,1.1932157299712,0
5005,0.063618357785151,-0.042192154733296,-1.314611957467,9.2537659096639,0
4954,0.0030845011340772,-0.066745680749026,-1.3145657106748,7.8680814266575,0
3354,0.0082749778312298,-0.038299271187664,-1.314489037057,1.3220261952852,0
4858,-0.037552943594991,-0.079608458835709,-1.3107361785205,5.8784731756298,0
3355,0.0054716350273106,-0.037613961402939,-1.3105149498864,1.4508366605992,0
4905,-0.024695320401287,-0.078131319067516,-1.3095400503942,6.7441047126783,0
4812,-0.042383360755946,-0.076100202860637,-1.3080889953001,5.146800759659,0
3356,0.0027694966441297,-0.037318542839726,-1.3065408627158,1.5796471259132,0
3357,0.00019136889895693,-0.037349310362372,-1.3025667755452,1.7084575912271,0
5004,0.057203657075721,-0.045686998793616,-1.3006538962396,9.1298439670273,0
4953,-0.00076209206404214,-0.069115075578663,-1.2987962857297,7.7450101675678,0
3358,-0.0023263374408091,-0.037643619509111,-1.2985926883747,1.8372680565409,0
3359,-0.0046900513151517,-0.038125904817908,-1.2946186012041,1.9660785218547,0
4904,-0.026799725124483,-0.079420783184633,-1.2919758896758,6.6219669039993,0
5357,-0.012958535727723,-0.00062851448545572,-1.291925724969,10.536979864182,0
4857,-0.038440643392395,-0.079837414008559,-1.2913954497105,5.7573512599317,0
3360,-0.007002559391483,-0.038806521796521,-1.2906445140335,2.0948889871684,0
4811,-0.042101387876498,-0.075472397594188,-1.2869913995016,5.0267768265792,0
5003,0.050609875475589,-0.048937615521277,-1.2866958350122,9.005922024391,0
3361,-0.0092885568829693,-0.039680810782612,-1.2866704268629,2.2236994524823,0
4952,-0.004361951612408,-0.07139991221179,-1.2830268607846,7.6219389084784,0
3362,-0.011557117450002,-0.040732374021786,-1.2826963396924,2.3525099177962,0
5356,-0.012382285194316,-0.0019927003693531,-1.2791922777383,10.437747837651,0
3363,-0.013809819964509,-0.041943969136681,-1.2787222525218,2.4813203831101,0
3364,-0.016043095470868,-0.043299523681383,-1.2747481653512,2.610130848424,0
4903,-0.028712512870813,-0.080519828033051,-1.2744117289574,6.4998290953204,0
5002,0.044084270235931,-0.052014141354864,-1.2727377737847,8.8820000817544,0
4856,-0.039120322575263,-0.079872842530741,-1.2720547209004,5.6362293442337,0
3365,-0.018249654164761,-0.0447840471238,-1.2707740781806,2.7389413137381,0
4951,-0.0077256475216584,-0.07357710759421,-1.2672574358395,7.4988676493891,0
3366,-0.020419583311273,-0.046383215241873,-1.26679999101,2.8677517790525,0
5355,0.0067731991831201,-0.0031459688375136,-1.2664588305076,10.33851581112,0
4810,-0.041602271251579,-0.074650812767168,-1.2658938037031,4.9067528934994,0
3367,-0.022541196072637,-0.048082937761215,-1.2628259038394,2.9965622443672,0
3368,-0.024601665672957,-0.049869004964547,-1.2588518166688,3.1253727096819,0
5001,0.037782045780822,-0.054966758810377,-1.2587797125573,8.7580781391175,0
4902,-0.030433802953018,-0.081425311884525,-1.256847568239,6.3776912866416,0
3369,-0.026587500631469,-0.05172686085467,-1.2548777294982,3.2541831749966,0
5354,0.024360296614496,-0.0056756348654721,-1.2537253832768,10.239283784588,0
4855,-0.039589224121617,-0.07971335444413,-1.2527139920904,5.5151074285357,0
4950,-0.01086318095776,-0.075625839281635,-1.2514880108944,7.3757963902995,0
3370,-0.028484922916173,-0.053641523019098,-1.2509036423276,3.3829936403111,0
3371,-0.030280205947144,-0.0555976421267,-1.246929555157,3.5118041056257,0
5000,0.031791299949144,-0.057827879296417,-1.2448216513298,8.6341561964806,0
4809,-0.040891374647868,-0.073637041192859,-1.2447962079046,4.7867289604196,0
3372,-0.03196000589317,-0.057579628887359,-1.2429554679864,3.6406145709403,0
5353,0.039390712464937,-0.0090945506940556,-1.2409919360461,10.140051758057,0
4901,-0.03196328650022,-0.082135440828941,-1.2392834075207,6.2555534779628,0
3373,-0.033511662300159,-0.059571731666598,-1.2389813808158,3.769425036255,0
4949,-0.013783223515604,-0.07752800350569,-1.2357185859492,7.2527251312098,0
3374,-0.034923474443865,-0.061558136490255,-1.2350072936452,3.8982355015696,0
4854,-0.039844895709224,-0.079357185414972,-1.2333732632803,5.3939855128376,0
3375,-0.036185096630655,-0.063523644098841,-1.2310332064746,4.0270459668843,0
4999,0.026153474790137,-0.060617441733218,-1.2308635901023,8.5102342538437,0
5352,0.051480716952093,-0.013110884668264,-1.2282584888154,10.040819731526,0
3376,-0.037287857965919,-0.065455174421934,-1.2270591193039,4.1558564321988,0
4808,-0.039976242555888,-0.072488343316978,-1.2236986121061,4.6667050273399,0
3377,-0.038223697604838,-0.067340863056515,-1.2230850321333,4.2846668975134,0
4900,-0.03330009757767,-0.082649175417751,-1.2217192468024,6.1334156692841,0
4948,-0.016493154401092,-0.079268349391006,-1.2199491610041,7.1296538721205,0
3378,-0.038982534137375,-0.069160166257454,-1.2191109449627,4.413477362828,0
4998,0.020878600009295,-0.063345156213418,-1.2169055288748,8.3863123112067,0
5351,0.060515884501827,-0.017433218902667,-1.2155250415847,9.9415877049949,0
3379,-0.0395563973344,-0.070876800705987,-1.2151368577921,4.5422878281427,0
4853,-0.039885647936795,-0.078802411051753,-1.2140325344703,5.2728635971395,0
316,-1.4342722382052,0.006668698701124,-1.2092569284632,0.062500002000118,0
317,-1.2367231446813,0.018261498018618,-1.2092569284632,0.1875000060004,0
318,-0.97170262496219,0.02603784740745,-1.2092569284632,0.31250001000043,0
319,-0.69243140063808,0.021962554165288,-1.2092569284632,0.43750001400015,0
1124,-0.43857774710298,0.0069274907468724,-1.2092569284632,0.56250001799991,0
1125,-0.23527802765666,-0.012330307587413,-1.2092569284632,0.68750002199972,0
1126,-0.10147360754902,-0.028276974347712,-1.2092569284632,0.81250002599977,0
1127,-0.026084676375239,-0.037908407695186,-1.2092569284632,0.93750002999995,0
3380,0.0068341814446483,-0.041456442093236,-1.2074426712766,1.0644052646571,0
4947,-0.01899926366677,-0.08083457194021,-1.2041797360591,7.0065826130317,0
4899,-0.034442728210209,-0.082965701412549,-1.204155086084,6.0112778606054,0
3381,0.012940179177856,-0.040565156586756,-1.2038141569035,1.1932157299712,0
4997,0.015956416114211,-0.066011948399411,-1.2029474676474,8.2623903685699,0
5350,0.066573471459252,-0.021845142974128,-1.2027915943541,9.8423556784645,0
3382,0.010631231963643,-0.038971908045384,-1.2001856425303,1.3220261952852,0
3383,0.0078357990568354,-0.037841980529738,-1.1965571281572,1.4508366605992,0
4852,-0.039711103652945,-0.07804730593741,-1.1946918056602,5.1517416814415,0
3384,0.0051944606401485,-0.037167966454216,-1.192928613784,1.5796471259132,0
5349,0.069883804598657,-0.026201775458438,-1.1900581471235,9.743123651934,0
3385,0.0026979168718226,-0.036885150150009,-1.1893000994109,1.7084575912271,0
4996,0.011364898508831,-0.06861384248111,-1.1889894064199,8.1384684259331,0
4946,-0.021306883945641,-0.082217247591871,-1.1884103111141,6.8835113539432,0
4898,-0.035389027259259,-0.083084031982735,-1.1865909253657,5.8891400519267,0
3386,0.00029545690678982,-0.036939521606438,-1.1856715850377,1.8372680565409,0
3387,-0.0020695007658686,-0.037274111262638,-1.1820430706646,1.9660785218547,0
3388,-0.0043058984955536,-0.037788309334797,-1.1784145562915,2.0948889871684,0
5348,0.070764037065671,-0.030425693541825,-1.1773246998929,9.6438916254033,0
4851,-0.039322811875923,-0.077090746524328,-1.1753510768501,5.0306197657433,0
4995,0.007077966794771,-0.071133667044678,-1.1750313451925,8.0145464832961,0
3389,-0.0065003311604066,-0.038509034367527,-1.1747860419183,2.2236994524823,0
4945,-0.023420448692688,-0.083409566032762,-1.1726408861691,6.7604400948545,0
3390,-0.008676033294802,-0.039432851648128,-1.1711575275452,2.3525099177962,0
4897,-0.03613630997554,-0.083002769450592,-1.1690267646474,5.767002243248,0
3391,-0.010838053546624,-0.040544502798669,-1.1675290131721,2.4813203831102,0
5047,0.069172235140884,-0.035090136563325,-1.1648921687396,9.531930830246,0
3392,-0.012984441370144,-0.041827889142516,-1.1639004987989,2.6101308484241,0
4994,0.003075660413076,-0.073548150723413,-1.161073283965,7.8906245406592,0
3393,-0.015109215423669,-0.043267806699995,-1.1602719844258,2.7389413137381,0
4944,-0.025343504108124,-0.084406894665718,-1.1568714612241,6.6373688357654,0
3394,-0.017203781484398,-0.044849774215409,-1.1566434700526,2.8677517790525,0
4850,-0.038725077216619,-0.075932379946336,-1.1560103480401,4.9094978500452,0
3395,-0.01925783761009,-0.046559525978966,-1.1530149556795,2.9965622443672,0
5046,0.06547167070855,-0.039688906725717,-1.1527605536639,9.4072412664623,0
4896,-0.036681584682193,-0.082720048137004,-1.151462603929,5.6448644345693,0
3396,-0.021259976833549,-0.048382529285596,-1.1493864413063,3.125372709682,0
4993,-0.00064927670752233,-0.075847427426072,-1.1471152227375,7.7667025980223,0
3397,-0.023198087993962,-0.050303654287734,-1.1457579269331,3.2541831749966,0
3398,-0.025059642648384,-0.052307036725477,-1.14212941256,3.3829936403111,0
4943,-0.027078672453054,-0.085206244598151,-1.141102036279,6.5142975766765,0
5045,0.060460474294101,-0.044106976595169,-1.1406289385881,9.2825517026784,0
3399,-0.026831948632517,-0.054376121827786,-1.1385008981868,3.5118041056257,0
4849,-0.03792481313313,-0.074577189860575,-1.13666961923,4.7883759343471,0
3400,-0.028502438778977,-0.056493785729306,-1.1348723838137,3.6406145709403,0
4895,-0.037021900912056,-0.082233638630182,-1.1338984432107,5.5227266258906,0
4992,-0.004107506868758,-0.078013217879634,-1.13315716151,7.6427806553856,0
3401,-0.030058971968568,-0.058642410108972,-1.1312438694405,3.769425036255,0
5044,0.054696148306529,-0.048259490731915,-1.1284973235123,9.1578621388948,0
3402,-0.031490111441367,-0.060804061372338,-1.1276153550673,3.8982355015696,0
4942,-0.028627586848458,-0.085805689229922,-1.125332611334,6.3912263175875,0
3403,-0.032785511723487,-0.06296123875723,-1.1239868406942,4.0270459668843,0
3404,-0.033936182128758,-0.06509780511118,-1.120358326321,4.1558564321988,0
4991,-0.0073121411467173,-0.080027842523917,-1.1191991002826,7.5188587127491,0
4848,-0.03693247853842,-0.073047506797369,-1.11732889042,4.667254018649,0
3405,-0.03493321491382,-0.067196910668007,-1.1167298119478,4.2846668975134,0
5043,0.048590224598821,-0.052161302993462,-1.1163657084365,9.0331725751114,0
4894,-0.037154804639195,-0.08154118705088,-1.1163342824923,5.4005888172119,0
3406,-0.035764912321015,-0.069233561276567,-1.1131012975747,4.413477362828,0
4941,-0.029990835568799,-0.086203802225279,-1.1095631863889,6.2681550584986,0
3407,-0.036421354164942,-0.071178167885716,-1.1094727832015,4.5422878281427,0
4990,-0.0102765005932,-0.081877001094784,-1.1052410390552,7.3949367701123,0
5042,0.042430691435926,-0.0558525621953,-1.1042340933607,8.9084830113277,0
4893,-0.037078884368358,-0.080640554305782,-1.098770121774,5.2784510085332,0
5347,-0.011841114986191,-0.00089223165239588,-1.0943068697489,10.566573698002,0
322,-0.98205058366784,0.027223140721769,-1.0940896019429,0.31250001000043,0
1128,-0.4228478559475,0.0055252857869134,-1.0940896019429,0.5625000179999,0
1129,-0.21623961642709,-0.016008892989821,-1.0940896019429,0.6875000219997,0
1130,-0.08540383925948,-0.032633115009508,-1.0940896019429,0.81250002599974,0
320,-1.4563031011133,0.0060291924892198,-1.0940896019429,0.062500002000117,0
321,-1.2570946806594,0.018047559241074,-1.0940896019429,0.1875000060004,0
323,-0.68847242509128,0.022851128576017,-1.0940896019429,0.43750001400015,0
1131,-0.015588272211008,-0.041619739967732,-1.0940896019429,0.93750002999994,0
4940,-0.031167945680829,-0.086399188289071,-1.0937937614439,6.1450837994099,0
3408,0.011855858670068,-0.043776236622937,-1.092448131155,1.0644052646571,0
5041,0.036407079942878,-0.059362211707391,-1.0921024782849,8.7837934475438,0
4989,-0.013012959613545,-0.083549271615901,-1.0912829778277,7.2710148274753,0
3409,0.015164245237091,-0.041676243883348,-1.0891651895793,1.1932157299712,0
3410,0.012573721251041,-0.039457349756153,-1.0858822480036,1.3220261952852,0
5346,-0.016031668841665,-0.0019311775227826,-1.0835237860731,10.467107760819,0
3411,0.0098334658326831,-0.03781201392784,-1.0825993064279,1.4508366605992,0
4892,-0.036794395077293,-0.0795302393235,-1.0812059610556,5.1563131998545,0
5040,0.030635736021622,-0.062708865864985,-1.0799708632091,8.6591038837599,0
3412,0.0072904657625899,-0.03670707179227,-1.0793163648522,1.5796471259132,0
4939,-0.032157451127524,-0.086390153845467,-1.0780243364989,6.0220125403211,0
4988,-0.01553263711098,-0.085035508234597,-1.0773249166003,7.1470928848387,0
3413,0.0049055989944272,-0.036059738001066,-1.0760334232765,1.7084575912271,0
3414,0.0026244004422882,-0.035807418800847,-1.0727504817008,1.8372680565409,0
5345,-0.0024012751537983,-0.0029349880303486,-1.0727407023974,10.367641823637,0
3415,0.00040101311145897,-0.035898626302204,-1.0694675401251,1.9660785218546,0
5039,0.025180808618888,-0.06590507106396,-1.0678392481333,8.5344143199758,0
3416,-0.0018066494770563,-0.03628463582574,-1.0661845985494,2.0948889871684,0
4891,-0.036303955188881,-0.078209749419417,-1.0636418003372,5.0341753911757,0
4987,-0.01784532368756,-0.086328651345414,-1.0633668553729,7.0231709422027,0
3417,-0.0039064726597748,-0.036840072230627,-1.0629016569737,2.2236994524823,0
4938,-0.032957053553163,-0.086174559859735,-1.0622549115539,5.8989412812324,0
5344,0.013932747302342,-0.0052633925313222,-1.0619576187216,10.268175886454,0
3418,-0.0059684235545001,-0.037608748067784,-1.059618715398,2.3525099177963,0
3419,-0.0080152009084567,-0.038591006924917,-1.0563357738223,2.4813203831102,0
5038,0.020070180482627,-0.068957954429694,-1.0557076330575,8.4097247561918,0
3420,-0.010048884475365,-0.039773748110501,-1.0530528322466,2.6101308484241,0
5343,0.028503984149178,-0.0084421333272279,-1.0511745350459,10.168709949272,0
3421,-0.012065113754008,-0.041142527656072,-1.0497698906709,2.7389413137381,0
4986,-0.019959415324251,-0.087423548442655,-1.0494087941455,6.899248999567,0
3422,-0.014056729763409,-0.042683181699903,-1.0464869490952,2.8677517790525,0
4937,-0.033563888482983,-0.085749851263287,-1.0464854866089,5.7758700221436,0
4890,-0.035613439523701,-0.076680269190409,-1.0460776396189,4.9120375824968,0
5037,0.015307477748631,-0.07186898585922,-1.0435760179817,8.2850351924079,0
3423,-0.016015033695209,-0.044381607894101,-1.0432040075195,2.9965622443673,0
5342,0.040736477067795,-0.012195179708607,-1.0403914513701,10.06924401209,0
3424,-0.017930351599034,-0.046223242912355,-1.0399210659438,3.125372709682,0
3425,-0.019792322449512,-0.048192643438744,-1.0366381243681,3.2541831749966,0
4985,-0.021881849970249,-0.088316589641033,-1.0354507329182,6.775327056931,0
3426,-0.021590061129436,-0.050273293462613,-1.0333551827923,3.3829936403111,0
5036,0.010881623631051,-0.074636914064283,-1.0314444029059,8.1603456286241,0
4936,-0.033974887131326,-0.085113242285776,-1.0307160616638,5.6527987630549,0
3427,-0.023312293658819,-0.052447645992299,-1.0300722412166,3.5118041056257,0
5341,0.050348910324046,-0.016277772279144,-1.0296083676944,9.9697780749077,0
4889,-0.03473195077258,-0.074949874540934,-1.0285134789005,4.7898997738181,0
3428,-0.024947597921708,-0.054697257063504,-1.0267892996409,3.6406145709403,0
3429,-0.026484740767249,-0.057002844358735,-1.0235063580652,3.769425036255,0
4984,-0.023618057264276,-0.089005219821068,-1.0214926716908,6.6514051142948,0
3430,-0.027912968872771,-0.059344504198785,-1.0202234164895,3.8982355015697,0
5035,0.006773112497513,-0.077249744694518,-1.0193127878301,8.03565606484,0
5340,0.057252264934178,-0.02051304786307,-1.0188252840187,9.8703121377261,0
3431,-0.029222352480485,-0.06170247759885,-1.0169404749137,4.0270459668843,0
4935,-0.034187218089849,-0.084262015655323,-1.0149466367188,5.5297275039661,0
3432,-0.030403972813333,-0.064057401613929,-1.013657533338,4.1558564321988,0
4888,-0.03367368110999,-0.073009418445052,-1.0109493181822,4.6677619651394,0
3433,-0.03144849593321,-0.06638692182946,-1.0103745917623,4.2846668975134,0
5339,0.061522440922595,-0.024792230519401,-1.0080422003431,9.7708462005446,0
4983,-0.025171921701585,-0.08948742654082,-1.0075346104634,6.5274831716586,0
5034,0.0029612946307989,-0.079683002133712,-1.0071811727543,7.910966501056,0
3434,-0.032343033206449,-0.068660833334826,-1.0070916501866,4.413477362828,0
3435,-0.033075610479271,-0.07085591739632,-1.0038087086109,4.5422878281427,0
4934,-0.034198795669025,-0.083193883588113,-0.99917721177377,5.4066562448773,0
5338,0.063361214202319,-0.029051702324052,-0.99725911666742,9.6713802633628,0
5033,-0.00056242360219659,-0.081937942753632,-0.99504955767847,7.7862769372721,0
4982,-0.026545788663301,-0.089761277476146,-0.99357654923602,6.4035612290224,0
5087,0.062876765726453,-0.033980882618497,-0.98672175620737,9.5589603668471,0
4933,-0.034008852506007,-0.081907362587091,-0.98340778682874,5.2835849857885,0
5032,-0.0038110833324683,-0.084003962535726,-0.98291794260267,7.6615873734884,0
4981,-0.02774053292856,-0.08982457610457,-0.97961848800864,6.2796392863863,0
324,-1.4773667111938,0.0052596588960833,-0.97892227542254,0.062500002000117,0
325,-1.2782589612867,0.017431425973745,-0.97892227542254,0.1875000060004,0
326,-0.99327851237302,0.028413154274365,-0.97892227542254,0.31250001000043,0
327,-0.68340055623682,0.023776248583511,-0.97892227542254,0.43750001400015,0
1132,-0.40440467396921,0.0036360544981493,-0.97892227542254,0.56250001799989,0
1133,-0.19517302972835,-0.020566109559361,-0.97892227542254,0.68750002199967,0
1134,-0.068746400027996,-0.037708274492545,-0.97892227542254,0.81250002599972,0
1135,-0.0057105056559412,-0.045618633002485,-0.97892227542254,0.93750002999994,0
3436,0.015749382068919,-0.045979701685046,-0.97745359103341,1.0644052646571,0
5086,0.06012015938303,-0.039077951173118,-0.97643011896298,9.4335865109976,0
3437,0.016694023824677,-0.042658314021654,-0.97451622225514,1.1932157299712,0
3438,0.014016901629423,-0.03971376363883,-0.97157885347688,1.3220261952852,0
5031,-0.0068003238031622,-0.085870851411616,-0.97078632752689,7.5368978097049,0
3439,0.011385094041765,-0.037480950310358,-0.96864148469862,1.4508366605992,0
4932,-0.033618593960515,-0.080402143073878,-0.96763836188372,5.1605137266998,0
5085,0.055892558775958,-0.044142521461784,-0.96613848171859,9.3082126551478,0
3440,0.0089814040436839,-0.035886099268418,-0.96570411592036,1.5796471259132,0
4980,-0.028755705329434,-0.089674682096869,-0.96566042678127,6.1557173437503,0
3441,0.0067463579811845,-0.034821448392522,-0.9627667471421,1.7084575912271,0
3442,0.0046184737194105,-0.03420976616844,-0.95982937836384,1.8372680565409,0
5030,-0.009546048727187,-0.08753225660689,-0.95865471245112,7.4122082459209,0
3443,0.0025509376033407,-0.033992936258388,-0.95689200958558,1.9660785218546,0
5084,0.05078284439204,-0.049019394452863,-0.95584684447422,9.1828387992983,0
3444,0.00050863404758862,-0.034125278722105,-0.95395464080733,2.0948889871684,0
4931,-0.033031961329929,-0.078679307530215,-0.95186893693867,5.0374424676109,0
4979,-0.029589767625209,-0.089308514204732,-0.9517023655539,6.0317954011143,0
3445,-0.001534009501454,-0.03456955076706,-0.95101727202908,2.2236994524823,0
3446,-0.0034838403277745,-0.035175456054777,-0.94807990325082,2.3525099177963,0
5029,-0.012063180454273,-0.088984323539194,-0.94652309737531,7.2875186821369,0
5083,0.045229776820919,-0.053664935552555,-0.94555520722986,9.0574649434491,0
3447,-0.0053940166844616,-0.036001133049321,-0.94514253447257,2.4813203831102,0
3448,-0.007288260955776,-0.037053088054337,-0.94220516569431,2.6101308484241,0
3449,-0.0091674194765974,-0.038320930613096,-0.93926779691606,2.7389413137381,0
4978,-0.030240408001644,-0.088722726364849,-0.93774430432653,5.9078734584783,0
3450,-0.011026304494452,-0.039791988295626,-0.93633042813779,2.8677517790525,0
4930,-0.032256678874145,-0.076742427013757,-0.93609951199363,4.914371208522,0
5082,0.039543423605383,-0.058074933778402,-0.93526356998548,8.9320910875995,0
5028,-0.01436515704522,-0.090224350222122,-0.93439148229953,7.1628291183533,0
3451,-0.012858054147757,-0.041452924237685,-0.93339305935951,2.9965622443673,0
3452,-0.014655063029564,-0.04328955278409,-0.93045569058123,3.125372709682,0
3453,-0.016409121480483,-0.045286460504652,-0.92751832180295,3.2541831749966,0
5081,0.033931182142713,-0.062246847167818,-0.92497193274108,8.8067172317497,0
3454,-0.018111408816288,-0.047426801258658,-0.92458095302468,3.3829936403111,0
4977,-0.030704920540961,-0.087914020894867,-0.92378624309917,5.7839515158423,0
5027,-0.016463709434995,-0.091250299737201,-0.92225986722378,7.0381395545702,0
3455,-0.019752461717733,-0.049692372820834,-0.9216435842464,3.5118041056257,0
4929,-0.031304764505251,-0.074602411502183,-0.92033008704861,4.7912999494332,0
3456,-0.021322361492728,-0.052063812171688,-0.91870621546812,3.6406145709403,0
3457,-0.022811195696346,-0.054520620740878,-0.91576884668985,3.769425036255,0
5080,0.028524536506854,-0.066178856947048,-0.91468029549668,8.6813433759,0
3458,-0.024209400438315,-0.057041337172264,-0.91283147791157,3.8982355015697,0
5026,-0.018368725116367,-0.092060559390724,-0.91012825214809,6.9134499907874,0
3459,-0.025508007171036,-0.059604256876983,-0.90989410913329,4.0270459668843,0
4976,-0.030980628387582,-0.086879544828898,-0.9098281818718,5.6600295732064,0
3460,-0.026698729822193,-0.062186927300467,-0.90695674035502,4.1558564321988,0
4928,-0.030194818030738,-0.072223025135669,-0.90456066210357,4.6682286903444,0
5079,0.023400706174102,-0.06987201305646,-0.90438865825228,8.5559695200501,0
3461,-0.027772504473209,-0.064761256514446,-0.90401937157674,4.2846668975134,0
3462,-0.028716132698533,-0.067291053421588,-0.90108200279846,4.413477362828,0
3463,-0.029515883084994,-0.069758642540614,-0.89814463402019,4.5422878281427,0
5025,-0.020088163574946,-0.092653614836707,-0.89799663707241,6.7887604270044,0
5337,-0.011306888277708,-0.001259063079196,-0.89616847242685,10.592461559816,0
4975,-0.031065333585962,-0.085617305862612,-0.89587012064442,5.5361076305703,0
5078,0.01859886166753,-0.073328723354704,-0.89409702100789,8.4305956642002,0
5336,-0.017699043597272,-0.002125620221464,-0.88734001475247,10.492799954033,0
5024,-0.021628027879079,-0.093027691605112,-0.88586502199669,6.6640708632211,0
5077,0.014132389445829,-0.07655061521193,-0.88380538376349,8.3052218083504,0
4974,-0.030957789087445,-0.084126542529539,-0.88191205941703,5.4121856879344,0
5335,-0.0084980576295243,-0.0025460199863607,-0.87851155707811,10.393138348251,0
5023,-0.022992414931995,-0.093180479312929,-0.87373340692094,6.5393812994378,0
5076,0.0099986361839163,-0.079539516003792,-0.8735137465191,8.1798479525008,0
5334,0.0052731385402456,-0.0043150334621325,-0.86968309940372,10.293476742468,0
4973,-0.030658215742413,-0.082407993551642,-0.86795399818966,5.2882637452983,0
329,-1.3000593617587,0.016319260696746,-0.86375494890224,0.1875000060004,0
330,-1.005626914158,0.029565800307872,-0.86375494890224,0.31250001000043,0
328,-1.4969480300754,0.0044094945062147,-0.86375494890224,0.062500002000117,0
331,-0.67692871475443,0.024692208351181,-0.86375494890224,0.43750001400015,0
1136,-0.38258791080876,0.001042179544044,-0.86375494890224,0.56250001799988,0
1137,-0.1718435480203,-0.02624770464706,-0.86375494890224,0.68750002199965,0
1138,-0.051678758487425,-0.043601613196284,-0.86375494890224,0.8125000259997,0
1139,0.0033656098900116,-0.049891600928221,-0.86375494890224,0.93750002999993,0
5075,0.0061837616644731,-0.082294552033008,-0.86322210927473,8.0544740966509,0
3464,0.018285132254344,-0.047836745787955,-0.86245905091183,1.0644052646571,0
5022,-0.024183655279021,-0.093109012610885,-0.86160179184519,6.4146917356546,0
5333,0.018857901017544,-0.0069932358951434,-0.86085464172932,10.193815136686,0
3465,0.017503508225991,-0.043406278286034,-0.859867254931,1.1932157299712,0
3466,0.01487712203878,-0.039673346894032,-0.85727545895018,1.3220261952852,0
3467,0.012408889304459,-0.036799060121742,-0.85468366296936,1.4508366605992,0
4972,-0.030168934595329,-0.080464049307698,-0.85399593696229,5.1643418026623,0
5074,0.0026663196161515,-0.084792972950509,-0.85293047203034,7.929100240801,0
3468,0.010186825988883,-0.034657850949751,-0.85209186698853,1.5796471259132,0
5332,0.030899029604706,-0.010218708100669,-0.85202618405494,10.094153530903,0
3469,0.0081398599599099,-0.03311869111409,-0.84950007100771,1.7084575912271,0
5021,-0.025202541717312,-0.092809732971991,-0.84947017676946,6.2900021718715,0
3470,0.0062018468768612,-0.032092171069064,-0.84690827502689,1.8372680565409,0
3471,0.0043235496403846,-0.031511791591255,-0.84431647904607,1.9660785218546,0
5331,0.040776886390813,-0.013799101410807,-0.84319772638058,9.9944919251211,0
5073,-0.00056593155310306,-0.087046482423448,-0.84263883478593,7.8037263849512,0
3472,0.0024698551424455,-0.031327373715032,-0.84172468306526,2.0948889871684,0
4971,-0.029495179694364,-0.078298628441626,-0.8400378757349,5.0404198600262,0
3473,0.00061688144909968,-0.031502310741821,-0.83913288708444,2.2236994524823,0
5020,-0.026048633124661,-0.092278724838642,-0.83733856169375,6.1653126080884,0
3474,-0.0012458074042164,-0.032012648649647,-0.83654109110363,2.3525099177963,0
5330,0.048195580693022,-0.017601666162107,-0.83436926870628,9.8948303193393,0
3475,-0.0030262013493221,-0.03268383953289,-0.83394929512281,2.4813203831102,0
5072,-0.0035291350244518,-0.089052942894913,-0.83234719754154,7.6783525291017,0
3476,-0.0047601118167743,-0.033579544476933,-0.83135749914199,2.6101308484241,0
3477,-0.0064735579394245,-0.034715562396192,-0.82876570316117,2.7389413137381,0
3478,-0.0081685934366774,-0.036084942464227,-0.82617390718034,2.8677517790526,0
4970,-0.028646538642366,-0.075918508105689,-0.82607981450751,4.9164979173901,0
5329,0.053057242111196,-0.021579420953135,-0.825540811032,9.7951687135576,0
5019,-0.026720613586488,-0.091512095890986,-0.82520694661802,6.0406230443054,0
3479,-0.0098411407561457,-0.037676800864217,-0.82358211119951,2.9965622443673,0
5071,-0.0062406854002597,-0.090809997212937,-0.82205556029717,7.5529786732523,0
3480,-0.011486045875061,-0.039478176005825,-0.82099031521867,3.125372709682,0
3481,-0.013097657661144,-0.04147421012869,-0.81839851923783,3.2541831749966,0
5328,0.055464383698942,-0.025727664702321,-0.81671235335766,9.6955071077757,0
3482,-0.01466965310304,-0.043648167185296,-0.815806723257,3.3829936403111,0
3483,-0.016194748673655,-0.045981672034971,-0.81321492727616,3.5118041056257,0
5018,-0.02721668249243,-0.090506452438465,-0.8130753315423,5.9159334805223,0
4969,-0.027638677638545,-0.073337018865775,-0.81212175328014,4.792575974754,0
5070,-0.0087174848323018,-0.092318797368203,-0.8117639230528,7.4276048174025,0
3484,-0.017664802454646,-0.048455088138128,-0.81062313129533,3.6406145709404,0
5127,0.055659929201792,-0.030830325194367,-0.80807828292475,9.5826890143335,0
3485,-0.019071597611939,-0.051047488957793,-0.80803133531449,3.769425036255,0
3486,-0.020407334630288,-0.053736627943321,-0.80543953933366,3.8982355015697,0
3487,-0.021664679442214,-0.056499537868254,-0.80284774335282,4.0270459668843,0
5069,-0.010975048863196,-0.093582043232426,-0.80147228580841,7.3022309615527,0
5017,-0.027534950346807,-0.089259410004641,-0.8009437164666,5.7912439167393,0
3488,-0.022836702563837,-0.059311279570773,-0.80025594737198,4.1558564321988,0
5126,0.053542730585985,-0.036409130725367,-0.7996385997333,9.4567144332311,0
4968,-0.026495132888621,-0.070496091629154,-0.79816369205275,4.668654032118,0
3489,-0.023915616304732,-0.06213833404199,-0.79766415139115,4.2846668975134,0
3490,-0.024889446649729,-0.064937955612299,-0.79507235541031,4.413477362828,0
3491,-0.025743804579138,-0.067696598343346,-0.79248055942948,4.5422878281427,0
5125,0.049925829126812,-0.042162595155169,-0.79119891654185,9.3307398521285,0
5068,-0.013027034704801,-0.094602053097887,-0.79118064856403,7.1768571057032,0
5016,-0.027673818332491,-0.087770074554501,-0.78881210139088,5.6665543529563,0
5124,0.045409762079112,-0.047843123935167,-0.78275923335041,9.2047652710262,0
5067,-0.014885065301665,-0.095380064753296,-0.78088901131968,7.0514832498543,0
5015,-0.027632328985144,-0.086039428934946,-0.77668048631514,5.5418647891732,0
5123,0.040436582728454,-0.053328371967759,-0.77431955015899,9.0787906899242,0
5066,-0.016558695560576,-0.095916100250614,-0.77059737407538,6.9261093940056,0
5122,0.035312094224626,-0.058555124930871,-0.76587986696754,8.9528161088218,0
5014,-0.027410494942277,-0.08407055785568,-0.76454887123941,5.4171752253902,0
5065,-0.018055425823425,-0.096208939625194,-0.7603057368311,6.8007355381568,0
5121,0.030238067441066,-0.06348157327774,-0.75744018377608,8.8268415277192,0
5013,-0.027009659625345,-0.081868648094772,-0.75241725616369,5.2924856616071,0
5064,-0.019380775543147,-0.096256180314416,-0.75001409958677,6.6753616823076,0
5120,0.02534258878105,-0.068082554734466,-0.74900050058461,8.7008669466166,0
334,-1.0193945657349,0.030620816587255,-0.74858762238198,0.31250001000043,0
1143,0.010442685892081,-0.053836201332384,-0.74858762238198,0.93750002999992,0
333,-1.3222112681583,0.014654935346598,-0.74858762238198,0.1875000060004,0
1142,-0.034764126398915,-0.050199081192056,-0.74858762238198,0.81250002599967,0
332,-1.5145244371586,0.0035446530719656,-0.74858762238198,0.062500002000117,0
335,-0.66865530497133,0.025514580485909,-0.74858762238198,0.43750001400015,0
1140,-0.35656873050272,-0.0025379303852592,-0.74858762238198,0.56250001799987,0
1141,-0.14615085090391,-0.033270074794048,-0.74858762238198,0.68750002199963,0
3492,0.019306665099099,-0.049276105100843,-0.74746451079029,1.0644052646571,0
3493,0.017582875108509,-0.043815524557562,-0.7452182876069,1.1932157299712,0
3494,0.015088037194855,-0.039273026467403,-0.74297206442352,1.3220261952852,0
3495,0.012826377101752,-0.035725619038293,-0.74072584124014,1.4508366605992,0
5119,0.020702213788314,-0.072347160003759,-0.74056081739315,8.5748923655139,0
5012,-0.026433036669832,-0.079440741110684,-0.74028564108797,5.167796097824,0
5063,-0.020538453609356,-0.096054453783693,-0.73972246234243,6.5499878264585,0
3496,0.010821665520112,-0.032995428521323,-0.73847961805676,1.5796471259132,0
3497,0.0089963509329443,-0.030932923436845,-0.73623339487338,1.7084575912271,0
3498,0.0072818050693481,-0.029438795387828,-0.73398717169,1.8372680565409,0
5118,0.016357407923475,-0.076273785986569,-0.7321211342017,8.4489177844111,0
3499,0.0056275931304506,-0.028440301631792,-0.73174094850662,1.9660785218546,0
3500,0.0039986835338583,-0.027882230491308,-0.72949472532325,2.0948889871684,0
5062,-0.021530627031694,-0.09559981308992,-0.72943082509808,6.4246139706094,0
5011,-0.02568652244216,-0.076794976044952,-0.72815402601223,5.0431065340409,0
3501,0.0023702959697672,-0.027724335261135,-0.72724850213987,2.2236994524823,0
3502,0.00072604745810358,-0.027940012798504,-0.7250022789565,2.3525099177963,0
5117,0.012323944297861,-0.079865665376135,-0.72368145101024,8.3229432033086,0
3503,-0.00093301632537232,-0.02852004732108,-0.72275605577312,2.4813203831102,0
3504,-0.0025187494306304,-0.029272635215781,-0.72050983258975,2.6101308484241,0
5061,-0.022358258821663,-0.094888253689154,-0.71913918785375,6.2992401147604,0
3505,-0.0040477158238432,-0.03025046679102,-0.71826360940637,2.7389413137382,0
5010,-0.024781076216434,-0.073941765377005,-0.7160224109365,4.9184169702577,0
3506,-0.0055489138073046,-0.031483158240245,-0.71601738622298,2.8677517790526,0
5116,0.0086022111922531,-0.083129315685362,-0.71524176781879,8.1969686222061,0
3507,-0.0070289487775421,-0.032967888325843,-0.71377116303959,2.9965622443673,0
3508,-0.0084867899302777,-0.034695132222865,-0.71152493985619,3.1253727096821,0
3509,-0.0099197958793026,-0.036651564293925,-0.7092787166728,3.2541831749966,0
5060,-0.023021478337178,-0.09391631047114,-0.70884755060943,6.1738662589115,0
3510,-0.011324512865497,-0.038821132181928,-0.70703249348941,3.3829936403111,0
5115,0.0051828944328413,-0.086074937599679,-0.70680208462735,8.0709940411034,0
3511,-0.012696121266087,-0.041185905951832,-0.70478627030601,3.5118041056257,0
5009,-0.023736664340838,-0.070895933543085,-0.70389079586077,4.7937274064746,0
3512,-0.014028308863816,-0.043726921080096,-0.70254004712262,3.6406145709404,0
3513,-0.015314791236876,-0.04642405740205,-0.70029382393923,3.769425036255,0
5059,-0.023519952505035,-0.092681672428703,-0.69855591336511,6.0484924030626,0
5114,0.0020559012739701,-0.08868511207908,-0.69836240143589,7.9450194600007,0
3514,-0.0165501667393,-0.049255492799306,-0.69804760075584,3.8982355015697,0
5327,-0.011849566289114,-0.0016753262057492,-0.69758002526425,10.614634370184,0
3515,-0.017729528043378,-0.05219810345199,-0.69580137757244,4.0270459668843,0
3516,-0.018848130635277,-0.05522567481477,-0.69355515438905,4.1558564321988,0
5008,-0.022582263873938,-0.067583418570001,-0.69175918078504,4.6690378426915,0
3517,-0.0199007348248,-0.05830045399079,-0.69130893120566,4.2846668975134,0
5326,-0.018461746169996,-0.0022915814612807,-0.69070970782909,10.514815414854,0
5113,-0.00079576778517644,-0.090980444595093,-0.68992271824442,7.8190448788981,0
3518,-0.020878946644216,-0.061373197529708,-0.68906270802227,4.413477362828,0
5058,-0.023853232518988,-0.09118376119295,-0.68826427612079,5.9231185472137,0
3519,-0.021770222074117,-0.064432510401719,-0.68681648483887,4.5422878281427,0
5325,-0.012078565559949,-0.0021924122841908,-0.68383939039394,10.414996459525,0
5112,-0.003392220914592,-0.092968319768999,-0.68148303505296,7.6930702977958,0
5057,-0.024021055547464,-0.089424226106612,-0.67797263887648,5.7977446913649,0
5324,-0.0014282933558258,-0.0029854365121162,-0.67696907295876,10.315177504195,0
5111,-0.0057528237431437,-0.094654329573369,-0.67304335186153,7.5670957166935,0
5323,0.011019470783231,-0.0047722641952884,-0.67009875552359,10.215358548865,0
5056,-0.024023584828606,-0.087407313078771,-0.66768100163216,5.672370835516,0
5110,-0.007895189154663,-0.096045188784504,-0.66460366867009,7.4411211355909,0
5322,0.02262893892871,-0.0071163217307311,-0.66322843808842,10.115539593536,0
5055,-0.023861575520834,-0.085140062184374,-0.65738936438782,5.5469969796671,0
5321,0.032475265181686,-0.0098483016567035,-0.65635812065327,10.015720638207,0
5109,-0.0098348408780081,-0.097146780731582,-0.65616398547864,7.3151465544883,0
5320,0.040052601148843,-0.012909551957506,-0.64948780321817,9.9159016828778,0
5108,-0.011584867675978,-0.097962608576056,-0.64772430228719,7.1891719733859,0
5054,-0.023536464847584,-0.082632268544199,-0.64709772714349,5.4216231238182,0
5319,0.045031013442027,-0.016354792031385,-0.64261748578308,9.816082727549,0
5107,-0.01315585502607,-0.098493703953903,-0.63928461909577,7.0631973922842,0
5053,-0.023050445599075,-0.079896110071952,-0.63680608989916,5.2962492679692,0
5318,0.047444534560819,-0.020236833573918,-0.63574716834795,9.71626377222,0
336,-1.5296480208872,0.0027319329532279,-0.63342029586168,0.062500002000117,0
337,-1.3442571946519,0.012477315512892,-0.63342029586168,0.1875000060004,0
338,-1.0349216523711,0.031498030520681,-0.63342029586168,0.31250001000043,0
339,-0.65799095252087,0.026104637628987,-0.63342029586168,0.43750001400015,0
1144,-0.32528967991516,-0.0075038001175329,-0.63342029586168,0.56250001799987,0
1145,-0.11817220827792,-0.041840786256728,-0.63342029586168,0.6875000219996,0
1146,-0.018721252557193,-0.057336669099331,-0.63342029586168,0.81250002599965,0
1147,0.015184771098247,-0.057271397130454,-0.63342029586168,0.93750002999991,0
3520,0.018960983497136,-0.050432955401474,-0.63246997066871,1.0644052646571,0
5106,-0.0145560750457,-0.098739144390264,-0.63084493590439,6.9372228111828,0
3521,0.016896699740892,-0.043870578449492,-0.63056932028277,1.1932157299712,0
5167,0.047713484729571,-0.025444946614762,-0.62902335336838,9.6031085291334,0
3522,0.014595012802071,-0.038498400317708,-0.62866866989683,1.3220261952852,0
3523,0.012575980298886,-0.034260168747565,-0.6267680195109,1.4508366605992,0
5052,-0.022406745827393,-0.076945374421024,-0.62651445265484,5.1708754121203,0
3524,0.0108172791976,-0.030920972249227,-0.62486736912496,1.5796471259132,0
3525,0.0092382559283931,-0.028310271584671,-0.62296671873902,1.7084575912271,0
5166,0.045790316706249,-0.031575009843798,-0.62244604084439,9.4766169982893,0
5105,-0.01579179149353,-0.098696696333928,-0.62240525271302,6.8112482300811,0
3526,0.0077718099385599,-0.02631487189203,-0.62106606835309,1.8372680565409,0
3527,0.0063684441967001,-0.024853935472129,-0.61916541796716,1.9660785218546,0
3528,0.0049940215043818,-0.023867680335675,-0.61726476758123,2.0948889871684,0
5051,-0.021610174922614,-0.073793590590133,-0.61622281541051,5.0455015562713,0
5165,0.042521510188685,-0.038143582827983,-0.6158687283204,9.3501254674449,0
3529,0.0036252001685859,-0.023312776477031,-0.6153641171953,2.2236994524823,0
5104,-0.016867607154108,-0.098363490331494,-0.61396556952163,6.6852736489791,0
3530,0.0022442100240881,-0.023160209129,-0.61346346680936,2.3525099177963,0
3531,0.00083802407423122,-0.023396500096789,-0.61156281642343,2.4813203831102,0
3532,-0.00058593228387789,-0.024030791871389,-0.6096621660375,2.6101308484242,0
5164,0.038497136770177,-0.044768116137429,-0.60929141579642,9.2236339366008,0
3533,-0.001947342086692,-0.024872500416108,-0.60776151565157,2.7389413137382,0
5050,-0.020671695028704,-0.070454313512797,-0.60593117816617,4.9201277004223,0
3534,-0.0032406585646837,-0.025935946935994,-0.60586086526562,2.8677517790526,0
5103,-0.01778683013848,-0.097736709692986,-0.60552588633021,6.5592990678772,0
3535,-0.0044981507114448,-0.027268860625391,-0.60396021487968,2.9965622443673,0
5163,0.034122648994377,-0.051220743445389,-0.60271410327245,9.097142405757,0
3536,-0.0057346021167558,-0.0288721808893,-0.60205956449373,3.1253727096821,0
3537,-0.0069529677497492,-0.030736489841715,-0.60015891410778,3.2541831749967,0
3538,-0.0081530621301612,-0.032847131396101,-0.59825826372184,3.3829936403111,0
5102,-0.01855183784668,-0.096814278729262,-0.59708620313879,6.4333244867753,0
3539,-0.0093326112571922,-0.035187443858127,-0.59635761333589,3.5118041056257,0
5162,0.029659290626608,-0.057367460336871,-0.59613679074847,8.9706508749129,0
5049,-0.019616132820443,-0.066941882490139,-0.59563954092185,4.7947538445734,0
3540,-0.010486696287507,-0.037740560264869,-0.59445696294995,3.6406145709404,0
3541,-0.011610930586554,-0.040488998380326,-0.592556312564,3.769425036255,0
3542,-0.01270306094586,-0.043413024878671,-0.59065566217806,3.8982355015697,0
5161,0.025271579415312,-0.063126833145973,-0.58955947822447,8.8441593440685,0
3543,-0.013761520129076,-0.046490821456828,-0.58875501179211,4.0270459668843,0
5101,-0.019164414400774,-0.09559551900682,-0.58864651994738,6.3073499056734,0
3544,-0.014784534763872,-0.049696752999809,-0.58685436140616,4.1558564321988,0
5048,-0.018478774116416,-0.063172108643378,-0.58534790367752,4.6693799887245,0
3545,-0.015770760714688,-0.052991255791346,-0.58495371102022,4.2846668975133,0
3546,-0.016718561841745,-0.056319908653462,-0.58305306063427,4.413477362828,0
5160,0.021062377788848,-0.068455051699399,-0.58298216570047,8.7176678132241,0
3547,-0.017621895410885,-0.059671169798624,-0.58115241024833,4.5422878281427,0
5100,-0.01962604543455,-0.094081734069467,-0.58020683675599,6.1813753245717,0
5159,0.017093225478157,-0.073334559167057,-0.57640485317648,8.5911762823796,0
5099,-0.01993816360194,-0.092276692633676,-0.57176715356459,6.05540074347,0
5158,0.013396384845533,-0.077764094517296,-0.56982754065249,8.4646847515351,0
5098,-0.020102342077228,-0.090186994471209,-0.56332747037319,5.9294261623683,0
5157,0.0099834081978793,-0.081752377467479,-0.56325022812849,8.3381932206908,0
5156,0.006853573344039,-0.085316189780689,-0.5566729156045,8.2117016898465,0
5097,-0.020120431524969,-0.087822312950006,-0.5548877871818,5.8034515812666,0
5155,0.00399122025903,-0.088477948671928,-0.55009560308052,8.0852101590021,0
5096,-0.019994628680741,-0.085195510938076,-0.54644810399041,5.6774770001649,0
5154,0.001382178099438,-0.091236038288142,-0.54351829055653,7.9587186281576,0
5095,-0.019727448193889,-0.082322616221847,-0.538008420799,5.5515024190632,0
5153,-0.00099291934018764,-0.093611387751107,-0.53694097803253,7.8322270973132,0
5152,-0.0031526639472114,-0.095613743118522,-0.53036366550854,7.7057355664691,0
5094,-0.01932154121371,-0.079222587940096,-0.52956873760759,5.4255278379615,0
5151,-0.0051120477050658,-0.097249605382908,-0.52378635298456,7.5792440356251,0
5093,-0.018779320331508,-0.075916705869768,-0.52112905441619,5.2995532568597,0
340,-1.5420511612453,0.0020222743005409,-0.51825296934135,0.062500002000117,0
341,-1.3655296722947,0.0099971911749164,-0.51825296934135,0.1875000060004,0
342,-1.0525448918333,0.03209048516192,-0.51825296934135,0.31250001000043,0
343,-0.64402968560823,0.026283750012503,-0.51825296934135,0.43750001400015,0
1148,-0.28735847816022,-0.01440754697074,-0.51825296934135,0.56250001799986,0
1149,-0.088279276445922,-0.052037984047319,-0.51825296934135,0.68750002199958,0
1150,-0.0046744339145391,-0.064607130666189,-0.51825296934135,0.81250002599963,0
1151,0.017015908257456,-0.059889199568347,-0.51825296934135,0.93750002999991,0
3548,0.017467352188044,-0.051210338238522,-0.5174754305471,1.0644052646571,0
5150,-0.0068829633165044,-0.098523984921759,-0.51720904046058,7.4527525047807,0
3549,0.015392389303386,-0.043528203669374,-0.51592035295861,1.1932157299712,0
3550,0.013357653390975,-0.037348259140309,-0.51436527537011,1.3220261952852,0
3551,0.011623931666712,-0.032433786703058,-0.51281019778162,1.4508366605992,0
5092,-0.018102484783734,-0.072427366451139,-0.5126893712248,5.173578675758,0
3552,0.010139748530789,-0.028497578645285,-0.51125512019313,1.5796471259132,0
5149,-0.0084743864429012,-0.099439335104284,-0.51063172793659,7.3262609739363,0
3553,0.0088261300033627,-0.025345154992185,-0.50970004260464,1.7084575912271,0
3554,0.0076213508319984,-0.022845122661941,-0.50814496501614,1.8372680565408,0
3555,0.0064803060632593,-0.020904895279335,-0.50658988742766,1.9660785218546,0
3556,0.005371634278521,-0.019457493264148,-0.50503480983917,2.0948889871684,0
5091,-0.017290993748151,-0.068774204915987,-0.50424968803339,5.0476040946562,0
5148,-0.0098935068468898,-0.099996429636068,-0.50405441541261,7.1997694430922,0
3557,0.0042754752875473,-0.018453786568119,-0.50347973225068,2.2236994524823,0
3558,0.0031806652304511,-0.017861679597205,-0.50192465466219,2.3525099177963,0
3559,0.0020756216296247,-0.017666859258747,-0.5003695770737,2.4813203831102,0
3560,0.00094577404476221,-0.017873241073879,-0.49881449948521,2.6101308484242,0
5317,-0.013085228057149,-0.0020343253077753,-0.49861117870364,10.633084352589,0
5147,-0.011147048931891,-0.10019599741524,-0.49747710288865,7.0732779122487,0
3561,-0.00020172809330645,-0.01851368025551,-0.49725942189672,2.7389413137382,0
5090,-0.016352839146399,-0.064971994462231,-0.49581000484198,4.9216295135543,0
3562,-0.0013054202157452,-0.019436409081644,-0.49570434430823,2.8677517790526,0
3563,-0.0023349199681627,-0.02057119279475,-0.49414926671972,2.9965622443674,0
5316,-0.018814410510846,-0.0020883364450395,-0.49370176614332,10.53314642916,0
3564,-0.0033230504626601,-0.02198904896856,-0.49259418913122,3.1253727096821,0
3565,-0.0042941732495752,-0.023691839977403,-0.49103911154272,3.2541831749967,0
5146,-0.01224139237116,-0.10003911216832,-0.49089979036471,6.9467863814055,0
3566,-0.0052547294461324,-0.025666767942742,-0.48948403395422,3.3829936403111,0
5315,-0.013401601715395,-0.0015126335183577,-0.48879235358302,10.433208505731,0
3567,-0.0062053755199878,-0.027900005712012,-0.48792895636572,3.5118041056257,0
5089,-0.015318339313225,-0.0610308456698,-0.48737032165058,4.7956549324526,0
3568,-0.0071412491207769,-0.030379607131372,-0.48637387877722,3.6406145709404,0
3569,-0.0080594516926483,-0.03309338762138,-0.48481880118872,3.769425036255,0
5145,-0.013182482808666,-0.099527549542041,-0.48432247784079,6.820294850562,0
5314,-0.0047987873422133,-0.0010565460639323,-0.48388294102269,10.333270582302,0
3570,-0.0089619371538938,-0.036025659155921,-0.48326372360022,3.8982355015697,0
3571,-0.0098514687970832,-0.039157551899488,-0.48170864601172,4.0270459668843,0
3572,-0.01072963657805,-0.042466413855495,-0.48015356842322,4.1558564321988,0
5313,0.0059443047605845,-0.0014939518240113,-0.47897352846236,10.233332658873,0
5088,-0.014231153547409,-0.056861441252276,-0.47893063845917,4.6696803513509,0
3573,-0.011599963655385,-0.045914692770312,-0.47859849083472,4.2846668975133,0
5144,-0.01397581392909,-0.098664322230491,-0.47774516531684,6.6938033197182,0
3574,-0.012471149047896,-0.049446010423075,-0.47704341324622,4.413477362828,0
3575,-0.01335122170165,-0.053046511719481,-0.47548833565772,4.5422878281427,0
5312,0.01677523604735,-0.0025746586642164,-0.47406411590204,10.133394735445,0
5143,-0.014626453413821,-0.097454161110835,-0.47116785279288,6.5673117888746,0
5311,0.026271919287761,-0.0041183498298859,-0.46915470334173,10.033456812016,0
5142,-0.015139093028815,-0.095903903445121,-0.46459054026891,6.4408202580309,0
5310,0.033600205007236,-0.0061298812319624,-0.46424529078145,9.9335188885883,0
5309,0.038037785497963,-0.0087162032444455,-0.45933587822119,9.8335809651603,0
5141,-0.015518115845326,-0.094022799449697,-0.45801322774496,6.3143287271873,0
5308,0.039648729506795,-0.01212124875091,-0.45442646566089,9.7336430417321,0
5140,-0.015767674534585,-0.091822736494743,-0.45143591522102,6.1878371963438,0
5207,0.039072518220429,-0.017504530340396,-0.44961871514447,9.6202118172776,0
5206,0.036713877398476,-0.024512573520725,-0.44491262667193,9.4932872917969,0
5139,-0.015891772682094,-0.089318380026428,-0.44485860269707,6.0613456655004,0
5205,0.033453901461539,-0.032241639304901,-0.44020653819939,9.366362766316,0
5138,-0.015894338876687,-0.086527237990913,-0.43828129017312,5.9348541346569,0
5204,0.029799909465467,-0.040095242767362,-0.43550044972686,9.2394382408353,0
5137,-0.01577927992537,-0.08346966147203,-0.43170397764918,5.8083626038134,0
5203,0.02603608844259,-0.047719097691758,-0.43079436125433,9.1125137153549,0
5202,0.022312674911922,-0.054917450160789,-0.4260882727818,8.9855891898743,0
5136,-0.015550491054438,-0.080168799881054,-0.42512666512524,5.68187107297,0
5201,0.018716888835307,-0.061589942734191,-0.42138218430925,8.8586646643933,0
5135,-0.015211774738218,-0.076650533250464,-0.41854935260128,5.5553795421265,0
5200,0.015304963919386,-0.067693930845511,-0.4166760958367,8.7317401389124,0
5134,-0.014766544420756,-0.072943365836754,-0.41197204007733,5.428888011283,0
5199,0.012111584203013,-0.073219161293928,-0.41197000736416,8.6048156134313,0
5198,0.0091529408030291,-0.07817286935192,-0.40726391889162,8.4778910879503,0
5133,-0.014217037734064,-0.069078196757971,-0.40539472755338,5.3023964804395,0
344,-1.5517853715255,0.0014630814040379,-0.40308564282104,0.062500002000117,0
345,-1.3851846294872,0.0076472989645098,-0.40308564282104,0.1875000060004,0
346,-1.0725903026807,0.032222724708911,-0.40308564282104,0.31250001000043,0
347,-0.62543205207683,0.025971276272888,-0.40308564282104,0.43750001400014,0
1152,-0.24099607707019,-0.023931851425238,-0.40308564282104,0.56250001799985,0
1153,-0.057381912301981,-0.063602022235956,-0.40308564282104,0.68750002199955,0
1154,0.0059640595096534,-0.071204398790688,-0.40308564282104,0.8125000259996,0
1155,0.015847631983289,-0.061600134387957,-0.40308564282104,0.9375000299999,0
5197,0.0064270776899831,-0.082574117097818,-0.40255783041908,8.3509665624694,0
3576,0.014924588379081,-0.051420994101179,-0.40248089042552,1.0644052646571,0
3577,0.013056491512555,-0.042731438229276,-0.40127138563447,1.1932157299712,0
3578,0.011368304112101,-0.035817712328781,-0.40006188084342,1.3220261952852,0
3579,0.0099661185736565,-0.030282638468717,-0.39885237605238,1.4508366605992,0
5132,-0.013562198246526,-0.065087569898044,-0.39881741502944,5.175904949596,0
5196,0.0039302265459121,-0.086451878009352,-0.39785174194654,8.2240420369885,0
3580,0.0087840679074394,-0.025796479874595,-0.39764287126133,1.5796471259132,0
3581,0.0077511025543726,-0.022141235545096,-0.39643336647028,1.708457591227,0
3582,0.0068144816097843,-0.019167211366885,-0.39522386167923,1.8372680565408,0
3583,0.0059361340057111,-0.016769403894848,-0.39401435688819,1.9660785218545,0
5195,0.0016716541775874,-0.0898163390382,-0.393145653474,8.0971175115075,0
3584,0.0050885568387405,-0.014871488830374,-0.39280485209715,2.0948889871683,0
5131,-0.01279026193669,-0.060998273174113,-0.39224010250548,5.0494134187524,0
3585,0.0042541157206805,-0.013412670401381,-0.3915953473061,2.2236994524823,0
3586,0.0034329174824428,-0.012349684430311,-0.39038584251506,2.3525099177963,0
3587,0.0026288260091127,-0.011663404174876,-0.38917633772401,2.4813203831102,0
5194,-0.00033339357807006,-0.092667494041973,-0.38843956500146,7.9701929860265,0
3588,0.0018314971916597,-0.011352756199786,-0.38796683293297,2.6101308484242,0
3589,0.0010268177491674,-0.011441728443581,-0.38675732814192,2.7389413137382,0
5130,-0.011900296801469,-0.056823558380413,-0.38566278998152,4.9229218879088,0
3590,0.00020776991358865,-0.011987633996339,-0.38554782335087,2.8677517790527,0
3591,-0.00060339339016254,-0.012945537770643,-0.38433831855982,2.9965622443674,0
5193,-0.0021122021570839,-0.095019678753391,-0.38373347652891,7.8432684605455,0
3592,-0.0013518141459229,-0.01410501333115,-0.38312881376876,3.1253727096821,0
3593,-0.0020594978839964,-0.015560077155256,-0.38191930897771,3.2541831749967,0
3594,-0.0027567053180495,-0.017292586667844,-0.38070980418665,3.3829936403112,0
3595,-0.0034497794562598,-0.019296732847179,-0.3795002993956,3.5118041056257,0
5129,-0.010928667870096,-0.052562934663397,-0.37908547745758,4.7964303570652,0
5192,-0.0036868614834955,-0.096883449772986,-0.37902738805637,7.7163439350649,0
3596,-0.0041325800504967,-0.021573684860389,-0.37829079460455,3.6406145709404,0
3597,-0.0048037732510357,-0.024119614044712,-0.37708128981349,3.769425036255,0
3598,-0.0054712447413129,-0.026924060773311,-0.37587178502244,3.8982355015697,0
3599,-0.006142929420413,-0.029973293310814,-0.37466228023139,4.0270459668843,0
5191,-0.0050743698831128,-0.0982671585931,-0.37432129958384,7.5894194095843,0
3600,-0.0068230700752423,-0.03325089845166,-0.37345277544033,4.1558564321988,0
5128,-0.0099313006584446,-0.048124730431478,-0.37250816493362,4.6699388262217,0
3601,-0.0075198237204367,-0.0367266821301,-0.37224327064928,4.2846668975133,0
3602,-0.0082548121549401,-0.040347690547256,-0.37103376585823,4.413477362828,0
3603,-0.0090605048126171,-0.044095507972482,-0.36982426106717,4.5422878281427,0
5190,-0.0062890263151516,-0.099179038741761,-0.36961521111131,7.4624948841034,0
5189,-0.0073447219285557,-0.099628880863513,-0.36490912263877,7.3355703586223,0
5188,-0.0082549190853431,-0.099628121317152,-0.36020303416623,7.2086458331417,0
5187,-0.0090313689063176,-0.099189513148109,-0.35549694569372,7.0817213076617,0
5186,-0.009683908437456,-0.098327156762832,-0.35079085722122,6.9547967821819,0
5185,-0.010220713489666,-0.097056648791337,-0.34608476874872,6.8278722567018,0
5184,-0.010648629936987,-0.095395230546912,-0.34137868027621,6.7009477312215,0
5183,-0.010973484919587,-0.093361883484508,-0.33667259180369,6.5740232057412,0
5182,-0.011200345061201,-0.090977380783493,-0.33196650333117,6.447098680261,0
5181,-0.011333721969196,-0.088264313976395,-0.32726041485866,6.3201741547809,0
5180,-0.01137773386404,-0.085247099323854,-0.32255432638615,6.1932496293008,0
5179,-0.011336230013747,-0.081951963061033,-0.31784823791364,6.0663251038208,0
5178,-0.011212881344357,-0.078406907445663,-0.31314214944113,5.9394005783408,0
5177,-0.01101123775518,-0.074641664711535,-0.30843606096863,5.8124760528607,0
5176,-0.010734749032148,-0.070687657327413,-0.30372997249612,5.6855515273807,0
5307,-0.014146224693076,-0.002041362208509,-0.29933171637684,10.647805036238,0
5175,-0.010386734463725,-0.066578006238409,-0.29902388402361,5.5586270019007,0
5306,-0.018157767968942,-0.0010238583318854,-0.29638522267923,10.547786573914,0
5174,-0.0099702187770515,-0.062347716199981,-0.29431779555109,5.4317024764207,0
5305,-0.012325798039029,0.00024790373187144,-0.29343872898163,10.44776811159,0
5304,-0.0047014344344176,0.001762499658468,-0.29049223528401,10.347749649265,0
5173,-0.0094873273276699,-0.058034817183525,-0.28961170707858,5.3047779509405,0
348,-1.5594462253828,0.0011638174310276,-0.28791831630079,0.062500002000117,0
349,-1.4024898915251,0.0060355633318245,-0.28791831630079,0.1875000060004,0
350,-1.0955006640779,0.031452450277623,-0.28791831630079,0.31250001000043,0
351,-0.6004392201418,0.025632228506,-0.28791831630079,0.43750001400014,0
1156,-0.18477858333692,-0.036440379774515,-0.28791831630079,0.56250001799984,0
1157,-0.0279169434502,-0.075553838598094,-0.28791831630079,0.68750002199953,0
1159,0.012633216555366,-0.062360241096788,-0.28791831630079,0.93750002999989,0
1158,0.010248203929928,-0.075280736242318,-0.28791831630079,0.81250002599958,0
5303,0.0043383562991485,0.0030286808265738,-0.2875457415864,10.247731186941,0
3604,0.011422448291037,-0.05087895493135,-0.28748635030398,1.0644052646571,0
3605,0.0099331056801793,-0.041391526261832,-0.28662241831037,1.1932157299712,0
3606,0.0086665729632883,-0.033870111582987,-0.28575848631677,1.3220261952852,0
5172,-0.0089362825988281,-0.053682546913222,-0.28490561860607,5.1778534254605,0
3607,0.0076393146165096,-0.027810782550269,-0.28489455432316,1.4508366605992,0
5302,0.01396628475288,0.0035836051638573,-0.28459924788879,10.147712724617,0
3608,0.006785161342248,-0.022855997853029,-0.28403062232956,1.5796471259132,0
3609,0.0060470200441083,-0.018768157759635,-0.28316669033595,1.708457591227,0
3610,0.0053841931785325,-0.015383146007624,-0.28230275834234,1.8372680565408,0
5301,0.022852674892208,0.0036438555621161,-0.28165275419119,10.047694262293,0
3611,0.0047675926514252,-0.012587430012625,-0.28143882634874,1.9660785218545,0
3612,0.0041736601179439,-0.010299052405391,-0.28057489435514,2.0948889871683,0
5171,-0.008284963143928,-0.049328281186342,-0.28019953013356,5.0509288999804,0
3613,0.0035790021587652,-0.0084418936414025,-0.27971096236153,2.2236994524823,0
3614,0.0029953724566387,-0.0069532544997419,-0.27884703036793,2.3525099177963,0
5300,0.029912408283294,0.0032832047389162,-0.27870626049361,9.9476757999696,0
3615,0.0024489245346126,-0.0058023154837239,-0.27798309837432,2.4813203831102,0
3616,0.001936481262752,-0.0049739324512506,-0.27711916638072,2.6101308484242,0
3617,0.0014661795356576,-0.0044856112245715,-0.27625523438712,2.7389413137383,0
5299,0.033602098783261,0.0024216934743019,-0.27575976679603,9.8476573376462,0
5170,-0.0075134669425712,-0.044988142399439,-0.27549344166104,4.9240043745002,0
3618,0.0010236570240548,-0.0043530569061267,-0.27539130239351,2.8677517790527,0
3619,0.00057454395569181,-0.004609897857199,-0.2745273703999,2.9965622443674,0
3620,0.00011150690042842,-0.0054151558969936,-0.27366343840629,3.1253727096821,0
5298,0.033454064675455,-8.440241154507e-05,-0.27281327309843,9.7476388753225,0
3621,-0.00034533966249131,-0.0065376761188112,-0.27279950641267,3.2541831749967,0
3622,-0.00079984350411781,-0.0078768090635142,-0.27193557441906,3.3829936403112,0
3623,-0.0012338669549938,-0.0094627972760734,-0.27107164242545,3.5118041056258,0
5169,-0.0066614304704295,-0.040641388000979,-0.27078735318853,4.7970798490201,0
3624,-0.0016452465889066,-0.011340289031202,-0.27020771043184,3.6406145709404,0
5247,0.029979466396917,-0.0062812472678034,-0.2699262375751,9.6339929368685,0
3625,-0.0020420285087771,-0.013511030081899,-0.26934377843823,3.7694250362551,0
3626,-0.0024405399859486,-0.015963873837074,-0.26847984644462,3.8982355015697,0
3627,-0.0028546213838366,-0.018697353056717,-0.26761591445101,4.0270459668843,0
5246,0.026670261793176,-0.015174732300085,-0.26709866022605,9.5067195222843,0
3628,-0.0032899016221999,-0.021707492740501,-0.2667519824574,4.1558564321988,0
5168,-0.0057981698344239,-0.036194398575657,-0.26608126471602,4.67015532354,0
3629,-0.0037595907074019,-0.024980870702253,-0.26588805046379,4.2846668975133,0
3630,-0.0042998745328148,-0.028478150779379,-0.26502411847018,4.413477362828,0
5245,0.023337893026327,-0.024741944501856,-0.26427108287699,9.3794461076998,0
3631,-0.0049760330532916,-0.032170415105863,-0.26416018647657,4.5422878281427,0
5244,0.020254531522577,-0.034217224677835,-0.26144350552794,9.2521726931155,0
5243,0.017420614227321,-0.043192392524072,-0.2586159281789,9.1248992785316,0
5242,0.014777794028877,-0.051483042100922,-0.25578835082985,8.9976258639474,0
5241,0.012298193326609,-0.059032093625016,-0.25296077348079,8.8703524493628,0
5240,0.0099816443741156,-0.065836547071319,-0.25013319613173,8.7430790347784,0
5239,0.0078364686784873,-0.071910098363454,-0.24730561878267,8.6158056201937,0
5238,0.0058724333850857,-0.077267840611457,-0.24447804143361,8.4885322056091,0
5237,0.0041037891978209,-0.081934461438971,-0.24165046408456,8.3612587910246,0
5236,0.0024851172583719,-0.085794788797884,-0.2388228867355,8.2339853764402,0
5235,0.001038146521433,-0.08889733066031,-0.23599530938645,8.1067119618556,0
5234,-0.00025317095969738,-0.091276598240812,-0.23316773203739,7.979438547271,0
5233,-0.0014007508631798,-0.092973526647361,-0.23034015468833,7.8521651326865,0
5232,-0.0024133883502689,-0.094030035696692,-0.22751257733928,7.7248917181023,0
5231,-0.0032993380413545,-0.094486148987102,-0.22468499999023,7.5976183035181,0
5230,-0.0040666579810656,-0.094380593068659,-0.22185742264118,7.4703448889336,0
5229,-0.0047230816455983,-0.093751217392769,-0.21902984529212,7.343071474349,0
5228,-0.0052759515754822,-0.092634695079636,-0.21620226794307,7.2157980597648,0
5227,-0.0057322562460267,-0.091066347813286,-0.21337469059403,7.0885246451812,0
5226,-0.0060986577690661,-0.089080340179462,-0.210547113245,6.9612512305979,0
5225,-0.0063814847733354,-0.086709993419393,-0.20771953589597,6.8339778160143,0
5224,-0.0065867218856039,-0.083988062288087,-0.20489195854693,6.7067044014303,0
5223,-0.0067200020701004,-0.080946952755102,-0.20206438119789,6.5794309868465,0
5222,-0.0067865983556692,-0.077618898710173,-0.19923680384884,6.4521575722628,0
5221,-0.0067914178969815,-0.074036113149846,-0.19640922649981,6.324884157679,0
5220,-0.0067390027635652,-0.070230919157483,-0.19358164915077,6.1976107430954,0
5219,-0.0066335379927685,-0.066235861458361,-0.19075407180173,6.0703373285118,0
5218,-0.0064788638745005,-0.062083799769377,-0.1879264944527,5.9430639139282,0
5217,-0.0062784881991018,-0.05780798742853,-0.18509891710366,5.8157904993446,0
5216,-0.006035598896997,-0.053442140752117,-0.18227133975463,5.688517084761,0
5215,-0.0057531043553595,-0.049020459325424,-0.17944376240559,5.5612436701774,0
5214,-0.0054336426365261,-0.044577653039874,-0.17661618505655,5.4339702555938,0
5213,-0.0050793616029235,-0.040152156568657,-0.17378860770751,5.3066968410101,0
354,-1.1219738355895,0.028738924225363,-0.17275098978048,0.31250001000043,0
1162,0.0087198282872213,-0.076826814559003,-0.17275098978048,0.81250002599956,0
1163,0.0083382281824922,-0.061567279568864,-0.17275098978048,0.93750002999989,0
353,-1.4175303516666,0.005873756862051,-0.17275098978048,0.1875000060004,0
355,-0.56836218891293,0.0264563576725,-0.17275098978048,0.43750001400014,0
1160,-0.11715473617918,-0.050118686709547,-0.17275098978048,0.56250001799983,0
1161,-0.0039911039309934,-0.086783936968141,-0.17275098978048,0.6875000219995,0
352,-1.5664310498334,0.0013204419314933,-0.17275098978048,0.062500002000116,0
3632,0.0073081474583916,-0.049135244869372,-0.1724918101824,1.0644052646571,0
3633,0.0063035132918924,-0.039103627507418,-0.17197345098623,1.1932157299712,0
3634,0.0054955532710932,-0.031169114262615,-0.17145509179007,1.3220261952852,0
5212,-0.004702638757949,-0.035790268014986,-0.17096103035847,5.1794234264266,0
3635,0.0048547229450012,-0.024751544642523,-0.1709367325939,1.4508366605992,0
3636,0.0043291516708946,-0.019474696545829,-0.17041837339773,1.5796471259132,0
3637,0.0038806305091037,-0.015087115521152,-0.16990001420157,1.708457591227,0
3638,0.0034827194412152,-0.011415092835316,-0.1693816550054,1.8372680565408,0
3639,0.0031176514603521,-0.0083416800550075,-0.16886329580924,1.9660785218545,0
3640,0.0027696229104913,-0.0057895071806353,-0.16834493661307,2.0948889871683,0
5211,-0.0042470862453271,-0.031525297284482,-0.16813345300943,5.0521500118428,0
3641,0.0023856472639792,-0.0036619077861307,-0.16782657741691,2.2236994524823,0
3642,0.0019809926683321,-0.0018995054019118,-0.16730821822074,2.3525099177963,0
3643,0.001625467483372,-0.00043943298203502,-0.16678985902458,2.4813203831103,0
3644,0.0013101687731501,0.00076564539099428,-0.16627149982841,2.6101308484242,0
3645,0.0010804064802997,0.0015896550333165,-0.16575314063224,2.7389413137383,0
5210,-0.0036615215389291,-0.027448160818584,-0.16530587566039,4.9248765972591,0
3646,0.00091173086495421,0.0021677621853563,-0.16523478143608,2.8677517790527,0
3647,0.00079725822858976,0.0025076478511226,-0.16471642223991,2.9965622443674,0
3648,0.00069107037167375,0.0025865778354939,-0.16419806304374,3.1253727096822,0
3649,0.00054986393337239,0.0024695243132342,-0.16367970384757,3.2541831749967,0
3650,0.00038420067352704,0.0020080044908605,-0.1631613446514,3.3829936403112,0
3651,0.00023666063299127,0.0011971405197652,-0.16264298545523,3.5118041056258,0
5209,-0.0029775513378813,-0.02349838125793,-0.16247829831135,4.7976031826754,0
3652,0.00012019410935152,6.5643720352137e-05,-0.16212462625906,3.6406145709404,0
3653,1.8727076463374e-05,-0.0013727978622826,-0.16160626706289,3.7694250362551,0
3654,-8.0524415742318e-05,-0.0030427895134859,-0.16108790786672,3.8982355015697,0
3655,-0.00018664526890578,-0.0049983240146979,-0.16056954867055,4.0270459668843,0
3656,-0.00031005926341912,-0.0072576742530136,-0.16005118947439,4.1558564321988,0
5208,-0.0022469358090213,-0.019599466480824,-0.15965072096231,4.6703297680918,0
3657,-0.00048666502511433,-0.0098545134707411,-0.15953283027822,4.2846668975133,0
3658,-0.00080526532469415,-0.012813498415338,-0.15901447108205,4.413477362828,0
3659,-0.0014098327537216,-0.016090158496336,-0.15849611188588,4.5422878281427,0
5297,-0.013961022763127,-0.0013065100472581,-0.099811530890384,10.658791258305,0
5296,-0.015355511631767,0.0011465249091244,-0.098829218560557,10.558730719395,0
5295,-0.0088123808979581,0.003471669247158,-0.097846906230731,10.458670180485,0
5294,-0.00091963046183513,0.0060821503747647,-0.096864593900902,10.358609641576,0
5293,0.0074275027229489,0.0083947606801696,-0.095882281571072,10.258549102666,0
5292,0.015883278199229,0.010129310936842,-0.094899969241244,10.158488563757,0
5291,0.023969777990559,0.011550403203294,-0.093917656911419,10.058428024848,0
5290,0.030355569006252,0.013023665515885,-0.092935344581601,9.9583674859388,0
5289,0.032852983515342,0.015151744827274,-0.091953032251783,9.8583069470301,0
5288,0.028866443322652,0.016642742561059,-0.09097071992196,9.758246408121,0
5287,0.014794946005214,0.013317577214211,-0.090007889761282,9.6444471001931,0
5286,0.0087378259383584,-0.0046966144017023,-0.089064541769751,9.5169090232462,0
5285,0.0056759301472773,-0.016304298857987,-0.088121193778219,9.389370946299,0
5284,0.0035916937373815,-0.026781800188085,-0.087177845786689,9.2618328693522,0
5283,0.0020931104407649,-0.035928659849411,-0.086234497795161,9.1342947924056,0
5282,0.00089939112245672,-0.043676654173205,-0.08529114980363,9.0067567154587,0
5281,-0.00012468162476763,-0.050130836929915,-0.084347801812097,8.8792186385115,0
5280,-0.0010260527200272,-0.055396052112277,-0.083404453820565,8.7516805615644,0
5279,-0.0018151433607943,-0.059548348813433,-0.082461105829032,8.6241424846171,0
5278,-0.0024792223850912,-0.06265870464446,-0.081517757837501,8.4966044076698,0
5277,-0.0029694002673861,-0.064785071989598,-0.080574409845968,8.3690663307227,0
5276,-0.0032267103407209,-0.066155671872241,-0.079631061854437,8.2415282537757,0
5275,-0.0033482304127944,-0.066811129452313,-0.078687713862907,8.1139901768284,0
5274,-0.0033911461097586,-0.066833920321613,-0.077744365871375,7.9864520998811,0
5273,-0.0033821584749589,-0.066302473727416,-0.076801017879842,7.858914022934,0
5272,-0.0033355292082505,-0.065279459931779,-0.07585766988831,7.7313759459871,0
5271,-0.0032607378787883,-0.063817565059076,-0.074914321896781,7.6038378690403,0
5270,-0.0031645368521637,-0.061964758117425,-0.073970973905251,7.4762997920932,0
5269,-0.0030519443018467,-0.059765903951459,-0.073027625913719,7.3487617151459,0
5268,-0.0029269120362275,-0.05726283242962,-0.072084277922188,7.221223638199,0
5267,-0.0027925796043691,-0.0544943923015,-0.071140929930661,7.0936855612528,0
5266,-0.0026513633999328,-0.051496785506378,-0.070197581939138,6.9661474843068,0
5265,-0.00250503785251,-0.048303990533468,-0.069254233947615,6.8386094073606,0
5264,-0.0023548374865617,-0.044948133161936,-0.06831088595609,6.711071330414,0
5263,-0.0022015674553691,-0.041459787181785,-0.067367537964562,6.5835332534675,0
5262,-0.0020457064454101,-0.037868226265497,-0.066424189973035,6.4559951765211,0
5261,-0.0018874944585152,-0.034201641691438,-0.065480841981509,6.3284570995747,0
5260,-0.0017270025358262,-0.030487331710026,-0.064537493989984,6.2009190226285,0
5259,-0.0015641803655722,-0.026751865592542,-0.063594145998458,6.0733809456823,0
5258,-0.0013988756032583,-0.023021226350284,-0.062650798006933,5.945842868736,0
5257,-0.0012308165719326,-0.019320938460177,-0.061707450015409,5.8183047917898,0
5256,-0.0010595509270775,-0.015676196293422,-0.060764102023883,5.6907667148435,0
5255,-0.00088434819073507,-0.012111983391852,-0.059820754032357,5.5632286378973,0
5254,-0.00070397430759475,-0.0086520211454089,-0.058877406040831,5.435690560951,0
5253,-0.00052054799208616,-0.0053222561858441,-0.057934058049305,5.3081524840047,0
356,-1.5745404131908,0.0021910938293846,-0.057583663260151,0.062500002000116,0
357,-1.4315208293936,0.0070996315402672,-0.057583663260151,0.1875000060004,0
358,-1.152961830138,0.025382600483542,-0.057583663260151,0.31250001000043,0
359,-0.53029553674396,0.023680020061069,-0.057583663260151,0.43750001400014,0
1164,-0.029973112231783,-0.043623984978282,-0.057583663260151,0.56250001799983,0
1166,0.0027453488693614,-0.063876212259088,-0.057583663260151,0.81250002599953,0
1167,0.0022858756414182,-0.049300289598373,-0.057583663260151,0.93750002999988,0
1165,0.0038248911048049,-0.080070820848095,-0.057583663260151,0.68750002199948,0
3660,0.0018849838205661,-0.038317686772097,-0.05749727006079,1.0644052646571,0
3661,0.001539971660566,-0.029590091965067,-0.057324483662067,1.1932157299711,0
3662,0.0012899752789015,-0.022774352465842,-0.057151697263345,1.3220261952852,0
5252,-0.00037828420901204,-0.0022548895098967,-0.05699071005778,5.1806144070585,0
3663,0.0011101452877775,-0.017299736624245,-0.056978910864622,1.4508366605992,0
3664,0.00097613531505007,-0.012816859158738,-0.0568061244659,1.5796471259131,0
3665,0.00087228828271221,-0.0090940641920974,-0.056633338067177,1.708457591227,0
3666,0.00078841448333461,-0.0059725148290705,-0.056460551668455,1.8372680565408,0
3667,0.00072199539827174,-0.0033498499146758,-0.056287765269733,1.9660785218545,0
3668,0.00067903074125789,-0.0011975995292353,-0.056114978871011,2.0948889871683,0
5251,-0.00010140679084122,0.00114205907074,-0.056047362066253,5.0530763301121,0
3669,0.00052986919106639,0.00078953749324136,-0.055942192472289,2.2236994524823,0
3670,0.00032043034544099,0.0021140155494009,-0.055769406073567,2.3525099177963,0
3671,0.00017717580133103,0.0031151707258968,-0.055596619674845,2.4813203831103,0
3672,0.00010174858995409,0.0038345015922469,-0.055423833276123,2.6101308484243,0
3673,7.5912195248664e-05,0.0043328055233016,-0.0552510468774,2.7389413137383,0
5250,0.00035135312400711,0.0037468676523358,-0.055104014074727,4.9255382531657,0
3674,7.9503468177866e-05,0.0047007868859297,-0.055078260478677,2.8677517790527,0
3675,0.00011783802528761,0.0049856427805394,-0.054905474079954,2.9965622443675,0
3676,0.00016921793234602,0.0052153214464507,-0.05473268768123,3.1253727096822,0
3677,0.00023199156622054,0.0054064932760402,-0.054559901282507,3.2541831749968,0
3678,0.00033578755335301,0.0055625941902029,-0.054387114883784,3.3829936403112,0
3679,0.00048229104762675,0.0057148068410577,-0.05421432848506,3.5118041056258,0
5249,0.00083001953377879,0.0059237697507439,-0.054160666083201,4.7980001762194,0
3680,0.00064998451700111,0.0058959093618757,-0.054041542086337,3.6406145709404,0
3681,0.00081085700589909,0.0061194797165051,-0.053868755687614,3.7694250362551,0
3682,0.00096186105665304,0.0063891627544574,-0.05369596928889,3.8982355015697,0
3683,0.001121152857162,0.0066972173901636,-0.053523182890167,4.0270459668843,0
3684,0.0013036229228054,0.0070462907645361,-0.053350396491443,4.1558564321988,0
5248,0.0013259525080856,0.0074740049765809,-0.053217318091675,4.6704620992731,0
3685,0.0015284461232529,0.0074163208333943,-0.05317761009272,4.2846668975133,0
3686,0.0017857732311789,0.0077056802786319,-0.053004823693997,4.413477362828,0
3687,0.0018453165228272,0.0080079007251446,-0.052832037295273,4.5422878281427,0
5688,0.030610914323596,0.0089250445137675,0.062500001999896,9.7627239264797,0
5689,0.034117933869908,0.011187977328551,0.062500001999919,9.8627936362815,0
5690,0.031457517517161,0.012184201575016,0.062500001999942,9.9628633460831,0
5691,0.025375155416388,0.012223391276904,0.062500001999965,10.062933055885,0
5692,0.017782413528816,0.011415447969007,0.062500001999987,10.163002765687,0
5693,0.0099496204214104,0.0099759615682993,0.06250000200001,10.263072475489,0
5694,0.0023934993198702,0.0080515408790593,0.062500002000033,10.363142185291,0
5695,-0.0049719650534537,0.0056163093886276,0.062500002000056,10.463211895094,0
5696,-0.011253072343066,0.0030372664489387,0.062500002000078,10.563281604896,0
5697,-0.011981855406948,-0.00020720600532146,0.062500002000101,10.663351314699,0
363,-0.47718763986093,0.031599067841891,0.066964287856892,0.43750001400014,0
362,-1.1879725961562,0.0210845784952,0.066964287856915,0.31250001000042,0
361,-1.4444986811416,0.0083848059476561,0.066964287856939,0.1875000060004,0
360,-1.5840841767195,0.0032873454687197,0.066964287856963,0.062500002000115,0
5698,0.02244960155315,0.0036428593819526,0.18750000599972,9.762766649881,0
5699,0.030769159868656,0.0077591369170219,0.18750000599978,9.8628318624827,0
5700,0.030186355098192,0.010047417016995,0.18750000599984,9.9628970750842,0
5701,0.025378816272775,0.011068745555534,0.1875000059999,10.062962287686,0
5702,0.018778101530237,0.010952646325297,0.18750000599996,10.163027500287,0
5703,0.01174780324445,0.0099872742813116,0.18750000600003,10.26309271289,0
5704,0.0048297709776855,0.0083748772456158,0.18750000600009,10.363157925492,0
5705,-0.0019466116197148,0.0061977924474134,0.18750000600015,10.463223138094,0
5706,-0.0079207054027086,0.0036191094579467,0.18750000600021,10.563288350697,0
5707,-0.0097643871997101,0.00021415672782733,0.18750000600027,10.663353563299,0
367,-0.46477093321844,0.019875372721761,0.20089286357068,0.43750001400014,0
366,-1.2030018273502,0.012653510826943,0.20089286357075,0.31250001000041,0
365,-1.4563826356006,0.0069699940668497,0.20089286357082,0.18750000600039,0
364,-1.5943787415235,0.0032310080885787,0.20089286357089,0.062500002000113,0
5708,0.014088861562757,0.0019070892910856,0.31250000999949,9.7628093732823,0
5709,0.025743828518862,0.0060222816951734,0.3125000099996,9.8628700886838,0
5710,0.02748647767777,0.0084110869203045,0.3125000099997,9.9629308040852,0
5711,0.024353384253533,0.0097177095510961,0.31250000999981,10.062991519487,0
5712,0.019027177475315,0.0099422598735271,0.31250000999991,10.163052234888,0
5713,0.01299488291851,0.0093178190334248,0.31250001000002,10.263112950291,0
5714,0.0068919984301894,0.0080066606420389,0.31250001000012,10.363173665693,0
5715,0.0010103993276103,0.006096699604399,0.31250001000022,10.463234381095,0
5716,-0.0045821956895162,0.0037226921434545,0.31250001000033,10.563295096497,0
5717,-0.0071370916817576,0.00041225879848771,0.31250001000043,10.663355811899,0
371,-0.45441315513278,0.008839388929747,0.33482143928446,0.43750001400014,0
370,-1.2108239136564,0.0064101928949883,0.33482143928457,0.31250001000041,0
369,-1.464414757834,0.0041703900482923,0.33482143928469,0.18750000600038,0
368,-1.6017735064588,0.0021269843391516,0.3348214392848,0.062500002000111,0
5718,0.0092083181283678,0.0011723074537808,0.43750001399916,9.7628520966836,0
5719,0.021549297809201,0.0047954534853313,0.43750001399933,9.862908314885,0
5720,0.024795883856736,0.0070219717339093,0.4375000139995,9.9629645330863,0
5721,0.023102699620371,0.0083717850651856,0.43750001399967,10.063020751288,0
5722,0.01897408173869,0.008733978480052,0.43750001399984,10.163076969489,0
5723,0.013924644471303,0.0083146646455138,0.43750001400001,10.263133187691,0
5724,0.0086345659689531,0.0072407147611808,0.43750001400018,10.363189405893,0
5725,0.0034637410286443,0.0056063908580187,0.43750001400034,10.463245624095,0
5726,-0.001551349838144,0.0035375764447855,0.43750001400051,10.563301842297,0
5727,-0.0045158029771421,0.00047457770438644,0.43750001400068,10.663358060499,0
375,-0.45029623967299,0.0041018800892255,0.46875001499824,0.43750001400014,0
374,-1.2140189918892,0.0031032381140883,0.4687500149984,0.3125000100004,0
373,-1.4686649574959,0.002219387466931,0.46875001499855,0.18750000600037,0
372,-1.6060741318037,0.001182663718341,0.46875001499871,0.062500002000108,0
5728,0.0063474532106258,0.0005552335850194,0.56250001799883,9.7628948200849,0
5729,0.018326211469661,0.0036535726422597,0.56250001799906,9.8629465410861,0
5730,0.022469874942886,0.0056451266907852,0.5625000179993,9.9629982620873,0
5731,0.021913638854982,0.006964851387243,0.56250001799954,10.063049983089,0
5732,0.01880680900308,0.0073937748333035,0.56250001799978,10.16310170409,0
5733,0.014640015087048,0.0071191316930143,0.56250001800002,10.263153425092,0
5734,0.010103005781286,0.0062474686644856,0.56250001800026,10.363205146094,0
5735,0.0055921814950975,0.0048707906952339,0.5625000180005,10.463256867096,0
5736,0.0014499103893092,0.0030619595190367,0.56250001800074,10.563308588098,0
5737,-0.002046467971226,0.00049658832776106,0.56250001800098,10.663360309099,0
379,-0.44842267745175,0.0019281825639051,0.60267859071202,0.43750001400013,0
378,-1.21536063267,0.0014708952569418,0.60267859071221,0.31250001000039,0
377,-1.4707724476203,0.0011105087820301,0.60267859071241,0.18750000600037,0
376,-1.6083337026305,0.0005997265029325,0.6026785907126,0.062500002000106,0
5738,0.0042633289607415,8.6150782083203e-05,0.68750002199852,9.7629375434861,0
5739,0.015679939052445,0.0026266639691504,0.68750002199882,9.8629847672872,0
5740,0.020408599285971,0.0043334783403146,0.68750002199912,9.9630319910884,0
5741,0.020792597405647,0.0055660228735322,0.68750002199942,10.06307921489,0
5742,0.018563578350111,0.0060197590004545,0.68750002199973,10.163126438691,0
5743,0.015176865318432,0.0058526036204762,0.68750002200003,10.263173662493,0
5744,0.011318300213602,0.0051531796498652,0.68750002200033,10.363220886295,0
5745,0.0073777792982014,0.0039965355046951,0.68750002200064,10.463268110096,0
5746,0.0036240388081447,0.0024907353689328,0.68750002200094,10.563315333898,0
5747,0.00015656046482969,0.00043097777560317,0.68750002200124,10.663362557699,0
383,-0.4475536077607,0.00090637490402821,0.7366071664258,0.43750001400013,0
382,-1.215951780607,0.00067154532150324,0.73660716642603,0.31250001000039,0
381,-1.4717848216337,0.00052807520260788,0.73660716642626,0.18750000600036,0
380,-1.6094391477991,0.00028125126923539,0.73660716642648,0.062500002000104,0
5748,0.0028081420526494,-0.00021628110309844,0.81250002599823,9.7629802668874,0
5749,0.013521839263747,0.0017574029481207,0.81250002599859,9.8630229934884,0
5750,0.018594864074615,0.003172817331932,0.81250002599896,9.9630657200894,0
5751,0.019751385770551,0.0042751122586561,0.81250002599933,10.06310844669,0
5752,0.018275137650746,0.004722820398505,0.81250002599969,10.163151173292,0
5753,0.015569080585522,0.0046321801232467,0.81250002600006,10.263193899894,0
5754,0.012312592309787,0.0040820337333452,0.81250002600043,10.363236626495,0
5755,0.0088769230724322,0.0031308617628198,0.81250002600079,10.463279353097,0
5756,0.0054674811296479,0.0018868354082406,0.81250002600116,10.563322079698,0
5757,0.0018271539881911,0.00020032555305784,0.81250002600153,10.663364806299,0
387,-0.44716395720108,0.00041740311553709,0.87053574213957,0.43750001400013,0
386,-1.2162140780335,0.00028033118765503,0.87053574213984,0.31250001000038,0
385,-1.472249580851,0.0002324676402271,0.87053574214011,0.18750000600035,0
384,-1.6099370546306,0.0001162277641334,0.87053574214038,0.062500002000101,0
5758,0.0020016118013252,-0.00038634531510381,0.93750002999799,9.7630229902887,0
5759,0.011862599909335,0.0010556527445824,0.93750002999842,9.8630612196895,0
5760,0.017067438023753,0.0022025778059855,0.93750002999885,9.9630994490905,0
5761,0.018821689146329,0.0031520088828222,0.93750002999928,10.063137678491,0
5762,0.017977400263345,0.0035762598670168,0.93750002999971,10.163175907893,0
5763,0.015848677265436,0.0035365392869994,0.93750003000014,10.263214137294,0
5764,0.01311002506036,0.0031124815039939,0.93750003000057,10.363252366696,0
5765,0.010105915127778,0.0023475037643578,0.937500030001,10.463290596097,0
5766,0.0069612162955347,0.0013430873800186,0.93750003000143,10.563328825499,0
5767,0.002972717401141,2.2060929706346e-05,0.93750003000186,10.6633670549,0
391,-0.44700489303251,0.00017837730534427,1.0044643178534,0.43750001400013,0
390,-1.216323842952,8.824717630928e-05,1.0044643178537,0.31250001000037,0
389,-1.4724430764071,8.4362941629975e-05,1.004464317854,0.18750000600034,0
388,-1.6101256603103,3.2429183130566e-05,1.0044643178543,0.062500002000099,0
5768,0.0016733271430591,-0.00046991773830495,1.0625000339981,9.76306571369,0
5769,0.010653510603966,0.00051891804968496,1.0625000339985,9.8630994458907,0
5770,0.015832588728275,0.0014351837887539,1.0625000339989,9.9631331780915,0
5771,0.018017169326411,0.0022259035431837,1.0625000339994,10.063166910292,0
5772,0.017695840936377,0.0026157978600103,1.0625000339998,10.163200642493,0
5773,0.016042890487506,0.0026063659464316,1.0625000340002,10.263234374695,0
5774,0.013735203430069,0.0022854259591428,1.0625000340007,10.363268106897,0
5775,0.011083949079513,0.0016842743278114,1.0625000340011,10.463301839098,0
5776,0.0081196132125408,0.00089850450862591,1.0625000340015,10.563335571299,0
5777,0.0037368497038157,-8.2880204218017e-05,1.0625000340019,10.6633693035,0
395,-0.44696005085535,6.1419984077804e-05,1.1383928935672,0.43750001400012,0
394,-1.2163601838365,-5.4821304918408e-06,1.1383928935675,0.31250001000036,0
393,-1.4725029755822,1.0766902283804e-05,1.1383928935679,0.18750000600034,0
392,-1.6101589224905,-9.8444283873215e-06,1.1383928935683,0.062500002000097,0
5778,0.0017379884054768,-0.00046832972495023,1.1875000379984,9.7631084370913,0
5779,0.0097635948651213,0.00014202569999022,1.1875000379988,9.8631376720918,0
5780,0.014860893889821,0.00086523074183356,1.1875000379992,9.9631669070926,0
5781,0.017335779702357,0.001503360591432,1.1875000379995,10.063196142093,0
5782,0.017445647118471,0.0018494271623436,1.1875000379999,10.163225377094,0
5783,0.016175500708723,0.001854100509056,1.1875000380003,10.263254612096,0
5784,0.014215675003334,0.0016136381186649,1.1875000380006,10.363283847097,0
5785,0.011839551547601,0.0011500073595014,1.187500038001,10.463313082098,0
5786,0.0089750217104789,0.00055301550559019,1.1875000380014,10.563342317099,0
5787,0.0041854088859417,-0.00013664579528812,1.1875000380017,10.6633715521,0
399,-0.44698303251033,1.2315748034136e-05,1.272321469281,0.43750001400012,0
398,-1.2163607332729,-4.8155400740455e-05,1.2723214692814,0.31250001000036,0
397,-1.4724967835569,-2.491532477611e-05,1.2723214692819,0.18750000600033,0
396,-1.610114596281,-3.1217002499422e-05,1.2723214692824,0.062500002000095,0
5788,0.0019630019253783,-0.00038362547832323,1.3125000419987,9.7631511604926,0
5789,0.0091420446553482,-7.7642432712022e-05,1.312500041999,9.8631758982929,0
5790,0.014119714034074,0.0004681464044133,1.3125000419993,9.9632006360936,0
5791,0.016771867997636,0.00096890423075161,1.3125000419996,10.063225373894,0
5792,0.017235197112328,0.0012640664133155,1.3125000419999,10.163250111695,0
5793,0.016267526338207,0.0012726821846433,1.3125000420002,10.263274849497,0
5794,0.014580536629654,0.0010918686446048,1.3125000420005,10.363299587298,0
5795,0.012408242344112,0.00073903708515564,1.3125000420009,10.463324325099,0
5796,0.0095760667964246,0.00029907457949196,1.3125000420012,10.5633490629,0
5797,0.0044061861314903,-0.00015309330150789,1.3125000420015,10.6633738007,0
403,-0.44701745808949,-1.674877016271e-06,1.4062500449948,0.43750001400012,0
402,-1.2163564925004,-6.5817326634732e-05,1.4062500449953,0.31250001000035,0
401,-1.4724635305031,-4.1653808605304e-05,1.4062500449958,0.18750000600032,0
400,-1.6100339661553,-4.2354779326422e-05,1.4062500449964,0.062500002000092,0
5798,0.0022101438413056,-0.00026742282881468,1.437500045999,9.7631938838938,0
5799,0.0087691047609682,-0.00017814546812045,1.4375000459992,9.8632141244941,0
5800,0.013577396590294,0.00020624220913286,1.4375000459995,9.9632343650947,0
5801,0.016320096089486,0.00059358832968563,1.4375000459997,10.063254605695,0
5802,0.017065148232303,0.00083476018017224,1.437500046,10.163274846296,0
5803,0.016335640148316,0.00084309063765294,1.4375000460002,10.263295086897,0
5804,0.014856951529876,0.00070434911961179,1.4375000460005,10.363315327499,0
5805,0.012826307703942,0.00043797909392884,1.4375000460007,10.463335568099,0
5806,0.0099746477061915,0.00012612434415627,1.4375000460009,10.5633558087,0
5807,0.0044780935281812,-0.00014048851523048,1.4375000460012,10.6633760493,0
407,-0.4470545066918,-5.0132874808379e-06,1.5401786207087,0.43750001400012,0
406,-1.2163531955702,-7.4371482738922e-05,1.5401786207093,0.31250001000034,0
405,-1.4724180454452,-4.977325379379e-05,1.5401786207099,0.18750000600031,0
404,-1.6099338741399,-4.8637078821274e-05,1.5401786207104,0.06250000200009,0
5808,0.0024439714324328,-0.00016748576502975,1.5625000499993,9.7632366072951,0
5809,0.0086049360259402,-0.00020423067697179,1.5625000499995,9.8632523506952,0
5810,0.01318069578963,4.6721157680358e-05,1.5625000499996,9.9632680940957,0
5811,0.01596899183748,0.00034408069994594,1.5625000499998,10.063283837496,0
5812,0.016930703573087,0.00053461998483726,1.56250005,10.163299580897,0
5813,0.016391282422413,0.00054068407654768,1.5625000500002,10.263315324298,0
5814,0.0150677465696,0.000430541490497,1.5625000500003,10.363331067699,0
5815,0.013126321327418,0.00022979570230014,1.5625000500005,10.4633468111,0
5816,0.010212225362903,1.8529928441247e-05,1.5625000500007,10.5633625545,0
5817,0.0044727322440822,-0.00011211849081677,1.5625000500008,10.6633782979,0
411,-0.44709512118418,-6.2267976962782e-06,1.6741071964232,0.43750001400011,0
410,-1.2163500466667,-8.0206945141923e-05,1.6741071964237,0.31250001000033,0
409,-1.4723661763534,-5.4532651090649e-05,1.6741071964241,0.18750000600031,0
408,-1.6098223260911,-5.2846450461655e-05,1.6741071964245,0.062500002000088,0
5818,0.0026342358260716,-9.4703455629244e-05,1.6875000539995,9.7632793306964,0
5819,0.008553579890985,-0.00018466352149122,1.6875000539997,9.8632905768964,0
5820,0.012907275147742,-3.098664694029e-05,1.6875000539998,9.9633018230968,0
5821,0.015704730739853,0.00019088210820213,1.6875000539999,10.063313069297,0
5822,0.016827322738437,0.00033842045428613,1.687500054,10.163324315498,0
5823,0.01644153110876,0.0003403770455925,1.6875000540001,10.263335561699,0
5824,0.015230943255481,0.00025005834695687,1.6875000540002,10.3633468079,0
5825,0.013337560922996,9.8208355441782e-05,1.6875000540003,10.4633580541,0
5826,0.010336513149712,-4.0629722681181e-05,1.6875000540004,10.563369300301,0
5827,0.0044245316858359,-8.5540524791786e-05,1.6875000540006,10.6633805465,0
415,-0.44713853002785,-6.8833597975387e-06,1.8080357721381,0.43750001400011,0
414,-1.2163469632847,-8.5331882387266e-05,1.8080357721383,0.31250001000033,0
413,-1.4723101280967,-5.8213813875605e-05,1.8080357721385,0.1875000060003,0
412,-1.6097024194487,-5.6362026188001e-05,1.8080357721387,0.062500002000085,0
5828,0.0027615828362367,-3.927901986e-05,1.8125000579997,9.7633220540977,0
5829,0.0085437453989832,-0.00014490796183186,1.8125000579998,9.8633288030975,0
5830,0.012725613966852,-5.4667107617389e-05,1.8125000579999,9.9633355520978,0
5831,0.015510869100717,0.0001053823763653,1.8125000579999,10.063342301098,0
5832,0.016749709942105,0.00021862282390039,1.812500058,10.163349050099,0
5833,0.016488069532768,0.00021916560586775,1.8125000580001,10.2633557991,0
5834,0.015358509394822,0.00014795113163854,1.8125000580001,10.363362548101,0
5835,0.013483260380729,3.5047304552212e-05,1.8125000580002,10.463369297101,0
5836,0.010392962723031,-5.6013902335868e-05,1.8125000580003,10.563376046101,0
5837,0.0043499149840094,-6.691142208631e-05,1.8125000580004,10.6633827951,0
5838,0.0029752113597134,3.4379524922539e-07,1.9375000619999,9.763364777499,0
5839,0.0086006678861047,-0.00020179914137934,1.9375000619999,9.8633670292986,0
5840,0.012565596491832,-0.00013546704708825,1.937500062,9.9633692810989,0
5841,0.01528707406612,1.1671099297368e-05,1.937500062,10.063371532899,0
5842,0.016620438690917,0.00013584855670608,1.937500062,10.163373784699,0
5843,0.016494261445442,0.00015977644241727,1.937500062,10.2633760365,0
5844,0.015444349334124,0.00013710706061889,1.9375000620001,10.363378288301,0
5845,0.013593656000913,8.5441749135292e-05,1.9375000620001,10.463380540101,0
5846,0.010480645102723,6.1211871205071e-05,1.9375000620001,10.563382791901,0
5847,0.0043462287731042,-3.5895876409003e-05,1.9375000620001,10.663385043701,0
416,-1.6095750583082,-5.9748964032772e-05,1.9419643478527,0.062500002000083,0
417,-1.4722505006362,-6.1645368486593e-05,1.9419643478528,0.18750000600029,0
418,-1.2163437581149,-9.041865624106e-05,1.9419643478529,0.31250001000032,0
419,-0.44718459368305,-7.3836063845075e-06,1.941964347853,0.43750001400011,0
420,-1.6094402998399,-6.3219179729195e-05,2.0758929235667,0.062500002000081,0
421,-1.4721873545555,-6.5114926018297e-05,2.0758929235671,0.18750000600028,0
422,-1.2163403319672,-9.5695399244098e-05,2.0758929235675,0.31250001000031,0
423,-0.44723336990311,-7.8529398750094e-06,2.075892923568,0.43750001400011,0
424,-1.6092978875304,-6.6853013845831e-05,2.2098214992806,0.062500002000079,0
425,-1.4721205731212,-6.8724435877927e-05,2.2098214992813,0.18750000600028,0
426,-1.2163366360559,-0.0001012478161199,2.2098214992821,0.3125000100003,0
427,-0.44728498733353,-8.3313415465821e-06,2.2098214992829,0.4375000140001,0
428,-1.6091474430153,-7.0685376780912e-05,2.3437500749945,0.062500002000076,0
429,-1.4720499748273,-7.2514096381383e-05,2.3437500749956,0.18750000600027,0
430,-1.2163326372453,-0.00010711665851352,2.3437500749967,0.3125000100003,0
431,-0.44733960391416,-8.83265272509e-06,2.3437500749978,0.4375000140001,0
432,-1.6089885309493,-7.4736364612612e-05,2.4776786507084,0.062500002000074,0
433,-1.4719753488461,-7.6504125095717e-05,2.4776786507098,0.18750000600026,0
434,-1.2163283060145,-0.0001133290183154,2.4776786507113,0.31250001000029,0
435,-0.44739739407384,-9.3625978823218e-06,2.4776786507127,0.4375000140001,0
436,-1.6088206796877,-7.9021697428737e-05,2.6116072264223,0.062500002000072,0
437,-1.4718964659382,-8.070856782804e-05,2.6116072264241,0.18750000600025,0
438,-1.2163236123794,-0.00011990845947409,2.6116072264259,0.31250001000028,0
439,-0.44745854514005,-9.9243617404142e-06,2.6116072264277,0.4375000140001,0
440,-1.6086433870939,-8.3556221581353e-05,2.7455358021362,0.062500002000069,0
441,-1.4718130814299,-8.5139829892226e-05,2.7455358021383,0.18750000600025,0
442,-1.2163185243764,-0.00012687835745191,2.7455358021404,0.31250001000027,0
443,-0.44752325666484,-1.0520388103915e-05,2.7455358021426,0.4375000140001,0
444,-1.6084561213817,-8.8355096243051e-05,2.8794643778501,0.062500002000067,0
445,-1.4717249355993,-8.9810169036695e-05,2.8794643778525,0.18750000600024,0
446,-1.2163130073967,-0.00013426304909203,2.879464377855,0.31250001000027,0
447,-0.44759174072434,-1.1152968696765e-05,2.8794643778575,0.43750001400009,0
448,-1.6082583202716,-9.3434219351969e-05,3.013392953564,0.062500002000065,0
449,-1.4716317531869,-9.4732197892381e-05,3.0133929535668,0.18750000600023,0
450,-1.2163070237857,-0.0001420882779206,3.0133929535696,0.31250001000026,0
451,-0.44766422257172,-1.1824439569853e-05,3.0133929535724,0.43750001400009,0
452,-1.6080493895336,-9.8810407114015e-05,3.1473215292778,0.062500002000063,0
453,-1.4715332425815,-9.9919064308956e-05,3.147321529281,0.18750000600022,0
454,-1.216300532511,-0.00015038141623176,3.1473215292842,0.31250001000025,0
455,-0.44774094144343,-1.2537250376703e-05,3.1473215292873,0.43750001400009,0
456,-1.6078287012624,-0.00010450149576764,3.2812501049917,0.06250000200006,0
457,-1.4714290948582,-0.0001053845273035,3.2812501049953,0.18750000600022,0
458,-1.216293488834,-0.00015917162071147,3.2812501049988,0.31250001000024,0
459,-0.447822151456,-1.329399276049e-05,3.2812501050023,0.43750001400009,0
460,-1.6075955919961,-0.00011052642082843,3.4151786807056,0.062500002000058,0
461,-1.4713189827218,-0.00011114299944529,3.4151786807095,0.18750000600021,0
462,-1.2162858439628,-0.00016848997299459,3.4151786807133,0.31250001000024,0
463,-0.44790812257792,-1.4097415701851e-05,3.4151786807172,0.43750001400008,0
464,-1.6073493607085,-0.00011690529197384,3.5491072564195,0.062500002000056,0
465,-1.4712025593689,-0.00011720957867822,3.5491072564237,0.1875000060002,0
466,-1.2162775446751,-0.00017836962235382,3.5491072564279,0.31250001000023,0
467,-0.44799914167325,-1.4950436870855e-05,3.5491072564321,0.43750001400008,0
468,-1.6070892666812,-0.00012365946966755,3.6830358321334,0.062500002000053,0
469,-1.4710794572719,-0.00012360007703509,3.683035832138,0.1875000060002,0
470,-1.2162685329086,-0.00018884593684067,3.6830358321425,0.31250001000022,0
471,-0.44809551362091,-1.5856152963572e-05,3.683035832147,0.43750001400008,0
472,-1.6068145272549,-0.00013081164568321,3.8169644078473,0.062500002000051,0
473,-1.4709492868778,-0.00013033104863825,3.8169644078522,0.18750000600019,0
474,-1.2162587453123,-0.00019995666554894,3.8169644078571,0.31250001000021,0
475,-0.44819756251356,-1.6817850024993e-05,3.816964407862,0.43750001400008,0
476,-1.6065243154519,-0.00013838592842121,3.9508929835612,0.062500002000049,0
477,-1.4708116352191,-0.00013741981771661,3.9508929835664,0.18750000600018,0
478,-1.2162481127565,-0.00021174211354052,3.9508929835717,0.31250001000021,0
479,-0.44830563294325,-1.7839014083427e-05,3.9508929835769,0.43750001400007,0
480,-1.6062177574662,-0.00014640793351287,4.0848215592751,0.062500002000047,0
481,-1.4706660644288,-0.00014488450683083,4.0848215592807,0.18750000600017,0
482,-1.2162365597975,-0.00022424533079539,4.0848215592862,0.3125000100002,0
483,-0.44842009137967,-1.8923342083113e-05,4.0848215592918,0.43750001400007,0
484,-1.6058939300117,-0.00015490488005736,4.218750134989,0.062500002000044,0
485,-1.4705121101518,-0.00015274406532342,4.2187501349949,0.18750000600017,0
486,-1.216224004092,-0.0002375123164936,4.2187501350008,0.31250001000019,0
487,-0.44854132764816,-2.0074753300999e-05,4.2187501350067,0.43750001400007,0
488,-1.6055518575229,-0.00016390569285804,4.3526787107029,0.062500002000042,0
489,-1.4703492798451,-0.00016101829795729,4.3526787107092,0.18750000600016,0
490,-1.2162103557565,-0.00025159223997371,4.3526787107154,0.31250001000018,0
491,-0.44866975651612,-2.129740118488e-05,4.3526787107216,0.43750001400007,0
492,-1.6051905091985,-0.00017344111089216,4.4866072864168,0.06250000200004,0
493,-1.4701770509586,-0.000169727893644,4.4866072864234,0.18750000600015,0
494,-1.2161955166678,-0.00026653767983856,4.48660728643,0.31250001000018,0
495,-0.44880581939549,-2.2595685629381e-05,4.4866072864366,0.43750001400006,0
496,-1.6048087958807,-0.00018354380240983,4.6205358621307,0.062500002000037,0
497,-1.4699948689848,-0.00017889445420881,4.6205358621376,0.18750000600014,0
498,-1.2161793796976,-0.00028240488282682,4.6205358621446,0.31250001000017,0
499,-0.44894998617155,-2.3974265695571e-05,4.6205358621515,0.43750001400006,0
500,-1.6044055667619,-0.00019424848689899,4.7544644378446,0.062500002000035,0
501,-1.4698021453693,-0.00018854052308571,4.7544644378519,0.18750000600014,0
502,-1.2161618278763,-0.00029925404419752,4.7544644378591,0.31250001000016,0
503,-0.44910275716691,-2.5438072849253e-05,4.7544644378664,0.43750001400006,0
504,-1.6039796059081,-0.00020559206427534,4.8883930135585,0.062500002000033,0
505,-1.4695982552679,-0.0001986896138724,4.8883930135661,0.18750000600013,0
506,-1.2161427334786,-0.00031714961152117,4.8883930135737,0.31250001000015,0
507,-0.44926466525334,-2.6992324654634e-05,4.8883930135813,0.43750001400006,0
508,-1.6035296285912,-0.0002176137515126,5.0223215892724,0.062500002000031,0
509,-1.4693825351402,-0.00020936623863882,5.0223215892804,0.18750000600012,0
510,-1.2161219570239,-0.0003361606139497,5.0223215892883,0.31250001000015,0
511,-0.4494362781217,-2.8642538994043e-05,5.0223215892963,0.43750001400005,0
512,-1.6030542774198,-0.00023035522706551,5.1562501649863,0.062500002000028,0
513,-1.4691542801632,-0.00022059593595047,5.1562501649946,0.18750000600011,0
514,-1.216099346184,-0.00035636101925633,5.1562501650029,0.31250001000014,0
515,-0.44961820072416,-3.039454892828e-05,5.1562501650112,0.43750001400005,0
516,-1.602552118258,-0.00024386078327867,5.2901787407002,0.062500002000026,0
517,-1.4689127414517,-0.00023240529850798,5.2901787407088,0.18750000600011,0
518,-1.2160747345892,-0.0003778301210549,5.2901787407175,0.31250001000013,0
519,-0.44981107790241,-3.2254518187442e-05,5.2901787407261,0.43750001400005,0
520,-1.6020216359215,-0.00025817748701329,5.4241073164141,0.062500002000024,0
521,-1.4686571230673,-0.00024482200038263,5.4241073164231,0.1875000060001,0
522,-1.2160479405227,-0.00040065295889635,5.424107316432,0.31250001000012,0
523,-0.45001559721727,-3.4228957431305e-05,5.424107316441,0.43750001400005,0
524,-1.6014612296413,-0.00027335534868715,5.558035892128,0.062500002000021,0
525,-1.4683865787985,-0.00025787482381371,5.5580358921373,0.18750000600009,0
526,-1.2160187654952,-0.00042492077410932,5.5580358921466,0.31250001000012,0
527,-0.45023249199692,-3.632474141588e-05,5.5580358921559,0.43750001400005,0
528,-1.6008692082809,-0.00028944749972515,5.6919644678419,0.062500002000019,0
529,-1.4681002086913,-0.00027159368562201,5.6919644678516,0.18750000600008,0
530,-1.2159869926857,-0.00045073150456757,5.6919644678612,0.31250001000011,0
531,-0.450462544621,-3.8549127261206e-05,5.6919644678709,0.43750001400004,0
532,-1.6002437852978,-0.00030651037878128,5.8258930435558,0.062500002000017,0
533,-1.4677970553074,-0.00028600966330452,5.8258930435658,0.18750000600008,0
534,-1.2159523852381,-0.00047819032177256,5.8258930435758,0.3125000100001,0
535,-0.45070659006223,-4.0909774212895e-05,5.8258930435858,0.43750001400004,0
536,-1.5995830734348,-0.00032460392618628,5.9598216192697,0.062500002000015,0
537,-1.4674760996869,-0.00030115502091824,5.95982161928,0.18750000600007,0
538,-1.2159146844001,-0.00050741021387258,5.9598216192904,0.31250001000009,0
539,-0.45096551970583,-4.341476491263e-05,5.9598216193007,0.43750001400004,0
540,-1.5988850791301,-0.00034379178705839,6.0937501949836,0.062500002000012,0
541,-1.4671362569877,-0.00031706323509498,6.0937501949943,0.18750000600006,0
542,-1.2158736074894,-0.00053851261866299,6.093750195005,0.31250001000009,0
543,-0.4512402854712,-4.6072629082593e-05,6.0937501950156,0.43750001400004,0
544,-1.5981476966308,-0.00036414152226804,6.2276787706975,0.06250000200001,0
545,-1.4667763717714,-0.0003337690213966,6.2276787707085,0.18750000600005,0
546,-1.2158288456705,-0.00057162811081448,6.2276787707195,0.31250001000008,0
547,-0.45153190426203,-4.8892369920466e-05,6.2276787707305,0.43750001400003,0
548,-1.5973687017978,-0.00038572482726728,6.3616073464114,0.062500002000008,0
549,-1.4663952129049,-0.00035130836165406,6.3616073464228,0.18750000600005,0
550,-1.2157800615268,-0.0006068971479191,6.3616073464341,0.31250001000007,0
551,-0.4518414627731,-5.1883493961951e-05,6.3616073464455,0.43750001400003,0
552,-1.5965457455873,-0.00040861775782266,6.4955359221253,0.062500002000005,0
553,-1.4659914680394,-0.0003697185328888,6.495535922137,0.18750000600004,0
554,-1.2157268864067,-0.00064447088024294,6.4955359221487,0.31250001000006,0
555,-0.45217012268453,-5.5056045584266e-05,6.4955359221604,0.43750001400003,0
556,-1.595676347193,-0.00043290096196929,6.6294644978392,0.062500002000003,0
557,-1.4655637376294,-0.00038903813871361,6.6294644978512,0.18750000600003,0
558,-1.2156689175235,-0.00068451202956942,6.6294644978633,0.31250001000006,0
559,-0.45251912627805,-5.8420647412284e-05,6.6294644978753,0.43750001400003,0
560,-1.5947578868349,-0.0004586599170301,6.7633930735531,0.062500002000001,0
561,-1.4651105284467,-0.00040930714447782,6.7633930735655,0.18750000600002,0
562,-1.2156057147871,-0.0007271958425749,6.7633930735779,0.31250001000005,0
563,-0.45288980251265,-6.1988547910726e-05,6.7633930735902,0.43750001400002,0
564,-1.5937875981775,-0.00048598517023868,6.897321649267,0.062500001999999,0
565,-1.4646302465419,-0.00043056691766923,6.8973216492797,0.18750000600002,0
566,-1.2155367973405,-0.00077271112487696,6.8973216492924,0.31250001000004,0
567,-0.45328357359957,-6.5771678503523e-05,6.8973216493052,0.43750001400002,0
568,-1.592762560361,-0.00051497258112364,7.0312502249809,0.062500001999996,0
569,-1.4641211896007,-0.00045286027551347,7.031250224994,0.18750000600001,0
570,-1.2154616397755,-0.0008212613619341,7.031250225007,0.31250001000003,0
571,-0.45370196212252,-6.9782722566585e-05,7.0312502250201,0.43750001400002,0
572,-1.5916796896276,-0.00054572356328015,7.1651788006948,0.062500001999994,0
573,-1.4635815386359,-0.00047623154229192,7.1651788007082,0.187500006,0
574,-1.2153796679956,-0.00087306593352049,7.1651788007216,0.31250001000003,0
575,-0.45414659875203,-7.4035199432938e-05,7.165178800735,0.43750001400002,0
576,-1.5905357305233,-0.00057834532278955,7.2991073764087,0.062500001999992,0
577,-1.4630093489528,-0.00050072661951103,7.2991073764224,0.18750000599999,0
578,-1.2152902546933,-0.0009283614286525,7.2991073764362,0.31250001000002,0
579,-0.45461923060722,-7.8543567216796e-05,7.2991073764499,0.43750001400001,0
580,-1.5893272466562,-0.0006129510897168,7.4330359521227,0.062500001999989,0
581,-1.4624025403152,-0.00052639307278507,7.4330359521367,0.18750000599999,0
582,-1.2151927144055,-0.0009874030682774,7.4330359521507,0.31250001000001,0
583,-0.45512173032598,-8.3323349279023e-05,7.4330359521647,0.43750001400001,0
584,-1.588050610989,-0.00064966033842489,7.5669645278371,0.062500001999987,0
585,-1.4617588862364,-0.00055328024027534,7.5669645278511,0.18750000599998,0
586,-1.2150862981052,-0.0010504662431823,7.5669645278651,0.31250001,0
587,-0.45565610590708,-8.8391290306504e-05,7.5669645278792,0.43750001400001,0
588,-1.5867019956423,-0.00068859899170854,7.7008931035519,0.062500001999985,0
589,-1.4610760023078,-0.00058143936864646,7.7008931035656,0.18750000599997,0
590,-1.2149701872853,-0.0011178481747963,7.7008931035794,0.31250001,0
591,-0.45622451139813,-9.3765548779515e-05,7.7008931035932,0.43750001400001,0
592,-1.5852773611832,-0.0007298996022504,7.8348216792668,0.062500001999983,0
593,-1.4603513334739,-0.00061092378367047,7.8348216792802,0.18750000599997,0
594,-1.2148434874842,-0.0011898697065749,7.8348216792937,0.31250000999999,0
595,-0.45682925850768,-9.9465935239371e-05,7.8348216793071,0.43750001400001,0
596,-1.5837724453711,-0.00077370150427342,7.9687502549817,0.06250000199998,0
597,-1.4595821401479,-0.00064178910451342,7.9687502549948,0.18750000599996,0
598,-1.2147052211981,-0.001266877233828,7.9687502550079,0.31250000999998,0
599,-0.45747282922964,-0.00010551420642398,7.968750255021,0.437500014,0
600,-1.5821827513293,-0.00082015092639344,8.1026788306966,0.062500001999978,0
601,-1.4587654830569,-0.00067409351234504,8.1026788307094,0.18750000599995,0
602,-1.2145543201181,-0.0013492447796889,8.1026788307222,0.31250000999997,0
603,-0.458157889577,-0.00011193442867234,8.102678830735,0.437500014,0
604,-1.5805035351054,-0.00086940105493982,8.2366074064115,0.062500001999976,0
605,-1.4578982066909,-0.00070789808635007,8.2366074064239,0.18750000599994,0
606,-1.2143896166234,-0.0014373762246087,8.2366074064364,0.31250000999997,0
607,-0.45888730453273,-0.00011875342603287,8.2366074064489,0.437500014,0
608,-1.5787297925825,-0.00092161203561282,8.3705359821264,0.062500001999973,0
609,-1.4569769212212,-0.0007432672228119,8.3705359821385,0.18750000599994,0
610,-1.2142098344539,-0.0015317076962922,8.3705359821507,0.31250000999996,0
611,-0.45966415433592,-0.00012600133245215,8.3705359821628,0.437500014,0
612,-1.5768562456918,-0.00097695089799044,8.5044645578413,0.062500001999971,0
613,-1.4559979827372,-0.00078026915612963,8.5044645578531,0.18750000599993,0
614,-1.2140135784747,-0.001632710126534,8.5044645578649,0.31250000999995,0
615,-0.46049175223674,-0.00013371227037995,8.5044645578767,0.43750001399999,0
616,-1.5748773278746,-0.0010355913857999,8.6383931335562,0.062500001999969,0
617,-1.4549574716408,-0.00081897660433231,8.6383931335677,0.18750000599992,0
618,-1.2137993234375,-0.0017408919802486,8.6383931335792,0.31250000999994,0
619,-0.46137366386599,-0.00014192518349495,8.6383931335906,0.43750001399999,0
620,-1.5727871687295,-0.0010977136719592,8.7723217092711,0.062500001999967,0
621,-1.4538511690171,-0.00085946756619926,8.7723217092822,0.18750000599991,0
622,-1.2135654016269,-0.0018568021609983,8.7723217092934,0.31250000999994,0
623,-0.46231372838359,-0.00015068485679427,8.7723217093046,0.43750001399999,0
624,-1.5705795777713,-0.0011635039336664,8.906250284986,0.062500001999964,0
625,-1.4526745307891,-0.00090182630186786,8.9062502849968,0.18750000599991,0
626,-1.2133099892707,-0.0019810330956425,8.9062502850076,0.31250000999993,0
627,-0.46331608158845,-0.00016004316296903,8.9062502850185,0.43750001399999,0
628,-1.5682480272139,-0.0012331537592766,9.0401788607008,0.062500001999962,0
629,-1.4514226594416,-0.00094614453519297,9.0401788607114,0.1875000059999,0
630,-1.2130310915699,-0.0021142239987843,9.0401788607219,0.31250000999992,0
631,-0.46438518119379,-0.00017006058211349,9.0401788607324,0.43750001399998,0
632,-1.5657856336751,-0.0013068593526389,9.1741074364157,0.06250000199996,0
633,-1.4500902730828,-0.00099252292279805,9.1741074364259,0.18750000599989,0
634,-1.2127265261925,-0.0022570643152377,9.1741074364361,0.31250000999991,0
635,-0.46552583449647,-0.00018080805132923,9.1741074364463,0.43750001399998,0
636,-1.5631851386798,-0.0013848204956343,9.3080360121306,0.062500001999957,0
637,-1.4486716715899,-0.0010410728430022,9.3080360121405,0.18750000599988,0
638,-1.2123939050455,-0.0024102973357538,9.3080360121504,0.31250000999991,0
639,-0.46674322869644,-0.00019236921042182,9.3080360121603,0.43750001399998,0
640,-1.5604388878181,-0.0014672392226327,9.4419645878455,0.062500001999955,0
641,-1.4471606995625,-0.0010919185669624,9.4419645878551,0.18750000599988,0
642,-1.2120306141172,-0.0025747239777849,9.4419645878646,0.3125000099999,0
643,-0.46804296415483,-0.00020484312336525,9.4419645878742,0.43750001399998,0
644,-1.5575388083861,-0.0015543181532482,9.5758931635604,0.062500001999953,0
645,-1.4455507057838,-0.0011451998851079,9.5758931635697,0.18750000599987,0
646,-1.2116337911506,-0.002751206718462,9.5758931635789,0.31250000999989,0
647,-0.46943109091539,-0.0002183475693602,9.5758931635881,0.43750001399997,0
648,-1.5544763853066,-0.0016462584205556,9.7098217392753,0.062500001999951,0
649,-1.4438344988603,-0.0012010752741876,9.7098217392842,0.18750000599986,0
650,-1.2112003008692,-0.0029406736621489,9.7098217392931,0.31250000999988,0
651,-0.47091414885544,-0.00023302301554086,9.709821739302,0.43750001399997,0
652,-1.5512426350885,-0.0017432571232824,9.8437503149902,0.062500001999948,0
653,-1.4420042986865,-0.0012597257039283,9.8437503149988,0.18750000599985,0
654,-1.210726707439,-0.0031441227188203,9.8437503150074,0.31250000999988,0
655,-0.47249921188208,-0.00024903740368351,9.8437503150159,0.43750001399997,0
656,-1.5478280775435,-0.0018455042185853,9.9776788907051,0.062500001999946,0
657,-1.4400516833433,-0.0013213591981596,9.9776788907134,0.18750000599985,0
658,-1.2102092437931,-0.0033626258624233,9.9776788907216,0.31250000999987,0
659,-0.47419393664353,-0.00026659190797445,9.9776788907299,0.43750001399997,0
660,-1.5442227049239,-0.0019531787608949,10.11160746642,0.062500001999944,0
661,-1.43796753101,-0.0013862162822664,10.111607466428,0.18750000599984,0
662,-1.2096437773923,-0.0035973334301306,10.111607466436,0.31250000999986,0
663,-0.4760066162919,-0.00028592785021177,10.111607466444,0.43750001399996,0
664,-1.5404159480927,-0.0020664443798302,10.245536042135,0.062500001999941,0
665,-1.4357419564292,-0.0014545764686366,10.245536042143,0.18750000599983,0
666,-1.2090257719182,-0.0038494784137427,10.24553604215,0.31250000999985,0
667,-0.47794623990657,-0.00030733499364695,10.245536042158,0.43750001399996,0
668,-1.5363966392675,-0.002185443876178,10.37946461785,0.062500001999939,0
669,-1.4333642414234,-0.0015267659522952,10.379464617857,0.18750000599982,0
670,-1.2083502443158,-0.0041203806831212,10.379464617864,0.31250000999985,0
671,-0.4800225582764,-0.00033116147880251,10.379464617872,0.43750001399996,0
672,-1.5321529708073,-0.0023102928033204,10.513393193565,0.062500001999937,0
673,-1.4308227589169,-0.0016031667122197,10.513393193572,0.18750000599982,0
674,-1.207611716497,-0.0044114510679248,10.513393193579,0.31250000999984,0
675,-0.48224615683955,-0.00035782571397486,10.513393193586,0.43750001399996,0
676,-1.5276724494248,-0.0024410718888721,10.64732176928,0.062500001999935,0
677,-1.4281048898684,-0.0016842272370266,10.647321769286,0.18750000599981,0
678,-1.2068041609025,-0.0047241952081357,10.647321769293,0.31250000999983,0
679,-0.48462853669802,-0.0003878305952893,10.647321769299,0.43750001399996,0
680,-1.5229418451156,-0.0025778181422944,10.781250344995,0.062500001999932,0
681,-1.425196932463,-0.0017704751186949,10.781250345001,0.1875000059998,0
682,-1.2059209389692,-0.0050602170640906,10.781250345007,0.31250000999982,0
683,-0.48718220476485,-0.00042178050452785,10.781250345013,0.43750001399995,0
684,-1.517947133989,-0.0027205144914388,10.915178920709,0.06250000199993,0
685,-1.4220840028549,-0.0018625317817783,10.915178920715,0.18750000599979,0
686,-1.204954731382,-0.005421221953331,10.915178920721,0.31250000999982,0
687,-0.48992077426277,-0.00046040162455358,10.915178920727,0.43750001399995,0
688,-1.5126734340738,-0.0028690777938632,11.049107496424,0.062500001999928,0
689,-1.4187499266877,-0.0019611296371269,11.04910749643,0.18750000599979,0
690,-1.2038974587785,-0.0058090189513753,11.049107496436,0.31250000999981,0
691,-0.49285907698779,-0.00050456622449432,11.049107496441,0.43750001399995,0
692,-1.5071049330477,-0.0030233450897344,11.183036072139,0.062500001999925,0
693,-1.4151771205478,-0.0020671319667642,11.183036072145,0.18750000599978,0
694,-1.2027401913227,-0.0062255224559856,11.18303607215,0.3125000099998,0
695,-0.49601328897556,-0.0005553217088346,11.183036072155,0.43750001399995,0
696,-1.5012248067136,-0.0031830580001761,11.316964647854,0.062500001999923,0
697,-1.4113464624361,-0.0021815558556209,11.316964647859,0.18750000599977,0
698,-1.2014730452562,-0.0066727526653309,11.316964647864,0.31250000999979,0
699,-0.49940107147839,-0.00061392540119502,11.316964647869,0.43750001399994,0
700,-1.4950151269072,-0.0033478452475963,11.450893223569,0.062500001999921,0
701,-1.4072371502657,-0.0023055984816605,11.450893223574,0.18750000599977,0
702,-1.200085064163,-0.0071528346549765,11.450893223578,0.31250000999979,0
703,-0.50304172947685,-0.00068188625903747,11.450893223583,0.43750001399994,0
704,-1.4884567573911,-0.0035172033911849,11.584821799284,0.062500001999919,0
705,-1.4028265473225,-0.0024406670508141,11.584821799288,0.18750000599976,0
706,-1.1985640822199,-0.007667995651075,11.584821799293,0.31250000999978,0
707,-0.50695639032738,-0.00076101500335279,11.584821799297,0.43750001399994,0
708,-1.4815292361509,-0.0036904760558485,11.718750374999,0.062500001999916,0
709,-1.3980900135554,-0.0025884126082054,11.718750375003,0.18750000599975,0
710,-1.1968965661383,-0.0082205599781963,11.718750375007,0.31250000999977,0
711,-0.51116820559638,-0.00085348452017608,11.718750375011,0.43750001399994,0
712,-1.4742106423972,-0.0038668322200964,11.852678950714,0.062500001999914,0
713,-1.3930007215194,-0.0027507678575784,11.852678950717,0.18750000599974,0
714,-1.1950674317949,-0.0088129409982642,11.852678950721,0.31250000999976,0
715,-0.51570257967214,-0.00096190287897027,11.852678950725,0.43750001399993,0
716,-1.4664774465082,-0.0040452445516427,11.986607526429,0.062500001999912,0
717,-1.3875294557936,-0.0029299889534196,11.986607526432,0.18750000599974,0
718,-1.1930598306731,-0.0094476291321778,11.986607526435,0.31250000999976,0
719,-0.52058742938749,-0.0010894019588144,11.986607526439,0.43750001399993,0
720,-1.4583043411518,-0.0042244693778632,12.120536102143,0.062500001999909,0
721,-1.3816443947772,-0.0031287009419143,12.120536102147,0.18750000599973,0
722,-1.1908549001441,-0.01012717472574,12.12053610215,0.31250000999975,0
723,-0.52585347965126,-0.0012397454918826,12.120536102153,0.43750001399993,0
724,-1.4496640517734,-0.004403030731581,12.254464677858,0.062500001999907,0
725,-1.3753108738673,-0.0033499460786851,12.254464677861,0.18750000599972,0
726,-1.188431470195,-0.010854164042883,12.254464677864,0.31250000999974,0
727,-0.53153460100632,-0.0014174613689013,12.254464677867,0.43750001399993,0
728,-1.4405271243973,-0.0045792122452647,12.388393253573,0.062500001999905,0
729,-1.3684911290997,-0.0035972336848347,12.388393253576,0.18750000599971,0
730,-1.1857657172931,-0.011631186068917,12.388393253578,0.31250000999973,0
731,-0.53766819618047,-0.0016280045274909,12.38839325358,0.43750001399992,0
732,-1.4308616889504,-0.0047510627773341,12.522321829288,0.062500001999903,0
733,-1.3611440208246,-0.0038745895539033,12.52232182929,0.18750000599971,0
734,-1.1828307536407,-0.012460787153089,12.522321829292,0.31250000999973,0
735,-0.54429564405143,-0.0018779591428322,12.522321829294,0.43750001399992,0
736,-1.4206331991336,-0.0049164241875575,12.656250405003,0.0625000019999,0
737,-1.3532247391957,-0.0041866015384376,12.656250405005,0.1875000059997,0
738,-1.1795961375646,-0.013345409418728,12.656250405007,0.31250000999972,0
739,-0.55146281080659,-0.0021752920057384,12.656250405008,0.43750001399992,0
740,-1.4098041543741,-0.0050729911743063,12.790178980718,0.062500001999898,0
741,-1.344684497003,-0.0045384541180354,12.790178980719,0.18750000599969,0
742,-1.1760272883467,-0.014287305895193,12.790178980721,0.31250000999971,0
743,-0.55922063995799,-0.0025296705722304,12.790178980722,0.43750001399992,0
744,-1.3983338030318,-0.0052184147180845,12.924107556433,0.062500001999896,0
745,-1.3354702135898,-0.004935939147008,12.924107556434,0.18750000599968,0
746,-1.1720847829871,-0.015288420267494,12.924107556435,0.3125000099997,0
747,-0.5676258378677,-0.0029528580313298,12.924107556436,0.43750001399992,0
748,-1.386177798346,-0.0053504737618442,13.058036132148,0.062500001999893,0
749,-1.3255241787712,-0.0053854322285321,13.058036132149,0.18750000599968,0
750,-1.1677234957185,-0.016350219348726,13.058036132149,0.3125000099997,0
751,-0.57674167902552,-0.0034592071554085,13.05803613215,0.43750001399991,0
752,-1.373287792484,-0.0054673726476627,13.191964707863,0.062500001999891,0
753,-1.3147836909388,-0.0058938402769591,13.191964707863,0.18750000599967,0
754,-1.1628915197359,-0.01747348143551,13.191964707864,0.31250000999969,0
755,-0.58663894428988,-0.0040663198191382,13.191964707864,0.43750001399991,0
756,-1.3596111598305,-0.0055682166834693,13.325893283577,0.062500001999889,0
757,-1.3031807818892,-0.0064685007813173,13.325893283578,0.18750000599966,0
758,-1.1575288340112,-0.018658038889699,13.325893283578,0.31250000999968,0
759,-0.59739694646422,-0.0047959736050495,13.325893283578,0.43750001399991,0
763,-0.60910459760192,-0.005675227576367,13.459821859292,0.43750001399991,0
762,-1.1515657825167,-0.019902337378719,13.459821859292,0.31250000999967,0
761,-1.2906423129994,-0.0071168297466608,13.459821859292,0.18750000599965,0
760,-1.3450912780843,-0.0056535470912239,13.459821859292,0.062500001999887,0
767,-0.62186190268182,-0.0067371905211707,13.593750435006,0.4375000139999,0
766,-1.1449213886101,-0.021202457842859,13.593750435006,0.31250000999967,0
765,-1.2770903458222,-0.0078453363652952,13.593750435006,0.18750000599965,0
764,-1.3296680029315,-0.0057256507860947,13.593750435006,0.062500001999884,0
771,-0.63578296926954,-0.0080214910697687,13.727679010719,0.4375000139999,0
770,-1.1375007808845,-0.022550684141129,13.727679010719,0.31250000999966,0
769,-1.26244131943,-0.0086583379680519,13.727679010719,0.18750000599964,0
768,-1.3132757831488,-0.0057891415709434,13.72767901072,0.062500001999882,0
775,-0.6509997970683,-0.0095776541065163,13.861607586433,0.4375000139999,0
774,-1.1291900603551,-0.023935439038567,13.861607586433,0.31250000999965,0
773,-1.246603253886,-0.0095584235736131,13.861607586433,0.18750000599963,0
772,-1.2958391100363,-0.0058541059371453,13.861607586433,0.06250000199988,0
779,-0.66765815950837,-0.011474817694738,13.995536162147,0.4375000139999,0
778,-1.1198497412074,-0.025343643447405,13.995536162147,0.31250000999964,0
777,-1.2294796790059,-0.010548096184983,13.995536162147,0.18750000599962,0
776,-1.2772812469783,-0.0059413646088641,13.995536162147,0.062500001999877,0
783,-0.68589514227402,-0.013800342300612,14.129464737861,0.43750001399989,0
782,-1.1093172230323,-0.026753473987481,14.129464737861,0.31250000999964,0
781,-1.2109983513262,-0.011617507795078,14.129464737861,0.18750000599962,0
780,-1.2575708988632,-0.0060751345422193,14.129464737861,0.062500001999875,0
787,-0.70583467753987,-0.016595912697577,14.263393313574,0.43750001399989,0
786,-1.0974248466095,-0.028089548928589,14.263393313574,0.31250000999963,0
785,-1.1911408615543,-0.012698727044809,14.263393313574,0.18750000599961,0
784,-1.2367534721715,-0.0062460994486754,14.263393313574,0.062500001999873,0
791,-0.72771887334397,-0.019754928058114,14.397321889288,0.43750001399989,0
790,-1.0839790311557,-0.02916860261705,14.397321889288,0.31250000999962,0
789,-1.1698450035922,-0.013642437536552,14.397321889288,0.1875000059996,0
788,-1.2147830682523,-0.0063991118202997,14.397321889288,0.062500001999871,0
795,-0.75211190747651,-0.023199467844006,14.531250465002,0.43750001399989,0
794,-1.0685997912228,-0.029834722776579,14.531250465002,0.31250000999961,0
793,-1.1467890599225,-0.014378138976683,14.531250465002,0.18750000599959,0
792,-1.1912782585844,-0.0065687690230439,14.531250465002,0.062500001999868,0
799,-0.77928302975296,-0.027504956735261,14.665179040716,0.43750001399988,0
798,-1.0506947395822,-0.030324596673076,14.665179040716,0.31250000999961,0
797,-1.1219157306098,-0.015091525598512,14.665179040716,0.18750000599959,0
796,-1.1664081863067,-0.0069595867829539,14.665179040716,0.062500001999866,0
803,-0.80667319504011,-0.032813813267733,14.799107616429,0.43750001399988,0
802,-1.0306732036194,-0.030428568525779,14.799107616429,0.3125000099996,0
801,-1.0978305696141,-0.01531644480364,14.799107616429,0.18750000599958,0
800,-1.1436529360917,-0.0072040623859096,14.799107616429,0.062500001999864,0
807,-0.82825713126983,-0.031274281036127,14.933036192143,0.43750001399988,0
806,-1.0117496766461,-0.02472626387652,14.933036192143,0.31250000999959,0
805,-1.0805067450207,-0.011738868891495,14.933036192143,0.18750000599957,0
804,-1.1293112420914,-0.0053604416795197,14.933036192143,0.062500001999861,0
