id,u,v,x,y,z
0,-0.25667007297712,0.18055067400737,-10.231699310924,0.12503062306913,0
1,-0.1435624882444,0.31762392144336,-10.225806030949,0.37503063106913,0
202,-0.059686834471905,0.39232305101063,-10.21400255559,0.62509227972422,0
203,-0.004258359504797,0.41909047656356,-10.196283149011,0.87509228772422,0
292,0.038580728352182,0.39258950047667,-10.154999052333,1.2602531779641,0
293,0.055286834511529,0.31277328157397,-10.079976265047,1.7789074742176,0
2,-0.54450261227414,0.099455718396435,-10.031347598699,0.12502381883161,0
3,-0.37287970850553,0.20738398427812,-10.025334147122,0.37502382683161,0
204,-0.22758583190752,0.27461074869892,-10.013288378896,0.62507177756331,0
205,-0.12293104828765,0.31010243419903,-9.9952058328142,0.87507178556331,0
294,0.060498481064899,0.23728068839105,-9.9794518258133,2.2932281934203,0
306,-0.024867806036376,0.32061793500392,-9.9542566112903,1.2546267975188,0
307,0.023528930143683,0.2858883176311,-9.8799920299871,1.7620520100979,0
295,0.057089312332239,0.17505572814355,-9.8536706340712,2.8019622127964,0
4,-0.71790928216091,0.061805888940739,-9.8309958864731,0.12501701459409,0
5,-0.50931316851715,0.13037061143702,-9.824862263296,0.37501702259409,0
206,-0.32392413681545,0.17329499422329,-9.8125742022029,0.6250512754024,0
207,-0.18943217617167,0.19401147048389,-9.7941285166173,0.8750512834024,0
308,0.051952061823832,0.25149415383628,-9.7808435929224,2.2652078372527,0
320,-0.068935265745486,0.19895257032138,-9.7535141702472,1.2490004170736,0
296,0.04919463647139,0.12623152657532,-9.7029391278924,3.3038700225135,0
321,-0.012258974407296,0.17669365984861,-9.6800077949269,1.7451965459783,0
309,0.066115609018045,0.21768450709534,-9.6570515634854,2.762874700083,0
6,-0.84330156424485,0.041845204889877,-9.6306441742467,0.12501021035657,0
7,-0.60535817865266,0.0832323113633,-9.6243903794689,0.37501021835657,0
208,-0.38699600227599,0.10726171902837,-9.6118600255086,0.6250307732415,0
209,-0.22787834592787,0.11434517489227,-9.5930512004199,0.8750307812415,0
322,0.020729889223038,0.16028938623582,-9.5822353600316,2.2371874810851,0
334,-0.094539531707882,0.10788071987724,-9.5527717292036,1.2433740366284,0
297,0.040396834754575,0.090169370698142,-9.5276245383106,3.7977287418646,0
310,0.069908895091815,0.18255486385124,-9.5089159419169,3.2538463243502,0
335,-0.036665604739455,0.087682638095502,-9.4800235598663,1.7283410818587,0
323,0.042193662080832,0.15268062333545,-9.4604324928996,2.7237871873695,0
8,-0.91948282093186,0.026702522064419,-9.4302924620217,0.12500340611904,0
9,-0.66353426393312,0.051960561668834,-9.4239184956422,0.37500341411904,0
210,-0.42086410151865,0.064661759971042,-9.4111458488142,0.62501027108059,0
211,-0.2438055779943,0.064441839182884,-9.3919738842222,0.87501027908059,0
336,-0.0065230785942521,0.078991431836457,-9.3836271271404,2.2091671249175,0
348,-0.10495593368382,0.05329835746822,-9.3520292881598,1.2377476561832,0
311,0.067544341237376,0.14960566922107,-9.3367957389973,3.7369326611646,0
298,0.03264712874792,0.064833498885512,-9.3281539941438,4.2823351010836,0
324,0.055840804472808,0.14581934437041,-9.3148927559415,3.2038226261868,0
349,-0.048903460837086,0.034823376139067,-9.2800393248054,1.7114856177391,0
337,0.012748766445658,0.080825573341892,-9.2638134223135,2.6846996746562,0
10,-0.96757512842006,0.01649901016644,-9.2120310172823,0.12500000400028,0
11,-0.70025467207218,0.032035180923331,-9.2057578164058,0.37500001200028,0
212,-0.43920870190569,0.038090582061638,-9.1931863679753,0.62500002000014,0
350,-0.024375281915808,0.028374475734351,-9.185018894249,2.1811467687501,0
213,-0.24888155331825,0.034310705902231,-9.1743166719906,0.87500002800014,0
325,0.062534890137599,0.13484880431151,-9.1459669396839,3.6761365804646,0
312,0.062171856048273,0.12111733157899,-9.1411081053876,4.2109627737988,0
362,-0.1075559026106,0.023343015936594,-9.1351883696699,1.2322813667445,0
338,0.028096973346616,0.087089084573119,-9.1208695699658,3.1537989280236,0
299,0.026576835351148,0.047545507118329,-9.1050134796945,4.7565083765589,0
351,-0.0095556309604987,0.032548630265801,-9.0671943517273,2.645612161943,0
363,-0.053250124307154,0.010111604914922,-9.0646766352212,1.6951422242358,0
12,-1.0017304183144,0.0099437236493311,-8.9758598400271,0.12500000400028,0
364,-0.032998026617967,0.0062208595859376,-8.9720113708913,2.1540594848639,0
13,-0.72545044144766,0.01912438264811,-8.9699083417592,0.37500001200028,0
214,-0.44886854916725,0.021089960232678,-8.9579815829918,0.62500002000015,0
339,0.040737541436067,0.092566317209526,-8.9551381403705,3.6153404997649,0
326,0.064513404245363,0.12143854929153,-8.9540622166315,4.139590446514,0
215,-0.24819120111743,0.015690695796853,-8.9400795637247,0.87500002800015,0
352,0.0028582331391531,0.040399802296106,-8.9268463839901,3.1037752298605,0
313,0.055868936931088,0.097626337239949,-8.9223273193881,4.6747876785836,0
376,-0.10697154653089,0.0065105744273297,-8.9022489737336,1.2269751683121,0
300,0.022066180280679,0.035775856818097,-8.8587466533686,5.2190932615846,0
365,-0.021761209639457,0.0096005150796064,-8.8574110129615,2.6079585276766,0
377,-0.054662470014246,-0.0001809126688199,-8.8339354911132,1.679310901349,0
340,0.049027483578017,0.092803850348245,-8.7670163278753,4.0682181192296,0
353,0.014614035144815,0.048573325929905,-8.7643093410569,3.5545444190653,0
378,-0.036671220387988,-0.0012793056290645,-8.7446045570671,2.1279052732591,0
14,-1.0223808137551,0.0063383697579082,-8.7396886627716,0.12500000400028,0
327,0.063620993548161,0.10715240554908,-8.7396411590816,4.5930669806083,0
15,-0.73945777157758,0.01207915919853,-8.7340588671125,0.37500001200028,0
216,-0.45207279008421,0.011904732001679,-8.7227767980082,0.62500002000016,0
366,-0.012371798022022,0.01552243869711,-8.7211460925704,3.0557766517551,0
217,-0.24468656992609,0.0062502974065824,-8.7058424554586,0.87500002800016,0
314,0.04983545101446,0.078822679623427,-8.6809836395334,5.1272831252205,0
390,-0.10561127275372,-0.00080922569546049,-8.669309577797,1.2216689698798,0
379,-0.027362421887896,0.00097124219530905,-8.634463406016,2.5717387718572,0
391,-0.055728314238063,-0.0034262123693008,-8.603194347005,1.6634795784621,0
301,0.018729076258708,0.027565185213465,-8.5899535226396,5.6689626826887,0
354,0.025997788718663,0.056848522079742,-8.5799704391191,3.9968457919453,0
367,-0.0031825672825555,0.022373417961562,-8.5635385936135,3.4964655980089,0
341,0.054007404393135,0.089598265469874,-8.5569549987751,4.5113462826334,0
392,-0.038222671849019,-0.0034475089829459,-8.5171977432427,2.1017510616542,0
380,-0.020101232798869,0.0047942923761813,-8.5037686957067,3.0098031937074,0
16,-1.0362328951085,0.0044292470730922,-8.5035174855165,0.12500000400028,0
328,0.061080394708003,0.093003148752804,-8.5032206256981,5.0354729888564,0
17,-0.74767172252069,0.0083950250081642,-8.4982093924659,0.37500001200028,0
218,-0.45228506513474,0.0071395566016556,-8.4875720130247,0.62500002000017,0
219,-0.24005694809735,0.0018009850959314,-8.4716053471927,0.87500002800017,0
404,-0.10484170565314,-0.0034514620367939,-8.4363701818607,1.2163627714475,0
315,0.044535483399278,0.063912036257942,-8.41766201865,5.5673523239036,0
393,-0.029860075730768,-0.0018547493758881,-8.4115157990702,2.5355190160377,0
368,0.0060973018254324,0.029585167767988,-8.3849611875258,3.9289940396224,0
355,0.035264504061742,0.062172349790647,-8.3742688384688,4.4296255846586,0
405,-0.056197092123592,-0.0042674161029119,-8.372453202897,1.6476482555752,0
381,-0.013120811347248,0.009658456806061,-8.35282589804,3.4411040365957,0
342,0.056630866006709,0.084099393670072,-8.3254576118631,4.9436628524927,0
302,0.01615910266119,0.021585147723663,-8.2992889804432,6.1050205496292,0
406,-0.039097782503491,-0.0040868601137479,-8.2897909294184,2.0755968500494,0
394,-0.023997271567713,0.00067998111965622,-8.2863912988428,2.9638297356596,0
18,-1.0465845205794,0.0034450404118373,-8.2673463082616,0.12500000400028,0
19,-0.7528846068378,0.0065531359915608,-8.2623599178194,0.37500001200028,0
220,-0.45117081053313,0.0047603835477401,-8.2523672280412,0.62500002000017,0
329,0.057741851783415,0.079717582737134,-8.2453705146604,5.4657419651186,0
221,-0.23555670127037,-9.7709819732564e-05,-8.2373682389268,0.87500002800017,0
418,-0.10417289779629,-0.0041916375114138,-8.2034307859243,1.2110565730151,0
407,-0.031335505618128,-0.0028083014101782,-8.1885681921246,2.4992992602182,0
369,0.015077225186954,0.036008227991353,-8.1858363489161,4.352350030072,0
382,-0.0058799816551622,0.015142324718108,-8.1819885730955,3.8646628622612,0
356,0.042010154495279,0.063838301845655,-8.1476945980281,4.8518527161292,0
395,-0.018594755079499,0.0040441444260679,-8.1421132024664,3.3857424751825,0
419,-0.056451680201005,-0.0044695503983576,-8.141712058789,1.6318169326883,0
316,0.039949426335039,0.051961663251467,-8.1330006845384,5.9939286070618,0
343,0.057598162867098,0.077135730841246,-8.073079010671,5.364131606334,0
408,-0.026272498932388,-0.00085864268707984,-8.0690139019789,2.9178562776118,0
420,-0.039773585634819,-0.0043144857388729,-8.0623841155942,2.0494426384445,0
20,-1.0552013654633,0.0029509200539426,-8.0311751310065,0.12500000400028,0
21,-0.75661040364678,0.0056908488153277,-8.0265104431729,0.37500001200028,0
222,-0.44950308385436,0.0036348070661813,-8.0171624430577,0.62500002000018,0
223,-0.23156750903548,-0.00084398988518079,-8.0031311306611,0.87500002800018,0
383,0.0015615499655076,0.020699379582268,-7.9916575301173,4.2795196188738,0
303,0.014037045993817,0.017006611239729,-7.987461210552,6.52620442359,0
396,-0.01286992551369,0.0081222562075174,-7.9790159586651,3.8003316849,0
432,-0.10335578033708,-0.0043207658502779,-7.9704913899884,1.2057503745828,0
330,0.054075530525436,0.067612362745588,-7.9667123886336,5.8828366644943,0
370,0.023941827899594,0.041829326672564,-7.9666353527963,4.765543405307,0
421,-0.032454857185689,-0.0031880606655673,-7.965620585179,2.4630795043987,0
409,-0.021868148010652,0.0016589187813776,-7.9314005068929,3.3303809137692,0
433,-0.056632114403361,-0.004566162561499,-7.9109709146813,1.6159856098015,0
357,0.046946530192902,0.06298646143638,-7.9007875066818,5.2625212475496,0
422,-0.027925393132476,-0.0015155580551701,-7.8516365051151,2.871882819564,0
434,-0.040371454707772,-0.0044576975572397,-7.8349773017703,2.0232884268397,0
317,0.03587036512012,0.042168148677442,-7.8276895937868,6.405978012999,0
344,0.057360793394595,0.069279975129851,-7.8004240927291,5.7717447219275,0
397,-0.0068650695587033,0.012500844373368,-7.7974787113183,4.2066892076756,0
22,-1.0630116154362,0.002708311190337,-7.7950039537517,0.12500000400029,0
23,-0.75964422983436,0.0053326718858527,-7.7906609685274,0.37500001200029,0
384,0.0092603157815339,0.026098050405906,-7.7822798761679,4.6847349200265,0
224,-0.44761583882192,0.0031323002636166,-7.7819576580754,0.62500002000019,0
410,-0.017316051635263,0.0046906257619273,-7.7760433442346,3.7360005075387,0
225,-0.22781306163954,-0.0011475864575127,-7.7688940223957,0.87500002800019,0
435,-0.033421480750934,-0.0034231210981814,-7.7426729782337,2.4268597485792,0
446,-0.10249278573455,-0.0043396137248078,-7.7375519940522,1.2004441761505,0
371,0.031800572351499,0.045647021672168,-7.7278771541886,5.1676081382775,0
423,-0.024145639125003,0.00056103856819024,-7.7206878113193,3.2750193523559,0
447,-0.056765011328891,-0.0046714381811538,-7.6802297705735,1.6001542869146,0
331,0.050266358102162,0.056701593786125,-7.6679179770216,6.285751602408,0
304,0.012137912659491,0.013329841540157,-7.6552299608308,6.9314881076213,0
436,-0.029301825959588,-0.0019129805719011,-7.6342591082516,2.8259093615163,0
358,0.050467673164421,0.060175145698951,-7.6341357968249,5.6606527793608,0
448,-0.040915051759616,-0.0046092559009009,-7.6075704879462,1.9971342152348,0
411,-0.012366017107521,0.0081418095343148,-7.6032998925193,4.1338587964773,0
398,-0.00048773602236634,0.016954062786725,-7.5979243995394,4.6039264347459,0
424,-0.020371680987006,0.0029628287033976,-7.5730707298042,3.6716693301774,0
24,-1.0704836560559,0.0025887771790219,-7.5588327764973,0.12500000400029,0
25,-0.76237939005621,0.0052232500785589,-7.5548114938833,0.37500001200029,0
385,0.017261542493582,0.030887383091406,-7.5543479531914,5.0793922785178,0
226,-0.44562866103261,0.0029105699080833,-7.5467528730945,0.6250000200002,0
227,-0.22414519253858,-0.0013043680115454,-7.5346569141306,0.8750000280002,0
449,-0.034297057015256,-0.0036550192211834,-7.5197253712883,2.3906399927598,0
437,-0.025971044075962,-9.9937345427418e-05,-7.5099751157461,3.2196577909427,0
345,0.056153934166075,0.060913517684273,-7.5081463602569,6.1655251918176,0
460,-0.10157911312831,-0.0043810375656235,-7.5046125981158,1.1951379777181,0
318,0.032050020547674,0.033928717245722,-7.5024687583029,6.8025017937299,0
372,0.038382615544451,0.047073666434821,-7.4701271554245,5.5576046329653,0
461,-0.056846279364857,-0.0048079204941035,-7.4494886264655,1.5843229640277,0
450,-0.030521923447878,-0.0022734809002341,-7.4168817113879,2.7799359034685,0
412,-0.0070502950258344,0.011712274308996,-7.4135689229108,4.5231179494652,0
425,-0.016289444006889,0.0056656963554389,-7.4091210737203,4.061028385279,0
399,0.0064223516107864,0.021208348950043,-7.3808187521943,4.9911764187582,0
462,-0.041401891494176,-0.0047954550164678,-7.380163674122,1.97098000363,0
438,-0.022715470704208,0.0019244579602092,-7.3700981153741,3.6073381528161,0
332,0.046302923575205,0.046869622740849,-7.349707555775,6.6735154798385,0
359,0.0527425306235,0.055796200532373,-7.3483747434924,6.0452987812274,0
26,-1.077843848326,0.0025253257685496,-7.3226615992431,0.12500000400029,0
27,-0.7649983046883,0.0052323338340808,-7.3189620192395,0.37500001200029,0
228,-0.44356255868102,0.0028035920079284,-7.3115480881139,0.62500002000021,0
386,0.025651127228161,0.034843678420674,-7.3083981685283,5.4626002827411,0
305,0.010325595482748,0.010230987019507,-7.3034046932856,7.3198841452888,0
229,-0.22047095201927,-0.0014247247565688,-7.300419805866,0.87500002800021,0
451,-0.027551356143726,-0.00065566896476298,-7.2992624201726,3.1642962295294,0
463,-0.035092592874233,-0.0039289757792177,-7.2967777643427,2.3544202369403,0
474,-0.100600798168,-0.0044598775805744,-7.27167320218,1.1898317792858,0
426,-0.011766435867647,0.0085551358210779,-7.2292134462822,4.4423094641845,0
475,-0.056865919207698,-0.0049765663213843,-7.2187474823579,1.5684916411408,0
439,-0.019258455838052,0.0041134683677787,-7.2149422549216,3.9881979740807,0
413,-0.0011940641953773,0.015231806299756,-7.207289551197,4.9029605589985,0
464,-0.031621212716605,-0.0026730463876357,-7.199504314524,2.7339624454208,0
346,0.054050622889706,0.052336326675347,-7.1969463532477,6.5445291659477,0
373,0.04375089527308,0.046374782427139,-7.1939958639111,5.9346219548895,0
452,-0.024685538857754,0.0011028773187166,-7.1671255009438,3.5430069754549,0
319,0.028278826128794,0.026789560500919,-7.1581264522953,7.1825388349077,0
476,-0.041820051047331,-0.0050224173325977,-7.1527568602982,1.9448257920252,0
400,0.014113811222043,0.024999637228224,-7.146669181632,5.3675959325169,0
465,-0.028959039584668,-0.0012288413151649,-7.0885497245991,3.1089346681162,0
28,-1.0851968604922,0.0024842942868715,-7.086490421989,0.12500000400029,0
29,-0.76758080586913,0.0052973211088679,-7.0831125445958,0.37500001200029,0
230,-0.44140524444063,0.0027375793704682,-7.0763433031332,0.62500002000021,0
477,-0.035799258699537,-0.004256933373432,-7.0738301573975,2.3182004811208,0
231,-0.21674191698836,-0.0015445672537833,-7.0661826976013,0.87500002800021,0
387,0.03327097144127,0.0367174567952,-7.0450097215131,5.833494712804,0
440,-0.015417290900306,0.0064267254251326,-7.0448579696539,4.3615009789039,0
360,0.053727976202688,0.050177768035185,-7.0441851507206,6.4155428520573,0
488,-0.099548273673695,-0.0045661494592549,-7.038733806244,1.1845255808535,0
427,-0.0067544961877712,0.011416289983687,-7.0337603501998,4.8147446992388,0
453,-0.021666017910243,0.002944569409333,-7.0207634361227,3.9153675628825,0
333,0.042076485822742,0.037941747640476,-7.012848211305,7.0451935245266,0
489,-0.056811693276942,-0.0051735843051761,-6.9880063382502,1.552660318254,0
414,0.0054838602811784,0.018494713504478,-6.9849401947357,5.2725915822926,0
478,-0.032601092997968,-0.0031339712827959,-6.9821269176606,2.687988987373,0
1421,0.0087543144228168,0.0080176813428163,-6.9794883408749,7.6476839016976,0
466,-0.026414617138518,0.00030884769661147,-6.9641528865134,3.4786757980936,0
490,-0.042153656829126,-0.0052894765764992,-6.9253500464743,1.9186715804203,0
374,0.04773311297523,0.043791486589459,-6.9001374423043,6.2977799943553,0
401,0.022813512185829,0.028162155626589,-6.8960235791152,5.7323674707185,0
479,-0.030211635056558,-0.0018597004677835,-6.877837029026,3.053573106703,0
347,0.051028528507847,0.043789715012721,-6.8675699703153,6.9078482141462,0
454,-0.018346737308602,0.0048208433095698,-6.8605024930254,4.2806924936233,0
441,-0.011059300845191,0.0087572976197083,-6.8602311492028,4.7265288394791,0
491,-0.036401234845972,-0.0046387919995767,-6.8508825504522,2.2819807253014,0
30,-1.0925889670054,0.0024493255228615,-6.850319244734,0.12500000400029,0
31,-0.77016018405321,0.0053899533209227,-6.8472630699506,0.37500001200029,0
232,-0.43913803198879,0.002682026310815,-6.8411385181511,0.62500002000022,0
1420,0.025006648461722,0.021613422392561,-6.840897528343,7.5035407741967,0
233,-0.21293737347567,-0.0016732043933219,-6.8319455893357,0.87500002800022,0
467,-0.023736744418794,0.0018806992009259,-6.8265846173238,3.8425371516842,0
428,-0.00098833000751019,0.014093786504087,-6.8232112078393,5.1775872320683,0
502,-0.098412042789807,-0.0046899582080809,-6.8057944103074,1.1792193824212,0
388,0.039676522857269,0.036506660723228,-6.7648032279992,6.1912405928423,0
492,-0.033450095056815,-0.0036583621280246,-6.7647495207971,2.6420155293253,0
480,-0.027946326886149,-0.00052623796311505,-6.7611802720834,3.4143446207324,0
503,-0.056669856872534,-0.0053950060929247,-6.757265194142,1.5368289953672,0
415,0.013425030135014,0.021278260823438,-6.7470374367171,5.6312402286329,0
361,0.053288075043384,0.043712426037723,-6.722291729326,6.7705029037661,0
1419,0.0382953751637,0.031254704921905,-6.702306715811,7.3593976466959,0
504,-0.042385698484618,-0.0055935086044075,-6.6979432326499,1.8925173688156,0
1416,0.0074930497206716,0.0064056979814175,-6.6880053919516,7.918114788584,0
455,-0.014575687801948,0.0066765240586875,-6.6867019482056,4.6383129797194,0
468,-0.020797633506817,0.0034354373896023,-6.6761470163969,4.1998840083426,0
493,-0.03130489858694,-0.0025559393730421,-6.6671243334527,2.9982115452898,0
442,-0.006027753486493,0.010917371602315,-6.6614822209432,5.0825828818441,0
481,-0.025557759038479,0.00081011386706124,-6.6324057985252,3.769706740486,0
402,0.030847716847297,0.029427193488548,-6.6294690136941,6.0847011913293,0
505,-0.036881075678756,-0.0050698278773902,-6.6279349435065,2.245760969482,0
32,-1.1000397024645,0.0024125876652279,-6.614148067478,0.12500000400029,0
33,-0.77275003923973,0.0054983948987081,-6.6114135953035,0.37500001200029,0
234,-0.43674341992674,0.0026251323546783,-6.6059337331672,0.62500002000023,0
429,0.0059745816384545,0.016345772350727,-6.5980512943191,5.5301129865473,0
235,-0.20905030378097,-0.0018118100862585,-6.597708481069,0.87500002800023,0
375,0.050055682480997,0.03979977145228,-6.5892481545993,6.6462315572485,0
516,-0.097181835755151,-0.0048253098993549,-6.5728550143703,1.1739131839889,0
1418,0.047928625444268,0.036913209459101,-6.5637159032797,7.2152545191958,0
494,-0.029287886974161,-0.0014203974471537,-6.5582076576533,3.3500134433712,0
1415,0.022057242437444,0.017477103252283,-6.5551801227052,7.7686410778629,0
506,-0.034152946692831,-0.0042403924993658,-6.5473721239333,2.5960420712777,0
517,-0.056426107040107,-0.0056375207236623,-6.5265240500333,1.5209976724804,0
469,-0.017477284859471,0.0049180495768195,-6.5131727472084,4.5500971199597,0
456,-0.010129415532564,0.0084087777286912,-6.4997532340469,4.9875785316198,0
416,0.02225768236879,0.023241048079893,-6.4941347993889,5.9781617898162,0
482,-0.022926620180131,0.0021010320744417,-6.4917915397686,4.1190755230621,0
518,-0.042499473194331,-0.0059304339314815,-6.4705364188251,1.8663631572109,0
389,0.044445909724493,0.034682661139114,-6.4684392461356,6.5350341745937,0
507,-0.032227152616788,-0.003312109787449,-6.4564116378792,2.9428499838768,0
443,6.6670952922378e-05,0.01267858397692,-6.4490651519211,5.4289857444618,0
495,-0.027154644877704,-0.00030337732656766,-6.4382269797265,3.6968763292878,0
1417,0.052014553266434,0.037816986201001,-6.4251250907488,7.071111391696,0
1414,0.034598210885582,0.02557914828819,-6.4223548534587,7.6191673671417,0
519,-0.037221866038344,-0.0055434094420985,-6.4049873365604,2.2095412136627,0
1411,0.0063216955667544,0.0050084375241748,-6.3866022241616,8.1774433505499,0
34,-1.1075569270865,0.0023701932390996,-6.3779768902215,0.12500000400029,0
35,-0.77535634219831,0.0056182288559987,-6.3755641206555,0.37500001200029,0
236,-0.43420577282699,0.0025626361945844,-6.3707289481823,0.62500002000024,0
237,-0.20508002459577,-0.0019596893986025,-6.3634713728018,0.87500002800024,0
430,0.014487457380126,0.018143865289415,-6.3588005850836,5.871622388303,0
508,-0.03043296326813,-0.0023705693033719,-6.355235043223,3.2856822660101,0
403,0.037562890122734,0.029194406032925,-6.347630337672,6.423836791939,0
530,-0.095846805510624,-0.0049691923114697,-6.3399156184327,1.1686069855565,0
483,-0.019948874127538,0.0032942011566862,-6.3396435462115,4.4618812602001,0
470,-0.013592414445482,0.0062470394079584,-6.3380242471506,4.8925741813955,0
520,-0.034694280052213,-0.004870980631752,-6.3299947270691,2.5500686132302,0
496,-0.024791105390668,0.00075253880747544,-6.3074360631404,4.0382670377816,0
457,-0.004737853120666,0.009766317434018,-6.3000790095232,5.3278585023762,0
941,0.050849893940267,0.035207189608959,-6.2997879483577,6.9392311587672,0
531,-0.05606633338192,-0.0058982974829066,-6.2957829059242,1.5051663495935,0
1413,0.044474212230798,0.030654468480423,-6.2895295842129,7.4696936564213,0
1410,0.01919136662683,0.013872851165935,-6.2597468974083,8.0228689539895,0
521,-0.032965395200371,-0.004117362990841,-6.2456989423054,2.8874884224638,0
509,-0.028528918038867,-0.001462592668589,-6.2440481609277,3.6240459180898,0
532,-0.042479334427151,-0.0062957518656809,-6.2431296049998,1.8402089456061,0
417,0.030337704675364,0.023973262773421,-6.2268214292082,6.312639409284,0
444,0.0076701096135387,0.013935493508889,-6.2234663707785,5.7650829867899,0
940,0.046922635718575,0.031235727001809,-6.187704476107,6.8196138204096,0
533,-0.037408162085581,-0.0060520708799397,-6.182039729614,2.1733214578433,0
484,-0.01647687900987,0.0043149179252797,-6.1762952602545,4.7975698311713,0
497,-0.022102528407947,0.0017018005932995,-6.1661143452145,4.3736654004405,0
1412,0.049880005669956,0.031978956862463,-6.1567043149674,7.3202199457013,0
522,-0.031371607687926,-0.0033649748985375,-6.1522624287924,3.2213510886492,0
471,-0.0087869204875768,0.0072766097044317,-6.1510928671251,5.2267312602906,0
36,-1.1151437141677,0.0023198942363568,-6.1418057129651,0.12500000400029,0
37,-0.77798273715018,0.0057482260144909,-6.1397146460076,0.37500001200029,0
238,-0.43151041202574,0.0024932850983492,-6.1355241631974,0.62500002000025,0
1409,0.030813771970118,0.020557197629314,-6.132891570655,7.8682945574291,0
239,-0.20102880160275,-0.0021159728285486,-6.1292342645346,0.87500002800025,0
510,-0.026405193708195,-0.00062448925401245,-6.123080586512,3.9574585525012,0
534,-0.035060179721027,-0.0055397142008186,-6.1126173302045,2.5040951551826,0
544,-0.094395001763682,-0.0051206779851066,-6.1069762224951,1.1633007871242,0
431,0.023345674153024,0.019313718151478,-6.1060125207444,6.2014420266291,0
458,0.0020513644966519,0.010651781748245,-6.0881321564733,5.6585435852768,0
1406,0.0051938682875583,0.0038187458275579,-6.0757014492101,8.4253059709098,0
939,0.041221456484482,0.026619538809381,-6.0756210038563,6.699996482052,0
545,-0.055576930954922,-0.0061748380107751,-6.065041761815,1.4893350267067,0
523,-0.029674423160816,-0.0026562123719505,-6.0498693421287,3.551215506892,0
961,0.050441587136962,0.030236946366075,-6.035613829913,7.1795133396024,0
535,-0.033507872418218,-0.0049587458998762,-6.0349862467313,2.8321268610507,0
546,-0.042311111059007,-0.0066847856360121,-6.0157227911746,1.8140547340013,0
498,-0.0189618979604,0.0024802632168759,-6.0145662733584,4.7025654809472,0
1408,0.040582580946938,0.024951327262242,-6.0060362439023,7.7137201608694,0
485,-0.012259585982215,0.0050341389228289,-6.0021067247273,5.1256040182051,0
511,-0.023974664486609,0.00010659475120143,-5.9925851442176,4.2854495406812,0
445,0.01685673305864,0.015272840688924,-5.9852036122806,6.0902446439742,0
938,0.03468232924162,0.02198873626629,-5.9635375316054,6.5803791436943,0
547,-0.037426449463671,-0.0065880131827001,-5.9590921226674,2.137101702024,0
1405,0.016353306614656,0.010762931309138,-5.9550113233795,8.2658686007713,0
472,-0.0027295497696448,0.0078796798723312,-5.952797942168,5.5520041837637,0
536,-0.032094566126197,-0.0043884974156348,-5.9492898143615,3.1570199112882,0
524,-0.027767895265964,-0.002021709550305,-5.9387251098836,3.8766500672211,0
960,0.0480218298297,0.027064313334114,-5.92625812905,7.0475738381251,0
38,-1.1228013538118,0.0022598042206708,-5.9056345357089,0.12500000400029,0
39,-0.78063297781317,0.0058885255290772,-5.9038651713598,0.37500001200029,0
240,-0.42864282249012,0.0024177647318389,-5.9003193782127,0.62500002000026,0
548,-0.035238842968152,-0.0062357612888938,-5.8952399333399,2.458121697135,0
241,-0.19690040551209,-0.0022794202475177,-5.8949971562674,0.87500002800026,0
1407,0.046855979067637,0.026411693583768,-5.8791809171499,7.5591457643102,0
558,-0.092812080278025,-0.0052815321313346,-5.8740368265576,1.1579945886919,0
459,0.010995194413259,0.011816118513684,-5.8643947038169,5.9790472613193,0
537,-0.030584492760825,-0.0038674233583593,-5.8556905233294,3.4783850956939,0
499,-0.015181509511736,0.0029748750774427,-5.8531205823295,5.0244767761197,0
512,-0.021126272849858,0.00067920011178776,-5.8528372864624,4.6075611307233,0
937,0.027986518829157,0.017687773244299,-5.8514540593544,6.4607618053365,0
1404,0.026924919118628,0.016152898329753,-5.8343211975488,8.1064312306328,0
559,-0.05494478593107,-0.0064655020326425,-5.8343006177059,1.4735037038199,0
549,-0.033845121737912,-0.0058227970459389,-5.8242735511571,2.7767652996377,0
525,-0.025572335712456,-0.0014909119035994,-5.8190559432206,4.197233680922,0
486,-0.0068803271145652,0.0054090387354704,-5.817463727863,5.4454647822507,0
959,0.043477980302864,0.023065450000034,-5.8169024281871,6.9156343366478,0
560,-0.041982284552827,-0.0070929661023133,-5.7883159773493,1.7879005223966,0
981,0.048859662647555,0.025269634830986,-5.7626642995968,7.4099794283995,0
1401,0.0041595939149745,0.002844679767663,-5.7557389964063,8.6613551096211,0
538,-0.028875190288382,-0.0034213944758674,-5.7543696332548,3.7958415819408,0
550,-0.032595069786458,-0.0054253145652026,-5.7463171999306,3.0926887339271,0
473,0.0056855137049593,0.0087439794154907,-5.7435857953531,5.8678498786644,0
936,0.021551718927496,0.01384373670214,-5.7393705871036,6.3411444669788,0
561,-0.037265297454982,-0.0071434186591071,-5.736144515721,2.1008819462046,0
1403,0.036312472638833,0.019827099263113,-5.7136310717188,7.9469938604952,0
958,0.037670043392989,0.018828998405181,-5.707546727324,6.7836948351702,0
513,-0.01771216985324,0.0010002840189292,-5.7041344399318,4.9233495340346,0
526,-0.022992000356885,-0.0011039790853565,-5.6911082995665,4.5125567804997,0
500,-0.010446711592504,0.0031592889475972,-5.682129513558,5.3389253807377,0
562,-0.035220781139832,-0.0069483944620035,-5.6778625364754,2.4121482390874,0
40,-1.1305305797169,0.0021873894438476,-5.6694633584524,0.12500000400029,0
41,-0.78331150077824,0.0060398652586581,-5.6680156967118,0.37500001200029,0
242,-0.42558681530545,0.0023394922854886,-5.6651145932276,0.62500002000026,0
551,-0.031255082100762,-0.0050781632679181,-5.66151170453,3.4055546844959,0
243,-0.19270253295353,-0.0024469754166811,-5.6607600480001,0.87500002800026,0
980,0.047882821100763,0.022704710525307,-5.6564863912432,7.2662211531376,0
539,-0.026894236070248,-0.0030737292795797,-5.6455267422234,4.1090178211627,0
1400,0.013631036016662,0.0081607204841895,-5.6413998910069,8.4972999306525,0
572,-0.091081802060488,-0.0054584648242046,-5.6410974306199,1.1526883902596,0
935,0.015588588765566,0.010445609994206,-5.6272871148528,6.2215271286211,0
487,0.00095930626025998,0.0060416428217594,-5.6227768868894,5.7566524960096,0
563,-0.033970271763679,-0.0066964513391074,-5.6135608555829,2.7214037382247,0
573,-0.054157689718156,-0.0067707996028444,-5.6035594735967,1.4576723809331,0
957,0.031307839234617,0.014724646522971,-5.5981910264609,6.6517553336926,0
1402,0.043068492810467,0.02123278683221,-5.5929409458891,7.7875564903579,0
552,-0.029725496531372,-0.0048032326402715,-5.5700141566261,3.7150330966604,0
574,-0.041482166083299,-0.0075162254051898,-5.560909163524,1.7617463107918,0
527,-0.019908109641733,-0.00093458206653028,-5.5551482975343,4.8222222919497,0
979,0.044599549049695,0.01921206701227,-5.5503084828897,7.1224628778758,0
514,-0.013476844584134,0.0010521121748966,-5.5467952992532,5.2323859792251,0
564,-0.032869377894222,-0.0064604005070281,-5.5433445854998,3.0283575565661,0
540,-0.024560503233757,-0.0028559328591359,-5.5293793126702,4.4175524302759,0
1399,0.023054518556493,0.012400085643686,-5.5270607856075,8.3332447516837,0
934,0.010170549996202,0.0074168883749909,-5.5152036426019,6.1019097902634,0
575,-0.036915422026549,-0.0077107208871268,-5.5131969087744,2.0646621903853,0
501,-0.0033310100641118,0.0035884411371819,-5.5019679784258,5.6454551133549,0
956,0.024895079310361,0.010930078836759,-5.4888353255978,6.5198158322151,0
1001,0.046232348644835,0.020485778851999,-5.4813112986577,7.6303091866767,0
553,-0.027940523142318,-0.0046191923460462,-5.471997541226,4.0208019614034,0
565,-0.031685852642425,-0.0062715645932433,-5.4673328857308,3.332724273298,0
576,-0.034998827794893,-0.0076673579390986,-5.4604851396107,2.3661747810398,0
978,0.039745773350205,0.015322770563482,-5.4441305745361,6.9787046026138,0
42,-1.1383325749139,0.0020992660709382,-5.4332921811962,0.12500000400029,0
43,-0.78602240286093,0.0062036812936947,-5.4321662220642,0.37500001200029,0
244,-0.42232109788175,0.0022636108822696,-5.4299098082431,0.62500002000027,0
1396,0.0032615959330727,0.0020759916929071,-5.4271635005669,8.8852597911932,0
245,-0.18845306212417,-0.0026137222389639,-5.4265229397331,0.87500002800027,0
1398,0.031841625511389,0.015363737078482,-5.4127216802087,8.1691895727158,0
528,-0.016098265702303,-0.00099145442773602,-5.4114610849487,5.1258465777127,0
586,-0.08919155888996,-0.005662676519336,-5.4081580346825,1.1473821918273,0
541,-0.021777276651783,-0.0028253701263378,-5.4061621551365,4.7210950498646,0
933,0.0053798710698031,0.0047310718830904,-5.4031201703511,5.9822924519058,0
577,-0.03387897340556,-0.0075675976153126,-5.4028481600087,2.6660421768116,0
566,-0.030321823429068,-0.0061483137661297,-5.3856586799974,3.6342246113802,0
515,-0.0071842903428698,0.0012639261812289,-5.3811590699626,5.5342577307005,0
955,0.018739062327586,0.0074887603101733,-5.3794796247348,6.3878763307376,0
1000,0.046568727765047,0.018373955637439,-5.378742130025,7.4752519494519,0
587,-0.053207095743004,-0.0070930281757846,-5.3728183294878,1.4418410580462,0
554,-0.025832297992082,-0.0045511438716412,-5.3676503257739,4.322548080052,0
578,-0.032916642031606,-0.0074804145020565,-5.3403719710688,2.9640263792051,0
977,0.033995775209803,0.011411437014962,-5.3379526661823,6.8349463273517,0
588,-0.040803688759667,-0.0079508854151627,-5.3335023496989,1.7355920991871,0
1395,0.011131024128842,0.0060527708336973,-5.3193515125788,8.7168390468175,0
567,-0.028716945880347,-0.0061057360622579,-5.2984683402289,3.9325861016441,0
1397,0.038740706359999,0.016589488745262,-5.2983825748102,8.0051343937484,0
932,0.0010764680218537,0.0022436045520137,-5.2910366981004,5.8626751135483,0
589,-0.036370689822094,-0.0082826847707458,-5.2902493018281,2.0284424345659,0
999,0.044540263016395,0.015294151115471,-5.2761729613924,7.3201947122272,0
542,-0.01834586649892,-0.0029796574635613,-5.2761268706438,5.0193071762002,0
579,-0.031880058372528,-0.0074334098912065,-5.2731540669314,3.2598938621001,0
954,0.012996364974409,0.0043719705289408,-5.2701239238717,6.2559368292601,0
529,-0.010545679552199,-0.00096138014641819,-5.2603501614996,5.4230603480465,0
555,-0.023321498286908,-0.0046430495671094,-5.2571760127387,4.6199678077795,0
590,-0.034568434105909,-0.0083830670475108,-5.2431077427463,2.3202013229922,0
976,0.027882104861455,0.0076930585582652,-5.2317747578287,6.6911880520897,0
1394,0.019353875877403,0.0093018995399764,-5.2115395245906,8.5484183024418,0
568,-0.02681482578466,-0.006164222085497,-5.2059213388778,4.2275437298283,0
580,-0.030671897388047,-0.0074415149990652,-5.2013032033686,3.5534161260999,0
44,-1.1462095194829,0.0019934021220165,-5.1971210039401,0.12500000400029,0
45,-0.78876979609285,0.0063854441371014,-5.1963167474172,0.37500001200029,0
246,-0.41889512714702,0.0021890605712297,-5.1947050232594,0.62500002000028,0
247,-0.18406241546976,-0.0027837820600856,-5.1922858314667,0.87500002800028,0
591,-0.033569141612849,-0.0084253765156867,-5.1921354644347,2.6106806153986,0
1021,0.042765155486452,0.0160745860958,-5.1919384449064,7.8401964606777,0
931,-0.0028755721564545,-0.00016260710706433,-5.1789532258501,5.7430577751911,0
600,-0.087136171629399,-0.0058947972925394,-5.1752186387456,1.142075993395,0
998,0.040742669382443,0.011712948047065,-5.1736037927595,7.1651374750022,0
953,0.0077442909814332,0.0015235500360476,-5.1607682230087,6.1239973277827,0
601,-0.052095439242122,-0.0074307000316983,-5.1420771853793,1.4260097351594,0
556,-0.020231217352061,-0.0048804374317581,-5.140792656339,4.9127677746876,0
543,-0.013448941929788,-0.0030853466143342,-5.1395412530364,5.3118629653922,0
592,-0.032738199173999,-0.0084741479689445,-5.1373993566381,2.8996952018441,0
975,0.021775850281107,0.0042576530151675,-5.1255968494751,6.5474297768277,0
581,-0.029235503239102,-0.0075167900867264,-5.1249391392316,3.8443702418849,0
569,-0.024551203779045,-0.006357288255835,-5.108189870341,4.5188405656945,0
602,-0.039949737965815,-0.0083914564336377,-5.1060955358743,1.7094378875823,0
1393,0.027373176704402,0.01160805762449,-5.103727536603,8.3799975580668,0
1020,0.04421824598985,0.014285137894623,-5.0933892904978,7.6743757735041,0
1391,0.0025117062428614,0.001487063188648,-5.0904356730356,9.0967060687483,0
593,-0.03184344990088,-0.0085528580552279,-5.0789752481323,3.1870634509021,0
997,0.035780750412884,0.0079922226359379,-5.0710346241267,7.0100802377771,0
603,-0.035631413635495,-0.0088511249292227,-5.0673016948822,1.9922226787466,0
930,-0.0065059645053208,-0.0024571866510065,-5.0668697536001,5.6234404368344,0
952,0.0029659390937058,-0.0011425709866662,-5.0514125221458,5.9920578263054,0
582,-0.027523539668154,-0.0076761594640635,-5.0441923519816,4.1325393796045,0
604,-0.033928452123568,-0.0090859327246309,-5.0257303458822,2.2742278649446,0
974,0.01590722756463,0.001117604147628,-5.0194189411214,6.4036715015656,0
557,-0.015907447495974,-0.0050739472175912,-5.0187323445732,5.2006655827379,0
594,-0.03078679478392,-0.0086727253200304,-5.0169477267399,3.4726076408197,0
570,-0.021773930293259,-0.0066606851275125,-5.0054584420343,4.8062283731751,0
1392,0.034126929251596,0.012592015209874,-4.9959155486157,8.2115768136924,0
1019,0.043345005340358,0.011534096664728,-4.9948401360892,7.5085550863306,0
1390,0.0089217634422934,0.0043962383430699,-4.9893169085801,8.9241786961104,0
605,-0.033040112278866,-0.0092599333024665,-4.981422768861,2.5553190539856,0
996,0.030177784637496,0.0043682551232372,-4.9684654554939,6.8550230005521,0
46,-1.1541595727406,0.001869568694783,-4.9609498266841,0.12500000400029,0
47,-0.79155565467711,0.0065930345143199,-4.9604672727703,0.37500001200029,0
248,-0.41529240729516,0.0021093882038307,-4.9595002382757,0.62500002000029,0
583,-0.025485366769328,-0.0079460671954128,-4.9592037279432,4.4177133236095,0
249,-0.17952189443299,-0.0029654061632872,-4.9580487232003,0.87500002800029,0
929,-0.0097823591846314,-0.004602812020543,-4.9547862813499,5.5038230984773,0
595,-0.029513047561732,-0.0088427442832056,-4.9514099382344,3.7561543821256,0
614,-0.084918728836757,-0.0061508559281637,-4.9422792428087,1.1367697949626,0
951,-0.0013532353733639,-0.0036515435704177,-4.9420568212833,5.8601183248285,0
606,-0.032335587518403,-0.0094325182716009,-4.9344267422076,2.8353640244831,0
973,0.010406382676524,-0.0017524515197777,-4.9132410327678,6.2599132263037,0
615,-0.050840582346887,-0.0077769237310711,-4.9113360412707,1.4101784122726,0
571,-0.017960511587887,-0.0069075090824416,-4.8979234361101,5.0894682000838,0
1018,0.040601454325385,0.0082232053567368,-4.8962909816804,7.3427343991568,0
1041,0.038713376098443,0.01219195710779,-4.8949404996951,8.0393496069871,0
1389,0.015946193625179,0.0068218450172641,-4.8881981441245,8.7516513234724,0
607,-0.031581323847564,-0.0096225993296359,-4.8847964293333,3.1142330397042,0
596,-0.027980631797133,-0.0090769863374471,-4.8824633650854,4.0375350293807,0
616,-0.03893661647538,-0.0088249427150041,-4.8786887220496,1.6832836759776,0
584,-0.022997823318963,-0.0082976471288005,-4.8701242277295,4.6996889716626,0
995,0.024337212748327,0.00096793174670417,-4.8658962868611,6.6999657633271,0
617,-0.034704814615193,-0.0094017885148241,-4.8443540879362,1.9560029229272,0
928,-0.012594009587127,-0.0065299004545881,-4.8427028090996,5.3842057601203,0
950,-0.0052238644272468,-0.005951960472674,-4.8327011204211,5.728178823352,0
608,-0.030677168968536,-0.009837240932366,-4.8325922501115,3.3917991555394,0
597,-0.02615018023265,-0.0093983270988576,-4.8102175855455,4.3165860815245,0
618,-0.03307980339026,-0.0097631408752379,-4.8083529490181,2.2282544068971,0
972,0.0053295384863651,-0.0043865153840519,-4.8070631244143,6.1161549510419,0
1040,0.04105309673976,0.010624174600055,-4.8008023898418,7.8633159379515,0
1017,0.036506667175831,0.0046898375436687,-4.7977418272715,7.1769137119829,0
1388,0.023089159130653,0.008552789764421,-4.7870793796695,8.5791239508353,0
609,-0.029567085104629,-0.010081758250333,-4.7778807372374,3.6679385223663,0
585,-0.019645463958436,-0.0085750370881227,-4.777114527647,4.9782708174296,0
619,-0.032290207618192,-0.01006055657387,-4.7707100732872,2.4999574925726,0
994,0.018542481863866,-0.002157644590289,-4.7633271182283,6.5449085261021,0
1386,0.0019047689956076,0.0010475355037402,-4.7460276565135,9.2953974636025,0
598,-0.023930124146585,-0.0097807034181627,-4.7347900134248,4.5931495701501,0
620,-0.031706961442078,-0.010347321618629,-4.7314541277771,2.7710328471221,0
927,-0.014981821984399,-0.0082552626072476,-4.7306193368496,5.2645884217634,0
48,-1.1621698115847,0.0017227001596895,-4.724778649428,0.12500000400029,0
49,-0.79437784163373,0.0068291234494403,-4.7246177981235,0.37500001200029,0
250,-0.41150116316209,0.002020225190533,-4.7242954532919,0.6250000200003,0
251,-0.17481842798416,-0.003169048207088,-4.7238116149335,0.8750000280003,0
949,-0.0086454689618489,-0.0080092109120363,-4.7233454195586,5.5962393218752,0
610,-0.028211202983836,-0.010366816413979,-4.7207343781894,3.9425306791569,0
628,-0.082520987097758,-0.0064471488009573,-4.7093398468712,1.1314635965303,0
1039,0.041181755560622,0.0081337167691854,-4.7066642799885,7.687282268916,0
971,0.00071908477438423,-0.0067826292987255,-4.7008852160612,5.9723966757806,0
1016,0.031549531590882,0.0011774735257005,-4.6991926728628,7.0110930248091,0
621,-0.031093444046563,-0.010637791251943,-4.6906176105344,3.0414026285062,0
1387,0.02947102249819,0.0092825474156433,-4.6859606152147,8.4065965781987,0
629,-0.049427516105769,-0.008128433988201,-4.6805948971617,1.3943470893858,0
611,-0.026576877141876,-0.010713971003507,-4.6612314431479,4.2154588394394,0
993,0.012978700595462,-0.0049995264419224,-4.6607579495955,6.3898512888772,0
599,-0.020997292551519,-0.010074169382871,-4.6563056191838,4.8670734347753,0
1385,0.0070353843653559,0.0031324090251566,-4.6517579767035,9.119028699154,0
630,-0.037752573846582,-0.0092273218399656,-4.6512819082244,1.6571294643728,0
622,-0.030346399544553,-0.01093483952977,-4.6482367734831,3.3109906702591,0
631,-0.03358072595287,-0.0099097243104829,-4.6214064809898,1.9197831671079,0
926,-0.016979689131363,-0.0097906563909998,-4.6185358645994,5.1449710834065,0
948,-0.011599132557286,-0.0098133064659209,-4.6139897186962,5.4642998203985,0
1038,0.039423259607824,0.0050611285475794,-4.612526170135,7.5112485998801,0
623,-0.029407369483106,-0.01123937704568,-4.6043515362404,3.579722662607,0
1015,0.026139538058358,-0.0021614464395858,-4.600643518454,6.8452723376353,0
612,-0.024601570624254,-0.011109034996087,-4.5994557991201,4.4866101686376,0
970,-0.0033879391180146,-0.0089289643104271,-4.5947073077084,5.8286384005197,0
632,-0.032015206628525,-0.010395196022167,-4.5909755521536,2.1822809488494,0
1061,0.034341081971043,0.0089223517493795,-4.5907228216918,8.227491896103,0
633,-0.031314718647085,-0.010812476142873,-4.5599973777131,2.4445959311595,0
624,-0.028234609405002,-0.011556610955058,-4.5590053912934,3.8475263289331,0
992,0.0077585632740352,-0.0075622946533767,-4.5581887809629,6.2347940516524,0
1384,0.012917326256072,0.0048977619480544,-4.5574882968935,8.9426599347055,0
613,-0.022045369015672,-0.01140884523967,-4.5354967107207,4.7558760521211,0
634,-0.030848873720561,-0.011207491404566,-4.5284815133462,2.7067016697611,0
1037,0.036204776327334,0.0017129257412802,-4.5183880602816,7.3352149308442,0
625,-0.026795951532421,-0.011904769060414,-4.5122453007503,4.1143315973544,0
925,-0.018621154107276,-0.011145770464223,-4.5064523923492,5.0253537450495,0
947,-0.014100793232996,-0.011387451516111,-4.5046340178338,5.3323603189219,0
1014,0.020592058769826,-0.0052443010860327,-4.5020943640453,6.6794516504615,0
1060,0.03732913129852,0.0075067247338779,-4.5013659991011,8.0418099045486,0
635,-0.0303765521106,-0.011591535009765,-4.4964387917351,2.9685722173082,0
50,-1.1702431183312,0.0015308407108556,-4.4915257342802,0.12500000400029,0
51,-0.79724112975699,0.0070832392487467,-4.4915257342802,0.37500001200029,0
252,-0.4075157740302,0.0019141609547914,-4.4915257342802,0.62500002000028,0
253,-0.16995367961036,-0.0033783643992767,-4.4915257342802,0.87500002800028,0
969,-0.0069900938663936,-0.010812290104246,-4.4885293993553,5.6848801252584,0
642,-0.079713100778843,-0.0067730748001218,-4.47804839518,1.1288104973142,0
626,-0.025049217195432,-0.012289376932638,-4.4641215848154,4.3800707671251,0
636,-0.029791548689828,-0.011964806435573,-4.4638812968543,3.2301821849788,0
1383,0.019136522333766,0.0061510054209636,-4.4632186170839,8.7662911702578,0
991,0.0029571153686236,-0.009832312320583,-4.4556196123306,6.0797368144282,0
643,-0.04744665095681,-0.0084807485082263,-4.4510937169795,1.3864314279423,0
637,-0.029033747373034,-0.01232453384574,-4.4308223352431,3.4915068028477,0
1036,0.031965212866648,-0.0016710268902285,-4.4242499504281,7.1591812618083,0
644,-0.036090980756527,-0.0095845501950223,-4.4241390387791,1.6440523585704,0
627,-0.02281524394645,-0.012581638723918,-4.4146878022575,4.6446786694669,0
1059,0.038279404627927,0.0052277459594845,-4.4120091765104,7.8561279129942,0
1013,0.015135646782728,-0.0080335372983139,-4.4035452096366,6.5136309632878,0
638,-0.028059482364118,-0.012669067191063,-4.3972764043972,3.7525219787093,0
645,-0.032088618508507,-0.010364769291366,-4.3971843605787,1.9016732891982,0
946,-0.016177979316667,-0.012751411359526,-4.3952783169715,5.2004208174452,0
1381,0.0014276065426142,0.00072763407889729,-4.3944223623592,9.4810553815165,0
924,-0.019951280687086,-0.012328328304353,-4.3943689200991,4.9057364066925,0
968,-0.010088722441952,-0.01243855578974,-4.3823514910023,5.5411218499972,0
646,-0.030654265789482,-0.010978544407558,-4.3702296823784,2.1592942198256,0
1382,0.024985431747255,0.0066471568808969,-4.3689489372746,8.5899224058106,0
639,-0.026833154986105,-0.013005760628153,-4.3632591583525,4.0132043552693,0
990,-0.0013404253876777,-0.011824849271294,-4.3530504436986,5.9246795772044,0
647,-0.030078434584213,-0.011518754098364,-4.343275004178,2.416915150453,0
1035,0.02710043641859,-0.0049238498204949,-4.3301118405747,6.9831475927724,0
640,-0.025323276134023,-0.013356089047374,-4.3287873705105,4.2735313656125,0
1058,0.037394552715124,0.0023700595042407,-4.3226523539196,7.6704459214396,0
648,-0.029741187534495,-0.012024128095543,-4.3163203259776,2.6745360810806,0
1380,0.0054760108043817,0.0021964341978451,-4.3071471450046,9.3011163567482,0
1012,0.009927137034545,-0.010514287132534,-4.304996055228,6.3478102761142,0
641,-0.02341879893556,-0.013691808145658,-4.2938788937943,4.5334812868126,0
649,-0.0294057684159,-0.012506221022735,-4.2893656477771,2.9321570117092,0
945,-0.017865150861078,-0.013921681435689,-4.2859226161091,5.0684813159685,0
923,-0.02093542569357,-0.013292371102501,-4.2822854478489,4.7861190683356,0
1081,0.029893330446763,0.0062859427693485,-4.2797008000554,8.404361899517,0
967,-0.012702212910009,-0.013829477894447,-4.2761735826493,5.3973635747362,0
650,-0.028968123095045,-0.012965821168941,-4.2624109695766,3.1897779423387,0
52,-1.1782093426717,0.0012999238434533,-4.2611910812406,0.12500000400029,0
53,-0.80010108610786,0.0073607077015728,-4.2611910812406,0.37500001200029,0
254,-0.40340931721207,0.0017938127987303,-4.2611910812406,0.62500002000025,0
255,-0.16497673769595,-0.0035575997346815,-4.2611910812406,0.87500002800025,0
989,-0.0051101341148036,-0.013538118343477,-4.2504812750663,5.7696223399802,0
656,-0.075952662826655,-0.0071682302986892,-4.2484048877352,1.1288104973142,0
1034,0.021938742292086,-0.0079406890571148,-4.2359737307212,6.8071139237365,0
651,-0.02836953271002,-0.013399477189738,-4.235456291376,3.447398872968,0
1057,0.035009755292126,-0.00079340571066842,-4.2332955313287,7.4847639298848,0
657,-0.04460647151057,-0.0090423320642971,-4.2228325007246,1.3864314279423,0
1379,0.010315291743222,0.0034531525315017,-4.21987192765,9.1211773319797,0
652,-0.027567014873887,-0.013801464261121,-4.2085016131755,3.7050198035974,0
1011,0.0050663282109123,-0.012665507673544,-4.2064469008197,6.1819895889412,0
658,-0.033853146600938,-0.010180720376652,-4.1972601137139,1.6440523585704,0
1080,0.033298640422296,0.0049798409630055,-4.1954742054264,8.2096096513772,0
653,-0.026520573004788,-0.014162001991498,-4.1815469349749,3.9626407342268,0
944,-0.019199095346366,-0.014908477101494,-4.1765669152467,4.9365418144919,0
659,-0.030206543640808,-0.011003297646153,-4.1716877267033,1.9016732891981,0
922,-0.021794059865203,-0.01443019994451,-4.1702019755986,4.6665017299785,0
966,-0.01486012128236,-0.015008369170512,-4.1699956742964,5.2536052994751,0
654,-0.02517238673298,-0.014452204623941,-4.1545922567743,4.2202616648562,0
988,-0.0083509323307843,-0.014988604925352,-4.1479121064341,5.6145651027561,0
660,-0.028981663851671,-0.011690439791038,-4.1461153396927,2.1592942198256,0
1056,0.031505212031973,-0.0040340898012791,-4.1439387087379,7.2990819383301,0
1033,0.016736849951462,-0.010662398988843,-4.1418356208679,6.6310802547008,0
1378,0.015619659017307,0.0043305117383574,-4.1325967102959,8.9412383072122,0
655,-0.023409702804736,-0.014607644733193,-4.1276375785738,4.4778825954854,0
661,-0.028539489581261,-0.012322976987611,-4.1205429526821,2.416915150453,0
1079,0.034880005415738,0.0028805263406373,-4.1112476107974,8.0148574032375,0
1010,0.00066785499921934,-0.014513451707683,-4.1078977464117,6.0161689017686,0
662,-0.02829860304763,-0.012929454685897,-4.0949705656715,2.6745360810806,0
663,-0.028040819806865,-0.013516154330866,-4.0693981786607,2.9321570117093,0
943,-0.020172752079036,-0.015750059783133,-4.0672112143843,4.8046023130152,0
965,-0.016599097025184,-0.015997597441705,-4.0638177659434,5.109847024214,0
1055,0.027249166772432,-0.00718017365739,-4.0545818861471,7.1133999467755,0
1032,0.011683618520031,-0.013059710266773,-4.0476975110146,6.4550465856651,0
987,-0.011081137936281,-0.016202202380583,-4.045342937802,5.4595078655321,0
1377,0.020838065063359,0.0046335360105426,-4.0453214929419,8.7612992824452,0
664,-0.027670383942311,-0.014082157942951,-4.0438257916499,3.1897779423387,0
1376,0.0010632892991637,0.00050056415749541,-4.036112793888,9.6534195030747,0
54,-1.186253121613,0.0010334411445121,-4.0308564282011,0.12500000400029,0
55,-0.80302708826262,0.0076854198156366,-4.0308564282011,0.37500001200029,0
256,-0.3990923305399,0.0016528924536867,-4.0308564282011,0.62500002000022,0
257,-0.15980569259755,-0.0037740946102363,-4.0308564282011,0.87500002800022,0
1078,0.03473179528211,0.00022247812013359,-4.0270210161684,7.8201051550976,0
670,-0.072111115737288,-0.0075479939661576,-4.0187613802906,1.1288104973142,0
665,-0.027132318661859,-0.01462508403986,-4.0182534046391,3.4473988729681,0
1009,-0.0032144728738994,-0.016065287884031,-4.0093485920034,5.8503482145957,0
671,-0.04175774053827,-0.0095344345527001,-3.9945712844697,1.3864314279423,0
666,-0.02638534941161,-0.015142577311383,-3.9926810176284,3.7050198035974,0
672,-0.031569334724656,-0.010740503574962,-3.9703811886488,1.6440523585704,0
667,-0.02539101020066,-0.015634193479052,-3.9671086306176,3.9626407342268,0
1054,0.022566888490476,-0.010113575128398,-3.9652250635562,6.9277179552208,0
1101,0.025579771374551,0.0042568690697482,-3.9622992778684,8.5697138523297,0
942,-0.02098303612623,-0.016786832653301,-3.9578555135218,4.6726628115384,0
964,-0.017958301101469,-0.016820641220944,-3.9576398575904,4.9660887489529,0
1375,0.0042272766450378,0.0015246018176251,-3.9559667114585,9.4701868310799,0
1031,0.00689916607155,-0.015109062181926,-3.9535594011616,6.2790129166302,0
673,-0.028230877187342,-0.011635424219113,-3.9461910928279,1.9016732891981,0
1077,0.033101086805402,-0.0027553876197757,-3.9427944215392,7.6253529069574,0
986,-0.013332046517682,-0.017206984612198,-3.9427737691699,5.3044506283082,0
668,-0.024108132497714,-0.016117706303092,-3.9415362436068,4.2202616648562,0
674,-0.027184913225337,-0.012407240552727,-3.9220009970071,2.1592942198256,0
669,-0.02250977453842,-0.016658897893383,-3.915963856596,4.4778825954854,0
1008,-0.0065649263375089,-0.017345016482176,-3.9107994375952,5.6845275274229,0
675,-0.026862902743496,-0.013131650861673,-3.8978109011863,2.416915150453,0
1100,0.029189434686326,0.0030392356913241,-3.8835300650756,8.3664820168663,0
1053,0.01772816488824,-0.012760412166844,-3.8758682409655,6.7420359636663,0
1374,0.0081535050019191,0.0024070853303939,-3.875820629029,9.2869541590851,0
676,-0.026716544147266,-0.013832763788615,-3.8736208053654,2.6745360810807,0
1030,0.0025071334010067,-0.016832559759718,-3.8594212913089,6.1029792475956,0
1076,0.030305607627868,-0.005840759446175,-3.8585678269102,7.4306006588173,0
963,-0.018954799130825,-0.017531581600008,-3.8514619492374,4.8223304736918,0
677,-0.026541547249463,-0.01451472637554,-3.8494307095444,2.9321570117093,0
985,-0.01514340737767,-0.01803048439597,-3.8402046005377,5.1493933910842,0
678,-0.026247364792627,-0.01517624570837,-3.8252406137234,3.1897779423387,0
1007,-0.0093947814462963,-0.018384509655899,-3.8122502831871,5.5187068402502,0
1099,0.031213115387315,0.0011016865038197,-3.8047608522827,8.1632501814028,0
679,-0.02578025820963,-0.015815527831007,-3.8010505179024,3.4473988729681,0
259,-0.1544224051789,-0.0040119980914132,-3.8005217751618,0.87500002800019,0
56,-1.1943665006033,0.00071841876863649,-3.8005217751618,0.12500000400029,0
57,-0.80602035875062,0.0080592452384092,-3.8005217751618,0.37500001200029,0
258,-0.39454780568059,0.0014873340433966,-3.8005217751618,0.62500002000019,0
1373,0.012598315437359,0.0030067732555284,-3.7956745466,9.1037214870911,0
684,-0.068095843225512,-0.0079436129566662,-3.7891178728462,1.1288104973142,0
1052,0.012943263301457,-0.015080948735909,-3.7865114183748,6.5563539721119,0
680,-0.025097783456326,-0.016430883371683,-3.7768604220813,3.7050198035974,0
1075,0.026676693449718,-0.0088639768443971,-3.7743412322811,7.2358484106773,0
685,-0.03877630784185,-0.010021920940196,-3.766310068215,1.3864314279423,0
1029,-0.0014092066944769,-0.018245506573365,-3.765283181456,5.9269455785606,0
681,-0.024160181833389,-0.017023052077249,-3.7526703262603,3.9626407342268,0
962,-0.019770965847107,-0.018372894579438,-3.7452840408843,4.6785721984306,0
686,-0.029154533087931,-0.011301483876907,-3.7435022635839,1.6440523585703,0
984,-0.01655941015794,-0.018700377651457,-3.7376354319055,4.9943361538602,0
682,-0.022930178291402,-0.017609503793781,-3.7284802304393,4.2202616648562,0
1098,0.031651833756656,-0.001365739899586,-3.7259916394898,7.9600183459391,0
687,-0.02611435658539,-0.012276135967532,-3.7206944589528,1.9016732891981,0
1372,0.017145904227364,0.0031674086155009,-3.7155284641711,8.9204888150977,0
1006,-0.011732577660644,-0.019217151223598,-3.713701128779,5.3528861530775,0
683,-0.021372805464485,-0.018217354280008,-3.7042901346183,4.4778825954854,0
688,-0.025240216894306,-0.013133094737133,-3.6978866543217,2.1592942198256,0
1051,0.0083564982563529,-0.017055243588716,-3.6971545957844,6.3706719805581,0
1074,0.022524178047551,-0.011700844277366,-3.690114637652,7.0410961625373,0
689,-0.025035993039334,-0.013943954186938,-3.6750788496906,2.416915150453,0
1371,0.0007946371763011,0.00034382688585716,-3.6716013526543,9.8122481497308,0
1028,-0.0048152438007638,-0.019376824532909,-3.6711450716031,5.7509119095258,0
690,-0.024985041893691,-0.014730534292592,-3.6522710450595,2.6745360810807,0
1097,0.030671380021907,-0.0041570467818135,-3.6472224266968,7.7567865104752,0
1121,0.021565289350376,0.002780841523878,-3.6389519636833,8.7233179936431,0
983,-0.017614978416232,-0.01927106031861,-3.6350662632734,4.8392789166361,0
691,-0.024895403263067,-0.015496260702994,-3.6294632404282,2.9321570117094,0
1005,-0.013617965467666,-0.019874415573692,-3.6151519743709,5.1870654659048,0
1050,0.0040739987106201,-0.018677387271897,-3.6077977731943,6.1849899890048,0
692,-0.024680737773108,-0.016239981708248,-3.606655435797,3.1897779423388,0
1073,0.018117835009132,-0.014268290424217,-3.605888043023,6.8463439143974,0
1370,0.0032612950249048,0.001060277780248,-3.5987081666809,9.6260035033861,0
693,-0.024288214090639,-0.016960272665466,-3.5838476311657,3.4473988729681,0
1027,-0.0077096571695135,-0.020263251578486,-3.5770069617503,5.5748782404911,0
261,-0.14881226670514,-0.0042655404311038,-3.5701871221225,0.87500002800015,0
58,-1.2025522334358,0.00034418672696302,-3.5701871221225,0.12500000400029,0
59,-0.8090886497148,0.0084896600906505,-3.5701871221225,0.37500001200029,0
260,-0.38975739002009,0.0012939959114805,-3.5701871221225,0.62500002000015,0
1096,0.028527063556981,-0.0070788826019622,-3.5684532139039,7.5535546750113,0
1120,0.025192534851592,0.0016473201953223,-3.5659450451367,8.5122090227277,0
694,-0.023675115186993,-0.017655870461496,-3.5610398265344,3.7050198035974,0
698,-0.063898768922024,-0.008357331864494,-3.5594743654018,1.1288104973141,0
695,-0.022802293850658,-0.018327997003677,-3.5382320219032,3.9626407342268,0
699,-0.035636663663021,-0.010523395172878,-3.5380488519603,1.3864314279423,0
982,-0.018482636758839,-0.01994201422269,-3.5324970946411,4.684221679412,0
1369,0.0064193260944234,0.0016839164130721,-3.5258149807076,9.4397588570415,0
1072,0.013678293581844,-0.016518422930766,-3.5216614483941,6.6515916662576,0
1049,0.00020837662036609,-0.019982800246361,-3.518440950604,5.9993079974511,0
700,-0.026586851010428,-0.011876744579072,-3.5166233385189,1.6440523585703,0
1004,-0.015096956911346,-0.020385863263176,-3.5166028199627,5.021244778732,0
696,-0.021632771793024,-0.018989980995008,-3.5154242172719,4.2202616648562,0
701,-0.023845029695951,-0.012929437111139,-3.4951978250776,1.9016732891981,0
1119,0.027480092168561,-0.00013588485998518,-3.4929381265902,8.3011000518122,0
697,-0.020116749224057,-0.019656476746187,-3.4926164126406,4.4778825954854,0
1095,0.025508126696454,-0.0099685674862832,-3.489684001111,7.3503228395475,0
1026,-0.010112943512149,-0.020942882779999,-3.4828688518974,5.3988445714564,0
702,-0.023143376711287,-0.013865296700149,-3.4737723116362,2.1592942198255,0
1368,0.010092907438778,0.0020961882687991,-3.4529217947346,9.2535142106976,0
703,-0.023058770741836,-0.014752321513086,-3.4523467981949,2.416915150453,0
1071,0.009369314604464,-0.018430351544957,-3.4374348537654,6.4568394181186,0
704,-0.023105404937362,-0.015611128353443,-3.4309212847535,2.6745360810807,0
1048,-0.0031884033266112,-0.02100018340984,-3.4290841280137,5.8136260058975,0
1118,0.028352731560638,-0.0024176162402144,-3.4199312080436,8.0899910808966,0
1003,-0.016213550188848,-0.020805108518182,-3.4180536655545,4.8554240915592,0
1094,0.021900401441604,-0.01270096535609,-3.410914788318,7.1470910040837,0
705,-0.023102951994177,-0.016445211302508,-3.409495771312,2.9321570117094,0
1025,-0.012060010212628,-0.021450603612351,-3.3887307420446,5.2228109024217,0
706,-0.022969005414926,-0.017253880583309,-3.3880702578705,3.1897779423388,0
1367,0.013976473590408,0.0021690424695916,-3.3800286087618,9.0672695643544,0
707,-0.022651895166977,-0.018036103716943,-3.366644744429,3.4473988729681,0
1070,0.0052919827396263,-0.019987532154397,-3.353208259137,6.2620871699799,0
1117,0.027904293523447,-0.0050226197927047,-3.3469242894969,7.8788821099806,0
708,-0.022109433393041,-0.018791034053527,-3.3452192309875,3.7050198035974,0
60,-1.2108125562538,-0.00010054264394832,-3.339852469083,0.12500000400029,0
61,-0.8122412337262,0.0089871506889656,-3.339852469083,0.37500001200029,0
262,-0.384701230563,0.0010686341091924,-3.339852469083,0.62500002000012,0
263,-0.14296077678192,-0.0045374051671871,-3.339852469083,0.87500002800012,0
1047,-0.0060998433932327,-0.021768170643534,-3.3397273054234,5.6279440143441,0
1093,0.017963701670657,-0.015188092453152,-3.3321455755252,6.9438591686201,0
712,-0.059522902425071,-0.00879462978143,-3.3298308579572,1.1288104973141,0
709,-0.021303220698551,-0.019519509219162,-3.323793717546,3.9626407342268,0
1002,-0.017115523438507,-0.021286040443105,-3.3195045111463,4.6896034043864,0
1141,0.017966893187799,0.001792438406991,-3.310100827272,8.8649608866728,0
713,-0.032341966894565,-0.011048975731301,-3.3097876357055,1.3864314279423,0
710,-0.020195188221138,-0.020227654477677,-3.3023682041045,4.2202616648562,0
1366,0.00060758873292826,0.00023992319059773,-3.3013991376498,9.9573186210319,0
1024,-0.013594275925247,-0.021817732920028,-3.2945926321917,5.046777233387,0
714,-0.023869382092703,-0.012472855085704,-3.2897444134539,1.6440523585703,0
711,-0.018730858374663,-0.020915808269831,-3.280942690663,4.4778825954854,0
1116,0.026330795094538,-0.0077774099239568,-3.2739173709503,7.6677731390648,0
715,-0.021428489766017,-0.013596826683904,-3.2697011912023,1.901673289198,0
1069,0.0015601683838472,-0.021224677927005,-3.2689816645084,6.0673349218409,0
1092,0.013919020718752,-0.017375947893458,-3.2533763627324,6.7406273331565,0
1046,-0.0085347664863888,-0.022327717365517,-3.2503704828332,5.4422620227907,0
716,-0.020903449114664,-0.014600914782532,-3.2496579689507,2.1592942198255,0
1140,0.021455832134279,0.00075068261635056,-3.2431384502653,8.6465881776533,0
1365,0.0025488828589919,0.00075860372959619,-3.2358715092145,9.7683483037087,0
717,-0.020943637630962,-0.015549998049795,-3.2296147466991,2.4169151504531,0
718,-0.021092949567449,-0.016464328049216,-3.2095715244475,2.6745360810808,0
1115,0.023877567806816,-0.010529139664709,-3.2009104524037,7.4566641681489,0
1023,-0.014761305725368,-0.022095510698908,-3.2004545223389,4.8707435643522,0
719,-0.021182082468849,-0.017348137225235,-3.1895283021958,2.9321570117094,0
1068,-0.0017584016250004,-0.02217060301549,-3.1847550698798,5.872582673702,0
1139,0.023844682647096,-0.00087870073049948,-3.1761760732587,8.4282154686338,0
1091,0.0099389780288166,-0.019239031444959,-3.1746071499398,6.5373954976938,0
1364,0.0050868949418045,0.0012224904745806,-3.1703438807793,9.5793779863853,0
720,-0.021132527192655,-0.018201541270161,-3.1694850799441,3.1897779423388,0
1045,-0.010519565185303,-0.022716090041654,-3.1610136602429,5.2565800312373,0
721,-0.020894208476748,-0.019024010633462,-3.1494418576923,3.4473988729682,0
722,-0.020426148923498,-0.01981498719057,-3.1293986354406,3.7050198035975,0
1114,0.020801151898486,-0.013155176464961,-3.127903533857,7.2455551972332,0
62,-1.2191498450978,-0.00062842892932714,-3.1095178160435,0.12500000400029,0
63,-0.8154887559715,0.0095649455251483,-3.1095178160435,0.37500001200029,0
264,-0.37935649810315,0.00080641143330432,-3.1095178160435,0.62500002000009,0
265,-0.13685006797367,-0.0048336632173647,-3.1095178160435,0.87500002800009,0
723,-0.019691092753866,-0.020574109500903,-3.1093554131888,3.9626407342268,0
1138,0.025001405080479,-0.0029780308899642,-3.109213696252,8.209842759614,0
1022,-0.015687215044177,-0.022404093417724,-3.106316412486,4.6947098953174,0
1363,0.0080962406715701,0.0015294927167469,-3.1048162523444,9.3904076690629,0
1067,-0.0046316058670924,-0.022863375653928,-3.1005284752513,5.6778304255633,0
726,-0.054962968220798,-0.0092617144016465,-3.1001873505126,1.1288104973141,0
1090,0.0061341956158414,-0.020764724517382,-3.0958379371475,6.3341636622314,0
724,-0.01865113786803,-0.021299550139595,-3.0893121909371,4.2202616648562,0
727,-0.028892623662837,-0.011607500316657,-3.0815264194507,1.3864314279423,0
1044,-0.012091426190203,-0.022966071533577,-3.0716568376527,5.0708980396838,0
725,-0.017254137527702,-0.021980385765219,-3.0692689686854,4.4778825954854,0
728,-0.021006556226787,-0.013096419314965,-3.0628654883889,1.6440523585703,0
1113,0.017344198694123,-0.015565643062668,-3.0548966153105,7.0344462263176,0
729,-0.018873342431517,-0.014281113795081,-3.044204557327,1.901673289198,0
1137,0.024959640910739,-0.0053997098243358,-3.0422513192453,7.9914700505939,0
1362,0.01135623305507,0.0015698892043346,-3.0392886239096,9.201437351741,0
730,-0.018533190759051,-0.015338845667915,-3.0255436262652,2.1592942198255,0
1089,0.0026045955706533,-0.021970997042932,-3.017068724355,6.1309318267687,0
1066,-0.0070550445696887,-0.023344366513016,-3.0163018806228,5.4830781774246,0
731,-0.018707041287858,-0.016332160421909,-3.0068826952034,2.4169151504531,0
732,-0.018967229661538,-0.017281960206927,-2.9882217641416,2.6745360810808,0
1043,-0.013293259770545,-0.023126272054135,-2.9823000150624,4.8852160481303,0
1112,0.013720017354778,-0.017702332372802,-2.981889696764,6.823337255402,0
1161,0.014855951207683,0.0012323695622141,-2.9761954869313,8.9944457147727,0
1136,0.02386182626822,-0.0079894525311642,-2.9752889422386,7.7730973415739,0
733,-0.01915502388304,-0.018194041549747,-2.9695608330797,2.9321570117095,0
734,-0.019196038831658,-0.019069795097158,-2.9508999020177,3.1897779423389,0
1088,-0.00057210168206969,-0.022886935092233,-2.9382995115625,5.9276999913061,0
735,-0.019042435160252,-0.019909359749033,-2.9322389709557,3.4473988729682,0
1065,-0.009044301721357,-0.023651844327314,-2.9320752859943,5.2883259292858,0
1361,0.00049502227887398,0.00017680947334837,-2.9260252292011,10.08842750679,0
1160,0.018082274184737,0.00029687408212497,-2.9155368414097,8.7694327581583,0
736,-0.01865523509314,-0.02071226221191,-2.9135780398938,3.7050198035975,0
1111,0.010101807440717,-0.019535250495685,-2.9088827782177,6.6122282844873,0
1135,0.021910262457412,-0.01060530131893,-2.9083265652319,7.554724632554,0
737,-0.017999101438465,-0.021476342029355,-2.8949171088318,3.9626407342268,0
1042,-0.014231668312496,-0.023289311604548,-2.8929431924721,4.6995340565768,0
64,-1.2275677852973,-0.0012536621221045,-2.8791831630043,0.12500000400029,0
65,-0.81884350440405,0.010239702449759,-2.8791831630043,0.37500001200029,0
266,-0.37369564505501,0.00050246063200354,-2.8791831630043,0.62500002000005,0
267,-0.1304572492852,-0.0051642494476534,-2.8791831630043,0.87500002800005,0
738,-0.017037910342682,-0.022192482653081,-2.8762561777699,4.2202616648562,0
740,-0.050208437626339,-0.0097657560901322,-2.8705438430682,1.1288104973141,0
1360,0.0020711618281901,0.00059045586732946,-2.8679645460457,9.8970220160708,0
1087,-0.0033514351368896,-0.023547877713208,-2.8595302987701,5.7244681558437,0
739,-0.015725366672639,-0.022842406702129,-2.8575952467079,4.4778825954854,0
1159,0.020428288105777,-0.0011767918022156,-2.8548781958881,8.5444198015439,0
741,-0.025286165271003,-0.012208980274182,-2.8532652031961,1.3864314279423,0
1064,-0.010627875043933,-0.023819576826005,-2.8478486913657,5.0935736811471,0
1134,0.019329505450051,-0.013128896723388,-2.8413641882252,7.3363519235341,0
742,-0.018002703242086,-0.013756227040606,-2.835986563324,1.6440523585703,0
1110,0.0066102074891976,-0.021053481853308,-2.8358758596716,6.401119313573,0
743,-0.016190084931461,-0.014987503699653,-2.8187079234519,1.901673289198,0
1359,0.0041332758540418,0.00098490797240348,-2.8099038628903,9.7056165253514,0
744,-0.016048274112091,-0.016079941146482,-2.8014292835799,2.1592942198255,0
1158,0.02172662666876,-0.0030988453092025,-2.7942195503664,8.3194068449292,0
745,-0.016368583057871,-0.017095316100747,-2.7841506437078,2.4169151504531,0
1086,-0.005716655153145,-0.023992983122496,-2.7807610859777,5.5212363203813,0
1133,0.016340094273028,-0.015470123510244,-2.7744018112185,7.1179792145144,0
746,-0.016750637916323,-0.018056727980514,-2.7668720038357,2.6745360810808,0
1063,-0.011843096703657,-0.023893131079993,-2.7636220967372,4.8988214330083,0
1109,0.0033329015771903,-0.022259739974962,-2.7628689411254,6.1900103426582,0
1358,0.0065900190481494,0.0012649663866421,-2.7518431797353,9.5142110346329,0
747,-0.017046163035487,-0.018972712873354,-2.7495933639636,2.9321570117095,0
1157,0.021964709116274,-0.0053452766643971,-2.7335609048446,8.0943938883143,0
748,-0.017185500649553,-0.019846588043437,-2.7323147240914,3.1897779423389,0
749,-0.01712396772331,-0.020679371908562,-2.7150360842192,3.4473988729682,0
1132,0.013141533771679,-0.017567663065931,-2.7074394342119,6.8996065054947,0
1085,-0.0076719834779001,-0.024259696348966,-2.7019918731853,5.3180044849188,0
750,-0.016825550504042,-0.021470458142938,-2.697757444347,3.7050198035975,0
1357,0.0092840500481071,0.0013287056256301,-2.6937824965804,9.322805543915,0
1108,0.00035038582932854,-0.023180985728134,-2.6898620225792,5.9789013717437,0
751,-0.016257818144163,-0.022215515300111,-2.6804788044748,3.9626407342268,0
1062,-0.012778453142184,-0.023942401036878,-2.6793955021086,4.7040691848694,0
1156,0.021239258415402,-0.0077788870879513,-2.6729022593229,7.8693809316994,0
752,-0.015387923728071,-0.022899295973525,-2.6632001646026,4.2202616648562,0
67,-0.82232121568777,0.011033103658122,-2.648848509965,0.37500001200029,0
66,-1.2360747168474,-0.0019913388583679,-2.648848509965,0.12500000400029,0
268,-0.36768515802118,0.00015287226597563,-2.648848509965,0.62500002000002,0
269,-0.12375267149972,-0.0055460435192762,-2.648848509965,0.87500002800002,0
753,-0.014177084630354,-0.023499308171185,-2.6459215247304,4.4778825954854,0
754,-0.045244375181199,-0.010316608304084,-2.6409003356239,1.1288104973141,0
1131,0.0099011701499698,-0.019386903509465,-2.6404770572056,6.6812337964759,0
1181,0.012264224469602,0.0010639575075465,-2.6376925841996,9.1115925551117,0
755,-0.02151815080302,-0.012866613947591,-2.6250039869415,1.3864314279423,0
1084,-0.0092360941494486,-0.024381764671992,-2.6232226603928,5.1147726494564,0
1107,-0.0022851054139153,-0.023847872350621,-2.6168551040331,5.7677924008294,0
1155,0.01971254210475,-0.010268095858357,-2.6122436138012,7.6443679750846,0
756,-0.014862722334659,-0.014464806747332,-2.6091076382592,1.6440523585703,0
757,-0.013391940611315,-0.015724344792406,-2.5932112895768,1.9016732891979,0
1180,0.01513039803913,0.00024942286748775,-2.5835734425933,8.8805720682235,0
758,-0.013468299214576,-0.016826911742979,-2.5773149408945,2.1592942198255,0
1130,0.0067451499509347,-0.020914419805432,-2.5735146801994,6.4628610874575,0
759,-0.013952014611169,-0.017836505510853,-2.5614185922122,2.4169151504531,0
1154,0.017576498146774,-0.012699201290667,-2.5515849682795,7.4193550184698,0
1356,0.00046209284725924,0.00014792723609491,-2.54600595747,10.205390973918,0
760,-0.014469237579108,-0.018780899068774,-2.5455222435299,2.6745360810809,0
1083,-0.010438999837199,-0.024401067983942,-2.5444534476004,4.9115408139938,0
1106,-0.004546861189084,-0.024295060296634,-2.5438481854869,5.556683429915,0
761,-0.014882666825288,-0.019673038493029,-2.5296258948475,2.9321570117096,0
1179,0.017307401229416,-0.0010707291298132,-2.529454300987,8.6495515813353,0
762,-0.01512854732769,-0.020518993824005,-2.513729546165,3.189777942339,0
1129,0.003755030836863,-0.022147653600305,-2.506552303193,6.2444883784387,0
763,-0.015166661806885,-0.021320862180431,-2.4978331974826,3.4473988729682,0
1355,0.0018339753816018,0.00054520864289817,-2.4955021788538,10.011844558655,0
1153,0.01502653353701,-0.014982491475591,-2.4909263227578,7.1943420618552,0
764,-0.014965147544291,-0.022077640150592,-2.4819368488002,3.7050198035975,0
1178,0.018614783617289,-0.0028277795558831,-2.4753351593805,8.4185310944468,0
1105,-0.0064287594896131,-0.024557131725322,-2.4708412669407,5.3455744590006,0
765,-0.014495582538739,-0.022782543571486,-2.4660405001177,3.9626407342269,0
1082,-0.01135224673704,-0.02436848822131,-2.4656842348079,4.7083089785313,0
766,-0.013729637547862,-0.023415265245907,-2.4501441514353,4.2202616648562,0
1354,0.0035584585619574,0.00096359828353615,-2.4449984002376,9.8182981433913,0
1128,0.0010072841559996,-0.023102948036121,-2.4395899261867,6.0261156694201,0
767,-0.012636568782013,-0.023951114942848,-2.4342478027529,4.4778825954854,0
1152,0.012244021041433,-0.017054077248073,-2.4302676772362,6.9693291052406,0
1177,0.019009100376182,-0.0049158889100508,-2.4212160177741,8.187510607558,0
68,-1.2446912391788,-0.002854377715718,-2.4185138569257,0.12500000400029,0
69,-0.82594543211684,0.011976100036581,-2.4185138569257,0.37500001200029,0
270,-0.36128473916862,-0.00024165573554091,-2.4185138569257,0.62500001999999,0
271,-0.11669755893058,-0.0060072792280644,-2.4185138569257,0.87500002799999,0
768,-0.040050142793177,-0.010929092848545,-2.4112568281794,1.1288104973141,0
1104,-0.007939885887583,-0.024666406371772,-2.3978343483946,5.1344654880862,0
769,-0.017581585224939,-0.013599203871789,-2.3967427706868,1.3864314279423,0
1353,0.0055652259187031,0.0012992823918295,-2.3944946216217,9.6247517281288,0
770,-0.011592633691774,-0.015240656877297,-2.3822287131942,1.6440523585702,0
1127,-0.0014419265138757,-0.023805728242434,-2.3726275491805,5.8077429604017,0
1151,0.0093851632744174,-0.018874762425531,-2.3696090317148,6.744316148627,0
771,-0.010496228239403,-0.016504342482937,-2.3677146557016,1.9016732891979,0
1176,0.01855062655,-0.0072114719852271,-2.3670968761677,7.9564901206693,0
772,-0.010818371486948,-0.017584206615557,-2.3532005982091,2.1592942198255,0
1352,0.0077477179730291,0.0014445378350545,-2.343990843006,9.4312053128669,0
773,-0.011486623148824,-0.018552111170918,-2.3386865407165,2.4169151504531,0
1103,-0.0091023944881967,-0.02466029755759,-2.3248274298484,4.9233565171718,0
774,-0.012153750806391,-0.019444437504307,-2.324172483224,2.6745360810809,0
1175,0.017365986625461,-0.0095915616873334,-2.3129777345613,7.7254696337807,0
775,-0.012695031364698,-0.020280737211005,-2.3096584257314,2.9321570117096,0
1150,0.0065734244886427,-0.020426251229305,-2.3089503861936,6.5193031920137,0
1126,-0.0035589000873712,-0.024284737015995,-2.3056651721742,5.5893702513833,0
776,-0.013054648836814,-0.021070691523897,-2.2951443682387,3.189777942339,0
1201,0.010191949591656,0.0012861906271683,-2.2950551485178,9.2162386291247,0
777,-0.013198698184605,-0.021817509415559,-2.280630310746,3.4473988729683,0
778,-0.013100937057581,-0.022519356544931,-2.2661162532534,3.7050198035975,0
1174,0.015615214270928,-0.011946523208898,-2.2588585929549,7.4944491468921,0
1102,-0.0099722346028451,-0.024573645701959,-2.2518205113022,4.7122475462572,0
779,-0.012738136458655,-0.023166609695673,-2.2516021957607,3.9626407342269,0
1149,0.0038928685987021,-0.021704891016213,-2.2482917406722,6.2942902354001,0
1200,0.012615167128979,0.00059841172757749,-2.2476875381576,8.9798516769025,0
1125,-0.0053292225302507,-0.02457003027016,-2.2387027951679,5.3709975423648,0
780,-0.012087445834933,-0.023734539968879,-2.2370881382681,4.2202616648562,0
781,-0.011125958211336,-0.02419717462066,-2.2225740807754,4.4778825954854,0
1173,0.013466884166781,-0.01418707971362,-2.2047394513485,7.2634286600037,0
1199,0.014511183485112,-0.00058421038594051,-2.2003199277973,8.7434647246803,0
272,-0.35444074743885,-0.00066709645986845,-2.1881792038857,0.62500001999996,0
273,-0.10923822776386,-0.0065928393199844,-2.1881792038857,0.87500002799996,0
70,-1.2534582248111,-0.003845707899908,-2.1881792038857,0.12500000400029,0
71,-0.82975032931433,0.013117690069744,-2.1881792038857,0.37500001200029,0
1148,0.0014101631906923,-0.02271358936988,-2.1876330951508,6.0692772787866,0
782,-0.034597350723692,-0.011626229611095,-2.1816133207343,1.1288104973141,0
1124,-0.0067536991940311,-0.024691250548251,-2.1717404181616,5.1526248333464,0
783,-0.013468158067729,-0.014435192923236,-2.1684815544315,1.3864314279423,0
1351,0.00053573780496946,0.00015280732148018,-2.1618741657561,10.308045023481,0
784,-0.008203459106506,-0.016111845654005,-2.1553497881287,1.6440523585702,0
1198,0.015706541946202,-0.0022032574033215,-2.152952317437,8.5070777724578,0
1172,0.011081176422415,-0.016247014292149,-2.1506203097422,7.0324081731153,0
785,-0.0075286335820161,-0.017345900075345,-2.1422180218258,1.9016732891979,0
786,-0.0081325406512347,-0.018357082448414,-2.1290862555231,2.1592942198255,0
1147,-0.00081773502476367,-0.023471381769735,-2.1269744496295,5.8442643221734,0
1350,0.0018922018724797,0.00063216251004992,-2.1190056846098,10.112655235176,0
787,-0.0090096373697915,-0.019235557432791,-2.1159544892203,2.4169151504531,0
1197,0.016141470553522,-0.0041636727949525,-2.1055847070766,8.270690820235,0
1123,-0.0078471318739847,-0.024680812069643,-2.1047780411554,4.9342521243279,0
788,-0.009841064555447,-0.020032006207934,-2.1028227229175,2.674536081081,0
1171,0.0085991570615457,-0.018082711127904,-2.096501168136,6.8013876862279,0
789,-0.010517874735851,-0.02077501953429,-2.0896909566146,2.9321570117097,0
790,-0.010995357961366,-0.021478430630747,-2.0765591903117,3.189777942339,0
1349,0.0034137965353416,0.0011804364051314,-2.0761372034635,9.9172654468717,0
1146,-0.0027533854615356,-0.024000106735215,-2.0663158041082,5.6192513655601,0
791,-0.011248422223836,-0.022146150475801,-2.0634274240089,3.4473988729683,0
1196,0.015848982841093,-0.0063509782733335,-2.0582170967163,8.0343038680122,0
792,-0.011258231614824,-0.022774715590769,-2.050295657706,3.7050198035976,0
1170,0.0061361676839359,-0.019670377626652,-2.0423820265301,6.5703671993409,0
1122,-0.0086515718929407,-0.024560128106321,-2.037815664149,4.7158794153093,0
793,-0.011008006128452,-0.023350977347777,-2.0371638914031,3.9626407342269,0
1348,0.0050466043091743,0.001664752835759,-2.0332687223174,9.7218756585678,0
794,-0.010481107755303,-0.023845786681715,-2.0240321251002,4.2202616648561,0
795,-0.0096618240859423,-0.024231794743804,-2.0109003587973,4.4778825954854,0
1195,0.014924788302543,-0.0086483995486413,-2.010849486356,7.7979169157895,0
1145,-0.0043767561668901,-0.024324314622328,-2.0056571585869,5.3942384089468,0
1347,0.0067380358131621,0.0019558069956647,-1.9904002411714,9.5264858702645,0
1169,0.0037769652960747,-0.021002243794179,-1.9882628849239,6.3393467124534,0
1194,0.013498306127704,-0.010949330840307,-1.9634818759956,7.561529963567,0
274,-0.34705835329672,-0.0010876196829855,-1.9578445508451,0.62500001999992,0
275,-0.10128925414066,-0.0073779060031608,-1.9578445508451,0.87500002799992,0
72,-1.2624372878455,-0.0049476546717292,-1.9578445508451,0.12500000400029,0
73,-0.83377407905826,0.014534089624433,-1.9578445508451,0.37500001200029,0
796,-0.02884462172377,-0.012448796586382,-1.9519698132886,1.1288104973141,0
1221,0.0086135495756368,0.0019355305728701,-1.9487519548361,9.3082385282297,0
1144,-0.0056824463999452,-0.024470288215558,-1.9449985130656,5.1692254523335,0
797,-0.0091707208680507,-0.015422541117554,-1.9402203381756,1.3864314279423,0
1168,0.0015812028063461,-0.022071869379231,-1.9341437433178,6.1083262255662,0
798,-0.0047155769687641,-0.017122385655384,-1.9284708630625,1.6440523585702,0
799,-0.0045292504203386,-0.018272279494493,-1.9167213879495,1.9016732891979,0
1193,0.011710321187673,-0.013164674971755,-1.9161142656353,7.3251430113445,0
1220,0.010505397226077,0.0013603828053276,-1.9083238633116,9.0671336324637,0
800,-0.0054593182000701,-0.01914721165395,-1.9049719128365,2.1592942198254,0
801,-0.0065698284454288,-0.019872341267416,-1.8932224377234,2.4169151504532,0
1143,-0.006679239155991,-0.024465446231649,-1.8843398675442,4.9442124957201,0
802,-0.0075763766934294,-0.020518056462668,-1.8814729626104,2.674536081081,0
1167,-0.00039685576789396,-0.022890045981974,-1.8800246017118,5.8773057386791,0
803,-0.0083911719760096,-0.02112378187377,-1.8697234874974,2.9321570117097,0
1192,0.0096975971661315,-0.015225984068661,-1.8687466552751,7.0887560591221,0
1219,0.012016877712409,0.00027331209091924,-1.8678957717872,8.8260287366976,0
804,-0.0089849742018298,-0.02170726921318,-1.8579740123842,3.1897779423391,0
805,-0.0093446378957328,-0.022271960974,-1.8462245372711,3.4473988729683,0
806,-0.0094607935625032,-0.02281138934519,-1.834475062158,3.7050198035976,0
1218,0.0129934844564,-0.0012579609556568,-1.8274676802626,8.5849238409312,0
1166,-0.0021195057475924,-0.023471319818473,-1.8259054601058,5.6462852517921,0
1142,-0.0073973459094187,-0.024320341359968,-1.8236812220228,4.7191995391067,0
807,-0.0093244064203331,-0.023307742129928,-1.8227255870449,3.9626407342269,0
1191,0.0075831183776186,-0.017085336933508,-1.821379044915,6.8523691069007,0
808,-0.008925627747442,-0.023726735610948,-1.8109761119318,4.2202616648561,0
809,-0.0082551030267742,-0.02403865598695,-1.7992266368187,4.4778825954854,0
1217,0.013368330313101,-0.0031391089201247,-1.7870395887381,8.3438189451646,0
1346,0.00077538937673104,0.00019740068892847,-1.7741684635685,10.396245720555,0
1190,0.0054704743878307,-0.018713083626134,-1.774011434555,6.6159821546797,0
1165,-0.0035641952397818,-0.023834789497907,-1.7717863184997,5.415264764905,0
1216,0.013153248789156,-0.005260193674432,-1.7466114972136,8.102714049398,0
1345,0.0023568814178956,0.0008805996770883,-1.7390019858296,10.19931295982,0
74,-1.2717321085921,-0.0061154588015286,-1.7275098978045,0.12500000400029,0
75,-0.83806436009938,0.0163274161498,-1.7275098978045,0.37500001200029,0
276,-0.33895689489526,-0.0014539692513292,-1.7275098978045,0.62500001999989,0
277,-0.092703845106913,-0.0085142835785984,-1.7275098978045,0.87500002799989,0
1189,0.0034411003046333,-0.020095263895919,-1.7266438241949,6.3795952024582,0
810,-0.022716487061937,-0.013488819688058,-1.7223263058429,1.1288104973141,0
1164,-0.0047219295575245,-0.024003603357934,-1.7176671768936,5.184244278018,0
811,-0.0046619441216937,-0.01665821854782,-1.7119591219196,1.3864314279422,0
1215,0.01241701338933,-0.0075086641392906,-1.7061834056891,7.8616091536314,0
1344,0.0038124477511718,0.0016879515280634,-1.7038355080906,10.002380199084,0
812,-0.0011262967499704,-0.018353290558285,-1.7015919379963,1.6440523585702,0
813,-0.0015431311466665,-0.019306140497415,-1.6912247540731,1.9016732891978,0
814,-0.0028634824048578,-0.019940656833686,-1.6808575701498,2.1592942198254,0
1188,0.0015500230583773,-0.021218918788761,-1.6792762138348,6.143208250237,0
815,-0.0042302048407149,-0.02043019178222,-1.6704903862266,2.4169151504532,0
1343,0.0051192023512623,0.0024254522587493,-1.6686690303519,9.8054474383498,0
1214,0.011259807683373,-0.0097801489333153,-1.6657553141646,7.620504257865,0
1163,-0.0055973801323201,-0.024000944309829,-1.6635480352875,4.9532237911308,0
816,-0.0054151931793678,-0.02085898956533,-1.6601232023033,2.674536081081,0
817,-0.0063616228654218,-0.021276927580354,-1.64975601838,2.9321570117098,0
818,-0.0070615413304772,-0.021704446489887,-1.6393888344567,3.1897779423391,0
1342,0.006297446857676,0.0029189652458823,-1.6335025526132,9.6085146776158,0
1187,-0.00015408972986092,-0.022086103702284,-1.6319086034748,5.906821298016,0
819,-0.0075174041482137,-0.02214250387667,-1.6290216505334,3.4473988729683,0
1213,0.0097940941116062,-0.011985708298097,-1.6253272226401,7.3793993620987,0
820,-0.0077315229247827,-0.022579558992598,-1.61865446661,3.7050198035976,0
1162,-0.0062111943459212,-0.023829270797231,-1.6094288936814,4.7222033042436,0
821,-0.0077038645964227,-0.022991494375541,-1.6082872826867,3.9626407342269,0
1241,0.0074935571593523,0.003045377374665,-1.5992568707433,9.3874644163372,0
822,-0.0074318391841141,-0.02333753340678,-1.5979200987634,4.2202616648561,0
823,-0.006911670193375,-0.023583875740691,-1.58755291484,4.4778825954854,0
1212,0.0081317252007244,-0.014054986272009,-1.5848991311156,7.1382944663324,0
1186,-0.0016364172473086,-0.022705013158139,-1.5845409931148,5.670434345795,0
1240,0.008712709731364,0.0025518389174184,-1.5659319847424,9.1422966545144,0
1211,0.0063756506045409,-0.015936116474077,-1.5444710395913,6.8971895705672,0
1185,-0.0028750127328824,-0.02309067493596,-1.5371733827548,5.4340473935739,0
1239,0.0097391756512696,0.001489203852058,-1.5326070987415,8.8971288926915,0
1210,0.004615190852444,-0.017593734975594,-1.5040429480671,6.6560846748023,0
1238,0.010413072108791,-3.323067179058e-05,-1.4992822127406,8.6519611308683,0
76,-1.2816525985178,-0.0072594738520714,-1.4971752447639,0.12500000400029,0
77,-0.84279529396124,0.018630279788837,-1.4971752447639,0.37500001200029,0
278,-0.3298927322036,-0.001714549844532,-1.4971752447639,0.62500001999986,0
279,-0.083256636371279,-0.010314865857174,-1.4971752447639,0.87500002799986,0
824,-0.016054973431509,-0.014958980488339,-1.4926827983972,1.1288104973141,0
1184,-0.0038600487535361,-0.02326442783685,-1.4898057723947,5.1976604413529,0
825,0.00019277773602017,-0.018332121348359,-1.4836979056637,1.3864314279422,0
826,0.0024894151994578,-0.019869266503514,-1.4747130129302,1.6440523585702,0
1237,0.010654434152618,-0.0019015804463084,-1.4659573267396,8.4067933690448,0
827,0.0013527521374874,-0.020454906521467,-1.4657281201967,1.9016732891978,0
1209,0.002924266131026,-0.01900681236612,-1.4636148565428,6.414979779037,0
828,-0.00041155188974421,-0.020700833539722,-1.4567432274632,2.1592942198254,0
829,-0.0020662661713975,-0.02084523641742,-1.4477583347297,2.4169151504532,0
1183,-0.004594180808659,-0.023246817650852,-1.4424381620347,4.9612734891317,0
830,-0.0034235908189257,-0.020982546940149,-1.4387734419962,2.6745360810811,0
1236,0.01045203363361,-0.0040058449178889,-1.4326324407386,8.1616256072214,0
831,-0.0044835799200908,-0.021157785451724,-1.4297885492627,2.9321570117098,0
1208,0.0013541267726445,-0.020157878937871,-1.4231867650185,6.1738748832719,0
832,-0.0052679661886699,-0.021391980003302,-1.4208036565291,3.1897779423392,0
833,-0.0057992984255982,-0.021680856692964,-1.4118187637956,3.4473988729684,0
834,-0.0060938663332891,-0.022005066216936,-1.402833871062,3.7050198035976,0
1235,0.0098502112353391,-0.0062383803949484,-1.3993075547377,7.916457845398,0
1182,-0.0050907171088734,-0.023035318209827,-1.3950705516746,4.7248865369105,0
835,-0.0061617275699705,-0.022332127385856,-1.3938489783285,3.9626407342269,0
836,-0.0060079035815687,-0.022613049731789,-1.3848640855949,4.2202616648561,0
1341,0.0012968731842876,0.00029138588238041,-1.3834324722372,10.469869395878,0
1207,-5.5070929785814e-05,-0.021042083418106,-1.3827586734943,5.9327699875071,0
837,-0.0056337494622423,-0.022807789875574,-1.3758791928614,4.4778825954854,0
1234,0.0089214092623098,-0.0084979630849382,-1.3659826687367,7.6712900835748,0
1340,0.0034285338314697,0.0013272823071287,-1.3560229140423,10.271696454467,0
1206,-0.0012742685087052,-0.02166389402257,-1.3423305819701,5.6916650917422,0
1233,0.0077498869181314,-0.010696684725954,-1.3326577827358,7.4261223217517,0
1339,0.0049329141437352,0.0025441768393774,-1.3286133558475,10.073523513057,0
1205,-0.002284927264087,-0.022036906019855,-1.3019024904458,5.4505601959774,0
1338,0.0058766566260594,0.003647752043836,-1.3012037976528,9.8753505716472,0
1232,0.0064220013103587,-0.012763316155518,-1.2993328967349,7.1809545599286,0
1337,0.0064094444626198,0.0043855744201791,-1.2737942394581,9.6771776302382,0
78,-1.2930983737341,-0.0081353276286459,-1.2668405917233,0.12500000400029,0
79,-0.84854645170322,0.021704608766587,-1.2668405917233,0.37500001200029,0
280,-0.31970275935471,-0.0017186631155925,-1.2668405917233,0.62500001999983,0
281,-0.072628603742231,-0.013258267727859,-1.2668405917233,0.87500002799983,0
1231,0.0050197030419789,-0.014643150879305,-1.2660080107341,6.9357867981066,0
838,-0.0086214499005628,-0.017201172134381,-1.2630392909515,1.1288104973141,0
1204,-0.003078823815488,-0.022182850679138,-1.2614743989216,5.2094553002125,0
839,0.005203023030293,-0.020563938808886,-1.2554366894077,1.3864314279422,0
840,0.0059117406968337,-0.021672489053417,-1.247834087864,1.6440523585702,0
1261,0.006761299587608,0.0046191216749595,-1.2470481992853,9.453806207065,0
841,0.0039386969504759,-0.021670917611862,-1.2402314863203,1.9016732891978,0
1230,0.0036164017035043,-0.016296241770366,-1.2326831247334,6.6906190362849,0
842,0.0017352187063443,-0.021353143052314,-1.2326288847766,2.1592942198254,0
843,-0.00016364539235122,-0.021020462252249,-1.2250262832328,2.4169151504532,0
1203,-0.0036584414249929,-0.022121834388447,-1.2210463073973,4.9683504044475,0
1260,0.007153946411628,0.0040983615363504,-1.2209656771343,9.2052363021279,0
844,-0.0016779258236858,-0.020777425405483,-1.2174236816891,2.6745360810811,0
845,-0.0028194130570773,-0.020653569069609,-1.2098210801454,2.9321570117099,0
846,-0.0036529511854776,-0.020658623448874,-1.2022184786016,3.1897779423392,0
1229,0.0022749538022219,-0.017695406708798,-1.1993582387326,6.4454512744628,0
1259,0.0075590923197148,0.0029775841664103,-1.1948831549834,8.9566663971908,0
847,-0.004226885676234,-0.020778593386869,-1.1946158770578,3.4473988729684,0
848,-0.0045738012640344,-0.020982684856677,-1.1870132755141,3.7050198035976,0
1202,-0.0040316516951977,-0.021849749689921,-1.180618215873,4.7272455086825,0
849,-0.0047145403379536,-0.021227711055652,-1.1794106739703,3.9626407342269,0
850,-0.0046618046560625,-0.021454918894181,-1.1718080724265,4.2202616648561,0
1258,0.0078580866795161,0.0013873551943088,-1.1688006328324,8.7080964922534,0
1228,0.0010412694318998,-0.018821717276702,-1.1660333527319,6.200283512641,0
851,-0.0044222029490156,-0.02161600941151,-1.1642054708827,4.4778825954854,0
1257,0.0079287634120785,-0.00054479742557201,-1.1427181106814,8.4595265873156,0
1227,-5.5859208608997e-05,-0.019667954796635,-1.1327084667311,5.9551157508194,0
1256,0.0077124803720416,-0.0026696028771185,-1.1166355885305,8.2109566823779,0
1226,-0.0009953983844252,-0.020238971602994,-1.0993835807304,5.7099479889977,0
1255,0.0072220546815134,-0.0048959504549608,-1.0905530663795,7.9623867774403,0
1225,-0.0017641832683306,-0.020550262819456,-1.0660586947297,5.4647802271761,0
1254,0.0065037670695848,-0.00713144462103,-1.0644705442285,7.7138168725028,0
1253,0.0056150424382816,-0.0092921841152994,-1.0383880220776,7.4652469675654,0
80,-1.3076757694124,-0.0080934424303997,-1.0365059386827,0.12500000400028,0
81,-0.85626350488505,0.026119579557218,-1.0365059386827,0.37500001200028,0
282,-0.30799515040848,-0.0010851481419004,-1.0365059386827,0.62500001999979,0
283,-0.060102160114689,-0.017851099344897,-1.0365059386827,0.87500002799979,0
852,0.00033663167763824,-0.021121832401432,-1.0333957835057,1.1288104973141,0
1224,-0.0023572185403672,-0.020626357262572,-1.0327338087289,5.2196124653544,0
853,0.010275296869739,-0.023769766398802,-1.0271754731517,1.3864314279422,0
854,0.0089826624552483,-0.023961872375231,-1.0209551627978,1.6440523585701,0
855,0.0060534814917197,-0.022986872188696,-1.0147348524438,1.9016732891978,0
1252,0.0046175505632833,-0.011308433129841,-1.0123054999267,7.2166770626281,0
856,0.0034005805786767,-0.021820931415412,-1.0085145420899,2.1592942198254,0
857,0.0013096390461219,-0.020820448948316,-1.0022942317359,2.4169151504532,0
1223,-0.0027780453963265,-0.020489155911277,-0.99940892272816,4.9744447035327,0
858,-0.0002728909533741,-0.02008201537881,-0.99607392138197,2.6745360810812,0
1336,0.0022728701715584,0.00043030853967074,-0.99021406217283,10.528812819425,0
859,-0.0014402393623247,-0.019605320561745,-0.98985361102799,2.9321570117099,0
1251,0.0035723038001876,-0.013125255011362,-0.98622297777582,6.9681071576918,0
860,-0.0022710481576637,-0.019352450754617,-0.98363330067399,3.1897779423392,0
861,-0.002841440809347,-0.019290643473784,-0.97741299031999,3.4473988729684,0
862,-0.0032016180029596,-0.019372070744527,-0.971192679966,3.7050198035977,0
1335,0.005386595608946,0.0019521737993603,-0.97060446519959,10.329704418559,0
1222,-0.0030305791129647,-0.02013645015278,-0.9660840367274,4.7292769417108,0
863,-0.0033828229917716,-0.01954026331577,-0.964972369612,3.9626407342269,0
1250,0.002535740384954,-0.014701268338248,-0.96014045562506,6.7195372527559,0
864,-0.0034046749206391,-0.019726109607917,-0.95875205925801,4.2202616648561,0
865,-0.0032796345711622,-0.019872221268455,-0.95253174890401,4.4778825954854,0
1334,0.0070332784120105,0.0037195707787831,-0.95099486822634,10.130596017692,0
1249,0.0015567431609212,-0.016007120083169,-0.93405793347423,6.4709673478196,0
1333,0.0074784359931516,0.0053105018056747,-0.93138527125319,9.9314876168263,0
1332,0.0070577690956926,0.0063278200087939,-0.91177567428009,9.7323792159612,0
1248,0.00067158284847287,-0.017028782696036,-0.90797541132341,6.2223974428835,0
1281,0.0061852685937129,0.006549234387006,-0.89260801492264,9.50717171666,0
1247,-0.00010390836624375,-0.017762537855851,-0.88189288917262,5.9738275379476,0
1280,0.0055839643435191,0.0057708946170449,-0.87388229318089,9.2558651189232,0
1246,-0.00075755854760546,-0.018217968826925,-0.85581036702183,5.7252576330118,0
1279,0.0053426719322495,0.0044232948512686,-0.85515657143915,9.0045585211863,0
1278,0.0052501189917789,0.0027201165679774,-0.83643084969738,8.7532519234492,0
1245,-0.0012822031571744,-0.018415332797082,-0.82972784487102,5.4766877280759,0
1277,0.0051462124000679,0.00075345100616744,-0.8177051279556,8.5019453257116,0
82,-1.3265241290429,-0.0060390126059157,-0.8061712856421,0.12500000400028,0
83,-0.86601072902142,0.032296463822076,-0.8061712856421,0.37500001200028,0
284,-0.29192615181407,-0.000383081923065,-0.8061712856421,0.62500001999976,0
285,-0.044429574808074,-0.024910910901988,-0.8061712856421,0.87500002799976,0
866,0.010567499253046,-0.028507687275336,-0.80375227606,1.1288104973141,0
1244,-0.0016765493184848,-0.018383472398491,-0.80364532272022,5.22811782314,0
1276,0.0049270190215989,-0.0013723323844472,-0.79897940621383,8.2506387279742,0
867,0.014871088325171,-0.028807322527749,-0.7989142568958,1.3864314279422,0
868,0.011199402382378,-0.026889023821877,-0.7940762377316,1.6440523585701,0
869,0.0073318553792346,-0.024252423922592,-0.78923821856741,1.9016732891977,0
870,0.0043420933889732,-0.021865572583612,-0.78440019940322,2.1592942198254,0
1275,0.0045624358716057,-0.0035282521547569,-0.78025368447206,7.9993321302368,0
871,0.0021848983386939,-0.020002182171018,-0.77956218023903,2.4169151504532,0
1243,-0.0019455966224405,-0.018147439159738,-0.77756280056941,4.979547918204,0
872,0.00065498934088891,-0.018666618795947,-0.77472416107484,2.6745360810812,0
873,-0.00042752807736282,-0.017793140020493,-0.76988614191063,2.9321570117099,0
874,-0.0011802796397773,-0.017277185995288,-0.76504812274641,3.1897779423393,0
1274,0.0040647882160738,-0.0056519237317707,-0.76152796273029,7.7480255324996,0
875,-0.0016879587403584,-0.017037902965528,-0.76021010358218,3.4473988729685,0
876,-0.0020134691394613,-0.017003791701611,-0.75537208441796,3.7050198035977,0
1242,-0.0020904490922385,-0.017709985249468,-0.75148027841859,4.730978013268,0
877,-0.0021951620580152,-0.017102851794303,-0.75053406525373,3.9626407342269,0
878,-0.0022568395450904,-0.017257020399011,-0.74569604608951,4.2202616648561,0
1273,0.0034666488088669,-0.007670817119933,-0.74280224098853,7.4967189347625,0
879,-0.002216900952784,-0.017401709305592,-0.74085802692529,4.4778825954854,0
1272,0.0028073783495187,-0.0095210067883141,-0.72407651924679,7.2454123370253,0
1271,0.0021279001001432,-0.011152275870375,-0.70535079750511,6.9941057392894,0
1270,0.0014666795441646,-0.0125282021892,-0.68662507576349,6.7427991415537,0
1269,0.0008558846312168,-0.01362574171448,-0.66789935402182,6.4914925438176,0
1268,0.00031719286619127,-0.014444254926907,-0.64917363228015,6.2401859460818,0
1267,-0.0001447199140219,-0.014987608456345,-0.63044791053851,5.9888793483462,0
1266,-0.00052525455842765,-0.015272468249153,-0.61172218879687,5.7375727506106,0
1331,0.0038660509692868,0.00056400297268853,-0.59506458372832,10.572993345295,0
1265,-0.00082229263276274,-0.015324436708144,-0.59299646705521,5.486266152875,0
1330,0.008476339214655,0.0025465385199198,-0.5832860485075,10.373255671029,0
84,-1.3487915084194,-0.0013695704189549,-0.57583663260151,0.12500000400028,0
85,-0.87654985596535,0.037885512439112,-0.57583663260151,0.37500001200028,0
286,-0.26283097467567,-0.0067865422569806,-0.57583663260151,0.62500001999973,0
287,-0.0244911529688,-0.038829211682712,-0.57583663260151,0.87500002799973,0
1264,-0.0010373277834912,-0.015175631392114,-0.57427074531356,5.2349595551394,0
880,0.019593286026426,-0.041907165239741,-0.5741087686143,1.1288104973141,0
1329,0.010398436248745,0.0048805631876279,-0.57150751328668,10.173517996764,0
881,0.017342986243893,-0.036230845452696,-0.57065304063987,1.3864314279422,0
882,0.011654461124558,-0.030018307525079,-0.56719731266544,1.6440523585701,0
883,0.0072530412583197,-0.024802210497245,-0.56374158469101,1.9016732891977,0
884,0.0042603984694068,-0.020871379162846,-0.56028585671659,2.1592942198254,0
1328,0.010212804321219,0.0070485508809064,-0.55972897806591,9.9737803224996,0
885,0.0022933856791966,-0.018070019370898,-0.55683012874217,2.4169151504532,0
1263,-0.0011760878894535,-0.014853090959334,-0.55554502357191,4.9836529574036,0
886,0.0010023080630081,-0.016160261093061,-0.55337440076775,2.6745360810812,0
887,0.00014398866090831,-0.014929338290028,-0.54991867279331,2.93215701171,0
1327,0.0083743511273943,0.0083573407611208,-0.54795044284518,9.7740426482358,0
888,-0.00043269804690136,-0.014207327537251,-0.54646294481887,3.1897779423393,0
889,-0.00081306994108443,-0.013835468793571,-0.54300721684442,3.4473988729685,0
890,-0.0010558680665896,-0.013714238956475,-0.53955148886997,3.7050198035977,0
1262,-0.0012377181715349,-0.01436548526677,-0.53681930183024,4.7323463596678,0
1301,0.0054064285860861,0.0082574041909643,-0.53642149246831,9.5474867923459,0
891,-0.0011984064450657,-0.013757765648756,-0.53609576089553,3.962640734227,0
892,-0.0012629239309088,-0.013884272288447,-0.53264003292108,4.2202616648561,0
893,-0.0012711844127413,-0.014027981783564,-0.52918430494663,4.4778825954854,0
1300,0.0036889828439362,0.0067977032104384,-0.52514212693532,9.2941127548303,0
1299,0.0029715335270175,0.0050976053064078,-0.51386276140234,9.0407387173147,0
1298,0.0026444344729684,0.0033641524170411,-0.50258339586935,8.7873646797988,0
1297,0.0024509509870291,0.0015651534141951,-0.49130403033634,8.5339906422825,0
1296,0.0022769588136057,-0.00031214913763848,-0.48002466480335,8.2806166047662,0
1295,0.0020699681122185,-0.0021642945535936,-0.46874529927035,8.0272425672501,0
1294,0.0018104562414772,-0.0039357650519157,-0.45746593373735,7.7738685297341,0
1293,0.0015088154639342,-0.0055769212402458,-0.44618656820437,7.5204944922182,0
1292,0.0011852699320642,-0.0070377149032077,-0.43490720267139,7.2671204547023,0
1291,0.00086148775069005,-0.0082808226678373,-0.42362783713844,7.0137464171876,0
1290,0.00055693195977915,-0.0092838741962806,-0.41234847160553,6.7603723796731,0
1289,0.00028563753677772,-0.01004032762787,-0.4010691060726,6.5069983421583,0
1288,5.4519650733306e-05,-0.010564172849239,-0.38978974053967,6.2536243046437,0
1287,-0.00013705393096289,-0.01086591042737,-0.37851037500675,6.0002502671293,0
1286,-0.00028886656876483,-0.010966614851294,-0.36723100947383,5.746876229615,0
1285,-0.00040155123861457,-0.010892982806758,-0.3559516439409,5.4935021921006,0
87,-0.89309398924881,0.037754349231958,-0.34550197956092,0.37500001200028,0
289,0.0026272097604591,-0.069570791251375,-0.34550197956092,0.87500002799969,0
86,-1.3742251478065,0.0045293717791628,-0.34550197956092,0.12500000400028,0
288,-0.20946678046756,-0.033973336274773,-0.34550197956092,0.62500001999969,0
1284,-0.00047734153755606,-0.010674960323904,-0.34467227840797,5.2401281545863,0
894,0.022836661831746,-0.061054611168095,-0.34446526116859,1.1288104973141,0
895,0.015515286933689,-0.043387443641343,-0.34239182438393,1.3864314279422,0
896,0.0093467337266632,-0.030831153890508,-0.34031838759927,1.6440523585701,0
897,0.0053976049350433,-0.022717629460602,-0.33824495081462,1.9016732891977,0
898,0.0030210957364444,-0.017497811317764,-0.33617151402996,2.1592942198253,0
899,0.0016194194197257,-0.014132157014209,-0.33409807724531,2.4169151504533,0
1283,-0.00052108788819704,-0.01033647858493,-0.33339291287505,4.9867541170717,0
900,0.00078654535667166,-0.011990210861682,-0.33202464046066,2.6745360810813,0
901,0.0002788408264718,-0.010666529627206,-0.32995120367599,2.93215701171,0
902,-4.1606560545984e-05,-0.0098982648982647,-0.32787776689133,3.1897779423393,0
903,-0.00024714746446809,-0.0095032643041575,-0.32580433010666,3.4473988729685,0
904,-0.0003763575774488,-0.0093530324067604,-0.32373089332199,3.7050198035977,0
1282,-0.00053174511463822,-0.0098883109847376,-0.32211354734211,4.7333800795572,0
905,-0.00045395191864627,-0.0093617249751154,-0.32165745653732,3.962640734227,0
906,-0.00049350551061841,-0.0094559250681969,-0.31958401975265,4.2202616648561,0
907,-0.00051311765702342,-0.0095791918987733,-0.31751058296798,4.4778825954853,0
1326,0.0059178329603784,0.00052179925520106,-0.19853809480257,10.602349027424,0
1325,0.012427581805736,0.0024603428402251,-0.194609732067,10.402289263789,0
1324,0.014922961579148,0.0048882372310929,-0.19068136933143,10.202229500155,0
1323,0.014260396723321,0.0073556639568979,-0.18675300659589,10.002169736522,0
1322,0.01067194451025,0.0088880299719612,-0.18282464386035,9.8021099728886,0
1321,0.0035388853755083,0.0074543787920375,-0.17897623313506,9.5746954153151,0
1320,0.0011560890880407,0.00508209364374,-0.17520777442002,9.319926063801,0
1319,0.00058458569133936,0.0034345554571319,-0.17143931570497,9.065156712287,0
1318,0.00040493146213741,0.0022628833201251,-0.16767085698993,8.8103873607727,0
1317,0.00031256092809028,0.0012218727876151,-0.16390239827487,8.5556180092579,0
1316,0.00025747794514751,0.00021013589708032,-0.16013393955983,8.3008486577433,0
1315,0.00021698591780518,-0.00076197608953637,-0.15636548084478,8.0460793062287,0
1314,0.00017269312081957,-0.0016593641607831,-0.15259702212973,7.7913099547143,0
1313,0.00012365142000628,-0.0024615654594989,-0.14882856341469,7.5365406032,0
1312,7.50478219444e-05,-0.0031456593526703,-0.14506010469964,7.2817712516856,0
1311,3.1335429519963e-05,-0.003697412679199,-0.14129164598461,7.0270019001725,0
1310,-4.7280421354199e-06,-0.0041128442744857,-0.13752318726959,6.7722325486596,0
1309,-3.2689046024461e-05,-0.0043996230347596,-0.13375472855457,6.5174631971463,0
1308,-5.3017565721017e-05,-0.004569779157493,-0.12998626983954,6.2626938456334,0
1307,-6.6403034785053e-05,-0.0046335484443318,-0.12621781112452,6.0079244941206,0
1306,-7.3650372929052e-05,-0.0046064376392415,-0.1224493524095,5.7531551426078,0
1305,-7.5538745302985e-05,-0.0045052280131811,-0.11868089369447,5.4983857910951,0
88,-1.4030709123118,0.0083443453756485,-0.11516732652033,0.12500000400028,0
89,-0.92035552341764,0.037394081632706,-0.11516732652033,0.37500001200028,0
290,-0.12960921768716,-0.051854412024316,-0.11516732652033,0.62500001999966,0
291,0.018455259619739,-0.096725341141133,-0.11516732652033,0.87500002799966,0
1304,-7.2989530733581e-05,-0.0043469478013225,-0.11491243497945,5.2436164395823,0
908,0.013980059445882,-0.067347264027038,-0.11482175372289,1.1288104973141,0
909,0.0067400447123639,-0.037340833775633,-0.114130608128,1.3864314279422,0
910,0.0034635913032186,-0.021449568798083,-0.11343946253311,1.6440523585701,0
911,0.0017903322141236,-0.013412088748243,-0.11274831693822,1.9016732891976,0
912,0.00090891873619499,-0.009071023149356,-0.11205717134334,2.1592942198253,0
913,0.00046138207890042,-0.0066215260407903,-0.11136602574845,2.4169151504533,0
1303,-6.8217402310207e-05,-0.0041440402158995,-0.11114397626442,4.9888470880694,0
914,0.00023568589402864,-0.0052168158276038,-0.11067488015357,2.6745360810813,0
915,0.00011847600701565,-0.0044099644552555,-0.10998373455868,2.9321570117101,0
916,5.3624265220742e-05,-0.003957961929877,-0.10929258896378,3.1897779423394,0
917,1.5116832395936e-05,-0.0037289610215458,-0.10860144336889,3.4473988729685,0
918,-8.3374483152469e-06,-0.0036383965942313,-0.107910297774,3.7050198035978,0
1302,-6.2016385346722e-05,-0.0039017809402659,-0.1073755175494,4.7340777365564,0
919,-2.280988174022e-05,-0.0036346595670494,-0.10721915217911,3.962640734227,0
920,-3.0448172914398e-05,-0.0036780442929463,-0.10652800658422,4.2202616648561,0
921,-3.7320509207256e-05,-0.0037380903984074,-0.10583686098933,4.4778825954853,0
1422,0.0092143357488552,0.0019732257485514,0.12500000399984,9.8127790187811,0
1423,0.015851547840075,0.0028429652134433,0.12500000399992,10.012913941184,0
1424,0.017380643334083,0.0021548167992898,0.125000004,10.213048863588,0
1425,0.014677614452243,0.00098759967143464,0.12500000400007,10.413183785993,0
1426,0.0070944087070977,4.3114063892606e-05,0.12500000400015,10.613318708398,0
91,-0.9129774880496,0.01178546353186,0.13392857571381,0.37500001200028,0
90,-1.4263915752943,0.0026247450845724,0.1339285757139,0.12500000400028,0
1427,0.0076656771342865,0.00025970022657018,0.37500001199939,9.8128599683835,0
1428,0.015675377058653,0.00085361286978732,0.37500001199967,10.012976901986,0
1429,0.018160613046064,0.00067189735711023,0.37500001199995,10.21309383559,0
1430,0.015566856677477,0.0001973737002499,0.37500001200023,10.413210769194,0
1431,0.0075362609768499,-0.00010957122535734,0.37500001200051,10.613327702798,0
93,-0.91786437512842,0.0011930863175719,0.40178572714142,0.37500001200027,0
92,-1.4327546680445,0.00022676584139087,0.40178572714169,0.12500000400027,0
1432,0.0071574931107329,3.2711302417111e-06,0.62500001999882,9.812940917986,0
1433,0.015443353914102,0.00016244238558868,0.62500001999935,10.013039862788,0
1434,0.018314480727618,7.8668160653902e-05,0.62500001999989,10.213138807592,0
1435,0.01572504263025,-7.9319028004568e-05,0.62500002000042,10.413237752395,0
1436,0.0075032948932358,-9.696095094461e-05,0.62500002000096,10.613336697199,0
95,-0.9184713236875,9.048394327113e-05,0.66964287856901,0.37500001200026,0
94,-1.4332748863947,-3.5427189993162e-05,0.66964287856944,0.12500000400026,0
1437,0.0071563993272622,-2.3239670211519e-05,0.87500002799833,9.8130218675885,0
1438,0.015456121319366,-3.641024590072e-05,0.87500002799913,10.01310282359,0
1439,0.018358196572116,-9.8633127232659e-05,0.87500002799992,10.213183779593,0
1440,0.015676444941867,-0.00013280659363934,0.87500002800071,10.413264735597,0
1441,0.0073720355641238,-6.2218883098354e-05,0.8750000280015,10.613345691599,0
97,-0.91848031994519,-1.8533943582032e-05,0.93750002999662,0.37500001200025,0
96,-1.4332396674364,-2.3178774996086e-05,0.93750002999722,0.12500000400025,0
1442,0.0072195761875981,-8.8850785635577e-06,1.1250000359984,9.8131028171909,0
1443,0.015550110324756,-5.1810409610401e-05,1.1250000359992,10.013165784392,0
1444,0.018412511360763,-0.00011757237711718,1.125000036,10.213228751595,0
1445,0.015610142143484,-0.00012838943439677,1.1250000360008,10.413291718798,0
1446,0.0072475199042,-4.500842395658e-05,1.1250000360016,10.613354685999,0
99,-0.91848167991444,-6.030546450185e-06,1.2053571814243,0.37500001200024,0
98,-1.4332171279235,-6.295736098913e-06,1.2053571814251,0.12500000400024,0
1447,0.0071997854326219,4.4201081527084e-05,1.375000043999,9.8131837667934,0
1448,0.015645066813673,1.3436261448857e-05,1.3750000439995,10.013228745194,0
1449,0.018515089276427,-8.7543258634024e-05,1.3750000440001,10.213273723596,0
1450,0.015574206508309,-0.00014019892981137,1.3750000440006,10.413318701999,0
1451,0.0071016902805981,-7.2070367570453e-05,1.3750000440012,10.6133636804,0
101,-0.91848482140951,-1.8477523014015e-06,1.4732143328521,0.37500001200023,0
100,-1.4332088743081,-2.3244463588905e-06,1.4732143328532,0.12500000400023,0
1452,0.0071746756590419,0.00016234792519264,1.6250000519995,9.8132647163959,0
1453,0.015727163856033,0.00010909226069627,1.6250000519998,10.013291705996,0
1454,0.018613476891677,-5.0529331522934e-05,1.6250000520001,10.213318695598,0
1455,0.015577267765926,-0.0001793822903094,1.6250000520004,10.4133456852,0
1456,0.0070057021348308,-0.00017514066078725,1.6250000520007,10.6133726748,0
103,-0.91848633478861,-1.5431732331503e-06,1.7410714842809,0.37500001200022,0
102,-1.4332044316692,-1.9947079936953e-06,1.7410714842815,0.12500000400022,0
1457,0.0076319084563536,-0.00084436837182234,1.8750000599999,9.8133456659984,0
1458,0.015549046380327,-0.00056781224582327,1.8750000599999,10.013354666798,0
1459,0.018104809260854,2.5824152150531e-06,1.87500006,10.2133636676,0
1460,0.015371507231495,0.0005718007153972,1.8750000600001,10.413372668401,0
1461,0.0074321054332887,0.00082906591658601,1.8750000600002,10.613381669201,0
104,-1.433200270308,-2.3299114292475e-06,2.0089286357098,0.12500000400021,0
105,-0.91848768429415,-1.8353997636015e-06,2.0089286357104,0.37500001200021,0
106,-1.4331953851991,-2.8140588546354e-06,2.276785787138,0.1250000040002,0
107,-0.91848930922747,-2.2232079897252e-06,2.2767857871399,0.3750000120002,0
108,-1.4331894810235,-3.4021730317183e-06,2.5446429385661,0.12500000400019,0
109,-0.9184912826881,-2.6885609542471e-06,2.5446429385694,0.37500001200019,0
110,-1.4331823426793,-4.1117449544559e-06,2.8125000899943,0.12500000400017,0
111,-0.91849366882988,-3.2493785389675e-06,2.8125000899989,0.37500001200017,0
112,-1.433173715773,-4.9688693586197e-06,3.0803572414224,0.12500000400016,0
113,-0.9184965523675,-3.9266919975114e-06,3.0803572414284,0.37500001200016,0
114,-1.433163290643,-6.0046150435904e-06,3.3482143928505,0.12500000400015,0
115,-0.91850003693223,-4.7451059542185e-06,3.3482143928579,0.37500001200015,0
116,-1.4331506925269,-7.2562843416015e-06,3.6160715442787,0.12500000400014,0
117,-0.91850424780822,-5.7340918153934e-06,3.6160715442874,0.37500001200014,0
118,-1.4331354684581,-8.7689128775424e-06,3.8839286957068,0.12500000400013,0
119,-0.91850933639856,-6.9292077313891e-06,3.8839286957169,0.37500001200013,0
120,-1.4331170710195,-1.059692935795e-05,4.1517858471349,0.12500000400012,0
121,-0.91851548567502,-8.3734173625117e-06,4.1517858471464,0.37500001200012,0
122,-1.4330948386477,-1.2806124591624e-05,4.4196429985631,0.12500000400011,0
123,-0.91852291676191,-1.0118639972093e-05,4.4196429985759,0.37500001200011,0
124,-1.4330679718186,-1.5476028192746e-05,4.6875001499912,0.1250000040001,0
125,-0.91853189689591,-1.2227617532707e-05,4.6875001500054,0.3750000120001,0
126,-1.4330355042578,-1.8702784200316e-05,4.9553573014194,0.12500000400009,0
127,-0.91854274904868,-1.4776170988452e-05,4.9553573014349,0.37500001200009,0
128,-1.4329962681344,-2.2602631658073e-05,5.2232144528475,0.12500000400008,0
129,-0.91855586356051,-1.7855927162051e-05,5.2232144528644,0.37500001200008,0
130,-1.4329488519756,-2.7316118917957e-05,5.4910716042756,0.12500000400007,0
131,-0.91857171220642,-2.1577614600412e-05,5.4910716042939,0.37500001200007,0
132,-1.432891549776,-3.3013208210483e-05,5.7589287557038,0.12500000400006,0
133,-0.91859086520572,-2.6075047022749e-05,5.7589287557234,0.37500001200006,0
134,-1.4328222994479,-3.9899461656172e-05,6.0267859071319,0.12500000400005,0
135,-0.91861401179348,-3.1509938149068e-05,6.0267859071529,0.37500001200005,0
136,-1.4327386083693,-4.8223542036946e-05,6.29464305856,0.12500000400004,0
137,-0.91864198510482,-3.8077721616709e-05,6.2946430585824,0.37500001200004,0
138,-1.4326374633036,-5.8286314029349e-05,6.5625002099882,0.12500000400003,0
139,-0.91867579228068,-4.6014586542747e-05,6.5625002100119,0.37500001200003,0
140,-1.4325152213863,-7.0451896707951e-05,6.8303573614163,0.12500000400002,0
141,-0.91871665090259,-5.5605983408582e-05,6.8303573614414,0.37500001200002,0
142,-1.4323674781553,-8.51610981644e-05,7.0982145128445,0.12500000400001,0
143,-0.91876603309761,-6.7196908565722e-05,7.0982145128709,0.37500001200001,0
144,-1.4321889077346,-0.000102947765406,7.3660716642727,0.125000004,0
145,-0.91882571894902,-8.1204342018599e-05,7.3660716643004,0.375000012,0
146,-1.4319730692082,-0.00012445870844247,7.6339288157015,0.12500000399999,0
147,-0.91889786120435,-9.813229182761e-05,7.6339288157292,0.37500001199999,0
148,-1.4317121719057,-0.00015047801945643,7.9017859671309,0.12500000399998,0
149,-0.91898506371247,-0.00011858999954328,7.9017859671574,0.37500001199998,0
150,-1.4313967906967,-0.00018195681152159,8.1696431185603,0.12500000399997,0
151,-0.91909047656051,-0.00014331397816318,8.1696431185856,0.37500001199997,0
152,-1.431015520377,-0.00022004966292689,8.4375002699898,0.12500000399996,0
153,-0.9192179115595,-0.00017319470788374,8.4375002700138,0.37500001199996,0
154,-1.4305545557225,-0.00026615938899364,8.7053574214193,0.12500000399995,0
155,-0.91937198255669,-0.00020930900543907,8.7053574214419,0.37500001199995,0
156,-1.4299971806491,-0.00032199219576874,8.9732145728487,0.12500000399994,0
157,-0.91955827610596,-0.00025295932033198,8.9732145728701,0.37500001199994,0
158,-1.4293231459601,-0.00038962583099459,9.2410717242782,0.12500000399993,0
159,-0.9197835593432,-0.00030572153391723,9.2410717242983,0.37500001199993,0
160,-1.4285079101415,-0.00047159407449907,9.5089288757077,0.12500000399992,0
161,-0.92005603358152,-0.00036950325928075,9.5089288757265,0.37500001199992,0
162,-1.4275217112343,-0.00057099185090592,9.7767860271371,0.12500000399991,0
163,-0.9203856442487,-0.00044661522510497,9.7767860271546,0.37500001199991,0
164,-1.4263284295379,-0.00069160644348994,10.044643178567,0.1250000039999,0
165,-0.92078446053656,-0.00053985914768836,10.044643178583,0.3750000119999,0
166,-1.4248841901231,-0.00083808179885449,10.312500329996,0.12500000399989,0
167,-0.92126714184146,-0.00065263671247451,10.312500330011,0.37500001199989,0
168,-1.423135639922,-0.0010161249076163,10.580357481426,0.12500000399988,0
169,-0.92185151309233,-0.00078908640274053,10.580357481439,0.37500001199988,0
170,-1.4210178154313,-0.0012327657626064,10.848214632855,0.12500000399987,0
171,-0.92255927713595,-0.00095425837388361,10.848214632867,0.37500001199987,0
172,-1.4184514916168,-0.001496684238182,11.116071784284,0.12500000399986,0
173,-0.9234168986951,-0.001154341268788,11.116071784295,0.37500001199986,0
174,-1.4153398630884,-0.0018186168521369,11.383928935714,0.12500000399985,0
175,-0.92445670362616,-0.0013969583291229,11.383928935724,0.37500001199985,0
176,-1.4115643475474,-0.0022118622833009,11.651786087143,0.12500000399984,0
177,-0.92571826081069,-0.0016915713076041,11.651786087152,0.37500001199984,0
178,-1.406979260694,-0.002692933249089,11.919643238573,0.12500000399983,0
179,-0.92725015828907,-0.0020501018759853,11.91964323858,0.37500001199983,0
180,-1.4014051795902,-0.0032823784831699,12.187500390002,0.12500000399982,0
181,-0.92911231089882,-0.0024878926142556,12.187500390008,0.37500001199982,0
182,-1.3946206266626,-0.0040054900156511,12.455357541432,0.12500000399981,0
183,-0.9313789049117,-0.0030247568084187,12.455357541436,0.37500001199981,0
184,-1.3863499542622,-0.0048924774320804,12.723214692861,0.12500000399979,0
185,-0.93414213296701,-0.003685886250053,12.723214692864,0.37500001199979,0
186,-1.376243743217,-0.0059800935333807,12.991071844291,0.12500000399978,0
187,-0.93751687579563,-0.0045062735139767,12.991071844293,0.37500001199978,0
188,-1.3638597579951,-0.0073190198511046,13.25892899572,0.12500000399977,0
189,-0.94164513624614,-0.0055455542068617,13.258928995721,0.37500001199977,0
191,-0.94669994656177,-0.0068885576984642,13.526786147149,0.37500001199976,0
190,-1.3486742570676,-0.0089694434184642,13.526786147149,0.12500000399976,0
193,-0.95291290627601,-0.0085547023056986,13.794643298576,0.37500001199975,0
192,-1.3300719300645,-0.010924634276783,13.794643298576,0.12500000399975,0
195,-0.96067269357666,-0.010469144109514,14.062500450004,0.37500001199974,0
194,-1.3070249695623,-0.01305515352121,14.062500450004,0.12500000399974,0
197,-0.97049394030715,-0.013209843999781,14.330357601431,0.37500001199973,0
196,-1.2777278556929,-0.015625111293876,14.330357601431,0.12500000399973,0
199,-0.98206637470969,-0.018459033250687,14.598214752859,0.37500001199972,0
198,-1.241979570556,-0.01971284774385,14.598214752859,0.12500000399972,0
201,-0.9931194268599,-0.021813822976184,14.866071904286,0.37500001199971,0
200,-1.2064789907805,-0.021313426381369,14.866071904286,0.12500000399971,0
