id,u,v,x,y,z
0,-0.23745671657042,0.1693918603457,-10.231699310924,0.12503062306913,0
1,-0.13541584290693,0.30172782382378,-10.225806030949,0.37503063106913,0
202,-0.057661808250177,0.37650173598145,-10.21400255559,0.62509227972422,0
203,-0.0049761446831731,0.40599559004307,-10.196283149011,0.87509228772422,0
292,0.037894318315133,0.3851173919061,-10.154999052333,1.2602531779641,0
293,0.054964373285143,0.30936553944575,-10.079976265047,1.7789074742176,0
2,-0.51422922521877,0.094527779282649,-10.031347598699,0.12502381883161,0
3,-0.35915807527988,0.1999107822045,-10.025334147122,0.37502382683161,0
204,-0.22413754045045,0.26743509313565,-10.013288378896,0.62507177756331,0
205,-0.12422050527493,0.30484041009458,-9.9952058328142,0.87507178556331,0
294,0.060298409229246,0.23591890830352,-9.9794518258133,2.2932281934203,0
306,-0.02631760722294,0.3190644211275,-9.9542566112903,1.2546267975188,0
307,0.022878246257574,0.28677930640524,-9.8799920299871,1.7620520100979,0
295,0.05700922183012,0.17478537589089,-9.8536706340712,2.8019622127964,0
4,-0.68213442882179,0.05965621930778,-9.8309958864731,0.12501701459409,0
5,-0.49372466272079,0.12781994138794,-9.824862263296,0.37501702259409,0
206,-0.32129779953645,0.17156549697629,-9.8125742022029,0.6250512754024,0
207,-0.19249430874489,0.19416869514007,-9.7941285166173,0.8750512834024,0
308,0.051633139722288,0.25308340109191,-9.7808435929224,2.2652078372527,0
320,-0.071286344777663,0.20165940554807,-9.7535141702472,1.2490004170736,0
296,0.049297077302224,0.1266097295882,-9.7029391278924,3.3038700225135,0
321,-0.013068148640267,0.18030481149416,-9.6800077949269,1.7451965459783,0
309,0.066097396397605,0.21947652301012,-9.6570515634854,2.762874700083,0
6,-0.80228023715484,0.040240644581364,-9.6306441742467,0.12501021035657,0
7,-0.58842473823481,0.082844156769343,-9.6243903794689,0.37501021835657,0
208,-0.38581877181556,0.10804032975549,-9.6118600255086,0.6250307732415,0
209,-0.23330087485777,0.11707762385476,-9.5930512004199,0.8750307812415,0
322,0.020457053354261,0.16329227239541,-9.5822353600316,2.2371874810851,0
334,-0.097980049370512,0.11295256660207,-9.5527717292036,1.2433740366284,0
297,0.040663357341223,0.090872745670953,-9.5276245383106,3.7977287418646,0
310,0.070146741637578,0.1843030482634,-9.5089159419169,3.2538463243502,0
335,-0.037450944453627,0.093587254897687,-9.4800235598663,1.7283410818587,0
323,0.041987116816612,0.15451277059634,-9.4604324928996,2.7237871873695,0
8,-0.87858521178202,0.026520068051051,-9.4302924620217,0.12500340611904,0
9,-0.64742986506786,0.053075300186794,-9.4239184956422,0.37500341411904,0
210,-0.42198468652555,0.066680763251965,-9.4111458488142,0.62501027108059,0
211,-0.25186077347161,0.06789197461392,-9.3919738842222,0.87501027908059,0
336,-0.0062073651432203,0.084042620725251,-9.3836271271404,2.2091671249175,0
348,-0.10972181426841,0.058089755838013,-9.3520292881598,1.2377476561832,0
311,0.067985201772959,0.15124576379479,-9.3367957389973,3.7369326611646,0
298,0.033010591851067,0.065613062558766,-9.3281539941438,4.2823351010836,0
324,0.055791939970863,0.14713748687721,-9.3148927559415,3.2038226261868,0
349,-0.050207754445171,0.039773643549379,-9.2800393248054,1.7114856177391,0
337,0.013391024968426,0.084567025407268,-9.2638134223135,2.6846996746562,0
10,-0.9289120291393,0.017298065167713,-9.2120310172823,0.12500000400028,0
11,-0.68561233593135,0.033810360996559,-9.2057578164058,0.37500001200028,0
212,-0.44226280051595,0.040432831843691,-9.1931863679753,0.62500002000014,0
350,-0.024172061684187,0.03271152238499,-9.185018894249,2.1811467687501,0
213,-0.25872947042811,0.037449680061992,-9.1743166719906,0.87500002800014,0
325,0.062674600185307,0.13594490340515,-9.1459669396839,3.6761365804646,0
312,0.062750837563587,0.12259481195491,-9.1411081053876,4.2109627737988,0
362,-0.11315324944588,0.026863126772975,-9.1351883696699,1.2322813667445,0
338,0.028611347510173,0.089433805822148,-9.1208695699658,3.1537989280236,0
299,0.026965939593769,0.048255539107761,-9.1050134796945,4.7565083765589,0
351,-0.0086320301411342,0.036354343034385,-9.0671943517273,2.645612161943,0
363,-0.054993054261692,0.012745766192154,-9.0646766352212,1.6951422242358,0
12,-0.96585617835884,0.01102543486047,-8.9758598400271,0.12500000400028,0
364,-0.033467159788334,0.0081608336876702,-8.9720113708913,2.1540594848639,0
13,-0.71236573841488,0.020884050222692,-8.9699083417592,0.37500001200028,0
214,-0.45334685257351,0.023227498662331,-8.9579815829918,0.62500002000015,0
339,0.041048841157093,0.093908106573897,-8.9551381403705,3.6153404997649,0
326,0.064836548594009,0.12245244982158,-8.9540622166315,4.139590446514,0
215,-0.25897792752909,0.018090974811933,-8.9400795637247,0.87500002800015,0
352,0.0040723786734218,0.043740692610207,-8.9268463839901,3.1037752298605,0
313,0.056514721775889,0.09890625802818,-8.9223273193881,4.6747876785836,0
376,-0.11281637950755,0.0085489842736066,-8.9022489737336,1.2269751683121,0
300,0.022433304747084,0.036362750873043,-8.8587466533686,5.2190932615846,0
365,-0.021598783525527,0.011466556333071,-8.8574110129615,2.6079585276766,0
377,-0.05645565660627,0.00074897257151622,-8.8339354911132,1.679310901349,0
340,0.049272231740035,0.093675211401356,-8.7670163278753,4.0682181192296,0
353,0.015845575682591,0.051409286186482,-8.7643093410569,3.5545444190653,0
378,-0.037573517215708,-0.00068680396831488,-8.7446045570671,2.1279052732591,0
14,-0.98898196031765,0.0072835442366799,-8.7396886627716,0.12500000400028,0
327,0.064092976641335,0.10813086269916,-8.7396411590816,4.5930669806083,0
15,-0.72779635541807,0.013465379308156,-8.7340588671125,0.37500001200028,0
216,-0.4574115886058,0.013603825809994,-8.7227767980082,0.62500002000016,0
366,-0.011768869865412,0.017530216342318,-8.7211460925704,3.0557766517551,0
217,-0.25572960240215,0.0079129601035045,-8.7058424554586,0.87500002800016,0
314,0.050486423377999,0.07989967547001,-8.6809836395334,5.1272831252205,0
390,-0.11113061960455,0.00015704031709187,-8.669309577797,1.2216689698798,0
379,-0.027829844869964,0.0015698452612206,-8.634463406016,2.5717387718572,0
391,-0.057733590123087,-0.0032345647724701,-8.603194347005,1.6634795784621,0
301,0.01905378418493,0.028029973918815,-8.5899535226396,5.6689626826887,0
354,0.027000849168668,0.058942530551539,-8.5799704391191,3.9968457919453,0
367,-0.0022713951498124,0.024463494279669,-8.5635385936135,3.4964655980089,0
341,0.054277267905172,0.090283841864247,-8.5569549987751,4.5113462826334,0
392,-0.039311962755879,-0.0032899412883471,-8.5171977432427,2.1017510616542,0
380,-0.020185870373313,0.0055818589918492,-8.5037686957067,3.0098031937074,0
16,-1.0046569178978,0.0051261945562135,-8.5035174855165,0.12500000400028,0
328,0.061654798091912,0.093948376696462,-8.5032206256981,5.0354729888564,0
17,-0.73713027745561,0.0093382501750364,-8.4982093924659,0.37500001200028,0
218,-0.45815548443072,0.008391370898262,-8.4875720130247,0.62500002000017,0
219,-0.25114973525633,0.0028935180264232,-8.4716053471927,0.87500002800017,0
404,-0.10999599195955,-0.003043271678165,-8.4363701818607,1.2163627714475,0
315,0.045155823757551,0.064809666487457,-8.41766201865,5.5673523239036,0
393,-0.030558339027704,-0.0017014832998925,-8.4115157990702,2.5355190160377,0
368,0.0071850228769633,0.031608890805457,-8.3849611875258,3.9289940396224,0
355,0.036021195773999,0.063638105566544,-8.3742688384688,4.4296255846586,0
405,-0.058325353771237,-0.0042802951797849,-8.372453202897,1.6476482555752,0
381,-0.012893140659254,0.010618097427195,-8.35282589804,3.4411040365957,0
342,0.056974096305117,0.084745297421512,-8.3254576118631,4.9436628524927,0
302,0.016439747164335,0.021949261796602,-8.2992889804432,6.1050205496292,0
406,-0.040257431091879,-0.0040632832646369,-8.2897909294184,2.0755968500494,0
394,-0.024424138617192,0.00090160718280326,-8.2863912988428,2.9638297356596,0
18,-1.0162066813477,0.0039098388179841,-8.2673463082616,0.12500000400028,0
19,-0.74315359240354,0.0071051707264465,-8.2623599178194,0.37500001200028,0
220,-0.45740800832493,0.0056352911042396,-8.2523672280412,0.62500002000017,0
329,0.058371807963865,0.080613667739343,-8.2453705146604,5.4657419651186,0
221,-0.24631026428816,0.00062267054520659,-8.2373682389268,0.87500002800017,0
418,-0.10928300255023,-0.0039946043025563,-8.2034307859243,1.2110565730151,0
407,-0.032103113979246,-0.0027938001268308,-8.1885681921246,2.4992992602182,0
369,0.016219361748272,0.037887649032273,-8.1858363489161,4.352350030072,0
382,-0.0053663501065438,0.016257741990537,-8.1819885730955,3.8646628622612,0
356,0.042618211121658,0.064928749467001,-8.1476945980281,4.8518527161292,0
395,-0.018762773922334,0.0043880963852697,-8.1421132024664,3.3857424751825,0
419,-0.058651749338474,-0.0044769129548189,-8.141712058789,1.6318169326883,0
316,0.040526080327609,0.052711635890271,-8.1330006845384,5.9939286070618,0
343,0.058029031063304,0.077800395492239,-8.073079010671,5.364131606334,0
408,-0.026811882419211,-0.00082829953492244,-8.0690139019789,2.9178562776118,0
420,-0.040968530663133,-0.0043189950934516,-8.0623841155942,2.0494426384445,0
20,-1.0255151963468,0.0032385929284433,-8.0311751310065,0.12500000400028,0
21,-0.74742380087823,0.0059413887326557,-8.0265104431729,0.37500001200028,0
222,-0.45604100914739,0.0042314175245935,-8.0171624430577,0.62500002000018,0
223,-0.24214089882245,-0.00030717941756309,-8.0031311306611,0.87500002800018,0
383,0.0022961327517252,0.021919868058903,-7.9916575301173,4.2795196188738,0
303,0.014279854437021,0.017293305625037,-7.987461210552,6.52620442359,0
396,-0.012801169137266,0.0086037205407758,-7.9790159586651,3.8003316849,0
432,-0.10841736688945,-0.0041515959546308,-7.9704913899884,1.2057503745828,0
330,0.054725975249622,0.068443807446384,-7.9667123886336,5.8828366644943,0
370,0.02496668680012,0.043394376177301,-7.9666353527963,4.765543405307,0
421,-0.033249425306057,-0.0032099833658072,-7.965620585179,2.4630795043987,0
409,-0.022218357981472,0.0017454631026625,-7.9314005068929,3.3303809137692,0
433,-0.058873087052684,-0.004529860965245,-7.9109709146813,1.6159856098015,0
357,0.047480658183593,0.063861803284704,-7.9007875066818,5.2625212475496,0
422,-0.028508054326318,-0.0015389104854832,-7.8516365051151,2.871882819564,0
434,-0.041588985807582,-0.0044567460620065,-7.8349773017703,2.0232884268397,0
317,0.036403408960698,0.042798423092368,-7.8276895937868,6.405978012999,0
344,0.057873695325484,0.069967995106473,-7.8004240927291,5.7717447219275,0
397,-0.0065729946039205,0.01312110610697,-7.7974787113183,4.2066892076756,0
22,-1.0336501552367,0.0028753426385381,-7.7950039537517,0.12500000400029,0
23,-0.75080489028252,0.0053700506409696,-7.7906609685274,0.37500001200029,0
384,0.010118602328619,0.027324483863738,-7.7822798761679,4.6847349200265,0
224,-0.45444264404695,0.003555109009342,-7.7819576580754,0.62500002000019,0
410,-0.017481558114196,0.0048686886115991,-7.7760433442346,3.7360005075387,0
225,-0.23831893774822,-0.00068515469282552,-7.7688940223957,0.87500002800019,0
435,-0.034231594684342,-0.0034474688637886,-7.7426729782337,2.4268597485792,0
446,-0.10753033038597,-0.0041385214342767,-7.7375519940522,1.2004441761505,0
371,0.032652891969156,0.046880520311366,-7.7278771541886,5.1676081382775,0
423,-0.024572097531188,0.00056428619351418,-7.7206878113193,3.2750193523559,0
447,-0.059032135124418,-0.0045898319037763,-7.6802297705735,1.6001542869146,0
331,0.050919103039806,0.057460910349967,-7.6679179770216,6.285751602408,0
304,0.012349313951315,0.013556994056958,-7.6552299608308,6.9314881076213,0
436,-0.029907693391235,-0.0019442525121159,-7.6342591082516,2.8259093615163,0
358,0.050989895907541,0.06093974099398,-7.6341357968249,5.6606527793608,0
448,-0.042148046813455,-0.0045924773214016,-7.6075704879462,1.9971342152348,0
411,-0.012349953545952,0.0084276800123474,-7.6032998925193,4.1338587964773,0
398,-9.817514464158e-06,0.0176829998773,-7.5979243995394,4.6039264347459,0
424,-0.020656181144149,0.0030185770605009,-7.5730707298042,3.6716693301774,0
24,-1.0411988467366,0.0026801101896582,-7.5588327764973,0.12500000400029,0
25,-0.75375637798134,0.005116145225619,-7.5548114938833,0.37500001200029,0
385,0.018163581906414,0.032067097386893,-7.5543479531914,5.0793922785178,0
226,-0.45276879631165,0.0032364608296129,-7.5467528730945,0.6250000200002,0
227,-0.23466997261243,-0.00086018394501634,-7.5346569141306,0.8750000280002,0
449,-0.035118393480599,-0.003670642985458,-7.5197253712883,2.3906399927598,0
437,-0.026437457442575,-0.00011640812967581,-7.5099751157461,3.2196577909427,0
345,0.056728509258551,0.061599106580751,-7.5081463602569,6.1655251918176,0
460,-0.10661371027334,-0.0041401153090321,-7.5046125981158,1.1951379777181,0
318,0.03254402158241,0.034460227562005,-7.5024687583029,6.8025017937299,0
372,0.039108564069958,0.048069522511519,-7.4701271554245,5.5576046329653,0
461,-0.059132268189497,-0.0046871712760614,-7.4494886264655,1.5843229640277,0
450,-0.031144074969231,-0.0022987910151474,-7.4168817113879,2.7799359034685,0
412,-0.0068649210627187,0.012107033571758,-7.4135689229108,4.5231179494652,0
425,-0.016428465456392,0.0057967620499376,-7.4091210737203,4.061028385279,0
399,0.0070383353139903,0.022009128078917,-7.3808187521943,4.9911764187582,0
462,-0.042645909957246,-0.0047603229605475,-7.380163674122,1.97098000363,0
438,-0.023062432778855,0.0019416346077944,-7.3700981153741,3.6073381528161,0
332,0.04695231502253,0.047555537738524,-7.349707555775,6.6735154798385,0
359,0.053292065871463,0.056503413174627,-7.3483747434924,6.0452987812274,0
26,-1.0484745985017,0.0025728306786513,-7.3226615992431,0.12500000400029,0
27,-0.75650971191123,0.0050277062103803,-7.3189620192395,0.37500001200029,0
228,-0.45105685467182,0.0030817981884899,-7.3115480881139,0.62500002000021,0
386,0.026480953399805,0.035875282939808,-7.3083981685283,5.4626002827411,0
305,0.010509219887397,0.010409597293615,-7.3034046932856,7.3198841452888,0
229,-0.23107124423792,-0.00097211938449604,-7.300419805866,0.87500002800021,0
451,-0.028044744040489,-0.00067140182197263,-7.2992624201726,3.1642962295294,0
463,-0.03592316353089,-0.0039326409234603,-7.2967777643427,2.3544202369403,0
474,-0.10564432082232,-0.0041864656184699,-7.27167320218,1.1898317792858,0
426,-0.011763231661685,0.0087725934473888,-7.2292134462822,4.4423094641845,0
475,-0.059167211729631,-0.0048240868162389,-7.2187474823579,1.5684916411408,0
439,-0.019489169310476,0.0041803230995511,-7.2149422549216,3.9881979740807,0
413,-0.00085811964119875,0.015724089599514,-7.207289551197,4.9029605589985,0
464,-0.032257063534858,-0.0026889670026454,-7.199504314524,2.7339624454208,0
346,0.054663790400407,0.052990457377179,-7.1969463532477,6.5445291659477,0
373,0.044404559945936,0.047203916109344,-7.1939958639111,5.9346219548895,0
452,-0.025073032047595,0.0011115251523496,-7.1671255009438,3.5430069754549,0
319,0.02873642372137,0.027235244339847,-7.1581264522953,7.1825388349077,0
476,-0.043072619577947,-0.0049693789461529,-7.1527568602982,1.9448257920252,0
400,0.01480651252259,0.025814496385627,-7.146669181632,5.3675959325169,0
465,-0.029474256816117,-0.0012385888395274,-7.0885497245991,3.1089346681162,0
28,-1.0556405370366,0.0025092025973583,-7.086490421989,0.12500000400029,0
29,-0.75917672921514,0.0050249569420355,-7.0831125445958,0.37500001200029,0
230,-0.44929923589022,0.002997694858304,-7.0763433031332,0.62500002000021,0
477,-0.036638004641551,-0.0042483121098181,-7.0738301573975,2.3182004811208,0
231,-0.22744856390127,-0.0010715143358937,-7.0661826976013,0.87500002800021,0
387,0.034009172576714,0.037586733112792,-7.0450097215131,5.833494712804,0
440,-0.015528465951182,0.0065584846922326,-7.0448579696539,4.3615009789039,0
360,0.054317129514452,0.050839769625424,-7.0441851507206,6.4155428520573,0
488,-0.10460778091564,-0.0042700524563512,-7.038733806244,1.1845255808535,0
427,-0.0066167057824735,0.011720924218332,-7.0337603501998,4.8147446992388,0
453,-0.021954118228862,0.0029891525077394,-7.0207634361227,3.9153675628825,0
333,0.042716673867672,0.038551527539927,-7.012848211305,7.0451935245266,0
489,-0.059127180890942,-0.0049960017753898,-6.9880063382502,1.552660318254,0
414,0.0059447340884774,0.019058753820244,-6.9849401947357,5.2725915822926,0
478,-0.033249455405329,-0.0031404536691723,-6.9821269176606,2.687988987373,0
1421,0.008915190167229,0.0081627767715244,-6.9794883408749,7.6476839016976,0
466,-0.026833659447893,0.00031790415438932,-6.9641528865134,3.4786757980936,0
490,-0.043413610902207,-0.0052200336308474,-6.9253500464743,1.9186715804203,0
374,0.048364890776248,0.044504949625513,-6.9001374423043,6.2977799943553,0
401,0.023509610300886,0.02893074918347,-6.8960235791152,5.7323674707185,0
479,-0.03074619262916,-0.0018632094777718,-6.877837029026,3.053573106703,0
347,0.051661120169773,0.044392312426346,-6.8675699703153,6.9078482141462,0
454,-0.018536251812486,0.0049115697386722,-6.8605024930254,4.2806924936233,0
441,-0.011053857910381,0.0089593657588947,-6.8602311492028,4.7265288394791,0
491,-0.037247374636417,-0.0046186408906255,-6.8508825504522,2.2819807253014,0
30,-1.0627803097869,0.0024653155196893,-6.850319244734,0.12500000400029,0
31,-0.76181005911642,0.0050678320964177,-6.8472630699506,0.37500001200029,0
232,-0.4474777258882,0.0029414578104855,-6.8411385181511,0.62500002000022,0
1420,0.025434413565686,0.021996933749052,-6.840897528343,7.5035407741967,0
233,-0.22376274182884,-0.0011742845716894,-6.8319455893357,0.87500002800022,0
467,-0.02406741610905,0.0019174892335214,-6.8265846173238,3.8425371516842,0
428,-0.00072654806723608,0.014477262105688,-6.8232112078393,5.1775872320683,0
502,-0.10349211923946,-0.0043795960853076,-6.8057944103074,1.1792193824212,0
388,0.040358104938016,0.037245840165521,-6.7648032279992,6.1912405928423,0
492,-0.034109947368165,-0.0036564418756536,-6.7647495207971,2.6420155293253,0
480,-0.028392529423472,-0.00051541912573,-6.7611802720834,3.4143446207324,0
503,-0.059000105568539,-0.005197525552522,-6.757265194142,1.5368289953672,0
415,0.013986544242408,0.02188894722246,-6.7470374367171,5.6312402286329,0
361,0.053907196330605,0.044318247144561,-6.722291729326,6.7705029037661,0
1419,0.038924554104935,0.031801593077299,-6.702306715811,7.3593976466959,0
504,-0.043652698501732,-0.0055092784593697,-6.6979432326499,1.8925173688156,0
1416,0.0076350681245644,0.0065256212196253,-6.6880053919516,7.918114788584,0
455,-0.014663162548697,0.0068226391946203,-6.6867019482056,4.6383129797194,0
468,-0.021042464279617,0.0035070173185972,-6.6761470163969,4.1998840083426,0
493,-0.031856929033477,-0.0025544953322693,-6.6671243334527,2.9982115452898,0
442,-0.0059108241011434,0.011188009522909,-6.6614822209432,5.0825828818441,0
481,-0.025923946724474,0.00084265623343314,-6.6324057985252,3.769706740486,0
402,0.03151780622173,0.030117651984741,-6.6294690136941,6.0847011913293,0
505,-0.037733835216837,-0.0050392037239647,-6.6279349435065,2.245760969482,0
32,-1.0699367436659,0.0024283304468866,-6.614148067478,0.12500000400029,0
33,-0.76443441859087,0.005137010304678,-6.6114135953035,0.37500001200029,0
234,-0.44557480924591,0.0028941821278145,-6.6059337331672,0.62500002000023,0
429,0.0063534634098971,0.016790421918032,-6.5980512943191,5.5301129865473,0
235,-0.21999364047192,-0.0012842759884355,-6.597708481069,0.87500002800023,0
375,0.0506962766528,0.04042571952208,-6.5892481545993,6.6462315572485,0
516,-0.10228563895551,-0.0045070452155073,-6.5728550143703,1.1739131839889,0
1418,0.048567089568332,0.037462118282848,-6.5637159032797,7.2152545191958,0
494,-0.029758257352357,-0.0014089667776081,-6.5582076576533,3.3500134433712,0
1415,0.022455664765727,0.017805982460112,-6.5551801227052,7.7686410778629,0
506,-0.034823003920214,-0.004231373381653,-6.5473721239333,2.5960420712777,0
517,-0.058772789326982,-0.0054239147494428,-6.5265240500333,1.5209976724804,0
469,-0.017635801626594,0.0050304029907345,-6.5131727472084,4.5500971199597,0
456,-0.01011861689467,0.0086101522586298,-6.4997532340469,4.9875785316198,0
416,0.02285073404307,0.023832805788288,-6.4941347993889,5.9781617898162,0
482,-0.023215731397896,0.0021605922059093,-6.4917915397686,4.1190755230621,0
518,-0.043773701165113,-0.0058326786596428,-6.4705364188251,1.8663631572109,0
389,0.04510769614068,0.03531775144243,-6.4684392461356,6.5350341745937,0
507,-0.032794635586329,-0.0033073622457646,-6.4564116378792,2.9428499838768,0
443,0.00029737678594007,0.013006937753034,-6.4490651519211,5.4289857444618,0
495,-0.027551972524458,-0.00027556811537234,-6.4382269797265,3.6968763292878,0
1417,0.052642682794082,0.038360690459117,-6.4251250907488,7.071111391696,0
1414,0.035209863115218,0.026061173881355,-6.4223548534587,7.6191673671417,0
519,-0.038080370573849,-0.0055032697982388,-6.4049873365604,2.2095412136627,0
1411,0.0064455413823253,0.0051058229126287,-6.3866022241616,8.1774433505499,0
34,-1.0771320375182,0.0023911591993175,-6.3779768902215,0.12500000400029,0
35,-0.76706184612295,0.0052236596378444,-6.3755641206555,0.37500001200029,0
236,-0.44357589944893,0.0028475096901434,-6.3707289481823,0.62500002000024,0
237,-0.21613049114512,-0.0014017033196933,-6.3634713728018,0.87500002800024,0
430,0.01496702764438,0.018624141552797,-6.3588005850836,5.871622388303,0
508,-0.030924652843098,-0.0023603496773276,-6.355235043223,3.2856822660101,0
403,0.038218187096684,0.029803035320597,-6.347630337672,6.423836791939,0
530,-0.10097695092848,-0.0046474439924566,-6.3399156184327,1.1686069855565,0
483,-0.020161437466741,0.0033847552268724,-6.3396435462115,4.4618812602001,0
470,-0.013665651219765,0.0064020895969992,-6.3380242471506,4.8925741813955,0
520,-0.035372879722248,-0.0048560879260521,-6.3299947270691,2.5500686132302,0
496,-0.025118407578202,0.00080097663342734,-6.3074360631404,4.0382670377816,0
457,-0.0046200824317876,0.010017068646988,-6.3000790095232,5.3278585023762,0
941,0.051502263512479,0.035761002056242,-6.2997879483577,6.9392311587672,0
531,-0.058431952783217,-0.0056711002056465,-6.2957829059242,1.5051663495935,0
1413,0.045114204162921,0.031146760420555,-6.2895295842129,7.4696936564213,0
1410,0.019558153105374,0.014150198954053,-6.2597468974083,8.0228689539895,0
521,-0.033545912161853,-0.0041108888415705,-6.2456989423054,2.8874884224638,0
509,-0.02895364560639,-0.0014412428854588,-6.2440481609277,3.6240459180898,0
532,-0.043761329681288,-0.0061851323681976,-6.2431296049998,1.8402089456061,0
417,0.030946728514966,0.024521155528944,-6.2268214292082,6.312639409284,0
444,0.0080108160398735,0.014300873298143,-6.2234663707785,5.7650829867899,0
940,0.047587817728171,0.031789108310986,-6.187704476107,6.8196138204096,0
533,-0.038271379294139,-0.0060030264867793,-6.182039729614,2.1733214578433,0
484,-0.016614023193983,0.0044375166202708,-6.1762952602545,4.7975698311713,0
497,-0.022360607786314,0.0017736870700985,-6.1661143452145,4.3736654004405,0
1412,0.050506453530455,0.032455965101013,-6.1567043149674,7.3202199457013,0
522,-0.031881469596948,-0.0033577893285135,-6.1522624287924,3.2213510886492,0
471,-0.0087581078567736,0.0074733019988764,-6.1510928671251,5.2267312602906,0
36,-1.0843779827713,0.0023495856420449,-6.1418057129651,0.12500000400029,0
37,-0.76969877661013,0.0053241306088275,-6.1397146460076,0.37500001200029,0
238,-0.44146872359748,0.0027975544629209,-6.1355241631974,0.62500002000025,0
1409,0.031398862628431,0.020973006356298,-6.132891570655,7.8682945574291,0
239,-0.21216712303663,-0.00152597976992,-6.1292342645346,0.87500002800025,0
510,-0.026766005697439,-0.00058844446750421,-6.123080586512,3.9574585525012,0
534,-0.035745251106655,-0.0055199074745109,-6.1126173302045,2.5040951551826,0
544,-0.099555059731142,-0.004797726104013,-6.1069762224951,1.1633007871242,0
431,0.023878341185716,0.019782857609465,-6.1060125207444,6.2014420266291,0
458,0.0022778919045871,0.010935604181525,-6.0881321564733,5.6585435852768,0
1406,0.0052989414269478,0.0038958313048628,-6.0757014492101,8.4253059709098,0
939,0.041877366154903,0.0271506259559,-6.0756210038563,6.699996482052,0
545,-0.057964837569981,-0.0059354470884438,-6.065041761815,1.4893350267067,0
523,-0.03012269906718,-0.0026432125625333,-6.0498693421287,3.551215506892,0
961,0.051096814073292,0.030717622859745,-6.035613829913,7.1795133396024,0
535,-0.034098544433348,-0.0049518604951851,-6.0349862467313,2.8321268610507,0
546,-0.043601655727265,-0.0065611762620226,-6.0157227911746,1.8140547340013,0
498,-0.019151287972133,0.0025759712149395,-6.0145662733584,4.7025654809472,0
1408,0.041215428171087,0.025383185091596,-6.0060362439023,7.7137201608694,0
485,-0.012312069523945,0.0051856739117969,-6.0021067247273,5.1256040182051,0
511,-0.024272401962342,0.00015952912904061,-5.9925851442176,4.2854495406812,0
445,0.017295656261385,0.015659255513811,-5.9852036122806,6.0902446439742,0
938,0.035297995994852,0.022472320097913,-5.9635375316054,6.5803791436943,0
547,-0.038293119444189,-0.0065301268670156,-5.9590921226674,2.137101702024,0
1405,0.01668426155249,0.010991273724423,-5.9550113233795,8.2658686007713,0
472,-0.0025978404373494,0.0081038993875403,-5.952797942168,5.5520041837637,0
536,-0.032619030895032,-0.0043859074154417,-5.9492898143615,3.1570199112882,0
524,-0.028157689340022,-0.0019998052611647,-5.9387251098836,3.8766500672211,0
960,0.048693194441376,0.027540193738142,-5.92625812905,7.0475738381251,0
38,-1.0916810421956,0.0023007151397915,-5.9056345357089,0.12500000400029,0
39,-0.77234925962679,0.0054373152427855,-5.9038651713598,0.37500001200029,0
240,-0.4392422460746,0.0027422221462025,-5.9003193782127,0.62500002000026,0
548,-0.035927874443622,-0.0062116021324066,-5.8952399333399,2.458121697135,0
241,-0.20809983250702,-0.0016565691904918,-5.8949971562674,0.87500002800026,0
1407,0.047472919161558,0.026820887165497,-5.8791809171499,7.5591457643102,0
558,-0.098009067731155,-0.0049559010105552,-5.8740368265576,1.1579945886919,0
459,0.011340458912167,0.012130811785014,-5.8643947038169,5.9790472613193,0
537,-0.031052125340291,-0.0038644184069137,-5.8556905233294,3.4783850956939,0
499,-0.015296316441834,0.0030906416534744,-5.8531205823295,5.0244767761197,0
512,-0.021360787031563,0.00074923238873136,-5.8528372864624,4.6075611307233,0
937,0.028533921940838,0.018107373801735,-5.8514540593544,6.4607618053365,0
1404,0.027472989662468,0.016502090996768,-5.8343211975488,8.1064312306328,0
559,-0.057359167884575,-0.0062136478766987,-5.8343006177059,1.4735037038199,0
549,-0.034442592280404,-0.0058164568462032,-5.8242735511571,2.7767652996377,0
525,-0.025904501988472,-0.0014582577044875,-5.8190559432206,4.197233680922,0
486,-0.0068297751517275,0.0055846619556642,-5.817463727863,5.4454647822507,0
959,0.044140604051475,0.023519171262031,-5.8169024281871,6.9156343366478,0
560,-0.043282099327968,-0.0069551992537477,-5.7883159773493,1.7879005223966,0
981,0.049505993577322,0.025675402048639,-5.7626642995968,7.4099794283995,0
1401,0.0042460410306274,0.0029040992272586,-5.7557389964063,8.6613551096211,0
538,-0.029289202698582,-0.0034151892532316,-5.7543696332548,3.7958415819408,0
550,-0.03313012974058,-0.0054285141046674,-5.7463171999306,3.0926887339271,0
473,0.0059458575188524,0.0089999525705668,-5.7435857953531,5.8678498786644,0
936,0.022013208498051,0.014194218832923,-5.7393705871036,6.3411444669788,0
561,-0.038133756767447,-0.0070760300385234,-5.736144515721,2.1008819462046,0
1403,0.036927128693533,0.020195872314373,-5.7136310717188,7.9469938604952,0
958,0.03829667512765,0.019241128119487,-5.707546727324,6.7836948351702,0
513,-0.017878943635567,0.0010842388320693,-5.7041344399318,4.9233495340346,0
526,-0.023266047281703,-0.0010602859235954,-5.6911082995665,4.5125567804997,0
500,-0.010474704194727,0.0032907764611114,-5.682129513558,5.3389253807377,0
562,-0.035910742161568,-0.0069199497804463,-5.6778625364754,2.4121482390874,0
40,-1.0990452302213,0.0022421288053784,-5.6694633584524,0.12500000400029,0
41,-0.77501669087136,0.0055633882396783,-5.6680156967118,0.37500001200029,0
242,-0.43688594840247,0.0026801815664754,-5.6651145932276,0.62500002000026,0
551,-0.0317375088363,-0.0050864014352298,-5.66151170453,3.4055546844959,0
243,-0.20392674267461,-0.0017931433117799,-5.6607600480001,0.87500002800026,0
980,0.048552667215292,0.023103083593161,-5.6564863912432,7.2662211531376,0
539,-0.027255534880193,-0.0030626646466065,-5.6455267422234,4.1090178211627,0
1400,0.01392234697125,0.0083436231289369,-5.6413998910069,8.4972999306525,0
572,-0.096327733837254,-0.0051207131317778,-5.6410974306199,1.1526883902596,0
935,0.015958967417846,0.010730897179063,-5.6272871148528,6.2215271286211,0
487,0.0011359126178514,0.0062421724582169,-5.6227768868894,5.7566524960096,0
563,-0.034570683687988,-0.0066912047974078,-5.6135608555829,2.7214037382247,0
573,-0.056602771799934,-0.0065028667331944,-5.6035594735967,1.4576723809331,0
957,0.03187313318666,0.015080956331873,-5.5981910264609,6.6517553336926,0
1402,0.043668392547261,0.021574834032584,-5.5929409458891,7.7875564903579,0
552,-0.030158660239633,-0.004813850656566,-5.5700141566261,3.7150330966604,0
574,-0.042791203517931,-0.0073618146590714,-5.560909163524,1.7617463107918,0
527,-0.020120421344172,-0.00088212774063453,-5.5551482975343,4.8222222919497,0
979,0.045266768764708,0.019588181185046,-5.5503084828897,7.1224628778758,0
514,-0.013566692062053,0.0011461616936854,-5.5467952992532,5.2323859792251,0
564,-0.033410599667557,-0.0064701835522817,-5.5433445854998,3.0283575565661,0
540,-0.024868550436808,-0.0028395848221246,-5.5293793126702,4.4175524302759,0
1399,0.023555579966384,0.012684668086454,-5.5270607856075,8.3332447516837,0
934,0.010458707286092,0.0076464990242401,-5.5152036426019,6.1019097902634,0
575,-0.037783283075241,-0.0076323972699696,-5.5131969087744,2.0646621903853,0
501,-0.0032268583551537,0.00374399502634,-5.5019679784258,5.6454551133549,0
956,0.025381386577507,0.011224876495355,-5.4888353255978,6.5198158322151,0
1001,0.046859144070576,0.020817292378747,-5.4813112986577,7.6303091866767,0
553,-0.028325417133259,-0.0046305701944608,-5.471997541226,4.0208019614034,0
565,-0.032178179671104,-0.0062918638894001,-5.4673328857308,3.332724273298,0
576,-0.035686044315973,-0.007634178334949,-5.4604851396107,2.3661747810398,0
978,0.040383031189785,0.015660424444783,-5.4441305745361,6.9787046026138,0
42,-1.1064743549103,0.0021717100889459,-5.4332921811962,0.12500000400029,0
43,-0.77770502499418,0.0057035523004258,-5.4321662220642,0.37500001200029,0
244,-0.43438947246721,0.0026107964382628,-5.4299098082431,0.62500002000027,0
1396,0.003330665179052,0.002120626642252,-5.4271635005669,8.8852597911932,0
245,-0.19964834079184,-0.001935323916219,-5.4265229397331,0.87500002800027,0
1398,0.032425856153943,0.015669170507052,-5.4127216802087,8.1691895727158,0
528,-0.016241073101795,-0.00093336118687958,-5.4114610849487,5.1258465777127,0
586,-0.094500468320272,-0.0052913293226777,-5.4081580346825,1.1473821918273,0
541,-0.022029176233231,-0.0028052459779914,-5.4061621551365,4.7210950498646,0
933,0.0055927912517556,0.0049108428562541,-5.4031201703511,5.9822924519058,0
577,-0.034477931729026,-0.0075635854166033,-5.4028481600087,2.6660421768116,0
566,-0.03076883077718,-0.0061763911848443,-5.3856586799974,3.6342246113802,0
515,-0.0071573255933613,0.0013754538878863,-5.3811590699626,5.5342577307005,0
955,0.01913909416406,0.0077236347297565,-5.3794796247348,6.3878763307376,0
1000,0.047225460649761,0.018695013910199,-5.378742130025,7.4752519494519,0
587,-0.055685530024849,-0.0068007204023605,-5.3728183294878,1.4418410580462,0
554,-0.02616848645452,-0.0045626873027665,-5.3676503257739,4.322548080052,0
578,-0.03345918047446,-0.0074971929211737,-5.3403719710688,2.9640263792051,0
977,0.034578850437992,0.011698061251373,-5.3379526661823,6.8349463273517,0
588,-0.042120481517012,-0.0077761484328495,-5.3335023496989,1.7355920991871,0
1395,0.011380648363378,0.0061949927909058,-5.3193515125788,8.7168390468175,0
567,-0.029119725925522,-0.0061398390836648,-5.2984683402289,3.9325861016441,0
1397,0.039315989801225,0.016867272524587,-5.2983825748102,8.0051343937484,0
932,0.0012226113977968,0.0023785824708826,-5.2910366981004,5.8626751135483,0
589,-0.037234628547587,-0.0081914253540193,-5.2902493018281,2.0284424345659,0
999,0.045203425615737,0.015592528855135,-5.2761729613924,7.3201947122272,0
542,-0.01853475475748,-0.0029580513663197,-5.2761268706438,5.0193071762002,0
579,-0.032377117406015,-0.0074661929110084,-5.2731540669314,3.2598938621001,0
954,0.013312135288474,0.0045518253034751,-5.2701239238717,6.2559368292601,0
529,-0.01058647396226,-0.00089334091655315,-5.2603501614996,5.4230603480465,0
555,-0.023606650508352,-0.0046556399285848,-5.2571760127387,4.6199678077795,0
590,-0.035248529753827,-0.0083442749871222,-5.2431077427463,2.3202013229922,0
976,0.02839312518036,0.0079225254662239,-5.2317747578287,6.6911880520897,0
1394,0.019799946041652,0.0095263908711586,-5.2115395245906,8.5484183024418,0
568,-0.027173086367965,-0.0062034972060738,-5.2059213388778,4.2275437298283,0
580,-0.031127304292786,-0.0074872522380778,-5.2013032033686,3.5534161260999,0
44,-1.1139725109803,0.0020884480157971,-5.1971210039401,0.12500000400029,0
45,-0.78041881675743,0.0058607646188564,-5.1963167474172,0.37500001200029,0
246,-0.43174162057652,0.0025345488643116,-5.1947050232594,0.62500002000028,0
247,-0.19526757149179,-0.0020828000568734,-5.1922858314667,0.87500002800028,0
591,-0.034161701211714,-0.0084223835915016,-5.1921354644347,2.6106806153986,0
1021,0.043363728164463,0.01633555955626,-5.1919384449064,7.8401964606777,0
931,-0.0027904113813373,-7.1609910821449e-05,-5.1789532258501,5.7430577751911,0
600,-0.092521266235584,-0.0054673260890225,-5.1752186387456,1.142075993395,0
998,0.041384565842184,0.011974412991369,-5.1736037927595,7.1651374750022,0
953,0.0079807414819742,0.00165187363344,-5.1607682230087,6.1239973277827,0
601,-0.054608024119629,-0.0071039847367803,-5.1420771853793,1.4260097351594,0
556,-0.02045921523861,-0.0048954983772927,-5.140792656339,4.9127677746876,0
543,-0.013549065810822,-0.0030602313838097,-5.1395412530364,5.3118629653922,0
592,-0.033276811306631,-0.008498009770062,-5.1373993566381,2.8996952018441,0
975,0.022205296722601,0.0044295091747771,-5.1255968494751,6.5474297768277,0
581,-0.029650444688857,-0.007573395876234,-5.1249391392316,3.8443702418849,0
569,-0.024863057951727,-0.0064020309608196,-5.108189870341,4.5188405656945,0
602,-0.041271913874254,-0.0081921658473977,-5.1060955358743,1.7094378875823,0
1393,0.027914906584481,0.011852412488781,-5.103727536603,8.3799975580668,0
1020,0.044850350840241,0.014531744256733,-5.0933892904978,7.6743757735041,0
1391,0.0025653594138289,0.0015197523057162,-5.0904356730356,9.0967060687483,0
593,-0.032339842495189,-0.008598233562757,-5.0789752481323,3.1870634509021,0
997,0.036376993941739,0.0082053574260254,-5.0710346241267,7.0100802377771,0
603,-0.036487542118715,-0.008744587028706,-5.0673016948822,1.9922226787466,0
930,-0.0064841961917451,-0.0024131556605656,-5.0668697536001,5.6234404368344,0
952,0.003128547012541,-0.0010641908130178,-5.0514125221458,5.9920578263054,0
582,-0.027897842941325,-0.007742382901843,-5.0441923519816,4.1325393796045,0
604,-0.034596528329126,-0.00904029877862,-5.0257303458822,2.2742278649446,0
974,0.016253092509766,0.0012341756536015,-5.0194189411214,6.4036715015656,0
557,-0.0160581802968,-0.0050903659361334,-5.0187323445732,5.2006655827379,0
594,-0.031245107446262,-0.0087360040354268,-5.0169477267399,3.4726076408197,0
570,-0.022034001551657,-0.0067114367281385,-5.0054584420343,4.8062283731751,0
1392,0.034669483282302,0.01281001727854,-4.9959155486157,8.2115768136924,0
1019,0.043992086357155,0.011756822193895,-4.9948401360892,7.5085550863306,0
1390,0.009129800903311,0.0045034082565028,-4.9893169085801,8.9241786961104,0
605,-0.033620833454678,-0.0092574364999706,-4.981422768861,2.5553190539856,0
996,0.030709765114328,0.0045266759752483,-4.9684654554939,6.8550230005521,0
46,-1.121538774227,0.0019924263450144,-4.9609498266841,0.12500000400029,0
47,-0.78316038478321,0.0060394346304397,-4.9604672727703,0.37500001200029,0
248,-0.42892820757104,0.0024521766055381,-4.9595002382757,0.62500002000029,0
583,-0.025817495838156,-0.0080215966647983,-4.9592037279432,4.4177133236095,0
249,-0.19078658654458,-0.0022384428787374,-4.9580487232003,0.87500002800029,0
929,-0.0098216157897677,-0.0046047592872558,-4.9547862813499,5.5038230984773,0
595,-0.029934553076007,-0.0089212865952167,-4.9514099382344,3.7561543821256,0
614,-0.090388097704383,-0.0056534599906219,-4.9422792428087,1.1367697949626,0
951,-0.0012603415358617,-0.0036244426108396,-4.9420568212833,5.8601183248285,0
606,-0.032864625195044,-0.0094632975413295,-4.9344267422076,2.8353640244831,0
973,0.010670698995291,-0.0016890022289921,-4.9132410327678,6.2599132263037,0
615,-0.053386768728819,-0.0074071572500758,-4.9113360412707,1.4101784122726,0
571,-0.018153196769687,-0.006963089088625,-4.8979234361101,5.0894682000838,0
1018,0.04123702430275,0.0084094610877103,-4.8962909816804,7.3427343991568,0
1041,0.039276472553601,0.01238844827835,-4.8949404996951,8.0393496069871,0
1389,0.016332288377221,0.006992796883154,-4.8881981441245,8.7516513234724,0
607,-0.032071389543296,-0.0096804705808517,-4.8847964293333,3.1142330397042,0
596,-0.028365209415377,-0.0091689711566883,-4.8824633650854,4.0375350293807,0
616,-0.040261885416996,-0.0085963214797004,-4.8786887220496,1.6832836759776,0
584,-0.023283223524474,-0.0083822036705033,-4.8701242277295,4.6996889716626,0
995,0.02479337470408,0.0010698774083466,-4.8658962868611,6.6999657633271,0
617,-0.035549146344974,-0.0092769229310062,-4.8443540879362,1.9560029229272,0
928,-0.012688139732441,-0.0065745541478067,-4.8427028090996,5.3842057601203,0
950,-0.0051968954988379,-0.0059752086410381,-4.8327011204211,5.728178823352,0
608,-0.031132814834615,-0.0099177827403776,-4.8325922501115,3.3917991555394,0
597,-0.026496529588681,-0.0095027829420425,-4.8102175855455,4.3165860815245,0
618,-0.033730538022274,-0.0097088568563518,-4.8083529490181,2.2282544068971,0
972,0.005515941652682,-0.0043748759922682,-4.8070631244143,6.1161549510419,0
1040,0.041650819836248,0.010802143244024,-4.8008023898418,7.8633159379515,0
1017,0.037106137907353,0.0048290797008171,-4.7977418272715,7.1769137119829,0
1388,0.023577968436235,0.0087407087556415,-4.7870793796695,8.5791239508353,0
609,-0.029989687296567,-0.010181548339229,-4.7778807372374,3.6679385223663,0
585,-0.019872215371881,-0.0086669404134997,-4.777114527647,4.9782708174296,0
619,-0.032853081186565,-0.01005763706141,-4.7707100732872,2.4999574925726,0
994,0.018917783218892,-0.0021112669736608,-4.7633271182283,6.5449085261021,0
1386,0.0019453133066688,0.0010708753471863,-4.7460276565135,9.2953974636025,0
598,-0.024234536612162,-0.009896652732472,-4.7347900134248,4.5931495701501,0
620,-0.032220205165648,-0.010384608874966,-4.7314541277771,2.7710328471221,0
927,-0.015122334764467,-0.0083383223363743,-4.7306193368496,5.2645884217634,0
48,-1.1291622263978,0.0018792668532183,-4.724778649428,0.12500000400029,0
49,-0.78592830663075,0.0062410912897618,-4.7246177981235,0.37500001200029,0
250,-0.42593193942137,0.0023635100478816,-4.7242954532919,0.6250000200003,0
251,-0.18620652232526,-0.0024113055671865,-4.7238116149335,0.8750000280003,0
949,-0.0086794642614776,-0.0080792543072198,-4.7233454195586,5.5962393218752,0
610,-0.028600616524243,-0.010483262524288,-4.7207343781894,3.9425306791569,0
628,-0.088073900759495,-0.0058740818827742,-4.7093398468712,1.1314635965303,0
1039,0.041800827338128,0.008285933673468,-4.7066642799885,7.687282268916,0
971,0.00083191831849892,-0.0068218374273592,-4.7008852160612,5.9723966757806,0
1016,0.032093378998594,0.0012632849276636,-4.6991926728628,7.0110930248091,0
621,-0.031571027356107,-0.01070793679694,-4.6906176105344,3.0414026285062,0
1387,0.029972555797386,0.0094464956817746,-4.6859606152147,8.4065965781987,0
629,-0.051999864955131,-0.007710162763991,-4.6805948971617,1.3943470893858,0
611,-0.026931876147336,-0.010845342998393,-4.6612314431479,4.2154588394394,0
993,0.013272534278316,-0.0050070105862658,-4.6607579495955,6.3898512888772,0
599,-0.021250940491136,-0.010199332474797,-4.6563056191838,4.8670734347753,0
1385,0.0072039467432947,0.0032105345810441,-4.6517579767035,9.119028699154,0
630,-0.039074492545586,-0.0089639161663843,-4.6512819082244,1.6571294643728,0
622,-0.030793439655745,-0.011032353339131,-4.6482367734831,3.3109906702591,0
631,-0.03440634183125,-0.0097622501243572,-4.6214064809898,1.9197831671079,0
926,-0.017158819073453,-0.0099083399867472,-4.6185358645994,5.1449710834065,0
948,-0.01168737535879,-0.0099253860585719,-4.6139897186962,5.4642998203985,0
1038,0.040039845740375,0.0051766151680847,-4.612526170135,7.5112485998801,0
623,-0.029825418031591,-0.011359831478667,-4.6043515362404,3.579722662607,0
1015,0.026614407546591,-0.0021314973269515,-4.600643518454,6.8452723376353,0
612,-0.024919165467419,-0.011253785984437,-4.5994557991201,4.4866101686376,0
970,-0.0033433170553221,-0.0090163836719708,-4.5947073077084,5.8286384005197,0
632,-0.032641160970392,-0.010329587570055,-4.5909755521536,2.1822809488494,0
1061,0.0348624649635,0.0090618872974368,-4.5907228216918,8.227491896103,0
633,-0.031852230020569,-0.010807708102381,-4.5599973777131,2.4445959311595,0
624,-0.028623472430374,-0.011696424621876,-4.5590053912934,3.8475263289331,0
992,0.0079729389067632,-0.0076217226064678,-4.5581887809629,6.2347940516524,0
1384,0.013241924485792,0.0050230221170502,-4.5574882968935,8.9426599347055,0
613,-0.022319317116726,-0.011564169120311,-4.5354967107207,4.7558760521211,0
634,-0.031339018592162,-0.011250588396395,-4.5284815133462,2.7067016697611,0
1037,0.036794891418894,0.0017819707348867,-4.5183880602816,7.3352149308442,0
625,-0.02715431858326,-0.012061266084898,-4.5122453007503,4.1143315973544,0
925,-0.018831629956037,-0.011294520873333,-4.5064523923492,5.0253537450495,0
947,-0.014235369625291,-0.011536798684159,-4.5046340178338,5.3323603189219,0
1014,0.020990502266961,-0.0052699515605531,-4.5020943640453,6.6794516504615,0
1060,0.037884795274232,0.0076239983368961,-4.5013659991011,8.0418099045486,0
635,-0.030834682583584,-0.011673580119217,-4.4964387917351,2.9685722173082,0
50,-1.1368469519583,0.0017283287412129,-4.4915257342802,0.12500000400029,0
51,-0.78872848976585,0.0064554748859565,-4.4915257342802,0.37500001200029,0
252,-0.42273442880779,0.0022680220687013,-4.4915257342802,0.62500002000028,0
253,-0.18156181252192,-0.0025816190935772,-4.4915257342802,0.87500002800028,0
969,-0.0070072460681375,-0.010943949386218,-4.4885293993553,5.6848801252584,0
642,-0.085334932087885,-0.0061309714646349,-4.47804839518,1.1288104973142,0
626,-0.025374542225029,-0.012460475239721,-4.4641215848154,4.3800707671251,0
636,-0.030223414617311,-0.012078975419126,-4.4638812968543,3.2301821849788,0
1383,0.019564910952374,0.006289034809144,-4.4632186170839,8.7662911702578,0
991,0.0030959096921536,-0.0099411378956189,-4.4556196123306,6.0797368144282,0
643,-0.050003030084248,-0.0080180960549272,-4.4510937169795,1.3864314279423,0
637,-0.029441140557786,-0.012465215252092,-4.4308223352431,3.4915068028477,0
1036,0.032508812435501,-0.0016546725562403,-4.4242499504281,7.1591812618083,0
644,-0.03737076024157,-0.0092854233610553,-4.4241390387791,1.6440523585704,0
627,-0.023103216118868,-0.012764111962339,-4.4146878022575,4.6446786694669,0
1059,0.038860450991325,0.0053171646604016,-4.4120091765104,7.8561279129942,0
1013,0.015454863316623,-0.0081130894354269,-4.4035452096366,6.5136309632878,0
638,-0.028442208204864,-0.012831523048348,-4.3972764043972,3.7525219787093,0
645,-0.032866997505992,-0.010193027112939,-4.3971843605787,1.9016732891982,0
946,-0.01635085657369,-0.012933788330142,-4.3952783169715,5.2004208174452,0
1381,0.00145740136652,0.00074386222315523,-4.3944223623592,9.4810553815165,0
924,-0.020186659260259,-0.012504720743163,-4.3943689200991,4.9057364066925,0
968,-0.010160101372365,-0.012609854173086,-4.3823514910023,5.5411218499972,0
646,-0.031235403723185,-0.010900983514769,-4.3702296823784,2.1592942198256,0
1382,0.025438356116743,0.0067637648339684,-4.3689489372746,8.5899224058106,0
639,-0.027189753141198,-0.013186114536352,-4.3632591583525,4.0132043552693,0
990,-0.0012716904397129,-0.011979596703741,-4.3530504436986,5.9246795772044,0
647,-0.030575988394207,-0.011512494924805,-4.343275004178,2.416915150453,0
1035,0.027582829899861,-0.0049628541198261,-4.3301118405747,6.9831475927724,0
640,-0.025651306970814,-0.01355151379878,-4.3287873705105,4.2735313656125,0
1058,0.037980486725151,0.002422184187847,-4.3226523539196,7.6704459214396,0
648,-0.030196886254552,-0.012073968999742,-4.3163203259776,2.6745360810806,0
1380,0.0056087684374963,0.0022513880599357,-4.3071471450046,9.3011163567482,0
1012,0.010167668434198,-0.01064517410917,-4.304996055228,6.3478102761142,0
641,-0.023715860512363,-0.013900533861128,-4.2938788937943,4.5334812868126,0
649,-0.029835084033155,-0.012601385411053,-4.2893656477771,2.9321570117092,0
945,-0.018068536402395,-0.014133178846536,-4.2859226161091,5.0684813159685,0
923,-0.021187822632411,-0.013491315529554,-4.2822854478489,4.7861190683356,0
1081,0.0303677141035,0.0063768420450435,-4.2797008000554,8.404361899517,0
967,-0.012819546247369,-0.014035790382114,-4.2761735826493,5.3973635747362,0
650,-0.029376774371808,-0.013098035612849,-4.2624109695766,3.1897779423387,0
52,-1.1444329662999,0.001543938291095,-4.2611910812406,0.12500000400029,0
53,-0.79151768663349,0.0066885249577676,-4.2611910812406,0.37500001200029,0
254,-0.41941950405541,0.0021734470448902,-4.2611910812406,0.62500002000025,0
255,-0.17687733990213,-0.0027107618584703,-4.2611910812406,0.87500002800025,0
989,-0.0051042987612092,-0.013734485393636,-4.2504812750663,5.7696223399802,0
656,-0.081551072848214,-0.0064710590898724,-4.2484048877352,1.1288104973142,0
1034,0.022350680778674,-0.008034990439707,-4.2359737307212,6.8071139237365,0
651,-0.028759220853573,-0.013561975718296,-4.235456291376,3.447398872968,0
1057,0.035578082313027,-0.00078739065298308,-4.2332955313287,7.4847639298848,0
657,-0.047055618523956,-0.0085622029223189,-4.2228325007246,1.3864314279423,0
1379,0.010580212673668,0.0035410404672682,-4.21987192765,9.1211773319797,0
652,-0.027937390488424,-0.013988466434254,-4.2085016131755,3.7050198035974,0
1011,0.0052312017823847,-0.012844111311573,-4.2064469008197,6.1819895889412,0
658,-0.035029702226063,-0.0098785356418058,-4.1972601137139,1.6440523585704,0
1080,0.033806519515177,0.0050455624698361,-4.1954742054264,8.2096096513772,0
653,-0.026869836573619,-0.014368378996834,-4.1815469349749,3.9626407342268,0
944,-0.019425650093647,-0.015145264962896,-4.1765669152467,4.9365418144919,0
659,-0.03090050764029,-0.010835212092004,-4.1716877267033,1.9016732891981,0
922,-0.022061628478979,-0.014657792108741,-4.1702019755986,4.6665017299785,0
966,-0.015015008239577,-0.015245419457755,-4.1699956742964,5.2536052994751,0
654,-0.025497320225222,-0.014672921234484,-4.1545922567743,4.2202616648562,0
988,-0.0083997966857244,-0.015221955633576,-4.1479121064341,5.6145651027561,0
660,-0.029493840390597,-0.011622665251339,-4.1461153396927,2.1592942198256,0
1056,0.032036058645555,-0.0040801003953993,-4.1439387087379,7.2990819383301,0
1033,0.017073821090133,-0.010810116463237,-4.1418356208679,6.6310802547008,0
1378,0.015983798037427,0.0044263991920071,-4.1325967102959,8.9412383072122,0
655,-0.023706230514373,-0.014836969743736,-4.1276375785738,4.4778825954854,0
661,-0.0289787777037,-0.012332599488369,-4.1205429526821,2.416915150453,0
1079,0.035415445822349,0.0029164756727379,-4.1112476107974,8.0148574032375,0
1010,0.00076214589169225,-0.014735612616652,-4.1078977464117,6.0161689017686,0
662,-0.028703651919588,-0.013000849202728,-4.0949705656715,2.6745360810806,0
663,-0.02842543471327,-0.013637876611636,-4.0693981786607,2.9321570117093,0
943,-0.020414309502333,-0.016008797870103,-4.0672112143843,4.8046023130152,0
965,-0.016783349050514,-0.016261484612653,-4.0638177659434,5.109847024214,0
1055,0.027727124774511,-0.0072808685167598,-4.0545818861471,7.1133999467755,0
1032,0.01194492461989,-0.013257726161078,-4.0476975110146,6.4550465856651,0
987,-0.011176001388828,-0.016467968683777,-4.045342937802,5.4595078655321,0
1377,0.021236470152675,0.0047101847553788,-4.0453214929419,8.7612992824452,0
664,-0.028039377215269,-0.014245234347881,-4.0438257916499,3.1897779423387,0
1376,0.0010845146177147,0.00051151177893635,-4.036112793888,9.6534195030747,0
54,-1.1520984758982,0.00133068317541,-4.0308564282011,0.12500000400029,0
55,-0.79436323629347,0.0069639411313965,-4.0308564282011,0.37500001200029,0
256,-0.41594805995607,0.0020711096728745,-4.0308564282011,0.62500002000022,0
257,-0.17202330601652,-0.0028747535072456,-4.0308564282011,0.87500002800022,0
1078,0.035277652090687,0.00022059471099604,-4.0270210161684,7.8201051550976,0
670,-0.077683521270591,-0.0068018291101237,-4.0187613802906,1.1288104973142,0
665,-0.027486817758418,-0.014822168397994,-4.0182534046391,3.4473988729681,0
1009,-0.0031835162700635,-0.016326306869995,-4.0093485920034,5.8503482145957,0
671,-0.044101026617851,-0.0090344627018417,-3.9945712844697,1.3864314279423,0
666,-0.026724557815526,-0.015367510058626,-3.9926810176284,3.7050198035974,0
672,-0.032643652107298,-0.010434880530205,-3.9703811886488,1.6440523585704,0
667,-0.025712784926749,-0.01588185864352,-3.9671086306176,3.9626407342268,0
1054,0.022981485916234,-0.010268911238726,-3.9652250635562,6.9277179552208,0
1101,0.02600297685984,0.0043077260625169,-3.9622992778684,8.5697138523297,0
942,-0.021236526880439,-0.017074299918693,-3.9578555135218,4.6726628115384,0
964,-0.01816414636647,-0.017107816691702,-3.9576398575904,4.9660887489529,0
1375,0.0043288214806572,0.0015617105743843,-3.9559667114585,9.4701868310799,0
1031,0.0070869393104595,-0.01535315125054,-3.9535594011616,6.2790129166302,0
673,-0.028838980414382,-0.011473967915761,-3.9461910928279,1.9016732891981,0
1077,0.033636958175789,-0.0028029661179743,-3.9427944215392,7.6253529069574,0
986,-0.013464175155884,-0.017500956059751,-3.9427737691699,5.3044506283082,0
668,-0.024409362617301,-0.016384434301722,-3.9415362436068,4.2202616648562,0
674,-0.027624721486498,-0.01235414146615,-3.9220009970071,2.1592942198256,0
669,-0.022787455353505,-0.016942845518083,-3.915963856596,4.4778825954854,0
1008,-0.0065888789728437,-0.017640057519037,-3.9107994375952,5.6845275274229,0
675,-0.027239670759865,-0.013162741599156,-3.8978109011863,2.416915150453,0
1100,0.029645547923536,0.0030629762981258,-3.8835300650756,8.3664820168663,0
1053,0.018073579659709,-0.012968347151304,-3.8758682409655,6.7420359636663,0
1374,0.008363275053598,0.0024656459596035,-3.875820629029,9.2869541590851,0
676,-0.027066714627382,-0.013931260758472,-3.8736208053654,2.6745360810807,0
1030,0.0026255947004589,-0.017117918256348,-3.8594212913089,6.1029792475956,0
1076,0.030812469566532,-0.0059394862447806,-3.8585678269102,7.4306006588173,0
963,-0.019174092805554,-0.017839429921089,-3.8514619492374,4.8223304736918,0
677,-0.026877714849915,-0.014668130868254,-3.8494307095444,2.9321570117093,0
985,-0.015304344350427,-0.018348914996039,-3.8402046005377,5.1493933910842,0
678,-0.026573582990597,-0.015374699670037,-3.8252406137234,3.1897779423387,0
1007,-0.0094647475775693,-0.018708967385785,-3.8122502831871,5.5187068402502,0
1099,0.031697739046414,0.0010942085125397,-3.8047608522827,8.1632501814028,0
679,-0.026097046314873,-0.016051001278145,-3.8010505179024,3.4473988729681,0
259,-0.16698010827369,-0.0030605311479731,-3.8005217751618,0.87500002800019,0
56,-1.1598399515959,0.0010776647078604,-3.8005217751618,0.12500000400029,0
57,-0.79726687599038,0.0072855750851004,-3.8005217751618,0.37500001200029,0
258,-0.41230381486866,0.0019541221223219,-3.8005217751618,0.62500002000019,0
1373,0.012898184771586,0.0030686992222805,-3.7956745466,9.1037214870911,0
684,-0.073630975020578,-0.0071483809816993,-3.7891178728462,1.1288104973142,0
1052,0.01321777677009,-0.01533806063539,-3.7865114183748,6.5563539721119,0
680,-0.025403753973476,-0.016696718551828,-3.7768604220813,3.7050198035974,0
1075,0.027139055582263,-0.0090163502379268,-3.7743412322811,7.2358484106773,0
685,-0.041000888257166,-0.0095027652154492,-3.766310068215,1.3864314279423,0
1029,-0.0013532310842368,-0.018567033175606,-3.765283181456,5.9269455785606,0
681,-0.024452611060351,-0.017313847362888,-3.7526703262603,3.9626407342268,0
962,-0.020000330442938,-0.018706795981692,-3.7452840408843,4.6785721984306,0
686,-0.030116765918811,-0.010995480024908,-3.7435022635839,1.6440523585703,0
984,-0.016741174831084,-0.019039971767424,-3.7376354319055,4.9943361538602,0
682,-0.023205419921523,-0.017921531800292,-3.7284802304393,4.2202616648562,0
1098,0.032150760760356,-0.0014113454449872,-3.7259916394898,7.9600183459391,0
687,-0.026628299398676,-0.012126484081128,-3.7206944589528,1.9016732891981,0
1372,0.017486362303644,0.0032117577275898,-3.7155284641711,8.9204888150977,0
1006,-0.011839652571407,-0.019566901562575,-3.713701128779,5.3528861530775,0
683,-0.021626729433246,-0.018547856281741,-3.7042901346183,4.4778825954854,0
688,-0.025600198214941,-0.013100975857099,-3.6978866543217,2.1592942198256,0
1051,0.0085619800862297,-0.017357488326731,-3.6971545957844,6.3706719805581,0
1074,0.022930891193529,-0.01190673931581,-3.690114637652,7.0410961625373,0
689,-0.025343578343604,-0.014003063759239,-3.6750788496906,2.416915150453,0
1371,0.00080915426193953,0.00035093225595606,-3.6716013526543,9.8122481497308,0
1028,-0.0048136180328829,-0.019729471021095,-3.6711450716031,5.7509119095258,0
690,-0.025274520718148,-0.014862333780375,-3.6522710450595,2.6745360810807,0
1097,0.031166562717942,-0.0042476989365498,-3.6472224266968,7.7567865104752,0
1121,0.021934531745365,0.0028001159285042,-3.6389519636833,8.7233179936431,0
983,-0.017809593985228,-0.019629575749588,-3.6350662632734,4.8392789166361,0
691,-0.025178122455168,-0.015686854887393,-3.6294632404282,2.9321570117094,0
1005,-0.013753543311513,-0.020245900770334,-3.6151519743709,5.1870654659048,0
1050,0.0042131216184752,-0.019018284658798,-3.6077977731943,6.1849899890048,0
692,-0.024959871930909,-0.016478454766799,-3.606655435797,3.1897779423388,0
1073,0.01846213071406,-0.014525522259696,-3.605888043023,6.8463439143974,0
1370,0.0033365060191123,0.0010840844910689,-3.5987081666809,9.6260035033861,0
693,-0.024563526255579,-0.017237833198303,-3.5838476311657,3.4473988729681,0
1027,-0.0077536649437987,-0.020642380430559,-3.5770069617503,5.5748782404911,0
261,-0.16173144916158,-0.0032646565725976,-3.5701871221225,0.87500002800015,0
58,-1.167666540465,0.00077667703041132,-3.5701871221225,0.12500000400029,0
59,-0.80023794555585,0.0076622426267425,-3.5701871221225,0.37500001200029,0
260,-0.40847223654271,0.0018216075881551,-3.5701871221225,0.62500002000015,0
1096,0.029000841673861,-0.0072195123184431,-3.5684532139039,7.5535546750113,0
1120,0.025594496689512,0.0016384953261502,-3.5659450451367,8.5122090227277,0
694,-0.023944509332417,-0.017965349638821,-3.5610398265344,3.7050198035974,0
698,-0.069382291878091,-0.007510518469407,-3.5594743654018,1.1288104973141,0
695,-0.023062398368752,-0.018663715425204,-3.5382320219032,3.9626407342268,0
699,-0.037724482158649,-0.0099870202135653,-3.5380488519603,1.3864314279423,0
982,-0.018686531825497,-0.020324165972938,-3.5324970946411,4.684221679412,0
1369,0.0065802484246081,0.0017203735800706,-3.5258149807076,9.4397588570415,0
1072,0.013957468120257,-0.01682331749422,-3.5216614483941,6.6515916662576,0
1049,0.00028715397873405,-0.02035737145022,-3.518440950604,5.9993079974511,0
700,-0.027422550155907,-0.011575823863498,-3.5166233385189,1.6440523585703,0
1004,-0.015252927501539,-0.020776043758632,-3.5166028199627,5.021244778732,0
696,-0.021879271261668,-0.019348051559587,-3.5154242172719,4.2202616648562,0
701,-0.024253372401901,-0.012798853195829,-3.4951978250776,1.9016732891981,0
1119,0.02791078965562,-0.00017675204123965,-3.4929381265902,8.3011000518122,0
697,-0.020344388086433,-0.020033729638781,-3.4926164126406,4.4778825954854,0
1095,0.025945498068056,-0.01016146851004,-3.489684001111,7.3503228395475,0
1026,-0.010193761903675,-0.021344487226881,-3.4828688518974,5.3988445714564,0
702,-0.023414202477651,-0.01386205792111,-3.4737723116362,2.1592942198255,0
1368,0.010331843080026,0.0021320535870622,-3.4529217947346,9.2535142106976,0
703,-0.023289511686501,-0.014847152206566,-3.4523467981949,2.416915150453,0
1071,0.0095842409894648,-0.018778290478199,-3.4374348537654,6.4568394181186,0
704,-0.023327899314595,-0.015783183758868,-3.4309212847535,2.6745360810807,0
1048,-0.0031625106242515,-0.021403381942591,-3.4290841280137,5.8136260058975,0
1118,0.02880030720509,-0.0024965335541184,-3.4199312080436,8.0899910808966,0
1003,-0.016382000473625,-0.021212079575558,-3.4180536655545,4.8554240915592,0
1094,0.022290078110748,-0.012945963475414,-3.410914788318,7.1470910040837,0
705,-0.023327011911047,-0.016678892953032,-3.409495771312,2.9321570117094,0
1025,-0.012169045953118,-0.02187134756222,-3.3887307420446,5.2228109024217,0
706,-0.023196649670896,-0.017537076725477,-3.3880702578705,3.1897779423388,0
1367,0.014258469993612,0.002188580321447,-3.3800286087618,9.0672695643544,0
707,-0.022881891677902,-0.018359225258569,-3.366644744429,3.4473988729681,0
1070,0.005445590879696,-0.020372844564716,-3.353208259137,6.2620871699799,0
1117,0.028353041656338,-0.0051456476049478,-3.3469242894969,7.8788821099806,0
708,-0.022338796690725,-0.019146423579478,-3.3452192309875,3.7050198035974,0
60,-1.1755906717612,0.00042000586874449,-3.339852469083,0.12500000400029,0
61,-0.80328869677111,0.0081068817123468,-3.339852469083,0.37500001200029,0
262,-0.40443511856638,0.0016739939892263,-3.339852469083,0.62500002000012,0
263,-0.15626205977448,-0.0034942875586417,-3.339852469083,0.87500002800012,0
1047,-0.0061185966097728,-0.022195420627998,-3.3397273054234,5.6279440143441,0
1093,0.018298408617611,-0.015483002498372,-3.3321455755252,6.9438591686201,0
712,-0.064937014165225,-0.0078942982282502,-3.3298308579572,1.1288104973141,0
709,-0.021527787816762,-0.0199012229008,-3.323793717546,3.9626407342268,0
1002,-0.017292275629108,-0.021713744130305,-3.3195045111463,4.6896034043864,0
1141,0.018281104375104,0.0017881060609267,-3.310100827272,8.8649608866728,0
713,-0.034271415440953,-0.010499509849909,-3.3097876357055,1.3864314279423,0
710,-0.020409861941698,-0.020631560515852,-3.3023682041045,4.2202616648562,0
1366,0.00061689782923767,0.00024428371975312,-3.3013991376498,9.9573186210319,0
1024,-0.013723373078797,-0.022254873157619,-3.2945926321917,5.046777233387,0
714,-0.024561443537282,-0.012185368989059,-3.2897444134539,1.6440523585703,0
711,-0.018929497510997,-0.021338288605424,-3.280942690663,4.4778825954854,0
1116,0.026764718325461,-0.007948969197241,-3.2739173709503,7.6677731390648,0
715,-0.02171816263069,-0.013495218117603,-3.2697011912023,1.901673289198,0
1069,0.0016571558065825,-0.021642109520514,-3.2689816645084,6.0673349218409,0
1092,0.014195355063302,-0.017717091267548,-3.2533763627324,6.7406273331565,0
1046,-0.0085896566223368,-0.022775167258691,-3.2503704828332,5.4422620227907,0
716,-0.021075051233416,-0.014636589334188,-3.2496579689507,2.1592942198255,0
1140,0.021802799234534,0.00071812491799676,-3.2431384502653,8.6465881776533,0
1365,0.0026024345631496,0.00077279865927377,-3.2358715092145,9.7683483037087,0
717,-0.021089810257765,-0.0156898467009,-3.2296147466991,2.4169151504531,0
718,-0.02124256634705,-0.01668468053302,-3.2095715244475,2.6745360810808,0
1115,0.024282574435552,-0.010751342170575,-3.2009104524037,7.4566641681489,0
1023,-0.014902553659179,-0.022547480132729,-3.2004545223389,4.8707435643522,0
719,-0.021342958132607,-0.017631442376296,-3.1895283021958,2.9321570117094,0
1068,-0.0017116229289169,-0.022615103706216,-3.1847550698798,5.872582673702,0
1139,0.024220167043411,-0.00094344383892445,-3.1761760732587,8.4282154686338,0
1091,0.010156983514828,-0.019621786440164,-3.1746071499398,6.5373954976938,0
1364,0.0052060692203001,0.0012429421414434,-3.1703438807793,9.5793779863853,0
720,-0.021305127217314,-0.018534421793766,-3.1694850799441,3.1897779423388,0
1045,-0.010602184878856,-0.023180640163491,-3.1610136602429,5.2565800312373,0
721,-0.021075993743035,-0.019396110499001,-3.1494418576923,3.4473988729682,0
722,-0.020613019636825,-0.020218233306885,-3.1293986354406,3.7050198035975,0
1114,0.021166244470136,-0.013427875179785,-3.127903533857,7.2455551972332,0
62,-1.1836311874639,4.6469240111644e-07,-3.1095178160435,0.12500000400029,0
63,-0.80643539538446,0.008637099589915,-3.1095178160435,0.37500001200029,0
264,-0.40016828671286,0.0015134400739212,-3.1095178160435,0.62500002000009,0
265,-0.15055243203156,-0.0037632717595416,-3.1095178160435,0.87500002800009,0
723,-0.019877939039027,-0.02100234972267,-3.1093554131888,3.9626407342268,0
1138,0.025395323978316,-0.0030803071398089,-3.109213696252,8.209842759614,0
1022,-0.015835823233618,-0.022874267475484,-3.106316412486,4.6947098953174,0
1363,0.0082800379873426,0.0015463558706625,-3.1048162523444,9.3904076690629,0
1067,-0.0046275881383281,-0.023330429908243,-3.1005284752513,5.6778304255633,0
726,-0.06028467753053,-0.0083087120164844,-3.1001873505126,1.1288104973141,0
1090,0.0062962555429489,-0.021183729588158,-3.0958379371475,6.3341636622314,0
724,-0.018832018839853,-0.021748439296323,-3.0893121909371,4.2202616648562,0
727,-0.030637296192952,-0.011052474330879,-3.0815264194507,1.3864314279423,0
1044,-0.012193691897381,-0.023445291517882,-3.0716568376527,5.0708980396838,0
725,-0.017422177811908,-0.022446026448977,-3.0692689686854,4.4778825954854,0
728,-0.021534739329762,-0.012834738036365,-3.0628654883889,1.6440523585703,0
1113,0.017661927501895,-0.015886773862945,-3.0548966153105,7.0344462263176,0
729,-0.019029657483456,-0.014222031519911,-3.044204557327,1.901673289198,0
1137,0.025358453036053,-0.005544867127861,-3.0422513192453,7.9914700505939,0
1362,0.01158209910272,0.0015714683274535,-3.0392886239096,9.201437351741,0
730,-0.018595028183389,-0.015426364238182,-3.0255436262652,2.1592942198255,0
1089,0.0027145470491901,-0.022421037498112,-3.017068724355,6.1309318267687,0
1066,-0.007085860259026,-0.023830242551834,-3.0163018806228,5.4830781774246,0
731,-0.018761225087867,-0.016528441527023,-3.0068826952034,2.4169151504531,0
732,-0.019038853258945,-0.017560070537592,-2.9882217641416,2.6745360810808,0
1043,-0.013407300007285,-0.023618940010798,-2.9823000150624,4.8852160481303,0
1112,0.013986506210612,-0.018068364778704,-2.981889696764,6.823337255402,0
1161,0.015116013385475,0.0012116015213673,-2.9761954869313,8.9944457147727,0
1136,0.024251312855867,-0.0081814842037235,-2.9752889422386,7.7730973415739,0
733,-0.019249223918709,-0.018534349293721,-2.9695608330797,2.9321570117095,0
734,-0.019311193710432,-0.019457715199567,-2.9508999020177,3.1897779423389,0
1088,-0.000508798311343,-0.023363136292571,-2.9382995115625,5.9276999913061,0
735,-0.01917431232767,-0.02033391209534,-2.9322389709557,3.4473988729682,0
1065,-0.0091019476750564,-0.024153645063296,-2.9320752859943,5.2883259292858,0
1361,0.00050029882926141,0.00017925178404342,-2.9260252292011,10.08842750679,0
1160,0.018374958430987,0.00024851756624222,-2.9155368414097,8.7694327581583,0
736,-0.018798360373915,-0.02116511859286,-2.9135780398938,3.7050198035975,0
1111,0.010316432031475,-0.01994172797366,-2.9088827782177,6.6122282844873,0
1135,0.022277517268529,-0.010846215208486,-2.9083265652319,7.554724632554,0
737,-0.018147259028905,-0.021951276912743,-2.8949171088318,3.9626407342268,0
1042,-0.014352155751648,-0.023798366109432,-2.8929431924721,4.6995340565768,0
64,-1.1918185883075,-0.00048748836798926,-2.8791831630043,0.12500000400029,0
65,-0.80970064677417,0.0092770514917864,-2.8791831630043,0.37500001200029,0
266,-0.39563806267247,0.0013452901698431,-2.8791831630043,0.62500002000005,0
267,-0.1445752411655,-0.0040939117440795,-2.8791831630043,0.87500002800005,0
738,-0.017184265840794,-0.022685071406176,-2.8762561777699,4.2202616648562,0
740,-0.055407568429199,-0.0087669912014403,-2.8705438430682,1.1288104973141,0
1360,0.0021072397523104,0.00059793345223943,-2.8679645460457,9.8970220160708,0
1087,-0.0033282183422285,-0.02404591657627,-2.8595302987701,5.7244681558437,0
739,-0.015862392970023,-0.023348711043356,-2.8575952467079,4.4778825954854,0
1159,0.020748884410654,-0.0012567825128516,-2.8548781958881,8.5444198015439,0
741,-0.02681357845882,-0.011661326346146,-2.8532652031961,1.3864314279423,0
1064,-0.010704506466496,-0.024335173539196,-2.8478486913657,5.0935736811471,0
1134,0.019664115941394,-0.013418648223701,-2.8413641882252,7.3363519235341,0
742,-0.018343091556718,-0.013538455523348,-2.835986563324,1.6440523585703,0
1110,0.0067747662649654,-0.021495453032755,-2.8358758596716,6.401119313573,0
743,-0.01619678840304,-0.01498950776964,-2.8187079234519,1.901673289198,0
1359,0.0042177792431498,0.00099424907781105,-2.8099038628903,9.7056165253514,0
744,-0.015989726106095,-0.016236049927008,-2.8014292835799,2.1592942198255,0
1158,0.022066376983769,-0.0032153829594217,-2.7942195503664,8.3194068449292,0
745,-0.016324155887705,-0.017362092620045,-2.7841506437078,2.4169151504531,0
1086,-0.0057263457123468,-0.024509329500665,-2.7807610859777,5.5212363203813,0
1133,0.016634772650108,-0.015806822097177,-2.7744018112185,7.1179792145144,0
746,-0.016740391349697,-0.018403739999201,-2.7668720038357,2.6745360810808,0
1063,-0.011930980173648,-0.024421639706548,-2.7636220967372,4.8988214330083,0
1109,0.0034504468042498,-0.022732163646258,-2.7628689411254,6.1900103426582,0
1358,0.0067258427485049,0.0012687024479173,-2.7518431797353,9.5142110346329,0
747,-0.017071603236697,-0.019378352880359,-2.7495933639636,2.9321570117095,0
1157,0.022311992769696,-0.0055032040006774,-2.7335609048446,8.0943938883143,0
748,-0.01724224059534,-0.020295332094023,-2.7323147240914,3.1897779423389,0
749,-0.017205630379794,-0.021159927057755,-2.7150360842192,3.4473988729682,0
1132,0.013392212747852,-0.017947986931977,-2.7074394342119,6.8996065054947,0
1085,-0.0077071558131578,-0.024791704677912,-2.7019918731853,5.3180044849188,0
750,-0.016925006405247,-0.021974527798584,-2.697757444347,3.7050198035975,0
1357,0.0094584203301401,0.0013181573892719,-2.6937824965804,9.322805543915,0
1108,0.00042546226319635,-0.023679269345442,-2.6898620225792,5.9789013717437,0
751,-0.01636759021884,-0.022737038084334,-2.6804788044748,3.9626407342268,0
1062,-0.012871846710525,-0.024486427664812,-2.6793955021086,4.7040691848694,0
1156,0.021581621450715,-0.0079819364571566,-2.6729022593229,7.8693809316994,0
752,-0.015500240447656,-0.023433992146847,-2.6632001646026,4.2202616648562,0
67,-0.81311776850399,0.010060845898178,-2.648848509965,0.37500001200029,0
66,-1.2002039119745,-0.0010451109344835,-2.648848509965,0.12500000400029,0
268,-0.39079626478312,0.0011803441337291,-2.648848509965,0.62500002000002,0
269,-0.13829132368152,-0.0045213908986445,-2.648848509965,0.87500002800002,0
753,-0.01428381543014,-0.024043472703611,-2.6459215247304,4.4778825954854,0
754,-0.050280909495006,-0.0092906303904228,-2.6409003356239,1.1288104973141,0
1131,0.010106671586754,-0.019806681781611,-2.6404770572056,6.6812337964759,0
1181,0.012472987190181,0.0010328471465043,-2.6376925841996,9.1115925551117,0
755,-0.022788678120993,-0.012348006400645,-2.6250039869415,1.3864314279423,0
1084,-0.0092892968127404,-0.024927642003458,-2.6232226603928,5.1147726494564,0
1107,-0.0022468620039622,-0.024368001555872,-2.6168551040331,5.7677924008294,0
1155,0.020038360922422,-0.010518273208923,-2.6122436138012,7.6443679750846,0
756,-0.014987591125196,-0.014317325214502,-2.6091076382592,1.6440523585703,0
757,-0.013231709190842,-0.015812844870851,-2.5932112895768,1.9016732891979,0
1180,0.015371066975364,0.00019206933411796,-2.5835734425933,8.8805720682235,0
758,-0.013279473035531,-0.017073256447872,-2.5773149408945,2.1592942198255,0
1130,0.0069066149815242,-0.02136914035853,-2.5735146801994,6.4628610874575,0
759,-0.013803962599868,-0.018190978800532,-2.5614185922122,2.4169151504531,0
1154,0.017876289157196,-0.012996533742283,-2.5515849682795,7.4193550184698,0
1356,0.0004642376633778,0.00014908187324316,-2.54600595747,10.205390973918,0
760,-0.014375150824153,-0.019209775262647,-2.5455222435299,2.6745360810809,0
1083,-0.010502750475559,-0.024960284214996,-2.5444534476004,4.9115408139938,0
1106,-0.0045391091334296,-0.024833813112539,-2.5438481854869,5.556683429915,0
761,-0.014839164126599,-0.020153256382532,-2.5296258948475,2.9321570117096,0
1179,0.01757491291554,-0.0011584790755118,-2.529454300987,8.6495515813353,0
762,-0.015127674291147,-0.021034684387777,-2.513729546165,3.189777942339,0
1129,0.0038749360931053,-0.022632692733989,-2.506552303193,6.2444883784387,0
763,-0.015199416249366,-0.021860962841702,-2.4978331974826,3.4473988729682,0
1355,0.0018561828227662,0.00054819745479296,-2.4955021788538,10.011844558655,0
1153,0.015293522225957,-0.0153252153481,-2.4909263227578,7.1943420618552,0
764,-0.015022474053203,-0.022634332573029,-2.4819368488002,3.7050198035975,0
1178,0.018901383584374,-0.0029506437094245,-2.4753351593805,8.4185310944468,0
1105,-0.0064447626683117,-0.025112193324084,-2.4708412669407,5.3455744590006,0
765,-0.01456861006064,-0.023350283633805,-2.4660405001177,3.9626407342269,0
1082,-0.011420522879526,-0.024943417648966,-2.4656842348079,4.7083089785313,0
766,-0.013809627103024,-0.023990224090757,-2.4501441514353,4.2202616648562,0
1354,0.0036147928792531,0.00096562669111269,-2.4449984002376,9.8182981433913,0
1128,0.0010892730183014,-0.023614091560644,-2.4395899261867,6.0261156694201,0
767,-0.012714818191275,-0.024530121935619,-2.4342478027529,4.4778825954854,0
1152,0.012474107537896,-0.017439166330183,-2.4302676772362,6.9693291052406,0
1177,0.019304825373277,-0.0050785095152625,-2.4212160177741,8.187510607558,0
68,-1.2088726825379,-0.001664179477687,-2.4185138569257,0.12500000400029,0
69,-0.81673753222707,0.011038245203672,-2.4185138569257,0.37500001200029,0
270,-0.38557159205937,0.0010385654636755,-2.4185138569257,0.62500001999999,0
271,-0.13164319479913,-0.0050998104344033,-2.4185138569257,0.87500002799999,0
768,-0.044870665237428,-0.0099156757799787,-2.4112568281794,1.1288104973141,0
1104,-0.0079727012099388,-0.025236370695716,-2.3978343483946,5.1344654880862,0
769,-0.018548426540981,-0.013145594145794,-2.3967427706868,1.3864314279423,0
1353,0.0056605670856297,0.0012945645935821,-2.3944946216217,9.6247517281288,0
770,-0.011471820095168,-0.015201840413302,-2.3822287131942,1.6440523585702,0
1127,-0.0013931506007279,-0.024339383879031,-2.3726275491805,5.8077429604017,0
1151,0.0095767186578269,-0.019298440975473,-2.3696090317148,6.744316148627,0
771,-0.01015241434847,-0.016714017857041,-2.3677146557016,1.9016732891979,0
1176,0.018844602866523,-0.0074175332583699,-2.3670968761677,7.9564901206693,0
772,-0.010491714575442,-0.017948497763378,-2.3532005982091,2.1592942198255,0
1352,0.0078766457014752,0.0014265880577232,-2.343990843006,9.4312053128669,0
773,-0.011232803240822,-0.019014914066229,-2.3386865407165,2.4169151504531,0
1103,-0.0091448873735694,-0.02524501070341,-2.3248274298484,4.9233565171718,0
774,-0.011976656541455,-0.019969829081101,-2.324172483224,2.6745360810809,0
1175,0.017648181472364,-0.009842946357726,-2.3129777345613,7.7254696337807,0
775,-0.012584886812842,-0.020845417247145,-2.3096584257314,2.9321570117096,0
1150,0.0067269410592773,-0.020884471800169,-2.3089503861936,6.5193031920137,0
1126,-0.0035378704691978,-0.024838099749319,-2.3056651721742,5.5893702513833,0
776,-0.012999089505139,-0.021659503147635,-2.2951443682387,3.189777942339,0
1201,0.010353999118248,0.0012496806852694,-2.2950551485178,9.2162386291247,0
777,-0.013185659998257,-0.022420456346283,-2.280630310746,3.4473988729683,0
778,-0.013119230847016,-0.023129727175798,-2.2661162532534,3.7050198035975,0
1174,0.015877409092182,-0.012243172551005,-2.2588585929549,7.4944491468921,0
1102,-0.010018227648921,-0.025175337342286,-2.2518205113022,4.7122475462572,0
779,-0.012777419125895,-0.023779846791306,-2.2516021957607,3.9626407342269,0
1149,0.004010297025128,-0.022193623162653,-2.2482917406722,6.2942902354001,0
1200,0.012807563757254,0.00053756439939107,-2.2476875381576,8.9798516769025,0
1125,-0.00532995231831,-0.025141195343383,-2.2387027951679,5.3709975423648,0
780,-0.012138012219774,-0.024347640263967,-2.2370881382681,4.2202616648562,0
781,-0.011178567171817,-0.02480782077869,-2.2225740807754,4.4778825954854,0
1173,0.013702909028411,-0.014527449351784,-2.2047394513485,7.2634286600037,0
1199,0.014728804787199,-0.00067366668260642,-2.2003199277973,8.7434647246803,0
272,-0.37985079864297,0.00095279820383943,-2.1881792038857,0.62500001999996,0
273,-0.12454182469081,-0.0059111277323831,-2.1881792038857,0.87500002799996,0
70,-1.2179634716778,-0.0023187553187447,-2.1881792038857,0.12500000400029,0
71,-0.82063558419385,0.012282283920511,-2.1881792038857,0.37500001200029,0
1148,0.0014943256980576,-0.023229121566848,-2.1876330951508,6.0692772787866,0
782,-0.039129535595075,-0.010703784355478,-2.1816133207343,1.1288104973141,0
1124,-0.0067698267849765,-0.025279242153056,-2.1717404181616,5.1526248333464,0
783,-0.014079572890231,-0.014106320909004,-2.1684815544315,1.3864314279423,0
1351,0.00053534066980203,0.00015303581385837,-2.1618741657561,10.308045023481,0
784,-0.0078090959322781,-0.016237440850368,-2.1553497881287,1.6440523585702,0
1198,0.015942269738867,-0.0023261152775345,-2.152952317437,8.5070777724578,0
1172,0.011287002172245,-0.016628470899162,-2.1506203097422,7.0324081731153,0
785,-0.0069895450071625,-0.017723300003276,-2.1422180218258,1.9016732891979,0
786,-0.0076658459735641,-0.01887364639211,-2.1290862555231,2.1592942198255,0
1147,-0.00076302122401178,-0.024010659775399,-2.1269744496295,5.8442643221734,0
1350,0.0019032061425776,0.00063204183211304,-2.1190056846098,10.112655235176,0
787,-0.0086526702961288,-0.019830353084847,-2.1159544892203,2.4169151504531,0
1197,0.016386636736165,-0.0043247325296209,-2.1055847070766,8.270690820235,0
1123,-0.0078719412592136,-0.025285859811286,-2.1047780411554,4.9342521243279,0
788,-0.0095857140341966,-0.02066957801048,-2.1028227229175,2.674536081081,0
1171,0.0087728465702282,-0.018501967242329,-2.096501168136,6.8013876862279,0
789,-0.010346489360349,-0.021434002024668,-2.0896909566146,2.9321570117097,0
790,-0.010890475267551,-0.02214600666015,-2.0765591903117,3.189777942339,0
1349,0.003447363697237,0.0011778525043769,-2.0761372034635,9.9172654468717,0
1146,-0.002723514307748,-0.024560836307649,-2.0663158041082,5.6192513655601,0
791,-0.011194645758315,-0.02281454646792,-2.0634274240089,3.4473988729683,0
1196,0.016094632094077,-0.0065536255233979,-2.0582170967163,8.0343038680122,0
792,-0.01124216600921,-0.023439131875311,-2.050295657706,3.7050198035976,0
1170,0.0062776410707762,-0.020123930184086,-2.0423820265301,6.5703671993409,0
1122,-0.0086788438438165,-0.025184376592439,-2.037815664149,4.7158794153093,0
793,-0.011017853662807,-0.024008413480419,-2.0371638914031,3.9626407342269,0
1348,0.005108199919311,0.0016554359057626,-2.0332687223174,9.7218756585678,0
794,-0.010506254794168,-0.024494488508612,-2.0240321251002,4.2202616648561,0
795,-0.0096925437930703,-0.024870622311468,-2.0109003587973,4.4778825954854,0
1195,0.015162762820938,-0.0088941341062951,-2.010849486356,7.7979169157895,0
1145,-0.0043664979471184,-0.024905055611065,-2.0056571585869,5.3942384089468,0
1347,0.0068274221811448,0.0019349695727521,-1.9904002411714,9.5264858702645,0
1169,0.0038875807373621,-0.0214867568152,-1.9882628849239,6.3393467124534,0
1194,0.013721573822174,-0.011238189572335,-1.9634818759956,7.561529963567,0
274,-0.37344221610559,0.00096530260603556,-1.9578445508451,0.62500001999992,0
275,-0.11684033461307,-0.0070841471532271,-1.9578445508451,0.87500002799992,0
72,-1.2276951251771,-0.0029555890902237,-1.9578445508451,0.12500000400029,0
73,-0.82492246101651,0.013895085073551,-1.9578445508451,0.37500001200029,0
796,-0.032985582123524,-0.011767218827514,-1.9519698132886,1.1288104973141,0
1221,0.00873525302431,0.0018979430710223,-1.9487519548361,9.3082385282297,0
1144,-0.0056860494112314,-0.025070502631518,-1.9449985130656,5.1692254523335,0
797,-0.0093713280392645,-0.015320559024256,-1.9402203381756,1.3864314279423,0
1168,0.0016630608921611,-0.022584266163418,-1.9341437433178,6.1083262255662,0
798,-0.0040252550004501,-0.017495131639883,-1.9284708630625,1.6440523585702,0
799,-0.0037920101502367,-0.018877533819811,-1.9167213879495,1.9016732891979,0
1193,0.011913346196887,-0.013495432245802,-1.9161142656353,7.3251430113445,0
1220,0.01065450288446,0.00129995777715,-1.9083238633116,9.0671336324637,0
800,-0.0048597298872369,-0.01985488082983,-1.9049719128365,2.1592942198254,0
801,-0.0061194379913089,-0.020623663792911,-1.8932224377234,2.4169151504532,0
1143,-0.006690452365944,-0.025085717295028,-1.8843398675442,4.9442124957201,0
802,-0.0072525718842802,-0.021282800618208,-1.8814729626104,2.674536081081,0
1167,-0.00034073998350324,-0.023427898050432,-1.8800246017118,5.8773057386791,0
803,-0.0081675529236377,-0.021885559402483,-1.8697234874974,2.9321570117097,0
1192,0.0098765446122676,-0.015596491150271,-1.8687466552751,7.0887560591221,0
1219,0.012188965240177,0.00018607865277839,-1.8678957717872,8.8260287366976,0
804,-0.0088387556611517,-0.022457726820433,-1.8579740123842,3.1897779423391,0
805,-0.0092571367957076,-0.023006953156882,-1.8462245372711,3.4473988729683,0
806,-0.0094165459506102,-0.02352895483951,-1.834475062158,3.7050198035976,0
1218,0.013181359182466,-0.0013768599067239,-1.8274676802626,8.5849238409312,0
1166,-0.002085318103042,-0.024032884389954,-1.8259054601058,5.6462852517921,0
1142,-0.0074100144419726,-0.024962747425162,-1.8236812220228,4.7191995391067,0
807,-0.0093103103689952,-0.02400706772571,-1.8227255870449,3.9626407342269,0
1191,0.0077358524055417,-0.01749291055899,-1.821379044915,6.8523691069007,0
808,-0.0089302987234118,-0.024407760172893,-1.8109761119318,4.2202616648561,0
809,-0.008268423181587,-0.024701728998112,-1.7992266368187,4.4778825954854,0
1217,0.013565071222797,-0.0032941827286588,-1.7870395887381,8.3438189451646,0
1346,0.00077256614804744,0.00019684610983035,-1.7741684635685,10.396245720555,0
1190,0.0055964153485378,-0.019154898086071,-1.774011434555,6.6159821546797,0
1165,-0.0035474161629956,-0.024419076585054,-1.7717863184997,5.415264764905,0
1216,0.013352137479092,-0.0054542364358949,-1.7466114972136,8.102714049398,0
1345,0.0023590664857625,0.0008783365520285,-1.7390019858296,10.19931295982,0
74,-1.2384277488869,-0.0034842510447323,-1.7275098978045,0.12500000400029,0
75,-0.82977813949736,0.0160086200092,-1.7275098978045,0.37500001200029,0
276,-0.36603218911532,0.0011078323897958,-1.7275098978045,0.62500001999989,0
277,-0.10830073179349,-0.0088323413936336,-1.7275098978045,0.87500002799989,0
1189,0.0035410040128445,-0.020568743542748,-1.7266438241949,6.3795952024582,0
810,-0.026311955003984,-0.013323641935024,-1.7223263058429,1.1288104973141,0
1164,-0.004717405134189,-0.024610449012209,-1.7176671768936,5.184244278018,0
811,-0.0043805808261139,-0.016969547055027,-1.7119591219196,1.3864314279422,0
1215,0.012611485455175,-0.0077431537300198,-1.7061834056891,7.8616091536314,0
1344,0.003829196757064,0.0016828143114373,-1.7038355080906,10.002380199084,0
812,-9.5405080729993e-05,-0.019117783808814,-1.7015919379963,1.6440523585702,0
813,-0.00060192095080399,-0.020218303234529,-1.6912247540731,1.9016732891978,0
814,-0.002149807292314,-0.020875323557059,-1.6808575701498,2.1592942198254,0
1188,0.0016253740712896,-0.02172173269982,-1.6792762138348,6.143208250237,0
815,-0.0037042777984104,-0.021358705252731,-1.6704903862266,2.4169151504532,0
1343,0.0051558171449337,0.0024143820924238,-1.6686690303519,9.8054474383498,0
1214,0.011443953214513,-0.010055324892086,-1.6657553141646,7.620504257865,0
1163,-0.0055993559623494,-0.024631197795431,-1.6635480352875,4.9532237911308,0
816,-0.0050382996266319,-0.021762046294245,-1.6601232023033,2.674536081081,0
817,-0.0060985245456662,-0.022146535574345,-1.64975601838,2.9321570117098,0
818,-0.0068845551933695,-0.022538880321585,-1.6393888344567,3.1897779423391,0
1342,0.0063554068067771,0.0028984576279567,-1.6335025526132,9.6085146776158,0
1187,-0.0001009495714873,-0.02261645249158,-1.6319086034748,5.906821298016,0
819,-0.0074050140376965,-0.022942647411249,-1.6290216505334,3.4473988729683,0
1213,0.0099630663876264,-0.012300786205248,-1.6253272226401,7.3793993620987,0
820,-0.0076665824019343,-0.023347218438128,-1.61865446661,3.7050198035976,0
1162,-0.0062136951315342,-0.024484919600126,-1.6094288936814,4.7222033042436,0
821,-0.0076722680908956,-0.023728673716761,-1.6082872826867,3.9626407342269,0
1241,0.0075768262554214,0.0030105678614867,-1.5992568707433,9.3874644163372,0
822,-0.0074216636121795,-0.024046295254102,-1.5979200987634,4.2202616648561,0
823,-0.0069125643100682,-0.024266338838258,-1.58755291484,4.4778825954854,0
1212,0.0082819625410784,-0.014408454340424,-1.5848991311156,7.1382944663324,0
1186,-0.0016023382562252,-0.02326162617494,-1.5845409931148,5.670434345795,0
1240,0.0088214215468041,0.0024955487047,-1.5659319847424,9.1422966545144,0
1211,0.0065049148897217,-0.016326060101255,-1.5444710395913,6.8971895705672,0
1185,-0.0028560922264085,-0.02367287768174,-1.5371733827548,5.4340473935739,0
1239,0.0098701213892897,0.0014053620227169,-1.5326070987415,8.8971288926915,0
1210,0.0047225103166069,-0.018018150714743,-1.5040429480671,6.6560846748023,0
1238,0.010556786103871,-0.00014618983275948,-1.4992822127406,8.6519611308683,0
76,-1.2507892982822,-0.0037585166743119,-1.4971752447639,0.12500000400029,0
77,-0.83554463160929,0.018790555714971,-1.4971752447639,0.37500001200029,0
278,-0.35716196691247,0.0013738945171356,-1.4971752447639,0.62500001999986,0
279,-0.098585548213239,-0.011486146359841,-1.4971752447639,0.87500002799986,0
824,-0.018907347399611,-0.015757817889974,-1.4926827983972,1.1288104973141,0
1184,-0.0038516989245412,-0.023872270854515,-1.4898057723947,5.1976604413529,0
825,0.0010261068161976,-0.019349876190453,-1.4836979056637,1.3864314279422,0
826,0.0037541994958272,-0.021121902954853,-1.4747130129302,1.6440523585702,0
1237,0.010805969305349,-0.0020475395374921,-1.4659573267396,8.4067933690448,0
827,0.0024082648744724,-0.021718561008556,-1.4657281201967,1.9016732891978,0
1209,0.0030098613704658,-0.01946390958899,-1.4636148565428,6.414979779037,0
828,0.0003930813018135,-0.021900317224191,-1.4567432274632,2.1592942198254,0
829,-0.0014883193649755,-0.021962897571177,-1.4477583347297,2.4169151504532,0
1183,-0.0045911891407891,-0.023881268268535,-1.4424381620347,4.9612734891317,0
830,-0.0030138773596924,-0.022026927436247,-1.4387734419962,2.6745360810811,0
1236,0.010606454795198,-0.0041875995173484,-1.4326324407386,8.1616256072214,0
831,-0.0041970667352665,-0.022134012640803,-1.4297885492627,2.9321570117098,0
1208,0.0014190447661948,-0.020646049318434,-1.4231867650185,6.1738748832719,0
832,-0.0050730076639934,-0.022306430785935,-1.4208036565291,3.1897779423392,0
833,-0.0056723352974258,-0.022540510821617,-1.4118187637956,3.4473988729684,0
834,-0.0060166750809478,-0.022816296458957,-1.402833871062,3.7050198035976,0
1235,0.010002466813652,-0.0064575410739897,-1.3993075547377,7.916457845398,0
1182,-0.0050874431115238,-0.023698223245672,-1.3950705516746,4.7248865369105,0
835,-0.0061196409319452,-0.023100323205766,-1.3938489783285,3.9626407342269,0
836,-0.0059887945811632,-0.023342782062435,-1.3848640855949,4.2202616648561,0
1341,0.0012917565104989,0.00029042329801778,-1.3834324722372,10.469869395878,0
1207,-8.966428948203e-06,-0.021559982653769,-1.3827586734943,5.9327699875071,0
837,-0.0056272781519494,-0.023503168123011,-1.3758791928614,4.4778825954854,0
1234,0.0090667300329129,-0.0087551761487401,-1.3659826687367,7.6712900835748,0
1340,0.0034237281709006,0.0013244606508109,-1.3560229140423,10.271696454467,0
1206,-0.0012443204412063,-0.022210469245454,-1.3423305819701,5.6916650917422,0
1233,0.0078841612207538,-0.010991837699937,-1.3326577827358,7.4261223217517,0
1339,0.0049373378456233,0.0025393049487375,-1.3286133558475,10.073523513057,0
1205,-0.0022677472100487,-0.022611532367611,-1.3019024904458,5.4505601959774,0
1338,0.0058955175640888,0.0036378938075713,-1.3012037976528,9.8753505716472,0
1232,0.0065420173940346,-0.013095741995937,-1.2993328967349,7.1809545599286,0
1337,0.0064438733971419,0.004367590905202,-1.2737942394581,9.6771776302382,0
78,-1.2657817267645,-0.0035403989876544,-1.2668405917233,0.12500000400029,0
79,-0.84280360353766,0.022466286630848,-1.2668405917233,0.37500001200029,0
280,-0.34613092221982,0.0017010273622506,-1.2668405917233,0.62500001999983,0
281,-0.087231757192192,-0.015442029065334,-1.2668405917233,0.87500002799983,0
1231,0.0051232450638384,-0.015011843803249,-1.2660080107341,6.9357867981066,0
838,-0.0106302672716,-0.019541386553811,-1.2630392909515,1.1288104973141,0
1204,-0.0030703907910745,-0.022785561574099,-1.2614743989216,5.2094553002125,0
839,0.0064276197764785,-0.022583276646857,-1.2554366894077,1.3864314279422,0
840,0.0073182597324753,-0.02354574082464,-1.247834087864,1.6440523585702,0
1261,0.0068130681128156,0.0045889165844594,-1.2470481992853,9.453806207065,0
841,0.005044808003297,-0.023345237625979,-1.2402314863203,1.9016732891978,0
1230,0.0037022760304882,-0.016700038966321,-1.2326831247334,6.6906190362849,0
842,0.0025490130794697,-0.022826811542259,-1.2326288847766,2.1592942198254,0
843,0.0004274933479258,-0.022328904202751,-1.2250262832328,2.4169151504532,0
1203,-0.0036541927654766,-0.022753539493808,-1.2210463073973,4.9683504044475,0
1260,0.0072248230723483,0.0040482962272831,-1.2209656771343,9.2052363021279,0
844,-0.0012598721075465,-0.021955541253351,-1.2174236816891,2.6745360810811,0
845,-0.0025280193820957,-0.021725937029548,-1.2098210801454,2.9321570117099,0
846,-0.0034544097185263,-0.021641372788085,-1.2022184786016,3.1897779423392,0
1229,0.0023430087418784,-0.01813312393593,-1.1993582387326,6.4454512744628,0
1259,0.0076479700762775,0.0029026123810208,-1.1948831549834,8.9566663971908,0
847,-0.0040965908418518,-0.021685638039644,-1.1946158770578,3.4473988729684,0
848,-0.0044932207696708,-0.021825612693179,-1.1870132755141,3.7050198035976,0
1202,-0.0040265131579087,-0.022512104949057,-1.180618215873,4.7272455086825,0
849,-0.0046690085750971,-0.022015770126244,-1.1794106739703,3.9626407342269,0
850,-0.0046394354428503,-0.022195483179519,-1.1718080724265,4.2202616648561,0
1258,0.0079607568613102,0.0012821023474148,-1.1688006328324,8.7080964922534,0
1228,0.0010923528211225,-0.019292138310454,-1.1660333527319,6.200283512641,0
851,-0.0044130241783424,-0.022315285110053,-1.1642054708827,4.4778825954854,0
1257,0.0080390470894662,-0.00067898669576171,-1.1427181106814,8.4595265873156,0
1227,-2.014243556114e-05,-0.020169762320671,-1.1327084667311,5.9551157508194,0
1256,0.007825920374205,-0.0028362328989433,-1.1166355885305,8.2109566823779,0
1226,-0.00097274770764589,-0.02077093359979,-1.0993835807304,5.7099479889977,0
1255,0.0073347882616018,-0.0050972480365151,-1.0905530663795,7.9623867774403,0
1225,-0.0017517097211349,-0.021111502915681,-1.0660586947297,5.4647802271761,0
1254,0.0066120244243944,-0.0073687346102921,-1.0644705442285,7.7138168725028,0
1253,0.005715380334889,-0.0095661742972391,-1.0383880220776,7.4652469675654,0
80,-1.2845331608999,-0.0025006316386588,-1.0365059386827,0.12500000400028,0
81,-0.85210552412538,0.027259098517522,-1.0365059386827,0.37500001200028,0
282,-0.33136995501684,0.0018102292508087,-1.0365059386827,0.62500001999979,0
283,-0.073237812737062,-0.021154355486944,-1.0365059386827,0.87500002799979,0
852,-0.0010528578626043,-0.02551766400429,-1.0333957835057,1.1288104973141,0
1224,-0.0023515674230559,-0.021216682194793,-1.0327338087289,5.2196124653544,0
853,0.011600544225634,-0.02707556062347,-1.0271754731517,1.3864314279422,0
854,0.010330875075004,-0.026544221254203,-1.0209551627978,1.6440523585701,0
855,0.0070947230443931,-0.025082460918693,-1.0147348524438,1.9016732891978,0
1252,0.0047071291710203,-0.011619315054658,-1.0123054999267,7.2166770626281,0
856,0.004163921328755,-0.023562203893588,-1.0085145420899,2.1592942198254,0
857,0.0018618567819415,-0.022301833598145,-1.0022942317359,2.4169151504532,0
1223,-0.0027754889204188,-0.02110925410312,-0.99940892272816,4.9744447035327,0
858,0.0001253839404068,-0.021369169618575,-0.99607392138197,2.6745360810812,0
1336,0.002266965271251,0.00042957062761495,-0.99021406217283,10.528812819425,0
859,-0.0011637940974965,-0.020748893764133,-0.98985361102799,2.9321570117099,0
1251,0.0036490718458773,-0.013472732531091,-0.98622297777582,6.9681071576918,0
860,-0.0020840205198027,-0.020379745587203,-0.98363330067399,3.1897779423392,0
861,-0.0027193328836286,-0.020222954813491,-0.97741299031999,3.4473988729684,0
862,-0.0031264309402644,-0.020226663836959,-0.971192679966,3.7050198035977,0
1335,0.0053780023065102,0.0019510301951051,-0.97060446519959,10.329704418559,0
1222,-0.0030268766838303,-0.02078768251055,-0.9660840367274,4.7292769417108,0
863,-0.003340521227977,-0.020330555616321,-0.964972369612,3.9626407342269,0
1250,0.0025985318376609,-0.015084582099426,-0.96014045562506,6.7195372527559,0
864,-0.0033841665177611,-0.020462371941877,-0.95875205925801,4.2202616648561,0
865,-0.0032717988714051,-0.02056261736577,-0.95253174890401,4.4778825954854,0
1334,0.0070289502871018,0.0037187958055041,-0.95099486822634,10.130596017692,0
1249,0.0016053399463145,-0.01642502305874,-0.93405793347423,6.4709673478196,0
1333,0.0074826143765725,0.0053052474566592,-0.93138527125319,9.9314876168263,0
1332,0.0070725704873024,0.006314239923319,-0.91177567428009,9.7323792159612,0
1248,0.00070686563646254,-0.017479686683323,-0.90797541132341,6.2223974428835,0
1281,0.0062116540532273,0.0065258518487607,-0.89260801492264,9.50717171666,0
1247,-8.0470191702663e-05,-0.018244600671558,-0.88189288917262,5.9738275379476,0
1280,0.0056240767134377,0.0057309935170108,-0.87388229318089,9.2558651189232,0
1246,-0.00074402586651622,-0.018729442309749,-0.85581036702183,5.7252576330118,0
1279,0.0053972757495554,0.0043621289067013,-0.85515657143915,9.0045585211863,0
1278,0.0053176671839872,0.0026334977607335,-0.83643084969738,8.7532519234492,0
1245,-0.0012762803920886,-0.018954905063631,-0.82972784487102,5.4766877280759,0
1277,0.0052224094816363,0.00063592760166617,-0.8177051279556,8.5019453257116,0
82,-1.3075325531,-0.00038162067063258,-0.8061712856421,0.12500000400028,0
83,-0.86320486659717,0.032918676340632,-0.8061712856421,0.37500001200028,0
284,-0.30893968436056,0.00026922209207546,-0.8061712856421,0.62500001999976,0
285,-0.054794805725581,-0.029547921423011,-0.8061712856421,0.87500002799976,0
866,0.0094215549659989,-0.034668589504777,-0.80375227606,1.1288104973141,0
1244,-0.0016756687527819,-0.018950579101631,-0.80364532272022,5.22811782314,0
1276,0.0050069136374629,-0.0015188744641879,-0.79897940621383,8.2506387279742,0
867,0.015832351091806,-0.033211517243258,-0.7989142568958,1.3864314279422,0
868,0.012244175345252,-0.030050846245149,-0.7940762377316,1.6440523585701,0
869,0.0081803346489013,-0.026675836837461,-0.78923821856741,1.9016732891977,0
870,0.0049827285041307,-0.023804694135315,-0.78440019940322,2.1592942198254,0
1275,0.0046416290837665,-0.0037080212783922,-0.78025368447206,7.9993321302368,0
871,0.0026549083257294,-0.021602639318677,-0.77956218023903,2.4169151504532,0
1243,-0.0019469667788502,-0.018742328961169,-0.77756280056941,4.979547918204,0
872,0.00099394021802529,-0.020019345735009,-0.77472416107484,2.6745360810812,0
873,-0.00018787251768444,-0.018957633328783,-0.76988614191063,2.9321570117099,0
874,-0.0010196229446866,-0.018306049233405,-0.76504812274641,3.1897779423393,0
1274,0.0041402127734713,-0.0058670613131436,-0.76152796273029,7.7480255324996,0
875,-0.0015851966439604,-0.017957164974228,-0.76021010358218,3.4473988729685,0
876,-0.001951822667816,-0.017836427024577,-0.75537208441796,3.7050198035977,0
1242,-0.0020907890685623,-0.018333343696429,-0.75148027841859,4.730978013268,0
877,-0.002161897234916,-0.017866438678883,-0.75053406525373,3.9626407342269,0
878,-0.0022423474436336,-0.017964492605394,-0.74569604608951,4.2202616648561,0
1273,0.003535559743846,-0.0079223391260963,-0.74280224098853,7.4967189347625,0
879,-0.0022135566636973,-0.01806272221605,-0.74085802692529,4.4778825954854,0
1272,0.0028676015486362,-0.0098091012411063,-0.72407651924679,7.2454123370253,0
1271,0.0021780230616638,-0.011476288875767,-0.70535079750511,6.9941057392894,0
1270,0.0015061244164083,-0.012886626563879,-0.68662507576349,6.7427991415537,0
1269,0.0008848819327497,-0.014016202308622,-0.66789935402182,6.4914925438176,0
1268,0.00033681112151165,-0.014864069835681,-0.64917363228015,6.2401859460818,0
1267,-0.00013315703510566,-0.01543405461022,-0.63044791053851,5.9888793483462,0
1266,-0.00052022493389607,-0.015743100045853,-0.61172218879687,5.7375727506106,0
1331,0.0038620628633158,0.00056383470584135,-0.59506458372832,10.572993345295,0
1265,-0.00082212023287251,-0.015817340716104,-0.59299646705521,5.486266152875,0
1330,0.0084685256161472,0.0025481044756922,-0.5832860485075,10.373255671029,0
84,-1.3344106012803,0.0027727501851391,-0.57583663260151,0.12500000400028,0
85,-0.87546133299857,0.037629281443695,-0.57583663260151,0.37500001200028,0
286,-0.27175979405821,-0.0082725200287296,-0.57583663260151,0.62500001999973,0
287,-0.030397907844002,-0.043926033744608,-0.57583663260151,0.87500002799973,0
1264,-0.0010402094191776,-0.015689644430228,-0.57427074531356,5.2349595551394,0
880,0.018437352363725,-0.047993948349171,-0.5741087686143,1.1288104973141,0
1329,0.010389027344933,0.0048858042224791,-0.57150751328668,10.173517996764,0
881,0.017710467336141,-0.040808668278542,-0.57065304063987,1.3864314279422,0
882,0.012279767497407,-0.033341828053976,-0.56719731266544,1.6440523585701,0
883,0.0078356432055851,-0.027328536893083,-0.56374158469101,1.9016732891977,0
884,0.0047270900541598,-0.022858580696218,-0.56028585671659,2.1592942198254,0
1328,0.010203699122643,0.0070490787631847,-0.55972897806591,9.9737803224996,0
885,0.0026434508901958,-0.019673052318825,-0.55683012874217,2.4169151504532,0
1263,-0.0011801241627851,-0.015387741942159,-0.55554502357191,4.9836529574036,0
886,0.0012551615434719,-0.017481324595288,-0.55337440076775,2.6745360810812,0
887,0.00032140726849955,-0.016039948208125,-0.54991867279331,2.93215701171,0
1327,0.0083765080027753,0.0083530055291463,-0.54795044284518,9.7740426482358,0
888,-0.00031350212649283,-0.01516053924472,-0.54646294481887,3.1897779423393,0
889,-0.00073858608652218,-0.014670873075762,-0.54300721684442,3.4473988729685,0
890,-0.0010123978975711,-0.01446090919748,-0.53955148886997,3.7050198035977,0
1262,-0.0012406964270158,-0.01492040992482,-0.53681930183024,4.7323463596678,0
1301,0.0054165031049275,0.0082509928892649,-0.53642149246831,9.5474867923459,0
891,-0.0011758677236445,-0.014437011520507,-0.53609576089553,3.962640734227,0
892,-0.0012541680910589,-0.01451115589923,-0.53264003292108,4.2202616648561,0
893,-0.0012709639187937,-0.014613189301544,-0.52918430494663,4.4778825954854,0
1300,0.0037059522347072,0.0067818948507467,-0.52514212693532,9.2941127548303,0
1299,0.0029966435173678,0.0050665120779443,-0.51386276140234,9.0407387173147,0
1298,0.0026772078899586,0.0033122971775795,-0.50258339586935,8.7873646797988,0
1297,0.0024896655932802,0.0014870712740005,-0.49130403033634,8.5339906422825,0
1296,0.0023181124977635,-0.00042260171685831,-0.48002466480335,8.2806166047662,0
1295,0.0021104315310397,-0.0023052905934853,-0.46874529927035,8.0272425672501,0
1294,0.0018478138202147,-0.0041098439476306,-0.45746593373735,7.7738685297341,0
1293,0.0015415425322619,-0.0057841053315187,-0.44618656820437,7.5204944922182,0
1292,0.001212427776065,-0.0072767488096094,-0.43490720267139,7.2671204547023,0
1291,0.00088269814500753,-0.0085495580593403,-0.42362783713844,7.0137464171876,0
1290,0.00057234868502159,-0.0095794353848493,-0.41234847160553,6.7603723796731,0
1289,0.00029579872712609,-0.010359318359853,-0.4010691060726,6.5069983421583,0
1288,6.0213173985908e-05,-0.010903410909317,-0.38978974053967,6.2536243046437,0
1287,-0.0001350597946118,-0.011222297648426,-0.37851037500675,6.0002502671293,0
1286,-0.00028974779097262,-0.011337431139865,-0.36723100947383,5.746876229615,0
1285,-0.00040442253483359,-0.011276076316102,-0.3559516439409,5.4935021921006,0
87,-0.89280199029268,0.039486912147579,-0.34550197956092,0.37500001200028,0
289,-0.0005363619482218,-0.071911680424794,-0.34550197956092,0.87500002799969,0
86,-1.3655946250253,0.0067010636505787,-0.34550197956092,0.12500000400028,0
288,-0.21365965648655,-0.03288402825783,-0.34550197956092,0.62500001999969,0
1284,-0.00048127410996345,-0.011068921872654,-0.34467227840797,5.2401281545863,0
894,0.021896356399708,-0.065472423736473,-0.34446526116859,1.1288104973141,0
895,0.015520832499008,-0.047161342377501,-0.34239182438393,1.3864314279422,0
896,0.0096403583452223,-0.033784771093004,-0.34031838759927,1.6440523585701,0
897,0.0057250258415397,-0.025004469563255,-0.33824495081462,1.9016732891977,0
898,0.0032957774328967,-0.01927083873275,-0.33617151402996,2.1592942198253,0
899,0.0018253353372563,-0.015520872379711,-0.33409807724531,2.4169151504533,0
1283,-0.00052515375497385,-0.010740552883338,-0.33339291287505,4.9867541170717,0
900,0.00093238531699506,-0.013095691962976,-0.33202464046066,2.6745360810813,0
901,0.00037864506005167,-0.011564201263086,-0.32995120367599,2.93215701171,0
902,2.4412558407714e-05,-0.010641545927207,-0.32787776689133,3.1897779423393,0
903,-0.00020628519167362,-0.010141165251692,-0.32580433010666,3.4473988729685,0
904,-0.00035290995017937,-0.0099140189566268,-0.32373089332199,3.7050198035977,0
1282,-0.00053472785973401,-0.010301930043975,-0.32211354734211,4.7333800795572,0
905,-0.00044181690570855,-0.0098668730638311,-0.32165745653732,3.962640734227,0
906,-0.00048866277747118,-0.0099197603471308,-0.31958401975265,4.2202616648561,0
907,-0.00051327971282929,-0.010011687887252,-0.31751058296798,4.4778825954853,0
1326,0.005917426866147,0.00052208938717047,-0.19853809480257,10.602349027424,0
1325,0.01242498129325,0.0024629788999279,-0.194609732067,10.402289263789,0
1324,0.014917565227146,0.0048942790118155,-0.19068136933143,10.202229500155,0
1323,0.014252845160541,0.0073647183126722,-0.18675300659589,10.002169736522,0
1322,0.010670784829959,0.0089002111781146,-0.18282464386035,9.8021099728886,0
1321,0.0035402787542921,0.0074674519547723,-0.17897623313506,9.5746954153151,0
1320,0.0011560457913355,0.0050901978331698,-0.17520777442002,9.319926063801,0
1319,0.00058487563471188,0.0034342806577162,-0.17143931570497,9.065156712287,0
1318,0.00040593180788294,0.0022512111004899,-0.16767085698993,8.8103873607727,0
1317,0.00031427745557326,0.0011956444280412,-0.16390239827487,8.5556180092579,0
1316,0.00025988288602829,0.00016600861768253,-0.16013393955983,8.3008486577433,0
1315,0.0002195069085506,-0.00082450555786021,-0.15636548084478,8.0460793062287,0
1314,0.00017448441631423,-0.0017408387324242,-0.15259702212973,7.7913099547143,0
1313,0.00012458087074835,-0.0025610466473321,-0.14882856341469,7.5365406032,0
1312,7.5157968165093e-05,-0.0032613971595661,-0.14506010469964,7.2817712516856,0
1311,3.0746413380338e-05,-0.0038272495659532,-0.14129164598461,7.0270019001725,0
1310,-5.828234158086e-06,-0.0042544275683608,-0.13752318726959,6.7722325486596,0
1309,-3.4132488862261e-05,-0.0045507426448878,-0.13375472855457,6.5174631971463,0
1308,-5.4685809493537e-05,-0.0047284305198534,-0.12998626983954,6.2626938456334,0
1307,-6.8197223973103e-05,-0.0047978483777513,-0.12621781112452,6.0079244941206,0
1306,-7.5468533613835e-05,-0.0047748433407672,-0.1224493524095,5.7531551426078,0
1305,-7.7280262126379e-05,-0.0046766075708493,-0.11868089369447,5.4983857910951,0
88,-1.3995003437969,0.0096629649044862,-0.11516732652033,0.12500000400028,0
89,-0.92025080162455,0.040383950406198,-0.11516732652033,0.37500001200028,0
290,-0.13245208558098,-0.049958593689283,-0.11516732652033,0.62500001999966,0
291,0.01770179099923,-0.098547032395175,-0.11516732652033,0.87500002799966,0
1304,-7.4562695412907e-05,-0.0045206363608926,-0.11491243497945,5.2436164395823,0
908,0.01362146582498,-0.069980581628364,-0.11482175372289,1.1288104973141,0
909,0.0067237222715118,-0.039717437547384,-0.114130608128,1.3864314279422,0
910,0.0035557623525358,-0.023336247727625,-0.11343946253311,1.6440523585701,0
911,0.0018898660263667,-0.014816648854751,-0.11274831693822,1.9016732891976,0
912,0.00098705814966696,-0.010093553356745,-0.11205717134334,2.1592942198253,0
913,0.00051562242481228,-0.0073705990621765,-0.11136602574845,2.4169151504533,0
1303,-6.9576564878474e-05,-0.0043197349909361,-0.11114397626442,4.9888470880694,0
914,0.00027108481141117,-0.0057776828821002,-0.11067488015357,2.6745360810813,0
915,0.0001407970577547,-0.0048426785485368,-0.10998373455868,2.9321570117101,0
916,6.7806781192377e-05,-0.004302922263821,-0.10929258896378,3.1897779423394,0
917,2.3914785858583e-05,-0.0040134725011155,-0.10860144336889,3.4473988729685,0
918,-3.5159232222797e-06,-0.0038829616110451,-0.107910297774,3.7050198035978,0
1302,-6.3073675888052e-05,-0.0040792681405291,-0.1073755175494,4.7340777365564,0
919,-2.0315016213371e-05,-0.0038519168656481,-0.10721915217911,3.962640734227,0
920,-2.9256400578199e-05,-0.0038761640832911,-0.10652800658422,4.2202616648561,0
921,-3.7147888767762e-05,-0.0039222494707569,-0.10583686098933,4.4778825954853,0
1422,0.009216141478177,0.0019758707490979,0.12500000399984,9.8127790187811,0
1423,0.015850130853474,0.0028459735983784,0.12500000399992,10.012913941184,0
1424,0.017379459246571,0.0021566282336032,0.125000004,10.213048863588,0
1425,0.014678036572528,0.00098814122011653,0.12500000400007,10.413183785993,0
1426,0.0070955452753168,4.2911650925326e-05,0.12500000400015,10.613318708398,0
91,-0.91334027495867,0.01289365611887,0.13392857571381,0.37500001200028,0
90,-1.4251475021285,0.0033081668477977,0.1339285757139,0.12500000400028,0
1427,0.007665812456967,0.0002599160166425,0.37500001199939,9.8128599683835,0
1428,0.015674658001644,0.00085406272325378,0.37500001199967,10.012976901986,0
1429,0.018160499091774,0.000671857597541,0.37500001199995,10.21309383559,0
1430,0.015567898796745,0.00019699514260629,0.37500001200023,10.413210769194,0
1431,0.007537424894039,-0.00010987273526367,0.37500001200051,10.613327702798,0
93,-0.9179492790077,0.0014033130892185,0.40178572714142,0.37500001200027,0
92,-1.432484218821,0.00039430921916033,0.40178572714169,0.12500000400027,0
1432,0.0071569518083488,3.1922722458577e-06,0.62500001999882,9.812940917986,0
1433,0.015442594319411,0.00016224760656995,0.62500001999935,10.013039862788,0
1434,0.018314415882545,7.8202918863211e-05,0.62500001999989,10.213138807592,0
1435,0.015725813546948,-7.9794134019492e-05,0.62500002000042,10.413237752395,0
1436,0.0075040492856058,-9.7149300575269e-05,0.62500002000096,10.613336697199,0
95,-0.91847857877783,0.00013386545973655,0.66964287856901,0.37500001200026,0
94,-1.4332238165178,1.2291166145212e-06,0.66964287856944,0.12500000400026,0
1437,0.0071560099794755,-2.3300837277293e-05,0.87500002799833,9.8130218675885,0
1438,0.015455590997275,-3.6668734675381e-05,0.87500002799913,10.01310282359,0
1439,0.018358121455734,-9.9049304414552e-05,0.87500002799992,10.213183779593,0
1440,0.015676892053485,-0.00013314816682334,0.87500002800071,10.413264735597,0
1441,0.0073724329552961,-6.2310055363915e-05,0.8750000280015,10.613345691599,0
97,-0.91847920143591,-1.0668518562201e-05,0.93750002999662,0.37500001200025,0
96,-1.4332344185483,-1.6755361801674e-05,0.93750002999722,0.12500000400025,0
1442,0.0072193962963107,-8.9168611599723e-06,1.1250000359984,9.8131028171909,0
1443,0.015549833067968,-5.1995150921072e-05,1.1250000359992,10.013165784392,0
1444,0.018412471426145,-0.00011785353712398,1.125000036,10.213228751595,0
1445,0.015610382396835,-0.00012859934622506,1.1250000360008,10.413291718798,0
1446,0.0072477121590574,-4.5051109441206e-05,1.1250000360016,10.613354685999,0
99,-0.91848151556251,-5.4116709103158e-06,1.2053571814243,0.37500001200024,0
98,-1.4332163647861,-5.8650900236007e-06,1.2053571814251,0.12500000400024,0
1447,0.00719971247752,4.4188155644206e-05,1.375000043999,9.8131837667934,0
1448,0.015644944855408,1.3331761724281e-05,1.3750000439995,10.013228745194,0
1449,0.018515073663925,-8.7705108570031e-05,1.3750000440001,10.213273723596,0
1450,0.015574325662013,-0.00014031460804737,1.3750000440006,10.413318701999,0
1451,0.007101774996414,-7.2089234477731e-05,1.3750000440012,10.6133636804,0
101,-0.91848478635694,-1.933428573234e-06,1.4732143328521,0.37500001200023,0
100,-1.4332088944418,-2.3821340020296e-06,1.4732143328532,0.12500000400023,0
1452,0.0071746527838106,0.00016234401833458,1.6250000519995,9.8132647163959,0
1453,0.015727113196624,0.00010904177813396,1.6250000519998,10.013291705996,0
1454,0.018613471344342,-5.0609802277768e-05,1.6250000520001,10.213318695598,0
1455,0.015577319101782,-0.000179438195608,1.6250000520004,10.4133456852,0
1456,0.0070057315112416,-0.0001751469997205,1.6250000520007,10.6133726748,0
103,-0.91848632288045,-1.5766164728377e-06,1.7410714842809,0.37500001200022,0
102,-1.4332044754367,-2.0198027443138e-06,1.7410714842815,0.12500000400022,0
1457,0.0076319124799109,-0.00084437024471322,1.8750000599999,9.8133456659984,0
1458,0.015549030872105,-0.00056783591197785,1.8750000599999,10.013354666798,0
1459,0.018104806210196,2.5437144261171e-06,1.87500006,10.2133636676,0
1460,0.01537152279173,0.00057177471529136,1.8750000600001,10.413372668401,0
1461,0.0074321040132186,0.00082906358301706,1.8750000600002,10.613381669201,0
104,-1.4332002802746,-2.334570672707e-06,2.0089286357098,0.12500000400021,0
105,-0.91848768231035,-1.8403819849134e-06,2.0089286357104,0.37500001200021,0
106,-1.4331953861785,-2.8146049190104e-06,2.276785787138,0.1250000040002,0
107,-0.91848930917185,-2.223596393163e-06,2.2767857871399,0.3750000120002,0
108,-1.4331894810015,-3.4021961060644e-06,2.5446429385661,0.12500000400019,0
109,-0.91849128272746,-2.6885526410383e-06,2.5446429385694,0.37500001200019,0
110,-1.4331823426562,-4.1117371508753e-06,2.8125000899943,0.12500000400017,0
111,-0.91849366883844,-3.2493678791938e-06,2.8125000899989,0.37500001200017,0
112,-1.4331737157686,-4.9688668079472e-06,3.0803572414224,0.12500000400016,0
113,-0.91849655236845,-3.9266892371669e-06,3.0803572414284,0.37500001200016,0
114,-1.4331632906424,-6.0046146078829e-06,3.3482143928505,0.12500000400015,0
115,-0.91850003693229,-4.7451055006492e-06,3.3482143928579,0.37500001200015,0
116,-1.4331506925268,-7.2562842992046e-06,3.6160715442787,0.12500000400014,0
117,-0.91850424780822,-5.7340917762735e-06,3.6160715442874,0.37500001200014,0
118,-1.4331354684581,-8.7689128782733e-06,3.8839286957068,0.12500000400013,0
119,-0.91850933639856,-6.9292077341307e-06,3.8839286957169,0.37500001200013,0
120,-1.4331170710195,-1.0596929359222e-05,4.1517858471349,0.12500000400012,0
121,-0.91851548567502,-8.3734173642735e-06,4.1517858471464,0.37500001200012,0
122,-1.4330948386477,-1.2806124591886e-05,4.4196429985631,0.12500000400011,0
123,-0.91852291676191,-1.0118639971713e-05,4.4196429985759,0.37500001200011,0
124,-1.4330679718186,-1.5476028192697e-05,4.6875001499912,0.1250000040001,0
125,-0.91853189689591,-1.2227617533071e-05,4.6875001500054,0.3750000120001,0
126,-1.4330355042578,-1.8702784200066e-05,4.9553573014194,0.12500000400009,0
127,-0.91854274904868,-1.4776170988699e-05,4.9553573014349,0.37500001200009,0
128,-1.4329962681344,-2.2602631658048e-05,5.2232144528475,0.12500000400008,0
129,-0.9185558635605,-1.7855927161746e-05,5.2232144528644,0.37500001200008,0
130,-1.4329488519756,-2.7316118917814e-05,5.4910716042756,0.12500000400007,0
131,-0.91857171220642,-2.1577614600143e-05,5.4910716042939,0.37500001200007,0
132,-1.432891549776,-3.301320821031e-05,5.7589287557038,0.12500000400006,0
133,-0.91859086520572,-2.6075047022406e-05,5.7589287557234,0.37500001200006,0
134,-1.4328222994479,-3.9899461656405e-05,6.0267859071319,0.12500000400005,0
135,-0.91861401179348,-3.1509938148685e-05,6.0267859071529,0.37500001200005,0
136,-1.4327386083693,-4.8223542037273e-05,6.29464305856,0.12500000400004,0
137,-0.91864198510481,-3.8077721617337e-05,6.2946430585824,0.37500001200004,0
138,-1.4326374633036,-5.8286314029199e-05,6.5625002099882,0.12500000400003,0
139,-0.91867579228068,-4.6014586541932e-05,6.5625002100119,0.37500001200003,0
140,-1.4325152213863,-7.0451896708484e-05,6.8303573614163,0.12500000400002,0
141,-0.91871665090259,-5.5605983407821e-05,6.8303573614414,0.37500001200002,0
142,-1.4323674781553,-8.516109816447e-05,7.0982145128445,0.12500000400001,0
143,-0.91876603309761,-6.7196908565505e-05,7.0982145128709,0.37500001200001,0
144,-1.4321889077346,-0.000102947765406,7.3660716642727,0.125000004,0
145,-0.91882571894902,-8.1204342019055e-05,7.3660716643004,0.375000012,0
146,-1.4319730692082,-0.00012445870844189,7.6339288157015,0.12500000399999,0
147,-0.91889786120434,-9.8132291828044e-05,7.6339288157292,0.37500001199999,0
148,-1.4317121719057,-0.00015047801945635,7.9017859671309,0.12500000399998,0
149,-0.91898506371247,-0.00011858999954414,7.9017859671574,0.37500001199998,0
150,-1.4313967906967,-0.00018195681152091,8.1696431185603,0.12500000399997,0
151,-0.91909047656051,-0.00014331397816292,8.1696431185856,0.37500001199997,0
152,-1.431015520377,-0.00022004966292679,8.4375002699898,0.12500000399996,0
153,-0.9192179115595,-0.00017319470788377,8.4375002700138,0.37500001199996,0
154,-1.4305545557225,-0.0002661593889926,8.7053574214193,0.12500000399995,0
155,-0.91937198255669,-0.0002093090054397,8.7053574214419,0.37500001199995,0
156,-1.4299971806491,-0.0003219921957682,8.9732145728487,0.12500000399994,0
157,-0.91955827610596,-0.00025295932033371,8.9732145728701,0.37500001199994,0
158,-1.4293231459601,-0.00038962583099346,9.2410717242782,0.12500000399993,0
159,-0.9197835593432,-0.00030572153391811,9.2410717242983,0.37500001199993,0
160,-1.4285079101415,-0.00047159407449854,9.5089288757077,0.12500000399992,0
161,-0.92005603358152,-0.00036950325928114,9.5089288757265,0.37500001199992,0
162,-1.4275217112343,-0.00057099185090524,9.7767860271371,0.12500000399991,0
163,-0.9203856442487,-0.00044661522510603,9.7767860271546,0.37500001199991,0
164,-1.4263284295379,-0.00069160644349025,10.044643178567,0.1250000039999,0
165,-0.92078446053656,-0.00053985914768862,10.044643178583,0.3750000119999,0
166,-1.4248841901231,-0.00083808179885426,10.312500329996,0.12500000399989,0
167,-0.92126714184146,-0.00065263671247266,10.312500330011,0.37500001199989,0
168,-1.423135639922,-0.001016124907617,10.580357481426,0.12500000399988,0
169,-0.92185151309233,-0.00078908640273977,10.580357481439,0.37500001199988,0
170,-1.4210178154313,-0.0012327657626071,10.848214632855,0.12500000399987,0
171,-0.92255927713595,-0.00095425837388429,10.848214632867,0.37500001199987,0
172,-1.4184514916168,-0.001496684238182,11.116071784284,0.12500000399986,0
173,-0.9234168986951,-0.0011543412687884,11.116071784295,0.37500001199986,0
174,-1.4153398630884,-0.0018186168521368,11.383928935714,0.12500000399985,0
175,-0.92445670362616,-0.001396958329123,11.383928935724,0.37500001199985,0
176,-1.4115643475474,-0.0022118622833012,11.651786087143,0.12500000399984,0
177,-0.92571826081069,-0.001691571307602,11.651786087152,0.37500001199984,0
178,-1.406979260694,-0.0026929332490899,11.919643238573,0.12500000399983,0
179,-0.92725015828907,-0.0020501018759829,11.91964323858,0.37500001199983,0
180,-1.4014051795902,-0.0032823784831705,12.187500390002,0.12500000399982,0
181,-0.92911231089882,-0.002487892614252,12.187500390008,0.37500001199982,0
182,-1.3946206266626,-0.0040054900156515,12.455357541432,0.12500000399981,0
183,-0.9313789049117,-0.0030247568084173,12.455357541436,0.37500001199981,0
184,-1.3863499542622,-0.0048924774320815,12.723214692861,0.12500000399979,0
185,-0.93414213296701,-0.0036858862500548,12.723214692864,0.37500001199979,0
186,-1.376243743217,-0.0059800935333817,12.991071844291,0.12500000399978,0
187,-0.93751687579563,-0.004506273513976,12.991071844293,0.37500001199978,0
188,-1.3638597579951,-0.0073190198511051,13.25892899572,0.12500000399977,0
189,-0.94164513624614,-0.0055455542068595,13.258928995721,0.37500001199977,0
191,-0.94669994656177,-0.0068885576984642,13.526786147149,0.37500001199976,0
190,-1.3486742570676,-0.0089694434184639,13.526786147149,0.12500000399976,0
193,-0.952912906276,-0.0085547023056961,13.794643298576,0.37500001199975,0
192,-1.3300719300645,-0.010924634276783,13.794643298576,0.12500000399975,0
195,-0.96067269357666,-0.010469144109515,14.062500450004,0.37500001199974,0
194,-1.3070249695623,-0.013055153521211,14.062500450004,0.12500000399974,0
197,-0.97049394030715,-0.013209843999781,14.330357601431,0.37500001199973,0
196,-1.2777278556929,-0.015625111293876,14.330357601431,0.12500000399973,0
199,-0.98206637470969,-0.018459033250687,14.598214752859,0.37500001199972,0
198,-1.241979570556,-0.019712847743849,14.598214752859,0.12500000399972,0
201,-0.9931194268599,-0.021813822976184,14.866071904286,0.37500001199971,0
200,-1.2064789907805,-0.021313426381368,14.866071904286,0.12500000399971,0
