id,x,y,z,yw
0,-1.0320806131838999e+01,1.5630578406000000e-02,0.0000000000000000e+00,1.2499044622995999e-02
1,-1.0320706058195000e+01,4.6891603504968002e-02,0.0000000000000000e+00,1.2507958378248000e-02
2,-1.0320515964883000e+01,7.8152234193144002e-02,0.0000000000000000e+00,1.2515732706128000e-02
3,-1.0320235853425000e+01,1.0941220935795000e-01,0.0000000000000000e+00,1.2522367592525001e-02
4,-1.0319865726121000e+01,1.4067126595026000e-01,0.0000000000000000e+00,1.2527863097155000e-02
5,-1.0319405586047999e+01,1.7192914034543999e-01,0.0000000000000000e+00,1.2532219247509000e-02
6,-1.0318855437022000e+01,2.0318557104419999e-01,0.0000000000000000e+00,1.2535436092301001e-02
7,-1.0318215283621001e+01,2.3444029630829000e-01,0.0000000000000000e+00,1.2537513682063999e-02
8,-1.0317485131205000e+01,2.6569305333658999e-01,0.0000000000000000e+00,1.2538452092557001e-02
9,-1.0316664985918999e+01,2.9694357877993999e-01,0.0000000000000000e+00,1.2538251410821001e-02
10,-1.0315754854659000e+01,3.2819161010258002e-01,0.0000000000000000e+00,1.2536911743544999e-02
11,-1.0314754745039000e+01,3.5943688626655002e-01,0.0000000000000000e+00,1.2534433109016000e-02
12,-1.0313664665465000e+01,3.9067914509589002e-01,0.0000000000000000e+00,1.2530815649568001e-02
13,-1.0312484625187000e+01,4.2191812240741999e-01,0.0000000000000000e+00,1.2526059536401001e-02
14,-1.0311214634149000e+01,4.5315355610273000e-01,0.0000000000000000e+00,1.2520164869834999e-02
15,-1.0309854703011000e+01,4.8438518526084001e-01,0.0000000000000000e+00,1.2513131714738999e-02
12928,-1.0308393078428001e+01,5.1564643511276997e-01,0.0000000000000000e+00,1.2515007561351999e-02
12929,-1.0306829575990999e+01,5.4693703296892004e-01,0.0000000000000000e+00,1.2525839907959999e-02
12930,-1.0305175776912000e+01,5.7822301796035003e-01,0.0000000000000000e+00,1.2535529329488000e-02
12931,-1.0303431695059000e+01,6.0950412620467997e-01,0.0000000000000000e+00,1.2544075981065000e-02
12932,-1.0301597345068000e+01,6.4078009391367996e-01,0.0000000000000000e+00,1.2551480053642001e-02
12933,-1.0299672742342000e+01,6.7205065737441005e-01,0.0000000000000000e+00,1.2557741735151000e-02
12934,-1.0297657903060999e+01,7.0331555286659997e-01,0.0000000000000000e+00,1.2562861219455001e-02
12935,-1.0295552844171000e+01,7.3457451672500995e-01,0.0000000000000000e+00,1.2566838723860999e-02
12936,-1.0293357583388000e+01,7.6582728537941003e-01,0.0000000000000000e+00,1.2569674468995000e-02
12937,-1.0291072139216000e+01,7.9707359505149000e-01,0.0000000000000000e+00,1.2571368682435000e-02
12938,-1.0288696530908000e+01,8.2831318230622997e-01,0.0000000000000000e+00,1.2571921616916001e-02
12939,-1.0286230778483000e+01,8.5954578384110003e-01,0.0000000000000000e+00,1.2571333524303001e-02
12940,-1.0283674902745000e+01,8.9077113616640002e-01,0.0000000000000000e+00,1.2569604669617001e-02
12941,-1.0281028925304000e+01,9.2198897548993997e-01,0.0000000000000000e+00,1.2566735341662000e-02
12942,-1.0278292868489000e+01,9.5319903864599997e-01,0.0000000000000000e+00,1.2562725825636001e-02
12943,-1.0275466755388001e+01,9.8440106269590000e-01,0.0000000000000000e+00,1.2557576431402999e-02
18688,-1.0270840831443000e+01,1.0329193244649000e+00,0.0000000000000000e+00,1.2534335606724000e-02
18689,-1.0264256823864001e+01,1.0987375732856000e+00,0.0000000000000000e+00,1.2533266951009999e-02
18690,-1.0257266355665999e+01,1.1645138946342000e+00,0.0000000000000000e+00,1.2532207825766001e-02
18691,-1.0249869693594000e+01,1.2302457785562999e+00,0.0000000000000000e+00,1.2531158247826000e-02
18692,-1.0242067119915999e+01,1.2959307165516001e+00,0.0000000000000000e+00,1.2530118210480000e-02
18693,-1.0233858932368999e+01,1.3615662021221999e+00,0.0000000000000000e+00,1.2529087714324001e-02
18694,-1.0225245444146999e+01,1.4271497307807000e+00,0.0000000000000000e+00,1.2528066764750000e-02
18695,-1.0216226983928999e+01,1.4926787998761000e+00,0.0000000000000000e+00,1.2527055365553000e-02
18696,-1.0206803895883001e+01,1.5581509085659000e+00,0.0000000000000000e+00,1.2526053524186001e-02
18697,-1.0196976539599000e+01,1.6235635583426999e+00,0.0000000000000000e+00,1.2525061228212999e-02
18698,-1.0186745290106000e+01,1.6889142529148999e+00,0.0000000000000000e+00,1.2524078488324000e-02
18699,-1.0176110537883000e+01,1.7542004981303001e+00,0.0000000000000000e+00,1.2523105315474001e-02
18700,-1.0165072688684999e+01,1.8194198030363000e+00,0.0000000000000000e+00,1.2522141697995001e-02
18701,-1.0153632163647000e+01,1.8845696792277000e+00,0.0000000000000000e+00,1.2521187644191000e-02
18702,-1.0141789399419000e+01,1.9496476400653000e+00,0.0000000000000000e+00,1.2520243153442001e-02
18703,-1.0129544847978000e+01,2.0146512018339999e+00,0.0000000000000000e+00,1.2519308227632000e-02
18704,-1.0116898976547001e+01,2.0795778841380002e+00,0.0000000000000000e+00,1.2518382877895000e-02
18705,-1.0103852267680001e+01,2.1444252094150000e+00,0.0000000000000000e+00,1.2517467100120999e-02
18706,-1.0090405219250000e+01,2.2091907030011000e+00,0.0000000000000000e+00,1.2516560891711000e-02
18707,-1.0076558344407999e+01,2.2738718933650000e+00,0.0000000000000000e+00,1.2515664260096000e-02
18708,-1.0062312171531000e+01,2.3384663123392002e+00,0.0000000000000000e+00,1.2514777202013000e-02
18709,-1.0047667244271000e+01,2.4029714948839000e+00,0.0000000000000000e+00,1.2513899726414000e-02
18710,-1.0032624121516999e+01,2.4673849792897000e+00,0.0000000000000000e+00,1.2513031839191001e-02
18711,-1.0017183377288999e+01,2.5317043076254002e+00,0.0000000000000000e+00,1.2512173530792000e-02
18712,-1.0001345600757000e+01,2.5959270256389000e+00,0.0000000000000000e+00,1.2511324806701999e-02
18713,-9.9851113963203009e+00,2.6600506824319998e+00,0.0000000000000000e+00,1.2510485672333999e-02
18714,-9.9684813835664006e+00,2.7240728306673998e+00,0.0000000000000000e+00,1.2509656128148000e-02
18715,-9.9514561970875004e+00,2.7879910272823998e+00,0.0000000000000000e+00,1.2508836169328999e-02
18716,-9.9340364865166997e+00,2.8518028333192000e+00,0.0000000000000000e+00,1.2508025809865000e-02
18717,-9.9162229166212992e+00,2.9155058135827998e+00,0.0000000000000000e+00,1.2507225047679000e-02
18718,-9.8980161671688993e+00,2.9790975371355999e+00,0.0000000000000000e+00,1.2506433880294000e-02
18719,-9.8794169329263006e+00,3.0425755773073999e+00,0.0000000000000000e+00,1.2505652312692000e-02
18720,-9.8604259236510003e+00,3.1059375117127002e+00,0.0000000000000000e+00,1.2504880343522999e-02
18721,-9.8410438640332991e+00,3.1691809224598000e+00,0.0000000000000000e+00,1.2504117979090000e-02
18722,-9.8212714937045007e+00,3.2323033961148000e+00,0.0000000000000000e+00,1.2503365217482000e-02
18723,-9.8011095672286004e+00,3.2953025237457001e+00,0.0000000000000000e+00,1.2502622065521000e-02
18724,-9.7805588540557995e+00,3.3581759010721002e+00,0.0000000000000000e+00,1.2501888518437001e-02
18725,-9.7596201383920995e+00,3.4209211288671000e+00,0.0000000000000000e+00,1.2501164582081999e-02
18726,-9.7382942192173001e+00,3.4835358128850999e+00,0.0000000000000000e+00,1.2500450253974000e-02
18727,-9.7165819103326996e+00,3.5460175637200000e+00,0.0000000000000000e+00,1.2499745544215001e-02
18728,-9.6944840403300994e+00,3.6083639969089001e+00,0.0000000000000000e+00,1.2499050444147000e-02
18729,-9.6720014525002007e+00,3.6705727331998999e+00,0.0000000000000000e+00,1.2498364961670999e-02
18730,-9.6491350047354008e+00,3.7326413988131999e+00,0.0000000000000000e+00,1.2497689097902000e-02
18731,-9.6258855695586991e+00,3.7945676253524998e+00,0.0000000000000000e+00,1.2497022852154000e-02
18732,-9.6022540342466005e+00,3.8563490494852002e+00,0.0000000000000000e+00,1.2496366230816999e-02
18733,-9.5782413007248994e+00,3.9179833132406001e+00,0.0000000000000000e+00,1.2495719228143000e-02
18734,-9.5538482852853992e+00,3.9794680647387000e+00,0.0000000000000000e+00,1.2495081852473999e-02
18735,-9.5290759187091005e+00,4.0408009578559998e+00,0.0000000000000000e+00,1.2494454099079001e-02
18736,-9.5039251463637004e+00,4.1019796519831999e+00,0.0000000000000000e+00,1.2493835972655999e-02
18737,-9.4783969279935008e+00,4.1630018125517996e+00,0.0000000000000000e+00,1.2493227476269001e-02
18738,-9.4524922378114997e+00,4.2238651108142999e+00,0.0000000000000000e+00,1.2492628610615999e-02
18739,-9.4262120643656999e+00,4.2845672241589998e+00,0.0000000000000000e+00,1.2492039371483001e-02
18740,-9.3995574104677004e+00,4.3451058362774004e+00,0.0000000000000000e+00,1.2491459769619000e-02
18741,-9.3725292933009001e+00,4.4054786369099999e+00,0.0000000000000000e+00,1.2490889799929000e-02
18742,-9.3451287442210003e+00,4.4656833223002002e+00,0.0000000000000000e+00,1.2490329464277000e-02
18743,-9.3173568087725993e+00,4.5257175951514004e+00,0.0000000000000000e+00,1.2489778766613001e-02
18744,-9.2892145468302001e+00,4.5855791643288004e+00,0.0000000000000000e+00,1.2489237703901999e-02
18745,-9.2607030323966999e+00,4.6452657453019999e+00,0.0000000000000000e+00,1.2488706280761999e-02
18746,-9.2318233534430991e+00,4.7047750604824001e+00,0.0000000000000000e+00,1.2488184499951999e-02
18747,-9.2025766120047994e+00,4.7641048390099003e+00,0.0000000000000000e+00,1.2487672357699001e-02
18748,-9.1729639241362992e+00,4.8232528168481004e+00,0.0000000000000000e+00,1.2487169859001000e-02
18749,-9.1429864198385005e+00,4.8822167369320999e+00,0.0000000000000000e+00,1.2486677004733999e-02
18750,-9.1126452431402001e+00,4.9409943490139003e+00,0.0000000000000000e+00,1.2486193794115001e-02
18751,-9.0819415520949001e+00,4.9995834096845000e+00,0.0000000000000000e+00,1.2485720231626999e-02
18752,-9.0508765183946007e+00,5.0579816831146998e+00,0.0000000000000000e+00,1.2485256314310000e-02
18753,-9.0194513273005992e+00,5.1161869411656999e+00,0.0000000000000000e+00,1.2484802047557000e-02
18754,-8.9876671779278006e+00,5.1741969628437996e+00,0.0000000000000000e+00,1.2484357425740000e-02
18755,-8.9555252831715002e+00,5.2320095344480997e+00,0.0000000000000000e+00,1.2483922457432999e-02
18756,-8.9230268696506005e+00,5.2896224496866999e+00,0.0000000000000000e+00,1.2483497139358000e-02
18757,-8.8901731777666004e+00,5.3470335095854002e+00,0.0000000000000000e+00,1.2483081474944001e-02
18758,-8.8569654613497999e+00,5.4042405231129003e+00,0.0000000000000000e+00,1.2482675463642000e-02
18759,-8.8234049873918998e+00,5.4612413076244000e+00,0.0000000000000000e+00,1.2482279105356001e-02
18760,-8.7894930363897998e+00,5.5180336882518999e+00,0.0000000000000000e+00,1.2481892403501000e-02
18761,-8.7552309025382993e+00,5.5746154975940998e+00,0.0000000000000000e+00,1.2481515355745000e-02
18762,-8.7206198934441996e+00,5.6309845762129003e+00,0.0000000000000000e+00,1.2481147964951001e-02
18763,-8.6856613298058001e+00,5.6871387731532996e+00,0.0000000000000000e+00,1.2480790233557000e-02
18764,-8.6503565455406992e+00,5.7430759457251002e+00,0.0000000000000000e+00,1.2480442158980001e-02
18765,-8.6147068879916002e+00,5.7987939591786999e+00,0.0000000000000000e+00,1.2480103744038001e-02
18766,-8.5787137176446002e+00,5.8542906871586000e+00,0.0000000000000000e+00,1.2479774989363000e-02
18767,-8.5423784080893999e+00,5.9095640117701000e+00,0.0000000000000000e+00,1.2479455897131000e-02
18768,-8.5057023459806000e+00,5.9646118236341996e+00,0.0000000000000000e+00,1.2479146466014000e-02
18769,-8.4686869307896995e+00,6.0194320222571998e+00,0.0000000000000000e+00,1.2478846696890001e-02
18770,-8.4313335749064002e+00,6.0740225158704000e+00,0.0000000000000000e+00,1.2478556590109000e-02
18771,-8.3936437038370002e+00,6.1283812211441999e+00,0.0000000000000000e+00,1.2478276148220000e-02
18772,-8.3556187559861996e+00,6.1825060635176996e+00,0.0000000000000000e+00,1.2478005370518000e-02
18773,-8.3172601823211991e+00,6.2363949776767997e+00,0.0000000000000000e+00,1.2477744256769001e-02
18774,-8.2785694466100992e+00,6.2900459072111001e+00,0.0000000000000000e+00,1.2477492810020000e-02
18775,-8.2395480253959992e+00,6.3434568046524999e+00,0.0000000000000000e+00,1.2477251029621000e-02
18776,-8.2001974077371003e+00,6.3966256318383996e+00,0.0000000000000000e+00,1.2477018915417000e-02
18777,-8.1605190952731999e+00,6.4495503598167998e+00,0.0000000000000000e+00,1.2476796468481001e-02
18778,-8.1205146021454002e+00,6.5022289689545003e+00,0.0000000000000000e+00,1.2476583689686000e-02
18779,-8.0801854549954992e+00,6.5546594489418997e+00,0.0000000000000000e+00,1.2476380579512000e-02
18780,-8.0395331928584000e+00,6.6068397989337999e+00,0.0000000000000000e+00,1.2476187138173001e-02
18781,-7.9985593670302002e+00,6.6587680277211998e+00,0.0000000000000000e+00,1.2476003365634000e-02
18782,-7.9572655410705000e+00,6.7104421537237000e+00,0.0000000000000000e+00,1.2475829262651001e-02
18783,-7.9156532906369996e+00,6.7618602051941998e+00,0.0000000000000000e+00,1.2475664830217999e-02
18784,-7.8737242036698003e+00,6.8130202199922998e+00,0.0000000000000000e+00,1.2475510068553001e-02
18785,-7.8314798804911003e+00,6.8639202454737003e+00,0.0000000000000000e+00,1.2475364977496999e-02
18786,-7.7889219331969999e+00,6.9145583392313998e+00,0.0000000000000000e+00,1.2475229557294000e-02
18787,-7.7460519856005003e+00,6.9649325691517001e+00,0.0000000000000000e+00,1.2475103808927000e-02
18788,-7.7028716736111997e+00,7.0150410129573002e+00,0.0000000000000000e+00,1.2474987732398000e-02
18789,-7.6593826451879998e+00,7.0648817582768997e+00,0.0000000000000000e+00,1.2474881328176000e-02
18790,-7.6155865599385004e+00,7.1144529031108004e+00,0.0000000000000000e+00,1.2474784596238001e-02
18791,-7.5714850890622998e+00,7.1637525558909001e+00,0.0000000000000000e+00,1.2474697536611000e-02
18792,-7.5270799155172003e+00,7.2127788352891997e+00,0.0000000000000000e+00,1.2474620149589000e-02
18793,-7.4823727338120998e+00,7.2615298704519997e+00,0.0000000000000000e+00,1.2474552435431999e-02
18794,-7.4373652500952998e+00,7.3100038009062001e+00,0.0000000000000000e+00,1.2474494395304001e-02
18795,-7.3920591819246004e+00,7.3581987768088002e+00,0.0000000000000000e+00,1.2474446027668000e-02
18796,-7.3464562580608996e+00,7.4061129591650001e+00,0.0000000000000000e+00,1.2474407333408001e-02
18797,-7.3005582188132001e+00,7.4537445194616003e+00,0.0000000000000000e+00,1.2474378312965001e-02
18798,-7.2543668159252999e+00,7.5010916397963996e+00,0.0000000000000000e+00,1.2474358966122000e-02
18799,-7.2078838119053996e+00,7.5481525135645002e+00,0.0000000000000000e+00,1.2474349292286000e-02
91007,-7.1668000928815001e+00,7.5892976847710001e+00,0.0000000000000000e+00,1.2485268716564000e-02
90967,-7.1311783905343997e+00,7.6245873224039000e+00,0.0000000000000000e+00,1.2485269420258001e-02
90927,-7.0953918257395001e+00,7.6597097650529999e+00,0.0000000000000000e+00,1.2485270827643001e-02
90887,-7.0594411832148003e+00,7.6946642425635003e+00,0.0000000000000000e+00,1.2485272938678999e-02
90847,-7.0233272512253997e+00,7.7294499885116004e+00,0.0000000000000000e+00,1.2485275753327000e-02
90807,-6.9870508215745000e+00,7.7640662402113003e+00,0.0000000000000000e+00,1.2485279271580000e-02
90767,-6.9506126897875999e+00,7.7985122385406997e+00,0.0000000000000000e+00,1.2485283493660000e-02
90727,-6.9140136550923001e+00,7.8327872279662003e+00,0.0000000000000000e+00,1.2485288419666001e-02
90687,-6.8772545201503004e+00,7.8668904567976004e+00,0.0000000000000000e+00,1.2485294049390000e-02
90647,-6.8403360909813999e+00,7.9008211772549002e+00,0.0000000000000000e+00,1.2485300382511000e-02
90607,-6.8032591770547004e+00,7.9345786453785996e+00,0.0000000000000000e+00,1.2485307419489999e-02
90567,-6.7660245914025996e+00,7.9681621209270004e+00,0.0000000000000000e+00,1.2485315160080000e-02
90527,-6.7286331504929997e+00,8.0015708674919992e+00,0.0000000000000000e+00,1.2485323604179000e-02
90487,-6.6910856741667004e+00,8.0348041525555001e+00,0.0000000000000000e+00,1.2485332751925000e-02
90447,-6.6533829857046003e+00,8.0678612474277998e+00,0.0000000000000000e+00,1.2485342603609000e-02
90407,-6.6155259119591001e+00,8.1007414271354996e+00,0.0000000000000000e+00,1.2485353158753000e-02
90367,-6.5775152832512003e+00,8.1334439705159003e+00,0.0000000000000000e+00,1.2485364418042001e-02
90327,-6.5393519331379002e+00,8.1659681604183998e+00,0.0000000000000000e+00,1.2485376380688000e-02
90287,-6.5010366984898997e+00,8.1983132836350006e+00,0.0000000000000000e+00,1.2485389047089001e-02
90247,-6.4625704195480997e+00,8.2304786308513993e+00,0.0000000000000000e+00,1.2485402417304000e-02
90207,-6.4239539397279000e+00,8.2624634968098007e+00,0.0000000000000000e+00,1.2485416490659000e-02
90167,-6.3851881055529001e+00,8.2942671803593999e+00,0.0000000000000000e+00,1.2485431267855000e-02
90127,-6.3462737669906000e+00,8.3258889841777997e+00,0.0000000000000000e+00,1.2485446748625000e-02
90087,-6.3072117774827001e+00,8.3573282147530996e+00,0.0000000000000000e+00,1.2485462933201000e-02
90047,-6.2680029937506001e+00,8.3885841825469996e+00,0.0000000000000000e+00,1.2485479821492999e-02
90007,-6.2286482756868997e+00,8.4196562020818000e+00,0.0000000000000000e+00,1.2485497413663000e-02
89967,-6.1891484862314003e+00,8.4505435920354994e+00,0.0000000000000000e+00,1.2485515709438001e-02
89927,-6.1495044915261996e+00,8.4812456751182008e+00,0.0000000000000000e+00,1.2485534708790000e-02
89887,-6.1097171609681000e+00,8.5117617780311008e+00,0.0000000000000000e+00,1.2485554411854000e-02
89847,-6.0697873670720002e+00,8.5420912315750996e+00,0.0000000000000000e+00,1.2485574818304999e-02
89807,-6.0297159853986999e+00,8.5722333707029996e+00,0.0000000000000000e+00,1.2485595928434999e-02
89767,-5.9895038944466004e+00,8.6021875345980998e+00,0.0000000000000000e+00,1.2485617742029000e-02
89727,-5.9491519759348996e+00,8.6319530664616995e+00,0.0000000000000000e+00,1.2485640259279999e-02
89687,-5.9086611149034001e+00,8.6615293134439995e+00,0.0000000000000000e+00,1.2485663480337000e-02
89647,-5.8680321994728999e+00,8.6909156268262997e+00,0.0000000000000000e+00,1.2485687405574000e-02
89607,-5.8272661203350999e+00,8.7201113623849995e+00,0.0000000000000000e+00,1.2485712033304000e-02
89567,-5.7863637712706000e+00,8.7491158800151005e+00,0.0000000000000000e+00,1.2485737365448999e-02
89527,-5.7453260494545999e+00,8.7779285435139993e+00,0.0000000000000000e+00,1.2485763401066000e-02
89487,-5.7041538548317003e+00,8.8065487210311009e+00,0.0000000000000000e+00,1.2485790140235001e-02
89447,-5.6628480901916998e+00,8.8349757850094992e+00,0.0000000000000000e+00,1.2485817582837001e-02
89407,-5.6214096612995004e+00,8.8632091120942000e+00,0.0000000000000000e+00,1.2485845729496001e-02
89367,-5.5798394766642998e+00,8.8912480832882999e+00,0.0000000000000000e+00,1.2485874578898000e-02
89327,-5.5381384476658999e+00,8.9190920838661008e+00,0.0000000000000000e+00,1.2485904132276999e-02
89287,-5.4963074888265000e+00,8.9467405031917000e+00,0.0000000000000000e+00,1.2485934389251000e-02
89247,-5.4543475175750000e+00,8.9741927348829993e+00,0.0000000000000000e+00,1.2485965349734000e-02
89207,-5.4122594541957998e+00,9.0014481768468002e+00,0.0000000000000000e+00,1.2485997014329999e-02
89167,-5.3700442215748003e+00,9.0285062314409998e+00,0.0000000000000000e+00,1.2486029382576000e-02
89127,-5.3277027453471000e+00,9.0553663053771007e+00,0.0000000000000000e+00,1.2486062453583999e-02
89087,-5.2852359540464997e+00,9.0820278096237992e+00,0.0000000000000000e+00,1.2486096228576000e-02
89047,-5.2426447788840003e+00,9.1084901595492997e+00,0.0000000000000000e+00,1.2486130706998000e-02
89007,-5.1999301537580003e+00,9.1347527749130002e+00,0.0000000000000000e+00,1.2486165889201000e-02
88967,-5.1570930153196004e+00,9.1608150798252002e+00,0.0000000000000000e+00,1.2486201774520001e-02
88927,-5.1141343028425998e+00,9.1866765028262005e+00,0.0000000000000000e+00,1.2486238363330999e-02
88887,-5.0710549582758002e+00,9.2123364768547003e+00,0.0000000000000000e+00,1.2486275655989001e-02
88847,-5.0278559264610996e+00,9.2377944391199005e+00,0.0000000000000000e+00,1.2486313652212000e-02
88807,-4.9845381548834000e+00,9.2630498312539995e+00,0.0000000000000000e+00,1.2486352351869999e-02
88767,-4.9411025932842003e+00,9.2881020995348003e+00,0.0000000000000000e+00,1.2486391754737000e-02
88727,-4.8975501939886996e+00,9.3129506946917004e+00,0.0000000000000000e+00,1.2486431861742000e-02
88687,-4.8538819120929997e+00,9.3375950717988001e+00,0.0000000000000000e+00,1.2486472672114999e-02
88647,-4.8100987051677002e+00,9.3620346904466007e+00,0.0000000000000000e+00,1.2486514185350000e-02
88607,-4.7662015333122998e+00,9.3862690147111003e+00,0.0000000000000000e+00,1.2486556402652000e-02
88567,-4.7221913591672999e+00,9.4102975131470998e+00,0.0000000000000000e+00,1.2486599323023000e-02
88527,-4.6780691478529004e+00,9.4341196588233007e+00,0.0000000000000000e+00,1.2486642947061999e-02
88487,-4.6338358669095001e+00,9.4577349293536006e+00,0.0000000000000000e+00,1.2486687275028000e-02
88447,-4.5894924862371997e+00,9.4811428069284993e+00,0.0000000000000000e+00,1.2486732305679000e-02
88407,-4.5450399781091004e+00,9.5043427783061993e+00,0.0000000000000000e+00,1.2486778039800001e-02
88367,-4.5004793173555004e+00,9.5273343347177999e+00,0.0000000000000000e+00,1.2486824477675001e-02
88327,-4.4558114812292002e+00,9.5501169719392003e+00,0.0000000000000000e+00,1.2486871618929999e-02
88287,-4.4110374491997000e+00,9.5726901903974007e+00,0.0000000000000000e+00,1.2486919463898001e-02
88247,-4.3661582030314996e+00,9.5950534951278996e+00,0.0000000000000000e+00,1.2486968011884000e-02
88207,-4.3211747267786000e+00,9.6172063957763001e+00,0.0000000000000000e+00,1.2487017263264000e-02
88167,-4.2760880070317997e+00,9.6391484064796007e+00,0.0000000000000000e+00,1.2487067217971000e-02
88127,-4.2308990326062004e+00,9.6608790460206997e+00,0.0000000000000000e+00,1.2487117876418000e-02
88087,-4.1856087942595996e+00,9.6823978379630002e+00,0.0000000000000000e+00,1.2487169237671000e-02
88047,-4.1402182849541003e+00,9.7037043105191998e+00,0.0000000000000000e+00,1.2487221302538000e-02
88007,-4.0947285000224003e+00,9.7247979964748996e+00,0.0000000000000000e+00,1.2487274071094999e-02
87967,-4.0491404370637003e+00,9.7456784332400996e+00,0.0000000000000000e+00,1.2487327542353001e-02
87927,-4.0034550957782002e+00,9.7663451629275997e+00,0.0000000000000000e+00,1.2487381717529000e-02
87887,-3.9576734780258001e+00,9.7867977323251996e+00,0.0000000000000000e+00,1.2487436596200999e-02
87847,-3.9117965877579999e+00,9.8070356929264992e+00,0.0000000000000000e+00,1.2487492177378001e-02
87807,-3.8658254308542999e+00,9.8270586010015002e+00,0.0000000000000000e+00,1.2487548462533001e-02
87767,-3.8197610152235999e+00,9.8468660175495994e+00,0.0000000000000000e+00,1.2487605450970000e-02
87727,-3.7736043510489998e+00,9.8664575081955999e+00,0.0000000000000000e+00,1.2487663141993999e-02
87687,-3.7273564506224002e+00,9.8858326432644006e+00,0.0000000000000000e+00,1.2487721536438000e-02
87647,-3.6810183281789999e+00,9.9049909978520994e+00,0.0000000000000000e+00,1.2487780634934000e-02
87607,-3.6345909998358001e+00,9.9239321518493995e+00,0.0000000000000000e+00,1.2487840436290001e-02
87567,-3.5880754835982001e+00,9.9426556899373004e+00,0.0000000000000000e+00,1.2487900941509001e-02
87527,-3.5414727993969000e+00,9.9611612015703006e+00,0.0000000000000000e+00,1.2487962149339000e-02
87487,-3.4947839691310998e+00,9.9794482809603995e+00,0.0000000000000000e+00,1.2488024060162001e-02
87447,-3.4480100167190000e+00,9.9975165270586999e+00,0.0000000000000000e+00,1.2488086674433000e-02
87407,-3.4011519679759998e+00,1.0015365543606000e+01,0.0000000000000000e+00,1.2488149992177001e-02
87367,-3.3542108503647001e+00,1.0032994939226000e+01,0.0000000000000000e+00,1.2488214012913000e-02
87327,-3.3071876931136002e+00,1.0050404327378001e+01,0.0000000000000000e+00,1.2488278736507000e-02
87287,-3.2600835273753002e+00,1.0067593326299001e+01,0.0000000000000000e+00,1.2488344164138999e-02
87247,-3.2128993861153998e+00,1.0084561559043999e+01,0.0000000000000000e+00,1.2488410294836000e-02
87207,-3.1656363040514002e+00,1.0101308653512000e+01,0.0000000000000000e+00,1.2488477128007000e-02
87167,-3.1182953175400998e+00,1.0117834242482999e+01,0.0000000000000000e+00,1.2488544664323000e-02
87127,-3.0708774646314998e+00,1.0134137963601001e+01,0.0000000000000000e+00,1.2488612904383000e-02
87087,-3.0233837851369998e+00,1.0150219459343999e+01,0.0000000000000000e+00,1.2488681847255999e-02
87047,-2.9758153205697000e+00,1.0166078377053999e+01,0.0000000000000000e+00,1.2488751493433000e-02
87007,-2.9281731140503999e+00,1.0181714368964000e+01,0.0000000000000000e+00,1.2488821842707000e-02
86967,-2.8804582102470002e+00,1.0197127092219000e+01,0.0000000000000000e+00,1.2488892894736000e-02
86927,-2.8326716554409002e+00,1.0212316208851000e+01,0.0000000000000000e+00,1.2488964649757000e-02
86887,-2.7848144975371998e+00,1.0227281385781000e+01,0.0000000000000000e+00,1.2489037107955001e-02
86847,-2.7368877860212000e+00,1.0242022294830001e+01,0.0000000000000000e+00,1.2489110269604999e-02
86807,-2.6888925718585002e+00,1.0256538612750999e+01,0.0000000000000000e+00,1.2489184133382000e-02
86767,-2.6408299074311001e+00,1.0270830021247001e+01,0.0000000000000000e+00,1.2489258700709001e-02
86727,-2.5927008466760002e+00,1.0284896206932000e+01,0.0000000000000000e+00,1.2489333971111001e-02
86687,-2.5445064450652999e+00,1.0298736861332999e+01,0.0000000000000000e+00,1.2489409944933000e-02
86647,-2.4962477594578001e+00,1.0312351680939001e+01,0.0000000000000000e+00,1.2489486621261999e-02
86607,-2.4479258479996000e+00,1.0325740367224000e+01,0.0000000000000000e+00,1.2489564000651000e-02
86567,-2.3995417702406998e+00,1.0338902626616999e+01,0.0000000000000000e+00,1.2489642082880999e-02
86527,-2.3510965872303000e+00,1.0351838170472000e+01,0.0000000000000000e+00,1.2489720868294000e-02
86487,-2.3025913613375999e+00,1.0364546715121000e+01,0.0000000000000000e+00,1.2489800356331000e-02
86447,-2.2540271561718002e+00,1.0377027981895999e+01,0.0000000000000000e+00,1.2489880547472999e-02
86407,-2.2054050366463001e+00,1.0389281697108000e+01,0.0000000000000000e+00,1.2489961441591001e-02
86367,-2.1567260690059000e+00,1.0401307592043000e+01,0.0000000000000000e+00,1.2490043038866999e-02
86327,-2.1079913207190999e+00,1.0413105402989000e+01,0.0000000000000000e+00,1.2490125338413999e-02
86287,-2.0592018604511000e+00,1.0424674871241001e+01,0.0000000000000000e+00,1.2490208341509001e-02
86247,-2.0103587580832998e+00,1.0436015743099000e+01,0.0000000000000000e+00,1.2490292046834999e-02
86207,-1.9614630846004999e+00,1.0447127769890001e+01,0.0000000000000000e+00,1.2490376455024000e-02
86167,-1.9125159121662001e+00,1.0458010707954999e+01,0.0000000000000000e+00,1.2490461566531001e-02
86127,-1.8635183141889000e+00,1.0468664318631999e+01,0.0000000000000000e+00,1.2490547380186000e-02
86087,-1.8144713651608999e+00,1.0479088368291000e+01,0.0000000000000000e+00,1.2490633897262999e-02
86047,-1.7653761405915001e+00,1.0489282628353999e+01,0.0000000000000000e+00,1.2490721117056000e-02
86007,-1.7162337170682000e+00,1.0499246875277001e+01,0.0000000000000000e+00,1.2490809038886001e-02
85967,-1.6670451722054000e+00,1.0508980890560000e+01,0.0000000000000000e+00,1.2490897664689001e-02
85927,-1.6178115845856000e+00,1.0518484460760000e+01,0.0000000000000000e+00,1.2490986992449001e-02
85887,-1.5685340338125000e+00,1.0527757377483001e+01,0.0000000000000000e+00,1.2491077022914999e-02
85847,-1.5192136004884000e+00,1.0536799437382999e+01,0.0000000000000000e+00,1.2491167756205001e-02
85807,-1.4698513661368000e+00,1.0545610442181999e+01,0.0000000000000000e+00,1.2491259192630000e-02
85767,-1.4204484131940001e+00,1.0554190198669000e+01,0.0000000000000000e+00,1.2491351330544000e-02
85727,-1.3710058249965000e+00,1.0562538518702000e+01,0.0000000000000000e+00,1.2491444172207000e-02
85687,-1.3215246857238001e+00,1.0570655219220001e+01,0.0000000000000000e+00,1.2491537715957001e-02
85647,-1.2720060803977000e+00,1.0578540122241000e+01,0.0000000000000000e+00,1.2491631962235000e-02
85607,-1.2224510949109999e+00,1.0586193054855000e+01,0.0000000000000000e+00,1.2491726911772000e-02
85567,-1.1728608159687000e+00,1.0593613849242001e+01,0.0000000000000000e+00,1.2491822563161000e-02
85527,-1.1232363309914000e+00,1.0600802342678000e+01,0.0000000000000000e+00,1.2491918917260999e-02
85487,-1.0735787281394999e+00,1.0607758377534999e+01,0.0000000000000000e+00,1.2492015974443001e-02
85447,-1.0238890963230001e+00,1.0614481801280000e+01,0.0000000000000000e+00,1.2492113733978001e-02
85407,-9.7416852514166996e-01,1.0620972466480000e+01,0.0000000000000000e+00,1.2492212195783000e-02
85367,-9.2441810485760001e-01,1.0627230230810000e+01,0.0000000000000000e+00,1.2492311360331000e-02
85327,-8.7463892641740004e-01,1.0633254957047001e+01,0.0000000000000000e+00,1.2492411227519000e-02
85287,-8.2483208142280995e-01,1.0639046513076000e+01,0.0000000000000000e+00,1.2492511796720000e-02
85247,-7.7499866208710999e-01,1.0644604771894000e+01,0.0000000000000000e+00,1.2492613068724000e-02
85207,-7.2513976119297996e-01,1.0649929611617001e+01,0.0000000000000000e+00,1.2492715043142000e-02
85167,-6.7525647203950001e-01,1.0655020915482000e+01,0.0000000000000000e+00,1.2492817719868000e-02
85127,-6.2534988845997996e-01,1.0659878571847999e+01,0.0000000000000000e+00,1.2492921098850999e-02
85087,-5.7542110483880005e-01,1.0664502474195000e+01,0.0000000000000000e+00,1.2493025180510001e-02
85047,-5.2547121607568004e-01,1.0668892521123000e+01,0.0000000000000000e+00,1.2493129964545000e-02
85007,-4.7550131751349001e-01,1.0673048616366000e+01,0.0000000000000000e+00,1.2493235450929001e-02
84967,-4.2551250486158998e-01,1.0676970668790000e+01,0.0000000000000000e+00,1.2493341639376000e-02
84927,-3.7550587426308002e-01,1.0680658592396000e+01,0.0000000000000000e+00,1.2493448530512000e-02
84887,-3.2548252230230001e-01,1.0684112306311000e+01,0.0000000000000000e+00,1.2493556123760000e-02
84847,-2.7544354591650000e-01,1.0687331734801001e+01,0.0000000000000000e+00,1.2493664419376001e-02
84807,-2.2539004239197000e-01,1.0690316807267999e+01,0.0000000000000000e+00,1.2493773417398000e-02
84767,-1.7532310933265999e-01,1.0693067458254999e+01,0.0000000000000000e+00,1.2493883117431000e-02
84727,-1.2524384462268001e-01,1.0695583627444000e+01,0.0000000000000000e+00,1.2493993519722000e-02
84687,-7.5153346416004005e-02,1.0697865259662001e+01,0.0000000000000000e+00,1.2494104624255001e-02
84647,-2.5052713111913000e-02,1.0699912304875999e+01,0.0000000000000000e+00,1.2494216431022999e-02
84607,-2.2597919078779002e-02,9.6957589090048000e+00,0.0000000000000000e+00,2.2617947220794000e-02
84606,-2.2538912758686001e-02,9.6638525400506001e+00,0.0000000000000000e+00,2.2558737582008000e-02
84605,-2.2479906438593999e-02,9.6319461710964003e+00,0.0000000000000000e+00,2.2499533341849998e-02
84604,-2.2420900118502000e-02,9.6000398021422004e+00,0.0000000000000000e+00,2.2440329644992998e-02
84603,-2.2361893798408999e-02,9.5681334331878993e+00,0.0000000000000000e+00,2.2381126495747000e-02
84602,-2.2302887478317001e-02,9.5362270642333993e+00,0.0000000000000000e+00,2.2321923898471999e-02
84601,-2.2243881158224000e-02,9.5043206952790005e+00,0.0000000000000000e+00,2.2262721857570000e-02
84600,-2.2184874838130999e-02,9.4724143263245999e+00,0.0000000000000000e+00,2.2203520377489998e-02
84599,-2.2125868518038001e-02,9.4405079573703006e+00,0.0000000000000000e+00,2.2144319462733000e-02
84598,-2.2066862197945999e-02,9.4086015884158005e+00,0.0000000000000000e+00,2.2085119117842000e-02
84597,-2.2007855877852998e-02,9.3766952194613999e+00,0.0000000000000000e+00,2.2025919347416999e-02
84596,-2.1948849557761000e-02,9.3447888505071006e+00,0.0000000000000000e+00,2.1966720156095999e-02
84595,-2.1889843237667999e-02,9.3128824815527995e+00,0.0000000000000000e+00,2.1907521548576000e-02
84594,-2.1830836917576001e-02,9.2809761125986991e+00,0.0000000000000000e+00,2.1848323529607999e-02
84593,-2.1771830597483999e-02,9.2490697436443998e+00,0.0000000000000000e+00,2.1789126103983002e-02
84592,-2.1712824277391001e-02,9.2171633746901005e+00,0.0000000000000000e+00,2.1729929276549001e-02
84591,-2.1653817957298999e-02,9.1852570057359006e+00,0.0000000000000000e+00,2.1670733052211000e-02
84590,-2.1594811637206002e-02,9.1533506367817008e+00,0.0000000000000000e+00,2.1611537435926000e-02
84589,-2.1535805317114000e-02,9.1214442678274992e+00,0.0000000000000000e+00,2.1552342432702001e-02
84588,-2.1476798997020999e-02,9.0895378988731004e+00,0.0000000000000000e+00,2.1493148047604001e-02
84587,-2.1417792676929000e-02,9.0576315299186998e+00,0.0000000000000000e+00,2.1433954285756000e-02
84586,-2.1358786356835999e-02,9.0257251609642992e+00,0.0000000000000000e+00,2.1374761152332999e-02
84585,-2.1299780036742998e-02,8.9938187920099004e+00,0.0000000000000000e+00,2.1315568652572000e-02
84584,-2.1240773716651000e-02,8.9619124230555993e+00,0.0000000000000000e+00,2.1256376791766000e-02
84583,-2.1181767396557999e-02,8.9300060541010993e+00,0.0000000000000000e+00,2.1197185575267001e-02
84582,-2.1122761076465001e-02,8.8980996851467005e+00,0.0000000000000000e+00,2.1137995008493001e-02
84581,-2.1063754756372999e-02,8.8661933161923994e+00,0.0000000000000000e+00,2.1078805096909001e-02
84580,-2.1004748436279998e-02,8.8342869472380006e+00,0.0000000000000000e+00,2.1019615846056001e-02
84579,-2.0945742116187001e-02,8.8023805782836995e+00,0.0000000000000000e+00,2.0960427261527002e-02
84578,-2.0886735796094000e-02,8.7704742093291994e+00,0.0000000000000000e+00,2.0901239348988999e-02
84577,-2.0827729476002001e-02,8.7385678403748006e+00,0.0000000000000000e+00,2.0842052114160001e-02
84576,-2.0768723155909000e-02,8.7066614714204995e+00,0.0000000000000000e+00,2.0782865562833999e-02
84575,-2.0709716835816998e-02,8.6747551024661007e+00,0.0000000000000000e+00,2.0723679700868001e-02
84574,-2.0650710515724001e-02,8.6428487335117001e+00,0.0000000000000000e+00,2.0664494534181999e-02
84573,-2.0591704195631000e-02,8.6109423645572996e+00,0.0000000000000000e+00,2.0605310068768999e-02
84572,-2.0532697875539001e-02,8.5790359956027995e+00,0.0000000000000000e+00,2.0546126310689999e-02
84571,-2.0473691555446000e-02,8.5471296266484007e+00,0.0000000000000000e+00,2.0486943266074000e-02
84570,-2.0414685235353999e-02,8.5152232576940001e+00,0.0000000000000000e+00,2.0427760941122999e-02
84569,-2.0355678915261001e-02,8.4833168887397008e+00,0.0000000000000000e+00,2.0368579342111000e-02
84568,-2.0296672595168000e-02,8.4514105197852007e+00,0.0000000000000000e+00,2.0309398475381001e-02
84567,-2.0237666275076002e-02,8.4195041508308002e+00,0.0000000000000000e+00,2.0250218347354000e-02
84566,-2.0178659954983000e-02,8.3875977818765008e+00,0.0000000000000000e+00,2.0191038964525999e-02
84565,-2.0119653634889999e-02,8.3556914129221003e+00,0.0000000000000000e+00,2.0131860333470999e-02
84564,-2.0060647314798001e-02,8.3237850439677992e+00,0.0000000000000000e+00,2.0072682460836998e-02
84563,-2.0001640994705000e-02,8.2918786750132991e+00,0.0000000000000000e+00,2.0013505353349999e-02
84562,-1.9942634674611999e-02,8.2599723060589003e+00,0.0000000000000000e+00,1.9954329017817001e-02
84561,-1.9883628354520001e-02,8.2280659371045992e+00,0.0000000000000000e+00,1.9895153461130001e-02
84560,-1.9824622034427000e-02,8.1961595681502004e+00,0.0000000000000000e+00,1.9835978690257001e-02
84559,-1.9765615714335001e-02,8.1642531991957998e+00,0.0000000000000000e+00,1.9776804712250001e-02
84558,-1.9706609394242000e-02,8.1323468302413993e+00,0.0000000000000000e+00,1.9717631534252000e-02
84557,-1.9647603074150002e-02,8.1004404612868992e+00,0.0000000000000000e+00,1.9658459163481998e-02
84556,-1.9588596754057001e-02,8.0685340923325004e+00,0.0000000000000000e+00,1.9599287607255000e-02
84555,-1.9529590433964999e-02,8.0366277233780998e+00,0.0000000000000000e+00,1.9540116872968999e-02
84554,-1.9470584113872001e-02,8.0047213544238005e+00,0.0000000000000000e+00,1.9480946968116000e-02
84553,-1.9411577793779999e-02,7.9728149854692996e+00,0.0000000000000000e+00,1.9421777900273000e-02
84552,-1.9352571473686998e-02,7.9409086165148999e+00,0.0000000000000000e+00,1.9362609677117001e-02
84551,-1.9293565153594001e-02,7.9090022475605997e+00,0.0000000000000000e+00,1.9303442306413999e-02
84550,-1.9234558833501000e-02,7.8770958786063003e+00,0.0000000000000000e+00,1.9244275796025001e-02
84549,-1.9175552513407999e-02,7.8451895096518998e+00,0.0000000000000000e+00,1.9185110153911999e-02
84548,-1.9116546193316000e-02,7.8132831406973997e+00,0.0000000000000000e+00,1.9125945388131001e-02
84547,-1.9057539873222999e-02,7.7813767717430000e+00,0.0000000000000000e+00,1.9066781506842000e-02
84546,-1.8998533553130002e-02,7.7494704027888002e+00,0.0000000000000000e+00,1.9007618518303002e-02
84545,-1.8939527233038000e-02,7.7175640338346003e+00,0.0000000000000000e+00,1.8948456430877000e-02
84544,-1.8880520912944999e-02,7.6856576648803996e+00,0.0000000000000000e+00,1.8889295253030000e-02
84543,-1.8821514592853000e-02,7.6537512959259999e+00,0.0000000000000000e+00,1.8830134993334999e-02
84542,-1.8762508272760998e-02,7.6218449269716997e+00,0.0000000000000000e+00,1.8770975660474001e-02
84541,-1.8703501952668001e-02,7.5899385580174004e+00,0.0000000000000000e+00,1.8711817263237999e-02
84540,-1.8644495632575999e-02,7.5580321890629998e+00,0.0000000000000000e+00,1.8652659810529000e-02
84539,-1.8585489312483001e-02,7.5261258201086001e+00,0.0000000000000000e+00,1.8593503311362999e-02
84538,-1.8526482992391000e-02,7.4942194511539997e+00,0.0000000000000000e+00,1.8534347774868998e-02
84537,-1.8467476672297999e-02,7.4623130821996000e+00,0.0000000000000000e+00,1.8475193210295001e-02
84536,-1.8408470352205001e-02,7.4304067132452998e+00,0.0000000000000000e+00,1.8416039627006001e-02
84535,-1.8349464032112999e-02,7.3985003442909001e+00,0.0000000000000000e+00,1.8356887034489001e-02
84534,-1.8290457712020002e-02,7.3665939753365999e+00,0.0000000000000000e+00,1.8297735442353000e-02
84533,-1.8231451391927000e-02,7.3346876063820998e+00,0.0000000000000000e+00,1.8238584860331000e-02
84532,-1.8172445071834999e-02,7.3027812374277001e+00,0.0000000000000000e+00,1.8179435298283000e-02
84531,-1.8113438751742001e-02,7.2708748684735003e+00,0.0000000000000000e+00,1.8120286766197001e-02
84530,-1.8054432431649999e-02,7.2389684995193004e+00,0.0000000000000000e+00,1.8061139274192999e-02
84529,-1.7995426111557002e-02,7.2070621305650997e+00,0.0000000000000000e+00,1.8001992832522001e-02
84528,-1.7936419791465000e-02,7.1751557616107000e+00,0.0000000000000000e+00,1.7942847451572000e-02
84527,-1.7877413471371999e-02,7.1432493926563998e+00,0.0000000000000000e+00,1.7883703141865999e-02
84526,-1.7818407151280000e-02,7.1113430237022000e+00,0.0000000000000000e+00,1.7824559914067999e-02
84525,-1.7759400831187998e-02,7.0794366547480996e+00,0.0000000000000000e+00,1.7765417778983002e-02
84524,-1.7700394511096000e-02,7.0475302857941999e+00,0.0000000000000000e+00,1.7706276747560999e-02
84523,-1.7641388191004002e-02,7.0156239168403998e+00,0.0000000000000000e+00,1.7647136830899000e-02
84522,-1.7582381870912000e-02,6.9837175478863998e+00,0.0000000000000000e+00,1.7587998040240999e-02
84521,-1.7523375550820001e-02,6.9518111789323003e+00,0.0000000000000000e+00,1.7528860386984001e-02
84520,-1.7464369230728000e-02,6.9199048099780001e+00,0.0000000000000000e+00,1.7469723882678000e-02
84519,-1.7405362910636001e-02,6.8879984410236004e+00,0.0000000000000000e+00,1.7410588539032001e-02
84518,-1.7346356590543999e-02,6.8560920720693002e+00,0.0000000000000000e+00,1.7351454367911998e-02
84517,-1.7287350270452001e-02,6.8241857031151003e+00,0.0000000000000000e+00,1.7292321381348001e-02
84516,-1.7228343950359000e-02,6.7922793341611003e+00,0.0000000000000000e+00,1.7233189591532000e-02
84515,-1.7169337630267002e-02,6.7603729652068996e+00,0.0000000000000000e+00,1.7174059010828000e-02
84514,-1.7110331310175000e-02,6.7284665962526997e+00,0.0000000000000000e+00,1.7114929651765001e-02
84513,-1.7051324990083001e-02,6.6965602272983000e+00,0.0000000000000000e+00,1.7055801527050999e-02
84512,-1.6992318669990000e-02,6.6646538583439998e+00,0.0000000000000000e+00,1.6996674649567001e-02
84511,-1.6933312349897998e-02,6.6327474893898000e+00,0.0000000000000000e+00,1.6937549032376001e-02
84510,-1.6874306029805001e-02,6.6008411204356001e+00,0.0000000000000000e+00,1.6878424688721000e-02
84509,-1.6815299709712999e-02,6.5689347514814997e+00,0.0000000000000000e+00,1.6819301632034000e-02
84508,-1.6756293389621001e-02,6.5370283825274003e+00,0.0000000000000000e+00,1.6760179875933999e-02
84507,-1.6697287069528000e-02,6.5051220135732004e+00,0.0000000000000000e+00,1.6701059434233001e-02
84506,-1.6638280749436001e-02,6.4732156446189997e+00,0.0000000000000000e+00,1.6641940320940001e-02
84505,-1.6579274429343999e-02,6.4413092756647004e+00,0.0000000000000000e+00,1.6582822550261000e-02
84504,-1.6520268109250998e-02,6.4094029067104001e+00,0.0000000000000000e+00,1.6523706136607998e-02
84503,-1.6461261789159000e-02,6.3774965377560999e+00,0.0000000000000000e+00,1.6464591094598999e-02
84502,-1.6402255469067002e-02,6.3455901688020004e+00,0.0000000000000000e+00,1.6405477439059998e-02
84501,-1.6343249148975000e-02,6.3136837998479001e+00,0.0000000000000000e+00,1.6346365185034000e-02
84500,-1.6284242828883001e-02,6.2817774308937997e+00,0.0000000000000000e+00,1.6287254347779001e-02
84499,-1.6225236508790000e-02,6.2498710619397002e+00,0.0000000000000000e+00,1.6228144942779001e-02
84498,-1.6166230188697998e-02,6.2179646929855998e+00,0.0000000000000000e+00,1.6169036985740001e-02
84497,-1.6107223868606000e-02,6.1860583240312996e+00,0.0000000000000000e+00,1.6109930492600000e-02
84496,-1.6048217548514002e-02,6.1541519550770998e+00,0.0000000000000000e+00,1.6050825479531999e-02
84495,-1.5989211228422000e-02,6.1222455861228999e+00,0.0000000000000000e+00,1.5991721962947000e-02
84494,-1.5930204908328999e-02,6.0903392171687996e+00,0.0000000000000000e+00,1.5932619959498000e-02
84493,-1.5871198588237000e-02,6.0584328482147001e+00,0.0000000000000000e+00,1.5873519486087999e-02
84492,-1.5812192268144998e-02,6.0265264792605997e+00,0.0000000000000000e+00,1.5814420559870000e-02
84491,-1.5753185948053000e-02,5.9946201103065002e+00,0.0000000000000000e+00,1.5755323198255001e-02
84490,-1.5694179627959999e-02,5.9627137413523004e+00,0.0000000000000000e+00,1.5696227418915000e-02
84489,-1.5635173307868001e-02,5.9308073723980002e+00,0.0000000000000000e+00,1.5637133239790001e-02
84488,-1.5576166987776001e-02,5.8989010034436999e+00,0.0000000000000000e+00,1.5578040679090001e-02
84487,-1.5517160667684000e-02,5.8669946344895996e+00,0.0000000000000000e+00,1.5518949755304001e-02
84486,-1.5458154347592000e-02,5.8350882655355001e+00,0.0000000000000000e+00,1.5459860487200000e-02
84485,-1.5399148027500000e-02,5.8031818965813997e+00,0.0000000000000000e+00,1.5400772893838000e-02
84484,-1.5340141707406999e-02,5.7712755276273002e+00,0.0000000000000000e+00,1.5341686994565999e-02
84483,-1.5281135387315001e-02,5.7393691586731999e+00,0.0000000000000000e+00,1.5282602809034001e-02
84482,-1.5222129067223001e-02,5.7074627897188996e+00,0.0000000000000000e+00,1.5223520357197000e-02
84481,-1.5163122747131001e-02,5.6755564207646998e+00,0.0000000000000000e+00,1.5164439659317000e-02
84480,-1.5104116427037999e-02,5.6436500518104999e+00,0.0000000000000000e+00,1.5105360735976001e-02
84479,-1.5045110106945999e-02,5.6117436828563996e+00,0.0000000000000000e+00,1.5046283608076000e-02
84478,-1.4986103786853999e-02,5.5798373139023001e+00,0.0000000000000000e+00,1.4987208296850000e-02
84477,-1.4927097466761000e-02,5.5479309449481997e+00,0.0000000000000000e+00,1.4928134823864000e-02
84476,-1.4868091146669000e-02,5.5160245759941002e+00,0.0000000000000000e+00,1.4869063211029000e-02
84475,-1.4809084826577000e-02,5.4841182070399004e+00,0.0000000000000000e+00,1.4809993480603001e-02
84474,-1.4750078506484000e-02,5.4522118380856002e+00,0.0000000000000000e+00,1.4750925655200000e-02
84473,-1.4691072186392000e-02,5.4203054691313000e+00,0.0000000000000000e+00,1.4691859757797000e-02
84472,-1.4632065866300000e-02,5.3883991001771996e+00,0.0000000000000000e+00,1.4632795811741000e-02
84471,-1.4573059546208000e-02,5.3564927312231001e+00,0.0000000000000000e+00,1.4573733840758000e-02
84470,-1.4514053226116000e-02,5.3245863622689003e+00,0.0000000000000000e+00,1.4514673868958000e-02
84469,-1.4455046906023001e-02,5.2926799933147004e+00,0.0000000000000000e+00,1.4455615920845001e-02
84468,-1.4396040585931000e-02,5.2607736243606000e+00,0.0000000000000000e+00,1.4396560021323000e-02
18673,-1.4395915815078000e-02,5.4687501749987000e-01,0.0000000000000000e+00,1.4395915815078000e-02
18672,-1.4395915815078000e-02,5.1562501649994996e-01,0.0000000000000000e+00,1.4395915815084001e-02
18674,-1.4395915815078000e-02,5.7812501849978004e-01,0.0000000000000000e+00,1.4395915815078000e-02
18675,-1.4395915815078000e-02,6.0937501949967998e-01,0.0000000000000000e+00,1.4395915815078000e-02
18676,-1.4395915815078000e-02,6.4062502049960002e-01,0.0000000000000000e+00,1.4395915815078000e-02
18677,-1.4395915815078000e-02,6.7187502149950995e-01,0.0000000000000000e+00,1.4395915815078000e-02
18678,-1.4395915815078000e-02,7.0312502249942999e-01,0.0000000000000000e+00,1.4395915815078000e-02
18681,-1.4395915815078000e-02,7.9687502549943001e-01,0.0000000000000000e+00,1.4395915815078000e-02
18682,-1.4395915815078000e-02,8.2812502649952002e-01,0.0000000000000000e+00,1.4395915815078000e-02
18679,-1.4395915815078000e-02,7.3437502349935002e-01,0.0000000000000000e+00,1.4395915815078000e-02
18684,-1.4395915815078000e-02,8.9062502849983005e-01,0.0000000000000000e+00,1.4395915815078000e-02
18685,-1.4395915815078000e-02,9.2187502949991995e-01,0.0000000000000000e+00,1.4395915815078000e-02
18683,-1.4395915815078000e-02,8.5937502749966999e-01,0.0000000000000000e+00,1.4395915815078000e-02
18680,-1.4395915815078000e-02,7.6562502449934000e-01,0.0000000000000000e+00,1.4395915815078000e-02
18686,-1.4395915815078000e-02,9.5312503049995001e-01,0.0000000000000000e+00,1.4395915815078000e-02
18687,-1.4395915815078000e-02,9.8437503149997996e-01,0.0000000000000000e+00,1.4395915815084001e-02
58896,-1.4390516240117999e-02,1.0161013401643000e+00,0.0000000000000000e+00,1.4390516240124000e-02
58897,-1.4379717090198000e-02,1.0483039564928001e+00,0.0000000000000000e+00,1.4379717090198000e-02
58898,-1.4368917940278000e-02,1.0805065728214001e+00,0.0000000000000000e+00,1.4368917940278000e-02
58899,-1.4358118790358001e-02,1.1127091891498999e+00,0.0000000000000000e+00,1.4358118790358001e-02
58900,-1.4347319640438000e-02,1.1449118054784000e+00,0.0000000000000000e+00,1.4347319640438000e-02
84467,-1.4337034265839000e-02,5.2288672554064002e+00,0.0000000000000000e+00,1.4337506195707001e-02
58901,-1.4336520490518000e-02,1.1771144218069001e+00,0.0000000000000000e+00,1.4336520490518000e-02
58902,-1.4325721340598001e-02,1.2093170381353999e+00,0.0000000000000000e+00,1.4325721340598001e-02
58903,-1.4314922190678000e-02,1.2415196544639000e+00,0.0000000000000000e+00,1.4314922190678000e-02
58904,-1.4304123040758000e-02,1.2737222707924001e+00,0.0000000000000000e+00,1.4304123040758000e-02
58905,-1.4293323890838001e-02,1.3059248871208999e+00,0.0000000000000000e+00,1.4293323890838001e-02
58906,-1.4282524740918000e-02,1.3381275034494000e+00,0.0000000000000000e+00,1.4282524740918000e-02
84466,-1.4278027945747000e-02,5.1969608864522003e+00,0.0000000000000000e+00,1.4278454469728001e-02
58907,-1.4271725590998000e-02,1.3703301197779001e+00,0.0000000000000000e+00,1.4271725590998000e-02
58908,-1.4260926441078001e-02,1.4025327361063999e+00,0.0000000000000000e+00,1.4260926441078001e-02
58909,-1.4250127291158000e-02,1.4347353524349000e+00,0.0000000000000000e+00,1.4250127291158000e-02
58910,-1.4239328141237999e-02,1.4669379687634001e+00,0.0000000000000000e+00,1.4239328141237999e-02
58911,-1.4228528991318001e-02,1.4991405850919000e+00,0.0000000000000000e+00,1.4228528991318001e-02
84465,-1.4219021625655000e-02,5.1650545174981000e+00,0.0000000000000000e+00,1.4219404869547000e-02
58912,-1.4217729841398000e-02,1.5313432014204000e+00,0.0000000000000000e+00,1.4217729841398000e-02
58913,-1.4206930691477999e-02,1.5635458177488999e+00,0.0000000000000000e+00,1.4206930691477999e-02
58914,-1.4196131541558001e-02,1.5957484340774000e+00,0.0000000000000000e+00,1.4196131541558001e-02
58915,-1.4185332391638000e-02,1.6279510504059000e+00,0.0000000000000000e+00,1.4185332391638000e-02
58916,-1.4174533241717999e-02,1.6601536667343000e+00,0.0000000000000000e+00,1.4174533241717999e-02
58917,-1.4163734091798000e-02,1.6923562830628001e+00,0.0000000000000000e+00,1.4163734091798000e-02
84464,-1.4160015305562001e-02,5.1331481485439001e+00,0.0000000000000000e+00,1.4160357421756000e-02
58918,-1.4152934941878000e-02,1.7245588993912000e+00,0.0000000000000000e+00,1.4152934941878000e-02
58919,-1.4142135791957999e-02,1.7567615157197001e+00,0.0000000000000000e+00,1.4142135791959000e-02
58920,-1.4131336642038000e-02,1.7889641320481999e+00,0.0000000000000000e+00,1.4131336642039000e-02
58921,-1.4120537492119001e-02,1.8211667483766001e+00,0.0000000000000000e+00,1.4120537492119001e-02
58922,-1.4109738342199000e-02,1.8533693647050000e+00,0.0000000000000000e+00,1.4109738342199000e-02
84463,-1.4101008985470001e-02,5.1012417795897997e+00,0.0000000000000000e+00,1.4101312153394999e-02
58923,-1.4098939192279000e-02,1.8855719810334000e+00,0.0000000000000000e+00,1.4098939192279000e-02
58924,-1.4088140042359001e-02,1.9177745973619000e+00,0.0000000000000000e+00,1.4088140042359001e-02
58925,-1.4077340892439000e-02,1.9499772136903000e+00,0.0000000000000000e+00,1.4077340892439000e-02
58926,-1.4066541742519000e-02,1.9821798300186999e+00,0.0000000000000000e+00,1.4066541742519000e-02
58927,-1.4055742592599001e-02,2.0143824463471001e+00,0.0000000000000000e+00,1.4055742592599001e-02
58928,-1.4044943442679000e-02,2.0465850626756001e+00,0.0000000000000000e+00,1.4044943442679000e-02
84462,-1.4042002665378001e-02,5.0693354106355999e+00,0.0000000000000000e+00,1.4042269091955000e-02
58929,-1.4034144292758999e-02,2.0787876790039999e+00,0.0000000000000000e+00,1.4034144292758999e-02
58930,-1.4023345142839001e-02,2.1109902953324000e+00,0.0000000000000000e+00,1.4023345142839001e-02
58931,-1.4012545992919000e-02,2.1431929116610000e+00,0.0000000000000000e+00,1.4012545992919000e-02
58932,-1.4001746842998999e-02,2.1753955279895001e+00,0.0000000000000000e+00,1.4001746842998999e-02
58933,-1.3990947693079001e-02,2.2075981443180002e+00,0.0000000000000000e+00,1.3990947693079001e-02
84461,-1.3982996345285000e-02,5.0374290416814000e+00,0.0000000000000000e+00,1.3983228265393000e-02
58934,-1.3980148543159000e-02,2.2398007606464998e+00,0.0000000000000000e+00,1.3980148543159999e-02
58935,-1.3969349393238999e-02,2.2720033769749999e+00,0.0000000000000000e+00,1.3969349393240000e-02
58936,-1.3958550243320000e-02,2.3042059933035000e+00,0.0000000000000000e+00,1.3958550243320000e-02
58937,-1.3947751093400001e-02,2.3364086096320000e+00,0.0000000000000000e+00,1.3947751093400001e-02
58938,-1.3936951943480000e-02,2.3686112259605001e+00,0.0000000000000000e+00,1.3936951943480000e-02
58939,-1.3926152793560000e-02,2.4008138422890002e+00,0.0000000000000000e+00,1.3926152793560000e-02
84460,-1.3923990025192999e-02,5.0055226727272002e+00,0.0000000000000000e+00,1.3924189702137000e-02
58940,-1.3915353643640001e-02,2.4330164586174998e+00,0.0000000000000000e+00,1.3915353643640001e-02
58941,-1.3904554493720000e-02,2.4652190749459999e+00,0.0000000000000000e+00,1.3904554493720000e-02
58942,-1.3893755343800000e-02,2.4974216912745999e+00,0.0000000000000000e+00,1.3893755343800000e-02
58943,-1.3882956193880001e-02,2.5296243076030001e+00,0.0000000000000000e+00,1.3882956193880001e-02
58944,-1.3872157043960000e-02,2.5618269239315001e+00,0.0000000000000000e+00,1.3872157043960000e-02
84459,-1.3864983705100999e-02,4.9736163037729000e+00,0.0000000000000000e+00,1.3865153431099000e-02
58945,-1.3861357894040000e-02,2.5940295402601001e+00,0.0000000000000000e+00,1.3861357894040000e-02
58946,-1.3850558744120001e-02,2.6262321565886002e+00,0.0000000000000000e+00,1.3850558744120001e-02
58947,-1.3839759594200000e-02,2.6584347729169999e+00,0.0000000000000000e+00,1.3839759594200000e-02
58948,-1.3828960444279999e-02,2.6906373892455000e+00,0.0000000000000000e+00,1.3828960444281000e-02
58949,-1.3818161294360001e-02,2.7228400055740001e+00,0.0000000000000000e+00,1.3818161294361000e-02
58950,-1.3807362144440000e-02,2.7550426219026001e+00,0.0000000000000000e+00,1.3807362144440999e-02
84458,-1.3805977385008000e-02,4.9417099348187001e+00,0.0000000000000000e+00,1.3806119481684000e-02
58951,-1.3796562994519999e-02,2.7872452382311002e+00,0.0000000000000000e+00,1.3796562994521000e-02
58952,-1.3785763844600001e-02,2.8194478545598001e+00,0.0000000000000000e+00,1.3785763844601000e-02
58953,-1.3774964694680000e-02,2.8516504708885000e+00,0.0000000000000000e+00,1.3774964694680999e-02
58954,-1.3764165544759999e-02,2.8838530872171000e+00,0.0000000000000000e+00,1.3764165544761000e-02
58955,-1.3753366394840000e-02,2.9160557035457999e+00,0.0000000000000000e+00,1.3753366394841000e-02
84457,-1.3746971064916000e-02,4.9098035658645003e+00,0.0000000000000000e+00,1.3747087883802000e-02
58956,-1.3742567244920000e-02,2.9482583198744998e+00,0.0000000000000000e+00,1.3742567244921001e-02
58957,-1.3731768094999999e-02,2.9804609362032002e+00,0.0000000000000000e+00,1.3731768095001000e-02
58958,-1.3720968945080000e-02,3.0126635525318002e+00,0.0000000000000000e+00,1.3720968945081000e-02
58959,-1.3710169795160000e-02,3.0448661688605001e+00,0.0000000000000000e+00,1.3710169795161001e-02
58960,-1.3699370645239999e-02,3.0770687851892000e+00,0.0000000000000000e+00,1.3699370645241000e-02
58961,-1.3688571495320000e-02,3.1092714015178000e+00,0.0000000000000000e+00,1.3688571495320000e-02
84456,-1.3687964744824000e-02,4.8778971969103999e+00,0.0000000000000000e+00,1.3688058667876001e-02
58962,-1.3677772345400000e-02,3.1414740178464999e+00,0.0000000000000000e+00,1.3677772345400000e-02
58963,-1.3666973195479999e-02,3.1736766341751999e+00,0.0000000000000000e+00,1.3666973195479999e-02
58964,-1.3656174045560000e-02,3.2058792505039002e+00,0.0000000000000000e+00,1.3656174045560000e-02
58965,-1.3645374895640000e-02,3.2380818668323998e+00,0.0000000000000000e+00,1.3645374895640000e-02
58966,-1.3634575745720001e-02,3.2702844831608999e+00,0.0000000000000000e+00,1.3634575745720001e-02
84455,-1.3628958424732000e-02,4.8459908279562001e+00,0.0000000000000000e+00,1.3629031864856001e-02
58967,-1.3623776595800000e-02,3.3024870994895998e+00,0.0000000000000000e+00,1.3623776595800000e-02
58968,-1.3612977445880000e-02,3.3346897158181998e+00,0.0000000000000000e+00,1.3612977445880000e-02
58969,-1.3602178295960001e-02,3.3668923321466999e+00,0.0000000000000000e+00,1.3602178295960001e-02
58970,-1.3591379146040000e-02,3.3990949484752999e+00,0.0000000000000000e+00,1.3591379146040000e-02
58971,-1.3580579996120000e-02,3.4312975648041002e+00,0.0000000000000000e+00,1.3580579996120000e-02
84454,-1.3569952104639000e-02,4.8140844590020002e+00,0.0000000000000000e+00,1.3570007506229000e-02
58972,-1.3569780846200001e-02,3.4635001811328001e+00,0.0000000000000000e+00,1.3569780846200001e-02
58973,-1.3558981696280000e-02,3.4957027974614001e+00,0.0000000000000000e+00,1.3558981696280000e-02
58974,-1.3548182546360000e-02,3.5279054137900001e+00,0.0000000000000000e+00,1.3548182546360000e-02
58975,-1.3537383396440001e-02,3.5601080301187999e+00,0.0000000000000000e+00,1.3537383396440001e-02
58976,-1.3526584246520000e-02,3.5923106464473999e+00,0.0000000000000000e+00,1.3526584246520000e-02
58977,-1.3515785096599999e-02,3.6245132627759999e+00,0.0000000000000000e+00,1.3515785096599999e-02
84453,-1.3510945784547000e-02,4.7821780900478998e+00,0.0000000000000000e+00,1.3510985624031000e-02
58978,-1.3504985946680001e-02,3.6567158791047998e+00,0.0000000000000000e+00,1.3504985946680001e-02
58979,-1.3494186796760000e-02,3.6889184954335001e+00,0.0000000000000000e+00,1.3494186796760000e-02
58980,-1.3483387646839999e-02,3.7211211117621001e+00,0.0000000000000000e+00,1.3483387646839999e-02
58981,-1.3472588496920001e-02,3.7533237280907001e+00,0.0000000000000000e+00,1.3472588496920001e-02
58982,-1.3461789347000000e-02,3.7855263444195000e+00,0.0000000000000000e+00,1.3461789347000000e-02
84452,-1.3451939464455000e-02,4.7502717210937000e+00,0.0000000000000000e+00,1.3451966250858999e-02
58983,-1.3450990197079999e-02,3.8177289607481000e+00,0.0000000000000000e+00,1.3450990197079999e-02
58984,-1.3440191047160001e-02,3.8499315770767999e+00,0.0000000000000000e+00,1.3440191047160001e-02
58985,-1.3429391897240000e-02,3.8821341934054998e+00,0.0000000000000000e+00,1.3429391897240000e-02
58986,-1.3418592747319999e-02,3.9143368097342002e+00,0.0000000000000000e+00,1.3418592747319999e-02
58987,-1.3407793597400000e-02,3.9465394260628002e+00,0.0000000000000000e+00,1.3407793597400000e-02
58988,-1.3396994447480000e-02,3.9787420423915001e+00,0.0000000000000000e+00,1.3396994447480000e-02
84451,-1.3392933144363000e-02,4.7183653521395996e+00,0.0000000000000000e+00,1.3392949419882000e-02
58989,-1.3386195297559999e-02,4.0109446587201996e+00,0.0000000000000000e+00,1.3386195297559999e-02
58990,-1.3375396147640000e-02,4.0431472750488000e+00,0.0000000000000000e+00,1.3375396147640000e-02
58991,-1.3364596997720000e-02,4.0753498913773001e+00,0.0000000000000000e+00,1.3364596997720000e-02
58992,-1.3353797847799999e-02,4.1075525077058996e+00,0.0000000000000000e+00,1.3353797847799999e-02
58993,-1.3342998697880000e-02,4.1397551240346004e+00,0.0000000000000000e+00,1.3342998697880000e-02
84450,-1.3333926824270001e-02,4.6864589831853998e+00,0.0000000000000000e+00,1.3333935164856000e-02
58994,-1.3332199547960000e-02,4.1719577403630996e+00,0.0000000000000000e+00,1.3332199547960000e-02
58995,-1.3321400398039999e-02,4.2041603566915997e+00,0.0000000000000000e+00,1.3321400398039999e-02
58996,-1.3310601248120000e-02,4.2363629730202996e+00,0.0000000000000000e+00,1.3310601248120000e-02
58997,-1.3299802098200000e-02,4.2685655893490004e+00,0.0000000000000000e+00,1.3299802098200000e-02
58998,-1.3289002948280001e-02,4.3007682056777004e+00,0.0000000000000000e+00,1.3289002948280001e-02
58999,-1.3278203798360000e-02,4.3329708220062999e+00,0.0000000000000000e+00,1.3278203798360000e-02
84449,-1.3274920504178001e-02,4.6545526142313003e+00,0.0000000000000000e+00,1.3274923520135999e-02
59000,-1.3267404648440000e-02,4.3651734383349998e+00,0.0000000000000000e+00,1.3267404648440000e-02
59001,-1.3256605498520001e-02,4.3973760546636003e+00,0.0000000000000000e+00,1.3256605498520001e-02
59002,-1.3245806348600000e-02,4.4295786709923002e+00,0.0000000000000000e+00,1.3245806348600000e-02
59003,-1.3235007198680000e-02,4.4617812873210001e+00,0.0000000000000000e+00,1.3235007198680000e-02
59004,-1.3224208048760001e-02,4.4939839036495997e+00,0.0000000000000000e+00,1.3224208048760001e-02
84448,-1.3215914184086000e-02,4.6226462452771004e+00,0.0000000000000000e+00,1.3215914520688000e-02
59005,-1.3213408898840000e-02,4.5261865199782996e+00,0.0000000000000000e+00,1.3213408898840000e-02
59006,-1.3202609748919999e-02,4.5583891363070004e+00,0.0000000000000000e+00,1.3202609748919999e-02
59007,-1.3191810599000001e-02,4.5905917526357003e+00,0.0000000000000000e+00,1.3191810598999000e-02
91008,1.5625000499974999e-02,9.7251811316097001e+00,0.0000000000000000e+00,1.2508924531575000e-02
91047,1.5625000500009999e-02,1.0700877245068000e+01,0.0000000000000000e+00,1.2508924531545000e-02
5775,1.6741071964219999e-02,4.8437501550003997e-01,0.0000000000000000e+00,1.5625000499964001e-02
91048,4.6875001499921999e-02,9.7251922340724999e+00,0.0000000000000000e+00,1.2508783994058000e-02
91087,4.6875001500065003e-02,1.0700877385606001e+01,0.0000000000000000e+00,1.2508783994060999e-02
5791,5.0223215892661002e-02,4.8437501550003997e-01,0.0000000000000000e+00,1.5625000499964001e-02
91088,7.8125002499865995e-02,9.7252033365353991e+00,0.0000000000000000e+00,1.2508643456551000e-02
91127,7.8125002500119001e-02,1.0700877526143000e+01,0.0000000000000000e+00,1.2508643456551000e-02
5807,8.3705359821102998e-02,4.8437501550003997e-01,0.0000000000000000e+00,1.5625000499964001e-02
91128,1.0937500349981000e-01,9.7252144389982007e+00,0.0000000000000000e+00,1.2508502919046999e-02
91167,1.0937500350017000e-01,1.0700877666681000e+01,0.0000000000000000e+00,1.2508502919044000e-02
5823,1.1718750374955000e-01,4.8437501550003997e-01,0.0000000000000000e+00,1.5625000499964001e-02
91168,1.4062500449976001e-01,9.7252255414610005e+00,0.0000000000000000e+00,1.2508362381539000e-02
91207,1.4062500450022999e-01,1.0700877807217999e+01,0.0000000000000000e+00,1.2508362381539000e-02
5839,1.5066964767798999e-01,4.8437501550003997e-01,0.0000000000000000e+00,1.5625000499965000e-02
91208,1.7187500549972001e-01,9.7252366439238997e+00,0.0000000000000000e+00,1.2508221844023001e-02
91247,1.7187500550025001e-01,1.0700877947756000e+01,0.0000000000000000e+00,1.2508221844028000e-02
5855,1.8415179160643000e-01,4.8437501550003997e-01,0.0000000000000000e+00,1.5625000499965000e-02
91248,2.0312500649967999e-01,9.7252477463866995e+00,0.0000000000000000e+00,1.2508081306519000e-02
91287,2.0312500650029999e-01,1.0700878088293001e+01,0.0000000000000000e+00,1.2508081306521000e-02
5871,2.1763393553487001e-01,4.8437501550002998e-01,0.0000000000000000e+00,1.5625000499965000e-02
91288,2.3437500749963999e-01,9.7252588488494993e+00,0.0000000000000000e+00,1.2507940769007001e-02
91327,2.3437500750036000e-01,1.0700878228831000e+01,0.0000000000000000e+00,1.2507940769016001e-02
5887,2.5111607946330999e-01,4.8437501550002998e-01,0.0000000000000000e+00,1.5625000499965000e-02
91328,2.6562500849957998e-01,9.7252699513124004e+00,0.0000000000000000e+00,1.2507800231507001e-02
91367,2.6562500850040999e-01,1.0700878369368001e+01,0.0000000000000000e+00,1.2507800231505000e-02
5903,2.8459822339175000e-01,4.8437501550002998e-01,0.0000000000000000e+00,1.5625000499965000e-02
91368,2.9687500949950002e-01,9.7252810537752001e+00,0.0000000000000000e+00,1.2507659694000001e-02
91407,2.9687500950045997e-01,1.0700878509906000e+01,0.0000000000000000e+00,1.2507659693992999e-02
5919,3.1808036732019002e-01,4.8437501550002998e-01,0.0000000000000000e+00,1.5625000499965000e-02
91408,3.2812501049941001e-01,9.7252921562380994e+00,0.0000000000000000e+00,1.2507519156490000e-02
91447,3.2812501050050003e-01,1.0700878650444000e+01,0.0000000000000000e+00,1.2507519156488000e-02
5935,3.5156251124864002e-01,4.8437501550002998e-01,0.0000000000000000e+00,1.5625000499965999e-02
91448,3.5937501149932999e-01,9.7253032587008992e+00,0.0000000000000000e+00,1.2507378618984001e-02
91487,3.5937501150055001e-01,1.0700878790980999e+01,0.0000000000000000e+00,1.2507378618987999e-02
5951,3.8504465517707998e-01,4.8437501550002998e-01,0.0000000000000000e+00,1.5625000499965999e-02
91488,3.9062501249923998e-01,9.7253143611637007e+00,0.0000000000000000e+00,1.2507238081476999e-02
91527,3.9062501250064002e-01,1.0700878931519000e+01,0.0000000000000000e+00,1.2507238081476999e-02
5967,4.1852679910551999e-01,4.8437501550002998e-01,0.0000000000000000e+00,1.5625000499965999e-02
91528,4.2187501349915002e-01,9.7253254636266000e+00,0.0000000000000000e+00,1.2507097543971999e-02
91567,4.2187501350071999e-01,1.0700879072056001e+01,0.0000000000000000e+00,1.2507097543971999e-02
5983,4.5200894303396000e-01,4.8437501550002998e-01,0.0000000000000000e+00,1.5625000499965999e-02
91568,4.5312501449905002e-01,9.7253365660893998e+00,0.0000000000000000e+00,1.2506957006462000e-02
91607,4.5312501450079001e-01,1.0700879212594000e+01,0.0000000000000000e+00,1.2506957006460000e-02
91608,4.8437501549896000e-01,9.7253476685521996e+00,0.0000000000000000e+00,1.2506816468955000e-02
91647,4.8437501550088002e-01,1.0700879353131000e+01,0.0000000000000000e+00,1.2506816468955000e-02
5999,4.8549108696240001e-01,4.8437501550002998e-01,0.0000000000000000e+00,1.5625000499965999e-02
91648,5.1562501649887005e-01,9.7253587710151006e+00,0.0000000000000000e+00,1.2506675931442000e-02
91687,5.1562501650092996e-01,1.0700879493668999e+01,0.0000000000000000e+00,1.2506675931448000e-02
6015,5.1897323089084002e-01,4.8437501550002998e-01,0.0000000000000000e+00,1.5625000499965999e-02
91688,5.4687501749877998e-01,9.7253698734779004e+00,0.0000000000000000e+00,1.2506535393939000e-02
91727,5.4687501750101997e-01,1.0700879634206000e+01,0.0000000000000000e+00,1.2506535393937000e-02
6031,5.5245537481927998e-01,4.8437501550002998e-01,0.0000000000000000e+00,1.5625000499965999e-02
91728,5.7812501849868003e-01,9.7253809759407996e+00,0.0000000000000000e+00,1.2506394856428999e-02
91767,5.7812501850108999e-01,1.0700879774743999e+01,0.0000000000000000e+00,1.2506394856430000e-02
6047,5.8593751874772004e-01,4.8437501550002998e-01,0.0000000000000000e+00,1.5625000499965999e-02
91768,6.0937501949859996e-01,9.7253920784035994e+00,0.0000000000000000e+00,1.2506254318922000e-02
91807,6.0937501950117001e-01,1.0700879915281000e+01,0.0000000000000000e+00,1.2506254318925001e-02
6063,6.1941966267616999e-01,4.8437501550002998e-01,0.0000000000000000e+00,1.5625000499966998e-02
91808,6.4062502049851999e-01,9.7254031808663992e+00,0.0000000000000000e+00,1.2506113781416001e-02
91847,6.4062502050126002e-01,1.0700880055819001e+01,0.0000000000000000e+00,1.2506113781415000e-02
6079,6.5290180660460995e-01,4.8437501550002998e-01,0.0000000000000000e+00,1.5625000499966998e-02
91848,6.7187502149845002e-01,9.7254142833293002e+00,0.0000000000000000e+00,1.2505973243906000e-02
91887,6.7187502150130995e-01,1.0700880196356000e+01,0.0000000000000000e+00,1.2505973243908000e-02
6095,6.8638395053305001e-01,4.8437501550002998e-01,0.0000000000000000e+00,1.5625000499966998e-02
91888,7.0312502249836994e-01,9.7254253857921000e+00,0.0000000000000000e+00,1.2505832706399000e-02
91927,7.0312502250139997e-01,1.0700880336894000e+01,0.0000000000000000e+00,1.2505832706402001e-02
6111,7.1986609446148997e-01,4.8437501550002998e-01,0.0000000000000000e+00,1.5625000499966998e-02
91928,7.3437502349828998e-01,9.7254364882548998e+00,0.0000000000000000e+00,1.2505692168892000e-02
91967,7.3437502350146999e-01,1.0700880477430999e+01,0.0000000000000000e+00,1.2505692168892000e-02
6127,7.5334823838993004e-01,4.8437501550002998e-01,0.0000000000000000e+00,1.5625000499966998e-02
91968,7.6562502449821002e-01,9.7254475907178008e+00,0.0000000000000000e+00,1.2505551631389000e-02
92007,7.6562502450155001e-01,1.0700880617969000e+01,0.0000000000000000e+00,1.2505551631385000e-02
6143,7.8683038231836999e-01,4.8437501550002998e-01,0.0000000000000000e+00,1.5625000499968001e-02
92008,7.9687502549813005e-01,9.7254586931806006e+00,0.0000000000000000e+00,1.2505411093883000e-02
92047,7.9687502550164002e-01,1.0700880758506001e+01,0.0000000000000000e+00,1.2505411093880000e-02
6159,8.2031252624680995e-01,4.8437501550002998e-01,0.0000000000000000e+00,1.5625000499968001e-02
92048,8.2812502649804998e-01,9.7254697956434999e+00,0.0000000000000000e+00,1.2505270556369000e-02
92087,8.2812502650168995e-01,1.0700880899044000e+01,0.0000000000000000e+00,1.2505270556375001e-02
6175,8.5379467017525001e-01,4.8437501550002998e-01,0.0000000000000000e+00,1.5625000499968001e-02
92088,8.5937502749797001e-01,9.7254808981062997e+00,0.0000000000000000e+00,1.2505130018866000e-02
92127,8.5937502750177996e-01,1.0700881039581001e+01,0.0000000000000000e+00,1.2505130018864000e-02
6191,8.8727681410369996e-01,4.8437501550002998e-01,0.0000000000000000e+00,1.5625000499968001e-02
92128,8.9062502849792002e-01,9.7254920005690995e+00,0.0000000000000000e+00,1.2504989481351999e-02
92167,8.9062502850186998e-01,1.0700881180119000e+01,0.0000000000000000e+00,1.2504989481357000e-02
6207,9.2075895803214003e-01,4.8437501550002998e-01,0.0000000000000000e+00,1.5625000499968001e-02
92168,9.2187502949785005e-01,9.7255031030320005e+00,0.0000000000000000e+00,1.2504848943848000e-02
92207,9.2187502950197997e-01,1.0700881320656000e+01,0.0000000000000000e+00,1.2504848943850001e-02
92208,9.5312503049777997e-01,9.7255142054948003e+00,0.0000000000000000e+00,1.2504708406338000e-02
92247,9.5312503050208996e-01,1.0700881461193999e+01,0.0000000000000000e+00,1.2504708406345001e-02
6223,9.5424110196057998e-01,4.8437501550002998e-01,0.0000000000000000e+00,1.5625000499968001e-02
92248,9.8437503149774996e-01,9.7255253079576001e+00,0.0000000000000000e+00,1.2504567868831000e-02
92287,9.8437503150215999e-01,1.0700881601731000e+01,0.0000000000000000e+00,1.2504567868836001e-02
6239,9.8772324588902005e-01,4.8437501550002998e-01,0.0000000000000000e+00,1.5625000499968001e-02
92288,1.0156250324978000e+00,9.7255364104204993e+00,0.0000000000000000e+00,1.2504427331326000e-02
92327,1.0156250325022000e+00,1.0700881742269001e+01,0.0000000000000000e+00,1.2504427331328999e-02
6255,1.0212053898175000e+00,4.8437501550002998e-01,0.0000000000000000e+00,1.5625000499969000e-02
92328,1.0468750334978001e+00,9.7255475128833009e+00,0.0000000000000000e+00,1.2504286793819000e-02
92367,1.0468750335021000e+00,1.0700881882806000e+01,0.0000000000000000e+00,1.2504286793819000e-02
6271,1.0546875337459001e+00,4.8437501550002998e-01,0.0000000000000000e+00,1.5625000499969000e-02
92368,1.0781250344980000e+00,9.7255586153461007e+00,0.0000000000000000e+00,1.2504146256310000e-02
92407,1.0781250345021001e+00,1.0700882023344001e+01,0.0000000000000000e+00,1.2504146256312000e-02
6287,1.0881696776743000e+00,4.8437501550002998e-01,0.0000000000000000e+00,1.5625000499969000e-02
92408,1.1093750354981000e+00,9.7255697178089999e+00,0.0000000000000000e+00,1.2504005718803000e-02
92447,1.1093750355020000e+00,1.0700882163880999e+01,0.0000000000000000e+00,1.2504005718801000e-02
6303,1.1216518216028000e+00,4.8437501550002998e-01,0.0000000000000000e+00,1.5625000499969000e-02
92448,1.1406250364982000e+00,9.7255808202717997e+00,0.0000000000000000e+00,1.2503865181296000e-02
92487,1.1406250365020001e+00,1.0700882304419000e+01,0.0000000000000000e+00,1.2503865181294000e-02
6319,1.1551339655312001e+00,4.8437501550002998e-01,0.0000000000000000e+00,1.5625000499969000e-02
92488,1.1718750374983000e+00,9.7255919227347007e+00,0.0000000000000000e+00,1.2503724643789000e-02
92527,1.1718750375019000e+00,1.0700882444955999e+01,0.0000000000000000e+00,1.2503724643789000e-02
6335,1.1886161094597001e+00,4.8437501550002998e-01,0.0000000000000000e+00,1.5625000499969000e-02
92528,1.2031250384983001e+00,9.7256030251975005e+00,0.0000000000000000e+00,1.2503584106280000e-02
92567,1.2031250385018000e+00,1.0700882585494000e+01,0.0000000000000000e+00,1.2503584106284001e-02
6351,1.2220982533881000e+00,4.8437501550002998e-01,0.0000000000000000e+00,1.5625000499969000e-02
92568,1.2343750394984001e+00,9.7256141276603003e+00,0.0000000000000000e+00,1.2503443568769999e-02
92607,1.2343750395016999e+00,1.0700882726031001e+01,0.0000000000000000e+00,1.2503443568779001e-02
6367,1.2555803973166000e+00,4.8437501550002998e-01,0.0000000000000000e+00,1.5625000499969999e-02
92608,1.2656250404985001e+00,9.7256252301231996e+00,0.0000000000000000e+00,1.2503303031265000e-02
92647,1.2656250405017000e+00,1.0700882866569000e+01,0.0000000000000000e+00,1.2503303031266001e-02
6383,1.2890625412450001e+00,4.8437501550002998e-01,0.0000000000000000e+00,1.5625000499969999e-02
92648,1.2968750414985999e+00,9.7256363325859994e+00,0.0000000000000000e+00,1.2503162493758000e-02
92687,1.2968750415015999e+00,1.0700883007106000e+01,0.0000000000000000e+00,1.2503162493756000e-02
6399,1.3225446851734000e+00,4.8437501550002998e-01,0.0000000000000000e+00,1.5625000499969999e-02
92688,1.3281250424986000e+00,9.7256474350487991e+00,0.0000000000000000e+00,1.2503021956253000e-02
92727,1.3281250425016000e+00,1.0700883147643999e+01,0.0000000000000000e+00,1.2503021956249000e-02
6415,1.3560268291019000e+00,4.8437501550002998e-01,0.0000000000000000e+00,1.5625000499969999e-02
92728,1.3593750434987000e+00,9.7256585375117002e+00,0.0000000000000000e+00,1.2502881418742000e-02
92767,1.3593750435015000e+00,1.0700883288181000e+01,0.0000000000000000e+00,1.2502881418744000e-02
6431,1.3895089730303001e+00,4.8437501550002998e-01,0.0000000000000000e+00,1.5625000499969999e-02
92768,1.3906250444988000e+00,9.7256696399745000e+00,0.0000000000000000e+00,1.2502740881235000e-02
92807,1.3906250445013999e+00,1.0700883428718999e+01,0.0000000000000000e+00,1.2502740881239000e-02
92808,1.4218750454989000e+00,9.7256807424373992e+00,0.0000000000000000e+00,1.2502600343730000e-02
92847,1.4218750455013001e+00,1.0700883569256000e+01,0.0000000000000000e+00,1.2502600343728000e-02
6447,1.4229911169588001e+00,4.8437501550002998e-01,0.0000000000000000e+00,1.5625000499969999e-02
92848,1.4531250464989001e+00,9.7256918449002008e+00,0.0000000000000000e+00,1.2502459806223000e-02
92887,1.4531250465012000e+00,1.0700883709794001e+01,0.0000000000000000e+00,1.2502459806221000e-02
6463,1.4564732608872000e+00,4.8437501550002998e-01,0.0000000000000000e+00,1.5625000499969999e-02
92888,1.4843750474990001e+00,9.7257029473630006e+00,0.0000000000000000e+00,1.2502319268712000e-02
92927,1.4843750475010999e+00,1.0700883850331000e+01,0.0000000000000000e+00,1.2502319268714000e-02
6479,1.4899554048157000e+00,4.8437501550002998e-01,0.0000000000000000e+00,1.5625000499970999e-02
92928,1.5156250484991001e+00,9.7257140498258998e+00,0.0000000000000000e+00,1.2502178731205000e-02
92967,1.5156250485011000e+00,1.0700883990869000e+01,0.0000000000000000e+00,1.2502178731209001e-02
6495,1.5234375487441001e+00,4.8437501550002998e-01,0.0000000000000000e+00,1.5625000499970999e-02
92968,1.5468750494992001e+00,9.7257251522886996e+00,0.0000000000000000e+00,1.2502038193700001e-02
93007,1.5468750495010000e+00,1.0700884131405999e+01,0.0000000000000000e+00,1.2502038193698000e-02
6511,1.5569196926727000e+00,4.8437501550002998e-01,0.0000000000000000e+00,1.5625000499970999e-02
93008,1.5781250504993001e+00,9.7257362547514994e+00,0.0000000000000000e+00,1.2501897656191001e-02
93047,1.5781250505008999e+00,1.0700884271944000e+01,0.0000000000000000e+00,1.2501897656193001e-02
6527,1.5904018366013000e+00,4.8437501550002998e-01,0.0000000000000000e+00,1.5625000499970999e-02
93048,1.6093750514992999e+00,9.7257473572144004e+00,0.0000000000000000e+00,1.2501757118685000e-02
93087,1.6093750515008001e+00,1.0700884412481001e+01,0.0000000000000000e+00,1.2501757118686001e-02
6543,1.6238839805298999e+00,4.8437501550002998e-01,0.0000000000000000e+00,1.5625000499970999e-02
93088,1.6406250524993999e+00,9.7257584596772002e+00,0.0000000000000000e+00,1.2501616581172000e-02
93127,1.6406250525007000e+00,1.0700884553019000e+01,0.0000000000000000e+00,1.2501616581176000e-02
6559,1.6573661244586000e+00,4.8437501550002998e-01,0.0000000000000000e+00,1.5625000499970999e-02
93128,1.6718750534994999e+00,9.7257695621400000e+00,0.0000000000000000e+00,1.2501476043667000e-02
93167,1.6718750535007001e+00,1.0700884693556000e+01,0.0000000000000000e+00,1.2501476043671000e-02
6575,1.6908482683874000e+00,4.8437501550002998e-01,0.0000000000000000e+00,1.5625000499970999e-02
93168,1.7031250544995000e+00,9.7257806646028993e+00,0.0000000000000000e+00,1.2501335506162000e-02
93207,1.7031250545006000e+00,1.0700884834093999e+01,0.0000000000000000e+00,1.2501335506158000e-02
6591,1.7243304123161001e+00,4.8437501550002998e-01,0.0000000000000000e+00,1.5625000499972001e-02
93208,1.7343750554996000e+00,9.7257917670657008e+00,0.0000000000000000e+00,1.2501194968655000e-02
93247,1.7343750555005999e+00,1.0700884974631000e+01,0.0000000000000000e+00,1.2501194968653000e-02
6607,1.7578125562449001e+00,4.8437501550002998e-01,0.0000000000000000e+00,1.5625000499972001e-02
93248,1.7656250564996001e+00,9.7258028695286001e+00,0.0000000000000000e+00,1.2501054431144000e-02
93287,1.7656250565005001e+00,1.0700885115168999e+01,0.0000000000000000e+00,1.2501054431148000e-02
6623,1.7912947001737001e+00,4.8437501550002998e-01,0.0000000000000000e+00,1.5625000499972001e-02
93288,1.7968750574996999e+00,9.7258139719913999e+00,0.0000000000000000e+00,1.2500913893639000e-02
93327,1.7968750575004000e+00,1.0700885255706000e+01,0.0000000000000000e+00,1.2500913893643001e-02
6639,1.8247768441023999e+00,4.8437501550002998e-01,0.0000000000000000e+00,1.5625000499972001e-02
93328,1.8281250584997000e+00,9.7258250744541996e+00,0.0000000000000000e+00,1.2500773356130000e-02
93367,1.8281250585004001e+00,1.0700885396244001e+01,0.0000000000000000e+00,1.2500773356130000e-02
6655,1.8582589880311999e+00,4.8437501550002998e-01,0.0000000000000000e+00,1.5625000499972001e-02
93368,1.8593750594998000e+00,9.7258361769171007e+00,0.0000000000000000e+00,1.2500632818621999e-02
93407,1.8593750595003000e+00,1.0700885536781000e+01,0.0000000000000000e+00,1.2500632818625000e-02
93408,1.8906250604998001e+00,9.7258472793799005e+00,0.0000000000000000e+00,1.2500492281115000e-02
93447,1.8906250605002000e+00,1.0700885677319000e+01,0.0000000000000000e+00,1.2500492281118001e-02
6671,1.8917411319599000e+00,4.8437501550002998e-01,0.0000000000000000e+00,1.5625000499972001e-02
93448,1.9218750614999001e+00,9.7258583818427002e+00,0.0000000000000000e+00,1.2500351743610000e-02
93487,1.9218750615002000e+00,1.0700885817855999e+01,0.0000000000000000e+00,1.2500351743608000e-02
6687,1.9252232758887000e+00,4.8437501550002998e-01,0.0000000000000000e+00,1.5625000499973001e-02
93488,1.9531250624998999e+00,9.7258694843055995e+00,0.0000000000000000e+00,1.2500211206099000e-02
93527,1.9531250625001000e+00,1.0700885958394000e+01,0.0000000000000000e+00,1.2500211206103000e-02
6703,1.9587054198175000e+00,4.8437501550002998e-01,0.0000000000000000e+00,1.5625000499973001e-02
93528,1.9843750634999999e+00,9.7258805867683993e+00,0.0000000000000000e+00,1.2500070668578001e-02
93567,1.9843750634999999e+00,1.0700886098931001e+01,0.0000000000000000e+00,1.2500070668555000e-02
6719,1.9921875637462001e+00,4.8437501550002998e-01,0.0000000000000000e+00,1.5625000499973001e-02
6735,2.0256697076750001e+00,4.8437501550002998e-01,0.0000000000000000e+00,1.5625000499973001e-02
6751,2.0591518516037999e+00,4.8437501550002998e-01,0.0000000000000000e+00,1.5625000499973001e-02
6767,2.0926339955325002e+00,4.8437501550002998e-01,0.0000000000000000e+00,1.5625000499973001e-02
6783,2.1261161394613000e+00,4.8437501550002998e-01,0.0000000000000000e+00,1.5625000499973001e-02
6799,2.1595982833899998e+00,4.8437501550002998e-01,0.0000000000000000e+00,1.5625000499974000e-02
6815,2.1930804273188000e+00,4.8437501550002998e-01,0.0000000000000000e+00,1.5625000499974000e-02
6831,2.2265625712475998e+00,4.8437501550002998e-01,0.0000000000000000e+00,1.5625000499974000e-02
6847,2.2600447151763001e+00,4.8437501550002998e-01,0.0000000000000000e+00,1.5625000499974000e-02
6863,2.2935268591050999e+00,4.8437501550002998e-01,0.0000000000000000e+00,1.5625000499974000e-02
6879,2.3270090030339001e+00,4.8437501550002998e-01,0.0000000000000000e+00,1.5625000499974000e-02
6895,2.3604911469626000e+00,4.8437501550002998e-01,0.0000000000000000e+00,1.5625000499974000e-02
6911,2.3939732908914002e+00,4.8437501550002998e-01,0.0000000000000000e+00,1.5625000499974999e-02
6927,2.4274554348201001e+00,4.8437501550002998e-01,0.0000000000000000e+00,1.5625000499974999e-02
6943,2.4609375787488998e+00,4.8437501550002998e-01,0.0000000000000000e+00,1.5625000499974999e-02
6959,2.4944197226777001e+00,4.8437501550001999e-01,0.0000000000000000e+00,1.5625000499974999e-02
6975,2.5279018666063999e+00,4.8437501550001999e-01,0.0000000000000000e+00,1.5625000499974999e-02
6991,2.5613840105352002e+00,4.8437501550001999e-01,0.0000000000000000e+00,1.5625000499974999e-02
7007,2.5948661544639999e+00,4.8437501550001999e-01,0.0000000000000000e+00,1.5625000499974999e-02
7023,2.6283482983926998e+00,4.8437501550001999e-01,0.0000000000000000e+00,1.5625000499976002e-02
7039,2.6618304423215000e+00,4.8437501550001999e-01,0.0000000000000000e+00,1.5625000499976002e-02
7055,2.6953125862501999e+00,4.8437501550001999e-01,0.0000000000000000e+00,1.5625000499976002e-02
7071,2.7287947301790001e+00,4.8437501550001999e-01,0.0000000000000000e+00,1.5625000499976002e-02
7087,2.7622768741077999e+00,4.8437501550001999e-01,0.0000000000000000e+00,1.5625000499976002e-02
7103,2.7957590180365002e+00,4.8437501550001999e-01,0.0000000000000000e+00,1.5625000499976002e-02
7119,2.8292411619653000e+00,4.8437501550001999e-01,0.0000000000000000e+00,1.5625000499976002e-02
7135,2.8627233058941002e+00,4.8437501550001999e-01,0.0000000000000000e+00,1.5625000499977001e-02
7151,2.8962054498228000e+00,4.8437501550001999e-01,0.0000000000000000e+00,1.5625000499977001e-02
7167,2.9296875937515998e+00,4.8437501550001999e-01,0.0000000000000000e+00,1.5625000499977001e-02
7183,2.9631697376803001e+00,4.8437501550001999e-01,0.0000000000000000e+00,1.5625000499977001e-02
7199,2.9966518816090999e+00,4.8437501550001999e-01,0.0000000000000000e+00,1.5625000499977001e-02
7215,3.0301340255379001e+00,4.8437501550001999e-01,0.0000000000000000e+00,1.5625000499977001e-02
7231,3.0636161694666000e+00,4.8437501550001999e-01,0.0000000000000000e+00,1.5625000499978000e-02
7247,3.0970983133954002e+00,4.8437501550001999e-01,0.0000000000000000e+00,1.5625000499978000e-02
7263,3.1305804573242000e+00,4.8437501550001999e-01,0.0000000000000000e+00,1.5625000499978000e-02
7279,3.1640626012528998e+00,4.8437501550001999e-01,0.0000000000000000e+00,1.5625000499978000e-02
7295,3.1975447451817001e+00,4.8437501550001999e-01,0.0000000000000000e+00,1.5625000499978000e-02
7311,3.2310268891103999e+00,4.8437501550001999e-01,0.0000000000000000e+00,1.5625000499978000e-02
7327,3.2645090330392001e+00,4.8437501550001999e-01,0.0000000000000000e+00,1.5625000499978000e-02
7343,3.2979911769679999e+00,4.8437501550001999e-01,0.0000000000000000e+00,1.5625000499978000e-02
7359,3.3314733208966998e+00,4.8437501550001999e-01,0.0000000000000000e+00,1.5625000499978999e-02
7375,3.3649554648255000e+00,4.8437501550001999e-01,0.0000000000000000e+00,1.5625000499978999e-02
7391,3.3984376087542998e+00,4.8437501550001999e-01,0.0000000000000000e+00,1.5625000499978999e-02
7407,3.4319197526830001e+00,4.8437501550001999e-01,0.0000000000000000e+00,1.5625000499978999e-02
7423,3.4654018966117999e+00,4.8437501550001999e-01,0.0000000000000000e+00,1.5625000499978999e-02
7439,3.4988840405405002e+00,4.8437501550001999e-01,0.0000000000000000e+00,1.5625000499978999e-02
7455,3.5323661844693000e+00,4.8437501550001999e-01,0.0000000000000000e+00,1.5625000499979998e-02
7471,3.5658483283981002e+00,4.8437501550001999e-01,0.0000000000000000e+00,1.5625000499979998e-02
7487,3.5993304723268000e+00,4.8437501550001999e-01,0.0000000000000000e+00,1.5625000499979998e-02
7503,3.6328126162555998e+00,4.8437501550001999e-01,0.0000000000000000e+00,1.5625000499979998e-02
7519,3.6662947601844000e+00,4.8437501550001999e-01,0.0000000000000000e+00,1.5625000499979998e-02
7535,3.6997769041130999e+00,4.8437501550001999e-01,0.0000000000000000e+00,1.5625000499979998e-02
7551,3.7332590480419001e+00,4.8437501550001999e-01,0.0000000000000000e+00,1.5625000499979998e-02
7567,3.7667411919706000e+00,4.8437501550001999e-01,0.0000000000000000e+00,1.5625000499981001e-02
7583,3.8002233358994002e+00,4.8437501550001999e-01,0.0000000000000000e+00,1.5625000499981001e-02
7599,3.8337054798282000e+00,4.8437501550001999e-01,0.0000000000000000e+00,1.5625000499981001e-02
7615,3.8671876237568998e+00,4.8437501550001999e-01,0.0000000000000000e+00,1.5625000499981001e-02
7631,3.9006697676857001e+00,4.8437501550001999e-01,0.0000000000000000e+00,1.5625000499981001e-02
7647,3.9341519116144998e+00,4.8437501550001999e-01,0.0000000000000000e+00,1.5625000499981001e-02
7663,3.9676340555432001e+00,4.8437501550001999e-01,0.0000000000000000e+00,1.5625000499981001e-02
7679,4.0011161994720004e+00,4.8437501550001999e-01,0.0000000000000000e+00,1.5625000499981001e-02
7695,4.0345983434006998e+00,4.8437501550001999e-01,0.0000000000000000e+00,1.5625000499982000e-02
7711,4.0680804873294996e+00,4.8437501550001999e-01,0.0000000000000000e+00,1.5625000499982000e-02
7727,4.1015626312583002e+00,4.8437501550001999e-01,0.0000000000000000e+00,1.5625000499982000e-02
7743,4.1350447751869996e+00,4.8437501550001999e-01,0.0000000000000000e+00,1.5625000499982000e-02
7759,4.1685269191158003e+00,4.8437501550001999e-01,0.0000000000000000e+00,1.5625000499982000e-02
7775,4.2020090630446001e+00,4.8437501550001999e-01,0.0000000000000000e+00,1.5625000499982000e-02
7791,4.2354912069733004e+00,4.8437501550001999e-01,0.0000000000000000e+00,1.5625000499982999e-02
7807,4.2689733509021002e+00,4.8437501550001999e-01,0.0000000000000000e+00,1.5625000499982999e-02
7823,4.3024554948307996e+00,4.8437501550001999e-01,0.0000000000000000e+00,1.5625000499982999e-02
7839,4.3359376387596003e+00,4.8437501550001999e-01,0.0000000000000000e+00,1.5625000499982999e-02
7855,4.3694197826884000e+00,4.8437501550001999e-01,0.0000000000000000e+00,1.5625000499982999e-02
7871,4.4029019266171003e+00,4.8437501550001999e-01,0.0000000000000000e+00,1.5625000499982999e-02
7887,4.4363840705459001e+00,4.8437501550001999e-01,0.0000000000000000e+00,1.5625000499982999e-02
7903,4.4698662144746999e+00,4.8437501550001999e-01,0.0000000000000000e+00,1.5625000499982999e-02
7919,4.5033483584034002e+00,4.8437501550001999e-01,0.0000000000000000e+00,1.5625000499983999e-02
7935,4.5368305023322000e+00,4.8437501550001999e-01,0.0000000000000000e+00,1.5625000499983999e-02
7951,4.5703126462609003e+00,4.8437501550001999e-01,0.0000000000000000e+00,1.5625000499983999e-02
7967,4.6037947901897001e+00,4.8437501550001999e-01,0.0000000000000000e+00,1.5625000499983999e-02
7983,4.6372769341184998e+00,4.8437501550001999e-01,0.0000000000000000e+00,1.5625000499983999e-02
7999,4.6707590780472001e+00,4.8437501550001999e-01,0.0000000000000000e+00,1.5625000499983999e-02
8015,4.7042412219759999e+00,4.8437501550001999e-01,0.0000000000000000e+00,1.5625000499983999e-02
8031,4.7377233659047997e+00,4.8437501550001999e-01,0.0000000000000000e+00,1.5625000499985001e-02
8047,4.7712055098335000e+00,4.8437501550001000e-01,0.0000000000000000e+00,1.5625000499985001e-02
8063,4.8046876537622998e+00,4.8437501550001000e-01,0.0000000000000000e+00,1.5625000499985001e-02
8079,4.8381697976910001e+00,4.8437501550001000e-01,0.0000000000000000e+00,1.5625000499985001e-02
8095,4.8716519416197999e+00,4.8437501550001000e-01,0.0000000000000000e+00,1.5625000499985001e-02
8111,4.9051340855485996e+00,4.8437501550001000e-01,0.0000000000000000e+00,1.5625000499985001e-02
8127,4.9386162294772999e+00,4.8437501550001000e-01,0.0000000000000000e+00,1.5625000499985001e-02
8143,4.9720983734060997e+00,4.8437501550001000e-01,0.0000000000000000e+00,1.5625000499986001e-02
8159,5.0055805173349004e+00,4.8437501550001000e-01,0.0000000000000000e+00,1.5625000499986001e-02
8175,5.0390626612635998e+00,4.8437501550001000e-01,0.0000000000000000e+00,1.5625000499986001e-02
8191,5.0725448051923996e+00,4.8437501550001000e-01,0.0000000000000000e+00,1.5625000499986001e-02
8207,5.1060269491210999e+00,4.8437501550001000e-01,0.0000000000000000e+00,1.5625000499986001e-02
8223,5.1395090930498997e+00,4.8437501550001000e-01,0.0000000000000000e+00,1.5625000499986001e-02
8239,5.1729912369787003e+00,4.8437501550001000e-01,0.0000000000000000e+00,1.5625000499986001e-02
8255,5.2064733809073998e+00,4.8437501550001000e-01,0.0000000000000000e+00,1.5625000499987000e-02
8271,5.2399555248362004e+00,4.8437501550001000e-01,0.0000000000000000e+00,1.5625000499987000e-02
8287,5.2734376687650002e+00,4.8437501550001000e-01,0.0000000000000000e+00,1.5625000499987000e-02
8303,5.3069198126936996e+00,4.8437501550001000e-01,0.0000000000000000e+00,1.5625000499987000e-02
8319,5.3404019566225003e+00,4.8437501550001000e-01,0.0000000000000000e+00,1.5625000499987000e-02
8335,5.3738841005511997e+00,4.8437501550001000e-01,0.0000000000000000e+00,1.5625000499987000e-02
8351,5.4073662444800004e+00,4.8437501550001000e-01,0.0000000000000000e+00,1.5625000499987000e-02
8367,5.4408483884088001e+00,4.8437501550001000e-01,0.0000000000000000e+00,1.5625000499987999e-02
8383,5.4743305323375004e+00,4.8437501550001000e-01,0.0000000000000000e+00,1.5625000499987999e-02
8399,5.5078126762663002e+00,4.8437501550001000e-01,0.0000000000000000e+00,1.5625000499987999e-02
8415,5.5412948201951000e+00,4.8437501550001000e-01,0.0000000000000000e+00,1.5625000499987999e-02
8431,5.5747769641238003e+00,4.8437501550001000e-01,0.0000000000000000e+00,1.5625000499987999e-02
8447,5.6082591080526001e+00,4.8437501550001000e-01,0.0000000000000000e+00,1.5625000499987999e-02
8463,5.6417412519813004e+00,4.8437501550001000e-01,0.0000000000000000e+00,1.5625000499987999e-02
8479,5.6752233959101002e+00,4.8437501550001000e-01,0.0000000000000000e+00,1.5625000499989002e-02
8495,5.7087055398388999e+00,4.8437501550001000e-01,0.0000000000000000e+00,1.5625000499989002e-02
8511,5.7421876837676002e+00,4.8437501550001000e-01,0.0000000000000000e+00,1.5625000499989002e-02
8527,5.7756698276964000e+00,4.8437501550001000e-01,0.0000000000000000e+00,1.5625000499989002e-02
8543,5.8091519716251998e+00,4.8437501550001000e-01,0.0000000000000000e+00,1.5625000499989002e-02
8559,5.8426341155539001e+00,4.8437501550001000e-01,0.0000000000000000e+00,1.5625000499989002e-02
8575,5.8761162594826999e+00,4.8437501550001000e-01,0.0000000000000000e+00,1.5625000499989002e-02
8591,5.9095984034114002e+00,4.8437501550001000e-01,0.0000000000000000e+00,1.5625000499990001e-02
8607,5.9430805473402000e+00,4.8437501550001000e-01,0.0000000000000000e+00,1.5625000499990001e-02
8623,5.9765626912689997e+00,4.8437501550001000e-01,0.0000000000000000e+00,1.5625000499990001e-02
8639,6.0100448351977001e+00,4.8437501550001000e-01,0.0000000000000000e+00,1.5625000499990001e-02
8655,6.0435269791264998e+00,4.8437501550001000e-01,0.0000000000000000e+00,1.5625000499990001e-02
8671,6.0770091230552001e+00,4.8437501550001000e-01,0.0000000000000000e+00,1.5625000499990001e-02
8687,6.1104912669839999e+00,4.8437501550001000e-01,0.0000000000000000e+00,1.5625000499991000e-02
8703,6.1439734109127997e+00,4.8437501550001000e-01,0.0000000000000000e+00,1.5625000499991000e-02
8719,6.1774555548415000e+00,4.8437501550001000e-01,0.0000000000000000e+00,1.5625000499991000e-02
8735,6.2109376987702998e+00,4.8437501550001000e-01,0.0000000000000000e+00,1.5625000499991000e-02
8751,6.2444198426991004e+00,4.8437501550001000e-01,0.0000000000000000e+00,1.5625000499991000e-02
8767,6.2779019866277999e+00,4.8437501550001000e-01,0.0000000000000000e+00,1.5625000499991000e-02
8783,6.3113841305565996e+00,4.8437501550001000e-01,0.0000000000000000e+00,1.5625000499991000e-02
8799,6.3448662744852999e+00,4.8437501550001000e-01,0.0000000000000000e+00,1.5625000499991000e-02
8815,6.3783484184140997e+00,4.8437501550001000e-01,0.0000000000000000e+00,1.5625000499991999e-02
8831,6.4118305623429004e+00,4.8437501550001000e-01,0.0000000000000000e+00,1.5625000499991999e-02
8847,6.4453127062715998e+00,4.8437501550001000e-01,0.0000000000000000e+00,1.5625000499991999e-02
8863,6.4787948502003996e+00,4.8437501550001000e-01,0.0000000000000000e+00,1.5625000499991999e-02
8879,6.5122769941292002e+00,4.8437501550001000e-01,0.0000000000000000e+00,1.5625000499991999e-02
8895,6.5457591380578997e+00,4.8437501550001000e-01,0.0000000000000000e+00,1.5625000499991999e-02
8911,6.5792412819867003e+00,4.8437501550001000e-01,0.0000000000000000e+00,1.5625000499992998e-02
8927,6.6127234259153997e+00,4.8437501550001000e-01,0.0000000000000000e+00,1.5625000499992998e-02
8943,6.6462055698442004e+00,4.8437501550001000e-01,0.0000000000000000e+00,1.5625000499992998e-02
8959,6.6796877137730002e+00,4.8437501550001000e-01,0.0000000000000000e+00,1.5625000499992998e-02
8975,6.7131698577016996e+00,4.8437501550001000e-01,0.0000000000000000e+00,1.5625000499992998e-02
8991,6.7466520016305003e+00,4.8437501550001000e-01,0.0000000000000000e+00,1.5625000499992998e-02
9007,6.7801341455593001e+00,4.8437501550001000e-01,0.0000000000000000e+00,1.5625000499992998e-02
9023,6.8136162894880004e+00,4.8437501550001000e-01,0.0000000000000000e+00,1.5625000499992998e-02
9039,6.8470984334168001e+00,4.8437501550001000e-01,0.0000000000000000e+00,1.5625000499994001e-02
9055,6.8805805773455004e+00,4.8437501550001000e-01,0.0000000000000000e+00,1.5625000499994001e-02
9071,6.9140627212743002e+00,4.8437501550001000e-01,0.0000000000000000e+00,1.5625000499994001e-02
9087,6.9475448652031000e+00,4.8437501550001000e-01,0.0000000000000000e+00,1.5625000499994001e-02
9103,6.9810270091318003e+00,4.8437501550001000e-01,0.0000000000000000e+00,1.5625000499994001e-02
9119,7.0145091530606001e+00,4.8437501550001000e-01,0.0000000000000000e+00,1.5625000499994001e-02
9135,7.0479912969893999e+00,4.8437501550000001e-01,0.0000000000000000e+00,1.5625000499995000e-02
9151,7.0814734409181002e+00,4.8437501550000001e-01,0.0000000000000000e+00,1.5625000499995000e-02
9167,7.1149555848468999e+00,4.8437501550000001e-01,0.0000000000000000e+00,1.5625000499995000e-02
9183,7.1484377287756002e+00,4.8437501550000001e-01,0.0000000000000000e+00,1.5625000499995000e-02
9199,7.1819198727044000e+00,4.8437501550000001e-01,0.0000000000000000e+00,1.5625000499995000e-02
9215,7.2154020166331998e+00,4.8437501550000001e-01,0.0000000000000000e+00,1.5625000499995000e-02
9231,7.2488841605619001e+00,4.8437501550000001e-01,0.0000000000000000e+00,1.5625000499995000e-02
9247,7.2823663044906999e+00,4.8437501550000001e-01,0.0000000000000000e+00,1.5625000499995999e-02
9263,7.3158484484194997e+00,4.8437501550000001e-01,0.0000000000000000e+00,1.5625000499995999e-02
9279,7.3493305923482000e+00,4.8437501550000001e-01,0.0000000000000000e+00,1.5625000499995999e-02
9295,7.3828127362769997e+00,4.8437501550000001e-01,0.0000000000000000e+00,1.5625000499995999e-02
9311,7.4162948802057000e+00,4.8437501550000001e-01,0.0000000000000000e+00,1.5625000499995999e-02
9327,7.4497770241344003e+00,4.8437501550000001e-01,0.0000000000000000e+00,1.5625000499995999e-02
9343,7.4832591680630003e+00,4.8437501550000001e-01,0.0000000000000000e+00,1.5625000499995999e-02
9359,7.5167413119916002e+00,4.8437501550000001e-01,0.0000000000000000e+00,1.5625000499996999e-02
9375,7.5502234559202002e+00,4.8437501550000001e-01,0.0000000000000000e+00,1.5625000499996999e-02
9391,7.5837055998486997e+00,4.8437501550000001e-01,0.0000000000000000e+00,1.5625000499996999e-02
9407,7.6171877437772002e+00,4.8437501550000001e-01,0.0000000000000000e+00,1.5625000499996999e-02
9423,7.6506698877056998e+00,4.8437501550000001e-01,0.0000000000000000e+00,1.5625000499996999e-02
9439,7.6841520316340999e+00,4.8437501550000001e-01,0.0000000000000000e+00,1.5625000499996999e-02
9455,7.7176341755626003e+00,4.8437501550000001e-01,0.0000000000000000e+00,1.5625000499996999e-02
9471,7.7511163194910004e+00,4.8437501550000001e-01,0.0000000000000000e+00,1.5625000499998001e-02
9487,7.7845984634195000e+00,4.8437501550000001e-01,0.0000000000000000e+00,1.5625000499998001e-02
9503,7.8180806073479001e+00,4.8437501550000001e-01,0.0000000000000000e+00,1.5625000499998001e-02
9519,7.8515627512763997e+00,4.8437501550000001e-01,0.0000000000000000e+00,1.5625000499998001e-02
9535,7.8850448952047998e+00,4.8437501550000001e-01,0.0000000000000000e+00,1.5625000499998001e-02
9551,7.9185270391333002e+00,4.8437501550000001e-01,0.0000000000000000e+00,1.5625000499998001e-02
9567,7.9520091830617003e+00,4.8437501550000001e-01,0.0000000000000000e+00,1.5625000499999001e-02
9583,7.9854913269901999e+00,4.8437501550000001e-01,0.0000000000000000e+00,1.5625000499999001e-02
9599,8.0189734709185991e+00,4.8437501550000001e-01,0.0000000000000000e+00,1.5625000499999001e-02
9615,8.0524556148470996e+00,4.8437501550000001e-01,0.0000000000000000e+00,1.5625000499999001e-02
9631,8.0859377587755006e+00,4.8437501550000001e-01,0.0000000000000000e+00,1.5625000499999001e-02
9647,8.1194199027039993e+00,4.8437501550000001e-01,0.0000000000000000e+00,1.5625000499999001e-02
9663,8.1529020466324003e+00,4.8437501550000001e-01,0.0000000000000000e+00,1.5625000499999001e-02
9679,8.1863841905609007e+00,4.8437501550000001e-01,0.0000000000000000e+00,1.5625000500000000e-02
9695,8.2198663344892999e+00,4.8437501550000001e-01,0.0000000000000000e+00,1.5625000500000000e-02
9711,8.2533484784178004e+00,4.8437501550000001e-01,0.0000000000000000e+00,1.5625000500000000e-02
9727,8.2868306223461996e+00,4.8437501550000001e-01,0.0000000000000000e+00,1.5625000500000000e-02
9743,8.3203127662747001e+00,4.8437501550000001e-01,0.0000000000000000e+00,1.5625000500000000e-02
9759,8.3537949102030993e+00,4.8437501550000001e-01,0.0000000000000000e+00,1.5625000500000000e-02
9775,8.3872770541315997e+00,4.8437501550000001e-01,0.0000000000000000e+00,1.5625000500000000e-02
9791,8.4207591980600007e+00,4.8437501550000001e-01,0.0000000000000000e+00,1.5625000500000000e-02
9807,8.4542413419884994e+00,4.8437501550000001e-01,0.0000000000000000e+00,1.5625000500000999e-02
9823,8.4877234859169004e+00,4.8437501550000001e-01,0.0000000000000000e+00,1.5625000500000999e-02
9839,8.5212056298454009e+00,4.8437501550000001e-01,0.0000000000000000e+00,1.5625000500000999e-02
9855,8.5546877737738001e+00,4.8437501550000001e-01,0.0000000000000000e+00,1.5625000500000999e-02
9871,8.5881699177023005e+00,4.8437501550000001e-01,0.0000000000000000e+00,1.5625000500000999e-02
9887,8.6216520616306997e+00,4.8437501550000001e-01,0.0000000000000000e+00,1.5625000500000999e-02
9903,8.6551342055592002e+00,4.8437501550000001e-01,0.0000000000000000e+00,1.5625000500002002e-02
9919,8.6886163494875994e+00,4.8437501550000001e-01,0.0000000000000000e+00,1.5625000500002002e-02
9935,8.7220984934160999e+00,4.8437501550000001e-01,0.0000000000000000e+00,1.5625000500002002e-02
9951,8.7555806373445009e+00,4.8437501550000001e-01,0.0000000000000000e+00,1.5625000500002002e-02
9967,8.7890627812729996e+00,4.8437501550000001e-01,0.0000000000000000e+00,1.5625000500002002e-02
9983,8.8225449252014005e+00,4.8437501550000001e-01,0.0000000000000000e+00,1.5625000500002002e-02
9999,8.8560270691298992e+00,4.8437501550000001e-01,0.0000000000000000e+00,1.5625000500002002e-02
10015,8.8895092130583002e+00,4.8437501550000001e-01,0.0000000000000000e+00,1.5625000500003001e-02
10031,8.9229913569868007e+00,4.8437501550000001e-01,0.0000000000000000e+00,1.5625000500003001e-02
10047,8.9564735009151999e+00,4.8437501550000001e-01,0.0000000000000000e+00,1.5625000500003001e-02
10063,8.9899556448437004e+00,4.8437501550000001e-01,0.0000000000000000e+00,1.5625000500003001e-02
10079,9.0234377887720996e+00,4.8437501550000001e-01,0.0000000000000000e+00,1.5625000500003001e-02
10095,9.0569199327006000e+00,4.8437501550000001e-01,0.0000000000000000e+00,1.5625000500003001e-02
10111,9.0904020766289992e+00,4.8437501550000001e-01,0.0000000000000000e+00,1.5625000500004000e-02
10127,9.1238842205574997e+00,4.8437501550000001e-01,0.0000000000000000e+00,1.5625000500004000e-02
10143,9.1573663644859007e+00,4.8437501550000001e-01,0.0000000000000000e+00,1.5625000500004000e-02
10159,9.1908485084143994e+00,4.8437501550000001e-01,0.0000000000000000e+00,1.5625000500004000e-02
10175,9.2243306523428004e+00,4.8437501550000001e-01,0.0000000000000000e+00,1.5625000500004000e-02
10191,9.2578127962713008e+00,4.8437501550000001e-01,0.0000000000000000e+00,1.5625000500004000e-02
10207,9.2912949401997000e+00,4.8437501550000001e-01,0.0000000000000000e+00,1.5625000500004000e-02
10223,9.3247770841282005e+00,4.8437501549999001e-01,0.0000000000000000e+00,1.5625000500004000e-02
10239,9.3582592280565997e+00,4.8437501549999001e-01,0.0000000000000000e+00,1.5625000500004999e-02
10255,9.3917413719851002e+00,4.8437501549999001e-01,0.0000000000000000e+00,1.5625000500004999e-02
10271,9.4252235159134994e+00,4.8437501549999001e-01,0.0000000000000000e+00,1.5625000500004999e-02
10287,9.4587056598419998e+00,4.8437501549999001e-01,0.0000000000000000e+00,1.5625000500004999e-02
10303,9.4921878037704008e+00,4.8437501549999001e-01,0.0000000000000000e+00,1.5625000500004999e-02
10319,9.5256699476988995e+00,4.8437501549999001e-01,0.0000000000000000e+00,1.5625000500004999e-02
10335,9.5591520916273005e+00,4.8437501549999001e-01,0.0000000000000000e+00,1.5625000500005998e-02
10351,9.5926342355557992e+00,4.8437501549999001e-01,0.0000000000000000e+00,1.5625000500005998e-02
10367,9.6261163794842002e+00,4.8437501549999001e-01,0.0000000000000000e+00,1.5625000500005998e-02
10383,9.6595985234127006e+00,4.8437501549999001e-01,0.0000000000000000e+00,1.5625000500005998e-02
10399,9.6930806673410999e+00,4.8437501549999001e-01,0.0000000000000000e+00,1.5625000500005998e-02
10415,9.7265628112696003e+00,4.8437501549999001e-01,0.0000000000000000e+00,1.5625000500005998e-02
10431,9.7600449551979995e+00,4.8437501549999001e-01,0.0000000000000000e+00,1.5625000500005998e-02
10447,9.7935270991265000e+00,4.8437501549999001e-01,0.0000000000000000e+00,1.5625000500007001e-02
10463,9.8270092430548992e+00,4.8437501549999001e-01,0.0000000000000000e+00,1.5625000500007001e-02
10479,9.8604913869833997e+00,4.8437501549999001e-01,0.0000000000000000e+00,1.5625000500007001e-02
10495,9.8939735309118007e+00,4.8437501549999001e-01,0.0000000000000000e+00,1.5625000500007001e-02
10511,9.9274556748402993e+00,4.8437501549999001e-01,0.0000000000000000e+00,1.5625000500007001e-02
10527,9.9609378187687003e+00,4.8437501549999001e-01,0.0000000000000000e+00,1.5625000500007001e-02
10543,9.9944199626972008e+00,4.8437501549999001e-01,0.0000000000000000e+00,1.5625000500007001e-02
10559,1.0027902106626000e+01,4.8437501549999001e-01,0.0000000000000000e+00,1.5625000500008000e-02
10575,1.0061384250553999e+01,4.8437501549999001e-01,0.0000000000000000e+00,1.5625000500008000e-02
10591,1.0094866394483001e+01,4.8437501549999001e-01,0.0000000000000000e+00,1.5625000500008000e-02
10607,1.0128348538411000e+01,4.8437501549999001e-01,0.0000000000000000e+00,1.5625000500008000e-02
10623,1.0161830682339000e+01,4.8437501549999001e-01,0.0000000000000000e+00,1.5625000500008000e-02
10639,1.0195312826267999e+01,4.8437501549999001e-01,0.0000000000000000e+00,1.5625000500008000e-02
10655,1.0228794970196001e+01,4.8437501549999001e-01,0.0000000000000000e+00,1.5625000500008000e-02
10671,1.0262277114125000e+01,4.8437501549999001e-01,0.0000000000000000e+00,1.5625000500008999e-02
10687,1.0295759258053000e+01,4.8437501549999001e-01,0.0000000000000000e+00,1.5625000500008999e-02
10703,1.0329241401981999e+01,4.8437501549999001e-01,0.0000000000000000e+00,1.5625000500008999e-02
10719,1.0362723545910001e+01,4.8437501549999001e-01,0.0000000000000000e+00,1.5625000500008999e-02
10735,1.0396205689839000e+01,4.8437501549999001e-01,0.0000000000000000e+00,1.5625000500008999e-02
10751,1.0429687833767000e+01,4.8437501549999001e-01,0.0000000000000000e+00,1.5625000500008999e-02
10767,1.0463169977694999e+01,4.8437501549999001e-01,0.0000000000000000e+00,1.5625000500008999e-02
10783,1.0496652121624001e+01,4.8437501549999001e-01,0.0000000000000000e+00,1.5625000500009999e-02
10799,1.0530134265552000e+01,4.8437501549999001e-01,0.0000000000000000e+00,1.5625000500009999e-02
10815,1.0563616409481000e+01,4.8437501549999001e-01,0.0000000000000000e+00,1.5625000500009999e-02
10831,1.0597098553408999e+01,4.8437501549999001e-01,0.0000000000000000e+00,1.5625000500009999e-02
10847,1.0630580697338001e+01,4.8437501549999001e-01,0.0000000000000000e+00,1.5625000500009999e-02
10863,1.0664062841266000e+01,4.8437501549999001e-01,0.0000000000000000e+00,1.5625000500009999e-02
10879,1.0697544985195000e+01,4.8437501549999001e-01,0.0000000000000000e+00,1.5625000500009999e-02
10895,1.0731027129122999e+01,4.8437501549999001e-01,0.0000000000000000e+00,1.5625000500011001e-02
10911,1.0764509273051999e+01,4.8437501549999001e-01,0.0000000000000000e+00,1.5625000500011001e-02
10927,1.0797991416980000e+01,4.8437501549999001e-01,0.0000000000000000e+00,1.5625000500011001e-02
10943,1.0831473560908000e+01,4.8437501549999001e-01,0.0000000000000000e+00,1.5625000500011001e-02
10959,1.0864955704837000e+01,4.8437501549999001e-01,0.0000000000000000e+00,1.5625000500011001e-02
10975,1.0898437848765001e+01,4.8437501549999001e-01,0.0000000000000000e+00,1.5625000500011001e-02
10991,1.0931919992694000e+01,4.8437501549999001e-01,0.0000000000000000e+00,1.5625000500012001e-02
11007,1.0965402136622000e+01,4.8437501549999001e-01,0.0000000000000000e+00,1.5625000500012001e-02
11023,1.0998884280551000e+01,4.8437501549999001e-01,0.0000000000000000e+00,1.5625000500012001e-02
11039,1.1032366424478999e+01,4.8437501549999001e-01,0.0000000000000000e+00,1.5625000500012001e-02
11055,1.1065848568408001e+01,4.8437501549999001e-01,0.0000000000000000e+00,1.5625000500012001e-02
11071,1.1099330712336000e+01,4.8437501549999001e-01,0.0000000000000000e+00,1.5625000500012001e-02
11087,1.1132812856264000e+01,4.8437501549999001e-01,0.0000000000000000e+00,1.5625000500012001e-02
11103,1.1166295000192999e+01,4.8437501549999001e-01,0.0000000000000000e+00,1.5625000500013000e-02
11119,1.1199777144121001e+01,4.8437501549999001e-01,0.0000000000000000e+00,1.5625000500013000e-02
11135,1.1233259288050000e+01,4.8437501549999001e-01,0.0000000000000000e+00,1.5625000500013000e-02
11151,1.1266741431978000e+01,4.8437501549999001e-01,0.0000000000000000e+00,1.5625000500013000e-02
11167,1.1300223575906999e+01,4.8437501549999001e-01,0.0000000000000000e+00,1.5625000500013000e-02
11183,1.1333705719835001e+01,4.8437501549999001e-01,0.0000000000000000e+00,1.5625000500013000e-02
11199,1.1367187863764000e+01,4.8437501549999001e-01,0.0000000000000000e+00,1.5625000500013000e-02
11215,1.1400670007692000e+01,4.8437501549999001e-01,0.0000000000000000e+00,1.5625000500013000e-02
11231,1.1434152151620999e+01,4.8437501549999001e-01,0.0000000000000000e+00,1.5625000500013999e-02
11247,1.1467634295549001e+01,4.8437501549999001e-01,0.0000000000000000e+00,1.5625000500013999e-02
11263,1.1501116439477000e+01,4.8437501549999001e-01,0.0000000000000000e+00,1.5625000500013999e-02
11279,1.1534598583406000e+01,4.8437501549999001e-01,0.0000000000000000e+00,1.5625000500013999e-02
11295,1.1568080727333999e+01,4.8437501549999001e-01,0.0000000000000000e+00,1.5625000500013999e-02
11311,1.1601562871263001e+01,4.8437501549998002e-01,0.0000000000000000e+00,1.5625000500013999e-02
11327,1.1635045015191000e+01,4.8437501549998002e-01,0.0000000000000000e+00,1.5625000500015002e-02
11343,1.1668527159120000e+01,4.8437501549998002e-01,0.0000000000000000e+00,1.5625000500015002e-02
11359,1.1702009303047999e+01,4.8437501549998002e-01,0.0000000000000000e+00,1.5625000500015002e-02
11375,1.1735491446977001e+01,4.8437501549998002e-01,0.0000000000000000e+00,1.5625000500015002e-02
11391,1.1768973590905000e+01,4.8437501549998002e-01,0.0000000000000000e+00,1.5625000500015002e-02
11407,1.1802455734834000e+01,4.8437501549998002e-01,0.0000000000000000e+00,1.5625000500015002e-02
11423,1.1835937878762000e+01,4.8437501549998002e-01,0.0000000000000000e+00,1.5625000500015002e-02
11439,1.1869420022690001e+01,4.8437501549998002e-01,0.0000000000000000e+00,1.5625000500015002e-02
11455,1.1902902166619000e+01,4.8437501549998002e-01,0.0000000000000000e+00,1.5625000500016001e-02
11471,1.1936384310547000e+01,4.8437501549998002e-01,0.0000000000000000e+00,1.5625000500016001e-02
11487,1.1969866454476000e+01,4.8437501549998002e-01,0.0000000000000000e+00,1.5625000500016001e-02
11503,1.2003348598403999e+01,4.8437501549998002e-01,0.0000000000000000e+00,1.5625000500016001e-02
11519,1.2036830742333001e+01,4.8437501549998002e-01,0.0000000000000000e+00,1.5625000500016001e-02
11535,1.2070312886261000e+01,4.8437501549998002e-01,0.0000000000000000e+00,1.5625000500016001e-02
11551,1.2103795030190000e+01,4.8437501549998002e-01,0.0000000000000000e+00,1.5625000500017000e-02
11567,1.2137277174117999e+01,4.8437501549998002e-01,0.0000000000000000e+00,1.5625000500017000e-02
11583,1.2170759318046001e+01,4.8437501549998002e-01,0.0000000000000000e+00,1.5625000500017000e-02
11599,1.2204241461975000e+01,4.8437501549998002e-01,0.0000000000000000e+00,1.5625000500017000e-02
11615,1.2237723605903000e+01,4.8437501549998002e-01,0.0000000000000000e+00,1.5625000500017000e-02
11631,1.2271205749831999e+01,4.8437501549998002e-01,0.0000000000000000e+00,1.5625000500017000e-02
11647,1.2304687893760001e+01,4.8437501549998002e-01,0.0000000000000000e+00,1.5625000500017999e-02
11663,1.2338170037689000e+01,4.8437501549998002e-01,0.0000000000000000e+00,1.5625000500017999e-02
11679,1.2371652181617000e+01,4.8437501549998002e-01,0.0000000000000000e+00,1.5625000500017999e-02
11695,1.2405134325545999e+01,4.8437501549998002e-01,0.0000000000000000e+00,1.5625000500017999e-02
11711,1.2438616469474001e+01,4.8437501549998002e-01,0.0000000000000000e+00,1.5625000500017999e-02
11727,1.2472098613403000e+01,4.8437501549998002e-01,0.0000000000000000e+00,1.5625000500017999e-02
11743,1.2505580757331000e+01,4.8437501549998002e-01,0.0000000000000000e+00,1.5625000500017999e-02
11759,1.2539062901258999e+01,4.8437501549998002e-01,0.0000000000000000e+00,1.5625000500017999e-02
11775,1.2572545045188001e+01,4.8437501549998002e-01,0.0000000000000000e+00,1.5625000500018998e-02
11791,1.2606027189116000e+01,4.8437501549998002e-01,0.0000000000000000e+00,1.5625000500018998e-02
11807,1.2639509333045000e+01,4.8437501549998002e-01,0.0000000000000000e+00,1.5625000500018998e-02
11823,1.2672991476972999e+01,4.8437501549998002e-01,0.0000000000000000e+00,1.5625000500018998e-02
11839,1.2706473620902001e+01,4.8437501549998002e-01,0.0000000000000000e+00,1.5625000500018998e-02
11855,1.2739955764830000e+01,4.8437501549998002e-01,0.0000000000000000e+00,1.5625000500018998e-02
11871,1.2773437908759000e+01,4.8437501549998002e-01,0.0000000000000000e+00,1.5625000500018998e-02
11887,1.2806920052687000e+01,4.8437501549998002e-01,0.0000000000000000e+00,1.5625000500020001e-02
11903,1.2840402196615001e+01,4.8437501549998002e-01,0.0000000000000000e+00,1.5625000500020001e-02
11919,1.2873884340544000e+01,4.8437501549998002e-01,0.0000000000000000e+00,1.5625000500020001e-02
11935,1.2907366484472000e+01,4.8437501549998002e-01,0.0000000000000000e+00,1.5625000500020001e-02
11951,1.2940848628401000e+01,4.8437501549998002e-01,0.0000000000000000e+00,1.5625000500020001e-02
11967,1.2974330772328999e+01,4.8437501549998002e-01,0.0000000000000000e+00,1.5625000500020001e-02
11983,1.3007812916258001e+01,4.8437501549998002e-01,0.0000000000000000e+00,1.5625000500020001e-02
11999,1.3041295060186000e+01,4.8437501549998002e-01,0.0000000000000000e+00,1.5625000500021000e-02
12015,1.3074777204115000e+01,4.8437501549998002e-01,0.0000000000000000e+00,1.5625000500021000e-02
12031,1.3108259348042999e+01,4.8437501549998002e-01,0.0000000000000000e+00,1.5625000500021000e-02
12047,1.3141741491972001e+01,4.8437501549998002e-01,0.0000000000000000e+00,1.5625000500021000e-02
12063,1.3175223635900000e+01,4.8437501549998002e-01,0.0000000000000000e+00,1.5625000500021000e-02
12079,1.3208705779828000e+01,4.8437501549998002e-01,0.0000000000000000e+00,1.5625000500021000e-02
12095,1.3242187923756999e+01,4.8437501549998002e-01,0.0000000000000000e+00,1.5625000500021999e-02
12111,1.3275670067685001e+01,4.8437501549998002e-01,0.0000000000000000e+00,1.5625000500021999e-02
12127,1.3309152211614000e+01,4.8437501549998002e-01,0.0000000000000000e+00,1.5625000500021999e-02
12143,1.3342634355542000e+01,4.8437501549998002e-01,0.0000000000000000e+00,1.5625000500021999e-02
12159,1.3376116499470999e+01,4.8437501549998002e-01,0.0000000000000000e+00,1.5625000500021999e-02
12175,1.3409598643399001e+01,4.8437501549998002e-01,0.0000000000000000e+00,1.5625000500021999e-02
12191,1.3443080787328000e+01,4.8437501549998002e-01,0.0000000000000000e+00,1.5625000500021999e-02
12207,1.3476562931256000e+01,4.8437501549998002e-01,0.0000000000000000e+00,1.5625000500022999e-02
12223,1.3510045075183999e+01,4.8437501549998002e-01,0.0000000000000000e+00,1.5625000500022999e-02
12239,1.3543527219113001e+01,4.8437501549998002e-01,0.0000000000000000e+00,1.5625000500022999e-02
12255,1.3577009363041000e+01,4.8437501549998002e-01,0.0000000000000000e+00,1.5625000500022999e-02
12271,1.3610491506970000e+01,4.8437501549998002e-01,0.0000000000000000e+00,1.5625000500022999e-02
12287,1.3643973650897999e+01,4.8437501549998002e-01,0.0000000000000000e+00,1.5625000500022999e-02
12303,1.3677455794827001e+01,4.8437501549998002e-01,0.0000000000000000e+00,1.5625000500022999e-02
12319,1.3710937938755000e+01,4.8437501549998002e-01,0.0000000000000000e+00,1.5625000500024001e-02
12335,1.3744420082684000e+01,4.8437501549998002e-01,0.0000000000000000e+00,1.5625000500024001e-02
12351,1.3777902226611999e+01,4.8437501549998002e-01,0.0000000000000000e+00,1.5625000500024001e-02
12367,1.3811384370540001e+01,4.8437501549998002e-01,0.0000000000000000e+00,1.5625000500024001e-02
12383,1.3844866514469000e+01,4.8437501549998002e-01,0.0000000000000000e+00,1.5625000500024001e-02
12399,1.3878348658397000e+01,4.8437501549996997e-01,0.0000000000000000e+00,1.5625000500024001e-02
12415,1.3911830802326000e+01,4.8437501549996997e-01,0.0000000000000000e+00,1.5625000500024001e-02
12431,1.3945312946254001e+01,4.8437501549996997e-01,0.0000000000000000e+00,1.5625000500025001e-02
12447,1.3978795090183000e+01,4.8437501549996997e-01,0.0000000000000000e+00,1.5625000500025001e-02
12463,1.4012277234111000e+01,4.8437501549996997e-01,0.0000000000000000e+00,1.5625000500025001e-02
12479,1.4045759378039000e+01,4.8437501549996997e-01,0.0000000000000000e+00,1.5625000500025001e-02
12495,1.4079241521967999e+01,4.8437501549996997e-01,0.0000000000000000e+00,1.5625000500025001e-02
12511,1.4112723665896000e+01,4.8437501549996997e-01,0.0000000000000000e+00,1.5625000500025001e-02
12527,1.4146205809825000e+01,4.8437501549996997e-01,0.0000000000000000e+00,1.5625000500025001e-02
12543,1.4179687953753000e+01,4.8437501549996997e-01,0.0000000000000000e+00,1.5625000500026000e-02
12559,1.4213170097681999e+01,4.8437501549996997e-01,0.0000000000000000e+00,1.5625000500026000e-02
12575,1.4246652241610001e+01,4.8437501549996997e-01,0.0000000000000000e+00,1.5625000500026000e-02
12591,1.4280134385539000e+01,4.8437501549996997e-01,0.0000000000000000e+00,1.5625000500026000e-02
12607,1.4313616529467000e+01,4.8437501549996997e-01,0.0000000000000000e+00,1.5625000500026000e-02
12623,1.4347098673394999e+01,4.8437501549996997e-01,0.0000000000000000e+00,1.5625000500026000e-02
12639,1.4380580817324001e+01,4.8437501549996997e-01,0.0000000000000000e+00,1.5625000500026000e-02
12655,1.4414062961252000e+01,4.8437501549996997e-01,0.0000000000000000e+00,1.5625000500026999e-02
12671,1.4447545105181000e+01,4.8437501549996997e-01,0.0000000000000000e+00,1.5625000500026999e-02
12687,1.4481027249108999e+01,4.8437501549996997e-01,0.0000000000000000e+00,1.5625000500026999e-02
12703,1.4514509393038001e+01,4.8437501549996997e-01,0.0000000000000000e+00,1.5625000500026999e-02
12719,1.4547991536966000e+01,4.8437501549996997e-01,0.0000000000000000e+00,1.5625000500026999e-02
12735,1.4581473680895000e+01,4.8437501549996997e-01,0.0000000000000000e+00,1.5625000500026999e-02
12751,1.4614955824822999e+01,4.8437501549996997e-01,0.0000000000000000e+00,1.5625000500026999e-02
12767,1.4648437968751001e+01,4.8437501549996997e-01,0.0000000000000000e+00,1.5625000500028002e-02
12783,1.4681920112680000e+01,4.8437501549996997e-01,0.0000000000000000e+00,1.5625000500028002e-02
12799,1.4715402256608000e+01,4.8437501549996997e-01,0.0000000000000000e+00,1.5625000500028002e-02
12815,1.4748884400536999e+01,4.8437501549996997e-01,0.0000000000000000e+00,1.5625000500028002e-02
12831,1.4782366544465001e+01,4.8437501549996997e-01,0.0000000000000000e+00,1.5625000500028002e-02
12847,1.4815848688394000e+01,4.8437501549996997e-01,0.0000000000000000e+00,1.5625000500028002e-02
12863,1.4849330832322000e+01,4.8437501549996997e-01,0.0000000000000000e+00,1.5625000500028002e-02
12879,1.4882812976249999e+01,4.8437501549996997e-01,0.0000000000000000e+00,1.5625000500029001e-02
12895,1.4916295120179001e+01,4.8437501549996997e-01,0.0000000000000000e+00,1.5625000500029001e-02
12911,1.4949777264107000e+01,4.8437501549996997e-01,0.0000000000000000e+00,1.5625000500029001e-02
12927,1.4983259408036000e+01,4.8437501549996997e-01,0.0000000000000000e+00,1.5625000500021000e-02
