id,u,v,x,y,z
0,-0.2036959157259,0.14981272737523,-10.231699310924,0.12503062306913,0
1,-0.11853546968491,0.27256954772684,-10.225806030949,0.37503063106913,0
202,-0.050875890111799,0.34456626872462,-10.21400255559,0.62509227972422,0
203,-0.0034677540133708,0.37562131824367,-10.196283149011,0.87509228772422,0
292,0.037907159568787,0.36023606417574,-10.154999052333,1.2602531779641,0
293,0.053967680957431,0.28914642284803,-10.079976265047,1.7789074742176,0
2,-0.4627539275673,0.086707643768475,-10.031347598699,0.12502381883161,0
3,-0.33172389381746,0.18747167111825,-10.025334147122,0.37502382683161,0
204,-0.21301055692693,0.25455320771222,-10.013288378896,0.62507177756331,0
205,-0.12177100213778,0.29426853159515,-9.9952058328142,0.87507178556331,0
294,0.057608178836671,0.21818165392278,-9.9794518258133,2.2932281934203,0
306,-0.02541679252481,0.31423874845235,-9.9542566112903,1.2546267975188,0
307,0.024561366285252,0.28683135397304,-9.8799920299871,1.7620520100979,0
295,0.052986718774765,0.15961654444161,-9.8536706340712,2.8019622127964,0
4,-0.62112246673271,0.055997985739461,-9.8309958864731,0.12501701459409,0
5,-0.46184267563564,0.12312016819763,-9.824862263296,0.37501702259409,0
206,-0.31035607502557,0.16805658724212,-9.8125742022029,0.6250512754024,0
207,-0.19284665415094,0.19379842178049,-9.7941285166173,0.8750512834024,0
308,0.053230259828753,0.25373404993413,-9.7808435929224,2.2652078372527,0
320,-0.07261926299947,0.2067118340619,-9.7535141702472,1.2490004170736,0
296,0.044869978712119,0.11457893164134,-9.7029391278924,3.3038700225135,0
321,-0.011813811335262,0.18959417544094,-9.6800077949269,1.7451965459783,0
309,0.066428626358145,0.21744966795427,-9.6570515634854,2.762874700083,0
6,-0.7352512204974,0.038146092758464,-9.6306441742467,0.12501021035657,0
7,-0.55482161453064,0.081814099904983,-9.6243903794689,0.37501021835657,0
208,-0.37704934891266,0.10893676161646,-9.6118600255086,0.6250307732415,0
209,-0.23792575382462,0.12140016520744,-9.5930512004199,0.8750307812415,0
322,0.023350639754225,0.17343872453013,-9.5822353600316,2.2371874810851,0
334,-0.10248261855448,0.12241072367828,-9.5527717292036,1.2433740366284,0
297,0.036566790478408,0.081860759730026,-9.5276245383106,3.7977287418646,0
310,0.06902720555488,0.18009484030559,-9.5089159419169,3.2538463243502,0
335,-0.037551799843384,0.10679381981622,-9.4800235598663,1.7283410818587,0
323,0.045629770100923,0.16366692613936,-9.4604324928996,2.7237871873695,0
8,-0.81063324762937,0.025938695636319,-9.4302924620217,0.12500340611904,0
9,-0.61479716542259,0.0542053016222,-9.4239184956422,0.37500341411904,0
210,-0.41675407974856,0.069673731857536,-9.4111458488142,0.62501027108059,0
211,-0.26130349488681,0.073797435825362,-9.3919738842222,0.87501027908059,0
336,-0.0034998352041013,0.097473666124666,-9.3836271271404,2.2091671249175,0
348,-0.11779923630475,0.067744918928831,-9.3520292881598,1.2377476561832,0
311,0.065759945272689,0.14604458905279,-9.3367957389973,3.7369326611646,0
298,0.029567314450273,0.059099670656708,-9.3281539941438,4.2823351010836,0
324,0.058559917831666,0.15295572320911,-9.3148927559415,3.2038226261868,0
349,-0.052382791721722,0.051942369517922,-9.2800393248054,1.7114856177391,0
337,0.017696435382199,0.096504603231226,-9.2638134223135,2.6846996746562,0
10,-0.86269596161563,0.017780642283912,-9.2120310172823,0.12500000400028,0
11,-0.65505517168051,0.035957325296755,-9.2057578164058,0.37500001200028,0
212,-0.44055763256798,0.044081616278639,-9.1931863679753,0.62500002000014,0
350,-0.022519965649371,0.044764441724145,-9.185018894249,2.1811467687501,0
213,-0.27226031873513,0.043277019286661,-9.1743166719906,0.87500002800014,0
325,0.064174096089703,0.13876863113513,-9.1459669396839,3.6761365804646,0
312,0.059897907075315,0.11717775352086,-9.1411081053876,4.2109627737988,0
362,-0.12405194089292,0.034821653969482,-9.1351883696699,1.2322813667445,0
338,0.033595482526062,0.099693461502272,-9.1208695699658,3.1537989280236,0
299,0.024185262343627,0.043576410642274,-9.1050134796945,4.7565083765589,0
351,-0.0047785917626437,0.047419533014248,-9.0671943517273,2.645612161943,0
363,-0.058992711075373,0.02101210247106,-9.0646766352212,1.6951422242358,0
12,-0.90255506623125,0.012023507279545,-8.9758598400271,0.12500000400028,0
364,-0.033498385153321,0.015499016390265,-8.9720113708913,2.1540594848639,0
13,-0.68424791032728,0.023228035549312,-8.9699083417592,0.37500001200028,0
214,-0.45476594917819,0.026663513030185,-8.9579815829918,0.62500002000015,0
339,0.045239381435484,0.10117108002249,-8.9551381403705,3.6153404997649,0
326,0.065168520376422,0.12293782995925,-8.9540622166315,4.139590446514,0
215,-0.27562064770321,0.022944447541411,-8.9400795637247,0.87500002800015,0
352,0.0091879151093486,0.054001789770057,-8.9268463839901,3.1037752298605,0
313,0.053465405750957,0.093744778717562,-8.9223273193881,4.6747876785836,0
376,-0.12542934478033,0.014128824845735,-8.9022489737336,1.2269751683121,0
300,0.02016999545303,0.032897352266039,-8.8587466533686,5.2190932615846,0
365,-0.019526050425364,0.018439377458194,-8.8574110129615,2.6079585276766,0
377,-0.061320564917148,0.0050490288356292,-8.8339354911132,1.679310901349,0
340,0.052468600045712,0.09851980554889,-8.7670163278753,4.0682181192296,0
353,0.021622122433093,0.061113735169455,-8.7643093410569,3.5545444190653,0
378,-0.038889432255028,0.0026286414064286,-8.7446045570671,2.1279052732591,0
14,-0.92878009378725,0.008352362695263,-8.7396886627716,0.12500000400028,0
327,0.06345483700933,0.10685243054032,-8.7396411590816,4.5930669806083,0
15,-0.70200962291767,0.015529058953131,-8.7340588671125,0.37500001200028,0
216,-0.46106460685344,0.016462806675003,-8.7227767980082,0.62500002000016,0
366,-0.0083360050032652,0.024705544668412,-8.7211460925704,3.0557766517551,0
217,-0.2741903930311,0.011575286409304,-8.7058424554586,0.87500002800016,0
314,0.047482009982308,0.075169623692877,-8.6809836395334,5.1272831252205,0
390,-0.1241845956814,0.0035549950442705,-8.669309577797,1.2216689698798,0
379,-0.027457364322598,0.0050231766628317,-8.634463406016,2.5717387718572,0
391,-0.062796952733782,-0.0014465518997685,-8.603194347005,1.6634795784621,0
301,0.017123443813241,0.025312411211486,-8.5899535226396,5.6689626826887,0
354,0.032439359491669,0.067010727356782,-8.5799704391191,3.9968457919453,0
367,0.0022345629540446,0.031944715993341,-8.5635385936135,3.4964655980089,0
341,0.056532606822169,0.093132261410601,-8.5569549987751,4.5113462826334,0
392,-0.041479449681641,-0.0018684252151333,-8.5171977432427,2.1017510616542,0
380,-0.018694872880494,0.0095387032896833,-8.5037686957067,3.0098031937074,0
16,-0.94707177168379,0.0060523419968669,-8.5035174855165,0.12500000400028,0
328,0.060282677037036,0.091479644836,-8.5032206256981,5.0354729888564,0
17,-0.71327738597583,0.010963499475927,-8.4982093924659,0.37500001200028,0
218,-0.46333115419908,0.010642259232632,-8.4875720130247,0.62500002000017,0
219,-0.27067942016623,0.0055093316843276,-8.4716053471927,0.87500002800017,0
404,-0.1226444215287,-0.0011620008767998,-8.4363701818607,1.2163627714475,0
315,0.042223076958181,0.060464722081213,-8.41766201865,5.5673523239036,0
393,-0.03131593109953,-0.00012822395481762,-8.4115157990702,2.5355190160377,0
368,0.012332856006273,0.038921756117288,-8.3849611875258,3.9289940396224,0
355,0.040581355664663,0.069499428103311,-8.3742688384688,4.4296255846586,0
405,-0.063829062827145,-0.0036673103337207,-8.372453202897,1.6476482555752,0
381,-0.010281883469523,0.015211901676436,-8.35282589804,3.4411040365957,0
342,0.058348903771009,0.085895504691634,-8.3254576118631,4.9436628524927,0
302,0.014691124331992,0.0196830706032,-8.2992889804432,6.1050205496292,0
406,-0.04288207325578,-0.0034586111387792,-8.2897909294184,2.0755968500494,0
394,-0.024265031100648,0.002823736695302,-8.2863912988428,2.9638297356596,0
18,-0.96062628943117,0.0046318588865576,-8.2673463082616,0.12500000400028,0
19,-0.72080671036645,0.008288154792323,-8.2623599178194,0.37500001200028,0
220,-0.4636412760065,0.0073524956677298,-8.2523672280412,0.62500002000017,0
329,0.056441133190041,0.077396443011362,-8.2453705146604,5.4657419651186,0
221,-0.26639252040174,0.0024163272311303,-8.2373682389268,0.87500002800017,0
418,-0.1214502523422,-0.0029939068639712,-8.2034307859243,1.2110565730151,0
407,-0.033382212620093,-0.0020889212865848,-8.1885681921246,2.4992992602182,0
369,0.02195123019617,0.045114882123426,-8.1858363489161,4.352350030072,0
382,-0.0018499284519351,0.021312411423188,-8.1819885730955,3.8646628622612,0
356,0.046456190123544,0.069053432364815,-8.1476945980281,4.8518527161292,0
395,-0.017592435043029,0.006904539237652,-8.1421132024664,3.3857424751825,0
419,-0.064423720435157,-0.004268738683089,-8.141712058789,1.6318169326883,0
316,0.037596454131038,0.048648747305693,-8.1330006845384,5.9939286070618,0
343,0.058555297109925,0.07747983698311,-8.073079010671,5.364131606334,0
408,-0.027332873291094,5.5787330798242e-05,-8.0690139019789,2.9178562776118,0
420,-0.043851357001282,-0.004083314236757,-8.0623841155942,2.0494426384445,0
20,-0.97137701656133,0.0037753867953726,-8.0311751310065,0.12500000400028,0
21,-0.72619528317986,0.0067485711767718,-8.0265104431729,0.37500001200028,0
222,-0.46304306252355,0.0055084575429329,-8.0171624430577,0.62500002000018,0
223,-0.26204642079865,0.00092948540423749,-8.0031311306611,0.87500002800018,0
383,0.0066850127457215,0.027329134714282,-7.9916575301173,4.2795196188738,0
303,0.012609919998959,0.015314154087344,-7.987461210552,6.52620442359,0
396,-0.01082903156384,0.011611850064514,-7.9790159586651,3.8003316849,0
432,-0.1205412199046,-0.0035694571508344,-7.9704913899884,1.2057503745828,0
330,0.052331634704187,0.064753740917759,-7.9667123886336,5.8828366644943,0
370,0.030658542401174,0.049605595692081,-7.9666353527963,4.765543405307,0
421,-0.034806789535971,-0.0029380570436528,-7.965620585179,2.4630795043987,0
409,-0.022040441465664,0.0029352989115835,-7.9314005068929,3.3303809137692,0
433,-0.064800490151292,-0.0044211222821648,-7.9109709146813,1.6159856098015,0
357,0.050597233290703,0.066360318338472,-7.9007875066818,5.2625212475496,0
422,-0.029380630969955,-0.0011919826547964,-7.8516365051151,2.871882819564,0
434,-0.044631263874551,-0.0044049197213564,-7.8349773017703,2.0232884268397,0
317,0.033384149581181,0.038946304266391,-7.8276895937868,6.405978012999,0
344,0.057537021407898,0.068369480253585,-7.8004240927291,5.7717447219275,0
397,-0.0037223971756923,0.016603804536136,-7.7974787113183,4.2066892076756,0
22,-0.98051565513474,0.0032760633397265,-7.7950039537517,0.12500000400029,0
23,-0.73038378668187,0.005893510706022,-7.7906609685274,0.37500001200029,0
384,0.015279587783898,0.032665339010131,-7.7822798761679,4.6847349200265,0
224,-0.4620407000432,0.0045043565066558,-7.7819576580754,0.62500002000019,0
410,-0.016567355066307,0.0065019059920657,-7.7760433442346,3.7360005075387,0
225,-0.25813849872164,0.00025247392636006,-7.7688940223957,0.87500002800019,0
435,-0.03595707350241,-0.0034198799151755,-7.7426729782337,2.4268597485792,0
446,-0.11958837900203,-0.0037002594902725,-7.7375519940522,1.2004441761505,0
371,0.037831132620364,0.051442635645934,-7.7278771541886,5.1676081382775,0
423,-0.024910686301528,0.0010567478673673,-7.7206878113193,3.2750193523559,0
447,-0.065042957027497,-0.0045151478584663,-7.6802297705735,1.6001542869146,0
331,0.048079399427924,0.053489659676703,-7.6679179770216,6.285751602408,0
304,0.010713380136217,0.011798735919692,-7.6552299608308,6.9314881076213,0
436,-0.030978358281555,-0.0019016897593115,-7.6342591082516,2.8259093615163,0
358,0.053295750531814,0.06189510157584,-7.6341357968249,5.6606527793608,0
448,-0.045288566915504,-0.0046514620563626,-7.6075704879462,1.9971342152348,0
411,-0.010710815200467,0.010446398895448,-7.6032998925193,4.1338587964773,0
398,0.0037915938343296,0.021483486856951,-7.5979243995394,4.6039264347459,0
424,-0.020468645023937,0.0037532338675396,-7.5730707298042,3.6716693301774,0
24,-0.98876440099497,0.0029961017522637,-7.5588327764973,0.12500000400029,0
25,-0.73392138642073,0.0054462687593038,-7.5548114938833,0.37500001200029,0
385,0.024236653900818,0.037290934519395,-7.5543479531914,5.0793922785178,0
226,-0.46086483599798,0.0039816397524431,-7.5467528730945,0.6250000200002,0
227,-0.25446905496204,-6.943422414852e-05,-7.5346569141306,0.8750000280002,0
449,-0.036946601707148,-0.0038015092151693,-7.5197253712883,2.3906399927598,0
437,-0.027058854973306,-1.4510923717693e-05,-7.5099751157461,3.2196577909427,0
345,0.05547388713562,0.058957968317116,-7.5081463602569,6.1655251918176,0
460,-0.11862153412701,-0.0037375939189472,-7.5046125981158,1.1951379777181,0
318,0.029375223865903,0.03081473794169,-7.5024687583029,6.8025017937299,0
372,0.043657281372489,0.051008849066329,-7.4701271554245,5.5576046329653,0
461,-0.06518275260224,-0.0046312796368448,-7.4494886264655,1.5843229640277,0
450,-0.032331229723436,-0.0024537291295636,-7.4168817113879,2.7799359034685,0
412,-0.0043697822529841,0.014478829285347,-7.4135689229108,4.5231179494652,0
425,-0.015610431014244,0.0068374995172114,-7.4091210737203,4.061028385279,0
399,0.012004411114257,0.025972868530345,-7.3808187521943,4.9911764187582,0
462,-0.045840407775433,-0.0048963938319391,-7.380163674122,1.97098000363,0
438,-0.023279804075968,0.0021586037210778,-7.3700981153741,3.6073381528161,0
332,0.043648925943513,0.043464422932947,-7.349707555775,6.6735154798385,0
359,0.054574804562324,0.056008018177242,-7.3483747434924,6.0452987812274,0
26,-0.99654952872597,0.0028450046172512,-7.3226615992431,0.12500000400029,0
27,-0.73711930101499,0.005234056701559,-7.3189620192395,0.37500001200029,0
228,-0.45961182737254,0.0037151927101333,-7.3115480881139,0.62500002000021,0
386,0.032417083954427,0.039800016652527,-7.3083981685283,5.4626002827411,0
305,0.0089227812972675,0.0088799916078665,-7.3034046932856,7.3198841452888,0
229,-0.25091115033348,-0.00024617167597954,-7.300419805866,0.87500002800021,0
451,-0.02882866885185,-0.00081772372904998,-7.2992624201726,3.1642962295294,0
463,-0.037808912546767,-0.0041787277520878,-7.2967777643427,2.3544202369403,0
474,-0.11761204671775,-0.0037871907655759,-7.27167320218,1.1898317792858,0
426,-0.010247050095577,0.010068889219434,-7.2292134462822,4.4423094641845,0
475,-0.065226350865402,-0.0047827574676916,-7.2187474823579,1.5684916411408,0
439,-0.019240205303978,0.0045492811114605,-7.2149422549216,3.9881979740807,0
413,0.0027509234138889,0.018350961220409,-7.207289551197,4.9029605589985,0
464,-0.03350941079553,-0.0029895991596323,-7.199504314524,2.7339624454208,0
346,0.052455068837804,0.04960288325163,-7.1969463532477,6.5445291659477,0
373,0.048047637976897,0.048514838300008,-7.1939958639111,5.9346219548895,0
452,-0.025520285046377,0.0010019285817083,-7.1671255009438,3.5430069754549,0
319,0.025436709408928,0.023870121778934,-7.1581264522953,7.1825388349077,0
476,-0.046286464031567,-0.0051637944962915,-7.1527568602982,1.9448257920252,0
400,0.021156779634986,0.029818250920568,-7.146669181632,5.3675959325169,0
465,-0.030349072811469,-0.001566071385765,-7.0885497245991,3.1089346681162,0
28,-1.0041146576383,0.0027660033056531,-7.086490421989,0.12500000400029,0
29,-0.74014655111999,0.0051533853178905,-7.0831125445958,0.37500001200029,0
230,-0.45830750987248,0.0035778175279157,-7.0763433031332,0.62500002000021,0
477,-0.038546519643895,-0.0045847452510638,-7.0738301573975,2.3182004811208,0
231,-0.24737114602988,-0.00036888440491022,-7.0661826976013,0.87500002800021,0
387,0.039352981677826,0.039991530365329,-7.0450097215131,5.833494712804,0
440,-0.014681654210551,0.0070955493853661,-7.0448579696539,4.3615009789039,0
360,0.054355033403328,0.049084389908245,-7.0441851507206,6.4155428520573,0
488,-0.11653286893556,-0.0038681037381888,-7.038733806244,1.1845255808535,0
427,-0.0041440441228524,0.013220943461401,-7.0337603501998,4.8147446992388,0
453,-0.02203290816653,0.0029276326324411,-7.0207634361227,3.9153675628825,0
333,0.038978464680816,0.034526239645632,-7.012848211305,7.0451935245266,0
489,-0.065170390975001,-0.004967897371415,-6.9880063382502,1.552660318254,0
414,0.011061224951732,0.021774333357294,-6.9849401947357,5.2725915822926,0
478,-0.03452933292857,-0.003558155211659,-6.9821269176606,2.687988987373,0
1421,0.007412868395745,0.0068317827723623,-6.9794883408749,7.6476839016976,0
466,-0.027409893301422,-2.4314093085747e-05,-6.9641528865134,3.4786757980936,0
490,-0.046618465514893,-0.0054607152519343,-6.9253500464743,1.9186715804203,0
374,0.050746852055857,0.044300648438466,-6.9001374423043,6.2977799943553,0
401,0.029838317174085,0.031723450933567,-6.8960235791152,5.7323674707185,0
479,-0.031662803887374,-0.0023364676634651,-6.877837029026,3.053573106703,0
347,0.048541110917574,0.040593860190586,-6.8675699703153,6.9078482141462,0
454,-0.018149106111519,0.0048951175721125,-6.8605024930254,4.2806924936233,0
441,-0.0094230572797613,0.0095978579135463,-6.8602311492028,4.7265288394791,0
491,-0.039149462263252,-0.005028732171662,-6.8508825504522,2.2819807253014,0
30,-1.0115950577214,0.0027251669453235,-6.850319244734,0.12500000400029,0
31,-0.74309180213853,0.0051454171271543,-6.8472630699506,0.37500001200029,0
232,-0.45694933284328,0.0035025560905815,-6.8411385181511,0.62500002000022,0
1420,0.022071194982208,0.01891211414279,-6.840897528343,7.5035407741967,0
233,-0.24378886932632,-0.00047488118105424,-6.8319455893357,0.87500002800022,0
467,-0.024330952109365,0.0015546530196593,-6.8265846173238,3.8425371516842,0
428,0.0031427114100858,0.016071026577512,-6.8232112078393,5.1775872320683,0
502,-0.11536659718906,-0.0039764845173504,-6.8057944103074,1.1792193824212,0
388,0.044600555112514,0.038100215509761,-6.7648032279992,6.1912405928423,0
492,-0.035386164753906,-0.0041720344953074,-6.7647495207971,2.6420155293253,0
480,-0.029031965785424,-0.0010406829406385,-6.7611802720834,3.4143446207324,0
503,-0.065007490780558,-0.0051816020782798,-6.757265194142,1.5368289953672,0
415,0.020537828946364,0.024471842923754,-6.7470374367171,5.6312402286329,0
361,0.052586201638451,0.041614225732759,-6.722291729326,6.7705029037661,0
1419,0.034855331110791,0.027947138155399,-6.702306715811,7.3593976466959,0
504,-0.046824747303821,-0.0057872332378582,-6.6979432326499,1.8925173688156,0
1416,0.0062464610238756,0.0053877005411659,-6.6880053919516,7.918114788584,0
455,-0.013617116839172,0.0068208411519043,-6.6867019482056,4.6383129797194,0
468,-0.020919886788044,0.0031028903699195,-6.6761470163969,4.1998840083426,0
493,-0.032777374784235,-0.003150429177947,-6.6671243334527,2.9982115452898,0
442,-0.003089211302996,0.011856732299137,-6.6614822209432,5.0825828818441,0
481,-0.026282550513438,0.000249920933664,-6.6324057985252,3.769706740486,0
402,0.037097044369885,0.031517913457808,-6.6294690136941,6.0847011913293,0
505,-0.039603885694451,-0.0055098836053383,-6.6279349435065,2.245760969482,0
32,-1.0190643825799,0.0027028901802579,-6.614148067478,0.12500000400029,0
33,-0.74600058535543,0.0051782604060394,-6.6114135953035,0.37500001200029,0
234,-0.45552683018333,0.0034556995793865,-6.6059337331672,0.62500002000023,0
429,0.012048850190789,0.018429408120486,-6.5980512943191,5.5301129865473,0
235,-0.24012935756316,-0.00057841728937272,-6.597708481069,0.87500002800023,0
375,0.051523442017037,0.038944793557001,-6.5892481545993,6.6462315572485,0
516,-0.11409978059441,-0.004105394603977,-6.5728550143703,1.1739131839889,0
1418,0.044726317176602,0.033555422262253,-6.5637159032797,7.2152545191958,0
494,-0.030412989464169,-0.002085768217955,-6.5582076576533,3.3500134433712,0
1415,0.019144600904412,0.015078699381542,-6.5551801227052,7.7686410778629,0
506,-0.036068078257927,-0.0048292161858959,-6.5473721239333,2.5960420712777,0
517,-0.064728200148456,-0.0054186587358782,-6.5265240500333,1.5209976724804,0
469,-0.01697907945348,0.004545705925817,-6.5131727472084,4.5500971199597,0
456,-0.0080893450252952,0.0085517866001251,-6.4997532340469,4.9875785316198,0
416,0.029177479646239,0.025277631155031,-6.4941347993889,5.9781617898162,0
482,-0.023234643335021,0.0014694927514632,-6.4917915397686,4.1190755230621,0
518,-0.046892812884177,-0.0061402612812357,-6.4705364188251,1.8663631572109,0
389,0.047800025397817,0.034772518674782,-6.4684392461356,6.5350341745937,0
507,-0.033687162654573,-0.0040069767517677,-6.4564116378792,2.9428499838768,0
443,0.0048432532732461,0.013643222881516,-6.4490651519211,5.4289857444618,0
495,-0.027943699694663,-0.0010529567103069,-6.4382269797265,3.6968763292878,0
1417,0.05016128570224,0.035163958694529,-6.4251250907488,7.071111391696,0
1414,0.030968645489734,0.022546731554472,-6.4223548534587,7.6191673671417,0
519,-0.039895817693229,-0.0060229532911514,-6.4049873365604,2.2095412136627,0
1411,0.0052061789932,0.0041690116859992,-6.3866022241616,8.1774433505499,0
34,-1.0265623588798,0.0026879503233573,-6.3779768902215,0.12500000400029,0
35,-0.74889620205062,0.0052354555283047,-6.3755641206555,0.37500001200029,0
236,-0.45402910364398,0.0034207010021705,-6.3707289481823,0.62500002000024,0
237,-0.23637241239789,-0.00068441234315892,-6.3634713728018,0.87500002800024,0
430,0.021445480154378,0.019718826778901,-6.3588005850836,5.871622388303,0
508,-0.031556937212783,-0.0031635436214847,-6.355235043223,3.2856822660101,0
403,0.042419177109488,0.029858533712645,-6.347630337672,6.423836791939,0
530,-0.11272064583568,-0.0042493629974825,-6.3399156184327,1.1686069855565,0
483,-0.01972189736098,0.0025488002428218,-6.3396435462115,4.4618812602001,0
470,-0.012202839452304,0.005782629805095,-6.3380242471506,4.8925741813955,0
520,-0.036562344201196,-0.0055215711990661,-6.3299947270691,2.5500686132302,0
496,-0.025197697732096,-0.00011158052555359,-6.3074360631404,4.0382670377816,0
457,-0.0010869304061412,0.0098571644597807,-6.3000790095232,5.3278585023762,0
941,0.050906571601581,0.033507092686653,-6.2997879483577,6.9392311587672,0
531,-0.064322370512242,-0.0056744610000594,-6.2957829059242,1.5051663495935,0
1413,0.040747116194183,0.027417572951253,-6.2895295842129,7.4696936564213,0
1410,0.016409560381864,0.011821404164344,-6.2597468974083,8.0228689539895,0
521,-0.034383216772589,-0.004896046748241,-6.2456989423054,2.8874884224638,0
509,-0.029332542044785,-0.0023684885585857,-6.2440481609277,3.6240459180898,0
532,-0.046810769173341,-0.0065152124494044,-6.2431296049998,1.8402089456061,0
417,0.036209908603025,0.024813499041433,-6.2268214292082,6.312639409284,0
444,0.014261679147899,0.014936543657758,-6.2234663707785,5.7650829867899,0
940,0.048874358687594,0.030360539781637,-6.187704476107,6.8196138204096,0
533,-0.040012768042547,-0.0065606469686525,-6.182039729614,2.1733214578433,0
484,-0.015509016880929,0.0033984094627819,-6.1762952602545,4.7975698311713,0
497,-0.02202746345379,0.00067825851459217,-6.1661143452145,4.3736654004405,0
1412,0.047038050394581,0.029140707604519,-6.1567043149674,7.3202199457013,0
522,-0.032460456475591,-0.0042639197574801,-6.1522624287924,3.2213510886492,0
471,-0.0060347500781642,0.0066712974296252,-6.1510928671251,5.2267312602906,0
36,-1.0341104456154,0.0026737594113967,-6.1418057129651,0.12500000400029,0
37,-0.75179083693523,0.0053089962042912,-6.1397146460076,0.37500001200029,0
238,-0.45244666298244,0.0033894554902569,-6.1355241631974,0.62500002000025,0
1409,0.027146946642373,0.017884542785455,-6.132891570655,7.8682945574291,0
239,-0.23250564538921,-0.00079426507949991,-6.1292342645346,0.87500002800025,0
510,-0.026848892596124,-0.0016735917543178,-6.123080586512,3.9574585525012,0
534,-0.036857790781947,-0.0062385087326719,-6.1126173302045,2.5040951551826,0
544,-0.11121844508625,-0.0044047091601468,-6.1069762224951,1.1633007871242,0
431,0.029749412839492,0.019993174995115,-6.1060125207444,6.2014420266291,0
458,0.0077327374953747,0.010797627153209,-6.0881321564733,5.6585435852768,0
1406,0.0042404603282884,0.0031564088751473,-6.0757014492101,8.4253059709098,0
939,0.04485095685727,0.026309903376622,-6.0756210038563,6.699996482052,0
545,-0.063780090010829,-0.0059449719821694,-6.065041761815,1.4893350267067,0
523,-0.030453395421999,-0.0036892776902368,-6.0498693421287,3.551215506892,0
961,0.049194130686585,0.028108106944906,-6.035613829913,7.1795133396024,0
535,-0.034857408408326,-0.0058042337770853,-6.0349862467313,2.8321268610507,0
546,-0.046568070729496,-0.0069067783354096,-6.0157227911746,1.8140547340013,0
498,-0.018240258833418,0.0012396401186063,-6.0145662733584,4.7025654809472,0
1408,0.036532562385191,0.021991688940711,-6.0060362439023,7.7137201608694,0
485,-0.010197674226293,0.0038929970969054,-6.0021067247273,5.1256040182051,0
511,-0.023972747907637,-0.0011276274175386,-5.9925851442176,4.2854495406812,0
445,0.023408748815883,0.015577641701724,-5.9852036122806,6.0902446439742,0
938,0.039598056136326,0.021925408833511,-5.9635375316054,6.5803791436943,0
547,-0.039944369164349,-0.0071147660996526,-5.9590921226674,2.137101702024,0
1405,0.013802593937063,0.0090796518114019,-5.9550113233795,8.2658686007713,0
472,0.0019156439338334,0.0071903284388331,-5.952797942168,5.5520041837637,0
536,-0.033119543065487,-0.0053717197571672,-5.9492898143615,3.1570199112882,0
524,-0.028203158533524,-0.0032162395602671,-5.9387251098836,3.8766500672211,0
960,0.048568446132034,0.025631885634528,-5.92625812905,7.0475738381251,0
38,-1.0417203820968,0.0026561040803258,-5.9056345357089,0.12500000400029,0
39,-0.75469127836179,0.0053953904153511,-5.9038651713598,0.37500001200029,0
240,-0.45077136904191,0.0033578123062273,-5.9003193782127,0.62500002000026,0
548,-0.036945688734889,-0.0069686865775183,-5.8952399333399,2.458121697135,0
241,-0.2285205983153,-0.00090823646852231,-5.8949971562674,0.87500002800026,0
1407,0.043253517316619,0.023638931465085,-5.8791809171499,7.5591457643102,0
558,-0.10958285007603,-0.0045691267924218,-5.8740368265576,1.1579945886919,0
459,0.017381808815351,0.011614160196918,-5.8643947038169,5.9790472613193,0
537,-0.031307280688353,-0.0049997686577976,-5.8556905233294,3.4783850956939,0
499,-0.013552003092273,0.0014559765938151,-5.8531205823295,5.0244767761197,0
512,-0.020541085977588,-0.00079200414808751,-5.8528372864624,4.6075611307233,0
937,0.03373506814057,0.017580114890475,-5.8514540593544,6.4607618053365,0
1404,0.023373214702474,0.013894643096588,-5.8343211975488,8.1064312306328,0
559,-0.063091792865955,-0.0062266703526947,-5.8343006177059,1.4735037038199,0
549,-0.035103993360749,-0.0067174702526938,-5.8242735511571,2.7767652996377,0
525,-0.025589120466771,-0.0028827342153791,-5.8190559432206,4.197233680922,0
486,-0.0031060413641468,0.0041226270234293,-5.817463727863,5.4454647822507,0
959,0.045755900627745,0.022158217482669,-5.8169024281871,6.9156343366478,0
560,-0.046155559188822,-0.007309404834601,-5.7883159773493,1.7879005223966,0
981,0.046492040109584,0.023015698628986,-5.7626642995968,7.4099794283995,0
1401,0.0033816972279852,0.0023442741658012,-5.7557389964063,8.6613551096211,0
538,-0.029267522108866,-0.0047257335750692,-5.7543696332548,3.7958415819408,0
550,-0.033532259821019,-0.0064708537253176,-5.7463171999306,3.0926887339271,0
473,0.011745458722258,0.0080849728897377,-5.7435857953531,5.8678498786644,0
936,0.027716158105379,0.013486761329225,-5.7393705871036,6.3411444669788,0
561,-0.039682389862599,-0.0076768662908049,-5.736144515721,2.1008819462046,0
1403,0.032148869560671,0.017252346625062,-5.7136310717188,7.9469938604952,0
958,0.041401789044092,0.018195412581816,-5.707546727324,6.7836948351702,0
513,-0.016339770047385,-0.00076582672177988,-5.7041344399318,4.9233495340346,0
526,-0.022472876130367,-0.0027350022541646,-5.6911082995665,4.5125567804997,0
500,-0.0074646008217822,0.0014054616993775,-5.682129513558,5.3389253807377,0
562,-0.036819841020069,-0.0077009263961028,-5.6778625364754,2.4121482390874,0
40,-1.0493991648037,0.0026318258264258,-5.6694633584524,0.12500000400029,0
41,-0.75760212356683,0.0054935816782476,-5.6680156967118,0.37500001200029,0
242,-0.44899614908326,0.0033234941362305,-5.6651145932276,0.62500002000026,0
551,-0.031896507551784,-0.0062826355172307,-5.66151170453,3.4055546844959,0
243,-0.22441096899835,-0.0010263113960265,-5.6607600480001,0.87500002800026,0
980,0.047106314044696,0.021031640248542,-5.6564863912432,7.2662211531376,0
539,-0.026891341420965,-0.0045786108234336,-5.6455267422234,4.1090178211627,0
1400,0.0113888905843,0.0068384272980306,-5.6413998910069,8.4972999306525,0
572,-0.10780336747584,-0.0047413662276807,-5.6410974306199,1.1526883902596,0
935,0.021839029797645,0.0097342233192849,-5.6272871148528,6.2215271286211,0
487,0.0065114851790402,0.0049235224813517,-5.6227768868894,5.7566524960096,0
563,-0.035119935094611,-0.0076224119522969,-5.6135608555829,2.7214037382247,0
573,-0.062247865748,-0.0065167303769717,-5.6035594735967,1.4576723809331,0
957,0.036108552900928,0.014116701162453,-5.5981910264609,6.6517553336926,0
1402,0.038966798934037,0.018709091491049,-5.5929409458891,7.7875564903579,0
552,-0.030048648434545,-0.0061844587816469,-5.5700141566261,3.7150330966604,0
574,-0.045565145169616,-0.0077178427796253,-5.560909163524,1.7617463107918,0
527,-0.018686105786147,-0.0028507816677678,-5.5551482975343,4.8222222919497,0
979,0.045491999275691,0.018021998545518,-5.5503084828897,7.1224628778758,0
514,-0.010992083646576,-0.00099588832364924,-5.5467952992532,5.2323859792251,0
564,-0.033699519930562,-0.0075464653794767,-5.5433445854998,3.0283575565661,0
540,-0.024062020751604,-0.0045923103092547,-5.5293793126702,4.4175524302759,0
1399,0.019755713663791,0.010575545230202,-5.5270607856075,8.3332447516837,0
934,0.016278228637427,0.0063304263149465,-5.5152036426019,6.1019097902634,0
575,-0.039220495129822,-0.0082388416096187,-5.5131969087744,2.0646621903853,0
501,0.0015706644608215,0.0019685542327091,-5.5019679784258,5.6454551133549,0
956,0.030366168348066,0.010157921634189,-5.4888353255978,6.5198158322151,0
1001,0.042991179799111,0.018335449103391,-5.4813112986577,7.6303091866767,0
553,-0.027890379806047,-0.0061985511325983,-5.471997541226,4.0208019614034,0
565,-0.032226352992481,-0.0075220712208315,-5.4673328857308,3.332724273298,0
576,-0.036476341931762,-0.0084248195431352,-5.4604851396107,2.3661747810398,0
978,0.042152704121752,0.014423828099875,-5.4441305745361,6.9787046026138,0
42,-1.0571524834335,0.0025983710987805,-5.4332921811962,0.12500000400029,0
43,-0.76052778168478,0.0056042540645063,-5.4321662220642,0.37500001200029,0
244,-0.44711486949695,0.0032854868985053,-5.4299098082431,0.62500002000027,0
1396,0.0026548917451406,0.0017137611921352,-5.4271635005669,8.8852597911932,0
245,-0.22017259567148,-0.0011481666254328,-5.4265229397331,0.87500002800027,0
1398,0.027767419013307,0.013234713102794,-5.4127216802087,8.1691895727158,0
528,-0.013918908213111,-0.0031908500463931,-5.4114610849487,5.1258465777127,0
586,-0.10587066351221,-0.0049207266832581,-5.4081580346825,1.1473821918273,0
541,-0.020644113542416,-0.0048246025971194,-5.4061621551365,4.7210950498646,0
933,0.011115034604207,0.0032286125174161,-5.4031201703511,5.9822924519058,0
577,-0.03490464759335,-0.0085072003746078,-5.4028481600087,2.6660421768116,0
566,-0.030556112809947,-0.0075760409419441,-5.3856586799974,3.6342246113802,0
515,-0.0030461144111715,-0.00080650020701759,-5.3811590699626,5.5342577307005,0
955,0.024533766805459,0.0064383989248509,-5.3794796247348,6.3878763307376,0
1000,0.04465192196774,0.016706282357406,-5.378742130025,7.4752519494519,0
587,-0.061240992385036,-0.0068129419936554,-5.3728183294878,1.4418410580462,0
554,-0.02532405744126,-0.0063497513362216,-5.3676503257739,4.322548080052,0
578,-0.033624877037186,-0.008586061349737,-5.3403719710688,2.9640263792051,0
977,0.037625885088979,0.010594750625644,-5.3379526661823,6.8349463273517,0
588,-0.044791962754989,-0.0081274969025788,-5.3335023496989,1.7355920991871,0
1395,0.0092419896212321,0.0050597272324726,-5.3193515125788,8.7168390468175,0
567,-0.028599511791698,-0.0077256783702358,-5.2984683402289,3.9325861016441,0
1397,0.034415105830181,0.01443785748174,-5.2983825748102,8.0051343937484,0
932,0.0063401237941695,0.00035916462584049,-5.2910366981004,5.8626751135483,0
589,-0.038555506116748,-0.0087933210609307,-5.2902493018281,2.0284424345659,0
999,0.044143585523996,0.014069477601461,-5.2761729613924,7.3201947122272,0
542,-0.016373436631718,-0.005237795414921,-5.2761268706438,5.0193071762002,0
579,-0.032305117580241,-0.0087055649338967,-5.2731540669314,3.2598938621001,0
954,0.018847667421618,0.0029941212676275,-5.2701239238717,6.2559368292601,0
529,-0.0069465889718546,-0.0032549027414539,-5.2603501614996,5.4230603480465,0
555,-0.022239538686727,-0.0066794128287868,-5.2571760127387,4.6199678077795,0
590,-0.035913950573574,-0.009131050528554,-5.2431077427463,2.3202013229922,0
976,0.032392378994228,0.0067853014642615,-5.2317747578287,6.6911880520897,0
1394,0.016415650859825,0.0078951117493526,-5.2115395245906,8.5484183024418,0
568,-0.026275275208987,-0.0079895893345136,-5.2059213388778,4.2275437298283,0
580,-0.030803147649749,-0.0088881993110686,-5.2013032033686,3.5534161260999,0
44,-1.0649856506366,0.0025544567675579,-5.1971210039401,0.12500000400029,0
45,-0.7634725996144,0.0057303104964732,-5.1963167474172,0.37500001200029,0
246,-0.44512118008564,0.0032440616217359,-5.1947050232594,0.62500002000028,0
247,-0.21580324108803,-0.0012734038014499,-5.1922858314667,0.87500002800028,0
591,-0.034459721643501,-0.0093617751333242,-5.1921354644347,2.6106806153986,0
1021,0.038940218214365,0.014190776740729,-5.1919384449064,7.8401964606777,0
931,0.0019156105587162,-0.0023031391461288,-5.1789532258501,5.7430577751911,0
600,-0.10378166318745,-0.0051066128258537,-5.1752186387456,1.142075993395,0
998,0.041828657873087,0.010791890703255,-5.1736037927595,7.1651374750022,0
953,0.013440510583698,-0.00018891395302815,-5.1607682230087,6.1239973277827,0
601,-0.060076531942552,-0.0071119216731098,-5.1420771853793,1.4260097351594,0
556,-0.018410807033427,-0.0071452971140757,-5.140792656339,4.9127677746876,0
543,-0.010258877061155,-0.0054577079569531,-5.1395412530364,5.3118629653922,0
592,-0.033313806091748,-0.0095799415246093,-5.1373993566381,2.8996952018441,0
975,0.02683719629609,0.0031446145341551,-5.1255968494751,6.5474297768277,0
581,-0.029036418581655,-0.0091476097548395,-5.1249391392316,3.8443702418849,0
569,-0.023494314501918,-0.0083969676000706,-5.108189870341,4.5188405656945,0
602,-0.043843591116846,-0.0085322805731041,-5.1060955358743,1.7094378875823,0
1393,0.023565275276378,0.0099366425572635,-5.103727536603,8.3799975580668,0
1020,0.041421088284291,0.012805240692019,-5.0933892904978,7.6743757735041,0
1391,0.0020597120494114,0.0012361885203318,-5.0904356730356,9.0967060687483,0
593,-0.032143150558483,-0.0098246472056686,-5.0789752481323,3.1870634509021,0
997,0.038157147254991,0.0072029641306566,-5.0710346241267,7.0100802377771,0
603,-0.037692522229545,-0.0093320402251835,-5.0673016948822,1.9922226787466,0
930,-0.0021822714433139,-0.0047597425534008,-5.0668697536001,5.6234404368344,0
952,0.0083673803666479,-0.0031365255112632,-5.0514125221458,5.9920578263054,0
582,-0.026936869673972,-0.0094984173212253,-5.0441923519816,4.1325393796045,0
604,-0.035135918443101,-0.0098104175068345,-5.0257303458822,2.2742278649446,0
974,0.021240563418993,-0.00025561527067975,-5.0194189411214,6.4036715015656,0
557,-0.013048229980286,-0.007453958182012,-5.0187323445732,5.2006655827379,0
594,-0.030805703912343,-0.010114118712029,-5.0169477267399,3.4726076408197,0
570,-0.020067184344341,-0.0089011117058752,-5.0054584420343,4.8062283731751,0
1392,0.029835945806179,0.010870263115587,-4.9959155486157,8.2115768136924,0
1019,0.041862364765426,0.010461873953019,-4.9948401360892,7.5085550863306,0
1390,0.0073960164692191,0.0036847009404511,-4.9893169085801,8.9241786961104,0
605,-0.033788732655605,-0.010177352477671,-4.981422768861,2.5553190539856,0
996,0.033572862551257,0.0035558737551612,-4.9684654554939,6.8550230005521,0
46,-1.0728981352982,0.0025000776925839,-4.9609498266841,0.12500000400029,0
47,-0.7664374664449,0.0058763758177027,-4.9604672727703,0.37500001200029,0
248,-0.44300549046342,0.0031991202191215,-4.9595002382757,0.62500002000029,0
583,-0.024433806700583,-0.0099622342666733,-4.9592037279432,4.4177133236095,0
249,-0.21129833257958,-0.0014055419473935,-4.9580487232003,0.87500002800029,0
929,-0.0058364614850958,-0.0069607944375,-4.9547862813499,5.5038230984773,0
595,-0.029222761813191,-0.010458846079945,-4.9514099382344,3.7561543821256,0
614,-0.10153944642398,-0.0053032539483313,-4.9422792428087,1.1367697949626,0
951,0.0036621739266939,-0.0058417024279807,-4.9420568212833,5.8601183248285,0
606,-0.032772242170064,-0.010520932753246,-4.9344267422076,2.8353640244831,0
973,0.015788254162252,-0.0033905865431392,-4.9132410327678,6.2599132263037,0
615,-0.058778791732412,-0.007406912850294,-4.9113360412707,1.4101784122726,0
571,-0.015366664407048,-0.0092580864344983,-4.8979234361101,5.0894682000838,0
1018,0.040498159866281,0.0074635374495161,-4.8962909816804,7.3427343991568,0
1041,0.034599796703026,0.010666964560218,-4.8949404996951,8.0393496069871,0
1389,0.013435288368598,0.0057895331150786,-4.8881981441245,8.7516513234724,0
607,-0.031750491912923,-0.010874822648454,-4.8847964293333,3.1142330397042,0
596,-0.02733545981847,-0.010870856427706,-4.8824633650854,4.0375350293807,0
616,-0.042745351362081,-0.0089168119635594,-4.8786887220496,1.6832836759776,0
584,-0.021375378441548,-0.010491942176873,-4.8701242277295,4.6996889716626,0
995,0.028461602989344,2.101410908807e-05,-4.8658962868611,6.6999657633271,0
617,-0.036646419309751,-0.0098388781949493,-4.8443540879362,1.9560029229272,0
928,-0.0090130328416112,-0.0089093804891187,-4.8427028090996,5.3842057601203,0
950,-0.00061536111559405,-0.0082631176401618,-4.8327011204211,5.728178823352,0
608,-0.030579529404822,-0.011252745051426,-4.8325922501115,3.3917991555394,0
597,-0.025088401071688,-0.011368674710377,-4.8102175855455,4.3165860815245,0
618,-0.034149095679315,-0.010449531522016,-4.8083529490181,2.2282544068971,0
972,0.010595746549231,-0.0062503643359255,-4.8070631244143,6.1161549510419,0
1040,0.037667954154569,0.0094440244573221,-4.8008023898418,7.8633159379515,0
1017,0.037685089524132,0.0041048830595642,-4.7977418272715,7.1769137119829,0
1388,0.019680807035923,0.007310324978669,-4.7870793796695,8.5791239508353,0
609,-0.029181311366502,-0.01166173564056,-4.7778807372374,3.6679385223663,0
585,-0.017263818548265,-0.010873683383529,-4.777114527647,4.9782708174296,0
619,-0.032894994451683,-0.010944006422365,-4.7707100732872,2.4999574925726,0
994,0.023130140885999,-0.0033000094798044,-4.7633271182283,6.5449085261021,0
1386,0.0015845284335607,0.00088206434857401,-4.7460276565135,9.2953974636025,0
598,-0.022368042023199,-0.011911584085871,-4.7347900134248,4.5931495701501,0
620,-0.032003142004254,-0.01140286651182,-4.7314541277771,2.7710328471221,0
927,-0.011722285676515,-0.010621690175872,-4.7306193368496,5.2645884217634,0
48,-1.0808787571058,0.002431164852584,-4.724778649428,0.12500000400029,0
49,-0.76941855528793,0.0060444470077199,-4.7246177981235,0.37500001200029,0
250,-0.44075508790799,0.0031478696813563,-4.7242954532919,0.6250000200003,0
251,-0.20664799356811,-0.0015570512809377,-4.7238116149335,0.8750000280003,0
949,-0.0044197395706518,-0.010377023090398,-4.7233454195586,5.5962393218752,0
610,-0.027501265812211,-0.012111149927482,-4.7207343781894,3.9425306791569,0
628,-0.099118950458463,-0.0055351561582922,-4.7093398468712,1.1314635965303,0
1039,0.038875354626423,0.0073323427789695,-4.7066642799885,7.687282268916,0
971,0.005743964131799,-0.0088114463504664,-4.7008852160612,5.9723966757806,0
1016,0.033814026548665,0.00063129018102217,-4.6991926728628,7.0110930248091,0
621,-0.031132034031277,-0.011854411964898,-4.6906176105344,3.0414026285062,0
1387,0.02542925709619,0.0079916517813795,-4.6859606152147,8.4065965781987,0
629,-0.057325678849131,-0.0076966936698362,-4.6805948971617,1.3943470893858,0
611,-0.025494114719157,-0.01261944692131,-4.6612314431479,4.2154588394394,0
993,0.017806391921258,-0.0063519601632307,-4.6607579495955,6.3898512888772,0
599,-0.01878501309925,-0.012304435447123,-4.6563056191838,4.8670734347753,0
1385,0.0058545389959675,0.0026479308967207,-4.6517579767035,9.119028699154,0
630,-0.041482692339819,-0.0092523020918657,-4.6512819082244,1.6571294643728,0
622,-0.030133806012453,-0.01230797938788,-4.6482367734831,3.3109906702591,0
631,-0.035405589304095,-0.010284372645095,-4.6214064809898,1.9197831671079,0
926,-0.013995227563087,-0.012115162429262,-4.6185358645994,5.1449710834065,0
948,-0.0077306645353057,-0.012194187976729,-4.6139897186962,5.4642998203985,0
1038,0.038343958651166,0.0045787138280695,-4.612526170135,7.5112485998801,0
623,-0.028928527342143,-0.012766562864825,-4.6043515362404,3.579722662607,0
1015,0.029252748994292,-0.0027759901651123,-4.600643518454,6.8452723376353,0
612,-0.023080783064974,-0.013161456019931,-4.5994557991201,4.4866101686376,0
970,0.0013260187055024,-0.011062267429968,-4.5947073077084,5.8286384005197,0
632,-0.032945287657187,-0.0110271323571,-4.5909755521536,2.1822809488494,0
1061,0.030205512635865,0.0077846697411103,-4.5907228216918,8.227491896103,0
633,-0.03177333064825,-0.011647793280788,-4.5599973777131,2.4445959311595,0
624,-0.027461306348713,-0.013234883911829,-4.5590053912934,3.8475263289331,0
992,0.01265302819421,-0.0091039849287745,-4.5581887809629,6.2347940516524,0
1384,0.010857837607477,0.0041803783369681,-4.5574882968935,8.9426599347055,0
613,-0.019967705787292,-0.013557925927586,-4.5354967107207,4.7558760521211,0
634,-0.031002981121794,-0.012217555988718,-4.5284815133462,2.7067016697611,0
1037,0.036339461580666,0.001441116375198,-4.5183880602816,7.3352149308442,0
625,-0.025689930691607,-0.013729448082208,-4.5122453007503,4.1143315973544,0
925,-0.015869788876808,-0.013405689338487,-4.5064523923492,5.0253537450495,0
947,-0.010555578647272,-0.013739585324171,-4.5046340178338,5.3323603189219,0
1014,0.024316447038853,-0.0059949588447048,-4.5020943640453,6.6794516504615,0
1060,0.033640215713491,0.0066719991874407,-4.5013659991011,8.0418099045486,0
635,-0.03028483847222,-0.012761146808943,-4.4964387917351,2.9685722173082,0
50,-1.0889324441341,0.0023276140928074,-4.4915257342802,0.12500000400029,0
51,-0.77242111685982,0.0062252175200485,-4.4915257342802,0.37500001200029,0
252,-0.43836223101589,0.0030853404321864,-4.4915257342802,0.62500002000028,0
253,-0.20186997552135,-0.0017123483492808,-4.4915257342802,0.87500002800028,0
969,-0.0026057046135381,-0.012994388332078,-4.4885293993553,5.6848801252584,0
642,-0.096249094673613,-0.0057985031350472,-4.47804839518,1.1288104973142,0
626,-0.023560503454517,-0.01424877816682,-4.4641215848154,4.3800707671251,0
636,-0.029466552539218,-0.013285430359862,-4.4638812968543,3.2301821849788,0
1383,0.016209211031567,0.0052817463252719,-4.4632186170839,8.7662911702578,0
991,0.0077851572712376,-0.011533082004113,-4.4556196123306,6.0797368144282,0
643,-0.055186504252886,-0.0079872561571215,-4.4510937169795,1.3864314279423,0
637,-0.028466479003056,-0.013790378080147,-4.4308223352431,3.4915068028477,0
1036,0.033191979954443,-0.0018501199157859,-4.4242499504281,7.1591812618083,0
644,-0.039624608426122,-0.0095286446022825,-4.4241390387791,1.6440523585704,0
627,-0.020845945663032,-0.014635132419826,-4.4146878022575,4.6446786694669,0
1059,0.035424936073732,0.0047490387549835,-4.4120091765104,7.8561279129942,0
1013,0.019258590947507,-0.0089489538936885,-4.4035452096366,6.5136309632878,0
638,-0.027228735987074,-0.014274848222136,-4.3972764043972,3.7525219787093,0
645,-0.033705893890246,-0.010661211524286,-4.3971843605787,1.9016732891982,0
946,-0.012920058275553,-0.015041288023218,-4.3952783169715,5.2004208174452,0
1381,0.0012141740291295,0.00062475417361361,-4.3944223623592,9.4810553815165,0
924,-0.017396752584346,-0.014506814915373,-4.3943689200991,4.9057364066925,0
968,-0.0060318993774105,-0.014623752265724,-4.3823514910023,5.5411218499972,0
646,-0.031379110796534,-0.011545029970773,-4.3702296823784,2.1592942198256,0
1382,0.021348885522884,0.0057475223783322,-4.3689489372746,8.5899224058106,0
639,-0.025709499954787,-0.014745442841782,-4.3632591583525,4.0132043552693,0
990,0.0032982421444509,-0.013623059237351,-4.3530504436986,5.9246795772044,0
647,-0.030339751292043,-0.012300291073586,-4.343275004178,2.416915150453,0
1035,0.029238022756267,-0.0051120026399214,-4.3301118405747,6.9831475927724,0
640,-0.023870711418061,-0.015219449093419,-4.3287873705105,4.2735313656125,0
1058,0.035586341901468,0.0022143387127728,-4.3226523539196,7.6704459214396,0
648,-0.0297077810796,-0.012987630626822,-4.3163203259776,2.6745360810806,0
1380,0.0046022358271624,0.0018855339815318,-4.3071471450046,9.3011163567482,0
1012,0.014274515770185,-0.0115927254341,-4.304996055228,6.3478102761142,0
641,-0.021567064259617,-0.015648903069199,-4.2938788937943,4.5334812868126,0
649,-0.029136978780355,-0.013631887040132,-4.2893656477771,2.9321570117092,0
945,-0.01486005495466,-0.016125037228548,-4.2859226161091,5.0684813159685,0
923,-0.018556182654714,-0.015383846427184,-4.2822854478489,4.7861190683356,0
1081,0.025953576321463,0.0055163239563409,-4.2797008000554,8.404361899517,0
967,-0.008957825307489,-0.015978400103535,-4.2761735826493,5.3973635747362,0
650,-0.028477171006134,-0.014241240559669,-4.2624109695766,3.1897779423387,0
52,-1.0968943838636,0.0021932173939547,-4.2611910812406,0.12500000400029,0
53,-0.77539941625934,0.0064256043760783,-4.2611910812406,0.37500001200029,0
254,-0.43587884311301,0.003018233672575,-4.2611910812406,0.62500002000025,0
255,-0.19702198832753,-0.0018260832770092,-4.2611910812406,0.87500002800025,0
989,-0.00071848153570653,-0.015390855112409,-4.2504812750663,5.7696223399802,0
656,-0.09220824861867,-0.0061296179726401,-4.2484048877352,1.1288104973142,0
1034,0.024785775332664,-0.0082112542378524,-4.2359737307212,6.8071139237365,0
651,-0.027648716805142,-0.014815883507437,-4.235456291376,3.447398872968,0
1057,0.034305929918915,-0.00071001117780409,-4.2332955313287,7.4847639298848,0
657,-0.051938693087212,-0.0085405494236434,-4.2228325007246,1.3864314279423,0
1379,0.0086943713683154,0.0029854738086126,-4.21987192765,9.1211773319797,0
652,-0.026597293544063,-0.015351682313866,-4.2085016131755,3.7050198035974,0
1011,0.0095080724551351,-0.013901753586336,-4.2064469008197,6.1819895889412,0
658,-0.037005164544992,-0.010125737655145,-4.1972601137139,1.6440523585704,0
1080,0.029556032956178,0.0044847690730136,-4.1954742054264,8.2096096513772,0
653,-0.025275280210316,-0.015838876996591,-4.1815469349749,3.9626407342268,0
944,-0.016415856034373,-0.017010182452526,-4.1765669152467,4.9365418144919,0
659,-0.031496908145347,-0.011295041424275,-4.1716877267033,1.9016732891981,0
922,-0.019549524204161,-0.016413174908521,-4.1702019755986,4.6665017299785,0
966,-0.011405810556396,-0.017090729010653,-4.1699956742964,5.2536052994751,0
654,-0.023617331213623,-0.016241564962905,-4.1545922567743,4.2202616648562,0
988,-0.0042345311577056,-0.01685404053376,-4.1479121064341,5.6145651027561,0
660,-0.029424133702673,-0.012246580185768,-4.1461153396927,2.1592942198256,0
1056,0.031850833869113,-0.0038131456963717,-4.1439387087379,7.2990819383301,0
1033,0.020098736781013,-0.011057504480546,-4.1418356208679,6.6310802547008,0
1378,0.01320412926116,0.0037652041214223,-4.1325967102959,8.9412383072122,0
655,-0.021494208196752,-0.016477790139748,-4.1276375785738,4.4778825954854,0
661,-0.028547609357761,-0.013089841263403,-4.1205429526821,2.416915150453,0
1079,0.031735703943007,0.0027234268384769,-4.1112476107974,8.0148574032375,0
1010,0.0050562043233026,-0.015852366289139,-4.1078977464117,6.0161689017686,0
662,-0.028029551230273,-0.013873991863225,-4.0949705656715,2.6745360810806,0
663,-0.027546773848386,-0.014617240579143,-4.0693981786607,2.9321570117093,0
943,-0.017590318553231,-0.017744817776377,-4.0672112143843,4.8046023130152,0
965,-0.013409517957544,-0.017992379788175,-4.0638177659434,5.109847024214,0
1055,0.028518087174728,-0.0069173230399032,-4.0545818861471,7.1133999467755,0
1032,0.015391209673213,-0.013594971611326,-4.0476975110146,6.4550465856651,0
987,-0.0072478155534494,-0.018044227950778,-4.045342937802,5.4595078655321,0
1377,0.017700440786537,0.004062084394246,-4.0453214929419,8.7612992824452,0
664,-0.026960671595953,-0.015325153152921,-4.0438257916499,3.1897779423387,0
1376,0.00093292610915075,0.00044162386233216,-4.036112793888,9.6534195030747,0
54,-1.104952003375,0.0020348003647111,-4.0308564282011,0.12500000400029,0
55,-0.77842539185838,0.0066671156930955,-4.0308564282011,0.37500001200029,0
256,-0.43325509680334,0.0029410326977344,-4.0308564282011,0.62500002000022,0
257,-0.19201692146851,-0.0019808988766696,-4.0308564282011,0.87500002800022,0
1078,0.03244105848365,0.00038967438670363,-4.0270210161684,7.8201051550976,0
670,-0.088101961398267,-0.0064307241714655,-4.0187613802906,1.1288104973142,0
665,-0.02619756357636,-0.015998696930098,-4.0182534046391,3.4473988729681,0
1009,0.0010293303755853,-0.017476781905166,-4.0093485920034,5.8503482145957,0
671,-0.048710215628794,-0.008998723527874,-3.9945712844697,1.3864314279423,0
666,-0.025206430368324,-0.016637345824324,-3.9926810176284,3.7050198035974,0
672,-0.034368877089215,-0.010669138923779,-3.9703811886488,1.6440523585704,0
667,-0.023941889967815,-0.017240837424653,-3.9671086306176,3.9626407342268,0
1054,0.02459733906944,-0.0098854830096431,-3.9652250635562,6.9277179552208,0
1101,0.021995335721633,0.0038059748332494,-3.9622992778684,8.5697138523297,0
942,-0.018565048460219,-0.018647084072826,-3.9578555135218,4.6726628115384,0
964,-0.015008134120344,-0.018715763914981,-3.9576398575904,4.9660887489529,0
1375,0.0036128546376779,0.0013399814326555,-3.9559667114585,9.4701868310799,0
1031,0.010826785319901,-0.015794598018995,-3.9535594011616,6.2790129166302,0
673,-0.029218026013262,-0.011914409910672,-3.9461910928279,1.9016732891981,0
1077,0.031778569407196,-0.0023281069964802,-3.9427944215392,7.6253529069574,0
986,-0.0097758898154237,-0.018997990711055,-3.9427737691699,5.3044506283082,0
668,-0.022354745798715,-0.017820360111604,-3.9415362436068,4.2202616648562,0
674,-0.027362903173112,-0.012949930199144,-3.9220009970071,2.1592942198256,0
669,-0.020408153841612,-0.018430156628182,-3.915963856596,4.4778825954854,0
1008,-0.00252406012688,-0.018794323161547,-3.9107994375952,5.6845275274229,0
675,-0.026632439704905,-0.013881881299424,-3.8978109011863,2.416915150453,0
1100,0.025594923770823,0.0028441173624882,-3.8835300650756,8.3664820168663,0
1053,0.020349429010197,-0.012619855064126,-3.8758682409655,6.7420359636663,0
1374,0.0069314625245642,0.0021268591040636,-3.875820629029,9.2869541590851,0
676,-0.026225982481035,-0.014754907137937,-3.8736208053654,2.6745360810807,0
1030,0.0065118112284243,-0.017635619245266,-3.8594212913089,6.1029792475956,0
1076,0.029954054343183,-0.0052407074104594,-3.8585678269102,7.4306006588173,0
963,-0.016225457184343,-0.019323015803185,-3.8514619492374,4.8223304736918,0
677,-0.02583793101835,-0.015584689722552,-3.8494307095444,2.9321570117093,0
985,-0.011850436361444,-0.0197512894509,-3.8402046005377,5.1493933910842,0
678,-0.02533732640596,-0.016376112068864,-3.8252406137234,3.1897779423387,0
1007,-0.0055887309172482,-0.019839350480397,-3.8122502831871,5.5187068402502,0
1099,0.028001326632561,0.0012295863994913,-3.8047608522827,8.1632501814028,0
679,-0.024653344860878,-0.017130604321229,-3.8010505179024,3.4473988729681,0
259,-0.186844917629,-0.0021602028665712,-3.8005217751618,0.87500002800019,0
56,-1.1131037876219,0.0018422725923181,-3.8005217751618,0.12500000400029,0
57,-0.78150135879732,0.006953447509868,-3.8005217751618,0.37500001200029,0
258,-0.43047140932745,0.0028521317732742,-3.8005217751618,0.62500002000019,0
1373,0.010682456114017,0.0026744973596579,-3.7956745466,9.1037214870911,0
684,-0.083816058745317,-0.006733477863305,-3.7891178728462,1.1288104973142,0
1052,0.015995828819297,-0.015057629015271,-3.7865114183748,6.5563539721119,0
680,-0.023735027398005,-0.01784810088162,-3.7768604220813,3.7050198035974,0
1075,0.027221001613391,-0.0081804233596285,-3.7743412322811,7.2358484106773,0
685,-0.045339182671393,-0.0094411057029997,-3.766310068215,1.3864314279423,0
1029,0.0025578791821188,-0.019146374438314,-3.765283181456,5.9269455785606,0
681,-0.02253675011753,-0.018528566132272,-3.7526703262603,3.9626407342268,0
962,-0.017231037619059,-0.020032567686735,-3.7452840408843,4.6785721984306,0
686,-0.031599799760252,-0.01120922950504,-3.7435022635839,1.6440523585703,0
984,-0.013511943848054,-0.020339977410574,-3.7376354319055,4.9943361538602,0
682,-0.021015166020367,-0.019181350555453,-3.7284802304393,4.2202616648562,0
1098,0.029102309083332,-0.00091519548189546,-3.7259916394898,7.9600183459391,0
687,-0.026801542920705,-0.01254312076123,-3.7206944589528,1.9016732891981,0
1372,0.014543418613797,0.002852790115722,-3.7155284641711,8.9204888150977,0
1006,-0.0081737271897096,-0.020651648982017,-3.713701128779,5.3528861530775,0
683,-0.0191312497426,-0.019821766965167,-3.7042901346183,4.4778825954854,0
688,-0.025159779935973,-0.013665731358427,-3.6978866543217,2.1592942198256,0
1051,0.01171156524878,-0.017165573094853,-3.6971545957844,6.3706719805581,0
1074,0.023842705902989,-0.011011940009709,-3.690114637652,7.0410961625373,0
689,-0.024575542267461,-0.01468105851052,-3.6750788496906,2.416915150453,0
1371,0.00072683678304057,0.0003145243686859,-3.6716013526543,9.8122481497308,0
1028,-0.00096815812661653,-0.020349559448702,-3.6711450716031,5.7509119095258,0
690,-0.024284583788743,-0.015631990905536,-3.6522710450595,2.6745360810807,0
1097,0.02894019300489,-0.0034326105763564,-3.6472224266968,7.7567865104752,0
1121,0.01843606716038,0.0025852375631479,-3.6389519636833,8.7233179936431,0
983,-0.014798579684697,-0.020824636223845,-3.6350662632734,4.8392789166361,0
691,-0.023997332729105,-0.016533763590189,-3.6294632404282,2.9321570117094,0
1005,-0.010305795419465,-0.021269687001555,-3.6151519743709,5.1870654659048,0
1050,0.007613748265281,-0.018925884804144,-3.6077977731943,6.1849899890048,0
692,-0.023589327965065,-0.017391584077102,-3.606655435797,3.1897779423388,0
1073,0.020067665428617,-0.013634824170894,-3.605888043023,6.8463439143974,0
1370,0.0028569284379489,0.00096364192384102,-3.5987081666809,9.6260035033861,0
693,-0.022992202535297,-0.018207384218273,-3.5838476311657,3.4473988729681,0
1027,-0.004035697170126,-0.021280613231192,-3.5770069617503,5.5748782404911,0
261,-0.1815040138477,-0.0023604146074966,-3.5701871221225,0.87500002800015,0
58,-1.1213631124948,0.0016089051709878,-3.5701871221225,0.12500000400029,0
59,-0.78463840074767,0.0072951859988797,-3.5701871221225,0.37500001200029,0
260,-0.42750746376515,0.0027555489667092,-3.5701871221225,0.62500002000015,0
1096,0.027663968908989,-0.0061555666351762,-3.5684532139039,7.5535546750113,0
1120,0.021893909426046,0.0016946888251113,-3.5659450451367,8.5122090227277,0
694,-0.022156069071206,-0.018981399792445,-3.5610398265344,3.7050198035974,0
698,-0.079337636680793,-0.0070387477207895,-3.5594743654018,1.1288104973141,0
695,-0.021037451822041,-0.019713393410277,-3.5382320219032,3.9626407342268,0
699,-0.04178662767162,-0.0098924190702265,-3.5380488519603,1.3864314279423,0
982,-0.015871492024728,-0.021381642358583,-3.5324970946411,4.684221679412,0
1369,0.0055413793302764,0.0015378788498555,-3.5258149807076,9.4397588570415,0
1072,0.016114887612768,-0.015982040827525,-3.5216614483941,6.6515916662576,0
1049,0.0038077949922922,-0.020355693643912,-3.518440950604,5.9993079974511,0
700,-0.028663348228514,-0.011767455382538,-3.5166233385189,1.6440523585703,0
1004,-0.012023348691253,-0.021730243086249,-3.5166028199627,5.021244778732,0
696,-0.019595728626728,-0.020408453755478,-3.5154242172719,4.2202616648562,0
701,-0.024226806629755,-0.013192706049739,-3.4951978250776,1.9016732891981,0
1119,0.024377913113859,0.00022106457434975,-3.4929381265902,8.3011000518122,0
697,-0.017780396109657,-0.021072923923268,-3.4926164126406,4.4778825954854,0
1095,0.025482814248517,-0.0089291573863233,-3.489684001111,7.3503228395475,0
1026,-0.0066423509943016,-0.021980658185418,-3.4828688518974,5.3988445714564,0
702,-0.022805755094617,-0.014397550070233,-3.4737723116362,2.1592942198255,0
1368,0.0086339980415055,0.0019334209421063,-3.4529217947346,9.2535142106976,0
703,-0.022374976695226,-0.01548508916025,-3.4523467981949,2.416915150453,0
1071,0.012163812810457,-0.018016583467592,-3.4374348537654,6.4568394181186,0
704,-0.02220650666083,-0.016498214537306,-3.4309212847535,2.6745360810807,0
1048,0.00037418428850805,-0.021480312544965,-3.4290841280137,5.8136260058975,0
1118,0.02573316196429,-0.001742732427233,-3.4199312080436,8.0899910808966,0
1003,-0.013369897045496,-0.022091649302761,-3.4180536655545,4.8554240915592,0
1094,0.02262912429092,-0.011623393140766,-3.410914788318,7.1470910040837,0
705,-0.022026349844202,-0.017453156707838,-3.409495771312,2.9321570117094,0
1025,-0.0088064926134186,-0.022489534142486,-3.3887307420446,5.2228109024217,0
706,-0.0217163882448,-0.018356275257123,-3.3880702578705,3.1897779423388,0
1367,0.011898809588253,0.0020436782260925,-3.3800286087618,9.0672695643544,0
707,-0.021211094252719,-0.019210363724546,-3.366644744429,3.4473988729681,0
1070,0.008342965643956,-0.019722728385124,-3.353208259137,6.2620871699799,0
1117,0.025950109528401,-0.0040664534782199,-3.3469242894969,7.8788821099806,0
708,-0.02046260767492,-0.020016205012674,-3.3452192309875,3.7050198035974,0
60,-1.1297506277901,0.001329579821844,-3.339852469083,0.12500000400029,0
61,-0.78785309209542,0.0077086787070017,-3.339852469083,0.37500001200029,0
262,-0.42433953451425,0.0026578887356491,-3.339852469083,0.62500002000012,0
263,-0.17599087264399,-0.0025911319794751,-3.339852469083,0.87500002800012,0
1047,-0.0026429998294778,-0.022334289722708,-3.3397273054234,5.6279440143441,0
1093,0.019332298281882,-0.014138317707375,-3.3321455755252,6.9438591686201,0
712,-0.074665235140188,-0.007354248131142,-3.3298308579572,1.1288104973141,0
709,-0.019429868391334,-0.020772938731139,-3.323793717546,3.9626407342268,0
1002,-0.014481585836192,-0.022486179365815,-3.3195045111463,4.6896034043864,0
1141,0.015338234381628,0.0017876534222301,-3.310100827272,8.8649608866728,0
713,-0.03804863406575,-0.010368982961521,-3.3097876357055,1.3864314279423,0
710,-0.018073484743032,-0.021479102486292,-3.3023682041045,4.2202616648562,0
1366,0.0005862180336243,0.00023001215510776,-3.3013991376498,9.9573186210319,0
1024,-0.010560480034488,-0.022844629903386,-3.2945926321917,5.046777233387,0
714,-0.025557425533496,-0.012358816908889,-3.2897444134539,1.6440523585703,0
711,-0.016341313926052,-0.022129701014261,-3.280942690663,4.4778825954854,0
1116,0.025127603708569,-0.0066042481182359,-3.2739173709503,7.6677731390648,0
715,-0.021496744149628,-0.013872881087048,-3.2697011912023,1.901673289198,0
1069,0.0047467619051896,-0.021102743347666,-3.2689816645084,6.0673349218409,0
1092,0.015801500726929,-0.016404601277511,-3.2533763627324,6.7406273331565,0
1046,-0.0052292218299563,-0.022958004543706,-3.2503704828332,5.4422620227907,0
716,-0.02030942810099,-0.015149701922312,-3.2496579689507,2.1592942198255,0
1140,0.018547486543085,0.00097863364562471,-3.2431384502653,8.6465881776533,0
1365,0.0023099932434275,0.00072145456148123,-3.2358715092145,9.7683483037087,0
717,-0.020044401161349,-0.01629350236298,-3.2296147466991,2.4169151504531,0
718,-0.020009512920616,-0.017348893883947,-3.2095715244475,2.6745360810808,0
1115,0.023432401488024,-0.0092150529190083,-3.2009104524037,7.4566641681489,0
1023,-0.011945727689147,-0.023100659190273,-3.2004545223389,4.8707435643522,0
719,-0.019946034423038,-0.018334502591452,-3.1895283021958,2.9321570117094,0
1068,0.0014641533475551,-0.022184013599329,-3.1847550698798,5.872582673702,0
1139,0.020981197648097,-0.00035468353996077,-3.1761760732587,8.4282154686338,0
1091,0.012214139710015,-0.018381700837015,-3.1746071499398,6.5373954976938,0
1364,0.0044943217475589,0.0011693920621417,-3.1703438807793,9.5793779863853,0
720,-0.019742364718544,-0.019258736205372,-3.1694850799441,3.1897779423388,0
1045,-0.0073923872522027,-0.023391373783094,-3.1610136602429,5.2565800312373,0
721,-0.019336442518357,-0.020125733703905,-3.1494418576923,3.4473988729682,0
722,-0.018683270604512,-0.020936994477966,-3.1293986354406,3.7050198035975,0
1114,0.021064236071262,-0.011776114719631,-3.127903533857,7.2455551972332,0
62,-1.1383004001078,0.0010017968745514,-3.1095178160435,0.12500000400029,0
63,-0.79117025553112,0.0082177156844966,-3.1095178160435,0.37500001200029,0
264,-0.42093615180367,0.0025707115776998,-3.1095178160435,0.62500002000009,0
265,-0.17029818649607,-0.0028703061654062,-3.1095178160435,0.87500002800009,0
723,-0.01774468801659,-0.021690660164275,-3.1093554131888,3.9626407342268,0
1138,0.022460159399337,-0.0021440384409624,-3.109213696252,8.209842759614,0
1022,-0.013075986616042,-0.023358819808077,-3.106316412486,4.6947098953174,0
1363,0.0070347940380536,0.001485455590235,-3.1048162523444,9.3904076690629,0
1067,-0.0014507586502912,-0.022998240774225,-3.1005284752513,5.6778304255633,0
726,-0.069782123308301,-0.0076930801638032,-3.1001873505126,1.1288104973141,0
1090,0.0087062492021117,-0.020052814911682,-3.0958379371475,6.3341636622314,0
724,-0.016483761888371,-0.022378479827949,-3.0893121909371,4.2202616648562,0
727,-0.034114233485283,-0.010888337933579,-3.0815264194507,1.3864314279423,0
1044,-0.0091561105131621,-0.023671881667726,-3.0716568376527,5.0708980396838,0
725,-0.014853462968171,-0.022986707467503,-3.0692689686854,4.4778825954854,0
728,-0.022279532432478,-0.013000825562427,-3.0628654883889,1.6440523585703,0
1113,0.018229261497083,-0.014189767161698,-3.0548966153105,7.0344462263176,0
729,-0.018616920060432,-0.014597027467099,-3.044204557327,1.901673289198,0
1137,0.02293643753614,-0.0042827839847742,-3.0422513192453,7.9914700505939,0
1362,0.0097609445191155,0.0015776818602004,-3.0392886239096,9.201437351741,0
730,-0.01768329523661,-0.015930283219561,-3.0255436262652,2.1592942198255,0
1089,0.00536772057716,-0.021413322245177,-3.017068724355,6.1309318267687,0
1066,-0.003972244343707,-0.023583156347421,-3.0163018806228,5.4830781774246,0
731,-0.017601872590531,-0.01710927559689,-3.0068826952034,2.4169151504531,0
732,-0.017715897717582,-0.018182560032616,-2.9882217641416,2.6745360810808,0
1043,-0.010556046863193,-0.02385050766563,-2.9823000150624,4.8852160481303,0
1112,0.015121641349557,-0.01638562226782,-2.981889696764,6.823337255402,0
1161,0.012728398506378,0.0013619221069194,-2.9761954869313,8.9944457147727,0
1136,0.022467161696383,-0.0066443495542206,-2.9752889422386,7.7730973415739,0
733,-0.017781913744965,-0.019172819580575,-2.9695608330797,2.9321570117095,0
734,-0.017695419810299,-0.020091554083569,-2.9508999020177,3.1897779423389,0
1088,0.0022849035302684,-0.022483987234111,-2.9382995115625,5.9276999913061,0
735,-0.017398754799761,-0.020944765806055,-2.9322389709557,3.4473988729682,0
1065,-0.0060973315073539,-0.023977220695571,-2.9320752859943,5.2883259292858,0
1361,0.00050871503907471,0.00017940688246041,-2.9260252292011,10.08842750679,0
1160,0.015610447406839,0.0006486122229789,-2.9155368414097,8.7694327581583,0
736,-0.016850774435521,-0.021734730270993,-2.9135780398938,3.7050198035975,0
1111,0.011911099994295,-0.018319923778464,-2.9088827782177,6.6122282844873,0
1135,0.021180619927989,-0.00910114967285,-2.9083265652319,7.554724632554,0
737,-0.016017087779078,-0.022458355020789,-2.8949171088318,3.9626407342268,0
1042,-0.011685521550994,-0.024003967369178,-2.8929431924721,4.6995340565768,0
64,-1.147070154576,0.00062836150032648,-2.8791831630043,0.12500000400029,0
65,-0.79462759130441,0.0088571577265558,-2.8791831630043,0.37500001200029,0
266,-0.41725086197282,0.0025148235780378,-2.8791831630043,0.62500002000005,0
267,-0.16441070005511,-0.003225464826615,-2.8791831630043,0.87500002800005,0
738,-0.014864731324244,-0.023101606029607,-2.8762561777699,4.2202616648562,0
740,-0.064657752856936,-0.0080807194762721,-2.8705438430682,1.1288104973141,0
1360,0.0019618023172412,0.00059296961861694,-2.8679645460457,9.8970220160708,0
1087,-0.0004810995907231,-0.023293288945716,-2.8595302987701,5.7244681558437,0
739,-0.01335480755866,-0.023645471084956,-2.8575952467079,4.4778825954854,0
1159,0.017886448579851,-0.00054413346544288,-2.8548781958881,8.5444198015439,0
741,-0.02996521335831,-0.011475852118433,-2.8532652031961,1.3864314279423,0
1064,-0.0078397907698262,-0.024217150984479,-2.8478486913657,5.0935736811471,0
1134,0.019244237383954,-0.011538181751016,-2.8413641882252,7.3363519235341,0
742,-0.018825121216298,-0.013717839940782,-2.835986563324,1.6440523585703,0
1110,0.0087337463686861,-0.019972239834042,-2.8358758596716,6.401119313573,0
743,-0.015594213055571,-0.015384387156873,-2.8187079234519,1.901673289198,0
1359,0.0037721804624668,0.00099504896250716,-2.8099038628903,9.7056165253514,0
744,-0.014942877001969,-0.016751707946133,-2.8014292835799,2.1592942198255,0
1158,0.019371101494091,-0.002167780938911,-2.7942195503664,8.3194068449292,0
745,-0.01506887966382,-0.017938181338319,-2.7841506437078,2.4169151504531,0
1086,-0.0028952713151221,-0.023874919618442,-2.7807610859777,5.5212363203813,0
1133,0.016838999042448,-0.013860805203006,-2.7744018112185,7.1179792145144,0
746,-0.015350905336096,-0.018999458035778,-2.7668720038357,2.6745360810808,0
1063,-0.0092275313912531,-0.024349687164265,-2.7636220967372,4.8988214330083,0
1109,0.005683902363831,-0.021338044783101,-2.7628689411254,6.1900103426582,0
1358,0.0058626276834239,0.0013022575928649,-2.7518431797353,9.5142110346329,0
747,-0.015561455649632,-0.01996436006421,-2.7495933639636,2.9321570117095,0
1157,0.019992263164952,-0.0041349355955111,-2.7335609048446,8.0943938883143,0
748,-0.015604351043633,-0.020848646936681,-2.7323147240914,3.1897779423389,0
749,-0.015427700668917,-0.021660642171911,-2.7150360842192,3.4473988729682,0
1132,0.014140605098946,-0.015998281845224,-2.7074394342119,6.8996065054947,0
1085,-0.0049446472376773,-0.024264331848914,-2.7019918731853,5.3180044849188,0
750,-0.014995448834229,-0.022403334812767,-2.697757444347,3.7050198035975,0
1357,0.008111714935622,0.0014272608349409,-2.6937824965804,9.322805543915,0
1108,0.0028376325901513,-0.022425250457534,-2.6898620225792,5.9789013717437,0
751,-0.014278062450061,-0.023072252826083,-2.6804788044748,3.9626407342268,0
1062,-0.010335028746563,-0.024431831505116,-2.6793955021086,4.7040691848694,0
1156,0.019774937563024,-0.0063353377914681,-2.6729022593229,7.8693809316994,0
752,-0.013247881887441,-0.023648872255085,-2.6632001646026,4.2202616648562,0
67,-0.7982825531956,0.0096781387994183,-2.648848509965,0.37500001200029,0
66,-1.1561582013817,0.00022248338261387,-2.648848509965,0.12500000400029,0
268,-0.41320926711091,0.0025236926706855,-2.648848509965,0.62500002000002,0
269,-0.15830836169086,-0.0036982800672354,-2.648848509965,0.87500002800002,0
753,-0.011875228493136,-0.024111587360391,-2.6459215247304,4.4778825954854,0
754,-0.059250073160661,-0.0085672842275626,-2.6409003356239,1.1288104973141,0
1131,0.011306573535241,-0.017904186915037,-2.6404770572056,6.6812337964759,0
1181,0.010606240108169,0.0012831119600497,-2.6376925841996,9.1115925551117,0
755,-0.025579469452227,-0.012171884638403,-2.6250039869415,1.3864314279423,0
1084,-0.0066332893354948,-0.024496373100613,-2.6232226603928,5.1147726494564,0
1107,0.0002593947731057,-0.023258584026495,-2.6168551040331,5.7677924008294,0
1155,0.018814225108363,-0.0086532296651109,-2.6122436138012,7.6443679750846,0
756,-0.015190292764062,-0.014544701717727,-2.6091076382592,1.6440523585703,0
757,-0.012439192594117,-0.016261684797656,-2.5932112895768,1.9016732891979,0
1180,0.013101878997546,0.00067796854295645,-2.5835734425933,8.8805720682235,0
758,-0.012108867862488,-0.01763078912007,-2.5773149408945,2.1592942198255,0
1130,0.0084677685914805,-0.01955412467907,-2.5735146801994,6.4628610874575,0
759,-0.012472152987359,-0.018787702338858,-2.5614185922122,2.4169151504531,0
1154,0.017247447350147,-0.010980554766322,-2.5515849682795,7.4193550184698,0
1356,0.00050386962265772,0.00015841053361697,-2.54600595747,10.205390973918,0
760,-0.012944113569085,-0.019799710923776,-2.5455222435299,2.6745360810809,0
1083,-0.0079806375480272,-0.02461291269065,-2.5444534476004,4.9115408139938,0
1106,-0.002009355867864,-0.023866587822273,-2.5438481854869,5.556683429915,0
761,-0.013315068486876,-0.020704320408249,-2.5296258948475,2.9321570117096,0
1179,0.015129312706201,-0.00037919890350639,-2.529454300987,8.6495515813353,0
762,-0.01349933725754,-0.021522662188868,-2.513729546165,3.189777942339,0
1129,0.0057218632538147,-0.020941586467754,-2.506552303193,6.2444883784387,0
763,-0.01345276029072,-0.022265582584521,-2.4978331974826,3.4473988729682,0
1355,0.0018281188801713,0.00057297165520512,-2.4955021788538,10.011844558655,0
1153,0.01522977661342,-0.013225670978303,-2.4909263227578,7.1943420618552,0
764,-0.013145900193413,-0.022936472380455,-2.4819368488002,3.7050198035975,0
1178,0.016514225045538,-0.0018533569474334,-2.4753351593805,8.4185310944468,0
1105,-0.0039474751380324,-0.024280335059973,-2.4708412669407,5.3455744590006,0
765,-0.012555279428663,-0.023529225241345,-2.4660405001177,3.9626407342269,0
1082,-0.0090438886652331,-0.02465472142262,-2.4656842348079,4.7083089785313,0
766,-0.011659589066357,-0.024021803210774,-2.4501441514353,4.2202616648562,0
1354,0.0033840932725033,0.0010141624628696,-2.4449984002376,9.8182981433913,0
1128,0.0031370314235233,-0.022064823855649,-2.4395899261867,6.0261156694201,0
767,-0.010438364663204,-0.024391508309996,-2.4342478027529,4.4778825954854,0
1152,0.012915933471753,-0.0153179240705,-2.4302676772362,6.9693291052406,0
1177,0.017173884869925,-0.003670888233408,-2.4212160177741,8.187510607558,0
68,-1.1657311201426,-0.00018293338508753,-2.4185138569257,0.12500000400029,0
69,-0.80222481407836,0.010756518841971,-2.4185138569257,0.37500001200029,0
270,-0.40874773280927,0.0026393014550087,-2.4185138569257,0.62500001999999,0
271,-0.15186613418619,-0.0043594942234794,-2.4185138569257,0.87500002799999,0
768,-0.053502420123829,-0.0092296758149713,-2.4112568281794,1.1288104973141,0
1104,-0.005550397113785,-0.024531669370092,-2.3978343483946,5.1344654880862,0
769,-0.02093322651584,-0.013035677030031,-2.3967427706868,1.3864314279423,0
1353,0.0051140861222445,0.0013889399877394,-2.3944946216217,9.6247517281288,0
770,-0.011376041757997,-0.015530529307565,-2.3822287131942,1.6440523585702,0
1127,0.00077665032827012,-0.022942858498978,-2.3726275491805,5.8077429604017,0
1151,0.010447999800459,-0.017208432192984,-2.3696090317148,6.744316148627,0
771,-0.0091706458667144,-0.017265116117952,-2.3677146557016,1.9016732891979,0
1176,0.017110850480183,-0.0057337210720022,-2.3670968761677,7.9564901206693,0
772,-0.0092108028129633,-0.018588497543733,-2.3532005982091,2.1592942198255,0
1352,0.0069354394554462,0.0016006721844304,-2.343990843006,9.4312053128669,0
773,-0.0098462443067052,-0.019665179523026,-2.3386865407165,2.4169151504531,0
1103,-0.006829386152133,-0.024656984733004,-2.3248274298484,4.9233565171718,0
774,-0.010531060054343,-0.020580640229675,-2.324172483224,2.6745360810809,0
1175,0.016393662904107,-0.0079348385008233,-2.3129777345613,7.7254696337807,0
775,-0.011076997840447,-0.021383823570485,-2.3096584257314,2.9321570117096,0
1150,0.0079476213020658,-0.018868530135029,-2.3089503861936,6.5193031920137,0
1126,-0.001314490784724,-0.023598093450792,-2.3056651721742,5.5893702513833,0
776,-0.011412337954312,-0.022101820201239,-2.2951443682387,3.189777942339,0
1201,0.0089534722089162,0.0015588389303304,-2.2950551485178,9.2162386291247,0
777,-0.01150333131986,-0.022747583554602,-2.280630310746,3.4473988729683,0
778,-0.011328998456402,-0.023324109367226,-2.2661162532534,3.7050198035975,0
1174,0.015132084793759,-0.010171830313429,-2.2588585929549,7.4944491468921,0
1102,-0.0078261246775479,-0.024683478768025,-2.2518205113022,4.7122475462572,0
779,-0.010873158658775,-0.023823048014109,-2.2516021957607,3.9626407342269,0
1149,0.0055112618353316,-0.020286805499908,-2.2482917406722,6.2942902354001,0
1200,0.011008357353267,0.0010652437429654,-2.2476875381576,8.9798516769025,0
1125,-0.0031094644024944,-0.024056211545284,-2.2387027951679,5.3709975423648,0
780,-0.010121598104474,-0.024219173368233,-2.2370881382681,4.2202616648562,0
781,-0.0090624241982419,-0.024489075914799,-2.2225740807754,4.4778825954854,0
1173,0.013455250638574,-0.012356079486515,-2.2047394513485,7.2634286600037,0
1199,0.012705964872615,0.00012499247762723,-2.2003199277973,8.7434647246803,0
272,-0.40373094402051,0.0029044579806841,-2.1881792038857,0.62500001999996,0
273,-0.14490877633347,-0.0053208364682219,-2.1881792038857,0.87500002799996,0
70,-1.1760625429219,-0.00052357470425154,-2.1881792038857,0.12500000400029,0
71,-0.80659319705974,0.012198921420083,-2.1881792038857,0.37500001200029,0
1148,0.0032044161138445,-0.021459366734459,-2.1876330951508,6.0692772787866,0
782,-0.047337345951455,-0.010184447432077,-2.1816133207343,1.1288104973141,0
1124,-0.0045969255578593,-0.02434512414724,-2.1717404181616,5.1526248333464,0
783,-0.016004625071327,-0.014157013427124,-2.1684815544315,1.3864314279423,0
1351,0.00060035210785028,0.00016776865948977,-2.1618741657561,10.308045023481,0
784,-0.0073981322777053,-0.016746382544425,-2.1553497881287,1.6440523585702,0
1198,0.013897431963924,-0.0012304616495012,-2.152952317437,8.5070777724578,0
1172,0.011495648154409,-0.014416971955512,-2.1506203097422,7.0324081731153,0
785,-0.0058249647517962,-0.018442348562377,-2.1422180218258,1.9016732891979,0
786,-0.0062938468610316,-0.019647473397983,-2.1290862555231,2.1592942198255,0
1147,0.0010848364923108,-0.022393934799836,-2.1269744496295,5.8442643221734,0
1350,0.0019686181153287,0.00067328699938113,-2.1190056846098,10.112655235176,0
787,-0.0072376013477309,-0.020573535504627,-2.1159544892203,2.4169151504531,0
1197,0.014499810164635,-0.0029334532677456,-2.1055847070766,8.270690820235,0
1123,-0.0057811044625548,-0.024495377168103,-2.1047780411554,4.9342521243279,0
788,-0.0081553763960894,-0.021332200902196,-2.1028227229175,2.674536081081,0
1171,0.0093778426020904,-0.016303272631787,-2.096501168136,6.8013876862279,0
789,-0.0088862870601841,-0.021985478674943,-2.0896909566146,2.9321570117097,0
790,-0.0093773827241158,-0.022565620870314,-2.0765591903117,3.189777942339,0
1349,0.0033927077792016,0.0012516276407309,-2.0761372034635,9.9172654468717,0
1146,-0.0008019308398125,-0.023106843037187,-2.0663158041082,5.6192513655601,0
791,-0.0096086319673509,-0.023086190142854,-2.0634274240089,3.4473988729683,0
1196,0.014502794768605,-0.0048921449930536,-2.0582170967163,8.0343038680122,0
792,-0.0095695650927796,-0.023548233868147,-2.050295657706,3.7050198035976,0
1170,0.0072111447049901,-0.01798207473003,-2.0423820265301,6.5703671993409,0
1122,-0.006690251718441,-0.024522811778791,-2.037815664149,4.7158794153093,0
793,-0.0092525021662356,-0.023939987119301,-2.0371638914031,3.9626407342269,0
1348,0.004825220371855,0.0017778562160766,-2.0332687223174,9.7218756585678,0
794,-0.0086507990483307,-0.024232551128052,-2.0240321251002,4.2202616648561,0
795,-0.0077601472792341,-0.024401183653243,-2.0109003587973,4.4778825954854,0
1195,0.01395350560244,-0.007005468047401,-2.010849486356,7.7979169157895,0
1145,-0.0024258307115537,-0.023618126314005,-2.0056571585869,5.3942384089468,0
1347,0.0062324371972025,0.002132973308174,-1.9904002411714,9.5264858702645,0
1169,0.0050853760515996,-0.019436079094266,-1.9882628849239,6.3393467124534,0
1194,0.012936063058662,-0.0091760768771993,-1.9634818759956,7.561529963567,0
274,-0.3978859069735,0.0033490227605253,-1.9578445508451,0.62500001999992,0
275,-0.13720710119378,-0.0067501327379416,-1.9578445508451,0.87500002799992,0
72,-1.1875778350844,-0.00069547665043766,-1.9578445508451,0.12500000400029,0
73,-0.81159275430189,0.01413912500315,-1.9578445508451,0.37500001200029,0
796,-0.040638009547501,-0.011636678114589,-1.9519698132886,1.1288104973141,0
1221,0.0077355051726211,0.002222314699866,-1.9487519548361,9.3082385282297,0
1144,-0.0037710629328819,-0.02395147207865,-1.9449985130656,5.1692254523335,0
797,-0.010772669070823,-0.015692089642987,-1.9402203381756,1.3864314279423,0
1168,0.0030665331827103,-0.020660316398914,-1.9341437433178,6.1083262255662,0
798,-0.003286596984628,-0.018304975377805,-1.9284708630625,1.6440523585702,0
799,-0.0024580573087931,-0.019853350196132,-1.9167213879495,1.9016732891979,0
1193,0.011554294350847,-0.011317674929812,-1.9161142656353,7.3251430113445,0
1220,0.0092821504848685,0.0018280905652506,-1.9083238633116,9.0671336324637,0
800,-0.0034240764870111,-0.020822424594183,-1.9049719128365,2.1592942198254,0
801,-0.0047088615096038,-0.021501252073399,-1.8932224377234,2.4169151504532,0
1143,-0.0048365547787648,-0.02413179070647,-1.8843398675442,4.9442124957201,0
802,-0.0058709257671246,-0.022029068741633,-1.8814729626104,2.674536081081,0
1167,0.0012052228232612,-0.021651283334508,-1.8800246017118,5.8773057386791,0
803,-0.0067877257341352,-0.022476937372722,-1.8697234874974,2.9321570117097,0
1192,0.0099179065133333,-0.013359686995672,-1.8687466552751,7.0887560591221,0
1219,0.010569617629633,0.00096254385743248,-1.8678957717872,8.8260287366976,0
804,-0.0074309964265306,-0.022879165060666,-1.8579740123842,3.1897779423391,0
805,-0.0077978832381857,-0.023247159724821,-1.8462245372711,3.4473988729683,0
806,-0.007890437979309,-0.023577601060438,-1.834475062158,3.7050198035976,0
1218,0.011486142720651,-0.00032695132618574,-1.8274676802626,8.5849238409312,0
1166,-0.00045500773677206,-0.022419103861257,-1.8259054601058,5.6462852517921,0
1142,-0.0056394699734573,-0.024165739237332,-1.8236812220228,4.7191995391067,0
807,-0.0077105271117426,-0.023853497575786,-1.8227255870449,3.9626407342269,0
1191,0.0081324574650742,-0.015248818958837,-1.821379044915,6.8523691069007,0
808,-0.0072593178378148,-0.02404098489125,-1.8109761119318,4.2202616648561,0
809,-0.00653897855614,-0.024112510999189,-1.7992266368187,4.4778825954854,0
1217,0.011952392846538,-0.0019652046058766,-1.7870395887381,8.3438189451646,0
1346,0.00085730520247245,0.000213440017953,-1.7741684635685,10.396245720555,0
1190,0.0062928014596788,-0.016948255908988,-1.774011434555,6.6159821546797,0
1165,-0.00188390399444,-0.022978540761531,-1.7717863184997,5.415264764905,0
1216,0.011949263508452,-0.0038622932537766,-1.7466114972136,8.102714049398,0
1345,0.00249362254765,0.00092185259211324,-1.7390019858296,10.19931295982,0
74,-1.2008960210618,-0.00056012548433104,-1.7275098978045,0.12500000400029,0
75,-0.81751065571951,0.01672081351371,-1.7275098978045,0.37500001200029,0
276,-0.39074451500358,0.0039421018756908,-1.7275098978045,0.62500001999989,0
277,-0.12838450924448,-0.008906507540486,-1.7275098978045,0.87500002799989,0
1189,0.0044792452909835,-0.018435453925839,-1.7266438241949,6.3795952024582,0
810,-0.033222287516632,-0.013934372064279,-1.7223263058429,1.1288104973141,0
1164,-0.0030638003381559,-0.023349590030092,-1.7176671768936,5.184244278018,0
811,-0.0051824348102574,-0.017929958916068,-1.7119591219196,1.3864314279422,0
1215,0.011504844911696,-0.0059222614961719,-1.7061834056891,7.8616091536314,0
1344,0.0039044825504165,0.0017561760205419,-1.7038355080906,10.002380199084,0
812,0.00099936578406116,-0.020434726671485,-1.7015919379963,1.6440523585702,0
813,0.00088779577282756,-0.02157674384436,-1.6912247540731,1.9016732891978,0
814,-0.00067475746414695,-0.022104595839463,-1.6808575701498,2.1592942198254,0
1188,0.0027550409393683,-0.019699871213125,-1.6792762138348,6.143208250237,0
815,-0.002337380642011,-0.022404511838237,-1.6704903862266,2.4169151504532,0
1343,0.0050724482632462,0.0025296533090207,-1.6686690303519,9.8054474383498,0
1214,0.010680083361224,-0.0080513242781643,-1.6657553141646,7.620504257865,0
1163,-0.003990396277806,-0.023552449112628,-1.6635480352875,4.9532237911308,0
816,-0.0037413319610283,-0.022618860578708,-1.6601232023033,2.674536081081,0
817,-0.004831963699548,-0.022802254536066,-1.64975601838,2.9321570117098,0
818,-0.0056125333923244,-0.022986064893604,-1.6393888344567,3.1897779423391,0
1342,0.0060338043080199,0.0030783527549795,-1.6335025526132,9.6085146776158,0
1187,0.0011659017902502,-0.020732295560547,-1.6319086034748,5.906821298016,0
819,-0.0061007582918575,-0.023176031959808,-1.6290216505334,3.4473988729683,0
1213,0.0095543123444159,-0.010165392023745,-1.6253272226401,7.3793993620987,0
820,-0.0063129949880355,-0.023361513688531,-1.61865446661,3.7050198035976,0
1162,-0.0046722399101111,-0.023586939522056,-1.6094288936814,4.7222033042436,0
821,-0.0062614383434662,-0.023517995860261,-1.6082872826867,3.9626407342269,0
1241,0.0069377510632401,0.0033003828756542,-1.5992568707433,9.3874644163372,0
822,-0.0059551096337278,-0.023604732728705,-1.5979200987634,4.2202616648561,0
823,-0.0054016451606423,-0.02358923209241,-1.58755291484,4.4778825954854,0
1212,0.0082141495069819,-0.012194362643432,-1.5848991311156,7.1382944663324,0
1186,-0.00024955748291627,-0.021536702268547,-1.5845409931148,5.670434345795,0
1240,0.0078412564941868,0.0029665158005727,-1.5659319847424,9.1422966545144,0
1211,0.0067452846513086,-0.014083455936185,-1.5444710395913,6.8971895705672,0
1185,-0.0014637514207801,-0.022123816688112,-1.5371733827548,5.4340473935739,0
1239,0.0086227754213973,0.0021161843156709,-1.5326070987415,8.8971288926915,0
1210,0.0052268415241212,-0.015792489359446,-1.5040429480671,6.6560846748023,0
1238,0.0092013272847999,0.00081573445831081,-1.4992822127406,8.6519611308683,0
76,-1.2168435627122,2.363379476188e-05,-1.4971752447639,0.12500000400029,0
77,-0.8247291937013,0.020062928495006,-1.4971752447639,0.37500001200029,0
278,-0.3815269832322,0.0045194455634893,-1.4971752447639,0.62500001999986,0
279,-0.11787510189118,-0.012163811660108,-1.4971752447639,0.87500002799986,0
824,-0.024873232295261,-0.017553325068594,-1.4926827983972,1.1288104973141,0
1184,-0.0024597390048273,-0.022511370511923,-1.4898057723947,5.1976604413529,0
825,0.00081650412937085,-0.021214102770046,-1.4836979056637,1.3864314279422,0
826,0.0050582044823303,-0.023041691155822,-1.4747130129302,1.6440523585702,0
1237,0.0094798287505934,-0.00082112453444755,-1.4659573267396,8.4067933690448,0
827,0.003908274546492,-0.023478373412824,-1.4657281201967,1.9016732891978,0
1209,0.0037279246056453,-0.017294076949098,-1.4636148565428,6.414979779037,0
828,0.0017937276311725,-0.023403058929417,-1.4567432274632,2.1592942198254,0
829,-0.00019923184080697,-0.023203849877503,-1.4477583347297,2.4169151504532,0
1183,-0.0032321565608387,-0.022716472386812,-1.4424381620347,4.9612734891317,0
830,-0.0018358655461309,-0.023011084125856,-1.4387734419962,2.6745360810811,0
1236,0.0094234802322309,-0.0027042301948309,-1.4326324407386,8.1616256072214,0
831,-0.0030743735727254,-0.022872535567611,-1.4297885492627,2.9321570117098,0
1208,0.0023059109280084,-0.018571924090809,-1.4231867650185,6.1738748832719,0
832,-0.003964272825763,-0.022800333613594,-1.4208036565291,3.1897779423392,0
833,-0.0045480174363845,-0.022790755112576,-1.4118187637956,3.4473988729684,0
834,-0.0048581013657712,-0.022822768655718,-1.402833871062,3.7050198035976,0
1235,0.009042118476298,-0.0047421169763728,-1.3993075547377,7.916457845398,0
1182,-0.0037833421534315,-0.022734755362519,-1.3950705516746,4.7248865369105,0
835,-0.004917558378152,-0.022861822839644,-1.3938489783285,3.9626407342269,0
836,-0.0047431288942151,-0.022858094599178,-1.3848640855949,4.2202616648561,0
1341,0.0013844723022515,0.00030337672505258,-1.3834324722372,10.469869395878,0
1207,0.0010012266665289,-0.019613809198262,-1.3827586734943,5.9327699875071,0
837,-0.0043472387995425,-0.022771668822933,-1.3758791928614,4.4778825954854,0
1234,0.0083753150447511,-0.0068458050324118,-1.3659826687367,7.6712900835748,0
1340,0.0035981308166806,0.0013514109169018,-1.3560229140423,10.271696454467,0
1206,-0.00015475187035804,-0.020419660060457,-1.3423305819701,5.6916650917422,0
1233,0.0074788467651504,-0.0089345314945578,-1.3326577827358,7.4261223217517,0
1339,0.0050997809150551,0.0025830153726076,-1.3286133558475,10.073523513057,0
1205,-0.0011393740863221,-0.020998562753835,-1.3019024904458,5.4505601959774,0
1338,0.0059563905881781,0.0037100328353157,-1.3012037976528,9.8753505716472,0
1232,0.0064165828889132,-0.010939827660802,-1.2993328967349,7.1809545599286,0
1337,0.0063281494594303,0.0044888290436418,-1.2737942394581,9.6771776302382,0
78,-1.2363555657272,0.0011357073201042,-1.2668405917233,0.12500000400029,0
79,-0.8336760692691,0.024216653509832,-1.2668405917233,0.37500001200029,0
280,-0.36895188988163,0.0047290814385406,-1.2668405917233,0.62500001999983,0
281,-0.10489210522325,-0.016967812939598,-1.2668405917233,0.87500002799983,0
1231,0.0052543072882067,-0.012806647738527,-1.2660080107341,6.9357867981066,0
838,-0.015517925386521,-0.022937579951907,-1.2630392909515,1.1288104973141,0
1204,-0.0019386059114602,-0.021368153245229,-1.2614743989216,5.2094553002125,0
839,0.006688376093989,-0.025638854401854,-1.2554366894077,1.3864314279422,0
840,0.0087079338553319,-0.026200544201692,-1.247834087864,1.6440523585702,0
1261,0.0064505207610117,0.0047981569624587,-1.2470481992853,9.453806207065,0
841,0.0064848368234968,-0.025578666233425,-1.2402314863203,1.9016732891978,0
1230,0.0040549270355037,-0.014492726395313,-1.2326831247334,6.6906190362849,0
842,0.0038298223043247,-0.024648693950445,-1.2326288847766,2.1592942198254,0
843,0.001555540815128,-0.023779571779889,-1.2250262832328,2.4169151504532,0
1203,-0.0025479129444356,-0.021544590863609,-1.2210463073973,4.9683504044475,0
1260,0.0065802741840506,0.0044077888210538,-1.2209656771343,9.2052363021279,0
844,-0.00023100011185943,-0.023077665057031,-1.2174236816891,2.6745360810811,0
845,-0.0015750271493871,-0.022557720683704,-1.2098210801454,2.9321570117099,0
846,-0.0025315556148016,-0.022197541605447,-1.2022184786016,3.1897779423392,0
1229,0.0028751170907941,-0.015967344800767,-1.1993582387326,6.4454512744628,0
1259,0.006768291423601,0.0034656123020688,-1.1948831549834,8.9566663971908,0
847,-0.0031721839512768,-0.021973607797619,-1.1946158770578,3.4473988729684,0
848,-0.0035473318443276,-0.021850236265451,-1.1870132755141,3.7050198035976,0
1202,-0.0029655306623194,-0.021522248658905,-1.180618215873,4.7272455086825,0
849,-0.0036909858933701,-0.021780022852216,-1.1794106739703,3.9626407342269,0
850,-0.0036271842621728,-0.021701990528196,-1.1718080724265,4.2202616648561,0
1258,0.0069443873996686,0.0021014832071734,-1.1688006328324,8.7080964922534,0
1228,0.0017634282024116,-0.017210270452924,-1.1660333527319,6.200283512641,0
851,-0.003372952568117,-0.021566460475781,-1.1642054708827,4.4778825954854,0
1257,0.0070108155222014,0.00040098373014737,-1.1427181106814,8.4595265873156,0
1227,0.0007531198979731,-0.018209703012312,-1.1327084667311,5.9551157508194,0
1256,0.0068891047272465,-0.0015025616115,-1.1166355885305,8.2109566823779,0
1226,-0.0001335255837945,-0.018965149765841,-1.0993835807304,5.7099479889977,0
1255,0.0065594241680308,-0.0035247770977524,-1.0905530663795,7.9623867774403,0
1225,-0.00088032030324268,-0.01948710015292,-1.0660586947297,5.4647802271761,0
1254,0.0060391507508044,-0.0055893718826341,-1.0644705442285,7.7138168725028,0
1253,0.0053621083413029,-0.0076224657671628,-1.0383880220776,7.4652469675654,0
80,-1.2601625192889,0.0027205636185803,-1.0365059386827,0.12500000400028,0
81,-0.84457305837,0.029109697456587,-1.0365059386827,0.37500001200028,0
282,-0.35078124384328,0.0039565847022717,-1.0365059386827,0.62500001999979,0
283,-0.088209888796116,-0.023806154795479,-1.0365059386827,0.87500002799979,0
852,-0.0050874228749659,-0.030508579279754,-1.0333957835057,1.1288104973141,0
1224,-0.0014775558398839,-0.019795344594514,-1.0327338087289,5.2196124653544,0
853,0.012032440759526,-0.031380619500532,-1.0271754731517,1.3864314279422,0
854,0.011596537110307,-0.029927915092128,-1.0209551627978,1.6440523585701,0
855,0.0083498375803682,-0.027762515664506,-1.0147348524438,1.9016732891978,0
1252,0.0045710754681923,-0.0095594894677892,-1.0123054999267,7.2166770626281,0
856,0.0052514896530437,-0.025678737330323,-1.0085145420899,2.1592942198254,0
857,0.002793899691331,-0.023955484531652,-1.0022942317359,2.4169151504532,0
1223,-0.0019228136006217,-0.01990716301135,-0.99940892272816,4.9744447035327,0
858,0.00094865447211271,-0.022631469789255,-0.99607392138197,2.6745360810812,0
1336,0.0023412010576029,0.00043204279995676,-0.99021406217283,10.528812819425,0
859,-0.00040306681394614,-0.021669875728724,-0.98985361102799,2.9321570117099,0
1251,0.0037129696431695,-0.011347368564679,-0.98622297777582,6.9681071576918,0
860,-0.0013627689574798,-0.021003735301611,-0.98363330067399,3.1897779423392,0
861,-0.0020077570505082,-0.020563077921737,-0.97741299031999,3.4473988729684,0
862,-0.0024040700412614,-0.020292667041334,-0.971192679966,3.7050198035977,0
1335,0.0055467527004415,0.0019413933170284,-0.97060446519959,10.329704418559,0
1222,-0.0022119097929048,-0.019818573471583,-0.9660840367274,4.7292769417108,0
863,-0.0025956600917606,-0.020128918213111,-0.964972369612,3.9626407342269,0
1250,0.0028346081876433,-0.0129443898103,-0.96014045562506,6.7195372527559,0
864,-0.0026126475666797,-0.019998282369974,-0.95875205925801,4.2202616648561,0
865,-0.0024767557034187,-0.019840010983838,-0.95253174890401,4.4778825954854,0
1334,0.0072267393011148,0.0037033056145166,-0.95099486822634,10.130596017692,0
1249,0.0019792404260038,-0.014319810338693,-0.93405793347423,6.4709673478196,0
1333,0.007629557255732,0.0052960274137335,-0.93138527125319,9.9314876168263,0
1332,0.0070984821191318,0.0063304915371709,-0.91177567428009,9.7323792159612,0
1248,0.0011838896942016,-0.015453916101319,-0.90797541132341,6.2223974428835,0
1281,0.0060522349707991,0.0066003079901094,-0.89260801492264,9.50717171666,0
1247,0.000471821971184,-0.016340255314204,-0.88189288917262,5.9738275379476,0
1280,0.0052521268559566,0.0059179928697437,-0.87388229318089,9.2558651189232,0
1246,-0.00014429134262982,-0.016981861638892,-0.85581036702183,5.7252576330118,0
1279,0.0048474060331369,0.0047205262684586,-0.85515657143915,9.0045585211863,0
1278,0.0046509137409136,0.0032200989034927,-0.83643084969738,8.7532519234492,0
1245,-0.00065503743580427,-0.017393226816938,-0.82972784487102,5.4766877280759,0
1277,0.004519965277418,0.0015004383732855,-0.8177051279556,8.5019453257116,0
82,-1.2884791509708,0.0045819107772741,-0.8061712856421,0.12500000400028,0
83,-0.85712448815407,0.034383699725256,-0.8061712856421,0.37500001200028,0
284,-0.32300172021847,0.00086680558557602,-0.8061712856421,0.62500001999976,0
285,-0.065962548789556,-0.033518185344625,-0.8061712856421,0.87500002799976,0
866,0.0064253003074927,-0.04101824454537,-0.80375227606,1.1288104973141,0
1244,-0.0010553629830998,-0.017597609593122,-0.80364532272022,5.22811782314,0
1276,0.0043513886719254,-0.00039498645001345,-0.79897940621383,8.2506387279742,0
867,0.016108191142957,-0.038386917949833,-0.7989142568958,1.3864314279422,0
868,0.013187389644852,-0.03393012065054,-0.7940762377316,1.6440523585701,0
869,0.0091393694507357,-0.029651127711815,-0.78923821856741,1.9016732891977,0
870,0.0058118835003536,-0.026108965870925,-0.78440019940322,2.1592942198254,0
1275,0.0040934972397682,-0.0023371995418121,-0.78025368447206,7.9993321302368,0
871,0.0033535538806435,-0.023383111345393,-0.77956218023903,2.4169151504532,0
1243,-0.0013454171966245,-0.017614551724776,-0.77756280056941,4.979547918204,0
872,0.0015966638407291,-0.021373635173763,-0.77472416107484,2.6745360810812,0
873,0.00035656741795903,-0.019948317845029,-0.76988614191063,2.9321570117099,0
874,-0.0005088435820871,-0.01898358491743,-0.76504812274641,3.1897779423393,0
1274,0.0037313979371555,-0.0042779277525283,-0.76152796273029,7.7480255324996,0
875,-0.0010899852586268,-0.018349535775541,-0.76021010358218,3.4473988729685,0
876,-0.0014539304301954,-0.017958260878108,-0.75537208441796,3.7050198035977,0
1242,-0.0015199514713018,-0.017444040382729,-0.75148027841859,4.730978013268,0
877,-0.0016498940523761,-0.017727073360681,-0.75053406525373,3.9626407342269,0
878,-0.0017106919159243,-0.017570260508391,-0.74569604608951,4.2202616648561,0
1273,0.0032792433982655,-0.0061577507557198,-0.74280224098853,7.4967189347625,0
879,-0.0016621057248109,-0.017417256684423,-0.74085802692529,4.4778825954854,0
1272,0.002761948267404,-0.007919733716141,-0.72407651924679,7.2454123370253,0
1271,0.002209531299834,-0.0095164142843958,-0.70535079750511,6.9941057392894,0
1270,0.0016530582651802,-0.010911279582587,-0.68662507576349,6.7427991415537,0
1269,0.0011212513893766,-0.012079314735772,-0.66789935402182,6.4914925438176,0
1268,0.00063734824898162,-0.013008569929756,-0.64917363228015,6.2401859460818,0
1267,0.00021290047526471,-0.013702086456316,-0.63044791053851,5.9888793483462,0
1266,-0.00014721854297355,-0.014168508554597,-0.61172218879687,5.7375727506106,0
1331,0.0038810493873926,0.0005542271934187,-0.59506458372832,10.572993345295,0
1265,-0.00043916765344219,-0.01442681741072,-0.59299646705521,5.486266152875,0
1330,0.0085788870858395,0.0025007615905675,-0.5832860485075,10.373255671029,0
84,-1.3213831026814,0.0066337978339565,-0.57583663260151,0.12500000400028,0
85,-0.87129240457153,0.039106125081946,-0.57583663260151,0.37500001200028,0
286,-0.27971119155081,-0.0080365720843861,-0.57583663260151,0.62500001999973,0
287,-0.036978081736656,-0.048136484424073,-0.57583663260151,0.87500002799973,0
1264,-0.00066166131943333,-0.014502830518553,-0.57427074531356,5.2349595551394,0
880,0.016278151966783,-0.054050204696868,-0.5741087686143,1.1288104973141,0
1329,0.010565599631597,0.0048084081681182,-0.57150751328668,10.173517996764,0
881,0.017713569908689,-0.045882140699293,-0.57065304063987,1.3864314279422,0
882,0.012829067220328,-0.037204282236359,-0.56719731266544,1.6440523585701,0
883,0.0084485632628909,-0.030289840867449,-0.56374158469101,1.9016732891977,0
884,0.0052653860125643,-0.025136239780655,-0.56028585671659,2.1592942198254,0
1328,0.010374131403924,0.0069449606593644,-0.55972897806591,9.9737803224996,0
885,0.0030903708996804,-0.021421030259351,-0.55683012874217,2.4169151504532,0
1263,-0.00081693550183233,-0.014417527152186,-0.55554502357191,4.9836529574036,0
886,0.0016300143906038,-0.018807685077107,-0.55337440076775,2.6745360810812,0
887,0.00065023581134206,-0.017016239164105,-0.54991867279331,2.93215701171,0
1327,0.0084804165855334,0.0082382038715993,-0.54795044284518,9.7740426482358,0
888,-8.9158386267336e-06,-0.015828839056585,-0.54646294481887,3.1897779423393,0
889,-0.000447296589335,-0.015080636895015,-0.54300721684442,3.4473988729685,0
890,-0.00072337689353779,-0.01462642474632,-0.53955148886997,3.7050198035977,0
1262,-0.0008999848088404,-0.01417570392003,-0.53681930183024,4.7323463596678,0
1301,0.0053878319706491,0.0081482623413109,-0.53642149246831,9.5474867923459,0
891,-0.00087978335601561,-0.014368900830685,-0.53609576089553,3.962640734227,0
892,-0.00094554726928505,-0.014215618313806,-0.53264003292108,4.2202616648561,0
893,-0.00094733776016931,-0.01409231703237,-0.52918430494663,4.4778825954854,0
1300,0.0035427116946916,0.0067412479685215,-0.52514212693532,9.2941127548303,0
1299,0.002730832418768,0.0051606280145614,-0.51386276140234,9.0407387173147,0
1298,0.0023446216626929,0.0036069046793293,-0.50258339586935,8.7873646797988,0
1297,0.0021290085018987,0.0020272263054282,-0.49130403033634,8.5339906422825,0
1296,0.0019751065019668,0.00039479525113214,-0.48002466480335,8.2806166047662,0
1295,0.0018208941532369,-0.001252085797108,-0.46874529927035,8.0272425672501,0
1294,0.0016340828405272,-0.0028458104787484,-0.45746593373735,7.7738685297341,0
1293,0.001410858031348,-0.0043536225935125,-0.44618656820437,7.5204944922182,0
1292,0.0011620188553008,-0.0057330077566794,-0.43490720267139,7.2671204547023,0
1291,0.00090270955789668,-0.006948133375366,-0.42362783713844,7.0137464171876,0
1290,0.00064847459930048,-0.0079742232689889,-0.41234847160553,6.7603723796731,0
1289,0.00041290942863542,-0.008798381749369,-0.4010691060726,6.5069983421583,0
1288,0.00020546534955219,-0.0094222795197348,-0.38978974053967,6.2536243046437,0
1287,2.8514475897504e-05,-0.009856039644287,-0.37851037500675,6.0002502671293,0
1286,-0.00011705157480834,-0.010112084984621,-0.36723100947383,5.746876229615,0
1285,-0.000230649161902,-0.010210594601511,-0.3559516439409,5.4935021921006,0
87,-0.89018260794594,0.042428249479726,-0.34550197956092,0.37500001200028,0
289,-0.0039797953347199,-0.07443863530463,-0.34550197956092,0.87500002799969,0
86,-1.3593331011533,0.0092588432722818,-0.34550197956092,0.12500000400028,0
288,-0.21728970401455,-0.030851612096265,-0.34550197956092,0.62500001999969,0
1284,-0.00031291686849915,-0.010175691532335,-0.34467227840797,5.2401281545863,0
894,0.020672312143189,-0.070084049264424,-0.34446526116859,1.1288104973141,0
895,0.015389632836751,-0.051212602509477,-0.34239182438393,1.3864314279422,0
896,0.0098591965133398,-0.036994224498254,-0.34031838759927,1.6440523585701,0
897,0.0060119705832264,-0.027489814409828,-0.33824495081462,1.9016732891977,0
898,0.0035525164152896,-0.021168430011722,-0.33617151402996,2.1592942198253,0
899,0.0020331431719591,-0.016960296001852,-0.33409807724531,2.4169151504533,0
1283,-0.00036681535362936,-0.010026064385549,-0.33339291287505,4.9867541170717,0
900,0.0010990983096755,-0.014179139550291,-0.33202464046066,2.6745360810813,0
901,0.00051823312986175,-0.012363280317078,-0.32995120367599,2.93215701171,0
902,0.00015047342147765,-0.011201878082548,-0.32787776689133,3.1897779423393,0
903,-8.6175987569257e-05,-0.010489591268015,-0.32580433010666,3.4473988729685,0
904,-0.00023550968244779,-0.010074788967651,-0.32373089332199,3.7050198035977,0
1282,-0.00038906453325323,-0.0097690155281887,-0.32211354734211,4.7333800795572,0
905,-0.00032205480835108,-0.0098510243742243,-0.32165745653732,3.962640734227,0
906,-0.00036309854989371,-0.0097326147563248,-0.31958401975265,4.2202616648561,0
907,-0.00037918389244708,-0.0096537060120021,-0.31751058296798,4.4778825954853,0
1326,0.0058666206920384,0.00051470399111239,-0.19853809480257,10.602349027424,0
1325,0.012453242847936,0.0024187870372607,-0.194609732067,10.402289263789,0
1324,0.015032499776048,0.0048110028792013,-0.19068136933143,10.202229500155,0
1323,0.014383858727807,0.0072306892231806,-0.18675300659589,10.002169736522,0
1322,0.010759876759731,0.0087056256361996,-0.18282464386035,9.8021099728886,0
1321,0.0035563459076965,0.0072264839913177,-0.17897623313506,9.5746954153151,0
1320,0.0011353850388203,0.004874244471491,-0.17520777442002,9.319926063801,0
1319,0.00054707950593987,0.0033047244473535,-0.17143931570497,9.065156712287,0
1318,0.00035839452550209,0.0022523309490523,-0.16767085698993,8.8103873607727,0
1317,0.00026275151940491,0.0013539025933165,-0.16390239827487,8.5556180092579,0
1316,0.00020918165042904,0.00049453257731063,-0.16013393955983,8.3008486577433,0
1315,0.00017697048015614,-0.00033896468373504,-0.15636548084478,8.0460793062287,0
1314,0.00014788231390704,-0.0011224530828976,-0.15259702212973,7.7913099547143,0
1313,0.00011472875405694,-0.0018428570942807,-0.14882856341469,7.5365406032,0
1312,7.9808279759997e-05,-0.0024811431343351,-0.14506010469964,7.2817712516856,0
1311,4.6262898558186e-05,-0.0030217791378784,-0.14129164598461,7.0270019001725,0
1310,1.6592702654725e-05,-0.003456477440672,-0.13752318726959,6.7722325486596,0
1309,-7.7388851770166e-06,-0.0037841345373139,-0.13375472855457,6.5174631971463,0
1308,-2.6351934063468e-05,-0.0040135737784236,-0.12998626983954,6.2626938456334,0
1307,-3.9952009751565e-05,-0.0041513407671472,-0.12621781112452,6.0079244941206,0
1306,-4.8700493202824e-05,-0.004207542123066,-0.1224493524095,5.7531551426078,0
1305,-5.300536134552e-05,-0.004195196847871,-0.11868089369447,5.4983857910951,0
88,-1.3990791555429,0.011398066329651,-0.11516732652033,0.12500000400028,0
89,-0.91866415383864,0.043876772368902,-0.11516732652033,0.37500001200028,0
290,-0.1347203758119,-0.04732723260285,-0.11516732652033,0.62500001999966,0
291,0.016992457286981,-0.099827950722889,-0.11516732652033,0.87500002799966,0
1304,-5.3427009242874e-05,-0.00412812919055,-0.11491243497945,5.2436164395823,0
908,0.013204267410857,-0.072050478978214,-0.11482175372289,1.1288104973141,0
909,0.0065996723673158,-0.041660281282687,-0.114130608128,1.3864314279422,0
910,0.0035592698751192,-0.02494646856352,-0.11343946253311,1.6440523585701,0
911,0.0019267611937095,-0.016063203268534,-0.11274831693822,1.9016732891976,0
912,0.0010224137637841,-0.011023526836936,-0.11205717134334,2.1592942198253,0
913,0.00054193592198588,-0.0080572996279022,-0.11136602574845,2.4169151504533,0
1303,-5.1755636155418e-05,-0.0040161065433738,-0.11114397626442,4.9888470880694,0
914,0.00028913645658164,-0.0062842252035301,-0.11067488015357,2.6745360810813,0
915,0.00015333615634003,-0.0052134358738596,-0.10998373455868,2.9321570117101,0
916,7.7816668620827e-05,-0.0045658373104146,-0.10929258896378,3.1897779423394,0
917,3.2953388884788e-05,-0.0041821333843256,-0.10860144336889,3.4473988729685,0
918,4.8639611250014e-06,-0.0039700942460834,-0.107910297774,3.7050198035978,0
1302,-4.8287090188134e-05,-0.0038626574957315,-0.1073755175494,4.7340777365564,0
919,-1.1918458560293e-05,-0.0038631512470373,-0.10721915217911,3.962640734227,0
920,-2.0224119768194e-05,-0.0038137722000466,-0.10652800658422,4.2202616648561,0
921,-2.6373481353513e-05,-0.0037856613250269,-0.10583686098933,4.4778825954853,0
1422,0.0091689250393328,0.0019213717915885,0.12500000399984,9.8127790187811,0
1423,0.015909392079981,0.002778582325943,0.12500000399992,10.012913941184,0
1424,0.017444310575287,0.0021104177665815,0.125000004,10.213048863588,0
1425,0.014663707519427,0.00097096564623459,0.12500000400007,10.413183785993,0
1426,0.0070146315446175,5.0351957841466e-05,0.12500000400015,10.613318708398,0
91,-0.91224009038137,0.014230037243375,0.13392857571381,0.37500001200028,0
90,-1.4277061261183,0.004036988840108,0.1339285757139,0.12500000400028,0
1427,0.0076706548965982,0.00026487283647139,0.37500001199939,9.8128599683835,0
1428,0.015720749014631,0.0008397177458793,0.37500001199967,10.012976901986,0
1429,0.018190918291959,0.0006697469150128,0.37500001199995,10.21309383559,0
1430,0.015531457708346,0.00021093721855501,0.37500001200023,10.413210769194,0
1431,0.0074548498290402,-9.3566622826605e-05,0.37500001200051,10.613327702798,0
93,-0.91670859773046,0.0016274970689121,0.40178572714142,0.37500001200027,0
92,-1.4361467937605,0.00056170988729532,0.40178572714169,0.12500000400027,0
1432,0.0071813385068426,1.2257182155051e-05,0.62500001999882,9.812940917986,0
1433,0.015492468517772,0.00016914090907481,0.62500001999935,10.013039862788,0
1434,0.018335352856302,9.4345281452828e-05,0.62500001999989,10.213138807592,0
1435,0.015692454449174,-5.770840702552e-05,0.62500002000042,10.413237752395,0
1436,0.0074366428611497,-8.4465425507912e-05,0.62500002000096,10.613336697199,0
95,-0.91717848417154,0.00017628652053183,0.66964287856901,0.37500001200026,0
94,-1.4371009138476,3.56089921764e-05,0.66964287856944,0.12500000400026,0
1437,0.0071696315298092,-1.6966828167876e-05,0.87500002799833,9.8130218675885,0
1438,0.015498592322537,-2.3357799287801e-05,0.87500002799913,10.01310282359,0
1439,0.018377052288133,-7.9332470098602e-05,0.87500002799992,10.213183779593,0
1440,0.015655223249967,-0.00011411458359762,0.87500002800071,10.413264735597,0
1441,0.0073234897283565,-5.517701079403e-05,0.8750000280015,10.613345691599,0
97,-0.9171708432192,-3.7590165395892e-06,0.93750002999662,0.37500001200025,0
96,-1.4371521724063,-1.1060091370197e-05,0.93750002999722,0.12500000400025,0
1442,0.0072193064549939,-5.1051689169232e-06,1.1250000359984,9.8131028171909,0
1443,0.015581704504649,-3.9511199310964e-05,1.1250000359992,10.013165784392,0
1444,0.018430169748358,-0.00010075461115523,1.125000036,10.213228751595,0
1445,0.015599843523833,-0.00011494732485936,1.1250000360008,10.413291718798,0
1446,0.0072117508478003,-4.143585589861e-05,1.1250000360016,10.613354685999,0
99,-0.9171739063279,-4.8777136204557e-06,1.2053571814243,0.37500001200024,0
98,-1.4371378887615,-5.4417681480674e-06,1.2053571814251,0.12500000400024,0
1447,0.0071901956274873,4.6714216088532e-05,1.375000043999,9.8131837667934,0
1448,0.01566800120498,2.2961833331347e-05,1.3750000439995,10.013228745194,0
1449,0.018532964589843,-7.5468372259801e-05,1.3750000440001,10.213273723596,0
1450,0.015572677585899,-0.00013227058496973,1.3750000440006,10.413318701999,0
1451,0.0070730599712828,-7.0990254353003e-05,1.3750000440012,10.6133636804,0
101,-0.91717728329042,-1.9048355947519e-06,1.4732143328521,0.37500001200023,0
100,-1.4371313080754,-2.291025520656e-06,1.4732143328532,0.12500000400023,0
1452,0.0071614738461626,0.00016431942276933,1.6250000519995,9.8132647163959,0
1453,0.015745671144054,0.00011556991951929,1.6250000519998,10.013291705996,0
1454,0.018630097423297,-4.3034747741162e-05,1.6250000520001,10.213318695598,0
1455,0.015582649136347,-0.0001755168401759,1.6250000520004,10.4133456852,0
1456,0.0069838490845527,-0.0001757116772604,1.6250000520007,10.6133726748,0
103,-0.91717874393419,-1.4594290039702e-06,1.7410714842809,0.37500001200022,0
102,-1.4371272231929,-1.8493836650888e-06,1.7410714842815,0.12500000400022,0
1457,0.0076200906829256,-0.00085328083388809,1.8750000599999,9.8133456659984,0
1458,0.015560601819618,-0.00057854524627799,1.8750000599999,10.013354666798,0
1459,0.018111684731184,7.919326949408e-06,1.87500006,10.2133636676,0
1460,0.015377900048106,0.00058928573139753,1.8750000600001,10.413372668401,0
1461,0.0074192410173144,0.00083823744269107,1.8750000600002,10.613381669201,0
104,-1.437123393686,-2.1068831141926e-06,2.0089286357098,0.12500000400021,0
105,-0.91717997807434,-1.6685790867342e-06,2.0089286357104,0.37500001200021,0
106,-1.4371189649252,-2.5411593178809e-06,2.276785787138,0.1250000040002,0
107,-0.91718144808394,-2.01598714534e-06,2.2767857871399,0.3750000120002,0
108,-1.4371136172792,-3.0794417591279e-06,2.5446429385661,0.12500000400019,0
109,-0.91718323528435,-2.4438052575623e-06,2.5446429385694,0.37500001200019,0
110,-1.4371071362639,-3.7317382669036e-06,2.8125000899943,0.12500000400017,0
111,-0.91718540193774,-2.961604356402e-06,2.8125000899989,0.37500001200017,0
112,-1.4370992825444,-4.5218519689407e-06,3.0803572414224,0.12500000400016,0
113,-0.91718802736747,-3.5886387352205e-06,3.0803572414284,0.37500001200016,0
114,-1.4370897660732,-5.4791839648539e-06,3.3482143928505,0.12500000400015,0
115,-0.91719120861554,-4.3483259929652e-06,3.3482143928579,0.37500001200015,0
116,-1.4370782349308,-6.6392092483539e-06,3.6160715442787,0.12500000400014,0
117,-0.91719506334273,-5.2688225002085e-06,3.6160715442874,0.37500001200014,0
118,-1.4370642625843,-8.0448676472462e-06,3.8839286957068,0.12500000400013,0
119,-0.91719973413494,-6.384181493214e-06,3.8839286957169,0.37500001200013,0
120,-1.4370473321648,-9.7481907993756e-06,4.1517858471349,0.12500000400012,0
121,-0.91720539377512,-7.7356560959143e-06,4.1517858471464,0.37500001200012,0
122,-1.437026817342,-1.1812239635628e-05,4.4196429985631,0.12500000400011,0
123,-0.9172122516375,-9.3732327878904e-06,4.4196429985759,0.37500001200011,0
124,-1.4370019591315,-1.4313447316806e-05,4.6875001499912,0.1250000040001,0
125,-0.91722056144045,-1.1357481467697e-05,4.6875001500054,0.3750000120001,0
126,-1.4369718377822,-1.7344460786498e-05,4.9553573014194,0.12500000400009,0
127,-0.91723063064413,-1.3761796685733e-05,4.9553573014349,0.37500001200009,0
128,-1.4369353386976,-2.1017588808731e-05,5.2232144528475,0.12500000400008,0
129,-0.91724283184237,-1.6675113693173e-05,5.2232144528644,0.37500001200008,0
130,-1.4368911111207,-2.5468987406515e-05,5.4910716042756,0.12500000400007,0
131,-0.91725761657327,-2.0205200172694e-05,5.4910716042939,0.37500001200007,0
132,-1.4368375180411,-3.0863742116638e-05,5.7589287557038,0.12500000400006,0
133,-0.9172755320639,-2.4482645635515e-05,5.7589287557234,0.37500001200006,0
134,-1.4367725754517,-3.7402042117312e-05,6.0267859071319,0.12500000400005,0
135,-0.91729724153528,-2.9665696745533e-05,6.0267859071529,0.37500001200005,0
136,-1.436693878676,-4.5326684716947e-05,6.29464305856,0.12500000400004,0
137,-0.91732354882881,-3.594611818885e-05,6.2946430585824,0.37500001200004,0
138,-1.436598513,-5.4932202745366e-05,6.5625002099882,0.12500000400003,0
139,-0.91735542827855,-4.3556297432434e-05,6.5625002100119,0.37500001200003,0
140,-1.4364829452343,-6.6575974629205e-05,6.8303573614163,0.12500000400002,0
141,-0.91739406095768,-5.2777858244844e-05,6.8303573614414,0.37500001200002,0
142,-1.4363428921034,-8.0691759666366e-05,7.0982145128445,0.12500000400001,0
143,-0.91744087866968,-6.3952104584722e-05,7.0982145128709,0.37500001200001,0
144,-1.43617316045,-9.7806206889375e-05,7.3660716642727,0.125000004,0
145,-0.91749761735879,-7.7492686728791e-05,7.3660716643004,0.375000012,0
146,-1.4359674531392,-0.00011855901608849,7.6339288157015,0.12500000399999,0
147,-0.91756638198378,-9.3900965286219e-05,7.6339288157292,0.37500001199999,0
148,-1.4357181331746,-0.00014372759744742,7.9017859671309,0.12500000399998,0
149,-0.91764972535607,-0.00011378465623232,7.9017859671574,0.37500001199998,0
150,-1.4354159368544,-0.00017425728741608,8.1696431185603,0.12500000399997,0
151,-0.91775074400404,-0.00013788046521623,8.1696431185856,0.37500001199997,0
152,-1.4350496246922,-0.0002112984502268,8.4375002699898,0.12500000399996,0
153,-0.91787319483234,-0.00016708158350951,8.4375002700138,0.37500001199996,0
154,-1.4346055562139,-0.00025625214390597,8.7053574214193,0.12500000399995,0
155,-0.91802163720985,-0.00020247112121315,8.7053574214419,0.37500001199995,0
156,-1.4340671714622,-0.00031082648092356,8.9732145728487,0.12500000399994,0
157,-0.91820160622123,-0.00024536280680059,8.9732145728701,0.37500001199994,0
158,-1.4334143579023,-0.00037710640075462,9.2410717242782,0.12500000399993,0
159,-0.91841982419366,-0.00029735062430101,9.2410717242983,0.37500001199993,0
160,-1.4326226761573,-0.00045764033572599,9.5089288757077,0.12500000399992,0
161,-0.91868445935847,-0.000360369505263,9.5089288757265,0.37500001199992,0
162,-1.4316624112633,-0.0005555482463113,9.7767860271371,0.12500000399991,0
163,-0.91900544271961,-0.00043676980635574,9.7767860271546,0.37500001199991,0
164,-1.4304974074361,-0.00067465677785544,10.044643178567,0.1250000039999,0
165,-0.91939485708574,-0.0005294091586724,10.044643178583,0.3750000119999,0
166,-1.4290836330088,-0.00081966892041734,10.312500329996,0.12500000399989,0
167,-0.9198674161183,-0.00064176653247933,10.312500330011,0.37500001199989,0
168,-1.4273674072429,-0.00099637772541681,10.580357481426,0.12500000399988,0
169,-0.92044105652403,-0.00077808552697225,10.580357481439,0.37500001199988,0
170,-1.4252832009417,-0.001211936411154,10.848214632855,0.12500000399987,0
171,-0.9211376729554,-0.00094355742051973,10.848214632867,0.37500001199987,0
172,-1.4227508958788,-0.0014751994252286,11.116071784284,0.12500000399986,0
173,-0.92198403199195,-0.0011445583053057,11.116071784295,0.37500001199986,0
174,-1.4196723463661,-0.0017971492299581,11.383928935714,0.12500000399985,0
175,-0.92301291135117,-0.0013889582192523,11.383928935724,0.37500001199985,0
176,-1.4159270220671,-0.0021914303139627,11.651786087143,0.12500000399984,0
177,-0.92426453499076,-0.0016865416598401,11.651786087152,0.37500001199984,0
178,-1.4113664661797,-0.0026750418845291,11.919643238573,0.12500000399983,0
179,-0.92578842105226,-0.0020496511431149,11.91964323858,0.37500001199983,0
180,-1.4058073661086,-0.0032692183281321,12.187500390002,0.12500000399982,0
181,-0.92764578891567,-0.0024941795278441,12.187500390008,0.37500001199982,0
182,-1.3990228388917,-0.0040002175903282,12.455357541432,0.12500000399981,0
183,-0.92991264325997,-0.0030406621967284,12.455357541436,0.37500001199981,0
184,-1.3907297435749,-0.0048996018555513,12.723214692861,0.12500000399979,0
185,-0.93268369940802,-0.0037152411649484,12.723214692864,0.37500001199979,0
186,-1.380568202103,-0.0060060196186598,12.991071844291,0.12500000399978,0
187,-0.93607730772582,-0.0045542243401472,12.991071844293,0.37500001199978,0
188,-1.3680813617994,-0.0073728725852856,13.25892899572,0.12500000399977,0
189,-0.94024017549948,-0.0056193175791155,13.258928995721,0.37500001199977,0
191,-0.94535173023384,-0.0069984713322536,13.526786147149,0.37500001199976,0
190,-1.3527256515131,-0.0090641009617874,13.526786147149,0.12500000399976,0
193,-0.95165311206431,-0.0087137845257851,13.794643298576,0.37500001199975,0
192,-1.3338590032358,-0.01107670783451,13.794643298576,0.12500000399975,0
195,-0.95954939084098,-0.010692215263407,14.062500450004,0.37500001199974,0
194,-1.3104107891485,-0.013283266631645,14.062500450004,0.12500000399974,0
197,-0.96957822287328,-0.013531643659718,14.330357601431,0.37500001199973,0
196,-1.2805020301564,-0.015957179484276,14.330357601431,0.12500000399973,0
199,-0.98143015846294,-0.018966302650803,14.598214752859,0.37500001199972,0
198,-1.2438789951356,-0.020204330336477,14.598214752859,0.12500000399972,0
201,-0.99277632630454,-0.022461877620123,14.866071904286,0.37500001199971,0
200,-1.2073747567642,-0.021905441259251,14.866071904286,0.12500000399971,0
